EPISODE:  0
{'n_steps': 5, 'ent_coef': 0.005, 'learning_rate': 0.0002}
Using cpu device
EPISODE:  1
----------------------------------------
| time/                 |              |
|    fps                | 226          |
|    iterations         | 100          |
|    time_elapsed       | 2            |
|    total_timesteps    | 500          |
| train/                |              |
|    entropy_loss       | -2.87        |
|    explained_variance | -0.00863     |
|    learning_rate      | 0.0002       |
|    n_updates          | 99           |
|    policy_loss        | -0.145       |
|    reward             | -0.010558802 |
|    std                | 1.02         |
|    value_loss         | 0.00217      |
----------------------------------------
EPISODE:  2
---------------------------------------
| time/                 |             |
|    fps                | 243         |
|    iterations         | 200         |
|    time_elapsed       | 4           |
|    total_timesteps    | 1000        |
| train/                |             |
|    entropy_loss       | -2.88       |
|    explained_variance | 0.765       |
|    learning_rate      | 0.0002      |
|    n_updates          | 199         |
|    policy_loss        | -0.0545     |
|    reward             | 0.011032727 |
|    std                | 1.02        |
|    value_loss         | 0.000861    |
---------------------------------------
----------------------------------------
| time/                 |              |
|    fps                | 236          |
|    iterations         | 300          |
|    time_elapsed       | 6            |
|    total_timesteps    | 1500         |
| train/                |              |
|    entropy_loss       | -2.9         |
|    explained_variance | -0.00467     |
|    learning_rate      | 0.0002       |
|    n_updates          | 299          |
|    policy_loss        | 0.0329       |
|    reward             | -0.006658222 |
|    std                | 1.03         |
|    value_loss         | 0.000215     |
----------------------------------------
EPISODE:  3
---------------------------------------
| time/                 |             |
|    fps                | 248         |
|    iterations         | 400         |
|    time_elapsed       | 8           |
|    total_timesteps    | 2000        |
| train/                |             |
|    entropy_loss       | -2.92       |
|    explained_variance | 0.653       |
|    learning_rate      | 0.0002      |
|    n_updates          | 399         |
|    policy_loss        | 0.0185      |
|    reward             | 0.012324929 |
|    std                | 1.04        |
|    value_loss         | 0.000129    |
---------------------------------------
---------------------------------------
| time/                 |             |
|    fps                | 246         |
|    iterations         | 500         |
|    time_elapsed       | 10          |
|    total_timesteps    | 2500        |
| train/                |             |
|    entropy_loss       | -2.93       |
|    explained_variance | 0.00191     |
|    learning_rate      | 0.0002      |
|    n_updates          | 499         |
|    policy_loss        | 0.101       |
|    reward             | -0.01468709 |
|    std                | 1.05        |
|    value_loss         | 0.000812    |
---------------------------------------
EPISODE:  4
----------------------------------------
| time/                 |              |
|    fps                | 235          |
|    iterations         | 600          |
|    time_elapsed       | 12           |
|    total_timesteps    | 3000         |
| train/                |              |
|    entropy_loss       | -2.95        |
|    explained_variance | -3.46e-06    |
|    learning_rate      | 0.0002       |
|    n_updates          | 599          |
|    policy_loss        | 0.024        |
|    reward             | 0.0073703793 |
|    std                | 1.06         |
|    value_loss         | 9.72e-05     |
----------------------------------------
-----------------------------------------
| time/                 |               |
|    fps                | 234           |
|    iterations         | 700           |
|    time_elapsed       | 14            |
|    total_timesteps    | 3500          |
| train/                |               |
|    entropy_loss       | -2.96         |
|    explained_variance | -2.26e-06     |
|    learning_rate      | 0.0002        |
|    n_updates          | 699           |
|    policy_loss        | 0.0245        |
|    reward             | -0.0010713692 |
|    std                | 1.06          |
|    value_loss         | 0.0001        |
-----------------------------------------
EPISODE:  5
----------------------------------------
| time/                 |              |
|    fps                | 238          |
|    iterations         | 800          |
|    time_elapsed       | 16           |
|    total_timesteps    | 4000         |
| train/                |              |
|    entropy_loss       | -2.97        |
|    explained_variance | -3.27e-05    |
|    learning_rate      | 0.0002       |
|    n_updates          | 799          |
|    policy_loss        | -0.0688      |
|    reward             | -0.014312281 |
|    std                | 1.07         |
|    value_loss         | 0.000756     |
----------------------------------------
---------------------------------------
| time/                 |             |
|    fps                | 236         |
|    iterations         | 900         |
|    time_elapsed       | 19          |
|    total_timesteps    | 4500        |
| train/                |             |
|    entropy_loss       | -2.99       |
|    explained_variance | -2.94e-05   |
|    learning_rate      | 0.0002      |
|    n_updates          | 899         |
|    policy_loss        | -0.0551     |
|    reward             | 0.015150484 |
|    std                | 1.08        |
|    value_loss         | 0.000422    |
---------------------------------------
EPISODE:  6
----------------------------------------
| time/                 |              |
|    fps                | 232          |
|    iterations         | 1000         |
|    time_elapsed       | 21           |
|    total_timesteps    | 5000         |
| train/                |              |
|    entropy_loss       | -3           |
|    explained_variance | 0.864        |
|    learning_rate      | 0.0002       |
|    n_updates          | 999          |
|    policy_loss        | -0.0391      |
|    reward             | 0.0002863623 |
|    std                | 1.09         |
|    value_loss         | 0.000252     |
----------------------------------------
-----------------------------------------
| time/                 |               |
|    fps                | 234           |
|    iterations         | 1100          |
|    time_elapsed       | 23            |
|    total_timesteps    | 5500          |
| train/                |               |
|    entropy_loss       | -3.02         |
|    explained_variance | 0.0155        |
|    learning_rate      | 0.0002        |
|    n_updates          | 1099          |
|    policy_loss        | -0.0681       |
|    reward             | -0.0050641634 |
|    std                | 1.1           |
|    value_loss         | 0.00105       |
-----------------------------------------
EPISODE:  7
---------------------------------------
| time/                 |             |
|    fps                | 235         |
|    iterations         | 1200        |
|    time_elapsed       | 25          |
|    total_timesteps    | 6000        |
| train/                |             |
|    entropy_loss       | -3.04       |
|    explained_variance | 0           |
|    learning_rate      | 0.0002      |
|    n_updates          | 1199        |
|    policy_loss        | 0.037       |
|    reward             | 0.014299878 |
|    std                | 1.1         |
|    value_loss         | 0.000263    |
---------------------------------------
---------------------------------------
| time/                 |             |
|    fps                | 236         |
|    iterations         | 1300        |
|    time_elapsed       | 27          |
|    total_timesteps    | 6500        |
| train/                |             |
|    entropy_loss       | -3.05       |
|    explained_variance | 1.19e-07    |
|    learning_rate      | 0.0002      |
|    n_updates          | 1299        |
|    policy_loss        | 0.00113     |
|    reward             | 0.011658594 |
|    std                | 1.11        |
|    value_loss         | 1.64e-05    |
---------------------------------------
EPISODE:  8
----------------------------------------
| time/                 |              |
|    fps                | 238          |
|    iterations         | 1400         |
|    time_elapsed       | 29           |
|    total_timesteps    | 7000         |
| train/                |              |
|    entropy_loss       | -3.06        |
|    explained_variance | 0.715        |
|    learning_rate      | 0.0002       |
|    n_updates          | 1399         |
|    policy_loss        | 0.0208       |
|    reward             | 0.0067086923 |
|    std                | 1.12         |
|    value_loss         | 9.89e-05     |
----------------------------------------
---------------------------------------
| time/                 |             |
|    fps                | 238         |
|    iterations         | 1500        |
|    time_elapsed       | 31          |
|    total_timesteps    | 7500        |
| train/                |             |
|    entropy_loss       | -3.08       |
|    explained_variance | 1.07e-06    |
|    learning_rate      | 0.0002      |
|    n_updates          | 1499        |
|    policy_loss        | 0.0301      |
|    reward             | 0.011676066 |
|    std                | 1.13        |
|    value_loss         | 0.00017     |
---------------------------------------
EPISODE:  9
----------------------------------------
| time/                 |              |
|    fps                | 239          |
|    iterations         | 1600         |
|    time_elapsed       | 33           |
|    total_timesteps    | 8000         |
| train/                |              |
|    entropy_loss       | -3.09        |
|    explained_variance | -1.65e-05    |
|    learning_rate      | 0.0002       |
|    n_updates          | 1599         |
|    policy_loss        | -0.0109      |
|    reward             | -0.012851798 |
|    std                | 1.14         |
|    value_loss         | 3.02e-05     |
----------------------------------------
----------------------------------------
| time/                 |              |
|    fps                | 239          |
|    iterations         | 1700         |
|    time_elapsed       | 35           |
|    total_timesteps    | 8500         |
| train/                |              |
|    entropy_loss       | -3.11        |
|    explained_variance | -6.95        |
|    learning_rate      | 0.0002       |
|    n_updates          | 1699         |
|    policy_loss        | -0.0263      |
|    reward             | -0.008340152 |
|    std                | 1.15         |
|    value_loss         | 0.000292     |
----------------------------------------
EPISODE:  10
----------------------------------------
| time/                 |              |
|    fps                | 239          |
|    iterations         | 1800         |
|    time_elapsed       | 37           |
|    total_timesteps    | 9000         |
| train/                |              |
|    entropy_loss       | -3.12        |
|    explained_variance | -0.353       |
|    learning_rate      | 0.0002       |
|    n_updates          | 1799         |
|    policy_loss        | -0.0424      |
|    reward             | -0.010742132 |
|    std                | 1.15         |
|    value_loss         | 0.000163     |
----------------------------------------
----------------------------------------
| time/                 |              |
|    fps                | 240          |
|    iterations         | 1900         |
|    time_elapsed       | 39           |
|    total_timesteps    | 9500         |
| train/                |              |
|    entropy_loss       | -3.14        |
|    explained_variance | -0.00404     |
|    learning_rate      | 0.0002       |
|    n_updates          | 1899         |
|    policy_loss        | -0.0995      |
|    reward             | -0.013944521 |
|    std                | 1.16         |
|    value_loss         | 0.00118      |
----------------------------------------
EPISODE:  11
---------------------------------------
| time/                 |             |
|    fps                | 239         |
|    iterations         | 2000        |
|    time_elapsed       | 41          |
|    total_timesteps    | 10000       |
| train/                |             |
|    entropy_loss       | -3.15       |
|    explained_variance | -3.58e-06   |
|    learning_rate      | 0.0002      |
|    n_updates          | 1999        |
|    policy_loss        | -0.0102     |
|    reward             | 0.006434693 |
|    std                | 1.17        |
|    value_loss         | 2.6e-05     |
---------------------------------------
-----------------------------------------
| time/                 |               |
|    fps                | 237           |
|    iterations         | 2100          |
|    time_elapsed       | 44            |
|    total_timesteps    | 10500         |
| train/                |               |
|    entropy_loss       | -3.17         |
|    explained_variance | 0.000131      |
|    learning_rate      | 0.0002        |
|    n_updates          | 2099          |
|    policy_loss        | -0.0732       |
|    reward             | -0.0012191794 |
|    std                | 1.18          |
|    value_loss         | 0.000929      |
-----------------------------------------
EPISODE:  12
---------------------------------------
| time/                 |             |
|    fps                | 236         |
|    iterations         | 2200        |
|    time_elapsed       | 46          |
|    total_timesteps    | 11000       |
| train/                |             |
|    entropy_loss       | -3.18       |
|    explained_variance | 5.96e-08    |
|    learning_rate      | 0.0002      |
|    n_updates          | 2199        |
|    policy_loss        | 0.0849      |
|    reward             | 0.014736046 |
|    std                | 1.19        |
|    value_loss         | 0.000821    |
---------------------------------------
---------------------------------------
| time/                 |             |
|    fps                | 232         |
|    iterations         | 2300        |
|    time_elapsed       | 49          |
|    total_timesteps    | 11500       |
| train/                |             |
|    entropy_loss       | -3.2        |
|    explained_variance | 0           |
|    learning_rate      | 0.0002      |
|    n_updates          | 2299        |
|    policy_loss        | 0.0155      |
|    reward             | 0.014559105 |
|    std                | 1.2         |
|    value_loss         | 3.93e-05    |
---------------------------------------
EPISODE:  13
-----------------------------------------
| time/                 |               |
|    fps                | 231           |
|    iterations         | 2400          |
|    time_elapsed       | 51            |
|    total_timesteps    | 12000         |
| train/                |               |
|    entropy_loss       | -3.21         |
|    explained_variance | -3.09         |
|    learning_rate      | 0.0002        |
|    n_updates          | 2399          |
|    policy_loss        | -0.0731       |
|    reward             | -0.0007696414 |
|    std                | 1.21          |
|    value_loss         | 0.000896      |
-----------------------------------------
----------------------------------------
| time/                 |              |
|    fps                | 229          |
|    iterations         | 2500         |
|    time_elapsed       | 54           |
|    total_timesteps    | 12500        |
| train/                |              |
|    entropy_loss       | -3.23        |
|    explained_variance | -0.664       |
|    learning_rate      | 0.0002       |
|    n_updates          | 2499         |
|    policy_loss        | -0.131       |
|    reward             | 0.0056839166 |
|    std                | 1.22         |
|    value_loss         | 0.00163      |
----------------------------------------
EPISODE:  14
--------------------------------------
| time/                 |            |
|    fps                | 228        |
|    iterations         | 2600       |
|    time_elapsed       | 56         |
|    total_timesteps    | 13000      |
| train/                |            |
|    entropy_loss       | -3.24      |
|    explained_variance | 0.000219   |
|    learning_rate      | 0.0002     |
|    n_updates          | 2599       |
|    policy_loss        | -0.029     |
|    reward             | 0.01513193 |
|    std                | 1.23       |
|    value_loss         | 0.000106   |
--------------------------------------
----------------------------------------
| time/                 |              |
|    fps                | 226          |
|    iterations         | 2700         |
|    time_elapsed       | 59           |
|    total_timesteps    | 13500        |
| train/                |              |
|    entropy_loss       | -3.25        |
|    explained_variance | -7.67e-05    |
|    learning_rate      | 0.0002       |
|    n_updates          | 2699         |
|    policy_loss        | -0.00815     |
|    reward             | -0.013402906 |
|    std                | 1.23         |
|    value_loss         | 1.81e-05     |
----------------------------------------
EPISODE:  15
-----------------------------------------
| time/                 |               |
|    fps                | 224           |
|    iterations         | 2800          |
|    time_elapsed       | 62            |
|    total_timesteps    | 14000         |
| train/                |               |
|    entropy_loss       | -3.27         |
|    explained_variance | 0.646         |
|    learning_rate      | 0.0002        |
|    n_updates          | 2799          |
|    policy_loss        | 0.0407        |
|    reward             | -0.0052992087 |
|    std                | 1.24          |
|    value_loss         | 0.000257      |
-----------------------------------------
-----------------------------------------
| time/                 |               |
|    fps                | 216           |
|    iterations         | 2900          |
|    time_elapsed       | 67            |
|    total_timesteps    | 14500         |
| train/                |               |
|    entropy_loss       | -3.28         |
|    explained_variance | 0.824         |
|    learning_rate      | 0.0002        |
|    n_updates          | 2899          |
|    policy_loss        | 0.0459        |
|    reward             | -0.0100348005 |
|    std                | 1.25          |
|    value_loss         | 0.00021       |
-----------------------------------------
EPISODE:  16
----------------------------------------
| time/                 |              |
|    fps                | 215          |
|    iterations         | 3000         |
|    time_elapsed       | 69           |
|    total_timesteps    | 15000        |
| train/                |              |
|    entropy_loss       | -3.29        |
|    explained_variance | -1.19e-07    |
|    learning_rate      | 0.0002       |
|    n_updates          | 2999         |
|    policy_loss        | -0.00543     |
|    reward             | -0.011497315 |
|    std                | 1.25         |
|    value_loss         | 5.78e-06     |
----------------------------------------
----------------------------------------
| time/                 |              |
|    fps                | 215          |
|    iterations         | 3100         |
|    time_elapsed       | 72           |
|    total_timesteps    | 15500        |
| train/                |              |
|    entropy_loss       | -3.3         |
|    explained_variance | -1.19e-07    |
|    learning_rate      | 0.0002       |
|    n_updates          | 3099         |
|    policy_loss        | -0.0218      |
|    reward             | 0.0072704633 |
|    std                | 1.26         |
|    value_loss         | 8.5e-05      |
----------------------------------------
EPISODE:  17
---------------------------------------
| time/                 |             |
|    fps                | 214         |
|    iterations         | 3200        |
|    time_elapsed       | 74          |
|    total_timesteps    | 16000       |
| train/                |             |
|    entropy_loss       | -3.32       |
|    explained_variance | 1.01e-06    |
|    learning_rate      | 0.0002      |
|    n_updates          | 3199        |
|    policy_loss        | 0.022       |
|    reward             | 0.011854298 |
|    std                | 1.27        |
|    value_loss         | 0.000369    |
---------------------------------------
----------------------------------------
| time/                 |              |
|    fps                | 214          |
|    iterations         | 3300         |
|    time_elapsed       | 77           |
|    total_timesteps    | 16500        |
| train/                |              |
|    entropy_loss       | -3.33        |
|    explained_variance | 0            |
|    learning_rate      | 0.0002       |
|    n_updates          | 3299         |
|    policy_loss        | 0.101        |
|    reward             | -0.014524048 |
|    std                | 1.28         |
|    value_loss         | 0.00105      |
----------------------------------------
EPISODE:  18
---------------------------------------
| time/                 |             |
|    fps                | 213         |
|    iterations         | 3400        |
|    time_elapsed       | 79          |
|    total_timesteps    | 17000       |
| train/                |             |
|    entropy_loss       | -3.34       |
|    explained_variance | 0.794       |
|    learning_rate      | 0.0002      |
|    n_updates          | 3399        |
|    policy_loss        | 0.00873     |
|    reward             | 0.008088166 |
|    std                | 1.29        |
|    value_loss         | 4.36e-05    |
---------------------------------------
-----------------------------------------
| time/                 |               |
|    fps                | 212           |
|    iterations         | 3500          |
|    time_elapsed       | 82            |
|    total_timesteps    | 17500         |
| train/                |               |
|    entropy_loss       | -3.36         |
|    explained_variance | 0.0466        |
|    learning_rate      | 0.0002        |
|    n_updates          | 3499          |
|    policy_loss        | -0.0274       |
|    reward             | -0.0019076957 |
|    std                | 1.3           |
|    value_loss         | 0.000231      |
-----------------------------------------
EPISODE:  19
---------------------------------------
| time/                 |             |
|    fps                | 211         |
|    iterations         | 3600        |
|    time_elapsed       | 85          |
|    total_timesteps    | 18000       |
| train/                |             |
|    entropy_loss       | -3.37       |
|    explained_variance | -0.449      |
|    learning_rate      | 0.0002      |
|    n_updates          | 3599        |
|    policy_loss        | 0.0889      |
|    reward             | 0.014047668 |
|    std                | 1.3         |
|    value_loss         | 0.000479    |
---------------------------------------
---------------------------------------
| time/                 |             |
|    fps                | 210         |
|    iterations         | 3700        |
|    time_elapsed       | 87          |
|    total_timesteps    | 18500       |
| train/                |             |
|    entropy_loss       | -3.38       |
|    explained_variance | 0.012       |
|    learning_rate      | 0.0002      |
|    n_updates          | 3699        |
|    policy_loss        | -0.076      |
|    reward             | 0.015175003 |
|    std                | 1.31        |
|    value_loss         | 0.000512    |
---------------------------------------
EPISODE:  20
------------------------------------------
| time/                 |                |
|    fps                | 210            |
|    iterations         | 3800           |
|    time_elapsed       | 90             |
|    total_timesteps    | 19000          |
| train/                |                |
|    entropy_loss       | -3.38          |
|    explained_variance | 0              |
|    learning_rate      | 0.0002         |
|    n_updates          | 3799           |
|    policy_loss        | -0.138         |
|    reward             | -0.00097274664 |
|    std                | 1.31           |
|    value_loss         | 0.00144        |
------------------------------------------
-----------------------------------------
| time/                 |               |
|    fps                | 210           |
|    iterations         | 3900          |
|    time_elapsed       | 92            |
|    total_timesteps    | 19500         |
| train/                |               |
|    entropy_loss       | -3.4          |
|    explained_variance | 0             |
|    learning_rate      | 0.0002        |
|    n_updates          | 3899          |
|    policy_loss        | -0.0785       |
|    reward             | -0.0044047465 |
|    std                | 1.32          |
|    value_loss         | 0.000572      |
-----------------------------------------
EPISODE:  21
---------------------------------------
| time/                 |             |
|    fps                | 210         |
|    iterations         | 4000        |
|    time_elapsed       | 95          |
|    total_timesteps    | 20000       |
| train/                |             |
|    entropy_loss       | -3.42       |
|    explained_variance | 0           |
|    learning_rate      | 0.0002      |
|    n_updates          | 3999        |
|    policy_loss        | 0.0113      |
|    reward             | 0.014496665 |
|    std                | 1.33        |
|    value_loss         | 7.74e-05    |
---------------------------------------
---------------------------------------
| time/                 |             |
|    fps                | 208         |
|    iterations         | 4100        |
|    time_elapsed       | 98          |
|    total_timesteps    | 20500       |
| train/                |             |
|    entropy_loss       | -3.43       |
|    explained_variance | -1.19e-07   |
|    learning_rate      | 0.0002      |
|    n_updates          | 4099        |
|    policy_loss        | 0.0138      |
|    reward             | 0.012089991 |
|    std                | 1.34        |
|    value_loss         | 2.37e-05    |
---------------------------------------
EPISODE:  22
----------------------------------------
| time/                 |              |
|    fps                | 208          |
|    iterations         | 4200         |
|    time_elapsed       | 100          |
|    total_timesteps    | 21000        |
| train/                |              |
|    entropy_loss       | -3.44        |
|    explained_variance | 1.84e-05     |
|    learning_rate      | 0.0002       |
|    n_updates          | 4199         |
|    policy_loss        | 0.118        |
|    reward             | 0.0059587792 |
|    std                | 1.35         |
|    value_loss         | 0.00167      |
----------------------------------------
---------------------------------------
| time/                 |             |
|    fps                | 206         |
|    iterations         | 4300        |
|    time_elapsed       | 104         |
|    total_timesteps    | 21500       |
| train/                |             |
|    entropy_loss       | -3.46       |
|    explained_variance | 0           |
|    learning_rate      | 0.0002      |
|    n_updates          | 4299        |
|    policy_loss        | 0.0298      |
|    reward             | 0.011156375 |
|    std                | 1.36        |
|    value_loss         | 0.000204    |
---------------------------------------
EPISODE:  23
---------------------------------------
| time/                 |             |
|    fps                | 204         |
|    iterations         | 4400        |
|    time_elapsed       | 107         |
|    total_timesteps    | 22000       |
| train/                |             |
|    entropy_loss       | -3.47       |
|    explained_variance | -0.0394     |
|    learning_rate      | 0.0002      |
|    n_updates          | 4399        |
|    policy_loss        | -0.0257     |
|    reward             | 0.013264141 |
|    std                | 1.37        |
|    value_loss         | 9.3e-05     |
---------------------------------------
----------------------------------------
| time/                 |              |
|    fps                | 205          |
|    iterations         | 4500         |
|    time_elapsed       | 109          |
|    total_timesteps    | 22500        |
| train/                |              |
|    entropy_loss       | -3.48        |
|    explained_variance | -0.00203     |
|    learning_rate      | 0.0002       |
|    n_updates          | 4499         |
|    policy_loss        | -0.0321      |
|    reward             | -0.009022154 |
|    std                | 1.38         |
|    value_loss         | 0.000101     |
----------------------------------------
EPISODE:  24
----------------------------------------
| time/                 |              |
|    fps                | 205          |
|    iterations         | 4600         |
|    time_elapsed       | 111          |
|    total_timesteps    | 23000        |
| train/                |              |
|    entropy_loss       | -3.49        |
|    explained_variance | -1.31e-06    |
|    learning_rate      | 0.0002       |
|    n_updates          | 4599         |
|    policy_loss        | 0.0914       |
|    reward             | -0.010225693 |
|    std                | 1.38         |
|    value_loss         | 0.000833     |
----------------------------------------
----------------------------------------
| time/                 |              |
|    fps                | 206          |
|    iterations         | 4700         |
|    time_elapsed       | 113          |
|    total_timesteps    | 23500        |
| train/                |              |
|    entropy_loss       | -3.5         |
|    explained_variance | -0.000137    |
|    learning_rate      | 0.0002       |
|    n_updates          | 4699         |
|    policy_loss        | 0.0162       |
|    reward             | -0.013636298 |
|    std                | 1.39         |
|    value_loss         | 8.93e-05     |
----------------------------------------
EPISODE:  25
---------------------------------------
| time/                 |             |
|    fps                | 206         |
|    iterations         | 4800        |
|    time_elapsed       | 115         |
|    total_timesteps    | 24000       |
| train/                |             |
|    entropy_loss       | -3.51       |
|    explained_variance | 0           |
|    learning_rate      | 0.0002      |
|    n_updates          | 4799        |
|    policy_loss        | -0.0842     |
|    reward             | 0.007051806 |
|    std                | 1.4         |
|    value_loss         | 0.00101     |
---------------------------------------
----------------------------------------
| time/                 |              |
|    fps                | 207          |
|    iterations         | 4900         |
|    time_elapsed       | 118          |
|    total_timesteps    | 24500        |
| train/                |              |
|    entropy_loss       | -3.52        |
|    explained_variance | 0            |
|    learning_rate      | 0.0002       |
|    n_updates          | 4899         |
|    policy_loss        | 0.112        |
|    reward             | 0.0019021641 |
|    std                | 1.41         |
|    value_loss         | 0.00126      |
----------------------------------------
EPISODE:  26
---------------------------------------
| time/                 |             |
|    fps                | 208         |
|    iterations         | 5000        |
|    time_elapsed       | 120         |
|    total_timesteps    | 25000       |
| train/                |             |
|    entropy_loss       | -3.53       |
|    explained_variance | 0           |
|    learning_rate      | 0.0002      |
|    n_updates          | 4999        |
|    policy_loss        | -0.0996     |
|    reward             | 0.014587274 |
|    std                | 1.42        |
|    value_loss         | 0.000938    |
---------------------------------------
----------------------------------------
| time/                 |              |
|    fps                | 209          |
|    iterations         | 5100         |
|    time_elapsed       | 121          |
|    total_timesteps    | 25500        |
| train/                |              |
|    entropy_loss       | -3.55        |
|    explained_variance | -1.19e-07    |
|    learning_rate      | 0.0002       |
|    n_updates          | 5099         |
|    policy_loss        | 0.0364       |
|    reward             | -0.014708961 |
|    std                | 1.43         |
|    value_loss         | 9.49e-05     |
----------------------------------------
EPISODE:  27
-----------------------------------------
| time/                 |               |
|    fps                | 209           |
|    iterations         | 5200          |
|    time_elapsed       | 123           |
|    total_timesteps    | 26000         |
| train/                |               |
|    entropy_loss       | -3.56         |
|    explained_variance | 0.536         |
|    learning_rate      | 0.0002        |
|    n_updates          | 5199          |
|    policy_loss        | 0.00841       |
|    reward             | -0.0016073488 |
|    std                | 1.43          |
|    value_loss         | 0.000151      |
-----------------------------------------
-----------------------------------------
| time/                 |               |
|    fps                | 210           |
|    iterations         | 5300          |
|    time_elapsed       | 125           |
|    total_timesteps    | 26500         |
| train/                |               |
|    entropy_loss       | -3.58         |
|    explained_variance | 0             |
|    learning_rate      | 0.0002        |
|    n_updates          | 5299          |
|    policy_loss        | 0.0175        |
|    reward             | -0.0049070027 |
|    std                | 1.45          |
|    value_loss         | 0.000136      |
-----------------------------------------
EPISODE:  28
---------------------------------------
| time/                 |             |
|    fps                | 211         |
|    iterations         | 5400        |
|    time_elapsed       | 127         |
|    total_timesteps    | 27000       |
| train/                |             |
|    entropy_loss       | -3.59       |
|    explained_variance | 0.0598      |
|    learning_rate      | 0.0002      |
|    n_updates          | 5399        |
|    policy_loss        | -0.0354     |
|    reward             | 0.015170746 |
|    std                | 1.45        |
|    value_loss         | 0.000117    |
---------------------------------------
---------------------------------------
| time/                 |             |
|    fps                | 211         |
|    iterations         | 5500        |
|    time_elapsed       | 130         |
|    total_timesteps    | 27500       |
| train/                |             |
|    entropy_loss       | -3.6        |
|    explained_variance | -0.0397     |
|    learning_rate      | 0.0002      |
|    n_updates          | 5499        |
|    policy_loss        | -0.0513     |
|    reward             | 0.013761675 |
|    std                | 1.46        |
|    value_loss         | 0.000303    |
---------------------------------------
EPISODE:  29
-----------------------------------------
| time/                 |               |
|    fps                | 211           |
|    iterations         | 5600          |
|    time_elapsed       | 132           |
|    total_timesteps    | 28000         |
| train/                |               |
|    entropy_loss       | -3.62         |
|    explained_variance | 0             |
|    learning_rate      | 0.0002        |
|    n_updates          | 5599          |
|    policy_loss        | 0.0224        |
|    reward             | -0.0046429415 |
|    std                | 1.48          |
|    value_loss         | 0.000195      |
-----------------------------------------
---------------------------------------
| time/                 |             |
|    fps                | 211         |
|    iterations         | 5700        |
|    time_elapsed       | 134         |
|    total_timesteps    | 28500       |
| train/                |             |
|    entropy_loss       | -3.62       |
|    explained_variance | -0.128      |
|    learning_rate      | 0.0002      |
|    n_updates          | 5699        |
|    policy_loss        | 0.112       |
|    reward             | 0.009490679 |
|    std                | 1.48        |
|    value_loss         | 0.00137     |
---------------------------------------
EPISODE:  30
---------------------------------------
| time/                 |             |
|    fps                | 212         |
|    iterations         | 5800        |
|    time_elapsed       | 136         |
|    total_timesteps    | 29000       |
| train/                |             |
|    entropy_loss       | -3.64       |
|    explained_variance | 0           |
|    learning_rate      | 0.0002      |
|    n_updates          | 5799        |
|    policy_loss        | -0.0263     |
|    reward             | -0.01193771 |
|    std                | 1.49        |
|    value_loss         | 0.000104    |
---------------------------------------
---------------------------------------
| time/                 |             |
|    fps                | 212         |
|    iterations         | 5900        |
|    time_elapsed       | 138         |
|    total_timesteps    | 29500       |
| train/                |             |
|    entropy_loss       | -3.65       |
|    explained_variance | 0           |
|    learning_rate      | 0.0002      |
|    n_updates          | 5899        |
|    policy_loss        | -0.0737     |
|    reward             | 0.007868308 |
|    std                | 1.5         |
|    value_loss         | 0.000405    |
---------------------------------------
EPISODE:  31
----------------------------------------
| time/                 |              |
|    fps                | 212          |
|    iterations         | 6000         |
|    time_elapsed       | 141          |
|    total_timesteps    | 30000        |
| train/                |              |
|    entropy_loss       | -3.66        |
|    explained_variance | 0            |
|    learning_rate      | 0.0002       |
|    n_updates          | 5999         |
|    policy_loss        | 0.113        |
|    reward             | 0.0113473935 |
|    std                | 1.51         |
|    value_loss         | 0.00115      |
----------------------------------------
---------------------------------------
| time/                 |             |
|    fps                | 212         |
|    iterations         | 6100        |
|    time_elapsed       | 143         |
|    total_timesteps    | 30500       |
| train/                |             |
|    entropy_loss       | -3.66       |
|    explained_variance | 0           |
|    learning_rate      | 0.0002      |
|    n_updates          | 6099        |
|    policy_loss        | 0.0139      |
|    reward             | 0.014321251 |
|    std                | 1.51        |
|    value_loss         | 4.97e-05    |
---------------------------------------
EPISODE:  32
---------------------------------------
| time/                 |             |
|    fps                | 212         |
|    iterations         | 6200        |
|    time_elapsed       | 145         |
|    total_timesteps    | 31000       |
| train/                |             |
|    entropy_loss       | -3.67       |
|    explained_variance | -4.83       |
|    learning_rate      | 0.0002      |
|    n_updates          | 6199        |
|    policy_loss        | -0.0485     |
|    reward             | 0.008780014 |
|    std                | 1.51        |
|    value_loss         | 0.000495    |
---------------------------------------
---------------------------------------
| time/                 |             |
|    fps                | 212         |
|    iterations         | 6300        |
|    time_elapsed       | 148         |
|    total_timesteps    | 31500       |
| train/                |             |
|    entropy_loss       | -3.68       |
|    explained_variance | -4.96e-05   |
|    learning_rate      | 0.0002      |
|    n_updates          | 6299        |
|    policy_loss        | -0.168      |
|    reward             | 0.002738259 |
|    std                | 1.52        |
|    value_loss         | 0.00193     |
---------------------------------------
EPISODE:  33
---------------------------------------
| time/                 |             |
|    fps                | 211         |
|    iterations         | 6400        |
|    time_elapsed       | 151         |
|    total_timesteps    | 32000       |
| train/                |             |
|    entropy_loss       | -3.68       |
|    explained_variance | -0.00012    |
|    learning_rate      | 0.0002      |
|    n_updates          | 6399        |
|    policy_loss        | 0.07        |
|    reward             | 0.013750776 |
|    std                | 1.53        |
|    value_loss         | 0.000677    |
---------------------------------------
--------------------------------------
| time/                 |            |
|    fps                | 211        |
|    iterations         | 6500       |
|    time_elapsed       | 153        |
|    total_timesteps    | 32500      |
| train/                |            |
|    entropy_loss       | -3.69      |
|    explained_variance | 0.138      |
|    learning_rate      | 0.0002     |
|    n_updates          | 6499       |
|    policy_loss        | -0.0589    |
|    reward             | 0.01516016 |
|    std                | 1.53       |
|    value_loss         | 0.000173   |
--------------------------------------
EPISODE:  34
-----------------------------------------
| time/                 |               |
|    fps                | 210           |
|    iterations         | 6600          |
|    time_elapsed       | 157           |
|    total_timesteps    | 33000         |
| train/                |               |
|    entropy_loss       | -3.7          |
|    explained_variance | -1.19e-07     |
|    learning_rate      | 0.0002        |
|    n_updates          | 6599          |
|    policy_loss        | -0.00203      |
|    reward             | -0.0016568588 |
|    std                | 1.54          |
|    value_loss         | 0.000103      |
-----------------------------------------
-----------------------------------------
| time/                 |               |
|    fps                | 208           |
|    iterations         | 6700          |
|    time_elapsed       | 160           |
|    total_timesteps    | 33500         |
| train/                |               |
|    entropy_loss       | -3.71         |
|    explained_variance | -1.19e-07     |
|    learning_rate      | 0.0002        |
|    n_updates          | 6699          |
|    policy_loss        | 0.0986        |
|    reward             | -0.0037374622 |
|    std                | 1.55          |
|    value_loss         | 0.00109       |
-----------------------------------------
EPISODE:  35
---------------------------------------
| time/                 |             |
|    fps                | 207         |
|    iterations         | 6800        |
|    time_elapsed       | 163         |
|    total_timesteps    | 34000       |
| train/                |             |
|    entropy_loss       | -3.72       |
|    explained_variance | -1.19e-07   |
|    learning_rate      | 0.0002      |
|    n_updates          | 6799        |
|    policy_loss        | 0.000182    |
|    reward             | 0.014659102 |
|    std                | 1.55        |
|    value_loss         | 3e-05       |
---------------------------------------
---------------------------------------
| time/                 |             |
|    fps                | 207         |
|    iterations         | 6900        |
|    time_elapsed       | 166         |
|    total_timesteps    | 34500       |
| train/                |             |
|    entropy_loss       | -3.72       |
|    explained_variance | 1.19e-07    |
|    learning_rate      | 0.0002      |
|    n_updates          | 6899        |
|    policy_loss        | -0.0228     |
|    reward             | 0.012495562 |
|    std                | 1.56        |
|    value_loss         | 8.49e-05    |
---------------------------------------
EPISODE:  36
-----------------------------------------
| time/                 |               |
|    fps                | 207           |
|    iterations         | 7000          |
|    time_elapsed       | 168           |
|    total_timesteps    | 35000         |
| train/                |               |
|    entropy_loss       | -3.74         |
|    explained_variance | 0             |
|    learning_rate      | 0.0002        |
|    n_updates          | 6999          |
|    policy_loss        | 0.0227        |
|    reward             | -0.0051885773 |
|    std                | 1.57          |
|    value_loss         | 0.000119      |
-----------------------------------------
---------------------------------------
| time/                 |             |
|    fps                | 207         |
|    iterations         | 7100        |
|    time_elapsed       | 171         |
|    total_timesteps    | 35500       |
| train/                |             |
|    entropy_loss       | -3.75       |
|    explained_variance | 0           |
|    learning_rate      | 0.0002      |
|    n_updates          | 7099        |
|    policy_loss        | 0.103       |
|    reward             | 0.010601948 |
|    std                | 1.58        |
|    value_loss         | 0.000735    |
---------------------------------------
EPISODE:  37
---------------------------------------
| time/                 |             |
|    fps                | 207         |
|    iterations         | 7200        |
|    time_elapsed       | 173         |
|    total_timesteps    | 36000       |
| train/                |             |
|    entropy_loss       | -3.76       |
|    explained_variance | -4.26e-05   |
|    learning_rate      | 0.0002      |
|    n_updates          | 7199        |
|    policy_loss        | -0.0489     |
|    reward             | 0.013637201 |
|    std                | 1.58        |
|    value_loss         | 0.000277    |
---------------------------------------
----------------------------------------
| time/                 |              |
|    fps                | 206          |
|    iterations         | 7300         |
|    time_elapsed       | 176          |
|    total_timesteps    | 36500        |
| train/                |              |
|    entropy_loss       | -3.77        |
|    explained_variance | -0.000264    |
|    learning_rate      | 0.0002       |
|    n_updates          | 7299         |
|    policy_loss        | -0.0465      |
|    reward             | -0.009675427 |
|    std                | 1.59         |
|    value_loss         | 0.000254     |
----------------------------------------
EPISODE:  38
----------------------------------------
| time/                 |              |
|    fps                | 206          |
|    iterations         | 7400         |
|    time_elapsed       | 178          |
|    total_timesteps    | 37000        |
| train/                |              |
|    entropy_loss       | -3.77        |
|    explained_variance | 1.19e-07     |
|    learning_rate      | 0.0002       |
|    n_updates          | 7399         |
|    policy_loss        | 0.0681       |
|    reward             | -0.009688657 |
|    std                | 1.6          |
|    value_loss         | 0.000287     |
----------------------------------------
---------------------------------------
| time/                 |             |
|    fps                | 206         |
|    iterations         | 7500        |
|    time_elapsed       | 181         |
|    total_timesteps    | 37500       |
| train/                |             |
|    entropy_loss       | -3.78       |
|    explained_variance | 0           |
|    learning_rate      | 0.0002      |
|    n_updates          | 7499        |
|    policy_loss        | 0.0927      |
|    reward             | 0.013297377 |
|    std                | 1.61        |
|    value_loss         | 0.000709    |
---------------------------------------
EPISODE:  39
----------------------------------------
| time/                 |              |
|    fps                | 206          |
|    iterations         | 7600         |
|    time_elapsed       | 183          |
|    total_timesteps    | 38000        |
| train/                |              |
|    entropy_loss       | -3.79        |
|    explained_variance | -1.19e-07    |
|    learning_rate      | 0.0002       |
|    n_updates          | 7599         |
|    policy_loss        | -0.00834     |
|    reward             | 0.0076549747 |
|    std                | 1.61         |
|    value_loss         | 1.27e-05     |
----------------------------------------
---------------------------------------
| time/                 |             |
|    fps                | 206         |
|    iterations         | 7700        |
|    time_elapsed       | 186         |
|    total_timesteps    | 38500       |
| train/                |             |
|    entropy_loss       | -3.81       |
|    explained_variance | -1.19e-07   |
|    learning_rate      | 0.0002      |
|    n_updates          | 7699        |
|    policy_loss        | 0.0414      |
|    reward             | 0.002581154 |
|    std                | 1.62        |
|    value_loss         | 0.000198    |
---------------------------------------
EPISODE:  40
----------------------------------------
| time/                 |              |
|    fps                | 207          |
|    iterations         | 7800         |
|    time_elapsed       | 188          |
|    total_timesteps    | 39000        |
| train/                |              |
|    entropy_loss       | -3.81        |
|    explained_variance | 0            |
|    learning_rate      | 0.0002       |
|    n_updates          | 7799         |
|    policy_loss        | 0.0505       |
|    reward             | -0.014398789 |
|    std                | 1.63         |
|    value_loss         | 0.00027      |
----------------------------------------
---------------------------------------
| time/                 |             |
|    fps                | 207         |
|    iterations         | 7900        |
|    time_elapsed       | 190         |
|    total_timesteps    | 39500       |
| train/                |             |
|    entropy_loss       | -3.82       |
|    explained_variance | 5.96e-08    |
|    learning_rate      | 0.0002      |
|    n_updates          | 7899        |
|    policy_loss        | -0.000954   |
|    reward             | 0.014823264 |
|    std                | 1.63        |
|    value_loss         | 1.2e-05     |
---------------------------------------
EPISODE:  41
----------------------------------------
| time/                 |              |
|    fps                | 207          |
|    iterations         | 8000         |
|    time_elapsed       | 192          |
|    total_timesteps    | 40000        |
| train/                |              |
|    entropy_loss       | -3.83        |
|    explained_variance | -2.36        |
|    learning_rate      | 0.0002       |
|    n_updates          | 7999         |
|    policy_loss        | -0.27        |
|    reward             | 0.0024403105 |
|    std                | 1.64         |
|    value_loss         | 0.00865      |
----------------------------------------
----------------------------------------
| time/                 |              |
|    fps                | 207          |
|    iterations         | 8100         |
|    time_elapsed       | 194          |
|    total_timesteps    | 40500        |
| train/                |              |
|    entropy_loss       | -3.83        |
|    explained_variance | 7.27e-06     |
|    learning_rate      | 0.0002       |
|    n_updates          | 8099         |
|    policy_loss        | 0.0593       |
|    reward             | -0.004113116 |
|    std                | 1.64         |
|    value_loss         | 0.00038      |
----------------------------------------
EPISODE:  42
---------------------------------------
| time/                 |             |
|    fps                | 208         |
|    iterations         | 8200        |
|    time_elapsed       | 196         |
|    total_timesteps    | 41000       |
| train/                |             |
|    entropy_loss       | -3.84       |
|    explained_variance | -31.2       |
|    learning_rate      | 0.0002      |
|    n_updates          | 8199        |
|    policy_loss        | 0.14        |
|    reward             | 0.015169995 |
|    std                | 1.65        |
|    value_loss         | 0.00198     |
---------------------------------------
---------------------------------------
| time/                 |             |
|    fps                | 208         |
|    iterations         | 8300        |
|    time_elapsed       | 198         |
|    total_timesteps    | 41500       |
| train/                |             |
|    entropy_loss       | -3.85       |
|    explained_variance | 0.000331    |
|    learning_rate      | 0.0002      |
|    n_updates          | 8299        |
|    policy_loss        | -0.0468     |
|    reward             | 0.014080357 |
|    std                | 1.66        |
|    value_loss         | 0.000283    |
---------------------------------------
EPISODE:  43
----------------------------------------
| time/                 |              |
|    fps                | 209          |
|    iterations         | 8400         |
|    time_elapsed       | 200          |
|    total_timesteps    | 42000        |
| train/                |              |
|    entropy_loss       | -3.86        |
|    explained_variance | 0            |
|    learning_rate      | 0.0002       |
|    n_updates          | 8399         |
|    policy_loss        | -0.174       |
|    reward             | -0.003978337 |
|    std                | 1.67         |
|    value_loss         | 0.00237      |
----------------------------------------
---------------------------------------
| time/                 |             |
|    fps                | 209         |
|    iterations         | 8500        |
|    time_elapsed       | 203         |
|    total_timesteps    | 42500       |
| train/                |             |
|    entropy_loss       | -3.87       |
|    explained_variance | 0           |
|    learning_rate      | 0.0002      |
|    n_updates          | 8499        |
|    policy_loss        | -0.07       |
|    reward             | -0.00892777 |
|    std                | 1.68        |
|    value_loss         | 0.00025     |
---------------------------------------
EPISODE:  44
--------------------------------------
| time/                 |            |
|    fps                | 209        |
|    iterations         | 8600       |
|    time_elapsed       | 205        |
|    total_timesteps    | 43000      |
| train/                |            |
|    entropy_loss       | -3.88      |
|    explained_variance | 0          |
|    learning_rate      | 0.0002     |
|    n_updates          | 8599       |
|    policy_loss        | -0.0925    |
|    reward             | 0.01235271 |
|    std                | 1.68       |
|    value_loss         | 0.000448   |
--------------------------------------
-------------------------------------
| time/                 |           |
|    fps                | 209       |
|    iterations         | 8700      |
|    time_elapsed       | 207       |
|    total_timesteps    | 43500     |
| train/                |           |
|    entropy_loss       | -3.89     |
|    explained_variance | 0         |
|    learning_rate      | 0.0002    |
|    n_updates          | 8699      |
|    policy_loss        | -0.108    |
|    reward             | 0.0084505 |
|    std                | 1.69      |
|    value_loss         | 0.00107   |
-------------------------------------
EPISODE:  45
--------------------------------------
| time/                 |            |
|    fps                | 210        |
|    iterations         | 8800       |
|    time_elapsed       | 209        |
|    total_timesteps    | 44000      |
| train/                |            |
|    entropy_loss       | -3.9       |
|    explained_variance | 0          |
|    learning_rate      | 0.0002     |
|    n_updates          | 8799       |
|    policy_loss        | 0.114      |
|    reward             | 0.01080532 |
|    std                | 1.7        |
|    value_loss         | 0.00115    |
--------------------------------------
---------------------------------------
| time/                 |             |
|    fps                | 210         |
|    iterations         | 8900        |
|    time_elapsed       | 211         |
|    total_timesteps    | 44500       |
| train/                |             |
|    entropy_loss       | -3.91       |
|    explained_variance | 0           |
|    learning_rate      | 0.0002      |
|    n_updates          | 8899        |
|    policy_loss        | 0.0697      |
|    reward             | 0.014078665 |
|    std                | 1.71        |
|    value_loss         | 0.00036     |
---------------------------------------
EPISODE:  46
-----------------------------------------
| time/                 |               |
|    fps                | 211           |
|    iterations         | 9000          |
|    time_elapsed       | 213           |
|    total_timesteps    | 45000         |
| train/                |               |
|    entropy_loss       | -3.92         |
|    explained_variance | -1.18         |
|    learning_rate      | 0.0002        |
|    n_updates          | 8999          |
|    policy_loss        | -0.18         |
|    reward             | -0.0094438465 |
|    std                | 1.72          |
|    value_loss         | 0.0031        |
-----------------------------------------
----------------------------------------
| time/                 |              |
|    fps                | 211          |
|    iterations         | 9100         |
|    time_elapsed       | 215          |
|    total_timesteps    | 45500        |
| train/                |              |
|    entropy_loss       | -3.93        |
|    explained_variance | 0.0416       |
|    learning_rate      | 0.0002       |
|    n_updates          | 9099         |
|    policy_loss        | -0.00359     |
|    reward             | 0.0035602525 |
|    std                | 1.73         |
|    value_loss         | 6.85e-05     |
----------------------------------------
EPISODE:  47
---------------------------------------
| time/                 |             |
|    fps                | 211         |
|    iterations         | 9200        |
|    time_elapsed       | 217         |
|    total_timesteps    | 46000       |
| train/                |             |
|    entropy_loss       | -3.95       |
|    explained_variance | -4.41e-05   |
|    learning_rate      | 0.0002      |
|    n_updates          | 9199        |
|    policy_loss        | 0.0759      |
|    reward             | 0.013422761 |
|    std                | 1.74        |
|    value_loss         | 0.000432    |
---------------------------------------
---------------------------------------
| time/                 |             |
|    fps                | 211         |
|    iterations         | 9300        |
|    time_elapsed       | 219         |
|    total_timesteps    | 46500       |
| train/                |             |
|    entropy_loss       | -3.96       |
|    explained_variance | -19.5       |
|    learning_rate      | 0.0002      |
|    n_updates          | 9299        |
|    policy_loss        | 0.0553      |
|    reward             | 0.015106588 |
|    std                | 1.75        |
|    value_loss         | 0.000332    |
---------------------------------------
EPISODE:  48
----------------------------------------
| time/                 |              |
|    fps                | 211          |
|    iterations         | 9400         |
|    time_elapsed       | 221          |
|    total_timesteps    | 47000        |
| train/                |              |
|    entropy_loss       | -3.97        |
|    explained_variance | -1.19e-07    |
|    learning_rate      | 0.0002       |
|    n_updates          | 9399         |
|    policy_loss        | -0.162       |
|    reward             | 0.0023374315 |
|    std                | 1.76         |
|    value_loss         | 0.00275      |
----------------------------------------
-----------------------------------------
| time/                 |               |
|    fps                | 211           |
|    iterations         | 9500          |
|    time_elapsed       | 224           |
|    total_timesteps    | 47500         |
| train/                |               |
|    entropy_loss       | -3.98         |
|    explained_variance | 0             |
|    learning_rate      | 0.0002        |
|    n_updates          | 9499          |
|    policy_loss        | -0.201        |
|    reward             | -0.0030636129 |
|    std                | 1.77          |
|    value_loss         | 0.0029        |
-----------------------------------------
EPISODE:  49
---------------------------------------
| time/                 |             |
|    fps                | 211         |
|    iterations         | 9600        |
|    time_elapsed       | 227         |
|    total_timesteps    | 48000       |
| train/                |             |
|    entropy_loss       | -4          |
|    explained_variance | 0           |
|    learning_rate      | 0.0002      |
|    n_updates          | 9599        |
|    policy_loss        | 0.0125      |
|    reward             | 0.014786292 |
|    std                | 1.78        |
|    value_loss         | 1.01e-05    |
---------------------------------------
---------------------------------------
| time/                 |             |
|    fps                | 211         |
|    iterations         | 9700        |
|    time_elapsed       | 229         |
|    total_timesteps    | 48500       |
| train/                |             |
|    entropy_loss       | -4.01       |
|    explained_variance | 0           |
|    learning_rate      | 0.0002      |
|    n_updates          | 9699        |
|    policy_loss        | -0.0721     |
|    reward             | 0.012874128 |
|    std                | 1.79        |
|    value_loss         | 0.000435    |
---------------------------------------
EPISODE:  50
----------------------------------------
| time/                 |              |
|    fps                | 210          |
|    iterations         | 9800         |
|    time_elapsed       | 232          |
|    total_timesteps    | 49000        |
| train/                |              |
|    entropy_loss       | -4.02        |
|    explained_variance | 0            |
|    learning_rate      | 0.0002       |
|    n_updates          | 9799         |
|    policy_loss        | -0.131       |
|    reward             | -0.004400507 |
|    std                | 1.8          |
|    value_loss         | 0.000991     |
----------------------------------------
----------------------------------------
| time/                 |              |
|    fps                | 210          |
|    iterations         | 9900         |
|    time_elapsed       | 235          |
|    total_timesteps    | 49500        |
| train/                |              |
|    entropy_loss       | -4.02        |
|    explained_variance | 0            |
|    learning_rate      | 0.0002       |
|    n_updates          | 9899         |
|    policy_loss        | -0.202       |
|    reward             | -0.010014105 |
|    std                | 1.81         |
|    value_loss         | 0.00347      |
----------------------------------------
EPISODE:  51
---------------------------------------
| time/                 |             |
|    fps                | 210         |
|    iterations         | 10000       |
|    time_elapsed       | 237         |
|    total_timesteps    | 50000       |
| train/                |             |
|    entropy_loss       | -4.03       |
|    explained_variance | 5.36e-07    |
|    learning_rate      | 0.0002      |
|    n_updates          | 9999        |
|    policy_loss        | -0.0408     |
|    reward             | 0.013970358 |
|    std                | 1.82        |
|    value_loss         | 0.000117    |
---------------------------------------
---------------------------------------
| time/                 |             |
|    fps                | 210         |
|    iterations         | 10100       |
|    time_elapsed       | 240         |
|    total_timesteps    | 50500       |
| train/                |             |
|    entropy_loss       | -4.04       |
|    explained_variance | -4.65e-06   |
|    learning_rate      | 0.0002      |
|    n_updates          | 10099       |
|    policy_loss        | -0.0658     |
|    reward             | 0.010298089 |
|    std                | 1.82        |
|    value_loss         | 0.000399    |
---------------------------------------
EPISODE:  52
---------------------------------------
| time/                 |             |
|    fps                | 209         |
|    iterations         | 10200       |
|    time_elapsed       | 242         |
|    total_timesteps    | 51000       |
| train/                |             |
|    entropy_loss       | -4.05       |
|    explained_variance | 0           |
|    learning_rate      | 0.0002      |
|    n_updates          | 10199       |
|    policy_loss        | 0.17        |
|    reward             | 0.009132353 |
|    std                | 1.84        |
|    value_loss         | 0.00226     |
---------------------------------------
---------------------------------------
| time/                 |             |
|    fps                | 209         |
|    iterations         | 10300       |
|    time_elapsed       | 245         |
|    total_timesteps    | 51500       |
| train/                |             |
|    entropy_loss       | -4.07       |
|    explained_variance | 0.00183     |
|    learning_rate      | 0.0002      |
|    n_updates          | 10299       |
|    policy_loss        | 0.0343      |
|    reward             | 0.012928966 |
|    std                | 1.85        |
|    value_loss         | 0.000405    |
---------------------------------------
EPISODE:  53
----------------------------------------
| time/                 |              |
|    fps                | 209          |
|    iterations         | 10400        |
|    time_elapsed       | 248          |
|    total_timesteps    | 52000        |
| train/                |              |
|    entropy_loss       | -4.08        |
|    explained_variance | 0            |
|    learning_rate      | 0.0002       |
|    n_updates          | 10399        |
|    policy_loss        | 0.0269       |
|    reward             | -0.008242941 |
|    std                | 1.86         |
|    value_loss         | 0.000142     |
----------------------------------------
---------------------------------------
| time/                 |             |
|    fps                | 209         |
|    iterations         | 10500       |
|    time_elapsed       | 251         |
|    total_timesteps    | 52500       |
| train/                |             |
|    entropy_loss       | -4.09       |
|    explained_variance | 0           |
|    learning_rate      | 0.0002      |
|    n_updates          | 10499       |
|    policy_loss        | 0.0336      |
|    reward             | 0.003254885 |
|    std                | 1.87        |
|    value_loss         | 0.000152    |
---------------------------------------
EPISODE:  54
----------------------------------------
| time/                 |              |
|    fps                | 208          |
|    iterations         | 10600        |
|    time_elapsed       | 253          |
|    total_timesteps    | 53000        |
| train/                |              |
|    entropy_loss       | -4.1         |
|    explained_variance | 0            |
|    learning_rate      | 0.0002       |
|    n_updates          | 10599        |
|    policy_loss        | 0.0498       |
|    reward             | -0.014170513 |
|    std                | 1.88         |
|    value_loss         | 0.000167     |
----------------------------------------
---------------------------------------
| time/                 |             |
|    fps                | 208         |
|    iterations         | 10700       |
|    time_elapsed       | 256         |
|    total_timesteps    | 53500       |
| train/                |             |
|    entropy_loss       | -4.1        |
|    explained_variance | 0           |
|    learning_rate      | 0.0002      |
|    n_updates          | 10699       |
|    policy_loss        | -0.00497    |
|    reward             | 0.014901201 |
|    std                | 1.88        |
|    value_loss         | 1.69e-05    |
---------------------------------------
EPISODE:  55
-----------------------------------------
| time/                 |               |
|    fps                | 208           |
|    iterations         | 10800         |
|    time_elapsed       | 259           |
|    total_timesteps    | 54000         |
| train/                |               |
|    entropy_loss       | -4.11         |
|    explained_variance | -23.3         |
|    learning_rate      | 0.0002        |
|    n_updates          | 10799         |
|    policy_loss        | -0.129        |
|    reward             | -0.0032657078 |
|    std                | 1.89          |
|    value_loss         | 0.00209       |
-----------------------------------------
-----------------------------------------
| time/                 |               |
|    fps                | 208           |
|    iterations         | 10900         |
|    time_elapsed       | 261           |
|    total_timesteps    | 54500         |
| train/                |               |
|    entropy_loss       | -4.12         |
|    explained_variance | 1.19e-07      |
|    learning_rate      | 0.0002        |
|    n_updates          | 10899         |
|    policy_loss        | -0.107        |
|    reward             | -0.0033048135 |
|    std                | 1.89          |
|    value_loss         | 0.000634      |
-----------------------------------------
EPISODE:  56
----------------------------------------
| time/                 |              |
|    fps                | 208          |
|    iterations         | 11000        |
|    time_elapsed       | 263          |
|    total_timesteps    | 55000        |
| train/                |              |
|    entropy_loss       | -4.13        |
|    explained_variance | -2.1         |
|    learning_rate      | 0.0002       |
|    n_updates          | 10999        |
|    policy_loss        | -0.016       |
|    reward             | -0.015130277 |
|    std                | 1.91         |
|    value_loss         | 0.000288     |
----------------------------------------
EPISODE:  57
----------------------------------------
| time/                 |              |
|    fps                | 208          |
|    iterations         | 11100        |
|    time_elapsed       | 266          |
|    total_timesteps    | 55500        |
| train/                |              |
|    entropy_loss       | -4.14        |
|    explained_variance | -0.0501      |
|    learning_rate      | 0.0002       |
|    n_updates          | 11099        |
|    policy_loss        | 0.0591       |
|    reward             | 0.0020930872 |
|    std                | 1.92         |
|    value_loss         | 0.000336     |
----------------------------------------
-----------------------------------------
| time/                 |               |
|    fps                | 208           |
|    iterations         | 11200         |
|    time_elapsed       | 269           |
|    total_timesteps    | 56000         |
| train/                |               |
|    entropy_loss       | -4.15         |
|    explained_variance | 0             |
|    learning_rate      | 0.0002        |
|    n_updates          | 11199         |
|    policy_loss        | 0.0701        |
|    reward             | -0.0033067001 |
|    std                | 1.93          |
|    value_loss         | 0.000344      |
-----------------------------------------
EPISODE:  58
---------------------------------------
| time/                 |             |
|    fps                | 208         |
|    iterations         | 11300       |
|    time_elapsed       | 271         |
|    total_timesteps    | 56500       |
| train/                |             |
|    entropy_loss       | -4.17       |
|    explained_variance | 0           |
|    learning_rate      | 0.0002      |
|    n_updates          | 11299       |
|    policy_loss        | -0.0614     |
|    reward             | 0.014744649 |
|    std                | 1.94        |
|    value_loss         | 0.000243    |
---------------------------------------
---------------------------------------
| time/                 |             |
|    fps                | 208         |
|    iterations         | 11400       |
|    time_elapsed       | 273         |
|    total_timesteps    | 57000       |
| train/                |             |
|    entropy_loss       | -4.17       |
|    explained_variance | 0           |
|    learning_rate      | 0.0002      |
|    n_updates          | 11399       |
|    policy_loss        | -0.0646     |
|    reward             | 0.012741125 |
|    std                | 1.95        |
|    value_loss         | 0.000371    |
---------------------------------------
EPISODE:  59
-----------------------------------------
| time/                 |               |
|    fps                | 208           |
|    iterations         | 11500         |
|    time_elapsed       | 276           |
|    total_timesteps    | 57500         |
| train/                |               |
|    entropy_loss       | -4.18         |
|    explained_variance | 0.037         |
|    learning_rate      | 0.0002        |
|    n_updates          | 11499         |
|    policy_loss        | -0.0387       |
|    reward             | -0.0046859113 |
|    std                | 1.96          |
|    value_loss         | 0.000204      |
-----------------------------------------
----------------------------------------
| time/                 |              |
|    fps                | 208          |
|    iterations         | 11600        |
|    time_elapsed       | 278          |
|    total_timesteps    | 58000        |
| train/                |              |
|    entropy_loss       | -4.19        |
|    explained_variance | 0            |
|    learning_rate      | 0.0002       |
|    n_updates          | 11599        |
|    policy_loss        | 0.0665       |
|    reward             | -0.010229336 |
|    std                | 1.97         |
|    value_loss         | 0.000359     |
----------------------------------------
EPISODE:  60
---------------------------------------
| time/                 |             |
|    fps                | 208         |
|    iterations         | 11700       |
|    time_elapsed       | 281         |
|    total_timesteps    | 58500       |
| train/                |             |
|    entropy_loss       | -4.2        |
|    explained_variance | 0.000299    |
|    learning_rate      | 0.0002      |
|    n_updates          | 11699       |
|    policy_loss        | -0.0636     |
|    reward             | 0.013855135 |
|    std                | 1.98        |
|    value_loss         | 0.000275    |
---------------------------------------
---------------------------------------
| time/                 |             |
|    fps                | 208         |
|    iterations         | 11800       |
|    time_elapsed       | 283         |
|    total_timesteps    | 59000       |
| train/                |             |
|    entropy_loss       | -4.21       |
|    explained_variance | -2.81       |
|    learning_rate      | 0.0002      |
|    n_updates          | 11799       |
|    policy_loss        | -0.148      |
|    reward             | 0.010077728 |
|    std                | 1.99        |
|    value_loss         | 0.00207     |
---------------------------------------
EPISODE:  61
-----------------------------------------
| time/                 |               |
|    fps                | 208           |
|    iterations         | 11900         |
|    time_elapsed       | 285           |
|    total_timesteps    | 59500         |
| train/                |               |
|    entropy_loss       | -4.22         |
|    explained_variance | 0             |
|    learning_rate      | 0.0002        |
|    n_updates          | 11899         |
|    policy_loss        | 0.12          |
|    reward             | -0.0093346145 |
|    std                | 2             |
|    value_loss         | 0.000823      |
-----------------------------------------
----------------------------------------
| time/                 |              |
|    fps                | 208          |
|    iterations         | 12000        |
|    time_elapsed       | 288          |
|    total_timesteps    | 60000        |
| train/                |              |
|    entropy_loss       | -4.23        |
|    explained_variance | -3.93e-06    |
|    learning_rate      | 0.0002       |
|    n_updates          | 11999        |
|    policy_loss        | 0.0714       |
|    reward             | -0.013064819 |
|    std                | 2.01         |
|    value_loss         | 0.000425     |
----------------------------------------
EPISODE:  62
---------------------------------------
| time/                 |             |
|    fps                | 208         |
|    iterations         | 12100       |
|    time_elapsed       | 290         |
|    total_timesteps    | 60500       |
| train/                |             |
|    entropy_loss       | -4.24       |
|    explained_variance | 0           |
|    learning_rate      | 0.0002      |
|    n_updates          | 12099       |
|    policy_loss        | -0.0911     |
|    reward             | 0.008033254 |
|    std                | 2.02        |
|    value_loss         | 0.000523    |
---------------------------------------
-------------------------------------
| time/                 |           |
|    fps                | 208       |
|    iterations         | 12200     |
|    time_elapsed       | 292       |
|    total_timesteps    | 61000     |
| train/                |           |
|    entropy_loss       | -4.25     |
|    explained_variance | 0         |
|    learning_rate      | 0.0002    |
|    n_updates          | 12199     |
|    policy_loss        | -0.104    |
|    reward             | 0.0030132 |
|    std                | 2.02      |
|    value_loss         | 0.00094   |
-------------------------------------
EPISODE:  63
---------------------------------------
| time/                 |             |
|    fps                | 208         |
|    iterations         | 12300       |
|    time_elapsed       | 294         |
|    total_timesteps    | 61500       |
| train/                |             |
|    entropy_loss       | -4.26       |
|    explained_variance | 0           |
|    learning_rate      | 0.0002      |
|    n_updates          | 12299       |
|    policy_loss        | 0.142       |
|    reward             | 0.014257215 |
|    std                | 2.04        |
|    value_loss         | 0.00138     |
---------------------------------------
-------------------------------------
| time/                 |           |
|    fps                | 209       |
|    iterations         | 12400     |
|    time_elapsed       | 296       |
|    total_timesteps    | 62000     |
| train/                |           |
|    entropy_loss       | -4.27     |
|    explained_variance | 0         |
|    learning_rate      | 0.0002    |
|    n_updates          | 12399     |
|    policy_loss        | 0.092     |
|    reward             | 0.0148774 |
|    std                | 2.05      |
|    value_loss         | 0.00067   |
-------------------------------------
EPISODE:  64
-----------------------------------------
| time/                 |               |
|    fps                | 209           |
|    iterations         | 12500         |
|    time_elapsed       | 298           |
|    total_timesteps    | 62500         |
| train/                |               |
|    entropy_loss       | -4.28         |
|    explained_variance | -0.000133     |
|    learning_rate      | 0.0002        |
|    n_updates          | 12499         |
|    policy_loss        | 0.114         |
|    reward             | -0.0029698235 |
|    std                | 2.06          |
|    value_loss         | 0.00121       |
-----------------------------------------
----------------------------------------
| time/                 |              |
|    fps                | 209          |
|    iterations         | 12600        |
|    time_elapsed       | 301          |
|    total_timesteps    | 63000        |
| train/                |              |
|    entropy_loss       | -4.29        |
|    explained_variance | -1.19e-07    |
|    learning_rate      | 0.0002       |
|    n_updates          | 12599        |
|    policy_loss        | 0.157        |
|    reward             | 0.0035970905 |
|    std                | 2.07         |
|    value_loss         | 0.00215      |
----------------------------------------
EPISODE:  65
----------------------------------------
| time/                 |              |
|    fps                | 209          |
|    iterations         | 12700        |
|    time_elapsed       | 303          |
|    total_timesteps    | 63500        |
| train/                |              |
|    entropy_loss       | -4.3         |
|    explained_variance | -2.67e-05    |
|    learning_rate      | 0.0002       |
|    n_updates          | 12699        |
|    policy_loss        | -0.127       |
|    reward             | -0.015149011 |
|    std                | 2.07         |
|    value_loss         | 0.000905     |
----------------------------------------
---------------------------------------
| time/                 |             |
|    fps                | 208         |
|    iterations         | 12800       |
|    time_elapsed       | 306         |
|    total_timesteps    | 64000       |
| train/                |             |
|    entropy_loss       | -4.31       |
|    explained_variance | 0.00255     |
|    learning_rate      | 0.0002      |
|    n_updates          | 12799       |
|    policy_loss        | -0.0448     |
|    reward             | -0.01426315 |
|    std                | 2.09        |
|    value_loss         | 0.000104    |
---------------------------------------
EPISODE:  66
-----------------------------------------
| time/                 |               |
|    fps                | 208           |
|    iterations         | 12900         |
|    time_elapsed       | 308           |
|    total_timesteps    | 64500         |
| train/                |               |
|    entropy_loss       | -4.31         |
|    explained_variance | 0             |
|    learning_rate      | 0.0002        |
|    n_updates          | 12899         |
|    policy_loss        | -0.165        |
|    reward             | -0.0035490454 |
|    std                | 2.09          |
|    value_loss         | 0.00206       |
-----------------------------------------
----------------------------------------
| time/                 |              |
|    fps                | 208          |
|    iterations         | 13000        |
|    time_elapsed       | 311          |
|    total_timesteps    | 65000        |
| train/                |              |
|    entropy_loss       | -4.32        |
|    explained_variance | -1.19e-07    |
|    learning_rate      | 0.0002       |
|    n_updates          | 12999        |
|    policy_loss        | -0.183       |
|    reward             | -0.008558114 |
|    std                | 2.1          |
|    value_loss         | 0.00241      |
----------------------------------------
EPISODE:  67
---------------------------------------
| time/                 |             |
|    fps                | 208         |
|    iterations         | 13100       |
|    time_elapsed       | 313         |
|    total_timesteps    | 65500       |
| train/                |             |
|    entropy_loss       | -4.33       |
|    explained_variance | 0           |
|    learning_rate      | 0.0002      |
|    n_updates          | 13099       |
|    policy_loss        | 0.0232      |
|    reward             | 0.012604531 |
|    std                | 2.11        |
|    value_loss         | 3.13e-05    |
---------------------------------------
---------------------------------------
| time/                 |             |
|    fps                | 208         |
|    iterations         | 13200       |
|    time_elapsed       | 316         |
|    total_timesteps    | 66000       |
| train/                |             |
|    entropy_loss       | -4.34       |
|    explained_variance | 1.19e-07    |
|    learning_rate      | 0.0002      |
|    n_updates          | 13199       |
|    policy_loss        | -0.0365     |
|    reward             | 0.008814454 |
|    std                | 2.12        |
|    value_loss         | 0.00015     |
---------------------------------------
EPISODE:  68
---------------------------------------
| time/                 |             |
|    fps                | 208         |
|    iterations         | 13300       |
|    time_elapsed       | 319         |
|    total_timesteps    | 66500       |
| train/                |             |
|    entropy_loss       | -4.35       |
|    explained_variance | 5.96e-08    |
|    learning_rate      | 0.0002      |
|    n_updates          | 13299       |
|    policy_loss        | 0.19        |
|    reward             | 0.010440362 |
|    std                | 2.13        |
|    value_loss         | 0.00213     |
---------------------------------------
---------------------------------------
| time/                 |             |
|    fps                | 207         |
|    iterations         | 13400       |
|    time_elapsed       | 322         |
|    total_timesteps    | 67000       |
| train/                |             |
|    entropy_loss       | -4.37       |
|    explained_variance | 0           |
|    learning_rate      | 0.0002      |
|    n_updates          | 13399       |
|    policy_loss        | 0.143       |
|    reward             | 0.013902492 |
|    std                | 2.15        |
|    value_loss         | 0.00165     |
---------------------------------------
EPISODE:  69
----------------------------------------
| time/                 |              |
|    fps                | 207          |
|    iterations         | 13500        |
|    time_elapsed       | 324          |
|    total_timesteps    | 67500        |
| train/                |              |
|    entropy_loss       | -4.37        |
|    explained_variance | -7.77e-05    |
|    learning_rate      | 0.0002       |
|    n_updates          | 13499        |
|    policy_loss        | 0.05         |
|    reward             | -0.009853259 |
|    std                | 2.16         |
|    value_loss         | 0.000245     |
----------------------------------------
---------------------------------------
| time/                 |             |
|    fps                | 207         |
|    iterations         | 13600       |
|    time_elapsed       | 327         |
|    total_timesteps    | 68000       |
| train/                |             |
|    entropy_loss       | -4.38       |
|    explained_variance | -1.79e-06   |
|    learning_rate      | 0.0002      |
|    n_updates          | 13599       |
|    policy_loss        | 0.128       |
|    reward             | -0.00408076 |
|    std                | 2.16        |
|    value_loss         | 0.00115     |
---------------------------------------
EPISODE:  70
----------------------------------------
| time/                 |              |
|    fps                | 207          |
|    iterations         | 13700        |
|    time_elapsed       | 329          |
|    total_timesteps    | 68500        |
| train/                |              |
|    entropy_loss       | -4.39        |
|    explained_variance | 1.19e-07     |
|    learning_rate      | 0.0002       |
|    n_updates          | 13699        |
|    policy_loss        | -0.168       |
|    reward             | -0.013196956 |
|    std                | 2.17         |
|    value_loss         | 0.00204      |
----------------------------------------
----------------------------------------
| time/                 |              |
|    fps                | 207          |
|    iterations         | 13800        |
|    time_elapsed       | 332          |
|    total_timesteps    | 69000        |
| train/                |              |
|    entropy_loss       | -4.4         |
|    explained_variance | -3.34e-06    |
|    learning_rate      | 0.0002       |
|    n_updates          | 13799        |
|    policy_loss        | -0.13        |
|    reward             | -0.015052281 |
|    std                | 2.18         |
|    value_loss         | 0.001        |
----------------------------------------
EPISODE:  71
----------------------------------------
| time/                 |              |
|    fps                | 207          |
|    iterations         | 13900        |
|    time_elapsed       | 335          |
|    total_timesteps    | 69500        |
| train/                |              |
|    entropy_loss       | -4.41        |
|    explained_variance | 1.19e-07     |
|    learning_rate      | 0.0002       |
|    n_updates          | 13899        |
|    policy_loss        | -0.102       |
|    reward             | 0.0027707296 |
|    std                | 2.2          |
|    value_loss         | 0.000995     |
----------------------------------------
-----------------------------------------
| time/                 |               |
|    fps                | 207           |
|    iterations         | 14000         |
|    time_elapsed       | 338           |
|    total_timesteps    | 70000         |
| train/                |               |
|    entropy_loss       | -4.42         |
|    explained_variance | 0             |
|    learning_rate      | 0.0002        |
|    n_updates          | 13999         |
|    policy_loss        | -0.159        |
|    reward             | -0.0026293278 |
|    std                | 2.21          |
|    value_loss         | 0.00188       |
-----------------------------------------
EPISODE:  72
--------------------------------------
| time/                 |            |
|    fps                | 206        |
|    iterations         | 14100      |
|    time_elapsed       | 340        |
|    total_timesteps    | 70500      |
| train/                |            |
|    entropy_loss       | -4.43      |
|    explained_variance | -1.19e-07  |
|    learning_rate      | 0.0002     |
|    n_updates          | 14099      |
|    policy_loss        | 0.0839     |
|    reward             | 0.01484883 |
|    std                | 2.22       |
|    value_loss         | 0.000566   |
--------------------------------------
---------------------------------------
| time/                 |             |
|    fps                | 206         |
|    iterations         | 14200       |
|    time_elapsed       | 343         |
|    total_timesteps    | 71000       |
| train/                |             |
|    entropy_loss       | -4.44       |
|    explained_variance | 0           |
|    learning_rate      | 0.0002      |
|    n_updates          | 14199       |
|    policy_loss        | 0.0454      |
|    reward             | 0.013101791 |
|    std                | 2.23        |
|    value_loss         | 8.52e-05    |
---------------------------------------
EPISODE:  73
---------------------------------------
| time/                 |             |
|    fps                | 206         |
|    iterations         | 14300       |
|    time_elapsed       | 346         |
|    total_timesteps    | 71500       |
| train/                |             |
|    entropy_loss       | -4.45       |
|    explained_variance | 0           |
|    learning_rate      | 0.0002      |
|    n_updates          | 14299       |
|    policy_loss        | 0.227       |
|    reward             | 0.003887719 |
|    std                | 2.24        |
|    value_loss         | 0.00205     |
---------------------------------------
---------------------------------------
| time/                 |             |
|    fps                | 206         |
|    iterations         | 14400       |
|    time_elapsed       | 349         |
|    total_timesteps    | 72000       |
| train/                |             |
|    entropy_loss       | -4.46       |
|    explained_variance | 5.96e-08    |
|    learning_rate      | 0.0002      |
|    n_updates          | 14399       |
|    policy_loss        | 0.174       |
|    reward             | 0.009620861 |
|    std                | 2.25        |
|    value_loss         | 0.00228     |
---------------------------------------
EPISODE:  74
----------------------------------------
| time/                 |              |
|    fps                | 205          |
|    iterations         | 14500        |
|    time_elapsed       | 352          |
|    total_timesteps    | 72500        |
| train/                |              |
|    entropy_loss       | -4.46        |
|    explained_variance | -1.05e-05    |
|    learning_rate      | 0.0002       |
|    n_updates          | 14499        |
|    policy_loss        | -0.0394      |
|    reward             | -0.014162492 |
|    std                | 2.25         |
|    value_loss         | 9.86e-05     |
----------------------------------------
----------------------------------------
| time/                 |              |
|    fps                | 205          |
|    iterations         | 14600        |
|    time_elapsed       | 355          |
|    total_timesteps    | 73000        |
| train/                |              |
|    entropy_loss       | -4.47        |
|    explained_variance | 5.84e-06     |
|    learning_rate      | 0.0002       |
|    n_updates          | 14599        |
|    policy_loss        | 0.047        |
|    reward             | -0.010679872 |
|    std                | 2.27         |
|    value_loss         | 0.000182     |
----------------------------------------
EPISODE:  75
----------------------------------------
| time/                 |              |
|    fps                | 205          |
|    iterations         | 14700        |
|    time_elapsed       | 357          |
|    total_timesteps    | 73500        |
| train/                |              |
|    entropy_loss       | -4.49        |
|    explained_variance | 0            |
|    learning_rate      | 0.0002       |
|    n_updates          | 14699        |
|    policy_loss        | -0.219       |
|    reward             | -0.008766674 |
|    std                | 2.28         |
|    value_loss         | 0.00248      |
----------------------------------------
----------------------------------------
| time/                 |              |
|    fps                | 205          |
|    iterations         | 14800        |
|    time_elapsed       | 360          |
|    total_timesteps    | 74000        |
| train/                |              |
|    entropy_loss       | -4.5         |
|    explained_variance | -2.38e-07    |
|    learning_rate      | 0.0002       |
|    n_updates          | 14799        |
|    policy_loss        | -0.161       |
|    reward             | -0.012678174 |
|    std                | 2.29         |
|    value_loss         | 0.00208      |
----------------------------------------
EPISODE:  76
--------------------------------------
| time/                 |            |
|    fps                | 205        |
|    iterations         | 14900      |
|    time_elapsed       | 362        |
|    total_timesteps    | 74500      |
| train/                |            |
|    entropy_loss       | -4.5       |
|    explained_variance | 1.19e-07   |
|    learning_rate      | 0.0002     |
|    n_updates          | 14899      |
|    policy_loss        | -0.0462    |
|    reward             | 0.00861083 |
|    std                | 2.3        |
|    value_loss         | 0.000189   |
--------------------------------------
---------------------------------------
| time/                 |             |
|    fps                | 205         |
|    iterations         | 15000       |
|    time_elapsed       | 364         |
|    total_timesteps    | 75000       |
| train/                |             |
|    entropy_loss       | -4.51       |
|    explained_variance | -2.38e-07   |
|    learning_rate      | 0.0002      |
|    n_updates          | 14999       |
|    policy_loss        | -0.0995     |
|    reward             | 0.003682901 |
|    std                | 2.31        |
|    value_loss         | 0.000838    |
---------------------------------------
EPISODE:  77
--------------------------------------
| time/                 |            |
|    fps                | 205        |
|    iterations         | 15100      |
|    time_elapsed       | 367        |
|    total_timesteps    | 75500      |
| train/                |            |
|    entropy_loss       | -4.52      |
|    explained_variance | 0          |
|    learning_rate      | 0.0002     |
|    n_updates          | 15099      |
|    policy_loss        | 0.15       |
|    reward             | 0.01400348 |
|    std                | 2.32       |
|    value_loss         | 0.00154    |
--------------------------------------
---------------------------------------
| time/                 |             |
|    fps                | 205         |
|    iterations         | 15200       |
|    time_elapsed       | 369         |
|    total_timesteps    | 76000       |
| train/                |             |
|    entropy_loss       | -4.53       |
|    explained_variance | 0           |
|    learning_rate      | 0.0002      |
|    n_updates          | 15199       |
|    policy_loss        | 0.111       |
|    reward             | 0.014931659 |
|    std                | 2.33        |
|    value_loss         | 0.000763    |
---------------------------------------
EPISODE:  78
-----------------------------------------
| time/                 |               |
|    fps                | 205           |
|    iterations         | 15300         |
|    time_elapsed       | 372           |
|    total_timesteps    | 76500         |
| train/                |               |
|    entropy_loss       | -4.54         |
|    explained_variance | -1.19e-07     |
|    learning_rate      | 0.0002        |
|    n_updates          | 15299         |
|    policy_loss        | 0.136         |
|    reward             | -0.0037889145 |
|    std                | 2.34          |
|    value_loss         | 0.00114       |
-----------------------------------------
----------------------------------------
| time/                 |              |
|    fps                | 205          |
|    iterations         | 15400        |
|    time_elapsed       | 375          |
|    total_timesteps    | 77000        |
| train/                |              |
|    entropy_loss       | -4.55        |
|    explained_variance | 0            |
|    learning_rate      | 0.0002       |
|    n_updates          | 15399        |
|    policy_loss        | 0.0592       |
|    reward             | 0.0027809406 |
|    std                | 2.36         |
|    value_loss         | 0.000663     |
----------------------------------------
EPISODE:  79
----------------------------------------
| time/                 |              |
|    fps                | 205          |
|    iterations         | 15500        |
|    time_elapsed       | 377          |
|    total_timesteps    | 77500        |
| train/                |              |
|    entropy_loss       | -4.56        |
|    explained_variance | 0            |
|    learning_rate      | 0.0002       |
|    n_updates          | 15499        |
|    policy_loss        | -0.149       |
|    reward             | -0.015084701 |
|    std                | 2.36         |
|    value_loss         | 0.00098      |
----------------------------------------
----------------------------------------
| time/                 |              |
|    fps                | 205          |
|    iterations         | 15600        |
|    time_elapsed       | 380          |
|    total_timesteps    | 78000        |
| train/                |              |
|    entropy_loss       | -4.57        |
|    explained_variance | 1.75e-05     |
|    learning_rate      | 0.0002       |
|    n_updates          | 15599        |
|    policy_loss        | -0.0517      |
|    reward             | -0.014515264 |
|    std                | 2.38         |
|    value_loss         | 0.000151     |
----------------------------------------
EPISODE:  80
-----------------------------------------
| time/                 |               |
|    fps                | 204           |
|    iterations         | 15700         |
|    time_elapsed       | 383           |
|    total_timesteps    | 78500         |
| train/                |               |
|    entropy_loss       | -4.58         |
|    explained_variance | 0             |
|    learning_rate      | 0.0002        |
|    n_updates          | 15699         |
|    policy_loss        | -0.221        |
|    reward             | -0.0028735872 |
|    std                | 2.38          |
|    value_loss         | 0.00195       |
-----------------------------------------
----------------------------------------
| time/                 |              |
|    fps                | 204          |
|    iterations         | 15800        |
|    time_elapsed       | 386          |
|    total_timesteps    | 79000        |
| train/                |              |
|    entropy_loss       | -4.58        |
|    explained_variance | 1.19e-07     |
|    learning_rate      | 0.0002       |
|    n_updates          | 15799        |
|    policy_loss        | -0.248       |
|    reward             | -0.007967274 |
|    std                | 2.39         |
|    value_loss         | 0.0024       |
----------------------------------------
EPISODE:  81
---------------------------------------
| time/                 |             |
|    fps                | 204         |
|    iterations         | 15900       |
|    time_elapsed       | 389         |
|    total_timesteps    | 79500       |
| train/                |             |
|    entropy_loss       | -4.59       |
|    explained_variance | 0           |
|    learning_rate      | 0.0002      |
|    n_updates          | 15899       |
|    policy_loss        | 0.0339      |
|    reward             | 0.012975313 |
|    std                | 2.41        |
|    value_loss         | 6.34e-05    |
---------------------------------------
---------------------------------------
| time/                 |             |
|    fps                | 204         |
|    iterations         | 16000       |
|    time_elapsed       | 391         |
|    total_timesteps    | 80000       |
| train/                |             |
|    entropy_loss       | -4.61       |
|    explained_variance | 0           |
|    learning_rate      | 0.0002      |
|    n_updates          | 15999       |
|    policy_loss        | -0.0361     |
|    reward             | 0.009368258 |
|    std                | 2.42        |
|    value_loss         | 0.000107    |
---------------------------------------
EPISODE:  82
---------------------------------------
| time/                 |             |
|    fps                | 203         |
|    iterations         | 16100       |
|    time_elapsed       | 394         |
|    total_timesteps    | 80500       |
| train/                |             |
|    entropy_loss       | -4.61       |
|    explained_variance | -1.19e-07   |
|    learning_rate      | 0.0002      |
|    n_updates          | 16099       |
|    policy_loss        | 0.253       |
|    reward             | 0.009843403 |
|    std                | 2.43        |
|    value_loss         | 0.0022      |
---------------------------------------
---------------------------------------
| time/                 |             |
|    fps                | 203         |
|    iterations         | 16200       |
|    time_elapsed       | 397         |
|    total_timesteps    | 81000       |
| train/                |             |
|    entropy_loss       | -4.62       |
|    explained_variance | 0           |
|    learning_rate      | 0.0002      |
|    n_updates          | 16199       |
|    policy_loss        | 0.171       |
|    reward             | 0.013594907 |
|    std                | 2.44        |
|    value_loss         | 0.00174     |
---------------------------------------
EPISODE:  83
----------------------------------------
| time/                 |              |
|    fps                | 203          |
|    iterations         | 16300        |
|    time_elapsed       | 400          |
|    total_timesteps    | 81500        |
| train/                |              |
|    entropy_loss       | -4.63        |
|    explained_variance | 4.65e-06     |
|    learning_rate      | 0.0002       |
|    n_updates          | 16299        |
|    policy_loss        | 0.0479       |
|    reward             | -0.010467016 |
|    std                | 2.45         |
|    value_loss         | 0.000192     |
----------------------------------------
----------------------------------------
| time/                 |              |
|    fps                | 203          |
|    iterations         | 16400        |
|    time_elapsed       | 403          |
|    total_timesteps    | 82000        |
| train/                |              |
|    entropy_loss       | -4.64        |
|    explained_variance | 1.19e-07     |
|    learning_rate      | 0.0002       |
|    n_updates          | 16399        |
|    policy_loss        | 0.108        |
|    reward             | -0.004882741 |
|    std                | 2.46         |
|    value_loss         | 0.00103      |
----------------------------------------
EPISODE:  84
----------------------------------------
| time/                 |              |
|    fps                | 203          |
|    iterations         | 16500        |
|    time_elapsed       | 406          |
|    total_timesteps    | 82500        |
| train/                |              |
|    entropy_loss       | -4.64        |
|    explained_variance | 0            |
|    learning_rate      | 0.0002       |
|    n_updates          | 16499        |
|    policy_loss        | -0.175       |
|    reward             | -0.012820494 |
|    std                | 2.47         |
|    value_loss         | 0.00209      |
----------------------------------------
----------------------------------------
| time/                 |              |
|    fps                | 203          |
|    iterations         | 16600        |
|    time_elapsed       | 408          |
|    total_timesteps    | 83000        |
| train/                |              |
|    entropy_loss       | -4.65        |
|    explained_variance | -2.5e-06     |
|    learning_rate      | 0.0002       |
|    n_updates          | 16599        |
|    policy_loss        | -0.135       |
|    reward             | -0.014936788 |
|    std                | 2.48         |
|    value_loss         | 0.0011       |
----------------------------------------
EPISODE:  85
----------------------------------------
| time/                 |              |
|    fps                | 202          |
|    iterations         | 16700        |
|    time_elapsed       | 411          |
|    total_timesteps    | 83500        |
| train/                |              |
|    entropy_loss       | -4.66        |
|    explained_variance | 0            |
|    learning_rate      | 0.0002       |
|    n_updates          | 16699        |
|    policy_loss        | -0.107       |
|    reward             | 0.0034427587 |
|    std                | 2.49         |
|    value_loss         | 0.00091      |
----------------------------------------
-----------------------------------------
| time/                 |               |
|    fps                | 202           |
|    iterations         | 16800         |
|    time_elapsed       | 414           |
|    total_timesteps    | 84000         |
| train/                |               |
|    entropy_loss       | -4.68         |
|    explained_variance | -1.19e-07     |
|    learning_rate      | 0.0002        |
|    n_updates          | 16799         |
|    policy_loss        | -0.158        |
|    reward             | -0.0019475129 |
|    std                | 2.51          |
|    value_loss         | 0.00176       |
-----------------------------------------
EPISODE:  86
---------------------------------------
| time/                 |             |
|    fps                | 202         |
|    iterations         | 16900       |
|    time_elapsed       | 417         |
|    total_timesteps    | 84500       |
| train/                |             |
|    entropy_loss       | -4.69       |
|    explained_variance | 0           |
|    learning_rate      | 0.0002      |
|    n_updates          | 16899       |
|    policy_loss        | 0.135       |
|    reward             | 0.014916429 |
|    std                | 2.52        |
|    value_loss         | 0.000703    |
---------------------------------------
----------------------------------------
| time/                 |              |
|    fps                | 202          |
|    iterations         | 17000        |
|    time_elapsed       | 419          |
|    total_timesteps    | 85000        |
| train/                |              |
|    entropy_loss       | -4.7         |
|    explained_variance | 0            |
|    learning_rate      | 0.0002       |
|    n_updates          | 16999        |
|    policy_loss        | 0.0449       |
|    reward             | 0.0134335635 |
|    std                | 2.54         |
|    value_loss         | 0.000121     |
----------------------------------------
EPISODE:  87
----------------------------------------
| time/                 |              |
|    fps                | 202          |
|    iterations         | 17100        |
|    time_elapsed       | 422          |
|    total_timesteps    | 85500        |
| train/                |              |
|    entropy_loss       | -4.71        |
|    explained_variance | 0.809        |
|    learning_rate      | 0.0002       |
|    n_updates          | 17099        |
|    policy_loss        | 0.127        |
|    reward             | 0.0030758437 |
|    std                | 2.55         |
|    value_loss         | 0.000841     |
----------------------------------------
---------------------------------------
| time/                 |             |
|    fps                | 202         |
|    iterations         | 17200       |
|    time_elapsed       | 424         |
|    total_timesteps    | 86000       |
| train/                |             |
|    entropy_loss       | -4.73       |
|    explained_variance | 0.824       |
|    learning_rate      | 0.0002      |
|    n_updates          | 17199       |
|    policy_loss        | 0.0626      |
|    reward             | 0.008981466 |
|    std                | 2.57        |
|    value_loss         | 0.000279    |
---------------------------------------
EPISODE:  88
----------------------------------------
| time/                 |              |
|    fps                | 202          |
|    iterations         | 17300        |
|    time_elapsed       | 426          |
|    total_timesteps    | 86500        |
| train/                |              |
|    entropy_loss       | -4.74        |
|    explained_variance | -1.51e-05    |
|    learning_rate      | 0.0002       |
|    n_updates          | 17299        |
|    policy_loss        | -0.0481      |
|    reward             | -0.014429266 |
|    std                | 2.59         |
|    value_loss         | 0.000123     |
----------------------------------------
----------------------------------------
| time/                 |              |
|    fps                | 202          |
|    iterations         | 17400        |
|    time_elapsed       | 429          |
|    total_timesteps    | 87000        |
| train/                |              |
|    entropy_loss       | -4.75        |
|    explained_variance | 3.04e-06     |
|    learning_rate      | 0.0002       |
|    n_updates          | 17399        |
|    policy_loss        | 0.0467       |
|    reward             | -0.011248647 |
|    std                | 2.6          |
|    value_loss         | 0.000145     |
----------------------------------------
EPISODE:  89
----------------------------------------
| time/                 |              |
|    fps                | 202          |
|    iterations         | 17500        |
|    time_elapsed       | 431          |
|    total_timesteps    | 87500        |
| train/                |              |
|    entropy_loss       | -4.76        |
|    explained_variance | 0.804        |
|    learning_rate      | 0.0002       |
|    n_updates          | 17499        |
|    policy_loss        | -0.0616      |
|    reward             | -0.008181653 |
|    std                | 2.61         |
|    value_loss         | 0.000216     |
----------------------------------------
-----------------------------------------
| time/                 |               |
|    fps                | 202           |
|    iterations         | 17600         |
|    time_elapsed       | 434           |
|    total_timesteps    | 88000         |
| train/                |               |
|    entropy_loss       | -4.78         |
|    explained_variance | 0.00473       |
|    learning_rate      | 0.0002        |
|    n_updates          | 17599         |
|    policy_loss        | -0.146        |
|    reward             | -0.0122640785 |
|    std                | 2.64          |
|    value_loss         | 0.00125       |
-----------------------------------------
EPISODE:  90
---------------------------------------
| time/                 |             |
|    fps                | 202         |
|    iterations         | 17700       |
|    time_elapsed       | 436         |
|    total_timesteps    | 88500       |
| train/                |             |
|    entropy_loss       | -4.79       |
|    explained_variance | -1.19e-07   |
|    learning_rate      | 0.0002      |
|    n_updates          | 17699       |
|    policy_loss        | -0.0417     |
|    reward             | 0.009171148 |
|    std                | 2.66        |
|    value_loss         | 0.000142    |
---------------------------------------
----------------------------------------
| time/                 |              |
|    fps                | 202          |
|    iterations         | 17800        |
|    time_elapsed       | 439          |
|    total_timesteps    | 89000        |
| train/                |              |
|    entropy_loss       | -4.8         |
|    explained_variance | 3.7e-06      |
|    learning_rate      | 0.0002       |
|    n_updates          | 17799        |
|    policy_loss        | -0.119       |
|    reward             | 0.0043452727 |
|    std                | 2.67         |
|    value_loss         | 0.000769     |
----------------------------------------
EPISODE:  91
---------------------------------------
| time/                 |             |
|    fps                | 202         |
|    iterations         | 17900       |
|    time_elapsed       | 441         |
|    total_timesteps    | 89500       |
| train/                |             |
|    entropy_loss       | -4.81       |
|    explained_variance | 0           |
|    learning_rate      | 0.0002      |
|    n_updates          | 17899       |
|    policy_loss        | 0.162       |
|    reward             | 0.013710098 |
|    std                | 2.69        |
|    value_loss         | 0.00156     |
---------------------------------------
---------------------------------------
| time/                 |             |
|    fps                | 202         |
|    iterations         | 18000       |
|    time_elapsed       | 443         |
|    total_timesteps    | 90000       |
| train/                |             |
|    entropy_loss       | -4.82       |
|    explained_variance | 0           |
|    learning_rate      | 0.0002      |
|    n_updates          | 17999       |
|    policy_loss        | 0.108       |
|    reward             | 0.014948374 |
|    std                | 2.7         |
|    value_loss         | 0.000781    |
---------------------------------------
EPISODE:  92
----------------------------------------
| time/                 |              |
|    fps                | 203          |
|    iterations         | 18100        |
|    time_elapsed       | 445          |
|    total_timesteps    | 90500        |
| train/                |              |
|    entropy_loss       | -4.84        |
|    explained_variance | 0            |
|    learning_rate      | 0.0002       |
|    n_updates          | 18099        |
|    policy_loss        | 0.139        |
|    reward             | -0.004595908 |
|    std                | 2.72         |
|    value_loss         | 0.00113      |
----------------------------------------
---------------------------------------
| time/                 |             |
|    fps                | 203         |
|    iterations         | 18200       |
|    time_elapsed       | 447         |
|    total_timesteps    | 91000       |
| train/                |             |
|    entropy_loss       | -4.85       |
|    explained_variance | 0.263       |
|    learning_rate      | 0.0002      |
|    n_updates          | 18199       |
|    policy_loss        | 0.197       |
|    reward             | 0.001954747 |
|    std                | 2.73        |
|    value_loss         | 0.00184     |
---------------------------------------
EPISODE:  93
----------------------------------------
| time/                 |              |
|    fps                | 203          |
|    iterations         | 18300        |
|    time_elapsed       | 449          |
|    total_timesteps    | 91500        |
| train/                |              |
|    entropy_loss       | -4.86        |
|    explained_variance | 5.96e-08     |
|    learning_rate      | 0.0002       |
|    n_updates          | 18299        |
|    policy_loss        | -0.159       |
|    reward             | -0.014982603 |
|    std                | 2.74         |
|    value_loss         | 0.00102      |
----------------------------------------
----------------------------------------
| time/                 |              |
|    fps                | 203          |
|    iterations         | 18400        |
|    time_elapsed       | 451          |
|    total_timesteps    | 92000        |
| train/                |              |
|    entropy_loss       | -4.87        |
|    explained_variance | 1.79e-06     |
|    learning_rate      | 0.0002       |
|    n_updates          | 18399        |
|    policy_loss        | -0.0589      |
|    reward             | -0.014726535 |
|    std                | 2.76         |
|    value_loss         | 0.000176     |
----------------------------------------
EPISODE:  94
-----------------------------------------
| time/                 |               |
|    fps                | 203           |
|    iterations         | 18500         |
|    time_elapsed       | 453           |
|    total_timesteps    | 92500         |
| train/                |               |
|    entropy_loss       | -4.88         |
|    explained_variance | 0.527         |
|    learning_rate      | 0.0002        |
|    n_updates          | 18499         |
|    policy_loss        | -0.161        |
|    reward             | -0.0021932218 |
|    std                | 2.77          |
|    value_loss         | 0.00125       |
-----------------------------------------
-----------------------------------------
| time/                 |               |
|    fps                | 203           |
|    iterations         | 18600         |
|    time_elapsed       | 456           |
|    total_timesteps    | 93000         |
| train/                |               |
|    entropy_loss       | -4.89         |
|    explained_variance | 0.47          |
|    learning_rate      | 0.0002        |
|    n_updates          | 18599         |
|    policy_loss        | 0.105         |
|    reward             | -0.0073611634 |
|    std                | 2.8           |
|    value_loss         | 0.00057       |
-----------------------------------------
EPISODE:  95
---------------------------------------
| time/                 |             |
|    fps                | 203         |
|    iterations         | 18700       |
|    time_elapsed       | 458         |
|    total_timesteps    | 93500       |
| train/                |             |
|    entropy_loss       | -4.9        |
|    explained_variance | 0           |
|    learning_rate      | 0.0002      |
|    n_updates          | 18699       |
|    policy_loss        | 0.0464      |
|    reward             | 0.013317609 |
|    std                | 2.81        |
|    value_loss         | 7.9e-05     |
---------------------------------------
---------------------------------------
| time/                 |             |
|    fps                | 203         |
|    iterations         | 18800       |
|    time_elapsed       | 461         |
|    total_timesteps    | 94000       |
| train/                |             |
|    entropy_loss       | -4.91       |
|    explained_variance | 5.96e-08    |
|    learning_rate      | 0.0002      |
|    n_updates          | 18799       |
|    policy_loss        | -0.0342     |
|    reward             | 0.009903105 |
|    std                | 2.82        |
|    value_loss         | 0.0001      |
---------------------------------------
EPISODE:  96
--------------------------------------
| time/                 |            |
|    fps                | 203        |
|    iterations         | 18900      |
|    time_elapsed       | 463        |
|    total_timesteps    | 94500      |
| train/                |            |
|    entropy_loss       | -4.93      |
|    explained_variance | 0.534      |
|    learning_rate      | 0.0002     |
|    n_updates          | 18899      |
|    policy_loss        | -0.0743    |
|    reward             | 0.00921494 |
|    std                | 2.84       |
|    value_loss         | 0.000482   |
--------------------------------------
---------------------------------------
| time/                 |             |
|    fps                | 203         |
|    iterations         | 19000       |
|    time_elapsed       | 466         |
|    total_timesteps    | 95000       |
| train/                |             |
|    entropy_loss       | -4.94       |
|    explained_variance | 0.00885     |
|    learning_rate      | 0.0002      |
|    n_updates          | 18999       |
|    policy_loss        | 0.137       |
|    reward             | 0.013248071 |
|    std                | 2.86        |
|    value_loss         | 0.000793    |
---------------------------------------
EPISODE:  97
----------------------------------------
| time/                 |              |
|    fps                | 203          |
|    iterations         | 19100        |
|    time_elapsed       | 468          |
|    total_timesteps    | 95500        |
| train/                |              |
|    entropy_loss       | -4.95        |
|    explained_variance | 1.24e-05     |
|    learning_rate      | 0.0002       |
|    n_updates          | 19099        |
|    policy_loss        | 0.0544       |
|    reward             | -0.011047972 |
|    std                | 2.87         |
|    value_loss         | 0.000163     |
----------------------------------------
-----------------------------------------
| time/                 |               |
|    fps                | 203           |
|    iterations         | 19200         |
|    time_elapsed       | 471           |
|    total_timesteps    | 96000         |
| train/                |               |
|    entropy_loss       | -4.96         |
|    explained_variance | 0.0015        |
|    learning_rate      | 0.0002        |
|    n_updates          | 19199         |
|    policy_loss        | 0.134         |
|    reward             | -0.0056689936 |
|    std                | 2.89          |
|    value_loss         | 0.00102       |
-----------------------------------------
EPISODE:  98
----------------------------------------
| time/                 |              |
|    fps                | 203          |
|    iterations         | 19300        |
|    time_elapsed       | 474          |
|    total_timesteps    | 96500        |
| train/                |              |
|    entropy_loss       | -4.97        |
|    explained_variance | 0.0133       |
|    learning_rate      | 0.0002       |
|    n_updates          | 19299        |
|    policy_loss        | -0.0839      |
|    reward             | -0.012416128 |
|    std                | 2.9          |
|    value_loss         | 0.000703     |
----------------------------------------
----------------------------------------
| time/                 |              |
|    fps                | 203          |
|    iterations         | 19400        |
|    time_elapsed       | 476          |
|    total_timesteps    | 97000        |
| train/                |              |
|    entropy_loss       | -4.98        |
|    explained_variance | 1.19e-07     |
|    learning_rate      | 0.0002       |
|    n_updates          | 19399        |
|    policy_loss        | -0.143       |
|    reward             | -0.014784655 |
|    std                | 2.92         |
|    value_loss         | 0.00112      |
----------------------------------------
EPISODE:  99
----------------------------------------
| time/                 |              |
|    fps                | 203          |
|    iterations         | 19500        |
|    time_elapsed       | 479          |
|    total_timesteps    | 97500        |
| train/                |              |
|    entropy_loss       | -4.99        |
|    explained_variance | 4.31e-05     |
|    learning_rate      | 0.0002       |
|    n_updates          | 19499        |
|    policy_loss        | -0.134       |
|    reward             | 0.0041079125 |
|    std                | 2.94         |
|    value_loss         | 0.000906     |
----------------------------------------
-----------------------------------------
| time/                 |               |
|    fps                | 203           |
|    iterations         | 19600         |
|    time_elapsed       | 482           |
|    total_timesteps    | 98000         |
| train/                |               |
|    entropy_loss       | -5.01         |
|    explained_variance | 0.0132        |
|    learning_rate      | 0.0002        |
|    n_updates          | 19599         |
|    policy_loss        | -0.18         |
|    reward             | -0.0012625423 |
|    std                | 2.96          |
|    value_loss         | 0.00181       |
-----------------------------------------
EPISODE:  100
---------------------------------------
| time/                 |             |
|    fps                | 203         |
|    iterations         | 19700       |
|    time_elapsed       | 484         |
|    total_timesteps    | 98500       |
| train/                |             |
|    entropy_loss       | -5.02       |
|    explained_variance | 0           |
|    learning_rate      | 0.0002      |
|    n_updates          | 19699       |
|    policy_loss        | 0.155       |
|    reward             | 0.014946725 |
|    std                | 2.98        |
|    value_loss         | 0.000737    |
---------------------------------------
---------------------------------------
| time/                 |             |
|    fps                | 203         |
|    iterations         | 19800       |
|    time_elapsed       | 487         |
|    total_timesteps    | 99000       |
| train/                |             |
|    entropy_loss       | -5.03       |
|    explained_variance | 0           |
|    learning_rate      | 0.0002      |
|    n_updates          | 19799       |
|    policy_loss        | 0.0517      |
|    reward             | 0.013735326 |
|    std                | 3           |
|    value_loss         | 0.000151    |
---------------------------------------
EPISODE:  101
----------------------------------------
| time/                 |              |
|    fps                | 203          |
|    iterations         | 19900        |
|    time_elapsed       | 489          |
|    total_timesteps    | 99500        |
| train/                |              |
|    entropy_loss       | -5.04        |
|    explained_variance | 0.514        |
|    learning_rate      | 0.0002       |
|    n_updates          | 19899        |
|    policy_loss        | 0.181        |
|    reward             | 0.0022529492 |
|    std                | 3.01         |
|    value_loss         | 0.00138      |
----------------------------------------
---------------------------------------
| time/                 |             |
|    fps                | 203         |
|    iterations         | 20000       |
|    time_elapsed       | 492         |
|    total_timesteps    | 100000      |
| train/                |             |
|    entropy_loss       | -5.05       |
|    explained_variance | 0.299       |
|    learning_rate      | 0.0002      |
|    n_updates          | 19999       |
|    policy_loss        | -0.0816     |
|    reward             | 0.008312875 |
|    std                | 3.03        |
|    value_loss         | 0.000524    |
---------------------------------------
Saved episode log to Results\250619_a2c_hc_binary_udp\a2c\periodic\training_logs\01.csv
