Unnamed: 0,id,tweet,username,domain,label_multi,label_binary
333,819277211551338496,Stock up on your fave shade! Save $4 on 2 #Nutrisse boxes @walgreens  https://t.co/bbkwPbFzs4 (&amp; see a sneak peek of new #UltraColor!)  https://t.co/8PmqHSgavi,garnierusa,cosmetics,not_green,0
44,1360219607454384128,Each year we welcome up to 350 apprentices - helping them kick start their careers through our 42 apprenticeship programmes #BuildTheFuture #NAW21  Read more:  https://t.co/uWj9Si2VoA  https://t.co/KXxygQ7llz,dixonscarphone,electronics,not_green,0
45,1236335831176134656,"Our Pineapple + Maqui Berry + Coconut Hand wash will clean your hands and nurture your skin with a formula made with plant-derived ingredients, organic extracts and nourishing botanicals. The smell is 100% uplifting, happy and gorgeous too.  https://t.co/smgpN3xObb  https://t.co/ohH2BNBh5U",rawsugarliving,cosmetics,explicit_claim,1
138,1084585839894716419,"Perk up with the icy-cool tingle of Rosemary Mint and its 100% naturally-derived* aroma. (*from plants, non-petroleum minerals and water)  https://t.co/RZg5xVK9xS  https://t.co/CLXsE7TGJO",aveda,cosmetics,explicit_claim,1
25,990230823533273088,"We can’t wait to try this weekend #LipLook 💋. Apply #LipstickEnvy Matte in Smash Up to the center of your pout, then blend #PureColorEnvy Paint-On Liquid LipColor in Wine Shot in from the outer edges for a metallic ombré sheen. Get #LipsToEnvy now:  https://t.co/wYDiXWpekr  https://t.co/PecQdE64bh",esteelauder,cosmetics,not_green,0
132,1206241345247076352,"Does the #winter weather have your lips feeling dry? Give them some TLC with our creamy, lightweight #LipButters! Available in three botanical flavors. Shop Now:  https://t.co/0jz5Klc2PL  https://t.co/VZtO9EMkeA",burtsbees,cosmetics,not_green,0
110,1109107558437044229,We're proud to announce that from 2017 to 2018 we reduced our collective water consumption by nearly 10 percent! #WorldWaterDay #Sustainability Matters 💧  https://t.co/SMpgjv88Zh,whirlpoolcorp,electronics,explicit_claim,1
34,846017668331307008,Evolution of the Canon logo #history #WayBackWednesday  https://t.co/i6ohvqxvVk,canonusa,electronics,not_green,0
138,842822837748420609,"What can we say, green is our color ☘️💚 #HappyStPatricksDay  https://t.co/HJ28hgwfra",garnierusa,cosmetics,not_green,0
77,1189644410364915712,We're honored to be recognized by @USGBC with a 2019 Leadership Award celebrating C-P’s 15 TRUE Zero Waste certified manufacturing sites on 4 continents and 13 LEED certifications for green buildings in 8 countries. #sustainability   https://t.co/2i3pgfiVdp,cp_news,cosmetics,explicit_claim,1
121,994596379266895872,"#tbt In 1964, we were at the forefront of developing the ""Shinkansen"", a word synonymous in Japan with high-speed rail.  https://t.co/mqkX2yKOBj  https://t.co/6Zn0Xu1IGf",hitachiglobal,electronics,not_green,0
171,889877982743064576,"Treat your curls to  #Fructis Curl Nourish for for a gentle cleanse, that doesn’t strip hair’s natural moisture for frizz-resistant #curls.  https://t.co/X0Pe4q0Dr1",garnierusa,cosmetics,not_green,0
77,920530261036752896,It's that time already! How to find a Christmas temp job  https://t.co/ApTuNNAc4h,dixonscarphone,electronics,not_green,0
82,1312278710645526528,"Keep your cool this summer with our new Special Edition Cool Cucumber range. Made with cucumber juice and Community Fair Trade organic almond milk and shea butter, this range is instantly cooling and is the perfect treat for keeping cool and cleansed all summer.",thebodyshopsa,cosmetics,explicit_claim,1
173,913898726728589313,Your search for the right skillset to build engaging desktop &amp; web applications ends here. #richinternetapplications  https://t.co/t2TcbtOR2p  https://t.co/Bkr23Bq6St,clarion_tech,electronics,not_green,0
68,1280523287970361345,"Our brand Garnier commits to Green Beauty 🌱  By 2025, all products will be made with Zero Virgin Plastic, all #packaging will be reusable, recyclable or compostable, and all industrial sites will be #carbonneutral 🌍  https://t.co/aG0xjBWXdc",loreal,cosmetics,explicit_claim,1
112,929885034235998208,Bi-Wiring and Bi-Amping Explained | Audio Advice  https://t.co/qA8d9SErNf  https://t.co/VZVcftLrno,audioadvice,electronics,not_green,0
306,1133044107885129728,"Since L'Oréal was founded over a century ago, we have made targeted acquisitions to build a global flotilla of iconic, diverse and complementary 36 brands. Learn how #acquisitions bolster our brand portfolio to ensure organic growth ↗️   https://t.co/lLZiXyItU4 #finance  https://t.co/hqhY7w5YXK",loreal,cosmetics,not_green,0
46,1253006903837417476,"As a baby skincare brand, we care about our little one’s not only by using natural, safe and hypoallergenic ingredients, but also by building a greener and healthier planet for them to live on. ⁠ As a @BCorp brand, we have made a pledge to protect our planet by:⁠  https://t.co/VVnFvswooh",mustelausa,cosmetics,explicit_claim,1
119,1219258281966870528,"Plant-powered Hydration: Organic pomegranate oil, Mango butter &amp; Organic coconut oil. Find these superfoods in Nutriplenish and feed dry strands with moisture.  https://t.co/Jr0PXhH5yk  #aveda #nutriplenish #vegan  https://t.co/HL3II3x4IB",aveda,cosmetics,explicit_claim,1
54,1133613945602940929,"#DidYouKnow that our teams are developing “health management” #beautytech helping doctors &amp; dermatologists to establish diagnosis for patients? For example, La Roche-Posay recently launched My Skin Track UV – the first ever wearable, connected battery-free UV sensor  🤳 📱 #tech  https://t.co/2DoKj5JhMm",loreal,cosmetics,not_green,0
40,1250723105128845315,"Your life at home office is too dreary for you? Make it more colourful with your new hair colour. It's easy at home - With Onlylove Colorations, your hair shines intensely and healthily for the perfect natural look.  https://t.co/2QoTi9s3dw #schwarzkopf #strongertogether #staysafe  https://t.co/0HeJYsrBQW",schwarzkopf,cosmetics,not_green,0
138,937048922052354049,How naturals offer a safe haven in a world seen as potentially dangerous @lobsoco #MonthyDigest  https://t.co/RxmtH0VTHs  https://t.co/Yqbap0Jbl9,loreal,cosmetics,implicit_claim,1
83,1291082550165876736,"✨NEW✨ Protect Your Look Bundle 💄😍 Whether you’re doing full face glam or a minimal makeup look, this bundle has everything you need to keep it flawless 24/7! Includes: ☀️ SunFilter 💧 Primed &amp; Ready   🌱 Dewy Dew   🎁 FREE Eco-Friendly Kabuki Makeup Brush  https://t.co/gy8vXTrZHG",bioclarity,cosmetics,explicit_claim,1
16,1357403629746012160,Congratulations to our Chief Sustainability Officer and Director of Global Sustainability Ron Voglewede for being named to Michigan Governor Gretchen Whitmer's new Council on Climate Solutions.  https://t.co/B5MlrGcwxT  https://t.co/GQxfdp0Kmv,whirlpoolcorp,electronics,implicit_claim,1
190,1177236391446683649,"Feed your lips. Our new color lip balm is 93% naturally derived* from ingredients like pomegranate and avocado.  *From plants, non-petroleum minerals or water. . #Aveda  #SelfCare  https://t.co/B9nULAy01P",aveda,cosmetics,implicit_claim,1
58,1086201670957035520,"How can we replicate the last decade's dramatic progress on social, economic and environmental challenges in the next one? @TheEconomist asks and @HitachiGlobal answers… #WEF #DAVOS #SocialInnovation #SDGs",hitachiglobal,electronics,implicit_claim,1
201,930323975024009216,The Commemorative Edition of one of the greatest Australian rock albums of all time @JimmyBarnes 'For The Working Class Man' is available now @JBHiFi for a limited time!   https://t.co/nodm4dU2WI  https://t.co/IKMwkokQJB,jbhifi,electronics,not_green,0
355,1185161972154851329,Congratulations to @NASA astronauts @Astro_Jessica and @Astro_Christina on the first all-female #spacewalk. #ShowUs one giant leap for womankind!🚀👩‍🚀 👩‍🚀💫  https://t.co/R3vmIidwnu,dove,cosmetics,not_green,0
250,872782640860057600,"Nokia's Open #Innovation Challenge to leverage #IoT technologies enabling a smart, safe &amp; sustainable world  https://t.co/iWQXMOPKmO @NGP_VC  https://t.co/Rvtv2olhCV",nokia,electronics,implicit_claim,1
166,1193867258810044418,"I truly care about all of our oceans! That's why I like Oriflame - they only work with 100% natural origin exfoliants, like almond kernels and salt, in their beauty products.  https://t.co/oJr2NNBOZK",oriflameuk,cosmetics,explicit_claim,1
69,842707113780555777,"We're decked out in green today, which includes using our fresh Verbena range. Happy St. Patrick’s Day!  https://t.co/RSCYI4fCzf  https://t.co/XvNNjimgzK",loccitaneusa,cosmetics,not_green,0
19,847901319759142912,"Give your cheeks a rush of color. Go bold, romantic or natural with Pure Color Envy Sculpting Blush. Shop now:  https://t.co/G8EPQKzOzk  https://t.co/qhjYBjif5i",esteelauder,cosmetics,not_green,0
72,1112754024577675266,What's one of the top questions we get from you guys? Is @yesto like pesto? Yup! Introducing the NEW Yes To Pesto Mud Mask!   Just kidding!!! Happy April Fools'! 😜  https://t.co/gfnSpnuZPX,yesto,cosmetics,not_green,0
84,1037627718479867905,"""F9 is the first time I’d say a phone looks straight-up better with its notch than it would without."" @verge  https://t.co/lll0jVu2HD",oppo,electronics,not_green,0
46,1248011290905161729,"CBD has become one of the buzziest trends in #beauty for its calming &amp; nourishing effects. Have you tried Green Goddess Facial Oil, our very first facial oil formulated with 100mg of CBD from domestically grown hemp?  https://t.co/mg9WTEVL7v",avoninsider,cosmetics,explicit_claim,1
12,1322614414634344450,"Do you want to know what’s scary? The trash we discard pollutes our land, clogs our waterways, depletes our natural resources, and contaminates the air we breathe. 🗑🎃 #Halloween  https://t.co/kRwDvcuL95",microsoft,electronics,implicit_claim,1
38,1131461653177016320,"At 2019 IEEE, we explored a vision for #6G and the future of connected intelligence which will dramatically change the way we live and work. 🌐  Read the full story:  https://t.co/3HT1Xw6qTI  https://t.co/iK2KA1V67b",oppo,electronics,not_green,0
37,1325846372734570496,"Love this in-store #recycling kiosk in Brazil that also promotes Colgate Natural Extracts toothpaste, now in our #recyclable tubes! Shoppers insert recyclable material and receive benefits like discounts or cashback or send donations to NGOs. #caring #circulareconomy  https://t.co/12BX4l4x5Y",cp_news,cosmetics,explicit_claim,1
204,1321451667527749634,"We understand the power and potential of harnessing nature, which is why we aim to use naturally derived ingredients in our formulations whenever possible.  Celebrate #SustainabilityDay with us and learn more about how we incorporate sustainability on  https://t.co/nJjDmlTS2S  https://t.co/n0Iu8FdpNl",aveda,cosmetics,explicit_claim,1
0,1298757190677913600,"Formulated with Dragon Fruit and Passion Fruit Extracts and Niacinamide, the Limited Edition 2-in-1 Color Mystery Mask moisturizes to enhance the look of brightness by supporting your skin's moisture barrier.  https://t.co/Ch6bXb2AK4  https://t.co/Sy73SzxuCU",arbonne,cosmetics,not_green,0
166,859437493984350208,Stylist @michaelduenas gave @amanda_montell a beachy texture 💚 Mix Pure Clean Mousse + Pure Clean #DryShampoo (exclusive @targetstyle 🎯 )  https://t.co/q6LV4mBwlN,garnierusa,cosmetics,not_green,0
342,913878653611765761,"Would your family win? Tag them &amp; watch @FamilyFeud on #ChannelPlus, powered by @XumoTV. #SeriousWatcher Learn more:  https://t.co/4wgNlBCoYI  https://t.co/pYWSEyNVM2",lgus,electronics,not_green,0
53,1233799106562338816,"Watermelon lovers, you’re not alone. Our Watermelon + Fresh Mint Body Wash is getting rave reviews for the amazingly fresh and juicy scent and gentle way the plant-derived ingredients nurture and love your skin.  https://t.co/QkCiDv5bNY  https://t.co/vFyuMzeHwX",rawsugarliving,cosmetics,implicit_claim,1
182,1085295849465249792,"If you enjoyed our @E14Community's Essentials courses on Industrial #IoT and #LoRaWAN, then you're not going to want to miss this third course on IoT security.  https://t.co/Sfd9oqUvkR  https://t.co/IRAKPEIsJy",avnet,electronics,not_green,0
249,1206685372459163651,"Leave a 🥥 in the comments if you're coco-nuts about this hydrating collection! Best part, it's made with real botanicals endorsed by the Royal Botanic Gardens, Kew @kewgardens #HerbalEssences #PlantPowerInEveryShower  https://t.co/dMPRWGua3J",herbalessences,cosmetics,implicit_claim,1
54,1166836164164227072,"Wake up this morning with a zit? Stay away from harsh chemicals and benzoyl peroxide; instead, use salicylic acid, a natural exfoliator that clears pores of bacteria, dead skin cells, and sebum. Buh-bye breakouts!  https://t.co/Kx55QN6IXf",bioclarity,cosmetics,implicit_claim,1
118,1199055580972883970,Don't sweat about making the switch from anti-persipirants to natural deodorants. Protect your pits from impurities &amp; odor with the Yes To Natural Charcoal Deodorants! Find them now at @WalmartCanada 🇨🇦  https://t.co/2SRDrZ1FSs  #walmartcanada #naturaldeodorant #walmartfinds  https://t.co/5paj8kZdvM,yesto,cosmetics,explicit_claim,1
312,1174745033339219969,"Whether you keep your beauty routine simple or go full glam, lock your makeup in place all day with the Yes To Cucumbers Cooling Hydrating Primer Stick 💚  Learn more here:  https://t.co/tMBwDaXynX  #makeup #primer #naturalskincare  https://t.co/6XWkktl0dA",yesto,cosmetics,implicit_claim,1
26,1170003730344894464,Take center stage with #LipsToEnvy. Find your shade of #PureColorEnvy Sculpting Lipstick:  https://t.co/NGOhSMOcV6 ❤️  https://t.co/dSDFwX1rQ9,esteelauder,cosmetics,not_green,0
200,1236709318336098306,What advice would you give to your younger self?   Aveda Texture Team Artist / Hair Color Purefessional Naomi Dove spoke to us about confidence and equality for #InternationalWomensDay. @avedaitgirl   #AvedaWoman #WomenInBuisness  https://t.co/jAmiKmSWTI,aveda,cosmetics,not_green,0
222,1302854262255423488,This non-greasy formula is enriched with Community  Trade organic virgin coconut oil from Samoa and enhances your natural tan with a warm hint of shimmering colour. It can also be used all year round to give every skin tone a little boost of holiday radiance.,thebodyshopsa,cosmetics,explicit_claim,1
31,1257686500487188481,"Today is Giving Tuesday, a day to unite in support of communities and organizations vital to their success.  Join Aveda and give at  https://t.co/0dFHHd860P, by adding a donation during checkout at  https://t.co/nJjDmlTS2S, or by gifting Pure PrivilegeSM Points.  #avedacares  https://t.co/B5b6X0XISs",aveda,cosmetics,not_green,0
73,1313743822145425408,"[NEWS!] Our brand Lancôme has just acquired an estate in Grasse, called Domaine de la Rose 🌹, so they can cultivate #roses and other #perfume plants in a #sustainable and #organic way! Open the images to discover more ⬇️  https://t.co/hz1YYb2yuA",loreal,cosmetics,explicit_claim,1
52,1216253477141319680,"Our Spa of the World range is enriched with Ethiopian green coffee and Community Trade olive oil from Italy and honey from Ethiopia. If you haven't yet tried this luxurious range, now is the time to do so! #SelfcareSunday #TheBodyShop #CrueltyFreeBeauty  https://t.co/1LFDwmadsT  https://t.co/afazXYMx8m",thebodyshopsa,cosmetics,explicit_claim,1
279,1238915246947008516,"Did you know we have 6 NEW fit me concealer shades?! Cover up those bags and blemishes for flawless, natural-looking skin with this classic! 😍   Find your shade here:  https://t.co/oUWJbIjSX2  https://t.co/hQyMfX4gqc",maybelline,cosmetics,not_green,0
147,819212314499018752,Karen Dalton with a C21st sonic overhaul? Astonishing song-writing on our @RoughTrade album of the month  https://t.co/ScMOjfF0gk  https://t.co/KthAuLnO1q,bowerswilkins,electronics,not_green,0
79,1152641110025691139,Our @E14Community's Summer Code Club Challenge inspired a group of students in Mexico to use @microbit_edu to test the water quality of their local river.  https://t.co/8MoVRC2lDc  https://t.co/ecwOYGrA6g,avnet,electronics,not_green,0
14,931477191501795328,Going to #HPEDiscover? Don't miss SL4553 session! Details here:  https://t.co/VWpjTfXHQC #BetterTogetherTech  https://t.co/utxslGDQMl,cancom_uki,electronics,not_green,0
141,1010115707001016322,Introducing the latest member of the @Sonos family! Check out the new Beam and more of the latest home audio gear here:  https://t.co/v1LIVWNLN1  https://t.co/DG8gSqePxq,crutchfield,electronics,not_green,0
41,1036689256389980163,Just keep G L O W I N G ✨ Naturally brighten and enhance your skin's radiance with the Yes To Grapefruit Mud Mask 💖 BOGO 50% off any Yes To mask until 9/8 at CVS Pharmacy!  https://t.co/QQSn7LLCfi   📸 by: Hieu Cow  https://t.co/8Kw7DEYCzq,yesto,cosmetics,not_green,0
299,1196479020776468483,"Great hair is the perfect plus one for all of your adventures 🗺 Our Birch Bark Extract Collection is sulfate free AND contains real botanicals endorsed by the Royal Botanic Gardens, Kew (@kewgardens) (📸: @leighannk_) #SulfateFree #PlantPowerInEveryShower  https://t.co/2gitL0ww0m",herbalessences,cosmetics,implicit_claim,1
129,1173537008888643584,"#thereisnoplanetb - today is the International Day for the Preservation of the Ozone Layer. Schwarzkopf is contributing to more #sustainability, e.g. by using bottles which are made with 30%-100% #recycledplastic and environmentally friendly formulas, which are 90% biodegradable.  https://t.co/EBUDFTKWh2",schwarzkopf,cosmetics,explicit_claim,1
356,1197552777326546944,We were incredibly honored to receive a @USGBC 2019 Leadership Award at #Greenbuild19 recognizing Colgate's green building achievements. So proud of our #sustainability teams and Colgate People everywhere who contributed their efforts.  Details here:   https://t.co/7L2s1BvrHW  https://t.co/uEP4szkLLA,cp_news,cosmetics,explicit_claim,1
131,997492193014231040,#ICYMI interacting with your smart appliances just got easier:  https://t.co/7eb9isRrt5,whirlpoolcorp,electronics,not_green,0
268,1119315509806346241,No glitter. Just glow. Coming (REALLY) soon. #CleanBeauty  https://t.co/BIG1jTjXjU,bareminerals,cosmetics,explicit_claim,1
272,837105749365035009,A good way to send the powered signal from your amp to your speakers is to run the wires back to the harness.  https://t.co/FSUx20X8li  https://t.co/DtDOW0vNd0,crutchfield,electronics,not_green,0
13,1327030917303590912,Mid and West Wales Fire and Rescue Service is using Microsoft Surface and Microsoft 365 to better respond to emergencies and train new recruits. 🚒  Learn how:  https://t.co/8W6e1kGjUR,microsoft,electronics,not_green,0
161,1385284799582162946,"This #EarthDay, we turned to our employees to hear about how they are harnessing their passion to help us realize a greener tomorrow. From the air we breathe to how our food is stored (all helping to reduce carbon footprints!), check out what they shared!  https://t.co/3idRZaT0GF  https://t.co/uUmOCPFvlz",panasonicna,electronics,implicit_claim,1
126,1199707199267840004,"Use code ""HOLIDAY19"" to take 15% off your purchase and get a product that gives back this holiday season🎁 Did you know 50% of our net profits go to causes providing aid to those in need?  https://t.co/XPlYaKUhpv  https://t.co/OCw4XGRe9G",jascoproducts,electronics,not_green,0
364,1061997107840761857,Chores are way more fun when they’re done with friends.  https://t.co/uHBj83e57K,bestbuy,electronics,not_green,0
184,1160920642503487489,We agree that #cybersecurity should be at the center of conversation around #connectedcars. HARMAN is committed to supporting state and federal efforts that prioritize connected car security @CyberScoopNews @MEDC https://t.co/V0xewvcn2L  https://t.co/2LjJELeT3q,harman,electronics,not_green,0
80,1005102247984975874,Retweet if you want to try #WholeBlends Oat Delicacy care cream #hairmask! This  gentle and nourishing mask is perfect for on-the-go! Available @Walmart . #haircare #oats  https://t.co/O56osI1j6X,garnierusa,cosmetics,not_green,0
107,1052824166766796800,"Special Talk Session with Architect, @naitohiroshi and Historian,@diamondfloor41 at #HSIF2018TOKYO, “Creating Sustainable Cities – Lifestyle Innovation: Its Past and Future-“ More special sessions available.  For more:  https://t.co/s6a83IV123 #HitachiWeek #HSIF2018 #SDGs  https://t.co/7COALKjy7C",hitachiglobal,electronics,implicit_claim,1
154,846013893575131136,"#DYK that in 2016, our Melville HQ was listed on CR Magazine's Most Sustainable Corporate Headquarters List? #CanonGoesGreen  https://t.co/2kMt1a0Yfn",canonusa,electronics,implicit_claim,1
121,908286802854858752,"What if television were just for you? In our blog, @Paul_Larbey tells us about the highly personalized future of #TV  https://t.co/hMlTkhmmCS  https://t.co/nrpJERssjo",nokia,electronics,not_green,0
247,1227003132724555777,"🌱Green Goddess Facial Oil is made with sustainably sourced ingredients like #hemp seed oil, squalane, turmeric and jojoba oil blended with the hemp plant, which contains lots of good stuff like vitamins and essential fatty acids:  https://t.co/GvKgL5QY81.🌱  https://t.co/kRzfCQGQRL",avoninsider,cosmetics,explicit_claim,1
61,1306193641317240832,Back in black... Carbon style. PX7 Carbon Edition - Coming Soon #bowerswilkins #PX7carbon #comingsoon  https://t.co/KCilGZYMrY,bowerswilkins,electronics,not_green,0
174,1313516536079036417,Watch how quick and easy it can be to drink your Total Greens! #healthylivingrevolution   https://t.co/EySbj7zHSb,monatofficial,cosmetics,implicit_claim,1
98,975838572816117760,Environmental solutions come in all shapes and sizes.,canonusa,electronics,implicit_claim,1
37,925384567334326273,Let MyQ® and @AlpineUSA  help give you peace in mind in knowing that your home is secure from wherever you are.  https://t.co/ENv1TFiIEp  https://t.co/roKZL7bsAO,alpineusa,electronics,not_green,0
120,1118617975614050305,"Excited for the #EarthDay Twitter Chat w/ @EnergyStar on April 22nd! Be sure to tune in to #ENERGYSTARChat, to learn about all the incredible ways ENERGY STAR certified products can save you money while helping to save the planet! Start by pledging today:   https://t.co/pbnP8l5K34  https://t.co/qvKViX0IWM",lgus,electronics,explicit_claim,1
124,1319315887145537541,"have you tried our shower oils yet? 👇nourish, hydrate and cleanse skin with these perfectly lightweight blends 💙let each scent envelop you as the gentle lather hydrates skin for a little extra love with every wash ✨  https://t.co/481oFc3FE1",beautyandplanet,cosmetics,not_green,0
123,1196172409268842496,"Dreaming of a healthy, natural glow? Reach your ✨ultimate glow goals✨ with the help of these tips:  https://t.co/3IsoGx03kU",bioclarity,cosmetics,not_green,0
8,1140740865167675393,"Our #Fructis Curl Treats are made with only the good stuff to make your curls look good and feel good! ✔️98% naturally-derived ✔️80% biodegradable formula ✔️NO sulfates, silicones, parabens, artificial colorants and mineral oil #curls #garniergreen #recycle #empties  https://t.co/rk4NvU8jgt",garnierusa,cosmetics,explicit_claim,1
243,1262426142348382208,"Register for our next webinar to lean more about data collection strategies utilized by some of the top companies in the Life Sciences arena.  When: Wednesday, May 20 from 3 - 4 PM CDT  Learn more and register 👇   https://t.co/6LVBS36NKk  #Treaceability #lifesciences  https://t.co/wAuMhVAoUq",omronautomation,electronics,not_green,0
79,1006189611587198977,How long before battery storage of #RenewableEnergy goes mainstream? 🔋  Find out here:  https://t.co/Xgi45lJPGs,panasonicna,electronics,implicit_claim,1
65,1100059061339471875,".@jasonh kicking off the panel discussion about edge computing opportunities with @Telekom_group, @Samsung, @Niantic, @Microsoft. #MWC19 #EdgeReality #EdgeComputing  https://t.co/vuY5CaTe92",mobiledgex,electronics,not_green,0
193,1315674037222346753,Who wants ice cream? 🍦 @throtl installed our DMH-WT8600NEX into their ice cream build! #pioneercaraudio #connectedcar #carplay #androidauto  https://t.co/C7QZNx4JvK,pioneerusa,electronics,not_green,0
180,1275082208676462595,We’re working hard to reduce CO2 emissions across our global operations. Check out how our Mission Hills facility is putting wind to work as part of an ambitious green power program…   #windpower #sustainability #renewableenergy  https://t.co/pnQaP07HKc,cp_news,cosmetics,explicit_claim,1
139,1252955257375768578,"LG is proud to offer a portfolio of products that earned the asthma &amp; allergy friendly® certificate from the Asthma &amp; Allergy Foundation of America. Certified washers, vacuums, air purifiers &amp; LG Styler help remove allergens like pollen, dust &amp; dander from your clothing &amp; home.  https://t.co/WHlz0C6EMS",lgus,electronics,not_green,0
47,1082375741075935232,We have a mASSive v-day drop on the site NOW! Shop the range here:  https://t.co/ZdvOtnTpZe or check with your local shop starting January 11th. 🍑🍆💞  https://t.co/TgAWc6sGfv,lushcosmetics,cosmetics,not_green,0
188,1320328100320739334,"Baby soft skin? Yes, please! NovAge's Skin Renewing Peel is just what I need to exfoliate, enhance texture, smooth fine lines, and leave my skin looking youthful and radiant ✨ DM me to order yours!   https://t.co/Oq2D9XeBD8  #SkinCare #PamperYourSkin #TLC  https://t.co/ojRiROLAmd",oriflameuk,cosmetics,not_green,0
188,1193243631236333568,"Whether you're looking to get a bird's-eye view of nature, own a business that could use the technology, or have an educational interest, we've got the drone to fit your needs!   https://t.co/UiCXLyphot  https://t.co/L9lTh8dOw8",crutchfield,electronics,not_green,0
373,885823978945867776,"When we create our popular perfumes, we source quality ingredients from all over the world. Curious to see where som  https://t.co/IjiydQUqJT",oriflameuk,cosmetics,not_green,0
169,1101126393704919041,"It's like a spa day for your lips✨ Welcome to the #PureColorEnvy Lip Spa! Moisturize, plump &amp; smooth lips like never before with our first ever Lip Care Collection. Shop &amp; watch the full film featuring #EsteeGlobalAmbassador @karliekloss:  https://t.co/iZ289iRD5g #LipsToEnvy  https://t.co/JhIJe7IkiZ",esteelauder,cosmetics,not_green,0
118,1082079393965633536,💜#yoshijocy found her perfect match with Teint Idole! She wears shade 220. Which shade are you?  https://t.co/EMORyB6Ls2  https://t.co/iNjr9dc489,lancomeusa,cosmetics,not_green,0
146,1119371953696116737,"April showers bring... our #BurtsBeautyCleanse! 🚿This month, discard or recycle your bath &amp; body care products that you aren't using. Replace with natural options like our Burt's Body Washes or Hand Creams, available at @Walgreens!  https://t.co/ZU6QZ9OXs3  https://t.co/ffcXAEvclp",burtsbees,cosmetics,implicit_claim,1
42,1092860917510037506,"P&amp;G has acquired This Is L. to meet growing demand for period products in the naturals segment. L.’s portfolio primarily includes beautifully designed, high quality tampons, pads, liners and wipes made with organic cotton. Welcome L.! #PG #ThisisL  https://t.co/GvyP5jDnLZ  https://t.co/a2HoDuYxPE",proctergamble,cosmetics,explicit_claim,1
331,1306680396311003136,"What's the secret for youthful skin year-round? Dermatologists say this powerful ingredient is the key for anti-aging, and it's found in the unique formula of @PCASKIN's C&amp;E Advanced. Learn more:   https://t.co/fNM5vfSGSN",cp_news,cosmetics,not_green,0
351,1301173419485036544,The True Importance of Sustainable Action in a Changing World ♻️  https://t.co/Fx3dC6vIxc #KMCares  https://t.co/YFxnkq5XKX,konicaminoltaus,electronics,implicit_claim,1
169,1238170788966080519,"our range of liquid hand soap is designed with effective plant-based cleansers 🌱plus, each is infused with coconut oil and scented with an ethically sourced extract so every wash leaves hands clean and delicately…  https://t.co/c6cxZaNdib",beautyandplanet,cosmetics,explicit_claim,1
5,1082768600962863104,"In partnership with @AdaptiveBiotech, we're expanding our efforts to decode the human immune system:  https://t.co/EnpTifqyQA #JPM19",microsoft,electronics,not_green,0
84,1085402263873568768,Tune into @HSN now for the @bareMinerals debut with an exclusive kit! ❤️❤️,bareminerals,cosmetics,not_green,0
189,1181626800646033408,"Visit the Konica Minolta booth at @printingunited this month &amp; experience our innovative #Print Windows! View gorgeous digital prints of New York, Paris, Tokyo, &amp; London.  Claim your FREE exhibit pass:  https://t.co/itzo4rMvZC #Printing #PRINTINGUnited #DigitalPrint #RETHINKPrint  https://t.co/vKId56tX4L",konicaminoltaus,electronics,not_green,0
20,959889918444163073,New product 'WellnessKids Multivitamins and Minerals' added to Orinet independent Oriflame Consultants! - £9.95 -  https://t.co/IcwUehTC1t  https://t.co/roRlkW0otA,oriflameuk,cosmetics,not_green,0
142,1124358247417356288,"Bath time 🛀 is sure to be fun with our Limited Edition Gentle Cleansing Gel! Formulated with sustainably sourced Avocado Perseose, 🥑 it leaves your little one’s skin clean and protected.📷 @maxwell_dior #EarthDayEveryDay   https://t.co/P6oYC5sGgB  https://t.co/Kni43YaPvx",mustelausa,cosmetics,explicit_claim,1
195,842800728213245954,"Rock green for St Patricks Day with these fun, metallic green eye looks using our #ColorTattooChrome in 'Electric Emerald'.  https://t.co/PK1uzZV9Nn",maybelline,cosmetics,not_green,0
277,1303840156437434370,NEW! Meet DEEBOT U2 💥   Why own a mop AND a vacuum when you can have an all-in-one? The new DEEBOT U2 vacuums and mops simultaneously with the OZMO™ Mopping System. Removes 99.26% of bacteria for a truly thorough clean.  Learn more via the link below👇   https://t.co/flA55cyrFa  https://t.co/4mzh9NvXdS,ecovacsus,electronics,not_green,0
60,1022270494450626561,"Did you know that just 30 minutes of blue light exposure at night can disrupt your natural rhythm of sleep &amp; renewal? Help prevent AND repair with our newest innovation in skincare, #AdvancedNightRepair Eye Supercharged Complex.✨Learn more:  https://t.co/TrscC7M27B  https://t.co/6RePj4dHIW",esteelauder,cosmetics,not_green,0
161,1369988726638706691,"With its futuristic design, the ultimate colour capability, and outstanding performance, the flagship #OPPOFindX3Pro will deliver a fresh and exciting human-centric smartphone experience. #AwakenColour",oppo,electronics,not_green,0
196,1229367424287494145,"The super fine-lines fighter! With a Swedish natural ingredient blend featuring Silver Birch, Redcurrant, Sea Buckthorn and Linseed Oil, the Optimals Age Revive Anti-Ageing Night Cream fights signs of ageing and ups your skin hydration ❤   https://t.co/qGsY7yOt2W  https://t.co/IdYhewe5i0",oriflameuk,cosmetics,implicit_claim,1
224,1045671038187646978,#DealofTheDay @BestBuy: Save $80 on the DEEBOT OZMO 610:  https://t.co/Pn5CwZ76Bx #DOTD #sale #deal,ecovacsus,electronics,not_green,0
213,1277995315099054081,"The number #1 skin essential?   Sunscreen! Adding SPF to your skincare routine is a must all year long. Let nature help defend your skin’s natural beauty with our non-chemical, 100% mineral-derived sunscreen, Daily Light Guard Defense Fluid.    https://t.co/VnixHG1l6k  https://t.co/YP9YDvqzhc",aveda,cosmetics,explicit_claim,1
15,1164537811430715392,"Help us reach beyond our #LGoal of teaching 5.5 million students the Sustainable Happiness Skills!   Share your #Day1 photo and goal for the school year. Every share with #LGoals and #Day1, LG will donate $1 to Experience Happiness partners @InnerExplorer and @projecthappy!  https://t.co/dKxqKiss33",lgus,electronics,not_green,0
30,1294655557199167488,"On this 75th V-J Day #TaskForceAdmiral salutes the three Yorktown sisters. Throughout 1942, they relentlessly avenged Pearl Harbor &amp; acted as the spearhead of the #USNavy. Each will be faithfully &amp; individually recreated in 3D, a very first in gaming history. Pretty neat uh? 🧐😌",micro_prose,electronics,not_green,0
238,1018910638633037830,"Share the love with your lids! Our NEW #PureColorLove Metal Lights ShadowSticks glide on effortlessly for cool, metallic color in just one stroke. 💫 Shop this shade in Sugar Rush:  https://t.co/2HMaTTbXNi  https://t.co/0Gg7Utexms",esteelauder,cosmetics,not_green,0
40,1253089072416989186,"#Didyouknow, Green Goddess comes in an @fsc_ic certified box featuring 100% recyclable paper from a responsibly managed forest? The ultra-pure formula is also #sustainablysourced with squalene from ECOCERT approved sugarcane &amp; non-GMO CBD. #EarthDay2020  📸: @omgbart  https://t.co/02dtf61AHE",avoninsider,cosmetics,explicit_claim,1
1,842396238754545664,Did you know mashed #pumpkin has only 50 calories per cup &amp; is packed with dietary #fiber! Savour it by #roasting it with herbs. #EatHealthy  https://t.co/PPRyUjhBfJ,bajajelectrical,electronics,not_green,0
132,1321434572777684992,"Bamboo-cute! New Colgate Bamboo Kids Toothbrushes feature 100% natural, #biodegradable bamboo handles and #recyclable cardboard packaging, eliminating plastic waste. Kids aged 6+ love the gentle, deep cleaning action, too. Available now in New Zealand; more markets coming soon!  https://t.co/SM19Kbmoy5",cp_news,cosmetics,explicit_claim,1
202,1080660018297536512,"#repost from @sierradallas ♥️ ""Herbal Essences is the first mass haircare brand to receive an endorsement from the Royal Botanic Gardens, Kew (@kewgardens), ensuring the botanicals in their bio:renew products are real! ""  https://t.co/vOjPaUcJsh",herbalessences,cosmetics,explicit_claim,1
158,915320605662162945,"Tell Us➡️ #WholeBlends Honey Treasures, to repair damaged hair, OR Coconut Oil and Cocoa Butter Extracts, to nourish hair and tame frizz.  https://t.co/ANuW08gzu0",garnierusa,cosmetics,implicit_claim,1
270,1031979134715682816,Iconic greens with a touch of gold. The new Éclat de Vert collection from @AERIN is available now:  https://t.co/57vzHQaqKy #AERINBeauty  https://t.co/cBY1ReozN8,esteelauder,cosmetics,not_green,0
95,1202263169311395843,Follow along to learn how to use our Iconic Avon collection to get the perfect green smoky eye for your next #holidayparty. #AvonHoliday Shop here:  https://t.co/uy0Ng5nmyJ  https://t.co/f9epuurk9Z,avoninsider,cosmetics,not_green,0
122,1001493532270612480,"Post-holiday skin needs: Skin Feels Good Skin Tint is a hydrating skin tint for those that are looking for a natural healthy glow. It is oil-free, with SPF 15.  https://t.co/1Z9WbFIV1k  https://t.co/dMSxmVfehX",lancomeusa,cosmetics,not_green,0
191,1060619071392223232,"Meaningful superiority is driving strong results in Feminine Care, with 12 consecutive quarters of organic sales growth averaging over 3%. @AlwaysDiscreet adult incontinence products are contributing.  https://t.co/PpNeSRxbHP  https://t.co/J1IMo6tzv2",proctergamble,cosmetics,not_green,0
172,976975611712356352,Samsung Electronics held its annual general meeting of shareholders  https://t.co/iWOhGEYv2S,samsung,electronics,not_green,0
162,1386017867582291971,"Airfree's unique silent, filter-free technology sterilizes your air to remove bacteria, viruses, and more! Shop our selection of their gear to keep your home safe and clean!   https://t.co/iD746VhL0D  https://t.co/2W4TPL6h5b",crutchfield,electronics,not_green,0
91,1220030870628786177,"Each box of #AvonCHIEssentials Hair Color comes with TSA-friendly shampoo, conditioner and serum to perfectly finish and style your hair with a unique blend of certified organic botanicals:  https://t.co/e8YBvMk2aZ.  https://t.co/cd74JZZ1Ug",avoninsider,cosmetics,explicit_claim,1
105,1253047174235111430,Sourcing naturally-derived ingredients creates positive ripple effects: 💫Consumers experience the power of nature’s plant essences and oils 🌾Farmers learn organic harvesting methods 🤝Communities thrive with a source of income and fair-trade pricing   #AvedaEarthMonth #EarthDay  https://t.co/cTJvX2rfvq,aveda,cosmetics,implicit_claim,1
12,1080101343782670336,"Reset, recharge, revive: With #2019 comes a new chance to take better care of yourself, from head to toe. #SelfCare can mean getting more sleep 🛌, picking up a new book 📚, spending time with friends and family 👭, or caring for your skin with natural products 🍃!  https://t.co/R2heNssmuf",burtsbees,cosmetics,implicit_claim,1
167,1166440311876399108,#TriviaTuesday Can you guess the make and model of the car that sported this hot red interior? (Bonus points if you get the year right!)  https://t.co/449SfYIRdd,crutchfield,electronics,not_green,0
276,1109854944037867521,"The night time treatment you need: Visionnaire Skin Solutions Retinol Serum. With 0.2% pure Retinol, this serum will soften the appearance of fine lines and improve uneven texture.  https://t.co/1Pr5uqoYol  https://t.co/zo1gidUaqL",lancomeusa,cosmetics,not_green,0
194,1151907044091408384,#MSInspire Themes: Read why every #CIO needs to understand more about the #IntelligentEdge @msPartner @MSFTBusinessUK  https://t.co/8yL5gv6ZIO   #HPEMSFT @CANCOM_UK  https://t.co/OpLbsuWOTb,cancom_uki,electronics,not_green,0
50,1263118871613050880,"Hair speaks louder than words. Swipe to find out why @carlyahill, @cyndiramirez and @ashbrooke are loving our 94% naturally-derived* Nutriplenish collection.  Tag #Nutriplenish and @Aveda to tell us why you love it.  *From plants, non-petroleum minerals or water.  https://t.co/5WVxpr4akj",aveda,cosmetics,explicit_claim,1
5,1347567502675611648,Aiming to live a healthier life this year? Our motivational playlist will make sure you stay on target.   https://t.co/ImtpYl8zHH  #resolutions #goals #newyear #KitchenMusic #CooktoMusic  https://t.co/glUKk1uYVW,edifiernamerica,electronics,not_green,0
175,1231239740730609669,"“Definitely a must.” Our Raw Men Body Wash and Bar Soap is getting rave reviews for its good fresh skin vibes and smell. All that plus it’s vegan, cruelty-free and sulfate-free.  https://t.co/mJYvN2uVh9  https://t.co/7SrHsuBLLr",rawsugarliving,cosmetics,explicit_claim,1
369,1219823663937019904,it can be hard to choose only 1 men's Body Wash scent!,rawsugarliving,cosmetics,not_green,0
269,1300509966487429121,"How can battery storage help you face power outages?  Join us this Wednesday, September 2nd, when our own Dan Glaser explains this and what to look for in an energy storage system. Register now!  https://t.co/JpaIoPIW4q  https://t.co/OzY1pmyfOb",panasonicna,electronics,not_green,0
130,1152967509886287872,Happy #NationalIceCreamDay! What’s your favorite flavor? 🍦   Seen here: Gel Envy Nail Enamel in Get Lucky  https://t.co/yyTO7yVa9m,revlon,cosmetics,not_green,0
100,851572347421077504,"499 water heaters connected in the cloud are changing the way Hawaiians, and the world, think about renewable energy. https://t.co/BxM2ddHdTf",microsoft,electronics,implicit_claim,1
294,836292377790844930,2011: 1st smartphone w integrated wireless charging capability @IDTInc explores past &amp; future of tech in #AXIOM  https://t.co/uEcljylZKb,avnet,electronics,not_green,0
264,1329888683454058496,"The ultimate natural dewy beauty ✨  @lovephoebee created a smooth canvas with #PhotoReady Prime Plus Perfecting + Smoothing Makeup + Skincare Primer (002), then perfected her complexion with #CandidGlow Anti-Pollution Foundation in Tawny (320)  https://t.co/GEYDPbdtgQ",revlon,cosmetics,implicit_claim,1
151,1136902520977203200,"You'll love our Spa Of The World™ French Grape Seed Scrub as much as Ashley does! ""@TheBodyShopSA infused their new scrub with grape seed powder from France and Community trade organic sugar from Paraguay. 😋"" #thebodyshopsouthafrica #crueltyfree #bodycare #skin #health #love  https://t.co/wZWjKZ4nnD",thebodyshopsa,cosmetics,explicit_claim,1
198,852184956239523841,"Botanicals Fresh Care, an holistic approach of #hair-care in @BritishVogue @LottieAWinter  https://t.co/WLydUFu7h2  https://t.co/5bAZER267R",loreal,cosmetics,implicit_claim,1
145,963823131155673088,ATTN makeup lovers! 💘 Tune in soon for a FB live w/ makeup guru Face by Kase where we'll be doing a vday date night tutorial w/ some Lancôme goodies!!!! @Makeupdotcom  https://t.co/c2E6vi4iNE,lancomeusa,cosmetics,not_green,0
157,1266189080901148675,We stan classic prom glam by @FlawlessKevin!  Become #RevlonPromRoyalty: ⬇️ 1. Dress up in your prom-inspired look 2. Take your best selfie 3. Post your prom portrait 4. Tag @Revlon and #RevlonPromRoyalty 5. Tag your “King(s)” or “Queen(s)” so they can join the prom court too!  https://t.co/pX3tcaA0fZ,revlon,cosmetics,not_green,0
150,1167506521565126657,"NEW! Makeup artist #Namvo is back with an easy, everyday makeup tutorial! Watch how she creates this radiant, natural look on our channel:  https://t.co/HZiY4C02zU! #namvoglow  https://t.co/nilG19Sj56",maybelline,cosmetics,not_green,0
64,1281695830160953344,"It’s time to get #DownToEarthZacEfron. Proud to sponsor the new multi-episode series where @ZacEfron travels the world in search of healthy, sustainable ways of living. Streaming now on Netflix ➡️  https://t.co/eld3ZT1qIC  https://t.co/0wYEHnNtP6",bose,electronics,implicit_claim,1
208,1194631067400953858,"How can OEMs ensure consumers are safe and secure in their connected cars? In honor of #WorldQualityMonth, #HARMAN explored why today’s vehicles require in-depth quality assurance to verify that they keep up with their suggested functionality levels:  https://t.co/0LgzD09lge  https://t.co/x0QS3iV8bN",harman,electronics,not_green,0
185,920170011817336833,How do you think #healthtech could impact oncology care in the next 10 years?  https://t.co/0SxK0kd1hZ,philips,electronics,not_green,0
233,1366826075704094726,All we need to spark imagination is a new perspective – a willingness to break boundaries and look between the lines.   The most powerful vision of all is how we can use machines to amplify our own human ingenuity:  https://t.co/AoHEADksqY #MSIgnite  https://t.co/1o8MpkyArc,microsoft,electronics,not_green,0
309,998941622653079553,Retweet if you are obsessed with Fructis Treat+Coconut extract 1min #hairmask! #fructistreats  https://t.co/Fybg53p3Ls,garnierusa,cosmetics,not_green,0
181,1012376210377191424,Paint on all-day color and shine with #PureColorEnvy Liquid LipColor! Shop these summer-ready shades for instant #LipsToEnvy:  https://t.co/hfNKmQn76j  https://t.co/qp9I6ukuIU,esteelauder,cosmetics,not_green,0
377,1191711020944769026,"Grow your own packaging! Compostable shipping cartons made from mushroom mycelium were among the many innovations shared during C-P's recent Naturals Symposium at our technology campus in Piscataway, NJ.  Learn more about our #sustainability programs:  https://t.co/1xNJADSksd  https://t.co/XKpSXwcbHe",cp_news,cosmetics,explicit_claim,1
211,825054553032839168,"Discover Botanicals Fresh Care, the new #brand of #natural and #committed inspiration of #LOrealParis  https://t.co/oii3agGfjK #MonthlyDigest  https://t.co/U6pcfJ8mGl",loreal,cosmetics,implicit_claim,1
109,1278373719459663872,The tale of USS Nautilus at Midway is the illustration that a torpedo run doesn't need to be successful to change the course of a battle - or the whole war!  USS Nautilus &amp; her Dauntless friends will all feature in Task Force Admiral - wishlist 'em here:  https://t.co/pfF1YEcABt,micro_prose,electronics,not_green,0
193,1088046944616878080,"JUST IN: P&amp;G results for Q2 FY19: Organic sales up 4%, net sales in-line vs prior year.  https://t.co/1amFHGdpXY #Earnings $PG  https://t.co/3h5FZCUXGD",proctergamble,cosmetics,not_green,0
207,1320077609410170880,"We are pioneering a new standard in hair repair and the new Botanical Repair is our greatest achievement.  Read more in the Environment section on our Living Aveda blog, on  https://t.co/nJjDmlTS2S.  #AvedaCares #ClimateAction #BotanicalRepair #PoweredByNature #VeganHairCare  https://t.co/tHe68NoTrc",aveda,cosmetics,implicit_claim,1
108,882947364193013764,Top Considerations When Choosing a #TechnologyPartner. #CIO #DigitalTransformation #HybridIT  https://t.co/wCLQXLDsJt  https://t.co/6zkktD53qa,cancom_uki,electronics,not_green,0
2,1060902328201547777,Autumn is the season number one for beautiful warm #haircolors. Try out something new this November with #PURECOLOR fascinating and natural shades! #keepitnatural #createyourstyle  https://t.co/Fnch2zCGzs,schwarzkopf,cosmetics,not_green,0
379,1291749961726595073,Our latest #LipButter is as creamy and hydrating as ever - thanks to responsibly-sourced Shea and Cocoa Butters - and features Strawberry Oil 🍓 and Rose Extract 🌹 for an all-new flavor! Shop Now:  https://t.co/gCPE4mIoDO  https://t.co/IWgbEtT4Tm,burtsbees,cosmetics,explicit_claim,1
42,936980797160148993,Experts recommend these amazing vacation destinations. Start planning your trip now:  https://t.co/7NsCvwn2NH  https://t.co/x4S5j0B0Ss,ecovacsus,electronics,not_green,0
229,1130141124868411392,"Wherever you go, be sure to take your Yes To Dry Shampoo Wipes with you ✈️ These travel and gym friendly wipes are coated with a lightweight powder so you can refresh your locks when you're on the road!  Learn more here:  https://t.co/qJupQ9MVOI  #dryshampoo #cleanhair #hairtips  https://t.co/KcKmzyVJHH",yesto,cosmetics,not_green,0
116,1266376406738407432,Join @katieledecky Dive into #STEM Education Powered by @panasonic tomorrow live on YouTube at 9pm ET/ 6pm PT. #WhatMovesUs  https://t.co/eWHNNrBLuY  https://t.co/Qc1HcYjGKx,panasonicna,electronics,not_green,0
35,1253018867959562241,"Happy #EarthDay! Did you know ALL Yes To products are made with at least 95% natural ingredients?! Natural ingredients are those that come from or are made from a renewable resource found in nature 🌿  Choose natural, choose clean beauty 💚  https://t.co/WQsKQqVMKk  https://t.co/u31liyfJCg",yesto,cosmetics,explicit_claim,1
283,1078410221935124486,Bring your dry tresses to life with #WholeBlends Legendary Olive. Blended with #oliveoil and olive leaf to deeply replenish dry hair. Blended makes us better. ✔️Paraben Free ✔️Siliconr Free ✔️No weighdown #Ourblend #blendedmakesusbetter  https://t.co/S6Gt8oapIt,garnierusa,cosmetics,not_green,0
89,1246935707417001985,Our Rescue &amp; Renew line is self-explanatory. The luxurious formulas feature harmonizing extracts and oils that detoxify to help promote the Mind. Body. Skin.™ balance. What’s your Rescue &amp; Renew go-to?  https://t.co/OQlQ6m2iUp  https://t.co/0vO92lwJ5u,arbonne,cosmetics,not_green,0
140,1309266639909728257,"When incorporated into your everyday diet, Arbonne Essentials® Digestion Plus, Greens Balance, and Whole Food Blend Multivitamin &amp; Mineral Boost ensure you fill key nutrient gaps by supporting overall health and optimal digestive function.  https://t.co/OBwUwrEHo1  https://t.co/uZere5cuZl",arbonne,cosmetics,not_green,0
36,831520936864124928,"Gathering or gardening, make this spring more musical with outdoor speakers.  https://t.co/DN2s7ACqua  https://t.co/XzPpTHXs9V",crutchfield,electronics,not_green,0
210,988040477453836288,"Embrace your curves! Shape, sculpt, and magnify every curve of your lips with #PureColorEnvy Sculpting Gloss. For buildable, dazzling color with precise definition, shop now:  https://t.co/GenYgHIQzv #LipsToEnvy  https://t.co/FeMow5n75P",esteelauder,cosmetics,not_green,0
104,1207789109185568777,Our version of monochrome dressing. 💕👛 Are you with us?  #RevlonLipsandLips: #SuperLustrous #TheGloss in Super Natural (215) + #NailEnamel in Teak Rose (161)  https://t.co/S17SHgPEZY,revlon,cosmetics,not_green,0
221,1175879715569094656,"This @Raspberry_Pi-powered, Mecanum wheel-equipped, self-driving robotic car is what our @Hacksterio community is all about. #AvnetReachFurther  https://t.co/U9DnlbRP68  https://t.co/Ssom3lSyc5",avnet,electronics,not_green,0
125,1258011157757071362,"Not sure which cleanser is right for you?  🧡Be Gentle™ Creamy Cleanser: Ideal for dry, sensitive skin. ⁠ 💙Be Balanced™ Foamy Cleanser: Ideal for oily/combination skin. ⁠  Learn more:  https://t.co/PcASDG5E6z  https://t.co/gBTEVZ895L",monatofficial,cosmetics,not_green,0
367,1234859052313858051,"The results are in! Reshape Root Lifter has been voted ""Best Volumiser"" in the Top Santé Haircare Awards in the United Kingdom 🥳 Just apply to wet hair at the roots then blow dry upward for a natural lift and voila! Shop now:  https://t.co/GBWIj87Il2  https://t.co/KGOSTWq6DY",monatofficial,cosmetics,not_green,0
260,1288815310997458946,We grew FY20 organic sales in our two largest markets – US &amp; China – and in 9 of 10 global categories  https://t.co/eAQ1OP6mvx #Earnings $PG  https://t.co/HkYn1bnJMh,proctergamble,cosmetics,not_green,0
98,1161714186134663170,"""This is by far the best gentle, clean, plant-based skincare system I've ever used. My skin is clearing up sooo quickly and healing daily!"" Check out Micki's amazing 1-week progress using our Clear Skin Routine 😍🙌  https://t.co/fUEKIfRvOb",bioclarity,cosmetics,implicit_claim,1
83,1247708536429326336,"Unsung makeup bag hero of quarantine: a trusty brow pencil ✍️ It’s a quick way to add some natural definition to your face pre-Zoom calls 💻  Plus, if you use one like #ColorStay Browlights, you’ll also get a little glisten ✨  https://t.co/AHXL2dloOg",revlon,cosmetics,not_green,0
168,1164189669707386880,"Check out our favorite trend this summer! Curl your hair with a wand to get natural beach waves, then mist with the MONAT Studio One Strong Flexi-Hold Hairspray for a strong hold. Finish off with a boho-chic head wrap.  Follow us on Pinterest:  https://t.co/lvhleBxHQv #pinterest  https://t.co/ogxZga0RST",monatofficial,cosmetics,not_green,0
110,1181618836166107136,How do you feel when your skin is dehydrated?,olayskin,cosmetics,not_green,0
154,978252039019999232,"If your TV's sound is still coming through its built-in speakers, a sound bar is a great way to help kick it up a notch! Learn how to properly connect your components and tweak the factory settings for the best experience.   https://t.co/g4YALrPQd2  https://t.co/2lBcqcAakr",crutchfield,electronics,not_green,0
174,879746279542280194,"Don’t just feel the beat, see the beat.  https://t.co/LmCHxk8TFq  https://t.co/RHCA1hTIEY",bestbuy,electronics,not_green,0
51,1111370941970288640,SPF Body Butter is here! Our mineral SPF keeps it clean with no chemicals to harm your skin—or our oceans. #reefsafe  https://t.co/CVL0Ljmbwy,josie_maran,cosmetics,explicit_claim,1
160,1119972818308014080,"Today only, the #DEEBOT OZMO 610 bundle is just $279.99 at @Costco! Shop the #sale now:  https://t.co/OneWIekeMN  https://t.co/Y4DYuDNyYj",ecovacsus,electronics,not_green,0
61,855753073993498624,Celebrate Earth Day with our bath and body care refill pouches—an eco-friendly way to enjoy your favorite products!  https://t.co/rItIEYKIcG  https://t.co/DrIPhrR5dF,loccitaneusa,cosmetics,explicit_claim,1
81,1069526671412404225,We signed €250 million financing with @nib to support our #5G research and development in Europe as the era of 5G begins. Read more:  https://t.co/WLw6odsVzy  https://t.co/aiKpEZzq8o,nokia,electronics,not_green,0
56,1002362357832671232,There's an easy way to install a rear-view camera. The new Boyo VTC424R makes a wireless connection to its dash-mounted monitor. See it and more of the latest gear here:  https://t.co/v1LIVWNLN1  https://t.co/vAdhLRQ0lL,crutchfield,electronics,not_green,0
119,1011628931273768961,A #Triathalete and #Techguy who loves our Deebot posted a video on his instagram account recently about his Deebot helping him clean up his #bikecave / #athletes if your Deebot helps you clean up your #workoutspace please tag us and we will share! #Deebotlife #IoT #smarthome  https://t.co/q7EbmlWX3N,ecovacsus,electronics,not_green,0
179,1260434597973823489,"This silky shower oil transforms into a soft foam to gently cleanse skin without drying it out, helping relieve very dry skin and help protect skin’s natural moisture barrier.📸:@thati.baker we💞 this. Thank you for sharing Sis.",thebodyshopsa,cosmetics,not_green,0
187,1135616640933072898,"🌲Get to know the journey of Microsoft's chief environmental officer, @LucasJoppa:  https://t.co/k0PJ5iEyGv  🌲",microsoft,electronics,implicit_claim,1
143,1215403092096749568,"Who else loves the feeling of opening up a brand new lip gloss? ✨👇  #SuperLustrous #TheGloss in Super Natural (215), a dusty rose.  https://t.co/UCQkROHhMc",revlon,cosmetics,not_green,0
281,1002338976433360902,100 million smart home devices are exposed through a basic Z-Wave hack   https://t.co/0SNslFL7Cr via @Forbes #smarthome #homesecurity #Deebotlife #IoT  https://t.co/zbUFH7yTJ3,ecovacsus,electronics,not_green,0
242,1319342545600716800,Find out what you need to consider when planning a backup camera system.  https://t.co/zBqNUt9DH5  https://t.co/dMPM1aY0tZ,crutchfield,electronics,not_green,0
164,1169022313485996034,"The NEW Arbonne® Bio-Hydria™ Herbal Tea features a soothing antioxidant blend of chamomile, thyme, and rosemary. Drink it iced or hot to support dewy hydration from the inside out!  https://t.co/nV3ifkXnWe  https://t.co/zOgERk5nw3",arbonne,cosmetics,explicit_claim,1
130,975024909259825153,"#StPatricksDay Inspo: Galaxy green eyes 💫  @rocyroque is wearing #ColorCharge Shadow Palette, #ColorStay Brow Kit, and #ColorStay Brow Mouse—plus Kiss Plumping Lip Crème in Nude Honey 💋  https://t.co/CA6VlELC00",revlon,cosmetics,not_green,0
311,826203432948215808,Turning food waste into a garden treasure:  https://t.co/8qkrBIYUKz  https://t.co/pxoL26Yioh,whirlpoolcorp,electronics,implicit_claim,1
183,927656876589961216,Introducing our NEW 96% naturally-derived skincare with Green Tea🍵  This powerful trio purifies pores and mattifies skin. Available @Amazon  https://t.co/emiF26ozuX,garnierusa,cosmetics,implicit_claim,1
329,1196465588798836738,This brow transformation is EVERYTHING 🙌 @mmaiohmmai achieved these stunning #benefitbrows with #preciselymybrowpencil in shade 6!  https://t.co/2BbcXsRlbN,benefitbeauty,cosmetics,not_green,0
86,1083824768019775494,And that's a wrap! #CES2019 was a huge success - thanks to everyone who stopped by our booth!  https://t.co/R50R4rouDI,jascoproducts,electronics,not_green,0
27,1151114263659995138,"Achieve a red-carpet ready look in seconds with NEW #PureColorDesire Matte Lipstick. Longwearing with a lightweight feel, it’s #lipstick that’s made to last long into the after party. Shop now:  https://t.co/fgSTwcR27t  https://t.co/tiOOkT4vnv",esteelauder,cosmetics,not_green,0
156,1206939777976733707,"Cozy up to these cool-weather favorites.🧣🧤Responsibly-sourced, sustainably-made, and oh-so-naturally moisturizing.",burtsbees,cosmetics,explicit_claim,1
82,1337170375772413952,"For the colder weather coming ❄️ the Dry Skin collection is the perfect gift 🎁 for the whole family. Made with natural ingredients, it will soothe and hydrate the skin.  Learn how to care for your newborn's dry skin:  https://t.co/oqQv2kgmPr #ByeByeDrySkin IG | @joslindee  https://t.co/3IB0L7fy5P",mustelausa,cosmetics,implicit_claim,1
184,827584212245082113,Stay tuned for upcoming firmware updates on Pioneer's NEX units! #Pioneer #PioneerUSA #ConnectedCar #NEX...  https://t.co/9K2Ec0x3j0,pioneerusa,electronics,not_green,0
220,1029981266974654464,"We’re a step closer to the commercialization of the new #5G technology-based services (think holograms, autonomous driving applications and #VR)  https://t.co/QgBjyL1RD1",samsung,electronics,not_green,0
177,1266368721632628747,"Hey Raw Sugar Babes, give a shout out to your Astrological sign. Let’s see if there’s a trend!  https://t.co/OdxFWwFHkm",rawsugarliving,cosmetics,not_green,0
241,1199749777476521984,Look no further than @Coveteur's recommendation for best lotions for the dry weather including our Hydra Bebe Body lotion packed with natural ingredients 🥑 to moisture and maintain the skin's hydration barrier. Click the link below to read more.  https://t.co/D8e3WykmDV  https://t.co/Te17RZuMb1,mustelausa,cosmetics,implicit_claim,1
117,1092067626807971841,A welcome departure from your every day nude: #PureColorEnvy Lipstick in Bois de Rose.🌹Get #LipsToEnvy now:  https://t.co/3Se6NsiLkK #LipColor #Lipstick  https://t.co/Kfrzf5bDPn,esteelauder,cosmetics,not_green,0
140,1328702409250631680,"It's the season to gift and glow! ✨ For the first time ever, you can get minis of our top-selling skincare routine. 🎄  Our Be Balanced Essentials Travel Set is the perfect routine for oily/combination skin.   Shop now:  https://t.co/iEsInMPqbP  https://t.co/1cAt06GZS7",monatofficial,cosmetics,not_green,0
73,1233795901329694721,"#BlackHistoryMonth is a time to acknowledge, show appreciation, and draw inspiration from, Black culture. #MyPerspectiveMatters  https://t.co/oljHbuwEKT",proctergamble,cosmetics,not_green,0
256,970733805618286592,"Big news! Kantar TNS consumer panel named P&amp;G one of 2018’s top innovators. P&amp;G earned multiple “Product of the Year” awards including Febreze One, Cascade Platinum , Tide Pods Plus Downy, and Gain Botanicals.  https://t.co/eLPyr7UTc0",proctergamble,cosmetics,not_green,0
215,1118568065816518657,Dry? Oily? Combo? Sensitive? Acne-prone? See how to care for your skin type in our skin guide IG story highlight!  https://t.co/VKZgTud4Ni,bioclarity,cosmetics,not_green,0
124,956215019636740097,"What can be done to tackle e-waste, find solutions to plastic pollution and transform business models and markets? Watch an @wef press conference via  https://t.co/5Wm2VPdJuQ  at the #wef18 meeting in Davos",philips,electronics,implicit_claim,1
16,1023961470021853184,We received @CradletoCradle silver certification for our #sustainability commitment! These 5 96% naturally derived products are a must have in your routine! Which #skincare line is your favorite?  https://t.co/7nt78bv6nz,garnierusa,cosmetics,explicit_claim,1
159,1210639191144648708,Skin a little puffy after a long holiday season? Sounds like you need some green tea. Read up on all of this ingredient's amazing skin benefits:  https://t.co/uUfwDOdp09  https://t.co/oGgqVOCt4b,bareminerals,cosmetics,not_green,0
120,1225529742616604673,"Get hip to #hemp with #AvonGreenGoddess Facial Oil, featuring 100mg of #CBD:  https://t.co/9XQV1K0sWX.🌿  https://t.co/x6l9VXWTHh",avoninsider,cosmetics,not_green,0
297,958031597114134529,"As part of Hitachi's efforts to deliver #SocialInnovation to all, a diverse workforce is imperative. Click on the link below to learn more about our approach to diversity and inclusion:  https://t.co/kHJOAwukGc",hitachiglobal,electronics,not_green,0
155,915200065291145216,"What if you could reduce costs, increase #IT agility, visibility and performance all at the same time?  https://t.co/oYQaaIa4oE",eplus,electronics,not_green,0
87,1324758709655031810,"Now through Sunday, buy any conditioner and add any shampoo for only $12 USD + receive FREE shipping. NEW VIPs will also receive two Only For You products with their enrollment order! 🙋🏻‍♀️✨ Some exclusions apply. 📸via:@modernnaturals   Shop now:  https://t.co/iEsInMPqbP  https://t.co/IWOFokECbE",monatofficial,cosmetics,not_green,0
191,968939004610711553,"Digital City: See how we create the technology to build smart cities that enhance how you live, work and play  https://t.co/VtATBBtlcK #MWC18",nokia,electronics,not_green,0
80,877819943118528512,It's a brew-tiful day to save on small kitchen appliances ☕️  https://t.co/aZ3D3pVaTV  https://t.co/viBJQyEigi,argos_online,electronics,not_green,0
103,903349473446907904,You have three years to save up for your electric supercar...  https://t.co/Mj7aHX6q7z,crutchfield,electronics,not_green,0
164,1302624607514636288,"Weekends are for fun with the family 👻  DEEBOT vacuums and mops simultaneously, removing 99.26% bacteria from the floor, making your home a safer place to live and play🐒  https://t.co/oPgm4cvApM",ecovacsus,electronics,not_green,0
33,1237287072186032128,"“The product of this study could be a seed technology for safer, high-performance batteries of the future” #AllSolidState #Battery #EV  https://t.co/N6uWlGATiX",samsung,electronics,not_green,0
30,1016849588521701377,"In early July #KonicaMinolta announced the acquisition of @mwaintel, a leading provider in the Enterprise Resource Planning (#ERP) space. Learn more about how strategic acquisitions (over 30 since 2011) are diversifying the Konica Minolta business:  https://t.co/IzG0m9ve9e  https://t.co/2zdFFwC1hv",konicaminoltaus,electronics,not_green,0
145,1181363782142038016,"Looking for an instant eyebrow lift? Fill + highlight in ☝🏽 with our Colorstay Brow Shape &amp; Glow  Step 1️⃣: Draw ultra-fine, hair-like strokes with the eyebrow marker Step 2️⃣: Apply the highlighter-infused cushion tip into your brow bones to lift  https://t.co/7z4RPZxHK8",revlon,cosmetics,not_green,0
348,975431643925278721,Let your curls speak for themselves. 🗣 👏 Use #PanteneGoldSeries to keep them to their naturally gold standard. ✨  https://t.co/CSWc7avcKz,pantene,cosmetics,not_green,0
125,961358966998564866,🗣TELL US: what do you love the most about #WholeBlends Smoothing with #Coconut Oil and #Cocoa Butter Extracts? #haircare #coconutoil  https://t.co/rUDguz2iDP,garnierusa,cosmetics,implicit_claim,1
76,846857367753031680,Step out in style this Spring with a ruffled blouse and silky-strong strands. 💛 or RT if you #WantThatHair! 📷: @apinchoflovely  https://t.co/g6OtGu62rl,pantene,cosmetics,not_green,0
67,1354878410816851968,"#DidYouKnow Thanks to energy-saving technologies used in office equipment, between 2008 and 2019, Canon products achieved energy savings that may have resulted in a CO2 reduction of over 23 million tons!",canonusa,electronics,explicit_claim,1
205,1333776429037850624,"It's December 1st and the first day of our #12DaysOfJoy holiday product spotlight!   Up first is SunVeil™ Mineral Based Sunscreen, our lightweight creamy blend of mineral-rich zinc oxide sunscreen and is a must-have for every skincare routine.   Shop now:  https://t.co/lmzlYVvBF6  https://t.co/5eumfMJ6nW",monatofficial,cosmetics,not_green,0
13,1148023590148853762,"Beauty backed by science! 🧪🥼 The botancials in our bio:renew products are authenticated by @kewgardens, which means you can feel great about what you're putting in your hair. #HerbalEssences #KewGardens #HairHealth  https://t.co/GJg9xboskR",herbalessences,cosmetics,explicit_claim,1
43,1307144727809142784,"Because we love good ingredients, we infused our high-pigment #UltraHD Vinyl Lip Polish with vitamin E, shea butter, and aloe-leaf extract. Which shade is your fave?  📷: @Deefordiane1  https://t.co/1vJqnH3wNQ",revlon,cosmetics,not_green,0
316,1299013943038443520,"Don’t skip your serum! Arbonne® Bio-Hydria™ Liquid Serum is your ticket to instantly replenished skin. Its ultra-concentrated, unique “crushed jelly” texture contains hydrating botanicals that instantly moisturize, cool and soothe skin.  https://t.co/gaC48PnRLj  https://t.co/9hO3QJCFeU",arbonne,cosmetics,implicit_claim,1
85,1309527627519197184,We’re proud to reveal a project that we’ve been working on for the past few years. A (brave) topic that’s important to us and to so many of you.  https://t.co/hIAgkFJZAn,maybelline,cosmetics,not_green,0
139,1285519883476905984,"Let’s work together to create a sustainable future! By committing to innovating for the greater good, businesses can work to answer the world’s social and environmental needs. Learn more about our commitment to #SocialInnovation here: #QoL  https://t.co/QcU3AI9U67  https://t.co/eAfmpRgvP6",hitachiglobal,electronics,implicit_claim,1
117,977243639213588482,"Turn off the lights, turn on the science.   https://t.co/YOJPDO7XtY   #SBT #connect2earth #EarthHour @earthhour  https://t.co/x3m3fLBzvJ",nokia,electronics,implicit_claim,1
163,1213440033379758082,"With organically sourced milk and honey, the day and night cream are two definite staples in my cabinet! With Lactic Acid that balances the skin's moisture from within plus minerals and vitamins that rejuvenates the skin. 💛    https://t.co/O4mTkjZ9Bq  https://t.co/wrjM2cyRv8",oriflameuk,cosmetics,explicit_claim,1
128,1126508905230548994,"Our passion at HARMAN is to create immersive listening experiences - whether it's in the studio, home, car or on the go.  https://t.co/iZW5zq3hie",harman,electronics,not_green,0
101,1308541709010305024,"We’re committed to responsible ingredient sourcing, and as the heart of our new collection, Bakuchiol is no different. We extract this plant-based retinol alternative from the seeds of the purple Babchi plant in partnership with local suppliers.  https://t.co/Zf0DUf1HKt  https://t.co/AVy95zMKlm",arbonne,cosmetics,explicit_claim,1
151,991665349643915264,"When Chelsea was bullied as a teen, the @Dove Self-Esteem Project helped her embrace her natural beauty. Now a successful actress, Chelsea spends an #HourWithHer to help Caralyn find the confidence to take the stage, in the latest film from Dove Real Beauty Productions.",dove,cosmetics,not_green,0
332,847795637307547648,Glow naturally with Click &amp; Glow! A travel-friendly highlighter with a cream-fluid formula. Try it in 4 shades!  https://t.co/eDCdvGHtfE  https://t.co/f1QcAzQ2Qv,lancomeusa,cosmetics,not_green,0
73,1028008130565861376,Start building your ultimate team of #Madden19 playmakers today.  https://t.co/yRBPGOQ1d3,bestbuy,electronics,not_green,0
177,849683083435683850,Loving that @Ellarie uses Grandiose Liner to thinly outline and give her eye look an extra natural pop.  https://t.co/AAtEGvXJAu  https://t.co/fc6z6gXdyK,lancomeusa,cosmetics,not_green,0
57,1316151791277559810,"From today, receive one box of Strawberry Energy Fizz Sticks with a 300 QV order (ICs) or a $300 SRP order (PCs). It’s the perfect time to take advantage of shopping our Holiday 2020 Collection! One week only! Shop now at  https://t.co/uNrNTdGivi. Foto by IC and DM, Autumn Rose.  https://t.co/lQWBMDVQhK",arbonne,cosmetics,not_green,0
87,1138474833401057282,"Banish summer sweat and soften your complexion with MINERAL VEIL Finishing Powder. Did we mention it's Gluten-free, vegan and Talc-free?! @Sephora #SephoraInJCP #SiJCP  https://t.co/mPcUsAU4qL",bareminerals,cosmetics,implicit_claim,1
21,1212739511257640960,"The softer side of liner ═ Grab your favorite shadow + Line &amp; Brow Brush 🖌 for more dainty eye definition (still with a wink of boldness, naturally) 👀  @katiejanehughes uses #ColorStay Looks Book Eye Shadow Palette in Maverick (930) 🤎 on @ashleygraham  https://t.co/JIo00TVbXl",revlon,cosmetics,not_green,0
106,1226753585674846214,Congratulations to @HairLoveShort for winning Best Animated Short Film! #oscars #hairlove,schwarzkopf,cosmetics,not_green,0
88,1096408848347344901,"More natural.🌱🌻 More sustainable.♻ Happier moms and babies.🤱 We’re bringing back the 2009 price on our iconic best-selling Hydra Bebe Body Lotion to $13.00, for one week only! Use Code: FROM2009 at checkout. #10YearChallenge #MustelaCares  https://t.co/guR44m9eRq",mustelausa,cosmetics,explicit_claim,1
159,850063105593937920,Proud to be exhibiting at @SAEIntl #WCX17 in Booth #3213 #Automotive #OmronAutomation #Robotics #AI #engineers #Engineering  https://t.co/bBag7t6tgh,omronautomation,electronics,not_green,0
287,1206055363965001731,There's no stopping those who are determined. #BajajElectricalsPinkathon #PinkathonMumbai2019  https://t.co/Nh5J31FjJj,bajajelectrical,electronics,not_green,0
183,1265379681244774400,"“The Charmin is on its way.” Here’s how our Green Bay plant has managed to stay open and pump out enough toilet paper to meet the record demand, via @EdLudlow @QuickTake.  https://t.co/ij462FY3ms",proctergamble,cosmetics,not_green,0
186,1016079529289355266,"Blurs the look of pores, controls shine and creates a natural-looking matte finish, our #fitmefoundation matte + poreless does it all! Plus, it's available in 40 shades and under $10. Alissa Janay is wearing #fitmefoundation in 'natural beige 220'.  https://t.co/4ZGrPxS8Yz",maybelline,cosmetics,not_green,0
111,1310889163269582849,"As part of our ongoing commitment to creating a culture where diversity is valued and where everyone can be themselves, we are proud to announce we have signed @BITC’s #RaceAtWorkCharter  #WeWinTogether #NationalInclusionWeek2020  https://t.co/6e6IFAsxCn",dixonscarphone,electronics,not_green,0
96,1096084191245189120,Can a home make its inhabitants healthier? We think so. The home of the future will deliver wellness and comfort to the people who live in them.  https://t.co/2Tv6Un5rFG,panasonicna,electronics,not_green,0
321,1056546128269901835,"Mesmerizing, vampy and drenched in #PureColorEnvy. 💋 Level up your #HalloweenMakeup with this ombré #liplook. Visit the #EsteeStories Blog for all the wicked details.  https://t.co/5tMHz8Ilbv  https://t.co/0zEo8HoWw3",esteelauder,cosmetics,not_green,0
39,1063144657633329152,"""Working at Whirlpool Corporation means you can breathe the multinational spirit""  Say hello to our Francesca Gradara, and read her internship story:  https://t.co/YtUl6VnsIC #WhirlpoolCareers  https://t.co/2wYVuBC4Qm",whirlpoolcorp,electronics,not_green,0
324,1117518106853806084,"PinkSalt, our NEW mineral-rich cleansing oil, is enriched with pure pink Himalayan Salt to help clarify, balance &amp; detoxify the skin.  #PixiByPetra #PixiBeauty #Skintreats  https://t.co/sYJoB2kTtT  https://t.co/LrP6mBOlbK",pixibeauty,cosmetics,implicit_claim,1
47,822149390903234560,3 benefits a smart city can gain from smart infrastructure - #smartcity #tech #sustainability  https://t.co/NgXOhdOkhf  https://t.co/G0vWJcLh67,avnet,electronics,implicit_claim,1
127,1098617093677813761,"Naturals are driving growth – including @Pampers  Pure Protection, Burt's Bees toothpaste, Native deodorants, and This is L.’s organic cotton tampons, pads, liners and wipes. Listen at  https://t.co/AkCqj61WNL. #CAGNY19 $PG @BurtsBees  @LovebeginswithL  https://t.co/uVQqvnYRcR",proctergamble,cosmetics,explicit_claim,1
124,1250925023214350337,"These brows! 😍 Makeup artist, Carly Fisher keeps her brows on point using our brow fast sculpt gel! #browfastsculpt #springmakeup  Have you tried it? Shop here:  https://t.co/ux8cCTEkuZ  https://t.co/x2D4JXYP1M",maybelline,cosmetics,not_green,0
320,854395055280234496,"Meet the ""crazy bee lady"" and other employees using tech to tackle environmental challenges. #EarthDay  https://t.co/IZNK5Hz7b6",microsoft,electronics,implicit_claim,1
252,823790238527082496,"Juices and smoothies, which do you prefer? #ChooseDay #Health  https://t.co/1054xUOcUn",whirlpoolsa,electronics,not_green,0
9,1252734153084284934,"For the past 70 years, Mustela has been creating high-quality products from naturally derived ingredients that are ethically sourced and environmentally safe. This #EarthWeek join us in being part of the change to protect our planet🌍⁠#BCorpCertified #EarthDayEveryDay  https://t.co/3GrbSTpb0X",mustelausa,cosmetics,explicit_claim,1
149,1075783183067701249,"A wealth of information is valuable, but it can lead to misconceptions about what SD-WAN is, why you should care, and how to get started. Learn more about the truth behind some common myths:  https://t.co/85nzxWWOKH #sdwan #digitalinfrastructure",eplus,electronics,not_green,0
337,1087844829424504832,"No-rinse disinfecting wipes, spray or cleaner: which is your #coldandflu season go-to? Shop our full line of botanical disinfectants here:  https://t.co/6A024fnRUX  https://t.co/SDVCAfT36x",seventhgen,cosmetics,implicit_claim,1
360,919956129651625984,"From capturing to color correcting, the HP Spectre x2 empowers you to bring your imagination to life.  https://t.co/XgpVIJeDs9  https://t.co/2mIuV38iQ8",hp,electronics,not_green,0
111,1152016962010021888,"""My favorite self-care rituals are things like sipping on herbal tea while journaling, a warm epsom salt bath in complete silence + solitude, and trying to not touch my phone while I do my fave bioClarity clarifying face masque!"" - @LivingMinnaly 💕🙌  https://t.co/wr5Ke1qGFH",bioclarity,cosmetics,explicit_claim,1
23,1035920313937211392,"#Didyouknow: Fructis Treat + Avocado extract is vegan! Our 98% naturally-derived #hairmask, deeply nourishes and smoothes hair in just 1-minute. Retweet if this is your favorite. #fructistreats #avocado  https://t.co/O1x2Z04cpF",garnierusa,cosmetics,explicit_claim,1
155,986356161141182464,Ending the night with Deep Pore Green Tea Exfoliating scrub made with #greentea. This gentle scrub decongests  and exfoliates skin.  Leave a 🍵in the comments if you want to try it! #skincare  https://t.co/UjIvHsuhFd,garnierusa,cosmetics,not_green,0
46,1170063664952553472,Try your luck with an Omron dice-playing cobot – and see other exciting robotic solutions in action at PACK EXPO 2019! Learn more from our latest blog article 👇  https://t.co/PFJSt1s9FA  #PACKEXPO #PACKEXPOLasVegas #OmronAutomation #FlexibleManufacturing #traceability #robotics  https://t.co/NyfP4k7mul,omronautomation,electronics,not_green,0
28,1026573636851953675,*sips water* Manic Mondays are now gentler 😇 #GoGentle #premiumhair #micellarwater  https://t.co/M9Tj7flM14,pantene,cosmetics,not_green,0
345,1051979473464254464,"“When you said it’s a natural finish foundation, I assumed it would be thin, but it’s actually really creamy and moisturizing. Love the feel!” - beauty fanatic #RevlonCandid  https://t.co/mCiK6AI1pc  https://t.co/9j1yHn9KBU",revlon,cosmetics,not_green,0
363,977119741415444480,"We are enabling the infrastructure for #5G and #IoT, and shaping the future of technology to transform the human experience. Download our 2017 Annual Report here to read more.  https://t.co/BuDyBiiLVL  https://t.co/fJao2HjgJZ",nokia,electronics,not_green,0
26,1129714088177807361,"What role do #AI and #VR play in candidate experience? Let Jean-Claude Le Grand, L'Oréal Executive Vice‐President ‐ Human Relations, tell you more about it LIVE from @VivaTech #beautytech #vivatech #technology  https://t.co/tZ5x4jGutc",loreal,cosmetics,not_green,0
3,1140008848704593921,"Don't like wearing earbuds? You don't have to. The Bose Frames Alto audio sunglasses have speakers built into the frames -- and they sound great. Oh - and you can also take calls from your smartphone with them, too.  https://t.co/ti2CMavF0W  https://t.co/pj28YusugG",crutchfield,electronics,not_green,0
18,1222901092951846913,"Treat yourself to soft skin all throughout the winter. 💙 This fragrant, moisturising cream is created with natural blueberry extract and a multi-vitamin complex which is designed to nourish and protect your skin. 💙  https://t.co/SGY9QPM7PW",oriflameuk,cosmetics,implicit_claim,1
162,1199147066657652736,Samsung's 512GB eUFS 3.0 memory became industry's first-ever mobile memory to be awarded Carbon Footprint and Water Footprint Certifications from the globally accredited #CarbonTrust #EnvironmentalSustainability  https://t.co/oJ6RXECkZQ,samsung,electronics,explicit_claim,1
136,1320757085953470464,Vamp it up this Halloween with Mattitude. 🧛  https://t.co/8TcOqgHR1v  https://t.co/Ggmwjz5ODO,avoninsider,cosmetics,not_green,0
286,832135723528642560,"Yes, yes they are! #Foodie #Quote  https://t.co/jvDQG7GNSz",whirlpoolsa,electronics,not_green,0
63,1100476347472842752,Strawberry jam or skincare? Today's #texturetuesday looks so good we could eat it!  https://t.co/TfEWkabOVC,bioclarity,cosmetics,not_green,0
174,1166983806592700416,"Our CEO Jonas Samuelson shares his vision for the Better Living Program and why today, on our 100th birthday, it’s time to look forward and plan for a more sustainable future #electrolux100years #betterlivingprogram  https://t.co/FrHvEYI18O",electrolux,electronics,implicit_claim,1
149,1362347656907907074,"To empower enterprises optimizing their cyber defenses, we will organize a webinar on 25 Feb with @Splunk &amp; Edvance to share the latest #cybersecurity trend in 2021 &amp; the latest enhancement of our TrustCSI™ 2.0 Information Security Services. Register Now:  https://t.co/83j2FNzbDX  https://t.co/VrXneuEJlO",citictelecomcpc,electronics,not_green,0
104,1028755526233075713,"If you want a frizz-free #summer, make sure to have this duo at hand: ✔️Smooth Air Dry ✔️Sleek &amp; Shine Hairspray #garierstyle #superhair  https://t.co/GyTAw223jI",garnierusa,cosmetics,not_green,0
11,1053709695993741314,"Get your TÜV Functional Safety Engineer Certification by enrolling in our comprehensive 9 week training course. Next session is in Montreal, November 12.  Learn more here 👉  https://t.co/7rV3FMjEd3 👈  #TUV #Rheinland #certification #training #engineer  https://t.co/1TIbOpchsm",omronautomation,electronics,not_green,0
92,1231990248420364295,"Naturalness &amp; Performance, I can have both with #GuerlainlEssentiel.⁣ ⁣ A groundbreaking formula composed of 97% naturally-derived ingredients, with a natural glow finish and buildable coverage that lasts over 16 hours.  https://t.co/IsrCYHafLH  https://t.co/qor9vAEttN",guerlain,cosmetics,implicit_claim,1
131,1049662792666664965,Time is running out to enter to win a Limited Edition Denim Blue Olympus PEN E-PL9 mirrorless camera kit! The sweepstakes ends October 9th at 11:59 PM!  https://t.co/Tg5bPR8DGF  https://t.co/vYazZXF3eR,crutchfield,electronics,not_green,0
128,1053646910148567040,Discover some of our favorite #EsteeEssentials and refresh your routine for the changing of the seasons:  https://t.co/IQbrGdwJb3 #DoubleWear #DayWear #PureColorEnvy  https://t.co/yLUQYqyrXx,esteelauder,cosmetics,not_green,0
106,1316058794103840773,"Ingredient spotlight! 🔦 Feet Up's new foot cream and bath soak are mixed with zesty and nourishing Tangerine &amp; Ginger Oil extract, which are known for their incredible warming qualities 👣 🍊 Give yourself the treat you deserve   https://t.co/hQVkvMXO9o  #PamperYourSelf #TLC  https://t.co/kbguOxAwlM",oriflameuk,cosmetics,not_green,0
274,1108744983761379329,Breathe a little easier this allergy season with a washer that’s certified as asthma and allergy friendly by the Asthma and Allergy Foundation of America (AAFA). #Spring #Allergies  https://t.co/V7BGJFhEQC,lgus,electronics,not_green,0
57,856735044668346368,Samsung and @kt_corp initiate first NB-IoT service case in metropolitan areas prior to upcoming commercial service  https://t.co/o7bEs8kYcm,samsung,electronics,not_green,0
176,1154638168777515008,"And we’re off! We're joining the first test mission (10,000km!) of optiTruck, an EU-supported project aimed at reducing greenhouse gas emissions of Heavy-Duty Vehicles by up to 20%. #EU-optiTruck #sustainability  https://t.co/CgviDP0wzh",electrolux,electronics,explicit_claim,1
132,825133237164994560,Eco Survivor at CES 2017: Learn How We're Innovating to End the Water Crisis with @TheBigPygmy and @Water4 #CES2017   https://t.co/ookalTjSRr,jascoproducts,electronics,explicit_claim,1
32,1271513854724509698,"It's simple. Safety always comes first. That’s why we’re sharing over 10 years of published research on the use of botanical ingredients in beauty products, open for any company or brand to use.  #PGBeauty #ResponsibleBeauty #PositiveForceforBeauty  https://t.co/pIvcCM16fp  https://t.co/3lwlq7d8On",proctergamble,cosmetics,implicit_claim,1
284,1353788479411539968,"Around 82% of electrical equipment ends up being sent to landfills, incinerated, or illegally traded, instead of responsibly recycled.  Check out how one app is planting a more #sustainable future, one recycled device and tree at a time:  https://t.co/0ZcbzEr9Kz 🌲",microsoft,electronics,implicit_claim,1
6,1025003243443761153,Experience 24-karat magic with #SupremeSkin ✨ Our NEW Revitalizing Supreme+ SPF15 creme features an exclusive #Moringa Extract to help skin optimize its natural renewal and cellular potential:  https://t.co/1kdsD155MF #UnlocktheBeautyofNow  https://t.co/x9jY1Bz30N,esteelauder,cosmetics,not_green,0
102,1370011707762954242,"HARMAN takes the responsibility to preserve our planet’s environment very seriously. Learn how we decreased GHG emissions by 6% since 2018 and how we’re prioritizing People, Planet and Performance to help create a sustainable future:  https://t.co/HAiHjfgdG1 #HARMANInspired  https://t.co/AFQ2tHClsl",harman,electronics,explicit_claim,1
103,1225086830871302144,"For our Better Together offer this month, you can get the Arbonne® Bio-Hydria™ Set along with the Bio-Hydria Herbal Tea and a free box of Digestion Plus.  https://t.co/Y8viBByYZC  https://t.co/ZtFJPhEKJM",arbonne,cosmetics,explicit_claim,1
253,1127024451739058177,"Need a natural, bronzed glow? We got you.  Whether you’re full face or bare face (or somewhere in between), use our Endless Glow Highlighter for an all-over glow.✨  https://t.co/owbrvlhUxQ  https://t.co/bueEzxAYy0",revlon,cosmetics,not_green,0
89,1135214526247395333,"Weekend glow in a tube. The RE9 Advanced Prepwork Soft Focus Veil blurs imperfections for a natural look, with a hint of dewy finish. Plus, it contains SPF 30 mineral sunscreen protection for all your outdoor plans!  https://t.co/FkxR2qwvkK #RE9Prepwork #HelloHealthyGlow #Arbonne  https://t.co/lhqDaxpOEQ",arbonne,cosmetics,not_green,0
10,1238210710833893378,"Meet #ColorStay #BrowLights: one part matte brow color, one part sheen. 👀 The final look? Natural brows with a subtle glisten ✨  https://t.co/05FlnFgvgq",revlon,cosmetics,not_green,0
35,1338559581287559175,"Get your gifts ready with 25% Off on purchases of 3+ more products. Use code GREEN25 Shop at:  https://t.co/s3O2bUYNl9 Straight forward formulas, the Organic Collection with Olive Oil and Aloe is made with fewer ingredients. *End of Sale: 12/14/2020 11:59 PM EST #OrganicFromAToZ  https://t.co/pB7CoBDUFh",mustelausa,cosmetics,explicit_claim,1
99,1133478076208357378,"Don't pop those pesky pimples! Say Yes to the Detoxifying Charcoal Peel-Off Mask to lift impurities and help those breakouts go away...naturally!  Thanks, @byrdiebeauty!   https://t.co/bx2XcgJrJA",yesto,cosmetics,not_green,0
335,1082684649472614400,Break from the shackles of conventional growing and let us help you discover the amazing possibilities of advanced LED solutions for horticulture. #AvnetReachFurther  https://t.co/Dh7vJUzmpE  https://t.co/FW9HKiMi89,avnet,electronics,not_green,0
217,851245848428204032,"#SundayNightSkincare routine: Cleanser, face mask, eye cream, night cream #beautysleep!",avoninsider,cosmetics,not_green,0
182,1281981594371227649,"Are you smooth and sleek, love a good scalp detox or curly and unruly? What is your go-to Raw Sugar hair care combo? Comment below!  https://t.co/tNlQw7u92c  https://t.co/kDnawoVrfA",rawsugarliving,cosmetics,not_green,0
60,832212950261833731,"2 drops BIY Blend It Yourself Pigment Drops + 1 pump DDML+ = a healthy, natural glow in 15 seconds. #myBIY  https://t.co/C63RedLWx5  https://t.co/17KW4lg3U0",clinique,cosmetics,not_green,0
8,1083559387271184385,"The @KlipschAudio Forte III floor-standing speaker provides startlingly lifelike sound. Its hulking 15"" passive radiator moves in tandem with the active 12"" woofer for tight, clean bass that fills large rooms with ease.  https://t.co/APoCw0VQgO  https://t.co/tIUdZht7Ye",crutchfield,electronics,not_green,0
114,839883755997245443,Innovation is sustainable  https://t.co/TPIem1sK2w #sustainability matters #foodwaste  https://t.co/6GiMBq4TjT,whirlpoolcorp,electronics,implicit_claim,1
99,1097945375766470658,Green skincare that’s actually green 💚 Grow your glow with our nutrient-rich antioxidant powerhouse naturally derived from chlorophyll!  https://t.co/lv1qTUoxHp,bioclarity,cosmetics,explicit_claim,1
327,857746180587102209,18 anti-aging products dermatologists actually use themselves (featuring Avon!)  https://t.co/CpuXt0Khvr via @TODAYshow,avoninsider,cosmetics,not_green,0
117,1289448274965995520,"All our natural, cruelty-free face care products are formulated to suit your needs. Kick-start any skin-clearing routine with a warm shower to open your pores.   @issa_liyah01 thank you friend for sharing. #Regram #Skincare",thebodyshopsa,cosmetics,explicit_claim,1
234,898933855771443200,Find beauty in nature. Our new #WASOBeauty collection is made from #natural ingredients to defend the skin you love.  https://t.co/PIf69u5GtO  https://t.co/f08Zz9ij42,shiseido_usa,cosmetics,explicit_claim,1
65,1271430806695817227,"Knowledge is a beautiful thing, especially when it’s given freely. P&amp;G Beauty is sharing guidelines for how to safely use botanical ingredients in beauty products, available for formulators from any company. #PositiveForceforBeauty #ResponsibleBeauty   https://t.co/A5kywsJg2j  https://t.co/JErUZcICTo",proctergamble,cosmetics,explicit_claim,1
110,957297154741211141,"Vitamin C is one powerful de-aging ingredient. 💪 Now, harness that power with Clinique Fresh Pressed Daily Booster with Pure Vitamin C 10%. Just mix a few drops with your moisturizer every day to help visibly reduce lines and wrinkles over time.  https://t.co/TeLaPMeGIV  https://t.co/gTaotlM8SD",clinique,cosmetics,not_green,0
199,1148979056312033282,"""Organic"" means farmed without synthetic pesticides. Straightforward as that 🌱  https://t.co/6KaU24nYdQ",oriflameuk,cosmetics,implicit_claim,1
314,1253315631476346885,"Nature is our natural habitat. As many of us #stayhome &amp; face higher levels of stress, finding ways to bring #nature in may offer some relief. Richard Louv deems it essential in his book, “Vitamin N: The Essential Guide to a Nature-Rich Life."" Share your pics using #VitaminN!  https://t.co/e5dceajvtw",burtsbees,cosmetics,implicit_claim,1
59,1145697231590367232,Invite #nature in with the latest limited-edition #BurtsBox! 🙌 This curated collection includes carefully chosen natural ingredients 🌱 A $90 value for just $50 - get yours today before they're gone:  https://t.co/lA8jSUQSBk  https://t.co/QTr0IwUQRx,burtsbees,cosmetics,implicit_claim,1
301,1121863947639037952,Look at product 'Love Nature Soothing Micellar Water with Organic Oat &amp; Goji Berry' in Orinet independent Oriflame Consultants! - 34858 - £7.00 -  -  https://t.co/1JIUJ66f5T  https://t.co/8hX7nSRtka,oriflameuk,cosmetics,explicit_claim,1
251,990969078369148930,Have you tried our NEW #WholeBlends Maple Remedy? This trio is enriched with castor oil and #maple extract to repair fragile hair. Leave a 🍁in the comments if you are loving this blend!#haircare  https://t.co/Pw5JSJUNzc,garnierusa,cosmetics,not_green,0
91,1131659832510033922,"You can only bring 1 styling product with you on vacation, what do you bring?  https://t.co/rwtt5odr8h  Photo by Pure and Couture Salon  https://t.co/RtyjYG8UHF",moroccanoil,cosmetics,not_green,0
107,1031163879265656832,"Whether you like your #EyeLook Over Ice or with a side of Zing Bling, our #PureColorLove Metal Lights ShadowSticks have you covered. With 6 multi-dimensional shimmering shades, you can mix, layer, and play for uniquely you lids.✨ Shop now:  https://t.co/8B1LCBxpqy  https://t.co/RaEGOFICuu",esteelauder,cosmetics,not_green,0
136,1067485737841553410,"Inspired by the iconic car chase in the 1968 film – Bullitt, @Ford’s 2019 Mustang is the first-ever model to boast the powerful sound of a premium @BangOlufsen audio system. To put the car to the test, #HARMAN enlisted influencers for an epic road trip:  https://t.co/rCWL3q6RSY  https://t.co/AwJHIU7COf",harman,electronics,not_green,0
168,1320606082121814016,"When things get a little dry, our Ginger haircare range is just the ticket. Our iconic bestselling Ginger Anti-Dandruff Shampoo is blended with ginger essential oil and enriched with Community Fair Trade organic aloe vera.",thebodyshopsa,cosmetics,explicit_claim,1
10,1116426194973536256,"The bareMinerals BLEMISH RESCUE collection has a blemish-busting mineral blend of Zinc, Sulfur, and Kaolin Clay- all of which work together to mattify oily skin and purify pores. #CleanBeauty #SephoraInJCP #SiJCP @Sephora  https://t.co/c69M1p8xPr",bareminerals,cosmetics,not_green,0
115,1309529813514883072,"SunVeil™ is Skin Cancer Foundation approved for daily use! Sun Veil™ is a broad-spectrum, mineral sunscreen with a skin-loving mix of potent, effective antioxidants, and skin-restoring, hydrating ingredients.  Shop now:  https://t.co/iEsInMPqbP  https://t.co/aubsEGbrzB",monatofficial,cosmetics,not_green,0
152,1208431940644134913,"We know it’s the most wonderful (read: HECTIC) time of the year, so here’s a friendly reminder not to skip your skincare!",olayskin,cosmetics,not_green,0
53,1333526984991928321,Last chance to shop our #CyberMonday Deals!  https://t.co/kFPkGIBWrE  https://t.co/azBOm078AC,monatofficial,cosmetics,not_green,0
74,1280558975600205826,"As a new mom, breastfeeding 🤱🏻can be daunting. From lactating to latching, there are so many concerns! we have partnered up with Dr. Latanya Benjamin a board-certified pediatric dermatologist to answer all your concerns. Click the link to watch the video.  https://t.co/o9Sn9xec3b",mustelausa,cosmetics,not_green,0
97,1186668894217326592,"Hailing from the Dominican Republic, Elba has been with Avnet since 2014. As an avid learner and teacher, her unique perspective provides us with solutions that create major benefits for our customers. #DiversityAwarenessMonth #AvnetReachFurther  https://t.co/7H4pAOssNO",avnet,electronics,not_green,0
262,1083047897028091906,"#PGLifeLab has a robust program of panel discussions at #CES2019. @OlaySkin along with other leading beauty experts like @JennaEggers from @NaraLogics , @Headshoulders and @23andMe discussed ‘How Hyper-Personalization Will Disrupt the Beauty Business’.  https://t.co/POGjrGW3rZ",proctergamble,cosmetics,not_green,0
130,1283431296451182592,"Our Speak Volumes Mascara truly does it all! It lengthens, defines, curls and volumizes — with the flexibility to go natural or more dramatic. Have you tried this fan favorite yet? https://t.co/6Jkw5lqasg  https://t.co/iX6i5srUnG",arbonne,cosmetics,not_green,0
26,1169645629519384576,"With the emerging popularity of shared mobility and in-cabin tech, a car’s value is now being measured by Experiences per Mile. #HARMAN’s recent article outlines how OEMs can better connect with their customers by using cutting-edge automotive solutions:  https://t.co/sFqrnn67jd  https://t.co/Q9H9JoF3HK",harman,electronics,not_green,0
70,837633677089718272,Did you know air purifiers can help reduce the effects of allergies? #HomeHacks  https://t.co/IQOVK5yMHS,electrolux,electronics,not_green,0
41,883747510463889408,"Sun exposure can be harsh on your locks, too! ☀️ Keep your straw hats handy and replenish your hair w/ our #3MinuteMiracle Deep Conditioner.",pantene,cosmetics,not_green,0
302,1000045637851926534,Kudos to #TeamCanon employees in our regional offices who supported a NCMEC fundraiser to raise funds and awareness for @MissingKids.  https://t.co/DOjDyNh6yc,canonusa,electronics,not_green,0
154,897724648904949760,What is most important to you when it comes to oral care? #IFA2017,philips,electronics,not_green,0
43,1311055651989319680,"Solar panels are being installed on the roofs of dozens of schools throughout Dublin to fight against global climate change. 🌎☀  Learn more about our partnership with SSE Airtricity, Ireland’s largest provider of 100% green energy:  https://t.co/60MDd4xOoK",microsoft,electronics,explicit_claim,1
11,1093623040313831428,"Scratching your head while debating whether to stick to .NET framework or move on to .NET Core? Clear all your doubts, Read this blog:  https://t.co/pJrGK2CFCl  #Migration #Technology  https://t.co/XVg8rV2uMA",clarion_tech,electronics,not_green,0
152,997515693926035456,How Does Lighting Control Impact the Design of a Home? | Audio Advice  https://t.co/zbmJMbZXkp #Raleigh #Charlotte  https://t.co/q46myfZkrX,audioadvice,electronics,not_green,0
125,1062669630672723968,It’s lunch time here at the Arrow booth in Hall c4 at @electronicaFair and it’s pretty busy! Make sure to drop by our booth for some refreshments as well as expert advice! #ele18  https://t.co/s6b3g4Hem6,arrow_dot_com,electronics,not_green,0
93,1305030953463545856,"Our vegan Hemp Hard-Working Hand Scrub is gentle exfoliation plus a big hug of hydration. For every handcare transaction, we will donate R10 to 18twenty8 towards the #NotNext project #IsolatedNotAlone",thebodyshopsa,cosmetics,explicit_claim,1
3,1136347270109179904,"Just CBD. Just argan. Our blend of 100% organic Argan Oil and full-spectrum CBD Oil nourishes and relieves the look of fatigued skin. Amino acids, omega fatty acids, and vital phytonutrients provide a visible solution for stressed skin while promoting elasticity and hydration.  https://t.co/w1HNwLkGTN",josie_maran,cosmetics,explicit_claim,1
21,1156248191752450048,We're celebrating #texturetuesday with this soothing green bb. Can you name her? 🤔 📷 @bubble.lushiee  https://t.co/EFfU80u1WM,lushcosmetics,cosmetics,not_green,0
1,1103695349540114434,"our NEW hair sprays are powered by air, not greenhouse gases! 💚💚thanks, @ownbyfemme for showing love to our latest hair obsession #lbppartner  https://t.co/GqaXAJI8pb",beautyandplanet,cosmetics,explicit_claim,1
17,1308050862468669443,"So much thought, love and care goes into every Raw Sugar product. There is a mind-body-soul connection to everything we do. We hope you and your skin feel the love.  Happy Friday!  https://t.co/e16j3QKbJv  https://t.co/7V7XeXZMYP",rawsugarliving,cosmetics,not_green,0
304,1116764214964752384,"✌️ out, week! We've got that #FridayFeeling 🎉  https://t.co/fHayNkoKcH",revlon,cosmetics,not_green,0
197,1092211115348627456,Are you #TeamShampure? #TeamRosemaryMint? Or perhaps you're rooting for #TeamCherryAlmond! Show us your team spirit and you could win a YEAR'S supply of your favorite aroma — visit our Instagram for more!  https://t.co/OX1HuGMKpk  https://t.co/2sBMXusTty,aveda,cosmetics,not_green,0
137,1352310212636536835,"New for #developers: ""How To Implement Multiplayer Avatar Selection using Edge Multiplay in Unity"" #Unity #MobiledgeX  https://t.co/T09mt0J5qN",mobiledgex,electronics,not_green,0
235,1235689649546424328,"The Green Apple Energy Fizz Sticks that everyone went crazy over is back for a limited time! Don't miss out on this juicy flavor — available in the U.S. only, while supplies last. Who's excited?  https://t.co/gUeSN7JxjQ  https://t.co/tdN9i8sSUU",arbonne,cosmetics,not_green,0
156,1107660433010421761,"Come join @crosscompany1 hosting a safety skills workshop!  In this workshop, our Omron representatives will discuss the requirements, methods and practical application of machine and process safeguarding.  Learn more 👉  https://t.co/aeS13xqiOE  #MachineSafety #WorkplaceSafety  https://t.co/h88VVrX9w2",omronautomation,electronics,not_green,0
55,992419005762801664,"“While consumers want more natural products, that does not mean that they are ready to sacrifice effectiveness” Hairstylist Delphine Courteille shares her views on the natural hair dye market @DCourteille #MonthlyDigest  https://t.co/zwIdrG0vEy  https://t.co/gEkHGgIvYF",loreal,cosmetics,implicit_claim,1
22,1047117787821424641,"ePlus discusses The Future of Digital Health with @Fortinet in USA Today, you can view the article online here:  https://t.co/2P9F8psKHE #cybersecurity",eplus,electronics,not_green,0
113,867446880057401344,We are so close to giving away a Mass Effect Replica on our #StJudePLAYLIVE live stream here:  https://t.co/kEhKShSgDI  https://t.co/1n4ZTciODC,gamestopcorp,electronics,not_green,0
72,824719836701876224,".@instituskincare offers personalised, natural skincare developed by scientific experts - @DrMariaSalichou @foundersfactory  https://t.co/fFYxrJQMYd",loreal,cosmetics,not_green,0
5,978406261392777216,Go behind the scenes with @ShawnMendes tonight at his secret listening session for his upcoming album on our Instagram stories. #ShawnSecretListening  https://t.co/2m3zQvUG4X,bose,electronics,not_green,0
181,1019620340253642752,"Durable, waterproof and reliable: everything you look for in a #solar powered #weather station. Uploads to @wunderground. Check it out:    https://t.co/TeQfswmqaX  https://t.co/g4jTqUxon5",avnet,electronics,not_green,0
133,1085946135225733120,Tune in TONIGHT to @natgeo at 6 PM EST to watch Secrets of the Garden and learn all about how scientists are working to unlock the full potential of botanicals through our partnership with @kewgardens. #HerbalEssencesxKew  https://t.co/IMKkxpxSJ1,herbalessences,cosmetics,implicit_claim,1
181,992184566642302977,Teint Idole foundation is oil free and gives medium-to-full coverage with a matte velvety finish! @mack-lc  https://t.co/EMORyB6Ls2  https://t.co/lq7TdoDMIs,lancomeusa,cosmetics,not_green,0
236,933100235458428929,Yes to these natural lashes! @allanaramaa  wearing #MonsieurBig Mascara.  https://t.co/rl3H0aUusa  https://t.co/dgguxb567a,lancomeusa,cosmetics,not_green,0
326,1055609999186116609,Comment 🍵 if you are excited to try our NEW Balancing Facial Mist with Green Tea. #skincare #greentea #skincareroutine  https://t.co/A73uDJxkAg,garnierusa,cosmetics,not_green,0
223,916327071735001088,"Happy National Manufacturing Day from Clyde, Ohio! #MFGDay17 #MFGMatters  https://t.co/Gtr3hC1sWf",whirlpoolcorp,electronics,not_green,0
189,940672888318955521,"Selection of high performing assets, rigorous choice of ingredients according to their origin and their manufacturing method, the requirements of @GarnierFR's labs to obtain the most effective and natural range possible #MonthlyDigest  https://t.co/ghFLsjMe4Q  https://t.co/OL8Pr3sJ7H",loreal,cosmetics,implicit_claim,1
48,1066414591452811265,Meet your liquid eyeshadow lineup.✨Learn all about the magic behind #PureColorEnvy ShadowPaints (and how to apply them!) on the #EsteeStories blog.  https://t.co/xrED7FFRd8  https://t.co/aqfCflyYyH,esteelauder,cosmetics,not_green,0
97,1068247284754903040,"Did you know Yes To is a cruelty-free brand AND @LeapingBunny Certified? We love our animals friends!  Make the switch to cruelty-free, natural skincare 💚  Thanks, @HerCampus!    https://t.co/XCksaUMUXM",yesto,cosmetics,explicit_claim,1
44,1253153154708975619,How do we like our makeup? Light and clean when it can be 🌱  Challenge yourself this Earth Day to use at least 1 clean product today! We’re following @prettywithlee’s lead and putting on #PrimePlus Perfecting + Smoothing Primer. It’s EWG verified and has natural ingredients 😌  https://t.co/EL7k35XlWa,revlon,cosmetics,explicit_claim,1
90,1085187698963304451,"A healthy lifestyle becomes ever more important for many of us – also within our beauty routine. Stay tuned for our new permanent hair color featuring natural ingredients such as soy protein, oat milk and argan oil! Available from February. #headsup #WhatsComingNext #ProductNews  https://t.co/ylguDlGyVk",schwarzkopf,cosmetics,implicit_claim,1
158,1253836168417984514,"Every year at the NAMM Show, some of our favorite artists drop by the Dunlop booth to give attendees an intimate performance you just can't get anywhere else. If you've never made it to the show, then check out our NAMM Jams playlist on YouTube.   https://t.co/xhcLv8q6a6  https://t.co/8srVXfzsZv",jimdunlopusa,electronics,not_green,0
19,1286768139670138880,☑️ All-natural ☑️ Organic ☑️ Moisturizing  ☑️ Nourishing   Thanks @gearpatrol for showing our SPF some love!    https://t.co/XXIcFza5Oz  #sunscreen #spf,josie_maran,cosmetics,explicit_claim,1
115,827197426201219076,Botanicals Fresh Care: a premium hair care brand infused with natural ingredients #MonthlyDigest  https://t.co/SJLAipndPJ  https://t.co/RiO2ReR085,loreal,cosmetics,implicit_claim,1
43,1029548731375349760,"Bringing immersive and rich three-dimensional sound into the homes, powered by Dolby Atmos and DTS:X – with #HarmanKardon  https://t.co/II1D69awVd",samsung,electronics,not_green,0
358,1024302594750132224,"Ready to upgrade your Harley-Davidson's audio? The @AquaticAV AQ-MP-5BT-H is a tough, all-weather receiver that fits select 1998-2013 touring bikes. It even has an internal device shelf for your smartphone.  https://t.co/w9TT3fUG1t  https://t.co/IhiN3p9ILc",crutchfield,electronics,not_green,0
372,1139608486197760000,"There is beauty in simplicity 💚 Keep your body clean, starting with the products you use. Our Natural Charcoal Deodorants are free from aluminum, petrolatum, baking soda &amp; parabens. Find them only at @Target  Take 15% off now until 6/22!  Get yours here:  https://t.co/cKrM1nnCLF  https://t.co/ZdAcLdNe4O",yesto,cosmetics,explicit_claim,1
44,1348651018180030467,"Scott Kirchner, President of Panasonic Automotive Systems Company of America and Executive Director, Smart Mobility takes the #PanasonicCES virtual stage. #CES2021  https://t.co/LdoxsNB2qP",panasonicna,electronics,not_green,0
155,981879210951274496,#TBT ENERGY STAR® dishwashers built today use 67% less water and 52% less energy than dishwashers built in 1992. #Sustainability Matters  https://t.co/rt6eSKqEM4,whirlpoolcorp,electronics,explicit_claim,1
50,1035965560633393157,"The Whirlpool Corporation Habitat build week at the Carter Work Project in Mishawaka, IN is over, and a great experience was shared by all of our #WHrCWP volunteers. #HabitatCWP  https://t.co/nHuARM5muj",whirlpoolcorp,electronics,not_green,0
169,1307310980251160576,"Take control of the room. With a large, clear display on the LG PuriCare Dehumidifier you can easily check and control humidity levels.  https://t.co/zRbNYAqteC  https://t.co/7ix7WJ54LL",lgus,electronics,not_green,0
216,1066445732742381571,"Matte but never flat. Paint on long-wearing drama with #PureColorEnvy Liquid LipColor, shown here in Strange Bloom. Get #LipsToEnvy now:  https://t.co/4jjHyxUH00  https://t.co/xOOq5OAuJn",esteelauder,cosmetics,not_green,0
39,839396729027964929,#YourSay: Technology helps us connect with kindness and respect. Which message will you spread on #WomensDay – and beyond?,nokia,electronics,not_green,0
340,894000204537618432,ePlus integration services speed #IT deployment and #ROI #WhyePlus  https://t.co/YcUyc4z29q,eplus,electronics,not_green,0
28,1205600533492457472,"Easing your hair woes from root to tip with our Cucumber and Green Tea Collection 🥒 Its sheer moisture is great for treating dry, oily or combination hair, not to mention it has real botanicals endorsed by the Royal Botanic Gardens, Kew @KewGardens. How's your hair doing today?  https://t.co/a0RsetRYFi",herbalessences,cosmetics,implicit_claim,1
170,1187366722279477249,"We're at the @njhimss annual conference in Atlantic City, NJ! Stop by the #KonicaMinolta booth to learn all about our innovative #healthcare products and services. #NJHIMSS #HealthIT #ValueBasedCare @allcovered  https://t.co/2w2W9Tq8tO",konicaminoltaus,electronics,not_green,0
166,816752377634099200,#Sustainability Matters #CES2017  https://t.co/XRjzZKQ3yn,whirlpoolcorp,electronics,implicit_claim,1
29,839059539844562944,Sow many good savings on selected garden for spring... 🍃  https://t.co/57U96L31zO  https://t.co/ipMrPXiVEg,argos_online,electronics,not_green,0
370,1317813411959443463,Give your loved ones the gift of pure relaxation this holiday season with our All Is Calm Gift Set🎁!  Shop now:  https://t.co/6BzhXfKXUV  https://t.co/3CHbpJa7PQ,monatofficial,cosmetics,not_green,0
79,1126835929748996096,#CaseStudy: Learn what Oxford Instruments did to dramatically improve global #WorkplaceCollaboration with an #Office365 migration. @OxInst @CANCOM_UK  https://t.co/zuDSJcngsZ  https://t.co/KvVDNmG3Mz,cancom_uki,electronics,not_green,0
90,1123301212533731328,"What's the latest hair color craze? “There’s a shift toward a softer, more natural aesthetic,” says celebrity colorist @RitaHazan. See the 5 hottest hair color trends to try in 2019:  https://t.co/YDylGcQGio  https://t.co/r1AWVSc2mk",revlon,cosmetics,not_green,0
27,847939238381355009,Let us guide your #collaboration strategy. Assess your IT environment today:  https://t.co/yHhV686iKD,eplus,electronics,not_green,0
263,1118639024069959681,Desk essentials 💖  https://t.co/ENYOVfNjPQ,benefitbeauty,cosmetics,not_green,0
9,1206725732174614529,"The Herbal Detox Tea is caffeine-free so you can drink it any time of day and the Digestion Plus contains 3 billion CFUs of probiotics to support optimal digestion. Get these as part of the Blockbuster ASVP, available until Jan. 14!  https://t.co/E9s9uUaZ31  https://t.co/o9mG5xRUcz",arbonne,cosmetics,not_green,0
101,1278312511327088640,Did you know that more workers are now accepting of company digital transformation projects? See how attitudes are shifting as employees recognize the value of digital initiatives:  https://t.co/Gzx4e6MOHE #WorkFromHome #DX #FutureofWork  https://t.co/wY9P8QzEmX,hitachiglobal,electronics,not_green,0
14,1275348765520642050,"Reenergise his skincare routine with the uplifting essentials in our gentlemen’s skincare kit. Cleanse. Moisturise. Feel energised and invigorated. Sealed inside a stylish, reusable cork toiletries bag, it’s the perfect gift for any occasion. #skincareroutine #skincareproducts",thebodyshopsa,cosmetics,not_green,0
165,890870446052257794,Select from a HUGE range of movies in @JBHiFi's Buy 2 Get 1 Free sale!   https://t.co/jcLtxHHdHi  Buy 3 selected titles the cheapest is free!  https://t.co/EjiR6GOQm8,jbhifi,electronics,not_green,0
135,1096924185337556992,Keep all your secrets safe with our #boiing brightening concealer! 😉  https://t.co/K3pMAW1csO,benefitbeauty,cosmetics,not_green,0
45,1308758298728869896,"Have you bamboo’d? Now available in 36+ countries, @Colgate's Bamboo Toothbrushes are made from 100% natural bamboo, packaged in 100% #recyclable cardboard, eliminating plastic waste. A smart, #sustainable choice for your #smile! Learn more:  https://t.co/cYQSCZog9m  https://t.co/LszLWC464x",cp_news,cosmetics,explicit_claim,1
75,1168267312920707072,Meet the new fab five!  💧Gel Cleanser for cleansing minus the tight after-feel 💧Liquid Serum for instant hydration 💧Eye Gel to visibly brighten eyes 💧Gel Cream to provide glow for up to 48 hours 💧Herbal Tea for inside-out hydration  https://t.co/7qyhwcEKFS  https://t.co/yl6AoFSLNm,arbonne,cosmetics,not_green,0
13,1030544824292859904,"Get shimmery, multi-dimensional metallic lids with #PureColorLove Metal Lights ShadowSticks! ✨ Now in 6 shimmering shades for you to mix, layer and play to your 💖's content. Discover them all now:  https://t.co/q1U484rRGI  https://t.co/Kdods50tgb",esteelauder,cosmetics,not_green,0
376,1324229962820317184,"Get silky-soft skin all Christmas with our nourishing, special edition Festive Berry range. These fruity must-haves are enriched with handcrafted Community Fair Trade shea butter from Ghana, organic almond milk from Spain and  sesame seed oil from Nicaragua. #MakeItRealTogether",thebodyshopsa,cosmetics,explicit_claim,1
273,1309870402232086530,Happy National Family Day! 👪 #DidYouKnow the Organic Collection is good for the entire family? The straight forward formulas are made with fewer ingredients! Today is the last day to get 20% Off the Organic range use code ORGANIC20  https://t.co/QABdfpGntW IG | 📷@daniellamanzyuk  https://t.co/hW5j54Vti0,mustelausa,cosmetics,explicit_claim,1
41,1321830827014135808,Let us count the ways! Join our webinar to learn how our powerful sensors master object detection for difficult materials and applications.  👉 Register Today!  https://t.co/cu1w6wmsvG  #omronsensorgiveaway #sensors #industrialautomation #omronautomation  https://t.co/642US0f0i3,omronautomation,electronics,not_green,0
133,880245442641928192,Because the world needs more pink  https://t.co/ksS0X702il,samsung,electronics,not_green,0
293,1188912238175895561,"What's better than a selfie for #MaskMonday? Duh, a group selfie for #MaskMonday. 😍  📷 @tristantrottier  https://t.co/kKgwLhUPSz",lushcosmetics,cosmetics,not_green,0
336,972170344634245126,Brush up on your technique.  https://t.co/Vjp5OnCJDQ  https://t.co/g1Pm2PcMbU,bestbuy,electronics,not_green,0
183,852597779507621888,Want to prevent #FoodWaste? Adopt a first in-first out organization in your refrigerator:  https://t.co/NRNJzckPsG  https://t.co/1ftoHvkehN,whirlpoolcorp,electronics,implicit_claim,1
182,1294372937080819712,Wearing natural hairstyles ranks third in reasons Black people are discriminated against. This is unacceptable &amp; the reason we co-founded the #CrownCoalition. We'll continue to advocate for @thecrownact so join us to #PassTheCrown and sign the petition at  https://t.co/dqJ55X9HYb.,dove,cosmetics,not_green,0
6,1051623722652749825,Three times the fun with our #facemist family! What's your favorite scent? 🌹rose 🍵green tea 🌱aloe #skincare #rosewater #aloe #geentea  https://t.co/pVeNNafddU,garnierusa,cosmetics,not_green,0
357,867094062477840384,"""How do we create healthy soil? Compost.""  https://t.co/XhJQGcg5Xm #foodwaste #gardening  https://t.co/RZKBbU9jMm",whirlpoolcorp,electronics,implicit_claim,1
78,1156225443089002496,Is Your AP Stuck in the Last Century? Check out this #webinar and learn how to automate your #AP lifecycle to maximize #ROI 👌🏼  https://t.co/khmnRGueng #accountspayable #KonicaMinolta #EnterpriseContentManagement #automation,konicaminoltaus,electronics,not_green,0
55,1109092931229622272,"#EarthDay may be one month away, but it's never too early to start building a more sustainable future. Here are a few strategies for increasing #sustainability and driving resident retention within the #multifamily housing segment.  https://t.co/jTrQa6bmkP  https://t.co/2S03G1VQBY",whirlpoolcorp,electronics,implicit_claim,1
82,953748846269620226,Implementing LEED-certified buildings and using electric lift trucks are just two of the ways that get us closer to our #sustainability goals  https://t.co/d2L7hcDPp6  https://t.co/TwTOoN4ue6,whirlpoolcorp,electronics,explicit_claim,1
67,919976218841178112,Via @businessinsider: A pair of big companies explain why they joined the cloud.    https://t.co/B570VRVibU,microsoft,electronics,not_green,0
254,1198766547575230464,"Love knowing that your hair care products are naturally derived? So do we. That's why our bio:renew products are made with real botanicals endorsed by the Royal Botanic Gardens, Kew @kewgardens. Check out the Palm House at Kew! Regram from @kewgardens #HerbalEssences #KewGardens  https://t.co/9ZD3DiFtw2",herbalessences,cosmetics,explicit_claim,1
25,824240421400432640,"#MakeupTip: For bold but natural lashes, make them thicker at their base and naturally taper toward their ends.  https://t.co/8xIFeJgyKo  https://t.co/PpVQPigb3M",clinique,cosmetics,not_green,0
143,1123365254828896257,Get your wings on point with our tattoo studio gel liner! 🔥#repost makeup by #ErinParsons on @JosephinSkriver. Have you tried it yet? #mnyitlook Shop here:  https://t.co/1a5yJVPb25  https://t.co/kHElHYZWgN,maybelline,cosmetics,not_green,0
144,1248232712504139776,"Care for your home AND the planet! Our new Natural Essentials line - featuring biodegradable cleaning agents, natural origin extract fragrances, and a 100% recyclable bottle (including caps) - is now available in Mexico. #innovation #sustainability #buildAfuture  https://t.co/pAzsy4ltgE",cp_news,cosmetics,explicit_claim,1
218,1215471233040560129,Wow did that just happen? 😳#ProjectRunway,maybelline,cosmetics,not_green,0
95,1149838803286122496,📹 High-speed cameras. 📈 Biomechanical data. 🧠 Machine learning.   Here's how @P3sportscience creates a competitive edge for athletes:  https://t.co/MX67HS2yMp  https://t.co/tlMlZqUMbF,microsoft,electronics,not_green,0
148,1229178602593320960,"Are there any Teint Idole Ultra Wear lovers out there? This natural matte foundation is transfer-reisitant, oil-free, and gives you up to 24 hour wear.  https://t.co/6WKOWJd7Wi  https://t.co/cXH6asyVx6",lancomeusa,cosmetics,not_green,0
275,1379841614093426693,"This #WorldHealthDay, find out what motivates our employees to create healthier homes and a healthier planet. #WhatMovesUs  https://t.co/h0UZL5yE8k  https://t.co/F8LC50ECDV",panasonicna,electronics,implicit_claim,1
30,821132439275892741,Finish off a relaxing long weekend with silky hydrated hair using #WholeBlends w Coconut Water &amp; Vanilla Milk Extracts. *sigh* 😴 #MaskMonday  https://t.co/zfHfs50g3I,garnierusa,cosmetics,implicit_claim,1
175,1113545966119018496,"#Spring into #springcleaning by tackling any mess with the DEEBOT OZMO 930 WIth a vacuum and mop combination, it is your ultimate #cleaning companion:  https://t.co/uSRDSFGgnm  https://t.co/aMz2cNyEIM",ecovacsus,electronics,not_green,0
31,1239235024731455494,Treat your skin to our T-Zone Peel-Off Mask! Your skin will love the unique green super-food blend that helps to firm &amp; refine (and don't you just love the #PixiGreen colour?!) 💚 #PixiBeauty #Skintreats  https://t.co/HPl84j3s7I,pixibeauty,cosmetics,implicit_claim,1
103,1111614006601629696,"When you choose Aveda, you say YES to our core values: cruelty-free, not tested on animals. Botanical science. Expert artistry. Clean water leadership. And so much more.  https://t.co/nJjDmlTS2S  https://t.co/gWWDB9PHBU",aveda,cosmetics,explicit_claim,1
318,868476399325134848,Want to learn more about our environmental initiatives? https://t.co/OlchBaaNeQ,canonusa,electronics,implicit_claim,1
231,903001541069570048,"Our #MatteMetallics in (from left to right): 'smoked silver', 'pure gold', 'gunmetal' and 'hot lava'. 😍 Shop here:  https://t.co/nYbHtibhNB.  https://t.co/LH11mhzaHz",maybelline,cosmetics,not_green,0
190,975480218919079939,"Each Yoyo model is wrapped in 100% worsted wool. Each model Yoyo has a slightly different range of wool color choices, and in the case of the Yoyo (M). We had the blue for our testing and it looked fabulous sitting on our desk! | Audio Advice  https://t.co/4IO0He4zdW  https://t.co/Q02wf2tGZl",audioadvice,electronics,not_green,0
282,1335969853379928065,"Skin Kushion by MONAT Unwind Body Wash is a calming, moisturizing shower gel that gently nourishes and cleanses the skin.🧖‍♀️ This soothing formula is infused with CBD, natural essential oils, and calming ingredients to relax the body and senses.  Shop now:  https://t.co/iEsInMPqbP  https://t.co/Z3ox2BQrx9",monatofficial,cosmetics,implicit_claim,1
165,1166453078754824192,"A worldwide milk and soya producer at their Canadian facility, identified two specific areas of the production line where additional #safety features could be applied. Check out this success story with #KerryFoods 👉  https://t.co/TdlxeoJ7Bn  #PACKEXPO #MachineSafety  https://t.co/A3Rk7PZSOw",omronautomation,electronics,not_green,0
150,1214577442557452297,"Potent plant power, bottled up. New 94% naturally derived* Nutriplenish features organic pomegranate oil, mango butter, organic coconut oil and sand ginger to infuse dry hair with nutrient-rich hydration and to protect hair from the drying effects of the sun.  #nutriplenish  https://t.co/LTPB8YrQQ7",aveda,cosmetics,explicit_claim,1
40,1257716818208317441,Pixi perfect lips made easy with our go-to essentials!  💚 Line the lips using Lip Contour Liner in NaturalRose for a natural-looking lip enhancer 💚 Add our NaturelleLip Lipstick in Peony  💚 Complete the look with LipLift Max in Peony Bloom  #PixiBeauty #Makeup  https://t.co/y9OIo7Cqdj,pixibeauty,cosmetics,not_green,0
313,1159566481895624710,Enjoying the summer bump🤰 stretch mark free with our Stretch Marks Prevention Cream packed with natural ingredients that work to promote skin elasticity and provide lasting moisture and nourishment📸@ashlynhope.ross    https://t.co/AmTKkvA2Xj  #ApplyWithLove  https://t.co/QSM32A6ZuJ,mustelausa,cosmetics,implicit_claim,1
123,976866078650486793,"We're painting on #LipsToEnvy in all of our favorite shades. #EsteeBeauties, which of our #PureColorEnvy Paint-On Liquid LipColor are you most excited to try? Shop now:  https://t.co/hnxdYE2zvj  https://t.co/9tMD63xXHA",esteelauder,cosmetics,not_green,0
74,1054749301153452033,One week until #Halloween! RT if you are thinking of rocking a galactic look like this one. #ShootTheMoon  https://t.co/nhFkK3HXLg,revlon,cosmetics,not_green,0
81,833813482436968448,"Don't dream your life, live your dream. Discover how your passion for #beauty can propel you as an #AvonRep!  https://t.co/9Ecwtep0zH",avoninsider,cosmetics,not_green,0
17,857231687784202242,"Flawless skin slay on @jadeywadey180 using our Fit Me Concealer for a natural, fresh finish. ✨  https://t.co/eiwRxmklBO  https://t.co/OZA5mEmcsx",maybelline,cosmetics,not_green,0
21,875458836785635328,"This was the last we saw of Sergey pointing at @andreward. Right after Andre told him not to point at him, he left! Hmm #WardKovalev  https://t.co/9PvsezbFsw",monsterproducts,electronics,not_green,0
137,1362241177848864770,"As an official supplier to @NASA’s @NASAPersevere, we’re excited and proud to join the #CountdownToMars and watch the rover land on the Red Planet tomorrow. Join us!  https://t.co/cnZZ1SSkht",avnet,electronics,not_green,0
157,875389724524982273,TUNE IN ALERT! Want to learn how to defy gravity for your neck &amp; chest? Visit  https://t.co/enL7nhDanJ for a LIVE Q&amp;A NOW! 💁🏻🙋🏻🙆🏻,avoninsider,cosmetics,not_green,0
292,1120337166004097032,"This #MothersDay, treat her to her favorite shades of #LipstickEnvy:  https://t.co/4ylDuXD2d7 #PureColorEnvy #LipsToEnvy 💄  https://t.co/9UPRxPRiZK",esteelauder,cosmetics,not_green,0
116,1130156248891121664,"GIVEAWAY! Head over to our Instagram to enter for the chance to win BluePrint's organic, vegan Daily Ritual Wellness Pack + our Essentials Routine and Beauty Boost supplements!  https://t.co/WZCULWHQRF",bioclarity,cosmetics,explicit_claim,1
187,1105468395452067840,Style your way from the runway to a night on the town or a casual Sunday brunch. Aveda products give you the best of both worlds: naturally derived AND high-performance. Which ones are YOUR go-tos?  https://t.co/W0XXpJzCiK  https://t.co/cR56ftzgje,aveda,cosmetics,implicit_claim,1
0,1121821468088836098,"On the field or at home, Survivor Slim’s thin, multi-layer design provides trusted protection for your @Microsoft Surface Go.  https://t.co/r4b5kSULNE  https://t.co/RLsZrRsw1D",griffintech,electronics,not_green,0
177,1171157061087956994,#HairLove is a beautiful thing.✨ That’s why we’re proud to support @MatthewACherry’s animated short film celebrating natural hair.  🙌 Check out the trailer here.  https://t.co/5Gwz27TEwY,dove,cosmetics,not_green,0
226,1139270283347595267,"Made with 98% natural ingredients 🥑 and ideal for in-between bath time and on-the-go, Mustela No-Rinse Cleansing Water thoroughly and gently cleans your baby's face, body, and diaper area while softening the skin. 👶  https://t.co/42BsNxInSW  https://t.co/qvt3SN5nfa",mustelausa,cosmetics,explicit_claim,1
122,1271210211647332358,"Kicker's KMC4 #marineaudio receiver gives you a 3"" full-color display to control two zones of audio on your boat. The big, clearly marked buttons are easy to see and easy to operate, even with gloves.  https://t.co/6AvKKPVI0F  https://t.co/3ajiZM1hrr",crutchfield,electronics,not_green,0
240,821042849525407744,"Some faves in NEW #intimattenudes 💄! Melissa in 'brown blush', Katy in 'raw chocolate', Shayla in 'beige babe' + Maryam in 'naked coral'.  https://t.co/0fzdPTo1Pa",maybelline,cosmetics,not_green,0
305,1348621616243212292,"The LG CLOi UV-C Robot use UV lamps to protect against infectants. These CLOi robots go around high touch, high traffic areas and use UV lights to help reduce exposure to harmful germs. #LGCES2021 @LGCommDisplays  https://t.co/901bPsfHJ7",lgus,electronics,not_green,0
171,1265055093491105792,"Is your work space feeling uninspired? Try diffusing some Rescue &amp; Renew Pure Essential Oils! Choose from any of our singles or blends depending on your mood and experience a renewed sense of focus and wellbeing. Photo by IC, Kristal Margrie  https://t.co/7nT57VugYk  https://t.co/6HhIxAi50h",arbonne,cosmetics,not_green,0
78,1115312131274989568,Struggling to navigate the implementation of an #IoT strategy? Join us in New Jersey on Apr 10-11 for an #IoTReadinessWorkshop that will help you reap all the benefits of IoT.  https://t.co/L3WvAKBgSg  https://t.co/qbxmqa2iLC,avnet,electronics,not_green,0
147,1195181347960164352,Carry #SuperLustrous #TheGloss in Super Natural (a dusty rose) with you for the days you weren’t planning on wearing makeup...but then have a change of ♥️.  #Lippics by @meghannguy  https://t.co/yWebbkfLyw,revlon,cosmetics,not_green,0
56,1377898542979817479,Hitachi worked with @StenaLine to implement #AI #technology on ships to reduce fuel consumption costs and minimise environmental impact 🛳 🌍  Find out more:  https://t.co/DizfiGgcMI  https://t.co/3AnQ0pnIfW,hitachiglobal,electronics,explicit_claim,1
62,1085457882823512064,"Common Password Myths #2: ""Entering complex passwords takes too long. Wrong. #Biometric authentication and #SSO can decrease authentication to a second""  https://t.co/jJvFZOUUiZ  #InfoSec  advice from @soc13tyhacker and @Callum_Butler #BHEU  https://t.co/gVRqYe1FWa",cancom_uki,electronics,not_green,0
153,1004649700119719936,"Can't sleep? The new Bose noise-masking sleepbuds block out noise and generate soothing, restful sound in your ears. And they're comfortable enough to wear all night long.  See them and more of the latest wellness tech here:  https://t.co/v1LIVWNLN1  https://t.co/TO2P5aqzVa",crutchfield,electronics,not_green,0
134,892052313644421122,Tell us: what do you love the most about Whole Blends Smoothing with Coconut oil and Cocoa Butter Extracts? #WholeBlends #Coconutoil  https://t.co/qQwIJZFMlk,garnierusa,cosmetics,implicit_claim,1
152,1306910881339650052,"On Monday 21st September (4pm - 5.30pm CEST), our Karoliina Loikkanen will be contributing to the discussion on Technology and Social Justice in the Responsibility in Action session at the @wef Sustainable Development Impact Summit.   More info:  https://t.co/yAfWYoQZ0j  https://t.co/Gstv54kwoh",nokia,electronics,implicit_claim,1
146,1220863498672136193,Power. Passion. Performance.   Chef @EricRipert at the #LGSIGNATUREChefsTable  https://t.co/vcsEWTzSku,lgus,electronics,not_green,0
225,1007083250181812224,"We aim to source renewable energy for 100% of the energy used for all our operations in the US, Europe and China  https://t.co/c9WklWOlWr",samsung,electronics,explicit_claim,1
59,1287432721380384768,Boost luminosity &amp; help to create complexion perfection! 🍋 Vitamin-C Serum is formulated with… 💚 Vitamin-C to help enhance the skin's natural glow 💚 Ferulic Acid to provide protection 💚 Probiotics to assist with strengthening  #PixiBeauty #Skintreats  https://t.co/kwDhaXbRl2,pixibeauty,cosmetics,implicit_claim,1
66,1125853282168127489,Eye Reflections Palette! Now available in Reflex Light &amp; Natural Beauty. #PixiBeauty #Makeup  https://t.co/qTHz38JnNs  https://t.co/Rtk0EHV8OH,pixibeauty,cosmetics,not_green,0
248,1363882010046066688,There is a huge crossover between the audio world and that of electronic #engineering. This innovative credit card-sized DJ console from our @Hacksterio community aims to have you cutting and mixing on the move!  https://t.co/2nRRY0EL3K  https://t.co/I44ceCA4aA,avnet,electronics,not_green,0
192,1272909655568715780,Are you concerned that high pressure cleanings with harsh chemicals could reduce the longevity of your production equipment?  👉 Watch video  https://t.co/jK1cGOZVCM  👉 Learn more about our harsh washdown resistant #tech  https://t.co/6ZGNrqg1nU  #IP67 #IP67G #IP68 #IP69K,omronautomation,electronics,not_green,0
27,1127981842890674222,Celebrate your natural beauty with Oh Naturelle! This limited-edition makeup collection from #EsteeBeautyDirector @violette_fr is designed to help you “get undressed” with gorgeous shades to celebrate your look and style. Explore the collection now:  https://t.co/nOg2OyDg26  https://t.co/XqyiwJH1Bi,esteelauder,cosmetics,not_green,0
127,1091486488385196033,"Plump, soften and revitalize your skin's natural radiance with our Collagen &amp; Retinol Serum. #PixiByPetra #PixiBeauty #Skincare  https://t.co/pxUPfWnFPb  https://t.co/PoICS9iSlu",pixibeauty,cosmetics,not_green,0
141,873225680648929280,Blush crush: Pure Color Envy Sculpting Blush in Poppy Passion.  Shop now:  https://t.co/ewF3MdP5LC  https://t.co/kATaVUfiF3,esteelauder,cosmetics,not_green,0
20,1084960092133486594,"We’re 50:50... Our blend of 50:50 blend of pure, organic, cold-pressed Argan and Hemp Seed glow oil. 20 amino acids (proteins) = strength // Omega 3, 6, 9 (fats) = elasticity. An age-defending oil for stronger-looking, bouncier, glowier skin.  https://t.co/TSVaO8Sz7D",josie_maran,cosmetics,explicit_claim,1
86,993475527758483456,Nomade distills the dream of escape. It draws the contours of a woman whose destiny opens on an infinite journey colored by new horizons. Photo by @TheoGosselin #Repost @chloe . . . #Coty #CotyInc #CotyLife #Beauty #Frangrances #ChallengersInBeauty #Chloe #ChloeGirls #Nomade  https://t.co/oOVLQUOo61,cotyinc,cosmetics,not_green,0
4,990621957178748930,"As new homeowners, your home is perfect right now. Let our Deebots help get rid of dust and allergens in your home to keep it looking brand new. Check out our Ozmo 930 today  https://t.co/1E651CFnDW (via Photo by Dan Gold on #Unsplash) #DeebotLife #roboticvacuum #smarthome  https://t.co/Y16GSTyVaH",ecovacsus,electronics,not_green,0
62,1134006530062372869,Our NEW Limited Edition Wonderfully Wonky Banana body care treats are enriched with Community Trade organic banana puree made from bananas that won’t sell to the food industry. You'll love this fragrantly fruity range as much as we do. 🍌  https://t.co/seqA7fEunr,thebodyshopsa,cosmetics,explicit_claim,1
84,913829376734752768,Tide Loads of Hope is there when natural disasters strike. Hear how we’re improving upon this iconic program.  https://t.co/036kefvGSd,proctergamble,cosmetics,not_green,0
33,1320446286370398209,"A little green goodness to feed your glow 🌱✨  Restore uses chlorophyll, copper &amp; antioxidants to help: ✔️ improve skin texture ✔️ brighten &amp; even skin tone ✔️ reduce redness &amp; dark spots ✔️ visibly balance skin  https://t.co/wR3DQpOv1F",bioclarity,cosmetics,implicit_claim,1
190,1017151551314497537,"“I've been using Pantene’s Micellar shampoo and Milk Conditioner recently and my results speak for themselves! Micellar is all about attracting dirt and oil without stripping and it's great for all hair types, even fragile hair. It's so gentle yet effective!” - @walkinwondrland  https://t.co/mDdEWFFx6r",pantene,cosmetics,not_green,0
36,1283129143417348096,Proud sponsor of #DownToEarthZacEfron — a journey for global sustainability with @ZacEfron. Now streaming on Netflix. #QC35 II  https://t.co/1hmc38A07t  https://t.co/RdQtkdyGGc,bose,electronics,implicit_claim,1
385,1242481299635310593,"Revitalize your routine with vegan skincare and makeup products, sourced from the finest natural ingredients. From moisturizing vegan make-up made with aloe vera to vegan skincare crafted with essential oils.",thebodyshopsa,cosmetics,implicit_claim,1
55,1084072524286177280,*Drumroll please* Introducing your new #curly hair bestie➡️ Curl Treat JELLY shaping leave-in styler. ✔️Shapes your open waves or curls ✔️24h frizz control ✔️Best for: all hair types 🌱98% naturally derived #curls #curlfriends #CurlTreats  https://t.co/AmJWOJctlt,garnierusa,cosmetics,explicit_claim,1
295,1178065616521039872,"Hair craving: damage control Hair savior: Coconut Rice Cake Shampoo Bar. White rice for flaky scalps, while organic coconut milk, creamed coconut &amp; cocoa butter team up to offer hydration &amp; protection as you cleanse 😘  https://t.co/JxYM792mki #LushHaircare 📷 @lushaberdeen  https://t.co/FfJqXspTwr",lushcosmetics,cosmetics,explicit_claim,1
15,1064960868331515904,"Like to play hard outdoors? So does the  @JBLaudio  Charge 4. It's built for rough-and-tumble adventures, and it's completely waterproof. The speaker runs for up to 20 hours on a single battery charge. It can keep your smartphone or tablet powered up, too.  https://t.co/bCYFEdpM8c  https://t.co/YgUxOI8gS5",crutchfield,electronics,not_green,0
384,1142724036482519040,Green is great - give your immune system an extra boost - try topping your shake with kiwi🥝🥝🥝  https://t.co/jwOJl2E4ed,oriflameuk,cosmetics,implicit_claim,1
153,895366611812724736,Haier America heads to the trees for another episode on @AnimalPlanet’s #TreehouseMasters! Tune in this Friday at 9/8C pm.  https://t.co/lCI6AiyFkf,haierappliances,electronics,not_green,0
134,1073281244367073280,What a great turn out at our City Drinks. A big thank you to @PureStorage and @Komprise for supporting the event! It’s great to see so many of our customers.  https://t.co/SUR31BuSzc,cancom_uki,electronics,not_green,0
107,824270815239794690,"#Kérastase presents its new range Aura Botanica, with ingredients that are 98% derived from #natural origin - @wwd  https://t.co/txYK2isA4E",loreal,cosmetics,explicit_claim,1
219,917422541148389376,New Pure Color Envy Lash #Mascara creates custom lashes on demand with the exclusive hybrid brush.  https://t.co/AioPBoPczG #LashesToEnvy  https://t.co/voJsf65eZe,esteelauder,cosmetics,not_green,0
71,1218125816615317505,"Know the difference. ☝️  By switching to binaural simultaneous Bluetooth transmission, audio signal is boosted and music is perfectly synchronized for gaming, music and calls. #OPPOEncoFree 🎵  ℹ️  https://t.co/y4UTifXkIa  https://t.co/H8Rom1Y9Ja",oppo,electronics,not_green,0
136,1163118598971428870,"”Green is life.” --Gabrielle  Shining, lustrous shades of green are one way Gabrielle expresses her vibrant life. Which damage-free Aveda Full Spectrum Vibrants hair color expresses yours? Available in Aveda salons worldwide on 9/1 – book now at  https://t.co/0ZKJlukqD8  https://t.co/5LbvRQURhG",aveda,cosmetics,not_green,0
134,1265745862120148993,". With a safe, broad-spectrum mineral sunscreen, you and your little one can enjoy backyard activities with peace of mind this summer. 🏠 ⁠ ⁠ To learn more about chemical vs mineral sunscreen, click the link  https://t.co/C95VNQDCfx #MustelaSunnySideUp #SunSafeAtHome⁠  ⁠",mustelausa,cosmetics,implicit_claim,1
94,1255874528791744512,Join Silicon Labs for this webinar and learn how to simplify your clock tree design in FPGA and application processor designs without compromising performance. Learn More.  https://t.co/Yrz3Xmcmtc,arrow_dot_com,electronics,not_green,0
246,1122606481529024512,"""I regret taking such good care of my skin"" –said No One Ever 😂 Treat your skin to the Yes To White Charcoal Mud Mask! It's the perfect mask for dry and sensitive skin!  Learn more here:  https://t.co/PLP1L5t1El  https://t.co/8Y1HxAOOEV",yesto,cosmetics,not_green,0
232,1216006863600394240,. @AnalysysMason writes how @sprint and @hatchplay bring mobile #cloud gaming to consumers - with #5G powered by @nokia. Let's play! #5GInAction #Sprint5G  https://t.co/7rSQGDEwJP,nokia,electronics,not_green,0
258,827228355632181249,#SocialInnvation is enabling reliable energy for businesses and homes around the world. Find out how here:  https://t.co/3Qu8bfbzJp  https://t.co/0TjUh7laS6,hitachiglobal,electronics,not_green,0
92,869816971067617280,here's an ingredient that should be a part of your healthy meal.  https://t.co/MepeTOPEa6,whirlpoolsa,electronics,not_green,0
257,1170614499377733633,"Take your skin to paradise and feel silky smooth from head to toe with our creamy, exotic Coconut range. Our coconuts are hand-cracked and cold-pressed to produce the best quality Community Trade organic oil. With organic Community Trade virgin coconut oil from Samoa.  https://t.co/PDZnz9sl6e",thebodyshopsa,cosmetics,implicit_claim,1
176,1252973921856630786,"🌍 Innovation  Launched this year, our L'Essentiel Foundation contains 97% ingredients of natural origin. We're committed to pursuing this approach wherever possible with our new products, in order to reach our goal of 95% natural-origin ingredients for our formulas.  #EarthDay  https://t.co/430eLoZloG",guerlain,cosmetics,explicit_claim,1
159,1094732732012228609,What does it take to become the master Pure-Fumer at Aveda? Guy Vincent will tell you!  https://t.co/W1gHzhQvZM  https://t.co/Z6z6vclDZe,aveda,cosmetics,not_green,0
53,1070404956136583168,It’s beginning to look a lot like #Christmas at #KonicaMinolta! 🎄  https://t.co/SnCfnoQfVz,konicaminoltaus,electronics,not_green,0
88,861914235105947648,"Choosing speakers for your iPhone or iPad -- Bluetooth, Apple AirPlay, Wi-Fi and wired  https://t.co/MCPuI38erQ  https://t.co/9rirIu0WHl",crutchfield,electronics,not_green,0
127,1086379672445829121,You’ll never believe why #ArganistheGOAT! Watch @natgeo’s Secrets of the Garden film in partnership with Herbal Essences to learn more about this phenomenon and how scientists are working to unlock the full potential of botanicals with @kewgardens #HerbalEssencesxKew  https://t.co/HQby5hnoL5,herbalessences,cosmetics,implicit_claim,1
122,1010152896439226369,Our latest #makeup must-have? NEW #PureColorLove Metal Lights Shadowsticks 💫!  Shop our newest eyeshadow now:  https://t.co/yQAV80Yhz0  https://t.co/eXi6cblq3G,esteelauder,cosmetics,not_green,0
39,1108367577917607938,Spring for something bright! 🌸 Put some pep back into your #beautyroutine with these best-selling #EsteeEssentials:  https://t.co/jga8O4Dq53 #SupremeSkin #AdvancedNightRepair #DoubleWear #PureColorEnvy  https://t.co/CweSevPNSK,esteelauder,cosmetics,not_green,0
32,993952082657980422,Natural and cruelty-free skincare feels so good 💚 Read what happens when @allthereaugust uses Yes To for 30 days!  https://t.co/uZeNixMT14,yesto,cosmetics,explicit_claim,1
382,1289949065220730880,"Prime Plus in Brightening &amp; Skin Tone Evening ☀️ delivers the glow your skin’s been missing.   You can thank ingredients like brightening lemon extract, exfoliating lactic acid, and vitamins E and C (nature’s great radiance booster). See ya dullness and discoloration! ✨  https://t.co/UlSGTKKrXM",revlon,cosmetics,implicit_claim,1
361,895676230321754112,Have you tried our NEW #WholeBlends Illuminating haircare with #Chamomile Flower &amp; Honey Extracts balances?  Exclusively available @Walmart.  https://t.co/IMHBoJKyHw,garnierusa,cosmetics,not_green,0
105,1053217849735553024,What is the minimum percentage of natural-origin ingredients to be certified in compliance with the COSMOS ORGANIC standard?,loreal,cosmetics,implicit_claim,1
69,1319232252081926145,"Craving full, natural-looking brows? Our Global Makeup Artist is breaking down everything you need to get the look:  https://t.co/YJfJsmAAIJ  https://t.co/zOStceZNUo",bareminerals,cosmetics,not_green,0
113,917132596546502657,Agile Methodology Decoded! #FreeEbook   https://t.co/nAqaYdypSn  https://t.co/mmqql1SIUC,clarion_tech,electronics,not_green,0
20,1062752285049176067,#WorldSeries Exposure Just One Cog in #KonicaMinolta #SportsMarketing Machine:  https://t.co/25whXN5XjM   (via @EnxMagazine) #KMSports  https://t.co/20GFbKzADA,konicaminoltaus,electronics,not_green,0
106,1258773019209740288,"We are loving this #Fructis Pure Clean review from bbyscila.  Check out what this #GarnierGirl had to say:   ""Super lightweight, in love with the silicone &amp; paraben-free formula. My hair has never been this soft not…  https://t.co/u1CChSLblS",garnierusa,cosmetics,not_green,0
74,1217552050076246017,"So dreamy! 😍 Our dream radiant liquid foundation formulated with hyaluronic acid, moisturizes skin and gives a radiant natural-looking finish. @abrilluisarios is wearing ‘porcelain ivory’.  https://t.co/0BYUA02W1y #dreamradiantliquid  https://t.co/ZoxWOqROMS",maybelline,cosmetics,not_green,0
112,1097975180369035264,"“Freedom is the most incredible thing in this world, and you can all have it, if you’re financially free.” -@CaryCarbonaro, author of @MoneyQueenGuide. #CanonWiLL  https://t.co/ZSJf1Vq0x6",canonusa,electronics,not_green,0
78,1195249420566253570,"Today is #cleanoutyourrefrigeratorday! What better day to inspire you to create tasty recipes with food that would otherwise be thrown away, such as these delicious spring rolls made from veggies found deep down in the fridge! #foodwaste #SDGs #foodfoundation #sustainability  https://t.co/PwooBF8dsT",electrolux,electronics,implicit_claim,1
172,849985070005981185,We’re powering today and tomorrow through sustainable energy. #PanasonicMovesUs   https://t.co/INTP9nrsNq  https://t.co/lAYbY7pxQ0,panasonicna,electronics,explicit_claim,1
265,991757012559122433,Celebrating the girls with awards for their achievements. We’ve never seen a GRITtier bunch! Look for more #GRIT with ePlus and @Cisco! #security  https://t.co/1TxajQqTC2,eplus,electronics,not_green,0
173,1043612623093354496,Are you a Lip Glow lover like @anne_prettyness?  https://t.co/RbEloxIzRh,avoninsider,cosmetics,not_green,0
383,1101905096512811008,"Don't sweat the small things, we've got you covered! #goaunatural with the Yes To Natural Charcoal Deodorants in Tea Tree &amp; Lavender 💚💜 These cruelty-free, vegan deodorants are free from baking soda, aluminum, parabens &amp; petroleum  🚫  Learn more here:  https://t.co/xdn1e5q1fN  https://t.co/rZnynmfSq4",yesto,cosmetics,explicit_claim,1
35,1129451526580318208,"#Skincare that's clean, green, AND effective is hard to come by. Who would you share the wealth with?  https://t.co/qxrKSwL0Js",bioclarity,cosmetics,explicit_claim,1
359,915954674871791616,Amp up the drama with NEW Pure Color Envy Lash #Mascara in three colorful shades 💚 💙 💜 Shop now:  https://t.co/hAd3LnEEcm  https://t.co/nqGDeFWa6a,esteelauder,cosmetics,not_green,0
104,1319308916333957125,[Sales at 30 September 2020] L’Oréal #Finance: Strong growth in mainland China: +20.8% like-for-like.  Find out more:  https://t.co/4gjpLRAu76,loreal,cosmetics,not_green,0
178,884472318872956930,"The gorgeous @PattyOLovesU has the perfect complexion, and it's because she uses Teint Idole UltraWear Foundation!  https://t.co/EMORyB6Ls2  https://t.co/4Z7Dd0oEZJ",lancomeusa,cosmetics,not_green,0
157,1278063258189119489,Custom backgrounds are now available in #MicrosoftTeams. 👀  Learn how you can tailor your next video call to your personality:  https://t.co/iGw8NDNNQ3,microsoft,electronics,not_green,0
344,850082513376739328,Omron LD #mobile #Robot meets @Ford #classiccars and new #FordGT 2016 Le Mans winner during @SAEIntl #WCX17 #NewGeneration  https://t.co/64qaDXFUOz,omronautomation,electronics,not_green,0
48,892399791933706241,Are you #doublecleansing?! For freshly cleansed skin without the dry tightening use our Gentle Cleansing Oil Ex &amp; Gentle Cleansing Foam EX!  https://t.co/dLHQwWvGsC,sulwhasoous,cosmetics,not_green,0
131,1338030915742822400,"❄️DAY 7️⃣ OF HOLIDAY GIVEAWAYS❄️ Win a bundle of year-round essentials worth $400 that includes @gorjana_brand jewelry 💫 organic bedding &amp; bath goodies from @ettitude 🛏️ + our vegan, non-toxic skincare treats 🌱  Head over to our IG to enter:  https://t.co/cCGSVpDQ31  https://t.co/PX3NI22uP7",bioclarity,cosmetics,explicit_claim,1
303,914467950039584768,A healthy heart starts with a balanced diet. What are your cooking tips for maintaining a healthy heart? #WorldHeartDay  https://t.co/SluMqRPn3M,philips,electronics,not_green,0
12,1091395872863195137,Tea Tree or Lavender? What's your favorite Yes To Natural Charcoal Deodorant?! Haven't had a chance to try these? Find them now only at @Target!   Get yours here:  https://t.co/d5UWuSUu2H  https://t.co/7ruHpj0aTO,yesto,cosmetics,implicit_claim,1
346,1115046344400547840,ICYMI: All of our products are now PETA certified cruelty free! 💐 #BotanicalShampoo  https://t.co/7qM7Miz6G7,herbalessences,cosmetics,explicit_claim,1
164,878225388597649408,"#DYK we promote environmentally conscious design by reducing product size &amp; weight, resulting in lifecycle CO2 reductions? #CanonGoesGreen",canonusa,electronics,explicit_claim,1
64,1278720414445907969,"We’re officially halfway through the year, so it’s the perfect time to revisit your goals! Here's a checklist of  Mind. Body. Skin.™ activities that will help you stay focused on your wellbeing and feel your best. Which goals can you commit to?  https://t.co/q99j8FB6wq",arbonne,cosmetics,not_green,0
17,1212091330417041408,What's the best commuter car you've ever owned?   https://t.co/oWHOEXCJz5  https://t.co/6gckUInknV,crutchfield,electronics,not_green,0
108,1156182405956476933,"In FY19, P&amp;G's e-commerce organic sales were up 25%...now well over $5 billion in annual sales, or about 8% of P&amp;G's total sales.  https://t.co/exTudb0OMO #Earnings $PG  https://t.co/vs4vuuxtsc",proctergamble,cosmetics,not_green,0
334,1293298647677902848,"Fluffy, natural-looking brows...it's as easy as 1-2-3! 💅🏽NEW #browmicrofillingpen glides on evenly to create such thin &amp; perfectly-spaced strokes!  💘 Seen here in shade Deep Brown, paired with #24hrbrowsetter &amp; #boiing industrial strength concealer!  https://t.co/p2CZtSHt2x",benefitbeauty,cosmetics,not_green,0
48,862225983893536768,New product 'Feminelle Gentle Intimate Wash' added to Orinet independent Oriflame Consultants! - £7.00 -  https://t.co/n0cAoU59Eh,oriflameuk,cosmetics,not_green,0
120,1337423186573598720,Need last-minute gift ideas? We’ve got you.  https://t.co/w4U0SekiaG  https://t.co/7wo3oj5CsN,bestbuy,electronics,not_green,0
32,1310574930283683840,"""The peacock-shaped bottle is gold-plated and embellished with Swarovski crystals, naturally."" - @Allure_magazine    https://t.co/1obfhBuu5D",avoninsider,cosmetics,not_green,0
285,829798077754130433,Get Play-Fi in a retro package. Enter to win this @KlipschAudio spkr today!   https://t.co/zHe99AezAZ  https://t.co/P0JMb3Olnk,crutchfield,electronics,not_green,0
349,1026551614922883072,"(3 of 3)  The #KonicaMinolta Food for Thought Initiative: Each summer, Konica Minolta holds national food drives to collect nutritious meal items for donation to local food banks. 2018’s goal is to collect/ distribute 10,000 items. #KMCares",konicaminoltaus,electronics,not_green,0
375,1374753214218842116,"Join us and learn more about the products and history that makes Bowers &amp; Wilkins a performance orientated brand, driven by advanced technology.   Watch the full film here &gt;&gt;  https://t.co/u5JnOXbPa0  https://t.co/uabYfYyu21",bowerswilkins,electronics,not_green,0
2,1141761406888488960,Our team's research helps ensure your next install day goes by without a major snag. Save time and money by using our Outfit My Car tool:  https://t.co/Dqj2NKTiE2,crutchfield,electronics,not_green,0
180,1038619267397234690,"Yes, it does matter what you clean your vinyl with. The new Mobile Fidelity Super Record Wash record-cleaning fluid features alcohol-free distilled water with non-toxic degreasers and dirt solvents.  https://t.co/o4DthPcOYY  https://t.co/paZzTWgEiq",crutchfield,electronics,not_green,0
63,1236034093390991361,"With all the bugs going around, here is a friendly reminder of one of the best ways to protect yourself from getting sick: regular hand washing.⁠ Enjoy 25% off ALL Mustela cleansers, so you can stock up without having to stand in lines! 👐⁠Use the code WASHYOURHANDS👐⁠ ⁠  https://t.co/HSM6NgqZbj",mustelausa,cosmetics,not_green,0
129,1308805258026467328,"What makes Colgate a leader in energy-saving green buildings? Learn how we're making our buildings more sustainable in this @MBNUSA article, highlighting our partnership with organizations like @TRUEcertified and @USGBC:  https://t.co/QEYipmmxsz  https://t.co/MaqNosM6Jy",cp_news,cosmetics,explicit_claim,1
289,936722521981902848,Holiday spirit has arrived at Konica Minolta U.S.!  https://t.co/4Kk17AAeXl,konicaminoltaus,electronics,not_green,0
350,1218727404123889665,Excited to welcome Mr. Shekhar Bajaj and @anujpoddar at #TMM2020. We’re running to spread awareness about Waste Segregation this year. #KnowBeforeYouThrow #BajajElectricals  https://t.co/Yf5oBQr9bn,bajajelectrical,electronics,implicit_claim,1
214,865598053100769282,"Get glowy, hydrated skin for the weekend ✨  with Moisture Bomb #sheetmasks available @walmart:  https://t.co/hNxSpJNxZM  https://t.co/0UqAbVIF9Q",garnierusa,cosmetics,not_green,0
192,1208939508059779074,"What’s the #RevlonCandid Foundation hype all about? It’s the creamy, moisturizing 💧 weightlessness and natural finish that makes you look #PhotoReady. Have you tried this skin-enhancing makeup yet⁉️  https://t.co/XinXpErKBQ",revlon,cosmetics,not_green,0
18,1161321520851034113,"#Invati Advanced is a powerful and potent blend of certified organic turmeric, ginseng and amla to instantly thicken and strengthen your hair.  https://t.co/2xXUsOjMyT  https://t.co/FbillylrGi",aveda,cosmetics,explicit_claim,1
100,827904645544734722,"Let's talk sound bars. No, not THOSE sound bars. The @MemphisCarAudio kind.  https://t.co/iU3cH4fFf9",crutchfield,electronics,not_green,0
144,1305506651273859079,"📍 Scotland's Orkney Islands  A years-long effort proved that underwater datacenters are environmentally and economically practical. Oh, and they have one-eighth the failure rate of what we see on land.  More on Project Natick:  https://t.co/rWEIj5awc4  https://t.co/2OYP6VnG8l",microsoft,electronics,implicit_claim,1
126,1163581047604424705,"Join us tomorrow for a live, online webinar with @ATT to learn how cellular connectivity can help your tech product. Register Now &gt;&gt;  https://t.co/Zb75HXT4Vk @indiegogo #gogoarrow",arrow_dot_com,electronics,not_green,0
378,1219319060296609793,"T-Zone Peel-Off perfection! 💚 The blend of skin-loving ingredients, including Green Tea, Seaweed &amp; Avocado, helps to draw out impurities &amp; lift away oil to reveal immediate results. 😍 #PixiBeauty #Skintreats  https://t.co/L47cbfqvVz",pixibeauty,cosmetics,implicit_claim,1
259,1098369973335048192,Happy #National LoveYourPetDay! Every pup loves when their human uses #crueltyfree skincare 🐶  https://t.co/EFV9FWNuvq,bioclarity,cosmetics,explicit_claim,1
300,854341320743190528,Learn how to garden in even the tiniest of spaces &gt;&gt;  https://t.co/PEE6IzzxeR @sunset #smallspaceliving,haierappliances,electronics,not_green,0
162,1100329418759852032,".@AlexJinsungChoi from @Telekom_group:  ""To successfully execute edge, we need to:  1. build, grow a #developer community;  2. provide programming models that are easily programmable;  3. collaborate w other #mobile operators in order to scale.""  #Edgecomputing #MWC19 @jasonh  https://t.co/9SmUxpwcfs",mobiledgex,electronics,not_green,0
153,1121821437000597510,"Say #ByeByeDrySkin with our Nourishing Cleansing Gel with Cold Cream. Formulated with natural ingredients,🥑 🍯 our Limited Edition's biodegradable formula nourishes and protects dry skin during bathtime. 🛀 #EarthDayEveryDay #MustelaLimitedEdition⁣  https://t.co/039Eotn97n  https://t.co/IfkizDOCeP",mustelausa,cosmetics,explicit_claim,1
108,1042339855441715200,"Live from #Berlin! Our CTO @SunayTripathi at the @TheEdgeEvent: ""Should the networks provide more than just connectivity?""   We think so! Read more ➔  https://t.co/7gV36aokCz  #EdgeComputing #Edge #Mobile #Telco #Developers #IoT #5G #Ai #Cloud  https://t.co/nPTF35nC7x",mobiledgex,electronics,not_green,0
4,1169599332309524480,"Congrats to the 3 semifinalists of the DCx challenge: Public Safety Sensor Fusion, Safe Lane, and Self-Action for Everyone! By incorporating #5G, this competition focuses on public health and safety technologies run by @OCTODC &amp; DC @MayorBowser  https://t.co/tf4LNt6k7d  https://t.co/2hQmG6MUQ7",harman,electronics,not_green,0
6,1093902582874099713,"Mustela is committed to skin health and uses #safe, effective and #natural ingredients in our products. Head to our website for more information.🥑🍯🍒🌻  https://t.co/LfUzEs5fh9  https://t.co/e0vttvyuZx",mustelausa,cosmetics,explicit_claim,1
227,909552584662421505,No falsies here! @DesiPerkins  rocks her natural lashes using the power of #MonsieurBig.  https://t.co/rl3H0aCTAC  https://t.co/VsIU7B02rX,lancomeusa,cosmetics,not_green,0
51,1239937105540911104,"Happy St. Patrick’s Day! To celebrate this green holiday, we’ve brought back Green Apple Energy Fizz Sticks 🍏 for a limited time! Get this sweet and tart favorite while supplies last! (Available in the U.S. only).  https://t.co/PqXXXSSdh9  https://t.co/hZWW7CWN7r",arbonne,cosmetics,not_green,0
148,816787694500139008,"He needs protection from harsh weather too. Sea buckthorn extracts fortify + invigorate for smooth, energized skin:  https://t.co/tr59MSAKeO  https://t.co/j00fZ3mS09",sulwhasoous,cosmetics,not_green,0
1,934482063373283328,Skin Active: how to create an effective skin care range using 96% natural ingredients @GarnierFR #MonthlyDigest  https://t.co/GUoBAU8t5W  https://t.co/TEPrkCZkp8,loreal,cosmetics,explicit_claim,1
298,1294302834754760704,"Our ABC Arbonne Baby Care® line of of gentle, clean formulas designed with baby's skin in mind feature simple, wholesome ingredients for your little one.  https://t.co/Tmlck2arK8  https://t.co/TEp2CCeReM",arbonne,cosmetics,not_green,0
47,1308077745369481221,Keeping our world beautiful is a key ingredient in our company mission—much like the naturally based key ingredients in our products. Press play to learn how we are taking our #sustainability program to the next level! #ClimateWeek2020   https://t.co/aV6Vu7XNH8,monatofficial,cosmetics,explicit_claim,1
203,1133389585617162240,"For Tuesdays that feel like Mondays, reach for Benefiance WrinkleResist24 Pure Retinol Express Smoothing Eye Mask. An award winner that reduce visible wrinkles in just 15 minutes.  https://t.co/es8s1c8nUy  https://t.co/SHB7poS0rC",shiseido_usa,cosmetics,not_green,0
280,1263917093495291904,"NEW: Argan Milk Self-Tanning Serum.   Everything you love about our Milk family. Everything you love about our all-natural tanner. Now, together.    https://t.co/QSdf01RrGC   #selftanner #arganoil #cleanbeauty  https://t.co/FfyoAsVpFi",josie_maran,cosmetics,not_green,0
116,897865547941007360,Remember: Never go to bed with makeup on. Try our Gentle Eye #MakeupRemover so you can sleep with a clean face.  https://t.co/Fz25Dn0F5R  https://t.co/1HyskZtPSi,esteelauder,cosmetics,not_green,0
112,1144320034459869184,"Thanks to @ENERGYSTAR &amp; everyone for participating in this COOOOOL #ENERGYSTARChat! Our big winner will receive a DM from this account Next week. Until next time, stay cool everyone!  https://t.co/6a3yz0HqPk",lgus,electronics,not_green,0
137,912693252922294275,You're primed for greatness with one of our Primers. Shop now:  https://t.co/QyayCZYkrr  https://t.co/y4hA2ieCUd,esteelauder,cosmetics,not_green,0
59,1259517849145618433,"get crafty this #mothersday with these planet-friendly activities – perfect to do with someone you love! 💕 from #upcycled vases to handmade cards, making something together is a thoughtful way to show…  https://t.co/J3Xgp0AD9f",beautyandplanet,cosmetics,implicit_claim,1
37,996143141551042561,The Jabra Engage Series features all-day battery and a range up to 150m/490ft. Gain the mobility to deliver business calls more efficiently.   https://t.co/4O5JjiNZfS  https://t.co/0dSTTvrDsB,jabra_us,electronics,not_green,0
339,1300810660033572865,Shine in Color. Shiny hair through 20 washes. In just 5 minutes of processing. 93% naturally derived*. Vegan. Cruelty free.   Head to  https://t.co/nJjDmlTS2S to find a salon near you and book your Aveda Shine Treatment.  #AvedaShineTreatment #ShinyHair #HairGoals #VeganHairCare  https://t.co/tLEsyt35U0,aveda,cosmetics,explicit_claim,1
70,1192836731051106304,"$1.9 million invested and nearly 40,000 students reached nationwide with STEM education since 2018.  https://t.co/C9cvGlyZF7  #NationalSTEMDay #PanasonicCares  https://t.co/g4hADsexBV",panasonicna,electronics,not_green,0
322,1031594143083057152,"A parfum inspired by nature’s captivating beauty. Discover iconic greens polished with a sparkling modern twist and notes of Citrus, Galbanum, Jasmine and Magnolia. Éclat de Vert by @AERIN is available now:  https://t.co/WQkX2NcAmc #AERINBeauty  https://t.co/fjDgCcjDFM",esteelauder,cosmetics,implicit_claim,1
140,1224429513934802944,"Make a choice to be #CyberSmart this year! Security workshops offer in-person strategic consulting around Cloud Usage &amp; Risk, Endpoint Threat Prevention &amp; Response, and Security Orchestration Automation &amp; Response. Learn more.",eplus,electronics,not_green,0
184,1102697751928848384,"Mmm, cucumbers! Not only are they tasty, but they're gentle on skin! Give your sensitive skin some love with the Yes To Cucumbers Facial Wipes 💚  #facialwipes #naturalskincare #vegan  https://t.co/JDs3eZl7ce",yesto,cosmetics,implicit_claim,1
163,865250805477244928,"""Effectively remove skin impurities with our gentle cleansing essentials: Gentle Cleansing Oil EX &amp; Gentle Cleansing Foam EX""  https://t.co/4eiga3rPD5",sulwhasoous,cosmetics,not_green,0
98,1056969023789953024,Yummly® guided cooking is here: select Whirlpool® smart cooking appliances now work with @yummly :  https://t.co/smDzvouLRB  https://t.co/3PhXlDA0bu,whirlpoolcorp,electronics,not_green,0
57,1158377143639822336,Looking for calm &amp; relaxation? We've got an 💡 Reach for our Lavender Foaming Bath and settle into a moment of pure bliss 💜 #LoveLoccitane  https://t.co/34UTxYv3mC,loccitaneusa,cosmetics,not_green,0
119,835175230821679108,Love you girls! 💘  Make sure you add us on Snap if you missed the big reveal! 👻: BenefitBeauty  https://t.co/XjzL8kQEzB,benefitbeauty,cosmetics,not_green,0
187,1053271532800299012,"Did you know? An organic product can only be called #organic if it has been certified, unlike natural cosmetics 🌿  https://t.co/fXXZFdmjDI",loreal,cosmetics,explicit_claim,1
261,1273850497217290243,"This foaming face wash has a silky-soft  clay texture that is gentle enough for all skin types. It leaves skin feeling refreshed, soft and looking mattified  without drying it out . 📸:@ashwillrob...Thank you for sharing #repost #fathersdaygifts #forhim😍",thebodyshopsa,cosmetics,not_green,0
186,988786665840922625,Canon U.S.A. Supports the @arborday's “Replanting Our Forests” Program that Helps Replenish Forests in the U.S. #PR #News  https://t.co/KGX6VnrOST  https://t.co/QOV8S3zGTe,canonusa,electronics,explicit_claim,1
28,1207651841355472896,"Do you know that microbeads are too small to be extracted by sewage filtration systems? They end up in oceans and rivers, and are eaten by marine life. I'm honoured to promote Oriflame products, as they contain absolutely 0% plastic beads, helping to keep our oceans clean!  https://t.co/O41Ak1UG7x",oriflameuk,cosmetics,explicit_claim,1
52,1240639171561218049,"On Wednesdays we give love to our lips. Our 95% organic, Natural Lip Balms  nourish and smooth lips with natural extracts like shea butter and plant-derived essential oils while vitamin E, safflower and Jojoba oils lock in moisture.  https://t.co/dobn6IZLSu  https://t.co/618gkucDQ6",rawsugarliving,cosmetics,explicit_claim,1
50,1233462783812960256,"Go natural, add a hint of color or make it shimmer. ✨ On-the-go moisturization whenever you need it! 👄 Shop all our #lipcare:  https://t.co/3nSpGyDvVN  https://t.co/VNF3LOcOSd",burtsbees,cosmetics,not_green,0
165,1372261458080366603,Have trouble sleeping? Bose #Sleepbuds II are the sleep-easy solution you need – from wind down to wake up.  https://t.co/lTN7MtOb2n  https://t.co/xdCj26Y3xi,bose,electronics,not_green,0
11,1105253317817569280,"The goal: To reduce the amount of trial and error required to make beneficial #scientific breakthroughs.  Here's how our new collaborations with Princeton, Oxford Biomedia and Synthace are making it happen:  https://t.co/YvD50UWMa6 #StationB",microsoft,electronics,not_green,0
2,820281365761556480,"Join us tomorrow at #Mumbai #Marathon, for the education of Domestic/Household #waste segregation. #KnowBeforeYouThrow  https://t.co/UElfDFckdI",bajajelectrical,electronics,implicit_claim,1
45,880136181798903809,A5: The Zera™ Food Recycler delivers on an increasing demand for more sustainable solutions for the home. See it at booth 2012! #KBTribeChat  https://t.co/GHloNLHyLQ,whirlpoolcorp,electronics,explicit_claim,1
23,1217518239565172737,Create the ideal romantic eye look with our ✨new✨ Send Roses Eye Palette:  https://t.co/4ySlxdjkaK.😍  https://t.co/DD3oGBAMwG,avoninsider,cosmetics,not_green,0
244,1104406128694304770,"The Alpine UTE-73BT #caraudio receiver is a streamlined way to enjoy music, podcasts, and more. With Bluetooth, you enjoy your tunes as well as hands-free conversations.  https://t.co/vCb5aKHtny  https://t.co/AjJ19qON8T",crutchfield,electronics,not_green,0
52,1128693707681570816,"For travel or for every day life, we love Toothy Tabs! Their solid form means they're TSA-friendly and the packaging is made from 100% recycled and recyclable materials, unlike traditional toothpaste tubes that end up in landfills.  🥰✈️ Get them here:  https://t.co/WgYU8l7vYG  https://t.co/TCSwz3HlI3",lushcosmetics,cosmetics,explicit_claim,1
58,1298591021400375297,"Announcing the global launch of a new full smart laundry lineup and an innovative bottom-mount freezer refrigerator, all of which come with high energy efficiency for sustainable use  https://t.co/EIkLHTzsPZ",samsung,electronics,explicit_claim,1
338,1205200654492418048,"Congrats to Ilaria Resta VP NA Hair Care awarded @wwd Beauty Inc. Brand Builder of the Year, thanks to her transformative leadership with brands like @Pantene &amp; @herbalessences #BeautyIncAwards #PGBeauty  https://t.co/gkaCEWZZZF",proctergamble,cosmetics,not_green,0
323,1158282928134266880,"In 2010, we unveiled 5 “Vacs from the Sea” to raise awareness about ocean plastic waste. Fast forward to 2019, we're planning to create our first fully recyclable vacuum made from 100% recycled plastic.  https://t.co/mgVHcOiPuS #electrolux100years #sustainability #forthebetter  https://t.co/x3bPYm2MW4",electrolux,electronics,explicit_claim,1
128,1099390709185032193,"No matter how busy your schedule gets, smart pet gear can ensure your pet gets fresh food and water whenever they need it!   https://t.co/tl6UulfKip  https://t.co/BTvjVJPb4h",crutchfield,electronics,not_green,0
151,1235218484684034051,"New season, new hair. Spring calls for lightweight hydration that helps nourish hair without weighing it down. Our Light Moisture collection is packed with organic pomegranate and coconut oils, which help treat each individual strand.   #aveda #nutriplenish #haircare  https://t.co/TbRV2S6PzJ",aveda,cosmetics,explicit_claim,1
178,941680145513017344,It's #CliniqueHappyDay and we're celebrating at Clinique Counters across the country! 🎉 Find your nearest Clinique Counter here:  https://t.co/tQfsM9rm4I. Happy Day only happens once a year—you don't want to miss it!  https://t.co/Y5aypnMpQB,clinique,cosmetics,not_green,0
62,1214279843958992901,"Phil Duncan, Chief Design Officer, Fama Francisco, CEO Global Baby, and Feminine Care, and Marc Pritchard, Chief Brand Officer, celebrated our return to #CES by spotlighting several of the innovations featured in the #PGLifeLab booth. Sands Expo Center Booth 42131.  https://t.co/wVQJC6ui9q",proctergamble,cosmetics,not_green,0
353,1183865077503537152,Shop your favorite #fragrance in full size or a drawable pen:  https://t.co/gqSB1VOzix! #AvonLiveOutLoud  https://t.co/KBFC30r8Kk,avoninsider,cosmetics,not_green,0
380,1288844731850674176,Today we reported results for the 2020 fiscal year. Credit for our results goes to our P&amp;Gers around the globe who are serving consumers + customers. Watch: our people at the P&amp;G plan in Green Bay figured out how to increase production while staying safe.  https://t.co/bjjJCi1TOi,proctergamble,cosmetics,not_green,0
328,815633690328006656,"New year, new you! If 2017 is your year to be a #BeautyBoss, become an #AvonRep today:  https://t.co/9pdUayOoHX",avoninsider,cosmetics,not_green,0
19,1253416267161071620,"Monday… Tuesday… what day?... someday… dayum what day is it anyway  If you like having a little coverage with a natural, yet flawless finish for facetime, MUA @lolitavbeauty used #PhotoReadyCandid Foundation on @ariela_o ✨  https://t.co/UIF07NqFo8",revlon,cosmetics,not_green,0
160,1219289132876423171,Love that. It smells so good and feels so nice on the skin.,monatofficial,cosmetics,not_green,0
170,992433874633404416,Looking for some coverage that hydrates your skin? Skin Feels Good has skin loving ingredients that puts your skin first with a sheer to build-able natural coverage.  https://t.co/1Z9WbFIV1k  https://t.co/29ZdTZrNdP,lancomeusa,cosmetics,not_green,0
101,1176164322181095424,Perfectly balanced. Happy Libra Season!  https://t.co/xiXj20Rajx,olayskin,cosmetics,not_green,0
42,942726172353409025,Holiday hair ready with #Nutrisse 50 Natural Brown (truffle)😍. Tag a friend who should try this color. #hairgoals  https://t.co/A2Vea7Y308,garnierusa,cosmetics,not_green,0
75,1179515070742708225,"Ever wondered what this logo was on every bottle of bio:renew? It means the Royal Botanic Gardens, Kew (@kewgardens) has authenticated the botanical in our bio:renew products for quality and consistency! ✨ #HerbalEssences #KewGardens #Haircare #PlantPowerInEveryShower  https://t.co/5EcaJ45onP",herbalessences,cosmetics,implicit_claim,1
135,1225534216009633804,Looking for a natural matte finish? Teint Idole Ultra Wear Foundation has you covered.  https://t.co/Bg2Od6rkNE  https://t.co/Ud7LeU3JD7,lancomeusa,cosmetics,not_green,0
180,905460618739806208,Hey #GarnierGirls! Make sure to pick up your local newspaper this Sunday to SAVE BIG on your favorite Garnier products💚!,garnierusa,cosmetics,not_green,0
8,1114943680190853120,"Clean, green, never mean 💚 We try to stay as green as possible for Mother Earth and use recyclable plastics and shipping materials whenever possible  ♻️  https://t.co/w85CWe6ijy",bioclarity,cosmetics,explicit_claim,1
343,1271112018846769155,"Many of today's cars have factory radios that either cannot be replaced or that we just don't recommend replacing. In this article, we explain why. We discuss your other options for sound improvements, too.   https://t.co/fIYo7dvXb0  https://t.co/5MTzEcvS7S",crutchfield,electronics,not_green,0
175,1181902172004524033,"What defines excellent sound quality? #HARMAN’s audio guru, Dr. Sean Olive, gives us an inside look at the process behind @Samsung’s Galaxy Buds’ premium audio performance and his advice to consumers looking for top-notch wireless headphones. For more:  https://t.co/DKasLSmZZX  https://t.co/0ICABuYyBY",harman,electronics,not_green,0
83,852529377820557313,Your biz is not too small to automate #AP. Join our 4/19 webinar to learn how.  https://t.co/c4J37RQSAi #Workflow4SMB  https://t.co/5IvMsjdh7N,konicaminoltaus,electronics,not_green,0
171,1369286440522313732,"Do you want to improve your process and yields for your SMT applications? 👉 Register here!  https://t.co/RR9KHJMDDj  We’re showcasing new, market-leading technologies at IPC APEX EXPO 2021 Virtual event THIS WEEK March 8-12th, 2021.  #IPCAPEXEXPO #SMT #semiconductor  https://t.co/SfI18R2DRV",omronautomation,electronics,not_green,0
267,1233632994130382849,"When it comes to hydration, Hemp packs a punch indeed! ☑️Overnight face mask for dry skin. ☑️Intensely hydrates skin for up to 72hrs. ☑️Enriched with Community Trade organic aloe vera from       Mexico. ☑️Not tested on animals.  📸: @emilyrosevd thank you for sharing.🙂  https://t.co/ScNu9oneHA",thebodyshopsa,cosmetics,explicit_claim,1
56,1164962298181693441,"Introducing NEW Plant Gold Nutri-Revitalizing Oil-Emulsion! Made with 100% green beauty innovation for hydrated, nourished and revitalized skin. Learn more:  https://t.co/8gQvhzrPU5  https://t.co/r0fjNqfGk8",clarinsusa,cosmetics,implicit_claim,1
18,826852722129432577,#Sustainability Matters #WhirlpoolWednesday  https://t.co/3DSwd3xK7w,whirlpoolcorp,electronics,implicit_claim,1
22,1181214242046906369,"Want easy, natural-looking brows at the blink of an eye? Try NEW #ColorStay Brow Shape &amp; Glow ✨ dual-ended micro marker and highlighter:  https://t.co/87wWt3SKek  https://t.co/n2G0OMMuE0",revlon,cosmetics,not_green,0
76,949243205622657024,.@rosssiro  presents our top read blogs of 2017 - they might surprise you! Which topics do you want to read more about this year?  https://t.co/6MOsNF7CKq #AI #5G #IoT #CDN  https://t.co/BfqvUnlYYM,nokia,electronics,not_green,0
179,1095128661445959680,"Developers: Our #AIforGood Idea Challenge #contest is back. Code for good to build a more sustainable, accessible world. Learn more:  https://t.co/L6x9fgKyve",microsoft,electronics,implicit_claim,1
113,978633723951439872,Eenie meenie miney mo. 🤔Comment with your go-to Kiss Plumping Lip Crème shade below! #BoldProducts  Get your favorite shade at @walgreens  https://t.co/cfs0rx1fUX  https://t.co/Cezc0dJQXB,revlon,cosmetics,not_green,0
