episode,day,actions,allocation_weights,portfolio_return,reward,new_portfolio_value
0,1,"0.50, 0.50","0.50, 0.50",-0.10%,-0.50,100
0,2,"0.76, 0.91","0.46, 0.54",-0.11%,-0.54,100
0,3,"0.23, 0.31","0.42, 0.58",-0.12%,-0.58,100
0,4,"0.71, 0.07","0.91, 0.09",-0.02%,-0.09,100
0,5,"0.77, 0.73","0.51, 0.49",-0.10%,-0.49,100
0,6,"0.65, 0.29","0.69, 0.31",-0.06%,-0.31,99
0,7,"0.20, 0.17","0.53, 0.47",-0.10%,-0.47,99
0,8,"0.14, 0.58","0.19, 0.81",-0.17%,-0.81,99
0,9,"0.14, 0.84","0.14, 0.86",-0.18%,-0.86,99
0,10,"0.34, 0.56","0.38, 0.62",-0.13%,-0.62,99
0,11,"1.00, 0.55","0.64, 0.36",-0.07%,-0.36,99
0,12,"0.65, 0.42","0.61, 0.39",-0.08%,-0.39,99
0,13,"0.33, 0.58","0.36, 0.64",-0.13%,-0.64,99
0,14,"0.20, 0.83","0.19, 0.81",-0.17%,-0.81,98
0,15,"0.96, 0.63","0.60, 0.40",-0.08%,-0.40,98
0,16,"0.66, 0.64","0.51, 0.49",-0.10%,-0.49,98
0,17,"0.17, 0.08","0.68, 0.32",-0.07%,-0.32,98
0,18,"1.00, 0.71","0.59, 0.41",-0.09%,-0.41,98
0,19,"0.81, 0.06","0.93, 0.07",-0.01%,-0.07,98
0,20,"0.30, 0.29","0.51, 0.49",-0.10%,-0.49,98
0,21,"0.58, 0.97","0.38, 0.62",-0.13%,-0.62,98
0,22,"0.24, 0.71","0.25, 0.75",-0.16%,-0.75,98
0,23,"0.65, 0.73","0.47, 0.53",-0.11%,-0.53,98
0,24,"0.95, 0.10","0.91, 0.09",-0.02%,-0.09,98
0,25,"0.53, 0.36","0.60, 0.40",-0.09%,-0.40,98
0,26,"0.45, 0.93","0.32, 0.68",-0.14%,-0.68,97
0,27,"0.13, 1.00","0.12, 0.88",-0.19%,-0.88,97
0,28,"0.86, 0.22","0.79, 0.21",-0.04%,-0.21,97
0,29,"0.20, 0.75","0.21, 0.79",-0.17%,-0.79,97
0,30,"0.74, 0.53","0.58, 0.42",-0.09%,-0.42,97
0,31,"0.96, 0.63","0.60, 0.40",-0.09%,-0.40,97
0,32,"0.68, 0.15","0.82, 0.18",-0.04%,-0.18,97
0,33,"0.49, 0.41","0.55, 0.45",-0.10%,-0.45,97
0,34,"0.89, 0.77","0.54, 0.46",-0.10%,-0.46,97
0,35,"0.48, 0.41","0.54, 0.46",-0.10%,-0.46,97
0,36,"0.10, 0.98","0.09, 0.91",-0.20%,-0.91,96
0,37,"0.04, 0.60","0.07, 0.93",-0.20%,-0.93,96
0,38,"0.07, 0.53","0.11, 0.89",-0.19%,-0.89,96
0,39,"0.17, 0.85","0.17, 0.83",-0.18%,-0.83,96
0,40,"0.41, 0.71","0.36, 0.64",-0.14%,-0.64,96
0,41,"0.81, 0.72","0.53, 0.47",-0.10%,-0.47,96
0,42,"0.14, 0.52","0.21, 0.79",-0.17%,-0.79,95
0,43,"0.10, 0.82","0.11, 0.89",-0.20%,-0.89,95
0,44,"0.13, 0.82","0.13, 0.87",-0.19%,-0.87,95
0,45,"0.12, 0.84","0.12, 0.88",-0.19%,-0.88,95
0,46,"0.50, 0.87","0.37, 0.63",-0.14%,-0.63,95
0,47,"0.36, 0.60","0.38, 0.62",-0.14%,-0.62,95
0,48,"0.02, 0.00","1.00, 0.00",0.00%,-0.00,95
0,49,"0.46, 0.85","0.35, 0.65",-0.15%,-0.65,94
0,50,"0.27, 0.33","0.46, 0.54",-0.12%,-0.54,94
0,51,"0.83, 0.41","0.67, 0.33",-0.07%,-0.33,94
0,52,"0.58, 0.78","0.43, 0.57",-0.13%,-0.57,94
0,53,"0.62, 0.64","0.49, 0.51",-0.11%,-0.51,94
0,54,"0.79, 0.39","0.67, 0.33",-0.07%,-0.33,94
0,55,"0.73, 0.22","0.77, 0.23",-0.05%,-0.23,94
0,56,"0.30, 0.48","0.39, 0.61",-0.14%,-0.61,94
0,57,"0.28, 1.00","0.22, 0.78",-0.18%,-0.78,94
0,58,"0.82, 0.21","0.80, 0.20",-0.05%,-0.20,94
0,59,"0.83, 0.43","0.66, 0.34",-0.08%,-0.34,93
0,60,"0.81, 0.08","0.91, 0.09",-0.02%,-0.09,93
0,61,"0.40, 0.29","0.58, 0.42",-0.10%,-0.42,93
0,62,"0.98, 0.17","0.85, 0.15",-0.03%,-0.15,93
0,63,"0.07, 0.76","0.09, 0.91",-0.21%,-0.91,93
0,64,"0.47, 0.55","0.46, 0.54",-0.12%,-0.54,93
0,65,"0.32, 0.52","0.38, 0.62",-0.14%,-0.62,93
0,66,"0.22, 0.71","0.24, 0.76",-0.18%,-0.76,93
0,67,"0.19, 0.38","0.34, 0.66",-0.15%,-0.66,93
0,68,"0.01, 1.00","0.01, 0.99",-0.23%,-0.99,92
0,69,"0.58, 0.89","0.39, 0.61",-0.14%,-0.61,92
0,70,"0.86, 0.09","0.91, 0.09",-0.02%,-0.09,92
0,71,"0.32, 0.54","0.38, 0.62",-0.15%,-0.62,92
0,72,"0.88, 0.09","0.91, 0.09",-0.02%,-0.09,92
0,73,"0.88, 0.44","0.67, 0.33",-0.08%,-0.33,92
0,74,"0.80, 0.16","0.83, 0.17",-0.04%,-0.17,92
0,75,"0.42, 0.67","0.38, 0.62",-0.15%,-0.62,92
0,76,"0.87, 0.70","0.55, 0.45",-0.11%,-0.45,92
0,77,"0.28, 0.74","0.27, 0.73",-0.17%,-0.73,92
0,78,"0.54, 0.61","0.47, 0.53",-0.13%,-0.53,91
0,79,"0.34, 0.32","0.51, 0.49",-0.12%,-0.49,91
0,80,"0.39, 0.13","0.75, 0.25",-0.06%,-0.25,91
0,81,"0.25, 0.69","0.26, 0.74",-0.18%,-0.74,91
0,82,"0.39, 0.61","0.39, 0.61",-0.15%,-0.61,91
0,83,"0.27, 0.93","0.23, 0.77",-0.19%,-0.77,91
0,84,"0.05, 0.59","0.08, 0.92",-0.22%,-0.92,91
0,85,"0.80, 0.61","0.57, 0.43",-0.11%,-0.43,91
0,86,"0.61, 0.32","0.66, 0.34",-0.08%,-0.34,90
0,87,"0.85, 0.67","0.56, 0.44",-0.11%,-0.44,90
0,88,"0.54, 0.47","0.54, 0.46",-0.11%,-0.46,90
0,89,"0.04, 0.31","0.10, 0.90",-0.22%,-0.90,90
0,90,"0.45, 1.00","0.31, 0.69",-0.17%,-0.69,90
0,91,"0.12, 0.79","0.13, 0.87",-0.21%,-0.87,90
0,92,"0.05, 0.23","0.17, 0.83",-0.21%,-0.83,89
0,93,"0.73, 0.34","0.68, 0.32",-0.08%,-0.32,89
0,94,"0.83, 0.75","0.53, 0.47",-0.12%,-0.47,89
0,95,"0.23, 0.68","0.26, 0.74",-0.19%,-0.74,89
0,96,"0.11, 0.19","0.37, 0.63",-0.16%,-0.63,89
0,97,"0.71, 0.29","0.71, 0.29",-0.07%,-0.29,89
0,98,"0.47, 0.32","0.60, 0.40",-0.10%,-0.40,89
0,99,"0.63, 0.50","0.56, 0.44",-0.11%,-0.44,89
0,100,"0.34, 0.91","0.27, 0.73",-0.18%,-0.73,89
0,101,"1.00, 1.00","0.50, 0.50",-0.13%,-0.50,88
0,102,"0.93, 0.90","0.51, 0.49",-0.12%,-0.49,88
0,103,"0.57, 1.00","0.36, 0.64",-0.16%,-0.64,88
0,104,"0.45, 1.00","0.31, 0.69",-0.18%,-0.69,88
0,105,"0.04, 1.00","0.04, 0.96",-0.25%,-0.96,88
0,106,"0.12, 1.00","0.11, 0.89",-0.23%,-0.89,88
0,107,"0.06, 0.98","0.06, 0.94",-0.24%,-0.94,87
0,108,"0.00, 0.98","0.00, 1.00",-0.26%,-1.00,87
0,109,"0.00, 0.97","0.00, 1.00",-0.26%,-1.00,87
0,110,"0.00, 0.95","0.00, 1.00",-0.26%,-1.00,87
0,111,"0.00, 1.00","0.00, 1.00",-0.26%,-1.00,87
0,112,"0.03, 0.99","0.03, 0.97",-0.25%,-0.97,86
0,113,"0.00, 0.98","0.00, 1.00",-0.26%,-1.00,86
0,114,"0.01, 1.00","0.01, 0.99",-0.26%,-0.99,86
0,115,"0.01, 1.00","0.01, 0.99",-0.26%,-0.99,86
0,116,"0.00, 1.00","0.00, 1.00",-0.26%,-1.00,85
0,117,"0.02, 0.94","0.02, 0.98",-0.26%,-0.98,85
0,118,"0.02, 0.91","0.02, 0.98",-0.26%,-0.98,85
0,119,"0.00, 0.97","0.00, 1.00",-0.27%,-1.00,85
0,120,"0.01, 0.98","0.01, 0.99",-0.26%,-0.99,85
0,121,"0.00, 1.00","0.00, 1.00",-0.27%,-1.00,84
0,122,"0.00, 1.00","0.00, 1.00",-0.27%,-1.00,84
0,123,"0.03, 0.99","0.02, 0.98",-0.26%,-0.98,84
0,124,"0.00, 1.00","0.00, 1.00",-0.27%,-1.00,84
0,125,"0.00, 1.00","0.00, 1.00",-0.27%,-1.00,83
0,126,"0.02, 0.99","0.02, 0.98",-0.27%,-0.98,83
0,127,"0.02, 1.00","0.02, 0.98",-0.27%,-0.98,83
0,128,"0.09, 1.00","0.08, 0.92",-0.25%,-0.92,83
0,129,"0.00, 1.00","0.00, 1.00",-0.27%,-1.00,83
0,130,"0.00, 0.98","0.00, 1.00",-0.27%,-1.00,82
0,131,"0.04, 1.00","0.04, 0.96",-0.26%,-0.96,82
0,132,"0.02, 0.94","0.02, 0.98",-0.27%,-0.98,82
0,133,"0.08, 0.97","0.08, 0.92",-0.25%,-0.92,82
0,134,"0.00, 1.00","0.00, 1.00",-0.28%,-1.00,81
0,135,"0.00, 0.93","0.00, 1.00",-0.28%,-1.00,81
0,136,"0.00, 1.00","0.00, 1.00",-0.28%,-1.00,81
0,137,"0.00, 1.00","0.00, 1.00",-0.28%,-1.00,81
0,138,"0.08, 0.94","0.08, 0.92",-0.26%,-0.92,81
0,139,"0.00, 0.93","0.00, 1.00",-0.28%,-1.00,80
0,140,"0.00, 0.93","0.00, 1.00",-0.28%,-1.00,80
0,141,"0.04, 0.99","0.04, 0.96",-0.27%,-0.96,80
0,142,"0.04, 1.00","0.04, 0.96",-0.27%,-0.96,80
0,143,"0.00, 0.99","0.00, 1.00",-0.28%,-1.00,79
0,144,"0.00, 1.00","0.00, 1.00",-0.28%,-1.00,79
0,145,"0.00, 1.00","0.00, 1.00",-0.28%,-1.00,79
0,146,"0.00, 1.00","0.00, 1.00",-0.29%,-1.00,79
0,147,"0.02, 0.98","0.02, 0.98",-0.28%,-0.98,79
0,148,"0.11, 1.00","0.10, 0.90",-0.26%,-0.90,78
0,149,"0.00, 0.90","0.00, 1.00",-0.29%,-1.00,78
0,150,"0.00, 1.00","0.00, 1.00",-0.29%,-1.00,78
0,151,"0.00, 0.94","0.00, 1.00",-0.29%,-1.00,78
0,152,"0.00, 0.95","0.00, 1.00",-0.29%,-1.00,77
0,153,"0.03, 0.99","0.03, 0.97",-0.28%,-0.97,77
0,154,"0.00, 1.00","0.00, 1.00",-0.29%,-1.00,77
0,155,"0.03, 0.94","0.03, 0.97",-0.28%,-0.97,77
0,156,"0.00, 0.90","0.00, 1.00",-0.29%,-1.00,77
0,157,"0.00, 0.99","0.00, 1.00",-0.29%,-1.00,76
0,158,"0.11, 0.95","0.10, 0.90",-0.27%,-0.90,76
0,159,"0.02, 1.00","0.02, 0.98",-0.29%,-0.98,76
0,160,"0.15, 1.00","0.13, 0.87",-0.26%,-0.87,76
0,161,"0.06, 0.96","0.06, 0.94",-0.28%,-0.94,75
0,162,"0.00, 1.00","0.00, 1.00",-0.30%,-1.00,75
0,163,"0.00, 0.94","0.00, 1.00",-0.30%,-1.00,75
0,164,"0.00, 0.93","0.00, 1.00",-0.30%,-1.00,75
0,165,"0.00, 1.00","0.00, 1.00",-0.30%,-1.00,75
0,166,"0.01, 1.00","0.01, 0.99",-0.30%,-0.99,74
0,167,"0.00, 0.99","0.00, 1.00",-0.30%,-1.00,74
0,168,"0.00, 0.99","0.00, 1.00",-0.30%,-1.00,74
0,169,"0.00, 1.00","0.00, 1.00",-0.31%,-1.00,74
0,170,"0.05, 1.00","0.05, 0.95",-0.29%,-0.95,73
0,171,"0.00, 0.94","0.00, 1.00",-0.31%,-1.00,73
0,172,"0.00, 1.00","0.00, 1.00",-0.31%,-1.00,73
0,173,"0.00, 1.00","0.00, 1.00",-0.31%,-1.00,73
0,174,"0.00, 1.00","0.00, 1.00",-0.31%,-1.00,73
0,175,"0.00, 1.00","0.00, 1.00",-0.31%,-1.00,72
0,176,"0.02, 1.00","0.02, 0.98",-0.31%,-0.98,72
0,177,"0.04, 1.00","0.04, 0.96",-0.30%,-0.96,72
0,178,"0.04, 1.00","0.04, 0.96",-0.30%,-0.96,72
0,179,"0.00, 1.00","0.00, 1.00",-0.32%,-1.00,71
0,180,"0.05, 0.92","0.05, 0.95",-0.30%,-0.95,71
0,181,"0.00, 1.00","0.00, 1.00",-0.32%,-1.00,71
0,182,"0.03, 0.96","0.03, 0.97",-0.31%,-0.97,71
0,183,"0.04, 0.97","0.04, 0.96",-0.31%,-0.96,71
0,184,"0.00, 0.95","0.00, 1.00",-0.32%,-1.00,70
0,185,"0.00, 1.00","0.00, 1.00",-0.32%,-1.00,70
0,186,"0.00, 0.97","0.00, 1.00",-0.32%,-1.00,70
0,187,"0.00, 0.92","0.00, 1.00",-0.32%,-1.00,70
0,188,"0.03, 1.00","0.03, 0.97",-0.32%,-0.97,69
0,189,"0.00, 1.00","0.00, 1.00",-0.33%,-1.00,69
0,190,"0.05, 1.00","0.05, 0.95",-0.31%,-0.95,69
0,191,"0.04, 0.97","0.04, 0.96",-0.31%,-0.96,69
0,192,"0.00, 0.97","0.00, 1.00",-0.33%,-1.00,69
0,193,"0.00, 1.00","0.00, 1.00",-0.33%,-1.00,68
0,194,"0.00, 1.00","0.00, 1.00",-0.33%,-1.00,68
0,195,"0.00, 1.00","0.00, 1.00",-0.33%,-1.00,68
0,196,"0.00, 1.00","0.00, 1.00",-0.33%,-1.00,68
0,197,"0.00, 0.99","0.00, 1.00",-0.33%,-1.00,67
0,198,"0.02, 1.00","0.02, 0.98",-0.33%,-0.98,67
0,199,"0.00, 1.00","0.00, 1.00",-0.34%,-1.00,67
0,200,"0.00, 0.96","0.00, 1.00",-0.34%,-1.00,67
0,201,"0.00, 1.00","0.00, 1.00",-0.34%,-1.00,67
0,202,"0.03, 0.97","0.03, 0.97",-0.33%,-0.97,66
0,203,"0.05, 1.00","0.05, 0.95",-0.32%,-0.95,66
0,204,"0.00, 0.97","0.00, 1.00",-0.34%,-1.00,66
0,205,"0.03, 1.00","0.03, 0.97",-0.33%,-0.97,66
0,206,"0.06, 0.97","0.06, 0.94",-0.32%,-0.94,65
0,207,"0.00, 0.98","0.00, 1.00",-0.35%,-1.00,65
0,208,"0.05, 0.96","0.05, 0.95",-0.33%,-0.95,65
0,209,"0.00, 0.98","0.00, 1.00",-0.35%,-1.00,65
0,210,"0.00, 1.00","0.00, 1.00",-0.35%,-1.00,65
0,211,"0.00, 1.00","0.00, 1.00",-0.35%,-1.00,64
0,212,"0.12, 1.00","0.11, 0.89",-0.31%,-0.89,64
0,213,"0.01, 0.97","0.01, 0.99",-0.35%,-0.99,64
0,214,"0.02, 0.94","0.03, 0.97",-0.35%,-0.97,64
0,215,"0.04, 0.97","0.04, 0.96",-0.34%,-0.96,63
0,216,"0.00, 0.96","0.00, 1.00",-0.36%,-1.00,63
0,217,"0.00, 1.00","0.00, 1.00",-0.36%,-1.00,63
0,218,"0.03, 0.97","0.03, 0.97",-0.35%,-0.97,63
0,219,"0.00, 1.00","0.00, 1.00",-0.36%,-1.00,63
0,220,"0.00, 1.00","0.00, 1.00",-0.36%,-1.00,62
0,221,"0.04, 0.95","0.04, 0.96",-0.35%,-0.96,62
0,222,"0.01, 1.00","0.01, 0.99",-0.36%,-0.99,62
0,223,"0.04, 0.97","0.04, 0.96",-0.35%,-0.96,62
0,224,"0.00, 0.99","0.00, 1.00",-0.37%,-1.00,61
0,225,"0.02, 0.98","0.02, 0.98",-0.36%,-0.98,61
0,226,"0.00, 1.00","0.00, 1.00",-0.37%,-1.00,61
0,227,"0.00, 1.00","0.00, 1.00",-0.37%,-1.00,61
0,228,"0.02, 1.00","0.02, 0.98",-0.37%,-0.98,61
0,229,"0.00, 1.00","0.00, 1.00",-0.37%,-1.00,60
0,230,"0.00, 1.00","0.00, 1.00",-0.38%,-1.00,60
0,231,"0.11, 0.97","0.10, 0.90",-0.34%,-0.90,60
0,232,"0.05, 0.91","0.05, 0.95",-0.36%,-0.95,60
0,233,"0.04, 1.00","0.03, 0.97",-0.37%,-0.97,59
0,234,"0.00, 1.00","0.00, 1.00",-0.38%,-1.00,59
0,235,"0.00, 0.99","0.00, 1.00",-0.38%,-1.00,59
0,236,"0.00, 1.00","0.00, 1.00",-0.38%,-1.00,59
0,237,"0.04, 1.00","0.03, 0.97",-0.37%,-0.97,59
0,238,"0.00, 0.96","0.00, 1.00",-0.39%,-1.00,58
0,239,"0.06, 1.00","0.06, 0.94",-0.37%,-0.94,58
0,240,"0.00, 1.00","0.00, 1.00",-0.39%,-1.00,58
0,241,"0.13, 1.00","0.11, 0.89",-0.35%,-0.89,58
0,242,"0.01, 1.00","0.01, 0.99",-0.39%,-0.99,57
0,243,"0.03, 0.97","0.03, 0.97",-0.38%,-0.97,57
0,244,"0.00, 0.97","0.00, 1.00",-0.40%,-1.00,57
0,245,"0.05, 1.00","0.05, 0.95",-0.38%,-0.95,57
0,246,"0.00, 0.99","0.00, 1.00",-0.40%,-1.00,57
0,247,"0.07, 0.94","0.07, 0.93",-0.37%,-0.93,56
0,248,"0.00, 0.93","0.00, 1.00",-0.40%,-1.00,56
0,249,"0.00, 1.00","0.00, 1.00",-0.40%,-1.00,56
0,250,"0.00, 0.96","0.00, 1.00",-0.41%,-1.00,56
0,251,"0.00, 1.00","0.00, 1.00",-0.41%,-1.00,55
0,252,"0.00, 1.00","0.00, 1.00",-0.41%,-1.00,55
0,253,"0.00, 1.00","0.00, 1.00",-0.41%,-1.00,55
0,254,"0.00, 0.96","0.00, 1.00",-0.41%,-1.00,55
0,255,"0.01, 0.98","0.01, 0.99",-0.41%,-0.99,55
0,256,"0.06, 1.00","0.06, 0.94",-0.39%,-0.94,54
0,257,"0.00, 0.99","0.00, 1.00",-0.42%,-1.00,54
0,258,"0.00, 0.96","0.00, 1.00",-0.42%,-1.00,54
0,259,"0.00, 0.97","0.00, 1.00",-0.42%,-1.00,54
0,260,"0.01, 0.96","0.01, 0.99",-0.42%,-0.99,53
0,261,"0.00, 1.00","0.00, 1.00",-0.43%,-1.00,53
0,262,"0.03, 0.96","0.03, 0.97",-0.41%,-0.97,53
0,263,"0.09, 1.00","0.08, 0.92",-0.39%,-0.92,53
0,264,"0.02, 1.00","0.02, 0.98",-0.42%,-0.98,53
0,265,"0.10, 1.00","0.09, 0.91",-0.39%,-0.91,52
0,266,"0.01, 1.00","0.01, 0.99",-0.43%,-0.99,52
0,267,"0.00, 1.00","0.00, 1.00",-0.44%,-1.00,52
0,268,"0.08, 0.98","0.08, 0.92",-0.40%,-0.92,52
0,269,"0.00, 1.00","0.00, 1.00",-0.44%,-1.00,51
0,270,"0.03, 0.96","0.03, 0.97",-0.43%,-0.97,51
0,271,"0.05, 0.95","0.05, 0.95",-0.42%,-0.95,51
0,272,"0.04, 1.00","0.04, 0.96",-0.43%,-0.96,51
0,273,"0.03, 1.00","0.03, 0.97",-0.44%,-0.97,51
0,274,"0.00, 1.00","0.00, 1.00",-0.45%,-1.00,50
0,275,"0.03, 0.96","0.03, 0.97",-0.44%,-0.97,50
0,276,"0.10, 0.99","0.09, 0.91",-0.41%,-0.91,50
0,277,"0.00, 1.00","0.00, 1.00",-0.46%,-1.00,50
0,278,"0.01, 0.91","0.01, 0.99",-0.45%,-0.99,49
0,279,"0.00, 1.00","0.00, 1.00",-0.46%,-1.00,49
0,280,"0.05, 1.00","0.05, 0.95",-0.44%,-0.95,49
0,281,"0.00, 1.00","0.00, 1.00",-0.47%,-1.00,49
0,282,"0.00, 0.93","0.00, 1.00",-0.47%,-1.00,49
0,283,"0.00, 0.98","0.00, 1.00",-0.47%,-1.00,48
0,284,"0.00, 0.89","0.00, 1.00",-0.47%,-1.00,48
0,285,"0.00, 0.98","0.00, 1.00",-0.47%,-1.00,48
0,286,"0.05, 1.00","0.04, 0.96",-0.46%,-0.96,48
0,287,"0.00, 0.97","0.00, 1.00",-0.48%,-1.00,47
0,288,"0.00, 1.00","0.00, 1.00",-0.48%,-1.00,47
0,289,"0.11, 0.97","0.10, 0.90",-0.43%,-0.90,47
0,290,"0.05, 1.00","0.04, 0.96",-0.46%,-0.96,47
0,291,"0.00, 0.98","0.00, 1.00",-0.49%,-1.00,47
0,292,"0.04, 0.95","0.04, 0.96",-0.47%,-0.96,46
0,293,"0.00, 0.97","0.00, 1.00",-0.49%,-1.00,46
0,294,"0.00, 1.00","0.00, 1.00",-0.50%,-1.00,46
0,295,"0.06, 0.99","0.06, 0.94",-0.47%,-0.94,46
0,296,"0.00, 0.98","0.00, 1.00",-0.50%,-1.00,45
0,297,"0.00, 1.00","0.00, 1.00",-0.50%,-1.00,45
0,298,"0.00, 1.00","0.00, 1.00",-0.51%,-1.00,45
0,299,"0.07, 0.98","0.07, 0.93",-0.47%,-0.93,45
0,300,"0.00, 0.98","0.00, 1.00",-0.51%,-1.00,45
0,301,"0.02, 0.96","0.02, 0.98",-0.50%,-0.98,44
0,302,"0.05, 1.00","0.04, 0.96",-0.49%,-0.96,44
0,303,"0.00, 0.96","0.00, 1.00",-0.52%,-1.00,44
0,304,"0.04, 0.99","0.04, 0.96",-0.50%,-0.96,44
0,305,"0.00, 1.00","0.00, 1.00",-0.52%,-1.00,43
0,306,"0.06, 0.97","0.05, 0.95",-0.50%,-0.95,43
0,307,"0.03, 1.00","0.03, 0.97",-0.51%,-0.97,43
0,308,"0.03, 0.98","0.03, 0.97",-0.52%,-0.97,43
0,309,"0.00, 1.00","0.00, 1.00",-0.53%,-1.00,43
0,310,"0.00, 1.00","0.00, 1.00",-0.54%,-1.00,42
0,311,"0.08, 1.00","0.07, 0.93",-0.50%,-0.93,42
0,312,"0.01, 0.99","0.01, 0.99",-0.54%,-0.99,42
0,313,"0.04, 1.00","0.04, 0.96",-0.53%,-0.96,42
0,314,"0.00, 1.00","0.00, 1.00",-0.55%,-1.00,41
0,315,"0.08, 1.00","0.07, 0.93",-0.51%,-0.93,41
0,316,"0.02, 0.96","0.02, 0.98",-0.54%,-0.98,41
0,317,"0.00, 1.00","0.00, 1.00",-0.56%,-1.00,41
0,318,"0.00, 0.97","0.00, 1.00",-0.56%,-1.00,41
0,319,"0.05, 1.00","0.05, 0.95",-0.54%,-0.95,40
0,320,"0.00, 1.00","0.00, 1.00",-0.57%,-1.00,40
0,321,"0.01, 1.00","0.01, 0.99",-0.56%,-0.99,40
0,322,"0.00, 0.94","0.00, 1.00",-0.57%,-1.00,40
0,323,"0.00, 0.92","0.00, 1.00",-0.58%,-1.00,39
0,324,"0.00, 1.00","0.00, 1.00",-0.58%,-1.00,39
0,325,"0.00, 1.00","0.00, 1.00",-0.58%,-1.00,39
0,326,"0.02, 1.00","0.02, 0.98",-0.58%,-0.98,39
0,327,"0.03, 1.00","0.03, 0.97",-0.58%,-0.97,38
0,328,"0.06, 0.94","0.06, 0.94",-0.56%,-0.94,38
0,329,"0.00, 1.00","0.00, 1.00",-0.60%,-1.00,38
0,330,"0.00, 0.97","0.00, 1.00",-0.60%,-1.00,38
0,331,"0.00, 0.98","0.00, 1.00",-0.61%,-1.00,38
0,332,"0.06, 1.00","0.06, 0.94",-0.58%,-0.94,37
0,333,"0.00, 0.95","0.00, 1.00",-0.61%,-1.00,37
0,334,"0.00, 0.98","0.00, 1.00",-0.62%,-1.00,37
0,335,"0.00, 0.94","0.00, 1.00",-0.62%,-1.00,37
0,336,"0.06, 1.00","0.05, 0.95",-0.59%,-0.95,36
0,337,"0.04, 0.98","0.04, 0.96",-0.61%,-0.96,36
0,338,"0.01, 0.99","0.01, 0.99",-0.63%,-0.99,36
0,339,"0.00, 1.00","0.00, 1.00",-0.64%,-1.00,36
0,340,"0.00, 0.97","0.00, 1.00",-0.64%,-1.00,36
0,341,"0.00, 0.96","0.00, 1.00",-0.65%,-1.00,35
0,342,"0.01, 1.00","0.01, 0.99",-0.65%,-0.99,35
0,343,"0.00, 1.00","0.00, 1.00",-0.65%,-1.00,35
0,344,"0.02, 0.93","0.02, 0.98",-0.64%,-0.98,35
0,345,"0.03, 0.95","0.03, 0.97",-0.64%,-0.97,34
0,346,"0.00, 1.00","0.00, 1.00",-0.67%,-1.00,34
0,347,"0.00, 0.97","0.00, 1.00",-0.67%,-1.00,34
0,348,"0.07, 0.99","0.07, 0.93",-0.63%,-0.93,34
0,349,"0.04, 0.91","0.04, 0.96",-0.65%,-0.96,34
0,350,"0.01, 1.00","0.01, 0.99",-0.68%,-0.99,33
0,351,"0.02, 0.98","0.02, 0.98",-0.68%,-0.98,33
0,352,"0.03, 0.95","0.03, 0.97",-0.68%,-0.97,33
0,353,"0.01, 1.00","0.01, 0.99",-0.70%,-0.99,33
0,354,"0.00, 0.99","0.00, 1.00",-0.70%,-1.00,32
0,355,"0.00, 0.99","0.00, 1.00",-0.71%,-1.00,32
0,356,"0.13, 1.00","0.12, 0.88",-0.63%,-0.88,32
0,357,"0.05, 1.00","0.05, 0.95",-0.68%,-0.95,32
0,358,"0.01, 0.95","0.01, 0.99",-0.71%,-0.99,32
0,359,"0.01, 1.00","0.01, 0.99",-0.73%,-0.99,31
0,360,"0.06, 0.92","0.06, 0.94",-0.69%,-0.94,31
0,361,"0.10, 0.92","0.10, 0.90",-0.67%,-0.90,31
0,362,"0.01, 0.94","0.01, 0.99",-0.74%,-0.99,31
0,363,"0.06, 1.00","0.06, 0.94",-0.71%,-0.94,30
0,364,"0.00, 1.00","0.00, 1.00",-0.76%,-1.00,30
0,365,"0.00, 0.97","0.00, 1.00",-0.76%,-1.00,30
0,366,"0.00, 0.92","0.00, 1.00",-0.77%,-1.00,30
0,367,"0.02, 0.96","0.03, 0.97",-0.76%,-0.97,29
0,368,"0.03, 1.00","0.03, 0.97",-0.76%,-0.97,29
0,369,"0.00, 1.00","0.00, 1.00",-0.79%,-1.00,29
0,370,"0.01, 1.00","0.01, 0.99",-0.79%,-0.99,29
0,371,"0.00, 1.00","0.00, 1.00",-0.80%,-1.00,29
0,372,"0.00, 0.99","0.00, 1.00",-0.81%,-1.00,28
0,373,"0.05, 1.00","0.05, 0.95",-0.77%,-0.95,28
0,374,"0.00, 0.99","0.00, 1.00",-0.82%,-1.00,28
0,375,"0.00, 0.95","0.00, 1.00",-0.83%,-1.00,28
0,376,"0.00, 1.00","0.00, 1.00",-0.83%,-1.00,27
0,377,"0.00, 1.00","0.00, 1.00",-0.84%,-1.00,27
0,378,"0.00, 1.00","0.00, 1.00",-0.85%,-1.00,27
0,379,"0.07, 0.94","0.07, 0.93",-0.80%,-0.93,27
0,380,"0.04, 1.00","0.04, 0.96",-0.83%,-0.96,27
0,381,"0.07, 1.00","0.07, 0.93",-0.81%,-0.93,26
0,382,"0.00, 1.00","0.00, 1.00",-0.88%,-1.00,26
0,383,"0.00, 0.92","0.00, 1.00",-0.88%,-1.00,26
0,384,"0.00, 0.98","0.00, 1.00",-0.89%,-1.00,26
0,385,"0.05, 1.00","0.05, 0.95",-0.86%,-0.95,25
0,386,"0.02, 0.98","0.02, 0.98",-0.89%,-0.98,25
0,387,"0.01, 1.00","0.01, 0.99",-0.91%,-0.99,25
0,388,"0.00, 1.00","0.00, 1.00",-0.93%,-1.00,25
0,389,"0.01, 1.00","0.01, 0.99",-0.93%,-0.99,25
0,390,"0.00, 1.00","0.00, 1.00",-0.94%,-1.00,24
0,391,"0.02, 1.00","0.02, 0.98",-0.93%,-0.98,24
0,392,"0.02, 0.95","0.02, 0.98",-0.94%,-0.98,24
0,393,"0.00, 0.97","0.00, 1.00",-0.97%,-1.00,24
0,394,"0.00, 1.00","0.00, 1.00",-0.98%,-1.00,23
0,395,"0.00, 1.00","0.00, 1.00",-0.99%,-1.00,23
0,396,"0.01, 1.00","0.01, 0.99",-0.99%,-0.99,23
0,397,"0.05, 1.00","0.05, 0.95",-0.96%,-0.95,23
0,398,"0.00, 1.00","0.00, 1.00",-1.02%,-1.00,22
0,399,"0.02, 0.93","0.02, 0.98",-1.01%,-0.98,22
0,400,"0.00, 1.00","0.00, 1.00",-1.04%,-1.00,22
0,401,"0.00, 1.00","0.00, 1.00",-1.05%,-1.00,22
0,402,"0.00, 1.00","0.00, 1.00",-1.06%,-1.00,22
0,403,"0.01, 0.95","0.01, 0.99",-1.07%,-0.99,21
0,404,"0.01, 0.97","0.02, 0.98",-1.07%,-0.98,21
0,405,"0.13, 0.94","0.12, 0.88",-0.96%,-0.88,21
0,406,"0.04, 1.00","0.04, 0.96",-1.07%,-0.96,21
0,407,"0.00, 0.96","0.00, 1.00",-1.12%,-1.00,20
0,408,"0.00, 1.00","0.00, 1.00",-1.14%,-1.00,20
0,409,"0.00, 1.00","0.00, 1.00",-1.15%,-1.00,20
0,410,"0.07, 1.00","0.06, 0.94",-1.09%,-0.94,20
0,411,"0.05, 0.95","0.05, 0.95",-1.12%,-0.95,20
0,412,"0.06, 0.99","0.05, 0.95",-1.13%,-0.95,19
0,413,"0.01, 1.00","0.01, 0.99",-1.19%,-0.99,19
0,414,"0.02, 0.90","0.02, 0.98",-1.19%,-0.98,19
0,415,"0.00, 0.93","0.00, 1.00",-1.23%,-1.00,19
0,416,"0.00, 1.00","0.00, 1.00",-1.25%,-1.00,18
0,417,"0.00, 0.91","0.00, 1.00",-1.27%,-1.00,18
0,418,"0.08, 1.00","0.07, 0.93",-1.19%,-0.93,18
0,419,"0.00, 0.98","0.00, 1.00",-1.30%,-1.00,18
0,420,"0.00, 1.00","0.00, 1.00",-1.32%,-1.00,17
0,421,"0.00, 0.98","0.00, 1.00",-1.33%,-1.00,17
0,422,"0.02, 1.00","0.02, 0.98",-1.33%,-0.98,17
0,423,"0.00, 1.00","0.00, 1.00",-1.37%,-1.00,17
0,424,"0.00, 0.97","0.00, 1.00",-1.39%,-1.00,17
0,425,"0.09, 1.00","0.08, 0.92",-1.30%,-0.92,16
0,426,"0.00, 0.98","0.00, 1.00",-1.43%,-1.00,16
0,427,"0.01, 1.00","0.01, 0.99",-1.43%,-0.99,16
0,428,"0.05, 0.98","0.05, 0.95",-1.39%,-0.95,16
0,429,"0.00, 0.98","0.00, 1.00",-1.49%,-1.00,15
0,430,"0.00, 0.99","0.00, 1.00",-1.52%,-1.00,15
0,431,"0.01, 0.99","0.01, 0.99",-1.53%,-0.99,15
0,432,"0.00, 0.94","0.00, 1.00",-1.56%,-1.00,15
0,433,"0.07, 0.98","0.07, 0.93",-1.48%,-0.93,14
0,434,"0.06, 0.95","0.06, 0.94",-1.52%,-0.94,14
0,435,"0.05, 1.00","0.04, 0.96",-1.57%,-0.96,14
0,436,"0.09, 1.00","0.08, 0.92",-1.53%,-0.92,14
0,437,"0.00, 1.00","0.00, 1.00",-1.69%,-1.00,14
0,438,"0.03, 0.96","0.03, 0.97",-1.68%,-0.97,13
0,439,"0.00, 1.00","0.00, 1.00",-1.75%,-1.00,13
0,440,"0.06, 1.00","0.06, 0.94",-1.68%,-0.94,13
0,441,"0.03, 1.00","0.03, 0.97",-1.76%,-0.97,13
0,442,"0.00, 1.00","0.00, 1.00",-1.85%,-1.00,12
0,443,"0.00, 1.00","0.00, 1.00",-1.89%,-1.00,12
0,444,"0.00, 1.00","0.00, 1.00",-1.92%,-1.00,12
0,445,"0.03, 0.97","0.03, 0.97",-1.90%,-0.97,12
0,446,"0.00, 0.96","0.00, 1.00",-2.00%,-1.00,12
0,447,"0.06, 0.91","0.06, 0.94",-1.91%,-0.94,11
0,448,"0.00, 0.91","0.00, 1.00",-2.08%,-1.00,11
0,449,"0.05, 1.00","0.05, 0.95",-2.02%,-0.95,11
0,450,"0.00, 0.96","0.00, 1.00",-2.17%,-1.00,11
0,451,"0.00, 1.00","0.00, 1.00",-2.22%,-1.00,10
0,452,"0.12, 1.00","0.10, 0.90",-2.04%,-0.90,10
0,453,"0.00, 0.98","0.00, 1.00",-2.33%,-1.00,10
0,454,"0.00, 1.00","0.00, 1.00",-2.38%,-1.00,10
0,455,"0.00, 0.99","0.00, 1.00",-2.44%,-1.00,9
0,456,"0.00, 0.92","0.00, 1.00",-2.50%,-1.00,9
0,457,"0.00, 0.98","0.00, 1.00",-2.56%,-1.00,9
0,458,"0.00, 0.92","0.00, 1.00",-2.63%,-1.00,9
0,459,"0.02, 1.00","0.02, 0.98",-2.66%,-0.98,8
0,460,"0.02, 1.00","0.02, 0.98",-2.71%,-0.98,8
0,461,"0.00, 1.00","0.00, 1.00",-2.86%,-1.00,8
0,462,"0.02, 0.93","0.02, 0.98",-2.87%,-0.98,8
0,463,"0.08, 0.93","0.08, 0.92",-2.78%,-0.92,8
0,464,"0.00, 0.98","0.00, 1.00",-3.12%,-1.00,7
0,465,"0.00, 0.99","0.00, 1.00",-3.23%,-1.00,7
0,466,"0.00, 0.93","0.00, 1.00",-3.33%,-1.00,7
0,467,"0.04, 0.94","0.04, 0.96",-3.30%,-0.96,7
0,468,"0.04, 0.95","0.05, 0.95",-3.41%,-0.95,6
0,469,"0.01, 0.99","0.01, 0.99",-3.65%,-0.99,6
0,470,"0.03, 0.99","0.03, 0.97",-3.73%,-0.97,6
0,471,"0.06, 1.00","0.06, 0.94",-3.77%,-0.94,6
0,472,"0.00, 1.00","0.00, 1.00",-4.17%,-1.00,5
0,473,"0.00, 0.98","0.00, 1.00",-4.35%,-1.00,5
0,474,"0.01, 0.92","0.01, 0.99",-4.49%,-0.99,5
0,475,"0.02, 1.00","0.02, 0.98",-4.68%,-0.98,5
0,476,"0.02, 1.00","0.02, 0.98",-4.89%,-0.98,5
0,477,"0.02, 1.00","0.02, 0.98",-5.14%,-0.98,4
0,478,"0.00, 0.99","0.00, 1.00",-5.55%,-1.00,4
0,479,"0.00, 1.00","0.00, 1.00",-5.88%,-1.00,4
0,480,"0.00, 0.97","0.00, 1.00",-6.25%,-1.00,4
0,481,"0.00, 0.94","0.00, 1.00",-6.66%,-1.00,3
0,482,"0.04, 1.00","0.04, 0.96",-6.89%,-0.96,3
0,483,"0.01, 1.00","0.01, 0.99",-7.65%,-0.99,3
0,484,"0.01, 0.97","0.02, 0.98",-8.21%,-0.98,3
0,485,"0.00, 1.00","0.00, 1.00",-9.09%,-1.00,2
0,486,"0.00, 1.00","0.00, 1.00",-10.00%,-1.00,2
0,487,"0.00, 1.00","0.00, 1.00",-11.11%,-1.00,2
0,488,"0.00, 0.99","0.00, 1.00",-12.50%,-1.00,2
0,489,"0.03, 1.00","0.03, 0.97",-13.83%,-0.97,1
0,490,"0.04, 1.00","0.04, 0.96",-16.04%,-0.96,1
0,491,"0.02, 0.97","0.02, 0.98",-19.61%,-0.98,1
0,492,"0.09, 0.94","0.08, 0.92",-22.90%,-0.92,1
0,493,"0.03, 0.99","0.03, 0.97",-32.30%,-0.97,1
0,494,"0.02, 0.96","0.03, 0.97",-48.74%,-0.97,0
1,1,"0.50, 0.50","0.50, 0.50",-0.10%,-0.50,100
1,2,"0.05, 0.96","0.05, 0.95",-0.19%,-0.95,100
1,3,"0.02, 1.00","0.02, 0.98",-0.20%,-0.98,100
1,4,"0.09, 1.00","0.08, 0.92",-0.19%,-0.92,99
1,5,"0.09, 1.00","0.08, 0.92",-0.19%,-0.92,99
1,6,"0.06, 0.95","0.06, 0.94",-0.19%,-0.94,99
1,7,"0.03, 0.91","0.03, 0.97",-0.20%,-0.97,99
1,8,"0.00, 0.98","0.00, 1.00",-0.20%,-1.00,99
1,9,"0.05, 0.96","0.05, 0.95",-0.20%,-0.95,98
1,10,"0.00, 1.00","0.00, 1.00",-0.21%,-1.00,98
1,11,"0.00, 1.00","0.00, 1.00",-0.21%,-1.00,98
1,12,"0.03, 1.00","0.03, 0.97",-0.20%,-0.97,98
1,13,"0.05, 1.00","0.05, 0.95",-0.20%,-0.95,98
1,14,"0.01, 1.00","0.01, 0.99",-0.21%,-0.99,97
1,15,"0.05, 0.89","0.05, 0.95",-0.20%,-0.95,97
1,16,"0.05, 1.00","0.04, 0.96",-0.20%,-0.96,97
1,17,"0.00, 0.97","0.00, 1.00",-0.21%,-1.00,97
1,18,"0.00, 1.00","0.00, 1.00",-0.21%,-1.00,97
1,19,"0.02, 1.00","0.02, 0.98",-0.21%,-0.98,96
1,20,"0.03, 1.00","0.03, 0.97",-0.20%,-0.97,96
1,21,"0.00, 1.00","0.00, 1.00",-0.21%,-1.00,96
1,22,"0.03, 0.99","0.03, 0.97",-0.21%,-0.97,96
1,23,"0.00, 0.96","0.00, 1.00",-0.21%,-1.00,96
1,24,"0.05, 0.90","0.06, 0.94",-0.20%,-0.94,95
1,25,"0.00, 1.00","0.00, 1.00",-0.21%,-1.00,95
1,26,"0.01, 1.00","0.01, 0.99",-0.21%,-0.99,95
1,27,"0.03, 1.00","0.02, 0.98",-0.21%,-0.98,95
1,28,"0.02, 1.00","0.02, 0.98",-0.21%,-0.98,95
1,29,"0.00, 0.96","0.00, 1.00",-0.21%,-1.00,94
1,30,"0.03, 0.95","0.03, 0.97",-0.21%,-0.97,94
1,31,"0.00, 0.97","0.00, 1.00",-0.22%,-1.00,94
1,32,"0.03, 1.00","0.03, 0.97",-0.21%,-0.97,94
1,33,"0.02, 1.00","0.02, 0.98",-0.21%,-0.98,94
1,34,"0.00, 0.93","0.00, 1.00",-0.22%,-1.00,93
1,35,"0.03, 0.98","0.03, 0.97",-0.21%,-0.97,93
1,36,"0.00, 1.00","0.00, 1.00",-0.22%,-1.00,93
1,37,"0.00, 1.00","0.00, 1.00",-0.22%,-1.00,93
1,38,"0.00, 1.00","0.00, 1.00",-0.22%,-1.00,93
1,39,"0.01, 1.00","0.01, 0.99",-0.22%,-0.99,92
1,40,"0.00, 0.94","0.00, 1.00",-0.22%,-1.00,92
1,41,"0.03, 0.97","0.03, 0.97",-0.21%,-0.97,92
1,42,"0.00, 0.96","0.00, 1.00",-0.22%,-1.00,92
1,43,"0.00, 1.00","0.00, 1.00",-0.22%,-1.00,92
1,44,"0.00, 0.99","0.00, 1.00",-0.22%,-1.00,91
1,45,"0.06, 0.94","0.06, 0.94",-0.21%,-0.94,91
1,46,"0.00, 1.00","0.00, 1.00",-0.22%,-1.00,91
1,47,"0.00, 0.98","0.00, 1.00",-0.22%,-1.00,91
1,48,"0.00, 1.00","0.00, 1.00",-0.22%,-1.00,91
1,49,"0.00, 0.95","0.00, 1.00",-0.22%,-1.00,90
1,50,"0.05, 0.93","0.05, 0.95",-0.21%,-0.95,90
1,51,"0.00, 0.96","0.00, 1.00",-0.22%,-1.00,90
1,52,"0.07, 0.96","0.07, 0.93",-0.21%,-0.93,90
1,53,"0.00, 1.00","0.00, 1.00",-0.23%,-1.00,90
1,54,"0.09, 1.00","0.08, 0.92",-0.21%,-0.92,89
1,55,"0.06, 1.00","0.06, 0.94",-0.21%,-0.94,89
1,56,"0.00, 0.90","0.00, 1.00",-0.23%,-1.00,89
1,57,"0.02, 1.00","0.02, 0.98",-0.22%,-0.98,89
1,58,"0.00, 0.93","0.00, 1.00",-0.23%,-1.00,89
1,59,"0.00, 0.97","0.00, 1.00",-0.23%,-1.00,88
1,60,"0.10, 1.00","0.09, 0.91",-0.21%,-0.91,88
1,61,"0.05, 0.90","0.05, 0.95",-0.22%,-0.95,88
1,62,"0.00, 0.91","0.00, 1.00",-0.23%,-1.00,88
1,63,"0.00, 1.00","0.00, 1.00",-0.23%,-1.00,88
1,64,"0.00, 0.99","0.00, 1.00",-0.23%,-1.00,87
1,65,"0.07, 1.00","0.06, 0.94",-0.22%,-0.94,87
1,66,"0.06, 0.96","0.06, 0.94",-0.22%,-0.94,87
1,67,"0.04, 1.00","0.04, 0.96",-0.22%,-0.96,87
1,68,"0.00, 1.00","0.00, 1.00",-0.23%,-1.00,87
1,69,"0.10, 1.00","0.09, 0.91",-0.21%,-0.91,86
1,70,"0.01, 1.00","0.01, 0.99",-0.23%,-0.99,86
1,71,"0.07, 0.96","0.07, 0.93",-0.22%,-0.93,86
1,72,"0.00, 0.96","0.00, 1.00",-0.24%,-1.00,86
1,73,"0.02, 1.00","0.02, 0.98",-0.23%,-0.98,86
1,74,"0.03, 0.95","0.03, 0.97",-0.23%,-0.97,85
1,75,"0.01, 0.95","0.01, 0.99",-0.24%,-0.99,85
1,76,"0.00, 1.00","0.00, 1.00",-0.24%,-1.00,85
1,77,"0.00, 1.00","0.00, 1.00",-0.24%,-1.00,85
1,78,"0.04, 1.00","0.03, 0.97",-0.23%,-0.97,85
1,79,"0.00, 0.98","0.00, 1.00",-0.24%,-1.00,84
1,80,"0.00, 0.94","0.00, 1.00",-0.24%,-1.00,84
1,81,"0.04, 1.00","0.04, 0.96",-0.23%,-0.96,84
1,82,"0.09, 0.99","0.09, 0.91",-0.22%,-0.91,84
1,83,"0.00, 1.00","0.00, 1.00",-0.24%,-1.00,84
1,84,"0.09, 0.99","0.08, 0.92",-0.22%,-0.92,83
1,85,"0.15, 1.00","0.13, 0.87",-0.21%,-0.87,83
1,86,"0.03, 1.00","0.03, 0.97",-0.24%,-0.97,83
1,87,"0.04, 1.00","0.04, 0.96",-0.24%,-0.96,83
1,88,"0.07, 1.00","0.06, 0.94",-0.23%,-0.94,83
1,89,"0.00, 0.93","0.00, 1.00",-0.25%,-1.00,83
1,90,"0.04, 0.95","0.04, 0.96",-0.24%,-0.96,82
1,91,"0.00, 1.00","0.00, 1.00",-0.25%,-1.00,82
1,92,"0.00, 1.00","0.00, 1.00",-0.25%,-1.00,82
1,93,"0.04, 0.97","0.04, 0.96",-0.24%,-0.96,82
1,94,"0.02, 0.98","0.02, 0.98",-0.24%,-0.98,82
1,95,"0.00, 1.00","0.00, 1.00",-0.25%,-1.00,81
1,96,"0.01, 0.93","0.02, 0.98",-0.25%,-0.98,81
1,97,"0.03, 1.00","0.03, 0.97",-0.24%,-0.97,81
1,98,"0.03, 1.00","0.03, 0.97",-0.24%,-0.97,81
1,99,"0.01, 0.97","0.01, 0.99",-0.25%,-0.99,81
1,100,"0.00, 1.00","0.00, 1.00",-0.25%,-1.00,80
1,101,"0.00, 1.00","0.00, 1.00",-0.25%,-1.00,80
1,102,"0.00, 1.00","0.00, 1.00",-0.25%,-1.00,80
1,103,"0.02, 0.94","0.02, 0.98",-0.25%,-0.98,80
1,104,"0.00, 0.93","0.00, 1.00",-0.26%,-1.00,80
1,105,"0.00, 0.96","0.00, 1.00",-0.26%,-1.00,79
1,106,"0.02, 0.96","0.02, 0.98",-0.25%,-0.98,79
1,107,"0.00, 1.00","0.00, 1.00",-0.26%,-1.00,79
1,108,"0.01, 0.97","0.01, 0.99",-0.26%,-0.99,79
1,109,"0.02, 1.00","0.02, 0.98",-0.25%,-0.98,79
1,110,"0.05, 1.00","0.04, 0.96",-0.25%,-0.96,78
1,111,"0.01, 0.96","0.01, 0.99",-0.26%,-0.99,78
1,112,"0.00, 0.95","0.00, 1.00",-0.26%,-1.00,78
1,113,"0.05, 1.00","0.04, 0.96",-0.25%,-0.96,78
1,114,"0.00, 0.97","0.00, 1.00",-0.26%,-1.00,78
1,115,"0.01, 0.92","0.01, 0.99",-0.26%,-0.99,77
1,116,"0.05, 1.00","0.05, 0.95",-0.25%,-0.95,77
1,117,"0.02, 0.96","0.02, 0.98",-0.26%,-0.98,77
1,118,"0.00, 0.98","0.00, 1.00",-0.26%,-1.00,77
1,119,"0.05, 1.00","0.05, 0.95",-0.25%,-0.95,77
1,120,"0.07, 1.00","0.06, 0.94",-0.25%,-0.94,76
1,121,"0.02, 0.94","0.03, 0.97",-0.26%,-0.97,76
1,122,"0.04, 0.89","0.05, 0.95",-0.25%,-0.95,76
1,123,"0.00, 1.00","0.00, 1.00",-0.27%,-1.00,76
1,124,"0.00, 1.00","0.00, 1.00",-0.27%,-1.00,76
1,125,"0.00, 0.94","0.00, 1.00",-0.27%,-1.00,75
1,126,"0.06, 0.97","0.06, 0.94",-0.25%,-0.94,75
1,127,"0.04, 0.99","0.04, 0.96",-0.26%,-0.96,75
1,128,"0.00, 0.98","0.00, 1.00",-0.27%,-1.00,75
1,129,"0.00, 1.00","0.00, 1.00",-0.27%,-1.00,75
1,130,"0.02, 0.95","0.02, 0.98",-0.27%,-0.98,74
1,131,"0.02, 1.00","0.02, 0.98",-0.27%,-0.98,74
1,132,"0.06, 0.98","0.06, 0.94",-0.26%,-0.94,74
1,133,"0.07, 1.00","0.07, 0.93",-0.26%,-0.93,74
1,134,"0.04, 0.96","0.04, 0.96",-0.27%,-0.96,74
1,135,"0.00, 0.93","0.00, 1.00",-0.28%,-1.00,73
1,136,"0.00, 1.00","0.00, 1.00",-0.28%,-1.00,73
1,137,"0.00, 1.00","0.00, 1.00",-0.28%,-1.00,73
1,138,"0.01, 0.92","0.01, 0.99",-0.28%,-0.99,73
1,139,"0.00, 1.00","0.00, 1.00",-0.28%,-1.00,73
1,140,"0.06, 0.99","0.06, 0.94",-0.27%,-0.94,72
1,141,"0.04, 0.98","0.04, 0.96",-0.27%,-0.96,72
1,142,"0.00, 0.87","0.00, 1.00",-0.28%,-1.00,72
1,143,"0.00, 1.00","0.00, 1.00",-0.28%,-1.00,72
1,144,"0.05, 0.90","0.05, 0.95",-0.27%,-0.95,72
1,145,"0.00, 1.00","0.00, 1.00",-0.28%,-1.00,71
1,146,"0.00, 1.00","0.00, 1.00",-0.29%,-1.00,71
1,147,"0.00, 0.95","0.00, 1.00",-0.29%,-1.00,71
1,148,"0.04, 0.98","0.04, 0.96",-0.28%,-0.96,71
1,149,"0.01, 1.00","0.01, 0.99",-0.29%,-0.99,71
1,150,"0.00, 0.99","0.00, 1.00",-0.29%,-1.00,70
1,151,"0.01, 1.00","0.01, 0.99",-0.29%,-0.99,70
1,152,"0.00, 1.00","0.00, 1.00",-0.29%,-1.00,70
1,153,"0.04, 1.00","0.04, 0.96",-0.28%,-0.96,70
1,154,"0.00, 0.96","0.00, 1.00",-0.29%,-1.00,70
1,155,"0.00, 0.94","0.00, 1.00",-0.29%,-1.00,69
1,156,"0.00, 1.00","0.00, 1.00",-0.29%,-1.00,69
1,157,"0.18, 1.00","0.15, 0.85",-0.25%,-0.85,69
1,158,"0.01, 1.00","0.01, 0.99",-0.29%,-0.99,69
1,159,"0.00, 0.99","0.00, 1.00",-0.30%,-1.00,69
1,160,"0.00, 0.99","0.00, 1.00",-0.30%,-1.00,68
1,161,"0.00, 0.97","0.00, 1.00",-0.30%,-1.00,68
1,162,"0.00, 1.00","0.00, 1.00",-0.30%,-1.00,68
1,163,"0.00, 1.00","0.00, 1.00",-0.30%,-1.00,68
1,164,"0.08, 0.99","0.07, 0.93",-0.28%,-0.93,68
1,165,"0.00, 1.00","0.00, 1.00",-0.30%,-1.00,67
1,166,"0.00, 1.00","0.00, 1.00",-0.30%,-1.00,67
1,167,"0.00, 1.00","0.00, 1.00",-0.30%,-1.00,67
1,168,"0.00, 1.00","0.00, 1.00",-0.30%,-1.00,67
1,169,"0.00, 1.00","0.00, 1.00",-0.31%,-1.00,67
1,170,"0.03, 0.95","0.03, 0.97",-0.30%,-0.97,66
1,171,"0.00, 0.98","0.00, 1.00",-0.31%,-1.00,66
1,172,"0.00, 1.00","0.00, 1.00",-0.31%,-1.00,66
1,173,"0.00, 1.00","0.00, 1.00",-0.31%,-1.00,66
1,174,"0.06, 0.98","0.06, 0.94",-0.29%,-0.94,66
1,175,"0.00, 1.00","0.00, 1.00",-0.31%,-1.00,65
1,176,"0.00, 1.00","0.00, 1.00",-0.31%,-1.00,65
1,177,"0.00, 0.98","0.00, 1.00",-0.31%,-1.00,65
1,178,"0.00, 0.97","0.00, 1.00",-0.31%,-1.00,65
1,179,"0.00, 1.00","0.00, 1.00",-0.32%,-1.00,64
1,180,"0.07, 0.98","0.06, 0.94",-0.30%,-0.94,64
1,181,"0.00, 1.00","0.00, 1.00",-0.32%,-1.00,64
1,182,"0.00, 1.00","0.00, 1.00",-0.32%,-1.00,64
1,183,"0.00, 1.00","0.00, 1.00",-0.32%,-1.00,64
1,184,"0.04, 0.96","0.04, 0.96",-0.31%,-0.96,63
1,185,"0.03, 1.00","0.03, 0.97",-0.31%,-0.97,63
1,186,"0.00, 0.94","0.00, 1.00",-0.32%,-1.00,63
1,187,"0.00, 1.00","0.00, 1.00",-0.32%,-1.00,63
1,188,"0.03, 1.00","0.03, 0.97",-0.32%,-0.97,63
1,189,"0.04, 0.89","0.04, 0.96",-0.31%,-0.96,62
1,190,"0.00, 0.97","0.00, 1.00",-0.33%,-1.00,62
1,191,"0.06, 1.00","0.06, 0.94",-0.31%,-0.94,62
1,192,"0.03, 1.00","0.03, 0.97",-0.32%,-0.97,62
1,193,"0.07, 0.97","0.06, 0.94",-0.31%,-0.94,62
1,194,"0.00, 1.00","0.00, 1.00",-0.33%,-1.00,62
1,195,"0.07, 1.00","0.06, 0.94",-0.31%,-0.94,61
1,196,"0.00, 1.00","0.00, 1.00",-0.33%,-1.00,61
1,197,"0.00, 1.00","0.00, 1.00",-0.33%,-1.00,61
1,198,"0.00, 0.98","0.00, 1.00",-0.34%,-1.00,61
1,199,"0.04, 1.00","0.04, 0.96",-0.32%,-0.96,60
1,200,"0.00, 1.00","0.00, 1.00",-0.34%,-1.00,60
1,201,"0.00, 1.00","0.00, 1.00",-0.34%,-1.00,60
1,202,"0.00, 0.98","0.00, 1.00",-0.34%,-1.00,60
1,203,"0.03, 1.00","0.03, 0.97",-0.33%,-0.97,60
1,204,"0.00, 0.95","0.00, 1.00",-0.34%,-1.00,59
1,205,"0.06, 0.91","0.06, 0.94",-0.32%,-0.94,59
1,206,"0.06, 0.98","0.05, 0.95",-0.33%,-0.95,59
1,207,"0.00, 0.99","0.00, 1.00",-0.35%,-1.00,59
1,208,"0.00, 0.98","0.00, 1.00",-0.35%,-1.00,59
1,209,"0.00, 1.00","0.00, 1.00",-0.35%,-1.00,58
1,210,"0.03, 0.99","0.03, 0.97",-0.34%,-0.97,58
1,211,"0.00, 0.95","0.00, 1.00",-0.35%,-1.00,58
1,212,"0.00, 0.95","0.00, 1.00",-0.35%,-1.00,58
1,213,"0.06, 0.94","0.06, 0.94",-0.33%,-0.94,58
1,214,"0.00, 0.96","0.00, 1.00",-0.35%,-1.00,57
1,215,"0.00, 0.97","0.00, 1.00",-0.36%,-1.00,57
1,216,"0.03, 0.97","0.03, 0.97",-0.35%,-0.97,57
1,217,"0.00, 1.00","0.00, 1.00",-0.36%,-1.00,57
1,218,"0.00, 1.00","0.00, 1.00",-0.36%,-1.00,57
1,219,"0.00, 0.94","0.00, 1.00",-0.36%,-1.00,56
1,220,"0.00, 1.00","0.00, 1.00",-0.36%,-1.00,56
1,221,"0.00, 1.00","0.00, 1.00",-0.36%,-1.00,56
1,222,"0.03, 1.00","0.03, 0.97",-0.35%,-0.97,56
1,223,"0.00, 0.90","0.00, 1.00",-0.37%,-1.00,56
1,224,"0.03, 0.95","0.03, 0.97",-0.36%,-0.97,55
1,225,"0.01, 0.93","0.01, 0.99",-0.37%,-0.99,55
1,226,"0.00, 1.00","0.00, 1.00",-0.37%,-1.00,55
1,227,"0.00, 1.00","0.00, 1.00",-0.37%,-1.00,55
1,228,"0.00, 0.97","0.00, 1.00",-0.37%,-1.00,55
1,229,"0.07, 0.91","0.07, 0.93",-0.35%,-0.93,54
1,230,"0.00, 0.99","0.00, 1.00",-0.38%,-1.00,54
1,231,"0.00, 1.00","0.00, 1.00",-0.38%,-1.00,54
1,232,"0.00, 1.00","0.00, 1.00",-0.38%,-1.00,54
1,233,"0.06, 1.00","0.06, 0.94",-0.36%,-0.94,54
1,234,"0.06, 1.00","0.06, 0.94",-0.36%,-0.94,53
1,235,"0.00, 0.95","0.00, 1.00",-0.38%,-1.00,53
1,236,"0.00, 1.00","0.00, 1.00",-0.38%,-1.00,53
1,237,"0.00, 0.99","0.00, 1.00",-0.39%,-1.00,53
1,238,"0.00, 0.91","0.00, 1.00",-0.39%,-1.00,53
1,239,"0.00, 1.00","0.00, 1.00",-0.39%,-1.00,52
1,240,"0.00, 1.00","0.00, 1.00",-0.39%,-1.00,52
1,241,"0.00, 1.00","0.00, 1.00",-0.39%,-1.00,52
1,242,"0.00, 0.99","0.00, 1.00",-0.39%,-1.00,52
1,243,"0.02, 1.00","0.01, 0.99",-0.39%,-0.99,52
1,244,"0.00, 1.00","0.00, 1.00",-0.40%,-1.00,51
1,245,"0.00, 0.99","0.00, 1.00",-0.40%,-1.00,51
1,246,"0.00, 0.95","0.00, 1.00",-0.40%,-1.00,51
1,247,"0.00, 0.98","0.00, 1.00",-0.40%,-1.00,51
1,248,"0.06, 0.99","0.05, 0.95",-0.38%,-0.95,51
1,249,"0.00, 0.98","0.00, 1.00",-0.40%,-1.00,50
1,250,"0.00, 0.98","0.00, 1.00",-0.41%,-1.00,50
1,251,"0.04, 0.98","0.04, 0.96",-0.39%,-0.96,50
1,252,"0.04, 1.00","0.04, 0.96",-0.39%,-0.96,50
1,253,"0.05, 0.99","0.04, 0.96",-0.39%,-0.96,50
1,254,"0.00, 1.00","0.00, 1.00",-0.41%,-1.00,49
1,255,"0.07, 1.00","0.07, 0.93",-0.39%,-0.93,49
1,256,"0.00, 0.97","0.00, 1.00",-0.42%,-1.00,49
1,257,"0.02, 1.00","0.02, 0.98",-0.41%,-0.98,49
1,258,"0.02, 0.97","0.02, 0.98",-0.41%,-0.98,49
1,259,"0.07, 0.99","0.06, 0.94",-0.40%,-0.94,48
1,260,"0.00, 1.00","0.00, 1.00",-0.42%,-1.00,48
1,261,"0.00, 1.00","0.00, 1.00",-0.43%,-1.00,48
1,262,"0.00, 0.93","0.00, 1.00",-0.43%,-1.00,48
1,263,"0.03, 1.00","0.03, 0.97",-0.42%,-0.97,48
1,264,"0.00, 1.00","0.00, 1.00",-0.43%,-1.00,47
1,265,"0.00, 0.99","0.00, 1.00",-0.43%,-1.00,47
1,266,"0.00, 1.00","0.00, 1.00",-0.43%,-1.00,47
1,267,"0.00, 1.00","0.00, 1.00",-0.44%,-1.00,47
1,268,"0.02, 0.96","0.02, 0.98",-0.43%,-0.98,47
1,269,"0.00, 1.00","0.00, 1.00",-0.44%,-1.00,46
1,270,"0.00, 0.92","0.00, 1.00",-0.44%,-1.00,46
1,271,"0.00, 0.93","0.00, 1.00",-0.44%,-1.00,46
1,272,"0.00, 0.99","0.00, 1.00",-0.45%,-1.00,46
1,273,"0.00, 1.00","0.00, 1.00",-0.45%,-1.00,46
1,274,"0.07, 1.00","0.06, 0.94",-0.42%,-0.94,45
1,275,"0.08, 1.00","0.08, 0.92",-0.42%,-0.92,45
1,276,"0.00, 1.00","0.00, 1.00",-0.45%,-1.00,45
1,277,"0.03, 1.00","0.03, 0.97",-0.44%,-0.97,45
1,278,"0.11, 1.00","0.10, 0.90",-0.41%,-0.90,45
1,279,"0.05, 0.97","0.05, 0.95",-0.44%,-0.95,44
1,280,"0.10, 1.00","0.09, 0.91",-0.42%,-0.91,44
1,281,"0.00, 1.00","0.00, 1.00",-0.47%,-1.00,44
1,282,"0.03, 1.00","0.03, 0.97",-0.45%,-0.97,44
1,283,"0.00, 1.00","0.00, 1.00",-0.47%,-1.00,44
1,284,"0.01, 0.95","0.02, 0.98",-0.46%,-0.98,43
1,285,"0.00, 0.94","0.00, 1.00",-0.47%,-1.00,43
1,286,"0.00, 0.99","0.00, 1.00",-0.48%,-1.00,43
1,287,"0.00, 0.98","0.00, 1.00",-0.48%,-1.00,43
1,288,"0.00, 0.99","0.00, 1.00",-0.48%,-1.00,43
1,289,"0.00, 1.00","0.00, 1.00",-0.48%,-1.00,42
1,290,"0.05, 0.97","0.05, 0.95",-0.46%,-0.95,42
1,291,"0.00, 1.00","0.00, 1.00",-0.49%,-1.00,42
1,292,"0.00, 1.00","0.00, 1.00",-0.49%,-1.00,42
1,293,"0.05, 1.00","0.04, 0.96",-0.47%,-0.96,42
1,294,"0.03, 0.96","0.03, 0.97",-0.48%,-0.97,41
1,295,"0.02, 1.00","0.02, 0.98",-0.49%,-0.98,41
1,296,"0.00, 1.00","0.00, 1.00",-0.50%,-1.00,41
1,297,"0.02, 0.97","0.03, 0.97",-0.49%,-0.97,41
1,298,"0.07, 1.00","0.06, 0.94",-0.47%,-0.94,41
1,299,"0.00, 1.00","0.00, 1.00",-0.51%,-1.00,40
1,300,"0.00, 1.00","0.00, 1.00",-0.51%,-1.00,40
1,301,"0.00, 1.00","0.00, 1.00",-0.51%,-1.00,40
1,302,"0.00, 0.95","0.00, 1.00",-0.52%,-1.00,40
1,303,"0.00, 0.96","0.00, 1.00",-0.52%,-1.00,40
1,304,"0.00, 0.87","0.00, 1.00",-0.52%,-1.00,39
1,305,"0.00, 1.00","0.00, 1.00",-0.52%,-1.00,39
1,306,"0.01, 1.00","0.01, 0.99",-0.52%,-0.99,39
1,307,"0.05, 0.98","0.05, 0.95",-0.50%,-0.95,39
1,308,"0.02, 1.00","0.02, 0.98",-0.52%,-0.98,38
1,309,"0.08, 0.97","0.07, 0.93",-0.49%,-0.93,38
1,310,"0.02, 0.98","0.02, 0.98",-0.53%,-0.98,38
1,311,"0.00, 0.97","0.00, 1.00",-0.54%,-1.00,38
1,312,"0.01, 1.00","0.01, 0.99",-0.54%,-0.99,38
1,313,"0.00, 0.99","0.00, 1.00",-0.55%,-1.00,37
1,314,"0.00, 1.00","0.00, 1.00",-0.55%,-1.00,37
1,315,"0.04, 0.96","0.04, 0.96",-0.53%,-0.96,37
1,316,"0.00, 0.95","0.00, 1.00",-0.56%,-1.00,37
1,317,"0.00, 1.00","0.00, 1.00",-0.56%,-1.00,37
1,318,"0.01, 1.00","0.01, 0.99",-0.56%,-0.99,36
1,319,"0.04, 0.96","0.04, 0.96",-0.54%,-0.96,36
1,320,"0.00, 0.94","0.00, 1.00",-0.57%,-1.00,36
1,321,"0.08, 1.00","0.07, 0.93",-0.53%,-0.93,36
1,322,"0.00, 1.00","0.00, 1.00",-0.57%,-1.00,36
1,323,"0.11, 1.00","0.10, 0.90",-0.52%,-0.90,35
1,324,"0.01, 0.96","0.01, 0.99",-0.58%,-0.99,35
1,325,"0.01, 1.00","0.01, 0.99",-0.58%,-0.99,35
1,326,"0.05, 1.00","0.05, 0.95",-0.56%,-0.95,35
1,327,"0.00, 1.00","0.00, 1.00",-0.59%,-1.00,35
1,328,"0.08, 1.00","0.08, 0.92",-0.55%,-0.92,34
1,329,"0.00, 1.00","0.00, 1.00",-0.60%,-1.00,34
1,330,"0.02, 1.00","0.02, 0.98",-0.59%,-0.98,34
1,331,"0.00, 1.00","0.00, 1.00",-0.61%,-1.00,34
1,332,"0.00, 1.00","0.00, 1.00",-0.61%,-1.00,34
1,333,"0.00, 0.96","0.00, 1.00",-0.61%,-1.00,33
1,334,"0.00, 0.93","0.00, 1.00",-0.62%,-1.00,33
1,335,"0.00, 0.99","0.00, 1.00",-0.62%,-1.00,33
1,336,"0.00, 0.93","0.00, 1.00",-0.62%,-1.00,33
1,337,"0.00, 0.99","0.00, 1.00",-0.63%,-1.00,33
1,338,"0.03, 1.00","0.03, 0.97",-0.62%,-0.97,32
1,339,"0.00, 1.00","0.00, 1.00",-0.64%,-1.00,32
1,340,"0.07, 1.00","0.06, 0.94",-0.60%,-0.94,32
1,341,"0.00, 1.00","0.00, 1.00",-0.65%,-1.00,32
1,342,"0.00, 1.00","0.00, 1.00",-0.65%,-1.00,32
1,343,"0.13, 1.00","0.11, 0.89",-0.58%,-0.89,31
1,344,"0.00, 1.00","0.00, 1.00",-0.66%,-1.00,31
1,345,"0.00, 0.93","0.00, 1.00",-0.66%,-1.00,31
1,346,"0.00, 1.00","0.00, 1.00",-0.67%,-1.00,31
1,347,"0.00, 1.00","0.00, 1.00",-0.67%,-1.00,31
1,348,"0.00, 1.00","0.00, 1.00",-0.68%,-1.00,30
1,349,"0.00, 1.00","0.00, 1.00",-0.68%,-1.00,30
1,350,"0.00, 1.00","0.00, 1.00",-0.68%,-1.00,30
1,351,"0.00, 0.96","0.00, 1.00",-0.69%,-1.00,30
1,352,"0.03, 0.95","0.03, 0.97",-0.67%,-0.97,30
1,353,"0.04, 1.00","0.04, 0.96",-0.67%,-0.96,29
1,354,"0.00, 0.97","0.00, 1.00",-0.70%,-1.00,29
1,355,"0.00, 0.98","0.00, 1.00",-0.71%,-1.00,29
1,356,"0.00, 0.99","0.00, 1.00",-0.71%,-1.00,29
1,357,"0.02, 0.93","0.03, 0.97",-0.70%,-0.97,29
1,358,"0.02, 1.00","0.02, 0.98",-0.71%,-0.98,28
1,359,"0.03, 0.99","0.03, 0.97",-0.71%,-0.97,28
1,360,"0.02, 0.97","0.02, 0.98",-0.72%,-0.98,28
1,361,"0.11, 1.00","0.10, 0.90",-0.67%,-0.90,28
1,362,"0.00, 1.00","0.00, 1.00",-0.75%,-1.00,28
1,363,"0.00, 1.00","0.00, 1.00",-0.75%,-1.00,27
1,364,"0.00, 0.97","0.00, 1.00",-0.76%,-1.00,27
1,365,"0.06, 0.97","0.06, 0.94",-0.72%,-0.94,27
1,366,"0.00, 1.00","0.00, 1.00",-0.77%,-1.00,27
1,367,"0.03, 0.94","0.03, 0.97",-0.75%,-0.97,27
1,368,"0.06, 0.96","0.06, 0.94",-0.73%,-0.94,26
1,369,"0.06, 1.00","0.06, 0.94",-0.74%,-0.94,26
1,370,"0.02, 0.99","0.02, 0.98",-0.78%,-0.98,26
1,371,"0.00, 1.00","0.00, 1.00",-0.80%,-1.00,26
1,372,"0.03, 1.00","0.03, 0.97",-0.78%,-0.97,26
1,373,"0.00, 1.00","0.00, 1.00",-0.81%,-1.00,25
1,374,"0.00, 0.98","0.00, 1.00",-0.82%,-1.00,25
1,375,"0.05, 0.99","0.05, 0.95",-0.79%,-0.95,25
1,376,"0.06, 1.00","0.06, 0.94",-0.79%,-0.94,25
1,377,"0.04, 1.00","0.04, 0.96",-0.81%,-0.96,25
1,378,"0.01, 0.96","0.01, 0.99",-0.84%,-0.99,24
1,379,"0.02, 1.00","0.02, 0.98",-0.84%,-0.98,24
1,380,"0.00, 1.00","0.00, 1.00",-0.86%,-1.00,24
1,381,"0.02, 1.00","0.02, 0.98",-0.85%,-0.98,24
1,382,"0.00, 1.00","0.00, 1.00",-0.88%,-1.00,24
1,383,"0.01, 1.00","0.01, 0.99",-0.88%,-0.99,23
1,384,"0.04, 1.00","0.04, 0.96",-0.86%,-0.96,23
1,385,"0.02, 0.90","0.02, 0.98",-0.88%,-0.98,23
1,386,"0.00, 1.00","0.00, 1.00",-0.91%,-1.00,23
1,387,"0.00, 0.98","0.00, 1.00",-0.92%,-1.00,22
1,388,"0.01, 0.99","0.01, 0.99",-0.91%,-0.99,22
1,389,"0.00, 1.00","0.00, 1.00",-0.93%,-1.00,22
1,390,"0.00, 0.98","0.00, 1.00",-0.94%,-1.00,22
1,391,"0.02, 1.00","0.02, 0.98",-0.93%,-0.98,22
1,392,"0.00, 1.00","0.00, 1.00",-0.96%,-1.00,21
1,393,"0.01, 0.98","0.01, 0.99",-0.96%,-0.99,21
1,394,"0.00, 1.00","0.00, 1.00",-0.98%,-1.00,21
1,395,"0.00, 0.97","0.00, 1.00",-0.99%,-1.00,21
1,396,"0.03, 0.98","0.03, 0.97",-0.97%,-0.97,21
1,397,"0.00, 1.00","0.00, 1.00",-1.01%,-1.00,20
1,398,"0.08, 0.97","0.07, 0.93",-0.94%,-0.93,20
1,399,"0.01, 1.00","0.01, 0.99",-1.02%,-0.99,20
1,400,"0.00, 1.00","0.00, 1.00",-1.04%,-1.00,20
1,401,"0.00, 0.91","0.00, 1.00",-1.05%,-1.00,20
1,402,"0.04, 0.92","0.05, 0.95",-1.02%,-0.95,19
1,403,"0.00, 1.00","0.00, 1.00",-1.08%,-1.00,19
1,404,"0.04, 0.95","0.04, 0.96",-1.04%,-0.96,19
1,405,"0.04, 1.00","0.03, 0.97",-1.06%,-0.97,19
1,406,"0.00, 1.00","0.00, 1.00",-1.11%,-1.00,19
1,407,"0.10, 0.95","0.10, 0.90",-1.02%,-0.90,18
1,408,"0.02, 1.00","0.02, 0.98",-1.11%,-0.98,18
1,409,"0.00, 1.00","0.00, 1.00",-1.15%,-1.00,18
1,410,"0.03, 1.00","0.03, 0.97",-1.13%,-0.97,18
1,411,"0.00, 0.96","0.00, 1.00",-1.17%,-1.00,18
1,412,"0.03, 1.00","0.03, 0.97",-1.15%,-0.97,17
1,413,"0.00, 1.00","0.00, 1.00",-1.20%,-1.00,17
1,414,"0.00, 0.94","0.00, 1.00",-1.22%,-1.00,17
1,415,"0.00, 0.97","0.00, 1.00",-1.23%,-1.00,17
1,416,"0.00, 0.96","0.00, 1.00",-1.25%,-1.00,17
1,417,"0.01, 1.00","0.01, 0.99",-1.26%,-0.99,16
1,418,"0.00, 1.00","0.00, 1.00",-1.28%,-1.00,16
1,419,"0.00, 0.95","0.00, 1.00",-1.30%,-1.00,16
1,420,"0.00, 1.00","0.00, 1.00",-1.32%,-1.00,16
1,421,"0.00, 1.00","0.00, 1.00",-1.33%,-1.00,15
1,422,"0.00, 1.00","0.00, 1.00",-1.35%,-1.00,15
1,423,"0.09, 1.00","0.08, 0.92",-1.26%,-0.92,15
1,424,"0.00, 0.95","0.00, 1.00",-1.39%,-1.00,15
1,425,"0.00, 1.00","0.00, 1.00",-1.41%,-1.00,15
1,426,"0.13, 1.00","0.12, 0.88",-1.26%,-0.88,14
1,427,"0.00, 1.00","0.00, 1.00",-1.45%,-1.00,14
1,428,"0.03, 0.96","0.03, 0.97",-1.43%,-0.97,14
1,429,"0.02, 1.00","0.02, 0.98",-1.46%,-0.98,14
1,430,"0.00, 1.00","0.00, 1.00",-1.52%,-1.00,14
1,431,"0.00, 0.98","0.00, 1.00",-1.54%,-1.00,13
1,432,"0.00, 1.00","0.00, 1.00",-1.56%,-1.00,13
1,433,"0.00, 1.00","0.00, 1.00",-1.59%,-1.00,13
1,434,"0.06, 1.00","0.06, 0.94",-1.52%,-0.94,13
1,435,"0.00, 0.90","0.00, 1.00",-1.64%,-1.00,13
1,436,"0.09, 0.98","0.09, 0.91",-1.52%,-0.91,12
1,437,"0.06, 0.99","0.05, 0.95",-1.60%,-0.95,12
1,438,"0.00, 0.99","0.00, 1.00",-1.72%,-1.00,12
1,439,"0.00, 0.95","0.00, 1.00",-1.75%,-1.00,12
1,440,"0.00, 1.00","0.00, 1.00",-1.78%,-1.00,12
1,441,"0.00, 0.99","0.00, 1.00",-1.82%,-1.00,11
1,442,"0.00, 0.91","0.00, 1.00",-1.85%,-1.00,11
1,443,"0.00, 1.00","0.00, 1.00",-1.89%,-1.00,11
1,444,"0.00, 0.99","0.00, 1.00",-1.92%,-1.00,11
1,445,"0.00, 1.00","0.00, 1.00",-1.96%,-1.00,11
1,446,"0.00, 0.97","0.00, 1.00",-2.00%,-1.00,10
1,447,"0.00, 0.99","0.00, 1.00",-2.04%,-1.00,10
1,448,"0.00, 1.00","0.00, 1.00",-2.08%,-1.00,10
1,449,"0.03, 0.99","0.03, 0.97",-2.06%,-0.97,10
1,450,"0.01, 1.00","0.01, 0.99",-2.16%,-0.99,9
1,451,"0.06, 0.97","0.05, 0.95",-2.10%,-0.95,9
1,452,"0.05, 0.94","0.05, 0.95",-2.17%,-0.95,9
1,453,"0.00, 1.00","0.00, 1.00",-2.33%,-1.00,9
1,454,"0.02, 0.99","0.02, 0.98",-2.33%,-0.98,9
1,455,"0.02, 1.00","0.02, 0.98",-2.38%,-0.98,8
1,456,"0.00, 0.98","0.00, 1.00",-2.50%,-1.00,8
1,457,"0.00, 1.00","0.00, 1.00",-2.56%,-1.00,8
1,458,"0.00, 1.00","0.00, 1.00",-2.62%,-1.00,8
1,459,"0.00, 0.97","0.00, 1.00",-2.70%,-1.00,8
1,460,"0.00, 1.00","0.00, 1.00",-2.78%,-1.00,7
1,461,"0.00, 1.00","0.00, 1.00",-2.86%,-1.00,7
1,462,"0.00, 1.00","0.00, 1.00",-2.94%,-1.00,7
1,463,"0.00, 0.97","0.00, 1.00",-3.03%,-1.00,7
1,464,"0.00, 1.00","0.00, 1.00",-3.12%,-1.00,7
1,465,"0.00, 0.97","0.00, 1.00",-3.23%,-1.00,6
1,466,"0.00, 1.00","0.00, 1.00",-3.33%,-1.00,6
1,467,"0.00, 1.00","0.00, 1.00",-3.45%,-1.00,6
1,468,"0.00, 0.99","0.00, 1.00",-3.57%,-1.00,6
1,469,"0.00, 1.00","0.00, 1.00",-3.70%,-1.00,6
1,470,"0.00, 1.00","0.00, 1.00",-3.85%,-1.00,5
1,471,"0.00, 1.00","0.00, 1.00",-4.00%,-1.00,5
1,472,"0.00, 1.00","0.00, 1.00",-4.17%,-1.00,5
1,473,"0.00, 1.00","0.00, 1.00",-4.35%,-1.00,5
1,474,"0.03, 0.98","0.03, 0.97",-4.41%,-0.97,4
1,475,"0.04, 1.00","0.04, 0.96",-4.58%,-0.96,4
1,476,"0.03, 1.00","0.03, 0.97",-4.87%,-0.97,4
1,477,"0.00, 1.00","0.00, 1.00",-5.26%,-1.00,4
1,478,"0.05, 0.93","0.05, 0.95",-5.28%,-0.95,4
1,479,"0.00, 1.00","0.00, 1.00",-5.87%,-1.00,3
1,480,"0.01, 1.00","0.01, 0.99",-6.16%,-0.99,3
1,481,"0.14, 1.00","0.12, 0.88",-5.86%,-0.88,3
1,482,"0.00, 1.00","0.00, 1.00",-7.14%,-1.00,3
1,483,"0.00, 1.00","0.00, 1.00",-7.69%,-1.00,3
1,484,"0.05, 1.00","0.05, 0.95",-7.95%,-0.95,2
1,485,"0.00, 0.96","0.00, 1.00",-9.09%,-1.00,2
1,486,"0.02, 0.98","0.02, 0.98",-9.82%,-0.98,2
1,487,"0.00, 1.00","0.00, 1.00",-11.11%,-1.00,2
1,488,"0.00, 1.00","0.00, 1.00",-12.50%,-1.00,2
1,489,"0.00, 1.00","0.00, 1.00",-14.29%,-1.00,1
1,490,"0.08, 1.00","0.07, 0.93",-15.48%,-0.93,1
1,491,"0.00, 0.99","0.00, 1.00",-20.00%,-1.00,1
1,492,"0.00, 0.94","0.00, 1.00",-25.00%,-1.00,1
1,493,"0.02, 0.99","0.02, 0.98",-32.55%,-0.98,0
1,494,"0.09, 1.00","0.08, 0.92",-45.86%,-0.92,0
2,1,"0.50, 0.50","0.50, 0.50",-0.10%,-0.50,100
2,2,"0.07, 0.98","0.07, 0.93",-0.19%,-0.93,100
2,3,"0.03, 0.97","0.03, 0.97",-0.20%,-0.97,100
2,4,"0.00, 1.00","0.00, 1.00",-0.20%,-1.00,99
2,5,"0.00, 0.98","0.00, 1.00",-0.20%,-1.00,99
2,6,"0.00, 1.00","0.00, 1.00",-0.20%,-1.00,99
2,7,"0.03, 1.00","0.03, 0.97",-0.20%,-0.97,99
2,8,"0.09, 1.00","0.08, 0.92",-0.19%,-0.92,99
2,9,"0.01, 1.00","0.01, 0.99",-0.20%,-0.99,98
2,10,"0.00, 0.96","0.00, 1.00",-0.21%,-1.00,98
2,11,"0.00, 1.00","0.00, 1.00",-0.21%,-1.00,98
2,12,"0.01, 1.00","0.01, 0.99",-0.21%,-0.99,98
2,13,"0.00, 0.95","0.00, 1.00",-0.21%,-1.00,98
2,14,"0.00, 1.00","0.00, 1.00",-0.21%,-1.00,97
2,15,"0.00, 1.00","0.00, 1.00",-0.21%,-1.00,97
2,16,"0.00, 0.97","0.00, 1.00",-0.21%,-1.00,97
2,17,"0.01, 1.00","0.01, 0.99",-0.21%,-0.99,97
2,18,"0.01, 1.00","0.01, 0.99",-0.21%,-0.99,97
2,19,"0.08, 1.00","0.08, 0.92",-0.19%,-0.92,96
2,20,"0.00, 1.00","0.00, 1.00",-0.21%,-1.00,96
2,21,"0.00, 1.00","0.00, 1.00",-0.21%,-1.00,96
2,22,"0.00, 1.00","0.00, 1.00",-0.21%,-1.00,96
2,23,"0.00, 1.00","0.00, 1.00",-0.21%,-1.00,96
2,24,"0.00, 1.00","0.00, 1.00",-0.21%,-1.00,95
2,25,"0.00, 1.00","0.00, 1.00",-0.21%,-1.00,95
2,26,"0.09, 1.00","0.08, 0.92",-0.19%,-0.92,95
2,27,"0.05, 0.97","0.05, 0.95",-0.20%,-0.95,95
2,28,"0.03, 1.00","0.03, 0.97",-0.21%,-0.97,95
2,29,"0.00, 0.97","0.00, 1.00",-0.21%,-1.00,94
2,30,"0.02, 1.00","0.02, 0.98",-0.21%,-0.98,94
2,31,"0.00, 0.98","0.00, 1.00",-0.22%,-1.00,94
2,32,"0.00, 1.00","0.00, 1.00",-0.22%,-1.00,94
2,33,"0.06, 1.00","0.05, 0.95",-0.20%,-0.95,94
2,34,"0.00, 0.94","0.00, 1.00",-0.22%,-1.00,93
2,35,"0.00, 0.94","0.00, 1.00",-0.22%,-1.00,93
2,36,"0.00, 0.89","0.00, 1.00",-0.22%,-1.00,93
2,37,"0.09, 1.00","0.08, 0.92",-0.20%,-0.92,93
2,38,"0.00, 1.00","0.00, 1.00",-0.22%,-1.00,93
2,39,"0.00, 1.00","0.00, 1.00",-0.22%,-1.00,92
2,40,"0.04, 0.92","0.05, 0.95",-0.21%,-0.95,92
2,41,"0.00, 0.96","0.00, 1.00",-0.22%,-1.00,92
2,42,"0.03, 1.00","0.03, 0.97",-0.21%,-0.97,92
2,43,"0.02, 0.93","0.02, 0.98",-0.22%,-0.98,92
2,44,"0.00, 1.00","0.00, 1.00",-0.22%,-1.00,91
2,45,"0.02, 1.00","0.02, 0.98",-0.22%,-0.98,91
2,46,"0.00, 0.96","0.00, 1.00",-0.22%,-1.00,91
2,47,"0.01, 1.00","0.01, 0.99",-0.22%,-0.99,91
2,48,"0.06, 1.00","0.06, 0.94",-0.21%,-0.94,91
2,49,"0.00, 0.96","0.00, 1.00",-0.22%,-1.00,90
2,50,"0.00, 0.94","0.00, 1.00",-0.22%,-1.00,90
2,51,"0.00, 0.95","0.00, 1.00",-0.22%,-1.00,90
2,52,"0.01, 0.94","0.01, 0.99",-0.22%,-0.99,90
2,53,"0.00, 1.00","0.00, 1.00",-0.23%,-1.00,90
2,54,"0.04, 1.00","0.04, 0.96",-0.22%,-0.96,89
2,55,"0.04, 1.00","0.04, 0.96",-0.22%,-0.96,89
2,56,"0.00, 1.00","0.00, 1.00",-0.23%,-1.00,89
2,57,"0.04, 1.00","0.04, 0.96",-0.22%,-0.96,89
2,58,"0.03, 0.96","0.04, 0.96",-0.22%,-0.96,89
2,59,"0.04, 0.99","0.04, 0.96",-0.22%,-0.96,88
2,60,"0.03, 0.95","0.03, 0.97",-0.22%,-0.97,88
2,61,"0.03, 1.00","0.03, 0.97",-0.22%,-0.97,88
2,62,"0.00, 1.00","0.00, 1.00",-0.23%,-1.00,88
2,63,"0.00, 1.00","0.00, 1.00",-0.23%,-1.00,88
2,64,"0.08, 0.98","0.07, 0.93",-0.21%,-0.93,87
2,65,"0.00, 1.00","0.00, 1.00",-0.23%,-1.00,87
2,66,"0.00, 0.90","0.00, 1.00",-0.23%,-1.00,87
2,67,"0.03, 1.00","0.03, 0.97",-0.23%,-0.97,87
2,68,"0.07, 1.00","0.07, 0.93",-0.22%,-0.93,87
2,69,"0.12, 0.97","0.11, 0.89",-0.21%,-0.89,86
2,70,"0.07, 1.00","0.06, 0.94",-0.22%,-0.94,86
2,71,"0.00, 1.00","0.00, 1.00",-0.24%,-1.00,86
2,72,"0.05, 1.00","0.04, 0.96",-0.23%,-0.96,86
2,73,"0.00, 0.97","0.00, 1.00",-0.24%,-1.00,86
2,74,"0.00, 0.96","0.00, 1.00",-0.24%,-1.00,85
2,75,"0.00, 1.00","0.00, 1.00",-0.24%,-1.00,85
2,76,"0.00, 0.96","0.00, 1.00",-0.24%,-1.00,85
2,77,"0.03, 0.88","0.04, 0.96",-0.23%,-0.96,85
2,78,"0.01, 1.00","0.01, 0.99",-0.24%,-0.99,85
2,79,"0.01, 1.00","0.01, 0.99",-0.24%,-0.99,84
2,80,"0.03, 1.00","0.03, 0.97",-0.23%,-0.97,84
2,81,"0.00, 1.00","0.00, 1.00",-0.24%,-1.00,84
2,82,"0.03, 1.00","0.02, 0.98",-0.24%,-0.98,84
2,83,"0.00, 0.96","0.00, 1.00",-0.24%,-1.00,84
2,84,"0.00, 1.00","0.00, 1.00",-0.24%,-1.00,83
2,85,"0.00, 1.00","0.00, 1.00",-0.24%,-1.00,83
2,86,"0.00, 1.00","0.00, 1.00",-0.24%,-1.00,83
2,87,"0.05, 1.00","0.05, 0.95",-0.23%,-0.95,83
2,88,"0.00, 0.99","0.00, 1.00",-0.25%,-1.00,83
2,89,"0.00, 1.00","0.00, 1.00",-0.25%,-1.00,82
2,90,"0.00, 1.00","0.00, 1.00",-0.25%,-1.00,82
2,91,"0.14, 0.93","0.13, 0.87",-0.22%,-0.87,82
2,92,"0.01, 1.00","0.01, 0.99",-0.24%,-0.99,82
2,93,"0.01, 0.98","0.01, 0.99",-0.25%,-0.99,82
2,94,"0.00, 1.00","0.00, 1.00",-0.25%,-1.00,81
2,95,"0.00, 1.00","0.00, 1.00",-0.25%,-1.00,81
2,96,"0.07, 0.93","0.07, 0.93",-0.23%,-0.93,81
2,97,"0.00, 1.00","0.00, 1.00",-0.25%,-1.00,81
2,98,"0.06, 1.00","0.06, 0.94",-0.24%,-0.94,81
2,99,"0.00, 0.98","0.00, 1.00",-0.25%,-1.00,80
2,100,"0.05, 1.00","0.05, 0.95",-0.24%,-0.95,80
2,101,"0.00, 1.00","0.00, 1.00",-0.25%,-1.00,80
2,102,"0.00, 0.99","0.00, 1.00",-0.25%,-1.00,80
2,103,"0.00, 0.96","0.00, 1.00",-0.25%,-1.00,80
2,104,"0.00, 1.00","0.00, 1.00",-0.26%,-1.00,79
2,105,"0.03, 0.95","0.03, 0.97",-0.25%,-0.97,79
2,106,"0.08, 1.00","0.07, 0.93",-0.24%,-0.93,79
2,107,"0.05, 1.00","0.05, 0.95",-0.24%,-0.95,79
2,108,"0.07, 0.98","0.07, 0.93",-0.24%,-0.93,79
2,109,"0.00, 0.95","0.00, 1.00",-0.26%,-1.00,78
2,110,"0.06, 0.99","0.06, 0.94",-0.24%,-0.94,78
2,111,"0.00, 1.00","0.00, 1.00",-0.26%,-1.00,78
2,112,"0.00, 1.00","0.00, 1.00",-0.26%,-1.00,78
2,113,"0.04, 0.86","0.05, 0.95",-0.25%,-0.95,78
2,114,"0.00, 0.99","0.00, 1.00",-0.26%,-1.00,77
2,115,"0.00, 0.98","0.00, 1.00",-0.26%,-1.00,77
2,116,"0.05, 0.97","0.05, 0.95",-0.25%,-0.95,77
2,117,"0.00, 0.99","0.00, 1.00",-0.26%,-1.00,77
2,118,"0.02, 0.96","0.02, 0.98",-0.26%,-0.98,77
2,119,"0.04, 1.00","0.03, 0.97",-0.26%,-0.97,76
2,120,"0.01, 1.00","0.01, 0.99",-0.26%,-0.99,76
2,121,"0.01, 1.00","0.01, 0.99",-0.26%,-0.99,76
2,122,"0.01, 1.00","0.01, 0.99",-0.26%,-0.99,76
2,123,"0.01, 1.00","0.01, 0.99",-0.27%,-0.99,76
2,124,"0.10, 1.00","0.09, 0.91",-0.24%,-0.91,75
2,125,"0.00, 1.00","0.00, 1.00",-0.27%,-1.00,75
2,126,"0.05, 0.98","0.05, 0.95",-0.26%,-0.95,75
2,127,"0.00, 1.00","0.00, 1.00",-0.27%,-1.00,75
2,128,"0.01, 1.00","0.01, 0.99",-0.27%,-0.99,75
2,129,"0.00, 1.00","0.00, 1.00",-0.27%,-1.00,74
2,130,"0.00, 1.00","0.00, 1.00",-0.27%,-1.00,74
2,131,"0.00, 0.99","0.00, 1.00",-0.27%,-1.00,74
2,132,"0.00, 0.99","0.00, 1.00",-0.27%,-1.00,74
2,133,"0.00, 1.00","0.00, 1.00",-0.28%,-1.00,74
2,134,"0.00, 0.97","0.00, 1.00",-0.28%,-1.00,73
2,135,"0.09, 1.00","0.08, 0.92",-0.25%,-0.92,73
2,136,"0.05, 0.94","0.05, 0.95",-0.26%,-0.95,73
2,137,"0.00, 1.00","0.00, 1.00",-0.28%,-1.00,73
2,138,"0.05, 0.99","0.05, 0.95",-0.27%,-0.95,73
2,139,"0.00, 1.00","0.00, 1.00",-0.28%,-1.00,72
2,140,"0.00, 0.95","0.00, 1.00",-0.28%,-1.00,72
2,141,"0.00, 0.96","0.00, 1.00",-0.28%,-1.00,72
2,142,"0.05, 0.99","0.04, 0.96",-0.27%,-0.96,72
2,143,"0.00, 0.96","0.00, 1.00",-0.28%,-1.00,72
2,144,"0.00, 1.00","0.00, 1.00",-0.28%,-1.00,71
2,145,"0.01, 0.87","0.01, 0.99",-0.28%,-0.99,71
2,146,"0.03, 1.00","0.02, 0.98",-0.28%,-0.98,71
2,147,"0.02, 0.98","0.02, 0.98",-0.28%,-0.98,71
2,148,"0.02, 1.00","0.02, 0.98",-0.28%,-0.98,71
2,149,"0.05, 0.92","0.05, 0.95",-0.27%,-0.95,70
2,150,"0.07, 0.96","0.07, 0.93",-0.27%,-0.93,70
2,151,"0.13, 1.00","0.11, 0.89",-0.26%,-0.89,70
2,152,"0.06, 0.99","0.06, 0.94",-0.27%,-0.94,70
2,153,"0.03, 1.00","0.03, 0.97",-0.28%,-0.97,70
2,154,"0.05, 0.97","0.05, 0.95",-0.28%,-0.95,70
2,155,"0.00, 0.98","0.00, 1.00",-0.29%,-1.00,69
2,156,"0.00, 1.00","0.00, 1.00",-0.29%,-1.00,69
2,157,"0.03, 0.99","0.03, 0.97",-0.29%,-0.97,69
2,158,"0.07, 0.95","0.06, 0.94",-0.28%,-0.94,69
2,159,"0.02, 0.96","0.02, 0.98",-0.29%,-0.98,69
2,160,"0.00, 1.00","0.00, 1.00",-0.30%,-1.00,68
2,161,"0.02, 0.91","0.02, 0.98",-0.29%,-0.98,68
2,162,"0.00, 0.98","0.00, 1.00",-0.30%,-1.00,68
2,163,"0.00, 1.00","0.00, 1.00",-0.30%,-1.00,68
2,164,"0.00, 1.00","0.00, 1.00",-0.30%,-1.00,68
2,165,"0.00, 1.00","0.00, 1.00",-0.30%,-1.00,67
2,166,"0.03, 1.00","0.03, 0.97",-0.29%,-0.97,67
2,167,"0.00, 1.00","0.00, 1.00",-0.30%,-1.00,67
2,168,"0.00, 1.00","0.00, 1.00",-0.30%,-1.00,67
2,169,"0.00, 1.00","0.00, 1.00",-0.31%,-1.00,66
2,170,"0.02, 1.00","0.01, 0.99",-0.30%,-0.99,66
2,171,"0.00, 1.00","0.00, 1.00",-0.31%,-1.00,66
2,172,"0.00, 0.96","0.00, 1.00",-0.31%,-1.00,66
2,173,"0.00, 1.00","0.00, 1.00",-0.31%,-1.00,66
2,174,"0.00, 0.99","0.00, 1.00",-0.31%,-1.00,65
2,175,"0.04, 1.00","0.04, 0.96",-0.30%,-0.96,65
2,176,"0.00, 0.97","0.00, 1.00",-0.31%,-1.00,65
2,177,"0.00, 1.00","0.00, 1.00",-0.31%,-1.00,65
2,178,"0.02, 0.93","0.02, 0.98",-0.31%,-0.98,65
2,179,"0.00, 0.95","0.00, 1.00",-0.31%,-1.00,64
2,180,"0.00, 1.00","0.00, 1.00",-0.32%,-1.00,64
2,181,"0.03, 0.94","0.03, 0.97",-0.31%,-0.97,64
2,182,"0.00, 1.00","0.00, 1.00",-0.32%,-1.00,64
2,183,"0.02, 1.00","0.02, 0.98",-0.31%,-0.98,64
2,184,"0.00, 1.00","0.00, 1.00",-0.32%,-1.00,63
2,185,"0.08, 0.97","0.08, 0.92",-0.30%,-0.92,63
2,186,"0.01, 1.00","0.01, 0.99",-0.32%,-0.99,63
2,187,"0.01, 0.93","0.01, 0.99",-0.32%,-0.99,63
2,188,"0.00, 1.00","0.00, 1.00",-0.32%,-1.00,63
2,189,"0.00, 0.97","0.00, 1.00",-0.33%,-1.00,62
2,190,"0.00, 0.98","0.00, 1.00",-0.33%,-1.00,62
2,191,"0.02, 0.97","0.02, 0.98",-0.32%,-0.98,62
2,192,"0.00, 1.00","0.00, 1.00",-0.33%,-1.00,62
2,193,"0.04, 1.00","0.04, 0.96",-0.32%,-0.96,62
2,194,"0.01, 1.00","0.01, 0.99",-0.33%,-0.99,61
2,195,"0.00, 0.91","0.00, 1.00",-0.33%,-1.00,61
2,196,"0.00, 0.93","0.00, 1.00",-0.33%,-1.00,61
2,197,"0.03, 1.00","0.03, 0.97",-0.33%,-0.97,61
2,198,"0.06, 1.00","0.05, 0.95",-0.32%,-0.95,61
2,199,"0.01, 1.00","0.01, 0.99",-0.33%,-0.99,60
2,200,"0.00, 1.00","0.00, 1.00",-0.34%,-1.00,60
2,201,"0.00, 0.88","0.00, 1.00",-0.34%,-1.00,60
2,202,"0.00, 1.00","0.00, 1.00",-0.34%,-1.00,60
2,203,"0.03, 1.00","0.03, 0.97",-0.33%,-0.97,60
2,204,"0.00, 1.00","0.00, 1.00",-0.34%,-1.00,59
2,205,"0.00, 0.91","0.00, 1.00",-0.34%,-1.00,59
2,206,"0.06, 0.95","0.06, 0.94",-0.32%,-0.94,59
2,207,"0.04, 1.00","0.04, 0.96",-0.33%,-0.96,59
2,208,"0.00, 1.00","0.00, 1.00",-0.35%,-1.00,59
2,209,"0.00, 1.00","0.00, 1.00",-0.35%,-1.00,58
2,210,"0.02, 0.96","0.02, 0.98",-0.34%,-0.98,58
2,211,"0.04, 0.96","0.04, 0.96",-0.34%,-0.96,58
2,212,"0.01, 1.00","0.01, 0.99",-0.35%,-0.99,58
2,213,"0.00, 0.98","0.00, 1.00",-0.35%,-1.00,58
2,214,"0.00, 1.00","0.00, 1.00",-0.35%,-1.00,57
2,215,"0.08, 0.99","0.08, 0.92",-0.33%,-0.92,57
2,216,"0.04, 0.90","0.04, 0.96",-0.34%,-0.96,57
2,217,"0.00, 1.00","0.00, 1.00",-0.36%,-1.00,57
2,218,"0.08, 0.98","0.08, 0.92",-0.33%,-0.92,57
2,219,"0.00, 1.00","0.00, 1.00",-0.36%,-1.00,56
2,220,"0.00, 1.00","0.00, 1.00",-0.36%,-1.00,56
2,221,"0.00, 0.98","0.00, 1.00",-0.36%,-1.00,56
2,222,"0.00, 1.00","0.00, 1.00",-0.36%,-1.00,56
2,223,"0.06, 1.00","0.06, 0.94",-0.34%,-0.94,56
2,224,"0.00, 0.97","0.00, 1.00",-0.37%,-1.00,55
2,225,"0.06, 1.00","0.05, 0.95",-0.35%,-0.95,55
2,226,"0.00, 1.00","0.00, 1.00",-0.37%,-1.00,55
2,227,"0.00, 1.00","0.00, 1.00",-0.37%,-1.00,55
2,228,"0.03, 1.00","0.03, 0.97",-0.36%,-0.97,55
2,229,"0.00, 1.00","0.00, 1.00",-0.37%,-1.00,54
2,230,"0.05, 1.00","0.04, 0.96",-0.36%,-0.96,54
2,231,"0.03, 0.99","0.03, 0.97",-0.37%,-0.97,54
2,232,"0.07, 0.97","0.06, 0.94",-0.35%,-0.94,54
2,233,"0.02, 1.00","0.02, 0.98",-0.37%,-0.98,54
2,234,"0.00, 0.98","0.00, 1.00",-0.38%,-1.00,53
2,235,"0.00, 1.00","0.00, 1.00",-0.38%,-1.00,53
2,236,"0.00, 0.93","0.00, 1.00",-0.38%,-1.00,53
2,237,"0.01, 1.00","0.01, 0.99",-0.38%,-0.99,53
2,238,"0.11, 0.94","0.10, 0.90",-0.35%,-0.90,53
2,239,"0.00, 1.00","0.00, 1.00",-0.39%,-1.00,52
2,240,"0.03, 1.00","0.03, 0.97",-0.38%,-0.97,52
2,241,"0.01, 1.00","0.01, 0.99",-0.39%,-0.99,52
2,242,"0.04, 0.98","0.04, 0.96",-0.38%,-0.96,52
2,243,"0.00, 0.86","0.00, 1.00",-0.40%,-1.00,52
2,244,"0.02, 0.94","0.02, 0.98",-0.39%,-0.98,51
2,245,"0.05, 1.00","0.05, 0.95",-0.38%,-0.95,51
2,246,"0.04, 1.00","0.04, 0.96",-0.39%,-0.96,51
2,247,"0.09, 0.95","0.08, 0.92",-0.37%,-0.92,51
2,248,"0.02, 1.00","0.02, 0.98",-0.39%,-0.98,51
2,249,"0.01, 1.00","0.01, 0.99",-0.40%,-0.99,50
2,250,"0.00, 1.00","0.00, 1.00",-0.41%,-1.00,50
2,251,"0.02, 0.98","0.02, 0.98",-0.40%,-0.98,50
2,252,"0.01, 0.95","0.01, 0.99",-0.41%,-0.99,50
2,253,"0.03, 1.00","0.03, 0.97",-0.40%,-0.97,50
2,254,"0.00, 0.95","0.00, 1.00",-0.41%,-1.00,49
2,255,"0.02, 0.98","0.02, 0.98",-0.41%,-0.98,49
2,256,"0.00, 1.00","0.00, 1.00",-0.42%,-1.00,49
2,257,"0.00, 0.95","0.00, 1.00",-0.42%,-1.00,49
2,258,"0.00, 1.00","0.00, 1.00",-0.42%,-1.00,49
2,259,"0.00, 1.00","0.00, 1.00",-0.42%,-1.00,48
2,260,"0.05, 0.90","0.05, 0.95",-0.40%,-0.95,48
2,261,"0.00, 0.92","0.00, 1.00",-0.43%,-1.00,48
2,262,"0.02, 1.00","0.02, 0.98",-0.42%,-0.98,48
2,263,"0.00, 0.90","0.00, 1.00",-0.43%,-1.00,48
2,264,"0.03, 0.90","0.03, 0.97",-0.42%,-0.97,47
2,265,"0.06, 0.99","0.06, 0.94",-0.41%,-0.94,47
2,266,"0.04, 0.91","0.04, 0.96",-0.42%,-0.96,47
2,267,"0.06, 1.00","0.06, 0.94",-0.41%,-0.94,47
2,268,"0.03, 0.97","0.03, 0.97",-0.42%,-0.97,47
2,269,"0.06, 0.97","0.06, 0.94",-0.41%,-0.94,46
2,270,"0.08, 0.99","0.07, 0.93",-0.41%,-0.93,46
2,271,"0.00, 1.00","0.00, 1.00",-0.44%,-1.00,46
2,272,"0.06, 1.00","0.05, 0.95",-0.42%,-0.95,46
2,273,"0.00, 0.95","0.00, 1.00",-0.45%,-1.00,46
2,274,"0.00, 1.00","0.00, 1.00",-0.45%,-1.00,45
2,275,"0.05, 0.98","0.05, 0.95",-0.43%,-0.95,45
2,276,"0.08, 0.98","0.07, 0.93",-0.42%,-0.93,45
2,277,"0.00, 0.96","0.00, 1.00",-0.46%,-1.00,45
2,278,"0.00, 0.93","0.00, 1.00",-0.46%,-1.00,45
2,279,"0.00, 0.95","0.00, 1.00",-0.46%,-1.00,44
2,280,"0.03, 1.00","0.03, 0.97",-0.45%,-0.97,44
2,281,"0.04, 1.00","0.04, 0.96",-0.45%,-0.96,44
2,282,"0.04, 1.00","0.03, 0.97",-0.45%,-0.97,44
2,283,"0.07, 0.93","0.07, 0.93",-0.43%,-0.93,44
2,284,"0.00, 0.96","0.00, 1.00",-0.47%,-1.00,43
2,285,"0.00, 1.00","0.00, 1.00",-0.47%,-1.00,43
2,286,"0.05, 1.00","0.05, 0.95",-0.45%,-0.95,43
2,287,"0.00, 1.00","0.00, 1.00",-0.48%,-1.00,43
2,288,"0.00, 1.00","0.00, 1.00",-0.48%,-1.00,43
2,289,"0.00, 1.00","0.00, 1.00",-0.48%,-1.00,42
2,290,"0.09, 1.00","0.08, 0.92",-0.45%,-0.92,42
2,291,"0.00, 0.99","0.00, 1.00",-0.49%,-1.00,42
2,292,"0.02, 1.00","0.02, 0.98",-0.48%,-0.98,42
2,293,"0.03, 1.00","0.02, 0.98",-0.48%,-0.98,42
2,294,"0.05, 1.00","0.04, 0.96",-0.47%,-0.96,41
2,295,"0.00, 0.94","0.00, 1.00",-0.50%,-1.00,41
2,296,"0.07, 0.95","0.07, 0.93",-0.46%,-0.93,41
2,297,"0.00, 1.00","0.00, 1.00",-0.50%,-1.00,41
2,298,"0.04, 1.00","0.04, 0.96",-0.49%,-0.96,41
2,299,"0.08, 0.95","0.08, 0.92",-0.47%,-0.92,40
2,300,"0.00, 0.92","0.00, 1.00",-0.51%,-1.00,40
2,301,"0.00, 1.00","0.00, 1.00",-0.51%,-1.00,40
2,302,"0.00, 0.98","0.00, 1.00",-0.52%,-1.00,40
2,303,"0.07, 0.97","0.07, 0.93",-0.48%,-0.93,40
2,304,"0.00, 1.00","0.00, 1.00",-0.52%,-1.00,39
2,305,"0.00, 0.97","0.00, 1.00",-0.52%,-1.00,39
2,306,"0.00, 1.00","0.00, 1.00",-0.53%,-1.00,39
2,307,"0.00, 0.98","0.00, 1.00",-0.53%,-1.00,39
2,308,"0.00, 1.00","0.00, 1.00",-0.53%,-1.00,39
2,309,"0.06, 0.97","0.06, 0.94",-0.50%,-0.94,38
2,310,"0.02, 0.99","0.02, 0.98",-0.53%,-0.98,38
2,311,"0.03, 0.94","0.03, 0.97",-0.53%,-0.97,38
2,312,"0.00, 1.00","0.00, 1.00",-0.54%,-1.00,38
2,313,"0.00, 1.00","0.00, 1.00",-0.55%,-1.00,38
2,314,"0.00, 1.00","0.00, 1.00",-0.55%,-1.00,37
2,315,"0.00, 1.00","0.00, 1.00",-0.55%,-1.00,37
2,316,"0.00, 1.00","0.00, 1.00",-0.56%,-1.00,37
2,317,"0.00, 1.00","0.00, 1.00",-0.56%,-1.00,37
2,318,"0.00, 0.98","0.00, 1.00",-0.56%,-1.00,37
2,319,"0.00, 0.99","0.00, 1.00",-0.56%,-1.00,36
2,320,"0.01, 0.98","0.01, 0.99",-0.56%,-0.99,36
2,321,"0.01, 1.00","0.01, 0.99",-0.57%,-0.99,36
2,322,"0.00, 0.90","0.00, 1.00",-0.57%,-1.00,36
2,323,"0.00, 0.95","0.00, 1.00",-0.58%,-1.00,36
2,324,"0.06, 0.97","0.06, 0.94",-0.55%,-0.94,35
2,325,"0.00, 1.00","0.00, 1.00",-0.58%,-1.00,35
2,326,"0.00, 0.94","0.00, 1.00",-0.59%,-1.00,35
2,327,"0.00, 0.94","0.00, 1.00",-0.59%,-1.00,35
2,328,"0.00, 1.00","0.00, 1.00",-0.60%,-1.00,34
2,329,"0.00, 1.00","0.00, 1.00",-0.60%,-1.00,34
2,330,"0.00, 0.98","0.00, 1.00",-0.60%,-1.00,34
2,331,"0.04, 1.00","0.04, 0.96",-0.58%,-0.96,34
2,332,"0.09, 0.96","0.08, 0.92",-0.56%,-0.92,34
2,333,"0.00, 0.92","0.00, 1.00",-0.61%,-1.00,33
2,334,"0.00, 0.98","0.00, 1.00",-0.62%,-1.00,33
2,335,"0.13, 0.96","0.12, 0.88",-0.55%,-0.88,33
2,336,"0.01, 1.00","0.01, 0.99",-0.62%,-0.99,33
2,337,"0.05, 1.00","0.04, 0.96",-0.60%,-0.96,33
2,338,"0.00, 0.99","0.00, 1.00",-0.63%,-1.00,32
2,339,"0.00, 0.95","0.00, 1.00",-0.64%,-1.00,32
2,340,"0.04, 0.98","0.04, 0.96",-0.62%,-0.96,32
2,341,"0.05, 0.92","0.05, 0.95",-0.61%,-0.95,32
2,342,"0.03, 1.00","0.03, 0.97",-0.63%,-0.97,32
2,343,"0.02, 0.92","0.03, 0.97",-0.64%,-0.97,31
2,344,"0.00, 1.00","0.00, 1.00",-0.66%,-1.00,31
2,345,"0.05, 1.00","0.05, 0.95",-0.63%,-0.95,31
2,346,"0.00, 0.98","0.00, 1.00",-0.67%,-1.00,31
2,347,"0.00, 1.00","0.00, 1.00",-0.67%,-1.00,31
2,348,"0.03, 0.93","0.03, 0.97",-0.66%,-0.97,30
2,349,"0.00, 0.98","0.00, 1.00",-0.68%,-1.00,30
2,350,"0.04, 1.00","0.04, 0.96",-0.66%,-0.96,30
2,351,"0.00, 0.92","0.00, 1.00",-0.69%,-1.00,30
2,352,"0.02, 1.00","0.02, 0.98",-0.68%,-0.98,30
2,353,"0.00, 1.00","0.00, 1.00",-0.70%,-1.00,29
2,354,"0.00, 0.94","0.00, 1.00",-0.70%,-1.00,29
2,355,"0.03, 0.93","0.03, 0.97",-0.69%,-0.97,29
2,356,"0.03, 1.00","0.02, 0.98",-0.70%,-0.98,29
2,357,"0.09, 1.00","0.08, 0.92",-0.66%,-0.92,29
2,358,"0.00, 0.98","0.00, 1.00",-0.72%,-1.00,28
2,359,"0.00, 0.92","0.00, 1.00",-0.73%,-1.00,28
2,360,"0.00, 1.00","0.00, 1.00",-0.74%,-1.00,28
2,361,"0.00, 1.00","0.00, 1.00",-0.74%,-1.00,28
2,362,"0.00, 1.00","0.00, 1.00",-0.75%,-1.00,28
2,363,"0.00, 0.92","0.00, 1.00",-0.75%,-1.00,27
2,364,"0.04, 0.99","0.04, 0.96",-0.73%,-0.96,27
2,365,"0.00, 0.96","0.00, 1.00",-0.76%,-1.00,27
2,366,"0.00, 0.95","0.00, 1.00",-0.77%,-1.00,27
2,367,"0.05, 0.96","0.05, 0.95",-0.74%,-0.95,27
2,368,"0.06, 0.96","0.06, 0.94",-0.74%,-0.94,26
2,369,"0.00, 1.00","0.00, 1.00",-0.79%,-1.00,26
2,370,"0.00, 1.00","0.00, 1.00",-0.79%,-1.00,26
2,371,"0.02, 0.97","0.02, 0.98",-0.78%,-0.98,26
2,372,"0.00, 1.00","0.00, 1.00",-0.81%,-1.00,26
2,373,"0.08, 0.93","0.08, 0.92",-0.75%,-0.92,25
2,374,"0.04, 1.00","0.04, 0.96",-0.79%,-0.96,25
2,375,"0.01, 1.00","0.01, 0.99",-0.82%,-0.99,25
2,376,"0.05, 0.93","0.05, 0.95",-0.79%,-0.95,25
2,377,"0.00, 0.99","0.00, 1.00",-0.84%,-1.00,25
2,378,"0.02, 0.96","0.02, 0.98",-0.83%,-0.98,24
2,379,"0.01, 0.98","0.01, 0.99",-0.84%,-0.99,24
2,380,"0.00, 0.93","0.00, 1.00",-0.86%,-1.00,24
2,381,"0.04, 1.00","0.04, 0.96",-0.84%,-0.96,24
2,382,"0.04, 1.00","0.04, 0.96",-0.84%,-0.96,24
2,383,"0.02, 1.00","0.02, 0.98",-0.86%,-0.98,23
2,384,"0.00, 1.00","0.00, 1.00",-0.89%,-1.00,23
2,385,"0.00, 1.00","0.00, 1.00",-0.90%,-1.00,23
2,386,"0.00, 1.00","0.00, 1.00",-0.91%,-1.00,23
2,387,"0.00, 0.89","0.00, 1.00",-0.92%,-1.00,23
2,388,"0.00, 0.97","0.00, 1.00",-0.93%,-1.00,22
2,389,"0.04, 0.95","0.04, 0.96",-0.90%,-0.96,22
2,390,"0.03, 1.00","0.03, 0.97",-0.92%,-0.97,22
2,391,"0.00, 0.96","0.00, 1.00",-0.95%,-1.00,22
2,392,"0.00, 0.99","0.00, 1.00",-0.96%,-1.00,21
2,393,"0.04, 1.00","0.04, 0.96",-0.93%,-0.96,21
2,394,"0.01, 1.00","0.01, 0.99",-0.97%,-0.99,21
2,395,"0.00, 1.00","0.00, 1.00",-0.99%,-1.00,21
2,396,"0.02, 1.00","0.02, 0.98",-0.98%,-0.98,21
2,397,"0.00, 1.00","0.00, 1.00",-1.01%,-1.00,20
2,398,"0.00, 1.00","0.00, 1.00",-1.02%,-1.00,20
2,399,"0.00, 1.00","0.00, 1.00",-1.03%,-1.00,20
2,400,"0.00, 0.99","0.00, 1.00",-1.04%,-1.00,20
2,401,"0.00, 1.00","0.00, 1.00",-1.05%,-1.00,20
2,402,"0.00, 1.00","0.00, 1.00",-1.06%,-1.00,19
2,403,"0.00, 0.98","0.00, 1.00",-1.08%,-1.00,19
2,404,"0.00, 0.97","0.00, 1.00",-1.09%,-1.00,19
2,405,"0.08, 0.97","0.07, 0.93",-1.02%,-0.93,19
2,406,"0.00, 0.96","0.00, 1.00",-1.11%,-1.00,19
2,407,"0.03, 1.00","0.03, 0.97",-1.09%,-0.97,18
2,408,"0.12, 0.92","0.12, 0.88",-1.00%,-0.88,18
2,409,"0.06, 1.00","0.06, 0.94",-1.08%,-0.94,18
2,410,"0.05, 1.00","0.04, 0.96",-1.11%,-0.96,18
2,411,"0.00, 1.00","0.00, 1.00",-1.17%,-1.00,18
2,412,"0.00, 0.97","0.00, 1.00",-1.19%,-1.00,17
2,413,"0.06, 0.99","0.05, 0.95",-1.14%,-0.95,17
2,414,"0.00, 1.00","0.00, 1.00",-1.22%,-1.00,17
2,415,"0.02, 1.00","0.02, 0.98",-1.22%,-0.98,17
2,416,"0.00, 1.00","0.00, 1.00",-1.25%,-1.00,17
2,417,"0.00, 1.00","0.00, 1.00",-1.26%,-1.00,16
2,418,"0.03, 0.92","0.03, 0.97",-1.24%,-0.97,16
2,419,"0.05, 0.97","0.05, 0.95",-1.24%,-0.95,16
2,420,"0.01, 1.00","0.01, 0.99",-1.30%,-0.99,16
2,421,"0.04, 0.98","0.04, 0.96",-1.28%,-0.96,16
2,422,"0.00, 1.00","0.00, 1.00",-1.35%,-1.00,15
2,423,"0.00, 1.00","0.00, 1.00",-1.37%,-1.00,15
2,424,"0.00, 0.99","0.00, 1.00",-1.39%,-1.00,15
2,425,"0.00, 0.99","0.00, 1.00",-1.41%,-1.00,15
2,426,"0.00, 0.91","0.00, 1.00",-1.43%,-1.00,14
2,427,"0.09, 0.93","0.09, 0.91",-1.32%,-0.91,14
2,428,"0.07, 1.00","0.07, 0.93",-1.37%,-0.93,14
2,429,"0.00, 1.00","0.00, 1.00",-1.49%,-1.00,14
2,430,"0.00, 0.95","0.00, 1.00",-1.52%,-1.00,14
2,431,"0.00, 0.99","0.00, 1.00",-1.54%,-1.00,13
2,432,"0.02, 1.00","0.02, 0.98",-1.53%,-0.98,13
2,433,"0.01, 1.00","0.01, 0.99",-1.56%,-0.99,13
2,434,"0.09, 0.95","0.09, 0.91",-1.47%,-0.91,13
2,435,"0.01, 1.00","0.01, 0.99",-1.62%,-0.99,13
2,436,"0.00, 0.99","0.00, 1.00",-1.67%,-1.00,12
2,437,"0.02, 0.99","0.02, 0.98",-1.66%,-0.98,12
2,438,"0.05, 1.00","0.05, 0.95",-1.64%,-0.95,12
2,439,"0.00, 0.98","0.00, 1.00",-1.75%,-1.00,12
2,440,"0.04, 0.98","0.04, 0.96",-1.72%,-0.96,12
2,441,"0.04, 1.00","0.04, 0.96",-1.75%,-0.96,11
2,442,"0.00, 0.99","0.00, 1.00",-1.85%,-1.00,11
2,443,"0.00, 1.00","0.00, 1.00",-1.89%,-1.00,11
2,444,"0.00, 1.00","0.00, 1.00",-1.92%,-1.00,11
2,445,"0.03, 0.99","0.03, 0.97",-1.90%,-0.97,11
2,446,"0.01, 1.00","0.01, 0.99",-1.97%,-0.99,10
2,447,"0.04, 0.95","0.04, 0.96",-1.96%,-0.96,10
2,448,"0.01, 1.00","0.01, 0.99",-2.06%,-0.99,10
2,449,"0.00, 1.00","0.00, 1.00",-2.13%,-1.00,10
2,450,"0.10, 1.00","0.09, 0.91",-1.97%,-0.91,10
2,451,"0.01, 1.00","0.01, 0.99",-2.20%,-0.99,9
2,452,"0.03, 1.00","0.03, 0.97",-2.20%,-0.97,9
2,453,"0.00, 1.00","0.00, 1.00",-2.33%,-1.00,9
2,454,"0.03, 1.00","0.03, 0.97",-2.31%,-0.97,9
2,455,"0.00, 1.00","0.00, 1.00",-2.44%,-1.00,9
2,456,"0.00, 0.96","0.00, 1.00",-2.50%,-1.00,8
2,457,"0.05, 1.00","0.05, 0.95",-2.44%,-0.95,8
2,458,"0.01, 1.00","0.01, 0.99",-2.61%,-0.99,8
2,459,"0.00, 1.00","0.00, 1.00",-2.70%,-1.00,8
2,460,"0.00, 0.98","0.00, 1.00",-2.78%,-1.00,7
2,461,"0.00, 0.97","0.00, 1.00",-2.86%,-1.00,7
2,462,"0.00, 0.92","0.00, 1.00",-2.94%,-1.00,7
2,463,"0.06, 0.97","0.05, 0.95",-2.87%,-0.95,7
2,464,"0.00, 1.00","0.00, 1.00",-3.12%,-1.00,7
2,465,"0.00, 0.92","0.00, 1.00",-3.22%,-1.00,6
2,466,"0.00, 1.00","0.00, 1.00",-3.33%,-1.00,6
2,467,"0.02, 1.00","0.02, 0.98",-3.38%,-0.98,6
2,468,"0.08, 0.94","0.07, 0.93",-3.31%,-0.93,6
2,469,"0.04, 0.93","0.04, 0.96",-3.57%,-0.96,6
2,470,"0.00, 1.00","0.00, 1.00",-3.84%,-1.00,5
2,471,"0.00, 0.96","0.00, 1.00",-4.00%,-1.00,5
2,472,"0.07, 0.94","0.07, 0.93",-3.88%,-0.93,5
2,473,"0.05, 0.89","0.05, 0.95",-4.14%,-0.95,5
2,474,"0.05, 1.00","0.05, 0.95",-4.34%,-0.95,5
2,475,"0.09, 1.00","0.08, 0.92",-4.37%,-0.92,4
2,476,"0.00, 0.90","0.00, 1.00",-5.00%,-1.00,4
2,477,"0.00, 0.99","0.00, 1.00",-5.26%,-1.00,4
2,478,"0.00, 1.00","0.00, 1.00",-5.56%,-1.00,4
2,479,"0.00, 1.00","0.00, 1.00",-5.88%,-1.00,3
2,480,"0.00, 0.97","0.00, 1.00",-6.25%,-1.00,3
2,481,"0.01, 0.99","0.01, 0.99",-6.62%,-0.99,3
2,482,"0.07, 1.00","0.06, 0.94",-6.69%,-0.94,3
2,483,"0.00, 0.97","0.00, 1.00",-7.69%,-1.00,3
2,484,"0.00, 0.93","0.00, 1.00",-8.33%,-1.00,2
2,485,"0.00, 1.00","0.00, 1.00",-9.09%,-1.00,2
2,486,"0.00, 1.00","0.00, 1.00",-10.00%,-1.00,2
2,487,"0.00, 0.99","0.00, 1.00",-11.11%,-1.00,2
2,488,"0.00, 0.95","0.00, 1.00",-12.50%,-1.00,2
2,489,"0.08, 1.00","0.07, 0.93",-13.28%,-0.93,1
2,490,"0.05, 0.95","0.05, 0.95",-15.80%,-0.95,1
2,491,"0.00, 0.91","0.00, 1.00",-20.00%,-1.00,1
2,492,"0.00, 1.00","0.00, 1.00",-25.00%,-1.00,1
2,493,"0.04, 1.00","0.04, 0.96",-32.02%,-0.96,0
2,494,"0.00, 0.95","0.00, 1.00",-50.00%,-1.00,0
3,1,"0.50, 0.50","0.50, 0.50",-0.10%,-0.50,100
3,2,"0.02, 1.00","0.02, 0.98",-0.20%,-0.98,100
3,3,"0.00, 1.00","0.00, 1.00",-0.20%,-1.00,99
3,4,"0.00, 0.91","0.00, 1.00",-0.20%,-1.00,99
3,5,"0.01, 0.96","0.01, 0.99",-0.20%,-0.99,99
3,6,"0.06, 0.97","0.06, 0.94",-0.19%,-0.94,99
3,7,"0.05, 0.91","0.06, 0.94",-0.19%,-0.94,99
3,8,"0.07, 1.00","0.06, 0.94",-0.19%,-0.94,99
3,9,"0.05, 0.93","0.05, 0.95",-0.20%,-0.95,98
3,10,"0.00, 0.99","0.00, 1.00",-0.21%,-1.00,98
3,11,"0.00, 1.00","0.00, 1.00",-0.21%,-1.00,98
3,12,"0.00, 1.00","0.00, 1.00",-0.21%,-1.00,98
3,13,"0.00, 0.97","0.00, 1.00",-0.21%,-1.00,98
3,14,"0.00, 1.00","0.00, 1.00",-0.21%,-1.00,97
3,15,"0.05, 0.96","0.05, 0.95",-0.20%,-0.95,97
3,16,"0.00, 1.00","0.00, 1.00",-0.21%,-1.00,97
3,17,"0.00, 0.99","0.00, 1.00",-0.21%,-1.00,97
3,18,"0.01, 1.00","0.01, 0.99",-0.21%,-0.99,97
3,19,"0.05, 1.00","0.05, 0.95",-0.20%,-0.95,96
3,20,"0.00, 1.00","0.00, 1.00",-0.21%,-1.00,96
3,21,"0.03, 1.00","0.03, 0.97",-0.20%,-0.97,96
3,22,"0.01, 0.99","0.01, 0.99",-0.21%,-0.99,96
3,23,"0.07, 1.00","0.07, 0.93",-0.20%,-0.93,96
3,24,"0.00, 1.00","0.00, 1.00",-0.21%,-1.00,95
3,25,"0.06, 0.95","0.06, 0.94",-0.20%,-0.94,95
3,26,"0.03, 1.00","0.03, 0.97",-0.21%,-0.97,95
3,27,"0.03, 1.00","0.03, 0.97",-0.21%,-0.97,95
3,28,"0.07, 1.00","0.07, 0.93",-0.20%,-0.93,95
3,29,"0.03, 1.00","0.03, 0.97",-0.21%,-0.97,94
3,30,"0.04, 1.00","0.04, 0.96",-0.21%,-0.96,94
3,31,"0.00, 0.97","0.00, 1.00",-0.22%,-1.00,94
3,32,"0.00, 0.89","0.00, 1.00",-0.21%,-1.00,94
3,33,"0.00, 0.92","0.00, 1.00",-0.22%,-1.00,94
3,34,"0.01, 0.95","0.01, 0.99",-0.21%,-0.99,93
3,35,"0.00, 0.93","0.00, 1.00",-0.22%,-1.00,93
3,36,"0.00, 0.93","0.00, 1.00",-0.22%,-1.00,93
3,37,"0.05, 1.00","0.05, 0.95",-0.21%,-0.95,93
3,38,"0.00, 0.96","0.00, 1.00",-0.22%,-1.00,93
3,39,"0.00, 0.99","0.00, 1.00",-0.22%,-1.00,92
3,40,"0.00, 0.98","0.00, 1.00",-0.22%,-1.00,92
3,41,"0.01, 1.00","0.01, 0.99",-0.22%,-0.99,92
3,42,"0.02, 0.94","0.02, 0.98",-0.22%,-0.98,92
3,43,"0.00, 1.00","0.00, 1.00",-0.22%,-1.00,92
3,44,"0.01, 1.00","0.01, 0.99",-0.22%,-0.99,91
3,45,"0.00, 1.00","0.00, 1.00",-0.22%,-1.00,91
3,46,"0.05, 0.97","0.04, 0.96",-0.21%,-0.96,91
3,47,"0.02, 1.00","0.02, 0.98",-0.22%,-0.98,91
3,48,"0.00, 1.00","0.00, 1.00",-0.22%,-1.00,91
3,49,"0.04, 1.00","0.04, 0.96",-0.21%,-0.96,90
3,50,"0.04, 1.00","0.04, 0.96",-0.21%,-0.96,90
3,51,"0.04, 1.00","0.04, 0.96",-0.22%,-0.96,90
3,52,"0.00, 0.99","0.00, 1.00",-0.23%,-1.00,90
3,53,"0.02, 1.00","0.02, 0.98",-0.22%,-0.98,90
3,54,"0.00, 0.97","0.00, 1.00",-0.23%,-1.00,89
3,55,"0.00, 1.00","0.00, 1.00",-0.23%,-1.00,89
3,56,"0.00, 1.00","0.00, 1.00",-0.23%,-1.00,89
3,57,"0.00, 0.89","0.00, 1.00",-0.23%,-1.00,89
3,58,"0.00, 1.00","0.00, 1.00",-0.23%,-1.00,89
3,59,"0.00, 1.00","0.00, 1.00",-0.23%,-1.00,88
3,60,"0.00, 1.00","0.00, 1.00",-0.23%,-1.00,88
3,61,"0.02, 1.00","0.01, 0.99",-0.23%,-0.99,88
3,62,"0.00, 0.92","0.00, 1.00",-0.23%,-1.00,88
3,63,"0.02, 1.00","0.02, 0.98",-0.23%,-0.98,88
3,64,"0.09, 0.95","0.09, 0.91",-0.21%,-0.91,87
3,65,"0.02, 0.92","0.02, 0.98",-0.23%,-0.98,87
3,66,"0.01, 0.95","0.01, 0.99",-0.23%,-0.99,87
3,67,"0.00, 0.90","0.00, 1.00",-0.23%,-1.00,87
3,68,"0.00, 0.99","0.00, 1.00",-0.23%,-1.00,87
3,69,"0.00, 0.98","0.00, 1.00",-0.23%,-1.00,86
3,70,"0.00, 1.00","0.00, 1.00",-0.23%,-1.00,86
3,71,"0.03, 0.98","0.03, 0.97",-0.23%,-0.97,86
3,72,"0.00, 0.98","0.00, 1.00",-0.24%,-1.00,86
3,73,"0.09, 1.00","0.08, 0.92",-0.22%,-0.92,86
3,74,"0.00, 1.00","0.00, 1.00",-0.24%,-1.00,85
3,75,"0.00, 1.00","0.00, 1.00",-0.24%,-1.00,85
3,76,"0.00, 0.91","0.00, 1.00",-0.24%,-1.00,85
3,77,"0.00, 0.98","0.00, 1.00",-0.24%,-1.00,85
3,78,"0.08, 0.97","0.08, 0.92",-0.22%,-0.92,85
3,79,"0.00, 1.00","0.00, 1.00",-0.24%,-1.00,84
3,80,"0.00, 1.00","0.00, 1.00",-0.24%,-1.00,84
3,81,"0.04, 1.00","0.04, 0.96",-0.23%,-0.96,84
3,82,"0.00, 1.00","0.00, 1.00",-0.24%,-1.00,84
3,83,"0.02, 0.99","0.02, 0.98",-0.24%,-0.98,84
3,84,"0.00, 0.96","0.00, 1.00",-0.24%,-1.00,83
3,85,"0.02, 0.94","0.02, 0.98",-0.24%,-0.98,83
3,86,"0.09, 1.00","0.09, 0.91",-0.22%,-0.91,83
3,87,"0.05, 0.99","0.05, 0.95",-0.23%,-0.95,83
3,88,"0.00, 0.97","0.00, 1.00",-0.24%,-1.00,83
3,89,"0.00, 1.00","0.00, 1.00",-0.25%,-1.00,82
3,90,"0.00, 0.98","0.00, 1.00",-0.25%,-1.00,82
3,91,"0.00, 1.00","0.00, 1.00",-0.25%,-1.00,82
3,92,"0.00, 0.95","0.00, 1.00",-0.25%,-1.00,82
3,93,"0.00, 1.00","0.00, 1.00",-0.25%,-1.00,82
3,94,"0.00, 0.95","0.00, 1.00",-0.25%,-1.00,81
3,95,"0.00, 0.93","0.00, 1.00",-0.25%,-1.00,81
3,96,"0.03, 0.94","0.03, 0.97",-0.24%,-0.97,81
3,97,"0.06, 0.97","0.06, 0.94",-0.24%,-0.94,81
3,98,"0.01, 1.00","0.01, 0.99",-0.25%,-0.99,81
3,99,"0.06, 0.96","0.06, 0.94",-0.24%,-0.94,80
3,100,"0.14, 0.95","0.12, 0.88",-0.22%,-0.88,80
3,101,"0.06, 0.96","0.06, 0.94",-0.24%,-0.94,80
3,102,"0.00, 1.00","0.00, 1.00",-0.25%,-1.00,80
3,103,"0.00, 0.97","0.00, 1.00",-0.25%,-1.00,80
3,104,"0.04, 1.00","0.04, 0.96",-0.25%,-0.96,79
3,105,"0.00, 0.97","0.00, 1.00",-0.26%,-1.00,79
3,106,"0.01, 1.00","0.01, 0.99",-0.25%,-0.99,79
3,107,"0.00, 1.00","0.00, 1.00",-0.26%,-1.00,79
3,108,"0.02, 1.00","0.02, 0.98",-0.25%,-0.98,79
3,109,"0.00, 1.00","0.00, 1.00",-0.26%,-1.00,78
3,110,"0.06, 0.97","0.06, 0.94",-0.24%,-0.94,78
3,111,"0.00, 1.00","0.00, 1.00",-0.26%,-1.00,78
3,112,"0.03, 0.97","0.03, 0.97",-0.25%,-0.97,78
3,113,"0.00, 1.00","0.00, 1.00",-0.26%,-1.00,78
3,114,"0.00, 1.00","0.00, 1.00",-0.26%,-1.00,77
3,115,"0.00, 0.99","0.00, 1.00",-0.26%,-1.00,77
3,116,"0.01, 1.00","0.01, 0.99",-0.26%,-0.99,77
3,117,"0.00, 1.00","0.00, 1.00",-0.26%,-1.00,77
3,118,"0.00, 1.00","0.00, 1.00",-0.26%,-1.00,77
3,119,"0.09, 1.00","0.08, 0.92",-0.24%,-0.92,76
3,120,"0.02, 0.96","0.02, 0.98",-0.26%,-0.98,76
3,121,"0.05, 0.98","0.05, 0.95",-0.25%,-0.95,76
3,122,"0.00, 1.00","0.00, 1.00",-0.27%,-1.00,76
3,123,"0.02, 1.00","0.02, 0.98",-0.26%,-0.98,76
3,124,"0.00, 1.00","0.00, 1.00",-0.27%,-1.00,75
3,125,"0.00, 1.00","0.00, 1.00",-0.27%,-1.00,75
3,126,"0.00, 1.00","0.00, 1.00",-0.27%,-1.00,75
3,127,"0.00, 1.00","0.00, 1.00",-0.27%,-1.00,75
3,128,"0.13, 0.97","0.12, 0.88",-0.24%,-0.88,75
3,129,"0.05, 1.00","0.05, 0.95",-0.26%,-0.95,74
3,130,"0.00, 0.96","0.00, 1.00",-0.27%,-1.00,74
3,131,"0.00, 0.95","0.00, 1.00",-0.27%,-1.00,74
3,132,"0.00, 0.98","0.00, 1.00",-0.27%,-1.00,74
3,133,"0.00, 1.00","0.00, 1.00",-0.28%,-1.00,74
3,134,"0.06, 0.90","0.06, 0.94",-0.26%,-0.94,73
3,135,"0.00, 0.95","0.00, 1.00",-0.28%,-1.00,73
3,136,"0.04, 1.00","0.04, 0.96",-0.27%,-0.96,73
3,137,"0.00, 1.00","0.00, 1.00",-0.28%,-1.00,73
3,138,"0.00, 1.00","0.00, 1.00",-0.28%,-1.00,73
3,139,"0.00, 0.97","0.00, 1.00",-0.28%,-1.00,72
3,140,"0.00, 1.00","0.00, 1.00",-0.28%,-1.00,72
3,141,"0.10, 1.00","0.09, 0.91",-0.26%,-0.91,72
3,142,"0.02, 0.96","0.02, 0.98",-0.28%,-0.98,72
3,143,"0.00, 0.97","0.00, 1.00",-0.28%,-1.00,72
3,144,"0.03, 1.00","0.03, 0.97",-0.28%,-0.97,71
3,145,"0.00, 1.00","0.00, 1.00",-0.28%,-1.00,71
3,146,"0.00, 1.00","0.00, 1.00",-0.29%,-1.00,71
3,147,"0.10, 0.94","0.10, 0.90",-0.26%,-0.90,71
3,148,"0.00, 1.00","0.00, 1.00",-0.29%,-1.00,71
3,149,"0.00, 0.99","0.00, 1.00",-0.29%,-1.00,70
3,150,"0.01, 0.98","0.01, 0.99",-0.29%,-0.99,70
3,151,"0.09, 0.98","0.08, 0.92",-0.27%,-0.92,70
3,152,"0.04, 1.00","0.04, 0.96",-0.28%,-0.96,70
3,153,"0.01, 0.97","0.01, 0.99",-0.29%,-0.99,70
3,154,"0.03, 0.93","0.04, 0.96",-0.28%,-0.96,69
3,155,"0.10, 0.94","0.10, 0.90",-0.27%,-0.90,69
3,156,"0.04, 1.00","0.04, 0.96",-0.28%,-0.96,69
3,157,"0.00, 1.00","0.00, 1.00",-0.29%,-1.00,69
3,158,"0.01, 1.00","0.01, 0.99",-0.29%,-0.99,69
3,159,"0.00, 1.00","0.00, 1.00",-0.30%,-1.00,68
3,160,"0.08, 1.00","0.08, 0.92",-0.27%,-0.92,68
3,161,"0.09, 1.00","0.08, 0.92",-0.27%,-0.92,68
3,162,"0.03, 1.00","0.03, 0.97",-0.29%,-0.97,68
3,163,"0.00, 0.98","0.00, 1.00",-0.30%,-1.00,68
3,164,"0.01, 0.94","0.01, 0.99",-0.30%,-0.99,67
3,165,"0.04, 1.00","0.04, 0.96",-0.29%,-0.96,67
3,166,"0.00, 0.98","0.00, 1.00",-0.30%,-1.00,67
3,167,"0.07, 1.00","0.07, 0.93",-0.28%,-0.93,67
3,168,"0.07, 1.00","0.06, 0.94",-0.29%,-0.94,67
3,169,"0.00, 0.96","0.00, 1.00",-0.31%,-1.00,67
3,170,"0.00, 0.96","0.00, 1.00",-0.31%,-1.00,66
3,171,"0.00, 0.97","0.00, 1.00",-0.31%,-1.00,66
3,172,"0.00, 1.00","0.00, 1.00",-0.31%,-1.00,66
3,173,"0.00, 0.95","0.00, 1.00",-0.31%,-1.00,66
3,174,"0.00, 0.93","0.00, 1.00",-0.31%,-1.00,65
3,175,"0.00, 0.95","0.00, 1.00",-0.31%,-1.00,65
3,176,"0.02, 1.00","0.02, 0.98",-0.31%,-0.98,65
3,177,"0.00, 0.98","0.00, 1.00",-0.31%,-1.00,65
3,178,"0.08, 0.94","0.08, 0.92",-0.29%,-0.92,65
3,179,"0.00, 1.00","0.00, 1.00",-0.32%,-1.00,64
3,180,"0.00, 1.00","0.00, 1.00",-0.32%,-1.00,64
3,181,"0.00, 1.00","0.00, 1.00",-0.32%,-1.00,64
3,182,"0.00, 1.00","0.00, 1.00",-0.32%,-1.00,64
3,183,"0.00, 1.00","0.00, 1.00",-0.32%,-1.00,64
3,184,"0.04, 0.93","0.05, 0.95",-0.31%,-0.95,63
3,185,"0.00, 0.98","0.00, 1.00",-0.32%,-1.00,63
3,186,"0.00, 0.94","0.00, 1.00",-0.32%,-1.00,63
3,187,"0.08, 1.00","0.07, 0.93",-0.30%,-0.93,63
3,188,"0.00, 1.00","0.00, 1.00",-0.32%,-1.00,63
3,189,"0.09, 1.00","0.08, 0.92",-0.30%,-0.92,62
3,190,"0.04, 0.95","0.04, 0.96",-0.31%,-0.96,62
3,191,"0.00, 0.98","0.00, 1.00",-0.33%,-1.00,62
3,192,"0.03, 0.95","0.03, 0.97",-0.32%,-0.97,62
3,193,"0.00, 0.97","0.00, 1.00",-0.33%,-1.00,62
3,194,"0.03, 0.99","0.03, 0.97",-0.32%,-0.97,61
3,195,"0.05, 1.00","0.04, 0.96",-0.32%,-0.96,61
3,196,"0.03, 1.00","0.03, 0.97",-0.32%,-0.97,61
3,197,"0.05, 1.00","0.05, 0.95",-0.32%,-0.95,61
3,198,"0.00, 1.00","0.00, 1.00",-0.34%,-1.00,61
3,199,"0.05, 1.00","0.04, 0.96",-0.32%,-0.96,61
3,200,"0.01, 1.00","0.01, 0.99",-0.33%,-0.99,60
3,201,"0.06, 0.99","0.05, 0.95",-0.32%,-0.95,60
3,202,"0.00, 1.00","0.00, 1.00",-0.34%,-1.00,60
3,203,"0.00, 0.98","0.00, 1.00",-0.34%,-1.00,60
3,204,"0.00, 1.00","0.00, 1.00",-0.34%,-1.00,59
3,205,"0.01, 1.00","0.01, 0.99",-0.34%,-0.99,59
3,206,"0.00, 0.94","0.00, 1.00",-0.34%,-1.00,59
3,207,"0.00, 1.00","0.00, 1.00",-0.35%,-1.00,59
3,208,"0.00, 0.98","0.00, 1.00",-0.35%,-1.00,59
3,209,"0.04, 0.96","0.04, 0.96",-0.33%,-0.96,58
3,210,"0.00, 0.98","0.00, 1.00",-0.35%,-1.00,58
3,211,"0.00, 1.00","0.00, 1.00",-0.35%,-1.00,58
3,212,"0.06, 0.89","0.06, 0.94",-0.33%,-0.94,58
3,213,"0.00, 0.98","0.00, 1.00",-0.35%,-1.00,58
3,214,"0.00, 0.99","0.00, 1.00",-0.35%,-1.00,57
3,215,"0.00, 1.00","0.00, 1.00",-0.36%,-1.00,57
3,216,"0.00, 0.94","0.00, 1.00",-0.36%,-1.00,57
3,217,"0.00, 1.00","0.00, 1.00",-0.36%,-1.00,57
3,218,"0.00, 1.00","0.00, 1.00",-0.36%,-1.00,57
3,219,"0.03, 0.98","0.03, 0.97",-0.35%,-0.97,56
3,220,"0.01, 1.00","0.01, 0.99",-0.36%,-0.99,56
3,221,"0.02, 1.00","0.02, 0.98",-0.36%,-0.98,56
3,222,"0.01, 0.98","0.01, 0.99",-0.36%,-0.99,56
3,223,"0.02, 1.00","0.02, 0.98",-0.36%,-0.98,56
3,224,"0.07, 1.00","0.07, 0.93",-0.34%,-0.93,55
3,225,"0.06, 0.99","0.06, 0.94",-0.35%,-0.94,55
3,226,"0.06, 1.00","0.06, 0.94",-0.35%,-0.94,55
3,227,"0.00, 0.99","0.00, 1.00",-0.37%,-1.00,55
3,228,"0.11, 0.98","0.10, 0.90",-0.34%,-0.90,55
3,229,"0.00, 0.99","0.00, 1.00",-0.37%,-1.00,54
3,230,"0.00, 1.00","0.00, 1.00",-0.38%,-1.00,54
3,231,"0.08, 1.00","0.07, 0.93",-0.35%,-0.93,54
3,232,"0.05, 1.00","0.05, 0.95",-0.36%,-0.95,54
3,233,"0.00, 0.96","0.00, 1.00",-0.38%,-1.00,54
3,234,"0.02, 0.98","0.02, 0.98",-0.37%,-0.98,53
3,235,"0.00, 1.00","0.00, 1.00",-0.38%,-1.00,53
3,236,"0.00, 1.00","0.00, 1.00",-0.38%,-1.00,53
3,237,"0.09, 1.00","0.08, 0.92",-0.36%,-0.92,53
3,238,"0.00, 1.00","0.00, 1.00",-0.39%,-1.00,53
3,239,"0.00, 1.00","0.00, 1.00",-0.39%,-1.00,52
3,240,"0.01, 0.99","0.01, 0.99",-0.38%,-0.99,52
3,241,"0.06, 0.99","0.05, 0.95",-0.37%,-0.95,52
3,242,"0.00, 1.00","0.00, 1.00",-0.39%,-1.00,52
3,243,"0.00, 0.91","0.00, 1.00",-0.40%,-1.00,52
3,244,"0.00, 1.00","0.00, 1.00",-0.40%,-1.00,51
3,245,"0.00, 1.00","0.00, 1.00",-0.40%,-1.00,51
3,246,"0.03, 0.96","0.03, 0.97",-0.39%,-0.97,51
3,247,"0.00, 0.96","0.00, 1.00",-0.40%,-1.00,51
3,248,"0.00, 0.93","0.00, 1.00",-0.40%,-1.00,51
3,249,"0.02, 1.00","0.02, 0.98",-0.40%,-0.98,50
3,250,"0.06, 1.00","0.06, 0.94",-0.38%,-0.94,50
3,251,"0.00, 0.99","0.00, 1.00",-0.41%,-1.00,50
3,252,"0.01, 0.99","0.01, 0.99",-0.41%,-0.99,50
3,253,"0.00, 1.00","0.00, 1.00",-0.41%,-1.00,50
3,254,"0.00, 0.87","0.00, 1.00",-0.41%,-1.00,49
3,255,"0.06, 1.00","0.06, 0.94",-0.39%,-0.94,49
3,256,"0.03, 0.96","0.03, 0.97",-0.41%,-0.97,49
3,257,"0.00, 0.98","0.00, 1.00",-0.42%,-1.00,49
3,258,"0.00, 0.96","0.00, 1.00",-0.42%,-1.00,49
3,259,"0.00, 0.97","0.00, 1.00",-0.42%,-1.00,48
3,260,"0.00, 1.00","0.00, 1.00",-0.42%,-1.00,48
3,261,"0.01, 1.00","0.01, 0.99",-0.42%,-0.99,48
3,262,"0.00, 0.99","0.00, 1.00",-0.43%,-1.00,48
3,263,"0.05, 1.00","0.04, 0.96",-0.41%,-0.96,48
3,264,"0.00, 1.00","0.00, 1.00",-0.43%,-1.00,47
3,265,"0.00, 1.00","0.00, 1.00",-0.43%,-1.00,47
3,266,"0.00, 0.99","0.00, 1.00",-0.43%,-1.00,47
3,267,"0.00, 0.95","0.00, 1.00",-0.44%,-1.00,47
3,268,"0.00, 0.96","0.00, 1.00",-0.44%,-1.00,47
3,269,"0.00, 1.00","0.00, 1.00",-0.44%,-1.00,46
3,270,"0.00, 0.99","0.00, 1.00",-0.44%,-1.00,46
3,271,"0.04, 1.00","0.04, 0.96",-0.43%,-0.96,46
3,272,"0.00, 1.00","0.00, 1.00",-0.45%,-1.00,46
3,273,"0.01, 1.00","0.01, 0.99",-0.44%,-0.99,46
3,274,"0.00, 1.00","0.00, 1.00",-0.45%,-1.00,45
3,275,"0.01, 0.94","0.01, 0.99",-0.45%,-0.99,45
3,276,"0.00, 1.00","0.00, 1.00",-0.45%,-1.00,45
3,277,"0.00, 1.00","0.00, 1.00",-0.46%,-1.00,45
3,278,"0.00, 0.98","0.00, 1.00",-0.46%,-1.00,45
3,279,"0.06, 0.93","0.06, 0.94",-0.43%,-0.94,44
3,280,"0.00, 0.98","0.00, 1.00",-0.46%,-1.00,44
3,281,"0.08, 0.95","0.08, 0.92",-0.43%,-0.92,44
3,282,"0.03, 1.00","0.03, 0.97",-0.45%,-0.97,44
3,283,"0.04, 1.00","0.04, 0.96",-0.45%,-0.96,44
3,284,"0.00, 0.99","0.00, 1.00",-0.47%,-1.00,43
3,285,"0.00, 0.93","0.00, 1.00",-0.47%,-1.00,43
3,286,"0.02, 1.00","0.02, 0.98",-0.47%,-0.98,43
3,287,"0.04, 0.98","0.04, 0.96",-0.46%,-0.96,43
3,288,"0.00, 0.91","0.00, 1.00",-0.48%,-1.00,43
3,289,"0.00, 1.00","0.00, 1.00",-0.48%,-1.00,42
3,290,"0.02, 0.99","0.02, 0.98",-0.48%,-0.98,42
3,291,"0.02, 0.97","0.02, 0.98",-0.48%,-0.98,42
3,292,"0.00, 1.00","0.00, 1.00",-0.49%,-1.00,42
3,293,"0.00, 1.00","0.00, 1.00",-0.49%,-1.00,42
3,294,"0.00, 0.94","0.00, 1.00",-0.50%,-1.00,41
3,295,"0.06, 0.98","0.06, 0.94",-0.47%,-0.94,41
3,296,"0.00, 1.00","0.00, 1.00",-0.50%,-1.00,41
3,297,"0.00, 0.98","0.00, 1.00",-0.50%,-1.00,41
3,298,"0.02, 1.00","0.02, 0.98",-0.49%,-0.98,41
3,299,"0.00, 1.00","0.00, 1.00",-0.51%,-1.00,40
3,300,"0.00, 1.00","0.00, 1.00",-0.51%,-1.00,40
3,301,"0.00, 1.00","0.00, 1.00",-0.51%,-1.00,40
3,302,"0.00, 1.00","0.00, 1.00",-0.52%,-1.00,40
3,303,"0.00, 1.00","0.00, 1.00",-0.52%,-1.00,39
3,304,"0.01, 0.98","0.01, 0.99",-0.51%,-0.99,39
3,305,"0.02, 1.00","0.02, 0.98",-0.51%,-0.98,39
3,306,"0.04, 0.94","0.04, 0.96",-0.50%,-0.96,39
3,307,"0.00, 1.00","0.00, 1.00",-0.53%,-1.00,39
3,308,"0.00, 1.00","0.00, 1.00",-0.53%,-1.00,38
3,309,"0.00, 1.00","0.00, 1.00",-0.53%,-1.00,38
3,310,"0.00, 1.00","0.00, 1.00",-0.54%,-1.00,38
3,311,"0.10, 1.00","0.09, 0.91",-0.49%,-0.91,38
3,312,"0.07, 1.00","0.07, 0.93",-0.51%,-0.93,38
3,313,"0.00, 0.92","0.00, 1.00",-0.55%,-1.00,37
3,314,"0.02, 1.00","0.02, 0.98",-0.54%,-0.98,37
3,315,"0.00, 1.00","0.00, 1.00",-0.55%,-1.00,37
3,316,"0.00, 0.98","0.00, 1.00",-0.56%,-1.00,37
3,317,"0.06, 0.97","0.06, 0.94",-0.52%,-0.94,37
3,318,"0.00, 1.00","0.00, 1.00",-0.56%,-1.00,36
3,319,"0.00, 0.97","0.00, 1.00",-0.56%,-1.00,36
3,320,"0.06, 0.97","0.05, 0.95",-0.54%,-0.95,36
3,321,"0.00, 1.00","0.00, 1.00",-0.57%,-1.00,36
3,322,"0.08, 1.00","0.07, 0.93",-0.53%,-0.93,36
3,323,"0.00, 1.00","0.00, 1.00",-0.58%,-1.00,35
3,324,"0.00, 1.00","0.00, 1.00",-0.58%,-1.00,35
3,325,"0.01, 0.95","0.01, 0.99",-0.58%,-0.99,35
3,326,"0.03, 1.00","0.03, 0.97",-0.57%,-0.97,35
3,327,"0.00, 0.95","0.00, 1.00",-0.59%,-1.00,35
3,328,"0.00, 0.99","0.00, 1.00",-0.60%,-1.00,34
3,329,"0.01, 0.98","0.01, 0.99",-0.59%,-0.99,34
3,330,"0.07, 1.00","0.07, 0.93",-0.56%,-0.93,34
3,331,"0.00, 0.96","0.00, 1.00",-0.61%,-1.00,34
3,332,"0.00, 0.98","0.00, 1.00",-0.61%,-1.00,34
3,333,"0.04, 0.96","0.04, 0.96",-0.59%,-0.96,33
3,334,"0.00, 0.88","0.00, 1.00",-0.62%,-1.00,33
3,335,"0.01, 1.00","0.01, 0.99",-0.61%,-0.99,33
3,336,"0.00, 1.00","0.00, 1.00",-0.62%,-1.00,33
3,337,"0.00, 1.00","0.00, 1.00",-0.63%,-1.00,33
3,338,"0.02, 1.00","0.02, 0.98",-0.62%,-0.98,32
3,339,"0.00, 0.98","0.00, 1.00",-0.64%,-1.00,32
3,340,"0.00, 1.00","0.00, 1.00",-0.64%,-1.00,32
3,341,"0.00, 0.96","0.00, 1.00",-0.65%,-1.00,32
3,342,"0.00, 1.00","0.00, 1.00",-0.65%,-1.00,32
3,343,"0.09, 0.94","0.08, 0.92",-0.60%,-0.92,31
3,344,"0.00, 1.00","0.00, 1.00",-0.66%,-1.00,31
3,345,"0.02, 1.00","0.02, 0.98",-0.65%,-0.98,31
3,346,"0.03, 0.99","0.03, 0.97",-0.65%,-0.97,31
3,347,"0.00, 1.00","0.00, 1.00",-0.67%,-1.00,31
3,348,"0.08, 0.91","0.08, 0.92",-0.62%,-0.92,30
3,349,"0.00, 0.95","0.00, 1.00",-0.68%,-1.00,30
3,350,"0.10, 1.00","0.09, 0.91",-0.62%,-0.91,30
3,351,"0.08, 0.95","0.08, 0.92",-0.63%,-0.92,30
3,352,"0.01, 1.00","0.01, 0.99",-0.69%,-0.99,30
3,353,"0.04, 1.00","0.04, 0.96",-0.67%,-0.96,29
3,354,"0.05, 0.99","0.05, 0.95",-0.67%,-0.95,29
3,355,"0.00, 0.94","0.00, 1.00",-0.71%,-1.00,29
3,356,"0.00, 1.00","0.00, 1.00",-0.71%,-1.00,29
3,357,"0.05, 1.00","0.05, 0.95",-0.68%,-0.95,29
3,358,"0.00, 0.93","0.00, 1.00",-0.72%,-1.00,28
3,359,"0.00, 0.93","0.00, 1.00",-0.73%,-1.00,28
3,360,"0.00, 0.97","0.00, 1.00",-0.74%,-1.00,28
3,361,"0.00, 1.00","0.00, 1.00",-0.74%,-1.00,28
3,362,"0.02, 0.92","0.02, 0.98",-0.73%,-0.98,28
3,363,"0.00, 0.95","0.00, 1.00",-0.75%,-1.00,27
3,364,"0.00, 0.99","0.00, 1.00",-0.76%,-1.00,27
3,365,"0.00, 1.00","0.00, 1.00",-0.76%,-1.00,27
3,366,"0.04, 1.00","0.04, 0.96",-0.74%,-0.96,27
3,367,"0.01, 0.90","0.01, 0.99",-0.77%,-0.99,27
3,368,"0.00, 1.00","0.00, 1.00",-0.78%,-1.00,26
3,369,"0.00, 1.00","0.00, 1.00",-0.79%,-1.00,26
3,370,"0.07, 0.99","0.07, 0.93",-0.74%,-0.93,26
3,371,"0.06, 0.94","0.06, 0.94",-0.75%,-0.94,26
3,372,"0.00, 0.93","0.00, 1.00",-0.81%,-1.00,26
3,373,"0.00, 0.97","0.00, 1.00",-0.81%,-1.00,25
3,374,"0.00, 1.00","0.00, 1.00",-0.82%,-1.00,25
3,375,"0.01, 1.00","0.01, 0.99",-0.82%,-0.99,25
3,376,"0.00, 1.00","0.00, 1.00",-0.83%,-1.00,25
3,377,"0.00, 0.96","0.00, 1.00",-0.84%,-1.00,24
3,378,"0.00, 1.00","0.00, 1.00",-0.85%,-1.00,24
3,379,"0.00, 0.99","0.00, 1.00",-0.85%,-1.00,24
3,380,"0.06, 1.00","0.06, 0.94",-0.81%,-0.94,24
3,381,"0.00, 0.91","0.00, 1.00",-0.87%,-1.00,24
3,382,"0.00, 1.00","0.00, 1.00",-0.88%,-1.00,23
3,383,"0.03, 1.00","0.03, 0.97",-0.86%,-0.97,23
3,384,"0.07, 0.96","0.07, 0.93",-0.83%,-0.93,23
3,385,"0.00, 1.00","0.00, 1.00",-0.90%,-1.00,23
3,386,"0.07, 1.00","0.07, 0.93",-0.85%,-0.93,23
3,387,"0.02, 0.91","0.02, 0.98",-0.90%,-0.98,22
3,388,"0.00, 0.98","0.00, 1.00",-0.93%,-1.00,22
3,389,"0.03, 0.97","0.03, 0.97",-0.91%,-0.97,22
3,390,"0.04, 0.99","0.04, 0.96",-0.91%,-0.96,22
3,391,"0.00, 0.93","0.00, 1.00",-0.95%,-1.00,22
3,392,"0.07, 0.94","0.07, 0.93",-0.89%,-0.93,21
3,393,"0.07, 0.99","0.07, 0.93",-0.90%,-0.93,21
3,394,"0.00, 1.00","0.00, 1.00",-0.98%,-1.00,21
3,395,"0.03, 1.00","0.03, 0.97",-0.97%,-0.97,21
3,396,"0.02, 0.98","0.02, 0.98",-0.98%,-0.98,21
3,397,"0.11, 0.93","0.11, 0.89",-0.90%,-0.89,20
3,398,"0.00, 0.93","0.00, 1.00",-1.02%,-1.00,20
3,399,"0.02, 0.98","0.02, 0.98",-1.01%,-0.98,20
3,400,"0.00, 1.00","0.00, 1.00",-1.04%,-1.00,20
3,401,"0.05, 0.96","0.05, 0.95",-1.00%,-0.95,20
3,402,"0.00, 0.90","0.00, 1.00",-1.06%,-1.00,19
3,403,"0.00, 1.00","0.00, 1.00",-1.08%,-1.00,19
3,404,"0.00, 0.98","0.00, 1.00",-1.09%,-1.00,19
3,405,"0.00, 1.00","0.00, 1.00",-1.10%,-1.00,19
3,406,"0.00, 1.00","0.00, 1.00",-1.11%,-1.00,19
3,407,"0.02, 1.00","0.02, 0.98",-1.10%,-0.98,18
3,408,"0.00, 1.00","0.00, 1.00",-1.14%,-1.00,18
3,409,"0.03, 0.97","0.03, 0.97",-1.12%,-0.97,18
3,410,"0.00, 1.00","0.00, 1.00",-1.16%,-1.00,18
3,411,"0.00, 1.00","0.00, 1.00",-1.18%,-1.00,18
3,412,"0.10, 0.98","0.10, 0.90",-1.08%,-0.90,17
3,413,"0.00, 1.00","0.00, 1.00",-1.20%,-1.00,17
3,414,"0.00, 1.00","0.00, 1.00",-1.22%,-1.00,17
3,415,"0.04, 1.00","0.03, 0.97",-1.19%,-0.97,17
3,416,"0.00, 1.00","0.00, 1.00",-1.25%,-1.00,17
3,417,"0.00, 0.98","0.00, 1.00",-1.27%,-1.00,16
3,418,"0.03, 1.00","0.03, 0.97",-1.24%,-0.97,16
3,419,"0.05, 0.95","0.05, 0.95",-1.24%,-0.95,16
3,420,"0.00, 1.00","0.00, 1.00",-1.31%,-1.00,16
3,421,"0.06, 0.98","0.05, 0.95",-1.26%,-0.95,16
3,422,"0.00, 1.00","0.00, 1.00",-1.35%,-1.00,15
3,423,"0.00, 1.00","0.00, 1.00",-1.37%,-1.00,15
3,424,"0.03, 1.00","0.03, 0.97",-1.35%,-0.97,15
3,425,"0.05, 1.00","0.05, 0.95",-1.34%,-0.95,15
3,426,"0.00, 1.00","0.00, 1.00",-1.43%,-1.00,14
3,427,"0.00, 1.00","0.00, 1.00",-1.45%,-1.00,14
3,428,"0.00, 0.95","0.00, 1.00",-1.47%,-1.00,14
3,429,"0.02, 0.97","0.02, 0.98",-1.47%,-0.98,14
3,430,"0.06, 0.98","0.06, 0.94",-1.43%,-0.94,14
3,431,"0.01, 1.00","0.01, 0.99",-1.53%,-0.99,13
3,432,"0.00, 1.00","0.00, 1.00",-1.56%,-1.00,13
3,433,"0.08, 0.97","0.08, 0.92",-1.47%,-0.92,13
3,434,"0.05, 0.97","0.05, 0.95",-1.53%,-0.95,13
3,435,"0.01, 0.97","0.01, 0.99",-1.62%,-0.99,13
3,436,"0.01, 0.97","0.01, 0.99",-1.65%,-0.99,12
3,437,"0.00, 0.97","0.00, 1.00",-1.69%,-1.00,12
3,438,"0.00, 1.00","0.00, 1.00",-1.72%,-1.00,12
3,439,"0.05, 1.00","0.05, 0.95",-1.67%,-0.95,12
3,440,"0.00, 1.00","0.00, 1.00",-1.79%,-1.00,12
3,441,"0.00, 0.96","0.00, 1.00",-1.82%,-1.00,11
3,442,"0.00, 0.99","0.00, 1.00",-1.85%,-1.00,11
3,443,"0.00, 0.96","0.00, 1.00",-1.89%,-1.00,11
3,444,"0.01, 1.00","0.01, 0.99",-1.91%,-0.99,11
3,445,"0.00, 1.00","0.00, 1.00",-1.96%,-1.00,11
3,446,"0.01, 1.00","0.01, 0.99",-1.99%,-0.99,10
3,447,"0.00, 0.93","0.00, 1.00",-2.04%,-1.00,10
3,448,"0.00, 1.00","0.00, 1.00",-2.08%,-1.00,10
3,449,"0.07, 0.98","0.07, 0.93",-1.98%,-0.93,10
3,450,"0.01, 0.97","0.01, 0.99",-2.16%,-0.99,10
3,451,"0.00, 0.93","0.00, 1.00",-2.22%,-1.00,9
3,452,"0.00, 1.00","0.00, 1.00",-2.27%,-1.00,9
3,453,"0.06, 0.96","0.06, 0.94",-2.20%,-0.94,9
3,454,"0.05, 1.00","0.05, 0.95",-2.26%,-0.95,9
3,455,"0.00, 0.97","0.00, 1.00",-2.44%,-1.00,8
3,456,"0.13, 1.00","0.12, 0.88",-2.21%,-0.88,8
3,457,"0.00, 1.00","0.00, 1.00",-2.56%,-1.00,8
3,458,"0.00, 1.00","0.00, 1.00",-2.63%,-1.00,8
3,459,"0.03, 1.00","0.03, 0.97",-2.62%,-0.97,8
3,460,"0.01, 1.00","0.01, 0.99",-2.74%,-0.99,7
3,461,"0.00, 0.96","0.00, 1.00",-2.86%,-1.00,7
3,462,"0.00, 1.00","0.00, 1.00",-2.94%,-1.00,7
3,463,"0.05, 0.97","0.05, 0.95",-2.88%,-0.95,7
3,464,"0.12, 0.97","0.11, 0.89",-2.79%,-0.89,7
3,465,"0.04, 0.97","0.04, 0.96",-3.09%,-0.96,6
3,466,"0.05, 1.00","0.05, 0.95",-3.18%,-0.95,6
3,467,"0.00, 0.98","0.00, 1.00",-3.44%,-1.00,6
3,468,"0.00, 0.97","0.00, 1.00",-3.57%,-1.00,6
3,469,"0.00, 1.00","0.00, 1.00",-3.70%,-1.00,6
3,470,"0.00, 0.88","0.00, 1.00",-3.85%,-1.00,5
3,471,"0.02, 1.00","0.02, 0.98",-3.94%,-0.98,5
3,472,"0.05, 0.96","0.05, 0.95",-3.95%,-0.95,5
3,473,"0.00, 1.00","0.00, 1.00",-4.35%,-1.00,5
3,474,"0.00, 0.99","0.00, 1.00",-4.55%,-1.00,5
3,475,"0.00, 0.95","0.00, 1.00",-4.76%,-1.00,4
3,476,"0.10, 1.00","0.09, 0.91",-4.55%,-0.91,4
3,477,"0.00, 1.00","0.00, 1.00",-5.26%,-1.00,4
3,478,"0.03, 0.97","0.03, 0.97",-5.41%,-0.97,4
3,479,"0.07, 1.00","0.06, 0.94",-5.50%,-0.94,3
3,480,"0.01, 1.00","0.01, 0.99",-6.16%,-0.99,3
3,481,"0.00, 0.98","0.00, 1.00",-6.67%,-1.00,3
3,482,"0.00, 0.97","0.00, 1.00",-7.14%,-1.00,3
3,483,"0.09, 1.00","0.08, 0.92",-7.06%,-0.92,3
3,484,"0.00, 0.96","0.00, 1.00",-8.33%,-1.00,2
3,485,"0.00, 0.97","0.00, 1.00",-9.09%,-1.00,2
3,486,"0.00, 0.97","0.00, 1.00",-10.00%,-1.00,2
3,487,"0.00, 0.95","0.00, 1.00",-11.11%,-1.00,2
3,488,"0.00, 1.00","0.00, 1.00",-12.47%,-1.00,2
3,489,"0.00, 1.00","0.00, 1.00",-14.29%,-1.00,1
3,490,"0.00, 1.00","0.00, 1.00",-16.67%,-1.00,1
3,491,"0.01, 1.00","0.01, 0.99",-19.87%,-0.99,1
3,492,"0.00, 1.00","0.00, 1.00",-25.00%,-1.00,1
3,493,"0.15, 0.98","0.13, 0.87",-29.02%,-0.87,0
3,494,"0.00, 1.00","0.00, 1.00",-50.00%,-1.00,0
4,1,"0.50, 0.50","0.50, 0.50",-0.10%,-0.50,100
4,2,"0.00, 0.98","0.00, 1.00",-0.20%,-1.00,100
4,3,"0.06, 0.98","0.05, 0.95",-0.19%,-0.95,100
4,4,"0.00, 1.00","0.00, 1.00",-0.20%,-1.00,99
4,5,"0.00, 1.00","0.00, 1.00",-0.20%,-1.00,99
4,6,"0.00, 0.93","0.00, 1.00",-0.20%,-1.00,99
4,7,"0.03, 0.93","0.03, 0.97",-0.20%,-0.97,99
4,8,"0.04, 0.99","0.04, 0.96",-0.20%,-0.96,99
4,9,"0.00, 1.00","0.00, 1.00",-0.21%,-1.00,98
4,10,"0.00, 1.00","0.00, 1.00",-0.21%,-1.00,98
4,11,"0.00, 1.00","0.00, 1.00",-0.21%,-1.00,98
4,12,"0.04, 0.97","0.04, 0.96",-0.20%,-0.96,98
4,13,"0.00, 1.00","0.00, 1.00",-0.21%,-1.00,98
4,14,"0.00, 1.00","0.00, 1.00",-0.21%,-1.00,97
4,15,"0.00, 1.00","0.00, 1.00",-0.21%,-1.00,97
4,16,"0.00, 0.95","0.00, 1.00",-0.21%,-1.00,97
4,17,"0.02, 1.00","0.02, 0.98",-0.21%,-0.98,97
4,18,"0.00, 1.00","0.00, 1.00",-0.21%,-1.00,96
4,19,"0.01, 0.94","0.01, 0.99",-0.21%,-0.99,96
4,20,"0.04, 0.96","0.04, 0.96",-0.20%,-0.96,96
4,21,"0.06, 1.00","0.06, 0.94",-0.20%,-0.94,96
4,22,"0.02, 0.91","0.02, 0.98",-0.21%,-0.98,96
4,23,"0.00, 0.95","0.00, 1.00",-0.21%,-1.00,96
4,24,"0.10, 1.00","0.09, 0.91",-0.19%,-0.91,95
4,25,"0.00, 1.00","0.00, 1.00",-0.21%,-1.00,95
4,26,"0.00, 0.97","0.00, 1.00",-0.21%,-1.00,95
4,27,"0.00, 1.00","0.00, 1.00",-0.21%,-1.00,95
4,28,"0.00, 0.99","0.00, 1.00",-0.21%,-1.00,95
4,29,"0.00, 0.99","0.00, 1.00",-0.21%,-1.00,94
4,30,"0.02, 0.98","0.02, 0.98",-0.21%,-0.98,94
4,31,"0.04, 0.91","0.04, 0.96",-0.21%,-0.96,94
4,32,"0.10, 0.96","0.09, 0.91",-0.20%,-0.91,94
4,33,"0.02, 0.91","0.02, 0.98",-0.21%,-0.98,94
4,34,"0.00, 0.89","0.00, 1.00",-0.22%,-1.00,93
4,35,"0.01, 0.99","0.01, 0.99",-0.22%,-0.99,93
4,36,"0.00, 1.00","0.00, 1.00",-0.22%,-1.00,93
4,37,"0.03, 1.00","0.03, 0.97",-0.21%,-0.97,93
4,38,"0.04, 0.96","0.04, 0.96",-0.21%,-0.96,93
4,39,"0.04, 0.90","0.04, 0.96",-0.21%,-0.96,92
4,40,"0.00, 0.98","0.00, 1.00",-0.22%,-1.00,92
4,41,"0.00, 1.00","0.00, 1.00",-0.22%,-1.00,92
4,42,"0.00, 1.00","0.00, 1.00",-0.22%,-1.00,92
4,43,"0.00, 0.98","0.00, 1.00",-0.22%,-1.00,92
4,44,"0.00, 0.97","0.00, 1.00",-0.22%,-1.00,91
4,45,"0.00, 1.00","0.00, 1.00",-0.22%,-1.00,91
4,46,"0.02, 1.00","0.02, 0.98",-0.22%,-0.98,91
4,47,"0.07, 1.00","0.07, 0.93",-0.21%,-0.93,91
4,48,"0.00, 1.00","0.00, 1.00",-0.22%,-1.00,91
4,49,"0.08, 0.98","0.07, 0.93",-0.21%,-0.93,90
4,50,"0.01, 0.96","0.01, 0.99",-0.22%,-0.99,90
4,51,"0.05, 0.98","0.05, 0.95",-0.21%,-0.95,90
4,52,"0.03, 0.98","0.03, 0.97",-0.22%,-0.97,90
4,53,"0.00, 1.00","0.00, 1.00",-0.22%,-1.00,90
4,54,"0.01, 1.00","0.01, 0.99",-0.22%,-0.99,89
4,55,"0.07, 1.00","0.07, 0.93",-0.21%,-0.93,89
4,56,"0.00, 1.00","0.00, 1.00",-0.23%,-1.00,89
4,57,"0.01, 0.97","0.01, 0.99",-0.22%,-0.99,89
4,58,"0.04, 0.93","0.04, 0.96",-0.22%,-0.96,89
4,59,"0.00, 0.91","0.00, 1.00",-0.23%,-1.00,88
4,60,"0.00, 1.00","0.00, 1.00",-0.23%,-1.00,88
4,61,"0.00, 0.98","0.00, 1.00",-0.23%,-1.00,88
4,62,"0.01, 0.99","0.01, 0.99",-0.23%,-0.99,88
4,63,"0.02, 0.99","0.02, 0.98",-0.23%,-0.98,88
4,64,"0.08, 1.00","0.07, 0.93",-0.22%,-0.93,87
4,65,"0.00, 0.96","0.00, 1.00",-0.23%,-1.00,87
4,66,"0.00, 1.00","0.00, 1.00",-0.23%,-1.00,87
4,67,"0.03, 0.96","0.03, 0.97",-0.23%,-0.97,87
4,68,"0.03, 1.00","0.02, 0.98",-0.23%,-0.98,87
4,69,"0.00, 1.00","0.00, 1.00",-0.23%,-1.00,86
4,70,"0.03, 1.00","0.03, 0.97",-0.23%,-0.97,86
4,71,"0.04, 1.00","0.04, 0.96",-0.23%,-0.96,86
4,72,"0.00, 1.00","0.00, 1.00",-0.24%,-1.00,86
4,73,"0.08, 1.00","0.07, 0.93",-0.22%,-0.93,86
4,74,"0.02, 1.00","0.02, 0.98",-0.23%,-0.98,85
4,75,"0.07, 1.00","0.06, 0.94",-0.22%,-0.94,85
4,76,"0.00, 1.00","0.00, 1.00",-0.24%,-1.00,85
4,77,"0.00, 1.00","0.00, 1.00",-0.24%,-1.00,85
4,78,"0.00, 0.95","0.00, 1.00",-0.24%,-1.00,85
4,79,"0.00, 0.98","0.00, 1.00",-0.24%,-1.00,84
4,80,"0.00, 1.00","0.00, 1.00",-0.24%,-1.00,84
4,81,"0.00, 1.00","0.00, 1.00",-0.24%,-1.00,84
4,82,"0.06, 1.00","0.06, 0.94",-0.23%,-0.94,84
4,83,"0.00, 0.96","0.00, 1.00",-0.24%,-1.00,84
4,84,"0.02, 0.96","0.02, 0.98",-0.24%,-0.98,83
4,85,"0.09, 1.00","0.08, 0.92",-0.22%,-0.92,83
4,86,"0.00, 1.00","0.00, 1.00",-0.24%,-1.00,83
4,87,"0.04, 0.95","0.04, 0.96",-0.24%,-0.96,83
4,88,"0.01, 1.00","0.01, 0.99",-0.24%,-0.99,83
4,89,"0.00, 0.96","0.00, 1.00",-0.25%,-1.00,82
4,90,"0.12, 1.00","0.11, 0.89",-0.22%,-0.89,82
4,91,"0.00, 1.00","0.00, 1.00",-0.25%,-1.00,82
4,92,"0.00, 0.92","0.00, 1.00",-0.25%,-1.00,82
4,93,"0.00, 1.00","0.00, 1.00",-0.25%,-1.00,82
4,94,"0.00, 0.98","0.00, 1.00",-0.25%,-1.00,81
4,95,"0.00, 0.93","0.00, 1.00",-0.25%,-1.00,81
4,96,"0.03, 1.00","0.03, 0.97",-0.24%,-0.97,81
4,97,"0.05, 1.00","0.04, 0.96",-0.24%,-0.96,81
4,98,"0.01, 1.00","0.01, 0.99",-0.25%,-0.99,81
4,99,"0.04, 1.00","0.04, 0.96",-0.24%,-0.96,80
4,100,"0.10, 0.93","0.10, 0.90",-0.23%,-0.90,80
4,101,"0.01, 1.00","0.01, 0.99",-0.25%,-0.99,80
4,102,"0.02, 1.00","0.02, 0.98",-0.25%,-0.98,80
4,103,"0.00, 0.94","0.00, 1.00",-0.25%,-1.00,80
4,104,"0.07, 1.00","0.07, 0.93",-0.24%,-0.93,79
4,105,"0.00, 0.97","0.00, 1.00",-0.26%,-1.00,79
4,106,"0.00, 1.00","0.00, 1.00",-0.26%,-1.00,79
4,107,"0.00, 1.00","0.00, 1.00",-0.26%,-1.00,79
4,108,"0.00, 0.94","0.00, 1.00",-0.26%,-1.00,79
4,109,"0.00, 0.97","0.00, 1.00",-0.26%,-1.00,78
4,110,"0.01, 0.96","0.01, 0.99",-0.26%,-0.99,78
4,111,"0.01, 1.00","0.01, 0.99",-0.26%,-0.99,78
4,112,"0.00, 1.00","0.00, 1.00",-0.26%,-1.00,78
4,113,"0.00, 0.99","0.00, 1.00",-0.26%,-1.00,78
4,114,"0.00, 0.94","0.00, 1.00",-0.26%,-1.00,77
4,115,"0.00, 1.00","0.00, 1.00",-0.26%,-1.00,77
4,116,"0.00, 1.00","0.00, 1.00",-0.26%,-1.00,77
4,117,"0.00, 1.00","0.00, 1.00",-0.26%,-1.00,77
4,118,"0.03, 0.95","0.03, 0.97",-0.26%,-0.97,77
4,119,"0.00, 1.00","0.00, 1.00",-0.27%,-1.00,76
4,120,"0.10, 1.00","0.09, 0.91",-0.24%,-0.91,76
4,121,"0.08, 0.94","0.08, 0.92",-0.24%,-0.92,76
4,122,"0.00, 0.93","0.00, 1.00",-0.27%,-1.00,76
4,123,"0.00, 0.99","0.00, 1.00",-0.27%,-1.00,76
4,124,"0.02, 1.00","0.02, 0.98",-0.26%,-0.98,75
4,125,"0.01, 0.92","0.01, 0.99",-0.27%,-0.99,75
4,126,"0.00, 0.97","0.00, 1.00",-0.27%,-1.00,75
4,127,"0.03, 1.00","0.03, 0.97",-0.26%,-0.97,75
4,128,"0.00, 1.00","0.00, 1.00",-0.27%,-1.00,75
4,129,"0.05, 1.00","0.05, 0.95",-0.26%,-0.95,74
4,130,"0.01, 0.97","0.01, 0.99",-0.27%,-0.99,74
4,131,"0.07, 1.00","0.07, 0.93",-0.26%,-0.93,74
4,132,"0.04, 1.00","0.04, 0.96",-0.26%,-0.96,74
4,133,"0.03, 0.98","0.03, 0.97",-0.27%,-0.97,74
4,134,"0.03, 1.00","0.03, 0.97",-0.27%,-0.97,73
4,135,"0.00, 0.95","0.00, 1.00",-0.28%,-1.00,73
4,136,"0.00, 1.00","0.00, 1.00",-0.28%,-1.00,73
4,137,"0.05, 0.98","0.05, 0.95",-0.27%,-0.95,73
4,138,"0.06, 0.99","0.06, 0.94",-0.26%,-0.94,73
4,139,"0.01, 1.00","0.01, 0.99",-0.28%,-0.99,72
4,140,"0.00, 1.00","0.00, 1.00",-0.28%,-1.00,72
4,141,"0.13, 1.00","0.11, 0.89",-0.25%,-0.89,72
4,142,"0.00, 1.00","0.00, 1.00",-0.28%,-1.00,72
4,143,"0.00, 1.00","0.00, 1.00",-0.28%,-1.00,72
4,144,"0.09, 1.00","0.08, 0.92",-0.26%,-0.92,71
4,145,"0.00, 0.92","0.00, 1.00",-0.28%,-1.00,71
4,146,"0.00, 1.00","0.00, 1.00",-0.28%,-1.00,71
4,147,"0.00, 1.00","0.00, 1.00",-0.29%,-1.00,71
4,148,"0.00, 1.00","0.00, 1.00",-0.29%,-1.00,71
4,149,"0.04, 1.00","0.03, 0.97",-0.28%,-0.97,70
4,150,"0.00, 1.00","0.00, 1.00",-0.29%,-1.00,70
4,151,"0.02, 1.00","0.02, 0.98",-0.28%,-0.98,70
4,152,"0.00, 1.00","0.00, 1.00",-0.29%,-1.00,70
4,153,"0.00, 1.00","0.00, 1.00",-0.29%,-1.00,70
4,154,"0.00, 1.00","0.00, 1.00",-0.29%,-1.00,69
4,155,"0.00, 1.00","0.00, 1.00",-0.29%,-1.00,69
4,156,"0.06, 1.00","0.06, 0.94",-0.28%,-0.94,69
4,157,"0.00, 1.00","0.00, 1.00",-0.29%,-1.00,69
4,158,"0.00, 0.99","0.00, 1.00",-0.30%,-1.00,69
4,159,"0.00, 0.96","0.00, 1.00",-0.30%,-1.00,68
4,160,"0.01, 1.00","0.01, 0.99",-0.29%,-0.99,68
4,161,"0.00, 1.00","0.00, 1.00",-0.30%,-1.00,68
4,162,"0.00, 0.93","0.00, 1.00",-0.30%,-1.00,68
4,163,"0.00, 0.99","0.00, 1.00",-0.30%,-1.00,68
4,164,"0.00, 1.00","0.00, 1.00",-0.30%,-1.00,67
4,165,"0.04, 1.00","0.03, 0.97",-0.29%,-0.97,67
4,166,"0.00, 1.00","0.00, 1.00",-0.30%,-1.00,67
4,167,"0.00, 0.95","0.00, 1.00",-0.30%,-1.00,67
4,168,"0.05, 0.99","0.04, 0.96",-0.29%,-0.96,67
4,169,"0.00, 1.00","0.00, 1.00",-0.31%,-1.00,66
4,170,"0.04, 0.94","0.04, 0.96",-0.29%,-0.96,66
4,171,"0.00, 0.98","0.00, 1.00",-0.31%,-1.00,66
4,172,"0.00, 1.00","0.00, 1.00",-0.31%,-1.00,66
4,173,"0.00, 1.00","0.00, 1.00",-0.31%,-1.00,66
4,174,"0.00, 0.96","0.00, 1.00",-0.31%,-1.00,65
4,175,"0.00, 0.99","0.00, 1.00",-0.31%,-1.00,65
4,176,"0.07, 0.94","0.07, 0.93",-0.29%,-0.93,65
4,177,"0.01, 0.98","0.01, 0.99",-0.31%,-0.99,65
4,178,"0.00, 1.00","0.00, 1.00",-0.31%,-1.00,65
4,179,"0.00, 0.93","0.00, 1.00",-0.32%,-1.00,64
4,180,"0.00, 1.00","0.00, 1.00",-0.32%,-1.00,64
4,181,"0.04, 1.00","0.04, 0.96",-0.31%,-0.96,64
4,182,"0.00, 1.00","0.00, 1.00",-0.32%,-1.00,64
4,183,"0.00, 1.00","0.00, 1.00",-0.32%,-1.00,64
4,184,"0.06, 0.94","0.06, 0.94",-0.30%,-0.94,63
4,185,"0.00, 0.93","0.00, 1.00",-0.32%,-1.00,63
4,186,"0.00, 1.00","0.00, 1.00",-0.32%,-1.00,63
4,187,"0.01, 0.95","0.01, 0.99",-0.32%,-0.99,63
4,188,"0.00, 1.00","0.00, 1.00",-0.32%,-1.00,63
4,189,"0.00, 0.92","0.00, 1.00",-0.33%,-1.00,62
4,190,"0.00, 1.00","0.00, 1.00",-0.33%,-1.00,62
4,191,"0.06, 1.00","0.05, 0.95",-0.31%,-0.95,62
4,192,"0.00, 1.00","0.00, 1.00",-0.33%,-1.00,62
4,193,"0.05, 0.94","0.05, 0.95",-0.31%,-0.95,62
4,194,"0.03, 0.98","0.03, 0.97",-0.32%,-0.97,61
4,195,"0.00, 0.92","0.00, 1.00",-0.33%,-1.00,61
4,196,"0.00, 0.96","0.00, 1.00",-0.33%,-1.00,61
4,197,"0.04, 1.00","0.04, 0.96",-0.32%,-0.96,61
4,198,"0.05, 0.92","0.06, 0.94",-0.32%,-0.94,61
4,199,"0.08, 0.94","0.08, 0.92",-0.31%,-0.92,60
4,200,"0.01, 0.99","0.01, 0.99",-0.33%,-0.99,60
4,201,"0.00, 1.00","0.00, 1.00",-0.34%,-1.00,60
4,202,"0.02, 1.00","0.02, 0.98",-0.33%,-0.98,60
4,203,"0.00, 0.91","0.00, 1.00",-0.34%,-1.00,60
4,204,"0.01, 1.00","0.01, 0.99",-0.34%,-0.99,59
4,205,"0.06, 1.00","0.06, 0.94",-0.32%,-0.94,59
4,206,"0.00, 0.93","0.00, 1.00",-0.34%,-1.00,59
4,207,"0.00, 1.00","0.00, 1.00",-0.35%,-1.00,59
4,208,"0.05, 1.00","0.05, 0.95",-0.33%,-0.95,59
4,209,"0.00, 1.00","0.00, 1.00",-0.35%,-1.00,58
4,210,"0.00, 0.97","0.00, 1.00",-0.35%,-1.00,58
4,211,"0.00, 0.91","0.00, 1.00",-0.35%,-1.00,58
4,212,"0.00, 1.00","0.00, 1.00",-0.35%,-1.00,58
4,213,"0.04, 0.97","0.04, 0.96",-0.34%,-0.96,58
4,214,"0.04, 0.99","0.04, 0.96",-0.34%,-0.96,57
4,215,"0.05, 1.00","0.05, 0.95",-0.34%,-0.95,57
4,216,"0.00, 0.98","0.00, 1.00",-0.36%,-1.00,57
4,217,"0.00, 1.00","0.00, 1.00",-0.36%,-1.00,57
4,218,"0.00, 1.00","0.00, 1.00",-0.36%,-1.00,57
4,219,"0.00, 1.00","0.00, 1.00",-0.36%,-1.00,56
4,220,"0.00, 1.00","0.00, 1.00",-0.36%,-1.00,56
4,221,"0.04, 1.00","0.03, 0.97",-0.35%,-0.97,56
4,222,"0.00, 1.00","0.00, 1.00",-0.36%,-1.00,56
4,223,"0.00, 1.00","0.00, 1.00",-0.37%,-1.00,56
4,224,"0.02, 0.96","0.02, 0.98",-0.36%,-0.98,55
4,225,"0.01, 1.00","0.01, 0.99",-0.36%,-0.99,55
4,226,"0.00, 1.00","0.00, 1.00",-0.37%,-1.00,55
4,227,"0.04, 1.00","0.04, 0.96",-0.36%,-0.96,55
4,228,"0.00, 1.00","0.00, 1.00",-0.37%,-1.00,55
4,229,"0.00, 0.96","0.00, 1.00",-0.37%,-1.00,54
4,230,"0.02, 0.94","0.02, 0.98",-0.37%,-0.98,54
4,231,"0.00, 1.00","0.00, 1.00",-0.38%,-1.00,54
4,232,"0.01, 1.00","0.01, 0.99",-0.38%,-0.99,54
4,233,"0.08, 1.00","0.08, 0.92",-0.35%,-0.92,54
4,234,"0.00, 0.97","0.00, 1.00",-0.38%,-1.00,53
4,235,"0.03, 0.97","0.03, 0.97",-0.37%,-0.97,53
4,236,"0.00, 1.00","0.00, 1.00",-0.38%,-1.00,53
4,237,"0.00, 0.95","0.00, 1.00",-0.39%,-1.00,53
4,238,"0.00, 1.00","0.00, 1.00",-0.39%,-1.00,53
4,239,"0.00, 1.00","0.00, 1.00",-0.39%,-1.00,52
4,240,"0.00, 0.93","0.00, 1.00",-0.39%,-1.00,52
4,241,"0.00, 1.00","0.00, 1.00",-0.39%,-1.00,52
4,242,"0.00, 0.96","0.00, 1.00",-0.39%,-1.00,52
4,243,"0.00, 0.94","0.00, 1.00",-0.40%,-1.00,52
4,244,"0.00, 0.98","0.00, 1.00",-0.40%,-1.00,51
4,245,"0.07, 1.00","0.07, 0.93",-0.37%,-0.93,51
4,246,"0.10, 0.99","0.09, 0.91",-0.36%,-0.91,51
4,247,"0.00, 1.00","0.00, 1.00",-0.40%,-1.00,51
4,248,"0.02, 0.97","0.02, 0.98",-0.39%,-0.98,51
4,249,"0.04, 0.98","0.04, 0.96",-0.39%,-0.96,50
4,250,"0.00, 1.00","0.00, 1.00",-0.41%,-1.00,50
4,251,"0.04, 0.94","0.04, 0.96",-0.39%,-0.96,50
4,252,"0.03, 0.94","0.03, 0.97",-0.40%,-0.97,50
4,253,"0.08, 0.99","0.08, 0.92",-0.38%,-0.92,50
4,254,"0.02, 1.00","0.02, 0.98",-0.40%,-0.98,49
4,255,"0.02, 0.95","0.03, 0.97",-0.40%,-0.97,49
4,256,"0.00, 0.97","0.00, 1.00",-0.42%,-1.00,49
4,257,"0.00, 1.00","0.00, 1.00",-0.42%,-1.00,49
4,258,"0.00, 1.00","0.00, 1.00",-0.42%,-1.00,49
4,259,"0.04, 0.98","0.04, 0.96",-0.41%,-0.96,48
4,260,"0.00, 0.97","0.00, 1.00",-0.42%,-1.00,48
4,261,"0.01, 0.96","0.01, 0.99",-0.42%,-0.99,48
4,262,"0.01, 0.99","0.01, 0.99",-0.42%,-0.99,48
4,263,"0.04, 0.95","0.04, 0.96",-0.41%,-0.96,48
4,264,"0.04, 0.97","0.04, 0.96",-0.41%,-0.96,47
4,265,"0.00, 0.96","0.00, 1.00",-0.43%,-1.00,47
4,266,"0.00, 1.00","0.00, 1.00",-0.43%,-1.00,47
4,267,"0.00, 1.00","0.00, 1.00",-0.44%,-1.00,47
4,268,"0.04, 0.99","0.03, 0.97",-0.42%,-0.97,47
4,269,"0.01, 1.00","0.01, 0.99",-0.44%,-0.99,46
4,270,"0.00, 1.00","0.00, 1.00",-0.44%,-1.00,46
4,271,"0.04, 0.96","0.04, 0.96",-0.43%,-0.96,46
4,272,"0.00, 1.00","0.00, 1.00",-0.45%,-1.00,46
4,273,"0.02, 0.94","0.02, 0.98",-0.44%,-0.98,46
4,274,"0.02, 0.98","0.02, 0.98",-0.44%,-0.98,45
4,275,"0.05, 1.00","0.05, 0.95",-0.43%,-0.95,45
4,276,"0.08, 1.00","0.07, 0.93",-0.42%,-0.93,45
4,277,"0.01, 0.99","0.01, 0.99",-0.45%,-0.99,45
4,278,"0.00, 1.00","0.00, 1.00",-0.46%,-1.00,45
4,279,"0.00, 0.98","0.00, 1.00",-0.46%,-1.00,44
4,280,"0.10, 0.98","0.09, 0.91",-0.42%,-0.91,44
4,281,"0.02, 0.94","0.02, 0.98",-0.45%,-0.98,44
4,282,"0.07, 0.98","0.06, 0.94",-0.44%,-0.94,44
4,283,"0.10, 1.00","0.09, 0.91",-0.43%,-0.91,44
4,284,"0.00, 1.00","0.00, 1.00",-0.47%,-1.00,43
4,285,"0.00, 1.00","0.00, 1.00",-0.47%,-1.00,43
4,286,"0.08, 0.94","0.08, 0.92",-0.44%,-0.92,43
4,287,"0.00, 1.00","0.00, 1.00",-0.48%,-1.00,43
4,288,"0.00, 1.00","0.00, 1.00",-0.48%,-1.00,43
4,289,"0.03, 1.00","0.03, 0.97",-0.47%,-0.97,42
4,290,"0.00, 1.00","0.00, 1.00",-0.49%,-1.00,42
4,291,"0.00, 1.00","0.00, 1.00",-0.49%,-1.00,42
4,292,"0.01, 1.00","0.01, 0.99",-0.49%,-0.99,42
4,293,"0.03, 0.97","0.03, 0.97",-0.48%,-0.97,42
4,294,"0.05, 0.99","0.05, 0.95",-0.47%,-0.95,41
4,295,"0.00, 0.90","0.00, 1.00",-0.50%,-1.00,41
4,296,"0.05, 0.99","0.05, 0.95",-0.48%,-0.95,41
4,297,"0.00, 0.98","0.00, 1.00",-0.50%,-1.00,41
4,298,"0.00, 0.93","0.00, 1.00",-0.51%,-1.00,41
4,299,"0.00, 1.00","0.00, 1.00",-0.51%,-1.00,40
4,300,"0.05, 1.00","0.05, 0.95",-0.49%,-0.95,40
4,301,"0.00, 0.99","0.00, 1.00",-0.51%,-1.00,40
4,302,"0.00, 1.00","0.00, 1.00",-0.52%,-1.00,40
4,303,"0.04, 0.92","0.04, 0.96",-0.50%,-0.96,40
4,304,"0.00, 0.97","0.00, 1.00",-0.52%,-1.00,39
4,305,"0.00, 0.97","0.00, 1.00",-0.52%,-1.00,39
4,306,"0.08, 0.93","0.08, 0.92",-0.48%,-0.92,39
4,307,"0.00, 0.95","0.00, 1.00",-0.53%,-1.00,39
4,308,"0.00, 0.94","0.00, 1.00",-0.53%,-1.00,39
4,309,"0.00, 1.00","0.00, 1.00",-0.53%,-1.00,38
4,310,"0.00, 0.95","0.00, 1.00",-0.54%,-1.00,38
4,311,"0.00, 0.98","0.00, 1.00",-0.54%,-1.00,38
4,312,"0.00, 0.97","0.00, 1.00",-0.54%,-1.00,38
4,313,"0.00, 0.98","0.00, 1.00",-0.55%,-1.00,37
4,314,"0.00, 1.00","0.00, 1.00",-0.55%,-1.00,37
4,315,"0.00, 0.96","0.00, 1.00",-0.55%,-1.00,37
4,316,"0.00, 1.00","0.00, 1.00",-0.56%,-1.00,37
4,317,"0.00, 1.00","0.00, 1.00",-0.56%,-1.00,37
4,318,"0.00, 0.99","0.00, 1.00",-0.56%,-1.00,36
4,319,"0.14, 0.96","0.13, 0.87",-0.49%,-0.87,36
4,320,"0.00, 0.99","0.00, 1.00",-0.57%,-1.00,36
4,321,"0.00, 0.94","0.00, 1.00",-0.57%,-1.00,36
4,322,"0.00, 1.00","0.00, 1.00",-0.57%,-1.00,36
4,323,"0.00, 1.00","0.00, 1.00",-0.58%,-1.00,35
4,324,"0.00, 0.96","0.00, 1.00",-0.58%,-1.00,35
4,325,"0.09, 0.99","0.08, 0.92",-0.54%,-0.92,35
4,326,"0.03, 1.00","0.02, 0.98",-0.57%,-0.98,35
4,327,"0.00, 0.89","0.00, 1.00",-0.59%,-1.00,35
4,328,"0.00, 1.00","0.00, 1.00",-0.60%,-1.00,34
4,329,"0.10, 0.96","0.10, 0.90",-0.54%,-0.90,34
4,330,"0.10, 0.99","0.09, 0.91",-0.55%,-0.91,34
4,331,"0.00, 1.00","0.00, 1.00",-0.61%,-1.00,34
4,332,"0.07, 1.00","0.06, 0.94",-0.57%,-0.94,34
4,333,"0.00, 0.94","0.00, 1.00",-0.61%,-1.00,33
4,334,"0.00, 0.96","0.00, 1.00",-0.62%,-1.00,33
4,335,"0.00, 0.97","0.00, 1.00",-0.62%,-1.00,33
4,336,"0.02, 1.00","0.02, 0.98",-0.62%,-0.98,33
4,337,"0.05, 0.97","0.05, 0.95",-0.60%,-0.95,33
4,338,"0.00, 1.00","0.00, 1.00",-0.63%,-1.00,32
4,339,"0.00, 1.00","0.00, 1.00",-0.64%,-1.00,32
4,340,"0.00, 0.94","0.00, 1.00",-0.64%,-1.00,32
4,341,"0.02, 1.00","0.02, 0.98",-0.63%,-0.98,32
4,342,"0.00, 0.98","0.00, 1.00",-0.65%,-1.00,32
4,343,"0.00, 0.95","0.00, 1.00",-0.65%,-1.00,31
4,344,"0.00, 0.95","0.00, 1.00",-0.66%,-1.00,31
4,345,"0.01, 1.00","0.01, 0.99",-0.66%,-0.99,31
4,346,"0.05, 0.93","0.06, 0.94",-0.63%,-0.94,31
4,347,"0.12, 0.99","0.10, 0.90",-0.60%,-0.90,31
4,348,"0.09, 0.89","0.09, 0.91",-0.62%,-0.91,30
4,349,"0.05, 1.00","0.05, 0.95",-0.65%,-0.95,30
4,350,"0.01, 0.93","0.01, 0.99",-0.68%,-0.99,30
4,351,"0.00, 1.00","0.00, 1.00",-0.69%,-1.00,30
4,352,"0.06, 1.00","0.05, 0.95",-0.66%,-0.95,30
4,353,"0.11, 0.99","0.10, 0.90",-0.63%,-0.90,29
4,354,"0.00, 0.96","0.00, 1.00",-0.70%,-1.00,29
4,355,"0.00, 1.00","0.00, 1.00",-0.71%,-1.00,29
4,356,"0.00, 1.00","0.00, 1.00",-0.71%,-1.00,29
4,357,"0.00, 1.00","0.00, 1.00",-0.72%,-1.00,29
4,358,"0.00, 1.00","0.00, 1.00",-0.72%,-1.00,28
4,359,"0.01, 1.00","0.01, 0.99",-0.72%,-0.99,28
4,360,"0.00, 1.00","0.00, 1.00",-0.74%,-1.00,28
4,361,"0.00, 1.00","0.00, 1.00",-0.74%,-1.00,28
4,362,"0.07, 1.00","0.06, 0.94",-0.70%,-0.94,28
4,363,"0.02, 0.99","0.02, 0.98",-0.73%,-0.98,27
4,364,"0.04, 0.95","0.04, 0.96",-0.72%,-0.96,27
4,365,"0.05, 1.00","0.05, 0.95",-0.72%,-0.95,27
4,366,"0.00, 1.00","0.00, 1.00",-0.77%,-1.00,27
4,367,"0.02, 0.97","0.02, 0.98",-0.76%,-0.98,27
4,368,"0.08, 0.94","0.07, 0.93",-0.72%,-0.93,26
4,369,"0.00, 0.92","0.00, 1.00",-0.79%,-1.00,26
4,370,"0.04, 1.00","0.04, 0.96",-0.76%,-0.96,26
4,371,"0.00, 1.00","0.00, 1.00",-0.80%,-1.00,26
4,372,"0.00, 0.94","0.00, 1.00",-0.81%,-1.00,26
4,373,"0.03, 0.90","0.03, 0.97",-0.79%,-0.97,25
4,374,"0.09, 0.95","0.09, 0.91",-0.75%,-0.91,25
4,375,"0.00, 1.00","0.00, 1.00",-0.83%,-1.00,25
4,376,"0.06, 0.96","0.06, 0.94",-0.78%,-0.94,25
4,377,"0.04, 0.98","0.04, 0.96",-0.80%,-0.96,25
4,378,"0.00, 0.98","0.00, 1.00",-0.85%,-1.00,24
4,379,"0.00, 1.00","0.00, 1.00",-0.85%,-1.00,24
4,380,"0.06, 0.88","0.07, 0.93",-0.80%,-0.93,24
4,381,"0.00, 0.90","0.00, 1.00",-0.87%,-1.00,24
4,382,"0.07, 0.98","0.07, 0.93",-0.82%,-0.93,24
4,383,"0.00, 1.00","0.00, 1.00",-0.88%,-1.00,23
4,384,"0.00, 1.00","0.00, 1.00",-0.89%,-1.00,23
4,385,"0.00, 1.00","0.00, 1.00",-0.90%,-1.00,23
4,386,"0.00, 1.00","0.00, 1.00",-0.91%,-1.00,23
4,387,"0.00, 0.99","0.00, 1.00",-0.92%,-1.00,23
4,388,"0.01, 1.00","0.01, 0.99",-0.91%,-0.99,22
4,389,"0.00, 1.00","0.00, 1.00",-0.93%,-1.00,22
4,390,"0.06, 1.00","0.06, 0.94",-0.89%,-0.94,22
4,391,"0.02, 0.98","0.02, 0.98",-0.93%,-0.98,22
4,392,"0.05, 0.98","0.05, 0.95",-0.92%,-0.95,22
4,393,"0.00, 0.93","0.00, 1.00",-0.97%,-1.00,21
4,394,"0.10, 1.00","0.09, 0.91",-0.89%,-0.91,21
4,395,"0.06, 0.99","0.06, 0.94",-0.93%,-0.94,21
4,396,"0.03, 0.91","0.03, 0.97",-0.97%,-0.97,21
4,397,"0.00, 0.95","0.00, 1.00",-1.01%,-1.00,20
4,398,"0.00, 1.00","0.00, 1.00",-1.02%,-1.00,20
4,399,"0.00, 1.00","0.00, 1.00",-1.03%,-1.00,20
4,400,"0.00, 1.00","0.00, 1.00",-1.04%,-1.00,20
4,401,"0.00, 1.00","0.00, 1.00",-1.05%,-1.00,20
4,402,"0.09, 1.00","0.09, 0.91",-0.97%,-0.91,19
4,403,"0.04, 0.93","0.04, 0.96",-1.03%,-0.96,19
4,404,"0.00, 0.99","0.00, 1.00",-1.09%,-1.00,19
4,405,"0.00, 1.00","0.00, 1.00",-1.10%,-1.00,19
4,406,"0.00, 0.93","0.00, 1.00",-1.11%,-1.00,19
4,407,"0.00, 1.00","0.00, 1.00",-1.12%,-1.00,18
4,408,"0.01, 0.99","0.01, 0.99",-1.12%,-0.99,18
4,409,"0.06, 0.99","0.06, 0.94",-1.08%,-0.94,18
4,410,"0.00, 0.97","0.00, 1.00",-1.16%,-1.00,18
4,411,"0.00, 0.94","0.00, 1.00",-1.18%,-1.00,18
4,412,"0.02, 1.00","0.02, 0.98",-1.16%,-0.98,17
4,413,"0.02, 1.00","0.02, 0.98",-1.18%,-0.98,17
4,414,"0.00, 1.00","0.00, 1.00",-1.22%,-1.00,17
4,415,"0.00, 1.00","0.00, 1.00",-1.23%,-1.00,17
4,416,"0.00, 1.00","0.00, 1.00",-1.25%,-1.00,17
4,417,"0.00, 1.00","0.00, 1.00",-1.27%,-1.00,16
4,418,"0.00, 0.98","0.00, 1.00",-1.28%,-1.00,16
4,419,"0.01, 1.00","0.01, 0.99",-1.29%,-0.99,16
4,420,"0.00, 1.00","0.00, 1.00",-1.32%,-1.00,16
4,421,"0.00, 1.00","0.00, 1.00",-1.33%,-1.00,16
4,422,"0.00, 0.97","0.00, 1.00",-1.35%,-1.00,15
4,423,"0.00, 1.00","0.00, 1.00",-1.37%,-1.00,15
4,424,"0.02, 1.00","0.02, 0.98",-1.36%,-0.98,15
4,425,"0.00, 0.88","0.00, 1.00",-1.41%,-1.00,15
4,426,"0.00, 1.00","0.00, 1.00",-1.43%,-1.00,14
4,427,"0.02, 0.95","0.02, 0.98",-1.43%,-0.98,14
4,428,"0.00, 0.96","0.00, 1.00",-1.47%,-1.00,14
4,429,"0.03, 1.00","0.03, 0.97",-1.45%,-0.97,14
4,430,"0.09, 1.00","0.08, 0.92",-1.39%,-0.92,14
4,431,"0.00, 1.00","0.00, 1.00",-1.54%,-1.00,13
4,432,"0.00, 0.96","0.00, 1.00",-1.56%,-1.00,13
4,433,"0.00, 1.00","0.00, 1.00",-1.59%,-1.00,13
4,434,"0.02, 1.00","0.02, 0.98",-1.59%,-0.98,13
4,435,"0.00, 0.97","0.00, 1.00",-1.64%,-1.00,13
4,436,"0.00, 1.00","0.00, 1.00",-1.67%,-1.00,12
4,437,"0.02, 1.00","0.02, 0.98",-1.66%,-0.98,12
4,438,"0.01, 0.97","0.01, 0.99",-1.70%,-0.99,12
4,439,"0.01, 0.90","0.01, 0.99",-1.73%,-0.99,12
4,440,"0.00, 0.99","0.00, 1.00",-1.79%,-1.00,12
4,441,"0.01, 1.00","0.01, 0.99",-1.80%,-0.99,11
4,442,"0.07, 1.00","0.06, 0.94",-1.74%,-0.94,11
4,443,"0.01, 1.00","0.01, 0.99",-1.87%,-0.99,11
4,444,"0.00, 0.97","0.00, 1.00",-1.92%,-1.00,11
4,445,"0.05, 1.00","0.05, 0.95",-1.87%,-0.95,11
4,446,"0.07, 0.97","0.07, 0.93",-1.86%,-0.93,10
4,447,"0.00, 0.99","0.00, 1.00",-2.04%,-1.00,10
4,448,"0.02, 0.91","0.02, 0.98",-2.04%,-0.98,10
4,449,"0.02, 0.98","0.02, 0.98",-2.08%,-0.98,10
4,450,"0.00, 1.00","0.00, 1.00",-2.17%,-1.00,10
4,451,"0.00, 1.00","0.00, 1.00",-2.22%,-1.00,9
4,452,"0.00, 1.00","0.00, 1.00",-2.27%,-1.00,9
4,453,"0.00, 0.94","0.00, 1.00",-2.33%,-1.00,9
4,454,"0.03, 0.99","0.03, 0.97",-2.32%,-0.97,9
4,455,"0.11, 1.00","0.10, 0.90",-2.19%,-0.90,8
4,456,"0.01, 1.00","0.01, 0.99",-2.48%,-0.99,8
4,457,"0.00, 0.90","0.00, 1.00",-2.56%,-1.00,8
4,458,"0.03, 0.97","0.03, 0.97",-2.56%,-0.97,8
4,459,"0.00, 0.97","0.00, 1.00",-2.70%,-1.00,8
4,460,"0.01, 1.00","0.01, 0.99",-2.75%,-0.99,7
4,461,"0.10, 0.96","0.09, 0.91",-2.59%,-0.91,7
4,462,"0.00, 1.00","0.00, 1.00",-2.94%,-1.00,7
4,463,"0.00, 0.96","0.00, 1.00",-3.03%,-1.00,7
4,464,"0.00, 1.00","0.00, 1.00",-3.12%,-1.00,7
4,465,"0.00, 1.00","0.00, 1.00",-3.23%,-1.00,6
4,466,"0.00, 1.00","0.00, 1.00",-3.33%,-1.00,6
4,467,"0.00, 0.99","0.00, 1.00",-3.45%,-1.00,6
4,468,"0.10, 1.00","0.09, 0.91",-3.25%,-0.91,6
4,469,"0.07, 1.00","0.07, 0.93",-3.46%,-0.93,6
4,470,"0.00, 1.00","0.00, 1.00",-3.85%,-1.00,5
4,471,"0.00, 1.00","0.00, 1.00",-4.00%,-1.00,5
4,472,"0.00, 0.94","0.00, 1.00",-4.17%,-1.00,5
4,473,"0.00, 0.92","0.00, 1.00",-4.35%,-1.00,5
4,474,"0.00, 0.94","0.00, 1.00",-4.55%,-1.00,4
4,475,"0.00, 1.00","0.00, 1.00",-4.76%,-1.00,4
4,476,"0.00, 1.00","0.00, 1.00",-5.00%,-1.00,4
4,477,"0.06, 0.98","0.06, 0.94",-4.95%,-0.94,4
4,478,"0.07, 0.94","0.07, 0.93",-5.19%,-0.93,4
4,479,"0.04, 0.87","0.04, 0.96",-5.63%,-0.96,3
4,480,"0.05, 0.99","0.04, 0.96",-5.97%,-0.96,3
4,481,"0.00, 0.99","0.00, 1.00",-6.65%,-1.00,3
4,482,"0.02, 0.96","0.02, 0.98",-6.99%,-0.98,3
4,483,"0.07, 0.94","0.07, 0.93",-7.16%,-0.93,3
4,484,"0.04, 1.00","0.04, 0.96",-8.02%,-0.96,2
4,485,"0.06, 1.00","0.06, 0.94",-8.59%,-0.94,2
4,486,"0.02, 1.00","0.02, 0.98",-9.83%,-0.98,2
4,487,"0.09, 0.97","0.09, 0.91",-10.14%,-0.91,2
4,488,"0.00, 0.97","0.00, 1.00",-12.50%,-1.00,2
4,489,"0.00, 1.00","0.00, 1.00",-14.29%,-1.00,1
4,490,"0.00, 1.00","0.00, 1.00",-16.67%,-1.00,1
4,491,"0.00, 1.00","0.00, 1.00",-20.00%,-1.00,1
4,492,"0.00, 0.85","0.00, 1.00",-25.00%,-1.00,1
4,493,"0.00, 0.96","0.00, 1.00",-33.33%,-1.00,0
4,494,"0.00, 0.99","0.00, 1.00",-50.00%,-1.00,0
5,1,"0.50, 0.50","0.50, 0.50",-0.10%,-0.50,100
5,2,"0.00, 1.00","0.00, 1.00",-0.20%,-1.00,100
5,3,"0.00, 0.95","0.00, 1.00",-0.20%,-1.00,99
5,4,"0.00, 1.00","0.00, 1.00",-0.20%,-1.00,99
5,5,"0.02, 1.00","0.02, 0.98",-0.20%,-0.98,99
5,6,"0.00, 1.00","0.00, 1.00",-0.20%,-1.00,99
5,7,"0.03, 1.00","0.03, 0.97",-0.20%,-0.97,99
5,8,"0.02, 0.98","0.02, 0.98",-0.20%,-0.98,98
5,9,"0.00, 1.00","0.00, 1.00",-0.21%,-1.00,98
5,10,"0.00, 1.00","0.00, 1.00",-0.21%,-1.00,98
5,11,"0.00, 0.93","0.00, 1.00",-0.21%,-1.00,98
5,12,"0.00, 1.00","0.00, 1.00",-0.21%,-1.00,98
5,13,"0.00, 1.00","0.00, 1.00",-0.21%,-1.00,97
5,14,"0.00, 0.91","0.00, 1.00",-0.21%,-1.00,97
5,15,"0.00, 0.92","0.00, 1.00",-0.21%,-1.00,97
5,16,"0.00, 0.95","0.00, 1.00",-0.21%,-1.00,97
5,17,"0.05, 1.00","0.05, 0.95",-0.20%,-0.95,97
5,18,"0.06, 1.00","0.06, 0.94",-0.20%,-0.94,96
5,19,"0.00, 1.00","0.00, 1.00",-0.21%,-1.00,96
5,20,"0.04, 0.96","0.04, 0.96",-0.20%,-0.96,96
5,21,"0.00, 0.97","0.00, 1.00",-0.21%,-1.00,96
5,22,"0.00, 1.00","0.00, 1.00",-0.21%,-1.00,96
5,23,"0.00, 1.00","0.00, 1.00",-0.21%,-1.00,95
5,24,"0.07, 0.92","0.07, 0.93",-0.20%,-0.93,95
5,25,"0.09, 0.98","0.08, 0.92",-0.19%,-0.92,95
5,26,"0.00, 1.00","0.00, 1.00",-0.21%,-1.00,95
5,27,"0.00, 0.91","0.00, 1.00",-0.21%,-1.00,95
5,28,"0.00, 1.00","0.00, 1.00",-0.21%,-1.00,95
5,29,"0.06, 0.97","0.06, 0.94",-0.20%,-0.94,94
5,30,"0.00, 0.93","0.00, 1.00",-0.21%,-1.00,94
5,31,"0.00, 1.00","0.00, 1.00",-0.22%,-1.00,94
5,32,"0.00, 1.00","0.00, 1.00",-0.22%,-1.00,94
5,33,"0.00, 1.00","0.00, 1.00",-0.22%,-1.00,94
5,34,"0.10, 0.97","0.09, 0.91",-0.20%,-0.91,93
5,35,"0.07, 0.99","0.06, 0.94",-0.20%,-0.94,93
5,36,"0.06, 0.97","0.06, 0.94",-0.20%,-0.94,93
5,37,"0.06, 1.00","0.06, 0.94",-0.21%,-0.94,93
5,38,"0.02, 1.00","0.02, 0.98",-0.21%,-0.98,93
5,39,"0.03, 0.97","0.03, 0.97",-0.21%,-0.97,92
5,40,"0.00, 1.00","0.00, 1.00",-0.22%,-1.00,92
5,41,"0.00, 1.00","0.00, 1.00",-0.22%,-1.00,92
5,42,"0.00, 1.00","0.00, 1.00",-0.22%,-1.00,92
5,43,"0.05, 0.99","0.05, 0.95",-0.21%,-0.95,92
5,44,"0.09, 1.00","0.09, 0.91",-0.20%,-0.91,91
5,45,"0.01, 0.91","0.01, 0.99",-0.22%,-0.99,91
5,46,"0.00, 1.00","0.00, 1.00",-0.22%,-1.00,91
5,47,"0.01, 0.99","0.01, 0.99",-0.22%,-0.99,91
5,48,"0.05, 1.00","0.05, 0.95",-0.21%,-0.95,91
5,49,"0.00, 1.00","0.00, 1.00",-0.22%,-1.00,90
5,50,"0.00, 0.98","0.00, 1.00",-0.22%,-1.00,90
5,51,"0.00, 1.00","0.00, 1.00",-0.22%,-1.00,90
5,52,"0.02, 1.00","0.02, 0.98",-0.22%,-0.98,90
5,53,"0.00, 1.00","0.00, 1.00",-0.23%,-1.00,90
5,54,"0.00, 0.97","0.00, 1.00",-0.23%,-1.00,89
5,55,"0.00, 0.97","0.00, 1.00",-0.23%,-1.00,89
5,56,"0.04, 0.99","0.04, 0.96",-0.22%,-0.96,89
5,57,"0.00, 1.00","0.00, 1.00",-0.23%,-1.00,89
5,58,"0.04, 0.99","0.04, 0.96",-0.22%,-0.96,89
5,59,"0.00, 0.94","0.00, 1.00",-0.23%,-1.00,88
5,60,"0.00, 1.00","0.00, 1.00",-0.23%,-1.00,88
5,61,"0.00, 1.00","0.00, 1.00",-0.23%,-1.00,88
5,62,"0.00, 1.00","0.00, 1.00",-0.23%,-1.00,88
5,63,"0.00, 1.00","0.00, 1.00",-0.23%,-1.00,88
5,64,"0.04, 0.92","0.04, 0.96",-0.22%,-0.96,87
5,65,"0.04, 1.00","0.03, 0.97",-0.22%,-0.97,87
5,66,"0.00, 1.00","0.00, 1.00",-0.23%,-1.00,87
5,67,"0.02, 1.00","0.02, 0.98",-0.23%,-0.98,87
5,68,"0.00, 0.96","0.00, 1.00",-0.23%,-1.00,87
5,69,"0.00, 1.00","0.00, 1.00",-0.23%,-1.00,86
5,70,"0.00, 1.00","0.00, 1.00",-0.23%,-1.00,86
5,71,"0.00, 0.92","0.00, 1.00",-0.24%,-1.00,86
5,72,"0.00, 1.00","0.00, 1.00",-0.24%,-1.00,86
5,73,"0.04, 0.99","0.04, 0.96",-0.23%,-0.96,86
5,74,"0.00, 0.93","0.00, 1.00",-0.24%,-1.00,85
5,75,"0.00, 0.96","0.00, 1.00",-0.24%,-1.00,85
5,76,"0.01, 0.95","0.01, 0.99",-0.24%,-0.99,85
5,77,"0.00, 1.00","0.00, 1.00",-0.24%,-1.00,85
5,78,"0.00, 0.98","0.00, 1.00",-0.24%,-1.00,85
5,79,"0.06, 0.98","0.06, 0.94",-0.23%,-0.94,84
5,80,"0.00, 1.00","0.00, 1.00",-0.24%,-1.00,84
5,81,"0.05, 0.95","0.05, 0.95",-0.23%,-0.95,84
5,82,"0.00, 0.97","0.00, 1.00",-0.24%,-1.00,84
5,83,"0.02, 1.00","0.02, 0.98",-0.24%,-0.98,84
5,84,"0.00, 0.94","0.00, 1.00",-0.24%,-1.00,83
5,85,"0.00, 0.97","0.00, 1.00",-0.24%,-1.00,83
5,86,"0.01, 0.97","0.01, 0.99",-0.24%,-0.99,83
5,87,"0.09, 0.99","0.08, 0.92",-0.22%,-0.92,83
5,88,"0.05, 0.95","0.05, 0.95",-0.23%,-0.95,83
5,89,"0.04, 0.90","0.04, 0.96",-0.24%,-0.96,82
5,90,"0.00, 1.00","0.00, 1.00",-0.25%,-1.00,82
5,91,"0.01, 1.00","0.01, 0.99",-0.24%,-0.99,82
5,92,"0.10, 0.97","0.09, 0.91",-0.22%,-0.91,82
5,93,"0.00, 0.93","0.00, 1.00",-0.25%,-1.00,82
5,94,"0.02, 1.00","0.02, 0.98",-0.24%,-0.98,81
5,95,"0.00, 1.00","0.00, 1.00",-0.25%,-1.00,81
5,96,"0.00, 0.92","0.00, 1.00",-0.25%,-1.00,81
5,97,"0.02, 0.97","0.02, 0.98",-0.25%,-0.98,81
5,98,"0.02, 0.98","0.02, 0.98",-0.25%,-0.98,81
5,99,"0.00, 1.00","0.00, 1.00",-0.25%,-1.00,80
5,100,"0.01, 0.95","0.01, 0.99",-0.25%,-0.99,80
5,101,"0.00, 0.99","0.00, 1.00",-0.25%,-1.00,80
5,102,"0.00, 1.00","0.00, 1.00",-0.25%,-1.00,80
5,103,"0.00, 0.95","0.00, 1.00",-0.25%,-1.00,80
5,104,"0.00, 0.91","0.00, 1.00",-0.26%,-1.00,79
5,105,"0.04, 1.00","0.04, 0.96",-0.24%,-0.96,79
5,106,"0.01, 1.00","0.01, 0.99",-0.25%,-0.99,79
5,107,"0.01, 1.00","0.01, 0.99",-0.26%,-0.99,79
5,108,"0.01, 0.91","0.01, 0.99",-0.26%,-0.99,79
5,109,"0.00, 0.99","0.00, 1.00",-0.26%,-1.00,78
5,110,"0.00, 0.91","0.00, 1.00",-0.26%,-1.00,78
5,111,"0.00, 0.95","0.00, 1.00",-0.26%,-1.00,78
5,112,"0.06, 1.00","0.06, 0.94",-0.25%,-0.94,78
5,113,"0.00, 1.00","0.00, 1.00",-0.26%,-1.00,78
5,114,"0.00, 0.95","0.00, 1.00",-0.26%,-1.00,77
5,115,"0.00, 0.93","0.00, 1.00",-0.26%,-1.00,77
5,116,"0.00, 1.00","0.00, 1.00",-0.26%,-1.00,77
5,117,"0.00, 1.00","0.00, 1.00",-0.26%,-1.00,77
5,118,"0.06, 0.85","0.06, 0.94",-0.25%,-0.94,77
5,119,"0.00, 0.99","0.00, 1.00",-0.27%,-1.00,76
5,120,"0.00, 0.95","0.00, 1.00",-0.27%,-1.00,76
5,121,"0.01, 0.98","0.01, 0.99",-0.26%,-0.99,76
5,122,"0.02, 1.00","0.02, 0.98",-0.26%,-0.98,76
5,123,"0.00, 0.99","0.00, 1.00",-0.27%,-1.00,76
5,124,"0.00, 0.99","0.00, 1.00",-0.27%,-1.00,75
5,125,"0.00, 1.00","0.00, 1.00",-0.27%,-1.00,75
5,126,"0.02, 1.00","0.01, 0.99",-0.27%,-0.99,75
5,127,"0.00, 0.98","0.00, 1.00",-0.27%,-1.00,75
5,128,"0.00, 1.00","0.00, 1.00",-0.27%,-1.00,75
5,129,"0.09, 1.00","0.08, 0.92",-0.25%,-0.92,74
5,130,"0.08, 1.00","0.07, 0.93",-0.25%,-0.93,74
5,131,"0.00, 1.00","0.00, 1.00",-0.27%,-1.00,74
5,132,"0.00, 1.00","0.00, 1.00",-0.27%,-1.00,74
5,133,"0.00, 1.00","0.00, 1.00",-0.28%,-1.00,74
5,134,"0.14, 1.00","0.12, 0.88",-0.24%,-0.88,73
5,135,"0.02, 1.00","0.02, 0.98",-0.27%,-0.98,73
5,136,"0.00, 1.00","0.00, 1.00",-0.28%,-1.00,73
5,137,"0.00, 1.00","0.00, 1.00",-0.28%,-1.00,73
5,138,"0.02, 1.00","0.02, 0.98",-0.27%,-0.98,73
5,139,"0.00, 1.00","0.00, 1.00",-0.28%,-1.00,72
5,140,"0.02, 1.00","0.02, 0.98",-0.28%,-0.98,72
5,141,"0.03, 0.95","0.03, 0.97",-0.27%,-0.97,72
5,142,"0.00, 1.00","0.00, 1.00",-0.28%,-1.00,72
5,143,"0.00, 1.00","0.00, 1.00",-0.28%,-1.00,72
5,144,"0.00, 0.96","0.00, 1.00",-0.28%,-1.00,71
5,145,"0.04, 0.99","0.04, 0.96",-0.27%,-0.96,71
5,146,"0.10, 1.00","0.09, 0.91",-0.26%,-0.91,71
5,147,"0.00, 1.00","0.00, 1.00",-0.29%,-1.00,71
5,148,"0.00, 1.00","0.00, 1.00",-0.29%,-1.00,71
5,149,"0.00, 1.00","0.00, 1.00",-0.29%,-1.00,70
5,150,"0.00, 0.91","0.00, 1.00",-0.29%,-1.00,70
5,151,"0.00, 0.90","0.00, 1.00",-0.29%,-1.00,70
5,152,"0.00, 1.00","0.00, 1.00",-0.29%,-1.00,70
5,153,"0.00, 1.00","0.00, 1.00",-0.29%,-1.00,70
5,154,"0.00, 0.96","0.00, 1.00",-0.29%,-1.00,69
5,155,"0.00, 0.95","0.00, 1.00",-0.29%,-1.00,69
5,156,"0.02, 1.00","0.02, 0.98",-0.29%,-0.98,69
5,157,"0.00, 1.00","0.00, 1.00",-0.29%,-1.00,69
5,158,"0.00, 0.99","0.00, 1.00",-0.30%,-1.00,69
5,159,"0.04, 1.00","0.03, 0.97",-0.29%,-0.97,68
5,160,"0.02, 0.96","0.02, 0.98",-0.29%,-0.98,68
5,161,"0.05, 1.00","0.05, 0.95",-0.28%,-0.95,68
5,162,"0.00, 1.00","0.00, 1.00",-0.30%,-1.00,68
5,163,"0.00, 0.93","0.00, 1.00",-0.30%,-1.00,68
5,164,"0.00, 1.00","0.00, 1.00",-0.30%,-1.00,67
5,165,"0.00, 0.98","0.00, 1.00",-0.30%,-1.00,67
5,166,"0.00, 1.00","0.00, 1.00",-0.30%,-1.00,67
5,167,"0.08, 0.97","0.07, 0.93",-0.28%,-0.93,67
5,168,"0.09, 0.97","0.09, 0.91",-0.28%,-0.91,67
5,169,"0.00, 0.99","0.00, 1.00",-0.31%,-1.00,66
5,170,"0.00, 1.00","0.00, 1.00",-0.31%,-1.00,66
5,171,"0.00, 0.95","0.00, 1.00",-0.31%,-1.00,66
5,172,"0.01, 1.00","0.01, 0.99",-0.30%,-0.99,66
5,173,"0.00, 1.00","0.00, 1.00",-0.31%,-1.00,66
5,174,"0.10, 0.92","0.10, 0.90",-0.28%,-0.90,65
5,175,"0.01, 1.00","0.01, 0.99",-0.31%,-0.99,65
5,176,"0.00, 0.95","0.00, 1.00",-0.31%,-1.00,65
5,177,"0.01, 1.00","0.00, 1.00",-0.31%,-1.00,65
5,178,"0.03, 1.00","0.03, 0.97",-0.30%,-0.97,65
5,179,"0.00, 0.97","0.00, 1.00",-0.32%,-1.00,64
5,180,"0.01, 1.00","0.01, 0.99",-0.31%,-0.99,64
5,181,"0.00, 0.97","0.00, 1.00",-0.32%,-1.00,64
5,182,"0.06, 0.98","0.06, 0.94",-0.30%,-0.94,64
5,183,"0.01, 1.00","0.01, 0.99",-0.32%,-0.99,64
5,184,"0.03, 0.97","0.03, 0.97",-0.31%,-0.97,63
5,185,"0.00, 1.00","0.00, 1.00",-0.32%,-1.00,63
5,186,"0.00, 1.00","0.00, 1.00",-0.32%,-1.00,63
5,187,"0.00, 1.00","0.00, 1.00",-0.32%,-1.00,63
5,188,"0.00, 1.00","0.00, 1.00",-0.32%,-1.00,63
5,189,"0.00, 1.00","0.00, 1.00",-0.33%,-1.00,62
5,190,"0.00, 0.99","0.00, 1.00",-0.33%,-1.00,62
5,191,"0.00, 0.92","0.00, 1.00",-0.33%,-1.00,62
5,192,"0.00, 0.97","0.00, 1.00",-0.33%,-1.00,62
5,193,"0.05, 1.00","0.04, 0.96",-0.32%,-0.96,62
5,194,"0.04, 0.97","0.04, 0.96",-0.32%,-0.96,61
5,195,"0.00, 0.96","0.00, 1.00",-0.33%,-1.00,61
5,196,"0.04, 0.99","0.04, 0.96",-0.32%,-0.96,61
5,197,"0.00, 0.92","0.00, 1.00",-0.33%,-1.00,61
5,198,"0.05, 0.91","0.05, 0.95",-0.32%,-0.95,61
5,199,"0.00, 0.94","0.00, 1.00",-0.34%,-1.00,60
5,200,"0.06, 1.00","0.06, 0.94",-0.32%,-0.94,60
5,201,"0.09, 0.92","0.09, 0.91",-0.31%,-0.91,60
5,202,"0.03, 1.00","0.02, 0.98",-0.33%,-0.98,60
5,203,"0.00, 0.99","0.00, 1.00",-0.34%,-1.00,60
5,204,"0.01, 1.00","0.01, 0.99",-0.34%,-0.99,59
5,205,"0.00, 0.99","0.00, 1.00",-0.34%,-1.00,59
5,206,"0.02, 1.00","0.02, 0.98",-0.34%,-0.98,59
5,207,"0.07, 1.00","0.06, 0.94",-0.32%,-0.94,59
5,208,"0.00, 0.96","0.00, 1.00",-0.35%,-1.00,59
5,209,"0.03, 0.94","0.03, 0.97",-0.34%,-0.97,58
5,210,"0.02, 0.95","0.02, 0.98",-0.34%,-0.98,58
5,211,"0.00, 0.94","0.00, 1.00",-0.35%,-1.00,58
5,212,"0.04, 0.89","0.04, 0.96",-0.34%,-0.96,58
5,213,"0.00, 1.00","0.00, 1.00",-0.35%,-1.00,58
5,214,"0.00, 1.00","0.00, 1.00",-0.35%,-1.00,57
5,215,"0.00, 1.00","0.00, 1.00",-0.36%,-1.00,57
5,216,"0.00, 1.00","0.00, 1.00",-0.36%,-1.00,57
5,217,"0.00, 1.00","0.00, 1.00",-0.36%,-1.00,57
5,218,"0.00, 1.00","0.00, 1.00",-0.36%,-1.00,57
5,219,"0.01, 1.00","0.01, 0.99",-0.36%,-0.99,56
5,220,"0.05, 0.92","0.05, 0.95",-0.34%,-0.95,56
5,221,"0.00, 0.99","0.00, 1.00",-0.36%,-1.00,56
5,222,"0.00, 0.96","0.00, 1.00",-0.36%,-1.00,56
5,223,"0.00, 1.00","0.00, 1.00",-0.37%,-1.00,56
5,224,"0.00, 1.00","0.00, 1.00",-0.37%,-1.00,55
5,225,"0.03, 0.95","0.03, 0.97",-0.36%,-0.97,55
5,226,"0.00, 0.90","0.00, 1.00",-0.37%,-1.00,55
5,227,"0.02, 0.99","0.02, 0.98",-0.36%,-0.98,55
5,228,"0.02, 1.00","0.02, 0.98",-0.37%,-0.98,55
5,229,"0.00, 1.00","0.00, 1.00",-0.37%,-1.00,54
5,230,"0.00, 1.00","0.00, 1.00",-0.38%,-1.00,54
5,231,"0.06, 0.96","0.06, 0.94",-0.36%,-0.94,54
5,232,"0.00, 0.89","0.00, 1.00",-0.38%,-1.00,54
5,233,"0.01, 0.97","0.01, 0.99",-0.38%,-0.99,54
5,234,"0.08, 1.00","0.08, 0.92",-0.35%,-0.92,53
5,235,"0.06, 0.91","0.06, 0.94",-0.36%,-0.94,53
5,236,"0.00, 0.98","0.00, 1.00",-0.38%,-1.00,53
5,237,"0.00, 1.00","0.00, 1.00",-0.39%,-1.00,53
5,238,"0.00, 1.00","0.00, 1.00",-0.39%,-1.00,53
5,239,"0.00, 0.97","0.00, 1.00",-0.39%,-1.00,52
5,240,"0.00, 0.99","0.00, 1.00",-0.39%,-1.00,52
5,241,"0.00, 1.00","0.00, 1.00",-0.39%,-1.00,52
5,242,"0.09, 0.94","0.09, 0.91",-0.36%,-0.91,52
5,243,"0.10, 1.00","0.09, 0.91",-0.36%,-0.91,52
5,244,"0.02, 0.94","0.02, 0.98",-0.39%,-0.98,51
5,245,"0.03, 1.00","0.03, 0.97",-0.39%,-0.97,51
5,246,"0.01, 0.88","0.01, 0.99",-0.39%,-0.99,51
5,247,"0.00, 1.00","0.00, 1.00",-0.40%,-1.00,51
5,248,"0.00, 1.00","0.00, 1.00",-0.40%,-1.00,51
5,249,"0.00, 0.99","0.00, 1.00",-0.40%,-1.00,50
5,250,"0.00, 1.00","0.00, 1.00",-0.41%,-1.00,50
5,251,"0.09, 1.00","0.08, 0.92",-0.38%,-0.92,50
5,252,"0.00, 0.99","0.00, 1.00",-0.41%,-1.00,50
5,253,"0.11, 0.97","0.10, 0.90",-0.37%,-0.90,50
5,254,"0.00, 0.95","0.00, 1.00",-0.41%,-1.00,49
5,255,"0.08, 0.94","0.08, 0.92",-0.38%,-0.92,49
5,256,"0.01, 1.00","0.01, 0.99",-0.41%,-0.99,49
5,257,"0.00, 1.00","0.00, 1.00",-0.42%,-1.00,49
5,258,"0.13, 1.00","0.11, 0.89",-0.37%,-0.89,49
5,259,"0.01, 1.00","0.01, 0.99",-0.42%,-0.99,48
5,260,"0.01, 0.93","0.01, 0.99",-0.42%,-0.99,48
5,261,"0.05, 0.99","0.05, 0.95",-0.41%,-0.95,48
5,262,"0.01, 0.94","0.01, 0.99",-0.42%,-0.99,48
5,263,"0.03, 1.00","0.03, 0.97",-0.42%,-0.97,48
5,264,"0.00, 0.98","0.00, 1.00",-0.43%,-1.00,47
5,265,"0.00, 1.00","0.00, 1.00",-0.43%,-1.00,47
5,266,"0.09, 1.00","0.09, 0.91",-0.40%,-0.91,47
5,267,"0.02, 0.95","0.02, 0.98",-0.43%,-0.98,47
5,268,"0.08, 0.97","0.07, 0.93",-0.41%,-0.93,47
5,269,"0.00, 1.00","0.00, 1.00",-0.44%,-1.00,46
5,270,"0.01, 0.94","0.01, 0.99",-0.44%,-0.99,46
5,271,"0.06, 1.00","0.05, 0.95",-0.42%,-0.95,46
5,272,"0.00, 0.99","0.00, 1.00",-0.45%,-1.00,46
5,273,"0.09, 0.94","0.09, 0.91",-0.41%,-0.91,46
5,274,"0.00, 0.96","0.00, 1.00",-0.45%,-1.00,45
5,275,"0.00, 0.96","0.00, 1.00",-0.45%,-1.00,45
5,276,"0.01, 0.99","0.01, 0.99",-0.45%,-0.99,45
5,277,"0.04, 0.94","0.04, 0.96",-0.44%,-0.96,45
5,278,"0.00, 0.97","0.00, 1.00",-0.46%,-1.00,45
5,279,"0.00, 0.96","0.00, 1.00",-0.46%,-1.00,44
5,280,"0.03, 0.98","0.03, 0.97",-0.45%,-0.97,44
5,281,"0.00, 0.96","0.00, 1.00",-0.47%,-1.00,44
5,282,"0.01, 1.00","0.01, 0.99",-0.46%,-0.99,44
5,283,"0.00, 0.99","0.00, 1.00",-0.47%,-1.00,44
5,284,"0.00, 0.94","0.00, 1.00",-0.47%,-1.00,43
5,285,"0.07, 0.99","0.07, 0.93",-0.44%,-0.93,43
5,286,"0.00, 0.92","0.00, 1.00",-0.48%,-1.00,43
5,287,"0.00, 0.97","0.00, 1.00",-0.48%,-1.00,43
5,288,"0.00, 1.00","0.00, 1.00",-0.48%,-1.00,43
5,289,"0.09, 0.93","0.09, 0.91",-0.44%,-0.91,42
5,290,"0.00, 0.97","0.00, 1.00",-0.49%,-1.00,42
5,291,"0.11, 1.00","0.10, 0.90",-0.44%,-0.90,42
5,292,"0.00, 0.98","0.00, 1.00",-0.49%,-1.00,42
5,293,"0.00, 1.00","0.00, 1.00",-0.49%,-1.00,42
5,294,"0.00, 1.00","0.00, 1.00",-0.50%,-1.00,41
5,295,"0.01, 1.00","0.01, 0.99",-0.49%,-0.99,41
5,296,"0.01, 0.95","0.01, 0.99",-0.49%,-0.99,41
5,297,"0.00, 1.00","0.00, 1.00",-0.50%,-1.00,41
5,298,"0.00, 0.96","0.00, 1.00",-0.51%,-1.00,41
5,299,"0.08, 0.97","0.08, 0.92",-0.47%,-0.92,40
5,300,"0.02, 1.00","0.02, 0.98",-0.50%,-0.98,40
5,301,"0.02, 0.91","0.02, 0.98",-0.50%,-0.98,40
5,302,"0.08, 1.00","0.07, 0.93",-0.48%,-0.93,40
5,303,"0.00, 0.99","0.00, 1.00",-0.52%,-1.00,40
5,304,"0.02, 1.00","0.02, 0.98",-0.51%,-0.98,39
5,305,"0.00, 1.00","0.00, 1.00",-0.52%,-1.00,39
5,306,"0.03, 0.95","0.03, 0.97",-0.51%,-0.97,39
5,307,"0.00, 0.91","0.00, 1.00",-0.53%,-1.00,39
5,308,"0.01, 0.95","0.01, 0.99",-0.52%,-0.99,39
5,309,"0.00, 0.97","0.00, 1.00",-0.53%,-1.00,38
5,310,"0.00, 1.00","0.00, 1.00",-0.54%,-1.00,38
5,311,"0.04, 0.90","0.04, 0.96",-0.52%,-0.96,38
5,312,"0.00, 0.91","0.00, 1.00",-0.54%,-1.00,38
5,313,"0.00, 1.00","0.00, 1.00",-0.55%,-1.00,37
5,314,"0.06, 0.97","0.05, 0.95",-0.52%,-0.95,37
5,315,"0.02, 0.95","0.02, 0.98",-0.54%,-0.98,37
5,316,"0.05, 1.00","0.05, 0.95",-0.53%,-0.95,37
5,317,"0.00, 1.00","0.00, 1.00",-0.56%,-1.00,37
5,318,"0.00, 1.00","0.00, 1.00",-0.56%,-1.00,36
5,319,"0.06, 1.00","0.05, 0.95",-0.54%,-0.95,36
5,320,"0.01, 1.00","0.01, 0.99",-0.56%,-0.99,36
5,321,"0.03, 1.00","0.03, 0.97",-0.55%,-0.97,36
5,322,"0.00, 1.00","0.00, 1.00",-0.57%,-1.00,36
5,323,"0.00, 1.00","0.00, 1.00",-0.58%,-1.00,35
5,324,"0.00, 0.99","0.00, 1.00",-0.58%,-1.00,35
5,325,"0.00, 0.97","0.00, 1.00",-0.58%,-1.00,35
5,326,"0.00, 1.00","0.00, 1.00",-0.59%,-1.00,35
5,327,"0.00, 1.00","0.00, 1.00",-0.59%,-1.00,35
5,328,"0.08, 0.93","0.08, 0.92",-0.55%,-0.92,34
5,329,"0.03, 1.00","0.03, 0.97",-0.58%,-0.97,34
5,330,"0.00, 1.00","0.00, 1.00",-0.60%,-1.00,34
5,331,"0.14, 0.88","0.14, 0.86",-0.52%,-0.86,34
5,332,"0.07, 1.00","0.06, 0.94",-0.57%,-0.94,34
5,333,"0.08, 1.00","0.08, 0.92",-0.57%,-0.92,33
5,334,"0.00, 1.00","0.00, 1.00",-0.62%,-1.00,33
5,335,"0.00, 0.94","0.00, 1.00",-0.62%,-1.00,33
5,336,"0.02, 0.98","0.02, 0.98",-0.61%,-0.98,33
5,337,"0.04, 0.92","0.04, 0.96",-0.60%,-0.96,33
5,338,"0.01, 1.00","0.01, 0.99",-0.63%,-0.99,32
5,339,"0.04, 0.94","0.04, 0.96",-0.61%,-0.96,32
5,340,"0.04, 1.00","0.04, 0.96",-0.62%,-0.96,32
5,341,"0.00, 1.00","0.00, 1.00",-0.65%,-1.00,32
5,342,"0.03, 1.00","0.03, 0.97",-0.63%,-0.97,32
5,343,"0.04, 0.96","0.04, 0.96",-0.63%,-0.96,31
5,344,"0.01, 1.00","0.01, 0.99",-0.65%,-0.99,31
5,345,"0.00, 0.93","0.00, 1.00",-0.66%,-1.00,31
5,346,"0.00, 1.00","0.00, 1.00",-0.66%,-1.00,31
5,347,"0.05, 0.94","0.05, 0.95",-0.64%,-0.95,31
5,348,"0.00, 1.00","0.00, 1.00",-0.68%,-1.00,30
5,349,"0.08, 1.00","0.08, 0.92",-0.63%,-0.92,30
5,350,"0.00, 1.00","0.00, 1.00",-0.68%,-1.00,30
5,351,"0.00, 1.00","0.00, 1.00",-0.69%,-1.00,30
5,352,"0.01, 0.99","0.01, 0.99",-0.69%,-0.99,30
5,353,"0.09, 1.00","0.08, 0.92",-0.64%,-0.92,29
5,354,"0.00, 1.00","0.00, 1.00",-0.70%,-1.00,29
5,355,"0.07, 1.00","0.07, 0.93",-0.66%,-0.93,29
5,356,"0.02, 1.00","0.02, 0.98",-0.70%,-0.98,29
5,357,"0.08, 0.98","0.07, 0.93",-0.67%,-0.93,29
5,358,"0.01, 1.00","0.01, 0.99",-0.72%,-0.99,28
5,359,"0.03, 1.00","0.03, 0.97",-0.71%,-0.97,28
5,360,"0.05, 1.00","0.05, 0.95",-0.70%,-0.95,28
5,361,"0.05, 0.99","0.04, 0.96",-0.71%,-0.96,28
5,362,"0.03, 0.89","0.04, 0.96",-0.72%,-0.96,28
5,363,"0.00, 1.00","0.00, 1.00",-0.75%,-1.00,27
5,364,"0.00, 0.96","0.00, 1.00",-0.76%,-1.00,27
5,365,"0.06, 0.94","0.06, 0.94",-0.72%,-0.94,27
5,366,"0.00, 1.00","0.00, 1.00",-0.77%,-1.00,27
5,367,"0.00, 0.99","0.00, 1.00",-0.78%,-1.00,27
5,368,"0.00, 0.98","0.00, 1.00",-0.78%,-1.00,26
5,369,"0.00, 1.00","0.00, 1.00",-0.79%,-1.00,26
5,370,"0.11, 1.00","0.10, 0.90",-0.71%,-0.90,26
5,371,"0.00, 0.99","0.00, 1.00",-0.80%,-1.00,26
5,372,"0.00, 1.00","0.00, 1.00",-0.81%,-1.00,26
5,373,"0.07, 1.00","0.07, 0.93",-0.76%,-0.93,25
5,374,"0.00, 1.00","0.00, 1.00",-0.82%,-1.00,25
5,375,"0.08, 0.99","0.07, 0.93",-0.77%,-0.93,25
5,376,"0.03, 1.00","0.03, 0.97",-0.81%,-0.97,25
5,377,"0.09, 0.97","0.09, 0.91",-0.77%,-0.91,25
5,378,"0.00, 0.94","0.00, 1.00",-0.85%,-1.00,24
5,379,"0.00, 1.00","0.00, 1.00",-0.85%,-1.00,24
5,380,"0.00, 1.00","0.00, 1.00",-0.86%,-1.00,24
5,381,"0.13, 1.00","0.11, 0.89",-0.77%,-0.89,24
5,382,"0.00, 1.00","0.00, 1.00",-0.88%,-1.00,24
5,383,"0.00, 1.00","0.00, 1.00",-0.88%,-1.00,23
5,384,"0.00, 0.95","0.00, 1.00",-0.89%,-1.00,23
5,385,"0.00, 0.94","0.00, 1.00",-0.90%,-1.00,23
5,386,"0.00, 0.98","0.00, 1.00",-0.91%,-1.00,23
5,387,"0.11, 1.00","0.10, 0.90",-0.83%,-0.90,23
5,388,"0.02, 1.00","0.02, 0.98",-0.91%,-0.98,22
5,389,"0.00, 0.93","0.00, 1.00",-0.93%,-1.00,22
5,390,"0.07, 0.94","0.07, 0.93",-0.88%,-0.93,22
5,391,"0.00, 1.00","0.00, 1.00",-0.95%,-1.00,22
5,392,"0.00, 1.00","0.00, 1.00",-0.96%,-1.00,22
5,393,"0.00, 0.99","0.00, 1.00",-0.97%,-1.00,21
5,394,"0.01, 1.00","0.01, 0.99",-0.97%,-0.99,21
5,395,"0.01, 0.96","0.01, 0.99",-0.98%,-0.99,21
5,396,"0.02, 1.00","0.02, 0.98",-0.98%,-0.98,21
5,397,"0.00, 1.00","0.00, 1.00",-1.01%,-1.00,21
5,398,"0.08, 1.00","0.07, 0.93",-0.95%,-0.93,20
5,399,"0.03, 0.94","0.03, 0.97",-1.00%,-0.97,20
5,400,"0.00, 1.00","0.00, 1.00",-1.04%,-1.00,20
5,401,"0.02, 0.90","0.03, 0.97",-1.03%,-0.97,20
5,402,"0.00, 1.00","0.00, 1.00",-1.06%,-1.00,19
5,403,"0.02, 0.98","0.02, 0.98",-1.05%,-0.98,19
5,404,"0.00, 1.00","0.00, 1.00",-1.09%,-1.00,19
5,405,"0.00, 1.00","0.00, 1.00",-1.10%,-1.00,19
5,406,"0.00, 1.00","0.00, 1.00",-1.11%,-1.00,19
5,407,"0.02, 0.92","0.02, 0.98",-1.10%,-0.98,18
5,408,"0.00, 0.94","0.00, 1.00",-1.14%,-1.00,18
5,409,"0.12, 1.00","0.11, 0.89",-1.02%,-0.89,18
5,410,"0.00, 1.00","0.00, 1.00",-1.16%,-1.00,18
5,411,"0.00, 1.00","0.00, 1.00",-1.18%,-1.00,18
5,412,"0.03, 1.00","0.03, 0.97",-1.16%,-0.97,17
5,413,"0.00, 1.00","0.00, 1.00",-1.20%,-1.00,17
5,414,"0.00, 0.98","0.00, 1.00",-1.22%,-1.00,17
5,415,"0.01, 1.00","0.01, 0.99",-1.22%,-0.99,17
5,416,"0.08, 1.00","0.07, 0.93",-1.16%,-0.93,17
5,417,"0.00, 1.00","0.00, 1.00",-1.27%,-1.00,16
5,418,"0.07, 0.99","0.07, 0.93",-1.19%,-0.93,16
5,419,"0.07, 1.00","0.07, 0.93",-1.21%,-0.93,16
5,420,"0.08, 0.92","0.08, 0.92",-1.21%,-0.92,16
5,421,"0.00, 1.00","0.00, 1.00",-1.33%,-1.00,16
5,422,"0.00, 0.96","0.00, 1.00",-1.35%,-1.00,15
5,423,"0.03, 1.00","0.03, 0.97",-1.33%,-0.97,15
5,424,"0.00, 1.00","0.00, 1.00",-1.39%,-1.00,15
5,425,"0.10, 1.00","0.09, 0.91",-1.28%,-0.91,15
5,426,"0.03, 0.89","0.03, 0.97",-1.38%,-0.97,15
5,427,"0.04, 0.99","0.03, 0.97",-1.40%,-0.97,14
5,428,"0.00, 0.95","0.00, 1.00",-1.47%,-1.00,14
5,429,"0.01, 1.00","0.01, 0.99",-1.48%,-0.99,14
5,430,"0.02, 1.00","0.02, 0.98",-1.49%,-0.98,14
5,431,"0.05, 0.93","0.05, 0.95",-1.45%,-0.95,14
5,432,"0.07, 1.00","0.07, 0.93",-1.45%,-0.93,13
5,433,"0.00, 0.97","0.00, 1.00",-1.59%,-1.00,13
5,434,"0.00, 0.98","0.00, 1.00",-1.61%,-1.00,13
5,435,"0.02, 0.92","0.02, 0.98",-1.60%,-0.98,13
5,436,"0.00, 1.00","0.00, 1.00",-1.67%,-1.00,13
5,437,"0.15, 0.98","0.13, 0.87",-1.48%,-0.87,12
5,438,"0.07, 1.00","0.06, 0.94",-1.62%,-0.94,12
5,439,"0.02, 0.92","0.02, 0.98",-1.73%,-0.98,12
5,440,"0.02, 1.00","0.02, 0.98",-1.76%,-0.98,12
5,441,"0.00, 1.00","0.00, 1.00",-1.82%,-1.00,11
5,442,"0.00, 1.00","0.00, 1.00",-1.85%,-1.00,11
5,443,"0.00, 0.95","0.00, 1.00",-1.89%,-1.00,11
5,444,"0.00, 0.99","0.00, 1.00",-1.92%,-1.00,11
5,445,"0.00, 1.00","0.00, 1.00",-1.96%,-1.00,11
5,446,"0.06, 1.00","0.06, 0.94",-1.89%,-0.94,10
5,447,"0.00, 1.00","0.00, 1.00",-2.04%,-1.00,10
5,448,"0.00, 1.00","0.00, 1.00",-2.08%,-1.00,10
5,449,"0.03, 1.00","0.03, 0.97",-2.06%,-0.97,10
5,450,"0.01, 0.99","0.01, 0.99",-2.15%,-0.99,10
5,451,"0.07, 0.98","0.07, 0.93",-2.07%,-0.93,9
5,452,"0.00, 1.00","0.00, 1.00",-2.27%,-1.00,9
5,453,"0.03, 0.99","0.03, 0.97",-2.26%,-0.97,9
5,454,"0.00, 0.96","0.00, 1.00",-2.38%,-1.00,9
5,455,"0.03, 0.94","0.03, 0.97",-2.37%,-0.97,9
5,456,"0.00, 1.00","0.00, 1.00",-2.50%,-1.00,8
5,457,"0.00, 1.00","0.00, 1.00",-2.56%,-1.00,8
5,458,"0.04, 1.00","0.04, 0.96",-2.52%,-0.96,8
5,459,"0.03, 0.96","0.03, 0.97",-2.62%,-0.97,8
5,460,"0.00, 1.00","0.00, 1.00",-2.78%,-1.00,7
5,461,"0.02, 0.99","0.02, 0.98",-2.79%,-0.98,7
5,462,"0.00, 1.00","0.00, 1.00",-2.94%,-1.00,7
5,463,"0.00, 1.00","0.00, 1.00",-3.03%,-1.00,7
5,464,"0.12, 0.99","0.11, 0.89",-2.78%,-0.89,7
5,465,"0.00, 1.00","0.00, 1.00",-3.23%,-1.00,6
5,466,"0.00, 0.97","0.00, 1.00",-3.33%,-1.00,6
5,467,"0.03, 0.86","0.03, 0.97",-3.33%,-0.97,6
5,468,"0.00, 0.89","0.00, 1.00",-3.56%,-1.00,6
5,469,"0.05, 0.95","0.05, 0.95",-3.51%,-0.95,6
5,470,"0.00, 0.97","0.00, 1.00",-3.85%,-1.00,5
5,471,"0.04, 0.93","0.04, 0.96",-3.83%,-0.96,5
5,472,"0.00, 0.94","0.00, 1.00",-4.17%,-1.00,5
5,473,"0.00, 0.94","0.00, 1.00",-4.33%,-1.00,5
5,474,"0.06, 0.99","0.06, 0.94",-4.27%,-0.94,5
5,475,"0.00, 0.99","0.00, 1.00",-4.76%,-1.00,4
5,476,"0.03, 0.98","0.03, 0.97",-4.85%,-0.97,4
5,477,"0.00, 0.92","0.00, 1.00",-5.26%,-1.00,4
5,478,"0.07, 1.00","0.07, 0.93",-5.19%,-0.93,4
5,479,"0.00, 1.00","0.00, 1.00",-5.88%,-1.00,3
5,480,"0.00, 1.00","0.00, 1.00",-6.25%,-1.00,3
5,481,"0.02, 1.00","0.02, 0.98",-6.50%,-0.98,3
5,482,"0.00, 1.00","0.00, 1.00",-7.14%,-1.00,3
5,483,"0.01, 1.00","0.01, 0.99",-7.65%,-0.99,3
5,484,"0.00, 1.00","0.00, 1.00",-8.33%,-1.00,2
5,485,"0.01, 1.00","0.01, 0.99",-9.04%,-0.99,2
5,486,"0.03, 1.00","0.03, 0.97",-9.72%,-0.97,2
5,487,"0.00, 0.99","0.00, 1.00",-11.11%,-1.00,2
5,488,"0.05, 1.00","0.05, 0.95",-11.93%,-0.95,2
5,489,"0.00, 0.99","0.00, 1.00",-14.23%,-1.00,1
5,490,"0.00, 0.99","0.00, 1.00",-16.67%,-1.00,1
5,491,"0.11, 0.97","0.10, 0.90",-18.03%,-0.90,1
5,492,"0.00, 0.98","0.00, 1.00",-25.00%,-1.00,1
5,493,"0.00, 1.00","0.00, 1.00",-33.33%,-1.00,0
5,494,"0.00, 1.00","0.00, 1.00",-50.00%,-1.00,0
6,1,"0.50, 0.50","0.50, 0.50",-0.10%,-0.50,100
6,2,"0.00, 0.97","0.00, 1.00",-0.20%,-1.00,100
6,3,"0.00, 1.00","0.00, 1.00",-0.20%,-1.00,99
6,4,"0.00, 1.00","0.00, 1.00",-0.20%,-1.00,99
6,5,"0.01, 0.98","0.01, 0.99",-0.20%,-0.99,99
6,6,"0.00, 0.97","0.00, 1.00",-0.20%,-1.00,99
6,7,"0.01, 0.96","0.01, 0.99",-0.20%,-0.99,99
6,8,"0.03, 0.99","0.03, 0.97",-0.20%,-0.97,98
6,9,"0.06, 1.00","0.06, 0.94",-0.19%,-0.94,98
6,10,"0.00, 0.99","0.00, 1.00",-0.21%,-1.00,98
6,11,"0.07, 0.96","0.07, 0.93",-0.19%,-0.93,98
6,12,"0.00, 1.00","0.00, 1.00",-0.21%,-1.00,98
6,13,"0.00, 1.00","0.00, 1.00",-0.21%,-1.00,98
6,14,"0.00, 0.95","0.00, 1.00",-0.21%,-1.00,97
6,15,"0.01, 0.95","0.01, 0.99",-0.21%,-0.99,97
6,16,"0.00, 1.00","0.00, 1.00",-0.21%,-1.00,97
6,17,"0.06, 0.96","0.06, 0.94",-0.20%,-0.94,97
6,18,"0.02, 0.89","0.02, 0.98",-0.20%,-0.98,97
6,19,"0.01, 1.00","0.01, 0.99",-0.21%,-0.99,96
6,20,"0.04, 1.00","0.04, 0.96",-0.20%,-0.96,96
6,21,"0.07, 0.99","0.07, 0.93",-0.20%,-0.93,96
6,22,"0.03, 1.00","0.03, 0.97",-0.21%,-0.97,96
6,23,"0.00, 0.99","0.00, 1.00",-0.21%,-1.00,96
6,24,"0.03, 1.00","0.03, 0.97",-0.21%,-0.97,95
6,25,"0.06, 0.96","0.06, 0.94",-0.20%,-0.94,95
6,26,"0.03, 0.91","0.04, 0.96",-0.21%,-0.96,95
6,27,"0.00, 1.00","0.00, 1.00",-0.21%,-1.00,95
6,28,"0.00, 0.99","0.00, 1.00",-0.21%,-1.00,95
6,29,"0.05, 0.99","0.05, 0.95",-0.20%,-0.95,94
6,30,"0.00, 0.98","0.00, 1.00",-0.21%,-1.00,94
6,31,"0.01, 1.00","0.01, 0.99",-0.21%,-0.99,94
6,32,"0.00, 0.99","0.00, 1.00",-0.22%,-1.00,94
6,33,"0.04, 0.98","0.04, 0.96",-0.21%,-0.96,94
6,34,"0.00, 0.97","0.00, 1.00",-0.22%,-1.00,93
6,35,"0.00, 1.00","0.00, 1.00",-0.22%,-1.00,93
6,36,"0.00, 1.00","0.00, 1.00",-0.22%,-1.00,93
6,37,"0.10, 0.97","0.10, 0.90",-0.20%,-0.90,93
6,38,"0.12, 1.00","0.11, 0.89",-0.20%,-0.89,93
6,39,"0.10, 0.93","0.10, 0.90",-0.20%,-0.90,92
6,40,"0.04, 0.96","0.04, 0.96",-0.21%,-0.96,92
6,41,"0.00, 0.99","0.00, 1.00",-0.22%,-1.00,92
6,42,"0.01, 0.93","0.01, 0.99",-0.22%,-0.99,92
6,43,"0.04, 0.94","0.04, 0.96",-0.21%,-0.96,92
6,44,"0.08, 1.00","0.07, 0.93",-0.21%,-0.93,91
6,45,"0.00, 0.94","0.00, 1.00",-0.22%,-1.00,91
6,46,"0.02, 0.95","0.02, 0.98",-0.22%,-0.98,91
6,47,"0.00, 1.00","0.00, 1.00",-0.22%,-1.00,91
6,48,"0.00, 0.91","0.00, 1.00",-0.22%,-1.00,91
6,49,"0.00, 1.00","0.00, 1.00",-0.22%,-1.00,90
6,50,"0.01, 1.00","0.01, 0.99",-0.22%,-0.99,90
6,51,"0.05, 1.00","0.05, 0.95",-0.21%,-0.95,90
6,52,"0.01, 1.00","0.01, 0.99",-0.22%,-0.99,90
6,53,"0.06, 0.97","0.06, 0.94",-0.21%,-0.94,90
6,54,"0.00, 0.89","0.00, 1.00",-0.23%,-1.00,89
6,55,"0.00, 1.00","0.00, 1.00",-0.23%,-1.00,89
6,56,"0.09, 1.00","0.08, 0.92",-0.21%,-0.92,89
6,57,"0.00, 0.97","0.00, 1.00",-0.23%,-1.00,89
6,58,"0.00, 1.00","0.00, 1.00",-0.23%,-1.00,89
6,59,"0.04, 0.95","0.04, 0.96",-0.22%,-0.96,88
6,60,"0.05, 1.00","0.05, 0.95",-0.22%,-0.95,88
6,61,"0.04, 1.00","0.04, 0.96",-0.22%,-0.96,88
6,62,"0.01, 0.94","0.01, 0.99",-0.23%,-0.99,88
6,63,"0.00, 1.00","0.00, 1.00",-0.23%,-1.00,88
6,64,"0.00, 1.00","0.00, 1.00",-0.23%,-1.00,87
6,65,"0.09, 0.97","0.09, 0.91",-0.21%,-0.91,87
6,66,"0.00, 1.00","0.00, 1.00",-0.23%,-1.00,87
6,67,"0.00, 1.00","0.00, 1.00",-0.23%,-1.00,87
6,68,"0.00, 1.00","0.00, 1.00",-0.23%,-1.00,87
6,69,"0.05, 0.95","0.05, 0.95",-0.22%,-0.95,86
6,70,"0.07, 0.99","0.06, 0.94",-0.22%,-0.94,86
6,71,"0.00, 0.96","0.00, 1.00",-0.24%,-1.00,86
6,72,"0.00, 0.99","0.00, 1.00",-0.24%,-1.00,86
6,73,"0.00, 1.00","0.00, 1.00",-0.24%,-1.00,86
6,74,"0.02, 0.97","0.02, 0.98",-0.23%,-0.98,85
6,75,"0.05, 1.00","0.05, 0.95",-0.23%,-0.95,85
6,76,"0.03, 1.00","0.03, 0.97",-0.23%,-0.97,85
6,77,"0.00, 1.00","0.00, 1.00",-0.24%,-1.00,85
6,78,"0.00, 1.00","0.00, 1.00",-0.24%,-1.00,85
6,79,"0.00, 1.00","0.00, 1.00",-0.24%,-1.00,84
6,80,"0.05, 0.98","0.05, 0.95",-0.23%,-0.95,84
6,81,"0.01, 1.00","0.01, 0.99",-0.24%,-0.99,84
6,82,"0.08, 0.98","0.07, 0.93",-0.22%,-0.93,84
6,83,"0.00, 1.00","0.00, 1.00",-0.24%,-1.00,84
6,84,"0.00, 1.00","0.00, 1.00",-0.24%,-1.00,83
6,85,"0.00, 1.00","0.00, 1.00",-0.24%,-1.00,83
6,86,"0.03, 1.00","0.03, 0.97",-0.24%,-0.97,83
6,87,"0.00, 1.00","0.00, 1.00",-0.24%,-1.00,83
6,88,"0.03, 1.00","0.03, 0.97",-0.24%,-0.97,83
6,89,"0.01, 0.99","0.01, 0.99",-0.24%,-0.99,82
6,90,"0.00, 0.95","0.00, 1.00",-0.25%,-1.00,82
6,91,"0.00, 1.00","0.00, 1.00",-0.25%,-1.00,82
6,92,"0.04, 0.92","0.04, 0.96",-0.24%,-0.96,82
6,93,"0.00, 1.00","0.00, 1.00",-0.25%,-1.00,82
6,94,"0.00, 0.99","0.00, 1.00",-0.25%,-1.00,81
6,95,"0.00, 0.98","0.00, 1.00",-0.25%,-1.00,81
6,96,"0.01, 0.99","0.01, 0.99",-0.25%,-0.99,81
6,97,"0.00, 1.00","0.00, 1.00",-0.25%,-1.00,81
6,98,"0.00, 0.96","0.00, 1.00",-0.25%,-1.00,81
6,99,"0.02, 0.97","0.02, 0.98",-0.25%,-0.98,80
6,100,"0.01, 1.00","0.01, 0.99",-0.25%,-0.99,80
6,101,"0.05, 1.00","0.05, 0.95",-0.24%,-0.95,80
6,102,"0.00, 0.95","0.00, 1.00",-0.25%,-1.00,80
6,103,"0.04, 1.00","0.04, 0.96",-0.24%,-0.96,80
6,104,"0.01, 1.00","0.01, 0.99",-0.25%,-0.99,79
6,105,"0.00, 0.89","0.00, 1.00",-0.26%,-1.00,79
6,106,"0.00, 0.98","0.00, 1.00",-0.26%,-1.00,79
6,107,"0.00, 1.00","0.00, 1.00",-0.26%,-1.00,79
6,108,"0.00, 1.00","0.00, 1.00",-0.26%,-1.00,79
6,109,"0.00, 0.90","0.00, 1.00",-0.26%,-1.00,78
6,110,"0.00, 0.99","0.00, 1.00",-0.26%,-1.00,78
6,111,"0.07, 0.95","0.07, 0.93",-0.24%,-0.93,78
6,112,"0.01, 1.00","0.01, 0.99",-0.26%,-0.99,78
6,113,"0.00, 1.00","0.00, 1.00",-0.26%,-1.00,78
6,114,"0.07, 1.00","0.07, 0.93",-0.24%,-0.93,77
6,115,"0.00, 0.95","0.00, 1.00",-0.26%,-1.00,77
6,116,"0.00, 1.00","0.00, 1.00",-0.26%,-1.00,77
6,117,"0.13, 1.00","0.11, 0.89",-0.23%,-0.89,77
6,118,"0.04, 0.98","0.03, 0.97",-0.26%,-0.97,77
6,119,"0.10, 0.98","0.10, 0.90",-0.24%,-0.90,76
6,120,"0.00, 1.00","0.00, 1.00",-0.27%,-1.00,76
6,121,"0.12, 0.99","0.11, 0.89",-0.24%,-0.89,76
6,122,"0.00, 0.93","0.00, 1.00",-0.27%,-1.00,76
6,123,"0.00, 0.98","0.00, 1.00",-0.27%,-1.00,76
6,124,"0.00, 1.00","0.00, 1.00",-0.27%,-1.00,75
6,125,"0.04, 0.94","0.04, 0.96",-0.26%,-0.96,75
6,126,"0.01, 0.96","0.01, 0.99",-0.27%,-0.99,75
6,127,"0.08, 0.96","0.08, 0.92",-0.25%,-0.92,75
6,128,"0.03, 1.00","0.03, 0.97",-0.26%,-0.97,75
6,129,"0.00, 0.97","0.00, 1.00",-0.27%,-1.00,75
6,130,"0.00, 1.00","0.00, 1.00",-0.27%,-1.00,74
6,131,"0.00, 1.00","0.00, 1.00",-0.27%,-1.00,74
6,132,"0.00, 0.97","0.00, 1.00",-0.27%,-1.00,74
6,133,"0.01, 0.91","0.01, 0.99",-0.27%,-0.99,74
6,134,"0.04, 0.98","0.04, 0.96",-0.26%,-0.96,73
6,135,"0.00, 1.00","0.00, 1.00",-0.28%,-1.00,73
6,136,"0.00, 1.00","0.00, 1.00",-0.28%,-1.00,73
6,137,"0.00, 1.00","0.00, 1.00",-0.28%,-1.00,73
6,138,"0.07, 0.97","0.07, 0.93",-0.26%,-0.93,73
6,139,"0.03, 0.99","0.03, 0.97",-0.27%,-0.97,72
6,140,"0.00, 0.98","0.00, 1.00",-0.28%,-1.00,72
6,141,"0.00, 1.00","0.00, 1.00",-0.28%,-1.00,72
6,142,"0.00, 1.00","0.00, 1.00",-0.28%,-1.00,72
6,143,"0.00, 1.00","0.00, 1.00",-0.28%,-1.00,72
6,144,"0.00, 0.92","0.00, 1.00",-0.28%,-1.00,71
6,145,"0.00, 1.00","0.00, 1.00",-0.28%,-1.00,71
6,146,"0.00, 0.94","0.00, 1.00",-0.29%,-1.00,71
6,147,"0.03, 0.94","0.03, 0.97",-0.28%,-0.97,71
6,148,"0.00, 1.00","0.00, 1.00",-0.29%,-1.00,71
6,149,"0.00, 0.92","0.00, 1.00",-0.29%,-1.00,70
6,150,"0.05, 0.97","0.05, 0.95",-0.27%,-0.95,70
6,151,"0.00, 0.96","0.00, 1.00",-0.29%,-1.00,70
6,152,"0.05, 1.00","0.05, 0.95",-0.28%,-0.95,70
6,153,"0.06, 0.93","0.06, 0.94",-0.27%,-0.94,70
6,154,"0.00, 1.00","0.00, 1.00",-0.29%,-1.00,69
6,155,"0.00, 1.00","0.00, 1.00",-0.29%,-1.00,69
6,156,"0.00, 1.00","0.00, 1.00",-0.29%,-1.00,69
6,157,"0.01, 0.97","0.01, 0.99",-0.29%,-0.99,69
6,158,"0.03, 1.00","0.03, 0.97",-0.29%,-0.97,69
6,159,"0.00, 0.97","0.00, 1.00",-0.30%,-1.00,68
6,160,"0.04, 1.00","0.04, 0.96",-0.29%,-0.96,68
6,161,"0.00, 0.96","0.00, 1.00",-0.30%,-1.00,68
6,162,"0.00, 1.00","0.00, 1.00",-0.30%,-1.00,68
6,163,"0.00, 0.98","0.00, 1.00",-0.30%,-1.00,68
6,164,"0.00, 0.87","0.00, 1.00",-0.30%,-1.00,67
6,165,"0.00, 1.00","0.00, 1.00",-0.30%,-1.00,67
6,166,"0.00, 0.99","0.00, 1.00",-0.30%,-1.00,67
6,167,"0.00, 0.93","0.00, 1.00",-0.30%,-1.00,67
6,168,"0.00, 0.98","0.00, 1.00",-0.30%,-1.00,67
6,169,"0.05, 1.00","0.04, 0.96",-0.29%,-0.96,66
6,170,"0.00, 0.89","0.00, 1.00",-0.31%,-1.00,66
6,171,"0.00, 0.98","0.00, 1.00",-0.31%,-1.00,66
6,172,"0.03, 1.00","0.03, 0.97",-0.30%,-0.97,66
6,173,"0.00, 1.00","0.00, 1.00",-0.31%,-1.00,66
6,174,"0.06, 1.00","0.06, 0.94",-0.29%,-0.94,65
6,175,"0.00, 0.87","0.00, 1.00",-0.31%,-1.00,65
6,176,"0.07, 0.94","0.07, 0.93",-0.29%,-0.93,65
6,177,"0.00, 0.99","0.00, 1.00",-0.31%,-1.00,65
6,178,"0.07, 1.00","0.06, 0.94",-0.29%,-0.94,65
6,179,"0.00, 0.95","0.00, 1.00",-0.32%,-1.00,64
6,180,"0.03, 0.95","0.03, 0.97",-0.31%,-0.97,64
6,181,"0.00, 1.00","0.00, 1.00",-0.32%,-1.00,64
6,182,"0.01, 0.98","0.01, 0.99",-0.32%,-0.99,64
6,183,"0.05, 0.98","0.05, 0.95",-0.30%,-0.95,64
6,184,"0.00, 1.00","0.00, 1.00",-0.32%,-1.00,63
6,185,"0.00, 1.00","0.00, 1.00",-0.32%,-1.00,63
6,186,"0.00, 1.00","0.00, 1.00",-0.32%,-1.00,63
6,187,"0.06, 0.98","0.06, 0.94",-0.30%,-0.94,63
6,188,"0.02, 1.00","0.02, 0.98",-0.32%,-0.98,63
6,189,"0.00, 1.00","0.00, 1.00",-0.33%,-1.00,62
6,190,"0.00, 1.00","0.00, 1.00",-0.33%,-1.00,62
6,191,"0.00, 1.00","0.00, 1.00",-0.33%,-1.00,62
6,192,"0.02, 0.94","0.02, 0.98",-0.32%,-0.98,62
6,193,"0.07, 0.89","0.07, 0.93",-0.31%,-0.93,62
6,194,"0.02, 0.97","0.02, 0.98",-0.32%,-0.98,61
6,195,"0.00, 0.95","0.00, 1.00",-0.33%,-1.00,61
6,196,"0.00, 0.97","0.00, 1.00",-0.33%,-1.00,61
6,197,"0.01, 0.99","0.01, 0.99",-0.33%,-0.99,61
6,198,"0.00, 1.00","0.00, 1.00",-0.34%,-1.00,61
6,199,"0.00, 1.00","0.00, 1.00",-0.34%,-1.00,60
6,200,"0.06, 1.00","0.06, 0.94",-0.32%,-0.94,60
6,201,"0.04, 1.00","0.03, 0.97",-0.33%,-0.97,60
6,202,"0.07, 0.95","0.07, 0.93",-0.32%,-0.93,60
6,203,"0.02, 1.00","0.02, 0.98",-0.33%,-0.98,60
6,204,"0.03, 0.94","0.03, 0.97",-0.33%,-0.97,59
6,205,"0.00, 0.93","0.01, 0.99",-0.34%,-0.99,59
6,206,"0.00, 0.98","0.00, 1.00",-0.34%,-1.00,59
6,207,"0.04, 1.00","0.04, 0.96",-0.33%,-0.96,59
6,208,"0.02, 0.98","0.02, 0.98",-0.34%,-0.98,59
6,209,"0.00, 1.00","0.00, 1.00",-0.35%,-1.00,58
6,210,"0.00, 0.93","0.00, 1.00",-0.35%,-1.00,58
6,211,"0.06, 1.00","0.05, 0.95",-0.33%,-0.95,58
6,212,"0.00, 1.00","0.00, 1.00",-0.35%,-1.00,58
6,213,"0.06, 0.98","0.06, 0.94",-0.33%,-0.94,58
6,214,"0.04, 0.97","0.03, 0.97",-0.34%,-0.97,57
6,215,"0.00, 1.00","0.00, 1.00",-0.36%,-1.00,57
6,216,"0.03, 0.95","0.03, 0.97",-0.35%,-0.97,57
6,217,"0.00, 0.96","0.00, 1.00",-0.36%,-1.00,57
6,218,"0.00, 0.92","0.00, 1.00",-0.36%,-1.00,57
6,219,"0.03, 1.00","0.03, 0.97",-0.35%,-0.97,56
6,220,"0.02, 0.89","0.02, 0.98",-0.35%,-0.98,56
6,221,"0.00, 1.00","0.00, 1.00",-0.36%,-1.00,56
6,222,"0.11, 1.00","0.10, 0.90",-0.33%,-0.90,56
6,223,"0.00, 1.00","0.00, 1.00",-0.37%,-1.00,56
6,224,"0.00, 0.99","0.00, 1.00",-0.37%,-1.00,55
6,225,"0.00, 1.00","0.00, 1.00",-0.37%,-1.00,55
6,226,"0.04, 0.97","0.04, 0.96",-0.36%,-0.96,55
6,227,"0.00, 1.00","0.00, 1.00",-0.37%,-1.00,55
6,228,"0.00, 0.98","0.00, 1.00",-0.37%,-1.00,55
6,229,"0.05, 1.00","0.04, 0.96",-0.36%,-0.96,54
6,230,"0.04, 1.00","0.04, 0.96",-0.36%,-0.96,54
6,231,"0.02, 0.98","0.02, 0.98",-0.37%,-0.98,54
6,232,"0.02, 0.95","0.02, 0.98",-0.37%,-0.98,54
6,233,"0.00, 1.00","0.00, 1.00",-0.38%,-1.00,54
6,234,"0.00, 1.00","0.00, 1.00",-0.38%,-1.00,53
6,235,"0.00, 1.00","0.00, 1.00",-0.38%,-1.00,53
6,236,"0.00, 1.00","0.00, 1.00",-0.38%,-1.00,53
6,237,"0.01, 1.00","0.01, 0.99",-0.38%,-0.99,53
6,238,"0.00, 1.00","0.00, 1.00",-0.39%,-1.00,53
6,239,"0.04, 0.94","0.04, 0.96",-0.37%,-0.96,52
6,240,"0.00, 0.88","0.00, 1.00",-0.39%,-1.00,52
6,241,"0.00, 1.00","0.00, 1.00",-0.39%,-1.00,52
6,242,"0.00, 1.00","0.00, 1.00",-0.39%,-1.00,52
6,243,"0.00, 0.92","0.00, 1.00",-0.40%,-1.00,52
6,244,"0.00, 0.95","0.00, 1.00",-0.40%,-1.00,51
6,245,"0.06, 0.95","0.06, 0.94",-0.37%,-0.94,51
6,246,"0.00, 0.95","0.00, 1.00",-0.40%,-1.00,51
6,247,"0.00, 0.87","0.00, 1.00",-0.40%,-1.00,51
6,248,"0.00, 1.00","0.00, 1.00",-0.40%,-1.00,51
6,249,"0.03, 0.97","0.03, 0.97",-0.39%,-0.97,50
6,250,"0.02, 0.98","0.02, 0.98",-0.40%,-0.98,50
6,251,"0.02, 0.99","0.02, 0.98",-0.40%,-0.98,50
6,252,"0.00, 1.00","0.00, 1.00",-0.41%,-1.00,50
6,253,"0.06, 0.95","0.06, 0.94",-0.39%,-0.94,50
6,254,"0.00, 0.95","0.00, 1.00",-0.41%,-1.00,49
6,255,"0.07, 0.99","0.06, 0.94",-0.39%,-0.94,49
6,256,"0.00, 0.98","0.00, 1.00",-0.42%,-1.00,49
6,257,"0.02, 0.99","0.02, 0.98",-0.41%,-0.98,49
6,258,"0.01, 0.97","0.01, 0.99",-0.42%,-0.99,49
6,259,"0.02, 1.00","0.02, 0.98",-0.41%,-0.98,48
6,260,"0.00, 0.91","0.00, 1.00",-0.42%,-1.00,48
6,261,"0.00, 1.00","0.00, 1.00",-0.43%,-1.00,48
6,262,"0.05, 0.94","0.05, 0.95",-0.41%,-0.95,48
6,263,"0.05, 0.92","0.06, 0.94",-0.41%,-0.94,48
6,264,"0.08, 1.00","0.07, 0.93",-0.40%,-0.93,47
6,265,"0.00, 1.00","0.00, 1.00",-0.43%,-1.00,47
6,266,"0.04, 1.00","0.04, 0.96",-0.42%,-0.96,47
6,267,"0.03, 1.00","0.02, 0.98",-0.43%,-0.98,47
6,268,"0.00, 1.00","0.00, 1.00",-0.44%,-1.00,47
6,269,"0.01, 1.00","0.01, 0.99",-0.44%,-0.99,46
6,270,"0.00, 1.00","0.00, 1.00",-0.44%,-1.00,46
6,271,"0.02, 0.98","0.02, 0.98",-0.44%,-0.98,46
6,272,"0.00, 0.99","0.00, 1.00",-0.45%,-1.00,46
6,273,"0.11, 0.98","0.10, 0.90",-0.40%,-0.90,46
6,274,"0.00, 1.00","0.00, 1.00",-0.45%,-1.00,45
6,275,"0.01, 1.00","0.01, 0.99",-0.45%,-0.99,45
6,276,"0.00, 0.95","0.00, 1.00",-0.45%,-1.00,45
6,277,"0.00, 0.94","0.00, 1.00",-0.46%,-1.00,45
6,278,"0.00, 1.00","0.00, 1.00",-0.46%,-1.00,45
6,279,"0.08, 1.00","0.07, 0.93",-0.43%,-0.93,44
6,280,"0.02, 0.97","0.02, 0.98",-0.45%,-0.98,44
6,281,"0.09, 1.00","0.09, 0.91",-0.43%,-0.91,44
6,282,"0.07, 1.00","0.06, 0.94",-0.44%,-0.94,44
6,283,"0.01, 0.98","0.01, 0.99",-0.47%,-0.99,44
6,284,"0.00, 0.94","0.00, 1.00",-0.47%,-1.00,43
6,285,"0.01, 1.00","0.01, 0.99",-0.47%,-0.99,43
6,286,"0.00, 0.95","0.00, 1.00",-0.47%,-1.00,43
6,287,"0.00, 0.98","0.00, 1.00",-0.48%,-1.00,43
6,288,"0.00, 0.91","0.00, 1.00",-0.48%,-1.00,43
6,289,"0.09, 1.00","0.08, 0.92",-0.44%,-0.92,42
6,290,"0.00, 0.99","0.00, 1.00",-0.49%,-1.00,42
6,291,"0.01, 0.94","0.01, 0.99",-0.48%,-0.99,42
6,292,"0.09, 0.98","0.09, 0.91",-0.45%,-0.91,42
6,293,"0.00, 1.00","0.00, 1.00",-0.49%,-1.00,42
6,294,"0.02, 1.00","0.02, 0.98",-0.49%,-0.98,41
6,295,"0.00, 1.00","0.00, 1.00",-0.50%,-1.00,41
6,296,"0.00, 1.00","0.00, 1.00",-0.50%,-1.00,41
6,297,"0.09, 0.96","0.08, 0.92",-0.46%,-0.92,41
6,298,"0.00, 0.88","0.00, 1.00",-0.51%,-1.00,41
6,299,"0.00, 1.00","0.00, 1.00",-0.51%,-1.00,40
6,300,"0.00, 0.99","0.00, 1.00",-0.51%,-1.00,40
6,301,"0.06, 1.00","0.05, 0.95",-0.49%,-0.95,40
6,302,"0.00, 1.00","0.00, 1.00",-0.52%,-1.00,40
6,303,"0.08, 0.95","0.08, 0.92",-0.48%,-0.92,40
6,304,"0.00, 1.00","0.00, 1.00",-0.52%,-1.00,39
6,305,"0.10, 1.00","0.09, 0.91",-0.48%,-0.91,39
6,306,"0.03, 1.00","0.03, 0.97",-0.51%,-0.97,39
6,307,"0.06, 1.00","0.05, 0.95",-0.50%,-0.95,39
6,308,"0.01, 0.97","0.02, 0.98",-0.52%,-0.98,39
6,309,"0.06, 0.98","0.05, 0.95",-0.51%,-0.95,38
6,310,"0.07, 0.91","0.07, 0.93",-0.50%,-0.93,38
6,311,"0.01, 0.99","0.01, 0.99",-0.53%,-0.99,38
6,312,"0.00, 0.95","0.00, 1.00",-0.54%,-1.00,38
6,313,"0.00, 0.93","0.00, 1.00",-0.55%,-1.00,38
6,314,"0.07, 0.95","0.07, 0.93",-0.51%,-0.93,37
6,315,"0.07, 1.00","0.07, 0.93",-0.51%,-0.93,37
6,316,"0.04, 1.00","0.04, 0.96",-0.53%,-0.96,37
6,317,"0.07, 0.96","0.07, 0.93",-0.52%,-0.93,37
6,318,"0.09, 1.00","0.09, 0.91",-0.51%,-0.91,37
6,319,"0.00, 0.97","0.00, 1.00",-0.56%,-1.00,36
6,320,"0.00, 1.00","0.00, 1.00",-0.57%,-1.00,36
6,321,"0.09, 1.00","0.09, 0.91",-0.52%,-0.91,36
6,322,"0.00, 1.00","0.00, 1.00",-0.57%,-1.00,36
6,323,"0.00, 0.95","0.00, 1.00",-0.58%,-1.00,36
6,324,"0.06, 1.00","0.05, 0.95",-0.55%,-0.95,35
6,325,"0.04, 0.98","0.04, 0.96",-0.56%,-0.96,35
6,326,"0.00, 0.97","0.00, 1.00",-0.59%,-1.00,35
6,327,"0.00, 0.99","0.00, 1.00",-0.59%,-1.00,35
6,328,"0.07, 1.00","0.07, 0.93",-0.56%,-0.93,35
6,329,"0.04, 0.97","0.04, 0.96",-0.58%,-0.96,34
6,330,"0.00, 0.93","0.00, 1.00",-0.60%,-1.00,34
6,331,"0.01, 1.00","0.01, 0.99",-0.60%,-0.99,34
6,332,"0.03, 0.96","0.03, 0.97",-0.59%,-0.97,34
6,333,"0.00, 1.00","0.00, 1.00",-0.61%,-1.00,34
6,334,"0.00, 1.00","0.00, 1.00",-0.62%,-1.00,33
6,335,"0.00, 1.00","0.00, 1.00",-0.62%,-1.00,33
6,336,"0.02, 0.96","0.02, 0.98",-0.61%,-0.98,33
6,337,"0.09, 0.98","0.08, 0.92",-0.58%,-0.92,33
6,338,"0.00, 1.00","0.00, 1.00",-0.63%,-1.00,33
6,339,"0.00, 1.00","0.00, 1.00",-0.64%,-1.00,32
6,340,"0.00, 0.98","0.00, 1.00",-0.64%,-1.00,32
6,341,"0.02, 0.95","0.02, 0.98",-0.63%,-0.98,32
6,342,"0.00, 1.00","0.00, 1.00",-0.65%,-1.00,32
6,343,"0.09, 1.00","0.08, 0.92",-0.60%,-0.92,32
6,344,"0.00, 0.99","0.00, 1.00",-0.66%,-1.00,31
6,345,"0.02, 0.89","0.02, 0.98",-0.65%,-0.98,31
6,346,"0.00, 1.00","0.00, 1.00",-0.67%,-1.00,31
6,347,"0.00, 1.00","0.00, 1.00",-0.67%,-1.00,31
6,348,"0.06, 0.94","0.06, 0.94",-0.64%,-0.94,31
6,349,"0.00, 1.00","0.00, 1.00",-0.68%,-1.00,30
6,350,"0.04, 1.00","0.04, 0.96",-0.66%,-0.96,30
6,351,"0.05, 1.00","0.05, 0.95",-0.66%,-0.95,30
6,352,"0.00, 0.92","0.00, 1.00",-0.69%,-1.00,30
6,353,"0.08, 0.99","0.08, 0.92",-0.65%,-0.92,30
6,354,"0.00, 1.00","0.00, 1.00",-0.70%,-1.00,29
6,355,"0.00, 1.00","0.00, 1.00",-0.71%,-1.00,29
6,356,"0.05, 1.00","0.05, 0.95",-0.68%,-0.95,29
6,357,"0.01, 1.00","0.01, 0.99",-0.71%,-0.99,29
6,358,"0.00, 1.00","0.00, 1.00",-0.72%,-1.00,28
6,359,"0.00, 1.00","0.00, 1.00",-0.73%,-1.00,28
6,360,"0.00, 0.96","0.00, 1.00",-0.74%,-1.00,28
6,361,"0.06, 1.00","0.06, 0.94",-0.70%,-0.94,28
6,362,"0.00, 1.00","0.00, 1.00",-0.75%,-1.00,28
6,363,"0.00, 1.00","0.00, 1.00",-0.75%,-1.00,27
6,364,"0.00, 0.97","0.00, 1.00",-0.76%,-1.00,27
6,365,"0.00, 0.96","0.00, 1.00",-0.76%,-1.00,27
6,366,"0.00, 0.93","0.00, 1.00",-0.77%,-1.00,27
6,367,"0.04, 0.97","0.04, 0.96",-0.75%,-0.96,27
6,368,"0.00, 0.97","0.00, 1.00",-0.78%,-1.00,26
6,369,"0.00, 0.97","0.00, 1.00",-0.79%,-1.00,26
6,370,"0.00, 1.00","0.00, 1.00",-0.79%,-1.00,26
6,371,"0.02, 1.00","0.02, 0.98",-0.79%,-0.98,26
6,372,"0.00, 1.00","0.00, 1.00",-0.81%,-1.00,26
6,373,"0.00, 1.00","0.00, 1.00",-0.81%,-1.00,25
6,374,"0.03, 1.00","0.03, 0.97",-0.79%,-0.97,25
6,375,"0.04, 0.94","0.04, 0.96",-0.80%,-0.96,25
6,376,"0.00, 0.96","0.00, 1.00",-0.83%,-1.00,25
6,377,"0.04, 0.95","0.04, 0.96",-0.81%,-0.96,25
6,378,"0.02, 0.99","0.02, 0.98",-0.83%,-0.98,24
6,379,"0.00, 1.00","0.00, 1.00",-0.85%,-1.00,24
6,380,"0.02, 0.96","0.02, 0.98",-0.85%,-0.98,24
6,381,"0.00, 1.00","0.00, 1.00",-0.87%,-1.00,24
6,382,"0.04, 0.90","0.04, 0.96",-0.84%,-0.96,24
6,383,"0.00, 0.98","0.00, 1.00",-0.88%,-1.00,23
6,384,"0.04, 0.98","0.04, 0.96",-0.86%,-0.96,23
6,385,"0.07, 1.00","0.06, 0.94",-0.84%,-0.94,23
6,386,"0.00, 0.96","0.00, 1.00",-0.91%,-1.00,23
6,387,"0.05, 1.00","0.05, 0.95",-0.87%,-0.95,23
6,388,"0.03, 0.99","0.03, 0.97",-0.90%,-0.97,22
6,389,"0.00, 0.99","0.00, 1.00",-0.93%,-1.00,22
6,390,"0.08, 1.00","0.07, 0.93",-0.87%,-0.93,22
6,391,"0.08, 0.98","0.08, 0.92",-0.88%,-0.92,22
6,392,"0.00, 0.98","0.00, 1.00",-0.96%,-1.00,22
6,393,"0.00, 0.93","0.00, 1.00",-0.97%,-1.00,21
6,394,"0.00, 0.98","0.00, 1.00",-0.98%,-1.00,21
6,395,"0.02, 0.95","0.02, 0.98",-0.97%,-0.98,21
6,396,"0.12, 1.00","0.11, 0.89",-0.89%,-0.89,21
6,397,"0.02, 1.00","0.02, 0.98",-0.99%,-0.98,21
6,398,"0.06, 1.00","0.05, 0.95",-0.97%,-0.95,20
6,399,"0.03, 0.99","0.03, 0.97",-1.00%,-0.97,20
6,400,"0.00, 1.00","0.00, 1.00",-1.04%,-1.00,20
6,401,"0.02, 1.00","0.02, 0.98",-1.03%,-0.98,20
6,402,"0.00, 1.00","0.00, 1.00",-1.06%,-1.00,19
6,403,"0.00, 1.00","0.00, 1.00",-1.08%,-1.00,19
6,404,"0.01, 0.93","0.01, 0.99",-1.07%,-0.99,19
6,405,"0.00, 0.99","0.00, 1.00",-1.10%,-1.00,19
6,406,"0.00, 0.96","0.00, 1.00",-1.11%,-1.00,19
6,407,"0.03, 1.00","0.03, 0.97",-1.09%,-0.97,18
6,408,"0.00, 1.00","0.00, 1.00",-1.14%,-1.00,18
6,409,"0.05, 0.98","0.04, 0.96",-1.10%,-0.96,18
6,410,"0.00, 1.00","0.00, 1.00",-1.16%,-1.00,18
6,411,"0.00, 1.00","0.00, 1.00",-1.18%,-1.00,18
6,412,"0.00, 0.96","0.00, 1.00",-1.19%,-1.00,17
6,413,"0.00, 1.00","0.00, 1.00",-1.20%,-1.00,17
6,414,"0.00, 1.00","0.00, 1.00",-1.22%,-1.00,17
6,415,"0.03, 0.97","0.03, 0.97",-1.20%,-0.97,17
6,416,"0.01, 1.00","0.01, 0.99",-1.24%,-0.99,17
6,417,"0.00, 1.00","0.00, 1.00",-1.27%,-1.00,16
6,418,"0.00, 0.96","0.00, 1.00",-1.28%,-1.00,16
6,419,"0.00, 1.00","0.00, 1.00",-1.30%,-1.00,16
6,420,"0.00, 1.00","0.00, 1.00",-1.32%,-1.00,16
6,421,"0.00, 0.99","0.00, 1.00",-1.33%,-1.00,16
6,422,"0.00, 1.00","0.00, 1.00",-1.35%,-1.00,15
6,423,"0.01, 0.99","0.01, 0.99",-1.36%,-0.99,15
6,424,"0.05, 1.00","0.04, 0.96",-1.33%,-0.96,15
6,425,"0.00, 1.00","0.00, 1.00",-1.41%,-1.00,15
6,426,"0.00, 1.00","0.00, 1.00",-1.43%,-1.00,14
6,427,"0.00, 1.00","0.00, 1.00",-1.45%,-1.00,14
6,428,"0.00, 0.98","0.00, 1.00",-1.47%,-1.00,14
6,429,"0.03, 1.00","0.02, 0.98",-1.46%,-0.98,14
6,430,"0.00, 0.95","0.00, 1.00",-1.52%,-1.00,14
6,431,"0.01, 1.00","0.01, 0.99",-1.53%,-0.99,13
6,432,"0.02, 0.96","0.02, 0.98",-1.54%,-0.98,13
6,433,"0.02, 0.97","0.02, 0.98",-1.56%,-0.98,13
6,434,"0.00, 0.91","0.00, 1.00",-1.61%,-1.00,13
6,435,"0.00, 1.00","0.00, 1.00",-1.64%,-1.00,13
6,436,"0.00, 0.93","0.00, 1.00",-1.67%,-1.00,12
6,437,"0.00, 1.00","0.00, 1.00",-1.69%,-1.00,12
6,438,"0.00, 1.00","0.00, 1.00",-1.72%,-1.00,12
6,439,"0.00, 1.00","0.00, 1.00",-1.75%,-1.00,12
6,440,"0.00, 1.00","0.00, 1.00",-1.79%,-1.00,12
6,441,"0.02, 1.00","0.02, 0.98",-1.78%,-0.98,11
6,442,"0.06, 0.96","0.06, 0.94",-1.75%,-0.94,11
6,443,"0.05, 0.96","0.05, 0.95",-1.79%,-0.95,11
6,444,"0.00, 0.92","0.00, 1.00",-1.92%,-1.00,11
6,445,"0.04, 1.00","0.04, 0.96",-1.88%,-0.96,11
6,446,"0.00, 1.00","0.00, 1.00",-2.00%,-1.00,10
6,447,"0.00, 0.95","0.00, 1.00",-2.04%,-1.00,10
6,448,"0.03, 0.97","0.03, 0.97",-2.02%,-0.97,10
6,449,"0.00, 0.99","0.00, 1.00",-2.13%,-1.00,10
6,450,"0.07, 1.00","0.06, 0.94",-2.04%,-0.94,10
6,451,"0.00, 1.00","0.00, 1.00",-2.22%,-1.00,9
6,452,"0.00, 0.97","0.00, 1.00",-2.27%,-1.00,9
6,453,"0.00, 0.95","0.00, 1.00",-2.33%,-1.00,9
6,454,"0.09, 0.99","0.08, 0.92",-2.19%,-0.92,9
6,455,"0.13, 0.99","0.12, 0.88",-2.15%,-0.88,8
6,456,"0.07, 0.91","0.08, 0.92",-2.31%,-0.92,8
6,457,"0.00, 0.94","0.00, 1.00",-2.56%,-1.00,8
6,458,"0.02, 1.00","0.02, 0.98",-2.59%,-0.98,8
6,459,"0.00, 1.00","0.00, 1.00",-2.70%,-1.00,8
6,460,"0.00, 0.99","0.00, 1.00",-2.78%,-1.00,7
6,461,"0.08, 0.96","0.08, 0.92",-2.64%,-0.92,7
6,462,"0.00, 1.00","0.00, 1.00",-2.94%,-1.00,7
6,463,"0.00, 0.93","0.00, 1.00",-3.03%,-1.00,7
6,464,"0.00, 1.00","0.00, 1.00",-3.12%,-1.00,7
6,465,"0.03, 0.98","0.02, 0.98",-3.15%,-0.98,6
6,466,"0.00, 1.00","0.00, 1.00",-3.33%,-1.00,6
6,467,"0.03, 1.00","0.03, 0.97",-3.34%,-0.97,6
6,468,"0.02, 0.99","0.02, 0.98",-3.48%,-0.98,6
6,469,"0.00, 1.00","0.00, 1.00",-3.70%,-1.00,6
6,470,"0.00, 0.95","0.00, 1.00",-3.84%,-1.00,5
6,471,"0.02, 1.00","0.02, 0.98",-3.91%,-0.98,5
6,472,"0.05, 0.96","0.05, 0.95",-3.97%,-0.95,5
6,473,"0.00, 1.00","0.00, 1.00",-4.35%,-1.00,5
6,474,"0.00, 1.00","0.00, 1.00",-4.55%,-1.00,5
6,475,"0.00, 0.97","0.00, 1.00",-4.76%,-1.00,4
6,476,"0.00, 1.00","0.00, 1.00",-5.00%,-1.00,4
6,477,"0.00, 1.00","0.00, 1.00",-5.26%,-1.00,4
6,478,"0.06, 1.00","0.06, 0.94",-5.23%,-0.94,4
6,479,"0.01, 1.00","0.01, 0.99",-5.82%,-0.99,3
6,480,"0.06, 0.95","0.06, 0.94",-5.86%,-0.94,3
6,481,"0.00, 0.95","0.00, 1.00",-6.67%,-1.00,3
6,482,"0.00, 1.00","0.00, 1.00",-7.14%,-1.00,3
6,483,"0.06, 0.96","0.06, 0.94",-7.25%,-0.94,3
6,484,"0.00, 1.00","0.00, 1.00",-8.33%,-1.00,2
6,485,"0.00, 1.00","0.00, 1.00",-9.09%,-1.00,2
6,486,"0.00, 1.00","0.00, 1.00",-10.00%,-1.00,2
6,487,"0.00, 1.00","0.00, 1.00",-11.11%,-1.00,2
6,488,"0.09, 1.00","0.08, 0.92",-11.52%,-0.92,2
6,489,"0.00, 1.00","0.00, 1.00",-14.29%,-1.00,1
6,490,"0.02, 1.00","0.02, 0.98",-16.35%,-0.98,1
6,491,"0.00, 0.99","0.00, 1.00",-20.00%,-1.00,1
6,492,"0.00, 0.96","0.00, 1.00",-25.00%,-1.00,1
6,493,"0.00, 1.00","0.00, 1.00",-33.33%,-1.00,0
6,494,"0.11, 1.00","0.10, 0.90",-44.99%,-0.90,0
7,1,"0.50, 0.50","0.50, 0.50",-0.10%,-0.50,100
7,2,"0.05, 0.98","0.05, 0.95",-0.19%,-0.95,100
7,3,"0.01, 0.97","0.01, 0.99",-0.20%,-0.99,100
7,4,"0.06, 1.00","0.06, 0.94",-0.19%,-0.94,99
7,5,"0.00, 0.91","0.00, 1.00",-0.20%,-1.00,99
7,6,"0.03, 1.00","0.03, 0.97",-0.20%,-0.97,99
7,7,"0.07, 1.00","0.07, 0.93",-0.19%,-0.93,99
7,8,"0.04, 0.99","0.04, 0.96",-0.20%,-0.96,99
7,9,"0.03, 0.99","0.02, 0.98",-0.20%,-0.98,98
7,10,"0.02, 0.97","0.02, 0.98",-0.20%,-0.98,98
7,11,"0.00, 0.92","0.00, 1.00",-0.21%,-1.00,98
7,12,"0.06, 1.00","0.05, 0.95",-0.20%,-0.95,98
7,13,"0.03, 0.97","0.03, 0.97",-0.20%,-0.97,98
7,14,"0.00, 0.98","0.00, 1.00",-0.21%,-1.00,97
7,15,"0.00, 0.98","0.00, 1.00",-0.21%,-1.00,97
7,16,"0.00, 1.00","0.00, 1.00",-0.21%,-1.00,97
7,17,"0.11, 1.00","0.10, 0.90",-0.19%,-0.90,97
7,18,"0.01, 0.98","0.01, 0.99",-0.21%,-0.99,97
7,19,"0.00, 1.00","0.00, 1.00",-0.21%,-1.00,96
7,20,"0.01, 0.97","0.01, 0.99",-0.21%,-0.99,96
7,21,"0.00, 1.00","0.00, 1.00",-0.21%,-1.00,96
7,22,"0.01, 0.99","0.01, 0.99",-0.21%,-0.99,96
7,23,"0.01, 0.96","0.01, 0.99",-0.21%,-0.99,96
7,24,"0.00, 0.93","0.00, 1.00",-0.21%,-1.00,95
7,25,"0.00, 1.00","0.00, 1.00",-0.21%,-1.00,95
7,26,"0.00, 1.00","0.00, 1.00",-0.21%,-1.00,95
7,27,"0.11, 0.96","0.10, 0.90",-0.19%,-0.90,95
7,28,"0.00, 1.00","0.00, 1.00",-0.21%,-1.00,95
7,29,"0.01, 0.91","0.01, 0.99",-0.21%,-0.99,94
7,30,"0.04, 0.99","0.04, 0.96",-0.21%,-0.96,94
7,31,"0.01, 1.00","0.01, 0.99",-0.21%,-0.99,94
7,32,"0.04, 0.92","0.04, 0.96",-0.21%,-0.96,94
7,33,"0.03, 0.99","0.03, 0.97",-0.21%,-0.97,94
7,34,"0.04, 0.97","0.04, 0.96",-0.21%,-0.96,93
7,35,"0.06, 0.92","0.06, 0.94",-0.20%,-0.94,93
7,36,"0.00, 1.00","0.00, 1.00",-0.22%,-1.00,93
7,37,"0.00, 1.00","0.00, 1.00",-0.22%,-1.00,93
7,38,"0.00, 1.00","0.00, 1.00",-0.22%,-1.00,93
7,39,"0.06, 0.99","0.06, 0.94",-0.21%,-0.94,92
7,40,"0.00, 0.93","0.00, 1.00",-0.22%,-1.00,92
7,41,"0.00, 1.00","0.00, 1.00",-0.22%,-1.00,92
7,42,"0.05, 1.00","0.05, 0.95",-0.21%,-0.95,92
7,43,"0.00, 1.00","0.00, 1.00",-0.22%,-1.00,92
7,44,"0.07, 1.00","0.06, 0.94",-0.21%,-0.94,91
7,45,"0.01, 1.00","0.01, 0.99",-0.22%,-0.99,91
7,46,"0.00, 0.98","0.00, 1.00",-0.22%,-1.00,91
7,47,"0.00, 0.99","0.00, 1.00",-0.22%,-1.00,91
7,48,"0.10, 1.00","0.09, 0.91",-0.20%,-0.91,91
7,49,"0.00, 1.00","0.00, 1.00",-0.22%,-1.00,90
7,50,"0.00, 0.92","0.00, 1.00",-0.22%,-1.00,90
7,51,"0.01, 1.00","0.01, 0.99",-0.22%,-0.99,90
7,52,"0.02, 1.00","0.02, 0.98",-0.22%,-0.98,90
7,53,"0.02, 1.00","0.02, 0.98",-0.22%,-0.98,90
7,54,"0.00, 1.00","0.00, 1.00",-0.23%,-1.00,89
7,55,"0.08, 0.99","0.07, 0.93",-0.21%,-0.93,89
7,56,"0.03, 1.00","0.03, 0.97",-0.22%,-0.97,89
7,57,"0.02, 0.95","0.02, 0.98",-0.22%,-0.98,89
7,58,"0.01, 0.88","0.01, 0.99",-0.23%,-0.99,89
7,59,"0.00, 0.98","0.00, 1.00",-0.23%,-1.00,88
7,60,"0.00, 1.00","0.00, 1.00",-0.23%,-1.00,88
7,61,"0.00, 0.85","0.00, 1.00",-0.23%,-1.00,88
7,62,"0.07, 0.99","0.07, 0.93",-0.21%,-0.93,88
7,63,"0.02, 1.00","0.02, 0.98",-0.23%,-0.98,88
7,64,"0.00, 0.91","0.00, 1.00",-0.23%,-1.00,87
7,65,"0.00, 1.00","0.00, 1.00",-0.23%,-1.00,87
7,66,"0.03, 1.00","0.03, 0.97",-0.23%,-0.97,87
7,67,"0.00, 1.00","0.00, 1.00",-0.23%,-1.00,87
7,68,"0.00, 1.00","0.00, 1.00",-0.23%,-1.00,87
7,69,"0.06, 0.92","0.06, 0.94",-0.22%,-0.94,86
7,70,"0.00, 1.00","0.00, 1.00",-0.23%,-1.00,86
7,71,"0.00, 1.00","0.00, 1.00",-0.24%,-1.00,86
7,72,"0.03, 0.99","0.03, 0.97",-0.23%,-0.97,86
7,73,"0.04, 0.95","0.04, 0.96",-0.23%,-0.96,86
7,74,"0.00, 1.00","0.00, 1.00",-0.24%,-1.00,85
7,75,"0.07, 0.96","0.07, 0.93",-0.22%,-0.93,85
7,76,"0.02, 1.00","0.02, 0.98",-0.23%,-0.98,85
7,77,"0.01, 1.00","0.01, 0.99",-0.24%,-0.99,85
7,78,"0.00, 1.00","0.00, 1.00",-0.24%,-1.00,85
7,79,"0.06, 1.00","0.06, 0.94",-0.23%,-0.94,84
7,80,"0.00, 1.00","0.00, 1.00",-0.24%,-1.00,84
7,81,"0.00, 1.00","0.00, 1.00",-0.24%,-1.00,84
7,82,"0.02, 0.97","0.02, 0.98",-0.24%,-0.98,84
7,83,"0.00, 0.89","0.00, 1.00",-0.24%,-1.00,84
7,84,"0.08, 1.00","0.07, 0.93",-0.23%,-0.93,83
7,85,"0.00, 0.93","0.00, 1.00",-0.24%,-1.00,83
7,86,"0.00, 0.98","0.00, 1.00",-0.24%,-1.00,83
7,87,"0.00, 1.00","0.00, 1.00",-0.24%,-1.00,83
7,88,"0.00, 0.94","0.00, 1.00",-0.25%,-1.00,83
7,89,"0.07, 1.00","0.07, 0.93",-0.23%,-0.93,82
7,90,"0.02, 1.00","0.02, 0.98",-0.24%,-0.98,82
7,91,"0.00, 0.95","0.00, 1.00",-0.25%,-1.00,82
7,92,"0.00, 1.00","0.00, 1.00",-0.25%,-1.00,82
7,93,"0.00, 1.00","0.00, 1.00",-0.25%,-1.00,82
7,94,"0.00, 0.92","0.00, 1.00",-0.25%,-1.00,81
7,95,"0.00, 0.94","0.00, 1.00",-0.25%,-1.00,81
7,96,"0.00, 0.98","0.00, 1.00",-0.25%,-1.00,81
7,97,"0.00, 0.98","0.00, 1.00",-0.25%,-1.00,81
7,98,"0.00, 0.98","0.00, 1.00",-0.25%,-1.00,81
7,99,"0.00, 0.96","0.00, 1.00",-0.25%,-1.00,80
7,100,"0.00, 1.00","0.00, 1.00",-0.25%,-1.00,80
7,101,"0.00, 0.99","0.00, 1.00",-0.25%,-1.00,80
7,102,"0.03, 1.00","0.02, 0.98",-0.25%,-0.98,80
7,103,"0.00, 0.99","0.00, 1.00",-0.25%,-1.00,80
7,104,"0.00, 0.98","0.00, 1.00",-0.26%,-1.00,79
7,105,"0.00, 1.00","0.00, 1.00",-0.26%,-1.00,79
7,106,"0.03, 0.93","0.03, 0.97",-0.25%,-0.97,79
7,107,"0.01, 1.00","0.01, 0.99",-0.25%,-0.99,79
7,108,"0.06, 0.96","0.06, 0.94",-0.24%,-0.94,79
7,109,"0.06, 1.00","0.05, 0.95",-0.24%,-0.95,78
7,110,"0.00, 1.00","0.00, 1.00",-0.26%,-1.00,78
7,111,"0.03, 1.00","0.03, 0.97",-0.25%,-0.97,78
7,112,"0.00, 1.00","0.00, 1.00",-0.26%,-1.00,78
7,113,"0.02, 0.98","0.02, 0.98",-0.26%,-0.98,78
7,114,"0.04, 1.00","0.04, 0.96",-0.25%,-0.96,77
7,115,"0.07, 1.00","0.06, 0.94",-0.25%,-0.94,77
7,116,"0.00, 1.00","0.00, 1.00",-0.26%,-1.00,77
7,117,"0.00, 0.97","0.00, 1.00",-0.26%,-1.00,77
7,118,"0.00, 1.00","0.00, 1.00",-0.26%,-1.00,77
7,119,"0.03, 1.00","0.03, 0.97",-0.26%,-0.97,76
7,120,"0.00, 0.98","0.00, 1.00",-0.27%,-1.00,76
7,121,"0.05, 0.93","0.05, 0.95",-0.25%,-0.95,76
7,122,"0.05, 0.98","0.04, 0.96",-0.26%,-0.96,76
7,123,"0.03, 0.92","0.03, 0.97",-0.26%,-0.97,76
7,124,"0.05, 0.94","0.05, 0.95",-0.26%,-0.95,75
7,125,"0.00, 0.98","0.00, 1.00",-0.27%,-1.00,75
7,126,"0.00, 0.99","0.00, 1.00",-0.27%,-1.00,75
7,127,"0.00, 1.00","0.00, 1.00",-0.27%,-1.00,75
7,128,"0.00, 0.94","0.00, 1.00",-0.27%,-1.00,75
7,129,"0.06, 1.00","0.06, 0.94",-0.26%,-0.94,74
7,130,"0.01, 1.00","0.01, 0.99",-0.27%,-0.99,74
7,131,"0.00, 1.00","0.00, 1.00",-0.27%,-1.00,74
7,132,"0.02, 1.00","0.02, 0.98",-0.27%,-0.98,74
7,133,"0.02, 1.00","0.02, 0.98",-0.27%,-0.98,74
7,134,"0.07, 0.97","0.06, 0.94",-0.26%,-0.94,73
7,135,"0.00, 1.00","0.00, 1.00",-0.28%,-1.00,73
7,136,"0.00, 0.99","0.00, 1.00",-0.28%,-1.00,73
7,137,"0.00, 1.00","0.00, 1.00",-0.28%,-1.00,73
7,138,"0.00, 1.00","0.00, 1.00",-0.28%,-1.00,73
7,139,"0.04, 1.00","0.04, 0.96",-0.27%,-0.96,72
7,140,"0.00, 1.00","0.00, 1.00",-0.28%,-1.00,72
7,141,"0.01, 1.00","0.01, 0.99",-0.28%,-0.99,72
7,142,"0.00, 0.98","0.00, 1.00",-0.28%,-1.00,72
7,143,"0.00, 1.00","0.00, 1.00",-0.28%,-1.00,72
7,144,"0.00, 1.00","0.00, 1.00",-0.28%,-1.00,71
7,145,"0.00, 0.98","0.00, 1.00",-0.28%,-1.00,71
7,146,"0.09, 1.00","0.08, 0.92",-0.26%,-0.92,71
7,147,"0.02, 0.96","0.03, 0.97",-0.28%,-0.97,71
7,148,"0.03, 1.00","0.03, 0.97",-0.28%,-0.97,71
7,149,"0.07, 1.00","0.06, 0.94",-0.27%,-0.94,70
7,150,"0.00, 1.00","0.00, 1.00",-0.29%,-1.00,70
7,151,"0.04, 1.00","0.04, 0.96",-0.28%,-0.96,70
7,152,"0.00, 1.00","0.00, 1.00",-0.29%,-1.00,70
7,153,"0.00, 0.93","0.00, 1.00",-0.29%,-1.00,70
7,154,"0.01, 1.00","0.01, 0.99",-0.29%,-0.99,69
7,155,"0.09, 0.96","0.08, 0.92",-0.27%,-0.92,69
7,156,"0.00, 0.99","0.00, 1.00",-0.29%,-1.00,69
7,157,"0.00, 1.00","0.00, 1.00",-0.29%,-1.00,69
7,158,"0.00, 1.00","0.00, 1.00",-0.30%,-1.00,69
7,159,"0.00, 1.00","0.00, 1.00",-0.30%,-1.00,68
7,160,"0.05, 1.00","0.05, 0.95",-0.28%,-0.95,68
7,161,"0.03, 1.00","0.03, 0.97",-0.29%,-0.97,68
7,162,"0.07, 1.00","0.06, 0.94",-0.28%,-0.94,68
7,163,"0.02, 1.00","0.02, 0.98",-0.30%,-0.98,68
7,164,"0.04, 1.00","0.03, 0.97",-0.29%,-0.97,67
7,165,"0.00, 1.00","0.00, 1.00",-0.30%,-1.00,67
7,166,"0.00, 1.00","0.00, 1.00",-0.30%,-1.00,67
7,167,"0.00, 0.98","0.00, 1.00",-0.30%,-1.00,67
7,168,"0.02, 1.00","0.02, 0.98",-0.30%,-0.98,67
7,169,"0.00, 0.92","0.00, 1.00",-0.31%,-1.00,66
7,170,"0.00, 1.00","0.00, 1.00",-0.31%,-1.00,66
7,171,"0.04, 0.98","0.04, 0.96",-0.29%,-0.96,66
7,172,"0.02, 0.95","0.02, 0.98",-0.30%,-0.98,66
7,173,"0.00, 1.00","0.00, 1.00",-0.31%,-1.00,66
7,174,"0.00, 1.00","0.00, 1.00",-0.31%,-1.00,65
7,175,"0.00, 1.00","0.00, 1.00",-0.31%,-1.00,65
7,176,"0.01, 1.00","0.01, 0.99",-0.31%,-0.99,65
7,177,"0.08, 0.99","0.07, 0.93",-0.29%,-0.93,65
7,178,"0.05, 0.99","0.04, 0.96",-0.30%,-0.96,65
7,179,"0.06, 0.93","0.06, 0.94",-0.30%,-0.94,64
7,180,"0.03, 0.94","0.03, 0.97",-0.31%,-0.97,64
7,181,"0.00, 0.97","0.00, 1.00",-0.32%,-1.00,64
7,182,"0.00, 0.90","0.00, 1.00",-0.32%,-1.00,64
7,183,"0.00, 1.00","0.00, 1.00",-0.32%,-1.00,64
7,184,"0.00, 0.99","0.00, 1.00",-0.32%,-1.00,63
7,185,"0.01, 1.00","0.01, 0.99",-0.32%,-0.99,63
7,186,"0.00, 0.97","0.00, 1.00",-0.32%,-1.00,63
7,187,"0.03, 1.00","0.03, 0.97",-0.31%,-0.97,63
7,188,"0.01, 1.00","0.01, 0.99",-0.32%,-0.99,63
7,189,"0.09, 0.99","0.08, 0.92",-0.30%,-0.92,62
7,190,"0.05, 0.99","0.05, 0.95",-0.31%,-0.95,62
7,191,"0.06, 1.00","0.06, 0.94",-0.31%,-0.94,62
7,192,"0.00, 1.00","0.00, 1.00",-0.33%,-1.00,62
7,193,"0.04, 0.99","0.04, 0.96",-0.32%,-0.96,62
7,194,"0.01, 1.00","0.01, 0.99",-0.33%,-0.99,61
7,195,"0.04, 0.99","0.04, 0.96",-0.32%,-0.96,61
7,196,"0.03, 0.98","0.03, 0.97",-0.32%,-0.97,61
7,197,"0.03, 1.00","0.03, 0.97",-0.33%,-0.97,61
7,198,"0.00, 0.95","0.00, 1.00",-0.34%,-1.00,61
7,199,"0.00, 1.00","0.00, 1.00",-0.34%,-1.00,60
7,200,"0.02, 1.00","0.02, 0.98",-0.33%,-0.98,60
7,201,"0.10, 0.96","0.10, 0.90",-0.31%,-0.90,60
7,202,"0.00, 0.96","0.00, 1.00",-0.34%,-1.00,60
7,203,"0.06, 0.97","0.06, 0.94",-0.32%,-0.94,60
7,204,"0.00, 1.00","0.00, 1.00",-0.34%,-1.00,59
7,205,"0.04, 1.00","0.04, 0.96",-0.33%,-0.96,59
7,206,"0.00, 1.00","0.00, 1.00",-0.34%,-1.00,59
7,207,"0.00, 0.95","0.00, 1.00",-0.35%,-1.00,59
7,208,"0.07, 0.98","0.06, 0.94",-0.33%,-0.94,59
7,209,"0.00, 1.00","0.00, 1.00",-0.35%,-1.00,58
7,210,"0.00, 0.93","0.00, 1.00",-0.35%,-1.00,58
7,211,"0.00, 1.00","0.00, 1.00",-0.35%,-1.00,58
7,212,"0.00, 0.94","0.00, 1.00",-0.35%,-1.00,58
7,213,"0.00, 0.99","0.00, 1.00",-0.35%,-1.00,58
7,214,"0.05, 0.92","0.05, 0.95",-0.34%,-0.95,57
7,215,"0.03, 1.00","0.03, 0.97",-0.35%,-0.97,57
7,216,"0.10, 0.98","0.10, 0.90",-0.32%,-0.90,57
7,217,"0.04, 0.95","0.04, 0.96",-0.34%,-0.96,57
7,218,"0.00, 1.00","0.00, 1.00",-0.36%,-1.00,57
7,219,"0.04, 0.91","0.04, 0.96",-0.35%,-0.96,56
7,220,"0.00, 1.00","0.00, 1.00",-0.36%,-1.00,56
7,221,"0.00, 1.00","0.00, 1.00",-0.36%,-1.00,56
7,222,"0.08, 1.00","0.08, 0.92",-0.34%,-0.92,56
7,223,"0.00, 0.96","0.00, 1.00",-0.37%,-1.00,56
7,224,"0.09, 0.97","0.09, 0.91",-0.34%,-0.91,55
7,225,"0.01, 1.00","0.01, 0.99",-0.36%,-0.99,55
7,226,"0.00, 0.98","0.00, 1.00",-0.37%,-1.00,55
7,227,"0.05, 1.00","0.05, 0.95",-0.35%,-0.95,55
7,228,"0.01, 0.98","0.01, 0.99",-0.37%,-0.99,55
7,229,"0.00, 1.00","0.00, 1.00",-0.37%,-1.00,54
7,230,"0.03, 0.91","0.04, 0.96",-0.36%,-0.96,54
7,231,"0.03, 0.93","0.03, 0.97",-0.37%,-0.97,54
7,232,"0.07, 1.00","0.07, 0.93",-0.35%,-0.93,54
7,233,"0.01, 1.00","0.01, 0.99",-0.38%,-0.99,54
7,234,"0.02, 0.94","0.02, 0.98",-0.37%,-0.98,53
7,235,"0.00, 0.97","0.00, 1.00",-0.38%,-1.00,53
7,236,"0.08, 1.00","0.07, 0.93",-0.36%,-0.93,53
7,237,"0.13, 0.99","0.11, 0.89",-0.34%,-0.89,53
7,238,"0.09, 1.00","0.08, 0.92",-0.36%,-0.92,53
7,239,"0.00, 1.00","0.00, 1.00",-0.39%,-1.00,53
7,240,"0.00, 1.00","0.00, 1.00",-0.39%,-1.00,52
7,241,"0.00, 1.00","0.00, 1.00",-0.39%,-1.00,52
7,242,"0.02, 0.99","0.02, 0.98",-0.39%,-0.98,52
7,243,"0.05, 0.96","0.05, 0.95",-0.38%,-0.95,52
7,244,"0.00, 0.96","0.00, 1.00",-0.40%,-1.00,52
7,245,"0.05, 1.00","0.05, 0.95",-0.38%,-0.95,51
7,246,"0.02, 1.00","0.02, 0.98",-0.39%,-0.98,51
7,247,"0.08, 0.93","0.07, 0.93",-0.37%,-0.93,51
7,248,"0.00, 0.96","0.00, 1.00",-0.40%,-1.00,51
7,249,"0.00, 0.98","0.00, 1.00",-0.40%,-1.00,51
7,250,"0.00, 0.98","0.00, 1.00",-0.41%,-1.00,50
7,251,"0.03, 1.00","0.03, 0.97",-0.40%,-0.97,50
7,252,"0.02, 0.95","0.02, 0.98",-0.40%,-0.98,50
7,253,"0.02, 1.00","0.02, 0.98",-0.40%,-0.98,50
7,254,"0.01, 0.96","0.01, 0.99",-0.41%,-0.99,49
7,255,"0.05, 1.00","0.05, 0.95",-0.39%,-0.95,49
7,256,"0.01, 0.97","0.01, 0.99",-0.41%,-0.99,49
7,257,"0.12, 1.00","0.11, 0.89",-0.37%,-0.89,49
7,258,"0.00, 1.00","0.00, 1.00",-0.42%,-1.00,49
7,259,"0.06, 1.00","0.05, 0.95",-0.40%,-0.95,49
7,260,"0.04, 0.95","0.04, 0.96",-0.41%,-0.96,48
7,261,"0.04, 1.00","0.04, 0.96",-0.41%,-0.96,48
7,262,"0.00, 0.94","0.00, 1.00",-0.43%,-1.00,48
7,263,"0.02, 1.00","0.02, 0.98",-0.42%,-0.98,48
7,264,"0.08, 1.00","0.07, 0.93",-0.40%,-0.93,48
7,265,"0.00, 0.90","0.00, 1.00",-0.43%,-1.00,47
7,266,"0.03, 1.00","0.03, 0.97",-0.42%,-0.97,47
7,267,"0.01, 1.00","0.01, 0.99",-0.43%,-0.99,47
7,268,"0.10, 1.00","0.09, 0.91",-0.40%,-0.91,47
7,269,"0.02, 1.00","0.02, 0.98",-0.43%,-0.98,47
7,270,"0.00, 1.00","0.00, 1.00",-0.44%,-1.00,46
7,271,"0.10, 0.85","0.10, 0.90",-0.40%,-0.90,46
7,272,"0.00, 1.00","0.00, 1.00",-0.45%,-1.00,46
7,273,"0.01, 1.00","0.01, 0.99",-0.44%,-0.99,46
7,274,"0.00, 0.95","0.00, 1.00",-0.45%,-1.00,46
7,275,"0.00, 1.00","0.00, 1.00",-0.45%,-1.00,45
7,276,"0.04, 1.00","0.04, 0.96",-0.44%,-0.96,45
7,277,"0.02, 1.00","0.02, 0.98",-0.45%,-0.98,45
7,278,"0.02, 1.00","0.02, 0.98",-0.45%,-0.98,45
7,279,"0.00, 0.95","0.00, 1.00",-0.46%,-1.00,45
7,280,"0.00, 1.00","0.00, 1.00",-0.46%,-1.00,44
7,281,"0.00, 1.00","0.00, 1.00",-0.47%,-1.00,44
7,282,"0.02, 1.00","0.02, 0.98",-0.46%,-0.98,44
7,283,"0.00, 0.94","0.00, 1.00",-0.47%,-1.00,44
7,284,"0.03, 0.96","0.03, 0.97",-0.46%,-0.97,43
7,285,"0.06, 0.97","0.06, 0.94",-0.45%,-0.94,43
7,286,"0.00, 1.00","0.00, 1.00",-0.48%,-1.00,43
7,287,"0.00, 0.94","0.00, 1.00",-0.48%,-1.00,43
7,288,"0.09, 0.90","0.09, 0.91",-0.44%,-0.91,43
7,289,"0.05, 1.00","0.05, 0.95",-0.46%,-0.95,42
7,290,"0.00, 1.00","0.00, 1.00",-0.49%,-1.00,42
7,291,"0.00, 0.99","0.00, 1.00",-0.49%,-1.00,42
7,292,"0.00, 1.00","0.00, 1.00",-0.49%,-1.00,42
7,293,"0.00, 0.94","0.00, 1.00",-0.49%,-1.00,42
7,294,"0.00, 0.94","0.00, 1.00",-0.50%,-1.00,41
7,295,"0.00, 1.00","0.00, 1.00",-0.50%,-1.00,41
7,296,"0.00, 1.00","0.00, 1.00",-0.50%,-1.00,41
7,297,"0.06, 1.00","0.06, 0.94",-0.47%,-0.94,41
7,298,"0.01, 1.00","0.01, 0.99",-0.50%,-0.99,41
7,299,"0.00, 0.84","0.00, 1.00",-0.51%,-1.00,40
7,300,"0.00, 1.00","0.00, 1.00",-0.51%,-1.00,40
7,301,"0.02, 1.00","0.02, 0.98",-0.50%,-0.98,40
7,302,"0.01, 0.98","0.01, 0.99",-0.51%,-0.99,40
7,303,"0.00, 0.98","0.00, 1.00",-0.52%,-1.00,40
7,304,"0.05, 0.99","0.05, 0.95",-0.50%,-0.95,39
7,305,"0.02, 1.00","0.02, 0.98",-0.52%,-0.98,39
7,306,"0.00, 1.00","0.00, 1.00",-0.53%,-1.00,39
7,307,"0.04, 1.00","0.04, 0.96",-0.51%,-0.96,39
7,308,"0.12, 1.00","0.11, 0.89",-0.48%,-0.89,39
7,309,"0.04, 1.00","0.03, 0.97",-0.52%,-0.97,38
7,310,"0.15, 0.99","0.13, 0.87",-0.47%,-0.87,38
7,311,"0.00, 0.93","0.00, 1.00",-0.54%,-1.00,38
7,312,"0.00, 1.00","0.00, 1.00",-0.54%,-1.00,38
7,313,"0.06, 0.95","0.06, 0.94",-0.52%,-0.94,38
7,314,"0.10, 0.98","0.09, 0.91",-0.50%,-0.91,37
7,315,"0.00, 1.00","0.00, 1.00",-0.55%,-1.00,37
7,316,"0.02, 0.96","0.02, 0.98",-0.55%,-0.98,37
7,317,"0.01, 0.93","0.01, 0.99",-0.55%,-0.99,37
7,318,"0.02, 0.93","0.02, 0.98",-0.55%,-0.98,37
7,319,"0.03, 0.91","0.03, 0.97",-0.55%,-0.97,36
7,320,"0.01, 0.95","0.01, 0.99",-0.56%,-0.99,36
7,321,"0.02, 1.00","0.02, 0.98",-0.56%,-0.98,36
7,322,"0.00, 0.95","0.00, 1.00",-0.57%,-1.00,36
7,323,"0.00, 1.00","0.00, 1.00",-0.58%,-1.00,36
7,324,"0.04, 1.00","0.04, 0.96",-0.56%,-0.96,35
7,325,"0.00, 1.00","0.00, 1.00",-0.58%,-1.00,35
7,326,"0.00, 1.00","0.00, 1.00",-0.59%,-1.00,35
7,327,"0.00, 1.00","0.00, 1.00",-0.59%,-1.00,35
7,328,"0.04, 0.99","0.03, 0.97",-0.57%,-0.97,35
7,329,"0.00, 1.00","0.00, 1.00",-0.60%,-1.00,34
7,330,"0.01, 0.96","0.01, 0.99",-0.60%,-0.99,34
7,331,"0.06, 1.00","0.06, 0.94",-0.57%,-0.94,34
7,332,"0.00, 1.00","0.00, 1.00",-0.61%,-1.00,34
7,333,"0.08, 1.00","0.08, 0.92",-0.57%,-0.92,34
7,334,"0.01, 0.93","0.01, 0.99",-0.61%,-0.99,33
7,335,"0.05, 1.00","0.05, 0.95",-0.59%,-0.95,33
7,336,"0.00, 0.97","0.00, 1.00",-0.62%,-1.00,33
7,337,"0.03, 0.99","0.03, 0.97",-0.61%,-0.97,33
7,338,"0.00, 1.00","0.00, 1.00",-0.63%,-1.00,33
7,339,"0.05, 0.96","0.05, 0.95",-0.61%,-0.95,32
7,340,"0.01, 1.00","0.01, 0.99",-0.63%,-0.99,32
7,341,"0.00, 0.87","0.00, 1.00",-0.65%,-1.00,32
7,342,"0.00, 1.00","0.00, 1.00",-0.65%,-1.00,32
7,343,"0.02, 1.00","0.02, 0.98",-0.64%,-0.98,32
7,344,"0.00, 1.00","0.00, 1.00",-0.66%,-1.00,31
7,345,"0.02, 0.89","0.02, 0.98",-0.65%,-0.98,31
7,346,"0.03, 0.94","0.03, 0.97",-0.65%,-0.97,31
7,347,"0.10, 1.00","0.09, 0.91",-0.61%,-0.91,31
7,348,"0.02, 1.00","0.02, 0.98",-0.66%,-0.98,31
7,349,"0.00, 1.00","0.00, 1.00",-0.68%,-1.00,30
7,350,"0.03, 1.00","0.03, 0.97",-0.66%,-0.97,30
7,351,"0.00, 0.84","0.00, 1.00",-0.69%,-1.00,30
7,352,"0.06, 0.99","0.06, 0.94",-0.65%,-0.94,30
7,353,"0.04, 1.00","0.04, 0.96",-0.67%,-0.96,30
7,354,"0.00, 1.00","0.00, 1.00",-0.70%,-1.00,29
7,355,"0.10, 0.95","0.09, 0.91",-0.64%,-0.91,29
7,356,"0.02, 1.00","0.02, 0.98",-0.70%,-0.98,29
7,357,"0.00, 1.00","0.00, 1.00",-0.72%,-1.00,29
7,358,"0.00, 1.00","0.00, 1.00",-0.72%,-1.00,29
7,359,"0.00, 0.93","0.00, 1.00",-0.73%,-1.00,28
7,360,"0.00, 1.00","0.00, 1.00",-0.74%,-1.00,28
7,361,"0.00, 1.00","0.00, 1.00",-0.74%,-1.00,28
7,362,"0.04, 1.00","0.04, 0.96",-0.72%,-0.96,28
7,363,"0.00, 0.95","0.00, 1.00",-0.75%,-1.00,27
7,364,"0.00, 1.00","0.00, 1.00",-0.76%,-1.00,27
7,365,"0.00, 0.93","0.00, 1.00",-0.76%,-1.00,27
7,366,"0.00, 0.94","0.00, 1.00",-0.77%,-1.00,27
7,367,"0.00, 1.00","0.00, 1.00",-0.78%,-1.00,27
7,368,"0.01, 0.95","0.01, 0.99",-0.77%,-0.99,26
7,369,"0.07, 0.98","0.06, 0.94",-0.74%,-0.94,26
7,370,"0.09, 1.00","0.09, 0.91",-0.73%,-0.91,26
7,371,"0.00, 0.95","0.00, 1.00",-0.80%,-1.00,26
7,372,"0.00, 0.97","0.00, 1.00",-0.81%,-1.00,26
7,373,"0.00, 0.95","0.00, 1.00",-0.81%,-1.00,25
7,374,"0.00, 1.00","0.00, 1.00",-0.82%,-1.00,25
7,375,"0.00, 1.00","0.00, 1.00",-0.83%,-1.00,25
7,376,"0.00, 1.00","0.00, 1.00",-0.83%,-1.00,25
7,377,"0.00, 0.98","0.00, 1.00",-0.84%,-1.00,25
7,378,"0.06, 1.00","0.06, 0.94",-0.80%,-0.94,24
7,379,"0.00, 0.98","0.00, 1.00",-0.85%,-1.00,24
7,380,"0.00, 1.00","0.00, 1.00",-0.86%,-1.00,24
7,381,"0.03, 1.00","0.03, 0.97",-0.85%,-0.97,24
7,382,"0.00, 0.93","0.00, 1.00",-0.88%,-1.00,24
7,383,"0.00, 1.00","0.00, 1.00",-0.88%,-1.00,23
7,384,"0.00, 1.00","0.00, 1.00",-0.89%,-1.00,23
7,385,"0.02, 1.00","0.01, 0.99",-0.89%,-0.99,23
7,386,"0.03, 1.00","0.03, 0.97",-0.88%,-0.97,23
7,387,"0.00, 1.00","0.00, 1.00",-0.92%,-1.00,23
7,388,"0.07, 1.00","0.07, 0.93",-0.86%,-0.93,22
7,389,"0.00, 1.00","0.00, 1.00",-0.93%,-1.00,22
7,390,"0.00, 1.00","0.00, 1.00",-0.94%,-1.00,22
7,391,"0.01, 1.00","0.01, 0.99",-0.95%,-0.99,22
7,392,"0.05, 1.00","0.05, 0.95",-0.91%,-0.95,22
7,393,"0.01, 1.00","0.01, 0.99",-0.97%,-0.99,21
7,394,"0.00, 1.00","0.00, 1.00",-0.98%,-1.00,21
7,395,"0.06, 0.98","0.06, 0.94",-0.94%,-0.94,21
7,396,"0.00, 0.97","0.00, 1.00",-1.00%,-1.00,21
7,397,"0.00, 0.97","0.00, 1.00",-1.01%,-1.00,20
7,398,"0.00, 0.90","0.00, 1.00",-1.02%,-1.00,20
7,399,"0.00, 1.00","0.00, 1.00",-1.03%,-1.00,20
7,400,"0.05, 0.99","0.05, 0.95",-0.99%,-0.95,20
7,401,"0.00, 1.00","0.00, 1.00",-1.05%,-1.00,20
7,402,"0.00, 0.98","0.00, 1.00",-1.06%,-1.00,19
7,403,"0.10, 1.00","0.09, 0.91",-0.98%,-0.91,19
7,404,"0.00, 0.96","0.00, 1.00",-1.08%,-1.00,19
7,405,"0.00, 0.95","0.00, 1.00",-1.10%,-1.00,19
7,406,"0.00, 0.99","0.00, 1.00",-1.11%,-1.00,19
7,407,"0.01, 1.00","0.01, 0.99",-1.11%,-0.99,18
7,408,"0.00, 0.99","0.00, 1.00",-1.14%,-1.00,18
7,409,"0.02, 0.96","0.02, 0.98",-1.12%,-0.98,18
7,410,"0.00, 0.98","0.00, 1.00",-1.16%,-1.00,18
7,411,"0.02, 0.99","0.02, 0.98",-1.16%,-0.98,18
7,412,"0.00, 1.00","0.00, 1.00",-1.19%,-1.00,17
7,413,"0.00, 1.00","0.00, 1.00",-1.20%,-1.00,17
7,414,"0.00, 0.97","0.00, 1.00",-1.22%,-1.00,17
7,415,"0.00, 1.00","0.00, 1.00",-1.23%,-1.00,17
7,416,"0.06, 1.00","0.05, 0.95",-1.18%,-0.95,17
7,417,"0.00, 1.00","0.00, 1.00",-1.27%,-1.00,16
7,418,"0.03, 0.96","0.03, 0.97",-1.24%,-0.97,16
7,419,"0.00, 0.94","0.00, 1.00",-1.30%,-1.00,16
7,420,"0.06, 0.95","0.06, 0.94",-1.23%,-0.94,16
7,421,"0.03, 1.00","0.03, 0.97",-1.30%,-0.97,16
7,422,"0.06, 1.00","0.06, 0.94",-1.27%,-0.94,15
7,423,"0.00, 1.00","0.00, 1.00",-1.37%,-1.00,15
7,424,"0.00, 1.00","0.00, 1.00",-1.39%,-1.00,15
7,425,"0.06, 1.00","0.05, 0.95",-1.33%,-0.95,15
7,426,"0.00, 0.96","0.00, 1.00",-1.43%,-1.00,15
7,427,"0.00, 1.00","0.00, 1.00",-1.45%,-1.00,14
7,428,"0.00, 0.97","0.00, 1.00",-1.47%,-1.00,14
7,429,"0.00, 1.00","0.00, 1.00",-1.49%,-1.00,14
7,430,"0.05, 1.00","0.05, 0.95",-1.44%,-0.95,14
7,431,"0.07, 1.00","0.07, 0.93",-1.43%,-0.93,13
7,432,"0.00, 0.89","0.00, 1.00",-1.56%,-1.00,13
7,433,"0.06, 0.98","0.06, 0.94",-1.49%,-0.94,13
7,434,"0.00, 1.00","0.00, 1.00",-1.61%,-1.00,13
7,435,"0.00, 0.93","0.00, 1.00",-1.64%,-1.00,13
7,436,"0.02, 0.96","0.02, 0.98",-1.63%,-0.98,12
7,437,"0.00, 0.87","0.00, 1.00",-1.69%,-1.00,12
7,438,"0.00, 0.99","0.00, 1.00",-1.72%,-1.00,12
7,439,"0.02, 1.00","0.02, 0.98",-1.72%,-0.98,12
7,440,"0.00, 0.98","0.00, 1.00",-1.79%,-1.00,12
7,441,"0.00, 0.95","0.00, 1.00",-1.82%,-1.00,11
7,442,"0.00, 0.99","0.00, 1.00",-1.85%,-1.00,11
7,443,"0.00, 0.96","0.00, 1.00",-1.89%,-1.00,11
7,444,"0.00, 0.95","0.00, 1.00",-1.92%,-1.00,11
7,445,"0.00, 0.99","0.00, 1.00",-1.96%,-1.00,11
7,446,"0.06, 0.98","0.06, 0.94",-1.88%,-0.94,10
7,447,"0.00, 1.00","0.00, 1.00",-2.04%,-1.00,10
7,448,"0.00, 0.90","0.00, 1.00",-2.08%,-1.00,10
7,449,"0.09, 1.00","0.09, 0.91",-1.94%,-0.91,10
7,450,"0.06, 0.93","0.06, 0.94",-2.04%,-0.94,10
7,451,"0.02, 0.99","0.02, 0.98",-2.18%,-0.98,9
7,452,"0.11, 0.98","0.10, 0.90",-2.05%,-0.90,9
7,453,"0.01, 1.00","0.01, 0.99",-2.30%,-0.99,9
7,454,"0.00, 0.94","0.00, 1.00",-2.38%,-1.00,9
7,455,"0.00, 1.00","0.00, 1.00",-2.44%,-1.00,9
7,456,"0.04, 1.00","0.03, 0.97",-2.42%,-0.97,8
7,457,"0.05, 1.00","0.05, 0.95",-2.45%,-0.95,8
7,458,"0.02, 1.00","0.02, 0.98",-2.58%,-0.98,8
7,459,"0.03, 0.97","0.03, 0.97",-2.62%,-0.97,8
7,460,"0.03, 0.99","0.03, 0.97",-2.70%,-0.97,7
7,461,"0.00, 1.00","0.00, 1.00",-2.86%,-1.00,7
7,462,"0.00, 1.00","0.00, 1.00",-2.94%,-1.00,7
7,463,"0.00, 1.00","0.00, 1.00",-3.03%,-1.00,7
7,464,"0.00, 1.00","0.00, 1.00",-3.12%,-1.00,7
7,465,"0.04, 0.93","0.04, 0.96",-3.11%,-0.96,6
7,466,"0.03, 1.00","0.03, 0.97",-3.24%,-0.97,6
7,467,"0.02, 1.00","0.02, 0.98",-3.37%,-0.98,6
7,468,"0.03, 0.99","0.03, 0.97",-3.48%,-0.97,6
7,469,"0.00, 0.95","0.00, 1.00",-3.70%,-1.00,6
7,470,"0.06, 1.00","0.06, 0.94",-3.62%,-0.94,5
7,471,"0.02, 0.96","0.02, 0.98",-3.92%,-0.98,5
7,472,"0.03, 1.00","0.03, 0.97",-4.03%,-0.97,5
7,473,"0.00, 0.99","0.00, 1.00",-4.35%,-1.00,5
7,474,"0.00, 1.00","0.00, 1.00",-4.55%,-1.00,5
7,475,"0.04, 0.98","0.04, 0.96",-4.57%,-0.96,4
7,476,"0.03, 1.00","0.03, 0.97",-4.87%,-0.97,4
7,477,"0.02, 0.99","0.02, 0.98",-5.18%,-0.98,4
7,478,"0.00, 0.97","0.00, 1.00",-5.56%,-1.00,4
7,479,"0.09, 1.00","0.08, 0.92",-5.42%,-0.92,3
7,480,"0.03, 0.99","0.03, 0.97",-6.09%,-0.97,3
7,481,"0.00, 0.87","0.00, 1.00",-6.67%,-1.00,3
7,482,"0.00, 1.00","0.00, 1.00",-7.14%,-1.00,3
7,483,"0.11, 0.97","0.10, 0.90",-6.91%,-0.90,3
7,484,"0.00, 0.93","0.00, 1.00",-8.33%,-1.00,2
7,485,"0.08, 1.00","0.07, 0.93",-8.42%,-0.93,2
7,486,"0.02, 0.99","0.02, 0.98",-9.80%,-0.98,2
7,487,"0.05, 0.98","0.05, 0.95",-10.59%,-0.95,2
7,488,"0.04, 1.00","0.03, 0.97",-12.07%,-0.97,2
7,489,"0.00, 1.00","0.00, 1.00",-14.29%,-1.00,1
7,490,"0.00, 1.00","0.00, 1.00",-16.67%,-1.00,1
7,491,"0.00, 1.00","0.00, 1.00",-20.00%,-1.00,1
7,492,"0.02, 0.94","0.02, 0.98",-24.60%,-0.98,1
7,493,"0.07, 0.99","0.06, 0.94",-31.28%,-0.94,0
7,494,"0.01, 0.98","0.01, 0.99",-49.48%,-0.99,0
8,1,"0.50, 0.50","0.50, 0.50",-0.10%,-0.50,100
8,2,"0.00, 0.97","0.00, 1.00",-0.20%,-1.00,100
8,3,"0.00, 0.99","0.00, 1.00",-0.20%,-1.00,99
8,4,"0.03, 0.94","0.03, 0.97",-0.20%,-0.97,99
8,5,"0.09, 1.00","0.09, 0.91",-0.19%,-0.91,99
8,6,"0.04, 0.98","0.04, 0.96",-0.20%,-0.96,99
8,7,"0.04, 0.97","0.04, 0.96",-0.20%,-0.96,99
8,8,"0.00, 1.00","0.00, 1.00",-0.20%,-1.00,99
8,9,"0.00, 0.95","0.00, 1.00",-0.21%,-1.00,98
8,10,"0.04, 0.98","0.04, 0.96",-0.20%,-0.96,98
8,11,"0.00, 1.00","0.00, 1.00",-0.21%,-1.00,98
8,12,"0.01, 1.00","0.01, 0.99",-0.20%,-0.99,98
8,13,"0.01, 0.99","0.01, 0.99",-0.21%,-0.99,98
8,14,"0.03, 0.93","0.03, 0.97",-0.20%,-0.97,97
8,15,"0.06, 0.96","0.06, 0.94",-0.20%,-0.94,97
8,16,"0.03, 1.00","0.03, 0.97",-0.20%,-0.97,97
8,17,"0.05, 0.99","0.04, 0.96",-0.20%,-0.96,97
8,18,"0.02, 1.00","0.02, 0.98",-0.21%,-0.98,97
8,19,"0.00, 1.00","0.00, 1.00",-0.21%,-1.00,96
8,20,"0.05, 1.00","0.05, 0.95",-0.20%,-0.95,96
8,21,"0.02, 0.97","0.02, 0.98",-0.21%,-0.98,96
8,22,"0.07, 0.98","0.06, 0.94",-0.20%,-0.94,96
8,23,"0.00, 0.95","0.00, 1.00",-0.21%,-1.00,96
8,24,"0.00, 0.92","0.00, 1.00",-0.21%,-1.00,95
8,25,"0.04, 0.99","0.04, 0.96",-0.20%,-0.96,95
8,26,"0.08, 1.00","0.08, 0.92",-0.20%,-0.92,95
8,27,"0.03, 1.00","0.03, 0.97",-0.21%,-0.97,95
8,28,"0.03, 1.00","0.03, 0.97",-0.21%,-0.97,95
8,29,"0.00, 0.96","0.00, 1.00",-0.21%,-1.00,94
8,30,"0.01, 1.00","0.01, 0.99",-0.21%,-0.99,94
8,31,"0.00, 1.00","0.00, 1.00",-0.22%,-1.00,94
8,32,"0.00, 1.00","0.00, 1.00",-0.22%,-1.00,94
8,33,"0.00, 1.00","0.00, 1.00",-0.22%,-1.00,94
8,34,"0.10, 1.00","0.09, 0.91",-0.20%,-0.91,93
8,35,"0.00, 1.00","0.00, 1.00",-0.22%,-1.00,93
8,36,"0.00, 0.97","0.00, 1.00",-0.22%,-1.00,93
8,37,"0.00, 1.00","0.00, 1.00",-0.22%,-1.00,93
8,38,"0.08, 1.00","0.08, 0.92",-0.20%,-0.92,93
8,39,"0.07, 1.00","0.07, 0.93",-0.20%,-0.93,92
8,40,"0.00, 1.00","0.00, 1.00",-0.22%,-1.00,92
8,41,"0.01, 0.97","0.01, 0.99",-0.22%,-0.99,92
8,42,"0.00, 0.95","0.01, 0.99",-0.22%,-0.99,92
8,43,"0.00, 1.00","0.00, 1.00",-0.22%,-1.00,92
8,44,"0.00, 1.00","0.00, 1.00",-0.22%,-1.00,91
8,45,"0.03, 0.99","0.03, 0.97",-0.22%,-0.97,91
8,46,"0.09, 0.99","0.08, 0.92",-0.20%,-0.92,91
8,47,"0.00, 1.00","0.00, 1.00",-0.22%,-1.00,91
8,48,"0.03, 1.00","0.03, 0.97",-0.22%,-0.97,91
8,49,"0.09, 0.96","0.08, 0.92",-0.21%,-0.92,90
8,50,"0.02, 0.94","0.02, 0.98",-0.22%,-0.98,90
8,51,"0.00, 1.00","0.00, 1.00",-0.22%,-1.00,90
8,52,"0.07, 0.94","0.07, 0.93",-0.21%,-0.93,90
8,53,"0.05, 0.91","0.05, 0.95",-0.21%,-0.95,90
8,54,"0.06, 0.97","0.06, 0.94",-0.21%,-0.94,89
8,55,"0.00, 1.00","0.00, 1.00",-0.23%,-1.00,89
8,56,"0.00, 1.00","0.00, 1.00",-0.23%,-1.00,89
8,57,"0.03, 0.99","0.03, 0.97",-0.22%,-0.97,89
8,58,"0.00, 1.00","0.00, 1.00",-0.23%,-1.00,89
8,59,"0.00, 0.98","0.00, 1.00",-0.23%,-1.00,88
8,60,"0.00, 1.00","0.00, 1.00",-0.23%,-1.00,88
8,61,"0.00, 1.00","0.00, 1.00",-0.23%,-1.00,88
8,62,"0.00, 0.94","0.00, 1.00",-0.23%,-1.00,88
8,63,"0.03, 0.94","0.03, 0.97",-0.22%,-0.97,88
8,64,"0.00, 1.00","0.00, 1.00",-0.23%,-1.00,87
8,65,"0.00, 1.00","0.00, 1.00",-0.23%,-1.00,87
8,66,"0.02, 1.00","0.02, 0.98",-0.23%,-0.98,87
8,67,"0.00, 0.97","0.00, 1.00",-0.23%,-1.00,87
8,68,"0.02, 1.00","0.02, 0.98",-0.23%,-0.98,87
8,69,"0.00, 0.97","0.00, 1.00",-0.23%,-1.00,86
8,70,"0.00, 1.00","0.00, 1.00",-0.23%,-1.00,86
8,71,"0.04, 1.00","0.04, 0.96",-0.23%,-0.96,86
8,72,"0.01, 1.00","0.01, 0.99",-0.23%,-0.99,86
8,73,"0.00, 0.99","0.00, 1.00",-0.24%,-1.00,86
8,74,"0.05, 1.00","0.05, 0.95",-0.22%,-0.95,85
8,75,"0.01, 0.96","0.01, 0.99",-0.24%,-0.99,85
8,76,"0.00, 1.00","0.00, 1.00",-0.24%,-1.00,85
8,77,"0.00, 0.93","0.00, 1.00",-0.24%,-1.00,85
8,78,"0.03, 0.98","0.03, 0.97",-0.23%,-0.97,85
8,79,"0.09, 0.93","0.09, 0.91",-0.22%,-0.91,84
8,80,"0.02, 1.00","0.02, 0.98",-0.24%,-0.98,84
8,81,"0.09, 1.00","0.08, 0.92",-0.22%,-0.92,84
8,82,"0.00, 1.00","0.00, 1.00",-0.24%,-1.00,84
8,83,"0.07, 0.97","0.06, 0.94",-0.23%,-0.94,84
8,84,"0.00, 0.99","0.00, 1.00",-0.24%,-1.00,83
8,85,"0.00, 0.96","0.00, 1.00",-0.24%,-1.00,83
8,86,"0.00, 1.00","0.00, 1.00",-0.24%,-1.00,83
8,87,"0.00, 1.00","0.00, 1.00",-0.24%,-1.00,83
8,88,"0.04, 1.00","0.04, 0.96",-0.24%,-0.96,83
8,89,"0.01, 1.00","0.01, 0.99",-0.24%,-0.99,82
8,90,"0.06, 1.00","0.06, 0.94",-0.23%,-0.94,82
8,91,"0.00, 0.99","0.00, 1.00",-0.25%,-1.00,82
8,92,"0.04, 1.00","0.03, 0.97",-0.24%,-0.97,82
8,93,"0.00, 0.98","0.00, 1.00",-0.25%,-1.00,82
8,94,"0.00, 1.00","0.00, 1.00",-0.25%,-1.00,81
8,95,"0.00, 1.00","0.00, 1.00",-0.25%,-1.00,81
8,96,"0.02, 1.00","0.02, 0.98",-0.25%,-0.98,81
8,97,"0.01, 1.00","0.01, 0.99",-0.25%,-0.99,81
8,98,"0.00, 0.98","0.00, 1.00",-0.25%,-1.00,81
8,99,"0.04, 1.00","0.04, 0.96",-0.24%,-0.96,80
8,100,"0.00, 1.00","0.00, 1.00",-0.25%,-1.00,80
8,101,"0.02, 1.00","0.02, 0.98",-0.25%,-0.98,80
8,102,"0.14, 0.96","0.13, 0.87",-0.22%,-0.87,80
8,103,"0.04, 0.92","0.04, 0.96",-0.24%,-0.96,80
8,104,"0.11, 1.00","0.10, 0.90",-0.23%,-0.90,80
8,105,"0.00, 1.00","0.00, 1.00",-0.26%,-1.00,79
8,106,"0.00, 1.00","0.00, 1.00",-0.26%,-1.00,79
8,107,"0.02, 0.94","0.02, 0.98",-0.25%,-0.98,79
8,108,"0.00, 1.00","0.00, 1.00",-0.26%,-1.00,79
8,109,"0.05, 0.98","0.05, 0.95",-0.25%,-0.95,79
8,110,"0.03, 1.00","0.03, 0.97",-0.25%,-0.97,78
8,111,"0.00, 1.00","0.00, 1.00",-0.26%,-1.00,78
8,112,"0.02, 1.00","0.02, 0.98",-0.25%,-0.98,78
8,113,"0.09, 1.00","0.08, 0.92",-0.24%,-0.92,78
8,114,"0.04, 0.94","0.04, 0.96",-0.25%,-0.96,78
8,115,"0.01, 1.00","0.01, 0.99",-0.26%,-0.99,77
8,116,"0.00, 0.92","0.00, 1.00",-0.26%,-1.00,77
8,117,"0.00, 0.98","0.00, 1.00",-0.26%,-1.00,77
8,118,"0.00, 1.00","0.00, 1.00",-0.26%,-1.00,77
8,119,"0.03, 0.93","0.04, 0.96",-0.26%,-0.96,77
8,120,"0.02, 1.00","0.02, 0.98",-0.26%,-0.98,76
8,121,"0.00, 1.00","0.00, 1.00",-0.27%,-1.00,76
8,122,"0.00, 1.00","0.00, 1.00",-0.27%,-1.00,76
8,123,"0.00, 0.97","0.00, 1.00",-0.27%,-1.00,76
8,124,"0.01, 0.99","0.01, 0.99",-0.27%,-0.99,76
8,125,"0.00, 1.00","0.00, 1.00",-0.27%,-1.00,75
8,126,"0.00, 0.97","0.00, 1.00",-0.27%,-1.00,75
8,127,"0.00, 1.00","0.00, 1.00",-0.27%,-1.00,75
8,128,"0.00, 1.00","0.00, 1.00",-0.27%,-1.00,75
8,129,"0.00, 0.94","0.00, 1.00",-0.27%,-1.00,74
8,130,"0.08, 0.92","0.08, 0.92",-0.25%,-0.92,74
8,131,"0.04, 0.96","0.04, 0.96",-0.26%,-0.96,74
8,132,"0.01, 1.00","0.01, 0.99",-0.27%,-0.99,74
8,133,"0.00, 0.91","0.00, 1.00",-0.28%,-1.00,74
8,134,"0.00, 1.00","0.00, 1.00",-0.28%,-1.00,73
8,135,"0.03, 0.99","0.02, 0.98",-0.27%,-0.98,73
8,136,"0.00, 1.00","0.00, 1.00",-0.28%,-1.00,73
8,137,"0.00, 1.00","0.00, 1.00",-0.28%,-1.00,73
8,138,"0.00, 1.00","0.00, 1.00",-0.28%,-1.00,73
8,139,"0.00, 0.89","0.00, 1.00",-0.28%,-1.00,72
8,140,"0.07, 0.97","0.07, 0.93",-0.26%,-0.93,72
8,141,"0.00, 0.96","0.00, 1.00",-0.28%,-1.00,72
8,142,"0.00, 1.00","0.00, 1.00",-0.28%,-1.00,72
8,143,"0.00, 1.00","0.00, 1.00",-0.28%,-1.00,72
8,144,"0.00, 1.00","0.00, 1.00",-0.28%,-1.00,71
8,145,"0.00, 1.00","0.00, 1.00",-0.28%,-1.00,71
8,146,"0.03, 1.00","0.03, 0.97",-0.28%,-0.97,71
8,147,"0.00, 1.00","0.00, 1.00",-0.29%,-1.00,71
8,148,"0.00, 1.00","0.00, 1.00",-0.29%,-1.00,71
8,149,"0.00, 0.96","0.00, 1.00",-0.29%,-1.00,70
8,150,"0.02, 1.00","0.02, 0.98",-0.28%,-0.98,70
8,151,"0.00, 1.00","0.00, 1.00",-0.29%,-1.00,70
8,152,"0.01, 1.00","0.01, 0.99",-0.29%,-0.99,70
8,153,"0.00, 0.95","0.00, 1.00",-0.29%,-1.00,70
8,154,"0.04, 1.00","0.03, 0.97",-0.28%,-0.97,69
8,155,"0.05, 0.97","0.04, 0.96",-0.28%,-0.96,69
8,156,"0.07, 1.00","0.06, 0.94",-0.28%,-0.94,69
8,157,"0.00, 1.00","0.00, 1.00",-0.29%,-1.00,69
8,158,"0.00, 1.00","0.00, 1.00",-0.30%,-1.00,69
8,159,"0.03, 1.00","0.03, 0.97",-0.29%,-0.97,68
8,160,"0.07, 1.00","0.07, 0.93",-0.28%,-0.93,68
8,161,"0.00, 1.00","0.00, 1.00",-0.30%,-1.00,68
8,162,"0.00, 0.99","0.00, 1.00",-0.30%,-1.00,68
8,163,"0.00, 0.98","0.00, 1.00",-0.30%,-1.00,68
8,164,"0.09, 0.95","0.09, 0.91",-0.27%,-0.91,67
8,165,"0.00, 0.98","0.00, 1.00",-0.30%,-1.00,67
8,166,"0.07, 0.97","0.07, 0.93",-0.28%,-0.93,67
8,167,"0.01, 1.00","0.01, 0.99",-0.30%,-0.99,67
8,168,"0.04, 0.99","0.04, 0.96",-0.29%,-0.96,67
8,169,"0.04, 1.00","0.04, 0.96",-0.29%,-0.96,66
8,170,"0.00, 1.00","0.00, 1.00",-0.31%,-1.00,66
8,171,"0.00, 0.96","0.00, 1.00",-0.31%,-1.00,66
8,172,"0.07, 0.98","0.06, 0.94",-0.29%,-0.94,66
8,173,"0.11, 0.96","0.10, 0.90",-0.28%,-0.90,66
8,174,"0.00, 0.97","0.00, 1.00",-0.31%,-1.00,66
8,175,"0.07, 1.00","0.07, 0.93",-0.29%,-0.93,65
8,176,"0.00, 0.96","0.00, 1.00",-0.31%,-1.00,65
8,177,"0.10, 1.00","0.09, 0.91",-0.29%,-0.91,65
8,178,"0.00, 1.00","0.00, 1.00",-0.31%,-1.00,65
8,179,"0.00, 1.00","0.00, 1.00",-0.32%,-1.00,65
8,180,"0.05, 1.00","0.05, 0.95",-0.30%,-0.95,64
8,181,"0.02, 0.99","0.02, 0.98",-0.31%,-0.98,64
8,182,"0.00, 1.00","0.00, 1.00",-0.32%,-1.00,64
8,183,"0.06, 1.00","0.06, 0.94",-0.30%,-0.94,64
8,184,"0.00, 0.98","0.00, 1.00",-0.32%,-1.00,64
8,185,"0.00, 1.00","0.00, 1.00",-0.32%,-1.00,63
8,186,"0.00, 1.00","0.00, 1.00",-0.32%,-1.00,63
8,187,"0.00, 0.94","0.00, 1.00",-0.32%,-1.00,63
8,188,"0.02, 1.00","0.02, 0.98",-0.32%,-0.98,63
8,189,"0.00, 0.98","0.00, 1.00",-0.33%,-1.00,63
8,190,"0.00, 0.95","0.00, 1.00",-0.33%,-1.00,62
8,191,"0.00, 0.93","0.00, 1.00",-0.33%,-1.00,62
8,192,"0.09, 0.95","0.08, 0.92",-0.30%,-0.92,62
8,193,"0.00, 1.00","0.00, 1.00",-0.33%,-1.00,62
8,194,"0.00, 0.96","0.00, 1.00",-0.33%,-1.00,62
8,195,"0.02, 0.88","0.02, 0.98",-0.32%,-0.98,61
8,196,"0.00, 1.00","0.00, 1.00",-0.33%,-1.00,61
8,197,"0.00, 1.00","0.00, 1.00",-0.33%,-1.00,61
8,198,"0.17, 1.00","0.14, 0.86",-0.29%,-0.86,61
8,199,"0.10, 0.93","0.09, 0.91",-0.31%,-0.91,61
8,200,"0.00, 0.99","0.00, 1.00",-0.34%,-1.00,60
8,201,"0.04, 0.99","0.04, 0.96",-0.33%,-0.96,60
8,202,"0.02, 0.94","0.02, 0.98",-0.33%,-0.98,60
8,203,"0.00, 0.97","0.00, 1.00",-0.34%,-1.00,60
8,204,"0.00, 0.94","0.00, 1.00",-0.34%,-1.00,60
8,205,"0.00, 1.00","0.00, 1.00",-0.34%,-1.00,59
8,206,"0.00, 1.00","0.00, 1.00",-0.34%,-1.00,59
8,207,"0.03, 0.93","0.03, 0.97",-0.33%,-0.97,59
8,208,"0.00, 0.88","0.00, 1.00",-0.35%,-1.00,59
8,209,"0.04, 0.88","0.04, 0.96",-0.33%,-0.96,59
8,210,"0.00, 1.00","0.00, 1.00",-0.35%,-1.00,58
8,211,"0.05, 1.00","0.05, 0.95",-0.33%,-0.95,58
8,212,"0.09, 1.00","0.08, 0.92",-0.32%,-0.92,58
8,213,"0.00, 0.93","0.00, 1.00",-0.35%,-1.00,58
8,214,"0.00, 0.98","0.00, 1.00",-0.35%,-1.00,58
8,215,"0.00, 1.00","0.00, 1.00",-0.36%,-1.00,57
8,216,"0.01, 1.00","0.01, 0.99",-0.35%,-0.99,57
8,217,"0.01, 1.00","0.01, 0.99",-0.35%,-0.99,57
8,218,"0.05, 1.00","0.05, 0.95",-0.34%,-0.95,57
8,219,"0.01, 1.00","0.01, 0.99",-0.36%,-0.99,57
8,220,"0.00, 1.00","0.00, 1.00",-0.36%,-1.00,56
8,221,"0.00, 0.98","0.00, 1.00",-0.36%,-1.00,56
8,222,"0.00, 1.00","0.00, 1.00",-0.36%,-1.00,56
8,223,"0.02, 1.00","0.02, 0.98",-0.36%,-0.98,56
8,224,"0.03, 1.00","0.03, 0.97",-0.36%,-0.97,55
8,225,"0.01, 1.00","0.01, 0.99",-0.36%,-0.99,55
8,226,"0.07, 1.00","0.06, 0.94",-0.35%,-0.94,55
8,227,"0.02, 0.96","0.02, 0.98",-0.36%,-0.98,55
8,228,"0.01, 1.00","0.01, 0.99",-0.37%,-0.99,55
8,229,"0.00, 0.96","0.00, 1.00",-0.37%,-1.00,54
8,230,"0.02, 0.89","0.02, 0.98",-0.37%,-0.98,54
8,231,"0.07, 0.96","0.07, 0.93",-0.35%,-0.93,54
8,232,"0.00, 0.95","0.00, 1.00",-0.38%,-1.00,54
8,233,"0.03, 1.00","0.03, 0.97",-0.37%,-0.97,54
8,234,"0.00, 1.00","0.00, 1.00",-0.38%,-1.00,53
8,235,"0.01, 1.00","0.01, 0.99",-0.38%,-0.99,53
8,236,"0.03, 1.00","0.03, 0.97",-0.37%,-0.97,53
8,237,"0.05, 0.94","0.05, 0.95",-0.37%,-0.95,53
8,238,"0.03, 0.99","0.03, 0.97",-0.37%,-0.97,53
8,239,"0.00, 1.00","0.00, 1.00",-0.39%,-1.00,52
8,240,"0.03, 0.97","0.03, 0.97",-0.38%,-0.97,52
8,241,"0.00, 0.99","0.00, 1.00",-0.39%,-1.00,52
8,242,"0.00, 1.00","0.00, 1.00",-0.39%,-1.00,52
8,243,"0.00, 1.00","0.00, 1.00",-0.40%,-1.00,52
8,244,"0.00, 1.00","0.00, 1.00",-0.40%,-1.00,51
8,245,"0.06, 1.00","0.06, 0.94",-0.37%,-0.94,51
8,246,"0.10, 0.97","0.10, 0.90",-0.36%,-0.90,51
8,247,"0.01, 0.99","0.01, 0.99",-0.40%,-0.99,51
8,248,"0.00, 0.96","0.00, 1.00",-0.40%,-1.00,51
8,249,"0.00, 0.89","0.00, 1.00",-0.40%,-1.00,50
8,250,"0.01, 0.98","0.01, 0.99",-0.40%,-0.99,50
8,251,"0.06, 0.99","0.05, 0.95",-0.39%,-0.95,50
8,252,"0.00, 1.00","0.00, 1.00",-0.41%,-1.00,50
8,253,"0.00, 0.95","0.00, 1.00",-0.41%,-1.00,50
8,254,"0.00, 0.90","0.00, 1.00",-0.41%,-1.00,49
8,255,"0.00, 0.98","0.00, 1.00",-0.41%,-1.00,49
8,256,"0.03, 1.00","0.03, 0.97",-0.41%,-0.97,49
8,257,"0.00, 1.00","0.00, 1.00",-0.42%,-1.00,49
8,258,"0.04, 0.99","0.04, 0.96",-0.40%,-0.96,49
8,259,"0.00, 1.00","0.00, 1.00",-0.42%,-1.00,48
8,260,"0.01, 0.98","0.01, 0.99",-0.42%,-0.99,48
8,261,"0.03, 0.95","0.03, 0.97",-0.41%,-0.97,48
8,262,"0.00, 1.00","0.00, 1.00",-0.43%,-1.00,48
8,263,"0.00, 0.91","0.00, 1.00",-0.43%,-1.00,48
8,264,"0.02, 0.98","0.02, 0.98",-0.42%,-0.98,47
8,265,"0.00, 0.95","0.00, 1.00",-0.43%,-1.00,47
8,266,"0.03, 1.00","0.03, 0.97",-0.42%,-0.97,47
8,267,"0.00, 1.00","0.00, 1.00",-0.44%,-1.00,47
8,268,"0.05, 0.89","0.05, 0.95",-0.42%,-0.95,47
8,269,"0.00, 0.97","0.00, 1.00",-0.44%,-1.00,46
8,270,"0.00, 0.92","0.00, 1.00",-0.44%,-1.00,46
8,271,"0.00, 0.95","0.00, 1.00",-0.44%,-1.00,46
8,272,"0.00, 1.00","0.00, 1.00",-0.45%,-1.00,46
8,273,"0.00, 0.94","0.00, 1.00",-0.45%,-1.00,46
8,274,"0.00, 1.00","0.00, 1.00",-0.45%,-1.00,45
8,275,"0.09, 0.93","0.09, 0.91",-0.41%,-0.91,45
8,276,"0.00, 1.00","0.00, 1.00",-0.45%,-1.00,45
8,277,"0.07, 1.00","0.07, 0.93",-0.43%,-0.93,45
8,278,"0.00, 1.00","0.00, 1.00",-0.46%,-1.00,45
8,279,"0.00, 0.97","0.00, 1.00",-0.46%,-1.00,44
8,280,"0.03, 1.00","0.02, 0.98",-0.45%,-0.98,44
8,281,"0.10, 0.98","0.09, 0.91",-0.42%,-0.91,44
8,282,"0.00, 0.96","0.00, 1.00",-0.47%,-1.00,44
8,283,"0.00, 1.00","0.00, 1.00",-0.47%,-1.00,44
8,284,"0.00, 0.96","0.00, 1.00",-0.47%,-1.00,43
8,285,"0.00, 0.98","0.00, 1.00",-0.47%,-1.00,43
8,286,"0.02, 0.99","0.02, 0.98",-0.47%,-0.98,43
8,287,"0.12, 0.97","0.11, 0.89",-0.42%,-0.89,43
8,288,"0.00, 0.97","0.00, 1.00",-0.48%,-1.00,43
8,289,"0.00, 1.00","0.00, 1.00",-0.48%,-1.00,42
8,290,"0.11, 1.00","0.10, 0.90",-0.44%,-0.90,42
8,291,"0.01, 1.00","0.01, 0.99",-0.48%,-0.99,42
8,292,"0.07, 1.00","0.07, 0.93",-0.46%,-0.93,42
8,293,"0.05, 1.00","0.05, 0.95",-0.47%,-0.95,42
8,294,"0.00, 1.00","0.00, 1.00",-0.50%,-1.00,41
8,295,"0.00, 0.98","0.00, 1.00",-0.50%,-1.00,41
8,296,"0.08, 0.99","0.07, 0.93",-0.46%,-0.93,41
8,297,"0.00, 1.00","0.00, 1.00",-0.50%,-1.00,41
8,298,"0.00, 1.00","0.00, 1.00",-0.51%,-1.00,41
8,299,"0.00, 0.94","0.00, 1.00",-0.51%,-1.00,40
8,300,"0.00, 0.99","0.00, 1.00",-0.51%,-1.00,40
8,301,"0.01, 1.00","0.01, 0.99",-0.51%,-0.99,40
8,302,"0.00, 0.97","0.00, 1.00",-0.52%,-1.00,40
8,303,"0.00, 0.97","0.00, 1.00",-0.52%,-1.00,40
8,304,"0.03, 0.91","0.04, 0.96",-0.50%,-0.96,39
8,305,"0.01, 0.92","0.02, 0.98",-0.52%,-0.98,39
8,306,"0.00, 1.00","0.00, 1.00",-0.53%,-1.00,39
8,307,"0.00, 0.93","0.00, 1.00",-0.53%,-1.00,39
8,308,"0.00, 1.00","0.00, 1.00",-0.53%,-1.00,39
8,309,"0.00, 0.90","0.00, 1.00",-0.53%,-1.00,38
8,310,"0.09, 1.00","0.08, 0.92",-0.49%,-0.92,38
8,311,"0.00, 0.96","0.00, 1.00",-0.54%,-1.00,38
8,312,"0.03, 1.00","0.03, 0.97",-0.53%,-0.97,38
8,313,"0.00, 1.00","0.00, 1.00",-0.55%,-1.00,38
8,314,"0.00, 1.00","0.00, 1.00",-0.55%,-1.00,37
8,315,"0.00, 0.97","0.00, 1.00",-0.55%,-1.00,37
8,316,"0.00, 0.91","0.00, 1.00",-0.56%,-1.00,37
8,317,"0.05, 1.00","0.05, 0.95",-0.53%,-0.95,37
8,318,"0.00, 0.91","0.00, 1.00",-0.56%,-1.00,37
8,319,"0.01, 1.00","0.01, 0.99",-0.56%,-0.99,36
8,320,"0.00, 1.00","0.00, 1.00",-0.57%,-1.00,36
8,321,"0.00, 1.00","0.00, 1.00",-0.57%,-1.00,36
8,322,"0.12, 1.00","0.10, 0.90",-0.52%,-0.90,36
8,323,"0.04, 0.97","0.04, 0.96",-0.56%,-0.96,36
8,324,"0.10, 1.00","0.09, 0.91",-0.53%,-0.91,35
8,325,"0.00, 0.98","0.00, 1.00",-0.58%,-1.00,35
8,326,"0.00, 0.97","0.00, 1.00",-0.59%,-1.00,35
8,327,"0.04, 0.97","0.04, 0.96",-0.57%,-0.96,35
8,328,"0.01, 0.97","0.01, 0.99",-0.59%,-0.99,35
8,329,"0.05, 1.00","0.04, 0.96",-0.57%,-0.96,34
8,330,"0.01, 0.99","0.01, 0.99",-0.59%,-0.99,34
8,331,"0.00, 0.98","0.00, 1.00",-0.61%,-1.00,34
8,332,"0.00, 0.97","0.00, 1.00",-0.61%,-1.00,34
8,333,"0.05, 0.99","0.05, 0.95",-0.58%,-0.95,34
8,334,"0.01, 1.00","0.01, 0.99",-0.61%,-0.99,33
8,335,"0.00, 1.00","0.00, 1.00",-0.62%,-1.00,33
8,336,"0.00, 1.00","0.00, 1.00",-0.62%,-1.00,33
8,337,"0.07, 1.00","0.06, 0.94",-0.59%,-0.94,33
8,338,"0.00, 0.98","0.00, 1.00",-0.63%,-1.00,32
8,339,"0.01, 0.92","0.01, 0.99",-0.63%,-0.99,32
8,340,"0.00, 1.00","0.00, 1.00",-0.64%,-1.00,32
8,341,"0.03, 0.99","0.03, 0.97",-0.63%,-0.97,32
8,342,"0.04, 1.00","0.04, 0.96",-0.62%,-0.96,32
8,343,"0.01, 0.94","0.02, 0.98",-0.64%,-0.98,31
8,344,"0.00, 0.98","0.00, 1.00",-0.66%,-1.00,31
8,345,"0.02, 1.00","0.02, 0.98",-0.65%,-0.98,31
8,346,"0.03, 0.91","0.04, 0.96",-0.64%,-0.96,31
8,347,"0.01, 1.00","0.01, 0.99",-0.67%,-0.99,31
8,348,"0.00, 0.99","0.00, 1.00",-0.68%,-1.00,30
8,349,"0.00, 0.89","0.00, 1.00",-0.68%,-1.00,30
8,350,"0.00, 1.00","0.00, 1.00",-0.68%,-1.00,30
8,351,"0.00, 1.00","0.00, 1.00",-0.69%,-1.00,30
8,352,"0.02, 0.95","0.02, 0.98",-0.68%,-0.98,30
8,353,"0.12, 1.00","0.11, 0.89",-0.62%,-0.89,29
8,354,"0.00, 1.00","0.00, 1.00",-0.70%,-1.00,29
8,355,"0.04, 1.00","0.04, 0.96",-0.68%,-0.96,29
8,356,"0.03, 0.94","0.03, 0.97",-0.69%,-0.97,29
8,357,"0.00, 1.00","0.00, 1.00",-0.72%,-1.00,29
8,358,"0.05, 1.00","0.05, 0.95",-0.69%,-0.95,28
8,359,"0.00, 1.00","0.00, 1.00",-0.73%,-1.00,28
8,360,"0.02, 0.96","0.02, 0.98",-0.72%,-0.98,28
8,361,"0.00, 1.00","0.00, 1.00",-0.74%,-1.00,28
8,362,"0.01, 1.00","0.01, 0.99",-0.74%,-0.99,28
8,363,"0.00, 0.99","0.00, 1.00",-0.75%,-1.00,27
8,364,"0.01, 1.00","0.01, 0.99",-0.75%,-0.99,27
8,365,"0.00, 1.00","0.00, 1.00",-0.76%,-1.00,27
8,366,"0.00, 1.00","0.00, 1.00",-0.77%,-1.00,27
8,367,"0.00, 0.97","0.00, 1.00",-0.78%,-1.00,27
8,368,"0.00, 1.00","0.00, 1.00",-0.78%,-1.00,26
8,369,"0.03, 1.00","0.03, 0.97",-0.76%,-0.97,26
8,370,"0.00, 0.99","0.00, 1.00",-0.79%,-1.00,26
8,371,"0.04, 0.97","0.04, 0.96",-0.77%,-0.96,26
8,372,"0.00, 0.90","0.00, 1.00",-0.81%,-1.00,26
8,373,"0.00, 1.00","0.00, 1.00",-0.81%,-1.00,25
8,374,"0.00, 1.00","0.00, 1.00",-0.82%,-1.00,25
8,375,"0.00, 1.00","0.00, 1.00",-0.83%,-1.00,25
8,376,"0.02, 0.99","0.02, 0.98",-0.81%,-0.98,25
8,377,"0.00, 0.97","0.00, 1.00",-0.84%,-1.00,25
8,378,"0.03, 1.00","0.02, 0.98",-0.83%,-0.98,24
8,379,"0.05, 1.00","0.05, 0.95",-0.82%,-0.95,24
8,380,"0.00, 1.00","0.00, 1.00",-0.86%,-1.00,24
8,381,"0.00, 0.90","0.00, 1.00",-0.87%,-1.00,24
8,382,"0.00, 1.00","0.00, 1.00",-0.88%,-1.00,23
8,383,"0.00, 1.00","0.00, 1.00",-0.88%,-1.00,23
8,384,"0.07, 0.96","0.07, 0.93",-0.83%,-0.93,23
8,385,"0.00, 0.99","0.00, 1.00",-0.90%,-1.00,23
8,386,"0.07, 1.00","0.07, 0.93",-0.85%,-0.93,23
8,387,"0.00, 0.96","0.00, 1.00",-0.92%,-1.00,22
8,388,"0.00, 0.98","0.00, 1.00",-0.93%,-1.00,22
8,389,"0.01, 0.96","0.01, 0.99",-0.92%,-0.99,22
8,390,"0.00, 1.00","0.00, 1.00",-0.94%,-1.00,22
8,391,"0.00, 0.97","0.00, 1.00",-0.95%,-1.00,22
8,392,"0.00, 1.00","0.00, 1.00",-0.96%,-1.00,21
8,393,"0.04, 1.00","0.04, 0.96",-0.94%,-0.96,21
8,394,"0.06, 1.00","0.06, 0.94",-0.92%,-0.94,21
8,395,"0.00, 0.96","0.00, 1.00",-0.99%,-1.00,21
8,396,"0.00, 1.00","0.00, 1.00",-1.00%,-1.00,21
8,397,"0.00, 0.99","0.00, 1.00",-1.01%,-1.00,20
8,398,"0.00, 0.98","0.00, 1.00",-1.02%,-1.00,20
8,399,"0.02, 1.00","0.02, 0.98",-1.01%,-0.98,20
8,400,"0.00, 0.99","0.00, 1.00",-1.04%,-1.00,20
8,401,"0.00, 0.96","0.00, 1.00",-1.05%,-1.00,20
8,402,"0.00, 1.00","0.00, 1.00",-1.06%,-1.00,19
8,403,"0.00, 1.00","0.00, 1.00",-1.08%,-1.00,19
8,404,"0.00, 0.99","0.00, 1.00",-1.09%,-1.00,19
8,405,"0.03, 1.00","0.03, 0.97",-1.07%,-0.97,19
8,406,"0.08, 1.00","0.08, 0.92",-1.03%,-0.92,19
8,407,"0.00, 1.00","0.00, 1.00",-1.12%,-1.00,18
8,408,"0.08, 1.00","0.08, 0.92",-1.05%,-0.92,18
8,409,"0.02, 1.00","0.02, 0.98",-1.12%,-0.98,18
8,410,"0.00, 1.00","0.00, 1.00",-1.16%,-1.00,18
8,411,"0.11, 1.00","0.10, 0.90",-1.06%,-0.90,18
8,412,"0.02, 0.99","0.02, 0.98",-1.17%,-0.98,17
8,413,"0.07, 0.95","0.07, 0.93",-1.12%,-0.93,17
8,414,"0.00, 0.98","0.00, 1.00",-1.22%,-1.00,17
8,415,"0.00, 0.95","0.00, 1.00",-1.23%,-1.00,17
8,416,"0.05, 1.00","0.05, 0.95",-1.19%,-0.95,17
8,417,"0.03, 0.98","0.03, 0.97",-1.22%,-0.97,16
8,418,"0.00, 0.95","0.00, 1.00",-1.28%,-1.00,16
8,419,"0.00, 1.00","0.00, 1.00",-1.30%,-1.00,16
8,420,"0.08, 0.97","0.08, 0.92",-1.21%,-0.92,16
8,421,"0.00, 1.00","0.00, 1.00",-1.33%,-1.00,16
8,422,"0.00, 1.00","0.00, 1.00",-1.35%,-1.00,15
8,423,"0.00, 1.00","0.00, 1.00",-1.37%,-1.00,15
8,424,"0.00, 0.97","0.00, 1.00",-1.39%,-1.00,15
8,425,"0.03, 1.00","0.03, 0.97",-1.37%,-0.97,15
8,426,"0.10, 1.00","0.09, 0.91",-1.30%,-0.91,15
8,427,"0.00, 0.94","0.00, 1.00",-1.45%,-1.00,14
8,428,"0.00, 1.00","0.00, 1.00",-1.47%,-1.00,14
8,429,"0.00, 1.00","0.00, 1.00",-1.49%,-1.00,14
8,430,"0.03, 1.00","0.02, 0.98",-1.48%,-0.98,14
8,431,"0.00, 0.96","0.00, 1.00",-1.54%,-1.00,13
8,432,"0.00, 0.98","0.00, 1.00",-1.56%,-1.00,13
8,433,"0.03, 0.94","0.03, 0.97",-1.53%,-0.97,13
8,434,"0.06, 1.00","0.05, 0.95",-1.53%,-0.95,13
8,435,"0.00, 0.90","0.00, 1.00",-1.64%,-1.00,13
8,436,"0.00, 1.00","0.00, 1.00",-1.66%,-1.00,12
8,437,"0.00, 1.00","0.00, 1.00",-1.69%,-1.00,12
8,438,"0.00, 1.00","0.00, 1.00",-1.72%,-1.00,12
8,439,"0.04, 0.96","0.04, 0.96",-1.68%,-0.96,12
8,440,"0.00, 1.00","0.00, 1.00",-1.79%,-1.00,12
8,441,"0.00, 0.98","0.00, 1.00",-1.82%,-1.00,11
8,442,"0.00, 1.00","0.00, 1.00",-1.85%,-1.00,11
8,443,"0.04, 1.00","0.04, 0.96",-1.82%,-0.96,11
8,444,"0.00, 1.00","0.00, 1.00",-1.92%,-1.00,11
8,445,"0.00, 1.00","0.00, 1.00",-1.96%,-1.00,11
8,446,"0.00, 1.00","0.00, 1.00",-2.00%,-1.00,10
8,447,"0.00, 1.00","0.00, 1.00",-2.04%,-1.00,10
8,448,"0.00, 1.00","0.00, 1.00",-2.08%,-1.00,10
8,449,"0.00, 1.00","0.00, 1.00",-2.13%,-1.00,10
8,450,"0.00, 1.00","0.00, 1.00",-2.17%,-1.00,9
8,451,"0.10, 1.00","0.09, 0.91",-2.03%,-0.91,9
8,452,"0.00, 0.97","0.00, 1.00",-2.27%,-1.00,9
8,453,"0.06, 1.00","0.05, 0.95",-2.20%,-0.95,9
8,454,"0.00, 1.00","0.00, 1.00",-2.38%,-1.00,9
8,455,"0.08, 0.96","0.08, 0.92",-2.25%,-0.92,8
8,456,"0.00, 0.98","0.00, 1.00",-2.50%,-1.00,8
8,457,"0.00, 0.99","0.00, 1.00",-2.56%,-1.00,8
8,458,"0.00, 0.97","0.00, 1.00",-2.63%,-1.00,8
8,459,"0.00, 0.97","0.00, 1.00",-2.70%,-1.00,8
8,460,"0.00, 0.97","0.00, 1.00",-2.78%,-1.00,7
8,461,"0.06, 1.00","0.06, 0.94",-2.69%,-0.94,7
8,462,"0.00, 0.96","0.00, 1.00",-2.94%,-1.00,7
8,463,"0.09, 1.00","0.08, 0.92",-2.78%,-0.92,7
8,464,"0.00, 1.00","0.00, 1.00",-3.12%,-1.00,7
8,465,"0.00, 0.97","0.00, 1.00",-3.23%,-1.00,6
8,466,"0.02, 1.00","0.02, 0.98",-3.27%,-0.98,6
8,467,"0.00, 0.97","0.00, 1.00",-3.45%,-1.00,6
8,468,"0.01, 1.00","0.01, 0.99",-3.52%,-0.99,6
8,469,"0.01, 1.00","0.01, 0.99",-3.65%,-0.99,6
8,470,"0.00, 1.00","0.00, 1.00",-3.85%,-1.00,5
8,471,"0.08, 0.96","0.08, 0.92",-3.69%,-0.92,5
8,472,"0.00, 0.85","0.00, 1.00",-4.17%,-1.00,5
8,473,"0.00, 0.98","0.00, 1.00",-4.35%,-1.00,5
8,474,"0.09, 1.00","0.08, 0.92",-4.16%,-0.92,5
8,475,"0.01, 0.97","0.01, 0.99",-4.73%,-0.99,4
8,476,"0.02, 1.00","0.02, 0.98",-4.88%,-0.98,4
8,477,"0.00, 1.00","0.00, 1.00",-5.26%,-1.00,4
8,478,"0.03, 0.97","0.03, 0.97",-5.41%,-0.97,4
8,479,"0.01, 1.00","0.01, 0.99",-5.83%,-0.99,3
8,480,"0.06, 1.00","0.06, 0.94",-5.87%,-0.94,3
8,481,"0.00, 1.00","0.00, 1.00",-6.66%,-1.00,3
8,482,"0.00, 1.00","0.00, 1.00",-7.14%,-1.00,3
8,483,"0.00, 1.00","0.00, 1.00",-7.69%,-1.00,3
8,484,"0.00, 0.97","0.00, 1.00",-8.33%,-1.00,2
8,485,"0.00, 0.97","0.00, 1.00",-9.09%,-1.00,2
8,486,"0.11, 0.95","0.10, 0.90",-8.97%,-0.90,2
8,487,"0.03, 0.94","0.04, 0.96",-10.71%,-0.96,2
8,488,"0.00, 1.00","0.00, 1.00",-12.50%,-1.00,2
8,489,"0.02, 1.00","0.02, 0.98",-13.96%,-0.98,1
8,490,"0.00, 1.00","0.00, 1.00",-16.67%,-1.00,1
8,491,"0.00, 1.00","0.00, 1.00",-20.00%,-1.00,1
8,492,"0.01, 1.00","0.01, 0.99",-24.81%,-0.99,1
8,493,"0.00, 0.98","0.00, 1.00",-33.33%,-1.00,0
8,494,"0.02, 1.00","0.02, 0.98",-48.93%,-0.98,0
9,1,"0.50, 0.50","0.50, 0.50",-0.10%,-0.50,100
9,2,"0.06, 0.94","0.06, 0.94",-0.19%,-0.94,100
9,3,"0.06, 1.00","0.05, 0.95",-0.19%,-0.95,100
9,4,"0.01, 0.98","0.01, 0.99",-0.20%,-0.99,99
9,5,"0.05, 1.00","0.05, 0.95",-0.19%,-0.95,99
9,6,"0.00, 1.00","0.00, 1.00",-0.20%,-1.00,99
9,7,"0.00, 0.93","0.00, 1.00",-0.20%,-1.00,99
9,8,"0.05, 1.00","0.05, 0.95",-0.20%,-0.95,99
9,9,"0.04, 1.00","0.04, 0.96",-0.20%,-0.96,98
9,10,"0.05, 0.95","0.05, 0.95",-0.20%,-0.95,98
9,11,"0.00, 0.98","0.00, 1.00",-0.21%,-1.00,98
9,12,"0.00, 0.92","0.00, 1.00",-0.21%,-1.00,98
9,13,"0.00, 0.86","0.00, 1.00",-0.21%,-1.00,98
9,14,"0.04, 0.96","0.04, 0.96",-0.20%,-0.96,97
9,15,"0.02, 1.00","0.02, 0.98",-0.20%,-0.98,97
9,16,"0.07, 1.00","0.07, 0.93",-0.19%,-0.93,97
9,17,"0.00, 1.00","0.00, 1.00",-0.21%,-1.00,97
9,18,"0.03, 0.97","0.03, 0.97",-0.20%,-0.97,97
9,19,"0.13, 0.98","0.11, 0.89",-0.19%,-0.89,96
9,20,"0.08, 1.00","0.08, 0.92",-0.19%,-0.92,96
9,21,"0.01, 1.00","0.01, 0.99",-0.21%,-0.99,96
9,22,"0.00, 1.00","0.00, 1.00",-0.21%,-1.00,96
9,23,"0.08, 0.95","0.08, 0.92",-0.20%,-0.92,96
9,24,"0.00, 1.00","0.00, 1.00",-0.21%,-1.00,95
9,25,"0.00, 0.97","0.00, 1.00",-0.21%,-1.00,95
9,26,"0.00, 1.00","0.00, 1.00",-0.21%,-1.00,95
9,27,"0.00, 0.96","0.00, 1.00",-0.21%,-1.00,95
9,28,"0.03, 1.00","0.03, 0.97",-0.21%,-0.97,95
9,29,"0.00, 0.92","0.00, 1.00",-0.21%,-1.00,94
9,30,"0.00, 1.00","0.00, 1.00",-0.21%,-1.00,94
9,31,"0.11, 0.95","0.10, 0.90",-0.19%,-0.90,94
9,32,"0.00, 1.00","0.00, 1.00",-0.22%,-1.00,94
9,33,"0.00, 0.92","0.00, 1.00",-0.22%,-1.00,94
9,34,"0.03, 1.00","0.03, 0.97",-0.21%,-0.97,93
9,35,"0.00, 0.94","0.00, 1.00",-0.22%,-1.00,93
9,36,"0.03, 0.97","0.03, 0.97",-0.21%,-0.97,93
9,37,"0.04, 1.00","0.04, 0.96",-0.21%,-0.96,93
9,38,"0.00, 0.94","0.00, 1.00",-0.22%,-1.00,93
9,39,"0.00, 1.00","0.00, 1.00",-0.22%,-1.00,92
9,40,"0.00, 0.93","0.00, 1.00",-0.22%,-1.00,92
9,41,"0.01, 1.00","0.01, 0.99",-0.22%,-0.99,92
9,42,"0.01, 1.00","0.01, 0.99",-0.22%,-0.99,92
9,43,"0.00, 1.00","0.00, 1.00",-0.22%,-1.00,92
9,44,"0.00, 0.91","0.00, 1.00",-0.22%,-1.00,91
9,45,"0.00, 1.00","0.00, 1.00",-0.22%,-1.00,91
9,46,"0.05, 1.00","0.05, 0.95",-0.21%,-0.95,91
9,47,"0.05, 0.96","0.05, 0.95",-0.21%,-0.95,91
9,48,"0.00, 0.96","0.00, 1.00",-0.22%,-1.00,91
9,49,"0.02, 0.92","0.02, 0.98",-0.22%,-0.98,90
9,50,"0.03, 0.92","0.03, 0.97",-0.22%,-0.97,90
9,51,"0.00, 1.00","0.00, 1.00",-0.22%,-1.00,90
9,52,"0.00, 1.00","0.00, 1.00",-0.23%,-1.00,90
9,53,"0.00, 1.00","0.00, 1.00",-0.23%,-1.00,90
9,54,"0.04, 0.98","0.04, 0.96",-0.22%,-0.96,89
9,55,"0.07, 1.00","0.07, 0.93",-0.21%,-0.93,89
9,56,"0.00, 1.00","0.00, 1.00",-0.23%,-1.00,89
9,57,"0.05, 0.99","0.05, 0.95",-0.22%,-0.95,89
9,58,"0.05, 0.96","0.05, 0.95",-0.22%,-0.95,89
9,59,"0.00, 1.00","0.00, 1.00",-0.23%,-1.00,88
9,60,"0.07, 1.00","0.06, 0.94",-0.22%,-0.94,88
9,61,"0.00, 0.94","0.00, 1.00",-0.23%,-1.00,88
9,62,"0.05, 1.00","0.05, 0.95",-0.22%,-0.95,88
9,63,"0.00, 1.00","0.00, 1.00",-0.23%,-1.00,88
9,64,"0.09, 1.00","0.09, 0.91",-0.21%,-0.91,87
9,65,"0.01, 0.94","0.01, 0.99",-0.23%,-0.99,87
9,66,"0.00, 1.00","0.00, 1.00",-0.23%,-1.00,87
9,67,"0.00, 1.00","0.00, 1.00",-0.23%,-1.00,87
9,68,"0.01, 1.00","0.01, 0.99",-0.23%,-0.99,87
9,69,"0.04, 1.00","0.03, 0.97",-0.23%,-0.97,86
9,70,"0.11, 0.95","0.10, 0.90",-0.21%,-0.90,86
9,71,"0.00, 1.00","0.00, 1.00",-0.24%,-1.00,86
9,72,"0.05, 1.00","0.04, 0.96",-0.23%,-0.96,86
9,73,"0.00, 1.00","0.00, 1.00",-0.24%,-1.00,86
9,74,"0.12, 0.99","0.11, 0.89",-0.21%,-0.89,85
9,75,"0.03, 0.99","0.03, 0.97",-0.23%,-0.97,85
9,76,"0.00, 1.00","0.00, 1.00",-0.24%,-1.00,85
9,77,"0.00, 1.00","0.00, 1.00",-0.24%,-1.00,85
9,78,"0.04, 1.00","0.04, 0.96",-0.23%,-0.96,85
9,79,"0.09, 0.98","0.08, 0.92",-0.22%,-0.92,85
9,80,"0.00, 0.98","0.00, 1.00",-0.24%,-1.00,84
9,81,"0.01, 1.00","0.01, 0.99",-0.24%,-0.99,84
9,82,"0.08, 0.99","0.08, 0.92",-0.22%,-0.92,84
9,83,"0.00, 1.00","0.00, 1.00",-0.24%,-1.00,84
9,84,"0.00, 1.00","0.00, 1.00",-0.24%,-1.00,84
9,85,"0.00, 1.00","0.00, 1.00",-0.24%,-1.00,83
9,86,"0.00, 1.00","0.00, 1.00",-0.24%,-1.00,83
9,87,"0.00, 0.98","0.00, 1.00",-0.24%,-1.00,83
9,88,"0.00, 1.00","0.00, 1.00",-0.25%,-1.00,83
9,89,"0.04, 0.96","0.04, 0.96",-0.24%,-0.96,82
9,90,"0.12, 1.00","0.11, 0.89",-0.22%,-0.89,82
9,91,"0.00, 0.96","0.00, 1.00",-0.25%,-1.00,82
9,92,"0.00, 0.96","0.00, 1.00",-0.25%,-1.00,82
9,93,"0.02, 1.00","0.02, 0.98",-0.24%,-0.98,82
9,94,"0.00, 0.95","0.00, 1.00",-0.25%,-1.00,82
9,95,"0.07, 0.97","0.06, 0.94",-0.23%,-0.94,81
9,96,"0.06, 1.00","0.06, 0.94",-0.24%,-0.94,81
9,97,"0.00, 0.94","0.00, 1.00",-0.25%,-1.00,81
9,98,"0.00, 1.00","0.00, 1.00",-0.25%,-1.00,81
9,99,"0.06, 1.00","0.05, 0.95",-0.24%,-0.95,81
9,100,"0.00, 1.00","0.00, 1.00",-0.25%,-1.00,80
9,101,"0.00, 1.00","0.00, 1.00",-0.25%,-1.00,80
9,102,"0.00, 1.00","0.00, 1.00",-0.25%,-1.00,80
9,103,"0.00, 0.97","0.00, 1.00",-0.25%,-1.00,80
9,104,"0.01, 0.97","0.01, 0.99",-0.25%,-0.99,80
9,105,"0.01, 0.97","0.01, 0.99",-0.25%,-0.99,79
9,106,"0.00, 0.94","0.00, 1.00",-0.26%,-1.00,79
9,107,"0.00, 0.97","0.00, 1.00",-0.26%,-1.00,79
9,108,"0.06, 1.00","0.06, 0.94",-0.24%,-0.94,79
9,109,"0.01, 1.00","0.01, 0.99",-0.26%,-0.99,79
9,110,"0.04, 0.97","0.04, 0.96",-0.25%,-0.96,78
9,111,"0.06, 1.00","0.06, 0.94",-0.24%,-0.94,78
9,112,"0.00, 0.99","0.00, 1.00",-0.26%,-1.00,78
9,113,"0.00, 1.00","0.00, 1.00",-0.26%,-1.00,78
9,114,"0.00, 0.92","0.00, 1.00",-0.26%,-1.00,78
9,115,"0.04, 0.96","0.04, 0.96",-0.25%,-0.96,77
9,116,"0.00, 0.94","0.00, 1.00",-0.26%,-1.00,77
9,117,"0.00, 0.94","0.01, 0.99",-0.26%,-0.99,77
9,118,"0.02, 1.00","0.02, 0.98",-0.26%,-0.98,77
9,119,"0.00, 0.99","0.00, 1.00",-0.27%,-1.00,77
9,120,"0.02, 0.98","0.02, 0.98",-0.26%,-0.98,76
9,121,"0.00, 1.00","0.00, 1.00",-0.27%,-1.00,76
9,122,"0.00, 0.97","0.00, 1.00",-0.27%,-1.00,76
9,123,"0.00, 0.96","0.00, 1.00",-0.27%,-1.00,76
9,124,"0.00, 0.99","0.00, 1.00",-0.27%,-1.00,75
9,125,"0.00, 0.98","0.00, 1.00",-0.27%,-1.00,75
9,126,"0.00, 1.00","0.00, 1.00",-0.27%,-1.00,75
9,127,"0.00, 0.97","0.00, 1.00",-0.27%,-1.00,75
9,128,"0.00, 1.00","0.00, 1.00",-0.27%,-1.00,75
9,129,"0.00, 1.00","0.00, 1.00",-0.27%,-1.00,74
9,130,"0.00, 1.00","0.00, 1.00",-0.27%,-1.00,74
9,131,"0.10, 1.00","0.09, 0.91",-0.25%,-0.91,74
9,132,"0.02, 0.97","0.02, 0.98",-0.27%,-0.98,74
9,133,"0.00, 1.00","0.00, 1.00",-0.28%,-1.00,74
9,134,"0.00, 0.93","0.00, 1.00",-0.28%,-1.00,73
9,135,"0.00, 1.00","0.00, 1.00",-0.28%,-1.00,73
9,136,"0.00, 0.89","0.00, 1.00",-0.28%,-1.00,73
9,137,"0.03, 1.00","0.03, 0.97",-0.27%,-0.97,73
9,138,"0.00, 1.00","0.00, 1.00",-0.28%,-1.00,73
9,139,"0.00, 0.97","0.00, 1.00",-0.28%,-1.00,72
9,140,"0.02, 1.00","0.02, 0.98",-0.28%,-0.98,72
9,141,"0.00, 1.00","0.00, 1.00",-0.28%,-1.00,72
9,142,"0.00, 0.94","0.00, 1.00",-0.28%,-1.00,72
9,143,"0.00, 1.00","0.00, 1.00",-0.28%,-1.00,72
9,144,"0.06, 0.97","0.06, 0.94",-0.27%,-0.94,71
9,145,"0.00, 0.98","0.00, 1.00",-0.28%,-1.00,71
9,146,"0.00, 1.00","0.00, 1.00",-0.29%,-1.00,71
9,147,"0.00, 1.00","0.00, 1.00",-0.29%,-1.00,71
9,148,"0.01, 1.00","0.01, 0.99",-0.28%,-0.99,71
9,149,"0.07, 0.95","0.07, 0.93",-0.27%,-0.93,70
9,150,"0.01, 1.00","0.01, 0.99",-0.29%,-0.99,70
9,151,"0.00, 1.00","0.00, 1.00",-0.29%,-1.00,70
9,152,"0.00, 0.87","0.00, 1.00",-0.29%,-1.00,70
9,153,"0.00, 1.00","0.00, 1.00",-0.29%,-1.00,70
9,154,"0.03, 0.95","0.03, 0.97",-0.28%,-0.97,69
9,155,"0.07, 1.00","0.06, 0.94",-0.27%,-0.94,69
9,156,"0.04, 1.00","0.04, 0.96",-0.28%,-0.96,69
9,157,"0.01, 1.00","0.01, 0.99",-0.29%,-0.99,69
9,158,"0.01, 1.00","0.01, 0.99",-0.29%,-0.99,69
9,159,"0.03, 1.00","0.03, 0.97",-0.29%,-0.97,68
9,160,"0.00, 1.00","0.00, 1.00",-0.30%,-1.00,68
9,161,"0.00, 1.00","0.00, 1.00",-0.30%,-1.00,68
9,162,"0.01, 1.00","0.01, 0.99",-0.30%,-0.99,68
9,163,"0.00, 0.97","0.00, 1.00",-0.30%,-1.00,68
9,164,"0.07, 1.00","0.06, 0.94",-0.28%,-0.94,67
9,165,"0.00, 1.00","0.00, 1.00",-0.30%,-1.00,67
9,166,"0.00, 0.99","0.00, 1.00",-0.30%,-1.00,67
9,167,"0.00, 1.00","0.00, 1.00",-0.30%,-1.00,67
9,168,"0.06, 1.00","0.05, 0.95",-0.29%,-0.95,67
9,169,"0.01, 0.96","0.01, 0.99",-0.30%,-0.99,66
9,170,"0.00, 0.97","0.00, 1.00",-0.31%,-1.00,66
9,171,"0.05, 1.00","0.05, 0.95",-0.29%,-0.95,66
9,172,"0.00, 0.97","0.00, 1.00",-0.31%,-1.00,66
9,173,"0.00, 0.96","0.00, 1.00",-0.31%,-1.00,66
9,174,"0.08, 0.95","0.08, 0.92",-0.29%,-0.92,65
9,175,"0.01, 0.92","0.01, 0.99",-0.31%,-0.99,65
9,176,"0.00, 0.96","0.00, 1.00",-0.31%,-1.00,65
9,177,"0.07, 1.00","0.06, 0.94",-0.29%,-0.94,65
9,178,"0.00, 0.98","0.00, 1.00",-0.31%,-1.00,65
9,179,"0.05, 0.91","0.05, 0.95",-0.30%,-0.95,64
9,180,"0.00, 1.00","0.00, 1.00",-0.32%,-1.00,64
9,181,"0.00, 0.94","0.00, 1.00",-0.32%,-1.00,64
9,182,"0.00, 0.98","0.00, 1.00",-0.32%,-1.00,64
9,183,"0.02, 0.99","0.02, 0.98",-0.31%,-0.98,64
9,184,"0.00, 1.00","0.00, 1.00",-0.32%,-1.00,63
9,185,"0.00, 0.98","0.00, 1.00",-0.32%,-1.00,63
9,186,"0.00, 0.99","0.00, 1.00",-0.32%,-1.00,63
9,187,"0.00, 1.00","0.00, 1.00",-0.32%,-1.00,63
9,188,"0.07, 0.97","0.07, 0.93",-0.30%,-0.93,63
9,189,"0.00, 0.98","0.00, 1.00",-0.33%,-1.00,62
9,190,"0.03, 0.96","0.03, 0.97",-0.32%,-0.97,62
9,191,"0.06, 1.00","0.06, 0.94",-0.31%,-0.94,62
9,192,"0.03, 1.00","0.03, 0.97",-0.32%,-0.97,62
9,193,"0.00, 1.00","0.00, 1.00",-0.33%,-1.00,62
9,194,"0.08, 1.00","0.07, 0.93",-0.31%,-0.93,61
9,195,"0.06, 1.00","0.05, 0.95",-0.31%,-0.95,61
9,196,"0.07, 0.94","0.07, 0.93",-0.31%,-0.93,61
9,197,"0.05, 0.92","0.06, 0.94",-0.32%,-0.94,61
9,198,"0.04, 0.98","0.04, 0.96",-0.32%,-0.96,61
9,199,"0.00, 0.92","0.00, 1.00",-0.34%,-1.00,60
9,200,"0.00, 1.00","0.00, 1.00",-0.34%,-1.00,60
9,201,"0.00, 0.98","0.00, 1.00",-0.34%,-1.00,60
9,202,"0.00, 1.00","0.00, 1.00",-0.34%,-1.00,60
9,203,"0.02, 0.98","0.02, 0.98",-0.33%,-0.98,60
9,204,"0.04, 0.97","0.04, 0.96",-0.33%,-0.96,59
9,205,"0.00, 1.00","0.00, 1.00",-0.34%,-1.00,59
9,206,"0.11, 0.98","0.10, 0.90",-0.31%,-0.90,59
9,207,"0.00, 0.96","0.00, 1.00",-0.35%,-1.00,59
9,208,"0.00, 0.97","0.00, 1.00",-0.35%,-1.00,59
9,209,"0.03, 0.98","0.03, 0.97",-0.34%,-0.97,58
9,210,"0.00, 1.00","0.00, 1.00",-0.35%,-1.00,58
9,211,"0.00, 1.00","0.00, 1.00",-0.35%,-1.00,58
9,212,"0.00, 0.96","0.00, 1.00",-0.35%,-1.00,58
9,213,"0.00, 0.93","0.00, 1.00",-0.35%,-1.00,58
9,214,"0.05, 1.00","0.05, 0.95",-0.34%,-0.95,57
9,215,"0.04, 1.00","0.04, 0.96",-0.34%,-0.96,57
9,216,"0.04, 0.96","0.04, 0.96",-0.34%,-0.96,57
9,217,"0.00, 1.00","0.00, 1.00",-0.36%,-1.00,57
9,218,"0.06, 1.00","0.06, 0.94",-0.34%,-0.94,57
9,219,"0.00, 0.92","0.00, 1.00",-0.36%,-1.00,56
9,220,"0.00, 1.00","0.00, 1.00",-0.36%,-1.00,56
9,221,"0.00, 1.00","0.00, 1.00",-0.36%,-1.00,56
9,222,"0.02, 1.00","0.01, 0.99",-0.36%,-0.99,56
9,223,"0.00, 0.98","0.00, 1.00",-0.37%,-1.00,56
9,224,"0.00, 0.98","0.00, 1.00",-0.37%,-1.00,55
9,225,"0.00, 1.00","0.00, 1.00",-0.37%,-1.00,55
9,226,"0.00, 1.00","0.00, 1.00",-0.37%,-1.00,55
9,227,"0.00, 0.94","0.00, 1.00",-0.37%,-1.00,55
9,228,"0.00, 1.00","0.00, 1.00",-0.37%,-1.00,55
9,229,"0.05, 1.00","0.05, 0.95",-0.36%,-0.95,54
9,230,"0.04, 1.00","0.03, 0.97",-0.36%,-0.97,54
9,231,"0.01, 1.00","0.01, 0.99",-0.37%,-0.99,54
9,232,"0.04, 1.00","0.04, 0.96",-0.36%,-0.96,54
9,233,"0.03, 0.91","0.04, 0.96",-0.37%,-0.96,54
9,234,"0.00, 1.00","0.00, 1.00",-0.38%,-1.00,53
9,235,"0.08, 1.00","0.07, 0.93",-0.36%,-0.93,53
9,236,"0.06, 0.99","0.06, 0.94",-0.36%,-0.94,53
9,237,"0.00, 1.00","0.00, 1.00",-0.39%,-1.00,53
9,238,"0.00, 1.00","0.00, 1.00",-0.39%,-1.00,53
9,239,"0.04, 1.00","0.04, 0.96",-0.37%,-0.96,52
9,240,"0.00, 1.00","0.00, 1.00",-0.39%,-1.00,52
9,241,"0.00, 1.00","0.00, 1.00",-0.39%,-1.00,52
9,242,"0.04, 0.99","0.04, 0.96",-0.38%,-0.96,52
9,243,"0.00, 0.90","0.00, 1.00",-0.40%,-1.00,52
9,244,"0.00, 1.00","0.00, 1.00",-0.40%,-1.00,51
9,245,"0.07, 1.00","0.07, 0.93",-0.37%,-0.93,51
9,246,"0.00, 1.00","0.00, 1.00",-0.40%,-1.00,51
9,247,"0.00, 0.99","0.00, 1.00",-0.40%,-1.00,51
9,248,"0.00, 0.99","0.00, 1.00",-0.40%,-1.00,51
9,249,"0.00, 0.98","0.00, 1.00",-0.40%,-1.00,50
9,250,"0.00, 0.98","0.00, 1.00",-0.41%,-1.00,50
9,251,"0.00, 0.96","0.00, 1.00",-0.41%,-1.00,50
9,252,"0.00, 1.00","0.00, 1.00",-0.41%,-1.00,50
9,253,"0.08, 0.99","0.07, 0.93",-0.38%,-0.93,50
9,254,"0.00, 1.00","0.00, 1.00",-0.41%,-1.00,49
9,255,"0.01, 1.00","0.01, 0.99",-0.41%,-0.99,49
9,256,"0.00, 0.99","0.00, 1.00",-0.42%,-1.00,49
9,257,"0.00, 1.00","0.00, 1.00",-0.42%,-1.00,49
9,258,"0.04, 1.00","0.04, 0.96",-0.40%,-0.96,49
9,259,"0.06, 1.00","0.06, 0.94",-0.40%,-0.94,48
9,260,"0.00, 1.00","0.00, 1.00",-0.42%,-1.00,48
9,261,"0.00, 0.99","0.00, 1.00",-0.43%,-1.00,48
9,262,"0.00, 0.95","0.00, 1.00",-0.43%,-1.00,48
9,263,"0.00, 0.99","0.00, 1.00",-0.43%,-1.00,48
9,264,"0.00, 1.00","0.00, 1.00",-0.43%,-1.00,47
9,265,"0.10, 1.00","0.09, 0.91",-0.39%,-0.91,47
9,266,"0.07, 1.00","0.06, 0.94",-0.41%,-0.94,47
9,267,"0.00, 1.00","0.00, 1.00",-0.44%,-1.00,47
9,268,"0.05, 1.00","0.05, 0.95",-0.42%,-0.95,47
9,269,"0.02, 0.93","0.02, 0.98",-0.43%,-0.98,46
9,270,"0.05, 1.00","0.05, 0.95",-0.42%,-0.95,46
9,271,"0.00, 1.00","0.00, 1.00",-0.44%,-1.00,46
9,272,"0.02, 0.98","0.02, 0.98",-0.44%,-0.98,46
9,273,"0.01, 1.00","0.01, 0.99",-0.44%,-0.99,46
9,274,"0.11, 0.99","0.10, 0.90",-0.41%,-0.90,45
9,275,"0.02, 0.99","0.02, 0.98",-0.44%,-0.98,45
9,276,"0.05, 0.97","0.05, 0.95",-0.43%,-0.95,45
9,277,"0.01, 1.00","0.01, 0.99",-0.45%,-0.99,45
9,278,"0.00, 1.00","0.00, 1.00",-0.46%,-1.00,45
9,279,"0.00, 1.00","0.00, 1.00",-0.46%,-1.00,44
9,280,"0.00, 1.00","0.00, 1.00",-0.46%,-1.00,44
9,281,"0.00, 0.93","0.00, 1.00",-0.47%,-1.00,44
9,282,"0.00, 0.96","0.00, 1.00",-0.47%,-1.00,44
9,283,"0.03, 1.00","0.03, 0.97",-0.45%,-0.97,44
9,284,"0.00, 1.00","0.00, 1.00",-0.47%,-1.00,43
9,285,"0.00, 1.00","0.00, 1.00",-0.47%,-1.00,43
9,286,"0.00, 1.00","0.00, 1.00",-0.48%,-1.00,43
9,287,"0.02, 0.97","0.02, 0.98",-0.47%,-0.98,43
9,288,"0.01, 1.00","0.01, 0.99",-0.48%,-0.99,43
9,289,"0.00, 0.99","0.00, 1.00",-0.48%,-1.00,42
9,290,"0.09, 1.00","0.08, 0.92",-0.44%,-0.92,42
9,291,"0.00, 1.00","0.00, 1.00",-0.49%,-1.00,42
9,292,"0.00, 1.00","0.00, 1.00",-0.49%,-1.00,42
9,293,"0.05, 1.00","0.05, 0.95",-0.47%,-0.95,42
9,294,"0.04, 1.00","0.04, 0.96",-0.48%,-0.96,41
9,295,"0.00, 0.99","0.00, 1.00",-0.50%,-1.00,41
9,296,"0.04, 0.94","0.04, 0.96",-0.48%,-0.96,41
9,297,"0.02, 0.96","0.02, 0.98",-0.49%,-0.98,41
9,298,"0.00, 0.99","0.00, 1.00",-0.51%,-1.00,41
9,299,"0.00, 0.98","0.00, 1.00",-0.51%,-1.00,40
9,300,"0.10, 0.96","0.10, 0.90",-0.46%,-0.90,40
9,301,"0.00, 0.89","0.00, 1.00",-0.51%,-1.00,40
9,302,"0.00, 0.96","0.00, 1.00",-0.52%,-1.00,40
9,303,"0.01, 0.99","0.01, 0.99",-0.51%,-0.99,40
9,304,"0.02, 1.00","0.02, 0.98",-0.51%,-0.98,39
9,305,"0.01, 1.00","0.01, 0.99",-0.52%,-0.99,39
9,306,"0.00, 0.94","0.00, 1.00",-0.53%,-1.00,39
9,307,"0.00, 0.95","0.00, 1.00",-0.53%,-1.00,39
9,308,"0.00, 1.00","0.00, 1.00",-0.53%,-1.00,39
9,309,"0.01, 1.00","0.01, 0.99",-0.53%,-0.99,38
9,310,"0.00, 0.99","0.00, 1.00",-0.54%,-1.00,38
9,311,"0.00, 0.98","0.00, 1.00",-0.54%,-1.00,38
9,312,"0.00, 0.97","0.00, 1.00",-0.54%,-1.00,38
9,313,"0.06, 1.00","0.05, 0.95",-0.52%,-0.95,38
9,314,"0.00, 0.99","0.00, 1.00",-0.55%,-1.00,37
9,315,"0.00, 1.00","0.00, 1.00",-0.55%,-1.00,37
9,316,"0.00, 1.00","0.00, 1.00",-0.56%,-1.00,37
9,317,"0.00, 1.00","0.00, 1.00",-0.56%,-1.00,37
9,318,"0.01, 1.00","0.01, 0.99",-0.56%,-0.99,36
9,319,"0.00, 0.96","0.00, 1.00",-0.56%,-1.00,36
9,320,"0.00, 1.00","0.00, 1.00",-0.57%,-1.00,36
9,321,"0.13, 1.00","0.12, 0.88",-0.50%,-0.88,36
9,322,"0.05, 1.00","0.05, 0.95",-0.54%,-0.95,36
9,323,"0.01, 1.00","0.01, 0.99",-0.57%,-0.99,35
9,324,"0.04, 1.00","0.04, 0.96",-0.56%,-0.96,35
9,325,"0.13, 1.00","0.12, 0.88",-0.52%,-0.88,35
9,326,"0.00, 1.00","0.00, 1.00",-0.59%,-1.00,35
9,327,"0.01, 0.98","0.01, 0.99",-0.59%,-0.99,35
9,328,"0.04, 0.95","0.04, 0.96",-0.57%,-0.96,35
9,329,"0.00, 1.00","0.00, 1.00",-0.60%,-1.00,34
9,330,"0.00, 1.00","0.00, 1.00",-0.60%,-1.00,34
9,331,"0.02, 0.98","0.02, 0.98",-0.60%,-0.98,34
9,332,"0.00, 1.00","0.00, 1.00",-0.61%,-1.00,34
9,333,"0.06, 0.97","0.06, 0.94",-0.58%,-0.94,33
9,334,"0.00, 1.00","0.00, 1.00",-0.62%,-1.00,33
9,335,"0.00, 1.00","0.00, 1.00",-0.62%,-1.00,33
9,336,"0.00, 0.94","0.00, 1.00",-0.62%,-1.00,33
9,337,"0.05, 1.00","0.04, 0.96",-0.60%,-0.96,33
9,338,"0.00, 0.92","0.00, 1.00",-0.63%,-1.00,32
9,339,"0.00, 0.99","0.00, 1.00",-0.64%,-1.00,32
9,340,"0.00, 0.99","0.00, 1.00",-0.64%,-1.00,32
9,341,"0.11, 0.98","0.10, 0.90",-0.58%,-0.90,32
9,342,"0.00, 1.00","0.00, 1.00",-0.65%,-1.00,32
9,343,"0.00, 1.00","0.00, 1.00",-0.65%,-1.00,31
9,344,"0.00, 1.00","0.00, 1.00",-0.66%,-1.00,31
9,345,"0.02, 1.00","0.02, 0.98",-0.65%,-0.98,31
9,346,"0.05, 1.00","0.05, 0.95",-0.63%,-0.95,31
9,347,"0.00, 1.00","0.00, 1.00",-0.67%,-1.00,31
9,348,"0.00, 1.00","0.00, 1.00",-0.68%,-1.00,30
9,349,"0.04, 1.00","0.04, 0.96",-0.65%,-0.96,30
9,350,"0.07, 1.00","0.06, 0.94",-0.64%,-0.94,30
9,351,"0.00, 1.00","0.00, 1.00",-0.69%,-1.00,30
9,352,"0.00, 1.00","0.00, 1.00",-0.69%,-1.00,30
9,353,"0.04, 0.97","0.04, 0.96",-0.67%,-0.96,29
9,354,"0.00, 1.00","0.00, 1.00",-0.70%,-1.00,29
9,355,"0.00, 1.00","0.00, 1.00",-0.71%,-1.00,29
9,356,"0.14, 1.00","0.12, 0.88",-0.63%,-0.88,29
9,357,"0.03, 1.00","0.03, 0.97",-0.70%,-0.97,29
9,358,"0.00, 1.00","0.00, 1.00",-0.72%,-1.00,28
9,359,"0.01, 1.00","0.01, 0.99",-0.72%,-0.99,28
9,360,"0.05, 1.00","0.05, 0.95",-0.70%,-0.95,28
9,361,"0.01, 0.95","0.01, 0.99",-0.73%,-0.99,28
9,362,"0.05, 0.97","0.05, 0.95",-0.71%,-0.95,28
9,363,"0.00, 1.00","0.00, 1.00",-0.75%,-1.00,27
9,364,"0.01, 0.90","0.01, 0.99",-0.75%,-0.99,27
9,365,"0.00, 1.00","0.00, 1.00",-0.76%,-1.00,27
9,366,"0.08, 1.00","0.07, 0.93",-0.72%,-0.93,27
9,367,"0.00, 1.00","0.00, 1.00",-0.78%,-1.00,27
9,368,"0.00, 1.00","0.00, 1.00",-0.78%,-1.00,26
9,369,"0.00, 0.96","0.00, 1.00",-0.79%,-1.00,26
9,370,"0.05, 0.98","0.05, 0.95",-0.76%,-0.95,26
9,371,"0.00, 0.93","0.00, 1.00",-0.80%,-1.00,26
9,372,"0.00, 1.00","0.00, 1.00",-0.81%,-1.00,26
9,373,"0.00, 0.95","0.00, 1.00",-0.81%,-1.00,25
9,374,"0.00, 1.00","0.00, 1.00",-0.82%,-1.00,25
9,375,"0.00, 0.94","0.00, 1.00",-0.83%,-1.00,25
9,376,"0.02, 1.00","0.02, 0.98",-0.82%,-0.98,25
9,377,"0.01, 0.97","0.01, 0.99",-0.83%,-0.99,25
9,378,"0.02, 1.00","0.02, 0.98",-0.83%,-0.98,24
9,379,"0.00, 1.00","0.00, 1.00",-0.85%,-1.00,24
9,380,"0.08, 0.94","0.08, 0.92",-0.79%,-0.92,24
9,381,"0.00, 0.89","0.00, 1.00",-0.87%,-1.00,24
9,382,"0.00, 0.98","0.00, 1.00",-0.88%,-1.00,24
9,383,"0.04, 1.00","0.04, 0.96",-0.85%,-0.96,23
9,384,"0.01, 1.00","0.01, 0.99",-0.88%,-0.99,23
9,385,"0.06, 1.00","0.05, 0.95",-0.85%,-0.95,23
9,386,"0.00, 1.00","0.00, 1.00",-0.91%,-1.00,23
9,387,"0.03, 0.94","0.04, 0.96",-0.88%,-0.96,22
9,388,"0.04, 1.00","0.04, 0.96",-0.89%,-0.96,22
9,389,"0.09, 0.94","0.08, 0.92",-0.86%,-0.92,22
9,390,"0.00, 0.97","0.00, 1.00",-0.94%,-1.00,22
9,391,"0.00, 1.00","0.00, 1.00",-0.95%,-1.00,22
9,392,"0.08, 1.00","0.07, 0.93",-0.89%,-0.93,21
9,393,"0.00, 1.00","0.00, 1.00",-0.97%,-1.00,21
9,394,"0.05, 1.00","0.04, 0.96",-0.94%,-0.96,21
9,395,"0.00, 0.93","0.00, 1.00",-0.99%,-1.00,21
9,396,"0.05, 0.95","0.05, 0.95",-0.95%,-0.95,21
9,397,"0.00, 0.99","0.00, 1.00",-1.01%,-1.00,20
9,398,"0.00, 1.00","0.00, 1.00",-1.02%,-1.00,20
9,399,"0.00, 1.00","0.00, 1.00",-1.03%,-1.00,20
9,400,"0.00, 1.00","0.00, 1.00",-1.04%,-1.00,20
9,401,"0.03, 0.99","0.02, 0.98",-1.03%,-0.98,20
9,402,"0.00, 0.95","0.00, 1.00",-1.06%,-1.00,19
9,403,"0.00, 1.00","0.00, 1.00",-1.08%,-1.00,19
9,404,"0.00, 0.99","0.00, 1.00",-1.09%,-1.00,19
9,405,"0.03, 0.97","0.03, 0.97",-1.06%,-0.97,19
9,406,"0.00, 1.00","0.00, 1.00",-1.11%,-1.00,19
9,407,"0.03, 0.99","0.03, 0.97",-1.09%,-0.97,18
9,408,"0.01, 0.99","0.01, 0.99",-1.13%,-0.99,18
9,409,"0.06, 0.93","0.06, 0.94",-1.08%,-0.94,18
9,410,"0.00, 0.96","0.00, 1.00",-1.16%,-1.00,18
9,411,"0.02, 1.00","0.02, 0.98",-1.15%,-0.98,18
9,412,"0.00, 0.99","0.00, 1.00",-1.19%,-1.00,17
9,413,"0.00, 1.00","0.00, 1.00",-1.20%,-1.00,17
9,414,"0.00, 1.00","0.00, 1.00",-1.22%,-1.00,17
9,415,"0.02, 0.97","0.02, 0.98",-1.21%,-0.98,17
9,416,"0.00, 0.96","0.00, 1.00",-1.25%,-1.00,17
9,417,"0.01, 1.00","0.01, 0.99",-1.26%,-0.99,16
9,418,"0.00, 1.00","0.00, 1.00",-1.28%,-1.00,16
9,419,"0.03, 1.00","0.03, 0.97",-1.26%,-0.97,16
9,420,"0.11, 0.98","0.10, 0.90",-1.18%,-0.90,16
9,421,"0.00, 0.99","0.00, 1.00",-1.33%,-1.00,16
9,422,"0.01, 1.00","0.01, 0.99",-1.34%,-0.99,15
9,423,"0.04, 1.00","0.04, 0.96",-1.32%,-0.96,15
9,424,"0.01, 1.00","0.01, 0.99",-1.38%,-0.99,15
9,425,"0.00, 0.94","0.00, 1.00",-1.41%,-1.00,15
9,426,"0.04, 1.00","0.04, 0.96",-1.37%,-0.96,14
9,427,"0.00, 1.00","0.00, 1.00",-1.45%,-1.00,14
9,428,"0.00, 1.00","0.00, 1.00",-1.47%,-1.00,14
9,429,"0.01, 0.98","0.01, 0.99",-1.48%,-0.99,14
9,430,"0.02, 1.00","0.02, 0.98",-1.49%,-0.98,14
9,431,"0.00, 0.93","0.00, 1.00",-1.54%,-1.00,13
9,432,"0.08, 0.93","0.08, 0.92",-1.44%,-0.92,13
9,433,"0.00, 0.99","0.00, 1.00",-1.59%,-1.00,13
9,434,"0.00, 0.98","0.00, 1.00",-1.61%,-1.00,13
9,435,"0.02, 0.99","0.02, 0.98",-1.60%,-0.98,13
9,436,"0.09, 0.94","0.09, 0.91",-1.52%,-0.91,12
9,437,"0.00, 0.95","0.00, 1.00",-1.69%,-1.00,12
9,438,"0.00, 1.00","0.00, 1.00",-1.72%,-1.00,12
9,439,"0.02, 0.91","0.03, 0.97",-1.71%,-0.97,12
9,440,"0.04, 0.95","0.04, 0.96",-1.72%,-0.96,12
9,441,"0.10, 1.00","0.09, 0.91",-1.66%,-0.91,11
9,442,"0.00, 1.00","0.00, 1.00",-1.85%,-1.00,11
9,443,"0.00, 1.00","0.00, 1.00",-1.89%,-1.00,11
9,444,"0.00, 1.00","0.00, 1.00",-1.92%,-1.00,11
9,445,"0.00, 0.91","0.00, 1.00",-1.96%,-1.00,11
9,446,"0.00, 1.00","0.00, 1.00",-2.00%,-1.00,10
9,447,"0.01, 1.00","0.01, 0.99",-2.02%,-0.99,10
9,448,"0.00, 1.00","0.00, 1.00",-2.08%,-1.00,10
9,449,"0.06, 0.95","0.06, 0.94",-2.00%,-0.94,10
9,450,"0.00, 0.95","0.00, 1.00",-2.17%,-1.00,10
9,451,"0.04, 1.00","0.04, 0.96",-2.13%,-0.96,9
9,452,"0.05, 0.95","0.05, 0.95",-2.16%,-0.95,9
9,453,"0.04, 0.94","0.04, 0.96",-2.24%,-0.96,9
9,454,"0.01, 0.95","0.01, 0.99",-2.36%,-0.99,9
9,455,"0.00, 0.94","0.00, 1.00",-2.44%,-1.00,8
9,456,"0.00, 0.91","0.00, 1.00",-2.50%,-1.00,8
9,457,"0.00, 0.99","0.00, 1.00",-2.56%,-1.00,8
9,458,"0.00, 1.00","0.00, 1.00",-2.63%,-1.00,8
9,459,"0.00, 0.94","0.00, 1.00",-2.70%,-1.00,8
9,460,"0.00, 1.00","0.00, 1.00",-2.77%,-1.00,7
9,461,"0.00, 1.00","0.00, 1.00",-2.86%,-1.00,7
9,462,"0.01, 1.00","0.01, 0.99",-2.91%,-0.99,7
9,463,"0.02, 0.97","0.02, 0.98",-2.96%,-0.98,7
9,464,"0.00, 1.00","0.00, 1.00",-3.12%,-1.00,7
9,465,"0.00, 0.98","0.00, 1.00",-3.23%,-1.00,6
9,466,"0.00, 0.94","0.00, 1.00",-3.33%,-1.00,6
9,467,"0.00, 1.00","0.00, 1.00",-3.45%,-1.00,6
9,468,"0.00, 0.98","0.00, 1.00",-3.57%,-1.00,6
9,469,"0.00, 0.98","0.00, 1.00",-3.70%,-1.00,6
9,470,"0.00, 0.98","0.00, 1.00",-3.85%,-1.00,5
9,471,"0.00, 1.00","0.00, 1.00",-4.00%,-1.00,5
9,472,"0.00, 1.00","0.00, 1.00",-4.17%,-1.00,5
9,473,"0.07, 0.97","0.07, 0.93",-4.05%,-0.93,5
9,474,"0.00, 0.92","0.00, 1.00",-4.55%,-1.00,4
9,475,"0.05, 0.94","0.05, 0.95",-4.52%,-0.95,4
9,476,"0.00, 1.00","0.00, 1.00",-5.00%,-1.00,4
9,477,"0.00, 1.00","0.00, 1.00",-5.26%,-1.00,4
9,478,"0.02, 1.00","0.02, 0.98",-5.43%,-0.98,4
9,479,"0.00, 0.97","0.00, 1.00",-5.87%,-1.00,3
9,480,"0.11, 0.98","0.10, 0.90",-5.64%,-0.90,3
9,481,"0.00, 1.00","0.00, 1.00",-6.66%,-1.00,3
9,482,"0.00, 1.00","0.00, 1.00",-7.14%,-1.00,3
9,483,"0.00, 1.00","0.00, 1.00",-7.69%,-1.00,3
9,484,"0.05, 1.00","0.05, 0.95",-7.94%,-0.95,2
9,485,"0.06, 0.99","0.06, 0.94",-8.59%,-0.94,2
9,486,"0.00, 0.99","0.00, 1.00",-10.00%,-1.00,2
9,487,"0.00, 1.00","0.00, 1.00",-11.09%,-1.00,2
9,488,"0.00, 0.96","0.00, 1.00",-12.50%,-1.00,2
9,489,"0.08, 0.92","0.08, 0.92",-13.17%,-0.92,1
9,490,"0.06, 0.97","0.06, 0.94",-15.71%,-0.94,1
9,491,"0.00, 1.00","0.00, 1.00",-20.00%,-1.00,1
9,492,"0.00, 0.99","0.00, 1.00",-25.00%,-1.00,1
9,493,"0.00, 1.00","0.00, 1.00",-33.33%,-1.00,0
9,494,"0.00, 0.98","0.00, 1.00",-50.00%,-1.00,0
10,1,"0.50, 0.50","0.50, 0.50",-0.10%,-0.50,100
10,2,"0.04, 1.00","0.04, 0.96",-0.19%,-0.96,100
10,3,"0.00, 0.95","0.00, 1.00",-0.20%,-1.00,100
10,4,"0.01, 1.00","0.01, 0.99",-0.20%,-0.99,99
10,5,"0.00, 1.00","0.00, 1.00",-0.20%,-1.00,99
10,6,"0.08, 0.98","0.08, 0.92",-0.19%,-0.92,99
10,7,"0.00, 1.00","0.00, 1.00",-0.20%,-1.00,99
10,8,"0.00, 1.00","0.00, 1.00",-0.20%,-1.00,99
10,9,"0.00, 0.98","0.00, 1.00",-0.21%,-1.00,98
10,10,"0.06, 0.97","0.06, 0.94",-0.19%,-0.94,98
10,11,"0.02, 0.95","0.02, 0.98",-0.20%,-0.98,98
10,12,"0.06, 0.99","0.06, 0.94",-0.19%,-0.94,98
10,13,"0.08, 1.00","0.07, 0.93",-0.19%,-0.93,98
10,14,"0.00, 0.96","0.00, 1.00",-0.21%,-1.00,97
10,15,"0.06, 0.93","0.06, 0.94",-0.19%,-0.94,97
10,16,"0.00, 1.00","0.00, 1.00",-0.21%,-1.00,97
10,17,"0.03, 0.99","0.03, 0.97",-0.20%,-0.97,97
10,18,"0.00, 0.92","0.00, 1.00",-0.21%,-1.00,97
10,19,"0.05, 1.00","0.05, 0.95",-0.20%,-0.95,96
10,20,"0.00, 0.95","0.00, 1.00",-0.21%,-1.00,96
10,21,"0.03, 0.91","0.04, 0.96",-0.20%,-0.96,96
10,22,"0.04, 1.00","0.03, 0.97",-0.20%,-0.97,96
10,23,"0.01, 1.00","0.01, 0.99",-0.21%,-0.99,96
10,24,"0.00, 1.00","0.00, 1.00",-0.21%,-1.00,95
10,25,"0.03, 1.00","0.03, 0.97",-0.21%,-0.97,95
10,26,"0.00, 0.93","0.00, 1.00",-0.21%,-1.00,95
10,27,"0.03, 0.98","0.03, 0.97",-0.21%,-0.97,95
10,28,"0.04, 1.00","0.04, 0.96",-0.21%,-0.96,95
10,29,"0.00, 1.00","0.00, 1.00",-0.21%,-1.00,94
10,30,"0.00, 1.00","0.00, 1.00",-0.21%,-1.00,94
10,31,"0.04, 0.90","0.04, 0.96",-0.21%,-0.96,94
10,32,"0.02, 0.95","0.03, 0.97",-0.21%,-0.97,94
10,33,"0.00, 1.00","0.00, 1.00",-0.22%,-1.00,94
10,34,"0.00, 0.96","0.00, 1.00",-0.22%,-1.00,93
10,35,"0.06, 0.90","0.06, 0.94",-0.20%,-0.94,93
10,36,"0.01, 1.00","0.01, 0.99",-0.21%,-0.99,93
10,37,"0.02, 0.91","0.02, 0.98",-0.21%,-0.98,93
10,38,"0.03, 0.95","0.03, 0.97",-0.21%,-0.97,93
10,39,"0.01, 1.00","0.01, 0.99",-0.22%,-0.99,92
10,40,"0.00, 0.94","0.00, 1.00",-0.22%,-1.00,92
10,41,"0.00, 1.00","0.00, 1.00",-0.22%,-1.00,92
10,42,"0.01, 0.96","0.01, 0.99",-0.22%,-0.99,92
10,43,"0.00, 0.94","0.00, 1.00",-0.22%,-1.00,92
10,44,"0.10, 1.00","0.09, 0.91",-0.20%,-0.91,91
10,45,"0.00, 0.95","0.00, 1.00",-0.22%,-1.00,91
10,46,"0.00, 0.94","0.00, 1.00",-0.22%,-1.00,91
10,47,"0.00, 1.00","0.00, 1.00",-0.22%,-1.00,91
10,48,"0.00, 0.94","0.00, 1.00",-0.22%,-1.00,91
10,49,"0.00, 0.91","0.00, 1.00",-0.22%,-1.00,90
10,50,"0.00, 0.87","0.00, 1.00",-0.22%,-1.00,90
10,51,"0.07, 1.00","0.07, 0.93",-0.21%,-0.93,90
10,52,"0.00, 1.00","0.00, 1.00",-0.23%,-1.00,90
10,53,"0.00, 1.00","0.00, 1.00",-0.23%,-1.00,90
10,54,"0.00, 1.00","0.00, 1.00",-0.23%,-1.00,89
10,55,"0.00, 1.00","0.00, 1.00",-0.23%,-1.00,89
10,56,"0.00, 0.95","0.00, 1.00",-0.23%,-1.00,89
10,57,"0.02, 0.94","0.02, 0.98",-0.22%,-0.98,89
10,58,"0.02, 0.87","0.02, 0.98",-0.22%,-0.98,89
10,59,"0.09, 0.91","0.09, 0.91",-0.21%,-0.91,88
10,60,"0.03, 1.00","0.03, 0.97",-0.22%,-0.97,88
10,61,"0.00, 0.93","0.00, 1.00",-0.23%,-1.00,88
10,62,"0.00, 0.96","0.00, 1.00",-0.23%,-1.00,88
10,63,"0.18, 1.00","0.15, 0.85",-0.20%,-0.85,88
10,64,"0.00, 1.00","0.00, 1.00",-0.23%,-1.00,87
10,65,"0.00, 0.99","0.00, 1.00",-0.23%,-1.00,87
10,66,"0.00, 0.89","0.00, 1.00",-0.23%,-1.00,87
10,67,"0.06, 0.97","0.06, 0.94",-0.22%,-0.94,87
10,68,"0.04, 0.96","0.04, 0.96",-0.22%,-0.96,87
10,69,"0.02, 1.00","0.02, 0.98",-0.23%,-0.98,86
10,70,"0.00, 1.00","0.00, 1.00",-0.23%,-1.00,86
10,71,"0.00, 1.00","0.00, 1.00",-0.24%,-1.00,86
10,72,"0.06, 1.00","0.06, 0.94",-0.22%,-0.94,86
10,73,"0.00, 1.00","0.00, 1.00",-0.24%,-1.00,86
10,74,"0.00, 0.98","0.00, 1.00",-0.24%,-1.00,85
10,75,"0.00, 1.00","0.00, 1.00",-0.24%,-1.00,85
10,76,"0.03, 1.00","0.03, 0.97",-0.23%,-0.97,85
10,77,"0.00, 1.00","0.00, 1.00",-0.24%,-1.00,85
10,78,"0.03, 1.00","0.03, 0.97",-0.23%,-0.97,85
10,79,"0.03, 1.00","0.03, 0.97",-0.23%,-0.97,84
10,80,"0.03, 1.00","0.03, 0.97",-0.23%,-0.97,84
10,81,"0.03, 0.99","0.03, 0.97",-0.23%,-0.97,84
10,82,"0.03, 0.92","0.03, 0.97",-0.23%,-0.97,84
10,83,"0.03, 1.00","0.03, 0.97",-0.24%,-0.97,84
10,84,"0.00, 1.00","0.00, 1.00",-0.24%,-1.00,83
10,85,"0.02, 1.00","0.02, 0.98",-0.24%,-0.98,83
10,86,"0.04, 1.00","0.04, 0.96",-0.24%,-0.96,83
10,87,"0.04, 1.00","0.04, 0.96",-0.24%,-0.96,83
10,88,"0.03, 1.00","0.03, 0.97",-0.24%,-0.97,83
10,89,"0.01, 1.00","0.01, 0.99",-0.24%,-0.99,82
10,90,"0.00, 1.00","0.00, 1.00",-0.25%,-1.00,82
10,91,"0.02, 0.96","0.03, 0.97",-0.24%,-0.97,82
10,92,"0.00, 1.00","0.00, 1.00",-0.25%,-1.00,82
10,93,"0.01, 0.98","0.01, 0.99",-0.25%,-0.99,82
10,94,"0.04, 1.00","0.04, 0.96",-0.24%,-0.96,81
10,95,"0.06, 1.00","0.05, 0.95",-0.24%,-0.95,81
10,96,"0.03, 1.00","0.03, 0.97",-0.24%,-0.97,81
10,97,"0.02, 0.95","0.02, 0.98",-0.25%,-0.98,81
10,98,"0.00, 0.98","0.00, 1.00",-0.25%,-1.00,81
10,99,"0.00, 1.00","0.00, 1.00",-0.25%,-1.00,80
10,100,"0.01, 1.00","0.01, 0.99",-0.25%,-0.99,80
10,101,"0.00, 1.00","0.00, 1.00",-0.25%,-1.00,80
10,102,"0.00, 0.99","0.00, 1.00",-0.25%,-1.00,80
10,103,"0.00, 0.94","0.00, 1.00",-0.25%,-1.00,80
10,104,"0.04, 1.00","0.04, 0.96",-0.24%,-0.96,79
10,105,"0.00, 0.92","0.00, 1.00",-0.26%,-1.00,79
10,106,"0.05, 0.90","0.05, 0.95",-0.24%,-0.95,79
10,107,"0.06, 0.92","0.06, 0.94",-0.24%,-0.94,79
10,108,"0.00, 1.00","0.00, 1.00",-0.26%,-1.00,79
10,109,"0.00, 1.00","0.00, 1.00",-0.26%,-1.00,78
10,110,"0.00, 1.00","0.00, 1.00",-0.26%,-1.00,78
10,111,"0.02, 0.98","0.02, 0.98",-0.25%,-0.98,78
10,112,"0.09, 0.96","0.08, 0.92",-0.24%,-0.92,78
10,113,"0.05, 1.00","0.05, 0.95",-0.25%,-0.95,78
10,114,"0.00, 0.94","0.00, 1.00",-0.26%,-1.00,77
10,115,"0.10, 0.96","0.09, 0.91",-0.24%,-0.91,77
10,116,"0.00, 0.97","0.00, 1.00",-0.26%,-1.00,77
10,117,"0.00, 1.00","0.00, 1.00",-0.26%,-1.00,77
10,118,"0.05, 1.00","0.05, 0.95",-0.25%,-0.95,77
10,119,"0.07, 0.94","0.07, 0.93",-0.25%,-0.93,76
10,120,"0.00, 1.00","0.00, 1.00",-0.27%,-1.00,76
10,121,"0.00, 1.00","0.00, 1.00",-0.27%,-1.00,76
10,122,"0.02, 0.99","0.02, 0.98",-0.26%,-0.98,76
10,123,"0.00, 1.00","0.00, 1.00",-0.27%,-1.00,76
10,124,"0.01, 1.00","0.01, 0.99",-0.27%,-0.99,75
10,125,"0.00, 0.96","0.00, 1.00",-0.27%,-1.00,75
10,126,"0.00, 1.00","0.00, 1.00",-0.27%,-1.00,75
10,127,"0.00, 0.99","0.00, 1.00",-0.27%,-1.00,75
10,128,"0.00, 0.93","0.00, 1.00",-0.27%,-1.00,75
10,129,"0.02, 0.98","0.02, 0.98",-0.27%,-0.98,74
10,130,"0.01, 0.90","0.01, 0.99",-0.27%,-0.99,74
10,131,"0.00, 1.00","0.00, 1.00",-0.27%,-1.00,74
10,132,"0.00, 1.00","0.00, 1.00",-0.27%,-1.00,74
10,133,"0.00, 1.00","0.00, 1.00",-0.28%,-1.00,74
10,134,"0.03, 0.98","0.03, 0.97",-0.27%,-0.97,73
10,135,"0.00, 1.00","0.00, 1.00",-0.28%,-1.00,73
10,136,"0.00, 0.99","0.00, 1.00",-0.28%,-1.00,73
10,137,"0.03, 0.99","0.03, 0.97",-0.27%,-0.97,73
10,138,"0.03, 0.87","0.04, 0.96",-0.27%,-0.96,73
10,139,"0.03, 1.00","0.03, 0.97",-0.27%,-0.97,72
10,140,"0.00, 0.92","0.00, 1.00",-0.28%,-1.00,72
10,141,"0.00, 1.00","0.00, 1.00",-0.28%,-1.00,72
10,142,"0.06, 0.97","0.06, 0.94",-0.26%,-0.94,72
10,143,"0.04, 1.00","0.04, 0.96",-0.27%,-0.96,72
10,144,"0.00, 0.95","0.00, 1.00",-0.28%,-1.00,71
10,145,"0.00, 1.00","0.00, 1.00",-0.28%,-1.00,71
10,146,"0.00, 1.00","0.00, 1.00",-0.29%,-1.00,71
10,147,"0.00, 0.99","0.00, 1.00",-0.29%,-1.00,71
10,148,"0.03, 1.00","0.03, 0.97",-0.28%,-0.97,71
10,149,"0.04, 1.00","0.04, 0.96",-0.28%,-0.96,70
10,150,"0.04, 1.00","0.04, 0.96",-0.28%,-0.96,70
10,151,"0.11, 1.00","0.10, 0.90",-0.26%,-0.90,70
10,152,"0.00, 0.99","0.00, 1.00",-0.29%,-1.00,70
10,153,"0.09, 0.99","0.08, 0.92",-0.27%,-0.92,70
10,154,"0.00, 1.00","0.00, 1.00",-0.29%,-1.00,69
10,155,"0.01, 1.00","0.01, 0.99",-0.29%,-0.99,69
10,156,"0.00, 0.99","0.00, 1.00",-0.29%,-1.00,69
10,157,"0.00, 1.00","0.00, 1.00",-0.29%,-1.00,69
10,158,"0.00, 0.98","0.00, 1.00",-0.30%,-1.00,69
10,159,"0.01, 0.89","0.02, 0.98",-0.29%,-0.98,68
10,160,"0.00, 1.00","0.00, 1.00",-0.30%,-1.00,68
10,161,"0.04, 1.00","0.04, 0.96",-0.29%,-0.96,68
10,162,"0.00, 0.93","0.00, 1.00",-0.30%,-1.00,68
10,163,"0.03, 0.98","0.03, 0.97",-0.29%,-0.97,68
10,164,"0.00, 0.95","0.00, 1.00",-0.30%,-1.00,67
10,165,"0.00, 0.96","0.00, 1.00",-0.30%,-1.00,67
10,166,"0.00, 1.00","0.00, 1.00",-0.30%,-1.00,67
10,167,"0.00, 0.96","0.00, 1.00",-0.30%,-1.00,67
10,168,"0.00, 1.00","0.00, 1.00",-0.30%,-1.00,67
10,169,"0.00, 1.00","0.00, 1.00",-0.31%,-1.00,66
10,170,"0.00, 0.95","0.00, 1.00",-0.31%,-1.00,66
10,171,"0.00, 1.00","0.00, 1.00",-0.31%,-1.00,66
10,172,"0.00, 1.00","0.00, 1.00",-0.31%,-1.00,66
10,173,"0.00, 1.00","0.00, 1.00",-0.31%,-1.00,66
10,174,"0.02, 0.96","0.02, 0.98",-0.30%,-0.98,65
10,175,"0.00, 0.99","0.00, 1.00",-0.31%,-1.00,65
10,176,"0.00, 1.00","0.00, 1.00",-0.31%,-1.00,65
10,177,"0.12, 1.00","0.11, 0.89",-0.28%,-0.89,65
10,178,"0.00, 1.00","0.00, 1.00",-0.31%,-1.00,65
10,179,"0.00, 0.94","0.00, 1.00",-0.32%,-1.00,64
10,180,"0.03, 1.00","0.03, 0.97",-0.31%,-0.97,64
10,181,"0.02, 1.00","0.02, 0.98",-0.31%,-0.98,64
10,182,"0.00, 1.00","0.00, 1.00",-0.32%,-1.00,64
10,183,"0.07, 0.97","0.07, 0.93",-0.30%,-0.93,64
10,184,"0.00, 0.98","0.00, 1.00",-0.32%,-1.00,63
10,185,"0.00, 0.95","0.00, 1.00",-0.32%,-1.00,63
10,186,"0.07, 1.00","0.06, 0.94",-0.30%,-0.94,63
10,187,"0.00, 0.92","0.00, 1.00",-0.32%,-1.00,63
10,188,"0.00, 0.93","0.00, 1.00",-0.32%,-1.00,63
10,189,"0.04, 0.97","0.04, 0.96",-0.31%,-0.96,62
10,190,"0.06, 0.90","0.06, 0.94",-0.31%,-0.94,62
10,191,"0.03, 1.00","0.03, 0.97",-0.32%,-0.97,62
10,192,"0.01, 1.00","0.01, 0.99",-0.33%,-0.99,62
10,193,"0.00, 0.98","0.00, 1.00",-0.33%,-1.00,62
10,194,"0.02, 0.93","0.02, 0.98",-0.33%,-0.98,61
10,195,"0.00, 0.99","0.00, 1.00",-0.33%,-1.00,61
10,196,"0.00, 1.00","0.00, 1.00",-0.33%,-1.00,61
10,197,"0.00, 1.00","0.00, 1.00",-0.33%,-1.00,61
10,198,"0.00, 1.00","0.00, 1.00",-0.34%,-1.00,61
10,199,"0.00, 1.00","0.00, 1.00",-0.34%,-1.00,60
10,200,"0.00, 0.97","0.00, 1.00",-0.34%,-1.00,60
10,201,"0.03, 1.00","0.03, 0.97",-0.33%,-0.97,60
10,202,"0.04, 0.99","0.04, 0.96",-0.33%,-0.96,60
10,203,"0.02, 0.99","0.02, 0.98",-0.33%,-0.98,60
10,204,"0.00, 1.00","0.00, 1.00",-0.34%,-1.00,59
10,205,"0.00, 0.93","0.00, 1.00",-0.34%,-1.00,59
10,206,"0.01, 1.00","0.01, 0.99",-0.34%,-0.99,59
10,207,"0.01, 0.93","0.01, 0.99",-0.34%,-0.99,59
10,208,"0.05, 1.00","0.05, 0.95",-0.33%,-0.95,59
10,209,"0.00, 0.99","0.00, 1.00",-0.35%,-1.00,58
10,210,"0.05, 0.96","0.05, 0.95",-0.33%,-0.95,58
10,211,"0.02, 1.00","0.02, 0.98",-0.34%,-0.98,58
10,212,"0.00, 0.93","0.00, 1.00",-0.35%,-1.00,58
10,213,"0.00, 0.94","0.00, 1.00",-0.35%,-1.00,58
10,214,"0.00, 1.00","0.00, 1.00",-0.35%,-1.00,57
10,215,"0.00, 0.95","0.00, 1.00",-0.36%,-1.00,57
10,216,"0.00, 0.98","0.00, 1.00",-0.36%,-1.00,57
10,217,"0.00, 0.98","0.00, 1.00",-0.36%,-1.00,57
10,218,"0.09, 0.94","0.09, 0.91",-0.33%,-0.91,57
10,219,"0.00, 1.00","0.00, 1.00",-0.36%,-1.00,56
10,220,"0.03, 0.99","0.03, 0.97",-0.35%,-0.97,56
10,221,"0.00, 0.97","0.00, 1.00",-0.36%,-1.00,56
10,222,"0.00, 1.00","0.00, 1.00",-0.36%,-1.00,56
10,223,"0.02, 0.98","0.02, 0.98",-0.36%,-0.98,56
10,224,"0.04, 0.93","0.04, 0.96",-0.35%,-0.96,55
10,225,"0.00, 0.96","0.00, 1.00",-0.37%,-1.00,55
10,226,"0.00, 1.00","0.00, 1.00",-0.37%,-1.00,55
10,227,"0.00, 0.93","0.00, 1.00",-0.37%,-1.00,55
10,228,"0.02, 1.00","0.02, 0.98",-0.37%,-0.98,55
10,229,"0.04, 1.00","0.04, 0.96",-0.36%,-0.96,54
10,230,"0.00, 1.00","0.00, 1.00",-0.38%,-1.00,54
10,231,"0.02, 0.98","0.02, 0.98",-0.37%,-0.98,54
10,232,"0.00, 0.96","0.00, 1.00",-0.38%,-1.00,54
10,233,"0.02, 0.96","0.02, 0.98",-0.37%,-0.98,54
10,234,"0.00, 0.99","0.00, 1.00",-0.38%,-1.00,53
10,235,"0.06, 1.00","0.06, 0.94",-0.36%,-0.94,53
10,236,"0.08, 1.00","0.07, 0.93",-0.36%,-0.93,53
10,237,"0.05, 1.00","0.04, 0.96",-0.37%,-0.96,53
10,238,"0.02, 0.99","0.02, 0.98",-0.38%,-0.98,53
10,239,"0.00, 0.98","0.00, 1.00",-0.39%,-1.00,52
10,240,"0.00, 0.98","0.00, 1.00",-0.39%,-1.00,52
10,241,"0.08, 1.00","0.08, 0.92",-0.36%,-0.92,52
10,242,"0.07, 1.00","0.07, 0.93",-0.37%,-0.93,52
10,243,"0.12, 1.00","0.11, 0.89",-0.35%,-0.89,52
10,244,"0.00, 1.00","0.00, 1.00",-0.40%,-1.00,51
10,245,"0.00, 1.00","0.00, 1.00",-0.40%,-1.00,51
10,246,"0.00, 0.91","0.00, 1.00",-0.40%,-1.00,51
10,247,"0.03, 1.00","0.03, 0.97",-0.39%,-0.97,51
10,248,"0.00, 1.00","0.00, 1.00",-0.40%,-1.00,51
10,249,"0.00, 1.00","0.00, 1.00",-0.40%,-1.00,50
10,250,"0.00, 0.97","0.00, 1.00",-0.40%,-1.00,50
10,251,"0.07, 0.99","0.07, 0.93",-0.38%,-0.93,50
10,252,"0.03, 0.97","0.03, 0.97",-0.40%,-0.97,50
10,253,"0.00, 0.96","0.00, 1.00",-0.41%,-1.00,50
10,254,"0.00, 1.00","0.00, 1.00",-0.41%,-1.00,49
10,255,"0.00, 0.99","0.00, 1.00",-0.41%,-1.00,49
10,256,"0.04, 1.00","0.04, 0.96",-0.40%,-0.96,49
10,257,"0.03, 1.00","0.03, 0.97",-0.41%,-0.97,49
10,258,"0.00, 1.00","0.00, 1.00",-0.42%,-1.00,49
10,259,"0.00, 0.99","0.00, 1.00",-0.42%,-1.00,48
10,260,"0.00, 0.97","0.00, 1.00",-0.42%,-1.00,48
10,261,"0.04, 1.00","0.03, 0.97",-0.41%,-0.97,48
10,262,"0.06, 0.97","0.06, 0.94",-0.40%,-0.94,48
10,263,"0.01, 1.00","0.01, 0.99",-0.43%,-0.99,48
10,264,"0.00, 1.00","0.00, 1.00",-0.43%,-1.00,47
10,265,"0.02, 1.00","0.02, 0.98",-0.43%,-0.98,47
10,266,"0.00, 1.00","0.00, 1.00",-0.43%,-1.00,47
10,267,"0.00, 1.00","0.00, 1.00",-0.44%,-1.00,47
10,268,"0.00, 0.93","0.00, 1.00",-0.44%,-1.00,47
10,269,"0.04, 0.85","0.04, 0.96",-0.42%,-0.96,46
10,270,"0.00, 0.88","0.00, 1.00",-0.44%,-1.00,46
10,271,"0.03, 0.95","0.03, 0.97",-0.43%,-0.97,46
10,272,"0.00, 0.97","0.00, 1.00",-0.45%,-1.00,46
10,273,"0.02, 0.97","0.02, 0.98",-0.44%,-0.98,46
10,274,"0.00, 1.00","0.00, 1.00",-0.45%,-1.00,45
10,275,"0.00, 0.89","0.00, 1.00",-0.45%,-1.00,45
10,276,"0.06, 0.97","0.06, 0.94",-0.43%,-0.94,45
10,277,"0.01, 1.00","0.01, 0.99",-0.45%,-0.99,45
10,278,"0.01, 0.96","0.01, 0.99",-0.46%,-0.99,45
10,279,"0.00, 0.98","0.00, 1.00",-0.46%,-1.00,44
10,280,"0.00, 0.96","0.00, 1.00",-0.46%,-1.00,44
10,281,"0.08, 0.96","0.08, 0.92",-0.43%,-0.92,44
10,282,"0.00, 1.00","0.00, 1.00",-0.47%,-1.00,44
10,283,"0.00, 0.95","0.00, 1.00",-0.47%,-1.00,44
10,284,"0.10, 0.99","0.09, 0.91",-0.43%,-0.91,43
10,285,"0.07, 0.94","0.07, 0.93",-0.44%,-0.93,43
10,286,"0.08, 0.94","0.08, 0.92",-0.44%,-0.92,43
10,287,"0.03, 1.00","0.03, 0.97",-0.46%,-0.97,43
10,288,"0.00, 1.00","0.00, 1.00",-0.48%,-1.00,43
10,289,"0.05, 1.00","0.04, 0.96",-0.46%,-0.96,42
10,290,"0.00, 1.00","0.00, 1.00",-0.49%,-1.00,42
10,291,"0.00, 1.00","0.00, 1.00",-0.49%,-1.00,42
10,292,"0.04, 1.00","0.04, 0.96",-0.47%,-0.96,42
10,293,"0.00, 1.00","0.00, 1.00",-0.49%,-1.00,42
10,294,"0.00, 0.94","0.00, 1.00",-0.50%,-1.00,41
10,295,"0.07, 0.95","0.07, 0.93",-0.46%,-0.93,41
10,296,"0.05, 1.00","0.05, 0.95",-0.48%,-0.95,41
10,297,"0.00, 0.92","0.00, 1.00",-0.50%,-1.00,41
10,298,"0.02, 0.98","0.02, 0.98",-0.49%,-0.98,41
10,299,"0.03, 1.00","0.03, 0.97",-0.49%,-0.97,40
10,300,"0.00, 1.00","0.00, 1.00",-0.51%,-1.00,40
10,301,"0.03, 0.95","0.03, 0.97",-0.50%,-0.97,40
10,302,"0.00, 1.00","0.00, 1.00",-0.52%,-1.00,40
10,303,"0.01, 1.00","0.01, 0.99",-0.51%,-0.99,40
10,304,"0.00, 0.92","0.00, 1.00",-0.52%,-1.00,39
10,305,"0.00, 1.00","0.00, 1.00",-0.52%,-1.00,39
10,306,"0.00, 1.00","0.00, 1.00",-0.53%,-1.00,39
10,307,"0.00, 1.00","0.00, 1.00",-0.53%,-1.00,39
10,308,"0.00, 0.86","0.00, 1.00",-0.53%,-1.00,39
10,309,"0.00, 0.97","0.00, 1.00",-0.53%,-1.00,38
10,310,"0.01, 0.95","0.01, 0.99",-0.53%,-0.99,38
10,311,"0.00, 1.00","0.00, 1.00",-0.54%,-1.00,38
10,312,"0.00, 1.00","0.00, 1.00",-0.54%,-1.00,38
10,313,"0.00, 0.98","0.00, 1.00",-0.55%,-1.00,37
10,314,"0.00, 0.98","0.00, 1.00",-0.55%,-1.00,37
10,315,"0.00, 0.96","0.00, 1.00",-0.55%,-1.00,37
10,316,"0.05, 1.00","0.04, 0.96",-0.53%,-0.96,37
10,317,"0.10, 1.00","0.09, 0.91",-0.51%,-0.91,37
10,318,"0.08, 1.00","0.07, 0.93",-0.52%,-0.93,36
10,319,"0.04, 0.96","0.04, 0.96",-0.54%,-0.96,36
10,320,"0.00, 1.00","0.00, 1.00",-0.57%,-1.00,36
10,321,"0.08, 0.96","0.08, 0.92",-0.53%,-0.92,36
10,322,"0.00, 0.98","0.00, 1.00",-0.57%,-1.00,36
10,323,"0.01, 1.00","0.01, 0.99",-0.57%,-0.99,35
10,324,"0.03, 1.00","0.03, 0.97",-0.56%,-0.97,35
10,325,"0.07, 1.00","0.07, 0.93",-0.55%,-0.93,35
10,326,"0.00, 1.00","0.00, 1.00",-0.59%,-1.00,35
10,327,"0.00, 1.00","0.00, 1.00",-0.59%,-1.00,35
10,328,"0.05, 1.00","0.04, 0.96",-0.57%,-0.96,34
10,329,"0.00, 0.93","0.00, 1.00",-0.60%,-1.00,34
10,330,"0.08, 0.91","0.08, 0.92",-0.56%,-0.92,34
10,331,"0.00, 0.95","0.00, 1.00",-0.61%,-1.00,34
10,332,"0.02, 0.96","0.02, 0.98",-0.60%,-0.98,34
10,333,"0.03, 1.00","0.03, 0.97",-0.60%,-0.97,33
10,334,"0.00, 0.95","0.00, 1.00",-0.62%,-1.00,33
10,335,"0.00, 0.97","0.00, 1.00",-0.62%,-1.00,33
10,336,"0.00, 0.93","0.00, 1.00",-0.62%,-1.00,33
10,337,"0.00, 1.00","0.00, 1.00",-0.63%,-1.00,33
10,338,"0.00, 1.00","0.00, 1.00",-0.63%,-1.00,32
10,339,"0.04, 1.00","0.04, 0.96",-0.61%,-0.96,32
10,340,"0.04, 0.94","0.04, 0.96",-0.61%,-0.96,32
10,341,"0.00, 1.00","0.00, 1.00",-0.65%,-1.00,32
10,342,"0.01, 1.00","0.01, 0.99",-0.65%,-0.99,32
10,343,"0.10, 1.00","0.09, 0.91",-0.59%,-0.91,31
10,344,"0.00, 1.00","0.00, 1.00",-0.66%,-1.00,31
10,345,"0.00, 0.98","0.00, 1.00",-0.66%,-1.00,31
10,346,"0.00, 1.00","0.00, 1.00",-0.67%,-1.00,31
10,347,"0.00, 0.98","0.00, 1.00",-0.67%,-1.00,31
10,348,"0.00, 1.00","0.00, 1.00",-0.68%,-1.00,30
10,349,"0.00, 1.00","0.00, 1.00",-0.68%,-1.00,30
10,350,"0.00, 0.93","0.00, 1.00",-0.68%,-1.00,30
10,351,"0.00, 1.00","0.00, 1.00",-0.69%,-1.00,30
10,352,"0.06, 1.00","0.06, 0.94",-0.65%,-0.94,30
10,353,"0.03, 1.00","0.03, 0.97",-0.68%,-0.97,29
10,354,"0.00, 1.00","0.00, 1.00",-0.70%,-1.00,29
10,355,"0.00, 0.96","0.00, 1.00",-0.71%,-1.00,29
10,356,"0.00, 0.92","0.00, 1.00",-0.71%,-1.00,29
10,357,"0.01, 0.97","0.01, 0.99",-0.71%,-0.99,29
10,358,"0.00, 1.00","0.00, 1.00",-0.72%,-1.00,28
10,359,"0.04, 0.97","0.04, 0.96",-0.70%,-0.96,28
10,360,"0.00, 1.00","0.00, 1.00",-0.74%,-1.00,28
10,361,"0.02, 0.98","0.02, 0.98",-0.72%,-0.98,28
10,362,"0.10, 1.00","0.09, 0.91",-0.68%,-0.91,28
10,363,"0.00, 1.00","0.00, 1.00",-0.75%,-1.00,27
10,364,"0.03, 0.97","0.03, 0.97",-0.73%,-0.97,27
10,365,"0.00, 0.98","0.00, 1.00",-0.76%,-1.00,27
10,366,"0.06, 1.00","0.06, 0.94",-0.72%,-0.94,27
10,367,"0.00, 0.98","0.00, 1.00",-0.77%,-1.00,27
10,368,"0.00, 1.00","0.00, 1.00",-0.78%,-1.00,26
10,369,"0.00, 1.00","0.00, 1.00",-0.79%,-1.00,26
10,370,"0.03, 0.96","0.03, 0.97",-0.77%,-0.97,26
10,371,"0.00, 1.00","0.00, 1.00",-0.80%,-1.00,26
10,372,"0.08, 1.00","0.07, 0.93",-0.75%,-0.93,26
10,373,"0.04, 0.94","0.04, 0.96",-0.78%,-0.96,25
10,374,"0.14, 0.96","0.12, 0.88",-0.72%,-0.88,25
10,375,"0.00, 1.00","0.00, 1.00",-0.83%,-1.00,25
10,376,"0.00, 0.97","0.00, 1.00",-0.83%,-1.00,25
10,377,"0.00, 0.96","0.00, 1.00",-0.84%,-1.00,25
10,378,"0.00, 1.00","0.00, 1.00",-0.85%,-1.00,24
10,379,"0.00, 0.97","0.00, 1.00",-0.85%,-1.00,24
10,380,"0.02, 1.00","0.02, 0.98",-0.84%,-0.98,24
10,381,"0.00, 0.99","0.00, 1.00",-0.87%,-1.00,24
10,382,"0.00, 0.94","0.01, 0.99",-0.87%,-0.99,23
10,383,"0.18, 0.90","0.17, 0.83",-0.74%,-0.83,23
10,384,"0.06, 1.00","0.05, 0.95",-0.85%,-0.95,23
10,385,"0.00, 0.90","0.00, 1.00",-0.90%,-1.00,23
10,386,"0.00, 1.00","0.00, 1.00",-0.91%,-1.00,23
10,387,"0.00, 1.00","0.00, 1.00",-0.92%,-1.00,23
10,388,"0.03, 1.00","0.03, 0.97",-0.90%,-0.97,22
10,389,"0.00, 1.00","0.00, 1.00",-0.93%,-1.00,22
10,390,"0.00, 1.00","0.00, 1.00",-0.94%,-1.00,22
10,391,"0.03, 1.00","0.03, 0.97",-0.93%,-0.97,22
10,392,"0.00, 0.97","0.00, 1.00",-0.96%,-1.00,21
10,393,"0.00, 0.98","0.00, 1.00",-0.97%,-1.00,21
10,394,"0.02, 1.00","0.02, 0.98",-0.96%,-0.98,21
10,395,"0.06, 0.93","0.06, 0.94",-0.93%,-0.94,21
10,396,"0.04, 0.99","0.04, 0.96",-0.96%,-0.96,21
10,397,"0.00, 0.99","0.00, 1.00",-1.01%,-1.00,20
10,398,"0.00, 0.94","0.00, 1.00",-1.02%,-1.00,20
10,399,"0.01, 1.00","0.01, 0.99",-1.02%,-0.99,20
10,400,"0.00, 1.00","0.00, 1.00",-1.04%,-1.00,20
10,401,"0.02, 0.97","0.02, 0.98",-1.03%,-0.98,20
10,402,"0.00, 1.00","0.00, 1.00",-1.06%,-1.00,19
10,403,"0.02, 1.00","0.02, 0.98",-1.05%,-0.98,19
10,404,"0.00, 1.00","0.00, 1.00",-1.09%,-1.00,19
10,405,"0.00, 1.00","0.00, 1.00",-1.10%,-1.00,19
10,406,"0.05, 0.97","0.05, 0.95",-1.05%,-0.95,19
10,407,"0.00, 1.00","0.00, 1.00",-1.12%,-1.00,18
10,408,"0.02, 1.00","0.02, 0.98",-1.11%,-0.98,18
10,409,"0.00, 1.00","0.00, 1.00",-1.15%,-1.00,18
10,410,"0.00, 0.93","0.00, 1.00",-1.16%,-1.00,18
10,411,"0.00, 1.00","0.00, 1.00",-1.18%,-1.00,18
10,412,"0.00, 0.99","0.00, 1.00",-1.19%,-1.00,17
10,413,"0.06, 0.92","0.06, 0.94",-1.13%,-0.94,17
10,414,"0.00, 0.91","0.00, 1.00",-1.22%,-1.00,17
10,415,"0.00, 1.00","0.00, 1.00",-1.23%,-1.00,17
10,416,"0.00, 0.95","0.00, 1.00",-1.25%,-1.00,17
10,417,"0.06, 1.00","0.06, 0.94",-1.19%,-0.94,16
10,418,"0.01, 1.00","0.01, 0.99",-1.27%,-0.99,16
10,419,"0.06, 0.94","0.06, 0.94",-1.22%,-0.94,16
10,420,"0.00, 1.00","0.00, 1.00",-1.32%,-1.00,16
10,421,"0.00, 1.00","0.00, 1.00",-1.33%,-1.00,16
10,422,"0.01, 0.97","0.01, 0.99",-1.34%,-0.99,15
10,423,"0.00, 0.98","0.00, 1.00",-1.37%,-1.00,15
10,424,"0.00, 1.00","0.00, 1.00",-1.39%,-1.00,15
10,425,"0.04, 0.97","0.04, 0.96",-1.35%,-0.96,15
10,426,"0.05, 1.00","0.05, 0.95",-1.36%,-0.95,14
10,427,"0.01, 0.98","0.01, 0.99",-1.43%,-0.99,14
10,428,"0.00, 1.00","0.00, 1.00",-1.47%,-1.00,14
10,429,"0.08, 0.99","0.08, 0.92",-1.38%,-0.92,14
10,430,"0.05, 0.95","0.05, 0.95",-1.44%,-0.95,14
10,431,"0.07, 1.00","0.07, 0.93",-1.44%,-0.93,13
10,432,"0.00, 0.92","0.00, 1.00",-1.56%,-1.00,13
10,433,"0.00, 0.99","0.00, 1.00",-1.59%,-1.00,13
10,434,"0.05, 0.99","0.05, 0.95",-1.53%,-0.95,13
10,435,"0.00, 0.95","0.00, 1.00",-1.64%,-1.00,13
10,436,"0.00, 0.91","0.00, 1.00",-1.67%,-1.00,12
10,437,"0.00, 0.99","0.00, 1.00",-1.69%,-1.00,12
10,438,"0.09, 0.99","0.08, 0.92",-1.58%,-0.92,12
10,439,"0.12, 0.96","0.11, 0.89",-1.56%,-0.89,12
10,440,"0.00, 1.00","0.00, 1.00",-1.79%,-1.00,12
10,441,"0.01, 1.00","0.01, 0.99",-1.80%,-0.99,11
10,442,"0.07, 1.00","0.07, 0.93",-1.72%,-0.93,11
10,443,"0.07, 0.98","0.07, 0.93",-1.75%,-0.93,11
10,444,"0.00, 1.00","0.00, 1.00",-1.92%,-1.00,11
10,445,"0.00, 1.00","0.00, 1.00",-1.96%,-1.00,11
10,446,"0.12, 0.93","0.12, 0.88",-1.77%,-0.88,10
10,447,"0.00, 1.00","0.00, 1.00",-2.04%,-1.00,10
10,448,"0.00, 1.00","0.00, 1.00",-2.08%,-1.00,10
10,449,"0.04, 0.99","0.04, 0.96",-2.04%,-0.96,10
10,450,"0.00, 0.94","0.00, 1.00",-2.17%,-1.00,10
10,451,"0.02, 0.99","0.02, 0.98",-2.17%,-0.98,9
10,452,"0.00, 1.00","0.00, 1.00",-2.27%,-1.00,9
10,453,"0.00, 0.99","0.00, 1.00",-2.33%,-1.00,9
10,454,"0.09, 0.97","0.09, 0.91",-2.18%,-0.91,9
10,455,"0.00, 1.00","0.00, 1.00",-2.44%,-1.00,9
10,456,"0.01, 1.00","0.01, 0.99",-2.48%,-0.99,8
10,457,"0.08, 1.00","0.08, 0.92",-2.37%,-0.92,8
10,458,"0.04, 1.00","0.04, 0.96",-2.53%,-0.96,8
10,459,"0.02, 0.99","0.02, 0.98",-2.66%,-0.98,8
10,460,"0.10, 1.00","0.09, 0.91",-2.53%,-0.91,8
10,461,"0.02, 1.00","0.02, 0.98",-2.81%,-0.98,7
10,462,"0.00, 0.95","0.00, 1.00",-2.94%,-1.00,7
10,463,"0.00, 0.98","0.00, 1.00",-3.03%,-1.00,7
10,464,"0.00, 0.93","0.00, 1.00",-3.12%,-1.00,7
10,465,"0.09, 1.00","0.08, 0.92",-2.95%,-0.92,6
10,466,"0.01, 0.99","0.01, 0.99",-3.30%,-0.99,6
10,467,"0.07, 0.98","0.06, 0.94",-3.23%,-0.94,6
10,468,"0.03, 1.00","0.03, 0.97",-3.46%,-0.97,6
10,469,"0.02, 1.00","0.02, 0.98",-3.65%,-0.98,6
10,470,"0.07, 1.00","0.06, 0.94",-3.61%,-0.94,5
10,471,"0.00, 1.00","0.00, 1.00",-4.00%,-1.00,5
10,472,"0.07, 1.00","0.06, 0.94",-3.90%,-0.94,5
10,473,"0.00, 1.00","0.00, 1.00",-4.35%,-1.00,5
10,474,"0.02, 0.95","0.02, 0.98",-4.47%,-0.98,5
10,475,"0.03, 0.95","0.03, 0.97",-4.61%,-0.97,4
10,476,"0.00, 0.95","0.00, 1.00",-5.00%,-1.00,4
10,477,"0.02, 0.90","0.03, 0.97",-5.13%,-0.97,4
10,478,"0.00, 0.95","0.00, 1.00",-5.56%,-1.00,4
10,479,"0.04, 0.98","0.04, 0.96",-5.65%,-0.96,3
10,480,"0.04, 0.91","0.04, 0.96",-5.98%,-0.96,3
10,481,"0.07, 0.99","0.06, 0.94",-6.25%,-0.94,3
10,482,"0.11, 1.00","0.10, 0.90",-6.43%,-0.90,3
10,483,"0.03, 0.96","0.03, 0.97",-7.46%,-0.97,3
10,484,"0.01, 1.00","0.01, 0.99",-8.27%,-0.99,2
10,485,"0.00, 0.93","0.00, 1.00",-9.09%,-1.00,2
10,486,"0.00, 0.97","0.00, 1.00",-10.00%,-1.00,2
10,487,"0.10, 1.00","0.09, 0.91",-10.07%,-0.91,2
10,488,"0.00, 0.97","0.00, 1.00",-12.50%,-1.00,2
10,489,"0.02, 0.92","0.03, 0.97",-13.91%,-0.97,1
10,490,"0.00, 1.00","0.00, 1.00",-16.67%,-1.00,1
10,491,"0.00, 1.00","0.00, 1.00",-20.00%,-1.00,1
10,492,"0.02, 0.96","0.02, 0.98",-24.45%,-0.98,1
10,493,"0.01, 1.00","0.01, 0.99",-32.89%,-0.99,0
10,494,"0.00, 0.95","0.00, 1.00",-49.99%,-1.00,0
11,1,"0.50, 0.50","0.50, 0.50",-0.10%,-0.50,100
11,2,"0.00, 1.00","0.00, 1.00",-0.20%,-1.00,100
11,3,"0.00, 1.00","0.00, 1.00",-0.20%,-1.00,99
11,4,"0.00, 0.94","0.00, 1.00",-0.20%,-1.00,99
11,5,"0.04, 1.00","0.04, 0.96",-0.20%,-0.96,99
11,6,"0.07, 0.96","0.07, 0.93",-0.19%,-0.93,99
11,7,"0.00, 0.90","0.00, 1.00",-0.20%,-1.00,99
11,8,"0.00, 0.92","0.00, 1.00",-0.20%,-1.00,99
11,9,"0.00, 1.00","0.00, 1.00",-0.21%,-1.00,98
11,10,"0.00, 1.00","0.00, 1.00",-0.21%,-1.00,98
11,11,"0.00, 0.98","0.00, 1.00",-0.21%,-1.00,98
11,12,"0.00, 0.97","0.00, 1.00",-0.21%,-1.00,98
11,13,"0.06, 0.95","0.06, 0.94",-0.20%,-0.94,98
11,14,"0.00, 0.95","0.00, 1.00",-0.21%,-1.00,97
11,15,"0.01, 1.00","0.01, 0.99",-0.21%,-0.99,97
11,16,"0.01, 1.00","0.01, 0.99",-0.21%,-0.99,97
11,17,"0.00, 0.95","0.00, 1.00",-0.21%,-1.00,97
11,18,"0.03, 0.92","0.03, 0.97",-0.20%,-0.97,97
11,19,"0.00, 1.00","0.00, 1.00",-0.21%,-1.00,96
11,20,"0.04, 0.99","0.04, 0.96",-0.20%,-0.96,96
11,21,"0.00, 1.00","0.00, 1.00",-0.21%,-1.00,96
11,22,"0.00, 0.98","0.00, 1.00",-0.21%,-1.00,96
11,23,"0.00, 1.00","0.00, 1.00",-0.21%,-1.00,96
11,24,"0.00, 1.00","0.00, 1.00",-0.21%,-1.00,95
11,25,"0.09, 1.00","0.08, 0.92",-0.19%,-0.92,95
11,26,"0.01, 1.00","0.01, 0.99",-0.21%,-0.99,95
11,27,"0.00, 0.98","0.00, 1.00",-0.21%,-1.00,95
11,28,"0.00, 0.97","0.00, 1.00",-0.21%,-1.00,95
11,29,"0.00, 1.00","0.00, 1.00",-0.21%,-1.00,94
11,30,"0.02, 1.00","0.02, 0.98",-0.21%,-0.98,94
11,31,"0.14, 0.98","0.12, 0.88",-0.19%,-0.88,94
11,32,"0.00, 1.00","0.00, 1.00",-0.22%,-1.00,94
11,33,"0.00, 1.00","0.00, 1.00",-0.22%,-1.00,94
11,34,"0.01, 0.93","0.01, 0.99",-0.21%,-0.99,93
11,35,"0.07, 1.00","0.06, 0.94",-0.20%,-0.94,93
11,36,"0.00, 1.00","0.00, 1.00",-0.22%,-1.00,93
11,37,"0.00, 0.98","0.00, 1.00",-0.22%,-1.00,93
11,38,"0.07, 0.95","0.07, 0.93",-0.20%,-0.93,93
11,39,"0.05, 1.00","0.05, 0.95",-0.21%,-0.95,92
11,40,"0.14, 0.98","0.12, 0.88",-0.19%,-0.88,92
11,41,"0.02, 0.99","0.02, 0.98",-0.21%,-0.98,92
11,42,"0.06, 1.00","0.06, 0.94",-0.21%,-0.94,92
11,43,"0.00, 0.96","0.00, 1.00",-0.22%,-1.00,92
11,44,"0.08, 0.94","0.08, 0.92",-0.20%,-0.92,91
11,45,"0.00, 1.00","0.00, 1.00",-0.22%,-1.00,91
11,46,"0.03, 0.97","0.03, 0.97",-0.22%,-0.97,91
11,47,"0.00, 1.00","0.00, 1.00",-0.22%,-1.00,91
11,48,"0.05, 1.00","0.05, 0.95",-0.21%,-0.95,91
11,49,"0.10, 0.98","0.10, 0.90",-0.20%,-0.90,90
11,50,"0.00, 1.00","0.00, 1.00",-0.22%,-1.00,90
11,51,"0.00, 1.00","0.00, 1.00",-0.22%,-1.00,90
11,52,"0.08, 1.00","0.08, 0.92",-0.21%,-0.92,90
11,53,"0.00, 0.99","0.00, 1.00",-0.23%,-1.00,90
11,54,"0.00, 1.00","0.00, 1.00",-0.23%,-1.00,89
11,55,"0.08, 0.97","0.07, 0.93",-0.21%,-0.93,89
11,56,"0.02, 1.00","0.02, 0.98",-0.22%,-0.98,89
11,57,"0.00, 1.00","0.00, 1.00",-0.23%,-1.00,89
11,58,"0.03, 0.89","0.03, 0.97",-0.22%,-0.97,89
11,59,"0.05, 1.00","0.05, 0.95",-0.22%,-0.95,88
11,60,"0.00, 1.00","0.00, 1.00",-0.23%,-1.00,88
11,61,"0.00, 1.00","0.00, 1.00",-0.23%,-1.00,88
11,62,"0.00, 0.98","0.00, 1.00",-0.23%,-1.00,88
11,63,"0.00, 1.00","0.00, 1.00",-0.23%,-1.00,88
11,64,"0.07, 0.97","0.07, 0.93",-0.22%,-0.93,87
11,65,"0.00, 0.97","0.00, 1.00",-0.23%,-1.00,87
11,66,"0.00, 1.00","0.00, 1.00",-0.23%,-1.00,87
11,67,"0.04, 0.96","0.04, 0.96",-0.22%,-0.96,87
11,68,"0.00, 1.00","0.00, 1.00",-0.23%,-1.00,87
11,69,"0.00, 1.00","0.00, 1.00",-0.23%,-1.00,86
11,70,"0.01, 0.98","0.01, 0.99",-0.23%,-0.99,86
11,71,"0.04, 0.97","0.04, 0.96",-0.23%,-0.96,86
11,72,"0.00, 0.97","0.00, 1.00",-0.24%,-1.00,86
11,73,"0.02, 0.96","0.02, 0.98",-0.23%,-0.98,86
11,74,"0.00, 1.00","0.00, 1.00",-0.24%,-1.00,85
11,75,"0.00, 1.00","0.00, 1.00",-0.24%,-1.00,85
11,76,"0.00, 0.93","0.00, 1.00",-0.24%,-1.00,85
11,77,"0.00, 0.97","0.00, 1.00",-0.24%,-1.00,85
11,78,"0.00, 0.97","0.00, 1.00",-0.24%,-1.00,85
11,79,"0.00, 0.97","0.00, 1.00",-0.24%,-1.00,84
11,80,"0.00, 0.97","0.00, 1.00",-0.24%,-1.00,84
11,81,"0.09, 0.96","0.09, 0.91",-0.22%,-0.91,84
11,82,"0.03, 1.00","0.03, 0.97",-0.23%,-0.97,84
11,83,"0.04, 0.98","0.04, 0.96",-0.23%,-0.96,84
11,84,"0.03, 1.00","0.03, 0.97",-0.24%,-0.97,83
11,85,"0.00, 0.85","0.00, 1.00",-0.24%,-1.00,83
11,86,"0.01, 1.00","0.01, 0.99",-0.24%,-0.99,83
11,87,"0.04, 0.93","0.04, 0.96",-0.23%,-0.96,83
11,88,"0.01, 0.99","0.01, 0.99",-0.24%,-0.99,83
11,89,"0.02, 1.00","0.02, 0.98",-0.24%,-0.98,82
11,90,"0.03, 0.96","0.03, 0.97",-0.24%,-0.97,82
11,91,"0.01, 0.99","0.01, 0.99",-0.24%,-0.99,82
11,92,"0.00, 1.00","0.00, 1.00",-0.25%,-1.00,82
11,93,"0.01, 0.98","0.01, 0.99",-0.25%,-0.99,82
11,94,"0.00, 0.95","0.00, 1.00",-0.25%,-1.00,81
11,95,"0.00, 1.00","0.00, 1.00",-0.25%,-1.00,81
11,96,"0.05, 1.00","0.05, 0.95",-0.24%,-0.95,81
11,97,"0.00, 1.00","0.00, 1.00",-0.25%,-1.00,81
11,98,"0.00, 1.00","0.00, 1.00",-0.25%,-1.00,81
11,99,"0.01, 1.00","0.01, 0.99",-0.25%,-0.99,80
11,100,"0.00, 0.99","0.00, 1.00",-0.25%,-1.00,80
11,101,"0.00, 1.00","0.00, 1.00",-0.25%,-1.00,80
11,102,"0.00, 1.00","0.00, 1.00",-0.25%,-1.00,80
11,103,"0.00, 1.00","0.00, 1.00",-0.25%,-1.00,80
11,104,"0.00, 1.00","0.00, 1.00",-0.26%,-1.00,79
11,105,"0.00, 0.99","0.00, 1.00",-0.26%,-1.00,79
11,106,"0.02, 1.00","0.02, 0.98",-0.25%,-0.98,79
11,107,"0.08, 1.00","0.08, 0.92",-0.24%,-0.92,79
11,108,"0.00, 0.99","0.00, 1.00",-0.26%,-1.00,79
11,109,"0.03, 1.00","0.03, 0.97",-0.25%,-0.97,78
11,110,"0.06, 0.95","0.06, 0.94",-0.24%,-0.94,78
11,111,"0.00, 1.00","0.00, 1.00",-0.26%,-1.00,78
11,112,"0.00, 0.91","0.00, 1.00",-0.26%,-1.00,78
11,113,"0.00, 1.00","0.00, 1.00",-0.26%,-1.00,78
11,114,"0.00, 1.00","0.00, 1.00",-0.26%,-1.00,77
11,115,"0.09, 0.98","0.08, 0.92",-0.24%,-0.92,77
11,116,"0.04, 1.00","0.04, 0.96",-0.25%,-0.96,77
11,117,"0.03, 0.88","0.04, 0.96",-0.25%,-0.96,77
11,118,"0.00, 1.00","0.00, 1.00",-0.26%,-1.00,77
11,119,"0.00, 1.00","0.00, 1.00",-0.27%,-1.00,76
11,120,"0.00, 1.00","0.00, 1.00",-0.27%,-1.00,76
11,121,"0.08, 0.92","0.08, 0.92",-0.25%,-0.92,76
11,122,"0.03, 1.00","0.03, 0.97",-0.26%,-0.97,76
11,123,"0.04, 1.00","0.04, 0.96",-0.26%,-0.96,76
11,124,"0.02, 0.98","0.02, 0.98",-0.26%,-0.98,75
11,125,"0.00, 1.00","0.00, 1.00",-0.27%,-1.00,75
11,126,"0.00, 0.97","0.00, 1.00",-0.27%,-1.00,75
11,127,"0.00, 0.99","0.00, 1.00",-0.27%,-1.00,75
11,128,"0.00, 1.00","0.00, 1.00",-0.27%,-1.00,75
11,129,"0.05, 1.00","0.05, 0.95",-0.26%,-0.95,74
11,130,"0.07, 0.93","0.07, 0.93",-0.26%,-0.93,74
11,131,"0.00, 0.98","0.00, 1.00",-0.27%,-1.00,74
11,132,"0.05, 1.00","0.04, 0.96",-0.26%,-0.96,74
11,133,"0.00, 1.00","0.00, 1.00",-0.28%,-1.00,74
11,134,"0.04, 0.96","0.04, 0.96",-0.26%,-0.96,73
11,135,"0.03, 0.98","0.03, 0.97",-0.27%,-0.97,73
11,136,"0.01, 1.00","0.01, 0.99",-0.27%,-0.99,73
11,137,"0.04, 1.00","0.04, 0.96",-0.27%,-0.96,73
11,138,"0.03, 1.00","0.03, 0.97",-0.27%,-0.97,73
11,139,"0.00, 0.96","0.00, 1.00",-0.28%,-1.00,72
11,140,"0.06, 0.99","0.06, 0.94",-0.27%,-0.94,72
11,141,"0.00, 0.88","0.00, 1.00",-0.28%,-1.00,72
11,142,"0.05, 1.00","0.05, 0.95",-0.27%,-0.95,72
11,143,"0.00, 1.00","0.00, 1.00",-0.28%,-1.00,72
11,144,"0.00, 1.00","0.00, 1.00",-0.28%,-1.00,71
11,145,"0.00, 0.97","0.01, 0.99",-0.28%,-0.99,71
11,146,"0.00, 0.95","0.00, 1.00",-0.29%,-1.00,71
11,147,"0.13, 0.98","0.12, 0.88",-0.25%,-0.88,71
11,148,"0.04, 0.96","0.04, 0.96",-0.28%,-0.96,71
11,149,"0.01, 0.95","0.01, 0.99",-0.29%,-0.99,70
11,150,"0.01, 0.94","0.01, 0.99",-0.29%,-0.99,70
11,151,"0.00, 0.93","0.00, 1.00",-0.29%,-1.00,70
11,152,"0.04, 0.98","0.03, 0.97",-0.28%,-0.97,70
11,153,"0.00, 1.00","0.00, 1.00",-0.29%,-1.00,70
11,154,"0.01, 1.00","0.01, 0.99",-0.29%,-0.99,69
11,155,"0.01, 1.00","0.01, 0.99",-0.29%,-0.99,69
11,156,"0.00, 0.99","0.00, 1.00",-0.29%,-1.00,69
11,157,"0.05, 0.98","0.04, 0.96",-0.28%,-0.96,69
11,158,"0.03, 1.00","0.03, 0.97",-0.29%,-0.97,69
11,159,"0.00, 0.99","0.00, 1.00",-0.30%,-1.00,68
11,160,"0.05, 1.00","0.05, 0.95",-0.28%,-0.95,68
11,161,"0.04, 1.00","0.04, 0.96",-0.29%,-0.96,68
11,162,"0.00, 0.95","0.00, 1.00",-0.30%,-1.00,68
11,163,"0.01, 1.00","0.01, 0.99",-0.30%,-0.99,68
11,164,"0.00, 0.95","0.00, 1.00",-0.30%,-1.00,67
11,165,"0.00, 1.00","0.00, 1.00",-0.30%,-1.00,67
11,166,"0.00, 1.00","0.00, 1.00",-0.30%,-1.00,67
11,167,"0.03, 0.95","0.03, 0.97",-0.29%,-0.97,67
11,168,"0.00, 1.00","0.00, 1.00",-0.30%,-1.00,67
11,169,"0.06, 0.91","0.06, 0.94",-0.29%,-0.94,66
11,170,"0.00, 1.00","0.00, 1.00",-0.31%,-1.00,66
11,171,"0.00, 0.95","0.00, 1.00",-0.31%,-1.00,66
11,172,"0.03, 1.00","0.03, 0.97",-0.30%,-0.97,66
11,173,"0.00, 1.00","0.00, 1.00",-0.31%,-1.00,66
11,174,"0.00, 1.00","0.00, 1.00",-0.31%,-1.00,65
11,175,"0.00, 0.95","0.00, 1.00",-0.31%,-1.00,65
11,176,"0.04, 1.00","0.04, 0.96",-0.30%,-0.96,65
11,177,"0.00, 1.00","0.00, 1.00",-0.31%,-1.00,65
11,178,"0.00, 1.00","0.00, 1.00",-0.31%,-1.00,65
11,179,"0.00, 1.00","0.00, 1.00",-0.32%,-1.00,64
11,180,"0.00, 0.99","0.00, 1.00",-0.32%,-1.00,64
11,181,"0.00, 1.00","0.00, 1.00",-0.32%,-1.00,64
11,182,"0.06, 1.00","0.06, 0.94",-0.30%,-0.94,64
11,183,"0.00, 0.94","0.00, 1.00",-0.32%,-1.00,64
11,184,"0.00, 0.98","0.00, 1.00",-0.32%,-1.00,63
11,185,"0.01, 1.00","0.01, 0.99",-0.32%,-0.99,63
11,186,"0.00, 1.00","0.00, 1.00",-0.32%,-1.00,63
11,187,"0.00, 0.99","0.00, 1.00",-0.32%,-1.00,63
11,188,"0.02, 1.00","0.02, 0.98",-0.32%,-0.98,63
11,189,"0.00, 1.00","0.00, 1.00",-0.33%,-1.00,62
11,190,"0.06, 1.00","0.06, 0.94",-0.31%,-0.94,62
11,191,"0.00, 1.00","0.00, 1.00",-0.33%,-1.00,62
11,192,"0.01, 0.99","0.01, 0.99",-0.32%,-0.99,62
11,193,"0.05, 0.94","0.05, 0.95",-0.31%,-0.95,62
11,194,"0.09, 1.00","0.08, 0.92",-0.30%,-0.92,61
11,195,"0.03, 1.00","0.03, 0.97",-0.32%,-0.97,61
11,196,"0.05, 1.00","0.05, 0.95",-0.32%,-0.95,61
11,197,"0.00, 1.00","0.00, 1.00",-0.33%,-1.00,61
11,198,"0.02, 1.00","0.01, 0.99",-0.33%,-0.99,61
11,199,"0.03, 0.97","0.03, 0.97",-0.33%,-0.97,60
11,200,"0.00, 0.98","0.00, 1.00",-0.34%,-1.00,60
11,201,"0.00, 1.00","0.00, 1.00",-0.34%,-1.00,60
11,202,"0.00, 0.94","0.00, 1.00",-0.34%,-1.00,60
11,203,"0.00, 0.99","0.00, 1.00",-0.34%,-1.00,60
11,204,"0.01, 1.00","0.01, 0.99",-0.34%,-0.99,59
11,205,"0.00, 1.00","0.00, 1.00",-0.34%,-1.00,59
11,206,"0.00, 0.99","0.00, 1.00",-0.34%,-1.00,59
11,207,"0.01, 1.00","0.01, 0.99",-0.34%,-0.99,59
11,208,"0.00, 0.93","0.00, 1.00",-0.35%,-1.00,59
11,209,"0.03, 0.99","0.03, 0.97",-0.34%,-0.97,58
11,210,"0.00, 1.00","0.00, 1.00",-0.35%,-1.00,58
11,211,"0.06, 0.92","0.06, 0.94",-0.33%,-0.94,58
11,212,"0.00, 0.98","0.00, 1.00",-0.35%,-1.00,58
11,213,"0.01, 1.00","0.01, 0.99",-0.35%,-0.99,58
11,214,"0.05, 1.00","0.04, 0.96",-0.34%,-0.96,57
11,215,"0.00, 0.98","0.00, 1.00",-0.36%,-1.00,57
11,216,"0.00, 0.95","0.00, 1.00",-0.36%,-1.00,57
11,217,"0.02, 0.95","0.02, 0.98",-0.35%,-0.98,57
11,218,"0.00, 0.96","0.00, 1.00",-0.36%,-1.00,57
11,219,"0.00, 1.00","0.00, 1.00",-0.36%,-1.00,56
11,220,"0.00, 0.93","0.00, 1.00",-0.36%,-1.00,56
11,221,"0.00, 0.90","0.00, 1.00",-0.36%,-1.00,56
11,222,"0.00, 0.96","0.00, 1.00",-0.36%,-1.00,56
11,223,"0.03, 1.00","0.03, 0.97",-0.35%,-0.97,56
11,224,"0.00, 0.95","0.00, 1.00",-0.37%,-1.00,55
11,225,"0.05, 1.00","0.05, 0.95",-0.35%,-0.95,55
11,226,"0.05, 1.00","0.05, 0.95",-0.35%,-0.95,55
11,227,"0.04, 1.00","0.04, 0.96",-0.36%,-0.96,55
11,228,"0.03, 0.87","0.03, 0.97",-0.36%,-0.97,55
11,229,"0.05, 0.95","0.05, 0.95",-0.36%,-0.95,54
11,230,"0.00, 0.95","0.00, 1.00",-0.38%,-1.00,54
11,231,"0.01, 1.00","0.01, 0.99",-0.37%,-0.99,54
11,232,"0.00, 0.93","0.00, 1.00",-0.38%,-1.00,54
11,233,"0.00, 0.98","0.00, 1.00",-0.38%,-1.00,54
11,234,"0.00, 1.00","0.00, 1.00",-0.38%,-1.00,53
11,235,"0.02, 0.97","0.02, 0.98",-0.38%,-0.98,53
11,236,"0.00, 0.99","0.00, 1.00",-0.38%,-1.00,53
11,237,"0.06, 1.00","0.06, 0.94",-0.36%,-0.94,53
11,238,"0.00, 0.93","0.00, 1.00",-0.39%,-1.00,53
11,239,"0.00, 1.00","0.00, 1.00",-0.39%,-1.00,52
11,240,"0.00, 0.91","0.00, 1.00",-0.39%,-1.00,52
11,241,"0.00, 1.00","0.00, 1.00",-0.39%,-1.00,52
11,242,"0.02, 1.00","0.02, 0.98",-0.39%,-0.98,52
11,243,"0.00, 1.00","0.00, 1.00",-0.40%,-1.00,52
11,244,"0.10, 1.00","0.09, 0.91",-0.36%,-0.91,51
11,245,"0.00, 1.00","0.00, 1.00",-0.40%,-1.00,51
11,246,"0.00, 0.99","0.00, 1.00",-0.40%,-1.00,51
11,247,"0.00, 0.95","0.00, 1.00",-0.40%,-1.00,51
11,248,"0.00, 0.95","0.00, 1.00",-0.40%,-1.00,51
11,249,"0.09, 1.00","0.08, 0.92",-0.37%,-0.92,50
11,250,"0.05, 1.00","0.05, 0.95",-0.39%,-0.95,50
11,251,"0.07, 1.00","0.07, 0.93",-0.38%,-0.93,50
11,252,"0.01, 0.96","0.01, 0.99",-0.40%,-0.99,50
11,253,"0.00, 1.00","0.00, 1.00",-0.41%,-1.00,50
11,254,"0.00, 0.98","0.00, 1.00",-0.41%,-1.00,49
11,255,"0.00, 1.00","0.00, 1.00",-0.41%,-1.00,49
11,256,"0.00, 1.00","0.00, 1.00",-0.42%,-1.00,49
11,257,"0.00, 1.00","0.00, 1.00",-0.42%,-1.00,49
11,258,"0.01, 0.96","0.01, 0.99",-0.42%,-0.99,49
11,259,"0.01, 1.00","0.01, 0.99",-0.42%,-0.99,48
11,260,"0.05, 1.00","0.04, 0.96",-0.41%,-0.96,48
11,261,"0.00, 0.99","0.00, 1.00",-0.43%,-1.00,48
11,262,"0.08, 1.00","0.07, 0.93",-0.40%,-0.93,48
11,263,"0.00, 0.95","0.00, 1.00",-0.43%,-1.00,48
11,264,"0.01, 0.96","0.01, 0.99",-0.43%,-0.99,47
11,265,"0.00, 1.00","0.00, 1.00",-0.43%,-1.00,47
11,266,"0.05, 0.96","0.05, 0.95",-0.41%,-0.95,47
11,267,"0.00, 0.99","0.00, 1.00",-0.44%,-1.00,47
11,268,"0.07, 1.00","0.07, 0.93",-0.41%,-0.93,47
11,269,"0.02, 1.00","0.02, 0.98",-0.43%,-0.98,46
11,270,"0.00, 1.00","0.00, 1.00",-0.44%,-1.00,46
11,271,"0.00, 0.97","0.00, 1.00",-0.44%,-1.00,46
11,272,"0.01, 0.97","0.01, 0.99",-0.44%,-0.99,46
11,273,"0.02, 0.98","0.02, 0.98",-0.44%,-0.98,46
11,274,"0.00, 0.98","0.00, 1.00",-0.45%,-1.00,45
11,275,"0.00, 0.95","0.00, 1.00",-0.45%,-1.00,45
11,276,"0.02, 1.00","0.02, 0.98",-0.45%,-0.98,45
11,277,"0.00, 0.99","0.00, 1.00",-0.46%,-1.00,45
11,278,"0.00, 1.00","0.00, 1.00",-0.46%,-1.00,45
11,279,"0.00, 0.98","0.00, 1.00",-0.46%,-1.00,44
11,280,"0.00, 1.00","0.00, 1.00",-0.46%,-1.00,44
11,281,"0.07, 1.00","0.06, 0.94",-0.44%,-0.94,44
11,282,"0.00, 0.98","0.00, 1.00",-0.47%,-1.00,44
11,283,"0.09, 0.99","0.09, 0.91",-0.43%,-0.91,44
11,284,"0.02, 0.97","0.02, 0.98",-0.46%,-0.98,43
11,285,"0.00, 0.96","0.00, 1.00",-0.47%,-1.00,43
11,286,"0.00, 0.99","0.00, 1.00",-0.48%,-1.00,43
11,287,"0.00, 0.98","0.00, 1.00",-0.48%,-1.00,43
11,288,"0.04, 1.00","0.03, 0.97",-0.46%,-0.97,43
11,289,"0.05, 0.98","0.05, 0.95",-0.46%,-0.95,42
11,290,"0.00, 0.91","0.00, 1.00",-0.49%,-1.00,42
11,291,"0.00, 1.00","0.00, 1.00",-0.49%,-1.00,42
11,292,"0.02, 1.00","0.02, 0.98",-0.48%,-0.98,42
11,293,"0.00, 1.00","0.00, 1.00",-0.49%,-1.00,42
11,294,"0.05, 1.00","0.05, 0.95",-0.47%,-0.95,41
11,295,"0.00, 0.94","0.00, 1.00",-0.50%,-1.00,41
11,296,"0.00, 0.99","0.00, 1.00",-0.50%,-1.00,41
11,297,"0.12, 0.95","0.11, 0.89",-0.45%,-0.89,41
11,298,"0.11, 1.00","0.10, 0.90",-0.46%,-0.90,41
11,299,"0.00, 1.00","0.00, 1.00",-0.51%,-1.00,40
11,300,"0.01, 1.00","0.01, 0.99",-0.50%,-0.99,40
11,301,"0.00, 0.96","0.00, 1.00",-0.51%,-1.00,40
11,302,"0.00, 0.97","0.00, 1.00",-0.52%,-1.00,40
11,303,"0.00, 0.95","0.00, 1.00",-0.52%,-1.00,40
11,304,"0.00, 1.00","0.00, 1.00",-0.52%,-1.00,39
11,305,"0.00, 1.00","0.00, 1.00",-0.52%,-1.00,39
11,306,"0.04, 0.99","0.04, 0.96",-0.51%,-0.96,39
11,307,"0.00, 0.99","0.00, 1.00",-0.53%,-1.00,39
11,308,"0.00, 1.00","0.00, 1.00",-0.53%,-1.00,38
11,309,"0.02, 0.97","0.02, 0.98",-0.52%,-0.98,38
11,310,"0.00, 0.93","0.00, 1.00",-0.54%,-1.00,38
11,311,"0.00, 1.00","0.00, 1.00",-0.54%,-1.00,38
11,312,"0.04, 0.98","0.04, 0.96",-0.52%,-0.96,38
11,313,"0.00, 1.00","0.00, 1.00",-0.55%,-1.00,37
11,314,"0.00, 1.00","0.00, 1.00",-0.55%,-1.00,37
11,315,"0.07, 1.00","0.06, 0.94",-0.52%,-0.94,37
11,316,"0.01, 1.00","0.01, 0.99",-0.55%,-0.99,37
11,317,"0.00, 0.98","0.00, 1.00",-0.56%,-1.00,37
11,318,"0.00, 1.00","0.00, 1.00",-0.56%,-1.00,36
11,319,"0.08, 0.97","0.08, 0.92",-0.52%,-0.92,36
11,320,"0.00, 1.00","0.00, 1.00",-0.57%,-1.00,36
11,321,"0.00, 1.00","0.00, 1.00",-0.57%,-1.00,36
11,322,"0.00, 0.97","0.00, 1.00",-0.57%,-1.00,36
11,323,"0.00, 1.00","0.00, 1.00",-0.58%,-1.00,35
11,324,"0.00, 1.00","0.00, 1.00",-0.58%,-1.00,35
11,325,"0.01, 1.00","0.01, 0.99",-0.58%,-0.99,35
11,326,"0.02, 0.92","0.02, 0.98",-0.58%,-0.98,35
11,327,"0.02, 1.00","0.02, 0.98",-0.58%,-0.98,35
11,328,"0.00, 0.96","0.00, 1.00",-0.60%,-1.00,34
11,329,"0.00, 1.00","0.00, 1.00",-0.60%,-1.00,34
11,330,"0.04, 1.00","0.04, 0.96",-0.58%,-0.96,34
11,331,"0.01, 0.89","0.01, 0.99",-0.60%,-0.99,34
11,332,"0.01, 1.00","0.01, 0.99",-0.60%,-0.99,34
11,333,"0.00, 1.00","0.00, 1.00",-0.61%,-1.00,33
11,334,"0.00, 1.00","0.00, 1.00",-0.62%,-1.00,33
11,335,"0.00, 0.94","0.00, 1.00",-0.62%,-1.00,33
11,336,"0.03, 0.99","0.02, 0.98",-0.61%,-0.98,33
11,337,"0.00, 1.00","0.00, 1.00",-0.63%,-1.00,33
11,338,"0.00, 0.95","0.00, 1.00",-0.63%,-1.00,32
11,339,"0.00, 1.00","0.00, 1.00",-0.64%,-1.00,32
11,340,"0.08, 1.00","0.08, 0.92",-0.59%,-0.92,32
11,341,"0.00, 1.00","0.00, 1.00",-0.65%,-1.00,32
11,342,"0.08, 0.99","0.07, 0.93",-0.60%,-0.93,32
11,343,"0.03, 0.91","0.04, 0.96",-0.63%,-0.96,31
11,344,"0.08, 0.92","0.08, 0.92",-0.60%,-0.92,31
11,345,"0.10, 1.00","0.09, 0.91",-0.60%,-0.91,31
11,346,"0.00, 0.92","0.00, 1.00",-0.67%,-1.00,31
11,347,"0.00, 1.00","0.00, 1.00",-0.67%,-1.00,31
11,348,"0.00, 1.00","0.00, 1.00",-0.67%,-1.00,30
11,349,"0.00, 0.95","0.00, 1.00",-0.68%,-1.00,30
11,350,"0.05, 1.00","0.05, 0.95",-0.65%,-0.95,30
11,351,"0.00, 0.98","0.00, 1.00",-0.69%,-1.00,30
11,352,"0.00, 1.00","0.00, 1.00",-0.69%,-1.00,30
11,353,"0.00, 1.00","0.00, 1.00",-0.70%,-1.00,29
11,354,"0.00, 0.95","0.00, 1.00",-0.70%,-1.00,29
11,355,"0.09, 1.00","0.08, 0.92",-0.65%,-0.92,29
11,356,"0.01, 1.00","0.01, 0.99",-0.71%,-0.99,29
11,357,"0.06, 1.00","0.06, 0.94",-0.68%,-0.94,29
11,358,"0.00, 1.00","0.00, 1.00",-0.72%,-1.00,28
11,359,"0.00, 0.97","0.00, 1.00",-0.73%,-1.00,28
11,360,"0.05, 0.93","0.05, 0.95",-0.70%,-0.95,28
11,361,"0.03, 1.00","0.03, 0.97",-0.72%,-0.97,28
11,362,"0.01, 1.00","0.01, 0.99",-0.74%,-0.99,28
11,363,"0.15, 1.00","0.13, 0.87",-0.66%,-0.87,27
11,364,"0.00, 1.00","0.00, 1.00",-0.76%,-1.00,27
11,365,"0.03, 1.00","0.03, 0.97",-0.74%,-0.97,27
11,366,"0.00, 1.00","0.00, 1.00",-0.77%,-1.00,27
11,367,"0.00, 0.97","0.00, 1.00",-0.78%,-1.00,27
11,368,"0.00, 0.97","0.00, 1.00",-0.78%,-1.00,26
11,369,"0.06, 0.98","0.06, 0.94",-0.74%,-0.94,26
11,370,"0.03, 1.00","0.03, 0.97",-0.77%,-0.97,26
11,371,"0.05, 0.93","0.05, 0.95",-0.76%,-0.95,26
11,372,"0.00, 1.00","0.00, 1.00",-0.81%,-1.00,26
11,373,"0.04, 1.00","0.04, 0.96",-0.78%,-0.96,25
11,374,"0.01, 0.95","0.01, 0.99",-0.81%,-0.99,25
11,375,"0.00, 0.99","0.00, 1.00",-0.83%,-1.00,25
11,376,"0.02, 1.00","0.02, 0.98",-0.81%,-0.98,25
11,377,"0.00, 0.97","0.00, 1.00",-0.84%,-1.00,25
11,378,"0.01, 1.00","0.01, 0.99",-0.84%,-0.99,24
11,379,"0.00, 1.00","0.00, 1.00",-0.85%,-1.00,24
11,380,"0.00, 1.00","0.00, 1.00",-0.86%,-1.00,24
11,381,"0.13, 1.00","0.12, 0.88",-0.77%,-0.88,24
11,382,"0.01, 1.00","0.01, 0.99",-0.86%,-0.99,24
11,383,"0.00, 1.00","0.00, 1.00",-0.88%,-1.00,23
11,384,"0.00, 1.00","0.00, 1.00",-0.89%,-1.00,23
11,385,"0.01, 0.93","0.01, 0.99",-0.89%,-0.99,23
11,386,"0.00, 1.00","0.00, 1.00",-0.91%,-1.00,23
11,387,"0.00, 1.00","0.00, 1.00",-0.92%,-1.00,22
11,388,"0.00, 1.00","0.00, 1.00",-0.93%,-1.00,22
11,389,"0.05, 0.99","0.05, 0.95",-0.89%,-0.95,22
11,390,"0.00, 1.00","0.00, 1.00",-0.94%,-1.00,22
11,391,"0.00, 1.00","0.00, 1.00",-0.95%,-1.00,22
11,392,"0.00, 0.92","0.00, 1.00",-0.96%,-1.00,21
11,393,"0.04, 0.93","0.04, 0.96",-0.93%,-0.96,21
11,394,"0.03, 0.92","0.03, 0.97",-0.95%,-0.97,21
11,395,"0.00, 1.00","0.00, 1.00",-0.99%,-1.00,21
11,396,"0.00, 1.00","0.00, 1.00",-1.00%,-1.00,21
11,397,"0.00, 1.00","0.00, 1.00",-1.01%,-1.00,20
11,398,"0.02, 1.00","0.02, 0.98",-1.00%,-0.98,20
11,399,"0.00, 0.96","0.00, 1.00",-1.03%,-1.00,20
11,400,"0.01, 1.00","0.01, 0.99",-1.03%,-0.99,20
11,401,"0.00, 0.95","0.00, 1.00",-1.05%,-1.00,20
11,402,"0.00, 1.00","0.00, 1.00",-1.06%,-1.00,19
11,403,"0.00, 1.00","0.00, 1.00",-1.08%,-1.00,19
11,404,"0.00, 0.95","0.00, 1.00",-1.09%,-1.00,19
11,405,"0.05, 1.00","0.04, 0.96",-1.05%,-0.96,19
11,406,"0.00, 1.00","0.00, 1.00",-1.11%,-1.00,19
11,407,"0.00, 0.91","0.00, 1.00",-1.12%,-1.00,18
11,408,"0.03, 0.99","0.03, 0.97",-1.11%,-0.97,18
11,409,"0.00, 1.00","0.00, 1.00",-1.15%,-1.00,18
11,410,"0.00, 0.98","0.00, 1.00",-1.16%,-1.00,18
11,411,"0.00, 1.00","0.00, 1.00",-1.18%,-1.00,18
11,412,"0.06, 1.00","0.06, 0.94",-1.12%,-0.94,17
11,413,"0.08, 1.00","0.07, 0.93",-1.12%,-0.93,17
11,414,"0.02, 0.94","0.02, 0.98",-1.19%,-0.98,17
11,415,"0.02, 1.00","0.02, 0.98",-1.21%,-0.98,17
11,416,"0.04, 1.00","0.04, 0.96",-1.20%,-0.96,17
11,417,"0.04, 0.95","0.04, 0.96",-1.22%,-0.96,16
11,418,"0.00, 0.91","0.00, 1.00",-1.28%,-1.00,16
11,419,"0.00, 1.00","0.00, 1.00",-1.30%,-1.00,16
11,420,"0.00, 1.00","0.00, 1.00",-1.32%,-1.00,16
11,421,"0.06, 0.92","0.06, 0.94",-1.25%,-0.94,15
11,422,"0.00, 0.94","0.00, 1.00",-1.35%,-1.00,15
11,423,"0.08, 1.00","0.08, 0.92",-1.26%,-0.92,15
11,424,"0.04, 0.94","0.04, 0.96",-1.33%,-0.96,15
11,425,"0.00, 1.00","0.00, 1.00",-1.41%,-1.00,15
11,426,"0.00, 1.00","0.00, 1.00",-1.43%,-1.00,14
11,427,"0.00, 1.00","0.00, 1.00",-1.45%,-1.00,14
11,428,"0.04, 0.96","0.04, 0.96",-1.42%,-0.96,14
11,429,"0.00, 0.94","0.00, 1.00",-1.49%,-1.00,14
11,430,"0.00, 0.94","0.00, 1.00",-1.52%,-1.00,14
11,431,"0.07, 1.00","0.06, 0.94",-1.44%,-0.94,13
11,432,"0.00, 0.96","0.00, 1.00",-1.56%,-1.00,13
11,433,"0.03, 1.00","0.03, 0.97",-1.54%,-0.97,13
11,434,"0.00, 0.93","0.00, 1.00",-1.61%,-1.00,13
11,435,"0.02, 1.00","0.02, 0.98",-1.61%,-0.98,13
11,436,"0.00, 0.96","0.00, 1.00",-1.67%,-1.00,12
11,437,"0.05, 1.00","0.05, 0.95",-1.61%,-0.95,12
11,438,"0.00, 1.00","0.00, 1.00",-1.72%,-1.00,12
11,439,"0.00, 1.00","0.00, 1.00",-1.75%,-1.00,12
11,440,"0.00, 0.98","0.00, 1.00",-1.79%,-1.00,12
11,441,"0.05, 0.96","0.05, 0.95",-1.73%,-0.95,11
11,442,"0.00, 1.00","0.00, 1.00",-1.85%,-1.00,11
11,443,"0.05, 0.97","0.05, 0.95",-1.80%,-0.95,11
11,444,"0.09, 1.00","0.08, 0.92",-1.77%,-0.92,11
11,445,"0.06, 0.99","0.05, 0.95",-1.86%,-0.95,11
11,446,"0.00, 1.00","0.00, 1.00",-2.00%,-1.00,10
11,447,"0.00, 1.00","0.00, 1.00",-2.04%,-1.00,10
11,448,"0.00, 0.99","0.00, 1.00",-2.08%,-1.00,10
11,449,"0.05, 0.94","0.05, 0.95",-2.02%,-0.95,10
11,450,"0.00, 1.00","0.00, 1.00",-2.17%,-1.00,10
11,451,"0.00, 0.93","0.00, 1.00",-2.22%,-1.00,9
11,452,"0.06, 1.00","0.05, 0.95",-2.15%,-0.95,9
11,453,"0.00, 1.00","0.00, 1.00",-2.33%,-1.00,9
11,454,"0.00, 0.97","0.00, 1.00",-2.38%,-1.00,9
11,455,"0.04, 1.00","0.04, 0.96",-2.34%,-0.96,8
11,456,"0.01, 1.00","0.01, 0.99",-2.47%,-0.99,8
11,457,"0.00, 0.98","0.00, 1.00",-2.56%,-1.00,8
11,458,"0.00, 1.00","0.00, 1.00",-2.63%,-1.00,8
11,459,"0.00, 1.00","0.00, 1.00",-2.70%,-1.00,8
11,460,"0.00, 1.00","0.00, 1.00",-2.78%,-1.00,7
11,461,"0.07, 0.98","0.07, 0.93",-2.67%,-0.93,7
11,462,"0.00, 1.00","0.00, 1.00",-2.94%,-1.00,7
11,463,"0.02, 1.00","0.02, 0.98",-2.96%,-0.98,7
11,464,"0.00, 0.97","0.00, 1.00",-3.12%,-1.00,7
11,465,"0.02, 0.94","0.02, 0.98",-3.16%,-0.98,6
11,466,"0.00, 1.00","0.00, 1.00",-3.33%,-1.00,6
11,467,"0.08, 0.95","0.08, 0.92",-3.18%,-0.92,6
11,468,"0.00, 0.97","0.00, 1.00",-3.57%,-1.00,6
11,469,"0.00, 0.97","0.00, 1.00",-3.70%,-1.00,6
11,470,"0.00, 1.00","0.00, 1.00",-3.85%,-1.00,5
11,471,"0.00, 1.00","0.00, 1.00",-4.00%,-1.00,5
11,472,"0.00, 0.94","0.00, 1.00",-4.17%,-1.00,5
11,473,"0.03, 1.00","0.03, 0.97",-4.22%,-0.97,5
11,474,"0.00, 0.91","0.00, 1.00",-4.55%,-1.00,4
11,475,"0.03, 0.93","0.03, 0.97",-4.63%,-0.97,4
11,476,"0.03, 1.00","0.03, 0.97",-4.84%,-0.97,4
11,477,"0.00, 0.91","0.00, 1.00",-5.26%,-1.00,4
11,478,"0.00, 1.00","0.00, 1.00",-5.56%,-1.00,4
11,479,"0.04, 0.94","0.04, 0.96",-5.63%,-0.96,3
11,480,"0.00, 0.99","0.00, 1.00",-6.25%,-1.00,3
11,481,"0.05, 1.00","0.05, 0.95",-6.35%,-0.95,3
11,482,"0.00, 1.00","0.00, 1.00",-7.14%,-1.00,3
11,483,"0.02, 0.99","0.02, 0.98",-7.52%,-0.98,3
11,484,"0.00, 0.94","0.00, 1.00",-8.33%,-1.00,2
11,485,"0.04, 0.95","0.04, 0.96",-8.75%,-0.96,2
11,486,"0.00, 1.00","0.00, 1.00",-10.00%,-1.00,2
11,487,"0.10, 0.97","0.09, 0.91",-10.11%,-0.91,2
11,488,"0.07, 1.00","0.07, 0.93",-11.69%,-0.93,2
11,489,"0.01, 0.97","0.01, 0.99",-14.09%,-0.99,1
11,490,"0.08, 0.90","0.08, 0.92",-15.32%,-0.92,1
11,491,"0.00, 1.00","0.00, 1.00",-20.00%,-1.00,1
11,492,"0.00, 1.00","0.00, 1.00",-24.94%,-1.00,1
11,493,"0.00, 1.00","0.00, 1.00",-33.33%,-1.00,0
11,494,"0.00, 1.00","0.00, 1.00",-50.00%,-1.00,0
12,1,"0.50, 0.50","0.50, 0.50",-0.10%,-0.50,100
12,2,"0.06, 1.00","0.05, 0.95",-0.19%,-0.95,100
12,3,"0.04, 0.99","0.04, 0.96",-0.19%,-0.96,100
12,4,"0.00, 0.98","0.00, 1.00",-0.20%,-1.00,99
12,5,"0.04, 1.00","0.04, 0.96",-0.20%,-0.96,99
12,6,"0.00, 0.99","0.00, 1.00",-0.20%,-1.00,99
12,7,"0.00, 1.00","0.00, 1.00",-0.20%,-1.00,99
12,8,"0.02, 1.00","0.02, 0.98",-0.20%,-0.98,99
12,9,"0.00, 0.98","0.00, 1.00",-0.21%,-1.00,98
12,10,"0.03, 0.88","0.03, 0.97",-0.20%,-0.97,98
12,11,"0.03, 1.00","0.03, 0.97",-0.20%,-0.97,98
12,12,"0.00, 0.97","0.00, 1.00",-0.21%,-1.00,98
12,13,"0.09, 0.90","0.09, 0.91",-0.19%,-0.91,98
12,14,"0.00, 1.00","0.00, 1.00",-0.21%,-1.00,97
12,15,"0.03, 0.99","0.03, 0.97",-0.20%,-0.97,97
12,16,"0.02, 1.00","0.02, 0.98",-0.20%,-0.98,97
12,17,"0.00, 1.00","0.00, 1.00",-0.21%,-1.00,97
12,18,"0.00, 0.97","0.00, 1.00",-0.21%,-1.00,97
12,19,"0.00, 1.00","0.00, 1.00",-0.21%,-1.00,96
12,20,"0.00, 0.99","0.00, 1.00",-0.21%,-1.00,96
12,21,"0.00, 0.97","0.00, 1.00",-0.21%,-1.00,96
12,22,"0.11, 0.96","0.10, 0.90",-0.19%,-0.90,96
12,23,"0.01, 1.00","0.01, 0.99",-0.21%,-0.99,96
12,24,"0.00, 0.97","0.00, 1.00",-0.21%,-1.00,95
12,25,"0.00, 1.00","0.00, 1.00",-0.21%,-1.00,95
12,26,"0.04, 1.00","0.04, 0.96",-0.20%,-0.96,95
12,27,"0.00, 0.96","0.00, 1.00",-0.21%,-1.00,95
12,28,"0.00, 1.00","0.00, 1.00",-0.21%,-1.00,95
12,29,"0.00, 0.97","0.00, 1.00",-0.21%,-1.00,94
12,30,"0.00, 1.00","0.00, 1.00",-0.21%,-1.00,94
12,31,"0.05, 0.96","0.05, 0.95",-0.20%,-0.95,94
12,32,"0.00, 0.94","0.00, 1.00",-0.22%,-1.00,94
12,33,"0.06, 1.00","0.05, 0.95",-0.20%,-0.95,94
12,34,"0.03, 0.97","0.03, 0.97",-0.21%,-0.97,93
12,35,"0.00, 1.00","0.00, 1.00",-0.22%,-1.00,93
12,36,"0.06, 1.00","0.06, 0.94",-0.20%,-0.94,93
12,37,"0.06, 0.96","0.06, 0.94",-0.21%,-0.94,93
12,38,"0.01, 1.00","0.01, 0.99",-0.22%,-0.99,93
12,39,"0.01, 0.98","0.01, 0.99",-0.22%,-0.99,92
12,40,"0.07, 1.00","0.07, 0.93",-0.20%,-0.93,92
12,41,"0.02, 1.00","0.02, 0.98",-0.22%,-0.98,92
12,42,"0.01, 0.97","0.01, 0.99",-0.22%,-0.99,92
12,43,"0.00, 1.00","0.00, 1.00",-0.22%,-1.00,92
12,44,"0.01, 1.00","0.01, 0.99",-0.22%,-0.99,91
12,45,"0.00, 1.00","0.00, 1.00",-0.22%,-1.00,91
12,46,"0.07, 0.98","0.07, 0.93",-0.21%,-0.93,91
12,47,"0.00, 1.00","0.00, 1.00",-0.22%,-1.00,91
12,48,"0.00, 1.00","0.00, 1.00",-0.22%,-1.00,91
12,49,"0.09, 0.95","0.09, 0.91",-0.20%,-0.91,90
12,50,"0.00, 1.00","0.00, 1.00",-0.22%,-1.00,90
12,51,"0.07, 0.93","0.07, 0.93",-0.21%,-0.93,90
12,52,"0.00, 0.97","0.00, 1.00",-0.23%,-1.00,90
12,53,"0.08, 0.97","0.08, 0.92",-0.21%,-0.92,90
12,54,"0.00, 0.97","0.00, 1.00",-0.23%,-1.00,89
12,55,"0.09, 0.96","0.09, 0.91",-0.21%,-0.91,89
12,56,"0.00, 1.00","0.00, 1.00",-0.23%,-1.00,89
12,57,"0.00, 0.95","0.00, 1.00",-0.23%,-1.00,89
12,58,"0.06, 1.00","0.05, 0.95",-0.22%,-0.95,89
12,59,"0.01, 0.96","0.01, 0.99",-0.23%,-0.99,88
12,60,"0.00, 0.98","0.00, 1.00",-0.23%,-1.00,88
12,61,"0.06, 1.00","0.06, 0.94",-0.22%,-0.94,88
12,62,"0.00, 1.00","0.00, 1.00",-0.23%,-1.00,88
12,63,"0.03, 1.00","0.03, 0.97",-0.22%,-0.97,88
12,64,"0.05, 1.00","0.04, 0.96",-0.22%,-0.96,87
12,65,"0.00, 0.95","0.00, 1.00",-0.23%,-1.00,87
12,66,"0.00, 0.98","0.00, 1.00",-0.23%,-1.00,87
12,67,"0.00, 0.96","0.00, 1.00",-0.23%,-1.00,87
12,68,"0.02, 0.98","0.02, 0.98",-0.23%,-0.98,87
12,69,"0.03, 0.98","0.03, 0.97",-0.23%,-0.97,86
12,70,"0.03, 0.98","0.03, 0.97",-0.23%,-0.97,86
12,71,"0.00, 0.96","0.00, 1.00",-0.24%,-1.00,86
12,72,"0.01, 0.97","0.01, 0.99",-0.23%,-0.99,86
12,73,"0.00, 0.89","0.00, 1.00",-0.24%,-1.00,86
12,74,"0.05, 1.00","0.04, 0.96",-0.23%,-0.96,85
12,75,"0.00, 1.00","0.00, 1.00",-0.24%,-1.00,85
12,76,"0.05, 0.93","0.06, 0.94",-0.22%,-0.94,85
12,77,"0.00, 1.00","0.00, 1.00",-0.24%,-1.00,85
12,78,"0.05, 0.97","0.05, 0.95",-0.23%,-0.95,85
12,79,"0.00, 0.95","0.00, 1.00",-0.24%,-1.00,84
12,80,"0.01, 0.96","0.01, 0.99",-0.24%,-0.99,84
12,81,"0.00, 0.94","0.00, 1.00",-0.24%,-1.00,84
12,82,"0.01, 0.97","0.01, 0.99",-0.24%,-0.99,84
12,83,"0.10, 0.99","0.09, 0.91",-0.22%,-0.91,84
12,84,"0.00, 1.00","0.00, 1.00",-0.24%,-1.00,83
12,85,"0.00, 0.94","0.00, 1.00",-0.24%,-1.00,83
12,86,"0.00, 0.97","0.00, 1.00",-0.24%,-1.00,83
12,87,"0.02, 1.00","0.02, 0.98",-0.24%,-0.98,83
12,88,"0.01, 1.00","0.01, 0.99",-0.24%,-0.99,83
12,89,"0.01, 0.98","0.01, 0.99",-0.24%,-0.99,82
12,90,"0.02, 0.97","0.02, 0.98",-0.24%,-0.98,82
12,91,"0.03, 1.00","0.03, 0.97",-0.24%,-0.97,82
12,92,"0.02, 1.00","0.01, 0.99",-0.24%,-0.99,82
12,93,"0.00, 0.97","0.00, 1.00",-0.25%,-1.00,82
12,94,"0.03, 1.00","0.03, 0.97",-0.24%,-0.97,81
12,95,"0.01, 1.00","0.01, 0.99",-0.25%,-0.99,81
12,96,"0.00, 0.99","0.00, 1.00",-0.25%,-1.00,81
12,97,"0.00, 0.99","0.00, 1.00",-0.25%,-1.00,81
12,98,"0.11, 1.00","0.10, 0.90",-0.23%,-0.90,81
12,99,"0.00, 0.99","0.00, 1.00",-0.25%,-1.00,80
12,100,"0.02, 0.98","0.02, 0.98",-0.25%,-0.98,80
12,101,"0.00, 1.00","0.00, 1.00",-0.25%,-1.00,80
12,102,"0.00, 1.00","0.00, 1.00",-0.25%,-1.00,80
12,103,"0.00, 1.00","0.00, 1.00",-0.25%,-1.00,80
12,104,"0.01, 1.00","0.01, 0.99",-0.25%,-0.99,79
12,105,"0.06, 1.00","0.06, 0.94",-0.24%,-0.94,79
12,106,"0.03, 0.97","0.03, 0.97",-0.25%,-0.97,79
12,107,"0.06, 1.00","0.06, 0.94",-0.24%,-0.94,79
12,108,"0.00, 0.91","0.00, 1.00",-0.26%,-1.00,79
12,109,"0.02, 1.00","0.02, 0.98",-0.25%,-0.98,78
12,110,"0.03, 1.00","0.03, 0.97",-0.25%,-0.97,78
12,111,"0.01, 0.95","0.01, 0.99",-0.26%,-0.99,78
12,112,"0.16, 0.94","0.15, 0.85",-0.22%,-0.85,78
12,113,"0.01, 1.00","0.01, 0.99",-0.26%,-0.99,78
12,114,"0.03, 1.00","0.03, 0.97",-0.26%,-0.97,77
12,115,"0.00, 1.00","0.00, 1.00",-0.26%,-1.00,77
12,116,"0.02, 1.00","0.02, 0.98",-0.26%,-0.98,77
12,117,"0.01, 0.92","0.01, 0.99",-0.26%,-0.99,77
12,118,"0.10, 0.98","0.10, 0.90",-0.24%,-0.90,77
12,119,"0.00, 1.00","0.00, 1.00",-0.27%,-1.00,76
12,120,"0.06, 1.00","0.06, 0.94",-0.25%,-0.94,76
12,121,"0.00, 1.00","0.00, 1.00",-0.27%,-1.00,76
12,122,"0.04, 1.00","0.04, 0.96",-0.26%,-0.96,76
12,123,"0.12, 1.00","0.10, 0.90",-0.24%,-0.90,76
12,124,"0.00, 1.00","0.00, 1.00",-0.27%,-1.00,76
12,125,"0.00, 0.97","0.00, 1.00",-0.27%,-1.00,75
12,126,"0.00, 1.00","0.00, 1.00",-0.27%,-1.00,75
12,127,"0.00, 0.95","0.00, 1.00",-0.27%,-1.00,75
12,128,"0.00, 1.00","0.00, 1.00",-0.27%,-1.00,75
12,129,"0.00, 0.97","0.00, 1.00",-0.27%,-1.00,75
12,130,"0.05, 1.00","0.04, 0.96",-0.26%,-0.96,74
12,131,"0.00, 1.00","0.00, 1.00",-0.27%,-1.00,74
12,132,"0.05, 0.97","0.05, 0.95",-0.26%,-0.95,74
12,133,"0.00, 0.96","0.00, 1.00",-0.28%,-1.00,74
12,134,"0.00, 0.95","0.00, 1.00",-0.28%,-1.00,74
12,135,"0.00, 0.93","0.00, 1.00",-0.28%,-1.00,73
12,136,"0.00, 1.00","0.00, 1.00",-0.28%,-1.00,73
12,137,"0.02, 1.00","0.02, 0.98",-0.27%,-0.98,73
12,138,"0.00, 1.00","0.00, 1.00",-0.28%,-1.00,73
12,139,"0.00, 1.00","0.00, 1.00",-0.28%,-1.00,72
12,140,"0.00, 0.95","0.00, 1.00",-0.28%,-1.00,72
12,141,"0.00, 1.00","0.00, 1.00",-0.28%,-1.00,72
12,142,"0.00, 1.00","0.00, 1.00",-0.28%,-1.00,72
12,143,"0.00, 1.00","0.00, 1.00",-0.28%,-1.00,72
12,144,"0.01, 0.93","0.01, 0.99",-0.28%,-0.99,71
12,145,"0.00, 1.00","0.00, 1.00",-0.28%,-1.00,71
12,146,"0.00, 0.98","0.00, 1.00",-0.29%,-1.00,71
12,147,"0.00, 1.00","0.00, 1.00",-0.29%,-1.00,71
12,148,"0.00, 1.00","0.00, 1.00",-0.29%,-1.00,71
12,149,"0.06, 0.94","0.06, 0.94",-0.27%,-0.94,70
12,150,"0.00, 0.99","0.00, 1.00",-0.29%,-1.00,70
12,151,"0.13, 1.00","0.12, 0.88",-0.26%,-0.88,70
12,152,"0.00, 0.99","0.00, 1.00",-0.29%,-1.00,70
12,153,"0.00, 0.92","0.00, 1.00",-0.29%,-1.00,70
12,154,"0.00, 1.00","0.00, 1.00",-0.29%,-1.00,69
12,155,"0.03, 1.00","0.03, 0.97",-0.29%,-0.97,69
12,156,"0.00, 0.94","0.00, 1.00",-0.29%,-1.00,69
12,157,"0.01, 1.00","0.01, 0.99",-0.29%,-0.99,69
12,158,"0.00, 1.00","0.00, 1.00",-0.30%,-1.00,69
12,159,"0.00, 1.00","0.00, 1.00",-0.30%,-1.00,68
12,160,"0.00, 1.00","0.00, 1.00",-0.30%,-1.00,68
12,161,"0.00, 1.00","0.00, 1.00",-0.30%,-1.00,68
12,162,"0.00, 1.00","0.00, 1.00",-0.30%,-1.00,68
12,163,"0.02, 0.89","0.03, 0.97",-0.29%,-0.97,68
12,164,"0.00, 0.96","0.00, 1.00",-0.30%,-1.00,67
12,165,"0.00, 0.94","0.00, 1.00",-0.30%,-1.00,67
12,166,"0.01, 1.00","0.01, 0.99",-0.30%,-0.99,67
12,167,"0.02, 0.96","0.03, 0.97",-0.30%,-0.97,67
12,168,"0.01, 1.00","0.01, 0.99",-0.30%,-0.99,67
12,169,"0.03, 0.94","0.03, 0.97",-0.30%,-0.97,66
12,170,"0.00, 1.00","0.00, 1.00",-0.31%,-1.00,66
12,171,"0.00, 1.00","0.00, 1.00",-0.31%,-1.00,66
12,172,"0.01, 0.91","0.02, 0.98",-0.30%,-0.98,66
12,173,"0.07, 1.00","0.06, 0.94",-0.29%,-0.94,66
12,174,"0.09, 0.97","0.09, 0.91",-0.28%,-0.91,65
12,175,"0.00, 0.95","0.00, 1.00",-0.31%,-1.00,65
12,176,"0.01, 0.97","0.01, 0.99",-0.31%,-0.99,65
12,177,"0.00, 1.00","0.00, 1.00",-0.31%,-1.00,65
12,178,"0.03, 0.98","0.03, 0.97",-0.31%,-0.97,65
12,179,"0.00, 0.91","0.00, 1.00",-0.32%,-1.00,64
12,180,"0.04, 0.93","0.04, 0.96",-0.30%,-0.96,64
12,181,"0.00, 0.99","0.00, 1.00",-0.32%,-1.00,64
12,182,"0.03, 0.98","0.03, 0.97",-0.31%,-0.97,64
12,183,"0.00, 0.97","0.00, 1.00",-0.32%,-1.00,64
12,184,"0.00, 0.89","0.00, 1.00",-0.32%,-1.00,63
12,185,"0.01, 0.97","0.01, 0.99",-0.32%,-0.99,63
12,186,"0.00, 1.00","0.00, 1.00",-0.32%,-1.00,63
12,187,"0.10, 1.00","0.09, 0.91",-0.29%,-0.91,63
12,188,"0.00, 1.00","0.00, 1.00",-0.32%,-1.00,63
12,189,"0.00, 0.93","0.00, 1.00",-0.33%,-1.00,62
12,190,"0.05, 0.96","0.05, 0.95",-0.31%,-0.95,62
12,191,"0.00, 0.94","0.00, 1.00",-0.33%,-1.00,62
12,192,"0.00, 0.97","0.00, 1.00",-0.33%,-1.00,62
12,193,"0.03, 1.00","0.03, 0.97",-0.32%,-0.97,62
12,194,"0.00, 0.92","0.00, 1.00",-0.33%,-1.00,61
12,195,"0.06, 1.00","0.06, 0.94",-0.31%,-0.94,61
12,196,"0.00, 0.94","0.00, 1.00",-0.33%,-1.00,61
12,197,"0.00, 1.00","0.00, 1.00",-0.33%,-1.00,61
12,198,"0.00, 0.94","0.00, 1.00",-0.34%,-1.00,61
12,199,"0.01, 1.00","0.01, 0.99",-0.33%,-0.99,60
12,200,"0.00, 0.97","0.00, 1.00",-0.34%,-1.00,60
12,201,"0.01, 0.98","0.01, 0.99",-0.33%,-0.99,60
12,202,"0.00, 1.00","0.00, 1.00",-0.34%,-1.00,60
12,203,"0.00, 0.96","0.00, 1.00",-0.34%,-1.00,60
12,204,"0.11, 0.98","0.10, 0.90",-0.31%,-0.90,59
12,205,"0.06, 1.00","0.06, 0.94",-0.32%,-0.94,59
12,206,"0.03, 1.00","0.03, 0.97",-0.33%,-0.97,59
12,207,"0.01, 0.94","0.01, 0.99",-0.34%,-0.99,59
12,208,"0.05, 1.00","0.05, 0.95",-0.33%,-0.95,59
12,209,"0.03, 1.00","0.03, 0.97",-0.34%,-0.97,58
12,210,"0.00, 1.00","0.00, 1.00",-0.35%,-1.00,58
12,211,"0.00, 1.00","0.00, 1.00",-0.35%,-1.00,58
12,212,"0.00, 0.98","0.00, 1.00",-0.35%,-1.00,58
12,213,"0.00, 1.00","0.00, 1.00",-0.35%,-1.00,58
12,214,"0.00, 0.93","0.00, 1.00",-0.35%,-1.00,57
12,215,"0.00, 1.00","0.00, 1.00",-0.36%,-1.00,57
12,216,"0.00, 1.00","0.00, 1.00",-0.36%,-1.00,57
12,217,"0.00, 0.99","0.00, 1.00",-0.36%,-1.00,57
12,218,"0.03, 0.99","0.03, 0.97",-0.35%,-0.97,57
12,219,"0.00, 0.99","0.00, 1.00",-0.36%,-1.00,56
12,220,"0.00, 1.00","0.00, 1.00",-0.36%,-1.00,56
12,221,"0.03, 0.95","0.03, 0.97",-0.35%,-0.97,56
12,222,"0.11, 1.00","0.10, 0.90",-0.33%,-0.90,56
12,223,"0.00, 0.97","0.00, 1.00",-0.37%,-1.00,56
12,224,"0.08, 0.99","0.07, 0.93",-0.34%,-0.93,55
12,225,"0.00, 1.00","0.00, 1.00",-0.37%,-1.00,55
12,226,"0.00, 1.00","0.00, 1.00",-0.37%,-1.00,55
12,227,"0.00, 1.00","0.00, 1.00",-0.37%,-1.00,55
12,228,"0.00, 0.97","0.00, 1.00",-0.37%,-1.00,55
12,229,"0.02, 1.00","0.02, 0.98",-0.37%,-0.98,54
12,230,"0.00, 1.00","0.00, 1.00",-0.38%,-1.00,54
12,231,"0.00, 1.00","0.00, 1.00",-0.38%,-1.00,54
12,232,"0.10, 0.98","0.10, 0.90",-0.34%,-0.90,54
12,233,"0.07, 1.00","0.07, 0.93",-0.35%,-0.93,54
12,234,"0.00, 1.00","0.00, 1.00",-0.38%,-1.00,53
12,235,"0.00, 0.97","0.00, 1.00",-0.38%,-1.00,53
12,236,"0.00, 0.98","0.00, 1.00",-0.38%,-1.00,53
12,237,"0.03, 0.97","0.03, 0.97",-0.38%,-0.97,53
12,238,"0.03, 0.96","0.03, 0.97",-0.37%,-0.97,53
12,239,"0.00, 0.98","0.00, 1.00",-0.39%,-1.00,52
12,240,"0.03, 1.00","0.03, 0.97",-0.38%,-0.97,52
12,241,"0.00, 0.96","0.00, 1.00",-0.39%,-1.00,52
12,242,"0.10, 0.98","0.10, 0.90",-0.36%,-0.90,52
12,243,"0.07, 1.00","0.07, 0.93",-0.37%,-0.93,52
12,244,"0.00, 0.99","0.00, 1.00",-0.40%,-1.00,51
12,245,"0.00, 1.00","0.00, 1.00",-0.40%,-1.00,51
12,246,"0.00, 1.00","0.00, 1.00",-0.40%,-1.00,51
12,247,"0.00, 1.00","0.00, 1.00",-0.40%,-1.00,51
12,248,"0.00, 1.00","0.00, 1.00",-0.40%,-1.00,51
12,249,"0.00, 1.00","0.00, 1.00",-0.40%,-1.00,50
12,250,"0.05, 1.00","0.04, 0.96",-0.39%,-0.96,50
12,251,"0.00, 0.95","0.00, 1.00",-0.41%,-1.00,50
12,252,"0.01, 1.00","0.01, 0.99",-0.40%,-0.99,50
12,253,"0.12, 0.93","0.11, 0.89",-0.36%,-0.89,50
12,254,"0.06, 1.00","0.06, 0.94",-0.39%,-0.94,49
12,255,"0.00, 0.98","0.00, 1.00",-0.41%,-1.00,49
12,256,"0.06, 1.00","0.06, 0.94",-0.39%,-0.94,49
12,257,"0.00, 0.93","0.00, 1.00",-0.42%,-1.00,49
12,258,"0.04, 1.00","0.03, 0.97",-0.41%,-0.97,49
12,259,"0.00, 0.97","0.00, 1.00",-0.42%,-1.00,48
12,260,"0.00, 1.00","0.00, 1.00",-0.42%,-1.00,48
12,261,"0.00, 0.96","0.00, 1.00",-0.43%,-1.00,48
12,262,"0.05, 0.94","0.05, 0.95",-0.41%,-0.95,48
12,263,"0.04, 0.97","0.04, 0.96",-0.41%,-0.96,48
12,264,"0.00, 0.96","0.00, 1.00",-0.43%,-1.00,47
12,265,"0.00, 1.00","0.00, 1.00",-0.43%,-1.00,47
12,266,"0.00, 1.00","0.00, 1.00",-0.43%,-1.00,47
12,267,"0.04, 1.00","0.04, 0.96",-0.42%,-0.96,47
12,268,"0.04, 1.00","0.04, 0.96",-0.42%,-0.96,47
12,269,"0.00, 1.00","0.00, 1.00",-0.44%,-1.00,46
12,270,"0.00, 0.96","0.00, 1.00",-0.44%,-1.00,46
12,271,"0.08, 1.00","0.07, 0.93",-0.41%,-0.93,46
12,272,"0.00, 1.00","0.00, 1.00",-0.45%,-1.00,46
12,273,"0.00, 0.98","0.00, 1.00",-0.45%,-1.00,46
12,274,"0.03, 1.00","0.03, 0.97",-0.44%,-0.97,45
12,275,"0.07, 1.00","0.06, 0.94",-0.42%,-0.94,45
12,276,"0.00, 0.98","0.00, 1.00",-0.45%,-1.00,45
12,277,"0.13, 1.00","0.12, 0.88",-0.40%,-0.88,45
12,278,"0.08, 1.00","0.07, 0.93",-0.43%,-0.93,45
12,279,"0.00, 0.93","0.00, 1.00",-0.46%,-1.00,44
12,280,"0.00, 1.00","0.00, 1.00",-0.46%,-1.00,44
12,281,"0.00, 1.00","0.00, 1.00",-0.47%,-1.00,44
12,282,"0.02, 0.99","0.02, 0.98",-0.46%,-0.98,44
12,283,"0.06, 1.00","0.05, 0.95",-0.44%,-0.95,44
12,284,"0.06, 1.00","0.06, 0.94",-0.44%,-0.94,43
12,285,"0.01, 0.99","0.01, 0.99",-0.47%,-0.99,43
12,286,"0.00, 0.91","0.00, 1.00",-0.48%,-1.00,43
12,287,"0.00, 0.95","0.00, 1.00",-0.48%,-1.00,43
12,288,"0.02, 0.97","0.02, 0.98",-0.47%,-0.98,43
12,289,"0.03, 0.93","0.03, 0.97",-0.47%,-0.97,42
12,290,"0.03, 1.00","0.03, 0.97",-0.47%,-0.97,42
12,291,"0.00, 1.00","0.00, 1.00",-0.49%,-1.00,42
12,292,"0.04, 1.00","0.04, 0.96",-0.47%,-0.96,42
12,293,"0.00, 1.00","0.00, 1.00",-0.49%,-1.00,42
12,294,"0.00, 1.00","0.00, 1.00",-0.50%,-1.00,41
12,295,"0.00, 0.98","0.00, 1.00",-0.50%,-1.00,41
12,296,"0.06, 0.94","0.06, 0.94",-0.47%,-0.94,41
12,297,"0.03, 0.97","0.03, 0.97",-0.49%,-0.97,41
12,298,"0.00, 0.98","0.00, 1.00",-0.51%,-1.00,41
12,299,"0.01, 0.98","0.01, 0.99",-0.50%,-0.99,40
12,300,"0.00, 1.00","0.00, 1.00",-0.51%,-1.00,40
12,301,"0.04, 1.00","0.04, 0.96",-0.49%,-0.96,40
12,302,"0.03, 0.93","0.03, 0.97",-0.50%,-0.97,40
12,303,"0.00, 1.00","0.00, 1.00",-0.52%,-1.00,40
12,304,"0.01, 1.00","0.01, 0.99",-0.52%,-0.99,39
12,305,"0.00, 1.00","0.00, 1.00",-0.52%,-1.00,39
12,306,"0.00, 0.97","0.00, 1.00",-0.53%,-1.00,39
12,307,"0.07, 1.00","0.07, 0.93",-0.49%,-0.93,39
12,308,"0.00, 1.00","0.00, 1.00",-0.53%,-1.00,39
12,309,"0.00, 1.00","0.00, 1.00",-0.53%,-1.00,38
12,310,"0.00, 1.00","0.00, 1.00",-0.54%,-1.00,38
12,311,"0.00, 0.93","0.00, 1.00",-0.54%,-1.00,38
12,312,"0.01, 1.00","0.01, 0.99",-0.54%,-0.99,38
12,313,"0.06, 1.00","0.05, 0.95",-0.52%,-0.95,38
12,314,"0.00, 1.00","0.00, 1.00",-0.55%,-1.00,37
12,315,"0.00, 0.98","0.00, 1.00",-0.55%,-1.00,37
12,316,"0.01, 0.96","0.01, 0.99",-0.55%,-0.99,37
12,317,"0.00, 0.97","0.00, 1.00",-0.56%,-1.00,37
12,318,"0.05, 1.00","0.05, 0.95",-0.53%,-0.95,37
12,319,"0.03, 1.00","0.03, 0.97",-0.55%,-0.97,36
12,320,"0.00, 0.97","0.00, 1.00",-0.57%,-1.00,36
12,321,"0.00, 0.95","0.00, 1.00",-0.57%,-1.00,36
12,322,"0.00, 0.99","0.00, 1.00",-0.57%,-1.00,36
12,323,"0.00, 1.00","0.00, 1.00",-0.58%,-1.00,35
12,324,"0.03, 1.00","0.03, 0.97",-0.56%,-0.97,35
12,325,"0.06, 0.98","0.06, 0.94",-0.55%,-0.94,35
12,326,"0.06, 1.00","0.05, 0.95",-0.56%,-0.95,35
12,327,"0.02, 0.91","0.02, 0.98",-0.58%,-0.98,35
12,328,"0.04, 0.97","0.04, 0.96",-0.57%,-0.96,35
12,329,"0.03, 0.97","0.03, 0.97",-0.58%,-0.97,34
12,330,"0.00, 1.00","0.00, 1.00",-0.60%,-1.00,34
12,331,"0.04, 0.86","0.04, 0.96",-0.58%,-0.96,34
12,332,"0.01, 1.00","0.01, 0.99",-0.60%,-0.99,34
12,333,"0.01, 1.00","0.01, 0.99",-0.61%,-0.99,33
12,334,"0.00, 0.99","0.00, 1.00",-0.62%,-1.00,33
12,335,"0.08, 0.96","0.08, 0.92",-0.57%,-0.92,33
12,336,"0.00, 0.98","0.00, 1.00",-0.62%,-1.00,33
12,337,"0.01, 1.00","0.01, 0.99",-0.62%,-0.99,33
12,338,"0.00, 1.00","0.00, 1.00",-0.63%,-1.00,32
12,339,"0.00, 0.98","0.00, 1.00",-0.64%,-1.00,32
12,340,"0.00, 0.99","0.00, 1.00",-0.64%,-1.00,32
12,341,"0.00, 1.00","0.00, 1.00",-0.65%,-1.00,32
12,342,"0.03, 0.97","0.03, 0.97",-0.63%,-0.97,32
12,343,"0.03, 0.92","0.03, 0.97",-0.63%,-0.97,31
12,344,"0.00, 1.00","0.00, 1.00",-0.66%,-1.00,31
12,345,"0.00, 0.92","0.00, 1.00",-0.66%,-1.00,31
12,346,"0.00, 0.99","0.00, 1.00",-0.66%,-1.00,31
12,347,"0.02, 0.97","0.02, 0.98",-0.66%,-0.98,31
12,348,"0.00, 1.00","0.00, 1.00",-0.68%,-1.00,30
12,349,"0.00, 1.00","0.00, 1.00",-0.68%,-1.00,30
12,350,"0.00, 0.95","0.00, 1.00",-0.68%,-1.00,30
12,351,"0.00, 1.00","0.00, 1.00",-0.69%,-1.00,30
12,352,"0.00, 1.00","0.00, 1.00",-0.69%,-1.00,30
12,353,"0.01, 1.00","0.01, 0.99",-0.70%,-0.99,29
12,354,"0.00, 0.95","0.00, 1.00",-0.70%,-1.00,29
12,355,"0.00, 0.97","0.00, 1.00",-0.71%,-1.00,29
12,356,"0.00, 0.95","0.00, 1.00",-0.71%,-1.00,29
12,357,"0.05, 1.00","0.05, 0.95",-0.68%,-0.95,29
12,358,"0.03, 1.00","0.03, 0.97",-0.70%,-0.97,28
12,359,"0.00, 0.93","0.00, 1.00",-0.73%,-1.00,28
12,360,"0.00, 0.93","0.00, 1.00",-0.74%,-1.00,28
12,361,"0.00, 1.00","0.00, 1.00",-0.74%,-1.00,28
12,362,"0.00, 1.00","0.00, 1.00",-0.75%,-1.00,28
12,363,"0.00, 0.94","0.00, 1.00",-0.75%,-1.00,27
12,364,"0.00, 0.91","0.00, 1.00",-0.76%,-1.00,27
12,365,"0.00, 0.94","0.00, 1.00",-0.76%,-1.00,27
12,366,"0.00, 1.00","0.00, 1.00",-0.77%,-1.00,27
12,367,"0.00, 1.00","0.00, 1.00",-0.78%,-1.00,27
12,368,"0.04, 1.00","0.04, 0.96",-0.75%,-0.96,26
12,369,"0.00, 0.93","0.00, 1.00",-0.79%,-1.00,26
12,370,"0.06, 0.99","0.06, 0.94",-0.75%,-0.94,26
12,371,"0.10, 1.00","0.09, 0.91",-0.73%,-0.91,26
12,372,"0.00, 0.98","0.00, 1.00",-0.81%,-1.00,26
12,373,"0.00, 1.00","0.00, 1.00",-0.81%,-1.00,25
12,374,"0.00, 1.00","0.00, 1.00",-0.82%,-1.00,25
12,375,"0.02, 0.95","0.02, 0.98",-0.81%,-0.98,25
12,376,"0.00, 1.00","0.00, 1.00",-0.83%,-1.00,25
12,377,"0.00, 1.00","0.00, 1.00",-0.84%,-1.00,24
12,378,"0.07, 1.00","0.07, 0.93",-0.79%,-0.93,24
12,379,"0.00, 1.00","0.00, 1.00",-0.85%,-1.00,24
12,380,"0.00, 1.00","0.00, 1.00",-0.86%,-1.00,24
12,381,"0.07, 1.00","0.06, 0.94",-0.81%,-0.94,24
12,382,"0.02, 1.00","0.02, 0.98",-0.86%,-0.98,23
12,383,"0.01, 1.00","0.01, 0.99",-0.87%,-0.99,23
12,384,"0.02, 1.00","0.01, 0.99",-0.88%,-0.99,23
12,385,"0.00, 0.98","0.00, 1.00",-0.90%,-1.00,23
12,386,"0.00, 1.00","0.00, 1.00",-0.91%,-1.00,23
12,387,"0.00, 1.00","0.00, 1.00",-0.92%,-1.00,22
12,388,"0.00, 1.00","0.00, 1.00",-0.92%,-1.00,22
12,389,"0.06, 1.00","0.05, 0.95",-0.88%,-0.95,22
12,390,"0.00, 1.00","0.00, 1.00",-0.94%,-1.00,22
12,391,"0.01, 0.98","0.01, 0.99",-0.95%,-0.99,22
12,392,"0.01, 1.00","0.01, 0.99",-0.95%,-0.99,21
12,393,"0.02, 1.00","0.02, 0.98",-0.95%,-0.98,21
12,394,"0.11, 0.93","0.11, 0.89",-0.87%,-0.89,21
12,395,"0.00, 1.00","0.00, 1.00",-0.99%,-1.00,21
12,396,"0.00, 0.93","0.00, 1.00",-1.00%,-1.00,21
12,397,"0.09, 0.96","0.09, 0.91",-0.92%,-0.91,20
12,398,"0.00, 0.98","0.00, 1.00",-1.02%,-1.00,20
12,399,"0.02, 0.90","0.02, 0.98",-1.01%,-0.98,20
12,400,"0.00, 0.96","0.00, 1.00",-1.04%,-1.00,20
12,401,"0.08, 1.00","0.08, 0.92",-0.97%,-0.92,20
12,402,"0.00, 1.00","0.00, 1.00",-1.06%,-1.00,19
12,403,"0.00, 0.98","0.00, 1.00",-1.08%,-1.00,19
12,404,"0.00, 0.93","0.00, 1.00",-1.09%,-1.00,19
12,405,"0.01, 1.00","0.01, 0.99",-1.09%,-0.99,19
12,406,"0.02, 1.00","0.02, 0.98",-1.09%,-0.98,19
12,407,"0.00, 1.00","0.00, 1.00",-1.12%,-1.00,18
12,408,"0.00, 1.00","0.00, 1.00",-1.14%,-1.00,18
12,409,"0.00, 0.97","0.00, 1.00",-1.15%,-1.00,18
12,410,"0.00, 0.97","0.00, 1.00",-1.16%,-1.00,18
12,411,"0.01, 1.00","0.01, 0.99",-1.16%,-0.99,18
12,412,"0.00, 1.00","0.00, 1.00",-1.19%,-1.00,17
12,413,"0.03, 1.00","0.03, 0.97",-1.17%,-0.97,17
12,414,"0.02, 1.00","0.02, 0.98",-1.19%,-0.98,17
12,415,"0.00, 1.00","0.00, 1.00",-1.23%,-1.00,17
12,416,"0.00, 1.00","0.00, 1.00",-1.25%,-1.00,16
12,417,"0.04, 0.94","0.04, 0.96",-1.22%,-0.96,16
12,418,"0.02, 0.99","0.02, 0.98",-1.26%,-0.98,16
12,419,"0.00, 0.98","0.00, 1.00",-1.30%,-1.00,16
12,420,"0.00, 1.00","0.00, 1.00",-1.32%,-1.00,16
12,421,"0.08, 0.99","0.07, 0.93",-1.23%,-0.93,15
12,422,"0.00, 1.00","0.00, 1.00",-1.35%,-1.00,15
12,423,"0.01, 1.00","0.01, 0.99",-1.36%,-0.99,15
12,424,"0.03, 1.00","0.03, 0.97",-1.34%,-0.97,15
12,425,"0.00, 0.99","0.00, 1.00",-1.41%,-1.00,15
12,426,"0.00, 0.98","0.00, 1.00",-1.43%,-1.00,14
12,427,"0.00, 0.94","0.00, 1.00",-1.45%,-1.00,14
12,428,"0.00, 0.98","0.00, 1.00",-1.47%,-1.00,14
12,429,"0.00, 0.97","0.00, 1.00",-1.49%,-1.00,14
12,430,"0.04, 0.97","0.04, 0.96",-1.46%,-0.96,14
12,431,"0.00, 0.98","0.00, 1.00",-1.54%,-1.00,13
12,432,"0.01, 0.99","0.01, 0.99",-1.54%,-0.99,13
12,433,"0.01, 0.97","0.01, 0.99",-1.57%,-0.99,13
12,434,"0.05, 1.00","0.04, 0.96",-1.54%,-0.96,13
12,435,"0.04, 1.00","0.04, 0.96",-1.57%,-0.96,13
12,436,"0.00, 1.00","0.00, 1.00",-1.67%,-1.00,12
12,437,"0.00, 1.00","0.00, 1.00",-1.69%,-1.00,12
12,438,"0.00, 1.00","0.00, 1.00",-1.72%,-1.00,12
12,439,"0.00, 1.00","0.00, 1.00",-1.75%,-1.00,12
12,440,"0.00, 0.99","0.00, 1.00",-1.79%,-1.00,12
12,441,"0.09, 0.93","0.09, 0.91",-1.65%,-0.91,11
12,442,"0.06, 1.00","0.06, 0.94",-1.74%,-0.94,11
12,443,"0.01, 1.00","0.01, 0.99",-1.87%,-0.99,11
12,444,"0.04, 1.00","0.04, 0.96",-1.85%,-0.96,11
12,445,"0.08, 1.00","0.07, 0.93",-1.82%,-0.93,11
12,446,"0.00, 1.00","0.00, 1.00",-2.00%,-1.00,10
12,447,"0.00, 1.00","0.00, 1.00",-2.04%,-1.00,10
12,448,"0.02, 0.96","0.02, 0.98",-2.05%,-0.98,10
12,449,"0.00, 1.00","0.00, 1.00",-2.13%,-1.00,10
12,450,"0.09, 1.00","0.08, 0.92",-2.00%,-0.92,10
12,451,"0.09, 0.96","0.08, 0.92",-2.04%,-0.92,9
12,452,"0.00, 0.87","0.00, 1.00",-2.27%,-1.00,9
12,453,"0.01, 1.00","0.01, 0.99",-2.31%,-0.99,9
12,454,"0.00, 1.00","0.00, 1.00",-2.38%,-1.00,9
12,455,"0.07, 0.94","0.07, 0.93",-2.26%,-0.93,8
12,456,"0.01, 0.92","0.01, 0.99",-2.48%,-0.99,8
12,457,"0.00, 0.97","0.00, 1.00",-2.56%,-1.00,8
12,458,"0.00, 1.00","0.00, 1.00",-2.63%,-1.00,8
12,459,"0.00, 1.00","0.00, 1.00",-2.70%,-1.00,8
12,460,"0.00, 1.00","0.00, 1.00",-2.78%,-1.00,7
12,461,"0.00, 1.00","0.00, 1.00",-2.86%,-1.00,7
12,462,"0.04, 0.92","0.05, 0.95",-2.81%,-0.95,7
12,463,"0.02, 0.98","0.02, 0.98",-2.96%,-0.98,7
12,464,"0.00, 0.96","0.00, 1.00",-3.12%,-1.00,7
12,465,"0.02, 1.00","0.02, 0.98",-3.17%,-0.98,6
12,466,"0.05, 1.00","0.05, 0.95",-3.17%,-0.95,6
12,467,"0.02, 1.00","0.02, 0.98",-3.37%,-0.98,6
12,468,"0.00, 0.97","0.00, 1.00",-3.57%,-1.00,6
12,469,"0.00, 1.00","0.00, 1.00",-3.70%,-1.00,6
12,470,"0.08, 0.87","0.08, 0.92",-3.53%,-0.92,5
12,471,"0.00, 1.00","0.00, 1.00",-4.00%,-1.00,5
12,472,"0.04, 1.00","0.04, 0.96",-4.00%,-0.96,5
12,473,"0.00, 0.96","0.00, 1.00",-4.33%,-1.00,5
12,474,"0.00, 1.00","0.00, 1.00",-4.55%,-1.00,5
12,475,"0.02, 0.98","0.02, 0.98",-4.65%,-0.98,4
12,476,"0.00, 1.00","0.00, 1.00",-5.00%,-1.00,4
12,477,"0.03, 1.00","0.03, 0.97",-5.09%,-0.97,4
12,478,"0.00, 0.92","0.00, 1.00",-5.56%,-1.00,4
12,479,"0.03, 0.97","0.03, 0.97",-5.71%,-0.97,3
12,480,"0.03, 1.00","0.03, 0.97",-6.06%,-0.97,3
12,481,"0.00, 1.00","0.00, 1.00",-6.67%,-1.00,3
12,482,"0.00, 0.99","0.00, 1.00",-7.12%,-1.00,3
12,483,"0.00, 0.99","0.00, 1.00",-7.69%,-1.00,3
12,484,"0.00, 0.94","0.00, 1.00",-8.33%,-1.00,2
12,485,"0.00, 1.00","0.00, 1.00",-9.09%,-1.00,2
12,486,"0.00, 0.98","0.00, 1.00",-10.00%,-1.00,2
12,487,"0.04, 0.96","0.04, 0.96",-10.71%,-0.96,2
12,488,"0.00, 0.95","0.00, 1.00",-12.50%,-1.00,2
12,489,"0.04, 1.00","0.04, 0.96",-13.73%,-0.96,1
12,490,"0.00, 1.00","0.00, 1.00",-16.67%,-1.00,1
12,491,"0.03, 0.86","0.04, 0.96",-19.22%,-0.96,1
12,492,"0.00, 1.00","0.00, 1.00",-25.00%,-1.00,1
12,493,"0.14, 1.00","0.12, 0.88",-29.34%,-0.88,0
12,494,"0.00, 1.00","0.00, 1.00",-50.00%,-1.00,0
13,1,"0.50, 0.50","0.50, 0.50",-0.10%,-0.50,100
13,2,"0.00, 0.99","0.00, 1.00",-0.20%,-1.00,100
13,3,"0.04, 1.00","0.04, 0.96",-0.19%,-0.96,100
13,4,"0.08, 0.98","0.07, 0.93",-0.19%,-0.93,99
13,5,"0.00, 0.88","0.00, 1.00",-0.20%,-1.00,99
13,6,"0.00, 0.95","0.00, 1.00",-0.20%,-1.00,99
13,7,"0.02, 1.00","0.02, 0.98",-0.20%,-0.98,99
13,8,"0.00, 1.00","0.00, 1.00",-0.20%,-1.00,99
13,9,"0.01, 0.96","0.01, 0.99",-0.20%,-0.99,98
13,10,"0.07, 0.94","0.07, 0.93",-0.19%,-0.93,98
13,11,"0.03, 1.00","0.03, 0.97",-0.20%,-0.97,98
13,12,"0.00, 0.95","0.00, 1.00",-0.21%,-1.00,98
13,13,"0.07, 1.00","0.07, 0.93",-0.19%,-0.93,98
13,14,"0.00, 0.99","0.00, 1.00",-0.21%,-1.00,97
13,15,"0.00, 1.00","0.00, 1.00",-0.21%,-1.00,97
13,16,"0.00, 1.00","0.00, 1.00",-0.21%,-1.00,97
13,17,"0.01, 1.00","0.01, 0.99",-0.21%,-0.99,97
13,18,"0.00, 0.97","0.00, 1.00",-0.21%,-1.00,97
13,19,"0.00, 0.94","0.00, 1.00",-0.21%,-1.00,96
13,20,"0.00, 1.00","0.00, 1.00",-0.21%,-1.00,96
13,21,"0.04, 0.92","0.04, 0.96",-0.20%,-0.96,96
13,22,"0.00, 0.97","0.00, 1.00",-0.21%,-1.00,96
13,23,"0.00, 1.00","0.00, 1.00",-0.21%,-1.00,96
13,24,"0.00, 1.00","0.00, 1.00",-0.21%,-1.00,95
13,25,"0.04, 1.00","0.04, 0.96",-0.20%,-0.96,95
13,26,"0.02, 1.00","0.02, 0.98",-0.21%,-0.98,95
13,27,"0.06, 1.00","0.05, 0.95",-0.20%,-0.95,95
13,28,"0.08, 0.98","0.08, 0.92",-0.20%,-0.92,95
13,29,"0.11, 1.00","0.10, 0.90",-0.19%,-0.90,94
13,30,"0.00, 0.96","0.00, 1.00",-0.21%,-1.00,94
13,31,"0.03, 0.99","0.03, 0.97",-0.21%,-0.97,94
13,32,"0.00, 1.00","0.00, 1.00",-0.22%,-1.00,94
13,33,"0.00, 0.94","0.00, 1.00",-0.22%,-1.00,94
13,34,"0.00, 0.93","0.00, 1.00",-0.22%,-1.00,93
13,35,"0.00, 1.00","0.00, 1.00",-0.22%,-1.00,93
13,36,"0.00, 1.00","0.00, 1.00",-0.22%,-1.00,93
13,37,"0.00, 1.00","0.00, 1.00",-0.22%,-1.00,93
13,38,"0.05, 1.00","0.05, 0.95",-0.21%,-0.95,93
13,39,"0.00, 0.93","0.00, 1.00",-0.22%,-1.00,92
13,40,"0.00, 0.96","0.00, 1.00",-0.22%,-1.00,92
13,41,"0.07, 0.93","0.07, 0.93",-0.20%,-0.93,92
13,42,"0.00, 0.99","0.00, 1.00",-0.22%,-1.00,92
13,43,"0.00, 0.93","0.00, 1.00",-0.22%,-1.00,92
13,44,"0.03, 0.95","0.03, 0.97",-0.21%,-0.97,91
13,45,"0.00, 1.00","0.00, 1.00",-0.22%,-1.00,91
13,46,"0.01, 1.00","0.01, 0.99",-0.22%,-0.99,91
13,47,"0.03, 1.00","0.03, 0.97",-0.22%,-0.97,91
13,48,"0.00, 0.96","0.00, 1.00",-0.22%,-1.00,91
13,49,"0.00, 1.00","0.00, 1.00",-0.22%,-1.00,90
13,50,"0.02, 0.95","0.02, 0.98",-0.22%,-0.98,90
13,51,"0.00, 1.00","0.00, 1.00",-0.22%,-1.00,90
13,52,"0.00, 1.00","0.00, 1.00",-0.23%,-1.00,90
13,53,"0.00, 1.00","0.00, 1.00",-0.23%,-1.00,90
13,54,"0.00, 1.00","0.00, 1.00",-0.23%,-1.00,89
13,55,"0.08, 1.00","0.07, 0.93",-0.21%,-0.93,89
13,56,"0.00, 1.00","0.00, 1.00",-0.23%,-1.00,89
13,57,"0.00, 0.93","0.00, 1.00",-0.23%,-1.00,89
13,58,"0.00, 0.96","0.00, 1.00",-0.23%,-1.00,89
13,59,"0.04, 0.97","0.03, 0.97",-0.22%,-0.97,88
13,60,"0.04, 1.00","0.04, 0.96",-0.22%,-0.96,88
13,61,"0.02, 0.97","0.02, 0.98",-0.23%,-0.98,88
13,62,"0.01, 0.98","0.01, 0.99",-0.23%,-0.99,88
13,63,"0.00, 1.00","0.00, 1.00",-0.23%,-1.00,88
13,64,"0.01, 0.97","0.01, 0.99",-0.23%,-0.99,87
13,65,"0.07, 0.99","0.06, 0.94",-0.22%,-0.94,87
13,66,"0.00, 1.00","0.00, 1.00",-0.23%,-1.00,87
13,67,"0.00, 1.00","0.00, 1.00",-0.23%,-1.00,87
13,68,"0.00, 1.00","0.00, 1.00",-0.23%,-1.00,87
13,69,"0.01, 1.00","0.01, 0.99",-0.23%,-0.99,86
13,70,"0.00, 1.00","0.00, 1.00",-0.23%,-1.00,86
13,71,"0.00, 1.00","0.00, 1.00",-0.24%,-1.00,86
13,72,"0.00, 1.00","0.00, 1.00",-0.24%,-1.00,86
13,73,"0.00, 0.97","0.00, 1.00",-0.24%,-1.00,86
13,74,"0.11, 0.98","0.10, 0.90",-0.21%,-0.90,85
13,75,"0.03, 1.00","0.03, 0.97",-0.23%,-0.97,85
13,76,"0.06, 1.00","0.06, 0.94",-0.22%,-0.94,85
13,77,"0.06, 1.00","0.06, 0.94",-0.22%,-0.94,85
13,78,"0.00, 1.00","0.00, 1.00",-0.24%,-1.00,85
13,79,"0.09, 1.00","0.08, 0.92",-0.22%,-0.92,84
13,80,"0.00, 1.00","0.00, 1.00",-0.24%,-1.00,84
13,81,"0.00, 1.00","0.00, 1.00",-0.24%,-1.00,84
13,82,"0.04, 0.93","0.04, 0.96",-0.23%,-0.96,84
13,83,"0.07, 1.00","0.06, 0.94",-0.23%,-0.94,84
13,84,"0.00, 1.00","0.00, 1.00",-0.24%,-1.00,83
13,85,"0.07, 0.90","0.07, 0.93",-0.23%,-0.93,83
13,86,"0.00, 0.93","0.00, 1.00",-0.24%,-1.00,83
13,87,"0.00, 0.97","0.00, 1.00",-0.24%,-1.00,83
13,88,"0.08, 1.00","0.07, 0.93",-0.23%,-0.93,83
13,89,"0.00, 0.97","0.00, 1.00",-0.25%,-1.00,82
13,90,"0.00, 1.00","0.00, 1.00",-0.25%,-1.00,82
13,91,"0.00, 0.93","0.01, 0.99",-0.25%,-0.99,82
13,92,"0.00, 1.00","0.00, 1.00",-0.25%,-1.00,82
13,93,"0.01, 1.00","0.01, 0.99",-0.25%,-0.99,82
13,94,"0.02, 0.90","0.02, 0.98",-0.24%,-0.98,81
13,95,"0.00, 1.00","0.00, 1.00",-0.25%,-1.00,81
13,96,"0.06, 1.00","0.06, 0.94",-0.23%,-0.94,81
13,97,"0.01, 1.00","0.01, 0.99",-0.25%,-0.99,81
13,98,"0.02, 0.95","0.02, 0.98",-0.25%,-0.98,81
13,99,"0.00, 0.97","0.00, 1.00",-0.25%,-1.00,80
13,100,"0.08, 0.97","0.07, 0.93",-0.23%,-0.93,80
13,101,"0.13, 0.96","0.12, 0.88",-0.22%,-0.88,80
13,102,"0.02, 1.00","0.02, 0.98",-0.25%,-0.98,80
13,103,"0.00, 1.00","0.00, 1.00",-0.25%,-1.00,80
13,104,"0.00, 0.98","0.00, 1.00",-0.26%,-1.00,79
13,105,"0.01, 0.95","0.01, 0.99",-0.25%,-0.99,79
13,106,"0.00, 1.00","0.00, 1.00",-0.26%,-1.00,79
13,107,"0.00, 1.00","0.00, 1.00",-0.26%,-1.00,79
13,108,"0.04, 0.94","0.04, 0.96",-0.25%,-0.96,79
13,109,"0.00, 1.00","0.00, 1.00",-0.26%,-1.00,78
13,110,"0.00, 1.00","0.00, 1.00",-0.26%,-1.00,78
13,111,"0.04, 1.00","0.04, 0.96",-0.25%,-0.96,78
13,112,"0.06, 0.98","0.06, 0.94",-0.24%,-0.94,78
13,113,"0.02, 0.99","0.02, 0.98",-0.26%,-0.98,78
13,114,"0.00, 1.00","0.00, 1.00",-0.26%,-1.00,77
13,115,"0.04, 1.00","0.03, 0.97",-0.25%,-0.97,77
13,116,"0.00, 0.97","0.00, 1.00",-0.26%,-1.00,77
13,117,"0.00, 0.94","0.00, 1.00",-0.26%,-1.00,77
13,118,"0.01, 1.00","0.01, 0.99",-0.26%,-0.99,77
13,119,"0.00, 0.97","0.00, 1.00",-0.27%,-1.00,76
13,120,"0.00, 1.00","0.00, 1.00",-0.27%,-1.00,76
13,121,"0.06, 1.00","0.05, 0.95",-0.25%,-0.95,76
13,122,"0.02, 0.94","0.02, 0.98",-0.26%,-0.98,76
13,123,"0.03, 1.00","0.03, 0.97",-0.26%,-0.97,76
13,124,"0.04, 0.96","0.04, 0.96",-0.26%,-0.96,75
13,125,"0.02, 1.00","0.02, 0.98",-0.27%,-0.98,75
13,126,"0.03, 1.00","0.03, 0.97",-0.26%,-0.97,75
13,127,"0.00, 0.99","0.00, 1.00",-0.27%,-1.00,75
13,128,"0.01, 1.00","0.01, 0.99",-0.27%,-0.99,75
13,129,"0.07, 0.93","0.07, 0.93",-0.25%,-0.93,74
13,130,"0.03, 1.00","0.03, 0.97",-0.26%,-0.97,74
13,131,"0.00, 0.95","0.00, 1.00",-0.27%,-1.00,74
13,132,"0.03, 0.99","0.03, 0.97",-0.27%,-0.97,74
13,133,"0.00, 0.99","0.00, 1.00",-0.28%,-1.00,74
13,134,"0.00, 1.00","0.00, 1.00",-0.28%,-1.00,73
13,135,"0.04, 0.96","0.04, 0.96",-0.27%,-0.96,73
13,136,"0.00, 0.88","0.00, 1.00",-0.28%,-1.00,73
13,137,"0.05, 0.95","0.05, 0.95",-0.26%,-0.95,73
13,138,"0.00, 0.95","0.00, 1.00",-0.28%,-1.00,73
13,139,"0.08, 1.00","0.07, 0.93",-0.26%,-0.93,72
13,140,"0.01, 0.99","0.01, 0.99",-0.28%,-0.99,72
13,141,"0.01, 1.00","0.01, 0.99",-0.28%,-0.99,72
13,142,"0.00, 0.94","0.00, 1.00",-0.28%,-1.00,72
13,143,"0.00, 1.00","0.00, 1.00",-0.28%,-1.00,72
13,144,"0.00, 0.94","0.00, 1.00",-0.28%,-1.00,71
13,145,"0.00, 0.99","0.00, 1.00",-0.28%,-1.00,71
13,146,"0.06, 1.00","0.05, 0.95",-0.27%,-0.95,71
13,147,"0.07, 1.00","0.06, 0.94",-0.27%,-0.94,71
13,148,"0.00, 1.00","0.00, 1.00",-0.29%,-1.00,71
13,149,"0.01, 1.00","0.01, 0.99",-0.28%,-0.99,70
13,150,"0.00, 1.00","0.00, 1.00",-0.29%,-1.00,70
13,151,"0.00, 1.00","0.00, 1.00",-0.29%,-1.00,70
13,152,"0.10, 0.98","0.09, 0.91",-0.26%,-0.91,70
13,153,"0.07, 0.97","0.06, 0.94",-0.27%,-0.94,70
13,154,"0.01, 0.95","0.01, 0.99",-0.29%,-0.99,69
13,155,"0.03, 0.99","0.03, 0.97",-0.29%,-0.97,69
13,156,"0.03, 1.00","0.03, 0.97",-0.28%,-0.97,69
13,157,"0.01, 0.93","0.01, 0.99",-0.29%,-0.99,69
13,158,"0.01, 0.95","0.01, 0.99",-0.29%,-0.99,69
13,159,"0.02, 1.00","0.02, 0.98",-0.29%,-0.98,68
13,160,"0.00, 1.00","0.00, 1.00",-0.30%,-1.00,68
13,161,"0.00, 1.00","0.00, 1.00",-0.30%,-1.00,68
13,162,"0.08, 0.96","0.08, 0.92",-0.28%,-0.92,68
13,163,"0.00, 1.00","0.00, 1.00",-0.30%,-1.00,68
13,164,"0.00, 0.97","0.00, 1.00",-0.30%,-1.00,67
13,165,"0.00, 0.93","0.00, 1.00",-0.30%,-1.00,67
13,166,"0.00, 1.00","0.00, 1.00",-0.30%,-1.00,67
13,167,"0.00, 1.00","0.00, 1.00",-0.30%,-1.00,67
13,168,"0.07, 1.00","0.06, 0.94",-0.29%,-0.94,67
13,169,"0.00, 1.00","0.00, 1.00",-0.31%,-1.00,66
13,170,"0.06, 1.00","0.06, 0.94",-0.29%,-0.94,66
13,171,"0.03, 1.00","0.03, 0.97",-0.30%,-0.97,66
13,172,"0.06, 0.98","0.06, 0.94",-0.29%,-0.94,66
13,173,"0.06, 1.00","0.05, 0.95",-0.29%,-0.95,66
13,174,"0.04, 1.00","0.04, 0.96",-0.30%,-0.96,66
13,175,"0.00, 1.00","0.00, 1.00",-0.31%,-1.00,65
13,176,"0.02, 1.00","0.02, 0.98",-0.31%,-0.98,65
13,177,"0.11, 0.99","0.10, 0.90",-0.28%,-0.90,65
13,178,"0.10, 1.00","0.09, 0.91",-0.29%,-0.91,65
13,179,"0.00, 1.00","0.00, 1.00",-0.32%,-1.00,65
13,180,"0.00, 1.00","0.00, 1.00",-0.32%,-1.00,64
13,181,"0.01, 0.97","0.01, 0.99",-0.32%,-0.99,64
13,182,"0.00, 0.97","0.00, 1.00",-0.32%,-1.00,64
13,183,"0.01, 0.87","0.01, 0.99",-0.32%,-0.99,64
13,184,"0.00, 0.97","0.00, 1.00",-0.32%,-1.00,64
13,185,"0.00, 0.98","0.00, 1.00",-0.32%,-1.00,63
13,186,"0.12, 1.00","0.11, 0.89",-0.29%,-0.89,63
13,187,"0.00, 0.99","0.00, 1.00",-0.32%,-1.00,63
13,188,"0.00, 0.96","0.00, 1.00",-0.32%,-1.00,63
13,189,"0.00, 1.00","0.00, 1.00",-0.33%,-1.00,63
13,190,"0.00, 0.89","0.00, 1.00",-0.33%,-1.00,62
13,191,"0.00, 1.00","0.00, 1.00",-0.33%,-1.00,62
13,192,"0.00, 0.98","0.00, 1.00",-0.33%,-1.00,62
13,193,"0.00, 0.94","0.00, 1.00",-0.33%,-1.00,62
13,194,"0.00, 1.00","0.00, 1.00",-0.33%,-1.00,61
13,195,"0.03, 1.00","0.03, 0.97",-0.32%,-0.97,61
13,196,"0.00, 0.95","0.00, 1.00",-0.33%,-1.00,61
13,197,"0.00, 0.94","0.00, 1.00",-0.33%,-1.00,61
13,198,"0.04, 1.00","0.04, 0.96",-0.32%,-0.96,61
13,199,"0.00, 0.94","0.00, 1.00",-0.34%,-1.00,60
13,200,"0.10, 1.00","0.09, 0.91",-0.31%,-0.91,60
13,201,"0.00, 1.00","0.00, 1.00",-0.34%,-1.00,60
13,202,"0.00, 1.00","0.00, 1.00",-0.34%,-1.00,60
13,203,"0.00, 1.00","0.00, 1.00",-0.34%,-1.00,60
13,204,"0.00, 1.00","0.00, 1.00",-0.34%,-1.00,59
13,205,"0.00, 1.00","0.00, 1.00",-0.34%,-1.00,59
13,206,"0.01, 1.00","0.01, 0.99",-0.34%,-0.99,59
13,207,"0.00, 1.00","0.00, 1.00",-0.35%,-1.00,59
13,208,"0.06, 1.00","0.06, 0.94",-0.33%,-0.94,59
13,209,"0.02, 1.00","0.02, 0.98",-0.34%,-0.98,58
13,210,"0.00, 0.95","0.00, 1.00",-0.35%,-1.00,58
13,211,"0.00, 1.00","0.00, 1.00",-0.35%,-1.00,58
13,212,"0.03, 1.00","0.03, 0.97",-0.34%,-0.97,58
13,213,"0.00, 0.99","0.00, 1.00",-0.35%,-1.00,58
13,214,"0.01, 1.00","0.01, 0.99",-0.35%,-0.99,57
13,215,"0.00, 0.96","0.00, 1.00",-0.35%,-1.00,57
13,216,"0.04, 0.98","0.04, 0.96",-0.34%,-0.96,57
13,217,"0.02, 0.98","0.02, 0.98",-0.35%,-0.98,57
13,218,"0.00, 1.00","0.00, 1.00",-0.36%,-1.00,57
13,219,"0.01, 0.92","0.02, 0.98",-0.36%,-0.98,56
13,220,"0.06, 1.00","0.06, 0.94",-0.34%,-0.94,56
13,221,"0.00, 1.00","0.00, 1.00",-0.36%,-1.00,56
13,222,"0.03, 0.98","0.03, 0.97",-0.35%,-0.97,56
13,223,"0.04, 0.98","0.04, 0.96",-0.35%,-0.96,56
13,224,"0.02, 0.99","0.02, 0.98",-0.36%,-0.98,55
13,225,"0.05, 1.00","0.05, 0.95",-0.35%,-0.95,55
13,226,"0.00, 1.00","0.00, 1.00",-0.37%,-1.00,55
13,227,"0.05, 1.00","0.05, 0.95",-0.35%,-0.95,55
13,228,"0.04, 1.00","0.04, 0.96",-0.36%,-0.96,55
13,229,"0.04, 1.00","0.04, 0.96",-0.36%,-0.96,54
13,230,"0.04, 1.00","0.04, 0.96",-0.36%,-0.96,54
13,231,"0.00, 1.00","0.00, 1.00",-0.38%,-1.00,54
13,232,"0.03, 0.97","0.03, 0.97",-0.37%,-0.97,54
13,233,"0.00, 0.99","0.00, 1.00",-0.38%,-1.00,54
13,234,"0.06, 1.00","0.06, 0.94",-0.36%,-0.94,53
13,235,"0.01, 0.96","0.01, 0.99",-0.38%,-0.99,53
13,236,"0.00, 1.00","0.00, 1.00",-0.38%,-1.00,53
13,237,"0.00, 1.00","0.00, 1.00",-0.38%,-1.00,53
13,238,"0.02, 1.00","0.01, 0.99",-0.38%,-0.99,53
13,239,"0.00, 1.00","0.00, 1.00",-0.39%,-1.00,52
13,240,"0.05, 1.00","0.05, 0.95",-0.37%,-0.95,52
13,241,"0.07, 1.00","0.06, 0.94",-0.37%,-0.94,52
13,242,"0.10, 1.00","0.09, 0.91",-0.36%,-0.91,52
13,243,"0.01, 0.95","0.01, 0.99",-0.39%,-0.99,52
13,244,"0.00, 0.98","0.00, 1.00",-0.40%,-1.00,51
13,245,"0.00, 1.00","0.00, 1.00",-0.40%,-1.00,51
13,246,"0.08, 1.00","0.07, 0.93",-0.37%,-0.93,51
13,247,"0.00, 1.00","0.00, 1.00",-0.40%,-1.00,51
13,248,"0.00, 0.93","0.00, 1.00",-0.40%,-1.00,51
13,249,"0.00, 0.98","0.00, 1.00",-0.40%,-1.00,50
13,250,"0.00, 1.00","0.00, 1.00",-0.41%,-1.00,50
13,251,"0.00, 0.94","0.00, 1.00",-0.41%,-1.00,50
13,252,"0.03, 1.00","0.02, 0.98",-0.40%,-0.98,50
13,253,"0.02, 1.00","0.02, 0.98",-0.40%,-0.98,50
13,254,"0.00, 1.00","0.00, 1.00",-0.41%,-1.00,49
13,255,"0.02, 1.00","0.02, 0.98",-0.41%,-0.98,49
13,256,"0.05, 0.97","0.05, 0.95",-0.40%,-0.95,49
13,257,"0.00, 0.97","0.00, 1.00",-0.42%,-1.00,49
13,258,"0.01, 1.00","0.01, 0.99",-0.42%,-0.99,49
13,259,"0.00, 1.00","0.00, 1.00",-0.42%,-1.00,48
13,260,"0.03, 0.91","0.03, 0.97",-0.41%,-0.97,48
13,261,"0.02, 1.00","0.02, 0.98",-0.42%,-0.98,48
13,262,"0.01, 0.97","0.01, 0.99",-0.42%,-0.99,48
13,263,"0.00, 0.97","0.00, 1.00",-0.43%,-1.00,48
13,264,"0.08, 1.00","0.07, 0.93",-0.40%,-0.93,47
13,265,"0.00, 0.96","0.00, 1.00",-0.43%,-1.00,47
13,266,"0.00, 1.00","0.00, 1.00",-0.43%,-1.00,47
13,267,"0.00, 1.00","0.00, 1.00",-0.44%,-1.00,47
13,268,"0.00, 1.00","0.00, 1.00",-0.44%,-1.00,47
13,269,"0.04, 1.00","0.04, 0.96",-0.42%,-0.96,46
13,270,"0.02, 0.97","0.02, 0.98",-0.43%,-0.98,46
13,271,"0.01, 1.00","0.01, 0.99",-0.44%,-0.99,46
13,272,"0.00, 1.00","0.00, 1.00",-0.45%,-1.00,46
13,273,"0.00, 0.99","0.00, 1.00",-0.45%,-1.00,46
13,274,"0.01, 0.99","0.01, 0.99",-0.45%,-0.99,45
13,275,"0.00, 0.95","0.00, 1.00",-0.45%,-1.00,45
13,276,"0.01, 0.92","0.01, 0.99",-0.45%,-0.99,45
13,277,"0.00, 0.99","0.00, 1.00",-0.46%,-1.00,45
13,278,"0.00, 0.90","0.00, 1.00",-0.46%,-1.00,45
13,279,"0.02, 0.90","0.02, 0.98",-0.45%,-0.98,44
13,280,"0.00, 0.96","0.00, 1.00",-0.46%,-1.00,44
13,281,"0.08, 1.00","0.07, 0.93",-0.43%,-0.93,44
13,282,"0.03, 1.00","0.03, 0.97",-0.45%,-0.97,44
13,283,"0.00, 1.00","0.00, 1.00",-0.47%,-1.00,44
13,284,"0.04, 1.00","0.04, 0.96",-0.45%,-0.96,43
13,285,"0.01, 0.95","0.01, 0.99",-0.47%,-0.99,43
13,286,"0.05, 1.00","0.05, 0.95",-0.45%,-0.95,43
13,287,"0.00, 1.00","0.00, 1.00",-0.48%,-1.00,43
13,288,"0.02, 1.00","0.02, 0.98",-0.47%,-0.98,43
13,289,"0.06, 1.00","0.06, 0.94",-0.46%,-0.94,42
13,290,"0.00, 0.98","0.00, 1.00",-0.49%,-1.00,42
13,291,"0.01, 0.99","0.01, 0.99",-0.48%,-0.99,42
13,292,"0.09, 0.94","0.09, 0.91",-0.45%,-0.91,42
13,293,"0.00, 0.95","0.00, 1.00",-0.49%,-1.00,42
13,294,"0.00, 1.00","0.00, 1.00",-0.50%,-1.00,41
13,295,"0.09, 1.00","0.08, 0.92",-0.46%,-0.92,41
13,296,"0.00, 0.99","0.00, 1.00",-0.50%,-1.00,41
13,297,"0.01, 1.00","0.01, 0.99",-0.50%,-0.99,41
13,298,"0.00, 1.00","0.00, 1.00",-0.51%,-1.00,41
13,299,"0.00, 1.00","0.00, 1.00",-0.51%,-1.00,40
13,300,"0.00, 0.93","0.00, 1.00",-0.51%,-1.00,40
13,301,"0.00, 0.98","0.00, 1.00",-0.51%,-1.00,40
13,302,"0.04, 1.00","0.04, 0.96",-0.49%,-0.96,40
13,303,"0.00, 0.98","0.00, 1.00",-0.52%,-1.00,40
13,304,"0.04, 0.98","0.04, 0.96",-0.50%,-0.96,39
13,305,"0.10, 1.00","0.09, 0.91",-0.48%,-0.91,39
13,306,"0.00, 1.00","0.00, 1.00",-0.53%,-1.00,39
13,307,"0.04, 0.99","0.04, 0.96",-0.51%,-0.96,39
13,308,"0.02, 0.97","0.02, 0.98",-0.52%,-0.98,39
13,309,"0.05, 1.00","0.04, 0.96",-0.51%,-0.96,38
13,310,"0.01, 0.99","0.01, 0.99",-0.53%,-0.99,38
13,311,"0.02, 0.94","0.02, 0.98",-0.53%,-0.98,38
13,312,"0.04, 1.00","0.03, 0.97",-0.52%,-0.97,38
13,313,"0.03, 1.00","0.03, 0.97",-0.53%,-0.97,38
13,314,"0.07, 1.00","0.07, 0.93",-0.51%,-0.93,37
13,315,"0.00, 1.00","0.00, 1.00",-0.55%,-1.00,37
13,316,"0.07, 1.00","0.07, 0.93",-0.52%,-0.93,37
13,317,"0.00, 1.00","0.00, 1.00",-0.56%,-1.00,37
13,318,"0.05, 1.00","0.04, 0.96",-0.54%,-0.96,37
13,319,"0.00, 1.00","0.00, 1.00",-0.56%,-1.00,36
13,320,"0.00, 1.00","0.00, 1.00",-0.57%,-1.00,36
13,321,"0.06, 1.00","0.06, 0.94",-0.54%,-0.94,36
13,322,"0.01, 0.97","0.01, 0.99",-0.57%,-0.99,36
13,323,"0.05, 1.00","0.05, 0.95",-0.55%,-0.95,36
13,324,"0.00, 1.00","0.00, 1.00",-0.58%,-1.00,35
13,325,"0.00, 0.95","0.00, 1.00",-0.58%,-1.00,35
13,326,"0.00, 0.98","0.00, 1.00",-0.59%,-1.00,35
13,327,"0.00, 1.00","0.00, 1.00",-0.59%,-1.00,35
13,328,"0.03, 0.99","0.03, 0.97",-0.58%,-0.97,35
13,329,"0.00, 1.00","0.00, 1.00",-0.60%,-1.00,34
13,330,"0.00, 1.00","0.00, 1.00",-0.60%,-1.00,34
13,331,"0.00, 0.99","0.00, 1.00",-0.60%,-1.00,34
13,332,"0.00, 1.00","0.00, 1.00",-0.61%,-1.00,34
13,333,"0.00, 0.89","0.00, 1.00",-0.61%,-1.00,33
13,334,"0.00, 1.00","0.00, 1.00",-0.62%,-1.00,33
13,335,"0.00, 0.96","0.00, 1.00",-0.62%,-1.00,33
13,336,"0.00, 1.00","0.00, 1.00",-0.62%,-1.00,33
13,337,"0.00, 1.00","0.00, 1.00",-0.63%,-1.00,33
13,338,"0.05, 0.88","0.05, 0.95",-0.60%,-0.95,32
13,339,"0.00, 0.91","0.00, 1.00",-0.64%,-1.00,32
13,340,"0.00, 1.00","0.00, 1.00",-0.64%,-1.00,32
13,341,"0.00, 0.99","0.00, 1.00",-0.65%,-1.00,32
13,342,"0.01, 1.00","0.01, 0.99",-0.65%,-0.99,32
13,343,"0.02, 1.00","0.02, 0.98",-0.64%,-0.98,31
13,344,"0.00, 0.99","0.00, 1.00",-0.66%,-1.00,31
13,345,"0.09, 1.00","0.08, 0.92",-0.61%,-0.92,31
13,346,"0.00, 0.99","0.00, 1.00",-0.67%,-1.00,31
13,347,"0.00, 1.00","0.00, 1.00",-0.67%,-1.00,31
13,348,"0.07, 0.94","0.07, 0.93",-0.63%,-0.93,30
13,349,"0.00, 1.00","0.00, 1.00",-0.68%,-1.00,30
13,350,"0.01, 0.96","0.02, 0.98",-0.67%,-0.98,30
13,351,"0.00, 0.98","0.00, 1.00",-0.69%,-1.00,30
13,352,"0.00, 0.98","0.00, 1.00",-0.69%,-1.00,30
13,353,"0.01, 1.00","0.01, 0.99",-0.69%,-0.99,29
13,354,"0.00, 0.96","0.00, 1.00",-0.70%,-1.00,29
13,355,"0.05, 0.99","0.05, 0.95",-0.68%,-0.95,29
13,356,"0.00, 1.00","0.00, 1.00",-0.71%,-1.00,29
13,357,"0.00, 1.00","0.00, 1.00",-0.72%,-1.00,29
13,358,"0.03, 1.00","0.03, 0.97",-0.70%,-0.97,28
13,359,"0.03, 1.00","0.03, 0.97",-0.71%,-0.97,28
13,360,"0.00, 1.00","0.00, 1.00",-0.74%,-1.00,28
13,361,"0.03, 0.97","0.03, 0.97",-0.72%,-0.97,28
13,362,"0.00, 0.97","0.00, 1.00",-0.75%,-1.00,28
13,363,"0.04, 1.00","0.03, 0.97",-0.73%,-0.97,27
13,364,"0.00, 1.00","0.00, 1.00",-0.76%,-1.00,27
13,365,"0.00, 1.00","0.00, 1.00",-0.76%,-1.00,27
13,366,"0.03, 0.93","0.03, 0.97",-0.75%,-0.97,27
13,367,"0.03, 0.97","0.03, 0.97",-0.75%,-0.97,27
13,368,"0.04, 0.97","0.04, 0.96",-0.75%,-0.96,26
13,369,"0.00, 0.97","0.00, 1.00",-0.79%,-1.00,26
13,370,"0.00, 1.00","0.00, 1.00",-0.79%,-1.00,26
13,371,"0.00, 1.00","0.00, 1.00",-0.80%,-1.00,26
13,372,"0.08, 1.00","0.08, 0.92",-0.74%,-0.92,26
13,373,"0.00, 0.87","0.00, 1.00",-0.81%,-1.00,25
13,374,"0.00, 0.95","0.00, 1.00",-0.82%,-1.00,25
13,375,"0.05, 1.00","0.05, 0.95",-0.79%,-0.95,25
13,376,"0.00, 0.96","0.00, 1.00",-0.83%,-1.00,25
13,377,"0.02, 1.00","0.02, 0.98",-0.83%,-0.98,25
13,378,"0.02, 0.96","0.02, 0.98",-0.83%,-0.98,24
13,379,"0.00, 1.00","0.00, 1.00",-0.85%,-1.00,24
13,380,"0.01, 1.00","0.01, 0.99",-0.86%,-0.99,24
13,381,"0.00, 0.96","0.00, 1.00",-0.87%,-1.00,24
13,382,"0.00, 0.87","0.00, 1.00",-0.87%,-1.00,23
13,383,"0.00, 1.00","0.00, 1.00",-0.88%,-1.00,23
13,384,"0.05, 0.98","0.05, 0.95",-0.85%,-0.95,23
13,385,"0.05, 0.98","0.05, 0.95",-0.85%,-0.95,23
13,386,"0.00, 1.00","0.00, 1.00",-0.91%,-1.00,23
13,387,"0.04, 1.00","0.04, 0.96",-0.88%,-0.96,22
13,388,"0.05, 1.00","0.05, 0.95",-0.88%,-0.95,22
13,389,"0.00, 1.00","0.00, 1.00",-0.93%,-1.00,22
13,390,"0.00, 0.91","0.00, 1.00",-0.94%,-1.00,22
13,391,"0.00, 1.00","0.00, 1.00",-0.95%,-1.00,22
13,392,"0.02, 1.00","0.02, 0.98",-0.94%,-0.98,21
13,393,"0.12, 1.00","0.11, 0.89",-0.86%,-0.89,21
13,394,"0.00, 1.00","0.00, 1.00",-0.98%,-1.00,21
13,395,"0.07, 0.95","0.07, 0.93",-0.92%,-0.93,21
13,396,"0.05, 1.00","0.04, 0.96",-0.96%,-0.96,21
13,397,"0.00, 0.97","0.00, 1.00",-1.01%,-1.00,20
13,398,"0.00, 0.99","0.00, 1.00",-1.02%,-1.00,20
13,399,"0.03, 1.00","0.03, 0.97",-1.00%,-0.97,20
13,400,"0.00, 0.94","0.00, 1.00",-1.04%,-1.00,20
13,401,"0.09, 1.00","0.08, 0.92",-0.97%,-0.92,20
13,402,"0.00, 0.93","0.00, 1.00",-1.06%,-1.00,19
13,403,"0.06, 1.00","0.06, 0.94",-1.01%,-0.94,19
13,404,"0.00, 0.90","0.00, 1.00",-1.09%,-1.00,19
13,405,"0.05, 1.00","0.05, 0.95",-1.05%,-0.95,19
13,406,"0.09, 1.00","0.08, 0.92",-1.02%,-0.92,19
13,407,"0.00, 0.99","0.00, 1.00",-1.12%,-1.00,18
13,408,"0.00, 1.00","0.00, 1.00",-1.14%,-1.00,18
13,409,"0.05, 1.00","0.05, 0.95",-1.09%,-0.95,18
13,410,"0.02, 1.00","0.01, 0.99",-1.15%,-0.99,18
13,411,"0.04, 0.94","0.04, 0.96",-1.13%,-0.96,18
13,412,"0.06, 1.00","0.06, 0.94",-1.12%,-0.94,17
13,413,"0.01, 1.00","0.01, 0.99",-1.20%,-0.99,17
13,414,"0.00, 0.98","0.00, 1.00",-1.22%,-1.00,17
13,415,"0.03, 0.93","0.03, 0.97",-1.20%,-0.97,17
13,416,"0.00, 0.96","0.00, 1.00",-1.25%,-1.00,17
13,417,"0.00, 0.94","0.00, 1.00",-1.27%,-1.00,16
13,418,"0.05, 0.96","0.05, 0.95",-1.22%,-0.95,16
13,419,"0.00, 1.00","0.00, 1.00",-1.30%,-1.00,16
13,420,"0.00, 1.00","0.00, 1.00",-1.32%,-1.00,16
13,421,"0.06, 1.00","0.06, 0.94",-1.26%,-0.94,16
13,422,"0.09, 0.98","0.09, 0.91",-1.23%,-0.91,15
13,423,"0.00, 0.98","0.00, 1.00",-1.37%,-1.00,15
13,424,"0.00, 1.00","0.00, 1.00",-1.39%,-1.00,15
13,425,"0.08, 0.97","0.08, 0.92",-1.30%,-0.92,15
13,426,"0.00, 1.00","0.00, 1.00",-1.43%,-1.00,15
13,427,"0.04, 0.99","0.04, 0.96",-1.40%,-0.96,14
13,428,"0.00, 0.98","0.00, 1.00",-1.47%,-1.00,14
13,429,"0.01, 1.00","0.01, 0.99",-1.48%,-0.99,14
13,430,"0.07, 0.85","0.07, 0.93",-1.41%,-0.93,14
13,431,"0.00, 1.00","0.00, 1.00",-1.54%,-1.00,14
13,432,"0.00, 0.95","0.00, 1.00",-1.56%,-1.00,13
13,433,"0.06, 0.95","0.06, 0.94",-1.49%,-0.94,13
13,434,"0.00, 1.00","0.00, 1.00",-1.61%,-1.00,13
13,435,"0.05, 0.97","0.05, 0.95",-1.56%,-0.95,13
13,436,"0.02, 1.00","0.02, 0.98",-1.63%,-0.98,12
13,437,"0.00, 0.97","0.00, 1.00",-1.69%,-1.00,12
13,438,"0.09, 1.00","0.08, 0.92",-1.58%,-0.92,12
13,439,"0.03, 1.00","0.03, 0.97",-1.70%,-0.97,12
13,440,"0.05, 0.97","0.05, 0.95",-1.70%,-0.95,12
13,441,"0.00, 0.96","0.00, 1.00",-1.82%,-1.00,11
13,442,"0.03, 0.98","0.03, 0.97",-1.79%,-0.97,11
13,443,"0.00, 1.00","0.00, 1.00",-1.89%,-1.00,11
13,444,"0.00, 0.95","0.00, 1.00",-1.92%,-1.00,11
13,445,"0.00, 1.00","0.00, 1.00",-1.96%,-1.00,11
13,446,"0.00, 1.00","0.00, 1.00",-2.00%,-1.00,10
13,447,"0.00, 1.00","0.00, 1.00",-2.04%,-1.00,10
13,448,"0.00, 1.00","0.00, 1.00",-2.08%,-1.00,10
13,449,"0.00, 0.97","0.00, 1.00",-2.13%,-1.00,10
13,450,"0.00, 1.00","0.00, 1.00",-2.17%,-1.00,10
13,451,"0.12, 0.96","0.11, 0.89",-1.98%,-0.89,9
13,452,"0.00, 1.00","0.00, 1.00",-2.27%,-1.00,9
13,453,"0.00, 1.00","0.00, 1.00",-2.33%,-1.00,9
13,454,"0.00, 1.00","0.00, 1.00",-2.38%,-1.00,9
13,455,"0.01, 1.00","0.01, 0.99",-2.42%,-0.99,9
13,456,"0.09, 1.00","0.08, 0.92",-2.30%,-0.92,8
13,457,"0.00, 1.00","0.00, 1.00",-2.56%,-1.00,8
13,458,"0.00, 0.98","0.00, 1.00",-2.63%,-1.00,8
13,459,"0.00, 1.00","0.00, 1.00",-2.70%,-1.00,8
13,460,"0.05, 0.98","0.05, 0.95",-2.64%,-0.95,7
13,461,"0.00, 1.00","0.00, 1.00",-2.86%,-1.00,7
13,462,"0.00, 1.00","0.00, 1.00",-2.94%,-1.00,7
13,463,"0.01, 0.93","0.01, 0.99",-3.00%,-0.99,7
13,464,"0.11, 1.00","0.10, 0.90",-2.81%,-0.90,7
13,465,"0.00, 1.00","0.00, 1.00",-3.23%,-1.00,6
13,466,"0.00, 1.00","0.00, 1.00",-3.33%,-1.00,6
13,467,"0.00, 0.99","0.00, 1.00",-3.45%,-1.00,6
13,468,"0.00, 1.00","0.00, 1.00",-3.57%,-1.00,6
13,469,"0.01, 1.00","0.01, 0.99",-3.66%,-0.99,6
13,470,"0.11, 1.00","0.10, 0.90",-3.46%,-0.90,5
13,471,"0.00, 1.00","0.00, 1.00",-4.00%,-1.00,5
13,472,"0.00, 1.00","0.00, 1.00",-4.17%,-1.00,5
13,473,"0.04, 0.92","0.04, 0.96",-4.16%,-0.96,5
13,474,"0.01, 1.00","0.01, 0.99",-4.50%,-0.99,5
13,475,"0.05, 1.00","0.05, 0.95",-4.52%,-0.95,4
13,476,"0.09, 0.96","0.09, 0.91",-4.55%,-0.91,4
13,477,"0.05, 0.99","0.05, 0.95",-5.00%,-0.95,4
13,478,"0.00, 0.99","0.00, 1.00",-5.56%,-1.00,4
13,479,"0.01, 0.96","0.01, 0.99",-5.81%,-0.99,3
13,480,"0.03, 0.98","0.03, 0.97",-6.05%,-0.97,3
13,481,"0.06, 0.98","0.06, 0.94",-6.27%,-0.94,3
13,482,"0.00, 1.00","0.00, 1.00",-7.14%,-1.00,3
13,483,"0.00, 1.00","0.00, 1.00",-7.69%,-1.00,3
13,484,"0.00, 1.00","0.00, 1.00",-8.33%,-1.00,2
13,485,"0.00, 0.95","0.00, 1.00",-9.09%,-1.00,2
13,486,"0.00, 1.00","0.00, 1.00",-10.00%,-1.00,2
13,487,"0.07, 0.98","0.07, 0.93",-10.38%,-0.93,2
13,488,"0.12, 1.00","0.11, 0.89",-11.15%,-0.89,2
13,489,"0.00, 1.00","0.00, 1.00",-14.29%,-1.00,1
13,490,"0.03, 0.95","0.04, 0.96",-16.08%,-0.96,1
13,491,"0.07, 0.93","0.07, 0.93",-18.67%,-0.93,1
13,492,"0.00, 1.00","0.00, 1.00",-25.00%,-1.00,1
13,493,"0.03, 0.96","0.03, 0.97",-32.31%,-0.97,0
13,494,"0.00, 1.00","0.00, 1.00",-50.00%,-1.00,0
14,1,"0.50, 0.50","0.50, 0.50",-0.10%,-0.50,100
14,2,"0.00, 1.00","0.00, 1.00",-0.20%,-1.00,100
14,3,"0.03, 0.96","0.03, 0.97",-0.20%,-0.97,100
14,4,"0.05, 0.90","0.05, 0.95",-0.19%,-0.95,99
14,5,"0.00, 1.00","0.00, 1.00",-0.20%,-1.00,99
14,6,"0.02, 1.00","0.02, 0.98",-0.20%,-0.98,99
14,7,"0.00, 0.98","0.00, 1.00",-0.20%,-1.00,99
14,8,"0.04, 1.00","0.04, 0.96",-0.20%,-0.96,99
14,9,"0.00, 1.00","0.00, 1.00",-0.21%,-1.00,98
14,10,"0.07, 0.98","0.07, 0.93",-0.19%,-0.93,98
14,11,"0.00, 0.93","0.00, 1.00",-0.21%,-1.00,98
14,12,"0.08, 1.00","0.07, 0.93",-0.19%,-0.93,98
14,13,"0.00, 1.00","0.00, 1.00",-0.21%,-1.00,98
14,14,"0.00, 0.99","0.00, 1.00",-0.21%,-1.00,97
14,15,"0.00, 0.97","0.00, 1.00",-0.21%,-1.00,97
14,16,"0.06, 0.99","0.06, 0.94",-0.20%,-0.94,97
14,17,"0.10, 1.00","0.09, 0.91",-0.19%,-0.91,97
14,18,"0.07, 0.91","0.07, 0.93",-0.19%,-0.93,97
14,19,"0.02, 1.00","0.02, 0.98",-0.21%,-0.98,96
14,20,"0.01, 1.00","0.01, 0.99",-0.21%,-0.99,96
14,21,"0.09, 1.00","0.08, 0.92",-0.19%,-0.92,96
14,22,"0.04, 0.98","0.04, 0.96",-0.20%,-0.96,96
14,23,"0.03, 0.88","0.04, 0.96",-0.20%,-0.96,96
14,24,"0.00, 0.99","0.00, 1.00",-0.21%,-1.00,95
14,25,"0.04, 0.94","0.04, 0.96",-0.20%,-0.96,95
14,26,"0.02, 1.00","0.02, 0.98",-0.21%,-0.98,95
14,27,"0.03, 0.96","0.03, 0.97",-0.21%,-0.97,95
14,28,"0.00, 1.00","0.00, 1.00",-0.21%,-1.00,95
14,29,"0.00, 1.00","0.00, 1.00",-0.21%,-1.00,94
14,30,"0.03, 0.92","0.04, 0.96",-0.21%,-0.96,94
14,31,"0.03, 0.89","0.03, 0.97",-0.21%,-0.97,94
14,32,"0.04, 0.97","0.04, 0.96",-0.21%,-0.96,94
14,33,"0.00, 0.93","0.00, 1.00",-0.22%,-1.00,94
14,34,"0.00, 1.00","0.00, 1.00",-0.22%,-1.00,93
14,35,"0.01, 0.97","0.01, 0.99",-0.21%,-0.99,93
14,36,"0.02, 1.00","0.02, 0.98",-0.21%,-0.98,93
14,37,"0.08, 1.00","0.07, 0.93",-0.20%,-0.93,93
14,38,"0.00, 0.99","0.00, 1.00",-0.22%,-1.00,93
14,39,"0.01, 1.00","0.01, 0.99",-0.22%,-0.99,92
14,40,"0.00, 0.99","0.00, 1.00",-0.22%,-1.00,92
14,41,"0.00, 0.94","0.00, 1.00",-0.22%,-1.00,92
14,42,"0.00, 0.98","0.00, 1.00",-0.22%,-1.00,92
14,43,"0.00, 0.95","0.00, 1.00",-0.22%,-1.00,92
14,44,"0.00, 0.97","0.00, 1.00",-0.22%,-1.00,91
14,45,"0.00, 0.98","0.00, 1.00",-0.22%,-1.00,91
14,46,"0.05, 1.00","0.05, 0.95",-0.21%,-0.95,91
14,47,"0.00, 0.96","0.00, 1.00",-0.22%,-1.00,91
14,48,"0.00, 1.00","0.00, 1.00",-0.22%,-1.00,91
14,49,"0.03, 0.94","0.03, 0.97",-0.22%,-0.97,90
14,50,"0.04, 1.00","0.04, 0.96",-0.22%,-0.96,90
14,51,"0.00, 1.00","0.00, 1.00",-0.22%,-1.00,90
14,52,"0.03, 0.99","0.03, 0.97",-0.22%,-0.97,90
14,53,"0.03, 0.97","0.03, 0.97",-0.22%,-0.97,90
14,54,"0.00, 0.99","0.00, 1.00",-0.23%,-1.00,89
14,55,"0.00, 0.97","0.00, 1.00",-0.23%,-1.00,89
14,56,"0.00, 1.00","0.00, 1.00",-0.23%,-1.00,89
14,57,"0.00, 0.98","0.00, 1.00",-0.23%,-1.00,89
14,58,"0.02, 1.00","0.02, 0.98",-0.22%,-0.98,89
14,59,"0.00, 1.00","0.00, 1.00",-0.23%,-1.00,88
14,60,"0.00, 1.00","0.00, 1.00",-0.23%,-1.00,88
14,61,"0.02, 0.97","0.02, 0.98",-0.23%,-0.98,88
14,62,"0.01, 0.93","0.01, 0.99",-0.23%,-0.99,88
14,63,"0.03, 1.00","0.03, 0.97",-0.22%,-0.97,88
14,64,"0.07, 0.94","0.07, 0.93",-0.22%,-0.93,87
14,65,"0.03, 1.00","0.03, 0.97",-0.22%,-0.97,87
14,66,"0.03, 0.94","0.03, 0.97",-0.23%,-0.97,87
14,67,"0.00, 1.00","0.00, 1.00",-0.23%,-1.00,87
14,68,"0.03, 1.00","0.03, 0.97",-0.23%,-0.97,87
14,69,"0.00, 0.97","0.00, 1.00",-0.23%,-1.00,86
14,70,"0.00, 0.92","0.00, 1.00",-0.23%,-1.00,86
14,71,"0.04, 1.00","0.04, 0.96",-0.23%,-0.96,86
14,72,"0.11, 0.94","0.10, 0.90",-0.21%,-0.90,86
14,73,"0.00, 1.00","0.00, 1.00",-0.24%,-1.00,86
14,74,"0.00, 0.96","0.00, 1.00",-0.24%,-1.00,85
14,75,"0.01, 0.94","0.01, 0.99",-0.23%,-0.99,85
14,76,"0.00, 0.94","0.00, 1.00",-0.24%,-1.00,85
14,77,"0.00, 1.00","0.00, 1.00",-0.24%,-1.00,85
14,78,"0.00, 1.00","0.00, 1.00",-0.24%,-1.00,85
14,79,"0.03, 1.00","0.03, 0.97",-0.23%,-0.97,84
14,80,"0.02, 1.00","0.02, 0.98",-0.24%,-0.98,84
14,81,"0.00, 0.98","0.00, 1.00",-0.24%,-1.00,84
14,82,"0.05, 0.97","0.05, 0.95",-0.23%,-0.95,84
14,83,"0.00, 1.00","0.00, 1.00",-0.24%,-1.00,84
14,84,"0.01, 1.00","0.01, 0.99",-0.24%,-0.99,83
14,85,"0.10, 0.94","0.09, 0.91",-0.22%,-0.91,83
14,86,"0.03, 0.96","0.03, 0.97",-0.24%,-0.97,83
14,87,"0.07, 1.00","0.07, 0.93",-0.23%,-0.93,83
14,88,"0.00, 1.00","0.00, 1.00",-0.24%,-1.00,83
14,89,"0.00, 1.00","0.00, 1.00",-0.25%,-1.00,82
14,90,"0.06, 0.99","0.06, 0.94",-0.23%,-0.94,82
14,91,"0.00, 0.98","0.00, 1.00",-0.25%,-1.00,82
14,92,"0.01, 0.97","0.02, 0.98",-0.24%,-0.98,82
14,93,"0.00, 1.00","0.00, 1.00",-0.25%,-1.00,82
14,94,"0.03, 1.00","0.03, 0.97",-0.24%,-0.97,81
14,95,"0.00, 1.00","0.00, 1.00",-0.25%,-1.00,81
14,96,"0.00, 0.91","0.00, 1.00",-0.25%,-1.00,81
14,97,"0.00, 1.00","0.00, 1.00",-0.25%,-1.00,81
14,98,"0.00, 0.98","0.00, 1.00",-0.25%,-1.00,81
14,99,"0.00, 0.93","0.00, 1.00",-0.25%,-1.00,80
14,100,"0.01, 0.92","0.01, 0.99",-0.25%,-0.99,80
14,101,"0.00, 0.97","0.00, 1.00",-0.25%,-1.00,80
14,102,"0.10, 1.00","0.09, 0.91",-0.23%,-0.91,80
14,103,"0.00, 1.00","0.00, 1.00",-0.25%,-1.00,80
14,104,"0.07, 1.00","0.07, 0.93",-0.24%,-0.93,79
14,105,"0.04, 0.99","0.03, 0.97",-0.25%,-0.97,79
14,106,"0.00, 0.95","0.00, 1.00",-0.26%,-1.00,79
14,107,"0.00, 0.96","0.00, 1.00",-0.26%,-1.00,79
14,108,"0.09, 1.00","0.08, 0.92",-0.24%,-0.92,79
14,109,"0.05, 1.00","0.04, 0.96",-0.25%,-0.96,78
14,110,"0.00, 0.94","0.00, 1.00",-0.26%,-1.00,78
14,111,"0.00, 1.00","0.00, 1.00",-0.26%,-1.00,78
14,112,"0.00, 0.96","0.00, 1.00",-0.26%,-1.00,78
14,113,"0.03, 1.00","0.03, 0.97",-0.25%,-0.97,78
14,114,"0.00, 0.91","0.00, 1.00",-0.26%,-1.00,77
14,115,"0.00, 0.95","0.00, 1.00",-0.26%,-1.00,77
14,116,"0.00, 0.95","0.00, 1.00",-0.26%,-1.00,77
14,117,"0.07, 0.97","0.07, 0.93",-0.25%,-0.93,77
14,118,"0.01, 1.00","0.01, 0.99",-0.26%,-0.99,77
14,119,"0.09, 1.00","0.09, 0.91",-0.24%,-0.91,76
14,120,"0.01, 1.00","0.01, 0.99",-0.26%,-0.99,76
14,121,"0.02, 0.91","0.02, 0.98",-0.26%,-0.98,76
14,122,"0.05, 1.00","0.05, 0.95",-0.25%,-0.95,76
14,123,"0.00, 0.99","0.00, 1.00",-0.27%,-1.00,76
14,124,"0.00, 1.00","0.00, 1.00",-0.27%,-1.00,75
14,125,"0.09, 1.00","0.09, 0.91",-0.25%,-0.91,75
14,126,"0.09, 1.00","0.09, 0.91",-0.25%,-0.91,75
14,127,"0.04, 1.00","0.04, 0.96",-0.26%,-0.96,75
14,128,"0.07, 1.00","0.07, 0.93",-0.25%,-0.93,75
14,129,"0.00, 0.99","0.00, 1.00",-0.27%,-1.00,75
14,130,"0.02, 0.99","0.02, 0.98",-0.27%,-0.98,74
14,131,"0.08, 1.00","0.07, 0.93",-0.25%,-0.93,74
14,132,"0.03, 0.99","0.03, 0.97",-0.27%,-0.97,74
14,133,"0.06, 0.98","0.06, 0.94",-0.26%,-0.94,74
14,134,"0.00, 1.00","0.00, 1.00",-0.28%,-1.00,74
14,135,"0.00, 1.00","0.00, 1.00",-0.28%,-1.00,73
14,136,"0.00, 1.00","0.00, 1.00",-0.28%,-1.00,73
14,137,"0.03, 1.00","0.03, 0.97",-0.27%,-0.97,73
14,138,"0.09, 0.98","0.09, 0.91",-0.25%,-0.91,73
14,139,"0.03, 1.00","0.03, 0.97",-0.27%,-0.97,73
14,140,"0.09, 0.95","0.09, 0.91",-0.26%,-0.91,72
14,141,"0.00, 1.00","0.00, 1.00",-0.28%,-1.00,72
14,142,"0.00, 1.00","0.00, 1.00",-0.28%,-1.00,72
14,143,"0.03, 1.00","0.03, 0.97",-0.28%,-0.97,72
14,144,"0.00, 0.92","0.00, 1.00",-0.28%,-1.00,72
14,145,"0.00, 0.97","0.00, 1.00",-0.28%,-1.00,71
14,146,"0.00, 1.00","0.00, 1.00",-0.29%,-1.00,71
14,147,"0.00, 0.97","0.00, 1.00",-0.29%,-1.00,71
14,148,"0.00, 1.00","0.00, 1.00",-0.29%,-1.00,71
14,149,"0.00, 0.95","0.00, 1.00",-0.29%,-1.00,71
14,150,"0.03, 0.98","0.03, 0.97",-0.28%,-0.97,70
14,151,"0.01, 0.93","0.01, 0.99",-0.29%,-0.99,70
14,152,"0.02, 0.90","0.02, 0.98",-0.28%,-0.98,70
14,153,"0.02, 0.97","0.02, 0.98",-0.29%,-0.98,70
14,154,"0.00, 1.00","0.00, 1.00",-0.29%,-1.00,70
14,155,"0.00, 0.98","0.00, 1.00",-0.29%,-1.00,69
14,156,"0.05, 1.00","0.05, 0.95",-0.28%,-0.95,69
14,157,"0.00, 1.00","0.00, 1.00",-0.29%,-1.00,69
14,158,"0.06, 1.00","0.05, 0.95",-0.28%,-0.95,69
14,159,"0.09, 0.97","0.08, 0.92",-0.27%,-0.92,69
14,160,"0.07, 0.92","0.08, 0.92",-0.28%,-0.92,68
14,161,"0.06, 0.99","0.05, 0.95",-0.28%,-0.95,68
14,162,"0.02, 1.00","0.02, 0.98",-0.29%,-0.98,68
14,163,"0.09, 0.99","0.09, 0.91",-0.27%,-0.91,68
14,164,"0.02, 0.97","0.02, 0.98",-0.29%,-0.98,68
14,165,"0.00, 0.96","0.00, 1.00",-0.30%,-1.00,67
14,166,"0.00, 0.92","0.00, 1.00",-0.30%,-1.00,67
14,167,"0.00, 0.99","0.00, 1.00",-0.30%,-1.00,67
14,168,"0.00, 0.98","0.00, 1.00",-0.30%,-1.00,67
14,169,"0.08, 0.92","0.08, 0.92",-0.28%,-0.92,67
14,170,"0.07, 0.99","0.06, 0.94",-0.29%,-0.94,66
14,171,"0.09, 1.00","0.08, 0.92",-0.28%,-0.92,66
14,172,"0.11, 0.93","0.10, 0.90",-0.28%,-0.90,66
14,173,"0.00, 1.00","0.00, 1.00",-0.31%,-1.00,66
14,174,"0.00, 0.98","0.00, 1.00",-0.31%,-1.00,66
14,175,"0.00, 1.00","0.00, 1.00",-0.31%,-1.00,65
14,176,"0.00, 1.00","0.00, 1.00",-0.31%,-1.00,65
14,177,"0.00, 1.00","0.00, 1.00",-0.31%,-1.00,65
14,178,"0.06, 0.97","0.06, 0.94",-0.30%,-0.94,65
14,179,"0.00, 1.00","0.00, 1.00",-0.32%,-1.00,65
14,180,"0.04, 1.00","0.04, 0.96",-0.30%,-0.96,64
14,181,"0.00, 0.98","0.00, 1.00",-0.32%,-1.00,64
14,182,"0.15, 1.00","0.13, 0.87",-0.28%,-0.87,64
14,183,"0.04, 0.98","0.04, 0.96",-0.31%,-0.96,64
14,184,"0.00, 1.00","0.00, 1.00",-0.32%,-1.00,64
14,185,"0.00, 1.00","0.00, 1.00",-0.32%,-1.00,63
14,186,"0.00, 1.00","0.00, 1.00",-0.32%,-1.00,63
14,187,"0.00, 1.00","0.00, 1.00",-0.32%,-1.00,63
14,188,"0.06, 1.00","0.06, 0.94",-0.31%,-0.94,63
14,189,"0.06, 0.96","0.06, 0.94",-0.31%,-0.94,63
14,190,"0.01, 1.00","0.01, 0.99",-0.32%,-0.99,62
14,191,"0.00, 1.00","0.00, 1.00",-0.33%,-1.00,62
14,192,"0.00, 0.92","0.00, 1.00",-0.33%,-1.00,62
14,193,"0.00, 0.98","0.00, 1.00",-0.33%,-1.00,62
14,194,"0.08, 1.00","0.07, 0.93",-0.31%,-0.93,62
14,195,"0.00, 1.00","0.00, 1.00",-0.33%,-1.00,61
14,196,"0.10, 1.00","0.09, 0.91",-0.30%,-0.91,61
14,197,"0.00, 0.99","0.00, 1.00",-0.33%,-1.00,61
14,198,"0.01, 1.00","0.01, 0.99",-0.33%,-0.99,61
14,199,"0.00, 0.99","0.00, 1.00",-0.34%,-1.00,61
14,200,"0.07, 0.96","0.06, 0.94",-0.32%,-0.94,60
14,201,"0.02, 1.00","0.02, 0.98",-0.33%,-0.98,60
14,202,"0.00, 1.00","0.00, 1.00",-0.34%,-1.00,60
14,203,"0.00, 0.99","0.00, 1.00",-0.34%,-1.00,60
14,204,"0.08, 1.00","0.08, 0.92",-0.32%,-0.92,60
14,205,"0.00, 1.00","0.00, 1.00",-0.34%,-1.00,59
14,206,"0.00, 0.93","0.00, 1.00",-0.34%,-1.00,59
14,207,"0.02, 1.00","0.02, 0.98",-0.34%,-0.98,59
14,208,"0.05, 1.00","0.05, 0.95",-0.33%,-0.95,59
14,209,"0.00, 1.00","0.00, 1.00",-0.35%,-1.00,59
14,210,"0.00, 1.00","0.00, 1.00",-0.35%,-1.00,58
14,211,"0.00, 0.98","0.00, 1.00",-0.35%,-1.00,58
14,212,"0.07, 0.97","0.07, 0.93",-0.33%,-0.93,58
14,213,"0.00, 1.00","0.00, 1.00",-0.35%,-1.00,58
14,214,"0.00, 1.00","0.00, 1.00",-0.35%,-1.00,58
14,215,"0.00, 1.00","0.00, 1.00",-0.36%,-1.00,57
14,216,"0.05, 1.00","0.04, 0.96",-0.34%,-0.96,57
14,217,"0.00, 1.00","0.00, 1.00",-0.36%,-1.00,57
14,218,"0.00, 1.00","0.00, 1.00",-0.36%,-1.00,57
14,219,"0.04, 0.96","0.04, 0.96",-0.35%,-0.96,57
14,220,"0.01, 1.00","0.01, 0.99",-0.36%,-0.99,56
14,221,"0.00, 0.91","0.00, 1.00",-0.36%,-1.00,56
14,222,"0.00, 1.00","0.00, 1.00",-0.36%,-1.00,56
14,223,"0.00, 1.00","0.00, 1.00",-0.37%,-1.00,56
14,224,"0.00, 0.96","0.00, 1.00",-0.37%,-1.00,56
14,225,"0.03, 1.00","0.03, 0.97",-0.36%,-0.97,55
14,226,"0.00, 0.96","0.00, 1.00",-0.37%,-1.00,55
14,227,"0.00, 0.98","0.00, 1.00",-0.37%,-1.00,55
14,228,"0.01, 0.97","0.01, 0.99",-0.37%,-0.99,55
14,229,"0.00, 0.94","0.00, 1.00",-0.37%,-1.00,55
14,230,"0.07, 1.00","0.06, 0.94",-0.35%,-0.94,54
14,231,"0.00, 0.99","0.00, 1.00",-0.38%,-1.00,54
14,232,"0.04, 1.00","0.04, 0.96",-0.36%,-0.96,54
14,233,"0.00, 0.99","0.00, 1.00",-0.38%,-1.00,54
14,234,"0.00, 1.00","0.00, 1.00",-0.38%,-1.00,54
14,235,"0.00, 0.99","0.00, 1.00",-0.38%,-1.00,53
14,236,"0.03, 0.98","0.03, 0.97",-0.37%,-0.97,53
14,237,"0.00, 1.00","0.00, 1.00",-0.39%,-1.00,53
14,238,"0.01, 1.00","0.01, 0.99",-0.38%,-0.99,53
14,239,"0.00, 0.97","0.00, 1.00",-0.39%,-1.00,53
14,240,"0.03, 0.96","0.03, 0.97",-0.38%,-0.97,52
14,241,"0.00, 0.97","0.00, 1.00",-0.39%,-1.00,52
14,242,"0.00, 0.96","0.00, 1.00",-0.39%,-1.00,52
14,243,"0.01, 0.95","0.01, 0.99",-0.39%,-0.99,52
14,244,"0.04, 1.00","0.04, 0.96",-0.38%,-0.96,52
14,245,"0.00, 0.89","0.00, 1.00",-0.40%,-1.00,51
14,246,"0.01, 0.95","0.01, 0.99",-0.39%,-0.99,51
14,247,"0.08, 0.96","0.08, 0.92",-0.37%,-0.92,51
14,248,"0.00, 0.94","0.00, 1.00",-0.40%,-1.00,51
14,249,"0.00, 1.00","0.00, 1.00",-0.40%,-1.00,51
14,250,"0.00, 1.00","0.00, 1.00",-0.41%,-1.00,50
14,251,"0.01, 1.00","0.01, 0.99",-0.41%,-0.99,50
14,252,"0.00, 0.93","0.00, 1.00",-0.41%,-1.00,50
14,253,"0.00, 0.95","0.00, 1.00",-0.41%,-1.00,50
14,254,"0.00, 0.98","0.00, 1.00",-0.41%,-1.00,49
14,255,"0.00, 1.00","0.00, 1.00",-0.41%,-1.00,49
14,256,"0.00, 1.00","0.00, 1.00",-0.42%,-1.00,49
14,257,"0.06, 0.99","0.06, 0.94",-0.39%,-0.94,49
14,258,"0.00, 1.00","0.00, 1.00",-0.42%,-1.00,49
14,259,"0.00, 1.00","0.00, 1.00",-0.42%,-1.00,48
14,260,"0.00, 0.93","0.00, 1.00",-0.42%,-1.00,48
14,261,"0.00, 1.00","0.00, 1.00",-0.43%,-1.00,48
14,262,"0.00, 1.00","0.00, 1.00",-0.43%,-1.00,48
14,263,"0.12, 1.00","0.11, 0.89",-0.38%,-0.89,48
14,264,"0.05, 0.92","0.06, 0.94",-0.41%,-0.94,47
14,265,"0.00, 1.00","0.00, 1.00",-0.43%,-1.00,47
14,266,"0.00, 1.00","0.00, 1.00",-0.43%,-1.00,47
14,267,"0.00, 1.00","0.00, 1.00",-0.44%,-1.00,47
14,268,"0.00, 0.93","0.00, 1.00",-0.44%,-1.00,47
14,269,"0.00, 1.00","0.00, 1.00",-0.44%,-1.00,46
14,270,"0.00, 0.92","0.00, 1.00",-0.44%,-1.00,46
14,271,"0.01, 1.00","0.01, 0.99",-0.44%,-0.99,46
14,272,"0.00, 0.95","0.00, 1.00",-0.45%,-1.00,46
14,273,"0.09, 1.00","0.08, 0.92",-0.41%,-0.92,46
14,274,"0.02, 0.99","0.02, 0.98",-0.44%,-0.98,45
14,275,"0.00, 1.00","0.00, 1.00",-0.45%,-1.00,45
14,276,"0.05, 0.98","0.05, 0.95",-0.43%,-0.95,45
14,277,"0.00, 1.00","0.00, 1.00",-0.46%,-1.00,45
14,278,"0.00, 0.98","0.00, 1.00",-0.46%,-1.00,45
14,279,"0.00, 1.00","0.00, 1.00",-0.46%,-1.00,44
14,280,"0.00, 0.99","0.00, 1.00",-0.46%,-1.00,44
14,281,"0.00, 0.98","0.00, 1.00",-0.47%,-1.00,44
14,282,"0.00, 0.93","0.00, 1.00",-0.47%,-1.00,44
14,283,"0.03, 1.00","0.02, 0.98",-0.46%,-0.98,44
14,284,"0.00, 0.97","0.00, 1.00",-0.47%,-1.00,43
14,285,"0.00, 0.95","0.00, 1.00",-0.47%,-1.00,43
14,286,"0.02, 0.96","0.02, 0.98",-0.47%,-0.98,43
14,287,"0.00, 1.00","0.00, 1.00",-0.48%,-1.00,43
14,288,"0.00, 1.00","0.00, 1.00",-0.48%,-1.00,43
14,289,"0.06, 0.96","0.06, 0.94",-0.45%,-0.94,42
14,290,"0.00, 1.00","0.00, 1.00",-0.49%,-1.00,42
14,291,"0.00, 1.00","0.00, 1.00",-0.49%,-1.00,42
14,292,"0.07, 1.00","0.07, 0.93",-0.46%,-0.93,42
14,293,"0.00, 0.90","0.00, 1.00",-0.49%,-1.00,42
14,294,"0.00, 0.93","0.00, 1.00",-0.50%,-1.00,41
14,295,"0.00, 1.00","0.00, 1.00",-0.50%,-1.00,41
14,296,"0.00, 0.96","0.00, 1.00",-0.50%,-1.00,41
14,297,"0.00, 1.00","0.00, 1.00",-0.50%,-1.00,41
14,298,"0.00, 0.98","0.00, 1.00",-0.51%,-1.00,41
14,299,"0.08, 1.00","0.08, 0.92",-0.47%,-0.92,40
14,300,"0.00, 1.00","0.00, 1.00",-0.51%,-1.00,40
14,301,"0.00, 1.00","0.00, 1.00",-0.51%,-1.00,40
14,302,"0.00, 1.00","0.00, 1.00",-0.51%,-1.00,40
14,303,"0.02, 1.00","0.02, 0.98",-0.51%,-0.98,40
14,304,"0.02, 0.93","0.02, 0.98",-0.51%,-0.98,39
14,305,"0.03, 1.00","0.03, 0.97",-0.51%,-0.97,39
14,306,"0.10, 1.00","0.09, 0.91",-0.48%,-0.91,39
14,307,"0.00, 0.97","0.00, 1.00",-0.53%,-1.00,39
14,308,"0.00, 0.96","0.00, 1.00",-0.53%,-1.00,39
14,309,"0.05, 0.96","0.05, 0.95",-0.51%,-0.95,38
14,310,"0.00, 0.98","0.00, 1.00",-0.54%,-1.00,38
14,311,"0.00, 1.00","0.00, 1.00",-0.54%,-1.00,38
14,312,"0.00, 0.99","0.00, 1.00",-0.54%,-1.00,38
14,313,"0.00, 1.00","0.00, 1.00",-0.55%,-1.00,38
14,314,"0.08, 1.00","0.07, 0.93",-0.51%,-0.93,37
14,315,"0.01, 0.97","0.01, 0.99",-0.54%,-0.99,37
14,316,"0.00, 1.00","0.00, 1.00",-0.56%,-1.00,37
14,317,"0.00, 0.93","0.00, 1.00",-0.56%,-1.00,37
14,318,"0.01, 0.94","0.01, 0.99",-0.56%,-0.99,37
14,319,"0.00, 1.00","0.00, 1.00",-0.56%,-1.00,36
14,320,"0.00, 1.00","0.00, 1.00",-0.57%,-1.00,36
14,321,"0.00, 0.93","0.00, 1.00",-0.57%,-1.00,36
14,322,"0.04, 0.97","0.04, 0.96",-0.55%,-0.96,36
14,323,"0.00, 0.95","0.00, 1.00",-0.58%,-1.00,35
14,324,"0.06, 1.00","0.05, 0.95",-0.55%,-0.95,35
14,325,"0.03, 1.00","0.03, 0.97",-0.57%,-0.97,35
14,326,"0.00, 1.00","0.00, 1.00",-0.59%,-1.00,35
14,327,"0.01, 0.94","0.02, 0.98",-0.58%,-0.98,35
14,328,"0.04, 0.99","0.04, 0.96",-0.57%,-0.96,34
14,329,"0.00, 0.94","0.00, 1.00",-0.60%,-1.00,34
14,330,"0.00, 0.95","0.00, 1.00",-0.60%,-1.00,34
14,331,"0.09, 1.00","0.08, 0.92",-0.56%,-0.92,34
14,332,"0.06, 0.94","0.06, 0.94",-0.57%,-0.94,34
14,333,"0.05, 0.93","0.05, 0.95",-0.58%,-0.95,33
14,334,"0.03, 0.97","0.03, 0.97",-0.60%,-0.97,33
14,335,"0.00, 1.00","0.00, 1.00",-0.62%,-1.00,33
14,336,"0.00, 0.98","0.00, 1.00",-0.62%,-1.00,33
14,337,"0.00, 0.96","0.00, 1.00",-0.63%,-1.00,33
14,338,"0.00, 1.00","0.00, 1.00",-0.63%,-1.00,32
14,339,"0.00, 1.00","0.00, 1.00",-0.64%,-1.00,32
14,340,"0.00, 0.94","0.00, 1.00",-0.64%,-1.00,32
14,341,"0.00, 0.95","0.00, 1.00",-0.65%,-1.00,32
14,342,"0.00, 0.99","0.00, 1.00",-0.65%,-1.00,32
14,343,"0.01, 0.90","0.01, 0.99",-0.65%,-0.99,31
14,344,"0.02, 1.00","0.02, 0.98",-0.65%,-0.98,31
14,345,"0.00, 1.00","0.00, 1.00",-0.66%,-1.00,31
14,346,"0.05, 1.00","0.04, 0.96",-0.64%,-0.96,31
14,347,"0.00, 0.97","0.00, 1.00",-0.67%,-1.00,31
14,348,"0.00, 0.99","0.00, 1.00",-0.68%,-1.00,30
14,349,"0.00, 0.97","0.00, 1.00",-0.68%,-1.00,30
14,350,"0.01, 0.93","0.01, 0.99",-0.68%,-0.99,30
14,351,"0.07, 0.95","0.07, 0.93",-0.64%,-0.93,30
14,352,"0.00, 1.00","0.00, 1.00",-0.69%,-1.00,30
14,353,"0.00, 1.00","0.00, 1.00",-0.70%,-1.00,29
14,354,"0.07, 1.00","0.06, 0.94",-0.66%,-0.94,29
14,355,"0.07, 1.00","0.07, 0.93",-0.66%,-0.93,29
14,356,"0.00, 1.00","0.00, 1.00",-0.71%,-1.00,29
14,357,"0.00, 1.00","0.00, 1.00",-0.72%,-1.00,29
14,358,"0.00, 0.86","0.00, 1.00",-0.72%,-1.00,28
14,359,"0.09, 1.00","0.08, 0.92",-0.67%,-0.92,28
14,360,"0.01, 0.98","0.01, 0.99",-0.73%,-0.99,28
14,361,"0.02, 0.99","0.02, 0.98",-0.73%,-0.98,28
14,362,"0.06, 0.92","0.06, 0.94",-0.70%,-0.94,28
14,363,"0.04, 1.00","0.04, 0.96",-0.72%,-0.96,27
14,364,"0.04, 0.96","0.04, 0.96",-0.73%,-0.96,27
14,365,"0.02, 1.00","0.02, 0.98",-0.75%,-0.98,27
14,366,"0.00, 0.89","0.00, 1.00",-0.77%,-1.00,27
14,367,"0.05, 0.98","0.05, 0.95",-0.74%,-0.95,27
14,368,"0.00, 1.00","0.00, 1.00",-0.78%,-1.00,26
14,369,"0.00, 0.95","0.00, 1.00",-0.79%,-1.00,26
14,370,"0.00, 1.00","0.00, 1.00",-0.79%,-1.00,26
14,371,"0.00, 1.00","0.00, 1.00",-0.80%,-1.00,26
14,372,"0.06, 1.00","0.06, 0.94",-0.76%,-0.94,26
14,373,"0.00, 1.00","0.00, 1.00",-0.81%,-1.00,25
14,374,"0.04, 1.00","0.04, 0.96",-0.79%,-0.96,25
14,375,"0.00, 0.97","0.00, 1.00",-0.82%,-1.00,25
14,376,"0.02, 0.94","0.02, 0.98",-0.82%,-0.98,25
14,377,"0.03, 1.00","0.03, 0.97",-0.82%,-0.97,25
14,378,"0.01, 0.93","0.01, 0.99",-0.84%,-0.99,24
14,379,"0.04, 1.00","0.04, 0.96",-0.82%,-0.96,24
14,380,"0.03, 0.97","0.03, 0.97",-0.83%,-0.97,24
14,381,"0.00, 1.00","0.00, 1.00",-0.87%,-1.00,24
14,382,"0.04, 1.00","0.04, 0.96",-0.84%,-0.96,24
14,383,"0.00, 1.00","0.00, 1.00",-0.88%,-1.00,23
14,384,"0.00, 0.98","0.00, 1.00",-0.89%,-1.00,23
14,385,"0.00, 1.00","0.00, 1.00",-0.90%,-1.00,23
14,386,"0.00, 1.00","0.00, 1.00",-0.91%,-1.00,23
14,387,"0.07, 0.97","0.07, 0.93",-0.85%,-0.93,22
14,388,"0.02, 1.00","0.02, 0.98",-0.90%,-0.98,22
14,389,"0.00, 0.90","0.00, 1.00",-0.93%,-1.00,22
14,390,"0.00, 1.00","0.00, 1.00",-0.94%,-1.00,22
14,391,"0.00, 0.96","0.00, 1.00",-0.95%,-1.00,22
14,392,"0.07, 0.98","0.06, 0.94",-0.90%,-0.94,21
14,393,"0.01, 1.00","0.01, 0.99",-0.96%,-0.99,21
14,394,"0.00, 1.00","0.00, 1.00",-0.98%,-1.00,21
14,395,"0.00, 1.00","0.00, 1.00",-0.99%,-1.00,21
14,396,"0.07, 1.00","0.07, 0.93",-0.93%,-0.93,21
14,397,"0.00, 0.96","0.00, 1.00",-1.01%,-1.00,20
14,398,"0.03, 1.00","0.03, 0.97",-0.99%,-0.97,20
14,399,"0.01, 0.98","0.01, 0.99",-1.02%,-0.99,20
14,400,"0.11, 0.98","0.10, 0.90",-0.93%,-0.90,20
14,401,"0.04, 0.99","0.04, 0.96",-1.01%,-0.96,20
14,402,"0.00, 1.00","0.00, 1.00",-1.06%,-1.00,19
14,403,"0.05, 0.95","0.05, 0.95",-1.02%,-0.95,19
14,404,"0.05, 1.00","0.05, 0.95",-1.04%,-0.95,19
14,405,"0.00, 1.00","0.00, 1.00",-1.10%,-1.00,19
14,406,"0.01, 0.98","0.01, 0.99",-1.10%,-0.99,19
14,407,"0.01, 0.99","0.01, 0.99",-1.11%,-0.99,18
14,408,"0.00, 0.94","0.00, 1.00",-1.14%,-1.00,18
14,409,"0.05, 1.00","0.05, 0.95",-1.10%,-0.95,18
14,410,"0.00, 1.00","0.00, 1.00",-1.16%,-1.00,18
14,411,"0.00, 0.97","0.00, 1.00",-1.18%,-1.00,18
14,412,"0.04, 0.97","0.03, 0.97",-1.15%,-0.97,17
14,413,"0.00, 1.00","0.00, 1.00",-1.20%,-1.00,17
14,414,"0.07, 1.00","0.07, 0.93",-1.14%,-0.93,17
14,415,"0.00, 1.00","0.00, 1.00",-1.23%,-1.00,17
14,416,"0.00, 0.96","0.00, 1.00",-1.25%,-1.00,17
14,417,"0.05, 1.00","0.05, 0.95",-1.20%,-0.95,16
14,418,"0.14, 0.98","0.13, 0.87",-1.12%,-0.87,16
14,419,"0.03, 1.00","0.03, 0.97",-1.26%,-0.97,16
14,420,"0.01, 0.96","0.01, 0.99",-1.31%,-0.99,16
14,421,"0.00, 1.00","0.00, 1.00",-1.33%,-1.00,16
14,422,"0.00, 0.99","0.00, 1.00",-1.35%,-1.00,15
14,423,"0.00, 1.00","0.00, 1.00",-1.37%,-1.00,15
14,424,"0.00, 0.99","0.00, 1.00",-1.39%,-1.00,15
14,425,"0.06, 0.96","0.06, 0.94",-1.33%,-0.94,15
14,426,"0.04, 1.00","0.04, 0.96",-1.37%,-0.96,15
14,427,"0.00, 1.00","0.00, 1.00",-1.45%,-1.00,14
14,428,"0.00, 1.00","0.00, 1.00",-1.47%,-1.00,14
14,429,"0.04, 0.96","0.04, 0.96",-1.44%,-0.96,14
14,430,"0.00, 1.00","0.00, 1.00",-1.52%,-1.00,14
14,431,"0.00, 0.94","0.00, 1.00",-1.54%,-1.00,13
14,432,"0.00, 1.00","0.00, 1.00",-1.56%,-1.00,13
14,433,"0.00, 1.00","0.00, 1.00",-1.59%,-1.00,13
14,434,"0.07, 0.89","0.07, 0.93",-1.50%,-0.93,13
14,435,"0.00, 1.00","0.00, 1.00",-1.64%,-1.00,13
14,436,"0.00, 1.00","0.00, 1.00",-1.67%,-1.00,12
14,437,"0.05, 1.00","0.05, 0.95",-1.61%,-0.95,12
14,438,"0.11, 1.00","0.10, 0.90",-1.55%,-0.90,12
14,439,"0.11, 0.97","0.10, 0.90",-1.57%,-0.90,12
14,440,"0.00, 0.95","0.00, 1.00",-1.79%,-1.00,12
14,441,"0.06, 1.00","0.06, 0.94",-1.71%,-0.94,11
14,442,"0.05, 1.00","0.04, 0.96",-1.77%,-0.96,11
14,443,"0.04, 1.00","0.03, 0.97",-1.82%,-0.97,11
14,444,"0.03, 1.00","0.03, 0.97",-1.86%,-0.97,11
14,445,"0.00, 0.99","0.00, 1.00",-1.96%,-1.00,11
14,446,"0.07, 0.89","0.08, 0.92",-1.85%,-0.92,10
14,447,"0.15, 0.99","0.13, 0.87",-1.77%,-0.87,10
14,448,"0.00, 0.99","0.00, 1.00",-2.08%,-1.00,10
14,449,"0.00, 1.00","0.00, 1.00",-2.13%,-1.00,10
14,450,"0.02, 0.95","0.02, 0.98",-2.12%,-0.98,10
14,451,"0.04, 1.00","0.04, 0.96",-2.14%,-0.96,9
14,452,"0.02, 1.00","0.02, 0.98",-2.22%,-0.98,9
14,453,"0.02, 0.93","0.02, 0.98",-2.27%,-0.98,9
14,454,"0.00, 1.00","0.00, 1.00",-2.38%,-1.00,9
14,455,"0.02, 0.94","0.02, 0.98",-2.40%,-0.98,9
14,456,"0.02, 0.90","0.02, 0.98",-2.45%,-0.98,8
14,457,"0.00, 1.00","0.00, 1.00",-2.56%,-1.00,8
14,458,"0.10, 0.91","0.10, 0.90",-2.36%,-0.90,8
14,459,"0.00, 0.98","0.00, 1.00",-2.70%,-1.00,8
14,460,"0.04, 1.00","0.04, 0.96",-2.66%,-0.96,8
14,461,"0.00, 1.00","0.00, 1.00",-2.86%,-1.00,7
14,462,"0.00, 1.00","0.00, 1.00",-2.94%,-1.00,7
14,463,"0.00, 0.93","0.00, 1.00",-3.03%,-1.00,7
14,464,"0.00, 1.00","0.00, 1.00",-3.12%,-1.00,7
14,465,"0.00, 0.94","0.00, 1.00",-3.23%,-1.00,6
14,466,"0.00, 0.93","0.00, 1.00",-3.33%,-1.00,6
14,467,"0.00, 0.96","0.00, 1.00",-3.45%,-1.00,6
14,468,"0.00, 1.00","0.00, 1.00",-3.57%,-1.00,6
14,469,"0.00, 1.00","0.00, 1.00",-3.70%,-1.00,6
14,470,"0.00, 0.97","0.00, 1.00",-3.85%,-1.00,5
14,471,"0.00, 0.94","0.00, 1.00",-4.00%,-1.00,5
14,472,"0.00, 0.96","0.00, 1.00",-4.17%,-1.00,5
14,473,"0.05, 0.96","0.05, 0.95",-4.13%,-0.95,5
14,474,"0.00, 1.00","0.00, 1.00",-4.55%,-1.00,5
14,475,"0.03, 1.00","0.03, 0.97",-4.63%,-0.97,4
14,476,"0.00, 0.96","0.00, 1.00",-5.00%,-1.00,4
14,477,"0.01, 1.00","0.01, 0.99",-5.22%,-0.99,4
14,478,"0.05, 1.00","0.05, 0.95",-5.27%,-0.95,4
14,479,"0.00, 0.95","0.00, 1.00",-5.88%,-1.00,3
14,480,"0.00, 1.00","0.00, 1.00",-6.25%,-1.00,3
14,481,"0.02, 0.92","0.02, 0.98",-6.52%,-0.98,3
14,482,"0.02, 0.97","0.02, 0.98",-7.03%,-0.98,3
14,483,"0.05, 1.00","0.05, 0.95",-7.33%,-0.95,3
14,484,"0.00, 1.00","0.00, 1.00",-8.33%,-1.00,2
14,485,"0.04, 1.00","0.04, 0.96",-8.71%,-0.96,2
14,486,"0.00, 1.00","0.00, 1.00",-10.00%,-1.00,2
14,487,"0.00, 1.00","0.00, 1.00",-11.06%,-1.00,2
14,488,"0.00, 0.97","0.00, 1.00",-12.50%,-1.00,2
14,489,"0.00, 0.96","0.00, 1.00",-14.29%,-1.00,1
14,490,"0.04, 1.00","0.04, 0.96",-15.98%,-0.96,1
14,491,"0.05, 1.00","0.05, 0.95",-18.96%,-0.95,1
14,492,"0.00, 1.00","0.00, 1.00",-24.89%,-1.00,1
14,493,"0.00, 0.97","0.00, 1.00",-33.33%,-1.00,0
14,494,"0.00, 0.92","0.00, 1.00",-50.00%,-1.00,0
15,1,"0.50, 0.50","0.50, 0.50",-0.10%,-0.50,100
15,2,"0.00, 0.93","0.00, 1.00",-0.20%,-1.00,100
15,3,"0.04, 1.00","0.04, 0.96",-0.19%,-0.96,100
15,4,"0.04, 0.94","0.04, 0.96",-0.19%,-0.96,99
15,5,"0.00, 0.99","0.00, 1.00",-0.20%,-1.00,99
15,6,"0.00, 1.00","0.00, 1.00",-0.20%,-1.00,99
15,7,"0.00, 1.00","0.00, 1.00",-0.20%,-1.00,99
15,8,"0.00, 1.00","0.00, 1.00",-0.20%,-1.00,99
15,9,"0.04, 1.00","0.04, 0.96",-0.20%,-0.96,98
15,10,"0.00, 0.94","0.00, 1.00",-0.21%,-1.00,98
15,11,"0.04, 0.99","0.04, 0.96",-0.20%,-0.96,98
15,12,"0.00, 1.00","0.00, 1.00",-0.21%,-1.00,98
15,13,"0.06, 0.93","0.06, 0.94",-0.20%,-0.94,98
15,14,"0.04, 0.96","0.04, 0.96",-0.20%,-0.96,97
15,15,"0.00, 0.96","0.00, 1.00",-0.21%,-1.00,97
15,16,"0.00, 1.00","0.00, 1.00",-0.21%,-1.00,97
15,17,"0.00, 1.00","0.00, 1.00",-0.21%,-1.00,97
15,18,"0.00, 0.98","0.00, 1.00",-0.21%,-1.00,97
15,19,"0.00, 1.00","0.00, 1.00",-0.21%,-1.00,96
15,20,"0.02, 1.00","0.02, 0.98",-0.21%,-0.98,96
15,21,"0.06, 1.00","0.05, 0.95",-0.20%,-0.95,96
15,22,"0.14, 0.97","0.12, 0.88",-0.19%,-0.88,96
15,23,"0.07, 0.93","0.07, 0.93",-0.20%,-0.93,96
15,24,"0.02, 1.00","0.02, 0.98",-0.21%,-0.98,95
15,25,"0.00, 1.00","0.00, 1.00",-0.21%,-1.00,95
15,26,"0.08, 0.94","0.08, 0.92",-0.20%,-0.92,95
15,27,"0.01, 1.00","0.01, 0.99",-0.21%,-0.99,95
15,28,"0.00, 0.94","0.00, 1.00",-0.21%,-1.00,95
15,29,"0.06, 0.95","0.06, 0.94",-0.20%,-0.94,94
15,30,"0.00, 1.00","0.00, 1.00",-0.21%,-1.00,94
15,31,"0.00, 0.93","0.00, 1.00",-0.22%,-1.00,94
15,32,"0.03, 1.00","0.03, 0.97",-0.21%,-0.97,94
15,33,"0.07, 0.93","0.07, 0.93",-0.20%,-0.93,94
15,34,"0.08, 1.00","0.08, 0.92",-0.20%,-0.92,93
15,35,"0.09, 0.97","0.08, 0.92",-0.20%,-0.92,93
15,36,"0.01, 1.00","0.01, 0.99",-0.22%,-0.99,93
15,37,"0.00, 1.00","0.00, 1.00",-0.22%,-1.00,93
15,38,"0.00, 1.00","0.00, 1.00",-0.22%,-1.00,93
15,39,"0.01, 1.00","0.01, 0.99",-0.22%,-0.99,92
15,40,"0.05, 0.97","0.04, 0.96",-0.21%,-0.96,92
15,41,"0.02, 1.00","0.02, 0.98",-0.22%,-0.98,92
15,42,"0.06, 0.91","0.06, 0.94",-0.21%,-0.94,92
15,43,"0.00, 0.94","0.00, 1.00",-0.22%,-1.00,92
15,44,"0.00, 1.00","0.00, 1.00",-0.22%,-1.00,91
15,45,"0.00, 1.00","0.00, 1.00",-0.22%,-1.00,91
15,46,"0.05, 0.95","0.05, 0.95",-0.21%,-0.95,91
15,47,"0.09, 1.00","0.08, 0.92",-0.21%,-0.92,91
15,48,"0.05, 0.98","0.05, 0.95",-0.21%,-0.95,91
15,49,"0.00, 1.00","0.00, 1.00",-0.22%,-1.00,90
15,50,"0.01, 1.00","0.01, 0.99",-0.22%,-0.99,90
15,51,"0.00, 1.00","0.00, 1.00",-0.22%,-1.00,90
15,52,"0.01, 1.00","0.01, 0.99",-0.22%,-0.99,90
15,53,"0.00, 0.97","0.00, 1.00",-0.23%,-1.00,90
15,54,"0.00, 0.94","0.00, 1.00",-0.23%,-1.00,89
15,55,"0.03, 0.91","0.03, 0.97",-0.22%,-0.97,89
15,56,"0.00, 1.00","0.00, 1.00",-0.23%,-1.00,89
15,57,"0.00, 0.93","0.00, 1.00",-0.23%,-1.00,89
15,58,"0.09, 1.00","0.08, 0.92",-0.21%,-0.92,89
15,59,"0.00, 0.94","0.00, 1.00",-0.23%,-1.00,88
15,60,"0.00, 1.00","0.00, 1.00",-0.23%,-1.00,88
15,61,"0.00, 0.99","0.00, 1.00",-0.23%,-1.00,88
15,62,"0.01, 0.99","0.01, 0.99",-0.23%,-0.99,88
15,63,"0.00, 1.00","0.00, 1.00",-0.23%,-1.00,88
15,64,"0.09, 1.00","0.08, 0.92",-0.21%,-0.92,87
15,65,"0.00, 0.98","0.00, 1.00",-0.23%,-1.00,87
15,66,"0.03, 0.97","0.03, 0.97",-0.23%,-0.97,87
15,67,"0.00, 1.00","0.00, 1.00",-0.23%,-1.00,87
15,68,"0.00, 1.00","0.00, 1.00",-0.23%,-1.00,87
15,69,"0.00, 1.00","0.00, 1.00",-0.23%,-1.00,86
15,70,"0.00, 1.00","0.00, 1.00",-0.23%,-1.00,86
15,71,"0.13, 1.00","0.11, 0.89",-0.21%,-0.89,86
15,72,"0.13, 1.00","0.11, 0.89",-0.21%,-0.89,86
15,73,"0.00, 1.00","0.00, 1.00",-0.24%,-1.00,86
15,74,"0.01, 1.00","0.01, 0.99",-0.23%,-0.99,85
15,75,"0.00, 0.97","0.00, 1.00",-0.24%,-1.00,85
15,76,"0.00, 0.93","0.00, 1.00",-0.24%,-1.00,85
15,77,"0.00, 1.00","0.00, 1.00",-0.24%,-1.00,85
15,78,"0.00, 1.00","0.00, 1.00",-0.24%,-1.00,85
15,79,"0.00, 0.95","0.00, 1.00",-0.24%,-1.00,84
15,80,"0.00, 0.99","0.00, 1.00",-0.24%,-1.00,84
15,81,"0.00, 1.00","0.00, 1.00",-0.24%,-1.00,84
15,82,"0.00, 1.00","0.00, 1.00",-0.24%,-1.00,84
15,83,"0.00, 1.00","0.00, 1.00",-0.24%,-1.00,84
15,84,"0.00, 1.00","0.00, 1.00",-0.24%,-1.00,83
15,85,"0.06, 0.96","0.06, 0.94",-0.23%,-0.94,83
15,86,"0.00, 1.00","0.00, 1.00",-0.24%,-1.00,83
15,87,"0.00, 1.00","0.00, 1.00",-0.24%,-1.00,83
15,88,"0.08, 0.95","0.07, 0.93",-0.23%,-0.93,83
15,89,"0.04, 1.00","0.04, 0.96",-0.24%,-0.96,82
15,90,"0.00, 0.93","0.00, 1.00",-0.25%,-1.00,82
15,91,"0.00, 1.00","0.00, 1.00",-0.25%,-1.00,82
15,92,"0.01, 0.94","0.01, 0.99",-0.25%,-0.99,82
15,93,"0.03, 1.00","0.03, 0.97",-0.24%,-0.97,82
15,94,"0.00, 0.93","0.00, 1.00",-0.25%,-1.00,81
15,95,"0.00, 1.00","0.00, 1.00",-0.25%,-1.00,81
15,96,"0.03, 1.00","0.03, 0.97",-0.24%,-0.97,81
15,97,"0.10, 0.97","0.09, 0.91",-0.23%,-0.91,81
15,98,"0.00, 0.99","0.00, 1.00",-0.25%,-1.00,81
15,99,"0.04, 0.86","0.04, 0.96",-0.24%,-0.96,80
15,100,"0.02, 1.00","0.02, 0.98",-0.25%,-0.98,80
15,101,"0.01, 0.97","0.01, 0.99",-0.25%,-0.99,80
15,102,"0.02, 1.00","0.02, 0.98",-0.25%,-0.98,80
15,103,"0.00, 1.00","0.00, 1.00",-0.25%,-1.00,80
15,104,"0.03, 1.00","0.03, 0.97",-0.25%,-0.97,79
15,105,"0.02, 1.00","0.02, 0.98",-0.25%,-0.98,79
15,106,"0.03, 0.98","0.03, 0.97",-0.25%,-0.97,79
15,107,"0.00, 0.94","0.00, 1.00",-0.26%,-1.00,79
15,108,"0.00, 1.00","0.00, 1.00",-0.26%,-1.00,79
15,109,"0.00, 1.00","0.00, 1.00",-0.26%,-1.00,78
15,110,"0.12, 1.00","0.11, 0.89",-0.23%,-0.89,78
15,111,"0.03, 1.00","0.03, 0.97",-0.25%,-0.97,78
15,112,"0.00, 0.98","0.00, 1.00",-0.26%,-1.00,78
15,113,"0.04, 0.98","0.04, 0.96",-0.25%,-0.96,78
15,114,"0.00, 0.99","0.00, 1.00",-0.26%,-1.00,77
15,115,"0.00, 0.95","0.00, 1.00",-0.26%,-1.00,77
15,116,"0.04, 0.96","0.04, 0.96",-0.25%,-0.96,77
15,117,"0.00, 0.98","0.00, 1.00",-0.26%,-1.00,77
15,118,"0.00, 0.97","0.00, 1.00",-0.26%,-1.00,77
15,119,"0.00, 0.98","0.00, 1.00",-0.27%,-1.00,76
15,120,"0.00, 1.00","0.00, 1.00",-0.27%,-1.00,76
15,121,"0.00, 1.00","0.00, 1.00",-0.27%,-1.00,76
15,122,"0.04, 0.96","0.04, 0.96",-0.26%,-0.96,76
15,123,"0.02, 0.95","0.02, 0.98",-0.26%,-0.98,76
15,124,"0.00, 1.00","0.00, 1.00",-0.27%,-1.00,75
15,125,"0.02, 1.00","0.02, 0.98",-0.26%,-0.98,75
15,126,"0.00, 1.00","0.00, 1.00",-0.27%,-1.00,75
15,127,"0.02, 0.99","0.02, 0.98",-0.27%,-0.98,75
15,128,"0.02, 1.00","0.02, 0.98",-0.27%,-0.98,75
15,129,"0.02, 0.94","0.02, 0.98",-0.27%,-0.98,74
15,130,"0.00, 0.94","0.00, 1.00",-0.27%,-1.00,74
15,131,"0.01, 0.97","0.01, 0.99",-0.27%,-0.99,74
15,132,"0.00, 1.00","0.00, 1.00",-0.27%,-1.00,74
15,133,"0.03, 1.00","0.03, 0.97",-0.27%,-0.97,74
15,134,"0.07, 1.00","0.07, 0.93",-0.26%,-0.93,73
15,135,"0.00, 0.98","0.00, 1.00",-0.28%,-1.00,73
15,136,"0.00, 0.99","0.00, 1.00",-0.28%,-1.00,73
15,137,"0.06, 1.00","0.06, 0.94",-0.26%,-0.94,73
15,138,"0.00, 1.00","0.00, 1.00",-0.28%,-1.00,73
15,139,"0.00, 1.00","0.00, 1.00",-0.28%,-1.00,72
15,140,"0.01, 1.00","0.01, 0.99",-0.28%,-0.99,72
15,141,"0.01, 0.92","0.01, 0.99",-0.28%,-0.99,72
15,142,"0.02, 1.00","0.02, 0.98",-0.28%,-0.98,72
15,143,"0.00, 1.00","0.00, 1.00",-0.28%,-1.00,72
15,144,"0.01, 1.00","0.01, 0.99",-0.28%,-0.99,71
15,145,"0.02, 0.97","0.02, 0.98",-0.28%,-0.98,71
15,146,"0.00, 1.00","0.00, 1.00",-0.29%,-1.00,71
15,147,"0.00, 0.91","0.00, 1.00",-0.29%,-1.00,71
15,148,"0.03, 0.99","0.03, 0.97",-0.28%,-0.97,71
15,149,"0.00, 1.00","0.00, 1.00",-0.29%,-1.00,70
15,150,"0.01, 1.00","0.01, 0.99",-0.29%,-0.99,70
15,151,"0.00, 0.98","0.00, 1.00",-0.29%,-1.00,70
15,152,"0.00, 0.98","0.00, 1.00",-0.29%,-1.00,70
15,153,"0.00, 1.00","0.00, 1.00",-0.29%,-1.00,70
15,154,"0.00, 0.94","0.00, 1.00",-0.29%,-1.00,69
15,155,"0.01, 1.00","0.01, 0.99",-0.29%,-0.99,69
15,156,"0.03, 1.00","0.03, 0.97",-0.29%,-0.97,69
15,157,"0.08, 1.00","0.07, 0.93",-0.27%,-0.93,69
15,158,"0.00, 1.00","0.00, 1.00",-0.29%,-1.00,69
15,159,"0.08, 1.00","0.07, 0.93",-0.28%,-0.93,68
15,160,"0.00, 1.00","0.00, 1.00",-0.30%,-1.00,68
15,161,"0.00, 0.98","0.00, 1.00",-0.30%,-1.00,68
15,162,"0.03, 1.00","0.03, 0.97",-0.29%,-0.97,68
15,163,"0.02, 1.00","0.02, 0.98",-0.29%,-0.98,68
15,164,"0.00, 1.00","0.00, 1.00",-0.30%,-1.00,67
15,165,"0.00, 0.90","0.00, 1.00",-0.30%,-1.00,67
15,166,"0.00, 0.92","0.00, 1.00",-0.30%,-1.00,67
15,167,"0.02, 0.96","0.02, 0.98",-0.30%,-0.98,67
15,168,"0.00, 1.00","0.00, 1.00",-0.30%,-1.00,67
15,169,"0.03, 1.00","0.03, 0.97",-0.30%,-0.97,66
15,170,"0.10, 1.00","0.09, 0.91",-0.28%,-0.91,66
15,171,"0.02, 0.97","0.02, 0.98",-0.30%,-0.98,66
15,172,"0.03, 1.00","0.02, 0.98",-0.30%,-0.98,66
15,173,"0.03, 0.91","0.03, 0.97",-0.30%,-0.97,66
15,174,"0.00, 1.00","0.00, 1.00",-0.31%,-1.00,65
15,175,"0.02, 1.00","0.02, 0.98",-0.31%,-0.98,65
15,176,"0.03, 0.99","0.03, 0.97",-0.30%,-0.97,65
15,177,"0.00, 1.00","0.00, 1.00",-0.31%,-1.00,65
15,178,"0.04, 1.00","0.04, 0.96",-0.30%,-0.96,65
15,179,"0.00, 0.99","0.00, 1.00",-0.32%,-1.00,64
15,180,"0.00, 0.96","0.00, 1.00",-0.32%,-1.00,64
15,181,"0.00, 0.98","0.00, 1.00",-0.32%,-1.00,64
15,182,"0.00, 1.00","0.00, 1.00",-0.32%,-1.00,64
15,183,"0.02, 1.00","0.02, 0.98",-0.31%,-0.98,64
15,184,"0.02, 0.98","0.02, 0.98",-0.31%,-0.98,63
15,185,"0.02, 1.00","0.02, 0.98",-0.32%,-0.98,63
15,186,"0.03, 1.00","0.03, 0.97",-0.31%,-0.97,63
15,187,"0.09, 0.96","0.09, 0.91",-0.30%,-0.91,63
15,188,"0.06, 1.00","0.05, 0.95",-0.31%,-0.95,63
15,189,"0.00, 1.00","0.00, 1.00",-0.33%,-1.00,62
15,190,"0.03, 0.99","0.03, 0.97",-0.32%,-0.97,62
15,191,"0.00, 1.00","0.00, 1.00",-0.33%,-1.00,62
15,192,"0.02, 0.98","0.02, 0.98",-0.32%,-0.98,62
15,193,"0.04, 0.96","0.04, 0.96",-0.32%,-0.96,62
15,194,"0.00, 0.98","0.00, 1.00",-0.33%,-1.00,61
15,195,"0.03, 0.98","0.03, 0.97",-0.32%,-0.97,61
15,196,"0.01, 1.00","0.01, 0.99",-0.33%,-0.99,61
15,197,"0.00, 1.00","0.00, 1.00",-0.33%,-1.00,61
15,198,"0.12, 1.00","0.11, 0.89",-0.30%,-0.89,61
15,199,"0.01, 1.00","0.01, 0.99",-0.33%,-0.99,60
15,200,"0.00, 1.00","0.00, 1.00",-0.34%,-1.00,60
15,201,"0.00, 0.97","0.00, 1.00",-0.34%,-1.00,60
15,202,"0.00, 1.00","0.00, 1.00",-0.34%,-1.00,60
15,203,"0.00, 1.00","0.00, 1.00",-0.34%,-1.00,60
15,204,"0.00, 1.00","0.00, 1.00",-0.34%,-1.00,59
15,205,"0.06, 1.00","0.06, 0.94",-0.32%,-0.94,59
15,206,"0.00, 1.00","0.00, 1.00",-0.34%,-1.00,59
15,207,"0.06, 0.94","0.06, 0.94",-0.32%,-0.94,59
15,208,"0.00, 1.00","0.00, 1.00",-0.35%,-1.00,59
15,209,"0.03, 0.98","0.03, 0.97",-0.34%,-0.97,58
15,210,"0.05, 1.00","0.05, 0.95",-0.33%,-0.95,58
15,211,"0.00, 0.99","0.00, 1.00",-0.35%,-1.00,58
15,212,"0.00, 0.92","0.00, 1.00",-0.35%,-1.00,58
15,213,"0.03, 1.00","0.03, 0.97",-0.34%,-0.97,58
15,214,"0.00, 1.00","0.00, 1.00",-0.35%,-1.00,57
15,215,"0.01, 0.95","0.01, 0.99",-0.35%,-0.99,57
15,216,"0.00, 1.00","0.00, 1.00",-0.36%,-1.00,57
15,217,"0.02, 0.94","0.02, 0.98",-0.35%,-0.98,57
15,218,"0.00, 1.00","0.00, 1.00",-0.36%,-1.00,57
15,219,"0.00, 0.94","0.00, 1.00",-0.36%,-1.00,56
15,220,"0.00, 1.00","0.00, 1.00",-0.36%,-1.00,56
15,221,"0.00, 0.94","0.00, 1.00",-0.36%,-1.00,56
15,222,"0.00, 0.96","0.00, 1.00",-0.36%,-1.00,56
15,223,"0.00, 1.00","0.00, 1.00",-0.37%,-1.00,56
15,224,"0.02, 1.00","0.02, 0.98",-0.36%,-0.98,55
15,225,"0.00, 1.00","0.00, 1.00",-0.37%,-1.00,55
15,226,"0.00, 0.99","0.00, 1.00",-0.37%,-1.00,55
15,227,"0.03, 1.00","0.03, 0.97",-0.36%,-0.97,55
15,228,"0.07, 0.99","0.07, 0.93",-0.35%,-0.93,55
15,229,"0.06, 1.00","0.06, 0.94",-0.35%,-0.94,54
15,230,"0.06, 0.94","0.06, 0.94",-0.35%,-0.94,54
15,231,"0.00, 1.00","0.00, 1.00",-0.38%,-1.00,54
15,232,"0.00, 0.94","0.00, 1.00",-0.38%,-1.00,54
15,233,"0.01, 1.00","0.01, 0.99",-0.38%,-0.99,54
15,234,"0.00, 0.93","0.00, 1.00",-0.38%,-1.00,53
15,235,"0.01, 1.00","0.01, 0.99",-0.38%,-0.99,53
15,236,"0.06, 1.00","0.06, 0.94",-0.36%,-0.94,53
15,237,"0.04, 0.96","0.04, 0.96",-0.37%,-0.96,53
15,238,"0.00, 1.00","0.00, 1.00",-0.39%,-1.00,53
15,239,"0.00, 1.00","0.00, 1.00",-0.39%,-1.00,52
15,240,"0.02, 0.96","0.02, 0.98",-0.38%,-0.98,52
15,241,"0.06, 0.96","0.06, 0.94",-0.37%,-0.94,52
15,242,"0.00, 1.00","0.00, 1.00",-0.39%,-1.00,52
15,243,"0.00, 1.00","0.00, 1.00",-0.40%,-1.00,52
15,244,"0.00, 0.97","0.00, 1.00",-0.40%,-1.00,51
15,245,"0.01, 1.00","0.01, 0.99",-0.39%,-0.99,51
15,246,"0.00, 1.00","0.00, 1.00",-0.40%,-1.00,51
15,247,"0.00, 1.00","0.00, 1.00",-0.40%,-1.00,51
15,248,"0.01, 0.94","0.01, 0.99",-0.40%,-0.99,51
15,249,"0.03, 1.00","0.03, 0.97",-0.39%,-0.97,50
15,250,"0.07, 1.00","0.07, 0.93",-0.38%,-0.93,50
15,251,"0.01, 0.89","0.01, 0.99",-0.40%,-0.99,50
15,252,"0.04, 1.00","0.04, 0.96",-0.39%,-0.96,50
15,253,"0.02, 0.94","0.02, 0.98",-0.40%,-0.98,50
15,254,"0.00, 1.00","0.00, 1.00",-0.41%,-1.00,49
15,255,"0.06, 0.98","0.05, 0.95",-0.39%,-0.95,49
15,256,"0.00, 0.94","0.00, 1.00",-0.42%,-1.00,49
15,257,"0.00, 1.00","0.00, 1.00",-0.42%,-1.00,49
15,258,"0.05, 1.00","0.05, 0.95",-0.40%,-0.95,49
15,259,"0.01, 1.00","0.01, 0.99",-0.42%,-0.99,48
15,260,"0.00, 1.00","0.00, 1.00",-0.42%,-1.00,48
15,261,"0.00, 1.00","0.00, 1.00",-0.42%,-1.00,48
15,262,"0.05, 0.96","0.05, 0.95",-0.41%,-0.95,48
15,263,"0.00, 1.00","0.00, 1.00",-0.43%,-1.00,48
15,264,"0.00, 1.00","0.00, 1.00",-0.43%,-1.00,47
15,265,"0.04, 0.91","0.04, 0.96",-0.42%,-0.96,47
15,266,"0.01, 1.00","0.01, 0.99",-0.43%,-0.99,47
15,267,"0.00, 1.00","0.00, 1.00",-0.44%,-1.00,47
15,268,"0.04, 1.00","0.04, 0.96",-0.42%,-0.96,47
15,269,"0.00, 0.97","0.00, 1.00",-0.44%,-1.00,46
15,270,"0.00, 0.96","0.00, 1.00",-0.44%,-1.00,46
15,271,"0.03, 0.93","0.03, 0.97",-0.43%,-0.97,46
15,272,"0.00, 0.92","0.00, 1.00",-0.45%,-1.00,46
15,273,"0.00, 0.93","0.00, 1.00",-0.45%,-1.00,46
15,274,"0.00, 0.94","0.00, 1.00",-0.45%,-1.00,45
15,275,"0.02, 0.97","0.02, 0.98",-0.44%,-0.98,45
15,276,"0.05, 0.89","0.05, 0.95",-0.43%,-0.95,45
15,277,"0.00, 0.97","0.00, 1.00",-0.46%,-1.00,45
15,278,"0.00, 0.98","0.00, 1.00",-0.46%,-1.00,45
15,279,"0.06, 0.99","0.06, 0.94",-0.43%,-0.94,44
15,280,"0.00, 1.00","0.00, 1.00",-0.46%,-1.00,44
15,281,"0.00, 0.95","0.00, 1.00",-0.47%,-1.00,44
15,282,"0.05, 1.00","0.05, 0.95",-0.44%,-0.95,44
15,283,"0.03, 1.00","0.03, 0.97",-0.45%,-0.97,44
15,284,"0.04, 1.00","0.04, 0.96",-0.45%,-0.96,43
15,285,"0.00, 0.98","0.00, 1.00",-0.47%,-1.00,43
15,286,"0.05, 1.00","0.05, 0.95",-0.45%,-0.95,43
15,287,"0.00, 0.99","0.00, 1.00",-0.48%,-1.00,43
15,288,"0.07, 0.96","0.07, 0.93",-0.45%,-0.93,43
15,289,"0.00, 0.99","0.00, 1.00",-0.48%,-1.00,42
15,290,"0.00, 1.00","0.00, 1.00",-0.49%,-1.00,42
15,291,"0.01, 1.00","0.01, 0.99",-0.48%,-0.99,42
15,292,"0.00, 0.98","0.00, 1.00",-0.49%,-1.00,42
15,293,"0.00, 1.00","0.00, 1.00",-0.49%,-1.00,42
15,294,"0.00, 0.99","0.00, 1.00",-0.50%,-1.00,41
15,295,"0.00, 0.97","0.00, 1.00",-0.50%,-1.00,41
15,296,"0.00, 1.00","0.00, 1.00",-0.50%,-1.00,41
15,297,"0.00, 1.00","0.00, 1.00",-0.50%,-1.00,41
15,298,"0.07, 1.00","0.07, 0.93",-0.47%,-0.93,41
15,299,"0.06, 0.92","0.06, 0.94",-0.48%,-0.94,40
15,300,"0.06, 1.00","0.06, 0.94",-0.48%,-0.94,40
15,301,"0.08, 0.98","0.07, 0.93",-0.48%,-0.93,40
15,302,"0.05, 1.00","0.05, 0.95",-0.49%,-0.95,40
15,303,"0.03, 1.00","0.02, 0.98",-0.51%,-0.98,40
15,304,"0.00, 0.97","0.00, 1.00",-0.52%,-1.00,39
15,305,"0.00, 1.00","0.00, 1.00",-0.52%,-1.00,39
15,306,"0.00, 0.96","0.00, 1.00",-0.53%,-1.00,39
15,307,"0.10, 0.94","0.10, 0.90",-0.48%,-0.90,39
15,308,"0.08, 1.00","0.07, 0.93",-0.49%,-0.93,39
15,309,"0.00, 0.96","0.00, 1.00",-0.53%,-1.00,38
15,310,"0.00, 1.00","0.00, 1.00",-0.54%,-1.00,38
15,311,"0.00, 0.99","0.00, 1.00",-0.54%,-1.00,38
15,312,"0.06, 1.00","0.06, 0.94",-0.51%,-0.94,38
15,313,"0.00, 0.93","0.00, 1.00",-0.55%,-1.00,38
15,314,"0.08, 1.00","0.08, 0.92",-0.51%,-0.92,37
15,315,"0.00, 1.00","0.00, 1.00",-0.55%,-1.00,37
15,316,"0.08, 0.90","0.08, 0.92",-0.51%,-0.92,37
15,317,"0.05, 1.00","0.04, 0.96",-0.53%,-0.96,37
15,318,"0.07, 1.00","0.06, 0.94",-0.53%,-0.94,37
15,319,"0.01, 1.00","0.01, 0.99",-0.56%,-0.99,36
15,320,"0.06, 1.00","0.06, 0.94",-0.54%,-0.94,36
15,321,"0.04, 1.00","0.04, 0.96",-0.55%,-0.96,36
15,322,"0.12, 0.93","0.12, 0.88",-0.51%,-0.88,36
15,323,"0.01, 0.96","0.01, 0.99",-0.57%,-0.99,36
15,324,"0.01, 1.00","0.01, 0.99",-0.58%,-0.99,35
15,325,"0.00, 1.00","0.00, 1.00",-0.58%,-1.00,35
15,326,"0.00, 1.00","0.00, 1.00",-0.59%,-1.00,35
15,327,"0.07, 0.96","0.07, 0.93",-0.55%,-0.93,35
15,328,"0.09, 1.00","0.08, 0.92",-0.55%,-0.92,35
15,329,"0.00, 0.99","0.00, 1.00",-0.60%,-1.00,34
15,330,"0.07, 1.00","0.06, 0.94",-0.57%,-0.94,34
15,331,"0.08, 1.00","0.07, 0.93",-0.56%,-0.93,34
15,332,"0.00, 1.00","0.00, 1.00",-0.61%,-1.00,34
15,333,"0.00, 0.92","0.00, 1.00",-0.61%,-1.00,34
15,334,"0.05, 0.95","0.05, 0.95",-0.58%,-0.95,33
15,335,"0.00, 1.00","0.00, 1.00",-0.62%,-1.00,33
15,336,"0.00, 0.96","0.00, 1.00",-0.62%,-1.00,33
15,337,"0.04, 1.00","0.03, 0.97",-0.61%,-0.97,33
15,338,"0.00, 0.90","0.00, 1.00",-0.63%,-1.00,33
15,339,"0.00, 1.00","0.00, 1.00",-0.64%,-1.00,32
15,340,"0.02, 1.00","0.02, 0.98",-0.63%,-0.98,32
15,341,"0.00, 1.00","0.00, 1.00",-0.65%,-1.00,32
15,342,"0.00, 1.00","0.00, 1.00",-0.65%,-1.00,32
15,343,"0.00, 1.00","0.00, 1.00",-0.65%,-1.00,32
15,344,"0.00, 0.90","0.00, 1.00",-0.66%,-1.00,31
15,345,"0.00, 1.00","0.00, 1.00",-0.66%,-1.00,31
15,346,"0.00, 0.97","0.00, 1.00",-0.67%,-1.00,31
15,347,"0.00, 0.94","0.00, 1.00",-0.67%,-1.00,31
15,348,"0.02, 1.00","0.02, 0.98",-0.66%,-0.98,30
15,349,"0.00, 1.00","0.00, 1.00",-0.68%,-1.00,30
15,350,"0.00, 1.00","0.00, 1.00",-0.68%,-1.00,30
15,351,"0.03, 1.00","0.03, 0.97",-0.67%,-0.97,30
15,352,"0.05, 0.91","0.05, 0.95",-0.66%,-0.95,30
15,353,"0.00, 1.00","0.00, 1.00",-0.70%,-1.00,29
15,354,"0.00, 0.97","0.00, 1.00",-0.70%,-1.00,29
15,355,"0.01, 1.00","0.01, 0.99",-0.70%,-0.99,29
15,356,"0.10, 0.97","0.10, 0.90",-0.65%,-0.90,29
15,357,"0.08, 1.00","0.07, 0.93",-0.67%,-0.93,29
15,358,"0.00, 1.00","0.00, 1.00",-0.72%,-1.00,28
15,359,"0.05, 1.00","0.05, 0.95",-0.69%,-0.95,28
15,360,"0.02, 1.00","0.02, 0.98",-0.72%,-0.98,28
15,361,"0.00, 1.00","0.00, 1.00",-0.74%,-1.00,28
15,362,"0.00, 0.98","0.00, 1.00",-0.75%,-1.00,28
15,363,"0.07, 0.99","0.06, 0.94",-0.70%,-0.94,27
15,364,"0.01, 1.00","0.01, 0.99",-0.75%,-0.99,27
15,365,"0.02, 1.00","0.02, 0.98",-0.75%,-0.98,27
15,366,"0.00, 0.98","0.00, 1.00",-0.77%,-1.00,27
15,367,"0.00, 1.00","0.00, 1.00",-0.78%,-1.00,27
15,368,"0.00, 1.00","0.00, 1.00",-0.78%,-1.00,26
15,369,"0.02, 0.98","0.02, 0.98",-0.77%,-0.98,26
15,370,"0.06, 1.00","0.06, 0.94",-0.75%,-0.94,26
15,371,"0.07, 1.00","0.06, 0.94",-0.75%,-0.94,26
15,372,"0.00, 0.91","0.00, 1.00",-0.81%,-1.00,26
15,373,"0.00, 0.99","0.00, 1.00",-0.81%,-1.00,25
15,374,"0.11, 1.00","0.10, 0.90",-0.74%,-0.90,25
15,375,"0.05, 0.98","0.05, 0.95",-0.79%,-0.95,25
15,376,"0.08, 1.00","0.07, 0.93",-0.77%,-0.93,25
15,377,"0.00, 1.00","0.00, 1.00",-0.84%,-1.00,25
15,378,"0.00, 0.91","0.00, 1.00",-0.85%,-1.00,24
15,379,"0.00, 1.00","0.00, 1.00",-0.85%,-1.00,24
15,380,"0.00, 0.91","0.00, 1.00",-0.86%,-1.00,24
15,381,"0.00, 1.00","0.00, 1.00",-0.87%,-1.00,24
15,382,"0.10, 1.00","0.09, 0.91",-0.80%,-0.91,24
15,383,"0.00, 0.99","0.00, 1.00",-0.88%,-1.00,23
15,384,"0.00, 1.00","0.00, 1.00",-0.89%,-1.00,23
15,385,"0.00, 0.87","0.00, 1.00",-0.90%,-1.00,23
15,386,"0.03, 0.89","0.03, 0.97",-0.88%,-0.97,23
15,387,"0.00, 0.97","0.00, 1.00",-0.92%,-1.00,23
15,388,"0.04, 0.93","0.04, 0.96",-0.89%,-0.96,22
15,389,"0.10, 0.99","0.09, 0.91",-0.85%,-0.91,22
15,390,"0.00, 1.00","0.00, 1.00",-0.94%,-1.00,22
15,391,"0.00, 1.00","0.00, 1.00",-0.95%,-1.00,22
15,392,"0.00, 1.00","0.00, 1.00",-0.96%,-1.00,22
15,393,"0.07, 1.00","0.06, 0.94",-0.91%,-0.94,21
15,394,"0.08, 1.00","0.07, 0.93",-0.91%,-0.93,21
15,395,"0.00, 1.00","0.00, 1.00",-0.99%,-1.00,21
15,396,"0.00, 0.99","0.00, 1.00",-1.00%,-1.00,21
15,397,"0.02, 0.92","0.02, 0.98",-0.99%,-0.98,21
15,398,"0.05, 1.00","0.05, 0.95",-0.97%,-0.95,20
15,399,"0.00, 0.96","0.00, 1.00",-1.03%,-1.00,20
15,400,"0.11, 0.99","0.10, 0.90",-0.94%,-0.90,20
15,401,"0.04, 0.95","0.04, 0.96",-1.01%,-0.96,20
15,402,"0.00, 0.97","0.00, 1.00",-1.06%,-1.00,20
15,403,"0.00, 0.96","0.00, 1.00",-1.08%,-1.00,19
15,404,"0.00, 0.97","0.00, 1.00",-1.09%,-1.00,19
15,405,"0.07, 0.97","0.07, 0.93",-1.02%,-0.93,19
15,406,"0.07, 1.00","0.06, 0.94",-1.04%,-0.94,19
15,407,"0.01, 1.00","0.01, 0.99",-1.12%,-0.99,18
15,408,"0.00, 0.92","0.00, 1.00",-1.14%,-1.00,18
15,409,"0.00, 1.00","0.00, 1.00",-1.14%,-1.00,18
15,410,"0.00, 0.97","0.00, 1.00",-1.16%,-1.00,18
15,411,"0.00, 1.00","0.00, 1.00",-1.18%,-1.00,18
15,412,"0.07, 1.00","0.07, 0.93",-1.11%,-0.93,17
15,413,"0.05, 1.00","0.05, 0.95",-1.15%,-0.95,17
15,414,"0.02, 1.00","0.02, 0.98",-1.19%,-0.98,17
15,415,"0.00, 1.00","0.00, 1.00",-1.23%,-1.00,17
15,416,"0.00, 0.96","0.00, 1.00",-1.25%,-1.00,17
15,417,"0.00, 0.99","0.00, 1.00",-1.27%,-1.00,16
15,418,"0.00, 0.93","0.00, 1.00",-1.28%,-1.00,16
15,419,"0.00, 1.00","0.00, 1.00",-1.30%,-1.00,16
15,420,"0.02, 0.97","0.02, 0.98",-1.29%,-0.98,16
15,421,"0.00, 0.98","0.01, 0.99",-1.33%,-0.99,16
15,422,"0.00, 1.00","0.00, 1.00",-1.35%,-1.00,15
15,423,"0.04, 1.00","0.04, 0.96",-1.32%,-0.96,15
15,424,"0.00, 1.00","0.00, 1.00",-1.39%,-1.00,15
15,425,"0.00, 1.00","0.00, 1.00",-1.41%,-1.00,15
15,426,"0.03, 1.00","0.03, 0.97",-1.38%,-0.97,15
15,427,"0.07, 0.96","0.07, 0.93",-1.35%,-0.93,14
15,428,"0.00, 1.00","0.00, 1.00",-1.47%,-1.00,14
15,429,"0.00, 1.00","0.00, 1.00",-1.49%,-1.00,14
15,430,"0.02, 0.90","0.03, 0.97",-1.48%,-0.97,14
15,431,"0.01, 0.98","0.01, 0.99",-1.53%,-0.99,14
15,432,"0.08, 1.00","0.08, 0.92",-1.44%,-0.92,13
15,433,"0.08, 1.00","0.08, 0.92",-1.47%,-0.92,13
15,434,"0.08, 0.96","0.08, 0.92",-1.49%,-0.92,13
15,435,"0.04, 1.00","0.04, 0.96",-1.57%,-0.96,13
15,436,"0.05, 0.99","0.05, 0.95",-1.59%,-0.95,13
15,437,"0.00, 0.99","0.00, 1.00",-1.69%,-1.00,12
15,438,"0.02, 1.00","0.02, 0.98",-1.70%,-0.98,12
15,439,"0.00, 1.00","0.00, 1.00",-1.75%,-1.00,12
15,440,"0.00, 1.00","0.00, 1.00",-1.79%,-1.00,12
15,441,"0.00, 1.00","0.00, 1.00",-1.82%,-1.00,11
15,442,"0.00, 0.99","0.00, 1.00",-1.85%,-1.00,11
15,443,"0.00, 0.96","0.00, 1.00",-1.89%,-1.00,11
15,444,"0.02, 1.00","0.02, 0.98",-1.88%,-0.98,11
15,445,"0.00, 1.00","0.00, 1.00",-1.96%,-1.00,11
15,446,"0.04, 1.00","0.04, 0.96",-1.93%,-0.96,10
15,447,"0.01, 1.00","0.01, 0.99",-2.02%,-0.99,10
15,448,"0.00, 0.96","0.00, 1.00",-2.08%,-1.00,10
15,449,"0.00, 0.96","0.00, 1.00",-2.13%,-1.00,10
15,450,"0.02, 1.00","0.02, 0.98",-2.13%,-0.98,10
15,451,"0.00, 0.89","0.00, 1.00",-2.22%,-1.00,9
15,452,"0.00, 1.00","0.00, 1.00",-2.27%,-1.00,9
15,453,"0.00, 1.00","0.00, 1.00",-2.33%,-1.00,9
15,454,"0.02, 1.00","0.02, 0.98",-2.34%,-0.98,9
15,455,"0.00, 0.98","0.00, 1.00",-2.43%,-1.00,9
15,456,"0.02, 1.00","0.02, 0.98",-2.46%,-0.98,8
15,457,"0.09, 0.96","0.09, 0.91",-2.34%,-0.91,8
15,458,"0.00, 0.98","0.00, 1.00",-2.63%,-1.00,8
15,459,"0.00, 0.97","0.00, 1.00",-2.70%,-1.00,8
15,460,"0.04, 0.97","0.04, 0.96",-2.68%,-0.96,7
15,461,"0.01, 1.00","0.01, 0.99",-2.84%,-0.99,7
15,462,"0.05, 1.00","0.05, 0.95",-2.80%,-0.95,7
15,463,"0.08, 0.94","0.08, 0.92",-2.78%,-0.92,7
15,464,"0.03, 1.00","0.03, 0.97",-3.04%,-0.97,7
15,465,"0.00, 1.00","0.00, 1.00",-3.23%,-1.00,6
15,466,"0.00, 0.98","0.00, 1.00",-3.33%,-1.00,6
15,467,"0.00, 0.99","0.00, 1.00",-3.45%,-1.00,6
15,468,"0.02, 0.93","0.02, 0.98",-3.50%,-0.98,6
15,469,"0.08, 0.89","0.09, 0.91",-3.38%,-0.91,6
15,470,"0.00, 0.99","0.00, 1.00",-3.85%,-1.00,5
15,471,"0.00, 1.00","0.00, 1.00",-4.00%,-1.00,5
15,472,"0.00, 1.00","0.00, 1.00",-4.17%,-1.00,5
15,473,"0.00, 1.00","0.00, 1.00",-4.35%,-1.00,5
15,474,"0.01, 0.98","0.01, 0.99",-4.49%,-0.99,5
15,475,"0.06, 1.00","0.06, 0.94",-4.48%,-0.94,4
15,476,"0.00, 0.96","0.00, 1.00",-5.00%,-1.00,4
15,477,"0.00, 0.97","0.00, 1.00",-5.26%,-1.00,4
15,478,"0.06, 0.97","0.06, 0.94",-5.22%,-0.94,4
15,479,"0.03, 1.00","0.03, 0.97",-5.70%,-0.97,3
15,480,"0.04, 1.00","0.04, 0.96",-6.00%,-0.96,3
15,481,"0.02, 1.00","0.02, 0.98",-6.52%,-0.98,3
15,482,"0.00, 1.00","0.00, 1.00",-7.14%,-1.00,3
15,483,"0.03, 1.00","0.03, 0.97",-7.49%,-0.97,3
15,484,"0.00, 1.00","0.00, 1.00",-8.33%,-1.00,2
15,485,"0.05, 1.00","0.05, 0.95",-8.65%,-0.95,2
15,486,"0.05, 0.97","0.05, 0.95",-9.46%,-0.95,2
15,487,"0.04, 0.91","0.05, 0.95",-10.60%,-0.95,2
15,488,"0.00, 1.00","0.00, 1.00",-12.50%,-1.00,2
15,489,"0.02, 0.97","0.02, 0.98",-14.05%,-0.98,1
15,490,"0.00, 0.98","0.00, 1.00",-16.67%,-1.00,1
15,491,"0.02, 0.96","0.02, 0.98",-19.68%,-0.98,1
15,492,"0.00, 0.95","0.00, 1.00",-25.00%,-1.00,1
15,493,"0.03, 1.00","0.03, 0.97",-32.28%,-0.97,0
15,494,"0.01, 1.00","0.01, 0.99",-49.66%,-0.99,0
16,1,"0.50, 0.50","0.50, 0.50",-0.10%,-0.50,100
16,2,"0.00, 0.96","0.00, 1.00",-0.20%,-1.00,100
16,3,"0.03, 0.95","0.04, 0.96",-0.20%,-0.96,100
16,4,"0.01, 1.00","0.01, 0.99",-0.20%,-0.99,99
16,5,"0.00, 1.00","0.00, 1.00",-0.20%,-1.00,99
16,6,"0.07, 1.00","0.07, 0.93",-0.19%,-0.93,99
16,7,"0.00, 1.00","0.00, 1.00",-0.20%,-1.00,99
16,8,"0.00, 0.91","0.00, 1.00",-0.20%,-1.00,99
16,9,"0.00, 0.93","0.00, 1.00",-0.21%,-1.00,98
16,10,"0.00, 0.96","0.00, 1.00",-0.21%,-1.00,98
16,11,"0.00, 1.00","0.00, 1.00",-0.21%,-1.00,98
16,12,"0.00, 0.95","0.00, 1.00",-0.21%,-1.00,98
16,13,"0.00, 1.00","0.00, 1.00",-0.21%,-1.00,97
16,14,"0.03, 0.93","0.03, 0.97",-0.20%,-0.97,97
16,15,"0.00, 1.00","0.00, 1.00",-0.21%,-1.00,97
16,16,"0.03, 1.00","0.03, 0.97",-0.20%,-0.97,97
16,17,"0.07, 0.95","0.07, 0.93",-0.19%,-0.93,97
16,18,"0.01, 1.00","0.01, 0.99",-0.21%,-0.99,97
16,19,"0.00, 1.00","0.00, 1.00",-0.21%,-1.00,96
16,20,"0.00, 0.97","0.00, 1.00",-0.21%,-1.00,96
16,21,"0.00, 0.91","0.00, 1.00",-0.21%,-1.00,96
16,22,"0.00, 1.00","0.00, 1.00",-0.21%,-1.00,96
16,23,"0.00, 1.00","0.00, 1.00",-0.21%,-1.00,96
16,24,"0.02, 1.00","0.02, 0.98",-0.21%,-0.98,95
16,25,"0.00, 1.00","0.00, 1.00",-0.21%,-1.00,95
16,26,"0.05, 1.00","0.05, 0.95",-0.20%,-0.95,95
16,27,"0.00, 1.00","0.00, 1.00",-0.21%,-1.00,95
16,28,"0.03, 1.00","0.02, 0.98",-0.21%,-0.98,95
16,29,"0.06, 0.99","0.05, 0.95",-0.20%,-0.95,94
16,30,"0.00, 1.00","0.00, 1.00",-0.21%,-1.00,94
16,31,"0.03, 1.00","0.03, 0.97",-0.21%,-0.97,94
16,32,"0.07, 1.00","0.07, 0.93",-0.20%,-0.93,94
16,33,"0.00, 1.00","0.00, 1.00",-0.22%,-1.00,94
16,34,"0.00, 1.00","0.00, 1.00",-0.22%,-1.00,93
16,35,"0.00, 0.98","0.00, 1.00",-0.22%,-1.00,93
16,36,"0.00, 0.92","0.00, 1.00",-0.22%,-1.00,93
16,37,"0.00, 1.00","0.00, 1.00",-0.22%,-1.00,93
16,38,"0.00, 1.00","0.00, 1.00",-0.22%,-1.00,93
16,39,"0.00, 1.00","0.00, 1.00",-0.22%,-1.00,92
16,40,"0.00, 0.97","0.00, 1.00",-0.22%,-1.00,92
16,41,"0.08, 1.00","0.07, 0.93",-0.20%,-0.93,92
16,42,"0.02, 0.98","0.02, 0.98",-0.22%,-0.98,92
16,43,"0.08, 0.93","0.08, 0.92",-0.20%,-0.92,92
16,44,"0.11, 0.94","0.10, 0.90",-0.20%,-0.90,91
16,45,"0.05, 1.00","0.05, 0.95",-0.21%,-0.95,91
16,46,"0.03, 0.94","0.03, 0.97",-0.21%,-0.97,91
16,47,"0.03, 0.98","0.03, 0.97",-0.22%,-0.97,91
16,48,"0.06, 1.00","0.06, 0.94",-0.21%,-0.94,91
16,49,"0.00, 1.00","0.00, 1.00",-0.22%,-1.00,90
16,50,"0.07, 0.92","0.07, 0.93",-0.21%,-0.93,90
16,51,"0.03, 1.00","0.03, 0.97",-0.22%,-0.97,90
16,52,"0.00, 0.98","0.00, 1.00",-0.23%,-1.00,90
16,53,"0.02, 0.94","0.02, 0.98",-0.22%,-0.98,90
16,54,"0.09, 0.90","0.09, 0.91",-0.21%,-0.91,89
16,55,"0.07, 1.00","0.07, 0.93",-0.21%,-0.93,89
16,56,"0.04, 0.97","0.04, 0.96",-0.22%,-0.96,89
16,57,"0.01, 0.98","0.01, 0.99",-0.23%,-0.99,89
16,58,"0.06, 1.00","0.06, 0.94",-0.21%,-0.94,89
16,59,"0.00, 0.96","0.00, 1.00",-0.23%,-1.00,88
16,60,"0.01, 0.95","0.01, 0.99",-0.23%,-0.99,88
16,61,"0.00, 1.00","0.00, 1.00",-0.23%,-1.00,88
16,62,"0.00, 0.99","0.00, 1.00",-0.23%,-1.00,88
16,63,"0.00, 0.97","0.00, 1.00",-0.23%,-1.00,88
16,64,"0.00, 1.00","0.00, 1.00",-0.23%,-1.00,87
16,65,"0.00, 1.00","0.00, 1.00",-0.23%,-1.00,87
16,66,"0.00, 1.00","0.00, 1.00",-0.23%,-1.00,87
16,67,"0.01, 1.00","0.01, 0.99",-0.23%,-0.99,87
16,68,"0.04, 1.00","0.03, 0.97",-0.23%,-0.97,87
16,69,"0.02, 1.00","0.02, 0.98",-0.23%,-0.98,86
16,70,"0.00, 0.96","0.00, 1.00",-0.23%,-1.00,86
16,71,"0.00, 1.00","0.00, 1.00",-0.24%,-1.00,86
16,72,"0.08, 1.00","0.07, 0.93",-0.22%,-0.93,86
16,73,"0.00, 1.00","0.00, 1.00",-0.24%,-1.00,86
16,74,"0.06, 1.00","0.05, 0.95",-0.22%,-0.95,85
16,75,"0.01, 0.99","0.01, 0.99",-0.24%,-0.99,85
16,76,"0.00, 1.00","0.00, 1.00",-0.24%,-1.00,85
16,77,"0.03, 0.94","0.04, 0.96",-0.23%,-0.96,85
16,78,"0.00, 1.00","0.00, 1.00",-0.24%,-1.00,85
16,79,"0.00, 0.90","0.00, 1.00",-0.24%,-1.00,84
16,80,"0.00, 0.99","0.00, 1.00",-0.24%,-1.00,84
16,81,"0.07, 0.95","0.07, 0.93",-0.22%,-0.93,84
16,82,"0.00, 0.94","0.00, 1.00",-0.24%,-1.00,84
16,83,"0.00, 0.98","0.00, 1.00",-0.24%,-1.00,84
16,84,"0.01, 0.96","0.01, 0.99",-0.24%,-0.99,83
16,85,"0.00, 1.00","0.00, 1.00",-0.24%,-1.00,83
16,86,"0.00, 1.00","0.00, 1.00",-0.24%,-1.00,83
16,87,"0.09, 0.93","0.09, 0.91",-0.22%,-0.91,83
16,88,"0.00, 0.95","0.00, 1.00",-0.25%,-1.00,83
16,89,"0.00, 1.00","0.00, 1.00",-0.25%,-1.00,82
16,90,"0.10, 1.00","0.09, 0.91",-0.22%,-0.91,82
16,91,"0.00, 0.96","0.00, 1.00",-0.25%,-1.00,82
16,92,"0.06, 1.00","0.05, 0.95",-0.23%,-0.95,82
16,93,"0.00, 1.00","0.00, 1.00",-0.25%,-1.00,82
16,94,"0.14, 0.96","0.12, 0.88",-0.22%,-0.88,81
16,95,"0.00, 0.92","0.00, 1.00",-0.25%,-1.00,81
16,96,"0.00, 0.96","0.00, 1.00",-0.25%,-1.00,81
16,97,"0.01, 0.98","0.01, 0.99",-0.25%,-0.99,81
16,98,"0.00, 1.00","0.00, 1.00",-0.25%,-1.00,81
16,99,"0.04, 1.00","0.04, 0.96",-0.24%,-0.96,80
16,100,"0.00, 0.95","0.00, 1.00",-0.25%,-1.00,80
16,101,"0.00, 0.98","0.00, 1.00",-0.25%,-1.00,80
16,102,"0.00, 1.00","0.00, 1.00",-0.25%,-1.00,80
16,103,"0.04, 1.00","0.04, 0.96",-0.24%,-0.96,80
16,104,"0.04, 0.99","0.04, 0.96",-0.24%,-0.96,79
16,105,"0.01, 1.00","0.01, 0.99",-0.25%,-0.99,79
16,106,"0.02, 0.97","0.02, 0.98",-0.25%,-0.98,79
16,107,"0.00, 1.00","0.00, 1.00",-0.26%,-1.00,79
16,108,"0.10, 1.00","0.09, 0.91",-0.24%,-0.91,79
16,109,"0.00, 0.97","0.00, 1.00",-0.26%,-1.00,78
16,110,"0.00, 0.95","0.00, 1.00",-0.26%,-1.00,78
16,111,"0.00, 1.00","0.00, 1.00",-0.26%,-1.00,78
16,112,"0.00, 1.00","0.00, 1.00",-0.26%,-1.00,78
16,113,"0.00, 1.00","0.00, 1.00",-0.26%,-1.00,78
16,114,"0.00, 0.97","0.00, 1.00",-0.26%,-1.00,77
16,115,"0.00, 0.94","0.00, 1.00",-0.26%,-1.00,77
16,116,"0.05, 0.89","0.05, 0.95",-0.25%,-0.95,77
16,117,"0.10, 0.99","0.09, 0.91",-0.24%,-0.91,77
16,118,"0.06, 0.93","0.06, 0.94",-0.25%,-0.94,77
16,119,"0.00, 1.00","0.00, 1.00",-0.27%,-1.00,76
16,120,"0.06, 0.87","0.07, 0.93",-0.25%,-0.93,76
16,121,"0.08, 1.00","0.08, 0.92",-0.25%,-0.92,76
16,122,"0.04, 1.00","0.04, 0.96",-0.26%,-0.96,76
16,123,"0.01, 1.00","0.01, 0.99",-0.27%,-0.99,76
16,124,"0.06, 1.00","0.05, 0.95",-0.25%,-0.95,76
16,125,"0.00, 0.90","0.00, 1.00",-0.27%,-1.00,75
16,126,"0.00, 1.00","0.00, 1.00",-0.27%,-1.00,75
16,127,"0.01, 0.99","0.01, 0.99",-0.27%,-0.99,75
16,128,"0.00, 0.93","0.00, 1.00",-0.27%,-1.00,75
16,129,"0.00, 0.90","0.00, 1.00",-0.27%,-1.00,74
16,130,"0.00, 0.96","0.00, 1.00",-0.27%,-1.00,74
16,131,"0.00, 1.00","0.00, 1.00",-0.27%,-1.00,74
16,132,"0.06, 1.00","0.06, 0.94",-0.26%,-0.94,74
16,133,"0.02, 1.00","0.02, 0.98",-0.27%,-0.98,74
16,134,"0.00, 0.96","0.00, 1.00",-0.28%,-1.00,73
16,135,"0.00, 0.95","0.00, 1.00",-0.28%,-1.00,73
16,136,"0.01, 0.99","0.01, 0.99",-0.27%,-0.99,73
16,137,"0.01, 0.96","0.01, 0.99",-0.27%,-0.99,73
16,138,"0.05, 1.00","0.05, 0.95",-0.27%,-0.95,73
16,139,"0.00, 0.94","0.00, 1.00",-0.28%,-1.00,72
16,140,"0.00, 0.96","0.00, 1.00",-0.28%,-1.00,72
16,141,"0.00, 1.00","0.00, 1.00",-0.28%,-1.00,72
16,142,"0.00, 1.00","0.00, 1.00",-0.28%,-1.00,72
16,143,"0.02, 1.00","0.02, 0.98",-0.28%,-0.98,72
16,144,"0.04, 1.00","0.04, 0.96",-0.27%,-0.96,71
16,145,"0.07, 1.00","0.06, 0.94",-0.27%,-0.94,71
16,146,"0.02, 1.00","0.02, 0.98",-0.28%,-0.98,71
16,147,"0.06, 0.93","0.06, 0.94",-0.27%,-0.94,71
16,148,"0.02, 0.99","0.02, 0.98",-0.28%,-0.98,71
16,149,"0.00, 1.00","0.00, 1.00",-0.29%,-1.00,70
16,150,"0.00, 0.97","0.00, 1.00",-0.29%,-1.00,70
16,151,"0.00, 0.98","0.00, 1.00",-0.29%,-1.00,70
16,152,"0.01, 0.92","0.01, 0.99",-0.29%,-0.99,70
16,153,"0.04, 0.89","0.04, 0.96",-0.28%,-0.96,70
16,154,"0.00, 1.00","0.00, 1.00",-0.29%,-1.00,69
16,155,"0.00, 1.00","0.00, 1.00",-0.29%,-1.00,69
16,156,"0.00, 1.00","0.00, 1.00",-0.29%,-1.00,69
16,157,"0.00, 1.00","0.00, 1.00",-0.29%,-1.00,69
16,158,"0.02, 0.90","0.02, 0.98",-0.29%,-0.98,69
16,159,"0.00, 1.00","0.00, 1.00",-0.30%,-1.00,68
16,160,"0.00, 1.00","0.00, 1.00",-0.30%,-1.00,68
16,161,"0.05, 0.92","0.05, 0.95",-0.28%,-0.95,68
16,162,"0.02, 0.90","0.02, 0.98",-0.29%,-0.98,68
16,163,"0.00, 1.00","0.00, 1.00",-0.30%,-1.00,68
16,164,"0.07, 0.95","0.07, 0.93",-0.28%,-0.93,67
16,165,"0.01, 1.00","0.01, 0.99",-0.30%,-0.99,67
16,166,"0.00, 1.00","0.00, 1.00",-0.30%,-1.00,67
16,167,"0.00, 0.94","0.00, 1.00",-0.30%,-1.00,67
16,168,"0.00, 1.00","0.00, 1.00",-0.30%,-1.00,67
16,169,"0.00, 0.96","0.00, 1.00",-0.31%,-1.00,66
16,170,"0.00, 1.00","0.00, 1.00",-0.31%,-1.00,66
16,171,"0.00, 0.95","0.00, 1.00",-0.31%,-1.00,66
16,172,"0.00, 1.00","0.00, 1.00",-0.31%,-1.00,66
16,173,"0.04, 1.00","0.04, 0.96",-0.30%,-0.96,66
16,174,"0.06, 0.93","0.06, 0.94",-0.29%,-0.94,65
16,175,"0.00, 1.00","0.00, 1.00",-0.31%,-1.00,65
16,176,"0.00, 0.99","0.00, 1.00",-0.31%,-1.00,65
16,177,"0.00, 0.92","0.00, 1.00",-0.31%,-1.00,65
16,178,"0.01, 1.00","0.01, 0.99",-0.31%,-0.99,65
16,179,"0.00, 0.93","0.00, 1.00",-0.32%,-1.00,64
16,180,"0.06, 0.97","0.06, 0.94",-0.30%,-0.94,64
16,181,"0.05, 0.99","0.05, 0.95",-0.30%,-0.95,64
16,182,"0.00, 1.00","0.00, 1.00",-0.32%,-1.00,64
16,183,"0.00, 0.98","0.00, 1.00",-0.32%,-1.00,64
16,184,"0.00, 1.00","0.00, 1.00",-0.32%,-1.00,63
16,185,"0.08, 1.00","0.07, 0.93",-0.30%,-0.93,63
16,186,"0.00, 0.95","0.00, 1.00",-0.32%,-1.00,63
16,187,"0.03, 1.00","0.03, 0.97",-0.32%,-0.97,63
16,188,"0.00, 1.00","0.00, 1.00",-0.32%,-1.00,63
16,189,"0.03, 1.00","0.03, 0.97",-0.32%,-0.97,62
16,190,"0.00, 0.98","0.00, 1.00",-0.33%,-1.00,62
16,191,"0.00, 0.97","0.00, 1.00",-0.33%,-1.00,62
16,192,"0.12, 1.00","0.11, 0.89",-0.29%,-0.89,62
16,193,"0.04, 0.99","0.04, 0.96",-0.32%,-0.96,62
16,194,"0.01, 0.99","0.01, 0.99",-0.33%,-0.99,61
16,195,"0.00, 0.95","0.00, 1.00",-0.33%,-1.00,61
16,196,"0.00, 0.95","0.00, 1.00",-0.33%,-1.00,61
16,197,"0.03, 1.00","0.03, 0.97",-0.32%,-0.97,61
16,198,"0.00, 0.99","0.00, 1.00",-0.34%,-1.00,61
16,199,"0.01, 1.00","0.01, 0.99",-0.33%,-0.99,60
16,200,"0.00, 1.00","0.00, 1.00",-0.34%,-1.00,60
16,201,"0.03, 1.00","0.03, 0.97",-0.33%,-0.97,60
16,202,"0.09, 1.00","0.08, 0.92",-0.31%,-0.92,60
16,203,"0.03, 1.00","0.03, 0.97",-0.33%,-0.97,60
16,204,"0.00, 1.00","0.00, 1.00",-0.34%,-1.00,59
16,205,"0.08, 0.94","0.07, 0.93",-0.32%,-0.93,59
16,206,"0.08, 1.00","0.07, 0.93",-0.32%,-0.93,59
16,207,"0.00, 0.99","0.00, 1.00",-0.35%,-1.00,59
16,208,"0.00, 1.00","0.00, 1.00",-0.35%,-1.00,59
16,209,"0.00, 0.97","0.00, 1.00",-0.35%,-1.00,58
16,210,"0.00, 1.00","0.00, 1.00",-0.35%,-1.00,58
16,211,"0.04, 0.97","0.04, 0.96",-0.34%,-0.96,58
16,212,"0.10, 1.00","0.09, 0.91",-0.32%,-0.91,58
16,213,"0.00, 0.97","0.00, 1.00",-0.35%,-1.00,58
16,214,"0.02, 1.00","0.02, 0.98",-0.35%,-0.98,57
16,215,"0.01, 1.00","0.01, 0.99",-0.35%,-0.99,57
16,216,"0.00, 1.00","0.00, 1.00",-0.36%,-1.00,57
16,217,"0.06, 0.99","0.05, 0.95",-0.34%,-0.95,57
16,218,"0.06, 0.99","0.06, 0.94",-0.34%,-0.94,57
16,219,"0.00, 1.00","0.00, 1.00",-0.36%,-1.00,56
16,220,"0.00, 0.98","0.00, 1.00",-0.36%,-1.00,56
16,221,"0.02, 0.93","0.02, 0.98",-0.36%,-0.98,56
16,222,"0.00, 0.96","0.00, 1.00",-0.36%,-1.00,56
16,223,"0.11, 0.95","0.10, 0.90",-0.33%,-0.90,56
16,224,"0.04, 0.90","0.04, 0.96",-0.35%,-0.96,55
16,225,"0.00, 1.00","0.00, 1.00",-0.37%,-1.00,55
16,226,"0.00, 1.00","0.00, 1.00",-0.37%,-1.00,55
16,227,"0.00, 1.00","0.00, 1.00",-0.37%,-1.00,55
16,228,"0.00, 1.00","0.00, 1.00",-0.37%,-1.00,55
16,229,"0.00, 0.91","0.00, 1.00",-0.37%,-1.00,54
16,230,"0.00, 1.00","0.00, 1.00",-0.38%,-1.00,54
16,231,"0.00, 0.99","0.00, 1.00",-0.38%,-1.00,54
16,232,"0.03, 0.99","0.03, 0.97",-0.37%,-0.97,54
16,233,"0.00, 0.98","0.00, 1.00",-0.38%,-1.00,54
16,234,"0.01, 0.99","0.01, 0.99",-0.38%,-0.99,53
16,235,"0.03, 1.00","0.03, 0.97",-0.37%,-0.97,53
16,236,"0.06, 0.98","0.06, 0.94",-0.36%,-0.94,53
16,237,"0.00, 0.99","0.00, 1.00",-0.39%,-1.00,53
16,238,"0.00, 0.96","0.00, 1.00",-0.39%,-1.00,53
16,239,"0.05, 1.00","0.04, 0.96",-0.37%,-0.96,52
16,240,"0.00, 0.97","0.00, 1.00",-0.39%,-1.00,52
16,241,"0.12, 0.98","0.11, 0.89",-0.35%,-0.89,52
16,242,"0.00, 1.00","0.00, 1.00",-0.39%,-1.00,52
16,243,"0.00, 0.96","0.00, 1.00",-0.40%,-1.00,52
16,244,"0.00, 0.99","0.00, 1.00",-0.40%,-1.00,51
16,245,"0.11, 1.00","0.10, 0.90",-0.36%,-0.90,51
16,246,"0.00, 0.97","0.00, 1.00",-0.40%,-1.00,51
16,247,"0.01, 0.96","0.01, 0.99",-0.40%,-0.99,51
16,248,"0.00, 0.90","0.00, 1.00",-0.40%,-1.00,51
16,249,"0.02, 0.93","0.02, 0.98",-0.40%,-0.98,50
16,250,"0.02, 0.95","0.02, 0.98",-0.40%,-0.98,50
16,251,"0.00, 1.00","0.00, 1.00",-0.41%,-1.00,50
16,252,"0.02, 0.91","0.02, 0.98",-0.40%,-0.98,50
16,253,"0.02, 1.00","0.02, 0.98",-0.41%,-0.98,50
16,254,"0.07, 0.95","0.07, 0.93",-0.39%,-0.93,49
16,255,"0.00, 0.96","0.00, 1.00",-0.41%,-1.00,49
16,256,"0.00, 1.00","0.00, 1.00",-0.42%,-1.00,49
16,257,"0.00, 1.00","0.00, 1.00",-0.42%,-1.00,49
16,258,"0.00, 1.00","0.00, 1.00",-0.42%,-1.00,49
16,259,"0.01, 0.99","0.01, 0.99",-0.42%,-0.99,48
16,260,"0.00, 1.00","0.00, 1.00",-0.42%,-1.00,48
16,261,"0.03, 0.95","0.03, 0.97",-0.41%,-0.97,48
16,262,"0.01, 0.96","0.01, 0.99",-0.42%,-0.99,48
16,263,"0.04, 1.00","0.04, 0.96",-0.41%,-0.96,48
16,264,"0.00, 1.00","0.00, 1.00",-0.43%,-1.00,47
16,265,"0.00, 1.00","0.00, 1.00",-0.43%,-1.00,47
16,266,"0.01, 1.00","0.01, 0.99",-0.43%,-0.99,47
16,267,"0.00, 0.93","0.00, 1.00",-0.44%,-1.00,47
16,268,"0.00, 1.00","0.00, 1.00",-0.44%,-1.00,47
16,269,"0.04, 1.00","0.04, 0.96",-0.42%,-0.96,46
16,270,"0.03, 1.00","0.03, 0.97",-0.43%,-0.97,46
16,271,"0.00, 1.00","0.00, 1.00",-0.44%,-1.00,46
16,272,"0.00, 1.00","0.00, 1.00",-0.45%,-1.00,46
16,273,"0.00, 1.00","0.00, 1.00",-0.45%,-1.00,46
16,274,"0.02, 0.99","0.02, 0.98",-0.44%,-0.98,45
16,275,"0.07, 0.95","0.07, 0.93",-0.42%,-0.93,45
16,276,"0.00, 0.96","0.00, 1.00",-0.45%,-1.00,45
16,277,"0.00, 0.95","0.00, 1.00",-0.46%,-1.00,45
16,278,"0.00, 1.00","0.00, 1.00",-0.46%,-1.00,45
16,279,"0.00, 0.92","0.00, 1.00",-0.46%,-1.00,44
16,280,"0.06, 0.97","0.06, 0.94",-0.43%,-0.94,44
16,281,"0.02, 0.98","0.02, 0.98",-0.46%,-0.98,44
16,282,"0.05, 0.99","0.05, 0.95",-0.44%,-0.95,44
16,283,"0.03, 1.00","0.03, 0.97",-0.46%,-0.97,44
16,284,"0.01, 1.00","0.01, 0.99",-0.47%,-0.99,43
16,285,"0.00, 0.93","0.00, 1.00",-0.47%,-1.00,43
16,286,"0.00, 0.95","0.00, 1.00",-0.48%,-1.00,43
16,287,"0.00, 0.98","0.00, 1.00",-0.48%,-1.00,43
16,288,"0.07, 1.00","0.06, 0.94",-0.45%,-0.94,43
16,289,"0.03, 1.00","0.03, 0.97",-0.47%,-0.97,42
16,290,"0.00, 0.97","0.00, 1.00",-0.48%,-1.00,42
16,291,"0.00, 1.00","0.00, 1.00",-0.49%,-1.00,42
16,292,"0.07, 0.99","0.07, 0.93",-0.46%,-0.93,42
16,293,"0.00, 1.00","0.00, 1.00",-0.49%,-1.00,42
16,294,"0.03, 1.00","0.03, 0.97",-0.48%,-0.97,41
16,295,"0.00, 1.00","0.00, 1.00",-0.50%,-1.00,41
16,296,"0.06, 1.00","0.06, 0.94",-0.47%,-0.94,41
16,297,"0.00, 0.94","0.00, 1.00",-0.50%,-1.00,41
16,298,"0.02, 0.95","0.02, 0.98",-0.49%,-0.98,41
16,299,"0.00, 1.00","0.00, 1.00",-0.51%,-1.00,40
16,300,"0.01, 1.00","0.01, 0.99",-0.51%,-0.99,40
16,301,"0.00, 1.00","0.00, 1.00",-0.51%,-1.00,40
16,302,"0.08, 0.91","0.08, 0.92",-0.48%,-0.92,40
16,303,"0.05, 0.98","0.05, 0.95",-0.49%,-0.95,40
16,304,"0.01, 0.97","0.01, 0.99",-0.52%,-0.99,39
16,305,"0.05, 0.96","0.05, 0.95",-0.50%,-0.95,39
16,306,"0.03, 0.97","0.03, 0.97",-0.51%,-0.97,39
16,307,"0.00, 0.94","0.00, 1.00",-0.53%,-1.00,39
16,308,"0.00, 1.00","0.00, 1.00",-0.53%,-1.00,39
16,309,"0.00, 0.98","0.00, 1.00",-0.53%,-1.00,38
16,310,"0.02, 0.95","0.02, 0.98",-0.53%,-0.98,38
16,311,"0.06, 0.92","0.07, 0.93",-0.50%,-0.93,38
16,312,"0.01, 1.00","0.01, 0.99",-0.54%,-0.99,38
16,313,"0.05, 1.00","0.05, 0.95",-0.52%,-0.95,38
16,314,"0.06, 1.00","0.05, 0.95",-0.52%,-0.95,37
16,315,"0.00, 1.00","0.00, 1.00",-0.55%,-1.00,37
16,316,"0.00, 1.00","0.00, 1.00",-0.56%,-1.00,37
16,317,"0.05, 0.94","0.05, 0.95",-0.53%,-0.95,37
16,318,"0.05, 1.00","0.05, 0.95",-0.53%,-0.95,37
16,319,"0.00, 1.00","0.00, 1.00",-0.56%,-1.00,36
16,320,"0.08, 0.94","0.08, 0.92",-0.52%,-0.92,36
16,321,"0.02, 1.00","0.02, 0.98",-0.56%,-0.98,36
16,322,"0.00, 0.97","0.00, 1.00",-0.57%,-1.00,36
16,323,"0.00, 1.00","0.00, 1.00",-0.58%,-1.00,36
16,324,"0.00, 0.99","0.00, 1.00",-0.58%,-1.00,35
16,325,"0.03, 1.00","0.03, 0.97",-0.57%,-0.97,35
16,326,"0.00, 1.00","0.00, 1.00",-0.59%,-1.00,35
16,327,"0.00, 1.00","0.00, 1.00",-0.59%,-1.00,35
16,328,"0.00, 1.00","0.00, 1.00",-0.60%,-1.00,35
16,329,"0.00, 1.00","0.00, 1.00",-0.60%,-1.00,34
16,330,"0.00, 1.00","0.00, 1.00",-0.60%,-1.00,34
16,331,"0.04, 1.00","0.04, 0.96",-0.58%,-0.96,34
16,332,"0.00, 0.94","0.00, 1.00",-0.61%,-1.00,34
16,333,"0.00, 0.97","0.00, 1.00",-0.61%,-1.00,33
16,334,"0.00, 1.00","0.00, 1.00",-0.62%,-1.00,33
16,335,"0.13, 1.00","0.11, 0.89",-0.55%,-0.89,33
16,336,"0.06, 1.00","0.06, 0.94",-0.59%,-0.94,33
16,337,"0.00, 1.00","0.00, 1.00",-0.63%,-1.00,33
16,338,"0.01, 1.00","0.01, 0.99",-0.63%,-0.99,32
16,339,"0.00, 1.00","0.00, 1.00",-0.64%,-1.00,32
16,340,"0.00, 0.98","0.00, 1.00",-0.64%,-1.00,32
16,341,"0.04, 1.00","0.04, 0.96",-0.62%,-0.96,32
16,342,"0.05, 1.00","0.05, 0.95",-0.62%,-0.95,32
16,343,"0.11, 1.00","0.10, 0.90",-0.59%,-0.90,31
16,344,"0.01, 0.93","0.01, 0.99",-0.65%,-0.99,31
16,345,"0.10, 0.95","0.10, 0.90",-0.60%,-0.90,31
16,346,"0.06, 0.97","0.06, 0.94",-0.63%,-0.94,31
16,347,"0.00, 1.00","0.00, 1.00",-0.67%,-1.00,31
16,348,"0.00, 1.00","0.00, 1.00",-0.68%,-1.00,30
16,349,"0.00, 1.00","0.00, 1.00",-0.68%,-1.00,30
16,350,"0.02, 1.00","0.02, 0.98",-0.67%,-0.98,30
16,351,"0.02, 1.00","0.02, 0.98",-0.68%,-0.98,30
16,352,"0.00, 0.94","0.00, 1.00",-0.69%,-1.00,30
16,353,"0.00, 0.95","0.00, 1.00",-0.70%,-1.00,29
16,354,"0.00, 0.94","0.00, 1.00",-0.70%,-1.00,29
16,355,"0.04, 0.98","0.04, 0.96",-0.68%,-0.96,29
16,356,"0.00, 0.95","0.00, 1.00",-0.71%,-1.00,29
16,357,"0.00, 1.00","0.00, 1.00",-0.72%,-1.00,29
16,358,"0.02, 1.00","0.01, 0.99",-0.71%,-0.99,28
16,359,"0.00, 1.00","0.00, 1.00",-0.73%,-1.00,28
16,360,"0.00, 1.00","0.00, 1.00",-0.74%,-1.00,28
16,361,"0.01, 1.00","0.01, 0.99",-0.73%,-0.99,28
16,362,"0.00, 0.87","0.00, 1.00",-0.75%,-1.00,28
16,363,"0.00, 1.00","0.00, 1.00",-0.75%,-1.00,27
16,364,"0.00, 1.00","0.00, 1.00",-0.76%,-1.00,27
16,365,"0.00, 1.00","0.00, 1.00",-0.76%,-1.00,27
16,366,"0.00, 1.00","0.00, 1.00",-0.77%,-1.00,27
16,367,"0.00, 0.94","0.00, 1.00",-0.78%,-1.00,27
16,368,"0.09, 0.95","0.08, 0.92",-0.72%,-0.92,26
16,369,"0.02, 0.99","0.02, 0.98",-0.77%,-0.98,26
16,370,"0.06, 0.98","0.06, 0.94",-0.75%,-0.94,26
16,371,"0.10, 1.00","0.09, 0.91",-0.72%,-0.91,26
16,372,"0.00, 0.94","0.00, 1.00",-0.81%,-1.00,26
16,373,"0.00, 0.86","0.00, 1.00",-0.81%,-1.00,25
16,374,"0.03, 1.00","0.03, 0.97",-0.79%,-0.97,25
16,375,"0.02, 1.00","0.02, 0.98",-0.81%,-0.98,25
16,376,"0.00, 0.97","0.00, 1.00",-0.83%,-1.00,25
16,377,"0.00, 0.96","0.00, 1.00",-0.84%,-1.00,25
16,378,"0.00, 1.00","0.00, 1.00",-0.85%,-1.00,24
16,379,"0.00, 1.00","0.00, 1.00",-0.85%,-1.00,24
16,380,"0.00, 1.00","0.00, 1.00",-0.86%,-1.00,24
16,381,"0.00, 1.00","0.00, 1.00",-0.87%,-1.00,24
16,382,"0.02, 1.00","0.02, 0.98",-0.86%,-0.98,24
16,383,"0.00, 1.00","0.00, 1.00",-0.88%,-1.00,23
16,384,"0.00, 1.00","0.00, 1.00",-0.89%,-1.00,23
16,385,"0.00, 0.99","0.00, 1.00",-0.90%,-1.00,23
16,386,"0.06, 1.00","0.06, 0.94",-0.86%,-0.94,23
16,387,"0.00, 1.00","0.00, 1.00",-0.92%,-1.00,22
16,388,"0.00, 1.00","0.00, 1.00",-0.92%,-1.00,22
16,389,"0.00, 0.94","0.00, 1.00",-0.93%,-1.00,22
16,390,"0.08, 0.97","0.07, 0.93",-0.87%,-0.93,22
16,391,"0.08, 0.93","0.08, 0.92",-0.88%,-0.92,22
16,392,"0.00, 1.00","0.00, 1.00",-0.96%,-1.00,21
16,393,"0.05, 0.98","0.05, 0.95",-0.92%,-0.95,21
16,394,"0.00, 0.94","0.00, 1.00",-0.98%,-1.00,21
16,395,"0.00, 0.99","0.00, 1.00",-0.99%,-1.00,21
16,396,"0.04, 0.93","0.04, 0.96",-0.96%,-0.96,21
16,397,"0.02, 0.93","0.02, 0.98",-0.99%,-0.98,20
16,398,"0.00, 0.94","0.00, 1.00",-1.02%,-1.00,20
16,399,"0.00, 1.00","0.00, 1.00",-1.03%,-1.00,20
16,400,"0.04, 1.00","0.04, 0.96",-1.00%,-0.96,20
16,401,"0.00, 0.94","0.00, 1.00",-1.05%,-1.00,20
16,402,"0.00, 0.93","0.00, 1.00",-1.06%,-1.00,19
16,403,"0.00, 0.99","0.00, 1.00",-1.08%,-1.00,19
16,404,"0.03, 1.00","0.03, 0.97",-1.06%,-0.97,19
16,405,"0.06, 0.96","0.06, 0.94",-1.03%,-0.94,19
16,406,"0.03, 0.96","0.03, 0.97",-1.08%,-0.97,19
16,407,"0.05, 1.00","0.05, 0.95",-1.07%,-0.95,18
16,408,"0.00, 0.97","0.00, 1.00",-1.14%,-1.00,18
16,409,"0.00, 0.99","0.00, 1.00",-1.15%,-1.00,18
16,410,"0.00, 1.00","0.00, 1.00",-1.16%,-1.00,18
16,411,"0.00, 1.00","0.00, 1.00",-1.18%,-1.00,18
16,412,"0.00, 1.00","0.00, 1.00",-1.19%,-1.00,17
16,413,"0.00, 1.00","0.00, 1.00",-1.20%,-1.00,17
16,414,"0.08, 1.00","0.08, 0.92",-1.13%,-0.92,17
16,415,"0.03, 0.99","0.03, 0.97",-1.20%,-0.97,17
16,416,"0.00, 1.00","0.00, 1.00",-1.25%,-1.00,17
16,417,"0.05, 1.00","0.04, 0.96",-1.21%,-0.96,16
16,418,"0.00, 0.97","0.00, 1.00",-1.28%,-1.00,16
16,419,"0.00, 0.95","0.00, 1.00",-1.30%,-1.00,16
16,420,"0.02, 1.00","0.02, 0.98",-1.29%,-0.98,16
16,421,"0.00, 0.93","0.00, 1.00",-1.33%,-1.00,16
16,422,"0.00, 1.00","0.00, 1.00",-1.35%,-1.00,15
16,423,"0.08, 0.94","0.08, 0.92",-1.26%,-0.92,15
16,424,"0.01, 1.00","0.01, 0.99",-1.37%,-0.99,15
16,425,"0.02, 0.89","0.02, 0.98",-1.37%,-0.98,15
16,426,"0.00, 1.00","0.00, 1.00",-1.43%,-1.00,14
16,427,"0.03, 0.96","0.03, 0.97",-1.41%,-0.97,14
16,428,"0.00, 1.00","0.00, 1.00",-1.47%,-1.00,14
16,429,"0.00, 0.94","0.00, 1.00",-1.49%,-1.00,14
16,430,"0.00, 1.00","0.00, 1.00",-1.52%,-1.00,14
16,431,"0.00, 0.93","0.00, 1.00",-1.54%,-1.00,13
16,432,"0.00, 1.00","0.00, 1.00",-1.56%,-1.00,13
16,433,"0.00, 1.00","0.00, 1.00",-1.59%,-1.00,13
16,434,"0.04, 0.93","0.04, 0.96",-1.55%,-0.96,13
16,435,"0.01, 1.00","0.01, 0.99",-1.63%,-0.99,13
16,436,"0.00, 1.00","0.00, 1.00",-1.67%,-1.00,12
16,437,"0.02, 0.93","0.02, 0.98",-1.67%,-0.98,12
16,438,"0.00, 0.99","0.00, 1.00",-1.72%,-1.00,12
16,439,"0.09, 0.93","0.08, 0.92",-1.61%,-0.92,12
16,440,"0.00, 1.00","0.00, 1.00",-1.79%,-1.00,12
16,441,"0.00, 1.00","0.00, 1.00",-1.82%,-1.00,11
16,442,"0.00, 0.99","0.00, 1.00",-1.85%,-1.00,11
16,443,"0.00, 0.91","0.00, 1.00",-1.89%,-1.00,11
16,444,"0.01, 0.98","0.01, 0.99",-1.90%,-0.99,11
16,445,"0.00, 0.99","0.00, 1.00",-1.96%,-1.00,11
16,446,"0.01, 0.99","0.01, 0.99",-1.99%,-0.99,10
16,447,"0.04, 1.00","0.04, 0.96",-1.96%,-0.96,10
16,448,"0.04, 1.00","0.04, 0.96",-1.99%,-0.96,10
16,449,"0.04, 0.94","0.05, 0.95",-2.03%,-0.95,10
16,450,"0.00, 1.00","0.00, 1.00",-2.17%,-1.00,10
16,451,"0.03, 1.00","0.03, 0.97",-2.16%,-0.97,9
16,452,"0.03, 1.00","0.03, 0.97",-2.21%,-0.97,9
16,453,"0.00, 0.93","0.00, 1.00",-2.33%,-1.00,9
16,454,"0.03, 1.00","0.03, 0.97",-2.32%,-0.97,9
16,455,"0.00, 0.91","0.00, 1.00",-2.44%,-1.00,8
16,456,"0.00, 1.00","0.00, 1.00",-2.50%,-1.00,8
16,457,"0.00, 0.97","0.00, 1.00",-2.56%,-1.00,8
16,458,"0.04, 1.00","0.04, 0.96",-2.53%,-0.96,8
16,459,"0.01, 1.00","0.01, 0.99",-2.67%,-0.99,8
16,460,"0.00, 0.94","0.00, 1.00",-2.78%,-1.00,7
16,461,"0.00, 1.00","0.00, 1.00",-2.86%,-1.00,7
16,462,"0.00, 0.96","0.00, 1.00",-2.94%,-1.00,7
16,463,"0.00, 0.94","0.00, 1.00",-3.03%,-1.00,7
16,464,"0.00, 1.00","0.00, 1.00",-3.12%,-1.00,7
16,465,"0.00, 1.00","0.00, 1.00",-3.23%,-1.00,6
16,466,"0.00, 1.00","0.00, 1.00",-3.32%,-1.00,6
16,467,"0.00, 0.95","0.00, 1.00",-3.45%,-1.00,6
16,468,"0.04, 1.00","0.04, 0.96",-3.42%,-0.96,6
16,469,"0.00, 0.98","0.00, 1.00",-3.70%,-1.00,6
16,470,"0.00, 1.00","0.00, 1.00",-3.85%,-1.00,5
16,471,"0.04, 1.00","0.04, 0.96",-3.85%,-0.96,5
16,472,"0.00, 1.00","0.00, 1.00",-4.17%,-1.00,5
16,473,"0.03, 0.96","0.03, 0.97",-4.23%,-0.97,5
16,474,"0.02, 1.00","0.02, 0.98",-4.47%,-0.98,4
16,475,"0.00, 0.96","0.00, 1.00",-4.76%,-1.00,4
16,476,"0.00, 0.97","0.00, 1.00",-5.00%,-1.00,4
16,477,"0.00, 1.00","0.00, 1.00",-5.26%,-1.00,4
16,478,"0.02, 0.96","0.02, 0.98",-5.45%,-0.98,4
16,479,"0.00, 1.00","0.00, 1.00",-5.88%,-1.00,3
16,480,"0.00, 1.00","0.00, 1.00",-6.25%,-1.00,3
16,481,"0.01, 1.00","0.01, 0.99",-6.59%,-0.99,3
16,482,"0.00, 0.96","0.00, 1.00",-7.14%,-1.00,3
16,483,"0.00, 1.00","0.00, 1.00",-7.69%,-1.00,3
16,484,"0.00, 1.00","0.00, 1.00",-8.33%,-1.00,2
16,485,"0.00, 1.00","0.00, 1.00",-9.09%,-1.00,2
16,486,"0.00, 0.90","0.00, 1.00",-10.00%,-1.00,2
16,487,"0.00, 1.00","0.00, 1.00",-11.11%,-1.00,2
16,488,"0.03, 1.00","0.03, 0.97",-12.16%,-0.97,2
16,489,"0.00, 1.00","0.00, 1.00",-14.29%,-1.00,1
16,490,"0.02, 1.00","0.02, 0.98",-16.41%,-0.98,1
16,491,"0.00, 1.00","0.00, 1.00",-20.00%,-1.00,1
16,492,"0.03, 1.00","0.03, 0.97",-24.30%,-0.97,1
16,493,"0.01, 1.00","0.01, 0.99",-32.89%,-0.99,0
16,494,"0.00, 0.91","0.00, 1.00",-50.00%,-1.00,0
17,1,"0.50, 0.50","0.50, 0.50",-0.10%,-0.50,100
17,2,"0.01, 1.00","0.01, 0.99",-0.20%,-0.99,100
17,3,"0.00, 0.97","0.00, 1.00",-0.20%,-1.00,99
17,4,"0.06, 0.94","0.06, 0.94",-0.19%,-0.94,99
17,5,"0.00, 1.00","0.00, 1.00",-0.20%,-1.00,99
17,6,"0.00, 0.96","0.00, 1.00",-0.20%,-1.00,99
17,7,"0.00, 1.00","0.00, 1.00",-0.20%,-1.00,99
17,8,"0.04, 1.00","0.04, 0.96",-0.20%,-0.96,99
17,9,"0.00, 0.93","0.00, 1.00",-0.21%,-1.00,98
17,10,"0.00, 1.00","0.00, 1.00",-0.21%,-1.00,98
17,11,"0.08, 0.95","0.08, 0.92",-0.19%,-0.92,98
17,12,"0.00, 0.90","0.00, 1.00",-0.21%,-1.00,98
17,13,"0.00, 1.00","0.00, 1.00",-0.21%,-1.00,98
17,14,"0.01, 1.00","0.01, 0.99",-0.21%,-0.99,97
17,15,"0.05, 1.00","0.05, 0.95",-0.20%,-0.95,97
17,16,"0.00, 1.00","0.00, 1.00",-0.21%,-1.00,97
17,17,"0.09, 0.99","0.09, 0.91",-0.19%,-0.91,97
17,18,"0.05, 1.00","0.05, 0.95",-0.20%,-0.95,97
17,19,"0.06, 0.91","0.06, 0.94",-0.20%,-0.94,96
17,20,"0.00, 0.94","0.00, 1.00",-0.21%,-1.00,96
17,21,"0.00, 0.97","0.00, 1.00",-0.21%,-1.00,96
17,22,"0.00, 0.99","0.00, 1.00",-0.21%,-1.00,96
17,23,"0.09, 1.00","0.09, 0.91",-0.19%,-0.91,96
17,24,"0.03, 1.00","0.03, 0.97",-0.21%,-0.97,95
17,25,"0.01, 0.95","0.01, 0.99",-0.21%,-0.99,95
17,26,"0.02, 0.94","0.02, 0.98",-0.21%,-0.98,95
17,27,"0.03, 0.96","0.03, 0.97",-0.21%,-0.97,95
17,28,"0.00, 1.00","0.00, 1.00",-0.21%,-1.00,95
17,29,"0.05, 0.98","0.05, 0.95",-0.20%,-0.95,94
17,30,"0.00, 0.98","0.00, 1.00",-0.21%,-1.00,94
17,31,"0.05, 1.00","0.05, 0.95",-0.21%,-0.95,94
17,32,"0.00, 1.00","0.00, 1.00",-0.22%,-1.00,94
17,33,"0.00, 0.92","0.00, 1.00",-0.22%,-1.00,94
17,34,"0.06, 1.00","0.06, 0.94",-0.20%,-0.94,93
17,35,"0.01, 0.97","0.01, 0.99",-0.22%,-0.99,93
17,36,"0.06, 1.00","0.05, 0.95",-0.21%,-0.95,93
17,37,"0.05, 0.94","0.05, 0.95",-0.21%,-0.95,93
17,38,"0.00, 1.00","0.00, 1.00",-0.22%,-1.00,93
17,39,"0.04, 0.92","0.04, 0.96",-0.21%,-0.96,92
17,40,"0.00, 0.92","0.00, 1.00",-0.22%,-1.00,92
17,41,"0.03, 1.00","0.03, 0.97",-0.21%,-0.97,92
17,42,"0.00, 1.00","0.00, 1.00",-0.22%,-1.00,92
17,43,"0.00, 0.98","0.00, 1.00",-0.22%,-1.00,92
17,44,"0.00, 0.95","0.00, 1.00",-0.22%,-1.00,91
17,45,"0.00, 1.00","0.00, 1.00",-0.22%,-1.00,91
17,46,"0.00, 1.00","0.00, 1.00",-0.22%,-1.00,91
17,47,"0.01, 1.00","0.01, 0.99",-0.22%,-0.99,91
17,48,"0.01, 1.00","0.01, 0.99",-0.22%,-0.99,91
17,49,"0.00, 0.97","0.00, 1.00",-0.22%,-1.00,90
17,50,"0.00, 1.00","0.00, 1.00",-0.22%,-1.00,90
17,51,"0.00, 1.00","0.00, 1.00",-0.22%,-1.00,90
17,52,"0.00, 1.00","0.00, 1.00",-0.23%,-1.00,90
17,53,"0.00, 0.98","0.00, 1.00",-0.23%,-1.00,90
17,54,"0.00, 0.97","0.00, 1.00",-0.23%,-1.00,89
17,55,"0.00, 1.00","0.00, 1.00",-0.23%,-1.00,89
17,56,"0.00, 0.97","0.00, 1.00",-0.23%,-1.00,89
17,57,"0.00, 0.97","0.00, 1.00",-0.23%,-1.00,89
17,58,"0.08, 1.00","0.07, 0.93",-0.21%,-0.93,89
17,59,"0.05, 0.99","0.05, 0.95",-0.22%,-0.95,88
17,60,"0.00, 1.00","0.00, 1.00",-0.23%,-1.00,88
17,61,"0.00, 0.99","0.00, 1.00",-0.23%,-1.00,88
17,62,"0.00, 1.00","0.00, 1.00",-0.23%,-1.00,88
17,63,"0.02, 1.00","0.02, 0.98",-0.23%,-0.98,88
17,64,"0.06, 1.00","0.06, 0.94",-0.22%,-0.94,87
17,65,"0.00, 0.95","0.00, 1.00",-0.23%,-1.00,87
17,66,"0.00, 1.00","0.00, 1.00",-0.23%,-1.00,87
17,67,"0.00, 1.00","0.00, 1.00",-0.23%,-1.00,87
17,68,"0.06, 0.95","0.06, 0.94",-0.22%,-0.94,87
17,69,"0.02, 1.00","0.02, 0.98",-0.23%,-0.98,86
17,70,"0.02, 0.97","0.02, 0.98",-0.23%,-0.98,86
17,71,"0.00, 0.99","0.00, 1.00",-0.24%,-1.00,86
17,72,"0.05, 1.00","0.05, 0.95",-0.22%,-0.95,86
17,73,"0.00, 0.90","0.00, 1.00",-0.24%,-1.00,86
17,74,"0.04, 1.00","0.04, 0.96",-0.23%,-0.96,85
17,75,"0.00, 1.00","0.00, 1.00",-0.24%,-1.00,85
17,76,"0.00, 1.00","0.00, 1.00",-0.24%,-1.00,85
17,77,"0.00, 1.00","0.00, 1.00",-0.24%,-1.00,85
17,78,"0.05, 0.99","0.05, 0.95",-0.23%,-0.95,85
17,79,"0.00, 0.98","0.00, 1.00",-0.24%,-1.00,84
17,80,"0.01, 0.92","0.01, 0.99",-0.24%,-0.99,84
17,81,"0.06, 0.95","0.06, 0.94",-0.23%,-0.94,84
17,82,"0.01, 1.00","0.01, 0.99",-0.24%,-0.99,84
17,83,"0.00, 0.96","0.00, 1.00",-0.24%,-1.00,84
17,84,"0.00, 0.99","0.00, 1.00",-0.24%,-1.00,83
17,85,"0.00, 0.93","0.00, 1.00",-0.24%,-1.00,83
17,86,"0.00, 0.96","0.00, 1.00",-0.24%,-1.00,83
17,87,"0.00, 1.00","0.00, 1.00",-0.24%,-1.00,83
17,88,"0.00, 0.97","0.00, 1.00",-0.25%,-1.00,83
17,89,"0.00, 1.00","0.00, 1.00",-0.25%,-1.00,82
17,90,"0.05, 0.97","0.05, 0.95",-0.23%,-0.95,82
17,91,"0.00, 0.99","0.00, 1.00",-0.25%,-1.00,82
17,92,"0.00, 0.99","0.00, 1.00",-0.25%,-1.00,82
17,93,"0.10, 1.00","0.09, 0.91",-0.22%,-0.91,82
17,94,"0.06, 0.98","0.06, 0.94",-0.23%,-0.94,81
17,95,"0.04, 0.98","0.04, 0.96",-0.24%,-0.96,81
17,96,"0.00, 0.99","0.00, 1.00",-0.25%,-1.00,81
17,97,"0.00, 1.00","0.00, 1.00",-0.25%,-1.00,81
17,98,"0.00, 1.00","0.00, 1.00",-0.25%,-1.00,81
17,99,"0.02, 1.00","0.02, 0.98",-0.25%,-0.98,80
17,100,"0.05, 1.00","0.04, 0.96",-0.24%,-0.96,80
17,101,"0.00, 1.00","0.00, 1.00",-0.25%,-1.00,80
17,102,"0.02, 0.90","0.02, 0.98",-0.25%,-0.98,80
17,103,"0.07, 1.00","0.07, 0.93",-0.24%,-0.93,80
17,104,"0.00, 0.99","0.00, 1.00",-0.26%,-1.00,79
17,105,"0.00, 1.00","0.00, 1.00",-0.26%,-1.00,79
17,106,"0.00, 1.00","0.00, 1.00",-0.26%,-1.00,79
17,107,"0.00, 0.99","0.00, 1.00",-0.26%,-1.00,79
17,108,"0.00, 0.96","0.00, 1.00",-0.26%,-1.00,79
17,109,"0.00, 1.00","0.00, 1.00",-0.26%,-1.00,78
17,110,"0.05, 0.99","0.05, 0.95",-0.25%,-0.95,78
17,111,"0.04, 1.00","0.04, 0.96",-0.25%,-0.96,78
17,112,"0.02, 0.95","0.02, 0.98",-0.26%,-0.98,78
17,113,"0.00, 1.00","0.00, 1.00",-0.26%,-1.00,78
17,114,"0.00, 1.00","0.00, 1.00",-0.26%,-1.00,77
17,115,"0.02, 0.99","0.02, 0.98",-0.26%,-0.98,77
17,116,"0.00, 1.00","0.00, 1.00",-0.26%,-1.00,77
17,117,"0.06, 0.98","0.06, 0.94",-0.25%,-0.94,77
17,118,"0.00, 1.00","0.00, 1.00",-0.26%,-1.00,77
17,119,"0.01, 0.95","0.01, 0.99",-0.26%,-0.99,76
17,120,"0.00, 1.00","0.00, 1.00",-0.27%,-1.00,76
17,121,"0.00, 1.00","0.00, 1.00",-0.27%,-1.00,76
17,122,"0.00, 1.00","0.00, 1.00",-0.27%,-1.00,76
17,123,"0.00, 1.00","0.00, 1.00",-0.27%,-1.00,76
17,124,"0.07, 1.00","0.06, 0.94",-0.25%,-0.94,75
17,125,"0.00, 0.95","0.00, 1.00",-0.27%,-1.00,75
17,126,"0.00, 1.00","0.00, 1.00",-0.27%,-1.00,75
17,127,"0.00, 1.00","0.00, 1.00",-0.27%,-1.00,75
17,128,"0.01, 1.00","0.01, 0.99",-0.27%,-0.99,75
17,129,"0.00, 0.95","0.00, 1.00",-0.27%,-1.00,74
17,130,"0.02, 0.93","0.03, 0.97",-0.27%,-0.97,74
17,131,"0.00, 0.98","0.00, 1.00",-0.27%,-1.00,74
17,132,"0.00, 0.99","0.00, 1.00",-0.27%,-1.00,74
17,133,"0.02, 0.99","0.02, 0.98",-0.27%,-0.98,74
17,134,"0.00, 0.99","0.00, 1.00",-0.28%,-1.00,73
17,135,"0.00, 1.00","0.00, 1.00",-0.28%,-1.00,73
17,136,"0.00, 1.00","0.00, 1.00",-0.28%,-1.00,73
17,137,"0.00, 1.00","0.00, 1.00",-0.28%,-1.00,73
17,138,"0.06, 1.00","0.06, 0.94",-0.26%,-0.94,73
17,139,"0.04, 0.92","0.04, 0.96",-0.27%,-0.96,72
17,140,"0.00, 1.00","0.00, 1.00",-0.28%,-1.00,72
17,141,"0.04, 1.00","0.03, 0.97",-0.27%,-0.97,72
17,142,"0.04, 1.00","0.04, 0.96",-0.27%,-0.96,72
17,143,"0.00, 0.97","0.00, 1.00",-0.28%,-1.00,72
17,144,"0.02, 1.00","0.02, 0.98",-0.28%,-0.98,71
17,145,"0.00, 0.95","0.00, 1.00",-0.28%,-1.00,71
17,146,"0.01, 1.00","0.01, 0.99",-0.28%,-0.99,71
17,147,"0.00, 0.97","0.00, 1.00",-0.29%,-1.00,71
17,148,"0.00, 0.95","0.00, 1.00",-0.29%,-1.00,71
17,149,"0.08, 1.00","0.07, 0.93",-0.27%,-0.93,70
17,150,"0.01, 0.96","0.01, 0.99",-0.29%,-0.99,70
17,151,"0.00, 0.94","0.00, 1.00",-0.29%,-1.00,70
17,152,"0.00, 0.97","0.00, 1.00",-0.29%,-1.00,70
17,153,"0.02, 0.96","0.02, 0.98",-0.29%,-0.98,70
17,154,"0.00, 0.98","0.00, 1.00",-0.29%,-1.00,69
17,155,"0.01, 1.00","0.01, 0.99",-0.29%,-0.99,69
17,156,"0.00, 0.98","0.00, 1.00",-0.29%,-1.00,69
17,157,"0.01, 1.00","0.01, 0.99",-0.29%,-0.99,69
17,158,"0.00, 1.00","0.00, 1.00",-0.30%,-1.00,69
17,159,"0.00, 1.00","0.00, 1.00",-0.30%,-1.00,68
17,160,"0.00, 1.00","0.00, 1.00",-0.30%,-1.00,68
17,161,"0.01, 1.00","0.01, 0.99",-0.29%,-0.99,68
17,162,"0.05, 0.92","0.05, 0.95",-0.28%,-0.95,68
17,163,"0.00, 1.00","0.00, 1.00",-0.30%,-1.00,68
17,164,"0.00, 1.00","0.00, 1.00",-0.30%,-1.00,67
17,165,"0.00, 1.00","0.00, 1.00",-0.30%,-1.00,67
17,166,"0.06, 1.00","0.06, 0.94",-0.29%,-0.94,67
17,167,"0.00, 0.97","0.00, 1.00",-0.30%,-1.00,67
17,168,"0.00, 1.00","0.00, 1.00",-0.30%,-1.00,67
17,169,"0.00, 0.98","0.00, 1.00",-0.31%,-1.00,66
17,170,"0.03, 0.94","0.03, 0.97",-0.30%,-0.97,66
17,171,"0.00, 0.94","0.00, 1.00",-0.31%,-1.00,66
17,172,"0.00, 1.00","0.00, 1.00",-0.31%,-1.00,66
17,173,"0.00, 0.96","0.00, 1.00",-0.31%,-1.00,66
17,174,"0.04, 0.90","0.05, 0.95",-0.30%,-0.95,65
17,175,"0.08, 0.98","0.08, 0.92",-0.29%,-0.92,65
17,176,"0.00, 0.99","0.00, 1.00",-0.31%,-1.00,65
17,177,"0.00, 0.96","0.00, 1.00",-0.31%,-1.00,65
17,178,"0.03, 1.00","0.03, 0.97",-0.30%,-0.97,65
17,179,"0.01, 0.99","0.01, 0.99",-0.31%,-0.99,64
17,180,"0.00, 1.00","0.00, 1.00",-0.32%,-1.00,64
17,181,"0.00, 1.00","0.00, 1.00",-0.32%,-1.00,64
17,182,"0.00, 1.00","0.00, 1.00",-0.32%,-1.00,64
17,183,"0.00, 1.00","0.00, 1.00",-0.32%,-1.00,64
17,184,"0.07, 1.00","0.07, 0.93",-0.30%,-0.93,63
17,185,"0.00, 0.94","0.00, 1.00",-0.32%,-1.00,63
17,186,"0.00, 0.97","0.00, 1.00",-0.32%,-1.00,63
17,187,"0.00, 0.95","0.00, 1.00",-0.32%,-1.00,63
17,188,"0.07, 0.97","0.07, 0.93",-0.30%,-0.93,63
17,189,"0.00, 0.95","0.00, 1.00",-0.33%,-1.00,62
17,190,"0.00, 0.95","0.00, 1.00",-0.33%,-1.00,62
17,191,"0.00, 1.00","0.00, 1.00",-0.33%,-1.00,62
17,192,"0.05, 1.00","0.04, 0.96",-0.31%,-0.96,62
17,193,"0.00, 0.96","0.00, 1.00",-0.33%,-1.00,62
17,194,"0.03, 1.00","0.02, 0.98",-0.32%,-0.98,61
17,195,"0.09, 1.00","0.08, 0.92",-0.30%,-0.92,61
17,196,"0.02, 0.92","0.02, 0.98",-0.33%,-0.98,61
17,197,"0.04, 0.98","0.04, 0.96",-0.32%,-0.96,61
17,198,"0.00, 1.00","0.00, 1.00",-0.34%,-1.00,61
17,199,"0.00, 1.00","0.00, 1.00",-0.34%,-1.00,60
17,200,"0.03, 1.00","0.03, 0.97",-0.33%,-0.97,60
17,201,"0.04, 1.00","0.04, 0.96",-0.33%,-0.96,60
17,202,"0.00, 1.00","0.00, 1.00",-0.34%,-1.00,60
17,203,"0.00, 0.96","0.00, 1.00",-0.34%,-1.00,60
17,204,"0.01, 0.93","0.01, 0.99",-0.34%,-0.99,59
17,205,"0.00, 1.00","0.00, 1.00",-0.34%,-1.00,59
17,206,"0.00, 1.00","0.00, 1.00",-0.34%,-1.00,59
17,207,"0.02, 0.97","0.02, 0.98",-0.34%,-0.98,59
17,208,"0.04, 0.98","0.04, 0.96",-0.33%,-0.96,59
17,209,"0.00, 0.98","0.00, 1.00",-0.35%,-1.00,58
17,210,"0.00, 0.92","0.00, 1.00",-0.35%,-1.00,58
17,211,"0.07, 1.00","0.07, 0.93",-0.33%,-0.93,58
17,212,"0.09, 0.97","0.08, 0.92",-0.32%,-0.92,58
17,213,"0.00, 1.00","0.00, 1.00",-0.35%,-1.00,58
17,214,"0.07, 0.92","0.07, 0.93",-0.33%,-0.93,57
17,215,"0.00, 1.00","0.00, 1.00",-0.36%,-1.00,57
17,216,"0.11, 1.00","0.10, 0.90",-0.32%,-0.90,57
17,217,"0.00, 1.00","0.00, 1.00",-0.36%,-1.00,57
17,218,"0.02, 1.00","0.02, 0.98",-0.35%,-0.98,57
17,219,"0.00, 0.96","0.00, 1.00",-0.36%,-1.00,56
17,220,"0.00, 0.99","0.00, 1.00",-0.36%,-1.00,56
17,221,"0.09, 0.93","0.08, 0.92",-0.33%,-0.92,56
17,222,"0.00, 1.00","0.00, 1.00",-0.36%,-1.00,56
17,223,"0.04, 1.00","0.04, 0.96",-0.35%,-0.96,56
17,224,"0.00, 0.99","0.00, 1.00",-0.37%,-1.00,55
17,225,"0.00, 1.00","0.00, 1.00",-0.37%,-1.00,55
17,226,"0.00, 1.00","0.00, 1.00",-0.37%,-1.00,55
17,227,"0.00, 0.96","0.00, 1.00",-0.37%,-1.00,55
17,228,"0.02, 0.98","0.02, 0.98",-0.36%,-0.98,55
17,229,"0.01, 1.00","0.01, 0.99",-0.37%,-0.99,54
17,230,"0.03, 1.00","0.03, 0.97",-0.37%,-0.97,54
17,231,"0.01, 0.93","0.02, 0.98",-0.37%,-0.98,54
17,232,"0.04, 1.00","0.03, 0.97",-0.37%,-0.97,54
17,233,"0.01, 0.92","0.01, 0.99",-0.38%,-0.99,54
17,234,"0.02, 1.00","0.02, 0.98",-0.38%,-0.98,53
17,235,"0.00, 1.00","0.00, 1.00",-0.38%,-1.00,53
17,236,"0.02, 1.00","0.02, 0.98",-0.38%,-0.98,53
17,237,"0.00, 0.98","0.00, 1.00",-0.39%,-1.00,53
17,238,"0.00, 1.00","0.00, 1.00",-0.39%,-1.00,53
17,239,"0.00, 0.89","0.00, 1.00",-0.39%,-1.00,52
17,240,"0.00, 0.93","0.00, 1.00",-0.39%,-1.00,52
17,241,"0.05, 1.00","0.05, 0.95",-0.37%,-0.95,52
17,242,"0.02, 1.00","0.02, 0.98",-0.39%,-0.98,52
17,243,"0.04, 1.00","0.04, 0.96",-0.38%,-0.96,52
17,244,"0.00, 0.97","0.00, 1.00",-0.40%,-1.00,51
17,245,"0.00, 0.97","0.00, 1.00",-0.40%,-1.00,51
17,246,"0.01, 0.90","0.01, 0.99",-0.40%,-0.99,51
17,247,"0.00, 0.97","0.00, 1.00",-0.40%,-1.00,51
17,248,"0.02, 1.00","0.02, 0.98",-0.40%,-0.98,51
17,249,"0.03, 0.94","0.03, 0.97",-0.39%,-0.97,50
17,250,"0.00, 1.00","0.00, 1.00",-0.41%,-1.00,50
17,251,"0.00, 1.00","0.00, 1.00",-0.41%,-1.00,50
17,252,"0.09, 1.00","0.09, 0.91",-0.37%,-0.91,50
17,253,"0.07, 1.00","0.07, 0.93",-0.38%,-0.93,50
17,254,"0.01, 1.00","0.01, 0.99",-0.41%,-0.99,49
17,255,"0.03, 0.98","0.03, 0.97",-0.40%,-0.97,49
17,256,"0.06, 1.00","0.06, 0.94",-0.39%,-0.94,49
17,257,"0.11, 0.99","0.10, 0.90",-0.38%,-0.90,49
17,258,"0.00, 1.00","0.00, 1.00",-0.42%,-1.00,49
17,259,"0.00, 0.97","0.00, 1.00",-0.42%,-1.00,48
17,260,"0.00, 1.00","0.00, 1.00",-0.42%,-1.00,48
17,261,"0.10, 1.00","0.09, 0.91",-0.39%,-0.91,48
17,262,"0.00, 1.00","0.00, 1.00",-0.43%,-1.00,48
17,263,"0.03, 1.00","0.03, 0.97",-0.42%,-0.97,48
17,264,"0.00, 1.00","0.00, 1.00",-0.43%,-1.00,47
17,265,"0.00, 0.99","0.00, 1.00",-0.43%,-1.00,47
17,266,"0.00, 1.00","0.00, 1.00",-0.43%,-1.00,47
17,267,"0.00, 0.95","0.00, 1.00",-0.44%,-1.00,47
17,268,"0.00, 1.00","0.00, 1.00",-0.44%,-1.00,47
17,269,"0.09, 1.00","0.08, 0.92",-0.41%,-0.92,46
17,270,"0.00, 1.00","0.00, 1.00",-0.44%,-1.00,46
17,271,"0.00, 1.00","0.00, 1.00",-0.44%,-1.00,46
17,272,"0.00, 1.00","0.00, 1.00",-0.45%,-1.00,46
17,273,"0.01, 1.00","0.01, 0.99",-0.44%,-0.99,46
17,274,"0.00, 0.86","0.00, 1.00",-0.45%,-1.00,45
17,275,"0.00, 0.98","0.00, 1.00",-0.45%,-1.00,45
17,276,"0.00, 1.00","0.00, 1.00",-0.45%,-1.00,45
17,277,"0.00, 1.00","0.00, 1.00",-0.46%,-1.00,45
17,278,"0.01, 0.99","0.01, 0.99",-0.45%,-0.99,44
17,279,"0.00, 0.94","0.00, 1.00",-0.46%,-1.00,44
17,280,"0.00, 1.00","0.00, 1.00",-0.46%,-1.00,44
17,281,"0.04, 0.94","0.04, 0.96",-0.45%,-0.96,44
17,282,"0.00, 1.00","0.00, 1.00",-0.47%,-1.00,44
17,283,"0.00, 1.00","0.00, 1.00",-0.47%,-1.00,43
17,284,"0.04, 0.98","0.04, 0.96",-0.45%,-0.96,43
17,285,"0.00, 1.00","0.00, 1.00",-0.47%,-1.00,43
17,286,"0.01, 1.00","0.01, 0.99",-0.47%,-0.99,43
17,287,"0.00, 1.00","0.00, 1.00",-0.48%,-1.00,43
17,288,"0.00, 1.00","0.00, 1.00",-0.48%,-1.00,42
17,289,"0.00, 0.92","0.00, 1.00",-0.48%,-1.00,42
17,290,"0.00, 0.96","0.00, 1.00",-0.49%,-1.00,42
17,291,"0.00, 0.99","0.00, 1.00",-0.49%,-1.00,42
17,292,"0.03, 0.97","0.03, 0.97",-0.48%,-0.97,42
17,293,"0.08, 1.00","0.07, 0.93",-0.46%,-0.93,41
17,294,"0.02, 1.00","0.02, 0.98",-0.49%,-0.98,41
17,295,"0.03, 1.00","0.03, 0.97",-0.48%,-0.97,41
17,296,"0.00, 1.00","0.00, 1.00",-0.50%,-1.00,41
17,297,"0.00, 0.98","0.00, 1.00",-0.50%,-1.00,41
17,298,"0.00, 1.00","0.00, 1.00",-0.51%,-1.00,40
17,299,"0.02, 0.99","0.02, 0.98",-0.50%,-0.98,40
17,300,"0.01, 1.00","0.01, 0.99",-0.50%,-0.99,40
17,301,"0.03, 0.96","0.03, 0.97",-0.50%,-0.97,40
17,302,"0.00, 0.97","0.00, 1.00",-0.52%,-1.00,40
17,303,"0.03, 0.94","0.03, 0.97",-0.50%,-0.97,39
17,304,"0.00, 1.00","0.00, 1.00",-0.52%,-1.00,39
17,305,"0.00, 0.96","0.00, 1.00",-0.52%,-1.00,39
17,306,"0.06, 1.00","0.05, 0.95",-0.50%,-0.95,39
17,307,"0.00, 1.00","0.00, 1.00",-0.53%,-1.00,39
17,308,"0.07, 0.98","0.06, 0.94",-0.50%,-0.94,38
17,309,"0.06, 0.90","0.06, 0.94",-0.50%,-0.94,38
17,310,"0.00, 0.99","0.00, 1.00",-0.54%,-1.00,38
17,311,"0.00, 1.00","0.00, 1.00",-0.54%,-1.00,38
17,312,"0.00, 1.00","0.00, 1.00",-0.54%,-1.00,38
17,313,"0.00, 1.00","0.00, 1.00",-0.55%,-1.00,37
17,314,"0.00, 1.00","0.00, 1.00",-0.55%,-1.00,37
17,315,"0.05, 0.96","0.05, 0.95",-0.52%,-0.95,37
17,316,"0.00, 0.97","0.00, 1.00",-0.56%,-1.00,37
17,317,"0.00, 1.00","0.00, 1.00",-0.56%,-1.00,37
17,318,"0.05, 1.00","0.05, 0.95",-0.54%,-0.95,36
17,319,"0.00, 0.97","0.00, 1.00",-0.56%,-1.00,36
17,320,"0.00, 1.00","0.00, 1.00",-0.57%,-1.00,36
17,321,"0.08, 1.00","0.08, 0.92",-0.53%,-0.92,36
17,322,"0.00, 0.97","0.00, 1.00",-0.57%,-1.00,36
17,323,"0.00, 0.98","0.00, 1.00",-0.58%,-1.00,35
17,324,"0.00, 0.98","0.00, 1.00",-0.58%,-1.00,35
17,325,"0.07, 0.97","0.07, 0.93",-0.54%,-0.93,35
17,326,"0.00, 0.91","0.00, 1.00",-0.59%,-1.00,35
17,327,"0.00, 1.00","0.00, 1.00",-0.59%,-1.00,35
17,328,"0.03, 1.00","0.03, 0.97",-0.58%,-0.97,34
17,329,"0.00, 1.00","0.00, 1.00",-0.60%,-1.00,34
17,330,"0.00, 0.99","0.00, 1.00",-0.60%,-1.00,34
17,331,"0.00, 1.00","0.00, 1.00",-0.61%,-1.00,34
17,332,"0.08, 1.00","0.07, 0.93",-0.57%,-0.93,34
17,333,"0.00, 0.97","0.00, 1.00",-0.61%,-1.00,33
17,334,"0.00, 0.87","0.00, 1.00",-0.62%,-1.00,33
17,335,"0.00, 1.00","0.00, 1.00",-0.62%,-1.00,33
17,336,"0.07, 1.00","0.07, 0.93",-0.58%,-0.93,33
17,337,"0.05, 0.98","0.05, 0.95",-0.60%,-0.95,33
17,338,"0.04, 0.93","0.04, 0.96",-0.61%,-0.96,32
17,339,"0.00, 0.94","0.00, 1.00",-0.64%,-1.00,32
17,340,"0.06, 0.96","0.06, 0.94",-0.60%,-0.94,32
17,341,"0.04, 0.97","0.04, 0.96",-0.62%,-0.96,32
17,342,"0.08, 1.00","0.07, 0.93",-0.60%,-0.93,32
17,343,"0.00, 1.00","0.00, 1.00",-0.65%,-1.00,31
17,344,"0.09, 0.94","0.08, 0.92",-0.60%,-0.92,31
17,345,"0.00, 0.98","0.00, 1.00",-0.66%,-1.00,31
17,346,"0.00, 1.00","0.00, 1.00",-0.67%,-1.00,31
17,347,"0.05, 1.00","0.05, 0.95",-0.64%,-0.95,31
17,348,"0.00, 0.94","0.00, 1.00",-0.68%,-1.00,30
17,349,"0.02, 1.00","0.02, 0.98",-0.67%,-0.98,30
17,350,"0.00, 0.97","0.00, 1.00",-0.68%,-1.00,30
17,351,"0.00, 0.99","0.00, 1.00",-0.69%,-1.00,30
17,352,"0.00, 1.00","0.00, 1.00",-0.69%,-1.00,30
17,353,"0.01, 0.98","0.01, 0.99",-0.69%,-0.99,29
17,354,"0.00, 1.00","0.00, 1.00",-0.70%,-1.00,29
17,355,"0.06, 1.00","0.06, 0.94",-0.67%,-0.94,29
17,356,"0.00, 0.95","0.00, 1.00",-0.71%,-1.00,29
17,357,"0.00, 1.00","0.00, 1.00",-0.72%,-1.00,29
17,358,"0.03, 1.00","0.03, 0.97",-0.71%,-0.97,28
17,359,"0.00, 0.98","0.00, 1.00",-0.73%,-1.00,28
17,360,"0.00, 1.00","0.00, 1.00",-0.74%,-1.00,28
17,361,"0.00, 1.00","0.00, 1.00",-0.74%,-1.00,28
17,362,"0.00, 1.00","0.00, 1.00",-0.75%,-1.00,28
17,363,"0.05, 0.98","0.05, 0.95",-0.71%,-0.95,27
17,364,"0.05, 1.00","0.05, 0.95",-0.72%,-0.95,27
17,365,"0.01, 0.99","0.01, 0.99",-0.76%,-0.99,27
17,366,"0.00, 0.97","0.00, 1.00",-0.77%,-1.00,27
17,367,"0.00, 1.00","0.00, 1.00",-0.77%,-1.00,26
17,368,"0.02, 0.96","0.02, 0.98",-0.76%,-0.98,26
17,369,"0.00, 1.00","0.00, 1.00",-0.79%,-1.00,26
17,370,"0.01, 1.00","0.01, 0.99",-0.78%,-0.99,26
17,371,"0.00, 1.00","0.00, 1.00",-0.80%,-1.00,26
17,372,"0.00, 0.93","0.00, 1.00",-0.80%,-1.00,25
17,373,"0.00, 0.97","0.00, 1.00",-0.81%,-1.00,25
17,374,"0.00, 1.00","0.00, 1.00",-0.82%,-1.00,25
17,375,"0.05, 1.00","0.05, 0.95",-0.78%,-0.95,25
17,376,"0.04, 1.00","0.03, 0.97",-0.80%,-0.97,25
17,377,"0.01, 0.98","0.01, 0.99",-0.83%,-0.99,24
17,378,"0.00, 1.00","0.00, 1.00",-0.85%,-1.00,24
17,379,"0.00, 1.00","0.00, 1.00",-0.85%,-1.00,24
17,380,"0.01, 0.97","0.01, 0.99",-0.85%,-0.99,24
17,381,"0.00, 0.96","0.00, 1.00",-0.87%,-1.00,24
17,382,"0.00, 1.00","0.00, 1.00",-0.88%,-1.00,23
17,383,"0.03, 0.97","0.03, 0.97",-0.86%,-0.97,23
17,384,"0.01, 1.00","0.01, 0.99",-0.89%,-0.99,23
17,385,"0.02, 1.00","0.02, 0.98",-0.88%,-0.98,23
17,386,"0.00, 0.99","0.00, 1.00",-0.91%,-1.00,23
17,387,"0.07, 1.00","0.07, 0.93",-0.86%,-0.93,22
17,388,"0.05, 1.00","0.05, 0.95",-0.88%,-0.95,22
17,389,"0.00, 1.00","0.00, 1.00",-0.93%,-1.00,22
17,390,"0.00, 1.00","0.00, 1.00",-0.94%,-1.00,22
17,391,"0.00, 1.00","0.00, 1.00",-0.95%,-1.00,22
17,392,"0.05, 1.00","0.05, 0.95",-0.92%,-0.95,21
17,393,"0.00, 0.95","0.00, 1.00",-0.97%,-1.00,21
17,394,"0.01, 1.00","0.01, 0.99",-0.97%,-0.99,21
17,395,"0.16, 1.00","0.14, 0.86",-0.86%,-0.86,21
17,396,"0.10, 1.00","0.09, 0.91",-0.91%,-0.91,21
17,397,"0.02, 1.00","0.02, 0.98",-0.99%,-0.98,20
17,398,"0.02, 0.97","0.02, 0.98",-1.00%,-0.98,20
17,399,"0.00, 0.94","0.00, 1.00",-1.03%,-1.00,20
17,400,"0.01, 0.95","0.01, 0.99",-1.03%,-0.99,20
17,401,"0.04, 0.96","0.04, 0.96",-1.01%,-0.96,20
17,402,"0.00, 1.00","0.00, 1.00",-1.06%,-1.00,19
17,403,"0.00, 1.00","0.00, 1.00",-1.08%,-1.00,19
17,404,"0.00, 1.00","0.00, 1.00",-1.09%,-1.00,19
17,405,"0.00, 1.00","0.00, 1.00",-1.10%,-1.00,19
17,406,"0.00, 1.00","0.00, 1.00",-1.11%,-1.00,19
17,407,"0.00, 1.00","0.00, 1.00",-1.12%,-1.00,18
17,408,"0.04, 1.00","0.04, 0.96",-1.10%,-0.96,18
17,409,"0.00, 0.95","0.00, 1.00",-1.15%,-1.00,18
17,410,"0.00, 1.00","0.00, 1.00",-1.16%,-1.00,18
17,411,"0.00, 1.00","0.00, 1.00",-1.18%,-1.00,18
17,412,"0.00, 1.00","0.00, 1.00",-1.19%,-1.00,17
17,413,"0.00, 0.93","0.00, 1.00",-1.20%,-1.00,17
17,414,"0.05, 1.00","0.04, 0.96",-1.16%,-0.96,17
17,415,"0.00, 0.96","0.00, 1.00",-1.23%,-1.00,17
17,416,"0.00, 1.00","0.00, 1.00",-1.25%,-1.00,16
17,417,"0.01, 1.00","0.01, 0.99",-1.26%,-0.99,16
17,418,"0.03, 0.90","0.03, 0.97",-1.25%,-0.97,16
17,419,"0.00, 1.00","0.00, 1.00",-1.30%,-1.00,16
17,420,"0.15, 1.00","0.13, 0.87",-1.14%,-0.87,16
17,421,"0.00, 0.97","0.00, 1.00",-1.33%,-1.00,15
17,422,"0.01, 0.95","0.01, 0.99",-1.33%,-0.99,15
17,423,"0.06, 1.00","0.05, 0.95",-1.30%,-0.95,15
17,424,"0.07, 0.98","0.06, 0.94",-1.30%,-0.94,15
17,425,"0.00, 1.00","0.00, 1.00",-1.41%,-1.00,15
17,426,"0.00, 1.00","0.00, 1.00",-1.43%,-1.00,14
17,427,"0.00, 1.00","0.00, 1.00",-1.45%,-1.00,14
17,428,"0.06, 1.00","0.06, 0.94",-1.39%,-0.94,14
17,429,"0.00, 1.00","0.00, 1.00",-1.49%,-1.00,14
17,430,"0.00, 1.00","0.00, 1.00",-1.52%,-1.00,14
17,431,"0.01, 1.00","0.01, 0.99",-1.52%,-0.99,13
17,432,"0.03, 1.00","0.03, 0.97",-1.52%,-0.97,13
17,433,"0.00, 1.00","0.00, 1.00",-1.59%,-1.00,13
17,434,"0.03, 1.00","0.03, 0.97",-1.57%,-0.97,13
17,435,"0.00, 0.95","0.00, 1.00",-1.64%,-1.00,13
17,436,"0.02, 1.00","0.02, 0.98",-1.63%,-0.98,12
17,437,"0.00, 0.95","0.00, 1.00",-1.69%,-1.00,12
17,438,"0.09, 0.98","0.08, 0.92",-1.58%,-0.92,12
17,439,"0.08, 1.00","0.07, 0.93",-1.63%,-0.93,12
17,440,"0.00, 0.99","0.00, 1.00",-1.79%,-1.00,12
17,441,"0.00, 1.00","0.00, 1.00",-1.82%,-1.00,11
17,442,"0.00, 1.00","0.00, 1.00",-1.85%,-1.00,11
17,443,"0.00, 0.96","0.00, 1.00",-1.89%,-1.00,11
17,444,"0.00, 0.98","0.00, 1.00",-1.92%,-1.00,11
17,445,"0.01, 1.00","0.01, 0.99",-1.95%,-0.99,11
17,446,"0.07, 1.00","0.07, 0.93",-1.87%,-0.93,10
17,447,"0.02, 0.92","0.02, 0.98",-2.00%,-0.98,10
17,448,"0.03, 1.00","0.03, 0.97",-2.02%,-0.97,10
17,449,"0.00, 1.00","0.00, 1.00",-2.13%,-1.00,10
17,450,"0.00, 0.95","0.00, 1.00",-2.17%,-1.00,9
17,451,"0.00, 1.00","0.00, 1.00",-2.22%,-1.00,9
17,452,"0.03, 0.98","0.03, 0.97",-2.19%,-0.97,9
17,453,"0.00, 0.98","0.00, 1.00",-2.32%,-1.00,9
17,454,"0.00, 1.00","0.00, 1.00",-2.38%,-1.00,9
17,455,"0.03, 1.00","0.03, 0.97",-2.37%,-0.97,8
17,456,"0.01, 1.00","0.01, 0.99",-2.49%,-0.99,8
17,457,"0.00, 1.00","0.00, 1.00",-2.56%,-1.00,8
17,458,"0.00, 1.00","0.00, 1.00",-2.63%,-1.00,8
17,459,"0.00, 1.00","0.00, 1.00",-2.70%,-1.00,8
17,460,"0.03, 0.94","0.03, 0.97",-2.69%,-0.97,7
17,461,"0.00, 1.00","0.00, 1.00",-2.86%,-1.00,7
17,462,"0.00, 0.98","0.00, 1.00",-2.94%,-1.00,7
17,463,"0.00, 0.93","0.00, 1.00",-3.03%,-1.00,7
17,464,"0.00, 1.00","0.00, 1.00",-3.12%,-1.00,7
17,465,"0.00, 1.00","0.00, 1.00",-3.23%,-1.00,6
17,466,"0.05, 0.98","0.05, 0.95",-3.17%,-0.95,6
17,467,"0.00, 0.99","0.00, 1.00",-3.45%,-1.00,6
17,468,"0.00, 0.93","0.00, 1.00",-3.57%,-1.00,6
17,469,"0.03, 0.98","0.03, 0.97",-3.59%,-0.97,6
17,470,"0.00, 1.00","0.00, 1.00",-3.84%,-1.00,5
17,471,"0.00, 0.97","0.00, 1.00",-4.00%,-1.00,5
17,472,"0.00, 0.99","0.00, 1.00",-4.17%,-1.00,5
17,473,"0.00, 1.00","0.00, 1.00",-4.35%,-1.00,5
17,474,"0.00, 1.00","0.00, 1.00",-4.55%,-1.00,4
17,475,"0.00, 1.00","0.00, 1.00",-4.74%,-1.00,4
17,476,"0.00, 0.99","0.00, 1.00",-5.00%,-1.00,4
17,477,"0.00, 1.00","0.00, 1.00",-5.26%,-1.00,4
17,478,"0.04, 1.00","0.03, 0.97",-5.37%,-0.97,4
17,479,"0.00, 1.00","0.00, 1.00",-5.88%,-1.00,3
17,480,"0.00, 1.00","0.00, 1.00",-6.25%,-1.00,3
17,481,"0.00, 0.99","0.00, 1.00",-6.67%,-1.00,3
17,482,"0.00, 0.96","0.00, 1.00",-7.14%,-1.00,3
17,483,"0.00, 0.94","0.00, 1.00",-7.69%,-1.00,3
17,484,"0.00, 0.99","0.00, 1.00",-8.33%,-1.00,2
17,485,"0.00, 0.91","0.00, 1.00",-9.05%,-1.00,2
17,486,"0.07, 1.00","0.06, 0.94",-9.35%,-0.94,2
17,487,"0.05, 0.98","0.05, 0.95",-10.58%,-0.95,2
17,488,"0.00, 0.96","0.00, 1.00",-12.50%,-1.00,2
17,489,"0.00, 1.00","0.00, 1.00",-14.29%,-1.00,1
17,490,"0.00, 0.99","0.00, 1.00",-16.67%,-1.00,1
17,491,"0.00, 1.00","0.00, 1.00",-20.00%,-1.00,1
17,492,"0.06, 1.00","0.05, 0.95",-23.66%,-0.95,1
17,493,"0.00, 0.95","0.00, 1.00",-33.33%,-1.00,0
17,494,"0.05, 1.00","0.05, 0.95",-47.66%,-0.95,0
18,1,"0.50, 0.50","0.50, 0.50",-0.10%,-0.50,100
18,2,"0.02, 0.95","0.02, 0.98",-0.20%,-0.98,100
18,3,"0.00, 1.00","0.00, 1.00",-0.20%,-1.00,99
18,4,"0.00, 1.00","0.00, 1.00",-0.20%,-1.00,99
18,5,"0.02, 0.99","0.02, 0.98",-0.20%,-0.98,99
18,6,"0.03, 0.98","0.03, 0.97",-0.20%,-0.97,99
18,7,"0.05, 0.95","0.05, 0.95",-0.19%,-0.95,99
18,8,"0.04, 0.96","0.04, 0.96",-0.20%,-0.96,99
18,9,"0.00, 1.00","0.00, 1.00",-0.21%,-1.00,98
18,10,"0.02, 0.96","0.02, 0.98",-0.20%,-0.98,98
18,11,"0.06, 1.00","0.06, 0.94",-0.19%,-0.94,98
18,12,"0.03, 1.00","0.03, 0.97",-0.20%,-0.97,98
18,13,"0.09, 0.97","0.09, 0.91",-0.19%,-0.91,98
18,14,"0.00, 1.00","0.00, 1.00",-0.21%,-1.00,97
18,15,"0.00, 1.00","0.00, 1.00",-0.21%,-1.00,97
18,16,"0.00, 0.95","0.00, 1.00",-0.21%,-1.00,97
18,17,"0.04, 0.93","0.04, 0.96",-0.20%,-0.96,97
18,18,"0.01, 0.99","0.01, 0.99",-0.21%,-0.99,97
18,19,"0.00, 1.00","0.00, 1.00",-0.21%,-1.00,96
18,20,"0.03, 0.90","0.03, 0.97",-0.20%,-0.97,96
18,21,"0.00, 1.00","0.00, 1.00",-0.21%,-1.00,96
18,22,"0.00, 1.00","0.00, 1.00",-0.21%,-1.00,96
18,23,"0.03, 1.00","0.03, 0.97",-0.21%,-0.97,96
18,24,"0.02, 1.00","0.02, 0.98",-0.21%,-0.98,95
18,25,"0.01, 1.00","0.01, 0.99",-0.21%,-0.99,95
18,26,"0.06, 1.00","0.06, 0.94",-0.20%,-0.94,95
18,27,"0.00, 1.00","0.00, 1.00",-0.21%,-1.00,95
18,28,"0.00, 1.00","0.00, 1.00",-0.21%,-1.00,95
18,29,"0.01, 1.00","0.01, 0.99",-0.21%,-0.99,94
18,30,"0.08, 1.00","0.08, 0.92",-0.20%,-0.92,94
18,31,"0.04, 1.00","0.04, 0.96",-0.21%,-0.96,94
18,32,"0.00, 1.00","0.00, 1.00",-0.22%,-1.00,94
18,33,"0.00, 1.00","0.00, 1.00",-0.22%,-1.00,94
18,34,"0.02, 1.00","0.02, 0.98",-0.21%,-0.98,93
18,35,"0.00, 0.93","0.00, 1.00",-0.22%,-1.00,93
18,36,"0.01, 1.00","0.01, 0.99",-0.21%,-0.99,93
18,37,"0.02, 1.00","0.02, 0.98",-0.21%,-0.98,93
18,38,"0.07, 0.98","0.07, 0.93",-0.20%,-0.93,93
18,39,"0.00, 0.90","0.00, 1.00",-0.22%,-1.00,92
18,40,"0.11, 0.94","0.11, 0.89",-0.20%,-0.89,92
18,41,"0.04, 1.00","0.04, 0.96",-0.21%,-0.96,92
18,42,"0.04, 1.00","0.04, 0.96",-0.21%,-0.96,92
18,43,"0.06, 0.96","0.06, 0.94",-0.21%,-0.94,92
18,44,"0.00, 0.91","0.00, 1.00",-0.22%,-1.00,91
18,45,"0.04, 0.96","0.04, 0.96",-0.21%,-0.96,91
18,46,"0.00, 0.95","0.01, 0.99",-0.22%,-0.99,91
18,47,"0.00, 1.00","0.00, 1.00",-0.22%,-1.00,91
18,48,"0.04, 1.00","0.04, 0.96",-0.22%,-0.96,91
18,49,"0.02, 0.94","0.02, 0.98",-0.22%,-0.98,90
18,50,"0.00, 1.00","0.00, 1.00",-0.22%,-1.00,90
18,51,"0.01, 0.95","0.01, 0.99",-0.22%,-0.99,90
18,52,"0.04, 0.99","0.04, 0.96",-0.22%,-0.96,90
18,53,"0.05, 1.00","0.04, 0.96",-0.22%,-0.96,90
18,54,"0.00, 0.96","0.00, 1.00",-0.23%,-1.00,89
18,55,"0.00, 1.00","0.00, 1.00",-0.23%,-1.00,89
18,56,"0.00, 1.00","0.00, 1.00",-0.23%,-1.00,89
18,57,"0.00, 1.00","0.00, 1.00",-0.23%,-1.00,89
18,58,"0.01, 1.00","0.01, 0.99",-0.23%,-0.99,89
18,59,"0.00, 1.00","0.00, 1.00",-0.23%,-1.00,88
18,60,"0.00, 0.97","0.00, 1.00",-0.23%,-1.00,88
18,61,"0.00, 1.00","0.00, 1.00",-0.23%,-1.00,88
18,62,"0.00, 1.00","0.00, 1.00",-0.23%,-1.00,88
18,63,"0.00, 1.00","0.00, 1.00",-0.23%,-1.00,88
18,64,"0.03, 1.00","0.03, 0.97",-0.22%,-0.97,87
18,65,"0.04, 0.97","0.04, 0.96",-0.22%,-0.96,87
18,66,"0.01, 0.98","0.01, 0.99",-0.23%,-0.99,87
18,67,"0.00, 1.00","0.00, 1.00",-0.23%,-1.00,87
18,68,"0.06, 0.96","0.06, 0.94",-0.22%,-0.94,87
18,69,"0.08, 0.99","0.08, 0.92",-0.22%,-0.92,86
18,70,"0.02, 1.00","0.02, 0.98",-0.23%,-0.98,86
18,71,"0.02, 1.00","0.02, 0.98",-0.23%,-0.98,86
18,72,"0.00, 1.00","0.00, 1.00",-0.24%,-1.00,86
18,73,"0.03, 1.00","0.03, 0.97",-0.23%,-0.97,86
18,74,"0.02, 0.95","0.03, 0.97",-0.23%,-0.97,85
18,75,"0.00, 1.00","0.00, 1.00",-0.24%,-1.00,85
18,76,"0.04, 0.97","0.04, 0.96",-0.23%,-0.96,85
18,77,"0.07, 0.89","0.07, 0.93",-0.22%,-0.93,85
18,78,"0.00, 0.93","0.00, 1.00",-0.24%,-1.00,85
18,79,"0.00, 0.94","0.00, 1.00",-0.24%,-1.00,84
18,80,"0.00, 1.00","0.00, 1.00",-0.24%,-1.00,84
18,81,"0.00, 1.00","0.00, 1.00",-0.24%,-1.00,84
18,82,"0.03, 1.00","0.02, 0.98",-0.24%,-0.98,84
18,83,"0.00, 1.00","0.00, 1.00",-0.24%,-1.00,84
18,84,"0.00, 1.00","0.00, 1.00",-0.24%,-1.00,83
18,85,"0.09, 1.00","0.09, 0.91",-0.22%,-0.91,83
18,86,"0.02, 1.00","0.02, 0.98",-0.24%,-0.98,83
18,87,"0.00, 0.94","0.00, 1.00",-0.24%,-1.00,83
18,88,"0.00, 1.00","0.00, 1.00",-0.25%,-1.00,83
18,89,"0.00, 0.98","0.00, 1.00",-0.25%,-1.00,82
18,90,"0.00, 1.00","0.00, 1.00",-0.25%,-1.00,82
18,91,"0.02, 0.99","0.02, 0.98",-0.24%,-0.98,82
18,92,"0.00, 1.00","0.00, 1.00",-0.25%,-1.00,82
18,93,"0.06, 1.00","0.05, 0.95",-0.24%,-0.95,82
18,94,"0.02, 0.99","0.02, 0.98",-0.24%,-0.98,81
18,95,"0.07, 0.96","0.07, 0.93",-0.23%,-0.93,81
18,96,"0.00, 0.91","0.00, 1.00",-0.25%,-1.00,81
18,97,"0.00, 1.00","0.00, 1.00",-0.25%,-1.00,81
18,98,"0.00, 1.00","0.00, 1.00",-0.25%,-1.00,81
18,99,"0.02, 0.94","0.02, 0.98",-0.25%,-0.98,80
18,100,"0.06, 1.00","0.06, 0.94",-0.24%,-0.94,80
18,101,"0.02, 0.94","0.02, 0.98",-0.25%,-0.98,80
18,102,"0.01, 0.95","0.01, 0.99",-0.25%,-0.99,80
18,103,"0.00, 0.92","0.00, 1.00",-0.25%,-1.00,80
18,104,"0.05, 1.00","0.05, 0.95",-0.24%,-0.95,79
18,105,"0.00, 1.00","0.00, 1.00",-0.26%,-1.00,79
18,106,"0.00, 0.98","0.00, 1.00",-0.26%,-1.00,79
18,107,"0.05, 1.00","0.05, 0.95",-0.24%,-0.95,79
18,108,"0.00, 0.95","0.00, 1.00",-0.26%,-1.00,79
18,109,"0.00, 1.00","0.00, 1.00",-0.26%,-1.00,78
18,110,"0.00, 0.95","0.00, 1.00",-0.26%,-1.00,78
18,111,"0.00, 1.00","0.00, 1.00",-0.26%,-1.00,78
18,112,"0.00, 0.96","0.00, 1.00",-0.26%,-1.00,78
18,113,"0.02, 1.00","0.02, 0.98",-0.26%,-0.98,78
18,114,"0.00, 1.00","0.00, 1.00",-0.26%,-1.00,77
18,115,"0.00, 1.00","0.00, 1.00",-0.26%,-1.00,77
18,116,"0.00, 0.99","0.00, 1.00",-0.26%,-1.00,77
18,117,"0.03, 1.00","0.03, 0.97",-0.26%,-0.97,77
18,118,"0.00, 1.00","0.00, 1.00",-0.26%,-1.00,77
18,119,"0.02, 0.88","0.02, 0.98",-0.26%,-0.98,76
18,120,"0.05, 0.97","0.05, 0.95",-0.25%,-0.95,76
18,121,"0.00, 0.95","0.00, 1.00",-0.27%,-1.00,76
18,122,"0.00, 0.97","0.00, 1.00",-0.27%,-1.00,76
18,123,"0.10, 0.96","0.09, 0.91",-0.24%,-0.91,76
18,124,"0.06, 0.98","0.06, 0.94",-0.25%,-0.94,75
18,125,"0.00, 0.94","0.00, 1.00",-0.27%,-1.00,75
18,126,"0.03, 1.00","0.03, 0.97",-0.26%,-0.97,75
18,127,"0.00, 0.95","0.00, 1.00",-0.27%,-1.00,75
18,128,"0.00, 0.93","0.00, 1.00",-0.27%,-1.00,75
18,129,"0.02, 1.00","0.02, 0.98",-0.27%,-0.98,74
18,130,"0.00, 1.00","0.00, 1.00",-0.27%,-1.00,74
18,131,"0.00, 1.00","0.00, 1.00",-0.27%,-1.00,74
18,132,"0.00, 1.00","0.00, 1.00",-0.27%,-1.00,74
18,133,"0.04, 1.00","0.04, 0.96",-0.26%,-0.96,74
18,134,"0.03, 1.00","0.03, 0.97",-0.27%,-0.97,73
18,135,"0.00, 1.00","0.00, 1.00",-0.28%,-1.00,73
18,136,"0.03, 0.98","0.02, 0.98",-0.27%,-0.98,73
18,137,"0.06, 1.00","0.05, 0.95",-0.26%,-0.95,73
18,138,"0.00, 1.00","0.00, 1.00",-0.28%,-1.00,73
18,139,"0.04, 1.00","0.04, 0.96",-0.27%,-0.96,72
18,140,"0.04, 1.00","0.04, 0.96",-0.27%,-0.96,72
18,141,"0.00, 0.91","0.00, 1.00",-0.28%,-1.00,72
18,142,"0.00, 1.00","0.00, 1.00",-0.28%,-1.00,72
18,143,"0.06, 1.00","0.06, 0.94",-0.27%,-0.94,72
18,144,"0.05, 0.96","0.05, 0.95",-0.27%,-0.95,71
18,145,"0.05, 1.00","0.05, 0.95",-0.27%,-0.95,71
18,146,"0.06, 1.00","0.06, 0.94",-0.27%,-0.94,71
18,147,"0.00, 1.00","0.00, 1.00",-0.29%,-1.00,71
18,148,"0.00, 0.94","0.00, 1.00",-0.29%,-1.00,71
18,149,"0.00, 0.95","0.00, 1.00",-0.29%,-1.00,70
18,150,"0.00, 0.95","0.00, 1.00",-0.29%,-1.00,70
18,151,"0.00, 0.95","0.00, 1.00",-0.29%,-1.00,70
18,152,"0.00, 1.00","0.00, 1.00",-0.29%,-1.00,70
18,153,"0.07, 1.00","0.06, 0.94",-0.27%,-0.94,70
18,154,"0.09, 1.00","0.08, 0.92",-0.27%,-0.92,69
18,155,"0.00, 0.96","0.00, 1.00",-0.29%,-1.00,69
18,156,"0.05, 1.00","0.05, 0.95",-0.28%,-0.95,69
18,157,"0.00, 1.00","0.00, 1.00",-0.29%,-1.00,69
18,158,"0.00, 1.00","0.00, 1.00",-0.30%,-1.00,69
18,159,"0.00, 0.95","0.00, 1.00",-0.30%,-1.00,68
18,160,"0.00, 0.93","0.00, 1.00",-0.30%,-1.00,68
18,161,"0.02, 1.00","0.02, 0.98",-0.29%,-0.98,68
18,162,"0.01, 0.98","0.01, 0.99",-0.30%,-0.99,68
18,163,"0.00, 1.00","0.00, 1.00",-0.30%,-1.00,68
18,164,"0.01, 1.00","0.01, 0.99",-0.30%,-0.99,67
18,165,"0.00, 1.00","0.00, 1.00",-0.30%,-1.00,67
18,166,"0.10, 0.94","0.10, 0.90",-0.27%,-0.90,67
18,167,"0.03, 0.96","0.03, 0.97",-0.29%,-0.97,67
18,168,"0.00, 1.00","0.00, 1.00",-0.30%,-1.00,67
18,169,"0.01, 1.00","0.01, 0.99",-0.30%,-0.99,66
18,170,"0.03, 0.95","0.03, 0.97",-0.30%,-0.97,66
18,171,"0.03, 1.00","0.03, 0.97",-0.30%,-0.97,66
18,172,"0.01, 1.00","0.01, 0.99",-0.31%,-0.99,66
18,173,"0.08, 0.95","0.07, 0.93",-0.29%,-0.93,66
18,174,"0.00, 1.00","0.00, 1.00",-0.31%,-1.00,65
18,175,"0.00, 0.93","0.00, 1.00",-0.31%,-1.00,65
18,176,"0.12, 1.00","0.11, 0.89",-0.28%,-0.89,65
18,177,"0.02, 0.92","0.02, 0.98",-0.31%,-0.98,65
18,178,"0.00, 1.00","0.00, 1.00",-0.31%,-1.00,65
18,179,"0.00, 0.86","0.00, 1.00",-0.32%,-1.00,64
18,180,"0.00, 0.94","0.00, 1.00",-0.32%,-1.00,64
18,181,"0.09, 0.97","0.08, 0.92",-0.29%,-0.92,64
18,182,"0.06, 0.94","0.06, 0.94",-0.30%,-0.94,64
18,183,"0.00, 0.92","0.00, 1.00",-0.32%,-1.00,64
18,184,"0.00, 0.95","0.00, 1.00",-0.32%,-1.00,63
18,185,"0.00, 0.98","0.00, 1.00",-0.32%,-1.00,63
18,186,"0.00, 1.00","0.00, 1.00",-0.32%,-1.00,63
18,187,"0.04, 0.95","0.04, 0.96",-0.31%,-0.96,63
18,188,"0.00, 1.00","0.00, 1.00",-0.32%,-1.00,63
18,189,"0.06, 1.00","0.05, 0.95",-0.31%,-0.95,62
18,190,"0.00, 0.97","0.00, 1.00",-0.33%,-1.00,62
18,191,"0.00, 0.95","0.00, 1.00",-0.33%,-1.00,62
18,192,"0.02, 0.91","0.02, 0.98",-0.32%,-0.98,62
18,193,"0.09, 1.00","0.08, 0.92",-0.30%,-0.92,62
18,194,"0.02, 0.99","0.02, 0.98",-0.33%,-0.98,61
18,195,"0.08, 0.89","0.09, 0.91",-0.30%,-0.91,61
18,196,"0.00, 1.00","0.00, 1.00",-0.33%,-1.00,61
18,197,"0.06, 1.00","0.06, 0.94",-0.31%,-0.94,61
18,198,"0.00, 0.93","0.00, 1.00",-0.34%,-1.00,61
18,199,"0.00, 0.94","0.00, 1.00",-0.34%,-1.00,60
18,200,"0.05, 1.00","0.05, 0.95",-0.32%,-0.95,60
18,201,"0.07, 1.00","0.07, 0.93",-0.32%,-0.93,60
18,202,"0.00, 0.98","0.00, 1.00",-0.34%,-1.00,60
18,203,"0.00, 1.00","0.00, 1.00",-0.34%,-1.00,60
18,204,"0.00, 1.00","0.00, 1.00",-0.34%,-1.00,59
18,205,"0.00, 1.00","0.00, 1.00",-0.34%,-1.00,59
18,206,"0.00, 0.96","0.00, 1.00",-0.34%,-1.00,59
18,207,"0.04, 1.00","0.04, 0.96",-0.33%,-0.96,59
18,208,"0.02, 0.99","0.02, 0.98",-0.34%,-0.98,59
18,209,"0.00, 1.00","0.00, 1.00",-0.35%,-1.00,58
18,210,"0.05, 0.94","0.05, 0.95",-0.33%,-0.95,58
18,211,"0.00, 0.99","0.00, 1.00",-0.35%,-1.00,58
18,212,"0.00, 0.94","0.00, 1.00",-0.35%,-1.00,58
18,213,"0.10, 0.98","0.09, 0.91",-0.32%,-0.91,58
18,214,"0.00, 0.97","0.00, 1.00",-0.35%,-1.00,57
18,215,"0.01, 1.00","0.01, 0.99",-0.35%,-0.99,57
18,216,"0.03, 1.00","0.03, 0.97",-0.35%,-0.97,57
18,217,"0.00, 1.00","0.00, 1.00",-0.36%,-1.00,57
18,218,"0.03, 0.97","0.03, 0.97",-0.35%,-0.97,57
18,219,"0.08, 0.98","0.07, 0.93",-0.33%,-0.93,57
18,220,"0.00, 0.95","0.00, 1.00",-0.36%,-1.00,56
18,221,"0.05, 0.99","0.05, 0.95",-0.35%,-0.95,56
18,222,"0.00, 1.00","0.00, 1.00",-0.36%,-1.00,56
18,223,"0.07, 0.93","0.07, 0.93",-0.34%,-0.93,56
18,224,"0.07, 1.00","0.06, 0.94",-0.34%,-0.94,56
18,225,"0.00, 1.00","0.00, 1.00",-0.37%,-1.00,55
18,226,"0.00, 1.00","0.00, 1.00",-0.37%,-1.00,55
18,227,"0.04, 1.00","0.04, 0.96",-0.36%,-0.96,55
18,228,"0.00, 1.00","0.00, 1.00",-0.37%,-1.00,55
18,229,"0.00, 0.98","0.00, 1.00",-0.37%,-1.00,54
18,230,"0.02, 0.94","0.02, 0.98",-0.37%,-0.98,54
18,231,"0.00, 0.95","0.00, 1.00",-0.38%,-1.00,54
18,232,"0.04, 0.93","0.04, 0.96",-0.36%,-0.96,54
18,233,"0.00, 1.00","0.00, 1.00",-0.38%,-1.00,54
18,234,"0.07, 0.99","0.07, 0.93",-0.36%,-0.93,54
18,235,"0.00, 1.00","0.00, 1.00",-0.38%,-1.00,53
18,236,"0.00, 0.97","0.00, 1.00",-0.38%,-1.00,53
18,237,"0.06, 1.00","0.05, 0.95",-0.37%,-0.95,53
18,238,"0.00, 1.00","0.00, 1.00",-0.39%,-1.00,53
18,239,"0.01, 1.00","0.01, 0.99",-0.38%,-0.99,52
18,240,"0.04, 1.00","0.04, 0.96",-0.37%,-0.96,52
18,241,"0.00, 0.92","0.00, 1.00",-0.39%,-1.00,52
18,242,"0.00, 0.96","0.00, 1.00",-0.39%,-1.00,52
18,243,"0.00, 1.00","0.00, 1.00",-0.40%,-1.00,52
18,244,"0.00, 0.99","0.00, 1.00",-0.40%,-1.00,51
18,245,"0.04, 0.94","0.04, 0.96",-0.38%,-0.96,51
18,246,"0.00, 0.98","0.00, 1.00",-0.40%,-1.00,51
18,247,"0.01, 0.98","0.01, 0.99",-0.40%,-0.99,51
18,248,"0.00, 1.00","0.00, 1.00",-0.40%,-1.00,51
18,249,"0.04, 1.00","0.04, 0.96",-0.39%,-0.96,50
18,250,"0.04, 0.95","0.04, 0.96",-0.39%,-0.96,50
18,251,"0.03, 0.96","0.03, 0.97",-0.40%,-0.97,50
18,252,"0.00, 1.00","0.00, 1.00",-0.41%,-1.00,50
18,253,"0.00, 0.95","0.00, 1.00",-0.41%,-1.00,50
18,254,"0.00, 1.00","0.00, 1.00",-0.41%,-1.00,49
18,255,"0.09, 0.96","0.09, 0.91",-0.38%,-0.91,49
18,256,"0.00, 0.93","0.00, 1.00",-0.42%,-1.00,49
18,257,"0.08, 0.94","0.08, 0.92",-0.38%,-0.92,49
18,258,"0.08, 0.98","0.08, 0.92",-0.39%,-0.92,49
18,259,"0.00, 1.00","0.00, 1.00",-0.42%,-1.00,48
18,260,"0.03, 0.95","0.03, 0.97",-0.41%,-0.97,48
18,261,"0.00, 0.96","0.00, 1.00",-0.43%,-1.00,48
18,262,"0.08, 1.00","0.07, 0.93",-0.40%,-0.93,48
18,263,"0.00, 1.00","0.00, 1.00",-0.43%,-1.00,48
18,264,"0.00, 0.97","0.00, 1.00",-0.43%,-1.00,47
18,265,"0.03, 1.00","0.03, 0.97",-0.42%,-0.97,47
18,266,"0.02, 0.97","0.02, 0.98",-0.43%,-0.98,47
18,267,"0.00, 1.00","0.00, 1.00",-0.44%,-1.00,47
18,268,"0.08, 0.91","0.08, 0.92",-0.40%,-0.92,47
18,269,"0.00, 0.98","0.00, 1.00",-0.44%,-1.00,46
18,270,"0.11, 1.00","0.10, 0.90",-0.40%,-0.90,46
18,271,"0.03, 1.00","0.03, 0.97",-0.43%,-0.97,46
18,272,"0.00, 1.00","0.00, 1.00",-0.45%,-1.00,46
18,273,"0.02, 1.00","0.02, 0.98",-0.44%,-0.98,46
18,274,"0.00, 1.00","0.00, 1.00",-0.45%,-1.00,45
18,275,"0.00, 1.00","0.00, 1.00",-0.45%,-1.00,45
18,276,"0.01, 1.00","0.01, 0.99",-0.45%,-0.99,45
18,277,"0.02, 1.00","0.02, 0.98",-0.45%,-0.98,45
18,278,"0.07, 1.00","0.07, 0.93",-0.43%,-0.93,45
18,279,"0.00, 0.99","0.00, 1.00",-0.46%,-1.00,44
18,280,"0.00, 0.99","0.00, 1.00",-0.46%,-1.00,44
18,281,"0.00, 0.98","0.00, 1.00",-0.47%,-1.00,44
18,282,"0.00, 1.00","0.00, 1.00",-0.47%,-1.00,44
18,283,"0.00, 0.98","0.00, 1.00",-0.47%,-1.00,44
18,284,"0.02, 1.00","0.02, 0.98",-0.46%,-0.98,43
18,285,"0.00, 0.99","0.00, 1.00",-0.47%,-1.00,43
18,286,"0.08, 0.95","0.08, 0.92",-0.44%,-0.92,43
18,287,"0.00, 0.95","0.00, 1.00",-0.48%,-1.00,43
18,288,"0.04, 1.00","0.04, 0.96",-0.46%,-0.96,43
18,289,"0.00, 0.95","0.00, 1.00",-0.48%,-1.00,42
18,290,"0.00, 0.99","0.00, 1.00",-0.49%,-1.00,42
18,291,"0.00, 0.96","0.00, 1.00",-0.49%,-1.00,42
18,292,"0.00, 0.97","0.00, 1.00",-0.49%,-1.00,42
18,293,"0.00, 1.00","0.00, 1.00",-0.49%,-1.00,42
18,294,"0.00, 0.96","0.00, 1.00",-0.50%,-1.00,41
18,295,"0.00, 0.94","0.00, 1.00",-0.50%,-1.00,41
18,296,"0.02, 1.00","0.02, 0.98",-0.49%,-0.98,41
18,297,"0.00, 1.00","0.00, 1.00",-0.50%,-1.00,41
18,298,"0.01, 0.93","0.01, 0.99",-0.50%,-0.99,41
18,299,"0.00, 1.00","0.00, 1.00",-0.51%,-1.00,40
18,300,"0.00, 1.00","0.00, 1.00",-0.51%,-1.00,40
18,301,"0.00, 0.98","0.00, 1.00",-0.51%,-1.00,40
18,302,"0.04, 1.00","0.04, 0.96",-0.50%,-0.96,40
18,303,"0.00, 1.00","0.00, 1.00",-0.52%,-1.00,40
18,304,"0.00, 0.94","0.00, 1.00",-0.52%,-1.00,39
18,305,"0.03, 0.95","0.03, 0.97",-0.51%,-0.97,39
18,306,"0.00, 0.98","0.00, 1.00",-0.53%,-1.00,39
18,307,"0.00, 0.97","0.00, 1.00",-0.53%,-1.00,39
18,308,"0.05, 0.98","0.05, 0.95",-0.50%,-0.95,39
18,309,"0.00, 1.00","0.00, 1.00",-0.53%,-1.00,38
18,310,"0.01, 0.99","0.01, 0.99",-0.53%,-0.99,38
18,311,"0.00, 1.00","0.00, 1.00",-0.54%,-1.00,38
18,312,"0.00, 0.95","0.00, 1.00",-0.54%,-1.00,38
18,313,"0.06, 0.99","0.05, 0.95",-0.52%,-0.95,38
18,314,"0.00, 1.00","0.00, 1.00",-0.55%,-1.00,37
18,315,"0.03, 1.00","0.03, 0.97",-0.54%,-0.97,37
18,316,"0.00, 1.00","0.00, 1.00",-0.56%,-1.00,37
18,317,"0.00, 0.93","0.00, 1.00",-0.56%,-1.00,37
18,318,"0.00, 1.00","0.00, 1.00",-0.56%,-1.00,37
18,319,"0.01, 0.88","0.02, 0.98",-0.56%,-0.98,36
18,320,"0.00, 0.96","0.00, 1.00",-0.57%,-1.00,36
18,321,"0.00, 0.92","0.00, 1.00",-0.57%,-1.00,36
18,322,"0.00, 1.00","0.00, 1.00",-0.57%,-1.00,36
18,323,"0.01, 1.00","0.01, 0.99",-0.57%,-0.99,35
18,324,"0.07, 0.97","0.07, 0.93",-0.54%,-0.93,35
18,325,"0.04, 1.00","0.04, 0.96",-0.56%,-0.96,35
18,326,"0.09, 1.00","0.09, 0.91",-0.54%,-0.91,35
18,327,"0.00, 1.00","0.00, 1.00",-0.59%,-1.00,35
18,328,"0.02, 1.00","0.02, 0.98",-0.58%,-0.98,34
18,329,"0.10, 1.00","0.09, 0.91",-0.54%,-0.91,34
18,330,"0.00, 1.00","0.00, 1.00",-0.60%,-1.00,34
18,331,"0.00, 1.00","0.00, 1.00",-0.61%,-1.00,34
18,332,"0.05, 1.00","0.04, 0.96",-0.58%,-0.96,34
18,333,"0.00, 0.99","0.00, 1.00",-0.61%,-1.00,33
18,334,"0.01, 1.00","0.01, 0.99",-0.61%,-0.99,33
18,335,"0.00, 1.00","0.00, 1.00",-0.62%,-1.00,33
18,336,"0.00, 1.00","0.00, 1.00",-0.62%,-1.00,33
18,337,"0.00, 1.00","0.00, 1.00",-0.63%,-1.00,33
18,338,"0.03, 1.00","0.03, 0.97",-0.61%,-0.97,32
18,339,"0.06, 1.00","0.05, 0.95",-0.60%,-0.95,32
18,340,"0.00, 0.98","0.00, 1.00",-0.64%,-1.00,32
18,341,"0.00, 1.00","0.00, 1.00",-0.65%,-1.00,32
18,342,"0.02, 0.95","0.03, 0.97",-0.63%,-0.97,32
18,343,"0.00, 0.95","0.00, 1.00",-0.65%,-1.00,31
18,344,"0.00, 1.00","0.00, 1.00",-0.66%,-1.00,31
18,345,"0.00, 0.97","0.00, 1.00",-0.66%,-1.00,31
18,346,"0.08, 0.99","0.07, 0.93",-0.62%,-0.93,31
18,347,"0.00, 1.00","0.00, 1.00",-0.67%,-1.00,31
18,348,"0.00, 1.00","0.00, 1.00",-0.68%,-1.00,30
18,349,"0.00, 1.00","0.00, 1.00",-0.68%,-1.00,30
18,350,"0.00, 1.00","0.00, 1.00",-0.68%,-1.00,30
18,351,"0.04, 0.95","0.04, 0.96",-0.66%,-0.96,30
18,352,"0.06, 1.00","0.06, 0.94",-0.65%,-0.94,30
18,353,"0.07, 0.94","0.07, 0.93",-0.65%,-0.93,29
18,354,"0.00, 1.00","0.00, 1.00",-0.70%,-1.00,29
18,355,"0.05, 0.97","0.05, 0.95",-0.67%,-0.95,29
18,356,"0.00, 1.00","0.00, 1.00",-0.71%,-1.00,29
18,357,"0.00, 1.00","0.00, 1.00",-0.72%,-1.00,29
18,358,"0.00, 0.91","0.00, 1.00",-0.72%,-1.00,28
18,359,"0.02, 1.00","0.02, 0.98",-0.71%,-0.98,28
18,360,"0.06, 0.87","0.07, 0.93",-0.69%,-0.93,28
18,361,"0.00, 0.96","0.00, 1.00",-0.74%,-1.00,28
18,362,"0.03, 0.95","0.03, 0.97",-0.73%,-0.97,28
18,363,"0.04, 0.95","0.04, 0.96",-0.72%,-0.96,27
18,364,"0.11, 1.00","0.10, 0.90",-0.68%,-0.90,27
18,365,"0.10, 1.00","0.09, 0.91",-0.69%,-0.91,27
18,366,"0.00, 1.00","0.00, 1.00",-0.77%,-1.00,27
18,367,"0.05, 1.00","0.05, 0.95",-0.74%,-0.95,27
18,368,"0.05, 1.00","0.05, 0.95",-0.74%,-0.95,26
18,369,"0.05, 1.00","0.04, 0.96",-0.75%,-0.96,26
18,370,"0.00, 1.00","0.00, 1.00",-0.79%,-1.00,26
18,371,"0.06, 0.88","0.06, 0.94",-0.75%,-0.94,26
18,372,"0.01, 1.00","0.01, 0.99",-0.80%,-0.99,26
18,373,"0.02, 0.98","0.02, 0.98",-0.80%,-0.98,25
18,374,"0.00, 1.00","0.00, 1.00",-0.82%,-1.00,25
18,375,"0.02, 1.00","0.02, 0.98",-0.81%,-0.98,25
18,376,"0.00, 0.94","0.00, 1.00",-0.83%,-1.00,25
18,377,"0.00, 0.96","0.00, 1.00",-0.84%,-1.00,25
18,378,"0.00, 1.00","0.00, 1.00",-0.85%,-1.00,24
18,379,"0.00, 0.95","0.00, 1.00",-0.85%,-1.00,24
18,380,"0.00, 0.93","0.00, 1.00",-0.86%,-1.00,24
18,381,"0.04, 1.00","0.04, 0.96",-0.84%,-0.96,24
18,382,"0.05, 0.97","0.05, 0.95",-0.84%,-0.95,24
18,383,"0.00, 1.00","0.00, 1.00",-0.88%,-1.00,23
18,384,"0.00, 1.00","0.00, 1.00",-0.89%,-1.00,23
18,385,"0.00, 0.98","0.00, 1.00",-0.90%,-1.00,23
18,386,"0.00, 1.00","0.00, 1.00",-0.91%,-1.00,23
18,387,"0.09, 1.00","0.08, 0.92",-0.84%,-0.92,23
18,388,"0.00, 1.00","0.00, 1.00",-0.93%,-1.00,22
18,389,"0.04, 0.98","0.04, 0.96",-0.90%,-0.96,22
18,390,"0.04, 1.00","0.04, 0.96",-0.90%,-0.96,22
18,391,"0.00, 1.00","0.00, 1.00",-0.95%,-1.00,22
18,392,"0.04, 0.95","0.04, 0.96",-0.92%,-0.96,22
18,393,"0.03, 0.97","0.03, 0.97",-0.94%,-0.97,21
18,394,"0.03, 0.90","0.03, 0.97",-0.95%,-0.97,21
18,395,"0.00, 1.00","0.00, 1.00",-0.99%,-1.00,21
18,396,"0.07, 1.00","0.06, 0.94",-0.94%,-0.94,21
18,397,"0.11, 0.99","0.10, 0.90",-0.91%,-0.90,21
18,398,"0.00, 1.00","0.00, 1.00",-1.02%,-1.00,20
18,399,"0.00, 1.00","0.00, 1.00",-1.03%,-1.00,20
18,400,"0.00, 1.00","0.00, 1.00",-1.04%,-1.00,20
18,401,"0.00, 1.00","0.00, 1.00",-1.05%,-1.00,20
18,402,"0.00, 0.98","0.00, 1.00",-1.06%,-1.00,19
18,403,"0.00, 0.99","0.00, 1.00",-1.08%,-1.00,19
18,404,"0.00, 0.99","0.00, 1.00",-1.09%,-1.00,19
18,405,"0.00, 1.00","0.00, 1.00",-1.10%,-1.00,19
18,406,"0.00, 1.00","0.00, 1.00",-1.11%,-1.00,19
18,407,"0.00, 0.96","0.00, 1.00",-1.12%,-1.00,18
18,408,"0.00, 0.91","0.00, 1.00",-1.14%,-1.00,18
18,409,"0.00, 1.00","0.00, 1.00",-1.15%,-1.00,18
18,410,"0.00, 1.00","0.00, 1.00",-1.16%,-1.00,18
18,411,"0.07, 1.00","0.07, 0.93",-1.09%,-0.93,18
18,412,"0.00, 0.97","0.00, 1.00",-1.19%,-1.00,17
18,413,"0.05, 1.00","0.05, 0.95",-1.14%,-0.95,17
18,414,"0.01, 1.00","0.01, 0.99",-1.21%,-0.99,17
18,415,"0.00, 1.00","0.00, 1.00",-1.23%,-1.00,17
18,416,"0.00, 0.98","0.00, 1.00",-1.25%,-1.00,17
18,417,"0.00, 0.98","0.00, 1.00",-1.27%,-1.00,16
18,418,"0.00, 0.97","0.00, 1.00",-1.28%,-1.00,16
18,419,"0.13, 0.95","0.12, 0.88",-1.14%,-0.88,16
18,420,"0.00, 1.00","0.00, 1.00",-1.32%,-1.00,16
18,421,"0.00, 1.00","0.00, 1.00",-1.33%,-1.00,16
18,422,"0.00, 1.00","0.00, 1.00",-1.35%,-1.00,15
18,423,"0.00, 1.00","0.00, 1.00",-1.37%,-1.00,15
18,424,"0.08, 0.97","0.08, 0.92",-1.28%,-0.92,15
18,425,"0.00, 1.00","0.00, 1.00",-1.41%,-1.00,15
18,426,"0.00, 1.00","0.00, 1.00",-1.43%,-1.00,14
18,427,"0.00, 0.94","0.00, 1.00",-1.45%,-1.00,14
18,428,"0.00, 1.00","0.00, 1.00",-1.47%,-1.00,14
18,429,"0.00, 1.00","0.00, 1.00",-1.49%,-1.00,14
18,430,"0.00, 1.00","0.00, 1.00",-1.52%,-1.00,14
18,431,"0.07, 1.00","0.06, 0.94",-1.44%,-0.94,13
18,432,"0.00, 0.99","0.00, 1.00",-1.56%,-1.00,13
18,433,"0.00, 1.00","0.00, 1.00",-1.59%,-1.00,13
18,434,"0.00, 1.00","0.00, 1.00",-1.61%,-1.00,13
18,435,"0.09, 0.90","0.09, 0.91",-1.49%,-0.91,13
18,436,"0.00, 1.00","0.00, 1.00",-1.67%,-1.00,12
18,437,"0.00, 1.00","0.00, 1.00",-1.69%,-1.00,12
18,438,"0.00, 1.00","0.00, 1.00",-1.72%,-1.00,12
18,439,"0.05, 1.00","0.04, 0.96",-1.68%,-0.96,12
18,440,"0.00, 0.99","0.00, 1.00",-1.79%,-1.00,12
18,441,"0.00, 1.00","0.00, 1.00",-1.82%,-1.00,11
18,442,"0.11, 0.89","0.11, 0.89",-1.65%,-0.89,11
18,443,"0.06, 1.00","0.06, 0.94",-1.78%,-0.94,11
18,444,"0.02, 1.00","0.02, 0.98",-1.89%,-0.98,11
18,445,"0.00, 0.84","0.00, 1.00",-1.96%,-1.00,11
18,446,"0.00, 1.00","0.00, 1.00",-2.00%,-1.00,10
18,447,"0.01, 0.97","0.01, 0.99",-2.02%,-0.99,10
18,448,"0.04, 0.96","0.04, 0.96",-2.00%,-0.96,10
18,449,"0.00, 1.00","0.00, 1.00",-2.13%,-1.00,10
18,450,"0.02, 1.00","0.02, 0.98",-2.13%,-0.98,10
18,451,"0.00, 0.95","0.00, 1.00",-2.22%,-1.00,9
18,452,"0.00, 1.00","0.00, 1.00",-2.27%,-1.00,9
18,453,"0.01, 0.97","0.01, 0.99",-2.30%,-0.99,9
18,454,"0.15, 1.00","0.13, 0.87",-2.07%,-0.87,9
18,455,"0.00, 1.00","0.00, 1.00",-2.44%,-1.00,9
18,456,"0.07, 1.00","0.06, 0.94",-2.35%,-0.94,8
18,457,"0.00, 0.95","0.00, 1.00",-2.56%,-1.00,8
18,458,"0.02, 0.98","0.02, 0.98",-2.58%,-0.98,8
18,459,"0.00, 0.98","0.00, 1.00",-2.70%,-1.00,8
18,460,"0.00, 1.00","0.00, 1.00",-2.78%,-1.00,7
18,461,"0.01, 1.00","0.01, 0.99",-2.84%,-0.99,7
18,462,"0.09, 1.00","0.08, 0.92",-2.70%,-0.92,7
18,463,"0.03, 1.00","0.03, 0.97",-2.93%,-0.97,7
18,464,"0.00, 1.00","0.00, 1.00",-3.12%,-1.00,7
18,465,"0.00, 1.00","0.00, 1.00",-3.23%,-1.00,6
18,466,"0.03, 1.00","0.03, 0.97",-3.24%,-0.97,6
18,467,"0.09, 0.97","0.09, 0.91",-3.14%,-0.91,6
18,468,"0.00, 0.99","0.00, 1.00",-3.57%,-1.00,6
18,469,"0.04, 1.00","0.04, 0.96",-3.55%,-0.96,6
18,470,"0.05, 0.97","0.05, 0.95",-3.66%,-0.95,5
18,471,"0.00, 1.00","0.00, 1.00",-3.98%,-1.00,5
18,472,"0.00, 1.00","0.00, 1.00",-4.17%,-1.00,5
18,473,"0.00, 1.00","0.00, 1.00",-4.35%,-1.00,5
18,474,"0.09, 1.00","0.09, 0.91",-4.16%,-0.91,5
18,475,"0.06, 1.00","0.06, 0.94",-4.48%,-0.94,4
18,476,"0.00, 0.99","0.00, 1.00",-5.00%,-1.00,4
18,477,"0.00, 0.98","0.00, 1.00",-5.26%,-1.00,4
18,478,"0.00, 0.88","0.00, 1.00",-5.56%,-1.00,4
18,479,"0.00, 1.00","0.00, 1.00",-5.88%,-1.00,3
18,480,"0.02, 0.96","0.02, 0.98",-6.10%,-0.98,3
18,481,"0.00, 0.93","0.00, 1.00",-6.67%,-1.00,3
18,482,"0.00, 0.83","0.00, 1.00",-7.14%,-1.00,3
18,483,"0.00, 1.00","0.00, 1.00",-7.69%,-1.00,3
18,484,"0.00, 1.00","0.00, 1.00",-8.33%,-1.00,2
18,485,"0.00, 0.94","0.00, 1.00",-9.09%,-1.00,2
18,486,"0.10, 1.00","0.09, 0.91",-9.08%,-0.91,2
18,487,"0.00, 0.94","0.00, 1.00",-11.11%,-1.00,2
18,488,"0.03, 0.98","0.03, 0.97",-12.15%,-0.97,2
18,489,"0.00, 1.00","0.00, 1.00",-14.29%,-1.00,1
18,490,"0.03, 0.98","0.03, 0.97",-16.16%,-0.97,1
18,491,"0.01, 0.97","0.01, 0.99",-19.84%,-0.99,1
18,492,"0.01, 0.98","0.01, 0.99",-24.82%,-0.99,1
18,493,"0.00, 1.00","0.00, 1.00",-33.33%,-1.00,0
18,494,"0.00, 0.98","0.00, 1.00",-50.00%,-1.00,0
19,1,"0.50, 0.50","0.50, 0.50",-0.10%,-0.50,100
19,2,"0.00, 0.97","0.00, 1.00",-0.20%,-1.00,100
19,3,"0.00, 0.90","0.00, 1.00",-0.20%,-1.00,99
19,4,"0.00, 1.00","0.00, 1.00",-0.20%,-1.00,99
19,5,"0.00, 0.94","0.00, 1.00",-0.20%,-1.00,99
19,6,"0.00, 0.99","0.00, 1.00",-0.20%,-1.00,99
19,7,"0.00, 1.00","0.00, 1.00",-0.20%,-1.00,99
19,8,"0.00, 1.00","0.00, 1.00",-0.20%,-1.00,98
19,9,"0.00, 0.97","0.00, 1.00",-0.21%,-1.00,98
19,10,"0.00, 0.92","0.00, 1.00",-0.21%,-1.00,98
19,11,"0.03, 0.89","0.03, 0.97",-0.20%,-0.97,98
19,12,"0.00, 0.96","0.00, 1.00",-0.21%,-1.00,98
19,13,"0.00, 0.93","0.00, 1.00",-0.21%,-1.00,97
19,14,"0.02, 1.00","0.02, 0.98",-0.20%,-0.98,97
19,15,"0.00, 1.00","0.00, 1.00",-0.21%,-1.00,97
19,16,"0.08, 1.00","0.07, 0.93",-0.19%,-0.93,97
19,17,"0.03, 0.91","0.03, 0.97",-0.20%,-0.97,97
19,18,"0.00, 0.98","0.00, 1.00",-0.21%,-1.00,96
19,19,"0.01, 1.00","0.01, 0.99",-0.21%,-0.99,96
19,20,"0.01, 1.00","0.01, 0.99",-0.21%,-0.99,96
19,21,"0.00, 1.00","0.00, 1.00",-0.21%,-1.00,96
19,22,"0.00, 0.94","0.00, 1.00",-0.21%,-1.00,96
19,23,"0.00, 1.00","0.00, 1.00",-0.21%,-1.00,95
19,24,"0.00, 0.99","0.00, 1.00",-0.21%,-1.00,95
19,25,"0.00, 1.00","0.00, 1.00",-0.21%,-1.00,95
19,26,"0.00, 1.00","0.00, 1.00",-0.21%,-1.00,95
19,27,"0.00, 0.92","0.00, 1.00",-0.21%,-1.00,95
19,28,"0.00, 0.95","0.00, 1.00",-0.21%,-1.00,94
19,29,"0.00, 0.92","0.00, 1.00",-0.21%,-1.00,94
19,30,"0.00, 0.94","0.00, 1.00",-0.21%,-1.00,94
19,31,"0.00, 0.98","0.00, 1.00",-0.22%,-1.00,94
19,32,"0.07, 1.00","0.07, 0.93",-0.20%,-0.93,94
19,33,"0.03, 1.00","0.03, 0.97",-0.21%,-0.97,93
19,34,"0.06, 1.00","0.06, 0.94",-0.20%,-0.94,93
19,35,"0.02, 1.00","0.02, 0.98",-0.21%,-0.98,93
19,36,"0.00, 1.00","0.00, 1.00",-0.22%,-1.00,93
19,37,"0.00, 1.00","0.00, 1.00",-0.22%,-1.00,93
19,38,"0.07, 0.97","0.07, 0.93",-0.20%,-0.93,92
19,39,"0.00, 0.97","0.00, 1.00",-0.22%,-1.00,92
19,40,"0.00, 1.00","0.00, 1.00",-0.22%,-1.00,92
19,41,"0.03, 0.98","0.03, 0.97",-0.21%,-0.97,92
19,42,"0.00, 1.00","0.00, 1.00",-0.22%,-1.00,92
19,43,"0.06, 1.00","0.05, 0.95",-0.21%,-0.95,92
19,44,"0.00, 0.95","0.00, 1.00",-0.22%,-1.00,91
19,45,"0.05, 0.97","0.05, 0.95",-0.21%,-0.95,91
19,46,"0.00, 1.00","0.00, 1.00",-0.22%,-1.00,91
19,47,"0.03, 1.00","0.03, 0.97",-0.22%,-0.97,91
19,48,"0.04, 1.00","0.04, 0.96",-0.21%,-0.96,91
19,49,"0.01, 0.93","0.01, 0.99",-0.22%,-0.99,90
19,50,"0.00, 1.00","0.00, 1.00",-0.22%,-1.00,90
19,51,"0.04, 1.00","0.04, 0.96",-0.22%,-0.96,90
19,52,"0.00, 0.98","0.00, 1.00",-0.23%,-1.00,90
19,53,"0.00, 1.00","0.00, 1.00",-0.23%,-1.00,90
19,54,"0.03, 1.00","0.02, 0.98",-0.22%,-0.98,89
19,55,"0.00, 1.00","0.00, 1.00",-0.23%,-1.00,89
19,56,"0.00, 0.99","0.00, 1.00",-0.23%,-1.00,89
19,57,"0.07, 1.00","0.06, 0.94",-0.21%,-0.94,89
19,58,"0.00, 1.00","0.00, 1.00",-0.23%,-1.00,89
19,59,"0.00, 0.97","0.00, 1.00",-0.23%,-1.00,88
19,60,"0.05, 1.00","0.05, 0.95",-0.22%,-0.95,88
19,61,"0.01, 1.00","0.01, 0.99",-0.23%,-0.99,88
19,62,"0.00, 1.00","0.00, 1.00",-0.23%,-1.00,88
19,63,"0.00, 1.00","0.00, 1.00",-0.23%,-1.00,88
19,64,"0.00, 1.00","0.00, 1.00",-0.23%,-1.00,87
19,65,"0.00, 0.97","0.00, 1.00",-0.23%,-1.00,87
19,66,"0.00, 1.00","0.00, 1.00",-0.23%,-1.00,87
19,67,"0.00, 1.00","0.00, 1.00",-0.23%,-1.00,87
19,68,"0.00, 0.98","0.00, 1.00",-0.23%,-1.00,87
19,69,"0.00, 1.00","0.00, 1.00",-0.23%,-1.00,86
19,70,"0.03, 1.00","0.03, 0.97",-0.23%,-0.97,86
19,71,"0.00, 1.00","0.00, 1.00",-0.24%,-1.00,86
19,72,"0.01, 1.00","0.01, 0.99",-0.23%,-0.99,86
19,73,"0.13, 0.99","0.11, 0.89",-0.21%,-0.89,86
19,74,"0.00, 1.00","0.00, 1.00",-0.24%,-1.00,85
19,75,"0.01, 1.00","0.01, 0.99",-0.24%,-0.99,85
19,76,"0.06, 1.00","0.06, 0.94",-0.22%,-0.94,85
19,77,"0.07, 1.00","0.06, 0.94",-0.22%,-0.94,85
19,78,"0.00, 0.93","0.00, 1.00",-0.24%,-1.00,85
19,79,"0.00, 1.00","0.00, 1.00",-0.24%,-1.00,84
19,80,"0.00, 0.98","0.00, 1.00",-0.24%,-1.00,84
19,81,"0.00, 1.00","0.00, 1.00",-0.24%,-1.00,84
19,82,"0.00, 1.00","0.00, 1.00",-0.24%,-1.00,84
19,83,"0.00, 0.98","0.00, 1.00",-0.24%,-1.00,84
19,84,"0.00, 0.99","0.00, 1.00",-0.24%,-1.00,83
19,85,"0.00, 0.95","0.00, 1.00",-0.24%,-1.00,83
19,86,"0.12, 0.93","0.12, 0.88",-0.22%,-0.88,83
19,87,"0.00, 1.00","0.00, 1.00",-0.24%,-1.00,83
19,88,"0.07, 0.95","0.07, 0.93",-0.23%,-0.93,83
19,89,"0.05, 1.00","0.05, 0.95",-0.23%,-0.95,82
19,90,"0.13, 0.93","0.12, 0.88",-0.22%,-0.88,82
19,91,"0.00, 0.95","0.00, 1.00",-0.25%,-1.00,82
19,92,"0.00, 0.96","0.00, 1.00",-0.25%,-1.00,82
19,93,"0.00, 0.96","0.00, 1.00",-0.25%,-1.00,82
19,94,"0.04, 0.96","0.04, 0.96",-0.24%,-0.96,81
19,95,"0.00, 1.00","0.00, 1.00",-0.25%,-1.00,81
19,96,"0.00, 0.97","0.00, 1.00",-0.25%,-1.00,81
19,97,"0.04, 0.94","0.04, 0.96",-0.24%,-0.96,81
19,98,"0.00, 0.91","0.00, 1.00",-0.25%,-1.00,81
19,99,"0.00, 1.00","0.00, 1.00",-0.25%,-1.00,80
19,100,"0.04, 1.00","0.04, 0.96",-0.24%,-0.96,80
19,101,"0.00, 0.96","0.00, 1.00",-0.25%,-1.00,80
19,102,"0.04, 1.00","0.04, 0.96",-0.24%,-0.96,80
19,103,"0.10, 0.95","0.09, 0.91",-0.23%,-0.91,80
19,104,"0.03, 1.00","0.03, 0.97",-0.25%,-0.97,79
19,105,"0.00, 1.00","0.00, 1.00",-0.26%,-1.00,79
19,106,"0.04, 1.00","0.04, 0.96",-0.25%,-0.96,79
19,107,"0.08, 0.97","0.08, 0.92",-0.24%,-0.92,79
19,108,"0.00, 1.00","0.00, 1.00",-0.26%,-1.00,79
19,109,"0.00, 1.00","0.00, 1.00",-0.26%,-1.00,78
19,110,"0.00, 0.97","0.00, 1.00",-0.26%,-1.00,78
19,111,"0.00, 1.00","0.00, 1.00",-0.26%,-1.00,78
19,112,"0.00, 1.00","0.00, 1.00",-0.26%,-1.00,78
19,113,"0.01, 1.00","0.01, 0.99",-0.26%,-0.99,78
19,114,"0.00, 1.00","0.00, 1.00",-0.26%,-1.00,77
19,115,"0.05, 0.92","0.05, 0.95",-0.25%,-0.95,77
19,116,"0.00, 1.00","0.00, 1.00",-0.26%,-1.00,77
19,117,"0.06, 1.00","0.05, 0.95",-0.25%,-0.95,77
19,118,"0.01, 0.99","0.01, 0.99",-0.26%,-0.99,77
19,119,"0.00, 0.95","0.00, 1.00",-0.27%,-1.00,76
19,120,"0.00, 0.93","0.00, 1.00",-0.27%,-1.00,76
19,121,"0.00, 0.96","0.00, 1.00",-0.27%,-1.00,76
19,122,"0.00, 1.00","0.00, 1.00",-0.27%,-1.00,76
19,123,"0.00, 0.93","0.00, 1.00",-0.27%,-1.00,76
19,124,"0.00, 0.97","0.00, 1.00",-0.27%,-1.00,75
19,125,"0.00, 1.00","0.00, 1.00",-0.27%,-1.00,75
19,126,"0.00, 1.00","0.00, 1.00",-0.27%,-1.00,75
19,127,"0.07, 0.96","0.07, 0.93",-0.25%,-0.93,75
19,128,"0.00, 1.00","0.00, 1.00",-0.27%,-1.00,75
19,129,"0.00, 0.97","0.00, 1.00",-0.27%,-1.00,74
19,130,"0.05, 1.00","0.05, 0.95",-0.26%,-0.95,74
19,131,"0.04, 0.97","0.04, 0.96",-0.26%,-0.96,74
19,132,"0.00, 0.94","0.00, 1.00",-0.27%,-1.00,74
19,133,"0.00, 1.00","0.00, 1.00",-0.28%,-1.00,74
19,134,"0.00, 1.00","0.00, 1.00",-0.28%,-1.00,73
19,135,"0.00, 0.97","0.00, 1.00",-0.28%,-1.00,73
19,136,"0.00, 0.95","0.00, 1.00",-0.28%,-1.00,73
19,137,"0.00, 1.00","0.00, 1.00",-0.28%,-1.00,73
19,138,"0.02, 0.98","0.02, 0.98",-0.27%,-0.98,73
19,139,"0.00, 1.00","0.00, 1.00",-0.28%,-1.00,72
19,140,"0.06, 0.99","0.05, 0.95",-0.27%,-0.95,72
19,141,"0.00, 1.00","0.00, 1.00",-0.28%,-1.00,72
19,142,"0.01, 0.91","0.02, 0.98",-0.28%,-0.98,72
19,143,"0.05, 0.99","0.05, 0.95",-0.27%,-0.95,72
19,144,"0.00, 1.00","0.00, 1.00",-0.28%,-1.00,71
19,145,"0.00, 1.00","0.00, 1.00",-0.28%,-1.00,71
19,146,"0.06, 1.00","0.06, 0.94",-0.27%,-0.94,71
19,147,"0.00, 0.98","0.00, 1.00",-0.29%,-1.00,71
19,148,"0.04, 1.00","0.04, 0.96",-0.28%,-0.96,71
19,149,"0.03, 1.00","0.03, 0.97",-0.28%,-0.97,70
19,150,"0.00, 0.93","0.00, 1.00",-0.29%,-1.00,70
19,151,"0.00, 1.00","0.00, 1.00",-0.29%,-1.00,70
19,152,"0.02, 0.98","0.02, 0.98",-0.28%,-0.98,70
19,153,"0.03, 1.00","0.03, 0.97",-0.28%,-0.97,70
19,154,"0.00, 1.00","0.00, 1.00",-0.29%,-1.00,69
19,155,"0.06, 0.97","0.06, 0.94",-0.28%,-0.94,69
19,156,"0.00, 0.98","0.00, 1.00",-0.29%,-1.00,69
19,157,"0.00, 0.97","0.00, 1.00",-0.29%,-1.00,69
19,158,"0.09, 0.99","0.09, 0.91",-0.27%,-0.91,69
19,159,"0.02, 1.00","0.02, 0.98",-0.29%,-0.98,68
19,160,"0.00, 0.96","0.00, 1.00",-0.30%,-1.00,68
19,161,"0.00, 1.00","0.00, 1.00",-0.30%,-1.00,68
19,162,"0.01, 0.97","0.01, 0.99",-0.30%,-0.99,68
19,163,"0.02, 1.00","0.02, 0.98",-0.29%,-0.98,68
19,164,"0.01, 1.00","0.01, 0.99",-0.30%,-0.99,67
19,165,"0.00, 0.99","0.00, 1.00",-0.30%,-1.00,67
19,166,"0.03, 1.00","0.03, 0.97",-0.29%,-0.97,67
19,167,"0.01, 0.94","0.02, 0.98",-0.30%,-0.98,67
19,168,"0.00, 0.96","0.00, 1.00",-0.30%,-1.00,67
19,169,"0.00, 0.99","0.00, 1.00",-0.31%,-1.00,66
19,170,"0.00, 1.00","0.00, 1.00",-0.31%,-1.00,66
19,171,"0.03, 1.00","0.03, 0.97",-0.30%,-0.97,66
19,172,"0.09, 0.91","0.09, 0.91",-0.28%,-0.91,66
19,173,"0.00, 1.00","0.00, 1.00",-0.31%,-1.00,66
19,174,"0.02, 1.00","0.02, 0.98",-0.31%,-0.98,65
19,175,"0.00, 1.00","0.00, 1.00",-0.31%,-1.00,65
19,176,"0.01, 1.00","0.01, 0.99",-0.31%,-0.99,65
19,177,"0.00, 0.99","0.00, 1.00",-0.31%,-1.00,65
19,178,"0.00, 0.96","0.00, 1.00",-0.31%,-1.00,65
19,179,"0.00, 0.94","0.00, 1.00",-0.32%,-1.00,64
19,180,"0.00, 0.98","0.00, 1.00",-0.32%,-1.00,64
19,181,"0.01, 1.00","0.01, 0.99",-0.31%,-0.99,64
19,182,"0.02, 1.00","0.02, 0.98",-0.31%,-0.98,64
19,183,"0.02, 0.96","0.02, 0.98",-0.31%,-0.98,64
19,184,"0.00, 1.00","0.00, 1.00",-0.32%,-1.00,63
19,185,"0.00, 0.98","0.00, 1.00",-0.32%,-1.00,63
19,186,"0.00, 1.00","0.00, 1.00",-0.32%,-1.00,63
19,187,"0.00, 1.00","0.00, 1.00",-0.32%,-1.00,63
19,188,"0.00, 1.00","0.00, 1.00",-0.32%,-1.00,63
19,189,"0.00, 0.97","0.00, 1.00",-0.33%,-1.00,62
19,190,"0.02, 0.99","0.02, 0.98",-0.32%,-0.98,62
19,191,"0.05, 1.00","0.05, 0.95",-0.31%,-0.95,62
19,192,"0.00, 1.00","0.00, 1.00",-0.33%,-1.00,62
19,193,"0.02, 0.95","0.02, 0.98",-0.32%,-0.98,62
19,194,"0.02, 0.91","0.02, 0.98",-0.33%,-0.98,61
19,195,"0.00, 0.93","0.00, 1.00",-0.33%,-1.00,61
19,196,"0.02, 1.00","0.02, 0.98",-0.33%,-0.98,61
19,197,"0.00, 0.93","0.00, 1.00",-0.33%,-1.00,61
19,198,"0.00, 1.00","0.00, 1.00",-0.34%,-1.00,61
19,199,"0.00, 0.98","0.00, 1.00",-0.34%,-1.00,60
19,200,"0.00, 1.00","0.00, 1.00",-0.34%,-1.00,60
19,201,"0.00, 1.00","0.00, 1.00",-0.34%,-1.00,60
19,202,"0.00, 1.00","0.00, 1.00",-0.34%,-1.00,60
19,203,"0.00, 1.00","0.00, 1.00",-0.34%,-1.00,60
19,204,"0.09, 0.95","0.08, 0.92",-0.31%,-0.92,59
19,205,"0.00, 1.00","0.00, 1.00",-0.34%,-1.00,59
19,206,"0.00, 1.00","0.00, 1.00",-0.34%,-1.00,59
19,207,"0.02, 1.00","0.02, 0.98",-0.34%,-0.98,59
19,208,"0.00, 0.94","0.00, 1.00",-0.35%,-1.00,59
19,209,"0.03, 1.00","0.03, 0.97",-0.34%,-0.97,58
19,210,"0.00, 0.98","0.00, 1.00",-0.35%,-1.00,58
19,211,"0.00, 1.00","0.00, 1.00",-0.35%,-1.00,58
19,212,"0.00, 0.97","0.00, 1.00",-0.35%,-1.00,58
19,213,"0.00, 1.00","0.00, 1.00",-0.35%,-1.00,58
19,214,"0.00, 1.00","0.00, 1.00",-0.35%,-1.00,57
19,215,"0.03, 1.00","0.03, 0.97",-0.34%,-0.97,57
19,216,"0.00, 0.97","0.00, 1.00",-0.36%,-1.00,57
19,217,"0.00, 0.95","0.00, 1.00",-0.36%,-1.00,57
19,218,"0.00, 1.00","0.00, 1.00",-0.36%,-1.00,56
19,219,"0.04, 0.98","0.04, 0.96",-0.35%,-0.96,56
19,220,"0.01, 0.88","0.01, 0.99",-0.36%,-0.99,56
19,221,"0.00, 0.93","0.00, 1.00",-0.36%,-1.00,56
19,222,"0.01, 0.98","0.01, 0.99",-0.36%,-0.99,56
19,223,"0.06, 0.98","0.05, 0.95",-0.35%,-0.95,55
19,224,"0.02, 0.91","0.02, 0.98",-0.36%,-0.98,55
19,225,"0.07, 1.00","0.06, 0.94",-0.35%,-0.94,55
19,226,"0.03, 0.93","0.03, 0.97",-0.36%,-0.97,55
19,227,"0.00, 1.00","0.00, 1.00",-0.37%,-1.00,55
19,228,"0.00, 1.00","0.00, 1.00",-0.37%,-1.00,55
19,229,"0.01, 1.00","0.01, 0.99",-0.37%,-0.99,54
19,230,"0.03, 1.00","0.03, 0.97",-0.37%,-0.97,54
19,231,"0.08, 0.97","0.07, 0.93",-0.35%,-0.93,54
19,232,"0.01, 1.00","0.01, 0.99",-0.38%,-0.99,54
19,233,"0.03, 0.92","0.03, 0.97",-0.37%,-0.97,54
19,234,"0.00, 0.95","0.00, 1.00",-0.38%,-1.00,53
19,235,"0.03, 1.00","0.03, 0.97",-0.37%,-0.97,53
19,236,"0.00, 0.94","0.00, 1.00",-0.38%,-1.00,53
19,237,"0.00, 1.00","0.00, 1.00",-0.39%,-1.00,53
19,238,"0.00, 0.95","0.00, 1.00",-0.39%,-1.00,52
19,239,"0.04, 1.00","0.04, 0.96",-0.37%,-0.96,52
19,240,"0.00, 1.00","0.00, 1.00",-0.39%,-1.00,52
19,241,"0.00, 0.89","0.00, 1.00",-0.39%,-1.00,52
19,242,"0.05, 1.00","0.05, 0.95",-0.38%,-0.95,52
19,243,"0.01, 1.00","0.01, 0.99",-0.39%,-0.99,51
19,244,"0.00, 1.00","0.00, 1.00",-0.40%,-1.00,51
19,245,"0.00, 1.00","0.00, 1.00",-0.40%,-1.00,51
19,246,"0.03, 0.98","0.03, 0.97",-0.39%,-0.97,51
19,247,"0.00, 1.00","0.00, 1.00",-0.40%,-1.00,51
19,248,"0.00, 0.95","0.00, 1.00",-0.40%,-1.00,50
19,249,"0.01, 0.91","0.01, 0.99",-0.40%,-0.99,50
19,250,"0.00, 1.00","0.00, 1.00",-0.41%,-1.00,50
19,251,"0.00, 0.88","0.00, 1.00",-0.41%,-1.00,50
19,252,"0.00, 1.00","0.00, 1.00",-0.41%,-1.00,50
19,253,"0.00, 1.00","0.00, 1.00",-0.41%,-1.00,49
19,254,"0.00, 0.92","0.00, 1.00",-0.41%,-1.00,49
19,255,"0.00, 0.96","0.00, 1.00",-0.41%,-1.00,49
19,256,"0.01, 1.00","0.01, 0.99",-0.41%,-0.99,49
19,257,"0.00, 0.89","0.00, 1.00",-0.42%,-1.00,49
19,258,"0.04, 1.00","0.04, 0.96",-0.40%,-0.96,48
19,259,"0.03, 0.99","0.03, 0.97",-0.41%,-0.97,48
19,260,"0.08, 1.00","0.07, 0.93",-0.39%,-0.93,48
19,261,"0.03, 0.96","0.03, 0.97",-0.41%,-0.97,48
19,262,"0.00, 1.00","0.00, 1.00",-0.43%,-1.00,48
19,263,"0.01, 0.99","0.01, 0.99",-0.43%,-0.99,47
19,264,"0.04, 1.00","0.04, 0.96",-0.41%,-0.96,47
19,265,"0.09, 0.98","0.08, 0.92",-0.40%,-0.92,47
19,266,"0.06, 0.99","0.06, 0.94",-0.41%,-0.94,47
19,267,"0.00, 1.00","0.00, 1.00",-0.44%,-1.00,47
19,268,"0.00, 0.99","0.00, 1.00",-0.44%,-1.00,46
19,269,"0.00, 1.00","0.00, 1.00",-0.44%,-1.00,46
19,270,"0.03, 1.00","0.03, 0.97",-0.43%,-0.97,46
19,271,"0.03, 1.00","0.03, 0.97",-0.43%,-0.97,46
19,272,"0.00, 0.95","0.00, 1.00",-0.45%,-1.00,46
19,273,"0.06, 1.00","0.05, 0.95",-0.42%,-0.95,45
19,274,"0.00, 0.99","0.00, 1.00",-0.45%,-1.00,45
19,275,"0.03, 1.00","0.03, 0.97",-0.44%,-0.97,45
19,276,"0.00, 0.92","0.00, 1.00",-0.45%,-1.00,45
19,277,"0.07, 1.00","0.07, 0.93",-0.42%,-0.93,45
19,278,"0.06, 1.00","0.06, 0.94",-0.43%,-0.94,44
19,279,"0.00, 0.94","0.00, 1.00",-0.46%,-1.00,44
19,280,"0.08, 0.94","0.08, 0.92",-0.42%,-0.92,44
19,281,"0.00, 1.00","0.00, 1.00",-0.47%,-1.00,44
19,282,"0.00, 0.92","0.00, 1.00",-0.47%,-1.00,44
19,283,"0.00, 0.99","0.00, 1.00",-0.47%,-1.00,43
19,284,"0.09, 0.94","0.09, 0.91",-0.43%,-0.91,43
19,285,"0.00, 1.00","0.00, 1.00",-0.47%,-1.00,43
19,286,"0.05, 0.97","0.04, 0.96",-0.46%,-0.96,43
19,287,"0.00, 1.00","0.00, 1.00",-0.48%,-1.00,43
19,288,"0.00, 0.94","0.00, 1.00",-0.48%,-1.00,42
19,289,"0.03, 0.96","0.03, 0.97",-0.47%,-0.97,42
19,290,"0.00, 0.94","0.00, 1.00",-0.49%,-1.00,42
19,291,"0.03, 1.00","0.03, 0.97",-0.47%,-0.97,42
19,292,"0.06, 0.98","0.06, 0.94",-0.46%,-0.94,42
19,293,"0.08, 0.93","0.08, 0.92",-0.45%,-0.92,41
19,294,"0.07, 0.93","0.07, 0.93",-0.46%,-0.93,41
19,295,"0.01, 0.91","0.01, 0.99",-0.49%,-0.99,41
19,296,"0.00, 1.00","0.00, 1.00",-0.50%,-1.00,41
19,297,"0.14, 0.97","0.13, 0.87",-0.44%,-0.87,41
19,298,"0.00, 0.93","0.00, 1.00",-0.51%,-1.00,40
19,299,"0.00, 0.94","0.00, 1.00",-0.51%,-1.00,40
19,300,"0.04, 1.00","0.04, 0.96",-0.49%,-0.96,40
19,301,"0.00, 0.97","0.00, 1.00",-0.51%,-1.00,40
19,302,"0.01, 1.00","0.01, 0.99",-0.51%,-0.99,40
19,303,"0.00, 1.00","0.00, 1.00",-0.52%,-1.00,39
19,304,"0.00, 0.99","0.00, 1.00",-0.52%,-1.00,39
19,305,"0.00, 1.00","0.00, 1.00",-0.52%,-1.00,39
19,306,"0.00, 1.00","0.00, 1.00",-0.53%,-1.00,39
19,307,"0.02, 0.97","0.02, 0.98",-0.52%,-0.98,39
19,308,"0.00, 0.99","0.00, 1.00",-0.53%,-1.00,38
19,309,"0.00, 1.00","0.00, 1.00",-0.53%,-1.00,38
19,310,"0.03, 1.00","0.02, 0.98",-0.52%,-0.98,38
19,311,"0.00, 1.00","0.00, 1.00",-0.54%,-1.00,38
19,312,"0.06, 0.98","0.06, 0.94",-0.51%,-0.94,38
19,313,"0.00, 1.00","0.00, 1.00",-0.55%,-1.00,37
19,314,"0.05, 0.98","0.05, 0.95",-0.52%,-0.95,37
19,315,"0.03, 1.00","0.03, 0.97",-0.53%,-0.97,37
19,316,"0.00, 0.99","0.00, 1.00",-0.56%,-1.00,37
19,317,"0.03, 0.97","0.03, 0.97",-0.54%,-0.97,37
19,318,"0.00, 1.00","0.00, 1.00",-0.56%,-1.00,36
19,319,"0.00, 0.99","0.00, 1.00",-0.56%,-1.00,36
19,320,"0.08, 1.00","0.07, 0.93",-0.53%,-0.93,36
19,321,"0.02, 0.96","0.02, 0.98",-0.56%,-0.98,36
19,322,"0.04, 1.00","0.04, 0.96",-0.55%,-0.96,36
19,323,"0.08, 1.00","0.07, 0.93",-0.54%,-0.93,35
19,324,"0.00, 0.98","0.00, 1.00",-0.58%,-1.00,35
19,325,"0.00, 1.00","0.00, 1.00",-0.58%,-1.00,35
19,326,"0.03, 0.92","0.04, 0.96",-0.57%,-0.96,35
19,327,"0.00, 0.96","0.00, 1.00",-0.59%,-1.00,35
19,328,"0.00, 1.00","0.00, 1.00",-0.60%,-1.00,34
19,329,"0.00, 1.00","0.00, 1.00",-0.60%,-1.00,34
19,330,"0.00, 1.00","0.00, 1.00",-0.60%,-1.00,34
19,331,"0.00, 0.93","0.00, 1.00",-0.61%,-1.00,34
19,332,"0.05, 0.99","0.05, 0.95",-0.58%,-0.95,34
19,333,"0.00, 0.94","0.00, 1.00",-0.61%,-1.00,33
19,334,"0.06, 1.00","0.06, 0.94",-0.58%,-0.94,33
19,335,"0.00, 0.97","0.00, 1.00",-0.62%,-1.00,33
19,336,"0.00, 0.90","0.00, 1.00",-0.62%,-1.00,33
19,337,"0.05, 1.00","0.05, 0.95",-0.60%,-0.95,33
19,338,"0.00, 0.97","0.00, 1.00",-0.63%,-1.00,32
19,339,"0.00, 1.00","0.00, 1.00",-0.63%,-1.00,32
19,340,"0.00, 0.98","0.00, 1.00",-0.64%,-1.00,32
19,341,"0.05, 0.96","0.05, 0.95",-0.61%,-0.95,32
19,342,"0.05, 0.97","0.05, 0.95",-0.62%,-0.95,32
19,343,"0.01, 1.00","0.01, 0.99",-0.65%,-0.99,31
19,344,"0.00, 1.00","0.00, 1.00",-0.66%,-1.00,31
19,345,"0.12, 1.00","0.10, 0.90",-0.59%,-0.90,31
19,346,"0.00, 1.00","0.00, 1.00",-0.67%,-1.00,31
19,347,"0.05, 0.99","0.05, 0.95",-0.64%,-0.95,31
19,348,"0.00, 1.00","0.00, 1.00",-0.68%,-1.00,30
19,349,"0.00, 1.00","0.00, 1.00",-0.68%,-1.00,30
19,350,"0.04, 1.00","0.04, 0.96",-0.66%,-0.96,30
19,351,"0.00, 0.98","0.00, 1.00",-0.69%,-1.00,30
19,352,"0.00, 1.00","0.00, 1.00",-0.69%,-1.00,30
19,353,"0.00, 1.00","0.00, 1.00",-0.70%,-1.00,29
19,354,"0.00, 0.97","0.00, 1.00",-0.70%,-1.00,29
19,355,"0.00, 1.00","0.00, 1.00",-0.71%,-1.00,29
19,356,"0.00, 0.99","0.00, 1.00",-0.71%,-1.00,29
19,357,"0.03, 1.00","0.03, 0.97",-0.70%,-0.97,29
19,358,"0.03, 1.00","0.03, 0.97",-0.70%,-0.97,28
19,359,"0.05, 0.98","0.05, 0.95",-0.69%,-0.95,28
19,360,"0.00, 1.00","0.00, 1.00",-0.74%,-1.00,28
19,361,"0.00, 0.87","0.00, 1.00",-0.74%,-1.00,28
19,362,"0.00, 1.00","0.00, 1.00",-0.75%,-1.00,28
19,363,"0.00, 1.00","0.00, 1.00",-0.75%,-1.00,27
19,364,"0.00, 1.00","0.00, 1.00",-0.76%,-1.00,27
19,365,"0.03, 0.95","0.04, 0.96",-0.74%,-0.96,27
19,366,"0.00, 1.00","0.00, 1.00",-0.77%,-1.00,27
19,367,"0.00, 0.99","0.00, 1.00",-0.78%,-1.00,26
19,368,"0.00, 1.00","0.00, 1.00",-0.78%,-1.00,26
19,369,"0.02, 1.00","0.02, 0.98",-0.77%,-0.98,26
19,370,"0.00, 1.00","0.00, 1.00",-0.79%,-1.00,26
19,371,"0.02, 1.00","0.02, 0.98",-0.78%,-0.98,26
19,372,"0.05, 1.00","0.05, 0.95",-0.77%,-0.95,25
19,373,"0.02, 1.00","0.02, 0.98",-0.80%,-0.98,25
19,374,"0.00, 1.00","0.00, 1.00",-0.82%,-1.00,25
19,375,"0.00, 0.93","0.00, 1.00",-0.83%,-1.00,25
19,376,"0.01, 0.95","0.01, 0.99",-0.83%,-0.99,25
19,377,"0.00, 0.96","0.00, 1.00",-0.84%,-1.00,24
19,378,"0.00, 1.00","0.00, 1.00",-0.85%,-1.00,24
19,379,"0.00, 1.00","0.00, 1.00",-0.85%,-1.00,24
19,380,"0.00, 0.97","0.00, 1.00",-0.86%,-1.00,24
19,381,"0.01, 0.93","0.01, 0.99",-0.86%,-0.99,24
19,382,"0.00, 0.93","0.00, 1.00",-0.88%,-1.00,23
19,383,"0.00, 0.98","0.00, 1.00",-0.88%,-1.00,23
19,384,"0.03, 1.00","0.02, 0.98",-0.87%,-0.98,23
19,385,"0.06, 0.96","0.06, 0.94",-0.85%,-0.94,23
19,386,"0.04, 1.00","0.04, 0.96",-0.87%,-0.96,23
19,387,"0.11, 0.95","0.10, 0.90",-0.82%,-0.90,22
19,388,"0.04, 1.00","0.04, 0.96",-0.89%,-0.96,22
19,389,"0.04, 0.91","0.04, 0.96",-0.89%,-0.96,22
19,390,"0.03, 0.97","0.03, 0.97",-0.92%,-0.97,22
19,391,"0.00, 1.00","0.00, 1.00",-0.95%,-1.00,22
19,392,"0.00, 1.00","0.00, 1.00",-0.96%,-1.00,21
19,393,"0.00, 0.98","0.00, 1.00",-0.97%,-1.00,21
19,394,"0.00, 1.00","0.00, 1.00",-0.98%,-1.00,21
19,395,"0.00, 0.96","0.00, 1.00",-0.99%,-1.00,21
19,396,"0.01, 1.00","0.01, 0.99",-0.99%,-0.99,21
19,397,"0.07, 0.88","0.07, 0.93",-0.94%,-0.93,20
19,398,"0.06, 0.98","0.06, 0.94",-0.96%,-0.94,20
19,399,"0.00, 0.92","0.00, 1.00",-1.03%,-1.00,20
19,400,"0.00, 1.00","0.00, 1.00",-1.04%,-1.00,20
19,401,"0.01, 1.00","0.01, 0.99",-1.04%,-0.99,20
19,402,"0.00, 1.00","0.00, 1.00",-1.06%,-1.00,19
19,403,"0.00, 0.99","0.00, 1.00",-1.08%,-1.00,19
19,404,"0.02, 0.85","0.02, 0.98",-1.06%,-0.98,19
19,405,"0.02, 1.00","0.02, 0.98",-1.07%,-0.98,19
19,406,"0.00, 0.93","0.00, 1.00",-1.11%,-1.00,19
19,407,"0.00, 0.97","0.00, 1.00",-1.12%,-1.00,18
19,408,"0.00, 1.00","0.00, 1.00",-1.14%,-1.00,18
19,409,"0.03, 0.95","0.03, 0.97",-1.11%,-0.97,18
19,410,"0.05, 0.92","0.06, 0.94",-1.10%,-0.94,18
19,411,"0.00, 1.00","0.00, 1.00",-1.18%,-1.00,18
19,412,"0.00, 1.00","0.00, 1.00",-1.19%,-1.00,17
19,413,"0.06, 1.00","0.06, 0.94",-1.14%,-0.94,17
19,414,"0.03, 0.95","0.03, 0.97",-1.18%,-0.97,17
19,415,"0.00, 1.00","0.00, 1.00",-1.23%,-1.00,17
19,416,"0.06, 1.00","0.06, 0.94",-1.18%,-0.94,17
19,417,"0.06, 1.00","0.06, 0.94",-1.19%,-0.94,16
19,418,"0.03, 0.98","0.03, 0.97",-1.24%,-0.97,16
19,419,"0.00, 0.87","0.00, 1.00",-1.30%,-1.00,16
19,420,"0.04, 0.99","0.04, 0.96",-1.27%,-0.96,16
19,421,"0.00, 0.98","0.00, 1.00",-1.33%,-1.00,15
19,422,"0.00, 1.00","0.00, 1.00",-1.35%,-1.00,15
19,423,"0.06, 0.96","0.06, 0.94",-1.29%,-0.94,15
19,424,"0.03, 1.00","0.03, 0.97",-1.35%,-0.97,15
19,425,"0.00, 1.00","0.00, 1.00",-1.41%,-1.00,15
19,426,"0.00, 1.00","0.00, 1.00",-1.43%,-1.00,14
19,427,"0.06, 1.00","0.06, 0.94",-1.36%,-0.94,14
19,428,"0.00, 1.00","0.00, 1.00",-1.47%,-1.00,14
19,429,"0.00, 1.00","0.00, 1.00",-1.49%,-1.00,14
19,430,"0.00, 0.91","0.00, 1.00",-1.52%,-1.00,14
19,431,"0.03, 0.93","0.03, 0.97",-1.50%,-0.97,13
19,432,"0.04, 0.90","0.05, 0.95",-1.49%,-0.95,13
19,433,"0.05, 1.00","0.05, 0.95",-1.51%,-0.95,13
19,434,"0.00, 1.00","0.00, 1.00",-1.61%,-1.00,13
19,435,"0.00, 0.99","0.00, 1.00",-1.64%,-1.00,13
19,436,"0.01, 0.96","0.01, 0.99",-1.64%,-0.99,12
19,437,"0.04, 1.00","0.04, 0.96",-1.63%,-0.96,12
19,438,"0.02, 1.00","0.01, 0.99",-1.70%,-0.99,12
19,439,"0.03, 0.90","0.03, 0.97",-1.70%,-0.97,12
19,440,"0.00, 1.00","0.00, 1.00",-1.79%,-1.00,12
19,441,"0.00, 1.00","0.00, 1.00",-1.82%,-1.00,11
19,442,"0.03, 1.00","0.03, 0.97",-1.80%,-0.97,11
19,443,"0.04, 0.98","0.04, 0.96",-1.81%,-0.96,11
19,444,"0.00, 1.00","0.00, 1.00",-1.92%,-1.00,11
19,445,"0.01, 1.00","0.01, 0.99",-1.95%,-0.99,11
19,446,"0.07, 1.00","0.06, 0.94",-1.88%,-0.94,10
19,447,"0.09, 0.96","0.09, 0.91",-1.86%,-0.91,10
19,448,"0.06, 0.99","0.06, 0.94",-1.96%,-0.94,10
19,449,"0.02, 0.98","0.02, 0.98",-2.09%,-0.98,10
19,450,"0.04, 1.00","0.04, 0.96",-2.09%,-0.96,10
19,451,"0.00, 1.00","0.00, 1.00",-2.22%,-1.00,9
19,452,"0.00, 0.96","0.00, 1.00",-2.27%,-1.00,9
19,453,"0.01, 0.99","0.01, 0.99",-2.30%,-0.99,9
19,454,"0.07, 0.96","0.06, 0.94",-2.23%,-0.94,9
19,455,"0.03, 0.99","0.03, 0.97",-2.37%,-0.97,8
19,456,"0.06, 1.00","0.06, 0.94",-2.35%,-0.94,8
19,457,"0.01, 1.00","0.01, 0.99",-2.53%,-0.99,8
19,458,"0.00, 1.00","0.00, 1.00",-2.63%,-1.00,8
19,459,"0.00, 0.96","0.00, 1.00",-2.70%,-1.00,8
19,460,"0.05, 1.00","0.05, 0.95",-2.65%,-0.95,7
19,461,"0.09, 0.97","0.08, 0.92",-2.63%,-0.92,7
19,462,"0.02, 1.00","0.02, 0.98",-2.88%,-0.98,7
19,463,"0.06, 0.93","0.06, 0.94",-2.84%,-0.94,7
19,464,"0.01, 0.96","0.01, 0.99",-3.10%,-0.99,7
19,465,"0.00, 1.00","0.00, 1.00",-3.23%,-1.00,6
19,466,"0.02, 1.00","0.02, 0.98",-3.26%,-0.98,6
19,467,"0.00, 0.98","0.00, 1.00",-3.45%,-1.00,6
19,468,"0.02, 0.98","0.02, 0.98",-3.50%,-0.98,6
19,469,"0.01, 0.96","0.01, 0.99",-3.68%,-0.99,6
19,470,"0.00, 1.00","0.00, 1.00",-3.85%,-1.00,5
19,471,"0.00, 0.93","0.00, 1.00",-4.00%,-1.00,5
19,472,"0.03, 0.98","0.03, 0.97",-4.04%,-0.97,5
19,473,"0.04, 1.00","0.04, 0.96",-4.19%,-0.96,5
19,474,"0.04, 0.97","0.04, 0.96",-4.36%,-0.96,5
19,475,"0.03, 1.00","0.03, 0.97",-4.62%,-0.97,4
19,476,"0.02, 1.00","0.02, 0.98",-4.90%,-0.98,4
19,477,"0.00, 1.00","0.00, 1.00",-5.26%,-1.00,4
19,478,"0.03, 1.00","0.03, 0.97",-5.39%,-0.97,4
19,479,"0.01, 0.99","0.01, 0.99",-5.80%,-0.99,3
19,480,"0.07, 1.00","0.06, 0.94",-5.84%,-0.94,3
19,481,"0.07, 1.00","0.06, 0.94",-6.24%,-0.94,3
19,482,"0.03, 1.00","0.03, 0.97",-6.91%,-0.97,3
19,483,"0.00, 1.00","0.00, 1.00",-7.69%,-1.00,3
19,484,"0.03, 1.00","0.03, 0.97",-8.12%,-0.97,2
19,485,"0.01, 1.00","0.01, 0.99",-9.02%,-0.99,2
19,486,"0.00, 1.00","0.00, 1.00",-10.00%,-1.00,2
19,487,"0.00, 1.00","0.00, 1.00",-11.11%,-1.00,2
19,488,"0.00, 0.97","0.00, 1.00",-12.50%,-1.00,2
19,489,"0.00, 0.99","0.00, 1.00",-14.29%,-1.00,1
19,490,"0.00, 1.00","0.00, 1.00",-16.67%,-1.00,1
19,491,"0.04, 0.94","0.04, 0.96",-19.17%,-0.96,1
19,492,"0.00, 1.00","0.00, 1.00",-25.00%,-1.00,1
19,493,"0.11, 0.99","0.10, 0.90",-29.86%,-0.90,0
19,494,"0.00, 0.98","0.00, 1.00",-50.00%,-1.00,0
20,1,"0.50, 0.50","0.50, 0.50",-0.10%,-0.50,100
20,2,"0.00, 0.90","0.00, 1.00",-0.20%,-1.00,100
20,3,"0.00, 1.00","0.00, 1.00",-0.20%,-1.00,99
20,4,"0.01, 1.00","0.01, 0.99",-0.20%,-0.99,99
20,5,"0.05, 0.94","0.05, 0.95",-0.19%,-0.95,99
20,6,"0.03, 1.00","0.03, 0.97",-0.20%,-0.97,99
20,7,"0.00, 1.00","0.00, 1.00",-0.20%,-1.00,99
20,8,"0.05, 1.00","0.05, 0.95",-0.19%,-0.95,99
20,9,"0.04, 1.00","0.04, 0.96",-0.20%,-0.96,98
20,10,"0.06, 0.98","0.05, 0.95",-0.19%,-0.95,98
20,11,"0.05, 1.00","0.04, 0.96",-0.20%,-0.96,98
20,12,"0.00, 1.00","0.00, 1.00",-0.21%,-1.00,98
20,13,"0.03, 0.95","0.03, 0.97",-0.20%,-0.97,98
20,14,"0.00, 1.00","0.00, 1.00",-0.21%,-1.00,97
20,15,"0.04, 0.91","0.05, 0.95",-0.20%,-0.95,97
20,16,"0.05, 0.95","0.05, 0.95",-0.20%,-0.95,97
20,17,"0.12, 1.00","0.11, 0.89",-0.19%,-0.89,97
20,18,"0.00, 1.00","0.00, 1.00",-0.21%,-1.00,97
20,19,"0.00, 1.00","0.00, 1.00",-0.21%,-1.00,96
20,20,"0.00, 1.00","0.00, 1.00",-0.21%,-1.00,96
20,21,"0.08, 1.00","0.07, 0.93",-0.20%,-0.93,96
20,22,"0.00, 1.00","0.00, 1.00",-0.21%,-1.00,96
20,23,"0.06, 1.00","0.05, 0.95",-0.20%,-0.95,96
20,24,"0.05, 1.00","0.05, 0.95",-0.20%,-0.95,95
20,25,"0.00, 1.00","0.00, 1.00",-0.21%,-1.00,95
20,26,"0.00, 1.00","0.00, 1.00",-0.21%,-1.00,95
20,27,"0.01, 1.00","0.01, 0.99",-0.21%,-0.99,95
20,28,"0.00, 1.00","0.00, 1.00",-0.21%,-1.00,95
20,29,"0.00, 0.98","0.00, 1.00",-0.21%,-1.00,94
20,30,"0.00, 1.00","0.00, 1.00",-0.21%,-1.00,94
20,31,"0.06, 0.93","0.06, 0.94",-0.20%,-0.94,94
20,32,"0.00, 1.00","0.00, 1.00",-0.22%,-1.00,94
20,33,"0.01, 1.00","0.01, 0.99",-0.21%,-0.99,94
20,34,"0.00, 1.00","0.00, 1.00",-0.22%,-1.00,93
20,35,"0.03, 1.00","0.03, 0.97",-0.21%,-0.97,93
20,36,"0.01, 1.00","0.01, 0.99",-0.22%,-0.99,93
20,37,"0.00, 0.92","0.00, 1.00",-0.22%,-1.00,93
20,38,"0.00, 0.99","0.00, 1.00",-0.22%,-1.00,93
20,39,"0.05, 1.00","0.05, 0.95",-0.21%,-0.95,92
20,40,"0.04, 0.97","0.04, 0.96",-0.21%,-0.96,92
20,41,"0.00, 1.00","0.00, 1.00",-0.22%,-1.00,92
20,42,"0.00, 1.00","0.00, 1.00",-0.22%,-1.00,92
20,43,"0.00, 1.00","0.00, 1.00",-0.22%,-1.00,92
20,44,"0.00, 0.97","0.00, 1.00",-0.22%,-1.00,91
20,45,"0.02, 1.00","0.02, 0.98",-0.22%,-0.98,91
20,46,"0.05, 1.00","0.05, 0.95",-0.21%,-0.95,91
20,47,"0.00, 1.00","0.00, 1.00",-0.22%,-1.00,91
20,48,"0.02, 1.00","0.02, 0.98",-0.22%,-0.98,91
20,49,"0.00, 1.00","0.00, 1.00",-0.22%,-1.00,90
20,50,"0.09, 1.00","0.09, 0.91",-0.20%,-0.91,90
20,51,"0.04, 0.99","0.04, 0.96",-0.22%,-0.96,90
20,52,"0.07, 0.89","0.07, 0.93",-0.21%,-0.93,90
20,53,"0.00, 0.95","0.00, 1.00",-0.22%,-1.00,90
20,54,"0.00, 0.87","0.00, 1.00",-0.23%,-1.00,89
20,55,"0.00, 0.95","0.00, 1.00",-0.23%,-1.00,89
20,56,"0.06, 0.95","0.06, 0.94",-0.21%,-0.94,89
20,57,"0.03, 0.98","0.03, 0.97",-0.22%,-0.97,89
20,58,"0.01, 0.95","0.01, 0.99",-0.23%,-0.99,89
20,59,"0.02, 1.00","0.02, 0.98",-0.22%,-0.98,88
20,60,"0.00, 0.98","0.00, 1.00",-0.23%,-1.00,88
20,61,"0.03, 1.00","0.03, 0.97",-0.22%,-0.97,88
20,62,"0.00, 0.99","0.00, 1.00",-0.23%,-1.00,88
20,63,"0.00, 0.99","0.00, 1.00",-0.23%,-1.00,88
20,64,"0.00, 1.00","0.00, 1.00",-0.23%,-1.00,87
20,65,"0.06, 1.00","0.05, 0.95",-0.22%,-0.95,87
20,66,"0.06, 0.97","0.05, 0.95",-0.22%,-0.95,87
20,67,"0.02, 1.00","0.02, 0.98",-0.23%,-0.98,87
20,68,"0.00, 1.00","0.00, 1.00",-0.23%,-1.00,87
20,69,"0.00, 0.97","0.00, 1.00",-0.23%,-1.00,86
20,70,"0.00, 1.00","0.00, 1.00",-0.23%,-1.00,86
20,71,"0.10, 1.00","0.09, 0.91",-0.21%,-0.91,86
20,72,"0.13, 1.00","0.11, 0.89",-0.21%,-0.89,86
20,73,"0.00, 1.00","0.00, 1.00",-0.24%,-1.00,86
20,74,"0.01, 1.00","0.01, 0.99",-0.23%,-0.99,85
20,75,"0.02, 1.00","0.02, 0.98",-0.23%,-0.98,85
20,76,"0.03, 1.00","0.03, 0.97",-0.23%,-0.97,85
20,77,"0.00, 1.00","0.00, 1.00",-0.24%,-1.00,85
20,78,"0.03, 1.00","0.03, 0.97",-0.23%,-0.97,85
20,79,"0.00, 1.00","0.00, 1.00",-0.24%,-1.00,84
20,80,"0.02, 0.95","0.02, 0.98",-0.24%,-0.98,84
20,81,"0.00, 0.98","0.00, 1.00",-0.24%,-1.00,84
20,82,"0.00, 0.93","0.00, 1.00",-0.24%,-1.00,84
20,83,"0.00, 0.97","0.00, 1.00",-0.24%,-1.00,84
20,84,"0.00, 1.00","0.00, 1.00",-0.24%,-1.00,83
20,85,"0.00, 0.97","0.00, 1.00",-0.24%,-1.00,83
20,86,"0.00, 0.97","0.00, 1.00",-0.24%,-1.00,83
20,87,"0.00, 0.91","0.00, 1.00",-0.24%,-1.00,83
20,88,"0.04, 1.00","0.04, 0.96",-0.24%,-0.96,83
20,89,"0.00, 0.93","0.00, 1.00",-0.25%,-1.00,82
20,90,"0.00, 1.00","0.00, 1.00",-0.25%,-1.00,82
20,91,"0.00, 0.93","0.00, 1.00",-0.25%,-1.00,82
20,92,"0.00, 1.00","0.00, 1.00",-0.25%,-1.00,82
20,93,"0.04, 0.98","0.04, 0.96",-0.24%,-0.96,82
20,94,"0.00, 0.94","0.00, 1.00",-0.25%,-1.00,81
20,95,"0.00, 0.92","0.00, 1.00",-0.25%,-1.00,81
20,96,"0.00, 1.00","0.00, 1.00",-0.25%,-1.00,81
20,97,"0.04, 1.00","0.04, 0.96",-0.24%,-0.96,81
20,98,"0.00, 0.93","0.00, 1.00",-0.25%,-1.00,81
20,99,"0.00, 1.00","0.00, 1.00",-0.25%,-1.00,80
20,100,"0.00, 0.99","0.00, 1.00",-0.25%,-1.00,80
