EPISODE:  0
{'n_steps': 5, 'ent_coef': 0.01, 'learning_rate': 0.0007}
Using cuda device
EPISODE:  1
-------------------------------------
| time/                 |           |
|    fps                | 14        |
|    iterations         | 100       |
|    time_elapsed       | 35        |
|    total_timesteps    | 500       |
| train/                |           |
|    entropy_loss       | -2.79     |
|    explained_variance | 0         |
|    learning_rate      | 0.0007    |
|    n_updates          | 99        |
|    policy_loss        | 5.41e+03  |
|    reward             | 722.15234 |
|    std                | 0.975     |
|    value_loss         | 5.62e+06  |
-------------------------------------
EPISODE:  2
-------------------------------------
| time/                 |           |
|    fps                | 14        |
|    iterations         | 200       |
|    time_elapsed       | 70        |
|    total_timesteps    | 1000      |
| train/                |           |
|    entropy_loss       | -2.78     |
|    explained_variance | 1.43e-06  |
|    learning_rate      | 0.0007    |
|    n_updates          | 199       |
|    policy_loss        | 552       |
|    reward             | 42.858486 |
|    std                | 0.972     |
|    value_loss         | 9.33e+04  |
-------------------------------------
------------------------------------
| time/                 |          |
|    fps                | 14       |
|    iterations         | 300      |
|    time_elapsed       | 105      |
|    total_timesteps    | 1500     |
| train/                |          |
|    entropy_loss       | -2.77    |
|    explained_variance | 5.96e-08 |
|    learning_rate      | 0.0007   |
|    n_updates          | 299      |
|    policy_loss        | 6.27e+03 |
|    reward             | 724.063  |
|    std                | 0.969    |
|    value_loss         | 5.65e+06 |
------------------------------------
EPISODE:  3
-------------------------------------
| time/                 |           |
|    fps                | 14        |
|    iterations         | 400       |
|    time_elapsed       | 140       |
|    total_timesteps    | 2000      |
| train/                |           |
|    entropy_loss       | -2.77     |
|    explained_variance | -1.19e-07 |
|    learning_rate      | 0.0007    |
|    n_updates          | 399       |
|    policy_loss        | 942       |
|    reward             | 40.450012 |
|    std                | 0.969     |
|    value_loss         | 9.4e+04   |
-------------------------------------
-------------------------------------
| time/                 |           |
|    fps                | 14        |
|    iterations         | 500       |
|    time_elapsed       | 174       |
|    total_timesteps    | 2500      |
| train/                |           |
|    entropy_loss       | -2.77     |
|    explained_variance | 1.19e-07  |
|    learning_rate      | 0.0007    |
|    n_updates          | 499       |
|    policy_loss        | 7.46e+03  |
|    reward             | 748.25684 |
|    std                | 0.969     |
|    value_loss         | 6.03e+06  |
-------------------------------------
EPISODE:  4
------------------------------------
| time/                 |          |
|    fps                | 14       |
|    iterations         | 600      |
|    time_elapsed       | 209      |
|    total_timesteps    | 3000     |
| train/                |          |
|    entropy_loss       | -2.77    |
|    explained_variance | 1.19e-07 |
|    learning_rate      | 0.0007   |
|    n_updates          | 599      |
|    policy_loss        | 1.04e+03 |
|    reward             | 64.35532 |
|    std                | 0.965    |
|    value_loss         | 1.87e+05 |
------------------------------------
-------------------------------------
| time/                 |           |
|    fps                | 14        |
|    iterations         | 700       |
|    time_elapsed       | 245       |
|    total_timesteps    | 3500      |
| train/                |           |
|    entropy_loss       | -2.77     |
|    explained_variance | -1.19e-07 |
|    learning_rate      | 0.0007    |
|    n_updates          | 699       |
|    policy_loss        | 7.16e+03  |
|    reward             | 740.82684 |
|    std                | 0.969     |
|    value_loss         | 5.91e+06  |
-------------------------------------
EPISODE:  5
-------------------------------------
| time/                 |           |
|    fps                | 14        |
|    iterations         | 800       |
|    time_elapsed       | 280       |
|    total_timesteps    | 4000      |
| train/                |           |
|    entropy_loss       | -2.76     |
|    explained_variance | 7.15e-07  |
|    learning_rate      | 0.0007    |
|    n_updates          | 799       |
|    policy_loss        | 849       |
|    reward             | 74.723656 |
|    std                | 0.959     |
|    value_loss         | 1.66e+05  |
-------------------------------------
-------------------------------------
| time/                 |           |
|    fps                | 14        |
|    iterations         | 900       |
|    time_elapsed       | 315       |
|    total_timesteps    | 4500      |
| train/                |           |
|    entropy_loss       | -2.75     |
|    explained_variance | 0         |
|    learning_rate      | 0.0007    |
|    n_updates          | 899       |
|    policy_loss        | 7.75e+03  |
|    reward             | 745.10345 |
|    std                | 0.955     |
|    value_loss         | 5.97e+06  |
-------------------------------------
EPISODE:  6
-------------------------------------
| time/                 |           |
|    fps                | 14        |
|    iterations         | 1000      |
|    time_elapsed       | 350       |
|    total_timesteps    | 5000      |
| train/                |           |
|    entropy_loss       | -2.74     |
|    explained_variance | 8.94e-07  |
|    learning_rate      | 0.0007    |
|    n_updates          | 999       |
|    policy_loss        | 848       |
|    reward             | 68.556564 |
|    std                | 0.952     |
|    value_loss         | 1.52e+05  |
-------------------------------------
------------------------------------
| time/                 |          |
|    fps                | 14       |
|    iterations         | 1100     |
|    time_elapsed       | 385      |
|    total_timesteps    | 5500     |
| train/                |          |
|    entropy_loss       | -2.73    |
|    explained_variance | 0        |
|    learning_rate      | 0.0007   |
|    n_updates          | 1099     |
|    policy_loss        | 4.59e+03 |
|    reward             | 737.0279 |
|    std                | 0.946    |
|    value_loss         | 5.83e+06 |
------------------------------------
EPISODE:  7
------------------------------------
| time/                 |          |
|    fps                | 14       |
|    iterations         | 1200     |
|    time_elapsed       | 419      |
|    total_timesteps    | 6000     |
| train/                |          |
|    entropy_loss       | -2.74    |
|    explained_variance | 0        |
|    learning_rate      | 0.0007   |
|    n_updates          | 1199     |
|    policy_loss        | 1.29e+03 |
|    reward             | 70.21523 |
|    std                | 0.953    |
|    value_loss         | 2.1e+05  |
------------------------------------
------------------------------------
| time/                 |          |
|    fps                | 14       |
|    iterations         | 1300     |
|    time_elapsed       | 454      |
|    total_timesteps    | 6500     |
| train/                |          |
|    entropy_loss       | -2.74    |
|    explained_variance | 0        |
|    learning_rate      | 0.0007   |
|    n_updates          | 1299     |
|    policy_loss        | 6.16e+03 |
|    reward             | 778.0961 |
|    std                | 0.95     |
|    value_loss         | 6.51e+06 |
------------------------------------
EPISODE:  8
-------------------------------------
| time/                 |           |
|    fps                | 14        |
|    iterations         | 1400      |
|    time_elapsed       | 489       |
|    total_timesteps    | 7000      |
| train/                |           |
|    entropy_loss       | -2.73     |
|    explained_variance | -1.19e-07 |
|    learning_rate      | 0.0007    |
|    n_updates          | 1399      |
|    policy_loss        | 958       |
|    reward             | 83.10064  |
|    std                | 0.948     |
|    value_loss         | 2.72e+05  |
-------------------------------------
-------------------------------------
| time/                 |           |
|    fps                | 14        |
|    iterations         | 1500      |
|    time_elapsed       | 524       |
|    total_timesteps    | 7500      |
| train/                |           |
|    entropy_loss       | -2.73     |
|    explained_variance | -1.19e-07 |
|    learning_rate      | 0.0007    |
|    n_updates          | 1499      |
|    policy_loss        | 7.82e+03  |
|    reward             | 780.21625 |
|    std                | 0.95      |
|    value_loss         | 6.53e+06  |
-------------------------------------
EPISODE:  9
-------------------------------------
| time/                 |           |
|    fps                | 14        |
|    iterations         | 1600      |
|    time_elapsed       | 559       |
|    total_timesteps    | 8000      |
| train/                |           |
|    entropy_loss       | -2.72     |
|    explained_variance | 0         |
|    learning_rate      | 0.0007    |
|    n_updates          | 1599      |
|    policy_loss        | 1.25e+03  |
|    reward             | 84.913414 |
|    std                | 0.943     |
|    value_loss         | 1.96e+05  |
-------------------------------------
------------------------------------
| time/                 |          |
|    fps                | 14       |
|    iterations         | 1700     |
|    time_elapsed       | 594      |
|    total_timesteps    | 8500     |
| train/                |          |
|    entropy_loss       | -2.72    |
|    explained_variance | 0        |
|    learning_rate      | 0.0007   |
|    n_updates          | 1699     |
|    policy_loss        | 1.04e+04 |
|    reward             | 778.0736 |
|    std                | 0.947    |
|    value_loss         | 6.52e+06 |
------------------------------------
EPISODE:  10
------------------------------------
| time/                 |          |
|    fps                | 14       |
|    iterations         | 1800     |
|    time_elapsed       | 629      |
|    total_timesteps    | 9000     |
| train/                |          |
|    entropy_loss       | -2.71    |
|    explained_variance | 0        |
|    learning_rate      | 0.0007   |
|    n_updates          | 1799     |
|    policy_loss        | 1.23e+03 |
|    reward             | 71.84509 |
|    std                | 0.94     |
|    value_loss         | 2.39e+05 |
------------------------------------
------------------------------------
| time/                 |          |
|    fps                | 14       |
|    iterations         | 1900     |
|    time_elapsed       | 664      |
|    total_timesteps    | 9500     |
| train/                |          |
|    entropy_loss       | -2.71    |
|    explained_variance | 0        |
|    learning_rate      | 0.0007   |
|    n_updates          | 1899     |
|    policy_loss        | 6.43e+03 |
|    reward             | 753.9123 |
|    std                | 0.941    |
|    value_loss         | 6.11e+06 |
------------------------------------
EPISODE:  11
-------------------------------------
| time/                 |           |
|    fps                | 14        |
|    iterations         | 2000      |
|    time_elapsed       | 699       |
|    total_timesteps    | 10000     |
| train/                |           |
|    entropy_loss       | -2.7      |
|    explained_variance | 1.79e-07  |
|    learning_rate      | 0.0007    |
|    n_updates          | 1999      |
|    policy_loss        | 871       |
|    reward             | 46.157238 |
|    std                | 0.934     |
|    value_loss         | 1.15e+05  |
-------------------------------------
------------------------------------
| time/                 |          |
|    fps                | 14       |
|    iterations         | 2100     |
|    time_elapsed       | 734      |
|    total_timesteps    | 10500    |
| train/                |          |
|    entropy_loss       | -2.7     |
|    explained_variance | 0        |
|    learning_rate      | 0.0007   |
|    n_updates          | 2099     |
|    policy_loss        | 7.36e+03 |
|    reward             | 745.2082 |
|    std                | 0.935    |
|    value_loss         | 5.98e+06 |
------------------------------------
EPISODE:  12
------------------------------------
| time/                 |          |
|    fps                | 14       |
|    iterations         | 2200     |
|    time_elapsed       | 769      |
|    total_timesteps    | 11000    |
| train/                |          |
|    entropy_loss       | -2.72    |
|    explained_variance | 2.38e-07 |
|    learning_rate      | 0.0007   |
|    n_updates          | 2199     |
|    policy_loss        | 1.33e+03 |
|    reward             | 69.82362 |
|    std                | 0.944    |
|    value_loss         | 1.9e+05  |
------------------------------------
-------------------------------------
| time/                 |           |
|    fps                | 14        |
|    iterations         | 2300      |
|    time_elapsed       | 803       |
|    total_timesteps    | 11500     |
| train/                |           |
|    entropy_loss       | -2.7      |
|    explained_variance | 0         |
|    learning_rate      | 0.0007    |
|    n_updates          | 2299      |
|    policy_loss        | 5.66e+03  |
|    reward             | 756.71765 |
|    std                | 0.933     |
|    value_loss         | 6.17e+06  |
-------------------------------------
EPISODE:  13
-------------------------------------
| time/                 |           |
|    fps                | 14        |
|    iterations         | 2400      |
|    time_elapsed       | 838       |
|    total_timesteps    | 12000     |
| train/                |           |
|    entropy_loss       | -2.67     |
|    explained_variance | -1.19e-07 |
|    learning_rate      | 0.0007    |
|    n_updates          | 2399      |
|    policy_loss        | 851       |
|    reward             | 55.84311  |
|    std                | 0.919     |
|    value_loss         | 1.62e+05  |
-------------------------------------
------------------------------------
| time/                 |          |
|    fps                | 14       |
|    iterations         | 2500     |
|    time_elapsed       | 873      |
|    total_timesteps    | 12500    |
| train/                |          |
|    entropy_loss       | -2.67    |
|    explained_variance | 1.19e-07 |
|    learning_rate      | 0.0007   |
|    n_updates          | 2499     |
|    policy_loss        | 5.93e+03 |
|    reward             | 744.053  |
|    std                | 0.92     |
|    value_loss         | 5.96e+06 |
------------------------------------
EPISODE:  14
-------------------------------------
| time/                 |           |
|    fps                | 14        |
|    iterations         | 2600      |
|    time_elapsed       | 908       |
|    total_timesteps    | 13000     |
| train/                |           |
|    entropy_loss       | -2.66     |
|    explained_variance | -2.38e-07 |
|    learning_rate      | 0.0007    |
|    n_updates          | 2599      |
|    policy_loss        | 863       |
|    reward             | 31.791508 |
|    std                | 0.917     |
|    value_loss         | 7.42e+04  |
-------------------------------------
-------------------------------------
| time/                 |           |
|    fps                | 14        |
|    iterations         | 2700      |
|    time_elapsed       | 943       |
|    total_timesteps    | 13500     |
| train/                |           |
|    entropy_loss       | -2.67     |
|    explained_variance | 0         |
|    learning_rate      | 0.0007    |
|    n_updates          | 2699      |
|    policy_loss        | 5.36e+03  |
|    reward             | 711.70056 |
|    std                | 0.919     |
|    value_loss         | 5.45e+06  |
-------------------------------------
EPISODE:  15
-------------------------------------
| time/                 |           |
|    fps                | 14        |
|    iterations         | 2800      |
|    time_elapsed       | 978       |
|    total_timesteps    | 14000     |
| train/                |           |
|    entropy_loss       | -2.67     |
|    explained_variance | 0         |
|    learning_rate      | 0.0007    |
|    n_updates          | 2799      |
|    policy_loss        | 503       |
|    reward             | 31.854918 |
|    std                | 0.921     |
|    value_loss         | 5.62e+04  |
-------------------------------------
-------------------------------------
| time/                 |           |
|    fps                | 14        |
|    iterations         | 2900      |
|    time_elapsed       | 1013      |
|    total_timesteps    | 14500     |
| train/                |           |
|    entropy_loss       | -2.68     |
|    explained_variance | -1.19e-07 |
|    learning_rate      | 0.0007    |
|    n_updates          | 2899      |
|    policy_loss        | 5.65e+03  |
|    reward             | 724.77527 |
|    std                | 0.922     |
|    value_loss         | 5.65e+06  |
-------------------------------------
EPISODE:  16
------------------------------------
| time/                 |          |
|    fps                | 14       |
|    iterations         | 3000     |
|    time_elapsed       | 1048     |
|    total_timesteps    | 15000    |
| train/                |          |
|    entropy_loss       | -2.66    |
|    explained_variance | 1.19e-07 |
|    learning_rate      | 0.0007   |
|    n_updates          | 2999     |
|    policy_loss        | 760      |
|    reward             | 45.05471 |
|    std                | 0.915    |
|    value_loss         | 8.5e+04  |
------------------------------------
------------------------------------
| time/                 |          |
|    fps                | 14       |
|    iterations         | 3100     |
|    time_elapsed       | 1083     |
|    total_timesteps    | 15500    |
| train/                |          |
|    entropy_loss       | -2.65    |
|    explained_variance | 0        |
|    learning_rate      | 0.0007   |
|    n_updates          | 3099     |
|    policy_loss        | 4.9e+03  |
|    reward             | 717.5628 |
|    std                | 0.91     |
|    value_loss         | 5.53e+06 |
------------------------------------
EPISODE:  17
------------------------------------
| time/                 |          |
|    fps                | 14       |
|    iterations         | 3200     |
|    time_elapsed       | 1118     |
|    total_timesteps    | 16000    |
| train/                |          |
|    entropy_loss       | -2.65    |
|    explained_variance | 2.38e-07 |
|    learning_rate      | 0.0007   |
|    n_updates          | 3199     |
|    policy_loss        | 529      |
|    reward             | 45.80311 |
|    std                | 0.908    |
|    value_loss         | 9.19e+04 |
------------------------------------
------------------------------------
| time/                 |          |
|    fps                | 14       |
|    iterations         | 3300     |
|    time_elapsed       | 1154     |
|    total_timesteps    | 16500    |
| train/                |          |
|    entropy_loss       | -2.66    |
|    explained_variance | 0        |
|    learning_rate      | 0.0007   |
|    n_updates          | 3299     |
|    policy_loss        | 4.15e+03 |
|    reward             | 715.9413 |
|    std                | 0.913    |
|    value_loss         | 5.52e+06 |
------------------------------------
EPISODE:  18
-------------------------------------
| time/                 |           |
|    fps                | 14        |
|    iterations         | 3400      |
|    time_elapsed       | 1189      |
|    total_timesteps    | 17000     |
| train/                |           |
|    entropy_loss       | -2.66     |
|    explained_variance | -2.38e-07 |
|    learning_rate      | 0.0007    |
|    n_updates          | 3399      |
|    policy_loss        | 740       |
|    reward             | 53.616955 |
|    std                | 0.914     |
|    value_loss         | 1.39e+05  |
-------------------------------------
-------------------------------------
| time/                 |           |
|    fps                | 14        |
|    iterations         | 3500      |
|    time_elapsed       | 1223      |
|    total_timesteps    | 17500     |
| train/                |           |
|    entropy_loss       | -2.64     |
|    explained_variance | -1.19e-07 |
|    learning_rate      | 0.0007    |
|    n_updates          | 3499      |
|    policy_loss        | 7.1e+03   |
|    reward             | 722.7057  |
|    std                | 0.908     |
|    value_loss         | 5.62e+06  |
-------------------------------------
EPISODE:  19
-------------------------------------
| time/                 |           |
|    fps                | 14        |
|    iterations         | 3600      |
|    time_elapsed       | 1258      |
|    total_timesteps    | 18000     |
| train/                |           |
|    entropy_loss       | -2.63     |
|    explained_variance | -1.19e-07 |
|    learning_rate      | 0.0007    |
|    n_updates          | 3599      |
|    policy_loss        | 944       |
|    reward             | 63.819256 |
|    std                | 0.902     |
|    value_loss         | 1.75e+05  |
-------------------------------------
-------------------------------------
| time/                 |           |
|    fps                | 14        |
|    iterations         | 3700      |
|    time_elapsed       | 1293      |
|    total_timesteps    | 18500     |
| train/                |           |
|    entropy_loss       | -2.61     |
|    explained_variance | 5.96e-08  |
|    learning_rate      | 0.0007    |
|    n_updates          | 3699      |
|    policy_loss        | 5.04e+03  |
|    reward             | 721.30286 |
|    std                | 0.894     |
|    value_loss         | 5.59e+06  |
-------------------------------------
EPISODE:  20
-------------------------------------
| time/                 |           |
|    fps                | 14        |
|    iterations         | 3800      |
|    time_elapsed       | 1328      |
|    total_timesteps    | 19000     |
| train/                |           |
|    entropy_loss       | -2.62     |
|    explained_variance | 5.96e-08  |
|    learning_rate      | 0.0007    |
|    n_updates          | 3799      |
|    policy_loss        | 561       |
|    reward             | 58.260895 |
|    std                | 0.896     |
|    value_loss         | 1.16e+05  |
-------------------------------------
------------------------------------
| time/                 |          |
|    fps                | 14       |
|    iterations         | 3900     |
|    time_elapsed       | 1363     |
|    total_timesteps    | 19500    |
| train/                |          |
|    entropy_loss       | -2.61    |
|    explained_variance | 0        |
|    learning_rate      | 0.0007   |
|    n_updates          | 3899     |
|    policy_loss        | 7.07e+03 |
|    reward             | 706.3032 |
|    std                | 0.895    |
|    value_loss         | 5.36e+06 |
------------------------------------
EPISODE:  21
------------------------------------
| time/                 |          |
|    fps                | 14       |
|    iterations         | 4000     |
|    time_elapsed       | 1398     |
|    total_timesteps    | 20000    |
| train/                |          |
|    entropy_loss       | -2.59    |
|    explained_variance | 0        |
|    learning_rate      | 0.0007   |
|    n_updates          | 3999     |
|    policy_loss        | 589      |
|    reward             | 40.13208 |
|    std                | 0.886    |
|    value_loss         | 7.45e+04 |
------------------------------------
------------------------------------
| time/                 |          |
|    fps                | 14       |
|    iterations         | 4100     |
|    time_elapsed       | 1433     |
|    total_timesteps    | 20500    |
| train/                |          |
|    entropy_loss       | -2.57    |
|    explained_variance | 0        |
|    learning_rate      | 0.0007   |
|    n_updates          | 4099     |
|    policy_loss        | 4.7e+03  |
|    reward             | 698.9451 |
|    std                | 0.877    |
|    value_loss         | 5.25e+06 |
------------------------------------
EPISODE:  22
-------------------------------------
| time/                 |           |
|    fps                | 14        |
|    iterations         | 4200      |
|    time_elapsed       | 1467      |
|    total_timesteps    | 21000     |
| train/                |           |
|    entropy_loss       | -2.58     |
|    explained_variance | 2.38e-07  |
|    learning_rate      | 0.0007    |
|    n_updates          | 4199      |
|    policy_loss        | 870       |
|    reward             | 81.789696 |
|    std                | 0.878     |
|    value_loss         | 1.66e+05  |
-------------------------------------
------------------------------------
| time/                 |          |
|    fps                | 14       |
|    iterations         | 4300     |
|    time_elapsed       | 1502     |
|    total_timesteps    | 21500    |
| train/                |          |
|    entropy_loss       | -2.56    |
|    explained_variance | 5.96e-08 |
|    learning_rate      | 0.0007   |
|    n_updates          | 4299     |
|    policy_loss        | 8.43e+03 |
|    reward             | 729.2236 |
|    std                | 0.873    |
|    value_loss         | 5.7e+06  |
------------------------------------
EPISODE:  23
------------------------------------
| time/                 |          |
|    fps                | 14       |
|    iterations         | 4400     |
|    time_elapsed       | 1537     |
|    total_timesteps    | 22000    |
| train/                |          |
|    entropy_loss       | -2.57    |
|    explained_variance | 1.19e-07 |
|    learning_rate      | 0.0007   |
|    n_updates          | 4399     |
|    policy_loss        | 750      |
|    reward             | 69.83559 |
|    std                | 0.876    |
|    value_loss         | 1.64e+05 |
------------------------------------
-------------------------------------
| time/                 |           |
|    fps                | 14        |
|    iterations         | 4500      |
|    time_elapsed       | 1572      |
|    total_timesteps    | 22500     |
| train/                |           |
|    entropy_loss       | -2.57     |
|    explained_variance | -1.19e-07 |
|    learning_rate      | 0.0007    |
|    n_updates          | 4499      |
|    policy_loss        | 5.97e+03  |
|    reward             | 720.96985 |
|    std                | 0.878     |
|    value_loss         | 5.57e+06  |
-------------------------------------
EPISODE:  24
-------------------------------------
| time/                 |           |
|    fps                | 14        |
|    iterations         | 4600      |
|    time_elapsed       | 1607      |
|    total_timesteps    | 23000     |
| train/                |           |
|    entropy_loss       | -2.57     |
|    explained_variance | 1.19e-07  |
|    learning_rate      | 0.0007    |
|    n_updates          | 4599      |
|    policy_loss        | 1.14e+03  |
|    reward             | 53.815914 |
|    std                | 0.878     |
|    value_loss         | 1.85e+05  |
-------------------------------------
-------------------------------------
| time/                 |           |
|    fps                | 14        |
|    iterations         | 4700      |
|    time_elapsed       | 1642      |
|    total_timesteps    | 23500     |
| train/                |           |
|    entropy_loss       | -2.58     |
|    explained_variance | 1.19e-07  |
|    learning_rate      | 0.0007    |
|    n_updates          | 4699      |
|    policy_loss        | 8.4e+03   |
|    reward             | 773.58795 |
|    std                | 0.881     |
|    value_loss         | 6.41e+06  |
-------------------------------------
EPISODE:  25
-------------------------------------
| time/                 |           |
|    fps                | 14        |
|    iterations         | 4800      |
|    time_elapsed       | 1677      |
|    total_timesteps    | 24000     |
| train/                |           |
|    entropy_loss       | -2.56     |
|    explained_variance | -1.19e-07 |
|    learning_rate      | 0.0007    |
|    n_updates          | 4799      |
|    policy_loss        | 958       |
|    reward             | 78.2183   |
|    std                | 0.871     |
|    value_loss         | 2.7e+05   |
-------------------------------------
------------------------------------
| time/                 |          |
|    fps                | 14       |
|    iterations         | 4900     |
|    time_elapsed       | 1712     |
|    total_timesteps    | 24500    |
| train/                |          |
|    entropy_loss       | -2.53    |
|    explained_variance | 1.19e-07 |
|    learning_rate      | 0.0007   |
|    n_updates          | 4899     |
|    policy_loss        | 3.9e+03  |
|    reward             | 769.8962 |
|    std                | 0.856    |
|    value_loss         | 6.35e+06 |
------------------------------------
EPISODE:  26
-------------------------------------
| time/                 |           |
|    fps                | 14        |
|    iterations         | 5000      |
|    time_elapsed       | 1746      |
|    total_timesteps    | 25000     |
| train/                |           |
|    entropy_loss       | -2.52     |
|    explained_variance | -1.19e-07 |
|    learning_rate      | 0.0007    |
|    n_updates          | 4999      |
|    policy_loss        | 1.04e+03  |
|    reward             | 107.13821 |
|    std                | 0.854     |
|    value_loss         | 3.05e+05  |
-------------------------------------
-------------------------------------
| time/                 |           |
|    fps                | 14        |
|    iterations         | 5100      |
|    time_elapsed       | 1781      |
|    total_timesteps    | 25500     |
| train/                |           |
|    entropy_loss       | -2.51     |
|    explained_variance | 0         |
|    learning_rate      | 0.0007    |
|    n_updates          | 5099      |
|    policy_loss        | 5.29e+03  |
|    reward             | 806.38556 |
|    std                | 0.85      |
|    value_loss         | 6.95e+06  |
-------------------------------------
EPISODE:  27
-------------------------------------
| time/                 |           |
|    fps                | 14        |
|    iterations         | 5200      |
|    time_elapsed       | 1816      |
|    total_timesteps    | 26000     |
| train/                |           |
|    entropy_loss       | -2.52     |
|    explained_variance | 0         |
|    learning_rate      | 0.0007    |
|    n_updates          | 5199      |
|    policy_loss        | 1.65e+03  |
|    reward             | 143.98161 |
|    std                | 0.854     |
|    value_loss         | 6.01e+05  |
-------------------------------------
------------------------------------
| time/                 |          |
|    fps                | 14       |
|    iterations         | 5300     |
|    time_elapsed       | 1851     |
|    total_timesteps    | 26500    |
| train/                |          |
|    entropy_loss       | -2.51    |
|    explained_variance | 1.79e-07 |
|    learning_rate      | 0.0007   |
|    n_updates          | 5299     |
|    policy_loss        | 5.18e+03 |
|    reward             | 803.9298 |
|    std                | 0.85     |
|    value_loss         | 6.91e+06 |
------------------------------------
EPISODE:  28
-------------------------------------
| time/                 |           |
|    fps                | 14        |
|    iterations         | 5400      |
|    time_elapsed       | 1886      |
|    total_timesteps    | 27000     |
| train/                |           |
|    entropy_loss       | -2.49     |
|    explained_variance | 0         |
|    learning_rate      | 0.0007    |
|    n_updates          | 5399      |
|    policy_loss        | 954       |
|    reward             | 112.83315 |
|    std                | 0.842     |
|    value_loss         | 3.55e+05  |
-------------------------------------
------------------------------------
| time/                 |          |
|    fps                | 14       |
|    iterations         | 5500     |
|    time_elapsed       | 1921     |
|    total_timesteps    | 27500    |
| train/                |          |
|    entropy_loss       | -2.48    |
|    explained_variance | 0        |
|    learning_rate      | 0.0007   |
|    n_updates          | 5499     |
|    policy_loss        | 6.34e+03 |
|    reward             | 799.6441 |
|    std                | 0.839    |
|    value_loss         | 6.83e+06 |
------------------------------------
EPISODE:  29
-------------------------------------
| time/                 |           |
|    fps                | 14        |
|    iterations         | 5600      |
|    time_elapsed       | 1956      |
|    total_timesteps    | 28000     |
| train/                |           |
|    entropy_loss       | -2.47     |
|    explained_variance | 0         |
|    learning_rate      | 0.0007    |
|    n_updates          | 5599      |
|    policy_loss        | 1.44e+03  |
|    reward             | 125.86996 |
|    std                | 0.833     |
|    value_loss         | 4.07e+05  |
-------------------------------------
-------------------------------------
| time/                 |           |
|    fps                | 14        |
|    iterations         | 5700      |
|    time_elapsed       | 1991      |
|    total_timesteps    | 28500     |
| train/                |           |
|    entropy_loss       | -2.48     |
|    explained_variance | -1.19e-07 |
|    learning_rate      | 0.0007    |
|    n_updates          | 5699      |
|    policy_loss        | 7.87e+03  |
|    reward             | 800.66614 |
|    std                | 0.836     |
|    value_loss         | 6.85e+06  |
-------------------------------------
EPISODE:  30
-------------------------------------
| time/                 |           |
|    fps                | 14        |
|    iterations         | 5800      |
|    time_elapsed       | 2026      |
|    total_timesteps    | 29000     |
| train/                |           |
|    entropy_loss       | -2.47     |
|    explained_variance | -1.19e-07 |
|    learning_rate      | 0.0007    |
|    n_updates          | 5799      |
|    policy_loss        | 1.66e+03  |
|    reward             | 116.51427 |
|    std                | 0.833     |
|    value_loss         | 4.58e+05  |
-------------------------------------
------------------------------------
| time/                 |          |
|    fps                | 14       |
|    iterations         | 5900     |
|    time_elapsed       | 2060     |
|    total_timesteps    | 29500    |
| train/                |          |
|    entropy_loss       | -2.47    |
|    explained_variance | 0        |
|    learning_rate      | 0.0007   |
|    n_updates          | 5899     |
|    policy_loss        | 5.92e+03 |
|    reward             | 800.6154 |
|    std                | 0.834    |
|    value_loss         | 6.84e+06 |
------------------------------------
EPISODE:  31
-------------------------------------
| time/                 |           |
|    fps                | 14        |
|    iterations         | 6000      |
|    time_elapsed       | 2096      |
|    total_timesteps    | 30000     |
| train/                |           |
|    entropy_loss       | -2.47     |
|    explained_variance | -1.19e-07 |
|    learning_rate      | 0.0007    |
|    n_updates          | 5999      |
|    policy_loss        | 1.25e+03  |
|    reward             | 136.1889  |
|    std                | 0.831     |
|    value_loss         | 4.54e+05  |
-------------------------------------
-------------------------------------
| time/                 |           |
|    fps                | 14        |
|    iterations         | 6100      |
|    time_elapsed       | 2131      |
|    total_timesteps    | 30500     |
| train/                |           |
|    entropy_loss       | -2.47     |
|    explained_variance | -1.19e-07 |
|    learning_rate      | 0.0007    |
|    n_updates          | 6099      |
|    policy_loss        | 6.13e+03  |
|    reward             | 813.3116  |
|    std                | 0.835     |
|    value_loss         | 7.06e+06  |
-------------------------------------
EPISODE:  32
-------------------------------------
| time/                 |           |
|    fps                | 14        |
|    iterations         | 6200      |
|    time_elapsed       | 2166      |
|    total_timesteps    | 31000     |
| train/                |           |
|    entropy_loss       | -2.46     |
|    explained_variance | 5.96e-08  |
|    learning_rate      | 0.0007    |
|    n_updates          | 6199      |
|    policy_loss        | 1.68e+03  |
|    reward             | 139.16669 |
|    std                | 0.829     |
|    value_loss         | 5.5e+05   |
-------------------------------------
------------------------------------
| time/                 |          |
|    fps                | 14       |
|    iterations         | 6300     |
|    time_elapsed       | 2201     |
|    total_timesteps    | 31500    |
| train/                |          |
|    entropy_loss       | -2.44    |
|    explained_variance | 0        |
|    learning_rate      | 0.0007   |
|    n_updates          | 6299     |
|    policy_loss        | 4.58e+03 |
|    reward             | 804.9269 |
|    std                | 0.819    |
|    value_loss         | 6.92e+06 |
------------------------------------
EPISODE:  33
------------------------------------
| time/                 |          |
|    fps                | 14       |
|    iterations         | 6400     |
|    time_elapsed       | 2236     |
|    total_timesteps    | 32000    |
| train/                |          |
|    entropy_loss       | -2.43    |
|    explained_variance | 0        |
|    learning_rate      | 0.0007   |
|    n_updates          | 6399     |
|    policy_loss        | 889      |
|    reward             | 88.04001 |
|    std                | 0.816    |
|    value_loss         | 2.39e+05 |
------------------------------------
-------------------------------------
| time/                 |           |
|    fps                | 14        |
|    iterations         | 6500      |
|    time_elapsed       | 2271      |
|    total_timesteps    | 32500     |
| train/                |           |
|    entropy_loss       | -2.42     |
|    explained_variance | -1.19e-07 |
|    learning_rate      | 0.0007    |
|    n_updates          | 6499      |
|    policy_loss        | 7.38e+03  |
|    reward             | 788.6093  |
|    std                | 0.813     |
|    value_loss         | 6.64e+06  |
-------------------------------------
EPISODE:  34
-------------------------------------
| time/                 |           |
|    fps                | 14        |
|    iterations         | 6600      |
|    time_elapsed       | 2306      |
|    total_timesteps    | 33000     |
| train/                |           |
|    entropy_loss       | -2.41     |
|    explained_variance | 0         |
|    learning_rate      | 0.0007    |
|    n_updates          | 6599      |
|    policy_loss        | 806       |
|    reward             | 107.74185 |
|    std                | 0.809     |
|    value_loss         | 2.93e+05  |
-------------------------------------
------------------------------------
| time/                 |          |
|    fps                | 14       |
|    iterations         | 6700     |
|    time_elapsed       | 2341     |
|    total_timesteps    | 33500    |
| train/                |          |
|    entropy_loss       | -2.4     |
|    explained_variance | 0        |
|    learning_rate      | 0.0007   |
|    n_updates          | 6699     |
|    policy_loss        | 5.1e+03  |
|    reward             | 769.194  |
|    std                | 0.803    |
|    value_loss         | 6.32e+06 |
------------------------------------
EPISODE:  35
------------------------------------
| time/                 |          |
|    fps                | 14       |
|    iterations         | 6800     |
|    time_elapsed       | 2376     |
|    total_timesteps    | 34000    |
| train/                |          |
|    entropy_loss       | -2.39    |
|    explained_variance | 0        |
|    learning_rate      | 0.0007   |
|    n_updates          | 6799     |
|    policy_loss        | 1.29e+03 |
|    reward             | 81.01185 |
|    std                | 0.8      |
|    value_loss         | 2.63e+05 |
------------------------------------
------------------------------------
| time/                 |          |
|    fps                | 14       |
|    iterations         | 6900     |
|    time_elapsed       | 2411     |
|    total_timesteps    | 34500    |
| train/                |          |
|    entropy_loss       | -2.37    |
|    explained_variance | 0        |
|    learning_rate      | 0.0007   |
|    n_updates          | 6899     |
|    policy_loss        | 4.98e+03 |
|    reward             | 733.0779 |
|    std                | 0.793    |
|    value_loss         | 5.75e+06 |
------------------------------------
EPISODE:  36
------------------------------------
| time/                 |          |
|    fps                | 14       |
|    iterations         | 7000     |
|    time_elapsed       | 2446     |
|    total_timesteps    | 35000    |
| train/                |          |
|    entropy_loss       | -2.38    |
|    explained_variance | 0        |
|    learning_rate      | 0.0007   |
|    n_updates          | 6999     |
|    policy_loss        | 761      |
|    reward             | 46.00779 |
|    std                | 0.795    |
|    value_loss         | 9.82e+04 |
------------------------------------
-------------------------------------
| time/                 |           |
|    fps                | 14        |
|    iterations         | 7100      |
|    time_elapsed       | 2481      |
|    total_timesteps    | 35500     |
| train/                |           |
|    entropy_loss       | -2.38     |
|    explained_variance | 0         |
|    learning_rate      | 0.0007    |
|    n_updates          | 7099      |
|    policy_loss        | 5.21e+03  |
|    reward             | 718.37714 |
|    std                | 0.795     |
|    value_loss         | 5.52e+06  |
-------------------------------------
EPISODE:  37
-------------------------------------
| time/                 |           |
|    fps                | 14        |
|    iterations         | 7200      |
|    time_elapsed       | 2515      |
|    total_timesteps    | 36000     |
| train/                |           |
|    entropy_loss       | -2.36     |
|    explained_variance | -1.19e-07 |
|    learning_rate      | 0.0007    |
|    n_updates          | 7199      |
|    policy_loss        | 873       |
|    reward             | 84.33032  |
|    std                | 0.79      |
|    value_loss         | 2.1e+05   |
-------------------------------------
-------------------------------------
| time/                 |           |
|    fps                | 14        |
|    iterations         | 7300      |
|    time_elapsed       | 2550      |
|    total_timesteps    | 36500     |
| train/                |           |
|    entropy_loss       | -2.36     |
|    explained_variance | 0         |
|    learning_rate      | 0.0007    |
|    n_updates          | 7299      |
|    policy_loss        | 6.12e+03  |
|    reward             | 766.63885 |
|    std                | 0.787     |
|    value_loss         | 6.28e+06  |
-------------------------------------
EPISODE:  38
-------------------------------------
| time/                 |           |
|    fps                | 14        |
|    iterations         | 7400      |
|    time_elapsed       | 2585      |
|    total_timesteps    | 37000     |
| train/                |           |
|    entropy_loss       | -2.34     |
|    explained_variance | 0         |
|    learning_rate      | 0.0007    |
|    n_updates          | 7399      |
|    policy_loss        | 397       |
|    reward             | 34.098778 |
|    std                | 0.782     |
|    value_loss         | 7.09e+04  |
-------------------------------------
------------------------------------
| time/                 |          |
|    fps                | 14       |
|    iterations         | 7500     |
|    time_elapsed       | 2620     |
|    total_timesteps    | 37500    |
| train/                |          |
|    entropy_loss       | -2.32    |
|    explained_variance | 0        |
|    learning_rate      | 0.0007   |
|    n_updates          | 7499     |
|    policy_loss        | 3.92e+03 |
|    reward             | 710.4142 |
|    std                | 0.771    |
|    value_loss         | 5.41e+06 |
------------------------------------
EPISODE:  39
------------------------------------
| time/                 |          |
|    fps                | 14       |
|    iterations         | 7600     |
|    time_elapsed       | 2655     |
|    total_timesteps    | 38000    |
| train/                |          |
|    entropy_loss       | -2.3     |
|    explained_variance | 0        |
|    learning_rate      | 0.0007   |
|    n_updates          | 7599     |
|    policy_loss        | 404      |
|    reward             | 26.84841 |
|    std                | 0.766    |
|    value_loss         | 4.15e+04 |
------------------------------------
-------------------------------------
| time/                 |           |
|    fps                | 14        |
|    iterations         | 7700      |
|    time_elapsed       | 2690      |
|    total_timesteps    | 38500     |
| train/                |           |
|    entropy_loss       | -2.29     |
|    explained_variance | -2.38e-07 |
|    learning_rate      | 0.0007    |
|    n_updates          | 7699      |
|    policy_loss        | 4.84e+03  |
|    reward             | 691.7955  |
|    std                | 0.76      |
|    value_loss         | 5.13e+06  |
-------------------------------------
EPISODE:  40
-------------------------------------
| time/                 |           |
|    fps                | 14        |
|    iterations         | 7800      |
|    time_elapsed       | 2725      |
|    total_timesteps    | 39000     |
| train/                |           |
|    entropy_loss       | -2.26     |
|    explained_variance | 0         |
|    learning_rate      | 0.0007    |
|    n_updates          | 7799      |
|    policy_loss        | 267       |
|    reward             | 22.369509 |
|    std                | 0.75      |
|    value_loss         | 3.67e+04  |
-------------------------------------
------------------------------------
| time/                 |          |
|    fps                | 14       |
|    iterations         | 7900     |
|    time_elapsed       | 2760     |
|    total_timesteps    | 39500    |
| train/                |          |
|    entropy_loss       | -2.26    |
|    explained_variance | 0        |
|    learning_rate      | 0.0007   |
|    n_updates          | 7899     |
|    policy_loss        | 4.86e+03 |
|    reward             | 676.8164 |
|    std                | 0.75     |
|    value_loss         | 4.9e+06  |
------------------------------------
EPISODE:  41
-------------------------------------
| time/                 |           |
|    fps                | 14        |
|    iterations         | 8000      |
|    time_elapsed       | 2795      |
|    total_timesteps    | 40000     |
| train/                |           |
|    entropy_loss       | -2.24     |
|    explained_variance | 0         |
|    learning_rate      | 0.0007    |
|    n_updates          | 7999      |
|    policy_loss        | 372       |
|    reward             | 19.559132 |
|    std                | 0.744     |
|    value_loss         | 3e+04     |
-------------------------------------
-------------------------------------
| time/                 |           |
|    fps                | 14        |
|    iterations         | 8100      |
|    time_elapsed       | 2830      |
|    total_timesteps    | 40500     |
| train/                |           |
|    entropy_loss       | -2.24     |
|    explained_variance | -1.19e-07 |
|    learning_rate      | 0.0007    |
|    n_updates          | 8099      |
|    policy_loss        | 4.04e+03  |
|    reward             | 680.3004  |
|    std                | 0.74      |
|    value_loss         | 4.95e+06  |
-------------------------------------
EPISODE:  42
-------------------------------------
| time/                 |           |
|    fps                | 14        |
|    iterations         | 8200      |
|    time_elapsed       | 2865      |
|    total_timesteps    | 41000     |
| train/                |           |
|    entropy_loss       | -2.24     |
|    explained_variance | 1.19e-07  |
|    learning_rate      | 0.0007    |
|    n_updates          | 8199      |
|    policy_loss        | 357       |
|    reward             | 29.237371 |
|    std                | 0.741     |
|    value_loss         | 4.42e+04  |
-------------------------------------
------------------------------------
| time/                 |          |
|    fps                | 14       |
|    iterations         | 8300     |
|    time_elapsed       | 2900     |
|    total_timesteps    | 41500    |
| train/                |          |
|    entropy_loss       | -2.23    |
|    explained_variance | 0        |
|    learning_rate      | 0.0007   |
|    n_updates          | 8299     |
|    policy_loss        | 4.3e+03  |
|    reward             | 686.3876 |
|    std                | 0.739    |
|    value_loss         | 5.04e+06 |
------------------------------------
EPISODE:  43
-------------------------------------
| time/                 |           |
|    fps                | 14        |
|    iterations         | 8400      |
|    time_elapsed       | 2935      |
|    total_timesteps    | 42000     |
| train/                |           |
|    entropy_loss       | -2.23     |
|    explained_variance | 0         |
|    learning_rate      | 0.0007    |
|    n_updates          | 8399      |
|    policy_loss        | 526       |
|    reward             | 30.181616 |
|    std                | 0.739     |
|    value_loss         | 4.92e+04  |
-------------------------------------
-------------------------------------
| time/                 |           |
|    fps                | 14        |
|    iterations         | 8500      |
|    time_elapsed       | 2970      |
|    total_timesteps    | 42500     |
| train/                |           |
|    entropy_loss       | -2.23     |
|    explained_variance | 5.96e-08  |
|    learning_rate      | 0.0007    |
|    n_updates          | 8499      |
|    policy_loss        | 4.15e+03  |
|    reward             | 671.82623 |
|    std                | 0.739     |
|    value_loss         | 4.83e+06  |
-------------------------------------
EPISODE:  44
------------------------------------
| time/                 |          |
|    fps                | 14       |
|    iterations         | 8600     |
|    time_elapsed       | 3005     |
|    total_timesteps    | 43000    |
| train/                |          |
|    entropy_loss       | -2.24    |
|    explained_variance | 0        |
|    learning_rate      | 0.0007   |
|    n_updates          | 8599     |
|    policy_loss        | 373      |
|    reward             | 20.78298 |
|    std                | 0.742    |
|    value_loss         | 2.28e+04 |
------------------------------------
------------------------------------
| time/                 |          |
|    fps                | 14       |
|    iterations         | 8700     |
|    time_elapsed       | 3041     |
|    total_timesteps    | 43500    |
| train/                |          |
|    entropy_loss       | -2.23    |
|    explained_variance | 5.96e-08 |
|    learning_rate      | 0.0007   |
|    n_updates          | 8699     |
|    policy_loss        | 4.18e+03 |
|    reward             | 661.593  |
|    std                | 0.739    |
|    value_loss         | 4.68e+06 |
------------------------------------
EPISODE:  45
-------------------------------------
| time/                 |           |
|    fps                | 14        |
|    iterations         | 8800      |
|    time_elapsed       | 3076      |
|    total_timesteps    | 44000     |
| train/                |           |
|    entropy_loss       | -2.21     |
|    explained_variance | 0         |
|    learning_rate      | 0.0007    |
|    n_updates          | 8799      |
|    policy_loss        | 739       |
|    reward             | 25.313961 |
|    std                | 0.732     |
|    value_loss         | 3.29e+04  |
-------------------------------------
-------------------------------------
| time/                 |           |
|    fps                | 14        |
|    iterations         | 8900      |
|    time_elapsed       | 3110      |
|    total_timesteps    | 44500     |
| train/                |           |
|    entropy_loss       | -2.2      |
|    explained_variance | 0         |
|    learning_rate      | 0.0007    |
|    n_updates          | 8899      |
|    policy_loss        | 4.67e+03  |
|    reward             | 672.69543 |
|    std                | 0.729     |
|    value_loss         | 4.83e+06  |
-------------------------------------
EPISODE:  46
-------------------------------------
| time/                 |           |
|    fps                | 14        |
|    iterations         | 9000      |
|    time_elapsed       | 3145      |
|    total_timesteps    | 45000     |
| train/                |           |
|    entropy_loss       | -2.18     |
|    explained_variance | 0         |
|    learning_rate      | 0.0007    |
|    n_updates          | 8999      |
|    policy_loss        | 747       |
|    reward             | 25.393305 |
|    std                | 0.722     |
|    value_loss         | 4.68e+04  |
-------------------------------------
-------------------------------------
| time/                 |           |
|    fps                | 14        |
|    iterations         | 9100      |
|    time_elapsed       | 3180      |
|    total_timesteps    | 45500     |
| train/                |           |
|    entropy_loss       | -2.17     |
|    explained_variance | -2.38e-07 |
|    learning_rate      | 0.0007    |
|    n_updates          | 9099      |
|    policy_loss        | 4.13e+03  |
|    reward             | 687.3512  |
|    std                | 0.715     |
|    value_loss         | 5.05e+06  |
-------------------------------------
EPISODE:  47
-------------------------------------
| time/                 |           |
|    fps                | 14        |
|    iterations         | 9200      |
|    time_elapsed       | 3215      |
|    total_timesteps    | 46000     |
| train/                |           |
|    entropy_loss       | -2.16     |
|    explained_variance | 5.96e-08  |
|    learning_rate      | 0.0007    |
|    n_updates          | 9199      |
|    policy_loss        | 505       |
|    reward             | 30.468878 |
|    std                | 0.715     |
|    value_loss         | 5.32e+04  |
-------------------------------------
------------------------------------
| time/                 |          |
|    fps                | 14       |
|    iterations         | 9300     |
|    time_elapsed       | 3250     |
|    total_timesteps    | 46500    |
| train/                |          |
|    entropy_loss       | -2.14    |
|    explained_variance | 0        |
|    learning_rate      | 0.0007   |
|    n_updates          | 9299     |
|    policy_loss        | 4.91e+03 |
|    reward             | 735.333  |
|    std                | 0.708    |
|    value_loss         | 5.75e+06 |
------------------------------------
EPISODE:  48
-------------------------------------
| time/                 |           |
|    fps                | 14        |
|    iterations         | 9400      |
|    time_elapsed       | 3285      |
|    total_timesteps    | 47000     |
| train/                |           |
|    entropy_loss       | -2.13     |
|    explained_variance | 0         |
|    learning_rate      | 0.0007    |
|    n_updates          | 9399      |
|    policy_loss        | 1.26e+03  |
|    reward             | 114.40226 |
|    std                | 0.704     |
|    value_loss         | 3.64e+05  |
-------------------------------------
-------------------------------------
| time/                 |           |
|    fps                | 14        |
|    iterations         | 9500      |
|    time_elapsed       | 3320      |
|    total_timesteps    | 47500     |
| train/                |           |
|    entropy_loss       | -2.14     |
|    explained_variance | -1.19e-07 |
|    learning_rate      | 0.0007    |
|    n_updates          | 9499      |
|    policy_loss        | 5.21e+03  |
|    reward             | 800.7026  |
|    std                | 0.706     |
|    value_loss         | 6.82e+06  |
-------------------------------------
EPISODE:  49
-------------------------------------
| time/                 |           |
|    fps                | 14        |
|    iterations         | 9600      |
|    time_elapsed       | 3355      |
|    total_timesteps    | 48000     |
| train/                |           |
|    entropy_loss       | -2.14     |
|    explained_variance | 0         |
|    learning_rate      | 0.0007    |
|    n_updates          | 9599      |
|    policy_loss        | 1.43e+03  |
|    reward             | 145.99413 |
|    std                | 0.708     |
|    value_loss         | 5.38e+05  |
-------------------------------------
------------------------------------
| time/                 |          |
|    fps                | 14       |
|    iterations         | 9700     |
|    time_elapsed       | 3390     |
|    total_timesteps    | 48500    |
| train/                |          |
|    entropy_loss       | -2.12    |
|    explained_variance | 0        |
|    learning_rate      | 0.0007   |
|    n_updates          | 9699     |
|    policy_loss        | 4.74e+03 |
|    reward             | 814.6705 |
|    std                | 0.701    |
|    value_loss         | 7.05e+06 |
------------------------------------
EPISODE:  50
-------------------------------------
| time/                 |           |
|    fps                | 14        |
|    iterations         | 9800      |
|    time_elapsed       | 3425      |
|    total_timesteps    | 49000     |
| train/                |           |
|    entropy_loss       | -2.1      |
|    explained_variance | 5.96e-08  |
|    learning_rate      | 0.0007    |
|    n_updates          | 9799      |
|    policy_loss        | 1.45e+03  |
|    reward             | 144.32364 |
|    std                | 0.693     |
|    value_loss         | 5.03e+05  |
-------------------------------------
------------------------------------
| time/                 |          |
|    fps                | 14       |
|    iterations         | 9900     |
|    time_elapsed       | 3460     |
|    total_timesteps    | 49500    |
| train/                |          |
|    entropy_loss       | -2.1     |
|    explained_variance | 1.19e-07 |
|    learning_rate      | 0.0007   |
|    n_updates          | 9899     |
|    policy_loss        | 5.62e+03 |
|    reward             | 816.0904 |
|    std                | 0.694    |
|    value_loss         | 7.07e+06 |
------------------------------------
EPISODE:  51
-------------------------------------
| time/                 |           |
|    fps                | 14        |
|    iterations         | 10000     |
|    time_elapsed       | 3495      |
|    total_timesteps    | 50000     |
| train/                |           |
|    entropy_loss       | -2.09     |
|    explained_variance | -1.19e-07 |
|    learning_rate      | 0.0007    |
|    n_updates          | 9999      |
|    policy_loss        | 931       |
|    reward             | 116.22222 |
|    std                | 0.688     |
|    value_loss         | 3.77e+05  |
-------------------------------------
-------------------------------------
| time/                 |           |
|    fps                | 14        |
|    iterations         | 10100     |
|    time_elapsed       | 3530      |
|    total_timesteps    | 50500     |
| train/                |           |
|    entropy_loss       | -2.07     |
|    explained_variance | -1.19e-07 |
|    learning_rate      | 0.0007    |
|    n_updates          | 10099     |
|    policy_loss        | 3.7e+03   |
|    reward             | 799.1917  |
|    std                | 0.682     |
|    value_loss         | 6.8e+06   |
-------------------------------------
EPISODE:  52
-------------------------------------
| time/                 |           |
|    fps                | 14        |
|    iterations         | 10200     |
|    time_elapsed       | 3564      |
|    total_timesteps    | 51000     |
| train/                |           |
|    entropy_loss       | -2.06     |
|    explained_variance | 1.19e-07  |
|    learning_rate      | 0.0007    |
|    n_updates          | 10199     |
|    policy_loss        | 1.02e+03  |
|    reward             | 108.83754 |
|    std                | 0.68      |
|    value_loss         | 3.28e+05  |
-------------------------------------
-------------------------------------
| time/                 |           |
|    fps                | 14        |
|    iterations         | 10300     |
|    time_elapsed       | 3599      |
|    total_timesteps    | 51500     |
| train/                |           |
|    entropy_loss       | -2.05     |
|    explained_variance | 0         |
|    learning_rate      | 0.0007    |
|    n_updates          | 10299     |
|    policy_loss        | 4.24e+03  |
|    reward             | 782.34106 |
|    std                | 0.676     |
|    value_loss         | 6.51e+06  |
-------------------------------------
EPISODE:  53
-------------------------------------
| time/                 |           |
|    fps                | 14        |
|    iterations         | 10400     |
|    time_elapsed       | 3634      |
|    total_timesteps    | 52000     |
| train/                |           |
|    entropy_loss       | -2.03     |
|    explained_variance | -2.38e-07 |
|    learning_rate      | 0.0007    |
|    n_updates          | 10399     |
|    policy_loss        | 803       |
|    reward             | 79.996155 |
|    std                | 0.669     |
|    value_loss         | 2.73e+05  |
-------------------------------------
-------------------------------------
| time/                 |           |
|    fps                | 14        |
|    iterations         | 10500     |
|    time_elapsed       | 3669      |
|    total_timesteps    | 52500     |
| train/                |           |
|    entropy_loss       | -2.02     |
|    explained_variance | 1.19e-07  |
|    learning_rate      | 0.0007    |
|    n_updates          | 10499     |
|    policy_loss        | 6.74e+03  |
|    reward             | 770.44525 |
|    std                | 0.665     |
|    value_loss         | 6.31e+06  |
-------------------------------------
EPISODE:  54
-------------------------------------
| time/                 |           |
|    fps                | 14        |
|    iterations         | 10600     |
|    time_elapsed       | 3704      |
|    total_timesteps    | 53000     |
| train/                |           |
|    entropy_loss       | -2.01     |
|    explained_variance | 0         |
|    learning_rate      | 0.0007    |
|    n_updates          | 10599     |
|    policy_loss        | 1.23e+03  |
|    reward             | 131.45546 |
|    std                | 0.661     |
|    value_loss         | 4.33e+05  |
-------------------------------------
------------------------------------
| time/                 |          |
|    fps                | 14       |
|    iterations         | 10700    |
|    time_elapsed       | 3739     |
|    total_timesteps    | 53500    |
| train/                |          |
|    entropy_loss       | -1.99    |
|    explained_variance | 0        |
|    learning_rate      | 0.0007   |
|    n_updates          | 10699    |
|    policy_loss        | 3.61e+03 |
|    reward             | 775.0475 |
|    std                | 0.654    |
|    value_loss         | 6.38e+06 |
------------------------------------
EPISODE:  55
-------------------------------------
| time/                 |           |
|    fps                | 14        |
|    iterations         | 10800     |
|    time_elapsed       | 3774      |
|    total_timesteps    | 54000     |
| train/                |           |
|    entropy_loss       | -1.98     |
|    explained_variance | 1.19e-07  |
|    learning_rate      | 0.0007    |
|    n_updates          | 10799     |
|    policy_loss        | 794       |
|    reward             | 80.138115 |
|    std                | 0.651     |
|    value_loss         | 2.08e+05  |
-------------------------------------
-------------------------------------
| time/                 |           |
|    fps                | 14        |
|    iterations         | 10900     |
|    time_elapsed       | 3809      |
|    total_timesteps    | 54500     |
| train/                |           |
|    entropy_loss       | -1.98     |
|    explained_variance | -1.19e-07 |
|    learning_rate      | 0.0007    |
|    n_updates          | 10899     |
|    policy_loss        | 2.78e+03  |
|    reward             | 720.29504 |
|    std                | 0.651     |
|    value_loss         | 5.53e+06  |
-------------------------------------
EPISODE:  56
-------------------------------------
| time/                 |           |
|    fps                | 14        |
|    iterations         | 11000     |
|    time_elapsed       | 3844      |
|    total_timesteps    | 55000     |
| train/                |           |
|    entropy_loss       | -1.96     |
|    explained_variance | -1.19e-07 |
|    learning_rate      | 0.0007    |
|    n_updates          | 10999     |
|    policy_loss        | 561       |
|    reward             | 45.265423 |
|    std                | 0.645     |
|    value_loss         | 8.57e+04  |
-------------------------------------
-------------------------------------
| time/                 |           |
|    fps                | 14        |
|    iterations         | 11100     |
|    time_elapsed       | 3879      |
|    total_timesteps    | 55500     |
| train/                |           |
|    entropy_loss       | -1.94     |
|    explained_variance | 0         |
|    learning_rate      | 0.0007    |
|    n_updates          | 11099     |
|    policy_loss        | 3.48e+03  |
|    reward             | 715.11176 |
|    std                | 0.638     |
|    value_loss         | 5.45e+06  |
-------------------------------------
EPISODE:  57
-------------------------------------
| time/                 |           |
|    fps                | 14        |
|    iterations         | 11200     |
|    time_elapsed       | 3913      |
|    total_timesteps    | 56000     |
| train/                |           |
|    entropy_loss       | -1.95     |
|    explained_variance | -1.19e-07 |
|    learning_rate      | 0.0007    |
|    n_updates          | 11199     |
|    policy_loss        | 679       |
|    reward             | 63.662678 |
|    std                | 0.642     |
|    value_loss         | 1.31e+05  |
-------------------------------------
------------------------------------
| time/                 |          |
|    fps                | 14       |
|    iterations         | 11300    |
|    time_elapsed       | 3949     |
|    total_timesteps    | 56500    |
| train/                |          |
|    entropy_loss       | -1.92    |
|    explained_variance | 0        |
|    learning_rate      | 0.0007   |
|    n_updates          | 11299    |
|    policy_loss        | 4.67e+03 |
|    reward             | 723.1617 |
|    std                | 0.631    |
|    value_loss         | 5.57e+06 |
------------------------------------
EPISODE:  58
-------------------------------------
| time/                 |           |
|    fps                | 14        |
|    iterations         | 11400     |
|    time_elapsed       | 3984      |
|    total_timesteps    | 57000     |
| train/                |           |
|    entropy_loss       | -1.91     |
|    explained_variance | -2.38e-07 |
|    learning_rate      | 0.0007    |
|    n_updates          | 11399     |
|    policy_loss        | 640       |
|    reward             | 48.814068 |
|    std                | 0.63      |
|    value_loss         | 9.96e+04  |
-------------------------------------
-------------------------------------
| time/                 |           |
|    fps                | 14        |
|    iterations         | 11500     |
|    time_elapsed       | 4019      |
|    total_timesteps    | 57500     |
| train/                |           |
|    entropy_loss       | -1.9      |
|    explained_variance | 0         |
|    learning_rate      | 0.0007    |
|    n_updates          | 11499     |
|    policy_loss        | 3.46e+03  |
|    reward             | 719.01294 |
|    std                | 0.625     |
|    value_loss         | 5.51e+06  |
-------------------------------------
EPISODE:  59
-------------------------------------
| time/                 |           |
|    fps                | 14        |
|    iterations         | 11600     |
|    time_elapsed       | 4054      |
|    total_timesteps    | 58000     |
| train/                |           |
|    entropy_loss       | -1.87     |
|    explained_variance | 0         |
|    learning_rate      | 0.0007    |
|    n_updates          | 11599     |
|    policy_loss        | 361       |
|    reward             | 40.784332 |
|    std                | 0.617     |
|    value_loss         | 7.58e+04  |
-------------------------------------
-------------------------------------
| time/                 |           |
|    fps                | 14        |
|    iterations         | 11700     |
|    time_elapsed       | 4089      |
|    total_timesteps    | 58500     |
| train/                |           |
|    entropy_loss       | -1.87     |
|    explained_variance | -1.19e-07 |
|    learning_rate      | 0.0007    |
|    n_updates          | 11699     |
|    policy_loss        | 3.9e+03   |
|    reward             | 714.35486 |
|    std                | 0.617     |
|    value_loss         | 5.43e+06  |
-------------------------------------
EPISODE:  60
------------------------------------
| time/                 |          |
|    fps                | 14       |
|    iterations         | 11800    |
|    time_elapsed       | 4124     |
|    total_timesteps    | 59000    |
| train/                |          |
|    entropy_loss       | -1.87    |
|    explained_variance | 1.19e-07 |
|    learning_rate      | 0.0007   |
|    n_updates          | 11799    |
|    policy_loss        | 422      |
|    reward             | 37.44667 |
|    std                | 0.616    |
|    value_loss         | 6.98e+04 |
------------------------------------
------------------------------------
| time/                 |          |
|    fps                | 14       |
|    iterations         | 11900    |
|    time_elapsed       | 4159     |
|    total_timesteps    | 59500    |
| train/                |          |
|    entropy_loss       | -1.88    |
|    explained_variance | 0        |
|    learning_rate      | 0.0007   |
|    n_updates          | 11899    |
|    policy_loss        | 2.45e+03 |
|    reward             | 719.4163 |
|    std                | 0.62     |
|    value_loss         | 5.5e+06  |
------------------------------------
EPISODE:  61
-------------------------------------
| time/                 |           |
|    fps                | 14        |
|    iterations         | 12000     |
|    time_elapsed       | 4194      |
|    total_timesteps    | 60000     |
| train/                |           |
|    entropy_loss       | -1.87     |
|    explained_variance | 0         |
|    learning_rate      | 0.0007    |
|    n_updates          | 11999     |
|    policy_loss        | 524       |
|    reward             | 45.500248 |
|    std                | 0.618     |
|    value_loss         | 9.25e+04  |
-------------------------------------
------------------------------------
| time/                 |          |
|    fps                | 14       |
|    iterations         | 12100    |
|    time_elapsed       | 4229     |
|    total_timesteps    | 60500    |
| train/                |          |
|    entropy_loss       | -1.85    |
|    explained_variance | 0        |
|    learning_rate      | 0.0007   |
|    n_updates          | 12099    |
|    policy_loss        | 2.96e+03 |
|    reward             | 712.9063 |
|    std                | 0.61     |
|    value_loss         | 5.41e+06 |
------------------------------------
EPISODE:  62
-------------------------------------
| time/                 |           |
|    fps                | 14        |
|    iterations         | 12200     |
|    time_elapsed       | 4263      |
|    total_timesteps    | 61000     |
| train/                |           |
|    entropy_loss       | -1.82     |
|    explained_variance | -1.19e-07 |
|    learning_rate      | 0.0007    |
|    n_updates          | 12199     |
|    policy_loss        | 528       |
|    reward             | 36.063587 |
|    std                | 0.604     |
|    value_loss         | 6.41e+04  |
-------------------------------------
-------------------------------------
| time/                 |           |
|    fps                | 14        |
|    iterations         | 12300     |
|    time_elapsed       | 4298      |
|    total_timesteps    | 61500     |
| train/                |           |
|    entropy_loss       | -1.8      |
|    explained_variance | -2.38e-07 |
|    learning_rate      | 0.0007    |
|    n_updates          | 12299     |
|    policy_loss        | 3.02e+03  |
|    reward             | 708.2016  |
|    std                | 0.597     |
|    value_loss         | 5.33e+06  |
-------------------------------------
EPISODE:  63
-------------------------------------
| time/                 |           |
|    fps                | 14        |
|    iterations         | 12400     |
|    time_elapsed       | 4333      |
|    total_timesteps    | 62000     |
| train/                |           |
|    entropy_loss       | -1.78     |
|    explained_variance | 0         |
|    learning_rate      | 0.0007    |
|    n_updates          | 12399     |
|    policy_loss        | 295       |
|    reward             | 36.543343 |
|    std                | 0.59      |
|    value_loss         | 6.53e+04  |
-------------------------------------
------------------------------------
| time/                 |          |
|    fps                | 14       |
|    iterations         | 12500    |
|    time_elapsed       | 4368     |
|    total_timesteps    | 62500    |
| train/                |          |
|    entropy_loss       | -1.75    |
|    explained_variance | 0        |
|    learning_rate      | 0.0007   |
|    n_updates          | 12499    |
|    policy_loss        | 2.81e+03 |
|    reward             | 707.4817 |
|    std                | 0.583    |
|    value_loss         | 5.32e+06 |
------------------------------------
EPISODE:  64
------------------------------------
| time/                 |          |
|    fps                | 14       |
|    iterations         | 12600    |
|    time_elapsed       | 4403     |
|    total_timesteps    | 63000    |
| train/                |          |
|    entropy_loss       | -1.74    |
|    explained_variance | 5.96e-08 |
|    learning_rate      | 0.0007   |
|    n_updates          | 12599    |
|    policy_loss        | 391      |
|    reward             | 35.44029 |
|    std                | 0.578    |
|    value_loss         | 6.15e+04 |
------------------------------------
------------------------------------
| time/                 |          |
|    fps                | 14       |
|    iterations         | 12700    |
|    time_elapsed       | 4438     |
|    total_timesteps    | 63500    |
| train/                |          |
|    entropy_loss       | -1.74    |
|    explained_variance | 0        |
|    learning_rate      | 0.0007   |
|    n_updates          | 12699    |
|    policy_loss        | 3.4e+03  |
|    reward             | 704.6636 |
|    std                | 0.579    |
|    value_loss         | 5.28e+06 |
------------------------------------
EPISODE:  65
-------------------------------------
| time/                 |           |
|    fps                | 14        |
|    iterations         | 12800     |
|    time_elapsed       | 4473      |
|    total_timesteps    | 64000     |
| train/                |           |
|    entropy_loss       | -1.71     |
|    explained_variance | 0         |
|    learning_rate      | 0.0007    |
|    n_updates          | 12799     |
|    policy_loss        | 259       |
|    reward             | 35.527645 |
|    std                | 0.572     |
|    value_loss         | 6.17e+04  |
-------------------------------------
-------------------------------------
| time/                 |           |
|    fps                | 14        |
|    iterations         | 12900     |
|    time_elapsed       | 4508      |
|    total_timesteps    | 64500     |
| train/                |           |
|    entropy_loss       | -1.7      |
|    explained_variance | -2.38e-07 |
|    learning_rate      | 0.0007    |
|    n_updates          | 12899     |
|    policy_loss        | 4.06e+03  |
|    reward             | 706.93585 |
|    std                | 0.568     |
|    value_loss         | 5.31e+06  |
-------------------------------------
EPISODE:  66
------------------------------------
| time/                 |          |
|    fps                | 14       |
|    iterations         | 13000    |
|    time_elapsed       | 4543     |
|    total_timesteps    | 65000    |
| train/                |          |
|    entropy_loss       | -1.7     |
|    explained_variance | 0        |
|    learning_rate      | 0.0007   |
|    n_updates          | 12999    |
|    policy_loss        | 238      |
|    reward             | 35.66494 |
|    std                | 0.568    |
|    value_loss         | 6.2e+04  |
------------------------------------
------------------------------------
| time/                 |          |
|    fps                | 14       |
|    iterations         | 13100    |
|    time_elapsed       | 4578     |
|    total_timesteps    | 65500    |
| train/                |          |
|    entropy_loss       | -1.68    |
|    explained_variance | 0        |
|    learning_rate      | 0.0007   |
|    n_updates          | 13099    |
|    policy_loss        | 2.26e+03 |
|    reward             | 707.1952 |
|    std                | 0.562    |
|    value_loss         | 5.31e+06 |
------------------------------------
EPISODE:  67
------------------------------------
| time/                 |          |
|    fps                | 14       |
|    iterations         | 13200    |
|    time_elapsed       | 4612     |
|    total_timesteps    | 66000    |
| train/                |          |
|    entropy_loss       | -1.67    |
|    explained_variance | 0        |
|    learning_rate      | 0.0007   |
|    n_updates          | 13199    |
|    policy_loss        | 446      |
|    reward             | 35.67802 |
|    std                | 0.56     |
|    value_loss         | 6.2e+04  |
------------------------------------
------------------------------------
| time/                 |          |
|    fps                | 14       |
|    iterations         | 13300    |
|    time_elapsed       | 4647     |
|    total_timesteps    | 66500    |
| train/                |          |
|    entropy_loss       | -1.67    |
|    explained_variance | 0        |
|    learning_rate      | 0.0007   |
|    n_updates          | 13299    |
|    policy_loss        | 2.83e+03 |
|    reward             | 707.1952 |
|    std                | 0.559    |
|    value_loss         | 5.31e+06 |
------------------------------------
EPISODE:  68
-------------------------------------
| time/                 |           |
|    fps                | 14        |
|    iterations         | 13400     |
|    time_elapsed       | 4682      |
|    total_timesteps    | 67000     |
| train/                |           |
|    entropy_loss       | -1.67     |
|    explained_variance | 5.96e-08  |
|    learning_rate      | 0.0007    |
|    n_updates          | 13399     |
|    policy_loss        | 316       |
|    reward             | 35.663204 |
|    std                | 0.56      |
|    value_loss         | 6.18e+04  |
-------------------------------------
------------------------------------
| time/                 |          |
|    fps                | 14       |
|    iterations         | 13500    |
|    time_elapsed       | 4717     |
|    total_timesteps    | 67500    |
| train/                |          |
|    entropy_loss       | -1.67    |
|    explained_variance | 1.19e-07 |
|    learning_rate      | 0.0007   |
|    n_updates          | 13499    |
|    policy_loss        | 5.43e+03 |
|    reward             | 707.1763 |
|    std                | 0.561    |
|    value_loss         | 5.31e+06 |
------------------------------------
EPISODE:  69
-------------------------------------
| time/                 |           |
|    fps                | 14        |
|    iterations         | 13600     |
|    time_elapsed       | 4752      |
|    total_timesteps    | 68000     |
| train/                |           |
|    entropy_loss       | -1.66     |
|    explained_variance | 5.96e-08  |
|    learning_rate      | 0.0007    |
|    n_updates          | 13599     |
|    policy_loss        | 313       |
|    reward             | 35.677067 |
|    std                | 0.556     |
|    value_loss         | 6.17e+04  |
-------------------------------------
-------------------------------------
| time/                 |           |
|    fps                | 14        |
|    iterations         | 13700     |
|    time_elapsed       | 4787      |
|    total_timesteps    | 68500     |
| train/                |           |
|    entropy_loss       | -1.61     |
|    explained_variance | 0         |
|    learning_rate      | 0.0007    |
|    n_updates          | 13699     |
|    policy_loss        | 2.94e+03  |
|    reward             | 707.25214 |
|    std                | 0.543     |
|    value_loss         | 5.31e+06  |
-------------------------------------
EPISODE:  70
-------------------------------------
| time/                 |           |
|    fps                | 14        |
|    iterations         | 13800     |
|    time_elapsed       | 4822      |
|    total_timesteps    | 69000     |
| train/                |           |
|    entropy_loss       | -1.58     |
|    explained_variance | 0         |
|    learning_rate      | 0.0007    |
|    n_updates          | 13799     |
|    policy_loss        | 254       |
|    reward             | 35.680897 |
|    std                | 0.534     |
|    value_loss         | 6.15e+04  |
-------------------------------------
------------------------------------
| time/                 |          |
|    fps                | 14       |
|    iterations         | 13900    |
|    time_elapsed       | 4857     |
|    total_timesteps    | 69500    |
| train/                |          |
|    entropy_loss       | -1.56    |
|    explained_variance | 0        |
|    learning_rate      | 0.0007   |
|    n_updates          | 13899    |
|    policy_loss        | 4.99e+03 |
|    reward             | 707.1952 |
|    std                | 0.528    |
|    value_loss         | 5.31e+06 |
------------------------------------
EPISODE:  71
------------------------------------
| time/                 |          |
|    fps                | 14       |
|    iterations         | 14000    |
|    time_elapsed       | 4893     |
|    total_timesteps    | 70000    |
| train/                |          |
|    entropy_loss       | -1.55    |
|    explained_variance | 5.96e-08 |
|    learning_rate      | 0.0007   |
|    n_updates          | 13999    |
|    policy_loss        | 371      |
|    reward             | 35.67802 |
|    std                | 0.526    |
|    value_loss         | 6.14e+04 |
------------------------------------
------------------------------------
| time/                 |          |
|    fps                | 14       |
|    iterations         | 14100    |
|    time_elapsed       | 4928     |
|    total_timesteps    | 70500    |
| train/                |          |
|    entropy_loss       | -1.52    |
|    explained_variance | 0        |
|    learning_rate      | 0.0007   |
|    n_updates          | 14099    |
|    policy_loss        | 3.91e+03 |
|    reward             | 707.1952 |
|    std                | 0.517    |
|    value_loss         | 5.31e+06 |
------------------------------------
EPISODE:  72
-------------------------------------
| time/                 |           |
|    fps                | 14        |
|    iterations         | 14200     |
|    time_elapsed       | 4963      |
|    total_timesteps    | 71000     |
| train/                |           |
|    entropy_loss       | -1.49     |
|    explained_variance | -1.19e-07 |
|    learning_rate      | 0.0007    |
|    n_updates          | 14199     |
|    policy_loss        | 299       |
|    reward             | 35.67802  |
|    std                | 0.51      |
|    value_loss         | 6.12e+04  |
-------------------------------------
------------------------------------
| time/                 |          |
|    fps                | 14       |
|    iterations         | 14300    |
|    time_elapsed       | 4997     |
|    total_timesteps    | 71500    |
| train/                |          |
|    entropy_loss       | -1.46    |
|    explained_variance | 0        |
|    learning_rate      | 0.0007   |
|    n_updates          | 14299    |
|    policy_loss        | 2.32e+03 |
|    reward             | 707.1952 |
|    std                | 0.502    |
|    value_loss         | 5.31e+06 |
------------------------------------
EPISODE:  73
------------------------------------
| time/                 |          |
|    fps                | 14       |
|    iterations         | 14400    |
|    time_elapsed       | 5032     |
|    total_timesteps    | 72000    |
| train/                |          |
|    entropy_loss       | -1.45    |
|    explained_variance | 0        |
|    learning_rate      | 0.0007   |
|    n_updates          | 14399    |
|    policy_loss        | 287      |
|    reward             | 35.67802 |
|    std                | 0.501    |
|    value_loss         | 6.11e+04 |
------------------------------------
------------------------------------
| time/                 |          |
|    fps                | 14       |
|    iterations         | 14500    |
|    time_elapsed       | 5067     |
|    total_timesteps    | 72500    |
| train/                |          |
|    entropy_loss       | -1.43    |
|    explained_variance | 0        |
|    learning_rate      | 0.0007   |
|    n_updates          | 14499    |
|    policy_loss        | 3.47e+03 |
|    reward             | 707.1952 |
|    std                | 0.497    |
|    value_loss         | 5.3e+06  |
------------------------------------
EPISODE:  74
------------------------------------
| time/                 |          |
|    fps                | 14       |
|    iterations         | 14600    |
|    time_elapsed       | 5102     |
|    total_timesteps    | 73000    |
| train/                |          |
|    entropy_loss       | -1.41    |
|    explained_variance | 5.96e-08 |
|    learning_rate      | 0.0007   |
|    n_updates          | 14599    |
|    policy_loss        | 310      |
|    reward             | 35.67802 |
|    std                | 0.49     |
|    value_loss         | 6.1e+04  |
------------------------------------
-------------------------------------
| time/                 |           |
|    fps                | 14        |
|    iterations         | 14700     |
|    time_elapsed       | 5137      |
|    total_timesteps    | 73500     |
| train/                |           |
|    entropy_loss       | -1.39     |
|    explained_variance | -1.19e-07 |
|    learning_rate      | 0.0007    |
|    n_updates          | 14699     |
|    policy_loss        | 4.7e+03   |
|    reward             | 707.1952  |
|    std                | 0.486     |
|    value_loss         | 5.3e+06   |
-------------------------------------
EPISODE:  75
------------------------------------
| time/                 |          |
|    fps                | 14       |
|    iterations         | 14800    |
|    time_elapsed       | 5172     |
|    total_timesteps    | 74000    |
| train/                |          |
|    entropy_loss       | -1.37    |
|    explained_variance | 0        |
|    learning_rate      | 0.0007   |
|    n_updates          | 14799    |
|    policy_loss        | 384      |
|    reward             | 35.67802 |
|    std                | 0.48     |
|    value_loss         | 6.08e+04 |
------------------------------------
------------------------------------
| time/                 |          |
|    fps                | 14       |
|    iterations         | 14900    |
|    time_elapsed       | 5207     |
|    total_timesteps    | 74500    |
| train/                |          |
|    entropy_loss       | -1.37    |
|    explained_variance | 0        |
|    learning_rate      | 0.0007   |
|    n_updates          | 14899    |
|    policy_loss        | 3.45e+03 |
|    reward             | 707.1952 |
|    std                | 0.48     |
|    value_loss         | 5.3e+06  |
------------------------------------
EPISODE:  76
------------------------------------
| time/                 |          |
|    fps                | 14       |
|    iterations         | 15000    |
|    time_elapsed       | 5242     |
|    total_timesteps    | 75000    |
| train/                |          |
|    entropy_loss       | -1.36    |
|    explained_variance | 5.96e-08 |
|    learning_rate      | 0.0007   |
|    n_updates          | 14999    |
|    policy_loss        | 286      |
|    reward             | 35.67802 |
|    std                | 0.479    |
|    value_loss         | 6.07e+04 |
------------------------------------
------------------------------------
| time/                 |          |
|    fps                | 14       |
|    iterations         | 15100    |
|    time_elapsed       | 5277     |
|    total_timesteps    | 75500    |
| train/                |          |
|    entropy_loss       | -1.33    |
|    explained_variance | 0        |
|    learning_rate      | 0.0007   |
|    n_updates          | 15099    |
|    policy_loss        | 2.5e+03  |
|    reward             | 707.1952 |
|    std                | 0.472    |
|    value_loss         | 5.3e+06  |
------------------------------------
EPISODE:  77
------------------------------------
| time/                 |          |
|    fps                | 14       |
|    iterations         | 15200    |
|    time_elapsed       | 5311     |
|    total_timesteps    | 76000    |
| train/                |          |
|    entropy_loss       | -1.31    |
|    explained_variance | 0        |
|    learning_rate      | 0.0007   |
|    n_updates          | 15199    |
|    policy_loss        | 276      |
|    reward             | 35.67802 |
|    std                | 0.467    |
|    value_loss         | 6.05e+04 |
------------------------------------
------------------------------------
| time/                 |          |
|    fps                | 14       |
|    iterations         | 15300    |
|    time_elapsed       | 5346     |
|    total_timesteps    | 76500    |
| train/                |          |
|    entropy_loss       | -1.3     |
|    explained_variance | 0        |
|    learning_rate      | 0.0007   |
|    n_updates          | 15299    |
|    policy_loss        | 3.58e+03 |
|    reward             | 707.1952 |
|    std                | 0.464    |
|    value_loss         | 5.3e+06  |
------------------------------------
EPISODE:  78
------------------------------------
| time/                 |          |
|    fps                | 14       |
|    iterations         | 15400    |
|    time_elapsed       | 5381     |
|    total_timesteps    | 77000    |
| train/                |          |
|    entropy_loss       | -1.29    |
|    explained_variance | 0        |
|    learning_rate      | 0.0007   |
|    n_updates          | 15399    |
|    policy_loss        | 106      |
|    reward             | 35.67802 |
|    std                | 0.461    |
|    value_loss         | 6.04e+04 |
------------------------------------
-------------------------------------
| time/                 |           |
|    fps                | 14        |
|    iterations         | 15500     |
|    time_elapsed       | 5416      |
|    total_timesteps    | 77500     |
| train/                |           |
|    entropy_loss       | -1.27     |
|    explained_variance | -1.19e-07 |
|    learning_rate      | 0.0007    |
|    n_updates          | 15499     |
|    policy_loss        | 3.59e+03  |
|    reward             | 707.1952  |
|    std                | 0.457     |
|    value_loss         | 5.3e+06   |
-------------------------------------
EPISODE:  79
------------------------------------
| time/                 |          |
|    fps                | 14       |
|    iterations         | 15600    |
|    time_elapsed       | 5451     |
|    total_timesteps    | 78000    |
| train/                |          |
|    entropy_loss       | -1.25    |
|    explained_variance | 0        |
|    learning_rate      | 0.0007   |
|    n_updates          | 15599    |
|    policy_loss        | 174      |
|    reward             | 35.67802 |
|    std                | 0.453    |
|    value_loss         | 6.03e+04 |
------------------------------------
-------------------------------------
| time/                 |           |
|    fps                | 14        |
|    iterations         | 15700     |
|    time_elapsed       | 5486      |
|    total_timesteps    | 78500     |
| train/                |           |
|    entropy_loss       | -1.23     |
|    explained_variance | -1.19e-07 |
|    learning_rate      | 0.0007    |
|    n_updates          | 15699     |
|    policy_loss        | 1.95e+03  |
|    reward             | 707.1952  |
|    std                | 0.449     |
|    value_loss         | 5.3e+06   |
-------------------------------------
EPISODE:  80
------------------------------------
| time/                 |          |
|    fps                | 14       |
|    iterations         | 15800    |
|    time_elapsed       | 5521     |
|    total_timesteps    | 79000    |
| train/                |          |
|    entropy_loss       | -1.22    |
|    explained_variance | 0        |
|    learning_rate      | 0.0007   |
|    n_updates          | 15799    |
|    policy_loss        | 189      |
|    reward             | 35.67802 |
|    std                | 0.445    |
|    value_loss         | 6.01e+04 |
------------------------------------
------------------------------------
| time/                 |          |
|    fps                | 14       |
|    iterations         | 15900    |
|    time_elapsed       | 5556     |
|    total_timesteps    | 79500    |
| train/                |          |
|    entropy_loss       | -1.2     |
|    explained_variance | 1.19e-07 |
|    learning_rate      | 0.0007   |
|    n_updates          | 15899    |
|    policy_loss        | 3.25e+03 |
|    reward             | 707.1952 |
|    std                | 0.443    |
|    value_loss         | 5.3e+06  |
------------------------------------
EPISODE:  81
------------------------------------
| time/                 |          |
|    fps                | 14       |
|    iterations         | 16000    |
|    time_elapsed       | 5591     |
|    total_timesteps    | 80000    |
| train/                |          |
|    entropy_loss       | -1.19    |
|    explained_variance | 0        |
|    learning_rate      | 0.0007   |
|    n_updates          | 15999    |
|    policy_loss        | 458      |
|    reward             | 35.67802 |
|    std                | 0.44     |
|    value_loss         | 6e+04    |
------------------------------------
------------------------------------
| time/                 |          |
|    fps                | 14       |
|    iterations         | 16100    |
|    time_elapsed       | 5626     |
|    total_timesteps    | 80500    |
| train/                |          |
|    entropy_loss       | -1.17    |
|    explained_variance | 0        |
|    learning_rate      | 0.0007   |
|    n_updates          | 16099    |
|    policy_loss        | 828      |
|    reward             | 707.1952 |
|    std                | 0.436    |
|    value_loss         | 5.29e+06 |
------------------------------------
EPISODE:  82
-------------------------------------
| time/                 |           |
|    fps                | 14        |
|    iterations         | 16200     |
|    time_elapsed       | 5660      |
|    total_timesteps    | 81000     |
| train/                |           |
|    entropy_loss       | -1.15     |
|    explained_variance | -1.19e-07 |
|    learning_rate      | 0.0007    |
|    n_updates          | 16199     |
|    policy_loss        | 334       |
|    reward             | 35.67802  |
|    std                | 0.431     |
|    value_loss         | 5.99e+04  |
-------------------------------------
------------------------------------
| time/                 |          |
|    fps                | 14       |
|    iterations         | 16300    |
|    time_elapsed       | 5695     |
|    total_timesteps    | 81500    |
| train/                |          |
|    entropy_loss       | -1.13    |
|    explained_variance | 0        |
|    learning_rate      | 0.0007   |
|    n_updates          | 16299    |
|    policy_loss        | 1.91e+03 |
|    reward             | 707.1952 |
|    std                | 0.427    |
|    value_loss         | 5.29e+06 |
------------------------------------
EPISODE:  83
------------------------------------
| time/                 |          |
|    fps                | 14       |
|    iterations         | 16400    |
|    time_elapsed       | 5730     |
|    total_timesteps    | 82000    |
| train/                |          |
|    entropy_loss       | -1.13    |
|    explained_variance | 0        |
|    learning_rate      | 0.0007   |
|    n_updates          | 16399    |
|    policy_loss        | 208      |
|    reward             | 35.67802 |
|    std                | 0.426    |
|    value_loss         | 5.97e+04 |
------------------------------------
-------------------------------------
| time/                 |           |
|    fps                | 14        |
|    iterations         | 16500     |
|    time_elapsed       | 5765      |
|    total_timesteps    | 82500     |
| train/                |           |
|    entropy_loss       | -1.11     |
|    explained_variance | -1.19e-07 |
|    learning_rate      | 0.0007    |
|    n_updates          | 16499     |
|    policy_loss        | 690       |
|    reward             | 707.1952  |
|    std                | 0.423     |
|    value_loss         | 5.29e+06  |
-------------------------------------
EPISODE:  84
------------------------------------
| time/                 |          |
|    fps                | 14       |
|    iterations         | 16600    |
|    time_elapsed       | 5800     |
|    total_timesteps    | 83000    |
| train/                |          |
|    entropy_loss       | -1.09    |
|    explained_variance | 5.96e-08 |
|    learning_rate      | 0.0007   |
|    n_updates          | 16599    |
|    policy_loss        | 155      |
|    reward             | 35.67802 |
|    std                | 0.419    |
|    value_loss         | 5.96e+04 |
------------------------------------
------------------------------------
| time/                 |          |
|    fps                | 14       |
|    iterations         | 16700    |
|    time_elapsed       | 5836     |
|    total_timesteps    | 83500    |
| train/                |          |
|    entropy_loss       | -1.09    |
|    explained_variance | 0        |
|    learning_rate      | 0.0007   |
|    n_updates          | 16699    |
|    policy_loss        | 1.81e+03 |
|    reward             | 707.1952 |
|    std                | 0.418    |
|    value_loss         | 5.29e+06 |
------------------------------------
EPISODE:  85
------------------------------------
| time/                 |          |
|    fps                | 14       |
|    iterations         | 16800    |
|    time_elapsed       | 5871     |
|    total_timesteps    | 84000    |
| train/                |          |
|    entropy_loss       | -1.08    |
|    explained_variance | 0        |
|    learning_rate      | 0.0007   |
|    n_updates          | 16799    |
|    policy_loss        | 366      |
|    reward             | 35.67802 |
|    std                | 0.416    |
|    value_loss         | 5.94e+04 |
------------------------------------
------------------------------------
| time/                 |          |
|    fps                | 14       |
|    iterations         | 16900    |
|    time_elapsed       | 5906     |
|    total_timesteps    | 84500    |
| train/                |          |
|    entropy_loss       | -1.06    |
|    explained_variance | 1.19e-07 |
|    learning_rate      | 0.0007   |
|    n_updates          | 16899    |
|    policy_loss        | 1.61e+03 |
|    reward             | 707.1952 |
|    std                | 0.413    |
|    value_loss         | 5.29e+06 |
------------------------------------
EPISODE:  86
------------------------------------
| time/                 |          |
|    fps                | 14       |
|    iterations         | 17000    |
|    time_elapsed       | 5941     |
|    total_timesteps    | 85000    |
| train/                |          |
|    entropy_loss       | -1.06    |
|    explained_variance | 0        |
|    learning_rate      | 0.0007   |
|    n_updates          | 16999    |
|    policy_loss        | 417      |
|    reward             | 35.67802 |
|    std                | 0.413    |
|    value_loss         | 5.93e+04 |
------------------------------------
------------------------------------
| time/                 |          |
|    fps                | 14       |
|    iterations         | 17100    |
|    time_elapsed       | 5976     |
|    total_timesteps    | 85500    |
| train/                |          |
|    entropy_loss       | -1.05    |
|    explained_variance | 0        |
|    learning_rate      | 0.0007   |
|    n_updates          | 17099    |
|    policy_loss        | 2.2e+03  |
|    reward             | 707.1952 |
|    std                | 0.411    |
|    value_loss         | 5.29e+06 |
------------------------------------
EPISODE:  87
-------------------------------------
| time/                 |           |
|    fps                | 14        |
|    iterations         | 17200     |
|    time_elapsed       | 6011      |
|    total_timesteps    | 86000     |
| train/                |           |
|    entropy_loss       | -1.03     |
|    explained_variance | -1.19e-07 |
|    learning_rate      | 0.0007    |
|    n_updates          | 17199     |
|    policy_loss        | 191       |
|    reward             | 35.67802  |
|    std                | 0.406     |
|    value_loss         | 5.92e+04  |
-------------------------------------
------------------------------------
| time/                 |          |
|    fps                | 14       |
|    iterations         | 17300    |
|    time_elapsed       | 6046     |
|    total_timesteps    | 86500    |
| train/                |          |
|    entropy_loss       | -0.996   |
|    explained_variance | 0        |
|    learning_rate      | 0.0007   |
|    n_updates          | 17299    |
|    policy_loss        | 439      |
|    reward             | 707.1952 |
|    std                | 0.399    |
|    value_loss         | 5.29e+06 |
------------------------------------
EPISODE:  88
------------------------------------
| time/                 |          |
|    fps                | 14       |
|    iterations         | 17400    |
|    time_elapsed       | 6081     |
|    total_timesteps    | 87000    |
| train/                |          |
|    entropy_loss       | -0.981   |
|    explained_variance | 5.96e-08 |
|    learning_rate      | 0.0007   |
|    n_updates          | 17399    |
|    policy_loss        | 109      |
|    reward             | 35.67802 |
|    std                | 0.396    |
|    value_loss         | 5.9e+04  |
------------------------------------
------------------------------------
| time/                 |          |
|    fps                | 14       |
|    iterations         | 17500    |
|    time_elapsed       | 6116     |
|    total_timesteps    | 87500    |
| train/                |          |
|    entropy_loss       | -0.951   |
|    explained_variance | 0        |
|    learning_rate      | 0.0007   |
|    n_updates          | 17499    |
|    policy_loss        | 1.26e+03 |
|    reward             | 707.1952 |
|    std                | 0.391    |
|    value_loss         | 5.29e+06 |
------------------------------------
EPISODE:  89
------------------------------------
| time/                 |          |
|    fps                | 14       |
|    iterations         | 17600    |
|    time_elapsed       | 6151     |
|    total_timesteps    | 88000    |
| train/                |          |
|    entropy_loss       | -0.948   |
|    explained_variance | 5.96e-08 |
|    learning_rate      | 0.0007   |
|    n_updates          | 17599    |
|    policy_loss        | 46.3     |
|    reward             | 35.67802 |
|    std                | 0.39     |
|    value_loss         | 5.89e+04 |
------------------------------------
------------------------------------
| time/                 |          |
|    fps                | 14       |
|    iterations         | 17700    |
|    time_elapsed       | 6185     |
|    total_timesteps    | 88500    |
| train/                |          |
|    entropy_loss       | -0.935   |
|    explained_variance | 0        |
|    learning_rate      | 0.0007   |
|    n_updates          | 17699    |
|    policy_loss        | 1.26e+03 |
|    reward             | 707.1952 |
|    std                | 0.387    |
|    value_loss         | 5.28e+06 |
------------------------------------
EPISODE:  90
------------------------------------
| time/                 |          |
|    fps                | 14       |
|    iterations         | 17800    |
|    time_elapsed       | 6220     |
|    total_timesteps    | 89000    |
| train/                |          |
|    entropy_loss       | -0.907   |
|    explained_variance | 0        |
|    learning_rate      | 0.0007   |
|    n_updates          | 17799    |
|    policy_loss        | 178      |
|    reward             | 35.67802 |
|    std                | 0.382    |
|    value_loss         | 5.88e+04 |
------------------------------------
------------------------------------
| time/                 |          |
|    fps                | 14       |
|    iterations         | 17900    |
|    time_elapsed       | 6255     |
|    total_timesteps    | 89500    |
| train/                |          |
|    entropy_loss       | -0.898   |
|    explained_variance | 0        |
|    learning_rate      | 0.0007   |
|    n_updates          | 17899    |
|    policy_loss        | 1.73e+03 |
|    reward             | 707.1952 |
|    std                | 0.38     |
|    value_loss         | 5.28e+06 |
------------------------------------
EPISODE:  91
------------------------------------
| time/                 |          |
|    fps                | 14       |
|    iterations         | 18000    |
|    time_elapsed       | 6290     |
|    total_timesteps    | 90000    |
| train/                |          |
|    entropy_loss       | -0.878   |
|    explained_variance | 0        |
|    learning_rate      | 0.0007   |
|    n_updates          | 17999    |
|    policy_loss        | 411      |
|    reward             | 35.67802 |
|    std                | 0.377    |
|    value_loss         | 5.86e+04 |
------------------------------------
-------------------------------------
| time/                 |           |
|    fps                | 14        |
|    iterations         | 18100     |
|    time_elapsed       | 6325      |
|    total_timesteps    | 90500     |
| train/                |           |
|    entropy_loss       | -0.868    |
|    explained_variance | -1.19e-07 |
|    learning_rate      | 0.0007    |
|    n_updates          | 18099     |
|    policy_loss        | 355       |
|    reward             | 707.1952  |
|    std                | 0.374     |
|    value_loss         | 5.28e+06  |
-------------------------------------
EPISODE:  92
-------------------------------------
| time/                 |           |
|    fps                | 14        |
|    iterations         | 18200     |
|    time_elapsed       | 6360      |
|    total_timesteps    | 91000     |
| train/                |           |
|    entropy_loss       | -0.859    |
|    explained_variance | -1.19e-07 |
|    learning_rate      | 0.0007    |
|    n_updates          | 18199     |
|    policy_loss        | 188       |
|    reward             | 35.67802  |
|    std                | 0.374     |
|    value_loss         | 5.85e+04  |
-------------------------------------
------------------------------------
| time/                 |          |
|    fps                | 14       |
|    iterations         | 18300    |
|    time_elapsed       | 6395     |
|    total_timesteps    | 91500    |
| train/                |          |
|    entropy_loss       | -0.848   |
|    explained_variance | 0        |
|    learning_rate      | 0.0007   |
|    n_updates          | 18299    |
|    policy_loss        | 1.03e+03 |
|    reward             | 707.1952 |
|    std                | 0.371    |
|    value_loss         | 5.28e+06 |
------------------------------------
EPISODE:  93
------------------------------------
| time/                 |          |
|    fps                | 14       |
|    iterations         | 18400    |
|    time_elapsed       | 6430     |
|    total_timesteps    | 92000    |
| train/                |          |
|    entropy_loss       | -0.834   |
|    explained_variance | 0        |
|    learning_rate      | 0.0007   |
|    n_updates          | 18399    |
|    policy_loss        | 63.4     |
|    reward             | 35.67802 |
|    std                | 0.368    |
|    value_loss         | 5.84e+04 |
------------------------------------
------------------------------------
| time/                 |          |
|    fps                | 14       |
|    iterations         | 18500    |
|    time_elapsed       | 6465     |
|    total_timesteps    | 92500    |
| train/                |          |
|    entropy_loss       | -0.805   |
|    explained_variance | 0        |
|    learning_rate      | 0.0007   |
|    n_updates          | 18499    |
|    policy_loss        | 688      |
|    reward             | 707.1952 |
|    std                | 0.363    |
|    value_loss         | 5.28e+06 |
------------------------------------
EPISODE:  94
------------------------------------
| time/                 |          |
|    fps                | 14       |
|    iterations         | 18600    |
|    time_elapsed       | 6500     |
|    total_timesteps    | 93000    |
| train/                |          |
|    entropy_loss       | -0.756   |
|    explained_variance | 0        |
|    learning_rate      | 0.0007   |
|    n_updates          | 18599    |
|    policy_loss        | 224      |
|    reward             | 35.67802 |
|    std                | 0.355    |
|    value_loss         | 5.82e+04 |
------------------------------------
------------------------------------
| time/                 |          |
|    fps                | 14       |
|    iterations         | 18700    |
|    time_elapsed       | 6535     |
|    total_timesteps    | 93500    |
| train/                |          |
|    entropy_loss       | -0.735   |
|    explained_variance | 0        |
|    learning_rate      | 0.0007   |
|    n_updates          | 18699    |
|    policy_loss        | 407      |
|    reward             | 707.1952 |
|    std                | 0.351    |
|    value_loss         | 5.28e+06 |
------------------------------------
EPISODE:  95
-------------------------------------
| time/                 |           |
|    fps                | 14        |
|    iterations         | 18800     |
|    time_elapsed       | 6569      |
|    total_timesteps    | 94000     |
| train/                |           |
|    entropy_loss       | -0.715    |
|    explained_variance | 0         |
|    learning_rate      | 0.0007    |
|    n_updates          | 18799     |
|    policy_loss        | 34.8      |
|    reward             | 35.692455 |
|    std                | 0.348     |
|    value_loss         | 5.81e+04  |
-------------------------------------
-------------------------------------
| time/                 |           |
|    fps                | 14        |
|    iterations         | 18900     |
|    time_elapsed       | 6604      |
|    total_timesteps    | 94500     |
| train/                |           |
|    entropy_loss       | -0.699    |
|    explained_variance | -1.19e-07 |
|    learning_rate      | 0.0007    |
|    n_updates          | 18899     |
|    policy_loss        | 2.4e+03   |
|    reward             | 707.55725 |
|    std                | 0.346     |
|    value_loss         | 5.28e+06  |
-------------------------------------
EPISODE:  96
------------------------------------
| time/                 |          |
|    fps                | 14       |
|    iterations         | 19000    |
|    time_elapsed       | 6639     |
|    total_timesteps    | 95000    |
| train/                |          |
|    entropy_loss       | -0.68    |
|    explained_variance | 0        |
|    learning_rate      | 0.0007   |
|    n_updates          | 18999    |
|    policy_loss        | 71.4     |
|    reward             | 35.95327 |
|    std                | 0.342    |
|    value_loss         | 5.9e+04  |
------------------------------------
-------------------------------------
| time/                 |           |
|    fps                | 14        |
|    iterations         | 19100     |
|    time_elapsed       | 6674      |
|    total_timesteps    | 95500     |
| train/                |           |
|    entropy_loss       | -0.67     |
|    explained_variance | 0         |
|    learning_rate      | 0.0007    |
|    n_updates          | 19099     |
|    policy_loss        | 862       |
|    reward             | 707.49347 |
|    std                | 0.341     |
|    value_loss         | 5.28e+06  |
-------------------------------------
EPISODE:  97
-------------------------------------
| time/                 |           |
|    fps                | 14        |
|    iterations         | 19200     |
|    time_elapsed       | 6709      |
|    total_timesteps    | 96000     |
| train/                |           |
|    entropy_loss       | -0.672    |
|    explained_variance | 0         |
|    learning_rate      | 0.0007    |
|    n_updates          | 19199     |
|    policy_loss        | 7.42      |
|    reward             | 36.340645 |
|    std                | 0.341     |
|    value_loss         | 5.82e+04  |
-------------------------------------
------------------------------------
| time/                 |          |
|    fps                | 14       |
|    iterations         | 19300    |
|    time_elapsed       | 6745     |
|    total_timesteps    | 96500    |
| train/                |          |
|    entropy_loss       | -0.662   |
|    explained_variance | 0        |
|    learning_rate      | 0.0007   |
|    n_updates          | 19299    |
|    policy_loss        | 2.2e+03  |
|    reward             | 707.3363 |
|    std                | 0.34     |
|    value_loss         | 5.28e+06 |
------------------------------------
EPISODE:  98
-------------------------------------
| time/                 |           |
|    fps                | 14        |
|    iterations         | 19400     |
|    time_elapsed       | 6780      |
|    total_timesteps    | 97000     |
| train/                |           |
|    entropy_loss       | -0.662    |
|    explained_variance | 5.96e-08  |
|    learning_rate      | 0.0007    |
|    n_updates          | 19399     |
|    policy_loss        | 260       |
|    reward             | 36.873856 |
|    std                | 0.34      |
|    value_loss         | 6.15e+04  |
-------------------------------------
------------------------------------
| time/                 |          |
|    fps                | 14       |
|    iterations         | 19500    |
|    time_elapsed       | 6815     |
|    total_timesteps    | 97500    |
| train/                |          |
|    entropy_loss       | -0.631   |
|    explained_variance | 1.19e-07 |
|    learning_rate      | 0.0007   |
|    n_updates          | 19499    |
|    policy_loss        | 2.73e+03 |
|    reward             | 708.6123 |
|    std                | 0.335    |
|    value_loss         | 5.29e+06 |
------------------------------------
EPISODE:  99
-------------------------------------
| time/                 |           |
|    fps                | 14        |
|    iterations         | 19600     |
|    time_elapsed       | 6850      |
|    total_timesteps    | 98000     |
| train/                |           |
|    entropy_loss       | -0.62     |
|    explained_variance | 0         |
|    learning_rate      | 0.0007    |
|    n_updates          | 19599     |
|    policy_loss        | 306       |
|    reward             | 37.206158 |
|    std                | 0.333     |
|    value_loss         | 6.31e+04  |
-------------------------------------
------------------------------------
| time/                 |          |
|    fps                | 14       |
|    iterations         | 19700    |
|    time_elapsed       | 6885     |
|    total_timesteps    | 98500    |
| train/                |          |
|    entropy_loss       | -0.599   |
|    explained_variance | 5.96e-08 |
|    learning_rate      | 0.0007   |
|    n_updates          | 19699    |
|    policy_loss        | 928      |
|    reward             | 720.2527 |
|    std                | 0.33     |
|    value_loss         | 5.46e+06 |
------------------------------------
EPISODE:  100
-------------------------------------
| time/                 |           |
|    fps                | 14        |
|    iterations         | 19800     |
|    time_elapsed       | 6920      |
|    total_timesteps    | 99000     |
| train/                |           |
|    entropy_loss       | -0.578    |
|    explained_variance | -1.19e-07 |
|    learning_rate      | 0.0007    |
|    n_updates          | 19799     |
|    policy_loss        | 127       |
|    reward             | 59.89834  |
|    std                | 0.326     |
|    value_loss         | 1.33e+05  |
-------------------------------------
-------------------------------------
| time/                 |           |
|    fps                | 14        |
|    iterations         | 19900     |
|    time_elapsed       | 6955      |
|    total_timesteps    | 99500     |
| train/                |           |
|    entropy_loss       | -0.548    |
|    explained_variance | -1.19e-07 |
|    learning_rate      | 0.0007    |
|    n_updates          | 19899     |
|    policy_loss        | 1.91e+03  |
|    reward             | 725.81616 |
|    std                | 0.322     |
|    value_loss         | 5.55e+06  |
-------------------------------------
EPISODE:  101
-------------------------------------
| time/                 |           |
|    fps                | 14        |
|    iterations         | 20000     |
|    time_elapsed       | 6990      |
|    total_timesteps    | 100000    |
| train/                |           |
|    entropy_loss       | -0.527    |
|    explained_variance | 1.19e-07  |
|    learning_rate      | 0.0007    |
|    n_updates          | 19999     |
|    policy_loss        | -23.5     |
|    reward             | 50.116127 |
|    std                | 0.318     |
|    value_loss         | 8.75e+04  |
-------------------------------------
------------------------------------
| time/                 |          |
|    fps                | 14       |
|    iterations         | 20100    |
|    time_elapsed       | 7025     |
|    total_timesteps    | 100500   |
| train/                |          |
|    entropy_loss       | -0.51    |
|    explained_variance | 0        |
|    learning_rate      | 0.0007   |
|    n_updates          | 20099    |
|    policy_loss        | 1.37e+03 |
|    reward             | 725.8969 |
|    std                | 0.315    |
|    value_loss         | 5.54e+06 |
------------------------------------
EPISODE:  102
-------------------------------------
| time/                 |           |
|    fps                | 14        |
|    iterations         | 20200     |
|    time_elapsed       | 7060      |
|    total_timesteps    | 101000    |
| train/                |           |
|    entropy_loss       | -0.494    |
|    explained_variance | 0         |
|    learning_rate      | 0.0007    |
|    n_updates          | 20199     |
|    policy_loss        | 418       |
|    reward             | 55.810898 |
|    std                | 0.314     |
|    value_loss         | 1.12e+05  |
-------------------------------------
------------------------------------
| time/                 |          |
|    fps                | 14       |
|    iterations         | 20300    |
|    time_elapsed       | 7094     |
|    total_timesteps    | 101500   |
| train/                |          |
|    entropy_loss       | -0.474   |
|    explained_variance | 0        |
|    learning_rate      | 0.0007   |
|    n_updates          | 20299    |
|    policy_loss        | 1.08e+03 |
|    reward             | 763.8699 |
|    std                | 0.31     |
|    value_loss         | 6.12e+06 |
------------------------------------
EPISODE:  103
------------------------------------
| time/                 |          |
|    fps                | 14       |
|    iterations         | 20400    |
|    time_elapsed       | 7129     |
|    total_timesteps    | 102000   |
| train/                |          |
|    entropy_loss       | -0.456   |
|    explained_variance | 0        |
|    learning_rate      | 0.0007   |
|    n_updates          | 20399    |
|    policy_loss        | 304      |
|    reward             | 141.8682 |
|    std                | 0.308    |
|    value_loss         | 4.87e+05 |
------------------------------------
------------------------------------
| time/                 |          |
|    fps                | 14       |
|    iterations         | 20500    |
|    time_elapsed       | 7164     |
|    total_timesteps    | 102500   |
| train/                |          |
|    entropy_loss       | -0.443   |
|    explained_variance | 0        |
|    learning_rate      | 0.0007   |
|    n_updates          | 20499    |
|    policy_loss        | 1.01e+03 |
|    reward             | 827.6829 |
|    std                | 0.306    |
|    value_loss         | 7.2e+06  |
------------------------------------
EPISODE:  104
-------------------------------------
| time/                 |           |
|    fps                | 14        |
|    iterations         | 20600     |
|    time_elapsed       | 7199      |
|    total_timesteps    | 103000    |
| train/                |           |
|    entropy_loss       | -0.429    |
|    explained_variance | -1.19e-07 |
|    learning_rate      | 0.0007    |
|    n_updates          | 20599     |
|    policy_loss        | 401       |
|    reward             | 167.17346 |
|    std                | 0.304     |
|    value_loss         | 6.54e+05  |
-------------------------------------
------------------------------------
| time/                 |          |
|    fps                | 14       |
|    iterations         | 20700    |
|    time_elapsed       | 7234     |
|    total_timesteps    | 103500   |
| train/                |          |
|    entropy_loss       | -0.408   |
|    explained_variance | 0        |
|    learning_rate      | 0.0007   |
|    n_updates          | 20699    |
|    policy_loss        | 478      |
|    reward             | 808.5806 |
|    std                | 0.301    |
|    value_loss         | 6.87e+06 |
------------------------------------
EPISODE:  105
-------------------------------------
| time/                 |           |
|    fps                | 14        |
|    iterations         | 20800     |
|    time_elapsed       | 7269      |
|    total_timesteps    | 104000    |
| train/                |           |
|    entropy_loss       | -0.392    |
|    explained_variance | 0         |
|    learning_rate      | 0.0007    |
|    n_updates          | 20799     |
|    policy_loss        | 114       |
|    reward             | 162.69934 |
|    std                | 0.298     |
|    value_loss         | 6.18e+05  |
-------------------------------------
------------------------------------
| time/                 |          |
|    fps                | 14       |
|    iterations         | 20900    |
|    time_elapsed       | 7304     |
|    total_timesteps    | 104500   |
| train/                |          |
|    entropy_loss       | -0.366   |
|    explained_variance | 1.19e-07 |
|    learning_rate      | 0.0007   |
|    n_updates          | 20899    |
|    policy_loss        | 819      |
|    reward             | 826.0492 |
|    std                | 0.295    |
|    value_loss         | 7.17e+06 |
------------------------------------
EPISODE:  106
-------------------------------------
| time/                 |           |
|    fps                | 14        |
|    iterations         | 21000     |
|    time_elapsed       | 7339      |
|    total_timesteps    | 105000    |
| train/                |           |
|    entropy_loss       | -0.345    |
|    explained_variance | 0         |
|    learning_rate      | 0.0007    |
|    n_updates          | 20999     |
|    policy_loss        | -135      |
|    reward             | 154.51697 |
|    std                | 0.292     |
|    value_loss         | 6.06e+05  |
-------------------------------------
------------------------------------
| time/                 |          |
|    fps                | 14       |
|    iterations         | 21100    |
|    time_elapsed       | 7374     |
|    total_timesteps    | 105500   |
| train/                |          |
|    entropy_loss       | -0.347   |
|    explained_variance | 0        |
|    learning_rate      | 0.0007   |
|    n_updates          | 21099    |
|    policy_loss        | 1.95e+03 |
|    reward             | 822.269  |
|    std                | 0.292    |
|    value_loss         | 7.1e+06  |
------------------------------------
EPISODE:  107
-------------------------------------
| time/                 |           |
|    fps                | 14        |
|    iterations         | 21200     |
|    time_elapsed       | 7409      |
|    total_timesteps    | 106000    |
| train/                |           |
|    entropy_loss       | -0.333    |
|    explained_variance | 1.79e-07  |
|    learning_rate      | 0.0007    |
|    n_updates          | 21199     |
|    policy_loss        | 998       |
|    reward             | 167.60602 |
|    std                | 0.291     |
|    value_loss         | 6.55e+05  |
-------------------------------------
------------------------------------
| time/                 |          |
|    fps                | 14       |
|    iterations         | 21300    |
|    time_elapsed       | 7444     |
|    total_timesteps    | 106500   |
| train/                |          |
|    entropy_loss       | -0.307   |
|    explained_variance | 1.19e-07 |
|    learning_rate      | 0.0007   |
|    n_updates          | 21299    |
|    policy_loss        | 725      |
|    reward             | 829.0089 |
|    std                | 0.287    |
|    value_loss         | 7.21e+06 |
------------------------------------
EPISODE:  108
-------------------------------------
| time/                 |           |
|    fps                | 14        |
|    iterations         | 21400     |
|    time_elapsed       | 7479      |
|    total_timesteps    | 107000    |
| train/                |           |
|    entropy_loss       | -0.257    |
|    explained_variance | 0         |
|    learning_rate      | 0.0007    |
|    n_updates          | 21399     |
|    policy_loss        | 268       |
|    reward             | 170.25153 |
|    std                | 0.28      |
|    value_loss         | 6.76e+05  |
-------------------------------------
-------------------------------------
| time/                 |           |
|    fps                | 14        |
|    iterations         | 21500     |
|    time_elapsed       | 7514      |
|    total_timesteps    | 107500    |
| train/                |           |
|    entropy_loss       | -0.238    |
|    explained_variance | 0         |
|    learning_rate      | 0.0007    |
|    n_updates          | 21499     |
|    policy_loss        | -292      |
|    reward             | 826.11957 |
|    std                | 0.277     |
|    value_loss         | 7.16e+06  |
-------------------------------------
EPISODE:  109
-------------------------------------
| time/                 |           |
|    fps                | 14        |
|    iterations         | 21600     |
|    time_elapsed       | 7548      |
|    total_timesteps    | 108000    |
| train/                |           |
|    entropy_loss       | -0.231    |
|    explained_variance | 0         |
|    learning_rate      | 0.0007    |
|    n_updates          | 21599     |
|    policy_loss        | -42.5     |
|    reward             | 51.436077 |
|    std                | 0.276     |
|    value_loss         | 1.19e+05  |
-------------------------------------
-------------------------------------
| time/                 |           |
|    fps                | 14        |
|    iterations         | 21700     |
|    time_elapsed       | 7583      |
|    total_timesteps    | 108500    |
| train/                |           |
|    entropy_loss       | -0.206    |
|    explained_variance | -1.19e-07 |
|    learning_rate      | 0.0007    |
|    n_updates          | 21699     |
|    policy_loss        | -1.01e+03 |
|    reward             | 805.27454 |
|    std                | 0.273     |
|    value_loss         | 6.8e+06   |
-------------------------------------
EPISODE:  110
-------------------------------------
| time/                 |           |
|    fps                | 14        |
|    iterations         | 21800     |
|    time_elapsed       | 7618      |
|    total_timesteps    | 109000    |
| train/                |           |
|    entropy_loss       | -0.198    |
|    explained_variance | 0         |
|    learning_rate      | 0.0007    |
|    n_updates          | 21799     |
|    policy_loss        | -57.6     |
|    reward             | 45.800186 |
|    std                | 0.272     |
|    value_loss         | 9.17e+04  |
-------------------------------------
------------------------------------
| time/                 |          |
|    fps                | 14       |
|    iterations         | 21900    |
|    time_elapsed       | 7653     |
|    total_timesteps    | 109500   |
| train/                |          |
|    entropy_loss       | -0.165   |
|    explained_variance | 2.38e-07 |
|    learning_rate      | 0.0007   |
|    n_updates          | 21899    |
|    policy_loss        | 1.99e+03 |
|    reward             | 780.2316 |
|    std                | 0.269    |
|    value_loss         | 6.39e+06 |
------------------------------------
EPISODE:  111
-------------------------------------
| time/                 |           |
|    fps                | 14        |
|    iterations         | 22000     |
|    time_elapsed       | 7689      |
|    total_timesteps    | 110000    |
| train/                |           |
|    entropy_loss       | -0.141    |
|    explained_variance | 0         |
|    learning_rate      | 0.0007    |
|    n_updates          | 21999     |
|    policy_loss        | -8.34     |
|    reward             | 47.874023 |
|    std                | 0.265     |
|    value_loss         | 8.87e+04  |
-------------------------------------
-------------------------------------
| time/                 |           |
|    fps                | 14        |
|    iterations         | 22100     |
|    time_elapsed       | 7724      |
|    total_timesteps    | 110500    |
| train/                |           |
|    entropy_loss       | -0.118    |
|    explained_variance | 0         |
|    learning_rate      | 0.0007    |
|    n_updates          | 22099     |
|    policy_loss        | -219      |
|    reward             | 808.05615 |
|    std                | 0.263     |
|    value_loss         | 6.85e+06  |
-------------------------------------
EPISODE:  112
-------------------------------------
| time/                 |           |
|    fps                | 14        |
|    iterations         | 22200     |
|    time_elapsed       | 7759      |
|    total_timesteps    | 111000    |
| train/                |           |
|    entropy_loss       | -0.094    |
|    explained_variance | 0         |
|    learning_rate      | 0.0007    |
|    n_updates          | 22199     |
|    policy_loss        | -172      |
|    reward             | 119.41989 |
|    std                | 0.26      |
|    value_loss         | 3.87e+05  |
-------------------------------------
------------------------------------
| time/                 |          |
|    fps                | 14       |
|    iterations         | 22300    |
|    time_elapsed       | 7794     |
|    total_timesteps    | 111500   |
| train/                |          |
|    entropy_loss       | -0.0699  |
|    explained_variance | 0        |
|    learning_rate      | 0.0007   |
|    n_updates          | 22299    |
|    policy_loss        | 269      |
|    reward             | 797.1076 |
|    std                | 0.257    |
|    value_loss         | 6.68e+06 |
------------------------------------
EPISODE:  113
-------------------------------------
| time/                 |           |
|    fps                | 14        |
|    iterations         | 22400     |
|    time_elapsed       | 7829      |
|    total_timesteps    | 112000    |
| train/                |           |
|    entropy_loss       | -0.0486   |
|    explained_variance | 0         |
|    learning_rate      | 0.0007    |
|    n_updates          | 22399     |
|    policy_loss        | -164      |
|    reward             | 116.52268 |
|    std                | 0.254     |
|    value_loss         | 3.29e+05  |
-------------------------------------
------------------------------------
| time/                 |          |
|    fps                | 14       |
|    iterations         | 22500    |
|    time_elapsed       | 7864     |
|    total_timesteps    | 112500   |
| train/                |          |
|    entropy_loss       | -0.0205  |
|    explained_variance | 1.19e-07 |
|    learning_rate      | 0.0007   |
|    n_updates          | 22499    |
|    policy_loss        | -426     |
|    reward             | 820.6101 |
|    std                | 0.25     |
|    value_loss         | 7.06e+06 |
------------------------------------
EPISODE:  114
-------------------------------------
| time/                 |           |
|    fps                | 14        |
|    iterations         | 22600     |
|    time_elapsed       | 7899      |
|    total_timesteps    | 113000    |
| train/                |           |
|    entropy_loss       | -0.0111   |
|    explained_variance | -1.19e-07 |
|    learning_rate      | 0.0007    |
|    n_updates          | 22599     |
|    policy_loss        | 280       |
|    reward             | 146.9808  |
|    std                | 0.25      |
|    value_loss         | 5.06e+05  |
-------------------------------------
------------------------------------
| time/                 |          |
|    fps                | 14       |
|    iterations         | 22700    |
|    time_elapsed       | 7934     |
|    total_timesteps    | 113500   |
| train/                |          |
|    entropy_loss       | 0.00677  |
|    explained_variance | 0        |
|    learning_rate      | 0.0007   |
|    n_updates          | 22699    |
|    policy_loss        | -622     |
|    reward             | 804.9597 |
|    std                | 0.248    |
|    value_loss         | 6.79e+06 |
------------------------------------
EPISODE:  115
-------------------------------------
| time/                 |           |
|    fps                | 14        |
|    iterations         | 22800     |
|    time_elapsed       | 7969      |
|    total_timesteps    | 114000    |
| train/                |           |
|    entropy_loss       | 0.00678   |
|    explained_variance | 0         |
|    learning_rate      | 0.0007    |
|    n_updates          | 22799     |
|    policy_loss        | -216      |
|    reward             | 160.02835 |
|    std                | 0.248     |
|    value_loss         | 5.92e+05  |
-------------------------------------
-------------------------------------
| time/                 |           |
|    fps                | 14        |
|    iterations         | 22900     |
|    time_elapsed       | 8004      |
|    total_timesteps    | 114500    |
| train/                |           |
|    entropy_loss       | 0.00267   |
|    explained_variance | 0         |
|    learning_rate      | 0.0007    |
|    n_updates          | 22899     |
|    policy_loss        | -1.41e+03 |
|    reward             | 825.70746 |
|    std                | 0.248     |
|    value_loss         | 7.15e+06  |
-------------------------------------
EPISODE:  116
------------------------------------
| time/                 |          |
|    fps                | 14       |
|    iterations         | 23000    |
|    time_elapsed       | 8039     |
|    total_timesteps    | 115000   |
| train/                |          |
|    entropy_loss       | 0.0129   |
|    explained_variance | 0        |
|    learning_rate      | 0.0007   |
|    n_updates          | 22999    |
|    policy_loss        | 368      |
|    reward             | 106.8493 |
|    std                | 0.247    |
|    value_loss         | 3.63e+05 |
------------------------------------
------------------------------------
| time/                 |          |
|    fps                | 14       |
|    iterations         | 23100    |
|    time_elapsed       | 8074     |
|    total_timesteps    | 115500   |
| train/                |          |
|    entropy_loss       | 0.0359   |
|    explained_variance | 0        |
|    learning_rate      | 0.0007   |
|    n_updates          | 23099    |
|    policy_loss        | -520     |
|    reward             | 821.7232 |
|    std                | 0.244    |
|    value_loss         | 7.07e+06 |
------------------------------------
EPISODE:  117
-------------------------------------
| time/                 |           |
|    fps                | 14        |
|    iterations         | 23200     |
|    time_elapsed       | 8109      |
|    total_timesteps    | 116000    |
| train/                |           |
|    entropy_loss       | 0.04      |
|    explained_variance | 0         |
|    learning_rate      | 0.0007    |
|    n_updates          | 23199     |
|    policy_loss        | -398      |
|    reward             | 156.25821 |
|    std                | 0.244     |
|    value_loss         | 5.84e+05  |
-------------------------------------
-------------------------------------
| time/                 |           |
|    fps                | 14        |
|    iterations         | 23300     |
|    time_elapsed       | 8143      |
|    total_timesteps    | 116500    |
| train/                |           |
|    entropy_loss       | 0.0523    |
|    explained_variance | 1.79e-07  |
|    learning_rate      | 0.0007    |
|    n_updates          | 23299     |
|    policy_loss        | -856      |
|    reward             | 828.83203 |
|    std                | 0.243     |
|    value_loss         | 7.2e+06   |
-------------------------------------
EPISODE:  118
-------------------------------------
| time/                 |           |
|    fps                | 14        |
|    iterations         | 23400     |
|    time_elapsed       | 8178      |
|    total_timesteps    | 117000    |
| train/                |           |
|    entropy_loss       | 0.0709    |
|    explained_variance | 0         |
|    learning_rate      | 0.0007    |
|    n_updates          | 23399     |
|    policy_loss        | 832       |
|    reward             | 144.88632 |
|    std                | 0.241     |
|    value_loss         | 5.64e+05  |
-------------------------------------
-------------------------------------
| time/                 |           |
|    fps                | 14        |
|    iterations         | 23500     |
|    time_elapsed       | 8213      |
|    total_timesteps    | 117500    |
| train/                |           |
|    entropy_loss       | 0.0986    |
|    explained_variance | 0         |
|    learning_rate      | 0.0007    |
|    n_updates          | 23499     |
|    policy_loss        | -1.09e+03 |
|    reward             | 828.8185  |
|    std                | 0.237     |
|    value_loss         | 7.2e+06   |
-------------------------------------
EPISODE:  119
-------------------------------------
| time/                 |           |
|    fps                | 14        |
|    iterations         | 23600     |
|    time_elapsed       | 8248      |
|    total_timesteps    | 118000    |
| train/                |           |
|    entropy_loss       | 0.122     |
|    explained_variance | 0         |
|    learning_rate      | 0.0007    |
|    n_updates          | 23599     |
|    policy_loss        | -60.2     |
|    reward             | 62.660835 |
|    std                | 0.234     |
|    value_loss         | 1.67e+05  |
-------------------------------------
------------------------------------
| time/                 |          |
|    fps                | 14       |
|    iterations         | 23700    |
|    time_elapsed       | 8283     |
|    total_timesteps    | 118500   |
| train/                |          |
|    entropy_loss       | 0.135    |
|    explained_variance | 1.19e-07 |
|    learning_rate      | 0.0007   |
|    n_updates          | 23699    |
|    policy_loss        | 496      |
|    reward             | 709.0129 |
|    std                | 0.233    |
|    value_loss         | 5.27e+06 |
------------------------------------
EPISODE:  120
-------------------------------------
| time/                 |           |
|    fps                | 14        |
|    iterations         | 23800     |
|    time_elapsed       | 8318      |
|    total_timesteps    | 119000    |
| train/                |           |
|    entropy_loss       | 0.136     |
|    explained_variance | 0         |
|    learning_rate      | 0.0007    |
|    n_updates          | 23799     |
|    policy_loss        | 76.6      |
|    reward             | 35.771927 |
|    std                | 0.233     |
|    value_loss         | 5.52e+04  |
-------------------------------------
------------------------------------
| time/                 |          |
|    fps                | 14       |
|    iterations         | 23900    |
|    time_elapsed       | 8353     |
|    total_timesteps    | 119500   |
| train/                |          |
|    entropy_loss       | 0.154    |
|    explained_variance | 0        |
|    learning_rate      | 0.0007   |
|    n_updates          | 23899    |
|    policy_loss        | -97.8    |
|    reward             | 707.379  |
|    std                | 0.231    |
|    value_loss         | 5.25e+06 |
------------------------------------
EPISODE:  121
-------------------------------------
| time/                 |           |
|    fps                | 14        |
|    iterations         | 24000     |
|    time_elapsed       | 8388      |
|    total_timesteps    | 120000    |
| train/                |           |
|    entropy_loss       | 0.169     |
|    explained_variance | 0         |
|    learning_rate      | 0.0007    |
|    n_updates          | 23999     |
|    policy_loss        | -60.7     |
|    reward             | 35.687298 |
|    std                | 0.229     |
|    value_loss         | 5.48e+04  |
-------------------------------------
------------------------------------
| time/                 |          |
|    fps                | 14       |
|    iterations         | 24100    |
|    time_elapsed       | 8423     |
|    total_timesteps    | 120500   |
| train/                |          |
|    entropy_loss       | 0.174    |
|    explained_variance | 5.96e-08 |
|    learning_rate      | 0.0007   |
|    n_updates          | 24099    |
|    policy_loss        | -229     |
|    reward             | 707.1955 |
|    std                | 0.228    |
|    value_loss         | 5.24e+06 |
------------------------------------
EPISODE:  122
------------------------------------
| time/                 |          |
|    fps                | 14       |
|    iterations         | 24200    |
|    time_elapsed       | 8458     |
|    total_timesteps    | 121000   |
| train/                |          |
|    entropy_loss       | 0.188    |
|    explained_variance | 0        |
|    learning_rate      | 0.0007   |
|    n_updates          | 24199    |
|    policy_loss        | -87.5    |
|    reward             | 35.67804 |
|    std                | 0.227    |
|    value_loss         | 5.46e+04 |
------------------------------------
-------------------------------------
| time/                 |           |
|    fps                | 14        |
|    iterations         | 24300     |
|    time_elapsed       | 8493      |
|    total_timesteps    | 121500    |
| train/                |           |
|    entropy_loss       | 0.211     |
|    explained_variance | -1.19e-07 |
|    learning_rate      | 0.0007    |
|    n_updates          | 24299     |
|    policy_loss        | -524      |
|    reward             | 707.3713  |
|    std                | 0.224     |
|    value_loss         | 5.25e+06  |
-------------------------------------
EPISODE:  123
-------------------------------------
| time/                 |           |
|    fps                | 14        |
|    iterations         | 24400     |
|    time_elapsed       | 8528      |
|    total_timesteps    | 122000    |
| train/                |           |
|    entropy_loss       | 0.213     |
|    explained_variance | -1.19e-07 |
|    learning_rate      | 0.0007    |
|    n_updates          | 24399     |
|    policy_loss        | 163       |
|    reward             | 35.68691  |
|    std                | 0.224     |
|    value_loss         | 5.45e+04  |
-------------------------------------
------------------------------------
| time/                 |          |
|    fps                | 14       |
|    iterations         | 24500    |
|    time_elapsed       | 8563     |
|    total_timesteps    | 122500   |
| train/                |          |
|    entropy_loss       | 0.229    |
|    explained_variance | 1.19e-07 |
|    learning_rate      | 0.0007   |
|    n_updates          | 24499    |
|    policy_loss        | -709     |
|    reward             | 707.2208 |
|    std                | 0.222    |
|    value_loss         | 5.24e+06 |
------------------------------------
EPISODE:  124
-------------------------------------
| time/                 |           |
|    fps                | 14        |
|    iterations         | 24600     |
|    time_elapsed       | 8598      |
|    total_timesteps    | 123000    |
| train/                |           |
|    entropy_loss       | 0.232     |
|    explained_variance | 0         |
|    learning_rate      | 0.0007    |
|    n_updates          | 24599     |
|    policy_loss        | -110      |
|    reward             | 35.679314 |
|    std                | 0.222     |
|    value_loss         | 5.44e+04  |
-------------------------------------
-------------------------------------
| time/                 |           |
|    fps                | 14        |
|    iterations         | 24700     |
|    time_elapsed       | 8634      |
|    total_timesteps    | 123500    |
| train/                |           |
|    entropy_loss       | 0.248     |
|    explained_variance | -1.19e-07 |
|    learning_rate      | 0.0007    |
|    n_updates          | 24699     |
|    policy_loss        | 117       |
|    reward             | 707.1952  |
|    std                | 0.22      |
|    value_loss         | 5.24e+06  |
-------------------------------------
EPISODE:  125
------------------------------------
| time/                 |          |
|    fps                | 14       |
|    iterations         | 24800    |
|    time_elapsed       | 8669     |
|    total_timesteps    | 124000   |
| train/                |          |
|    entropy_loss       | 0.266    |
|    explained_variance | 0        |
|    learning_rate      | 0.0007   |
|    n_updates          | 24799    |
|    policy_loss        | -174     |
|    reward             | 35.67802 |
|    std                | 0.218    |
|    value_loss         | 5.43e+04 |
------------------------------------
-------------------------------------
| time/                 |           |
|    fps                | 14        |
|    iterations         | 24900     |
|    time_elapsed       | 8704      |
|    total_timesteps    | 124500    |
| train/                |           |
|    entropy_loss       | 0.287     |
|    explained_variance | 0         |
|    learning_rate      | 0.0007    |
|    n_updates          | 24899     |
|    policy_loss        | -2.11e+03 |
|    reward             | 707.1952  |
|    std                | 0.215     |
|    value_loss         | 5.24e+06  |
-------------------------------------
EPISODE:  126
------------------------------------
| time/                 |          |
|    fps                | 14       |
|    iterations         | 25000    |
|    time_elapsed       | 8738     |
|    total_timesteps    | 125000   |
| train/                |          |
|    entropy_loss       | 0.322    |
|    explained_variance | 0        |
|    learning_rate      | 0.0007   |
|    n_updates          | 24999    |
|    policy_loss        | -127     |
|    reward             | 35.67802 |
|    std                | 0.212    |
|    value_loss         | 5.41e+04 |
------------------------------------
-------------------------------------
| time/                 |           |
|    fps                | 14        |
|    iterations         | 25100     |
|    time_elapsed       | 8773      |
|    total_timesteps    | 125500    |
| train/                |           |
|    entropy_loss       | 0.342     |
|    explained_variance | -1.19e-07 |
|    learning_rate      | 0.0007    |
|    n_updates          | 25099     |
|    policy_loss        | -1.03e+03 |
|    reward             | 707.1952  |
|    std                | 0.21      |
|    value_loss         | 5.24e+06  |
-------------------------------------
EPISODE:  127
-------------------------------------
| time/                 |           |
|    fps                | 14        |
|    iterations         | 25200     |
|    time_elapsed       | 8808      |
|    total_timesteps    | 126000    |
| train/                |           |
|    entropy_loss       | 0.356     |
|    explained_variance | -1.19e-07 |
|    learning_rate      | 0.0007    |
|    n_updates          | 25199     |
|    policy_loss        | -1.67     |
|    reward             | 35.67802  |
|    std                | 0.209     |
|    value_loss         | 5.4e+04   |
-------------------------------------
------------------------------------
| time/                 |          |
|    fps                | 14       |
|    iterations         | 25300    |
|    time_elapsed       | 8843     |
|    total_timesteps    | 126500   |
| train/                |          |
|    entropy_loss       | 0.373    |
|    explained_variance | 0        |
|    learning_rate      | 0.0007   |
|    n_updates          | 25299    |
|    policy_loss        | 41.7     |
|    reward             | 707.1952 |
|    std                | 0.207    |
|    value_loss         | 5.24e+06 |
------------------------------------
EPISODE:  128
------------------------------------
| time/                 |          |
|    fps                | 14       |
|    iterations         | 25400    |
|    time_elapsed       | 8878     |
|    total_timesteps    | 127000   |
| train/                |          |
|    entropy_loss       | 0.396    |
|    explained_variance | 0        |
|    learning_rate      | 0.0007   |
|    n_updates          | 25399    |
|    policy_loss        | -32.8    |
|    reward             | 35.67802 |
|    std                | 0.204    |
|    value_loss         | 5.39e+04 |
------------------------------------
------------------------------------
| time/                 |          |
|    fps                | 14       |
|    iterations         | 25500    |
|    time_elapsed       | 8913     |
|    total_timesteps    | 127500   |
| train/                |          |
|    entropy_loss       | 0.399    |
|    explained_variance | 0        |
|    learning_rate      | 0.0007   |
|    n_updates          | 25499    |
|    policy_loss        | 672      |
|    reward             | 707.1952 |
|    std                | 0.204    |
|    value_loss         | 5.24e+06 |
------------------------------------
EPISODE:  129
------------------------------------
| time/                 |          |
|    fps                | 14       |
|    iterations         | 25600    |
|    time_elapsed       | 8948     |
|    total_timesteps    | 128000   |
| train/                |          |
|    entropy_loss       | 0.436    |
|    explained_variance | 0        |
|    learning_rate      | 0.0007   |
|    n_updates          | 25599    |
|    policy_loss        | -159     |
|    reward             | 35.67802 |
|    std                | 0.2      |
|    value_loss         | 5.38e+04 |
------------------------------------
-------------------------------------
| time/                 |           |
|    fps                | 14        |
|    iterations         | 25700     |
|    time_elapsed       | 8983      |
|    total_timesteps    | 128500    |
| train/                |           |
|    entropy_loss       | 0.473     |
|    explained_variance | -1.19e-07 |
|    learning_rate      | 0.0007    |
|    n_updates          | 25699     |
|    policy_loss        | -1.75e+03 |
|    reward             | 707.1952  |
|    std                | 0.196     |
|    value_loss         | 5.23e+06  |
-------------------------------------
EPISODE:  130
------------------------------------
| time/                 |          |
|    fps                | 14       |
|    iterations         | 25800    |
|    time_elapsed       | 9018     |
|    total_timesteps    | 129000   |
| train/                |          |
|    entropy_loss       | 0.49     |
|    explained_variance | 5.96e-08 |
|    learning_rate      | 0.0007   |
|    n_updates          | 25799    |
|    policy_loss        | -183     |
|    reward             | 35.67802 |
|    std                | 0.195    |
|    value_loss         | 5.37e+04 |
------------------------------------
------------------------------------
| time/                 |          |
|    fps                | 14       |
|    iterations         | 25900    |
|    time_elapsed       | 9053     |
|    total_timesteps    | 129500   |
| train/                |          |
|    entropy_loss       | 0.517    |
|    explained_variance | 0        |
|    learning_rate      | 0.0007   |
|    n_updates          | 25899    |
|    policy_loss        | -418     |
|    reward             | 707.1952 |
|    std                | 0.192    |
|    value_loss         | 5.23e+06 |
------------------------------------
EPISODE:  131
------------------------------------
| time/                 |          |
|    fps                | 14       |
|    iterations         | 26000    |
|    time_elapsed       | 9088     |
|    total_timesteps    | 130000   |
| train/                |          |
|    entropy_loss       | 0.537    |
|    explained_variance | 1.79e-07 |
|    learning_rate      | 0.0007   |
|    n_updates          | 25999    |
|    policy_loss        | -249     |
|    reward             | 35.67802 |
|    std                | 0.19     |
|    value_loss         | 5.35e+04 |
------------------------------------
------------------------------------
| time/                 |          |
|    fps                | 14       |
|    iterations         | 26100    |
|    time_elapsed       | 9123     |
|    total_timesteps    | 130500   |
| train/                |          |
|    entropy_loss       | 0.542    |
|    explained_variance | 0        |
|    learning_rate      | 0.0007   |
|    n_updates          | 26099    |
|    policy_loss        | -258     |
|    reward             | 707.1952 |
|    std                | 0.19     |
|    value_loss         | 5.23e+06 |
------------------------------------
EPISODE:  132
------------------------------------
| time/                 |          |
|    fps                | 14       |
|    iterations         | 26200    |
|    time_elapsed       | 9158     |
|    total_timesteps    | 131000   |
| train/                |          |
|    entropy_loss       | 0.564    |
|    explained_variance | 0        |
|    learning_rate      | 0.0007   |
|    n_updates          | 26199    |
|    policy_loss        | 87.9     |
|    reward             | 35.67802 |
|    std                | 0.188    |
|    value_loss         | 5.34e+04 |
------------------------------------
-------------------------------------
| time/                 |           |
|    fps                | 14        |
|    iterations         | 26300     |
|    time_elapsed       | 9192      |
|    total_timesteps    | 131500    |
| train/                |           |
|    entropy_loss       | 0.561     |
|    explained_variance | 1.19e-07  |
|    learning_rate      | 0.0007    |
|    n_updates          | 26299     |
|    policy_loss        | -2.08e+03 |
|    reward             | 707.1011  |
|    std                | 0.188     |
|    value_loss         | 5.23e+06  |
-------------------------------------
EPISODE:  133
-------------------------------------
| time/                 |           |
|    fps                | 14        |
|    iterations         | 26400     |
|    time_elapsed       | 9227      |
|    total_timesteps    | 132000    |
| train/                |           |
|    entropy_loss       | 0.573     |
|    explained_variance | 0         |
|    learning_rate      | 0.0007    |
|    n_updates          | 26399     |
|    policy_loss        | -218      |
|    reward             | 35.670696 |
|    std                | 0.187     |
|    value_loss         | 5.33e+04  |
-------------------------------------
-------------------------------------
| time/                 |           |
|    fps                | 14        |
|    iterations         | 26500     |
|    time_elapsed       | 9262      |
|    total_timesteps    | 132500    |
| train/                |           |
|    entropy_loss       | 0.617     |
|    explained_variance | 0         |
|    learning_rate      | 0.0007    |
|    n_updates          | 26499     |
|    policy_loss        | -2.06e+03 |
|    reward             | 707.1952  |
|    std                | 0.183     |
|    value_loss         | 5.23e+06  |
-------------------------------------
EPISODE:  134
-------------------------------------
| time/                 |           |
|    fps                | 14        |
|    iterations         | 26600     |
|    time_elapsed       | 9297      |
|    total_timesteps    | 133000    |
| train/                |           |
|    entropy_loss       | 0.638     |
|    explained_variance | -1.19e-07 |
|    learning_rate      | 0.0007    |
|    n_updates          | 26599     |
|    policy_loss        | -292      |
|    reward             | 35.454166 |
|    std                | 0.181     |
|    value_loss         | 5.24e+04  |
-------------------------------------
-------------------------------------
| time/                 |           |
|    fps                | 14        |
|    iterations         | 26700     |
|    time_elapsed       | 9332      |
|    total_timesteps    | 133500    |
| train/                |           |
|    entropy_loss       | 0.657     |
|    explained_variance | 0         |
|    learning_rate      | 0.0007    |
|    n_updates          | 26699     |
|    policy_loss        | -1.58e+03 |
|    reward             | 707.1952  |
|    std                | 0.18      |
|    value_loss         | 5.23e+06  |
-------------------------------------
EPISODE:  135
------------------------------------
| time/                 |          |
|    fps                | 14       |
|    iterations         | 26800    |
|    time_elapsed       | 9367     |
|    total_timesteps    | 134000   |
| train/                |          |
|    entropy_loss       | 0.683    |
|    explained_variance | 0        |
|    learning_rate      | 0.0007   |
|    n_updates          | 26799    |
|    policy_loss        | -156     |
|    reward             | 35.67802 |
|    std                | 0.178    |
|    value_loss         | 5.31e+04 |
------------------------------------
------------------------------------
| time/                 |          |
|    fps                | 14       |
|    iterations         | 26900    |
|    time_elapsed       | 9402     |
|    total_timesteps    | 134500   |
| train/                |          |
|    entropy_loss       | 0.694    |
|    explained_variance | 0        |
|    learning_rate      | 0.0007   |
|    n_updates          | 26899    |
|    policy_loss        | 546      |
|    reward             | 707.1952 |
|    std                | 0.177    |
|    value_loss         | 5.23e+06 |
------------------------------------
EPISODE:  136
------------------------------------
| time/                 |          |
|    fps                | 14       |
|    iterations         | 27000    |
|    time_elapsed       | 9437     |
|    total_timesteps    | 135000   |
| train/                |          |
|    entropy_loss       | 0.696    |
|    explained_variance | 0        |
|    learning_rate      | 0.0007   |
|    n_updates          | 26999    |
|    policy_loss        | -82.4    |
|    reward             | 35.67802 |
|    std                | 0.176    |
|    value_loss         | 5.3e+04  |
------------------------------------
-------------------------------------
| time/                 |           |
|    fps                | 14        |
|    iterations         | 27100     |
|    time_elapsed       | 9472      |
|    total_timesteps    | 135500    |
| train/                |           |
|    entropy_loss       | 0.727     |
|    explained_variance | 0         |
|    learning_rate      | 0.0007    |
|    n_updates          | 27099     |
|    policy_loss        | -1.82e+03 |
|    reward             | 707.1952  |
|    std                | 0.174     |
|    value_loss         | 5.23e+06  |
-------------------------------------
EPISODE:  137
-------------------------------------
| time/                 |           |
|    fps                | 14        |
|    iterations         | 27200     |
|    time_elapsed       | 9507      |
|    total_timesteps    | 136000    |
| train/                |           |
|    entropy_loss       | 0.736     |
|    explained_variance | -1.19e-07 |
|    learning_rate      | 0.0007    |
|    n_updates          | 27199     |
|    policy_loss        | -214      |
|    reward             | 35.67777  |
|    std                | 0.173     |
|    value_loss         | 5.28e+04  |
-------------------------------------
-------------------------------------
| time/                 |           |
|    fps                | 14        |
|    iterations         | 27300     |
|    time_elapsed       | 9543      |
|    total_timesteps    | 136500    |
| train/                |           |
|    entropy_loss       | 0.762     |
|    explained_variance | -1.19e-07 |
|    learning_rate      | 0.0007    |
|    n_updates          | 27299     |
|    policy_loss        | -2.35e+03 |
|    reward             | 706.7582  |
|    std                | 0.171     |
|    value_loss         | 5.22e+06  |
-------------------------------------
EPISODE:  138
------------------------------------
| time/                 |          |
|    fps                | 14       |
|    iterations         | 27400    |
|    time_elapsed       | 9578     |
|    total_timesteps    | 137000   |
| train/                |          |
|    entropy_loss       | 0.764    |
|    explained_variance | 0        |
|    learning_rate      | 0.0007   |
|    n_updates          | 27399    |
|    policy_loss        | -78.3    |
|    reward             | 31.83965 |
|    std                | 0.171    |
|    value_loss         | 4.55e+04 |
------------------------------------
-------------------------------------
| time/                 |           |
|    fps                | 14        |
|    iterations         | 27500     |
|    time_elapsed       | 9613      |
|    total_timesteps    | 137500    |
| train/                |           |
|    entropy_loss       | 0.785     |
|    explained_variance | -1.19e-07 |
|    learning_rate      | 0.0007    |
|    n_updates          | 27499     |
|    policy_loss        | -2.12e+03 |
|    reward             | 680.818   |
|    std                | 0.169     |
|    value_loss         | 4.84e+06  |
-------------------------------------
EPISODE:  139
-------------------------------------
| time/                 |           |
|    fps                | 14        |
|    iterations         | 27600     |
|    time_elapsed       | 9648      |
|    total_timesteps    | 138000    |
| train/                |           |
|    entropy_loss       | 0.808     |
|    explained_variance | -1.19e-07 |
|    learning_rate      | 0.0007    |
|    n_updates          | 27599     |
|    policy_loss        | -186      |
|    reward             | 28.66765  |
|    std                | 0.167     |
|    value_loss         | 3.36e+04  |
-------------------------------------
-------------------------------------
| time/                 |           |
|    fps                | 14        |
|    iterations         | 27700     |
|    time_elapsed       | 9682      |
|    total_timesteps    | 138500    |
| train/                |           |
|    entropy_loss       | 0.84      |
|    explained_variance | -1.19e-07 |
|    learning_rate      | 0.0007    |
|    n_updates          | 27699     |
|    policy_loss        | -2.53e+03 |
|    reward             | 638.69434 |
|    std                | 0.164     |
|    value_loss         | 4.27e+06  |
-------------------------------------
EPISODE:  140
------------------------------------
| time/                 |          |
|    fps                | 14       |
|    iterations         | 27800    |
|    time_elapsed       | 9717     |
|    total_timesteps    | 139000   |
| train/                |          |
|    entropy_loss       | 0.87     |
|    explained_variance | 0        |
|    learning_rate      | 0.0007   |
|    n_updates          | 27799    |
|    policy_loss        | -31.9    |
|    reward             | 8.310661 |
|    std                | 0.162    |
|    value_loss         | 3.4e+03  |
------------------------------------
-------------------------------------
| time/                 |           |
|    fps                | 14        |
|    iterations         | 27900     |
|    time_elapsed       | 9752      |
|    total_timesteps    | 139500    |
| train/                |           |
|    entropy_loss       | 0.876     |
|    explained_variance | -1.19e-07 |
|    learning_rate      | 0.0007    |
|    n_updates          | 27899     |
|    policy_loss        | -2.6e+03  |
|    reward             | 602.6708  |
|    std                | 0.162     |
|    value_loss         | 3.79e+06  |
-------------------------------------
EPISODE:  141
------------------------------------
| time/                 |          |
|    fps                | 14       |
|    iterations         | 28000    |
|    time_elapsed       | 9787     |
|    total_timesteps    | 140000   |
| train/                |          |
|    entropy_loss       | 0.87     |
|    explained_variance | 0        |
|    learning_rate      | 0.0007   |
|    n_updates          | 27999    |
|    policy_loss        | -37.6    |
|    reward             | 7.101447 |
|    std                | 0.162    |
|    value_loss         | 1.97e+03 |
------------------------------------
-------------------------------------
| time/                 |           |
|    fps                | 14        |
|    iterations         | 28100     |
|    time_elapsed       | 9822      |
|    total_timesteps    | 140500    |
| train/                |           |
|    entropy_loss       | 0.901     |
|    explained_variance | 1.19e-07  |
|    learning_rate      | 0.0007    |
|    n_updates          | 28099     |
|    policy_loss        | 306       |
|    reward             | 604.98285 |
|    std                | 0.16      |
|    value_loss         | 3.82e+06  |
-------------------------------------
EPISODE:  142
------------------------------------
| time/                 |          |
|    fps                | 14       |
|    iterations         | 28200    |
|    time_elapsed       | 9857     |
|    total_timesteps    | 141000   |
| train/                |          |
|    entropy_loss       | 0.927    |
|    explained_variance | 0        |
|    learning_rate      | 0.0007   |
|    n_updates          | 28199    |
|    policy_loss        | -57.2    |
|    reward             | 7.13983  |
|    std                | 0.158    |
|    value_loss         | 1.98e+03 |
------------------------------------
-------------------------------------
| time/                 |           |
|    fps                | 14        |
|    iterations         | 28300     |
|    time_elapsed       | 9892      |
|    total_timesteps    | 141500    |
| train/                |           |
|    entropy_loss       | 0.945     |
|    explained_variance | 1.19e-07  |
|    learning_rate      | 0.0007    |
|    n_updates          | 28299     |
|    policy_loss        | -2.87e+03 |
|    reward             | 602.6603  |
|    std                | 0.156     |
|    value_loss         | 3.79e+06  |
-------------------------------------
EPISODE:  143
-------------------------------------
| time/                 |           |
|    fps                | 14        |
|    iterations         | 28400     |
|    time_elapsed       | 9927      |
|    total_timesteps    | 142000    |
| train/                |           |
|    entropy_loss       | 0.968     |
|    explained_variance | -1.19e-07 |
|    learning_rate      | 0.0007    |
|    n_updates          | 28399     |
|    policy_loss        | -55.6     |
|    reward             | 7.101323  |
|    std                | 0.155     |
|    value_loss         | 1.92e+03  |
-------------------------------------
-------------------------------------
| time/                 |           |
|    fps                | 14        |
|    iterations         | 28500     |
|    time_elapsed       | 9962      |
|    total_timesteps    | 142500    |
| train/                |           |
|    entropy_loss       | 0.978     |
|    explained_variance | 1.79e-07  |
|    learning_rate      | 0.0007    |
|    n_updates          | 28499     |
|    policy_loss        | -1.85e+03 |
|    reward             | 614.50464 |
|    std                | 0.154     |
|    value_loss         | 3.93e+06  |
-------------------------------------
EPISODE:  144
-------------------------------------
| time/                 |           |
|    fps                | 14        |
|    iterations         | 28600     |
|    time_elapsed       | 9997      |
|    total_timesteps    | 143000    |
| train/                |           |
|    entropy_loss       | 1         |
|    explained_variance | 0         |
|    learning_rate      | 0.0007    |
|    n_updates          | 28599     |
|    policy_loss        | -61.1     |
|    reward             | 11.436429 |
|    std                | 0.153     |
|    value_loss         | 6.45e+03  |
-------------------------------------
-------------------------------------
| time/                 |           |
|    fps                | 14        |
|    iterations         | 28700     |
|    time_elapsed       | 10031     |
|    total_timesteps    | 143500    |
| train/                |           |
|    entropy_loss       | 1.01      |
|    explained_variance | 1.79e-07  |
|    learning_rate      | 0.0007    |
|    n_updates          | 28699     |
|    policy_loss        | -2.48e+03 |
|    reward             | 626.5852  |
|    std                | 0.152     |
|    value_loss         | 4.1e+06   |
-------------------------------------
EPISODE:  145
-------------------------------------
| time/                 |           |
|    fps                | 14        |
|    iterations         | 28800     |
|    time_elapsed       | 10066     |
|    total_timesteps    | 144000    |
| train/                |           |
|    entropy_loss       | 1.03      |
|    explained_variance | 0         |
|    learning_rate      | 0.0007    |
|    n_updates          | 28799     |
|    policy_loss        | -83.1     |
|    reward             | 10.675951 |
|    std                | 0.15      |
|    value_loss         | 4.92e+03  |
-------------------------------------
-------------------------------------
| time/                 |           |
|    fps                | 14        |
|    iterations         | 28900     |
|    time_elapsed       | 10101     |
|    total_timesteps    | 144500    |
| train/                |           |
|    entropy_loss       | 1.04      |
|    explained_variance | 1.79e-07  |
|    learning_rate      | 0.0007    |
|    n_updates          | 28899     |
|    policy_loss        | -2.44e+03 |
|    reward             | 645.99585 |
|    std                | 0.149     |
|    value_loss         | 4.34e+06  |
-------------------------------------
EPISODE:  146
-------------------------------------
| time/                 |           |
|    fps                | 14        |
|    iterations         | 29000     |
|    time_elapsed       | 10136     |
|    total_timesteps    | 145000    |
| train/                |           |
|    entropy_loss       | 1.05      |
|    explained_variance | -1.19e-07 |
|    learning_rate      | 0.0007    |
|    n_updates          | 28999     |
|    policy_loss        | -246      |
|    reward             | 29.98892  |
|    std                | 0.149     |
|    value_loss         | 3.41e+04  |
-------------------------------------
-------------------------------------
| time/                 |           |
|    fps                | 14        |
|    iterations         | 29100     |
|    time_elapsed       | 10171     |
|    total_timesteps    | 145500    |
| train/                |           |
|    entropy_loss       | 1.07      |
|    explained_variance | 1.19e-07  |
|    learning_rate      | 0.0007    |
|    n_updates          | 29099     |
|    policy_loss        | -2.95e+03 |
|    reward             | 694.8797  |
|    std                | 0.148     |
|    value_loss         | 5.04e+06  |
-------------------------------------
EPISODE:  147
------------------------------------
| time/                 |          |
|    fps                | 14       |
|    iterations         | 29200    |
|    time_elapsed       | 10206    |
|    total_timesteps    | 146000   |
| train/                |          |
|    entropy_loss       | 1.09     |
|    explained_variance | 0        |
|    learning_rate      | 0.0007   |
|    n_updates          | 29199    |
|    policy_loss        | -196     |
|    reward             | 33.60167 |
|    std                | 0.147    |
|    value_loss         | 4.48e+04 |
------------------------------------
-------------------------------------
| time/                 |           |
|    fps                | 14        |
|    iterations         | 29300     |
|    time_elapsed       | 10241     |
|    total_timesteps    | 146500    |
| train/                |           |
|    entropy_loss       | 1.12      |
|    explained_variance | 0         |
|    learning_rate      | 0.0007    |
|    n_updates          | 29299     |
|    policy_loss        | -1.56e+03 |
|    reward             | 707.1952  |
|    std                | 0.145     |
|    value_loss         | 5.21e+06  |
-------------------------------------
EPISODE:  148
------------------------------------
| time/                 |          |
|    fps                | 14       |
|    iterations         | 29400    |
|    time_elapsed       | 10276    |
|    total_timesteps    | 147000   |
| train/                |          |
|    entropy_loss       | 1.14     |
|    explained_variance | 1.19e-07 |
|    learning_rate      | 0.0007   |
|    n_updates          | 29399    |
|    policy_loss        | -308     |
|    reward             | 35.67802 |
|    std                | 0.143    |
|    value_loss         | 5.16e+04 |
------------------------------------
-------------------------------------
| time/                 |           |
|    fps                | 14        |
|    iterations         | 29500     |
|    time_elapsed       | 10311     |
|    total_timesteps    | 147500    |
| train/                |           |
|    entropy_loss       | 1.16      |
|    explained_variance | 0         |
|    learning_rate      | 0.0007    |
|    n_updates          | 29499     |
|    policy_loss        | -2.14e+03 |
|    reward             | 707.1949  |
|    std                | 0.142     |
|    value_loss         | 5.21e+06  |
-------------------------------------
EPISODE:  149
-------------------------------------
| time/                 |           |
|    fps                | 14        |
|    iterations         | 29600     |
|    time_elapsed       | 10346     |
|    total_timesteps    | 148000    |
| train/                |           |
|    entropy_loss       | 1.18      |
|    explained_variance | -1.19e-07 |
|    learning_rate      | 0.0007    |
|    n_updates          | 29599     |
|    policy_loss        | -283      |
|    reward             | 35.67801  |
|    std                | 0.14      |
|    value_loss         | 5.14e+04  |
-------------------------------------
-------------------------------------
| time/                 |           |
|    fps                | 14        |
|    iterations         | 29700     |
|    time_elapsed       | 10381     |
|    total_timesteps    | 148500    |
| train/                |           |
|    entropy_loss       | 1.2       |
|    explained_variance | 0         |
|    learning_rate      | 0.0007    |
|    n_updates          | 29699     |
|    policy_loss        | -2.38e+03 |
|    reward             | 695.2978  |
|    std                | 0.138     |
|    value_loss         | 5.04e+06  |
-------------------------------------
EPISODE:  150
-------------------------------------
| time/                 |           |
|    fps                | 14        |
|    iterations         | 29800     |
|    time_elapsed       | 10416     |
|    total_timesteps    | 149000    |
| train/                |           |
|    entropy_loss       | 1.24      |
|    explained_variance | -1.19e-07 |
|    learning_rate      | 0.0007    |
|    n_updates          | 29799     |
|    policy_loss        | -127      |
|    reward             | 13.811371 |
|    std                | 0.136     |
|    value_loss         | 9.84e+03  |
-------------------------------------
-------------------------------------
| time/                 |           |
|    fps                | 14        |
|    iterations         | 29900     |
|    time_elapsed       | 10451     |
|    total_timesteps    | 149500    |
| train/                |           |
|    entropy_loss       | 1.26      |
|    explained_variance | 5.96e-08  |
|    learning_rate      | 0.0007    |
|    n_updates          | 29899     |
|    policy_loss        | -2.93e+03 |
|    reward             | 658.68884 |
|    std                | 0.134     |
|    value_loss         | 4.51e+06  |
-------------------------------------
EPISODE:  151
-------------------------------------
| time/                 |           |
|    fps                | 14        |
|    iterations         | 30000     |
|    time_elapsed       | 10487     |
|    total_timesteps    | 150000    |
| train/                |           |
|    entropy_loss       | 1.29      |
|    explained_variance | 0         |
|    learning_rate      | 0.0007    |
|    n_updates          | 29999     |
|    policy_loss        | -237      |
|    reward             | 32.947502 |
|    std                | 0.132     |
|    value_loss         | 4.23e+04  |
-------------------------------------
-------------------------------------
| time/                 |           |
|    fps                | 14        |
|    iterations         | 30100     |
|    time_elapsed       | 10522     |
|    total_timesteps    | 150500    |
| train/                |           |
|    entropy_loss       | 1.29      |
|    explained_variance | -1.19e-07 |
|    learning_rate      | 0.0007    |
|    n_updates          | 30099     |
|    policy_loss        | -1.46e+03 |
|    reward             | 706.7684  |
|    std                | 0.133     |
|    value_loss         | 5.2e+06   |
-------------------------------------
EPISODE:  152
-------------------------------------
| time/                 |           |
|    fps                | 14        |
|    iterations         | 30200     |
|    time_elapsed       | 10557     |
|    total_timesteps    | 151000    |
| train/                |           |
|    entropy_loss       | 1.3       |
|    explained_variance | 0         |
|    learning_rate      | 0.0007    |
|    n_updates          | 30199     |
|    policy_loss        | -221      |
|    reward             | 29.549324 |
|    std                | 0.132     |
|    value_loss         | 3.76e+04  |
-------------------------------------
-------------------------------------
| time/                 |           |
|    fps                | 14        |
|    iterations         | 30300     |
|    time_elapsed       | 10592     |
|    total_timesteps    | 151500    |
| train/                |           |
|    entropy_loss       | 1.31      |
|    explained_variance | 5.96e-08  |
|    learning_rate      | 0.0007    |
|    n_updates          | 30299     |
|    policy_loss        | -3.03e+03 |
|    reward             | 628.1192  |
|    std                | 0.131     |
|    value_loss         | 4.11e+06  |
-------------------------------------
EPISODE:  153
------------------------------------
| time/                 |          |
|    fps                | 14       |
|    iterations         | 30400    |
|    time_elapsed       | 10627    |
|    total_timesteps    | 152000   |
| train/                |          |
|    entropy_loss       | 1.34     |
|    explained_variance | 0        |
|    learning_rate      | 0.0007   |
|    n_updates          | 30399    |
|    policy_loss        | -65.1    |
|    reward             | 7.57949  |
|    std                | 0.129    |
|    value_loss         | 2.21e+03 |
------------------------------------
-------------------------------------
| time/                 |           |
|    fps                | 14        |
|    iterations         | 30500     |
|    time_elapsed       | 10662     |
|    total_timesteps    | 152500    |
| train/                |           |
|    entropy_loss       | 1.36      |
|    explained_variance | 0         |
|    learning_rate      | 0.0007    |
|    n_updates          | 30499     |
|    policy_loss        | -2.95e+03 |
|    reward             | 605.55347 |
|    std                | 0.128     |
|    value_loss         | 3.82e+06  |
-------------------------------------
EPISODE:  154
------------------------------------
| time/                 |          |
|    fps                | 14       |
|    iterations         | 30600    |
|    time_elapsed       | 10697    |
|    total_timesteps    | 153000   |
| train/                |          |
|    entropy_loss       | 1.37     |
|    explained_variance | 0        |
|    learning_rate      | 0.0007   |
|    n_updates          | 30599    |
|    policy_loss        | -3.95    |
|    reward             | 7.173809 |
|    std                | 0.127    |
|    value_loss         | 1.76e+03 |
------------------------------------
-------------------------------------
| time/                 |           |
|    fps                | 14        |
|    iterations         | 30700     |
|    time_elapsed       | 10732     |
|    total_timesteps    | 153500    |
| train/                |           |
|    entropy_loss       | 1.41      |
|    explained_variance | 0         |
|    learning_rate      | 0.0007    |
|    n_updates          | 30699     |
|    policy_loss        | -1.77e+03 |
|    reward             | 602.6603  |
|    std                | 0.126     |
|    value_loss         | 3.78e+06  |
-------------------------------------
EPISODE:  155
------------------------------------
| time/                 |          |
|    fps                | 14       |
|    iterations         | 30800    |
|    time_elapsed       | 10767    |
|    total_timesteps    | 154000   |
| train/                |          |
|    entropy_loss       | 1.42     |
|    explained_variance | 5.96e-08 |
|    learning_rate      | 0.0007   |
|    n_updates          | 30799    |
|    policy_loss        | -48.1    |
|    reward             | 7.101323 |
|    std                | 0.125    |
|    value_loss         | 1.67e+03 |
------------------------------------
-------------------------------------
| time/                 |           |
|    fps                | 14        |
|    iterations         | 30900     |
|    time_elapsed       | 10801     |
|    total_timesteps    | 154500    |
| train/                |           |
|    entropy_loss       | 1.43      |
|    explained_variance | -1.19e-07 |
|    learning_rate      | 0.0007    |
|    n_updates          | 30899     |
|    policy_loss        | -3.36e+03 |
|    reward             | 602.6603  |
|    std                | 0.124     |
|    value_loss         | 3.78e+06  |
-------------------------------------
EPISODE:  156
------------------------------------
| time/                 |          |
|    fps                | 14       |
|    iterations         | 31000    |
|    time_elapsed       | 10836    |
|    total_timesteps    | 155000   |
| train/                |          |
|    entropy_loss       | 1.47     |
|    explained_variance | 0        |
|    learning_rate      | 0.0007   |
|    n_updates          | 30999    |
|    policy_loss        | -27      |
|    reward             | 7.101323 |
|    std                | 0.122    |
|    value_loss         | 1.65e+03 |
------------------------------------
-------------------------------------
| time/                 |           |
|    fps                | 14        |
|    iterations         | 31100     |
|    time_elapsed       | 10871     |
|    total_timesteps    | 155500    |
| train/                |           |
|    entropy_loss       | 1.48      |
|    explained_variance | -1.19e-07 |
|    learning_rate      | 0.0007    |
|    n_updates          | 31099     |
|    policy_loss        | -2.14e+03 |
|    reward             | 602.6603  |
|    std                | 0.121     |
|    value_loss         | 3.78e+06  |
-------------------------------------
EPISODE:  157
------------------------------------
| time/                 |          |
|    fps                | 14       |
|    iterations         | 31200    |
|    time_elapsed       | 10906    |
|    total_timesteps    | 156000   |
| train/                |          |
|    entropy_loss       | 1.51     |
|    explained_variance | 0        |
|    learning_rate      | 0.0007   |
|    n_updates          | 31199    |
|    policy_loss        | -56.2    |
|    reward             | 7.102023 |
|    std                | 0.119    |
|    value_loss         | 1.63e+03 |
------------------------------------
-------------------------------------
| time/                 |           |
|    fps                | 14        |
|    iterations         | 31300     |
|    time_elapsed       | 10941     |
|    total_timesteps    | 156500    |
| train/                |           |
|    entropy_loss       | 1.54      |
|    explained_variance | 0         |
|    learning_rate      | 0.0007    |
|    n_updates          | 31299     |
|    policy_loss        | -2.4e+03  |
|    reward             | 605.38763 |
|    std                | 0.117     |
|    value_loss         | 3.81e+06  |
-------------------------------------
EPISODE:  158
--------------------------------------
| time/                 |            |
|    fps                | 14         |
|    iterations         | 31400      |
|    time_elapsed       | 10976      |
|    total_timesteps    | 157000     |
| train/                |            |
|    entropy_loss       | 1.55       |
|    explained_variance | 0          |
|    learning_rate      | 0.0007     |
|    n_updates          | 31399      |
|    policy_loss        | -122       |
|    reward             | 15.0791645 |
|    std                | 0.117      |
|    value_loss         | 8.8e+03    |
--------------------------------------
-------------------------------------
| time/                 |           |
|    fps                | 14        |
|    iterations         | 31500     |
|    time_elapsed       | 11011     |
|    total_timesteps    | 157500    |
| train/                |           |
|    entropy_loss       | 1.56      |
|    explained_variance | 1.19e-07  |
|    learning_rate      | 0.0007    |
|    n_updates          | 31499     |
|    policy_loss        | -2.91e+03 |
|    reward             | 690.10626 |
|    std                | 0.116     |
|    value_loss         | 4.95e+06  |
-------------------------------------
EPISODE:  159
-------------------------------------
| time/                 |           |
|    fps                | 14        |
|    iterations         | 31600     |
|    time_elapsed       | 11046     |
|    total_timesteps    | 158000    |
| train/                |           |
|    entropy_loss       | 1.57      |
|    explained_variance | 0         |
|    learning_rate      | 0.0007    |
|    n_updates          | 31599     |
|    policy_loss        | -443      |
|    reward             | 34.724697 |
|    std                | 0.115     |
|    value_loss         | 4.72e+04  |
-------------------------------------
-------------------------------------
| time/                 |           |
|    fps                | 14        |
|    iterations         | 31700     |
|    time_elapsed       | 11081     |
|    total_timesteps    | 158500    |
| train/                |           |
|    entropy_loss       | 1.59      |
|    explained_variance | 0         |
|    learning_rate      | 0.0007    |
|    n_updates          | 31699     |
|    policy_loss        | -1.41e+03 |
|    reward             | 707.1952  |
|    std                | 0.114     |
|    value_loss         | 5.2e+06   |
-------------------------------------
EPISODE:  160
------------------------------------
| time/                 |          |
|    fps                | 14       |
|    iterations         | 31800    |
|    time_elapsed       | 11116    |
|    total_timesteps    | 159000   |
| train/                |          |
|    entropy_loss       | 1.62     |
|    explained_variance | 0        |
|    learning_rate      | 0.0007   |
|    n_updates          | 31799    |
|    policy_loss        | -325     |
|    reward             | 35.67802 |
|    std                | 0.113    |
|    value_loss         | 5.02e+04 |
------------------------------------
-------------------------------------
| time/                 |           |
|    fps                | 14        |
|    iterations         | 31900     |
|    time_elapsed       | 11151     |
|    total_timesteps    | 159500    |
| train/                |           |
|    entropy_loss       | 1.63      |
|    explained_variance | 0         |
|    learning_rate      | 0.0007    |
|    n_updates          | 31899     |
|    policy_loss        | -3.82e+03 |
|    reward             | 707.1952  |
|    std                | 0.112     |
|    value_loss         | 5.2e+06   |
-------------------------------------
EPISODE:  161
-------------------------------------
| time/                 |           |
|    fps                | 14        |
|    iterations         | 32000     |
|    time_elapsed       | 11186     |
|    total_timesteps    | 160000    |
| train/                |           |
|    entropy_loss       | 1.67      |
|    explained_variance | 0         |
|    learning_rate      | 0.0007    |
|    n_updates          | 31999     |
|    policy_loss        | -593      |
|    reward             | 51.790253 |
|    std                | 0.11      |
|    value_loss         | 9.73e+04  |
-------------------------------------
-------------------------------------
| time/                 |           |
|    fps                | 14        |
|    iterations         | 32100     |
|    time_elapsed       | 11221     |
|    total_timesteps    | 160500    |
| train/                |           |
|    entropy_loss       | 1.7       |
|    explained_variance | 0         |
|    learning_rate      | 0.0007    |
|    n_updates          | 32099     |
|    policy_loss        | -3.52e+03 |
|    reward             | 711.5791  |
|    std                | 0.109     |
|    value_loss         | 5.26e+06  |
-------------------------------------
EPISODE:  162
------------------------------------
| time/                 |          |
|    fps                | 14       |
|    iterations         | 32200    |
|    time_elapsed       | 11256    |
|    total_timesteps    | 161000   |
| train/                |          |
|    entropy_loss       | 1.74     |
|    explained_variance | 0        |
|    learning_rate      | 0.0007   |
|    n_updates          | 32199    |
|    policy_loss        | -509     |
|    reward             | 45.95398 |
|    std                | 0.107    |
|    value_loss         | 8.27e+04 |
------------------------------------
-------------------------------------
| time/                 |           |
|    fps                | 14        |
|    iterations         | 32300     |
|    time_elapsed       | 11291     |
|    total_timesteps    | 161500    |
| train/                |           |
|    entropy_loss       | 1.75      |
|    explained_variance | 0         |
|    learning_rate      | 0.0007    |
|    n_updates          | 32299     |
|    policy_loss        | -4.04e+03 |
|    reward             | 723.98865 |
|    std                | 0.106     |
|    value_loss         | 5.44e+06  |
-------------------------------------
EPISODE:  163
-------------------------------------
| time/                 |           |
|    fps                | 14        |
|    iterations         | 32400     |
|    time_elapsed       | 11326     |
|    total_timesteps    | 162000    |
| train/                |           |
|    entropy_loss       | 1.77      |
|    explained_variance | 0         |
|    learning_rate      | 0.0007    |
|    n_updates          | 32399     |
|    policy_loss        | -74.8     |
|    reward             | 38.659584 |
|    std                | 0.106     |
|    value_loss         | 6.01e+04  |
-------------------------------------
-------------------------------------
| time/                 |           |
|    fps                | 14        |
|    iterations         | 32500     |
|    time_elapsed       | 11361     |
|    total_timesteps    | 162500    |
| train/                |           |
|    entropy_loss       | 1.79      |
|    explained_variance | 0         |
|    learning_rate      | 0.0007    |
|    n_updates          | 32499     |
|    policy_loss        | -3.45e+03 |
|    reward             | 707.1952  |
|    std                | 0.105     |
|    value_loss         | 5.2e+06   |
-------------------------------------
EPISODE:  164
------------------------------------
| time/                 |          |
|    fps                | 14       |
|    iterations         | 32600    |
|    time_elapsed       | 11395    |
|    total_timesteps    | 163000   |
| train/                |          |
|    entropy_loss       | 1.82     |
|    explained_variance | 0        |
|    learning_rate      | 0.0007   |
|    n_updates          | 32599    |
|    policy_loss        | -432     |
|    reward             | 35.67802 |
|    std                | 0.103    |
|    value_loss         | 4.98e+04 |
------------------------------------
-------------------------------------
| time/                 |           |
|    fps                | 14        |
|    iterations         | 32700     |
|    time_elapsed       | 11431     |
|    total_timesteps    | 163500    |
| train/                |           |
|    entropy_loss       | 1.85      |
|    explained_variance | 0         |
|    learning_rate      | 0.0007    |
|    n_updates          | 32699     |
|    policy_loss        | -3.94e+03 |
|    reward             | 707.1952  |
|    std                | 0.102     |
|    value_loss         | 5.19e+06  |
-------------------------------------
EPISODE:  165
------------------------------------
| time/                 |          |
|    fps                | 14       |
|    iterations         | 32800    |
|    time_elapsed       | 11466    |
|    total_timesteps    | 164000   |
| train/                |          |
|    entropy_loss       | 1.86     |
|    explained_variance | 0        |
|    learning_rate      | 0.0007   |
|    n_updates          | 32799    |
|    policy_loss        | -155     |
|    reward             | 35.67802 |
|    std                | 0.102    |
|    value_loss         | 4.97e+04 |
------------------------------------
-------------------------------------
| time/                 |           |
|    fps                | 14        |
|    iterations         | 32900     |
|    time_elapsed       | 11501     |
|    total_timesteps    | 164500    |
| train/                |           |
|    entropy_loss       | 1.88      |
|    explained_variance | -1.19e-07 |
|    learning_rate      | 0.0007    |
|    n_updates          | 32899     |
|    policy_loss        | -4.44e+03 |
|    reward             | 707.1952  |
|    std                | 0.101     |
|    value_loss         | 5.19e+06  |
-------------------------------------
EPISODE:  166
------------------------------------
| time/                 |          |
|    fps                | 14       |
|    iterations         | 33000    |
|    time_elapsed       | 11536    |
|    total_timesteps    | 165000   |
| train/                |          |
|    entropy_loss       | 1.91     |
|    explained_variance | 0        |
|    learning_rate      | 0.0007   |
|    n_updates          | 32999    |
|    policy_loss        | -430     |
|    reward             | 35.67802 |
|    std                | 0.0992   |
|    value_loss         | 4.96e+04 |
------------------------------------
-------------------------------------
| time/                 |           |
|    fps                | 14        |
|    iterations         | 33100     |
|    time_elapsed       | 11571     |
|    total_timesteps    | 165500    |
| train/                |           |
|    entropy_loss       | 1.94      |
|    explained_variance | 0         |
|    learning_rate      | 0.0007    |
|    n_updates          | 33099     |
|    policy_loss        | -4.48e+03 |
|    reward             | 707.1952  |
|    std                | 0.0975    |
|    value_loss         | 5.19e+06  |
-------------------------------------
EPISODE:  167
------------------------------------
| time/                 |          |
|    fps                | 14       |
|    iterations         | 33200    |
|    time_elapsed       | 11606    |
|    total_timesteps    | 166000   |
| train/                |          |
|    entropy_loss       | 1.96     |
|    explained_variance | 0        |
|    learning_rate      | 0.0007   |
|    n_updates          | 33199    |
|    policy_loss        | -250     |
|    reward             | 35.67802 |
|    std                | 0.0968   |
|    value_loss         | 4.95e+04 |
------------------------------------
-------------------------------------
| time/                 |           |
|    fps                | 14        |
|    iterations         | 33300     |
|    time_elapsed       | 11641     |
|    total_timesteps    | 166500    |
| train/                |           |
|    entropy_loss       | 1.98      |
|    explained_variance | 0         |
|    learning_rate      | 0.0007    |
|    n_updates          | 33299     |
|    policy_loss        | -5.45e+03 |
|    reward             | 707.1952  |
|    std                | 0.0956    |
|    value_loss         | 5.19e+06  |
-------------------------------------
EPISODE:  168
------------------------------------
| time/                 |          |
|    fps                | 14       |
|    iterations         | 33400    |
|    time_elapsed       | 11676    |
|    total_timesteps    | 167000   |
| train/                |          |
|    entropy_loss       | 2.01     |
|    explained_variance | 0        |
|    learning_rate      | 0.0007   |
|    n_updates          | 33399    |
|    policy_loss        | -378     |
|    reward             | 35.67802 |
|    std                | 0.0946   |
|    value_loss         | 4.94e+04 |
------------------------------------
-------------------------------------
| time/                 |           |
|    fps                | 14        |
|    iterations         | 33500     |
|    time_elapsed       | 11711     |
|    total_timesteps    | 167500    |
| train/                |           |
|    entropy_loss       | 2.05      |
|    explained_variance | 0         |
|    learning_rate      | 0.0007    |
|    n_updates          | 33499     |
|    policy_loss        | -4.45e+03 |
|    reward             | 707.1952  |
|    std                | 0.0927    |
|    value_loss         | 5.19e+06  |
-------------------------------------
EPISODE:  169
-------------------------------------
| time/                 |           |
|    fps                | 14        |
|    iterations         | 33600     |
|    time_elapsed       | 11746     |
|    total_timesteps    | 168000    |
| train/                |           |
|    entropy_loss       | 2.07      |
|    explained_variance | -1.19e-07 |
|    learning_rate      | 0.0007    |
|    n_updates          | 33599     |
|    policy_loss        | -425      |
|    reward             | 35.67802  |
|    std                | 0.0921    |
|    value_loss         | 4.93e+04  |
-------------------------------------
-------------------------------------
| time/                 |           |
|    fps                | 14        |
|    iterations         | 33700     |
|    time_elapsed       | 11781     |
|    total_timesteps    | 168500    |
| train/                |           |
|    entropy_loss       | 2.07      |
|    explained_variance | 5.96e-08  |
|    learning_rate      | 0.0007    |
|    n_updates          | 33699     |
|    policy_loss        | -5.39e+03 |
|    reward             | 707.1952  |
|    std                | 0.0921    |
|    value_loss         | 5.19e+06  |
-------------------------------------
EPISODE:  170
------------------------------------
| time/                 |          |
|    fps                | 14       |
|    iterations         | 33800    |
|    time_elapsed       | 11816    |
|    total_timesteps    | 169000   |
| train/                |          |
|    entropy_loss       | 2.09     |
|    explained_variance | 0        |
|    learning_rate      | 0.0007   |
|    n_updates          | 33799    |
|    policy_loss        | -229     |
|    reward             | 35.67802 |
|    std                | 0.0914   |
|    value_loss         | 4.92e+04 |
------------------------------------
-------------------------------------
| time/                 |           |
|    fps                | 14        |
|    iterations         | 33900     |
|    time_elapsed       | 11851     |
|    total_timesteps    | 169500    |
| train/                |           |
|    entropy_loss       | 2.09      |
|    explained_variance | 1.19e-07  |
|    learning_rate      | 0.0007    |
|    n_updates          | 33899     |
|    policy_loss        | -4.18e+03 |
|    reward             | 707.1952  |
|    std                | 0.0915    |
|    value_loss         | 5.19e+06  |
-------------------------------------
EPISODE:  171
------------------------------------
| time/                 |          |
|    fps                | 14       |
|    iterations         | 34000    |
|    time_elapsed       | 11886    |
|    total_timesteps    | 170000   |
| train/                |          |
|    entropy_loss       | 2.11     |
|    explained_variance | 0        |
|    learning_rate      | 0.0007   |
|    n_updates          | 33999    |
|    policy_loss        | -491     |
|    reward             | 35.67802 |
|    std                | 0.0901   |
|    value_loss         | 4.91e+04 |
------------------------------------
-------------------------------------
| time/                 |           |
|    fps                | 14        |
|    iterations         | 34100     |
|    time_elapsed       | 11921     |
|    total_timesteps    | 170500    |
| train/                |           |
|    entropy_loss       | 2.15      |
|    explained_variance | -1.19e-07 |
|    learning_rate      | 0.0007    |
|    n_updates          | 34099     |
|    policy_loss        | -5.29e+03 |
|    reward             | 707.1952  |
|    std                | 0.0887    |
|    value_loss         | 5.19e+06  |
-------------------------------------
EPISODE:  172
------------------------------------
| time/                 |          |
|    fps                | 14       |
|    iterations         | 34200    |
|    time_elapsed       | 11955    |
|    total_timesteps    | 171000   |
| train/                |          |
|    entropy_loss       | 2.17     |
|    explained_variance | 1.19e-07 |
|    learning_rate      | 0.0007   |
|    n_updates          | 34199    |
|    policy_loss        | -525     |
|    reward             | 35.67802 |
|    std                | 0.0875   |
|    value_loss         | 4.9e+04  |
------------------------------------
-------------------------------------
| time/                 |           |
|    fps                | 14        |
|    iterations         | 34300     |
|    time_elapsed       | 11990     |
|    total_timesteps    | 171500    |
| train/                |           |
|    entropy_loss       | 2.19      |
|    explained_variance | 0         |
|    learning_rate      | 0.0007    |
|    n_updates          | 34299     |
|    policy_loss        | -3.73e+03 |
|    reward             | 707.1952  |
|    std                | 0.0867    |
|    value_loss         | 5.19e+06  |
-------------------------------------
EPISODE:  173
------------------------------------
| time/                 |          |
|    fps                | 14       |
|    iterations         | 34400    |
|    time_elapsed       | 12025    |
|    total_timesteps    | 172000   |
| train/                |          |
|    entropy_loss       | 2.23     |
|    explained_variance | 0        |
|    learning_rate      | 0.0007   |
|    n_updates          | 34399    |
|    policy_loss        | -359     |
|    reward             | 35.67802 |
|    std                | 0.0851   |
|    value_loss         | 4.89e+04 |
------------------------------------
-------------------------------------
| time/                 |           |
|    fps                | 14        |
|    iterations         | 34500     |
|    time_elapsed       | 12060     |
|    total_timesteps    | 172500    |
| train/                |           |
|    entropy_loss       | 2.25      |
|    explained_variance | 0         |
|    learning_rate      | 0.0007    |
|    n_updates          | 34499     |
|    policy_loss        | -1.84e+03 |
|    reward             | 707.1952  |
|    std                | 0.0845    |
|    value_loss         | 5.19e+06  |
-------------------------------------
EPISODE:  174
-------------------------------------
| time/                 |           |
|    fps                | 14        |
|    iterations         | 34600     |
|    time_elapsed       | 12095     |
|    total_timesteps    | 173000    |
| train/                |           |
|    entropy_loss       | 2.26      |
|    explained_variance | -1.19e-07 |
|    learning_rate      | 0.0007    |
|    n_updates          | 34599     |
|    policy_loss        | -500      |
|    reward             | 35.67802  |
|    std                | 0.084     |
|    value_loss         | 4.88e+04  |
-------------------------------------
-------------------------------------
| time/                 |           |
|    fps                | 14        |
|    iterations         | 34700     |
|    time_elapsed       | 12130     |
|    total_timesteps    | 173500    |
| train/                |           |
|    entropy_loss       | 2.3       |
|    explained_variance | -1.19e-07 |
|    learning_rate      | 0.0007    |
|    n_updates          | 34699     |
|    policy_loss        | -3.75e+03 |
|    reward             | 707.1952  |
|    std                | 0.083     |
|    value_loss         | 5.18e+06  |
-------------------------------------
EPISODE:  175
------------------------------------
| time/                 |          |
|    fps                | 14       |
|    iterations         | 34800    |
|    time_elapsed       | 12165    |
|    total_timesteps    | 174000   |
| train/                |          |
|    entropy_loss       | 2.31     |
|    explained_variance | 0        |
|    learning_rate      | 0.0007   |
|    n_updates          | 34799    |
|    policy_loss        | -391     |
|    reward             | 35.67802 |
|    std                | 0.0825   |
|    value_loss         | 4.87e+04 |
------------------------------------
-------------------------------------
| time/                 |           |
|    fps                | 14        |
|    iterations         | 34900     |
|    time_elapsed       | 12200     |
|    total_timesteps    | 174500    |
| train/                |           |
|    entropy_loss       | 2.32      |
|    explained_variance | -1.19e-07 |
|    learning_rate      | 0.0007    |
|    n_updates          | 34899     |
|    policy_loss        | -5.07e+03 |
|    reward             | 707.1952  |
|    std                | 0.082     |
|    value_loss         | 5.18e+06  |
-------------------------------------
EPISODE:  176
------------------------------------
| time/                 |          |
|    fps                | 14       |
|    iterations         | 35000    |
|    time_elapsed       | 12235    |
|    total_timesteps    | 175000   |
| train/                |          |
|    entropy_loss       | 2.35     |
|    explained_variance | 0        |
|    learning_rate      | 0.0007   |
|    n_updates          | 34999    |
|    policy_loss        | -368     |
|    reward             | 35.67802 |
|    std                | 0.081    |
|    value_loss         | 4.86e+04 |
------------------------------------
-------------------------------------
| time/                 |           |
|    fps                | 14        |
|    iterations         | 35100     |
|    time_elapsed       | 12270     |
|    total_timesteps    | 175500    |
| train/                |           |
|    entropy_loss       | 2.37      |
|    explained_variance | 1.79e-07  |
|    learning_rate      | 0.0007    |
|    n_updates          | 35099     |
|    policy_loss        | -3.86e+03 |
|    reward             | 707.1952  |
|    std                | 0.0803    |
|    value_loss         | 5.18e+06  |
-------------------------------------
EPISODE:  177
------------------------------------
| time/                 |          |
|    fps                | 14       |
|    iterations         | 35200    |
|    time_elapsed       | 12305    |
|    total_timesteps    | 176000   |
| train/                |          |
|    entropy_loss       | 2.41     |
|    explained_variance | 0        |
|    learning_rate      | 0.0007   |
|    n_updates          | 35199    |
|    policy_loss        | -465     |
|    reward             | 35.67802 |
|    std                | 0.0791   |
|    value_loss         | 4.85e+04 |
------------------------------------
-------------------------------------
| time/                 |           |
|    fps                | 14        |
|    iterations         | 35300     |
|    time_elapsed       | 12341     |
|    total_timesteps    | 176500    |
| train/                |           |
|    entropy_loss       | 2.4       |
|    explained_variance | 1.19e-07  |
|    learning_rate      | 0.0007    |
|    n_updates          | 35299     |
|    policy_loss        | -3.31e+03 |
|    reward             | 707.1952  |
|    std                | 0.0791    |
|    value_loss         | 5.18e+06  |
-------------------------------------
EPISODE:  178
------------------------------------
| time/                 |          |
|    fps                | 14       |
|    iterations         | 35400    |
|    time_elapsed       | 12376    |
|    total_timesteps    | 177000   |
| train/                |          |
|    entropy_loss       | 2.42     |
|    explained_variance | 0        |
|    learning_rate      | 0.0007   |
|    n_updates          | 35399    |
|    policy_loss        | -573     |
|    reward             | 35.67802 |
|    std                | 0.0783   |
|    value_loss         | 4.84e+04 |
------------------------------------
-------------------------------------
| time/                 |           |
|    fps                | 14        |
|    iterations         | 35500     |
|    time_elapsed       | 12411     |
|    total_timesteps    | 177500    |
| train/                |           |
|    entropy_loss       | 2.45      |
|    explained_variance | 0         |
|    learning_rate      | 0.0007    |
|    n_updates          | 35499     |
|    policy_loss        | -5.66e+03 |
|    reward             | 707.1952  |
|    std                | 0.0775    |
|    value_loss         | 5.18e+06  |
-------------------------------------
EPISODE:  179
------------------------------------
| time/                 |          |
|    fps                | 14       |
|    iterations         | 35600    |
|    time_elapsed       | 12446    |
|    total_timesteps    | 178000   |
| train/                |          |
|    entropy_loss       | 2.47     |
|    explained_variance | 0        |
|    learning_rate      | 0.0007   |
|    n_updates          | 35599    |
|    policy_loss        | -449     |
|    reward             | 35.67802 |
|    std                | 0.0773   |
|    value_loss         | 4.83e+04 |
------------------------------------
-------------------------------------
| time/                 |           |
|    fps                | 14        |
|    iterations         | 35700     |
|    time_elapsed       | 12481     |
|    total_timesteps    | 178500    |
| train/                |           |
|    entropy_loss       | 2.48      |
|    explained_variance | -1.19e-07 |
|    learning_rate      | 0.0007    |
|    n_updates          | 35699     |
|    policy_loss        | -5.46e+03 |
|    reward             | 707.1952  |
|    std                | 0.0769    |
|    value_loss         | 5.18e+06  |
-------------------------------------
EPISODE:  180
------------------------------------
| time/                 |          |
|    fps                | 14       |
|    iterations         | 35800    |
|    time_elapsed       | 12516    |
|    total_timesteps    | 179000   |
| train/                |          |
|    entropy_loss       | 2.51     |
|    explained_variance | 1.19e-07 |
|    learning_rate      | 0.0007   |
|    n_updates          | 35799    |
|    policy_loss        | -549     |
|    reward             | 35.67802 |
|    std                | 0.0759   |
|    value_loss         | 4.82e+04 |
------------------------------------
-------------------------------------
| time/                 |           |
|    fps                | 14        |
|    iterations         | 35900     |
|    time_elapsed       | 12550     |
|    total_timesteps    | 179500    |
| train/                |           |
|    entropy_loss       | 2.52      |
|    explained_variance | 0         |
|    learning_rate      | 0.0007    |
|    n_updates          | 35899     |
|    policy_loss        | -4.12e+03 |
|    reward             | 707.1952  |
|    std                | 0.0758    |
|    value_loss         | 5.18e+06  |
-------------------------------------
EPISODE:  181
------------------------------------
| time/                 |          |
|    fps                | 14       |
|    iterations         | 36000    |
|    time_elapsed       | 12585    |
|    total_timesteps    | 180000   |
| train/                |          |
|    entropy_loss       | 2.54     |
|    explained_variance | 0        |
|    learning_rate      | 0.0007   |
|    n_updates          | 35999    |
|    policy_loss        | -550     |
|    reward             | 35.67802 |
|    std                | 0.0755   |
|    value_loss         | 4.81e+04 |
------------------------------------
-------------------------------------
| time/                 |           |
|    fps                | 14        |
|    iterations         | 36100     |
|    time_elapsed       | 12620     |
|    total_timesteps    | 180500    |
| train/                |           |
|    entropy_loss       | 2.55      |
|    explained_variance | -1.19e-07 |
|    learning_rate      | 0.0007    |
|    n_updates          | 36099     |
|    policy_loss        | -4.86e+03 |
|    reward             | 707.1952  |
|    std                | 0.0752    |
|    value_loss         | 5.18e+06  |
-------------------------------------
EPISODE:  182
-------------------------------------
| time/                 |           |
|    fps                | 14        |
|    iterations         | 36200     |
|    time_elapsed       | 12655     |
|    total_timesteps    | 181000    |
| train/                |           |
|    entropy_loss       | 2.57      |
|    explained_variance | -2.38e-07 |
|    learning_rate      | 0.0007    |
|    n_updates          | 36199     |
|    policy_loss        | -511      |
|    reward             | 35.67802  |
|    std                | 0.0747    |
|    value_loss         | 4.8e+04   |
-------------------------------------
-------------------------------------
| time/                 |           |
|    fps                | 14        |
|    iterations         | 36300     |
|    time_elapsed       | 12690     |
|    total_timesteps    | 181500    |
| train/                |           |
|    entropy_loss       | 2.59      |
|    explained_variance | 1.19e-07  |
|    learning_rate      | 0.0007    |
|    n_updates          | 36299     |
|    policy_loss        | -5.73e+03 |
|    reward             | 707.1952  |
|    std                | 0.0741    |
|    value_loss         | 5.18e+06  |
-------------------------------------
EPISODE:  183
------------------------------------
| time/                 |          |
|    fps                | 14       |
|    iterations         | 36400    |
|    time_elapsed       | 12725    |
|    total_timesteps    | 182000   |
| train/                |          |
|    entropy_loss       | 2.6      |
|    explained_variance | 0        |
|    learning_rate      | 0.0007   |
|    n_updates          | 36399    |
|    policy_loss        | -452     |
|    reward             | 35.67802 |
|    std                | 0.0738   |
|    value_loss         | 4.79e+04 |
------------------------------------
-------------------------------------
| time/                 |           |
|    fps                | 14        |
|    iterations         | 36500     |
|    time_elapsed       | 12760     |
|    total_timesteps    | 182500    |
| train/                |           |
|    entropy_loss       | 2.59      |
|    explained_variance | -1.19e-07 |
|    learning_rate      | 0.0007    |
|    n_updates          | 36499     |
|    policy_loss        | -3.63e+03 |
|    reward             | 707.1952  |
|    std                | 0.074     |
|    value_loss         | 5.18e+06  |
-------------------------------------
EPISODE:  184
------------------------------------
| time/                 |          |
|    fps                | 14       |
|    iterations         | 36600    |
|    time_elapsed       | 12795    |
|    total_timesteps    | 183000   |
| train/                |          |
|    entropy_loss       | 2.61     |
|    explained_variance | 0        |
|    learning_rate      | 0.0007   |
|    n_updates          | 36599    |
|    policy_loss        | -484     |
|    reward             | 35.67802 |
|    std                | 0.0732   |
|    value_loss         | 4.78e+04 |
------------------------------------
------------------------------------
| time/                 |          |
|    fps                | 14       |
|    iterations         | 36700    |
|    time_elapsed       | 12830    |
|    total_timesteps    | 183500   |
| train/                |          |
|    entropy_loss       | 2.64     |
|    explained_variance | 0        |
|    learning_rate      | 0.0007   |
|    n_updates          | 36699    |
|    policy_loss        | -6.7e+03 |
|    reward             | 707.1952 |
|    std                | 0.0721   |
|    value_loss         | 5.17e+06 |
------------------------------------
EPISODE:  185
-------------------------------------
| time/                 |           |
|    fps                | 14        |
|    iterations         | 36800     |
|    time_elapsed       | 12865     |
|    total_timesteps    | 184000    |
| train/                |           |
|    entropy_loss       | 2.65      |
|    explained_variance | -1.19e-07 |
|    learning_rate      | 0.0007    |
|    n_updates          | 36799     |
|    policy_loss        | -524      |
|    reward             | 35.67802  |
|    std                | 0.0714    |
|    value_loss         | 4.77e+04  |
-------------------------------------
-------------------------------------
| time/                 |           |
|    fps                | 14        |
|    iterations         | 36900     |
|    time_elapsed       | 12900     |
|    total_timesteps    | 184500    |
| train/                |           |
|    entropy_loss       | 2.7       |
|    explained_variance | 5.96e-08  |
|    learning_rate      | 0.0007    |
|    n_updates          | 36899     |
|    policy_loss        | -6.92e+03 |
|    reward             | 707.1952  |
|    std                | 0.0696    |
|    value_loss         | 5.17e+06  |
-------------------------------------
EPISODE:  186
------------------------------------
| time/                 |          |
|    fps                | 14       |
|    iterations         | 37000    |
|    time_elapsed       | 12935    |
|    total_timesteps    | 185000   |
| train/                |          |
|    entropy_loss       | 2.74     |
|    explained_variance | 0        |
|    learning_rate      | 0.0007   |
|    n_updates          | 36999    |
|    policy_loss        | -600     |
|    reward             | 35.67802 |
|    std                | 0.0682   |
|    value_loss         | 4.76e+04 |
------------------------------------
-------------------------------------
| time/                 |           |
|    fps                | 14        |
|    iterations         | 37100     |
|    time_elapsed       | 12970     |
|    total_timesteps    | 185500    |
| train/                |           |
|    entropy_loss       | 2.76      |
|    explained_variance | -1.19e-07 |
|    learning_rate      | 0.0007    |
|    n_updates          | 37099     |
|    policy_loss        | -5.46e+03 |
|    reward             | 707.1952  |
|    std                | 0.0675    |
|    value_loss         | 5.17e+06  |
-------------------------------------
EPISODE:  187
------------------------------------
| time/                 |          |
|    fps                | 14       |
|    iterations         | 37200    |
|    time_elapsed       | 13004    |
|    total_timesteps    | 186000   |
| train/                |          |
|    entropy_loss       | 2.78     |
|    explained_variance | 1.19e-07 |
|    learning_rate      | 0.0007   |
|    n_updates          | 37199    |
|    policy_loss        | -473     |
|    reward             | 35.67802 |
|    std                | 0.067    |
|    value_loss         | 4.75e+04 |
------------------------------------
-------------------------------------
| time/                 |           |
|    fps                | 14        |
|    iterations         | 37300     |
|    time_elapsed       | 13039     |
|    total_timesteps    | 186500    |
| train/                |           |
|    entropy_loss       | 2.81      |
|    explained_variance | -1.19e-07 |
|    learning_rate      | 0.0007    |
|    n_updates          | 37299     |
|    policy_loss        | -6.07e+03 |
|    reward             | 707.1952  |
|    std                | 0.0662    |
|    value_loss         | 5.17e+06  |
-------------------------------------
EPISODE:  188
------------------------------------
| time/                 |          |
|    fps                | 14       |
|    iterations         | 37400    |
|    time_elapsed       | 13074    |
|    total_timesteps    | 187000   |
| train/                |          |
|    entropy_loss       | 2.83     |
|    explained_variance | 0        |
|    learning_rate      | 0.0007   |
|    n_updates          | 37399    |
|    policy_loss        | -635     |
|    reward             | 35.67802 |
|    std                | 0.0656   |
|    value_loss         | 4.74e+04 |
------------------------------------
-------------------------------------
| time/                 |           |
|    fps                | 14        |
|    iterations         | 37500     |
|    time_elapsed       | 13109     |
|    total_timesteps    | 187500    |
| train/                |           |
|    entropy_loss       | 2.83      |
|    explained_variance | -2.38e-07 |
|    learning_rate      | 0.0007    |
|    n_updates          | 37499     |
|    policy_loss        | -6.86e+03 |
|    reward             | 707.1952  |
|    std                | 0.0658    |
|    value_loss         | 5.17e+06  |
-------------------------------------
EPISODE:  189
------------------------------------
| time/                 |          |
|    fps                | 14       |
|    iterations         | 37600    |
|    time_elapsed       | 13144    |
|    total_timesteps    | 188000   |
| train/                |          |
|    entropy_loss       | 2.84     |
|    explained_variance | 0        |
|    learning_rate      | 0.0007   |
|    n_updates          | 37599    |
|    policy_loss        | -536     |
|    reward             | 35.67802 |
|    std                | 0.0657   |
|    value_loss         | 4.73e+04 |
------------------------------------
-------------------------------------
| time/                 |           |
|    fps                | 14        |
|    iterations         | 37700     |
|    time_elapsed       | 13179     |
|    total_timesteps    | 188500    |
| train/                |           |
|    entropy_loss       | 2.87      |
|    explained_variance | -1.19e-07 |
|    learning_rate      | 0.0007    |
|    n_updates          | 37699     |
|    policy_loss        | -6.65e+03 |
|    reward             | 707.1952  |
|    std                | 0.0647    |
|    value_loss         | 5.17e+06  |
-------------------------------------
EPISODE:  190
------------------------------------
| time/                 |          |
|    fps                | 14       |
|    iterations         | 37800    |
|    time_elapsed       | 13214    |
|    total_timesteps    | 189000   |
| train/                |          |
|    entropy_loss       | 2.89     |
|    explained_variance | 0        |
|    learning_rate      | 0.0007   |
|    n_updates          | 37799    |
|    policy_loss        | -630     |
|    reward             | 35.67802 |
|    std                | 0.0639   |
|    value_loss         | 4.72e+04 |
------------------------------------
------------------------------------
| time/                 |          |
|    fps                | 14       |
|    iterations         | 37900    |
|    time_elapsed       | 13249    |
|    total_timesteps    | 189500   |
| train/                |          |
|    entropy_loss       | 2.9      |
|    explained_variance | 1.79e-07 |
|    learning_rate      | 0.0007   |
|    n_updates          | 37899    |
|    policy_loss        | -6.7e+03 |
|    reward             | 707.1952 |
|    std                | 0.0635   |
|    value_loss         | 5.17e+06 |
------------------------------------
EPISODE:  191
------------------------------------
| time/                 |          |
|    fps                | 14       |
|    iterations         | 38000    |
|    time_elapsed       | 13285    |
|    total_timesteps    | 190000   |
| train/                |          |
|    entropy_loss       | 2.92     |
|    explained_variance | 0        |
|    learning_rate      | 0.0007   |
|    n_updates          | 37999    |
|    policy_loss        | -425     |
|    reward             | 35.67802 |
|    std                | 0.0628   |
|    value_loss         | 4.71e+04 |
------------------------------------
-------------------------------------
| time/                 |           |
|    fps                | 14        |
|    iterations         | 38100     |
|    time_elapsed       | 13320     |
|    total_timesteps    | 190500    |
| train/                |           |
|    entropy_loss       | 2.93      |
|    explained_variance | 0         |
|    learning_rate      | 0.0007    |
|    n_updates          | 38099     |
|    policy_loss        | -7.08e+03 |
|    reward             | 707.1952  |
|    std                | 0.0626    |
|    value_loss         | 5.17e+06  |
-------------------------------------
EPISODE:  192
------------------------------------
| time/                 |          |
|    fps                | 14       |
|    iterations         | 38200    |
|    time_elapsed       | 13355    |
|    total_timesteps    | 191000   |
| train/                |          |
|    entropy_loss       | 2.96     |
|    explained_variance | 0        |
|    learning_rate      | 0.0007   |
|    n_updates          | 38199    |
|    policy_loss        | -466     |
|    reward             | 35.67802 |
|    std                | 0.062    |
|    value_loss         | 4.7e+04  |
------------------------------------
-------------------------------------
| time/                 |           |
|    fps                | 14        |
|    iterations         | 38300     |
|    time_elapsed       | 13390     |
|    total_timesteps    | 191500    |
| train/                |           |
|    entropy_loss       | 2.99      |
|    explained_variance | 0         |
|    learning_rate      | 0.0007    |
|    n_updates          | 38299     |
|    policy_loss        | -6.77e+03 |
|    reward             | 707.1952  |
|    std                | 0.0609    |
|    value_loss         | 5.17e+06  |
-------------------------------------
EPISODE:  193
------------------------------------
| time/                 |          |
|    fps                | 14       |
|    iterations         | 38400    |
|    time_elapsed       | 13425    |
|    total_timesteps    | 192000   |
| train/                |          |
|    entropy_loss       | 3.01     |
|    explained_variance | 0        |
|    learning_rate      | 0.0007   |
|    n_updates          | 38399    |
|    policy_loss        | -515     |
|    reward             | 35.67802 |
|    std                | 0.0604   |
|    value_loss         | 4.69e+04 |
------------------------------------
-------------------------------------
| time/                 |           |
|    fps                | 14        |
|    iterations         | 38500     |
|    time_elapsed       | 13460     |
|    total_timesteps    | 192500    |
| train/                |           |
|    entropy_loss       | 3.03      |
|    explained_variance | 0         |
|    learning_rate      | 0.0007    |
|    n_updates          | 38499     |
|    policy_loss        | -5.01e+03 |
|    reward             | 707.1952  |
|    std                | 0.06      |
|    value_loss         | 5.17e+06  |
-------------------------------------
EPISODE:  194
-------------------------------------
| time/                 |           |
|    fps                | 14        |
|    iterations         | 38600     |
|    time_elapsed       | 13495     |
|    total_timesteps    | 193000    |
| train/                |           |
|    entropy_loss       | 3.06      |
|    explained_variance | -1.19e-07 |
|    learning_rate      | 0.0007    |
|    n_updates          | 38599     |
|    policy_loss        | -674      |
|    reward             | 35.67802  |
|    std                | 0.0591    |
|    value_loss         | 4.68e+04  |
-------------------------------------
-------------------------------------
| time/                 |           |
|    fps                | 14        |
|    iterations         | 38700     |
|    time_elapsed       | 13530     |
|    total_timesteps    | 193500    |
| train/                |           |
|    entropy_loss       | 3.08      |
|    explained_variance | 0         |
|    learning_rate      | 0.0007    |
|    n_updates          | 38699     |
|    policy_loss        | -6.77e+03 |
|    reward             | 707.1952  |
|    std                | 0.0585    |
|    value_loss         | 5.16e+06  |
-------------------------------------
EPISODE:  195
------------------------------------
| time/                 |          |
|    fps                | 14       |
|    iterations         | 38800    |
|    time_elapsed       | 13565    |
|    total_timesteps    | 194000   |
| train/                |          |
|    entropy_loss       | 3.11     |
|    explained_variance | 0        |
|    learning_rate      | 0.0007   |
|    n_updates          | 38799    |
|    policy_loss        | -684     |
|    reward             | 35.67802 |
|    std                | 0.0577   |
|    value_loss         | 4.67e+04 |
------------------------------------
-------------------------------------
| time/                 |           |
|    fps                | 14        |
|    iterations         | 38900     |
|    time_elapsed       | 13600     |
|    total_timesteps    | 194500    |
| train/                |           |
|    entropy_loss       | 3.13      |
|    explained_variance | -1.19e-07 |
|    learning_rate      | 0.0007    |
|    n_updates          | 38899     |
|    policy_loss        | -7.69e+03 |
|    reward             | 707.1952  |
|    std                | 0.0572    |
|    value_loss         | 5.16e+06  |
-------------------------------------
EPISODE:  196
-------------------------------------
| time/                 |           |
|    fps                | 14        |
|    iterations         | 39000     |
|    time_elapsed       | 13635     |
|    total_timesteps    | 195000    |
| train/                |           |
|    entropy_loss       | 3.15      |
|    explained_variance | -1.19e-07 |
|    learning_rate      | 0.0007    |
|    n_updates          | 38999     |
|    policy_loss        | -709      |
|    reward             | 35.67802  |
|    std                | 0.0569    |
|    value_loss         | 4.66e+04  |
-------------------------------------
-------------------------------------
| time/                 |           |
|    fps                | 14        |
|    iterations         | 39100     |
|    time_elapsed       | 13670     |
|    total_timesteps    | 195500    |
| train/                |           |
|    entropy_loss       | 3.15      |
|    explained_variance | 0         |
|    learning_rate      | 0.0007    |
|    n_updates          | 39099     |
|    policy_loss        | -6.28e+03 |
|    reward             | 707.1952  |
|    std                | 0.057     |
|    value_loss         | 5.16e+06  |
-------------------------------------
EPISODE:  197
------------------------------------
| time/                 |          |
|    fps                | 14       |
|    iterations         | 39200    |
|    time_elapsed       | 13705    |
|    total_timesteps    | 196000   |
| train/                |          |
|    entropy_loss       | 3.16     |
|    explained_variance | 0        |
|    learning_rate      | 0.0007   |
|    n_updates          | 39199    |
|    policy_loss        | -627     |
|    reward             | 35.67802 |
|    std                | 0.0566   |
|    value_loss         | 4.66e+04 |
------------------------------------
-------------------------------------
| time/                 |           |
|    fps                | 14        |
|    iterations         | 39300     |
|    time_elapsed       | 13739     |
|    total_timesteps    | 196500    |
| train/                |           |
|    entropy_loss       | 3.18      |
|    explained_variance | 0         |
|    learning_rate      | 0.0007    |
|    n_updates          | 39299     |
|    policy_loss        | -6.62e+03 |
|    reward             | 707.1952  |
|    std                | 0.0559    |
|    value_loss         | 5.16e+06  |
-------------------------------------
EPISODE:  198
-------------------------------------
| time/                 |           |
|    fps                | 14        |
|    iterations         | 39400     |
|    time_elapsed       | 13774     |
|    total_timesteps    | 197000    |
| train/                |           |
|    entropy_loss       | 3.2       |
|    explained_variance | -1.19e-07 |
|    learning_rate      | 0.0007    |
|    n_updates          | 39399     |
|    policy_loss        | -481      |
|    reward             | 35.67802  |
|    std                | 0.0555    |
|    value_loss         | 4.65e+04  |
-------------------------------------
-------------------------------------
| time/                 |           |
|    fps                | 14        |
|    iterations         | 39500     |
|    time_elapsed       | 13809     |
|    total_timesteps    | 197500    |
| train/                |           |
|    entropy_loss       | 3.22      |
|    explained_variance | 0         |
|    learning_rate      | 0.0007    |
|    n_updates          | 39499     |
|    policy_loss        | -5.63e+03 |
|    reward             | 707.1952  |
|    std                | 0.0549    |
|    value_loss         | 5.16e+06  |
-------------------------------------
EPISODE:  199
------------------------------------
| time/                 |          |
|    fps                | 14       |
|    iterations         | 39600    |
|    time_elapsed       | 13844    |
|    total_timesteps    | 198000   |
| train/                |          |
|    entropy_loss       | 3.23     |
|    explained_variance | 0        |
|    learning_rate      | 0.0007   |
|    n_updates          | 39599    |
|    policy_loss        | -714     |
|    reward             | 35.67802 |
|    std                | 0.0548   |
|    value_loss         | 4.64e+04 |
------------------------------------
-------------------------------------
| time/                 |           |
|    fps                | 14        |
|    iterations         | 39700     |
|    time_elapsed       | 13879     |
|    total_timesteps    | 198500    |
| train/                |           |
|    entropy_loss       | 3.26      |
|    explained_variance | 0         |
|    learning_rate      | 0.0007    |
|    n_updates          | 39699     |
|    policy_loss        | -5.97e+03 |
|    reward             | 707.1952  |
|    std                | 0.0542    |
|    value_loss         | 5.16e+06  |
-------------------------------------
EPISODE:  200
------------------------------------
| time/                 |          |
|    fps                | 14       |
|    iterations         | 39800    |
|    time_elapsed       | 13914    |
|    total_timesteps    | 199000   |
| train/                |          |
|    entropy_loss       | 3.28     |
|    explained_variance | 0        |
|    learning_rate      | 0.0007   |
|    n_updates          | 39799    |
|    policy_loss        | -597     |
|    reward             | 35.67802 |
|    std                | 0.0539   |
|    value_loss         | 4.63e+04 |
------------------------------------
-------------------------------------
| time/                 |           |
|    fps                | 14        |
|    iterations         | 39900     |
|    time_elapsed       | 13949     |
|    total_timesteps    | 199500    |
| train/                |           |
|    entropy_loss       | 3.3       |
|    explained_variance | 0         |
|    learning_rate      | 0.0007    |
|    n_updates          | 39899     |
|    policy_loss        | -5.86e+03 |
|    reward             | 707.1952  |
|    std                | 0.0533    |
|    value_loss         | 5.16e+06  |
-------------------------------------
EPISODE:  201
------------------------------------
| time/                 |          |
|    fps                | 14       |
|    iterations         | 40000    |
|    time_elapsed       | 13984    |
|    total_timesteps    | 200000   |
| train/                |          |
|    entropy_loss       | 3.33     |
|    explained_variance | 0        |
|    learning_rate      | 0.0007   |
|    n_updates          | 39999    |
|    policy_loss        | -671     |
|    reward             | 35.67802 |
|    std                | 0.0529   |
|    value_loss         | 4.62e+04 |
------------------------------------
-------------------------------------
| time/                 |           |
|    fps                | 14        |
|    iterations         | 40100     |
|    time_elapsed       | 14019     |
|    total_timesteps    | 200500    |
| train/                |           |
|    entropy_loss       | 3.34      |
|    explained_variance | 1.79e-07  |
|    learning_rate      | 0.0007    |
|    n_updates          | 40099     |
|    policy_loss        | -7.97e+03 |
|    reward             | 707.1952  |
|    std                | 0.0526    |
|    value_loss         | 5.16e+06  |
-------------------------------------
EPISODE:  202
------------------------------------
| time/                 |          |
|    fps                | 14       |
|    iterations         | 40200    |
|    time_elapsed       | 14054    |
|    total_timesteps    | 201000   |
| train/                |          |
|    entropy_loss       | 3.35     |
|    explained_variance | 1.19e-07 |
|    learning_rate      | 0.0007   |
|    n_updates          | 40199    |
|    policy_loss        | -473     |
|    reward             | 35.67802 |
|    std                | 0.0526   |
|    value_loss         | 4.61e+04 |
------------------------------------
-------------------------------------
| time/                 |           |
|    fps                | 14        |
|    iterations         | 40300     |
|    time_elapsed       | 14089     |
|    total_timesteps    | 201500    |
| train/                |           |
|    entropy_loss       | 3.35      |
|    explained_variance | 0         |
|    learning_rate      | 0.0007    |
|    n_updates          | 40299     |
|    policy_loss        | -6.25e+03 |
|    reward             | 707.1952  |
|    std                | 0.0528    |
|    value_loss         | 5.16e+06  |
-------------------------------------
EPISODE:  203
------------------------------------
| time/                 |          |
|    fps                | 14       |
|    iterations         | 40400    |
|    time_elapsed       | 14124    |
|    total_timesteps    | 202000   |
| train/                |          |
|    entropy_loss       | 3.38     |
|    explained_variance | 0        |
|    learning_rate      | 0.0007   |
|    n_updates          | 40399    |
|    policy_loss        | -747     |
|    reward             | 35.67802 |
|    std                | 0.052    |
|    value_loss         | 4.6e+04  |
------------------------------------
-------------------------------------
| time/                 |           |
|    fps                | 14        |
|    iterations         | 40500     |
|    time_elapsed       | 14158     |
|    total_timesteps    | 202500    |
| train/                |           |
|    entropy_loss       | 3.4       |
|    explained_variance | -1.19e-07 |
|    learning_rate      | 0.0007    |
|    n_updates          | 40499     |
|    policy_loss        | -4.62e+03 |
|    reward             | 707.1952  |
|    std                | 0.0518    |
|    value_loss         | 5.16e+06  |
-------------------------------------
EPISODE:  204
------------------------------------
| time/                 |          |
|    fps                | 14       |
|    iterations         | 40600    |
|    time_elapsed       | 14193    |
|    total_timesteps    | 203000   |
| train/                |          |
|    entropy_loss       | 3.42     |
|    explained_variance | 1.19e-07 |
|    learning_rate      | 0.0007   |
|    n_updates          | 40599    |
|    policy_loss        | -676     |
|    reward             | 35.67802 |
|    std                | 0.0511   |
|    value_loss         | 4.59e+04 |
------------------------------------
-------------------------------------
| time/                 |           |
|    fps                | 14        |
|    iterations         | 40700     |
|    time_elapsed       | 14229     |
|    total_timesteps    | 203500    |
| train/                |           |
|    entropy_loss       | 3.46      |
|    explained_variance | 1.19e-07  |
|    learning_rate      | 0.0007    |
|    n_updates          | 40699     |
|    policy_loss        | -5.82e+03 |
|    reward             | 707.1952  |
|    std                | 0.0503    |
|    value_loss         | 5.15e+06  |
-------------------------------------
EPISODE:  205
------------------------------------
| time/                 |          |
|    fps                | 14       |
|    iterations         | 40800    |
|    time_elapsed       | 14264    |
|    total_timesteps    | 204000   |
| train/                |          |
|    entropy_loss       | 3.47     |
|    explained_variance | 0        |
|    learning_rate      | 0.0007   |
|    n_updates          | 40799    |
|    policy_loss        | -632     |
|    reward             | 35.67802 |
|    std                | 0.0501   |
|    value_loss         | 4.59e+04 |
------------------------------------
-------------------------------------
| time/                 |           |
|    fps                | 14        |
|    iterations         | 40900     |
|    time_elapsed       | 14299     |
|    total_timesteps    | 204500    |
| train/                |           |
|    entropy_loss       | 3.5       |
|    explained_variance | 0         |
|    learning_rate      | 0.0007    |
|    n_updates          | 40899     |
|    policy_loss        | -7.64e+03 |
|    reward             | 707.1952  |
|    std                | 0.0496    |
|    value_loss         | 5.15e+06  |
-------------------------------------
EPISODE:  206
------------------------------------
| time/                 |          |
|    fps                | 14       |
|    iterations         | 41000    |
|    time_elapsed       | 14334    |
|    total_timesteps    | 205000   |
| train/                |          |
|    entropy_loss       | 3.53     |
|    explained_variance | 1.19e-07 |
|    learning_rate      | 0.0007   |
|    n_updates          | 40999    |
|    policy_loss        | -680     |
|    reward             | 35.67802 |
|    std                | 0.0492   |
|    value_loss         | 4.58e+04 |
------------------------------------
------------------------------------
| time/                 |          |
|    fps                | 14       |
|    iterations         | 41100    |
|    time_elapsed       | 14369    |
|    total_timesteps    | 205500   |
| train/                |          |
|    entropy_loss       | 3.54     |
|    explained_variance | 0        |
|    learning_rate      | 0.0007   |
|    n_updates          | 41099    |
|    policy_loss        | -7.8e+03 |
|    reward             | 707.1952 |
|    std                | 0.0488   |
|    value_loss         | 5.15e+06 |
------------------------------------
EPISODE:  207
------------------------------------
| time/                 |          |
|    fps                | 14       |
|    iterations         | 41200    |
|    time_elapsed       | 14404    |
|    total_timesteps    | 206000   |
| train/                |          |
|    entropy_loss       | 3.59     |
|    explained_variance | 0        |
|    learning_rate      | 0.0007   |
|    n_updates          | 41199    |
|    policy_loss        | -704     |
|    reward             | 35.67802 |
|    std                | 0.0478   |
|    value_loss         | 4.57e+04 |
------------------------------------
-------------------------------------
| time/                 |           |
|    fps                | 14        |
|    iterations         | 41300     |
|    time_elapsed       | 14439     |
|    total_timesteps    | 206500    |
| train/                |           |
|    entropy_loss       | 3.61      |
|    explained_variance | -2.38e-07 |
|    learning_rate      | 0.0007    |
|    n_updates          | 41299     |
|    policy_loss        | -7.63e+03 |
|    reward             | 707.1952  |
|    std                | 0.0472    |
|    value_loss         | 5.15e+06  |
-------------------------------------
EPISODE:  208
------------------------------------
| time/                 |          |
|    fps                | 14       |
|    iterations         | 41400    |
|    time_elapsed       | 14474    |
|    total_timesteps    | 207000   |
| train/                |          |
|    entropy_loss       | 3.62     |
|    explained_variance | 0        |
|    learning_rate      | 0.0007   |
|    n_updates          | 41399    |
|    policy_loss        | -847     |
|    reward             | 35.67802 |
|    std                | 0.047    |
|    value_loss         | 4.56e+04 |
------------------------------------
-------------------------------------
| time/                 |           |
|    fps                | 14        |
|    iterations         | 41500     |
|    time_elapsed       | 14509     |
|    total_timesteps    | 207500    |
| train/                |           |
|    entropy_loss       | 3.65      |
|    explained_variance | -1.19e-07 |
|    learning_rate      | 0.0007    |
|    n_updates          | 41499     |
|    policy_loss        | -6.7e+03  |
|    reward             | 707.1952  |
|    std                | 0.0467    |
|    value_loss         | 5.15e+06  |
-------------------------------------
EPISODE:  209
------------------------------------
| time/                 |          |
|    fps                | 14       |
|    iterations         | 41600    |
|    time_elapsed       | 14544    |
|    total_timesteps    | 208000   |
| train/                |          |
|    entropy_loss       | 3.67     |
|    explained_variance | 0        |
|    learning_rate      | 0.0007   |
|    n_updates          | 41599    |
|    policy_loss        | -666     |
|    reward             | 35.67802 |
|    std                | 0.0462   |
|    value_loss         | 4.55e+04 |
------------------------------------
-------------------------------------
| time/                 |           |
|    fps                | 14        |
|    iterations         | 41700     |
|    time_elapsed       | 14579     |
|    total_timesteps    | 208500    |
| train/                |           |
|    entropy_loss       | 3.68      |
|    explained_variance | 0         |
|    learning_rate      | 0.0007    |
|    n_updates          | 41699     |
|    policy_loss        | -6.84e+03 |
|    reward             | 707.1952  |
|    std                | 0.0459    |
|    value_loss         | 5.15e+06  |
-------------------------------------
EPISODE:  210
------------------------------------
| time/                 |          |
|    fps                | 14       |
|    iterations         | 41800    |
|    time_elapsed       | 14614    |
|    total_timesteps    | 209000   |
| train/                |          |
|    entropy_loss       | 3.7      |
|    explained_variance | 0        |
|    learning_rate      | 0.0007   |
|    n_updates          | 41799    |
|    policy_loss        | -778     |
|    reward             | 35.67802 |
|    std                | 0.0456   |
|    value_loss         | 4.54e+04 |
------------------------------------
-------------------------------------
| time/                 |           |
|    fps                | 14        |
|    iterations         | 41900     |
|    time_elapsed       | 14649     |
|    total_timesteps    | 209500    |
| train/                |           |
|    entropy_loss       | 3.72      |
|    explained_variance | 0         |
|    learning_rate      | 0.0007    |
|    n_updates          | 41899     |
|    policy_loss        | -8.68e+03 |
|    reward             | 707.1952  |
|    std                | 0.0454    |
|    value_loss         | 5.15e+06  |
-------------------------------------
EPISODE:  211
------------------------------------
| time/                 |          |
|    fps                | 14       |
|    iterations         | 42000    |
|    time_elapsed       | 14684    |
|    total_timesteps    | 210000   |
| train/                |          |
|    entropy_loss       | 3.73     |
|    explained_variance | 0        |
|    learning_rate      | 0.0007   |
|    n_updates          | 41999    |
|    policy_loss        | -718     |
|    reward             | 35.67802 |
|    std                | 0.0453   |
|    value_loss         | 4.53e+04 |
------------------------------------
-------------------------------------
| time/                 |           |
|    fps                | 14        |
|    iterations         | 42100     |
|    time_elapsed       | 14719     |
|    total_timesteps    | 210500    |
| train/                |           |
|    entropy_loss       | 3.76      |
|    explained_variance | -1.19e-07 |
|    learning_rate      | 0.0007    |
|    n_updates          | 42099     |
|    policy_loss        | -8.8e+03  |
|    reward             | 707.1952  |
|    std                | 0.0446    |
|    value_loss         | 5.15e+06  |
-------------------------------------
EPISODE:  212
------------------------------------
| time/                 |          |
|    fps                | 14       |
|    iterations         | 42200    |
|    time_elapsed       | 14754    |
|    total_timesteps    | 211000   |
| train/                |          |
|    entropy_loss       | 3.78     |
|    explained_variance | 0        |
|    learning_rate      | 0.0007   |
|    n_updates          | 42199    |
|    policy_loss        | -696     |
|    reward             | 35.67802 |
|    std                | 0.0444   |
|    value_loss         | 4.53e+04 |
------------------------------------
-------------------------------------
| time/                 |           |
|    fps                | 14        |
|    iterations         | 42300     |
|    time_elapsed       | 14789     |
|    total_timesteps    | 211500    |
| train/                |           |
|    entropy_loss       | 3.8       |
|    explained_variance | 0         |
|    learning_rate      | 0.0007    |
|    n_updates          | 42299     |
|    policy_loss        | -5.73e+03 |
|    reward             | 707.1952  |
|    std                | 0.0437    |
|    value_loss         | 5.15e+06  |
-------------------------------------
EPISODE:  213
------------------------------------
| time/                 |          |
|    fps                | 14       |
|    iterations         | 42400    |
|    time_elapsed       | 14824    |
|    total_timesteps    | 212000   |
| train/                |          |
|    entropy_loss       | 3.84     |
|    explained_variance | 0        |
|    learning_rate      | 0.0007   |
|    n_updates          | 42399    |
|    policy_loss        | -691     |
|    reward             | 35.67802 |
|    std                | 0.043    |
|    value_loss         | 4.52e+04 |
------------------------------------
-------------------------------------
| time/                 |           |
|    fps                | 14        |
|    iterations         | 42500     |
|    time_elapsed       | 14859     |
|    total_timesteps    | 212500    |
| train/                |           |
|    entropy_loss       | 3.85      |
|    explained_variance | -1.19e-07 |
|    learning_rate      | 0.0007    |
|    n_updates          | 42499     |
|    policy_loss        | -8.31e+03 |
|    reward             | 707.1952  |
|    std                | 0.0426    |
|    value_loss         | 5.15e+06  |
-------------------------------------
EPISODE:  214
------------------------------------
| time/                 |          |
|    fps                | 14       |
|    iterations         | 42600    |
|    time_elapsed       | 14894    |
|    total_timesteps    | 213000   |
| train/                |          |
|    entropy_loss       | 3.88     |
|    explained_variance | 0        |
|    learning_rate      | 0.0007   |
|    n_updates          | 42599    |
|    policy_loss        | -794     |
|    reward             | 35.67802 |
|    std                | 0.0421   |
|    value_loss         | 4.51e+04 |
------------------------------------
-------------------------------------
| time/                 |           |
|    fps                | 14        |
|    iterations         | 42700     |
|    time_elapsed       | 14928     |
|    total_timesteps    | 213500    |
| train/                |           |
|    entropy_loss       | 3.89      |
|    explained_variance | 0         |
|    learning_rate      | 0.0007    |
|    n_updates          | 42699     |
|    policy_loss        | -8.22e+03 |
|    reward             | 707.1952  |
|    std                | 0.0419    |
|    value_loss         | 5.15e+06  |
-------------------------------------
EPISODE:  215
------------------------------------
| time/                 |          |
|    fps                | 14       |
|    iterations         | 42800    |
|    time_elapsed       | 14963    |
|    total_timesteps    | 214000   |
| train/                |          |
|    entropy_loss       | 3.91     |
|    explained_variance | 0        |
|    learning_rate      | 0.0007   |
|    n_updates          | 42799    |
|    policy_loss        | -676     |
|    reward             | 35.67802 |
|    std                | 0.0417   |
|    value_loss         | 4.5e+04  |
------------------------------------
-------------------------------------
| time/                 |           |
|    fps                | 14        |
|    iterations         | 42900     |
|    time_elapsed       | 14998     |
|    total_timesteps    | 214500    |
| train/                |           |
|    entropy_loss       | 3.91      |
|    explained_variance | -2.38e-07 |
|    learning_rate      | 0.0007    |
|    n_updates          | 42899     |
|    policy_loss        | -8.7e+03  |
|    reward             | 707.1952  |
|    std                | 0.0418    |
|    value_loss         | 5.14e+06  |
-------------------------------------
EPISODE:  216
------------------------------------
| time/                 |          |
|    fps                | 14       |
|    iterations         | 43000    |
|    time_elapsed       | 15033    |
|    total_timesteps    | 215000   |
| train/                |          |
|    entropy_loss       | 3.93     |
|    explained_variance | 0        |
|    learning_rate      | 0.0007   |
|    n_updates          | 42999    |
|    policy_loss        | -813     |
|    reward             | 35.67802 |
|    std                | 0.0413   |
|    value_loss         | 4.49e+04 |
------------------------------------
------------------------------------
| time/                 |          |
|    fps                | 14       |
|    iterations         | 43100    |
|    time_elapsed       | 15068    |
|    total_timesteps    | 215500   |
| train/                |          |
|    entropy_loss       | 3.95     |
|    explained_variance | 0        |
|    learning_rate      | 0.0007   |
|    n_updates          | 43099    |
|    policy_loss        | -8.3e+03 |
|    reward             | 707.1952 |
|    std                | 0.0411   |
|    value_loss         | 5.14e+06 |
------------------------------------
EPISODE:  217
------------------------------------
| time/                 |          |
|    fps                | 14       |
|    iterations         | 43200    |
|    time_elapsed       | 15103    |
|    total_timesteps    | 216000   |
| train/                |          |
|    entropy_loss       | 3.96     |
|    explained_variance | 0        |
|    learning_rate      | 0.0007   |
|    n_updates          | 43199    |
|    policy_loss        | -817     |
|    reward             | 35.67802 |
|    std                | 0.041    |
|    value_loss         | 4.48e+04 |
------------------------------------
-------------------------------------
| time/                 |           |
|    fps                | 14        |
|    iterations         | 43300     |
|    time_elapsed       | 15139     |
|    total_timesteps    | 216500    |
| train/                |           |
|    entropy_loss       | 3.99      |
|    explained_variance | 1.19e-07  |
|    learning_rate      | 0.0007    |
|    n_updates          | 43299     |
|    policy_loss        | -8.45e+03 |
|    reward             | 707.1952  |
|    std                | 0.0405    |
|    value_loss         | 5.14e+06  |
-------------------------------------
EPISODE:  218
------------------------------------
| time/                 |          |
|    fps                | 14       |
|    iterations         | 43400    |
|    time_elapsed       | 15174    |
|    total_timesteps    | 217000   |
| train/                |          |
|    entropy_loss       | 4.02     |
|    explained_variance | 0        |
|    learning_rate      | 0.0007   |
|    n_updates          | 43399    |
|    policy_loss        | -723     |
|    reward             | 35.67802 |
|    std                | 0.0399   |
|    value_loss         | 4.48e+04 |
------------------------------------
-------------------------------------
| time/                 |           |
|    fps                | 14        |
|    iterations         | 43500     |
|    time_elapsed       | 15209     |
|    total_timesteps    | 217500    |
| train/                |           |
|    entropy_loss       | 4.06      |
|    explained_variance | 0         |
|    learning_rate      | 0.0007    |
|    n_updates          | 43499     |
|    policy_loss        | -7.47e+03 |
|    reward             | 707.1952  |
|    std                | 0.0392    |
|    value_loss         | 5.14e+06  |
-------------------------------------
EPISODE:  219
------------------------------------
| time/                 |          |
|    fps                | 14       |
|    iterations         | 43600    |
|    time_elapsed       | 15244    |
|    total_timesteps    | 218000   |
| train/                |          |
|    entropy_loss       | 4.08     |
|    explained_variance | 0        |
|    learning_rate      | 0.0007   |
|    n_updates          | 43599    |
|    policy_loss        | -824     |
|    reward             | 35.67802 |
|    std                | 0.0387   |
|    value_loss         | 4.47e+04 |
------------------------------------
-------------------------------------
| time/                 |           |
|    fps                | 14        |
|    iterations         | 43700     |
|    time_elapsed       | 15279     |
|    total_timesteps    | 218500    |
| train/                |           |
|    entropy_loss       | 4.08      |
|    explained_variance | 0         |
|    learning_rate      | 0.0007    |
|    n_updates          | 43699     |
|    policy_loss        | -8.15e+03 |
|    reward             | 707.1952  |
|    std                | 0.0387    |
|    value_loss         | 5.14e+06  |
-------------------------------------
EPISODE:  220
------------------------------------
| time/                 |          |
|    fps                | 14       |
|    iterations         | 43800    |
|    time_elapsed       | 15314    |
|    total_timesteps    | 219000   |
| train/                |          |
|    entropy_loss       | 4.1      |
|    explained_variance | 0        |
|    learning_rate      | 0.0007   |
|    n_updates          | 43799    |
|    policy_loss        | -580     |
|    reward             | 35.67802 |
|    std                | 0.0384   |
|    value_loss         | 4.46e+04 |
------------------------------------
-------------------------------------
| time/                 |           |
|    fps                | 14        |
|    iterations         | 43900     |
|    time_elapsed       | 15349     |
|    total_timesteps    | 219500    |
| train/                |           |
|    entropy_loss       | 4.1       |
|    explained_variance | 1.19e-07  |
|    learning_rate      | 0.0007    |
|    n_updates          | 43899     |
|    policy_loss        | -9.18e+03 |
|    reward             | 707.1952  |
|    std                | 0.0384    |
|    value_loss         | 5.14e+06  |
-------------------------------------
EPISODE:  221
------------------------------------
| time/                 |          |
|    fps                | 14       |
|    iterations         | 44000    |
|    time_elapsed       | 15384    |
|    total_timesteps    | 220000   |
| train/                |          |
|    entropy_loss       | 4.12     |
|    explained_variance | 0        |
|    learning_rate      | 0.0007   |
|    n_updates          | 43999    |
|    policy_loss        | -795     |
|    reward             | 35.67802 |
|    std                | 0.0379   |
|    value_loss         | 4.45e+04 |
------------------------------------
-------------------------------------
| time/                 |           |
|    fps                | 14        |
|    iterations         | 44100     |
|    time_elapsed       | 15419     |
|    total_timesteps    | 220500    |
| train/                |           |
|    entropy_loss       | 4.13      |
|    explained_variance | 0         |
|    learning_rate      | 0.0007    |
|    n_updates          | 44099     |
|    policy_loss        | -8.43e+03 |
|    reward             | 707.1952  |
|    std                | 0.0377    |
|    value_loss         | 5.14e+06  |
-------------------------------------
EPISODE:  222
------------------------------------
| time/                 |          |
|    fps                | 14       |
|    iterations         | 44200    |
|    time_elapsed       | 15454    |
|    total_timesteps    | 221000   |
| train/                |          |
|    entropy_loss       | 4.15     |
|    explained_variance | 0        |
|    learning_rate      | 0.0007   |
|    n_updates          | 44199    |
|    policy_loss        | -711     |
|    reward             | 35.67802 |
|    std                | 0.0373   |
|    value_loss         | 4.44e+04 |
------------------------------------
-------------------------------------
| time/                 |           |
|    fps                | 14        |
|    iterations         | 44300     |
|    time_elapsed       | 15489     |
|    total_timesteps    | 221500    |
| train/                |           |
|    entropy_loss       | 4.16      |
|    explained_variance | 0         |
|    learning_rate      | 0.0007    |
|    n_updates          | 44299     |
|    policy_loss        | -1.01e+04 |
|    reward             | 707.1952  |
|    std                | 0.0372    |
|    value_loss         | 5.14e+06  |
-------------------------------------
EPISODE:  223
------------------------------------
| time/                 |          |
|    fps                | 14       |
|    iterations         | 44400    |
|    time_elapsed       | 15524    |
|    total_timesteps    | 222000   |
| train/                |          |
|    entropy_loss       | 4.19     |
|    explained_variance | 0        |
|    learning_rate      | 0.0007   |
|    n_updates          | 44399    |
|    policy_loss        | -798     |
|    reward             | 35.67802 |
|    std                | 0.0368   |
|    value_loss         | 4.44e+04 |
------------------------------------
-------------------------------------
| time/                 |           |
|    fps                | 14        |
|    iterations         | 44500     |
|    time_elapsed       | 15559     |
|    total_timesteps    | 222500    |
| train/                |           |
|    entropy_loss       | 4.21      |
|    explained_variance | 0         |
|    learning_rate      | 0.0007    |
|    n_updates          | 44499     |
|    policy_loss        | -9.43e+03 |
|    reward             | 707.1952  |
|    std                | 0.0363    |
|    value_loss         | 5.14e+06  |
-------------------------------------
EPISODE:  224
-------------------------------------
| time/                 |           |
|    fps                | 14        |
|    iterations         | 44600     |
|    time_elapsed       | 15594     |
|    total_timesteps    | 223000    |
| train/                |           |
|    entropy_loss       | 4.21      |
|    explained_variance | 0         |
|    learning_rate      | 0.0007    |
|    n_updates          | 44599     |
|    policy_loss        | -920      |
|    reward             | 36.066227 |
|    std                | 0.0362    |
|    value_loss         | 4.55e+04  |
-------------------------------------
-------------------------------------
| time/                 |           |
|    fps                | 14        |
|    iterations         | 44700     |
|    time_elapsed       | 15628     |
|    total_timesteps    | 223500    |
| train/                |           |
|    entropy_loss       | 4.25      |
|    explained_variance | 0         |
|    learning_rate      | 0.0007    |
|    n_updates          | 44699     |
|    policy_loss        | -9.14e+03 |
|    reward             | 707.21704 |
|    std                | 0.0356    |
|    value_loss         | 5.14e+06  |
-------------------------------------
EPISODE:  225
-------------------------------------
| time/                 |           |
|    fps                | 14        |
|    iterations         | 44800     |
|    time_elapsed       | 15663     |
|    total_timesteps    | 224000    |
| train/                |           |
|    entropy_loss       | 4.28      |
|    explained_variance | 1.19e-07  |
|    learning_rate      | 0.0007    |
|    n_updates          | 44799     |
|    policy_loss        | -889      |
|    reward             | 36.976032 |
|    std                | 0.0353    |
|    value_loss         | 4.84e+04  |
-------------------------------------
-------------------------------------
| time/                 |           |
|    fps                | 14        |
|    iterations         | 44900     |
|    time_elapsed       | 15698     |
|    total_timesteps    | 224500    |
| train/                |           |
|    entropy_loss       | 4.29      |
|    explained_variance | 0         |
|    learning_rate      | 0.0007    |
|    n_updates          | 44899     |
|    policy_loss        | -1.04e+04 |
|    reward             | 791.821   |
|    std                | 0.0352    |
|    value_loss         | 6.43e+06  |
-------------------------------------
EPISODE:  226
-------------------------------------
| time/                 |           |
|    fps                | 14        |
|    iterations         | 45000     |
|    time_elapsed       | 15733     |
|    total_timesteps    | 225000    |
| train/                |           |
|    entropy_loss       | 4.33      |
|    explained_variance | 0         |
|    learning_rate      | 0.0007    |
|    n_updates          | 44999     |
|    policy_loss        | -3.25e+03 |
|    reward             | 161.12212 |
|    std                | 0.0345    |
|    value_loss         | 5.61e+05  |
-------------------------------------
-------------------------------------
| time/                 |           |
|    fps                | 14        |
|    iterations         | 45100     |
|    time_elapsed       | 15768     |
|    total_timesteps    | 225500    |
| train/                |           |
|    entropy_loss       | 4.35      |
|    explained_variance | 0         |
|    learning_rate      | 0.0007    |
|    n_updates          | 45099     |
|    policy_loss        | -1.14e+04 |
|    reward             | 829.81805 |
|    std                | 0.0344    |
|    value_loss         | 7.08e+06  |
-------------------------------------
EPISODE:  227
-------------------------------------
| time/                 |           |
|    fps                | 14        |
|    iterations         | 45200     |
|    time_elapsed       | 15803     |
|    total_timesteps    | 226000    |
| train/                |           |
|    entropy_loss       | 4.36      |
|    explained_variance | 0         |
|    learning_rate      | 0.0007    |
|    n_updates          | 45199     |
|    policy_loss        | -3.2e+03  |
|    reward             | 170.47614 |
|    std                | 0.0343    |
|    value_loss         | 6.33e+05  |
-------------------------------------
-------------------------------------
| time/                 |           |
|    fps                | 14        |
|    iterations         | 45300     |
|    time_elapsed       | 15838     |
|    total_timesteps    | 226500    |
| train/                |           |
|    entropy_loss       | 4.36      |
|    explained_variance | 1.19e-07  |
|    learning_rate      | 0.0007    |
|    n_updates          | 45299     |
|    policy_loss        | -9.01e+03 |
|    reward             | 829.81805 |
|    std                | 0.0344    |
|    value_loss         | 7.08e+06  |
-------------------------------------
EPISODE:  228
-------------------------------------
| time/                 |           |
|    fps                | 14        |
|    iterations         | 45400     |
|    time_elapsed       | 15873     |
|    total_timesteps    | 227000    |
| train/                |           |
|    entropy_loss       | 4.39      |
|    explained_variance | 0         |
|    learning_rate      | 0.0007    |
|    n_updates          | 45399     |
|    policy_loss        | -2.9e+03  |
|    reward             | 170.47614 |
|    std                | 0.0341    |
|    value_loss         | 6.33e+05  |
-------------------------------------
-------------------------------------
| time/                 |           |
|    fps                | 14        |
|    iterations         | 45500     |
|    time_elapsed       | 15908     |
|    total_timesteps    | 227500    |
| train/                |           |
|    entropy_loss       | 4.41      |
|    explained_variance | 1.19e-07  |
|    learning_rate      | 0.0007    |
|    n_updates          | 45499     |
|    policy_loss        | -9.35e+03 |
|    reward             | 829.81805 |
|    std                | 0.0338    |
|    value_loss         | 7.08e+06  |
-------------------------------------
EPISODE:  229
-------------------------------------
| time/                 |           |
|    fps                | 14        |
|    iterations         | 45600     |
|    time_elapsed       | 15943     |
|    total_timesteps    | 228000    |
| train/                |           |
|    entropy_loss       | 4.44      |
|    explained_variance | 0         |
|    learning_rate      | 0.0007    |
|    n_updates          | 45599     |
|    policy_loss        | -3.14e+03 |
|    reward             | 170.47614 |
|    std                | 0.0335    |
|    value_loss         | 6.33e+05  |
-------------------------------------
-------------------------------------
| time/                 |           |
|    fps                | 14        |
|    iterations         | 45700     |
|    time_elapsed       | 15978     |
|    total_timesteps    | 228500    |
| train/                |           |
|    entropy_loss       | 4.45      |
|    explained_variance | 0         |
|    learning_rate      | 0.0007    |
|    n_updates          | 45699     |
|    policy_loss        | -1.18e+04 |
|    reward             | 829.81805 |
|    std                | 0.0332    |
|    value_loss         | 7.08e+06  |
-------------------------------------
EPISODE:  230
-------------------------------------
| time/                 |           |
|    fps                | 14        |
|    iterations         | 45800     |
|    time_elapsed       | 16013     |
|    total_timesteps    | 229000    |
| train/                |           |
|    entropy_loss       | 4.47      |
|    explained_variance | 0         |
|    learning_rate      | 0.0007    |
|    n_updates          | 45799     |
|    policy_loss        | -3.13e+03 |
|    reward             | 170.47614 |
|    std                | 0.0332    |
|    value_loss         | 6.32e+05  |
-------------------------------------
-------------------------------------
| time/                 |           |
|    fps                | 14        |
|    iterations         | 45900     |
|    time_elapsed       | 16048     |
|    total_timesteps    | 229500    |
| train/                |           |
|    entropy_loss       | 4.49      |
|    explained_variance | 0         |
|    learning_rate      | 0.0007    |
|    n_updates          | 45899     |
|    policy_loss        | -1.12e+04 |
|    reward             | 829.81805 |
|    std                | 0.033     |
|    value_loss         | 7.08e+06  |
-------------------------------------
EPISODE:  231
-------------------------------------
| time/                 |           |
|    fps                | 14        |
|    iterations         | 46000     |
|    time_elapsed       | 16084     |
|    total_timesteps    | 230000    |
| train/                |           |
|    entropy_loss       | 4.49      |
|    explained_variance | 5.96e-08  |
|    learning_rate      | 0.0007    |
|    n_updates          | 45999     |
|    policy_loss        | -3.44e+03 |
|    reward             | 170.47614 |
|    std                | 0.033     |
|    value_loss         | 6.32e+05  |
-------------------------------------
-------------------------------------
| time/                 |           |
|    fps                | 14        |
|    iterations         | 46100     |
|    time_elapsed       | 16119     |
|    total_timesteps    | 230500    |
| train/                |           |
|    entropy_loss       | 4.5       |
|    explained_variance | -1.19e-07 |
|    learning_rate      | 0.0007    |
|    n_updates          | 46099     |
|    policy_loss        | -9.62e+03 |
|    reward             | 829.81805 |
|    std                | 0.033     |
|    value_loss         | 7.08e+06  |
-------------------------------------
EPISODE:  232
-------------------------------------
| time/                 |           |
|    fps                | 14        |
|    iterations         | 46200     |
|    time_elapsed       | 16154     |
|    total_timesteps    | 231000    |
| train/                |           |
|    entropy_loss       | 4.52      |
|    explained_variance | 0         |
|    learning_rate      | 0.0007    |
|    n_updates          | 46199     |
|    policy_loss        | -3.71e+03 |
|    reward             | 170.47614 |
|    std                | 0.0328    |
|    value_loss         | 6.32e+05  |
-------------------------------------
-------------------------------------
| time/                 |           |
|    fps                | 14        |
|    iterations         | 46300     |
|    time_elapsed       | 16189     |
|    total_timesteps    | 231500    |
| train/                |           |
|    entropy_loss       | 4.54      |
|    explained_variance | 0         |
|    learning_rate      | 0.0007    |
|    n_updates          | 46299     |
|    policy_loss        | -1.01e+04 |
|    reward             | 829.81805 |
|    std                | 0.0325    |
|    value_loss         | 7.07e+06  |
-------------------------------------
EPISODE:  233
-------------------------------------
| time/                 |           |
|    fps                | 14        |
|    iterations         | 46400     |
|    time_elapsed       | 16224     |
|    total_timesteps    | 232000    |
| train/                |           |
|    entropy_loss       | 4.56      |
|    explained_variance | 0         |
|    learning_rate      | 0.0007    |
|    n_updates          | 46399     |
|    policy_loss        | -2.12e+03 |
|    reward             | 170.47614 |
|    std                | 0.0324    |
|    value_loss         | 6.31e+05  |
-------------------------------------
-------------------------------------
| time/                 |           |
|    fps                | 14        |
|    iterations         | 46500     |
|    time_elapsed       | 16259     |
|    total_timesteps    | 232500    |
| train/                |           |
|    entropy_loss       | 4.58      |
|    explained_variance | 0         |
|    learning_rate      | 0.0007    |
|    n_updates          | 46499     |
|    policy_loss        | -9.13e+03 |
|    reward             | 829.81805 |
|    std                | 0.032     |
|    value_loss         | 7.07e+06  |
-------------------------------------
EPISODE:  234
-------------------------------------
| time/                 |           |
|    fps                | 14        |
|    iterations         | 46600     |
|    time_elapsed       | 16294     |
|    total_timesteps    | 233000    |
| train/                |           |
|    entropy_loss       | 4.59      |
|    explained_variance | 0         |
|    learning_rate      | 0.0007    |
|    n_updates          | 46599     |
|    policy_loss        | -3.42e+03 |
|    reward             | 170.47614 |
|    std                | 0.0318    |
|    value_loss         | 6.31e+05  |
-------------------------------------
-------------------------------------
| time/                 |           |
|    fps                | 14        |
|    iterations         | 46700     |
|    time_elapsed       | 16329     |
|    total_timesteps    | 233500    |
| train/                |           |
|    entropy_loss       | 4.58      |
|    explained_variance | -1.19e-07 |
|    learning_rate      | 0.0007    |
|    n_updates          | 46699     |
|    policy_loss        | -1.23e+04 |
|    reward             | 829.81805 |
|    std                | 0.0322    |
|    value_loss         | 7.07e+06  |
-------------------------------------
EPISODE:  235
-------------------------------------
| time/                 |           |
|    fps                | 14        |
|    iterations         | 46800     |
|    time_elapsed       | 16364     |
|    total_timesteps    | 234000    |
| train/                |           |
|    entropy_loss       | 4.61      |
|    explained_variance | 0         |
|    learning_rate      | 0.0007    |
|    n_updates          | 46799     |
|    policy_loss        | -3.45e+03 |
|    reward             | 170.47614 |
|    std                | 0.0318    |
|    value_loss         | 6.31e+05  |
-------------------------------------
-------------------------------------
| time/                 |           |
|    fps                | 14        |
|    iterations         | 46900     |
|    time_elapsed       | 16399     |
|    total_timesteps    | 234500    |
| train/                |           |
|    entropy_loss       | 4.63      |
|    explained_variance | 0         |
|    learning_rate      | 0.0007    |
|    n_updates          | 46899     |
|    policy_loss        | -9.96e+03 |
|    reward             | 829.81805 |
|    std                | 0.0315    |
|    value_loss         | 7.07e+06  |
-------------------------------------
EPISODE:  236
-------------------------------------
| time/                 |           |
|    fps                | 14        |
|    iterations         | 47000     |
|    time_elapsed       | 16433     |
|    total_timesteps    | 235000    |
| train/                |           |
|    entropy_loss       | 4.64      |
|    explained_variance | 0         |
|    learning_rate      | 0.0007    |
|    n_updates          | 46999     |
|    policy_loss        | -2.87e+03 |
|    reward             | 170.47614 |
|    std                | 0.0313    |
|    value_loss         | 6.3e+05   |
-------------------------------------
-------------------------------------
| time/                 |           |
|    fps                | 14        |
|    iterations         | 47100     |
|    time_elapsed       | 16468     |
|    total_timesteps    | 235500    |
| train/                |           |
|    entropy_loss       | 4.66      |
|    explained_variance | 1.19e-07  |
|    learning_rate      | 0.0007    |
|    n_updates          | 47099     |
|    policy_loss        | -9.75e+03 |
|    reward             | 829.81805 |
|    std                | 0.0312    |
|    value_loss         | 7.07e+06  |
-------------------------------------
EPISODE:  237
-------------------------------------
| time/                 |           |
|    fps                | 14        |
|    iterations         | 47200     |
|    time_elapsed       | 16503     |
|    total_timesteps    | 236000    |
| train/                |           |
|    entropy_loss       | 4.7       |
|    explained_variance | 0         |
|    learning_rate      | 0.0007    |
|    n_updates          | 47199     |
|    policy_loss        | -3.22e+03 |
|    reward             | 170.47614 |
|    std                | 0.0306    |
|    value_loss         | 6.3e+05   |
-------------------------------------
-------------------------------------
| time/                 |           |
|    fps                | 14        |
|    iterations         | 47300     |
|    time_elapsed       | 16538     |
|    total_timesteps    | 236500    |
| train/                |           |
|    entropy_loss       | 4.73      |
|    explained_variance | 0         |
|    learning_rate      | 0.0007    |
|    n_updates          | 47299     |
|    policy_loss        | -1.26e+04 |
|    reward             | 829.81805 |
|    std                | 0.0302    |
|    value_loss         | 7.07e+06  |
-------------------------------------
EPISODE:  238
-------------------------------------
| time/                 |           |
|    fps                | 14        |
|    iterations         | 47400     |
|    time_elapsed       | 16573     |
|    total_timesteps    | 237000    |
| train/                |           |
|    entropy_loss       | 4.75      |
|    explained_variance | 0         |
|    learning_rate      | 0.0007    |
|    n_updates          | 47399     |
|    policy_loss        | -3.74e+03 |
|    reward             | 170.47614 |
|    std                | 0.0298    |
|    value_loss         | 6.3e+05   |
-------------------------------------
-------------------------------------
| time/                 |           |
|    fps                | 14        |
|    iterations         | 47500     |
|    time_elapsed       | 16608     |
|    total_timesteps    | 237500    |
| train/                |           |
|    entropy_loss       | 4.76      |
|    explained_variance | 0         |
|    learning_rate      | 0.0007    |
|    n_updates          | 47499     |
|    policy_loss        | -1.27e+04 |
|    reward             | 829.81805 |
|    std                | 0.0297    |
|    value_loss         | 7.07e+06  |
-------------------------------------
EPISODE:  239
-------------------------------------
| time/                 |           |
|    fps                | 14        |
|    iterations         | 47600     |
|    time_elapsed       | 16643     |
|    total_timesteps    | 238000    |
| train/                |           |
|    entropy_loss       | 4.75      |
|    explained_variance | 0         |
|    learning_rate      | 0.0007    |
|    n_updates          | 47599     |
|    policy_loss        | -3.22e+03 |
|    reward             | 170.47614 |
|    std                | 0.0298    |
|    value_loss         | 6.3e+05   |
-------------------------------------
-------------------------------------
| time/                 |           |
|    fps                | 14        |
|    iterations         | 47700     |
|    time_elapsed       | 16678     |
|    total_timesteps    | 238500    |
| train/                |           |
|    entropy_loss       | 4.78      |
|    explained_variance | 1.79e-07  |
|    learning_rate      | 0.0007    |
|    n_updates          | 47699     |
|    policy_loss        | -1.09e+04 |
|    reward             | 829.81805 |
|    std                | 0.0294    |
|    value_loss         | 7.07e+06  |
-------------------------------------
EPISODE:  240
-------------------------------------
| time/                 |           |
|    fps                | 14        |
|    iterations         | 47800     |
|    time_elapsed       | 16713     |
|    total_timesteps    | 239000    |
| train/                |           |
|    entropy_loss       | 4.8       |
|    explained_variance | 0         |
|    learning_rate      | 0.0007    |
|    n_updates          | 47799     |
|    policy_loss        | -3.86e+03 |
|    reward             | 170.47614 |
|    std                | 0.0289    |
|    value_loss         | 6.29e+05  |
-------------------------------------
-------------------------------------
| time/                 |           |
|    fps                | 14        |
|    iterations         | 47900     |
|    time_elapsed       | 16748     |
|    total_timesteps    | 239500    |
| train/                |           |
|    entropy_loss       | 4.83      |
|    explained_variance | 0         |
|    learning_rate      | 0.0007    |
|    n_updates          | 47899     |
|    policy_loss        | -1.19e+04 |
|    reward             | 829.81805 |
|    std                | 0.0287    |
|    value_loss         | 7.07e+06  |
-------------------------------------
EPISODE:  241
-------------------------------------
| time/                 |           |
|    fps                | 14        |
|    iterations         | 48000     |
|    time_elapsed       | 16783     |
|    total_timesteps    | 240000    |
| train/                |           |
|    entropy_loss       | 4.84      |
|    explained_variance | 0         |
|    learning_rate      | 0.0007    |
|    n_updates          | 47999     |
|    policy_loss        | -3.9e+03  |
|    reward             | 170.47614 |
|    std                | 0.0285    |
|    value_loss         | 6.29e+05  |
-------------------------------------
-------------------------------------
| time/                 |           |
|    fps                | 14        |
|    iterations         | 48100     |
|    time_elapsed       | 16818     |
|    total_timesteps    | 240500    |
| train/                |           |
|    entropy_loss       | 4.85      |
|    explained_variance | 1.19e-07  |
|    learning_rate      | 0.0007    |
|    n_updates          | 48099     |
|    policy_loss        | -1.01e+04 |
|    reward             | 829.81805 |
|    std                | 0.0285    |
|    value_loss         | 7.07e+06  |
-------------------------------------
EPISODE:  242
-------------------------------------
| time/                 |           |
|    fps                | 14        |
|    iterations         | 48200     |
|    time_elapsed       | 16853     |
|    total_timesteps    | 241000    |
| train/                |           |
|    entropy_loss       | 4.87      |
|    explained_variance | 0         |
|    learning_rate      | 0.0007    |
|    n_updates          | 48199     |
|    policy_loss        | -3.55e+03 |
|    reward             | 170.47614 |
|    std                | 0.0282    |
|    value_loss         | 6.29e+05  |
-------------------------------------
-------------------------------------
| time/                 |           |
|    fps                | 14        |
|    iterations         | 48300     |
|    time_elapsed       | 16888     |
|    total_timesteps    | 241500    |
| train/                |           |
|    entropy_loss       | 4.89      |
|    explained_variance | 0         |
|    learning_rate      | 0.0007    |
|    n_updates          | 48299     |
|    policy_loss        | -1.18e+04 |
|    reward             | 829.81805 |
|    std                | 0.0281    |
|    value_loss         | 7.06e+06  |
-------------------------------------
EPISODE:  243
-------------------------------------
| time/                 |           |
|    fps                | 14        |
|    iterations         | 48400     |
|    time_elapsed       | 16923     |
|    total_timesteps    | 242000    |
| train/                |           |
|    entropy_loss       | 4.89      |
|    explained_variance | 1.19e-07  |
|    learning_rate      | 0.0007    |
|    n_updates          | 48399     |
|    policy_loss        | -3.84e+03 |
|    reward             | 170.47614 |
|    std                | 0.0281    |
|    value_loss         | 6.28e+05  |
-------------------------------------
-------------------------------------
| time/                 |           |
|    fps                | 14        |
|    iterations         | 48500     |
|    time_elapsed       | 16958     |
|    total_timesteps    | 242500    |
| train/                |           |
|    entropy_loss       | 4.9       |
|    explained_variance | 0         |
|    learning_rate      | 0.0007    |
|    n_updates          | 48499     |
|    policy_loss        | -1.28e+04 |
|    reward             | 829.81805 |
|    std                | 0.0281    |
|    value_loss         | 7.06e+06  |
-------------------------------------
EPISODE:  244
-------------------------------------
| time/                 |           |
|    fps                | 14        |
|    iterations         | 48600     |
|    time_elapsed       | 16994     |
|    total_timesteps    | 243000    |
| train/                |           |
|    entropy_loss       | 4.92      |
|    explained_variance | 0         |
|    learning_rate      | 0.0007    |
|    n_updates          | 48599     |
|    policy_loss        | -3.28e+03 |
|    reward             | 170.47614 |
|    std                | 0.0279    |
|    value_loss         | 6.28e+05  |
-------------------------------------
-------------------------------------
| time/                 |           |
|    fps                | 14        |
|    iterations         | 48700     |
|    time_elapsed       | 17029     |
|    total_timesteps    | 243500    |
| train/                |           |
|    entropy_loss       | 4.94      |
|    explained_variance | -1.19e-07 |
|    learning_rate      | 0.0007    |
|    n_updates          | 48699     |
|    policy_loss        | -1.25e+04 |
|    reward             | 829.81805 |
|    std                | 0.0277    |
|    value_loss         | 7.06e+06  |
-------------------------------------
EPISODE:  245
-------------------------------------
| time/                 |           |
|    fps                | 14        |
|    iterations         | 48800     |
|    time_elapsed       | 17064     |
|    total_timesteps    | 244000    |
| train/                |           |
|    entropy_loss       | 4.97      |
|    explained_variance | 0         |
|    learning_rate      | 0.0007    |
|    n_updates          | 48799     |
|    policy_loss        | -3.23e+03 |
|    reward             | 170.47614 |
|    std                | 0.0274    |
|    value_loss         | 6.28e+05  |
-------------------------------------
-------------------------------------
| time/                 |           |
|    fps                | 14        |
|    iterations         | 48900     |
|    time_elapsed       | 17099     |
|    total_timesteps    | 244500    |
| train/                |           |
|    entropy_loss       | 4.98      |
|    explained_variance | 0         |
|    learning_rate      | 0.0007    |
|    n_updates          | 48899     |
|    policy_loss        | -1.2e+04  |
|    reward             | 829.81805 |
|    std                | 0.0273    |
|    value_loss         | 7.06e+06  |
-------------------------------------
EPISODE:  246
-------------------------------------
| time/                 |           |
|    fps                | 14        |
|    iterations         | 49000     |
|    time_elapsed       | 17134     |
|    total_timesteps    | 245000    |
| train/                |           |
|    entropy_loss       | 4.99      |
|    explained_variance | 0         |
|    learning_rate      | 0.0007    |
|    n_updates          | 48999     |
|    policy_loss        | -3.5e+03  |
|    reward             | 170.47614 |
|    std                | 0.0271    |
|    value_loss         | 6.28e+05  |
-------------------------------------
-------------------------------------
| time/                 |           |
|    fps                | 14        |
|    iterations         | 49100     |
|    time_elapsed       | 17169     |
|    total_timesteps    | 245500    |
| train/                |           |
|    entropy_loss       | 5         |
|    explained_variance | 1.19e-07  |
|    learning_rate      | 0.0007    |
|    n_updates          | 49099     |
|    policy_loss        | -1.23e+04 |
|    reward             | 829.81805 |
|    std                | 0.0271    |
|    value_loss         | 7.06e+06  |
-------------------------------------
EPISODE:  247
-------------------------------------
| time/                 |           |
|    fps                | 14        |
|    iterations         | 49200     |
|    time_elapsed       | 17203     |
|    total_timesteps    | 246000    |
| train/                |           |
|    entropy_loss       | 5         |
|    explained_variance | 0         |
|    learning_rate      | 0.0007    |
|    n_updates          | 49199     |
|    policy_loss        | -3.04e+03 |
|    reward             | 170.47614 |
|    std                | 0.0272    |
|    value_loss         | 6.28e+05  |
-------------------------------------
-------------------------------------
| time/                 |           |
|    fps                | 14        |
|    iterations         | 49300     |
|    time_elapsed       | 17238     |
|    total_timesteps    | 246500    |
| train/                |           |
|    entropy_loss       | 5.01      |
|    explained_variance | -1.19e-07 |
|    learning_rate      | 0.0007    |
|    n_updates          | 49299     |
|    policy_loss        | -1.1e+04  |
|    reward             | 829.81805 |
|    std                | 0.027     |
|    value_loss         | 7.06e+06  |
-------------------------------------
EPISODE:  248
-------------------------------------
| time/                 |           |
|    fps                | 14        |
|    iterations         | 49400     |
|    time_elapsed       | 17273     |
|    total_timesteps    | 247000    |
| train/                |           |
|    entropy_loss       | 5.06      |
|    explained_variance | 0         |
|    learning_rate      | 0.0007    |
|    n_updates          | 49399     |
|    policy_loss        | -3.71e+03 |
|    reward             | 170.47614 |
|    std                | 0.0265    |
|    value_loss         | 6.27e+05  |
-------------------------------------
-------------------------------------
| time/                 |           |
|    fps                | 14        |
|    iterations         | 49500     |
|    time_elapsed       | 17308     |
|    total_timesteps    | 247500    |
| train/                |           |
|    entropy_loss       | 5.08      |
|    explained_variance | 0         |
|    learning_rate      | 0.0007    |
|    n_updates          | 49499     |
|    policy_loss        | -1.31e+04 |
|    reward             | 829.81805 |
|    std                | 0.0263    |
|    value_loss         | 7.06e+06  |
-------------------------------------
EPISODE:  249
-------------------------------------
| time/                 |           |
|    fps                | 14        |
|    iterations         | 49600     |
|    time_elapsed       | 17343     |
|    total_timesteps    | 248000    |
| train/                |           |
|    entropy_loss       | 5.09      |
|    explained_variance | 0         |
|    learning_rate      | 0.0007    |
|    n_updates          | 49599     |
|    policy_loss        | -3.61e+03 |
|    reward             | 170.47614 |
|    std                | 0.0263    |
|    value_loss         | 6.27e+05  |
-------------------------------------
-------------------------------------
| time/                 |           |
|    fps                | 14        |
|    iterations         | 49700     |
|    time_elapsed       | 17378     |
|    total_timesteps    | 248500    |
| train/                |           |
|    entropy_loss       | 5.11      |
|    explained_variance | 0         |
|    learning_rate      | 0.0007    |
|    n_updates          | 49699     |
|    policy_loss        | -1.19e+04 |
|    reward             | 829.81805 |
|    std                | 0.0259    |
|    value_loss         | 7.06e+06  |
-------------------------------------
EPISODE:  250
-------------------------------------
| time/                 |           |
|    fps                | 14        |
|    iterations         | 49800     |
|    time_elapsed       | 17413     |
|    total_timesteps    | 249000    |
| train/                |           |
|    entropy_loss       | 5.12      |
|    explained_variance | 1.19e-07  |
|    learning_rate      | 0.0007    |
|    n_updates          | 49799     |
|    policy_loss        | -3.99e+03 |
|    reward             | 170.47614 |
|    std                | 0.0259    |
|    value_loss         | 6.27e+05  |
-------------------------------------
-------------------------------------
| time/                 |           |
|    fps                | 14        |
|    iterations         | 49900     |
|    time_elapsed       | 17448     |
|    total_timesteps    | 249500    |
| train/                |           |
|    entropy_loss       | 5.14      |
|    explained_variance | 1.19e-07  |
|    learning_rate      | 0.0007    |
|    n_updates          | 49899     |
|    policy_loss        | -1.23e+04 |
|    reward             | 829.81805 |
|    std                | 0.0257    |
|    value_loss         | 7.06e+06  |
-------------------------------------
EPISODE:  251
-------------------------------------
| time/                 |           |
|    fps                | 14        |
|    iterations         | 50000     |
|    time_elapsed       | 17483     |
|    total_timesteps    | 250000    |
| train/                |           |
|    entropy_loss       | 5.15      |
|    explained_variance | 0         |
|    learning_rate      | 0.0007    |
|    n_updates          | 49999     |
|    policy_loss        | -3.3e+03  |
|    reward             | 170.47614 |
|    std                | 0.0255    |
|    value_loss         | 6.26e+05  |
-------------------------------------
-------------------------------------
| time/                 |           |
|    fps                | 14        |
|    iterations         | 50100     |
|    time_elapsed       | 17518     |
|    total_timesteps    | 250500    |
| train/                |           |
|    entropy_loss       | 5.18      |
|    explained_variance | -1.19e-07 |
|    learning_rate      | 0.0007    |
|    n_updates          | 50099     |
|    policy_loss        | -1.01e+04 |
|    reward             | 829.81805 |
|    std                | 0.0255    |
|    value_loss         | 7.06e+06  |
-------------------------------------
EPISODE:  252
-------------------------------------
| time/                 |           |
|    fps                | 14        |
|    iterations         | 50200     |
|    time_elapsed       | 17553     |
|    total_timesteps    | 251000    |
| train/                |           |
|    entropy_loss       | 5.2       |
|    explained_variance | 0         |
|    learning_rate      | 0.0007    |
|    n_updates          | 50199     |
|    policy_loss        | -3e+03    |
|    reward             | 170.47614 |
|    std                | 0.0252    |
|    value_loss         | 6.26e+05  |
-------------------------------------
-------------------------------------
| time/                 |           |
|    fps                | 14        |
|    iterations         | 50300     |
|    time_elapsed       | 17588     |
|    total_timesteps    | 251500    |
| train/                |           |
|    entropy_loss       | 5.21      |
|    explained_variance | 1.79e-07  |
|    learning_rate      | 0.0007    |
|    n_updates          | 50299     |
|    policy_loss        | -1.28e+04 |
|    reward             | 829.81805 |
|    std                | 0.0252    |
|    value_loss         | 7.06e+06  |
-------------------------------------
EPISODE:  253
-------------------------------------
| time/                 |           |
|    fps                | 14        |
|    iterations         | 50400     |
|    time_elapsed       | 17623     |
|    total_timesteps    | 252000    |
| train/                |           |
|    entropy_loss       | 5.22      |
|    explained_variance | 0         |
|    learning_rate      | 0.0007    |
|    n_updates          | 50399     |
|    policy_loss        | -3.77e+03 |
|    reward             | 170.47614 |
|    std                | 0.025     |
|    value_loss         | 6.26e+05  |
-------------------------------------
-------------------------------------
| time/                 |           |
|    fps                | 14        |
|    iterations         | 50500     |
|    time_elapsed       | 17658     |
|    total_timesteps    | 252500    |
| train/                |           |
|    entropy_loss       | 5.23      |
|    explained_variance | 0         |
|    learning_rate      | 0.0007    |
|    n_updates          | 50499     |
|    policy_loss        | -9.99e+03 |
|    reward             | 829.81805 |
|    std                | 0.0249    |
|    value_loss         | 7.05e+06  |
-------------------------------------
EPISODE:  254
-------------------------------------
| time/                 |           |
|    fps                | 14        |
|    iterations         | 50600     |
|    time_elapsed       | 17693     |
|    total_timesteps    | 253000    |
| train/                |           |
|    entropy_loss       | 5.25      |
|    explained_variance | 0         |
|    learning_rate      | 0.0007    |
|    n_updates          | 50599     |
|    policy_loss        | -4.13e+03 |
|    reward             | 170.47614 |
|    std                | 0.0247    |
|    value_loss         | 6.25e+05  |
-------------------------------------
-------------------------------------
| time/                 |           |
|    fps                | 14        |
|    iterations         | 50700     |
|    time_elapsed       | 17728     |
|    total_timesteps    | 253500    |
| train/                |           |
|    entropy_loss       | 5.27      |
|    explained_variance | 0         |
|    learning_rate      | 0.0007    |
|    n_updates          | 50699     |
|    policy_loss        | -1.05e+04 |
|    reward             | 829.81805 |
|    std                | 0.0246    |
|    value_loss         | 7.05e+06  |
-------------------------------------
EPISODE:  255
-------------------------------------
| time/                 |           |
|    fps                | 14        |
|    iterations         | 50800     |
|    time_elapsed       | 17763     |
|    total_timesteps    | 254000    |
| train/                |           |
|    entropy_loss       | 5.29      |
|    explained_variance | 0         |
|    learning_rate      | 0.0007    |
|    n_updates          | 50799     |
|    policy_loss        | -3.8e+03  |
|    reward             | 170.47614 |
|    std                | 0.0244    |
|    value_loss         | 6.25e+05  |
-------------------------------------
-------------------------------------
| time/                 |           |
|    fps                | 14        |
|    iterations         | 50900     |
|    time_elapsed       | 17797     |
|    total_timesteps    | 254500    |
| train/                |           |
|    entropy_loss       | 5.3       |
|    explained_variance | 1.79e-07  |
|    learning_rate      | 0.0007    |
|    n_updates          | 50899     |
|    policy_loss        | -1.49e+04 |
|    reward             | 829.81805 |
|    std                | 0.0244    |
|    value_loss         | 7.05e+06  |
-------------------------------------
EPISODE:  256
-------------------------------------
| time/                 |           |
|    fps                | 14        |
|    iterations         | 51000     |
|    time_elapsed       | 17832     |
|    total_timesteps    | 255000    |
| train/                |           |
|    entropy_loss       | 5.33      |
|    explained_variance | -1.19e-07 |
|    learning_rate      | 0.0007    |
|    n_updates          | 50999     |
|    policy_loss        | -3.47e+03 |
|    reward             | 170.47614 |
|    std                | 0.024     |
|    value_loss         | 6.25e+05  |
-------------------------------------
-------------------------------------
| time/                 |           |
|    fps                | 14        |
|    iterations         | 51100     |
|    time_elapsed       | 17867     |
|    total_timesteps    | 255500    |
| train/                |           |
|    entropy_loss       | 5.36      |
|    explained_variance | 1.19e-07  |
|    learning_rate      | 0.0007    |
|    n_updates          | 51099     |
|    policy_loss        | -1.49e+04 |
|    reward             | 829.81805 |
|    std                | 0.0237    |
|    value_loss         | 7.05e+06  |
-------------------------------------
EPISODE:  257
-------------------------------------
| time/                 |           |
|    fps                | 14        |
|    iterations         | 51200     |
|    time_elapsed       | 17902     |
|    total_timesteps    | 256000    |
| train/                |           |
|    entropy_loss       | 5.39      |
|    explained_variance | 5.96e-08  |
|    learning_rate      | 0.0007    |
|    n_updates          | 51199     |
|    policy_loss        | -3.96e+03 |
|    reward             | 170.47614 |
|    std                | 0.0236    |
|    value_loss         | 6.25e+05  |
-------------------------------------
-------------------------------------
| time/                 |           |
|    fps                | 14        |
|    iterations         | 51300     |
|    time_elapsed       | 17938     |
|    total_timesteps    | 256500    |
| train/                |           |
|    entropy_loss       | 5.41      |
|    explained_variance | -1.19e-07 |
|    learning_rate      | 0.0007    |
|    n_updates          | 51299     |
|    policy_loss        | -1.44e+04 |
|    reward             | 829.81805 |
|    std                | 0.0234    |
|    value_loss         | 7.05e+06  |
-------------------------------------
EPISODE:  258
-------------------------------------
| time/                 |           |
|    fps                | 14        |
|    iterations         | 51400     |
|    time_elapsed       | 17973     |
|    total_timesteps    | 257000    |
| train/                |           |
|    entropy_loss       | 5.43      |
|    explained_variance | 0         |
|    learning_rate      | 0.0007    |
|    n_updates          | 51399     |
|    policy_loss        | -3.35e+03 |
|    reward             | 170.47614 |
|    std                | 0.0233    |
|    value_loss         | 6.24e+05  |
-------------------------------------
-------------------------------------
| time/                 |           |
|    fps                | 14        |
|    iterations         | 51500     |
|    time_elapsed       | 18008     |
|    total_timesteps    | 257500    |
| train/                |           |
|    entropy_loss       | 5.46      |
|    explained_variance | 0         |
|    learning_rate      | 0.0007    |
|    n_updates          | 51499     |
|    policy_loss        | -1.2e+04  |
|    reward             | 829.81805 |
|    std                | 0.0229    |
|    value_loss         | 7.05e+06  |
-------------------------------------
EPISODE:  259
-------------------------------------
| time/                 |           |
|    fps                | 14        |
|    iterations         | 51600     |
|    time_elapsed       | 18043     |
|    total_timesteps    | 258000    |
| train/                |           |
|    entropy_loss       | 5.49      |
|    explained_variance | 0         |
|    learning_rate      | 0.0007    |
|    n_updates          | 51599     |
|    policy_loss        | -4.35e+03 |
|    reward             | 170.47614 |
|    std                | 0.0226    |
|    value_loss         | 6.24e+05  |
-------------------------------------
-------------------------------------
| time/                 |           |
|    fps                | 14        |
|    iterations         | 51700     |
|    time_elapsed       | 18078     |
|    total_timesteps    | 258500    |
| train/                |           |
|    entropy_loss       | 5.5       |
|    explained_variance | 0         |
|    learning_rate      | 0.0007    |
|    n_updates          | 51699     |
|    policy_loss        | -1.42e+04 |
|    reward             | 829.81805 |
|    std                | 0.0224    |
|    value_loss         | 7.05e+06  |
-------------------------------------
EPISODE:  260
-------------------------------------
| time/                 |           |
|    fps                | 14        |
|    iterations         | 51800     |
|    time_elapsed       | 18113     |
|    total_timesteps    | 259000    |
| train/                |           |
|    entropy_loss       | 5.54      |
|    explained_variance | 0         |
|    learning_rate      | 0.0007    |
|    n_updates          | 51799     |
|    policy_loss        | -4.43e+03 |
|    reward             | 170.47614 |
|    std                | 0.0221    |
|    value_loss         | 6.24e+05  |
-------------------------------------
-------------------------------------
| time/                 |           |
|    fps                | 14        |
|    iterations         | 51900     |
|    time_elapsed       | 18148     |
|    total_timesteps    | 259500    |
| train/                |           |
|    entropy_loss       | 5.56      |
|    explained_variance | 1.19e-07  |
|    learning_rate      | 0.0007    |
|    n_updates          | 51899     |
|    policy_loss        | -1.16e+04 |
|    reward             | 829.81805 |
|    std                | 0.0219    |
|    value_loss         | 7.05e+06  |
-------------------------------------
EPISODE:  261
-------------------------------------
| time/                 |           |
|    fps                | 14        |
|    iterations         | 52000     |
|    time_elapsed       | 18183     |
|    total_timesteps    | 260000    |
| train/                |           |
|    entropy_loss       | 5.6       |
|    explained_variance | 0         |
|    learning_rate      | 0.0007    |
|    n_updates          | 51999     |
|    policy_loss        | -4.4e+03  |
|    reward             | 170.47614 |
|    std                | 0.0216    |
|    value_loss         | 6.23e+05  |
-------------------------------------
-------------------------------------
| time/                 |           |
|    fps                | 14        |
|    iterations         | 52100     |
|    time_elapsed       | 18218     |
|    total_timesteps    | 260500    |
| train/                |           |
|    entropy_loss       | 5.62      |
|    explained_variance | 1.79e-07  |
|    learning_rate      | 0.0007    |
|    n_updates          | 52099     |
|    policy_loss        | -1.42e+04 |
|    reward             | 829.81805 |
|    std                | 0.0217    |
|    value_loss         | 7.05e+06  |
-------------------------------------
EPISODE:  262
-------------------------------------
| time/                 |           |
|    fps                | 14        |
|    iterations         | 52200     |
|    time_elapsed       | 18253     |
|    total_timesteps    | 261000    |
| train/                |           |
|    entropy_loss       | 5.62      |
|    explained_variance | -1.19e-07 |
|    learning_rate      | 0.0007    |
|    n_updates          | 52199     |
|    policy_loss        | -3.21e+03 |
|    reward             | 170.47614 |
|    std                | 0.0217    |
|    value_loss         | 6.23e+05  |
-------------------------------------
-------------------------------------
| time/                 |           |
|    fps                | 14        |
|    iterations         | 52300     |
|    time_elapsed       | 18288     |
|    total_timesteps    | 261500    |
| train/                |           |
|    entropy_loss       | 5.65      |
|    explained_variance | 0         |
|    learning_rate      | 0.0007    |
|    n_updates          | 52299     |
|    policy_loss        | -1.37e+04 |
|    reward             | 829.81805 |
|    std                | 0.0215    |
|    value_loss         | 7.05e+06  |
-------------------------------------
EPISODE:  263
-------------------------------------
| time/                 |           |
|    fps                | 14        |
|    iterations         | 52400     |
|    time_elapsed       | 18323     |
|    total_timesteps    | 262000    |
| train/                |           |
|    entropy_loss       | 5.68      |
|    explained_variance | 0         |
|    learning_rate      | 0.0007    |
|    n_updates          | 52399     |
|    policy_loss        | -4e+03    |
|    reward             | 170.47614 |
|    std                | 0.0214    |
|    value_loss         | 6.23e+05  |
-------------------------------------
-------------------------------------
| time/                 |           |
|    fps                | 14        |
|    iterations         | 52500     |
|    time_elapsed       | 18358     |
|    total_timesteps    | 262500    |
| train/                |           |
|    entropy_loss       | 5.68      |
|    explained_variance | 0         |
|    learning_rate      | 0.0007    |
|    n_updates          | 52499     |
|    policy_loss        | -1.5e+04  |
|    reward             | 829.81805 |
|    std                | 0.0215    |
|    value_loss         | 7.05e+06  |
-------------------------------------
EPISODE:  264
-------------------------------------
| time/                 |           |
|    fps                | 14        |
|    iterations         | 52600     |
|    time_elapsed       | 18393     |
|    total_timesteps    | 263000    |
| train/                |           |
|    entropy_loss       | 5.7       |
|    explained_variance | 0         |
|    learning_rate      | 0.0007    |
|    n_updates          | 52599     |
|    policy_loss        | -4.12e+03 |
|    reward             | 170.47614 |
|    std                | 0.0212    |
|    value_loss         | 6.23e+05  |
-------------------------------------
-------------------------------------
| time/                 |           |
|    fps                | 14        |
|    iterations         | 52700     |
|    time_elapsed       | 18428     |
|    total_timesteps    | 263500    |
| train/                |           |
|    entropy_loss       | 5.73      |
|    explained_variance | 1.19e-07  |
|    learning_rate      | 0.0007    |
|    n_updates          | 52699     |
|    policy_loss        | -1.5e+04  |
|    reward             | 829.81805 |
|    std                | 0.0212    |
|    value_loss         | 7.04e+06  |
-------------------------------------
EPISODE:  265
-------------------------------------
| time/                 |           |
|    fps                | 14        |
|    iterations         | 52800     |
|    time_elapsed       | 18463     |
|    total_timesteps    | 264000    |
| train/                |           |
|    entropy_loss       | 5.74      |
|    explained_variance | 0         |
|    learning_rate      | 0.0007    |
|    n_updates          | 52799     |
|    policy_loss        | -4.04e+03 |
|    reward             | 170.47614 |
|    std                | 0.021     |
|    value_loss         | 6.22e+05  |
-------------------------------------
-------------------------------------
| time/                 |           |
|    fps                | 14        |
|    iterations         | 52900     |
|    time_elapsed       | 18497     |
|    total_timesteps    | 264500    |
| train/                |           |
|    entropy_loss       | 5.74      |
|    explained_variance | -1.19e-07 |
|    learning_rate      | 0.0007    |
|    n_updates          | 52899     |
|    policy_loss        | -1.32e+04 |
|    reward             | 829.81805 |
|    std                | 0.0211    |
|    value_loss         | 7.04e+06  |
-------------------------------------
EPISODE:  266
-------------------------------------
| time/                 |           |
|    fps                | 14        |
|    iterations         | 53000     |
|    time_elapsed       | 18532     |
|    total_timesteps    | 265000    |
| train/                |           |
|    entropy_loss       | 5.77      |
|    explained_variance | 0         |
|    learning_rate      | 0.0007    |
|    n_updates          | 52999     |
|    policy_loss        | -4.45e+03 |
|    reward             | 170.47614 |
|    std                | 0.0209    |
|    value_loss         | 6.22e+05  |
-------------------------------------
-------------------------------------
| time/                 |           |
|    fps                | 14        |
|    iterations         | 53100     |
|    time_elapsed       | 18567     |
|    total_timesteps    | 265500    |
| train/                |           |
|    entropy_loss       | 5.79      |
|    explained_variance | 1.19e-07  |
|    learning_rate      | 0.0007    |
|    n_updates          | 53099     |
|    policy_loss        | -1.08e+04 |
|    reward             | 829.81805 |
|    std                | 0.0207    |
|    value_loss         | 7.04e+06  |
-------------------------------------
EPISODE:  267
-------------------------------------
| time/                 |           |
|    fps                | 14        |
|    iterations         | 53200     |
|    time_elapsed       | 18602     |
|    total_timesteps    | 266000    |
| train/                |           |
|    entropy_loss       | 5.81      |
|    explained_variance | 0         |
|    learning_rate      | 0.0007    |
|    n_updates          | 53199     |
|    policy_loss        | -4.26e+03 |
|    reward             | 170.47614 |
|    std                | 0.0205    |
|    value_loss         | 6.22e+05  |
-------------------------------------
-------------------------------------
| time/                 |           |
|    fps                | 14        |
|    iterations         | 53300     |
|    time_elapsed       | 18637     |
|    total_timesteps    | 266500    |
| train/                |           |
|    entropy_loss       | 5.83      |
|    explained_variance | -1.19e-07 |
|    learning_rate      | 0.0007    |
|    n_updates          | 53299     |
|    policy_loss        | -1.37e+04 |
|    reward             | 829.81805 |
|    std                | 0.0203    |
|    value_loss         | 7.04e+06  |
-------------------------------------
EPISODE:  268
-------------------------------------
| time/                 |           |
|    fps                | 14        |
|    iterations         | 53400     |
|    time_elapsed       | 18672     |
|    total_timesteps    | 267000    |
| train/                |           |
|    entropy_loss       | 5.85      |
|    explained_variance | 1.19e-07  |
|    learning_rate      | 0.0007    |
|    n_updates          | 53399     |
|    policy_loss        | -3.82e+03 |
|    reward             | 170.47614 |
|    std                | 0.0202    |
|    value_loss         | 6.22e+05  |
-------------------------------------
-------------------------------------
| time/                 |           |
|    fps                | 14        |
|    iterations         | 53500     |
|    time_elapsed       | 18707     |
|    total_timesteps    | 267500    |
| train/                |           |
|    entropy_loss       | 5.86      |
|    explained_variance | 0         |
|    learning_rate      | 0.0007    |
|    n_updates          | 53499     |
|    policy_loss        | -1.37e+04 |
|    reward             | 829.81805 |
|    std                | 0.0201    |
|    value_loss         | 7.04e+06  |
-------------------------------------
EPISODE:  269
-------------------------------------
| time/                 |           |
|    fps                | 14        |
|    iterations         | 53600     |
|    time_elapsed       | 18742     |
|    total_timesteps    | 268000    |
| train/                |           |
|    entropy_loss       | 5.88      |
|    explained_variance | 0         |
|    learning_rate      | 0.0007    |
|    n_updates          | 53599     |
|    policy_loss        | -4.67e+03 |
|    reward             | 170.47614 |
|    std                | 0.02      |
|    value_loss         | 6.21e+05  |
-------------------------------------
-------------------------------------
| time/                 |           |
|    fps                | 14        |
|    iterations         | 53700     |
|    time_elapsed       | 18777     |
|    total_timesteps    | 268500    |
| train/                |           |
|    entropy_loss       | 5.89      |
|    explained_variance | 0         |
|    learning_rate      | 0.0007    |
|    n_updates          | 53699     |
|    policy_loss        | -1.51e+04 |
|    reward             | 829.81805 |
|    std                | 0.02      |
|    value_loss         | 7.04e+06  |
-------------------------------------
EPISODE:  270
-------------------------------------
| time/                 |           |
|    fps                | 14        |
|    iterations         | 53800     |
|    time_elapsed       | 18812     |
|    total_timesteps    | 269000    |
| train/                |           |
|    entropy_loss       | 5.9       |
|    explained_variance | 0         |
|    learning_rate      | 0.0007    |
|    n_updates          | 53799     |
|    policy_loss        | -4.39e+03 |
|    reward             | 170.47614 |
|    std                | 0.02      |
|    value_loss         | 6.21e+05  |
-------------------------------------
-------------------------------------
| time/                 |           |
|    fps                | 14        |
|    iterations         | 53900     |
|    time_elapsed       | 18847     |
|    total_timesteps    | 269500    |
| train/                |           |
|    entropy_loss       | 5.92      |
|    explained_variance | 0         |
|    learning_rate      | 0.0007    |
|    n_updates          | 53899     |
|    policy_loss        | -1.44e+04 |
|    reward             | 829.81805 |
|    std                | 0.02      |
|    value_loss         | 7.04e+06  |
-------------------------------------
EPISODE:  271
-------------------------------------
| time/                 |           |
|    fps                | 14        |
|    iterations         | 54000     |
|    time_elapsed       | 18883     |
|    total_timesteps    | 270000    |
| train/                |           |
|    entropy_loss       | 5.95      |
|    explained_variance | 0         |
|    learning_rate      | 0.0007    |
|    n_updates          | 53999     |
|    policy_loss        | -4.46e+03 |
|    reward             | 170.47614 |
|    std                | 0.0197    |
|    value_loss         | 6.21e+05  |
-------------------------------------
-------------------------------------
| time/                 |           |
|    fps                | 14        |
|    iterations         | 54100     |
|    time_elapsed       | 18918     |
|    total_timesteps    | 270500    |
| train/                |           |
|    entropy_loss       | 5.96      |
|    explained_variance | 0         |
|    learning_rate      | 0.0007    |
|    n_updates          | 54099     |
|    policy_loss        | -1.33e+04 |
|    reward             | 829.81805 |
|    std                | 0.0196    |
|    value_loss         | 7.04e+06  |
-------------------------------------
EPISODE:  272
-------------------------------------
| time/                 |           |
|    fps                | 14        |
|    iterations         | 54200     |
|    time_elapsed       | 18953     |
|    total_timesteps    | 271000    |
| train/                |           |
|    entropy_loss       | 5.98      |
|    explained_variance | 0         |
|    learning_rate      | 0.0007    |
|    n_updates          | 54199     |
|    policy_loss        | -4.61e+03 |
|    reward             | 170.47614 |
|    std                | 0.0195    |
|    value_loss         | 6.21e+05  |
-------------------------------------
-------------------------------------
| time/                 |           |
|    fps                | 14        |
|    iterations         | 54300     |
|    time_elapsed       | 18988     |
|    total_timesteps    | 271500    |
| train/                |           |
|    entropy_loss       | 5.99      |
|    explained_variance | -2.38e-07 |
|    learning_rate      | 0.0007    |
|    n_updates          | 54299     |
|    policy_loss        | -1.26e+04 |
|    reward             | 829.81805 |
|    std                | 0.0194    |
|    value_loss         | 7.04e+06  |
-------------------------------------
EPISODE:  273
-------------------------------------
| time/                 |           |
|    fps                | 14        |
|    iterations         | 54400     |
|    time_elapsed       | 19023     |
|    total_timesteps    | 272000    |
| train/                |           |
|    entropy_loss       | 6.02      |
|    explained_variance | 0         |
|    learning_rate      | 0.0007    |
|    n_updates          | 54399     |
|    policy_loss        | -3.89e+03 |
|    reward             | 170.47614 |
|    std                | 0.0192    |
|    value_loss         | 6.2e+05   |
-------------------------------------
-------------------------------------
| time/                 |           |
|    fps                | 14        |
|    iterations         | 54500     |
|    time_elapsed       | 19058     |
|    total_timesteps    | 272500    |
| train/                |           |
|    entropy_loss       | 6.03      |
|    explained_variance | 0         |
|    learning_rate      | 0.0007    |
|    n_updates          | 54499     |
|    policy_loss        | -1.46e+04 |
|    reward             | 829.81805 |
|    std                | 0.019     |
|    value_loss         | 7.04e+06  |
-------------------------------------
EPISODE:  274
-------------------------------------
| time/                 |           |
|    fps                | 14        |
|    iterations         | 54600     |
|    time_elapsed       | 19093     |
|    total_timesteps    | 273000    |
| train/                |           |
|    entropy_loss       | 6.06      |
|    explained_variance | 0         |
|    learning_rate      | 0.0007    |
|    n_updates          | 54599     |
|    policy_loss        | -4.47e+03 |
|    reward             | 170.47614 |
|    std                | 0.0188    |
|    value_loss         | 6.2e+05   |
-------------------------------------
-------------------------------------
| time/                 |           |
|    fps                | 14        |
|    iterations         | 54700     |
|    time_elapsed       | 19128     |
|    total_timesteps    | 273500    |
| train/                |           |
|    entropy_loss       | 6.06      |
|    explained_variance | 0         |
|    learning_rate      | 0.0007    |
|    n_updates          | 54699     |
|    policy_loss        | -1.41e+04 |
|    reward             | 829.81805 |
|    std                | 0.0188    |
|    value_loss         | 7.04e+06  |
-------------------------------------
EPISODE:  275
-------------------------------------
| time/                 |           |
|    fps                | 14        |
|    iterations         | 54800     |
|    time_elapsed       | 19162     |
|    total_timesteps    | 274000    |
| train/                |           |
|    entropy_loss       | 6.1       |
|    explained_variance | 0         |
|    learning_rate      | 0.0007    |
|    n_updates          | 54799     |
|    policy_loss        | -4.28e+03 |
|    reward             | 170.47614 |
|    std                | 0.0185    |
|    value_loss         | 6.2e+05   |
-------------------------------------
-------------------------------------
| time/                 |           |
|    fps                | 14        |
|    iterations         | 54900     |
|    time_elapsed       | 19197     |
|    total_timesteps    | 274500    |
| train/                |           |
|    entropy_loss       | 6.12      |
|    explained_variance | 0         |
|    learning_rate      | 0.0007    |
|    n_updates          | 54899     |
|    policy_loss        | -1.46e+04 |
|    reward             | 829.81805 |
|    std                | 0.0184    |
|    value_loss         | 7.03e+06  |
-------------------------------------
EPISODE:  276
-------------------------------------
| time/                 |           |
|    fps                | 14        |
|    iterations         | 55000     |
|    time_elapsed       | 19232     |
|    total_timesteps    | 275000    |
| train/                |           |
|    entropy_loss       | 6.13      |
|    explained_variance | 0         |
|    learning_rate      | 0.0007    |
|    n_updates          | 54999     |
|    policy_loss        | -4.07e+03 |
|    reward             | 170.47614 |
|    std                | 0.0183    |
|    value_loss         | 6.19e+05  |
-------------------------------------
-------------------------------------
| time/                 |           |
|    fps                | 14        |
|    iterations         | 55100     |
|    time_elapsed       | 19267     |
|    total_timesteps    | 275500    |
| train/                |           |
|    entropy_loss       | 6.15      |
|    explained_variance | 0         |
|    learning_rate      | 0.0007    |
|    n_updates          | 55099     |
|    policy_loss        | -1.5e+04  |
|    reward             | 829.81805 |
|    std                | 0.0181    |
|    value_loss         | 7.03e+06  |
-------------------------------------
EPISODE:  277
-------------------------------------
| time/                 |           |
|    fps                | 14        |
|    iterations         | 55200     |
|    time_elapsed       | 19302     |
|    total_timesteps    | 276000    |
| train/                |           |
|    entropy_loss       | 6.17      |
|    explained_variance | 0         |
|    learning_rate      | 0.0007    |
|    n_updates          | 55199     |
|    policy_loss        | -4.56e+03 |
|    reward             | 170.47614 |
|    std                | 0.018     |
|    value_loss         | 6.19e+05  |
-------------------------------------
-------------------------------------
| time/                 |           |
|    fps                | 14        |
|    iterations         | 55300     |
|    time_elapsed       | 19337     |
|    total_timesteps    | 276500    |
| train/                |           |
|    entropy_loss       | 6.18      |
|    explained_variance | 0         |
|    learning_rate      | 0.0007    |
|    n_updates          | 55299     |
|    policy_loss        | -1.5e+04  |
|    reward             | 829.81805 |
|    std                | 0.0179    |
|    value_loss         | 7.03e+06  |
-------------------------------------
EPISODE:  278
-------------------------------------
| time/                 |           |
|    fps                | 14        |
|    iterations         | 55400     |
|    time_elapsed       | 19372     |
|    total_timesteps    | 277000    |
| train/                |           |
|    entropy_loss       | 6.2       |
|    explained_variance | 0         |
|    learning_rate      | 0.0007    |
|    n_updates          | 55399     |
|    policy_loss        | -4.71e+03 |
|    reward             | 170.47614 |
|    std                | 0.0178    |
|    value_loss         | 6.19e+05  |
-------------------------------------
-------------------------------------
| time/                 |           |
|    fps                | 14        |
|    iterations         | 55500     |
|    time_elapsed       | 19407     |
|    total_timesteps    | 277500    |
| train/                |           |
|    entropy_loss       | 6.21      |
|    explained_variance | 0         |
|    learning_rate      | 0.0007    |
|    n_updates          | 55499     |
|    policy_loss        | -1.56e+04 |
|    reward             | 829.81805 |
|    std                | 0.0178    |
|    value_loss         | 7.03e+06  |
-------------------------------------
EPISODE:  279
-------------------------------------
| time/                 |           |
|    fps                | 14        |
|    iterations         | 55600     |
|    time_elapsed       | 19442     |
|    total_timesteps    | 278000    |
| train/                |           |
|    entropy_loss       | 6.24      |
|    explained_variance | 0         |
|    learning_rate      | 0.0007    |
|    n_updates          | 55599     |
|    policy_loss        | -4.59e+03 |
|    reward             | 170.47614 |
|    std                | 0.0176    |
|    value_loss         | 6.19e+05  |
-------------------------------------
-------------------------------------
| time/                 |           |
|    fps                | 14        |
|    iterations         | 55700     |
|    time_elapsed       | 19477     |
|    total_timesteps    | 278500    |
| train/                |           |
|    entropy_loss       | 6.25      |
|    explained_variance | -1.19e-07 |
|    learning_rate      | 0.0007    |
|    n_updates          | 55699     |
|    policy_loss        | -1.41e+04 |
|    reward             | 829.81805 |
|    std                | 0.0176    |
|    value_loss         | 7.03e+06  |
-------------------------------------
EPISODE:  280
-------------------------------------
| time/                 |           |
|    fps                | 14        |
|    iterations         | 55800     |
|    time_elapsed       | 19512     |
|    total_timesteps    | 279000    |
| train/                |           |
|    entropy_loss       | 6.26      |
|    explained_variance | 0         |
|    learning_rate      | 0.0007    |
|    n_updates          | 55799     |
|    policy_loss        | -4.26e+03 |
|    reward             | 170.47614 |
|    std                | 0.0175    |
|    value_loss         | 6.19e+05  |
-------------------------------------
-------------------------------------
| time/                 |           |
|    fps                | 14        |
|    iterations         | 55900     |
|    time_elapsed       | 19547     |
|    total_timesteps    | 279500    |
| train/                |           |
|    entropy_loss       | 6.28      |
|    explained_variance | 0         |
|    learning_rate      | 0.0007    |
|    n_updates          | 55899     |
|    policy_loss        | -1.58e+04 |
|    reward             | 829.81805 |
|    std                | 0.0174    |
|    value_loss         | 7.03e+06  |
-------------------------------------
EPISODE:  281
-------------------------------------
| time/                 |           |
|    fps                | 14        |
|    iterations         | 56000     |
|    time_elapsed       | 19582     |
|    total_timesteps    | 280000    |
| train/                |           |
|    entropy_loss       | 6.3       |
|    explained_variance | 0         |
|    learning_rate      | 0.0007    |
|    n_updates          | 55999     |
|    policy_loss        | -4.48e+03 |
|    reward             | 170.47614 |
|    std                | 0.0173    |
|    value_loss         | 6.18e+05  |
-------------------------------------
-------------------------------------
| time/                 |           |
|    fps                | 14        |
|    iterations         | 56100     |
|    time_elapsed       | 19617     |
|    total_timesteps    | 280500    |
| train/                |           |
|    entropy_loss       | 6.32      |
|    explained_variance | 0         |
|    learning_rate      | 0.0007    |
|    n_updates          | 56099     |
|    policy_loss        | -1.65e+04 |
|    reward             | 829.81805 |
|    std                | 0.0172    |
|    value_loss         | 7.03e+06  |
-------------------------------------
EPISODE:  282
-------------------------------------
| time/                 |           |
|    fps                | 14        |
|    iterations         | 56200     |
|    time_elapsed       | 19652     |
|    total_timesteps    | 281000    |
| train/                |           |
|    entropy_loss       | 6.34      |
|    explained_variance | 0         |
|    learning_rate      | 0.0007    |
|    n_updates          | 56199     |
|    policy_loss        | -4.2e+03  |
|    reward             | 170.47614 |
|    std                | 0.0171    |
|    value_loss         | 6.18e+05  |
-------------------------------------
-------------------------------------
| time/                 |           |
|    fps                | 14        |
|    iterations         | 56300     |
|    time_elapsed       | 19687     |
|    total_timesteps    | 281500    |
| train/                |           |
|    entropy_loss       | 6.36      |
|    explained_variance | 0         |
|    learning_rate      | 0.0007    |
|    n_updates          | 56299     |
|    policy_loss        | -1.58e+04 |
|    reward             | 829.81805 |
|    std                | 0.0171    |
|    value_loss         | 7.03e+06  |
-------------------------------------
EPISODE:  283
-------------------------------------
| time/                 |           |
|    fps                | 14        |
|    iterations         | 56400     |
|    time_elapsed       | 19722     |
|    total_timesteps    | 282000    |
| train/                |           |
|    entropy_loss       | 6.36      |
|    explained_variance | 0         |
|    learning_rate      | 0.0007    |
|    n_updates          | 56399     |
|    policy_loss        | -4.62e+03 |
|    reward             | 170.47614 |
|    std                | 0.0172    |
|    value_loss         | 6.18e+05  |
-------------------------------------
-------------------------------------
| time/                 |           |
|    fps                | 14        |
|    iterations         | 56500     |
|    time_elapsed       | 19757     |
|    total_timesteps    | 282500    |
| train/                |           |
|    entropy_loss       | 6.36      |
|    explained_variance | 0         |
|    learning_rate      | 0.0007    |
|    n_updates          | 56499     |
|    policy_loss        | -1.58e+04 |
|    reward             | 829.81805 |
|    std                | 0.0172    |
|    value_loss         | 7.03e+06  |
-------------------------------------
EPISODE:  284
-------------------------------------
| time/                 |           |
|    fps                | 14        |
|    iterations         | 56600     |
|    time_elapsed       | 19793     |
|    total_timesteps    | 283000    |
| train/                |           |
|    entropy_loss       | 6.38      |
|    explained_variance | 0         |
|    learning_rate      | 0.0007    |
|    n_updates          | 56599     |
|    policy_loss        | -3.56e+03 |
|    reward             | 170.47614 |
|    std                | 0.017     |
|    value_loss         | 6.17e+05  |
-------------------------------------
-------------------------------------
| time/                 |           |
|    fps                | 14        |
|    iterations         | 56700     |
|    time_elapsed       | 19828     |
|    total_timesteps    | 283500    |
| train/                |           |
|    entropy_loss       | 6.41      |
|    explained_variance | 1.19e-07  |
|    learning_rate      | 0.0007    |
|    n_updates          | 56699     |
|    policy_loss        | -1.65e+04 |
|    reward             | 829.81805 |
|    std                | 0.0169    |
|    value_loss         | 7.03e+06  |
-------------------------------------
EPISODE:  285
-------------------------------------
| time/                 |           |
|    fps                | 14        |
|    iterations         | 56800     |
|    time_elapsed       | 19863     |
|    total_timesteps    | 284000    |
| train/                |           |
|    entropy_loss       | 6.42      |
|    explained_variance | 1.19e-07  |
|    learning_rate      | 0.0007    |
|    n_updates          | 56799     |
|    policy_loss        | -3.71e+03 |
|    reward             | 170.47614 |
|    std                | 0.0169    |
|    value_loss         | 6.17e+05  |
-------------------------------------
-------------------------------------
| time/                 |           |
|    fps                | 14        |
|    iterations         | 56900     |
|    time_elapsed       | 19898     |
|    total_timesteps    | 284500    |
| train/                |           |
|    entropy_loss       | 6.43      |
|    explained_variance | -1.19e-07 |
|    learning_rate      | 0.0007    |
|    n_updates          | 56899     |
|    policy_loss        | -1.59e+04 |
|    reward             | 829.81805 |
|    std                | 0.0169    |
|    value_loss         | 7.03e+06  |
-------------------------------------
EPISODE:  286
-------------------------------------
| time/                 |           |
|    fps                | 14        |
|    iterations         | 57000     |
|    time_elapsed       | 19933     |
|    total_timesteps    | 285000    |
| train/                |           |
|    entropy_loss       | 6.43      |
|    explained_variance | 0         |
|    learning_rate      | 0.0007    |
|    n_updates          | 56999     |
|    policy_loss        | -4.78e+03 |
|    reward             | 170.47614 |
|    std                | 0.017     |
|    value_loss         | 6.17e+05  |
-------------------------------------
------------------------------------
| time/                 |          |
|    fps                | 14       |
|    iterations         | 57100    |
|    time_elapsed       | 19968    |
|    total_timesteps    | 285500   |
| train/                |          |
|    entropy_loss       | 6.47     |
|    explained_variance | 0        |
|    learning_rate      | 0.0007   |
|    n_updates          | 57099    |
|    policy_loss        | -1.4e+04 |
|    reward             | 829.362  |
|    std                | 0.0167   |
|    value_loss         | 7.02e+06 |
------------------------------------
EPISODE:  287
-------------------------------------
| time/                 |           |
|    fps                | 14        |
|    iterations         | 57200     |
|    time_elapsed       | 20003     |
|    total_timesteps    | 286000    |
| train/                |           |
|    entropy_loss       | 6.48      |
|    explained_variance | 0         |
|    learning_rate      | 0.0007    |
|    n_updates          | 57199     |
|    policy_loss        | -4.57e+03 |
|    reward             | 170.38245 |
|    std                | 0.0166    |
|    value_loss         | 6.16e+05  |
-------------------------------------
-------------------------------------
| time/                 |           |
|    fps                | 14        |
|    iterations         | 57300     |
|    time_elapsed       | 20038     |
|    total_timesteps    | 286500    |
| train/                |           |
|    entropy_loss       | 6.5       |
|    explained_variance | 0         |
|    learning_rate      | 0.0007    |
|    n_updates          | 57299     |
|    policy_loss        | -1.67e+04 |
|    reward             | 829.7473  |
|    std                | 0.0164    |
|    value_loss         | 7.02e+06  |
-------------------------------------
EPISODE:  288
-------------------------------------
| time/                 |           |
|    fps                | 14        |
|    iterations         | 57400     |
|    time_elapsed       | 20073     |
|    total_timesteps    | 287000    |
| train/                |           |
|    entropy_loss       | 6.51      |
|    explained_variance | -1.19e-07 |
|    learning_rate      | 0.0007    |
|    n_updates          | 57399     |
|    policy_loss        | -4.46e+03 |
|    reward             | 144.11241 |
|    std                | 0.0165    |
|    value_loss         | 4.77e+05  |
-------------------------------------
-------------------------------------
| time/                 |           |
|    fps                | 14        |
|    iterations         | 57500     |
|    time_elapsed       | 20108     |
|    total_timesteps    | 287500    |
| train/                |           |
|    entropy_loss       | 6.53      |
|    explained_variance | 0         |
|    learning_rate      | 0.0007    |
|    n_updates          | 57499     |
|    policy_loss        | -1.43e+04 |
|    reward             | 823.1244  |
|    std                | 0.0163    |
|    value_loss         | 6.91e+06  |
-------------------------------------
EPISODE:  289
-------------------------------------
| time/                 |           |
|    fps                | 14        |
|    iterations         | 57600     |
|    time_elapsed       | 20143     |
|    total_timesteps    | 288000    |
| train/                |           |
|    entropy_loss       | 6.55      |
|    explained_variance | 0         |
|    learning_rate      | 0.0007    |
|    n_updates          | 57599     |
|    policy_loss        | -4.21e+03 |
|    reward             | 150.32605 |
|    std                | 0.0162    |
|    value_loss         | 5.23e+05  |
-------------------------------------
------------------------------------
| time/                 |          |
|    fps                | 14       |
|    iterations         | 57700    |
|    time_elapsed       | 20178    |
|    total_timesteps    | 288500   |
| train/                |          |
|    entropy_loss       | 6.57     |
|    explained_variance | 0        |
|    learning_rate      | 0.0007   |
|    n_updates          | 57699    |
|    policy_loss        | -1.4e+04 |
|    reward             | 825.0616 |
|    std                | 0.0162   |
|    value_loss         | 6.94e+06 |
------------------------------------
EPISODE:  290
-------------------------------------
| time/                 |           |
|    fps                | 14        |
|    iterations         | 57800     |
|    time_elapsed       | 20213     |
|    total_timesteps    | 289000    |
| train/                |           |
|    entropy_loss       | 6.59      |
|    explained_variance | 0         |
|    learning_rate      | 0.0007    |
|    n_updates          | 57799     |
|    policy_loss        | -4.69e+03 |
|    reward             | 169.35529 |
|    std                | 0.016     |
|    value_loss         | 6.07e+05  |
-------------------------------------
-------------------------------------
| time/                 |           |
|    fps                | 14        |
|    iterations         | 57900     |
|    time_elapsed       | 20248     |
|    total_timesteps    | 289500    |
| train/                |           |
|    entropy_loss       | 6.61      |
|    explained_variance | 0         |
|    learning_rate      | 0.0007    |
|    n_updates          | 57899     |
|    policy_loss        | -1.56e+04 |
|    reward             | 802.7104  |
|    std                | 0.016     |
|    value_loss         | 6.58e+06  |
-------------------------------------
EPISODE:  291
-------------------------------------
| time/                 |           |
|    fps                | 14        |
|    iterations         | 58000     |
|    time_elapsed       | 20282     |
|    total_timesteps    | 290000    |
| train/                |           |
|    entropy_loss       | 6.62      |
|    explained_variance | 0         |
|    learning_rate      | 0.0007    |
|    n_updates          | 57999     |
|    policy_loss        | -4.24e+03 |
|    reward             | 145.1297  |
|    std                | 0.0159    |
|    value_loss         | 4.57e+05  |
-------------------------------------
-------------------------------------
| time/                 |           |
|    fps                | 14        |
|    iterations         | 58100     |
|    time_elapsed       | 20317     |
|    total_timesteps    | 290500    |
| train/                |           |
|    entropy_loss       | 6.63      |
|    explained_variance | 0         |
|    learning_rate      | 0.0007    |
|    n_updates          | 58099     |
|    policy_loss        | -1.58e+04 |
|    reward             | 822.451   |
|    std                | 0.0159    |
|    value_loss         | 6.89e+06  |
-------------------------------------
EPISODE:  292
-------------------------------------
| time/                 |           |
|    fps                | 14        |
|    iterations         | 58200     |
|    time_elapsed       | 20352     |
|    total_timesteps    | 291000    |
| train/                |           |
|    entropy_loss       | 6.66      |
|    explained_variance | -1.19e-07 |
|    learning_rate      | 0.0007    |
|    n_updates          | 58199     |
|    policy_loss        | -4.92e+03 |
|    reward             | 168.47311 |
|    std                | 0.0156    |
|    value_loss         | 6e+05     |
-------------------------------------
-------------------------------------
| time/                 |           |
|    fps                | 14        |
|    iterations         | 58300     |
|    time_elapsed       | 20387     |
|    total_timesteps    | 291500    |
| train/                |           |
|    entropy_loss       | 6.68      |
|    explained_variance | 0         |
|    learning_rate      | 0.0007    |
|    n_updates          | 58299     |
|    policy_loss        | -1.64e+04 |
|    reward             | 829.5957  |
|    std                | 0.0155    |
|    value_loss         | 7.02e+06  |
-------------------------------------
EPISODE:  293
-------------------------------------
| time/                 |           |
|    fps                | 14        |
|    iterations         | 58400     |
|    time_elapsed       | 20422     |
|    total_timesteps    | 292000    |
| train/                |           |
|    entropy_loss       | 6.72      |
|    explained_variance | 1.19e-07  |
|    learning_rate      | 0.0007    |
|    n_updates          | 58399     |
|    policy_loss        | -4.74e+03 |
|    reward             | 170.43045 |
|    std                | 0.0153    |
|    value_loss         | 6.15e+05  |
-------------------------------------
-------------------------------------
| time/                 |           |
|    fps                | 14        |
|    iterations         | 58500     |
|    time_elapsed       | 20457     |
|    total_timesteps    | 292500    |
| train/                |           |
|    entropy_loss       | 6.74      |
|    explained_variance | -2.38e-07 |
|    learning_rate      | 0.0007    |
|    n_updates          | 58499     |
|    policy_loss        | -1.5e+04  |
|    reward             | 829.81805 |
|    std                | 0.0153    |
|    value_loss         | 7.02e+06  |
-------------------------------------
EPISODE:  294
-------------------------------------
| time/                 |           |
|    fps                | 14        |
|    iterations         | 58600     |
|    time_elapsed       | 20492     |
|    total_timesteps    | 293000    |
| train/                |           |
|    entropy_loss       | 6.75      |
|    explained_variance | 0         |
|    learning_rate      | 0.0007    |
|    n_updates          | 58599     |
|    policy_loss        | -4.38e+03 |
|    reward             | 170.47614 |
|    std                | 0.0152    |
|    value_loss         | 6.15e+05  |
-------------------------------------
-------------------------------------
| time/                 |           |
|    fps                | 14        |
|    iterations         | 58700     |
|    time_elapsed       | 20527     |
|    total_timesteps    | 293500    |
| train/                |           |
|    entropy_loss       | 6.77      |
|    explained_variance | 0         |
|    learning_rate      | 0.0007    |
|    n_updates          | 58699     |
|    policy_loss        | -1.72e+04 |
|    reward             | 829.81805 |
|    std                | 0.0151    |
|    value_loss         | 7.02e+06  |
-------------------------------------
EPISODE:  295
-------------------------------------
| time/                 |           |
|    fps                | 14        |
|    iterations         | 58800     |
|    time_elapsed       | 20562     |
|    total_timesteps    | 294000    |
| train/                |           |
|    entropy_loss       | 6.77      |
|    explained_variance | -1.19e-07 |
|    learning_rate      | 0.0007    |
|    n_updates          | 58799     |
|    policy_loss        | -4.58e+03 |
|    reward             | 170.47614 |
|    std                | 0.0152    |
|    value_loss         | 6.15e+05  |
-------------------------------------
-------------------------------------
| time/                 |           |
|    fps                | 14        |
|    iterations         | 58900     |
|    time_elapsed       | 20597     |
|    total_timesteps    | 294500    |
| train/                |           |
|    entropy_loss       | 6.8       |
|    explained_variance | 0         |
|    learning_rate      | 0.0007    |
|    n_updates          | 58899     |
|    policy_loss        | -1.58e+04 |
|    reward             | 829.7719  |
|    std                | 0.015     |
|    value_loss         | 7.02e+06  |
-------------------------------------
EPISODE:  296
-------------------------------------
| time/                 |           |
|    fps                | 14        |
|    iterations         | 59000     |
|    time_elapsed       | 20632     |
|    total_timesteps    | 295000    |
| train/                |           |
|    entropy_loss       | 6.83      |
|    explained_variance | 0         |
|    learning_rate      | 0.0007    |
|    n_updates          | 58999     |
|    policy_loss        | -4.98e+03 |
|    reward             | 160.8312  |
|    std                | 0.0148    |
|    value_loss         | 5.73e+05  |
-------------------------------------
-------------------------------------
| time/                 |           |
|    fps                | 14        |
|    iterations         | 59100     |
|    time_elapsed       | 20667     |
|    total_timesteps    | 295500    |
| train/                |           |
|    entropy_loss       | 6.87      |
|    explained_variance | 0         |
|    learning_rate      | 0.0007    |
|    n_updates          | 59099     |
|    policy_loss        | -1.68e+04 |
|    reward             | 820.7111  |
|    std                | 0.0146    |
|    value_loss         | 6.86e+06  |
-------------------------------------
EPISODE:  297
-------------------------------------
| time/                 |           |
|    fps                | 14        |
|    iterations         | 59200     |
|    time_elapsed       | 20702     |
|    total_timesteps    | 296000    |
| train/                |           |
|    entropy_loss       | 6.88      |
|    explained_variance | 0         |
|    learning_rate      | 0.0007    |
|    n_updates          | 59199     |
|    policy_loss        | -3.73e+03 |
|    reward             | 139.39017 |
|    std                | 0.0146    |
|    value_loss         | 4.43e+05  |
-------------------------------------
-------------------------------------
| time/                 |           |
|    fps                | 14        |
|    iterations         | 59300     |
|    time_elapsed       | 20738     |
|    total_timesteps    | 296500    |
| train/                |           |
|    entropy_loss       | 6.9       |
|    explained_variance | 0         |
|    learning_rate      | 0.0007    |
|    n_updates          | 59299     |
|    policy_loss        | -1.61e+04 |
|    reward             | 827.36444 |
|    std                | 0.0145    |
|    value_loss         | 6.97e+06  |
-------------------------------------
EPISODE:  298
-------------------------------------
| time/                 |           |
|    fps                | 14        |
|    iterations         | 59400     |
|    time_elapsed       | 20773     |
|    total_timesteps    | 297000    |
| train/                |           |
|    entropy_loss       | 6.93      |
|    explained_variance | 0         |
|    learning_rate      | 0.0007    |
|    n_updates          | 59399     |
|    policy_loss        | -4.41e+03 |
|    reward             | 169.97208 |
|    std                | 0.0143    |
|    value_loss         | 6.1e+05   |
-------------------------------------
-------------------------------------
| time/                 |           |
|    fps                | 14        |
|    iterations         | 59500     |
|    time_elapsed       | 20808     |
|    total_timesteps    | 297500    |
| train/                |           |
|    entropy_loss       | 6.93      |
|    explained_variance | 0         |
|    learning_rate      | 0.0007    |
|    n_updates          | 59499     |
|    policy_loss        | -1.74e+04 |
|    reward             | 829.81805 |
|    std                | 0.0144    |
|    value_loss         | 7.02e+06  |
-------------------------------------
EPISODE:  299
-------------------------------------
| time/                 |           |
|    fps                | 14        |
|    iterations         | 59600     |
|    time_elapsed       | 20843     |
|    total_timesteps    | 298000    |
| train/                |           |
|    entropy_loss       | 6.95      |
|    explained_variance | 0         |
|    learning_rate      | 0.0007    |
|    n_updates          | 59599     |
|    policy_loss        | -5.13e+03 |
|    reward             | 170.47614 |
|    std                | 0.0144    |
|    value_loss         | 6.14e+05  |
-------------------------------------
-------------------------------------
| time/                 |           |
|    fps                | 14        |
|    iterations         | 59700     |
|    time_elapsed       | 20878     |
|    total_timesteps    | 298500    |
| train/                |           |
|    entropy_loss       | 6.96      |
|    explained_variance | 0         |
|    learning_rate      | 0.0007    |
|    n_updates          | 59699     |
|    policy_loss        | -1.59e+04 |
|    reward             | 829.81805 |
|    std                | 0.0143    |
|    value_loss         | 7.02e+06  |
-------------------------------------
EPISODE:  300
-------------------------------------
| time/                 |           |
|    fps                | 14        |
|    iterations         | 59800     |
|    time_elapsed       | 20912     |
|    total_timesteps    | 299000    |
| train/                |           |
|    entropy_loss       | 6.98      |
|    explained_variance | 0         |
|    learning_rate      | 0.0007    |
|    n_updates          | 59799     |
|    policy_loss        | -4.86e+03 |
|    reward             | 170.47614 |
|    std                | 0.0143    |
|    value_loss         | 6.14e+05  |
-------------------------------------
-------------------------------------
| time/                 |           |
|    fps                | 14        |
|    iterations         | 59900     |
|    time_elapsed       | 20947     |
|    total_timesteps    | 299500    |
| train/                |           |
|    entropy_loss       | 7         |
|    explained_variance | 0         |
|    learning_rate      | 0.0007    |
|    n_updates          | 59899     |
|    policy_loss        | -1.84e+04 |
|    reward             | 829.81805 |
|    std                | 0.0143    |
|    value_loss         | 7.01e+06  |
-------------------------------------
EPISODE:  301
-------------------------------------
| time/                 |           |
|    fps                | 14        |
|    iterations         | 60000     |
|    time_elapsed       | 20982     |
|    total_timesteps    | 300000    |
| train/                |           |
|    entropy_loss       | 7.01      |
|    explained_variance | 0         |
|    learning_rate      | 0.0007    |
|    n_updates          | 59999     |
|    policy_loss        | -5.3e+03  |
|    reward             | 170.47614 |
|    std                | 0.0143    |
|    value_loss         | 6.14e+05  |
-------------------------------------
-------------------------------------
| time/                 |           |
|    fps                | 14        |
|    iterations         | 60100     |
|    time_elapsed       | 21017     |
|    total_timesteps    | 300500    |
| train/                |           |
|    entropy_loss       | 7.02      |
|    explained_variance | 0         |
|    learning_rate      | 0.0007    |
|    n_updates          | 60099     |
|    policy_loss        | -1.76e+04 |
|    reward             | 829.81805 |
|    std                | 0.0143    |
|    value_loss         | 7.01e+06  |
-------------------------------------
EPISODE:  302
-------------------------------------
| time/                 |           |
|    fps                | 14        |
|    iterations         | 60200     |
|    time_elapsed       | 21052     |
|    total_timesteps    | 301000    |
| train/                |           |
|    entropy_loss       | 7.03      |
|    explained_variance | 0         |
|    learning_rate      | 0.0007    |
|    n_updates          | 60199     |
|    policy_loss        | -4.65e+03 |
|    reward             | 170.47614 |
|    std                | 0.0142    |
|    value_loss         | 6.13e+05  |
-------------------------------------
-------------------------------------
| time/                 |           |
|    fps                | 14        |
|    iterations         | 60300     |
|    time_elapsed       | 21087     |
|    total_timesteps    | 301500    |
| train/                |           |
|    entropy_loss       | 7.05      |
|    explained_variance | 0         |
|    learning_rate      | 0.0007    |
|    n_updates          | 60299     |
|    policy_loss        | -1.75e+04 |
|    reward             | 829.81805 |
|    std                | 0.014     |
|    value_loss         | 7.01e+06  |
-------------------------------------
EPISODE:  303
-------------------------------------
| time/                 |           |
|    fps                | 14        |
|    iterations         | 60400     |
|    time_elapsed       | 21122     |
|    total_timesteps    | 302000    |
| train/                |           |
|    entropy_loss       | 7.06      |
|    explained_variance | 0         |
|    learning_rate      | 0.0007    |
|    n_updates          | 60399     |
|    policy_loss        | -4.23e+03 |
|    reward             | 170.47614 |
|    std                | 0.0141    |
|    value_loss         | 6.13e+05  |
-------------------------------------
-------------------------------------
| time/                 |           |
|    fps                | 14        |
|    iterations         | 60500     |
|    time_elapsed       | 21157     |
|    total_timesteps    | 302500    |
| train/                |           |
|    entropy_loss       | 7.07      |
|    explained_variance | 0         |
|    learning_rate      | 0.0007    |
|    n_updates          | 60499     |
|    policy_loss        | -1.65e+04 |
|    reward             | 829.81805 |
|    std                | 0.0139    |
|    value_loss         | 7.01e+06  |
-------------------------------------
EPISODE:  304
-------------------------------------
| time/                 |           |
|    fps                | 14        |
|    iterations         | 60600     |
|    time_elapsed       | 21192     |
|    total_timesteps    | 303000    |
| train/                |           |
|    entropy_loss       | 7.08      |
|    explained_variance | 0         |
|    learning_rate      | 0.0007    |
|    n_updates          | 60599     |
|    policy_loss        | -5.1e+03  |
|    reward             | 170.47614 |
|    std                | 0.0139    |
|    value_loss         | 6.13e+05  |
-------------------------------------
-------------------------------------
| time/                 |           |
|    fps                | 14        |
|    iterations         | 60700     |
|    time_elapsed       | 21227     |
|    total_timesteps    | 303500    |
| train/                |           |
|    entropy_loss       | 7.11      |
|    explained_variance | 0         |
|    learning_rate      | 0.0007    |
|    n_updates          | 60699     |
|    policy_loss        | -1.63e+04 |
|    reward             | 829.81805 |
|    std                | 0.0137    |
|    value_loss         | 7.01e+06  |
-------------------------------------
EPISODE:  305
-------------------------------------
| time/                 |           |
|    fps                | 14        |
|    iterations         | 60800     |
|    time_elapsed       | 21262     |
|    total_timesteps    | 304000    |
| train/                |           |
|    entropy_loss       | 7.13      |
|    explained_variance | 0         |
|    learning_rate      | 0.0007    |
|    n_updates          | 60799     |
|    policy_loss        | -4.29e+03 |
|    reward             | 170.47614 |
|    std                | 0.0137    |
|    value_loss         | 6.13e+05  |
-------------------------------------
-------------------------------------
| time/                 |           |
|    fps                | 14        |
|    iterations         | 60900     |
|    time_elapsed       | 21297     |
|    total_timesteps    | 304500    |
| train/                |           |
|    entropy_loss       | 7.15      |
|    explained_variance | 0         |
|    learning_rate      | 0.0007    |
|    n_updates          | 60899     |
|    policy_loss        | -1.82e+04 |
|    reward             | 829.81805 |
|    std                | 0.0137    |
|    value_loss         | 7.01e+06  |
-------------------------------------
EPISODE:  306
-------------------------------------
| time/                 |           |
|    fps                | 14        |
|    iterations         | 61000     |
|    time_elapsed       | 21332     |
|    total_timesteps    | 305000    |
| train/                |           |
|    entropy_loss       | 7.16      |
|    explained_variance | 0         |
|    learning_rate      | 0.0007    |
|    n_updates          | 60999     |
|    policy_loss        | -5.07e+03 |
|    reward             | 170.47614 |
|    std                | 0.0136    |
|    value_loss         | 6.12e+05  |
-------------------------------------
-------------------------------------
| time/                 |           |
|    fps                | 14        |
|    iterations         | 61100     |
|    time_elapsed       | 21367     |
|    total_timesteps    | 305500    |
| train/                |           |
|    entropy_loss       | 7.18      |
|    explained_variance | 0         |
|    learning_rate      | 0.0007    |
|    n_updates          | 61099     |
|    policy_loss        | -1.75e+04 |
|    reward             | 829.81805 |
|    std                | 0.0135    |
|    value_loss         | 7.01e+06  |
-------------------------------------
EPISODE:  307
-------------------------------------
| time/                 |           |
|    fps                | 14        |
|    iterations         | 61200     |
|    time_elapsed       | 21402     |
|    total_timesteps    | 306000    |
| train/                |           |
|    entropy_loss       | 7.2       |
|    explained_variance | 0         |
|    learning_rate      | 0.0007    |
|    n_updates          | 61199     |
|    policy_loss        | -5.44e+03 |
|    reward             | 170.47614 |
|    std                | 0.0135    |
|    value_loss         | 6.12e+05  |
-------------------------------------
-------------------------------------
| time/                 |           |
|    fps                | 14        |
|    iterations         | 61300     |
|    time_elapsed       | 21437     |
|    total_timesteps    | 306500    |
| train/                |           |
|    entropy_loss       | 7.21      |
|    explained_variance | 0         |
|    learning_rate      | 0.0007    |
|    n_updates          | 61299     |
|    policy_loss        | -1.76e+04 |
|    reward             | 829.81805 |
|    std                | 0.0133    |
|    value_loss         | 7.01e+06  |
-------------------------------------
EPISODE:  308
-------------------------------------
| time/                 |           |
|    fps                | 14        |
|    iterations         | 61400     |
|    time_elapsed       | 21472     |
|    total_timesteps    | 307000    |
| train/                |           |
|    entropy_loss       | 7.25      |
|    explained_variance | 0         |
|    learning_rate      | 0.0007    |
|    n_updates          | 61399     |
|    policy_loss        | -5.08e+03 |
|    reward             | 170.47614 |
|    std                | 0.0132    |
|    value_loss         | 6.12e+05  |
-------------------------------------
-------------------------------------
| time/                 |           |
|    fps                | 14        |
|    iterations         | 61500     |
|    time_elapsed       | 21507     |
|    total_timesteps    | 307500    |
| train/                |           |
|    entropy_loss       | 7.25      |
|    explained_variance | 0         |
|    learning_rate      | 0.0007    |
|    n_updates          | 61499     |
|    policy_loss        | -1.61e+04 |
|    reward             | 829.81805 |
|    std                | 0.0132    |
|    value_loss         | 7.01e+06  |
-------------------------------------
EPISODE:  309
-------------------------------------
| time/                 |           |
|    fps                | 14        |
|    iterations         | 61600     |
|    time_elapsed       | 21542     |
|    total_timesteps    | 308000    |
| train/                |           |
|    entropy_loss       | 7.26      |
|    explained_variance | 0         |
|    learning_rate      | 0.0007    |
|    n_updates          | 61599     |
|    policy_loss        | -4.41e+03 |
|    reward             | 170.47614 |
|    std                | 0.0132    |
|    value_loss         | 6.12e+05  |
-------------------------------------
-------------------------------------
| time/                 |           |
|    fps                | 14        |
|    iterations         | 61700     |
|    time_elapsed       | 21576     |
|    total_timesteps    | 308500    |
| train/                |           |
|    entropy_loss       | 7.29      |
|    explained_variance | 0         |
|    learning_rate      | 0.0007    |
|    n_updates          | 61699     |
|    policy_loss        | -1.57e+04 |
|    reward             | 829.81805 |
|    std                | 0.0131    |
|    value_loss         | 7.01e+06  |
-------------------------------------
EPISODE:  310
-------------------------------------
| time/                 |           |
|    fps                | 14        |
|    iterations         | 61800     |
|    time_elapsed       | 21611     |
|    total_timesteps    | 309000    |
| train/                |           |
|    entropy_loss       | 7.3       |
|    explained_variance | 0         |
|    learning_rate      | 0.0007    |
|    n_updates          | 61799     |
|    policy_loss        | -5.33e+03 |
|    reward             | 170.47614 |
|    std                | 0.0131    |
|    value_loss         | 6.12e+05  |
-------------------------------------
-------------------------------------
| time/                 |           |
|    fps                | 14        |
|    iterations         | 61900     |
|    time_elapsed       | 21646     |
|    total_timesteps    | 309500    |
| train/                |           |
|    entropy_loss       | 7.33      |
|    explained_variance | -1.19e-07 |
|    learning_rate      | 0.0007    |
|    n_updates          | 61899     |
|    policy_loss        | -1.69e+04 |
|    reward             | 829.81805 |
|    std                | 0.013     |
|    value_loss         | 7.01e+06  |
-------------------------------------
EPISODE:  311
-------------------------------------
| time/                 |           |
|    fps                | 14        |
|    iterations         | 62000     |
|    time_elapsed       | 21683     |
|    total_timesteps    | 310000    |
| train/                |           |
|    entropy_loss       | 7.35      |
|    explained_variance | 5.96e-08  |
|    learning_rate      | 0.0007    |
|    n_updates          | 61999     |
|    policy_loss        | -5.15e+03 |
|    reward             | 170.47614 |
|    std                | 0.013     |
|    value_loss         | 6.11e+05  |
-------------------------------------
-------------------------------------
| time/                 |           |
|    fps                | 14        |
|    iterations         | 62100     |
|    time_elapsed       | 21718     |
|    total_timesteps    | 310500    |
| train/                |           |
|    entropy_loss       | 7.37      |
|    explained_variance | 0         |
|    learning_rate      | 0.0007    |
|    n_updates          | 62099     |
|    policy_loss        | -1.9e+04  |
|    reward             | 829.81805 |
|    std                | 0.0129    |
|    value_loss         | 7.01e+06  |
-------------------------------------
EPISODE:  312
-------------------------------------
| time/                 |           |
|    fps                | 14        |
|    iterations         | 62200     |
|    time_elapsed       | 21752     |
|    total_timesteps    | 311000    |
| train/                |           |
|    entropy_loss       | 7.38      |
|    explained_variance | 0         |
|    learning_rate      | 0.0007    |
|    n_updates          | 62199     |
|    policy_loss        | -5.65e+03 |
|    reward             | 170.47614 |
|    std                | 0.0129    |
|    value_loss         | 6.11e+05  |
-------------------------------------
-------------------------------------
| time/                 |           |
|    fps                | 14        |
|    iterations         | 62300     |
|    time_elapsed       | 21787     |
|    total_timesteps    | 311500    |
| train/                |           |
|    entropy_loss       | 7.39      |
|    explained_variance | 0         |
|    learning_rate      | 0.0007    |
|    n_updates          | 62299     |
|    policy_loss        | -1.74e+04 |
|    reward             | 829.81805 |
|    std                | 0.0129    |
|    value_loss         | 7.01e+06  |
-------------------------------------
EPISODE:  313
-------------------------------------
| time/                 |           |
|    fps                | 14        |
|    iterations         | 62400     |
|    time_elapsed       | 21822     |
|    total_timesteps    | 312000    |
| train/                |           |
|    entropy_loss       | 7.41      |
|    explained_variance | 0         |
|    learning_rate      | 0.0007    |
|    n_updates          | 62399     |
|    policy_loss        | -4.68e+03 |
|    reward             | 170.47614 |
|    std                | 0.0128    |
|    value_loss         | 6.11e+05  |
-------------------------------------
-------------------------------------
| time/                 |           |
|    fps                | 14        |
|    iterations         | 62500     |
|    time_elapsed       | 21857     |
|    total_timesteps    | 312500    |
| train/                |           |
|    entropy_loss       | 7.42      |
|    explained_variance | 0         |
|    learning_rate      | 0.0007    |
|    n_updates          | 62499     |
|    policy_loss        | -1.67e+04 |
|    reward             | 829.81805 |
|    std                | 0.0128    |
|    value_loss         | 7.01e+06  |
-------------------------------------
EPISODE:  314
-------------------------------------
| time/                 |           |
|    fps                | 14        |
|    iterations         | 62600     |
|    time_elapsed       | 21892     |
|    total_timesteps    | 313000    |
| train/                |           |
|    entropy_loss       | 7.42      |
|    explained_variance | 0         |
|    learning_rate      | 0.0007    |
|    n_updates          | 62599     |
|    policy_loss        | -4.94e+03 |
|    reward             | 170.47614 |
|    std                | 0.0129    |
|    value_loss         | 6.11e+05  |
-------------------------------------
-------------------------------------
| time/                 |           |
|    fps                | 14        |
|    iterations         | 62700     |
|    time_elapsed       | 21927     |
|    total_timesteps    | 313500    |
| train/                |           |
|    entropy_loss       | 7.43      |
|    explained_variance | 0         |
|    learning_rate      | 0.0007    |
|    n_updates          | 62699     |
|    policy_loss        | -1.73e+04 |
|    reward             | 829.81805 |
|    std                | 0.0129    |
|    value_loss         | 7e+06     |
-------------------------------------
EPISODE:  315
-------------------------------------
| time/                 |           |
|    fps                | 14        |
|    iterations         | 62800     |
|    time_elapsed       | 21962     |
|    total_timesteps    | 314000    |
| train/                |           |
|    entropy_loss       | 7.43      |
|    explained_variance | 0         |
|    learning_rate      | 0.0007    |
|    n_updates          | 62799     |
|    policy_loss        | -5.57e+03 |
|    reward             | 170.47614 |
|    std                | 0.0128    |
|    value_loss         | 6.11e+05  |
-------------------------------------
-------------------------------------
| time/                 |           |
|    fps                | 14        |
|    iterations         | 62900     |
|    time_elapsed       | 21997     |
|    total_timesteps    | 314500    |
| train/                |           |
|    entropy_loss       | 7.46      |
|    explained_variance | 0         |
|    learning_rate      | 0.0007    |
|    n_updates          | 62899     |
|    policy_loss        | -1.85e+04 |
|    reward             | 829.81805 |
|    std                | 0.0127    |
|    value_loss         | 7e+06     |
-------------------------------------
EPISODE:  316
-------------------------------------
| time/                 |           |
|    fps                | 14        |
|    iterations         | 63000     |
|    time_elapsed       | 22032     |
|    total_timesteps    | 315000    |
| train/                |           |
|    entropy_loss       | 7.48      |
|    explained_variance | 0         |
|    learning_rate      | 0.0007    |
|    n_updates          | 62999     |
|    policy_loss        | -4.75e+03 |
|    reward             | 170.47614 |
|    std                | 0.0127    |
|    value_loss         | 6.11e+05  |
-------------------------------------
-------------------------------------
| time/                 |           |
|    fps                | 14        |
|    iterations         | 63100     |
|    time_elapsed       | 22067     |
|    total_timesteps    | 315500    |
| train/                |           |
|    entropy_loss       | 7.5       |
|    explained_variance | 1.19e-07  |
|    learning_rate      | 0.0007    |
|    n_updates          | 63099     |
|    policy_loss        | -1.84e+04 |
|    reward             | 829.81805 |
|    std                | 0.0125    |
|    value_loss         | 7e+06     |
-------------------------------------
EPISODE:  317
-------------------------------------
| time/                 |           |
|    fps                | 14        |
|    iterations         | 63200     |
|    time_elapsed       | 22102     |
|    total_timesteps    | 316000    |
| train/                |           |
|    entropy_loss       | 7.52      |
|    explained_variance | -1.19e-07 |
|    learning_rate      | 0.0007    |
|    n_updates          | 63199     |
|    policy_loss        | -5.36e+03 |
|    reward             | 170.47614 |
|    std                | 0.0124    |
|    value_loss         | 6.1e+05   |
-------------------------------------
-------------------------------------
| time/                 |           |
|    fps                | 14        |
|    iterations         | 63300     |
|    time_elapsed       | 22137     |
|    total_timesteps    | 316500    |
| train/                |           |
|    entropy_loss       | 7.54      |
|    explained_variance | 0         |
|    learning_rate      | 0.0007    |
|    n_updates          | 63299     |
|    policy_loss        | -1.98e+04 |
|    reward             | 829.81805 |
|    std                | 0.0123    |
|    value_loss         | 7e+06     |
-------------------------------------
EPISODE:  318
-------------------------------------
| time/                 |           |
|    fps                | 14        |
|    iterations         | 63400     |
|    time_elapsed       | 22172     |
|    total_timesteps    | 317000    |
| train/                |           |
|    entropy_loss       | 7.55      |
|    explained_variance | 0         |
|    learning_rate      | 0.0007    |
|    n_updates          | 63399     |
|    policy_loss        | -4.99e+03 |
|    reward             | 170.47614 |
|    std                | 0.0123    |
|    value_loss         | 6.1e+05   |
-------------------------------------
-------------------------------------
| time/                 |           |
|    fps                | 14        |
|    iterations         | 63500     |
|    time_elapsed       | 22207     |
|    total_timesteps    | 317500    |
| train/                |           |
|    entropy_loss       | 7.56      |
|    explained_variance | 0         |
|    learning_rate      | 0.0007    |
|    n_updates          | 63499     |
|    policy_loss        | -1.92e+04 |
|    reward             | 829.81805 |
|    std                | 0.0122    |
|    value_loss         | 7e+06     |
-------------------------------------
EPISODE:  319
-------------------------------------
| time/                 |           |
|    fps                | 14        |
|    iterations         | 63600     |
|    time_elapsed       | 22242     |
|    total_timesteps    | 318000    |
| train/                |           |
|    entropy_loss       | 7.57      |
|    explained_variance | 0         |
|    learning_rate      | 0.0007    |
|    n_updates          | 63599     |
|    policy_loss        | -5.74e+03 |
|    reward             | 170.47614 |
|    std                | 0.0122    |
|    value_loss         | 6.1e+05   |
-------------------------------------
-------------------------------------
| time/                 |           |
|    fps                | 14        |
|    iterations         | 63700     |
|    time_elapsed       | 22277     |
|    total_timesteps    | 318500    |
| train/                |           |
|    entropy_loss       | 7.59      |
|    explained_variance | -1.19e-07 |
|    learning_rate      | 0.0007    |
|    n_updates          | 63699     |
|    policy_loss        | -1.73e+04 |
|    reward             | 829.81805 |
|    std                | 0.0122    |
|    value_loss         | 7e+06     |
-------------------------------------
EPISODE:  320
-------------------------------------
| time/                 |           |
|    fps                | 14        |
|    iterations         | 63800     |
|    time_elapsed       | 22312     |
|    total_timesteps    | 319000    |
| train/                |           |
|    entropy_loss       | 7.6       |
|    explained_variance | 0         |
|    learning_rate      | 0.0007    |
|    n_updates          | 63799     |
|    policy_loss        | -5.13e+03 |
|    reward             | 170.47614 |
|    std                | 0.0122    |
|    value_loss         | 6.1e+05   |
-------------------------------------
-------------------------------------
| time/                 |           |
|    fps                | 14        |
|    iterations         | 63900     |
|    time_elapsed       | 22347     |
|    total_timesteps    | 319500    |
| train/                |           |
|    entropy_loss       | 7.61      |
|    explained_variance | 0         |
|    learning_rate      | 0.0007    |
|    n_updates          | 63899     |
|    policy_loss        | -1.86e+04 |
|    reward             | 829.81805 |
|    std                | 0.0122    |
|    value_loss         | 7e+06     |
-------------------------------------
EPISODE:  321
-------------------------------------
| time/                 |           |
|    fps                | 14        |
|    iterations         | 64000     |
|    time_elapsed       | 22382     |
|    total_timesteps    | 320000    |
| train/                |           |
|    entropy_loss       | 7.62      |
|    explained_variance | 1.19e-07  |
|    learning_rate      | 0.0007    |
|    n_updates          | 63999     |
|    policy_loss        | -5.15e+03 |
|    reward             | 170.47614 |
|    std                | 0.0122    |
|    value_loss         | 6.09e+05  |
-------------------------------------
-------------------------------------
| time/                 |           |
|    fps                | 14        |
|    iterations         | 64100     |
|    time_elapsed       | 22417     |
|    total_timesteps    | 320500    |
| train/                |           |
|    entropy_loss       | 7.64      |
|    explained_variance | 0         |
|    learning_rate      | 0.0007    |
|    n_updates          | 64099     |
|    policy_loss        | -1.78e+04 |
|    reward             | 829.81805 |
|    std                | 0.0121    |
|    value_loss         | 7e+06     |
-------------------------------------
EPISODE:  322
-------------------------------------
| time/                 |           |
|    fps                | 14        |
|    iterations         | 64200     |
|    time_elapsed       | 22452     |
|    total_timesteps    | 321000    |
| train/                |           |
|    entropy_loss       | 7.65      |
|    explained_variance | 5.96e-08  |
|    learning_rate      | 0.0007    |
|    n_updates          | 64199     |
|    policy_loss        | -5.84e+03 |
|    reward             | 170.47614 |
|    std                | 0.012     |
|    value_loss         | 6.09e+05  |
-------------------------------------
-------------------------------------
| time/                 |           |
|    fps                | 14        |
|    iterations         | 64300     |
|    time_elapsed       | 22487     |
|    total_timesteps    | 321500    |
| train/                |           |
|    entropy_loss       | 7.66      |
|    explained_variance | 0         |
|    learning_rate      | 0.0007    |
|    n_updates          | 64299     |
|    policy_loss        | -2.04e+04 |
|    reward             | 829.81805 |
|    std                | 0.012     |
|    value_loss         | 7e+06     |
-------------------------------------
EPISODE:  323
-------------------------------------
| time/                 |           |
|    fps                | 14        |
|    iterations         | 64400     |
|    time_elapsed       | 22522     |
|    total_timesteps    | 322000    |
| train/                |           |
|    entropy_loss       | 7.67      |
|    explained_variance | 0         |
|    learning_rate      | 0.0007    |
|    n_updates          | 64399     |
|    policy_loss        | -5.17e+03 |
|    reward             | 170.47614 |
|    std                | 0.012     |
|    value_loss         | 6.09e+05  |
-------------------------------------
-------------------------------------
| time/                 |           |
|    fps                | 14        |
|    iterations         | 64500     |
|    time_elapsed       | 22557     |
|    total_timesteps    | 322500    |
| train/                |           |
|    entropy_loss       | 7.68      |
|    explained_variance | 0         |
|    learning_rate      | 0.0007    |
|    n_updates          | 64499     |
|    policy_loss        | -1.76e+04 |
|    reward             | 829.81805 |
|    std                | 0.012     |
|    value_loss         | 7e+06     |
-------------------------------------
EPISODE:  324
-------------------------------------
| time/                 |           |
|    fps                | 14        |
|    iterations         | 64600     |
|    time_elapsed       | 22593     |
|    total_timesteps    | 323000    |
| train/                |           |
|    entropy_loss       | 7.69      |
|    explained_variance | 0         |
|    learning_rate      | 0.0007    |
|    n_updates          | 64599     |
|    policy_loss        | -5.39e+03 |
|    reward             | 170.47614 |
|    std                | 0.012     |
|    value_loss         | 6.09e+05  |
-------------------------------------
-------------------------------------
| time/                 |           |
|    fps                | 14        |
|    iterations         | 64700     |
|    time_elapsed       | 22628     |
|    total_timesteps    | 323500    |
| train/                |           |
|    entropy_loss       | 7.7       |
|    explained_variance | 0         |
|    learning_rate      | 0.0007    |
|    n_updates          | 64699     |
|    policy_loss        | -1.81e+04 |
|    reward             | 829.81805 |
|    std                | 0.0119    |
|    value_loss         | 7e+06     |
-------------------------------------
EPISODE:  325
-------------------------------------
| time/                 |           |
|    fps                | 14        |
|    iterations         | 64800     |
|    time_elapsed       | 22663     |
|    total_timesteps    | 324000    |
| train/                |           |
|    entropy_loss       | 7.71      |
|    explained_variance | 5.96e-08  |
|    learning_rate      | 0.0007    |
|    n_updates          | 64799     |
|    policy_loss        | -5.53e+03 |
|    reward             | 170.47614 |
|    std                | 0.0119    |
|    value_loss         | 6.09e+05  |
-------------------------------------
-------------------------------------
| time/                 |           |
|    fps                | 14        |
|    iterations         | 64900     |
|    time_elapsed       | 22698     |
|    total_timesteps    | 324500    |
| train/                |           |
|    entropy_loss       | 7.72      |
|    explained_variance | 0         |
|    learning_rate      | 0.0007    |
|    n_updates          | 64899     |
|    policy_loss        | -2e+04    |
|    reward             | 829.81805 |
|    std                | 0.0119    |
|    value_loss         | 7e+06     |
-------------------------------------
EPISODE:  326
-------------------------------------
| time/                 |           |
|    fps                | 14        |
|    iterations         | 65000     |
|    time_elapsed       | 22733     |
|    total_timesteps    | 325000    |
| train/                |           |
|    entropy_loss       | 7.72      |
|    explained_variance | 0         |
|    learning_rate      | 0.0007    |
|    n_updates          | 64999     |
|    policy_loss        | -5.44e+03 |
|    reward             | 170.47614 |
|    std                | 0.012     |
|    value_loss         | 6.09e+05  |
-------------------------------------
-------------------------------------
| time/                 |           |
|    fps                | 14        |
|    iterations         | 65100     |
|    time_elapsed       | 22768     |
|    total_timesteps    | 325500    |
| train/                |           |
|    entropy_loss       | 7.73      |
|    explained_variance | -1.19e-07 |
|    learning_rate      | 0.0007    |
|    n_updates          | 65099     |
|    policy_loss        | -2.01e+04 |
|    reward             | 829.81805 |
|    std                | 0.012     |
|    value_loss         | 7e+06     |
-------------------------------------
EPISODE:  327
-------------------------------------
| time/                 |           |
|    fps                | 14        |
|    iterations         | 65200     |
|    time_elapsed       | 22803     |
|    total_timesteps    | 326000    |
| train/                |           |
|    entropy_loss       | 7.75      |
|    explained_variance | 0         |
|    learning_rate      | 0.0007    |
|    n_updates          | 65199     |
|    policy_loss        | -5.6e+03  |
|    reward             | 170.47614 |
|    std                | 0.0119    |
|    value_loss         | 6.08e+05  |
-------------------------------------
-------------------------------------
| time/                 |           |
|    fps                | 14        |
|    iterations         | 65300     |
|    time_elapsed       | 22838     |
|    total_timesteps    | 326500    |
| train/                |           |
|    entropy_loss       | 7.76      |
|    explained_variance | 0         |
|    learning_rate      | 0.0007    |
|    n_updates          | 65299     |
|    policy_loss        | -1.66e+04 |
|    reward             | 829.81805 |
|    std                | 0.0118    |
|    value_loss         | 7e+06     |
-------------------------------------
EPISODE:  328
-------------------------------------
| time/                 |           |
|    fps                | 14        |
|    iterations         | 65400     |
|    time_elapsed       | 22873     |
|    total_timesteps    | 327000    |
| train/                |           |
|    entropy_loss       | 7.79      |
|    explained_variance | 0         |
|    learning_rate      | 0.0007    |
|    n_updates          | 65399     |
|    policy_loss        | -5.49e+03 |
|    reward             | 170.47614 |
|    std                | 0.0116    |
|    value_loss         | 6.08e+05  |
-------------------------------------
-------------------------------------
| time/                 |           |
|    fps                | 14        |
|    iterations         | 65500     |
|    time_elapsed       | 22908     |
|    total_timesteps    | 327500    |
| train/                |           |
|    entropy_loss       | 7.82      |
|    explained_variance | 0         |
|    learning_rate      | 0.0007    |
|    n_updates          | 65499     |
|    policy_loss        | -1.92e+04 |
|    reward             | 829.81805 |
|    std                | 0.0116    |
|    value_loss         | 7e+06     |
-------------------------------------
EPISODE:  329
-------------------------------------
| time/                 |           |
|    fps                | 14        |
|    iterations         | 65600     |
|    time_elapsed       | 22943     |
|    total_timesteps    | 328000    |
| train/                |           |
|    entropy_loss       | 7.82      |
|    explained_variance | 0         |
|    learning_rate      | 0.0007    |
|    n_updates          | 65599     |
|    policy_loss        | -5.65e+03 |
|    reward             | 170.47614 |
|    std                | 0.0116    |
|    value_loss         | 6.08e+05  |
-------------------------------------
-------------------------------------
| time/                 |           |
|    fps                | 14        |
|    iterations         | 65700     |
|    time_elapsed       | 22978     |
|    total_timesteps    | 328500    |
| train/                |           |
|    entropy_loss       | 7.83      |
|    explained_variance | 0         |
|    learning_rate      | 0.0007    |
|    n_updates          | 65699     |
|    policy_loss        | -1.77e+04 |
|    reward             | 829.81805 |
|    std                | 0.0116    |
|    value_loss         | 6.99e+06  |
-------------------------------------
EPISODE:  330
-------------------------------------
| time/                 |           |
|    fps                | 14        |
|    iterations         | 65800     |
|    time_elapsed       | 23013     |
|    total_timesteps    | 329000    |
| train/                |           |
|    entropy_loss       | 7.85      |
|    explained_variance | 0         |
|    learning_rate      | 0.0007    |
|    n_updates          | 65799     |
|    policy_loss        | -5.63e+03 |
|    reward             | 170.42159 |
|    std                | 0.0115    |
|    value_loss         | 6.07e+05  |
-------------------------------------
-------------------------------------
| time/                 |           |
|    fps                | 14        |
|    iterations         | 65900     |
|    time_elapsed       | 23048     |
|    total_timesteps    | 329500    |
| train/                |           |
|    entropy_loss       | 7.87      |
|    explained_variance | 0         |
|    learning_rate      | 0.0007    |
|    n_updates          | 65899     |
|    policy_loss        | -1.96e+04 |
|    reward             | 829.81805 |
|    std                | 0.0114    |
|    value_loss         | 6.99e+06  |
-------------------------------------
EPISODE:  331
-------------------------------------
| time/                 |           |
|    fps                | 14        |
|    iterations         | 66000     |
|    time_elapsed       | 23083     |
|    total_timesteps    | 330000    |
| train/                |           |
|    entropy_loss       | 7.89      |
|    explained_variance | 0         |
|    learning_rate      | 0.0007    |
|    n_updates          | 65999     |
|    policy_loss        | -5.73e+03 |
|    reward             | 170.47614 |
|    std                | 0.0114    |
|    value_loss         | 6.08e+05  |
-------------------------------------
-------------------------------------
| time/                 |           |
|    fps                | 14        |
|    iterations         | 66100     |
|    time_elapsed       | 23118     |
|    total_timesteps    | 330500    |
| train/                |           |
|    entropy_loss       | 7.9       |
|    explained_variance | 0         |
|    learning_rate      | 0.0007    |
|    n_updates          | 66099     |
|    policy_loss        | -2.03e+04 |
|    reward             | 829.81805 |
|    std                | 0.0113    |
|    value_loss         | 6.99e+06  |
-------------------------------------
EPISODE:  332
-------------------------------------
| time/                 |           |
|    fps                | 14        |
|    iterations         | 66200     |
|    time_elapsed       | 23153     |
|    total_timesteps    | 331000    |
| train/                |           |
|    entropy_loss       | 7.93      |
|    explained_variance | 0         |
|    learning_rate      | 0.0007    |
|    n_updates          | 66199     |
|    policy_loss        | -5.34e+03 |
|    reward             | 170.47614 |
|    std                | 0.0113    |
|    value_loss         | 6.07e+05  |
-------------------------------------
-------------------------------------
| time/                 |           |
|    fps                | 14        |
|    iterations         | 66300     |
|    time_elapsed       | 23188     |
|    total_timesteps    | 331500    |
| train/                |           |
|    entropy_loss       | 7.95      |
|    explained_variance | 0         |
|    learning_rate      | 0.0007    |
|    n_updates          | 66299     |
|    policy_loss        | -1.86e+04 |
|    reward             | 829.81805 |
|    std                | 0.0111    |
|    value_loss         | 6.99e+06  |
-------------------------------------
EPISODE:  333
-------------------------------------
| time/                 |           |
|    fps                | 14        |
|    iterations         | 66400     |
|    time_elapsed       | 23222     |
|    total_timesteps    | 332000    |
| train/                |           |
|    entropy_loss       | 7.95      |
|    explained_variance | -1.19e-07 |
|    learning_rate      | 0.0007    |
|    n_updates          | 66399     |
|    policy_loss        | -5.68e+03 |
|    reward             | 170.47614 |
|    std                | 0.0111    |
|    value_loss         | 6.07e+05  |
-------------------------------------
-------------------------------------
| time/                 |           |
|    fps                | 14        |
|    iterations         | 66500     |
|    time_elapsed       | 23257     |
|    total_timesteps    | 332500    |
| train/                |           |
|    entropy_loss       | 7.98      |
|    explained_variance | 0         |
|    learning_rate      | 0.0007    |
|    n_updates          | 66499     |
|    policy_loss        | -1.81e+04 |
|    reward             | 829.81805 |
|    std                | 0.011     |
|    value_loss         | 6.99e+06  |
-------------------------------------
EPISODE:  334
-------------------------------------
| time/                 |           |
|    fps                | 14        |
|    iterations         | 66600     |
|    time_elapsed       | 23292     |
|    total_timesteps    | 333000    |
| train/                |           |
|    entropy_loss       | 7.98      |
|    explained_variance | 0         |
|    learning_rate      | 0.0007    |
|    n_updates          | 66599     |
|    policy_loss        | -5.39e+03 |
|    reward             | 170.47614 |
|    std                | 0.011     |
|    value_loss         | 6.07e+05  |
-------------------------------------
-------------------------------------
| time/                 |           |
|    fps                | 14        |
|    iterations         | 66700     |
|    time_elapsed       | 23327     |
|    total_timesteps    | 333500    |
| train/                |           |
|    entropy_loss       | 7.99      |
|    explained_variance | 0         |
|    learning_rate      | 0.0007    |
|    n_updates          | 66699     |
|    policy_loss        | -2.01e+04 |
|    reward             | 829.81805 |
|    std                | 0.011     |
|    value_loss         | 6.99e+06  |
-------------------------------------
EPISODE:  335
-------------------------------------
| time/                 |           |
|    fps                | 14        |
|    iterations         | 66800     |
|    time_elapsed       | 23362     |
|    total_timesteps    | 334000    |
| train/                |           |
|    entropy_loss       | 7.99      |
|    explained_variance | 0         |
|    learning_rate      | 0.0007    |
|    n_updates          | 66799     |
|    policy_loss        | -5.76e+03 |
|    reward             | 170.47614 |
|    std                | 0.011     |
|    value_loss         | 6.07e+05  |
-------------------------------------
-------------------------------------
| time/                 |           |
|    fps                | 14        |
|    iterations         | 66900     |
|    time_elapsed       | 23397     |
|    total_timesteps    | 334500    |
| train/                |           |
|    entropy_loss       | 8.01      |
|    explained_variance | 0         |
|    learning_rate      | 0.0007    |
|    n_updates          | 66899     |
|    policy_loss        | -2.13e+04 |
|    reward             | 829.81805 |
|    std                | 0.0109    |
|    value_loss         | 6.99e+06  |
-------------------------------------
EPISODE:  336
-------------------------------------
| time/                 |           |
|    fps                | 14        |
|    iterations         | 67000     |
|    time_elapsed       | 23432     |
|    total_timesteps    | 335000    |
| train/                |           |
|    entropy_loss       | 8.01      |
|    explained_variance | -1.19e-07 |
|    learning_rate      | 0.0007    |
|    n_updates          | 66999     |
|    policy_loss        | -4.96e+03 |
|    reward             | 170.47614 |
|    std                | 0.0109    |
|    value_loss         | 6.07e+05  |
-------------------------------------
-------------------------------------
| time/                 |           |
|    fps                | 14        |
|    iterations         | 67100     |
|    time_elapsed       | 23467     |
|    total_timesteps    | 335500    |
| train/                |           |
|    entropy_loss       | 8.02      |
|    explained_variance | 0         |
|    learning_rate      | 0.0007    |
|    n_updates          | 67099     |
|    policy_loss        | -1.74e+04 |
|    reward             | 829.81805 |
|    std                | 0.0109    |
|    value_loss         | 6.99e+06  |
-------------------------------------
EPISODE:  337
-------------------------------------
| time/                 |           |
|    fps                | 14        |
|    iterations         | 67200     |
|    time_elapsed       | 23502     |
|    total_timesteps    | 336000    |
| train/                |           |
|    entropy_loss       | 8.03      |
|    explained_variance | 1.19e-07  |
|    learning_rate      | 0.0007    |
|    n_updates          | 67199     |
|    policy_loss        | -5.69e+03 |
|    reward             | 170.47614 |
|    std                | 0.0109    |
|    value_loss         | 6.06e+05  |
-------------------------------------
-------------------------------------
| time/                 |           |
|    fps                | 14        |
|    iterations         | 67300     |
|    time_elapsed       | 23539     |
|    total_timesteps    | 336500    |
| train/                |           |
|    entropy_loss       | 8.04      |
|    explained_variance | 0         |
|    learning_rate      | 0.0007    |
|    n_updates          | 67299     |
|    policy_loss        | -1.99e+04 |
|    reward             | 829.81805 |
|    std                | 0.0109    |
|    value_loss         | 6.99e+06  |
-------------------------------------
EPISODE:  338
-------------------------------------
| time/                 |           |
|    fps                | 14        |
|    iterations         | 67400     |
|    time_elapsed       | 23573     |
|    total_timesteps    | 337000    |
| train/                |           |
|    entropy_loss       | 8.05      |
|    explained_variance | 0         |
|    learning_rate      | 0.0007    |
|    n_updates          | 67399     |
|    policy_loss        | -6.01e+03 |
|    reward             | 170.47614 |
|    std                | 0.0109    |
|    value_loss         | 6.06e+05  |
-------------------------------------
-------------------------------------
| time/                 |           |
|    fps                | 14        |
|    iterations         | 67500     |
|    time_elapsed       | 23608     |
|    total_timesteps    | 337500    |
| train/                |           |
|    entropy_loss       | 8.07      |
|    explained_variance | 0         |
|    learning_rate      | 0.0007    |
|    n_updates          | 67499     |
|    policy_loss        | -1.64e+04 |
|    reward             | 829.81805 |
|    std                | 0.0108    |
|    value_loss         | 6.99e+06  |
-------------------------------------
EPISODE:  339
-------------------------------------
| time/                 |           |
|    fps                | 14        |
|    iterations         | 67600     |
|    time_elapsed       | 23643     |
|    total_timesteps    | 338000    |
| train/                |           |
|    entropy_loss       | 8.09      |
|    explained_variance | 0         |
|    learning_rate      | 0.0007    |
|    n_updates          | 67599     |
|    policy_loss        | -6.02e+03 |
|    reward             | 170.47614 |
|    std                | 0.0107    |
|    value_loss         | 6.06e+05  |
-------------------------------------
-------------------------------------
| time/                 |           |
|    fps                | 14        |
|    iterations         | 67700     |
|    time_elapsed       | 23678     |
|    total_timesteps    | 338500    |
| train/                |           |
|    entropy_loss       | 8.09      |
|    explained_variance | 0         |
|    learning_rate      | 0.0007    |
|    n_updates          | 67699     |
|    policy_loss        | -1.94e+04 |
|    reward             | 829.81805 |
|    std                | 0.0108    |
|    value_loss         | 6.99e+06  |
-------------------------------------
EPISODE:  340
-------------------------------------
| time/                 |           |
|    fps                | 14        |
|    iterations         | 67800     |
|    time_elapsed       | 23713     |
|    total_timesteps    | 339000    |
| train/                |           |
|    entropy_loss       | 8.11      |
|    explained_variance | 0         |
|    learning_rate      | 0.0007    |
|    n_updates          | 67799     |
|    policy_loss        | -5.35e+03 |
|    reward             | 170.47614 |
|    std                | 0.0108    |
|    value_loss         | 6.06e+05  |
-------------------------------------
-------------------------------------
| time/                 |           |
|    fps                | 14        |
|    iterations         | 67900     |
|    time_elapsed       | 23748     |
|    total_timesteps    | 339500    |
| train/                |           |
|    entropy_loss       | 8.13      |
|    explained_variance | 0         |
|    learning_rate      | 0.0007    |
|    n_updates          | 67899     |
|    policy_loss        | -2.14e+04 |
|    reward             | 829.81805 |
|    std                | 0.0108    |
|    value_loss         | 6.99e+06  |
-------------------------------------
EPISODE:  341
-------------------------------------
| time/                 |           |
|    fps                | 14        |
|    iterations         | 68000     |
|    time_elapsed       | 23783     |
|    total_timesteps    | 340000    |
| train/                |           |
|    entropy_loss       | 8.13      |
|    explained_variance | 0         |
|    learning_rate      | 0.0007    |
|    n_updates          | 67999     |
|    policy_loss        | -5.84e+03 |
|    reward             | 170.47614 |
|    std                | 0.0108    |
|    value_loss         | 6.06e+05  |
-------------------------------------
-------------------------------------
| time/                 |           |
|    fps                | 14        |
|    iterations         | 68100     |
|    time_elapsed       | 23818     |
|    total_timesteps    | 340500    |
| train/                |           |
|    entropy_loss       | 8.14      |
|    explained_variance | 0         |
|    learning_rate      | 0.0007    |
|    n_updates          | 68099     |
|    policy_loss        | -1.94e+04 |
|    reward             | 829.81805 |
|    std                | 0.0108    |
|    value_loss         | 6.99e+06  |
-------------------------------------
EPISODE:  342
-------------------------------------
| time/                 |           |
|    fps                | 14        |
|    iterations         | 68200     |
|    time_elapsed       | 23853     |
|    total_timesteps    | 341000    |
| train/                |           |
|    entropy_loss       | 8.15      |
|    explained_variance | 0         |
|    learning_rate      | 0.0007    |
|    n_updates          | 68199     |
|    policy_loss        | -5.9e+03  |
|    reward             | 170.47614 |
|    std                | 0.0108    |
|    value_loss         | 6.05e+05  |
-------------------------------------
-------------------------------------
| time/                 |           |
|    fps                | 14        |
|    iterations         | 68300     |
|    time_elapsed       | 23888     |
|    total_timesteps    | 341500    |
| train/                |           |
|    entropy_loss       | 8.16      |
|    explained_variance | 0         |
|    learning_rate      | 0.0007    |
|    n_updates          | 68299     |
|    policy_loss        | -1.9e+04  |
|    reward             | 829.81805 |
|    std                | 0.0108    |
|    value_loss         | 6.99e+06  |
-------------------------------------
EPISODE:  343
-------------------------------------
| time/                 |           |
|    fps                | 14        |
|    iterations         | 68400     |
|    time_elapsed       | 23923     |
|    total_timesteps    | 342000    |
| train/                |           |
|    entropy_loss       | 8.16      |
|    explained_variance | 0         |
|    learning_rate      | 0.0007    |
|    n_updates          | 68399     |
|    policy_loss        | -6.29e+03 |
|    reward             | 170.47614 |
|    std                | 0.0108    |
|    value_loss         | 6.05e+05  |
-------------------------------------
-------------------------------------
| time/                 |           |
|    fps                | 14        |
|    iterations         | 68500     |
|    time_elapsed       | 23958     |
|    total_timesteps    | 342500    |
| train/                |           |
|    entropy_loss       | 8.18      |
|    explained_variance | 0         |
|    learning_rate      | 0.0007    |
|    n_updates          | 68499     |
|    policy_loss        | -1.94e+04 |
|    reward             | 829.81805 |
|    std                | 0.0108    |
|    value_loss         | 6.99e+06  |
-------------------------------------
EPISODE:  344
-------------------------------------
| time/                 |           |
|    fps                | 14        |
|    iterations         | 68600     |
|    time_elapsed       | 23993     |
|    total_timesteps    | 343000    |
| train/                |           |
|    entropy_loss       | 8.21      |
|    explained_variance | 0         |
|    learning_rate      | 0.0007    |
|    n_updates          | 68599     |
|    policy_loss        | -5.91e+03 |
|    reward             | 170.47614 |
|    std                | 0.0106    |
|    value_loss         | 6.05e+05  |
-------------------------------------
-------------------------------------
| time/                 |           |
|    fps                | 14        |
|    iterations         | 68700     |
|    time_elapsed       | 24028     |
|    total_timesteps    | 343500    |
| train/                |           |
|    entropy_loss       | 8.21      |
|    explained_variance | 0         |
|    learning_rate      | 0.0007    |
|    n_updates          | 68699     |
|    policy_loss        | -1.97e+04 |
|    reward             | 829.81805 |
|    std                | 0.0106    |
|    value_loss         | 6.98e+06  |
-------------------------------------
EPISODE:  345
-------------------------------------
| time/                 |           |
|    fps                | 14        |
|    iterations         | 68800     |
|    time_elapsed       | 24063     |
|    total_timesteps    | 344000    |
| train/                |           |
|    entropy_loss       | 8.22      |
|    explained_variance | 0         |
|    learning_rate      | 0.0007    |
|    n_updates          | 68799     |
|    policy_loss        | -5.25e+03 |
|    reward             | 170.47614 |
|    std                | 0.0106    |
|    value_loss         | 6.05e+05  |
-------------------------------------
-------------------------------------
| time/                 |           |
|    fps                | 14        |
|    iterations         | 68900     |
|    time_elapsed       | 24098     |
|    total_timesteps    | 344500    |
| train/                |           |
|    entropy_loss       | 8.25      |
|    explained_variance | 0         |
|    learning_rate      | 0.0007    |
|    n_updates          | 68899     |
|    policy_loss        | -2.04e+04 |
|    reward             | 829.81805 |
|    std                | 0.0105    |
|    value_loss         | 6.98e+06  |
-------------------------------------
EPISODE:  346
-------------------------------------
| time/                 |           |
|    fps                | 14        |
|    iterations         | 69000     |
|    time_elapsed       | 24133     |
|    total_timesteps    | 345000    |
| train/                |           |
|    entropy_loss       | 8.26      |
|    explained_variance | 0         |
|    learning_rate      | 0.0007    |
|    n_updates          | 68999     |
|    policy_loss        | -6.04e+03 |
|    reward             | 170.47614 |
|    std                | 0.0104    |
|    value_loss         | 6.05e+05  |
-------------------------------------
-------------------------------------
| time/                 |           |
|    fps                | 14        |
|    iterations         | 69100     |
|    time_elapsed       | 24168     |
|    total_timesteps    | 345500    |
| train/                |           |
|    entropy_loss       | 8.27      |
|    explained_variance | 1.19e-07  |
|    learning_rate      | 0.0007    |
|    n_updates          | 69099     |
|    policy_loss        | -2.02e+04 |
|    reward             | 829.81805 |
|    std                | 0.0104    |
|    value_loss         | 6.98e+06  |
-------------------------------------
EPISODE:  347
-------------------------------------
| time/                 |           |
|    fps                | 14        |
|    iterations         | 69200     |
|    time_elapsed       | 24203     |
|    total_timesteps    | 346000    |
| train/                |           |
|    entropy_loss       | 8.28      |
|    explained_variance | 0         |
|    learning_rate      | 0.0007    |
|    n_updates          | 69199     |
|    policy_loss        | -5.75e+03 |
|    reward             | 170.47614 |
|    std                | 0.0104    |
|    value_loss         | 6.04e+05  |
-------------------------------------
-------------------------------------
| time/                 |           |
|    fps                | 14        |
|    iterations         | 69300     |
|    time_elapsed       | 24238     |
|    total_timesteps    | 346500    |
| train/                |           |
|    entropy_loss       | 8.31      |
|    explained_variance | 0         |
|    learning_rate      | 0.0007    |
|    n_updates          | 69299     |
|    policy_loss        | -2.05e+04 |
|    reward             | 829.81805 |
|    std                | 0.0102    |
|    value_loss         | 6.98e+06  |
-------------------------------------
EPISODE:  348
-------------------------------------
| time/                 |           |
|    fps                | 14        |
|    iterations         | 69400     |
|    time_elapsed       | 24273     |
|    total_timesteps    | 347000    |
| train/                |           |
|    entropy_loss       | 8.32      |
|    explained_variance | -1.19e-07 |
|    learning_rate      | 0.0007    |
|    n_updates          | 69399     |
|    policy_loss        | -5.95e+03 |
|    reward             | 170.47614 |
|    std                | 0.0102    |
|    value_loss         | 6.04e+05  |
-------------------------------------
-------------------------------------
| time/                 |           |
|    fps                | 14        |
|    iterations         | 69500     |
|    time_elapsed       | 24308     |
|    total_timesteps    | 347500    |
| train/                |           |
|    entropy_loss       | 8.34      |
|    explained_variance | 0         |
|    learning_rate      | 0.0007    |
|    n_updates          | 69499     |
|    policy_loss        | -2.05e+04 |
|    reward             | 829.81805 |
|    std                | 0.0101    |
|    value_loss         | 6.98e+06  |
-------------------------------------
EPISODE:  349
-------------------------------------
| time/                 |           |
|    fps                | 14        |
|    iterations         | 69600     |
|    time_elapsed       | 24343     |
|    total_timesteps    | 348000    |
| train/                |           |
|    entropy_loss       | 8.35      |
|    explained_variance | 0         |
|    learning_rate      | 0.0007    |
|    n_updates          | 69599     |
|    policy_loss        | -6.01e+03 |
|    reward             | 170.47614 |
|    std                | 0.0102    |
|    value_loss         | 6.04e+05  |
-------------------------------------
-------------------------------------
| time/                 |           |
|    fps                | 14        |
|    iterations         | 69700     |
|    time_elapsed       | 24378     |
|    total_timesteps    | 348500    |
| train/                |           |
|    entropy_loss       | 8.36      |
|    explained_variance | 0         |
|    learning_rate      | 0.0007    |
|    n_updates          | 69699     |
|    policy_loss        | -1.99e+04 |
|    reward             | 829.81805 |
|    std                | 0.0101    |
|    value_loss         | 6.98e+06  |
-------------------------------------
EPISODE:  350
-------------------------------------
| time/                 |           |
|    fps                | 14        |
|    iterations         | 69800     |
|    time_elapsed       | 24413     |
|    total_timesteps    | 349000    |
| train/                |           |
|    entropy_loss       | 8.37      |
|    explained_variance | 0         |
|    learning_rate      | 0.0007    |
|    n_updates          | 69799     |
|    policy_loss        | -4.6e+03  |
|    reward             | 170.47614 |
|    std                | 0.01      |
|    value_loss         | 6.04e+05  |
-------------------------------------
-------------------------------------
| time/                 |           |
|    fps                | 14        |
|    iterations         | 69900     |
|    time_elapsed       | 24449     |
|    total_timesteps    | 349500    |
| train/                |           |
|    entropy_loss       | 8.39      |
|    explained_variance | 0         |
|    learning_rate      | 0.0007    |
|    n_updates          | 69899     |
|    policy_loss        | -2.09e+04 |
|    reward             | 829.81805 |
|    std                | 0.00993   |
|    value_loss         | 6.98e+06  |
-------------------------------------
EPISODE:  351
-------------------------------------
| time/                 |           |
|    fps                | 14        |
|    iterations         | 70000     |
|    time_elapsed       | 24484     |
|    total_timesteps    | 350000    |
| train/                |           |
|    entropy_loss       | 8.4       |
|    explained_variance | 0         |
|    learning_rate      | 0.0007    |
|    n_updates          | 69999     |
|    policy_loss        | -5.42e+03 |
|    reward             | 170.47614 |
|    std                | 0.00996   |
|    value_loss         | 6.04e+05  |
-------------------------------------
-------------------------------------
| time/                 |           |
|    fps                | 14        |
|    iterations         | 70100     |
|    time_elapsed       | 24519     |
|    total_timesteps    | 350500    |
| train/                |           |
|    entropy_loss       | 8.42      |
|    explained_variance | 0         |
|    learning_rate      | 0.0007    |
|    n_updates          | 70099     |
|    policy_loss        | -2.2e+04  |
|    reward             | 829.81805 |
|    std                | 0.0099    |
|    value_loss         | 6.98e+06  |
-------------------------------------
EPISODE:  352
-------------------------------------
| time/                 |           |
|    fps                | 14        |
|    iterations         | 70200     |
|    time_elapsed       | 24554     |
|    total_timesteps    | 351000    |
| train/                |           |
|    entropy_loss       | 8.42      |
|    explained_variance | 5.96e-08  |
|    learning_rate      | 0.0007    |
|    n_updates          | 70199     |
|    policy_loss        | -6.09e+03 |
|    reward             | 170.47614 |
|    std                | 0.0099    |
|    value_loss         | 6.04e+05  |
-------------------------------------
-------------------------------------
| time/                 |           |
|    fps                | 14        |
|    iterations         | 70300     |
|    time_elapsed       | 24589     |
|    total_timesteps    | 351500    |
| train/                |           |
|    entropy_loss       | 8.43      |
|    explained_variance | 1.19e-07  |
|    learning_rate      | 0.0007    |
|    n_updates          | 70299     |
|    policy_loss        | -1.84e+04 |
|    reward             | 829.81805 |
|    std                | 0.00982   |
|    value_loss         | 6.98e+06  |
-------------------------------------
EPISODE:  353
-------------------------------------
| time/                 |           |
|    fps                | 14        |
|    iterations         | 70400     |
|    time_elapsed       | 24624     |
|    total_timesteps    | 352000    |
| train/                |           |
|    entropy_loss       | 8.44      |
|    explained_variance | 0         |
|    learning_rate      | 0.0007    |
|    n_updates          | 70399     |
|    policy_loss        | -5.97e+03 |
|    reward             | 170.47614 |
|    std                | 0.00972   |
|    value_loss         | 6.03e+05  |
-------------------------------------
-------------------------------------
| time/                 |           |
|    fps                | 14        |
|    iterations         | 70500     |
|    time_elapsed       | 24659     |
|    total_timesteps    | 352500    |
| train/                |           |
|    entropy_loss       | 8.46      |
|    explained_variance | 0         |
|    learning_rate      | 0.0007    |
|    n_updates          | 70499     |
|    policy_loss        | -2.11e+04 |
|    reward             | 828.48444 |
|    std                | 0.00966   |
|    value_loss         | 6.96e+06  |
-------------------------------------
EPISODE:  354
-------------------------------------
| time/                 |           |
|    fps                | 14        |
|    iterations         | 70600     |
|    time_elapsed       | 24694     |
|    total_timesteps    | 353000    |
| train/                |           |
|    entropy_loss       | 8.48      |
|    explained_variance | 0         |
|    learning_rate      | 0.0007    |
|    n_updates          | 70599     |
|    policy_loss        | -6e+03    |
|    reward             | 169.63303 |
|    std                | 0.00953   |
|    value_loss         | 5.97e+05  |
-------------------------------------
-------------------------------------
| time/                 |           |
|    fps                | 14        |
|    iterations         | 70700     |
|    time_elapsed       | 24729     |
|    total_timesteps    | 353500    |
| train/                |           |
|    entropy_loss       | 8.5       |
|    explained_variance | 0         |
|    learning_rate      | 0.0007    |
|    n_updates          | 70699     |
|    policy_loss        | -1.98e+04 |
|    reward             | 829.81805 |
|    std                | 0.00952   |
|    value_loss         | 6.98e+06  |
-------------------------------------
EPISODE:  355
-------------------------------------
| time/                 |           |
|    fps                | 14        |
|    iterations         | 70800     |
|    time_elapsed       | 24764     |
|    total_timesteps    | 354000    |
| train/                |           |
|    entropy_loss       | 8.52      |
|    explained_variance | 0         |
|    learning_rate      | 0.0007    |
|    n_updates          | 70799     |
|    policy_loss        | -5.66e+03 |
|    reward             | 170.47614 |
|    std                | 0.00939   |
|    value_loss         | 6.03e+05  |
-------------------------------------
-------------------------------------
| time/                 |           |
|    fps                | 14        |
|    iterations         | 70900     |
|    time_elapsed       | 24798     |
|    total_timesteps    | 354500    |
| train/                |           |
|    entropy_loss       | 8.54      |
|    explained_variance | 0         |
|    learning_rate      | 0.0007    |
|    n_updates          | 70899     |
|    policy_loss        | -2.1e+04  |
|    reward             | 829.81805 |
|    std                | 0.00941   |
|    value_loss         | 6.98e+06  |
-------------------------------------
EPISODE:  356
-------------------------------------
| time/                 |           |
|    fps                | 14        |
|    iterations         | 71000     |
|    time_elapsed       | 24833     |
|    total_timesteps    | 355000    |
| train/                |           |
|    entropy_loss       | 8.54      |
|    explained_variance | 5.96e-08  |
|    learning_rate      | 0.0007    |
|    n_updates          | 70999     |
|    policy_loss        | -6.15e+03 |
|    reward             | 170.47614 |
|    std                | 0.00937   |
|    value_loss         | 6.03e+05  |
-------------------------------------
-------------------------------------
| time/                 |           |
|    fps                | 14        |
|    iterations         | 71100     |
|    time_elapsed       | 24868     |
|    total_timesteps    | 355500    |
| train/                |           |
|    entropy_loss       | 8.57      |
|    explained_variance | 0         |
|    learning_rate      | 0.0007    |
|    n_updates          | 71099     |
|    policy_loss        | -1.99e+04 |
|    reward             | 829.81805 |
|    std                | 0.00926   |
|    value_loss         | 6.98e+06  |
-------------------------------------
EPISODE:  357
-------------------------------------
| time/                 |           |
|    fps                | 14        |
|    iterations         | 71200     |
|    time_elapsed       | 24903     |
|    total_timesteps    | 356000    |
| train/                |           |
|    entropy_loss       | 8.59      |
|    explained_variance | 0         |
|    learning_rate      | 0.0007    |
|    n_updates          | 71199     |
|    policy_loss        | -6.16e+03 |
|    reward             | 170.47614 |
|    std                | 0.00926   |
|    value_loss         | 6.03e+05  |
-------------------------------------
-------------------------------------
| time/                 |           |
|    fps                | 14        |
|    iterations         | 71300     |
|    time_elapsed       | 24938     |
|    total_timesteps    | 356500    |
| train/                |           |
|    entropy_loss       | 8.59      |
|    explained_variance | 0         |
|    learning_rate      | 0.0007    |
|    n_updates          | 71299     |
|    policy_loss        | -2.05e+04 |
|    reward             | 829.81805 |
|    std                | 0.00925   |
|    value_loss         | 6.98e+06  |
-------------------------------------
EPISODE:  358
-------------------------------------
| time/                 |           |
|    fps                | 14        |
|    iterations         | 71400     |
|    time_elapsed       | 24973     |
|    total_timesteps    | 357000    |
| train/                |           |
|    entropy_loss       | 8.6       |
|    explained_variance | -1.19e-07 |
|    learning_rate      | 0.0007    |
|    n_updates          | 71399     |
|    policy_loss        | -6.2e+03  |
|    reward             | 170.47614 |
|    std                | 0.00922   |
|    value_loss         | 6.02e+05  |
-------------------------------------
-------------------------------------
| time/                 |           |
|    fps                | 14        |
|    iterations         | 71500     |
|    time_elapsed       | 25008     |
|    total_timesteps    | 357500    |
| train/                |           |
|    entropy_loss       | 8.62      |
|    explained_variance | 0         |
|    learning_rate      | 0.0007    |
|    n_updates          | 71499     |
|    policy_loss        | -2.21e+04 |
|    reward             | 829.81805 |
|    std                | 0.00917   |
|    value_loss         | 6.98e+06  |
-------------------------------------
EPISODE:  359
-------------------------------------
| time/                 |           |
|    fps                | 14        |
|    iterations         | 71600     |
|    time_elapsed       | 25043     |
|    total_timesteps    | 358000    |
| train/                |           |
|    entropy_loss       | 8.63      |
|    explained_variance | 0         |
|    learning_rate      | 0.0007    |
|    n_updates          | 71599     |
|    policy_loss        | -4.64e+03 |
|    reward             | 170.47614 |
|    std                | 0.00918   |
|    value_loss         | 6.02e+05  |
-------------------------------------
-------------------------------------
| time/                 |           |
|    fps                | 14        |
|    iterations         | 71700     |
|    time_elapsed       | 25078     |
|    total_timesteps    | 358500    |
| train/                |           |
|    entropy_loss       | 8.65      |
|    explained_variance | 1.19e-07  |
|    learning_rate      | 0.0007    |
|    n_updates          | 71699     |
|    policy_loss        | -2.02e+04 |
|    reward             | 829.81805 |
|    std                | 0.00917   |
|    value_loss         | 6.97e+06  |
-------------------------------------
EPISODE:  360
-------------------------------------
| time/                 |           |
|    fps                | 14        |
|    iterations         | 71800     |
|    time_elapsed       | 25113     |
|    total_timesteps    | 359000    |
| train/                |           |
|    entropy_loss       | 8.68      |
|    explained_variance | 0         |
|    learning_rate      | 0.0007    |
|    n_updates          | 71799     |
|    policy_loss        | -6.35e+03 |
|    reward             | 170.47614 |
|    std                | 0.00906   |
|    value_loss         | 6.02e+05  |
-------------------------------------
-------------------------------------
| time/                 |           |
|    fps                | 14        |
|    iterations         | 71900     |
|    time_elapsed       | 25148     |
|    total_timesteps    | 359500    |
| train/                |           |
|    entropy_loss       | 8.68      |
|    explained_variance | 0         |
|    learning_rate      | 0.0007    |
|    n_updates          | 71899     |
|    policy_loss        | -2.13e+04 |
|    reward             | 829.81805 |
|    std                | 0.00901   |
|    value_loss         | 6.97e+06  |
-------------------------------------
EPISODE:  361
-------------------------------------
| time/                 |           |
|    fps                | 14        |
|    iterations         | 72000     |
|    time_elapsed       | 25183     |
|    total_timesteps    | 360000    |
| train/                |           |
|    entropy_loss       | 8.71      |
|    explained_variance | 0         |
|    learning_rate      | 0.0007    |
|    n_updates          | 71999     |
|    policy_loss        | -6.07e+03 |
|    reward             | 170.47614 |
|    std                | 0.0089    |
|    value_loss         | 6.02e+05  |
-------------------------------------
-------------------------------------
| time/                 |           |
|    fps                | 14        |
|    iterations         | 72100     |
|    time_elapsed       | 25218     |
|    total_timesteps    | 360500    |
| train/                |           |
|    entropy_loss       | 8.73      |
|    explained_variance | 0         |
|    learning_rate      | 0.0007    |
|    n_updates          | 72099     |
|    policy_loss        | -2.2e+04  |
|    reward             | 829.81805 |
|    std                | 0.00884   |
|    value_loss         | 6.97e+06  |
-------------------------------------
EPISODE:  362
-------------------------------------
| time/                 |           |
|    fps                | 14        |
|    iterations         | 72200     |
|    time_elapsed       | 25253     |
|    total_timesteps    | 361000    |
| train/                |           |
|    entropy_loss       | 8.73      |
|    explained_variance | 0         |
|    learning_rate      | 0.0007    |
|    n_updates          | 72199     |
|    policy_loss        | -6.24e+03 |
|    reward             | 170.47614 |
|    std                | 0.00884   |
|    value_loss         | 6.02e+05  |
-------------------------------------
-------------------------------------
| time/                 |           |
|    fps                | 14        |
|    iterations         | 72300     |
|    time_elapsed       | 25288     |
|    total_timesteps    | 361500    |
| train/                |           |
|    entropy_loss       | 8.73      |
|    explained_variance | 0         |
|    learning_rate      | 0.0007    |
|    n_updates          | 72299     |
|    policy_loss        | -2.1e+04  |
|    reward             | 829.81805 |
|    std                | 0.00885   |
|    value_loss         | 6.97e+06  |
-------------------------------------
EPISODE:  363
-------------------------------------
| time/                 |           |
|    fps                | 14        |
|    iterations         | 72400     |
|    time_elapsed       | 25323     |
|    total_timesteps    | 362000    |
| train/                |           |
|    entropy_loss       | 8.74      |
|    explained_variance | 1.19e-07  |
|    learning_rate      | 0.0007    |
|    n_updates          | 72399     |
|    policy_loss        | -6.5e+03  |
|    reward             | 170.47614 |
|    std                | 0.00888   |
|    value_loss         | 6.02e+05  |
-------------------------------------
-------------------------------------
| time/                 |           |
|    fps                | 14        |
|    iterations         | 72500     |
|    time_elapsed       | 25358     |
|    total_timesteps    | 362500    |
| train/                |           |
|    entropy_loss       | 8.76      |
|    explained_variance | 0         |
|    learning_rate      | 0.0007    |
|    n_updates          | 72499     |
|    policy_loss        | -1.52e+04 |
|    reward             | 829.81805 |
|    std                | 0.00885   |
|    value_loss         | 6.97e+06  |
-------------------------------------
EPISODE:  364
-------------------------------------
| time/                 |           |
|    fps                | 14        |
|    iterations         | 72600     |
|    time_elapsed       | 25394     |
|    total_timesteps    | 363000    |
| train/                |           |
|    entropy_loss       | 8.77      |
|    explained_variance | 0         |
|    learning_rate      | 0.0007    |
|    n_updates          | 72599     |
|    policy_loss        | -5.91e+03 |
|    reward             | 170.47614 |
|    std                | 0.00881   |
|    value_loss         | 6.01e+05  |
-------------------------------------
-------------------------------------
| time/                 |           |
|    fps                | 14        |
|    iterations         | 72700     |
|    time_elapsed       | 25429     |
|    total_timesteps    | 363500    |
| train/                |           |
|    entropy_loss       | 8.79      |
|    explained_variance | -2.38e-07 |
|    learning_rate      | 0.0007    |
|    n_updates          | 72699     |
|    policy_loss        | -1.96e+04 |
|    reward             | 829.81805 |
|    std                | 0.00873   |
|    value_loss         | 6.97e+06  |
-------------------------------------
EPISODE:  365
-------------------------------------
| time/                 |           |
|    fps                | 14        |
|    iterations         | 72800     |
|    time_elapsed       | 25464     |
|    total_timesteps    | 364000    |
| train/                |           |
|    entropy_loss       | 8.79      |
|    explained_variance | 0         |
|    learning_rate      | 0.0007    |
|    n_updates          | 72799     |
|    policy_loss        | -5.67e+03 |
|    reward             | 170.47614 |
|    std                | 0.00876   |
|    value_loss         | 6.01e+05  |
-------------------------------------
-------------------------------------
| time/                 |           |
|    fps                | 14        |
|    iterations         | 72900     |
|    time_elapsed       | 25499     |
|    total_timesteps    | 364500    |
| train/                |           |
|    entropy_loss       | 8.82      |
|    explained_variance | 0         |
|    learning_rate      | 0.0007    |
|    n_updates          | 72899     |
|    policy_loss        | -2.09e+04 |
|    reward             | 829.81805 |
|    std                | 0.00865   |
|    value_loss         | 6.97e+06  |
-------------------------------------
EPISODE:  366
-------------------------------------
| time/                 |           |
|    fps                | 14        |
|    iterations         | 73000     |
|    time_elapsed       | 25534     |
|    total_timesteps    | 365000    |
| train/                |           |
|    entropy_loss       | 8.84      |
|    explained_variance | 0         |
|    learning_rate      | 0.0007    |
|    n_updates          | 72999     |
|    policy_loss        | -6.02e+03 |
|    reward             | 170.47614 |
|    std                | 0.00859   |
|    value_loss         | 6.01e+05  |
-------------------------------------
-------------------------------------
| time/                 |           |
|    fps                | 14        |
|    iterations         | 73100     |
|    time_elapsed       | 25569     |
|    total_timesteps    | 365500    |
| train/                |           |
|    entropy_loss       | 8.86      |
|    explained_variance | 1.19e-07  |
|    learning_rate      | 0.0007    |
|    n_updates          | 73099     |
|    policy_loss        | -2.19e+04 |
|    reward             | 829.81805 |
|    std                | 0.00854   |
|    value_loss         | 6.97e+06  |
-------------------------------------
EPISODE:  367
-------------------------------------
| time/                 |           |
|    fps                | 14        |
|    iterations         | 73200     |
|    time_elapsed       | 25604     |
|    total_timesteps    | 366000    |
| train/                |           |
|    entropy_loss       | 8.86      |
|    explained_variance | -1.19e-07 |
|    learning_rate      | 0.0007    |
|    n_updates          | 73199     |
|    policy_loss        | -6.34e+03 |
|    reward             | 170.47614 |
|    std                | 0.00861   |
|    value_loss         | 6.01e+05  |
-------------------------------------
-------------------------------------
| time/                 |           |
|    fps                | 14        |
|    iterations         | 73300     |
|    time_elapsed       | 25639     |
|    total_timesteps    | 366500    |
| train/                |           |
|    entropy_loss       | 8.88      |
|    explained_variance | 0         |
|    learning_rate      | 0.0007    |
|    n_updates          | 73299     |
|    policy_loss        | -1.92e+04 |
|    reward             | 829.81805 |
|    std                | 0.00855   |
|    value_loss         | 6.97e+06  |
-------------------------------------
EPISODE:  368
-------------------------------------
| time/                 |           |
|    fps                | 14        |
|    iterations         | 73400     |
|    time_elapsed       | 25674     |
|    total_timesteps    | 367000    |
| train/                |           |
|    entropy_loss       | 8.89      |
|    explained_variance | 0         |
|    learning_rate      | 0.0007    |
|    n_updates          | 73399     |
|    policy_loss        | -5.97e+03 |
|    reward             | 170.47614 |
|    std                | 0.00854   |
|    value_loss         | 6.01e+05  |
-------------------------------------
-------------------------------------
| time/                 |           |
|    fps                | 14        |
|    iterations         | 73500     |
|    time_elapsed       | 25708     |
|    total_timesteps    | 367500    |
| train/                |           |
|    entropy_loss       | 8.9       |
|    explained_variance | 0         |
|    learning_rate      | 0.0007    |
|    n_updates          | 73499     |
|    policy_loss        | -1.96e+04 |
|    reward             | 829.81805 |
|    std                | 0.00851   |
|    value_loss         | 6.97e+06  |
-------------------------------------
EPISODE:  369
-------------------------------------
| time/                 |           |
|    fps                | 14        |
|    iterations         | 73600     |
|    time_elapsed       | 25743     |
|    total_timesteps    | 368000    |
| train/                |           |
|    entropy_loss       | 8.9       |
|    explained_variance | -1.19e-07 |
|    learning_rate      | 0.0007    |
|    n_updates          | 73599     |
|    policy_loss        | -5.82e+03 |
|    reward             | 170.47614 |
|    std                | 0.00851   |
|    value_loss         | 6e+05     |
-------------------------------------
-------------------------------------
| time/                 |           |
|    fps                | 14        |
|    iterations         | 73700     |
|    time_elapsed       | 25778     |
|    total_timesteps    | 368500    |
| train/                |           |
|    entropy_loss       | 8.91      |
|    explained_variance | 0         |
|    learning_rate      | 0.0007    |
|    n_updates          | 73699     |
|    policy_loss        | -2.1e+04  |
|    reward             | 829.81805 |
|    std                | 0.00846   |
|    value_loss         | 6.97e+06  |
-------------------------------------
EPISODE:  370
-------------------------------------
| time/                 |           |
|    fps                | 14        |
|    iterations         | 73800     |
|    time_elapsed       | 25813     |
|    total_timesteps    | 369000    |
| train/                |           |
|    entropy_loss       | 8.92      |
|    explained_variance | 0         |
|    learning_rate      | 0.0007    |
|    n_updates          | 73799     |
|    policy_loss        | -6.5e+03  |
|    reward             | 170.47614 |
|    std                | 0.00848   |
|    value_loss         | 6e+05     |
-------------------------------------
-------------------------------------
| time/                 |           |
|    fps                | 14        |
|    iterations         | 73900     |
|    time_elapsed       | 25848     |
|    total_timesteps    | 369500    |
| train/                |           |
|    entropy_loss       | 8.94      |
|    explained_variance | -1.19e-07 |
|    learning_rate      | 0.0007    |
|    n_updates          | 73899     |
|    policy_loss        | -2e+04    |
|    reward             | 829.81805 |
|    std                | 0.00841   |
|    value_loss         | 6.97e+06  |
-------------------------------------
EPISODE:  371
-------------------------------------
| time/                 |           |
|    fps                | 14        |
|    iterations         | 74000     |
|    time_elapsed       | 25883     |
|    total_timesteps    | 370000    |
| train/                |           |
|    entropy_loss       | 8.95      |
|    explained_variance | 5.96e-08  |
|    learning_rate      | 0.0007    |
|    n_updates          | 73999     |
|    policy_loss        | -6.45e+03 |
|    reward             | 170.47614 |
|    std                | 0.00841   |
|    value_loss         | 6e+05     |
-------------------------------------
-------------------------------------
| time/                 |           |
|    fps                | 14        |
|    iterations         | 74100     |
|    time_elapsed       | 25918     |
|    total_timesteps    | 370500    |
| train/                |           |
|    entropy_loss       | 8.98      |
|    explained_variance | 1.19e-07  |
|    learning_rate      | 0.0007    |
|    n_updates          | 74099     |
|    policy_loss        | -2.29e+04 |
|    reward             | 829.81805 |
|    std                | 0.00832   |
|    value_loss         | 6.97e+06  |
-------------------------------------
EPISODE:  372
-------------------------------------
| time/                 |           |
|    fps                | 14        |
|    iterations         | 74200     |
|    time_elapsed       | 25953     |
|    total_timesteps    | 371000    |
| train/                |           |
|    entropy_loss       | 8.99      |
|    explained_variance | -1.19e-07 |
|    learning_rate      | 0.0007    |
|    n_updates          | 74199     |
|    policy_loss        | -6.01e+03 |
|    reward             | 170.47614 |
|    std                | 0.00837   |
|    value_loss         | 6e+05     |
-------------------------------------
-------------------------------------
| time/                 |           |
|    fps                | 14        |
|    iterations         | 74300     |
|    time_elapsed       | 25988     |
|    total_timesteps    | 371500    |
| train/                |           |
|    entropy_loss       | 9         |
|    explained_variance | 1.19e-07  |
|    learning_rate      | 0.0007    |
|    n_updates          | 74299     |
|    policy_loss        | -1.99e+04 |
|    reward             | 829.81805 |
|    std                | 0.00832   |
|    value_loss         | 6.97e+06  |
-------------------------------------
EPISODE:  373
-------------------------------------
| time/                 |           |
|    fps                | 14        |
|    iterations         | 74400     |
|    time_elapsed       | 26023     |
|    total_timesteps    | 372000    |
| train/                |           |
|    entropy_loss       | 9.01      |
|    explained_variance | 0         |
|    learning_rate      | 0.0007    |
|    n_updates          | 74399     |
|    policy_loss        | -6.54e+03 |
|    reward             | 170.47614 |
|    std                | 0.00831   |
|    value_loss         | 6e+05     |
-------------------------------------
-------------------------------------
| time/                 |           |
|    fps                | 14        |
|    iterations         | 74500     |
|    time_elapsed       | 26058     |
|    total_timesteps    | 372500    |
| train/                |           |
|    entropy_loss       | 9.03      |
|    explained_variance | 0         |
|    learning_rate      | 0.0007    |
|    n_updates          | 74499     |
|    policy_loss        | -2.24e+04 |
|    reward             | 829.81805 |
|    std                | 0.00823   |
|    value_loss         | 6.97e+06  |
-------------------------------------
EPISODE:  374
-------------------------------------
| time/                 |           |
|    fps                | 14        |
|    iterations         | 74600     |
|    time_elapsed       | 26093     |
|    total_timesteps    | 373000    |
| train/                |           |
|    entropy_loss       | 9.04      |
|    explained_variance | 0         |
|    learning_rate      | 0.0007    |
|    n_updates          | 74599     |
|    policy_loss        | -6.18e+03 |
|    reward             | 170.47614 |
|    std                | 0.0082    |
|    value_loss         | 5.99e+05  |
-------------------------------------
-------------------------------------
| time/                 |           |
|    fps                | 14        |
|    iterations         | 74700     |
|    time_elapsed       | 26128     |
|    total_timesteps    | 373500    |
| train/                |           |
|    entropy_loss       | 9.06      |
|    explained_variance | 0         |
|    learning_rate      | 0.0007    |
|    n_updates          | 74699     |
|    policy_loss        | -2.19e+04 |
|    reward             | 829.81805 |
|    std                | 0.00815   |
|    value_loss         | 6.97e+06  |
-------------------------------------
EPISODE:  375
-------------------------------------
| time/                 |           |
|    fps                | 14        |
|    iterations         | 74800     |
|    time_elapsed       | 26163     |
|    total_timesteps    | 374000    |
| train/                |           |
|    entropy_loss       | 9.07      |
|    explained_variance | 0         |
|    learning_rate      | 0.0007    |
|    n_updates          | 74799     |
|    policy_loss        | -6.44e+03 |
|    reward             | 170.47614 |
|    std                | 0.00816   |
|    value_loss         | 5.99e+05  |
-------------------------------------
-------------------------------------
| time/                 |           |
|    fps                | 14        |
|    iterations         | 74900     |
|    time_elapsed       | 26198     |
|    total_timesteps    | 374500    |
| train/                |           |
|    entropy_loss       | 9.08      |
|    explained_variance | 0         |
|    learning_rate      | 0.0007    |
|    n_updates          | 74899     |
|    policy_loss        | -2.26e+04 |
|    reward             | 829.81805 |
|    std                | 0.00812   |
|    value_loss         | 6.97e+06  |
-------------------------------------
EPISODE:  376
-------------------------------------
| time/                 |           |
|    fps                | 14        |
|    iterations         | 75000     |
|    time_elapsed       | 26233     |
|    total_timesteps    | 375000    |
| train/                |           |
|    entropy_loss       | 9.1       |
|    explained_variance | 0         |
|    learning_rate      | 0.0007    |
|    n_updates          | 74999     |
|    policy_loss        | -6.66e+03 |
|    reward             | 170.47614 |
|    std                | 0.00804   |
|    value_loss         | 5.99e+05  |
-------------------------------------
-------------------------------------
| time/                 |           |
|    fps                | 14        |
|    iterations         | 75100     |
|    time_elapsed       | 26267     |
|    total_timesteps    | 375500    |
| train/                |           |
|    entropy_loss       | 9.1       |
|    explained_variance | 0         |
|    learning_rate      | 0.0007    |
|    n_updates          | 75099     |
|    policy_loss        | -2.31e+04 |
|    reward             | 829.81805 |
|    std                | 0.00799   |
|    value_loss         | 6.96e+06  |
-------------------------------------
EPISODE:  377
-------------------------------------
| time/                 |           |
|    fps                | 14        |
|    iterations         | 75200     |
|    time_elapsed       | 26302     |
|    total_timesteps    | 376000    |
| train/                |           |
|    entropy_loss       | 9.11      |
|    explained_variance | 0         |
|    learning_rate      | 0.0007    |
|    n_updates          | 75199     |
|    policy_loss        | -6.08e+03 |
|    reward             | 170.47614 |
|    std                | 0.00796   |
|    value_loss         | 5.99e+05  |
-------------------------------------
-------------------------------------
| time/                 |           |
|    fps                | 14        |
|    iterations         | 75300     |
|    time_elapsed       | 26339     |
|    total_timesteps    | 376500    |
| train/                |           |
|    entropy_loss       | 9.11      |
|    explained_variance | 0         |
|    learning_rate      | 0.0007    |
|    n_updates          | 75299     |
|    policy_loss        | -2.32e+04 |
|    reward             | 829.81805 |
|    std                | 0.00805   |
|    value_loss         | 6.96e+06  |
-------------------------------------
EPISODE:  378
-------------------------------------
| time/                 |           |
|    fps                | 14        |
|    iterations         | 75400     |
|    time_elapsed       | 26374     |
|    total_timesteps    | 377000    |
| train/                |           |
|    entropy_loss       | 9.12      |
|    explained_variance | 0         |
|    learning_rate      | 0.0007    |
|    n_updates          | 75399     |
|    policy_loss        | -6.38e+03 |
|    reward             | 170.47614 |
|    std                | 0.00798   |
|    value_loss         | 5.99e+05  |
-------------------------------------
-------------------------------------
| time/                 |           |
|    fps                | 14        |
|    iterations         | 75500     |
|    time_elapsed       | 26409     |
|    total_timesteps    | 377500    |
| train/                |           |
|    entropy_loss       | 9.13      |
|    explained_variance | 0         |
|    learning_rate      | 0.0007    |
|    n_updates          | 75499     |
|    policy_loss        | -2.3e+04  |
|    reward             | 829.81805 |
|    std                | 0.00797   |
|    value_loss         | 6.96e+06  |
-------------------------------------
EPISODE:  379
-------------------------------------
| time/                 |           |
|    fps                | 14        |
|    iterations         | 75600     |
|    time_elapsed       | 26444     |
|    total_timesteps    | 378000    |
| train/                |           |
|    entropy_loss       | 9.15      |
|    explained_variance | 0         |
|    learning_rate      | 0.0007    |
|    n_updates          | 75599     |
|    policy_loss        | -6.52e+03 |
|    reward             | 170.47614 |
|    std                | 0.00794   |
|    value_loss         | 5.99e+05  |
-------------------------------------
-------------------------------------
| time/                 |           |
|    fps                | 14        |
|    iterations         | 75700     |
|    time_elapsed       | 26479     |
|    total_timesteps    | 378500    |
| train/                |           |
|    entropy_loss       | 9.16      |
|    explained_variance | 0         |
|    learning_rate      | 0.0007    |
|    n_updates          | 75699     |
|    policy_loss        | -2.31e+04 |
|    reward             | 829.81805 |
|    std                | 0.00792   |
|    value_loss         | 6.96e+06  |
-------------------------------------
EPISODE:  380
-------------------------------------
| time/                 |           |
|    fps                | 14        |
|    iterations         | 75800     |
|    time_elapsed       | 26514     |
|    total_timesteps    | 379000    |
| train/                |           |
|    entropy_loss       | 9.18      |
|    explained_variance | 0         |
|    learning_rate      | 0.0007    |
|    n_updates          | 75799     |
|    policy_loss        | -6.15e+03 |
|    reward             | 170.47614 |
|    std                | 0.00785   |
|    value_loss         | 5.98e+05  |
-------------------------------------
-------------------------------------
| time/                 |           |
|    fps                | 14        |
|    iterations         | 75900     |
|    time_elapsed       | 26549     |
|    total_timesteps    | 379500    |
| train/                |           |
|    entropy_loss       | 9.19      |
|    explained_variance | 0         |
|    learning_rate      | 0.0007    |
|    n_updates          | 75899     |
|    policy_loss        | -2.28e+04 |
|    reward             | 829.81805 |
|    std                | 0.00784   |
|    value_loss         | 6.96e+06  |
-------------------------------------
EPISODE:  381
-------------------------------------
| time/                 |           |
|    fps                | 14        |
|    iterations         | 76000     |
|    time_elapsed       | 26583     |
|    total_timesteps    | 380000    |
| train/                |           |
|    entropy_loss       | 9.21      |
|    explained_variance | 0         |
|    learning_rate      | 0.0007    |
|    n_updates          | 75999     |
|    policy_loss        | -6.67e+03 |
|    reward             | 170.47614 |
|    std                | 0.00785   |
|    value_loss         | 5.98e+05  |
-------------------------------------
-------------------------------------
| time/                 |           |
|    fps                | 14        |
|    iterations         | 76100     |
|    time_elapsed       | 26618     |
|    total_timesteps    | 380500    |
| train/                |           |
|    entropy_loss       | 9.22      |
|    explained_variance | 0         |
|    learning_rate      | 0.0007    |
|    n_updates          | 76099     |
|    policy_loss        | -2.33e+04 |
|    reward             | 829.81805 |
|    std                | 0.00784   |
|    value_loss         | 6.96e+06  |
-------------------------------------
EPISODE:  382
-------------------------------------
| time/                 |           |
|    fps                | 14        |
|    iterations         | 76200     |
|    time_elapsed       | 26653     |
|    total_timesteps    | 381000    |
| train/                |           |
|    entropy_loss       | 9.23      |
|    explained_variance | 1.19e-07  |
|    learning_rate      | 0.0007    |
|    n_updates          | 76199     |
|    policy_loss        | -6.39e+03 |
|    reward             | 170.47614 |
|    std                | 0.00785   |
|    value_loss         | 5.98e+05  |
-------------------------------------
-------------------------------------
| time/                 |           |
|    fps                | 14        |
|    iterations         | 76300     |
|    time_elapsed       | 26688     |
|    total_timesteps    | 381500    |
| train/                |           |
|    entropy_loss       | 9.24      |
|    explained_variance | 0         |
|    learning_rate      | 0.0007    |
|    n_updates          | 76299     |
|    policy_loss        | -2.28e+04 |
|    reward             | 829.81805 |
|    std                | 0.00782   |
|    value_loss         | 6.96e+06  |
-------------------------------------
EPISODE:  383
-------------------------------------
| time/                 |           |
|    fps                | 14        |
|    iterations         | 76400     |
|    time_elapsed       | 26723     |
|    total_timesteps    | 382000    |
| train/                |           |
|    entropy_loss       | 9.25      |
|    explained_variance | 0         |
|    learning_rate      | 0.0007    |
|    n_updates          | 76399     |
|    policy_loss        | -6.78e+03 |
|    reward             | 170.47614 |
|    std                | 0.00781   |
|    value_loss         | 5.98e+05  |
-------------------------------------
-------------------------------------
| time/                 |           |
|    fps                | 14        |
|    iterations         | 76500     |
|    time_elapsed       | 26758     |
|    total_timesteps    | 382500    |
| train/                |           |
|    entropy_loss       | 9.26      |
|    explained_variance | 0         |
|    learning_rate      | 0.0007    |
|    n_updates          | 76499     |
|    policy_loss        | -2.19e+04 |
|    reward             | 829.81805 |
|    std                | 0.0078    |
|    value_loss         | 6.96e+06  |
-------------------------------------
EPISODE:  384
-------------------------------------
| time/                 |           |
|    fps                | 14        |
|    iterations         | 76600     |
|    time_elapsed       | 26793     |
|    total_timesteps    | 383000    |
| train/                |           |
|    entropy_loss       | 9.27      |
|    explained_variance | 0         |
|    learning_rate      | 0.0007    |
|    n_updates          | 76599     |
|    policy_loss        | -6.52e+03 |
|    reward             | 170.47614 |
|    std                | 0.00784   |
|    value_loss         | 5.98e+05  |
-------------------------------------
-------------------------------------
| time/                 |           |
|    fps                | 14        |
|    iterations         | 76700     |
|    time_elapsed       | 26828     |
|    total_timesteps    | 383500    |
| train/                |           |
|    entropy_loss       | 9.29      |
|    explained_variance | 0         |
|    learning_rate      | 0.0007    |
|    n_updates          | 76699     |
|    policy_loss        | -2.25e+04 |
|    reward             | 829.76385 |
|    std                | 0.00783   |
|    value_loss         | 6.96e+06  |
-------------------------------------
EPISODE:  385
-------------------------------------
| time/                 |           |
|    fps                | 14        |
|    iterations         | 76800     |
|    time_elapsed       | 26863     |
|    total_timesteps    | 384000    |
| train/                |           |
|    entropy_loss       | 9.3       |
|    explained_variance | 1.19e-07  |
|    learning_rate      | 0.0007    |
|    n_updates          | 76799     |
|    policy_loss        | -2.78e+03 |
|    reward             | 55.953983 |
|    std                | 0.00781   |
|    value_loss         | 1.02e+05  |
-------------------------------------
-------------------------------------
| time/                 |           |
|    fps                | 14        |
|    iterations         | 76900     |
|    time_elapsed       | 26898     |
|    total_timesteps    | 384500    |
| train/                |           |
|    entropy_loss       | 9.3       |
|    explained_variance | 0         |
|    learning_rate      | 0.0007    |
|    n_updates          | 76899     |
|    policy_loss        | -2.01e+04 |
|    reward             | 749.51324 |
|    std                | 0.00783   |
|    value_loss         | 5.66e+06  |
-------------------------------------
EPISODE:  386
-------------------------------------
| time/                 |           |
|    fps                | 14        |
|    iterations         | 77000     |
|    time_elapsed       | 26933     |
|    total_timesteps    | 385000    |
| train/                |           |
|    entropy_loss       | 9.3       |
|    explained_variance | 0         |
|    learning_rate      | 0.0007    |
|    n_updates          | 76999     |
|    policy_loss        | -2.96e+03 |
|    reward             | 65.48575  |
|    std                | 0.00785   |
|    value_loss         | 1.12e+05  |
-------------------------------------
-------------------------------------
| time/                 |           |
|    fps                | 14        |
|    iterations         | 77100     |
|    time_elapsed       | 26968     |
|    total_timesteps    | 385500    |
| train/                |           |
|    entropy_loss       | 9.29      |
|    explained_variance | 0         |
|    learning_rate      | 0.0007    |
|    n_updates          | 77099     |
|    policy_loss        | -2.11e+04 |
|    reward             | 771.38745 |
|    std                | 0.00793   |
|    value_loss         | 5.99e+06  |
-------------------------------------
EPISODE:  387
-------------------------------------
| time/                 |           |
|    fps                | 14        |
|    iterations         | 77200     |
|    time_elapsed       | 27003     |
|    total_timesteps    | 386000    |
| train/                |           |
|    entropy_loss       | 9.32      |
|    explained_variance | 0         |
|    learning_rate      | 0.0007    |
|    n_updates          | 77199     |
|    policy_loss        | -2.68e+03 |
|    reward             | 60.066643 |
|    std                | 0.00788   |
|    value_loss         | 1.08e+05  |
-------------------------------------
-------------------------------------
| time/                 |           |
|    fps                | 14        |
|    iterations         | 77300     |
|    time_elapsed       | 27038     |
|    total_timesteps    | 386500    |
| train/                |           |
|    entropy_loss       | 9.34      |
|    explained_variance | 5.96e-08  |
|    learning_rate      | 0.0007    |
|    n_updates          | 77299     |
|    policy_loss        | -1.88e+04 |
|    reward             | 712.66675 |
|    std                | 0.0078    |
|    value_loss         | 5.11e+06  |
-------------------------------------
EPISODE:  388
------------------------------------
| time/                 |          |
|    fps                | 14       |
|    iterations         | 77400    |
|    time_elapsed       | 27073    |
|    total_timesteps    | 387000   |
| train/                |          |
|    entropy_loss       | 9.36     |
|    explained_variance | 0        |
|    learning_rate      | 0.0007   |
|    n_updates          | 77399    |
|    policy_loss        | -1.5e+03 |
|    reward             | 36.95854 |
|    std                | 0.00778  |
|    value_loss         | 3.74e+04 |
------------------------------------
-------------------------------------
| time/                 |           |
|    fps                | 14        |
|    iterations         | 77500     |
|    time_elapsed       | 27108     |
|    total_timesteps    | 387500    |
| train/                |           |
|    entropy_loss       | 9.37      |
|    explained_variance | 0         |
|    learning_rate      | 0.0007    |
|    n_updates          | 77499     |
|    policy_loss        | -1.86e+04 |
|    reward             | 707.32025 |
|    std                | 0.00775   |
|    value_loss         | 5.03e+06  |
-------------------------------------
EPISODE:  389
-------------------------------------
| time/                 |           |
|    fps                | 14        |
|    iterations         | 77600     |
|    time_elapsed       | 27143     |
|    total_timesteps    | 388000    |
| train/                |           |
|    entropy_loss       | 9.39      |
|    explained_variance | 0         |
|    learning_rate      | 0.0007    |
|    n_updates          | 77599     |
|    policy_loss        | -1.64e+03 |
|    reward             | 35.684334 |
|    std                | 0.00768   |
|    value_loss         | 3.48e+04  |
-------------------------------------
-------------------------------------
| time/                 |           |
|    fps                | 14        |
|    iterations         | 77700     |
|    time_elapsed       | 27178     |
|    total_timesteps    | 388500    |
| train/                |           |
|    entropy_loss       | 9.39      |
|    explained_variance | 0         |
|    learning_rate      | 0.0007    |
|    n_updates          | 77699     |
|    policy_loss        | -1.97e+04 |
|    reward             | 707.1952  |
|    std                | 0.0077    |
|    value_loss         | 5.03e+06  |
-------------------------------------
EPISODE:  390
------------------------------------
| time/                 |          |
|    fps                | 14       |
|    iterations         | 77800    |
|    time_elapsed       | 27213    |
|    total_timesteps    | 389000   |
| train/                |          |
|    entropy_loss       | 9.39     |
|    explained_variance | 0        |
|    learning_rate      | 0.0007   |
|    n_updates          | 77799    |
|    policy_loss        | -1.5e+03 |
|    reward             | 35.67802 |
|    std                | 0.0077   |
|    value_loss         | 3.48e+04 |
------------------------------------
-------------------------------------
| time/                 |           |
|    fps                | 14        |
|    iterations         | 77900     |
|    time_elapsed       | 27249     |
|    total_timesteps    | 389500    |
| train/                |           |
|    entropy_loss       | 9.4       |
|    explained_variance | 0         |
|    learning_rate      | 0.0007    |
|    n_updates          | 77899     |
|    policy_loss        | -1.98e+04 |
|    reward             | 707.1952  |
|    std                | 0.00767   |
|    value_loss         | 5.03e+06  |
-------------------------------------
EPISODE:  391
-------------------------------------
| time/                 |           |
|    fps                | 14        |
|    iterations         | 78000     |
|    time_elapsed       | 27284     |
|    total_timesteps    | 390000    |
| train/                |           |
|    entropy_loss       | 9.42      |
|    explained_variance | -1.19e-07 |
|    learning_rate      | 0.0007    |
|    n_updates          | 77999     |
|    policy_loss        | -1.66e+03 |
|    reward             | 35.67802  |
|    std                | 0.00759   |
|    value_loss         | 3.48e+04  |
-------------------------------------
-------------------------------------
| time/                 |           |
|    fps                | 14        |
|    iterations         | 78100     |
|    time_elapsed       | 27319     |
|    total_timesteps    | 390500    |
| train/                |           |
|    entropy_loss       | 9.46      |
|    explained_variance | 0         |
|    learning_rate      | 0.0007    |
|    n_updates          | 78099     |
|    policy_loss        | -1.87e+04 |
|    reward             | 724.29694 |
|    std                | 0.00745   |
|    value_loss         | 5.26e+06  |
-------------------------------------
EPISODE:  392
------------------------------------
| time/                 |          |
|    fps                | 14       |
|    iterations         | 78200    |
|    time_elapsed       | 27354    |
|    total_timesteps    | 391000   |
| train/                |          |
|    entropy_loss       | 9.46     |
|    explained_variance | 1.19e-07 |
|    learning_rate      | 0.0007   |
|    n_updates          | 78199    |
|    policy_loss        | -1.7e+03 |
|    reward             | 40.82892 |
|    std                | 0.00751  |
|    value_loss         | 5.07e+04 |
------------------------------------
------------------------------------
| time/                 |          |
|    fps                | 14       |
|    iterations         | 78300    |
|    time_elapsed       | 27389    |
|    total_timesteps    | 391500   |
| train/                |          |
|    entropy_loss       | 9.47     |
|    explained_variance | 0        |
|    learning_rate      | 0.0007   |
|    n_updates          | 78299    |
|    policy_loss        | -2e+04   |
|    reward             | 707.1952 |
|    std                | 0.00751  |
|    value_loss         | 5.03e+06 |
------------------------------------
EPISODE:  393
-------------------------------------
| time/                 |           |
|    fps                | 14        |
|    iterations         | 78400     |
|    time_elapsed       | 27423     |
|    total_timesteps    | 392000    |
| train/                |           |
|    entropy_loss       | 9.49      |
|    explained_variance | 0         |
|    learning_rate      | 0.0007    |
|    n_updates          | 78399     |
|    policy_loss        | -1.66e+03 |
|    reward             | 35.67802  |
|    std                | 0.00746   |
|    value_loss         | 3.47e+04  |
-------------------------------------
-------------------------------------
| time/                 |           |
|    fps                | 14        |
|    iterations         | 78500     |
|    time_elapsed       | 27458     |
|    total_timesteps    | 392500    |
| train/                |           |
|    entropy_loss       | 9.49      |
|    explained_variance | 0         |
|    learning_rate      | 0.0007    |
|    n_updates          | 78499     |
|    policy_loss        | -1.95e+04 |
|    reward             | 707.1952  |
|    std                | 0.00745   |
|    value_loss         | 5.03e+06  |
-------------------------------------
EPISODE:  394
-------------------------------------
| time/                 |           |
|    fps                | 14        |
|    iterations         | 78600     |
|    time_elapsed       | 27493     |
|    total_timesteps    | 393000    |
| train/                |           |
|    entropy_loss       | 9.5       |
|    explained_variance | -1.19e-07 |
|    learning_rate      | 0.0007    |
|    n_updates          | 78599     |
|    policy_loss        | -1.58e+03 |
|    reward             | 35.67802  |
|    std                | 0.00746   |
|    value_loss         | 3.47e+04  |
-------------------------------------
-------------------------------------
| time/                 |           |
|    fps                | 14        |
|    iterations         | 78700     |
|    time_elapsed       | 27528     |
|    total_timesteps    | 393500    |
| train/                |           |
|    entropy_loss       | 9.51      |
|    explained_variance | 0         |
|    learning_rate      | 0.0007    |
|    n_updates          | 78699     |
|    policy_loss        | -1.93e+04 |
|    reward             | 707.1952  |
|    std                | 0.0074    |
|    value_loss         | 5.03e+06  |
-------------------------------------
EPISODE:  395
-------------------------------------
| time/                 |           |
|    fps                | 14        |
|    iterations         | 78800     |
|    time_elapsed       | 27563     |
|    total_timesteps    | 394000    |
| train/                |           |
|    entropy_loss       | 9.53      |
|    explained_variance | 5.96e-08  |
|    learning_rate      | 0.0007    |
|    n_updates          | 78799     |
|    policy_loss        | -1.43e+03 |
|    reward             | 35.67802  |
|    std                | 0.0074    |
|    value_loss         | 3.46e+04  |
-------------------------------------
-------------------------------------
| time/                 |           |
|    fps                | 14        |
|    iterations         | 78900     |
|    time_elapsed       | 27598     |
|    total_timesteps    | 394500    |
| train/                |           |
|    entropy_loss       | 9.53      |
|    explained_variance | 0         |
|    learning_rate      | 0.0007    |
|    n_updates          | 78899     |
|    policy_loss        | -1.95e+04 |
|    reward             | 707.1952  |
|    std                | 0.0074    |
|    value_loss         | 5.03e+06  |
-------------------------------------
EPISODE:  396
-------------------------------------
| time/                 |           |
|    fps                | 14        |
|    iterations         | 79000     |
|    time_elapsed       | 27633     |
|    total_timesteps    | 395000    |
| train/                |           |
|    entropy_loss       | 9.55      |
|    explained_variance | 0         |
|    learning_rate      | 0.0007    |
|    n_updates          | 78999     |
|    policy_loss        | -1.61e+03 |
|    reward             | 35.67802  |
|    std                | 0.00734   |
|    value_loss         | 3.46e+04  |
-------------------------------------
-------------------------------------
| time/                 |           |
|    fps                | 14        |
|    iterations         | 79100     |
|    time_elapsed       | 27668     |
|    total_timesteps    | 395500    |
| train/                |           |
|    entropy_loss       | 9.55      |
|    explained_variance | 0         |
|    learning_rate      | 0.0007    |
|    n_updates          | 79099     |
|    policy_loss        | -2.01e+04 |
|    reward             | 707.1952  |
|    std                | 0.00737   |
|    value_loss         | 5.03e+06  |
-------------------------------------
EPISODE:  397
-------------------------------------
| time/                 |           |
|    fps                | 14        |
|    iterations         | 79200     |
|    time_elapsed       | 27703     |
|    total_timesteps    | 396000    |
| train/                |           |
|    entropy_loss       | 9.56      |
|    explained_variance | 0         |
|    learning_rate      | 0.0007    |
|    n_updates          | 79199     |
|    policy_loss        | -1.53e+03 |
|    reward             | 35.67802  |
|    std                | 0.00738   |
|    value_loss         | 3.45e+04  |
-------------------------------------
-------------------------------------
| time/                 |           |
|    fps                | 14        |
|    iterations         | 79300     |
|    time_elapsed       | 27738     |
|    total_timesteps    | 396500    |
| train/                |           |
|    entropy_loss       | 9.57      |
|    explained_variance | 0         |
|    learning_rate      | 0.0007    |
|    n_updates          | 79299     |
|    policy_loss        | -2.07e+04 |
|    reward             | 707.1952  |
|    std                | 0.0074    |
|    value_loss         | 5.03e+06  |
-------------------------------------
EPISODE:  398
-------------------------------------
| time/                 |           |
|    fps                | 14        |
|    iterations         | 79400     |
|    time_elapsed       | 27773     |
|    total_timesteps    | 397000    |
| train/                |           |
|    entropy_loss       | 9.57      |
|    explained_variance | 0         |
|    learning_rate      | 0.0007    |
|    n_updates          | 79399     |
|    policy_loss        | -1.41e+03 |
|    reward             | 35.67802  |
|    std                | 0.00741   |
|    value_loss         | 3.45e+04  |
-------------------------------------
-------------------------------------
| time/                 |           |
|    fps                | 14        |
|    iterations         | 79500     |
|    time_elapsed       | 27808     |
|    total_timesteps    | 397500    |
| train/                |           |
|    entropy_loss       | 9.58      |
|    explained_variance | 0         |
|    learning_rate      | 0.0007    |
|    n_updates          | 79499     |
|    policy_loss        | -1.83e+04 |
|    reward             | 707.1952  |
|    std                | 0.00741   |
|    value_loss         | 5.03e+06  |
-------------------------------------
EPISODE:  399
-------------------------------------
| time/                 |           |
|    fps                | 14        |
|    iterations         | 79600     |
|    time_elapsed       | 27843     |
|    total_timesteps    | 398000    |
| train/                |           |
|    entropy_loss       | 9.58      |
|    explained_variance | 0         |
|    learning_rate      | 0.0007    |
|    n_updates          | 79599     |
|    policy_loss        | -1.56e+03 |
|    reward             | 35.67802  |
|    std                | 0.00744   |
|    value_loss         | 3.44e+04  |
-------------------------------------
-------------------------------------
| time/                 |           |
|    fps                | 14        |
|    iterations         | 79700     |
|    time_elapsed       | 27878     |
|    total_timesteps    | 398500    |
| train/                |           |
|    entropy_loss       | 9.6       |
|    explained_variance | 1.19e-07  |
|    learning_rate      | 0.0007    |
|    n_updates          | 79699     |
|    policy_loss        | -1.92e+04 |
|    reward             | 707.1952  |
|    std                | 0.00738   |
|    value_loss         | 5.02e+06  |
-------------------------------------
EPISODE:  400
-------------------------------------
| time/                 |           |
|    fps                | 14        |
|    iterations         | 79800     |
|    time_elapsed       | 27913     |
|    total_timesteps    | 399000    |
| train/                |           |
|    entropy_loss       | 9.62      |
|    explained_variance | 0         |
|    learning_rate      | 0.0007    |
|    n_updates          | 79799     |
|    policy_loss        | -1.54e+03 |
|    reward             | 35.67802  |
|    std                | 0.00731   |
|    value_loss         | 3.44e+04  |
-------------------------------------
-------------------------------------
| time/                 |           |
|    fps                | 14        |
|    iterations         | 79900     |
|    time_elapsed       | 27948     |
|    total_timesteps    | 399500    |
| train/                |           |
|    entropy_loss       | 9.63      |
|    explained_variance | 0         |
|    learning_rate      | 0.0007    |
|    n_updates          | 79899     |
|    policy_loss        | -1.95e+04 |
|    reward             | 707.1952  |
|    std                | 0.00732   |
|    value_loss         | 5.02e+06  |
-------------------------------------
EPISODE:  401
-------------------------------------
| time/                 |           |
|    fps                | 14        |
|    iterations         | 80000     |
|    time_elapsed       | 27983     |
|    total_timesteps    | 400000    |
| train/                |           |
|    entropy_loss       | 9.63      |
|    explained_variance | 0         |
|    learning_rate      | 0.0007    |
|    n_updates          | 79999     |
|    policy_loss        | -1.52e+03 |
|    reward             | 35.67802  |
|    std                | 0.00729   |
|    value_loss         | 3.44e+04  |
-------------------------------------
-------------------------------------
| time/                 |           |
|    fps                | 14        |
|    iterations         | 80100     |
|    time_elapsed       | 28018     |
|    total_timesteps    | 400500    |
| train/                |           |
|    entropy_loss       | 9.65      |
|    explained_variance | 0         |
|    learning_rate      | 0.0007    |
|    n_updates          | 80099     |
|    policy_loss        | -2.02e+04 |
|    reward             | 707.1952  |
|    std                | 0.00727   |
|    value_loss         | 5.02e+06  |
-------------------------------------
EPISODE:  402
-------------------------------------
| time/                 |           |
|    fps                | 14        |
|    iterations         | 80200     |
|    time_elapsed       | 28053     |
|    total_timesteps    | 401000    |
| train/                |           |
|    entropy_loss       | 9.65      |
|    explained_variance | 0         |
|    learning_rate      | 0.0007    |
|    n_updates          | 80199     |
|    policy_loss        | -2.49e+03 |
|    reward             | 53.846413 |
|    std                | 0.00731   |
|    value_loss         | 7.59e+04  |
-------------------------------------
-------------------------------------
| time/                 |           |
|    fps                | 14        |
|    iterations         | 80300     |
|    time_elapsed       | 28088     |
|    total_timesteps    | 401500    |
| train/                |           |
|    entropy_loss       | 9.66      |
|    explained_variance | 0         |
|    learning_rate      | 0.0007    |
|    n_updates          | 80299     |
|    policy_loss        | -2.07e+04 |
|    reward             | 750.08484 |
|    std                | 0.00731   |
|    value_loss         | 5.66e+06  |
-------------------------------------
EPISODE:  403
-------------------------------------
| time/                 |           |
|    fps                | 14        |
|    iterations         | 80400     |
|    time_elapsed       | 28123     |
|    total_timesteps    | 402000    |
| train/                |           |
|    entropy_loss       | 9.67      |
|    explained_variance | 0         |
|    learning_rate      | 0.0007    |
|    n_updates          | 80399     |
|    policy_loss        | -3.61e+03 |
|    reward             | 104.25637 |
|    std                | 0.0073    |
|    value_loss         | 2.55e+05  |
-------------------------------------
-------------------------------------
| time/                 |           |
|    fps                | 14        |
|    iterations         | 80500     |
|    time_elapsed       | 28157     |
|    total_timesteps    | 402500    |
| train/                |           |
|    entropy_loss       | 9.68      |
|    explained_variance | 0         |
|    learning_rate      | 0.0007    |
|    n_updates          | 80499     |
|    policy_loss        | -2.06e+04 |
|    reward             | 777.6703  |
|    std                | 0.0073    |
|    value_loss         | 6.09e+06  |
-------------------------------------
EPISODE:  404
-------------------------------------
| time/                 |           |
|    fps                | 14        |
|    iterations         | 80600     |
|    time_elapsed       | 28194     |
|    total_timesteps    | 403000    |
| train/                |           |
|    entropy_loss       | 9.69      |
|    explained_variance | 0         |
|    learning_rate      | 0.0007    |
|    n_updates          | 80599     |
|    policy_loss        | -2.17e+03 |
|    reward             | 44.982784 |
|    std                | 0.00727   |
|    value_loss         | 6.51e+04  |
-------------------------------------
-------------------------------------
| time/                 |           |
|    fps                | 14        |
|    iterations         | 80700     |
|    time_elapsed       | 28229     |
|    total_timesteps    | 403500    |
| train/                |           |
|    entropy_loss       | 9.7       |
|    explained_variance | 0         |
|    learning_rate      | 0.0007    |
|    n_updates          | 80699     |
|    policy_loss        | -1.94e+04 |
|    reward             | 715.449   |
|    std                | 0.00727   |
|    value_loss         | 5.14e+06  |
-------------------------------------
EPISODE:  405
-------------------------------------
| time/                 |           |
|    fps                | 14        |
|    iterations         | 80800     |
|    time_elapsed       | 28264     |
|    total_timesteps    | 404000    |
| train/                |           |
|    entropy_loss       | 9.7       |
|    explained_variance | 0         |
|    learning_rate      | 0.0007    |
|    n_updates          | 80799     |
|    policy_loss        | -2.62e+03 |
|    reward             | 61.760353 |
|    std                | 0.00731   |
|    value_loss         | 8.78e+04  |
-------------------------------------
-------------------------------------
| time/                 |           |
|    fps                | 14        |
|    iterations         | 80900     |
|    time_elapsed       | 28299     |
|    total_timesteps    | 404500    |
| train/                |           |
|    entropy_loss       | 9.7       |
|    explained_variance | 2.38e-07  |
|    learning_rate      | 0.0007    |
|    n_updates          | 80899     |
|    policy_loss        | -2.28e+04 |
|    reward             | 791.50616 |
|    std                | 0.00733   |
|    value_loss         | 6.3e+06   |
-------------------------------------
EPISODE:  406
-------------------------------------
| time/                 |           |
|    fps                | 14        |
|    iterations         | 81000     |
|    time_elapsed       | 28334     |
|    total_timesteps    | 405000    |
| train/                |           |
|    entropy_loss       | 9.72      |
|    explained_variance | -1.19e-07 |
|    learning_rate      | 0.0007    |
|    n_updates          | 80999     |
|    policy_loss        | -6.57e+03 |
|    reward             | 162.60437 |
|    std                | 0.00732   |
|    value_loss         | 5.35e+05  |
-------------------------------------
-------------------------------------
| time/                 |           |
|    fps                | 14        |
|    iterations         | 81100     |
|    time_elapsed       | 28369     |
|    total_timesteps    | 405500    |
| train/                |           |
|    entropy_loss       | 9.75      |
|    explained_variance | 1.19e-07  |
|    learning_rate      | 0.0007    |
|    n_updates          | 81099     |
|    policy_loss        | -2.36e+04 |
|    reward             | 829.81805 |
|    std                | 0.00731   |
|    value_loss         | 6.95e+06  |
-------------------------------------
EPISODE:  407
-------------------------------------
| time/                 |           |
|    fps                | 14        |
|    iterations         | 81200     |
|    time_elapsed       | 28404     |
|    total_timesteps    | 406000    |
| train/                |           |
|    entropy_loss       | 9.75      |
|    explained_variance | 0         |
|    learning_rate      | 0.0007    |
|    n_updates          | 81199     |
|    policy_loss        | -6.62e+03 |
|    reward             | 167.53918 |
|    std                | 0.00736   |
|    value_loss         | 5.71e+05  |
-------------------------------------
-------------------------------------
| time/                 |           |
|    fps                | 14        |
|    iterations         | 81300     |
|    time_elapsed       | 28439     |
|    total_timesteps    | 406500    |
| train/                |           |
|    entropy_loss       | 9.76      |
|    explained_variance | 0         |
|    learning_rate      | 0.0007    |
|    n_updates          | 81299     |
|    policy_loss        | -2.38e+04 |
|    reward             | 802.51666 |
|    std                | 0.00731   |
|    value_loss         | 6.49e+06  |
-------------------------------------
EPISODE:  408
-------------------------------------
| time/                 |           |
|    fps                | 14        |
|    iterations         | 81400     |
|    time_elapsed       | 28474     |
|    total_timesteps    | 407000    |
| train/                |           |
|    entropy_loss       | 9.77      |
|    explained_variance | -1.19e-07 |
|    learning_rate      | 0.0007    |
|    n_updates          | 81399     |
|    policy_loss        | -4.78e+03 |
|    reward             | 115.43667 |
|    std                | 0.00729   |
|    value_loss         | 3.41e+05  |
-------------------------------------
-------------------------------------
| time/                 |           |
|    fps                | 14        |
|    iterations         | 81500     |
|    time_elapsed       | 28509     |
|    total_timesteps    | 407500    |
| train/                |           |
|    entropy_loss       | 9.79      |
|    explained_variance | 5.96e-08  |
|    learning_rate      | 0.0007    |
|    n_updates          | 81499     |
|    policy_loss        | -1.98e+04 |
|    reward             | 728.67706 |
|    std                | 0.00726   |
|    value_loss         | 5.34e+06  |
-------------------------------------
EPISODE:  409
-------------------------------------
| time/                 |           |
|    fps                | 14        |
|    iterations         | 81600     |
|    time_elapsed       | 28544     |
|    total_timesteps    | 408000    |
| train/                |           |
|    entropy_loss       | 9.8       |
|    explained_variance | 0         |
|    learning_rate      | 0.0007    |
|    n_updates          | 81599     |
|    policy_loss        | -1.84e+03 |
|    reward             | 37.735687 |
|    std                | 0.00726   |
|    value_loss         | 4e+04     |
-------------------------------------
-------------------------------------
| time/                 |           |
|    fps                | 14        |
|    iterations         | 81700     |
|    time_elapsed       | 28579     |
|    total_timesteps    | 408500    |
| train/                |           |
|    entropy_loss       | 9.81      |
|    explained_variance | 0         |
|    learning_rate      | 0.0007    |
|    n_updates          | 81699     |
|    policy_loss        | -2.07e+04 |
|    reward             | 721.9602  |
|    std                | 0.00728   |
|    value_loss         | 5.23e+06  |
-------------------------------------
EPISODE:  410
-------------------------------------
| time/                 |           |
|    fps                | 14        |
|    iterations         | 81800     |
|    time_elapsed       | 28614     |
|    total_timesteps    | 409000    |
| train/                |           |
|    entropy_loss       | 9.84      |
|    explained_variance | 0         |
|    learning_rate      | 0.0007    |
|    n_updates          | 81799     |
|    policy_loss        | -1.81e+03 |
|    reward             | 38.26288  |
|    std                | 0.00717   |
|    value_loss         | 4.16e+04  |
-------------------------------------
-------------------------------------
| time/                 |           |
|    fps                | 14        |
|    iterations         | 81900     |
|    time_elapsed       | 28648     |
|    total_timesteps    | 409500    |
| train/                |           |
|    entropy_loss       | 9.85      |
|    explained_variance | 0         |
|    learning_rate      | 0.0007    |
|    n_updates          | 81899     |
|    policy_loss        | -2.06e+04 |
|    reward             | 707.1952  |
|    std                | 0.00717   |
|    value_loss         | 5.02e+06  |
-------------------------------------
EPISODE:  411
-------------------------------------
| time/                 |           |
|    fps                | 14        |
|    iterations         | 82000     |
|    time_elapsed       | 28683     |
|    total_timesteps    | 410000    |
| train/                |           |
|    entropy_loss       | 9.85      |
|    explained_variance | 0         |
|    learning_rate      | 0.0007    |
|    n_updates          | 81999     |
|    policy_loss        | -1.63e+03 |
|    reward             | 35.67802  |
|    std                | 0.00717   |
|    value_loss         | 3.4e+04   |
-------------------------------------
-------------------------------------
| time/                 |           |
|    fps                | 14        |
|    iterations         | 82100     |
|    time_elapsed       | 28718     |
|    total_timesteps    | 410500    |
| train/                |           |
|    entropy_loss       | 9.86      |
|    explained_variance | 0         |
|    learning_rate      | 0.0007    |
|    n_updates          | 82099     |
|    policy_loss        | -2.01e+04 |
|    reward             | 707.1952  |
|    std                | 0.00718   |
|    value_loss         | 5.02e+06  |
-------------------------------------
EPISODE:  412
-------------------------------------
| time/                 |           |
|    fps                | 14        |
|    iterations         | 82200     |
|    time_elapsed       | 28753     |
|    total_timesteps    | 411000    |
| train/                |           |
|    entropy_loss       | 9.88      |
|    explained_variance | 0         |
|    learning_rate      | 0.0007    |
|    n_updates          | 82199     |
|    policy_loss        | -1.71e+03 |
|    reward             | 35.67802  |
|    std                | 0.00709   |
|    value_loss         | 3.4e+04   |
-------------------------------------
-------------------------------------
| time/                 |           |
|    fps                | 14        |
|    iterations         | 82300     |
|    time_elapsed       | 28788     |
|    total_timesteps    | 411500    |
| train/                |           |
|    entropy_loss       | 9.9       |
|    explained_variance | 0         |
|    learning_rate      | 0.0007    |
|    n_updates          | 82299     |
|    policy_loss        | -1.66e+04 |
|    reward             | 707.1952  |
|    std                | 0.00707   |
|    value_loss         | 5.02e+06  |
-------------------------------------
EPISODE:  413
------------------------------------
| time/                 |          |
|    fps                | 14       |
|    iterations         | 82400    |
|    time_elapsed       | 28823    |
|    total_timesteps    | 412000   |
| train/                |          |
|    entropy_loss       | 9.92     |
|    explained_variance | 0        |
|    learning_rate      | 0.0007   |
|    n_updates          | 82399    |
|    policy_loss        | -1.6e+03 |
|    reward             | 35.67802 |
|    std                | 0.00701  |
|    value_loss         | 3.39e+04 |
------------------------------------
-------------------------------------
| time/                 |           |
|    fps                | 14        |
|    iterations         | 82500     |
|    time_elapsed       | 28858     |
|    total_timesteps    | 412500    |
| train/                |           |
|    entropy_loss       | 9.93      |
|    explained_variance | -1.19e-07 |
|    learning_rate      | 0.0007    |
|    n_updates          | 82499     |
|    policy_loss        | -2.02e+04 |
|    reward             | 708.89557 |
|    std                | 0.00704   |
|    value_loss         | 5.04e+06  |
-------------------------------------
EPISODE:  414
-------------------------------------
| time/                 |           |
|    fps                | 14        |
|    iterations         | 82600     |
|    time_elapsed       | 28893     |
|    total_timesteps    | 413000    |
| train/                |           |
|    entropy_loss       | 9.94      |
|    explained_variance | -1.19e-07 |
|    learning_rate      | 0.0007    |
|    n_updates          | 82599     |
|    policy_loss        | -769      |
|    reward             | 20.276054 |
|    std                | 0.00699   |
|    value_loss         | 9.19e+03  |
-------------------------------------
-------------------------------------
| time/                 |           |
|    fps                | 14        |
|    iterations         | 82700     |
|    time_elapsed       | 28928     |
|    total_timesteps    | 413500    |
| train/                |           |
|    entropy_loss       | 9.96      |
|    explained_variance | 0         |
|    learning_rate      | 0.0007    |
|    n_updates          | 82699     |
|    policy_loss        | -2.04e+04 |
|    reward             | 680.96906 |
|    std                | 0.00695   |
|    value_loss         | 4.65e+06  |
-------------------------------------
EPISODE:  415
-------------------------------------
| time/                 |           |
|    fps                | 14        |
|    iterations         | 82800     |
|    time_elapsed       | 28963     |
|    total_timesteps    | 414000    |
| train/                |           |
|    entropy_loss       | 9.96      |
|    explained_variance | 0         |
|    learning_rate      | 0.0007    |
|    n_updates          | 82799     |
|    policy_loss        | -623      |
|    reward             | 17.518562 |
|    std                | 0.00697   |
|    value_loss         | 5.14e+03  |
-------------------------------------
-------------------------------------
| time/                 |           |
|    fps                | 14        |
|    iterations         | 82900     |
|    time_elapsed       | 28998     |
|    total_timesteps    | 414500    |
| train/                |           |
|    entropy_loss       | 9.99      |
|    explained_variance | 0         |
|    learning_rate      | 0.0007    |
|    n_updates          | 82899     |
|    policy_loss        | -1.78e+04 |
|    reward             | 621.6222  |
|    std                | 0.00692   |
|    value_loss         | 3.86e+06  |
-------------------------------------
EPISODE:  416
------------------------------------
| time/                 |          |
|    fps                | 14       |
|    iterations         | 83000    |
|    time_elapsed       | 29033    |
|    total_timesteps    | 415000   |
| train/                |          |
|    entropy_loss       | 10       |
|    explained_variance | 0        |
|    learning_rate      | 0.0007   |
|    n_updates          | 82999    |
|    policy_loss        | 2.33     |
|    reward             | 7.324757 |
|    std                | 0.00686  |
|    value_loss         | 26.9     |
------------------------------------
-------------------------------------
| time/                 |           |
|    fps                | 14        |
|    iterations         | 83100     |
|    time_elapsed       | 29068     |
|    total_timesteps    | 415500    |
| train/                |           |
|    entropy_loss       | 10        |
|    explained_variance | 0         |
|    learning_rate      | 0.0007    |
|    n_updates          | 83099     |
|    policy_loss        | -1.72e+04 |
|    reward             | 602.7041  |
|    std                | 0.00687   |
|    value_loss         | 3.62e+06  |
-------------------------------------
EPISODE:  417
-------------------------------------
| time/                 |           |
|    fps                | 14        |
|    iterations         | 83200     |
|    time_elapsed       | 29103     |
|    total_timesteps    | 416000    |
| train/                |           |
|    entropy_loss       | 10        |
|    explained_variance | 0         |
|    learning_rate      | 0.0007    |
|    n_updates          | 83199     |
|    policy_loss        | -214      |
|    reward             | 10.036447 |
|    std                | 0.00685   |
|    value_loss         | 728       |
-------------------------------------
-------------------------------------
| time/                 |           |
|    fps                | 14        |
|    iterations         | 83300     |
|    time_elapsed       | 29139     |
|    total_timesteps    | 416500    |
| train/                |           |
|    entropy_loss       | 10        |
|    explained_variance | 0         |
|    learning_rate      | 0.0007    |
|    n_updates          | 83299     |
|    policy_loss        | -1.82e+04 |
|    reward             | 603.2175  |
|    std                | 0.00688   |
|    value_loss         | 3.63e+06  |
-------------------------------------
EPISODE:  418
-------------------------------------
| time/                 |           |
|    fps                | 14        |
|    iterations         | 83400     |
|    time_elapsed       | 29174     |
|    total_timesteps    | 417000    |
| train/                |           |
|    entropy_loss       | 10.1      |
|    explained_variance | -1.19e-07 |
|    learning_rate      | 0.0007    |
|    n_updates          | 83399     |
|    policy_loss        | 27.7      |
|    reward             | 7.1078897 |
|    std                | 0.00679   |
|    value_loss         | 24.1      |
-------------------------------------
-------------------------------------
| time/                 |           |
|    fps                | 14        |
|    iterations         | 83500     |
|    time_elapsed       | 29209     |
|    total_timesteps    | 417500    |
| train/                |           |
|    entropy_loss       | 10.1      |
|    explained_variance | 0         |
|    learning_rate      | 0.0007    |
|    n_updates          | 83499     |
|    policy_loss        | -1.72e+04 |
|    reward             | 602.6603  |
|    std                | 0.00673   |
|    value_loss         | 3.62e+06  |
-------------------------------------
EPISODE:  419
------------------------------------
| time/                 |          |
|    fps                | 14       |
|    iterations         | 83600    |
|    time_elapsed       | 29244    |
|    total_timesteps    | 418000   |
| train/                |          |
|    entropy_loss       | 10.1     |
|    explained_variance | 0        |
|    learning_rate      | 0.0007   |
|    n_updates          | 83599    |
|    policy_loss        | 30.8     |
|    reward             | 7.101323 |
|    std                | 0.0067   |
|    value_loss         | 24.6     |
------------------------------------
-------------------------------------
| time/                 |           |
|    fps                | 14        |
|    iterations         | 83700     |
|    time_elapsed       | 29279     |
|    total_timesteps    | 418500    |
| train/                |           |
|    entropy_loss       | 10.1      |
|    explained_variance | 0         |
|    learning_rate      | 0.0007    |
|    n_updates          | 83699     |
|    policy_loss        | -1.75e+04 |
|    reward             | 602.6603  |
|    std                | 0.00662   |
|    value_loss         | 3.62e+06  |
-------------------------------------
EPISODE:  420
------------------------------------
| time/                 |          |
|    fps                | 14       |
|    iterations         | 83800    |
|    time_elapsed       | 29314    |
|    total_timesteps    | 419000   |
| train/                |          |
|    entropy_loss       | 10.2     |
|    explained_variance | 0        |
|    learning_rate      | 0.0007   |
|    n_updates          | 83799    |
|    policy_loss        | 30.8     |
|    reward             | 7.101323 |
|    std                | 0.00658  |
|    value_loss         | 24.9     |
------------------------------------
-------------------------------------
| time/                 |           |
|    fps                | 14        |
|    iterations         | 83900     |
|    time_elapsed       | 29349     |
|    total_timesteps    | 419500    |
| train/                |           |
|    entropy_loss       | 10.2      |
|    explained_variance | 0         |
|    learning_rate      | 0.0007    |
|    n_updates          | 83899     |
|    policy_loss        | -1.83e+04 |
|    reward             | 602.6603  |
|    std                | 0.00654   |
|    value_loss         | 3.62e+06  |
-------------------------------------
EPISODE:  421
------------------------------------
| time/                 |          |
|    fps                | 14       |
|    iterations         | 84000    |
|    time_elapsed       | 29384    |
|    total_timesteps    | 420000   |
| train/                |          |
|    entropy_loss       | 10.2     |
|    explained_variance | 0        |
|    learning_rate      | 0.0007   |
|    n_updates          | 83999    |
|    policy_loss        | 27.9     |
|    reward             | 7.101323 |
|    std                | 0.00661  |
|    value_loss         | 25.3     |
------------------------------------
-------------------------------------
| time/                 |           |
|    fps                | 14        |
|    iterations         | 84100     |
|    time_elapsed       | 29419     |
|    total_timesteps    | 420500    |
| train/                |           |
|    entropy_loss       | 10.2      |
|    explained_variance | 0         |
|    learning_rate      | 0.0007    |
|    n_updates          | 84099     |
|    policy_loss        | -1.77e+04 |
|    reward             | 602.6603  |
|    std                | 0.0066    |
|    value_loss         | 3.62e+06  |
-------------------------------------
EPISODE:  422
-------------------------------------
| time/                 |           |
|    fps                | 14        |
|    iterations         | 84200     |
|    time_elapsed       | 29454     |
|    total_timesteps    | 421000    |
| train/                |           |
|    entropy_loss       | 10.2      |
|    explained_variance | -1.19e-07 |
|    learning_rate      | 0.0007    |
|    n_updates          | 84199     |
|    policy_loss        | 31.4      |
|    reward             | 7.101323  |
|    std                | 0.00663   |
|    value_loss         | 25.5      |
-------------------------------------
------------------------------------
| time/                 |          |
|    fps                | 14       |
|    iterations         | 84300    |
|    time_elapsed       | 29489    |
|    total_timesteps    | 421500   |
| train/                |          |
|    entropy_loss       | 10.2     |
|    explained_variance | 0        |
|    learning_rate      | 0.0007   |
|    n_updates          | 84299    |
|    policy_loss        | -1.5e+04 |
|    reward             | 602.6603 |
|    std                | 0.00659  |
|    value_loss         | 3.62e+06 |
------------------------------------
EPISODE:  423
-------------------------------------
| time/                 |           |
|    fps                | 14        |
|    iterations         | 84400     |
|    time_elapsed       | 29524     |
|    total_timesteps    | 422000    |
| train/                |           |
|    entropy_loss       | 10.2      |
|    explained_variance | 1.19e-07  |
|    learning_rate      | 0.0007    |
|    n_updates          | 84399     |
|    policy_loss        | 22.4      |
|    reward             | 7.5046372 |
|    std                | 0.00663   |
|    value_loss         | 22.9      |
-------------------------------------
-------------------------------------
| time/                 |           |
|    fps                | 14        |
|    iterations         | 84500     |
|    time_elapsed       | 29559     |
|    total_timesteps    | 422500    |
| train/                |           |
|    entropy_loss       | 10.2      |
|    explained_variance | 1.19e-07  |
|    learning_rate      | 0.0007    |
|    n_updates          | 84499     |
|    policy_loss        | -1.75e+04 |
|    reward             | 623.6318  |
|    std                | 0.0066    |
|    value_loss         | 3.88e+06  |
-------------------------------------
EPISODE:  424
-------------------------------------
| time/                 |           |
|    fps                | 14        |
|    iterations         | 84600     |
|    time_elapsed       | 29594     |
|    total_timesteps    | 423000    |
| train/                |           |
|    entropy_loss       | 10.2      |
|    explained_variance | 1.19e-07  |
|    learning_rate      | 0.0007    |
|    n_updates          | 84599     |
|    policy_loss        | -1.19e+03 |
|    reward             | 28.93791  |
|    std                | 0.00661   |
|    value_loss         | 1.75e+04  |
-------------------------------------
-------------------------------------
| time/                 |           |
|    fps                | 14        |
|    iterations         | 84700     |
|    time_elapsed       | 29629     |
|    total_timesteps    | 423500    |
| train/                |           |
|    entropy_loss       | 10.2      |
|    explained_variance | 0         |
|    learning_rate      | 0.0007    |
|    n_updates          | 84699     |
|    policy_loss        | -2.07e+04 |
|    reward             | 707.1952  |
|    std                | 0.00658   |
|    value_loss         | 5.01e+06  |
-------------------------------------
EPISODE:  425
------------------------------------
| time/                 |          |
|    fps                | 14       |
|    iterations         | 84800    |
|    time_elapsed       | 29663    |
|    total_timesteps    | 424000   |
| train/                |          |
|    entropy_loss       | 10.2     |
|    explained_variance | 0        |
|    learning_rate      | 0.0007   |
|    n_updates          | 84799    |
|    policy_loss        | -1.7e+03 |
|    reward             | 35.67802 |
|    std                | 0.00659  |
|    value_loss         | 3.34e+04 |
------------------------------------
-------------------------------------
| time/                 |           |
|    fps                | 14        |
|    iterations         | 84900     |
|    time_elapsed       | 29698     |
|    total_timesteps    | 424500    |
| train/                |           |
|    entropy_loss       | 10.3      |
|    explained_variance | 0         |
|    learning_rate      | 0.0007    |
|    n_updates          | 84899     |
|    policy_loss        | -2.04e+04 |
|    reward             | 707.1952  |
|    std                | 0.00654   |
|    value_loss         | 5.01e+06  |
-------------------------------------
EPISODE:  426
-------------------------------------
| time/                 |           |
|    fps                | 14        |
|    iterations         | 85000     |
|    time_elapsed       | 29733     |
|    total_timesteps    | 425000    |
| train/                |           |
|    entropy_loss       | 10.3      |
|    explained_variance | 5.96e-08  |
|    learning_rate      | 0.0007    |
|    n_updates          | 84999     |
|    policy_loss        | -1.67e+03 |
|    reward             | 35.67802  |
|    std                | 0.0066    |
|    value_loss         | 3.34e+04  |
-------------------------------------
-------------------------------------
| time/                 |           |
|    fps                | 14        |
|    iterations         | 85100     |
|    time_elapsed       | 29768     |
|    total_timesteps    | 425500    |
| train/                |           |
|    entropy_loss       | 10.3      |
|    explained_variance | 0         |
|    learning_rate      | 0.0007    |
|    n_updates          | 85099     |
|    policy_loss        | -2.11e+04 |
|    reward             | 707.1952  |
|    std                | 0.00658   |
|    value_loss         | 5.01e+06  |
-------------------------------------
EPISODE:  427
-------------------------------------
| time/                 |           |
|    fps                | 14        |
|    iterations         | 85200     |
|    time_elapsed       | 29803     |
|    total_timesteps    | 426000    |
| train/                |           |
|    entropy_loss       | 10.3      |
|    explained_variance | 0         |
|    learning_rate      | 0.0007    |
|    n_updates          | 85199     |
|    policy_loss        | -1.63e+03 |
|    reward             | 35.67802  |
|    std                | 0.00661   |
|    value_loss         | 3.34e+04  |
-------------------------------------
-------------------------------------
| time/                 |           |
|    fps                | 14        |
|    iterations         | 85300     |
|    time_elapsed       | 29838     |
|    total_timesteps    | 426500    |
| train/                |           |
|    entropy_loss       | 10.3      |
|    explained_variance | 0         |
|    learning_rate      | 0.0007    |
|    n_updates          | 85299     |
|    policy_loss        | -2.22e+04 |
|    reward             | 707.1952  |
|    std                | 0.00656   |
|    value_loss         | 5.01e+06  |
-------------------------------------
EPISODE:  428
-------------------------------------
| time/                 |           |
|    fps                | 14        |
|    iterations         | 85400     |
|    time_elapsed       | 29873     |
|    total_timesteps    | 427000    |
| train/                |           |
|    entropy_loss       | 10.3      |
|    explained_variance | 0         |
|    learning_rate      | 0.0007    |
|    n_updates          | 85399     |
|    policy_loss        | -1.71e+03 |
|    reward             | 35.67802  |
|    std                | 0.00656   |
|    value_loss         | 3.34e+04  |
-------------------------------------
-------------------------------------
| time/                 |           |
|    fps                | 14        |
|    iterations         | 85500     |
|    time_elapsed       | 29908     |
|    total_timesteps    | 427500    |
| train/                |           |
|    entropy_loss       | 10.3      |
|    explained_variance | -1.19e-07 |
|    learning_rate      | 0.0007    |
|    n_updates          | 85499     |
|    policy_loss        | -2.19e+04 |
|    reward             | 707.1952  |
|    std                | 0.00653   |
|    value_loss         | 5.01e+06  |
-------------------------------------
EPISODE:  429
-------------------------------------
| time/                 |           |
|    fps                | 14        |
|    iterations         | 85600     |
|    time_elapsed       | 29943     |
|    total_timesteps    | 428000    |
| train/                |           |
|    entropy_loss       | 10.3      |
|    explained_variance | 5.96e-08  |
|    learning_rate      | 0.0007    |
|    n_updates          | 85599     |
|    policy_loss        | -1.64e+03 |
|    reward             | 35.67802  |
|    std                | 0.00653   |
|    value_loss         | 3.33e+04  |
-------------------------------------
-------------------------------------
| time/                 |           |
|    fps                | 14        |
|    iterations         | 85700     |
|    time_elapsed       | 29978     |
|    total_timesteps    | 428500    |
| train/                |           |
|    entropy_loss       | 10.3      |
|    explained_variance | 1.19e-07  |
|    learning_rate      | 0.0007    |
|    n_updates          | 85699     |
|    policy_loss        | -2.13e+04 |
|    reward             | 707.1952  |
|    std                | 0.00652   |
|    value_loss         | 5.01e+06  |
-------------------------------------
EPISODE:  430
-------------------------------------
| time/                 |           |
|    fps                | 14        |
|    iterations         | 85800     |
|    time_elapsed       | 30013     |
|    total_timesteps    | 429000    |
| train/                |           |
|    entropy_loss       | 10.3      |
|    explained_variance | 0         |
|    learning_rate      | 0.0007    |
|    n_updates          | 85799     |
|    policy_loss        | -1.73e+03 |
|    reward             | 35.67802  |
|    std                | 0.00656   |
|    value_loss         | 3.33e+04  |
-------------------------------------
-------------------------------------
| time/                 |           |
|    fps                | 14        |
|    iterations         | 85900     |
|    time_elapsed       | 30049     |
|    total_timesteps    | 429500    |
| train/                |           |
|    entropy_loss       | 10.3      |
|    explained_variance | 0         |
|    learning_rate      | 0.0007    |
|    n_updates          | 85899     |
|    policy_loss        | -2.12e+04 |
|    reward             | 707.1952  |
|    std                | 0.00665   |
|    value_loss         | 5.01e+06  |
-------------------------------------
EPISODE:  431
-------------------------------------
| time/                 |           |
|    fps                | 14        |
|    iterations         | 86000     |
|    time_elapsed       | 30084     |
|    total_timesteps    | 430000    |
| train/                |           |
|    entropy_loss       | 10.3      |
|    explained_variance | 0         |
|    learning_rate      | 0.0007    |
|    n_updates          | 85999     |
|    policy_loss        | -1.51e+03 |
|    reward             | 35.67802  |
|    std                | 0.00665   |
|    value_loss         | 3.32e+04  |
-------------------------------------
-------------------------------------
| time/                 |           |
|    fps                | 14        |
|    iterations         | 86100     |
|    time_elapsed       | 30119     |
|    total_timesteps    | 430500    |
| train/                |           |
|    entropy_loss       | 10.3      |
|    explained_variance | 0         |
|    learning_rate      | 0.0007    |
|    n_updates          | 86099     |
|    policy_loss        | -2.01e+04 |
|    reward             | 707.1952  |
|    std                | 0.00665   |
|    value_loss         | 5.01e+06  |
-------------------------------------
EPISODE:  432
-------------------------------------
| time/                 |           |
|    fps                | 14        |
|    iterations         | 86200     |
|    time_elapsed       | 30154     |
|    total_timesteps    | 431000    |
| train/                |           |
|    entropy_loss       | 10.4      |
|    explained_variance | 0         |
|    learning_rate      | 0.0007    |
|    n_updates          | 86199     |
|    policy_loss        | -1.66e+03 |
|    reward             | 35.67802  |
|    std                | 0.00659   |
|    value_loss         | 3.32e+04  |
-------------------------------------
-------------------------------------
| time/                 |           |
|    fps                | 14        |
|    iterations         | 86300     |
|    time_elapsed       | 30189     |
|    total_timesteps    | 431500    |
| train/                |           |
|    entropy_loss       | 10.4      |
|    explained_variance | 0         |
|    learning_rate      | 0.0007    |
|    n_updates          | 86299     |
|    policy_loss        | -2.19e+04 |
|    reward             | 707.1952  |
|    std                | 0.0066    |
|    value_loss         | 5.01e+06  |
-------------------------------------
EPISODE:  433
-------------------------------------
| time/                 |           |
|    fps                | 14        |
|    iterations         | 86400     |
|    time_elapsed       | 30224     |
|    total_timesteps    | 432000    |
| train/                |           |
|    entropy_loss       | 10.4      |
|    explained_variance | 5.96e-08  |
|    learning_rate      | 0.0007    |
|    n_updates          | 86399     |
|    policy_loss        | -1.73e+03 |
|    reward             | 35.67802  |
|    std                | 0.00655   |
|    value_loss         | 3.32e+04  |
-------------------------------------
-------------------------------------
| time/                 |           |
|    fps                | 14        |
|    iterations         | 86500     |
|    time_elapsed       | 30259     |
|    total_timesteps    | 432500    |
| train/                |           |
|    entropy_loss       | 10.4      |
|    explained_variance | 0         |
|    learning_rate      | 0.0007    |
|    n_updates          | 86499     |
|    policy_loss        | -2.22e+04 |
|    reward             | 707.1952  |
|    std                | 0.00661   |
|    value_loss         | 5.01e+06  |
-------------------------------------
EPISODE:  434
-------------------------------------
| time/                 |           |
|    fps                | 14        |
|    iterations         | 86600     |
|    time_elapsed       | 30294     |
|    total_timesteps    | 433000    |
| train/                |           |
|    entropy_loss       | 10.4      |
|    explained_variance | 0         |
|    learning_rate      | 0.0007    |
|    n_updates          | 86599     |
|    policy_loss        | -1.61e+03 |
|    reward             | 35.67802  |
|    std                | 0.0066    |
|    value_loss         | 3.31e+04  |
-------------------------------------
-------------------------------------
| time/                 |           |
|    fps                | 14        |
|    iterations         | 86700     |
|    time_elapsed       | 30329     |
|    total_timesteps    | 433500    |
| train/                |           |
|    entropy_loss       | 10.4      |
|    explained_variance | 0         |
|    learning_rate      | 0.0007    |
|    n_updates          | 86699     |
|    policy_loss        | -2.07e+04 |
|    reward             | 707.1952  |
|    std                | 0.00657   |
|    value_loss         | 5.01e+06  |
-------------------------------------
EPISODE:  435
-------------------------------------
| time/                 |           |
|    fps                | 14        |
|    iterations         | 86800     |
|    time_elapsed       | 30364     |
|    total_timesteps    | 434000    |
| train/                |           |
|    entropy_loss       | 10.4      |
|    explained_variance | 0         |
|    learning_rate      | 0.0007    |
|    n_updates          | 86799     |
|    policy_loss        | -1.76e+03 |
|    reward             | 35.67802  |
|    std                | 0.00649   |
|    value_loss         | 3.31e+04  |
-------------------------------------
------------------------------------
| time/                 |          |
|    fps                | 14       |
|    iterations         | 86900    |
|    time_elapsed       | 30399    |
|    total_timesteps    | 434500   |
| train/                |          |
|    entropy_loss       | 10.5     |
|    explained_variance | 0        |
|    learning_rate      | 0.0007   |
|    n_updates          | 86899    |
|    policy_loss        | -2.2e+04 |
|    reward             | 705.4633 |
|    std                | 0.00654  |
|    value_loss         | 4.98e+06 |
------------------------------------
EPISODE:  436
-------------------------------------
| time/                 |           |
|    fps                | 14        |
|    iterations         | 87000     |
|    time_elapsed       | 30434     |
|    total_timesteps    | 435000    |
| train/                |           |
|    entropy_loss       | 10.5      |
|    explained_variance | 0         |
|    learning_rate      | 0.0007    |
|    n_updates          | 86999     |
|    policy_loss        | -1.77e+03 |
|    reward             | 35.59065  |
|    std                | 0.00653   |
|    value_loss         | 3.28e+04  |
-------------------------------------
-------------------------------------
| time/                 |           |
|    fps                | 14        |
|    iterations         | 87100     |
|    time_elapsed       | 30469     |
|    total_timesteps    | 435500    |
| train/                |           |
|    entropy_loss       | 10.5      |
|    explained_variance | 0         |
|    learning_rate      | 0.0007    |
|    n_updates          | 87099     |
|    policy_loss        | -2.17e+04 |
|    reward             | 705.7163  |
|    std                | 0.00649   |
|    value_loss         | 4.99e+06  |
-------------------------------------
EPISODE:  437
-------------------------------------
| time/                 |           |
|    fps                | 14        |
|    iterations         | 87200     |
|    time_elapsed       | 30504     |
|    total_timesteps    | 436000    |
| train/                |           |
|    entropy_loss       | 10.5      |
|    explained_variance | 0         |
|    learning_rate      | 0.0007    |
|    n_updates          | 87199     |
|    policy_loss        | -1.79e+03 |
|    reward             | 35.603413 |
|    std                | 0.00644   |
|    value_loss         | 3.28e+04  |
-------------------------------------
-------------------------------------
| time/                 |           |
|    fps                | 14        |
|    iterations         | 87300     |
|    time_elapsed       | 30539     |
|    total_timesteps    | 436500    |
| train/                |           |
|    entropy_loss       | 10.5      |
|    explained_variance | 0         |
|    learning_rate      | 0.0007    |
|    n_updates          | 87299     |
|    policy_loss        | -2.22e+04 |
|    reward             | 707.1952  |
|    std                | 0.00644   |
|    value_loss         | 5.01e+06  |
-------------------------------------
EPISODE:  438
-------------------------------------
| time/                 |           |
|    fps                | 14        |
|    iterations         | 87400     |
|    time_elapsed       | 30573     |
|    total_timesteps    | 437000    |
| train/                |           |
|    entropy_loss       | 10.5      |
|    explained_variance | 1.19e-07  |
|    learning_rate      | 0.0007    |
|    n_updates          | 87399     |
|    policy_loss        | -1.62e+03 |
|    reward             | 35.67802  |
|    std                | 0.0065    |
|    value_loss         | 3.29e+04  |
-------------------------------------
-------------------------------------
| time/                 |           |
|    fps                | 14        |
|    iterations         | 87500     |
|    time_elapsed       | 30601     |
|    total_timesteps    | 437500    |
| train/                |           |
|    entropy_loss       | 10.5      |
|    explained_variance | 0         |
|    learning_rate      | 0.0007    |
|    n_updates          | 87499     |
|    policy_loss        | -2.09e+04 |
|    reward             | 707.1952  |
|    std                | 0.0065    |
|    value_loss         | 5.01e+06  |
-------------------------------------
EPISODE:  439
------------------------------------
| time/                 |          |
|    fps                | 14       |
|    iterations         | 87600    |
|    time_elapsed       | 30629    |
|    total_timesteps    | 438000   |
| train/                |          |
|    entropy_loss       | 10.5     |
|    explained_variance | 0        |
|    learning_rate      | 0.0007   |
|    n_updates          | 87599    |
|    policy_loss        | -1.7e+03 |
|    reward             | 35.67802 |
|    std                | 0.00654  |
|    value_loss         | 3.29e+04 |
------------------------------------
-------------------------------------
| time/                 |           |
|    fps                | 14        |
|    iterations         | 87700     |
|    time_elapsed       | 30662     |
|    total_timesteps    | 438500    |
| train/                |           |
|    entropy_loss       | 10.5      |
|    explained_variance | -1.19e-07 |
|    learning_rate      | 0.0007    |
|    n_updates          | 87699     |
|    policy_loss        | -2.25e+04 |
|    reward             | 707.1952  |
|    std                | 0.00653   |
|    value_loss         | 5.01e+06  |
-------------------------------------
EPISODE:  440
-------------------------------------
| time/                 |           |
|    fps                | 14        |
|    iterations         | 87800     |
|    time_elapsed       | 30695     |
|    total_timesteps    | 439000    |
| train/                |           |
|    entropy_loss       | 10.5      |
|    explained_variance | 0         |
|    learning_rate      | 0.0007    |
|    n_updates          | 87799     |
|    policy_loss        | -1.62e+03 |
|    reward             | 35.67802  |
|    std                | 0.00645   |
|    value_loss         | 3.29e+04  |
-------------------------------------
-------------------------------------
| time/                 |           |
|    fps                | 14        |
|    iterations         | 87900     |
|    time_elapsed       | 30728     |
|    total_timesteps    | 439500    |
| train/                |           |
|    entropy_loss       | 10.6      |
|    explained_variance | 1.19e-07  |
|    learning_rate      | 0.0007    |
|    n_updates          | 87899     |
|    policy_loss        | -2.15e+04 |
|    reward             | 707.1952  |
|    std                | 0.00634   |
|    value_loss         | 5.01e+06  |
-------------------------------------
EPISODE:  441
-------------------------------------
| time/                 |           |
|    fps                | 14        |
|    iterations         | 88000     |
|    time_elapsed       | 30761     |
|    total_timesteps    | 440000    |
| train/                |           |
|    entropy_loss       | 10.6      |
|    explained_variance | 0         |
|    learning_rate      | 0.0007    |
|    n_updates          | 87999     |
|    policy_loss        | -1.67e+03 |
|    reward             | 35.67802  |
|    std                | 0.00637   |
|    value_loss         | 3.28e+04  |
-------------------------------------
-------------------------------------
| time/                 |           |
|    fps                | 14        |
|    iterations         | 88100     |
|    time_elapsed       | 30794     |
|    total_timesteps    | 440500    |
| train/                |           |
|    entropy_loss       | 10.6      |
|    explained_variance | 0         |
|    learning_rate      | 0.0007    |
|    n_updates          | 88099     |
|    policy_loss        | -2.12e+04 |
|    reward             | 708.7612  |
|    std                | 0.00643   |
|    value_loss         | 5.02e+06  |
-------------------------------------
EPISODE:  442
-------------------------------------
| time/                 |           |
|    fps                | 14        |
|    iterations         | 88200     |
|    time_elapsed       | 30827     |
|    total_timesteps    | 441000    |
| train/                |           |
|    entropy_loss       | 10.6      |
|    explained_variance | 0         |
|    learning_rate      | 0.0007    |
|    n_updates          | 88199     |
|    policy_loss        | -1.98e+03 |
|    reward             | 40.031487 |
|    std                | 0.00644   |
|    value_loss         | 4.57e+04  |
-------------------------------------
------------------------------------
| time/                 |          |
|    fps                | 14       |
|    iterations         | 88300    |
|    time_elapsed       | 30860    |
|    total_timesteps    | 441500   |
| train/                |          |
|    entropy_loss       | 10.6     |
|    explained_variance | 0        |
|    learning_rate      | 0.0007   |
|    n_updates          | 88299    |
|    policy_loss        | -2.2e+04 |
|    reward             | 709.7544 |
|    std                | 0.0065   |
|    value_loss         | 5.04e+06 |
------------------------------------
EPISODE:  443
-------------------------------------
| time/                 |           |
|    fps                | 14        |
|    iterations         | 88400     |
|    time_elapsed       | 30893     |
|    total_timesteps    | 442000    |
| train/                |           |
|    entropy_loss       | 10.6      |
|    explained_variance | 0         |
|    learning_rate      | 0.0007    |
|    n_updates          | 88399     |
|    policy_loss        | -2.69e+03 |
|    reward             | 66.37812  |
|    std                | 0.00647   |
|    value_loss         | 9.13e+04  |
-------------------------------------
-------------------------------------
| time/                 |           |
|    fps                | 14        |
|    iterations         | 88500     |
|    time_elapsed       | 30926     |
|    total_timesteps    | 442500    |
| train/                |           |
|    entropy_loss       | 10.6      |
|    explained_variance | 0         |
|    learning_rate      | 0.0007    |
|    n_updates          | 88499     |
|    policy_loss        | -2.49e+04 |
|    reward             | 778.49084 |
|    std                | 0.00645   |
|    value_loss         | 6.09e+06  |
-------------------------------------
EPISODE:  444
-------------------------------------
| time/                 |           |
|    fps                | 14        |
|    iterations         | 88600     |
|    time_elapsed       | 30959     |
|    total_timesteps    | 443000    |
| train/                |           |
|    entropy_loss       | 10.6      |
|    explained_variance | 0         |
|    learning_rate      | 0.0007    |
|    n_updates          | 88599     |
|    policy_loss        | -4.33e+03 |
|    reward             | 84.666245 |
|    std                | 0.00643   |
|    value_loss         | 1.95e+05  |
-------------------------------------
-------------------------------------
| time/                 |           |
|    fps                | 14        |
|    iterations         | 88700     |
|    time_elapsed       | 30993     |
|    total_timesteps    | 443500    |
| train/                |           |
|    entropy_loss       | 10.6      |
|    explained_variance | 0         |
|    learning_rate      | 0.0007    |
|    n_updates          | 88699     |
|    policy_loss        | -2.48e+04 |
|    reward             | 810.7578  |
|    std                | 0.0064    |
|    value_loss         | 6.6e+06   |
-------------------------------------
EPISODE:  445
-------------------------------------
| time/                 |           |
|    fps                | 14        |
|    iterations         | 88800     |
|    time_elapsed       | 31026     |
|    total_timesteps    | 444000    |
| train/                |           |
|    entropy_loss       | 10.6      |
|    explained_variance | 5.96e-08  |
|    learning_rate      | 0.0007    |
|    n_updates          | 88799     |
|    policy_loss        | -7.58e+03 |
|    reward             | 165.69417 |
|    std                | 0.00645   |
|    value_loss         | 5.52e+05  |
-------------------------------------
-------------------------------------
| time/                 |           |
|    fps                | 14        |
|    iterations         | 88900     |
|    time_elapsed       | 31059     |
|    total_timesteps    | 444500    |
| train/                |           |
|    entropy_loss       | 10.6      |
|    explained_variance | 0         |
|    learning_rate      | 0.0007    |
|    n_updates          | 88899     |
|    policy_loss        | -2.54e+04 |
|    reward             | 829.81805 |
|    std                | 0.00648   |
|    value_loss         | 6.93e+06  |
-------------------------------------
EPISODE:  446
-------------------------------------
| time/                 |           |
|    fps                | 14        |
|    iterations         | 89000     |
|    time_elapsed       | 31092     |
|    total_timesteps    | 445000    |
| train/                |           |
|    entropy_loss       | 10.6      |
|    explained_variance | 0         |
|    learning_rate      | 0.0007    |
|    n_updates          | 88999     |
|    policy_loss        | -7.67e+03 |
|    reward             | 170.47614 |
|    std                | 0.00649   |
|    value_loss         | 5.88e+05  |
-------------------------------------
-------------------------------------
| time/                 |           |
|    fps                | 14        |
|    iterations         | 89100     |
|    time_elapsed       | 31125     |
|    total_timesteps    | 445500    |
| train/                |           |
|    entropy_loss       | 10.6      |
|    explained_variance | 0         |
|    learning_rate      | 0.0007    |
|    n_updates          | 89099     |
|    policy_loss        | -2.31e+04 |
|    reward             | 824.30115 |
|    std                | 0.00651   |
|    value_loss         | 6.85e+06  |
-------------------------------------
EPISODE:  447
-------------------------------------
| time/                 |           |
|    fps                | 14        |
|    iterations         | 89200     |
|    time_elapsed       | 31158     |
|    total_timesteps    | 446000    |
| train/                |           |
|    entropy_loss       | 10.6      |
|    explained_variance | 5.96e-08  |
|    learning_rate      | 0.0007    |
|    n_updates          | 89199     |
|    policy_loss        | -2.23e+03 |
|    reward             | 44.977985 |
|    std                | 0.00657   |
|    value_loss         | 6.28e+04  |
-------------------------------------
-------------------------------------
| time/                 |           |
|    fps                | 14        |
|    iterations         | 89300     |
|    time_elapsed       | 31191     |
|    total_timesteps    | 446500    |
| train/                |           |
|    entropy_loss       | 10.6      |
|    explained_variance | 0         |
|    learning_rate      | 0.0007    |
|    n_updates          | 89299     |
|    policy_loss        | -2.16e+04 |
|    reward             | 707.4808  |
|    std                | 0.00654   |
|    value_loss         | 5.01e+06  |
-------------------------------------
EPISODE:  448
-------------------------------------
| time/                 |           |
|    fps                | 14        |
|    iterations         | 89400     |
|    time_elapsed       | 31224     |
|    total_timesteps    | 447000    |
| train/                |           |
|    entropy_loss       | 10.7      |
|    explained_variance | -1.19e-07 |
|    learning_rate      | 0.0007    |
|    n_updates          | 89399     |
|    policy_loss        | -1.62e+03 |
|    reward             | 35.692432 |
|    std                | 0.0065    |
|    value_loss         | 3.27e+04  |
-------------------------------------
------------------------------------
| time/                 |          |
|    fps                | 14       |
|    iterations         | 89500    |
|    time_elapsed       | 31257    |
|    total_timesteps    | 447500   |
| train/                |          |
|    entropy_loss       | 10.7     |
|    explained_variance | 0        |
|    learning_rate      | 0.0007   |
|    n_updates          | 89499    |
|    policy_loss        | -2.2e+04 |
|    reward             | 707.1952 |
|    std                | 0.0065   |
|    value_loss         | 5e+06    |
------------------------------------
EPISODE:  449
-------------------------------------
| time/                 |           |
|    fps                | 14        |
|    iterations         | 89600     |
|    time_elapsed       | 31290     |
|    total_timesteps    | 448000    |
| train/                |           |
|    entropy_loss       | 10.7      |
|    explained_variance | 0         |
|    learning_rate      | 0.0007    |
|    n_updates          | 89599     |
|    policy_loss        | -1.49e+03 |
|    reward             | 35.67802  |
|    std                | 0.00655   |
|    value_loss         | 3.26e+04  |
-------------------------------------
-------------------------------------
| time/                 |           |
|    fps                | 14        |
|    iterations         | 89700     |
|    time_elapsed       | 31323     |
|    total_timesteps    | 448500    |
| train/                |           |
|    entropy_loss       | 10.7      |
|    explained_variance | 0         |
|    learning_rate      | 0.0007    |
|    n_updates          | 89699     |
|    policy_loss        | -1.85e+04 |
|    reward             | 707.1952  |
|    std                | 0.00659   |
|    value_loss         | 5e+06     |
-------------------------------------
EPISODE:  450
-------------------------------------
| time/                 |           |
|    fps                | 14        |
|    iterations         | 89800     |
|    time_elapsed       | 31356     |
|    total_timesteps    | 449000    |
| train/                |           |
|    entropy_loss       | 10.7      |
|    explained_variance | 0         |
|    learning_rate      | 0.0007    |
|    n_updates          | 89799     |
|    policy_loss        | -1.79e+03 |
|    reward             | 35.67802  |
|    std                | 0.00652   |
|    value_loss         | 3.25e+04  |
-------------------------------------
-------------------------------------
| time/                 |           |
|    fps                | 14        |
|    iterations         | 89900     |
|    time_elapsed       | 31389     |
|    total_timesteps    | 449500    |
| train/                |           |
|    entropy_loss       | 10.7      |
|    explained_variance | 0         |
|    learning_rate      | 0.0007    |
|    n_updates          | 89899     |
|    policy_loss        | -2.11e+04 |
|    reward             | 707.1952  |
|    std                | 0.00653   |
|    value_loss         | 5e+06     |
-------------------------------------
EPISODE:  451
-------------------------------------
| time/                 |           |
|    fps                | 14        |
|    iterations         | 90000     |
|    time_elapsed       | 31422     |
|    total_timesteps    | 450000    |
| train/                |           |
|    entropy_loss       | 10.7      |
|    explained_variance | -1.19e-07 |
|    learning_rate      | 0.0007    |
|    n_updates          | 89999     |
|    policy_loss        | -1.66e+03 |
|    reward             | 35.67802  |
|    std                | 0.00653   |
|    value_loss         | 3.25e+04  |
-------------------------------------
-------------------------------------
| time/                 |           |
|    fps                | 14        |
|    iterations         | 90100     |
|    time_elapsed       | 31455     |
|    total_timesteps    | 450500    |
| train/                |           |
|    entropy_loss       | 10.7      |
|    explained_variance | 0         |
|    learning_rate      | 0.0007    |
|    n_updates          | 90099     |
|    policy_loss        | -2.23e+04 |
|    reward             | 707.1952  |
|    std                | 0.00649   |
|    value_loss         | 5e+06     |
-------------------------------------
EPISODE:  452
-------------------------------------
| time/                 |           |
|    fps                | 14        |
|    iterations         | 90200     |
|    time_elapsed       | 31487     |
|    total_timesteps    | 451000    |
| train/                |           |
|    entropy_loss       | 10.7      |
|    explained_variance | 0         |
|    learning_rate      | 0.0007    |
|    n_updates          | 90199     |
|    policy_loss        | -1.64e+03 |
|    reward             | 35.67802  |
|    std                | 0.00652   |
|    value_loss         | 3.25e+04  |
-------------------------------------
-------------------------------------
| time/                 |           |
|    fps                | 14        |
|    iterations         | 90300     |
|    time_elapsed       | 31520     |
|    total_timesteps    | 451500    |
| train/                |           |
|    entropy_loss       | 10.8      |
|    explained_variance | 0         |
|    learning_rate      | 0.0007    |
|    n_updates          | 90299     |
|    policy_loss        | -2.23e+04 |
|    reward             | 707.1952  |
|    std                | 0.00647   |
|    value_loss         | 5e+06     |
-------------------------------------
EPISODE:  453
-------------------------------------
| time/                 |           |
|    fps                | 14        |
|    iterations         | 90400     |
|    time_elapsed       | 31553     |
|    total_timesteps    | 452000    |
| train/                |           |
|    entropy_loss       | 10.8      |
|    explained_variance | 0         |
|    learning_rate      | 0.0007    |
|    n_updates          | 90399     |
|    policy_loss        | -1.61e+03 |
|    reward             | 35.67802  |
|    std                | 0.00653   |
|    value_loss         | 3.24e+04  |
-------------------------------------
-------------------------------------
| time/                 |           |
|    fps                | 14        |
|    iterations         | 90500     |
|    time_elapsed       | 31586     |
|    total_timesteps    | 452500    |
| train/                |           |
|    entropy_loss       | 10.8      |
|    explained_variance | 0         |
|    learning_rate      | 0.0007    |
|    n_updates          | 90499     |
|    policy_loss        | -2.14e+04 |
|    reward             | 707.1952  |
|    std                | 0.00653   |
|    value_loss         | 5e+06     |
-------------------------------------
EPISODE:  454
-------------------------------------
| time/                 |           |
|    fps                | 14        |
|    iterations         | 90600     |
|    time_elapsed       | 31619     |
|    total_timesteps    | 453000    |
| train/                |           |
|    entropy_loss       | 10.8      |
|    explained_variance | -1.19e-07 |
|    learning_rate      | 0.0007    |
|    n_updates          | 90599     |
|    policy_loss        | -1.75e+03 |
|    reward             | 35.67802  |
|    std                | 0.00648   |
|    value_loss         | 3.24e+04  |
-------------------------------------
-------------------------------------
| time/                 |           |
|    fps                | 14        |
|    iterations         | 90700     |
|    time_elapsed       | 31652     |
|    total_timesteps    | 453500    |
| train/                |           |
|    entropy_loss       | 10.8      |
|    explained_variance | -1.19e-07 |
|    learning_rate      | 0.0007    |
|    n_updates          | 90699     |
|    policy_loss        | -2.23e+04 |
|    reward             | 707.0915  |
|    std                | 0.00646   |
|    value_loss         | 5e+06     |
-------------------------------------
EPISODE:  455
------------------------------------
| time/                 |          |
|    fps                | 14       |
|    iterations         | 90800    |
|    time_elapsed       | 31685    |
|    total_timesteps    | 454000   |
| train/                |          |
|    entropy_loss       | 10.8     |
|    explained_variance | 0        |
|    learning_rate      | 0.0007   |
|    n_updates          | 90799    |
|    policy_loss        | -451     |
|    reward             | 13.23357 |
|    std                | 0.00642  |
|    value_loss         | 3.03e+03 |
------------------------------------
-------------------------------------
| time/                 |           |
|    fps                | 14        |
|    iterations         | 90900     |
|    time_elapsed       | 31718     |
|    total_timesteps    | 454500    |
| train/                |           |
|    entropy_loss       | 10.8      |
|    explained_variance | 0         |
|    learning_rate      | 0.0007    |
|    n_updates          | 90899     |
|    policy_loss        | -1.97e+04 |
|    reward             | 620.777   |
|    std                | 0.00645   |
|    value_loss         | 3.83e+06  |
-------------------------------------
EPISODE:  456
------------------------------------
| time/                 |          |
|    fps                | 14       |
|    iterations         | 91000    |
|    time_elapsed       | 31751    |
|    total_timesteps    | 455000   |
| train/                |          |
|    entropy_loss       | 10.8     |
|    explained_variance | 0        |
|    learning_rate      | 0.0007   |
|    n_updates          | 90999    |
|    policy_loss        | 18.5     |
|    reward             | 8.034749 |
|    std                | 0.00645  |
|    value_loss         | 24       |
------------------------------------
-------------------------------------
| time/                 |           |
|    fps                | 14        |
|    iterations         | 91100     |
|    time_elapsed       | 31784     |
|    total_timesteps    | 455500    |
| train/                |           |
|    entropy_loss       | 10.8      |
|    explained_variance | 0         |
|    learning_rate      | 0.0007    |
|    n_updates          | 91099     |
|    policy_loss        | -1.88e+04 |
|    reward             | 608.00775 |
|    std                | 0.00645   |
|    value_loss         | 3.67e+06  |
-------------------------------------
EPISODE:  457
-------------------------------------
| time/                 |           |
|    fps                | 14        |
|    iterations         | 91200     |
|    time_elapsed       | 31817     |
|    total_timesteps    | 456000    |
| train/                |           |
|    entropy_loss       | 10.8      |
|    explained_variance | 1.19e-07  |
|    learning_rate      | 0.0007    |
|    n_updates          | 91199     |
|    policy_loss        | 59.6      |
|    reward             | 7.1650853 |
|    std                | 0.00649   |
|    value_loss         | 41.9      |
-------------------------------------
------------------------------------
| time/                 |          |
|    fps                | 14       |
|    iterations         | 91300    |
|    time_elapsed       | 31850    |
|    total_timesteps    | 456500   |
| train/                |          |
|    entropy_loss       | 10.8     |
|    explained_variance | 0        |
|    learning_rate      | 0.0007   |
|    n_updates          | 91299    |
|    policy_loss        | -1.9e+04 |
|    reward             | 602.6603 |
|    std                | 0.0065   |
|    value_loss         | 3.6e+06  |
------------------------------------
EPISODE:  458
-------------------------------------
| time/                 |           |
|    fps                | 14        |
|    iterations         | 91400     |
|    time_elapsed       | 31883     |
|    total_timesteps    | 457000    |
| train/                |           |
|    entropy_loss       | 10.8      |
|    explained_variance | -1.19e-07 |
|    learning_rate      | 0.0007    |
|    n_updates          | 91399     |
|    policy_loss        | 66.4      |
|    reward             | 7.101323  |
|    std                | 0.00642   |
|    value_loss         | 49.6      |
-------------------------------------
------------------------------------
| time/                 |          |
|    fps                | 14       |
|    iterations         | 91500    |
|    time_elapsed       | 31917    |
|    total_timesteps    | 457500   |
| train/                |          |
|    entropy_loss       | 10.8     |
|    explained_variance | 0        |
|    learning_rate      | 0.0007   |
|    n_updates          | 91499    |
|    policy_loss        | -1.7e+04 |
|    reward             | 602.6603 |
|    std                | 0.00639  |
|    value_loss         | 3.6e+06  |
------------------------------------
EPISODE:  459
------------------------------------
| time/                 |          |
|    fps                | 14       |
|    iterations         | 91600    |
|    time_elapsed       | 31950    |
|    total_timesteps    | 458000   |
| train/                |          |
|    entropy_loss       | 10.8     |
|    explained_variance | 0        |
|    learning_rate      | 0.0007   |
|    n_updates          | 91599    |
|    policy_loss        | 68.8     |
|    reward             | 7.101323 |
|    std                | 0.00636  |
|    value_loss         | 50.1     |
------------------------------------
------------------------------------
| time/                 |          |
|    fps                | 14       |
|    iterations         | 91700    |
|    time_elapsed       | 31983    |
|    total_timesteps    | 458500   |
| train/                |          |
|    entropy_loss       | 10.9     |
|    explained_variance | 0        |
|    learning_rate      | 0.0007   |
|    n_updates          | 91699    |
|    policy_loss        | -1.9e+04 |
|    reward             | 602.6603 |
|    std                | 0.00633  |
|    value_loss         | 3.6e+06  |
------------------------------------
EPISODE:  460
------------------------------------
| time/                 |          |
|    fps                | 14       |
|    iterations         | 91800    |
|    time_elapsed       | 32016    |
|    total_timesteps    | 459000   |
| train/                |          |
|    entropy_loss       | 10.9     |
|    explained_variance | 0        |
|    learning_rate      | 0.0007   |
|    n_updates          | 91799    |
|    policy_loss        | -76.9    |
|    reward             | 9.790504 |
|    std                | 0.00638  |
|    value_loss         | 119      |
------------------------------------
-------------------------------------
| time/                 |           |
|    fps                | 14        |
|    iterations         | 91900     |
|    time_elapsed       | 32049     |
|    total_timesteps    | 459500    |
| train/                |           |
|    entropy_loss       | 10.9      |
|    explained_variance | 0         |
|    learning_rate      | 0.0007    |
|    n_updates          | 91899     |
|    policy_loss        | -2.05e+04 |
|    reward             | 644.1461  |
|    std                | 0.00637   |
|    value_loss         | 4.12e+06  |
-------------------------------------
EPISODE:  461
-------------------------------------
| time/                 |           |
|    fps                | 14        |
|    iterations         | 92000     |
|    time_elapsed       | 32082     |
|    total_timesteps    | 460000    |
| train/                |           |
|    entropy_loss       | 10.9      |
|    explained_variance | 1.19e-07  |
|    learning_rate      | 0.0007    |
|    n_updates          | 91999     |
|    policy_loss        | -338      |
|    reward             | 11.048918 |
|    std                | 0.00635   |
|    value_loss         | 1.31e+03  |
-------------------------------------
-------------------------------------
| time/                 |           |
|    fps                | 14        |
|    iterations         | 92100     |
|    time_elapsed       | 32115     |
|    total_timesteps    | 460500    |
| train/                |           |
|    entropy_loss       | 10.9      |
|    explained_variance | 0         |
|    learning_rate      | 0.0007    |
|    n_updates          | 92099     |
|    policy_loss        | -2.07e+04 |
|    reward             | 644.8562  |
|    std                | 0.0063    |
|    value_loss         | 4.14e+06  |
-------------------------------------
EPISODE:  462
------------------------------------
| time/                 |          |
|    fps                | 14       |
|    iterations         | 92200    |
|    time_elapsed       | 32148    |
|    total_timesteps    | 461000   |
| train/                |          |
|    entropy_loss       | 10.9     |
|    explained_variance | 0        |
|    learning_rate      | 0.0007   |
|    n_updates          | 92199    |
|    policy_loss        | -910     |
|    reward             | 22.16001 |
|    std                | 0.00632  |
|    value_loss         | 8.86e+03 |
------------------------------------
-------------------------------------
| time/                 |           |
|    fps                | 14        |
|    iterations         | 92300     |
|    time_elapsed       | 32181     |
|    total_timesteps    | 461500    |
| train/                |           |
|    entropy_loss       | 10.9      |
|    explained_variance | 0         |
|    learning_rate      | 0.0007    |
|    n_updates          | 92299     |
|    policy_loss        | -2.07e+04 |
|    reward             | 667.088   |
|    std                | 0.00629   |
|    value_loss         | 4.43e+06  |
-------------------------------------
EPISODE:  463
-------------------------------------
| time/                 |           |
|    fps                | 14        |
|    iterations         | 92400     |
|    time_elapsed       | 32214     |
|    total_timesteps    | 462000    |
| train/                |           |
|    entropy_loss       | 10.9      |
|    explained_variance | 5.96e-08  |
|    learning_rate      | 0.0007    |
|    n_updates          | 92399     |
|    policy_loss        | -1.06e+03 |
|    reward             | 25.391815 |
|    std                | 0.00633   |
|    value_loss         | 1.42e+04  |
-------------------------------------
-------------------------------------
| time/                 |           |
|    fps                | 14        |
|    iterations         | 92500     |
|    time_elapsed       | 32247     |
|    total_timesteps    | 462500    |
| train/                |           |
|    entropy_loss       | 10.9      |
|    explained_variance | 0         |
|    learning_rate      | 0.0007    |
|    n_updates          | 92499     |
|    policy_loss        | -2.03e+04 |
|    reward             | 648.13153 |
|    std                | 0.00632   |
|    value_loss         | 4.18e+06  |
-------------------------------------
EPISODE:  464
-------------------------------------
| time/                 |           |
|    fps                | 14        |
|    iterations         | 92600     |
|    time_elapsed       | 32280     |
|    total_timesteps    | 463000    |
| train/                |           |
|    entropy_loss       | 10.9      |
|    explained_variance | 0         |
|    learning_rate      | 0.0007    |
|    n_updates          | 92599     |
|    policy_loss        | -1.14e+03 |
|    reward             | 27.306458 |
|    std                | 0.00635   |
|    value_loss         | 1.35e+04  |
-------------------------------------
-------------------------------------
| time/                 |           |
|    fps                | 14        |
|    iterations         | 92700     |
|    time_elapsed       | 32313     |
|    total_timesteps    | 463500    |
| train/                |           |
|    entropy_loss       | 10.9      |
|    explained_variance | 0         |
|    learning_rate      | 0.0007    |
|    n_updates          | 92699     |
|    policy_loss        | -2.21e+04 |
|    reward             | 691.8306  |
|    std                | 0.00637   |
|    value_loss         | 4.77e+06  |
-------------------------------------
EPISODE:  465
-------------------------------------
| time/                 |           |
|    fps                | 14        |
|    iterations         | 92800     |
|    time_elapsed       | 32346     |
|    total_timesteps    | 464000    |
| train/                |           |
|    entropy_loss       | 10.9      |
|    explained_variance | 0         |
|    learning_rate      | 0.0007    |
|    n_updates          | 92799     |
|    policy_loss        | -1.46e+03 |
|    reward             | 33.2088   |
|    std                | 0.00639   |
|    value_loss         | 2.58e+04  |
-------------------------------------
-------------------------------------
| time/                 |           |
|    fps                | 14        |
|    iterations         | 92900     |
|    time_elapsed       | 32379     |
|    total_timesteps    | 464500    |
| train/                |           |
|    entropy_loss       | 10.9      |
|    explained_variance | 0         |
|    learning_rate      | 0.0007    |
|    n_updates          | 92899     |
|    policy_loss        | -2.19e+04 |
|    reward             | 707.11646 |
|    std                | 0.00639   |
|    value_loss         | 4.99e+06  |
-------------------------------------
EPISODE:  466
-------------------------------------
| time/                 |           |
|    fps                | 14        |
|    iterations         | 93000     |
|    time_elapsed       | 32412     |
|    total_timesteps    | 465000    |
| train/                |           |
|    entropy_loss       | 11        |
|    explained_variance | 0         |
|    learning_rate      | 0.0007    |
|    n_updates          | 92999     |
|    policy_loss        | -1.79e+03 |
|    reward             | 35.67405  |
|    std                | 0.00636   |
|    value_loss         | 3.2e+04   |
-------------------------------------
-------------------------------------
| time/                 |           |
|    fps                | 14        |
|    iterations         | 93100     |
|    time_elapsed       | 32444     |
|    total_timesteps    | 465500    |
| train/                |           |
|    entropy_loss       | 10.9      |
|    explained_variance | 0         |
|    learning_rate      | 0.0007    |
|    n_updates          | 93099     |
|    policy_loss        | -2.33e+04 |
|    reward             | 707.1952  |
|    std                | 0.00641   |
|    value_loss         | 5e+06     |
-------------------------------------
EPISODE:  467
------------------------------------
| time/                 |          |
|    fps                | 14       |
|    iterations         | 93200    |
|    time_elapsed       | 32477    |
|    total_timesteps    | 466000   |
| train/                |          |
|    entropy_loss       | 11       |
|    explained_variance | 0        |
|    learning_rate      | 0.0007   |
|    n_updates          | 93199    |
|    policy_loss        | -1.7e+03 |
|    reward             | 35.67802 |
|    std                | 0.00642  |
|    value_loss         | 3.2e+04  |
------------------------------------
-------------------------------------
| time/                 |           |
|    fps                | 14        |
|    iterations         | 93300     |
|    time_elapsed       | 32510     |
|    total_timesteps    | 466500    |
| train/                |           |
|    entropy_loss       | 11        |
|    explained_variance | 0         |
|    learning_rate      | 0.0007    |
|    n_updates          | 93299     |
|    policy_loss        | -2.35e+04 |
|    reward             | 707.1952  |
|    std                | 0.00643   |
|    value_loss         | 4.99e+06  |
-------------------------------------
EPISODE:  468
-------------------------------------
| time/                 |           |
|    fps                | 14        |
|    iterations         | 93400     |
|    time_elapsed       | 32543     |
|    total_timesteps    | 467000    |
| train/                |           |
|    entropy_loss       | 11        |
|    explained_variance | 0         |
|    learning_rate      | 0.0007    |
|    n_updates          | 93399     |
|    policy_loss        | -1.81e+03 |
|    reward             | 35.67802  |
|    std                | 0.00639   |
|    value_loss         | 3.2e+04   |
-------------------------------------
-------------------------------------
| time/                 |           |
|    fps                | 14        |
|    iterations         | 93500     |
|    time_elapsed       | 32576     |
|    total_timesteps    | 467500    |
| train/                |           |
|    entropy_loss       | 11        |
|    explained_variance | 5.96e-08  |
|    learning_rate      | 0.0007    |
|    n_updates          | 93499     |
|    policy_loss        | -2.14e+04 |
|    reward             | 707.1952  |
|    std                | 0.00638   |
|    value_loss         | 4.99e+06  |
-------------------------------------
EPISODE:  469
-------------------------------------
| time/                 |           |
|    fps                | 14        |
|    iterations         | 93600     |
|    time_elapsed       | 32609     |
|    total_timesteps    | 468000    |
| train/                |           |
|    entropy_loss       | 11        |
|    explained_variance | 0         |
|    learning_rate      | 0.0007    |
|    n_updates          | 93599     |
|    policy_loss        | -1.86e+03 |
|    reward             | 35.67802  |
|    std                | 0.00635   |
|    value_loss         | 3.2e+04   |
-------------------------------------
-------------------------------------
| time/                 |           |
|    fps                | 14        |
|    iterations         | 93700     |
|    time_elapsed       | 32642     |
|    total_timesteps    | 468500    |
| train/                |           |
|    entropy_loss       | 11        |
|    explained_variance | 0         |
|    learning_rate      | 0.0007    |
|    n_updates          | 93699     |
|    policy_loss        | -1.95e+04 |
|    reward             | 707.1952  |
|    std                | 0.00633   |
|    value_loss         | 4.99e+06  |
-------------------------------------
EPISODE:  470
-------------------------------------
| time/                 |           |
|    fps                | 14        |
|    iterations         | 93800     |
|    time_elapsed       | 32675     |
|    total_timesteps    | 469000    |
| train/                |           |
|    entropy_loss       | 11        |
|    explained_variance | 5.96e-08  |
|    learning_rate      | 0.0007    |
|    n_updates          | 93799     |
|    policy_loss        | -1.77e+03 |
|    reward             | 35.709145 |
|    std                | 0.00634   |
|    value_loss         | 3.2e+04   |
-------------------------------------
-------------------------------------
| time/                 |           |
|    fps                | 14        |
|    iterations         | 93900     |
|    time_elapsed       | 32708     |
|    total_timesteps    | 469500    |
| train/                |           |
|    entropy_loss       | 11        |
|    explained_variance | 0         |
|    learning_rate      | 0.0007    |
|    n_updates          | 93899     |
|    policy_loss        | -2.31e+04 |
|    reward             | 710.4031  |
|    std                | 0.00631   |
|    value_loss         | 5.04e+06  |
-------------------------------------
EPISODE:  471
-------------------------------------
| time/                 |           |
|    fps                | 14        |
|    iterations         | 94000     |
|    time_elapsed       | 32741     |
|    total_timesteps    | 470000    |
| train/                |           |
|    entropy_loss       | 11        |
|    explained_variance | 0         |
|    learning_rate      | 0.0007    |
|    n_updates          | 93999     |
|    policy_loss        | -2.07e+03 |
|    reward             | 41.127804 |
|    std                | 0.0063    |
|    value_loss         | 4.1e+04   |
-------------------------------------
-------------------------------------
| time/                 |           |
|    fps                | 14        |
|    iterations         | 94100     |
|    time_elapsed       | 32774     |
|    total_timesteps    | 470500    |
| train/                |           |
|    entropy_loss       | 11        |
|    explained_variance | 0         |
|    learning_rate      | 0.0007    |
|    n_updates          | 94099     |
|    policy_loss        | -2.33e+04 |
|    reward             | 725.4761  |
|    std                | 0.00632   |
|    value_loss         | 5.27e+06  |
-------------------------------------
EPISODE:  472
-------------------------------------
| time/                 |           |
|    fps                | 14        |
|    iterations         | 94200     |
|    time_elapsed       | 32807     |
|    total_timesteps    | 471000    |
| train/                |           |
|    entropy_loss       | 11        |
|    explained_variance | 0         |
|    learning_rate      | 0.0007    |
|    n_updates          | 94199     |
|    policy_loss        | -2.09e+03 |
|    reward             | 55.116547 |
|    std                | 0.00632   |
|    value_loss         | 5.96e+04  |
-------------------------------------
-------------------------------------
| time/                 |           |
|    fps                | 14        |
|    iterations         | 94300     |
|    time_elapsed       | 32841     |
|    total_timesteps    | 471500    |
| train/                |           |
|    entropy_loss       | 11        |
|    explained_variance | 0         |
|    learning_rate      | 0.0007    |
|    n_updates          | 94299     |
|    policy_loss        | -2.41e+04 |
|    reward             | 765.67755 |
|    std                | 0.00636   |
|    value_loss         | 5.88e+06  |
-------------------------------------
EPISODE:  473
------------------------------------
| time/                 |          |
|    fps                | 14       |
|    iterations         | 94400    |
|    time_elapsed       | 32874    |
|    total_timesteps    | 472000   |
| train/                |          |
|    entropy_loss       | 11       |
|    explained_variance | 5.96e-08 |
|    learning_rate      | 0.0007   |
|    n_updates          | 94399    |
|    policy_loss        | -2.8e+03 |
|    reward             | 52.67063 |
|    std                | 0.00636  |
|    value_loss         | 7.59e+04 |
------------------------------------
-------------------------------------
| time/                 |           |
|    fps                | 14        |
|    iterations         | 94500     |
|    time_elapsed       | 32907     |
|    total_timesteps    | 472500    |
| train/                |           |
|    entropy_loss       | 11.1      |
|    explained_variance | 0         |
|    learning_rate      | 0.0007    |
|    n_updates          | 94499     |
|    policy_loss        | -2.38e+04 |
|    reward             | 739.3412  |
|    std                | 0.00636   |
|    value_loss         | 5.46e+06  |
-------------------------------------
EPISODE:  474
-------------------------------------
| time/                 |           |
|    fps                | 14        |
|    iterations         | 94600     |
|    time_elapsed       | 32940     |
|    total_timesteps    | 473000    |
| train/                |           |
|    entropy_loss       | 11.1      |
|    explained_variance | 0         |
|    learning_rate      | 0.0007    |
|    n_updates          | 94599     |
|    policy_loss        | -3.64e+03 |
|    reward             | 80.0997   |
|    std                | 0.00635   |
|    value_loss         | 1.63e+05  |
-------------------------------------
-------------------------------------
| time/                 |           |
|    fps                | 14        |
|    iterations         | 94700     |
|    time_elapsed       | 32973     |
|    total_timesteps    | 473500    |
| train/                |           |
|    entropy_loss       | 11.1      |
|    explained_variance | 0         |
|    learning_rate      | 0.0007    |
|    n_updates          | 94699     |
|    policy_loss        | -2.34e+04 |
|    reward             | 792.04205 |
|    std                | 0.00638   |
|    value_loss         | 6.28e+06  |
-------------------------------------
EPISODE:  475
-------------------------------------
| time/                 |           |
|    fps                | 14        |
|    iterations         | 94800     |
|    time_elapsed       | 33006     |
|    total_timesteps    | 474000    |
| train/                |           |
|    entropy_loss       | 11.1      |
|    explained_variance | 0         |
|    learning_rate      | 0.0007    |
|    n_updates          | 94799     |
|    policy_loss        | -5.44e+03 |
|    reward             | 108.26764 |
|    std                | 0.00637   |
|    value_loss         | 3.01e+05  |
-------------------------------------
-------------------------------------
| time/                 |           |
|    fps                | 14        |
|    iterations         | 94900     |
|    time_elapsed       | 33039     |
|    total_timesteps    | 474500    |
| train/                |           |
|    entropy_loss       | 11.1      |
|    explained_variance | 0         |
|    learning_rate      | 0.0007    |
|    n_updates          | 94899     |
|    policy_loss        | -2.63e+04 |
|    reward             | 790.52954 |
|    std                | 0.00635   |
|    value_loss         | 6.26e+06  |
-------------------------------------
EPISODE:  476
-------------------------------------
| time/                 |           |
|    fps                | 14        |
|    iterations         | 95000     |
|    time_elapsed       | 33072     |
|    total_timesteps    | 475000    |
| train/                |           |
|    entropy_loss       | 11.1      |
|    explained_variance | 0         |
|    learning_rate      | 0.0007    |
|    n_updates          | 94999     |
|    policy_loss        | -5.66e+03 |
|    reward             | 111.40587 |
|    std                | 0.00639   |
|    value_loss         | 2.97e+05  |
-------------------------------------
-------------------------------------
| time/                 |           |
|    fps                | 14        |
|    iterations         | 95100     |
|    time_elapsed       | 33105     |
|    total_timesteps    | 475500    |
| train/                |           |
|    entropy_loss       | 11.1      |
|    explained_variance | 0         |
|    learning_rate      | 0.0007    |
|    n_updates          | 95099     |
|    policy_loss        | -2.45e+04 |
|    reward             | 798.7355  |
|    std                | 0.0064    |
|    value_loss         | 6.39e+06  |
-------------------------------------
EPISODE:  477
-------------------------------------
| time/                 |           |
|    fps                | 14        |
|    iterations         | 95200     |
|    time_elapsed       | 33138     |
|    total_timesteps    | 476000    |
| train/                |           |
|    entropy_loss       | 11.1      |
|    explained_variance | 0         |
|    learning_rate      | 0.0007    |
|    n_updates          | 95199     |
|    policy_loss        | -5.82e+03 |
|    reward             | 125.68704 |
|    std                | 0.00645   |
|    value_loss         | 3.64e+05  |
-------------------------------------
-------------------------------------
| time/                 |           |
|    fps                | 14        |
|    iterations         | 95300     |
|    time_elapsed       | 33171     |
|    total_timesteps    | 476500    |
| train/                |           |
|    entropy_loss       | 11.1      |
|    explained_variance | -1.19e-07 |
|    learning_rate      | 0.0007    |
|    n_updates          | 95299     |
|    policy_loss        | -2.61e+04 |
|    reward             | 808.2065  |
|    std                | 0.00644   |
|    value_loss         | 6.55e+06  |
-------------------------------------
EPISODE:  478
-------------------------------------
| time/                 |           |
|    fps                | 14        |
|    iterations         | 95400     |
|    time_elapsed       | 33204     |
|    total_timesteps    | 477000    |
| train/                |           |
|    entropy_loss       | 11.1      |
|    explained_variance | 0         |
|    learning_rate      | 0.0007    |
|    n_updates          | 95399     |
|    policy_loss        | -5.16e+03 |
|    reward             | 98.880516 |
|    std                | 0.00646   |
|    value_loss         | 2.44e+05  |
-------------------------------------
-------------------------------------
| time/                 |           |
|    fps                | 14        |
|    iterations         | 95500     |
|    time_elapsed       | 33237     |
|    total_timesteps    | 477500    |
| train/                |           |
|    entropy_loss       | 11.1      |
|    explained_variance | 0         |
|    learning_rate      | 0.0007    |
|    n_updates          | 95499     |
|    policy_loss        | -2.47e+04 |
|    reward             | 792.1498  |
|    std                | 0.00645   |
|    value_loss         | 6.29e+06  |
-------------------------------------
EPISODE:  479
--------------------------------------
| time/                 |            |
|    fps                | 14         |
|    iterations         | 95600      |
|    time_elapsed       | 33270      |
|    total_timesteps    | 478000     |
| train/                |            |
|    entropy_loss       | 11.1       |
|    explained_variance | 5.96e-08   |
|    learning_rate      | 0.0007     |
|    n_updates          | 95599      |
|    policy_loss        | -5.45e+03  |
|    reward             | 111.939606 |
|    std                | 0.00641    |
|    value_loss         | 2.76e+05   |
--------------------------------------
-------------------------------------
| time/                 |           |
|    fps                | 14        |
|    iterations         | 95700     |
|    time_elapsed       | 33303     |
|    total_timesteps    | 478500    |
| train/                |           |
|    entropy_loss       | 11.1      |
|    explained_variance | 0         |
|    learning_rate      | 0.0007    |
|    n_updates          | 95699     |
|    policy_loss        | -2.61e+04 |
|    reward             | 799.4523  |
|    std                | 0.0064    |
|    value_loss         | 6.41e+06  |
-------------------------------------
EPISODE:  480
-------------------------------------
| time/                 |           |
|    fps                | 14        |
|    iterations         | 95800     |
|    time_elapsed       | 33336     |
|    total_timesteps    | 479000    |
| train/                |           |
|    entropy_loss       | 11.2      |
|    explained_variance | 0         |
|    learning_rate      | 0.0007    |
|    n_updates          | 95799     |
|    policy_loss        | -5.59e+03 |
|    reward             | 149.31734 |
|    std                | 0.00638   |
|    value_loss         | 4.32e+05  |
-------------------------------------
-------------------------------------
| time/                 |           |
|    fps                | 14        |
|    iterations         | 95900     |
|    time_elapsed       | 33369     |
|    total_timesteps    | 479500    |
| train/                |           |
|    entropy_loss       | 11.2      |
|    explained_variance | 0         |
|    learning_rate      | 0.0007    |
|    n_updates          | 95899     |
|    policy_loss        | -2.72e+04 |
|    reward             | 825.9805  |
|    std                | 0.00638   |
|    value_loss         | 6.85e+06  |
-------------------------------------
EPISODE:  481
-------------------------------------
| time/                 |           |
|    fps                | 14        |
|    iterations         | 96000     |
|    time_elapsed       | 33402     |
|    total_timesteps    | 480000    |
| train/                |           |
|    entropy_loss       | 11.2      |
|    explained_variance | 0         |
|    learning_rate      | 0.0007    |
|    n_updates          | 95999     |
|    policy_loss        | -7.12e+03 |
|    reward             | 154.54922 |
|    std                | 0.00641   |
|    value_loss         | 5.1e+05   |
-------------------------------------
-------------------------------------
| time/                 |           |
|    fps                | 14        |
|    iterations         | 96100     |
|    time_elapsed       | 33434     |
|    total_timesteps    | 480500    |
| train/                |           |
|    entropy_loss       | 11.2      |
|    explained_variance | 0         |
|    learning_rate      | 0.0007    |
|    n_updates          | 96099     |
|    policy_loss        | -2.47e+04 |
|    reward             | 747.63354 |
|    std                | 0.00641   |
|    value_loss         | 5.6e+06   |
-------------------------------------
EPISODE:  482
-------------------------------------
| time/                 |           |
|    fps                | 14        |
|    iterations         | 96200     |
|    time_elapsed       | 33467     |
|    total_timesteps    | 481000    |
| train/                |           |
|    entropy_loss       | 11.2      |
|    explained_variance | 5.96e-08  |
|    learning_rate      | 0.0007    |
|    n_updates          | 96199     |
|    policy_loss        | -1.97e+03 |
|    reward             | 37.729416 |
|    std                | 0.00642   |
|    value_loss         | 3.72e+04  |
-------------------------------------
-------------------------------------
| time/                 |           |
|    fps                | 14        |
|    iterations         | 96300     |
|    time_elapsed       | 33500     |
|    total_timesteps    | 481500    |
| train/                |           |
|    entropy_loss       | 11.2      |
|    explained_variance | 0         |
|    learning_rate      | 0.0007    |
|    n_updates          | 96299     |
|    policy_loss        | -2.29e+04 |
|    reward             | 707.1952  |
|    std                | 0.00641   |
|    value_loss         | 4.99e+06  |
-------------------------------------
EPISODE:  483
-------------------------------------
| time/                 |           |
|    fps                | 14        |
|    iterations         | 96400     |
|    time_elapsed       | 33533     |
|    total_timesteps    | 482000    |
| train/                |           |
|    entropy_loss       | 11.2      |
|    explained_variance | 0         |
|    learning_rate      | 0.0007    |
|    n_updates          | 96399     |
|    policy_loss        | -1.64e+03 |
|    reward             | 35.67802  |
|    std                | 0.00636   |
|    value_loss         | 3.15e+04  |
-------------------------------------
-------------------------------------
| time/                 |           |
|    fps                | 14        |
|    iterations         | 96500     |
|    time_elapsed       | 33566     |
|    total_timesteps    | 482500    |
| train/                |           |
|    entropy_loss       | 11.2      |
|    explained_variance | 1.19e-07  |
|    learning_rate      | 0.0007    |
|    n_updates          | 96499     |
|    policy_loss        | -2.29e+04 |
|    reward             | 707.1952  |
|    std                | 0.00637   |
|    value_loss         | 4.99e+06  |
-------------------------------------
EPISODE:  484
-------------------------------------
| time/                 |           |
|    fps                | 14        |
|    iterations         | 96600     |
|    time_elapsed       | 33599     |
|    total_timesteps    | 483000    |
| train/                |           |
|    entropy_loss       | 11.2      |
|    explained_variance | -1.19e-07 |
|    learning_rate      | 0.0007    |
|    n_updates          | 96599     |
|    policy_loss        | -1.74e+03 |
|    reward             | 35.67802  |
|    std                | 0.00639   |
|    value_loss         | 3.15e+04  |
-------------------------------------
-------------------------------------
| time/                 |           |
|    fps                | 14        |
|    iterations         | 96700     |
|    time_elapsed       | 33632     |
|    total_timesteps    | 483500    |
| train/                |           |
|    entropy_loss       | 11.2      |
|    explained_variance | 1.19e-07  |
|    learning_rate      | 0.0007    |
|    n_updates          | 96699     |
|    policy_loss        | -2.26e+04 |
|    reward             | 707.1952  |
|    std                | 0.00639   |
|    value_loss         | 4.99e+06  |
-------------------------------------
EPISODE:  485
-------------------------------------
| time/                 |           |
|    fps                | 14        |
|    iterations         | 96800     |
|    time_elapsed       | 33665     |
|    total_timesteps    | 484000    |
| train/                |           |
|    entropy_loss       | 11.2      |
|    explained_variance | 0         |
|    learning_rate      | 0.0007    |
|    n_updates          | 96799     |
|    policy_loss        | -1.76e+03 |
|    reward             | 35.67802  |
|    std                | 0.00639   |
|    value_loss         | 3.14e+04  |
-------------------------------------
-------------------------------------
| time/                 |           |
|    fps                | 14        |
|    iterations         | 96900     |
|    time_elapsed       | 33698     |
|    total_timesteps    | 484500    |
| train/                |           |
|    entropy_loss       | 11.2      |
|    explained_variance | 0         |
|    learning_rate      | 0.0007    |
|    n_updates          | 96899     |
|    policy_loss        | -2.32e+04 |
|    reward             | 707.1952  |
|    std                | 0.00641   |
|    value_loss         | 4.99e+06  |
-------------------------------------
EPISODE:  486
-------------------------------------
| time/                 |           |
|    fps                | 14        |
|    iterations         | 97000     |
|    time_elapsed       | 33731     |
|    total_timesteps    | 485000    |
| train/                |           |
|    entropy_loss       | 11.2      |
|    explained_variance | -1.19e-07 |
|    learning_rate      | 0.0007    |
|    n_updates          | 96999     |
|    policy_loss        | -1.85e+03 |
|    reward             | 35.67802  |
|    std                | 0.00641   |
|    value_loss         | 3.14e+04  |
-------------------------------------
-------------------------------------
| time/                 |           |
|    fps                | 14        |
|    iterations         | 97100     |
|    time_elapsed       | 33764     |
|    total_timesteps    | 485500    |
| train/                |           |
|    entropy_loss       | 11.3      |
|    explained_variance | 0         |
|    learning_rate      | 0.0007    |
|    n_updates          | 97099     |
|    policy_loss        | -2.16e+04 |
|    reward             | 707.1952  |
|    std                | 0.0064    |
|    value_loss         | 4.99e+06  |
-------------------------------------
EPISODE:  487
-------------------------------------
| time/                 |           |
|    fps                | 14        |
|    iterations         | 97200     |
|    time_elapsed       | 33798     |
|    total_timesteps    | 486000    |
| train/                |           |
|    entropy_loss       | 11.3      |
|    explained_variance | 0         |
|    learning_rate      | 0.0007    |
|    n_updates          | 97199     |
|    policy_loss        | -1.81e+03 |
|    reward             | 35.67802  |
|    std                | 0.00637   |
|    value_loss         | 3.14e+04  |
-------------------------------------
-------------------------------------
| time/                 |           |
|    fps                | 14        |
|    iterations         | 97300     |
|    time_elapsed       | 33831     |
|    total_timesteps    | 486500    |
| train/                |           |
|    entropy_loss       | 11.3      |
|    explained_variance | 0         |
|    learning_rate      | 0.0007    |
|    n_updates          | 97299     |
|    policy_loss        | -2.23e+04 |
|    reward             | 707.1952  |
|    std                | 0.00633   |
|    value_loss         | 4.99e+06  |
-------------------------------------
EPISODE:  488
------------------------------------
| time/                 |          |
|    fps                | 14       |
|    iterations         | 97400    |
|    time_elapsed       | 33864    |
|    total_timesteps    | 487000   |
| train/                |          |
|    entropy_loss       | 11.3     |
|    explained_variance | 0        |
|    learning_rate      | 0.0007   |
|    n_updates          | 97399    |
|    policy_loss        | -1.5e+03 |
|    reward             | 35.67802 |
|    std                | 0.00633  |
|    value_loss         | 3.13e+04 |
------------------------------------
-------------------------------------
| time/                 |           |
|    fps                | 14        |
|    iterations         | 97500     |
|    time_elapsed       | 33897     |
|    total_timesteps    | 487500    |
| train/                |           |
|    entropy_loss       | 11.3      |
|    explained_variance | 0         |
|    learning_rate      | 0.0007    |
|    n_updates          | 97499     |
|    policy_loss        | -2.34e+04 |
|    reward             | 707.1952  |
|    std                | 0.00633   |
|    value_loss         | 4.99e+06  |
-------------------------------------
EPISODE:  489
-------------------------------------
| time/                 |           |
|    fps                | 14        |
|    iterations         | 97600     |
|    time_elapsed       | 33929     |
|    total_timesteps    | 488000    |
| train/                |           |
|    entropy_loss       | 11.3      |
|    explained_variance | 0         |
|    learning_rate      | 0.0007    |
|    n_updates          | 97599     |
|    policy_loss        | -1.83e+03 |
|    reward             | 35.67802  |
|    std                | 0.00638   |
|    value_loss         | 3.13e+04  |
-------------------------------------
-------------------------------------
| time/                 |           |
|    fps                | 14        |
|    iterations         | 97700     |
|    time_elapsed       | 33962     |
|    total_timesteps    | 488500    |
| train/                |           |
|    entropy_loss       | 11.3      |
|    explained_variance | 0         |
|    learning_rate      | 0.0007    |
|    n_updates          | 97699     |
|    policy_loss        | -2.47e+04 |
|    reward             | 707.1952  |
|    std                | 0.00637   |
|    value_loss         | 4.99e+06  |
-------------------------------------
EPISODE:  490
-------------------------------------
| time/                 |           |
|    fps                | 14        |
|    iterations         | 97800     |
|    time_elapsed       | 33995     |
|    total_timesteps    | 489000    |
| train/                |           |
|    entropy_loss       | 11.3      |
|    explained_variance | -1.19e-07 |
|    learning_rate      | 0.0007    |
|    n_updates          | 97799     |
|    policy_loss        | -1.59e+03 |
|    reward             | 35.67802  |
|    std                | 0.00638   |
|    value_loss         | 3.13e+04  |
-------------------------------------
-------------------------------------
| time/                 |           |
|    fps                | 14        |
|    iterations         | 97900     |
|    time_elapsed       | 34028     |
|    total_timesteps    | 489500    |
| train/                |           |
|    entropy_loss       | 11.3      |
|    explained_variance | 5.96e-08  |
|    learning_rate      | 0.0007    |
|    n_updates          | 97899     |
|    policy_loss        | -2.38e+04 |
|    reward             | 707.1952  |
|    std                | 0.00637   |
|    value_loss         | 4.99e+06  |
-------------------------------------
EPISODE:  491
-------------------------------------
| time/                 |           |
|    fps                | 14        |
|    iterations         | 98000     |
|    time_elapsed       | 34061     |
|    total_timesteps    | 490000    |
| train/                |           |
|    entropy_loss       | 11.3      |
|    explained_variance | 0         |
|    learning_rate      | 0.0007    |
|    n_updates          | 97999     |
|    policy_loss        | -1.81e+03 |
|    reward             | 35.564217 |
|    std                | 0.00634   |
|    value_loss         | 3.1e+04   |
-------------------------------------
-------------------------------------
| time/                 |           |
|    fps                | 14        |
|    iterations         | 98100     |
|    time_elapsed       | 34094     |
|    total_timesteps    | 490500    |
| train/                |           |
|    entropy_loss       | 11.3      |
|    explained_variance | -1.19e-07 |
|    learning_rate      | 0.0007    |
|    n_updates          | 98099     |
|    policy_loss        | -2.15e+04 |
|    reward             | 683.92145 |
|    std                | 0.00636   |
|    value_loss         | 4.67e+06  |
-------------------------------------
EPISODE:  492
-------------------------------------
| time/                 |           |
|    fps                | 14        |
|    iterations         | 98200     |
|    time_elapsed       | 34127     |
|    total_timesteps    | 491000    |
| train/                |           |
|    entropy_loss       | 11.3      |
|    explained_variance | 0         |
|    learning_rate      | 0.0007    |
|    n_updates          | 98199     |
|    policy_loss        | -465      |
|    reward             | 14.404231 |
|    std                | 0.00636   |
|    value_loss         | 2.29e+03  |
-------------------------------------
-------------------------------------
| time/                 |           |
|    fps                | 14        |
|    iterations         | 98300     |
|    time_elapsed       | 34160     |
|    total_timesteps    | 491500    |
| train/                |           |
|    entropy_loss       | 11.3      |
|    explained_variance | 0         |
|    learning_rate      | 0.0007    |
|    n_updates          | 98299     |
|    policy_loss        | -1.92e+04 |
|    reward             | 613.69116 |
|    std                | 0.00636   |
|    value_loss         | 3.73e+06  |
-------------------------------------
EPISODE:  493
------------------------------------
| time/                 |          |
|    fps                | 14       |
|    iterations         | 98400    |
|    time_elapsed       | 34193    |
|    total_timesteps    | 492000   |
| train/                |          |
|    entropy_loss       | 11.3     |
|    explained_variance | 0        |
|    learning_rate      | 0.0007   |
|    n_updates          | 98399    |
|    policy_loss        | 82.9     |
|    reward             | 7.231303 |
|    std                | 0.00633  |
|    value_loss         | 66.4     |
------------------------------------
-------------------------------------
| time/                 |           |
|    fps                | 14        |
|    iterations         | 98500     |
|    time_elapsed       | 34226     |
|    total_timesteps    | 492500    |
| train/                |           |
|    entropy_loss       | 11.3      |
|    explained_variance | 0         |
|    learning_rate      | 0.0007    |
|    n_updates          | 98499     |
|    policy_loss        | -1.97e+04 |
|    reward             | 602.6603  |
|    std                | 0.00634   |
|    value_loss         | 3.59e+06  |
-------------------------------------
EPISODE:  494
------------------------------------
| time/                 |          |
|    fps                | 14       |
|    iterations         | 98600    |
|    time_elapsed       | 34259    |
|    total_timesteps    | 493000   |
| train/                |          |
|    entropy_loss       | 11.3     |
|    explained_variance | 0        |
|    learning_rate      | 0.0007   |
|    n_updates          | 98599    |
|    policy_loss        | 108      |
|    reward             | 7.101323 |
|    std                | 0.00635  |
|    value_loss         | 88.9     |
------------------------------------
-------------------------------------
| time/                 |           |
|    fps                | 14        |
|    iterations         | 98700     |
|    time_elapsed       | 34292     |
|    total_timesteps    | 493500    |
| train/                |           |
|    entropy_loss       | 11.3      |
|    explained_variance | 0         |
|    learning_rate      | 0.0007    |
|    n_updates          | 98699     |
|    policy_loss        | -1.88e+04 |
|    reward             | 602.6603  |
|    std                | 0.00637   |
|    value_loss         | 3.59e+06  |
-------------------------------------
EPISODE:  495
------------------------------------
| time/                 |          |
|    fps                | 14       |
|    iterations         | 98800    |
|    time_elapsed       | 34325    |
|    total_timesteps    | 494000   |
| train/                |          |
|    entropy_loss       | 11.3     |
|    explained_variance | 0        |
|    learning_rate      | 0.0007   |
|    n_updates          | 98799    |
|    policy_loss        | 104      |
|    reward             | 7.101323 |
|    std                | 0.0064   |
|    value_loss         | 90.3     |
------------------------------------
-------------------------------------
| time/                 |           |
|    fps                | 14        |
|    iterations         | 98900     |
|    time_elapsed       | 34358     |
|    total_timesteps    | 494500    |
| train/                |           |
|    entropy_loss       | 11.3      |
|    explained_variance | 0         |
|    learning_rate      | 0.0007    |
|    n_updates          | 98899     |
|    policy_loss        | -1.96e+04 |
|    reward             | 602.71344 |
|    std                | 0.00641   |
|    value_loss         | 3.59e+06  |
-------------------------------------
EPISODE:  496
-------------------------------------
| time/                 |           |
|    fps                | 14        |
|    iterations         | 99000     |
|    time_elapsed       | 34391     |
|    total_timesteps    | 495000    |
| train/                |           |
|    entropy_loss       | 11.3      |
|    explained_variance | 0         |
|    learning_rate      | 0.0007    |
|    n_updates          | 98999     |
|    policy_loss        | -820      |
|    reward             | 22.826544 |
|    std                | 0.00644   |
|    value_loss         | 6.82e+03  |
-------------------------------------
-------------------------------------
| time/                 |           |
|    fps                | 14        |
|    iterations         | 99100     |
|    time_elapsed       | 34424     |
|    total_timesteps    | 495500    |
| train/                |           |
|    entropy_loss       | 11.3      |
|    explained_variance | 0         |
|    learning_rate      | 0.0007    |
|    n_updates          | 99099     |
|    policy_loss        | -2.28e+04 |
|    reward             | 672.1806  |
|    std                | 0.00649   |
|    value_loss         | 4.49e+06  |
-------------------------------------
EPISODE:  497
-------------------------------------
| time/                 |           |
|    fps                | 14        |
|    iterations         | 99200     |
|    time_elapsed       | 34457     |
|    total_timesteps    | 496000    |
| train/                |           |
|    entropy_loss       | 11.3      |
|    explained_variance | 0         |
|    learning_rate      | 0.0007    |
|    n_updates          | 99199     |
|    policy_loss        | -1.66e+03 |
|    reward             | 33.550594 |
|    std                | 0.00649   |
|    value_loss         | 2.57e+04  |
-------------------------------------
-------------------------------------
| time/                 |           |
|    fps                | 14        |
|    iterations         | 99300     |
|    time_elapsed       | 34490     |
|    total_timesteps    | 496500    |
| train/                |           |
|    entropy_loss       | 11.4      |
|    explained_variance | 1.19e-07  |
|    learning_rate      | 0.0007    |
|    n_updates          | 99299     |
|    policy_loss        | -2.34e+04 |
|    reward             | 707.1952  |
|    std                | 0.00645   |
|    value_loss         | 4.98e+06  |
-------------------------------------
EPISODE:  498
-------------------------------------
| time/                 |           |
|    fps                | 14        |
|    iterations         | 99400     |
|    time_elapsed       | 34523     |
|    total_timesteps    | 497000    |
| train/                |           |
|    entropy_loss       | 11.4      |
|    explained_variance | 0         |
|    learning_rate      | 0.0007    |
|    n_updates          | 99399     |
|    policy_loss        | -1.83e+03 |
|    reward             | 37.56811  |
|    std                | 0.00647   |
|    value_loss         | 3.43e+04  |
-------------------------------------
-------------------------------------
| time/                 |           |
|    fps                | 14        |
|    iterations         | 99500     |
|    time_elapsed       | 34556     |
|    total_timesteps    | 497500    |
| train/                |           |
|    entropy_loss       | 11.4      |
|    explained_variance | 0         |
|    learning_rate      | 0.0007    |
|    n_updates          | 99499     |
|    policy_loss        | -2.13e+04 |
|    reward             | 718.32855 |
|    std                | 0.00645   |
|    value_loss         | 5.14e+06  |
-------------------------------------
EPISODE:  499
-------------------------------------
| time/                 |           |
|    fps                | 14        |
|    iterations         | 99600     |
|    time_elapsed       | 34589     |
|    total_timesteps    | 498000    |
| train/                |           |
|    entropy_loss       | 11.4      |
|    explained_variance | 0         |
|    learning_rate      | 0.0007    |
|    n_updates          | 99599     |
|    policy_loss        | -4.08e+03 |
|    reward             | 86.15452  |
|    std                | 0.00648   |
|    value_loss         | 1.52e+05  |
-------------------------------------
-------------------------------------
| time/                 |           |
|    fps                | 14        |
|    iterations         | 99700     |
|    time_elapsed       | 34621     |
|    total_timesteps    | 498500    |
| train/                |           |
|    entropy_loss       | 11.4      |
|    explained_variance | 0         |
|    learning_rate      | 0.0007    |
|    n_updates          | 99699     |
|    policy_loss        | -2.84e+04 |
|    reward             | 827.5576  |
|    std                | 0.00647   |
|    value_loss         | 6.86e+06  |
-------------------------------------
EPISODE:  500
-------------------------------------
| time/                 |           |
|    fps                | 14        |
|    iterations         | 99800     |
|    time_elapsed       | 34654     |
|    total_timesteps    | 499000    |
| train/                |           |
|    entropy_loss       | 11.4      |
|    explained_variance | 0         |
|    learning_rate      | 0.0007    |
|    n_updates          | 99799     |
|    policy_loss        | -8.08e+03 |
|    reward             | 170.01176 |
|    std                | 0.00646   |
|    value_loss         | 5.77e+05  |
-------------------------------------
-------------------------------------
| time/                 |           |
|    fps                | 14        |
|    iterations         | 99900     |
|    time_elapsed       | 34687     |
|    total_timesteps    | 499500    |
| train/                |           |
|    entropy_loss       | 11.4      |
|    explained_variance | -1.19e-07 |
|    learning_rate      | 0.0007    |
|    n_updates          | 99899     |
|    policy_loss        | -2.72e+04 |
|    reward             | 829.81805 |
|    std                | 0.00648   |
|    value_loss         | 6.9e+06   |
-------------------------------------
EPISODE:  501
-------------------------------------
| time/                 |           |
|    fps                | 14        |
|    iterations         | 100000    |
|    time_elapsed       | 34722     |
|    total_timesteps    | 500000    |
| train/                |           |
|    entropy_loss       | 11.4      |
|    explained_variance | -1.19e-07 |
|    learning_rate      | 0.0007    |
|    n_updates          | 99999     |
|    policy_loss        | -7.78e+03 |
|    reward             | 170.47614 |
|    std                | 0.00649   |
|    value_loss         | 5.81e+05  |
-------------------------------------
Saved episode log to Results/4_1/a2c/downward/training_logs/01.csv
