agent,generator,run_id,step,cumulative_reward
Always Up Agent,Ornstein-Uhlenbeck Generator,001,1,1.0
Always Up Agent,Ornstein-Uhlenbeck Generator,001,2,0.0
Always Up Agent,Ornstein-Uhlenbeck Generator,001,3,-1.0
Always Up Agent,Ornstein-Uhlenbeck Generator,001,4,-2.0
Always Up Agent,Ornstein-Uhlenbeck Generator,001,5,-3.0
Always Up Agent,Ornstein-Uhlenbeck Generator,001,6,-4.0
Always Up Agent,Ornstein-Uhlenbeck Generator,001,7,-5.0
Always Up Agent,Ornstein-Uhlenbeck Generator,001,8,-6.0
Always Up Agent,Ornstein-Uhlenbeck Generator,001,9,-7.0
Always Up Agent,Ornstein-Uhlenbeck Generator,001,10,-8.0
Always Up Agent,Ornstein-Uhlenbeck Generator,001,11,-9.0
Always Up Agent,Ornstein-Uhlenbeck Generator,001,12,-10.0
Always Up Agent,Ornstein-Uhlenbeck Generator,001,13,-11.0
Always Up Agent,Ornstein-Uhlenbeck Generator,001,14,-12.0
Always Up Agent,Ornstein-Uhlenbeck Generator,001,15,-11.0
Always Up Agent,Ornstein-Uhlenbeck Generator,001,16,-12.0
Always Up Agent,Ornstein-Uhlenbeck Generator,001,17,-13.0
Always Up Agent,Ornstein-Uhlenbeck Generator,001,18,-14.0
Always Up Agent,Ornstein-Uhlenbeck Generator,001,19,-15.0
Always Up Agent,Ornstein-Uhlenbeck Generator,001,20,-16.0
Always Up Agent,Ornstein-Uhlenbeck Generator,001,21,-17.0
Always Up Agent,Ornstein-Uhlenbeck Generator,001,22,-16.0
Always Up Agent,Ornstein-Uhlenbeck Generator,001,23,-15.0
Always Up Agent,Ornstein-Uhlenbeck Generator,001,24,-14.0
Always Up Agent,Ornstein-Uhlenbeck Generator,001,25,-15.0
Always Up Agent,Ornstein-Uhlenbeck Generator,001,26,-16.0
Always Up Agent,Ornstein-Uhlenbeck Generator,001,27,-15.0
Always Up Agent,Ornstein-Uhlenbeck Generator,001,28,-14.0
Always Up Agent,Ornstein-Uhlenbeck Generator,001,29,-13.0
Always Up Agent,Ornstein-Uhlenbeck Generator,001,30,-14.0
Always Up Agent,Ornstein-Uhlenbeck Generator,001,31,-13.0
Always Up Agent,Ornstein-Uhlenbeck Generator,001,32,-12.0
Always Up Agent,Ornstein-Uhlenbeck Generator,001,33,-13.0
Always Up Agent,Ornstein-Uhlenbeck Generator,001,34,-12.0
Always Up Agent,Ornstein-Uhlenbeck Generator,001,35,-11.0
Always Up Agent,Ornstein-Uhlenbeck Generator,001,36,-10.0
Always Up Agent,Ornstein-Uhlenbeck Generator,001,37,-11.0
Always Up Agent,Ornstein-Uhlenbeck Generator,001,38,-12.0
Always Up Agent,Ornstein-Uhlenbeck Generator,001,39,-13.0
Always Up Agent,Ornstein-Uhlenbeck Generator,001,40,-12.0
Always Up Agent,Ornstein-Uhlenbeck Generator,001,41,-13.0
Always Up Agent,Ornstein-Uhlenbeck Generator,001,42,-12.0
Always Up Agent,Ornstein-Uhlenbeck Generator,001,43,-11.0
Always Up Agent,Ornstein-Uhlenbeck Generator,001,44,-10.0
Always Up Agent,Ornstein-Uhlenbeck Generator,001,45,-9.0
Always Up Agent,Ornstein-Uhlenbeck Generator,001,46,-10.0
Always Up Agent,Ornstein-Uhlenbeck Generator,001,47,-9.0
Always Up Agent,Ornstein-Uhlenbeck Generator,001,48,-10.0
Always Up Agent,Ornstein-Uhlenbeck Generator,001,49,-9.0
Always Up Agent,Ornstein-Uhlenbeck Generator,001,50,-8.0
Always Up Agent,Ornstein-Uhlenbeck Generator,001,51,-7.0
Always Up Agent,Ornstein-Uhlenbeck Generator,001,52,-8.0
Always Up Agent,Ornstein-Uhlenbeck Generator,001,53,-9.0
Always Up Agent,Ornstein-Uhlenbeck Generator,001,54,-8.0
Always Up Agent,Ornstein-Uhlenbeck Generator,001,55,-9.0
Always Up Agent,Ornstein-Uhlenbeck Generator,001,56,-10.0
Always Up Agent,Ornstein-Uhlenbeck Generator,001,57,-9.0
Always Up Agent,Ornstein-Uhlenbeck Generator,001,58,-10.0
Always Up Agent,Ornstein-Uhlenbeck Generator,001,59,-9.0
Always Up Agent,Ornstein-Uhlenbeck Generator,001,60,-8.0
Always Up Agent,Ornstein-Uhlenbeck Generator,001,61,-9.0
Always Up Agent,Ornstein-Uhlenbeck Generator,001,62,-10.0
Always Up Agent,Ornstein-Uhlenbeck Generator,001,63,-11.0
Always Up Agent,Ornstein-Uhlenbeck Generator,001,64,-12.0
Always Up Agent,Ornstein-Uhlenbeck Generator,001,65,-11.0
Always Up Agent,Ornstein-Uhlenbeck Generator,001,66,-10.0
Always Up Agent,Ornstein-Uhlenbeck Generator,001,67,-11.0
Always Up Agent,Ornstein-Uhlenbeck Generator,001,68,-12.0
Always Up Agent,Ornstein-Uhlenbeck Generator,001,69,-13.0
Always Up Agent,Ornstein-Uhlenbeck Generator,001,70,-14.0
Always Up Agent,Ornstein-Uhlenbeck Generator,001,71,-13.0
Always Up Agent,Ornstein-Uhlenbeck Generator,001,72,-12.0
Always Up Agent,Ornstein-Uhlenbeck Generator,001,73,-11.0
Always Up Agent,Ornstein-Uhlenbeck Generator,001,74,-12.0
Always Up Agent,Ornstein-Uhlenbeck Generator,001,75,-11.0
Always Up Agent,Ornstein-Uhlenbeck Generator,001,76,-10.0
Always Up Agent,Ornstein-Uhlenbeck Generator,001,77,-11.0
Always Up Agent,Ornstein-Uhlenbeck Generator,001,78,-12.0
Always Up Agent,Ornstein-Uhlenbeck Generator,001,79,-13.0
Always Up Agent,Ornstein-Uhlenbeck Generator,001,80,-14.0
Always Up Agent,Ornstein-Uhlenbeck Generator,001,81,-15.0
Always Up Agent,Ornstein-Uhlenbeck Generator,001,82,-14.0
Always Up Agent,Ornstein-Uhlenbeck Generator,001,83,-15.0
Always Up Agent,Ornstein-Uhlenbeck Generator,001,84,-16.0
Always Up Agent,Ornstein-Uhlenbeck Generator,001,85,-17.0
Always Up Agent,Ornstein-Uhlenbeck Generator,001,86,-16.0
Always Up Agent,Ornstein-Uhlenbeck Generator,001,87,-17.0
Always Up Agent,Ornstein-Uhlenbeck Generator,001,88,-16.0
Always Up Agent,Ornstein-Uhlenbeck Generator,001,89,-15.0
Always Up Agent,Ornstein-Uhlenbeck Generator,001,90,-14.0
Always Up Agent,Ornstein-Uhlenbeck Generator,001,91,-13.0
Always Up Agent,Ornstein-Uhlenbeck Generator,001,92,-14.0
Always Up Agent,Ornstein-Uhlenbeck Generator,001,93,-15.0
Always Up Agent,Ornstein-Uhlenbeck Generator,001,94,-14.0
Always Up Agent,Ornstein-Uhlenbeck Generator,001,95,-15.0
Always Up Agent,Ornstein-Uhlenbeck Generator,001,96,-14.0
Always Up Agent,Ornstein-Uhlenbeck Generator,001,97,-13.0
Always Up Agent,Ornstein-Uhlenbeck Generator,001,98,-14.0
Always Up Agent,Ornstein-Uhlenbeck Generator,001,99,-13.0
Always Up Agent,Ornstein-Uhlenbeck Generator,001,100,-14.0
Always Up Agent,Ornstein-Uhlenbeck Generator,002,1,1.0
Always Up Agent,Ornstein-Uhlenbeck Generator,002,2,0.0
Always Up Agent,Ornstein-Uhlenbeck Generator,002,3,-1.0
Always Up Agent,Ornstein-Uhlenbeck Generator,002,4,-2.0
Always Up Agent,Ornstein-Uhlenbeck Generator,002,5,-3.0
Always Up Agent,Ornstein-Uhlenbeck Generator,002,6,-4.0
Always Up Agent,Ornstein-Uhlenbeck Generator,002,7,-5.0
Always Up Agent,Ornstein-Uhlenbeck Generator,002,8,-6.0
Always Up Agent,Ornstein-Uhlenbeck Generator,002,9,-7.0
Always Up Agent,Ornstein-Uhlenbeck Generator,002,10,-8.0
Always Up Agent,Ornstein-Uhlenbeck Generator,002,11,-9.0
Always Up Agent,Ornstein-Uhlenbeck Generator,002,12,-10.0
Always Up Agent,Ornstein-Uhlenbeck Generator,002,13,-11.0
Always Up Agent,Ornstein-Uhlenbeck Generator,002,14,-10.0
Always Up Agent,Ornstein-Uhlenbeck Generator,002,15,-11.0
Always Up Agent,Ornstein-Uhlenbeck Generator,002,16,-12.0
Always Up Agent,Ornstein-Uhlenbeck Generator,002,17,-13.0
Always Up Agent,Ornstein-Uhlenbeck Generator,002,18,-12.0
Always Up Agent,Ornstein-Uhlenbeck Generator,002,19,-13.0
Always Up Agent,Ornstein-Uhlenbeck Generator,002,20,-14.0
Always Up Agent,Ornstein-Uhlenbeck Generator,002,21,-15.0
Always Up Agent,Ornstein-Uhlenbeck Generator,002,22,-16.0
Always Up Agent,Ornstein-Uhlenbeck Generator,002,23,-17.0
Always Up Agent,Ornstein-Uhlenbeck Generator,002,24,-18.0
Always Up Agent,Ornstein-Uhlenbeck Generator,002,25,-17.0
Always Up Agent,Ornstein-Uhlenbeck Generator,002,26,-16.0
Always Up Agent,Ornstein-Uhlenbeck Generator,002,27,-17.0
Always Up Agent,Ornstein-Uhlenbeck Generator,002,28,-16.0
Always Up Agent,Ornstein-Uhlenbeck Generator,002,29,-15.0
Always Up Agent,Ornstein-Uhlenbeck Generator,002,30,-16.0
Always Up Agent,Ornstein-Uhlenbeck Generator,002,31,-15.0
Always Up Agent,Ornstein-Uhlenbeck Generator,002,32,-14.0
Always Up Agent,Ornstein-Uhlenbeck Generator,002,33,-13.0
Always Up Agent,Ornstein-Uhlenbeck Generator,002,34,-12.0
Always Up Agent,Ornstein-Uhlenbeck Generator,002,35,-13.0
Always Up Agent,Ornstein-Uhlenbeck Generator,002,36,-12.0
Always Up Agent,Ornstein-Uhlenbeck Generator,002,37,-11.0
Always Up Agent,Ornstein-Uhlenbeck Generator,002,38,-12.0
Always Up Agent,Ornstein-Uhlenbeck Generator,002,39,-11.0
Always Up Agent,Ornstein-Uhlenbeck Generator,002,40,-12.0
Always Up Agent,Ornstein-Uhlenbeck Generator,002,41,-11.0
Always Up Agent,Ornstein-Uhlenbeck Generator,002,42,-10.0
Always Up Agent,Ornstein-Uhlenbeck Generator,002,43,-11.0
Always Up Agent,Ornstein-Uhlenbeck Generator,002,44,-10.0
Always Up Agent,Ornstein-Uhlenbeck Generator,002,45,-11.0
Always Up Agent,Ornstein-Uhlenbeck Generator,002,46,-12.0
Always Up Agent,Ornstein-Uhlenbeck Generator,002,47,-13.0
Always Up Agent,Ornstein-Uhlenbeck Generator,002,48,-12.0
Always Up Agent,Ornstein-Uhlenbeck Generator,002,49,-11.0
Always Up Agent,Ornstein-Uhlenbeck Generator,002,50,-10.0
Always Up Agent,Ornstein-Uhlenbeck Generator,002,51,-9.0
Always Up Agent,Ornstein-Uhlenbeck Generator,002,52,-8.0
Always Up Agent,Ornstein-Uhlenbeck Generator,002,53,-9.0
Always Up Agent,Ornstein-Uhlenbeck Generator,002,54,-10.0
Always Up Agent,Ornstein-Uhlenbeck Generator,002,55,-11.0
Always Up Agent,Ornstein-Uhlenbeck Generator,002,56,-10.0
Always Up Agent,Ornstein-Uhlenbeck Generator,002,57,-11.0
Always Up Agent,Ornstein-Uhlenbeck Generator,002,58,-10.0
Always Up Agent,Ornstein-Uhlenbeck Generator,002,59,-9.0
Always Up Agent,Ornstein-Uhlenbeck Generator,002,60,-10.0
Always Up Agent,Ornstein-Uhlenbeck Generator,002,61,-11.0
Always Up Agent,Ornstein-Uhlenbeck Generator,002,62,-12.0
Always Up Agent,Ornstein-Uhlenbeck Generator,002,63,-11.0
Always Up Agent,Ornstein-Uhlenbeck Generator,002,64,-12.0
Always Up Agent,Ornstein-Uhlenbeck Generator,002,65,-11.0
Always Up Agent,Ornstein-Uhlenbeck Generator,002,66,-12.0
Always Up Agent,Ornstein-Uhlenbeck Generator,002,67,-13.0
Always Up Agent,Ornstein-Uhlenbeck Generator,002,68,-14.0
Always Up Agent,Ornstein-Uhlenbeck Generator,002,69,-13.0
Always Up Agent,Ornstein-Uhlenbeck Generator,002,70,-12.0
Always Up Agent,Ornstein-Uhlenbeck Generator,002,71,-11.0
Always Up Agent,Ornstein-Uhlenbeck Generator,002,72,-12.0
Always Up Agent,Ornstein-Uhlenbeck Generator,002,73,-13.0
Always Up Agent,Ornstein-Uhlenbeck Generator,002,74,-12.0
Always Up Agent,Ornstein-Uhlenbeck Generator,002,75,-13.0
Always Up Agent,Ornstein-Uhlenbeck Generator,002,76,-14.0
Always Up Agent,Ornstein-Uhlenbeck Generator,002,77,-15.0
Always Up Agent,Ornstein-Uhlenbeck Generator,002,78,-14.0
Always Up Agent,Ornstein-Uhlenbeck Generator,002,79,-15.0
Always Up Agent,Ornstein-Uhlenbeck Generator,002,80,-16.0
Always Up Agent,Ornstein-Uhlenbeck Generator,002,81,-17.0
Always Up Agent,Ornstein-Uhlenbeck Generator,002,82,-18.0
Always Up Agent,Ornstein-Uhlenbeck Generator,002,83,-17.0
Always Up Agent,Ornstein-Uhlenbeck Generator,002,84,-18.0
Always Up Agent,Ornstein-Uhlenbeck Generator,002,85,-17.0
Always Up Agent,Ornstein-Uhlenbeck Generator,002,86,-18.0
Always Up Agent,Ornstein-Uhlenbeck Generator,002,87,-19.0
Always Up Agent,Ornstein-Uhlenbeck Generator,002,88,-18.0
Always Up Agent,Ornstein-Uhlenbeck Generator,002,89,-17.0
Always Up Agent,Ornstein-Uhlenbeck Generator,002,90,-16.0
Always Up Agent,Ornstein-Uhlenbeck Generator,002,91,-15.0
Always Up Agent,Ornstein-Uhlenbeck Generator,002,92,-14.0
Always Up Agent,Ornstein-Uhlenbeck Generator,002,93,-13.0
Always Up Agent,Ornstein-Uhlenbeck Generator,002,94,-14.0
Always Up Agent,Ornstein-Uhlenbeck Generator,002,95,-15.0
Always Up Agent,Ornstein-Uhlenbeck Generator,002,96,-16.0
Always Up Agent,Ornstein-Uhlenbeck Generator,002,97,-17.0
Always Up Agent,Ornstein-Uhlenbeck Generator,002,98,-16.0
Always Up Agent,Ornstein-Uhlenbeck Generator,002,99,-17.0
Always Up Agent,Ornstein-Uhlenbeck Generator,002,100,-16.0
Always Up Agent,Ornstein-Uhlenbeck Generator,003,1,1.0
Always Up Agent,Ornstein-Uhlenbeck Generator,003,2,0.0
Always Up Agent,Ornstein-Uhlenbeck Generator,003,3,-1.0
Always Up Agent,Ornstein-Uhlenbeck Generator,003,4,-2.0
Always Up Agent,Ornstein-Uhlenbeck Generator,003,5,-3.0
Always Up Agent,Ornstein-Uhlenbeck Generator,003,6,-4.0
Always Up Agent,Ornstein-Uhlenbeck Generator,003,7,-5.0
Always Up Agent,Ornstein-Uhlenbeck Generator,003,8,-6.0
Always Up Agent,Ornstein-Uhlenbeck Generator,003,9,-7.0
Always Up Agent,Ornstein-Uhlenbeck Generator,003,10,-8.0
Always Up Agent,Ornstein-Uhlenbeck Generator,003,11,-9.0
Always Up Agent,Ornstein-Uhlenbeck Generator,003,12,-10.0
Always Up Agent,Ornstein-Uhlenbeck Generator,003,13,-9.0
Always Up Agent,Ornstein-Uhlenbeck Generator,003,14,-8.0
Always Up Agent,Ornstein-Uhlenbeck Generator,003,15,-7.0
Always Up Agent,Ornstein-Uhlenbeck Generator,003,16,-8.0
Always Up Agent,Ornstein-Uhlenbeck Generator,003,17,-9.0
Always Up Agent,Ornstein-Uhlenbeck Generator,003,18,-10.0
Always Up Agent,Ornstein-Uhlenbeck Generator,003,19,-11.0
Always Up Agent,Ornstein-Uhlenbeck Generator,003,20,-12.0
Always Up Agent,Ornstein-Uhlenbeck Generator,003,21,-11.0
Always Up Agent,Ornstein-Uhlenbeck Generator,003,22,-10.0
Always Up Agent,Ornstein-Uhlenbeck Generator,003,23,-9.0
Always Up Agent,Ornstein-Uhlenbeck Generator,003,24,-10.0
Always Up Agent,Ornstein-Uhlenbeck Generator,003,25,-11.0
Always Up Agent,Ornstein-Uhlenbeck Generator,003,26,-10.0
Always Up Agent,Ornstein-Uhlenbeck Generator,003,27,-11.0
Always Up Agent,Ornstein-Uhlenbeck Generator,003,28,-10.0
Always Up Agent,Ornstein-Uhlenbeck Generator,003,29,-11.0
Always Up Agent,Ornstein-Uhlenbeck Generator,003,30,-10.0
Always Up Agent,Ornstein-Uhlenbeck Generator,003,31,-9.0
Always Up Agent,Ornstein-Uhlenbeck Generator,003,32,-10.0
Always Up Agent,Ornstein-Uhlenbeck Generator,003,33,-11.0
Always Up Agent,Ornstein-Uhlenbeck Generator,003,34,-12.0
Always Up Agent,Ornstein-Uhlenbeck Generator,003,35,-11.0
Always Up Agent,Ornstein-Uhlenbeck Generator,003,36,-12.0
Always Up Agent,Ornstein-Uhlenbeck Generator,003,37,-11.0
Always Up Agent,Ornstein-Uhlenbeck Generator,003,38,-12.0
Always Up Agent,Ornstein-Uhlenbeck Generator,003,39,-13.0
Always Up Agent,Ornstein-Uhlenbeck Generator,003,40,-12.0
Always Up Agent,Ornstein-Uhlenbeck Generator,003,41,-11.0
Always Up Agent,Ornstein-Uhlenbeck Generator,003,42,-12.0
Always Up Agent,Ornstein-Uhlenbeck Generator,003,43,-11.0
Always Up Agent,Ornstein-Uhlenbeck Generator,003,44,-10.0
Always Up Agent,Ornstein-Uhlenbeck Generator,003,45,-11.0
Always Up Agent,Ornstein-Uhlenbeck Generator,003,46,-12.0
Always Up Agent,Ornstein-Uhlenbeck Generator,003,47,-11.0
Always Up Agent,Ornstein-Uhlenbeck Generator,003,48,-10.0
Always Up Agent,Ornstein-Uhlenbeck Generator,003,49,-9.0
Always Up Agent,Ornstein-Uhlenbeck Generator,003,50,-10.0
Always Up Agent,Ornstein-Uhlenbeck Generator,003,51,-9.0
Always Up Agent,Ornstein-Uhlenbeck Generator,003,52,-10.0
Always Up Agent,Ornstein-Uhlenbeck Generator,003,53,-9.0
Always Up Agent,Ornstein-Uhlenbeck Generator,003,54,-10.0
Always Up Agent,Ornstein-Uhlenbeck Generator,003,55,-11.0
Always Up Agent,Ornstein-Uhlenbeck Generator,003,56,-10.0
Always Up Agent,Ornstein-Uhlenbeck Generator,003,57,-9.0
Always Up Agent,Ornstein-Uhlenbeck Generator,003,58,-10.0
Always Up Agent,Ornstein-Uhlenbeck Generator,003,59,-9.0
Always Up Agent,Ornstein-Uhlenbeck Generator,003,60,-10.0
Always Up Agent,Ornstein-Uhlenbeck Generator,003,61,-11.0
Always Up Agent,Ornstein-Uhlenbeck Generator,003,62,-10.0
Always Up Agent,Ornstein-Uhlenbeck Generator,003,63,-11.0
Always Up Agent,Ornstein-Uhlenbeck Generator,003,64,-12.0
Always Up Agent,Ornstein-Uhlenbeck Generator,003,65,-11.0
Always Up Agent,Ornstein-Uhlenbeck Generator,003,66,-12.0
Always Up Agent,Ornstein-Uhlenbeck Generator,003,67,-11.0
Always Up Agent,Ornstein-Uhlenbeck Generator,003,68,-12.0
Always Up Agent,Ornstein-Uhlenbeck Generator,003,69,-13.0
Always Up Agent,Ornstein-Uhlenbeck Generator,003,70,-12.0
Always Up Agent,Ornstein-Uhlenbeck Generator,003,71,-13.0
Always Up Agent,Ornstein-Uhlenbeck Generator,003,72,-14.0
Always Up Agent,Ornstein-Uhlenbeck Generator,003,73,-15.0
Always Up Agent,Ornstein-Uhlenbeck Generator,003,74,-14.0
Always Up Agent,Ornstein-Uhlenbeck Generator,003,75,-13.0
Always Up Agent,Ornstein-Uhlenbeck Generator,003,76,-12.0
Always Up Agent,Ornstein-Uhlenbeck Generator,003,77,-11.0
Always Up Agent,Ornstein-Uhlenbeck Generator,003,78,-10.0
Always Up Agent,Ornstein-Uhlenbeck Generator,003,79,-11.0
Always Up Agent,Ornstein-Uhlenbeck Generator,003,80,-12.0
Always Up Agent,Ornstein-Uhlenbeck Generator,003,81,-11.0
Always Up Agent,Ornstein-Uhlenbeck Generator,003,82,-12.0
Always Up Agent,Ornstein-Uhlenbeck Generator,003,83,-11.0
Always Up Agent,Ornstein-Uhlenbeck Generator,003,84,-10.0
Always Up Agent,Ornstein-Uhlenbeck Generator,003,85,-11.0
Always Up Agent,Ornstein-Uhlenbeck Generator,003,86,-12.0
Always Up Agent,Ornstein-Uhlenbeck Generator,003,87,-11.0
Always Up Agent,Ornstein-Uhlenbeck Generator,003,88,-10.0
Always Up Agent,Ornstein-Uhlenbeck Generator,003,89,-9.0
Always Up Agent,Ornstein-Uhlenbeck Generator,003,90,-10.0
Always Up Agent,Ornstein-Uhlenbeck Generator,003,91,-9.0
Always Up Agent,Ornstein-Uhlenbeck Generator,003,92,-8.0
Always Up Agent,Ornstein-Uhlenbeck Generator,003,93,-7.0
Always Up Agent,Ornstein-Uhlenbeck Generator,003,94,-8.0
Always Up Agent,Ornstein-Uhlenbeck Generator,003,95,-9.0
Always Up Agent,Ornstein-Uhlenbeck Generator,003,96,-10.0
Always Up Agent,Ornstein-Uhlenbeck Generator,003,97,-11.0
Always Up Agent,Ornstein-Uhlenbeck Generator,003,98,-10.0
Always Up Agent,Ornstein-Uhlenbeck Generator,003,99,-11.0
Always Up Agent,Ornstein-Uhlenbeck Generator,003,100,-10.0
Always Up Agent,Random Walk Generator,001,1,1.0
Always Up Agent,Random Walk Generator,001,2,0.0
Always Up Agent,Random Walk Generator,001,3,1.0
Always Up Agent,Random Walk Generator,001,4,0.0
Always Up Agent,Random Walk Generator,001,5,-1.0
Always Up Agent,Random Walk Generator,001,6,0.0
Always Up Agent,Random Walk Generator,001,7,1.0
Always Up Agent,Random Walk Generator,001,8,2.0
Always Up Agent,Random Walk Generator,001,9,1.0
Always Up Agent,Random Walk Generator,001,10,0.0
Always Up Agent,Random Walk Generator,001,11,-1.0
Always Up Agent,Random Walk Generator,001,12,-2.0
Always Up Agent,Random Walk Generator,001,13,-1.0
Always Up Agent,Random Walk Generator,001,14,0.0
Always Up Agent,Random Walk Generator,001,15,-1.0
Always Up Agent,Random Walk Generator,001,16,0.0
Always Up Agent,Random Walk Generator,001,17,1.0
Always Up Agent,Random Walk Generator,001,18,2.0
Always Up Agent,Random Walk Generator,001,19,3.0
Always Up Agent,Random Walk Generator,001,20,2.0
Always Up Agent,Random Walk Generator,001,21,1.0
Always Up Agent,Random Walk Generator,001,22,2.0
Always Up Agent,Random Walk Generator,001,23,3.0
Always Up Agent,Random Walk Generator,001,24,4.0
Always Up Agent,Random Walk Generator,001,25,3.0
Always Up Agent,Random Walk Generator,001,26,2.0
Always Up Agent,Random Walk Generator,001,27,3.0
Always Up Agent,Random Walk Generator,001,28,4.0
Always Up Agent,Random Walk Generator,001,29,5.0
Always Up Agent,Random Walk Generator,001,30,4.0
Always Up Agent,Random Walk Generator,001,31,5.0
Always Up Agent,Random Walk Generator,001,32,4.0
Always Up Agent,Random Walk Generator,001,33,5.0
Always Up Agent,Random Walk Generator,001,34,4.0
Always Up Agent,Random Walk Generator,001,35,5.0
Always Up Agent,Random Walk Generator,001,36,6.0
Always Up Agent,Random Walk Generator,001,37,7.0
Always Up Agent,Random Walk Generator,001,38,8.0
Always Up Agent,Random Walk Generator,001,39,9.0
Always Up Agent,Random Walk Generator,001,40,8.0
Always Up Agent,Random Walk Generator,001,41,9.0
Always Up Agent,Random Walk Generator,001,42,10.0
Always Up Agent,Random Walk Generator,001,43,9.0
Always Up Agent,Random Walk Generator,001,44,10.0
Always Up Agent,Random Walk Generator,001,45,9.0
Always Up Agent,Random Walk Generator,001,46,8.0
Always Up Agent,Random Walk Generator,001,47,7.0
Always Up Agent,Random Walk Generator,001,48,8.0
Always Up Agent,Random Walk Generator,001,49,9.0
Always Up Agent,Random Walk Generator,001,50,10.0
Always Up Agent,Random Walk Generator,001,51,9.0
Always Up Agent,Random Walk Generator,001,52,10.0
Always Up Agent,Random Walk Generator,001,53,11.0
Always Up Agent,Random Walk Generator,001,54,12.0
Always Up Agent,Random Walk Generator,001,55,13.0
Always Up Agent,Random Walk Generator,001,56,14.0
Always Up Agent,Random Walk Generator,001,57,13.0
Always Up Agent,Random Walk Generator,001,58,14.0
Always Up Agent,Random Walk Generator,001,59,13.0
Always Up Agent,Random Walk Generator,001,60,14.0
Always Up Agent,Random Walk Generator,001,61,13.0
Always Up Agent,Random Walk Generator,001,62,14.0
Always Up Agent,Random Walk Generator,001,63,15.0
Always Up Agent,Random Walk Generator,001,64,16.0
Always Up Agent,Random Walk Generator,001,65,15.0
Always Up Agent,Random Walk Generator,001,66,16.0
Always Up Agent,Random Walk Generator,001,67,17.0
Always Up Agent,Random Walk Generator,001,68,18.0
Always Up Agent,Random Walk Generator,001,69,19.0
Always Up Agent,Random Walk Generator,001,70,18.0
Always Up Agent,Random Walk Generator,001,71,19.0
Always Up Agent,Random Walk Generator,001,72,20.0
Always Up Agent,Random Walk Generator,001,73,19.0
Always Up Agent,Random Walk Generator,001,74,18.0
Always Up Agent,Random Walk Generator,001,75,17.0
Always Up Agent,Random Walk Generator,001,76,16.0
Always Up Agent,Random Walk Generator,001,77,15.0
Always Up Agent,Random Walk Generator,001,78,16.0
Always Up Agent,Random Walk Generator,001,79,17.0
Always Up Agent,Random Walk Generator,001,80,18.0
Always Up Agent,Random Walk Generator,001,81,17.0
Always Up Agent,Random Walk Generator,001,82,16.0
Always Up Agent,Random Walk Generator,001,83,15.0
Always Up Agent,Random Walk Generator,001,84,14.0
Always Up Agent,Random Walk Generator,001,85,13.0
Always Up Agent,Random Walk Generator,001,86,14.0
Always Up Agent,Random Walk Generator,001,87,15.0
Always Up Agent,Random Walk Generator,001,88,14.0
Always Up Agent,Random Walk Generator,001,89,15.0
Always Up Agent,Random Walk Generator,001,90,16.0
Always Up Agent,Random Walk Generator,001,91,15.0
Always Up Agent,Random Walk Generator,001,92,14.0
Always Up Agent,Random Walk Generator,001,93,13.0
Always Up Agent,Random Walk Generator,001,94,12.0
Always Up Agent,Random Walk Generator,001,95,11.0
Always Up Agent,Random Walk Generator,001,96,10.0
Always Up Agent,Random Walk Generator,001,97,9.0
Always Up Agent,Random Walk Generator,001,98,8.0
Always Up Agent,Random Walk Generator,001,99,9.0
Always Up Agent,Random Walk Generator,001,100,10.0
Always Up Agent,Random Walk Generator,002,1,-1.0
Always Up Agent,Random Walk Generator,002,2,-2.0
Always Up Agent,Random Walk Generator,002,3,-3.0
Always Up Agent,Random Walk Generator,002,4,-4.0
Always Up Agent,Random Walk Generator,002,5,-3.0
Always Up Agent,Random Walk Generator,002,6,-2.0
Always Up Agent,Random Walk Generator,002,7,-3.0
Always Up Agent,Random Walk Generator,002,8,-4.0
Always Up Agent,Random Walk Generator,002,9,-3.0
Always Up Agent,Random Walk Generator,002,10,-4.0
Always Up Agent,Random Walk Generator,002,11,-3.0
Always Up Agent,Random Walk Generator,002,12,-2.0
Always Up Agent,Random Walk Generator,002,13,-3.0
Always Up Agent,Random Walk Generator,002,14,-4.0
Always Up Agent,Random Walk Generator,002,15,-3.0
Always Up Agent,Random Walk Generator,002,16,-2.0
Always Up Agent,Random Walk Generator,002,17,-3.0
Always Up Agent,Random Walk Generator,002,18,-2.0
Always Up Agent,Random Walk Generator,002,19,-1.0
Always Up Agent,Random Walk Generator,002,20,-2.0
Always Up Agent,Random Walk Generator,002,21,-3.0
Always Up Agent,Random Walk Generator,002,22,-4.0
Always Up Agent,Random Walk Generator,002,23,-3.0
Always Up Agent,Random Walk Generator,002,24,-2.0
Always Up Agent,Random Walk Generator,002,25,-3.0
Always Up Agent,Random Walk Generator,002,26,-2.0
Always Up Agent,Random Walk Generator,002,27,-3.0
Always Up Agent,Random Walk Generator,002,28,-4.0
Always Up Agent,Random Walk Generator,002,29,-5.0
Always Up Agent,Random Walk Generator,002,30,-4.0
Always Up Agent,Random Walk Generator,002,31,-5.0
Always Up Agent,Random Walk Generator,002,32,-6.0
Always Up Agent,Random Walk Generator,002,33,-7.0
Always Up Agent,Random Walk Generator,002,34,-6.0
Always Up Agent,Random Walk Generator,002,35,-7.0
Always Up Agent,Random Walk Generator,002,36,-6.0
Always Up Agent,Random Walk Generator,002,37,-7.0
Always Up Agent,Random Walk Generator,002,38,-6.0
Always Up Agent,Random Walk Generator,002,39,-5.0
Always Up Agent,Random Walk Generator,002,40,-6.0
Always Up Agent,Random Walk Generator,002,41,-5.0
Always Up Agent,Random Walk Generator,002,42,-4.0
Always Up Agent,Random Walk Generator,002,43,-3.0
Always Up Agent,Random Walk Generator,002,44,-2.0
Always Up Agent,Random Walk Generator,002,45,-3.0
Always Up Agent,Random Walk Generator,002,46,-2.0
Always Up Agent,Random Walk Generator,002,47,-1.0
Always Up Agent,Random Walk Generator,002,48,0.0
Always Up Agent,Random Walk Generator,002,49,-1.0
Always Up Agent,Random Walk Generator,002,50,0.0
Always Up Agent,Random Walk Generator,002,51,1.0
Always Up Agent,Random Walk Generator,002,52,2.0
Always Up Agent,Random Walk Generator,002,53,1.0
Always Up Agent,Random Walk Generator,002,54,2.0
Always Up Agent,Random Walk Generator,002,55,1.0
Always Up Agent,Random Walk Generator,002,56,2.0
Always Up Agent,Random Walk Generator,002,57,3.0
Always Up Agent,Random Walk Generator,002,58,4.0
Always Up Agent,Random Walk Generator,002,59,5.0
Always Up Agent,Random Walk Generator,002,60,6.0
Always Up Agent,Random Walk Generator,002,61,7.0
Always Up Agent,Random Walk Generator,002,62,6.0
Always Up Agent,Random Walk Generator,002,63,5.0
Always Up Agent,Random Walk Generator,002,64,6.0
Always Up Agent,Random Walk Generator,002,65,5.0
Always Up Agent,Random Walk Generator,002,66,6.0
Always Up Agent,Random Walk Generator,002,67,5.0
Always Up Agent,Random Walk Generator,002,68,6.0
Always Up Agent,Random Walk Generator,002,69,5.0
Always Up Agent,Random Walk Generator,002,70,6.0
Always Up Agent,Random Walk Generator,002,71,5.0
Always Up Agent,Random Walk Generator,002,72,6.0
Always Up Agent,Random Walk Generator,002,73,7.0
Always Up Agent,Random Walk Generator,002,74,6.0
Always Up Agent,Random Walk Generator,002,75,5.0
Always Up Agent,Random Walk Generator,002,76,6.0
Always Up Agent,Random Walk Generator,002,77,7.0
Always Up Agent,Random Walk Generator,002,78,8.0
Always Up Agent,Random Walk Generator,002,79,9.0
Always Up Agent,Random Walk Generator,002,80,10.0
Always Up Agent,Random Walk Generator,002,81,11.0
Always Up Agent,Random Walk Generator,002,82,12.0
Always Up Agent,Random Walk Generator,002,83,13.0
Always Up Agent,Random Walk Generator,002,84,14.0
Always Up Agent,Random Walk Generator,002,85,15.0
Always Up Agent,Random Walk Generator,002,86,14.0
Always Up Agent,Random Walk Generator,002,87,13.0
Always Up Agent,Random Walk Generator,002,88,14.0
Always Up Agent,Random Walk Generator,002,89,13.0
Always Up Agent,Random Walk Generator,002,90,14.0
Always Up Agent,Random Walk Generator,002,91,13.0
Always Up Agent,Random Walk Generator,002,92,12.0
Always Up Agent,Random Walk Generator,002,93,11.0
Always Up Agent,Random Walk Generator,002,94,12.0
Always Up Agent,Random Walk Generator,002,95,11.0
Always Up Agent,Random Walk Generator,002,96,10.0
Always Up Agent,Random Walk Generator,002,97,11.0
Always Up Agent,Random Walk Generator,002,98,10.0
Always Up Agent,Random Walk Generator,002,99,9.0
Always Up Agent,Random Walk Generator,002,100,8.0
Always Up Agent,Random Walk Generator,003,1,1.0
Always Up Agent,Random Walk Generator,003,2,0.0
Always Up Agent,Random Walk Generator,003,3,1.0
Always Up Agent,Random Walk Generator,003,4,0.0
Always Up Agent,Random Walk Generator,003,5,1.0
Always Up Agent,Random Walk Generator,003,6,2.0
Always Up Agent,Random Walk Generator,003,7,1.0
Always Up Agent,Random Walk Generator,003,8,0.0
Always Up Agent,Random Walk Generator,003,9,1.0
Always Up Agent,Random Walk Generator,003,10,0.0
Always Up Agent,Random Walk Generator,003,11,1.0
Always Up Agent,Random Walk Generator,003,12,2.0
Always Up Agent,Random Walk Generator,003,13,3.0
Always Up Agent,Random Walk Generator,003,14,2.0
Always Up Agent,Random Walk Generator,003,15,1.0
Always Up Agent,Random Walk Generator,003,16,0.0
Always Up Agent,Random Walk Generator,003,17,1.0
Always Up Agent,Random Walk Generator,003,18,2.0
Always Up Agent,Random Walk Generator,003,19,3.0
Always Up Agent,Random Walk Generator,003,20,2.0
Always Up Agent,Random Walk Generator,003,21,3.0
Always Up Agent,Random Walk Generator,003,22,4.0
Always Up Agent,Random Walk Generator,003,23,5.0
Always Up Agent,Random Walk Generator,003,24,4.0
Always Up Agent,Random Walk Generator,003,25,5.0
Always Up Agent,Random Walk Generator,003,26,6.0
Always Up Agent,Random Walk Generator,003,27,7.0
Always Up Agent,Random Walk Generator,003,28,8.0
Always Up Agent,Random Walk Generator,003,29,7.0
Always Up Agent,Random Walk Generator,003,30,8.0
Always Up Agent,Random Walk Generator,003,31,9.0
Always Up Agent,Random Walk Generator,003,32,8.0
Always Up Agent,Random Walk Generator,003,33,7.0
Always Up Agent,Random Walk Generator,003,34,6.0
Always Up Agent,Random Walk Generator,003,35,7.0
Always Up Agent,Random Walk Generator,003,36,6.0
Always Up Agent,Random Walk Generator,003,37,5.0
Always Up Agent,Random Walk Generator,003,38,4.0
Always Up Agent,Random Walk Generator,003,39,3.0
Always Up Agent,Random Walk Generator,003,40,4.0
Always Up Agent,Random Walk Generator,003,41,5.0
Always Up Agent,Random Walk Generator,003,42,4.0
Always Up Agent,Random Walk Generator,003,43,5.0
Always Up Agent,Random Walk Generator,003,44,6.0
Always Up Agent,Random Walk Generator,003,45,5.0
Always Up Agent,Random Walk Generator,003,46,4.0
Always Up Agent,Random Walk Generator,003,47,3.0
Always Up Agent,Random Walk Generator,003,48,2.0
Always Up Agent,Random Walk Generator,003,49,1.0
Always Up Agent,Random Walk Generator,003,50,2.0
Always Up Agent,Random Walk Generator,003,51,3.0
Always Up Agent,Random Walk Generator,003,52,4.0
Always Up Agent,Random Walk Generator,003,53,5.0
Always Up Agent,Random Walk Generator,003,54,6.0
Always Up Agent,Random Walk Generator,003,55,7.0
Always Up Agent,Random Walk Generator,003,56,6.0
Always Up Agent,Random Walk Generator,003,57,5.0
Always Up Agent,Random Walk Generator,003,58,6.0
Always Up Agent,Random Walk Generator,003,59,7.0
Always Up Agent,Random Walk Generator,003,60,8.0
Always Up Agent,Random Walk Generator,003,61,9.0
Always Up Agent,Random Walk Generator,003,62,10.0
Always Up Agent,Random Walk Generator,003,63,9.0
Always Up Agent,Random Walk Generator,003,64,10.0
Always Up Agent,Random Walk Generator,003,65,9.0
Always Up Agent,Random Walk Generator,003,66,10.0
Always Up Agent,Random Walk Generator,003,67,9.0
Always Up Agent,Random Walk Generator,003,68,10.0
Always Up Agent,Random Walk Generator,003,69,9.0
Always Up Agent,Random Walk Generator,003,70,8.0
Always Up Agent,Random Walk Generator,003,71,7.0
Always Up Agent,Random Walk Generator,003,72,8.0
Always Up Agent,Random Walk Generator,003,73,7.0
Always Up Agent,Random Walk Generator,003,74,8.0
Always Up Agent,Random Walk Generator,003,75,9.0
Always Up Agent,Random Walk Generator,003,76,8.0
Always Up Agent,Random Walk Generator,003,77,7.0
Always Up Agent,Random Walk Generator,003,78,8.0
Always Up Agent,Random Walk Generator,003,79,9.0
Always Up Agent,Random Walk Generator,003,80,10.0
Always Up Agent,Random Walk Generator,003,81,11.0
Always Up Agent,Random Walk Generator,003,82,10.0
Always Up Agent,Random Walk Generator,003,83,11.0
Always Up Agent,Random Walk Generator,003,84,12.0
Always Up Agent,Random Walk Generator,003,85,13.0
Always Up Agent,Random Walk Generator,003,86,14.0
Always Up Agent,Random Walk Generator,003,87,15.0
Always Up Agent,Random Walk Generator,003,88,14.0
Always Up Agent,Random Walk Generator,003,89,15.0
Always Up Agent,Random Walk Generator,003,90,14.0
Always Up Agent,Random Walk Generator,003,91,13.0
Always Up Agent,Random Walk Generator,003,92,12.0
Always Up Agent,Random Walk Generator,003,93,13.0
Always Up Agent,Random Walk Generator,003,94,14.0
Always Up Agent,Random Walk Generator,003,95,13.0
Always Up Agent,Random Walk Generator,003,96,12.0
Always Up Agent,Random Walk Generator,003,97,11.0
Always Up Agent,Random Walk Generator,003,98,10.0
Always Up Agent,Random Walk Generator,003,99,11.0
Always Up Agent,Random Walk Generator,003,100,12.0
Dynamic Mean Reversion Agent,Linear Trend Generator,001,1,-1.0
Dynamic Mean Reversion Agent,Linear Trend Generator,001,2,-2.0
Dynamic Mean Reversion Agent,Linear Trend Generator,001,3,-3.0
Dynamic Mean Reversion Agent,Linear Trend Generator,001,4,-4.0
Dynamic Mean Reversion Agent,Linear Trend Generator,001,5,-5.0
Dynamic Mean Reversion Agent,Linear Trend Generator,001,6,-6.0
Dynamic Mean Reversion Agent,Linear Trend Generator,001,7,-7.0
Dynamic Mean Reversion Agent,Linear Trend Generator,001,8,-8.0
Dynamic Mean Reversion Agent,Linear Trend Generator,001,9,-9.0
Dynamic Mean Reversion Agent,Linear Trend Generator,001,10,-10.0
Dynamic Mean Reversion Agent,Linear Trend Generator,001,11,-11.0
Dynamic Mean Reversion Agent,Linear Trend Generator,001,12,-12.0
Dynamic Mean Reversion Agent,Linear Trend Generator,001,13,-13.0
Dynamic Mean Reversion Agent,Linear Trend Generator,001,14,-14.0
Dynamic Mean Reversion Agent,Linear Trend Generator,001,15,-15.0
Dynamic Mean Reversion Agent,Linear Trend Generator,001,16,-16.0
Dynamic Mean Reversion Agent,Linear Trend Generator,001,17,-17.0
Dynamic Mean Reversion Agent,Linear Trend Generator,001,18,-18.0
Dynamic Mean Reversion Agent,Linear Trend Generator,001,19,-19.0
Dynamic Mean Reversion Agent,Linear Trend Generator,001,20,-20.0
Dynamic Mean Reversion Agent,Linear Trend Generator,001,21,-21.0
Dynamic Mean Reversion Agent,Linear Trend Generator,001,22,-22.0
Dynamic Mean Reversion Agent,Linear Trend Generator,001,23,-23.0
Dynamic Mean Reversion Agent,Linear Trend Generator,001,24,-24.0
Dynamic Mean Reversion Agent,Linear Trend Generator,001,25,-25.0
Dynamic Mean Reversion Agent,Linear Trend Generator,001,26,-26.0
Dynamic Mean Reversion Agent,Linear Trend Generator,001,27,-27.0
Dynamic Mean Reversion Agent,Linear Trend Generator,001,28,-28.0
Dynamic Mean Reversion Agent,Linear Trend Generator,001,29,-29.0
Dynamic Mean Reversion Agent,Linear Trend Generator,001,30,-30.0
Dynamic Mean Reversion Agent,Linear Trend Generator,001,31,-31.0
Dynamic Mean Reversion Agent,Linear Trend Generator,001,32,-32.0
Dynamic Mean Reversion Agent,Linear Trend Generator,001,33,-33.0
Dynamic Mean Reversion Agent,Linear Trend Generator,001,34,-34.0
Dynamic Mean Reversion Agent,Linear Trend Generator,001,35,-35.0
Dynamic Mean Reversion Agent,Linear Trend Generator,001,36,-36.0
Dynamic Mean Reversion Agent,Linear Trend Generator,001,37,-37.0
Dynamic Mean Reversion Agent,Linear Trend Generator,001,38,-38.0
Dynamic Mean Reversion Agent,Linear Trend Generator,001,39,-39.0
Dynamic Mean Reversion Agent,Linear Trend Generator,001,40,-40.0
Dynamic Mean Reversion Agent,Linear Trend Generator,001,41,-41.0
Dynamic Mean Reversion Agent,Linear Trend Generator,001,42,-42.0
Dynamic Mean Reversion Agent,Linear Trend Generator,001,43,-43.0
Dynamic Mean Reversion Agent,Linear Trend Generator,001,44,-44.0
Dynamic Mean Reversion Agent,Linear Trend Generator,001,45,-45.0
Dynamic Mean Reversion Agent,Linear Trend Generator,001,46,-46.0
Dynamic Mean Reversion Agent,Linear Trend Generator,001,47,-47.0
Dynamic Mean Reversion Agent,Linear Trend Generator,001,48,-48.0
Dynamic Mean Reversion Agent,Linear Trend Generator,001,49,-49.0
Dynamic Mean Reversion Agent,Linear Trend Generator,001,50,-50.0
Dynamic Mean Reversion Agent,Linear Trend Generator,001,51,-51.0
Dynamic Mean Reversion Agent,Linear Trend Generator,001,52,-52.0
Dynamic Mean Reversion Agent,Linear Trend Generator,001,53,-53.0
Dynamic Mean Reversion Agent,Linear Trend Generator,001,54,-54.0
Dynamic Mean Reversion Agent,Linear Trend Generator,001,55,-55.0
Dynamic Mean Reversion Agent,Linear Trend Generator,001,56,-56.0
Dynamic Mean Reversion Agent,Linear Trend Generator,001,57,-57.0
Dynamic Mean Reversion Agent,Linear Trend Generator,001,58,-58.0
Dynamic Mean Reversion Agent,Linear Trend Generator,001,59,-59.0
Dynamic Mean Reversion Agent,Linear Trend Generator,001,60,-60.0
Dynamic Mean Reversion Agent,Linear Trend Generator,001,61,-61.0
Dynamic Mean Reversion Agent,Linear Trend Generator,001,62,-62.0
Dynamic Mean Reversion Agent,Linear Trend Generator,001,63,-63.0
Dynamic Mean Reversion Agent,Linear Trend Generator,001,64,-64.0
Dynamic Mean Reversion Agent,Linear Trend Generator,001,65,-65.0
Dynamic Mean Reversion Agent,Linear Trend Generator,001,66,-66.0
Dynamic Mean Reversion Agent,Linear Trend Generator,001,67,-67.0
Dynamic Mean Reversion Agent,Linear Trend Generator,001,68,-68.0
Dynamic Mean Reversion Agent,Linear Trend Generator,001,69,-69.0
Dynamic Mean Reversion Agent,Linear Trend Generator,001,70,-70.0
Dynamic Mean Reversion Agent,Linear Trend Generator,001,71,-71.0
Dynamic Mean Reversion Agent,Linear Trend Generator,001,72,-72.0
Dynamic Mean Reversion Agent,Linear Trend Generator,001,73,-73.0
Dynamic Mean Reversion Agent,Linear Trend Generator,001,74,-74.0
Dynamic Mean Reversion Agent,Linear Trend Generator,001,75,-75.0
Dynamic Mean Reversion Agent,Linear Trend Generator,001,76,-76.0
Dynamic Mean Reversion Agent,Linear Trend Generator,001,77,-77.0
Dynamic Mean Reversion Agent,Linear Trend Generator,001,78,-78.0
Dynamic Mean Reversion Agent,Linear Trend Generator,001,79,-79.0
Dynamic Mean Reversion Agent,Linear Trend Generator,001,80,-80.0
Dynamic Mean Reversion Agent,Linear Trend Generator,001,81,-81.0
Dynamic Mean Reversion Agent,Linear Trend Generator,001,82,-82.0
Dynamic Mean Reversion Agent,Linear Trend Generator,001,83,-83.0
Dynamic Mean Reversion Agent,Linear Trend Generator,001,84,-84.0
Dynamic Mean Reversion Agent,Linear Trend Generator,001,85,-85.0
Dynamic Mean Reversion Agent,Linear Trend Generator,001,86,-86.0
Dynamic Mean Reversion Agent,Linear Trend Generator,001,87,-87.0
Dynamic Mean Reversion Agent,Linear Trend Generator,001,88,-88.0
Dynamic Mean Reversion Agent,Linear Trend Generator,001,89,-89.0
Dynamic Mean Reversion Agent,Linear Trend Generator,001,90,-90.0
Dynamic Mean Reversion Agent,Linear Trend Generator,001,91,-91.0
Dynamic Mean Reversion Agent,Linear Trend Generator,001,92,-92.0
Dynamic Mean Reversion Agent,Linear Trend Generator,001,93,-93.0
Dynamic Mean Reversion Agent,Linear Trend Generator,001,94,-94.0
Dynamic Mean Reversion Agent,Linear Trend Generator,001,95,-95.0
Dynamic Mean Reversion Agent,Linear Trend Generator,001,96,-96.0
Dynamic Mean Reversion Agent,Linear Trend Generator,001,97,-97.0
Dynamic Mean Reversion Agent,Linear Trend Generator,001,98,-98.0
Dynamic Mean Reversion Agent,Linear Trend Generator,001,99,-99.0
Dynamic Mean Reversion Agent,Linear Trend Generator,001,100,-100.0
Dynamic Mean Reversion Agent,Linear Trend Generator,002,1,-1.0
Dynamic Mean Reversion Agent,Linear Trend Generator,002,2,-2.0
Dynamic Mean Reversion Agent,Linear Trend Generator,002,3,-3.0
Dynamic Mean Reversion Agent,Linear Trend Generator,002,4,-4.0
Dynamic Mean Reversion Agent,Linear Trend Generator,002,5,-5.0
Dynamic Mean Reversion Agent,Linear Trend Generator,002,6,-6.0
Dynamic Mean Reversion Agent,Linear Trend Generator,002,7,-7.0
Dynamic Mean Reversion Agent,Linear Trend Generator,002,8,-8.0
Dynamic Mean Reversion Agent,Linear Trend Generator,002,9,-9.0
Dynamic Mean Reversion Agent,Linear Trend Generator,002,10,-10.0
Dynamic Mean Reversion Agent,Linear Trend Generator,002,11,-11.0
Dynamic Mean Reversion Agent,Linear Trend Generator,002,12,-12.0
Dynamic Mean Reversion Agent,Linear Trend Generator,002,13,-13.0
Dynamic Mean Reversion Agent,Linear Trend Generator,002,14,-14.0
Dynamic Mean Reversion Agent,Linear Trend Generator,002,15,-15.0
Dynamic Mean Reversion Agent,Linear Trend Generator,002,16,-16.0
Dynamic Mean Reversion Agent,Linear Trend Generator,002,17,-17.0
Dynamic Mean Reversion Agent,Linear Trend Generator,002,18,-18.0
Dynamic Mean Reversion Agent,Linear Trend Generator,002,19,-19.0
Dynamic Mean Reversion Agent,Linear Trend Generator,002,20,-20.0
Dynamic Mean Reversion Agent,Linear Trend Generator,002,21,-21.0
Dynamic Mean Reversion Agent,Linear Trend Generator,002,22,-22.0
Dynamic Mean Reversion Agent,Linear Trend Generator,002,23,-23.0
Dynamic Mean Reversion Agent,Linear Trend Generator,002,24,-24.0
Dynamic Mean Reversion Agent,Linear Trend Generator,002,25,-25.0
Dynamic Mean Reversion Agent,Linear Trend Generator,002,26,-26.0
Dynamic Mean Reversion Agent,Linear Trend Generator,002,27,-27.0
Dynamic Mean Reversion Agent,Linear Trend Generator,002,28,-28.0
Dynamic Mean Reversion Agent,Linear Trend Generator,002,29,-29.0
Dynamic Mean Reversion Agent,Linear Trend Generator,002,30,-30.0
Dynamic Mean Reversion Agent,Linear Trend Generator,002,31,-31.0
Dynamic Mean Reversion Agent,Linear Trend Generator,002,32,-32.0
Dynamic Mean Reversion Agent,Linear Trend Generator,002,33,-33.0
Dynamic Mean Reversion Agent,Linear Trend Generator,002,34,-34.0
Dynamic Mean Reversion Agent,Linear Trend Generator,002,35,-35.0
Dynamic Mean Reversion Agent,Linear Trend Generator,002,36,-36.0
Dynamic Mean Reversion Agent,Linear Trend Generator,002,37,-37.0
Dynamic Mean Reversion Agent,Linear Trend Generator,002,38,-38.0
Dynamic Mean Reversion Agent,Linear Trend Generator,002,39,-39.0
Dynamic Mean Reversion Agent,Linear Trend Generator,002,40,-40.0
Dynamic Mean Reversion Agent,Linear Trend Generator,002,41,-41.0
Dynamic Mean Reversion Agent,Linear Trend Generator,002,42,-42.0
Dynamic Mean Reversion Agent,Linear Trend Generator,002,43,-43.0
Dynamic Mean Reversion Agent,Linear Trend Generator,002,44,-44.0
Dynamic Mean Reversion Agent,Linear Trend Generator,002,45,-45.0
Dynamic Mean Reversion Agent,Linear Trend Generator,002,46,-46.0
Dynamic Mean Reversion Agent,Linear Trend Generator,002,47,-47.0
Dynamic Mean Reversion Agent,Linear Trend Generator,002,48,-48.0
Dynamic Mean Reversion Agent,Linear Trend Generator,002,49,-49.0
Dynamic Mean Reversion Agent,Linear Trend Generator,002,50,-50.0
Dynamic Mean Reversion Agent,Linear Trend Generator,002,51,-51.0
Dynamic Mean Reversion Agent,Linear Trend Generator,002,52,-52.0
Dynamic Mean Reversion Agent,Linear Trend Generator,002,53,-53.0
Dynamic Mean Reversion Agent,Linear Trend Generator,002,54,-54.0
Dynamic Mean Reversion Agent,Linear Trend Generator,002,55,-55.0
Dynamic Mean Reversion Agent,Linear Trend Generator,002,56,-56.0
Dynamic Mean Reversion Agent,Linear Trend Generator,002,57,-57.0
Dynamic Mean Reversion Agent,Linear Trend Generator,002,58,-58.0
Dynamic Mean Reversion Agent,Linear Trend Generator,002,59,-59.0
Dynamic Mean Reversion Agent,Linear Trend Generator,002,60,-60.0
Dynamic Mean Reversion Agent,Linear Trend Generator,002,61,-61.0
Dynamic Mean Reversion Agent,Linear Trend Generator,002,62,-62.0
Dynamic Mean Reversion Agent,Linear Trend Generator,002,63,-63.0
Dynamic Mean Reversion Agent,Linear Trend Generator,002,64,-64.0
Dynamic Mean Reversion Agent,Linear Trend Generator,002,65,-65.0
Dynamic Mean Reversion Agent,Linear Trend Generator,002,66,-66.0
Dynamic Mean Reversion Agent,Linear Trend Generator,002,67,-67.0
Dynamic Mean Reversion Agent,Linear Trend Generator,002,68,-68.0
Dynamic Mean Reversion Agent,Linear Trend Generator,002,69,-69.0
Dynamic Mean Reversion Agent,Linear Trend Generator,002,70,-70.0
Dynamic Mean Reversion Agent,Linear Trend Generator,002,71,-71.0
Dynamic Mean Reversion Agent,Linear Trend Generator,002,72,-72.0
Dynamic Mean Reversion Agent,Linear Trend Generator,002,73,-73.0
Dynamic Mean Reversion Agent,Linear Trend Generator,002,74,-74.0
Dynamic Mean Reversion Agent,Linear Trend Generator,002,75,-75.0
Dynamic Mean Reversion Agent,Linear Trend Generator,002,76,-76.0
Dynamic Mean Reversion Agent,Linear Trend Generator,002,77,-77.0
Dynamic Mean Reversion Agent,Linear Trend Generator,002,78,-78.0
Dynamic Mean Reversion Agent,Linear Trend Generator,002,79,-79.0
Dynamic Mean Reversion Agent,Linear Trend Generator,002,80,-80.0
Dynamic Mean Reversion Agent,Linear Trend Generator,002,81,-81.0
Dynamic Mean Reversion Agent,Linear Trend Generator,002,82,-82.0
Dynamic Mean Reversion Agent,Linear Trend Generator,002,83,-83.0
Dynamic Mean Reversion Agent,Linear Trend Generator,002,84,-84.0
Dynamic Mean Reversion Agent,Linear Trend Generator,002,85,-85.0
Dynamic Mean Reversion Agent,Linear Trend Generator,002,86,-86.0
Dynamic Mean Reversion Agent,Linear Trend Generator,002,87,-87.0
Dynamic Mean Reversion Agent,Linear Trend Generator,002,88,-88.0
Dynamic Mean Reversion Agent,Linear Trend Generator,002,89,-89.0
Dynamic Mean Reversion Agent,Linear Trend Generator,002,90,-90.0
Dynamic Mean Reversion Agent,Linear Trend Generator,002,91,-91.0
Dynamic Mean Reversion Agent,Linear Trend Generator,002,92,-92.0
Dynamic Mean Reversion Agent,Linear Trend Generator,002,93,-93.0
Dynamic Mean Reversion Agent,Linear Trend Generator,002,94,-94.0
Dynamic Mean Reversion Agent,Linear Trend Generator,002,95,-95.0
Dynamic Mean Reversion Agent,Linear Trend Generator,002,96,-96.0
Dynamic Mean Reversion Agent,Linear Trend Generator,002,97,-97.0
Dynamic Mean Reversion Agent,Linear Trend Generator,002,98,-98.0
Dynamic Mean Reversion Agent,Linear Trend Generator,002,99,-99.0
Dynamic Mean Reversion Agent,Linear Trend Generator,002,100,-100.0
Dynamic Mean Reversion Agent,Linear Trend Generator,003,1,-1.0
Dynamic Mean Reversion Agent,Linear Trend Generator,003,2,-2.0
Dynamic Mean Reversion Agent,Linear Trend Generator,003,3,-3.0
Dynamic Mean Reversion Agent,Linear Trend Generator,003,4,-4.0
Dynamic Mean Reversion Agent,Linear Trend Generator,003,5,-5.0
Dynamic Mean Reversion Agent,Linear Trend Generator,003,6,-6.0
Dynamic Mean Reversion Agent,Linear Trend Generator,003,7,-7.0
Dynamic Mean Reversion Agent,Linear Trend Generator,003,8,-8.0
Dynamic Mean Reversion Agent,Linear Trend Generator,003,9,-9.0
Dynamic Mean Reversion Agent,Linear Trend Generator,003,10,-10.0
Dynamic Mean Reversion Agent,Linear Trend Generator,003,11,-11.0
Dynamic Mean Reversion Agent,Linear Trend Generator,003,12,-12.0
Dynamic Mean Reversion Agent,Linear Trend Generator,003,13,-13.0
Dynamic Mean Reversion Agent,Linear Trend Generator,003,14,-14.0
Dynamic Mean Reversion Agent,Linear Trend Generator,003,15,-15.0
Dynamic Mean Reversion Agent,Linear Trend Generator,003,16,-16.0
Dynamic Mean Reversion Agent,Linear Trend Generator,003,17,-17.0
Dynamic Mean Reversion Agent,Linear Trend Generator,003,18,-18.0
Dynamic Mean Reversion Agent,Linear Trend Generator,003,19,-19.0
Dynamic Mean Reversion Agent,Linear Trend Generator,003,20,-20.0
Dynamic Mean Reversion Agent,Linear Trend Generator,003,21,-21.0
Dynamic Mean Reversion Agent,Linear Trend Generator,003,22,-22.0
Dynamic Mean Reversion Agent,Linear Trend Generator,003,23,-23.0
Dynamic Mean Reversion Agent,Linear Trend Generator,003,24,-24.0
Dynamic Mean Reversion Agent,Linear Trend Generator,003,25,-25.0
Dynamic Mean Reversion Agent,Linear Trend Generator,003,26,-26.0
Dynamic Mean Reversion Agent,Linear Trend Generator,003,27,-27.0
Dynamic Mean Reversion Agent,Linear Trend Generator,003,28,-28.0
Dynamic Mean Reversion Agent,Linear Trend Generator,003,29,-29.0
Dynamic Mean Reversion Agent,Linear Trend Generator,003,30,-30.0
Dynamic Mean Reversion Agent,Linear Trend Generator,003,31,-31.0
Dynamic Mean Reversion Agent,Linear Trend Generator,003,32,-32.0
Dynamic Mean Reversion Agent,Linear Trend Generator,003,33,-33.0
Dynamic Mean Reversion Agent,Linear Trend Generator,003,34,-34.0
Dynamic Mean Reversion Agent,Linear Trend Generator,003,35,-35.0
Dynamic Mean Reversion Agent,Linear Trend Generator,003,36,-36.0
Dynamic Mean Reversion Agent,Linear Trend Generator,003,37,-37.0
Dynamic Mean Reversion Agent,Linear Trend Generator,003,38,-38.0
Dynamic Mean Reversion Agent,Linear Trend Generator,003,39,-39.0
Dynamic Mean Reversion Agent,Linear Trend Generator,003,40,-40.0
Dynamic Mean Reversion Agent,Linear Trend Generator,003,41,-41.0
Dynamic Mean Reversion Agent,Linear Trend Generator,003,42,-42.0
Dynamic Mean Reversion Agent,Linear Trend Generator,003,43,-43.0
Dynamic Mean Reversion Agent,Linear Trend Generator,003,44,-44.0
Dynamic Mean Reversion Agent,Linear Trend Generator,003,45,-45.0
Dynamic Mean Reversion Agent,Linear Trend Generator,003,46,-46.0
Dynamic Mean Reversion Agent,Linear Trend Generator,003,47,-47.0
Dynamic Mean Reversion Agent,Linear Trend Generator,003,48,-48.0
Dynamic Mean Reversion Agent,Linear Trend Generator,003,49,-49.0
Dynamic Mean Reversion Agent,Linear Trend Generator,003,50,-50.0
Dynamic Mean Reversion Agent,Linear Trend Generator,003,51,-51.0
Dynamic Mean Reversion Agent,Linear Trend Generator,003,52,-52.0
Dynamic Mean Reversion Agent,Linear Trend Generator,003,53,-53.0
Dynamic Mean Reversion Agent,Linear Trend Generator,003,54,-54.0
Dynamic Mean Reversion Agent,Linear Trend Generator,003,55,-55.0
Dynamic Mean Reversion Agent,Linear Trend Generator,003,56,-56.0
Dynamic Mean Reversion Agent,Linear Trend Generator,003,57,-57.0
Dynamic Mean Reversion Agent,Linear Trend Generator,003,58,-58.0
Dynamic Mean Reversion Agent,Linear Trend Generator,003,59,-59.0
Dynamic Mean Reversion Agent,Linear Trend Generator,003,60,-60.0
Dynamic Mean Reversion Agent,Linear Trend Generator,003,61,-61.0
Dynamic Mean Reversion Agent,Linear Trend Generator,003,62,-62.0
Dynamic Mean Reversion Agent,Linear Trend Generator,003,63,-63.0
Dynamic Mean Reversion Agent,Linear Trend Generator,003,64,-64.0
Dynamic Mean Reversion Agent,Linear Trend Generator,003,65,-65.0
Dynamic Mean Reversion Agent,Linear Trend Generator,003,66,-66.0
Dynamic Mean Reversion Agent,Linear Trend Generator,003,67,-67.0
Dynamic Mean Reversion Agent,Linear Trend Generator,003,68,-68.0
Dynamic Mean Reversion Agent,Linear Trend Generator,003,69,-69.0
Dynamic Mean Reversion Agent,Linear Trend Generator,003,70,-70.0
Dynamic Mean Reversion Agent,Linear Trend Generator,003,71,-71.0
Dynamic Mean Reversion Agent,Linear Trend Generator,003,72,-72.0
Dynamic Mean Reversion Agent,Linear Trend Generator,003,73,-73.0
Dynamic Mean Reversion Agent,Linear Trend Generator,003,74,-74.0
Dynamic Mean Reversion Agent,Linear Trend Generator,003,75,-75.0
Dynamic Mean Reversion Agent,Linear Trend Generator,003,76,-76.0
Dynamic Mean Reversion Agent,Linear Trend Generator,003,77,-77.0
Dynamic Mean Reversion Agent,Linear Trend Generator,003,78,-78.0
Dynamic Mean Reversion Agent,Linear Trend Generator,003,79,-79.0
Dynamic Mean Reversion Agent,Linear Trend Generator,003,80,-80.0
Dynamic Mean Reversion Agent,Linear Trend Generator,003,81,-81.0
Dynamic Mean Reversion Agent,Linear Trend Generator,003,82,-82.0
Dynamic Mean Reversion Agent,Linear Trend Generator,003,83,-83.0
Dynamic Mean Reversion Agent,Linear Trend Generator,003,84,-84.0
Dynamic Mean Reversion Agent,Linear Trend Generator,003,85,-85.0
Dynamic Mean Reversion Agent,Linear Trend Generator,003,86,-86.0
Dynamic Mean Reversion Agent,Linear Trend Generator,003,87,-87.0
Dynamic Mean Reversion Agent,Linear Trend Generator,003,88,-88.0
Dynamic Mean Reversion Agent,Linear Trend Generator,003,89,-89.0
Dynamic Mean Reversion Agent,Linear Trend Generator,003,90,-90.0
Dynamic Mean Reversion Agent,Linear Trend Generator,003,91,-91.0
Dynamic Mean Reversion Agent,Linear Trend Generator,003,92,-92.0
Dynamic Mean Reversion Agent,Linear Trend Generator,003,93,-93.0
Dynamic Mean Reversion Agent,Linear Trend Generator,003,94,-94.0
Dynamic Mean Reversion Agent,Linear Trend Generator,003,95,-95.0
Dynamic Mean Reversion Agent,Linear Trend Generator,003,96,-96.0
Dynamic Mean Reversion Agent,Linear Trend Generator,003,97,-97.0
Dynamic Mean Reversion Agent,Linear Trend Generator,003,98,-98.0
Dynamic Mean Reversion Agent,Linear Trend Generator,003,99,-99.0
Dynamic Mean Reversion Agent,Linear Trend Generator,003,100,-100.0
Dynamic Mean Reversion Agent,Ornstein-Uhlenbeck Generator,001,1,-1.0
Dynamic Mean Reversion Agent,Ornstein-Uhlenbeck Generator,001,2,0.0
Dynamic Mean Reversion Agent,Ornstein-Uhlenbeck Generator,001,3,1.0
Dynamic Mean Reversion Agent,Ornstein-Uhlenbeck Generator,001,4,2.0
Dynamic Mean Reversion Agent,Ornstein-Uhlenbeck Generator,001,5,3.0
Dynamic Mean Reversion Agent,Ornstein-Uhlenbeck Generator,001,6,2.0
Dynamic Mean Reversion Agent,Ornstein-Uhlenbeck Generator,001,7,1.0
Dynamic Mean Reversion Agent,Ornstein-Uhlenbeck Generator,001,8,0.0
Dynamic Mean Reversion Agent,Ornstein-Uhlenbeck Generator,001,9,-1.0
Dynamic Mean Reversion Agent,Ornstein-Uhlenbeck Generator,001,10,-2.0
Dynamic Mean Reversion Agent,Ornstein-Uhlenbeck Generator,001,11,-3.0
Dynamic Mean Reversion Agent,Ornstein-Uhlenbeck Generator,001,12,-4.0
Dynamic Mean Reversion Agent,Ornstein-Uhlenbeck Generator,001,13,-3.0
Dynamic Mean Reversion Agent,Ornstein-Uhlenbeck Generator,001,14,-4.0
Dynamic Mean Reversion Agent,Ornstein-Uhlenbeck Generator,001,15,-5.0
Dynamic Mean Reversion Agent,Ornstein-Uhlenbeck Generator,001,16,-6.0
Dynamic Mean Reversion Agent,Ornstein-Uhlenbeck Generator,001,17,-5.0
Dynamic Mean Reversion Agent,Ornstein-Uhlenbeck Generator,001,18,-6.0
Dynamic Mean Reversion Agent,Ornstein-Uhlenbeck Generator,001,19,-7.0
Dynamic Mean Reversion Agent,Ornstein-Uhlenbeck Generator,001,20,-6.0
Dynamic Mean Reversion Agent,Ornstein-Uhlenbeck Generator,001,21,-7.0
Dynamic Mean Reversion Agent,Ornstein-Uhlenbeck Generator,001,22,-8.0
Dynamic Mean Reversion Agent,Ornstein-Uhlenbeck Generator,001,23,-7.0
Dynamic Mean Reversion Agent,Ornstein-Uhlenbeck Generator,001,24,-6.0
Dynamic Mean Reversion Agent,Ornstein-Uhlenbeck Generator,001,25,-5.0
Dynamic Mean Reversion Agent,Ornstein-Uhlenbeck Generator,001,26,-6.0
Dynamic Mean Reversion Agent,Ornstein-Uhlenbeck Generator,001,27,-5.0
Dynamic Mean Reversion Agent,Ornstein-Uhlenbeck Generator,001,28,-6.0
Dynamic Mean Reversion Agent,Ornstein-Uhlenbeck Generator,001,29,-7.0
Dynamic Mean Reversion Agent,Ornstein-Uhlenbeck Generator,001,30,-6.0
Dynamic Mean Reversion Agent,Ornstein-Uhlenbeck Generator,001,31,-7.0
Dynamic Mean Reversion Agent,Ornstein-Uhlenbeck Generator,001,32,-6.0
Dynamic Mean Reversion Agent,Ornstein-Uhlenbeck Generator,001,33,-5.0
Dynamic Mean Reversion Agent,Ornstein-Uhlenbeck Generator,001,34,-6.0
Dynamic Mean Reversion Agent,Ornstein-Uhlenbeck Generator,001,35,-7.0
Dynamic Mean Reversion Agent,Ornstein-Uhlenbeck Generator,001,36,-6.0
Dynamic Mean Reversion Agent,Ornstein-Uhlenbeck Generator,001,37,-5.0
Dynamic Mean Reversion Agent,Ornstein-Uhlenbeck Generator,001,38,-4.0
Dynamic Mean Reversion Agent,Ornstein-Uhlenbeck Generator,001,39,-3.0
Dynamic Mean Reversion Agent,Ornstein-Uhlenbeck Generator,001,40,-2.0
Dynamic Mean Reversion Agent,Ornstein-Uhlenbeck Generator,001,41,-3.0
Dynamic Mean Reversion Agent,Ornstein-Uhlenbeck Generator,001,42,-4.0
Dynamic Mean Reversion Agent,Ornstein-Uhlenbeck Generator,001,43,-3.0
Dynamic Mean Reversion Agent,Ornstein-Uhlenbeck Generator,001,44,-4.0
Dynamic Mean Reversion Agent,Ornstein-Uhlenbeck Generator,001,45,-3.0
Dynamic Mean Reversion Agent,Ornstein-Uhlenbeck Generator,001,46,-2.0
Dynamic Mean Reversion Agent,Ornstein-Uhlenbeck Generator,001,47,-1.0
Dynamic Mean Reversion Agent,Ornstein-Uhlenbeck Generator,001,48,0.0
Dynamic Mean Reversion Agent,Ornstein-Uhlenbeck Generator,001,49,-1.0
Dynamic Mean Reversion Agent,Ornstein-Uhlenbeck Generator,001,50,0.0
Dynamic Mean Reversion Agent,Ornstein-Uhlenbeck Generator,001,51,-1.0
Dynamic Mean Reversion Agent,Ornstein-Uhlenbeck Generator,001,52,0.0
Dynamic Mean Reversion Agent,Ornstein-Uhlenbeck Generator,001,53,1.0
Dynamic Mean Reversion Agent,Ornstein-Uhlenbeck Generator,001,54,0.0
Dynamic Mean Reversion Agent,Ornstein-Uhlenbeck Generator,001,55,-1.0
Dynamic Mean Reversion Agent,Ornstein-Uhlenbeck Generator,001,56,0.0
Dynamic Mean Reversion Agent,Ornstein-Uhlenbeck Generator,001,57,1.0
Dynamic Mean Reversion Agent,Ornstein-Uhlenbeck Generator,001,58,2.0
Dynamic Mean Reversion Agent,Ornstein-Uhlenbeck Generator,001,59,1.0
Dynamic Mean Reversion Agent,Ornstein-Uhlenbeck Generator,001,60,2.0
Dynamic Mean Reversion Agent,Ornstein-Uhlenbeck Generator,001,61,1.0
Dynamic Mean Reversion Agent,Ornstein-Uhlenbeck Generator,001,62,0.0
Dynamic Mean Reversion Agent,Ornstein-Uhlenbeck Generator,001,63,1.0
Dynamic Mean Reversion Agent,Ornstein-Uhlenbeck Generator,001,64,2.0
Dynamic Mean Reversion Agent,Ornstein-Uhlenbeck Generator,001,65,1.0
Dynamic Mean Reversion Agent,Ornstein-Uhlenbeck Generator,001,66,0.0
Dynamic Mean Reversion Agent,Ornstein-Uhlenbeck Generator,001,67,1.0
Dynamic Mean Reversion Agent,Ornstein-Uhlenbeck Generator,001,68,2.0
Dynamic Mean Reversion Agent,Ornstein-Uhlenbeck Generator,001,69,3.0
Dynamic Mean Reversion Agent,Ornstein-Uhlenbeck Generator,001,70,2.0
Dynamic Mean Reversion Agent,Ornstein-Uhlenbeck Generator,001,71,3.0
Dynamic Mean Reversion Agent,Ornstein-Uhlenbeck Generator,001,72,2.0
Dynamic Mean Reversion Agent,Ornstein-Uhlenbeck Generator,001,73,1.0
Dynamic Mean Reversion Agent,Ornstein-Uhlenbeck Generator,001,74,0.0
Dynamic Mean Reversion Agent,Ornstein-Uhlenbeck Generator,001,75,1.0
Dynamic Mean Reversion Agent,Ornstein-Uhlenbeck Generator,001,76,2.0
Dynamic Mean Reversion Agent,Ornstein-Uhlenbeck Generator,001,77,3.0
Dynamic Mean Reversion Agent,Ornstein-Uhlenbeck Generator,001,78,2.0
Dynamic Mean Reversion Agent,Ornstein-Uhlenbeck Generator,001,79,3.0
Dynamic Mean Reversion Agent,Ornstein-Uhlenbeck Generator,001,80,4.0
Dynamic Mean Reversion Agent,Ornstein-Uhlenbeck Generator,001,81,3.0
Dynamic Mean Reversion Agent,Ornstein-Uhlenbeck Generator,001,82,4.0
Dynamic Mean Reversion Agent,Ornstein-Uhlenbeck Generator,001,83,3.0
Dynamic Mean Reversion Agent,Ornstein-Uhlenbeck Generator,001,84,2.0
Dynamic Mean Reversion Agent,Ornstein-Uhlenbeck Generator,001,85,1.0
Dynamic Mean Reversion Agent,Ornstein-Uhlenbeck Generator,001,86,2.0
Dynamic Mean Reversion Agent,Ornstein-Uhlenbeck Generator,001,87,3.0
Dynamic Mean Reversion Agent,Ornstein-Uhlenbeck Generator,001,88,2.0
Dynamic Mean Reversion Agent,Ornstein-Uhlenbeck Generator,001,89,3.0
Dynamic Mean Reversion Agent,Ornstein-Uhlenbeck Generator,001,90,2.0
Dynamic Mean Reversion Agent,Ornstein-Uhlenbeck Generator,001,91,3.0
Dynamic Mean Reversion Agent,Ornstein-Uhlenbeck Generator,001,92,4.0
Dynamic Mean Reversion Agent,Ornstein-Uhlenbeck Generator,001,93,5.0
Dynamic Mean Reversion Agent,Ornstein-Uhlenbeck Generator,001,94,4.0
Dynamic Mean Reversion Agent,Ornstein-Uhlenbeck Generator,001,95,5.0
Dynamic Mean Reversion Agent,Ornstein-Uhlenbeck Generator,001,96,6.0
Dynamic Mean Reversion Agent,Ornstein-Uhlenbeck Generator,001,97,7.0
Dynamic Mean Reversion Agent,Ornstein-Uhlenbeck Generator,001,98,6.0
Dynamic Mean Reversion Agent,Ornstein-Uhlenbeck Generator,001,99,7.0
Dynamic Mean Reversion Agent,Ornstein-Uhlenbeck Generator,001,100,8.0
Dynamic Mean Reversion Agent,Ornstein-Uhlenbeck Generator,002,1,-1.0
Dynamic Mean Reversion Agent,Ornstein-Uhlenbeck Generator,002,2,0.0
Dynamic Mean Reversion Agent,Ornstein-Uhlenbeck Generator,002,3,1.0
Dynamic Mean Reversion Agent,Ornstein-Uhlenbeck Generator,002,4,2.0
Dynamic Mean Reversion Agent,Ornstein-Uhlenbeck Generator,002,5,3.0
Dynamic Mean Reversion Agent,Ornstein-Uhlenbeck Generator,002,6,2.0
Dynamic Mean Reversion Agent,Ornstein-Uhlenbeck Generator,002,7,1.0
Dynamic Mean Reversion Agent,Ornstein-Uhlenbeck Generator,002,8,0.0
Dynamic Mean Reversion Agent,Ornstein-Uhlenbeck Generator,002,9,-1.0
Dynamic Mean Reversion Agent,Ornstein-Uhlenbeck Generator,002,10,-2.0
Dynamic Mean Reversion Agent,Ornstein-Uhlenbeck Generator,002,11,-3.0
Dynamic Mean Reversion Agent,Ornstein-Uhlenbeck Generator,002,12,-4.0
Dynamic Mean Reversion Agent,Ornstein-Uhlenbeck Generator,002,13,-5.0
Dynamic Mean Reversion Agent,Ornstein-Uhlenbeck Generator,002,14,-6.0
Dynamic Mean Reversion Agent,Ornstein-Uhlenbeck Generator,002,15,-5.0
Dynamic Mean Reversion Agent,Ornstein-Uhlenbeck Generator,002,16,-4.0
Dynamic Mean Reversion Agent,Ornstein-Uhlenbeck Generator,002,17,-3.0
Dynamic Mean Reversion Agent,Ornstein-Uhlenbeck Generator,002,18,-2.0
Dynamic Mean Reversion Agent,Ornstein-Uhlenbeck Generator,002,19,-1.0
Dynamic Mean Reversion Agent,Ornstein-Uhlenbeck Generator,002,20,0.0
Dynamic Mean Reversion Agent,Ornstein-Uhlenbeck Generator,002,21,1.0
Dynamic Mean Reversion Agent,Ornstein-Uhlenbeck Generator,002,22,2.0
Dynamic Mean Reversion Agent,Ornstein-Uhlenbeck Generator,002,23,1.0
Dynamic Mean Reversion Agent,Ornstein-Uhlenbeck Generator,002,24,0.0
Dynamic Mean Reversion Agent,Ornstein-Uhlenbeck Generator,002,25,1.0
Dynamic Mean Reversion Agent,Ornstein-Uhlenbeck Generator,002,26,2.0
Dynamic Mean Reversion Agent,Ornstein-Uhlenbeck Generator,002,27,3.0
Dynamic Mean Reversion Agent,Ornstein-Uhlenbeck Generator,002,28,2.0
Dynamic Mean Reversion Agent,Ornstein-Uhlenbeck Generator,002,29,1.0
Dynamic Mean Reversion Agent,Ornstein-Uhlenbeck Generator,002,30,2.0
Dynamic Mean Reversion Agent,Ornstein-Uhlenbeck Generator,002,31,3.0
Dynamic Mean Reversion Agent,Ornstein-Uhlenbeck Generator,002,32,2.0
Dynamic Mean Reversion Agent,Ornstein-Uhlenbeck Generator,002,33,3.0
Dynamic Mean Reversion Agent,Ornstein-Uhlenbeck Generator,002,34,2.0
Dynamic Mean Reversion Agent,Ornstein-Uhlenbeck Generator,002,35,3.0
Dynamic Mean Reversion Agent,Ornstein-Uhlenbeck Generator,002,36,4.0
Dynamic Mean Reversion Agent,Ornstein-Uhlenbeck Generator,002,37,5.0
Dynamic Mean Reversion Agent,Ornstein-Uhlenbeck Generator,002,38,6.0
Dynamic Mean Reversion Agent,Ornstein-Uhlenbeck Generator,002,39,5.0
Dynamic Mean Reversion Agent,Ornstein-Uhlenbeck Generator,002,40,6.0
Dynamic Mean Reversion Agent,Ornstein-Uhlenbeck Generator,002,41,5.0
Dynamic Mean Reversion Agent,Ornstein-Uhlenbeck Generator,002,42,4.0
Dynamic Mean Reversion Agent,Ornstein-Uhlenbeck Generator,002,43,5.0
Dynamic Mean Reversion Agent,Ornstein-Uhlenbeck Generator,002,44,4.0
Dynamic Mean Reversion Agent,Ornstein-Uhlenbeck Generator,002,45,3.0
Dynamic Mean Reversion Agent,Ornstein-Uhlenbeck Generator,002,46,4.0
Dynamic Mean Reversion Agent,Ornstein-Uhlenbeck Generator,002,47,5.0
Dynamic Mean Reversion Agent,Ornstein-Uhlenbeck Generator,002,48,6.0
Dynamic Mean Reversion Agent,Ornstein-Uhlenbeck Generator,002,49,5.0
Dynamic Mean Reversion Agent,Ornstein-Uhlenbeck Generator,002,50,6.0
Dynamic Mean Reversion Agent,Ornstein-Uhlenbeck Generator,002,51,7.0
Dynamic Mean Reversion Agent,Ornstein-Uhlenbeck Generator,002,52,8.0
Dynamic Mean Reversion Agent,Ornstein-Uhlenbeck Generator,002,53,9.0
Dynamic Mean Reversion Agent,Ornstein-Uhlenbeck Generator,002,54,10.0
Dynamic Mean Reversion Agent,Ornstein-Uhlenbeck Generator,002,55,9.0
Dynamic Mean Reversion Agent,Ornstein-Uhlenbeck Generator,002,56,8.0
Dynamic Mean Reversion Agent,Ornstein-Uhlenbeck Generator,002,57,7.0
Dynamic Mean Reversion Agent,Ornstein-Uhlenbeck Generator,002,58,6.0
Dynamic Mean Reversion Agent,Ornstein-Uhlenbeck Generator,002,59,5.0
Dynamic Mean Reversion Agent,Ornstein-Uhlenbeck Generator,002,60,4.0
Dynamic Mean Reversion Agent,Ornstein-Uhlenbeck Generator,002,61,5.0
Dynamic Mean Reversion Agent,Ornstein-Uhlenbeck Generator,002,62,4.0
Dynamic Mean Reversion Agent,Ornstein-Uhlenbeck Generator,002,63,3.0
Dynamic Mean Reversion Agent,Ornstein-Uhlenbeck Generator,002,64,4.0
Dynamic Mean Reversion Agent,Ornstein-Uhlenbeck Generator,002,65,5.0
Dynamic Mean Reversion Agent,Ornstein-Uhlenbeck Generator,002,66,4.0
Dynamic Mean Reversion Agent,Ornstein-Uhlenbeck Generator,002,67,3.0
Dynamic Mean Reversion Agent,Ornstein-Uhlenbeck Generator,002,68,4.0
Dynamic Mean Reversion Agent,Ornstein-Uhlenbeck Generator,002,69,3.0
Dynamic Mean Reversion Agent,Ornstein-Uhlenbeck Generator,002,70,2.0
Dynamic Mean Reversion Agent,Ornstein-Uhlenbeck Generator,002,71,3.0
Dynamic Mean Reversion Agent,Ornstein-Uhlenbeck Generator,002,72,4.0
Dynamic Mean Reversion Agent,Ornstein-Uhlenbeck Generator,002,73,5.0
Dynamic Mean Reversion Agent,Ornstein-Uhlenbeck Generator,002,74,6.0
Dynamic Mean Reversion Agent,Ornstein-Uhlenbeck Generator,002,75,5.0
Dynamic Mean Reversion Agent,Ornstein-Uhlenbeck Generator,002,76,6.0
Dynamic Mean Reversion Agent,Ornstein-Uhlenbeck Generator,002,77,7.0
Dynamic Mean Reversion Agent,Ornstein-Uhlenbeck Generator,002,78,6.0
Dynamic Mean Reversion Agent,Ornstein-Uhlenbeck Generator,002,79,5.0
Dynamic Mean Reversion Agent,Ornstein-Uhlenbeck Generator,002,80,6.0
Dynamic Mean Reversion Agent,Ornstein-Uhlenbeck Generator,002,81,5.0
Dynamic Mean Reversion Agent,Ornstein-Uhlenbeck Generator,002,82,6.0
Dynamic Mean Reversion Agent,Ornstein-Uhlenbeck Generator,002,83,5.0
Dynamic Mean Reversion Agent,Ornstein-Uhlenbeck Generator,002,84,6.0
Dynamic Mean Reversion Agent,Ornstein-Uhlenbeck Generator,002,85,7.0
Dynamic Mean Reversion Agent,Ornstein-Uhlenbeck Generator,002,86,6.0
Dynamic Mean Reversion Agent,Ornstein-Uhlenbeck Generator,002,87,7.0
Dynamic Mean Reversion Agent,Ornstein-Uhlenbeck Generator,002,88,8.0
Dynamic Mean Reversion Agent,Ornstein-Uhlenbeck Generator,002,89,9.0
Dynamic Mean Reversion Agent,Ornstein-Uhlenbeck Generator,002,90,10.0
Dynamic Mean Reversion Agent,Ornstein-Uhlenbeck Generator,002,91,9.0
Dynamic Mean Reversion Agent,Ornstein-Uhlenbeck Generator,002,92,8.0
Dynamic Mean Reversion Agent,Ornstein-Uhlenbeck Generator,002,93,9.0
Dynamic Mean Reversion Agent,Ornstein-Uhlenbeck Generator,002,94,8.0
Dynamic Mean Reversion Agent,Ornstein-Uhlenbeck Generator,002,95,9.0
Dynamic Mean Reversion Agent,Ornstein-Uhlenbeck Generator,002,96,8.0
Dynamic Mean Reversion Agent,Ornstein-Uhlenbeck Generator,002,97,7.0
Dynamic Mean Reversion Agent,Ornstein-Uhlenbeck Generator,002,98,8.0
Dynamic Mean Reversion Agent,Ornstein-Uhlenbeck Generator,002,99,7.0
Dynamic Mean Reversion Agent,Ornstein-Uhlenbeck Generator,002,100,6.0
Dynamic Mean Reversion Agent,Ornstein-Uhlenbeck Generator,003,1,-1.0
Dynamic Mean Reversion Agent,Ornstein-Uhlenbeck Generator,003,2,0.0
Dynamic Mean Reversion Agent,Ornstein-Uhlenbeck Generator,003,3,1.0
Dynamic Mean Reversion Agent,Ornstein-Uhlenbeck Generator,003,4,2.0
Dynamic Mean Reversion Agent,Ornstein-Uhlenbeck Generator,003,5,3.0
Dynamic Mean Reversion Agent,Ornstein-Uhlenbeck Generator,003,6,2.0
Dynamic Mean Reversion Agent,Ornstein-Uhlenbeck Generator,003,7,1.0
Dynamic Mean Reversion Agent,Ornstein-Uhlenbeck Generator,003,8,0.0
Dynamic Mean Reversion Agent,Ornstein-Uhlenbeck Generator,003,9,-1.0
Dynamic Mean Reversion Agent,Ornstein-Uhlenbeck Generator,003,10,-2.0
Dynamic Mean Reversion Agent,Ornstein-Uhlenbeck Generator,003,11,-3.0
Dynamic Mean Reversion Agent,Ornstein-Uhlenbeck Generator,003,12,-4.0
Dynamic Mean Reversion Agent,Ornstein-Uhlenbeck Generator,003,13,-5.0
Dynamic Mean Reversion Agent,Ornstein-Uhlenbeck Generator,003,14,-6.0
Dynamic Mean Reversion Agent,Ornstein-Uhlenbeck Generator,003,15,-5.0
Dynamic Mean Reversion Agent,Ornstein-Uhlenbeck Generator,003,16,-6.0
Dynamic Mean Reversion Agent,Ornstein-Uhlenbeck Generator,003,17,-5.0
Dynamic Mean Reversion Agent,Ornstein-Uhlenbeck Generator,003,18,-4.0
Dynamic Mean Reversion Agent,Ornstein-Uhlenbeck Generator,003,19,-3.0
Dynamic Mean Reversion Agent,Ornstein-Uhlenbeck Generator,003,20,-2.0
Dynamic Mean Reversion Agent,Ornstein-Uhlenbeck Generator,003,21,-1.0
Dynamic Mean Reversion Agent,Ornstein-Uhlenbeck Generator,003,22,-2.0
Dynamic Mean Reversion Agent,Ornstein-Uhlenbeck Generator,003,23,-3.0
Dynamic Mean Reversion Agent,Ornstein-Uhlenbeck Generator,003,24,-2.0
Dynamic Mean Reversion Agent,Ornstein-Uhlenbeck Generator,003,25,-1.0
Dynamic Mean Reversion Agent,Ornstein-Uhlenbeck Generator,003,26,0.0
Dynamic Mean Reversion Agent,Ornstein-Uhlenbeck Generator,003,27,-1.0
Dynamic Mean Reversion Agent,Ornstein-Uhlenbeck Generator,003,28,-2.0
Dynamic Mean Reversion Agent,Ornstein-Uhlenbeck Generator,003,29,-1.0
Dynamic Mean Reversion Agent,Ornstein-Uhlenbeck Generator,003,30,0.0
Dynamic Mean Reversion Agent,Ornstein-Uhlenbeck Generator,003,31,-1.0
Dynamic Mean Reversion Agent,Ornstein-Uhlenbeck Generator,003,32,0.0
Dynamic Mean Reversion Agent,Ornstein-Uhlenbeck Generator,003,33,1.0
Dynamic Mean Reversion Agent,Ornstein-Uhlenbeck Generator,003,34,0.0
Dynamic Mean Reversion Agent,Ornstein-Uhlenbeck Generator,003,35,-1.0
Dynamic Mean Reversion Agent,Ornstein-Uhlenbeck Generator,003,36,0.0
Dynamic Mean Reversion Agent,Ornstein-Uhlenbeck Generator,003,37,1.0
Dynamic Mean Reversion Agent,Ornstein-Uhlenbeck Generator,003,38,2.0
Dynamic Mean Reversion Agent,Ornstein-Uhlenbeck Generator,003,39,1.0
Dynamic Mean Reversion Agent,Ornstein-Uhlenbeck Generator,003,40,2.0
Dynamic Mean Reversion Agent,Ornstein-Uhlenbeck Generator,003,41,1.0
Dynamic Mean Reversion Agent,Ornstein-Uhlenbeck Generator,003,42,2.0
Dynamic Mean Reversion Agent,Ornstein-Uhlenbeck Generator,003,43,3.0
Dynamic Mean Reversion Agent,Ornstein-Uhlenbeck Generator,003,44,4.0
Dynamic Mean Reversion Agent,Ornstein-Uhlenbeck Generator,003,45,5.0
Dynamic Mean Reversion Agent,Ornstein-Uhlenbeck Generator,003,46,4.0
Dynamic Mean Reversion Agent,Ornstein-Uhlenbeck Generator,003,47,3.0
Dynamic Mean Reversion Agent,Ornstein-Uhlenbeck Generator,003,48,4.0
Dynamic Mean Reversion Agent,Ornstein-Uhlenbeck Generator,003,49,5.0
Dynamic Mean Reversion Agent,Ornstein-Uhlenbeck Generator,003,50,6.0
Dynamic Mean Reversion Agent,Ornstein-Uhlenbeck Generator,003,51,5.0
Dynamic Mean Reversion Agent,Ornstein-Uhlenbeck Generator,003,52,6.0
Dynamic Mean Reversion Agent,Ornstein-Uhlenbeck Generator,003,53,5.0
Dynamic Mean Reversion Agent,Ornstein-Uhlenbeck Generator,003,54,6.0
Dynamic Mean Reversion Agent,Ornstein-Uhlenbeck Generator,003,55,7.0
Dynamic Mean Reversion Agent,Ornstein-Uhlenbeck Generator,003,56,8.0
Dynamic Mean Reversion Agent,Ornstein-Uhlenbeck Generator,003,57,9.0
Dynamic Mean Reversion Agent,Ornstein-Uhlenbeck Generator,003,58,10.0
Dynamic Mean Reversion Agent,Ornstein-Uhlenbeck Generator,003,59,11.0
Dynamic Mean Reversion Agent,Ornstein-Uhlenbeck Generator,003,60,10.0
Dynamic Mean Reversion Agent,Ornstein-Uhlenbeck Generator,003,61,9.0
Dynamic Mean Reversion Agent,Ornstein-Uhlenbeck Generator,003,62,10.0
Dynamic Mean Reversion Agent,Ornstein-Uhlenbeck Generator,003,63,9.0
Dynamic Mean Reversion Agent,Ornstein-Uhlenbeck Generator,003,64,8.0
Dynamic Mean Reversion Agent,Ornstein-Uhlenbeck Generator,003,65,9.0
Dynamic Mean Reversion Agent,Ornstein-Uhlenbeck Generator,003,66,8.0
Dynamic Mean Reversion Agent,Ornstein-Uhlenbeck Generator,003,67,9.0
Dynamic Mean Reversion Agent,Ornstein-Uhlenbeck Generator,003,68,8.0
Dynamic Mean Reversion Agent,Ornstein-Uhlenbeck Generator,003,69,7.0
Dynamic Mean Reversion Agent,Ornstein-Uhlenbeck Generator,003,70,8.0
Dynamic Mean Reversion Agent,Ornstein-Uhlenbeck Generator,003,71,9.0
Dynamic Mean Reversion Agent,Ornstein-Uhlenbeck Generator,003,72,10.0
Dynamic Mean Reversion Agent,Ornstein-Uhlenbeck Generator,003,73,11.0
Dynamic Mean Reversion Agent,Ornstein-Uhlenbeck Generator,003,74,12.0
Dynamic Mean Reversion Agent,Ornstein-Uhlenbeck Generator,003,75,13.0
Dynamic Mean Reversion Agent,Ornstein-Uhlenbeck Generator,003,76,14.0
Dynamic Mean Reversion Agent,Ornstein-Uhlenbeck Generator,003,77,13.0
Dynamic Mean Reversion Agent,Ornstein-Uhlenbeck Generator,003,78,14.0
Dynamic Mean Reversion Agent,Ornstein-Uhlenbeck Generator,003,79,13.0
Dynamic Mean Reversion Agent,Ornstein-Uhlenbeck Generator,003,80,14.0
Dynamic Mean Reversion Agent,Ornstein-Uhlenbeck Generator,003,81,13.0
Dynamic Mean Reversion Agent,Ornstein-Uhlenbeck Generator,003,82,14.0
Dynamic Mean Reversion Agent,Ornstein-Uhlenbeck Generator,003,83,15.0
Dynamic Mean Reversion Agent,Ornstein-Uhlenbeck Generator,003,84,14.0
Dynamic Mean Reversion Agent,Ornstein-Uhlenbeck Generator,003,85,13.0
Dynamic Mean Reversion Agent,Ornstein-Uhlenbeck Generator,003,86,12.0
Dynamic Mean Reversion Agent,Ornstein-Uhlenbeck Generator,003,87,11.0
Dynamic Mean Reversion Agent,Ornstein-Uhlenbeck Generator,003,88,10.0
Dynamic Mean Reversion Agent,Ornstein-Uhlenbeck Generator,003,89,9.0
Dynamic Mean Reversion Agent,Ornstein-Uhlenbeck Generator,003,90,8.0
Dynamic Mean Reversion Agent,Ornstein-Uhlenbeck Generator,003,91,9.0
Dynamic Mean Reversion Agent,Ornstein-Uhlenbeck Generator,003,92,8.0
Dynamic Mean Reversion Agent,Ornstein-Uhlenbeck Generator,003,93,9.0
Dynamic Mean Reversion Agent,Ornstein-Uhlenbeck Generator,003,94,8.0
Dynamic Mean Reversion Agent,Ornstein-Uhlenbeck Generator,003,95,9.0
Dynamic Mean Reversion Agent,Ornstein-Uhlenbeck Generator,003,96,8.0
Dynamic Mean Reversion Agent,Ornstein-Uhlenbeck Generator,003,97,7.0
Dynamic Mean Reversion Agent,Ornstein-Uhlenbeck Generator,003,98,6.0
Dynamic Mean Reversion Agent,Ornstein-Uhlenbeck Generator,003,99,7.0
Dynamic Mean Reversion Agent,Ornstein-Uhlenbeck Generator,003,100,8.0
Dynamic Mean Reversion Agent,Periodic Trend Generator,001,1,-1.0
Dynamic Mean Reversion Agent,Periodic Trend Generator,001,2,-2.0
Dynamic Mean Reversion Agent,Periodic Trend Generator,001,3,-3.0
Dynamic Mean Reversion Agent,Periodic Trend Generator,001,4,-4.0
Dynamic Mean Reversion Agent,Periodic Trend Generator,001,5,-5.0
Dynamic Mean Reversion Agent,Periodic Trend Generator,001,6,-6.0
Dynamic Mean Reversion Agent,Periodic Trend Generator,001,7,-7.0
Dynamic Mean Reversion Agent,Periodic Trend Generator,001,8,-8.0
Dynamic Mean Reversion Agent,Periodic Trend Generator,001,9,-9.0
Dynamic Mean Reversion Agent,Periodic Trend Generator,001,10,-10.0
Dynamic Mean Reversion Agent,Periodic Trend Generator,001,11,-11.0
Dynamic Mean Reversion Agent,Periodic Trend Generator,001,12,-12.0
Dynamic Mean Reversion Agent,Periodic Trend Generator,001,13,-13.0
Dynamic Mean Reversion Agent,Periodic Trend Generator,001,14,-14.0
Dynamic Mean Reversion Agent,Periodic Trend Generator,001,15,-15.0
Dynamic Mean Reversion Agent,Periodic Trend Generator,001,16,-16.0
Dynamic Mean Reversion Agent,Periodic Trend Generator,001,17,-17.0
Dynamic Mean Reversion Agent,Periodic Trend Generator,001,18,-16.0
Dynamic Mean Reversion Agent,Periodic Trend Generator,001,19,-15.0
Dynamic Mean Reversion Agent,Periodic Trend Generator,001,20,-16.0
Dynamic Mean Reversion Agent,Periodic Trend Generator,001,21,-17.0
Dynamic Mean Reversion Agent,Periodic Trend Generator,001,22,-18.0
Dynamic Mean Reversion Agent,Periodic Trend Generator,001,23,-19.0
Dynamic Mean Reversion Agent,Periodic Trend Generator,001,24,-20.0
Dynamic Mean Reversion Agent,Periodic Trend Generator,001,25,-21.0
Dynamic Mean Reversion Agent,Periodic Trend Generator,001,26,-22.0
Dynamic Mean Reversion Agent,Periodic Trend Generator,001,27,-23.0
Dynamic Mean Reversion Agent,Periodic Trend Generator,001,28,-24.0
Dynamic Mean Reversion Agent,Periodic Trend Generator,001,29,-25.0
Dynamic Mean Reversion Agent,Periodic Trend Generator,001,30,-26.0
Dynamic Mean Reversion Agent,Periodic Trend Generator,001,31,-27.0
Dynamic Mean Reversion Agent,Periodic Trend Generator,001,32,-28.0
Dynamic Mean Reversion Agent,Periodic Trend Generator,001,33,-29.0
Dynamic Mean Reversion Agent,Periodic Trend Generator,001,34,-30.0
Dynamic Mean Reversion Agent,Periodic Trend Generator,001,35,-31.0
Dynamic Mean Reversion Agent,Periodic Trend Generator,001,36,-32.0
Dynamic Mean Reversion Agent,Periodic Trend Generator,001,37,-33.0
Dynamic Mean Reversion Agent,Periodic Trend Generator,001,38,-34.0
Dynamic Mean Reversion Agent,Periodic Trend Generator,001,39,-35.0
Dynamic Mean Reversion Agent,Periodic Trend Generator,001,40,-36.0
Dynamic Mean Reversion Agent,Periodic Trend Generator,001,41,-37.0
Dynamic Mean Reversion Agent,Periodic Trend Generator,001,42,-38.0
Dynamic Mean Reversion Agent,Periodic Trend Generator,001,43,-39.0
Dynamic Mean Reversion Agent,Periodic Trend Generator,001,44,-40.0
Dynamic Mean Reversion Agent,Periodic Trend Generator,001,45,-41.0
Dynamic Mean Reversion Agent,Periodic Trend Generator,001,46,-42.0
Dynamic Mean Reversion Agent,Periodic Trend Generator,001,47,-43.0
Dynamic Mean Reversion Agent,Periodic Trend Generator,001,48,-44.0
Dynamic Mean Reversion Agent,Periodic Trend Generator,001,49,-43.0
Dynamic Mean Reversion Agent,Periodic Trend Generator,001,50,-42.0
Dynamic Mean Reversion Agent,Periodic Trend Generator,001,51,-43.0
Dynamic Mean Reversion Agent,Periodic Trend Generator,001,52,-44.0
Dynamic Mean Reversion Agent,Periodic Trend Generator,001,53,-45.0
Dynamic Mean Reversion Agent,Periodic Trend Generator,001,54,-46.0
Dynamic Mean Reversion Agent,Periodic Trend Generator,001,55,-47.0
Dynamic Mean Reversion Agent,Periodic Trend Generator,001,56,-48.0
Dynamic Mean Reversion Agent,Periodic Trend Generator,001,57,-49.0
Dynamic Mean Reversion Agent,Periodic Trend Generator,001,58,-50.0
Dynamic Mean Reversion Agent,Periodic Trend Generator,001,59,-51.0
Dynamic Mean Reversion Agent,Periodic Trend Generator,001,60,-52.0
Dynamic Mean Reversion Agent,Periodic Trend Generator,001,61,-53.0
Dynamic Mean Reversion Agent,Periodic Trend Generator,001,62,-54.0
Dynamic Mean Reversion Agent,Periodic Trend Generator,001,63,-55.0
Dynamic Mean Reversion Agent,Periodic Trend Generator,001,64,-56.0
Dynamic Mean Reversion Agent,Periodic Trend Generator,001,65,-57.0
Dynamic Mean Reversion Agent,Periodic Trend Generator,001,66,-58.0
Dynamic Mean Reversion Agent,Periodic Trend Generator,001,67,-59.0
Dynamic Mean Reversion Agent,Periodic Trend Generator,001,68,-60.0
Dynamic Mean Reversion Agent,Periodic Trend Generator,001,69,-61.0
Dynamic Mean Reversion Agent,Periodic Trend Generator,001,70,-62.0
Dynamic Mean Reversion Agent,Periodic Trend Generator,001,71,-63.0
Dynamic Mean Reversion Agent,Periodic Trend Generator,001,72,-64.0
Dynamic Mean Reversion Agent,Periodic Trend Generator,001,73,-65.0
Dynamic Mean Reversion Agent,Periodic Trend Generator,001,74,-66.0
Dynamic Mean Reversion Agent,Periodic Trend Generator,001,75,-67.0
Dynamic Mean Reversion Agent,Periodic Trend Generator,001,76,-68.0
Dynamic Mean Reversion Agent,Periodic Trend Generator,001,77,-69.0
Dynamic Mean Reversion Agent,Periodic Trend Generator,001,78,-70.0
Dynamic Mean Reversion Agent,Periodic Trend Generator,001,79,-71.0
Dynamic Mean Reversion Agent,Periodic Trend Generator,001,80,-72.0
Dynamic Mean Reversion Agent,Periodic Trend Generator,001,81,-71.0
Dynamic Mean Reversion Agent,Periodic Trend Generator,001,82,-70.0
Dynamic Mean Reversion Agent,Periodic Trend Generator,001,83,-71.0
Dynamic Mean Reversion Agent,Periodic Trend Generator,001,84,-72.0
Dynamic Mean Reversion Agent,Periodic Trend Generator,001,85,-73.0
Dynamic Mean Reversion Agent,Periodic Trend Generator,001,86,-74.0
Dynamic Mean Reversion Agent,Periodic Trend Generator,001,87,-75.0
Dynamic Mean Reversion Agent,Periodic Trend Generator,001,88,-76.0
Dynamic Mean Reversion Agent,Periodic Trend Generator,001,89,-77.0
Dynamic Mean Reversion Agent,Periodic Trend Generator,001,90,-78.0
Dynamic Mean Reversion Agent,Periodic Trend Generator,001,91,-79.0
Dynamic Mean Reversion Agent,Periodic Trend Generator,001,92,-80.0
Dynamic Mean Reversion Agent,Periodic Trend Generator,001,93,-81.0
Dynamic Mean Reversion Agent,Periodic Trend Generator,001,94,-82.0
Dynamic Mean Reversion Agent,Periodic Trend Generator,001,95,-83.0
Dynamic Mean Reversion Agent,Periodic Trend Generator,001,96,-84.0
Dynamic Mean Reversion Agent,Periodic Trend Generator,001,97,-85.0
Dynamic Mean Reversion Agent,Periodic Trend Generator,001,98,-86.0
Dynamic Mean Reversion Agent,Periodic Trend Generator,001,99,-87.0
Dynamic Mean Reversion Agent,Periodic Trend Generator,001,100,-88.0
Dynamic Mean Reversion Agent,Periodic Trend Generator,002,1,-1.0
Dynamic Mean Reversion Agent,Periodic Trend Generator,002,2,-2.0
Dynamic Mean Reversion Agent,Periodic Trend Generator,002,3,-3.0
Dynamic Mean Reversion Agent,Periodic Trend Generator,002,4,-4.0
Dynamic Mean Reversion Agent,Periodic Trend Generator,002,5,-5.0
Dynamic Mean Reversion Agent,Periodic Trend Generator,002,6,-6.0
Dynamic Mean Reversion Agent,Periodic Trend Generator,002,7,-7.0
Dynamic Mean Reversion Agent,Periodic Trend Generator,002,8,-8.0
Dynamic Mean Reversion Agent,Periodic Trend Generator,002,9,-9.0
Dynamic Mean Reversion Agent,Periodic Trend Generator,002,10,-10.0
Dynamic Mean Reversion Agent,Periodic Trend Generator,002,11,-11.0
Dynamic Mean Reversion Agent,Periodic Trend Generator,002,12,-12.0
Dynamic Mean Reversion Agent,Periodic Trend Generator,002,13,-13.0
Dynamic Mean Reversion Agent,Periodic Trend Generator,002,14,-14.0
Dynamic Mean Reversion Agent,Periodic Trend Generator,002,15,-15.0
Dynamic Mean Reversion Agent,Periodic Trend Generator,002,16,-16.0
Dynamic Mean Reversion Agent,Periodic Trend Generator,002,17,-17.0
Dynamic Mean Reversion Agent,Periodic Trend Generator,002,18,-16.0
Dynamic Mean Reversion Agent,Periodic Trend Generator,002,19,-15.0
Dynamic Mean Reversion Agent,Periodic Trend Generator,002,20,-16.0
Dynamic Mean Reversion Agent,Periodic Trend Generator,002,21,-17.0
Dynamic Mean Reversion Agent,Periodic Trend Generator,002,22,-18.0
Dynamic Mean Reversion Agent,Periodic Trend Generator,002,23,-19.0
Dynamic Mean Reversion Agent,Periodic Trend Generator,002,24,-20.0
Dynamic Mean Reversion Agent,Periodic Trend Generator,002,25,-21.0
Dynamic Mean Reversion Agent,Periodic Trend Generator,002,26,-22.0
Dynamic Mean Reversion Agent,Periodic Trend Generator,002,27,-23.0
Dynamic Mean Reversion Agent,Periodic Trend Generator,002,28,-24.0
Dynamic Mean Reversion Agent,Periodic Trend Generator,002,29,-25.0
Dynamic Mean Reversion Agent,Periodic Trend Generator,002,30,-26.0
Dynamic Mean Reversion Agent,Periodic Trend Generator,002,31,-27.0
Dynamic Mean Reversion Agent,Periodic Trend Generator,002,32,-28.0
Dynamic Mean Reversion Agent,Periodic Trend Generator,002,33,-29.0
Dynamic Mean Reversion Agent,Periodic Trend Generator,002,34,-30.0
Dynamic Mean Reversion Agent,Periodic Trend Generator,002,35,-31.0
Dynamic Mean Reversion Agent,Periodic Trend Generator,002,36,-32.0
Dynamic Mean Reversion Agent,Periodic Trend Generator,002,37,-33.0
Dynamic Mean Reversion Agent,Periodic Trend Generator,002,38,-34.0
Dynamic Mean Reversion Agent,Periodic Trend Generator,002,39,-35.0
Dynamic Mean Reversion Agent,Periodic Trend Generator,002,40,-36.0
Dynamic Mean Reversion Agent,Periodic Trend Generator,002,41,-37.0
Dynamic Mean Reversion Agent,Periodic Trend Generator,002,42,-38.0
Dynamic Mean Reversion Agent,Periodic Trend Generator,002,43,-39.0
Dynamic Mean Reversion Agent,Periodic Trend Generator,002,44,-40.0
Dynamic Mean Reversion Agent,Periodic Trend Generator,002,45,-41.0
Dynamic Mean Reversion Agent,Periodic Trend Generator,002,46,-42.0
Dynamic Mean Reversion Agent,Periodic Trend Generator,002,47,-43.0
Dynamic Mean Reversion Agent,Periodic Trend Generator,002,48,-44.0
Dynamic Mean Reversion Agent,Periodic Trend Generator,002,49,-43.0
Dynamic Mean Reversion Agent,Periodic Trend Generator,002,50,-42.0
Dynamic Mean Reversion Agent,Periodic Trend Generator,002,51,-43.0
Dynamic Mean Reversion Agent,Periodic Trend Generator,002,52,-44.0
Dynamic Mean Reversion Agent,Periodic Trend Generator,002,53,-45.0
Dynamic Mean Reversion Agent,Periodic Trend Generator,002,54,-46.0
Dynamic Mean Reversion Agent,Periodic Trend Generator,002,55,-47.0
Dynamic Mean Reversion Agent,Periodic Trend Generator,002,56,-48.0
Dynamic Mean Reversion Agent,Periodic Trend Generator,002,57,-49.0
Dynamic Mean Reversion Agent,Periodic Trend Generator,002,58,-50.0
Dynamic Mean Reversion Agent,Periodic Trend Generator,002,59,-51.0
Dynamic Mean Reversion Agent,Periodic Trend Generator,002,60,-52.0
Dynamic Mean Reversion Agent,Periodic Trend Generator,002,61,-53.0
Dynamic Mean Reversion Agent,Periodic Trend Generator,002,62,-54.0
Dynamic Mean Reversion Agent,Periodic Trend Generator,002,63,-55.0
Dynamic Mean Reversion Agent,Periodic Trend Generator,002,64,-56.0
Dynamic Mean Reversion Agent,Periodic Trend Generator,002,65,-57.0
Dynamic Mean Reversion Agent,Periodic Trend Generator,002,66,-58.0
Dynamic Mean Reversion Agent,Periodic Trend Generator,002,67,-59.0
Dynamic Mean Reversion Agent,Periodic Trend Generator,002,68,-60.0
Dynamic Mean Reversion Agent,Periodic Trend Generator,002,69,-61.0
Dynamic Mean Reversion Agent,Periodic Trend Generator,002,70,-62.0
Dynamic Mean Reversion Agent,Periodic Trend Generator,002,71,-63.0
Dynamic Mean Reversion Agent,Periodic Trend Generator,002,72,-64.0
Dynamic Mean Reversion Agent,Periodic Trend Generator,002,73,-65.0
Dynamic Mean Reversion Agent,Periodic Trend Generator,002,74,-66.0
Dynamic Mean Reversion Agent,Periodic Trend Generator,002,75,-67.0
Dynamic Mean Reversion Agent,Periodic Trend Generator,002,76,-68.0
Dynamic Mean Reversion Agent,Periodic Trend Generator,002,77,-69.0
Dynamic Mean Reversion Agent,Periodic Trend Generator,002,78,-70.0
Dynamic Mean Reversion Agent,Periodic Trend Generator,002,79,-71.0
Dynamic Mean Reversion Agent,Periodic Trend Generator,002,80,-72.0
Dynamic Mean Reversion Agent,Periodic Trend Generator,002,81,-71.0
Dynamic Mean Reversion Agent,Periodic Trend Generator,002,82,-70.0
Dynamic Mean Reversion Agent,Periodic Trend Generator,002,83,-71.0
Dynamic Mean Reversion Agent,Periodic Trend Generator,002,84,-72.0
Dynamic Mean Reversion Agent,Periodic Trend Generator,002,85,-73.0
Dynamic Mean Reversion Agent,Periodic Trend Generator,002,86,-74.0
Dynamic Mean Reversion Agent,Periodic Trend Generator,002,87,-75.0
Dynamic Mean Reversion Agent,Periodic Trend Generator,002,88,-76.0
Dynamic Mean Reversion Agent,Periodic Trend Generator,002,89,-77.0
Dynamic Mean Reversion Agent,Periodic Trend Generator,002,90,-78.0
Dynamic Mean Reversion Agent,Periodic Trend Generator,002,91,-79.0
Dynamic Mean Reversion Agent,Periodic Trend Generator,002,92,-80.0
Dynamic Mean Reversion Agent,Periodic Trend Generator,002,93,-81.0
Dynamic Mean Reversion Agent,Periodic Trend Generator,002,94,-82.0
Dynamic Mean Reversion Agent,Periodic Trend Generator,002,95,-83.0
Dynamic Mean Reversion Agent,Periodic Trend Generator,002,96,-84.0
Dynamic Mean Reversion Agent,Periodic Trend Generator,002,97,-85.0
Dynamic Mean Reversion Agent,Periodic Trend Generator,002,98,-86.0
Dynamic Mean Reversion Agent,Periodic Trend Generator,002,99,-87.0
Dynamic Mean Reversion Agent,Periodic Trend Generator,002,100,-88.0
Dynamic Mean Reversion Agent,Periodic Trend Generator,003,1,-1.0
Dynamic Mean Reversion Agent,Periodic Trend Generator,003,2,-2.0
Dynamic Mean Reversion Agent,Periodic Trend Generator,003,3,-3.0
Dynamic Mean Reversion Agent,Periodic Trend Generator,003,4,-4.0
Dynamic Mean Reversion Agent,Periodic Trend Generator,003,5,-5.0
Dynamic Mean Reversion Agent,Periodic Trend Generator,003,6,-6.0
Dynamic Mean Reversion Agent,Periodic Trend Generator,003,7,-7.0
Dynamic Mean Reversion Agent,Periodic Trend Generator,003,8,-8.0
Dynamic Mean Reversion Agent,Periodic Trend Generator,003,9,-9.0
Dynamic Mean Reversion Agent,Periodic Trend Generator,003,10,-10.0
Dynamic Mean Reversion Agent,Periodic Trend Generator,003,11,-11.0
Dynamic Mean Reversion Agent,Periodic Trend Generator,003,12,-12.0
Dynamic Mean Reversion Agent,Periodic Trend Generator,003,13,-13.0
Dynamic Mean Reversion Agent,Periodic Trend Generator,003,14,-14.0
Dynamic Mean Reversion Agent,Periodic Trend Generator,003,15,-15.0
Dynamic Mean Reversion Agent,Periodic Trend Generator,003,16,-16.0
Dynamic Mean Reversion Agent,Periodic Trend Generator,003,17,-17.0
Dynamic Mean Reversion Agent,Periodic Trend Generator,003,18,-16.0
Dynamic Mean Reversion Agent,Periodic Trend Generator,003,19,-15.0
Dynamic Mean Reversion Agent,Periodic Trend Generator,003,20,-16.0
Dynamic Mean Reversion Agent,Periodic Trend Generator,003,21,-17.0
Dynamic Mean Reversion Agent,Periodic Trend Generator,003,22,-18.0
Dynamic Mean Reversion Agent,Periodic Trend Generator,003,23,-19.0
Dynamic Mean Reversion Agent,Periodic Trend Generator,003,24,-20.0
Dynamic Mean Reversion Agent,Periodic Trend Generator,003,25,-21.0
Dynamic Mean Reversion Agent,Periodic Trend Generator,003,26,-22.0
Dynamic Mean Reversion Agent,Periodic Trend Generator,003,27,-23.0
Dynamic Mean Reversion Agent,Periodic Trend Generator,003,28,-24.0
Dynamic Mean Reversion Agent,Periodic Trend Generator,003,29,-25.0
Dynamic Mean Reversion Agent,Periodic Trend Generator,003,30,-26.0
Dynamic Mean Reversion Agent,Periodic Trend Generator,003,31,-27.0
Dynamic Mean Reversion Agent,Periodic Trend Generator,003,32,-28.0
Dynamic Mean Reversion Agent,Periodic Trend Generator,003,33,-29.0
Dynamic Mean Reversion Agent,Periodic Trend Generator,003,34,-30.0
Dynamic Mean Reversion Agent,Periodic Trend Generator,003,35,-31.0
Dynamic Mean Reversion Agent,Periodic Trend Generator,003,36,-32.0
Dynamic Mean Reversion Agent,Periodic Trend Generator,003,37,-33.0
Dynamic Mean Reversion Agent,Periodic Trend Generator,003,38,-34.0
Dynamic Mean Reversion Agent,Periodic Trend Generator,003,39,-35.0
Dynamic Mean Reversion Agent,Periodic Trend Generator,003,40,-36.0
Dynamic Mean Reversion Agent,Periodic Trend Generator,003,41,-37.0
Dynamic Mean Reversion Agent,Periodic Trend Generator,003,42,-38.0
Dynamic Mean Reversion Agent,Periodic Trend Generator,003,43,-39.0
Dynamic Mean Reversion Agent,Periodic Trend Generator,003,44,-40.0
Dynamic Mean Reversion Agent,Periodic Trend Generator,003,45,-41.0
Dynamic Mean Reversion Agent,Periodic Trend Generator,003,46,-42.0
Dynamic Mean Reversion Agent,Periodic Trend Generator,003,47,-43.0
Dynamic Mean Reversion Agent,Periodic Trend Generator,003,48,-44.0
Dynamic Mean Reversion Agent,Periodic Trend Generator,003,49,-43.0
Dynamic Mean Reversion Agent,Periodic Trend Generator,003,50,-42.0
Dynamic Mean Reversion Agent,Periodic Trend Generator,003,51,-43.0
Dynamic Mean Reversion Agent,Periodic Trend Generator,003,52,-44.0
Dynamic Mean Reversion Agent,Periodic Trend Generator,003,53,-45.0
Dynamic Mean Reversion Agent,Periodic Trend Generator,003,54,-46.0
Dynamic Mean Reversion Agent,Periodic Trend Generator,003,55,-47.0
Dynamic Mean Reversion Agent,Periodic Trend Generator,003,56,-48.0
Dynamic Mean Reversion Agent,Periodic Trend Generator,003,57,-49.0
Dynamic Mean Reversion Agent,Periodic Trend Generator,003,58,-50.0
Dynamic Mean Reversion Agent,Periodic Trend Generator,003,59,-51.0
Dynamic Mean Reversion Agent,Periodic Trend Generator,003,60,-52.0
Dynamic Mean Reversion Agent,Periodic Trend Generator,003,61,-53.0
Dynamic Mean Reversion Agent,Periodic Trend Generator,003,62,-54.0
Dynamic Mean Reversion Agent,Periodic Trend Generator,003,63,-55.0
Dynamic Mean Reversion Agent,Periodic Trend Generator,003,64,-56.0
Dynamic Mean Reversion Agent,Periodic Trend Generator,003,65,-57.0
Dynamic Mean Reversion Agent,Periodic Trend Generator,003,66,-58.0
Dynamic Mean Reversion Agent,Periodic Trend Generator,003,67,-59.0
Dynamic Mean Reversion Agent,Periodic Trend Generator,003,68,-60.0
Dynamic Mean Reversion Agent,Periodic Trend Generator,003,69,-61.0
Dynamic Mean Reversion Agent,Periodic Trend Generator,003,70,-62.0
Dynamic Mean Reversion Agent,Periodic Trend Generator,003,71,-63.0
Dynamic Mean Reversion Agent,Periodic Trend Generator,003,72,-64.0
Dynamic Mean Reversion Agent,Periodic Trend Generator,003,73,-65.0
Dynamic Mean Reversion Agent,Periodic Trend Generator,003,74,-66.0
Dynamic Mean Reversion Agent,Periodic Trend Generator,003,75,-67.0
Dynamic Mean Reversion Agent,Periodic Trend Generator,003,76,-68.0
Dynamic Mean Reversion Agent,Periodic Trend Generator,003,77,-69.0
Dynamic Mean Reversion Agent,Periodic Trend Generator,003,78,-70.0
Dynamic Mean Reversion Agent,Periodic Trend Generator,003,79,-71.0
Dynamic Mean Reversion Agent,Periodic Trend Generator,003,80,-72.0
Dynamic Mean Reversion Agent,Periodic Trend Generator,003,81,-71.0
Dynamic Mean Reversion Agent,Periodic Trend Generator,003,82,-70.0
Dynamic Mean Reversion Agent,Periodic Trend Generator,003,83,-71.0
Dynamic Mean Reversion Agent,Periodic Trend Generator,003,84,-72.0
Dynamic Mean Reversion Agent,Periodic Trend Generator,003,85,-73.0
Dynamic Mean Reversion Agent,Periodic Trend Generator,003,86,-74.0
Dynamic Mean Reversion Agent,Periodic Trend Generator,003,87,-75.0
Dynamic Mean Reversion Agent,Periodic Trend Generator,003,88,-76.0
Dynamic Mean Reversion Agent,Periodic Trend Generator,003,89,-77.0
Dynamic Mean Reversion Agent,Periodic Trend Generator,003,90,-78.0
Dynamic Mean Reversion Agent,Periodic Trend Generator,003,91,-79.0
Dynamic Mean Reversion Agent,Periodic Trend Generator,003,92,-80.0
Dynamic Mean Reversion Agent,Periodic Trend Generator,003,93,-81.0
Dynamic Mean Reversion Agent,Periodic Trend Generator,003,94,-82.0
Dynamic Mean Reversion Agent,Periodic Trend Generator,003,95,-83.0
Dynamic Mean Reversion Agent,Periodic Trend Generator,003,96,-84.0
Dynamic Mean Reversion Agent,Periodic Trend Generator,003,97,-85.0
Dynamic Mean Reversion Agent,Periodic Trend Generator,003,98,-86.0
Dynamic Mean Reversion Agent,Periodic Trend Generator,003,99,-87.0
Dynamic Mean Reversion Agent,Periodic Trend Generator,003,100,-88.0
Dynamic Mean Reversion Agent,Random Walk Generator,001,1,1.0
Dynamic Mean Reversion Agent,Random Walk Generator,001,2,2.0
Dynamic Mean Reversion Agent,Random Walk Generator,001,3,1.0
Dynamic Mean Reversion Agent,Random Walk Generator,001,4,2.0
Dynamic Mean Reversion Agent,Random Walk Generator,001,5,3.0
Dynamic Mean Reversion Agent,Random Walk Generator,001,6,4.0
Dynamic Mean Reversion Agent,Random Walk Generator,001,7,5.0
Dynamic Mean Reversion Agent,Random Walk Generator,001,8,4.0
Dynamic Mean Reversion Agent,Random Walk Generator,001,9,5.0
Dynamic Mean Reversion Agent,Random Walk Generator,001,10,4.0
Dynamic Mean Reversion Agent,Random Walk Generator,001,11,3.0
Dynamic Mean Reversion Agent,Random Walk Generator,001,12,4.0
Dynamic Mean Reversion Agent,Random Walk Generator,001,13,5.0
Dynamic Mean Reversion Agent,Random Walk Generator,001,14,6.0
Dynamic Mean Reversion Agent,Random Walk Generator,001,15,7.0
Dynamic Mean Reversion Agent,Random Walk Generator,001,16,6.0
Dynamic Mean Reversion Agent,Random Walk Generator,001,17,7.0
Dynamic Mean Reversion Agent,Random Walk Generator,001,18,8.0
Dynamic Mean Reversion Agent,Random Walk Generator,001,19,7.0
Dynamic Mean Reversion Agent,Random Walk Generator,001,20,8.0
Dynamic Mean Reversion Agent,Random Walk Generator,001,21,7.0
Dynamic Mean Reversion Agent,Random Walk Generator,001,22,8.0
Dynamic Mean Reversion Agent,Random Walk Generator,001,23,7.0
Dynamic Mean Reversion Agent,Random Walk Generator,001,24,6.0
Dynamic Mean Reversion Agent,Random Walk Generator,001,25,5.0
Dynamic Mean Reversion Agent,Random Walk Generator,001,26,4.0
Dynamic Mean Reversion Agent,Random Walk Generator,001,27,5.0
Dynamic Mean Reversion Agent,Random Walk Generator,001,28,4.0
Dynamic Mean Reversion Agent,Random Walk Generator,001,29,3.0
Dynamic Mean Reversion Agent,Random Walk Generator,001,30,2.0
Dynamic Mean Reversion Agent,Random Walk Generator,001,31,1.0
Dynamic Mean Reversion Agent,Random Walk Generator,001,32,0.0
Dynamic Mean Reversion Agent,Random Walk Generator,001,33,1.0
Dynamic Mean Reversion Agent,Random Walk Generator,001,34,2.0
Dynamic Mean Reversion Agent,Random Walk Generator,001,35,3.0
Dynamic Mean Reversion Agent,Random Walk Generator,001,36,4.0
Dynamic Mean Reversion Agent,Random Walk Generator,001,37,5.0
Dynamic Mean Reversion Agent,Random Walk Generator,001,38,6.0
Dynamic Mean Reversion Agent,Random Walk Generator,001,39,5.0
Dynamic Mean Reversion Agent,Random Walk Generator,001,40,6.0
Dynamic Mean Reversion Agent,Random Walk Generator,001,41,5.0
Dynamic Mean Reversion Agent,Random Walk Generator,001,42,6.0
Dynamic Mean Reversion Agent,Random Walk Generator,001,43,5.0
Dynamic Mean Reversion Agent,Random Walk Generator,001,44,6.0
Dynamic Mean Reversion Agent,Random Walk Generator,001,45,7.0
Dynamic Mean Reversion Agent,Random Walk Generator,001,46,6.0
Dynamic Mean Reversion Agent,Random Walk Generator,001,47,7.0
Dynamic Mean Reversion Agent,Random Walk Generator,001,48,8.0
Dynamic Mean Reversion Agent,Random Walk Generator,001,49,7.0
Dynamic Mean Reversion Agent,Random Walk Generator,001,50,6.0
Dynamic Mean Reversion Agent,Random Walk Generator,001,51,7.0
Dynamic Mean Reversion Agent,Random Walk Generator,001,52,6.0
Dynamic Mean Reversion Agent,Random Walk Generator,001,53,5.0
Dynamic Mean Reversion Agent,Random Walk Generator,001,54,6.0
Dynamic Mean Reversion Agent,Random Walk Generator,001,55,5.0
Dynamic Mean Reversion Agent,Random Walk Generator,001,56,4.0
Dynamic Mean Reversion Agent,Random Walk Generator,001,57,3.0
Dynamic Mean Reversion Agent,Random Walk Generator,001,58,2.0
Dynamic Mean Reversion Agent,Random Walk Generator,001,59,1.0
Dynamic Mean Reversion Agent,Random Walk Generator,001,60,2.0
Dynamic Mean Reversion Agent,Random Walk Generator,001,61,1.0
Dynamic Mean Reversion Agent,Random Walk Generator,001,62,2.0
Dynamic Mean Reversion Agent,Random Walk Generator,001,63,1.0
Dynamic Mean Reversion Agent,Random Walk Generator,001,64,2.0
Dynamic Mean Reversion Agent,Random Walk Generator,001,65,3.0
Dynamic Mean Reversion Agent,Random Walk Generator,001,66,4.0
Dynamic Mean Reversion Agent,Random Walk Generator,001,67,5.0
Dynamic Mean Reversion Agent,Random Walk Generator,001,68,6.0
Dynamic Mean Reversion Agent,Random Walk Generator,001,69,7.0
Dynamic Mean Reversion Agent,Random Walk Generator,001,70,8.0
Dynamic Mean Reversion Agent,Random Walk Generator,001,71,7.0
Dynamic Mean Reversion Agent,Random Walk Generator,001,72,8.0
Dynamic Mean Reversion Agent,Random Walk Generator,001,73,7.0
Dynamic Mean Reversion Agent,Random Walk Generator,001,74,8.0
Dynamic Mean Reversion Agent,Random Walk Generator,001,75,9.0
Dynamic Mean Reversion Agent,Random Walk Generator,001,76,8.0
Dynamic Mean Reversion Agent,Random Walk Generator,001,77,9.0
Dynamic Mean Reversion Agent,Random Walk Generator,001,78,10.0
Dynamic Mean Reversion Agent,Random Walk Generator,001,79,11.0
Dynamic Mean Reversion Agent,Random Walk Generator,001,80,12.0
Dynamic Mean Reversion Agent,Random Walk Generator,001,81,11.0
Dynamic Mean Reversion Agent,Random Walk Generator,001,82,10.0
Dynamic Mean Reversion Agent,Random Walk Generator,001,83,9.0
Dynamic Mean Reversion Agent,Random Walk Generator,001,84,10.0
Dynamic Mean Reversion Agent,Random Walk Generator,001,85,9.0
Dynamic Mean Reversion Agent,Random Walk Generator,001,86,8.0
Dynamic Mean Reversion Agent,Random Walk Generator,001,87,7.0
Dynamic Mean Reversion Agent,Random Walk Generator,001,88,8.0
Dynamic Mean Reversion Agent,Random Walk Generator,001,89,9.0
Dynamic Mean Reversion Agent,Random Walk Generator,001,90,8.0
Dynamic Mean Reversion Agent,Random Walk Generator,001,91,7.0
Dynamic Mean Reversion Agent,Random Walk Generator,001,92,8.0
Dynamic Mean Reversion Agent,Random Walk Generator,001,93,9.0
Dynamic Mean Reversion Agent,Random Walk Generator,001,94,8.0
Dynamic Mean Reversion Agent,Random Walk Generator,001,95,7.0
Dynamic Mean Reversion Agent,Random Walk Generator,001,96,6.0
Dynamic Mean Reversion Agent,Random Walk Generator,001,97,7.0
Dynamic Mean Reversion Agent,Random Walk Generator,001,98,8.0
Dynamic Mean Reversion Agent,Random Walk Generator,001,99,7.0
Dynamic Mean Reversion Agent,Random Walk Generator,001,100,6.0
Dynamic Mean Reversion Agent,Random Walk Generator,002,1,-1.0
Dynamic Mean Reversion Agent,Random Walk Generator,002,2,0.0
Dynamic Mean Reversion Agent,Random Walk Generator,002,3,1.0
Dynamic Mean Reversion Agent,Random Walk Generator,002,4,0.0
Dynamic Mean Reversion Agent,Random Walk Generator,002,5,1.0
Dynamic Mean Reversion Agent,Random Walk Generator,002,6,2.0
Dynamic Mean Reversion Agent,Random Walk Generator,002,7,1.0
Dynamic Mean Reversion Agent,Random Walk Generator,002,8,2.0
Dynamic Mean Reversion Agent,Random Walk Generator,002,9,3.0
Dynamic Mean Reversion Agent,Random Walk Generator,002,10,4.0
Dynamic Mean Reversion Agent,Random Walk Generator,002,11,3.0
Dynamic Mean Reversion Agent,Random Walk Generator,002,12,2.0
Dynamic Mean Reversion Agent,Random Walk Generator,002,13,3.0
Dynamic Mean Reversion Agent,Random Walk Generator,002,14,4.0
Dynamic Mean Reversion Agent,Random Walk Generator,002,15,3.0
Dynamic Mean Reversion Agent,Random Walk Generator,002,16,2.0
Dynamic Mean Reversion Agent,Random Walk Generator,002,17,3.0
Dynamic Mean Reversion Agent,Random Walk Generator,002,18,2.0
Dynamic Mean Reversion Agent,Random Walk Generator,002,19,1.0
Dynamic Mean Reversion Agent,Random Walk Generator,002,20,0.0
Dynamic Mean Reversion Agent,Random Walk Generator,002,21,1.0
Dynamic Mean Reversion Agent,Random Walk Generator,002,22,2.0
Dynamic Mean Reversion Agent,Random Walk Generator,002,23,3.0
Dynamic Mean Reversion Agent,Random Walk Generator,002,24,2.0
Dynamic Mean Reversion Agent,Random Walk Generator,002,25,3.0
Dynamic Mean Reversion Agent,Random Walk Generator,002,26,4.0
Dynamic Mean Reversion Agent,Random Walk Generator,002,27,5.0
Dynamic Mean Reversion Agent,Random Walk Generator,002,28,4.0
Dynamic Mean Reversion Agent,Random Walk Generator,002,29,3.0
Dynamic Mean Reversion Agent,Random Walk Generator,002,30,2.0
Dynamic Mean Reversion Agent,Random Walk Generator,002,31,3.0
Dynamic Mean Reversion Agent,Random Walk Generator,002,32,2.0
Dynamic Mean Reversion Agent,Random Walk Generator,002,33,3.0
Dynamic Mean Reversion Agent,Random Walk Generator,002,34,2.0
Dynamic Mean Reversion Agent,Random Walk Generator,002,35,1.0
Dynamic Mean Reversion Agent,Random Walk Generator,002,36,2.0
Dynamic Mean Reversion Agent,Random Walk Generator,002,37,3.0
Dynamic Mean Reversion Agent,Random Walk Generator,002,38,4.0
Dynamic Mean Reversion Agent,Random Walk Generator,002,39,3.0
Dynamic Mean Reversion Agent,Random Walk Generator,002,40,2.0
Dynamic Mean Reversion Agent,Random Walk Generator,002,41,3.0
Dynamic Mean Reversion Agent,Random Walk Generator,002,42,2.0
Dynamic Mean Reversion Agent,Random Walk Generator,002,43,3.0
Dynamic Mean Reversion Agent,Random Walk Generator,002,44,2.0
Dynamic Mean Reversion Agent,Random Walk Generator,002,45,1.0
Dynamic Mean Reversion Agent,Random Walk Generator,002,46,0.0
Dynamic Mean Reversion Agent,Random Walk Generator,002,47,-1.0
Dynamic Mean Reversion Agent,Random Walk Generator,002,48,0.0
Dynamic Mean Reversion Agent,Random Walk Generator,002,49,1.0
Dynamic Mean Reversion Agent,Random Walk Generator,002,50,2.0
Dynamic Mean Reversion Agent,Random Walk Generator,002,51,3.0
Dynamic Mean Reversion Agent,Random Walk Generator,002,52,4.0
Dynamic Mean Reversion Agent,Random Walk Generator,002,53,3.0
Dynamic Mean Reversion Agent,Random Walk Generator,002,54,2.0
Dynamic Mean Reversion Agent,Random Walk Generator,002,55,1.0
Dynamic Mean Reversion Agent,Random Walk Generator,002,56,2.0
Dynamic Mean Reversion Agent,Random Walk Generator,002,57,3.0
Dynamic Mean Reversion Agent,Random Walk Generator,002,58,4.0
Dynamic Mean Reversion Agent,Random Walk Generator,002,59,3.0
Dynamic Mean Reversion Agent,Random Walk Generator,002,60,4.0
Dynamic Mean Reversion Agent,Random Walk Generator,002,61,5.0
Dynamic Mean Reversion Agent,Random Walk Generator,002,62,6.0
Dynamic Mean Reversion Agent,Random Walk Generator,002,63,5.0
Dynamic Mean Reversion Agent,Random Walk Generator,002,64,6.0
Dynamic Mean Reversion Agent,Random Walk Generator,002,65,5.0
Dynamic Mean Reversion Agent,Random Walk Generator,002,66,6.0
Dynamic Mean Reversion Agent,Random Walk Generator,002,67,5.0
Dynamic Mean Reversion Agent,Random Walk Generator,002,68,4.0
Dynamic Mean Reversion Agent,Random Walk Generator,002,69,5.0
Dynamic Mean Reversion Agent,Random Walk Generator,002,70,4.0
Dynamic Mean Reversion Agent,Random Walk Generator,002,71,3.0
Dynamic Mean Reversion Agent,Random Walk Generator,002,72,2.0
Dynamic Mean Reversion Agent,Random Walk Generator,002,73,1.0
Dynamic Mean Reversion Agent,Random Walk Generator,002,74,2.0
Dynamic Mean Reversion Agent,Random Walk Generator,002,75,1.0
Dynamic Mean Reversion Agent,Random Walk Generator,002,76,2.0
Dynamic Mean Reversion Agent,Random Walk Generator,002,77,3.0
Dynamic Mean Reversion Agent,Random Walk Generator,002,78,2.0
Dynamic Mean Reversion Agent,Random Walk Generator,002,79,3.0
Dynamic Mean Reversion Agent,Random Walk Generator,002,80,4.0
Dynamic Mean Reversion Agent,Random Walk Generator,002,81,5.0
Dynamic Mean Reversion Agent,Random Walk Generator,002,82,4.0
Dynamic Mean Reversion Agent,Random Walk Generator,002,83,3.0
Dynamic Mean Reversion Agent,Random Walk Generator,002,84,2.0
Dynamic Mean Reversion Agent,Random Walk Generator,002,85,3.0
Dynamic Mean Reversion Agent,Random Walk Generator,002,86,2.0
Dynamic Mean Reversion Agent,Random Walk Generator,002,87,1.0
Dynamic Mean Reversion Agent,Random Walk Generator,002,88,0.0
Dynamic Mean Reversion Agent,Random Walk Generator,002,89,-1.0
Dynamic Mean Reversion Agent,Random Walk Generator,002,90,-2.0
Dynamic Mean Reversion Agent,Random Walk Generator,002,91,-3.0
Dynamic Mean Reversion Agent,Random Walk Generator,002,92,-2.0
Dynamic Mean Reversion Agent,Random Walk Generator,002,93,-1.0
Dynamic Mean Reversion Agent,Random Walk Generator,002,94,0.0
Dynamic Mean Reversion Agent,Random Walk Generator,002,95,1.0
Dynamic Mean Reversion Agent,Random Walk Generator,002,96,0.0
Dynamic Mean Reversion Agent,Random Walk Generator,002,97,-1.0
Dynamic Mean Reversion Agent,Random Walk Generator,002,98,0.0
Dynamic Mean Reversion Agent,Random Walk Generator,002,99,-1.0
Dynamic Mean Reversion Agent,Random Walk Generator,002,100,-2.0
Dynamic Mean Reversion Agent,Random Walk Generator,003,1,1.0
Dynamic Mean Reversion Agent,Random Walk Generator,003,2,0.0
Dynamic Mean Reversion Agent,Random Walk Generator,003,3,-1.0
Dynamic Mean Reversion Agent,Random Walk Generator,003,4,0.0
Dynamic Mean Reversion Agent,Random Walk Generator,003,5,1.0
Dynamic Mean Reversion Agent,Random Walk Generator,003,6,0.0
Dynamic Mean Reversion Agent,Random Walk Generator,003,7,1.0
Dynamic Mean Reversion Agent,Random Walk Generator,003,8,2.0
Dynamic Mean Reversion Agent,Random Walk Generator,003,9,3.0
Dynamic Mean Reversion Agent,Random Walk Generator,003,10,2.0
Dynamic Mean Reversion Agent,Random Walk Generator,003,11,3.0
Dynamic Mean Reversion Agent,Random Walk Generator,003,12,4.0
Dynamic Mean Reversion Agent,Random Walk Generator,003,13,5.0
Dynamic Mean Reversion Agent,Random Walk Generator,003,14,6.0
Dynamic Mean Reversion Agent,Random Walk Generator,003,15,7.0
Dynamic Mean Reversion Agent,Random Walk Generator,003,16,6.0
Dynamic Mean Reversion Agent,Random Walk Generator,003,17,7.0
Dynamic Mean Reversion Agent,Random Walk Generator,003,18,6.0
Dynamic Mean Reversion Agent,Random Walk Generator,003,19,7.0
Dynamic Mean Reversion Agent,Random Walk Generator,003,20,6.0
Dynamic Mean Reversion Agent,Random Walk Generator,003,21,7.0
Dynamic Mean Reversion Agent,Random Walk Generator,003,22,6.0
Dynamic Mean Reversion Agent,Random Walk Generator,003,23,5.0
Dynamic Mean Reversion Agent,Random Walk Generator,003,24,6.0
Dynamic Mean Reversion Agent,Random Walk Generator,003,25,5.0
Dynamic Mean Reversion Agent,Random Walk Generator,003,26,6.0
Dynamic Mean Reversion Agent,Random Walk Generator,003,27,5.0
Dynamic Mean Reversion Agent,Random Walk Generator,003,28,4.0
Dynamic Mean Reversion Agent,Random Walk Generator,003,29,3.0
Dynamic Mean Reversion Agent,Random Walk Generator,003,30,2.0
Dynamic Mean Reversion Agent,Random Walk Generator,003,31,3.0
Dynamic Mean Reversion Agent,Random Walk Generator,003,32,2.0
Dynamic Mean Reversion Agent,Random Walk Generator,003,33,1.0
Dynamic Mean Reversion Agent,Random Walk Generator,003,34,0.0
Dynamic Mean Reversion Agent,Random Walk Generator,003,35,1.0
Dynamic Mean Reversion Agent,Random Walk Generator,003,36,2.0
Dynamic Mean Reversion Agent,Random Walk Generator,003,37,1.0
Dynamic Mean Reversion Agent,Random Walk Generator,003,38,2.0
Dynamic Mean Reversion Agent,Random Walk Generator,003,39,3.0
Dynamic Mean Reversion Agent,Random Walk Generator,003,40,4.0
Dynamic Mean Reversion Agent,Random Walk Generator,003,41,5.0
Dynamic Mean Reversion Agent,Random Walk Generator,003,42,4.0
Dynamic Mean Reversion Agent,Random Walk Generator,003,43,5.0
Dynamic Mean Reversion Agent,Random Walk Generator,003,44,6.0
Dynamic Mean Reversion Agent,Random Walk Generator,003,45,5.0
Dynamic Mean Reversion Agent,Random Walk Generator,003,46,4.0
Dynamic Mean Reversion Agent,Random Walk Generator,003,47,5.0
Dynamic Mean Reversion Agent,Random Walk Generator,003,48,6.0
Dynamic Mean Reversion Agent,Random Walk Generator,003,49,7.0
Dynamic Mean Reversion Agent,Random Walk Generator,003,50,6.0
Dynamic Mean Reversion Agent,Random Walk Generator,003,51,5.0
Dynamic Mean Reversion Agent,Random Walk Generator,003,52,4.0
Dynamic Mean Reversion Agent,Random Walk Generator,003,53,5.0
Dynamic Mean Reversion Agent,Random Walk Generator,003,54,4.0
Dynamic Mean Reversion Agent,Random Walk Generator,003,55,3.0
Dynamic Mean Reversion Agent,Random Walk Generator,003,56,4.0
Dynamic Mean Reversion Agent,Random Walk Generator,003,57,5.0
Dynamic Mean Reversion Agent,Random Walk Generator,003,58,6.0
Dynamic Mean Reversion Agent,Random Walk Generator,003,59,7.0
Dynamic Mean Reversion Agent,Random Walk Generator,003,60,8.0
Dynamic Mean Reversion Agent,Random Walk Generator,003,61,9.0
Dynamic Mean Reversion Agent,Random Walk Generator,003,62,10.0
Dynamic Mean Reversion Agent,Random Walk Generator,003,63,11.0
Dynamic Mean Reversion Agent,Random Walk Generator,003,64,12.0
Dynamic Mean Reversion Agent,Random Walk Generator,003,65,11.0
Dynamic Mean Reversion Agent,Random Walk Generator,003,66,10.0
Dynamic Mean Reversion Agent,Random Walk Generator,003,67,11.0
Dynamic Mean Reversion Agent,Random Walk Generator,003,68,10.0
Dynamic Mean Reversion Agent,Random Walk Generator,003,69,11.0
Dynamic Mean Reversion Agent,Random Walk Generator,003,70,12.0
Dynamic Mean Reversion Agent,Random Walk Generator,003,71,11.0
Dynamic Mean Reversion Agent,Random Walk Generator,003,72,10.0
Dynamic Mean Reversion Agent,Random Walk Generator,003,73,11.0
Dynamic Mean Reversion Agent,Random Walk Generator,003,74,12.0
Dynamic Mean Reversion Agent,Random Walk Generator,003,75,11.0
Dynamic Mean Reversion Agent,Random Walk Generator,003,76,10.0
Dynamic Mean Reversion Agent,Random Walk Generator,003,77,9.0
Dynamic Mean Reversion Agent,Random Walk Generator,003,78,8.0
Dynamic Mean Reversion Agent,Random Walk Generator,003,79,9.0
Dynamic Mean Reversion Agent,Random Walk Generator,003,80,10.0
Dynamic Mean Reversion Agent,Random Walk Generator,003,81,9.0
Dynamic Mean Reversion Agent,Random Walk Generator,003,82,10.0
Dynamic Mean Reversion Agent,Random Walk Generator,003,83,11.0
Dynamic Mean Reversion Agent,Random Walk Generator,003,84,12.0
Dynamic Mean Reversion Agent,Random Walk Generator,003,85,13.0
Dynamic Mean Reversion Agent,Random Walk Generator,003,86,12.0
Dynamic Mean Reversion Agent,Random Walk Generator,003,87,13.0
Dynamic Mean Reversion Agent,Random Walk Generator,003,88,12.0
Dynamic Mean Reversion Agent,Random Walk Generator,003,89,13.0
Dynamic Mean Reversion Agent,Random Walk Generator,003,90,14.0
Dynamic Mean Reversion Agent,Random Walk Generator,003,91,13.0
Dynamic Mean Reversion Agent,Random Walk Generator,003,92,14.0
Dynamic Mean Reversion Agent,Random Walk Generator,003,93,15.0
Dynamic Mean Reversion Agent,Random Walk Generator,003,94,14.0
Dynamic Mean Reversion Agent,Random Walk Generator,003,95,15.0
Dynamic Mean Reversion Agent,Random Walk Generator,003,96,14.0
Dynamic Mean Reversion Agent,Random Walk Generator,003,97,15.0
Dynamic Mean Reversion Agent,Random Walk Generator,003,98,16.0
Dynamic Mean Reversion Agent,Random Walk Generator,003,99,15.0
Dynamic Mean Reversion Agent,Random Walk Generator,003,100,16.0
Frequency-Based Majority Agent,Linear Trend Generator,001,1,1.0
Frequency-Based Majority Agent,Linear Trend Generator,001,2,2.0
Frequency-Based Majority Agent,Linear Trend Generator,001,3,3.0
Frequency-Based Majority Agent,Linear Trend Generator,001,4,4.0
Frequency-Based Majority Agent,Linear Trend Generator,001,5,5.0
Frequency-Based Majority Agent,Linear Trend Generator,001,6,6.0
Frequency-Based Majority Agent,Linear Trend Generator,001,7,7.0
Frequency-Based Majority Agent,Linear Trend Generator,001,8,8.0
Frequency-Based Majority Agent,Linear Trend Generator,001,9,9.0
Frequency-Based Majority Agent,Linear Trend Generator,001,10,10.0
Frequency-Based Majority Agent,Linear Trend Generator,001,11,11.0
Frequency-Based Majority Agent,Linear Trend Generator,001,12,12.0
Frequency-Based Majority Agent,Linear Trend Generator,001,13,13.0
Frequency-Based Majority Agent,Linear Trend Generator,001,14,14.0
Frequency-Based Majority Agent,Linear Trend Generator,001,15,15.0
Frequency-Based Majority Agent,Linear Trend Generator,001,16,16.0
Frequency-Based Majority Agent,Linear Trend Generator,001,17,17.0
Frequency-Based Majority Agent,Linear Trend Generator,001,18,18.0
Frequency-Based Majority Agent,Linear Trend Generator,001,19,19.0
Frequency-Based Majority Agent,Linear Trend Generator,001,20,20.0
Frequency-Based Majority Agent,Linear Trend Generator,001,21,21.0
Frequency-Based Majority Agent,Linear Trend Generator,001,22,22.0
Frequency-Based Majority Agent,Linear Trend Generator,001,23,23.0
Frequency-Based Majority Agent,Linear Trend Generator,001,24,24.0
Frequency-Based Majority Agent,Linear Trend Generator,001,25,25.0
Frequency-Based Majority Agent,Linear Trend Generator,001,26,26.0
Frequency-Based Majority Agent,Linear Trend Generator,001,27,27.0
Frequency-Based Majority Agent,Linear Trend Generator,001,28,28.0
Frequency-Based Majority Agent,Linear Trend Generator,001,29,29.0
Frequency-Based Majority Agent,Linear Trend Generator,001,30,30.0
Frequency-Based Majority Agent,Linear Trend Generator,001,31,31.0
Frequency-Based Majority Agent,Linear Trend Generator,001,32,32.0
Frequency-Based Majority Agent,Linear Trend Generator,001,33,33.0
Frequency-Based Majority Agent,Linear Trend Generator,001,34,34.0
Frequency-Based Majority Agent,Linear Trend Generator,001,35,35.0
Frequency-Based Majority Agent,Linear Trend Generator,001,36,36.0
Frequency-Based Majority Agent,Linear Trend Generator,001,37,37.0
Frequency-Based Majority Agent,Linear Trend Generator,001,38,38.0
Frequency-Based Majority Agent,Linear Trend Generator,001,39,39.0
Frequency-Based Majority Agent,Linear Trend Generator,001,40,40.0
Frequency-Based Majority Agent,Linear Trend Generator,001,41,41.0
Frequency-Based Majority Agent,Linear Trend Generator,001,42,42.0
Frequency-Based Majority Agent,Linear Trend Generator,001,43,43.0
Frequency-Based Majority Agent,Linear Trend Generator,001,44,44.0
Frequency-Based Majority Agent,Linear Trend Generator,001,45,45.0
Frequency-Based Majority Agent,Linear Trend Generator,001,46,46.0
Frequency-Based Majority Agent,Linear Trend Generator,001,47,47.0
Frequency-Based Majority Agent,Linear Trend Generator,001,48,48.0
Frequency-Based Majority Agent,Linear Trend Generator,001,49,49.0
Frequency-Based Majority Agent,Linear Trend Generator,001,50,50.0
Frequency-Based Majority Agent,Linear Trend Generator,001,51,51.0
Frequency-Based Majority Agent,Linear Trend Generator,001,52,52.0
Frequency-Based Majority Agent,Linear Trend Generator,001,53,53.0
Frequency-Based Majority Agent,Linear Trend Generator,001,54,54.0
Frequency-Based Majority Agent,Linear Trend Generator,001,55,55.0
Frequency-Based Majority Agent,Linear Trend Generator,001,56,56.0
Frequency-Based Majority Agent,Linear Trend Generator,001,57,57.0
Frequency-Based Majority Agent,Linear Trend Generator,001,58,58.0
Frequency-Based Majority Agent,Linear Trend Generator,001,59,59.0
Frequency-Based Majority Agent,Linear Trend Generator,001,60,60.0
Frequency-Based Majority Agent,Linear Trend Generator,001,61,61.0
Frequency-Based Majority Agent,Linear Trend Generator,001,62,62.0
Frequency-Based Majority Agent,Linear Trend Generator,001,63,63.0
Frequency-Based Majority Agent,Linear Trend Generator,001,64,64.0
Frequency-Based Majority Agent,Linear Trend Generator,001,65,65.0
Frequency-Based Majority Agent,Linear Trend Generator,001,66,66.0
Frequency-Based Majority Agent,Linear Trend Generator,001,67,67.0
Frequency-Based Majority Agent,Linear Trend Generator,001,68,68.0
Frequency-Based Majority Agent,Linear Trend Generator,001,69,69.0
Frequency-Based Majority Agent,Linear Trend Generator,001,70,70.0
Frequency-Based Majority Agent,Linear Trend Generator,001,71,71.0
Frequency-Based Majority Agent,Linear Trend Generator,001,72,72.0
Frequency-Based Majority Agent,Linear Trend Generator,001,73,73.0
Frequency-Based Majority Agent,Linear Trend Generator,001,74,74.0
Frequency-Based Majority Agent,Linear Trend Generator,001,75,75.0
Frequency-Based Majority Agent,Linear Trend Generator,001,76,76.0
Frequency-Based Majority Agent,Linear Trend Generator,001,77,77.0
Frequency-Based Majority Agent,Linear Trend Generator,001,78,78.0
Frequency-Based Majority Agent,Linear Trend Generator,001,79,79.0
Frequency-Based Majority Agent,Linear Trend Generator,001,80,80.0
Frequency-Based Majority Agent,Linear Trend Generator,001,81,81.0
Frequency-Based Majority Agent,Linear Trend Generator,001,82,82.0
Frequency-Based Majority Agent,Linear Trend Generator,001,83,83.0
Frequency-Based Majority Agent,Linear Trend Generator,001,84,84.0
Frequency-Based Majority Agent,Linear Trend Generator,001,85,85.0
Frequency-Based Majority Agent,Linear Trend Generator,001,86,86.0
Frequency-Based Majority Agent,Linear Trend Generator,001,87,87.0
Frequency-Based Majority Agent,Linear Trend Generator,001,88,88.0
Frequency-Based Majority Agent,Linear Trend Generator,001,89,89.0
Frequency-Based Majority Agent,Linear Trend Generator,001,90,90.0
Frequency-Based Majority Agent,Linear Trend Generator,001,91,91.0
Frequency-Based Majority Agent,Linear Trend Generator,001,92,92.0
Frequency-Based Majority Agent,Linear Trend Generator,001,93,93.0
Frequency-Based Majority Agent,Linear Trend Generator,001,94,94.0
Frequency-Based Majority Agent,Linear Trend Generator,001,95,95.0
Frequency-Based Majority Agent,Linear Trend Generator,001,96,96.0
Frequency-Based Majority Agent,Linear Trend Generator,001,97,97.0
Frequency-Based Majority Agent,Linear Trend Generator,001,98,98.0
Frequency-Based Majority Agent,Linear Trend Generator,001,99,99.0
Frequency-Based Majority Agent,Linear Trend Generator,001,100,100.0
Frequency-Based Majority Agent,Linear Trend Generator,002,1,1.0
Frequency-Based Majority Agent,Linear Trend Generator,002,2,2.0
Frequency-Based Majority Agent,Linear Trend Generator,002,3,3.0
Frequency-Based Majority Agent,Linear Trend Generator,002,4,4.0
Frequency-Based Majority Agent,Linear Trend Generator,002,5,5.0
Frequency-Based Majority Agent,Linear Trend Generator,002,6,6.0
Frequency-Based Majority Agent,Linear Trend Generator,002,7,7.0
Frequency-Based Majority Agent,Linear Trend Generator,002,8,8.0
Frequency-Based Majority Agent,Linear Trend Generator,002,9,9.0
Frequency-Based Majority Agent,Linear Trend Generator,002,10,10.0
Frequency-Based Majority Agent,Linear Trend Generator,002,11,11.0
Frequency-Based Majority Agent,Linear Trend Generator,002,12,12.0
Frequency-Based Majority Agent,Linear Trend Generator,002,13,13.0
Frequency-Based Majority Agent,Linear Trend Generator,002,14,14.0
Frequency-Based Majority Agent,Linear Trend Generator,002,15,15.0
Frequency-Based Majority Agent,Linear Trend Generator,002,16,16.0
Frequency-Based Majority Agent,Linear Trend Generator,002,17,17.0
Frequency-Based Majority Agent,Linear Trend Generator,002,18,18.0
Frequency-Based Majority Agent,Linear Trend Generator,002,19,19.0
Frequency-Based Majority Agent,Linear Trend Generator,002,20,20.0
Frequency-Based Majority Agent,Linear Trend Generator,002,21,21.0
Frequency-Based Majority Agent,Linear Trend Generator,002,22,22.0
Frequency-Based Majority Agent,Linear Trend Generator,002,23,23.0
Frequency-Based Majority Agent,Linear Trend Generator,002,24,24.0
Frequency-Based Majority Agent,Linear Trend Generator,002,25,25.0
Frequency-Based Majority Agent,Linear Trend Generator,002,26,26.0
Frequency-Based Majority Agent,Linear Trend Generator,002,27,27.0
Frequency-Based Majority Agent,Linear Trend Generator,002,28,28.0
Frequency-Based Majority Agent,Linear Trend Generator,002,29,29.0
Frequency-Based Majority Agent,Linear Trend Generator,002,30,30.0
Frequency-Based Majority Agent,Linear Trend Generator,002,31,31.0
Frequency-Based Majority Agent,Linear Trend Generator,002,32,32.0
Frequency-Based Majority Agent,Linear Trend Generator,002,33,33.0
Frequency-Based Majority Agent,Linear Trend Generator,002,34,34.0
Frequency-Based Majority Agent,Linear Trend Generator,002,35,35.0
Frequency-Based Majority Agent,Linear Trend Generator,002,36,36.0
Frequency-Based Majority Agent,Linear Trend Generator,002,37,37.0
Frequency-Based Majority Agent,Linear Trend Generator,002,38,38.0
Frequency-Based Majority Agent,Linear Trend Generator,002,39,39.0
Frequency-Based Majority Agent,Linear Trend Generator,002,40,40.0
Frequency-Based Majority Agent,Linear Trend Generator,002,41,41.0
Frequency-Based Majority Agent,Linear Trend Generator,002,42,42.0
Frequency-Based Majority Agent,Linear Trend Generator,002,43,43.0
Frequency-Based Majority Agent,Linear Trend Generator,002,44,44.0
Frequency-Based Majority Agent,Linear Trend Generator,002,45,45.0
Frequency-Based Majority Agent,Linear Trend Generator,002,46,46.0
Frequency-Based Majority Agent,Linear Trend Generator,002,47,47.0
Frequency-Based Majority Agent,Linear Trend Generator,002,48,48.0
Frequency-Based Majority Agent,Linear Trend Generator,002,49,49.0
Frequency-Based Majority Agent,Linear Trend Generator,002,50,50.0
Frequency-Based Majority Agent,Linear Trend Generator,002,51,51.0
Frequency-Based Majority Agent,Linear Trend Generator,002,52,52.0
Frequency-Based Majority Agent,Linear Trend Generator,002,53,53.0
Frequency-Based Majority Agent,Linear Trend Generator,002,54,54.0
Frequency-Based Majority Agent,Linear Trend Generator,002,55,55.0
Frequency-Based Majority Agent,Linear Trend Generator,002,56,56.0
Frequency-Based Majority Agent,Linear Trend Generator,002,57,57.0
Frequency-Based Majority Agent,Linear Trend Generator,002,58,58.0
Frequency-Based Majority Agent,Linear Trend Generator,002,59,59.0
Frequency-Based Majority Agent,Linear Trend Generator,002,60,60.0
Frequency-Based Majority Agent,Linear Trend Generator,002,61,61.0
Frequency-Based Majority Agent,Linear Trend Generator,002,62,62.0
Frequency-Based Majority Agent,Linear Trend Generator,002,63,63.0
Frequency-Based Majority Agent,Linear Trend Generator,002,64,64.0
Frequency-Based Majority Agent,Linear Trend Generator,002,65,65.0
Frequency-Based Majority Agent,Linear Trend Generator,002,66,66.0
Frequency-Based Majority Agent,Linear Trend Generator,002,67,67.0
Frequency-Based Majority Agent,Linear Trend Generator,002,68,68.0
Frequency-Based Majority Agent,Linear Trend Generator,002,69,69.0
Frequency-Based Majority Agent,Linear Trend Generator,002,70,70.0
Frequency-Based Majority Agent,Linear Trend Generator,002,71,71.0
Frequency-Based Majority Agent,Linear Trend Generator,002,72,72.0
Frequency-Based Majority Agent,Linear Trend Generator,002,73,73.0
Frequency-Based Majority Agent,Linear Trend Generator,002,74,74.0
Frequency-Based Majority Agent,Linear Trend Generator,002,75,75.0
Frequency-Based Majority Agent,Linear Trend Generator,002,76,76.0
Frequency-Based Majority Agent,Linear Trend Generator,002,77,77.0
Frequency-Based Majority Agent,Linear Trend Generator,002,78,78.0
Frequency-Based Majority Agent,Linear Trend Generator,002,79,79.0
Frequency-Based Majority Agent,Linear Trend Generator,002,80,80.0
Frequency-Based Majority Agent,Linear Trend Generator,002,81,81.0
Frequency-Based Majority Agent,Linear Trend Generator,002,82,82.0
Frequency-Based Majority Agent,Linear Trend Generator,002,83,83.0
Frequency-Based Majority Agent,Linear Trend Generator,002,84,84.0
Frequency-Based Majority Agent,Linear Trend Generator,002,85,85.0
Frequency-Based Majority Agent,Linear Trend Generator,002,86,86.0
Frequency-Based Majority Agent,Linear Trend Generator,002,87,87.0
Frequency-Based Majority Agent,Linear Trend Generator,002,88,88.0
Frequency-Based Majority Agent,Linear Trend Generator,002,89,89.0
Frequency-Based Majority Agent,Linear Trend Generator,002,90,90.0
Frequency-Based Majority Agent,Linear Trend Generator,002,91,91.0
Frequency-Based Majority Agent,Linear Trend Generator,002,92,92.0
Frequency-Based Majority Agent,Linear Trend Generator,002,93,93.0
Frequency-Based Majority Agent,Linear Trend Generator,002,94,94.0
Frequency-Based Majority Agent,Linear Trend Generator,002,95,95.0
Frequency-Based Majority Agent,Linear Trend Generator,002,96,96.0
Frequency-Based Majority Agent,Linear Trend Generator,002,97,97.0
Frequency-Based Majority Agent,Linear Trend Generator,002,98,98.0
Frequency-Based Majority Agent,Linear Trend Generator,002,99,99.0
Frequency-Based Majority Agent,Linear Trend Generator,002,100,100.0
Frequency-Based Majority Agent,Linear Trend Generator,003,1,1.0
Frequency-Based Majority Agent,Linear Trend Generator,003,2,2.0
Frequency-Based Majority Agent,Linear Trend Generator,003,3,3.0
Frequency-Based Majority Agent,Linear Trend Generator,003,4,4.0
Frequency-Based Majority Agent,Linear Trend Generator,003,5,5.0
Frequency-Based Majority Agent,Linear Trend Generator,003,6,6.0
Frequency-Based Majority Agent,Linear Trend Generator,003,7,7.0
Frequency-Based Majority Agent,Linear Trend Generator,003,8,8.0
Frequency-Based Majority Agent,Linear Trend Generator,003,9,9.0
Frequency-Based Majority Agent,Linear Trend Generator,003,10,10.0
Frequency-Based Majority Agent,Linear Trend Generator,003,11,11.0
Frequency-Based Majority Agent,Linear Trend Generator,003,12,12.0
Frequency-Based Majority Agent,Linear Trend Generator,003,13,13.0
Frequency-Based Majority Agent,Linear Trend Generator,003,14,14.0
Frequency-Based Majority Agent,Linear Trend Generator,003,15,15.0
Frequency-Based Majority Agent,Linear Trend Generator,003,16,16.0
Frequency-Based Majority Agent,Linear Trend Generator,003,17,17.0
Frequency-Based Majority Agent,Linear Trend Generator,003,18,18.0
Frequency-Based Majority Agent,Linear Trend Generator,003,19,19.0
Frequency-Based Majority Agent,Linear Trend Generator,003,20,20.0
Frequency-Based Majority Agent,Linear Trend Generator,003,21,21.0
Frequency-Based Majority Agent,Linear Trend Generator,003,22,22.0
Frequency-Based Majority Agent,Linear Trend Generator,003,23,23.0
Frequency-Based Majority Agent,Linear Trend Generator,003,24,24.0
Frequency-Based Majority Agent,Linear Trend Generator,003,25,25.0
Frequency-Based Majority Agent,Linear Trend Generator,003,26,26.0
Frequency-Based Majority Agent,Linear Trend Generator,003,27,27.0
Frequency-Based Majority Agent,Linear Trend Generator,003,28,28.0
Frequency-Based Majority Agent,Linear Trend Generator,003,29,29.0
Frequency-Based Majority Agent,Linear Trend Generator,003,30,30.0
Frequency-Based Majority Agent,Linear Trend Generator,003,31,31.0
Frequency-Based Majority Agent,Linear Trend Generator,003,32,32.0
Frequency-Based Majority Agent,Linear Trend Generator,003,33,33.0
Frequency-Based Majority Agent,Linear Trend Generator,003,34,34.0
Frequency-Based Majority Agent,Linear Trend Generator,003,35,35.0
Frequency-Based Majority Agent,Linear Trend Generator,003,36,36.0
Frequency-Based Majority Agent,Linear Trend Generator,003,37,37.0
Frequency-Based Majority Agent,Linear Trend Generator,003,38,38.0
Frequency-Based Majority Agent,Linear Trend Generator,003,39,39.0
Frequency-Based Majority Agent,Linear Trend Generator,003,40,40.0
Frequency-Based Majority Agent,Linear Trend Generator,003,41,41.0
Frequency-Based Majority Agent,Linear Trend Generator,003,42,42.0
Frequency-Based Majority Agent,Linear Trend Generator,003,43,43.0
Frequency-Based Majority Agent,Linear Trend Generator,003,44,44.0
Frequency-Based Majority Agent,Linear Trend Generator,003,45,45.0
Frequency-Based Majority Agent,Linear Trend Generator,003,46,46.0
Frequency-Based Majority Agent,Linear Trend Generator,003,47,47.0
Frequency-Based Majority Agent,Linear Trend Generator,003,48,48.0
Frequency-Based Majority Agent,Linear Trend Generator,003,49,49.0
Frequency-Based Majority Agent,Linear Trend Generator,003,50,50.0
Frequency-Based Majority Agent,Linear Trend Generator,003,51,51.0
Frequency-Based Majority Agent,Linear Trend Generator,003,52,52.0
Frequency-Based Majority Agent,Linear Trend Generator,003,53,53.0
Frequency-Based Majority Agent,Linear Trend Generator,003,54,54.0
Frequency-Based Majority Agent,Linear Trend Generator,003,55,55.0
Frequency-Based Majority Agent,Linear Trend Generator,003,56,56.0
Frequency-Based Majority Agent,Linear Trend Generator,003,57,57.0
Frequency-Based Majority Agent,Linear Trend Generator,003,58,58.0
Frequency-Based Majority Agent,Linear Trend Generator,003,59,59.0
Frequency-Based Majority Agent,Linear Trend Generator,003,60,60.0
Frequency-Based Majority Agent,Linear Trend Generator,003,61,61.0
Frequency-Based Majority Agent,Linear Trend Generator,003,62,62.0
Frequency-Based Majority Agent,Linear Trend Generator,003,63,63.0
Frequency-Based Majority Agent,Linear Trend Generator,003,64,64.0
Frequency-Based Majority Agent,Linear Trend Generator,003,65,65.0
Frequency-Based Majority Agent,Linear Trend Generator,003,66,66.0
Frequency-Based Majority Agent,Linear Trend Generator,003,67,67.0
Frequency-Based Majority Agent,Linear Trend Generator,003,68,68.0
Frequency-Based Majority Agent,Linear Trend Generator,003,69,69.0
Frequency-Based Majority Agent,Linear Trend Generator,003,70,70.0
Frequency-Based Majority Agent,Linear Trend Generator,003,71,71.0
Frequency-Based Majority Agent,Linear Trend Generator,003,72,72.0
Frequency-Based Majority Agent,Linear Trend Generator,003,73,73.0
Frequency-Based Majority Agent,Linear Trend Generator,003,74,74.0
Frequency-Based Majority Agent,Linear Trend Generator,003,75,75.0
Frequency-Based Majority Agent,Linear Trend Generator,003,76,76.0
Frequency-Based Majority Agent,Linear Trend Generator,003,77,77.0
Frequency-Based Majority Agent,Linear Trend Generator,003,78,78.0
Frequency-Based Majority Agent,Linear Trend Generator,003,79,79.0
Frequency-Based Majority Agent,Linear Trend Generator,003,80,80.0
Frequency-Based Majority Agent,Linear Trend Generator,003,81,81.0
Frequency-Based Majority Agent,Linear Trend Generator,003,82,82.0
Frequency-Based Majority Agent,Linear Trend Generator,003,83,83.0
Frequency-Based Majority Agent,Linear Trend Generator,003,84,84.0
Frequency-Based Majority Agent,Linear Trend Generator,003,85,85.0
Frequency-Based Majority Agent,Linear Trend Generator,003,86,86.0
Frequency-Based Majority Agent,Linear Trend Generator,003,87,87.0
Frequency-Based Majority Agent,Linear Trend Generator,003,88,88.0
Frequency-Based Majority Agent,Linear Trend Generator,003,89,89.0
Frequency-Based Majority Agent,Linear Trend Generator,003,90,90.0
Frequency-Based Majority Agent,Linear Trend Generator,003,91,91.0
Frequency-Based Majority Agent,Linear Trend Generator,003,92,92.0
Frequency-Based Majority Agent,Linear Trend Generator,003,93,93.0
Frequency-Based Majority Agent,Linear Trend Generator,003,94,94.0
Frequency-Based Majority Agent,Linear Trend Generator,003,95,95.0
Frequency-Based Majority Agent,Linear Trend Generator,003,96,96.0
Frequency-Based Majority Agent,Linear Trend Generator,003,97,97.0
Frequency-Based Majority Agent,Linear Trend Generator,003,98,98.0
Frequency-Based Majority Agent,Linear Trend Generator,003,99,99.0
Frequency-Based Majority Agent,Linear Trend Generator,003,100,100.0
Frequency-Based Majority Agent,Ornstein-Uhlenbeck Generator,001,1,1.0
Frequency-Based Majority Agent,Ornstein-Uhlenbeck Generator,001,2,0.0
Frequency-Based Majority Agent,Ornstein-Uhlenbeck Generator,001,3,-1.0
Frequency-Based Majority Agent,Ornstein-Uhlenbeck Generator,001,4,0.0
Frequency-Based Majority Agent,Ornstein-Uhlenbeck Generator,001,5,1.0
Frequency-Based Majority Agent,Ornstein-Uhlenbeck Generator,001,6,2.0
Frequency-Based Majority Agent,Ornstein-Uhlenbeck Generator,001,7,3.0
Frequency-Based Majority Agent,Ornstein-Uhlenbeck Generator,001,8,4.0
Frequency-Based Majority Agent,Ornstein-Uhlenbeck Generator,001,9,5.0
Frequency-Based Majority Agent,Ornstein-Uhlenbeck Generator,001,10,6.0
Frequency-Based Majority Agent,Ornstein-Uhlenbeck Generator,001,11,7.0
Frequency-Based Majority Agent,Ornstein-Uhlenbeck Generator,001,12,8.0
Frequency-Based Majority Agent,Ornstein-Uhlenbeck Generator,001,13,9.0
Frequency-Based Majority Agent,Ornstein-Uhlenbeck Generator,001,14,10.0
Frequency-Based Majority Agent,Ornstein-Uhlenbeck Generator,001,15,9.0
Frequency-Based Majority Agent,Ornstein-Uhlenbeck Generator,001,16,8.0
Frequency-Based Majority Agent,Ornstein-Uhlenbeck Generator,001,17,9.0
Frequency-Based Majority Agent,Ornstein-Uhlenbeck Generator,001,18,10.0
Frequency-Based Majority Agent,Ornstein-Uhlenbeck Generator,001,19,9.0
Frequency-Based Majority Agent,Ornstein-Uhlenbeck Generator,001,20,8.0
Frequency-Based Majority Agent,Ornstein-Uhlenbeck Generator,001,21,7.0
Frequency-Based Majority Agent,Ornstein-Uhlenbeck Generator,001,22,8.0
Frequency-Based Majority Agent,Ornstein-Uhlenbeck Generator,001,23,7.0
Frequency-Based Majority Agent,Ornstein-Uhlenbeck Generator,001,24,8.0
Frequency-Based Majority Agent,Ornstein-Uhlenbeck Generator,001,25,9.0
Frequency-Based Majority Agent,Ornstein-Uhlenbeck Generator,001,26,8.0
Frequency-Based Majority Agent,Ornstein-Uhlenbeck Generator,001,27,9.0
Frequency-Based Majority Agent,Ornstein-Uhlenbeck Generator,001,28,10.0
Frequency-Based Majority Agent,Ornstein-Uhlenbeck Generator,001,29,11.0
Frequency-Based Majority Agent,Ornstein-Uhlenbeck Generator,001,30,10.0
Frequency-Based Majority Agent,Ornstein-Uhlenbeck Generator,001,31,11.0
Frequency-Based Majority Agent,Ornstein-Uhlenbeck Generator,001,32,12.0
Frequency-Based Majority Agent,Ornstein-Uhlenbeck Generator,001,33,13.0
Frequency-Based Majority Agent,Ornstein-Uhlenbeck Generator,001,34,12.0
Frequency-Based Majority Agent,Ornstein-Uhlenbeck Generator,001,35,13.0
Frequency-Based Majority Agent,Ornstein-Uhlenbeck Generator,001,36,12.0
Frequency-Based Majority Agent,Ornstein-Uhlenbeck Generator,001,37,11.0
Frequency-Based Majority Agent,Ornstein-Uhlenbeck Generator,001,38,10.0
Frequency-Based Majority Agent,Ornstein-Uhlenbeck Generator,001,39,9.0
Frequency-Based Majority Agent,Ornstein-Uhlenbeck Generator,001,40,8.0
Frequency-Based Majority Agent,Ornstein-Uhlenbeck Generator,001,41,7.0
Frequency-Based Majority Agent,Ornstein-Uhlenbeck Generator,001,42,6.0
Frequency-Based Majority Agent,Ornstein-Uhlenbeck Generator,001,43,7.0
Frequency-Based Majority Agent,Ornstein-Uhlenbeck Generator,001,44,8.0
Frequency-Based Majority Agent,Ornstein-Uhlenbeck Generator,001,45,9.0
Frequency-Based Majority Agent,Ornstein-Uhlenbeck Generator,001,46,8.0
Frequency-Based Majority Agent,Ornstein-Uhlenbeck Generator,001,47,9.0
Frequency-Based Majority Agent,Ornstein-Uhlenbeck Generator,001,48,8.0
Frequency-Based Majority Agent,Ornstein-Uhlenbeck Generator,001,49,7.0
Frequency-Based Majority Agent,Ornstein-Uhlenbeck Generator,001,50,6.0
Frequency-Based Majority Agent,Ornstein-Uhlenbeck Generator,001,51,5.0
Frequency-Based Majority Agent,Ornstein-Uhlenbeck Generator,001,52,6.0
Frequency-Based Majority Agent,Ornstein-Uhlenbeck Generator,001,53,5.0
Frequency-Based Majority Agent,Ornstein-Uhlenbeck Generator,001,54,6.0
Frequency-Based Majority Agent,Ornstein-Uhlenbeck Generator,001,55,5.0
Frequency-Based Majority Agent,Ornstein-Uhlenbeck Generator,001,56,6.0
Frequency-Based Majority Agent,Ornstein-Uhlenbeck Generator,001,57,7.0
Frequency-Based Majority Agent,Ornstein-Uhlenbeck Generator,001,58,8.0
Frequency-Based Majority Agent,Ornstein-Uhlenbeck Generator,001,59,7.0
Frequency-Based Majority Agent,Ornstein-Uhlenbeck Generator,001,60,8.0
Frequency-Based Majority Agent,Ornstein-Uhlenbeck Generator,001,61,9.0
Frequency-Based Majority Agent,Ornstein-Uhlenbeck Generator,001,62,8.0
Frequency-Based Majority Agent,Ornstein-Uhlenbeck Generator,001,63,9.0
Frequency-Based Majority Agent,Ornstein-Uhlenbeck Generator,001,64,10.0
Frequency-Based Majority Agent,Ornstein-Uhlenbeck Generator,001,65,11.0
Frequency-Based Majority Agent,Ornstein-Uhlenbeck Generator,001,66,12.0
Frequency-Based Majority Agent,Ornstein-Uhlenbeck Generator,001,67,11.0
Frequency-Based Majority Agent,Ornstein-Uhlenbeck Generator,001,68,10.0
Frequency-Based Majority Agent,Ornstein-Uhlenbeck Generator,001,69,9.0
Frequency-Based Majority Agent,Ornstein-Uhlenbeck Generator,001,70,10.0
Frequency-Based Majority Agent,Ornstein-Uhlenbeck Generator,001,71,9.0
Frequency-Based Majority Agent,Ornstein-Uhlenbeck Generator,001,72,10.0
Frequency-Based Majority Agent,Ornstein-Uhlenbeck Generator,001,73,9.0
Frequency-Based Majority Agent,Ornstein-Uhlenbeck Generator,001,74,8.0
Frequency-Based Majority Agent,Ornstein-Uhlenbeck Generator,001,75,9.0
Frequency-Based Majority Agent,Ornstein-Uhlenbeck Generator,001,76,10.0
Frequency-Based Majority Agent,Ornstein-Uhlenbeck Generator,001,77,9.0
Frequency-Based Majority Agent,Ornstein-Uhlenbeck Generator,001,78,10.0
Frequency-Based Majority Agent,Ornstein-Uhlenbeck Generator,001,79,9.0
Frequency-Based Majority Agent,Ornstein-Uhlenbeck Generator,001,80,10.0
Frequency-Based Majority Agent,Ornstein-Uhlenbeck Generator,001,81,9.0
Frequency-Based Majority Agent,Ornstein-Uhlenbeck Generator,001,82,8.0
Frequency-Based Majority Agent,Ornstein-Uhlenbeck Generator,001,83,7.0
Frequency-Based Majority Agent,Ornstein-Uhlenbeck Generator,001,84,8.0
Frequency-Based Majority Agent,Ornstein-Uhlenbeck Generator,001,85,9.0
Frequency-Based Majority Agent,Ornstein-Uhlenbeck Generator,001,86,8.0
Frequency-Based Majority Agent,Ornstein-Uhlenbeck Generator,001,87,7.0
Frequency-Based Majority Agent,Ornstein-Uhlenbeck Generator,001,88,6.0
Frequency-Based Majority Agent,Ornstein-Uhlenbeck Generator,001,89,7.0
Frequency-Based Majority Agent,Ornstein-Uhlenbeck Generator,001,90,6.0
Frequency-Based Majority Agent,Ornstein-Uhlenbeck Generator,001,91,5.0
Frequency-Based Majority Agent,Ornstein-Uhlenbeck Generator,001,92,6.0
Frequency-Based Majority Agent,Ornstein-Uhlenbeck Generator,001,93,7.0
Frequency-Based Majority Agent,Ornstein-Uhlenbeck Generator,001,94,6.0
Frequency-Based Majority Agent,Ornstein-Uhlenbeck Generator,001,95,5.0
Frequency-Based Majority Agent,Ornstein-Uhlenbeck Generator,001,96,6.0
Frequency-Based Majority Agent,Ornstein-Uhlenbeck Generator,001,97,5.0
Frequency-Based Majority Agent,Ornstein-Uhlenbeck Generator,001,98,6.0
Frequency-Based Majority Agent,Ornstein-Uhlenbeck Generator,001,99,5.0
Frequency-Based Majority Agent,Ornstein-Uhlenbeck Generator,001,100,4.0
Frequency-Based Majority Agent,Ornstein-Uhlenbeck Generator,002,1,1.0
Frequency-Based Majority Agent,Ornstein-Uhlenbeck Generator,002,2,0.0
Frequency-Based Majority Agent,Ornstein-Uhlenbeck Generator,002,3,-1.0
Frequency-Based Majority Agent,Ornstein-Uhlenbeck Generator,002,4,0.0
Frequency-Based Majority Agent,Ornstein-Uhlenbeck Generator,002,5,1.0
Frequency-Based Majority Agent,Ornstein-Uhlenbeck Generator,002,6,2.0
Frequency-Based Majority Agent,Ornstein-Uhlenbeck Generator,002,7,3.0
Frequency-Based Majority Agent,Ornstein-Uhlenbeck Generator,002,8,4.0
Frequency-Based Majority Agent,Ornstein-Uhlenbeck Generator,002,9,5.0
Frequency-Based Majority Agent,Ornstein-Uhlenbeck Generator,002,10,6.0
Frequency-Based Majority Agent,Ornstein-Uhlenbeck Generator,002,11,7.0
Frequency-Based Majority Agent,Ornstein-Uhlenbeck Generator,002,12,8.0
Frequency-Based Majority Agent,Ornstein-Uhlenbeck Generator,002,13,9.0
Frequency-Based Majority Agent,Ornstein-Uhlenbeck Generator,002,14,10.0
Frequency-Based Majority Agent,Ornstein-Uhlenbeck Generator,002,15,9.0
Frequency-Based Majority Agent,Ornstein-Uhlenbeck Generator,002,16,10.0
Frequency-Based Majority Agent,Ornstein-Uhlenbeck Generator,002,17,11.0
Frequency-Based Majority Agent,Ornstein-Uhlenbeck Generator,002,18,10.0
Frequency-Based Majority Agent,Ornstein-Uhlenbeck Generator,002,19,9.0
Frequency-Based Majority Agent,Ornstein-Uhlenbeck Generator,002,20,10.0
Frequency-Based Majority Agent,Ornstein-Uhlenbeck Generator,002,21,11.0
Frequency-Based Majority Agent,Ornstein-Uhlenbeck Generator,002,22,10.0
Frequency-Based Majority Agent,Ornstein-Uhlenbeck Generator,002,23,11.0
Frequency-Based Majority Agent,Ornstein-Uhlenbeck Generator,002,24,12.0
Frequency-Based Majority Agent,Ornstein-Uhlenbeck Generator,002,25,13.0
Frequency-Based Majority Agent,Ornstein-Uhlenbeck Generator,002,26,12.0
Frequency-Based Majority Agent,Ornstein-Uhlenbeck Generator,002,27,11.0
Frequency-Based Majority Agent,Ornstein-Uhlenbeck Generator,002,28,12.0
Frequency-Based Majority Agent,Ornstein-Uhlenbeck Generator,002,29,11.0
Frequency-Based Majority Agent,Ornstein-Uhlenbeck Generator,002,30,10.0
Frequency-Based Majority Agent,Ornstein-Uhlenbeck Generator,002,31,11.0
Frequency-Based Majority Agent,Ornstein-Uhlenbeck Generator,002,32,12.0
Frequency-Based Majority Agent,Ornstein-Uhlenbeck Generator,002,33,11.0
Frequency-Based Majority Agent,Ornstein-Uhlenbeck Generator,002,34,10.0
Frequency-Based Majority Agent,Ornstein-Uhlenbeck Generator,002,35,11.0
Frequency-Based Majority Agent,Ornstein-Uhlenbeck Generator,002,36,12.0
Frequency-Based Majority Agent,Ornstein-Uhlenbeck Generator,002,37,13.0
Frequency-Based Majority Agent,Ornstein-Uhlenbeck Generator,002,38,12.0
Frequency-Based Majority Agent,Ornstein-Uhlenbeck Generator,002,39,13.0
Frequency-Based Majority Agent,Ornstein-Uhlenbeck Generator,002,40,12.0
Frequency-Based Majority Agent,Ornstein-Uhlenbeck Generator,002,41,13.0
Frequency-Based Majority Agent,Ornstein-Uhlenbeck Generator,002,42,12.0
Frequency-Based Majority Agent,Ornstein-Uhlenbeck Generator,002,43,11.0
Frequency-Based Majority Agent,Ornstein-Uhlenbeck Generator,002,44,10.0
Frequency-Based Majority Agent,Ornstein-Uhlenbeck Generator,002,45,11.0
Frequency-Based Majority Agent,Ornstein-Uhlenbeck Generator,002,46,10.0
Frequency-Based Majority Agent,Ornstein-Uhlenbeck Generator,002,47,9.0
Frequency-Based Majority Agent,Ornstein-Uhlenbeck Generator,002,48,10.0
Frequency-Based Majority Agent,Ornstein-Uhlenbeck Generator,002,49,11.0
Frequency-Based Majority Agent,Ornstein-Uhlenbeck Generator,002,50,12.0
Frequency-Based Majority Agent,Ornstein-Uhlenbeck Generator,002,51,13.0
Frequency-Based Majority Agent,Ornstein-Uhlenbeck Generator,002,52,14.0
Frequency-Based Majority Agent,Ornstein-Uhlenbeck Generator,002,53,15.0
Frequency-Based Majority Agent,Ornstein-Uhlenbeck Generator,002,54,14.0
Frequency-Based Majority Agent,Ornstein-Uhlenbeck Generator,002,55,13.0
Frequency-Based Majority Agent,Ornstein-Uhlenbeck Generator,002,56,12.0
Frequency-Based Majority Agent,Ornstein-Uhlenbeck Generator,002,57,13.0
Frequency-Based Majority Agent,Ornstein-Uhlenbeck Generator,002,58,12.0
Frequency-Based Majority Agent,Ornstein-Uhlenbeck Generator,002,59,13.0
Frequency-Based Majority Agent,Ornstein-Uhlenbeck Generator,002,60,14.0
Frequency-Based Majority Agent,Ornstein-Uhlenbeck Generator,002,61,13.0
Frequency-Based Majority Agent,Ornstein-Uhlenbeck Generator,002,62,12.0
Frequency-Based Majority Agent,Ornstein-Uhlenbeck Generator,002,63,13.0
Frequency-Based Majority Agent,Ornstein-Uhlenbeck Generator,002,64,12.0
Frequency-Based Majority Agent,Ornstein-Uhlenbeck Generator,002,65,13.0
Frequency-Based Majority Agent,Ornstein-Uhlenbeck Generator,002,66,14.0
Frequency-Based Majority Agent,Ornstein-Uhlenbeck Generator,002,67,15.0
Frequency-Based Majority Agent,Ornstein-Uhlenbeck Generator,002,68,16.0
Frequency-Based Majority Agent,Ornstein-Uhlenbeck Generator,002,69,17.0
Frequency-Based Majority Agent,Ornstein-Uhlenbeck Generator,002,70,18.0
Frequency-Based Majority Agent,Ornstein-Uhlenbeck Generator,002,71,19.0
Frequency-Based Majority Agent,Ornstein-Uhlenbeck Generator,002,72,18.0
Frequency-Based Majority Agent,Ornstein-Uhlenbeck Generator,002,73,17.0
Frequency-Based Majority Agent,Ornstein-Uhlenbeck Generator,002,74,18.0
Frequency-Based Majority Agent,Ornstein-Uhlenbeck Generator,002,75,17.0
Frequency-Based Majority Agent,Ornstein-Uhlenbeck Generator,002,76,16.0
Frequency-Based Majority Agent,Ornstein-Uhlenbeck Generator,002,77,15.0
Frequency-Based Majority Agent,Ornstein-Uhlenbeck Generator,002,78,14.0
Frequency-Based Majority Agent,Ornstein-Uhlenbeck Generator,002,79,15.0
Frequency-Based Majority Agent,Ornstein-Uhlenbeck Generator,002,80,16.0
Frequency-Based Majority Agent,Ornstein-Uhlenbeck Generator,002,81,15.0
Frequency-Based Majority Agent,Ornstein-Uhlenbeck Generator,002,82,14.0
Frequency-Based Majority Agent,Ornstein-Uhlenbeck Generator,002,83,13.0
Frequency-Based Majority Agent,Ornstein-Uhlenbeck Generator,002,84,12.0
Frequency-Based Majority Agent,Ornstein-Uhlenbeck Generator,002,85,11.0
Frequency-Based Majority Agent,Ornstein-Uhlenbeck Generator,002,86,10.0
Frequency-Based Majority Agent,Ornstein-Uhlenbeck Generator,002,87,11.0
Frequency-Based Majority Agent,Ornstein-Uhlenbeck Generator,002,88,10.0
Frequency-Based Majority Agent,Ornstein-Uhlenbeck Generator,002,89,11.0
Frequency-Based Majority Agent,Ornstein-Uhlenbeck Generator,002,90,10.0
Frequency-Based Majority Agent,Ornstein-Uhlenbeck Generator,002,91,9.0
Frequency-Based Majority Agent,Ornstein-Uhlenbeck Generator,002,92,8.0
Frequency-Based Majority Agent,Ornstein-Uhlenbeck Generator,002,93,9.0
Frequency-Based Majority Agent,Ornstein-Uhlenbeck Generator,002,94,8.0
Frequency-Based Majority Agent,Ornstein-Uhlenbeck Generator,002,95,9.0
Frequency-Based Majority Agent,Ornstein-Uhlenbeck Generator,002,96,8.0
Frequency-Based Majority Agent,Ornstein-Uhlenbeck Generator,002,97,9.0
Frequency-Based Majority Agent,Ornstein-Uhlenbeck Generator,002,98,8.0
Frequency-Based Majority Agent,Ornstein-Uhlenbeck Generator,002,99,9.0
Frequency-Based Majority Agent,Ornstein-Uhlenbeck Generator,002,100,10.0
Frequency-Based Majority Agent,Ornstein-Uhlenbeck Generator,003,1,1.0
Frequency-Based Majority Agent,Ornstein-Uhlenbeck Generator,003,2,0.0
Frequency-Based Majority Agent,Ornstein-Uhlenbeck Generator,003,3,-1.0
Frequency-Based Majority Agent,Ornstein-Uhlenbeck Generator,003,4,0.0
Frequency-Based Majority Agent,Ornstein-Uhlenbeck Generator,003,5,1.0
Frequency-Based Majority Agent,Ornstein-Uhlenbeck Generator,003,6,2.0
Frequency-Based Majority Agent,Ornstein-Uhlenbeck Generator,003,7,3.0
Frequency-Based Majority Agent,Ornstein-Uhlenbeck Generator,003,8,4.0
Frequency-Based Majority Agent,Ornstein-Uhlenbeck Generator,003,9,5.0
Frequency-Based Majority Agent,Ornstein-Uhlenbeck Generator,003,10,6.0
Frequency-Based Majority Agent,Ornstein-Uhlenbeck Generator,003,11,7.0
Frequency-Based Majority Agent,Ornstein-Uhlenbeck Generator,003,12,8.0
Frequency-Based Majority Agent,Ornstein-Uhlenbeck Generator,003,13,9.0
Frequency-Based Majority Agent,Ornstein-Uhlenbeck Generator,003,14,10.0
Frequency-Based Majority Agent,Ornstein-Uhlenbeck Generator,003,15,11.0
Frequency-Based Majority Agent,Ornstein-Uhlenbeck Generator,003,16,10.0
Frequency-Based Majority Agent,Ornstein-Uhlenbeck Generator,003,17,11.0
Frequency-Based Majority Agent,Ornstein-Uhlenbeck Generator,003,18,12.0
Frequency-Based Majority Agent,Ornstein-Uhlenbeck Generator,003,19,13.0
Frequency-Based Majority Agent,Ornstein-Uhlenbeck Generator,003,20,14.0
Frequency-Based Majority Agent,Ornstein-Uhlenbeck Generator,003,21,13.0
Frequency-Based Majority Agent,Ornstein-Uhlenbeck Generator,003,22,14.0
Frequency-Based Majority Agent,Ornstein-Uhlenbeck Generator,003,23,13.0
Frequency-Based Majority Agent,Ornstein-Uhlenbeck Generator,003,24,12.0
Frequency-Based Majority Agent,Ornstein-Uhlenbeck Generator,003,25,13.0
Frequency-Based Majority Agent,Ornstein-Uhlenbeck Generator,003,26,12.0
Frequency-Based Majority Agent,Ornstein-Uhlenbeck Generator,003,27,13.0
Frequency-Based Majority Agent,Ornstein-Uhlenbeck Generator,003,28,14.0
Frequency-Based Majority Agent,Ornstein-Uhlenbeck Generator,003,29,15.0
Frequency-Based Majority Agent,Ornstein-Uhlenbeck Generator,003,30,16.0
Frequency-Based Majority Agent,Ornstein-Uhlenbeck Generator,003,31,15.0
Frequency-Based Majority Agent,Ornstein-Uhlenbeck Generator,003,32,16.0
Frequency-Based Majority Agent,Ornstein-Uhlenbeck Generator,003,33,15.0
Frequency-Based Majority Agent,Ornstein-Uhlenbeck Generator,003,34,14.0
Frequency-Based Majority Agent,Ornstein-Uhlenbeck Generator,003,35,13.0
Frequency-Based Majority Agent,Ornstein-Uhlenbeck Generator,003,36,14.0
Frequency-Based Majority Agent,Ornstein-Uhlenbeck Generator,003,37,15.0
Frequency-Based Majority Agent,Ornstein-Uhlenbeck Generator,003,38,14.0
Frequency-Based Majority Agent,Ornstein-Uhlenbeck Generator,003,39,13.0
Frequency-Based Majority Agent,Ornstein-Uhlenbeck Generator,003,40,12.0
Frequency-Based Majority Agent,Ornstein-Uhlenbeck Generator,003,41,11.0
Frequency-Based Majority Agent,Ornstein-Uhlenbeck Generator,003,42,12.0
Frequency-Based Majority Agent,Ornstein-Uhlenbeck Generator,003,43,11.0
Frequency-Based Majority Agent,Ornstein-Uhlenbeck Generator,003,44,10.0
Frequency-Based Majority Agent,Ornstein-Uhlenbeck Generator,003,45,11.0
Frequency-Based Majority Agent,Ornstein-Uhlenbeck Generator,003,46,12.0
Frequency-Based Majority Agent,Ornstein-Uhlenbeck Generator,003,47,13.0
Frequency-Based Majority Agent,Ornstein-Uhlenbeck Generator,003,48,12.0
Frequency-Based Majority Agent,Ornstein-Uhlenbeck Generator,003,49,13.0
Frequency-Based Majority Agent,Ornstein-Uhlenbeck Generator,003,50,12.0
Frequency-Based Majority Agent,Ornstein-Uhlenbeck Generator,003,51,13.0
Frequency-Based Majority Agent,Ornstein-Uhlenbeck Generator,003,52,14.0
Frequency-Based Majority Agent,Ornstein-Uhlenbeck Generator,003,53,15.0
Frequency-Based Majority Agent,Ornstein-Uhlenbeck Generator,003,54,14.0
Frequency-Based Majority Agent,Ornstein-Uhlenbeck Generator,003,55,13.0
Frequency-Based Majority Agent,Ornstein-Uhlenbeck Generator,003,56,14.0
Frequency-Based Majority Agent,Ornstein-Uhlenbeck Generator,003,57,13.0
Frequency-Based Majority Agent,Ornstein-Uhlenbeck Generator,003,58,12.0
Frequency-Based Majority Agent,Ornstein-Uhlenbeck Generator,003,59,11.0
Frequency-Based Majority Agent,Ornstein-Uhlenbeck Generator,003,60,12.0
Frequency-Based Majority Agent,Ornstein-Uhlenbeck Generator,003,61,11.0
Frequency-Based Majority Agent,Ornstein-Uhlenbeck Generator,003,62,12.0
Frequency-Based Majority Agent,Ornstein-Uhlenbeck Generator,003,63,13.0
Frequency-Based Majority Agent,Ornstein-Uhlenbeck Generator,003,64,12.0
Frequency-Based Majority Agent,Ornstein-Uhlenbeck Generator,003,65,13.0
Frequency-Based Majority Agent,Ornstein-Uhlenbeck Generator,003,66,14.0
Frequency-Based Majority Agent,Ornstein-Uhlenbeck Generator,003,67,13.0
Frequency-Based Majority Agent,Ornstein-Uhlenbeck Generator,003,68,14.0
Frequency-Based Majority Agent,Ornstein-Uhlenbeck Generator,003,69,13.0
Frequency-Based Majority Agent,Ornstein-Uhlenbeck Generator,003,70,12.0
Frequency-Based Majority Agent,Ornstein-Uhlenbeck Generator,003,71,13.0
Frequency-Based Majority Agent,Ornstein-Uhlenbeck Generator,003,72,14.0
Frequency-Based Majority Agent,Ornstein-Uhlenbeck Generator,003,73,15.0
Frequency-Based Majority Agent,Ornstein-Uhlenbeck Generator,003,74,14.0
Frequency-Based Majority Agent,Ornstein-Uhlenbeck Generator,003,75,13.0
Frequency-Based Majority Agent,Ornstein-Uhlenbeck Generator,003,76,12.0
Frequency-Based Majority Agent,Ornstein-Uhlenbeck Generator,003,77,13.0
Frequency-Based Majority Agent,Ornstein-Uhlenbeck Generator,003,78,14.0
Frequency-Based Majority Agent,Ornstein-Uhlenbeck Generator,003,79,15.0
Frequency-Based Majority Agent,Ornstein-Uhlenbeck Generator,003,80,14.0
Frequency-Based Majority Agent,Ornstein-Uhlenbeck Generator,003,81,13.0
Frequency-Based Majority Agent,Ornstein-Uhlenbeck Generator,003,82,14.0
Frequency-Based Majority Agent,Ornstein-Uhlenbeck Generator,003,83,15.0
Frequency-Based Majority Agent,Ornstein-Uhlenbeck Generator,003,84,14.0
Frequency-Based Majority Agent,Ornstein-Uhlenbeck Generator,003,85,15.0
Frequency-Based Majority Agent,Ornstein-Uhlenbeck Generator,003,86,14.0
Frequency-Based Majority Agent,Ornstein-Uhlenbeck Generator,003,87,13.0
Frequency-Based Majority Agent,Ornstein-Uhlenbeck Generator,003,88,14.0
Frequency-Based Majority Agent,Ornstein-Uhlenbeck Generator,003,89,13.0
Frequency-Based Majority Agent,Ornstein-Uhlenbeck Generator,003,90,12.0
Frequency-Based Majority Agent,Ornstein-Uhlenbeck Generator,003,91,13.0
Frequency-Based Majority Agent,Ornstein-Uhlenbeck Generator,003,92,12.0
Frequency-Based Majority Agent,Ornstein-Uhlenbeck Generator,003,93,13.0
Frequency-Based Majority Agent,Ornstein-Uhlenbeck Generator,003,94,12.0
Frequency-Based Majority Agent,Ornstein-Uhlenbeck Generator,003,95,13.0
Frequency-Based Majority Agent,Ornstein-Uhlenbeck Generator,003,96,12.0
Frequency-Based Majority Agent,Ornstein-Uhlenbeck Generator,003,97,13.0
Frequency-Based Majority Agent,Ornstein-Uhlenbeck Generator,003,98,12.0
Frequency-Based Majority Agent,Ornstein-Uhlenbeck Generator,003,99,13.0
Frequency-Based Majority Agent,Ornstein-Uhlenbeck Generator,003,100,12.0
Frequency-Based Majority Agent,Periodic Trend Generator,001,1,1.0
Frequency-Based Majority Agent,Periodic Trend Generator,001,2,2.0
Frequency-Based Majority Agent,Periodic Trend Generator,001,3,3.0
Frequency-Based Majority Agent,Periodic Trend Generator,001,4,4.0
Frequency-Based Majority Agent,Periodic Trend Generator,001,5,5.0
Frequency-Based Majority Agent,Periodic Trend Generator,001,6,6.0
Frequency-Based Majority Agent,Periodic Trend Generator,001,7,7.0
Frequency-Based Majority Agent,Periodic Trend Generator,001,8,8.0
Frequency-Based Majority Agent,Periodic Trend Generator,001,9,9.0
Frequency-Based Majority Agent,Periodic Trend Generator,001,10,10.0
Frequency-Based Majority Agent,Periodic Trend Generator,001,11,11.0
Frequency-Based Majority Agent,Periodic Trend Generator,001,12,12.0
Frequency-Based Majority Agent,Periodic Trend Generator,001,13,13.0
Frequency-Based Majority Agent,Periodic Trend Generator,001,14,14.0
Frequency-Based Majority Agent,Periodic Trend Generator,001,15,15.0
Frequency-Based Majority Agent,Periodic Trend Generator,001,16,16.0
Frequency-Based Majority Agent,Periodic Trend Generator,001,17,17.0
Frequency-Based Majority Agent,Periodic Trend Generator,001,18,16.0
Frequency-Based Majority Agent,Periodic Trend Generator,001,19,15.0
Frequency-Based Majority Agent,Periodic Trend Generator,001,20,14.0
Frequency-Based Majority Agent,Periodic Trend Generator,001,21,13.0
Frequency-Based Majority Agent,Periodic Trend Generator,001,22,12.0
Frequency-Based Majority Agent,Periodic Trend Generator,001,23,11.0
Frequency-Based Majority Agent,Periodic Trend Generator,001,24,10.0
Frequency-Based Majority Agent,Periodic Trend Generator,001,25,9.0
Frequency-Based Majority Agent,Periodic Trend Generator,001,26,8.0
Frequency-Based Majority Agent,Periodic Trend Generator,001,27,7.0
Frequency-Based Majority Agent,Periodic Trend Generator,001,28,6.0
Frequency-Based Majority Agent,Periodic Trend Generator,001,29,5.0
Frequency-Based Majority Agent,Periodic Trend Generator,001,30,4.0
Frequency-Based Majority Agent,Periodic Trend Generator,001,31,3.0
Frequency-Based Majority Agent,Periodic Trend Generator,001,32,2.0
Frequency-Based Majority Agent,Periodic Trend Generator,001,33,1.0
Frequency-Based Majority Agent,Periodic Trend Generator,001,34,0.0
Frequency-Based Majority Agent,Periodic Trend Generator,001,35,-1.0
Frequency-Based Majority Agent,Periodic Trend Generator,001,36,0.0
Frequency-Based Majority Agent,Periodic Trend Generator,001,37,1.0
Frequency-Based Majority Agent,Periodic Trend Generator,001,38,2.0
Frequency-Based Majority Agent,Periodic Trend Generator,001,39,3.0
Frequency-Based Majority Agent,Periodic Trend Generator,001,40,4.0
Frequency-Based Majority Agent,Periodic Trend Generator,001,41,5.0
Frequency-Based Majority Agent,Periodic Trend Generator,001,42,6.0
Frequency-Based Majority Agent,Periodic Trend Generator,001,43,7.0
Frequency-Based Majority Agent,Periodic Trend Generator,001,44,8.0
Frequency-Based Majority Agent,Periodic Trend Generator,001,45,9.0
Frequency-Based Majority Agent,Periodic Trend Generator,001,46,10.0
Frequency-Based Majority Agent,Periodic Trend Generator,001,47,11.0
Frequency-Based Majority Agent,Periodic Trend Generator,001,48,12.0
Frequency-Based Majority Agent,Periodic Trend Generator,001,49,11.0
Frequency-Based Majority Agent,Periodic Trend Generator,001,50,10.0
Frequency-Based Majority Agent,Periodic Trend Generator,001,51,9.0
Frequency-Based Majority Agent,Periodic Trend Generator,001,52,8.0
Frequency-Based Majority Agent,Periodic Trend Generator,001,53,7.0
Frequency-Based Majority Agent,Periodic Trend Generator,001,54,6.0
Frequency-Based Majority Agent,Periodic Trend Generator,001,55,5.0
Frequency-Based Majority Agent,Periodic Trend Generator,001,56,4.0
Frequency-Based Majority Agent,Periodic Trend Generator,001,57,3.0
Frequency-Based Majority Agent,Periodic Trend Generator,001,58,2.0
Frequency-Based Majority Agent,Periodic Trend Generator,001,59,1.0
Frequency-Based Majority Agent,Periodic Trend Generator,001,60,0.0
Frequency-Based Majority Agent,Periodic Trend Generator,001,61,-1.0
Frequency-Based Majority Agent,Periodic Trend Generator,001,62,-2.0
Frequency-Based Majority Agent,Periodic Trend Generator,001,63,-1.0
Frequency-Based Majority Agent,Periodic Trend Generator,001,64,0.0
Frequency-Based Majority Agent,Periodic Trend Generator,001,65,1.0
Frequency-Based Majority Agent,Periodic Trend Generator,001,66,2.0
Frequency-Based Majority Agent,Periodic Trend Generator,001,67,3.0
Frequency-Based Majority Agent,Periodic Trend Generator,001,68,4.0
Frequency-Based Majority Agent,Periodic Trend Generator,001,69,5.0
Frequency-Based Majority Agent,Periodic Trend Generator,001,70,6.0
Frequency-Based Majority Agent,Periodic Trend Generator,001,71,7.0
Frequency-Based Majority Agent,Periodic Trend Generator,001,72,8.0
Frequency-Based Majority Agent,Periodic Trend Generator,001,73,9.0
Frequency-Based Majority Agent,Periodic Trend Generator,001,74,10.0
Frequency-Based Majority Agent,Periodic Trend Generator,001,75,11.0
Frequency-Based Majority Agent,Periodic Trend Generator,001,76,12.0
Frequency-Based Majority Agent,Periodic Trend Generator,001,77,13.0
Frequency-Based Majority Agent,Periodic Trend Generator,001,78,14.0
Frequency-Based Majority Agent,Periodic Trend Generator,001,79,15.0
Frequency-Based Majority Agent,Periodic Trend Generator,001,80,16.0
Frequency-Based Majority Agent,Periodic Trend Generator,001,81,15.0
Frequency-Based Majority Agent,Periodic Trend Generator,001,82,14.0
Frequency-Based Majority Agent,Periodic Trend Generator,001,83,13.0
Frequency-Based Majority Agent,Periodic Trend Generator,001,84,12.0
Frequency-Based Majority Agent,Periodic Trend Generator,001,85,11.0
Frequency-Based Majority Agent,Periodic Trend Generator,001,86,10.0
Frequency-Based Majority Agent,Periodic Trend Generator,001,87,9.0
Frequency-Based Majority Agent,Periodic Trend Generator,001,88,8.0
Frequency-Based Majority Agent,Periodic Trend Generator,001,89,7.0
Frequency-Based Majority Agent,Periodic Trend Generator,001,90,6.0
Frequency-Based Majority Agent,Periodic Trend Generator,001,91,5.0
Frequency-Based Majority Agent,Periodic Trend Generator,001,92,4.0
Frequency-Based Majority Agent,Periodic Trend Generator,001,93,3.0
Frequency-Based Majority Agent,Periodic Trend Generator,001,94,2.0
Frequency-Based Majority Agent,Periodic Trend Generator,001,95,1.0
Frequency-Based Majority Agent,Periodic Trend Generator,001,96,0.0
Frequency-Based Majority Agent,Periodic Trend Generator,001,97,-1.0
Frequency-Based Majority Agent,Periodic Trend Generator,001,98,-2.0
Frequency-Based Majority Agent,Periodic Trend Generator,001,99,-3.0
Frequency-Based Majority Agent,Periodic Trend Generator,001,100,-2.0
Frequency-Based Majority Agent,Periodic Trend Generator,002,1,1.0
Frequency-Based Majority Agent,Periodic Trend Generator,002,2,2.0
Frequency-Based Majority Agent,Periodic Trend Generator,002,3,3.0
Frequency-Based Majority Agent,Periodic Trend Generator,002,4,4.0
Frequency-Based Majority Agent,Periodic Trend Generator,002,5,5.0
Frequency-Based Majority Agent,Periodic Trend Generator,002,6,6.0
Frequency-Based Majority Agent,Periodic Trend Generator,002,7,7.0
Frequency-Based Majority Agent,Periodic Trend Generator,002,8,8.0
Frequency-Based Majority Agent,Periodic Trend Generator,002,9,9.0
Frequency-Based Majority Agent,Periodic Trend Generator,002,10,10.0
Frequency-Based Majority Agent,Periodic Trend Generator,002,11,11.0
Frequency-Based Majority Agent,Periodic Trend Generator,002,12,12.0
Frequency-Based Majority Agent,Periodic Trend Generator,002,13,13.0
Frequency-Based Majority Agent,Periodic Trend Generator,002,14,14.0
Frequency-Based Majority Agent,Periodic Trend Generator,002,15,15.0
Frequency-Based Majority Agent,Periodic Trend Generator,002,16,16.0
Frequency-Based Majority Agent,Periodic Trend Generator,002,17,17.0
Frequency-Based Majority Agent,Periodic Trend Generator,002,18,16.0
Frequency-Based Majority Agent,Periodic Trend Generator,002,19,15.0
Frequency-Based Majority Agent,Periodic Trend Generator,002,20,14.0
Frequency-Based Majority Agent,Periodic Trend Generator,002,21,13.0
Frequency-Based Majority Agent,Periodic Trend Generator,002,22,12.0
Frequency-Based Majority Agent,Periodic Trend Generator,002,23,11.0
Frequency-Based Majority Agent,Periodic Trend Generator,002,24,10.0
Frequency-Based Majority Agent,Periodic Trend Generator,002,25,9.0
Frequency-Based Majority Agent,Periodic Trend Generator,002,26,8.0
Frequency-Based Majority Agent,Periodic Trend Generator,002,27,7.0
Frequency-Based Majority Agent,Periodic Trend Generator,002,28,6.0
Frequency-Based Majority Agent,Periodic Trend Generator,002,29,5.0
Frequency-Based Majority Agent,Periodic Trend Generator,002,30,4.0
Frequency-Based Majority Agent,Periodic Trend Generator,002,31,3.0
Frequency-Based Majority Agent,Periodic Trend Generator,002,32,2.0
Frequency-Based Majority Agent,Periodic Trend Generator,002,33,1.0
Frequency-Based Majority Agent,Periodic Trend Generator,002,34,0.0
Frequency-Based Majority Agent,Periodic Trend Generator,002,35,-1.0
Frequency-Based Majority Agent,Periodic Trend Generator,002,36,0.0
Frequency-Based Majority Agent,Periodic Trend Generator,002,37,1.0
Frequency-Based Majority Agent,Periodic Trend Generator,002,38,2.0
Frequency-Based Majority Agent,Periodic Trend Generator,002,39,3.0
Frequency-Based Majority Agent,Periodic Trend Generator,002,40,4.0
Frequency-Based Majority Agent,Periodic Trend Generator,002,41,5.0
Frequency-Based Majority Agent,Periodic Trend Generator,002,42,6.0
Frequency-Based Majority Agent,Periodic Trend Generator,002,43,7.0
Frequency-Based Majority Agent,Periodic Trend Generator,002,44,8.0
Frequency-Based Majority Agent,Periodic Trend Generator,002,45,9.0
Frequency-Based Majority Agent,Periodic Trend Generator,002,46,10.0
Frequency-Based Majority Agent,Periodic Trend Generator,002,47,11.0
Frequency-Based Majority Agent,Periodic Trend Generator,002,48,12.0
Frequency-Based Majority Agent,Periodic Trend Generator,002,49,11.0
Frequency-Based Majority Agent,Periodic Trend Generator,002,50,10.0
Frequency-Based Majority Agent,Periodic Trend Generator,002,51,9.0
Frequency-Based Majority Agent,Periodic Trend Generator,002,52,8.0
Frequency-Based Majority Agent,Periodic Trend Generator,002,53,7.0
Frequency-Based Majority Agent,Periodic Trend Generator,002,54,6.0
Frequency-Based Majority Agent,Periodic Trend Generator,002,55,5.0
Frequency-Based Majority Agent,Periodic Trend Generator,002,56,4.0
Frequency-Based Majority Agent,Periodic Trend Generator,002,57,3.0
Frequency-Based Majority Agent,Periodic Trend Generator,002,58,2.0
Frequency-Based Majority Agent,Periodic Trend Generator,002,59,1.0
Frequency-Based Majority Agent,Periodic Trend Generator,002,60,0.0
Frequency-Based Majority Agent,Periodic Trend Generator,002,61,-1.0
Frequency-Based Majority Agent,Periodic Trend Generator,002,62,-2.0
Frequency-Based Majority Agent,Periodic Trend Generator,002,63,-1.0
Frequency-Based Majority Agent,Periodic Trend Generator,002,64,0.0
Frequency-Based Majority Agent,Periodic Trend Generator,002,65,1.0
Frequency-Based Majority Agent,Periodic Trend Generator,002,66,2.0
Frequency-Based Majority Agent,Periodic Trend Generator,002,67,3.0
Frequency-Based Majority Agent,Periodic Trend Generator,002,68,4.0
Frequency-Based Majority Agent,Periodic Trend Generator,002,69,5.0
Frequency-Based Majority Agent,Periodic Trend Generator,002,70,6.0
Frequency-Based Majority Agent,Periodic Trend Generator,002,71,7.0
Frequency-Based Majority Agent,Periodic Trend Generator,002,72,8.0
Frequency-Based Majority Agent,Periodic Trend Generator,002,73,9.0
Frequency-Based Majority Agent,Periodic Trend Generator,002,74,10.0
Frequency-Based Majority Agent,Periodic Trend Generator,002,75,11.0
Frequency-Based Majority Agent,Periodic Trend Generator,002,76,12.0
Frequency-Based Majority Agent,Periodic Trend Generator,002,77,13.0
Frequency-Based Majority Agent,Periodic Trend Generator,002,78,14.0
Frequency-Based Majority Agent,Periodic Trend Generator,002,79,15.0
Frequency-Based Majority Agent,Periodic Trend Generator,002,80,16.0
Frequency-Based Majority Agent,Periodic Trend Generator,002,81,15.0
Frequency-Based Majority Agent,Periodic Trend Generator,002,82,14.0
Frequency-Based Majority Agent,Periodic Trend Generator,002,83,13.0
Frequency-Based Majority Agent,Periodic Trend Generator,002,84,12.0
Frequency-Based Majority Agent,Periodic Trend Generator,002,85,11.0
Frequency-Based Majority Agent,Periodic Trend Generator,002,86,10.0
Frequency-Based Majority Agent,Periodic Trend Generator,002,87,9.0
Frequency-Based Majority Agent,Periodic Trend Generator,002,88,8.0
Frequency-Based Majority Agent,Periodic Trend Generator,002,89,7.0
Frequency-Based Majority Agent,Periodic Trend Generator,002,90,6.0
Frequency-Based Majority Agent,Periodic Trend Generator,002,91,5.0
Frequency-Based Majority Agent,Periodic Trend Generator,002,92,4.0
Frequency-Based Majority Agent,Periodic Trend Generator,002,93,3.0
Frequency-Based Majority Agent,Periodic Trend Generator,002,94,2.0
Frequency-Based Majority Agent,Periodic Trend Generator,002,95,1.0
Frequency-Based Majority Agent,Periodic Trend Generator,002,96,0.0
Frequency-Based Majority Agent,Periodic Trend Generator,002,97,-1.0
Frequency-Based Majority Agent,Periodic Trend Generator,002,98,-2.0
Frequency-Based Majority Agent,Periodic Trend Generator,002,99,-3.0
Frequency-Based Majority Agent,Periodic Trend Generator,002,100,-2.0
Frequency-Based Majority Agent,Periodic Trend Generator,003,1,1.0
Frequency-Based Majority Agent,Periodic Trend Generator,003,2,2.0
Frequency-Based Majority Agent,Periodic Trend Generator,003,3,3.0
Frequency-Based Majority Agent,Periodic Trend Generator,003,4,4.0
Frequency-Based Majority Agent,Periodic Trend Generator,003,5,5.0
Frequency-Based Majority Agent,Periodic Trend Generator,003,6,6.0
Frequency-Based Majority Agent,Periodic Trend Generator,003,7,7.0
Frequency-Based Majority Agent,Periodic Trend Generator,003,8,8.0
Frequency-Based Majority Agent,Periodic Trend Generator,003,9,9.0
Frequency-Based Majority Agent,Periodic Trend Generator,003,10,10.0
Frequency-Based Majority Agent,Periodic Trend Generator,003,11,11.0
Frequency-Based Majority Agent,Periodic Trend Generator,003,12,12.0
Frequency-Based Majority Agent,Periodic Trend Generator,003,13,13.0
Frequency-Based Majority Agent,Periodic Trend Generator,003,14,14.0
Frequency-Based Majority Agent,Periodic Trend Generator,003,15,15.0
Frequency-Based Majority Agent,Periodic Trend Generator,003,16,16.0
Frequency-Based Majority Agent,Periodic Trend Generator,003,17,17.0
Frequency-Based Majority Agent,Periodic Trend Generator,003,18,16.0
Frequency-Based Majority Agent,Periodic Trend Generator,003,19,15.0
Frequency-Based Majority Agent,Periodic Trend Generator,003,20,14.0
Frequency-Based Majority Agent,Periodic Trend Generator,003,21,13.0
Frequency-Based Majority Agent,Periodic Trend Generator,003,22,12.0
Frequency-Based Majority Agent,Periodic Trend Generator,003,23,11.0
Frequency-Based Majority Agent,Periodic Trend Generator,003,24,10.0
Frequency-Based Majority Agent,Periodic Trend Generator,003,25,9.0
Frequency-Based Majority Agent,Periodic Trend Generator,003,26,8.0
Frequency-Based Majority Agent,Periodic Trend Generator,003,27,7.0
Frequency-Based Majority Agent,Periodic Trend Generator,003,28,6.0
Frequency-Based Majority Agent,Periodic Trend Generator,003,29,5.0
Frequency-Based Majority Agent,Periodic Trend Generator,003,30,4.0
Frequency-Based Majority Agent,Periodic Trend Generator,003,31,3.0
Frequency-Based Majority Agent,Periodic Trend Generator,003,32,2.0
Frequency-Based Majority Agent,Periodic Trend Generator,003,33,1.0
Frequency-Based Majority Agent,Periodic Trend Generator,003,34,0.0
Frequency-Based Majority Agent,Periodic Trend Generator,003,35,-1.0
Frequency-Based Majority Agent,Periodic Trend Generator,003,36,0.0
Frequency-Based Majority Agent,Periodic Trend Generator,003,37,1.0
Frequency-Based Majority Agent,Periodic Trend Generator,003,38,2.0
Frequency-Based Majority Agent,Periodic Trend Generator,003,39,3.0
Frequency-Based Majority Agent,Periodic Trend Generator,003,40,4.0
Frequency-Based Majority Agent,Periodic Trend Generator,003,41,5.0
Frequency-Based Majority Agent,Periodic Trend Generator,003,42,6.0
Frequency-Based Majority Agent,Periodic Trend Generator,003,43,7.0
Frequency-Based Majority Agent,Periodic Trend Generator,003,44,8.0
Frequency-Based Majority Agent,Periodic Trend Generator,003,45,9.0
Frequency-Based Majority Agent,Periodic Trend Generator,003,46,10.0
Frequency-Based Majority Agent,Periodic Trend Generator,003,47,11.0
Frequency-Based Majority Agent,Periodic Trend Generator,003,48,12.0
Frequency-Based Majority Agent,Periodic Trend Generator,003,49,11.0
Frequency-Based Majority Agent,Periodic Trend Generator,003,50,10.0
Frequency-Based Majority Agent,Periodic Trend Generator,003,51,9.0
Frequency-Based Majority Agent,Periodic Trend Generator,003,52,8.0
Frequency-Based Majority Agent,Periodic Trend Generator,003,53,7.0
Frequency-Based Majority Agent,Periodic Trend Generator,003,54,6.0
Frequency-Based Majority Agent,Periodic Trend Generator,003,55,5.0
Frequency-Based Majority Agent,Periodic Trend Generator,003,56,4.0
Frequency-Based Majority Agent,Periodic Trend Generator,003,57,3.0
Frequency-Based Majority Agent,Periodic Trend Generator,003,58,2.0
Frequency-Based Majority Agent,Periodic Trend Generator,003,59,1.0
Frequency-Based Majority Agent,Periodic Trend Generator,003,60,0.0
Frequency-Based Majority Agent,Periodic Trend Generator,003,61,-1.0
Frequency-Based Majority Agent,Periodic Trend Generator,003,62,-2.0
Frequency-Based Majority Agent,Periodic Trend Generator,003,63,-1.0
Frequency-Based Majority Agent,Periodic Trend Generator,003,64,0.0
Frequency-Based Majority Agent,Periodic Trend Generator,003,65,1.0
Frequency-Based Majority Agent,Periodic Trend Generator,003,66,2.0
Frequency-Based Majority Agent,Periodic Trend Generator,003,67,3.0
Frequency-Based Majority Agent,Periodic Trend Generator,003,68,4.0
Frequency-Based Majority Agent,Periodic Trend Generator,003,69,5.0
Frequency-Based Majority Agent,Periodic Trend Generator,003,70,6.0
Frequency-Based Majority Agent,Periodic Trend Generator,003,71,7.0
Frequency-Based Majority Agent,Periodic Trend Generator,003,72,8.0
Frequency-Based Majority Agent,Periodic Trend Generator,003,73,9.0
Frequency-Based Majority Agent,Periodic Trend Generator,003,74,10.0
Frequency-Based Majority Agent,Periodic Trend Generator,003,75,11.0
Frequency-Based Majority Agent,Periodic Trend Generator,003,76,12.0
Frequency-Based Majority Agent,Periodic Trend Generator,003,77,13.0
Frequency-Based Majority Agent,Periodic Trend Generator,003,78,14.0
Frequency-Based Majority Agent,Periodic Trend Generator,003,79,15.0
Frequency-Based Majority Agent,Periodic Trend Generator,003,80,16.0
Frequency-Based Majority Agent,Periodic Trend Generator,003,81,15.0
Frequency-Based Majority Agent,Periodic Trend Generator,003,82,14.0
Frequency-Based Majority Agent,Periodic Trend Generator,003,83,13.0
Frequency-Based Majority Agent,Periodic Trend Generator,003,84,12.0
Frequency-Based Majority Agent,Periodic Trend Generator,003,85,11.0
Frequency-Based Majority Agent,Periodic Trend Generator,003,86,10.0
Frequency-Based Majority Agent,Periodic Trend Generator,003,87,9.0
Frequency-Based Majority Agent,Periodic Trend Generator,003,88,8.0
Frequency-Based Majority Agent,Periodic Trend Generator,003,89,7.0
Frequency-Based Majority Agent,Periodic Trend Generator,003,90,6.0
Frequency-Based Majority Agent,Periodic Trend Generator,003,91,5.0
Frequency-Based Majority Agent,Periodic Trend Generator,003,92,4.0
Frequency-Based Majority Agent,Periodic Trend Generator,003,93,3.0
Frequency-Based Majority Agent,Periodic Trend Generator,003,94,2.0
Frequency-Based Majority Agent,Periodic Trend Generator,003,95,1.0
Frequency-Based Majority Agent,Periodic Trend Generator,003,96,0.0
Frequency-Based Majority Agent,Periodic Trend Generator,003,97,-1.0
Frequency-Based Majority Agent,Periodic Trend Generator,003,98,-2.0
Frequency-Based Majority Agent,Periodic Trend Generator,003,99,-3.0
Frequency-Based Majority Agent,Periodic Trend Generator,003,100,-2.0
Frequency-Based Majority Agent,Random Walk Generator,001,1,1.0
Frequency-Based Majority Agent,Random Walk Generator,001,2,2.0
Frequency-Based Majority Agent,Random Walk Generator,001,3,3.0
Frequency-Based Majority Agent,Random Walk Generator,001,4,4.0
Frequency-Based Majority Agent,Random Walk Generator,001,5,5.0
Frequency-Based Majority Agent,Random Walk Generator,001,6,4.0
Frequency-Based Majority Agent,Random Walk Generator,001,7,3.0
Frequency-Based Majority Agent,Random Walk Generator,001,8,4.0
Frequency-Based Majority Agent,Random Walk Generator,001,9,3.0
Frequency-Based Majority Agent,Random Walk Generator,001,10,2.0
Frequency-Based Majority Agent,Random Walk Generator,001,11,3.0
Frequency-Based Majority Agent,Random Walk Generator,001,12,2.0
Frequency-Based Majority Agent,Random Walk Generator,001,13,1.0
Frequency-Based Majority Agent,Random Walk Generator,001,14,2.0
Frequency-Based Majority Agent,Random Walk Generator,001,15,3.0
Frequency-Based Majority Agent,Random Walk Generator,001,16,4.0
Frequency-Based Majority Agent,Random Walk Generator,001,17,3.0
Frequency-Based Majority Agent,Random Walk Generator,001,18,2.0
Frequency-Based Majority Agent,Random Walk Generator,001,19,3.0
Frequency-Based Majority Agent,Random Walk Generator,001,20,4.0
Frequency-Based Majority Agent,Random Walk Generator,001,21,5.0
Frequency-Based Majority Agent,Random Walk Generator,001,22,4.0
Frequency-Based Majority Agent,Random Walk Generator,001,23,5.0
Frequency-Based Majority Agent,Random Walk Generator,001,24,4.0
Frequency-Based Majority Agent,Random Walk Generator,001,25,5.0
Frequency-Based Majority Agent,Random Walk Generator,001,26,6.0
Frequency-Based Majority Agent,Random Walk Generator,001,27,7.0
Frequency-Based Majority Agent,Random Walk Generator,001,28,6.0
Frequency-Based Majority Agent,Random Walk Generator,001,29,7.0
Frequency-Based Majority Agent,Random Walk Generator,001,30,8.0
Frequency-Based Majority Agent,Random Walk Generator,001,31,7.0
Frequency-Based Majority Agent,Random Walk Generator,001,32,6.0
Frequency-Based Majority Agent,Random Walk Generator,001,33,7.0
Frequency-Based Majority Agent,Random Walk Generator,001,34,6.0
Frequency-Based Majority Agent,Random Walk Generator,001,35,5.0
Frequency-Based Majority Agent,Random Walk Generator,001,36,6.0
Frequency-Based Majority Agent,Random Walk Generator,001,37,7.0
Frequency-Based Majority Agent,Random Walk Generator,001,38,8.0
Frequency-Based Majority Agent,Random Walk Generator,001,39,7.0
Frequency-Based Majority Agent,Random Walk Generator,001,40,8.0
Frequency-Based Majority Agent,Random Walk Generator,001,41,7.0
Frequency-Based Majority Agent,Random Walk Generator,001,42,6.0
Frequency-Based Majority Agent,Random Walk Generator,001,43,7.0
Frequency-Based Majority Agent,Random Walk Generator,001,44,6.0
Frequency-Based Majority Agent,Random Walk Generator,001,45,5.0
Frequency-Based Majority Agent,Random Walk Generator,001,46,6.0
Frequency-Based Majority Agent,Random Walk Generator,001,47,5.0
Frequency-Based Majority Agent,Random Walk Generator,001,48,6.0
Frequency-Based Majority Agent,Random Walk Generator,001,49,7.0
Frequency-Based Majority Agent,Random Walk Generator,001,50,8.0
Frequency-Based Majority Agent,Random Walk Generator,001,51,7.0
Frequency-Based Majority Agent,Random Walk Generator,001,52,8.0
Frequency-Based Majority Agent,Random Walk Generator,001,53,7.0
Frequency-Based Majority Agent,Random Walk Generator,001,54,6.0
Frequency-Based Majority Agent,Random Walk Generator,001,55,5.0
Frequency-Based Majority Agent,Random Walk Generator,001,56,4.0
Frequency-Based Majority Agent,Random Walk Generator,001,57,5.0
Frequency-Based Majority Agent,Random Walk Generator,001,58,4.0
Frequency-Based Majority Agent,Random Walk Generator,001,59,3.0
Frequency-Based Majority Agent,Random Walk Generator,001,60,2.0
Frequency-Based Majority Agent,Random Walk Generator,001,61,1.0
Frequency-Based Majority Agent,Random Walk Generator,001,62,2.0
Frequency-Based Majority Agent,Random Walk Generator,001,63,3.0
Frequency-Based Majority Agent,Random Walk Generator,001,64,2.0
Frequency-Based Majority Agent,Random Walk Generator,001,65,3.0
Frequency-Based Majority Agent,Random Walk Generator,001,66,2.0
Frequency-Based Majority Agent,Random Walk Generator,001,67,1.0
Frequency-Based Majority Agent,Random Walk Generator,001,68,2.0
Frequency-Based Majority Agent,Random Walk Generator,001,69,3.0
Frequency-Based Majority Agent,Random Walk Generator,001,70,4.0
Frequency-Based Majority Agent,Random Walk Generator,001,71,5.0
Frequency-Based Majority Agent,Random Walk Generator,001,72,6.0
Frequency-Based Majority Agent,Random Walk Generator,001,73,5.0
Frequency-Based Majority Agent,Random Walk Generator,001,74,4.0
Frequency-Based Majority Agent,Random Walk Generator,001,75,5.0
Frequency-Based Majority Agent,Random Walk Generator,001,76,4.0
Frequency-Based Majority Agent,Random Walk Generator,001,77,5.0
Frequency-Based Majority Agent,Random Walk Generator,001,78,6.0
Frequency-Based Majority Agent,Random Walk Generator,001,79,7.0
Frequency-Based Majority Agent,Random Walk Generator,001,80,8.0
Frequency-Based Majority Agent,Random Walk Generator,001,81,9.0
Frequency-Based Majority Agent,Random Walk Generator,001,82,8.0
Frequency-Based Majority Agent,Random Walk Generator,001,83,9.0
Frequency-Based Majority Agent,Random Walk Generator,001,84,10.0
Frequency-Based Majority Agent,Random Walk Generator,001,85,11.0
Frequency-Based Majority Agent,Random Walk Generator,001,86,10.0
Frequency-Based Majority Agent,Random Walk Generator,001,87,9.0
Frequency-Based Majority Agent,Random Walk Generator,001,88,8.0
Frequency-Based Majority Agent,Random Walk Generator,001,89,9.0
Frequency-Based Majority Agent,Random Walk Generator,001,90,8.0
Frequency-Based Majority Agent,Random Walk Generator,001,91,9.0
Frequency-Based Majority Agent,Random Walk Generator,001,92,10.0
Frequency-Based Majority Agent,Random Walk Generator,001,93,11.0
Frequency-Based Majority Agent,Random Walk Generator,001,94,12.0
Frequency-Based Majority Agent,Random Walk Generator,001,95,13.0
Frequency-Based Majority Agent,Random Walk Generator,001,96,14.0
Frequency-Based Majority Agent,Random Walk Generator,001,97,13.0
Frequency-Based Majority Agent,Random Walk Generator,001,98,14.0
Frequency-Based Majority Agent,Random Walk Generator,001,99,15.0
Frequency-Based Majority Agent,Random Walk Generator,001,100,16.0
Frequency-Based Majority Agent,Random Walk Generator,002,1,1.0
Frequency-Based Majority Agent,Random Walk Generator,002,2,2.0
Frequency-Based Majority Agent,Random Walk Generator,002,3,3.0
Frequency-Based Majority Agent,Random Walk Generator,002,4,2.0
Frequency-Based Majority Agent,Random Walk Generator,002,5,3.0
Frequency-Based Majority Agent,Random Walk Generator,002,6,2.0
Frequency-Based Majority Agent,Random Walk Generator,002,7,3.0
Frequency-Based Majority Agent,Random Walk Generator,002,8,4.0
Frequency-Based Majority Agent,Random Walk Generator,002,9,3.0
Frequency-Based Majority Agent,Random Walk Generator,002,10,2.0
Frequency-Based Majority Agent,Random Walk Generator,002,11,3.0
Frequency-Based Majority Agent,Random Walk Generator,002,12,2.0
Frequency-Based Majority Agent,Random Walk Generator,002,13,1.0
Frequency-Based Majority Agent,Random Walk Generator,002,14,2.0
Frequency-Based Majority Agent,Random Walk Generator,002,15,1.0
Frequency-Based Majority Agent,Random Walk Generator,002,16,0.0
Frequency-Based Majority Agent,Random Walk Generator,002,17,-1.0
Frequency-Based Majority Agent,Random Walk Generator,002,18,0.0
Frequency-Based Majority Agent,Random Walk Generator,002,19,-1.0
Frequency-Based Majority Agent,Random Walk Generator,002,20,-2.0
Frequency-Based Majority Agent,Random Walk Generator,002,21,-3.0
Frequency-Based Majority Agent,Random Walk Generator,002,22,-2.0
Frequency-Based Majority Agent,Random Walk Generator,002,23,-1.0
Frequency-Based Majority Agent,Random Walk Generator,002,24,-2.0
Frequency-Based Majority Agent,Random Walk Generator,002,25,-1.0
Frequency-Based Majority Agent,Random Walk Generator,002,26,0.0
Frequency-Based Majority Agent,Random Walk Generator,002,27,-1.0
Frequency-Based Majority Agent,Random Walk Generator,002,28,0.0
Frequency-Based Majority Agent,Random Walk Generator,002,29,1.0
Frequency-Based Majority Agent,Random Walk Generator,002,30,0.0
Frequency-Based Majority Agent,Random Walk Generator,002,31,-1.0
Frequency-Based Majority Agent,Random Walk Generator,002,32,-2.0
Frequency-Based Majority Agent,Random Walk Generator,002,33,-3.0
Frequency-Based Majority Agent,Random Walk Generator,002,34,-2.0
Frequency-Based Majority Agent,Random Walk Generator,002,35,-3.0
Frequency-Based Majority Agent,Random Walk Generator,002,36,-4.0
Frequency-Based Majority Agent,Random Walk Generator,002,37,-5.0
Frequency-Based Majority Agent,Random Walk Generator,002,38,-6.0
Frequency-Based Majority Agent,Random Walk Generator,002,39,-7.0
Frequency-Based Majority Agent,Random Walk Generator,002,40,-6.0
Frequency-Based Majority Agent,Random Walk Generator,002,41,-5.0
Frequency-Based Majority Agent,Random Walk Generator,002,42,-6.0
Frequency-Based Majority Agent,Random Walk Generator,002,43,-5.0
Frequency-Based Majority Agent,Random Walk Generator,002,44,-4.0
Frequency-Based Majority Agent,Random Walk Generator,002,45,-3.0
Frequency-Based Majority Agent,Random Walk Generator,002,46,-2.0
Frequency-Based Majority Agent,Random Walk Generator,002,47,-3.0
Frequency-Based Majority Agent,Random Walk Generator,002,48,-2.0
Frequency-Based Majority Agent,Random Walk Generator,002,49,-3.0
Frequency-Based Majority Agent,Random Walk Generator,002,50,-2.0
Frequency-Based Majority Agent,Random Walk Generator,002,51,-1.0
Frequency-Based Majority Agent,Random Walk Generator,002,52,0.0
Frequency-Based Majority Agent,Random Walk Generator,002,53,1.0
Frequency-Based Majority Agent,Random Walk Generator,002,54,0.0
Frequency-Based Majority Agent,Random Walk Generator,002,55,-1.0
Frequency-Based Majority Agent,Random Walk Generator,002,56,-2.0
Frequency-Based Majority Agent,Random Walk Generator,002,57,-1.0
Frequency-Based Majority Agent,Random Walk Generator,002,58,0.0
Frequency-Based Majority Agent,Random Walk Generator,002,59,-1.0
Frequency-Based Majority Agent,Random Walk Generator,002,60,0.0
Frequency-Based Majority Agent,Random Walk Generator,002,61,-1.0
Frequency-Based Majority Agent,Random Walk Generator,002,62,0.0
Frequency-Based Majority Agent,Random Walk Generator,002,63,-1.0
Frequency-Based Majority Agent,Random Walk Generator,002,64,-2.0
Frequency-Based Majority Agent,Random Walk Generator,002,65,-3.0
Frequency-Based Majority Agent,Random Walk Generator,002,66,-4.0
Frequency-Based Majority Agent,Random Walk Generator,002,67,-3.0
Frequency-Based Majority Agent,Random Walk Generator,002,68,-2.0
Frequency-Based Majority Agent,Random Walk Generator,002,69,-1.0
Frequency-Based Majority Agent,Random Walk Generator,002,70,0.0
Frequency-Based Majority Agent,Random Walk Generator,002,71,1.0
Frequency-Based Majority Agent,Random Walk Generator,002,72,2.0
Frequency-Based Majority Agent,Random Walk Generator,002,73,1.0
Frequency-Based Majority Agent,Random Walk Generator,002,74,0.0
Frequency-Based Majority Agent,Random Walk Generator,002,75,-1.0
Frequency-Based Majority Agent,Random Walk Generator,002,76,-2.0
Frequency-Based Majority Agent,Random Walk Generator,002,77,-1.0
Frequency-Based Majority Agent,Random Walk Generator,002,78,-2.0
Frequency-Based Majority Agent,Random Walk Generator,002,79,-1.0
Frequency-Based Majority Agent,Random Walk Generator,002,80,0.0
Frequency-Based Majority Agent,Random Walk Generator,002,81,-1.0
Frequency-Based Majority Agent,Random Walk Generator,002,82,0.0
Frequency-Based Majority Agent,Random Walk Generator,002,83,1.0
Frequency-Based Majority Agent,Random Walk Generator,002,84,2.0
Frequency-Based Majority Agent,Random Walk Generator,002,85,1.0
Frequency-Based Majority Agent,Random Walk Generator,002,86,2.0
Frequency-Based Majority Agent,Random Walk Generator,002,87,3.0
Frequency-Based Majority Agent,Random Walk Generator,002,88,2.0
Frequency-Based Majority Agent,Random Walk Generator,002,89,1.0
Frequency-Based Majority Agent,Random Walk Generator,002,90,0.0
Frequency-Based Majority Agent,Random Walk Generator,002,91,-1.0
Frequency-Based Majority Agent,Random Walk Generator,002,92,-2.0
Frequency-Based Majority Agent,Random Walk Generator,002,93,-1.0
Frequency-Based Majority Agent,Random Walk Generator,002,94,-2.0
Frequency-Based Majority Agent,Random Walk Generator,002,95,-1.0
Frequency-Based Majority Agent,Random Walk Generator,002,96,-2.0
Frequency-Based Majority Agent,Random Walk Generator,002,97,-1.0
Frequency-Based Majority Agent,Random Walk Generator,002,98,0.0
Frequency-Based Majority Agent,Random Walk Generator,002,99,1.0
Frequency-Based Majority Agent,Random Walk Generator,002,100,2.0
Frequency-Based Majority Agent,Random Walk Generator,003,1,-1.0
Frequency-Based Majority Agent,Random Walk Generator,003,2,-2.0
Frequency-Based Majority Agent,Random Walk Generator,003,3,-3.0
Frequency-Based Majority Agent,Random Walk Generator,003,4,-4.0
Frequency-Based Majority Agent,Random Walk Generator,003,5,-5.0
Frequency-Based Majority Agent,Random Walk Generator,003,6,-4.0
Frequency-Based Majority Agent,Random Walk Generator,003,7,-5.0
Frequency-Based Majority Agent,Random Walk Generator,003,8,-4.0
Frequency-Based Majority Agent,Random Walk Generator,003,9,-3.0
Frequency-Based Majority Agent,Random Walk Generator,003,10,-4.0
Frequency-Based Majority Agent,Random Walk Generator,003,11,-3.0
Frequency-Based Majority Agent,Random Walk Generator,003,12,-4.0
Frequency-Based Majority Agent,Random Walk Generator,003,13,-5.0
Frequency-Based Majority Agent,Random Walk Generator,003,14,-4.0
Frequency-Based Majority Agent,Random Walk Generator,003,15,-3.0
Frequency-Based Majority Agent,Random Walk Generator,003,16,-2.0
Frequency-Based Majority Agent,Random Walk Generator,003,17,-3.0
Frequency-Based Majority Agent,Random Walk Generator,003,18,-4.0
Frequency-Based Majority Agent,Random Walk Generator,003,19,-3.0
Frequency-Based Majority Agent,Random Walk Generator,003,20,-4.0
Frequency-Based Majority Agent,Random Walk Generator,003,21,-3.0
Frequency-Based Majority Agent,Random Walk Generator,003,22,-4.0
Frequency-Based Majority Agent,Random Walk Generator,003,23,-5.0
Frequency-Based Majority Agent,Random Walk Generator,003,24,-6.0
Frequency-Based Majority Agent,Random Walk Generator,003,25,-5.0
Frequency-Based Majority Agent,Random Walk Generator,003,26,-4.0
Frequency-Based Majority Agent,Random Walk Generator,003,27,-3.0
Frequency-Based Majority Agent,Random Walk Generator,003,28,-4.0
Frequency-Based Majority Agent,Random Walk Generator,003,29,-5.0
Frequency-Based Majority Agent,Random Walk Generator,003,30,-6.0
Frequency-Based Majority Agent,Random Walk Generator,003,31,-5.0
Frequency-Based Majority Agent,Random Walk Generator,003,32,-6.0
Frequency-Based Majority Agent,Random Walk Generator,003,33,-7.0
Frequency-Based Majority Agent,Random Walk Generator,003,34,-6.0
Frequency-Based Majority Agent,Random Walk Generator,003,35,-5.0
Frequency-Based Majority Agent,Random Walk Generator,003,36,-4.0
Frequency-Based Majority Agent,Random Walk Generator,003,37,-3.0
Frequency-Based Majority Agent,Random Walk Generator,003,38,-2.0
Frequency-Based Majority Agent,Random Walk Generator,003,39,-1.0
Frequency-Based Majority Agent,Random Walk Generator,003,40,-2.0
Frequency-Based Majority Agent,Random Walk Generator,003,41,-3.0
Frequency-Based Majority Agent,Random Walk Generator,003,42,-2.0
Frequency-Based Majority Agent,Random Walk Generator,003,43,-1.0
Frequency-Based Majority Agent,Random Walk Generator,003,44,-2.0
Frequency-Based Majority Agent,Random Walk Generator,003,45,-1.0
Frequency-Based Majority Agent,Random Walk Generator,003,46,0.0
Frequency-Based Majority Agent,Random Walk Generator,003,47,1.0
Frequency-Based Majority Agent,Random Walk Generator,003,48,0.0
Frequency-Based Majority Agent,Random Walk Generator,003,49,1.0
Frequency-Based Majority Agent,Random Walk Generator,003,50,0.0
Frequency-Based Majority Agent,Random Walk Generator,003,51,1.0
Frequency-Based Majority Agent,Random Walk Generator,003,52,0.0
Frequency-Based Majority Agent,Random Walk Generator,003,53,-1.0
Frequency-Based Majority Agent,Random Walk Generator,003,54,0.0
Frequency-Based Majority Agent,Random Walk Generator,003,55,1.0
Frequency-Based Majority Agent,Random Walk Generator,003,56,0.0
Frequency-Based Majority Agent,Random Walk Generator,003,57,-1.0
Frequency-Based Majority Agent,Random Walk Generator,003,58,-2.0
Frequency-Based Majority Agent,Random Walk Generator,003,59,-1.0
Frequency-Based Majority Agent,Random Walk Generator,003,60,-2.0
Frequency-Based Majority Agent,Random Walk Generator,003,61,-1.0
Frequency-Based Majority Agent,Random Walk Generator,003,62,-2.0
Frequency-Based Majority Agent,Random Walk Generator,003,63,-1.0
Frequency-Based Majority Agent,Random Walk Generator,003,64,-2.0
Frequency-Based Majority Agent,Random Walk Generator,003,65,-3.0
Frequency-Based Majority Agent,Random Walk Generator,003,66,-2.0
Frequency-Based Majority Agent,Random Walk Generator,003,67,-3.0
Frequency-Based Majority Agent,Random Walk Generator,003,68,-2.0
Frequency-Based Majority Agent,Random Walk Generator,003,69,-3.0
Frequency-Based Majority Agent,Random Walk Generator,003,70,-4.0
Frequency-Based Majority Agent,Random Walk Generator,003,71,-3.0
Frequency-Based Majority Agent,Random Walk Generator,003,72,-2.0
Frequency-Based Majority Agent,Random Walk Generator,003,73,-3.0
Frequency-Based Majority Agent,Random Walk Generator,003,74,-2.0
Frequency-Based Majority Agent,Random Walk Generator,003,75,-3.0
Frequency-Based Majority Agent,Random Walk Generator,003,76,-4.0
Frequency-Based Majority Agent,Random Walk Generator,003,77,-5.0
Frequency-Based Majority Agent,Random Walk Generator,003,78,-6.0
Frequency-Based Majority Agent,Random Walk Generator,003,79,-5.0
Frequency-Based Majority Agent,Random Walk Generator,003,80,-4.0
Frequency-Based Majority Agent,Random Walk Generator,003,81,-3.0
Frequency-Based Majority Agent,Random Walk Generator,003,82,-2.0
Frequency-Based Majority Agent,Random Walk Generator,003,83,-3.0
Frequency-Based Majority Agent,Random Walk Generator,003,84,-4.0
Frequency-Based Majority Agent,Random Walk Generator,003,85,-5.0
Frequency-Based Majority Agent,Random Walk Generator,003,86,-6.0
Frequency-Based Majority Agent,Random Walk Generator,003,87,-5.0
Frequency-Based Majority Agent,Random Walk Generator,003,88,-4.0
Frequency-Based Majority Agent,Random Walk Generator,003,89,-5.0
Frequency-Based Majority Agent,Random Walk Generator,003,90,-6.0
Frequency-Based Majority Agent,Random Walk Generator,003,91,-5.0
Frequency-Based Majority Agent,Random Walk Generator,003,92,-4.0
Frequency-Based Majority Agent,Random Walk Generator,003,93,-3.0
Frequency-Based Majority Agent,Random Walk Generator,003,94,-2.0
Frequency-Based Majority Agent,Random Walk Generator,003,95,-1.0
Frequency-Based Majority Agent,Random Walk Generator,003,96,-2.0
Frequency-Based Majority Agent,Random Walk Generator,003,97,-3.0
Frequency-Based Majority Agent,Random Walk Generator,003,98,-2.0
Frequency-Based Majority Agent,Random Walk Generator,003,99,-3.0
Frequency-Based Majority Agent,Random Walk Generator,003,100,-2.0
Repeat Last Movement Agent,Ornstein-Uhlenbeck Generator,001,1,-1.0
Repeat Last Movement Agent,Ornstein-Uhlenbeck Generator,001,2,-2.0
Repeat Last Movement Agent,Ornstein-Uhlenbeck Generator,001,3,-1.0
Repeat Last Movement Agent,Ornstein-Uhlenbeck Generator,001,4,0.0
Repeat Last Movement Agent,Ornstein-Uhlenbeck Generator,001,5,1.0
Repeat Last Movement Agent,Ornstein-Uhlenbeck Generator,001,6,2.0
Repeat Last Movement Agent,Ornstein-Uhlenbeck Generator,001,7,3.0
Repeat Last Movement Agent,Ornstein-Uhlenbeck Generator,001,8,2.0
Repeat Last Movement Agent,Ornstein-Uhlenbeck Generator,001,9,1.0
Repeat Last Movement Agent,Ornstein-Uhlenbeck Generator,001,10,2.0
Repeat Last Movement Agent,Ornstein-Uhlenbeck Generator,001,11,1.0
Repeat Last Movement Agent,Ornstein-Uhlenbeck Generator,001,12,0.0
Repeat Last Movement Agent,Ornstein-Uhlenbeck Generator,001,13,1.0
Repeat Last Movement Agent,Ornstein-Uhlenbeck Generator,001,14,2.0
Repeat Last Movement Agent,Ornstein-Uhlenbeck Generator,001,15,3.0
Repeat Last Movement Agent,Ornstein-Uhlenbeck Generator,001,16,2.0
Repeat Last Movement Agent,Ornstein-Uhlenbeck Generator,001,17,1.0
Repeat Last Movement Agent,Ornstein-Uhlenbeck Generator,001,18,2.0
Repeat Last Movement Agent,Ornstein-Uhlenbeck Generator,001,19,1.0
Repeat Last Movement Agent,Ornstein-Uhlenbeck Generator,001,20,0.0
Repeat Last Movement Agent,Ornstein-Uhlenbeck Generator,001,21,1.0
Repeat Last Movement Agent,Ornstein-Uhlenbeck Generator,001,22,2.0
Repeat Last Movement Agent,Ornstein-Uhlenbeck Generator,001,23,3.0
Repeat Last Movement Agent,Ornstein-Uhlenbeck Generator,001,24,2.0
Repeat Last Movement Agent,Ornstein-Uhlenbeck Generator,001,25,3.0
Repeat Last Movement Agent,Ornstein-Uhlenbeck Generator,001,26,2.0
Repeat Last Movement Agent,Ornstein-Uhlenbeck Generator,001,27,1.0
Repeat Last Movement Agent,Ornstein-Uhlenbeck Generator,001,28,2.0
Repeat Last Movement Agent,Ornstein-Uhlenbeck Generator,001,29,1.0
Repeat Last Movement Agent,Ornstein-Uhlenbeck Generator,001,30,0.0
Repeat Last Movement Agent,Ornstein-Uhlenbeck Generator,001,31,-1.0
Repeat Last Movement Agent,Ornstein-Uhlenbeck Generator,001,32,0.0
Repeat Last Movement Agent,Ornstein-Uhlenbeck Generator,001,33,-1.0
Repeat Last Movement Agent,Ornstein-Uhlenbeck Generator,001,34,0.0
Repeat Last Movement Agent,Ornstein-Uhlenbeck Generator,001,35,-1.0
Repeat Last Movement Agent,Ornstein-Uhlenbeck Generator,001,36,0.0
Repeat Last Movement Agent,Ornstein-Uhlenbeck Generator,001,37,-1.0
Repeat Last Movement Agent,Ornstein-Uhlenbeck Generator,001,38,0.0
Repeat Last Movement Agent,Ornstein-Uhlenbeck Generator,001,39,1.0
Repeat Last Movement Agent,Ornstein-Uhlenbeck Generator,001,40,2.0
Repeat Last Movement Agent,Ornstein-Uhlenbeck Generator,001,41,1.0
Repeat Last Movement Agent,Ornstein-Uhlenbeck Generator,001,42,2.0
Repeat Last Movement Agent,Ornstein-Uhlenbeck Generator,001,43,1.0
Repeat Last Movement Agent,Ornstein-Uhlenbeck Generator,001,44,2.0
Repeat Last Movement Agent,Ornstein-Uhlenbeck Generator,001,45,1.0
Repeat Last Movement Agent,Ornstein-Uhlenbeck Generator,001,46,2.0
Repeat Last Movement Agent,Ornstein-Uhlenbeck Generator,001,47,1.0
Repeat Last Movement Agent,Ornstein-Uhlenbeck Generator,001,48,0.0
Repeat Last Movement Agent,Ornstein-Uhlenbeck Generator,001,49,-1.0
Repeat Last Movement Agent,Ornstein-Uhlenbeck Generator,001,50,-2.0
Repeat Last Movement Agent,Ornstein-Uhlenbeck Generator,001,51,-1.0
Repeat Last Movement Agent,Ornstein-Uhlenbeck Generator,001,52,-2.0
Repeat Last Movement Agent,Ornstein-Uhlenbeck Generator,001,53,-1.0
Repeat Last Movement Agent,Ornstein-Uhlenbeck Generator,001,54,0.0
Repeat Last Movement Agent,Ornstein-Uhlenbeck Generator,001,55,1.0
Repeat Last Movement Agent,Ornstein-Uhlenbeck Generator,001,56,2.0
Repeat Last Movement Agent,Ornstein-Uhlenbeck Generator,001,57,1.0
Repeat Last Movement Agent,Ornstein-Uhlenbeck Generator,001,58,2.0
Repeat Last Movement Agent,Ornstein-Uhlenbeck Generator,001,59,3.0
Repeat Last Movement Agent,Ornstein-Uhlenbeck Generator,001,60,4.0
Repeat Last Movement Agent,Ornstein-Uhlenbeck Generator,001,61,5.0
Repeat Last Movement Agent,Ornstein-Uhlenbeck Generator,001,62,6.0
Repeat Last Movement Agent,Ornstein-Uhlenbeck Generator,001,63,5.0
Repeat Last Movement Agent,Ornstein-Uhlenbeck Generator,001,64,4.0
Repeat Last Movement Agent,Ornstein-Uhlenbeck Generator,001,65,5.0
Repeat Last Movement Agent,Ornstein-Uhlenbeck Generator,001,66,4.0
Repeat Last Movement Agent,Ornstein-Uhlenbeck Generator,001,67,5.0
Repeat Last Movement Agent,Ornstein-Uhlenbeck Generator,001,68,6.0
Repeat Last Movement Agent,Ornstein-Uhlenbeck Generator,001,69,5.0
Repeat Last Movement Agent,Ornstein-Uhlenbeck Generator,001,70,4.0
Repeat Last Movement Agent,Ornstein-Uhlenbeck Generator,001,71,5.0
Repeat Last Movement Agent,Ornstein-Uhlenbeck Generator,001,72,6.0
Repeat Last Movement Agent,Ornstein-Uhlenbeck Generator,001,73,5.0
Repeat Last Movement Agent,Ornstein-Uhlenbeck Generator,001,74,4.0
Repeat Last Movement Agent,Ornstein-Uhlenbeck Generator,001,75,3.0
Repeat Last Movement Agent,Ornstein-Uhlenbeck Generator,001,76,4.0
Repeat Last Movement Agent,Ornstein-Uhlenbeck Generator,001,77,5.0
Repeat Last Movement Agent,Ornstein-Uhlenbeck Generator,001,78,4.0
Repeat Last Movement Agent,Ornstein-Uhlenbeck Generator,001,79,3.0
Repeat Last Movement Agent,Ornstein-Uhlenbeck Generator,001,80,4.0
Repeat Last Movement Agent,Ornstein-Uhlenbeck Generator,001,81,3.0
Repeat Last Movement Agent,Ornstein-Uhlenbeck Generator,001,82,2.0
Repeat Last Movement Agent,Ornstein-Uhlenbeck Generator,001,83,1.0
Repeat Last Movement Agent,Ornstein-Uhlenbeck Generator,001,84,0.0
Repeat Last Movement Agent,Ornstein-Uhlenbeck Generator,001,85,-1.0
Repeat Last Movement Agent,Ornstein-Uhlenbeck Generator,001,86,0.0
Repeat Last Movement Agent,Ornstein-Uhlenbeck Generator,001,87,1.0
Repeat Last Movement Agent,Ornstein-Uhlenbeck Generator,001,88,0.0
Repeat Last Movement Agent,Ornstein-Uhlenbeck Generator,001,89,-1.0
Repeat Last Movement Agent,Ornstein-Uhlenbeck Generator,001,90,0.0
Repeat Last Movement Agent,Ornstein-Uhlenbeck Generator,001,91,-1.0
Repeat Last Movement Agent,Ornstein-Uhlenbeck Generator,001,92,0.0
Repeat Last Movement Agent,Ornstein-Uhlenbeck Generator,001,93,1.0
Repeat Last Movement Agent,Ornstein-Uhlenbeck Generator,001,94,0.0
Repeat Last Movement Agent,Ornstein-Uhlenbeck Generator,001,95,1.0
Repeat Last Movement Agent,Ornstein-Uhlenbeck Generator,001,96,2.0
Repeat Last Movement Agent,Ornstein-Uhlenbeck Generator,001,97,3.0
Repeat Last Movement Agent,Ornstein-Uhlenbeck Generator,001,98,4.0
Repeat Last Movement Agent,Ornstein-Uhlenbeck Generator,001,99,3.0
Repeat Last Movement Agent,Ornstein-Uhlenbeck Generator,001,100,2.0
Repeat Last Movement Agent,Ornstein-Uhlenbeck Generator,002,1,-1.0
Repeat Last Movement Agent,Ornstein-Uhlenbeck Generator,002,2,-2.0
Repeat Last Movement Agent,Ornstein-Uhlenbeck Generator,002,3,-1.0
Repeat Last Movement Agent,Ornstein-Uhlenbeck Generator,002,4,0.0
Repeat Last Movement Agent,Ornstein-Uhlenbeck Generator,002,5,1.0
Repeat Last Movement Agent,Ornstein-Uhlenbeck Generator,002,6,2.0
Repeat Last Movement Agent,Ornstein-Uhlenbeck Generator,002,7,3.0
Repeat Last Movement Agent,Ornstein-Uhlenbeck Generator,002,8,4.0
Repeat Last Movement Agent,Ornstein-Uhlenbeck Generator,002,9,5.0
Repeat Last Movement Agent,Ornstein-Uhlenbeck Generator,002,10,6.0
Repeat Last Movement Agent,Ornstein-Uhlenbeck Generator,002,11,7.0
Repeat Last Movement Agent,Ornstein-Uhlenbeck Generator,002,12,6.0
Repeat Last Movement Agent,Ornstein-Uhlenbeck Generator,002,13,5.0
Repeat Last Movement Agent,Ornstein-Uhlenbeck Generator,002,14,6.0
Repeat Last Movement Agent,Ornstein-Uhlenbeck Generator,002,15,7.0
Repeat Last Movement Agent,Ornstein-Uhlenbeck Generator,002,16,6.0
Repeat Last Movement Agent,Ornstein-Uhlenbeck Generator,002,17,7.0
Repeat Last Movement Agent,Ornstein-Uhlenbeck Generator,002,18,6.0
Repeat Last Movement Agent,Ornstein-Uhlenbeck Generator,002,19,7.0
Repeat Last Movement Agent,Ornstein-Uhlenbeck Generator,002,20,8.0
Repeat Last Movement Agent,Ornstein-Uhlenbeck Generator,002,21,9.0
Repeat Last Movement Agent,Ornstein-Uhlenbeck Generator,002,22,8.0
Repeat Last Movement Agent,Ornstein-Uhlenbeck Generator,002,23,7.0
Repeat Last Movement Agent,Ornstein-Uhlenbeck Generator,002,24,6.0
Repeat Last Movement Agent,Ornstein-Uhlenbeck Generator,002,25,7.0
Repeat Last Movement Agent,Ornstein-Uhlenbeck Generator,002,26,8.0
Repeat Last Movement Agent,Ornstein-Uhlenbeck Generator,002,27,9.0
Repeat Last Movement Agent,Ornstein-Uhlenbeck Generator,002,28,8.0
Repeat Last Movement Agent,Ornstein-Uhlenbeck Generator,002,29,9.0
Repeat Last Movement Agent,Ornstein-Uhlenbeck Generator,002,30,10.0
Repeat Last Movement Agent,Ornstein-Uhlenbeck Generator,002,31,9.0
Repeat Last Movement Agent,Ornstein-Uhlenbeck Generator,002,32,10.0
Repeat Last Movement Agent,Ornstein-Uhlenbeck Generator,002,33,11.0
Repeat Last Movement Agent,Ornstein-Uhlenbeck Generator,002,34,10.0
Repeat Last Movement Agent,Ornstein-Uhlenbeck Generator,002,35,9.0
Repeat Last Movement Agent,Ornstein-Uhlenbeck Generator,002,36,10.0
Repeat Last Movement Agent,Ornstein-Uhlenbeck Generator,002,37,9.0
Repeat Last Movement Agent,Ornstein-Uhlenbeck Generator,002,38,8.0
Repeat Last Movement Agent,Ornstein-Uhlenbeck Generator,002,39,7.0
Repeat Last Movement Agent,Ornstein-Uhlenbeck Generator,002,40,8.0
Repeat Last Movement Agent,Ornstein-Uhlenbeck Generator,002,41,9.0
Repeat Last Movement Agent,Ornstein-Uhlenbeck Generator,002,42,10.0
Repeat Last Movement Agent,Ornstein-Uhlenbeck Generator,002,43,11.0
Repeat Last Movement Agent,Ornstein-Uhlenbeck Generator,002,44,10.0
Repeat Last Movement Agent,Ornstein-Uhlenbeck Generator,002,45,9.0
Repeat Last Movement Agent,Ornstein-Uhlenbeck Generator,002,46,8.0
Repeat Last Movement Agent,Ornstein-Uhlenbeck Generator,002,47,7.0
Repeat Last Movement Agent,Ornstein-Uhlenbeck Generator,002,48,8.0
Repeat Last Movement Agent,Ornstein-Uhlenbeck Generator,002,49,9.0
Repeat Last Movement Agent,Ornstein-Uhlenbeck Generator,002,50,8.0
Repeat Last Movement Agent,Ornstein-Uhlenbeck Generator,002,51,9.0
Repeat Last Movement Agent,Ornstein-Uhlenbeck Generator,002,52,10.0
Repeat Last Movement Agent,Ornstein-Uhlenbeck Generator,002,53,11.0
Repeat Last Movement Agent,Ornstein-Uhlenbeck Generator,002,54,12.0
Repeat Last Movement Agent,Ornstein-Uhlenbeck Generator,002,55,11.0
Repeat Last Movement Agent,Ornstein-Uhlenbeck Generator,002,56,12.0
Repeat Last Movement Agent,Ornstein-Uhlenbeck Generator,002,57,11.0
Repeat Last Movement Agent,Ornstein-Uhlenbeck Generator,002,58,12.0
Repeat Last Movement Agent,Ornstein-Uhlenbeck Generator,002,59,13.0
Repeat Last Movement Agent,Ornstein-Uhlenbeck Generator,002,60,14.0
Repeat Last Movement Agent,Ornstein-Uhlenbeck Generator,002,61,13.0
Repeat Last Movement Agent,Ornstein-Uhlenbeck Generator,002,62,14.0
Repeat Last Movement Agent,Ornstein-Uhlenbeck Generator,002,63,15.0
Repeat Last Movement Agent,Ornstein-Uhlenbeck Generator,002,64,16.0
Repeat Last Movement Agent,Ornstein-Uhlenbeck Generator,002,65,17.0
Repeat Last Movement Agent,Ornstein-Uhlenbeck Generator,002,66,18.0
Repeat Last Movement Agent,Ornstein-Uhlenbeck Generator,002,67,17.0
Repeat Last Movement Agent,Ornstein-Uhlenbeck Generator,002,68,18.0
Repeat Last Movement Agent,Ornstein-Uhlenbeck Generator,002,69,19.0
Repeat Last Movement Agent,Ornstein-Uhlenbeck Generator,002,70,20.0
Repeat Last Movement Agent,Ornstein-Uhlenbeck Generator,002,71,19.0
Repeat Last Movement Agent,Ornstein-Uhlenbeck Generator,002,72,18.0
Repeat Last Movement Agent,Ornstein-Uhlenbeck Generator,002,73,17.0
Repeat Last Movement Agent,Ornstein-Uhlenbeck Generator,002,74,16.0
Repeat Last Movement Agent,Ornstein-Uhlenbeck Generator,002,75,15.0
Repeat Last Movement Agent,Ornstein-Uhlenbeck Generator,002,76,16.0
Repeat Last Movement Agent,Ornstein-Uhlenbeck Generator,002,77,15.0
Repeat Last Movement Agent,Ornstein-Uhlenbeck Generator,002,78,14.0
Repeat Last Movement Agent,Ornstein-Uhlenbeck Generator,002,79,15.0
Repeat Last Movement Agent,Ornstein-Uhlenbeck Generator,002,80,16.0
Repeat Last Movement Agent,Ornstein-Uhlenbeck Generator,002,81,15.0
Repeat Last Movement Agent,Ornstein-Uhlenbeck Generator,002,82,16.0
Repeat Last Movement Agent,Ornstein-Uhlenbeck Generator,002,83,17.0
Repeat Last Movement Agent,Ornstein-Uhlenbeck Generator,002,84,18.0
Repeat Last Movement Agent,Ornstein-Uhlenbeck Generator,002,85,17.0
Repeat Last Movement Agent,Ornstein-Uhlenbeck Generator,002,86,16.0
Repeat Last Movement Agent,Ornstein-Uhlenbeck Generator,002,87,17.0
Repeat Last Movement Agent,Ornstein-Uhlenbeck Generator,002,88,16.0
Repeat Last Movement Agent,Ornstein-Uhlenbeck Generator,002,89,17.0
Repeat Last Movement Agent,Ornstein-Uhlenbeck Generator,002,90,18.0
Repeat Last Movement Agent,Ornstein-Uhlenbeck Generator,002,91,17.0
Repeat Last Movement Agent,Ornstein-Uhlenbeck Generator,002,92,18.0
Repeat Last Movement Agent,Ornstein-Uhlenbeck Generator,002,93,19.0
Repeat Last Movement Agent,Ornstein-Uhlenbeck Generator,002,94,20.0
Repeat Last Movement Agent,Ornstein-Uhlenbeck Generator,002,95,21.0
Repeat Last Movement Agent,Ornstein-Uhlenbeck Generator,002,96,22.0
Repeat Last Movement Agent,Ornstein-Uhlenbeck Generator,002,97,23.0
Repeat Last Movement Agent,Ornstein-Uhlenbeck Generator,002,98,24.0
Repeat Last Movement Agent,Ornstein-Uhlenbeck Generator,002,99,23.0
Repeat Last Movement Agent,Ornstein-Uhlenbeck Generator,002,100,22.0
Repeat Last Movement Agent,Ornstein-Uhlenbeck Generator,003,1,-1.0
Repeat Last Movement Agent,Ornstein-Uhlenbeck Generator,003,2,-2.0
Repeat Last Movement Agent,Ornstein-Uhlenbeck Generator,003,3,-1.0
Repeat Last Movement Agent,Ornstein-Uhlenbeck Generator,003,4,0.0
Repeat Last Movement Agent,Ornstein-Uhlenbeck Generator,003,5,1.0
Repeat Last Movement Agent,Ornstein-Uhlenbeck Generator,003,6,2.0
Repeat Last Movement Agent,Ornstein-Uhlenbeck Generator,003,7,3.0
Repeat Last Movement Agent,Ornstein-Uhlenbeck Generator,003,8,4.0
Repeat Last Movement Agent,Ornstein-Uhlenbeck Generator,003,9,5.0
Repeat Last Movement Agent,Ornstein-Uhlenbeck Generator,003,10,6.0
Repeat Last Movement Agent,Ornstein-Uhlenbeck Generator,003,11,7.0
Repeat Last Movement Agent,Ornstein-Uhlenbeck Generator,003,12,8.0
Repeat Last Movement Agent,Ornstein-Uhlenbeck Generator,003,13,9.0
Repeat Last Movement Agent,Ornstein-Uhlenbeck Generator,003,14,8.0
Repeat Last Movement Agent,Ornstein-Uhlenbeck Generator,003,15,9.0
Repeat Last Movement Agent,Ornstein-Uhlenbeck Generator,003,16,8.0
Repeat Last Movement Agent,Ornstein-Uhlenbeck Generator,003,17,9.0
Repeat Last Movement Agent,Ornstein-Uhlenbeck Generator,003,18,10.0
Repeat Last Movement Agent,Ornstein-Uhlenbeck Generator,003,19,9.0
Repeat Last Movement Agent,Ornstein-Uhlenbeck Generator,003,20,10.0
Repeat Last Movement Agent,Ornstein-Uhlenbeck Generator,003,21,11.0
Repeat Last Movement Agent,Ornstein-Uhlenbeck Generator,003,22,10.0
Repeat Last Movement Agent,Ornstein-Uhlenbeck Generator,003,23,11.0
Repeat Last Movement Agent,Ornstein-Uhlenbeck Generator,003,24,12.0
Repeat Last Movement Agent,Ornstein-Uhlenbeck Generator,003,25,11.0
Repeat Last Movement Agent,Ornstein-Uhlenbeck Generator,003,26,10.0
Repeat Last Movement Agent,Ornstein-Uhlenbeck Generator,003,27,11.0
Repeat Last Movement Agent,Ornstein-Uhlenbeck Generator,003,28,10.0
Repeat Last Movement Agent,Ornstein-Uhlenbeck Generator,003,29,11.0
Repeat Last Movement Agent,Ornstein-Uhlenbeck Generator,003,30,10.0
Repeat Last Movement Agent,Ornstein-Uhlenbeck Generator,003,31,11.0
Repeat Last Movement Agent,Ornstein-Uhlenbeck Generator,003,32,12.0
Repeat Last Movement Agent,Ornstein-Uhlenbeck Generator,003,33,11.0
Repeat Last Movement Agent,Ornstein-Uhlenbeck Generator,003,34,12.0
Repeat Last Movement Agent,Ornstein-Uhlenbeck Generator,003,35,13.0
Repeat Last Movement Agent,Ornstein-Uhlenbeck Generator,003,36,14.0
Repeat Last Movement Agent,Ornstein-Uhlenbeck Generator,003,37,13.0
Repeat Last Movement Agent,Ornstein-Uhlenbeck Generator,003,38,14.0
Repeat Last Movement Agent,Ornstein-Uhlenbeck Generator,003,39,15.0
Repeat Last Movement Agent,Ornstein-Uhlenbeck Generator,003,40,14.0
Repeat Last Movement Agent,Ornstein-Uhlenbeck Generator,003,41,15.0
Repeat Last Movement Agent,Ornstein-Uhlenbeck Generator,003,42,16.0
Repeat Last Movement Agent,Ornstein-Uhlenbeck Generator,003,43,17.0
Repeat Last Movement Agent,Ornstein-Uhlenbeck Generator,003,44,18.0
Repeat Last Movement Agent,Ornstein-Uhlenbeck Generator,003,45,17.0
Repeat Last Movement Agent,Ornstein-Uhlenbeck Generator,003,46,16.0
Repeat Last Movement Agent,Ornstein-Uhlenbeck Generator,003,47,15.0
Repeat Last Movement Agent,Ornstein-Uhlenbeck Generator,003,48,14.0
Repeat Last Movement Agent,Ornstein-Uhlenbeck Generator,003,49,13.0
Repeat Last Movement Agent,Ornstein-Uhlenbeck Generator,003,50,14.0
Repeat Last Movement Agent,Ornstein-Uhlenbeck Generator,003,51,13.0
Repeat Last Movement Agent,Ornstein-Uhlenbeck Generator,003,52,12.0
Repeat Last Movement Agent,Ornstein-Uhlenbeck Generator,003,53,11.0
Repeat Last Movement Agent,Ornstein-Uhlenbeck Generator,003,54,10.0
Repeat Last Movement Agent,Ornstein-Uhlenbeck Generator,003,55,11.0
Repeat Last Movement Agent,Ornstein-Uhlenbeck Generator,003,56,10.0
Repeat Last Movement Agent,Ornstein-Uhlenbeck Generator,003,57,11.0
Repeat Last Movement Agent,Ornstein-Uhlenbeck Generator,003,58,12.0
Repeat Last Movement Agent,Ornstein-Uhlenbeck Generator,003,59,13.0
Repeat Last Movement Agent,Ornstein-Uhlenbeck Generator,003,60,12.0
Repeat Last Movement Agent,Ornstein-Uhlenbeck Generator,003,61,11.0
Repeat Last Movement Agent,Ornstein-Uhlenbeck Generator,003,62,10.0
Repeat Last Movement Agent,Ornstein-Uhlenbeck Generator,003,63,9.0
Repeat Last Movement Agent,Ornstein-Uhlenbeck Generator,003,64,8.0
Repeat Last Movement Agent,Ornstein-Uhlenbeck Generator,003,65,9.0
Repeat Last Movement Agent,Ornstein-Uhlenbeck Generator,003,66,8.0
Repeat Last Movement Agent,Ornstein-Uhlenbeck Generator,003,67,7.0
Repeat Last Movement Agent,Ornstein-Uhlenbeck Generator,003,68,8.0
Repeat Last Movement Agent,Ornstein-Uhlenbeck Generator,003,69,7.0
Repeat Last Movement Agent,Ornstein-Uhlenbeck Generator,003,70,6.0
Repeat Last Movement Agent,Ornstein-Uhlenbeck Generator,003,71,7.0
Repeat Last Movement Agent,Ornstein-Uhlenbeck Generator,003,72,8.0
Repeat Last Movement Agent,Ornstein-Uhlenbeck Generator,003,73,7.0
Repeat Last Movement Agent,Ornstein-Uhlenbeck Generator,003,74,6.0
Repeat Last Movement Agent,Ornstein-Uhlenbeck Generator,003,75,7.0
Repeat Last Movement Agent,Ornstein-Uhlenbeck Generator,003,76,8.0
Repeat Last Movement Agent,Ornstein-Uhlenbeck Generator,003,77,7.0
Repeat Last Movement Agent,Ornstein-Uhlenbeck Generator,003,78,8.0
Repeat Last Movement Agent,Ornstein-Uhlenbeck Generator,003,79,9.0
Repeat Last Movement Agent,Ornstein-Uhlenbeck Generator,003,80,8.0
Repeat Last Movement Agent,Ornstein-Uhlenbeck Generator,003,81,9.0
Repeat Last Movement Agent,Ornstein-Uhlenbeck Generator,003,82,8.0
Repeat Last Movement Agent,Ornstein-Uhlenbeck Generator,003,83,9.0
Repeat Last Movement Agent,Ornstein-Uhlenbeck Generator,003,84,8.0
Repeat Last Movement Agent,Ornstein-Uhlenbeck Generator,003,85,7.0
Repeat Last Movement Agent,Ornstein-Uhlenbeck Generator,003,86,8.0
Repeat Last Movement Agent,Ornstein-Uhlenbeck Generator,003,87,9.0
Repeat Last Movement Agent,Ornstein-Uhlenbeck Generator,003,88,8.0
Repeat Last Movement Agent,Ornstein-Uhlenbeck Generator,003,89,9.0
Repeat Last Movement Agent,Ornstein-Uhlenbeck Generator,003,90,8.0
Repeat Last Movement Agent,Ornstein-Uhlenbeck Generator,003,91,9.0
Repeat Last Movement Agent,Ornstein-Uhlenbeck Generator,003,92,8.0
Repeat Last Movement Agent,Ornstein-Uhlenbeck Generator,003,93,7.0
Repeat Last Movement Agent,Ornstein-Uhlenbeck Generator,003,94,8.0
Repeat Last Movement Agent,Ornstein-Uhlenbeck Generator,003,95,7.0
Repeat Last Movement Agent,Ornstein-Uhlenbeck Generator,003,96,8.0
Repeat Last Movement Agent,Ornstein-Uhlenbeck Generator,003,97,9.0
Repeat Last Movement Agent,Ornstein-Uhlenbeck Generator,003,98,8.0
Repeat Last Movement Agent,Ornstein-Uhlenbeck Generator,003,99,9.0
Repeat Last Movement Agent,Ornstein-Uhlenbeck Generator,003,100,8.0
Repeat Last Movement Agent,Random Walk Generator,001,1,-1.0
Repeat Last Movement Agent,Random Walk Generator,001,2,-2.0
Repeat Last Movement Agent,Random Walk Generator,001,3,-3.0
Repeat Last Movement Agent,Random Walk Generator,001,4,-4.0
Repeat Last Movement Agent,Random Walk Generator,001,5,-5.0
Repeat Last Movement Agent,Random Walk Generator,001,6,-6.0
Repeat Last Movement Agent,Random Walk Generator,001,7,-7.0
Repeat Last Movement Agent,Random Walk Generator,001,8,-8.0
Repeat Last Movement Agent,Random Walk Generator,001,9,-7.0
Repeat Last Movement Agent,Random Walk Generator,001,10,-8.0
Repeat Last Movement Agent,Random Walk Generator,001,11,-9.0
Repeat Last Movement Agent,Random Walk Generator,001,12,-10.0
Repeat Last Movement Agent,Random Walk Generator,001,13,-11.0
Repeat Last Movement Agent,Random Walk Generator,001,14,-12.0
Repeat Last Movement Agent,Random Walk Generator,001,15,-13.0
Repeat Last Movement Agent,Random Walk Generator,001,16,-12.0
Repeat Last Movement Agent,Random Walk Generator,001,17,-11.0
Repeat Last Movement Agent,Random Walk Generator,001,18,-12.0
Repeat Last Movement Agent,Random Walk Generator,001,19,-11.0
Repeat Last Movement Agent,Random Walk Generator,001,20,-10.0
Repeat Last Movement Agent,Random Walk Generator,001,21,-11.0
Repeat Last Movement Agent,Random Walk Generator,001,22,-10.0
Repeat Last Movement Agent,Random Walk Generator,001,23,-11.0
Repeat Last Movement Agent,Random Walk Generator,001,24,-10.0
Repeat Last Movement Agent,Random Walk Generator,001,25,-11.0
Repeat Last Movement Agent,Random Walk Generator,001,26,-12.0
Repeat Last Movement Agent,Random Walk Generator,001,27,-13.0
Repeat Last Movement Agent,Random Walk Generator,001,28,-14.0
Repeat Last Movement Agent,Random Walk Generator,001,29,-15.0
Repeat Last Movement Agent,Random Walk Generator,001,30,-16.0
Repeat Last Movement Agent,Random Walk Generator,001,31,-17.0
Repeat Last Movement Agent,Random Walk Generator,001,32,-16.0
Repeat Last Movement Agent,Random Walk Generator,001,33,-17.0
Repeat Last Movement Agent,Random Walk Generator,001,34,-16.0
Repeat Last Movement Agent,Random Walk Generator,001,35,-17.0
Repeat Last Movement Agent,Random Walk Generator,001,36,-18.0
Repeat Last Movement Agent,Random Walk Generator,001,37,-17.0
Repeat Last Movement Agent,Random Walk Generator,001,38,-16.0
Repeat Last Movement Agent,Random Walk Generator,001,39,-15.0
Repeat Last Movement Agent,Random Walk Generator,001,40,-16.0
Repeat Last Movement Agent,Random Walk Generator,001,41,-17.0
Repeat Last Movement Agent,Random Walk Generator,001,42,-18.0
Repeat Last Movement Agent,Random Walk Generator,001,43,-17.0
Repeat Last Movement Agent,Random Walk Generator,001,44,-18.0
Repeat Last Movement Agent,Random Walk Generator,001,45,-17.0
Repeat Last Movement Agent,Random Walk Generator,001,46,-16.0
Repeat Last Movement Agent,Random Walk Generator,001,47,-17.0
Repeat Last Movement Agent,Random Walk Generator,001,48,-16.0
Repeat Last Movement Agent,Random Walk Generator,001,49,-17.0
Repeat Last Movement Agent,Random Walk Generator,001,50,-18.0
Repeat Last Movement Agent,Random Walk Generator,001,51,-19.0
Repeat Last Movement Agent,Random Walk Generator,001,52,-20.0
Repeat Last Movement Agent,Random Walk Generator,001,53,-19.0
Repeat Last Movement Agent,Random Walk Generator,001,54,-20.0
Repeat Last Movement Agent,Random Walk Generator,001,55,-21.0
Repeat Last Movement Agent,Random Walk Generator,001,56,-22.0
Repeat Last Movement Agent,Random Walk Generator,001,57,-21.0
Repeat Last Movement Agent,Random Walk Generator,001,58,-20.0
Repeat Last Movement Agent,Random Walk Generator,001,59,-19.0
Repeat Last Movement Agent,Random Walk Generator,001,60,-20.0
Repeat Last Movement Agent,Random Walk Generator,001,61,-19.0
Repeat Last Movement Agent,Random Walk Generator,001,62,-18.0
Repeat Last Movement Agent,Random Walk Generator,001,63,-19.0
Repeat Last Movement Agent,Random Walk Generator,001,64,-18.0
Repeat Last Movement Agent,Random Walk Generator,001,65,-17.0
Repeat Last Movement Agent,Random Walk Generator,001,66,-18.0
Repeat Last Movement Agent,Random Walk Generator,001,67,-19.0
Repeat Last Movement Agent,Random Walk Generator,001,68,-18.0
Repeat Last Movement Agent,Random Walk Generator,001,69,-17.0
Repeat Last Movement Agent,Random Walk Generator,001,70,-18.0
Repeat Last Movement Agent,Random Walk Generator,001,71,-19.0
Repeat Last Movement Agent,Random Walk Generator,001,72,-18.0
Repeat Last Movement Agent,Random Walk Generator,001,73,-17.0
Repeat Last Movement Agent,Random Walk Generator,001,74,-18.0
Repeat Last Movement Agent,Random Walk Generator,001,75,-17.0
Repeat Last Movement Agent,Random Walk Generator,001,76,-18.0
Repeat Last Movement Agent,Random Walk Generator,001,77,-19.0
Repeat Last Movement Agent,Random Walk Generator,001,78,-18.0
Repeat Last Movement Agent,Random Walk Generator,001,79,-19.0
Repeat Last Movement Agent,Random Walk Generator,001,80,-18.0
Repeat Last Movement Agent,Random Walk Generator,001,81,-19.0
Repeat Last Movement Agent,Random Walk Generator,001,82,-18.0
Repeat Last Movement Agent,Random Walk Generator,001,83,-17.0
Repeat Last Movement Agent,Random Walk Generator,001,84,-18.0
Repeat Last Movement Agent,Random Walk Generator,001,85,-17.0
Repeat Last Movement Agent,Random Walk Generator,001,86,-16.0
Repeat Last Movement Agent,Random Walk Generator,001,87,-15.0
Repeat Last Movement Agent,Random Walk Generator,001,88,-14.0
Repeat Last Movement Agent,Random Walk Generator,001,89,-13.0
Repeat Last Movement Agent,Random Walk Generator,001,90,-12.0
Repeat Last Movement Agent,Random Walk Generator,001,91,-11.0
Repeat Last Movement Agent,Random Walk Generator,001,92,-12.0
Repeat Last Movement Agent,Random Walk Generator,001,93,-13.0
Repeat Last Movement Agent,Random Walk Generator,001,94,-14.0
Repeat Last Movement Agent,Random Walk Generator,001,95,-13.0
Repeat Last Movement Agent,Random Walk Generator,001,96,-14.0
Repeat Last Movement Agent,Random Walk Generator,001,97,-13.0
Repeat Last Movement Agent,Random Walk Generator,001,98,-14.0
Repeat Last Movement Agent,Random Walk Generator,001,99,-13.0
Repeat Last Movement Agent,Random Walk Generator,001,100,-12.0
Repeat Last Movement Agent,Random Walk Generator,002,1,-1.0
Repeat Last Movement Agent,Random Walk Generator,002,2,0.0
Repeat Last Movement Agent,Random Walk Generator,002,3,1.0
Repeat Last Movement Agent,Random Walk Generator,002,4,0.0
Repeat Last Movement Agent,Random Walk Generator,002,5,-1.0
Repeat Last Movement Agent,Random Walk Generator,002,6,0.0
Repeat Last Movement Agent,Random Walk Generator,002,7,-1.0
Repeat Last Movement Agent,Random Walk Generator,002,8,-2.0
Repeat Last Movement Agent,Random Walk Generator,002,9,-1.0
Repeat Last Movement Agent,Random Walk Generator,002,10,0.0
Repeat Last Movement Agent,Random Walk Generator,002,11,-1.0
Repeat Last Movement Agent,Random Walk Generator,002,12,-2.0
Repeat Last Movement Agent,Random Walk Generator,002,13,-3.0
Repeat Last Movement Agent,Random Walk Generator,002,14,-4.0
Repeat Last Movement Agent,Random Walk Generator,002,15,-3.0
Repeat Last Movement Agent,Random Walk Generator,002,16,-4.0
Repeat Last Movement Agent,Random Walk Generator,002,17,-3.0
Repeat Last Movement Agent,Random Walk Generator,002,18,-4.0
Repeat Last Movement Agent,Random Walk Generator,002,19,-3.0
Repeat Last Movement Agent,Random Walk Generator,002,20,-2.0
Repeat Last Movement Agent,Random Walk Generator,002,21,-3.0
Repeat Last Movement Agent,Random Walk Generator,002,22,-2.0
Repeat Last Movement Agent,Random Walk Generator,002,23,-1.0
Repeat Last Movement Agent,Random Walk Generator,002,24,-2.0
Repeat Last Movement Agent,Random Walk Generator,002,25,-1.0
Repeat Last Movement Agent,Random Walk Generator,002,26,0.0
Repeat Last Movement Agent,Random Walk Generator,002,27,-1.0
Repeat Last Movement Agent,Random Walk Generator,002,28,-2.0
Repeat Last Movement Agent,Random Walk Generator,002,29,-3.0
Repeat Last Movement Agent,Random Walk Generator,002,30,-2.0
Repeat Last Movement Agent,Random Walk Generator,002,31,-3.0
Repeat Last Movement Agent,Random Walk Generator,002,32,-4.0
Repeat Last Movement Agent,Random Walk Generator,002,33,-5.0
Repeat Last Movement Agent,Random Walk Generator,002,34,-6.0
Repeat Last Movement Agent,Random Walk Generator,002,35,-5.0
Repeat Last Movement Agent,Random Walk Generator,002,36,-6.0
Repeat Last Movement Agent,Random Walk Generator,002,37,-5.0
Repeat Last Movement Agent,Random Walk Generator,002,38,-6.0
Repeat Last Movement Agent,Random Walk Generator,002,39,-5.0
Repeat Last Movement Agent,Random Walk Generator,002,40,-4.0
Repeat Last Movement Agent,Random Walk Generator,002,41,-3.0
Repeat Last Movement Agent,Random Walk Generator,002,42,-2.0
Repeat Last Movement Agent,Random Walk Generator,002,43,-1.0
Repeat Last Movement Agent,Random Walk Generator,002,44,0.0
Repeat Last Movement Agent,Random Walk Generator,002,45,-1.0
Repeat Last Movement Agent,Random Walk Generator,002,46,0.0
Repeat Last Movement Agent,Random Walk Generator,002,47,-1.0
Repeat Last Movement Agent,Random Walk Generator,002,48,0.0
Repeat Last Movement Agent,Random Walk Generator,002,49,-1.0
Repeat Last Movement Agent,Random Walk Generator,002,50,0.0
Repeat Last Movement Agent,Random Walk Generator,002,51,-1.0
Repeat Last Movement Agent,Random Walk Generator,002,52,0.0
Repeat Last Movement Agent,Random Walk Generator,002,53,-1.0
Repeat Last Movement Agent,Random Walk Generator,002,54,-2.0
Repeat Last Movement Agent,Random Walk Generator,002,55,-1.0
Repeat Last Movement Agent,Random Walk Generator,002,56,-2.0
Repeat Last Movement Agent,Random Walk Generator,002,57,-3.0
Repeat Last Movement Agent,Random Walk Generator,002,58,-2.0
Repeat Last Movement Agent,Random Walk Generator,002,59,-1.0
Repeat Last Movement Agent,Random Walk Generator,002,60,0.0
Repeat Last Movement Agent,Random Walk Generator,002,61,1.0
Repeat Last Movement Agent,Random Walk Generator,002,62,0.0
Repeat Last Movement Agent,Random Walk Generator,002,63,-1.0
Repeat Last Movement Agent,Random Walk Generator,002,64,-2.0
Repeat Last Movement Agent,Random Walk Generator,002,65,-1.0
Repeat Last Movement Agent,Random Walk Generator,002,66,-2.0
Repeat Last Movement Agent,Random Walk Generator,002,67,-1.0
Repeat Last Movement Agent,Random Walk Generator,002,68,0.0
Repeat Last Movement Agent,Random Walk Generator,002,69,1.0
Repeat Last Movement Agent,Random Walk Generator,002,70,0.0
Repeat Last Movement Agent,Random Walk Generator,002,71,-1.0
Repeat Last Movement Agent,Random Walk Generator,002,72,-2.0
Repeat Last Movement Agent,Random Walk Generator,002,73,-3.0
Repeat Last Movement Agent,Random Walk Generator,002,74,-4.0
Repeat Last Movement Agent,Random Walk Generator,002,75,-3.0
Repeat Last Movement Agent,Random Walk Generator,002,76,-2.0
Repeat Last Movement Agent,Random Walk Generator,002,77,-3.0
Repeat Last Movement Agent,Random Walk Generator,002,78,-2.0
Repeat Last Movement Agent,Random Walk Generator,002,79,-1.0
Repeat Last Movement Agent,Random Walk Generator,002,80,-2.0
Repeat Last Movement Agent,Random Walk Generator,002,81,-3.0
Repeat Last Movement Agent,Random Walk Generator,002,82,-4.0
Repeat Last Movement Agent,Random Walk Generator,002,83,-5.0
Repeat Last Movement Agent,Random Walk Generator,002,84,-4.0
Repeat Last Movement Agent,Random Walk Generator,002,85,-5.0
Repeat Last Movement Agent,Random Walk Generator,002,86,-6.0
Repeat Last Movement Agent,Random Walk Generator,002,87,-5.0
Repeat Last Movement Agent,Random Walk Generator,002,88,-4.0
Repeat Last Movement Agent,Random Walk Generator,002,89,-3.0
Repeat Last Movement Agent,Random Walk Generator,002,90,-4.0
Repeat Last Movement Agent,Random Walk Generator,002,91,-3.0
Repeat Last Movement Agent,Random Walk Generator,002,92,-4.0
Repeat Last Movement Agent,Random Walk Generator,002,93,-5.0
Repeat Last Movement Agent,Random Walk Generator,002,94,-6.0
Repeat Last Movement Agent,Random Walk Generator,002,95,-5.0
Repeat Last Movement Agent,Random Walk Generator,002,96,-6.0
Repeat Last Movement Agent,Random Walk Generator,002,97,-7.0
Repeat Last Movement Agent,Random Walk Generator,002,98,-6.0
Repeat Last Movement Agent,Random Walk Generator,002,99,-5.0
Repeat Last Movement Agent,Random Walk Generator,002,100,-6.0
Repeat Last Movement Agent,Random Walk Generator,003,1,1.0
Repeat Last Movement Agent,Random Walk Generator,003,2,2.0
Repeat Last Movement Agent,Random Walk Generator,003,3,3.0
Repeat Last Movement Agent,Random Walk Generator,003,4,2.0
Repeat Last Movement Agent,Random Walk Generator,003,5,1.0
Repeat Last Movement Agent,Random Walk Generator,003,6,2.0
Repeat Last Movement Agent,Random Walk Generator,003,7,3.0
Repeat Last Movement Agent,Random Walk Generator,003,8,2.0
Repeat Last Movement Agent,Random Walk Generator,003,9,1.0
Repeat Last Movement Agent,Random Walk Generator,003,10,0.0
Repeat Last Movement Agent,Random Walk Generator,003,11,-1.0
Repeat Last Movement Agent,Random Walk Generator,003,12,-2.0
Repeat Last Movement Agent,Random Walk Generator,003,13,-3.0
Repeat Last Movement Agent,Random Walk Generator,003,14,-4.0
Repeat Last Movement Agent,Random Walk Generator,003,15,-3.0
Repeat Last Movement Agent,Random Walk Generator,003,16,-4.0
Repeat Last Movement Agent,Random Walk Generator,003,17,-3.0
Repeat Last Movement Agent,Random Walk Generator,003,18,-4.0
Repeat Last Movement Agent,Random Walk Generator,003,19,-3.0
Repeat Last Movement Agent,Random Walk Generator,003,20,-4.0
Repeat Last Movement Agent,Random Walk Generator,003,21,-3.0
Repeat Last Movement Agent,Random Walk Generator,003,22,-4.0
Repeat Last Movement Agent,Random Walk Generator,003,23,-5.0
Repeat Last Movement Agent,Random Walk Generator,003,24,-6.0
Repeat Last Movement Agent,Random Walk Generator,003,25,-7.0
Repeat Last Movement Agent,Random Walk Generator,003,26,-8.0
Repeat Last Movement Agent,Random Walk Generator,003,27,-9.0
Repeat Last Movement Agent,Random Walk Generator,003,28,-10.0
Repeat Last Movement Agent,Random Walk Generator,003,29,-11.0
Repeat Last Movement Agent,Random Walk Generator,003,30,-12.0
Repeat Last Movement Agent,Random Walk Generator,003,31,-13.0
Repeat Last Movement Agent,Random Walk Generator,003,32,-12.0
Repeat Last Movement Agent,Random Walk Generator,003,33,-13.0
Repeat Last Movement Agent,Random Walk Generator,003,34,-14.0
Repeat Last Movement Agent,Random Walk Generator,003,35,-15.0
Repeat Last Movement Agent,Random Walk Generator,003,36,-16.0
Repeat Last Movement Agent,Random Walk Generator,003,37,-15.0
Repeat Last Movement Agent,Random Walk Generator,003,38,-14.0
Repeat Last Movement Agent,Random Walk Generator,003,39,-13.0
Repeat Last Movement Agent,Random Walk Generator,003,40,-14.0
Repeat Last Movement Agent,Random Walk Generator,003,41,-13.0
Repeat Last Movement Agent,Random Walk Generator,003,42,-12.0
Repeat Last Movement Agent,Random Walk Generator,003,43,-11.0
Repeat Last Movement Agent,Random Walk Generator,003,44,-12.0
Repeat Last Movement Agent,Random Walk Generator,003,45,-13.0
Repeat Last Movement Agent,Random Walk Generator,003,46,-12.0
Repeat Last Movement Agent,Random Walk Generator,003,47,-13.0
Repeat Last Movement Agent,Random Walk Generator,003,48,-12.0
Repeat Last Movement Agent,Random Walk Generator,003,49,-11.0
Repeat Last Movement Agent,Random Walk Generator,003,50,-10.0
Repeat Last Movement Agent,Random Walk Generator,003,51,-11.0
Repeat Last Movement Agent,Random Walk Generator,003,52,-10.0
Repeat Last Movement Agent,Random Walk Generator,003,53,-9.0
Repeat Last Movement Agent,Random Walk Generator,003,54,-10.0
Repeat Last Movement Agent,Random Walk Generator,003,55,-9.0
Repeat Last Movement Agent,Random Walk Generator,003,56,-10.0
Repeat Last Movement Agent,Random Walk Generator,003,57,-11.0
Repeat Last Movement Agent,Random Walk Generator,003,58,-12.0
Repeat Last Movement Agent,Random Walk Generator,003,59,-13.0
Repeat Last Movement Agent,Random Walk Generator,003,60,-14.0
Repeat Last Movement Agent,Random Walk Generator,003,61,-15.0
Repeat Last Movement Agent,Random Walk Generator,003,62,-14.0
Repeat Last Movement Agent,Random Walk Generator,003,63,-13.0
Repeat Last Movement Agent,Random Walk Generator,003,64,-14.0
Repeat Last Movement Agent,Random Walk Generator,003,65,-13.0
Repeat Last Movement Agent,Random Walk Generator,003,66,-12.0
Repeat Last Movement Agent,Random Walk Generator,003,67,-13.0
Repeat Last Movement Agent,Random Walk Generator,003,68,-14.0
Repeat Last Movement Agent,Random Walk Generator,003,69,-13.0
Repeat Last Movement Agent,Random Walk Generator,003,70,-12.0
Repeat Last Movement Agent,Random Walk Generator,003,71,-13.0
Repeat Last Movement Agent,Random Walk Generator,003,72,-12.0
Repeat Last Movement Agent,Random Walk Generator,003,73,-13.0
Repeat Last Movement Agent,Random Walk Generator,003,74,-12.0
Repeat Last Movement Agent,Random Walk Generator,003,75,-13.0
Repeat Last Movement Agent,Random Walk Generator,003,76,-12.0
Repeat Last Movement Agent,Random Walk Generator,003,77,-11.0
Repeat Last Movement Agent,Random Walk Generator,003,78,-10.0
Repeat Last Movement Agent,Random Walk Generator,003,79,-9.0
Repeat Last Movement Agent,Random Walk Generator,003,80,-8.0
Repeat Last Movement Agent,Random Walk Generator,003,81,-9.0
Repeat Last Movement Agent,Random Walk Generator,003,82,-10.0
Repeat Last Movement Agent,Random Walk Generator,003,83,-9.0
Repeat Last Movement Agent,Random Walk Generator,003,84,-10.0
Repeat Last Movement Agent,Random Walk Generator,003,85,-11.0
Repeat Last Movement Agent,Random Walk Generator,003,86,-12.0
Repeat Last Movement Agent,Random Walk Generator,003,87,-13.0
Repeat Last Movement Agent,Random Walk Generator,003,88,-12.0
Repeat Last Movement Agent,Random Walk Generator,003,89,-11.0
Repeat Last Movement Agent,Random Walk Generator,003,90,-10.0
Repeat Last Movement Agent,Random Walk Generator,003,91,-11.0
Repeat Last Movement Agent,Random Walk Generator,003,92,-10.0
Repeat Last Movement Agent,Random Walk Generator,003,93,-11.0
Repeat Last Movement Agent,Random Walk Generator,003,94,-12.0
Repeat Last Movement Agent,Random Walk Generator,003,95,-13.0
Repeat Last Movement Agent,Random Walk Generator,003,96,-14.0
Repeat Last Movement Agent,Random Walk Generator,003,97,-13.0
Repeat Last Movement Agent,Random Walk Generator,003,98,-12.0
Repeat Last Movement Agent,Random Walk Generator,003,99,-11.0
Repeat Last Movement Agent,Random Walk Generator,003,100,-10.0
Static Mean Reversion Agent,Ornstein-Uhlenbeck Generator,001,1,-1.0
Static Mean Reversion Agent,Ornstein-Uhlenbeck Generator,001,2,0.0
Static Mean Reversion Agent,Ornstein-Uhlenbeck Generator,001,3,1.0
Static Mean Reversion Agent,Ornstein-Uhlenbeck Generator,001,4,2.0
Static Mean Reversion Agent,Ornstein-Uhlenbeck Generator,001,5,3.0
Static Mean Reversion Agent,Ornstein-Uhlenbeck Generator,001,6,4.0
Static Mean Reversion Agent,Ornstein-Uhlenbeck Generator,001,7,5.0
Static Mean Reversion Agent,Ornstein-Uhlenbeck Generator,001,8,4.0
Static Mean Reversion Agent,Ornstein-Uhlenbeck Generator,001,9,3.0
Static Mean Reversion Agent,Ornstein-Uhlenbeck Generator,001,10,2.0
Static Mean Reversion Agent,Ornstein-Uhlenbeck Generator,001,11,1.0
Static Mean Reversion Agent,Ornstein-Uhlenbeck Generator,001,12,0.0
Static Mean Reversion Agent,Ornstein-Uhlenbeck Generator,001,13,1.0
Static Mean Reversion Agent,Ornstein-Uhlenbeck Generator,001,14,0.0
Static Mean Reversion Agent,Ornstein-Uhlenbeck Generator,001,15,1.0
Static Mean Reversion Agent,Ornstein-Uhlenbeck Generator,001,16,0.0
Static Mean Reversion Agent,Ornstein-Uhlenbeck Generator,001,17,1.0
Static Mean Reversion Agent,Ornstein-Uhlenbeck Generator,001,18,0.0
Static Mean Reversion Agent,Ornstein-Uhlenbeck Generator,001,19,1.0
Static Mean Reversion Agent,Ornstein-Uhlenbeck Generator,001,20,0.0
Static Mean Reversion Agent,Ornstein-Uhlenbeck Generator,001,21,-1.0
Static Mean Reversion Agent,Ornstein-Uhlenbeck Generator,001,22,-2.0
Static Mean Reversion Agent,Ornstein-Uhlenbeck Generator,001,23,-3.0
Static Mean Reversion Agent,Ornstein-Uhlenbeck Generator,001,24,-4.0
Static Mean Reversion Agent,Ornstein-Uhlenbeck Generator,001,25,-3.0
Static Mean Reversion Agent,Ornstein-Uhlenbeck Generator,001,26,-2.0
Static Mean Reversion Agent,Ornstein-Uhlenbeck Generator,001,27,-3.0
Static Mean Reversion Agent,Ornstein-Uhlenbeck Generator,001,28,-2.0
Static Mean Reversion Agent,Ornstein-Uhlenbeck Generator,001,29,-3.0
Static Mean Reversion Agent,Ornstein-Uhlenbeck Generator,001,30,-2.0
Static Mean Reversion Agent,Ornstein-Uhlenbeck Generator,001,31,-3.0
Static Mean Reversion Agent,Ornstein-Uhlenbeck Generator,001,32,-4.0
Static Mean Reversion Agent,Ornstein-Uhlenbeck Generator,001,33,-3.0
Static Mean Reversion Agent,Ornstein-Uhlenbeck Generator,001,34,-2.0
Static Mean Reversion Agent,Ornstein-Uhlenbeck Generator,001,35,-3.0
Static Mean Reversion Agent,Ornstein-Uhlenbeck Generator,001,36,-4.0
Static Mean Reversion Agent,Ornstein-Uhlenbeck Generator,001,37,-3.0
Static Mean Reversion Agent,Ornstein-Uhlenbeck Generator,001,38,-2.0
Static Mean Reversion Agent,Ornstein-Uhlenbeck Generator,001,39,-3.0
Static Mean Reversion Agent,Ornstein-Uhlenbeck Generator,001,40,-4.0
Static Mean Reversion Agent,Ornstein-Uhlenbeck Generator,001,41,-3.0
Static Mean Reversion Agent,Ornstein-Uhlenbeck Generator,001,42,-4.0
Static Mean Reversion Agent,Ornstein-Uhlenbeck Generator,001,43,-5.0
Static Mean Reversion Agent,Ornstein-Uhlenbeck Generator,001,44,-4.0
Static Mean Reversion Agent,Ornstein-Uhlenbeck Generator,001,45,-5.0
Static Mean Reversion Agent,Ornstein-Uhlenbeck Generator,001,46,-4.0
Static Mean Reversion Agent,Ornstein-Uhlenbeck Generator,001,47,-5.0
Static Mean Reversion Agent,Ornstein-Uhlenbeck Generator,001,48,-4.0
Static Mean Reversion Agent,Ornstein-Uhlenbeck Generator,001,49,-3.0
Static Mean Reversion Agent,Ornstein-Uhlenbeck Generator,001,50,-2.0
Static Mean Reversion Agent,Ornstein-Uhlenbeck Generator,001,51,-3.0
Static Mean Reversion Agent,Ornstein-Uhlenbeck Generator,001,52,-4.0
Static Mean Reversion Agent,Ornstein-Uhlenbeck Generator,001,53,-3.0
Static Mean Reversion Agent,Ornstein-Uhlenbeck Generator,001,54,-2.0
Static Mean Reversion Agent,Ornstein-Uhlenbeck Generator,001,55,-3.0
Static Mean Reversion Agent,Ornstein-Uhlenbeck Generator,001,56,-2.0
Static Mean Reversion Agent,Ornstein-Uhlenbeck Generator,001,57,-1.0
Static Mean Reversion Agent,Ornstein-Uhlenbeck Generator,001,58,0.0
Static Mean Reversion Agent,Ornstein-Uhlenbeck Generator,001,59,-1.0
Static Mean Reversion Agent,Ornstein-Uhlenbeck Generator,001,60,0.0
Static Mean Reversion Agent,Ornstein-Uhlenbeck Generator,001,61,1.0
Static Mean Reversion Agent,Ornstein-Uhlenbeck Generator,001,62,0.0
Static Mean Reversion Agent,Ornstein-Uhlenbeck Generator,001,63,1.0
Static Mean Reversion Agent,Ornstein-Uhlenbeck Generator,001,64,0.0
Static Mean Reversion Agent,Ornstein-Uhlenbeck Generator,001,65,1.0
Static Mean Reversion Agent,Ornstein-Uhlenbeck Generator,001,66,0.0
Static Mean Reversion Agent,Ornstein-Uhlenbeck Generator,001,67,-1.0
Static Mean Reversion Agent,Ornstein-Uhlenbeck Generator,001,68,0.0
Static Mean Reversion Agent,Ornstein-Uhlenbeck Generator,001,69,1.0
Static Mean Reversion Agent,Ornstein-Uhlenbeck Generator,001,70,0.0
Static Mean Reversion Agent,Ornstein-Uhlenbeck Generator,001,71,-1.0
Static Mean Reversion Agent,Ornstein-Uhlenbeck Generator,001,72,0.0
Static Mean Reversion Agent,Ornstein-Uhlenbeck Generator,001,73,1.0
Static Mean Reversion Agent,Ornstein-Uhlenbeck Generator,001,74,2.0
Static Mean Reversion Agent,Ornstein-Uhlenbeck Generator,001,75,3.0
Static Mean Reversion Agent,Ornstein-Uhlenbeck Generator,001,76,2.0
Static Mean Reversion Agent,Ornstein-Uhlenbeck Generator,001,77,1.0
Static Mean Reversion Agent,Ornstein-Uhlenbeck Generator,001,78,2.0
Static Mean Reversion Agent,Ornstein-Uhlenbeck Generator,001,79,3.0
Static Mean Reversion Agent,Ornstein-Uhlenbeck Generator,001,80,2.0
Static Mean Reversion Agent,Ornstein-Uhlenbeck Generator,001,81,1.0
Static Mean Reversion Agent,Ornstein-Uhlenbeck Generator,001,82,0.0
Static Mean Reversion Agent,Ornstein-Uhlenbeck Generator,001,83,1.0
Static Mean Reversion Agent,Ornstein-Uhlenbeck Generator,001,84,0.0
Static Mean Reversion Agent,Ornstein-Uhlenbeck Generator,001,85,1.0
Static Mean Reversion Agent,Ornstein-Uhlenbeck Generator,001,86,0.0
Static Mean Reversion Agent,Ornstein-Uhlenbeck Generator,001,87,-1.0
Static Mean Reversion Agent,Ornstein-Uhlenbeck Generator,001,88,0.0
Static Mean Reversion Agent,Ornstein-Uhlenbeck Generator,001,89,1.0
Static Mean Reversion Agent,Ornstein-Uhlenbeck Generator,001,90,2.0
Static Mean Reversion Agent,Ornstein-Uhlenbeck Generator,001,91,1.0
Static Mean Reversion Agent,Ornstein-Uhlenbeck Generator,001,92,0.0
Static Mean Reversion Agent,Ornstein-Uhlenbeck Generator,001,93,-1.0
Static Mean Reversion Agent,Ornstein-Uhlenbeck Generator,001,94,-2.0
Static Mean Reversion Agent,Ornstein-Uhlenbeck Generator,001,95,-1.0
Static Mean Reversion Agent,Ornstein-Uhlenbeck Generator,001,96,0.0
Static Mean Reversion Agent,Ornstein-Uhlenbeck Generator,001,97,-1.0
Static Mean Reversion Agent,Ornstein-Uhlenbeck Generator,001,98,0.0
Static Mean Reversion Agent,Ornstein-Uhlenbeck Generator,001,99,-1.0
Static Mean Reversion Agent,Ornstein-Uhlenbeck Generator,001,100,-2.0
Static Mean Reversion Agent,Ornstein-Uhlenbeck Generator,002,1,-1.0
Static Mean Reversion Agent,Ornstein-Uhlenbeck Generator,002,2,0.0
Static Mean Reversion Agent,Ornstein-Uhlenbeck Generator,002,3,1.0
Static Mean Reversion Agent,Ornstein-Uhlenbeck Generator,002,4,2.0
Static Mean Reversion Agent,Ornstein-Uhlenbeck Generator,002,5,3.0
Static Mean Reversion Agent,Ornstein-Uhlenbeck Generator,002,6,4.0
Static Mean Reversion Agent,Ornstein-Uhlenbeck Generator,002,7,5.0
Static Mean Reversion Agent,Ornstein-Uhlenbeck Generator,002,8,4.0
Static Mean Reversion Agent,Ornstein-Uhlenbeck Generator,002,9,3.0
Static Mean Reversion Agent,Ornstein-Uhlenbeck Generator,002,10,2.0
Static Mean Reversion Agent,Ornstein-Uhlenbeck Generator,002,11,1.0
Static Mean Reversion Agent,Ornstein-Uhlenbeck Generator,002,12,0.0
Static Mean Reversion Agent,Ornstein-Uhlenbeck Generator,002,13,-1.0
Static Mean Reversion Agent,Ornstein-Uhlenbeck Generator,002,14,-2.0
Static Mean Reversion Agent,Ornstein-Uhlenbeck Generator,002,15,-1.0
Static Mean Reversion Agent,Ornstein-Uhlenbeck Generator,002,16,-2.0
Static Mean Reversion Agent,Ornstein-Uhlenbeck Generator,002,17,-3.0
Static Mean Reversion Agent,Ornstein-Uhlenbeck Generator,002,18,-4.0
Static Mean Reversion Agent,Ornstein-Uhlenbeck Generator,002,19,-3.0
Static Mean Reversion Agent,Ornstein-Uhlenbeck Generator,002,20,-4.0
Static Mean Reversion Agent,Ornstein-Uhlenbeck Generator,002,21,-3.0
Static Mean Reversion Agent,Ornstein-Uhlenbeck Generator,002,22,-4.0
Static Mean Reversion Agent,Ornstein-Uhlenbeck Generator,002,23,-5.0
Static Mean Reversion Agent,Ornstein-Uhlenbeck Generator,002,24,-6.0
Static Mean Reversion Agent,Ornstein-Uhlenbeck Generator,002,25,-5.0
Static Mean Reversion Agent,Ornstein-Uhlenbeck Generator,002,26,-4.0
Static Mean Reversion Agent,Ornstein-Uhlenbeck Generator,002,27,-5.0
Static Mean Reversion Agent,Ornstein-Uhlenbeck Generator,002,28,-6.0
Static Mean Reversion Agent,Ornstein-Uhlenbeck Generator,002,29,-7.0
Static Mean Reversion Agent,Ornstein-Uhlenbeck Generator,002,30,-8.0
Static Mean Reversion Agent,Ornstein-Uhlenbeck Generator,002,31,-7.0
Static Mean Reversion Agent,Ornstein-Uhlenbeck Generator,002,32,-8.0
Static Mean Reversion Agent,Ornstein-Uhlenbeck Generator,002,33,-9.0
Static Mean Reversion Agent,Ornstein-Uhlenbeck Generator,002,34,-8.0
Static Mean Reversion Agent,Ornstein-Uhlenbeck Generator,002,35,-9.0
Static Mean Reversion Agent,Ornstein-Uhlenbeck Generator,002,36,-8.0
Static Mean Reversion Agent,Ornstein-Uhlenbeck Generator,002,37,-7.0
Static Mean Reversion Agent,Ornstein-Uhlenbeck Generator,002,38,-6.0
Static Mean Reversion Agent,Ornstein-Uhlenbeck Generator,002,39,-5.0
Static Mean Reversion Agent,Ornstein-Uhlenbeck Generator,002,40,-6.0
Static Mean Reversion Agent,Ornstein-Uhlenbeck Generator,002,41,-5.0
Static Mean Reversion Agent,Ornstein-Uhlenbeck Generator,002,42,-6.0
Static Mean Reversion Agent,Ornstein-Uhlenbeck Generator,002,43,-7.0
Static Mean Reversion Agent,Ornstein-Uhlenbeck Generator,002,44,-8.0
Static Mean Reversion Agent,Ornstein-Uhlenbeck Generator,002,45,-9.0
Static Mean Reversion Agent,Ornstein-Uhlenbeck Generator,002,46,-8.0
Static Mean Reversion Agent,Ornstein-Uhlenbeck Generator,002,47,-9.0
Static Mean Reversion Agent,Ornstein-Uhlenbeck Generator,002,48,-10.0
Static Mean Reversion Agent,Ornstein-Uhlenbeck Generator,002,49,-11.0
Static Mean Reversion Agent,Ornstein-Uhlenbeck Generator,002,50,-12.0
Static Mean Reversion Agent,Ornstein-Uhlenbeck Generator,002,51,-11.0
Static Mean Reversion Agent,Ornstein-Uhlenbeck Generator,002,52,-10.0
Static Mean Reversion Agent,Ornstein-Uhlenbeck Generator,002,53,-9.0
Static Mean Reversion Agent,Ornstein-Uhlenbeck Generator,002,54,-10.0
Static Mean Reversion Agent,Ornstein-Uhlenbeck Generator,002,55,-9.0
Static Mean Reversion Agent,Ornstein-Uhlenbeck Generator,002,56,-8.0
Static Mean Reversion Agent,Ornstein-Uhlenbeck Generator,002,57,-9.0
Static Mean Reversion Agent,Ornstein-Uhlenbeck Generator,002,58,-10.0
Static Mean Reversion Agent,Ornstein-Uhlenbeck Generator,002,59,-11.0
Static Mean Reversion Agent,Ornstein-Uhlenbeck Generator,002,60,-10.0
Static Mean Reversion Agent,Ornstein-Uhlenbeck Generator,002,61,-9.0
Static Mean Reversion Agent,Ornstein-Uhlenbeck Generator,002,62,-10.0
Static Mean Reversion Agent,Ornstein-Uhlenbeck Generator,002,63,-9.0
Static Mean Reversion Agent,Ornstein-Uhlenbeck Generator,002,64,-10.0
Static Mean Reversion Agent,Ornstein-Uhlenbeck Generator,002,65,-11.0
Static Mean Reversion Agent,Ornstein-Uhlenbeck Generator,002,66,-10.0
Static Mean Reversion Agent,Ornstein-Uhlenbeck Generator,002,67,-9.0
Static Mean Reversion Agent,Ornstein-Uhlenbeck Generator,002,68,-10.0
Static Mean Reversion Agent,Ornstein-Uhlenbeck Generator,002,69,-9.0
Static Mean Reversion Agent,Ornstein-Uhlenbeck Generator,002,70,-10.0
Static Mean Reversion Agent,Ornstein-Uhlenbeck Generator,002,71,-9.0
Static Mean Reversion Agent,Ornstein-Uhlenbeck Generator,002,72,-8.0
Static Mean Reversion Agent,Ornstein-Uhlenbeck Generator,002,73,-7.0
Static Mean Reversion Agent,Ornstein-Uhlenbeck Generator,002,74,-6.0
Static Mean Reversion Agent,Ornstein-Uhlenbeck Generator,002,75,-5.0
Static Mean Reversion Agent,Ornstein-Uhlenbeck Generator,002,76,-6.0
Static Mean Reversion Agent,Ornstein-Uhlenbeck Generator,002,77,-7.0
Static Mean Reversion Agent,Ornstein-Uhlenbeck Generator,002,78,-8.0
Static Mean Reversion Agent,Ornstein-Uhlenbeck Generator,002,79,-9.0
Static Mean Reversion Agent,Ornstein-Uhlenbeck Generator,002,80,-10.0
Static Mean Reversion Agent,Ornstein-Uhlenbeck Generator,002,81,-9.0
Static Mean Reversion Agent,Ornstein-Uhlenbeck Generator,002,82,-8.0
Static Mean Reversion Agent,Ornstein-Uhlenbeck Generator,002,83,-7.0
Static Mean Reversion Agent,Ornstein-Uhlenbeck Generator,002,84,-8.0
Static Mean Reversion Agent,Ornstein-Uhlenbeck Generator,002,85,-9.0
Static Mean Reversion Agent,Ornstein-Uhlenbeck Generator,002,86,-10.0
Static Mean Reversion Agent,Ornstein-Uhlenbeck Generator,002,87,-9.0
Static Mean Reversion Agent,Ornstein-Uhlenbeck Generator,002,88,-10.0
Static Mean Reversion Agent,Ornstein-Uhlenbeck Generator,002,89,-11.0
Static Mean Reversion Agent,Ornstein-Uhlenbeck Generator,002,90,-12.0
Static Mean Reversion Agent,Ornstein-Uhlenbeck Generator,002,91,-11.0
Static Mean Reversion Agent,Ornstein-Uhlenbeck Generator,002,92,-10.0
Static Mean Reversion Agent,Ornstein-Uhlenbeck Generator,002,93,-9.0
Static Mean Reversion Agent,Ornstein-Uhlenbeck Generator,002,94,-8.0
Static Mean Reversion Agent,Ornstein-Uhlenbeck Generator,002,95,-9.0
Static Mean Reversion Agent,Ornstein-Uhlenbeck Generator,002,96,-10.0
Static Mean Reversion Agent,Ornstein-Uhlenbeck Generator,002,97,-9.0
Static Mean Reversion Agent,Ornstein-Uhlenbeck Generator,002,98,-8.0
Static Mean Reversion Agent,Ornstein-Uhlenbeck Generator,002,99,-9.0
Static Mean Reversion Agent,Ornstein-Uhlenbeck Generator,002,100,-10.0
Static Mean Reversion Agent,Ornstein-Uhlenbeck Generator,003,1,-1.0
Static Mean Reversion Agent,Ornstein-Uhlenbeck Generator,003,2,0.0
Static Mean Reversion Agent,Ornstein-Uhlenbeck Generator,003,3,1.0
Static Mean Reversion Agent,Ornstein-Uhlenbeck Generator,003,4,2.0
Static Mean Reversion Agent,Ornstein-Uhlenbeck Generator,003,5,3.0
Static Mean Reversion Agent,Ornstein-Uhlenbeck Generator,003,6,4.0
Static Mean Reversion Agent,Ornstein-Uhlenbeck Generator,003,7,5.0
Static Mean Reversion Agent,Ornstein-Uhlenbeck Generator,003,8,4.0
Static Mean Reversion Agent,Ornstein-Uhlenbeck Generator,003,9,3.0
Static Mean Reversion Agent,Ornstein-Uhlenbeck Generator,003,10,2.0
Static Mean Reversion Agent,Ornstein-Uhlenbeck Generator,003,11,1.0
Static Mean Reversion Agent,Ornstein-Uhlenbeck Generator,003,12,0.0
Static Mean Reversion Agent,Ornstein-Uhlenbeck Generator,003,13,-1.0
Static Mean Reversion Agent,Ornstein-Uhlenbeck Generator,003,14,-2.0
Static Mean Reversion Agent,Ornstein-Uhlenbeck Generator,003,15,-3.0
Static Mean Reversion Agent,Ornstein-Uhlenbeck Generator,003,16,-4.0
Static Mean Reversion Agent,Ornstein-Uhlenbeck Generator,003,17,-5.0
Static Mean Reversion Agent,Ornstein-Uhlenbeck Generator,003,18,-6.0
Static Mean Reversion Agent,Ornstein-Uhlenbeck Generator,003,19,-5.0
Static Mean Reversion Agent,Ornstein-Uhlenbeck Generator,003,20,-4.0
Static Mean Reversion Agent,Ornstein-Uhlenbeck Generator,003,21,-3.0
Static Mean Reversion Agent,Ornstein-Uhlenbeck Generator,003,22,-2.0
Static Mean Reversion Agent,Ornstein-Uhlenbeck Generator,003,23,-3.0
Static Mean Reversion Agent,Ornstein-Uhlenbeck Generator,003,24,-4.0
Static Mean Reversion Agent,Ornstein-Uhlenbeck Generator,003,25,-3.0
Static Mean Reversion Agent,Ornstein-Uhlenbeck Generator,003,26,-2.0
Static Mean Reversion Agent,Ornstein-Uhlenbeck Generator,003,27,-3.0
Static Mean Reversion Agent,Ornstein-Uhlenbeck Generator,003,28,-4.0
Static Mean Reversion Agent,Ornstein-Uhlenbeck Generator,003,29,-3.0
Static Mean Reversion Agent,Ornstein-Uhlenbeck Generator,003,30,-2.0
Static Mean Reversion Agent,Ornstein-Uhlenbeck Generator,003,31,-3.0
Static Mean Reversion Agent,Ornstein-Uhlenbeck Generator,003,32,-4.0
Static Mean Reversion Agent,Ornstein-Uhlenbeck Generator,003,33,-3.0
Static Mean Reversion Agent,Ornstein-Uhlenbeck Generator,003,34,-2.0
Static Mean Reversion Agent,Ornstein-Uhlenbeck Generator,003,35,-1.0
Static Mean Reversion Agent,Ornstein-Uhlenbeck Generator,003,36,-2.0
Static Mean Reversion Agent,Ornstein-Uhlenbeck Generator,003,37,-3.0
Static Mean Reversion Agent,Ornstein-Uhlenbeck Generator,003,38,-4.0
Static Mean Reversion Agent,Ornstein-Uhlenbeck Generator,003,39,-5.0
Static Mean Reversion Agent,Ornstein-Uhlenbeck Generator,003,40,-6.0
Static Mean Reversion Agent,Ornstein-Uhlenbeck Generator,003,41,-5.0
Static Mean Reversion Agent,Ornstein-Uhlenbeck Generator,003,42,-4.0
Static Mean Reversion Agent,Ornstein-Uhlenbeck Generator,003,43,-3.0
Static Mean Reversion Agent,Ornstein-Uhlenbeck Generator,003,44,-4.0
Static Mean Reversion Agent,Ornstein-Uhlenbeck Generator,003,45,-3.0
Static Mean Reversion Agent,Ornstein-Uhlenbeck Generator,003,46,-4.0
Static Mean Reversion Agent,Ornstein-Uhlenbeck Generator,003,47,-3.0
Static Mean Reversion Agent,Ornstein-Uhlenbeck Generator,003,48,-4.0
Static Mean Reversion Agent,Ornstein-Uhlenbeck Generator,003,49,-5.0
Static Mean Reversion Agent,Ornstein-Uhlenbeck Generator,003,50,-6.0
Static Mean Reversion Agent,Ornstein-Uhlenbeck Generator,003,51,-5.0
Static Mean Reversion Agent,Ornstein-Uhlenbeck Generator,003,52,-6.0
Static Mean Reversion Agent,Ornstein-Uhlenbeck Generator,003,53,-7.0
Static Mean Reversion Agent,Ornstein-Uhlenbeck Generator,003,54,-6.0
Static Mean Reversion Agent,Ornstein-Uhlenbeck Generator,003,55,-5.0
Static Mean Reversion Agent,Ornstein-Uhlenbeck Generator,003,56,-6.0
Static Mean Reversion Agent,Ornstein-Uhlenbeck Generator,003,57,-5.0
Static Mean Reversion Agent,Ornstein-Uhlenbeck Generator,003,58,-6.0
Static Mean Reversion Agent,Ornstein-Uhlenbeck Generator,003,59,-5.0
Static Mean Reversion Agent,Ornstein-Uhlenbeck Generator,003,60,-4.0
Static Mean Reversion Agent,Ornstein-Uhlenbeck Generator,003,61,-5.0
Static Mean Reversion Agent,Ornstein-Uhlenbeck Generator,003,62,-4.0
Static Mean Reversion Agent,Ornstein-Uhlenbeck Generator,003,63,-5.0
Static Mean Reversion Agent,Ornstein-Uhlenbeck Generator,003,64,-6.0
Static Mean Reversion Agent,Ornstein-Uhlenbeck Generator,003,65,-7.0
Static Mean Reversion Agent,Ornstein-Uhlenbeck Generator,003,66,-6.0
Static Mean Reversion Agent,Ornstein-Uhlenbeck Generator,003,67,-7.0
Static Mean Reversion Agent,Ornstein-Uhlenbeck Generator,003,68,-8.0
Static Mean Reversion Agent,Ornstein-Uhlenbeck Generator,003,69,-7.0
Static Mean Reversion Agent,Ornstein-Uhlenbeck Generator,003,70,-8.0
Static Mean Reversion Agent,Ornstein-Uhlenbeck Generator,003,71,-9.0
Static Mean Reversion Agent,Ornstein-Uhlenbeck Generator,003,72,-10.0
Static Mean Reversion Agent,Ornstein-Uhlenbeck Generator,003,73,-9.0
Static Mean Reversion Agent,Ornstein-Uhlenbeck Generator,003,74,-8.0
Static Mean Reversion Agent,Ornstein-Uhlenbeck Generator,003,75,-7.0
Static Mean Reversion Agent,Ornstein-Uhlenbeck Generator,003,76,-6.0
Static Mean Reversion Agent,Ornstein-Uhlenbeck Generator,003,77,-7.0
Static Mean Reversion Agent,Ornstein-Uhlenbeck Generator,003,78,-6.0
Static Mean Reversion Agent,Ornstein-Uhlenbeck Generator,003,79,-7.0
Static Mean Reversion Agent,Ornstein-Uhlenbeck Generator,003,80,-8.0
Static Mean Reversion Agent,Ornstein-Uhlenbeck Generator,003,81,-9.0
Static Mean Reversion Agent,Ornstein-Uhlenbeck Generator,003,82,-10.0
Static Mean Reversion Agent,Ornstein-Uhlenbeck Generator,003,83,-9.0
Static Mean Reversion Agent,Ornstein-Uhlenbeck Generator,003,84,-8.0
Static Mean Reversion Agent,Ornstein-Uhlenbeck Generator,003,85,-7.0
Static Mean Reversion Agent,Ornstein-Uhlenbeck Generator,003,86,-6.0
Static Mean Reversion Agent,Ornstein-Uhlenbeck Generator,003,87,-5.0
Static Mean Reversion Agent,Ornstein-Uhlenbeck Generator,003,88,-4.0
Static Mean Reversion Agent,Ornstein-Uhlenbeck Generator,003,89,-3.0
Static Mean Reversion Agent,Ornstein-Uhlenbeck Generator,003,90,-2.0
Static Mean Reversion Agent,Ornstein-Uhlenbeck Generator,003,91,-3.0
Static Mean Reversion Agent,Ornstein-Uhlenbeck Generator,003,92,-2.0
Static Mean Reversion Agent,Ornstein-Uhlenbeck Generator,003,93,-1.0
Static Mean Reversion Agent,Ornstein-Uhlenbeck Generator,003,94,-2.0
Static Mean Reversion Agent,Ornstein-Uhlenbeck Generator,003,95,-1.0
Static Mean Reversion Agent,Ornstein-Uhlenbeck Generator,003,96,-2.0
Static Mean Reversion Agent,Ornstein-Uhlenbeck Generator,003,97,-1.0
Static Mean Reversion Agent,Ornstein-Uhlenbeck Generator,003,98,-2.0
Static Mean Reversion Agent,Ornstein-Uhlenbeck Generator,003,99,-3.0
Static Mean Reversion Agent,Ornstein-Uhlenbeck Generator,003,100,-2.0
Static Mean Reversion Agent,Random Walk Generator,001,1,1.0
Static Mean Reversion Agent,Random Walk Generator,001,2,0.0
Static Mean Reversion Agent,Random Walk Generator,001,3,-1.0
Static Mean Reversion Agent,Random Walk Generator,001,4,0.0
Static Mean Reversion Agent,Random Walk Generator,001,5,1.0
Static Mean Reversion Agent,Random Walk Generator,001,6,2.0
Static Mean Reversion Agent,Random Walk Generator,001,7,3.0
Static Mean Reversion Agent,Random Walk Generator,001,8,4.0
Static Mean Reversion Agent,Random Walk Generator,001,9,3.0
Static Mean Reversion Agent,Random Walk Generator,001,10,4.0
Static Mean Reversion Agent,Random Walk Generator,001,11,5.0
Static Mean Reversion Agent,Random Walk Generator,001,12,6.0
Static Mean Reversion Agent,Random Walk Generator,001,13,7.0
Static Mean Reversion Agent,Random Walk Generator,001,14,8.0
Static Mean Reversion Agent,Random Walk Generator,001,15,7.0
Static Mean Reversion Agent,Random Walk Generator,001,16,6.0
Static Mean Reversion Agent,Random Walk Generator,001,17,7.0
Static Mean Reversion Agent,Random Walk Generator,001,18,6.0
Static Mean Reversion Agent,Random Walk Generator,001,19,5.0
Static Mean Reversion Agent,Random Walk Generator,001,20,4.0
Static Mean Reversion Agent,Random Walk Generator,001,21,3.0
Static Mean Reversion Agent,Random Walk Generator,001,22,4.0
Static Mean Reversion Agent,Random Walk Generator,001,23,3.0
Static Mean Reversion Agent,Random Walk Generator,001,24,2.0
Static Mean Reversion Agent,Random Walk Generator,001,25,1.0
Static Mean Reversion Agent,Random Walk Generator,001,26,0.0
Static Mean Reversion Agent,Random Walk Generator,001,27,1.0
Static Mean Reversion Agent,Random Walk Generator,001,28,2.0
Static Mean Reversion Agent,Random Walk Generator,001,29,1.0
Static Mean Reversion Agent,Random Walk Generator,001,30,2.0
Static Mean Reversion Agent,Random Walk Generator,001,31,1.0
Static Mean Reversion Agent,Random Walk Generator,001,32,2.0
Static Mean Reversion Agent,Random Walk Generator,001,33,1.0
Static Mean Reversion Agent,Random Walk Generator,001,34,0.0
Static Mean Reversion Agent,Random Walk Generator,001,35,-1.0
Static Mean Reversion Agent,Random Walk Generator,001,36,-2.0
Static Mean Reversion Agent,Random Walk Generator,001,37,-1.0
Static Mean Reversion Agent,Random Walk Generator,001,38,0.0
Static Mean Reversion Agent,Random Walk Generator,001,39,-1.0
Static Mean Reversion Agent,Random Walk Generator,001,40,-2.0
Static Mean Reversion Agent,Random Walk Generator,001,41,-3.0
Static Mean Reversion Agent,Random Walk Generator,001,42,-4.0
Static Mean Reversion Agent,Random Walk Generator,001,43,-3.0
Static Mean Reversion Agent,Random Walk Generator,001,44,-2.0
Static Mean Reversion Agent,Random Walk Generator,001,45,-3.0
Static Mean Reversion Agent,Random Walk Generator,001,46,-2.0
Static Mean Reversion Agent,Random Walk Generator,001,47,-1.0
Static Mean Reversion Agent,Random Walk Generator,001,48,0.0
Static Mean Reversion Agent,Random Walk Generator,001,49,-1.0
Static Mean Reversion Agent,Random Walk Generator,001,50,0.0
Static Mean Reversion Agent,Random Walk Generator,001,51,1.0
Static Mean Reversion Agent,Random Walk Generator,001,52,0.0
Static Mean Reversion Agent,Random Walk Generator,001,53,-1.0
Static Mean Reversion Agent,Random Walk Generator,001,54,0.0
Static Mean Reversion Agent,Random Walk Generator,001,55,1.0
Static Mean Reversion Agent,Random Walk Generator,001,56,2.0
Static Mean Reversion Agent,Random Walk Generator,001,57,3.0
Static Mean Reversion Agent,Random Walk Generator,001,58,4.0
Static Mean Reversion Agent,Random Walk Generator,001,59,5.0
Static Mean Reversion Agent,Random Walk Generator,001,60,6.0
Static Mean Reversion Agent,Random Walk Generator,001,61,5.0
Static Mean Reversion Agent,Random Walk Generator,001,62,4.0
Static Mean Reversion Agent,Random Walk Generator,001,63,3.0
Static Mean Reversion Agent,Random Walk Generator,001,64,2.0
Static Mean Reversion Agent,Random Walk Generator,001,65,3.0
Static Mean Reversion Agent,Random Walk Generator,001,66,2.0
Static Mean Reversion Agent,Random Walk Generator,001,67,1.0
Static Mean Reversion Agent,Random Walk Generator,001,68,2.0
Static Mean Reversion Agent,Random Walk Generator,001,69,3.0
Static Mean Reversion Agent,Random Walk Generator,001,70,4.0
Static Mean Reversion Agent,Random Walk Generator,001,71,5.0
Static Mean Reversion Agent,Random Walk Generator,001,72,4.0
Static Mean Reversion Agent,Random Walk Generator,001,73,3.0
Static Mean Reversion Agent,Random Walk Generator,001,74,2.0
Static Mean Reversion Agent,Random Walk Generator,001,75,3.0
Static Mean Reversion Agent,Random Walk Generator,001,76,2.0
Static Mean Reversion Agent,Random Walk Generator,001,77,3.0
Static Mean Reversion Agent,Random Walk Generator,001,78,4.0
Static Mean Reversion Agent,Random Walk Generator,001,79,5.0
Static Mean Reversion Agent,Random Walk Generator,001,80,4.0
Static Mean Reversion Agent,Random Walk Generator,001,81,5.0
Static Mean Reversion Agent,Random Walk Generator,001,82,4.0
Static Mean Reversion Agent,Random Walk Generator,001,83,5.0
Static Mean Reversion Agent,Random Walk Generator,001,84,4.0
Static Mean Reversion Agent,Random Walk Generator,001,85,3.0
Static Mean Reversion Agent,Random Walk Generator,001,86,4.0
Static Mean Reversion Agent,Random Walk Generator,001,87,3.0
Static Mean Reversion Agent,Random Walk Generator,001,88,4.0
Static Mean Reversion Agent,Random Walk Generator,001,89,5.0
Static Mean Reversion Agent,Random Walk Generator,001,90,6.0
Static Mean Reversion Agent,Random Walk Generator,001,91,7.0
Static Mean Reversion Agent,Random Walk Generator,001,92,6.0
Static Mean Reversion Agent,Random Walk Generator,001,93,5.0
Static Mean Reversion Agent,Random Walk Generator,001,94,4.0
Static Mean Reversion Agent,Random Walk Generator,001,95,5.0
Static Mean Reversion Agent,Random Walk Generator,001,96,6.0
Static Mean Reversion Agent,Random Walk Generator,001,97,7.0
Static Mean Reversion Agent,Random Walk Generator,001,98,8.0
Static Mean Reversion Agent,Random Walk Generator,001,99,9.0
Static Mean Reversion Agent,Random Walk Generator,001,100,8.0
Static Mean Reversion Agent,Random Walk Generator,002,1,1.0
Static Mean Reversion Agent,Random Walk Generator,002,2,2.0
Static Mean Reversion Agent,Random Walk Generator,002,3,3.0
Static Mean Reversion Agent,Random Walk Generator,002,4,4.0
Static Mean Reversion Agent,Random Walk Generator,002,5,5.0
Static Mean Reversion Agent,Random Walk Generator,002,6,4.0
Static Mean Reversion Agent,Random Walk Generator,002,7,3.0
Static Mean Reversion Agent,Random Walk Generator,002,8,4.0
Static Mean Reversion Agent,Random Walk Generator,002,9,3.0
Static Mean Reversion Agent,Random Walk Generator,002,10,4.0
Static Mean Reversion Agent,Random Walk Generator,002,11,5.0
Static Mean Reversion Agent,Random Walk Generator,002,12,4.0
Static Mean Reversion Agent,Random Walk Generator,002,13,5.0
Static Mean Reversion Agent,Random Walk Generator,002,14,4.0
Static Mean Reversion Agent,Random Walk Generator,002,15,5.0
Static Mean Reversion Agent,Random Walk Generator,002,16,6.0
Static Mean Reversion Agent,Random Walk Generator,002,17,7.0
Static Mean Reversion Agent,Random Walk Generator,002,18,6.0
Static Mean Reversion Agent,Random Walk Generator,002,19,7.0
Static Mean Reversion Agent,Random Walk Generator,002,20,6.0
Static Mean Reversion Agent,Random Walk Generator,002,21,5.0
Static Mean Reversion Agent,Random Walk Generator,002,22,4.0
Static Mean Reversion Agent,Random Walk Generator,002,23,5.0
Static Mean Reversion Agent,Random Walk Generator,002,24,6.0
Static Mean Reversion Agent,Random Walk Generator,002,25,5.0
Static Mean Reversion Agent,Random Walk Generator,002,26,4.0
Static Mean Reversion Agent,Random Walk Generator,002,27,3.0
Static Mean Reversion Agent,Random Walk Generator,002,28,2.0
Static Mean Reversion Agent,Random Walk Generator,002,29,3.0
Static Mean Reversion Agent,Random Walk Generator,002,30,4.0
Static Mean Reversion Agent,Random Walk Generator,002,31,5.0
Static Mean Reversion Agent,Random Walk Generator,002,32,6.0
Static Mean Reversion Agent,Random Walk Generator,002,33,5.0
Static Mean Reversion Agent,Random Walk Generator,002,34,6.0
Static Mean Reversion Agent,Random Walk Generator,002,35,5.0
Static Mean Reversion Agent,Random Walk Generator,002,36,6.0
Static Mean Reversion Agent,Random Walk Generator,002,37,7.0
Static Mean Reversion Agent,Random Walk Generator,002,38,6.0
Static Mean Reversion Agent,Random Walk Generator,002,39,7.0
Static Mean Reversion Agent,Random Walk Generator,002,40,8.0
Static Mean Reversion Agent,Random Walk Generator,002,41,7.0
Static Mean Reversion Agent,Random Walk Generator,002,42,8.0
Static Mean Reversion Agent,Random Walk Generator,002,43,7.0
Static Mean Reversion Agent,Random Walk Generator,002,44,6.0
Static Mean Reversion Agent,Random Walk Generator,002,45,5.0
Static Mean Reversion Agent,Random Walk Generator,002,46,6.0
Static Mean Reversion Agent,Random Walk Generator,002,47,5.0
Static Mean Reversion Agent,Random Walk Generator,002,48,6.0
Static Mean Reversion Agent,Random Walk Generator,002,49,7.0
Static Mean Reversion Agent,Random Walk Generator,002,50,8.0
Static Mean Reversion Agent,Random Walk Generator,002,51,9.0
Static Mean Reversion Agent,Random Walk Generator,002,52,8.0
Static Mean Reversion Agent,Random Walk Generator,002,53,9.0
Static Mean Reversion Agent,Random Walk Generator,002,54,8.0
Static Mean Reversion Agent,Random Walk Generator,002,55,9.0
Static Mean Reversion Agent,Random Walk Generator,002,56,10.0
Static Mean Reversion Agent,Random Walk Generator,002,57,9.0
Static Mean Reversion Agent,Random Walk Generator,002,58,8.0
Static Mean Reversion Agent,Random Walk Generator,002,59,7.0
Static Mean Reversion Agent,Random Walk Generator,002,60,8.0
Static Mean Reversion Agent,Random Walk Generator,002,61,9.0
Static Mean Reversion Agent,Random Walk Generator,002,62,8.0
Static Mean Reversion Agent,Random Walk Generator,002,63,9.0
Static Mean Reversion Agent,Random Walk Generator,002,64,8.0
Static Mean Reversion Agent,Random Walk Generator,002,65,9.0
Static Mean Reversion Agent,Random Walk Generator,002,66,8.0
Static Mean Reversion Agent,Random Walk Generator,002,67,9.0
Static Mean Reversion Agent,Random Walk Generator,002,68,10.0
Static Mean Reversion Agent,Random Walk Generator,002,69,11.0
Static Mean Reversion Agent,Random Walk Generator,002,70,12.0
Static Mean Reversion Agent,Random Walk Generator,002,71,11.0
Static Mean Reversion Agent,Random Walk Generator,002,72,12.0
Static Mean Reversion Agent,Random Walk Generator,002,73,11.0
Static Mean Reversion Agent,Random Walk Generator,002,74,12.0
Static Mean Reversion Agent,Random Walk Generator,002,75,11.0
Static Mean Reversion Agent,Random Walk Generator,002,76,10.0
Static Mean Reversion Agent,Random Walk Generator,002,77,9.0
Static Mean Reversion Agent,Random Walk Generator,002,78,10.0
Static Mean Reversion Agent,Random Walk Generator,002,79,11.0
Static Mean Reversion Agent,Random Walk Generator,002,80,12.0
Static Mean Reversion Agent,Random Walk Generator,002,81,11.0
Static Mean Reversion Agent,Random Walk Generator,002,82,12.0
Static Mean Reversion Agent,Random Walk Generator,002,83,13.0
Static Mean Reversion Agent,Random Walk Generator,002,84,14.0
Static Mean Reversion Agent,Random Walk Generator,002,85,15.0
Static Mean Reversion Agent,Random Walk Generator,002,86,14.0
Static Mean Reversion Agent,Random Walk Generator,002,87,13.0
Static Mean Reversion Agent,Random Walk Generator,002,88,12.0
Static Mean Reversion Agent,Random Walk Generator,002,89,13.0
Static Mean Reversion Agent,Random Walk Generator,002,90,12.0
Static Mean Reversion Agent,Random Walk Generator,002,91,13.0
Static Mean Reversion Agent,Random Walk Generator,002,92,12.0
Static Mean Reversion Agent,Random Walk Generator,002,93,11.0
Static Mean Reversion Agent,Random Walk Generator,002,94,12.0
Static Mean Reversion Agent,Random Walk Generator,002,95,13.0
Static Mean Reversion Agent,Random Walk Generator,002,96,12.0
Static Mean Reversion Agent,Random Walk Generator,002,97,13.0
Static Mean Reversion Agent,Random Walk Generator,002,98,12.0
Static Mean Reversion Agent,Random Walk Generator,002,99,13.0
Static Mean Reversion Agent,Random Walk Generator,002,100,14.0
Static Mean Reversion Agent,Random Walk Generator,003,1,1.0
Static Mean Reversion Agent,Random Walk Generator,003,2,0.0
Static Mean Reversion Agent,Random Walk Generator,003,3,1.0
Static Mean Reversion Agent,Random Walk Generator,003,4,0.0
Static Mean Reversion Agent,Random Walk Generator,003,5,-1.0
Static Mean Reversion Agent,Random Walk Generator,003,6,-2.0
Static Mean Reversion Agent,Random Walk Generator,003,7,-1.0
Static Mean Reversion Agent,Random Walk Generator,003,8,-2.0
Static Mean Reversion Agent,Random Walk Generator,003,9,-1.0
Static Mean Reversion Agent,Random Walk Generator,003,10,0.0
Static Mean Reversion Agent,Random Walk Generator,003,11,-1.0
Static Mean Reversion Agent,Random Walk Generator,003,12,-2.0
Static Mean Reversion Agent,Random Walk Generator,003,13,-3.0
Static Mean Reversion Agent,Random Walk Generator,003,14,-4.0
Static Mean Reversion Agent,Random Walk Generator,003,15,-5.0
Static Mean Reversion Agent,Random Walk Generator,003,16,-6.0
Static Mean Reversion Agent,Random Walk Generator,003,17,-5.0
Static Mean Reversion Agent,Random Walk Generator,003,18,-6.0
Static Mean Reversion Agent,Random Walk Generator,003,19,-5.0
Static Mean Reversion Agent,Random Walk Generator,003,20,-6.0
Static Mean Reversion Agent,Random Walk Generator,003,21,-7.0
Static Mean Reversion Agent,Random Walk Generator,003,22,-8.0
Static Mean Reversion Agent,Random Walk Generator,003,23,-7.0
Static Mean Reversion Agent,Random Walk Generator,003,24,-8.0
Static Mean Reversion Agent,Random Walk Generator,003,25,-9.0
Static Mean Reversion Agent,Random Walk Generator,003,26,-8.0
Static Mean Reversion Agent,Random Walk Generator,003,27,-7.0
Static Mean Reversion Agent,Random Walk Generator,003,28,-8.0
Static Mean Reversion Agent,Random Walk Generator,003,29,-9.0
Static Mean Reversion Agent,Random Walk Generator,003,30,-8.0
Static Mean Reversion Agent,Random Walk Generator,003,31,-7.0
Static Mean Reversion Agent,Random Walk Generator,003,32,-8.0
Static Mean Reversion Agent,Random Walk Generator,003,33,-9.0
Static Mean Reversion Agent,Random Walk Generator,003,34,-10.0
Static Mean Reversion Agent,Random Walk Generator,003,35,-9.0
Static Mean Reversion Agent,Random Walk Generator,003,36,-10.0
Static Mean Reversion Agent,Random Walk Generator,003,37,-11.0
Static Mean Reversion Agent,Random Walk Generator,003,38,-10.0
Static Mean Reversion Agent,Random Walk Generator,003,39,-11.0
Static Mean Reversion Agent,Random Walk Generator,003,40,-10.0
Static Mean Reversion Agent,Random Walk Generator,003,41,-11.0
Static Mean Reversion Agent,Random Walk Generator,003,42,-10.0
Static Mean Reversion Agent,Random Walk Generator,003,43,-11.0
Static Mean Reversion Agent,Random Walk Generator,003,44,-12.0
Static Mean Reversion Agent,Random Walk Generator,003,45,-11.0
Static Mean Reversion Agent,Random Walk Generator,003,46,-12.0
Static Mean Reversion Agent,Random Walk Generator,003,47,-11.0
Static Mean Reversion Agent,Random Walk Generator,003,48,-10.0
Static Mean Reversion Agent,Random Walk Generator,003,49,-9.0
Static Mean Reversion Agent,Random Walk Generator,003,50,-8.0
Static Mean Reversion Agent,Random Walk Generator,003,51,-7.0
Static Mean Reversion Agent,Random Walk Generator,003,52,-6.0
Static Mean Reversion Agent,Random Walk Generator,003,53,-7.0
Static Mean Reversion Agent,Random Walk Generator,003,54,-8.0
Static Mean Reversion Agent,Random Walk Generator,003,55,-9.0
Static Mean Reversion Agent,Random Walk Generator,003,56,-8.0
Static Mean Reversion Agent,Random Walk Generator,003,57,-9.0
Static Mean Reversion Agent,Random Walk Generator,003,58,-8.0
Static Mean Reversion Agent,Random Walk Generator,003,59,-7.0
Static Mean Reversion Agent,Random Walk Generator,003,60,-6.0
Static Mean Reversion Agent,Random Walk Generator,003,61,-7.0
Static Mean Reversion Agent,Random Walk Generator,003,62,-6.0
Static Mean Reversion Agent,Random Walk Generator,003,63,-7.0
Static Mean Reversion Agent,Random Walk Generator,003,64,-6.0
Static Mean Reversion Agent,Random Walk Generator,003,65,-5.0
Static Mean Reversion Agent,Random Walk Generator,003,66,-6.0
Static Mean Reversion Agent,Random Walk Generator,003,67,-7.0
Static Mean Reversion Agent,Random Walk Generator,003,68,-6.0
Static Mean Reversion Agent,Random Walk Generator,003,69,-7.0
Static Mean Reversion Agent,Random Walk Generator,003,70,-8.0
Static Mean Reversion Agent,Random Walk Generator,003,71,-7.0
Static Mean Reversion Agent,Random Walk Generator,003,72,-8.0
Static Mean Reversion Agent,Random Walk Generator,003,73,-7.0
Static Mean Reversion Agent,Random Walk Generator,003,74,-6.0
Static Mean Reversion Agent,Random Walk Generator,003,75,-5.0
Static Mean Reversion Agent,Random Walk Generator,003,76,-4.0
Static Mean Reversion Agent,Random Walk Generator,003,77,-5.0
Static Mean Reversion Agent,Random Walk Generator,003,78,-6.0
Static Mean Reversion Agent,Random Walk Generator,003,79,-5.0
Static Mean Reversion Agent,Random Walk Generator,003,80,-6.0
Static Mean Reversion Agent,Random Walk Generator,003,81,-5.0
Static Mean Reversion Agent,Random Walk Generator,003,82,-4.0
Static Mean Reversion Agent,Random Walk Generator,003,83,-3.0
Static Mean Reversion Agent,Random Walk Generator,003,84,-2.0
Static Mean Reversion Agent,Random Walk Generator,003,85,-1.0
Static Mean Reversion Agent,Random Walk Generator,003,86,-2.0
Static Mean Reversion Agent,Random Walk Generator,003,87,-3.0
Static Mean Reversion Agent,Random Walk Generator,003,88,-2.0
Static Mean Reversion Agent,Random Walk Generator,003,89,-1.0
Static Mean Reversion Agent,Random Walk Generator,003,90,0.0
Static Mean Reversion Agent,Random Walk Generator,003,91,1.0
Static Mean Reversion Agent,Random Walk Generator,003,92,0.0
Static Mean Reversion Agent,Random Walk Generator,003,93,-1.0
Static Mean Reversion Agent,Random Walk Generator,003,94,-2.0
Static Mean Reversion Agent,Random Walk Generator,003,95,-3.0
Static Mean Reversion Agent,Random Walk Generator,003,96,-4.0
Static Mean Reversion Agent,Random Walk Generator,003,97,-3.0
Static Mean Reversion Agent,Random Walk Generator,003,98,-4.0
Static Mean Reversion Agent,Random Walk Generator,003,99,-3.0
Static Mean Reversion Agent,Random Walk Generator,003,100,-2.0
