EPISODE:  0
{'n_steps': 5, 'ent_coef': 0.01, 'learning_rate': 0.0007}
Using cuda device
EPISODE:  1
------------------------------------
| time/                 |          |
|    fps                | 31       |
|    iterations         | 100      |
|    time_elapsed       | 16       |
|    total_timesteps    | 500      |
| train/                |          |
|    entropy_loss       | -2.86    |
|    explained_variance | 1.79e-07 |
|    learning_rate      | 0.0007   |
|    n_updates          | 99       |
|    policy_loss        | 8.83e+03 |
|    reward             | 892.5501 |
|    std                | 1.01     |
|    value_loss         | 8.96e+06 |
------------------------------------
EPISODE:  2
------------------------------------
| time/                 |          |
|    fps                | 32       |
|    iterations         | 200      |
|    time_elapsed       | 31       |
|    total_timesteps    | 1000     |
| train/                |          |
|    entropy_loss       | -2.84    |
|    explained_variance | 2.98e-07 |
|    learning_rate      | 0.0007   |
|    n_updates          | 199      |
|    policy_loss        | 6.68e+03 |
|    reward             | 844.775  |
|    std                | 1        |
|    value_loss         | 7.56e+06 |
------------------------------------
-------------------------------------
| time/                 |           |
|    fps                | 32        |
|    iterations         | 300       |
|    time_elapsed       | 46        |
|    total_timesteps    | 1500      |
| train/                |           |
|    entropy_loss       | -2.83     |
|    explained_variance | 0         |
|    learning_rate      | 0.0007    |
|    n_updates          | 299       |
|    policy_loss        | 6.94e+03  |
|    reward             | 845.71747 |
|    std                | 0.997     |
|    value_loss         | 8.12e+06  |
-------------------------------------
EPISODE:  3
------------------------------------
| time/                 |          |
|    fps                | 32       |
|    iterations         | 400      |
|    time_elapsed       | 61       |
|    total_timesteps    | 2000     |
| train/                |          |
|    entropy_loss       | -2.83    |
|    explained_variance | 0        |
|    learning_rate      | 0.0007   |
|    n_updates          | 399      |
|    policy_loss        | 5.33e+03 |
|    reward             | 753.0013 |
|    std                | 0.997    |
|    value_loss         | 6.04e+06 |
------------------------------------
-------------------------------------
| time/                 |           |
|    fps                | 32        |
|    iterations         | 500       |
|    time_elapsed       | 76        |
|    total_timesteps    | 2500      |
| train/                |           |
|    entropy_loss       | -2.82     |
|    explained_variance | -2.38e-07 |
|    learning_rate      | 0.0007    |
|    n_updates          | 499       |
|    policy_loss        | 5.62e+03  |
|    reward             | 833.7792  |
|    std                | 0.991     |
|    value_loss         | 7.7e+06   |
-------------------------------------
EPISODE:  4
-------------------------------------
| time/                 |           |
|    fps                | 32        |
|    iterations         | 600       |
|    time_elapsed       | 91        |
|    total_timesteps    | 3000      |
| train/                |           |
|    entropy_loss       | -2.81     |
|    explained_variance | 0         |
|    learning_rate      | 0.0007    |
|    n_updates          | 599       |
|    policy_loss        | 7.61e+03  |
|    reward             | 766.62195 |
|    std                | 0.988     |
|    value_loss         | 6.32e+06  |
-------------------------------------
-------------------------------------
| time/                 |           |
|    fps                | 33        |
|    iterations         | 700       |
|    time_elapsed       | 105       |
|    total_timesteps    | 3500      |
| train/                |           |
|    entropy_loss       | -2.82     |
|    explained_variance | 0         |
|    learning_rate      | 0.0007    |
|    n_updates          | 699       |
|    policy_loss        | 7.33e+03  |
|    reward             | 817.07983 |
|    std                | 0.989     |
|    value_loss         | 7.38e+06  |
-------------------------------------
EPISODE:  5
------------------------------------
| time/                 |          |
|    fps                | 33       |
|    iterations         | 800      |
|    time_elapsed       | 120      |
|    total_timesteps    | 4000     |
| train/                |          |
|    entropy_loss       | -2.81    |
|    explained_variance | 0        |
|    learning_rate      | 0.0007   |
|    n_updates          | 799      |
|    policy_loss        | 4.89e+03 |
|    reward             | 761.9416 |
|    std                | 0.986    |
|    value_loss         | 6.18e+06 |
------------------------------------
------------------------------------
| time/                 |          |
|    fps                | 33       |
|    iterations         | 900      |
|    time_elapsed       | 135      |
|    total_timesteps    | 4500     |
| train/                |          |
|    entropy_loss       | -2.8     |
|    explained_variance | 0        |
|    learning_rate      | 0.0007   |
|    n_updates          | 899      |
|    policy_loss        | 5.93e+03 |
|    reward             | 825.8029 |
|    std                | 0.981    |
|    value_loss         | 7.62e+06 |
------------------------------------
EPISODE:  6
-------------------------------------
| time/                 |           |
|    fps                | 33        |
|    iterations         | 1000      |
|    time_elapsed       | 150       |
|    total_timesteps    | 5000      |
| train/                |           |
|    entropy_loss       | -2.8      |
|    explained_variance | 0         |
|    learning_rate      | 0.0007    |
|    n_updates          | 999       |
|    policy_loss        | 6.86e+03  |
|    reward             | 768.34143 |
|    std                | 0.983     |
|    value_loss         | 6.28e+06  |
-------------------------------------
-------------------------------------
| time/                 |           |
|    fps                | 33        |
|    iterations         | 1100      |
|    time_elapsed       | 165       |
|    total_timesteps    | 5500      |
| train/                |           |
|    entropy_loss       | -2.79     |
|    explained_variance | 1.19e-07  |
|    learning_rate      | 0.0007    |
|    n_updates          | 1099      |
|    policy_loss        | 1.14e+04  |
|    reward             | 826.12067 |
|    std                | 0.979     |
|    value_loss         | 7.62e+06  |
-------------------------------------
EPISODE:  7
-------------------------------------
| time/                 |           |
|    fps                | 33        |
|    iterations         | 1200      |
|    time_elapsed       | 180       |
|    total_timesteps    | 6000      |
| train/                |           |
|    entropy_loss       | -2.78     |
|    explained_variance | 0         |
|    learning_rate      | 0.0007    |
|    n_updates          | 1199      |
|    policy_loss        | 6.14e+03  |
|    reward             | 768.54816 |
|    std                | 0.972     |
|    value_loss         | 6.29e+06  |
-------------------------------------
-------------------------------------
| time/                 |           |
|    fps                | 33        |
|    iterations         | 1300      |
|    time_elapsed       | 195       |
|    total_timesteps    | 6500      |
| train/                |           |
|    entropy_loss       | -2.77     |
|    explained_variance | -1.19e-07 |
|    learning_rate      | 0.0007    |
|    n_updates          | 1299      |
|    policy_loss        | 5.98e+03  |
|    reward             | 825.5203  |
|    std                | 0.967     |
|    value_loss         | 7.61e+06  |
-------------------------------------
EPISODE:  8
------------------------------------
| time/                 |          |
|    fps                | 33       |
|    iterations         | 1400     |
|    time_elapsed       | 210      |
|    total_timesteps    | 7000     |
| train/                |          |
|    entropy_loss       | -2.77    |
|    explained_variance | 0        |
|    learning_rate      | 0.0007   |
|    n_updates          | 1399     |
|    policy_loss        | 5.88e+03 |
|    reward             | 767.9897 |
|    std                | 0.965    |
|    value_loss         | 6.28e+06 |
------------------------------------
------------------------------------
| time/                 |          |
|    fps                | 33       |
|    iterations         | 1500     |
|    time_elapsed       | 225      |
|    total_timesteps    | 7500     |
| train/                |          |
|    entropy_loss       | -2.75    |
|    explained_variance | 1.19e-07 |
|    learning_rate      | 0.0007   |
|    n_updates          | 1499     |
|    policy_loss        | 6.67e+03 |
|    reward             | 827.7715 |
|    std                | 0.958    |
|    value_loss         | 7.65e+06 |
------------------------------------
EPISODE:  9
------------------------------------
| time/                 |          |
|    fps                | 33       |
|    iterations         | 1600     |
|    time_elapsed       | 240      |
|    total_timesteps    | 8000     |
| train/                |          |
|    entropy_loss       | -2.75    |
|    explained_variance | 0        |
|    learning_rate      | 0.0007   |
|    n_updates          | 1599     |
|    policy_loss        | 5.17e+03 |
|    reward             | 769.2206 |
|    std                | 0.955    |
|    value_loss         | 6.29e+06 |
------------------------------------
------------------------------------
| time/                 |          |
|    fps                | 33       |
|    iterations         | 1700     |
|    time_elapsed       | 255      |
|    total_timesteps    | 8500     |
| train/                |          |
|    entropy_loss       | -2.74    |
|    explained_variance | 0        |
|    learning_rate      | 0.0007   |
|    n_updates          | 1699     |
|    policy_loss        | 6.57e+03 |
|    reward             | 825.5203 |
|    std                | 0.954    |
|    value_loss         | 7.61e+06 |
------------------------------------
EPISODE:  10
------------------------------------
| time/                 |          |
|    fps                | 33       |
|    iterations         | 1800     |
|    time_elapsed       | 270      |
|    total_timesteps    | 9000     |
| train/                |          |
|    entropy_loss       | -2.74    |
|    explained_variance | 0        |
|    learning_rate      | 0.0007   |
|    n_updates          | 1799     |
|    policy_loss        | 8.29e+03 |
|    reward             | 771.463  |
|    std                | 0.952    |
|    value_loss         | 6.33e+06 |
------------------------------------
------------------------------------
| time/                 |          |
|    fps                | 33       |
|    iterations         | 1900     |
|    time_elapsed       | 285      |
|    total_timesteps    | 9500     |
| train/                |          |
|    entropy_loss       | -2.72    |
|    explained_variance | 1.19e-07 |
|    learning_rate      | 0.0007   |
|    n_updates          | 1899     |
|    policy_loss        | 8.99e+03 |
|    reward             | 827.0229 |
|    std                | 0.943    |
|    value_loss         | 7.63e+06 |
------------------------------------
EPISODE:  11
-------------------------------------
| time/                 |           |
|    fps                | 33        |
|    iterations         | 2000      |
|    time_elapsed       | 300       |
|    total_timesteps    | 10000     |
| train/                |           |
|    entropy_loss       | -2.73     |
|    explained_variance | 0         |
|    learning_rate      | 0.0007    |
|    n_updates          | 1999      |
|    policy_loss        | 6.08e+03  |
|    reward             | 769.13617 |
|    std                | 0.946     |
|    value_loss         | 6.29e+06  |
-------------------------------------
-------------------------------------
| time/                 |           |
|    fps                | 33        |
|    iterations         | 2100      |
|    time_elapsed       | 315       |
|    total_timesteps    | 10500     |
| train/                |           |
|    entropy_loss       | -2.7      |
|    explained_variance | 1.19e-07  |
|    learning_rate      | 0.0007    |
|    n_updates          | 2099      |
|    policy_loss        | 6.41e+03  |
|    reward             | 818.98303 |
|    std                | 0.935     |
|    value_loss         | 7.48e+06  |
-------------------------------------
EPISODE:  12
-------------------------------------
| time/                 |           |
|    fps                | 33        |
|    iterations         | 2200      |
|    time_elapsed       | 330       |
|    total_timesteps    | 11000     |
| train/                |           |
|    entropy_loss       | -2.7      |
|    explained_variance | -1.19e-07 |
|    learning_rate      | 0.0007    |
|    n_updates          | 2199      |
|    policy_loss        | 6.48e+03  |
|    reward             | 762.2517  |
|    std                | 0.931     |
|    value_loss         | 6.18e+06  |
-------------------------------------
-------------------------------------
| time/                 |           |
|    fps                | 33        |
|    iterations         | 2300      |
|    time_elapsed       | 345       |
|    total_timesteps    | 11500     |
| train/                |           |
|    entropy_loss       | -2.69     |
|    explained_variance | 0         |
|    learning_rate      | 0.0007    |
|    n_updates          | 2299      |
|    policy_loss        | 7.18e+03  |
|    reward             | 822.93256 |
|    std                | 0.929     |
|    value_loss         | 7.56e+06  |
-------------------------------------
EPISODE:  13
-------------------------------------
| time/                 |           |
|    fps                | 33        |
|    iterations         | 2400      |
|    time_elapsed       | 360       |
|    total_timesteps    | 12000     |
| train/                |           |
|    entropy_loss       | -2.68     |
|    explained_variance | 0         |
|    learning_rate      | 0.0007    |
|    n_updates          | 2399      |
|    policy_loss        | 7.55e+03  |
|    reward             | 758.99274 |
|    std                | 0.924     |
|    value_loss         | 6.12e+06  |
-------------------------------------
------------------------------------
| time/                 |          |
|    fps                | 33       |
|    iterations         | 2500     |
|    time_elapsed       | 375      |
|    total_timesteps    | 12500    |
| train/                |          |
|    entropy_loss       | -2.68    |
|    explained_variance | 0        |
|    learning_rate      | 0.0007   |
|    n_updates          | 2499     |
|    policy_loss        | 7.88e+03 |
|    reward             | 815.5323 |
|    std                | 0.923    |
|    value_loss         | 7.42e+06 |
------------------------------------
EPISODE:  14
------------------------------------
| time/                 |          |
|    fps                | 33       |
|    iterations         | 2600     |
|    time_elapsed       | 390      |
|    total_timesteps    | 13000    |
| train/                |          |
|    entropy_loss       | -2.68    |
|    explained_variance | 0        |
|    learning_rate      | 0.0007   |
|    n_updates          | 2599     |
|    policy_loss        | 7.01e+03 |
|    reward             | 754.2712 |
|    std                | 0.923    |
|    value_loss         | 6.03e+06 |
------------------------------------
------------------------------------
| time/                 |          |
|    fps                | 33       |
|    iterations         | 2700     |
|    time_elapsed       | 405      |
|    total_timesteps    | 13500    |
| train/                |          |
|    entropy_loss       | -2.66    |
|    explained_variance | 0        |
|    learning_rate      | 0.0007   |
|    n_updates          | 2699     |
|    policy_loss        | 6.07e+03 |
|    reward             | 832.5965 |
|    std                | 0.914    |
|    value_loss         | 7.73e+06 |
------------------------------------
EPISODE:  15
------------------------------------
| time/                 |          |
|    fps                | 33       |
|    iterations         | 2800     |
|    time_elapsed       | 420      |
|    total_timesteps    | 14000    |
| train/                |          |
|    entropy_loss       | -2.64    |
|    explained_variance | 0        |
|    learning_rate      | 0.0007   |
|    n_updates          | 2799     |
|    policy_loss        | 6.92e+03 |
|    reward             | 774.5727 |
|    std                | 0.908    |
|    value_loss         | 6.37e+06 |
------------------------------------
-------------------------------------
| time/                 |           |
|    fps                | 33        |
|    iterations         | 2900      |
|    time_elapsed       | 435       |
|    total_timesteps    | 14500     |
| train/                |           |
|    entropy_loss       | -2.65     |
|    explained_variance | -1.19e-07 |
|    learning_rate      | 0.0007    |
|    n_updates          | 2899      |
|    policy_loss        | 6.53e+03  |
|    reward             | 825.38214 |
|    std                | 0.91      |
|    value_loss         | 7.6e+06   |
-------------------------------------
EPISODE:  16
-------------------------------------
| time/                 |           |
|    fps                | 33        |
|    iterations         | 3000      |
|    time_elapsed       | 451       |
|    total_timesteps    | 15000     |
| train/                |           |
|    entropy_loss       | -2.63     |
|    explained_variance | 0         |
|    learning_rate      | 0.0007    |
|    n_updates          | 2999      |
|    policy_loss        | 4.19e+03  |
|    reward             | 767.86487 |
|    std                | 0.901     |
|    value_loss         | 6.26e+06  |
-------------------------------------
------------------------------------
| time/                 |          |
|    fps                | 33       |
|    iterations         | 3100     |
|    time_elapsed       | 466      |
|    total_timesteps    | 15500    |
| train/                |          |
|    entropy_loss       | -2.61    |
|    explained_variance | 0        |
|    learning_rate      | 0.0007   |
|    n_updates          | 3099     |
|    policy_loss        | 5.99e+03 |
|    reward             | 825.5203 |
|    std                | 0.894    |
|    value_loss         | 7.6e+06  |
------------------------------------
EPISODE:  17
------------------------------------
| time/                 |          |
|    fps                | 33       |
|    iterations         | 3200     |
|    time_elapsed       | 481      |
|    total_timesteps    | 16000    |
| train/                |          |
|    entropy_loss       | -2.6     |
|    explained_variance | 0        |
|    learning_rate      | 0.0007   |
|    n_updates          | 3199     |
|    policy_loss        | 5.13e+03 |
|    reward             | 767.9897 |
|    std                | 0.886    |
|    value_loss         | 6.26e+06 |
------------------------------------
------------------------------------
| time/                 |          |
|    fps                | 33       |
|    iterations         | 3300     |
|    time_elapsed       | 496      |
|    total_timesteps    | 16500    |
| train/                |          |
|    entropy_loss       | -2.61    |
|    explained_variance | 1.19e-07 |
|    learning_rate      | 0.0007   |
|    n_updates          | 3299     |
|    policy_loss        | 5.45e+03 |
|    reward             | 825.5203 |
|    std                | 0.891    |
|    value_loss         | 7.6e+06  |
------------------------------------
EPISODE:  18
------------------------------------
| time/                 |          |
|    fps                | 33       |
|    iterations         | 3400     |
|    time_elapsed       | 511      |
|    total_timesteps    | 17000    |
| train/                |          |
|    entropy_loss       | -2.61    |
|    explained_variance | 0        |
|    learning_rate      | 0.0007   |
|    n_updates          | 3399     |
|    policy_loss        | 7.46e+03 |
|    reward             | 767.9897 |
|    std                | 0.893    |
|    value_loss         | 6.26e+06 |
------------------------------------
------------------------------------
| time/                 |          |
|    fps                | 33       |
|    iterations         | 3500     |
|    time_elapsed       | 526      |
|    total_timesteps    | 17500    |
| train/                |          |
|    entropy_loss       | -2.6     |
|    explained_variance | 0        |
|    learning_rate      | 0.0007   |
|    n_updates          | 3499     |
|    policy_loss        | 6.35e+03 |
|    reward             | 825.5203 |
|    std                | 0.89     |
|    value_loss         | 7.59e+06 |
------------------------------------
EPISODE:  19
------------------------------------
| time/                 |          |
|    fps                | 33       |
|    iterations         | 3600     |
|    time_elapsed       | 541      |
|    total_timesteps    | 18000    |
| train/                |          |
|    entropy_loss       | -2.6     |
|    explained_variance | 0        |
|    learning_rate      | 0.0007   |
|    n_updates          | 3599     |
|    policy_loss        | 5.88e+03 |
|    reward             | 767.9897 |
|    std                | 0.889    |
|    value_loss         | 6.26e+06 |
------------------------------------
------------------------------------
| time/                 |          |
|    fps                | 33       |
|    iterations         | 3700     |
|    time_elapsed       | 556      |
|    total_timesteps    | 18500    |
| train/                |          |
|    entropy_loss       | -2.59    |
|    explained_variance | 1.19e-07 |
|    learning_rate      | 0.0007   |
|    n_updates          | 3699     |
|    policy_loss        | 8.32e+03 |
|    reward             | 825.5203 |
|    std                | 0.884    |
|    value_loss         | 7.59e+06 |
------------------------------------
EPISODE:  20
------------------------------------
| time/                 |          |
|    fps                | 33       |
|    iterations         | 3800     |
|    time_elapsed       | 571      |
|    total_timesteps    | 19000    |
| train/                |          |
|    entropy_loss       | -2.58    |
|    explained_variance | 1.19e-07 |
|    learning_rate      | 0.0007   |
|    n_updates          | 3799     |
|    policy_loss        | 8.22e+03 |
|    reward             | 767.9897 |
|    std                | 0.882    |
|    value_loss         | 6.26e+06 |
------------------------------------
------------------------------------
| time/                 |          |
|    fps                | 33       |
|    iterations         | 3900     |
|    time_elapsed       | 586      |
|    total_timesteps    | 19500    |
| train/                |          |
|    entropy_loss       | -2.59    |
|    explained_variance | 1.19e-07 |
|    learning_rate      | 0.0007   |
|    n_updates          | 3899     |
|    policy_loss        | 6.8e+03  |
|    reward             | 825.5203 |
|    std                | 0.882    |
|    value_loss         | 7.59e+06 |
------------------------------------
EPISODE:  21
------------------------------------
| time/                 |          |
|    fps                | 33       |
|    iterations         | 4000     |
|    time_elapsed       | 601      |
|    total_timesteps    | 20000    |
| train/                |          |
|    entropy_loss       | -2.56    |
|    explained_variance | 0        |
|    learning_rate      | 0.0007   |
|    n_updates          | 3999     |
|    policy_loss        | 4.4e+03  |
|    reward             | 767.9897 |
|    std                | 0.871    |
|    value_loss         | 6.26e+06 |
------------------------------------
------------------------------------
| time/                 |          |
|    fps                | 33       |
|    iterations         | 4100     |
|    time_elapsed       | 616      |
|    total_timesteps    | 20500    |
| train/                |          |
|    entropy_loss       | -2.55    |
|    explained_variance | 0        |
|    learning_rate      | 0.0007   |
|    n_updates          | 4099     |
|    policy_loss        | 7.09e+03 |
|    reward             | 825.5203 |
|    std                | 0.866    |
|    value_loss         | 7.59e+06 |
------------------------------------
EPISODE:  22
------------------------------------
| time/                 |          |
|    fps                | 33       |
|    iterations         | 4200     |
|    time_elapsed       | 632      |
|    total_timesteps    | 21000    |
| train/                |          |
|    entropy_loss       | -2.54    |
|    explained_variance | 0        |
|    learning_rate      | 0.0007   |
|    n_updates          | 4199     |
|    policy_loss        | 9.44e+03 |
|    reward             | 767.9897 |
|    std                | 0.861    |
|    value_loss         | 6.26e+06 |
------------------------------------
-------------------------------------
| time/                 |           |
|    fps                | 33        |
|    iterations         | 4300      |
|    time_elapsed       | 647       |
|    total_timesteps    | 21500     |
| train/                |           |
|    entropy_loss       | -2.53     |
|    explained_variance | -2.38e-07 |
|    learning_rate      | 0.0007    |
|    n_updates          | 4299      |
|    policy_loss        | 7e+03     |
|    reward             | 825.5203  |
|    std                | 0.859     |
|    value_loss         | 7.59e+06  |
-------------------------------------
EPISODE:  23
------------------------------------
| time/                 |          |
|    fps                | 33       |
|    iterations         | 4400     |
|    time_elapsed       | 662      |
|    total_timesteps    | 22000    |
| train/                |          |
|    entropy_loss       | -2.52    |
|    explained_variance | 0        |
|    learning_rate      | 0.0007   |
|    n_updates          | 4399     |
|    policy_loss        | 6.58e+03 |
|    reward             | 767.9897 |
|    std                | 0.854    |
|    value_loss         | 6.25e+06 |
------------------------------------
------------------------------------
| time/                 |          |
|    fps                | 33       |
|    iterations         | 4500     |
|    time_elapsed       | 677      |
|    total_timesteps    | 22500    |
| train/                |          |
|    entropy_loss       | -2.51    |
|    explained_variance | 0        |
|    learning_rate      | 0.0007   |
|    n_updates          | 4499     |
|    policy_loss        | 9.74e+03 |
|    reward             | 825.5203 |
|    std                | 0.85     |
|    value_loss         | 7.59e+06 |
------------------------------------
EPISODE:  24
------------------------------------
| time/                 |          |
|    fps                | 33       |
|    iterations         | 4600     |
|    time_elapsed       | 692      |
|    total_timesteps    | 23000    |
| train/                |          |
|    entropy_loss       | -2.5     |
|    explained_variance | 0        |
|    learning_rate      | 0.0007   |
|    n_updates          | 4599     |
|    policy_loss        | 5.48e+03 |
|    reward             | 767.9897 |
|    std                | 0.846    |
|    value_loss         | 6.25e+06 |
------------------------------------
------------------------------------
| time/                 |          |
|    fps                | 33       |
|    iterations         | 4700     |
|    time_elapsed       | 707      |
|    total_timesteps    | 23500    |
| train/                |          |
|    entropy_loss       | -2.5     |
|    explained_variance | 1.19e-07 |
|    learning_rate      | 0.0007   |
|    n_updates          | 4699     |
|    policy_loss        | 5.31e+03 |
|    reward             | 828.5559 |
|    std                | 0.843    |
|    value_loss         | 7.64e+06 |
------------------------------------
EPISODE:  25
-------------------------------------
| time/                 |           |
|    fps                | 33        |
|    iterations         | 4800      |
|    time_elapsed       | 722       |
|    total_timesteps    | 24000     |
| train/                |           |
|    entropy_loss       | -2.49     |
|    explained_variance | 0         |
|    learning_rate      | 0.0007    |
|    n_updates          | 4799      |
|    policy_loss        | 6.92e+03  |
|    reward             | 770.70557 |
|    std                | 0.842     |
|    value_loss         | 6.3e+06   |
-------------------------------------
------------------------------------
| time/                 |          |
|    fps                | 33       |
|    iterations         | 4900     |
|    time_elapsed       | 737      |
|    total_timesteps    | 24500    |
| train/                |          |
|    entropy_loss       | -2.51    |
|    explained_variance | 1.19e-07 |
|    learning_rate      | 0.0007   |
|    n_updates          | 4899     |
|    policy_loss        | 4.53e+03 |
|    reward             | 825.5203 |
|    std                | 0.848    |
|    value_loss         | 7.58e+06 |
------------------------------------
EPISODE:  26
-------------------------------------
| time/                 |           |
|    fps                | 33        |
|    iterations         | 5000      |
|    time_elapsed       | 752       |
|    total_timesteps    | 25000     |
| train/                |           |
|    entropy_loss       | -2.49     |
|    explained_variance | 0         |
|    learning_rate      | 0.0007    |
|    n_updates          | 4999      |
|    policy_loss        | 6.22e+03  |
|    reward             | 768.19147 |
|    std                | 0.84      |
|    value_loss         | 6.25e+06  |
-------------------------------------
------------------------------------
| time/                 |          |
|    fps                | 33       |
|    iterations         | 5100     |
|    time_elapsed       | 767      |
|    total_timesteps    | 25500    |
| train/                |          |
|    entropy_loss       | -2.48    |
|    explained_variance | 0        |
|    learning_rate      | 0.0007   |
|    n_updates          | 5099     |
|    policy_loss        | 4.51e+03 |
|    reward             | 824.0116 |
|    std                | 0.836    |
|    value_loss         | 7.55e+06 |
------------------------------------
EPISODE:  27
------------------------------------
| time/                 |          |
|    fps                | 33       |
|    iterations         | 5200     |
|    time_elapsed       | 782      |
|    total_timesteps    | 26000    |
| train/                |          |
|    entropy_loss       | -2.46    |
|    explained_variance | 1.19e-07 |
|    learning_rate      | 0.0007   |
|    n_updates          | 5199     |
|    policy_loss        | 5.49e+03 |
|    reward             | 765.2755 |
|    std                | 0.826    |
|    value_loss         | 6.2e+06  |
------------------------------------
-------------------------------------
| time/                 |           |
|    fps                | 33        |
|    iterations         | 5300      |
|    time_elapsed       | 797       |
|    total_timesteps    | 26500     |
| train/                |           |
|    entropy_loss       | -2.44     |
|    explained_variance | -1.19e-07 |
|    learning_rate      | 0.0007    |
|    n_updates          | 5299      |
|    policy_loss        | 6.08e+03  |
|    reward             | 825.6575  |
|    std                | 0.821     |
|    value_loss         | 7.58e+06  |
-------------------------------------
EPISODE:  28
------------------------------------
| time/                 |          |
|    fps                | 33       |
|    iterations         | 5400     |
|    time_elapsed       | 812      |
|    total_timesteps    | 27000    |
| train/                |          |
|    entropy_loss       | -2.42    |
|    explained_variance | 0        |
|    learning_rate      | 0.0007   |
|    n_updates          | 5399     |
|    policy_loss        | 4.49e+03 |
|    reward             | 768.1173 |
|    std                | 0.812    |
|    value_loss         | 6.25e+06 |
------------------------------------
------------------------------------
| time/                 |          |
|    fps                | 33       |
|    iterations         | 5500     |
|    time_elapsed       | 828      |
|    total_timesteps    | 27500    |
| train/                |          |
|    entropy_loss       | -2.41    |
|    explained_variance | 1.19e-07 |
|    learning_rate      | 0.0007   |
|    n_updates          | 5499     |
|    policy_loss        | 5.3e+03  |
|    reward             | 821.9546 |
|    std                | 0.806    |
|    value_loss         | 7.51e+06 |
------------------------------------
EPISODE:  29
-------------------------------------
| time/                 |           |
|    fps                | 33        |
|    iterations         | 5600      |
|    time_elapsed       | 843       |
|    total_timesteps    | 28000     |
| train/                |           |
|    entropy_loss       | -2.39     |
|    explained_variance | 0         |
|    learning_rate      | 0.0007    |
|    n_updates          | 5599      |
|    policy_loss        | 5.99e+03  |
|    reward             | 763.98175 |
|    std                | 0.799     |
|    value_loss         | 6.18e+06  |
-------------------------------------
-------------------------------------
| time/                 |           |
|    fps                | 33        |
|    iterations         | 5700      |
|    time_elapsed       | 858       |
|    total_timesteps    | 28500     |
| train/                |           |
|    entropy_loss       | -2.37     |
|    explained_variance | -2.38e-07 |
|    learning_rate      | 0.0007    |
|    n_updates          | 5699      |
|    policy_loss        | 5.45e+03  |
|    reward             | 825.5203  |
|    std                | 0.79      |
|    value_loss         | 7.58e+06  |
-------------------------------------
EPISODE:  30
-------------------------------------
| time/                 |           |
|    fps                | 33        |
|    iterations         | 5800      |
|    time_elapsed       | 873       |
|    total_timesteps    | 29000     |
| train/                |           |
|    entropy_loss       | -2.35     |
|    explained_variance | 0         |
|    learning_rate      | 0.0007    |
|    n_updates          | 5799      |
|    policy_loss        | 5.28e+03  |
|    reward             | 767.57336 |
|    std                | 0.782     |
|    value_loss         | 6.24e+06  |
-------------------------------------
-------------------------------------
| time/                 |           |
|    fps                | 33        |
|    iterations         | 5900      |
|    time_elapsed       | 888       |
|    total_timesteps    | 29500     |
| train/                |           |
|    entropy_loss       | -2.33     |
|    explained_variance | 0         |
|    learning_rate      | 0.0007    |
|    n_updates          | 5899      |
|    policy_loss        | 4.36e+03  |
|    reward             | 825.18353 |
|    std                | 0.775     |
|    value_loss         | 7.57e+06  |
-------------------------------------
EPISODE:  31
------------------------------------
| time/                 |          |
|    fps                | 33       |
|    iterations         | 6000     |
|    time_elapsed       | 903      |
|    total_timesteps    | 30000    |
| train/                |          |
|    entropy_loss       | -2.31    |
|    explained_variance | 0        |
|    learning_rate      | 0.0007   |
|    n_updates          | 5999     |
|    policy_loss        | 5.02e+03 |
|    reward             | 773.9961 |
|    std                | 0.768    |
|    value_loss         | 6.34e+06 |
------------------------------------
-------------------------------------
| time/                 |           |
|    fps                | 33        |
|    iterations         | 6100      |
|    time_elapsed       | 918       |
|    total_timesteps    | 30500     |
| train/                |           |
|    entropy_loss       | -2.32     |
|    explained_variance | 1.19e-07  |
|    learning_rate      | 0.0007    |
|    n_updates          | 6099      |
|    policy_loss        | 5.35e+03  |
|    reward             | 817.66125 |
|    std                | 0.773     |
|    value_loss         | 7.42e+06  |
-------------------------------------
EPISODE:  32
------------------------------------
| time/                 |          |
|    fps                | 33       |
|    iterations         | 6200     |
|    time_elapsed       | 933      |
|    total_timesteps    | 31000    |
| train/                |          |
|    entropy_loss       | -2.32    |
|    explained_variance | 1.19e-07 |
|    learning_rate      | 0.0007   |
|    n_updates          | 6199     |
|    policy_loss        | 4.52e+03 |
|    reward             | 759.64   |
|    std                | 0.77     |
|    value_loss         | 6.11e+06 |
------------------------------------
-------------------------------------
| time/                 |           |
|    fps                | 33        |
|    iterations         | 6300      |
|    time_elapsed       | 948       |
|    total_timesteps    | 31500     |
| train/                |           |
|    entropy_loss       | -2.3      |
|    explained_variance | 1.19e-07  |
|    learning_rate      | 0.0007    |
|    n_updates          | 6299      |
|    policy_loss        | 3.91e+03  |
|    reward             | 820.97296 |
|    std                | 0.765     |
|    value_loss         | 7.43e+06  |
-------------------------------------
EPISODE:  33
-------------------------------------
| time/                 |           |
|    fps                | 33        |
|    iterations         | 6400      |
|    time_elapsed       | 963       |
|    total_timesteps    | 32000     |
| train/                |           |
|    entropy_loss       | -2.29     |
|    explained_variance | 1.19e-07  |
|    learning_rate      | 0.0007    |
|    n_updates          | 6399      |
|    policy_loss        | 7.39e+03  |
|    reward             | 763.22833 |
|    std                | 0.761     |
|    value_loss         | 6.16e+06  |
-------------------------------------
------------------------------------
| time/                 |          |
|    fps                | 33       |
|    iterations         | 6500     |
|    time_elapsed       | 978      |
|    total_timesteps    | 32500    |
| train/                |          |
|    entropy_loss       | -2.29    |
|    explained_variance | 1.79e-07 |
|    learning_rate      | 0.0007   |
|    n_updates          | 6499     |
|    policy_loss        | 5.91e+03 |
|    reward             | 846.089  |
|    std                | 0.759    |
|    value_loss         | 7.95e+06 |
------------------------------------
EPISODE:  34
-------------------------------------
| time/                 |           |
|    fps                | 33        |
|    iterations         | 6600      |
|    time_elapsed       | 993       |
|    total_timesteps    | 33000     |
| train/                |           |
|    entropy_loss       | -2.28     |
|    explained_variance | 1.79e-07  |
|    learning_rate      | 0.0007    |
|    n_updates          | 6599      |
|    policy_loss        | 4.03e+03  |
|    reward             | 739.11554 |
|    std                | 0.755     |
|    value_loss         | 5.72e+06  |
-------------------------------------
-------------------------------------
| time/                 |           |
|    fps                | 33        |
|    iterations         | 6700      |
|    time_elapsed       | 1008      |
|    total_timesteps    | 33500     |
| train/                |           |
|    entropy_loss       | -2.26     |
|    explained_variance | 0         |
|    learning_rate      | 0.0007    |
|    n_updates          | 6699      |
|    policy_loss        | 4.74e+03  |
|    reward             | 869.46277 |
|    std                | 0.749     |
|    value_loss         | 8.26e+06  |
-------------------------------------
EPISODE:  35
------------------------------------
| time/                 |          |
|    fps                | 33       |
|    iterations         | 6800     |
|    time_elapsed       | 1023     |
|    total_timesteps    | 34000    |
| train/                |          |
|    entropy_loss       | -2.26    |
|    explained_variance | 0        |
|    learning_rate      | 0.0007   |
|    n_updates          | 6799     |
|    policy_loss        | 3.91e+03 |
|    reward             | 826.6143 |
|    std                | 0.748    |
|    value_loss         | 7.32e+06 |
------------------------------------
------------------------------------
| time/                 |          |
|    fps                | 33       |
|    iterations         | 6900     |
|    time_elapsed       | 1038     |
|    total_timesteps    | 34500    |
| train/                |          |
|    entropy_loss       | -2.23    |
|    explained_variance | 0        |
|    learning_rate      | 0.0007   |
|    n_updates          | 6899     |
|    policy_loss        | 7.52e+03 |
|    reward             | 884.1154 |
|    std                | 0.737    |
|    value_loss         | 8.61e+06 |
------------------------------------
EPISODE:  36
-------------------------------------
| time/                 |           |
|    fps                | 33        |
|    iterations         | 7000      |
|    time_elapsed       | 1053      |
|    total_timesteps    | 35000     |
| train/                |           |
|    entropy_loss       | -2.23     |
|    explained_variance | -1.19e-07 |
|    learning_rate      | 0.0007    |
|    n_updates          | 6999      |
|    policy_loss        | 5.98e+03  |
|    reward             | 821.82776 |
|    std                | 0.739     |
|    value_loss         | 7.14e+06  |
-------------------------------------
------------------------------------
| time/                 |          |
|    fps                | 33       |
|    iterations         | 7100     |
|    time_elapsed       | 1068     |
|    total_timesteps    | 35500    |
| train/                |          |
|    entropy_loss       | -2.22    |
|    explained_variance | 5.96e-08 |
|    learning_rate      | 0.0007   |
|    n_updates          | 7099     |
|    policy_loss        | 5.27e+03 |
|    reward             | 850.4744 |
|    std                | 0.734    |
|    value_loss         | 8.03e+06 |
------------------------------------
EPISODE:  37
-------------------------------------
| time/                 |           |
|    fps                | 33        |
|    iterations         | 7200      |
|    time_elapsed       | 1083      |
|    total_timesteps    | 36000     |
| train/                |           |
|    entropy_loss       | -2.21     |
|    explained_variance | 0         |
|    learning_rate      | 0.0007    |
|    n_updates          | 7199      |
|    policy_loss        | 4.31e+03  |
|    reward             | 802.91705 |
|    std                | 0.729     |
|    value_loss         | 6.75e+06  |
-------------------------------------
-------------------------------------
| time/                 |           |
|    fps                | 33        |
|    iterations         | 7300      |
|    time_elapsed       | 1098      |
|    total_timesteps    | 36500     |
| train/                |           |
|    entropy_loss       | -2.19     |
|    explained_variance | 5.96e-08  |
|    learning_rate      | 0.0007    |
|    n_updates          | 7299      |
|    policy_loss        | 4.09e+03  |
|    reward             | 910.45953 |
|    std                | 0.723     |
|    value_loss         | 9e+06     |
-------------------------------------
EPISODE:  38
-------------------------------------
| time/                 |           |
|    fps                | 33        |
|    iterations         | 7400      |
|    time_elapsed       | 1113      |
|    total_timesteps    | 37000     |
| train/                |           |
|    entropy_loss       | -2.18     |
|    explained_variance | -1.19e-07 |
|    learning_rate      | 0.0007    |
|    n_updates          | 7399      |
|    policy_loss        | 6.59e+03  |
|    reward             | 869.6363  |
|    std                | 0.722     |
|    value_loss         | 8e+06     |
-------------------------------------
-------------------------------------
| time/                 |           |
|    fps                | 33        |
|    iterations         | 7500      |
|    time_elapsed       | 1128      |
|    total_timesteps    | 37500     |
| train/                |           |
|    entropy_loss       | -2.18     |
|    explained_variance | -1.19e-07 |
|    learning_rate      | 0.0007    |
|    n_updates          | 7499      |
|    policy_loss        | 4.67e+03  |
|    reward             | 925.14185 |
|    std                | 0.72      |
|    value_loss         | 9.3e+06   |
-------------------------------------
EPISODE:  39
-------------------------------------
| time/                 |           |
|    fps                | 33        |
|    iterations         | 7600      |
|    time_elapsed       | 1142      |
|    total_timesteps    | 38000     |
| train/                |           |
|    entropy_loss       | -2.18     |
|    explained_variance | -1.19e-07 |
|    learning_rate      | 0.0007    |
|    n_updates          | 7599      |
|    policy_loss        | 5.36e+03  |
|    reward             | 903.2568  |
|    std                | 0.719     |
|    value_loss         | 8.63e+06  |
-------------------------------------
------------------------------------
| time/                 |          |
|    fps                | 33       |
|    iterations         | 7700     |
|    time_elapsed       | 1157     |
|    total_timesteps    | 38500    |
| train/                |          |
|    entropy_loss       | -2.17    |
|    explained_variance | 5.96e-08 |
|    learning_rate      | 0.0007   |
|    n_updates          | 7699     |
|    policy_loss        | 5.88e+03 |
|    reward             | 902.6427 |
|    std                | 0.716    |
|    value_loss         | 8.85e+06 |
------------------------------------
EPISODE:  40
-------------------------------------
| time/                 |           |
|    fps                | 33        |
|    iterations         | 7800      |
|    time_elapsed       | 1172      |
|    total_timesteps    | 39000     |
| train/                |           |
|    entropy_loss       | -2.14     |
|    explained_variance | 5.96e-08  |
|    learning_rate      | 0.0007    |
|    n_updates          | 7799      |
|    policy_loss        | 6.35e+03  |
|    reward             | 872.93713 |
|    std                | 0.705     |
|    value_loss         | 8.07e+06  |
-------------------------------------
-------------------------------------
| time/                 |           |
|    fps                | 33        |
|    iterations         | 7900      |
|    time_elapsed       | 1187      |
|    total_timesteps    | 39500     |
| train/                |           |
|    entropy_loss       | -2.14     |
|    explained_variance | -1.19e-07 |
|    learning_rate      | 0.0007    |
|    n_updates          | 7899      |
|    policy_loss        | 3.67e+03  |
|    reward             | 910.15564 |
|    std                | 0.704     |
|    value_loss         | 8.99e+06  |
-------------------------------------
EPISODE:  41
-------------------------------------
| time/                 |           |
|    fps                | 33        |
|    iterations         | 8000      |
|    time_elapsed       | 1202      |
|    total_timesteps    | 40000     |
| train/                |           |
|    entropy_loss       | -2.13     |
|    explained_variance | 1.79e-07  |
|    learning_rate      | 0.0007    |
|    n_updates          | 7999      |
|    policy_loss        | 3.44e+03  |
|    reward             | 878.42255 |
|    std                | 0.7       |
|    value_loss         | 8.16e+06  |
-------------------------------------
-------------------------------------
| time/                 |           |
|    fps                | 33        |
|    iterations         | 8100      |
|    time_elapsed       | 1217      |
|    total_timesteps    | 40500     |
| train/                |           |
|    entropy_loss       | -2.09     |
|    explained_variance | 0         |
|    learning_rate      | 0.0007    |
|    n_updates          | 8099      |
|    policy_loss        | 7.99e+03  |
|    reward             | 907.81616 |
|    std                | 0.689     |
|    value_loss         | 8.94e+06  |
-------------------------------------
EPISODE:  42
------------------------------------
| time/                 |          |
|    fps                | 33       |
|    iterations         | 8200     |
|    time_elapsed       | 1232     |
|    total_timesteps    | 41000    |
| train/                |          |
|    entropy_loss       | -2.09    |
|    explained_variance | 0        |
|    learning_rate      | 0.0007   |
|    n_updates          | 8199     |
|    policy_loss        | 3.66e+03 |
|    reward             | 895.712  |
|    std                | 0.687    |
|    value_loss         | 8.49e+06 |
------------------------------------
------------------------------------
| time/                 |          |
|    fps                | 33       |
|    iterations         | 8300     |
|    time_elapsed       | 1247     |
|    total_timesteps    | 41500    |
| train/                |          |
|    entropy_loss       | -2.08    |
|    explained_variance | 0        |
|    learning_rate      | 0.0007   |
|    n_updates          | 8299     |
|    policy_loss        | 3.75e+03 |
|    reward             | 908.867  |
|    std                | 0.682    |
|    value_loss         | 8.96e+06 |
------------------------------------
EPISODE:  43
------------------------------------
| time/                 |          |
|    fps                | 33       |
|    iterations         | 8400     |
|    time_elapsed       | 1262     |
|    total_timesteps    | 42000    |
| train/                |          |
|    entropy_loss       | -2.06    |
|    explained_variance | 5.96e-08 |
|    learning_rate      | 0.0007   |
|    n_updates          | 8399     |
|    policy_loss        | 5.18e+03 |
|    reward             | 874.2585 |
|    std                | 0.678    |
|    value_loss         | 8.02e+06 |
------------------------------------
------------------------------------
| time/                 |          |
|    fps                | 33       |
|    iterations         | 8500     |
|    time_elapsed       | 1278     |
|    total_timesteps    | 42500    |
| train/                |          |
|    entropy_loss       | -2.04    |
|    explained_variance | 2.38e-07 |
|    learning_rate      | 0.0007   |
|    n_updates          | 8499     |
|    policy_loss        | 4.48e+03 |
|    reward             | 909.0685 |
|    std                | 0.671    |
|    value_loss         | 8.96e+06 |
------------------------------------
EPISODE:  44
------------------------------------
| time/                 |          |
|    fps                | 33       |
|    iterations         | 8600     |
|    time_elapsed       | 1293     |
|    total_timesteps    | 43000    |
| train/                |          |
|    entropy_loss       | -2.02    |
|    explained_variance | 1.79e-07 |
|    learning_rate      | 0.0007   |
|    n_updates          | 8599     |
|    policy_loss        | 5.37e+03 |
|    reward             | 878.1289 |
|    std                | 0.663    |
|    value_loss         | 8.15e+06 |
------------------------------------
-------------------------------------
| time/                 |           |
|    fps                | 33        |
|    iterations         | 8700      |
|    time_elapsed       | 1308      |
|    total_timesteps    | 43500     |
| train/                |           |
|    entropy_loss       | -2        |
|    explained_variance | -1.19e-07 |
|    learning_rate      | 0.0007    |
|    n_updates          | 8699      |
|    policy_loss        | 5.61e+03  |
|    reward             | 909.21356 |
|    std                | 0.658     |
|    value_loss         | 8.97e+06  |
-------------------------------------
EPISODE:  45
------------------------------------
| time/                 |          |
|    fps                | 33       |
|    iterations         | 8800     |
|    time_elapsed       | 1323     |
|    total_timesteps    | 44000    |
| train/                |          |
|    entropy_loss       | -1.99    |
|    explained_variance | 0        |
|    learning_rate      | 0.0007   |
|    n_updates          | 8799     |
|    policy_loss        | 3.54e+03 |
|    reward             | 879.7654 |
|    std                | 0.655    |
|    value_loss         | 8.18e+06 |
------------------------------------
------------------------------------
| time/                 |          |
|    fps                | 33       |
|    iterations         | 8900     |
|    time_elapsed       | 1338     |
|    total_timesteps    | 44500    |
| train/                |          |
|    entropy_loss       | -1.97    |
|    explained_variance | 0        |
|    learning_rate      | 0.0007   |
|    n_updates          | 8899     |
|    policy_loss        | 6.13e+03 |
|    reward             | 909.2984 |
|    std                | 0.649    |
|    value_loss         | 8.97e+06 |
------------------------------------
EPISODE:  46
------------------------------------
| time/                 |          |
|    fps                | 33       |
|    iterations         | 9000     |
|    time_elapsed       | 1352     |
|    total_timesteps    | 45000    |
| train/                |          |
|    entropy_loss       | -1.95    |
|    explained_variance | 5.96e-08 |
|    learning_rate      | 0.0007   |
|    n_updates          | 8999     |
|    policy_loss        | 4.68e+03 |
|    reward             | 880.0277 |
|    std                | 0.641    |
|    value_loss         | 8.18e+06 |
------------------------------------
-------------------------------------
| time/                 |           |
|    fps                | 33        |
|    iterations         | 9100      |
|    time_elapsed       | 1367      |
|    total_timesteps    | 45500     |
| train/                |           |
|    entropy_loss       | -1.94     |
|    explained_variance | -1.19e-07 |
|    learning_rate      | 0.0007    |
|    n_updates          | 9099      |
|    policy_loss        | 4.44e+03  |
|    reward             | 906.73474 |
|    std                | 0.638     |
|    value_loss         | 8.91e+06  |
-------------------------------------
EPISODE:  47
-------------------------------------
| time/                 |           |
|    fps                | 33        |
|    iterations         | 9200      |
|    time_elapsed       | 1382      |
|    total_timesteps    | 46000     |
| train/                |           |
|    entropy_loss       | -1.92     |
|    explained_variance | 0         |
|    learning_rate      | 0.0007    |
|    n_updates          | 9199      |
|    policy_loss        | 4.46e+03  |
|    reward             | 877.75165 |
|    std                | 0.63      |
|    value_loss         | 8.13e+06  |
-------------------------------------
------------------------------------
| time/                 |          |
|    fps                | 33       |
|    iterations         | 9300     |
|    time_elapsed       | 1397     |
|    total_timesteps    | 46500    |
| train/                |          |
|    entropy_loss       | -1.91    |
|    explained_variance | 0        |
|    learning_rate      | 0.0007   |
|    n_updates          | 9299     |
|    policy_loss        | 2.94e+03 |
|    reward             | 909.3103 |
|    std                | 0.628    |
|    value_loss         | 8.96e+06 |
------------------------------------
EPISODE:  48
-------------------------------------
| time/                 |           |
|    fps                | 33        |
|    iterations         | 9400      |
|    time_elapsed       | 1412      |
|    total_timesteps    | 47000     |
| train/                |           |
|    entropy_loss       | -1.89     |
|    explained_variance | -1.19e-07 |
|    learning_rate      | 0.0007    |
|    n_updates          | 9399      |
|    policy_loss        | 6.3e+03   |
|    reward             | 880.3598  |
|    std                | 0.622     |
|    value_loss         | 8.18e+06  |
-------------------------------------
-------------------------------------
| time/                 |           |
|    fps                | 33        |
|    iterations         | 9500      |
|    time_elapsed       | 1427      |
|    total_timesteps    | 47500     |
| train/                |           |
|    entropy_loss       | -1.87     |
|    explained_variance | 5.96e-08  |
|    learning_rate      | 0.0007    |
|    n_updates          | 9499      |
|    policy_loss        | 3.68e+03  |
|    reward             | 907.57117 |
|    std                | 0.616     |
|    value_loss         | 8.93e+06  |
-------------------------------------
EPISODE:  49
------------------------------------
| time/                 |          |
|    fps                | 33       |
|    iterations         | 9600     |
|    time_elapsed       | 1443     |
|    total_timesteps    | 48000    |
| train/                |          |
|    entropy_loss       | -1.86    |
|    explained_variance | 0        |
|    learning_rate      | 0.0007   |
|    n_updates          | 9599     |
|    policy_loss        | 3.91e+03 |
|    reward             | 878.4437 |
|    std                | 0.614    |
|    value_loss         | 8.14e+06 |
------------------------------------
------------------------------------
| time/                 |          |
|    fps                | 33       |
|    iterations         | 9700     |
|    time_elapsed       | 1458     |
|    total_timesteps    | 48500    |
| train/                |          |
|    entropy_loss       | -1.84    |
|    explained_variance | 5.96e-08 |
|    learning_rate      | 0.0007   |
|    n_updates          | 9699     |
|    policy_loss        | 3.09e+03 |
|    reward             | 915.5388 |
|    std                | 0.608    |
|    value_loss         | 9.07e+06 |
------------------------------------
EPISODE:  50
------------------------------------
| time/                 |          |
|    fps                | 33       |
|    iterations         | 9800     |
|    time_elapsed       | 1473     |
|    total_timesteps    | 49000    |
| train/                |          |
|    entropy_loss       | -1.83    |
|    explained_variance | 5.96e-08 |
|    learning_rate      | 0.0007   |
|    n_updates          | 9799     |
|    policy_loss        | 3.54e+03 |
|    reward             | 882.6331 |
|    std                | 0.602    |
|    value_loss         | 8.13e+06 |
------------------------------------
-------------------------------------
| time/                 |           |
|    fps                | 33        |
|    iterations         | 9900      |
|    time_elapsed       | 1488      |
|    total_timesteps    | 49500     |
| train/                |           |
|    entropy_loss       | -1.81     |
|    explained_variance | 0         |
|    learning_rate      | 0.0007    |
|    n_updates          | 9899      |
|    policy_loss        | 7.76e+03  |
|    reward             | 899.13275 |
|    std                | 0.598     |
|    value_loss         | 8.73e+06  |
-------------------------------------
EPISODE:  51
------------------------------------
| time/                 |          |
|    fps                | 33       |
|    iterations         | 10000    |
|    time_elapsed       | 1503     |
|    total_timesteps    | 50000    |
| train/                |          |
|    entropy_loss       | -1.78    |
|    explained_variance | 0        |
|    learning_rate      | 0.0007   |
|    n_updates          | 9999     |
|    policy_loss        | 4.3e+03  |
|    reward             | 867.7589 |
|    std                | 0.59     |
|    value_loss         | 7.94e+06 |
------------------------------------
-------------------------------------
| time/                 |           |
|    fps                | 33        |
|    iterations         | 10100     |
|    time_elapsed       | 1518      |
|    total_timesteps    | 50500     |
| train/                |           |
|    entropy_loss       | -1.76     |
|    explained_variance | -1.19e-07 |
|    learning_rate      | 0.0007    |
|    n_updates          | 10099     |
|    policy_loss        | 3.72e+03  |
|    reward             | 915.83844 |
|    std                | 0.584     |
|    value_loss         | 9.09e+06  |
-------------------------------------
EPISODE:  52
-------------------------------------
| time/                 |           |
|    fps                | 33        |
|    iterations         | 10200     |
|    time_elapsed       | 1533      |
|    total_timesteps    | 51000     |
| train/                |           |
|    entropy_loss       | -1.73     |
|    explained_variance | 5.96e-08  |
|    learning_rate      | 0.0007    |
|    n_updates          | 10199     |
|    policy_loss        | 3.11e+03  |
|    reward             | 885.66144 |
|    std                | 0.573     |
|    value_loss         | 8.27e+06  |
-------------------------------------
-------------------------------------
| time/                 |           |
|    fps                | 33        |
|    iterations         | 10300     |
|    time_elapsed       | 1548      |
|    total_timesteps    | 51500     |
| train/                |           |
|    entropy_loss       | -1.71     |
|    explained_variance | 5.96e-08  |
|    learning_rate      | 0.0007    |
|    n_updates          | 10299     |
|    policy_loss        | 6.38e+03  |
|    reward             | 909.71075 |
|    std                | 0.569     |
|    value_loss         | 8.96e+06  |
-------------------------------------
EPISODE:  53
------------------------------------
| time/                 |          |
|    fps                | 33       |
|    iterations         | 10400    |
|    time_elapsed       | 1563     |
|    total_timesteps    | 52000    |
| train/                |          |
|    entropy_loss       | -1.67    |
|    explained_variance | 5.96e-08 |
|    learning_rate      | 0.0007   |
|    n_updates          | 10399    |
|    policy_loss        | 3.3e+03  |
|    reward             | 883.62   |
|    std                | 0.557    |
|    value_loss         | 8.23e+06 |
------------------------------------
-------------------------------------
| time/                 |           |
|    fps                | 33        |
|    iterations         | 10500     |
|    time_elapsed       | 1578      |
|    total_timesteps    | 52500     |
| train/                |           |
|    entropy_loss       | -1.67     |
|    explained_variance | -1.19e-07 |
|    learning_rate      | 0.0007    |
|    n_updates          | 10499     |
|    policy_loss        | 4.65e+03  |
|    reward             | 913.0335  |
|    std                | 0.559     |
|    value_loss         | 9.03e+06  |
-------------------------------------
EPISODE:  54
------------------------------------
| time/                 |          |
|    fps                | 33       |
|    iterations         | 10600    |
|    time_elapsed       | 1593     |
|    total_timesteps    | 53000    |
| train/                |          |
|    entropy_loss       | -1.66    |
|    explained_variance | 5.96e-08 |
|    learning_rate      | 0.0007   |
|    n_updates          | 10599    |
|    policy_loss        | 4.36e+03 |
|    reward             | 903.5964 |
|    std                | 0.554    |
|    value_loss         | 8.64e+06 |
------------------------------------
-------------------------------------
| time/                 |           |
|    fps                | 33        |
|    iterations         | 10700     |
|    time_elapsed       | 1608      |
|    total_timesteps    | 53500     |
| train/                |           |
|    entropy_loss       | -1.64     |
|    explained_variance | -1.19e-07 |
|    learning_rate      | 0.0007    |
|    n_updates          | 10699     |
|    policy_loss        | 3.35e+03  |
|    reward             | 900.26886 |
|    std                | 0.55      |
|    value_loss         | 8.76e+06  |
-------------------------------------
EPISODE:  55
------------------------------------
| time/                 |          |
|    fps                | 33       |
|    iterations         | 10800    |
|    time_elapsed       | 1623     |
|    total_timesteps    | 54000    |
| train/                |          |
|    entropy_loss       | -1.64    |
|    explained_variance | 0        |
|    learning_rate      | 0.0007   |
|    n_updates          | 10799    |
|    policy_loss        | 5.23e+03 |
|    reward             | 854.0048 |
|    std                | 0.549    |
|    value_loss         | 7.72e+06 |
------------------------------------
------------------------------------
| time/                 |          |
|    fps                | 33       |
|    iterations         | 10900    |
|    time_elapsed       | 1638     |
|    total_timesteps    | 54500    |
| train/                |          |
|    entropy_loss       | -1.63    |
|    explained_variance | 0        |
|    learning_rate      | 0.0007   |
|    n_updates          | 10899    |
|    policy_loss        | 4.31e+03 |
|    reward             | 866.8071 |
|    std                | 0.547    |
|    value_loss         | 8.22e+06 |
------------------------------------
EPISODE:  56
-------------------------------------
| time/                 |           |
|    fps                | 33        |
|    iterations         | 11000     |
|    time_elapsed       | 1653      |
|    total_timesteps    | 55000     |
| train/                |           |
|    entropy_loss       | -1.62     |
|    explained_variance | -1.19e-07 |
|    learning_rate      | 0.0007    |
|    n_updates          | 10999     |
|    policy_loss        | 2.47e+03  |
|    reward             | 818.8261  |
|    std                | 0.544     |
|    value_loss         | 7.07e+06  |
-------------------------------------
-------------------------------------
| time/                 |           |
|    fps                | 33        |
|    iterations         | 11100     |
|    time_elapsed       | 1668      |
|    total_timesteps    | 55500     |
| train/                |           |
|    entropy_loss       | -1.62     |
|    explained_variance | -1.19e-07 |
|    learning_rate      | 0.0007    |
|    n_updates          | 11099     |
|    policy_loss        | 3.02e+03  |
|    reward             | 849.4525  |
|    std                | 0.543     |
|    value_loss         | 7.79e+06  |
-------------------------------------
EPISODE:  57
------------------------------------
| time/                 |          |
|    fps                | 33       |
|    iterations         | 11200    |
|    time_elapsed       | 1683     |
|    total_timesteps    | 56000    |
| train/                |          |
|    entropy_loss       | -1.58    |
|    explained_variance | 0        |
|    learning_rate      | 0.0007   |
|    n_updates          | 11199    |
|    policy_loss        | 5.4e+03  |
|    reward             | 787.8119 |
|    std                | 0.534    |
|    value_loss         | 6.51e+06 |
------------------------------------
------------------------------------
| time/                 |          |
|    fps                | 33       |
|    iterations         | 11300    |
|    time_elapsed       | 1698     |
|    total_timesteps    | 56500    |
| train/                |          |
|    entropy_loss       | -1.58    |
|    explained_variance | 2.38e-07 |
|    learning_rate      | 0.0007   |
|    n_updates          | 11299    |
|    policy_loss        | 6.53e+03 |
|    reward             | 898.368  |
|    std                | 0.533    |
|    value_loss         | 8.71e+06 |
------------------------------------
EPISODE:  58
------------------------------------
| time/                 |          |
|    fps                | 33       |
|    iterations         | 11400    |
|    time_elapsed       | 1713     |
|    total_timesteps    | 57000    |
| train/                |          |
|    entropy_loss       | -1.56    |
|    explained_variance | 0        |
|    learning_rate      | 0.0007   |
|    n_updates          | 11399    |
|    policy_loss        | 3.04e+03 |
|    reward             | 861.1052 |
|    std                | 0.529    |
|    value_loss         | 7.84e+06 |
------------------------------------
------------------------------------
| time/                 |          |
|    fps                | 33       |
|    iterations         | 11500    |
|    time_elapsed       | 1728     |
|    total_timesteps    | 57500    |
| train/                |          |
|    entropy_loss       | -1.56    |
|    explained_variance | 1.79e-07 |
|    learning_rate      | 0.0007   |
|    n_updates          | 11499    |
|    policy_loss        | 4.32e+03 |
|    reward             | 892.0572 |
|    std                | 0.527    |
|    value_loss         | 8.61e+06 |
------------------------------------
EPISODE:  59
-------------------------------------
| time/                 |           |
|    fps                | 33        |
|    iterations         | 11600     |
|    time_elapsed       | 1743      |
|    total_timesteps    | 58000     |
| train/                |           |
|    entropy_loss       | -1.55     |
|    explained_variance | -1.19e-07 |
|    learning_rate      | 0.0007    |
|    n_updates          | 11599     |
|    policy_loss        | 2.61e+03  |
|    reward             | 861.5222  |
|    std                | 0.524     |
|    value_loss         | 7.82e+06  |
-------------------------------------
------------------------------------
| time/                 |          |
|    fps                | 33       |
|    iterations         | 11700    |
|    time_elapsed       | 1757     |
|    total_timesteps    | 58500    |
| train/                |          |
|    entropy_loss       | -1.54    |
|    explained_variance | 1.79e-07 |
|    learning_rate      | 0.0007   |
|    n_updates          | 11699    |
|    policy_loss        | 3.46e+03 |
|    reward             | 906.5012 |
|    std                | 0.523    |
|    value_loss         | 8.89e+06 |
------------------------------------
EPISODE:  60
-------------------------------------
| time/                 |           |
|    fps                | 33        |
|    iterations         | 11800     |
|    time_elapsed       | 1772      |
|    total_timesteps    | 59000     |
| train/                |           |
|    entropy_loss       | -1.52     |
|    explained_variance | 0         |
|    learning_rate      | 0.0007    |
|    n_updates          | 11799     |
|    policy_loss        | 4.23e+03  |
|    reward             | 906.62384 |
|    std                | 0.518     |
|    value_loss         | 8.65e+06  |
-------------------------------------
------------------------------------
| time/                 |          |
|    fps                | 33       |
|    iterations         | 11900    |
|    time_elapsed       | 1787     |
|    total_timesteps    | 59500    |
| train/                |          |
|    entropy_loss       | -1.5     |
|    explained_variance | 1.79e-07 |
|    learning_rate      | 0.0007   |
|    n_updates          | 11899    |
|    policy_loss        | 2.08e+03 |
|    reward             | 884.1113 |
|    std                | 0.512    |
|    value_loss         | 8.45e+06 |
------------------------------------
EPISODE:  61
-------------------------------------
| time/                 |           |
|    fps                | 33        |
|    iterations         | 12000     |
|    time_elapsed       | 1802      |
|    total_timesteps    | 60000     |
| train/                |           |
|    entropy_loss       | -1.48     |
|    explained_variance | -1.19e-07 |
|    learning_rate      | 0.0007    |
|    n_updates          | 11999     |
|    policy_loss        | 3.83e+03  |
|    reward             | 872.8892  |
|    std                | 0.507     |
|    value_loss         | 8.02e+06  |
-------------------------------------
------------------------------------
| time/                 |          |
|    fps                | 33       |
|    iterations         | 12100    |
|    time_elapsed       | 1817     |
|    total_timesteps    | 60500    |
| train/                |          |
|    entropy_loss       | -1.46    |
|    explained_variance | 0        |
|    learning_rate      | 0.0007   |
|    n_updates          | 12099    |
|    policy_loss        | 4.23e+03 |
|    reward             | 913.0517 |
|    std                | 0.503    |
|    value_loss         | 9.01e+06 |
------------------------------------
EPISODE:  62
-------------------------------------
| time/                 |           |
|    fps                | 33        |
|    iterations         | 12200     |
|    time_elapsed       | 1832      |
|    total_timesteps    | 61000     |
| train/                |           |
|    entropy_loss       | -1.44     |
|    explained_variance | 0         |
|    learning_rate      | 0.0007    |
|    n_updates          | 12199     |
|    policy_loss        | 4.99e+03  |
|    reward             | 883.51605 |
|    std                | 0.496     |
|    value_loss         | 8.22e+06  |
-------------------------------------
-------------------------------------
| time/                 |           |
|    fps                | 33        |
|    iterations         | 12300     |
|    time_elapsed       | 1846      |
|    total_timesteps    | 61500     |
| train/                |           |
|    entropy_loss       | -1.43     |
|    explained_variance | 1.79e-07  |
|    learning_rate      | 0.0007    |
|    n_updates          | 12299     |
|    policy_loss        | 5.71e+03  |
|    reward             | 909.62335 |
|    std                | 0.494     |
|    value_loss         | 8.94e+06  |
-------------------------------------
EPISODE:  63
-------------------------------------
| time/                 |           |
|    fps                | 33        |
|    iterations         | 12400     |
|    time_elapsed       | 1861      |
|    total_timesteps    | 62000     |
| train/                |           |
|    entropy_loss       | -1.41     |
|    explained_variance | 5.96e-08  |
|    learning_rate      | 0.0007    |
|    n_updates          | 12399     |
|    policy_loss        | 2.41e+03  |
|    reward             | 886.38214 |
|    std                | 0.49      |
|    value_loss         | 8.27e+06  |
-------------------------------------
------------------------------------
| time/                 |          |
|    fps                | 33       |
|    iterations         | 12500    |
|    time_elapsed       | 1876     |
|    total_timesteps    | 62500    |
| train/                |          |
|    entropy_loss       | -1.39    |
|    explained_variance | 0        |
|    learning_rate      | 0.0007   |
|    n_updates          | 12499    |
|    policy_loss        | 3.03e+03 |
|    reward             | 909.1165 |
|    std                | 0.485    |
|    value_loss         | 8.93e+06 |
------------------------------------
EPISODE:  64
-------------------------------------
| time/                 |           |
|    fps                | 33        |
|    iterations         | 12600     |
|    time_elapsed       | 1891      |
|    total_timesteps    | 63000     |
| train/                |           |
|    entropy_loss       | -1.38     |
|    explained_variance | 5.96e-08  |
|    learning_rate      | 0.0007    |
|    n_updates          | 12599     |
|    policy_loss        | 3.22e+03  |
|    reward             | 879.67145 |
|    std                | 0.481     |
|    value_loss         | 8.14e+06  |
-------------------------------------
------------------------------------
| time/                 |          |
|    fps                | 33       |
|    iterations         | 12700    |
|    time_elapsed       | 1906     |
|    total_timesteps    | 63500    |
| train/                |          |
|    entropy_loss       | -1.36    |
|    explained_variance | 0        |
|    learning_rate      | 0.0007   |
|    n_updates          | 12699    |
|    policy_loss        | 5.28e+03 |
|    reward             | 909.2984 |
|    std                | 0.479    |
|    value_loss         | 8.93e+06 |
------------------------------------
EPISODE:  65
------------------------------------
| time/                 |          |
|    fps                | 33       |
|    iterations         | 12800    |
|    time_elapsed       | 1921     |
|    total_timesteps    | 64000    |
| train/                |          |
|    entropy_loss       | -1.35    |
|    explained_variance | 1.79e-07 |
|    learning_rate      | 0.0007   |
|    n_updates          | 12799    |
|    policy_loss        | 2.27e+03 |
|    reward             | 879.8474 |
|    std                | 0.475    |
|    value_loss         | 8.14e+06 |
------------------------------------
------------------------------------
| time/                 |          |
|    fps                | 33       |
|    iterations         | 12900    |
|    time_elapsed       | 1936     |
|    total_timesteps    | 64500    |
| train/                |          |
|    entropy_loss       | -1.35    |
|    explained_variance | 2.38e-07 |
|    learning_rate      | 0.0007   |
|    n_updates          | 12899    |
|    policy_loss        | 3.02e+03 |
|    reward             | 909.2984 |
|    std                | 0.476    |
|    value_loss         | 8.93e+06 |
------------------------------------
EPISODE:  66
-------------------------------------
| time/                 |           |
|    fps                | 33        |
|    iterations         | 13000     |
|    time_elapsed       | 1950      |
|    total_timesteps    | 65000     |
| train/                |           |
|    entropy_loss       | -1.35     |
|    explained_variance | -1.19e-07 |
|    learning_rate      | 0.0007    |
|    n_updates          | 12999     |
|    policy_loss        | 2.63e+03  |
|    reward             | 879.8474  |
|    std                | 0.475     |
|    value_loss         | 8.14e+06  |
-------------------------------------
------------------------------------
| time/                 |          |
|    fps                | 33       |
|    iterations         | 13100    |
|    time_elapsed       | 1965     |
|    total_timesteps    | 65500    |
| train/                |          |
|    entropy_loss       | -1.32    |
|    explained_variance | 1.79e-07 |
|    learning_rate      | 0.0007   |
|    n_updates          | 13099    |
|    policy_loss        | 3.13e+03 |
|    reward             | 909.2984 |
|    std                | 0.469    |
|    value_loss         | 8.93e+06 |
------------------------------------
EPISODE:  67
------------------------------------
| time/                 |          |
|    fps                | 33       |
|    iterations         | 13200    |
|    time_elapsed       | 1980     |
|    total_timesteps    | 66000    |
| train/                |          |
|    entropy_loss       | -1.3     |
|    explained_variance | 0        |
|    learning_rate      | 0.0007   |
|    n_updates          | 13199    |
|    policy_loss        | 2.95e+03 |
|    reward             | 879.8474 |
|    std                | 0.464    |
|    value_loss         | 8.14e+06 |
------------------------------------
------------------------------------
| time/                 |          |
|    fps                | 33       |
|    iterations         | 13300    |
|    time_elapsed       | 1995     |
|    total_timesteps    | 66500    |
| train/                |          |
|    entropy_loss       | -1.28    |
|    explained_variance | 0        |
|    learning_rate      | 0.0007   |
|    n_updates          | 13299    |
|    policy_loss        | 3.1e+03  |
|    reward             | 909.2984 |
|    std                | 0.46     |
|    value_loss         | 8.93e+06 |
------------------------------------
EPISODE:  68
------------------------------------
| time/                 |          |
|    fps                | 33       |
|    iterations         | 13400    |
|    time_elapsed       | 2010     |
|    total_timesteps    | 67000    |
| train/                |          |
|    entropy_loss       | -1.27    |
|    explained_variance | 0        |
|    learning_rate      | 0.0007   |
|    n_updates          | 13399    |
|    policy_loss        | 3.99e+03 |
|    reward             | 879.8474 |
|    std                | 0.457    |
|    value_loss         | 8.14e+06 |
------------------------------------
-------------------------------------
| time/                 |           |
|    fps                | 33        |
|    iterations         | 13500     |
|    time_elapsed       | 2025      |
|    total_timesteps    | 67500     |
| train/                |           |
|    entropy_loss       | -1.25     |
|    explained_variance | -1.19e-07 |
|    learning_rate      | 0.0007    |
|    n_updates          | 13499     |
|    policy_loss        | 2.83e+03  |
|    reward             | 909.2984  |
|    std                | 0.452     |
|    value_loss         | 8.93e+06  |
-------------------------------------
EPISODE:  69
------------------------------------
| time/                 |          |
|    fps                | 33       |
|    iterations         | 13600    |
|    time_elapsed       | 2040     |
|    total_timesteps    | 68000    |
| train/                |          |
|    entropy_loss       | -1.23    |
|    explained_variance | 0        |
|    learning_rate      | 0.0007   |
|    n_updates          | 13599    |
|    policy_loss        | 3.44e+03 |
|    reward             | 879.8474 |
|    std                | 0.448    |
|    value_loss         | 8.14e+06 |
------------------------------------
-------------------------------------
| time/                 |           |
|    fps                | 33        |
|    iterations         | 13700     |
|    time_elapsed       | 2055      |
|    total_timesteps    | 68500     |
| train/                |           |
|    entropy_loss       | -1.23     |
|    explained_variance | -1.19e-07 |
|    learning_rate      | 0.0007    |
|    n_updates          | 13699     |
|    policy_loss        | 2.67e+03  |
|    reward             | 909.2984  |
|    std                | 0.447     |
|    value_loss         | 8.92e+06  |
-------------------------------------
EPISODE:  70
-------------------------------------
| time/                 |           |
|    fps                | 33        |
|    iterations         | 13800     |
|    time_elapsed       | 2070      |
|    total_timesteps    | 69000     |
| train/                |           |
|    entropy_loss       | -1.2      |
|    explained_variance | 0         |
|    learning_rate      | 0.0007    |
|    n_updates          | 13799     |
|    policy_loss        | 2.89e+03  |
|    reward             | 879.86786 |
|    std                | 0.441     |
|    value_loss         | 8.14e+06  |
-------------------------------------
-------------------------------------
| time/                 |           |
|    fps                | 33        |
|    iterations         | 13900     |
|    time_elapsed       | 2085      |
|    total_timesteps    | 69500     |
| train/                |           |
|    entropy_loss       | -1.2      |
|    explained_variance | -1.19e-07 |
|    learning_rate      | 0.0007    |
|    n_updates          | 13899     |
|    policy_loss        | 2.67e+03  |
|    reward             | 909.60406 |
|    std                | 0.44      |
|    value_loss         | 8.93e+06  |
-------------------------------------
EPISODE:  71
-------------------------------------
| time/                 |           |
|    fps                | 33        |
|    iterations         | 14000     |
|    time_elapsed       | 2100      |
|    total_timesteps    | 70000     |
| train/                |           |
|    entropy_loss       | -1.17     |
|    explained_variance | -1.19e-07 |
|    learning_rate      | 0.0007    |
|    n_updates          | 13999     |
|    policy_loss        | 2.98e+03  |
|    reward             | 880.2212  |
|    std                | 0.434     |
|    value_loss         | 8.14e+06  |
-------------------------------------
-------------------------------------
| time/                 |           |
|    fps                | 33        |
|    iterations         | 14100     |
|    time_elapsed       | 2116      |
|    total_timesteps    | 70500     |
| train/                |           |
|    entropy_loss       | -1.15     |
|    explained_variance | -1.19e-07 |
|    learning_rate      | 0.0007    |
|    n_updates          | 14099     |
|    policy_loss        | 4.19e+03  |
|    reward             | 909.2984  |
|    std                | 0.431     |
|    value_loss         | 8.92e+06  |
-------------------------------------
EPISODE:  72
-------------------------------------
| time/                 |           |
|    fps                | 33        |
|    iterations         | 14200     |
|    time_elapsed       | 2131      |
|    total_timesteps    | 71000     |
| train/                |           |
|    entropy_loss       | -1.15     |
|    explained_variance | -1.19e-07 |
|    learning_rate      | 0.0007    |
|    n_updates          | 14199     |
|    policy_loss        | 2.53e+03  |
|    reward             | 879.8474  |
|    std                | 0.43      |
|    value_loss         | 8.13e+06  |
-------------------------------------
------------------------------------
| time/                 |          |
|    fps                | 33       |
|    iterations         | 14300    |
|    time_elapsed       | 2146     |
|    total_timesteps    | 71500    |
| train/                |          |
|    entropy_loss       | -1.12    |
|    explained_variance | 0        |
|    learning_rate      | 0.0007   |
|    n_updates          | 14299    |
|    policy_loss        | 1.26e+03 |
|    reward             | 909.2984 |
|    std                | 0.423    |
|    value_loss         | 8.92e+06 |
------------------------------------
EPISODE:  73
------------------------------------
| time/                 |          |
|    fps                | 33       |
|    iterations         | 14400    |
|    time_elapsed       | 2161     |
|    total_timesteps    | 72000    |
| train/                |          |
|    entropy_loss       | -1.11    |
|    explained_variance | 0        |
|    learning_rate      | 0.0007   |
|    n_updates          | 14399    |
|    policy_loss        | 2.72e+03 |
|    reward             | 879.8474 |
|    std                | 0.422    |
|    value_loss         | 8.13e+06 |
------------------------------------
-------------------------------------
| time/                 |           |
|    fps                | 33        |
|    iterations         | 14500     |
|    time_elapsed       | 2176      |
|    total_timesteps    | 72500     |
| train/                |           |
|    entropy_loss       | -1.11     |
|    explained_variance | -1.19e-07 |
|    learning_rate      | 0.0007    |
|    n_updates          | 14499     |
|    policy_loss        | 2.55e+03  |
|    reward             | 909.2984  |
|    std                | 0.421     |
|    value_loss         | 8.92e+06  |
-------------------------------------
EPISODE:  74
-------------------------------------
| time/                 |           |
|    fps                | 33        |
|    iterations         | 14600     |
|    time_elapsed       | 2191      |
|    total_timesteps    | 73000     |
| train/                |           |
|    entropy_loss       | -1.08     |
|    explained_variance | -1.19e-07 |
|    learning_rate      | 0.0007    |
|    n_updates          | 14599     |
|    policy_loss        | 5.22e+03  |
|    reward             | 879.8474  |
|    std                | 0.417     |
|    value_loss         | 8.13e+06  |
-------------------------------------
------------------------------------
| time/                 |          |
|    fps                | 33       |
|    iterations         | 14700    |
|    time_elapsed       | 2206     |
|    total_timesteps    | 73500    |
| train/                |          |
|    entropy_loss       | -1.06    |
|    explained_variance | 5.96e-08 |
|    learning_rate      | 0.0007   |
|    n_updates          | 14699    |
|    policy_loss        | 2.92e+03 |
|    reward             | 909.2984 |
|    std                | 0.411    |
|    value_loss         | 8.92e+06 |
------------------------------------
EPISODE:  75
------------------------------------
| time/                 |          |
|    fps                | 33       |
|    iterations         | 14800    |
|    time_elapsed       | 2221     |
|    total_timesteps    | 74000    |
| train/                |          |
|    entropy_loss       | -1.04    |
|    explained_variance | 0        |
|    learning_rate      | 0.0007   |
|    n_updates          | 14799    |
|    policy_loss        | 1.48e+03 |
|    reward             | 879.8474 |
|    std                | 0.408    |
|    value_loss         | 8.13e+06 |
------------------------------------
------------------------------------
| time/                 |          |
|    fps                | 33       |
|    iterations         | 14900    |
|    time_elapsed       | 2236     |
|    total_timesteps    | 74500    |
| train/                |          |
|    entropy_loss       | -1.03    |
|    explained_variance | 5.96e-08 |
|    learning_rate      | 0.0007   |
|    n_updates          | 14899    |
|    policy_loss        | 4.47e+03 |
|    reward             | 910.2169 |
|    std                | 0.406    |
|    value_loss         | 8.93e+06 |
------------------------------------
EPISODE:  76
-------------------------------------
| time/                 |           |
|    fps                | 33        |
|    iterations         | 15000     |
|    time_elapsed       | 2251      |
|    total_timesteps    | 75000     |
| train/                |           |
|    entropy_loss       | -1.04     |
|    explained_variance | -1.19e-07 |
|    learning_rate      | 0.0007    |
|    n_updates          | 14999     |
|    policy_loss        | 2.5e+03   |
|    reward             | 882.6866  |
|    std                | 0.407     |
|    value_loss         | 8.18e+06  |
-------------------------------------
------------------------------------
| time/                 |          |
|    fps                | 33       |
|    iterations         | 15100    |
|    time_elapsed       | 2266     |
|    total_timesteps    | 75500    |
| train/                |          |
|    entropy_loss       | -1.03    |
|    explained_variance | 5.96e-08 |
|    learning_rate      | 0.0007   |
|    n_updates          | 15099    |
|    policy_loss        | 2.43e+03 |
|    reward             | 917.1494 |
|    std                | 0.405    |
|    value_loss         | 9.05e+06 |
------------------------------------
EPISODE:  77
-------------------------------------
| time/                 |           |
|    fps                | 33        |
|    iterations         | 15200     |
|    time_elapsed       | 2281      |
|    total_timesteps    | 76000     |
| train/                |           |
|    entropy_loss       | -1        |
|    explained_variance | -1.19e-07 |
|    learning_rate      | 0.0007    |
|    n_updates          | 15199     |
|    policy_loss        | 4.27e+03  |
|    reward             | 902.01685 |
|    std                | 0.4       |
|    value_loss         | 8.55e+06  |
-------------------------------------
------------------------------------
| time/                 |          |
|    fps                | 33       |
|    iterations         | 15300    |
|    time_elapsed       | 2296     |
|    total_timesteps    | 76500    |
| train/                |          |
|    entropy_loss       | -0.983   |
|    explained_variance | 0        |
|    learning_rate      | 0.0007   |
|    n_updates          | 15299    |
|    policy_loss        | 1.7e+03  |
|    reward             | 913.6003 |
|    std                | 0.396    |
|    value_loss         | 9e+06    |
------------------------------------
EPISODE:  78
-------------------------------------
| time/                 |           |
|    fps                | 33        |
|    iterations         | 15400     |
|    time_elapsed       | 2312      |
|    total_timesteps    | 77000     |
| train/                |           |
|    entropy_loss       | -0.963    |
|    explained_variance | 1.79e-07  |
|    learning_rate      | 0.0007    |
|    n_updates          | 15399     |
|    policy_loss        | 989       |
|    reward             | 884.28595 |
|    std                | 0.392     |
|    value_loss         | 8.21e+06  |
-------------------------------------
-------------------------------------
| time/                 |           |
|    fps                | 33        |
|    iterations         | 15500     |
|    time_elapsed       | 2327      |
|    total_timesteps    | 77500     |
| train/                |           |
|    entropy_loss       | -0.938    |
|    explained_variance | -2.38e-07 |
|    learning_rate      | 0.0007    |
|    n_updates          | 15499     |
|    policy_loss        | 483       |
|    reward             | 909.2984  |
|    std                | 0.387     |
|    value_loss         | 8.91e+06  |
-------------------------------------
EPISODE:  79
------------------------------------
| time/                 |          |
|    fps                | 33       |
|    iterations         | 15600    |
|    time_elapsed       | 2342     |
|    total_timesteps    | 78000    |
| train/                |          |
|    entropy_loss       | -0.931   |
|    explained_variance | 0        |
|    learning_rate      | 0.0007   |
|    n_updates          | 15599    |
|    policy_loss        | 1.74e+03 |
|    reward             | 879.8474 |
|    std                | 0.386    |
|    value_loss         | 8.12e+06 |
------------------------------------
------------------------------------
| time/                 |          |
|    fps                | 33       |
|    iterations         | 15700    |
|    time_elapsed       | 2357     |
|    total_timesteps    | 78500    |
| train/                |          |
|    entropy_loss       | -0.907   |
|    explained_variance | 5.96e-08 |
|    learning_rate      | 0.0007   |
|    n_updates          | 15699    |
|    policy_loss        | 3.02e+03 |
|    reward             | 909.0477 |
|    std                | 0.382    |
|    value_loss         | 8.9e+06  |
------------------------------------
EPISODE:  80
-------------------------------------
| time/                 |           |
|    fps                | 33        |
|    iterations         | 15800     |
|    time_elapsed       | 2372      |
|    total_timesteps    | 79000     |
| train/                |           |
|    entropy_loss       | -0.912    |
|    explained_variance | -1.19e-07 |
|    learning_rate      | 0.0007    |
|    n_updates          | 15799     |
|    policy_loss        | 2.75e+03  |
|    reward             | 879.6049  |
|    std                | 0.382     |
|    value_loss         | 8.12e+06  |
-------------------------------------
------------------------------------
| time/                 |          |
|    fps                | 33       |
|    iterations         | 15900    |
|    time_elapsed       | 2387     |
|    total_timesteps    | 79500    |
| train/                |          |
|    entropy_loss       | -0.897   |
|    explained_variance | 0        |
|    learning_rate      | 0.0007   |
|    n_updates          | 15899    |
|    policy_loss        | 475      |
|    reward             | 909.2984 |
|    std                | 0.379    |
|    value_loss         | 8.91e+06 |
------------------------------------
EPISODE:  81
------------------------------------
| time/                 |          |
|    fps                | 33       |
|    iterations         | 16000    |
|    time_elapsed       | 2402     |
|    total_timesteps    | 80000    |
| train/                |          |
|    entropy_loss       | -0.875   |
|    explained_variance | 0        |
|    learning_rate      | 0.0007   |
|    n_updates          | 15999    |
|    policy_loss        | 1.25e+03 |
|    reward             | 879.8474 |
|    std                | 0.375    |
|    value_loss         | 8.12e+06 |
------------------------------------
------------------------------------
| time/                 |          |
|    fps                | 33       |
|    iterations         | 16100    |
|    time_elapsed       | 2417     |
|    total_timesteps    | 80500    |
| train/                |          |
|    entropy_loss       | -0.869   |
|    explained_variance | 5.96e-08 |
|    learning_rate      | 0.0007   |
|    n_updates          | 16099    |
|    policy_loss        | 2.82e+03 |
|    reward             | 909.2984 |
|    std                | 0.375    |
|    value_loss         | 8.9e+06  |
------------------------------------
EPISODE:  82
-------------------------------------
| time/                 |           |
|    fps                | 33        |
|    iterations         | 16200     |
|    time_elapsed       | 2432      |
|    total_timesteps    | 81000     |
| train/                |           |
|    entropy_loss       | -0.838    |
|    explained_variance | -1.19e-07 |
|    learning_rate      | 0.0007    |
|    n_updates          | 16199     |
|    policy_loss        | 1.17e+03  |
|    reward             | 879.8474  |
|    std                | 0.369     |
|    value_loss         | 8.12e+06  |
-------------------------------------
------------------------------------
| time/                 |          |
|    fps                | 33       |
|    iterations         | 16300    |
|    time_elapsed       | 2447     |
|    total_timesteps    | 81500    |
| train/                |          |
|    entropy_loss       | -0.804   |
|    explained_variance | 5.96e-08 |
|    learning_rate      | 0.0007   |
|    n_updates          | 16299    |
|    policy_loss        | 1.34e+03 |
|    reward             | 909.2984 |
|    std                | 0.363    |
|    value_loss         | 8.9e+06  |
------------------------------------
EPISODE:  83
------------------------------------
| time/                 |          |
|    fps                | 33       |
|    iterations         | 16400    |
|    time_elapsed       | 2462     |
|    total_timesteps    | 82000    |
| train/                |          |
|    entropy_loss       | -0.777   |
|    explained_variance | 0        |
|    learning_rate      | 0.0007   |
|    n_updates          | 16399    |
|    policy_loss        | 2.48e+03 |
|    reward             | 879.8474 |
|    std                | 0.358    |
|    value_loss         | 8.12e+06 |
------------------------------------
------------------------------------
| time/                 |          |
|    fps                | 33       |
|    iterations         | 16500    |
|    time_elapsed       | 2477     |
|    total_timesteps    | 82500    |
| train/                |          |
|    entropy_loss       | -0.762   |
|    explained_variance | 1.79e-07 |
|    learning_rate      | 0.0007   |
|    n_updates          | 16499    |
|    policy_loss        | 664      |
|    reward             | 909.2984 |
|    std                | 0.355    |
|    value_loss         | 8.9e+06  |
------------------------------------
EPISODE:  84
------------------------------------
| time/                 |          |
|    fps                | 33       |
|    iterations         | 16600    |
|    time_elapsed       | 2492     |
|    total_timesteps    | 83000    |
| train/                |          |
|    entropy_loss       | -0.738   |
|    explained_variance | 5.96e-08 |
|    learning_rate      | 0.0007   |
|    n_updates          | 16599    |
|    policy_loss        | 2.58e+03 |
|    reward             | 879.8474 |
|    std                | 0.351    |
|    value_loss         | 8.11e+06 |
------------------------------------
------------------------------------
| time/                 |          |
|    fps                | 33       |
|    iterations         | 16700    |
|    time_elapsed       | 2507     |
|    total_timesteps    | 83500    |
| train/                |          |
|    entropy_loss       | -0.716   |
|    explained_variance | 0        |
|    learning_rate      | 0.0007   |
|    n_updates          | 16699    |
|    policy_loss        | 3.87e+03 |
|    reward             | 909.2984 |
|    std                | 0.348    |
|    value_loss         | 8.9e+06  |
------------------------------------
EPISODE:  85
-------------------------------------
| time/                 |           |
|    fps                | 33        |
|    iterations         | 16800     |
|    time_elapsed       | 2522      |
|    total_timesteps    | 84000     |
| train/                |           |
|    entropy_loss       | -0.696    |
|    explained_variance | -1.19e-07 |
|    learning_rate      | 0.0007    |
|    n_updates          | 16799     |
|    policy_loss        | 1.26e+03  |
|    reward             | 879.8474  |
|    std                | 0.344     |
|    value_loss         | 8.11e+06  |
-------------------------------------
-------------------------------------
| time/                 |           |
|    fps                | 33        |
|    iterations         | 16900     |
|    time_elapsed       | 2537      |
|    total_timesteps    | 84500     |
| train/                |           |
|    entropy_loss       | -0.683    |
|    explained_variance | -1.19e-07 |
|    learning_rate      | 0.0007    |
|    n_updates          | 16899     |
|    policy_loss        | 2.85e+03  |
|    reward             | 909.2984  |
|    std                | 0.342     |
|    value_loss         | 8.9e+06   |
-------------------------------------
EPISODE:  86
------------------------------------
| time/                 |          |
|    fps                | 33       |
|    iterations         | 17000    |
|    time_elapsed       | 2552     |
|    total_timesteps    | 85000    |
| train/                |          |
|    entropy_loss       | -0.662   |
|    explained_variance | 5.96e-08 |
|    learning_rate      | 0.0007   |
|    n_updates          | 16999    |
|    policy_loss        | 3.85e+03 |
|    reward             | 879.8474 |
|    std                | 0.338    |
|    value_loss         | 8.11e+06 |
------------------------------------
------------------------------------
| time/                 |          |
|    fps                | 33       |
|    iterations         | 17100    |
|    time_elapsed       | 2567     |
|    total_timesteps    | 85500    |
| train/                |          |
|    entropy_loss       | -0.655   |
|    explained_variance | 5.96e-08 |
|    learning_rate      | 0.0007   |
|    n_updates          | 17099    |
|    policy_loss        | 530      |
|    reward             | 909.2984 |
|    std                | 0.337    |
|    value_loss         | 8.9e+06  |
------------------------------------
EPISODE:  87
-------------------------------------
| time/                 |           |
|    fps                | 33        |
|    iterations         | 17200     |
|    time_elapsed       | 2583      |
|    total_timesteps    | 86000     |
| train/                |           |
|    entropy_loss       | -0.638    |
|    explained_variance | -1.19e-07 |
|    learning_rate      | 0.0007    |
|    n_updates          | 17199     |
|    policy_loss        | 2.07e+03  |
|    reward             | 879.8474  |
|    std                | 0.334     |
|    value_loss         | 8.11e+06  |
-------------------------------------
------------------------------------
| time/                 |          |
|    fps                | 33       |
|    iterations         | 17300    |
|    time_elapsed       | 2598     |
|    total_timesteps    | 86500    |
| train/                |          |
|    entropy_loss       | -0.591   |
|    explained_variance | 5.96e-08 |
|    learning_rate      | 0.0007   |
|    n_updates          | 17299    |
|    policy_loss        | 2.1e+03  |
|    reward             | 909.2984 |
|    std                | 0.326    |
|    value_loss         | 8.89e+06 |
------------------------------------
EPISODE:  88
-------------------------------------
| time/                 |           |
|    fps                | 33        |
|    iterations         | 17400     |
|    time_elapsed       | 2613      |
|    total_timesteps    | 87000     |
| train/                |           |
|    entropy_loss       | -0.59     |
|    explained_variance | -1.19e-07 |
|    learning_rate      | 0.0007    |
|    n_updates          | 17399     |
|    policy_loss        | -29.3     |
|    reward             | 879.8474  |
|    std                | 0.326     |
|    value_loss         | 8.11e+06  |
-------------------------------------
-------------------------------------
| time/                 |           |
|    fps                | 33        |
|    iterations         | 17500     |
|    time_elapsed       | 2628      |
|    total_timesteps    | 87500     |
| train/                |           |
|    entropy_loss       | -0.556    |
|    explained_variance | -1.19e-07 |
|    learning_rate      | 0.0007    |
|    n_updates          | 17499     |
|    policy_loss        | 889       |
|    reward             | 909.2984  |
|    std                | 0.321     |
|    value_loss         | 8.89e+06  |
-------------------------------------
EPISODE:  89
------------------------------------
| time/                 |          |
|    fps                | 33       |
|    iterations         | 17600    |
|    time_elapsed       | 2643     |
|    total_timesteps    | 88000    |
| train/                |          |
|    entropy_loss       | -0.527   |
|    explained_variance | 5.96e-08 |
|    learning_rate      | 0.0007   |
|    n_updates          | 17599    |
|    policy_loss        | 3.27e+03 |
|    reward             | 879.8474 |
|    std                | 0.316    |
|    value_loss         | 8.11e+06 |
------------------------------------
------------------------------------
| time/                 |          |
|    fps                | 33       |
|    iterations         | 17700    |
|    time_elapsed       | 2658     |
|    total_timesteps    | 88500    |
| train/                |          |
|    entropy_loss       | -0.507   |
|    explained_variance | 1.79e-07 |
|    learning_rate      | 0.0007   |
|    n_updates          | 17699    |
|    policy_loss        | -296     |
|    reward             | 909.2984 |
|    std                | 0.313    |
|    value_loss         | 8.89e+06 |
------------------------------------
EPISODE:  90
------------------------------------
| time/                 |          |
|    fps                | 33       |
|    iterations         | 17800    |
|    time_elapsed       | 2673     |
|    total_timesteps    | 89000    |
| train/                |          |
|    entropy_loss       | -0.478   |
|    explained_variance | 1.79e-07 |
|    learning_rate      | 0.0007   |
|    n_updates          | 17799    |
|    policy_loss        | 1.61e+03 |
|    reward             | 879.8474 |
|    std                | 0.309    |
|    value_loss         | 8.1e+06  |
------------------------------------
-------------------------------------
| time/                 |           |
|    fps                | 33        |
|    iterations         | 17900     |
|    time_elapsed       | 2687      |
|    total_timesteps    | 89500     |
| train/                |           |
|    entropy_loss       | -0.453    |
|    explained_variance | -1.19e-07 |
|    learning_rate      | 0.0007    |
|    n_updates          | 17899     |
|    policy_loss        | 493       |
|    reward             | 909.2984  |
|    std                | 0.305     |
|    value_loss         | 8.89e+06  |
-------------------------------------
EPISODE:  91
------------------------------------
| time/                 |          |
|    fps                | 33       |
|    iterations         | 18000    |
|    time_elapsed       | 2702     |
|    total_timesteps    | 90000    |
| train/                |          |
|    entropy_loss       | -0.431   |
|    explained_variance | 1.79e-07 |
|    learning_rate      | 0.0007   |
|    n_updates          | 17999    |
|    policy_loss        | -102     |
|    reward             | 879.8474 |
|    std                | 0.301    |
|    value_loss         | 8.1e+06  |
------------------------------------
------------------------------------
| time/                 |          |
|    fps                | 33       |
|    iterations         | 18100    |
|    time_elapsed       | 2717     |
|    total_timesteps    | 90500    |
| train/                |          |
|    entropy_loss       | -0.414   |
|    explained_variance | 0        |
|    learning_rate      | 0.0007   |
|    n_updates          | 18099    |
|    policy_loss        | -271     |
|    reward             | 909.2984 |
|    std                | 0.299    |
|    value_loss         | 8.89e+06 |
------------------------------------
EPISODE:  92
-------------------------------------
| time/                 |           |
|    fps                | 33        |
|    iterations         | 18200     |
|    time_elapsed       | 2732      |
|    total_timesteps    | 91000     |
| train/                |           |
|    entropy_loss       | -0.386    |
|    explained_variance | -1.19e-07 |
|    learning_rate      | 0.0007    |
|    n_updates          | 18199     |
|    policy_loss        | -292      |
|    reward             | 879.8474  |
|    std                | 0.295     |
|    value_loss         | 8.1e+06   |
-------------------------------------
------------------------------------
| time/                 |          |
|    fps                | 33       |
|    iterations         | 18300    |
|    time_elapsed       | 2747     |
|    total_timesteps    | 91500    |
| train/                |          |
|    entropy_loss       | -0.375   |
|    explained_variance | 0        |
|    learning_rate      | 0.0007   |
|    n_updates          | 18299    |
|    policy_loss        | 356      |
|    reward             | 909.2984 |
|    std                | 0.293    |
|    value_loss         | 8.89e+06 |
------------------------------------
EPISODE:  93
-------------------------------------
| time/                 |           |
|    fps                | 33        |
|    iterations         | 18400     |
|    time_elapsed       | 2763      |
|    total_timesteps    | 92000     |
| train/                |           |
|    entropy_loss       | -0.357    |
|    explained_variance | -1.19e-07 |
|    learning_rate      | 0.0007    |
|    n_updates          | 18399     |
|    policy_loss        | 2.28e+03  |
|    reward             | 879.8474  |
|    std                | 0.291     |
|    value_loss         | 8.1e+06   |
-------------------------------------
-------------------------------------
| time/                 |           |
|    fps                | 33        |
|    iterations         | 18500     |
|    time_elapsed       | 2778      |
|    total_timesteps    | 92500     |
| train/                |           |
|    entropy_loss       | -0.336    |
|    explained_variance | -1.19e-07 |
|    learning_rate      | 0.0007    |
|    n_updates          | 18499     |
|    policy_loss        | 1.23e+03  |
|    reward             | 909.2984  |
|    std                | 0.288     |
|    value_loss         | 8.88e+06  |
-------------------------------------
EPISODE:  94
-------------------------------------
| time/                 |           |
|    fps                | 33        |
|    iterations         | 18600     |
|    time_elapsed       | 2793      |
|    total_timesteps    | 93000     |
| train/                |           |
|    entropy_loss       | -0.301    |
|    explained_variance | -1.19e-07 |
|    learning_rate      | 0.0007    |
|    n_updates          | 18599     |
|    policy_loss        | 1.14e+03  |
|    reward             | 879.8474  |
|    std                | 0.283     |
|    value_loss         | 8.1e+06   |
-------------------------------------
-------------------------------------
| time/                 |           |
|    fps                | 33        |
|    iterations         | 18700     |
|    time_elapsed       | 2808      |
|    total_timesteps    | 93500     |
| train/                |           |
|    entropy_loss       | -0.294    |
|    explained_variance | -1.19e-07 |
|    learning_rate      | 0.0007    |
|    n_updates          | 18699     |
|    policy_loss        | -514      |
|    reward             | 909.2984  |
|    std                | 0.281     |
|    value_loss         | 8.88e+06  |
-------------------------------------
EPISODE:  95
-------------------------------------
| time/                 |           |
|    fps                | 33        |
|    iterations         | 18800     |
|    time_elapsed       | 2823      |
|    total_timesteps    | 94000     |
| train/                |           |
|    entropy_loss       | -0.279    |
|    explained_variance | -1.19e-07 |
|    learning_rate      | 0.0007    |
|    n_updates          | 18799     |
|    policy_loss        | 433       |
|    reward             | 879.8474  |
|    std                | 0.28      |
|    value_loss         | 8.1e+06   |
-------------------------------------
------------------------------------
| time/                 |          |
|    fps                | 33       |
|    iterations         | 18900    |
|    time_elapsed       | 2838     |
|    total_timesteps    | 94500    |
| train/                |          |
|    entropy_loss       | -0.264   |
|    explained_variance | 0        |
|    learning_rate      | 0.0007   |
|    n_updates          | 18899    |
|    policy_loss        | 1.91e+03 |
|    reward             | 909.2984 |
|    std                | 0.278    |
|    value_loss         | 8.88e+06 |
------------------------------------
EPISODE:  96
------------------------------------
| time/                 |          |
|    fps                | 33       |
|    iterations         | 19000    |
|    time_elapsed       | 2853     |
|    total_timesteps    | 95000    |
| train/                |          |
|    entropy_loss       | -0.243   |
|    explained_variance | 0        |
|    learning_rate      | 0.0007   |
|    n_updates          | 18999    |
|    policy_loss        | 864      |
|    reward             | 879.8474 |
|    std                | 0.275    |
|    value_loss         | 8.09e+06 |
------------------------------------
-------------------------------------
| time/                 |           |
|    fps                | 33        |
|    iterations         | 19100     |
|    time_elapsed       | 2868      |
|    total_timesteps    | 95500     |
| train/                |           |
|    entropy_loss       | -0.221    |
|    explained_variance | -1.19e-07 |
|    learning_rate      | 0.0007    |
|    n_updates          | 19099     |
|    policy_loss        | 211       |
|    reward             | 909.2984  |
|    std                | 0.271     |
|    value_loss         | 8.88e+06  |
-------------------------------------
EPISODE:  97
------------------------------------
| time/                 |          |
|    fps                | 33       |
|    iterations         | 19200    |
|    time_elapsed       | 2883     |
|    total_timesteps    | 96000    |
| train/                |          |
|    entropy_loss       | -0.2     |
|    explained_variance | 0        |
|    learning_rate      | 0.0007   |
|    n_updates          | 19199    |
|    policy_loss        | -968     |
|    reward             | 880.6821 |
|    std                | 0.269    |
|    value_loss         | 8.11e+06 |
------------------------------------
-------------------------------------
| time/                 |           |
|    fps                | 33        |
|    iterations         | 19300     |
|    time_elapsed       | 2898      |
|    total_timesteps    | 96500     |
| train/                |           |
|    entropy_loss       | -0.189    |
|    explained_variance | 5.96e-08  |
|    learning_rate      | 0.0007    |
|    n_updates          | 19299     |
|    policy_loss        | 986       |
|    reward             | 909.41205 |
|    std                | 0.267     |
|    value_loss         | 8.88e+06  |
-------------------------------------
EPISODE:  98
------------------------------------
| time/                 |          |
|    fps                | 33       |
|    iterations         | 19400    |
|    time_elapsed       | 2913     |
|    total_timesteps    | 97000    |
| train/                |          |
|    entropy_loss       | -0.163   |
|    explained_variance | 0        |
|    learning_rate      | 0.0007   |
|    n_updates          | 19399    |
|    policy_loss        | -259     |
|    reward             | 879.9574 |
|    std                | 0.264    |
|    value_loss         | 8.09e+06 |
------------------------------------
-------------------------------------
| time/                 |           |
|    fps                | 33        |
|    iterations         | 19500     |
|    time_elapsed       | 2928      |
|    total_timesteps    | 97500     |
| train/                |           |
|    entropy_loss       | -0.142    |
|    explained_variance | -1.19e-07 |
|    learning_rate      | 0.0007    |
|    n_updates          | 19499     |
|    policy_loss        | -505      |
|    reward             | 909.2984  |
|    std                | 0.261     |
|    value_loss         | 8.88e+06  |
-------------------------------------
EPISODE:  99
------------------------------------
| time/                 |          |
|    fps                | 33       |
|    iterations         | 19600    |
|    time_elapsed       | 2943     |
|    total_timesteps    | 98000    |
| train/                |          |
|    entropy_loss       | -0.117   |
|    explained_variance | 0        |
|    learning_rate      | 0.0007   |
|    n_updates          | 19599    |
|    policy_loss        | 734      |
|    reward             | 879.8474 |
|    std                | 0.258    |
|    value_loss         | 8.09e+06 |
------------------------------------
-------------------------------------
| time/                 |           |
|    fps                | 33        |
|    iterations         | 19700     |
|    time_elapsed       | 2959      |
|    total_timesteps    | 98500     |
| train/                |           |
|    entropy_loss       | -0.117    |
|    explained_variance | -1.19e-07 |
|    learning_rate      | 0.0007    |
|    n_updates          | 19699     |
|    policy_loss        | 138       |
|    reward             | 909.54816 |
|    std                | 0.258     |
|    value_loss         | 8.88e+06  |
-------------------------------------
EPISODE:  100
------------------------------------
| time/                 |          |
|    fps                | 33       |
|    iterations         | 19800    |
|    time_elapsed       | 2974     |
|    total_timesteps    | 99000    |
| train/                |          |
|    entropy_loss       | -0.0846  |
|    explained_variance | 0        |
|    learning_rate      | 0.0007   |
|    n_updates          | 19799    |
|    policy_loss        | 1.79e+03 |
|    reward             | 880.0891 |
|    std                | 0.254    |
|    value_loss         | 8.09e+06 |
------------------------------------
------------------------------------
| time/                 |          |
|    fps                | 33       |
|    iterations         | 19900    |
|    time_elapsed       | 2989     |
|    total_timesteps    | 99500    |
| train/                |          |
|    entropy_loss       | -0.0743  |
|    explained_variance | 0        |
|    learning_rate      | 0.0007   |
|    n_updates          | 19899    |
|    policy_loss        | 2.63e+03 |
|    reward             | 909.2984 |
|    std                | 0.252    |
|    value_loss         | 8.87e+06 |
------------------------------------
EPISODE:  101
------------------------------------
| time/                 |          |
|    fps                | 33       |
|    iterations         | 20000    |
|    time_elapsed       | 3004     |
|    total_timesteps    | 100000   |
| train/                |          |
|    entropy_loss       | -0.0404  |
|    explained_variance | 0        |
|    learning_rate      | 0.0007   |
|    n_updates          | 19999    |
|    policy_loss        | 1.77e+03 |
|    reward             | 879.8474 |
|    std                | 0.248    |
|    value_loss         | 8.09e+06 |
------------------------------------
------------------------------------
| time/                 |          |
|    fps                | 33       |
|    iterations         | 20100    |
|    time_elapsed       | 3018     |
|    total_timesteps    | 100500   |
| train/                |          |
|    entropy_loss       | -0.0352  |
|    explained_variance | 1.79e-07 |
|    learning_rate      | 0.0007   |
|    n_updates          | 20099    |
|    policy_loss        | -399     |
|    reward             | 909.2984 |
|    std                | 0.247    |
|    value_loss         | 8.87e+06 |
------------------------------------
EPISODE:  102
-------------------------------------
| time/                 |           |
|    fps                | 33        |
|    iterations         | 20200     |
|    time_elapsed       | 3034      |
|    total_timesteps    | 101000    |
| train/                |           |
|    entropy_loss       | -0.00338  |
|    explained_variance | 0         |
|    learning_rate      | 0.0007    |
|    n_updates          | 20199     |
|    policy_loss        | -1.19e+03 |
|    reward             | 879.8474  |
|    std                | 0.244     |
|    value_loss         | 8.09e+06  |
-------------------------------------
-------------------------------------
| time/                 |           |
|    fps                | 33        |
|    iterations         | 20300     |
|    time_elapsed       | 3048      |
|    total_timesteps    | 101500    |
| train/                |           |
|    entropy_loss       | 0.0225    |
|    explained_variance | -1.19e-07 |
|    learning_rate      | 0.0007    |
|    n_updates          | 20299     |
|    policy_loss        | -240      |
|    reward             | 909.2984  |
|    std                | 0.241     |
|    value_loss         | 8.87e+06  |
-------------------------------------
EPISODE:  103
------------------------------------
| time/                 |          |
|    fps                | 33       |
|    iterations         | 20400    |
|    time_elapsed       | 3063     |
|    total_timesteps    | 102000   |
| train/                |          |
|    entropy_loss       | 0.0378   |
|    explained_variance | 1.79e-07 |
|    learning_rate      | 0.0007   |
|    n_updates          | 20399    |
|    policy_loss        | -582     |
|    reward             | 879.8474 |
|    std                | 0.239    |
|    value_loss         | 8.08e+06 |
------------------------------------
------------------------------------
| time/                 |          |
|    fps                | 33       |
|    iterations         | 20500    |
|    time_elapsed       | 3078     |
|    total_timesteps    | 102500   |
| train/                |          |
|    entropy_loss       | 0.0707   |
|    explained_variance | 1.79e-07 |
|    learning_rate      | 0.0007   |
|    n_updates          | 20499    |
|    policy_loss        | -677     |
|    reward             | 909.2984 |
|    std                | 0.235    |
|    value_loss         | 8.87e+06 |
------------------------------------
EPISODE:  104
-------------------------------------
| time/                 |           |
|    fps                | 33        |
|    iterations         | 20600     |
|    time_elapsed       | 3093      |
|    total_timesteps    | 103000    |
| train/                |           |
|    entropy_loss       | 0.0928    |
|    explained_variance | -1.19e-07 |
|    learning_rate      | 0.0007    |
|    n_updates          | 20599     |
|    policy_loss        | -24.6     |
|    reward             | 879.8474  |
|    std                | 0.233     |
|    value_loss         | 8.08e+06  |
-------------------------------------
-------------------------------------
| time/                 |           |
|    fps                | 33        |
|    iterations         | 20700     |
|    time_elapsed       | 3108      |
|    total_timesteps    | 103500    |
| train/                |           |
|    entropy_loss       | 0.126     |
|    explained_variance | -1.19e-07 |
|    learning_rate      | 0.0007    |
|    n_updates          | 20699     |
|    policy_loss        | 330       |
|    reward             | 909.70135 |
|    std                | 0.229     |
|    value_loss         | 8.87e+06  |
-------------------------------------
EPISODE:  105
-------------------------------------
| time/                 |           |
|    fps                | 33        |
|    iterations         | 20800     |
|    time_elapsed       | 3123      |
|    total_timesteps    | 104000    |
| train/                |           |
|    entropy_loss       | 0.139     |
|    explained_variance | 0         |
|    learning_rate      | 0.0007    |
|    n_updates          | 20799     |
|    policy_loss        | -1.74e+03 |
|    reward             | 880.58685 |
|    std                | 0.227     |
|    value_loss         | 8.09e+06  |
-------------------------------------
-------------------------------------
| time/                 |           |
|    fps                | 33        |
|    iterations         | 20900     |
|    time_elapsed       | 3138      |
|    total_timesteps    | 104500    |
| train/                |           |
|    entropy_loss       | 0.168     |
|    explained_variance | -1.19e-07 |
|    learning_rate      | 0.0007    |
|    n_updates          | 20899     |
|    policy_loss        | 182       |
|    reward             | 909.2984  |
|    std                | 0.224     |
|    value_loss         | 8.87e+06  |
-------------------------------------
EPISODE:  106
------------------------------------
| time/                 |          |
|    fps                | 33       |
|    iterations         | 21000    |
|    time_elapsed       | 3153     |
|    total_timesteps    | 105000   |
| train/                |          |
|    entropy_loss       | 0.197    |
|    explained_variance | 0        |
|    learning_rate      | 0.0007   |
|    n_updates          | 20999    |
|    policy_loss        | 1.02e+03 |
|    reward             | 879.8474 |
|    std                | 0.221    |
|    value_loss         | 8.08e+06 |
------------------------------------
------------------------------------
| time/                 |          |
|    fps                | 33       |
|    iterations         | 21100    |
|    time_elapsed       | 3168     |
|    total_timesteps    | 105500   |
| train/                |          |
|    entropy_loss       | 0.212    |
|    explained_variance | 0        |
|    learning_rate      | 0.0007   |
|    n_updates          | 21099    |
|    policy_loss        | -150     |
|    reward             | 909.2984 |
|    std                | 0.219    |
|    value_loss         | 8.86e+06 |
------------------------------------
EPISODE:  107
-------------------------------------
| time/                 |           |
|    fps                | 33        |
|    iterations         | 21200     |
|    time_elapsed       | 3183      |
|    total_timesteps    | 106000    |
| train/                |           |
|    entropy_loss       | 0.242     |
|    explained_variance | 5.96e-08  |
|    learning_rate      | 0.0007    |
|    n_updates          | 21199     |
|    policy_loss        | -1.09e+03 |
|    reward             | 879.8474  |
|    std                | 0.216     |
|    value_loss         | 8.08e+06  |
-------------------------------------
-------------------------------------
| time/                 |           |
|    fps                | 33        |
|    iterations         | 21300     |
|    time_elapsed       | 3198      |
|    total_timesteps    | 106500    |
| train/                |           |
|    entropy_loss       | 0.243     |
|    explained_variance | 5.96e-08  |
|    learning_rate      | 0.0007    |
|    n_updates          | 21299     |
|    policy_loss        | -2.53e+03 |
|    reward             | 909.2984  |
|    std                | 0.216     |
|    value_loss         | 8.86e+06  |
-------------------------------------
EPISODE:  108
------------------------------------
| time/                 |          |
|    fps                | 33       |
|    iterations         | 21400    |
|    time_elapsed       | 3213     |
|    total_timesteps    | 107000   |
| train/                |          |
|    entropy_loss       | 0.261    |
|    explained_variance | 5.96e-08 |
|    learning_rate      | 0.0007   |
|    n_updates          | 21399    |
|    policy_loss        | -686     |
|    reward             | 879.8474 |
|    std                | 0.214    |
|    value_loss         | 8.08e+06 |
------------------------------------
-------------------------------------
| time/                 |           |
|    fps                | 33        |
|    iterations         | 21500     |
|    time_elapsed       | 3228      |
|    total_timesteps    | 107500    |
| train/                |           |
|    entropy_loss       | 0.277     |
|    explained_variance | 5.96e-08  |
|    learning_rate      | 0.0007    |
|    n_updates          | 21499     |
|    policy_loss        | -2.06e+03 |
|    reward             | 909.2984  |
|    std                | 0.212     |
|    value_loss         | 8.86e+06  |
-------------------------------------
EPISODE:  109
------------------------------------
| time/                 |          |
|    fps                | 33       |
|    iterations         | 21600    |
|    time_elapsed       | 3243     |
|    total_timesteps    | 108000   |
| train/                |          |
|    entropy_loss       | 0.278    |
|    explained_variance | 1.79e-07 |
|    learning_rate      | 0.0007   |
|    n_updates          | 21599    |
|    policy_loss        | -138     |
|    reward             | 879.8474 |
|    std                | 0.212    |
|    value_loss         | 8.08e+06 |
------------------------------------
------------------------------------
| time/                 |          |
|    fps                | 33       |
|    iterations         | 21700    |
|    time_elapsed       | 3258     |
|    total_timesteps    | 108500   |
| train/                |          |
|    entropy_loss       | 0.3      |
|    explained_variance | 1.79e-07 |
|    learning_rate      | 0.0007   |
|    n_updates          | 21699    |
|    policy_loss        | -352     |
|    reward             | 909.2984 |
|    std                | 0.21     |
|    value_loss         | 8.86e+06 |
------------------------------------
EPISODE:  110
-------------------------------------
| time/                 |           |
|    fps                | 33        |
|    iterations         | 21800     |
|    time_elapsed       | 3273      |
|    total_timesteps    | 109000    |
| train/                |           |
|    entropy_loss       | 0.323     |
|    explained_variance | 0         |
|    learning_rate      | 0.0007    |
|    n_updates          | 21799     |
|    policy_loss        | -2.36e+03 |
|    reward             | 879.8474  |
|    std                | 0.207     |
|    value_loss         | 8.07e+06  |
-------------------------------------
------------------------------------
| time/                 |          |
|    fps                | 33       |
|    iterations         | 21900    |
|    time_elapsed       | 3288     |
|    total_timesteps    | 109500   |
| train/                |          |
|    entropy_loss       | 0.347    |
|    explained_variance | 0        |
|    learning_rate      | 0.0007   |
|    n_updates          | 21899    |
|    policy_loss        | -1.7e+03 |
|    reward             | 909.2984 |
|    std                | 0.205    |
|    value_loss         | 8.86e+06 |
------------------------------------
EPISODE:  111
-------------------------------------
| time/                 |           |
|    fps                | 33        |
|    iterations         | 22000     |
|    time_elapsed       | 3303      |
|    total_timesteps    | 110000    |
| train/                |           |
|    entropy_loss       | 0.384     |
|    explained_variance | 0         |
|    learning_rate      | 0.0007    |
|    n_updates          | 21999     |
|    policy_loss        | -1.59e+03 |
|    reward             | 879.8474  |
|    std                | 0.201     |
|    value_loss         | 8.07e+06  |
-------------------------------------
------------------------------------
| time/                 |          |
|    fps                | 33       |
|    iterations         | 22100    |
|    time_elapsed       | 3318     |
|    total_timesteps    | 110500   |
| train/                |          |
|    entropy_loss       | 0.409    |
|    explained_variance | 0        |
|    learning_rate      | 0.0007   |
|    n_updates          | 22099    |
|    policy_loss        | -2.2e+03 |
|    reward             | 909.2984 |
|    std                | 0.199    |
|    value_loss         | 8.86e+06 |
------------------------------------
EPISODE:  112
-------------------------------------
| time/                 |           |
|    fps                | 33        |
|    iterations         | 22200     |
|    time_elapsed       | 3333      |
|    total_timesteps    | 111000    |
| train/                |           |
|    entropy_loss       | 0.447     |
|    explained_variance | 1.79e-07  |
|    learning_rate      | 0.0007    |
|    n_updates          | 22199     |
|    policy_loss        | -1.88e+03 |
|    reward             | 879.8474  |
|    std                | 0.195     |
|    value_loss         | 8.07e+06  |
-------------------------------------
-------------------------------------
| time/                 |           |
|    fps                | 33        |
|    iterations         | 22300     |
|    time_elapsed       | 3348      |
|    total_timesteps    | 111500    |
| train/                |           |
|    entropy_loss       | 0.47      |
|    explained_variance | 0         |
|    learning_rate      | 0.0007    |
|    n_updates          | 22299     |
|    policy_loss        | -855      |
|    reward             | 911.88544 |
|    std                | 0.193     |
|    value_loss         | 8.91e+06  |
-------------------------------------
EPISODE:  113
------------------------------------
| time/                 |          |
|    fps                | 33       |
|    iterations         | 22400    |
|    time_elapsed       | 3363     |
|    total_timesteps    | 112000   |
| train/                |          |
|    entropy_loss       | 0.489    |
|    explained_variance | 0        |
|    learning_rate      | 0.0007   |
|    n_updates          | 22399    |
|    policy_loss        | 2.39e+03 |
|    reward             | 881.8102 |
|    std                | 0.191    |
|    value_loss         | 8.11e+06 |
------------------------------------
-------------------------------------
| time/                 |           |
|    fps                | 33        |
|    iterations         | 22500     |
|    time_elapsed       | 3378      |
|    total_timesteps    | 112500    |
| train/                |           |
|    entropy_loss       | 0.503     |
|    explained_variance | 0         |
|    learning_rate      | 0.0007    |
|    n_updates          | 22499     |
|    policy_loss        | -1.48e+03 |
|    reward             | 909.2984  |
|    std                | 0.19      |
|    value_loss         | 8.85e+06  |
-------------------------------------
EPISODE:  114
-------------------------------------
| time/                 |           |
|    fps                | 33        |
|    iterations         | 22600     |
|    time_elapsed       | 3393      |
|    total_timesteps    | 113000    |
| train/                |           |
|    entropy_loss       | 0.54      |
|    explained_variance | 5.96e-08  |
|    learning_rate      | 0.0007    |
|    n_updates          | 22599     |
|    policy_loss        | -1.33e+03 |
|    reward             | 879.8474  |
|    std                | 0.186     |
|    value_loss         | 8.07e+06  |
-------------------------------------
-------------------------------------
| time/                 |           |
|    fps                | 33        |
|    iterations         | 22700     |
|    time_elapsed       | 3408      |
|    total_timesteps    | 113500    |
| train/                |           |
|    entropy_loss       | 0.56      |
|    explained_variance | 0         |
|    learning_rate      | 0.0007    |
|    n_updates          | 22699     |
|    policy_loss        | -1.76e+03 |
|    reward             | 910.89795 |
|    std                | 0.184     |
|    value_loss         | 8.88e+06  |
-------------------------------------
EPISODE:  115
-------------------------------------
| time/                 |           |
|    fps                | 33        |
|    iterations         | 22800     |
|    time_elapsed       | 3423      |
|    total_timesteps    | 114000    |
| train/                |           |
|    entropy_loss       | 0.597     |
|    explained_variance | 1.79e-07  |
|    learning_rate      | 0.0007    |
|    n_updates          | 22799     |
|    policy_loss        | -2.43e+03 |
|    reward             | 881.39514 |
|    std                | 0.181     |
|    value_loss         | 8.09e+06  |
-------------------------------------
-------------------------------------
| time/                 |           |
|    fps                | 33        |
|    iterations         | 22900     |
|    time_elapsed       | 3438      |
|    total_timesteps    | 114500    |
| train/                |           |
|    entropy_loss       | 0.624     |
|    explained_variance | 5.96e-08  |
|    learning_rate      | 0.0007    |
|    n_updates          | 22899     |
|    policy_loss        | -1.45e+03 |
|    reward             | 909.2984  |
|    std                | 0.178     |
|    value_loss         | 8.85e+06  |
-------------------------------------
EPISODE:  116
------------------------------------
| time/                 |          |
|    fps                | 33       |
|    iterations         | 23000    |
|    time_elapsed       | 3452     |
|    total_timesteps    | 115000   |
| train/                |          |
|    entropy_loss       | 0.632    |
|    explained_variance | 0        |
|    learning_rate      | 0.0007   |
|    n_updates          | 22999    |
|    policy_loss        | -281     |
|    reward             | 881.0437 |
|    std                | 0.178    |
|    value_loss         | 8.09e+06 |
------------------------------------
-------------------------------------
| time/                 |           |
|    fps                | 33        |
|    iterations         | 23100     |
|    time_elapsed       | 3467      |
|    total_timesteps    | 115500    |
| train/                |           |
|    entropy_loss       | 0.645     |
|    explained_variance | 0         |
|    learning_rate      | 0.0007    |
|    n_updates          | 23099     |
|    policy_loss        | -1.42e+03 |
|    reward             | 909.19965 |
|    std                | 0.176     |
|    value_loss         | 8.85e+06  |
-------------------------------------
EPISODE:  117
-------------------------------------
| time/                 |           |
|    fps                | 33        |
|    iterations         | 23200     |
|    time_elapsed       | 3482      |
|    total_timesteps    | 116000    |
| train/                |           |
|    entropy_loss       | 0.675     |
|    explained_variance | 0         |
|    learning_rate      | 0.0007    |
|    n_updates          | 23199     |
|    policy_loss        | -1.53e+03 |
|    reward             | 879.7519  |
|    std                | 0.174     |
|    value_loss         | 8.06e+06  |
-------------------------------------
-------------------------------------
| time/                 |           |
|    fps                | 33        |
|    iterations         | 23300     |
|    time_elapsed       | 3497      |
|    total_timesteps    | 116500    |
| train/                |           |
|    entropy_loss       | 0.702     |
|    explained_variance | 5.96e-08  |
|    learning_rate      | 0.0007    |
|    n_updates          | 23299     |
|    policy_loss        | -1.07e+03 |
|    reward             | 909.2984  |
|    std                | 0.171     |
|    value_loss         | 8.85e+06  |
-------------------------------------
EPISODE:  118
------------------------------------
| time/                 |          |
|    fps                | 33       |
|    iterations         | 23400    |
|    time_elapsed       | 3512     |
|    total_timesteps    | 117000   |
| train/                |          |
|    entropy_loss       | 0.706    |
|    explained_variance | 1.79e-07 |
|    learning_rate      | 0.0007   |
|    n_updates          | 23399    |
|    policy_loss        | -313     |
|    reward             | 879.8474 |
|    std                | 0.171    |
|    value_loss         | 8.06e+06 |
------------------------------------
-------------------------------------
| time/                 |           |
|    fps                | 33        |
|    iterations         | 23500     |
|    time_elapsed       | 3527      |
|    total_timesteps    | 117500    |
| train/                |           |
|    entropy_loss       | 0.724     |
|    explained_variance | -1.19e-07 |
|    learning_rate      | 0.0007    |
|    n_updates          | 23499     |
|    policy_loss        | -2.79e+03 |
|    reward             | 909.2984  |
|    std                | 0.17      |
|    value_loss         | 8.84e+06  |
-------------------------------------
EPISODE:  119
-------------------------------------
| time/                 |           |
|    fps                | 33        |
|    iterations         | 23600     |
|    time_elapsed       | 3543      |
|    total_timesteps    | 118000    |
| train/                |           |
|    entropy_loss       | 0.755     |
|    explained_variance | -1.19e-07 |
|    learning_rate      | 0.0007    |
|    n_updates          | 23599     |
|    policy_loss        | 990       |
|    reward             | 877.66907 |
|    std                | 0.167     |
|    value_loss         | 8.03e+06  |
-------------------------------------
-------------------------------------
| time/                 |           |
|    fps                | 33        |
|    iterations         | 23700     |
|    time_elapsed       | 3558      |
|    total_timesteps    | 118500    |
| train/                |           |
|    entropy_loss       | 0.77      |
|    explained_variance | 0         |
|    learning_rate      | 0.0007    |
|    n_updates          | 23699     |
|    policy_loss        | -2.46e+03 |
|    reward             | 905.4372  |
|    std                | 0.166     |
|    value_loss         | 8.79e+06  |
-------------------------------------
EPISODE:  120
-------------------------------------
| time/                 |           |
|    fps                | 33        |
|    iterations         | 23800     |
|    time_elapsed       | 3573      |
|    total_timesteps    | 119000    |
| train/                |           |
|    entropy_loss       | 0.787     |
|    explained_variance | -1.19e-07 |
|    learning_rate      | 0.0007    |
|    n_updates          | 23799     |
|    policy_loss        | -2.57e+03 |
|    reward             | 885.28015 |
|    std                | 0.164     |
|    value_loss         | 8.16e+06  |
-------------------------------------
-------------------------------------
| time/                 |           |
|    fps                | 33        |
|    iterations         | 23900     |
|    time_elapsed       | 3588      |
|    total_timesteps    | 119500    |
| train/                |           |
|    entropy_loss       | 0.805     |
|    explained_variance | 0         |
|    learning_rate      | 0.0007    |
|    n_updates          | 23899     |
|    policy_loss        | -3.4e+03  |
|    reward             | 832.02057 |
|    std                | 0.163     |
|    value_loss         | 7.56e+06  |
-------------------------------------
EPISODE:  121
-------------------------------------
| time/                 |           |
|    fps                | 33        |
|    iterations         | 24000     |
|    time_elapsed       | 3603      |
|    total_timesteps    | 120000    |
| train/                |           |
|    entropy_loss       | 0.819     |
|    explained_variance | -1.19e-07 |
|    learning_rate      | 0.0007    |
|    n_updates          | 23999     |
|    policy_loss        | -2.28e+03 |
|    reward             | 774.0369  |
|    std                | 0.162     |
|    value_loss         | 6.22e+06  |
-------------------------------------
-------------------------------------
| time/                 |           |
|    fps                | 33        |
|    iterations         | 24100     |
|    time_elapsed       | 3618      |
|    total_timesteps    | 120500    |
| train/                |           |
|    entropy_loss       | 0.842     |
|    explained_variance | -2.38e-07 |
|    learning_rate      | 0.0007    |
|    n_updates          | 24099     |
|    policy_loss        | -3.69e+03 |
|    reward             | 825.54816 |
|    std                | 0.16      |
|    value_loss         | 7.44e+06  |
-------------------------------------
EPISODE:  122
-------------------------------------
| time/                 |           |
|    fps                | 33        |
|    iterations         | 24200     |
|    time_elapsed       | 3633      |
|    total_timesteps    | 121000    |
| train/                |           |
|    entropy_loss       | 0.872     |
|    explained_variance | -1.19e-07 |
|    learning_rate      | 0.0007    |
|    n_updates          | 24199     |
|    policy_loss        | -2.71e+03 |
|    reward             | 766.81525 |
|    std                | 0.157     |
|    value_loss         | 6.1e+06   |
-------------------------------------
-------------------------------------
| time/                 |           |
|    fps                | 33        |
|    iterations         | 24300     |
|    time_elapsed       | 3648      |
|    total_timesteps    | 121500    |
| train/                |           |
|    entropy_loss       | 0.885     |
|    explained_variance | 0         |
|    learning_rate      | 0.0007    |
|    n_updates          | 24299     |
|    policy_loss        | -2.99e+03 |
|    reward             | 830.5962  |
|    std                | 0.156     |
|    value_loss         | 7.47e+06  |
-------------------------------------
EPISODE:  123
-------------------------------------
| time/                 |           |
|    fps                | 33        |
|    iterations         | 24400     |
|    time_elapsed       | 3663      |
|    total_timesteps    | 122000    |
| train/                |           |
|    entropy_loss       | 0.915     |
|    explained_variance | -1.19e-07 |
|    learning_rate      | 0.0007    |
|    n_updates          | 24399     |
|    policy_loss        | -1.82e+03 |
|    reward             | 765.4389  |
|    std                | 0.154     |
|    value_loss         | 6.08e+06  |
-------------------------------------
-------------------------------------
| time/                 |           |
|    fps                | 33        |
|    iterations         | 24500     |
|    time_elapsed       | 3678      |
|    total_timesteps    | 122500    |
| train/                |           |
|    entropy_loss       | 0.933     |
|    explained_variance | 1.79e-07  |
|    learning_rate      | 0.0007    |
|    n_updates          | 24499     |
|    policy_loss        | -1.54e+03 |
|    reward             | 892.35724 |
|    std                | 0.153     |
|    value_loss         | 8.51e+06  |
-------------------------------------
EPISODE:  124
-------------------------------------
| time/                 |           |
|    fps                | 33        |
|    iterations         | 24600     |
|    time_elapsed       | 3693      |
|    total_timesteps    | 123000    |
| train/                |           |
|    entropy_loss       | 0.962     |
|    explained_variance | -1.19e-07 |
|    learning_rate      | 0.0007    |
|    n_updates          | 24599     |
|    policy_loss        | -1.89e+03 |
|    reward             | 853.7189  |
|    std                | 0.151     |
|    value_loss         | 7.58e+06  |
-------------------------------------
------------------------------------
| time/                 |          |
|    fps                | 33       |
|    iterations         | 24700    |
|    time_elapsed       | 3709     |
|    total_timesteps    | 123500   |
| train/                |          |
|    entropy_loss       | 0.99     |
|    explained_variance | 0        |
|    learning_rate      | 0.0007   |
|    n_updates          | 24699    |
|    policy_loss        | -3e+03   |
|    reward             | 909.0991 |
|    std                | 0.149    |
|    value_loss         | 8.83e+06 |
------------------------------------
EPISODE:  125
-------------------------------------
| time/                 |           |
|    fps                | 33        |
|    iterations         | 24800     |
|    time_elapsed       | 3724      |
|    total_timesteps    | 124000    |
| train/                |           |
|    entropy_loss       | 1         |
|    explained_variance | -1.19e-07 |
|    learning_rate      | 0.0007    |
|    n_updates          | 24799     |
|    policy_loss        | -3.16e+03 |
|    reward             | 876.63214 |
|    std                | 0.148     |
|    value_loss         | 7.99e+06  |
-------------------------------------
-------------------------------------
| time/                 |           |
|    fps                | 33        |
|    iterations         | 24900     |
|    time_elapsed       | 3739      |
|    total_timesteps    | 124500    |
| train/                |           |
|    entropy_loss       | 1.02      |
|    explained_variance | 0         |
|    learning_rate      | 0.0007    |
|    n_updates          | 24899     |
|    policy_loss        | -2.63e+03 |
|    reward             | 909.2984  |
|    std                | 0.146     |
|    value_loss         | 8.83e+06  |
-------------------------------------
EPISODE:  126
-------------------------------------
| time/                 |           |
|    fps                | 33        |
|    iterations         | 25000     |
|    time_elapsed       | 3754      |
|    total_timesteps    | 125000    |
| train/                |           |
|    entropy_loss       | 1.05      |
|    explained_variance | 0         |
|    learning_rate      | 0.0007    |
|    n_updates          | 24999     |
|    policy_loss        | -1.47e+03 |
|    reward             | 879.8474  |
|    std                | 0.144     |
|    value_loss         | 8.05e+06  |
-------------------------------------
-------------------------------------
| time/                 |           |
|    fps                | 33        |
|    iterations         | 25100     |
|    time_elapsed       | 3769      |
|    total_timesteps    | 125500    |
| train/                |           |
|    entropy_loss       | 1.07      |
|    explained_variance | 0         |
|    learning_rate      | 0.0007    |
|    n_updates          | 25099     |
|    policy_loss        | -2.72e+03 |
|    reward             | 909.2984  |
|    std                | 0.142     |
|    value_loss         | 8.83e+06  |
-------------------------------------
EPISODE:  127
-------------------------------------
| time/                 |           |
|    fps                | 33        |
|    iterations         | 25200     |
|    time_elapsed       | 3784      |
|    total_timesteps    | 126000    |
| train/                |           |
|    entropy_loss       | 1.09      |
|    explained_variance | 0         |
|    learning_rate      | 0.0007    |
|    n_updates          | 25199     |
|    policy_loss        | -2.24e+03 |
|    reward             | 879.8474  |
|    std                | 0.142     |
|    value_loss         | 8.05e+06  |
-------------------------------------
------------------------------------
| time/                 |          |
|    fps                | 33       |
|    iterations         | 25300    |
|    time_elapsed       | 3799     |
|    total_timesteps    | 126500   |
| train/                |          |
|    entropy_loss       | 1.12     |
|    explained_variance | 0        |
|    learning_rate      | 0.0007   |
|    n_updates          | 25299    |
|    policy_loss        | -3.6e+03 |
|    reward             | 909.2984 |
|    std                | 0.139    |
|    value_loss         | 8.83e+06 |
------------------------------------
EPISODE:  128
------------------------------------
| time/                 |          |
|    fps                | 33       |
|    iterations         | 25400    |
|    time_elapsed       | 3814     |
|    total_timesteps    | 127000   |
| train/                |          |
|    entropy_loss       | 1.14     |
|    explained_variance | 0        |
|    learning_rate      | 0.0007   |
|    n_updates          | 25399    |
|    policy_loss        | -48.2    |
|    reward             | 880.2553 |
|    std                | 0.138    |
|    value_loss         | 8.05e+06 |
------------------------------------
-------------------------------------
| time/                 |           |
|    fps                | 33        |
|    iterations         | 25500     |
|    time_elapsed       | 3829      |
|    total_timesteps    | 127500    |
| train/                |           |
|    entropy_loss       | 1.16      |
|    explained_variance | 0         |
|    learning_rate      | 0.0007    |
|    n_updates          | 25499     |
|    policy_loss        | -5.09e+03 |
|    reward             | 909.11365 |
|    std                | 0.136     |
|    value_loss         | 8.83e+06  |
-------------------------------------
EPISODE:  129
-------------------------------------
| time/                 |           |
|    fps                | 33        |
|    iterations         | 25600     |
|    time_elapsed       | 3844      |
|    total_timesteps    | 128000    |
| train/                |           |
|    entropy_loss       | 1.17      |
|    explained_variance | -1.19e-07 |
|    learning_rate      | 0.0007    |
|    n_updates          | 25599     |
|    policy_loss        | -3.67e+03 |
|    reward             | 879.6687  |
|    std                | 0.136     |
|    value_loss         | 8.04e+06  |
-------------------------------------
-------------------------------------
| time/                 |           |
|    fps                | 33        |
|    iterations         | 25700     |
|    time_elapsed       | 3859      |
|    total_timesteps    | 128500    |
| train/                |           |
|    entropy_loss       | 1.2       |
|    explained_variance | -1.19e-07 |
|    learning_rate      | 0.0007    |
|    n_updates          | 25699     |
|    policy_loss        | -3.41e+03 |
|    reward             | 909.2984  |
|    std                | 0.134     |
|    value_loss         | 8.83e+06  |
-------------------------------------
EPISODE:  130
-------------------------------------
| time/                 |           |
|    fps                | 33        |
|    iterations         | 25800     |
|    time_elapsed       | 3875      |
|    total_timesteps    | 129000    |
| train/                |           |
|    entropy_loss       | 1.22      |
|    explained_variance | 0         |
|    learning_rate      | 0.0007    |
|    n_updates          | 25799     |
|    policy_loss        | -3.01e+03 |
|    reward             | 879.8474  |
|    std                | 0.132     |
|    value_loss         | 8.04e+06  |
-------------------------------------
-------------------------------------
| time/                 |           |
|    fps                | 33        |
|    iterations         | 25900     |
|    time_elapsed       | 3890      |
|    total_timesteps    | 129500    |
| train/                |           |
|    entropy_loss       | 1.23      |
|    explained_variance | -1.19e-07 |
|    learning_rate      | 0.0007    |
|    n_updates          | 25899     |
|    policy_loss        | -4.49e+03 |
|    reward             | 909.2984  |
|    std                | 0.131     |
|    value_loss         | 8.83e+06  |
-------------------------------------
EPISODE:  131
------------------------------------
| time/                 |          |
|    fps                | 33       |
|    iterations         | 26000    |
|    time_elapsed       | 3905     |
|    total_timesteps    | 130000   |
| train/                |          |
|    entropy_loss       | 1.24     |
|    explained_variance | 0        |
|    learning_rate      | 0.0007   |
|    n_updates          | 25999    |
|    policy_loss        | -3.8e+03 |
|    reward             | 879.8474 |
|    std                | 0.131    |
|    value_loss         | 8.04e+06 |
------------------------------------
-------------------------------------
| time/                 |           |
|    fps                | 33        |
|    iterations         | 26100     |
|    time_elapsed       | 3920      |
|    total_timesteps    | 130500    |
| train/                |           |
|    entropy_loss       | 1.27      |
|    explained_variance | 0         |
|    learning_rate      | 0.0007    |
|    n_updates          | 26099     |
|    policy_loss        | -3.75e+03 |
|    reward             | 909.2984  |
|    std                | 0.129     |
|    value_loss         | 8.83e+06  |
-------------------------------------
EPISODE:  132
-------------------------------------
| time/                 |           |
|    fps                | 33        |
|    iterations         | 26200     |
|    time_elapsed       | 3935      |
|    total_timesteps    | 131000    |
| train/                |           |
|    entropy_loss       | 1.3       |
|    explained_variance | 0         |
|    learning_rate      | 0.0007    |
|    n_updates          | 26199     |
|    policy_loss        | -4.93e+03 |
|    reward             | 879.8474  |
|    std                | 0.127     |
|    value_loss         | 8.04e+06  |
-------------------------------------
-------------------------------------
| time/                 |           |
|    fps                | 33        |
|    iterations         | 26300     |
|    time_elapsed       | 3950      |
|    total_timesteps    | 131500    |
| train/                |           |
|    entropy_loss       | 1.34      |
|    explained_variance | 5.96e-08  |
|    learning_rate      | 0.0007    |
|    n_updates          | 26299     |
|    policy_loss        | -4.83e+03 |
|    reward             | 909.2984  |
|    std                | 0.125     |
|    value_loss         | 8.82e+06  |
-------------------------------------
EPISODE:  133
-------------------------------------
| time/                 |           |
|    fps                | 33        |
|    iterations         | 26400     |
|    time_elapsed       | 3965      |
|    total_timesteps    | 132000    |
| train/                |           |
|    entropy_loss       | 1.36      |
|    explained_variance | -1.19e-07 |
|    learning_rate      | 0.0007    |
|    n_updates          | 26399     |
|    policy_loss        | -1.22e+03 |
|    reward             | 879.8474  |
|    std                | 0.123     |
|    value_loss         | 8.04e+06  |
-------------------------------------
-------------------------------------
| time/                 |           |
|    fps                | 33        |
|    iterations         | 26500     |
|    time_elapsed       | 3980      |
|    total_timesteps    | 132500    |
| train/                |           |
|    entropy_loss       | 1.39      |
|    explained_variance | -1.19e-07 |
|    learning_rate      | 0.0007    |
|    n_updates          | 26499     |
|    policy_loss        | -3.22e+03 |
|    reward             | 909.2984  |
|    std                | 0.121     |
|    value_loss         | 8.82e+06  |
-------------------------------------
EPISODE:  134
-------------------------------------
| time/                 |           |
|    fps                | 33        |
|    iterations         | 26600     |
|    time_elapsed       | 3995      |
|    total_timesteps    | 133000    |
| train/                |           |
|    entropy_loss       | 1.42      |
|    explained_variance | -1.19e-07 |
|    learning_rate      | 0.0007    |
|    n_updates          | 26599     |
|    policy_loss        | -4.11e+03 |
|    reward             | 879.8474  |
|    std                | 0.12      |
|    value_loss         | 8.04e+06  |
-------------------------------------
-------------------------------------
| time/                 |           |
|    fps                | 33        |
|    iterations         | 26700     |
|    time_elapsed       | 4010      |
|    total_timesteps    | 133500    |
| train/                |           |
|    entropy_loss       | 1.45      |
|    explained_variance | 1.79e-07  |
|    learning_rate      | 0.0007    |
|    n_updates          | 26699     |
|    policy_loss        | -2.67e+03 |
|    reward             | 909.2984  |
|    std                | 0.118     |
|    value_loss         | 8.82e+06  |
-------------------------------------
EPISODE:  135
-------------------------------------
| time/                 |           |
|    fps                | 33        |
|    iterations         | 26800     |
|    time_elapsed       | 4025      |
|    total_timesteps    | 134000    |
| train/                |           |
|    entropy_loss       | 1.47      |
|    explained_variance | 0         |
|    learning_rate      | 0.0007    |
|    n_updates          | 26799     |
|    policy_loss        | -3.58e+03 |
|    reward             | 879.8474  |
|    std                | 0.117     |
|    value_loss         | 8.04e+06  |
-------------------------------------
-------------------------------------
| time/                 |           |
|    fps                | 33        |
|    iterations         | 26900     |
|    time_elapsed       | 4040      |
|    total_timesteps    | 134500    |
| train/                |           |
|    entropy_loss       | 1.49      |
|    explained_variance | 0         |
|    learning_rate      | 0.0007    |
|    n_updates          | 26899     |
|    policy_loss        | -4.11e+03 |
|    reward             | 909.2984  |
|    std                | 0.115     |
|    value_loss         | 8.82e+06  |
-------------------------------------
EPISODE:  136
-------------------------------------
| time/                 |           |
|    fps                | 33        |
|    iterations         | 27000     |
|    time_elapsed       | 4055      |
|    total_timesteps    | 135000    |
| train/                |           |
|    entropy_loss       | 1.51      |
|    explained_variance | -1.19e-07 |
|    learning_rate      | 0.0007    |
|    n_updates          | 26999     |
|    policy_loss        | -5.21e+03 |
|    reward             | 879.8474  |
|    std                | 0.114     |
|    value_loss         | 8.04e+06  |
-------------------------------------
-------------------------------------
| time/                 |           |
|    fps                | 33        |
|    iterations         | 27100     |
|    time_elapsed       | 4070      |
|    total_timesteps    | 135500    |
| train/                |           |
|    entropy_loss       | 1.53      |
|    explained_variance | -1.19e-07 |
|    learning_rate      | 0.0007    |
|    n_updates          | 27099     |
|    policy_loss        | -5.19e+03 |
|    reward             | 909.2984  |
|    std                | 0.113     |
|    value_loss         | 8.82e+06  |
-------------------------------------
EPISODE:  137
-------------------------------------
| time/                 |           |
|    fps                | 33        |
|    iterations         | 27200     |
|    time_elapsed       | 4085      |
|    total_timesteps    | 136000    |
| train/                |           |
|    entropy_loss       | 1.56      |
|    explained_variance | 1.79e-07  |
|    learning_rate      | 0.0007    |
|    n_updates          | 27199     |
|    policy_loss        | -3.71e+03 |
|    reward             | 879.95465 |
|    std                | 0.112     |
|    value_loss         | 8.04e+06  |
-------------------------------------
-------------------------------------
| time/                 |           |
|    fps                | 33        |
|    iterations         | 27300     |
|    time_elapsed       | 4100      |
|    total_timesteps    | 136500    |
| train/                |           |
|    entropy_loss       | 1.56      |
|    explained_variance | 0         |
|    learning_rate      | 0.0007    |
|    n_updates          | 27299     |
|    policy_loss        | -4.89e+03 |
|    reward             | 909.3843  |
|    std                | 0.112     |
|    value_loss         | 8.82e+06  |
-------------------------------------
EPISODE:  138
-------------------------------------
| time/                 |           |
|    fps                | 33        |
|    iterations         | 27400     |
|    time_elapsed       | 4115      |
|    total_timesteps    | 137000    |
| train/                |           |
|    entropy_loss       | 1.57      |
|    explained_variance | -1.19e-07 |
|    learning_rate      | 0.0007    |
|    n_updates          | 27399     |
|    policy_loss        | -2.39e+03 |
|    reward             | 879.92053 |
|    std                | 0.111     |
|    value_loss         | 8.03e+06  |
-------------------------------------
-------------------------------------
| time/                 |           |
|    fps                | 33        |
|    iterations         | 27500     |
|    time_elapsed       | 4130      |
|    total_timesteps    | 137500    |
| train/                |           |
|    entropy_loss       | 1.59      |
|    explained_variance | 0         |
|    learning_rate      | 0.0007    |
|    n_updates          | 27499     |
|    policy_loss        | -3.04e+03 |
|    reward             | 909.2984  |
|    std                | 0.11      |
|    value_loss         | 8.81e+06  |
-------------------------------------
EPISODE:  139
-------------------------------------
| time/                 |           |
|    fps                | 33        |
|    iterations         | 27600     |
|    time_elapsed       | 4145      |
|    total_timesteps    | 138000    |
| train/                |           |
|    entropy_loss       | 1.61      |
|    explained_variance | 0         |
|    learning_rate      | 0.0007    |
|    n_updates          | 27599     |
|    policy_loss        | -5.03e+03 |
|    reward             | 886.4916  |
|    std                | 0.109     |
|    value_loss         | 8.19e+06  |
-------------------------------------
-------------------------------------
| time/                 |           |
|    fps                | 33        |
|    iterations         | 27700     |
|    time_elapsed       | 4160      |
|    total_timesteps    | 138500    |
| train/                |           |
|    entropy_loss       | 1.64      |
|    explained_variance | 5.96e-08  |
|    learning_rate      | 0.0007    |
|    n_updates          | 27699     |
|    policy_loss        | -5.21e+03 |
|    reward             | 883.955   |
|    std                | 0.108     |
|    value_loss         | 8.41e+06  |
-------------------------------------
EPISODE:  140
-------------------------------------
| time/                 |           |
|    fps                | 33        |
|    iterations         | 27800     |
|    time_elapsed       | 4175      |
|    total_timesteps    | 139000    |
| train/                |           |
|    entropy_loss       | 1.66      |
|    explained_variance | 0         |
|    learning_rate      | 0.0007    |
|    n_updates          | 27799     |
|    policy_loss        | -4.14e+03 |
|    reward             | 836.7459  |
|    std                | 0.107     |
|    value_loss         | 7.25e+06  |
-------------------------------------
-------------------------------------
| time/                 |           |
|    fps                | 33        |
|    iterations         | 27900     |
|    time_elapsed       | 4191      |
|    total_timesteps    | 139500    |
| train/                |           |
|    entropy_loss       | 1.68      |
|    explained_variance | 0         |
|    learning_rate      | 0.0007    |
|    n_updates          | 27899     |
|    policy_loss        | -5.03e+03 |
|    reward             | 892.9441  |
|    std                | 0.106     |
|    value_loss         | 8.54e+06  |
-------------------------------------
EPISODE:  141
-------------------------------------
| time/                 |           |
|    fps                | 33        |
|    iterations         | 28000     |
|    time_elapsed       | 4206      |
|    total_timesteps    | 140000    |
| train/                |           |
|    entropy_loss       | 1.68      |
|    explained_variance | 5.96e-08  |
|    learning_rate      | 0.0007    |
|    n_updates          | 27999     |
|    policy_loss        | -838      |
|    reward             | 870.18085 |
|    std                | 0.105     |
|    value_loss         | 7.84e+06  |
-------------------------------------
-------------------------------------
| time/                 |           |
|    fps                | 33        |
|    iterations         | 28100     |
|    time_elapsed       | 4221      |
|    total_timesteps    | 140500    |
| train/                |           |
|    entropy_loss       | 1.71      |
|    explained_variance | 0         |
|    learning_rate      | 0.0007    |
|    n_updates          | 28099     |
|    policy_loss        | -6.09e+03 |
|    reward             | 871.6874  |
|    std                | 0.104     |
|    value_loss         | 8.2e+06   |
-------------------------------------
EPISODE:  142
-------------------------------------
| time/                 |           |
|    fps                | 33        |
|    iterations         | 28200     |
|    time_elapsed       | 4236      |
|    total_timesteps    | 141000    |
| train/                |           |
|    entropy_loss       | 1.74      |
|    explained_variance | 0         |
|    learning_rate      | 0.0007    |
|    n_updates          | 28199     |
|    policy_loss        | -3.09e+03 |
|    reward             | 812.68097 |
|    std                | 0.102     |
|    value_loss         | 6.82e+06  |
-------------------------------------
------------------------------------
| time/                 |          |
|    fps                | 33       |
|    iterations         | 28300    |
|    time_elapsed       | 4250     |
|    total_timesteps    | 141500   |
| train/                |          |
|    entropy_loss       | 1.78     |
|    explained_variance | 0        |
|    learning_rate      | 0.0007   |
|    n_updates          | 28299    |
|    policy_loss        | -4.7e+03 |
|    reward             | 866.7659 |
|    std                | 0.1      |
|    value_loss         | 8.06e+06 |
------------------------------------
EPISODE:  143
------------------------------------
| time/                 |          |
|    fps                | 33       |
|    iterations         | 28400    |
|    time_elapsed       | 4265     |
|    total_timesteps    | 142000   |
| train/                |          |
|    entropy_loss       | 1.8      |
|    explained_variance | 1.19e-07 |
|    learning_rate      | 0.0007   |
|    n_updates          | 28399    |
|    policy_loss        | -326     |
|    reward             | 823.5747 |
|    std                | 0.0992   |
|    value_loss         | 6.99e+06 |
------------------------------------
-------------------------------------
| time/                 |           |
|    fps                | 33        |
|    iterations         | 28500     |
|    time_elapsed       | 4280      |
|    total_timesteps    | 142500    |
| train/                |           |
|    entropy_loss       | 1.83      |
|    explained_variance | 0         |
|    learning_rate      | 0.0007    |
|    n_updates          | 28499     |
|    policy_loss        | -2.91e+03 |
|    reward             | 862.821   |
|    std                | 0.0977    |
|    value_loss         | 7.97e+06  |
-------------------------------------
EPISODE:  144
-------------------------------------
| time/                 |           |
|    fps                | 33        |
|    iterations         | 28600     |
|    time_elapsed       | 4296      |
|    total_timesteps    | 143000    |
| train/                |           |
|    entropy_loss       | 1.85      |
|    explained_variance | 1.19e-07  |
|    learning_rate      | 0.0007    |
|    n_updates          | 28599     |
|    policy_loss        | -5.1e+03  |
|    reward             | 807.38135 |
|    std                | 0.0966    |
|    value_loss         | 6.75e+06  |
-------------------------------------
-------------------------------------
| time/                 |           |
|    fps                | 33        |
|    iterations         | 28700     |
|    time_elapsed       | 4311      |
|    total_timesteps    | 143500    |
| train/                |           |
|    entropy_loss       | 1.87      |
|    explained_variance | 1.79e-07  |
|    learning_rate      | 0.0007    |
|    n_updates          | 28699     |
|    policy_loss        | -6.11e+03 |
|    reward             | 901.43646 |
|    std                | 0.0955    |
|    value_loss         | 8.66e+06  |
-------------------------------------
EPISODE:  145
-------------------------------------
| time/                 |           |
|    fps                | 33        |
|    iterations         | 28800     |
|    time_elapsed       | 4325      |
|    total_timesteps    | 144000    |
| train/                |           |
|    entropy_loss       | 1.89      |
|    explained_variance | 1.19e-07  |
|    learning_rate      | 0.0007    |
|    n_updates          | 28799     |
|    policy_loss        | -5.35e+03 |
|    reward             | 864.41876 |
|    std                | 0.0946    |
|    value_loss         | 7.74e+06  |
-------------------------------------
-------------------------------------
| time/                 |           |
|    fps                | 33        |
|    iterations         | 28900     |
|    time_elapsed       | 4340      |
|    total_timesteps    | 144500    |
| train/                |           |
|    entropy_loss       | 1.94      |
|    explained_variance | -1.19e-07 |
|    learning_rate      | 0.0007    |
|    n_updates          | 28899     |
|    policy_loss        | -4.62e+03 |
|    reward             | 903.65356 |
|    std                | 0.0924    |
|    value_loss         | 8.79e+06  |
-------------------------------------
EPISODE:  146
-------------------------------------
| time/                 |           |
|    fps                | 33        |
|    iterations         | 29000     |
|    time_elapsed       | 4356      |
|    total_timesteps    | 145000    |
| train/                |           |
|    entropy_loss       | 1.96      |
|    explained_variance | 1.19e-07  |
|    learning_rate      | 0.0007    |
|    n_updates          | 28999     |
|    policy_loss        | -5.28e+03 |
|    reward             | 864.2026  |
|    std                | 0.0912    |
|    value_loss         | 7.75e+06  |
-------------------------------------
-------------------------------------
| time/                 |           |
|    fps                | 33        |
|    iterations         | 29100     |
|    time_elapsed       | 4371      |
|    total_timesteps    | 145500    |
| train/                |           |
|    entropy_loss       | 1.99      |
|    explained_variance | -1.19e-07 |
|    learning_rate      | 0.0007    |
|    n_updates          | 29099     |
|    policy_loss        | -6.1e+03  |
|    reward             | 900.20233 |
|    std                | 0.0902    |
|    value_loss         | 8.62e+06  |
-------------------------------------
EPISODE:  147
-------------------------------------
| time/                 |           |
|    fps                | 33        |
|    iterations         | 29200     |
|    time_elapsed       | 4386      |
|    total_timesteps    | 146000    |
| train/                |           |
|    entropy_loss       | 2         |
|    explained_variance | 0         |
|    learning_rate      | 0.0007    |
|    n_updates          | 29199     |
|    policy_loss        | -4.98e+03 |
|    reward             | 868.75507 |
|    std                | 0.0897    |
|    value_loss         | 7.81e+06  |
-------------------------------------
-------------------------------------
| time/                 |           |
|    fps                | 33        |
|    iterations         | 29300     |
|    time_elapsed       | 4401      |
|    total_timesteps    | 146500    |
| train/                |           |
|    entropy_loss       | 2.02      |
|    explained_variance | 5.96e-08  |
|    learning_rate      | 0.0007    |
|    n_updates          | 29299     |
|    policy_loss        | -7.27e+03 |
|    reward             | 871.3522  |
|    std                | 0.0886    |
|    value_loss         | 8.12e+06  |
-------------------------------------
EPISODE:  148
-------------------------------------
| time/                 |           |
|    fps                | 33        |
|    iterations         | 29400     |
|    time_elapsed       | 4416      |
|    total_timesteps    | 147000    |
| train/                |           |
|    entropy_loss       | 2.04      |
|    explained_variance | 0         |
|    learning_rate      | 0.0007    |
|    n_updates          | 29399     |
|    policy_loss        | -5.92e+03 |
|    reward             | 818.35626 |
|    std                | 0.0879    |
|    value_loss         | 6.93e+06  |
-------------------------------------
------------------------------------
| time/                 |          |
|    fps                | 33       |
|    iterations         | 29500    |
|    time_elapsed       | 4431     |
|    total_timesteps    | 147500   |
| train/                |          |
|    entropy_loss       | 2.05     |
|    explained_variance | 0        |
|    learning_rate      | 0.0007   |
|    n_updates          | 29499    |
|    policy_loss        | -5.2e+03 |
|    reward             | 896.7651 |
|    std                | 0.0874   |
|    value_loss         | 8.56e+06 |
------------------------------------
EPISODE:  149
-------------------------------------
| time/                 |           |
|    fps                | 33        |
|    iterations         | 29600     |
|    time_elapsed       | 4446      |
|    total_timesteps    | 148000    |
| train/                |           |
|    entropy_loss       | 2.06      |
|    explained_variance | 1.79e-07  |
|    learning_rate      | 0.0007    |
|    n_updates          | 29599     |
|    policy_loss        | -4.07e+03 |
|    reward             | 869.0385  |
|    std                | 0.087     |
|    value_loss         | 7.81e+06  |
-------------------------------------
-------------------------------------
| time/                 |           |
|    fps                | 33        |
|    iterations         | 29700     |
|    time_elapsed       | 4461      |
|    total_timesteps    | 148500    |
| train/                |           |
|    entropy_loss       | 2.08      |
|    explained_variance | -1.19e-07 |
|    learning_rate      | 0.0007    |
|    n_updates          | 29699     |
|    policy_loss        | -4.85e+03 |
|    reward             | 908.9268  |
|    std                | 0.086     |
|    value_loss         | 8.79e+06  |
-------------------------------------
EPISODE:  150
-------------------------------------
| time/                 |           |
|    fps                | 33        |
|    iterations         | 29800     |
|    time_elapsed       | 4476      |
|    total_timesteps    | 149000    |
| train/                |           |
|    entropy_loss       | 2.1       |
|    explained_variance | -2.38e-07 |
|    learning_rate      | 0.0007    |
|    n_updates          | 29799     |
|    policy_loss        | -2.19e+03 |
|    reward             | 878.59766 |
|    std                | 0.0855    |
|    value_loss         | 8e+06     |
-------------------------------------
-------------------------------------
| time/                 |           |
|    fps                | 33        |
|    iterations         | 29900     |
|    time_elapsed       | 4491      |
|    total_timesteps    | 149500    |
| train/                |           |
|    entropy_loss       | 2.13      |
|    explained_variance | 5.96e-08  |
|    learning_rate      | 0.0007    |
|    n_updates          | 29899     |
|    policy_loss        | -7.7e+03  |
|    reward             | 908.29736 |
|    std                | 0.0838    |
|    value_loss         | 8.78e+06  |
-------------------------------------
EPISODE:  151
-------------------------------------
| time/                 |           |
|    fps                | 33        |
|    iterations         | 30000     |
|    time_elapsed       | 4506      |
|    total_timesteps    | 150000    |
| train/                |           |
|    entropy_loss       | 2.16      |
|    explained_variance | 5.96e-08  |
|    learning_rate      | 0.0007    |
|    n_updates          | 29999     |
|    policy_loss        | -5.45e+03 |
|    reward             | 878.81085 |
|    std                | 0.0828    |
|    value_loss         | 8e+06     |
-------------------------------------
-------------------------------------
| time/                 |           |
|    fps                | 33        |
|    iterations         | 30100     |
|    time_elapsed       | 4521      |
|    total_timesteps    | 150500    |
| train/                |           |
|    entropy_loss       | 2.19      |
|    explained_variance | 5.96e-08  |
|    learning_rate      | 0.0007    |
|    n_updates          | 30099     |
|    policy_loss        | -4.38e+03 |
|    reward             | 909.2984  |
|    std                | 0.0815    |
|    value_loss         | 8.8e+06   |
-------------------------------------
EPISODE:  152
-------------------------------------
| time/                 |           |
|    fps                | 33        |
|    iterations         | 30200     |
|    time_elapsed       | 4536      |
|    total_timesteps    | 151000    |
| train/                |           |
|    entropy_loss       | 2.23      |
|    explained_variance | -1.19e-07 |
|    learning_rate      | 0.0007    |
|    n_updates          | 30199     |
|    policy_loss        | -3.28e+03 |
|    reward             | 879.8474  |
|    std                | 0.0802    |
|    value_loss         | 8.01e+06  |
-------------------------------------
------------------------------------
| time/                 |          |
|    fps                | 33       |
|    iterations         | 30300    |
|    time_elapsed       | 4551     |
|    total_timesteps    | 151500   |
| train/                |          |
|    entropy_loss       | 2.24     |
|    explained_variance | 5.96e-08 |
|    learning_rate      | 0.0007   |
|    n_updates          | 30299    |
|    policy_loss        | 504      |
|    reward             | 909.2984 |
|    std                | 0.0795   |
|    value_loss         | 8.79e+06 |
------------------------------------
EPISODE:  153
-------------------------------------
| time/                 |           |
|    fps                | 33        |
|    iterations         | 30400     |
|    time_elapsed       | 4566      |
|    total_timesteps    | 152000    |
| train/                |           |
|    entropy_loss       | 2.27      |
|    explained_variance | 0         |
|    learning_rate      | 0.0007    |
|    n_updates          | 30399     |
|    policy_loss        | -6.17e+03 |
|    reward             | 879.8474  |
|    std                | 0.0784    |
|    value_loss         | 8.01e+06  |
-------------------------------------
-------------------------------------
| time/                 |           |
|    fps                | 33        |
|    iterations         | 30500     |
|    time_elapsed       | 4581      |
|    total_timesteps    | 152500    |
| train/                |           |
|    entropy_loss       | 2.29      |
|    explained_variance | -1.19e-07 |
|    learning_rate      | 0.0007    |
|    n_updates          | 30499     |
|    policy_loss        | -6.18e+03 |
|    reward             | 909.2984  |
|    std                | 0.0775    |
|    value_loss         | 8.79e+06  |
-------------------------------------
EPISODE:  154
------------------------------------
| time/                 |          |
|    fps                | 33       |
|    iterations         | 30600    |
|    time_elapsed       | 4596     |
|    total_timesteps    | 153000   |
| train/                |          |
|    entropy_loss       | 2.32     |
|    explained_variance | 0        |
|    learning_rate      | 0.0007   |
|    n_updates          | 30599    |
|    policy_loss        | -6.4e+03 |
|    reward             | 879.8474 |
|    std                | 0.0764   |
|    value_loss         | 8.01e+06 |
------------------------------------
-------------------------------------
| time/                 |           |
|    fps                | 33        |
|    iterations         | 30700     |
|    time_elapsed       | 4612      |
|    total_timesteps    | 153500    |
| train/                |           |
|    entropy_loss       | 2.35      |
|    explained_variance | 5.96e-08  |
|    learning_rate      | 0.0007    |
|    n_updates          | 30699     |
|    policy_loss        | -6.28e+03 |
|    reward             | 909.2984  |
|    std                | 0.0755    |
|    value_loss         | 8.79e+06  |
-------------------------------------
EPISODE:  155
-------------------------------------
| time/                 |           |
|    fps                | 33        |
|    iterations         | 30800     |
|    time_elapsed       | 4627      |
|    total_timesteps    | 154000    |
| train/                |           |
|    entropy_loss       | 2.36      |
|    explained_variance | 2.38e-07  |
|    learning_rate      | 0.0007    |
|    n_updates          | 30799     |
|    policy_loss        | -3.16e+03 |
|    reward             | 879.8474  |
|    std                | 0.0748    |
|    value_loss         | 8.01e+06  |
-------------------------------------
-------------------------------------
| time/                 |           |
|    fps                | 33        |
|    iterations         | 30900     |
|    time_elapsed       | 4642      |
|    total_timesteps    | 154500    |
| train/                |           |
|    entropy_loss       | 2.37      |
|    explained_variance | -1.19e-07 |
|    learning_rate      | 0.0007    |
|    n_updates          | 30899     |
|    policy_loss        | -6.38e+03 |
|    reward             | 909.2984  |
|    std                | 0.0747    |
|    value_loss         | 8.79e+06  |
-------------------------------------
EPISODE:  156
-------------------------------------
| time/                 |           |
|    fps                | 33        |
|    iterations         | 31000     |
|    time_elapsed       | 4657      |
|    total_timesteps    | 155000    |
| train/                |           |
|    entropy_loss       | 2.39      |
|    explained_variance | 0         |
|    learning_rate      | 0.0007    |
|    n_updates          | 30999     |
|    policy_loss        | -6.76e+03 |
|    reward             | 879.8474  |
|    std                | 0.0738    |
|    value_loss         | 8.01e+06  |
-------------------------------------
-------------------------------------
| time/                 |           |
|    fps                | 33        |
|    iterations         | 31100     |
|    time_elapsed       | 4672      |
|    total_timesteps    | 155500    |
| train/                |           |
|    entropy_loss       | 2.39      |
|    explained_variance | 1.79e-07  |
|    learning_rate      | 0.0007    |
|    n_updates          | 31099     |
|    policy_loss        | -8.26e+03 |
|    reward             | 909.2984  |
|    std                | 0.0736    |
|    value_loss         | 8.79e+06  |
-------------------------------------
EPISODE:  157
-------------------------------------
| time/                 |           |
|    fps                | 33        |
|    iterations         | 31200     |
|    time_elapsed       | 4687      |
|    total_timesteps    | 156000    |
| train/                |           |
|    entropy_loss       | 2.44      |
|    explained_variance | -1.19e-07 |
|    learning_rate      | 0.0007    |
|    n_updates          | 31199     |
|    policy_loss        | -5.59e+03 |
|    reward             | 879.8474  |
|    std                | 0.0722    |
|    value_loss         | 8.01e+06  |
-------------------------------------
-------------------------------------
| time/                 |           |
|    fps                | 33        |
|    iterations         | 31300     |
|    time_elapsed       | 4702      |
|    total_timesteps    | 156500    |
| train/                |           |
|    entropy_loss       | 2.46      |
|    explained_variance | 0         |
|    learning_rate      | 0.0007    |
|    n_updates          | 31299     |
|    policy_loss        | -4.97e+03 |
|    reward             | 909.2984  |
|    std                | 0.0713    |
|    value_loss         | 8.79e+06  |
-------------------------------------
EPISODE:  158
-------------------------------------
| time/                 |           |
|    fps                | 33        |
|    iterations         | 31400     |
|    time_elapsed       | 4717      |
|    total_timesteps    | 157000    |
| train/                |           |
|    entropy_loss       | 2.49      |
|    explained_variance | 0         |
|    learning_rate      | 0.0007    |
|    n_updates          | 31399     |
|    policy_loss        | -5.25e+03 |
|    reward             | 879.8474  |
|    std                | 0.0703    |
|    value_loss         | 8.01e+06  |
-------------------------------------
-------------------------------------
| time/                 |           |
|    fps                | 33        |
|    iterations         | 31500     |
|    time_elapsed       | 4732      |
|    total_timesteps    | 157500    |
| train/                |           |
|    entropy_loss       | 2.5       |
|    explained_variance | -1.19e-07 |
|    learning_rate      | 0.0007    |
|    n_updates          | 31499     |
|    policy_loss        | -7.59e+03 |
|    reward             | 909.2984  |
|    std                | 0.0699    |
|    value_loss         | 8.79e+06  |
-------------------------------------
EPISODE:  159
-------------------------------------
| time/                 |           |
|    fps                | 33        |
|    iterations         | 31600     |
|    time_elapsed       | 4747      |
|    total_timesteps    | 158000    |
| train/                |           |
|    entropy_loss       | 2.52      |
|    explained_variance | 5.96e-08  |
|    learning_rate      | 0.0007    |
|    n_updates          | 31599     |
|    policy_loss        | -7.51e+03 |
|    reward             | 879.8474  |
|    std                | 0.0693    |
|    value_loss         | 8e+06     |
-------------------------------------
-------------------------------------
| time/                 |           |
|    fps                | 33        |
|    iterations         | 31700     |
|    time_elapsed       | 4762      |
|    total_timesteps    | 158500    |
| train/                |           |
|    entropy_loss       | 2.54      |
|    explained_variance | 0         |
|    learning_rate      | 0.0007    |
|    n_updates          | 31699     |
|    policy_loss        | -7.82e+03 |
|    reward             | 909.2984  |
|    std                | 0.0685    |
|    value_loss         | 8.79e+06  |
-------------------------------------
EPISODE:  160
-------------------------------------
| time/                 |           |
|    fps                | 33        |
|    iterations         | 31800     |
|    time_elapsed       | 4778      |
|    total_timesteps    | 159000    |
| train/                |           |
|    entropy_loss       | 2.58      |
|    explained_variance | -1.19e-07 |
|    learning_rate      | 0.0007    |
|    n_updates          | 31799     |
|    policy_loss        | -6.51e+03 |
|    reward             | 879.8474  |
|    std                | 0.0674    |
|    value_loss         | 8e+06     |
-------------------------------------
-------------------------------------
| time/                 |           |
|    fps                | 33        |
|    iterations         | 31900     |
|    time_elapsed       | 4793      |
|    total_timesteps    | 159500    |
| train/                |           |
|    entropy_loss       | 2.59      |
|    explained_variance | 5.96e-08  |
|    learning_rate      | 0.0007    |
|    n_updates          | 31899     |
|    policy_loss        | -6.22e+03 |
|    reward             | 909.2984  |
|    std                | 0.0669    |
|    value_loss         | 8.78e+06  |
-------------------------------------
EPISODE:  161
-------------------------------------
| time/                 |           |
|    fps                | 33        |
|    iterations         | 32000     |
|    time_elapsed       | 4808      |
|    total_timesteps    | 160000    |
| train/                |           |
|    entropy_loss       | 2.61      |
|    explained_variance | 5.96e-08  |
|    learning_rate      | 0.0007    |
|    n_updates          | 31999     |
|    policy_loss        | -4.91e+03 |
|    reward             | 879.8474  |
|    std                | 0.0665    |
|    value_loss         | 8e+06     |
-------------------------------------
-------------------------------------
| time/                 |           |
|    fps                | 33        |
|    iterations         | 32100     |
|    time_elapsed       | 4823      |
|    total_timesteps    | 160500    |
| train/                |           |
|    entropy_loss       | 2.63      |
|    explained_variance | 5.96e-08  |
|    learning_rate      | 0.0007    |
|    n_updates          | 32099     |
|    policy_loss        | -6.25e+03 |
|    reward             | 909.2984  |
|    std                | 0.0657    |
|    value_loss         | 8.78e+06  |
-------------------------------------
EPISODE:  162
-------------------------------------
| time/                 |           |
|    fps                | 33        |
|    iterations         | 32200     |
|    time_elapsed       | 4838      |
|    total_timesteps    | 161000    |
| train/                |           |
|    entropy_loss       | 2.66      |
|    explained_variance | 0         |
|    learning_rate      | 0.0007    |
|    n_updates          | 32199     |
|    policy_loss        | -7.73e+03 |
|    reward             | 879.8474  |
|    std                | 0.0649    |
|    value_loss         | 8e+06     |
-------------------------------------
-------------------------------------
| time/                 |           |
|    fps                | 33        |
|    iterations         | 32300     |
|    time_elapsed       | 4853      |
|    total_timesteps    | 161500    |
| train/                |           |
|    entropy_loss       | 2.67      |
|    explained_variance | -1.19e-07 |
|    learning_rate      | 0.0007    |
|    n_updates          | 32299     |
|    policy_loss        | -5.89e+03 |
|    reward             | 909.2984  |
|    std                | 0.0645    |
|    value_loss         | 8.78e+06  |
-------------------------------------
EPISODE:  163
-------------------------------------
| time/                 |           |
|    fps                | 33        |
|    iterations         | 32400     |
|    time_elapsed       | 4868      |
|    total_timesteps    | 162000    |
| train/                |           |
|    entropy_loss       | 2.68      |
|    explained_variance | 0         |
|    learning_rate      | 0.0007    |
|    n_updates          | 32399     |
|    policy_loss        | -7.99e+03 |
|    reward             | 879.8474  |
|    std                | 0.0642    |
|    value_loss         | 8e+06     |
-------------------------------------
-------------------------------------
| time/                 |           |
|    fps                | 33        |
|    iterations         | 32500     |
|    time_elapsed       | 4883      |
|    total_timesteps    | 162500    |
| train/                |           |
|    entropy_loss       | 2.7       |
|    explained_variance | 0         |
|    learning_rate      | 0.0007    |
|    n_updates          | 32499     |
|    policy_loss        | -5.85e+03 |
|    reward             | 909.2984  |
|    std                | 0.0637    |
|    value_loss         | 8.78e+06  |
-------------------------------------
EPISODE:  164
-------------------------------------
| time/                 |           |
|    fps                | 33        |
|    iterations         | 32600     |
|    time_elapsed       | 4898      |
|    total_timesteps    | 163000    |
| train/                |           |
|    entropy_loss       | 2.73      |
|    explained_variance | 0         |
|    learning_rate      | 0.0007    |
|    n_updates          | 32599     |
|    policy_loss        | -5.71e+03 |
|    reward             | 879.8474  |
|    std                | 0.0626    |
|    value_loss         | 8e+06     |
-------------------------------------
-------------------------------------
| time/                 |           |
|    fps                | 33        |
|    iterations         | 32700     |
|    time_elapsed       | 4913      |
|    total_timesteps    | 163500    |
| train/                |           |
|    entropy_loss       | 2.76      |
|    explained_variance | 0         |
|    learning_rate      | 0.0007    |
|    n_updates          | 32699     |
|    policy_loss        | -8.85e+03 |
|    reward             | 909.2984  |
|    std                | 0.0616    |
|    value_loss         | 8.78e+06  |
-------------------------------------
EPISODE:  165
-------------------------------------
| time/                 |           |
|    fps                | 33        |
|    iterations         | 32800     |
|    time_elapsed       | 4928      |
|    total_timesteps    | 164000    |
| train/                |           |
|    entropy_loss       | 2.77      |
|    explained_variance | 5.96e-08  |
|    learning_rate      | 0.0007    |
|    n_updates          | 32799     |
|    policy_loss        | -7.54e+03 |
|    reward             | 879.8474  |
|    std                | 0.0612    |
|    value_loss         | 8e+06     |
-------------------------------------
-------------------------------------
| time/                 |           |
|    fps                | 33        |
|    iterations         | 32900     |
|    time_elapsed       | 4943      |
|    total_timesteps    | 164500    |
| train/                |           |
|    entropy_loss       | 2.79      |
|    explained_variance | 5.96e-08  |
|    learning_rate      | 0.0007    |
|    n_updates          | 32899     |
|    policy_loss        | -6.13e+03 |
|    reward             | 909.2984  |
|    std                | 0.0609    |
|    value_loss         | 8.78e+06  |
-------------------------------------
EPISODE:  166
-------------------------------------
| time/                 |           |
|    fps                | 33        |
|    iterations         | 33000     |
|    time_elapsed       | 4959      |
|    total_timesteps    | 165000    |
| train/                |           |
|    entropy_loss       | 2.81      |
|    explained_variance | 1.79e-07  |
|    learning_rate      | 0.0007    |
|    n_updates          | 32999     |
|    policy_loss        | -7.67e+03 |
|    reward             | 879.8474  |
|    std                | 0.0602    |
|    value_loss         | 8e+06     |
-------------------------------------
-------------------------------------
| time/                 |           |
|    fps                | 33        |
|    iterations         | 33100     |
|    time_elapsed       | 4974      |
|    total_timesteps    | 165500    |
| train/                |           |
|    entropy_loss       | 2.83      |
|    explained_variance | -1.19e-07 |
|    learning_rate      | 0.0007    |
|    n_updates          | 33099     |
|    policy_loss        | -8.43e+03 |
|    reward             | 909.2984  |
|    std                | 0.0596    |
|    value_loss         | 8.78e+06  |
-------------------------------------
EPISODE:  167
-------------------------------------
| time/                 |           |
|    fps                | 33        |
|    iterations         | 33200     |
|    time_elapsed       | 4989      |
|    total_timesteps    | 166000    |
| train/                |           |
|    entropy_loss       | 2.86      |
|    explained_variance | -1.19e-07 |
|    learning_rate      | 0.0007    |
|    n_updates          | 33199     |
|    policy_loss        | -8.26e+03 |
|    reward             | 879.8474  |
|    std                | 0.0588    |
|    value_loss         | 7.99e+06  |
-------------------------------------
-------------------------------------
| time/                 |           |
|    fps                | 33        |
|    iterations         | 33300     |
|    time_elapsed       | 5004      |
|    total_timesteps    | 166500    |
| train/                |           |
|    entropy_loss       | 2.87      |
|    explained_variance | 5.96e-08  |
|    learning_rate      | 0.0007    |
|    n_updates          | 33299     |
|    policy_loss        | -8.43e+03 |
|    reward             | 909.2984  |
|    std                | 0.0584    |
|    value_loss         | 8.77e+06  |
-------------------------------------
EPISODE:  168
-------------------------------------
| time/                 |           |
|    fps                | 33        |
|    iterations         | 33400     |
|    time_elapsed       | 5019      |
|    total_timesteps    | 167000    |
| train/                |           |
|    entropy_loss       | 2.88      |
|    explained_variance | -1.19e-07 |
|    learning_rate      | 0.0007    |
|    n_updates          | 33399     |
|    policy_loss        | -9.15e+03 |
|    reward             | 879.8474  |
|    std                | 0.0583    |
|    value_loss         | 7.99e+06  |
-------------------------------------
-------------------------------------
| time/                 |           |
|    fps                | 33        |
|    iterations         | 33500     |
|    time_elapsed       | 5034      |
|    total_timesteps    | 167500    |
| train/                |           |
|    entropy_loss       | 2.91      |
|    explained_variance | 0         |
|    learning_rate      | 0.0007    |
|    n_updates          | 33499     |
|    policy_loss        | -7.76e+03 |
|    reward             | 909.2984  |
|    std                | 0.0572    |
|    value_loss         | 8.77e+06  |
-------------------------------------
EPISODE:  169
-------------------------------------
| time/                 |           |
|    fps                | 33        |
|    iterations         | 33600     |
|    time_elapsed       | 5049      |
|    total_timesteps    | 168000    |
| train/                |           |
|    entropy_loss       | 2.95      |
|    explained_variance | 5.96e-08  |
|    learning_rate      | 0.0007    |
|    n_updates          | 33599     |
|    policy_loss        | -9.51e+03 |
|    reward             | 879.8474  |
|    std                | 0.0562    |
|    value_loss         | 7.99e+06  |
-------------------------------------
------------------------------------
| time/                 |          |
|    fps                | 33       |
|    iterations         | 33700    |
|    time_elapsed       | 5064     |
|    total_timesteps    | 168500   |
| train/                |          |
|    entropy_loss       | 2.98     |
|    explained_variance | 1.79e-07 |
|    learning_rate      | 0.0007   |
|    n_updates          | 33699    |
|    policy_loss        | -6.2e+03 |
|    reward             | 909.2984 |
|    std                | 0.0554   |
|    value_loss         | 8.77e+06 |
------------------------------------
EPISODE:  170
-------------------------------------
| time/                 |           |
|    fps                | 33        |
|    iterations         | 33800     |
|    time_elapsed       | 5079      |
|    total_timesteps    | 169000    |
| train/                |           |
|    entropy_loss       | 3         |
|    explained_variance | -1.19e-07 |
|    learning_rate      | 0.0007    |
|    n_updates          | 33799     |
|    policy_loss        | -8.12e+03 |
|    reward             | 879.8474  |
|    std                | 0.0549    |
|    value_loss         | 7.99e+06  |
-------------------------------------
-------------------------------------
| time/                 |           |
|    fps                | 33        |
|    iterations         | 33900     |
|    time_elapsed       | 5093      |
|    total_timesteps    | 169500    |
| train/                |           |
|    entropy_loss       | 3.01      |
|    explained_variance | -1.19e-07 |
|    learning_rate      | 0.0007    |
|    n_updates          | 33899     |
|    policy_loss        | -9.37e+03 |
|    reward             | 909.2984  |
|    std                | 0.0545    |
|    value_loss         | 8.77e+06  |
-------------------------------------
EPISODE:  171
-------------------------------------
| time/                 |           |
|    fps                | 33        |
|    iterations         | 34000     |
|    time_elapsed       | 5108      |
|    total_timesteps    | 170000    |
| train/                |           |
|    entropy_loss       | 3.05      |
|    explained_variance | 0         |
|    learning_rate      | 0.0007    |
|    n_updates          | 33999     |
|    policy_loss        | -8.33e+03 |
|    reward             | 879.8474  |
|    std                | 0.0536    |
|    value_loss         | 7.99e+06  |
-------------------------------------
-------------------------------------
| time/                 |           |
|    fps                | 33        |
|    iterations         | 34100     |
|    time_elapsed       | 5123      |
|    total_timesteps    | 170500    |
| train/                |           |
|    entropy_loss       | 3.06      |
|    explained_variance | 0         |
|    learning_rate      | 0.0007    |
|    n_updates          | 34099     |
|    policy_loss        | -7.32e+03 |
|    reward             | 909.2984  |
|    std                | 0.0531    |
|    value_loss         | 8.77e+06  |
-------------------------------------
EPISODE:  172
-------------------------------------
| time/                 |           |
|    fps                | 33        |
|    iterations         | 34200     |
|    time_elapsed       | 5138      |
|    total_timesteps    | 171000    |
| train/                |           |
|    entropy_loss       | 3.1       |
|    explained_variance | 5.96e-08  |
|    learning_rate      | 0.0007    |
|    n_updates          | 34199     |
|    policy_loss        | -8.75e+03 |
|    reward             | 879.8474  |
|    std                | 0.0521    |
|    value_loss         | 7.99e+06  |
-------------------------------------
-------------------------------------
| time/                 |           |
|    fps                | 33        |
|    iterations         | 34300     |
|    time_elapsed       | 5152      |
|    total_timesteps    | 171500    |
| train/                |           |
|    entropy_loss       | 3.12      |
|    explained_variance | -1.19e-07 |
|    learning_rate      | 0.0007    |
|    n_updates          | 34299     |
|    policy_loss        | -7.79e+03 |
|    reward             | 909.2984  |
|    std                | 0.0515    |
|    value_loss         | 8.77e+06  |
-------------------------------------
EPISODE:  173
-------------------------------------
| time/                 |           |
|    fps                | 33        |
|    iterations         | 34400     |
|    time_elapsed       | 5167      |
|    total_timesteps    | 172000    |
| train/                |           |
|    entropy_loss       | 3.14      |
|    explained_variance | 1.79e-07  |
|    learning_rate      | 0.0007    |
|    n_updates          | 34399     |
|    policy_loss        | -9.49e+03 |
|    reward             | 879.8474  |
|    std                | 0.051     |
|    value_loss         | 7.99e+06  |
-------------------------------------
-------------------------------------
| time/                 |           |
|    fps                | 33        |
|    iterations         | 34500     |
|    time_elapsed       | 5182      |
|    total_timesteps    | 172500    |
| train/                |           |
|    entropy_loss       | 3.16      |
|    explained_variance | 1.79e-07  |
|    learning_rate      | 0.0007    |
|    n_updates          | 34499     |
|    policy_loss        | -8.53e+03 |
|    reward             | 909.2984  |
|    std                | 0.0506    |
|    value_loss         | 8.77e+06  |
-------------------------------------
EPISODE:  174
-------------------------------------
| time/                 |           |
|    fps                | 33        |
|    iterations         | 34600     |
|    time_elapsed       | 5197      |
|    total_timesteps    | 173000    |
| train/                |           |
|    entropy_loss       | 3.17      |
|    explained_variance | 5.96e-08  |
|    learning_rate      | 0.0007    |
|    n_updates          | 34599     |
|    policy_loss        | -8.39e+03 |
|    reward             | 879.8474  |
|    std                | 0.0503    |
|    value_loss         | 7.99e+06  |
-------------------------------------
-------------------------------------
| time/                 |           |
|    fps                | 33        |
|    iterations         | 34700     |
|    time_elapsed       | 5212      |
|    total_timesteps    | 173500    |
| train/                |           |
|    entropy_loss       | 3.2       |
|    explained_variance | 0         |
|    learning_rate      | 0.0007    |
|    n_updates          | 34699     |
|    policy_loss        | -5.54e+03 |
|    reward             | 909.2984  |
|    std                | 0.0496    |
|    value_loss         | 8.76e+06  |
-------------------------------------
EPISODE:  175
-------------------------------------
| time/                 |           |
|    fps                | 33        |
|    iterations         | 34800     |
|    time_elapsed       | 5226      |
|    total_timesteps    | 174000    |
| train/                |           |
|    entropy_loss       | 3.25      |
|    explained_variance | 5.96e-08  |
|    learning_rate      | 0.0007    |
|    n_updates          | 34799     |
|    policy_loss        | -8.72e+03 |
|    reward             | 879.8474  |
|    std                | 0.0485    |
|    value_loss         | 7.98e+06  |
-------------------------------------
-------------------------------------
| time/                 |           |
|    fps                | 33        |
|    iterations         | 34900     |
|    time_elapsed       | 5241      |
|    total_timesteps    | 174500    |
| train/                |           |
|    entropy_loss       | 3.26      |
|    explained_variance | -1.19e-07 |
|    learning_rate      | 0.0007    |
|    n_updates          | 34899     |
|    policy_loss        | -9.21e+03 |
|    reward             | 909.2984  |
|    std                | 0.0483    |
|    value_loss         | 8.76e+06  |
-------------------------------------
EPISODE:  176
-------------------------------------
| time/                 |           |
|    fps                | 33        |
|    iterations         | 35000     |
|    time_elapsed       | 5256      |
|    total_timesteps    | 175000    |
| train/                |           |
|    entropy_loss       | 3.29      |
|    explained_variance | 0         |
|    learning_rate      | 0.0007    |
|    n_updates          | 34999     |
|    policy_loss        | -8.38e+03 |
|    reward             | 879.8474  |
|    std                | 0.0474    |
|    value_loss         | 7.98e+06  |
-------------------------------------
-------------------------------------
| time/                 |           |
|    fps                | 33        |
|    iterations         | 35100     |
|    time_elapsed       | 5271      |
|    total_timesteps    | 175500    |
| train/                |           |
|    entropy_loss       | 3.32      |
|    explained_variance | 0         |
|    learning_rate      | 0.0007    |
|    n_updates          | 35099     |
|    policy_loss        | -8.52e+03 |
|    reward             | 909.2984  |
|    std                | 0.0468    |
|    value_loss         | 8.76e+06  |
-------------------------------------
EPISODE:  177
-------------------------------------
| time/                 |           |
|    fps                | 33        |
|    iterations         | 35200     |
|    time_elapsed       | 5286      |
|    total_timesteps    | 176000    |
| train/                |           |
|    entropy_loss       | 3.34      |
|    explained_variance | 5.96e-08  |
|    learning_rate      | 0.0007    |
|    n_updates          | 35199     |
|    policy_loss        | -6.45e+03 |
|    reward             | 879.1923  |
|    std                | 0.0463    |
|    value_loss         | 7.97e+06  |
-------------------------------------
-------------------------------------
| time/                 |           |
|    fps                | 33        |
|    iterations         | 35300     |
|    time_elapsed       | 5301      |
|    total_timesteps    | 176500    |
| train/                |           |
|    entropy_loss       | 3.35      |
|    explained_variance | 0         |
|    learning_rate      | 0.0007    |
|    n_updates          | 35299     |
|    policy_loss        | -8.87e+03 |
|    reward             | 908.97107 |
|    std                | 0.0459    |
|    value_loss         | 8.75e+06  |
-------------------------------------
EPISODE:  178
-------------------------------------
| time/                 |           |
|    fps                | 33        |
|    iterations         | 35400     |
|    time_elapsed       | 5315      |
|    total_timesteps    | 177000    |
| train/                |           |
|    entropy_loss       | 3.39      |
|    explained_variance | 5.96e-08  |
|    learning_rate      | 0.0007    |
|    n_updates          | 35399     |
|    policy_loss        | -7.35e+03 |
|    reward             | 899.45306 |
|    std                | 0.0452    |
|    value_loss         | 8.37e+06  |
-------------------------------------
------------------------------------
| time/                 |          |
|    fps                | 33       |
|    iterations         | 35500    |
|    time_elapsed       | 5330     |
|    total_timesteps    | 177500   |
| train/                |          |
|    entropy_loss       | 3.4      |
|    explained_variance | 0        |
|    learning_rate      | 0.0007   |
|    n_updates          | 35499    |
|    policy_loss        | -6.8e+03 |
|    reward             | 886.5917 |
|    std                | 0.0449   |
|    value_loss         | 8.34e+06 |
------------------------------------
EPISODE:  179
-------------------------------------
| time/                 |           |
|    fps                | 33        |
|    iterations         | 35600     |
|    time_elapsed       | 5345      |
|    total_timesteps    | 178000    |
| train/                |           |
|    entropy_loss       | 3.42      |
|    explained_variance | 0         |
|    learning_rate      | 0.0007    |
|    n_updates          | 35599     |
|    policy_loss        | -7.13e+03 |
|    reward             | 841.00146 |
|    std                | 0.0446    |
|    value_loss         | 7.27e+06  |
-------------------------------------
-------------------------------------
| time/                 |           |
|    fps                | 33        |
|    iterations         | 35700     |
|    time_elapsed       | 5360      |
|    total_timesteps    | 178500    |
| train/                |           |
|    entropy_loss       | 3.44      |
|    explained_variance | 5.96e-08  |
|    learning_rate      | 0.0007    |
|    n_updates          | 35699     |
|    policy_loss        | -1.05e+04 |
|    reward             | 898.8514  |
|    std                | 0.0442    |
|    value_loss         | 8.56e+06  |
-------------------------------------
EPISODE:  180
-------------------------------------
| time/                 |           |
|    fps                | 33        |
|    iterations         | 35800     |
|    time_elapsed       | 5375      |
|    total_timesteps    | 179000    |
| train/                |           |
|    entropy_loss       | 3.46      |
|    explained_variance | 5.96e-08  |
|    learning_rate      | 0.0007    |
|    n_updates          | 35799     |
|    policy_loss        | -8.27e+03 |
|    reward             | 869.7388  |
|    std                | 0.0437    |
|    value_loss         | 7.79e+06  |
-------------------------------------
-------------------------------------
| time/                 |           |
|    fps                | 33        |
|    iterations         | 35900     |
|    time_elapsed       | 5390      |
|    total_timesteps    | 179500    |
| train/                |           |
|    entropy_loss       | 3.47      |
|    explained_variance | -1.19e-07 |
|    learning_rate      | 0.0007    |
|    n_updates          | 35899     |
|    policy_loss        | -1.03e+04 |
|    reward             | 909.2984  |
|    std                | 0.0435    |
|    value_loss         | 8.76e+06  |
-------------------------------------
EPISODE:  181
------------------------------------
| time/                 |          |
|    fps                | 33       |
|    iterations         | 36000    |
|    time_elapsed       | 5405     |
|    total_timesteps    | 180000   |
| train/                |          |
|    entropy_loss       | 3.49     |
|    explained_variance | 1.79e-07 |
|    learning_rate      | 0.0007   |
|    n_updates          | 35999    |
|    policy_loss        | -8e+03   |
|    reward             | 879.8474 |
|    std                | 0.0431   |
|    value_loss         | 7.98e+06 |
------------------------------------
-------------------------------------
| time/                 |           |
|    fps                | 33        |
|    iterations         | 36100     |
|    time_elapsed       | 5420      |
|    total_timesteps    | 180500    |
| train/                |           |
|    entropy_loss       | 3.53      |
|    explained_variance | 1.79e-07  |
|    learning_rate      | 0.0007    |
|    n_updates          | 36099     |
|    policy_loss        | -9.54e+03 |
|    reward             | 909.2984  |
|    std                | 0.0423    |
|    value_loss         | 8.76e+06  |
-------------------------------------
EPISODE:  182
-------------------------------------
| time/                 |           |
|    fps                | 33        |
|    iterations         | 36200     |
|    time_elapsed       | 5435      |
|    total_timesteps    | 181000    |
| train/                |           |
|    entropy_loss       | 3.56      |
|    explained_variance | 1.79e-07  |
|    learning_rate      | 0.0007    |
|    n_updates          | 36199     |
|    policy_loss        | -9.01e+03 |
|    reward             | 879.8474  |
|    std                | 0.0416    |
|    value_loss         | 7.98e+06  |
-------------------------------------
-------------------------------------
| time/                 |           |
|    fps                | 33        |
|    iterations         | 36300     |
|    time_elapsed       | 5451      |
|    total_timesteps    | 181500    |
| train/                |           |
|    entropy_loss       | 3.57      |
|    explained_variance | 5.96e-08  |
|    learning_rate      | 0.0007    |
|    n_updates          | 36299     |
|    policy_loss        | -1.11e+04 |
|    reward             | 909.2984  |
|    std                | 0.0415    |
|    value_loss         | 8.75e+06  |
-------------------------------------
EPISODE:  183
-------------------------------------
| time/                 |           |
|    fps                | 33        |
|    iterations         | 36400     |
|    time_elapsed       | 5466      |
|    total_timesteps    | 182000    |
| train/                |           |
|    entropy_loss       | 3.6       |
|    explained_variance | 0         |
|    learning_rate      | 0.0007    |
|    n_updates          | 36399     |
|    policy_loss        | -9.59e+03 |
|    reward             | 879.8474  |
|    std                | 0.0409    |
|    value_loss         | 7.97e+06  |
-------------------------------------
-------------------------------------
| time/                 |           |
|    fps                | 33        |
|    iterations         | 36500     |
|    time_elapsed       | 5481      |
|    total_timesteps    | 182500    |
| train/                |           |
|    entropy_loss       | 3.62      |
|    explained_variance | 2.38e-07  |
|    learning_rate      | 0.0007    |
|    n_updates          | 36499     |
|    policy_loss        | -1.06e+04 |
|    reward             | 909.2984  |
|    std                | 0.0406    |
|    value_loss         | 8.75e+06  |
-------------------------------------
EPISODE:  184
-------------------------------------
| time/                 |           |
|    fps                | 33        |
|    iterations         | 36600     |
|    time_elapsed       | 5496      |
|    total_timesteps    | 183000    |
| train/                |           |
|    entropy_loss       | 3.63      |
|    explained_variance | -1.19e-07 |
|    learning_rate      | 0.0007    |
|    n_updates          | 36599     |
|    policy_loss        | -8.57e+03 |
|    reward             | 879.8474  |
|    std                | 0.0402    |
|    value_loss         | 7.97e+06  |
-------------------------------------
-------------------------------------
| time/                 |           |
|    fps                | 33        |
|    iterations         | 36700     |
|    time_elapsed       | 5511      |
|    total_timesteps    | 183500    |
| train/                |           |
|    entropy_loss       | 3.64      |
|    explained_variance | 0         |
|    learning_rate      | 0.0007    |
|    n_updates          | 36699     |
|    policy_loss        | -8.43e+03 |
|    reward             | 909.2984  |
|    std                | 0.0401    |
|    value_loss         | 8.75e+06  |
-------------------------------------
EPISODE:  185
-------------------------------------
| time/                 |           |
|    fps                | 33        |
|    iterations         | 36800     |
|    time_elapsed       | 5526      |
|    total_timesteps    | 184000    |
| train/                |           |
|    entropy_loss       | 3.64      |
|    explained_variance | 1.79e-07  |
|    learning_rate      | 0.0007    |
|    n_updates          | 36799     |
|    policy_loss        | -8.54e+03 |
|    reward             | 879.8474  |
|    std                | 0.04      |
|    value_loss         | 7.97e+06  |
-------------------------------------
-------------------------------------
| time/                 |           |
|    fps                | 33        |
|    iterations         | 36900     |
|    time_elapsed       | 5541      |
|    total_timesteps    | 184500    |
| train/                |           |
|    entropy_loss       | 3.67      |
|    explained_variance | 5.96e-08  |
|    learning_rate      | 0.0007    |
|    n_updates          | 36899     |
|    policy_loss        | -1.01e+04 |
|    reward             | 909.2984  |
|    std                | 0.0396    |
|    value_loss         | 8.75e+06  |
-------------------------------------
EPISODE:  186
-------------------------------------
| time/                 |           |
|    fps                | 33        |
|    iterations         | 37000     |
|    time_elapsed       | 5556      |
|    total_timesteps    | 185000    |
| train/                |           |
|    entropy_loss       | 3.69      |
|    explained_variance | 5.96e-08  |
|    learning_rate      | 0.0007    |
|    n_updates          | 36999     |
|    policy_loss        | -8.95e+03 |
|    reward             | 879.87787 |
|    std                | 0.039     |
|    value_loss         | 7.97e+06  |
-------------------------------------
-------------------------------------
| time/                 |           |
|    fps                | 33        |
|    iterations         | 37100     |
|    time_elapsed       | 5571      |
|    total_timesteps    | 185500    |
| train/                |           |
|    entropy_loss       | 3.71      |
|    explained_variance | -1.19e-07 |
|    learning_rate      | 0.0007    |
|    n_updates          | 37099     |
|    policy_loss        | -8.68e+03 |
|    reward             | 907.3499  |
|    std                | 0.0387    |
|    value_loss         | 8.72e+06  |
-------------------------------------
EPISODE:  187
-------------------------------------
| time/                 |           |
|    fps                | 33        |
|    iterations         | 37200     |
|    time_elapsed       | 5586      |
|    total_timesteps    | 186000    |
| train/                |           |
|    entropy_loss       | 3.73      |
|    explained_variance | -1.19e-07 |
|    learning_rate      | 0.0007    |
|    n_updates          | 37199     |
|    policy_loss        | -8.58e+03 |
|    reward             | 870.28845 |
|    std                | 0.0383    |
|    value_loss         | 7.79e+06  |
-------------------------------------
------------------------------------
| time/                 |          |
|    fps                | 33       |
|    iterations         | 37300    |
|    time_elapsed       | 5601     |
|    total_timesteps    | 186500   |
| train/                |          |
|    entropy_loss       | 3.75     |
|    explained_variance | 0        |
|    learning_rate      | 0.0007   |
|    n_updates          | 37299    |
|    policy_loss        | -1.2e+04 |
|    reward             | 909.2984 |
|    std                | 0.038    |
|    value_loss         | 8.75e+06 |
------------------------------------
EPISODE:  188
-------------------------------------
| time/                 |           |
|    fps                | 33        |
|    iterations         | 37400     |
|    time_elapsed       | 5617      |
|    total_timesteps    | 187000    |
| train/                |           |
|    entropy_loss       | 3.79      |
|    explained_variance | 0         |
|    learning_rate      | 0.0007    |
|    n_updates          | 37399     |
|    policy_loss        | -1.02e+04 |
|    reward             | 879.94415 |
|    std                | 0.0373    |
|    value_loss         | 7.97e+06  |
-------------------------------------
-------------------------------------
| time/                 |           |
|    fps                | 33        |
|    iterations         | 37500     |
|    time_elapsed       | 5632      |
|    total_timesteps    | 187500    |
| train/                |           |
|    entropy_loss       | 3.8       |
|    explained_variance | -1.19e-07 |
|    learning_rate      | 0.0007    |
|    n_updates          | 37499     |
|    policy_loss        | -9.45e+03 |
|    reward             | 909.5031  |
|    std                | 0.0371    |
|    value_loss         | 8.76e+06  |
-------------------------------------
EPISODE:  189
-------------------------------------
| time/                 |           |
|    fps                | 33        |
|    iterations         | 37600     |
|    time_elapsed       | 5647      |
|    total_timesteps    | 188000    |
| train/                |           |
|    entropy_loss       | 3.82      |
|    explained_variance | 0         |
|    learning_rate      | 0.0007    |
|    n_updates          | 37599     |
|    policy_loss        | -9.13e+03 |
|    reward             | 872.17334 |
|    std                | 0.0367    |
|    value_loss         | 7.83e+06  |
-------------------------------------
------------------------------------
| time/                 |          |
|    fps                | 33       |
|    iterations         | 37700    |
|    time_elapsed       | 5662     |
|    total_timesteps    | 188500   |
| train/                |          |
|    entropy_loss       | 3.84     |
|    explained_variance | 0        |
|    learning_rate      | 0.0007   |
|    n_updates          | 37699    |
|    policy_loss        | -8.4e+03 |
|    reward             | 909.1397 |
|    std                | 0.0364   |
|    value_loss         | 8.74e+06 |
------------------------------------
EPISODE:  190
-------------------------------------
| time/                 |           |
|    fps                | 33        |
|    iterations         | 37800     |
|    time_elapsed       | 5677      |
|    total_timesteps    | 189000    |
| train/                |           |
|    entropy_loss       | 3.86      |
|    explained_variance | 0         |
|    learning_rate      | 0.0007    |
|    n_updates          | 37799     |
|    policy_loss        | -8.82e+03 |
|    reward             | 879.69385 |
|    std                | 0.0361    |
|    value_loss         | 7.96e+06  |
-------------------------------------
------------------------------------
| time/                 |          |
|    fps                | 33       |
|    iterations         | 37900    |
|    time_elapsed       | 5692     |
|    total_timesteps    | 189500   |
| train/                |          |
|    entropy_loss       | 3.88     |
|    explained_variance | 5.96e-08 |
|    learning_rate      | 0.0007   |
|    n_updates          | 37899    |
|    policy_loss        | -1.1e+04 |
|    reward             | 909.4357 |
|    std                | 0.0358   |
|    value_loss         | 8.75e+06 |
------------------------------------
EPISODE:  191
-------------------------------------
| time/                 |           |
|    fps                | 33        |
|    iterations         | 38000     |
|    time_elapsed       | 5707      |
|    total_timesteps    | 190000    |
| train/                |           |
|    entropy_loss       | 3.89      |
|    explained_variance | -1.19e-07 |
|    learning_rate      | 0.0007    |
|    n_updates          | 37999     |
|    policy_loss        | -1.09e+04 |
|    reward             | 879.9803  |
|    std                | 0.0355    |
|    value_loss         | 7.97e+06  |
-------------------------------------
-------------------------------------
| time/                 |           |
|    fps                | 33        |
|    iterations         | 38100     |
|    time_elapsed       | 5722      |
|    total_timesteps    | 190500    |
| train/                |           |
|    entropy_loss       | 3.91      |
|    explained_variance | -1.19e-07 |
|    learning_rate      | 0.0007    |
|    n_updates          | 38099     |
|    policy_loss        | -9.56e+03 |
|    reward             | 902.67706 |
|    std                | 0.0353    |
|    value_loss         | 8.64e+06  |
-------------------------------------
EPISODE:  192
-------------------------------------
| time/                 |           |
|    fps                | 33        |
|    iterations         | 38200     |
|    time_elapsed       | 5737      |
|    total_timesteps    | 191000    |
| train/                |           |
|    entropy_loss       | 3.93      |
|    explained_variance | -1.19e-07 |
|    learning_rate      | 0.0007    |
|    n_updates          | 38199     |
|    policy_loss        | -1.11e+04 |
|    reward             | 855.9722  |
|    std                | 0.0349    |
|    value_loss         | 7.54e+06  |
-------------------------------------
-------------------------------------
| time/                 |           |
|    fps                | 33        |
|    iterations         | 38300     |
|    time_elapsed       | 5752      |
|    total_timesteps    | 191500    |
| train/                |           |
|    entropy_loss       | 3.96      |
|    explained_variance | 0         |
|    learning_rate      | 0.0007    |
|    n_updates          | 38299     |
|    policy_loss        | -1.12e+04 |
|    reward             | 893.7817  |
|    std                | 0.0344    |
|    value_loss         | 8.59e+06  |
-------------------------------------
EPISODE:  193
-------------------------------------
| time/                 |           |
|    fps                | 33        |
|    iterations         | 38400     |
|    time_elapsed       | 5767      |
|    total_timesteps    | 192000    |
| train/                |           |
|    entropy_loss       | 3.97      |
|    explained_variance | 0         |
|    learning_rate      | 0.0007    |
|    n_updates          | 38399     |
|    policy_loss        | -6.42e+03 |
|    reward             | 830.7368  |
|    std                | 0.0343    |
|    value_loss         | 7.09e+06  |
-------------------------------------
-------------------------------------
| time/                 |           |
|    fps                | 33        |
|    iterations         | 38500     |
|    time_elapsed       | 5782      |
|    total_timesteps    | 192500    |
| train/                |           |
|    entropy_loss       | 3.98      |
|    explained_variance | -1.19e-07 |
|    learning_rate      | 0.0007    |
|    n_updates          | 38499     |
|    policy_loss        | -1e+04    |
|    reward             | 867.04517 |
|    std                | 0.0341    |
|    value_loss         | 8.09e+06  |
-------------------------------------
EPISODE:  194
------------------------------------
| time/                 |          |
|    fps                | 33       |
|    iterations         | 38600    |
|    time_elapsed       | 5798     |
|    total_timesteps    | 193000   |
| train/                |          |
|    entropy_loss       | 4.01     |
|    explained_variance | 0        |
|    learning_rate      | 0.0007   |
|    n_updates          | 38599    |
|    policy_loss        | -9.8e+03 |
|    reward             | 824.0266 |
|    std                | 0.0336   |
|    value_loss         | 6.97e+06 |
------------------------------------
-------------------------------------
| time/                 |           |
|    fps                | 33        |
|    iterations         | 38700     |
|    time_elapsed       | 5813      |
|    total_timesteps    | 193500    |
| train/                |           |
|    entropy_loss       | 4.03      |
|    explained_variance | -1.19e-07 |
|    learning_rate      | 0.0007    |
|    n_updates          | 38699     |
|    policy_loss        | -7.94e+03 |
|    reward             | 825.1852  |
|    std                | 0.0333    |
|    value_loss         | 7.33e+06  |
-------------------------------------
EPISODE:  195
-------------------------------------
| time/                 |           |
|    fps                | 33        |
|    iterations         | 38800     |
|    time_elapsed       | 5828      |
|    total_timesteps    | 194000    |
| train/                |           |
|    entropy_loss       | 4.05      |
|    explained_variance | 1.19e-07  |
|    learning_rate      | 0.0007    |
|    n_updates          | 38799     |
|    policy_loss        | -9.97e+03 |
|    reward             | 778.5881  |
|    std                | 0.033     |
|    value_loss         | 6.2e+06   |
-------------------------------------
-------------------------------------
| time/                 |           |
|    fps                | 33        |
|    iterations         | 38900     |
|    time_elapsed       | 5843      |
|    total_timesteps    | 194500    |
| train/                |           |
|    entropy_loss       | 4.05      |
|    explained_variance | 0         |
|    learning_rate      | 0.0007    |
|    n_updates          | 38899     |
|    policy_loss        | -1.18e+04 |
|    reward             | 885.9353  |
|    std                | 0.033     |
|    value_loss         | 8.31e+06  |
-------------------------------------
EPISODE:  196
-------------------------------------
| time/                 |           |
|    fps                | 33        |
|    iterations         | 39000     |
|    time_elapsed       | 5858      |
|    total_timesteps    | 195000    |
| train/                |           |
|    entropy_loss       | 4.07      |
|    explained_variance | 1.19e-07  |
|    learning_rate      | 0.0007    |
|    n_updates          | 38999     |
|    policy_loss        | -9.49e+03 |
|    reward             | 859.58105 |
|    std                | 0.0328    |
|    value_loss         | 7.58e+06  |
-------------------------------------
-------------------------------------
| time/                 |           |
|    fps                | 33        |
|    iterations         | 39100     |
|    time_elapsed       | 5873      |
|    total_timesteps    | 195500    |
| train/                |           |
|    entropy_loss       | 4.1       |
|    explained_variance | 0         |
|    learning_rate      | 0.0007    |
|    n_updates          | 39099     |
|    policy_loss        | -1.12e+04 |
|    reward             | 910.97363 |
|    std                | 0.0323    |
|    value_loss         | 8.79e+06  |
-------------------------------------
EPISODE:  197
-------------------------------------
| time/                 |           |
|    fps                | 33        |
|    iterations         | 39200     |
|    time_elapsed       | 5888      |
|    total_timesteps    | 196000    |
| train/                |           |
|    entropy_loss       | 4.12      |
|    explained_variance | 1.19e-07  |
|    learning_rate      | 0.0007    |
|    n_updates          | 39199     |
|    policy_loss        | -1.01e+04 |
|    reward             | 851.53564 |
|    std                | 0.0319    |
|    value_loss         | 7.44e+06  |
-------------------------------------
-------------------------------------
| time/                 |           |
|    fps                | 33        |
|    iterations         | 39300     |
|    time_elapsed       | 5903      |
|    total_timesteps    | 196500    |
| train/                |           |
|    entropy_loss       | 4.13      |
|    explained_variance | 5.96e-08  |
|    learning_rate      | 0.0007    |
|    n_updates          | 39299     |
|    policy_loss        | -1.1e+04  |
|    reward             | 883.10236 |
|    std                | 0.0317    |
|    value_loss         | 8.36e+06  |
-------------------------------------
EPISODE:  198
-------------------------------------
| time/                 |           |
|    fps                | 33        |
|    iterations         | 39400     |
|    time_elapsed       | 5918      |
|    total_timesteps    | 197000    |
| train/                |           |
|    entropy_loss       | 4.16      |
|    explained_variance | 0         |
|    learning_rate      | 0.0007    |
|    n_updates          | 39399     |
|    policy_loss        | -9.93e+03 |
|    reward             | 841.31793 |
|    std                | 0.0312    |
|    value_loss         | 7.26e+06  |
-------------------------------------
-------------------------------------
| time/                 |           |
|    fps                | 33        |
|    iterations         | 39500     |
|    time_elapsed       | 5933      |
|    total_timesteps    | 197500    |
| train/                |           |
|    entropy_loss       | 4.18      |
|    explained_variance | -2.38e-07 |
|    learning_rate      | 0.0007    |
|    n_updates          | 39499     |
|    policy_loss        | -1.15e+04 |
|    reward             | 825.5203  |
|    std                | 0.031     |
|    value_loss         | 7.34e+06  |
-------------------------------------
EPISODE:  199
-------------------------------------
| time/                 |           |
|    fps                | 33        |
|    iterations         | 39600     |
|    time_elapsed       | 5948      |
|    total_timesteps    | 198000    |
| train/                |           |
|    entropy_loss       | 4.2       |
|    explained_variance | 0         |
|    learning_rate      | 0.0007    |
|    n_updates          | 39599     |
|    policy_loss        | -6.73e+03 |
|    reward             | 767.13025 |
|    std                | 0.0307    |
|    value_loss         | 6.01e+06  |
-------------------------------------
-------------------------------------
| time/                 |           |
|    fps                | 33        |
|    iterations         | 39700     |
|    time_elapsed       | 5963      |
|    total_timesteps    | 198500    |
| train/                |           |
|    entropy_loss       | 4.22      |
|    explained_variance | -1.19e-07 |
|    learning_rate      | 0.0007    |
|    n_updates          | 39699     |
|    policy_loss        | -9.25e+03 |
|    reward             | 827.8675  |
|    std                | 0.0304    |
|    value_loss         | 7.38e+06  |
-------------------------------------
EPISODE:  200
-------------------------------------
| time/                 |           |
|    fps                | 33        |
|    iterations         | 39800     |
|    time_elapsed       | 5978      |
|    total_timesteps    | 199000    |
| train/                |           |
|    entropy_loss       | 4.25      |
|    explained_variance | 0         |
|    learning_rate      | 0.0007    |
|    n_updates          | 39799     |
|    policy_loss        | -1.07e+04 |
|    reward             | 769.7267  |
|    std                | 0.0299    |
|    value_loss         | 6.05e+06  |
-------------------------------------
-------------------------------------
| time/                 |           |
|    fps                | 33        |
|    iterations         | 39900     |
|    time_elapsed       | 5993      |
|    total_timesteps    | 199500    |
| train/                |           |
|    entropy_loss       | 4.28      |
|    explained_variance | -1.19e-07 |
|    learning_rate      | 0.0007    |
|    n_updates          | 39899     |
|    policy_loss        | -8.67e+03 |
|    reward             | 835.8841  |
|    std                | 0.0295    |
|    value_loss         | 7.46e+06  |
-------------------------------------
EPISODE:  201
-------------------------------------
| time/                 |           |
|    fps                | 33        |
|    iterations         | 40000     |
|    time_elapsed       | 6008      |
|    total_timesteps    | 200000    |
| train/                |           |
|    entropy_loss       | 4.3       |
|    explained_variance | 0         |
|    learning_rate      | 0.0007    |
|    n_updates          | 39999     |
|    policy_loss        | -7.63e+03 |
|    reward             | 805.04504 |
|    std                | 0.0292    |
|    value_loss         | 6.63e+06  |
-------------------------------------
-------------------------------------
| time/                 |           |
|    fps                | 33        |
|    iterations         | 40100     |
|    time_elapsed       | 6023      |
|    total_timesteps    | 200500    |
| train/                |           |
|    entropy_loss       | 4.33      |
|    explained_variance | -1.19e-07 |
|    learning_rate      | 0.0007    |
|    n_updates          | 40099     |
|    policy_loss        | -1.12e+04 |
|    reward             | 843.8508  |
|    std                | 0.0288    |
|    value_loss         | 7.58e+06  |
-------------------------------------
EPISODE:  202
-------------------------------------
| time/                 |           |
|    fps                | 33        |
|    iterations         | 40200     |
|    time_elapsed       | 6039      |
|    total_timesteps    | 201000    |
| train/                |           |
|    entropy_loss       | 4.35      |
|    explained_variance | 1.19e-07  |
|    learning_rate      | 0.0007    |
|    n_updates          | 40199     |
|    policy_loss        | -1.08e+04 |
|    reward             | 803.75745 |
|    std                | 0.0285    |
|    value_loss         | 6.61e+06  |
-------------------------------------
-------------------------------------
| time/                 |           |
|    fps                | 33        |
|    iterations         | 40300     |
|    time_elapsed       | 6054      |
|    total_timesteps    | 201500    |
| train/                |           |
|    entropy_loss       | 4.37      |
|    explained_variance | 5.96e-08  |
|    learning_rate      | 0.0007    |
|    n_updates          | 40299     |
|    policy_loss        | -1.08e+04 |
|    reward             | 865.80475 |
|    std                | 0.0283    |
|    value_loss         | 7.93e+06  |
-------------------------------------
EPISODE:  203
-------------------------------------
| time/                 |           |
|    fps                | 33        |
|    iterations         | 40400     |
|    time_elapsed       | 6069      |
|    total_timesteps    | 202000    |
| train/                |           |
|    entropy_loss       | 4.41      |
|    explained_variance | 0         |
|    learning_rate      | 0.0007    |
|    n_updates          | 40399     |
|    policy_loss        | -1.17e+04 |
|    reward             | 817.4933  |
|    std                | 0.0277    |
|    value_loss         | 6.84e+06  |
-------------------------------------
------------------------------------
| time/                 |          |
|    fps                | 33       |
|    iterations         | 40500    |
|    time_elapsed       | 6084     |
|    total_timesteps    | 202500   |
| train/                |          |
|    entropy_loss       | 4.43     |
|    explained_variance | 1.79e-07 |
|    learning_rate      | 0.0007   |
|    n_updates          | 40499    |
|    policy_loss        | -1.3e+04 |
|    reward             | 892.0218 |
|    std                | 0.0275   |
|    value_loss         | 8.49e+06 |
------------------------------------
EPISODE:  204
-------------------------------------
| time/                 |           |
|    fps                | 33        |
|    iterations         | 40600     |
|    time_elapsed       | 6099      |
|    total_timesteps    | 203000    |
| train/                |           |
|    entropy_loss       | 4.47      |
|    explained_variance | -1.19e-07 |
|    learning_rate      | 0.0007    |
|    n_updates          | 40599     |
|    policy_loss        | -1.22e+04 |
|    reward             | 866.7805  |
|    std                | 0.027     |
|    value_loss         | 7.71e+06  |
-------------------------------------
-------------------------------------
| time/                 |           |
|    fps                | 33        |
|    iterations         | 40700     |
|    time_elapsed       | 6114      |
|    total_timesteps    | 203500    |
| train/                |           |
|    entropy_loss       | 4.49      |
|    explained_variance | 0         |
|    learning_rate      | 0.0007    |
|    n_updates          | 40699     |
|    policy_loss        | -9.28e+03 |
|    reward             | 881.05493 |
|    std                | 0.0266    |
|    value_loss         | 8.18e+06  |
-------------------------------------
EPISODE:  205
-------------------------------------
| time/                 |           |
|    fps                | 33        |
|    iterations         | 40800     |
|    time_elapsed       | 6129      |
|    total_timesteps    | 204000    |
| train/                |           |
|    entropy_loss       | 4.51      |
|    explained_variance | 1.79e-07  |
|    learning_rate      | 0.0007    |
|    n_updates          | 40799     |
|    policy_loss        | -1.21e+04 |
|    reward             | 857.47076 |
|    std                | 0.0264    |
|    value_loss         | 7.55e+06  |
-------------------------------------
-------------------------------------
| time/                 |           |
|    fps                | 33        |
|    iterations         | 40900     |
|    time_elapsed       | 6144      |
|    total_timesteps    | 204500    |
| train/                |           |
|    entropy_loss       | 4.52      |
|    explained_variance | -1.19e-07 |
|    learning_rate      | 0.0007    |
|    n_updates          | 40899     |
|    policy_loss        | -1.32e+04 |
|    reward             | 902.19604 |
|    std                | 0.0262    |
|    value_loss         | 8.6e+06   |
-------------------------------------
EPISODE:  206
-------------------------------------
| time/                 |           |
|    fps                | 33        |
|    iterations         | 41000     |
|    time_elapsed       | 6159      |
|    total_timesteps    | 205000    |
| train/                |           |
|    entropy_loss       | 4.55      |
|    explained_variance | 5.96e-08  |
|    learning_rate      | 0.0007    |
|    n_updates          | 40999     |
|    policy_loss        | -1.13e+04 |
|    reward             | 879.7028  |
|    std                | 0.0259    |
|    value_loss         | 7.94e+06  |
-------------------------------------
-------------------------------------
| time/                 |           |
|    fps                | 33        |
|    iterations         | 41100     |
|    time_elapsed       | 6174      |
|    total_timesteps    | 205500    |
| train/                |           |
|    entropy_loss       | 4.56      |
|    explained_variance | 1.79e-07  |
|    learning_rate      | 0.0007    |
|    n_updates          | 41099     |
|    policy_loss        | -1.33e+04 |
|    reward             | 909.2984  |
|    std                | 0.0257    |
|    value_loss         | 8.72e+06  |
-------------------------------------
EPISODE:  207
-------------------------------------
| time/                 |           |
|    fps                | 33        |
|    iterations         | 41200     |
|    time_elapsed       | 6189      |
|    total_timesteps    | 206000    |
| train/                |           |
|    entropy_loss       | 4.58      |
|    explained_variance | -1.19e-07 |
|    learning_rate      | 0.0007    |
|    n_updates          | 41199     |
|    policy_loss        | -1.28e+04 |
|    reward             | 877.2524  |
|    std                | 0.0255    |
|    value_loss         | 7.89e+06  |
-------------------------------------
-------------------------------------
| time/                 |           |
|    fps                | 33        |
|    iterations         | 41300     |
|    time_elapsed       | 6205      |
|    total_timesteps    | 206500    |
| train/                |           |
|    entropy_loss       | 4.64      |
|    explained_variance | 0         |
|    learning_rate      | 0.0007    |
|    n_updates          | 41299     |
|    policy_loss        | -1.34e+04 |
|    reward             | 903.5241  |
|    std                | 0.0248    |
|    value_loss         | 8.62e+06  |
-------------------------------------
EPISODE:  208
-------------------------------------
| time/                 |           |
|    fps                | 33        |
|    iterations         | 41400     |
|    time_elapsed       | 6220      |
|    total_timesteps    | 207000    |
| train/                |           |
|    entropy_loss       | 4.66      |
|    explained_variance | -1.19e-07 |
|    learning_rate      | 0.0007    |
|    n_updates          | 41399     |
|    policy_loss        | -1.31e+04 |
|    reward             | 906.7672  |
|    std                | 0.0246    |
|    value_loss         | 8.44e+06  |
-------------------------------------
-------------------------------------
| time/                 |           |
|    fps                | 33        |
|    iterations         | 41500     |
|    time_elapsed       | 6235      |
|    total_timesteps    | 207500    |
| train/                |           |
|    entropy_loss       | 4.68      |
|    explained_variance | 0         |
|    learning_rate      | 0.0007    |
|    n_updates          | 41499     |
|    policy_loss        | -1.16e+04 |
|    reward             | 827.6935  |
|    std                | 0.0243    |
|    value_loss         | 7.37e+06  |
-------------------------------------
EPISODE:  209
-------------------------------------
| time/                 |           |
|    fps                | 33        |
|    iterations         | 41600     |
|    time_elapsed       | 6250      |
|    total_timesteps    | 208000    |
| train/                |           |
|    entropy_loss       | 4.7       |
|    explained_variance | 1.19e-07  |
|    learning_rate      | 0.0007    |
|    n_updates          | 41599     |
|    policy_loss        | -8.1e+03  |
|    reward             | 770.01135 |
|    std                | 0.0241    |
|    value_loss         | 6.05e+06  |
-------------------------------------
-------------------------------------
| time/                 |           |
|    fps                | 33        |
|    iterations         | 41700     |
|    time_elapsed       | 6265      |
|    total_timesteps    | 208500    |
| train/                |           |
|    entropy_loss       | 4.71      |
|    explained_variance | 0         |
|    learning_rate      | 0.0007    |
|    n_updates          | 41699     |
|    policy_loss        | -1.16e+04 |
|    reward             | 825.5203  |
|    std                | 0.0239    |
|    value_loss         | 7.32e+06  |
-------------------------------------
EPISODE:  210
-------------------------------------
| time/                 |           |
|    fps                | 33        |
|    iterations         | 41800     |
|    time_elapsed       | 6280      |
|    total_timesteps    | 209000    |
| train/                |           |
|    entropy_loss       | 4.74      |
|    explained_variance | 0         |
|    learning_rate      | 0.0007    |
|    n_updates          | 41799     |
|    policy_loss        | -1.08e+04 |
|    reward             | 767.9897  |
|    std                | 0.0237    |
|    value_loss         | 6.02e+06  |
-------------------------------------
-------------------------------------
| time/                 |           |
|    fps                | 33        |
|    iterations         | 41900     |
|    time_elapsed       | 6295      |
|    total_timesteps    | 209500    |
| train/                |           |
|    entropy_loss       | 4.76      |
|    explained_variance | 1.19e-07  |
|    learning_rate      | 0.0007    |
|    n_updates          | 41899     |
|    policy_loss        | -1.26e+04 |
|    reward             | 832.28546 |
|    std                | 0.0233    |
|    value_loss         | 7.37e+06  |
-------------------------------------
EPISODE:  211
-------------------------------------
| time/                 |           |
|    fps                | 33        |
|    iterations         | 42000     |
|    time_elapsed       | 6310      |
|    total_timesteps    | 210000    |
| train/                |           |
|    entropy_loss       | 4.78      |
|    explained_variance | 0         |
|    learning_rate      | 0.0007    |
|    n_updates          | 41999     |
|    policy_loss        | -1.15e+04 |
|    reward             | 780.104   |
|    std                | 0.0231    |
|    value_loss         | 6.21e+06  |
-------------------------------------
-------------------------------------
| time/                 |           |
|    fps                | 33        |
|    iterations         | 42100     |
|    time_elapsed       | 6325      |
|    total_timesteps    | 210500    |
| train/                |           |
|    entropy_loss       | 4.81      |
|    explained_variance | 5.96e-08  |
|    learning_rate      | 0.0007    |
|    n_updates          | 42099     |
|    policy_loss        | -1.44e+04 |
|    reward             | 909.28723 |
|    std                | 0.0228    |
|    value_loss         | 8.72e+06  |
-------------------------------------
EPISODE:  212
-------------------------------------
| time/                 |           |
|    fps                | 33        |
|    iterations         | 42200     |
|    time_elapsed       | 6340      |
|    total_timesteps    | 211000    |
| train/                |           |
|    entropy_loss       | 4.84      |
|    explained_variance | 0         |
|    learning_rate      | 0.0007    |
|    n_updates          | 42199     |
|    policy_loss        | -1.37e+04 |
|    reward             | 889.66077 |
|    std                | 0.0225    |
|    value_loss         | 8.13e+06  |
-------------------------------------
------------------------------------
| time/                 |          |
|    fps                | 33       |
|    iterations         | 42300    |
|    time_elapsed       | 6355     |
|    total_timesteps    | 211500   |
| train/                |          |
|    entropy_loss       | 4.85     |
|    explained_variance | 0        |
|    learning_rate      | 0.0007   |
|    n_updates          | 42299    |
|    policy_loss        | -1.3e+04 |
|    reward             | 896.6227 |
|    std                | 0.0224   |
|    value_loss         | 8.47e+06 |
------------------------------------
EPISODE:  213
-------------------------------------
| time/                 |           |
|    fps                | 33        |
|    iterations         | 42400     |
|    time_elapsed       | 6370      |
|    total_timesteps    | 212000    |
| train/                |           |
|    entropy_loss       | 4.85      |
|    explained_variance | 1.19e-07  |
|    learning_rate      | 0.0007    |
|    n_updates          | 42399     |
|    policy_loss        | -1.28e+04 |
|    reward             | 867.5823  |
|    std                | 0.0224    |
|    value_loss         | 7.71e+06  |
-------------------------------------
-------------------------------------
| time/                 |           |
|    fps                | 33        |
|    iterations         | 42500     |
|    time_elapsed       | 6386      |
|    total_timesteps    | 212500    |
| train/                |           |
|    entropy_loss       | 4.86      |
|    explained_variance | 0         |
|    learning_rate      | 0.0007    |
|    n_updates          | 42499     |
|    policy_loss        | -1.23e+04 |
|    reward             | 906.9216  |
|    std                | 0.0223    |
|    value_loss         | 8.67e+06  |
-------------------------------------
EPISODE:  214
-------------------------------------
| time/                 |           |
|    fps                | 33        |
|    iterations         | 42600     |
|    time_elapsed       | 6401      |
|    total_timesteps    | 213000    |
| train/                |           |
|    entropy_loss       | 4.89      |
|    explained_variance | 0         |
|    learning_rate      | 0.0007    |
|    n_updates          | 42599     |
|    policy_loss        | -1.02e+04 |
|    reward             | 870.923   |
|    std                | 0.022     |
|    value_loss         | 7.78e+06  |
-------------------------------------
-------------------------------------
| time/                 |           |
|    fps                | 33        |
|    iterations         | 42700     |
|    time_elapsed       | 6416      |
|    total_timesteps    | 213500    |
| train/                |           |
|    entropy_loss       | 4.91      |
|    explained_variance | 0         |
|    learning_rate      | 0.0007    |
|    n_updates          | 42699     |
|    policy_loss        | -1.38e+04 |
|    reward             | 869.6174  |
|    std                | 0.0217    |
|    value_loss         | 8.09e+06  |
-------------------------------------
EPISODE:  215
-------------------------------------
| time/                 |           |
|    fps                | 33        |
|    iterations         | 42800     |
|    time_elapsed       | 6431      |
|    total_timesteps    | 214000    |
| train/                |           |
|    entropy_loss       | 4.93      |
|    explained_variance | 0         |
|    learning_rate      | 0.0007    |
|    n_updates          | 42799     |
|    policy_loss        | -1.26e+04 |
|    reward             | 807.9947  |
|    std                | 0.0215    |
|    value_loss         | 6.66e+06  |
-------------------------------------
-------------------------------------
| time/                 |           |
|    fps                | 33        |
|    iterations         | 42900     |
|    time_elapsed       | 6446      |
|    total_timesteps    | 214500    |
| train/                |           |
|    entropy_loss       | 4.97      |
|    explained_variance | 0         |
|    learning_rate      | 0.0007    |
|    n_updates          | 42899     |
|    policy_loss        | -9.75e+03 |
|    reward             | 857.2625  |
|    std                | 0.0211    |
|    value_loss         | 7.86e+06  |
-------------------------------------
EPISODE:  216
-------------------------------------
| time/                 |           |
|    fps                | 33        |
|    iterations         | 43000     |
|    time_elapsed       | 6461      |
|    total_timesteps    | 215000    |
| train/                |           |
|    entropy_loss       | 4.99      |
|    explained_variance | 0         |
|    learning_rate      | 0.0007    |
|    n_updates          | 42999     |
|    policy_loss        | -1.29e+04 |
|    reward             | 804.03314 |
|    std                | 0.0208    |
|    value_loss         | 6.6e+06   |
-------------------------------------
-------------------------------------
| time/                 |           |
|    fps                | 33        |
|    iterations         | 43100     |
|    time_elapsed       | 6476      |
|    total_timesteps    | 215500    |
| train/                |           |
|    entropy_loss       | 5.02      |
|    explained_variance | -1.19e-07 |
|    learning_rate      | 0.0007    |
|    n_updates          | 43099     |
|    policy_loss        | -1.24e+04 |
|    reward             | 825.5203  |
|    std                | 0.0206    |
|    value_loss         | 7.32e+06  |
-------------------------------------
EPISODE:  217
-------------------------------------
| time/                 |           |
|    fps                | 33        |
|    iterations         | 43200     |
|    time_elapsed       | 6491      |
|    total_timesteps    | 216000    |
| train/                |           |
|    entropy_loss       | 5.03      |
|    explained_variance | 0         |
|    learning_rate      | 0.0007    |
|    n_updates          | 43199     |
|    policy_loss        | -9.89e+03 |
|    reward             | 767.9897  |
|    std                | 0.0204    |
|    value_loss         | 6.01e+06  |
-------------------------------------
-------------------------------------
| time/                 |           |
|    fps                | 33        |
|    iterations         | 43300     |
|    time_elapsed       | 6506      |
|    total_timesteps    | 216500    |
| train/                |           |
|    entropy_loss       | 5.05      |
|    explained_variance | 1.79e-07  |
|    learning_rate      | 0.0007    |
|    n_updates          | 43299     |
|    policy_loss        | -1.18e+04 |
|    reward             | 825.5203  |
|    std                | 0.0203    |
|    value_loss         | 7.32e+06  |
-------------------------------------
EPISODE:  218
-------------------------------------
| time/                 |           |
|    fps                | 33        |
|    iterations         | 43400     |
|    time_elapsed       | 6521      |
|    total_timesteps    | 217000    |
| train/                |           |
|    entropy_loss       | 5.06      |
|    explained_variance | 0         |
|    learning_rate      | 0.0007    |
|    n_updates          | 43399     |
|    policy_loss        | -1.22e+04 |
|    reward             | 767.9897  |
|    std                | 0.0201    |
|    value_loss         | 6.01e+06  |
-------------------------------------
------------------------------------
| time/                 |          |
|    fps                | 33       |
|    iterations         | 43500    |
|    time_elapsed       | 6536     |
|    total_timesteps    | 217500   |
| train/                |          |
|    entropy_loss       | 5.07     |
|    explained_variance | 1.19e-07 |
|    learning_rate      | 0.0007   |
|    n_updates          | 43499    |
|    policy_loss        | -1.2e+04 |
|    reward             | 825.5203 |
|    std                | 0.02     |
|    value_loss         | 7.31e+06 |
------------------------------------
EPISODE:  219
-------------------------------------
| time/                 |           |
|    fps                | 33        |
|    iterations         | 43600     |
|    time_elapsed       | 6552      |
|    total_timesteps    | 218000    |
| train/                |           |
|    entropy_loss       | 5.09      |
|    explained_variance | 0         |
|    learning_rate      | 0.0007    |
|    n_updates          | 43599     |
|    policy_loss        | -9.54e+03 |
|    reward             | 767.9897  |
|    std                | 0.0198    |
|    value_loss         | 6.01e+06  |
-------------------------------------
------------------------------------
| time/                 |          |
|    fps                | 33       |
|    iterations         | 43700    |
|    time_elapsed       | 6567     |
|    total_timesteps    | 218500   |
| train/                |          |
|    entropy_loss       | 5.1      |
|    explained_variance | 0        |
|    learning_rate      | 0.0007   |
|    n_updates          | 43699    |
|    policy_loss        | -1.3e+04 |
|    reward             | 825.5203 |
|    std                | 0.0197   |
|    value_loss         | 7.31e+06 |
------------------------------------
EPISODE:  220
-------------------------------------
| time/                 |           |
|    fps                | 33        |
|    iterations         | 43800     |
|    time_elapsed       | 6582      |
|    total_timesteps    | 219000    |
| train/                |           |
|    entropy_loss       | 5.13      |
|    explained_variance | -1.19e-07 |
|    learning_rate      | 0.0007    |
|    n_updates          | 43799     |
|    policy_loss        | -1.17e+04 |
|    reward             | 767.9897  |
|    std                | 0.0194    |
|    value_loss         | 6.01e+06  |
-------------------------------------
-------------------------------------
| time/                 |           |
|    fps                | 33        |
|    iterations         | 43900     |
|    time_elapsed       | 6597      |
|    total_timesteps    | 219500    |
| train/                |           |
|    entropy_loss       | 5.14      |
|    explained_variance | -1.19e-07 |
|    learning_rate      | 0.0007    |
|    n_updates          | 43899     |
|    policy_loss        | -1.34e+04 |
|    reward             | 825.5203  |
|    std                | 0.0193    |
|    value_loss         | 7.31e+06  |
-------------------------------------
EPISODE:  221
-------------------------------------
| time/                 |           |
|    fps                | 33        |
|    iterations         | 44000     |
|    time_elapsed       | 6612      |
|    total_timesteps    | 220000    |
| train/                |           |
|    entropy_loss       | 5.16      |
|    explained_variance | 0         |
|    learning_rate      | 0.0007    |
|    n_updates          | 43999     |
|    policy_loss        | -1.29e+04 |
|    reward             | 767.9897  |
|    std                | 0.0191    |
|    value_loss         | 6e+06     |
-------------------------------------
-------------------------------------
| time/                 |           |
|    fps                | 33        |
|    iterations         | 44100     |
|    time_elapsed       | 6627      |
|    total_timesteps    | 220500    |
| train/                |           |
|    entropy_loss       | 5.18      |
|    explained_variance | 0         |
|    learning_rate      | 0.0007    |
|    n_updates          | 44099     |
|    policy_loss        | -1.29e+04 |
|    reward             | 825.5203  |
|    std                | 0.0189    |
|    value_loss         | 7.31e+06  |
-------------------------------------
EPISODE:  222
-------------------------------------
| time/                 |           |
|    fps                | 33        |
|    iterations         | 44200     |
|    time_elapsed       | 6642      |
|    total_timesteps    | 221000    |
| train/                |           |
|    entropy_loss       | 5.2       |
|    explained_variance | -2.38e-07 |
|    learning_rate      | 0.0007    |
|    n_updates          | 44199     |
|    policy_loss        | -1.25e+04 |
|    reward             | 767.9897  |
|    std                | 0.0188    |
|    value_loss         | 6e+06     |
-------------------------------------
-------------------------------------
| time/                 |           |
|    fps                | 33        |
|    iterations         | 44300     |
|    time_elapsed       | 6657      |
|    total_timesteps    | 221500    |
| train/                |           |
|    entropy_loss       | 5.23      |
|    explained_variance | 0         |
|    learning_rate      | 0.0007    |
|    n_updates          | 44299     |
|    policy_loss        | -1.26e+04 |
|    reward             | 825.5203  |
|    std                | 0.0185    |
|    value_loss         | 7.31e+06  |
-------------------------------------
EPISODE:  223
-------------------------------------
| time/                 |           |
|    fps                | 33        |
|    iterations         | 44400     |
|    time_elapsed       | 6672      |
|    total_timesteps    | 222000    |
| train/                |           |
|    entropy_loss       | 5.25      |
|    explained_variance | 0         |
|    learning_rate      | 0.0007    |
|    n_updates          | 44399     |
|    policy_loss        | -1.08e+04 |
|    reward             | 767.9897  |
|    std                | 0.0183    |
|    value_loss         | 6e+06     |
-------------------------------------
-------------------------------------
| time/                 |           |
|    fps                | 33        |
|    iterations         | 44500     |
|    time_elapsed       | 6687      |
|    total_timesteps    | 222500    |
| train/                |           |
|    entropy_loss       | 5.26      |
|    explained_variance | -1.19e-07 |
|    learning_rate      | 0.0007    |
|    n_updates          | 44499     |
|    policy_loss        | -1.45e+04 |
|    reward             | 825.5203  |
|    std                | 0.0182    |
|    value_loss         | 7.31e+06  |
-------------------------------------
EPISODE:  224
-------------------------------------
| time/                 |           |
|    fps                | 33        |
|    iterations         | 44600     |
|    time_elapsed       | 6702      |
|    total_timesteps    | 223000    |
| train/                |           |
|    entropy_loss       | 5.29      |
|    explained_variance | 1.19e-07  |
|    learning_rate      | 0.0007    |
|    n_updates          | 44599     |
|    policy_loss        | -1.02e+04 |
|    reward             | 767.9897  |
|    std                | 0.0179    |
|    value_loss         | 6e+06     |
-------------------------------------
-------------------------------------
| time/                 |           |
|    fps                | 33        |
|    iterations         | 44700     |
|    time_elapsed       | 6718      |
|    total_timesteps    | 223500    |
| train/                |           |
|    entropy_loss       | 5.3       |
|    explained_variance | 0         |
|    learning_rate      | 0.0007    |
|    n_updates          | 44699     |
|    policy_loss        | -1.28e+04 |
|    reward             | 825.5203  |
|    std                | 0.0178    |
|    value_loss         | 7.31e+06  |
-------------------------------------
EPISODE:  225
------------------------------------
| time/                 |          |
|    fps                | 33       |
|    iterations         | 44800    |
|    time_elapsed       | 6733     |
|    total_timesteps    | 224000   |
| train/                |          |
|    entropy_loss       | 5.34     |
|    explained_variance | 0        |
|    learning_rate      | 0.0007   |
|    n_updates          | 44799    |
|    policy_loss        | -1.2e+04 |
|    reward             | 767.9897 |
|    std                | 0.0174   |
|    value_loss         | 6e+06    |
------------------------------------
-------------------------------------
| time/                 |           |
|    fps                | 33        |
|    iterations         | 44900     |
|    time_elapsed       | 6748      |
|    total_timesteps    | 224500    |
| train/                |           |
|    entropy_loss       | 5.35      |
|    explained_variance | 1.79e-07  |
|    learning_rate      | 0.0007    |
|    n_updates          | 44899     |
|    policy_loss        | -1.36e+04 |
|    reward             | 825.5203  |
|    std                | 0.0174    |
|    value_loss         | 7.31e+06  |
-------------------------------------
EPISODE:  226
-------------------------------------
| time/                 |           |
|    fps                | 33        |
|    iterations         | 45000     |
|    time_elapsed       | 6763      |
|    total_timesteps    | 225000    |
| train/                |           |
|    entropy_loss       | 5.36      |
|    explained_variance | 0         |
|    learning_rate      | 0.0007    |
|    n_updates          | 44999     |
|    policy_loss        | -1.16e+04 |
|    reward             | 767.9897  |
|    std                | 0.0173    |
|    value_loss         | 6e+06     |
-------------------------------------
-------------------------------------
| time/                 |           |
|    fps                | 33        |
|    iterations         | 45100     |
|    time_elapsed       | 6778      |
|    total_timesteps    | 225500    |
| train/                |           |
|    entropy_loss       | 5.39      |
|    explained_variance | 0         |
|    learning_rate      | 0.0007    |
|    n_updates          | 45099     |
|    policy_loss        | -1.06e+04 |
|    reward             | 825.5203  |
|    std                | 0.0171    |
|    value_loss         | 7.31e+06  |
-------------------------------------
EPISODE:  227
-------------------------------------
| time/                 |           |
|    fps                | 33        |
|    iterations         | 45200     |
|    time_elapsed       | 6792      |
|    total_timesteps    | 226000    |
| train/                |           |
|    entropy_loss       | 5.41      |
|    explained_variance | 1.19e-07  |
|    learning_rate      | 0.0007    |
|    n_updates          | 45199     |
|    policy_loss        | -1.02e+04 |
|    reward             | 767.9897  |
|    std                | 0.017     |
|    value_loss         | 6e+06     |
-------------------------------------
-------------------------------------
| time/                 |           |
|    fps                | 33        |
|    iterations         | 45300     |
|    time_elapsed       | 6807      |
|    total_timesteps    | 226500    |
| train/                |           |
|    entropy_loss       | 5.42      |
|    explained_variance | 1.79e-07  |
|    learning_rate      | 0.0007    |
|    n_updates          | 45299     |
|    policy_loss        | -1.36e+04 |
|    reward             | 825.5203  |
|    std                | 0.0169    |
|    value_loss         | 7.31e+06  |
-------------------------------------
EPISODE:  228
-------------------------------------
| time/                 |           |
|    fps                | 33        |
|    iterations         | 45400     |
|    time_elapsed       | 6822      |
|    total_timesteps    | 227000    |
| train/                |           |
|    entropy_loss       | 5.43      |
|    explained_variance | 0         |
|    learning_rate      | 0.0007    |
|    n_updates          | 45399     |
|    policy_loss        | -1.36e+04 |
|    reward             | 767.9897  |
|    std                | 0.0168    |
|    value_loss         | 6e+06     |
-------------------------------------
-------------------------------------
| time/                 |           |
|    fps                | 33        |
|    iterations         | 45500     |
|    time_elapsed       | 6837      |
|    total_timesteps    | 227500    |
| train/                |           |
|    entropy_loss       | 5.45      |
|    explained_variance | 0         |
|    learning_rate      | 0.0007    |
|    n_updates          | 45499     |
|    policy_loss        | -1.48e+04 |
|    reward             | 825.5203  |
|    std                | 0.0166    |
|    value_loss         | 7.3e+06   |
-------------------------------------
EPISODE:  229
-------------------------------------
| time/                 |           |
|    fps                | 33        |
|    iterations         | 45600     |
|    time_elapsed       | 6852      |
|    total_timesteps    | 228000    |
| train/                |           |
|    entropy_loss       | 5.46      |
|    explained_variance | 1.19e-07  |
|    learning_rate      | 0.0007    |
|    n_updates          | 45599     |
|    policy_loss        | -1.17e+04 |
|    reward             | 767.9897  |
|    std                | 0.0166    |
|    value_loss         | 6e+06     |
-------------------------------------
-------------------------------------
| time/                 |           |
|    fps                | 33        |
|    iterations         | 45700     |
|    time_elapsed       | 6867      |
|    total_timesteps    | 228500    |
| train/                |           |
|    entropy_loss       | 5.49      |
|    explained_variance | 1.79e-07  |
|    learning_rate      | 0.0007    |
|    n_updates          | 45699     |
|    policy_loss        | -1.36e+04 |
|    reward             | 825.5203  |
|    std                | 0.0164    |
|    value_loss         | 7.3e+06   |
-------------------------------------
EPISODE:  230
-------------------------------------
| time/                 |           |
|    fps                | 33        |
|    iterations         | 45800     |
|    time_elapsed       | 6881      |
|    total_timesteps    | 229000    |
| train/                |           |
|    entropy_loss       | 5.5       |
|    explained_variance | 0         |
|    learning_rate      | 0.0007    |
|    n_updates          | 45799     |
|    policy_loss        | -1.32e+04 |
|    reward             | 767.9897  |
|    std                | 0.0163    |
|    value_loss         | 6e+06     |
-------------------------------------
-------------------------------------
| time/                 |           |
|    fps                | 33        |
|    iterations         | 45900     |
|    time_elapsed       | 6896      |
|    total_timesteps    | 229500    |
| train/                |           |
|    entropy_loss       | 5.55      |
|    explained_variance | -1.19e-07 |
|    learning_rate      | 0.0007    |
|    n_updates          | 45899     |
|    policy_loss        | -1.37e+04 |
|    reward             | 825.5203  |
|    std                | 0.0159    |
|    value_loss         | 7.3e+06   |
-------------------------------------
EPISODE:  231
-------------------------------------
| time/                 |           |
|    fps                | 33        |
|    iterations         | 46000     |
|    time_elapsed       | 6911      |
|    total_timesteps    | 230000    |
| train/                |           |
|    entropy_loss       | 5.57      |
|    explained_variance | 0         |
|    learning_rate      | 0.0007    |
|    n_updates          | 45999     |
|    policy_loss        | -1.27e+04 |
|    reward             | 767.9897  |
|    std                | 0.0158    |
|    value_loss         | 6e+06     |
-------------------------------------
-------------------------------------
| time/                 |           |
|    fps                | 33        |
|    iterations         | 46100     |
|    time_elapsed       | 6926      |
|    total_timesteps    | 230500    |
| train/                |           |
|    entropy_loss       | 5.57      |
|    explained_variance | 1.79e-07  |
|    learning_rate      | 0.0007    |
|    n_updates          | 46099     |
|    policy_loss        | -1.37e+04 |
|    reward             | 825.5203  |
|    std                | 0.0158    |
|    value_loss         | 7.3e+06   |
-------------------------------------
EPISODE:  232
-------------------------------------
| time/                 |           |
|    fps                | 33        |
|    iterations         | 46200     |
|    time_elapsed       | 6941      |
|    total_timesteps    | 231000    |
| train/                |           |
|    entropy_loss       | 5.6       |
|    explained_variance | 0         |
|    learning_rate      | 0.0007    |
|    n_updates          | 46199     |
|    policy_loss        | -1.34e+04 |
|    reward             | 767.9897  |
|    std                | 0.0156    |
|    value_loss         | 5.99e+06  |
-------------------------------------
-------------------------------------
| time/                 |           |
|    fps                | 33        |
|    iterations         | 46300     |
|    time_elapsed       | 6956      |
|    total_timesteps    | 231500    |
| train/                |           |
|    entropy_loss       | 5.63      |
|    explained_variance | 1.19e-07  |
|    learning_rate      | 0.0007    |
|    n_updates          | 46299     |
|    policy_loss        | -1.37e+04 |
|    reward             | 825.5203  |
|    std                | 0.0154    |
|    value_loss         | 7.3e+06   |
-------------------------------------
EPISODE:  233
-------------------------------------
| time/                 |           |
|    fps                | 33        |
|    iterations         | 46400     |
|    time_elapsed       | 6971      |
|    total_timesteps    | 232000    |
| train/                |           |
|    entropy_loss       | 5.64      |
|    explained_variance | 1.19e-07  |
|    learning_rate      | 0.0007    |
|    n_updates          | 46399     |
|    policy_loss        | -1.38e+04 |
|    reward             | 767.9897  |
|    std                | 0.0153    |
|    value_loss         | 5.99e+06  |
-------------------------------------
-------------------------------------
| time/                 |           |
|    fps                | 33        |
|    iterations         | 46500     |
|    time_elapsed       | 6986      |
|    total_timesteps    | 232500    |
| train/                |           |
|    entropy_loss       | 5.66      |
|    explained_variance | 0         |
|    learning_rate      | 0.0007    |
|    n_updates          | 46499     |
|    policy_loss        | -1.41e+04 |
|    reward             | 825.5203  |
|    std                | 0.0152    |
|    value_loss         | 7.3e+06   |
-------------------------------------
EPISODE:  234
-------------------------------------
| time/                 |           |
|    fps                | 33        |
|    iterations         | 46600     |
|    time_elapsed       | 7001      |
|    total_timesteps    | 233000    |
| train/                |           |
|    entropy_loss       | 5.67      |
|    explained_variance | 1.19e-07  |
|    learning_rate      | 0.0007    |
|    n_updates          | 46599     |
|    policy_loss        | -1.38e+04 |
|    reward             | 767.9897  |
|    std                | 0.0151    |
|    value_loss         | 5.99e+06  |
-------------------------------------
-------------------------------------
| time/                 |           |
|    fps                | 33        |
|    iterations         | 46700     |
|    time_elapsed       | 7016      |
|    total_timesteps    | 233500    |
| train/                |           |
|    entropy_loss       | 5.7       |
|    explained_variance | 0         |
|    learning_rate      | 0.0007    |
|    n_updates          | 46699     |
|    policy_loss        | -1.47e+04 |
|    reward             | 825.5203  |
|    std                | 0.0149    |
|    value_loss         | 7.3e+06   |
-------------------------------------
EPISODE:  235
-------------------------------------
| time/                 |           |
|    fps                | 33        |
|    iterations         | 46800     |
|    time_elapsed       | 7032      |
|    total_timesteps    | 234000    |
| train/                |           |
|    entropy_loss       | 5.73      |
|    explained_variance | -1.19e-07 |
|    learning_rate      | 0.0007    |
|    n_updates          | 46799     |
|    policy_loss        | -1.23e+04 |
|    reward             | 767.9897  |
|    std                | 0.0147    |
|    value_loss         | 5.99e+06  |
-------------------------------------
-------------------------------------
| time/                 |           |
|    fps                | 33        |
|    iterations         | 46900     |
|    time_elapsed       | 7047      |
|    total_timesteps    | 234500    |
| train/                |           |
|    entropy_loss       | 5.75      |
|    explained_variance | 1.19e-07  |
|    learning_rate      | 0.0007    |
|    n_updates          | 46899     |
|    policy_loss        | -1.45e+04 |
|    reward             | 825.5203  |
|    std                | 0.0146    |
|    value_loss         | 7.3e+06   |
-------------------------------------
EPISODE:  236
-------------------------------------
| time/                 |           |
|    fps                | 33        |
|    iterations         | 47000     |
|    time_elapsed       | 7062      |
|    total_timesteps    | 235000    |
| train/                |           |
|    entropy_loss       | 5.75      |
|    explained_variance | 0         |
|    learning_rate      | 0.0007    |
|    n_updates          | 46999     |
|    policy_loss        | -1.14e+04 |
|    reward             | 767.9897  |
|    std                | 0.0146    |
|    value_loss         | 5.99e+06  |
-------------------------------------
-------------------------------------
| time/                 |           |
|    fps                | 33        |
|    iterations         | 47100     |
|    time_elapsed       | 7077      |
|    total_timesteps    | 235500    |
| train/                |           |
|    entropy_loss       | 5.76      |
|    explained_variance | 0         |
|    learning_rate      | 0.0007    |
|    n_updates          | 47099     |
|    policy_loss        | -1.39e+04 |
|    reward             | 825.5203  |
|    std                | 0.0144    |
|    value_loss         | 7.3e+06   |
-------------------------------------
EPISODE:  237
------------------------------------
| time/                 |          |
|    fps                | 33       |
|    iterations         | 47200    |
|    time_elapsed       | 7092     |
|    total_timesteps    | 236000   |
| train/                |          |
|    entropy_loss       | 5.79     |
|    explained_variance | 0        |
|    learning_rate      | 0.0007   |
|    n_updates          | 47199    |
|    policy_loss        | -1.4e+04 |
|    reward             | 767.9897 |
|    std                | 0.0143   |
|    value_loss         | 5.99e+06 |
------------------------------------
-------------------------------------
| time/                 |           |
|    fps                | 33        |
|    iterations         | 47300     |
|    time_elapsed       | 7107      |
|    total_timesteps    | 236500    |
| train/                |           |
|    entropy_loss       | 5.82      |
|    explained_variance | 0         |
|    learning_rate      | 0.0007    |
|    n_updates          | 47299     |
|    policy_loss        | -1.39e+04 |
|    reward             | 825.5203  |
|    std                | 0.0141    |
|    value_loss         | 7.3e+06   |
-------------------------------------
EPISODE:  238
-------------------------------------
| time/                 |           |
|    fps                | 33        |
|    iterations         | 47400     |
|    time_elapsed       | 7122      |
|    total_timesteps    | 237000    |
| train/                |           |
|    entropy_loss       | 5.84      |
|    explained_variance | 0         |
|    learning_rate      | 0.0007    |
|    n_updates          | 47399     |
|    policy_loss        | -1.32e+04 |
|    reward             | 767.9897  |
|    std                | 0.0139    |
|    value_loss         | 5.99e+06  |
-------------------------------------
-------------------------------------
| time/                 |           |
|    fps                | 33        |
|    iterations         | 47500     |
|    time_elapsed       | 7137      |
|    total_timesteps    | 237500    |
| train/                |           |
|    entropy_loss       | 5.87      |
|    explained_variance | 0         |
|    learning_rate      | 0.0007    |
|    n_updates          | 47499     |
|    policy_loss        | -1.22e+04 |
|    reward             | 825.5203  |
|    std                | 0.0138    |
|    value_loss         | 7.29e+06  |
-------------------------------------
EPISODE:  239
-------------------------------------
| time/                 |           |
|    fps                | 33        |
|    iterations         | 47600     |
|    time_elapsed       | 7152      |
|    total_timesteps    | 238000    |
| train/                |           |
|    entropy_loss       | 5.88      |
|    explained_variance | 0         |
|    learning_rate      | 0.0007    |
|    n_updates          | 47599     |
|    policy_loss        | -1.12e+04 |
|    reward             | 767.9897  |
|    std                | 0.0137    |
|    value_loss         | 5.99e+06  |
-------------------------------------
-------------------------------------
| time/                 |           |
|    fps                | 33        |
|    iterations         | 47700     |
|    time_elapsed       | 7167      |
|    total_timesteps    | 238500    |
| train/                |           |
|    entropy_loss       | 5.9       |
|    explained_variance | -1.19e-07 |
|    learning_rate      | 0.0007    |
|    n_updates          | 47699     |
|    policy_loss        | -1.44e+04 |
|    reward             | 825.5203  |
|    std                | 0.0135    |
|    value_loss         | 7.29e+06  |
-------------------------------------
EPISODE:  240
-------------------------------------
| time/                 |           |
|    fps                | 33        |
|    iterations         | 47800     |
|    time_elapsed       | 7182      |
|    total_timesteps    | 239000    |
| train/                |           |
|    entropy_loss       | 5.93      |
|    explained_variance | -1.19e-07 |
|    learning_rate      | 0.0007    |
|    n_updates          | 47799     |
|    policy_loss        | -1.24e+04 |
|    reward             | 767.9897  |
|    std                | 0.0134    |
|    value_loss         | 5.99e+06  |
-------------------------------------
-------------------------------------
| time/                 |           |
|    fps                | 33        |
|    iterations         | 47900     |
|    time_elapsed       | 7198      |
|    total_timesteps    | 239500    |
| train/                |           |
|    entropy_loss       | 5.96      |
|    explained_variance | 1.79e-07  |
|    learning_rate      | 0.0007    |
|    n_updates          | 47899     |
|    policy_loss        | -1.46e+04 |
|    reward             | 825.5203  |
|    std                | 0.0132    |
|    value_loss         | 7.29e+06  |
-------------------------------------
EPISODE:  241
------------------------------------
| time/                 |          |
|    fps                | 33       |
|    iterations         | 48000    |
|    time_elapsed       | 7213     |
|    total_timesteps    | 240000   |
| train/                |          |
|    entropy_loss       | 6        |
|    explained_variance | 0        |
|    learning_rate      | 0.0007   |
|    n_updates          | 47999    |
|    policy_loss        | -1.4e+04 |
|    reward             | 767.9897 |
|    std                | 0.0129   |
|    value_loss         | 5.99e+06 |
------------------------------------
-------------------------------------
| time/                 |           |
|    fps                | 33        |
|    iterations         | 48100     |
|    time_elapsed       | 7228      |
|    total_timesteps    | 240500    |
| train/                |           |
|    entropy_loss       | 6.01      |
|    explained_variance | -1.19e-07 |
|    learning_rate      | 0.0007    |
|    n_updates          | 48099     |
|    policy_loss        | -1.55e+04 |
|    reward             | 825.5203  |
|    std                | 0.0128    |
|    value_loss         | 7.29e+06  |
-------------------------------------
EPISODE:  242
-------------------------------------
| time/                 |           |
|    fps                | 33        |
|    iterations         | 48200     |
|    time_elapsed       | 7243      |
|    total_timesteps    | 241000    |
| train/                |           |
|    entropy_loss       | 6.02      |
|    explained_variance | -1.19e-07 |
|    learning_rate      | 0.0007    |
|    n_updates          | 48199     |
|    policy_loss        | -1.18e+04 |
|    reward             | 767.9897  |
|    std                | 0.0128    |
|    value_loss         | 5.99e+06  |
-------------------------------------
------------------------------------
| time/                 |          |
|    fps                | 33       |
|    iterations         | 48300    |
|    time_elapsed       | 7258     |
|    total_timesteps    | 241500   |
| train/                |          |
|    entropy_loss       | 6.05     |
|    explained_variance | 0        |
|    learning_rate      | 0.0007   |
|    n_updates          | 48299    |
|    policy_loss        | -1.5e+04 |
|    reward             | 825.5203 |
|    std                | 0.0126   |
|    value_loss         | 7.29e+06 |
------------------------------------
EPISODE:  243
-------------------------------------
| time/                 |           |
|    fps                | 33        |
|    iterations         | 48400     |
|    time_elapsed       | 7273      |
|    total_timesteps    | 242000    |
| train/                |           |
|    entropy_loss       | 6.06      |
|    explained_variance | -1.19e-07 |
|    learning_rate      | 0.0007    |
|    n_updates          | 48399     |
|    policy_loss        | -1.45e+04 |
|    reward             | 767.9897  |
|    std                | 0.0125    |
|    value_loss         | 5.98e+06  |
-------------------------------------
------------------------------------
| time/                 |          |
|    fps                | 33       |
|    iterations         | 48500    |
|    time_elapsed       | 7288     |
|    total_timesteps    | 242500   |
| train/                |          |
|    entropy_loss       | 6.08     |
|    explained_variance | 1.19e-07 |
|    learning_rate      | 0.0007   |
|    n_updates          | 48499    |
|    policy_loss        | -1.7e+04 |
|    reward             | 825.5203 |
|    std                | 0.0124   |
|    value_loss         | 7.29e+06 |
------------------------------------
EPISODE:  244
-------------------------------------
| time/                 |           |
|    fps                | 33        |
|    iterations         | 48600     |
|    time_elapsed       | 7303      |
|    total_timesteps    | 243000    |
| train/                |           |
|    entropy_loss       | 6.12      |
|    explained_variance | 1.19e-07  |
|    learning_rate      | 0.0007    |
|    n_updates          | 48599     |
|    policy_loss        | -1.46e+04 |
|    reward             | 767.9897  |
|    std                | 0.0122    |
|    value_loss         | 5.98e+06  |
-------------------------------------
-------------------------------------
| time/                 |           |
|    fps                | 33        |
|    iterations         | 48700     |
|    time_elapsed       | 7318      |
|    total_timesteps    | 243500    |
| train/                |           |
|    entropy_loss       | 6.15      |
|    explained_variance | 0         |
|    learning_rate      | 0.0007    |
|    n_updates          | 48699     |
|    policy_loss        | -1.34e+04 |
|    reward             | 825.5203  |
|    std                | 0.012     |
|    value_loss         | 7.29e+06  |
-------------------------------------
EPISODE:  245
-------------------------------------
| time/                 |           |
|    fps                | 33        |
|    iterations         | 48800     |
|    time_elapsed       | 7333      |
|    total_timesteps    | 244000    |
| train/                |           |
|    entropy_loss       | 6.17      |
|    explained_variance | 0         |
|    learning_rate      | 0.0007    |
|    n_updates          | 48799     |
|    policy_loss        | -1.38e+04 |
|    reward             | 767.9897  |
|    std                | 0.0119    |
|    value_loss         | 5.98e+06  |
-------------------------------------
-------------------------------------
| time/                 |           |
|    fps                | 33        |
|    iterations         | 48900     |
|    time_elapsed       | 7348      |
|    total_timesteps    | 244500    |
| train/                |           |
|    entropy_loss       | 6.19      |
|    explained_variance | 0         |
|    learning_rate      | 0.0007    |
|    n_updates          | 48899     |
|    policy_loss        | -1.56e+04 |
|    reward             | 825.5203  |
|    std                | 0.0118    |
|    value_loss         | 7.29e+06  |
-------------------------------------
EPISODE:  246
-------------------------------------
| time/                 |           |
|    fps                | 33        |
|    iterations         | 49000     |
|    time_elapsed       | 7363      |
|    total_timesteps    | 245000    |
| train/                |           |
|    entropy_loss       | 6.22      |
|    explained_variance | 1.19e-07  |
|    learning_rate      | 0.0007    |
|    n_updates          | 48999     |
|    policy_loss        | -1.28e+04 |
|    reward             | 767.9897  |
|    std                | 0.0116    |
|    value_loss         | 5.98e+06  |
-------------------------------------
-------------------------------------
| time/                 |           |
|    fps                | 33        |
|    iterations         | 49100     |
|    time_elapsed       | 7379      |
|    total_timesteps    | 245500    |
| train/                |           |
|    entropy_loss       | 6.25      |
|    explained_variance | 0         |
|    learning_rate      | 0.0007    |
|    n_updates          | 49099     |
|    policy_loss        | -1.36e+04 |
|    reward             | 825.5203  |
|    std                | 0.0114    |
|    value_loss         | 7.29e+06  |
-------------------------------------
EPISODE:  247
-------------------------------------
| time/                 |           |
|    fps                | 33        |
|    iterations         | 49200     |
|    time_elapsed       | 7393      |
|    total_timesteps    | 246000    |
| train/                |           |
|    entropy_loss       | 6.27      |
|    explained_variance | -1.19e-07 |
|    learning_rate      | 0.0007    |
|    n_updates          | 49199     |
|    policy_loss        | -1.49e+04 |
|    reward             | 767.9897  |
|    std                | 0.0113    |
|    value_loss         | 5.98e+06  |
-------------------------------------
-------------------------------------
| time/                 |           |
|    fps                | 33        |
|    iterations         | 49300     |
|    time_elapsed       | 7408      |
|    total_timesteps    | 246500    |
| train/                |           |
|    entropy_loss       | 6.3       |
|    explained_variance | 0         |
|    learning_rate      | 0.0007    |
|    n_updates          | 49299     |
|    policy_loss        | -1.41e+04 |
|    reward             | 825.5203  |
|    std                | 0.0112    |
|    value_loss         | 7.28e+06  |
-------------------------------------
EPISODE:  248
-------------------------------------
| time/                 |           |
|    fps                | 33        |
|    iterations         | 49400     |
|    time_elapsed       | 7423      |
|    total_timesteps    | 247000    |
| train/                |           |
|    entropy_loss       | 6.33      |
|    explained_variance | 2.38e-07  |
|    learning_rate      | 0.0007    |
|    n_updates          | 49399     |
|    policy_loss        | -1.27e+04 |
|    reward             | 767.9897  |
|    std                | 0.011     |
|    value_loss         | 5.98e+06  |
-------------------------------------
-------------------------------------
| time/                 |           |
|    fps                | 33        |
|    iterations         | 49500     |
|    time_elapsed       | 7439      |
|    total_timesteps    | 247500    |
| train/                |           |
|    entropy_loss       | 6.36      |
|    explained_variance | 0         |
|    learning_rate      | 0.0007    |
|    n_updates          | 49499     |
|    policy_loss        | -1.51e+04 |
|    reward             | 825.5203  |
|    std                | 0.0109    |
|    value_loss         | 7.28e+06  |
-------------------------------------
EPISODE:  249
-------------------------------------
| time/                 |           |
|    fps                | 33        |
|    iterations         | 49600     |
|    time_elapsed       | 7453      |
|    total_timesteps    | 248000    |
| train/                |           |
|    entropy_loss       | 6.36      |
|    explained_variance | 0         |
|    learning_rate      | 0.0007    |
|    n_updates          | 49599     |
|    policy_loss        | -1.39e+04 |
|    reward             | 767.9897  |
|    std                | 0.0109    |
|    value_loss         | 5.98e+06  |
-------------------------------------
-------------------------------------
| time/                 |           |
|    fps                | 33        |
|    iterations         | 49700     |
|    time_elapsed       | 7468      |
|    total_timesteps    | 248500    |
| train/                |           |
|    entropy_loss       | 6.37      |
|    explained_variance | -2.38e-07 |
|    learning_rate      | 0.0007    |
|    n_updates          | 49699     |
|    policy_loss        | -1.66e+04 |
|    reward             | 825.5203  |
|    std                | 0.0108    |
|    value_loss         | 7.28e+06  |
-------------------------------------
EPISODE:  250
-------------------------------------
| time/                 |           |
|    fps                | 33        |
|    iterations         | 49800     |
|    time_elapsed       | 7483      |
|    total_timesteps    | 249000    |
| train/                |           |
|    entropy_loss       | 6.38      |
|    explained_variance | 0         |
|    learning_rate      | 0.0007    |
|    n_updates          | 49799     |
|    policy_loss        | -1.42e+04 |
|    reward             | 767.9897  |
|    std                | 0.0108    |
|    value_loss         | 5.98e+06  |
-------------------------------------
-------------------------------------
| time/                 |           |
|    fps                | 33        |
|    iterations         | 49900     |
|    time_elapsed       | 7498      |
|    total_timesteps    | 249500    |
| train/                |           |
|    entropy_loss       | 6.41      |
|    explained_variance | 1.79e-07  |
|    learning_rate      | 0.0007    |
|    n_updates          | 49899     |
|    policy_loss        | -1.44e+04 |
|    reward             | 825.5203  |
|    std                | 0.0106    |
|    value_loss         | 7.28e+06  |
-------------------------------------
EPISODE:  251
-------------------------------------
| time/                 |           |
|    fps                | 33        |
|    iterations         | 50000     |
|    time_elapsed       | 7513      |
|    total_timesteps    | 250000    |
| train/                |           |
|    entropy_loss       | 6.45      |
|    explained_variance | -1.19e-07 |
|    learning_rate      | 0.0007    |
|    n_updates          | 49999     |
|    policy_loss        | -1.08e+04 |
|    reward             | 767.9897  |
|    std                | 0.0105    |
|    value_loss         | 5.98e+06  |
-------------------------------------
-------------------------------------
| time/                 |           |
|    fps                | 33        |
|    iterations         | 50100     |
|    time_elapsed       | 7528      |
|    total_timesteps    | 250500    |
| train/                |           |
|    entropy_loss       | 6.46      |
|    explained_variance | 0         |
|    learning_rate      | 0.0007    |
|    n_updates          | 50099     |
|    policy_loss        | -1.69e+04 |
|    reward             | 825.5203  |
|    std                | 0.0104    |
|    value_loss         | 7.28e+06  |
-------------------------------------
EPISODE:  252
-------------------------------------
| time/                 |           |
|    fps                | 33        |
|    iterations         | 50200     |
|    time_elapsed       | 7543      |
|    total_timesteps    | 251000    |
| train/                |           |
|    entropy_loss       | 6.48      |
|    explained_variance | 0         |
|    learning_rate      | 0.0007    |
|    n_updates          | 50199     |
|    policy_loss        | -1.38e+04 |
|    reward             | 767.9897  |
|    std                | 0.0103    |
|    value_loss         | 5.98e+06  |
-------------------------------------
-------------------------------------
| time/                 |           |
|    fps                | 33        |
|    iterations         | 50300     |
|    time_elapsed       | 7558      |
|    total_timesteps    | 251500    |
| train/                |           |
|    entropy_loss       | 6.5       |
|    explained_variance | 0         |
|    learning_rate      | 0.0007    |
|    n_updates          | 50299     |
|    policy_loss        | -1.76e+04 |
|    reward             | 825.5203  |
|    std                | 0.0102    |
|    value_loss         | 7.28e+06  |
-------------------------------------
EPISODE:  253
-------------------------------------
| time/                 |           |
|    fps                | 33        |
|    iterations         | 50400     |
|    time_elapsed       | 7573      |
|    total_timesteps    | 252000    |
| train/                |           |
|    entropy_loss       | 6.53      |
|    explained_variance | 0         |
|    learning_rate      | 0.0007    |
|    n_updates          | 50399     |
|    policy_loss        | -1.62e+04 |
|    reward             | 767.9897  |
|    std                | 0.0101    |
|    value_loss         | 5.98e+06  |
-------------------------------------
-------------------------------------
| time/                 |           |
|    fps                | 33        |
|    iterations         | 50500     |
|    time_elapsed       | 7589      |
|    total_timesteps    | 252500    |
| train/                |           |
|    entropy_loss       | 6.54      |
|    explained_variance | 0         |
|    learning_rate      | 0.0007    |
|    n_updates          | 50499     |
|    policy_loss        | -1.67e+04 |
|    reward             | 825.5203  |
|    std                | 0.0101    |
|    value_loss         | 7.28e+06  |
-------------------------------------
EPISODE:  254
-------------------------------------
| time/                 |           |
|    fps                | 33        |
|    iterations         | 50600     |
|    time_elapsed       | 7604      |
|    total_timesteps    | 253000    |
| train/                |           |
|    entropy_loss       | 6.55      |
|    explained_variance | 0         |
|    learning_rate      | 0.0007    |
|    n_updates          | 50599     |
|    policy_loss        | -1.41e+04 |
|    reward             | 767.9897  |
|    std                | 0.01      |
|    value_loss         | 5.97e+06  |
-------------------------------------
-------------------------------------
| time/                 |           |
|    fps                | 33        |
|    iterations         | 50700     |
|    time_elapsed       | 7619      |
|    total_timesteps    | 253500    |
| train/                |           |
|    entropy_loss       | 6.56      |
|    explained_variance | 0         |
|    learning_rate      | 0.0007    |
|    n_updates          | 50699     |
|    policy_loss        | -1.54e+04 |
|    reward             | 825.5203  |
|    std                | 0.01      |
|    value_loss         | 7.28e+06  |
-------------------------------------
EPISODE:  255
-------------------------------------
| time/                 |           |
|    fps                | 33        |
|    iterations         | 50800     |
|    time_elapsed       | 7634      |
|    total_timesteps    | 254000    |
| train/                |           |
|    entropy_loss       | 6.58      |
|    explained_variance | 0         |
|    learning_rate      | 0.0007    |
|    n_updates          | 50799     |
|    policy_loss        | -1.54e+04 |
|    reward             | 767.9897  |
|    std                | 0.0099    |
|    value_loss         | 5.97e+06  |
-------------------------------------
-------------------------------------
| time/                 |           |
|    fps                | 33        |
|    iterations         | 50900     |
|    time_elapsed       | 7648      |
|    total_timesteps    | 254500    |
| train/                |           |
|    entropy_loss       | 6.6       |
|    explained_variance | 0         |
|    learning_rate      | 0.0007    |
|    n_updates          | 50899     |
|    policy_loss        | -1.67e+04 |
|    reward             | 825.5203  |
|    std                | 0.00983   |
|    value_loss         | 7.28e+06  |
-------------------------------------
EPISODE:  256
-------------------------------------
| time/                 |           |
|    fps                | 33        |
|    iterations         | 51000     |
|    time_elapsed       | 7663      |
|    total_timesteps    | 255000    |
| train/                |           |
|    entropy_loss       | 6.62      |
|    explained_variance | 0         |
|    learning_rate      | 0.0007    |
|    n_updates          | 50999     |
|    policy_loss        | -1.46e+04 |
|    reward             | 767.9897  |
|    std                | 0.00977   |
|    value_loss         | 5.97e+06  |
-------------------------------------
-------------------------------------
| time/                 |           |
|    fps                | 33        |
|    iterations         | 51100     |
|    time_elapsed       | 7678      |
|    total_timesteps    | 255500    |
| train/                |           |
|    entropy_loss       | 6.65      |
|    explained_variance | 0         |
|    learning_rate      | 0.0007    |
|    n_updates          | 51099     |
|    policy_loss        | -1.67e+04 |
|    reward             | 825.5203  |
|    std                | 0.00966   |
|    value_loss         | 7.27e+06  |
-------------------------------------
EPISODE:  257
-------------------------------------
| time/                 |           |
|    fps                | 33        |
|    iterations         | 51200     |
|    time_elapsed       | 7693      |
|    total_timesteps    | 256000    |
| train/                |           |
|    entropy_loss       | 6.66      |
|    explained_variance | 1.19e-07  |
|    learning_rate      | 0.0007    |
|    n_updates          | 51199     |
|    policy_loss        | -1.46e+04 |
|    reward             | 767.9897  |
|    std                | 0.00962   |
|    value_loss         | 5.97e+06  |
-------------------------------------
-------------------------------------
| time/                 |           |
|    fps                | 33        |
|    iterations         | 51300     |
|    time_elapsed       | 7708      |
|    total_timesteps    | 256500    |
| train/                |           |
|    entropy_loss       | 6.67      |
|    explained_variance | 0         |
|    learning_rate      | 0.0007    |
|    n_updates          | 51299     |
|    policy_loss        | -1.47e+04 |
|    reward             | 825.5203  |
|    std                | 0.00953   |
|    value_loss         | 7.27e+06  |
-------------------------------------
EPISODE:  258
-------------------------------------
| time/                 |           |
|    fps                | 33        |
|    iterations         | 51400     |
|    time_elapsed       | 7722      |
|    total_timesteps    | 257000    |
| train/                |           |
|    entropy_loss       | 6.7       |
|    explained_variance | 1.19e-07  |
|    learning_rate      | 0.0007    |
|    n_updates          | 51399     |
|    policy_loss        | -1.44e+04 |
|    reward             | 767.9897  |
|    std                | 0.00941   |
|    value_loss         | 5.97e+06  |
-------------------------------------
-------------------------------------
| time/                 |           |
|    fps                | 33        |
|    iterations         | 51500     |
|    time_elapsed       | 7737      |
|    total_timesteps    | 257500    |
| train/                |           |
|    entropy_loss       | 6.71      |
|    explained_variance | 0         |
|    learning_rate      | 0.0007    |
|    n_updates          | 51499     |
|    policy_loss        | -1.65e+04 |
|    reward             | 825.5203  |
|    std                | 0.00936   |
|    value_loss         | 7.27e+06  |
-------------------------------------
EPISODE:  259
-------------------------------------
| time/                 |           |
|    fps                | 33        |
|    iterations         | 51600     |
|    time_elapsed       | 7752      |
|    total_timesteps    | 258000    |
| train/                |           |
|    entropy_loss       | 6.75      |
|    explained_variance | 0         |
|    learning_rate      | 0.0007    |
|    n_updates          | 51599     |
|    policy_loss        | -1.66e+04 |
|    reward             | 767.9897  |
|    std                | 0.00919   |
|    value_loss         | 5.97e+06  |
-------------------------------------
-------------------------------------
| time/                 |           |
|    fps                | 33        |
|    iterations         | 51700     |
|    time_elapsed       | 7767      |
|    total_timesteps    | 258500    |
| train/                |           |
|    entropy_loss       | 6.76      |
|    explained_variance | 0         |
|    learning_rate      | 0.0007    |
|    n_updates          | 51699     |
|    policy_loss        | -1.86e+04 |
|    reward             | 825.5203  |
|    std                | 0.00914   |
|    value_loss         | 7.27e+06  |
-------------------------------------
EPISODE:  260
-------------------------------------
| time/                 |           |
|    fps                | 33        |
|    iterations         | 51800     |
|    time_elapsed       | 7782      |
|    total_timesteps    | 259000    |
| train/                |           |
|    entropy_loss       | 6.77      |
|    explained_variance | -1.19e-07 |
|    learning_rate      | 0.0007    |
|    n_updates          | 51799     |
|    policy_loss        | -1.3e+04  |
|    reward             | 767.9897  |
|    std                | 0.00912   |
|    value_loss         | 5.97e+06  |
-------------------------------------
-------------------------------------
| time/                 |           |
|    fps                | 33        |
|    iterations         | 51900     |
|    time_elapsed       | 7797      |
|    total_timesteps    | 259500    |
| train/                |           |
|    entropy_loss       | 6.78      |
|    explained_variance | 1.19e-07  |
|    learning_rate      | 0.0007    |
|    n_updates          | 51899     |
|    policy_loss        | -1.69e+04 |
|    reward             | 825.4597  |
|    std                | 0.00909   |
|    value_loss         | 7.27e+06  |
-------------------------------------
EPISODE:  261
-------------------------------------
| time/                 |           |
|    fps                | 33        |
|    iterations         | 52000     |
|    time_elapsed       | 7812      |
|    total_timesteps    | 260000    |
| train/                |           |
|    entropy_loss       | 6.8       |
|    explained_variance | 0         |
|    learning_rate      | 0.0007    |
|    n_updates          | 51999     |
|    policy_loss        | -1.11e+04 |
|    reward             | 766.71857 |
|    std                | 0.00904   |
|    value_loss         | 5.95e+06  |
-------------------------------------
-------------------------------------
| time/                 |           |
|    fps                | 33        |
|    iterations         | 52100     |
|    time_elapsed       | 7827      |
|    total_timesteps    | 260500    |
| train/                |           |
|    entropy_loss       | 6.82      |
|    explained_variance | -1.19e-07 |
|    learning_rate      | 0.0007    |
|    n_updates          | 52099     |
|    policy_loss        | -1.54e+04 |
|    reward             | 814.8014  |
|    std                | 0.00894   |
|    value_loss         | 7.17e+06  |
-------------------------------------
EPISODE:  262
-------------------------------------
| time/                 |           |
|    fps                | 33        |
|    iterations         | 52200     |
|    time_elapsed       | 7842      |
|    total_timesteps    | 261000    |
| train/                |           |
|    entropy_loss       | 6.85      |
|    explained_variance | 0         |
|    learning_rate      | 0.0007    |
|    n_updates          | 52199     |
|    policy_loss        | -1.32e+04 |
|    reward             | 724.85284 |
|    std                | 0.00883   |
|    value_loss         | 5.3e+06   |
-------------------------------------
-------------------------------------
| time/                 |           |
|    fps                | 33        |
|    iterations         | 52300     |
|    time_elapsed       | 7857      |
|    total_timesteps    | 261500    |
| train/                |           |
|    entropy_loss       | 6.87      |
|    explained_variance | -2.38e-07 |
|    learning_rate      | 0.0007    |
|    n_updates          | 52299     |
|    policy_loss        | -1.49e+04 |
|    reward             | 782.8983  |
|    std                | 0.00872   |
|    value_loss         | 6.52e+06  |
-------------------------------------
EPISODE:  263
-------------------------------------
| time/                 |           |
|    fps                | 33        |
|    iterations         | 52400     |
|    time_elapsed       | 7872      |
|    total_timesteps    | 262000    |
| train/                |           |
|    entropy_loss       | 6.89      |
|    explained_variance | 1.19e-07  |
|    learning_rate      | 0.0007    |
|    n_updates          | 52399     |
|    policy_loss        | -1.28e+04 |
|    reward             | 717.65985 |
|    std                | 0.00863   |
|    value_loss         | 5.19e+06  |
-------------------------------------
-------------------------------------
| time/                 |           |
|    fps                | 33        |
|    iterations         | 52500     |
|    time_elapsed       | 7887      |
|    total_timesteps    | 262500    |
| train/                |           |
|    entropy_loss       | 6.9       |
|    explained_variance | 0         |
|    learning_rate      | 0.0007    |
|    n_updates          | 52499     |
|    policy_loss        | -1.59e+04 |
|    reward             | 825.2307  |
|    std                | 0.00859   |
|    value_loss         | 7.26e+06  |
-------------------------------------
EPISODE:  264
-------------------------------------
| time/                 |           |
|    fps                | 33        |
|    iterations         | 52600     |
|    time_elapsed       | 7903      |
|    total_timesteps    | 263000    |
| train/                |           |
|    entropy_loss       | 6.91      |
|    explained_variance | 0         |
|    learning_rate      | 0.0007    |
|    n_updates          | 52599     |
|    policy_loss        | -1.52e+04 |
|    reward             | 767.5748  |
|    std                | 0.00851   |
|    value_loss         | 5.96e+06  |
-------------------------------------
-------------------------------------
| time/                 |           |
|    fps                | 33        |
|    iterations         | 52700     |
|    time_elapsed       | 7918      |
|    total_timesteps    | 263500    |
| train/                |           |
|    entropy_loss       | 6.93      |
|    explained_variance | -1.19e-07 |
|    learning_rate      | 0.0007    |
|    n_updates          | 52699     |
|    policy_loss        | -1.77e+04 |
|    reward             | 825.5103  |
|    std                | 0.00844   |
|    value_loss         | 7.27e+06  |
-------------------------------------
EPISODE:  265
-------------------------------------
| time/                 |           |
|    fps                | 33        |
|    iterations         | 52800     |
|    time_elapsed       | 7933      |
|    total_timesteps    | 264000    |
| train/                |           |
|    entropy_loss       | 6.96      |
|    explained_variance | -2.38e-07 |
|    learning_rate      | 0.0007    |
|    n_updates          | 52799     |
|    policy_loss        | -1.45e+04 |
|    reward             | 767.98035 |
|    std                | 0.00836   |
|    value_loss         | 5.96e+06  |
-------------------------------------
-------------------------------------
| time/                 |           |
|    fps                | 33        |
|    iterations         | 52900     |
|    time_elapsed       | 7948      |
|    total_timesteps    | 264500    |
| train/                |           |
|    entropy_loss       | 6.98      |
|    explained_variance | 1.19e-07  |
|    learning_rate      | 0.0007    |
|    n_updates          | 52899     |
|    policy_loss        | -1.71e+04 |
|    reward             | 825.5203  |
|    std                | 0.0083    |
|    value_loss         | 7.27e+06  |
-------------------------------------
EPISODE:  266
-------------------------------------
| time/                 |           |
|    fps                | 33        |
|    iterations         | 53000     |
|    time_elapsed       | 7963      |
|    total_timesteps    | 265000    |
| train/                |           |
|    entropy_loss       | 7.01      |
|    explained_variance | 0         |
|    learning_rate      | 0.0007    |
|    n_updates          | 52999     |
|    policy_loss        | -1.57e+04 |
|    reward             | 767.9897  |
|    std                | 0.00817   |
|    value_loss         | 5.96e+06  |
-------------------------------------
-------------------------------------
| time/                 |           |
|    fps                | 33        |
|    iterations         | 53100     |
|    time_elapsed       | 7978      |
|    total_timesteps    | 265500    |
| train/                |           |
|    entropy_loss       | 7.03      |
|    explained_variance | 1.19e-07  |
|    learning_rate      | 0.0007    |
|    n_updates          | 53099     |
|    policy_loss        | -1.72e+04 |
|    reward             | 825.5203  |
|    std                | 0.00808   |
|    value_loss         | 7.26e+06  |
-------------------------------------
EPISODE:  267
-------------------------------------
| time/                 |           |
|    fps                | 33        |
|    iterations         | 53200     |
|    time_elapsed       | 7993      |
|    total_timesteps    | 266000    |
| train/                |           |
|    entropy_loss       | 7.04      |
|    explained_variance | 0         |
|    learning_rate      | 0.0007    |
|    n_updates          | 53199     |
|    policy_loss        | -1.49e+04 |
|    reward             | 767.9897  |
|    std                | 0.00805   |
|    value_loss         | 5.96e+06  |
-------------------------------------
-------------------------------------
| time/                 |           |
|    fps                | 33        |
|    iterations         | 53300     |
|    time_elapsed       | 8008      |
|    total_timesteps    | 266500    |
| train/                |           |
|    entropy_loss       | 7.07      |
|    explained_variance | 0         |
|    learning_rate      | 0.0007    |
|    n_updates          | 53299     |
|    policy_loss        | -1.86e+04 |
|    reward             | 825.5203  |
|    std                | 0.00795   |
|    value_loss         | 7.26e+06  |
-------------------------------------
EPISODE:  268
-------------------------------------
| time/                 |           |
|    fps                | 33        |
|    iterations         | 53400     |
|    time_elapsed       | 8023      |
|    total_timesteps    | 267000    |
| train/                |           |
|    entropy_loss       | 7.09      |
|    explained_variance | 0         |
|    learning_rate      | 0.0007    |
|    n_updates          | 53399     |
|    policy_loss        | -1.57e+04 |
|    reward             | 767.9897  |
|    std                | 0.00787   |
|    value_loss         | 5.96e+06  |
-------------------------------------
-------------------------------------
| time/                 |           |
|    fps                | 33        |
|    iterations         | 53500     |
|    time_elapsed       | 8038      |
|    total_timesteps    | 267500    |
| train/                |           |
|    entropy_loss       | 7.11      |
|    explained_variance | 1.19e-07  |
|    learning_rate      | 0.0007    |
|    n_updates          | 53499     |
|    policy_loss        | -1.68e+04 |
|    reward             | 825.5203  |
|    std                | 0.00782   |
|    value_loss         | 7.26e+06  |
-------------------------------------
EPISODE:  269
-------------------------------------
| time/                 |           |
|    fps                | 33        |
|    iterations         | 53600     |
|    time_elapsed       | 8053      |
|    total_timesteps    | 268000    |
| train/                |           |
|    entropy_loss       | 7.12      |
|    explained_variance | 0         |
|    learning_rate      | 0.0007    |
|    n_updates          | 53599     |
|    policy_loss        | -1.66e+04 |
|    reward             | 767.9897  |
|    std                | 0.00774   |
|    value_loss         | 5.96e+06  |
-------------------------------------
-------------------------------------
| time/                 |           |
|    fps                | 33        |
|    iterations         | 53700     |
|    time_elapsed       | 8068      |
|    total_timesteps    | 268500    |
| train/                |           |
|    entropy_loss       | 7.15      |
|    explained_variance | 0         |
|    learning_rate      | 0.0007    |
|    n_updates          | 53699     |
|    policy_loss        | -1.87e+04 |
|    reward             | 825.5203  |
|    std                | 0.00765   |
|    value_loss         | 7.26e+06  |
-------------------------------------
EPISODE:  270
-------------------------------------
| time/                 |           |
|    fps                | 33        |
|    iterations         | 53800     |
|    time_elapsed       | 8083      |
|    total_timesteps    | 269000    |
| train/                |           |
|    entropy_loss       | 7.18      |
|    explained_variance | -1.19e-07 |
|    learning_rate      | 0.0007    |
|    n_updates          | 53799     |
|    policy_loss        | -1.71e+04 |
|    reward             | 767.9897  |
|    std                | 0.00752   |
|    value_loss         | 5.96e+06  |
-------------------------------------
-------------------------------------
| time/                 |           |
|    fps                | 33        |
|    iterations         | 53900     |
|    time_elapsed       | 8098      |
|    total_timesteps    | 269500    |
| train/                |           |
|    entropy_loss       | 7.19      |
|    explained_variance | 1.19e-07  |
|    learning_rate      | 0.0007    |
|    n_updates          | 53899     |
|    policy_loss        | -1.91e+04 |
|    reward             | 825.5203  |
|    std                | 0.00746   |
|    value_loss         | 7.26e+06  |
-------------------------------------
EPISODE:  271
-------------------------------------
| time/                 |           |
|    fps                | 33        |
|    iterations         | 54000     |
|    time_elapsed       | 8113      |
|    total_timesteps    | 270000    |
| train/                |           |
|    entropy_loss       | 7.23      |
|    explained_variance | -2.38e-07 |
|    learning_rate      | 0.0007    |
|    n_updates          | 53999     |
|    policy_loss        | -1.67e+04 |
|    reward             | 767.9897  |
|    std                | 0.00737   |
|    value_loss         | 5.96e+06  |
-------------------------------------
-------------------------------------
| time/                 |           |
|    fps                | 33        |
|    iterations         | 54100     |
|    time_elapsed       | 8128      |
|    total_timesteps    | 270500    |
| train/                |           |
|    entropy_loss       | 7.26      |
|    explained_variance | -1.19e-07 |
|    learning_rate      | 0.0007    |
|    n_updates          | 54099     |
|    policy_loss        | -1.81e+04 |
|    reward             | 825.5203  |
|    std                | 0.00725   |
|    value_loss         | 7.26e+06  |
-------------------------------------
EPISODE:  272
-------------------------------------
| time/                 |           |
|    fps                | 33        |
|    iterations         | 54200     |
|    time_elapsed       | 8143      |
|    total_timesteps    | 271000    |
| train/                |           |
|    entropy_loss       | 7.27      |
|    explained_variance | 0         |
|    learning_rate      | 0.0007    |
|    n_updates          | 54199     |
|    policy_loss        | -1.43e+04 |
|    reward             | 767.9897  |
|    std                | 0.00719   |
|    value_loss         | 5.96e+06  |
-------------------------------------
-------------------------------------
| time/                 |           |
|    fps                | 33        |
|    iterations         | 54300     |
|    time_elapsed       | 8159      |
|    total_timesteps    | 271500    |
| train/                |           |
|    entropy_loss       | 7.29      |
|    explained_variance | 0         |
|    learning_rate      | 0.0007    |
|    n_updates          | 54299     |
|    policy_loss        | -1.96e+04 |
|    reward             | 825.5203  |
|    std                | 0.00714   |
|    value_loss         | 7.26e+06  |
-------------------------------------
EPISODE:  273
-------------------------------------
| time/                 |           |
|    fps                | 33        |
|    iterations         | 54400     |
|    time_elapsed       | 8174      |
|    total_timesteps    | 272000    |
| train/                |           |
|    entropy_loss       | 7.29      |
|    explained_variance | 0         |
|    learning_rate      | 0.0007    |
|    n_updates          | 54399     |
|    policy_loss        | -1.63e+04 |
|    reward             | 767.9897  |
|    std                | 0.00711   |
|    value_loss         | 5.96e+06  |
-------------------------------------
-------------------------------------
| time/                 |           |
|    fps                | 33        |
|    iterations         | 54500     |
|    time_elapsed       | 8189      |
|    total_timesteps    | 272500    |
| train/                |           |
|    entropy_loss       | 7.32      |
|    explained_variance | 0         |
|    learning_rate      | 0.0007    |
|    n_updates          | 54499     |
|    policy_loss        | -1.82e+04 |
|    reward             | 825.5203  |
|    std                | 0.00702   |
|    value_loss         | 7.26e+06  |
-------------------------------------
EPISODE:  274
-------------------------------------
| time/                 |           |
|    fps                | 33        |
|    iterations         | 54600     |
|    time_elapsed       | 8204      |
|    total_timesteps    | 273000    |
| train/                |           |
|    entropy_loss       | 7.34      |
|    explained_variance | 0         |
|    learning_rate      | 0.0007    |
|    n_updates          | 54599     |
|    policy_loss        | -1.78e+04 |
|    reward             | 767.9897  |
|    std                | 0.00697   |
|    value_loss         | 5.96e+06  |
-------------------------------------
-------------------------------------
| time/                 |           |
|    fps                | 33        |
|    iterations         | 54700     |
|    time_elapsed       | 8219      |
|    total_timesteps    | 273500    |
| train/                |           |
|    entropy_loss       | 7.35      |
|    explained_variance | 0         |
|    learning_rate      | 0.0007    |
|    n_updates          | 54699     |
|    policy_loss        | -1.76e+04 |
|    reward             | 825.5203  |
|    std                | 0.00693   |
|    value_loss         | 7.26e+06  |
-------------------------------------
EPISODE:  275
-------------------------------------
| time/                 |           |
|    fps                | 33        |
|    iterations         | 54800     |
|    time_elapsed       | 8234      |
|    total_timesteps    | 274000    |
| train/                |           |
|    entropy_loss       | 7.38      |
|    explained_variance | 0         |
|    learning_rate      | 0.0007    |
|    n_updates          | 54799     |
|    policy_loss        | -1.51e+04 |
|    reward             | 767.9897  |
|    std                | 0.00687   |
|    value_loss         | 5.95e+06  |
-------------------------------------
-------------------------------------
| time/                 |           |
|    fps                | 33        |
|    iterations         | 54900     |
|    time_elapsed       | 8249      |
|    total_timesteps    | 274500    |
| train/                |           |
|    entropy_loss       | 7.39      |
|    explained_variance | 0         |
|    learning_rate      | 0.0007    |
|    n_updates          | 54899     |
|    policy_loss        | -1.78e+04 |
|    reward             | 825.5203  |
|    std                | 0.00679   |
|    value_loss         | 7.26e+06  |
-------------------------------------
EPISODE:  276
-------------------------------------
| time/                 |           |
|    fps                | 33        |
|    iterations         | 55000     |
|    time_elapsed       | 8264      |
|    total_timesteps    | 275000    |
| train/                |           |
|    entropy_loss       | 7.41      |
|    explained_variance | 0         |
|    learning_rate      | 0.0007    |
|    n_updates          | 54999     |
|    policy_loss        | -1.73e+04 |
|    reward             | 767.9897  |
|    std                | 0.00674   |
|    value_loss         | 5.95e+06  |
-------------------------------------
-------------------------------------
| time/                 |           |
|    fps                | 33        |
|    iterations         | 55100     |
|    time_elapsed       | 8279      |
|    total_timesteps    | 275500    |
| train/                |           |
|    entropy_loss       | 7.44      |
|    explained_variance | 0         |
|    learning_rate      | 0.0007    |
|    n_updates          | 55099     |
|    policy_loss        | -1.86e+04 |
|    reward             | 825.5203  |
|    std                | 0.00665   |
|    value_loss         | 7.25e+06  |
-------------------------------------
EPISODE:  277
------------------------------------
| time/                 |          |
|    fps                | 33       |
|    iterations         | 55200    |
|    time_elapsed       | 8294     |
|    total_timesteps    | 276000   |
| train/                |          |
|    entropy_loss       | 7.45     |
|    explained_variance | 0        |
|    learning_rate      | 0.0007   |
|    n_updates          | 55199    |
|    policy_loss        | -1.6e+04 |
|    reward             | 767.9897 |
|    std                | 0.00663  |
|    value_loss         | 5.95e+06 |
------------------------------------
-------------------------------------
| time/                 |           |
|    fps                | 33        |
|    iterations         | 55300     |
|    time_elapsed       | 8309      |
|    total_timesteps    | 276500    |
| train/                |           |
|    entropy_loss       | 7.46      |
|    explained_variance | 0         |
|    learning_rate      | 0.0007    |
|    n_updates          | 55299     |
|    policy_loss        | -1.77e+04 |
|    reward             | 825.5203  |
|    std                | 0.0066    |
|    value_loss         | 7.25e+06  |
-------------------------------------
EPISODE:  278
------------------------------------
| time/                 |          |
|    fps                | 33       |
|    iterations         | 55400    |
|    time_elapsed       | 8324     |
|    total_timesteps    | 277000   |
| train/                |          |
|    entropy_loss       | 7.46     |
|    explained_variance | 0        |
|    learning_rate      | 0.0007   |
|    n_updates          | 55399    |
|    policy_loss        | -1.7e+04 |
|    reward             | 767.9897 |
|    std                | 0.00661  |
|    value_loss         | 5.95e+06 |
------------------------------------
-------------------------------------
| time/                 |           |
|    fps                | 33        |
|    iterations         | 55500     |
|    time_elapsed       | 8339      |
|    total_timesteps    | 277500    |
| train/                |           |
|    entropy_loss       | 7.46      |
|    explained_variance | 0         |
|    learning_rate      | 0.0007    |
|    n_updates          | 55499     |
|    policy_loss        | -1.88e+04 |
|    reward             | 825.5203  |
|    std                | 0.00659   |
|    value_loss         | 7.25e+06  |
-------------------------------------
EPISODE:  279
-------------------------------------
| time/                 |           |
|    fps                | 33        |
|    iterations         | 55600     |
|    time_elapsed       | 8354      |
|    total_timesteps    | 278000    |
| train/                |           |
|    entropy_loss       | 7.49      |
|    explained_variance | 0         |
|    learning_rate      | 0.0007    |
|    n_updates          | 55599     |
|    policy_loss        | -1.76e+04 |
|    reward             | 767.9897  |
|    std                | 0.00651   |
|    value_loss         | 5.95e+06  |
-------------------------------------
-------------------------------------
| time/                 |           |
|    fps                | 33        |
|    iterations         | 55700     |
|    time_elapsed       | 8369      |
|    total_timesteps    | 278500    |
| train/                |           |
|    entropy_loss       | 7.51      |
|    explained_variance | 0         |
|    learning_rate      | 0.0007    |
|    n_updates          | 55699     |
|    policy_loss        | -1.67e+04 |
|    reward             | 825.5203  |
|    std                | 0.00645   |
|    value_loss         | 7.25e+06  |
-------------------------------------
EPISODE:  280
-------------------------------------
| time/                 |           |
|    fps                | 33        |
|    iterations         | 55800     |
|    time_elapsed       | 8385      |
|    total_timesteps    | 279000    |
| train/                |           |
|    entropy_loss       | 7.52      |
|    explained_variance | 0         |
|    learning_rate      | 0.0007    |
|    n_updates          | 55799     |
|    policy_loss        | -1.68e+04 |
|    reward             | 767.9897  |
|    std                | 0.00642   |
|    value_loss         | 5.95e+06  |
-------------------------------------
-------------------------------------
| time/                 |           |
|    fps                | 33        |
|    iterations         | 55900     |
|    time_elapsed       | 8400      |
|    total_timesteps    | 279500    |
| train/                |           |
|    entropy_loss       | 7.54      |
|    explained_variance | 0         |
|    learning_rate      | 0.0007    |
|    n_updates          | 55899     |
|    policy_loss        | -1.76e+04 |
|    reward             | 825.5203  |
|    std                | 0.00638   |
|    value_loss         | 7.25e+06  |
-------------------------------------
EPISODE:  281
-------------------------------------
| time/                 |           |
|    fps                | 33        |
|    iterations         | 56000     |
|    time_elapsed       | 8415      |
|    total_timesteps    | 280000    |
| train/                |           |
|    entropy_loss       | 7.55      |
|    explained_variance | 0         |
|    learning_rate      | 0.0007    |
|    n_updates          | 55999     |
|    policy_loss        | -1.45e+04 |
|    reward             | 767.9897  |
|    std                | 0.00634   |
|    value_loss         | 5.95e+06  |
-------------------------------------
-------------------------------------
| time/                 |           |
|    fps                | 33        |
|    iterations         | 56100     |
|    time_elapsed       | 8430      |
|    total_timesteps    | 280500    |
| train/                |           |
|    entropy_loss       | 7.56      |
|    explained_variance | 0         |
|    learning_rate      | 0.0007    |
|    n_updates          | 56099     |
|    policy_loss        | -1.88e+04 |
|    reward             | 825.5203  |
|    std                | 0.00631   |
|    value_loss         | 7.25e+06  |
-------------------------------------
EPISODE:  282
-------------------------------------
| time/                 |           |
|    fps                | 33        |
|    iterations         | 56200     |
|    time_elapsed       | 8445      |
|    total_timesteps    | 281000    |
| train/                |           |
|    entropy_loss       | 7.57      |
|    explained_variance | 0         |
|    learning_rate      | 0.0007    |
|    n_updates          | 56199     |
|    policy_loss        | -1.65e+04 |
|    reward             | 767.9897  |
|    std                | 0.00629   |
|    value_loss         | 5.95e+06  |
-------------------------------------
-------------------------------------
| time/                 |           |
|    fps                | 33        |
|    iterations         | 56300     |
|    time_elapsed       | 8460      |
|    total_timesteps    | 281500    |
| train/                |           |
|    entropy_loss       | 7.58      |
|    explained_variance | 0         |
|    learning_rate      | 0.0007    |
|    n_updates          | 56299     |
|    policy_loss        | -1.83e+04 |
|    reward             | 825.5203  |
|    std                | 0.00625   |
|    value_loss         | 7.25e+06  |
-------------------------------------
EPISODE:  283
------------------------------------
| time/                 |          |
|    fps                | 33       |
|    iterations         | 56400    |
|    time_elapsed       | 8475     |
|    total_timesteps    | 282000   |
| train/                |          |
|    entropy_loss       | 7.59     |
|    explained_variance | 0        |
|    learning_rate      | 0.0007   |
|    n_updates          | 56399    |
|    policy_loss        | -1.6e+04 |
|    reward             | 767.9897 |
|    std                | 0.00622  |
|    value_loss         | 5.95e+06 |
------------------------------------
-------------------------------------
| time/                 |           |
|    fps                | 33        |
|    iterations         | 56500     |
|    time_elapsed       | 8490      |
|    total_timesteps    | 282500    |
| train/                |           |
|    entropy_loss       | 7.61      |
|    explained_variance | 0         |
|    learning_rate      | 0.0007    |
|    n_updates          | 56499     |
|    policy_loss        | -1.96e+04 |
|    reward             | 825.5203  |
|    std                | 0.00616   |
|    value_loss         | 7.25e+06  |
-------------------------------------
EPISODE:  284
-------------------------------------
| time/                 |           |
|    fps                | 33        |
|    iterations         | 56600     |
|    time_elapsed       | 8505      |
|    total_timesteps    | 283000    |
| train/                |           |
|    entropy_loss       | 7.63      |
|    explained_variance | 0         |
|    learning_rate      | 0.0007    |
|    n_updates          | 56599     |
|    policy_loss        | -1.79e+04 |
|    reward             | 767.9897  |
|    std                | 0.00612   |
|    value_loss         | 5.95e+06  |
-------------------------------------
------------------------------------
| time/                 |          |
|    fps                | 33       |
|    iterations         | 56700    |
|    time_elapsed       | 8520     |
|    total_timesteps    | 283500   |
| train/                |          |
|    entropy_loss       | 7.66     |
|    explained_variance | 0        |
|    learning_rate      | 0.0007   |
|    n_updates          | 56699    |
|    policy_loss        | -1.9e+04 |
|    reward             | 825.5203 |
|    std                | 0.00602  |
|    value_loss         | 7.25e+06 |
------------------------------------
EPISODE:  285
-------------------------------------
| time/                 |           |
|    fps                | 33        |
|    iterations         | 56800     |
|    time_elapsed       | 8535      |
|    total_timesteps    | 284000    |
| train/                |           |
|    entropy_loss       | 7.67      |
|    explained_variance | 0         |
|    learning_rate      | 0.0007    |
|    n_updates          | 56799     |
|    policy_loss        | -1.63e+04 |
|    reward             | 767.9897  |
|    std                | 0.00599   |
|    value_loss         | 5.95e+06  |
-------------------------------------
-------------------------------------
| time/                 |           |
|    fps                | 33        |
|    iterations         | 56900     |
|    time_elapsed       | 8550      |
|    total_timesteps    | 284500    |
| train/                |           |
|    entropy_loss       | 7.69      |
|    explained_variance | 0         |
|    learning_rate      | 0.0007    |
|    n_updates          | 56899     |
|    policy_loss        | -1.79e+04 |
|    reward             | 825.5203  |
|    std                | 0.00593   |
|    value_loss         | 7.25e+06  |
-------------------------------------
EPISODE:  286
-------------------------------------
| time/                 |           |
|    fps                | 33        |
|    iterations         | 57000     |
|    time_elapsed       | 8566      |
|    total_timesteps    | 285000    |
| train/                |           |
|    entropy_loss       | 7.69      |
|    explained_variance | 0         |
|    learning_rate      | 0.0007    |
|    n_updates          | 56999     |
|    policy_loss        | -1.62e+04 |
|    reward             | 771.20233 |
|    std                | 0.00593   |
|    value_loss         | 6e+06     |
-------------------------------------
-------------------------------------
| time/                 |           |
|    fps                | 33        |
|    iterations         | 57100     |
|    time_elapsed       | 8581      |
|    total_timesteps    | 285500    |
| train/                |           |
|    entropy_loss       | 7.71      |
|    explained_variance | 0         |
|    learning_rate      | 0.0007    |
|    n_updates          | 57099     |
|    policy_loss        | -1.82e+04 |
|    reward             | 822.6683  |
|    std                | 0.00588   |
|    value_loss         | 7.19e+06  |
-------------------------------------
EPISODE:  287
-------------------------------------
| time/                 |           |
|    fps                | 33        |
|    iterations         | 57200     |
|    time_elapsed       | 8596      |
|    total_timesteps    | 286000    |
| train/                |           |
|    entropy_loss       | 7.74      |
|    explained_variance | 0         |
|    learning_rate      | 0.0007    |
|    n_updates          | 57199     |
|    policy_loss        | -1.77e+04 |
|    reward             | 765.3364  |
|    std                | 0.00578   |
|    value_loss         | 5.9e+06   |
-------------------------------------
-------------------------------------
| time/                 |           |
|    fps                | 33        |
|    iterations         | 57300     |
|    time_elapsed       | 8611      |
|    total_timesteps    | 286500    |
| train/                |           |
|    entropy_loss       | 7.76      |
|    explained_variance | 0         |
|    learning_rate      | 0.0007    |
|    n_updates          | 57299     |
|    policy_loss        | -1.85e+04 |
|    reward             | 825.5203  |
|    std                | 0.00572   |
|    value_loss         | 7.24e+06  |
-------------------------------------
EPISODE:  288
-------------------------------------
| time/                 |           |
|    fps                | 33        |
|    iterations         | 57400     |
|    time_elapsed       | 8626      |
|    total_timesteps    | 287000    |
| train/                |           |
|    entropy_loss       | 7.78      |
|    explained_variance | 0         |
|    learning_rate      | 0.0007    |
|    n_updates          | 57399     |
|    policy_loss        | -1.88e+04 |
|    reward             | 767.9897  |
|    std                | 0.00569   |
|    value_loss         | 5.94e+06  |
-------------------------------------
-------------------------------------
| time/                 |           |
|    fps                | 33        |
|    iterations         | 57500     |
|    time_elapsed       | 8641      |
|    total_timesteps    | 287500    |
| train/                |           |
|    entropy_loss       | 7.81      |
|    explained_variance | 0         |
|    learning_rate      | 0.0007    |
|    n_updates          | 57499     |
|    policy_loss        | -1.94e+04 |
|    reward             | 825.5203  |
|    std                | 0.00561   |
|    value_loss         | 7.24e+06  |
-------------------------------------
EPISODE:  289
-------------------------------------
| time/                 |           |
|    fps                | 33        |
|    iterations         | 57600     |
|    time_elapsed       | 8656      |
|    total_timesteps    | 288000    |
| train/                |           |
|    entropy_loss       | 7.86      |
|    explained_variance | 0         |
|    learning_rate      | 0.0007    |
|    n_updates          | 57599     |
|    policy_loss        | -1.85e+04 |
|    reward             | 767.9897  |
|    std                | 0.00549   |
|    value_loss         | 5.94e+06  |
-------------------------------------
-------------------------------------
| time/                 |           |
|    fps                | 33        |
|    iterations         | 57700     |
|    time_elapsed       | 8671      |
|    total_timesteps    | 288500    |
| train/                |           |
|    entropy_loss       | 7.86      |
|    explained_variance | 0         |
|    learning_rate      | 0.0007    |
|    n_updates          | 57699     |
|    policy_loss        | -1.98e+04 |
|    reward             | 825.5203  |
|    std                | 0.00551   |
|    value_loss         | 7.24e+06  |
-------------------------------------
EPISODE:  290
------------------------------------
| time/                 |          |
|    fps                | 33       |
|    iterations         | 57800    |
|    time_elapsed       | 8686     |
|    total_timesteps    | 289000   |
| train/                |          |
|    entropy_loss       | 7.89     |
|    explained_variance | 0        |
|    learning_rate      | 0.0007   |
|    n_updates          | 57799    |
|    policy_loss        | -1.8e+04 |
|    reward             | 767.9897 |
|    std                | 0.00544  |
|    value_loss         | 5.94e+06 |
------------------------------------
-------------------------------------
| time/                 |           |
|    fps                | 33        |
|    iterations         | 57900     |
|    time_elapsed       | 8701      |
|    total_timesteps    | 289500    |
| train/                |           |
|    entropy_loss       | 7.92      |
|    explained_variance | 0         |
|    learning_rate      | 0.0007    |
|    n_updates          | 57899     |
|    policy_loss        | -1.81e+04 |
|    reward             | 825.5203  |
|    std                | 0.00538   |
|    value_loss         | 7.24e+06  |
-------------------------------------
EPISODE:  291
-------------------------------------
| time/                 |           |
|    fps                | 33        |
|    iterations         | 58000     |
|    time_elapsed       | 8716      |
|    total_timesteps    | 290000    |
| train/                |           |
|    entropy_loss       | 7.94      |
|    explained_variance | 0         |
|    learning_rate      | 0.0007    |
|    n_updates          | 57999     |
|    policy_loss        | -1.79e+04 |
|    reward             | 767.9897  |
|    std                | 0.00533   |
|    value_loss         | 5.94e+06  |
-------------------------------------
-------------------------------------
| time/                 |           |
|    fps                | 33        |
|    iterations         | 58100     |
|    time_elapsed       | 8731      |
|    total_timesteps    | 290500    |
| train/                |           |
|    entropy_loss       | 7.97      |
|    explained_variance | 0         |
|    learning_rate      | 0.0007    |
|    n_updates          | 58099     |
|    policy_loss        | -1.74e+04 |
|    reward             | 825.5203  |
|    std                | 0.00524   |
|    value_loss         | 7.24e+06  |
-------------------------------------
EPISODE:  292
-------------------------------------
| time/                 |           |
|    fps                | 33        |
|    iterations         | 58200     |
|    time_elapsed       | 8746      |
|    total_timesteps    | 291000    |
| train/                |           |
|    entropy_loss       | 7.98      |
|    explained_variance | 0         |
|    learning_rate      | 0.0007    |
|    n_updates          | 58199     |
|    policy_loss        | -1.62e+04 |
|    reward             | 767.8482  |
|    std                | 0.00523   |
|    value_loss         | 5.94e+06  |
-------------------------------------
-------------------------------------
| time/                 |           |
|    fps                | 33        |
|    iterations         | 58300     |
|    time_elapsed       | 8762      |
|    total_timesteps    | 291500    |
| train/                |           |
|    entropy_loss       | 8         |
|    explained_variance | 0         |
|    learning_rate      | 0.0007    |
|    n_updates          | 58299     |
|    policy_loss        | -1.73e+04 |
|    reward             | 832.53296 |
|    std                | 0.00519   |
|    value_loss         | 7.38e+06  |
-------------------------------------
EPISODE:  293
-------------------------------------
| time/                 |           |
|    fps                | 33        |
|    iterations         | 58400     |
|    time_elapsed       | 8777      |
|    total_timesteps    | 292000    |
| train/                |           |
|    entropy_loss       | 8.02      |
|    explained_variance | 0         |
|    learning_rate      | 0.0007    |
|    n_updates          | 58399     |
|    policy_loss        | -1.66e+04 |
|    reward             | 764.44934 |
|    std                | 0.00514   |
|    value_loss         | 5.88e+06  |
-------------------------------------
-------------------------------------
| time/                 |           |
|    fps                | 33        |
|    iterations         | 58500     |
|    time_elapsed       | 8792      |
|    total_timesteps    | 292500    |
| train/                |           |
|    entropy_loss       | 8.03      |
|    explained_variance | 0         |
|    learning_rate      | 0.0007    |
|    n_updates          | 58499     |
|    policy_loss        | -1.94e+04 |
|    reward             | 811.8095  |
|    std                | 0.00512   |
|    value_loss         | 6.99e+06  |
-------------------------------------
EPISODE:  294
------------------------------------
| time/                 |          |
|    fps                | 33       |
|    iterations         | 58600    |
|    time_elapsed       | 8807     |
|    total_timesteps    | 293000   |
| train/                |          |
|    entropy_loss       | 8.03     |
|    explained_variance | 0        |
|    learning_rate      | 0.0007   |
|    n_updates          | 58599    |
|    policy_loss        | -1.9e+04 |
|    reward             | 755.2344 |
|    std                | 0.0051   |
|    value_loss         | 5.74e+06 |
------------------------------------
-------------------------------------
| time/                 |           |
|    fps                | 33        |
|    iterations         | 58700     |
|    time_elapsed       | 8822      |
|    total_timesteps    | 293500    |
| train/                |           |
|    entropy_loss       | 8.07      |
|    explained_variance | 0         |
|    learning_rate      | 0.0007    |
|    n_updates          | 58699     |
|    policy_loss        | -1.74e+04 |
|    reward             | 825.5203  |
|    std                | 0.00502   |
|    value_loss         | 7.24e+06  |
-------------------------------------
EPISODE:  295
-------------------------------------
| time/                 |           |
|    fps                | 33        |
|    iterations         | 58800     |
|    time_elapsed       | 8837      |
|    total_timesteps    | 294000    |
| train/                |           |
|    entropy_loss       | 8.09      |
|    explained_variance | 0         |
|    learning_rate      | 0.0007    |
|    n_updates          | 58799     |
|    policy_loss        | -1.81e+04 |
|    reward             | 768.6274  |
|    std                | 0.00499   |
|    value_loss         | 5.95e+06  |
-------------------------------------
-------------------------------------
| time/                 |           |
|    fps                | 33        |
|    iterations         | 58900     |
|    time_elapsed       | 8852      |
|    total_timesteps    | 294500    |
| train/                |           |
|    entropy_loss       | 8.11      |
|    explained_variance | 0         |
|    learning_rate      | 0.0007    |
|    n_updates          | 58899     |
|    policy_loss        | -2.02e+04 |
|    reward             | 825.5203  |
|    std                | 0.00496   |
|    value_loss         | 7.24e+06  |
-------------------------------------
EPISODE:  296
-------------------------------------
| time/                 |           |
|    fps                | 33        |
|    iterations         | 59000     |
|    time_elapsed       | 8867      |
|    total_timesteps    | 295000    |
| train/                |           |
|    entropy_loss       | 8.13      |
|    explained_variance | 2.38e-07  |
|    learning_rate      | 0.0007    |
|    n_updates          | 58999     |
|    policy_loss        | -1.82e+04 |
|    reward             | 770.65857 |
|    std                | 0.00492   |
|    value_loss         | 5.98e+06  |
-------------------------------------
-------------------------------------
| time/                 |           |
|    fps                | 33        |
|    iterations         | 59100     |
|    time_elapsed       | 8882      |
|    total_timesteps    | 295500    |
| train/                |           |
|    entropy_loss       | 8.14      |
|    explained_variance | 1.19e-07  |
|    learning_rate      | 0.0007    |
|    n_updates          | 59099     |
|    policy_loss        | -1.93e+04 |
|    reward             | 798.81    |
|    std                | 0.00489   |
|    value_loss         | 6.78e+06  |
-------------------------------------
EPISODE:  297
-------------------------------------
| time/                 |           |
|    fps                | 33        |
|    iterations         | 59200     |
|    time_elapsed       | 8897      |
|    total_timesteps    | 296000    |
| train/                |           |
|    entropy_loss       | 8.17      |
|    explained_variance | 0         |
|    learning_rate      | 0.0007    |
|    n_updates          | 59199     |
|    policy_loss        | -1.4e+04  |
|    reward             | 733.16113 |
|    std                | 0.00483   |
|    value_loss         | 5.39e+06  |
-------------------------------------
-------------------------------------
| time/                 |           |
|    fps                | 33        |
|    iterations         | 59300     |
|    time_elapsed       | 8912      |
|    total_timesteps    | 296500    |
| train/                |           |
|    entropy_loss       | 8.2       |
|    explained_variance | 0         |
|    learning_rate      | 0.0007    |
|    n_updates          | 59299     |
|    policy_loss        | -1.91e+04 |
|    reward             | 790.009   |
|    std                | 0.00476   |
|    value_loss         | 6.69e+06  |
-------------------------------------
EPISODE:  298
-------------------------------------
| time/                 |           |
|    fps                | 33        |
|    iterations         | 59400     |
|    time_elapsed       | 8927      |
|    total_timesteps    | 297000    |
| train/                |           |
|    entropy_loss       | 8.24      |
|    explained_variance | 0         |
|    learning_rate      | 0.0007    |
|    n_updates          | 59399     |
|    policy_loss        | -1.47e+04 |
|    reward             | 707.19543 |
|    std                | 0.00468   |
|    value_loss         | 5.01e+06  |
-------------------------------------
-------------------------------------
| time/                 |           |
|    fps                | 33        |
|    iterations         | 59500     |
|    time_elapsed       | 8943      |
|    total_timesteps    | 297500    |
| train/                |           |
|    entropy_loss       | 8.26      |
|    explained_variance | -1.19e-07 |
|    learning_rate      | 0.0007    |
|    n_updates          | 59499     |
|    policy_loss        | -1.9e+04  |
|    reward             | 824.14496 |
|    std                | 0.00461   |
|    value_loss         | 7.21e+06  |
-------------------------------------
EPISODE:  299
-------------------------------------
| time/                 |           |
|    fps                | 33        |
|    iterations         | 59600     |
|    time_elapsed       | 8958      |
|    total_timesteps    | 298000    |
| train/                |           |
|    entropy_loss       | 8.27      |
|    explained_variance | -1.19e-07 |
|    learning_rate      | 0.0007    |
|    n_updates          | 59599     |
|    policy_loss        | -1.9e+04  |
|    reward             | 766.7102  |
|    std                | 0.00459   |
|    value_loss         | 5.91e+06  |
-------------------------------------
-------------------------------------
| time/                 |           |
|    fps                | 33        |
|    iterations         | 59700     |
|    time_elapsed       | 8973      |
|    total_timesteps    | 298500    |
| train/                |           |
|    entropy_loss       | 8.29      |
|    explained_variance | -1.19e-07 |
|    learning_rate      | 0.0007    |
|    n_updates          | 59699     |
|    policy_loss        | -1.79e+04 |
|    reward             | 825.5203  |
|    std                | 0.00457   |
|    value_loss         | 7.23e+06  |
-------------------------------------
EPISODE:  300
-------------------------------------
| time/                 |           |
|    fps                | 33        |
|    iterations         | 59800     |
|    time_elapsed       | 8988      |
|    total_timesteps    | 299000    |
| train/                |           |
|    entropy_loss       | 8.31      |
|    explained_variance | 0         |
|    learning_rate      | 0.0007    |
|    n_updates          | 59799     |
|    policy_loss        | -1.84e+04 |
|    reward             | 767.9897  |
|    std                | 0.00453   |
|    value_loss         | 5.93e+06  |
-------------------------------------
-------------------------------------
| time/                 |           |
|    fps                | 33        |
|    iterations         | 59900     |
|    time_elapsed       | 9002      |
|    total_timesteps    | 299500    |
| train/                |           |
|    entropy_loss       | 8.33      |
|    explained_variance | 0         |
|    learning_rate      | 0.0007    |
|    n_updates          | 59899     |
|    policy_loss        | -2.02e+04 |
|    reward             | 825.5203  |
|    std                | 0.00451   |
|    value_loss         | 7.23e+06  |
-------------------------------------
EPISODE:  301
-------------------------------------
| time/                 |           |
|    fps                | 33        |
|    iterations         | 60000     |
|    time_elapsed       | 9017      |
|    total_timesteps    | 300000    |
| train/                |           |
|    entropy_loss       | 8.34      |
|    explained_variance | 0         |
|    learning_rate      | 0.0007    |
|    n_updates          | 59999     |
|    policy_loss        | -1.79e+04 |
|    reward             | 767.9897  |
|    std                | 0.00446   |
|    value_loss         | 5.93e+06  |
-------------------------------------
-------------------------------------
| time/                 |           |
|    fps                | 33        |
|    iterations         | 60100     |
|    time_elapsed       | 9032      |
|    total_timesteps    | 300500    |
| train/                |           |
|    entropy_loss       | 8.35      |
|    explained_variance | 0         |
|    learning_rate      | 0.0007    |
|    n_updates          | 60099     |
|    policy_loss        | -2.11e+04 |
|    reward             | 825.5203  |
|    std                | 0.00445   |
|    value_loss         | 7.23e+06  |
-------------------------------------
EPISODE:  302
-------------------------------------
| time/                 |           |
|    fps                | 33        |
|    iterations         | 60200     |
|    time_elapsed       | 9047      |
|    total_timesteps    | 301000    |
| train/                |           |
|    entropy_loss       | 8.36      |
|    explained_variance | 0         |
|    learning_rate      | 0.0007    |
|    n_updates          | 60199     |
|    policy_loss        | -1.76e+04 |
|    reward             | 768.4976  |
|    std                | 0.00443   |
|    value_loss         | 5.93e+06  |
-------------------------------------
-------------------------------------
| time/                 |           |
|    fps                | 33        |
|    iterations         | 60300     |
|    time_elapsed       | 9062      |
|    total_timesteps    | 301500    |
| train/                |           |
|    entropy_loss       | 8.37      |
|    explained_variance | 1.19e-07  |
|    learning_rate      | 0.0007    |
|    n_updates          | 60299     |
|    policy_loss        | -1.98e+04 |
|    reward             | 790.16943 |
|    std                | 0.00442   |
|    value_loss         | 6.66e+06  |
-------------------------------------
EPISODE:  303
-------------------------------------
| time/                 |           |
|    fps                | 33        |
|    iterations         | 60400     |
|    time_elapsed       | 9077      |
|    total_timesteps    | 302000    |
| train/                |           |
|    entropy_loss       | 8.38      |
|    explained_variance | 0         |
|    learning_rate      | 0.0007    |
|    n_updates          | 60399     |
|    policy_loss        | -1.74e+04 |
|    reward             | 705.8301  |
|    std                | 0.00438   |
|    value_loss         | 4.98e+06  |
-------------------------------------
-------------------------------------
| time/                 |           |
|    fps                | 33        |
|    iterations         | 60500     |
|    time_elapsed       | 9091      |
|    total_timesteps    | 302500    |
| train/                |           |
|    entropy_loss       | 8.41      |
|    explained_variance | 0         |
|    learning_rate      | 0.0007    |
|    n_updates          | 60499     |
|    policy_loss        | -2.17e+04 |
|    reward             | 822.71423 |
|    std                | 0.00434   |
|    value_loss         | 7.18e+06  |
-------------------------------------
EPISODE:  304
-------------------------------------
| time/                 |           |
|    fps                | 33        |
|    iterations         | 60600     |
|    time_elapsed       | 9106      |
|    total_timesteps    | 303000    |
| train/                |           |
|    entropy_loss       | 8.42      |
|    explained_variance | 0         |
|    learning_rate      | 0.0007    |
|    n_updates          | 60599     |
|    policy_loss        | -1.78e+04 |
|    reward             | 763.72815 |
|    std                | 0.00432   |
|    value_loss         | 5.86e+06  |
-------------------------------------
-------------------------------------
| time/                 |           |
|    fps                | 33        |
|    iterations         | 60700     |
|    time_elapsed       | 9121      |
|    total_timesteps    | 303500    |
| train/                |           |
|    entropy_loss       | 8.45      |
|    explained_variance | 0         |
|    learning_rate      | 0.0007    |
|    n_updates          | 60699     |
|    policy_loss        | -1.96e+04 |
|    reward             | 753.18506 |
|    std                | 0.00428   |
|    value_loss         | 6.13e+06  |
-------------------------------------
EPISODE:  305
-------------------------------------
| time/                 |           |
|    fps                | 33        |
|    iterations         | 60800     |
|    time_elapsed       | 9136      |
|    total_timesteps    | 304000    |
| train/                |           |
|    entropy_loss       | 8.47      |
|    explained_variance | 0         |
|    learning_rate      | 0.0007    |
|    n_updates          | 60799     |
|    policy_loss        | -1.61e+04 |
|    reward             | 666.85455 |
|    std                | 0.00423   |
|    value_loss         | 4.43e+06  |
-------------------------------------
-------------------------------------
| time/                 |           |
|    fps                | 33        |
|    iterations         | 60900     |
|    time_elapsed       | 9151      |
|    total_timesteps    | 304500    |
| train/                |           |
|    entropy_loss       | 8.47      |
|    explained_variance | 0         |
|    learning_rate      | 0.0007    |
|    n_updates          | 60899     |
|    policy_loss        | -1.81e+04 |
|    reward             | 741.80035 |
|    std                | 0.00423   |
|    value_loss         | 5.94e+06  |
-------------------------------------
EPISODE:  306
-------------------------------------
| time/                 |           |
|    fps                | 33        |
|    iterations         | 61000     |
|    time_elapsed       | 9166      |
|    total_timesteps    | 305000    |
| train/                |           |
|    entropy_loss       | 8.48      |
|    explained_variance | 0         |
|    learning_rate      | 0.0007    |
|    n_updates          | 60999     |
|    policy_loss        | -1.44e+04 |
|    reward             | 656.7748  |
|    std                | 0.00423   |
|    value_loss         | 4.29e+06  |
-------------------------------------
-------------------------------------
| time/                 |           |
|    fps                | 33        |
|    iterations         | 61100     |
|    time_elapsed       | 9181      |
|    total_timesteps    | 305500    |
| train/                |           |
|    entropy_loss       | 8.51      |
|    explained_variance | -1.19e-07 |
|    learning_rate      | 0.0007    |
|    n_updates          | 61099     |
|    policy_loss        | -1.68e+04 |
|    reward             | 741.80035 |
|    std                | 0.00417   |
|    value_loss         | 5.94e+06  |
-------------------------------------
EPISODE:  307
-------------------------------------
| time/                 |           |
|    fps                | 33        |
|    iterations         | 61200     |
|    time_elapsed       | 9195      |
|    total_timesteps    | 306000    |
| train/                |           |
|    entropy_loss       | 8.52      |
|    explained_variance | 0         |
|    learning_rate      | 0.0007    |
|    n_updates          | 61199     |
|    policy_loss        | -1.53e+04 |
|    reward             | 656.7748  |
|    std                | 0.00416   |
|    value_loss         | 4.29e+06  |
-------------------------------------
-------------------------------------
| time/                 |           |
|    fps                | 33        |
|    iterations         | 61300     |
|    time_elapsed       | 9210      |
|    total_timesteps    | 306500    |
| train/                |           |
|    entropy_loss       | 8.51      |
|    explained_variance | 0         |
|    learning_rate      | 0.0007    |
|    n_updates          | 61299     |
|    policy_loss        | -1.94e+04 |
|    reward             | 741.80035 |
|    std                | 0.00419   |
|    value_loss         | 5.93e+06  |
-------------------------------------
EPISODE:  308
-------------------------------------
| time/                 |           |
|    fps                | 33        |
|    iterations         | 61400     |
|    time_elapsed       | 9225      |
|    total_timesteps    | 307000    |
| train/                |           |
|    entropy_loss       | 8.53      |
|    explained_variance | 0         |
|    learning_rate      | 0.0007    |
|    n_updates          | 61399     |
|    policy_loss        | -1.59e+04 |
|    reward             | 656.7748  |
|    std                | 0.00417   |
|    value_loss         | 4.29e+06  |
-------------------------------------
-------------------------------------
| time/                 |           |
|    fps                | 33        |
|    iterations         | 61500     |
|    time_elapsed       | 9240      |
|    total_timesteps    | 307500    |
| train/                |           |
|    entropy_loss       | 8.55      |
|    explained_variance | 1.19e-07  |
|    learning_rate      | 0.0007    |
|    n_updates          | 61499     |
|    policy_loss        | -2e+04    |
|    reward             | 741.80035 |
|    std                | 0.00416   |
|    value_loss         | 5.93e+06  |
-------------------------------------
EPISODE:  309
-------------------------------------
| time/                 |           |
|    fps                | 33        |
|    iterations         | 61600     |
|    time_elapsed       | 9255      |
|    total_timesteps    | 308000    |
| train/                |           |
|    entropy_loss       | 8.56      |
|    explained_variance | 0         |
|    learning_rate      | 0.0007    |
|    n_updates          | 61599     |
|    policy_loss        | -1.39e+04 |
|    reward             | 651.9724  |
|    std                | 0.00414   |
|    value_loss         | 4.22e+06  |
-------------------------------------
-------------------------------------
| time/                 |           |
|    fps                | 33        |
|    iterations         | 61700     |
|    time_elapsed       | 9269      |
|    total_timesteps    | 308500    |
| train/                |           |
|    entropy_loss       | 8.57      |
|    explained_variance | 1.19e-07  |
|    learning_rate      | 0.0007    |
|    n_updates          | 61699     |
|    policy_loss        | -1.77e+04 |
|    reward             | 774.98395 |
|    std                | 0.00414   |
|    value_loss         | 6.45e+06  |
-------------------------------------
EPISODE:  310
-------------------------------------
| time/                 |           |
|    fps                | 33        |
|    iterations         | 61800     |
|    time_elapsed       | 9284      |
|    total_timesteps    | 309000    |
| train/                |           |
|    entropy_loss       | 8.59      |
|    explained_variance | 0         |
|    learning_rate      | 0.0007    |
|    n_updates          | 61799     |
|    policy_loss        | -1.45e+04 |
|    reward             | 682.08905 |
|    std                | 0.00412   |
|    value_loss         | 4.64e+06  |
-------------------------------------
-------------------------------------
| time/                 |           |
|    fps                | 33        |
|    iterations         | 61900     |
|    time_elapsed       | 9299      |
|    total_timesteps    | 309500    |
| train/                |           |
|    entropy_loss       | 8.61      |
|    explained_variance | -1.19e-07 |
|    learning_rate      | 0.0007    |
|    n_updates          | 61899     |
|    policy_loss        | -1.88e+04 |
|    reward             | 757.16406 |
|    std                | 0.00409   |
|    value_loss         | 6.19e+06  |
-------------------------------------
EPISODE:  311
-------------------------------------
| time/                 |           |
|    fps                | 33        |
|    iterations         | 62000     |
|    time_elapsed       | 9314      |
|    total_timesteps    | 310000    |
| train/                |           |
|    entropy_loss       | 8.62      |
|    explained_variance | 0         |
|    learning_rate      | 0.0007    |
|    n_updates          | 61999     |
|    policy_loss        | -1.75e+04 |
|    reward             | 670.3775  |
|    std                | 0.00406   |
|    value_loss         | 4.47e+06  |
-------------------------------------
-------------------------------------
| time/                 |           |
|    fps                | 33        |
|    iterations         | 62100     |
|    time_elapsed       | 9329      |
|    total_timesteps    | 310500    |
| train/                |           |
|    entropy_loss       | 8.64      |
|    explained_variance | 0         |
|    learning_rate      | 0.0007    |
|    n_updates          | 62099     |
|    policy_loss        | -2.02e+04 |
|    reward             | 741.80035 |
|    std                | 0.00405   |
|    value_loss         | 5.93e+06  |
-------------------------------------
EPISODE:  312
-------------------------------------
| time/                 |           |
|    fps                | 33        |
|    iterations         | 62200     |
|    time_elapsed       | 9343      |
|    total_timesteps    | 311000    |
| train/                |           |
|    entropy_loss       | 8.66      |
|    explained_variance | 0         |
|    learning_rate      | 0.0007    |
|    n_updates          | 62199     |
|    policy_loss        | -1.61e+04 |
|    reward             | 656.7748  |
|    std                | 0.00401   |
|    value_loss         | 4.29e+06  |
-------------------------------------
-------------------------------------
| time/                 |           |
|    fps                | 33        |
|    iterations         | 62300     |
|    time_elapsed       | 9358      |
|    total_timesteps    | 311500    |
| train/                |           |
|    entropy_loss       | 8.67      |
|    explained_variance | 0         |
|    learning_rate      | 0.0007    |
|    n_updates          | 62299     |
|    policy_loss        | -1.95e+04 |
|    reward             | 744.8592  |
|    std                | 0.00399   |
|    value_loss         | 5.98e+06  |
-------------------------------------
EPISODE:  313
-------------------------------------
| time/                 |           |
|    fps                | 33        |
|    iterations         | 62400     |
|    time_elapsed       | 9373      |
|    total_timesteps    | 312000    |
| train/                |           |
|    entropy_loss       | 8.72      |
|    explained_variance | 0         |
|    learning_rate      | 0.0007    |
|    n_updates          | 62399     |
|    policy_loss        | -1.55e+04 |
|    reward             | 659.483   |
|    std                | 0.00392   |
|    value_loss         | 4.32e+06  |
-------------------------------------
-------------------------------------
| time/                 |           |
|    fps                | 33        |
|    iterations         | 62500     |
|    time_elapsed       | 9388      |
|    total_timesteps    | 312500    |
| train/                |           |
|    entropy_loss       | 8.73      |
|    explained_variance | 0         |
|    learning_rate      | 0.0007    |
|    n_updates          | 62499     |
|    policy_loss        | -1.96e+04 |
|    reward             | 741.80035 |
|    std                | 0.0039    |
|    value_loss         | 5.93e+06  |
-------------------------------------
EPISODE:  314
-------------------------------------
| time/                 |           |
|    fps                | 33        |
|    iterations         | 62600     |
|    time_elapsed       | 9403      |
|    total_timesteps    | 313000    |
| train/                |           |
|    entropy_loss       | 8.75      |
|    explained_variance | -1.19e-07 |
|    learning_rate      | 0.0007    |
|    n_updates          | 62599     |
|    policy_loss        | -1.58e+04 |
|    reward             | 656.7748  |
|    std                | 0.00386   |
|    value_loss         | 4.29e+06  |
-------------------------------------
-------------------------------------
| time/                 |           |
|    fps                | 33        |
|    iterations         | 62700     |
|    time_elapsed       | 9417      |
|    total_timesteps    | 313500    |
| train/                |           |
|    entropy_loss       | 8.78      |
|    explained_variance | 0         |
|    learning_rate      | 0.0007    |
|    n_updates          | 62699     |
|    policy_loss        | -1.98e+04 |
|    reward             | 741.80035 |
|    std                | 0.00382   |
|    value_loss         | 5.93e+06  |
-------------------------------------
EPISODE:  315
-------------------------------------
| time/                 |           |
|    fps                | 33        |
|    iterations         | 62800     |
|    time_elapsed       | 9432      |
|    total_timesteps    | 314000    |
| train/                |           |
|    entropy_loss       | 8.79      |
|    explained_variance | 0         |
|    learning_rate      | 0.0007    |
|    n_updates          | 62799     |
|    policy_loss        | -1.71e+04 |
|    reward             | 656.7748  |
|    std                | 0.00383   |
|    value_loss         | 4.29e+06  |
-------------------------------------
-------------------------------------
| time/                 |           |
|    fps                | 33        |
|    iterations         | 62900     |
|    time_elapsed       | 9447      |
|    total_timesteps    | 314500    |
| train/                |           |
|    entropy_loss       | 8.81      |
|    explained_variance | 0         |
|    learning_rate      | 0.0007    |
|    n_updates          | 62899     |
|    policy_loss        | -1.9e+04  |
|    reward             | 741.80035 |
|    std                | 0.00379   |
|    value_loss         | 5.93e+06  |
-------------------------------------
EPISODE:  316
-------------------------------------
| time/                 |           |
|    fps                | 33        |
|    iterations         | 63000     |
|    time_elapsed       | 9462      |
|    total_timesteps    | 315000    |
| train/                |           |
|    entropy_loss       | 8.83      |
|    explained_variance | 0         |
|    learning_rate      | 0.0007    |
|    n_updates          | 62999     |
|    policy_loss        | -1.57e+04 |
|    reward             | 656.7748  |
|    std                | 0.00377   |
|    value_loss         | 4.29e+06  |
-------------------------------------
-------------------------------------
| time/                 |           |
|    fps                | 33        |
|    iterations         | 63100     |
|    time_elapsed       | 9477      |
|    total_timesteps    | 315500    |
| train/                |           |
|    entropy_loss       | 8.84      |
|    explained_variance | -1.19e-07 |
|    learning_rate      | 0.0007    |
|    n_updates          | 63099     |
|    policy_loss        | -1.75e+04 |
|    reward             | 741.80035 |
|    std                | 0.00375   |
|    value_loss         | 5.93e+06  |
-------------------------------------
EPISODE:  317
-------------------------------------
| time/                 |           |
|    fps                | 33        |
|    iterations         | 63200     |
|    time_elapsed       | 9491      |
|    total_timesteps    | 316000    |
| train/                |           |
|    entropy_loss       | 8.85      |
|    explained_variance | 0         |
|    learning_rate      | 0.0007    |
|    n_updates          | 63199     |
|    policy_loss        | -1.59e+04 |
|    reward             | 656.7748  |
|    std                | 0.00374   |
|    value_loss         | 4.28e+06  |
-------------------------------------
-------------------------------------
| time/                 |           |
|    fps                | 33        |
|    iterations         | 63300     |
|    time_elapsed       | 9506      |
|    total_timesteps    | 316500    |
| train/                |           |
|    entropy_loss       | 8.87      |
|    explained_variance | 0         |
|    learning_rate      | 0.0007    |
|    n_updates          | 63299     |
|    policy_loss        | -2.04e+04 |
|    reward             | 741.80035 |
|    std                | 0.0037    |
|    value_loss         | 5.93e+06  |
-------------------------------------
EPISODE:  318
-------------------------------------
| time/                 |           |
|    fps                | 33        |
|    iterations         | 63400     |
|    time_elapsed       | 9521      |
|    total_timesteps    | 317000    |
| train/                |           |
|    entropy_loss       | 8.9       |
|    explained_variance | 0         |
|    learning_rate      | 0.0007    |
|    n_updates          | 63399     |
|    policy_loss        | -1.55e+04 |
|    reward             | 656.7748  |
|    std                | 0.00366   |
|    value_loss         | 4.28e+06  |
-------------------------------------
-------------------------------------
| time/                 |           |
|    fps                | 33        |
|    iterations         | 63500     |
|    time_elapsed       | 9536      |
|    total_timesteps    | 317500    |
| train/                |           |
|    entropy_loss       | 8.91      |
|    explained_variance | 0         |
|    learning_rate      | 0.0007    |
|    n_updates          | 63499     |
|    policy_loss        | -1.69e+04 |
|    reward             | 741.80035 |
|    std                | 0.00363   |
|    value_loss         | 5.93e+06  |
-------------------------------------
EPISODE:  319
-------------------------------------
| time/                 |           |
|    fps                | 33        |
|    iterations         | 63600     |
|    time_elapsed       | 9551      |
|    total_timesteps    | 318000    |
| train/                |           |
|    entropy_loss       | 8.92      |
|    explained_variance | 5.96e-08  |
|    learning_rate      | 0.0007    |
|    n_updates          | 63599     |
|    policy_loss        | -1.65e+04 |
|    reward             | 656.7748  |
|    std                | 0.00361   |
|    value_loss         | 4.28e+06  |
-------------------------------------
-------------------------------------
| time/                 |           |
|    fps                | 33        |
|    iterations         | 63700     |
|    time_elapsed       | 9565      |
|    total_timesteps    | 318500    |
| train/                |           |
|    entropy_loss       | 8.94      |
|    explained_variance | 0         |
|    learning_rate      | 0.0007    |
|    n_updates          | 63699     |
|    policy_loss        | -2.12e+04 |
|    reward             | 741.80035 |
|    std                | 0.00359   |
|    value_loss         | 5.92e+06  |
-------------------------------------
EPISODE:  320
-------------------------------------
| time/                 |           |
|    fps                | 33        |
|    iterations         | 63800     |
|    time_elapsed       | 9580      |
|    total_timesteps    | 319000    |
| train/                |           |
|    entropy_loss       | 8.95      |
|    explained_variance | 0         |
|    learning_rate      | 0.0007    |
|    n_updates          | 63799     |
|    policy_loss        | -1.77e+04 |
|    reward             | 656.7748  |
|    std                | 0.00356   |
|    value_loss         | 4.28e+06  |
-------------------------------------
-------------------------------------
| time/                 |           |
|    fps                | 33        |
|    iterations         | 63900     |
|    time_elapsed       | 9595      |
|    total_timesteps    | 319500    |
| train/                |           |
|    entropy_loss       | 8.96      |
|    explained_variance | 0         |
|    learning_rate      | 0.0007    |
|    n_updates          | 63899     |
|    policy_loss        | -1.53e+04 |
|    reward             | 741.80035 |
|    std                | 0.00356   |
|    value_loss         | 5.92e+06  |
-------------------------------------
EPISODE:  321
-------------------------------------
| time/                 |           |
|    fps                | 33        |
|    iterations         | 64000     |
|    time_elapsed       | 9610      |
|    total_timesteps    | 320000    |
| train/                |           |
|    entropy_loss       | 8.96      |
|    explained_variance | 0         |
|    learning_rate      | 0.0007    |
|    n_updates          | 63999     |
|    policy_loss        | -1.73e+04 |
|    reward             | 656.7748  |
|    std                | 0.00355   |
|    value_loss         | 4.28e+06  |
-------------------------------------
-------------------------------------
| time/                 |           |
|    fps                | 33        |
|    iterations         | 64100     |
|    time_elapsed       | 9625      |
|    total_timesteps    | 320500    |
| train/                |           |
|    entropy_loss       | 8.97      |
|    explained_variance | 0         |
|    learning_rate      | 0.0007    |
|    n_updates          | 64099     |
|    policy_loss        | -1.94e+04 |
|    reward             | 741.80035 |
|    std                | 0.00354   |
|    value_loss         | 5.92e+06  |
-------------------------------------
EPISODE:  322
-------------------------------------
| time/                 |           |
|    fps                | 33        |
|    iterations         | 64200     |
|    time_elapsed       | 9640      |
|    total_timesteps    | 321000    |
| train/                |           |
|    entropy_loss       | 8.97      |
|    explained_variance | 0         |
|    learning_rate      | 0.0007    |
|    n_updates          | 64199     |
|    policy_loss        | -1.74e+04 |
|    reward             | 656.7748  |
|    std                | 0.00354   |
|    value_loss         | 4.28e+06  |
-------------------------------------
-------------------------------------
| time/                 |           |
|    fps                | 33        |
|    iterations         | 64300     |
|    time_elapsed       | 9655      |
|    total_timesteps    | 321500    |
| train/                |           |
|    entropy_loss       | 8.99      |
|    explained_variance | 0         |
|    learning_rate      | 0.0007    |
|    n_updates          | 64299     |
|    policy_loss        | -2.05e+04 |
|    reward             | 741.80035 |
|    std                | 0.00351   |
|    value_loss         | 5.92e+06  |
-------------------------------------
EPISODE:  323
-------------------------------------
| time/                 |           |
|    fps                | 33        |
|    iterations         | 64400     |
|    time_elapsed       | 9670      |
|    total_timesteps    | 322000    |
| train/                |           |
|    entropy_loss       | 9.01      |
|    explained_variance | 0         |
|    learning_rate      | 0.0007    |
|    n_updates          | 64399     |
|    policy_loss        | -1.67e+04 |
|    reward             | 656.7748  |
|    std                | 0.00348   |
|    value_loss         | 4.28e+06  |
-------------------------------------
-------------------------------------
| time/                 |           |
|    fps                | 33        |
|    iterations         | 64500     |
|    time_elapsed       | 9685      |
|    total_timesteps    | 322500    |
| train/                |           |
|    entropy_loss       | 9.01      |
|    explained_variance | 0         |
|    learning_rate      | 0.0007    |
|    n_updates          | 64499     |
|    policy_loss        | -1.94e+04 |
|    reward             | 741.80035 |
|    std                | 0.0035    |
|    value_loss         | 5.92e+06  |
-------------------------------------
EPISODE:  324
-------------------------------------
| time/                 |           |
|    fps                | 33        |
|    iterations         | 64600     |
|    time_elapsed       | 9700      |
|    total_timesteps    | 323000    |
| train/                |           |
|    entropy_loss       | 9.05      |
|    explained_variance | 0         |
|    learning_rate      | 0.0007    |
|    n_updates          | 64599     |
|    policy_loss        | -1.71e+04 |
|    reward             | 656.7748  |
|    std                | 0.00342   |
|    value_loss         | 4.28e+06  |
-------------------------------------
-------------------------------------
| time/                 |           |
|    fps                | 33        |
|    iterations         | 64700     |
|    time_elapsed       | 9715      |
|    total_timesteps    | 323500    |
| train/                |           |
|    entropy_loss       | 9.05      |
|    explained_variance | 0         |
|    learning_rate      | 0.0007    |
|    n_updates          | 64699     |
|    policy_loss        | -2.09e+04 |
|    reward             | 741.80035 |
|    std                | 0.00343   |
|    value_loss         | 5.92e+06  |
-------------------------------------
EPISODE:  325
-------------------------------------
| time/                 |           |
|    fps                | 33        |
|    iterations         | 64800     |
|    time_elapsed       | 9730      |
|    total_timesteps    | 324000    |
| train/                |           |
|    entropy_loss       | 9.06      |
|    explained_variance | 0         |
|    learning_rate      | 0.0007    |
|    n_updates          | 64799     |
|    policy_loss        | -1.44e+04 |
|    reward             | 656.7748  |
|    std                | 0.00342   |
|    value_loss         | 4.28e+06  |
-------------------------------------
-------------------------------------
| time/                 |           |
|    fps                | 33        |
|    iterations         | 64900     |
|    time_elapsed       | 9744      |
|    total_timesteps    | 324500    |
| train/                |           |
|    entropy_loss       | 9.08      |
|    explained_variance | -1.19e-07 |
|    learning_rate      | 0.0007    |
|    n_updates          | 64899     |
|    policy_loss        | -2.02e+04 |
|    reward             | 741.80035 |
|    std                | 0.00339   |
|    value_loss         | 5.92e+06  |
-------------------------------------
EPISODE:  326
-------------------------------------
| time/                 |           |
|    fps                | 33        |
|    iterations         | 65000     |
|    time_elapsed       | 9759      |
|    total_timesteps    | 325000    |
| train/                |           |
|    entropy_loss       | 9.1       |
|    explained_variance | 0         |
|    learning_rate      | 0.0007    |
|    n_updates          | 64999     |
|    policy_loss        | -1.48e+04 |
|    reward             | 656.7748  |
|    std                | 0.00336   |
|    value_loss         | 4.28e+06  |
-------------------------------------
-------------------------------------
| time/                 |           |
|    fps                | 33        |
|    iterations         | 65100     |
|    time_elapsed       | 9774      |
|    total_timesteps    | 325500    |
| train/                |           |
|    entropy_loss       | 9.12      |
|    explained_variance | 0         |
|    learning_rate      | 0.0007    |
|    n_updates          | 65099     |
|    policy_loss        | -2.01e+04 |
|    reward             | 741.80035 |
|    std                | 0.00332   |
|    value_loss         | 5.92e+06  |
-------------------------------------
EPISODE:  327
-------------------------------------
| time/                 |           |
|    fps                | 33        |
|    iterations         | 65200     |
|    time_elapsed       | 9789      |
|    total_timesteps    | 326000    |
| train/                |           |
|    entropy_loss       | 9.14      |
|    explained_variance | 0         |
|    learning_rate      | 0.0007    |
|    n_updates          | 65199     |
|    policy_loss        | -1.62e+04 |
|    reward             | 656.7748  |
|    std                | 0.0033    |
|    value_loss         | 4.28e+06  |
-------------------------------------
-------------------------------------
| time/                 |           |
|    fps                | 33        |
|    iterations         | 65300     |
|    time_elapsed       | 9804      |
|    total_timesteps    | 326500    |
| train/                |           |
|    entropy_loss       | 9.15      |
|    explained_variance | -1.19e-07 |
|    learning_rate      | 0.0007    |
|    n_updates          | 65299     |
|    policy_loss        | -1.97e+04 |
|    reward             | 741.80035 |
|    std                | 0.00328   |
|    value_loss         | 5.92e+06  |
-------------------------------------
EPISODE:  328
-------------------------------------
| time/                 |           |
|    fps                | 33        |
|    iterations         | 65400     |
|    time_elapsed       | 9818      |
|    total_timesteps    | 327000    |
| train/                |           |
|    entropy_loss       | 9.17      |
|    explained_variance | 0         |
|    learning_rate      | 0.0007    |
|    n_updates          | 65399     |
|    policy_loss        | -1.78e+04 |
|    reward             | 656.7748  |
|    std                | 0.00325   |
|    value_loss         | 4.28e+06  |
-------------------------------------
-------------------------------------
| time/                 |           |
|    fps                | 33        |
|    iterations         | 65500     |
|    time_elapsed       | 9833      |
|    total_timesteps    | 327500    |
| train/                |           |
|    entropy_loss       | 9.18      |
|    explained_variance | -1.19e-07 |
|    learning_rate      | 0.0007    |
|    n_updates          | 65499     |
|    policy_loss        | -1.93e+04 |
|    reward             | 741.80035 |
|    std                | 0.00325   |
|    value_loss         | 5.92e+06  |
-------------------------------------
EPISODE:  329
-------------------------------------
| time/                 |           |
|    fps                | 33        |
|    iterations         | 65600     |
|    time_elapsed       | 9848      |
|    total_timesteps    | 328000    |
| train/                |           |
|    entropy_loss       | 9.19      |
|    explained_variance | 0         |
|    learning_rate      | 0.0007    |
|    n_updates          | 65599     |
|    policy_loss        | -1.81e+04 |
|    reward             | 656.7748  |
|    std                | 0.00323   |
|    value_loss         | 4.28e+06  |
-------------------------------------
-------------------------------------
| time/                 |           |
|    fps                | 33        |
|    iterations         | 65700     |
|    time_elapsed       | 9863      |
|    total_timesteps    | 328500    |
| train/                |           |
|    entropy_loss       | 9.22      |
|    explained_variance | 0         |
|    learning_rate      | 0.0007    |
|    n_updates          | 65699     |
|    policy_loss        | -1.98e+04 |
|    reward             | 741.80035 |
|    std                | 0.0032    |
|    value_loss         | 5.92e+06  |
-------------------------------------
EPISODE:  330
-------------------------------------
| time/                 |           |
|    fps                | 33        |
|    iterations         | 65800     |
|    time_elapsed       | 9877      |
|    total_timesteps    | 329000    |
| train/                |           |
|    entropy_loss       | 9.24      |
|    explained_variance | -1.19e-07 |
|    learning_rate      | 0.0007    |
|    n_updates          | 65799     |
|    policy_loss        | -1.72e+04 |
|    reward             | 656.7748  |
|    std                | 0.00316   |
|    value_loss         | 4.28e+06  |
-------------------------------------
-------------------------------------
| time/                 |           |
|    fps                | 33        |
|    iterations         | 65900     |
|    time_elapsed       | 9892      |
|    total_timesteps    | 329500    |
| train/                |           |
|    entropy_loss       | 9.28      |
|    explained_variance | 0         |
|    learning_rate      | 0.0007    |
|    n_updates          | 65899     |
|    policy_loss        | -1.81e+04 |
|    reward             | 741.80035 |
|    std                | 0.0031    |
|    value_loss         | 5.92e+06  |
-------------------------------------
EPISODE:  331
-------------------------------------
| time/                 |           |
|    fps                | 33        |
|    iterations         | 66000     |
|    time_elapsed       | 9907      |
|    total_timesteps    | 330000    |
| train/                |           |
|    entropy_loss       | 9.3       |
|    explained_variance | 0         |
|    learning_rate      | 0.0007    |
|    n_updates          | 65999     |
|    policy_loss        | -1.82e+04 |
|    reward             | 656.47314 |
|    std                | 0.00307   |
|    value_loss         | 4.27e+06  |
-------------------------------------
-------------------------------------
| time/                 |           |
|    fps                | 33        |
|    iterations         | 66100     |
|    time_elapsed       | 9922      |
|    total_timesteps    | 330500    |
| train/                |           |
|    entropy_loss       | 9.32      |
|    explained_variance | 0         |
|    learning_rate      | 0.0007    |
|    n_updates          | 66099     |
|    policy_loss        | -2.14e+04 |
|    reward             | 742.1183  |
|    std                | 0.00305   |
|    value_loss         | 5.92e+06  |
-------------------------------------
EPISODE:  332
-------------------------------------
| time/                 |           |
|    fps                | 33        |
|    iterations         | 66200     |
|    time_elapsed       | 9937      |
|    total_timesteps    | 331000    |
| train/                |           |
|    entropy_loss       | 9.35      |
|    explained_variance | -1.19e-07 |
|    learning_rate      | 0.0007    |
|    n_updates          | 66199     |
|    policy_loss        | -1.77e+04 |
|    reward             | 659.1119  |
|    std                | 0.00302   |
|    value_loss         | 4.3e+06   |
-------------------------------------
-------------------------------------
| time/                 |           |
|    fps                | 33        |
|    iterations         | 66300     |
|    time_elapsed       | 9951      |
|    total_timesteps    | 331500    |
| train/                |           |
|    entropy_loss       | 9.35      |
|    explained_variance | 1.19e-07  |
|    learning_rate      | 0.0007    |
|    n_updates          | 66299     |
|    policy_loss        | -2.04e+04 |
|    reward             | 751.4961  |
|    std                | 0.00303   |
|    value_loss         | 6.08e+06  |
-------------------------------------
EPISODE:  333
-------------------------------------
| time/                 |           |
|    fps                | 33        |
|    iterations         | 66400     |
|    time_elapsed       | 9966      |
|    total_timesteps    | 332000    |
| train/                |           |
|    entropy_loss       | 9.37      |
|    explained_variance | -1.19e-07 |
|    learning_rate      | 0.0007    |
|    n_updates          | 66399     |
|    policy_loss        | -1.76e+04 |
|    reward             | 660.51605 |
|    std                | 0.00301   |
|    value_loss         | 4.33e+06  |
-------------------------------------
-------------------------------------
| time/                 |           |
|    fps                | 33        |
|    iterations         | 66500     |
|    time_elapsed       | 9981      |
|    total_timesteps    | 332500    |
| train/                |           |
|    entropy_loss       | 9.4       |
|    explained_variance | 0         |
|    learning_rate      | 0.0007    |
|    n_updates          | 66499     |
|    policy_loss        | -2.26e+04 |
|    reward             | 781.7714  |
|    std                | 0.00298   |
|    value_loss         | 6.44e+06  |
-------------------------------------
EPISODE:  334
-------------------------------------
| time/                 |           |
|    fps                | 33        |
|    iterations         | 66600     |
|    time_elapsed       | 9996      |
|    total_timesteps    | 333000    |
| train/                |           |
|    entropy_loss       | 9.43      |
|    explained_variance | -1.19e-07 |
|    learning_rate      | 0.0007    |
|    n_updates          | 66599     |
|    policy_loss        | -1.97e+04 |
|    reward             | 728.66754 |
|    std                | 0.00294   |
|    value_loss         | 5.3e+06   |
-------------------------------------
------------------------------------
| time/                 |          |
|    fps                | 33       |
|    iterations         | 66700    |
|    time_elapsed       | 10011    |
|    total_timesteps    | 333500   |
| train/                |          |
|    entropy_loss       | 9.46     |
|    explained_variance | 0        |
|    learning_rate      | 0.0007   |
|    n_updates          | 66699    |
|    policy_loss        | -2.3e+04 |
|    reward             | 816.8094 |
|    std                | 0.00291  |
|    value_loss         | 7.05e+06 |
------------------------------------
EPISODE:  335
-------------------------------------
| time/                 |           |
|    fps                | 33        |
|    iterations         | 66800     |
|    time_elapsed       | 10026     |
|    total_timesteps    | 334000    |
| train/                |           |
|    entropy_loss       | 9.47      |
|    explained_variance | 0         |
|    learning_rate      | 0.0007    |
|    n_updates          | 66799     |
|    policy_loss        | -1.94e+04 |
|    reward             | 759.8858  |
|    std                | 0.00288   |
|    value_loss         | 5.78e+06  |
-------------------------------------
-------------------------------------
| time/                 |           |
|    fps                | 33        |
|    iterations         | 66900     |
|    time_elapsed       | 10041     |
|    total_timesteps    | 334500    |
| train/                |           |
|    entropy_loss       | 9.5       |
|    explained_variance | 1.19e-07  |
|    learning_rate      | 0.0007    |
|    n_updates          | 66899     |
|    policy_loss        | -2.35e+04 |
|    reward             | 825.5203  |
|    std                | 0.00285   |
|    value_loss         | 7.2e+06   |
-------------------------------------
EPISODE:  336
-------------------------------------
| time/                 |           |
|    fps                | 33        |
|    iterations         | 67000     |
|    time_elapsed       | 10056     |
|    total_timesteps    | 335000    |
| train/                |           |
|    entropy_loss       | 9.5       |
|    explained_variance | 0         |
|    learning_rate      | 0.0007    |
|    n_updates          | 66999     |
|    policy_loss        | -1.91e+04 |
|    reward             | 768.535   |
|    std                | 0.00284   |
|    value_loss         | 5.91e+06  |
-------------------------------------
-------------------------------------
| time/                 |           |
|    fps                | 33        |
|    iterations         | 67100     |
|    time_elapsed       | 10071     |
|    total_timesteps    | 335500    |
| train/                |           |
|    entropy_loss       | 9.51      |
|    explained_variance | 0         |
|    learning_rate      | 0.0007    |
|    n_updates          | 67099     |
|    policy_loss        | -2.31e+04 |
|    reward             | 825.5203  |
|    std                | 0.00282   |
|    value_loss         | 7.2e+06   |
-------------------------------------
EPISODE:  337
------------------------------------
| time/                 |          |
|    fps                | 33       |
|    iterations         | 67200    |
|    time_elapsed       | 10086    |
|    total_timesteps    | 336000   |
| train/                |          |
|    entropy_loss       | 9.53     |
|    explained_variance | 0        |
|    learning_rate      | 0.0007   |
|    n_updates          | 67199    |
|    policy_loss        | -2e+04   |
|    reward             | 767.9897 |
|    std                | 0.0028   |
|    value_loss         | 5.9e+06  |
------------------------------------
-------------------------------------
| time/                 |           |
|    fps                | 33        |
|    iterations         | 67300     |
|    time_elapsed       | 10101     |
|    total_timesteps    | 336500    |
| train/                |           |
|    entropy_loss       | 9.55      |
|    explained_variance | 0         |
|    learning_rate      | 0.0007    |
|    n_updates          | 67299     |
|    policy_loss        | -2.37e+04 |
|    reward             | 826.36115 |
|    std                | 0.00277   |
|    value_loss         | 7.21e+06  |
-------------------------------------
EPISODE:  338
-------------------------------------
| time/                 |           |
|    fps                | 33        |
|    iterations         | 67400     |
|    time_elapsed       | 10117     |
|    total_timesteps    | 337000    |
| train/                |           |
|    entropy_loss       | 9.57      |
|    explained_variance | 0         |
|    learning_rate      | 0.0007    |
|    n_updates          | 67399     |
|    policy_loss        | -2.12e+04 |
|    reward             | 768.7719  |
|    std                | 0.00274   |
|    value_loss         | 5.92e+06  |
-------------------------------------
-------------------------------------
| time/                 |           |
|    fps                | 33        |
|    iterations         | 67500     |
|    time_elapsed       | 10132     |
|    total_timesteps    | 337500    |
| train/                |           |
|    entropy_loss       | 9.58      |
|    explained_variance | 0         |
|    learning_rate      | 0.0007    |
|    n_updates          | 67499     |
|    policy_loss        | -2.43e+04 |
|    reward             | 825.5203  |
|    std                | 0.00274   |
|    value_loss         | 7.2e+06   |
-------------------------------------
EPISODE:  339
-------------------------------------
| time/                 |           |
|    fps                | 33        |
|    iterations         | 67600     |
|    time_elapsed       | 10147     |
|    total_timesteps    | 338000    |
| train/                |           |
|    entropy_loss       | 9.6       |
|    explained_variance | -1.19e-07 |
|    learning_rate      | 0.0007    |
|    n_updates          | 67599     |
|    policy_loss        | -1.82e+04 |
|    reward             | 768.00226 |
|    std                | 0.00271   |
|    value_loss         | 5.9e+06   |
-------------------------------------
-------------------------------------
| time/                 |           |
|    fps                | 33        |
|    iterations         | 67700     |
|    time_elapsed       | 10162     |
|    total_timesteps    | 338500    |
| train/                |           |
|    entropy_loss       | 9.62      |
|    explained_variance | 0         |
|    learning_rate      | 0.0007    |
|    n_updates          | 67699     |
|    policy_loss        | -2.06e+04 |
|    reward             | 815.36414 |
|    std                | 0.00268   |
|    value_loss         | 7.07e+06  |
-------------------------------------
EPISODE:  340
-------------------------------------
| time/                 |           |
|    fps                | 33        |
|    iterations         | 67800     |
|    time_elapsed       | 10177     |
|    total_timesteps    | 339000    |
| train/                |           |
|    entropy_loss       | 9.63      |
|    explained_variance | 5.96e-08  |
|    learning_rate      | 0.0007    |
|    n_updates          | 67799     |
|    policy_loss        | -2.12e+04 |
|    reward             | 726.3197  |
|    std                | 0.00267   |
|    value_loss         | 5.26e+06  |
-------------------------------------
-------------------------------------
| time/                 |           |
|    fps                | 33        |
|    iterations         | 67900     |
|    time_elapsed       | 10192     |
|    total_timesteps    | 339500    |
| train/                |           |
|    entropy_loss       | 9.65      |
|    explained_variance | 0         |
|    learning_rate      | 0.0007    |
|    n_updates          | 67899     |
|    policy_loss        | -2.41e+04 |
|    reward             | 825.5203  |
|    std                | 0.00264   |
|    value_loss         | 7.2e+06   |
-------------------------------------
EPISODE:  341
-------------------------------------
| time/                 |           |
|    fps                | 33        |
|    iterations         | 68000     |
|    time_elapsed       | 10207     |
|    total_timesteps    | 340000    |
| train/                |           |
|    entropy_loss       | 9.66      |
|    explained_variance | 0         |
|    learning_rate      | 0.0007    |
|    n_updates          | 67999     |
|    policy_loss        | -2.04e+04 |
|    reward             | 767.9897  |
|    std                | 0.00263   |
|    value_loss         | 5.9e+06   |
-------------------------------------
-------------------------------------
| time/                 |           |
|    fps                | 33        |
|    iterations         | 68100     |
|    time_elapsed       | 10222     |
|    total_timesteps    | 340500    |
| train/                |           |
|    entropy_loss       | 9.68      |
|    explained_variance | 0         |
|    learning_rate      | 0.0007    |
|    n_updates          | 68099     |
|    policy_loss        | -2.47e+04 |
|    reward             | 825.5203  |
|    std                | 0.0026    |
|    value_loss         | 7.2e+06   |
-------------------------------------
EPISODE:  342
-------------------------------------
| time/                 |           |
|    fps                | 33        |
|    iterations         | 68200     |
|    time_elapsed       | 10237     |
|    total_timesteps    | 341000    |
| train/                |           |
|    entropy_loss       | 9.7       |
|    explained_variance | 0         |
|    learning_rate      | 0.0007    |
|    n_updates          | 68199     |
|    policy_loss        | -2.09e+04 |
|    reward             | 767.9897  |
|    std                | 0.00259   |
|    value_loss         | 5.9e+06   |
-------------------------------------
------------------------------------
| time/                 |          |
|    fps                | 33       |
|    iterations         | 68300    |
|    time_elapsed       | 10252    |
|    total_timesteps    | 341500   |
| train/                |          |
|    entropy_loss       | 9.7      |
|    explained_variance | 0        |
|    learning_rate      | 0.0007   |
|    n_updates          | 68299    |
|    policy_loss        | -2.3e+04 |
|    reward             | 825.5203 |
|    std                | 0.0026   |
|    value_loss         | 7.2e+06  |
------------------------------------
EPISODE:  343
-------------------------------------
| time/                 |           |
|    fps                | 33        |
|    iterations         | 68400     |
|    time_elapsed       | 10268     |
|    total_timesteps    | 342000    |
| train/                |           |
|    entropy_loss       | 9.71      |
|    explained_variance | 0         |
|    learning_rate      | 0.0007    |
|    n_updates          | 68399     |
|    policy_loss        | -2.28e+04 |
|    reward             | 767.9897  |
|    std                | 0.00258   |
|    value_loss         | 5.9e+06   |
-------------------------------------
-------------------------------------
| time/                 |           |
|    fps                | 33        |
|    iterations         | 68500     |
|    time_elapsed       | 10283     |
|    total_timesteps    | 342500    |
| train/                |           |
|    entropy_loss       | 9.73      |
|    explained_variance | 0         |
|    learning_rate      | 0.0007    |
|    n_updates          | 68499     |
|    policy_loss        | -2.21e+04 |
|    reward             | 825.5203  |
|    std                | 0.00255   |
|    value_loss         | 7.19e+06  |
-------------------------------------
EPISODE:  344
-------------------------------------
| time/                 |           |
|    fps                | 33        |
|    iterations         | 68600     |
|    time_elapsed       | 10298     |
|    total_timesteps    | 343000    |
| train/                |           |
|    entropy_loss       | 9.77      |
|    explained_variance | 0         |
|    learning_rate      | 0.0007    |
|    n_updates          | 68599     |
|    policy_loss        | -2.13e+04 |
|    reward             | 767.9897  |
|    std                | 0.00251   |
|    value_loss         | 5.9e+06   |
-------------------------------------
-------------------------------------
| time/                 |           |
|    fps                | 33        |
|    iterations         | 68700     |
|    time_elapsed       | 10313     |
|    total_timesteps    | 343500    |
| train/                |           |
|    entropy_loss       | 9.78      |
|    explained_variance | 1.19e-07  |
|    learning_rate      | 0.0007    |
|    n_updates          | 68699     |
|    policy_loss        | -2.24e+04 |
|    reward             | 825.5203  |
|    std                | 0.00252   |
|    value_loss         | 7.19e+06  |
-------------------------------------
EPISODE:  345
-------------------------------------
| time/                 |           |
|    fps                | 33        |
|    iterations         | 68800     |
|    time_elapsed       | 10328     |
|    total_timesteps    | 344000    |
| train/                |           |
|    entropy_loss       | 9.79      |
|    explained_variance | 0         |
|    learning_rate      | 0.0007    |
|    n_updates          | 68799     |
|    policy_loss        | -2.13e+04 |
|    reward             | 767.9897  |
|    std                | 0.00251   |
|    value_loss         | 5.9e+06   |
-------------------------------------
-------------------------------------
| time/                 |           |
|    fps                | 33        |
|    iterations         | 68900     |
|    time_elapsed       | 10343     |
|    total_timesteps    | 344500    |
| train/                |           |
|    entropy_loss       | 9.8       |
|    explained_variance | 0         |
|    learning_rate      | 0.0007    |
|    n_updates          | 68899     |
|    policy_loss        | -2.29e+04 |
|    reward             | 825.5203  |
|    std                | 0.00249   |
|    value_loss         | 7.19e+06  |
-------------------------------------
EPISODE:  346
-------------------------------------
| time/                 |           |
|    fps                | 33        |
|    iterations         | 69000     |
|    time_elapsed       | 10358     |
|    total_timesteps    | 345000    |
| train/                |           |
|    entropy_loss       | 9.82      |
|    explained_variance | 1.19e-07  |
|    learning_rate      | 0.0007    |
|    n_updates          | 68999     |
|    policy_loss        | -2.24e+04 |
|    reward             | 767.9897  |
|    std                | 0.00247   |
|    value_loss         | 5.9e+06   |
-------------------------------------
-------------------------------------
| time/                 |           |
|    fps                | 33        |
|    iterations         | 69100     |
|    time_elapsed       | 10373     |
|    total_timesteps    | 345500    |
| train/                |           |
|    entropy_loss       | 9.84      |
|    explained_variance | 0         |
|    learning_rate      | 0.0007    |
|    n_updates          | 69099     |
|    policy_loss        | -2.28e+04 |
|    reward             | 825.5203  |
|    std                | 0.00245   |
|    value_loss         | 7.19e+06  |
-------------------------------------
EPISODE:  347
-------------------------------------
| time/                 |           |
|    fps                | 33        |
|    iterations         | 69200     |
|    time_elapsed       | 10388     |
|    total_timesteps    | 346000    |
| train/                |           |
|    entropy_loss       | 9.85      |
|    explained_variance | 0         |
|    learning_rate      | 0.0007    |
|    n_updates          | 69199     |
|    policy_loss        | -2.12e+04 |
|    reward             | 767.9897  |
|    std                | 0.00245   |
|    value_loss         | 5.9e+06   |
-------------------------------------
-------------------------------------
| time/                 |           |
|    fps                | 33        |
|    iterations         | 69300     |
|    time_elapsed       | 10403     |
|    total_timesteps    | 346500    |
| train/                |           |
|    entropy_loss       | 9.89      |
|    explained_variance | 0         |
|    learning_rate      | 0.0007    |
|    n_updates          | 69299     |
|    policy_loss        | -2.34e+04 |
|    reward             | 825.5203  |
|    std                | 0.0024    |
|    value_loss         | 7.19e+06  |
-------------------------------------
EPISODE:  348
-------------------------------------
| time/                 |           |
|    fps                | 33        |
|    iterations         | 69400     |
|    time_elapsed       | 10418     |
|    total_timesteps    | 347000    |
| train/                |           |
|    entropy_loss       | 9.89      |
|    explained_variance | 1.19e-07  |
|    learning_rate      | 0.0007    |
|    n_updates          | 69399     |
|    policy_loss        | -2.27e+04 |
|    reward             | 767.9897  |
|    std                | 0.0024    |
|    value_loss         | 5.9e+06   |
-------------------------------------
-------------------------------------
| time/                 |           |
|    fps                | 33        |
|    iterations         | 69500     |
|    time_elapsed       | 10433     |
|    total_timesteps    | 347500    |
| train/                |           |
|    entropy_loss       | 9.89      |
|    explained_variance | 0         |
|    learning_rate      | 0.0007    |
|    n_updates          | 69499     |
|    policy_loss        | -2.58e+04 |
|    reward             | 825.5203  |
|    std                | 0.00242   |
|    value_loss         | 7.19e+06  |
-------------------------------------
EPISODE:  349
-------------------------------------
| time/                 |           |
|    fps                | 33        |
|    iterations         | 69600     |
|    time_elapsed       | 10448     |
|    total_timesteps    | 348000    |
| train/                |           |
|    entropy_loss       | 9.89      |
|    explained_variance | -1.19e-07 |
|    learning_rate      | 0.0007    |
|    n_updates          | 69599     |
|    policy_loss        | -2.18e+04 |
|    reward             | 767.9897  |
|    std                | 0.00242   |
|    value_loss         | 5.89e+06  |
-------------------------------------
-------------------------------------
| time/                 |           |
|    fps                | 33        |
|    iterations         | 69700     |
|    time_elapsed       | 10463     |
|    total_timesteps    | 348500    |
| train/                |           |
|    entropy_loss       | 9.9       |
|    explained_variance | 0         |
|    learning_rate      | 0.0007    |
|    n_updates          | 69699     |
|    policy_loss        | -2.22e+04 |
|    reward             | 825.5203  |
|    std                | 0.00242   |
|    value_loss         | 7.19e+06  |
-------------------------------------
EPISODE:  350
-------------------------------------
| time/                 |           |
|    fps                | 33        |
|    iterations         | 69800     |
|    time_elapsed       | 10479     |
|    total_timesteps    | 349000    |
| train/                |           |
|    entropy_loss       | 9.92      |
|    explained_variance | 0         |
|    learning_rate      | 0.0007    |
|    n_updates          | 69799     |
|    policy_loss        | -2.22e+04 |
|    reward             | 767.9897  |
|    std                | 0.00241   |
|    value_loss         | 5.89e+06  |
-------------------------------------
-------------------------------------
| time/                 |           |
|    fps                | 33        |
|    iterations         | 69900     |
|    time_elapsed       | 10494     |
|    total_timesteps    | 349500    |
| train/                |           |
|    entropy_loss       | 9.93      |
|    explained_variance | 0         |
|    learning_rate      | 0.0007    |
|    n_updates          | 69899     |
|    policy_loss        | -2.49e+04 |
|    reward             | 825.5203  |
|    std                | 0.0024    |
|    value_loss         | 7.19e+06  |
-------------------------------------
EPISODE:  351
-------------------------------------
| time/                 |           |
|    fps                | 33        |
|    iterations         | 70000     |
|    time_elapsed       | 10509     |
|    total_timesteps    | 350000    |
| train/                |           |
|    entropy_loss       | 9.94      |
|    explained_variance | 0         |
|    learning_rate      | 0.0007    |
|    n_updates          | 69999     |
|    policy_loss        | -2.12e+04 |
|    reward             | 767.9897  |
|    std                | 0.0024    |
|    value_loss         | 5.89e+06  |
-------------------------------------
-------------------------------------
| time/                 |           |
|    fps                | 33        |
|    iterations         | 70100     |
|    time_elapsed       | 10524     |
|    total_timesteps    | 350500    |
| train/                |           |
|    entropy_loss       | 9.95      |
|    explained_variance | 0         |
|    learning_rate      | 0.0007    |
|    n_updates          | 70099     |
|    policy_loss        | -2.51e+04 |
|    reward             | 825.5203  |
|    std                | 0.00238   |
|    value_loss         | 7.19e+06  |
-------------------------------------
EPISODE:  352
-------------------------------------
| time/                 |           |
|    fps                | 33        |
|    iterations         | 70200     |
|    time_elapsed       | 10539     |
|    total_timesteps    | 351000    |
| train/                |           |
|    entropy_loss       | 9.98      |
|    explained_variance | 0         |
|    learning_rate      | 0.0007    |
|    n_updates          | 70199     |
|    policy_loss        | -2.03e+04 |
|    reward             | 767.9897  |
|    std                | 0.00237   |
|    value_loss         | 5.89e+06  |
-------------------------------------
-------------------------------------
| time/                 |           |
|    fps                | 33        |
|    iterations         | 70300     |
|    time_elapsed       | 10554     |
|    total_timesteps    | 351500    |
| train/                |           |
|    entropy_loss       | 10        |
|    explained_variance | 0         |
|    learning_rate      | 0.0007    |
|    n_updates          | 70299     |
|    policy_loss        | -2.42e+04 |
|    reward             | 825.5203  |
|    std                | 0.00235   |
|    value_loss         | 7.19e+06  |
-------------------------------------
EPISODE:  353
-------------------------------------
| time/                 |           |
|    fps                | 33        |
|    iterations         | 70400     |
|    time_elapsed       | 10569     |
|    total_timesteps    | 352000    |
| train/                |           |
|    entropy_loss       | 10        |
|    explained_variance | 0         |
|    learning_rate      | 0.0007    |
|    n_updates          | 70399     |
|    policy_loss        | -2.26e+04 |
|    reward             | 767.9897  |
|    std                | 0.00233   |
|    value_loss         | 5.89e+06  |
-------------------------------------
-------------------------------------
| time/                 |           |
|    fps                | 33        |
|    iterations         | 70500     |
|    time_elapsed       | 10584     |
|    total_timesteps    | 352500    |
| train/                |           |
|    entropy_loss       | 10        |
|    explained_variance | 0         |
|    learning_rate      | 0.0007    |
|    n_updates          | 70499     |
|    policy_loss        | -2.44e+04 |
|    reward             | 825.5203  |
|    std                | 0.0023    |
|    value_loss         | 7.19e+06  |
-------------------------------------
EPISODE:  354
-------------------------------------
| time/                 |           |
|    fps                | 33        |
|    iterations         | 70600     |
|    time_elapsed       | 10599     |
|    total_timesteps    | 353000    |
| train/                |           |
|    entropy_loss       | 10.1      |
|    explained_variance | 0         |
|    learning_rate      | 0.0007    |
|    n_updates          | 70599     |
|    policy_loss        | -2.14e+04 |
|    reward             | 767.9897  |
|    std                | 0.00229   |
|    value_loss         | 5.89e+06  |
-------------------------------------
-------------------------------------
| time/                 |           |
|    fps                | 33        |
|    iterations         | 70700     |
|    time_elapsed       | 10614     |
|    total_timesteps    | 353500    |
| train/                |           |
|    entropy_loss       | 10.1      |
|    explained_variance | 0         |
|    learning_rate      | 0.0007    |
|    n_updates          | 70699     |
|    policy_loss        | -2.38e+04 |
|    reward             | 825.5203  |
|    std                | 0.00228   |
|    value_loss         | 7.18e+06  |
-------------------------------------
EPISODE:  355
-------------------------------------
| time/                 |           |
|    fps                | 33        |
|    iterations         | 70800     |
|    time_elapsed       | 10629     |
|    total_timesteps    | 354000    |
| train/                |           |
|    entropy_loss       | 10.1      |
|    explained_variance | 0         |
|    learning_rate      | 0.0007    |
|    n_updates          | 70799     |
|    policy_loss        | -2.26e+04 |
|    reward             | 767.9897  |
|    std                | 0.00227   |
|    value_loss         | 5.89e+06  |
-------------------------------------
-------------------------------------
| time/                 |           |
|    fps                | 33        |
|    iterations         | 70900     |
|    time_elapsed       | 10644     |
|    total_timesteps    | 354500    |
| train/                |           |
|    entropy_loss       | 10.1      |
|    explained_variance | 0         |
|    learning_rate      | 0.0007    |
|    n_updates          | 70899     |
|    policy_loss        | -2.04e+04 |
|    reward             | 825.5203  |
|    std                | 0.00227   |
|    value_loss         | 7.18e+06  |
-------------------------------------
EPISODE:  356
-------------------------------------
| time/                 |           |
|    fps                | 33        |
|    iterations         | 71000     |
|    time_elapsed       | 10658     |
|    total_timesteps    | 355000    |
| train/                |           |
|    entropy_loss       | 10.1      |
|    explained_variance | 0         |
|    learning_rate      | 0.0007    |
|    n_updates          | 70999     |
|    policy_loss        | -2.27e+04 |
|    reward             | 767.9897  |
|    std                | 0.00225   |
|    value_loss         | 5.89e+06  |
-------------------------------------
-------------------------------------
| time/                 |           |
|    fps                | 33        |
|    iterations         | 71100     |
|    time_elapsed       | 10673     |
|    total_timesteps    | 355500    |
| train/                |           |
|    entropy_loss       | 10.2      |
|    explained_variance | 0         |
|    learning_rate      | 0.0007    |
|    n_updates          | 71099     |
|    policy_loss        | -2.57e+04 |
|    reward             | 825.5203  |
|    std                | 0.00223   |
|    value_loss         | 7.18e+06  |
-------------------------------------
EPISODE:  357
-------------------------------------
| time/                 |           |
|    fps                | 33        |
|    iterations         | 71200     |
|    time_elapsed       | 10688     |
|    total_timesteps    | 356000    |
| train/                |           |
|    entropy_loss       | 10.2      |
|    explained_variance | 0         |
|    learning_rate      | 0.0007    |
|    n_updates          | 71199     |
|    policy_loss        | -2.14e+04 |
|    reward             | 767.9897  |
|    std                | 0.00222   |
|    value_loss         | 5.89e+06  |
-------------------------------------
-------------------------------------
| time/                 |           |
|    fps                | 33        |
|    iterations         | 71300     |
|    time_elapsed       | 10703     |
|    total_timesteps    | 356500    |
| train/                |           |
|    entropy_loss       | 10.2      |
|    explained_variance | 0         |
|    learning_rate      | 0.0007    |
|    n_updates          | 71299     |
|    policy_loss        | -2.49e+04 |
|    reward             | 825.5203  |
|    std                | 0.00221   |
|    value_loss         | 7.18e+06  |
-------------------------------------
EPISODE:  358
-------------------------------------
| time/                 |           |
|    fps                | 33        |
|    iterations         | 71400     |
|    time_elapsed       | 10718     |
|    total_timesteps    | 357000    |
| train/                |           |
|    entropy_loss       | 10.2      |
|    explained_variance | 0         |
|    learning_rate      | 0.0007    |
|    n_updates          | 71399     |
|    policy_loss        | -2.22e+04 |
|    reward             | 767.9897  |
|    std                | 0.0022    |
|    value_loss         | 5.89e+06  |
-------------------------------------
-------------------------------------
| time/                 |           |
|    fps                | 33        |
|    iterations         | 71500     |
|    time_elapsed       | 10733     |
|    total_timesteps    | 357500    |
| train/                |           |
|    entropy_loss       | 10.2      |
|    explained_variance | 0         |
|    learning_rate      | 0.0007    |
|    n_updates          | 71499     |
|    policy_loss        | -2.52e+04 |
|    reward             | 825.5203  |
|    std                | 0.00219   |
|    value_loss         | 7.18e+06  |
-------------------------------------
EPISODE:  359
-------------------------------------
| time/                 |           |
|    fps                | 33        |
|    iterations         | 71600     |
|    time_elapsed       | 10748     |
|    total_timesteps    | 358000    |
| train/                |           |
|    entropy_loss       | 10.3      |
|    explained_variance | 0         |
|    learning_rate      | 0.0007    |
|    n_updates          | 71599     |
|    policy_loss        | -2.35e+04 |
|    reward             | 767.9897  |
|    std                | 0.00216   |
|    value_loss         | 5.89e+06  |
-------------------------------------
-------------------------------------
| time/                 |           |
|    fps                | 33        |
|    iterations         | 71700     |
|    time_elapsed       | 10763     |
|    total_timesteps    | 358500    |
| train/                |           |
|    entropy_loss       | 10.3      |
|    explained_variance | 0         |
|    learning_rate      | 0.0007    |
|    n_updates          | 71699     |
|    policy_loss        | -2.52e+04 |
|    reward             | 825.5203  |
|    std                | 0.00216   |
|    value_loss         | 7.18e+06  |
-------------------------------------
EPISODE:  360
-------------------------------------
| time/                 |           |
|    fps                | 33        |
|    iterations         | 71800     |
|    time_elapsed       | 10778     |
|    total_timesteps    | 359000    |
| train/                |           |
|    entropy_loss       | 10.3      |
|    explained_variance | -1.19e-07 |
|    learning_rate      | 0.0007    |
|    n_updates          | 71799     |
|    policy_loss        | -2.41e+04 |
|    reward             | 767.9897  |
|    std                | 0.00216   |
|    value_loss         | 5.88e+06  |
-------------------------------------
-------------------------------------
| time/                 |           |
|    fps                | 33        |
|    iterations         | 71900     |
|    time_elapsed       | 10793     |
|    total_timesteps    | 359500    |
| train/                |           |
|    entropy_loss       | 10.3      |
|    explained_variance | 0         |
|    learning_rate      | 0.0007    |
|    n_updates          | 71899     |
|    policy_loss        | -2.62e+04 |
|    reward             | 825.5203  |
|    std                | 0.00216   |
|    value_loss         | 7.18e+06  |
-------------------------------------
EPISODE:  361
-------------------------------------
| time/                 |           |
|    fps                | 33        |
|    iterations         | 72000     |
|    time_elapsed       | 10808     |
|    total_timesteps    | 360000    |
| train/                |           |
|    entropy_loss       | 10.3      |
|    explained_variance | 0         |
|    learning_rate      | 0.0007    |
|    n_updates          | 71999     |
|    policy_loss        | -2.29e+04 |
|    reward             | 767.9897  |
|    std                | 0.00215   |
|    value_loss         | 5.88e+06  |
-------------------------------------
-------------------------------------
| time/                 |           |
|    fps                | 33        |
|    iterations         | 72100     |
|    time_elapsed       | 10823     |
|    total_timesteps    | 360500    |
| train/                |           |
|    entropy_loss       | 10.3      |
|    explained_variance | 0         |
|    learning_rate      | 0.0007    |
|    n_updates          | 72099     |
|    policy_loss        | -2.61e+04 |
|    reward             | 825.5203  |
|    std                | 0.00211   |
|    value_loss         | 7.18e+06  |
-------------------------------------
EPISODE:  362
-------------------------------------
| time/                 |           |
|    fps                | 33        |
|    iterations         | 72200     |
|    time_elapsed       | 10838     |
|    total_timesteps    | 361000    |
| train/                |           |
|    entropy_loss       | 10.3      |
|    explained_variance | 0         |
|    learning_rate      | 0.0007    |
|    n_updates          | 72199     |
|    policy_loss        | -2.32e+04 |
|    reward             | 767.9897  |
|    std                | 0.00211   |
|    value_loss         | 5.88e+06  |
-------------------------------------
-------------------------------------
| time/                 |           |
|    fps                | 33        |
|    iterations         | 72300     |
|    time_elapsed       | 10852     |
|    total_timesteps    | 361500    |
| train/                |           |
|    entropy_loss       | 10.4      |
|    explained_variance | 0         |
|    learning_rate      | 0.0007    |
|    n_updates          | 72299     |
|    policy_loss        | -2.43e+04 |
|    reward             | 825.5203  |
|    std                | 0.00211   |
|    value_loss         | 7.18e+06  |
-------------------------------------
EPISODE:  363
-------------------------------------
| time/                 |           |
|    fps                | 33        |
|    iterations         | 72400     |
|    time_elapsed       | 10867     |
|    total_timesteps    | 362000    |
| train/                |           |
|    entropy_loss       | 10.4      |
|    explained_variance | 1.19e-07  |
|    learning_rate      | 0.0007    |
|    n_updates          | 72399     |
|    policy_loss        | -2.34e+04 |
|    reward             | 767.9897  |
|    std                | 0.00207   |
|    value_loss         | 5.88e+06  |
-------------------------------------
-------------------------------------
| time/                 |           |
|    fps                | 33        |
|    iterations         | 72500     |
|    time_elapsed       | 10882     |
|    total_timesteps    | 362500    |
| train/                |           |
|    entropy_loss       | 10.4      |
|    explained_variance | 0         |
|    learning_rate      | 0.0007    |
|    n_updates          | 72499     |
|    policy_loss        | -2.19e+04 |
|    reward             | 825.5203  |
|    std                | 0.00207   |
|    value_loss         | 7.18e+06  |
-------------------------------------
EPISODE:  364
-------------------------------------
| time/                 |           |
|    fps                | 33        |
|    iterations         | 72600     |
|    time_elapsed       | 10897     |
|    total_timesteps    | 363000    |
| train/                |           |
|    entropy_loss       | 10.4      |
|    explained_variance | -1.19e-07 |
|    learning_rate      | 0.0007    |
|    n_updates          | 72599     |
|    policy_loss        | -2.27e+04 |
|    reward             | 767.9897  |
|    std                | 0.00204   |
|    value_loss         | 5.88e+06  |
-------------------------------------
-------------------------------------
| time/                 |           |
|    fps                | 33        |
|    iterations         | 72700     |
|    time_elapsed       | 10912     |
|    total_timesteps    | 363500    |
| train/                |           |
|    entropy_loss       | 10.4      |
|    explained_variance | 0         |
|    learning_rate      | 0.0007    |
|    n_updates          | 72699     |
|    policy_loss        | -2.46e+04 |
|    reward             | 825.5203  |
|    std                | 0.00203   |
|    value_loss         | 7.18e+06  |
-------------------------------------
EPISODE:  365
-------------------------------------
| time/                 |           |
|    fps                | 33        |
|    iterations         | 72800     |
|    time_elapsed       | 10927     |
|    total_timesteps    | 364000    |
| train/                |           |
|    entropy_loss       | 10.4      |
|    explained_variance | 0         |
|    learning_rate      | 0.0007    |
|    n_updates          | 72799     |
|    policy_loss        | -2.37e+04 |
|    reward             | 767.9897  |
|    std                | 0.00204   |
|    value_loss         | 5.88e+06  |
-------------------------------------
-------------------------------------
| time/                 |           |
|    fps                | 33        |
|    iterations         | 72900     |
|    time_elapsed       | 10942     |
|    total_timesteps    | 364500    |
| train/                |           |
|    entropy_loss       | 10.4      |
|    explained_variance | 0         |
|    learning_rate      | 0.0007    |
|    n_updates          | 72899     |
|    policy_loss        | -2.66e+04 |
|    reward             | 825.5203  |
|    std                | 0.00203   |
|    value_loss         | 7.18e+06  |
-------------------------------------
EPISODE:  366
-------------------------------------
| time/                 |           |
|    fps                | 33        |
|    iterations         | 73000     |
|    time_elapsed       | 10957     |
|    total_timesteps    | 365000    |
| train/                |           |
|    entropy_loss       | 10.5      |
|    explained_variance | 0         |
|    learning_rate      | 0.0007    |
|    n_updates          | 72999     |
|    policy_loss        | -2.13e+04 |
|    reward             | 767.9897  |
|    std                | 0.00201   |
|    value_loss         | 5.88e+06  |
-------------------------------------
-------------------------------------
| time/                 |           |
|    fps                | 33        |
|    iterations         | 73100     |
|    time_elapsed       | 10972     |
|    total_timesteps    | 365500    |
| train/                |           |
|    entropy_loss       | 10.5      |
|    explained_variance | 0         |
|    learning_rate      | 0.0007    |
|    n_updates          | 73099     |
|    policy_loss        | -2.64e+04 |
|    reward             | 825.5203  |
|    std                | 0.00202   |
|    value_loss         | 7.17e+06  |
-------------------------------------
EPISODE:  367
-------------------------------------
| time/                 |           |
|    fps                | 33        |
|    iterations         | 73200     |
|    time_elapsed       | 10987     |
|    total_timesteps    | 366000    |
| train/                |           |
|    entropy_loss       | 10.5      |
|    explained_variance | 0         |
|    learning_rate      | 0.0007    |
|    n_updates          | 73199     |
|    policy_loss        | -2.35e+04 |
|    reward             | 767.9897  |
|    std                | 0.002     |
|    value_loss         | 5.88e+06  |
-------------------------------------
-------------------------------------
| time/                 |           |
|    fps                | 33        |
|    iterations         | 73300     |
|    time_elapsed       | 11003     |
|    total_timesteps    | 366500    |
| train/                |           |
|    entropy_loss       | 10.5      |
|    explained_variance | 0         |
|    learning_rate      | 0.0007    |
|    n_updates          | 73299     |
|    policy_loss        | -2.43e+04 |
|    reward             | 825.5203  |
|    std                | 0.002     |
|    value_loss         | 7.17e+06  |
-------------------------------------
EPISODE:  368
------------------------------------
| time/                 |          |
|    fps                | 33       |
|    iterations         | 73400    |
|    time_elapsed       | 11018    |
|    total_timesteps    | 367000   |
| train/                |          |
|    entropy_loss       | 10.5     |
|    explained_variance | 0        |
|    learning_rate      | 0.0007   |
|    n_updates          | 73399    |
|    policy_loss        | -2.4e+04 |
|    reward             | 767.9897 |
|    std                | 0.00199  |
|    value_loss         | 5.88e+06 |
------------------------------------
-------------------------------------
| time/                 |           |
|    fps                | 33        |
|    iterations         | 73500     |
|    time_elapsed       | 11033     |
|    total_timesteps    | 367500    |
| train/                |           |
|    entropy_loss       | 10.5      |
|    explained_variance | 0         |
|    learning_rate      | 0.0007    |
|    n_updates          | 73499     |
|    policy_loss        | -2.43e+04 |
|    reward             | 825.5203  |
|    std                | 0.00198   |
|    value_loss         | 7.17e+06  |
-------------------------------------
EPISODE:  369
-------------------------------------
| time/                 |           |
|    fps                | 33        |
|    iterations         | 73600     |
|    time_elapsed       | 11048     |
|    total_timesteps    | 368000    |
| train/                |           |
|    entropy_loss       | 10.5      |
|    explained_variance | 0         |
|    learning_rate      | 0.0007    |
|    n_updates          | 73599     |
|    policy_loss        | -2.27e+04 |
|    reward             | 767.9897  |
|    std                | 0.00196   |
|    value_loss         | 5.88e+06  |
-------------------------------------
-------------------------------------
| time/                 |           |
|    fps                | 33        |
|    iterations         | 73700     |
|    time_elapsed       | 11063     |
|    total_timesteps    | 368500    |
| train/                |           |
|    entropy_loss       | 10.5      |
|    explained_variance | 0         |
|    learning_rate      | 0.0007    |
|    n_updates          | 73699     |
|    policy_loss        | -2.31e+04 |
|    reward             | 825.5203  |
|    std                | 0.00196   |
|    value_loss         | 7.17e+06  |
-------------------------------------
EPISODE:  370
-------------------------------------
| time/                 |           |
|    fps                | 33        |
|    iterations         | 73800     |
|    time_elapsed       | 11078     |
|    total_timesteps    | 369000    |
| train/                |           |
|    entropy_loss       | 10.6      |
|    explained_variance | 0         |
|    learning_rate      | 0.0007    |
|    n_updates          | 73799     |
|    policy_loss        | -2.42e+04 |
|    reward             | 767.9897  |
|    std                | 0.00194   |
|    value_loss         | 5.88e+06  |
-------------------------------------
-------------------------------------
| time/                 |           |
|    fps                | 33        |
|    iterations         | 73900     |
|    time_elapsed       | 11093     |
|    total_timesteps    | 369500    |
| train/                |           |
|    entropy_loss       | 10.6      |
|    explained_variance | 0         |
|    learning_rate      | 0.0007    |
|    n_updates          | 73899     |
|    policy_loss        | -2.62e+04 |
|    reward             | 825.5203  |
|    std                | 0.00193   |
|    value_loss         | 7.17e+06  |
-------------------------------------
EPISODE:  371
-------------------------------------
| time/                 |           |
|    fps                | 33        |
|    iterations         | 74000     |
|    time_elapsed       | 11108     |
|    total_timesteps    | 370000    |
| train/                |           |
|    entropy_loss       | 10.6      |
|    explained_variance | 0         |
|    learning_rate      | 0.0007    |
|    n_updates          | 73999     |
|    policy_loss        | -2.31e+04 |
|    reward             | 760.6698  |
|    std                | 0.00191   |
|    value_loss         | 5.76e+06  |
-------------------------------------
-------------------------------------
| time/                 |           |
|    fps                | 33        |
|    iterations         | 74100     |
|    time_elapsed       | 11123     |
|    total_timesteps    | 370500    |
| train/                |           |
|    entropy_loss       | 10.6      |
|    explained_variance | -1.19e-07 |
|    learning_rate      | 0.0007    |
|    n_updates          | 74099     |
|    policy_loss        | -2.41e+04 |
|    reward             | 793.08203 |
|    std                | 0.00191   |
|    value_loss         | 6.6e+06   |
-------------------------------------
EPISODE:  372
-------------------------------------
| time/                 |           |
|    fps                | 33        |
|    iterations         | 74200     |
|    time_elapsed       | 11138     |
|    total_timesteps    | 371000    |
| train/                |           |
|    entropy_loss       | 10.7      |
|    explained_variance | 0         |
|    learning_rate      | 0.0007    |
|    n_updates          | 74199     |
|    policy_loss        | -1.99e+04 |
|    reward             | 737.8488  |
|    std                | 0.00188   |
|    value_loss         | 5.41e+06  |
-------------------------------------
-------------------------------------
| time/                 |           |
|    fps                | 33        |
|    iterations         | 74300     |
|    time_elapsed       | 11153     |
|    total_timesteps    | 371500    |
| train/                |           |
|    entropy_loss       | 10.7      |
|    explained_variance | 0         |
|    learning_rate      | 0.0007    |
|    n_updates          | 74299     |
|    policy_loss        | -2.68e+04 |
|    reward             | 825.5203  |
|    std                | 0.00186   |
|    value_loss         | 7.17e+06  |
-------------------------------------
EPISODE:  373
-------------------------------------
| time/                 |           |
|    fps                | 33        |
|    iterations         | 74400     |
|    time_elapsed       | 11168     |
|    total_timesteps    | 372000    |
| train/                |           |
|    entropy_loss       | 10.7      |
|    explained_variance | 0         |
|    learning_rate      | 0.0007    |
|    n_updates          | 74399     |
|    policy_loss        | -2.05e+04 |
|    reward             | 767.9897  |
|    std                | 0.00185   |
|    value_loss         | 5.88e+06  |
-------------------------------------
-------------------------------------
| time/                 |           |
|    fps                | 33        |
|    iterations         | 74500     |
|    time_elapsed       | 11183     |
|    total_timesteps    | 372500    |
| train/                |           |
|    entropy_loss       | 10.7      |
|    explained_variance | 0         |
|    learning_rate      | 0.0007    |
|    n_updates          | 74499     |
|    policy_loss        | -2.33e+04 |
|    reward             | 825.5203  |
|    std                | 0.00184   |
|    value_loss         | 7.17e+06  |
-------------------------------------
EPISODE:  374
-------------------------------------
| time/                 |           |
|    fps                | 33        |
|    iterations         | 74600     |
|    time_elapsed       | 11198     |
|    total_timesteps    | 373000    |
| train/                |           |
|    entropy_loss       | 10.7      |
|    explained_variance | 0         |
|    learning_rate      | 0.0007    |
|    n_updates          | 74599     |
|    policy_loss        | -2.33e+04 |
|    reward             | 767.9897  |
|    std                | 0.00184   |
|    value_loss         | 5.87e+06  |
-------------------------------------
-------------------------------------
| time/                 |           |
|    fps                | 33        |
|    iterations         | 74700     |
|    time_elapsed       | 11213     |
|    total_timesteps    | 373500    |
| train/                |           |
|    entropy_loss       | 10.8      |
|    explained_variance | -1.19e-07 |
|    learning_rate      | 0.0007    |
|    n_updates          | 74699     |
|    policy_loss        | -2.67e+04 |
|    reward             | 825.5203  |
|    std                | 0.00183   |
|    value_loss         | 7.17e+06  |
-------------------------------------
EPISODE:  375
-------------------------------------
| time/                 |           |
|    fps                | 33        |
|    iterations         | 74800     |
|    time_elapsed       | 11228     |
|    total_timesteps    | 374000    |
| train/                |           |
|    entropy_loss       | 10.8      |
|    explained_variance | 0         |
|    learning_rate      | 0.0007    |
|    n_updates          | 74799     |
|    policy_loss        | -2.38e+04 |
|    reward             | 767.9897  |
|    std                | 0.00182   |
|    value_loss         | 5.87e+06  |
-------------------------------------
-------------------------------------
| time/                 |           |
|    fps                | 33        |
|    iterations         | 74900     |
|    time_elapsed       | 11243     |
|    total_timesteps    | 374500    |
| train/                |           |
|    entropy_loss       | 10.8      |
|    explained_variance | 0         |
|    learning_rate      | 0.0007    |
|    n_updates          | 74899     |
|    policy_loss        | -2.72e+04 |
|    reward             | 825.5203  |
|    std                | 0.00182   |
|    value_loss         | 7.17e+06  |
-------------------------------------
EPISODE:  376
-------------------------------------
| time/                 |           |
|    fps                | 33        |
|    iterations         | 75000     |
|    time_elapsed       | 11258     |
|    total_timesteps    | 375000    |
| train/                |           |
|    entropy_loss       | 10.8      |
|    explained_variance | 0         |
|    learning_rate      | 0.0007    |
|    n_updates          | 74999     |
|    policy_loss        | -2.25e+04 |
|    reward             | 767.9897  |
|    std                | 0.00182   |
|    value_loss         | 5.87e+06  |
-------------------------------------
-------------------------------------
| time/                 |           |
|    fps                | 33        |
|    iterations         | 75100     |
|    time_elapsed       | 11273     |
|    total_timesteps    | 375500    |
| train/                |           |
|    entropy_loss       | 10.8      |
|    explained_variance | 0         |
|    learning_rate      | 0.0007    |
|    n_updates          | 75099     |
|    policy_loss        | -2.74e+04 |
|    reward             | 825.5203  |
|    std                | 0.0018    |
|    value_loss         | 7.17e+06  |
-------------------------------------
EPISODE:  377
-------------------------------------
| time/                 |           |
|    fps                | 33        |
|    iterations         | 75200     |
|    time_elapsed       | 11288     |
|    total_timesteps    | 376000    |
| train/                |           |
|    entropy_loss       | 10.8      |
|    explained_variance | 0         |
|    learning_rate      | 0.0007    |
|    n_updates          | 75199     |
|    policy_loss        | -2.35e+04 |
|    reward             | 767.9897  |
|    std                | 0.0018    |
|    value_loss         | 5.87e+06  |
-------------------------------------
-------------------------------------
| time/                 |           |
|    fps                | 33        |
|    iterations         | 75300     |
|    time_elapsed       | 11303     |
|    total_timesteps    | 376500    |
| train/                |           |
|    entropy_loss       | 10.8      |
|    explained_variance | 0         |
|    learning_rate      | 0.0007    |
|    n_updates          | 75299     |
|    policy_loss        | -2.39e+04 |
|    reward             | 825.5203  |
|    std                | 0.0018    |
|    value_loss         | 7.17e+06  |
-------------------------------------
EPISODE:  378
-------------------------------------
| time/                 |           |
|    fps                | 33        |
|    iterations         | 75400     |
|    time_elapsed       | 11318     |
|    total_timesteps    | 377000    |
| train/                |           |
|    entropy_loss       | 10.9      |
|    explained_variance | 0         |
|    learning_rate      | 0.0007    |
|    n_updates          | 75399     |
|    policy_loss        | -2.15e+04 |
|    reward             | 767.9897  |
|    std                | 0.0018    |
|    value_loss         | 5.87e+06  |
-------------------------------------
------------------------------------
| time/                 |          |
|    fps                | 33       |
|    iterations         | 75500    |
|    time_elapsed       | 11333    |
|    total_timesteps    | 377500   |
| train/                |          |
|    entropy_loss       | 10.9     |
|    explained_variance | 0        |
|    learning_rate      | 0.0007   |
|    n_updates          | 75499    |
|    policy_loss        | -2.3e+04 |
|    reward             | 825.5203 |
|    std                | 0.0018   |
|    value_loss         | 7.16e+06 |
------------------------------------
EPISODE:  379
-------------------------------------
| time/                 |           |
|    fps                | 33        |
|    iterations         | 75600     |
|    time_elapsed       | 11348     |
|    total_timesteps    | 378000    |
| train/                |           |
|    entropy_loss       | 10.9      |
|    explained_variance | 0         |
|    learning_rate      | 0.0007    |
|    n_updates          | 75599     |
|    policy_loss        | -2.43e+04 |
|    reward             | 767.9897  |
|    std                | 0.00177   |
|    value_loss         | 5.87e+06  |
-------------------------------------
-------------------------------------
| time/                 |           |
|    fps                | 33        |
|    iterations         | 75700     |
|    time_elapsed       | 11363     |
|    total_timesteps    | 378500    |
| train/                |           |
|    entropy_loss       | 10.9      |
|    explained_variance | 0         |
|    learning_rate      | 0.0007    |
|    n_updates          | 75699     |
|    policy_loss        | -2.62e+04 |
|    reward             | 825.5203  |
|    std                | 0.00176   |
|    value_loss         | 7.16e+06  |
-------------------------------------
EPISODE:  380
-------------------------------------
| time/                 |           |
|    fps                | 33        |
|    iterations         | 75800     |
|    time_elapsed       | 11378     |
|    total_timesteps    | 379000    |
| train/                |           |
|    entropy_loss       | 10.9      |
|    explained_variance | 0         |
|    learning_rate      | 0.0007    |
|    n_updates          | 75799     |
|    policy_loss        | -2.44e+04 |
|    reward             | 767.9897  |
|    std                | 0.00176   |
|    value_loss         | 5.87e+06  |
-------------------------------------
-------------------------------------
| time/                 |           |
|    fps                | 33        |
|    iterations         | 75900     |
|    time_elapsed       | 11393     |
|    total_timesteps    | 379500    |
| train/                |           |
|    entropy_loss       | 10.9      |
|    explained_variance | 0         |
|    learning_rate      | 0.0007    |
|    n_updates          | 75899     |
|    policy_loss        | -2.74e+04 |
|    reward             | 825.5203  |
|    std                | 0.00176   |
|    value_loss         | 7.16e+06  |
-------------------------------------
EPISODE:  381
------------------------------------
| time/                 |          |
|    fps                | 33       |
|    iterations         | 76000    |
|    time_elapsed       | 11407    |
|    total_timesteps    | 380000   |
| train/                |          |
|    entropy_loss       | 10.9     |
|    explained_variance | 1.19e-07 |
|    learning_rate      | 0.0007   |
|    n_updates          | 75999    |
|    policy_loss        | -2.4e+04 |
|    reward             | 765.894  |
|    std                | 0.00173  |
|    value_loss         | 5.84e+06 |
------------------------------------
-------------------------------------
| time/                 |           |
|    fps                | 33        |
|    iterations         | 76100     |
|    time_elapsed       | 11423     |
|    total_timesteps    | 380500    |
| train/                |           |
|    entropy_loss       | 11        |
|    explained_variance | 0         |
|    learning_rate      | 0.0007    |
|    n_updates          | 76099     |
|    policy_loss        | -2.62e+04 |
|    reward             | 791.87134 |
|    std                | 0.00172   |
|    value_loss         | 6.65e+06  |
-------------------------------------
EPISODE:  382
-------------------------------------
| time/                 |           |
|    fps                | 33        |
|    iterations         | 76200     |
|    time_elapsed       | 11438     |
|    total_timesteps    | 381000    |
| train/                |           |
|    entropy_loss       | 11        |
|    explained_variance | 0         |
|    learning_rate      | 0.0007    |
|    n_updates          | 76199     |
|    policy_loss        | -2.37e+04 |
|    reward             | 727.2571  |
|    std                | 0.0017    |
|    value_loss         | 5.24e+06  |
-------------------------------------
-------------------------------------
| time/                 |           |
|    fps                | 33        |
|    iterations         | 76300     |
|    time_elapsed       | 11453     |
|    total_timesteps    | 381500    |
| train/                |           |
|    entropy_loss       | 11        |
|    explained_variance | 0         |
|    learning_rate      | 0.0007    |
|    n_updates          | 76299     |
|    policy_loss        | -2.69e+04 |
|    reward             | 813.0836  |
|    std                | 0.00169   |
|    value_loss         | 6.91e+06  |
-------------------------------------
EPISODE:  383
-------------------------------------
| time/                 |           |
|    fps                | 33        |
|    iterations         | 76400     |
|    time_elapsed       | 11468     |
|    total_timesteps    | 382000    |
| train/                |           |
|    entropy_loss       | 11        |
|    explained_variance | 0         |
|    learning_rate      | 0.0007    |
|    n_updates          | 76399     |
|    policy_loss        | -2.42e+04 |
|    reward             | 752.57263 |
|    std                | 0.00168   |
|    value_loss         | 5.63e+06  |
-------------------------------------
-------------------------------------
| time/                 |           |
|    fps                | 33        |
|    iterations         | 76500     |
|    time_elapsed       | 11483     |
|    total_timesteps    | 382500    |
| train/                |           |
|    entropy_loss       | 11        |
|    explained_variance | 0         |
|    learning_rate      | 0.0007    |
|    n_updates          | 76499     |
|    policy_loss        | -2.84e+04 |
|    reward             | 878.68585 |
|    std                | 0.00167   |
|    value_loss         | 8.02e+06  |
-------------------------------------
EPISODE:  384
-------------------------------------
| time/                 |           |
|    fps                | 33        |
|    iterations         | 76600     |
|    time_elapsed       | 11498     |
|    total_timesteps    | 383000    |
| train/                |           |
|    entropy_loss       | 11.1      |
|    explained_variance | 0         |
|    learning_rate      | 0.0007    |
|    n_updates          | 76599     |
|    policy_loss        | -2.67e+04 |
|    reward             | 835.7445  |
|    std                | 0.00166   |
|    value_loss         | 6.99e+06  |
-------------------------------------
-------------------------------------
| time/                 |           |
|    fps                | 33        |
|    iterations         | 76700     |
|    time_elapsed       | 11513     |
|    total_timesteps    | 383500    |
| train/                |           |
|    entropy_loss       | 11.1      |
|    explained_variance | 0         |
|    learning_rate      | 0.0007    |
|    n_updates          | 76699     |
|    policy_loss        | -3.01e+04 |
|    reward             | 906.35236 |
|    std                | 0.00164   |
|    value_loss         | 8.48e+06  |
-------------------------------------
EPISODE:  385
-------------------------------------
| time/                 |           |
|    fps                | 33        |
|    iterations         | 76800     |
|    time_elapsed       | 11528     |
|    total_timesteps    | 384000    |
| train/                |           |
|    entropy_loss       | 11.1      |
|    explained_variance | 5.96e-08  |
|    learning_rate      | 0.0007    |
|    n_updates          | 76799     |
|    policy_loss        | -2.79e+04 |
|    reward             | 882.0864  |
|    std                | 0.00163   |
|    value_loss         | 7.81e+06  |
-------------------------------------
-------------------------------------
| time/                 |           |
|    fps                | 33        |
|    iterations         | 76900     |
|    time_elapsed       | 11543     |
|    total_timesteps    | 384500    |
| train/                |           |
|    entropy_loss       | 11.1      |
|    explained_variance | 0         |
|    learning_rate      | 0.0007    |
|    n_updates          | 76899     |
|    policy_loss        | -3.05e+04 |
|    reward             | 904.1526  |
|    std                | 0.00161   |
|    value_loss         | 8.52e+06  |
-------------------------------------
EPISODE:  386
-------------------------------------
| time/                 |           |
|    fps                | 33        |
|    iterations         | 77000     |
|    time_elapsed       | 11558     |
|    total_timesteps    | 385000    |
| train/                |           |
|    entropy_loss       | 11.1      |
|    explained_variance | 0         |
|    learning_rate      | 0.0007    |
|    n_updates          | 76999     |
|    policy_loss        | -2.66e+04 |
|    reward             | 825.6944  |
|    std                | 0.00161   |
|    value_loss         | 6.81e+06  |
-------------------------------------
-------------------------------------
| time/                 |           |
|    fps                | 33        |
|    iterations         | 77100     |
|    time_elapsed       | 11572     |
|    total_timesteps    | 385500    |
| train/                |           |
|    entropy_loss       | 11.1      |
|    explained_variance | 0         |
|    learning_rate      | 0.0007    |
|    n_updates          | 77099     |
|    policy_loss        | -3.11e+04 |
|    reward             | 909.2984  |
|    std                | 0.0016    |
|    value_loss         | 8.54e+06  |
-------------------------------------
EPISODE:  387
-------------------------------------
| time/                 |           |
|    fps                | 33        |
|    iterations         | 77200     |
|    time_elapsed       | 11587     |
|    total_timesteps    | 386000    |
| train/                |           |
|    entropy_loss       | 11.2      |
|    explained_variance | 0         |
|    learning_rate      | 0.0007    |
|    n_updates          | 77199     |
|    policy_loss        | -2.91e+04 |
|    reward             | 879.8474  |
|    std                | 0.00158   |
|    value_loss         | 7.77e+06  |
-------------------------------------
-------------------------------------
| time/                 |           |
|    fps                | 33        |
|    iterations         | 77300     |
|    time_elapsed       | 11602     |
|    total_timesteps    | 386500    |
| train/                |           |
|    entropy_loss       | 11.2      |
|    explained_variance | 5.96e-08  |
|    learning_rate      | 0.0007    |
|    n_updates          | 77299     |
|    policy_loss        | -3.08e+04 |
|    reward             | 910.7879  |
|    std                | 0.00157   |
|    value_loss         | 8.57e+06  |
-------------------------------------
EPISODE:  388
-------------------------------------
| time/                 |           |
|    fps                | 33        |
|    iterations         | 77400     |
|    time_elapsed       | 11617     |
|    total_timesteps    | 387000    |
| train/                |           |
|    entropy_loss       | 11.2      |
|    explained_variance | -1.19e-07 |
|    learning_rate      | 0.0007    |
|    n_updates          | 77399     |
|    policy_loss        | -2.72e+04 |
|    reward             | 881.2887  |
|    std                | 0.00157   |
|    value_loss         | 7.79e+06  |
-------------------------------------
-------------------------------------
| time/                 |           |
|    fps                | 33        |
|    iterations         | 77500     |
|    time_elapsed       | 11632     |
|    total_timesteps    | 387500    |
| train/                |           |
|    entropy_loss       | 11.2      |
|    explained_variance | 5.96e-08  |
|    learning_rate      | 0.0007    |
|    n_updates          | 77499     |
|    policy_loss        | -2.84e+04 |
|    reward             | 909.2984  |
|    std                | 0.00157   |
|    value_loss         | 8.54e+06  |
-------------------------------------
EPISODE:  389
-------------------------------------
| time/                 |           |
|    fps                | 33        |
|    iterations         | 77600     |
|    time_elapsed       | 11647     |
|    total_timesteps    | 388000    |
| train/                |           |
|    entropy_loss       | 11.2      |
|    explained_variance | 0         |
|    learning_rate      | 0.0007    |
|    n_updates          | 77599     |
|    policy_loss        | -2.83e+04 |
|    reward             | 879.8474  |
|    std                | 0.00154   |
|    value_loss         | 7.77e+06  |
-------------------------------------
-------------------------------------
| time/                 |           |
|    fps                | 33        |
|    iterations         | 77700     |
|    time_elapsed       | 11662     |
|    total_timesteps    | 388500    |
| train/                |           |
|    entropy_loss       | 11.2      |
|    explained_variance | 5.96e-08  |
|    learning_rate      | 0.0007    |
|    n_updates          | 77699     |
|    policy_loss        | -2.82e+04 |
|    reward             | 907.6502  |
|    std                | 0.00154   |
|    value_loss         | 8.5e+06   |
-------------------------------------
EPISODE:  390
-------------------------------------
| time/                 |           |
|    fps                | 33        |
|    iterations         | 77800     |
|    time_elapsed       | 11677     |
|    total_timesteps    | 389000    |
| train/                |           |
|    entropy_loss       | 11.3      |
|    explained_variance | -1.19e-07 |
|    learning_rate      | 0.0007    |
|    n_updates          | 77799     |
|    policy_loss        | -2.87e+04 |
|    reward             | 886.7062  |
|    std                | 0.00152   |
|    value_loss         | 7.89e+06  |
-------------------------------------
-------------------------------------
| time/                 |           |
|    fps                | 33        |
|    iterations         | 77900     |
|    time_elapsed       | 11692     |
|    total_timesteps    | 389500    |
| train/                |           |
|    entropy_loss       | 11.3      |
|    explained_variance | 0         |
|    learning_rate      | 0.0007    |
|    n_updates          | 77899     |
|    policy_loss        | -3.03e+04 |
|    reward             | 897.6549  |
|    std                | 0.0015    |
|    value_loss         | 8.37e+06  |
-------------------------------------
EPISODE:  391
-------------------------------------
| time/                 |           |
|    fps                | 33        |
|    iterations         | 78000     |
|    time_elapsed       | 11707     |
|    total_timesteps    | 390000    |
| train/                |           |
|    entropy_loss       | 11.3      |
|    explained_variance | 1.79e-07  |
|    learning_rate      | 0.0007    |
|    n_updates          | 77999     |
|    policy_loss        | -2.91e+04 |
|    reward             | 862.64905 |
|    std                | 0.0015    |
|    value_loss         | 7.45e+06  |
-------------------------------------
-------------------------------------
| time/                 |           |
|    fps                | 33        |
|    iterations         | 78100     |
|    time_elapsed       | 11722     |
|    total_timesteps    | 390500    |
| train/                |           |
|    entropy_loss       | 11.3      |
|    explained_variance | -1.19e-07 |
|    learning_rate      | 0.0007    |
|    n_updates          | 78099     |
|    policy_loss        | -2.65e+04 |
|    reward             | 880.0451  |
|    std                | 0.0015    |
|    value_loss         | 8.06e+06  |
-------------------------------------
EPISODE:  392
-------------------------------------
| time/                 |           |
|    fps                | 33        |
|    iterations         | 78200     |
|    time_elapsed       | 11737     |
|    total_timesteps    | 391000    |
| train/                |           |
|    entropy_loss       | 11.3      |
|    explained_variance | 0         |
|    learning_rate      | 0.0007    |
|    n_updates          | 78199     |
|    policy_loss        | -2.62e+04 |
|    reward             | 824.84827 |
|    std                | 0.0015    |
|    value_loss         | 6.8e+06   |
-------------------------------------
-------------------------------------
| time/                 |           |
|    fps                | 33        |
|    iterations         | 78300     |
|    time_elapsed       | 11752     |
|    total_timesteps    | 391500    |
| train/                |           |
|    entropy_loss       | 11.3      |
|    explained_variance | -1.19e-07 |
|    learning_rate      | 0.0007    |
|    n_updates          | 78299     |
|    policy_loss        | -3e+04    |
|    reward             | 874.66583 |
|    std                | 0.00149   |
|    value_loss         | 8.02e+06  |
-------------------------------------
EPISODE:  393
-------------------------------------
| time/                 |           |
|    fps                | 33        |
|    iterations         | 78400     |
|    time_elapsed       | 11767     |
|    total_timesteps    | 392000    |
| train/                |           |
|    entropy_loss       | 11.3      |
|    explained_variance | 0         |
|    learning_rate      | 0.0007    |
|    n_updates          | 78399     |
|    policy_loss        | -2.34e+04 |
|    reward             | 771.367   |
|    std                | 0.00149   |
|    value_loss         | 5.93e+06  |
-------------------------------------
-------------------------------------
| time/                 |           |
|    fps                | 33        |
|    iterations         | 78500     |
|    time_elapsed       | 11782     |
|    total_timesteps    | 392500    |
| train/                |           |
|    entropy_loss       | 11.3      |
|    explained_variance | 0         |
|    learning_rate      | 0.0007    |
|    n_updates          | 78499     |
|    policy_loss        | -2.88e+04 |
|    reward             | 873.55536 |
|    std                | 0.00149   |
|    value_loss         | 7.93e+06  |
-------------------------------------
EPISODE:  394
-------------------------------------
| time/                 |           |
|    fps                | 33        |
|    iterations         | 78600     |
|    time_elapsed       | 11797     |
|    total_timesteps    | 393000    |
| train/                |           |
|    entropy_loss       | 11.4      |
|    explained_variance | 0         |
|    learning_rate      | 0.0007    |
|    n_updates          | 78599     |
|    policy_loss        | -2.66e+04 |
|    reward             | 817.21277 |
|    std                | 0.00148   |
|    value_loss         | 6.66e+06  |
-------------------------------------
-------------------------------------
| time/                 |           |
|    fps                | 33        |
|    iterations         | 78700     |
|    time_elapsed       | 11812     |
|    total_timesteps    | 393500    |
| train/                |           |
|    entropy_loss       | 11.4      |
|    explained_variance | 1.79e-07  |
|    learning_rate      | 0.0007    |
|    n_updates          | 78699     |
|    policy_loss        | -2.84e+04 |
|    reward             | 886.27167 |
|    std                | 0.00149   |
|    value_loss         | 8.13e+06  |
-------------------------------------
EPISODE:  395
-------------------------------------
| time/                 |           |
|    fps                | 33        |
|    iterations         | 78800     |
|    time_elapsed       | 11827     |
|    total_timesteps    | 394000    |
| train/                |           |
|    entropy_loss       | 11.4      |
|    explained_variance | 1.19e-07  |
|    learning_rate      | 0.0007    |
|    n_updates          | 78799     |
|    policy_loss        | -2.76e+04 |
|    reward             | 850.7515  |
|    std                | 0.00148   |
|    value_loss         | 7.24e+06  |
-------------------------------------
-------------------------------------
| time/                 |           |
|    fps                | 33        |
|    iterations         | 78900     |
|    time_elapsed       | 11842     |
|    total_timesteps    | 394500    |
| train/                |           |
|    entropy_loss       | 11.4      |
|    explained_variance | -1.19e-07 |
|    learning_rate      | 0.0007    |
|    n_updates          | 78899     |
|    policy_loss        | -3.08e+04 |
|    reward             | 908.3678  |
|    std                | 0.00149   |
|    value_loss         | 8.51e+06  |
-------------------------------------
EPISODE:  396
-------------------------------------
| time/                 |           |
|    fps                | 33        |
|    iterations         | 79000     |
|    time_elapsed       | 11857     |
|    total_timesteps    | 395000    |
| train/                |           |
|    entropy_loss       | 11.4      |
|    explained_variance | 0         |
|    learning_rate      | 0.0007    |
|    n_updates          | 78999     |
|    policy_loss        | -2.83e+04 |
|    reward             | 878.947   |
|    std                | 0.00148   |
|    value_loss         | 7.74e+06  |
-------------------------------------
-------------------------------------
| time/                 |           |
|    fps                | 33        |
|    iterations         | 79100     |
|    time_elapsed       | 11872     |
|    total_timesteps    | 395500    |
| train/                |           |
|    entropy_loss       | 11.4      |
|    explained_variance | 0         |
|    learning_rate      | 0.0007    |
|    n_updates          | 79099     |
|    policy_loss        | -3.12e+04 |
|    reward             | 908.70996 |
|    std                | 0.00148   |
|    value_loss         | 8.57e+06  |
-------------------------------------
EPISODE:  397
-------------------------------------
| time/                 |           |
|    fps                | 33        |
|    iterations         | 79200     |
|    time_elapsed       | 11887     |
|    total_timesteps    | 396000    |
| train/                |           |
|    entropy_loss       | 11.4      |
|    explained_variance | 1.19e-07  |
|    learning_rate      | 0.0007    |
|    n_updates          | 79199     |
|    policy_loss        | -2.66e+04 |
|    reward             | 862.3912  |
|    std                | 0.00148   |
|    value_loss         | 7.44e+06  |
-------------------------------------
-------------------------------------
| time/                 |           |
|    fps                | 33        |
|    iterations         | 79300     |
|    time_elapsed       | 11902     |
|    total_timesteps    | 396500    |
| train/                |           |
|    entropy_loss       | 11.4      |
|    explained_variance | 0         |
|    learning_rate      | 0.0007    |
|    n_updates          | 79299     |
|    policy_loss        | -2.97e+04 |
|    reward             | 872.97656 |
|    std                | 0.00148   |
|    value_loss         | 7.94e+06  |
-------------------------------------
EPISODE:  398
-------------------------------------
| time/                 |           |
|    fps                | 33        |
|    iterations         | 79400     |
|    time_elapsed       | 11917     |
|    total_timesteps    | 397000    |
| train/                |           |
|    entropy_loss       | 11.5      |
|    explained_variance | 0         |
|    learning_rate      | 0.0007    |
|    n_updates          | 79399     |
|    policy_loss        | -2.79e+04 |
|    reward             | 826.90625 |
|    std                | 0.00146   |
|    value_loss         | 6.82e+06  |
-------------------------------------
-------------------------------------
| time/                 |           |
|    fps                | 33        |
|    iterations         | 79500     |
|    time_elapsed       | 11932     |
|    total_timesteps    | 397500    |
| train/                |           |
|    entropy_loss       | 11.5      |
|    explained_variance | 1.79e-07  |
|    learning_rate      | 0.0007    |
|    n_updates          | 79499     |
|    policy_loss        | -2.85e+04 |
|    reward             | 900.4057  |
|    std                | 0.00146   |
|    value_loss         | 8.38e+06  |
-------------------------------------
EPISODE:  399
-------------------------------------
| time/                 |           |
|    fps                | 33        |
|    iterations         | 79600     |
|    time_elapsed       | 11948     |
|    total_timesteps    | 398000    |
| train/                |           |
|    entropy_loss       | 11.5      |
|    explained_variance | 1.19e-07  |
|    learning_rate      | 0.0007    |
|    n_updates          | 79599     |
|    policy_loss        | -2.74e+04 |
|    reward             | 863.0305  |
|    std                | 0.00147   |
|    value_loss         | 7.46e+06  |
-------------------------------------
-------------------------------------
| time/                 |           |
|    fps                | 33        |
|    iterations         | 79700     |
|    time_elapsed       | 11963     |
|    total_timesteps    | 398500    |
| train/                |           |
|    entropy_loss       | 11.5      |
|    explained_variance | 0         |
|    learning_rate      | 0.0007    |
|    n_updates          | 79699     |
|    policy_loss        | -3.13e+04 |
|    reward             | 909.2984  |
|    std                | 0.00146   |
|    value_loss         | 8.53e+06  |
-------------------------------------
EPISODE:  400
------------------------------------
| time/                 |          |
|    fps                | 33       |
|    iterations         | 79800    |
|    time_elapsed       | 11978    |
|    total_timesteps    | 399000   |
| train/                |          |
|    entropy_loss       | 11.5     |
|    explained_variance | 0        |
|    learning_rate      | 0.0007   |
|    n_updates          | 79799    |
|    policy_loss        | -2.9e+04 |
|    reward             | 880.0769 |
|    std                | 0.00146  |
|    value_loss         | 7.76e+06 |
------------------------------------
-------------------------------------
| time/                 |           |
|    fps                | 33        |
|    iterations         | 79900     |
|    time_elapsed       | 11993     |
|    total_timesteps    | 399500    |
| train/                |           |
|    entropy_loss       | 11.5      |
|    explained_variance | 0         |
|    learning_rate      | 0.0007    |
|    n_updates          | 79899     |
|    policy_loss        | -3.18e+04 |
|    reward             | 909.7806  |
|    std                | 0.00144   |
|    value_loss         | 8.54e+06  |
-------------------------------------
EPISODE:  401
-------------------------------------
| time/                 |           |
|    fps                | 33        |
|    iterations         | 80000     |
|    time_elapsed       | 12008     |
|    total_timesteps    | 400000    |
| train/                |           |
|    entropy_loss       | 11.5      |
|    explained_variance | -1.19e-07 |
|    learning_rate      | 0.0007    |
|    n_updates          | 79999     |
|    policy_loss        | -2.94e+04 |
|    reward             | 878.38416 |
|    std                | 0.00142   |
|    value_loss         | 7.73e+06  |
-------------------------------------
-------------------------------------
| time/                 |           |
|    fps                | 33        |
|    iterations         | 80100     |
|    time_elapsed       | 12022     |
|    total_timesteps    | 400500    |
| train/                |           |
|    entropy_loss       | 11.6      |
|    explained_variance | 0         |
|    learning_rate      | 0.0007    |
|    n_updates          | 80099     |
|    policy_loss        | -2.85e+04 |
|    reward             | 909.2984  |
|    std                | 0.0014    |
|    value_loss         | 8.53e+06  |
-------------------------------------
EPISODE:  402
-------------------------------------
| time/                 |           |
|    fps                | 33        |
|    iterations         | 80200     |
|    time_elapsed       | 12037     |
|    total_timesteps    | 401000    |
| train/                |           |
|    entropy_loss       | 11.6      |
|    explained_variance | 2.38e-07  |
|    learning_rate      | 0.0007    |
|    n_updates          | 80199     |
|    policy_loss        | -3.14e+04 |
|    reward             | 906.9262  |
|    std                | 0.00141   |
|    value_loss         | 8.25e+06  |
-------------------------------------
-------------------------------------
| time/                 |           |
|    fps                | 33        |
|    iterations         | 80300     |
|    time_elapsed       | 12052     |
|    total_timesteps    | 401500    |
| train/                |           |
|    entropy_loss       | 11.6      |
|    explained_variance | -1.19e-07 |
|    learning_rate      | 0.0007    |
|    n_updates          | 80299     |
|    policy_loss        | -3.02e+04 |
|    reward             | 865.50946 |
|    std                | 0.00139   |
|    value_loss         | 7.79e+06  |
-------------------------------------
EPISODE:  403
-------------------------------------
| time/                 |           |
|    fps                | 33        |
|    iterations         | 80400     |
|    time_elapsed       | 12067     |
|    total_timesteps    | 402000    |
| train/                |           |
|    entropy_loss       | 11.6      |
|    explained_variance | 0         |
|    learning_rate      | 0.0007    |
|    n_updates          | 80399     |
|    policy_loss        | -2.65e+04 |
|    reward             | 836.58923 |
|    std                | 0.0014    |
|    value_loss         | 6.98e+06  |
-------------------------------------
-------------------------------------
| time/                 |           |
|    fps                | 33        |
|    iterations         | 80500     |
|    time_elapsed       | 12082     |
|    total_timesteps    | 402500    |
| train/                |           |
|    entropy_loss       | 11.6      |
|    explained_variance | -1.19e-07 |
|    learning_rate      | 0.0007    |
|    n_updates          | 80499     |
|    policy_loss        | -2.87e+04 |
|    reward             | 877.78314 |
|    std                | 0.0014    |
|    value_loss         | 8.02e+06  |
-------------------------------------
EPISODE:  404
-------------------------------------
| time/                 |           |
|    fps                | 33        |
|    iterations         | 80600     |
|    time_elapsed       | 12097     |
|    total_timesteps    | 403000    |
| train/                |           |
|    entropy_loss       | 11.6      |
|    explained_variance | 0         |
|    learning_rate      | 0.0007    |
|    n_updates          | 80599     |
|    policy_loss        | -2.89e+04 |
|    reward             | 868.23645 |
|    std                | 0.0014    |
|    value_loss         | 7.55e+06  |
-------------------------------------
-------------------------------------
| time/                 |           |
|    fps                | 33        |
|    iterations         | 80700     |
|    time_elapsed       | 12112     |
|    total_timesteps    | 403500    |
| train/                |           |
|    entropy_loss       | 11.6      |
|    explained_variance | -1.19e-07 |
|    learning_rate      | 0.0007    |
|    n_updates          | 80699     |
|    policy_loss        | -2.86e+04 |
|    reward             | 809.9719  |
|    std                | 0.00138   |
|    value_loss         | 6.87e+06  |
-------------------------------------
EPISODE:  405
------------------------------------
| time/                 |          |
|    fps                | 33       |
|    iterations         | 80800    |
|    time_elapsed       | 12128    |
|    total_timesteps    | 404000   |
| train/                |          |
|    entropy_loss       | 11.6     |
|    explained_variance | 0        |
|    learning_rate      | 0.0007   |
|    n_updates          | 80799    |
|    policy_loss        | -2.6e+04 |
|    reward             | 753.8193 |
|    std                | 0.00138  |
|    value_loss         | 5.63e+06 |
------------------------------------
-------------------------------------
| time/                 |           |
|    fps                | 33        |
|    iterations         | 80900     |
|    time_elapsed       | 12143     |
|    total_timesteps    | 404500    |
| train/                |           |
|    entropy_loss       | 11.7      |
|    explained_variance | 0         |
|    learning_rate      | 0.0007    |
|    n_updates          | 80899     |
|    policy_loss        | -2.94e+04 |
|    reward             | 825.5203  |
|    std                | 0.00137   |
|    value_loss         | 7.14e+06  |
-------------------------------------
EPISODE:  406
-------------------------------------
| time/                 |           |
|    fps                | 33        |
|    iterations         | 81000     |
|    time_elapsed       | 12158     |
|    total_timesteps    | 405000    |
| train/                |           |
|    entropy_loss       | 11.7      |
|    explained_variance | 0         |
|    learning_rate      | 0.0007    |
|    n_updates          | 80999     |
|    policy_loss        | -2.46e+04 |
|    reward             | 767.9897  |
|    std                | 0.00136   |
|    value_loss         | 5.85e+06  |
-------------------------------------
-------------------------------------
| time/                 |           |
|    fps                | 33        |
|    iterations         | 81100     |
|    time_elapsed       | 12173     |
|    total_timesteps    | 405500    |
| train/                |           |
|    entropy_loss       | 11.7      |
|    explained_variance | 0         |
|    learning_rate      | 0.0007    |
|    n_updates          | 81099     |
|    policy_loss        | -2.86e+04 |
|    reward             | 820.1799  |
|    std                | 0.00135   |
|    value_loss         | 7.05e+06  |
-------------------------------------
EPISODE:  407
-------------------------------------
| time/                 |           |
|    fps                | 33        |
|    iterations         | 81200     |
|    time_elapsed       | 12188     |
|    total_timesteps    | 406000    |
| train/                |           |
|    entropy_loss       | 11.7      |
|    explained_variance | 0         |
|    learning_rate      | 0.0007    |
|    n_updates          | 81199     |
|    policy_loss        | -2.21e+04 |
|    reward             | 776.5945  |
|    std                | 0.00135   |
|    value_loss         | 5.99e+06  |
-------------------------------------
-------------------------------------
| time/                 |           |
|    fps                | 33        |
|    iterations         | 81300     |
|    time_elapsed       | 12203     |
|    total_timesteps    | 406500    |
| train/                |           |
|    entropy_loss       | 11.7      |
|    explained_variance | 0         |
|    learning_rate      | 0.0007    |
|    n_updates          | 81299     |
|    policy_loss        | -2.75e+04 |
|    reward             | 807.31604 |
|    std                | 0.00135   |
|    value_loss         | 6.83e+06  |
-------------------------------------
EPISODE:  408
-------------------------------------
| time/                 |           |
|    fps                | 33        |
|    iterations         | 81400     |
|    time_elapsed       | 12218     |
|    total_timesteps    | 407000    |
| train/                |           |
|    entropy_loss       | 11.7      |
|    explained_variance | 1.19e-07  |
|    learning_rate      | 0.0007    |
|    n_updates          | 81399     |
|    policy_loss        | -2.52e+04 |
|    reward             | 733.14526 |
|    std                | 0.00133   |
|    value_loss         | 5.31e+06  |
-------------------------------------
-------------------------------------
| time/                 |           |
|    fps                | 33        |
|    iterations         | 81500     |
|    time_elapsed       | 12233     |
|    total_timesteps    | 407500    |
| train/                |           |
|    entropy_loss       | 11.8      |
|    explained_variance | 0         |
|    learning_rate      | 0.0007    |
|    n_updates          | 81499     |
|    policy_loss        | -2.97e+04 |
|    reward             | 828.3685  |
|    std                | 0.00132   |
|    value_loss         | 7.2e+06   |
-------------------------------------
EPISODE:  409
-------------------------------------
| time/                 |           |
|    fps                | 33        |
|    iterations         | 81600     |
|    time_elapsed       | 12248     |
|    total_timesteps    | 408000    |
| train/                |           |
|    entropy_loss       | 11.7      |
|    explained_variance | -1.19e-07 |
|    learning_rate      | 0.0007    |
|    n_updates          | 81599     |
|    policy_loss        | -2.56e+04 |
|    reward             | 764.8503  |
|    std                | 0.00133   |
|    value_loss         | 5.8e+06   |
-------------------------------------
-------------------------------------
| time/                 |           |
|    fps                | 33        |
|    iterations         | 81700     |
|    time_elapsed       | 12263     |
|    total_timesteps    | 408500    |
| train/                |           |
|    entropy_loss       | 11.8      |
|    explained_variance | 0         |
|    learning_rate      | 0.0007    |
|    n_updates          | 81699     |
|    policy_loss        | -2.94e+04 |
|    reward             | 814.3637  |
|    std                | 0.00132   |
|    value_loss         | 6.97e+06  |
-------------------------------------
EPISODE:  410
-------------------------------------
| time/                 |           |
|    fps                | 33        |
|    iterations         | 81800     |
|    time_elapsed       | 12278     |
|    total_timesteps    | 409000    |
| train/                |           |
|    entropy_loss       | 11.8      |
|    explained_variance | 0         |
|    learning_rate      | 0.0007    |
|    n_updates          | 81799     |
|    policy_loss        | -2.41e+04 |
|    reward             | 740.63074 |
|    std                | 0.00133   |
|    value_loss         | 5.43e+06  |
-------------------------------------
-------------------------------------
| time/                 |           |
|    fps                | 33        |
|    iterations         | 81900     |
|    time_elapsed       | 12293     |
|    total_timesteps    | 409500    |
| train/                |           |
|    entropy_loss       | 11.8      |
|    explained_variance | 0         |
|    learning_rate      | 0.0007    |
|    n_updates          | 81899     |
|    policy_loss        | -2.91e+04 |
|    reward             | 831.5617  |
|    std                | 0.00132   |
|    value_loss         | 7.19e+06  |
-------------------------------------
EPISODE:  411
-------------------------------------
| time/                 |           |
|    fps                | 33        |
|    iterations         | 82000     |
|    time_elapsed       | 12309     |
|    total_timesteps    | 410000    |
| train/                |           |
|    entropy_loss       | 11.8      |
|    explained_variance | 0         |
|    learning_rate      | 0.0007    |
|    n_updates          | 81999     |
|    policy_loss        | -2.56e+04 |
|    reward             | 791.8582  |
|    std                | 0.00131   |
|    value_loss         | 6.24e+06  |
-------------------------------------
-------------------------------------
| time/                 |           |
|    fps                | 33        |
|    iterations         | 82100     |
|    time_elapsed       | 12324     |
|    total_timesteps    | 410500    |
| train/                |           |
|    entropy_loss       | 11.8      |
|    explained_variance | 0         |
|    learning_rate      | 0.0007    |
|    n_updates          | 82099     |
|    policy_loss        | -2.94e+04 |
|    reward             | 884.278   |
|    std                | 0.00132   |
|    value_loss         | 8.06e+06  |
-------------------------------------
EPISODE:  412
------------------------------------
| time/                 |          |
|    fps                | 33       |
|    iterations         | 82200    |
|    time_elapsed       | 12339    |
|    total_timesteps    | 411000   |
| train/                |          |
|    entropy_loss       | 11.8     |
|    explained_variance | 0        |
|    learning_rate      | 0.0007   |
|    n_updates          | 82199    |
|    policy_loss        | -2.9e+04 |
|    reward             | 857.0777 |
|    std                | 0.00131  |
|    value_loss         | 7.34e+06 |
------------------------------------
-------------------------------------
| time/                 |           |
|    fps                | 33        |
|    iterations         | 82300     |
|    time_elapsed       | 12354     |
|    total_timesteps    | 411500    |
| train/                |           |
|    entropy_loss       | 11.8      |
|    explained_variance | 0         |
|    learning_rate      | 0.0007    |
|    n_updates          | 82299     |
|    policy_loss        | -2.88e+04 |
|    reward             | 828.9225  |
|    std                | 0.00131   |
|    value_loss         | 7.2e+06   |
-------------------------------------
EPISODE:  413
-------------------------------------
| time/                 |           |
|    fps                | 33        |
|    iterations         | 82400     |
|    time_elapsed       | 12369     |
|    total_timesteps    | 412000    |
| train/                |           |
|    entropy_loss       | 11.8      |
|    explained_variance | 0         |
|    learning_rate      | 0.0007    |
|    n_updates          | 82399     |
|    policy_loss        | -2.68e+04 |
|    reward             | 769.54504 |
|    std                | 0.0013    |
|    value_loss         | 5.87e+06  |
-------------------------------------
-------------------------------------
| time/                 |           |
|    fps                | 33        |
|    iterations         | 82500     |
|    time_elapsed       | 12384     |
|    total_timesteps    | 412500    |
| train/                |           |
|    entropy_loss       | 11.8      |
|    explained_variance | 1.19e-07  |
|    learning_rate      | 0.0007    |
|    n_updates          | 82499     |
|    policy_loss        | -2.97e+04 |
|    reward             | 829.51904 |
|    std                | 0.00131   |
|    value_loss         | 7.21e+06  |
-------------------------------------
EPISODE:  414
-------------------------------------
| time/                 |           |
|    fps                | 33        |
|    iterations         | 82600     |
|    time_elapsed       | 12399     |
|    total_timesteps    | 413000    |
| train/                |           |
|    entropy_loss       | 11.8      |
|    explained_variance | 0         |
|    learning_rate      | 0.0007    |
|    n_updates          | 82599     |
|    policy_loss        | -2.59e+04 |
|    reward             | 772.3551  |
|    std                | 0.0013    |
|    value_loss         | 5.92e+06  |
-------------------------------------
-------------------------------------
| time/                 |           |
|    fps                | 33        |
|    iterations         | 82700     |
|    time_elapsed       | 12414     |
|    total_timesteps    | 413500    |
| train/                |           |
|    entropy_loss       | 11.9      |
|    explained_variance | -1.19e-07 |
|    learning_rate      | 0.0007    |
|    n_updates          | 82699     |
|    policy_loss        | -3.01e+04 |
|    reward             | 834.8757  |
|    std                | 0.0013    |
|    value_loss         | 7.31e+06  |
-------------------------------------
EPISODE:  415
-------------------------------------
| time/                 |           |
|    fps                | 33        |
|    iterations         | 82800     |
|    time_elapsed       | 12429     |
|    total_timesteps    | 414000    |
| train/                |           |
|    entropy_loss       | 11.9      |
|    explained_variance | 0         |
|    learning_rate      | 0.0007    |
|    n_updates          | 82799     |
|    policy_loss        | -2.67e+04 |
|    reward             | 776.761   |
|    std                | 0.00129   |
|    value_loss         | 5.99e+06  |
-------------------------------------
-------------------------------------
| time/                 |           |
|    fps                | 33        |
|    iterations         | 82900     |
|    time_elapsed       | 12444     |
|    total_timesteps    | 414500    |
| train/                |           |
|    entropy_loss       | 11.9      |
|    explained_variance | 0         |
|    learning_rate      | 0.0007    |
|    n_updates          | 82899     |
|    policy_loss        | -2.71e+04 |
|    reward             | 825.5616  |
|    std                | 0.00128   |
|    value_loss         | 7.14e+06  |
-------------------------------------
EPISODE:  416
-------------------------------------
| time/                 |           |
|    fps                | 33        |
|    iterations         | 83000     |
|    time_elapsed       | 12459     |
|    total_timesteps    | 415000    |
| train/                |           |
|    entropy_loss       | 11.9      |
|    explained_variance | 0         |
|    learning_rate      | 0.0007    |
|    n_updates          | 82999     |
|    policy_loss        | -2.19e+04 |
|    reward             | 768.2883  |
|    std                | 0.00127   |
|    value_loss         | 5.85e+06  |
-------------------------------------
-------------------------------------
| time/                 |           |
|    fps                | 33        |
|    iterations         | 83100     |
|    time_elapsed       | 12475     |
|    total_timesteps    | 415500    |
| train/                |           |
|    entropy_loss       | 11.9      |
|    explained_variance | 0         |
|    learning_rate      | 0.0007    |
|    n_updates          | 83099     |
|    policy_loss        | -2.91e+04 |
|    reward             | 821.92505 |
|    std                | 0.00125   |
|    value_loss         | 7.06e+06  |
-------------------------------------
EPISODE:  417
-------------------------------------
| time/                 |           |
|    fps                | 33        |
|    iterations         | 83200     |
|    time_elapsed       | 12490     |
|    total_timesteps    | 416000    |
| train/                |           |
|    entropy_loss       | 11.9      |
|    explained_variance | 0         |
|    learning_rate      | 0.0007    |
|    n_updates          | 83199     |
|    policy_loss        | -2.45e+04 |
|    reward             | 750.0741  |
|    std                | 0.00125   |
|    value_loss         | 5.57e+06  |
-------------------------------------
-------------------------------------
| time/                 |           |
|    fps                | 33        |
|    iterations         | 83300     |
|    time_elapsed       | 12505     |
|    total_timesteps    | 416500    |
| train/                |           |
|    entropy_loss       | 12        |
|    explained_variance | 0         |
|    learning_rate      | 0.0007    |
|    n_updates          | 83299     |
|    policy_loss        | -3.08e+04 |
|    reward             | 893.53564 |
|    std                | 0.00124   |
|    value_loss         | 8.23e+06  |
-------------------------------------
EPISODE:  418
-------------------------------------
| time/                 |           |
|    fps                | 33        |
|    iterations         | 83400     |
|    time_elapsed       | 12520     |
|    total_timesteps    | 417000    |
| train/                |           |
|    entropy_loss       | 12        |
|    explained_variance | 0         |
|    learning_rate      | 0.0007    |
|    n_updates          | 83399     |
|    policy_loss        | -3.04e+04 |
|    reward             | 861.7691  |
|    std                | 0.00125   |
|    value_loss         | 7.41e+06  |
-------------------------------------
-------------------------------------
| time/                 |           |
|    fps                | 33        |
|    iterations         | 83500     |
|    time_elapsed       | 12535     |
|    total_timesteps    | 417500    |
| train/                |           |
|    entropy_loss       | 12        |
|    explained_variance | 1.79e-07  |
|    learning_rate      | 0.0007    |
|    n_updates          | 83499     |
|    policy_loss        | -2.94e+04 |
|    reward             | 852.4031  |
|    std                | 0.00125   |
|    value_loss         | 7.61e+06  |
-------------------------------------
EPISODE:  419
-------------------------------------
| time/                 |           |
|    fps                | 33        |
|    iterations         | 83600     |
|    time_elapsed       | 12550     |
|    total_timesteps    | 418000    |
| train/                |           |
|    entropy_loss       | 12        |
|    explained_variance | 0         |
|    learning_rate      | 0.0007    |
|    n_updates          | 83599     |
|    policy_loss        | -2.65e+04 |
|    reward             | 783.2777  |
|    std                | 0.00123   |
|    value_loss         | 6.09e+06  |
-------------------------------------
-------------------------------------
| time/                 |           |
|    fps                | 33        |
|    iterations         | 83700     |
|    time_elapsed       | 12565     |
|    total_timesteps    | 418500    |
| train/                |           |
|    entropy_loss       | 12        |
|    explained_variance | 0         |
|    learning_rate      | 0.0007    |
|    n_updates          | 83699     |
|    policy_loss        | -3.11e+04 |
|    reward             | 856.4003  |
|    std                | 0.00123   |
|    value_loss         | 7.62e+06  |
-------------------------------------
EPISODE:  420
-------------------------------------
| time/                 |           |
|    fps                | 33        |
|    iterations         | 83800     |
|    time_elapsed       | 12580     |
|    total_timesteps    | 419000    |
| train/                |           |
|    entropy_loss       | 12        |
|    explained_variance | 0         |
|    learning_rate      | 0.0007    |
|    n_updates          | 83799     |
|    policy_loss        | -2.75e+04 |
|    reward             | 791.59076 |
|    std                | 0.00123   |
|    value_loss         | 6.22e+06  |
-------------------------------------
-------------------------------------
| time/                 |           |
|    fps                | 33        |
|    iterations         | 83900     |
|    time_elapsed       | 12595     |
|    total_timesteps    | 419500    |
| train/                |           |
|    entropy_loss       | 12        |
|    explained_variance | -1.19e-07 |
|    learning_rate      | 0.0007    |
|    n_updates          | 83899     |
|    policy_loss        | -3.1e+04  |
|    reward             | 881.2077  |
|    std                | 0.00122   |
|    value_loss         | 8e+06     |
-------------------------------------
EPISODE:  421
-------------------------------------
| time/                 |           |
|    fps                | 33        |
|    iterations         | 84000     |
|    time_elapsed       | 12610     |
|    total_timesteps    | 420000    |
| train/                |           |
|    entropy_loss       | 12        |
|    explained_variance | 0         |
|    learning_rate      | 0.0007    |
|    n_updates          | 83999     |
|    policy_loss        | -3.05e+04 |
|    reward             | 851.28265 |
|    std                | 0.00122   |
|    value_loss         | 7.23e+06  |
-------------------------------------
-------------------------------------
| time/                 |           |
|    fps                | 33        |
|    iterations         | 84100     |
|    time_elapsed       | 12625     |
|    total_timesteps    | 420500    |
| train/                |           |
|    entropy_loss       | 12.1      |
|    explained_variance | -1.19e-07 |
|    learning_rate      | 0.0007    |
|    n_updates          | 84099     |
|    policy_loss        | -3.22e+04 |
|    reward             | 909.2984  |
|    std                | 0.00122   |
|    value_loss         | 8.51e+06  |
-------------------------------------
EPISODE:  422
-------------------------------------
| time/                 |           |
|    fps                | 33        |
|    iterations         | 84200     |
|    time_elapsed       | 12640     |
|    total_timesteps    | 421000    |
| train/                |           |
|    entropy_loss       | 12.1      |
|    explained_variance | 1.19e-07  |
|    learning_rate      | 0.0007    |
|    n_updates          | 84199     |
|    policy_loss        | -3.05e+04 |
|    reward             | 879.8474  |
|    std                | 0.00121   |
|    value_loss         | 7.74e+06  |
-------------------------------------
-------------------------------------
| time/                 |           |
|    fps                | 33        |
|    iterations         | 84300     |
|    time_elapsed       | 12655     |
|    total_timesteps    | 421500    |
| train/                |           |
|    entropy_loss       | 12.1      |
|    explained_variance | 0         |
|    learning_rate      | 0.0007    |
|    n_updates          | 84299     |
|    policy_loss        | -3.22e+04 |
|    reward             | 909.2984  |
|    std                | 0.00121   |
|    value_loss         | 8.51e+06  |
-------------------------------------
EPISODE:  423
------------------------------------
| time/                 |          |
|    fps                | 33       |
|    iterations         | 84400    |
|    time_elapsed       | 12670    |
|    total_timesteps    | 422000   |
| train/                |          |
|    entropy_loss       | 12.1     |
|    explained_variance | 0        |
|    learning_rate      | 0.0007   |
|    n_updates          | 84399    |
|    policy_loss        | -3e+04   |
|    reward             | 879.8474 |
|    std                | 0.00121  |
|    value_loss         | 7.74e+06 |
------------------------------------
-------------------------------------
| time/                 |           |
|    fps                | 33        |
|    iterations         | 84500     |
|    time_elapsed       | 12685     |
|    total_timesteps    | 422500    |
| train/                |           |
|    entropy_loss       | 12.1      |
|    explained_variance | -1.19e-07 |
|    learning_rate      | 0.0007    |
|    n_updates          | 84499     |
|    policy_loss        | -3.17e+04 |
|    reward             | 909.2984  |
|    std                | 0.00119   |
|    value_loss         | 8.51e+06  |
-------------------------------------
EPISODE:  424
-------------------------------------
| time/                 |           |
|    fps                | 33        |
|    iterations         | 84600     |
|    time_elapsed       | 12700     |
|    total_timesteps    | 423000    |
| train/                |           |
|    entropy_loss       | 12.1      |
|    explained_variance | -1.19e-07 |
|    learning_rate      | 0.0007    |
|    n_updates          | 84599     |
|    policy_loss        | -3.12e+04 |
|    reward             | 879.8474  |
|    std                | 0.0012    |
|    value_loss         | 7.74e+06  |
-------------------------------------
-------------------------------------
| time/                 |           |
|    fps                | 33        |
|    iterations         | 84700     |
|    time_elapsed       | 12715     |
|    total_timesteps    | 423500    |
| train/                |           |
|    entropy_loss       | 12.1      |
|    explained_variance | 5.96e-08  |
|    learning_rate      | 0.0007    |
|    n_updates          | 84699     |
|    policy_loss        | -3.43e+04 |
|    reward             | 909.2984  |
|    std                | 0.00119   |
|    value_loss         | 8.51e+06  |
-------------------------------------
EPISODE:  425
-------------------------------------
| time/                 |           |
|    fps                | 33        |
|    iterations         | 84800     |
|    time_elapsed       | 12730     |
|    total_timesteps    | 424000    |
| train/                |           |
|    entropy_loss       | 12.1      |
|    explained_variance | 1.79e-07  |
|    learning_rate      | 0.0007    |
|    n_updates          | 84799     |
|    policy_loss        | -3.19e+04 |
|    reward             | 879.8474  |
|    std                | 0.00119   |
|    value_loss         | 7.74e+06  |
-------------------------------------
-------------------------------------
| time/                 |           |
|    fps                | 33        |
|    iterations         | 84900     |
|    time_elapsed       | 12745     |
|    total_timesteps    | 424500    |
| train/                |           |
|    entropy_loss       | 12.2      |
|    explained_variance | -1.19e-07 |
|    learning_rate      | 0.0007    |
|    n_updates          | 84899     |
|    policy_loss        | -3.1e+04  |
|    reward             | 909.2984  |
|    std                | 0.00118   |
|    value_loss         | 8.51e+06  |
-------------------------------------
EPISODE:  426
-------------------------------------
| time/                 |           |
|    fps                | 33        |
|    iterations         | 85000     |
|    time_elapsed       | 12760     |
|    total_timesteps    | 425000    |
| train/                |           |
|    entropy_loss       | 12.2      |
|    explained_variance | 0         |
|    learning_rate      | 0.0007    |
|    n_updates          | 84999     |
|    policy_loss        | -3.09e+04 |
|    reward             | 879.8474  |
|    std                | 0.00119   |
|    value_loss         | 7.74e+06  |
-------------------------------------
-------------------------------------
| time/                 |           |
|    fps                | 33        |
|    iterations         | 85100     |
|    time_elapsed       | 12775     |
|    total_timesteps    | 425500    |
| train/                |           |
|    entropy_loss       | 12.2      |
|    explained_variance | -1.19e-07 |
|    learning_rate      | 0.0007    |
|    n_updates          | 85099     |
|    policy_loss        | -3.41e+04 |
|    reward             | 909.2984  |
|    std                | 0.00119   |
|    value_loss         | 8.51e+06  |
-------------------------------------
EPISODE:  427
------------------------------------
| time/                 |          |
|    fps                | 33       |
|    iterations         | 85200    |
|    time_elapsed       | 12790    |
|    total_timesteps    | 426000   |
| train/                |          |
|    entropy_loss       | 12.2     |
|    explained_variance | 0        |
|    learning_rate      | 0.0007   |
|    n_updates          | 85199    |
|    policy_loss        | -3.1e+04 |
|    reward             | 879.8474 |
|    std                | 0.00119  |
|    value_loss         | 7.74e+06 |
------------------------------------
-------------------------------------
| time/                 |           |
|    fps                | 33        |
|    iterations         | 85300     |
|    time_elapsed       | 12805     |
|    total_timesteps    | 426500    |
| train/                |           |
|    entropy_loss       | 12.2      |
|    explained_variance | -1.19e-07 |
|    learning_rate      | 0.0007    |
|    n_updates          | 85299     |
|    policy_loss        | -3.27e+04 |
|    reward             | 909.2984  |
|    std                | 0.00118   |
|    value_loss         | 8.51e+06  |
-------------------------------------
EPISODE:  428
-------------------------------------
| time/                 |           |
|    fps                | 33        |
|    iterations         | 85400     |
|    time_elapsed       | 12820     |
|    total_timesteps    | 427000    |
| train/                |           |
|    entropy_loss       | 12.2      |
|    explained_variance | 0         |
|    learning_rate      | 0.0007    |
|    n_updates          | 85399     |
|    policy_loss        | -3.12e+04 |
|    reward             | 879.8474  |
|    std                | 0.00117   |
|    value_loss         | 7.74e+06  |
-------------------------------------
-------------------------------------
| time/                 |           |
|    fps                | 33        |
|    iterations         | 85500     |
|    time_elapsed       | 12836     |
|    total_timesteps    | 427500    |
| train/                |           |
|    entropy_loss       | 12.2      |
|    explained_variance | 0         |
|    learning_rate      | 0.0007    |
|    n_updates          | 85499     |
|    policy_loss        | -3.33e+04 |
|    reward             | 909.2984  |
|    std                | 0.00115   |
|    value_loss         | 8.51e+06  |
-------------------------------------
EPISODE:  429
-------------------------------------
| time/                 |           |
|    fps                | 33        |
|    iterations         | 85600     |
|    time_elapsed       | 12851     |
|    total_timesteps    | 428000    |
| train/                |           |
|    entropy_loss       | 12.3      |
|    explained_variance | 0         |
|    learning_rate      | 0.0007    |
|    n_updates          | 85599     |
|    policy_loss        | -3.17e+04 |
|    reward             | 879.8474  |
|    std                | 0.00116   |
|    value_loss         | 7.74e+06  |
-------------------------------------
-------------------------------------
| time/                 |           |
|    fps                | 33        |
|    iterations         | 85700     |
|    time_elapsed       | 12866     |
|    total_timesteps    | 428500    |
| train/                |           |
|    entropy_loss       | 12.3      |
|    explained_variance | 0         |
|    learning_rate      | 0.0007    |
|    n_updates          | 85699     |
|    policy_loss        | -3.09e+04 |
|    reward             | 909.2984  |
|    std                | 0.00115   |
|    value_loss         | 8.5e+06   |
-------------------------------------
EPISODE:  430
-------------------------------------
| time/                 |           |
|    fps                | 33        |
|    iterations         | 85800     |
|    time_elapsed       | 12881     |
|    total_timesteps    | 429000    |
| train/                |           |
|    entropy_loss       | 12.3      |
|    explained_variance | 1.19e-07  |
|    learning_rate      | 0.0007    |
|    n_updates          | 85799     |
|    policy_loss        | -3.18e+04 |
|    reward             | 879.8474  |
|    std                | 0.00115   |
|    value_loss         | 7.74e+06  |
-------------------------------------
-------------------------------------
| time/                 |           |
|    fps                | 33        |
|    iterations         | 85900     |
|    time_elapsed       | 12896     |
|    total_timesteps    | 429500    |
| train/                |           |
|    entropy_loss       | 12.3      |
|    explained_variance | 0         |
|    learning_rate      | 0.0007    |
|    n_updates          | 85899     |
|    policy_loss        | -3.33e+04 |
|    reward             | 909.2984  |
|    std                | 0.00113   |
|    value_loss         | 8.5e+06   |
-------------------------------------
EPISODE:  431
-------------------------------------
| time/                 |           |
|    fps                | 33        |
|    iterations         | 86000     |
|    time_elapsed       | 12911     |
|    total_timesteps    | 430000    |
| train/                |           |
|    entropy_loss       | 12.3      |
|    explained_variance | 1.19e-07  |
|    learning_rate      | 0.0007    |
|    n_updates          | 85999     |
|    policy_loss        | -3.01e+04 |
|    reward             | 879.8474  |
|    std                | 0.00113   |
|    value_loss         | 7.73e+06  |
-------------------------------------
-------------------------------------
| time/                 |           |
|    fps                | 33        |
|    iterations         | 86100     |
|    time_elapsed       | 12926     |
|    total_timesteps    | 430500    |
| train/                |           |
|    entropy_loss       | 12.3      |
|    explained_variance | 0         |
|    learning_rate      | 0.0007    |
|    n_updates          | 86099     |
|    policy_loss        | -2.97e+04 |
|    reward             | 909.2984  |
|    std                | 0.00113   |
|    value_loss         | 8.5e+06   |
-------------------------------------
EPISODE:  432
-------------------------------------
| time/                 |           |
|    fps                | 33        |
|    iterations         | 86200     |
|    time_elapsed       | 12941     |
|    total_timesteps    | 431000    |
| train/                |           |
|    entropy_loss       | 12.3      |
|    explained_variance | 0         |
|    learning_rate      | 0.0007    |
|    n_updates          | 86199     |
|    policy_loss        | -3.07e+04 |
|    reward             | 879.8474  |
|    std                | 0.00112   |
|    value_loss         | 7.73e+06  |
-------------------------------------
-------------------------------------
| time/                 |           |
|    fps                | 33        |
|    iterations         | 86300     |
|    time_elapsed       | 12956     |
|    total_timesteps    | 431500    |
| train/                |           |
|    entropy_loss       | 12.3      |
|    explained_variance | 0         |
|    learning_rate      | 0.0007    |
|    n_updates          | 86299     |
|    policy_loss        | -3.38e+04 |
|    reward             | 909.2984  |
|    std                | 0.00112   |
|    value_loss         | 8.5e+06   |
-------------------------------------
EPISODE:  433
-------------------------------------
| time/                 |           |
|    fps                | 33        |
|    iterations         | 86400     |
|    time_elapsed       | 12971     |
|    total_timesteps    | 432000    |
| train/                |           |
|    entropy_loss       | 12.4      |
|    explained_variance | 0         |
|    learning_rate      | 0.0007    |
|    n_updates          | 86399     |
|    policy_loss        | -3.18e+04 |
|    reward             | 879.8474  |
|    std                | 0.0011    |
|    value_loss         | 7.73e+06  |
-------------------------------------
-------------------------------------
| time/                 |           |
|    fps                | 33        |
|    iterations         | 86500     |
|    time_elapsed       | 12986     |
|    total_timesteps    | 432500    |
| train/                |           |
|    entropy_loss       | 12.4      |
|    explained_variance | 5.96e-08  |
|    learning_rate      | 0.0007    |
|    n_updates          | 86499     |
|    policy_loss        | -3.28e+04 |
|    reward             | 909.2984  |
|    std                | 0.0011    |
|    value_loss         | 8.5e+06   |
-------------------------------------
EPISODE:  434
-------------------------------------
| time/                 |           |
|    fps                | 33        |
|    iterations         | 86600     |
|    time_elapsed       | 13002     |
|    total_timesteps    | 433000    |
| train/                |           |
|    entropy_loss       | 12.4      |
|    explained_variance | -1.19e-07 |
|    learning_rate      | 0.0007    |
|    n_updates          | 86599     |
|    policy_loss        | -3.18e+04 |
|    reward             | 879.8474  |
|    std                | 0.0011    |
|    value_loss         | 7.73e+06  |
-------------------------------------
-------------------------------------
| time/                 |           |
|    fps                | 33        |
|    iterations         | 86700     |
|    time_elapsed       | 13017     |
|    total_timesteps    | 433500    |
| train/                |           |
|    entropy_loss       | 12.4      |
|    explained_variance | 0         |
|    learning_rate      | 0.0007    |
|    n_updates          | 86699     |
|    policy_loss        | -3.37e+04 |
|    reward             | 909.2984  |
|    std                | 0.00109   |
|    value_loss         | 8.5e+06   |
-------------------------------------
EPISODE:  435
-------------------------------------
| time/                 |           |
|    fps                | 33        |
|    iterations         | 86800     |
|    time_elapsed       | 13032     |
|    total_timesteps    | 434000    |
| train/                |           |
|    entropy_loss       | 12.4      |
|    explained_variance | 1.19e-07  |
|    learning_rate      | 0.0007    |
|    n_updates          | 86799     |
|    policy_loss        | -3.19e+04 |
|    reward             | 879.8474  |
|    std                | 0.00108   |
|    value_loss         | 7.73e+06  |
-------------------------------------
-------------------------------------
| time/                 |           |
|    fps                | 33        |
|    iterations         | 86900     |
|    time_elapsed       | 13047     |
|    total_timesteps    | 434500    |
| train/                |           |
|    entropy_loss       | 12.4      |
|    explained_variance | 0         |
|    learning_rate      | 0.0007    |
|    n_updates          | 86899     |
|    policy_loss        | -3.16e+04 |
|    reward             | 909.2984  |
|    std                | 0.00108   |
|    value_loss         | 8.5e+06   |
-------------------------------------
EPISODE:  436
-------------------------------------
| time/                 |           |
|    fps                | 33        |
|    iterations         | 87000     |
|    time_elapsed       | 13062     |
|    total_timesteps    | 435000    |
| train/                |           |
|    entropy_loss       | 12.5      |
|    explained_variance | 0         |
|    learning_rate      | 0.0007    |
|    n_updates          | 86999     |
|    policy_loss        | -3.16e+04 |
|    reward             | 879.8474  |
|    std                | 0.00107   |
|    value_loss         | 7.73e+06  |
-------------------------------------
-------------------------------------
| time/                 |           |
|    fps                | 33        |
|    iterations         | 87100     |
|    time_elapsed       | 13077     |
|    total_timesteps    | 435500    |
| train/                |           |
|    entropy_loss       | 12.5      |
|    explained_variance | 0         |
|    learning_rate      | 0.0007    |
|    n_updates          | 87099     |
|    policy_loss        | -3.41e+04 |
|    reward             | 909.2984  |
|    std                | 0.00108   |
|    value_loss         | 8.5e+06   |
-------------------------------------
EPISODE:  437
-------------------------------------
| time/                 |           |
|    fps                | 33        |
|    iterations         | 87200     |
|    time_elapsed       | 13092     |
|    total_timesteps    | 436000    |
| train/                |           |
|    entropy_loss       | 12.5      |
|    explained_variance | 0         |
|    learning_rate      | 0.0007    |
|    n_updates          | 87199     |
|    policy_loss        | -3.14e+04 |
|    reward             | 879.8474  |
|    std                | 0.00107   |
|    value_loss         | 7.73e+06  |
-------------------------------------
-------------------------------------
| time/                 |           |
|    fps                | 33        |
|    iterations         | 87300     |
|    time_elapsed       | 13107     |
|    total_timesteps    | 436500    |
| train/                |           |
|    entropy_loss       | 12.5      |
|    explained_variance | 0         |
|    learning_rate      | 0.0007    |
|    n_updates          | 87299     |
|    policy_loss        | -3.42e+04 |
|    reward             | 909.2984  |
|    std                | 0.00107   |
|    value_loss         | 8.5e+06   |
-------------------------------------
EPISODE:  438
-------------------------------------
| time/                 |           |
|    fps                | 33        |
|    iterations         | 87400     |
|    time_elapsed       | 13122     |
|    total_timesteps    | 437000    |
| train/                |           |
|    entropy_loss       | 12.5      |
|    explained_variance | 0         |
|    learning_rate      | 0.0007    |
|    n_updates          | 87399     |
|    policy_loss        | -3.14e+04 |
|    reward             | 879.8474  |
|    std                | 0.00108   |
|    value_loss         | 7.73e+06  |
-------------------------------------
------------------------------------
| time/                 |          |
|    fps                | 33       |
|    iterations         | 87500    |
|    time_elapsed       | 13137    |
|    total_timesteps    | 437500   |
| train/                |          |
|    entropy_loss       | 12.5     |
|    explained_variance | 0        |
|    learning_rate      | 0.0007   |
|    n_updates          | 87499    |
|    policy_loss        | -3.4e+04 |
|    reward             | 909.2984 |
|    std                | 0.00108  |
|    value_loss         | 8.5e+06  |
------------------------------------
EPISODE:  439
-------------------------------------
| time/                 |           |
|    fps                | 33        |
|    iterations         | 87600     |
|    time_elapsed       | 13152     |
|    total_timesteps    | 438000    |
| train/                |           |
|    entropy_loss       | 12.5      |
|    explained_variance | -2.38e-07 |
|    learning_rate      | 0.0007    |
|    n_updates          | 87599     |
|    policy_loss        | -2.77e+04 |
|    reward             | 879.8474  |
|    std                | 0.00108   |
|    value_loss         | 7.73e+06  |
-------------------------------------
-------------------------------------
| time/                 |           |
|    fps                | 33        |
|    iterations         | 87700     |
|    time_elapsed       | 13167     |
|    total_timesteps    | 438500    |
| train/                |           |
|    entropy_loss       | 12.5      |
|    explained_variance | 0         |
|    learning_rate      | 0.0007    |
|    n_updates          | 87699     |
|    policy_loss        | -3.37e+04 |
|    reward             | 909.2984  |
|    std                | 0.00108   |
|    value_loss         | 8.5e+06   |
-------------------------------------
EPISODE:  440
-------------------------------------
| time/                 |           |
|    fps                | 33        |
|    iterations         | 87800     |
|    time_elapsed       | 13182     |
|    total_timesteps    | 439000    |
| train/                |           |
|    entropy_loss       | 12.5      |
|    explained_variance | 0         |
|    learning_rate      | 0.0007    |
|    n_updates          | 87799     |
|    policy_loss        | -3.28e+04 |
|    reward             | 879.8474  |
|    std                | 0.00109   |
|    value_loss         | 7.73e+06  |
-------------------------------------
------------------------------------
| time/                 |          |
|    fps                | 33       |
|    iterations         | 87900    |
|    time_elapsed       | 13196    |
|    total_timesteps    | 439500   |
| train/                |          |
|    entropy_loss       | 12.5     |
|    explained_variance | 5.96e-08 |
|    learning_rate      | 0.0007   |
|    n_updates          | 87899    |
|    policy_loss        | -3.3e+04 |
|    reward             | 909.2984 |
|    std                | 0.00109  |
|    value_loss         | 8.5e+06  |
------------------------------------
EPISODE:  441
-------------------------------------
| time/                 |           |
|    fps                | 33        |
|    iterations         | 88000     |
|    time_elapsed       | 13212     |
|    total_timesteps    | 440000    |
| train/                |           |
|    entropy_loss       | 12.5      |
|    explained_variance | 0         |
|    learning_rate      | 0.0007    |
|    n_updates          | 87999     |
|    policy_loss        | -2.91e+04 |
|    reward             | 879.8474  |
|    std                | 0.00109   |
|    value_loss         | 7.73e+06  |
-------------------------------------
-------------------------------------
| time/                 |           |
|    fps                | 33        |
|    iterations         | 88100     |
|    time_elapsed       | 13227     |
|    total_timesteps    | 440500    |
| train/                |           |
|    entropy_loss       | 12.6      |
|    explained_variance | -1.19e-07 |
|    learning_rate      | 0.0007    |
|    n_updates          | 88099     |
|    policy_loss        | -2.93e+04 |
|    reward             | 909.2984  |
|    std                | 0.00108   |
|    value_loss         | 8.5e+06   |
-------------------------------------
EPISODE:  442
-------------------------------------
| time/                 |           |
|    fps                | 33        |
|    iterations         | 88200     |
|    time_elapsed       | 13242     |
|    total_timesteps    | 441000    |
| train/                |           |
|    entropy_loss       | 12.6      |
|    explained_variance | 1.79e-07  |
|    learning_rate      | 0.0007    |
|    n_updates          | 88199     |
|    policy_loss        | -3.04e+04 |
|    reward             | 879.8474  |
|    std                | 0.00107   |
|    value_loss         | 7.73e+06  |
-------------------------------------
------------------------------------
| time/                 |          |
|    fps                | 33       |
|    iterations         | 88300    |
|    time_elapsed       | 13257    |
|    total_timesteps    | 441500   |
| train/                |          |
|    entropy_loss       | 12.6     |
|    explained_variance | 0        |
|    learning_rate      | 0.0007   |
|    n_updates          | 88299    |
|    policy_loss        | -3e+04   |
|    reward             | 909.2984 |
|    std                | 0.00107  |
|    value_loss         | 8.49e+06 |
------------------------------------
EPISODE:  443
-------------------------------------
| time/                 |           |
|    fps                | 33        |
|    iterations         | 88400     |
|    time_elapsed       | 13272     |
|    total_timesteps    | 442000    |
| train/                |           |
|    entropy_loss       | 12.6      |
|    explained_variance | 0         |
|    learning_rate      | 0.0007    |
|    n_updates          | 88399     |
|    policy_loss        | -3.23e+04 |
|    reward             | 879.8474  |
|    std                | 0.00107   |
|    value_loss         | 7.73e+06  |
-------------------------------------
-------------------------------------
| time/                 |           |
|    fps                | 33        |
|    iterations         | 88500     |
|    time_elapsed       | 13287     |
|    total_timesteps    | 442500    |
| train/                |           |
|    entropy_loss       | 12.6      |
|    explained_variance | 0         |
|    learning_rate      | 0.0007    |
|    n_updates          | 88499     |
|    policy_loss        | -2.83e+04 |
|    reward             | 909.2984  |
|    std                | 0.00107   |
|    value_loss         | 8.49e+06  |
-------------------------------------
EPISODE:  444
-------------------------------------
| time/                 |           |
|    fps                | 33        |
|    iterations         | 88600     |
|    time_elapsed       | 13302     |
|    total_timesteps    | 443000    |
| train/                |           |
|    entropy_loss       | 12.6      |
|    explained_variance | 0         |
|    learning_rate      | 0.0007    |
|    n_updates          | 88599     |
|    policy_loss        | -2.93e+04 |
|    reward             | 879.8474  |
|    std                | 0.00106   |
|    value_loss         | 7.73e+06  |
-------------------------------------
------------------------------------
| time/                 |          |
|    fps                | 33       |
|    iterations         | 88700    |
|    time_elapsed       | 13317    |
|    total_timesteps    | 443500   |
| train/                |          |
|    entropy_loss       | 12.6     |
|    explained_variance | 5.96e-08 |
|    learning_rate      | 0.0007   |
|    n_updates          | 88699    |
|    policy_loss        | -3.3e+04 |
|    reward             | 909.2984 |
|    std                | 0.00106  |
|    value_loss         | 8.49e+06 |
------------------------------------
EPISODE:  445
-------------------------------------
| time/                 |           |
|    fps                | 33        |
|    iterations         | 88800     |
|    time_elapsed       | 13332     |
|    total_timesteps    | 444000    |
| train/                |           |
|    entropy_loss       | 12.6      |
|    explained_variance | 1.79e-07  |
|    learning_rate      | 0.0007    |
|    n_updates          | 88799     |
|    policy_loss        | -3.29e+04 |
|    reward             | 879.8474  |
|    std                | 0.00105   |
|    value_loss         | 7.72e+06  |
-------------------------------------
-------------------------------------
| time/                 |           |
|    fps                | 33        |
|    iterations         | 88900     |
|    time_elapsed       | 13347     |
|    total_timesteps    | 444500    |
| train/                |           |
|    entropy_loss       | 12.6      |
|    explained_variance | 1.79e-07  |
|    learning_rate      | 0.0007    |
|    n_updates          | 88899     |
|    policy_loss        | -3.28e+04 |
|    reward             | 909.2984  |
|    std                | 0.00104   |
|    value_loss         | 8.49e+06  |
-------------------------------------
EPISODE:  446
-------------------------------------
| time/                 |           |
|    fps                | 33        |
|    iterations         | 89000     |
|    time_elapsed       | 13362     |
|    total_timesteps    | 445000    |
| train/                |           |
|    entropy_loss       | 12.7      |
|    explained_variance | 0         |
|    learning_rate      | 0.0007    |
|    n_updates          | 88999     |
|    policy_loss        | -3.32e+04 |
|    reward             | 879.8474  |
|    std                | 0.00103   |
|    value_loss         | 7.72e+06  |
-------------------------------------
-------------------------------------
| time/                 |           |
|    fps                | 33        |
|    iterations         | 89100     |
|    time_elapsed       | 13378     |
|    total_timesteps    | 445500    |
| train/                |           |
|    entropy_loss       | 12.7      |
|    explained_variance | 0         |
|    learning_rate      | 0.0007    |
|    n_updates          | 89099     |
|    policy_loss        | -3.41e+04 |
|    reward             | 909.2984  |
|    std                | 0.00102   |
|    value_loss         | 8.49e+06  |
-------------------------------------
EPISODE:  447
-------------------------------------
| time/                 |           |
|    fps                | 33        |
|    iterations         | 89200     |
|    time_elapsed       | 13393     |
|    total_timesteps    | 446000    |
| train/                |           |
|    entropy_loss       | 12.7      |
|    explained_variance | 1.79e-07  |
|    learning_rate      | 0.0007    |
|    n_updates          | 89199     |
|    policy_loss        | -3.23e+04 |
|    reward             | 879.8474  |
|    std                | 0.00101   |
|    value_loss         | 7.72e+06  |
-------------------------------------
-------------------------------------
| time/                 |           |
|    fps                | 33        |
|    iterations         | 89300     |
|    time_elapsed       | 13408     |
|    total_timesteps    | 446500    |
| train/                |           |
|    entropy_loss       | 12.7      |
|    explained_variance | 1.79e-07  |
|    learning_rate      | 0.0007    |
|    n_updates          | 89299     |
|    policy_loss        | -3.29e+04 |
|    reward             | 909.2984  |
|    std                | 0.00101   |
|    value_loss         | 8.49e+06  |
-------------------------------------
EPISODE:  448
-------------------------------------
| time/                 |           |
|    fps                | 33        |
|    iterations         | 89400     |
|    time_elapsed       | 13423     |
|    total_timesteps    | 447000    |
| train/                |           |
|    entropy_loss       | 12.7      |
|    explained_variance | -1.19e-07 |
|    learning_rate      | 0.0007    |
|    n_updates          | 89399     |
|    policy_loss        | -3.33e+04 |
|    reward             | 879.8474  |
|    std                | 0.00101   |
|    value_loss         | 7.72e+06  |
-------------------------------------
-------------------------------------
| time/                 |           |
|    fps                | 33        |
|    iterations         | 89500     |
|    time_elapsed       | 13438     |
|    total_timesteps    | 447500    |
| train/                |           |
|    entropy_loss       | 12.7      |
|    explained_variance | 0         |
|    learning_rate      | 0.0007    |
|    n_updates          | 89499     |
|    policy_loss        | -3.28e+04 |
|    reward             | 909.2984  |
|    std                | 0.00101   |
|    value_loss         | 8.49e+06  |
-------------------------------------
EPISODE:  449
-------------------------------------
| time/                 |           |
|    fps                | 33        |
|    iterations         | 89600     |
|    time_elapsed       | 13453     |
|    total_timesteps    | 448000    |
| train/                |           |
|    entropy_loss       | 12.8      |
|    explained_variance | 0         |
|    learning_rate      | 0.0007    |
|    n_updates          | 89599     |
|    policy_loss        | -3.23e+04 |
|    reward             | 879.8474  |
|    std                | 0.00101   |
|    value_loss         | 7.72e+06  |
-------------------------------------
-------------------------------------
| time/                 |           |
|    fps                | 33        |
|    iterations         | 89700     |
|    time_elapsed       | 13468     |
|    total_timesteps    | 448500    |
| train/                |           |
|    entropy_loss       | 12.8      |
|    explained_variance | 1.79e-07  |
|    learning_rate      | 0.0007    |
|    n_updates          | 89699     |
|    policy_loss        | -3.22e+04 |
|    reward             | 909.2984  |
|    std                | 0.00101   |
|    value_loss         | 8.49e+06  |
-------------------------------------
EPISODE:  450
-------------------------------------
| time/                 |           |
|    fps                | 33        |
|    iterations         | 89800     |
|    time_elapsed       | 13483     |
|    total_timesteps    | 449000    |
| train/                |           |
|    entropy_loss       | 12.8      |
|    explained_variance | 1.19e-07  |
|    learning_rate      | 0.0007    |
|    n_updates          | 89799     |
|    policy_loss        | -3.23e+04 |
|    reward             | 879.8474  |
|    std                | 0.00101   |
|    value_loss         | 7.72e+06  |
-------------------------------------
-------------------------------------
| time/                 |           |
|    fps                | 33        |
|    iterations         | 89900     |
|    time_elapsed       | 13498     |
|    total_timesteps    | 449500    |
| train/                |           |
|    entropy_loss       | 12.8      |
|    explained_variance | 0         |
|    learning_rate      | 0.0007    |
|    n_updates          | 89899     |
|    policy_loss        | -3.47e+04 |
|    reward             | 909.2984  |
|    std                | 0.001     |
|    value_loss         | 8.49e+06  |
-------------------------------------
EPISODE:  451
-------------------------------------
| time/                 |           |
|    fps                | 33        |
|    iterations         | 90000     |
|    time_elapsed       | 13513     |
|    total_timesteps    | 450000    |
| train/                |           |
|    entropy_loss       | 12.8      |
|    explained_variance | 0         |
|    learning_rate      | 0.0007    |
|    n_updates          | 89999     |
|    policy_loss        | -3.31e+04 |
|    reward             | 879.8474  |
|    std                | 0.00101   |
|    value_loss         | 7.72e+06  |
-------------------------------------
-------------------------------------
| time/                 |           |
|    fps                | 33        |
|    iterations         | 90100     |
|    time_elapsed       | 13528     |
|    total_timesteps    | 450500    |
| train/                |           |
|    entropy_loss       | 12.8      |
|    explained_variance | 0         |
|    learning_rate      | 0.0007    |
|    n_updates          | 90099     |
|    policy_loss        | -3.45e+04 |
|    reward             | 909.2984  |
|    std                | 0.001     |
|    value_loss         | 8.49e+06  |
-------------------------------------
EPISODE:  452
-------------------------------------
| time/                 |           |
|    fps                | 33        |
|    iterations         | 90200     |
|    time_elapsed       | 13543     |
|    total_timesteps    | 451000    |
| train/                |           |
|    entropy_loss       | 12.8      |
|    explained_variance | 0         |
|    learning_rate      | 0.0007    |
|    n_updates          | 90199     |
|    policy_loss        | -3.36e+04 |
|    reward             | 879.8474  |
|    std                | 0.00101   |
|    value_loss         | 7.72e+06  |
-------------------------------------
------------------------------------
| time/                 |          |
|    fps                | 33       |
|    iterations         | 90300    |
|    time_elapsed       | 13558    |
|    total_timesteps    | 451500   |
| train/                |          |
|    entropy_loss       | 12.8     |
|    explained_variance | 0        |
|    learning_rate      | 0.0007   |
|    n_updates          | 90299    |
|    policy_loss        | -3.1e+04 |
|    reward             | 909.2984 |
|    std                | 0.00101  |
|    value_loss         | 8.49e+06 |
------------------------------------
EPISODE:  453
-------------------------------------
| time/                 |           |
|    fps                | 33        |
|    iterations         | 90400     |
|    time_elapsed       | 13573     |
|    total_timesteps    | 452000    |
| train/                |           |
|    entropy_loss       | 12.8      |
|    explained_variance | 0         |
|    learning_rate      | 0.0007    |
|    n_updates          | 90399     |
|    policy_loss        | -3.32e+04 |
|    reward             | 879.8474  |
|    std                | 0.00101   |
|    value_loss         | 7.72e+06  |
-------------------------------------
-------------------------------------
| time/                 |           |
|    fps                | 33        |
|    iterations         | 90500     |
|    time_elapsed       | 13588     |
|    total_timesteps    | 452500    |
| train/                |           |
|    entropy_loss       | 12.8      |
|    explained_variance | 5.96e-08  |
|    learning_rate      | 0.0007    |
|    n_updates          | 90499     |
|    policy_loss        | -3.47e+04 |
|    reward             | 909.2984  |
|    std                | 0.001     |
|    value_loss         | 8.49e+06  |
-------------------------------------
EPISODE:  454
-------------------------------------
| time/                 |           |
|    fps                | 33        |
|    iterations         | 90600     |
|    time_elapsed       | 13603     |
|    total_timesteps    | 453000    |
| train/                |           |
|    entropy_loss       | 12.8      |
|    explained_variance | 0         |
|    learning_rate      | 0.0007    |
|    n_updates          | 90599     |
|    policy_loss        | -3.23e+04 |
|    reward             | 879.8474  |
|    std                | 0.00101   |
|    value_loss         | 7.72e+06  |
-------------------------------------
-------------------------------------
| time/                 |           |
|    fps                | 33        |
|    iterations         | 90700     |
|    time_elapsed       | 13618     |
|    total_timesteps    | 453500    |
| train/                |           |
|    entropy_loss       | 12.9      |
|    explained_variance | -1.19e-07 |
|    learning_rate      | 0.0007    |
|    n_updates          | 90699     |
|    policy_loss        | -3.45e+04 |
|    reward             | 909.2984  |
|    std                | 0.000997  |
|    value_loss         | 8.49e+06  |
-------------------------------------
EPISODE:  455
-------------------------------------
| time/                 |           |
|    fps                | 33        |
|    iterations         | 90800     |
|    time_elapsed       | 13633     |
|    total_timesteps    | 454000    |
| train/                |           |
|    entropy_loss       | 12.9      |
|    explained_variance | 0         |
|    learning_rate      | 0.0007    |
|    n_updates          | 90799     |
|    policy_loss        | -2.95e+04 |
|    reward             | 879.8474  |
|    std                | 0.000993  |
|    value_loss         | 7.72e+06  |
-------------------------------------
-------------------------------------
| time/                 |           |
|    fps                | 33        |
|    iterations         | 90900     |
|    time_elapsed       | 13648     |
|    total_timesteps    | 454500    |
| train/                |           |
|    entropy_loss       | 12.9      |
|    explained_variance | 0         |
|    learning_rate      | 0.0007    |
|    n_updates          | 90899     |
|    policy_loss        | -3.47e+04 |
|    reward             | 909.2984  |
|    std                | 0.000989  |
|    value_loss         | 8.49e+06  |
-------------------------------------
EPISODE:  456
-------------------------------------
| time/                 |           |
|    fps                | 33        |
|    iterations         | 91000     |
|    time_elapsed       | 13663     |
|    total_timesteps    | 455000    |
| train/                |           |
|    entropy_loss       | 12.9      |
|    explained_variance | 0         |
|    learning_rate      | 0.0007    |
|    n_updates          | 90999     |
|    policy_loss        | -3.06e+04 |
|    reward             | 879.8474  |
|    std                | 0.000989  |
|    value_loss         | 7.72e+06  |
-------------------------------------
-------------------------------------
| time/                 |           |
|    fps                | 33        |
|    iterations         | 91100     |
|    time_elapsed       | 13678     |
|    total_timesteps    | 455500    |
| train/                |           |
|    entropy_loss       | 12.9      |
|    explained_variance | 0         |
|    learning_rate      | 0.0007    |
|    n_updates          | 91099     |
|    policy_loss        | -3.37e+04 |
|    reward             | 909.2984  |
|    std                | 0.000974  |
|    value_loss         | 8.49e+06  |
-------------------------------------
EPISODE:  457
------------------------------------
| time/                 |          |
|    fps                | 33       |
|    iterations         | 91200    |
|    time_elapsed       | 13693    |
|    total_timesteps    | 456000   |
| train/                |          |
|    entropy_loss       | 12.9     |
|    explained_variance | 0        |
|    learning_rate      | 0.0007   |
|    n_updates          | 91199    |
|    policy_loss        | -3.2e+04 |
|    reward             | 879.8474 |
|    std                | 0.000972 |
|    value_loss         | 7.72e+06 |
------------------------------------
-------------------------------------
| time/                 |           |
|    fps                | 33        |
|    iterations         | 91300     |
|    time_elapsed       | 13708     |
|    total_timesteps    | 456500    |
| train/                |           |
|    entropy_loss       | 12.9      |
|    explained_variance | 5.96e-08  |
|    learning_rate      | 0.0007    |
|    n_updates          | 91299     |
|    policy_loss        | -3.56e+04 |
|    reward             | 909.2984  |
|    std                | 0.000965  |
|    value_loss         | 8.49e+06  |
-------------------------------------
EPISODE:  458
-------------------------------------
| time/                 |           |
|    fps                | 33        |
|    iterations         | 91400     |
|    time_elapsed       | 13723     |
|    total_timesteps    | 457000    |
| train/                |           |
|    entropy_loss       | 13        |
|    explained_variance | 0         |
|    learning_rate      | 0.0007    |
|    n_updates          | 91399     |
|    policy_loss        | -3.37e+04 |
|    reward             | 879.8474  |
|    std                | 0.000965  |
|    value_loss         | 7.72e+06  |
-------------------------------------
-------------------------------------
| time/                 |           |
|    fps                | 33        |
|    iterations         | 91500     |
|    time_elapsed       | 13738     |
|    total_timesteps    | 457500    |
| train/                |           |
|    entropy_loss       | 13        |
|    explained_variance | 5.96e-08  |
|    learning_rate      | 0.0007    |
|    n_updates          | 91499     |
|    policy_loss        | -3.41e+04 |
|    reward             | 907.0353  |
|    std                | 0.000968  |
|    value_loss         | 8.44e+06  |
-------------------------------------
EPISODE:  459
-------------------------------------
| time/                 |           |
|    fps                | 33        |
|    iterations         | 91600     |
|    time_elapsed       | 13754     |
|    total_timesteps    | 458000    |
| train/                |           |
|    entropy_loss       | 13        |
|    explained_variance | 1.19e-07  |
|    learning_rate      | 0.0007    |
|    n_updates          | 91599     |
|    policy_loss        | -3.15e+04 |
|    reward             | 877.6576  |
|    std                | 0.000966  |
|    value_loss         | 7.68e+06  |
-------------------------------------
-------------------------------------
| time/                 |           |
|    fps                | 33        |
|    iterations         | 91700     |
|    time_elapsed       | 13769     |
|    total_timesteps    | 458500    |
| train/                |           |
|    entropy_loss       | 13        |
|    explained_variance | 5.96e-08  |
|    learning_rate      | 0.0007    |
|    n_updates          | 91699     |
|    policy_loss        | -3.6e+04  |
|    reward             | 900.71643 |
|    std                | 0.000965  |
|    value_loss         | 8.38e+06  |
-------------------------------------
EPISODE:  460
-------------------------------------
| time/                 |           |
|    fps                | 33        |
|    iterations         | 91800     |
|    time_elapsed       | 13784     |
|    total_timesteps    | 459000    |
| train/                |           |
|    entropy_loss       | 13        |
|    explained_variance | 0         |
|    learning_rate      | 0.0007    |
|    n_updates          | 91799     |
|    policy_loss        | -3.25e+04 |
|    reward             | 859.6981  |
|    std                | 0.000959  |
|    value_loss         | 7.36e+06  |
-------------------------------------
-------------------------------------
| time/                 |           |
|    fps                | 33        |
|    iterations         | 91900     |
|    time_elapsed       | 13799     |
|    total_timesteps    | 459500    |
| train/                |           |
|    entropy_loss       | 13        |
|    explained_variance | -1.19e-07 |
|    learning_rate      | 0.0007    |
|    n_updates          | 91899     |
|    policy_loss        | -3.33e+04 |
|    reward             | 896.3914  |
|    std                | 0.000959  |
|    value_loss         | 8.32e+06  |
-------------------------------------
EPISODE:  461
-------------------------------------
| time/                 |           |
|    fps                | 33        |
|    iterations         | 92000     |
|    time_elapsed       | 13814     |
|    total_timesteps    | 460000    |
| train/                |           |
|    entropy_loss       | 13        |
|    explained_variance | 0         |
|    learning_rate      | 0.0007    |
|    n_updates          | 91999     |
|    policy_loss        | -2.97e+04 |
|    reward             | 823.2088  |
|    std                | 0.000958  |
|    value_loss         | 6.72e+06  |
-------------------------------------
-------------------------------------
| time/                 |           |
|    fps                | 33        |
|    iterations         | 92100     |
|    time_elapsed       | 13829     |
|    total_timesteps    | 460500    |
| train/                |           |
|    entropy_loss       | 13        |
|    explained_variance | 0         |
|    learning_rate      | 0.0007    |
|    n_updates          | 92099     |
|    policy_loss        | -3.43e+04 |
|    reward             | 897.9781  |
|    std                | 0.000959  |
|    value_loss         | 8.37e+06  |
-------------------------------------
EPISODE:  462
-------------------------------------
| time/                 |           |
|    fps                | 33        |
|    iterations         | 92200     |
|    time_elapsed       | 13844     |
|    total_timesteps    | 461000    |
| train/                |           |
|    entropy_loss       | 13        |
|    explained_variance | 0         |
|    learning_rate      | 0.0007    |
|    n_updates          | 92199     |
|    policy_loss        | -3.15e+04 |
|    reward             | 855.25476 |
|    std                | 0.000959  |
|    value_loss         | 7.28e+06  |
-------------------------------------
-------------------------------------
| time/                 |           |
|    fps                | 33        |
|    iterations         | 92300     |
|    time_elapsed       | 13859     |
|    total_timesteps    | 461500    |
| train/                |           |
|    entropy_loss       | 13        |
|    explained_variance | -1.19e-07 |
|    learning_rate      | 0.0007    |
|    n_updates          | 92299     |
|    policy_loss        | -3.3e+04  |
|    reward             | 858.23004 |
|    std                | 0.000955  |
|    value_loss         | 7.56e+06  |
-------------------------------------
EPISODE:  463
-------------------------------------
| time/                 |           |
|    fps                | 33        |
|    iterations         | 92400     |
|    time_elapsed       | 13874     |
|    total_timesteps    | 462000    |
| train/                |           |
|    entropy_loss       | 13        |
|    explained_variance | 0         |
|    learning_rate      | 0.0007    |
|    n_updates          | 92399     |
|    policy_loss        | -3.19e+04 |
|    reward             | 856.4901  |
|    std                | 0.000951  |
|    value_loss         | 7.29e+06  |
-------------------------------------
-------------------------------------
| time/                 |           |
|    fps                | 33        |
|    iterations         | 92500     |
|    time_elapsed       | 13889     |
|    total_timesteps    | 462500    |
| train/                |           |
|    entropy_loss       | 13        |
|    explained_variance | 0         |
|    learning_rate      | 0.0007    |
|    n_updates          | 92499     |
|    policy_loss        | -3.14e+04 |
|    reward             | 883.61395 |
|    std                | 0.000944  |
|    value_loss         | 8.05e+06  |
-------------------------------------
EPISODE:  464
-------------------------------------
| time/                 |           |
|    fps                | 33        |
|    iterations         | 92600     |
|    time_elapsed       | 13904     |
|    total_timesteps    | 463000    |
| train/                |           |
|    entropy_loss       | 13        |
|    explained_variance | 0         |
|    learning_rate      | 0.0007    |
|    n_updates          | 92599     |
|    policy_loss        | -3.17e+04 |
|    reward             | 838.3802  |
|    std                | 0.000939  |
|    value_loss         | 6.98e+06  |
-------------------------------------
-------------------------------------
| time/                 |           |
|    fps                | 33        |
|    iterations         | 92700     |
|    time_elapsed       | 13920     |
|    total_timesteps    | 463500    |
| train/                |           |
|    entropy_loss       | 13.1      |
|    explained_variance | 0         |
|    learning_rate      | 0.0007    |
|    n_updates          | 92699     |
|    policy_loss        | -3.42e+04 |
|    reward             | 911.65216 |
|    std                | 0.000936  |
|    value_loss         | 8.53e+06  |
-------------------------------------
EPISODE:  465
-------------------------------------
| time/                 |           |
|    fps                | 33        |
|    iterations         | 92800     |
|    time_elapsed       | 13935     |
|    total_timesteps    | 464000    |
| train/                |           |
|    entropy_loss       | 13.1      |
|    explained_variance | 0         |
|    learning_rate      | 0.0007    |
|    n_updates          | 92799     |
|    policy_loss        | -3.42e+04 |
|    reward             | 882.12494 |
|    std                | 0.000937  |
|    value_loss         | 7.76e+06  |
-------------------------------------
-------------------------------------
| time/                 |           |
|    fps                | 33        |
|    iterations         | 92900     |
|    time_elapsed       | 13950     |
|    total_timesteps    | 464500    |
| train/                |           |
|    entropy_loss       | 13.1      |
|    explained_variance | 0         |
|    learning_rate      | 0.0007    |
|    n_updates          | 92899     |
|    policy_loss        | -3.23e+04 |
|    reward             | 908.9996  |
|    std                | 0.000937  |
|    value_loss         | 8.48e+06  |
-------------------------------------
EPISODE:  466
-------------------------------------
| time/                 |           |
|    fps                | 33        |
|    iterations         | 93000     |
|    time_elapsed       | 13965     |
|    total_timesteps    | 465000    |
| train/                |           |
|    entropy_loss       | 13.1      |
|    explained_variance | -1.19e-07 |
|    learning_rate      | 0.0007    |
|    n_updates          | 92999     |
|    policy_loss        | -3.5e+04  |
|    reward             | 879.5583  |
|    std                | 0.00094   |
|    value_loss         | 7.71e+06  |
-------------------------------------
-------------------------------------
| time/                 |           |
|    fps                | 33        |
|    iterations         | 93100     |
|    time_elapsed       | 13980     |
|    total_timesteps    | 465500    |
| train/                |           |
|    entropy_loss       | 13.1      |
|    explained_variance | 0         |
|    learning_rate      | 0.0007    |
|    n_updates          | 93099     |
|    policy_loss        | -3.57e+04 |
|    reward             | 909.2984  |
|    std                | 0.000934  |
|    value_loss         | 8.48e+06  |
-------------------------------------
EPISODE:  467
-------------------------------------
| time/                 |           |
|    fps                | 33        |
|    iterations         | 93200     |
|    time_elapsed       | 13995     |
|    total_timesteps    | 466000    |
| train/                |           |
|    entropy_loss       | 13.1      |
|    explained_variance | 1.19e-07  |
|    learning_rate      | 0.0007    |
|    n_updates          | 93199     |
|    policy_loss        | -3.32e+04 |
|    reward             | 875.8827  |
|    std                | 0.000934  |
|    value_loss         | 7.65e+06  |
-------------------------------------
-------------------------------------
| time/                 |           |
|    fps                | 33        |
|    iterations         | 93300     |
|    time_elapsed       | 14010     |
|    total_timesteps    | 466500    |
| train/                |           |
|    entropy_loss       | 13.1      |
|    explained_variance | 5.96e-08  |
|    learning_rate      | 0.0007    |
|    n_updates          | 93299     |
|    policy_loss        | -3.38e+04 |
|    reward             | 885.48676 |
|    std                | 0.000939  |
|    value_loss         | 8.08e+06  |
-------------------------------------
EPISODE:  468
-------------------------------------
| time/                 |           |
|    fps                | 33        |
|    iterations         | 93400     |
|    time_elapsed       | 14025     |
|    total_timesteps    | 467000    |
| train/                |           |
|    entropy_loss       | 13.1      |
|    explained_variance | 0         |
|    learning_rate      | 0.0007    |
|    n_updates          | 93399     |
|    policy_loss        | -3.36e+04 |
|    reward             | 889.1454  |
|    std                | 0.000943  |
|    value_loss         | 7.89e+06  |
-------------------------------------
-------------------------------------
| time/                 |           |
|    fps                | 33        |
|    iterations         | 93500     |
|    time_elapsed       | 14040     |
|    total_timesteps    | 467500    |
| train/                |           |
|    entropy_loss       | 13.1      |
|    explained_variance | 0         |
|    learning_rate      | 0.0007    |
|    n_updates          | 93499     |
|    policy_loss        | -3.09e+04 |
|    reward             | 828.915   |
|    std                | 0.000935  |
|    value_loss         | 7.12e+06  |
-------------------------------------
EPISODE:  469
-------------------------------------
| time/                 |           |
|    fps                | 33        |
|    iterations         | 93600     |
|    time_elapsed       | 14055     |
|    total_timesteps    | 468000    |
| train/                |           |
|    entropy_loss       | 13.1      |
|    explained_variance | 0         |
|    learning_rate      | 0.0007    |
|    n_updates          | 93599     |
|    policy_loss        | -2.79e+04 |
|    reward             | 754.49457 |
|    std                | 0.000935  |
|    value_loss         | 5.6e+06   |
-------------------------------------
-------------------------------------
| time/                 |           |
|    fps                | 33        |
|    iterations         | 93700     |
|    time_elapsed       | 14070     |
|    total_timesteps    | 468500    |
| train/                |           |
|    entropy_loss       | 13.1      |
|    explained_variance | 0         |
|    learning_rate      | 0.0007    |
|    n_updates          | 93699     |
|    policy_loss        | -3.36e+04 |
|    reward             | 900.3974  |
|    std                | 0.000941  |
|    value_loss         | 8.32e+06  |
-------------------------------------
EPISODE:  470
-------------------------------------
| time/                 |           |
|    fps                | 33        |
|    iterations         | 93800     |
|    time_elapsed       | 14085     |
|    total_timesteps    | 469000    |
| train/                |           |
|    entropy_loss       | 13.2      |
|    explained_variance | 0         |
|    learning_rate      | 0.0007    |
|    n_updates          | 93799     |
|    policy_loss        | -2.96e+04 |
|    reward             | 871.18896 |
|    std                | 0.000933  |
|    value_loss         | 7.55e+06  |
-------------------------------------
-------------------------------------
| time/                 |           |
|    fps                | 33        |
|    iterations         | 93900     |
|    time_elapsed       | 14100     |
|    total_timesteps    | 469500    |
| train/                |           |
|    entropy_loss       | 13.2      |
|    explained_variance | 0         |
|    learning_rate      | 0.0007    |
|    n_updates          | 93899     |
|    policy_loss        | -3.48e+04 |
|    reward             | 909.2984  |
|    std                | 0.000929  |
|    value_loss         | 8.48e+06  |
-------------------------------------
EPISODE:  471
-------------------------------------
| time/                 |           |
|    fps                | 33        |
|    iterations         | 94000     |
|    time_elapsed       | 14115     |
|    total_timesteps    | 470000    |
| train/                |           |
|    entropy_loss       | 13.2      |
|    explained_variance | -1.19e-07 |
|    learning_rate      | 0.0007    |
|    n_updates          | 93999     |
|    policy_loss        | -3.58e+04 |
|    reward             | 902.8574  |
|    std                | 0.000923  |
|    value_loss         | 8.13e+06  |
-------------------------------------
-------------------------------------
| time/                 |           |
|    fps                | 33        |
|    iterations         | 94100     |
|    time_elapsed       | 14130     |
|    total_timesteps    | 470500    |
| train/                |           |
|    entropy_loss       | 13.2      |
|    explained_variance | -2.38e-07 |
|    learning_rate      | 0.0007    |
|    n_updates          | 94099     |
|    policy_loss        | -3.27e+04 |
|    reward             | 846.494   |
|    std                | 0.000922  |
|    value_loss         | 7.48e+06  |
-------------------------------------
EPISODE:  472
-------------------------------------
| time/                 |           |
|    fps                | 33        |
|    iterations         | 94200     |
|    time_elapsed       | 14145     |
|    total_timesteps    | 471000    |
| train/                |           |
|    entropy_loss       | 13.2      |
|    explained_variance | 0         |
|    learning_rate      | 0.0007    |
|    n_updates          | 94199     |
|    policy_loss        | -3.03e+04 |
|    reward             | 773.9752  |
|    std                | 0.000919  |
|    value_loss         | 5.91e+06  |
-------------------------------------
-------------------------------------
| time/                 |           |
|    fps                | 33        |
|    iterations         | 94300     |
|    time_elapsed       | 14160     |
|    total_timesteps    | 471500    |
| train/                |           |
|    entropy_loss       | 13.2      |
|    explained_variance | 1.79e-07  |
|    learning_rate      | 0.0007    |
|    n_updates          | 94299     |
|    policy_loss        | -3.51e+04 |
|    reward             | 905.2193  |
|    std                | 0.000923  |
|    value_loss         | 8.4e+06   |
-------------------------------------
EPISODE:  473
-------------------------------------
| time/                 |           |
|    fps                | 33        |
|    iterations         | 94400     |
|    time_elapsed       | 14175     |
|    total_timesteps    | 472000    |
| train/                |           |
|    entropy_loss       | 13.2      |
|    explained_variance | 0         |
|    learning_rate      | 0.0007    |
|    n_updates          | 94399     |
|    policy_loss        | -3.36e+04 |
|    reward             | 875.9352  |
|    std                | 0.000918  |
|    value_loss         | 7.64e+06  |
-------------------------------------
-------------------------------------
| time/                 |           |
|    fps                | 33        |
|    iterations         | 94500     |
|    time_elapsed       | 14190     |
|    total_timesteps    | 472500    |
| train/                |           |
|    entropy_loss       | 13.2      |
|    explained_variance | 0         |
|    learning_rate      | 0.0007    |
|    n_updates          | 94499     |
|    policy_loss        | -3.43e+04 |
|    reward             | 909.2984  |
|    std                | 0.000913  |
|    value_loss         | 8.48e+06  |
-------------------------------------
EPISODE:  474
-------------------------------------
| time/                 |           |
|    fps                | 33        |
|    iterations         | 94600     |
|    time_elapsed       | 14205     |
|    total_timesteps    | 473000    |
| train/                |           |
|    entropy_loss       | 13.2      |
|    explained_variance | -2.38e-07 |
|    learning_rate      | 0.0007    |
|    n_updates          | 94599     |
|    policy_loss        | -3.39e+04 |
|    reward             | 879.8474  |
|    std                | 0.00091   |
|    value_loss         | 7.71e+06  |
-------------------------------------
-------------------------------------
| time/                 |           |
|    fps                | 33        |
|    iterations         | 94700     |
|    time_elapsed       | 14220     |
|    total_timesteps    | 473500    |
| train/                |           |
|    entropy_loss       | 13.2      |
|    explained_variance | -1.19e-07 |
|    learning_rate      | 0.0007    |
|    n_updates          | 94699     |
|    policy_loss        | -3.56e+04 |
|    reward             | 909.2984  |
|    std                | 0.000912  |
|    value_loss         | 8.48e+06  |
-------------------------------------
EPISODE:  475
-------------------------------------
| time/                 |           |
|    fps                | 33        |
|    iterations         | 94800     |
|    time_elapsed       | 14235     |
|    total_timesteps    | 474000    |
| train/                |           |
|    entropy_loss       | 13.3      |
|    explained_variance | -1.19e-07 |
|    learning_rate      | 0.0007    |
|    n_updates          | 94799     |
|    policy_loss        | -3.36e+04 |
|    reward             | 879.8474  |
|    std                | 0.000911  |
|    value_loss         | 7.71e+06  |
-------------------------------------
-------------------------------------
| time/                 |           |
|    fps                | 33        |
|    iterations         | 94900     |
|    time_elapsed       | 14250     |
|    total_timesteps    | 474500    |
| train/                |           |
|    entropy_loss       | 13.3      |
|    explained_variance | 0         |
|    learning_rate      | 0.0007    |
|    n_updates          | 94899     |
|    policy_loss        | -3.55e+04 |
|    reward             | 909.2984  |
|    std                | 0.000907  |
|    value_loss         | 8.48e+06  |
-------------------------------------
EPISODE:  476
-------------------------------------
| time/                 |           |
|    fps                | 33        |
|    iterations         | 95000     |
|    time_elapsed       | 14266     |
|    total_timesteps    | 475000    |
| train/                |           |
|    entropy_loss       | 13.3      |
|    explained_variance | 0         |
|    learning_rate      | 0.0007    |
|    n_updates          | 94999     |
|    policy_loss        | -3.19e+04 |
|    reward             | 879.8474  |
|    std                | 0.000899  |
|    value_loss         | 7.71e+06  |
-------------------------------------
-------------------------------------
| time/                 |           |
|    fps                | 33        |
|    iterations         | 95100     |
|    time_elapsed       | 14281     |
|    total_timesteps    | 475500    |
| train/                |           |
|    entropy_loss       | 13.3      |
|    explained_variance | 0         |
|    learning_rate      | 0.0007    |
|    n_updates          | 95099     |
|    policy_loss        | -3.54e+04 |
|    reward             | 909.2984  |
|    std                | 0.000896  |
|    value_loss         | 8.47e+06  |
-------------------------------------
EPISODE:  477
-------------------------------------
| time/                 |           |
|    fps                | 33        |
|    iterations         | 95200     |
|    time_elapsed       | 14296     |
|    total_timesteps    | 476000    |
| train/                |           |
|    entropy_loss       | 13.3      |
|    explained_variance | 0         |
|    learning_rate      | 0.0007    |
|    n_updates          | 95199     |
|    policy_loss        | -3.38e+04 |
|    reward             | 879.8474  |
|    std                | 0.000892  |
|    value_loss         | 7.71e+06  |
-------------------------------------
-------------------------------------
| time/                 |           |
|    fps                | 33        |
|    iterations         | 95300     |
|    time_elapsed       | 14311     |
|    total_timesteps    | 476500    |
| train/                |           |
|    entropy_loss       | 13.3      |
|    explained_variance | 5.96e-08  |
|    learning_rate      | 0.0007    |
|    n_updates          | 95299     |
|    policy_loss        | -3.38e+04 |
|    reward             | 909.2984  |
|    std                | 0.000892  |
|    value_loss         | 8.47e+06  |
-------------------------------------
EPISODE:  478
------------------------------------
| time/                 |          |
|    fps                | 33       |
|    iterations         | 95400    |
|    time_elapsed       | 14326    |
|    total_timesteps    | 477000   |
| train/                |          |
|    entropy_loss       | 13.3     |
|    explained_variance | 1.79e-07 |
|    learning_rate      | 0.0007   |
|    n_updates          | 95399    |
|    policy_loss        | -3.2e+04 |
|    reward             | 879.8474 |
|    std                | 0.00089  |
|    value_loss         | 7.71e+06 |
------------------------------------
-------------------------------------
| time/                 |           |
|    fps                | 33        |
|    iterations         | 95500     |
|    time_elapsed       | 14341     |
|    total_timesteps    | 477500    |
| train/                |           |
|    entropy_loss       | 13.4      |
|    explained_variance | -1.19e-07 |
|    learning_rate      | 0.0007    |
|    n_updates          | 95499     |
|    policy_loss        | -3.17e+04 |
|    reward             | 909.2984  |
|    std                | 0.000882  |
|    value_loss         | 8.47e+06  |
-------------------------------------
EPISODE:  479
-------------------------------------
| time/                 |           |
|    fps                | 33        |
|    iterations         | 95600     |
|    time_elapsed       | 14356     |
|    total_timesteps    | 478000    |
| train/                |           |
|    entropy_loss       | 13.4      |
|    explained_variance | 0         |
|    learning_rate      | 0.0007    |
|    n_updates          | 95599     |
|    policy_loss        | -3.33e+04 |
|    reward             | 879.8474  |
|    std                | 0.00088   |
|    value_loss         | 7.71e+06  |
-------------------------------------
-------------------------------------
| time/                 |           |
|    fps                | 33        |
|    iterations         | 95700     |
|    time_elapsed       | 14371     |
|    total_timesteps    | 478500    |
| train/                |           |
|    entropy_loss       | 13.4      |
|    explained_variance | -1.19e-07 |
|    learning_rate      | 0.0007    |
|    n_updates          | 95699     |
|    policy_loss        | -3.54e+04 |
|    reward             | 909.2984  |
|    std                | 0.000876  |
|    value_loss         | 8.47e+06  |
-------------------------------------
EPISODE:  480
-------------------------------------
| time/                 |           |
|    fps                | 33        |
|    iterations         | 95800     |
|    time_elapsed       | 14386     |
|    total_timesteps    | 479000    |
| train/                |           |
|    entropy_loss       | 13.4      |
|    explained_variance | -2.38e-07 |
|    learning_rate      | 0.0007    |
|    n_updates          | 95799     |
|    policy_loss        | -3.27e+04 |
|    reward             | 879.8474  |
|    std                | 0.000873  |
|    value_loss         | 7.71e+06  |
-------------------------------------
------------------------------------
| time/                 |          |
|    fps                | 33       |
|    iterations         | 95900    |
|    time_elapsed       | 14401    |
|    total_timesteps    | 479500   |
| train/                |          |
|    entropy_loss       | 13.4     |
|    explained_variance | 1.79e-07 |
|    learning_rate      | 0.0007   |
|    n_updates          | 95899    |
|    policy_loss        | -3.5e+04 |
|    reward             | 909.2984 |
|    std                | 0.000866 |
|    value_loss         | 8.47e+06 |
------------------------------------
EPISODE:  481
-------------------------------------
| time/                 |           |
|    fps                | 33        |
|    iterations         | 96000     |
|    time_elapsed       | 14416     |
|    total_timesteps    | 480000    |
| train/                |           |
|    entropy_loss       | 13.4      |
|    explained_variance | -2.38e-07 |
|    learning_rate      | 0.0007    |
|    n_updates          | 95999     |
|    policy_loss        | -3.52e+04 |
|    reward             | 879.8474  |
|    std                | 0.000861  |
|    value_loss         | 7.7e+06   |
-------------------------------------
-------------------------------------
| time/                 |           |
|    fps                | 33        |
|    iterations         | 96100     |
|    time_elapsed       | 14431     |
|    total_timesteps    | 480500    |
| train/                |           |
|    entropy_loss       | 13.4      |
|    explained_variance | 0         |
|    learning_rate      | 0.0007    |
|    n_updates          | 96099     |
|    policy_loss        | -3.46e+04 |
|    reward             | 909.2984  |
|    std                | 0.000859  |
|    value_loss         | 8.47e+06  |
-------------------------------------
EPISODE:  482
-------------------------------------
| time/                 |           |
|    fps                | 33        |
|    iterations         | 96200     |
|    time_elapsed       | 14446     |
|    total_timesteps    | 481000    |
| train/                |           |
|    entropy_loss       | 13.4      |
|    explained_variance | -2.38e-07 |
|    learning_rate      | 0.0007    |
|    n_updates          | 96199     |
|    policy_loss        | -3.37e+04 |
|    reward             | 879.8474  |
|    std                | 0.000856  |
|    value_loss         | 7.7e+06   |
-------------------------------------
-------------------------------------
| time/                 |           |
|    fps                | 33        |
|    iterations         | 96300     |
|    time_elapsed       | 14461     |
|    total_timesteps    | 481500    |
| train/                |           |
|    entropy_loss       | 13.4      |
|    explained_variance | 0         |
|    learning_rate      | 0.0007    |
|    n_updates          | 96299     |
|    policy_loss        | -3.57e+04 |
|    reward             | 909.2984  |
|    std                | 0.000855  |
|    value_loss         | 8.47e+06  |
-------------------------------------
EPISODE:  483
-------------------------------------
| time/                 |           |
|    fps                | 33        |
|    iterations         | 96400     |
|    time_elapsed       | 14476     |
|    total_timesteps    | 482000    |
| train/                |           |
|    entropy_loss       | 13.5      |
|    explained_variance | 1.79e-07  |
|    learning_rate      | 0.0007    |
|    n_updates          | 96399     |
|    policy_loss        | -3.51e+04 |
|    reward             | 879.8474  |
|    std                | 0.000845  |
|    value_loss         | 7.7e+06   |
-------------------------------------
-------------------------------------
| time/                 |           |
|    fps                | 33        |
|    iterations         | 96500     |
|    time_elapsed       | 14491     |
|    total_timesteps    | 482500    |
| train/                |           |
|    entropy_loss       | 13.5      |
|    explained_variance | 0         |
|    learning_rate      | 0.0007    |
|    n_updates          | 96499     |
|    policy_loss        | -3.77e+04 |
|    reward             | 909.2984  |
|    std                | 0.000836  |
|    value_loss         | 8.47e+06  |
-------------------------------------
EPISODE:  484
-------------------------------------
| time/                 |           |
|    fps                | 33        |
|    iterations         | 96600     |
|    time_elapsed       | 14507     |
|    total_timesteps    | 483000    |
| train/                |           |
|    entropy_loss       | 13.5      |
|    explained_variance | -2.38e-07 |
|    learning_rate      | 0.0007    |
|    n_updates          | 96599     |
|    policy_loss        | -2.96e+04 |
|    reward             | 879.8474  |
|    std                | 0.00083   |
|    value_loss         | 7.7e+06   |
-------------------------------------
-------------------------------------
| time/                 |           |
|    fps                | 33        |
|    iterations         | 96700     |
|    time_elapsed       | 14521     |
|    total_timesteps    | 483500    |
| train/                |           |
|    entropy_loss       | 13.5      |
|    explained_variance | -1.19e-07 |
|    learning_rate      | 0.0007    |
|    n_updates          | 96699     |
|    policy_loss        | -3.6e+04  |
|    reward             | 909.2984  |
|    std                | 0.000823  |
|    value_loss         | 8.47e+06  |
-------------------------------------
EPISODE:  485
-------------------------------------
| time/                 |           |
|    fps                | 33        |
|    iterations         | 96800     |
|    time_elapsed       | 14537     |
|    total_timesteps    | 484000    |
| train/                |           |
|    entropy_loss       | 13.5      |
|    explained_variance | 0         |
|    learning_rate      | 0.0007    |
|    n_updates          | 96799     |
|    policy_loss        | -3.46e+04 |
|    reward             | 906.42615 |
|    std                | 0.000822  |
|    value_loss         | 8.2e+06   |
-------------------------------------
-------------------------------------
| time/                 |           |
|    fps                | 33        |
|    iterations         | 96900     |
|    time_elapsed       | 14552     |
|    total_timesteps    | 484500    |
| train/                |           |
|    entropy_loss       | 13.6      |
|    explained_variance | 0         |
|    learning_rate      | 0.0007    |
|    n_updates          | 96899     |
|    policy_loss        | -3.35e+04 |
|    reward             | 840.71655 |
|    std                | 0.000821  |
|    value_loss         | 7.37e+06  |
-------------------------------------
EPISODE:  486
-------------------------------------
| time/                 |           |
|    fps                | 33        |
|    iterations         | 97000     |
|    time_elapsed       | 14567     |
|    total_timesteps    | 485000    |
| train/                |           |
|    entropy_loss       | 13.6      |
|    explained_variance | 0         |
|    learning_rate      | 0.0007    |
|    n_updates          | 96999     |
|    policy_loss        | -3.17e+04 |
|    reward             | 784.63336 |
|    std                | 0.000824  |
|    value_loss         | 6.07e+06  |
-------------------------------------
-------------------------------------
| time/                 |           |
|    fps                | 33        |
|    iterations         | 97100     |
|    time_elapsed       | 14582     |
|    total_timesteps    | 485500    |
| train/                |           |
|    entropy_loss       | 13.6      |
|    explained_variance | 0         |
|    learning_rate      | 0.0007    |
|    n_updates          | 97099     |
|    policy_loss        | -3.26e+04 |
|    reward             | 839.7294  |
|    std                | 0.000821  |
|    value_loss         | 7.24e+06  |
-------------------------------------
EPISODE:  487
-------------------------------------
| time/                 |           |
|    fps                | 33        |
|    iterations         | 97200     |
|    time_elapsed       | 14597     |
|    total_timesteps    | 486000    |
| train/                |           |
|    entropy_loss       | 13.6      |
|    explained_variance | 0         |
|    learning_rate      | 0.0007    |
|    n_updates          | 97199     |
|    policy_loss        | -2.86e+04 |
|    reward             | 789.00214 |
|    std                | 0.000823  |
|    value_loss         | 6.14e+06  |
-------------------------------------
-------------------------------------
| time/                 |           |
|    fps                | 33        |
|    iterations         | 97300     |
|    time_elapsed       | 14612     |
|    total_timesteps    | 486500    |
| train/                |           |
|    entropy_loss       | 13.6      |
|    explained_variance | -1.19e-07 |
|    learning_rate      | 0.0007    |
|    n_updates          | 97299     |
|    policy_loss        | -3.7e+04  |
|    reward             | 908.66504 |
|    std                | 0.000826  |
|    value_loss         | 8.46e+06  |
-------------------------------------
EPISODE:  488
-------------------------------------
| time/                 |           |
|    fps                | 33        |
|    iterations         | 97400     |
|    time_elapsed       | 14627     |
|    total_timesteps    | 487000    |
| train/                |           |
|    entropy_loss       | 13.6      |
|    explained_variance | 0         |
|    learning_rate      | 0.0007    |
|    n_updates          | 97399     |
|    policy_loss        | -3.44e+04 |
|    reward             | 874.338   |
|    std                | 0.000826  |
|    value_loss         | 7.6e+06   |
-------------------------------------
-------------------------------------
| time/                 |           |
|    fps                | 33        |
|    iterations         | 97500     |
|    time_elapsed       | 14642     |
|    total_timesteps    | 487500    |
| train/                |           |
|    entropy_loss       | 13.6      |
|    explained_variance | 1.79e-07  |
|    learning_rate      | 0.0007    |
|    n_updates          | 97499     |
|    policy_loss        | -3.5e+04  |
|    reward             | 903.27783 |
|    std                | 0.000825  |
|    value_loss         | 8.42e+06  |
-------------------------------------
EPISODE:  489
-------------------------------------
| time/                 |           |
|    fps                | 33        |
|    iterations         | 97600     |
|    time_elapsed       | 14657     |
|    total_timesteps    | 488000    |
| train/                |           |
|    entropy_loss       | 13.6      |
|    explained_variance | 0         |
|    learning_rate      | 0.0007    |
|    n_updates          | 97599     |
|    policy_loss        | -3.52e+04 |
|    reward             | 875.251   |
|    std                | 0.000823  |
|    value_loss         | 7.62e+06  |
-------------------------------------
-------------------------------------
| time/                 |           |
|    fps                | 33        |
|    iterations         | 97700     |
|    time_elapsed       | 14672     |
|    total_timesteps    | 488500    |
| train/                |           |
|    entropy_loss       | 13.6      |
|    explained_variance | 1.19e-07  |
|    learning_rate      | 0.0007    |
|    n_updates          | 97699     |
|    policy_loss        | -3.07e+04 |
|    reward             | 860.38446 |
|    std                | 0.000818  |
|    value_loss         | 7.66e+06  |
-------------------------------------
EPISODE:  490
------------------------------------
| time/                 |          |
|    fps                | 33       |
|    iterations         | 97800    |
|    time_elapsed       | 14687    |
|    total_timesteps    | 489000   |
| train/                |          |
|    entropy_loss       | 13.6     |
|    explained_variance | 1.19e-07 |
|    learning_rate      | 0.0007   |
|    n_updates          | 97799    |
|    policy_loss        | -3.1e+04 |
|    reward             | 800.7066 |
|    std                | 0.000818 |
|    value_loss         | 6.34e+06 |
------------------------------------
-------------------------------------
| time/                 |           |
|    fps                | 33        |
|    iterations         | 97900     |
|    time_elapsed       | 14703     |
|    total_timesteps    | 489500    |
| train/                |           |
|    entropy_loss       | 13.6      |
|    explained_variance | 0         |
|    learning_rate      | 0.0007    |
|    n_updates          | 97899     |
|    policy_loss        | -3.32e+04 |
|    reward             | 884.24493 |
|    std                | 0.000816  |
|    value_loss         | 7.99e+06  |
-------------------------------------
EPISODE:  491
-------------------------------------
| time/                 |           |
|    fps                | 33        |
|    iterations         | 98000     |
|    time_elapsed       | 14718     |
|    total_timesteps    | 490000    |
| train/                |           |
|    entropy_loss       | 13.6      |
|    explained_variance | 0         |
|    learning_rate      | 0.0007    |
|    n_updates          | 97999     |
|    policy_loss        | -3.32e+04 |
|    reward             | 855.2768  |
|    std                | 0.00081   |
|    value_loss         | 7.26e+06  |
-------------------------------------
-------------------------------------
| time/                 |           |
|    fps                | 33        |
|    iterations         | 98100     |
|    time_elapsed       | 14733     |
|    total_timesteps    | 490500    |
| train/                |           |
|    entropy_loss       | 13.7      |
|    explained_variance | 0         |
|    learning_rate      | 0.0007    |
|    n_updates          | 98099     |
|    policy_loss        | -3.73e+04 |
|    reward             | 909.2984  |
|    std                | 0.000808  |
|    value_loss         | 8.46e+06  |
-------------------------------------
EPISODE:  492
-------------------------------------
| time/                 |           |
|    fps                | 33        |
|    iterations         | 98200     |
|    time_elapsed       | 14748     |
|    total_timesteps    | 491000    |
| train/                |           |
|    entropy_loss       | 13.7      |
|    explained_variance | -1.19e-07 |
|    learning_rate      | 0.0007    |
|    n_updates          | 98199     |
|    policy_loss        | -3.41e+04 |
|    reward             | 879.8474  |
|    std                | 0.000803  |
|    value_loss         | 7.7e+06   |
-------------------------------------
-------------------------------------
| time/                 |           |
|    fps                | 33        |
|    iterations         | 98300     |
|    time_elapsed       | 14763     |
|    total_timesteps    | 491500    |
| train/                |           |
|    entropy_loss       | 13.7      |
|    explained_variance | 0         |
|    learning_rate      | 0.0007    |
|    n_updates          | 98299     |
|    policy_loss        | -3.75e+04 |
|    reward             | 909.2984  |
|    std                | 0.000805  |
|    value_loss         | 8.46e+06  |
-------------------------------------
EPISODE:  493
-------------------------------------
| time/                 |           |
|    fps                | 33        |
|    iterations         | 98400     |
|    time_elapsed       | 14778     |
|    total_timesteps    | 492000    |
| train/                |           |
|    entropy_loss       | 13.7      |
|    explained_variance | 1.79e-07  |
|    learning_rate      | 0.0007    |
|    n_updates          | 98399     |
|    policy_loss        | -3.53e+04 |
|    reward             | 879.8474  |
|    std                | 0.000811  |
|    value_loss         | 7.7e+06   |
-------------------------------------
-------------------------------------
| time/                 |           |
|    fps                | 33        |
|    iterations         | 98500     |
|    time_elapsed       | 14793     |
|    total_timesteps    | 492500    |
| train/                |           |
|    entropy_loss       | 13.7      |
|    explained_variance | 5.96e-08  |
|    learning_rate      | 0.0007    |
|    n_updates          | 98499     |
|    policy_loss        | -3.63e+04 |
|    reward             | 904.0777  |
|    std                | 0.00081   |
|    value_loss         | 8.4e+06   |
-------------------------------------
EPISODE:  494
-------------------------------------
| time/                 |           |
|    fps                | 33        |
|    iterations         | 98600     |
|    time_elapsed       | 14808     |
|    total_timesteps    | 493000    |
| train/                |           |
|    entropy_loss       | 13.7      |
|    explained_variance | 1.19e-07  |
|    learning_rate      | 0.0007    |
|    n_updates          | 98599     |
|    policy_loss        | -3.59e+04 |
|    reward             | 876.80945 |
|    std                | 0.000809  |
|    value_loss         | 7.64e+06  |
-------------------------------------
-------------------------------------
| time/                 |           |
|    fps                | 33        |
|    iterations         | 98700     |
|    time_elapsed       | 14823     |
|    total_timesteps    | 493500    |
| train/                |           |
|    entropy_loss       | 13.7      |
|    explained_variance | -2.38e-07 |
|    learning_rate      | 0.0007    |
|    n_updates          | 98699     |
|    policy_loss        | -3.36e+04 |
|    reward             | 853.27313 |
|    std                | 0.000802  |
|    value_loss         | 7.55e+06  |
-------------------------------------
EPISODE:  495
-------------------------------------
| time/                 |           |
|    fps                | 33        |
|    iterations         | 98800     |
|    time_elapsed       | 14838     |
|    total_timesteps    | 494000    |
| train/                |           |
|    entropy_loss       | 13.7      |
|    explained_variance | 0         |
|    learning_rate      | 0.0007    |
|    n_updates          | 98799     |
|    policy_loss        | -3.08e+04 |
|    reward             | 795.64984 |
|    std                | 0.000802  |
|    value_loss         | 6.25e+06  |
-------------------------------------
-------------------------------------
| time/                 |           |
|    fps                | 33        |
|    iterations         | 98900     |
|    time_elapsed       | 14853     |
|    total_timesteps    | 494500    |
| train/                |           |
|    entropy_loss       | 13.7      |
|    explained_variance | -1.19e-07 |
|    learning_rate      | 0.0007    |
|    n_updates          | 98899     |
|    policy_loss        | -3.2e+04  |
|    reward             | 825.7551  |
|    std                | 0.000798  |
|    value_loss         | 7.09e+06  |
-------------------------------------
EPISODE:  496
-------------------------------------
| time/                 |           |
|    fps                | 33        |
|    iterations         | 99000     |
|    time_elapsed       | 14869     |
|    total_timesteps    | 495000    |
| train/                |           |
|    entropy_loss       | 13.8      |
|    explained_variance | 0         |
|    learning_rate      | 0.0007    |
|    n_updates          | 98999     |
|    policy_loss        | -2.77e+04 |
|    reward             | 739.0365  |
|    std                | 0.000792  |
|    value_loss         | 5.35e+06  |
-------------------------------------
------------------------------------
| time/                 |          |
|    fps                | 33       |
|    iterations         | 99100    |
|    time_elapsed       | 14884    |
|    total_timesteps    | 495500   |
| train/                |          |
|    entropy_loss       | 13.8     |
|    explained_variance | 5.96e-08 |
|    learning_rate      | 0.0007   |
|    n_updates          | 99099    |
|    policy_loss        | -3.8e+04 |
|    reward             | 909.5287 |
|    std                | 0.000789 |
|    value_loss         | 8.48e+06 |
------------------------------------
EPISODE:  497
-------------------------------------
| time/                 |           |
|    fps                | 33        |
|    iterations         | 99200     |
|    time_elapsed       | 14899     |
|    total_timesteps    | 496000    |
| train/                |           |
|    entropy_loss       | 13.8      |
|    explained_variance | 0         |
|    learning_rate      | 0.0007    |
|    n_updates          | 99199     |
|    policy_loss        | -3.41e+04 |
|    reward             | 871.17346 |
|    std                | 0.000787  |
|    value_loss         | 7.54e+06  |
-------------------------------------
-------------------------------------
| time/                 |           |
|    fps                | 33        |
|    iterations         | 99300     |
|    time_elapsed       | 14914     |
|    total_timesteps    | 496500    |
| train/                |           |
|    entropy_loss       | 13.8      |
|    explained_variance | 0         |
|    learning_rate      | 0.0007    |
|    n_updates          | 99299     |
|    policy_loss        | -3.59e+04 |
|    reward             | 906.56177 |
|    std                | 0.000783  |
|    value_loss         | 8.41e+06  |
-------------------------------------
EPISODE:  498
-------------------------------------
| time/                 |           |
|    fps                | 33        |
|    iterations         | 99400     |
|    time_elapsed       | 14929     |
|    total_timesteps    | 497000    |
| train/                |           |
|    entropy_loss       | 13.8      |
|    explained_variance | -1.19e-07 |
|    learning_rate      | 0.0007    |
|    n_updates          | 99399     |
|    policy_loss        | -3.03e+04 |
|    reward             | 887.9616  |
|    std                | 0.000786  |
|    value_loss         | 7.84e+06  |
-------------------------------------
-------------------------------------
| time/                 |           |
|    fps                | 33        |
|    iterations         | 99500     |
|    time_elapsed       | 14944     |
|    total_timesteps    | 497500    |
| train/                |           |
|    entropy_loss       | 13.8      |
|    explained_variance | 5.96e-08  |
|    learning_rate      | 0.0007    |
|    n_updates          | 99499     |
|    policy_loss        | -3.63e+04 |
|    reward             | 888.31635 |
|    std                | 0.000789  |
|    value_loss         | 8.06e+06  |
-------------------------------------
EPISODE:  499
-------------------------------------
| time/                 |           |
|    fps                | 33        |
|    iterations         | 99600     |
|    time_elapsed       | 14959     |
|    total_timesteps    | 498000    |
| train/                |           |
|    entropy_loss       | 13.8      |
|    explained_variance | 1.19e-07  |
|    learning_rate      | 0.0007    |
|    n_updates          | 99599     |
|    policy_loss        | -3.39e+04 |
|    reward             | 859.9284  |
|    std                | 0.000785  |
|    value_loss         | 7.34e+06  |
-------------------------------------
-------------------------------------
| time/                 |           |
|    fps                | 33        |
|    iterations         | 99700     |
|    time_elapsed       | 14974     |
|    total_timesteps    | 498500    |
| train/                |           |
|    entropy_loss       | 13.8      |
|    explained_variance | 0         |
|    learning_rate      | 0.0007    |
|    n_updates          | 99699     |
|    policy_loss        | -3.56e+04 |
|    reward             | 908.80963 |
|    std                | 0.000785  |
|    value_loss         | 8.45e+06  |
-------------------------------------
EPISODE:  500
-------------------------------------
| time/                 |           |
|    fps                | 33        |
|    iterations         | 99800     |
|    time_elapsed       | 14988     |
|    total_timesteps    | 499000    |
| train/                |           |
|    entropy_loss       | 13.8      |
|    explained_variance | 0         |
|    learning_rate      | 0.0007    |
|    n_updates          | 99799     |
|    policy_loss        | -3.55e+04 |
|    reward             | 879.3745  |
|    std                | 0.000781  |
|    value_loss         | 7.69e+06  |
-------------------------------------
-------------------------------------
| time/                 |           |
|    fps                | 33        |
|    iterations         | 99900     |
|    time_elapsed       | 15003     |
|    total_timesteps    | 499500    |
| train/                |           |
|    entropy_loss       | 13.8      |
|    explained_variance | -1.19e-07 |
|    learning_rate      | 0.0007    |
|    n_updates          | 99899     |
|    policy_loss        | -3.56e+04 |
|    reward             | 909.2984  |
|    std                | 0.000778  |
|    value_loss         | 8.46e+06  |
-------------------------------------
EPISODE:  501
-------------------------------------
| time/                 |           |
|    fps                | 33        |
|    iterations         | 100000    |
|    time_elapsed       | 15018     |
|    total_timesteps    | 500000    |
| train/                |           |
|    entropy_loss       | 13.8      |
|    explained_variance | 0         |
|    learning_rate      | 0.0007    |
|    n_updates          | 99999     |
|    policy_loss        | -3.55e+04 |
|    reward             | 879.8474  |
|    std                | 0.000781  |
|    value_loss         | 7.69e+06  |
-------------------------------------
Saved episode log to Results/4_2/a2c/downward_noise/training_logs/08.csv
