EPISODE:  0
{'n_steps': 5, 'ent_coef': 0.01, 'learning_rate': 0.0007}
Using cuda device
EPISODE:  1
-------------------------------------
| time/                 |           |
|    fps                | 19        |
|    iterations         | 100       |
|    time_elapsed       | 26        |
|    total_timesteps    | 500       |
| train/                |           |
|    entropy_loss       | -2.88     |
|    explained_variance | 0         |
|    learning_rate      | 0.0007    |
|    n_updates          | 99        |
|    policy_loss        | 1.11e+04  |
|    reward             | 1460.2115 |
|    std                | 1.02      |
|    value_loss         | 2.32e+07  |
-------------------------------------
EPISODE:  2
------------------------------------
| time/                 |          |
|    fps                | 17       |
|    iterations         | 200      |
|    time_elapsed       | 58       |
|    total_timesteps    | 1000     |
| train/                |          |
|    entropy_loss       | -2.89    |
|    explained_variance | 0        |
|    learning_rate      | 0.0007   |
|    n_updates          | 199      |
|    policy_loss        | 1.34e+04 |
|    reward             | 2141.499 |
|    std                | 1.03     |
|    value_loss         | 4.88e+07 |
------------------------------------
-------------------------------------
| time/                 |           |
|    fps                | 16        |
|    iterations         | 300       |
|    time_elapsed       | 90        |
|    total_timesteps    | 1500      |
| train/                |           |
|    entropy_loss       | -2.89     |
|    explained_variance | -2.38e-07 |
|    learning_rate      | 0.0007    |
|    n_updates          | 299       |
|    policy_loss        | 9.82e+03  |
|    reward             | 1162.0004 |
|    std                | 1.02      |
|    value_loss         | 1.47e+07  |
-------------------------------------
EPISODE:  3
-------------------------------------
| time/                 |           |
|    fps                | 16        |
|    iterations         | 400       |
|    time_elapsed       | 122       |
|    total_timesteps    | 2000      |
| train/                |           |
|    entropy_loss       | -2.87     |
|    explained_variance | 0         |
|    learning_rate      | 0.0007    |
|    n_updates          | 399       |
|    policy_loss        | 1.36e+04  |
|    reward             | 1613.9453 |
|    std                | 1.01      |
|    value_loss         | 2.76e+07  |
-------------------------------------
-------------------------------------
| time/                 |           |
|    fps                | 16        |
|    iterations         | 500       |
|    time_elapsed       | 155       |
|    total_timesteps    | 2500      |
| train/                |           |
|    entropy_loss       | -2.87     |
|    explained_variance | 0         |
|    learning_rate      | 0.0007    |
|    n_updates          | 499       |
|    policy_loss        | 9.43e+03  |
|    reward             | 1247.0646 |
|    std                | 1.02      |
|    value_loss         | 1.67e+07  |
-------------------------------------
EPISODE:  4
-------------------------------------
| time/                 |           |
|    fps                | 16        |
|    iterations         | 600       |
|    time_elapsed       | 187       |
|    total_timesteps    | 3000      |
| train/                |           |
|    entropy_loss       | -2.86     |
|    explained_variance | 0         |
|    learning_rate      | 0.0007    |
|    n_updates          | 599       |
|    policy_loss        | 1.41e+04  |
|    reward             | 1809.0452 |
|    std                | 1.01      |
|    value_loss         | 3.45e+07  |
-------------------------------------
-------------------------------------
| time/                 |           |
|    fps                | 15        |
|    iterations         | 700       |
|    time_elapsed       | 219       |
|    total_timesteps    | 3500      |
| train/                |           |
|    entropy_loss       | -2.87     |
|    explained_variance | 0         |
|    learning_rate      | 0.0007    |
|    n_updates          | 699       |
|    policy_loss        | 1.09e+04  |
|    reward             | 1453.4185 |
|    std                | 1.02      |
|    value_loss         | 2.3e+07   |
-------------------------------------
EPISODE:  5
-------------------------------------
| time/                 |           |
|    fps                | 15        |
|    iterations         | 800       |
|    time_elapsed       | 252       |
|    total_timesteps    | 4000      |
| train/                |           |
|    entropy_loss       | -2.86     |
|    explained_variance | -1.19e-07 |
|    learning_rate      | 0.0007    |
|    n_updates          | 799       |
|    policy_loss        | 1.68e+04  |
|    reward             | 1991.3175 |
|    std                | 1.01      |
|    value_loss         | 4.07e+07  |
-------------------------------------
-------------------------------------
| time/                 |           |
|    fps                | 15        |
|    iterations         | 900       |
|    time_elapsed       | 284       |
|    total_timesteps    | 4500      |
| train/                |           |
|    entropy_loss       | -2.85     |
|    explained_variance | 0         |
|    learning_rate      | 0.0007    |
|    n_updates          | 899       |
|    policy_loss        | 8.68e+03  |
|    reward             | 1256.7719 |
|    std                | 1.01      |
|    value_loss         | 1.74e+07  |
-------------------------------------
EPISODE:  6
-------------------------------------
| time/                 |           |
|    fps                | 15        |
|    iterations         | 1000      |
|    time_elapsed       | 316       |
|    total_timesteps    | 5000      |
| train/                |           |
|    entropy_loss       | -2.84     |
|    explained_variance | -2.38e-07 |
|    learning_rate      | 0.0007    |
|    n_updates          | 999       |
|    policy_loss        | 9.79e+03  |
|    reward             | 1680.9951 |
|    std                | 1         |
|    value_loss         | 2.94e+07  |
-------------------------------------
-------------------------------------
| time/                 |           |
|    fps                | 15        |
|    iterations         | 1100      |
|    time_elapsed       | 349       |
|    total_timesteps    | 5500      |
| train/                |           |
|    entropy_loss       | -2.84     |
|    explained_variance | 0         |
|    learning_rate      | 0.0007    |
|    n_updates          | 1099      |
|    policy_loss        | 8.89e+03  |
|    reward             | 1230.2926 |
|    std                | 1         |
|    value_loss         | 1.64e+07  |
-------------------------------------
EPISODE:  7
-------------------------------------
| time/                 |           |
|    fps                | 15        |
|    iterations         | 1200      |
|    time_elapsed       | 381       |
|    total_timesteps    | 6000      |
| train/                |           |
|    entropy_loss       | -2.85     |
|    explained_variance | 0         |
|    learning_rate      | 0.0007    |
|    n_updates          | 1199      |
|    policy_loss        | 1.98e+04  |
|    reward             | 1591.4375 |
|    std                | 1         |
|    value_loss         | 2.7e+07   |
-------------------------------------
-------------------------------------
| time/                 |           |
|    fps                | 15        |
|    iterations         | 1300      |
|    time_elapsed       | 414       |
|    total_timesteps    | 6500      |
| train/                |           |
|    entropy_loss       | -2.84     |
|    explained_variance | -1.19e-07 |
|    learning_rate      | 0.0007    |
|    n_updates          | 1299      |
|    policy_loss        | 1.18e+04  |
|    reward             | 1212.886  |
|    std                | 1         |
|    value_loss         | 1.6e+07   |
-------------------------------------
EPISODE:  8
-------------------------------------
| time/                 |           |
|    fps                | 15        |
|    iterations         | 1400      |
|    time_elapsed       | 446       |
|    total_timesteps    | 7000      |
| train/                |           |
|    entropy_loss       | -2.82     |
|    explained_variance | -1.19e-07 |
|    learning_rate      | 0.0007    |
|    n_updates          | 1399      |
|    policy_loss        | 1.34e+04  |
|    reward             | 1534.8967 |
|    std                | 0.992     |
|    value_loss         | 2.49e+07  |
-------------------------------------
------------------------------------
| time/                 |          |
|    fps                | 15       |
|    iterations         | 1500     |
|    time_elapsed       | 478      |
|    total_timesteps    | 7500     |
| train/                |          |
|    entropy_loss       | -2.81    |
|    explained_variance | 0        |
|    learning_rate      | 0.0007   |
|    n_updates          | 1499     |
|    policy_loss        | 1.07e+04 |
|    reward             | 1208.808 |
|    std                | 0.988    |
|    value_loss         | 1.59e+07 |
------------------------------------
EPISODE:  9
-------------------------------------
| time/                 |           |
|    fps                | 15        |
|    iterations         | 1600      |
|    time_elapsed       | 511       |
|    total_timesteps    | 8000      |
| train/                |           |
|    entropy_loss       | -2.81     |
|    explained_variance | 0         |
|    learning_rate      | 0.0007    |
|    n_updates          | 1599      |
|    policy_loss        | 1.12e+04  |
|    reward             | 1506.5936 |
|    std                | 0.987     |
|    value_loss         | 2.4e+07   |
-------------------------------------
-------------------------------------
| time/                 |           |
|    fps                | 15        |
|    iterations         | 1700      |
|    time_elapsed       | 543       |
|    total_timesteps    | 8500      |
| train/                |           |
|    entropy_loss       | -2.81     |
|    explained_variance | -2.38e-07 |
|    learning_rate      | 0.0007    |
|    n_updates          | 1699      |
|    policy_loss        | 1.4e+04   |
|    reward             | 1185.7343 |
|    std                | 0.989     |
|    value_loss         | 1.53e+07  |
-------------------------------------
EPISODE:  10
-------------------------------------
| time/                 |           |
|    fps                | 15        |
|    iterations         | 1800      |
|    time_elapsed       | 575       |
|    total_timesteps    | 9000      |
| train/                |           |
|    entropy_loss       | -2.82     |
|    explained_variance | 1.19e-07  |
|    learning_rate      | 0.0007    |
|    n_updates          | 1799      |
|    policy_loss        | 1.66e+04  |
|    reward             | 1499.7704 |
|    std                | 0.991     |
|    value_loss         | 2.38e+07  |
-------------------------------------
-------------------------------------
| time/                 |           |
|    fps                | 15        |
|    iterations         | 1900      |
|    time_elapsed       | 609       |
|    total_timesteps    | 9500      |
| train/                |           |
|    entropy_loss       | -2.81     |
|    explained_variance | 1.19e-07  |
|    learning_rate      | 0.0007    |
|    n_updates          | 1899      |
|    policy_loss        | 9.04e+03  |
|    reward             | 1196.8136 |
|    std                | 0.985     |
|    value_loss         | 1.55e+07  |
-------------------------------------
EPISODE:  11
-------------------------------------
| time/                 |           |
|    fps                | 15        |
|    iterations         | 2000      |
|    time_elapsed       | 641       |
|    total_timesteps    | 10000     |
| train/                |           |
|    entropy_loss       | -2.79     |
|    explained_variance | 0         |
|    learning_rate      | 0.0007    |
|    n_updates          | 1999      |
|    policy_loss        | 1.05e+04  |
|    reward             | 1511.6031 |
|    std                | 0.978     |
|    value_loss         | 2.42e+07  |
-------------------------------------
-------------------------------------
| time/                 |           |
|    fps                | 15        |
|    iterations         | 2100      |
|    time_elapsed       | 674       |
|    total_timesteps    | 10500     |
| train/                |           |
|    entropy_loss       | -2.8      |
|    explained_variance | 1.19e-07  |
|    learning_rate      | 0.0007    |
|    n_updates          | 2099      |
|    policy_loss        | 8.78e+03  |
|    reward             | 1203.9282 |
|    std                | 0.979     |
|    value_loss         | 1.56e+07  |
-------------------------------------
EPISODE:  12
-------------------------------------
| time/                 |           |
|    fps                | 15        |
|    iterations         | 2200      |
|    time_elapsed       | 706       |
|    total_timesteps    | 11000     |
| train/                |           |
|    entropy_loss       | -2.77     |
|    explained_variance | -1.19e-07 |
|    learning_rate      | 0.0007    |
|    n_updates          | 2199      |
|    policy_loss        | 1.53e+04  |
|    reward             | 1536.6124 |
|    std                | 0.965     |
|    value_loss         | 2.5e+07   |
-------------------------------------
-------------------------------------
| time/                 |           |
|    fps                | 15        |
|    iterations         | 2300      |
|    time_elapsed       | 738       |
|    total_timesteps    | 11500     |
| train/                |           |
|    entropy_loss       | -2.77     |
|    explained_variance | 0         |
|    learning_rate      | 0.0007    |
|    n_updates          | 2299      |
|    policy_loss        | 1.05e+04  |
|    reward             | 1197.8871 |
|    std                | 0.967     |
|    value_loss         | 1.56e+07  |
-------------------------------------
EPISODE:  13
-------------------------------------
| time/                 |           |
|    fps                | 15        |
|    iterations         | 2400      |
|    time_elapsed       | 771       |
|    total_timesteps    | 12000     |
| train/                |           |
|    entropy_loss       | -2.76     |
|    explained_variance | -1.19e-07 |
|    learning_rate      | 0.0007    |
|    n_updates          | 2399      |
|    policy_loss        | 1.08e+04  |
|    reward             | 1516.2518 |
|    std                | 0.963     |
|    value_loss         | 2.43e+07  |
-------------------------------------
-------------------------------------
| time/                 |           |
|    fps                | 15        |
|    iterations         | 2500      |
|    time_elapsed       | 803       |
|    total_timesteps    | 12500     |
| train/                |           |
|    entropy_loss       | -2.76     |
|    explained_variance | 0         |
|    learning_rate      | 0.0007    |
|    n_updates          | 2499      |
|    policy_loss        | 1.16e+04  |
|    reward             | 1189.9486 |
|    std                | 0.963     |
|    value_loss         | 1.54e+07  |
-------------------------------------
EPISODE:  14
-------------------------------------
| time/                 |           |
|    fps                | 15        |
|    iterations         | 2600      |
|    time_elapsed       | 836       |
|    total_timesteps    | 13000     |
| train/                |           |
|    entropy_loss       | -2.76     |
|    explained_variance | 2.38e-07  |
|    learning_rate      | 0.0007    |
|    n_updates          | 2599      |
|    policy_loss        | 9.58e+03  |
|    reward             | 1506.8333 |
|    std                | 0.963     |
|    value_loss         | 2.4e+07   |
-------------------------------------
-------------------------------------
| time/                 |           |
|    fps                | 15        |
|    iterations         | 2700      |
|    time_elapsed       | 868       |
|    total_timesteps    | 13500     |
| train/                |           |
|    entropy_loss       | -2.75     |
|    explained_variance | 0         |
|    learning_rate      | 0.0007    |
|    n_updates          | 2699      |
|    policy_loss        | 8.44e+03  |
|    reward             | 1191.1846 |
|    std                | 0.957     |
|    value_loss         | 1.54e+07  |
-------------------------------------
EPISODE:  15
-------------------------------------
| time/                 |           |
|    fps                | 15        |
|    iterations         | 2800      |
|    time_elapsed       | 900       |
|    total_timesteps    | 14000     |
| train/                |           |
|    entropy_loss       | -2.74     |
|    explained_variance | 0         |
|    learning_rate      | 0.0007    |
|    n_updates          | 2799      |
|    policy_loss        | 1.07e+04  |
|    reward             | 1505.2316 |
|    std                | 0.954     |
|    value_loss         | 2.4e+07   |
-------------------------------------
-------------------------------------
| time/                 |           |
|    fps                | 15        |
|    iterations         | 2900      |
|    time_elapsed       | 933       |
|    total_timesteps    | 14500     |
| train/                |           |
|    entropy_loss       | -2.73     |
|    explained_variance | 0         |
|    learning_rate      | 0.0007    |
|    n_updates          | 2899      |
|    policy_loss        | 7.54e+03  |
|    reward             | 1190.0535 |
|    std                | 0.947     |
|    value_loss         | 1.54e+07  |
-------------------------------------
EPISODE:  16
-------------------------------------
| time/                 |           |
|    fps                | 15        |
|    iterations         | 3000      |
|    time_elapsed       | 965       |
|    total_timesteps    | 15000     |
| train/                |           |
|    entropy_loss       | -2.72     |
|    explained_variance | 0         |
|    learning_rate      | 0.0007    |
|    n_updates          | 2999      |
|    policy_loss        | 1.07e+04  |
|    reward             | 1508.9624 |
|    std                | 0.941     |
|    value_loss         | 2.41e+07  |
-------------------------------------
-------------------------------------
| time/                 |           |
|    fps                | 15        |
|    iterations         | 3100      |
|    time_elapsed       | 998       |
|    total_timesteps    | 15500     |
| train/                |           |
|    entropy_loss       | -2.71     |
|    explained_variance | 0         |
|    learning_rate      | 0.0007    |
|    n_updates          | 3099      |
|    policy_loss        | 8.66e+03  |
|    reward             | 1187.8625 |
|    std                | 0.94      |
|    value_loss         | 1.53e+07  |
-------------------------------------
EPISODE:  17
-------------------------------------
| time/                 |           |
|    fps                | 15        |
|    iterations         | 3200      |
|    time_elapsed       | 1030      |
|    total_timesteps    | 16000     |
| train/                |           |
|    entropy_loss       | -2.72     |
|    explained_variance | -1.19e-07 |
|    learning_rate      | 0.0007    |
|    n_updates          | 3199      |
|    policy_loss        | 1.07e+04  |
|    reward             | 1513.5056 |
|    std                | 0.942     |
|    value_loss         | 2.42e+07  |
-------------------------------------
-------------------------------------
| time/                 |           |
|    fps                | 15        |
|    iterations         | 3300      |
|    time_elapsed       | 1062      |
|    total_timesteps    | 16500     |
| train/                |           |
|    entropy_loss       | -2.7      |
|    explained_variance | 0         |
|    learning_rate      | 0.0007    |
|    n_updates          | 3299      |
|    policy_loss        | 1.05e+04  |
|    reward             | 1192.8783 |
|    std                | 0.933     |
|    value_loss         | 1.54e+07  |
-------------------------------------
EPISODE:  18
-------------------------------------
| time/                 |           |
|    fps                | 15        |
|    iterations         | 3400      |
|    time_elapsed       | 1095      |
|    total_timesteps    | 17000     |
| train/                |           |
|    entropy_loss       | -2.7      |
|    explained_variance | 2.38e-07  |
|    learning_rate      | 0.0007    |
|    n_updates          | 3399      |
|    policy_loss        | 1.15e+04  |
|    reward             | 1513.5133 |
|    std                | 0.933     |
|    value_loss         | 2.42e+07  |
-------------------------------------
-------------------------------------
| time/                 |           |
|    fps                | 15        |
|    iterations         | 3500      |
|    time_elapsed       | 1127      |
|    total_timesteps    | 17500     |
| train/                |           |
|    entropy_loss       | -2.69     |
|    explained_variance | -2.38e-07 |
|    learning_rate      | 0.0007    |
|    n_updates          | 3499      |
|    policy_loss        | 8.83e+03  |
|    reward             | 1156.4293 |
|    std                | 0.93      |
|    value_loss         | 1.45e+07  |
-------------------------------------
EPISODE:  19
-------------------------------------
| time/                 |           |
|    fps                | 15        |
|    iterations         | 3600      |
|    time_elapsed       | 1159      |
|    total_timesteps    | 18000     |
| train/                |           |
|    entropy_loss       | -2.7      |
|    explained_variance | 0         |
|    learning_rate      | 0.0007    |
|    n_updates          | 3599      |
|    policy_loss        | 1.32e+04  |
|    reward             | 1571.4042 |
|    std                | 0.934     |
|    value_loss         | 2.62e+07  |
-------------------------------------
-------------------------------------
| time/                 |           |
|    fps                | 15        |
|    iterations         | 3700      |
|    time_elapsed       | 1192      |
|    total_timesteps    | 18500     |
| train/                |           |
|    entropy_loss       | -2.69     |
|    explained_variance | 0         |
|    learning_rate      | 0.0007    |
|    n_updates          | 3699      |
|    policy_loss        | 1.08e+04  |
|    reward             | 1276.7328 |
|    std                | 0.929     |
|    value_loss         | 1.76e+07  |
-------------------------------------
EPISODE:  20
-------------------------------------
| time/                 |           |
|    fps                | 15        |
|    iterations         | 3800      |
|    time_elapsed       | 1224      |
|    total_timesteps    | 19000     |
| train/                |           |
|    entropy_loss       | -2.69     |
|    explained_variance | 1.79e-07  |
|    learning_rate      | 0.0007    |
|    n_updates          | 3799      |
|    policy_loss        | 1.11e+04  |
|    reward             | 1648.8186 |
|    std                | 0.929     |
|    value_loss         | 2.88e+07  |
-------------------------------------
-------------------------------------
| time/                 |           |
|    fps                | 15        |
|    iterations         | 3900      |
|    time_elapsed       | 1257      |
|    total_timesteps    | 19500     |
| train/                |           |
|    entropy_loss       | -2.68     |
|    explained_variance | 1.79e-07  |
|    learning_rate      | 0.0007    |
|    n_updates          | 3899      |
|    policy_loss        | 1.17e+04  |
|    reward             | 1169.2212 |
|    std                | 0.923     |
|    value_loss         | 1.47e+07  |
-------------------------------------
EPISODE:  21
-------------------------------------
| time/                 |           |
|    fps                | 15        |
|    iterations         | 4000      |
|    time_elapsed       | 1289      |
|    total_timesteps    | 20000     |
| train/                |           |
|    entropy_loss       | -2.67     |
|    explained_variance | 0         |
|    learning_rate      | 0.0007    |
|    n_updates          | 3999      |
|    policy_loss        | 1.31e+04  |
|    reward             | 1528.5175 |
|    std                | 0.919     |
|    value_loss         | 2.48e+07  |
-------------------------------------
-------------------------------------
| time/                 |           |
|    fps                | 15        |
|    iterations         | 4100      |
|    time_elapsed       | 1321      |
|    total_timesteps    | 20500     |
| train/                |           |
|    entropy_loss       | -2.67     |
|    explained_variance | 0         |
|    learning_rate      | 0.0007    |
|    n_updates          | 4099      |
|    policy_loss        | 7.66e+03  |
|    reward             | 1164.2416 |
|    std                | 0.918     |
|    value_loss         | 1.47e+07  |
-------------------------------------
EPISODE:  22
-------------------------------------
| time/                 |           |
|    fps                | 15        |
|    iterations         | 4200      |
|    time_elapsed       | 1354      |
|    total_timesteps    | 21000     |
| train/                |           |
|    entropy_loss       | -2.65     |
|    explained_variance | 0         |
|    learning_rate      | 0.0007    |
|    n_updates          | 4199      |
|    policy_loss        | 1.21e+04  |
|    reward             | 1468.7833 |
|    std                | 0.908     |
|    value_loss         | 2.28e+07  |
-------------------------------------
-------------------------------------
| time/                 |           |
|    fps                | 15        |
|    iterations         | 4300      |
|    time_elapsed       | 1386      |
|    total_timesteps    | 21500     |
| train/                |           |
|    entropy_loss       | -2.66     |
|    explained_variance | 0         |
|    learning_rate      | 0.0007    |
|    n_updates          | 4299      |
|    policy_loss        | 8.82e+03  |
|    reward             | 1201.4185 |
|    std                | 0.917     |
|    value_loss         | 1.56e+07  |
-------------------------------------
EPISODE:  23
-------------------------------------
| time/                 |           |
|    fps                | 15        |
|    iterations         | 4400      |
|    time_elapsed       | 1418      |
|    total_timesteps    | 22000     |
| train/                |           |
|    entropy_loss       | -2.68     |
|    explained_variance | 0         |
|    learning_rate      | 0.0007    |
|    n_updates          | 4399      |
|    policy_loss        | 1.45e+04  |
|    reward             | 1516.4758 |
|    std                | 0.922     |
|    value_loss         | 2.43e+07  |
-------------------------------------
-------------------------------------
| time/                 |           |
|    fps                | 15        |
|    iterations         | 4500      |
|    time_elapsed       | 1451      |
|    total_timesteps    | 22500     |
| train/                |           |
|    entropy_loss       | -2.68     |
|    explained_variance | -1.19e-07 |
|    learning_rate      | 0.0007    |
|    n_updates          | 4499      |
|    policy_loss        | 1.19e+04  |
|    reward             | 1166.9873 |
|    std                | 0.923     |
|    value_loss         | 1.49e+07  |
-------------------------------------
EPISODE:  24
-------------------------------------
| time/                 |           |
|    fps                | 15        |
|    iterations         | 4600      |
|    time_elapsed       | 1483      |
|    total_timesteps    | 23000     |
| train/                |           |
|    entropy_loss       | -2.68     |
|    explained_variance | 1.19e-07  |
|    learning_rate      | 0.0007    |
|    n_updates          | 4599      |
|    policy_loss        | 1.24e+04  |
|    reward             | 1485.9916 |
|    std                | 0.926     |
|    value_loss         | 2.33e+07  |
-------------------------------------
-------------------------------------
| time/                 |           |
|    fps                | 15        |
|    iterations         | 4700      |
|    time_elapsed       | 1516      |
|    total_timesteps    | 23500     |
| train/                |           |
|    entropy_loss       | -2.69     |
|    explained_variance | 1.19e-07  |
|    learning_rate      | 0.0007    |
|    n_updates          | 4699      |
|    policy_loss        | 8.89e+03  |
|    reward             | 1166.9956 |
|    std                | 0.928     |
|    value_loss         | 1.47e+07  |
-------------------------------------
EPISODE:  25
-------------------------------------
| time/                 |           |
|    fps                | 15        |
|    iterations         | 4800      |
|    time_elapsed       | 1549      |
|    total_timesteps    | 24000     |
| train/                |           |
|    entropy_loss       | -2.68     |
|    explained_variance | 0         |
|    learning_rate      | 0.0007    |
|    n_updates          | 4799      |
|    policy_loss        | 1.3e+04   |
|    reward             | 1556.9719 |
|    std                | 0.924     |
|    value_loss         | 2.55e+07  |
-------------------------------------
-------------------------------------
| time/                 |           |
|    fps                | 15        |
|    iterations         | 4900      |
|    time_elapsed       | 1581      |
|    total_timesteps    | 24500     |
| train/                |           |
|    entropy_loss       | -2.66     |
|    explained_variance | 0         |
|    learning_rate      | 0.0007    |
|    n_updates          | 4899      |
|    policy_loss        | 8.54e+03  |
|    reward             | 1185.4705 |
|    std                | 0.915     |
|    value_loss         | 1.54e+07  |
-------------------------------------
EPISODE:  26
-------------------------------------
| time/                 |           |
|    fps                | 15        |
|    iterations         | 5000      |
|    time_elapsed       | 1614      |
|    total_timesteps    | 25000     |
| train/                |           |
|    entropy_loss       | -2.66     |
|    explained_variance | 1.19e-07  |
|    learning_rate      | 0.0007    |
|    n_updates          | 4999      |
|    policy_loss        | 1.06e+04  |
|    reward             | 1602.6621 |
|    std                | 0.916     |
|    value_loss         | 2.67e+07  |
-------------------------------------
-------------------------------------
| time/                 |           |
|    fps                | 15        |
|    iterations         | 5100      |
|    time_elapsed       | 1646      |
|    total_timesteps    | 25500     |
| train/                |           |
|    entropy_loss       | -2.65     |
|    explained_variance | -1.19e-07 |
|    learning_rate      | 0.0007    |
|    n_updates          | 5099      |
|    policy_loss        | 8.95e+03  |
|    reward             | 1278.7322 |
|    std                | 0.909     |
|    value_loss         | 1.76e+07  |
-------------------------------------
EPISODE:  27
------------------------------------
| time/                 |          |
|    fps                | 15       |
|    iterations         | 5200     |
|    time_elapsed       | 1679     |
|    total_timesteps    | 26000    |
| train/                |          |
|    entropy_loss       | -2.64    |
|    explained_variance | 5.96e-08 |
|    learning_rate      | 0.0007   |
|    n_updates          | 5199     |
|    policy_loss        | 1.37e+04 |
|    reward             | 1877.45  |
|    std                | 0.907    |
|    value_loss         | 3.69e+07 |
------------------------------------
-------------------------------------
| time/                 |           |
|    fps                | 15        |
|    iterations         | 5300      |
|    time_elapsed       | 1711      |
|    total_timesteps    | 26500     |
| train/                |           |
|    entropy_loss       | -2.63     |
|    explained_variance | 1.79e-07  |
|    learning_rate      | 0.0007    |
|    n_updates          | 5299      |
|    policy_loss        | 1.28e+04  |
|    reward             | 1291.6598 |
|    std                | 0.903     |
|    value_loss         | 1.82e+07  |
-------------------------------------
EPISODE:  28
-------------------------------------
| time/                 |           |
|    fps                | 15        |
|    iterations         | 5400      |
|    time_elapsed       | 1743      |
|    total_timesteps    | 27000     |
| train/                |           |
|    entropy_loss       | -2.62     |
|    explained_variance | 0         |
|    learning_rate      | 0.0007    |
|    n_updates          | 5399      |
|    policy_loss        | 1.6e+04   |
|    reward             | 1910.3099 |
|    std                | 0.899     |
|    value_loss         | 3.83e+07  |
-------------------------------------
-------------------------------------
| time/                 |           |
|    fps                | 15        |
|    iterations         | 5500      |
|    time_elapsed       | 1776      |
|    total_timesteps    | 27500     |
| train/                |           |
|    entropy_loss       | -2.61     |
|    explained_variance | 0         |
|    learning_rate      | 0.0007    |
|    n_updates          | 5499      |
|    policy_loss        | 1.05e+04  |
|    reward             | 1354.0684 |
|    std                | 0.894     |
|    value_loss         | 2.01e+07  |
-------------------------------------
EPISODE:  29
-------------------------------------
| time/                 |           |
|    fps                | 15        |
|    iterations         | 5600      |
|    time_elapsed       | 1808      |
|    total_timesteps    | 28000     |
| train/                |           |
|    entropy_loss       | -2.6      |
|    explained_variance | -1.19e-07 |
|    learning_rate      | 0.0007    |
|    n_updates          | 5599      |
|    policy_loss        | 1.7e+04   |
|    reward             | 2015.3171 |
|    std                | 0.888     |
|    value_loss         | 4.25e+07  |
-------------------------------------
-------------------------------------
| time/                 |           |
|    fps                | 15        |
|    iterations         | 5700      |
|    time_elapsed       | 1840      |
|    total_timesteps    | 28500     |
| train/                |           |
|    entropy_loss       | -2.59     |
|    explained_variance | 0         |
|    learning_rate      | 0.0007    |
|    n_updates          | 5699      |
|    policy_loss        | 1.72e+04  |
|    reward             | 1282.0593 |
|    std                | 0.887     |
|    value_loss         | 1.77e+07  |
-------------------------------------
EPISODE:  30
-------------------------------------
| time/                 |           |
|    fps                | 15        |
|    iterations         | 5800      |
|    time_elapsed       | 1873      |
|    total_timesteps    | 29000     |
| train/                |           |
|    entropy_loss       | -2.6      |
|    explained_variance | 0         |
|    learning_rate      | 0.0007    |
|    n_updates          | 5799      |
|    policy_loss        | 1.53e+04  |
|    reward             | 1874.1698 |
|    std                | 0.887     |
|    value_loss         | 3.68e+07  |
-------------------------------------
-------------------------------------
| time/                 |           |
|    fps                | 15        |
|    iterations         | 5900      |
|    time_elapsed       | 1905      |
|    total_timesteps    | 29500     |
| train/                |           |
|    entropy_loss       | -2.6      |
|    explained_variance | 0         |
|    learning_rate      | 0.0007    |
|    n_updates          | 5899      |
|    policy_loss        | 7.83e+03  |
|    reward             | 1272.3173 |
|    std                | 0.888     |
|    value_loss         | 1.75e+07  |
-------------------------------------
EPISODE:  31
-------------------------------------
| time/                 |           |
|    fps                | 15        |
|    iterations         | 6000      |
|    time_elapsed       | 1938      |
|    total_timesteps    | 30000     |
| train/                |           |
|    entropy_loss       | -2.59     |
|    explained_variance | -1.19e-07 |
|    learning_rate      | 0.0007    |
|    n_updates          | 5999      |
|    policy_loss        | 1.19e+04  |
|    reward             | 1842.8367 |
|    std                | 0.883     |
|    value_loss         | 3.55e+07  |
-------------------------------------
-------------------------------------
| time/                 |           |
|    fps                | 15        |
|    iterations         | 6100      |
|    time_elapsed       | 1970      |
|    total_timesteps    | 30500     |
| train/                |           |
|    entropy_loss       | -2.57     |
|    explained_variance | 0         |
|    learning_rate      | 0.0007    |
|    n_updates          | 6099      |
|    policy_loss        | 8.94e+03  |
|    reward             | 1310.8823 |
|    std                | 0.874     |
|    value_loss         | 1.88e+07  |
-------------------------------------
EPISODE:  32
-------------------------------------
| time/                 |           |
|    fps                | 15        |
|    iterations         | 6200      |
|    time_elapsed       | 2002      |
|    total_timesteps    | 31000     |
| train/                |           |
|    entropy_loss       | -2.56     |
|    explained_variance | 0         |
|    learning_rate      | 0.0007    |
|    n_updates          | 6199      |
|    policy_loss        | 1.59e+04  |
|    reward             | 1973.4117 |
|    std                | 0.87      |
|    value_loss         | 4.08e+07  |
-------------------------------------
-------------------------------------
| time/                 |           |
|    fps                | 15        |
|    iterations         | 6300      |
|    time_elapsed       | 2034      |
|    total_timesteps    | 31500     |
| train/                |           |
|    entropy_loss       | -2.56     |
|    explained_variance | 0         |
|    learning_rate      | 0.0007    |
|    n_updates          | 6299      |
|    policy_loss        | 7.8e+03   |
|    reward             | 1351.6692 |
|    std                | 0.869     |
|    value_loss         | 2e+07     |
-------------------------------------
EPISODE:  33
-------------------------------------
| time/                 |           |
|    fps                | 15        |
|    iterations         | 6400      |
|    time_elapsed       | 2065      |
|    total_timesteps    | 32000     |
| train/                |           |
|    entropy_loss       | -2.55     |
|    explained_variance | 0         |
|    learning_rate      | 0.0007    |
|    n_updates          | 6399      |
|    policy_loss        | 1.94e+04  |
|    reward             | 2100.7695 |
|    std                | 0.866     |
|    value_loss         | 4.64e+07  |
-------------------------------------
-------------------------------------
| time/                 |           |
|    fps                | 15        |
|    iterations         | 6500      |
|    time_elapsed       | 2098      |
|    total_timesteps    | 32500     |
| train/                |           |
|    entropy_loss       | -2.55     |
|    explained_variance | 0         |
|    learning_rate      | 0.0007    |
|    n_updates          | 6499      |
|    policy_loss        | 9.3e+03   |
|    reward             | 1317.5398 |
|    std                | 0.868     |
|    value_loss         | 1.9e+07   |
-------------------------------------
EPISODE:  34
-------------------------------------
| time/                 |           |
|    fps                | 15        |
|    iterations         | 6600      |
|    time_elapsed       | 2131      |
|    total_timesteps    | 33000     |
| train/                |           |
|    entropy_loss       | -2.55     |
|    explained_variance | 0         |
|    learning_rate      | 0.0007    |
|    n_updates          | 6599      |
|    policy_loss        | 1.2e+04   |
|    reward             | 1859.2572 |
|    std                | 0.864     |
|    value_loss         | 3.63e+07  |
-------------------------------------
-------------------------------------
| time/                 |           |
|    fps                | 15        |
|    iterations         | 6700      |
|    time_elapsed       | 2164      |
|    total_timesteps    | 33500     |
| train/                |           |
|    entropy_loss       | -2.55     |
|    explained_variance | -1.19e-07 |
|    learning_rate      | 0.0007    |
|    n_updates          | 6699      |
|    policy_loss        | 1.06e+04  |
|    reward             | 1380.7158 |
|    std                | 0.865     |
|    value_loss         | 2.1e+07   |
-------------------------------------
EPISODE:  35
-------------------------------------
| time/                 |           |
|    fps                | 15        |
|    iterations         | 6800      |
|    time_elapsed       | 2196      |
|    total_timesteps    | 34000     |
| train/                |           |
|    entropy_loss       | -2.52     |
|    explained_variance | 1.19e-07  |
|    learning_rate      | 0.0007    |
|    n_updates          | 6799      |
|    policy_loss        | 1.7e+04   |
|    reward             | 1946.2046 |
|    std                | 0.855     |
|    value_loss         | 4.03e+07  |
-------------------------------------
-------------------------------------
| time/                 |           |
|    fps                | 15        |
|    iterations         | 6900      |
|    time_elapsed       | 2229      |
|    total_timesteps    | 34500     |
| train/                |           |
|    entropy_loss       | -2.52     |
|    explained_variance | -1.19e-07 |
|    learning_rate      | 0.0007    |
|    n_updates          | 6899      |
|    policy_loss        | 7.95e+03  |
|    reward             | 1298.9636 |
|    std                | 0.853     |
|    value_loss         | 1.85e+07  |
-------------------------------------
EPISODE:  36
-------------------------------------
| time/                 |           |
|    fps                | 15        |
|    iterations         | 7000      |
|    time_elapsed       | 2262      |
|    total_timesteps    | 35000     |
| train/                |           |
|    entropy_loss       | -2.5      |
|    explained_variance | 5.96e-08  |
|    learning_rate      | 0.0007    |
|    n_updates          | 6999      |
|    policy_loss        | 1.28e+04  |
|    reward             | 1786.6265 |
|    std                | 0.844     |
|    value_loss         | 3.37e+07  |
-------------------------------------
-------------------------------------
| time/                 |           |
|    fps                | 15        |
|    iterations         | 7100      |
|    time_elapsed       | 2294      |
|    total_timesteps    | 35500     |
| train/                |           |
|    entropy_loss       | -2.49     |
|    explained_variance | 2.38e-07  |
|    learning_rate      | 0.0007    |
|    n_updates          | 7099      |
|    policy_loss        | 8.2e+03   |
|    reward             | 1238.9775 |
|    std                | 0.839     |
|    value_loss         | 1.69e+07  |
-------------------------------------
EPISODE:  37
-------------------------------------
| time/                 |           |
|    fps                | 15        |
|    iterations         | 7200      |
|    time_elapsed       | 2327      |
|    total_timesteps    | 36000     |
| train/                |           |
|    entropy_loss       | -2.47     |
|    explained_variance | -2.38e-07 |
|    learning_rate      | 0.0007    |
|    n_updates          | 7199      |
|    policy_loss        | 1.15e+04  |
|    reward             | 1575.5854 |
|    std                | 0.833     |
|    value_loss         | 2.62e+07  |
-------------------------------------
-------------------------------------
| time/                 |           |
|    fps                | 15        |
|    iterations         | 7300      |
|    time_elapsed       | 2360      |
|    total_timesteps    | 36500     |
| train/                |           |
|    entropy_loss       | -2.48     |
|    explained_variance | 0         |
|    learning_rate      | 0.0007    |
|    n_updates          | 7299      |
|    policy_loss        | 1e+04     |
|    reward             | 1259.4084 |
|    std                | 0.836     |
|    value_loss         | 1.74e+07  |
-------------------------------------
EPISODE:  38
-------------------------------------
| time/                 |           |
|    fps                | 15        |
|    iterations         | 7400      |
|    time_elapsed       | 2393      |
|    total_timesteps    | 37000     |
| train/                |           |
|    entropy_loss       | -2.47     |
|    explained_variance | 0         |
|    learning_rate      | 0.0007    |
|    n_updates          | 7399      |
|    policy_loss        | 1.4e+04   |
|    reward             | 2059.6953 |
|    std                | 0.833     |
|    value_loss         | 4.41e+07  |
-------------------------------------
-------------------------------------
| time/                 |           |
|    fps                | 15        |
|    iterations         | 7500      |
|    time_elapsed       | 2425      |
|    total_timesteps    | 37500     |
| train/                |           |
|    entropy_loss       | -2.45     |
|    explained_variance | 0         |
|    learning_rate      | 0.0007    |
|    n_updates          | 7499      |
|    policy_loss        | 7.96e+03  |
|    reward             | 1268.5087 |
|    std                | 0.826     |
|    value_loss         | 1.73e+07  |
-------------------------------------
EPISODE:  39
------------------------------------
| time/                 |          |
|    fps                | 15       |
|    iterations         | 7600     |
|    time_elapsed       | 2459     |
|    total_timesteps    | 38000    |
| train/                |          |
|    entropy_loss       | -2.45    |
|    explained_variance | 0        |
|    learning_rate      | 0.0007   |
|    n_updates          | 7599     |
|    policy_loss        | 1.21e+04 |
|    reward             | 1763.13  |
|    std                | 0.825    |
|    value_loss         | 3.26e+07 |
------------------------------------
-------------------------------------
| time/                 |           |
|    fps                | 15        |
|    iterations         | 7700      |
|    time_elapsed       | 2492      |
|    total_timesteps    | 38500     |
| train/                |           |
|    entropy_loss       | -2.43     |
|    explained_variance | -1.19e-07 |
|    learning_rate      | 0.0007    |
|    n_updates          | 7699      |
|    policy_loss        | 9.21e+03  |
|    reward             | 1219.0308 |
|    std                | 0.815     |
|    value_loss         | 1.61e+07  |
-------------------------------------
EPISODE:  40
-------------------------------------
| time/                 |           |
|    fps                | 15        |
|    iterations         | 7800      |
|    time_elapsed       | 2525      |
|    total_timesteps    | 39000     |
| train/                |           |
|    entropy_loss       | -2.42     |
|    explained_variance | 5.96e-08  |
|    learning_rate      | 0.0007    |
|    n_updates          | 7799      |
|    policy_loss        | 1.23e+04  |
|    reward             | 1875.4117 |
|    std                | 0.814     |
|    value_loss         | 3.72e+07  |
-------------------------------------
-------------------------------------
| time/                 |           |
|    fps                | 15        |
|    iterations         | 7900      |
|    time_elapsed       | 2558      |
|    total_timesteps    | 39500     |
| train/                |           |
|    entropy_loss       | -2.41     |
|    explained_variance | -1.19e-07 |
|    learning_rate      | 0.0007    |
|    n_updates          | 7899      |
|    policy_loss        | 9.59e+03  |
|    reward             | 1337.9366 |
|    std                | 0.81      |
|    value_loss         | 1.93e+07  |
-------------------------------------
EPISODE:  41
-------------------------------------
| time/                 |           |
|    fps                | 15        |
|    iterations         | 8000      |
|    time_elapsed       | 2590      |
|    total_timesteps    | 40000     |
| train/                |           |
|    entropy_loss       | -2.4      |
|    explained_variance | -1.19e-07 |
|    learning_rate      | 0.0007    |
|    n_updates          | 7999      |
|    policy_loss        | 1.21e+04  |
|    reward             | 2024.8838 |
|    std                | 0.805     |
|    value_loss         | 4.31e+07  |
-------------------------------------
-------------------------------------
| time/                 |           |
|    fps                | 15        |
|    iterations         | 8100      |
|    time_elapsed       | 2623      |
|    total_timesteps    | 40500     |
| train/                |           |
|    entropy_loss       | -2.39     |
|    explained_variance | -1.19e-07 |
|    learning_rate      | 0.0007    |
|    n_updates          | 8099      |
|    policy_loss        | 1.06e+04  |
|    reward             | 1382.1415 |
|    std                | 0.8       |
|    value_loss         | 2.11e+07  |
-------------------------------------
EPISODE:  42
-------------------------------------
| time/                 |           |
|    fps                | 15        |
|    iterations         | 8200      |
|    time_elapsed       | 2656      |
|    total_timesteps    | 41000     |
| train/                |           |
|    entropy_loss       | -2.38     |
|    explained_variance | -1.19e-07 |
|    learning_rate      | 0.0007    |
|    n_updates          | 8199      |
|    policy_loss        | 1.53e+04  |
|    reward             | 2196.9846 |
|    std                | 0.796     |
|    value_loss         | 5.05e+07  |
-------------------------------------
-------------------------------------
| time/                 |           |
|    fps                | 15        |
|    iterations         | 8300      |
|    time_elapsed       | 2688      |
|    total_timesteps    | 41500     |
| train/                |           |
|    entropy_loss       | -2.36     |
|    explained_variance | 0         |
|    learning_rate      | 0.0007    |
|    n_updates          | 8299      |
|    policy_loss        | 9.63e+03  |
|    reward             | 1387.2786 |
|    std                | 0.789     |
|    value_loss         | 2.12e+07  |
-------------------------------------
EPISODE:  43
-------------------------------------
| time/                 |           |
|    fps                | 15        |
|    iterations         | 8400      |
|    time_elapsed       | 2721      |
|    total_timesteps    | 42000     |
| train/                |           |
|    entropy_loss       | -2.36     |
|    explained_variance | 0         |
|    learning_rate      | 0.0007    |
|    n_updates          | 8399      |
|    policy_loss        | 1.18e+04  |
|    reward             | 2070.8691 |
|    std                | 0.788     |
|    value_loss         | 4.57e+07  |
-------------------------------------
-------------------------------------
| time/                 |           |
|    fps                | 15        |
|    iterations         | 8500      |
|    time_elapsed       | 2754      |
|    total_timesteps    | 42500     |
| train/                |           |
|    entropy_loss       | -2.34     |
|    explained_variance | 1.19e-07  |
|    learning_rate      | 0.0007    |
|    n_updates          | 8499      |
|    policy_loss        | 8.61e+03  |
|    reward             | 1353.9027 |
|    std                | 0.781     |
|    value_loss         | 2.01e+07  |
-------------------------------------
EPISODE:  44
-------------------------------------
| time/                 |           |
|    fps                | 15        |
|    iterations         | 8600      |
|    time_elapsed       | 2786      |
|    total_timesteps    | 43000     |
| train/                |           |
|    entropy_loss       | -2.33     |
|    explained_variance | 0         |
|    learning_rate      | 0.0007    |
|    n_updates          | 8599      |
|    policy_loss        | 1.01e+04  |
|    reward             | 1930.1398 |
|    std                | 0.777     |
|    value_loss         | 3.91e+07  |
-------------------------------------
-------------------------------------
| time/                 |           |
|    fps                | 15        |
|    iterations         | 8700      |
|    time_elapsed       | 2819      |
|    total_timesteps    | 43500     |
| train/                |           |
|    entropy_loss       | -2.31     |
|    explained_variance | -1.19e-07 |
|    learning_rate      | 0.0007    |
|    n_updates          | 8699      |
|    policy_loss        | 8.36e+03  |
|    reward             | 1330.5087 |
|    std                | 0.768     |
|    value_loss         | 1.94e+07  |
-------------------------------------
EPISODE:  45
-------------------------------------
| time/                 |           |
|    fps                | 15        |
|    iterations         | 8800      |
|    time_elapsed       | 2852      |
|    total_timesteps    | 44000     |
| train/                |           |
|    entropy_loss       | -2.3      |
|    explained_variance | 0         |
|    learning_rate      | 0.0007    |
|    n_updates          | 8799      |
|    policy_loss        | 1.67e+04  |
|    reward             | 2049.0977 |
|    std                | 0.766     |
|    value_loss         | 4.41e+07  |
-------------------------------------
-------------------------------------
| time/                 |           |
|    fps                | 15        |
|    iterations         | 8900      |
|    time_elapsed       | 2884      |
|    total_timesteps    | 44500     |
| train/                |           |
|    entropy_loss       | -2.3      |
|    explained_variance | 5.96e-08  |
|    learning_rate      | 0.0007    |
|    n_updates          | 8899      |
|    policy_loss        | 7.79e+03  |
|    reward             | 1360.7362 |
|    std                | 0.763     |
|    value_loss         | 2.03e+07  |
-------------------------------------
EPISODE:  46
-------------------------------------
| time/                 |           |
|    fps                | 15        |
|    iterations         | 9000      |
|    time_elapsed       | 2917      |
|    total_timesteps    | 45000     |
| train/                |           |
|    entropy_loss       | -2.29     |
|    explained_variance | 0         |
|    learning_rate      | 0.0007    |
|    n_updates          | 8999      |
|    policy_loss        | 1.72e+04  |
|    reward             | 2115.2563 |
|    std                | 0.761     |
|    value_loss         | 4.69e+07  |
-------------------------------------
------------------------------------
| time/                 |          |
|    fps                | 15       |
|    iterations         | 9100     |
|    time_elapsed       | 2950     |
|    total_timesteps    | 45500    |
| train/                |          |
|    entropy_loss       | -2.26    |
|    explained_variance | 5.96e-08 |
|    learning_rate      | 0.0007   |
|    n_updates          | 9099     |
|    policy_loss        | 8.3e+03  |
|    reward             | 1360.304 |
|    std                | 0.751    |
|    value_loss         | 2.03e+07 |
------------------------------------
EPISODE:  47
-------------------------------------
| time/                 |           |
|    fps                | 15        |
|    iterations         | 9200      |
|    time_elapsed       | 2983      |
|    total_timesteps    | 46000     |
| train/                |           |
|    entropy_loss       | -2.26     |
|    explained_variance | 0         |
|    learning_rate      | 0.0007    |
|    n_updates          | 9199      |
|    policy_loss        | 1.25e+04  |
|    reward             | 2071.8674 |
|    std                | 0.748     |
|    value_loss         | 4.51e+07  |
-------------------------------------
-------------------------------------
| time/                 |           |
|    fps                | 15        |
|    iterations         | 9300      |
|    time_elapsed       | 3015      |
|    total_timesteps    | 46500     |
| train/                |           |
|    entropy_loss       | -2.24     |
|    explained_variance | 1.19e-07  |
|    learning_rate      | 0.0007    |
|    n_updates          | 9299      |
|    policy_loss        | 8.9e+03   |
|    reward             | 1362.0374 |
|    std                | 0.741     |
|    value_loss         | 2.04e+07  |
-------------------------------------
EPISODE:  48
-------------------------------------
| time/                 |           |
|    fps                | 15        |
|    iterations         | 9400      |
|    time_elapsed       | 3048      |
|    total_timesteps    | 47000     |
| train/                |           |
|    entropy_loss       | -2.22     |
|    explained_variance | 0         |
|    learning_rate      | 0.0007    |
|    n_updates          | 9399      |
|    policy_loss        | 1.38e+04  |
|    reward             | 2086.4834 |
|    std                | 0.734     |
|    value_loss         | 4.57e+07  |
-------------------------------------
-------------------------------------
| time/                 |           |
|    fps                | 15        |
|    iterations         | 9500      |
|    time_elapsed       | 3081      |
|    total_timesteps    | 47500     |
| train/                |           |
|    entropy_loss       | -2.21     |
|    explained_variance | 0         |
|    learning_rate      | 0.0007    |
|    n_updates          | 9499      |
|    policy_loss        | 8.89e+03  |
|    reward             | 1362.9935 |
|    std                | 0.732     |
|    value_loss         | 2.04e+07  |
-------------------------------------
EPISODE:  49
-------------------------------------
| time/                 |           |
|    fps                | 15        |
|    iterations         | 9600      |
|    time_elapsed       | 3114      |
|    total_timesteps    | 48000     |
| train/                |           |
|    entropy_loss       | -2.21     |
|    explained_variance | 0         |
|    learning_rate      | 0.0007    |
|    n_updates          | 9599      |
|    policy_loss        | 9.86e+03  |
|    reward             | 2088.8198 |
|    std                | 0.729     |
|    value_loss         | 4.58e+07  |
-------------------------------------
-------------------------------------
| time/                 |           |
|    fps                | 15        |
|    iterations         | 9700      |
|    time_elapsed       | 3146      |
|    total_timesteps    | 48500     |
| train/                |           |
|    entropy_loss       | -2.19     |
|    explained_variance | 0         |
|    learning_rate      | 0.0007    |
|    n_updates          | 9699      |
|    policy_loss        | 9.31e+03  |
|    reward             | 1361.0994 |
|    std                | 0.724     |
|    value_loss         | 2.03e+07  |
-------------------------------------
EPISODE:  50
------------------------------------
| time/                 |          |
|    fps                | 15       |
|    iterations         | 9800     |
|    time_elapsed       | 3179     |
|    total_timesteps    | 49000    |
| train/                |          |
|    entropy_loss       | -2.16    |
|    explained_variance | 1.19e-07 |
|    learning_rate      | 0.0007   |
|    n_updates          | 9799     |
|    policy_loss        | 1.6e+04  |
|    reward             | 2085.917 |
|    std                | 0.715    |
|    value_loss         | 4.57e+07 |
------------------------------------
-------------------------------------
| time/                 |           |
|    fps                | 15        |
|    iterations         | 9900      |
|    time_elapsed       | 3212      |
|    total_timesteps    | 49500     |
| train/                |           |
|    entropy_loss       | -2.15     |
|    explained_variance | 0         |
|    learning_rate      | 0.0007    |
|    n_updates          | 9899      |
|    policy_loss        | 9.99e+03  |
|    reward             | 1361.0994 |
|    std                | 0.71      |
|    value_loss         | 2.03e+07  |
-------------------------------------
EPISODE:  51
------------------------------------
| time/                 |          |
|    fps                | 15       |
|    iterations         | 10000    |
|    time_elapsed       | 3244     |
|    total_timesteps    | 50000    |
| train/                |          |
|    entropy_loss       | -2.14    |
|    explained_variance | 0        |
|    learning_rate      | 0.0007   |
|    n_updates          | 9999     |
|    policy_loss        | 1.08e+04 |
|    reward             | 2085.917 |
|    std                | 0.705    |
|    value_loss         | 4.57e+07 |
------------------------------------
-------------------------------------
| time/                 |           |
|    fps                | 15        |
|    iterations         | 10100     |
|    time_elapsed       | 3277      |
|    total_timesteps    | 50500     |
| train/                |           |
|    entropy_loss       | -2.15     |
|    explained_variance | -1.19e-07 |
|    learning_rate      | 0.0007    |
|    n_updates          | 10099     |
|    policy_loss        | 7.98e+03  |
|    reward             | 1361.0994 |
|    std                | 0.708     |
|    value_loss         | 2.03e+07  |
-------------------------------------
EPISODE:  52
------------------------------------
| time/                 |          |
|    fps                | 15       |
|    iterations         | 10200    |
|    time_elapsed       | 3310     |
|    total_timesteps    | 51000    |
| train/                |          |
|    entropy_loss       | -2.13    |
|    explained_variance | 0        |
|    learning_rate      | 0.0007   |
|    n_updates          | 10199    |
|    policy_loss        | 1.11e+04 |
|    reward             | 2085.917 |
|    std                | 0.701    |
|    value_loss         | 4.57e+07 |
------------------------------------
-------------------------------------
| time/                 |           |
|    fps                | 15        |
|    iterations         | 10300     |
|    time_elapsed       | 3343      |
|    total_timesteps    | 51500     |
| train/                |           |
|    entropy_loss       | -2.1      |
|    explained_variance | 0         |
|    learning_rate      | 0.0007    |
|    n_updates          | 10299     |
|    policy_loss        | 9.15e+03  |
|    reward             | 1361.0994 |
|    std                | 0.693     |
|    value_loss         | 2.03e+07  |
-------------------------------------
EPISODE:  53
-------------------------------------
| time/                 |           |
|    fps                | 15        |
|    iterations         | 10400     |
|    time_elapsed       | 3375      |
|    total_timesteps    | 52000     |
| train/                |           |
|    entropy_loss       | -2.09     |
|    explained_variance | -2.38e-07 |
|    learning_rate      | 0.0007    |
|    n_updates          | 10399     |
|    policy_loss        | 1.83e+04  |
|    reward             | 2085.917  |
|    std                | 0.69      |
|    value_loss         | 4.57e+07  |
-------------------------------------
-------------------------------------
| time/                 |           |
|    fps                | 15        |
|    iterations         | 10500     |
|    time_elapsed       | 3409      |
|    total_timesteps    | 52500     |
| train/                |           |
|    entropy_loss       | -2.09     |
|    explained_variance | 0         |
|    learning_rate      | 0.0007    |
|    n_updates          | 10499     |
|    policy_loss        | 1.01e+04  |
|    reward             | 1361.0994 |
|    std                | 0.688     |
|    value_loss         | 2.03e+07  |
-------------------------------------
EPISODE:  54
------------------------------------
| time/                 |          |
|    fps                | 15       |
|    iterations         | 10600    |
|    time_elapsed       | 3442     |
|    total_timesteps    | 53000    |
| train/                |          |
|    entropy_loss       | -2.08    |
|    explained_variance | 1.19e-07 |
|    learning_rate      | 0.0007   |
|    n_updates          | 10599    |
|    policy_loss        | 1.02e+04 |
|    reward             | 2085.917 |
|    std                | 0.686    |
|    value_loss         | 4.57e+07 |
------------------------------------
-------------------------------------
| time/                 |           |
|    fps                | 15        |
|    iterations         | 10700     |
|    time_elapsed       | 3475      |
|    total_timesteps    | 53500     |
| train/                |           |
|    entropy_loss       | -2.07     |
|    explained_variance | 1.19e-07  |
|    learning_rate      | 0.0007    |
|    n_updates          | 10699     |
|    policy_loss        | 7.97e+03  |
|    reward             | 1361.0994 |
|    std                | 0.68      |
|    value_loss         | 2.03e+07  |
-------------------------------------
EPISODE:  55
-------------------------------------
| time/                 |           |
|    fps                | 15        |
|    iterations         | 10800     |
|    time_elapsed       | 3507      |
|    total_timesteps    | 54000     |
| train/                |           |
|    entropy_loss       | -2.04     |
|    explained_variance | -1.19e-07 |
|    learning_rate      | 0.0007    |
|    n_updates          | 10799     |
|    policy_loss        | 1.64e+04  |
|    reward             | 2085.917  |
|    std                | 0.673     |
|    value_loss         | 4.57e+07  |
-------------------------------------
-------------------------------------
| time/                 |           |
|    fps                | 15        |
|    iterations         | 10900     |
|    time_elapsed       | 3540      |
|    total_timesteps    | 54500     |
| train/                |           |
|    entropy_loss       | -2.03     |
|    explained_variance | 1.19e-07  |
|    learning_rate      | 0.0007    |
|    n_updates          | 10899     |
|    policy_loss        | 1.14e+04  |
|    reward             | 1361.0994 |
|    std                | 0.668     |
|    value_loss         | 2.03e+07  |
-------------------------------------
EPISODE:  56
------------------------------------
| time/                 |          |
|    fps                | 15       |
|    iterations         | 11000    |
|    time_elapsed       | 3573     |
|    total_timesteps    | 55000    |
| train/                |          |
|    entropy_loss       | -2.01    |
|    explained_variance | 0        |
|    learning_rate      | 0.0007   |
|    n_updates          | 10999    |
|    policy_loss        | 2.67e+04 |
|    reward             | 2085.917 |
|    std                | 0.662    |
|    value_loss         | 4.56e+07 |
------------------------------------
-------------------------------------
| time/                 |           |
|    fps                | 15        |
|    iterations         | 11100     |
|    time_elapsed       | 3606      |
|    total_timesteps    | 55500     |
| train/                |           |
|    entropy_loss       | -2        |
|    explained_variance | -1.19e-07 |
|    learning_rate      | 0.0007    |
|    n_updates          | 11099     |
|    policy_loss        | 7.93e+03  |
|    reward             | 1361.0994 |
|    std                | 0.658     |
|    value_loss         | 2.03e+07  |
-------------------------------------
EPISODE:  57
------------------------------------
| time/                 |          |
|    fps                | 15       |
|    iterations         | 11200    |
|    time_elapsed       | 3638     |
|    total_timesteps    | 56000    |
| train/                |          |
|    entropy_loss       | -1.98    |
|    explained_variance | 0        |
|    learning_rate      | 0.0007   |
|    n_updates          | 11199    |
|    policy_loss        | 1.53e+04 |
|    reward             | 2085.917 |
|    std                | 0.65     |
|    value_loss         | 4.56e+07 |
------------------------------------
-------------------------------------
| time/                 |           |
|    fps                | 15        |
|    iterations         | 11300     |
|    time_elapsed       | 3671      |
|    total_timesteps    | 56500     |
| train/                |           |
|    entropy_loss       | -1.97     |
|    explained_variance | 1.19e-07  |
|    learning_rate      | 0.0007    |
|    n_updates          | 11299     |
|    policy_loss        | 9.2e+03   |
|    reward             | 1361.0994 |
|    std                | 0.648     |
|    value_loss         | 2.03e+07  |
-------------------------------------
EPISODE:  58
------------------------------------
| time/                 |          |
|    fps                | 15       |
|    iterations         | 11400    |
|    time_elapsed       | 3704     |
|    total_timesteps    | 57000    |
| train/                |          |
|    entropy_loss       | -1.95    |
|    explained_variance | 0        |
|    learning_rate      | 0.0007   |
|    n_updates          | 11399    |
|    policy_loss        | 1.05e+04 |
|    reward             | 2085.917 |
|    std                | 0.642    |
|    value_loss         | 4.56e+07 |
------------------------------------
-------------------------------------
| time/                 |           |
|    fps                | 15        |
|    iterations         | 11500     |
|    time_elapsed       | 3736      |
|    total_timesteps    | 57500     |
| train/                |           |
|    entropy_loss       | -1.91     |
|    explained_variance | 0         |
|    learning_rate      | 0.0007    |
|    n_updates          | 11499     |
|    policy_loss        | 1.03e+04  |
|    reward             | 1361.0994 |
|    std                | 0.63      |
|    value_loss         | 2.03e+07  |
-------------------------------------
EPISODE:  59
------------------------------------
| time/                 |          |
|    fps                | 15       |
|    iterations         | 11600    |
|    time_elapsed       | 3769     |
|    total_timesteps    | 58000    |
| train/                |          |
|    entropy_loss       | -1.93    |
|    explained_variance | 0        |
|    learning_rate      | 0.0007   |
|    n_updates          | 11599    |
|    policy_loss        | 1.88e+04 |
|    reward             | 2085.917 |
|    std                | 0.636    |
|    value_loss         | 4.56e+07 |
------------------------------------
-------------------------------------
| time/                 |           |
|    fps                | 15        |
|    iterations         | 11700     |
|    time_elapsed       | 3802      |
|    total_timesteps    | 58500     |
| train/                |           |
|    entropy_loss       | -1.92     |
|    explained_variance | 5.96e-08  |
|    learning_rate      | 0.0007    |
|    n_updates          | 11699     |
|    policy_loss        | 6.76e+03  |
|    reward             | 1361.0994 |
|    std                | 0.632     |
|    value_loss         | 2.03e+07  |
-------------------------------------
EPISODE:  60
-------------------------------------
| time/                 |           |
|    fps                | 15        |
|    iterations         | 11800     |
|    time_elapsed       | 3835      |
|    total_timesteps    | 59000     |
| train/                |           |
|    entropy_loss       | -1.92     |
|    explained_variance | -1.19e-07 |
|    learning_rate      | 0.0007    |
|    n_updates          | 11799     |
|    policy_loss        | 1.46e+04  |
|    reward             | 2085.917  |
|    std                | 0.631     |
|    value_loss         | 4.56e+07  |
-------------------------------------
-------------------------------------
| time/                 |           |
|    fps                | 15        |
|    iterations         | 11900     |
|    time_elapsed       | 3867      |
|    total_timesteps    | 59500     |
| train/                |           |
|    entropy_loss       | -1.9      |
|    explained_variance | -1.19e-07 |
|    learning_rate      | 0.0007    |
|    n_updates          | 11899     |
|    policy_loss        | 1.35e+04  |
|    reward             | 1361.0994 |
|    std                | 0.626     |
|    value_loss         | 2.03e+07  |
-------------------------------------
EPISODE:  61
-------------------------------------
| time/                 |           |
|    fps                | 15        |
|    iterations         | 12000     |
|    time_elapsed       | 3900      |
|    total_timesteps    | 60000     |
| train/                |           |
|    entropy_loss       | -1.9      |
|    explained_variance | 1.19e-07  |
|    learning_rate      | 0.0007    |
|    n_updates          | 11999     |
|    policy_loss        | 1.08e+04  |
|    reward             | 2091.2517 |
|    std                | 0.625     |
|    value_loss         | 4.59e+07  |
-------------------------------------
-------------------------------------
| time/                 |           |
|    fps                | 15        |
|    iterations         | 12100     |
|    time_elapsed       | 3933      |
|    total_timesteps    | 60500     |
| train/                |           |
|    entropy_loss       | -1.89     |
|    explained_variance | -1.19e-07 |
|    learning_rate      | 0.0007    |
|    n_updates          | 12099     |
|    policy_loss        | 9.17e+03  |
|    reward             | 1370.322  |
|    std                | 0.623     |
|    value_loss         | 2.06e+07  |
-------------------------------------
EPISODE:  62
------------------------------------
| time/                 |          |
|    fps                | 15       |
|    iterations         | 12200    |
|    time_elapsed       | 3966     |
|    total_timesteps    | 61000    |
| train/                |          |
|    entropy_loss       | -1.88    |
|    explained_variance | 0        |
|    learning_rate      | 0.0007   |
|    n_updates          | 12199    |
|    policy_loss        | 1.6e+04  |
|    reward             | 2200.446 |
|    std                | 0.621    |
|    value_loss         | 5.07e+07 |
------------------------------------
-------------------------------------
| time/                 |           |
|    fps                | 15        |
|    iterations         | 12300     |
|    time_elapsed       | 3998      |
|    total_timesteps    | 61500     |
| train/                |           |
|    entropy_loss       | -1.89     |
|    explained_variance | 0         |
|    learning_rate      | 0.0007    |
|    n_updates          | 12299     |
|    policy_loss        | 8.17e+03  |
|    reward             | 1281.1935 |
|    std                | 0.622     |
|    value_loss         | 1.82e+07  |
-------------------------------------
EPISODE:  63
------------------------------------
| time/                 |          |
|    fps                | 15       |
|    iterations         | 12400    |
|    time_elapsed       | 4031     |
|    total_timesteps    | 62000    |
| train/                |          |
|    entropy_loss       | -1.88    |
|    explained_variance | 0        |
|    learning_rate      | 0.0007   |
|    n_updates          | 12399    |
|    policy_loss        | 1.27e+04 |
|    reward             | 2107.221 |
|    std                | 0.62     |
|    value_loss         | 4.69e+07 |
------------------------------------
-------------------------------------
| time/                 |           |
|    fps                | 15        |
|    iterations         | 12500     |
|    time_elapsed       | 4064      |
|    total_timesteps    | 62500     |
| train/                |           |
|    entropy_loss       | -1.88     |
|    explained_variance | 0         |
|    learning_rate      | 0.0007    |
|    n_updates          | 12499     |
|    policy_loss        | 4.36e+03  |
|    reward             | 1408.9543 |
|    std                | 0.618     |
|    value_loss         | 2.18e+07  |
-------------------------------------
EPISODE:  64
-------------------------------------
| time/                 |           |
|    fps                | 15        |
|    iterations         | 12600     |
|    time_elapsed       | 4097      |
|    total_timesteps    | 63000     |
| train/                |           |
|    entropy_loss       | -1.86     |
|    explained_variance | -1.19e-07 |
|    learning_rate      | 0.0007    |
|    n_updates          | 12599     |
|    policy_loss        | 1.97e+04  |
|    reward             | 2172.402  |
|    std                | 0.615     |
|    value_loss         | 4.96e+07  |
-------------------------------------
-------------------------------------
| time/                 |           |
|    fps                | 15        |
|    iterations         | 12700     |
|    time_elapsed       | 4129      |
|    total_timesteps    | 63500     |
| train/                |           |
|    entropy_loss       | -1.83     |
|    explained_variance | 0         |
|    learning_rate      | 0.0007    |
|    n_updates          | 12699     |
|    policy_loss        | 6.15e+03  |
|    reward             | 1409.1448 |
|    std                | 0.604     |
|    value_loss         | 2.17e+07  |
-------------------------------------
EPISODE:  65
-------------------------------------
| time/                 |           |
|    fps                | 15        |
|    iterations         | 12800     |
|    time_elapsed       | 4162      |
|    total_timesteps    | 64000     |
| train/                |           |
|    entropy_loss       | -1.81     |
|    explained_variance | 0         |
|    learning_rate      | 0.0007    |
|    n_updates          | 12799     |
|    policy_loss        | 1.19e+04  |
|    reward             | 2140.7498 |
|    std                | 0.599     |
|    value_loss         | 4.81e+07  |
-------------------------------------
------------------------------------
| time/                 |          |
|    fps                | 15       |
|    iterations         | 12900    |
|    time_elapsed       | 4195     |
|    total_timesteps    | 64500    |
| train/                |          |
|    entropy_loss       | -1.79    |
|    explained_variance | 0        |
|    learning_rate      | 0.0007   |
|    n_updates          | 12899    |
|    policy_loss        | 6.8e+03  |
|    reward             | 1439.868 |
|    std                | 0.592    |
|    value_loss         | 2.26e+07 |
------------------------------------
EPISODE:  66
-------------------------------------
| time/                 |           |
|    fps                | 15        |
|    iterations         | 13000     |
|    time_elapsed       | 4228      |
|    total_timesteps    | 65000     |
| train/                |           |
|    entropy_loss       | -1.79     |
|    explained_variance | 5.96e-08  |
|    learning_rate      | 0.0007    |
|    n_updates          | 12999     |
|    policy_loss        | 1.69e+04  |
|    reward             | 2575.0632 |
|    std                | 0.593     |
|    value_loss         | 6.93e+07  |
-------------------------------------
-------------------------------------
| time/                 |           |
|    fps                | 15        |
|    iterations         | 13100     |
|    time_elapsed       | 4260      |
|    total_timesteps    | 65500     |
| train/                |           |
|    entropy_loss       | -1.75     |
|    explained_variance | 0         |
|    learning_rate      | 0.0007    |
|    n_updates          | 13099     |
|    policy_loss        | 8.27e+03  |
|    reward             | 1464.5126 |
|    std                | 0.582     |
|    value_loss         | 2.36e+07  |
-------------------------------------
EPISODE:  67
-------------------------------------
| time/                 |           |
|    fps                | 15        |
|    iterations         | 13200     |
|    time_elapsed       | 4293      |
|    total_timesteps    | 66000     |
| train/                |           |
|    entropy_loss       | -1.75     |
|    explained_variance | -1.19e-07 |
|    learning_rate      | 0.0007    |
|    n_updates          | 13199     |
|    policy_loss        | 1.6e+04   |
|    reward             | 2356.7625 |
|    std                | 0.58      |
|    value_loss         | 5.84e+07  |
-------------------------------------
------------------------------------
| time/                 |          |
|    fps                | 15       |
|    iterations         | 13300    |
|    time_elapsed       | 4327     |
|    total_timesteps    | 66500    |
| train/                |          |
|    entropy_loss       | -1.74    |
|    explained_variance | 0        |
|    learning_rate      | 0.0007   |
|    n_updates          | 13299    |
|    policy_loss        | 7.2e+03  |
|    reward             | 1432.506 |
|    std                | 0.579    |
|    value_loss         | 2.26e+07 |
------------------------------------
EPISODE:  68
------------------------------------
| time/                 |          |
|    fps                | 15       |
|    iterations         | 13400    |
|    time_elapsed       | 4360     |
|    total_timesteps    | 67000    |
| train/                |          |
|    entropy_loss       | -1.72    |
|    explained_variance | 0        |
|    learning_rate      | 0.0007   |
|    n_updates          | 13399    |
|    policy_loss        | 1.3e+04  |
|    reward             | 2367.191 |
|    std                | 0.573    |
|    value_loss         | 5.89e+07 |
------------------------------------
-------------------------------------
| time/                 |           |
|    fps                | 15        |
|    iterations         | 13500     |
|    time_elapsed       | 4393      |
|    total_timesteps    | 67500     |
| train/                |           |
|    entropy_loss       | -1.72     |
|    explained_variance | 0         |
|    learning_rate      | 0.0007    |
|    n_updates          | 13499     |
|    policy_loss        | 9.86e+03  |
|    reward             | 1446.9546 |
|    std                | 0.571     |
|    value_loss         | 2.3e+07   |
-------------------------------------
EPISODE:  69
-------------------------------------
| time/                 |           |
|    fps                | 15        |
|    iterations         | 13600     |
|    time_elapsed       | 4425      |
|    total_timesteps    | 68000     |
| train/                |           |
|    entropy_loss       | -1.69     |
|    explained_variance | 0         |
|    learning_rate      | 0.0007    |
|    n_updates          | 13599     |
|    policy_loss        | 1.71e+04  |
|    reward             | 2313.7004 |
|    std                | 0.563     |
|    value_loss         | 5.66e+07  |
-------------------------------------
-------------------------------------
| time/                 |           |
|    fps                | 15        |
|    iterations         | 13700     |
|    time_elapsed       | 4458      |
|    total_timesteps    | 68500     |
| train/                |           |
|    entropy_loss       | -1.68     |
|    explained_variance | 0         |
|    learning_rate      | 0.0007    |
|    n_updates          | 13699     |
|    policy_loss        | 7.89e+03  |
|    reward             | 1414.0513 |
|    std                | 0.559     |
|    value_loss         | 2.23e+07  |
-------------------------------------
EPISODE:  70
-------------------------------------
| time/                 |           |
|    fps                | 15        |
|    iterations         | 13800     |
|    time_elapsed       | 4491      |
|    total_timesteps    | 69000     |
| train/                |           |
|    entropy_loss       | -1.67     |
|    explained_variance | 1.19e-07  |
|    learning_rate      | 0.0007    |
|    n_updates          | 13799     |
|    policy_loss        | 7.91e+03  |
|    reward             | 2417.8794 |
|    std                | 0.556     |
|    value_loss         | 6.02e+07  |
-------------------------------------
-------------------------------------
| time/                 |           |
|    fps                | 15        |
|    iterations         | 13900     |
|    time_elapsed       | 4523      |
|    total_timesteps    | 69500     |
| train/                |           |
|    entropy_loss       | -1.67     |
|    explained_variance | 1.19e-07  |
|    learning_rate      | 0.0007    |
|    n_updates          | 13899     |
|    policy_loss        | 4.16e+03  |
|    reward             | 1447.4413 |
|    std                | 0.556     |
|    value_loss         | 2.3e+07   |
-------------------------------------
EPISODE:  71
-------------------------------------
| time/                 |           |
|    fps                | 15        |
|    iterations         | 14000     |
|    time_elapsed       | 4556      |
|    total_timesteps    | 70000     |
| train/                |           |
|    entropy_loss       | -1.65     |
|    explained_variance | -1.19e-07 |
|    learning_rate      | 0.0007    |
|    n_updates          | 13999     |
|    policy_loss        | 1.03e+04  |
|    reward             | 2239.2725 |
|    std                | 0.553     |
|    value_loss         | 5.27e+07  |
-------------------------------------
-------------------------------------
| time/                 |           |
|    fps                | 15        |
|    iterations         | 14100     |
|    time_elapsed       | 4589      |
|    total_timesteps    | 70500     |
| train/                |           |
|    entropy_loss       | -1.65     |
|    explained_variance | 0         |
|    learning_rate      | 0.0007    |
|    n_updates          | 14099     |
|    policy_loss        | 7.07e+03  |
|    reward             | 1384.3652 |
|    std                | 0.551     |
|    value_loss         | 2.1e+07   |
-------------------------------------
EPISODE:  72
-------------------------------------
| time/                 |           |
|    fps                | 15        |
|    iterations         | 14200     |
|    time_elapsed       | 4622      |
|    total_timesteps    | 71000     |
| train/                |           |
|    entropy_loss       | -1.64     |
|    explained_variance | -1.19e-07 |
|    learning_rate      | 0.0007    |
|    n_updates          | 14199     |
|    policy_loss        | 7.36e+03  |
|    reward             | 2144.5132 |
|    std                | 0.549     |
|    value_loss         | 4.82e+07  |
-------------------------------------
------------------------------------
| time/                 |          |
|    fps                | 15       |
|    iterations         | 14300    |
|    time_elapsed       | 4654     |
|    total_timesteps    | 71500    |
| train/                |          |
|    entropy_loss       | -1.65    |
|    explained_variance | 0        |
|    learning_rate      | 0.0007   |
|    n_updates          | 14299    |
|    policy_loss        | 4.8e+03  |
|    reward             | 1365.982 |
|    std                | 0.552    |
|    value_loss         | 2.04e+07 |
------------------------------------
EPISODE:  73
-------------------------------------
| time/                 |           |
|    fps                | 15        |
|    iterations         | 14400     |
|    time_elapsed       | 4687      |
|    total_timesteps    | 72000     |
| train/                |           |
|    entropy_loss       | -1.62     |
|    explained_variance | -1.19e-07 |
|    learning_rate      | 0.0007    |
|    n_updates          | 14399     |
|    policy_loss        | 1.12e+04  |
|    reward             | 2093.4    |
|    std                | 0.544     |
|    value_loss         | 4.59e+07  |
-------------------------------------
-------------------------------------
| time/                 |           |
|    fps                | 15        |
|    iterations         | 14500     |
|    time_elapsed       | 4720      |
|    total_timesteps    | 72500     |
| train/                |           |
|    entropy_loss       | -1.62     |
|    explained_variance | 5.96e-08  |
|    learning_rate      | 0.0007    |
|    n_updates          | 14499     |
|    policy_loss        | 8.78e+03  |
|    reward             | 1361.0994 |
|    std                | 0.545     |
|    value_loss         | 2.03e+07  |
-------------------------------------
EPISODE:  74
------------------------------------
| time/                 |          |
|    fps                | 15       |
|    iterations         | 14600    |
|    time_elapsed       | 4753     |
|    total_timesteps    | 73000    |
| train/                |          |
|    entropy_loss       | -1.62    |
|    explained_variance | 0        |
|    learning_rate      | 0.0007   |
|    n_updates          | 14599    |
|    policy_loss        | 9.22e+03 |
|    reward             | 2085.917 |
|    std                | 0.544    |
|    value_loss         | 4.56e+07 |
------------------------------------
-------------------------------------
| time/                 |           |
|    fps                | 15        |
|    iterations         | 14700     |
|    time_elapsed       | 4785      |
|    total_timesteps    | 73500     |
| train/                |           |
|    entropy_loss       | -1.62     |
|    explained_variance | 1.19e-07  |
|    learning_rate      | 0.0007    |
|    n_updates          | 14699     |
|    policy_loss        | 6.95e+03  |
|    reward             | 1361.0994 |
|    std                | 0.545     |
|    value_loss         | 2.03e+07  |
-------------------------------------
EPISODE:  75
-------------------------------------
| time/                 |           |
|    fps                | 15        |
|    iterations         | 14800     |
|    time_elapsed       | 4818      |
|    total_timesteps    | 74000     |
| train/                |           |
|    entropy_loss       | -1.6      |
|    explained_variance | -1.19e-07 |
|    learning_rate      | 0.0007    |
|    n_updates          | 14799     |
|    policy_loss        | 5.11e+03  |
|    reward             | 2085.917  |
|    std                | 0.539     |
|    value_loss         | 4.56e+07  |
-------------------------------------
-------------------------------------
| time/                 |           |
|    fps                | 15        |
|    iterations         | 14900     |
|    time_elapsed       | 4851      |
|    total_timesteps    | 74500     |
| train/                |           |
|    entropy_loss       | -1.57     |
|    explained_variance | -1.19e-07 |
|    learning_rate      | 0.0007    |
|    n_updates          | 14899     |
|    policy_loss        | 6.42e+03  |
|    reward             | 1361.0994 |
|    std                | 0.532     |
|    value_loss         | 2.03e+07  |
-------------------------------------
EPISODE:  76
------------------------------------
| time/                 |          |
|    fps                | 15       |
|    iterations         | 15000    |
|    time_elapsed       | 4884     |
|    total_timesteps    | 75000    |
| train/                |          |
|    entropy_loss       | -1.55    |
|    explained_variance | 0        |
|    learning_rate      | 0.0007   |
|    n_updates          | 14999    |
|    policy_loss        | 1.48e+04 |
|    reward             | 2085.917 |
|    std                | 0.527    |
|    value_loss         | 4.56e+07 |
------------------------------------
-------------------------------------
| time/                 |           |
|    fps                | 15        |
|    iterations         | 15100     |
|    time_elapsed       | 4916      |
|    total_timesteps    | 75500     |
| train/                |           |
|    entropy_loss       | -1.55     |
|    explained_variance | -1.19e-07 |
|    learning_rate      | 0.0007    |
|    n_updates          | 15099     |
|    policy_loss        | 6.17e+03  |
|    reward             | 1362.9089 |
|    std                | 0.524     |
|    value_loss         | 2.03e+07  |
-------------------------------------
EPISODE:  77
-------------------------------------
| time/                 |           |
|    fps                | 15        |
|    iterations         | 15200     |
|    time_elapsed       | 4949      |
|    total_timesteps    | 76000     |
| train/                |           |
|    entropy_loss       | -1.53     |
|    explained_variance | -1.19e-07 |
|    learning_rate      | 0.0007    |
|    n_updates          | 15199     |
|    policy_loss        | 1.08e+04  |
|    reward             | 2093.6624 |
|    std                | 0.521     |
|    value_loss         | 4.59e+07  |
-------------------------------------
------------------------------------
| time/                 |          |
|    fps                | 15       |
|    iterations         | 15300    |
|    time_elapsed       | 4982     |
|    total_timesteps    | 76500    |
| train/                |          |
|    entropy_loss       | -1.52    |
|    explained_variance | 2.38e-07 |
|    learning_rate      | 0.0007   |
|    n_updates          | 15299    |
|    policy_loss        | 8.53e+03 |
|    reward             | 1350.896 |
|    std                | 0.519    |
|    value_loss         | 1.99e+07 |
------------------------------------
EPISODE:  78
-------------------------------------
| time/                 |           |
|    fps                | 15        |
|    iterations         | 15400     |
|    time_elapsed       | 5015      |
|    total_timesteps    | 77000     |
| train/                |           |
|    entropy_loss       | -1.55     |
|    explained_variance | 1.19e-07  |
|    learning_rate      | 0.0007    |
|    n_updates          | 15399     |
|    policy_loss        | 1.39e+04  |
|    reward             | 2077.1777 |
|    std                | 0.525     |
|    value_loss         | 4.48e+07  |
-------------------------------------
-------------------------------------
| time/                 |           |
|    fps                | 15        |
|    iterations         | 15500     |
|    time_elapsed       | 5047      |
|    total_timesteps    | 77500     |
| train/                |           |
|    entropy_loss       | -1.54     |
|    explained_variance | 5.96e-08  |
|    learning_rate      | 0.0007    |
|    n_updates          | 15499     |
|    policy_loss        | 6.44e+03  |
|    reward             | 1360.0762 |
|    std                | 0.522     |
|    value_loss         | 2.02e+07  |
-------------------------------------
EPISODE:  79
-------------------------------------
| time/                 |           |
|    fps                | 15        |
|    iterations         | 15600     |
|    time_elapsed       | 5080      |
|    total_timesteps    | 78000     |
| train/                |           |
|    entropy_loss       | -1.54     |
|    explained_variance | 1.19e-07  |
|    learning_rate      | 0.0007    |
|    n_updates          | 15599     |
|    policy_loss        | 6.92e+03  |
|    reward             | 2084.2869 |
|    std                | 0.523     |
|    value_loss         | 4.55e+07  |
-------------------------------------
-------------------------------------
| time/                 |           |
|    fps                | 15        |
|    iterations         | 15700     |
|    time_elapsed       | 5113      |
|    total_timesteps    | 78500     |
| train/                |           |
|    entropy_loss       | -1.55     |
|    explained_variance | 0         |
|    learning_rate      | 0.0007    |
|    n_updates          | 15699     |
|    policy_loss        | 5.76e+03  |
|    reward             | 1360.9274 |
|    std                | 0.526     |
|    value_loss         | 2.02e+07  |
-------------------------------------
EPISODE:  80
-------------------------------------
| time/                 |           |
|    fps                | 15        |
|    iterations         | 15800     |
|    time_elapsed       | 5145      |
|    total_timesteps    | 79000     |
| train/                |           |
|    entropy_loss       | -1.54     |
|    explained_variance | -1.19e-07 |
|    learning_rate      | 0.0007    |
|    n_updates          | 15799     |
|    policy_loss        | 1.03e+04  |
|    reward             | 2086.0088 |
|    std                | 0.522     |
|    value_loss         | 4.56e+07  |
-------------------------------------
-------------------------------------
| time/                 |           |
|    fps                | 15        |
|    iterations         | 15900     |
|    time_elapsed       | 5178      |
|    total_timesteps    | 79500     |
| train/                |           |
|    entropy_loss       | -1.52     |
|    explained_variance | 0         |
|    learning_rate      | 0.0007    |
|    n_updates          | 15899     |
|    policy_loss        | 4.22e+03  |
|    reward             | 1361.0994 |
|    std                | 0.518     |
|    value_loss         | 2.02e+07  |
-------------------------------------
EPISODE:  81
------------------------------------
| time/                 |          |
|    fps                | 15       |
|    iterations         | 16000    |
|    time_elapsed       | 5211     |
|    total_timesteps    | 80000    |
| train/                |          |
|    entropy_loss       | -1.51    |
|    explained_variance | 0        |
|    learning_rate      | 0.0007   |
|    n_updates          | 15999    |
|    policy_loss        | 1.06e+04 |
|    reward             | 2085.917 |
|    std                | 0.515    |
|    value_loss         | 4.56e+07 |
------------------------------------
-------------------------------------
| time/                 |           |
|    fps                | 15        |
|    iterations         | 16100     |
|    time_elapsed       | 5244      |
|    total_timesteps    | 80500     |
| train/                |           |
|    entropy_loss       | -1.49     |
|    explained_variance | 0         |
|    learning_rate      | 0.0007    |
|    n_updates          | 16099     |
|    policy_loss        | 1.06e+04  |
|    reward             | 1361.0994 |
|    std                | 0.511     |
|    value_loss         | 2.02e+07  |
-------------------------------------
EPISODE:  82
------------------------------------
| time/                 |          |
|    fps                | 15       |
|    iterations         | 16200    |
|    time_elapsed       | 5278     |
|    total_timesteps    | 81000    |
| train/                |          |
|    entropy_loss       | -1.49    |
|    explained_variance | 0        |
|    learning_rate      | 0.0007   |
|    n_updates          | 16199    |
|    policy_loss        | 9.99e+03 |
|    reward             | 2085.917 |
|    std                | 0.511    |
|    value_loss         | 4.55e+07 |
------------------------------------
-------------------------------------
| time/                 |           |
|    fps                | 15        |
|    iterations         | 16300     |
|    time_elapsed       | 5310      |
|    total_timesteps    | 81500     |
| train/                |           |
|    entropy_loss       | -1.48     |
|    explained_variance | 0         |
|    learning_rate      | 0.0007    |
|    n_updates          | 16299     |
|    policy_loss        | 1.22e+04  |
|    reward             | 1361.0994 |
|    std                | 0.506     |
|    value_loss         | 2.02e+07  |
-------------------------------------
EPISODE:  83
------------------------------------
| time/                 |          |
|    fps                | 15       |
|    iterations         | 16400    |
|    time_elapsed       | 5343     |
|    total_timesteps    | 82000    |
| train/                |          |
|    entropy_loss       | -1.47    |
|    explained_variance | 1.19e-07 |
|    learning_rate      | 0.0007   |
|    n_updates          | 16399    |
|    policy_loss        | 7.19e+03 |
|    reward             | 2085.917 |
|    std                | 0.503    |
|    value_loss         | 4.55e+07 |
------------------------------------
-------------------------------------
| time/                 |           |
|    fps                | 15        |
|    iterations         | 16500     |
|    time_elapsed       | 5376      |
|    total_timesteps    | 82500     |
| train/                |           |
|    entropy_loss       | -1.45     |
|    explained_variance | 0         |
|    learning_rate      | 0.0007    |
|    n_updates          | 16499     |
|    policy_loss        | 5.3e+03   |
|    reward             | 1361.0994 |
|    std                | 0.499     |
|    value_loss         | 2.02e+07  |
-------------------------------------
EPISODE:  84
------------------------------------
| time/                 |          |
|    fps                | 15       |
|    iterations         | 16600    |
|    time_elapsed       | 5408     |
|    total_timesteps    | 83000    |
| train/                |          |
|    entropy_loss       | -1.43    |
|    explained_variance | 0        |
|    learning_rate      | 0.0007   |
|    n_updates          | 16599    |
|    policy_loss        | 1.13e+04 |
|    reward             | 2085.917 |
|    std                | 0.495    |
|    value_loss         | 4.55e+07 |
------------------------------------
-------------------------------------
| time/                 |           |
|    fps                | 15        |
|    iterations         | 16700     |
|    time_elapsed       | 5441      |
|    total_timesteps    | 83500     |
| train/                |           |
|    entropy_loss       | -1.43     |
|    explained_variance | 0         |
|    learning_rate      | 0.0007    |
|    n_updates          | 16699     |
|    policy_loss        | 3.27e+03  |
|    reward             | 1361.0994 |
|    std                | 0.496     |
|    value_loss         | 2.02e+07  |
-------------------------------------
EPISODE:  85
------------------------------------
| time/                 |          |
|    fps                | 15       |
|    iterations         | 16800    |
|    time_elapsed       | 5474     |
|    total_timesteps    | 84000    |
| train/                |          |
|    entropy_loss       | -1.42    |
|    explained_variance | 2.38e-07 |
|    learning_rate      | 0.0007   |
|    n_updates          | 16799    |
|    policy_loss        | 1.09e+04 |
|    reward             | 2085.917 |
|    std                | 0.492    |
|    value_loss         | 4.55e+07 |
------------------------------------
-------------------------------------
| time/                 |           |
|    fps                | 15        |
|    iterations         | 16900     |
|    time_elapsed       | 5507      |
|    total_timesteps    | 84500     |
| train/                |           |
|    entropy_loss       | -1.4      |
|    explained_variance | 0         |
|    learning_rate      | 0.0007    |
|    n_updates          | 16899     |
|    policy_loss        | 8.57e+03  |
|    reward             | 1361.0994 |
|    std                | 0.487     |
|    value_loss         | 2.02e+07  |
-------------------------------------
EPISODE:  86
------------------------------------
| time/                 |          |
|    fps                | 15       |
|    iterations         | 17000    |
|    time_elapsed       | 5540     |
|    total_timesteps    | 85000    |
| train/                |          |
|    entropy_loss       | -1.39    |
|    explained_variance | 5.96e-08 |
|    learning_rate      | 0.0007   |
|    n_updates          | 16999    |
|    policy_loss        | 5.97e+03 |
|    reward             | 2085.917 |
|    std                | 0.485    |
|    value_loss         | 4.55e+07 |
------------------------------------
-------------------------------------
| time/                 |           |
|    fps                | 15        |
|    iterations         | 17100     |
|    time_elapsed       | 5572      |
|    total_timesteps    | 85500     |
| train/                |           |
|    entropy_loss       | -1.37     |
|    explained_variance | 0         |
|    learning_rate      | 0.0007    |
|    n_updates          | 17099     |
|    policy_loss        | 5.3e+03   |
|    reward             | 1361.0994 |
|    std                | 0.48      |
|    value_loss         | 2.02e+07  |
-------------------------------------
EPISODE:  87
------------------------------------
| time/                 |          |
|    fps                | 15       |
|    iterations         | 17200    |
|    time_elapsed       | 5605     |
|    total_timesteps    | 86000    |
| train/                |          |
|    entropy_loss       | -1.34    |
|    explained_variance | 0        |
|    learning_rate      | 0.0007   |
|    n_updates          | 17199    |
|    policy_loss        | 1.01e+04 |
|    reward             | 2085.857 |
|    std                | 0.473    |
|    value_loss         | 4.55e+07 |
------------------------------------
-------------------------------------
| time/                 |           |
|    fps                | 15        |
|    iterations         | 17300     |
|    time_elapsed       | 5638      |
|    total_timesteps    | 86500     |
| train/                |           |
|    entropy_loss       | -1.33     |
|    explained_variance | 0         |
|    learning_rate      | 0.0007    |
|    n_updates          | 17299     |
|    policy_loss        | 2.62e+03  |
|    reward             | 1360.8757 |
|    std                | 0.471     |
|    value_loss         | 2.02e+07  |
-------------------------------------
EPISODE:  88
-------------------------------------
| time/                 |           |
|    fps                | 15        |
|    iterations         | 17400     |
|    time_elapsed       | 5671      |
|    total_timesteps    | 87000     |
| train/                |           |
|    entropy_loss       | -1.31     |
|    explained_variance | -1.19e-07 |
|    learning_rate      | 0.0007    |
|    n_updates          | 17399     |
|    policy_loss        | 3.68e+03  |
|    reward             | 2085.5742 |
|    std                | 0.465     |
|    value_loss         | 4.55e+07  |
-------------------------------------
-------------------------------------
| time/                 |           |
|    fps                | 15        |
|    iterations         | 17500     |
|    time_elapsed       | 5703      |
|    total_timesteps    | 87500     |
| train/                |           |
|    entropy_loss       | -1.3      |
|    explained_variance | 5.96e-08  |
|    learning_rate      | 0.0007    |
|    n_updates          | 17499     |
|    policy_loss        | 5.85e+03  |
|    reward             | 1361.0994 |
|    std                | 0.463     |
|    value_loss         | 2.02e+07  |
-------------------------------------
EPISODE:  89
------------------------------------
| time/                 |          |
|    fps                | 15       |
|    iterations         | 17600    |
|    time_elapsed       | 5736     |
|    total_timesteps    | 88000    |
| train/                |          |
|    entropy_loss       | -1.28    |
|    explained_variance | 0        |
|    learning_rate      | 0.0007   |
|    n_updates          | 17599    |
|    policy_loss        | 6.87e+03 |
|    reward             | 2085.917 |
|    std                | 0.458    |
|    value_loss         | 4.55e+07 |
------------------------------------
-------------------------------------
| time/                 |           |
|    fps                | 15        |
|    iterations         | 17700     |
|    time_elapsed       | 5769      |
|    total_timesteps    | 88500     |
| train/                |           |
|    entropy_loss       | -1.25     |
|    explained_variance | 0         |
|    learning_rate      | 0.0007    |
|    n_updates          | 17699     |
|    policy_loss        | 2.48e+03  |
|    reward             | 1361.0994 |
|    std                | 0.451     |
|    value_loss         | 2.02e+07  |
-------------------------------------
EPISODE:  90
------------------------------------
| time/                 |          |
|    fps                | 15       |
|    iterations         | 17800    |
|    time_elapsed       | 5802     |
|    total_timesteps    | 89000    |
| train/                |          |
|    entropy_loss       | -1.25    |
|    explained_variance | 0        |
|    learning_rate      | 0.0007   |
|    n_updates          | 17799    |
|    policy_loss        | 6.12e+03 |
|    reward             | 2085.917 |
|    std                | 0.452    |
|    value_loss         | 4.55e+07 |
------------------------------------
-------------------------------------
| time/                 |           |
|    fps                | 15        |
|    iterations         | 17900     |
|    time_elapsed       | 5834      |
|    total_timesteps    | 89500     |
| train/                |           |
|    entropy_loss       | -1.23     |
|    explained_variance | 0         |
|    learning_rate      | 0.0007    |
|    n_updates          | 17899     |
|    policy_loss        | 4.76e+03  |
|    reward             | 1361.0994 |
|    std                | 0.448     |
|    value_loss         | 2.02e+07  |
-------------------------------------
EPISODE:  91
-------------------------------------
| time/                 |           |
|    fps                | 15        |
|    iterations         | 18000     |
|    time_elapsed       | 5867      |
|    total_timesteps    | 90000     |
| train/                |           |
|    entropy_loss       | -1.21     |
|    explained_variance | 1.19e-07  |
|    learning_rate      | 0.0007    |
|    n_updates          | 17999     |
|    policy_loss        | 8.71e+03  |
|    reward             | 2083.7375 |
|    std                | 0.444     |
|    value_loss         | 4.54e+07  |
-------------------------------------
-------------------------------------
| time/                 |           |
|    fps                | 15        |
|    iterations         | 18100     |
|    time_elapsed       | 5900      |
|    total_timesteps    | 90500     |
| train/                |           |
|    entropy_loss       | -1.21     |
|    explained_variance | 0         |
|    learning_rate      | 0.0007    |
|    n_updates          | 18099     |
|    policy_loss        | 8.29e+03  |
|    reward             | 1361.0422 |
|    std                | 0.444     |
|    value_loss         | 2.02e+07  |
-------------------------------------
EPISODE:  92
-------------------------------------
| time/                 |           |
|    fps                | 15        |
|    iterations         | 18200     |
|    time_elapsed       | 5933      |
|    total_timesteps    | 91000     |
| train/                |           |
|    entropy_loss       | -1.18     |
|    explained_variance | -1.19e-07 |
|    learning_rate      | 0.0007    |
|    n_updates          | 18199     |
|    policy_loss        | 8.06e+03  |
|    reward             | 2085.8293 |
|    std                | 0.438     |
|    value_loss         | 4.55e+07  |
-------------------------------------
-------------------------------------
| time/                 |           |
|    fps                | 15        |
|    iterations         | 18300     |
|    time_elapsed       | 5966      |
|    total_timesteps    | 91500     |
| train/                |           |
|    entropy_loss       | -1.18     |
|    explained_variance | -1.19e-07 |
|    learning_rate      | 0.0007    |
|    n_updates          | 18299     |
|    policy_loss        | 5.28e+03  |
|    reward             | 1361.0994 |
|    std                | 0.436     |
|    value_loss         | 2.02e+07  |
-------------------------------------
EPISODE:  93
------------------------------------
| time/                 |          |
|    fps                | 15       |
|    iterations         | 18400    |
|    time_elapsed       | 5998     |
|    total_timesteps    | 92000    |
| train/                |          |
|    entropy_loss       | -1.15    |
|    explained_variance | 0        |
|    learning_rate      | 0.0007   |
|    n_updates          | 18399    |
|    policy_loss        | 5.94e+03 |
|    reward             | 2085.917 |
|    std                | 0.431    |
|    value_loss         | 4.55e+07 |
------------------------------------
-------------------------------------
| time/                 |           |
|    fps                | 15        |
|    iterations         | 18500     |
|    time_elapsed       | 6031      |
|    total_timesteps    | 92500     |
| train/                |           |
|    entropy_loss       | -1.12     |
|    explained_variance | 0         |
|    learning_rate      | 0.0007    |
|    n_updates          | 18499     |
|    policy_loss        | 5.65e+03  |
|    reward             | 1361.0994 |
|    std                | 0.423     |
|    value_loss         | 2.02e+07  |
-------------------------------------
EPISODE:  94
------------------------------------
| time/                 |          |
|    fps                | 15       |
|    iterations         | 18600    |
|    time_elapsed       | 6064     |
|    total_timesteps    | 93000    |
| train/                |          |
|    entropy_loss       | -1.1     |
|    explained_variance | 0        |
|    learning_rate      | 0.0007   |
|    n_updates          | 18599    |
|    policy_loss        | 4.08e+03 |
|    reward             | 2085.917 |
|    std                | 0.419    |
|    value_loss         | 4.55e+07 |
------------------------------------
-------------------------------------
| time/                 |           |
|    fps                | 15        |
|    iterations         | 18700     |
|    time_elapsed       | 6097      |
|    total_timesteps    | 93500     |
| train/                |           |
|    entropy_loss       | -1.08     |
|    explained_variance | -1.19e-07 |
|    learning_rate      | 0.0007    |
|    n_updates          | 18699     |
|    policy_loss        | 3.74e+03  |
|    reward             | 1361.0994 |
|    std                | 0.415     |
|    value_loss         | 2.02e+07  |
-------------------------------------
EPISODE:  95
------------------------------------
| time/                 |          |
|    fps                | 15       |
|    iterations         | 18800    |
|    time_elapsed       | 6129     |
|    total_timesteps    | 94000    |
| train/                |          |
|    entropy_loss       | -1.07    |
|    explained_variance | 0        |
|    learning_rate      | 0.0007   |
|    n_updates          | 18799    |
|    policy_loss        | 1.1e+04  |
|    reward             | 2085.917 |
|    std                | 0.413    |
|    value_loss         | 4.55e+07 |
------------------------------------
-------------------------------------
| time/                 |           |
|    fps                | 15        |
|    iterations         | 18900     |
|    time_elapsed       | 6162      |
|    total_timesteps    | 94500     |
| train/                |           |
|    entropy_loss       | -1.06     |
|    explained_variance | 0         |
|    learning_rate      | 0.0007    |
|    n_updates          | 18899     |
|    policy_loss        | 3.24e+03  |
|    reward             | 1361.0994 |
|    std                | 0.41      |
|    value_loss         | 2.02e+07  |
-------------------------------------
EPISODE:  96
------------------------------------
| time/                 |          |
|    fps                | 15       |
|    iterations         | 19000    |
|    time_elapsed       | 6196     |
|    total_timesteps    | 95000    |
| train/                |          |
|    entropy_loss       | -1.03    |
|    explained_variance | 0        |
|    learning_rate      | 0.0007   |
|    n_updates          | 18999    |
|    policy_loss        | 4.68e+03 |
|    reward             | 2085.917 |
|    std                | 0.405    |
|    value_loss         | 4.55e+07 |
------------------------------------
-------------------------------------
| time/                 |           |
|    fps                | 15        |
|    iterations         | 19100     |
|    time_elapsed       | 6229      |
|    total_timesteps    | 95500     |
| train/                |           |
|    entropy_loss       | -0.999    |
|    explained_variance | 1.19e-07  |
|    learning_rate      | 0.0007    |
|    n_updates          | 19099     |
|    policy_loss        | 2.71e+03  |
|    reward             | 1361.0994 |
|    std                | 0.399     |
|    value_loss         | 2.02e+07  |
-------------------------------------
EPISODE:  97
------------------------------------
| time/                 |          |
|    fps                | 15       |
|    iterations         | 19200    |
|    time_elapsed       | 6262     |
|    total_timesteps    | 96000    |
| train/                |          |
|    entropy_loss       | -0.983   |
|    explained_variance | 1.19e-07 |
|    learning_rate      | 0.0007   |
|    n_updates          | 19199    |
|    policy_loss        | 4.08e+03 |
|    reward             | 2085.917 |
|    std                | 0.396    |
|    value_loss         | 4.55e+07 |
------------------------------------
-------------------------------------
| time/                 |           |
|    fps                | 15        |
|    iterations         | 19300     |
|    time_elapsed       | 6294      |
|    total_timesteps    | 96500     |
| train/                |           |
|    entropy_loss       | -0.978    |
|    explained_variance | 0         |
|    learning_rate      | 0.0007    |
|    n_updates          | 19299     |
|    policy_loss        | 3.5e+03   |
|    reward             | 1361.0994 |
|    std                | 0.395     |
|    value_loss         | 2.02e+07  |
-------------------------------------
EPISODE:  98
------------------------------------
| time/                 |          |
|    fps                | 15       |
|    iterations         | 19400    |
|    time_elapsed       | 6327     |
|    total_timesteps    | 97000    |
| train/                |          |
|    entropy_loss       | -0.958   |
|    explained_variance | 0        |
|    learning_rate      | 0.0007   |
|    n_updates          | 19399    |
|    policy_loss        | 9.4e+03  |
|    reward             | 2085.917 |
|    std                | 0.391    |
|    value_loss         | 4.55e+07 |
------------------------------------
-------------------------------------
| time/                 |           |
|    fps                | 15        |
|    iterations         | 19500     |
|    time_elapsed       | 6360      |
|    total_timesteps    | 97500     |
| train/                |           |
|    entropy_loss       | -0.951    |
|    explained_variance | 0         |
|    learning_rate      | 0.0007    |
|    n_updates          | 19499     |
|    policy_loss        | 7.02e+03  |
|    reward             | 1361.0994 |
|    std                | 0.39      |
|    value_loss         | 2.02e+07  |
-------------------------------------
EPISODE:  99
-------------------------------------
| time/                 |           |
|    fps                | 15        |
|    iterations         | 19600     |
|    time_elapsed       | 6393      |
|    total_timesteps    | 98000     |
| train/                |           |
|    entropy_loss       | -0.952    |
|    explained_variance | -1.19e-07 |
|    learning_rate      | 0.0007    |
|    n_updates          | 19599     |
|    policy_loss        | 7.55e+03  |
|    reward             | 2085.917  |
|    std                | 0.39      |
|    value_loss         | 4.55e+07  |
-------------------------------------
-------------------------------------
| time/                 |           |
|    fps                | 15        |
|    iterations         | 19700     |
|    time_elapsed       | 6425      |
|    total_timesteps    | 98500     |
| train/                |           |
|    entropy_loss       | -0.943    |
|    explained_variance | 0         |
|    learning_rate      | 0.0007    |
|    n_updates          | 19699     |
|    policy_loss        | 3.94e+03  |
|    reward             | 1361.0994 |
|    std                | 0.389     |
|    value_loss         | 2.02e+07  |
-------------------------------------
EPISODE:  100
------------------------------------
| time/                 |          |
|    fps                | 15       |
|    iterations         | 19800    |
|    time_elapsed       | 6458     |
|    total_timesteps    | 99000    |
| train/                |          |
|    entropy_loss       | -0.921   |
|    explained_variance | 0        |
|    learning_rate      | 0.0007   |
|    n_updates          | 19799    |
|    policy_loss        | 1.13e+04 |
|    reward             | 2085.917 |
|    std                | 0.385    |
|    value_loss         | 4.55e+07 |
------------------------------------
-------------------------------------
| time/                 |           |
|    fps                | 15        |
|    iterations         | 19900     |
|    time_elapsed       | 6491      |
|    total_timesteps    | 99500     |
| train/                |           |
|    entropy_loss       | -0.917    |
|    explained_variance | 5.96e-08  |
|    learning_rate      | 0.0007    |
|    n_updates          | 19899     |
|    policy_loss        | 1e+03     |
|    reward             | 1361.0994 |
|    std                | 0.383     |
|    value_loss         | 2.02e+07  |
-------------------------------------
EPISODE:  101
-------------------------------------
| time/                 |           |
|    fps                | 15        |
|    iterations         | 20000     |
|    time_elapsed       | 6524      |
|    total_timesteps    | 100000    |
| train/                |           |
|    entropy_loss       | -0.904    |
|    explained_variance | -1.19e-07 |
|    learning_rate      | 0.0007    |
|    n_updates          | 19999     |
|    policy_loss        | 4.51e+03  |
|    reward             | 2085.917  |
|    std                | 0.381     |
|    value_loss         | 4.55e+07  |
-------------------------------------
-------------------------------------
| time/                 |           |
|    fps                | 15        |
|    iterations         | 20100     |
|    time_elapsed       | 6556      |
|    total_timesteps    | 100500    |
| train/                |           |
|    entropy_loss       | -0.887    |
|    explained_variance | 0         |
|    learning_rate      | 0.0007    |
|    n_updates          | 20099     |
|    policy_loss        | 3.15e+03  |
|    reward             | 1361.0994 |
|    std                | 0.378     |
|    value_loss         | 2.02e+07  |
-------------------------------------
EPISODE:  102
------------------------------------
| time/                 |          |
|    fps                | 15       |
|    iterations         | 20200    |
|    time_elapsed       | 6589     |
|    total_timesteps    | 101000   |
| train/                |          |
|    entropy_loss       | -0.884   |
|    explained_variance | 0        |
|    learning_rate      | 0.0007   |
|    n_updates          | 20199    |
|    policy_loss        | 9.6e+03  |
|    reward             | 2085.917 |
|    std                | 0.377    |
|    value_loss         | 4.55e+07 |
------------------------------------
-------------------------------------
| time/                 |           |
|    fps                | 15        |
|    iterations         | 20300     |
|    time_elapsed       | 6622      |
|    total_timesteps    | 101500    |
| train/                |           |
|    entropy_loss       | -0.867    |
|    explained_variance | 0         |
|    learning_rate      | 0.0007    |
|    n_updates          | 20299     |
|    policy_loss        | 3.19e+03  |
|    reward             | 1361.0994 |
|    std                | 0.374     |
|    value_loss         | 2.02e+07  |
-------------------------------------
EPISODE:  103
------------------------------------
| time/                 |          |
|    fps                | 15       |
|    iterations         | 20400    |
|    time_elapsed       | 6655     |
|    total_timesteps    | 102000   |
| train/                |          |
|    entropy_loss       | -0.858   |
|    explained_variance | 1.19e-07 |
|    learning_rate      | 0.0007   |
|    n_updates          | 20399    |
|    policy_loss        | 1.21e+04 |
|    reward             | 2085.917 |
|    std                | 0.373    |
|    value_loss         | 4.55e+07 |
------------------------------------
-------------------------------------
| time/                 |           |
|    fps                | 15        |
|    iterations         | 20500     |
|    time_elapsed       | 6687      |
|    total_timesteps    | 102500    |
| train/                |           |
|    entropy_loss       | -0.853    |
|    explained_variance | -1.19e-07 |
|    learning_rate      | 0.0007    |
|    n_updates          | 20499     |
|    policy_loss        | 3.75e+03  |
|    reward             | 1361.0994 |
|    std                | 0.372     |
|    value_loss         | 2.02e+07  |
-------------------------------------
EPISODE:  104
------------------------------------
| time/                 |          |
|    fps                | 15       |
|    iterations         | 20600    |
|    time_elapsed       | 6720     |
|    total_timesteps    | 103000   |
| train/                |          |
|    entropy_loss       | -0.842   |
|    explained_variance | 1.19e-07 |
|    learning_rate      | 0.0007   |
|    n_updates          | 20599    |
|    policy_loss        | 3.71e+03 |
|    reward             | 2085.917 |
|    std                | 0.369    |
|    value_loss         | 4.55e+07 |
------------------------------------
-------------------------------------
| time/                 |           |
|    fps                | 15        |
|    iterations         | 20700     |
|    time_elapsed       | 6753      |
|    total_timesteps    | 103500    |
| train/                |           |
|    entropy_loss       | -0.837    |
|    explained_variance | 5.96e-08  |
|    learning_rate      | 0.0007    |
|    n_updates          | 20699     |
|    policy_loss        | 2.35e+03  |
|    reward             | 1361.0994 |
|    std                | 0.368     |
|    value_loss         | 2.02e+07  |
-------------------------------------
EPISODE:  105
-------------------------------------
| time/                 |           |
|    fps                | 15        |
|    iterations         | 20800     |
|    time_elapsed       | 6786      |
|    total_timesteps    | 104000    |
| train/                |           |
|    entropy_loss       | -0.812    |
|    explained_variance | -1.19e-07 |
|    learning_rate      | 0.0007    |
|    n_updates          | 20799     |
|    policy_loss        | 5.27e+03  |
|    reward             | 2085.917  |
|    std                | 0.364     |
|    value_loss         | 4.55e+07  |
-------------------------------------
-------------------------------------
| time/                 |           |
|    fps                | 15        |
|    iterations         | 20900     |
|    time_elapsed       | 6818      |
|    total_timesteps    | 104500    |
| train/                |           |
|    entropy_loss       | -0.795    |
|    explained_variance | 5.96e-08  |
|    learning_rate      | 0.0007    |
|    n_updates          | 20899     |
|    policy_loss        | 3.4e+03   |
|    reward             | 1361.0994 |
|    std                | 0.361     |
|    value_loss         | 2.02e+07  |
-------------------------------------
EPISODE:  106
------------------------------------
| time/                 |          |
|    fps                | 15       |
|    iterations         | 21000    |
|    time_elapsed       | 6851     |
|    total_timesteps    | 105000   |
| train/                |          |
|    entropy_loss       | -0.777   |
|    explained_variance | 0        |
|    learning_rate      | 0.0007   |
|    n_updates          | 20999    |
|    policy_loss        | 3.27e+03 |
|    reward             | 2085.917 |
|    std                | 0.357    |
|    value_loss         | 4.55e+07 |
------------------------------------
-------------------------------------
| time/                 |           |
|    fps                | 15        |
|    iterations         | 21100     |
|    time_elapsed       | 6884      |
|    total_timesteps    | 105500    |
| train/                |           |
|    entropy_loss       | -0.752    |
|    explained_variance | -1.19e-07 |
|    learning_rate      | 0.0007    |
|    n_updates          | 21099     |
|    policy_loss        | 2.82e+03  |
|    reward             | 1361.0994 |
|    std                | 0.353     |
|    value_loss         | 2.02e+07  |
-------------------------------------
EPISODE:  107
-------------------------------------
| time/                 |           |
|    fps                | 15        |
|    iterations         | 21200     |
|    time_elapsed       | 6917      |
|    total_timesteps    | 106000    |
| train/                |           |
|    entropy_loss       | -0.734    |
|    explained_variance | -1.19e-07 |
|    learning_rate      | 0.0007    |
|    n_updates          | 21199     |
|    policy_loss        | 2.67e+03  |
|    reward             | 2085.917  |
|    std                | 0.35      |
|    value_loss         | 4.55e+07  |
-------------------------------------
-------------------------------------
| time/                 |           |
|    fps                | 15        |
|    iterations         | 21300     |
|    time_elapsed       | 6949      |
|    total_timesteps    | 106500    |
| train/                |           |
|    entropy_loss       | -0.712    |
|    explained_variance | 0         |
|    learning_rate      | 0.0007    |
|    n_updates          | 21299     |
|    policy_loss        | 7.88e+03  |
|    reward             | 1361.0994 |
|    std                | 0.347     |
|    value_loss         | 2.02e+07  |
-------------------------------------
EPISODE:  108
-------------------------------------
| time/                 |           |
|    fps                | 15        |
|    iterations         | 21400     |
|    time_elapsed       | 6982      |
|    total_timesteps    | 107000    |
| train/                |           |
|    entropy_loss       | -0.711    |
|    explained_variance | -1.19e-07 |
|    learning_rate      | 0.0007    |
|    n_updates          | 21399     |
|    policy_loss        | 3.21e+03  |
|    reward             | 2085.917  |
|    std                | 0.346     |
|    value_loss         | 4.54e+07  |
-------------------------------------
-------------------------------------
| time/                 |           |
|    fps                | 15        |
|    iterations         | 21500     |
|    time_elapsed       | 7015      |
|    total_timesteps    | 107500    |
| train/                |           |
|    entropy_loss       | -0.712    |
|    explained_variance | -1.19e-07 |
|    learning_rate      | 0.0007    |
|    n_updates          | 21499     |
|    policy_loss        | 1.86e+03  |
|    reward             | 1361.0994 |
|    std                | 0.347     |
|    value_loss         | 2.02e+07  |
-------------------------------------
EPISODE:  109
------------------------------------
| time/                 |          |
|    fps                | 15       |
|    iterations         | 21600    |
|    time_elapsed       | 7048     |
|    total_timesteps    | 108000   |
| train/                |          |
|    entropy_loss       | -0.694   |
|    explained_variance | 0        |
|    learning_rate      | 0.0007   |
|    n_updates          | 21599    |
|    policy_loss        | 2.54e+03 |
|    reward             | 2085.917 |
|    std                | 0.343    |
|    value_loss         | 4.54e+07 |
------------------------------------
-------------------------------------
| time/                 |           |
|    fps                | 15        |
|    iterations         | 21700     |
|    time_elapsed       | 7081      |
|    total_timesteps    | 108500    |
| train/                |           |
|    entropy_loss       | -0.678    |
|    explained_variance | 0         |
|    learning_rate      | 0.0007    |
|    n_updates          | 21699     |
|    policy_loss        | 5.13e+03  |
|    reward             | 1361.0994 |
|    std                | 0.341     |
|    value_loss         | 2.02e+07  |
-------------------------------------
EPISODE:  110
-------------------------------------
| time/                 |           |
|    fps                | 15        |
|    iterations         | 21800     |
|    time_elapsed       | 7114      |
|    total_timesteps    | 109000    |
| train/                |           |
|    entropy_loss       | -0.649    |
|    explained_variance | -1.19e-07 |
|    learning_rate      | 0.0007    |
|    n_updates          | 21799     |
|    policy_loss        | -491      |
|    reward             | 2085.917  |
|    std                | 0.336     |
|    value_loss         | 4.54e+07  |
-------------------------------------
-------------------------------------
| time/                 |           |
|    fps                | 15        |
|    iterations         | 21900     |
|    time_elapsed       | 7147      |
|    total_timesteps    | 109500    |
| train/                |           |
|    entropy_loss       | -0.632    |
|    explained_variance | 0         |
|    learning_rate      | 0.0007    |
|    n_updates          | 21899     |
|    policy_loss        | 570       |
|    reward             | 1361.0994 |
|    std                | 0.333     |
|    value_loss         | 2.02e+07  |
-------------------------------------
EPISODE:  111
------------------------------------
| time/                 |          |
|    fps                | 15       |
|    iterations         | 22000    |
|    time_elapsed       | 7180     |
|    total_timesteps    | 110000   |
| train/                |          |
|    entropy_loss       | -0.624   |
|    explained_variance | 1.19e-07 |
|    learning_rate      | 0.0007   |
|    n_updates          | 21999    |
|    policy_loss        | 3.21e+03 |
|    reward             | 2085.917 |
|    std                | 0.331    |
|    value_loss         | 4.54e+07 |
------------------------------------
-------------------------------------
| time/                 |           |
|    fps                | 15        |
|    iterations         | 22100     |
|    time_elapsed       | 7213      |
|    total_timesteps    | 110500    |
| train/                |           |
|    entropy_loss       | -0.596    |
|    explained_variance | 0         |
|    learning_rate      | 0.0007    |
|    n_updates          | 22099     |
|    policy_loss        | 5.18e+03  |
|    reward             | 1361.0994 |
|    std                | 0.327     |
|    value_loss         | 2.02e+07  |
-------------------------------------
EPISODE:  112
------------------------------------
| time/                 |          |
|    fps                | 15       |
|    iterations         | 22200    |
|    time_elapsed       | 7245     |
|    total_timesteps    | 111000   |
| train/                |          |
|    entropy_loss       | -0.563   |
|    explained_variance | 0        |
|    learning_rate      | 0.0007   |
|    n_updates          | 22199    |
|    policy_loss        | -654     |
|    reward             | 2085.917 |
|    std                | 0.321    |
|    value_loss         | 4.54e+07 |
------------------------------------
-------------------------------------
| time/                 |           |
|    fps                | 15        |
|    iterations         | 22300     |
|    time_elapsed       | 7278      |
|    total_timesteps    | 111500    |
| train/                |           |
|    entropy_loss       | -0.537    |
|    explained_variance | 0         |
|    learning_rate      | 0.0007    |
|    n_updates          | 22299     |
|    policy_loss        | 2.47e+03  |
|    reward             | 1361.0994 |
|    std                | 0.317     |
|    value_loss         | 2.02e+07  |
-------------------------------------
EPISODE:  113
------------------------------------
| time/                 |          |
|    fps                | 15       |
|    iterations         | 22400    |
|    time_elapsed       | 7311     |
|    total_timesteps    | 112000   |
| train/                |          |
|    entropy_loss       | -0.502   |
|    explained_variance | 0        |
|    learning_rate      | 0.0007   |
|    n_updates          | 22399    |
|    policy_loss        | 2.48e+03 |
|    reward             | 2085.917 |
|    std                | 0.311    |
|    value_loss         | 4.54e+07 |
------------------------------------
-------------------------------------
| time/                 |           |
|    fps                | 15        |
|    iterations         | 22500     |
|    time_elapsed       | 7344      |
|    total_timesteps    | 112500    |
| train/                |           |
|    entropy_loss       | -0.469    |
|    explained_variance | 0         |
|    learning_rate      | 0.0007    |
|    n_updates          | 22499     |
|    policy_loss        | 5.04e+03  |
|    reward             | 1361.0994 |
|    std                | 0.307     |
|    value_loss         | 2.02e+07  |
-------------------------------------
EPISODE:  114
------------------------------------
| time/                 |          |
|    fps                | 15       |
|    iterations         | 22600    |
|    time_elapsed       | 7376     |
|    total_timesteps    | 113000   |
| train/                |          |
|    entropy_loss       | -0.464   |
|    explained_variance | 0        |
|    learning_rate      | 0.0007   |
|    n_updates          | 22599    |
|    policy_loss        | 430      |
|    reward             | 2085.917 |
|    std                | 0.305    |
|    value_loss         | 4.54e+07 |
------------------------------------
-------------------------------------
| time/                 |           |
|    fps                | 15        |
|    iterations         | 22700     |
|    time_elapsed       | 7409      |
|    total_timesteps    | 113500    |
| train/                |           |
|    entropy_loss       | -0.443    |
|    explained_variance | 0         |
|    learning_rate      | 0.0007    |
|    n_updates          | 22699     |
|    policy_loss        | 1.56e+03  |
|    reward             | 1361.0994 |
|    std                | 0.302     |
|    value_loss         | 2.02e+07  |
-------------------------------------
EPISODE:  115
------------------------------------
| time/                 |          |
|    fps                | 15       |
|    iterations         | 22800    |
|    time_elapsed       | 7442     |
|    total_timesteps    | 114000   |
| train/                |          |
|    entropy_loss       | -0.43    |
|    explained_variance | 0        |
|    learning_rate      | 0.0007   |
|    n_updates          | 22799    |
|    policy_loss        | 2.16e+03 |
|    reward             | 2085.917 |
|    std                | 0.3      |
|    value_loss         | 4.54e+07 |
------------------------------------
-------------------------------------
| time/                 |           |
|    fps                | 15        |
|    iterations         | 22900     |
|    time_elapsed       | 7475      |
|    total_timesteps    | 114500    |
| train/                |           |
|    entropy_loss       | -0.41     |
|    explained_variance | 2.38e-07  |
|    learning_rate      | 0.0007    |
|    n_updates          | 22899     |
|    policy_loss        | 3.55e+03  |
|    reward             | 1361.0994 |
|    std                | 0.298     |
|    value_loss         | 2.02e+07  |
-------------------------------------
EPISODE:  116
------------------------------------
| time/                 |          |
|    fps                | 15       |
|    iterations         | 23000    |
|    time_elapsed       | 7507     |
|    total_timesteps    | 115000   |
| train/                |          |
|    entropy_loss       | -0.382   |
|    explained_variance | 5.96e-08 |
|    learning_rate      | 0.0007   |
|    n_updates          | 22999    |
|    policy_loss        | 867      |
|    reward             | 2085.917 |
|    std                | 0.293    |
|    value_loss         | 4.54e+07 |
------------------------------------
-------------------------------------
| time/                 |           |
|    fps                | 15        |
|    iterations         | 23100     |
|    time_elapsed       | 7540      |
|    total_timesteps    | 115500    |
| train/                |           |
|    entropy_loss       | -0.377    |
|    explained_variance | 0         |
|    learning_rate      | 0.0007    |
|    n_updates          | 23099     |
|    policy_loss        | 45.3      |
|    reward             | 1361.0994 |
|    std                | 0.292     |
|    value_loss         | 2.02e+07  |
-------------------------------------
EPISODE:  117
------------------------------------
| time/                 |          |
|    fps                | 15       |
|    iterations         | 23200    |
|    time_elapsed       | 7573     |
|    total_timesteps    | 116000   |
| train/                |          |
|    entropy_loss       | -0.358   |
|    explained_variance | 0        |
|    learning_rate      | 0.0007   |
|    n_updates          | 23199    |
|    policy_loss        | 2.52e+03 |
|    reward             | 2085.917 |
|    std                | 0.29     |
|    value_loss         | 4.54e+07 |
------------------------------------
-------------------------------------
| time/                 |           |
|    fps                | 15        |
|    iterations         | 23300     |
|    time_elapsed       | 7606      |
|    total_timesteps    | 116500    |
| train/                |           |
|    entropy_loss       | -0.362    |
|    explained_variance | 0         |
|    learning_rate      | 0.0007    |
|    n_updates          | 23299     |
|    policy_loss        | 2.82e+03  |
|    reward             | 1361.0994 |
|    std                | 0.291     |
|    value_loss         | 2.02e+07  |
-------------------------------------
EPISODE:  118
------------------------------------
| time/                 |          |
|    fps                | 15       |
|    iterations         | 23400    |
|    time_elapsed       | 7638     |
|    total_timesteps    | 117000   |
| train/                |          |
|    entropy_loss       | -0.332   |
|    explained_variance | 5.96e-08 |
|    learning_rate      | 0.0007   |
|    n_updates          | 23399    |
|    policy_loss        | -366     |
|    reward             | 2085.917 |
|    std                | 0.286    |
|    value_loss         | 4.54e+07 |
------------------------------------
-------------------------------------
| time/                 |           |
|    fps                | 15        |
|    iterations         | 23500     |
|    time_elapsed       | 7671      |
|    total_timesteps    | 117500    |
| train/                |           |
|    entropy_loss       | -0.326    |
|    explained_variance | -1.19e-07 |
|    learning_rate      | 0.0007    |
|    n_updates          | 23499     |
|    policy_loss        | 1.42e+03  |
|    reward             | 1361.0994 |
|    std                | 0.285     |
|    value_loss         | 2.01e+07  |
-------------------------------------
EPISODE:  119
-------------------------------------
| time/                 |           |
|    fps                | 15        |
|    iterations         | 23600     |
|    time_elapsed       | 7704      |
|    total_timesteps    | 118000    |
| train/                |           |
|    entropy_loss       | -0.306    |
|    explained_variance | -2.38e-07 |
|    learning_rate      | 0.0007    |
|    n_updates          | 23599     |
|    policy_loss        | -1.98e+03 |
|    reward             | 2085.917  |
|    std                | 0.282     |
|    value_loss         | 4.54e+07  |
-------------------------------------
-------------------------------------
| time/                 |           |
|    fps                | 15        |
|    iterations         | 23700     |
|    time_elapsed       | 7737      |
|    total_timesteps    | 118500    |
| train/                |           |
|    entropy_loss       | -0.282    |
|    explained_variance | 0         |
|    learning_rate      | 0.0007    |
|    n_updates          | 23699     |
|    policy_loss        | -2.2e+03  |
|    reward             | 1361.0994 |
|    std                | 0.279     |
|    value_loss         | 2.01e+07  |
-------------------------------------
EPISODE:  120
------------------------------------
| time/                 |          |
|    fps                | 15       |
|    iterations         | 23800    |
|    time_elapsed       | 7770     |
|    total_timesteps    | 119000   |
| train/                |          |
|    entropy_loss       | -0.238   |
|    explained_variance | 0        |
|    learning_rate      | 0.0007   |
|    n_updates          | 23799    |
|    policy_loss        | 7.99e+03 |
|    reward             | 2085.917 |
|    std                | 0.274    |
|    value_loss         | 4.54e+07 |
------------------------------------
-------------------------------------
| time/                 |           |
|    fps                | 15        |
|    iterations         | 23900     |
|    time_elapsed       | 7802      |
|    total_timesteps    | 119500    |
| train/                |           |
|    entropy_loss       | -0.209    |
|    explained_variance | 0         |
|    learning_rate      | 0.0007    |
|    n_updates          | 23899     |
|    policy_loss        | 16.3      |
|    reward             | 1361.0994 |
|    std                | 0.27      |
|    value_loss         | 2.01e+07  |
-------------------------------------
EPISODE:  121
------------------------------------
| time/                 |          |
|    fps                | 15       |
|    iterations         | 24000    |
|    time_elapsed       | 7835     |
|    total_timesteps    | 120000   |
| train/                |          |
|    entropy_loss       | -0.197   |
|    explained_variance | 1.79e-07 |
|    learning_rate      | 0.0007   |
|    n_updates          | 23999    |
|    policy_loss        | 2.05e+03 |
|    reward             | 2085.917 |
|    std                | 0.268    |
|    value_loss         | 4.54e+07 |
------------------------------------
-------------------------------------
| time/                 |           |
|    fps                | 15        |
|    iterations         | 24100     |
|    time_elapsed       | 7868      |
|    total_timesteps    | 120500    |
| train/                |           |
|    entropy_loss       | -0.193    |
|    explained_variance | 0         |
|    learning_rate      | 0.0007    |
|    n_updates          | 24099     |
|    policy_loss        | 1.78e+03  |
|    reward             | 1361.0994 |
|    std                | 0.268     |
|    value_loss         | 2.01e+07  |
-------------------------------------
EPISODE:  122
-------------------------------------
| time/                 |           |
|    fps                | 15        |
|    iterations         | 24200     |
|    time_elapsed       | 7901      |
|    total_timesteps    | 121000    |
| train/                |           |
|    entropy_loss       | -0.177    |
|    explained_variance | -1.19e-07 |
|    learning_rate      | 0.0007    |
|    n_updates          | 24199     |
|    policy_loss        | 3.53e+03  |
|    reward             | 2085.917  |
|    std                | 0.266     |
|    value_loss         | 4.54e+07  |
-------------------------------------
-------------------------------------
| time/                 |           |
|    fps                | 15        |
|    iterations         | 24300     |
|    time_elapsed       | 7933      |
|    total_timesteps    | 121500    |
| train/                |           |
|    entropy_loss       | -0.157    |
|    explained_variance | 0         |
|    learning_rate      | 0.0007    |
|    n_updates          | 24299     |
|    policy_loss        | 2.21e+03  |
|    reward             | 1361.0994 |
|    std                | 0.263     |
|    value_loss         | 2.01e+07  |
-------------------------------------
EPISODE:  123
------------------------------------
| time/                 |          |
|    fps                | 15       |
|    iterations         | 24400    |
|    time_elapsed       | 7966     |
|    total_timesteps    | 122000   |
| train/                |          |
|    entropy_loss       | -0.138   |
|    explained_variance | 1.19e-07 |
|    learning_rate      | 0.0007   |
|    n_updates          | 24399    |
|    policy_loss        | 1.43e+03 |
|    reward             | 2085.917 |
|    std                | 0.261    |
|    value_loss         | 4.54e+07 |
------------------------------------
-------------------------------------
| time/                 |           |
|    fps                | 15        |
|    iterations         | 24500     |
|    time_elapsed       | 7999      |
|    total_timesteps    | 122500    |
| train/                |           |
|    entropy_loss       | -0.113    |
|    explained_variance | 0         |
|    learning_rate      | 0.0007    |
|    n_updates          | 24499     |
|    policy_loss        | -643      |
|    reward             | 1361.0994 |
|    std                | 0.257     |
|    value_loss         | 2.01e+07  |
-------------------------------------
EPISODE:  124
-------------------------------------
| time/                 |           |
|    fps                | 15        |
|    iterations         | 24600     |
|    time_elapsed       | 8032      |
|    total_timesteps    | 123000    |
| train/                |           |
|    entropy_loss       | -0.0847   |
|    explained_variance | -1.19e-07 |
|    learning_rate      | 0.0007    |
|    n_updates          | 24599     |
|    policy_loss        | -247      |
|    reward             | 2085.917  |
|    std                | 0.254     |
|    value_loss         | 4.54e+07  |
-------------------------------------
-------------------------------------
| time/                 |           |
|    fps                | 15        |
|    iterations         | 24700     |
|    time_elapsed       | 8066      |
|    total_timesteps    | 123500    |
| train/                |           |
|    entropy_loss       | -0.0563   |
|    explained_variance | -1.19e-07 |
|    learning_rate      | 0.0007    |
|    n_updates          | 24699     |
|    policy_loss        | 3.84e+03  |
|    reward             | 1361.0994 |
|    std                | 0.25      |
|    value_loss         | 2.01e+07  |
-------------------------------------
EPISODE:  125
------------------------------------
| time/                 |          |
|    fps                | 15       |
|    iterations         | 24800    |
|    time_elapsed       | 8098     |
|    total_timesteps    | 124000   |
| train/                |          |
|    entropy_loss       | -0.0251  |
|    explained_variance | 1.19e-07 |
|    learning_rate      | 0.0007   |
|    n_updates          | 24799    |
|    policy_loss        | 413      |
|    reward             | 2085.917 |
|    std                | 0.246    |
|    value_loss         | 4.54e+07 |
------------------------------------
-------------------------------------
| time/                 |           |
|    fps                | 15        |
|    iterations         | 24900     |
|    time_elapsed       | 8131      |
|    total_timesteps    | 124500    |
| train/                |           |
|    entropy_loss       | -0.0148   |
|    explained_variance | 0         |
|    learning_rate      | 0.0007    |
|    n_updates          | 24899     |
|    policy_loss        | -437      |
|    reward             | 1361.0994 |
|    std                | 0.245     |
|    value_loss         | 2.01e+07  |
-------------------------------------
EPISODE:  126
-------------------------------------
| time/                 |           |
|    fps                | 15        |
|    iterations         | 25000     |
|    time_elapsed       | 8164      |
|    total_timesteps    | 125000    |
| train/                |           |
|    entropy_loss       | 0.00499   |
|    explained_variance | 0         |
|    learning_rate      | 0.0007    |
|    n_updates          | 24999     |
|    policy_loss        | -2.11e+03 |
|    reward             | 2085.917  |
|    std                | 0.242     |
|    value_loss         | 4.54e+07  |
-------------------------------------
-------------------------------------
| time/                 |           |
|    fps                | 15        |
|    iterations         | 25100     |
|    time_elapsed       | 8197      |
|    total_timesteps    | 125500    |
| train/                |           |
|    entropy_loss       | 0.0318    |
|    explained_variance | 0         |
|    learning_rate      | 0.0007    |
|    n_updates          | 25099     |
|    policy_loss        | -2.99e+03 |
|    reward             | 1361.0994 |
|    std                | 0.239     |
|    value_loss         | 2.01e+07  |
-------------------------------------
EPISODE:  127
-------------------------------------
| time/                 |           |
|    fps                | 15        |
|    iterations         | 25200     |
|    time_elapsed       | 8229      |
|    total_timesteps    | 126000    |
| train/                |           |
|    entropy_loss       | 0.0575    |
|    explained_variance | 1.19e-07  |
|    learning_rate      | 0.0007    |
|    n_updates          | 25199     |
|    policy_loss        | -1.72e+03 |
|    reward             | 2085.917  |
|    std                | 0.236     |
|    value_loss         | 4.54e+07  |
-------------------------------------
-------------------------------------
| time/                 |           |
|    fps                | 15        |
|    iterations         | 25300     |
|    time_elapsed       | 8262      |
|    total_timesteps    | 126500    |
| train/                |           |
|    entropy_loss       | 0.077     |
|    explained_variance | 0         |
|    learning_rate      | 0.0007    |
|    n_updates          | 25299     |
|    policy_loss        | -1.19e+03 |
|    reward             | 1361.0994 |
|    std                | 0.234     |
|    value_loss         | 2.01e+07  |
-------------------------------------
EPISODE:  128
-------------------------------------
| time/                 |           |
|    fps                | 15        |
|    iterations         | 25400     |
|    time_elapsed       | 8295      |
|    total_timesteps    | 127000    |
| train/                |           |
|    entropy_loss       | 0.108     |
|    explained_variance | 0         |
|    learning_rate      | 0.0007    |
|    n_updates          | 25399     |
|    policy_loss        | -2.03e+03 |
|    reward             | 2085.917  |
|    std                | 0.231     |
|    value_loss         | 4.54e+07  |
-------------------------------------
-------------------------------------
| time/                 |           |
|    fps                | 15        |
|    iterations         | 25500     |
|    time_elapsed       | 8328      |
|    total_timesteps    | 127500    |
| train/                |           |
|    entropy_loss       | 0.14      |
|    explained_variance | -1.19e-07 |
|    learning_rate      | 0.0007    |
|    n_updates          | 25499     |
|    policy_loss        | -302      |
|    reward             | 1361.0994 |
|    std                | 0.227     |
|    value_loss         | 2.01e+07  |
-------------------------------------
EPISODE:  129
-------------------------------------
| time/                 |           |
|    fps                | 15        |
|    iterations         | 25600     |
|    time_elapsed       | 8361      |
|    total_timesteps    | 128000    |
| train/                |           |
|    entropy_loss       | 0.156     |
|    explained_variance | -1.19e-07 |
|    learning_rate      | 0.0007    |
|    n_updates          | 25599     |
|    policy_loss        | -3.11e+03 |
|    reward             | 2085.917  |
|    std                | 0.225     |
|    value_loss         | 4.54e+07  |
-------------------------------------
-------------------------------------
| time/                 |           |
|    fps                | 15        |
|    iterations         | 25700     |
|    time_elapsed       | 8393      |
|    total_timesteps    | 128500    |
| train/                |           |
|    entropy_loss       | 0.185     |
|    explained_variance | 0         |
|    learning_rate      | 0.0007    |
|    n_updates          | 25699     |
|    policy_loss        | -2.53e+03 |
|    reward             | 1361.0994 |
|    std                | 0.222     |
|    value_loss         | 2.01e+07  |
-------------------------------------
EPISODE:  130
------------------------------------
| time/                 |          |
|    fps                | 15       |
|    iterations         | 25800    |
|    time_elapsed       | 8426     |
|    total_timesteps    | 129000   |
| train/                |          |
|    entropy_loss       | 0.209    |
|    explained_variance | 1.19e-07 |
|    learning_rate      | 0.0007   |
|    n_updates          | 25799    |
|    policy_loss        | -963     |
|    reward             | 2085.917 |
|    std                | 0.219    |
|    value_loss         | 4.54e+07 |
------------------------------------
-------------------------------------
| time/                 |           |
|    fps                | 15        |
|    iterations         | 25900     |
|    time_elapsed       | 8459      |
|    total_timesteps    | 129500    |
| train/                |           |
|    entropy_loss       | 0.238     |
|    explained_variance | 0         |
|    learning_rate      | 0.0007    |
|    n_updates          | 25899     |
|    policy_loss        | -2.83e+03 |
|    reward             | 1361.0994 |
|    std                | 0.216     |
|    value_loss         | 2.01e+07  |
-------------------------------------
EPISODE:  131
------------------------------------
| time/                 |          |
|    fps                | 15       |
|    iterations         | 26000    |
|    time_elapsed       | 8492     |
|    total_timesteps    | 130000   |
| train/                |          |
|    entropy_loss       | 0.26     |
|    explained_variance | 1.19e-07 |
|    learning_rate      | 0.0007   |
|    n_updates          | 25999    |
|    policy_loss        | -2.5e+03 |
|    reward             | 2085.917 |
|    std                | 0.214    |
|    value_loss         | 4.54e+07 |
------------------------------------
-------------------------------------
| time/                 |           |
|    fps                | 15        |
|    iterations         | 26100     |
|    time_elapsed       | 8525      |
|    total_timesteps    | 130500    |
| train/                |           |
|    entropy_loss       | 0.262     |
|    explained_variance | -1.19e-07 |
|    learning_rate      | 0.0007    |
|    n_updates          | 26099     |
|    policy_loss        | -2.33e+03 |
|    reward             | 1361.0994 |
|    std                | 0.213     |
|    value_loss         | 2.01e+07  |
-------------------------------------
EPISODE:  132
------------------------------------
| time/                 |          |
|    fps                | 15       |
|    iterations         | 26200    |
|    time_elapsed       | 8557     |
|    total_timesteps    | 131000   |
| train/                |          |
|    entropy_loss       | 0.274    |
|    explained_variance | 1.19e-07 |
|    learning_rate      | 0.0007   |
|    n_updates          | 26199    |
|    policy_loss        | -768     |
|    reward             | 2085.917 |
|    std                | 0.212    |
|    value_loss         | 4.54e+07 |
------------------------------------
-------------------------------------
| time/                 |           |
|    fps                | 15        |
|    iterations         | 26300     |
|    time_elapsed       | 8590      |
|    total_timesteps    | 131500    |
| train/                |           |
|    entropy_loss       | 0.296     |
|    explained_variance | 0         |
|    learning_rate      | 0.0007    |
|    n_updates          | 26299     |
|    policy_loss        | -2.8e+03  |
|    reward             | 1361.0994 |
|    std                | 0.21      |
|    value_loss         | 2.01e+07  |
-------------------------------------
EPISODE:  133
-------------------------------------
| time/                 |           |
|    fps                | 15        |
|    iterations         | 26400     |
|    time_elapsed       | 8623      |
|    total_timesteps    | 132000    |
| train/                |           |
|    entropy_loss       | 0.302     |
|    explained_variance | 0         |
|    learning_rate      | 0.0007    |
|    n_updates          | 26399     |
|    policy_loss        | -4.02e+03 |
|    reward             | 2085.917  |
|    std                | 0.209     |
|    value_loss         | 4.54e+07  |
-------------------------------------
-------------------------------------
| time/                 |           |
|    fps                | 15        |
|    iterations         | 26500     |
|    time_elapsed       | 8656      |
|    total_timesteps    | 132500    |
| train/                |           |
|    entropy_loss       | 0.328     |
|    explained_variance | 0         |
|    learning_rate      | 0.0007    |
|    n_updates          | 26499     |
|    policy_loss        | -3.04e+03 |
|    reward             | 1361.0994 |
|    std                | 0.207     |
|    value_loss         | 2.01e+07  |
-------------------------------------
EPISODE:  134
-------------------------------------
| time/                 |           |
|    fps                | 15        |
|    iterations         | 26600     |
|    time_elapsed       | 8689      |
|    total_timesteps    | 133000    |
| train/                |           |
|    entropy_loss       | 0.358     |
|    explained_variance | 0         |
|    learning_rate      | 0.0007    |
|    n_updates          | 26599     |
|    policy_loss        | -1.23e+03 |
|    reward             | 2085.917  |
|    std                | 0.204     |
|    value_loss         | 4.54e+07  |
-------------------------------------
-------------------------------------
| time/                 |           |
|    fps                | 15        |
|    iterations         | 26700     |
|    time_elapsed       | 8721      |
|    total_timesteps    | 133500    |
| train/                |           |
|    entropy_loss       | 0.391     |
|    explained_variance | 5.96e-08  |
|    learning_rate      | 0.0007    |
|    n_updates          | 26699     |
|    policy_loss        | -1.44e+03 |
|    reward             | 1361.0994 |
|    std                | 0.2       |
|    value_loss         | 2.01e+07  |
-------------------------------------
EPISODE:  135
-------------------------------------
| time/                 |           |
|    fps                | 15        |
|    iterations         | 26800     |
|    time_elapsed       | 8754      |
|    total_timesteps    | 134000    |
| train/                |           |
|    entropy_loss       | 0.419     |
|    explained_variance | 0         |
|    learning_rate      | 0.0007    |
|    n_updates          | 26799     |
|    policy_loss        | -1.03e+03 |
|    reward             | 2085.917  |
|    std                | 0.198     |
|    value_loss         | 4.54e+07  |
-------------------------------------
-------------------------------------
| time/                 |           |
|    fps                | 15        |
|    iterations         | 26900     |
|    time_elapsed       | 8787      |
|    total_timesteps    | 134500    |
| train/                |           |
|    entropy_loss       | 0.454     |
|    explained_variance | 0         |
|    learning_rate      | 0.0007    |
|    n_updates          | 26899     |
|    policy_loss        | -1.08e+03 |
|    reward             | 1361.0994 |
|    std                | 0.195     |
|    value_loss         | 2.01e+07  |
-------------------------------------
EPISODE:  136
------------------------------------
| time/                 |          |
|    fps                | 15       |
|    iterations         | 27000    |
|    time_elapsed       | 8820     |
|    total_timesteps    | 135000   |
| train/                |          |
|    entropy_loss       | 0.474    |
|    explained_variance | 1.79e-07 |
|    learning_rate      | 0.0007   |
|    n_updates          | 26999    |
|    policy_loss        | -400     |
|    reward             | 2085.917 |
|    std                | 0.193    |
|    value_loss         | 4.53e+07 |
------------------------------------
-------------------------------------
| time/                 |           |
|    fps                | 15        |
|    iterations         | 27100     |
|    time_elapsed       | 8853      |
|    total_timesteps    | 135500    |
| train/                |           |
|    entropy_loss       | 0.512     |
|    explained_variance | 0         |
|    learning_rate      | 0.0007    |
|    n_updates          | 27099     |
|    policy_loss        | 6.23e+03  |
|    reward             | 1361.0994 |
|    std                | 0.189     |
|    value_loss         | 2.01e+07  |
-------------------------------------
EPISODE:  137
-------------------------------------
| time/                 |           |
|    fps                | 15        |
|    iterations         | 27200     |
|    time_elapsed       | 8885      |
|    total_timesteps    | 136000    |
| train/                |           |
|    entropy_loss       | 0.514     |
|    explained_variance | -2.38e-07 |
|    learning_rate      | 0.0007    |
|    n_updates          | 27199     |
|    policy_loss        | -2.37e+03 |
|    reward             | 2085.917  |
|    std                | 0.189     |
|    value_loss         | 4.53e+07  |
-------------------------------------
-------------------------------------
| time/                 |           |
|    fps                | 15        |
|    iterations         | 27300     |
|    time_elapsed       | 8918      |
|    total_timesteps    | 136500    |
| train/                |           |
|    entropy_loss       | 0.55      |
|    explained_variance | 0         |
|    learning_rate      | 0.0007    |
|    n_updates          | 27299     |
|    policy_loss        | -3.8e+03  |
|    reward             | 1361.0994 |
|    std                | 0.186     |
|    value_loss         | 2.01e+07  |
-------------------------------------
EPISODE:  138
-------------------------------------
| time/                 |           |
|    fps                | 15        |
|    iterations         | 27400     |
|    time_elapsed       | 8951      |
|    total_timesteps    | 137000    |
| train/                |           |
|    entropy_loss       | 0.572     |
|    explained_variance | 1.79e-07  |
|    learning_rate      | 0.0007    |
|    n_updates          | 27399     |
|    policy_loss        | -2.42e+03 |
|    reward             | 2085.917  |
|    std                | 0.184     |
|    value_loss         | 4.53e+07  |
-------------------------------------
-------------------------------------
| time/                 |           |
|    fps                | 15        |
|    iterations         | 27500     |
|    time_elapsed       | 8985      |
|    total_timesteps    | 137500    |
| train/                |           |
|    entropy_loss       | 0.58      |
|    explained_variance | -1.19e-07 |
|    learning_rate      | 0.0007    |
|    n_updates          | 27499     |
|    policy_loss        | -2.3e+03  |
|    reward             | 1361.0994 |
|    std                | 0.184     |
|    value_loss         | 2.01e+07  |
-------------------------------------
EPISODE:  139
-------------------------------------
| time/                 |           |
|    fps                | 15        |
|    iterations         | 27600     |
|    time_elapsed       | 9018      |
|    total_timesteps    | 138000    |
| train/                |           |
|    entropy_loss       | 0.6       |
|    explained_variance | 5.96e-08  |
|    learning_rate      | 0.0007    |
|    n_updates          | 27599     |
|    policy_loss        | -6.92e+03 |
|    reward             | 2085.917  |
|    std                | 0.182     |
|    value_loss         | 4.53e+07  |
-------------------------------------
-------------------------------------
| time/                 |           |
|    fps                | 15        |
|    iterations         | 27700     |
|    time_elapsed       | 9051      |
|    total_timesteps    | 138500    |
| train/                |           |
|    entropy_loss       | 0.619     |
|    explained_variance | 0         |
|    learning_rate      | 0.0007    |
|    n_updates          | 27699     |
|    policy_loss        | -2.7e+03  |
|    reward             | 1361.0994 |
|    std                | 0.18      |
|    value_loss         | 2.01e+07  |
-------------------------------------
EPISODE:  140
-------------------------------------
| time/                 |           |
|    fps                | 15        |
|    iterations         | 27800     |
|    time_elapsed       | 9083      |
|    total_timesteps    | 139000    |
| train/                |           |
|    entropy_loss       | 0.645     |
|    explained_variance | 0         |
|    learning_rate      | 0.0007    |
|    n_updates          | 27799     |
|    policy_loss        | -5.48e+03 |
|    reward             | 2085.917  |
|    std                | 0.178     |
|    value_loss         | 4.53e+07  |
-------------------------------------
-------------------------------------
| time/                 |           |
|    fps                | 15        |
|    iterations         | 27900     |
|    time_elapsed       | 9116      |
|    total_timesteps    | 139500    |
| train/                |           |
|    entropy_loss       | 0.684     |
|    explained_variance | 0         |
|    learning_rate      | 0.0007    |
|    n_updates          | 27899     |
|    policy_loss        | -2.68e+03 |
|    reward             | 1361.0994 |
|    std                | 0.175     |
|    value_loss         | 2.01e+07  |
-------------------------------------
EPISODE:  141
-------------------------------------
| time/                 |           |
|    fps                | 15        |
|    iterations         | 28000     |
|    time_elapsed       | 9149      |
|    total_timesteps    | 140000    |
| train/                |           |
|    entropy_loss       | 0.717     |
|    explained_variance | 1.19e-07  |
|    learning_rate      | 0.0007    |
|    n_updates          | 27999     |
|    policy_loss        | -5.89e+03 |
|    reward             | 2085.917  |
|    std                | 0.172     |
|    value_loss         | 4.53e+07  |
-------------------------------------
-------------------------------------
| time/                 |           |
|    fps                | 15        |
|    iterations         | 28100     |
|    time_elapsed       | 9182      |
|    total_timesteps    | 140500    |
| train/                |           |
|    entropy_loss       | 0.735     |
|    explained_variance | 0         |
|    learning_rate      | 0.0007    |
|    n_updates          | 28099     |
|    policy_loss        | 99.7      |
|    reward             | 1361.0994 |
|    std                | 0.17      |
|    value_loss         | 2.01e+07  |
-------------------------------------
EPISODE:  142
-------------------------------------
| time/                 |           |
|    fps                | 15        |
|    iterations         | 28200     |
|    time_elapsed       | 9215      |
|    total_timesteps    | 141000    |
| train/                |           |
|    entropy_loss       | 0.746     |
|    explained_variance | 0         |
|    learning_rate      | 0.0007    |
|    n_updates          | 28199     |
|    policy_loss        | -4.84e+03 |
|    reward             | 2085.917  |
|    std                | 0.169     |
|    value_loss         | 4.53e+07  |
-------------------------------------
-------------------------------------
| time/                 |           |
|    fps                | 15        |
|    iterations         | 28300     |
|    time_elapsed       | 9248      |
|    total_timesteps    | 141500    |
| train/                |           |
|    entropy_loss       | 0.779     |
|    explained_variance | 0         |
|    learning_rate      | 0.0007    |
|    n_updates          | 28299     |
|    policy_loss        | -1.31e+03 |
|    reward             | 1361.0994 |
|    std                | 0.166     |
|    value_loss         | 2.01e+07  |
-------------------------------------
EPISODE:  143
------------------------------------
| time/                 |          |
|    fps                | 15       |
|    iterations         | 28400    |
|    time_elapsed       | 9280     |
|    total_timesteps    | 142000   |
| train/                |          |
|    entropy_loss       | 0.797    |
|    explained_variance | 0        |
|    learning_rate      | 0.0007   |
|    n_updates          | 28399    |
|    policy_loss        | -398     |
|    reward             | 2085.917 |
|    std                | 0.165    |
|    value_loss         | 4.53e+07 |
------------------------------------
-------------------------------------
| time/                 |           |
|    fps                | 15        |
|    iterations         | 28500     |
|    time_elapsed       | 9313      |
|    total_timesteps    | 142500    |
| train/                |           |
|    entropy_loss       | 0.829     |
|    explained_variance | 0         |
|    learning_rate      | 0.0007    |
|    n_updates          | 28499     |
|    policy_loss        | -6.13e+03 |
|    reward             | 1361.0994 |
|    std                | 0.162     |
|    value_loss         | 2.01e+07  |
-------------------------------------
EPISODE:  144
-------------------------------------
| time/                 |           |
|    fps                | 15        |
|    iterations         | 28600     |
|    time_elapsed       | 9346      |
|    total_timesteps    | 143000    |
| train/                |           |
|    entropy_loss       | 0.851     |
|    explained_variance | 0         |
|    learning_rate      | 0.0007    |
|    n_updates          | 28599     |
|    policy_loss        | -6.11e+03 |
|    reward             | 2085.917  |
|    std                | 0.16      |
|    value_loss         | 4.53e+07  |
-------------------------------------
-------------------------------------
| time/                 |           |
|    fps                | 15        |
|    iterations         | 28700     |
|    time_elapsed       | 9379      |
|    total_timesteps    | 143500    |
| train/                |           |
|    entropy_loss       | 0.872     |
|    explained_variance | 0         |
|    learning_rate      | 0.0007    |
|    n_updates          | 28699     |
|    policy_loss        | -3.44e+03 |
|    reward             | 1361.0994 |
|    std                | 0.159     |
|    value_loss         | 2.01e+07  |
-------------------------------------
EPISODE:  145
-------------------------------------
| time/                 |           |
|    fps                | 15        |
|    iterations         | 28800     |
|    time_elapsed       | 9412      |
|    total_timesteps    | 144000    |
| train/                |           |
|    entropy_loss       | 0.916     |
|    explained_variance | 5.96e-08  |
|    learning_rate      | 0.0007    |
|    n_updates          | 28799     |
|    policy_loss        | -6.29e+03 |
|    reward             | 2085.917  |
|    std                | 0.155     |
|    value_loss         | 4.53e+07  |
-------------------------------------
-------------------------------------
| time/                 |           |
|    fps                | 15        |
|    iterations         | 28900     |
|    time_elapsed       | 9444      |
|    total_timesteps    | 144500    |
| train/                |           |
|    entropy_loss       | 0.948     |
|    explained_variance | 0         |
|    learning_rate      | 0.0007    |
|    n_updates          | 28899     |
|    policy_loss        | -5.08e+03 |
|    reward             | 1361.0994 |
|    std                | 0.153     |
|    value_loss         | 2.01e+07  |
-------------------------------------
EPISODE:  146
-------------------------------------
| time/                 |           |
|    fps                | 15        |
|    iterations         | 29000     |
|    time_elapsed       | 9477      |
|    total_timesteps    | 145000    |
| train/                |           |
|    entropy_loss       | 0.955     |
|    explained_variance | 0         |
|    learning_rate      | 0.0007    |
|    n_updates          | 28999     |
|    policy_loss        | -2.29e+03 |
|    reward             | 2085.917  |
|    std                | 0.153     |
|    value_loss         | 4.53e+07  |
-------------------------------------
-------------------------------------
| time/                 |           |
|    fps                | 15        |
|    iterations         | 29100     |
|    time_elapsed       | 9510      |
|    total_timesteps    | 145500    |
| train/                |           |
|    entropy_loss       | 0.979     |
|    explained_variance | 1.19e-07  |
|    learning_rate      | 0.0007    |
|    n_updates          | 29099     |
|    policy_loss        | -4.83e+03 |
|    reward             | 1361.0994 |
|    std                | 0.151     |
|    value_loss         | 2.01e+07  |
-------------------------------------
EPISODE:  147
-------------------------------------
| time/                 |           |
|    fps                | 15        |
|    iterations         | 29200     |
|    time_elapsed       | 9543      |
|    total_timesteps    | 146000    |
| train/                |           |
|    entropy_loss       | 1.01      |
|    explained_variance | 0         |
|    learning_rate      | 0.0007    |
|    n_updates          | 29199     |
|    policy_loss        | -5.94e+03 |
|    reward             | 2085.917  |
|    std                | 0.149     |
|    value_loss         | 4.53e+07  |
-------------------------------------
-------------------------------------
| time/                 |           |
|    fps                | 15        |
|    iterations         | 29300     |
|    time_elapsed       | 9575      |
|    total_timesteps    | 146500    |
| train/                |           |
|    entropy_loss       | 1.03      |
|    explained_variance | -1.19e-07 |
|    learning_rate      | 0.0007    |
|    n_updates          | 29299     |
|    policy_loss        | -5.34e+03 |
|    reward             | 1361.0994 |
|    std                | 0.147     |
|    value_loss         | 2.01e+07  |
-------------------------------------
EPISODE:  148
-------------------------------------
| time/                 |           |
|    fps                | 15        |
|    iterations         | 29400     |
|    time_elapsed       | 9608      |
|    total_timesteps    | 147000    |
| train/                |           |
|    entropy_loss       | 1.05      |
|    explained_variance | 0         |
|    learning_rate      | 0.0007    |
|    n_updates          | 29399     |
|    policy_loss        | -2.56e+03 |
|    reward             | 2085.917  |
|    std                | 0.145     |
|    value_loss         | 4.53e+07  |
-------------------------------------
-------------------------------------
| time/                 |           |
|    fps                | 15        |
|    iterations         | 29500     |
|    time_elapsed       | 9641      |
|    total_timesteps    | 147500    |
| train/                |           |
|    entropy_loss       | 1.09      |
|    explained_variance | -1.19e-07 |
|    learning_rate      | 0.0007    |
|    n_updates          | 29499     |
|    policy_loss        | -4.7e+03  |
|    reward             | 1361.0994 |
|    std                | 0.143     |
|    value_loss         | 2.01e+07  |
-------------------------------------
EPISODE:  149
-------------------------------------
| time/                 |           |
|    fps                | 15        |
|    iterations         | 29600     |
|    time_elapsed       | 9674      |
|    total_timesteps    | 148000    |
| train/                |           |
|    entropy_loss       | 1.11      |
|    explained_variance | 1.19e-07  |
|    learning_rate      | 0.0007    |
|    n_updates          | 29599     |
|    policy_loss        | -5.96e+03 |
|    reward             | 2085.917  |
|    std                | 0.141     |
|    value_loss         | 4.53e+07  |
-------------------------------------
-------------------------------------
| time/                 |           |
|    fps                | 15        |
|    iterations         | 29700     |
|    time_elapsed       | 9707      |
|    total_timesteps    | 148500    |
| train/                |           |
|    entropy_loss       | 1.12      |
|    explained_variance | 5.96e-08  |
|    learning_rate      | 0.0007    |
|    n_updates          | 29699     |
|    policy_loss        | -5.07e+03 |
|    reward             | 1361.0994 |
|    std                | 0.14      |
|    value_loss         | 2.01e+07  |
-------------------------------------
EPISODE:  150
-------------------------------------
| time/                 |           |
|    fps                | 15        |
|    iterations         | 29800     |
|    time_elapsed       | 9739      |
|    total_timesteps    | 149000    |
| train/                |           |
|    entropy_loss       | 1.17      |
|    explained_variance | -2.38e-07 |
|    learning_rate      | 0.0007    |
|    n_updates          | 29799     |
|    policy_loss        | -1.03e+04 |
|    reward             | 2085.917  |
|    std                | 0.137     |
|    value_loss         | 4.53e+07  |
-------------------------------------
-------------------------------------
| time/                 |           |
|    fps                | 15        |
|    iterations         | 29900     |
|    time_elapsed       | 9772      |
|    total_timesteps    | 149500    |
| train/                |           |
|    entropy_loss       | 1.2       |
|    explained_variance | 0         |
|    learning_rate      | 0.0007    |
|    n_updates          | 29899     |
|    policy_loss        | -6.53e+03 |
|    reward             | 1361.0994 |
|    std                | 0.135     |
|    value_loss         | 2.01e+07  |
-------------------------------------
EPISODE:  151
-------------------------------------
| time/                 |           |
|    fps                | 15        |
|    iterations         | 30000     |
|    time_elapsed       | 9805      |
|    total_timesteps    | 150000    |
| train/                |           |
|    entropy_loss       | 1.23      |
|    explained_variance | 1.19e-07  |
|    learning_rate      | 0.0007    |
|    n_updates          | 29999     |
|    policy_loss        | -1.17e+04 |
|    reward             | 2085.917  |
|    std                | 0.133     |
|    value_loss         | 4.53e+07  |
-------------------------------------
-------------------------------------
| time/                 |           |
|    fps                | 15        |
|    iterations         | 30100     |
|    time_elapsed       | 9838      |
|    total_timesteps    | 150500    |
| train/                |           |
|    entropy_loss       | 1.25      |
|    explained_variance | 5.96e-08  |
|    learning_rate      | 0.0007    |
|    n_updates          | 30099     |
|    policy_loss        | -4.36e+03 |
|    reward             | 1361.0994 |
|    std                | 0.132     |
|    value_loss         | 2.01e+07  |
-------------------------------------
EPISODE:  152
------------------------------------
| time/                 |          |
|    fps                | 15       |
|    iterations         | 30200    |
|    time_elapsed       | 9871     |
|    total_timesteps    | 151000   |
| train/                |          |
|    entropy_loss       | 1.26     |
|    explained_variance | 0        |
|    learning_rate      | 0.0007   |
|    n_updates          | 30199    |
|    policy_loss        | 6.22e+03 |
|    reward             | 2085.917 |
|    std                | 0.132    |
|    value_loss         | 4.53e+07 |
------------------------------------
-------------------------------------
| time/                 |           |
|    fps                | 15        |
|    iterations         | 30300     |
|    time_elapsed       | 9903      |
|    total_timesteps    | 151500    |
| train/                |           |
|    entropy_loss       | 1.28      |
|    explained_variance | 0         |
|    learning_rate      | 0.0007    |
|    n_updates          | 30299     |
|    policy_loss        | -5.33e+03 |
|    reward             | 1361.0994 |
|    std                | 0.13      |
|    value_loss         | 2.01e+07  |
-------------------------------------
EPISODE:  153
-------------------------------------
| time/                 |           |
|    fps                | 15        |
|    iterations         | 30400     |
|    time_elapsed       | 9937      |
|    total_timesteps    | 152000    |
| train/                |           |
|    entropy_loss       | 1.3       |
|    explained_variance | 0         |
|    learning_rate      | 0.0007    |
|    n_updates          | 30399     |
|    policy_loss        | -1.17e+04 |
|    reward             | 2085.917  |
|    std                | 0.129     |
|    value_loss         | 4.53e+07  |
-------------------------------------
-------------------------------------
| time/                 |           |
|    fps                | 15        |
|    iterations         | 30500     |
|    time_elapsed       | 9970      |
|    total_timesteps    | 152500    |
| train/                |           |
|    entropy_loss       | 1.3       |
|    explained_variance | 1.19e-07  |
|    learning_rate      | 0.0007    |
|    n_updates          | 30499     |
|    policy_loss        | -4.25e+03 |
|    reward             | 1361.0994 |
|    std                | 0.128     |
|    value_loss         | 2.01e+07  |
-------------------------------------
EPISODE:  154
-------------------------------------
| time/                 |           |
|    fps                | 15        |
|    iterations         | 30600     |
|    time_elapsed       | 10003     |
|    total_timesteps    | 153000    |
| train/                |           |
|    entropy_loss       | 1.32      |
|    explained_variance | 0         |
|    learning_rate      | 0.0007    |
|    n_updates          | 30599     |
|    policy_loss        | -1.03e+04 |
|    reward             | 2085.917  |
|    std                | 0.127     |
|    value_loss         | 4.53e+07  |
-------------------------------------
-------------------------------------
| time/                 |           |
|    fps                | 15        |
|    iterations         | 30700     |
|    time_elapsed       | 10036     |
|    total_timesteps    | 153500    |
| train/                |           |
|    entropy_loss       | 1.33      |
|    explained_variance | -1.19e-07 |
|    learning_rate      | 0.0007    |
|    n_updates          | 30699     |
|    policy_loss        | -5.63e+03 |
|    reward             | 1361.0994 |
|    std                | 0.127     |
|    value_loss         | 2.01e+07  |
-------------------------------------
EPISODE:  155
-------------------------------------
| time/                 |           |
|    fps                | 15        |
|    iterations         | 30800     |
|    time_elapsed       | 10068     |
|    total_timesteps    | 154000    |
| train/                |           |
|    entropy_loss       | 1.33      |
|    explained_variance | 0         |
|    learning_rate      | 0.0007    |
|    n_updates          | 30799     |
|    policy_loss        | -2.42e+03 |
|    reward             | 2085.917  |
|    std                | 0.127     |
|    value_loss         | 4.53e+07  |
-------------------------------------
-------------------------------------
| time/                 |           |
|    fps                | 15        |
|    iterations         | 30900     |
|    time_elapsed       | 10101     |
|    total_timesteps    | 154500    |
| train/                |           |
|    entropy_loss       | 1.36      |
|    explained_variance | 0         |
|    learning_rate      | 0.0007    |
|    n_updates          | 30899     |
|    policy_loss        | -6.79e+03 |
|    reward             | 1361.0994 |
|    std                | 0.125     |
|    value_loss         | 2.01e+07  |
-------------------------------------
EPISODE:  156
-------------------------------------
| time/                 |           |
|    fps                | 15        |
|    iterations         | 31000     |
|    time_elapsed       | 10134     |
|    total_timesteps    | 155000    |
| train/                |           |
|    entropy_loss       | 1.4       |
|    explained_variance | 0         |
|    learning_rate      | 0.0007    |
|    n_updates          | 30999     |
|    policy_loss        | -8.89e+03 |
|    reward             | 2085.917  |
|    std                | 0.123     |
|    value_loss         | 4.53e+07  |
-------------------------------------
-------------------------------------
| time/                 |           |
|    fps                | 15        |
|    iterations         | 31100     |
|    time_elapsed       | 10167     |
|    total_timesteps    | 155500    |
| train/                |           |
|    entropy_loss       | 1.42      |
|    explained_variance | 0         |
|    learning_rate      | 0.0007    |
|    n_updates          | 31099     |
|    policy_loss        | -7.75e+03 |
|    reward             | 1361.0994 |
|    std                | 0.121     |
|    value_loss         | 2.01e+07  |
-------------------------------------
EPISODE:  157
-------------------------------------
| time/                 |           |
|    fps                | 15        |
|    iterations         | 31200     |
|    time_elapsed       | 10200     |
|    total_timesteps    | 156000    |
| train/                |           |
|    entropy_loss       | 1.45      |
|    explained_variance | 5.96e-08  |
|    learning_rate      | 0.0007    |
|    n_updates          | 31199     |
|    policy_loss        | -6.26e+03 |
|    reward             | 2085.917  |
|    std                | 0.12      |
|    value_loss         | 4.53e+07  |
-------------------------------------
-------------------------------------
| time/                 |           |
|    fps                | 15        |
|    iterations         | 31300     |
|    time_elapsed       | 10232     |
|    total_timesteps    | 156500    |
| train/                |           |
|    entropy_loss       | 1.48      |
|    explained_variance | 5.96e-08  |
|    learning_rate      | 0.0007    |
|    n_updates          | 31299     |
|    policy_loss        | -4.68e+03 |
|    reward             | 1361.0994 |
|    std                | 0.118     |
|    value_loss         | 2.01e+07  |
-------------------------------------
EPISODE:  158
-------------------------------------
| time/                 |           |
|    fps                | 15        |
|    iterations         | 31400     |
|    time_elapsed       | 10265     |
|    total_timesteps    | 157000    |
| train/                |           |
|    entropy_loss       | 1.51      |
|    explained_variance | 1.19e-07  |
|    learning_rate      | 0.0007    |
|    n_updates          | 31399     |
|    policy_loss        | -4.52e+03 |
|    reward             | 2085.917  |
|    std                | 0.116     |
|    value_loss         | 4.53e+07  |
-------------------------------------
-------------------------------------
| time/                 |           |
|    fps                | 15        |
|    iterations         | 31500     |
|    time_elapsed       | 10298     |
|    total_timesteps    | 157500    |
| train/                |           |
|    entropy_loss       | 1.53      |
|    explained_variance | -1.19e-07 |
|    learning_rate      | 0.0007    |
|    n_updates          | 31499     |
|    policy_loss        | -4.83e+03 |
|    reward             | 1361.0994 |
|    std                | 0.115     |
|    value_loss         | 2.01e+07  |
-------------------------------------
EPISODE:  159
-------------------------------------
| time/                 |           |
|    fps                | 15        |
|    iterations         | 31600     |
|    time_elapsed       | 10331     |
|    total_timesteps    | 158000    |
| train/                |           |
|    entropy_loss       | 1.55      |
|    explained_variance | 0         |
|    learning_rate      | 0.0007    |
|    n_updates          | 31599     |
|    policy_loss        | -4.55e+03 |
|    reward             | 2085.917  |
|    std                | 0.114     |
|    value_loss         | 4.53e+07  |
-------------------------------------
-------------------------------------
| time/                 |           |
|    fps                | 15        |
|    iterations         | 31700     |
|    time_elapsed       | 10364     |
|    total_timesteps    | 158500    |
| train/                |           |
|    entropy_loss       | 1.56      |
|    explained_variance | 0         |
|    learning_rate      | 0.0007    |
|    n_updates          | 31699     |
|    policy_loss        | -7.18e+03 |
|    reward             | 1361.0994 |
|    std                | 0.114     |
|    value_loss         | 2.01e+07  |
-------------------------------------
EPISODE:  160
-------------------------------------
| time/                 |           |
|    fps                | 15        |
|    iterations         | 31800     |
|    time_elapsed       | 10396     |
|    total_timesteps    | 159000    |
| train/                |           |
|    entropy_loss       | 1.58      |
|    explained_variance | 0         |
|    learning_rate      | 0.0007    |
|    n_updates          | 31799     |
|    policy_loss        | -8.01e+03 |
|    reward             | 2085.917  |
|    std                | 0.113     |
|    value_loss         | 4.53e+07  |
-------------------------------------
-------------------------------------
| time/                 |           |
|    fps                | 15        |
|    iterations         | 31900     |
|    time_elapsed       | 10429     |
|    total_timesteps    | 159500    |
| train/                |           |
|    entropy_loss       | 1.59      |
|    explained_variance | 0         |
|    learning_rate      | 0.0007    |
|    n_updates          | 31899     |
|    policy_loss        | -7.11e+03 |
|    reward             | 1361.0994 |
|    std                | 0.112     |
|    value_loss         | 2.01e+07  |
-------------------------------------
EPISODE:  161
------------------------------------
| time/                 |          |
|    fps                | 15       |
|    iterations         | 32000    |
|    time_elapsed       | 10462    |
|    total_timesteps    | 160000   |
| train/                |          |
|    entropy_loss       | 1.63     |
|    explained_variance | 1.19e-07 |
|    learning_rate      | 0.0007   |
|    n_updates          | 31999    |
|    policy_loss        | -1.3e+04 |
|    reward             | 2085.917 |
|    std                | 0.11     |
|    value_loss         | 4.53e+07 |
------------------------------------
-------------------------------------
| time/                 |           |
|    fps                | 15        |
|    iterations         | 32100     |
|    time_elapsed       | 10495     |
|    total_timesteps    | 160500    |
| train/                |           |
|    entropy_loss       | 1.65      |
|    explained_variance | 0         |
|    learning_rate      | 0.0007    |
|    n_updates          | 32099     |
|    policy_loss        | -7.16e+03 |
|    reward             | 1361.0994 |
|    std                | 0.109     |
|    value_loss         | 2e+07     |
-------------------------------------
EPISODE:  162
-------------------------------------
| time/                 |           |
|    fps                | 15        |
|    iterations         | 32200     |
|    time_elapsed       | 10527     |
|    total_timesteps    | 161000    |
| train/                |           |
|    entropy_loss       | 1.67      |
|    explained_variance | -1.19e-07 |
|    learning_rate      | 0.0007    |
|    n_updates          | 32199     |
|    policy_loss        | -1.07e+04 |
|    reward             | 2085.917  |
|    std                | 0.108     |
|    value_loss         | 4.53e+07  |
-------------------------------------
-------------------------------------
| time/                 |           |
|    fps                | 15        |
|    iterations         | 32300     |
|    time_elapsed       | 10560     |
|    total_timesteps    | 161500    |
| train/                |           |
|    entropy_loss       | 1.7       |
|    explained_variance | 0         |
|    learning_rate      | 0.0007    |
|    n_updates          | 32299     |
|    policy_loss        | -8.44e+03 |
|    reward             | 1361.0994 |
|    std                | 0.106     |
|    value_loss         | 2e+07     |
-------------------------------------
EPISODE:  163
-------------------------------------
| time/                 |           |
|    fps                | 15        |
|    iterations         | 32400     |
|    time_elapsed       | 10593     |
|    total_timesteps    | 162000    |
| train/                |           |
|    entropy_loss       | 1.7       |
|    explained_variance | 0         |
|    learning_rate      | 0.0007    |
|    n_updates          | 32399     |
|    policy_loss        | -9.71e+03 |
|    reward             | 2085.917  |
|    std                | 0.106     |
|    value_loss         | 4.53e+07  |
-------------------------------------
-------------------------------------
| time/                 |           |
|    fps                | 15        |
|    iterations         | 32500     |
|    time_elapsed       | 10626     |
|    total_timesteps    | 162500    |
| train/                |           |
|    entropy_loss       | 1.71      |
|    explained_variance | 0         |
|    learning_rate      | 0.0007    |
|    n_updates          | 32499     |
|    policy_loss        | -7.96e+03 |
|    reward             | 1361.0994 |
|    std                | 0.106     |
|    value_loss         | 2e+07     |
-------------------------------------
EPISODE:  164
-------------------------------------
| time/                 |           |
|    fps                | 15        |
|    iterations         | 32600     |
|    time_elapsed       | 10658     |
|    total_timesteps    | 163000    |
| train/                |           |
|    entropy_loss       | 1.74      |
|    explained_variance | -1.19e-07 |
|    learning_rate      | 0.0007    |
|    n_updates          | 32599     |
|    policy_loss        | -1.45e+04 |
|    reward             | 2085.917  |
|    std                | 0.104     |
|    value_loss         | 4.53e+07  |
-------------------------------------
-------------------------------------
| time/                 |           |
|    fps                | 15        |
|    iterations         | 32700     |
|    time_elapsed       | 10691     |
|    total_timesteps    | 163500    |
| train/                |           |
|    entropy_loss       | 1.76      |
|    explained_variance | -2.38e-07 |
|    learning_rate      | 0.0007    |
|    n_updates          | 32699     |
|    policy_loss        | -9.98e+03 |
|    reward             | 1361.0994 |
|    std                | 0.103     |
|    value_loss         | 2e+07     |
-------------------------------------
EPISODE:  165
-------------------------------------
| time/                 |           |
|    fps                | 15        |
|    iterations         | 32800     |
|    time_elapsed       | 10724     |
|    total_timesteps    | 164000    |
| train/                |           |
|    entropy_loss       | 1.77      |
|    explained_variance | 0         |
|    learning_rate      | 0.0007    |
|    n_updates          | 32799     |
|    policy_loss        | -9.22e+03 |
|    reward             | 2085.917  |
|    std                | 0.103     |
|    value_loss         | 4.52e+07  |
-------------------------------------
-------------------------------------
| time/                 |           |
|    fps                | 15        |
|    iterations         | 32900     |
|    time_elapsed       | 10757     |
|    total_timesteps    | 164500    |
| train/                |           |
|    entropy_loss       | 1.79      |
|    explained_variance | 0         |
|    learning_rate      | 0.0007    |
|    n_updates          | 32899     |
|    policy_loss        | -9.08e+03 |
|    reward             | 1361.0994 |
|    std                | 0.101     |
|    value_loss         | 2e+07     |
-------------------------------------
EPISODE:  166
------------------------------------
| time/                 |          |
|    fps                | 15       |
|    iterations         | 33000    |
|    time_elapsed       | 10790    |
|    total_timesteps    | 165000   |
| train/                |          |
|    entropy_loss       | 1.8      |
|    explained_variance | 0        |
|    learning_rate      | 0.0007   |
|    n_updates          | 32999    |
|    policy_loss        | -8e+03   |
|    reward             | 2085.917 |
|    std                | 0.101    |
|    value_loss         | 4.52e+07 |
------------------------------------
-------------------------------------
| time/                 |           |
|    fps                | 15        |
|    iterations         | 33100     |
|    time_elapsed       | 10822     |
|    total_timesteps    | 165500    |
| train/                |           |
|    entropy_loss       | 1.83      |
|    explained_variance | -1.19e-07 |
|    learning_rate      | 0.0007    |
|    n_updates          | 33099     |
|    policy_loss        | -7.86e+03 |
|    reward             | 1361.0994 |
|    std                | 0.0995    |
|    value_loss         | 2e+07     |
-------------------------------------
EPISODE:  167
-------------------------------------
| time/                 |           |
|    fps                | 15        |
|    iterations         | 33200     |
|    time_elapsed       | 10856     |
|    total_timesteps    | 166000    |
| train/                |           |
|    entropy_loss       | 1.86      |
|    explained_variance | -1.19e-07 |
|    learning_rate      | 0.0007    |
|    n_updates          | 33199     |
|    policy_loss        | -6.86e+03 |
|    reward             | 2085.917  |
|    std                | 0.0982    |
|    value_loss         | 4.52e+07  |
-------------------------------------
-------------------------------------
| time/                 |           |
|    fps                | 15        |
|    iterations         | 33300     |
|    time_elapsed       | 10889     |
|    total_timesteps    | 166500    |
| train/                |           |
|    entropy_loss       | 1.89      |
|    explained_variance | 5.96e-08  |
|    learning_rate      | 0.0007    |
|    n_updates          | 33299     |
|    policy_loss        | -8.69e+03 |
|    reward             | 1361.0994 |
|    std                | 0.0965    |
|    value_loss         | 2e+07     |
-------------------------------------
EPISODE:  168
-------------------------------------
| time/                 |           |
|    fps                | 15        |
|    iterations         | 33400     |
|    time_elapsed       | 10922     |
|    total_timesteps    | 167000    |
| train/                |           |
|    entropy_loss       | 1.91      |
|    explained_variance | 0         |
|    learning_rate      | 0.0007    |
|    n_updates          | 33399     |
|    policy_loss        | -1.41e+04 |
|    reward             | 2085.917  |
|    std                | 0.0956    |
|    value_loss         | 4.52e+07  |
-------------------------------------
-------------------------------------
| time/                 |           |
|    fps                | 15        |
|    iterations         | 33500     |
|    time_elapsed       | 10955     |
|    total_timesteps    | 167500    |
| train/                |           |
|    entropy_loss       | 1.93      |
|    explained_variance | 0         |
|    learning_rate      | 0.0007    |
|    n_updates          | 33499     |
|    policy_loss        | -8.27e+03 |
|    reward             | 1361.0994 |
|    std                | 0.0949    |
|    value_loss         | 2e+07     |
-------------------------------------
EPISODE:  169
-------------------------------------
| time/                 |           |
|    fps                | 15        |
|    iterations         | 33600     |
|    time_elapsed       | 10987     |
|    total_timesteps    | 168000    |
| train/                |           |
|    entropy_loss       | 1.96      |
|    explained_variance | 1.19e-07  |
|    learning_rate      | 0.0007    |
|    n_updates          | 33599     |
|    policy_loss        | -1.16e+04 |
|    reward             | 2085.917  |
|    std                | 0.0935    |
|    value_loss         | 4.52e+07  |
-------------------------------------
-------------------------------------
| time/                 |           |
|    fps                | 15        |
|    iterations         | 33700     |
|    time_elapsed       | 11020     |
|    total_timesteps    | 168500    |
| train/                |           |
|    entropy_loss       | 2.01      |
|    explained_variance | 0         |
|    learning_rate      | 0.0007    |
|    n_updates          | 33699     |
|    policy_loss        | -6.41e+03 |
|    reward             | 1361.0994 |
|    std                | 0.0914    |
|    value_loss         | 2e+07     |
-------------------------------------
EPISODE:  170
-------------------------------------
| time/                 |           |
|    fps                | 15        |
|    iterations         | 33800     |
|    time_elapsed       | 11053     |
|    total_timesteps    | 169000    |
| train/                |           |
|    entropy_loss       | 2.02      |
|    explained_variance | 5.96e-08  |
|    learning_rate      | 0.0007    |
|    n_updates          | 33799     |
|    policy_loss        | -1.29e+04 |
|    reward             | 2085.917  |
|    std                | 0.091     |
|    value_loss         | 4.52e+07  |
-------------------------------------
-------------------------------------
| time/                 |           |
|    fps                | 15        |
|    iterations         | 33900     |
|    time_elapsed       | 11086     |
|    total_timesteps    | 169500    |
| train/                |           |
|    entropy_loss       | 2.05      |
|    explained_variance | 0         |
|    learning_rate      | 0.0007    |
|    n_updates          | 33899     |
|    policy_loss        | -6.7e+03  |
|    reward             | 1361.0994 |
|    std                | 0.0897    |
|    value_loss         | 2e+07     |
-------------------------------------
EPISODE:  171
-------------------------------------
| time/                 |           |
|    fps                | 15        |
|    iterations         | 34000     |
|    time_elapsed       | 11118     |
|    total_timesteps    | 170000    |
| train/                |           |
|    entropy_loss       | 2.07      |
|    explained_variance | -1.19e-07 |
|    learning_rate      | 0.0007    |
|    n_updates          | 33999     |
|    policy_loss        | -1.33e+04 |
|    reward             | 2085.917  |
|    std                | 0.0889    |
|    value_loss         | 4.52e+07  |
-------------------------------------
-------------------------------------
| time/                 |           |
|    fps                | 15        |
|    iterations         | 34100     |
|    time_elapsed       | 11151     |
|    total_timesteps    | 170500    |
| train/                |           |
|    entropy_loss       | 2.1       |
|    explained_variance | 0         |
|    learning_rate      | 0.0007    |
|    n_updates          | 34099     |
|    policy_loss        | -9.12e+03 |
|    reward             | 1361.0994 |
|    std                | 0.0876    |
|    value_loss         | 2e+07     |
-------------------------------------
EPISODE:  172
-------------------------------------
| time/                 |           |
|    fps                | 15        |
|    iterations         | 34200     |
|    time_elapsed       | 11184     |
|    total_timesteps    | 171000    |
| train/                |           |
|    entropy_loss       | 2.11      |
|    explained_variance | 0         |
|    learning_rate      | 0.0007    |
|    n_updates          | 34199     |
|    policy_loss        | -1.68e+04 |
|    reward             | 2085.917  |
|    std                | 0.0871    |
|    value_loss         | 4.52e+07  |
-------------------------------------
-------------------------------------
| time/                 |           |
|    fps                | 15        |
|    iterations         | 34300     |
|    time_elapsed       | 11217     |
|    total_timesteps    | 171500    |
| train/                |           |
|    entropy_loss       | 2.14      |
|    explained_variance | 0         |
|    learning_rate      | 0.0007    |
|    n_updates          | 34299     |
|    policy_loss        | -1.01e+04 |
|    reward             | 1361.0994 |
|    std                | 0.086     |
|    value_loss         | 2e+07     |
-------------------------------------
EPISODE:  173
-------------------------------------
| time/                 |           |
|    fps                | 15        |
|    iterations         | 34400     |
|    time_elapsed       | 11249     |
|    total_timesteps    | 172000    |
| train/                |           |
|    entropy_loss       | 2.17      |
|    explained_variance | -1.19e-07 |
|    learning_rate      | 0.0007    |
|    n_updates          | 34399     |
|    policy_loss        | -1.03e+04 |
|    reward             | 2085.917  |
|    std                | 0.0848    |
|    value_loss         | 4.52e+07  |
-------------------------------------
-------------------------------------
| time/                 |           |
|    fps                | 15        |
|    iterations         | 34500     |
|    time_elapsed       | 11282     |
|    total_timesteps    | 172500    |
| train/                |           |
|    entropy_loss       | 2.19      |
|    explained_variance | 0         |
|    learning_rate      | 0.0007    |
|    n_updates          | 34499     |
|    policy_loss        | -9.15e+03 |
|    reward             | 1361.0994 |
|    std                | 0.0837    |
|    value_loss         | 2e+07     |
-------------------------------------
EPISODE:  174
------------------------------------
| time/                 |          |
|    fps                | 15       |
|    iterations         | 34600    |
|    time_elapsed       | 11315    |
|    total_timesteps    | 173000   |
| train/                |          |
|    entropy_loss       | 2.21     |
|    explained_variance | 0        |
|    learning_rate      | 0.0007   |
|    n_updates          | 34599    |
|    policy_loss        | -1.3e+04 |
|    reward             | 2085.917 |
|    std                | 0.0829   |
|    value_loss         | 4.52e+07 |
------------------------------------
-------------------------------------
| time/                 |           |
|    fps                | 15        |
|    iterations         | 34700     |
|    time_elapsed       | 11348     |
|    total_timesteps    | 173500    |
| train/                |           |
|    entropy_loss       | 2.23      |
|    explained_variance | -1.19e-07 |
|    learning_rate      | 0.0007    |
|    n_updates          | 34699     |
|    policy_loss        | -1.04e+04 |
|    reward             | 1361.0994 |
|    std                | 0.0823    |
|    value_loss         | 2e+07     |
-------------------------------------
EPISODE:  175
-------------------------------------
| time/                 |           |
|    fps                | 15        |
|    iterations         | 34800     |
|    time_elapsed       | 11380     |
|    total_timesteps    | 174000    |
| train/                |           |
|    entropy_loss       | 2.25      |
|    explained_variance | 1.19e-07  |
|    learning_rate      | 0.0007    |
|    n_updates          | 34799     |
|    policy_loss        | -1.65e+04 |
|    reward             | 2085.917  |
|    std                | 0.0815    |
|    value_loss         | 4.52e+07  |
-------------------------------------
-------------------------------------
| time/                 |           |
|    fps                | 15        |
|    iterations         | 34900     |
|    time_elapsed       | 11413     |
|    total_timesteps    | 174500    |
| train/                |           |
|    entropy_loss       | 2.26      |
|    explained_variance | 1.19e-07  |
|    learning_rate      | 0.0007    |
|    n_updates          | 34899     |
|    policy_loss        | -1.06e+04 |
|    reward             | 1361.0994 |
|    std                | 0.0808    |
|    value_loss         | 2e+07     |
-------------------------------------
EPISODE:  176
-------------------------------------
| time/                 |           |
|    fps                | 15        |
|    iterations         | 35000     |
|    time_elapsed       | 11446     |
|    total_timesteps    | 175000    |
| train/                |           |
|    entropy_loss       | 2.28      |
|    explained_variance | 0         |
|    learning_rate      | 0.0007    |
|    n_updates          | 34999     |
|    policy_loss        | -1.09e+04 |
|    reward             | 2085.917  |
|    std                | 0.0803    |
|    value_loss         | 4.52e+07  |
-------------------------------------
-------------------------------------
| time/                 |           |
|    fps                | 15        |
|    iterations         | 35100     |
|    time_elapsed       | 11479     |
|    total_timesteps    | 175500    |
| train/                |           |
|    entropy_loss       | 2.31      |
|    explained_variance | 0         |
|    learning_rate      | 0.0007    |
|    n_updates          | 35099     |
|    policy_loss        | -1.01e+04 |
|    reward             | 1361.0994 |
|    std                | 0.0792    |
|    value_loss         | 2e+07     |
-------------------------------------
EPISODE:  177
-------------------------------------
| time/                 |           |
|    fps                | 15        |
|    iterations         | 35200     |
|    time_elapsed       | 11511     |
|    total_timesteps    | 176000    |
| train/                |           |
|    entropy_loss       | 2.33      |
|    explained_variance | 0         |
|    learning_rate      | 0.0007    |
|    n_updates          | 35199     |
|    policy_loss        | -1.37e+04 |
|    reward             | 2085.917  |
|    std                | 0.0786    |
|    value_loss         | 4.52e+07  |
-------------------------------------
-------------------------------------
| time/                 |           |
|    fps                | 15        |
|    iterations         | 35300     |
|    time_elapsed       | 11544     |
|    total_timesteps    | 176500    |
| train/                |           |
|    entropy_loss       | 2.34      |
|    explained_variance | 0         |
|    learning_rate      | 0.0007    |
|    n_updates          | 35299     |
|    policy_loss        | -9.25e+03 |
|    reward             | 1361.0994 |
|    std                | 0.0779    |
|    value_loss         | 2e+07     |
-------------------------------------
EPISODE:  178
-------------------------------------
| time/                 |           |
|    fps                | 15        |
|    iterations         | 35400     |
|    time_elapsed       | 11577     |
|    total_timesteps    | 177000    |
| train/                |           |
|    entropy_loss       | 2.36      |
|    explained_variance | 1.19e-07  |
|    learning_rate      | 0.0007    |
|    n_updates          | 35399     |
|    policy_loss        | -1.76e+04 |
|    reward             | 2085.917  |
|    std                | 0.0774    |
|    value_loss         | 4.52e+07  |
-------------------------------------
-------------------------------------
| time/                 |           |
|    fps                | 15        |
|    iterations         | 35500     |
|    time_elapsed       | 11610     |
|    total_timesteps    | 177500    |
| train/                |           |
|    entropy_loss       | 2.4       |
|    explained_variance | 0         |
|    learning_rate      | 0.0007    |
|    n_updates          | 35499     |
|    policy_loss        | -1.08e+04 |
|    reward             | 1361.0994 |
|    std                | 0.0759    |
|    value_loss         | 2e+07     |
-------------------------------------
EPISODE:  179
-------------------------------------
| time/                 |           |
|    fps                | 15        |
|    iterations         | 35600     |
|    time_elapsed       | 11643     |
|    total_timesteps    | 178000    |
| train/                |           |
|    entropy_loss       | 2.42      |
|    explained_variance | 0         |
|    learning_rate      | 0.0007    |
|    n_updates          | 35599     |
|    policy_loss        | -1.36e+04 |
|    reward             | 2085.917  |
|    std                | 0.0752    |
|    value_loss         | 4.52e+07  |
-------------------------------------
-------------------------------------
| time/                 |           |
|    fps                | 15        |
|    iterations         | 35700     |
|    time_elapsed       | 11675     |
|    total_timesteps    | 178500    |
| train/                |           |
|    entropy_loss       | 2.44      |
|    explained_variance | -1.19e-07 |
|    learning_rate      | 0.0007    |
|    n_updates          | 35699     |
|    policy_loss        | -2.91e+03 |
|    reward             | 1361.0994 |
|    std                | 0.0746    |
|    value_loss         | 2e+07     |
-------------------------------------
EPISODE:  180
-------------------------------------
| time/                 |           |
|    fps                | 15        |
|    iterations         | 35800     |
|    time_elapsed       | 11708     |
|    total_timesteps    | 179000    |
| train/                |           |
|    entropy_loss       | 2.44      |
|    explained_variance | 0         |
|    learning_rate      | 0.0007    |
|    n_updates          | 35799     |
|    policy_loss        | -1.26e+04 |
|    reward             | 2085.917  |
|    std                | 0.0743    |
|    value_loss         | 4.52e+07  |
-------------------------------------
-------------------------------------
| time/                 |           |
|    fps                | 15        |
|    iterations         | 35900     |
|    time_elapsed       | 11741     |
|    total_timesteps    | 179500    |
| train/                |           |
|    entropy_loss       | 2.47      |
|    explained_variance | 0         |
|    learning_rate      | 0.0007    |
|    n_updates          | 35899     |
|    policy_loss        | -1.11e+04 |
|    reward             | 1361.0994 |
|    std                | 0.073     |
|    value_loss         | 2e+07     |
-------------------------------------
EPISODE:  181
-------------------------------------
| time/                 |           |
|    fps                | 15        |
|    iterations         | 36000     |
|    time_elapsed       | 11775     |
|    total_timesteps    | 180000    |
| train/                |           |
|    entropy_loss       | 2.5       |
|    explained_variance | -1.19e-07 |
|    learning_rate      | 0.0007    |
|    n_updates          | 35999     |
|    policy_loss        | -1.36e+04 |
|    reward             | 2085.917  |
|    std                | 0.072     |
|    value_loss         | 4.52e+07  |
-------------------------------------
-------------------------------------
| time/                 |           |
|    fps                | 15        |
|    iterations         | 36100     |
|    time_elapsed       | 11808     |
|    total_timesteps    | 180500    |
| train/                |           |
|    entropy_loss       | 2.52      |
|    explained_variance | 0         |
|    learning_rate      | 0.0007    |
|    n_updates          | 36099     |
|    policy_loss        | -8.39e+03 |
|    reward             | 1361.0994 |
|    std                | 0.0713    |
|    value_loss         | 2e+07     |
-------------------------------------
EPISODE:  182
-------------------------------------
| time/                 |           |
|    fps                | 15        |
|    iterations         | 36200     |
|    time_elapsed       | 11841     |
|    total_timesteps    | 181000    |
| train/                |           |
|    entropy_loss       | 2.55      |
|    explained_variance | -1.19e-07 |
|    learning_rate      | 0.0007    |
|    n_updates          | 36199     |
|    policy_loss        | -1.4e+04  |
|    reward             | 2085.917  |
|    std                | 0.0703    |
|    value_loss         | 4.52e+07  |
-------------------------------------
-------------------------------------
| time/                 |           |
|    fps                | 15        |
|    iterations         | 36300     |
|    time_elapsed       | 11873     |
|    total_timesteps    | 181500    |
| train/                |           |
|    entropy_loss       | 2.57      |
|    explained_variance | 0         |
|    learning_rate      | 0.0007    |
|    n_updates          | 36299     |
|    policy_loss        | -6.59e+03 |
|    reward             | 1361.0994 |
|    std                | 0.0697    |
|    value_loss         | 2e+07     |
-------------------------------------
EPISODE:  183
------------------------------------
| time/                 |          |
|    fps                | 15       |
|    iterations         | 36400    |
|    time_elapsed       | 11906    |
|    total_timesteps    | 182000   |
| train/                |          |
|    entropy_loss       | 2.58     |
|    explained_variance | 0        |
|    learning_rate      | 0.0007   |
|    n_updates          | 36399    |
|    policy_loss        | -1.6e+04 |
|    reward             | 2085.917 |
|    std                | 0.0696   |
|    value_loss         | 4.52e+07 |
------------------------------------
-------------------------------------
| time/                 |           |
|    fps                | 15        |
|    iterations         | 36500     |
|    time_elapsed       | 11939     |
|    total_timesteps    | 182500    |
| train/                |           |
|    entropy_loss       | 2.59      |
|    explained_variance | 1.19e-07  |
|    learning_rate      | 0.0007    |
|    n_updates          | 36499     |
|    policy_loss        | -1.16e+04 |
|    reward             | 1361.0994 |
|    std                | 0.0693    |
|    value_loss         | 2e+07     |
-------------------------------------
EPISODE:  184
-------------------------------------
| time/                 |           |
|    fps                | 15        |
|    iterations         | 36600     |
|    time_elapsed       | 11972     |
|    total_timesteps    | 183000    |
| train/                |           |
|    entropy_loss       | 2.62      |
|    explained_variance | -1.19e-07 |
|    learning_rate      | 0.0007    |
|    n_updates          | 36599     |
|    policy_loss        | -1.91e+04 |
|    reward             | 2085.917  |
|    std                | 0.0681    |
|    value_loss         | 4.52e+07  |
-------------------------------------
-------------------------------------
| time/                 |           |
|    fps                | 15        |
|    iterations         | 36700     |
|    time_elapsed       | 12005     |
|    total_timesteps    | 183500    |
| train/                |           |
|    entropy_loss       | 2.64      |
|    explained_variance | 1.19e-07  |
|    learning_rate      | 0.0007    |
|    n_updates          | 36699     |
|    policy_loss        | -1.27e+04 |
|    reward             | 1361.0994 |
|    std                | 0.0674    |
|    value_loss         | 2e+07     |
-------------------------------------
EPISODE:  185
-------------------------------------
| time/                 |           |
|    fps                | 15        |
|    iterations         | 36800     |
|    time_elapsed       | 12037     |
|    total_timesteps    | 184000    |
| train/                |           |
|    entropy_loss       | 2.67      |
|    explained_variance | 0         |
|    learning_rate      | 0.0007    |
|    n_updates          | 36799     |
|    policy_loss        | -1.78e+04 |
|    reward             | 2085.917  |
|    std                | 0.0668    |
|    value_loss         | 4.52e+07  |
-------------------------------------
-------------------------------------
| time/                 |           |
|    fps                | 15        |
|    iterations         | 36900     |
|    time_elapsed       | 12070     |
|    total_timesteps    | 184500    |
| train/                |           |
|    entropy_loss       | 2.68      |
|    explained_variance | 0         |
|    learning_rate      | 0.0007    |
|    n_updates          | 36899     |
|    policy_loss        | -1.12e+04 |
|    reward             | 1361.0994 |
|    std                | 0.0664    |
|    value_loss         | 2e+07     |
-------------------------------------
EPISODE:  186
-------------------------------------
| time/                 |           |
|    fps                | 15        |
|    iterations         | 37000     |
|    time_elapsed       | 12103     |
|    total_timesteps    | 185000    |
| train/                |           |
|    entropy_loss       | 2.71      |
|    explained_variance | 0         |
|    learning_rate      | 0.0007    |
|    n_updates          | 36999     |
|    policy_loss        | -1.62e+04 |
|    reward             | 2085.917  |
|    std                | 0.0656    |
|    value_loss         | 4.52e+07  |
-------------------------------------
-------------------------------------
| time/                 |           |
|    fps                | 15        |
|    iterations         | 37100     |
|    time_elapsed       | 12136     |
|    total_timesteps    | 185500    |
| train/                |           |
|    entropy_loss       | 2.74      |
|    explained_variance | -1.19e-07 |
|    learning_rate      | 0.0007    |
|    n_updates          | 37099     |
|    policy_loss        | -1.33e+04 |
|    reward             | 1361.0994 |
|    std                | 0.0646    |
|    value_loss         | 2e+07     |
-------------------------------------
EPISODE:  187
-------------------------------------
| time/                 |           |
|    fps                | 15        |
|    iterations         | 37200     |
|    time_elapsed       | 12168     |
|    total_timesteps    | 186000    |
| train/                |           |
|    entropy_loss       | 2.79      |
|    explained_variance | -1.19e-07 |
|    learning_rate      | 0.0007    |
|    n_updates          | 37199     |
|    policy_loss        | -1.61e+04 |
|    reward             | 2085.917  |
|    std                | 0.0634    |
|    value_loss         | 4.52e+07  |
-------------------------------------
-------------------------------------
| time/                 |           |
|    fps                | 15        |
|    iterations         | 37300     |
|    time_elapsed       | 12201     |
|    total_timesteps    | 186500    |
| train/                |           |
|    entropy_loss       | 2.8       |
|    explained_variance | 1.19e-07  |
|    learning_rate      | 0.0007    |
|    n_updates          | 37299     |
|    policy_loss        | -1.27e+04 |
|    reward             | 1361.0994 |
|    std                | 0.0629    |
|    value_loss         | 2e+07     |
-------------------------------------
EPISODE:  188
-------------------------------------
| time/                 |           |
|    fps                | 15        |
|    iterations         | 37400     |
|    time_elapsed       | 12234     |
|    total_timesteps    | 187000    |
| train/                |           |
|    entropy_loss       | 2.83      |
|    explained_variance | 5.96e-08  |
|    learning_rate      | 0.0007    |
|    n_updates          | 37399     |
|    policy_loss        | -1.51e+04 |
|    reward             | 2085.917  |
|    std                | 0.062     |
|    value_loss         | 4.52e+07  |
-------------------------------------
-------------------------------------
| time/                 |           |
|    fps                | 15        |
|    iterations         | 37500     |
|    time_elapsed       | 12267     |
|    total_timesteps    | 187500    |
| train/                |           |
|    entropy_loss       | 2.84      |
|    explained_variance | 5.96e-08  |
|    learning_rate      | 0.0007    |
|    n_updates          | 37499     |
|    policy_loss        | -1.22e+04 |
|    reward             | 1361.0994 |
|    std                | 0.0617    |
|    value_loss         | 2e+07     |
-------------------------------------
EPISODE:  189
-------------------------------------
| time/                 |           |
|    fps                | 15        |
|    iterations         | 37600     |
|    time_elapsed       | 12300     |
|    total_timesteps    | 188000    |
| train/                |           |
|    entropy_loss       | 2.87      |
|    explained_variance | 0         |
|    learning_rate      | 0.0007    |
|    n_updates          | 37599     |
|    policy_loss        | -1.62e+04 |
|    reward             | 2085.917  |
|    std                | 0.0609    |
|    value_loss         | 4.52e+07  |
-------------------------------------
-------------------------------------
| time/                 |           |
|    fps                | 15        |
|    iterations         | 37700     |
|    time_elapsed       | 12332     |
|    total_timesteps    | 188500    |
| train/                |           |
|    entropy_loss       | 2.89      |
|    explained_variance | 1.19e-07  |
|    learning_rate      | 0.0007    |
|    n_updates          | 37699     |
|    policy_loss        | -1.42e+04 |
|    reward             | 1361.0994 |
|    std                | 0.0605    |
|    value_loss         | 2e+07     |
-------------------------------------
EPISODE:  190
-------------------------------------
| time/                 |           |
|    fps                | 15        |
|    iterations         | 37800     |
|    time_elapsed       | 12365     |
|    total_timesteps    | 189000    |
| train/                |           |
|    entropy_loss       | 2.91      |
|    explained_variance | 1.79e-07  |
|    learning_rate      | 0.0007    |
|    n_updates          | 37799     |
|    policy_loss        | -1.98e+04 |
|    reward             | 2085.917  |
|    std                | 0.0599    |
|    value_loss         | 4.52e+07  |
-------------------------------------
-------------------------------------
| time/                 |           |
|    fps                | 15        |
|    iterations         | 37900     |
|    time_elapsed       | 12398     |
|    total_timesteps    | 189500    |
| train/                |           |
|    entropy_loss       | 2.94      |
|    explained_variance | -1.19e-07 |
|    learning_rate      | 0.0007    |
|    n_updates          | 37899     |
|    policy_loss        | -1.26e+04 |
|    reward             | 1361.0994 |
|    std                | 0.0592    |
|    value_loss         | 2e+07     |
-------------------------------------
EPISODE:  191
-------------------------------------
| time/                 |           |
|    fps                | 15        |
|    iterations         | 38000     |
|    time_elapsed       | 12431     |
|    total_timesteps    | 190000    |
| train/                |           |
|    entropy_loss       | 2.96      |
|    explained_variance | 0         |
|    learning_rate      | 0.0007    |
|    n_updates          | 37999     |
|    policy_loss        | -1.38e+04 |
|    reward             | 2085.917  |
|    std                | 0.0585    |
|    value_loss         | 4.52e+07  |
-------------------------------------
-------------------------------------
| time/                 |           |
|    fps                | 15        |
|    iterations         | 38100     |
|    time_elapsed       | 12463     |
|    total_timesteps    | 190500    |
| train/                |           |
|    entropy_loss       | 2.99      |
|    explained_variance | 1.19e-07  |
|    learning_rate      | 0.0007    |
|    n_updates          | 38099     |
|    policy_loss        | -1.31e+04 |
|    reward             | 1361.0994 |
|    std                | 0.0577    |
|    value_loss         | 2e+07     |
-------------------------------------
EPISODE:  192
-------------------------------------
| time/                 |           |
|    fps                | 15        |
|    iterations         | 38200     |
|    time_elapsed       | 12496     |
|    total_timesteps    | 191000    |
| train/                |           |
|    entropy_loss       | 3.01      |
|    explained_variance | 0         |
|    learning_rate      | 0.0007    |
|    n_updates          | 38199     |
|    policy_loss        | -1.93e+04 |
|    reward             | 2085.917  |
|    std                | 0.0573    |
|    value_loss         | 4.52e+07  |
-------------------------------------
-------------------------------------
| time/                 |           |
|    fps                | 15        |
|    iterations         | 38300     |
|    time_elapsed       | 12529     |
|    total_timesteps    | 191500    |
| train/                |           |
|    entropy_loss       | 3.05      |
|    explained_variance | -1.19e-07 |
|    learning_rate      | 0.0007    |
|    n_updates          | 38299     |
|    policy_loss        | -1.17e+04 |
|    reward             | 1361.0994 |
|    std                | 0.0562    |
|    value_loss         | 2e+07     |
-------------------------------------
EPISODE:  193
-------------------------------------
| time/                 |           |
|    fps                | 15        |
|    iterations         | 38400     |
|    time_elapsed       | 12562     |
|    total_timesteps    | 192000    |
| train/                |           |
|    entropy_loss       | 3.04      |
|    explained_variance | -1.19e-07 |
|    learning_rate      | 0.0007    |
|    n_updates          | 38399     |
|    policy_loss        | -2.12e+04 |
|    reward             | 2085.917  |
|    std                | 0.0563    |
|    value_loss         | 4.52e+07  |
-------------------------------------
-------------------------------------
| time/                 |           |
|    fps                | 15        |
|    iterations         | 38500     |
|    time_elapsed       | 12594     |
|    total_timesteps    | 192500    |
| train/                |           |
|    entropy_loss       | 3.06      |
|    explained_variance | -1.19e-07 |
|    learning_rate      | 0.0007    |
|    n_updates          | 38499     |
|    policy_loss        | -1.41e+04 |
|    reward             | 1361.0994 |
|    std                | 0.0557    |
|    value_loss         | 2e+07     |
-------------------------------------
EPISODE:  194
-------------------------------------
| time/                 |           |
|    fps                | 15        |
|    iterations         | 38600     |
|    time_elapsed       | 12627     |
|    total_timesteps    | 193000    |
| train/                |           |
|    entropy_loss       | 3.08      |
|    explained_variance | -1.19e-07 |
|    learning_rate      | 0.0007    |
|    n_updates          | 38599     |
|    policy_loss        | -2.3e+04  |
|    reward             | 2085.917  |
|    std                | 0.0552    |
|    value_loss         | 4.52e+07  |
-------------------------------------
-------------------------------------
| time/                 |           |
|    fps                | 15        |
|    iterations         | 38700     |
|    time_elapsed       | 12660     |
|    total_timesteps    | 193500    |
| train/                |           |
|    entropy_loss       | 3.13      |
|    explained_variance | 5.96e-08  |
|    learning_rate      | 0.0007    |
|    n_updates          | 38699     |
|    policy_loss        | -1.51e+04 |
|    reward             | 1361.0994 |
|    std                | 0.0543    |
|    value_loss         | 2e+07     |
-------------------------------------
EPISODE:  195
-------------------------------------
| time/                 |           |
|    fps                | 15        |
|    iterations         | 38800     |
|    time_elapsed       | 12693     |
|    total_timesteps    | 194000    |
| train/                |           |
|    entropy_loss       | 3.14      |
|    explained_variance | 1.79e-07  |
|    learning_rate      | 0.0007    |
|    n_updates          | 38799     |
|    policy_loss        | -2.37e+04 |
|    reward             | 2085.917  |
|    std                | 0.0539    |
|    value_loss         | 4.52e+07  |
-------------------------------------
-------------------------------------
| time/                 |           |
|    fps                | 15        |
|    iterations         | 38900     |
|    time_elapsed       | 12727     |
|    total_timesteps    | 194500    |
| train/                |           |
|    entropy_loss       | 3.17      |
|    explained_variance | 0         |
|    learning_rate      | 0.0007    |
|    n_updates          | 38899     |
|    policy_loss        | -1.26e+04 |
|    reward             | 1361.0994 |
|    std                | 0.0532    |
|    value_loss         | 2e+07     |
-------------------------------------
EPISODE:  196
-------------------------------------
| time/                 |           |
|    fps                | 15        |
|    iterations         | 39000     |
|    time_elapsed       | 12760     |
|    total_timesteps    | 195000    |
| train/                |           |
|    entropy_loss       | 3.2       |
|    explained_variance | 0         |
|    learning_rate      | 0.0007    |
|    n_updates          | 38999     |
|    policy_loss        | -1.78e+04 |
|    reward             | 2085.917  |
|    std                | 0.0527    |
|    value_loss         | 4.52e+07  |
-------------------------------------
-------------------------------------
| time/                 |           |
|    fps                | 15        |
|    iterations         | 39100     |
|    time_elapsed       | 12792     |
|    total_timesteps    | 195500    |
| train/                |           |
|    entropy_loss       | 3.2       |
|    explained_variance | 0         |
|    learning_rate      | 0.0007    |
|    n_updates          | 39099     |
|    policy_loss        | -1.41e+04 |
|    reward             | 1361.0994 |
|    std                | 0.0526    |
|    value_loss         | 2e+07     |
-------------------------------------
EPISODE:  197
------------------------------------
| time/                 |          |
|    fps                | 15       |
|    iterations         | 39200    |
|    time_elapsed       | 12825    |
|    total_timesteps    | 196000   |
| train/                |          |
|    entropy_loss       | 3.22     |
|    explained_variance | 0        |
|    learning_rate      | 0.0007   |
|    n_updates          | 39199    |
|    policy_loss        | -2.1e+04 |
|    reward             | 2085.917 |
|    std                | 0.0523   |
|    value_loss         | 4.52e+07 |
------------------------------------
-------------------------------------
| time/                 |           |
|    fps                | 15        |
|    iterations         | 39300     |
|    time_elapsed       | 12858     |
|    total_timesteps    | 196500    |
| train/                |           |
|    entropy_loss       | 3.25      |
|    explained_variance | 0         |
|    learning_rate      | 0.0007    |
|    n_updates          | 39299     |
|    policy_loss        | -1.42e+04 |
|    reward             | 1361.0994 |
|    std                | 0.0517    |
|    value_loss         | 2e+07     |
-------------------------------------
EPISODE:  198
-------------------------------------
| time/                 |           |
|    fps                | 15        |
|    iterations         | 39400     |
|    time_elapsed       | 12891     |
|    total_timesteps    | 197000    |
| train/                |           |
|    entropy_loss       | 3.28      |
|    explained_variance | 1.19e-07  |
|    learning_rate      | 0.0007    |
|    n_updates          | 39399     |
|    policy_loss        | -2.09e+04 |
|    reward             | 2085.917  |
|    std                | 0.0509    |
|    value_loss         | 4.51e+07  |
-------------------------------------
-------------------------------------
| time/                 |           |
|    fps                | 15        |
|    iterations         | 39500     |
|    time_elapsed       | 12923     |
|    total_timesteps    | 197500    |
| train/                |           |
|    entropy_loss       | 3.29      |
|    explained_variance | 0         |
|    learning_rate      | 0.0007    |
|    n_updates          | 39499     |
|    policy_loss        | -1.34e+04 |
|    reward             | 1361.0994 |
|    std                | 0.0509    |
|    value_loss         | 2e+07     |
-------------------------------------
EPISODE:  199
-------------------------------------
| time/                 |           |
|    fps                | 15        |
|    iterations         | 39600     |
|    time_elapsed       | 12956     |
|    total_timesteps    | 198000    |
| train/                |           |
|    entropy_loss       | 3.29      |
|    explained_variance | 1.79e-07  |
|    learning_rate      | 0.0007    |
|    n_updates          | 39599     |
|    policy_loss        | -2.01e+04 |
|    reward             | 2085.917  |
|    std                | 0.051     |
|    value_loss         | 4.51e+07  |
-------------------------------------
-------------------------------------
| time/                 |           |
|    fps                | 15        |
|    iterations         | 39700     |
|    time_elapsed       | 12989     |
|    total_timesteps    | 198500    |
| train/                |           |
|    entropy_loss       | 3.31      |
|    explained_variance | 0         |
|    learning_rate      | 0.0007    |
|    n_updates          | 39699     |
|    policy_loss        | -1.32e+04 |
|    reward             | 1361.0994 |
|    std                | 0.0507    |
|    value_loss         | 2e+07     |
-------------------------------------
EPISODE:  200
-------------------------------------
| time/                 |           |
|    fps                | 15        |
|    iterations         | 39800     |
|    time_elapsed       | 13022     |
|    total_timesteps    | 199000    |
| train/                |           |
|    entropy_loss       | 3.33      |
|    explained_variance | -1.19e-07 |
|    learning_rate      | 0.0007    |
|    n_updates          | 39799     |
|    policy_loss        | -2.49e+04 |
|    reward             | 2085.917  |
|    std                | 0.0501    |
|    value_loss         | 4.51e+07  |
-------------------------------------
-------------------------------------
| time/                 |           |
|    fps                | 15        |
|    iterations         | 39900     |
|    time_elapsed       | 13055     |
|    total_timesteps    | 199500    |
| train/                |           |
|    entropy_loss       | 3.34      |
|    explained_variance | 0         |
|    learning_rate      | 0.0007    |
|    n_updates          | 39899     |
|    policy_loss        | -1.42e+04 |
|    reward             | 1361.0994 |
|    std                | 0.0499    |
|    value_loss         | 2e+07     |
-------------------------------------
EPISODE:  201
-------------------------------------
| time/                 |           |
|    fps                | 15        |
|    iterations         | 40000     |
|    time_elapsed       | 13088     |
|    total_timesteps    | 200000    |
| train/                |           |
|    entropy_loss       | 3.36      |
|    explained_variance | 0         |
|    learning_rate      | 0.0007    |
|    n_updates          | 39999     |
|    policy_loss        | -1.99e+04 |
|    reward             | 2085.917  |
|    std                | 0.0495    |
|    value_loss         | 4.51e+07  |
-------------------------------------
-------------------------------------
| time/                 |           |
|    fps                | 15        |
|    iterations         | 40100     |
|    time_elapsed       | 13120     |
|    total_timesteps    | 200500    |
| train/                |           |
|    entropy_loss       | 3.38      |
|    explained_variance | 0         |
|    learning_rate      | 0.0007    |
|    n_updates          | 40099     |
|    policy_loss        | -1.62e+04 |
|    reward             | 1361.0994 |
|    std                | 0.0492    |
|    value_loss         | 2e+07     |
-------------------------------------
EPISODE:  202
-------------------------------------
| time/                 |           |
|    fps                | 15        |
|    iterations         | 40200     |
|    time_elapsed       | 13153     |
|    total_timesteps    | 201000    |
| train/                |           |
|    entropy_loss       | 3.4       |
|    explained_variance | 1.19e-07  |
|    learning_rate      | 0.0007    |
|    n_updates          | 40199     |
|    policy_loss        | -2.39e+04 |
|    reward             | 2085.917  |
|    std                | 0.0487    |
|    value_loss         | 4.51e+07  |
-------------------------------------
-------------------------------------
| time/                 |           |
|    fps                | 15        |
|    iterations         | 40300     |
|    time_elapsed       | 13186     |
|    total_timesteps    | 201500    |
| train/                |           |
|    entropy_loss       | 3.44      |
|    explained_variance | 0         |
|    learning_rate      | 0.0007    |
|    n_updates          | 40299     |
|    policy_loss        | -1.51e+04 |
|    reward             | 1361.0994 |
|    std                | 0.0478    |
|    value_loss         | 2e+07     |
-------------------------------------
EPISODE:  203
------------------------------------
| time/                 |          |
|    fps                | 15       |
|    iterations         | 40400    |
|    time_elapsed       | 13219    |
|    total_timesteps    | 202000   |
| train/                |          |
|    entropy_loss       | 3.47     |
|    explained_variance | 1.19e-07 |
|    learning_rate      | 0.0007   |
|    n_updates          | 40399    |
|    policy_loss        | -2.5e+04 |
|    reward             | 2085.917 |
|    std                | 0.0473   |
|    value_loss         | 4.51e+07 |
------------------------------------
-------------------------------------
| time/                 |           |
|    fps                | 15        |
|    iterations         | 40500     |
|    time_elapsed       | 13252     |
|    total_timesteps    | 202500    |
| train/                |           |
|    entropy_loss       | 3.48      |
|    explained_variance | 1.19e-07  |
|    learning_rate      | 0.0007    |
|    n_updates          | 40499     |
|    policy_loss        | -1.44e+04 |
|    reward             | 1361.0994 |
|    std                | 0.0472    |
|    value_loss         | 2e+07     |
-------------------------------------
EPISODE:  204
-------------------------------------
| time/                 |           |
|    fps                | 15        |
|    iterations         | 40600     |
|    time_elapsed       | 13284     |
|    total_timesteps    | 203000    |
| train/                |           |
|    entropy_loss       | 3.5       |
|    explained_variance | -1.19e-07 |
|    learning_rate      | 0.0007    |
|    n_updates          | 40599     |
|    policy_loss        | -2.22e+04 |
|    reward             | 2085.917  |
|    std                | 0.0467    |
|    value_loss         | 4.51e+07  |
-------------------------------------
-------------------------------------
| time/                 |           |
|    fps                | 15        |
|    iterations         | 40700     |
|    time_elapsed       | 13317     |
|    total_timesteps    | 203500    |
| train/                |           |
|    entropy_loss       | 3.5       |
|    explained_variance | -1.19e-07 |
|    learning_rate      | 0.0007    |
|    n_updates          | 40699     |
|    policy_loss        | -1.33e+04 |
|    reward             | 1361.0994 |
|    std                | 0.0465    |
|    value_loss         | 2e+07     |
-------------------------------------
EPISODE:  205
-------------------------------------
| time/                 |           |
|    fps                | 15        |
|    iterations         | 40800     |
|    time_elapsed       | 13350     |
|    total_timesteps    | 204000    |
| train/                |           |
|    entropy_loss       | 3.52      |
|    explained_variance | 0         |
|    learning_rate      | 0.0007    |
|    n_updates          | 40799     |
|    policy_loss        | -2.03e+04 |
|    reward             | 2085.917  |
|    std                | 0.0462    |
|    value_loss         | 4.51e+07  |
-------------------------------------
-------------------------------------
| time/                 |           |
|    fps                | 15        |
|    iterations         | 40900     |
|    time_elapsed       | 13383     |
|    total_timesteps    | 204500    |
| train/                |           |
|    entropy_loss       | 3.54      |
|    explained_variance | 0         |
|    learning_rate      | 0.0007    |
|    n_updates          | 40899     |
|    policy_loss        | -1.48e+04 |
|    reward             | 1361.0994 |
|    std                | 0.046     |
|    value_loss         | 2e+07     |
-------------------------------------
EPISODE:  206
-------------------------------------
| time/                 |           |
|    fps                | 15        |
|    iterations         | 41000     |
|    time_elapsed       | 13415     |
|    total_timesteps    | 205000    |
| train/                |           |
|    entropy_loss       | 3.56      |
|    explained_variance | 1.19e-07  |
|    learning_rate      | 0.0007    |
|    n_updates          | 40999     |
|    policy_loss        | -1.72e+04 |
|    reward             | 2085.917  |
|    std                | 0.0454    |
|    value_loss         | 4.51e+07  |
-------------------------------------
-------------------------------------
| time/                 |           |
|    fps                | 15        |
|    iterations         | 41100     |
|    time_elapsed       | 13448     |
|    total_timesteps    | 205500    |
| train/                |           |
|    entropy_loss       | 3.58      |
|    explained_variance | 0         |
|    learning_rate      | 0.0007    |
|    n_updates          | 41099     |
|    policy_loss        | -1.24e+04 |
|    reward             | 1361.0994 |
|    std                | 0.0449    |
|    value_loss         | 2e+07     |
-------------------------------------
EPISODE:  207
-------------------------------------
| time/                 |           |
|    fps                | 15        |
|    iterations         | 41200     |
|    time_elapsed       | 13481     |
|    total_timesteps    | 206000    |
| train/                |           |
|    entropy_loss       | 3.6       |
|    explained_variance | 1.19e-07  |
|    learning_rate      | 0.0007    |
|    n_updates          | 41199     |
|    policy_loss        | -2.44e+04 |
|    reward             | 2085.917  |
|    std                | 0.0446    |
|    value_loss         | 4.51e+07  |
-------------------------------------
-------------------------------------
| time/                 |           |
|    fps                | 15        |
|    iterations         | 41300     |
|    time_elapsed       | 13514     |
|    total_timesteps    | 206500    |
| train/                |           |
|    entropy_loss       | 3.61      |
|    explained_variance | 0         |
|    learning_rate      | 0.0007    |
|    n_updates          | 41299     |
|    policy_loss        | -1.66e+04 |
|    reward             | 1361.0994 |
|    std                | 0.0446    |
|    value_loss         | 2e+07     |
-------------------------------------
EPISODE:  208
-------------------------------------
| time/                 |           |
|    fps                | 15        |
|    iterations         | 41400     |
|    time_elapsed       | 13547     |
|    total_timesteps    | 207000    |
| train/                |           |
|    entropy_loss       | 3.64      |
|    explained_variance | -1.19e-07 |
|    learning_rate      | 0.0007    |
|    n_updates          | 41399     |
|    policy_loss        | -2.14e+04 |
|    reward             | 2085.917  |
|    std                | 0.0439    |
|    value_loss         | 4.51e+07  |
-------------------------------------
-------------------------------------
| time/                 |           |
|    fps                | 15        |
|    iterations         | 41500     |
|    time_elapsed       | 13579     |
|    total_timesteps    | 207500    |
| train/                |           |
|    entropy_loss       | 3.66      |
|    explained_variance | -1.19e-07 |
|    learning_rate      | 0.0007    |
|    n_updates          | 41499     |
|    policy_loss        | -1.17e+04 |
|    reward             | 1361.0994 |
|    std                | 0.0435    |
|    value_loss         | 2e+07     |
-------------------------------------
EPISODE:  209
-------------------------------------
| time/                 |           |
|    fps                | 15        |
|    iterations         | 41600     |
|    time_elapsed       | 13612     |
|    total_timesteps    | 208000    |
| train/                |           |
|    entropy_loss       | 3.69      |
|    explained_variance | -1.19e-07 |
|    learning_rate      | 0.0007    |
|    n_updates          | 41599     |
|    policy_loss        | -2.34e+04 |
|    reward             | 2085.917  |
|    std                | 0.0429    |
|    value_loss         | 4.51e+07  |
-------------------------------------
-------------------------------------
| time/                 |           |
|    fps                | 15        |
|    iterations         | 41700     |
|    time_elapsed       | 13646     |
|    total_timesteps    | 208500    |
| train/                |           |
|    entropy_loss       | 3.7       |
|    explained_variance | -1.19e-07 |
|    learning_rate      | 0.0007    |
|    n_updates          | 41699     |
|    policy_loss        | -1.44e+04 |
|    reward             | 1361.0994 |
|    std                | 0.0429    |
|    value_loss         | 2e+07     |
-------------------------------------
EPISODE:  210
-------------------------------------
| time/                 |           |
|    fps                | 15        |
|    iterations         | 41800     |
|    time_elapsed       | 13679     |
|    total_timesteps    | 209000    |
| train/                |           |
|    entropy_loss       | 3.72      |
|    explained_variance | 1.19e-07  |
|    learning_rate      | 0.0007    |
|    n_updates          | 41799     |
|    policy_loss        | -2.22e+04 |
|    reward             | 2085.917  |
|    std                | 0.0423    |
|    value_loss         | 4.51e+07  |
-------------------------------------
-------------------------------------
| time/                 |           |
|    fps                | 15        |
|    iterations         | 41900     |
|    time_elapsed       | 13712     |
|    total_timesteps    | 209500    |
| train/                |           |
|    entropy_loss       | 3.75      |
|    explained_variance | 0         |
|    learning_rate      | 0.0007    |
|    n_updates          | 41899     |
|    policy_loss        | -1.63e+04 |
|    reward             | 1361.0994 |
|    std                | 0.0418    |
|    value_loss         | 1.99e+07  |
-------------------------------------
EPISODE:  211
-------------------------------------
| time/                 |           |
|    fps                | 15        |
|    iterations         | 42000     |
|    time_elapsed       | 13745     |
|    total_timesteps    | 210000    |
| train/                |           |
|    entropy_loss       | 3.76      |
|    explained_variance | 0         |
|    learning_rate      | 0.0007    |
|    n_updates          | 41999     |
|    policy_loss        | -2.42e+04 |
|    reward             | 2085.917  |
|    std                | 0.0416    |
|    value_loss         | 4.51e+07  |
-------------------------------------
-------------------------------------
| time/                 |           |
|    fps                | 15        |
|    iterations         | 42100     |
|    time_elapsed       | 13777     |
|    total_timesteps    | 210500    |
| train/                |           |
|    entropy_loss       | 3.78      |
|    explained_variance | -1.19e-07 |
|    learning_rate      | 0.0007    |
|    n_updates          | 42099     |
|    policy_loss        | -1.66e+04 |
|    reward             | 1361.0994 |
|    std                | 0.0413    |
|    value_loss         | 1.99e+07  |
-------------------------------------
EPISODE:  212
-------------------------------------
| time/                 |           |
|    fps                | 15        |
|    iterations         | 42200     |
|    time_elapsed       | 13810     |
|    total_timesteps    | 211000    |
| train/                |           |
|    entropy_loss       | 3.78      |
|    explained_variance | 2.38e-07  |
|    learning_rate      | 0.0007    |
|    n_updates          | 42199     |
|    policy_loss        | -2.71e+04 |
|    reward             | 2085.917  |
|    std                | 0.0413    |
|    value_loss         | 4.51e+07  |
-------------------------------------
-------------------------------------
| time/                 |           |
|    fps                | 15        |
|    iterations         | 42300     |
|    time_elapsed       | 13843     |
|    total_timesteps    | 211500    |
| train/                |           |
|    entropy_loss       | 3.82      |
|    explained_variance | 0         |
|    learning_rate      | 0.0007    |
|    n_updates          | 42299     |
|    policy_loss        | -1.7e+04  |
|    reward             | 1361.0994 |
|    std                | 0.0408    |
|    value_loss         | 1.99e+07  |
-------------------------------------
EPISODE:  213
-------------------------------------
| time/                 |           |
|    fps                | 15        |
|    iterations         | 42400     |
|    time_elapsed       | 13876     |
|    total_timesteps    | 212000    |
| train/                |           |
|    entropy_loss       | 3.84      |
|    explained_variance | 0         |
|    learning_rate      | 0.0007    |
|    n_updates          | 42399     |
|    policy_loss        | -2.47e+04 |
|    reward             | 2085.917  |
|    std                | 0.0405    |
|    value_loss         | 4.51e+07  |
-------------------------------------
-------------------------------------
| time/                 |           |
|    fps                | 15        |
|    iterations         | 42500     |
|    time_elapsed       | 13909     |
|    total_timesteps    | 212500    |
| train/                |           |
|    entropy_loss       | 3.86      |
|    explained_variance | -1.19e-07 |
|    learning_rate      | 0.0007    |
|    n_updates          | 42499     |
|    policy_loss        | -1.24e+04 |
|    reward             | 1361.0994 |
|    std                | 0.04      |
|    value_loss         | 1.99e+07  |
-------------------------------------
EPISODE:  214
-------------------------------------
| time/                 |           |
|    fps                | 15        |
|    iterations         | 42600     |
|    time_elapsed       | 13941     |
|    total_timesteps    | 213000    |
| train/                |           |
|    entropy_loss       | 3.88      |
|    explained_variance | 1.19e-07  |
|    learning_rate      | 0.0007    |
|    n_updates          | 42599     |
|    policy_loss        | -2.43e+04 |
|    reward             | 2085.917  |
|    std                | 0.0397    |
|    value_loss         | 4.51e+07  |
-------------------------------------
-------------------------------------
| time/                 |           |
|    fps                | 15        |
|    iterations         | 42700     |
|    time_elapsed       | 13974     |
|    total_timesteps    | 213500    |
| train/                |           |
|    entropy_loss       | 3.89      |
|    explained_variance | 0         |
|    learning_rate      | 0.0007    |
|    n_updates          | 42699     |
|    policy_loss        | -1.3e+04  |
|    reward             | 1361.0994 |
|    std                | 0.0395    |
|    value_loss         | 1.99e+07  |
-------------------------------------
EPISODE:  215
-------------------------------------
| time/                 |           |
|    fps                | 15        |
|    iterations         | 42800     |
|    time_elapsed       | 14007     |
|    total_timesteps    | 214000    |
| train/                |           |
|    entropy_loss       | 3.92      |
|    explained_variance | -1.19e-07 |
|    learning_rate      | 0.0007    |
|    n_updates          | 42799     |
|    policy_loss        | -2.14e+04 |
|    reward             | 2085.917  |
|    std                | 0.0392    |
|    value_loss         | 4.51e+07  |
-------------------------------------
-------------------------------------
| time/                 |           |
|    fps                | 15        |
|    iterations         | 42900     |
|    time_elapsed       | 14040     |
|    total_timesteps    | 214500    |
| train/                |           |
|    entropy_loss       | 3.93      |
|    explained_variance | 5.96e-08  |
|    learning_rate      | 0.0007    |
|    n_updates          | 42899     |
|    policy_loss        | -1.53e+04 |
|    reward             | 1361.0994 |
|    std                | 0.0389    |
|    value_loss         | 1.99e+07  |
-------------------------------------
EPISODE:  216
-------------------------------------
| time/                 |           |
|    fps                | 15        |
|    iterations         | 43000     |
|    time_elapsed       | 14073     |
|    total_timesteps    | 215000    |
| train/                |           |
|    entropy_loss       | 3.94      |
|    explained_variance | 0         |
|    learning_rate      | 0.0007    |
|    n_updates          | 42999     |
|    policy_loss        | -2.34e+04 |
|    reward             | 2085.917  |
|    std                | 0.0389    |
|    value_loss         | 4.51e+07  |
-------------------------------------
-------------------------------------
| time/                 |           |
|    fps                | 15        |
|    iterations         | 43100     |
|    time_elapsed       | 14105     |
|    total_timesteps    | 215500    |
| train/                |           |
|    entropy_loss       | 3.95      |
|    explained_variance | 0         |
|    learning_rate      | 0.0007    |
|    n_updates          | 43099     |
|    policy_loss        | -1.62e+04 |
|    reward             | 1361.0994 |
|    std                | 0.0387    |
|    value_loss         | 1.99e+07  |
-------------------------------------
EPISODE:  217
------------------------------------
| time/                 |          |
|    fps                | 15       |
|    iterations         | 43200    |
|    time_elapsed       | 14138    |
|    total_timesteps    | 216000   |
| train/                |          |
|    entropy_loss       | 3.97     |
|    explained_variance | 0        |
|    learning_rate      | 0.0007   |
|    n_updates          | 43199    |
|    policy_loss        | -2.3e+04 |
|    reward             | 2085.917 |
|    std                | 0.0385   |
|    value_loss         | 4.51e+07 |
------------------------------------
-------------------------------------
| time/                 |           |
|    fps                | 15        |
|    iterations         | 43300     |
|    time_elapsed       | 14171     |
|    total_timesteps    | 216500    |
| train/                |           |
|    entropy_loss       | 3.99      |
|    explained_variance | 0         |
|    learning_rate      | 0.0007    |
|    n_updates          | 43299     |
|    policy_loss        | -1.47e+04 |
|    reward             | 1361.0994 |
|    std                | 0.0381    |
|    value_loss         | 1.99e+07  |
-------------------------------------
EPISODE:  218
-------------------------------------
| time/                 |           |
|    fps                | 15        |
|    iterations         | 43400     |
|    time_elapsed       | 14204     |
|    total_timesteps    | 217000    |
| train/                |           |
|    entropy_loss       | 4.02      |
|    explained_variance | 0         |
|    learning_rate      | 0.0007    |
|    n_updates          | 43399     |
|    policy_loss        | -2.45e+04 |
|    reward             | 2085.917  |
|    std                | 0.0376    |
|    value_loss         | 4.51e+07  |
-------------------------------------
-------------------------------------
| time/                 |           |
|    fps                | 15        |
|    iterations         | 43500     |
|    time_elapsed       | 14237     |
|    total_timesteps    | 217500    |
| train/                |           |
|    entropy_loss       | 4.03      |
|    explained_variance | 0         |
|    learning_rate      | 0.0007    |
|    n_updates          | 43499     |
|    policy_loss        | -1.44e+04 |
|    reward             | 1361.0994 |
|    std                | 0.0373    |
|    value_loss         | 1.99e+07  |
-------------------------------------
EPISODE:  219
-------------------------------------
| time/                 |           |
|    fps                | 15        |
|    iterations         | 43600     |
|    time_elapsed       | 14269     |
|    total_timesteps    | 218000    |
| train/                |           |
|    entropy_loss       | 4.07      |
|    explained_variance | 5.96e-08  |
|    learning_rate      | 0.0007    |
|    n_updates          | 43599     |
|    policy_loss        | -2.68e+04 |
|    reward             | 2085.917  |
|    std                | 0.0366    |
|    value_loss         | 4.51e+07  |
-------------------------------------
-------------------------------------
| time/                 |           |
|    fps                | 15        |
|    iterations         | 43700     |
|    time_elapsed       | 14302     |
|    total_timesteps    | 218500    |
| train/                |           |
|    entropy_loss       | 4.09      |
|    explained_variance | 0         |
|    learning_rate      | 0.0007    |
|    n_updates          | 43699     |
|    policy_loss        | -1.95e+04 |
|    reward             | 1361.0994 |
|    std                | 0.0364    |
|    value_loss         | 1.99e+07  |
-------------------------------------
EPISODE:  220
-------------------------------------
| time/                 |           |
|    fps                | 15        |
|    iterations         | 43800     |
|    time_elapsed       | 14335     |
|    total_timesteps    | 219000    |
| train/                |           |
|    entropy_loss       | 4.1       |
|    explained_variance | 1.19e-07  |
|    learning_rate      | 0.0007    |
|    n_updates          | 43799     |
|    policy_loss        | -2.29e+04 |
|    reward             | 2085.917  |
|    std                | 0.0363    |
|    value_loss         | 4.51e+07  |
-------------------------------------
-------------------------------------
| time/                 |           |
|    fps                | 15        |
|    iterations         | 43900     |
|    time_elapsed       | 14367     |
|    total_timesteps    | 219500    |
| train/                |           |
|    entropy_loss       | 4.13      |
|    explained_variance | 0         |
|    learning_rate      | 0.0007    |
|    n_updates          | 43899     |
|    policy_loss        | -1.92e+04 |
|    reward             | 1361.0994 |
|    std                | 0.0359    |
|    value_loss         | 1.99e+07  |
-------------------------------------
EPISODE:  221
-------------------------------------
| time/                 |           |
|    fps                | 15        |
|    iterations         | 44000     |
|    time_elapsed       | 14400     |
|    total_timesteps    | 220000    |
| train/                |           |
|    entropy_loss       | 4.14      |
|    explained_variance | 1.19e-07  |
|    learning_rate      | 0.0007    |
|    n_updates          | 43999     |
|    policy_loss        | -2.67e+04 |
|    reward             | 2085.917  |
|    std                | 0.0357    |
|    value_loss         | 4.51e+07  |
-------------------------------------
-------------------------------------
| time/                 |           |
|    fps                | 15        |
|    iterations         | 44100     |
|    time_elapsed       | 14433     |
|    total_timesteps    | 220500    |
| train/                |           |
|    entropy_loss       | 4.16      |
|    explained_variance | 0         |
|    learning_rate      | 0.0007    |
|    n_updates          | 44099     |
|    policy_loss        | -1.8e+04  |
|    reward             | 1361.0994 |
|    std                | 0.0354    |
|    value_loss         | 1.99e+07  |
-------------------------------------
EPISODE:  222
-------------------------------------
| time/                 |           |
|    fps                | 15        |
|    iterations         | 44200     |
|    time_elapsed       | 14466     |
|    total_timesteps    | 221000    |
| train/                |           |
|    entropy_loss       | 4.19      |
|    explained_variance | 1.19e-07  |
|    learning_rate      | 0.0007    |
|    n_updates          | 44199     |
|    policy_loss        | -2.57e+04 |
|    reward             | 2085.917  |
|    std                | 0.0348    |
|    value_loss         | 4.51e+07  |
-------------------------------------
-------------------------------------
| time/                 |           |
|    fps                | 15        |
|    iterations         | 44300     |
|    time_elapsed       | 14499     |
|    total_timesteps    | 221500    |
| train/                |           |
|    entropy_loss       | 4.22      |
|    explained_variance | -1.19e-07 |
|    learning_rate      | 0.0007    |
|    n_updates          | 44299     |
|    policy_loss        | -1.58e+04 |
|    reward             | 1361.0994 |
|    std                | 0.0344    |
|    value_loss         | 1.99e+07  |
-------------------------------------
EPISODE:  223
-------------------------------------
| time/                 |           |
|    fps                | 15        |
|    iterations         | 44400     |
|    time_elapsed       | 14531     |
|    total_timesteps    | 222000    |
| train/                |           |
|    entropy_loss       | 4.25      |
|    explained_variance | 0         |
|    learning_rate      | 0.0007    |
|    n_updates          | 44399     |
|    policy_loss        | -2.77e+04 |
|    reward             | 2085.917  |
|    std                | 0.0338    |
|    value_loss         | 4.51e+07  |
-------------------------------------
-------------------------------------
| time/                 |           |
|    fps                | 15        |
|    iterations         | 44500     |
|    time_elapsed       | 14564     |
|    total_timesteps    | 222500    |
| train/                |           |
|    entropy_loss       | 4.29      |
|    explained_variance | 1.19e-07  |
|    learning_rate      | 0.0007    |
|    n_updates          | 44499     |
|    policy_loss        | -1.77e+04 |
|    reward             | 1361.0994 |
|    std                | 0.0332    |
|    value_loss         | 1.99e+07  |
-------------------------------------
EPISODE:  224
-------------------------------------
| time/                 |           |
|    fps                | 15        |
|    iterations         | 44600     |
|    time_elapsed       | 14598     |
|    total_timesteps    | 223000    |
| train/                |           |
|    entropy_loss       | 4.31      |
|    explained_variance | 0         |
|    learning_rate      | 0.0007    |
|    n_updates          | 44599     |
|    policy_loss        | -2.13e+04 |
|    reward             | 2085.917  |
|    std                | 0.0329    |
|    value_loss         | 4.51e+07  |
-------------------------------------
-------------------------------------
| time/                 |           |
|    fps                | 15        |
|    iterations         | 44700     |
|    time_elapsed       | 14631     |
|    total_timesteps    | 223500    |
| train/                |           |
|    entropy_loss       | 4.33      |
|    explained_variance | 0         |
|    learning_rate      | 0.0007    |
|    n_updates          | 44699     |
|    policy_loss        | -1.85e+04 |
|    reward             | 1361.0994 |
|    std                | 0.0325    |
|    value_loss         | 1.99e+07  |
-------------------------------------
EPISODE:  225
-------------------------------------
| time/                 |           |
|    fps                | 15        |
|    iterations         | 44800     |
|    time_elapsed       | 14664     |
|    total_timesteps    | 224000    |
| train/                |           |
|    entropy_loss       | 4.35      |
|    explained_variance | 0         |
|    learning_rate      | 0.0007    |
|    n_updates          | 44799     |
|    policy_loss        | -2.86e+04 |
|    reward             | 2085.917  |
|    std                | 0.0323    |
|    value_loss         | 4.51e+07  |
-------------------------------------
-------------------------------------
| time/                 |           |
|    fps                | 15        |
|    iterations         | 44900     |
|    time_elapsed       | 14697     |
|    total_timesteps    | 224500    |
| train/                |           |
|    entropy_loss       | 4.37      |
|    explained_variance | 1.19e-07  |
|    learning_rate      | 0.0007    |
|    n_updates          | 44899     |
|    policy_loss        | -1.84e+04 |
|    reward             | 1361.0994 |
|    std                | 0.0319    |
|    value_loss         | 1.99e+07  |
-------------------------------------
EPISODE:  226
-------------------------------------
| time/                 |           |
|    fps                | 15        |
|    iterations         | 45000     |
|    time_elapsed       | 14729     |
|    total_timesteps    | 225000    |
| train/                |           |
|    entropy_loss       | 4.39      |
|    explained_variance | 0         |
|    learning_rate      | 0.0007    |
|    n_updates          | 44999     |
|    policy_loss        | -2.72e+04 |
|    reward             | 2085.917  |
|    std                | 0.0317    |
|    value_loss         | 4.51e+07  |
-------------------------------------
-------------------------------------
| time/                 |           |
|    fps                | 15        |
|    iterations         | 45100     |
|    time_elapsed       | 14762     |
|    total_timesteps    | 225500    |
| train/                |           |
|    entropy_loss       | 4.41      |
|    explained_variance | 0         |
|    learning_rate      | 0.0007    |
|    n_updates          | 45099     |
|    policy_loss        | -1.99e+04 |
|    reward             | 1361.0994 |
|    std                | 0.0314    |
|    value_loss         | 1.99e+07  |
-------------------------------------
EPISODE:  227
-------------------------------------
| time/                 |           |
|    fps                | 15        |
|    iterations         | 45200     |
|    time_elapsed       | 14795     |
|    total_timesteps    | 226000    |
| train/                |           |
|    entropy_loss       | 4.43      |
|    explained_variance | 1.19e-07  |
|    learning_rate      | 0.0007    |
|    n_updates          | 45199     |
|    policy_loss        | -3.05e+04 |
|    reward             | 2085.917  |
|    std                | 0.0312    |
|    value_loss         | 4.51e+07  |
-------------------------------------
-------------------------------------
| time/                 |           |
|    fps                | 15        |
|    iterations         | 45300     |
|    time_elapsed       | 14828     |
|    total_timesteps    | 226500    |
| train/                |           |
|    entropy_loss       | 4.45      |
|    explained_variance | 0         |
|    learning_rate      | 0.0007    |
|    n_updates          | 45299     |
|    policy_loss        | -1.96e+04 |
|    reward             | 1361.0994 |
|    std                | 0.0309    |
|    value_loss         | 1.99e+07  |
-------------------------------------
EPISODE:  228
-------------------------------------
| time/                 |           |
|    fps                | 15        |
|    iterations         | 45400     |
|    time_elapsed       | 14860     |
|    total_timesteps    | 227000    |
| train/                |           |
|    entropy_loss       | 4.47      |
|    explained_variance | -1.19e-07 |
|    learning_rate      | 0.0007    |
|    n_updates          | 45399     |
|    policy_loss        | -3.15e+04 |
|    reward             | 2085.917  |
|    std                | 0.0308    |
|    value_loss         | 4.51e+07  |
-------------------------------------
-------------------------------------
| time/                 |           |
|    fps                | 15        |
|    iterations         | 45500     |
|    time_elapsed       | 14893     |
|    total_timesteps    | 227500    |
| train/                |           |
|    entropy_loss       | 4.5       |
|    explained_variance | 0         |
|    learning_rate      | 0.0007    |
|    n_updates          | 45499     |
|    policy_loss        | -2.06e+04 |
|    reward             | 1361.0994 |
|    std                | 0.0303    |
|    value_loss         | 1.99e+07  |
-------------------------------------
EPISODE:  229
-------------------------------------
| time/                 |           |
|    fps                | 15        |
|    iterations         | 45600     |
|    time_elapsed       | 14926     |
|    total_timesteps    | 228000    |
| train/                |           |
|    entropy_loss       | 4.52      |
|    explained_variance | 1.19e-07  |
|    learning_rate      | 0.0007    |
|    n_updates          | 45599     |
|    policy_loss        | -2.99e+04 |
|    reward             | 2085.917  |
|    std                | 0.0301    |
|    value_loss         | 4.51e+07  |
-------------------------------------
-------------------------------------
| time/                 |           |
|    fps                | 15        |
|    iterations         | 45700     |
|    time_elapsed       | 14959     |
|    total_timesteps    | 228500    |
| train/                |           |
|    entropy_loss       | 4.55      |
|    explained_variance | 0         |
|    learning_rate      | 0.0007    |
|    n_updates          | 45699     |
|    policy_loss        | -1.65e+04 |
|    reward             | 1361.0994 |
|    std                | 0.0299    |
|    value_loss         | 1.99e+07  |
-------------------------------------
EPISODE:  230
-------------------------------------
| time/                 |           |
|    fps                | 15        |
|    iterations         | 45800     |
|    time_elapsed       | 14992     |
|    total_timesteps    | 229000    |
| train/                |           |
|    entropy_loss       | 4.56      |
|    explained_variance | 5.96e-08  |
|    learning_rate      | 0.0007    |
|    n_updates          | 45799     |
|    policy_loss        | -2.85e+04 |
|    reward             | 2085.917  |
|    std                | 0.0297    |
|    value_loss         | 4.51e+07  |
-------------------------------------
-------------------------------------
| time/                 |           |
|    fps                | 15        |
|    iterations         | 45900     |
|    time_elapsed       | 15024     |
|    total_timesteps    | 229500    |
| train/                |           |
|    entropy_loss       | 4.55      |
|    explained_variance | 0         |
|    learning_rate      | 0.0007    |
|    n_updates          | 45899     |
|    policy_loss        | -1.95e+04 |
|    reward             | 1361.0994 |
|    std                | 0.0298    |
|    value_loss         | 1.99e+07  |
-------------------------------------
EPISODE:  231
-------------------------------------
| time/                 |           |
|    fps                | 15        |
|    iterations         | 46000     |
|    time_elapsed       | 15057     |
|    total_timesteps    | 230000    |
| train/                |           |
|    entropy_loss       | 4.59      |
|    explained_variance | 0         |
|    learning_rate      | 0.0007    |
|    n_updates          | 45999     |
|    policy_loss        | -2.78e+04 |
|    reward             | 2085.917  |
|    std                | 0.0293    |
|    value_loss         | 4.51e+07  |
-------------------------------------
-------------------------------------
| time/                 |           |
|    fps                | 15        |
|    iterations         | 46100     |
|    time_elapsed       | 15090     |
|    total_timesteps    | 230500    |
| train/                |           |
|    entropy_loss       | 4.62      |
|    explained_variance | -1.19e-07 |
|    learning_rate      | 0.0007    |
|    n_updates          | 46099     |
|    policy_loss        | -2.13e+04 |
|    reward             | 1361.0994 |
|    std                | 0.029     |
|    value_loss         | 1.99e+07  |
-------------------------------------
EPISODE:  232
-------------------------------------
| time/                 |           |
|    fps                | 15        |
|    iterations         | 46200     |
|    time_elapsed       | 15123     |
|    total_timesteps    | 231000    |
| train/                |           |
|    entropy_loss       | 4.63      |
|    explained_variance | 0         |
|    learning_rate      | 0.0007    |
|    n_updates          | 46199     |
|    policy_loss        | -2.61e+04 |
|    reward             | 2085.917  |
|    std                | 0.0287    |
|    value_loss         | 4.51e+07  |
-------------------------------------
-------------------------------------
| time/                 |           |
|    fps                | 15        |
|    iterations         | 46300     |
|    time_elapsed       | 15156     |
|    total_timesteps    | 231500    |
| train/                |           |
|    entropy_loss       | 4.65      |
|    explained_variance | 1.19e-07  |
|    learning_rate      | 0.0007    |
|    n_updates          | 46299     |
|    policy_loss        | -1.9e+04  |
|    reward             | 1361.0994 |
|    std                | 0.0286    |
|    value_loss         | 1.99e+07  |
-------------------------------------
EPISODE:  233
-------------------------------------
| time/                 |           |
|    fps                | 15        |
|    iterations         | 46400     |
|    time_elapsed       | 15188     |
|    total_timesteps    | 232000    |
| train/                |           |
|    entropy_loss       | 4.66      |
|    explained_variance | -1.19e-07 |
|    learning_rate      | 0.0007    |
|    n_updates          | 46399     |
|    policy_loss        | -2.82e+04 |
|    reward             | 2085.917  |
|    std                | 0.0284    |
|    value_loss         | 4.51e+07  |
-------------------------------------
-------------------------------------
| time/                 |           |
|    fps                | 15        |
|    iterations         | 46500     |
|    time_elapsed       | 15221     |
|    total_timesteps    | 232500    |
| train/                |           |
|    entropy_loss       | 4.68      |
|    explained_variance | 0         |
|    learning_rate      | 0.0007    |
|    n_updates          | 46499     |
|    policy_loss        | -2.08e+04 |
|    reward             | 1361.0994 |
|    std                | 0.0281    |
|    value_loss         | 1.99e+07  |
-------------------------------------
EPISODE:  234
-------------------------------------
| time/                 |           |
|    fps                | 15        |
|    iterations         | 46600     |
|    time_elapsed       | 15254     |
|    total_timesteps    | 233000    |
| train/                |           |
|    entropy_loss       | 4.71      |
|    explained_variance | -1.19e-07 |
|    learning_rate      | 0.0007    |
|    n_updates          | 46599     |
|    policy_loss        | -2.9e+04  |
|    reward             | 2085.917  |
|    std                | 0.0279    |
|    value_loss         | 4.5e+07   |
-------------------------------------
-------------------------------------
| time/                 |           |
|    fps                | 15        |
|    iterations         | 46700     |
|    time_elapsed       | 15287     |
|    total_timesteps    | 233500    |
| train/                |           |
|    entropy_loss       | 4.74      |
|    explained_variance | 0         |
|    learning_rate      | 0.0007    |
|    n_updates          | 46699     |
|    policy_loss        | -2.04e+04 |
|    reward             | 1361.0994 |
|    std                | 0.0276    |
|    value_loss         | 1.99e+07  |
-------------------------------------
EPISODE:  235
-------------------------------------
| time/                 |           |
|    fps                | 15        |
|    iterations         | 46800     |
|    time_elapsed       | 15320     |
|    total_timesteps    | 234000    |
| train/                |           |
|    entropy_loss       | 4.77      |
|    explained_variance | 0         |
|    learning_rate      | 0.0007    |
|    n_updates          | 46799     |
|    policy_loss        | -2.57e+04 |
|    reward             | 2085.917  |
|    std                | 0.0272    |
|    value_loss         | 4.5e+07   |
-------------------------------------
-------------------------------------
| time/                 |           |
|    fps                | 15        |
|    iterations         | 46900     |
|    time_elapsed       | 15352     |
|    total_timesteps    | 234500    |
| train/                |           |
|    entropy_loss       | 4.8       |
|    explained_variance | 0         |
|    learning_rate      | 0.0007    |
|    n_updates          | 46899     |
|    policy_loss        | -2.01e+04 |
|    reward             | 1361.0994 |
|    std                | 0.0269    |
|    value_loss         | 1.99e+07  |
-------------------------------------
EPISODE:  236
-------------------------------------
| time/                 |           |
|    fps                | 15        |
|    iterations         | 47000     |
|    time_elapsed       | 15385     |
|    total_timesteps    | 235000    |
| train/                |           |
|    entropy_loss       | 4.82      |
|    explained_variance | 0         |
|    learning_rate      | 0.0007    |
|    n_updates          | 46999     |
|    policy_loss        | -3.03e+04 |
|    reward             | 2085.917  |
|    std                | 0.0268    |
|    value_loss         | 4.5e+07   |
-------------------------------------
-------------------------------------
| time/                 |           |
|    fps                | 15        |
|    iterations         | 47100     |
|    time_elapsed       | 15418     |
|    total_timesteps    | 235500    |
| train/                |           |
|    entropy_loss       | 4.83      |
|    explained_variance | -2.38e-07 |
|    learning_rate      | 0.0007    |
|    n_updates          | 47099     |
|    policy_loss        | -2.08e+04 |
|    reward             | 1361.0994 |
|    std                | 0.0266    |
|    value_loss         | 1.99e+07  |
-------------------------------------
EPISODE:  237
-------------------------------------
| time/                 |           |
|    fps                | 15        |
|    iterations         | 47200     |
|    time_elapsed       | 15451     |
|    total_timesteps    | 236000    |
| train/                |           |
|    entropy_loss       | 4.85      |
|    explained_variance | 5.96e-08  |
|    learning_rate      | 0.0007    |
|    n_updates          | 47199     |
|    policy_loss        | -3.08e+04 |
|    reward             | 2085.917  |
|    std                | 0.0264    |
|    value_loss         | 4.5e+07   |
-------------------------------------
-------------------------------------
| time/                 |           |
|    fps                | 15        |
|    iterations         | 47300     |
|    time_elapsed       | 15483     |
|    total_timesteps    | 236500    |
| train/                |           |
|    entropy_loss       | 4.87      |
|    explained_variance | 0         |
|    learning_rate      | 0.0007    |
|    n_updates          | 47299     |
|    policy_loss        | -1.62e+04 |
|    reward             | 1361.0994 |
|    std                | 0.0261    |
|    value_loss         | 1.99e+07  |
-------------------------------------
EPISODE:  238
-------------------------------------
| time/                 |           |
|    fps                | 15        |
|    iterations         | 47400     |
|    time_elapsed       | 15517     |
|    total_timesteps    | 237000    |
| train/                |           |
|    entropy_loss       | 4.89      |
|    explained_variance | -1.19e-07 |
|    learning_rate      | 0.0007    |
|    n_updates          | 47399     |
|    policy_loss        | -2.83e+04 |
|    reward             | 2085.917  |
|    std                | 0.0258    |
|    value_loss         | 4.5e+07   |
-------------------------------------
-------------------------------------
| time/                 |           |
|    fps                | 15        |
|    iterations         | 47500     |
|    time_elapsed       | 15550     |
|    total_timesteps    | 237500    |
| train/                |           |
|    entropy_loss       | 4.92      |
|    explained_variance | -1.19e-07 |
|    learning_rate      | 0.0007    |
|    n_updates          | 47499     |
|    policy_loss        | -1.76e+04 |
|    reward             | 1361.0994 |
|    std                | 0.0255    |
|    value_loss         | 1.99e+07  |
-------------------------------------
EPISODE:  239
-------------------------------------
| time/                 |           |
|    fps                | 15        |
|    iterations         | 47600     |
|    time_elapsed       | 15583     |
|    total_timesteps    | 238000    |
| train/                |           |
|    entropy_loss       | 4.94      |
|    explained_variance | 0         |
|    learning_rate      | 0.0007    |
|    n_updates          | 47599     |
|    policy_loss        | -2.29e+04 |
|    reward             | 2085.917  |
|    std                | 0.0252    |
|    value_loss         | 4.5e+07   |
-------------------------------------
-------------------------------------
| time/                 |           |
|    fps                | 15        |
|    iterations         | 47700     |
|    time_elapsed       | 15616     |
|    total_timesteps    | 238500    |
| train/                |           |
|    entropy_loss       | 4.97      |
|    explained_variance | 0         |
|    learning_rate      | 0.0007    |
|    n_updates          | 47699     |
|    policy_loss        | -1.93e+04 |
|    reward             | 1361.0994 |
|    std                | 0.0249    |
|    value_loss         | 1.99e+07  |
-------------------------------------
EPISODE:  240
-------------------------------------
| time/                 |           |
|    fps                | 15        |
|    iterations         | 47800     |
|    time_elapsed       | 15649     |
|    total_timesteps    | 239000    |
| train/                |           |
|    entropy_loss       | 4.98      |
|    explained_variance | 0         |
|    learning_rate      | 0.0007    |
|    n_updates          | 47799     |
|    policy_loss        | -2.95e+04 |
|    reward             | 2085.917  |
|    std                | 0.0248    |
|    value_loss         | 4.5e+07   |
-------------------------------------
-------------------------------------
| time/                 |           |
|    fps                | 15        |
|    iterations         | 47900     |
|    time_elapsed       | 15682     |
|    total_timesteps    | 239500    |
| train/                |           |
|    entropy_loss       | 4.99      |
|    explained_variance | 0         |
|    learning_rate      | 0.0007    |
|    n_updates          | 47899     |
|    policy_loss        | -2.21e+04 |
|    reward             | 1361.0994 |
|    std                | 0.0248    |
|    value_loss         | 1.99e+07  |
-------------------------------------
EPISODE:  241
-------------------------------------
| time/                 |           |
|    fps                | 15        |
|    iterations         | 48000     |
|    time_elapsed       | 15714     |
|    total_timesteps    | 240000    |
| train/                |           |
|    entropy_loss       | 5.01      |
|    explained_variance | 0         |
|    learning_rate      | 0.0007    |
|    n_updates          | 47999     |
|    policy_loss        | -3.37e+04 |
|    reward             | 2085.917  |
|    std                | 0.0246    |
|    value_loss         | 4.5e+07   |
-------------------------------------
-------------------------------------
| time/                 |           |
|    fps                | 15        |
|    iterations         | 48100     |
|    time_elapsed       | 15747     |
|    total_timesteps    | 240500    |
| train/                |           |
|    entropy_loss       | 5.03      |
|    explained_variance | 1.19e-07  |
|    learning_rate      | 0.0007    |
|    n_updates          | 48099     |
|    policy_loss        | -1.9e+04  |
|    reward             | 1361.0994 |
|    std                | 0.0244    |
|    value_loss         | 1.99e+07  |
-------------------------------------
EPISODE:  242
-------------------------------------
| time/                 |           |
|    fps                | 15        |
|    iterations         | 48200     |
|    time_elapsed       | 15780     |
|    total_timesteps    | 241000    |
| train/                |           |
|    entropy_loss       | 5.04      |
|    explained_variance | -2.38e-07 |
|    learning_rate      | 0.0007    |
|    n_updates          | 48199     |
|    policy_loss        | -3.32e+04 |
|    reward             | 2085.917  |
|    std                | 0.0243    |
|    value_loss         | 4.5e+07   |
-------------------------------------
-------------------------------------
| time/                 |           |
|    fps                | 15        |
|    iterations         | 48300     |
|    time_elapsed       | 15813     |
|    total_timesteps    | 241500    |
| train/                |           |
|    entropy_loss       | 5.07      |
|    explained_variance | 0         |
|    learning_rate      | 0.0007    |
|    n_updates          | 48299     |
|    policy_loss        | -2.13e+04 |
|    reward             | 1361.0994 |
|    std                | 0.0239    |
|    value_loss         | 1.99e+07  |
-------------------------------------
EPISODE:  243
-------------------------------------
| time/                 |           |
|    fps                | 15        |
|    iterations         | 48400     |
|    time_elapsed       | 15846     |
|    total_timesteps    | 242000    |
| train/                |           |
|    entropy_loss       | 5.08      |
|    explained_variance | 0         |
|    learning_rate      | 0.0007    |
|    n_updates          | 48399     |
|    policy_loss        | -3.42e+04 |
|    reward             | 2085.917  |
|    std                | 0.0239    |
|    value_loss         | 4.5e+07   |
-------------------------------------
-------------------------------------
| time/                 |           |
|    fps                | 15        |
|    iterations         | 48500     |
|    time_elapsed       | 15879     |
|    total_timesteps    | 242500    |
| train/                |           |
|    entropy_loss       | 5.09      |
|    explained_variance | 5.96e-08  |
|    learning_rate      | 0.0007    |
|    n_updates          | 48499     |
|    policy_loss        | -2.11e+04 |
|    reward             | 1361.0994 |
|    std                | 0.0239    |
|    value_loss         | 1.99e+07  |
-------------------------------------
EPISODE:  244
-------------------------------------
| time/                 |           |
|    fps                | 15        |
|    iterations         | 48600     |
|    time_elapsed       | 15911     |
|    total_timesteps    | 243000    |
| train/                |           |
|    entropy_loss       | 5.12      |
|    explained_variance | 1.19e-07  |
|    learning_rate      | 0.0007    |
|    n_updates          | 48599     |
|    policy_loss        | -2.77e+04 |
|    reward             | 2085.917  |
|    std                | 0.0236    |
|    value_loss         | 4.5e+07   |
-------------------------------------
-------------------------------------
| time/                 |           |
|    fps                | 15        |
|    iterations         | 48700     |
|    time_elapsed       | 15944     |
|    total_timesteps    | 243500    |
| train/                |           |
|    entropy_loss       | 5.13      |
|    explained_variance | 0         |
|    learning_rate      | 0.0007    |
|    n_updates          | 48699     |
|    policy_loss        | -1.86e+04 |
|    reward             | 1361.0994 |
|    std                | 0.0235    |
|    value_loss         | 1.99e+07  |
-------------------------------------
EPISODE:  245
-------------------------------------
| time/                 |           |
|    fps                | 15        |
|    iterations         | 48800     |
|    time_elapsed       | 15977     |
|    total_timesteps    | 244000    |
| train/                |           |
|    entropy_loss       | 5.14      |
|    explained_variance | 0         |
|    learning_rate      | 0.0007    |
|    n_updates          | 48799     |
|    policy_loss        | -3.37e+04 |
|    reward             | 2085.917  |
|    std                | 0.0233    |
|    value_loss         | 4.5e+07   |
-------------------------------------
-------------------------------------
| time/                 |           |
|    fps                | 15        |
|    iterations         | 48900     |
|    time_elapsed       | 16010     |
|    total_timesteps    | 244500    |
| train/                |           |
|    entropy_loss       | 5.17      |
|    explained_variance | -1.19e-07 |
|    learning_rate      | 0.0007    |
|    n_updates          | 48899     |
|    policy_loss        | -2.13e+04 |
|    reward             | 1361.0994 |
|    std                | 0.023     |
|    value_loss         | 1.99e+07  |
-------------------------------------
EPISODE:  246
-------------------------------------
| time/                 |           |
|    fps                | 15        |
|    iterations         | 49000     |
|    time_elapsed       | 16042     |
|    total_timesteps    | 245000    |
| train/                |           |
|    entropy_loss       | 5.18      |
|    explained_variance | 1.79e-07  |
|    learning_rate      | 0.0007    |
|    n_updates          | 48999     |
|    policy_loss        | -3.39e+04 |
|    reward             | 2085.917  |
|    std                | 0.023     |
|    value_loss         | 4.5e+07   |
-------------------------------------
-------------------------------------
| time/                 |           |
|    fps                | 15        |
|    iterations         | 49100     |
|    time_elapsed       | 16075     |
|    total_timesteps    | 245500    |
| train/                |           |
|    entropy_loss       | 5.21      |
|    explained_variance | -1.19e-07 |
|    learning_rate      | 0.0007    |
|    n_updates          | 49099     |
|    policy_loss        | -1.83e+04 |
|    reward             | 1361.0994 |
|    std                | 0.0228    |
|    value_loss         | 1.99e+07  |
-------------------------------------
EPISODE:  247
-------------------------------------
| time/                 |           |
|    fps                | 15        |
|    iterations         | 49200     |
|    time_elapsed       | 16108     |
|    total_timesteps    | 246000    |
| train/                |           |
|    entropy_loss       | 5.23      |
|    explained_variance | 0         |
|    learning_rate      | 0.0007    |
|    n_updates          | 49199     |
|    policy_loss        | -3.04e+04 |
|    reward             | 2085.917  |
|    std                | 0.0225    |
|    value_loss         | 4.5e+07   |
-------------------------------------
-------------------------------------
| time/                 |           |
|    fps                | 15        |
|    iterations         | 49300     |
|    time_elapsed       | 16141     |
|    total_timesteps    | 246500    |
| train/                |           |
|    entropy_loss       | 5.24      |
|    explained_variance | -1.19e-07 |
|    learning_rate      | 0.0007    |
|    n_updates          | 49299     |
|    policy_loss        | -1.69e+04 |
|    reward             | 1361.0994 |
|    std                | 0.0225    |
|    value_loss         | 1.99e+07  |
-------------------------------------
EPISODE:  248
-------------------------------------
| time/                 |           |
|    fps                | 15        |
|    iterations         | 49400     |
|    time_elapsed       | 16174     |
|    total_timesteps    | 247000    |
| train/                |           |
|    entropy_loss       | 5.27      |
|    explained_variance | -1.19e-07 |
|    learning_rate      | 0.0007    |
|    n_updates          | 49399     |
|    policy_loss        | -3.39e+04 |
|    reward             | 2085.917  |
|    std                | 0.0221    |
|    value_loss         | 4.5e+07   |
-------------------------------------
-------------------------------------
| time/                 |           |
|    fps                | 15        |
|    iterations         | 49500     |
|    time_elapsed       | 16206     |
|    total_timesteps    | 247500    |
| train/                |           |
|    entropy_loss       | 5.29      |
|    explained_variance | 0         |
|    learning_rate      | 0.0007    |
|    n_updates          | 49499     |
|    policy_loss        | -2e+04    |
|    reward             | 1361.0994 |
|    std                | 0.022     |
|    value_loss         | 1.99e+07  |
-------------------------------------
EPISODE:  249
-------------------------------------
| time/                 |           |
|    fps                | 15        |
|    iterations         | 49600     |
|    time_elapsed       | 16239     |
|    total_timesteps    | 248000    |
| train/                |           |
|    entropy_loss       | 5.31      |
|    explained_variance | 0         |
|    learning_rate      | 0.0007    |
|    n_updates          | 49599     |
|    policy_loss        | -3.46e+04 |
|    reward             | 2085.917  |
|    std                | 0.0218    |
|    value_loss         | 4.5e+07   |
-------------------------------------
-------------------------------------
| time/                 |           |
|    fps                | 15        |
|    iterations         | 49700     |
|    time_elapsed       | 16272     |
|    total_timesteps    | 248500    |
| train/                |           |
|    entropy_loss       | 5.33      |
|    explained_variance | 0         |
|    learning_rate      | 0.0007    |
|    n_updates          | 49699     |
|    policy_loss        | -2.18e+04 |
|    reward             | 1361.0994 |
|    std                | 0.0216    |
|    value_loss         | 1.99e+07  |
-------------------------------------
EPISODE:  250
-------------------------------------
| time/                 |           |
|    fps                | 15        |
|    iterations         | 49800     |
|    time_elapsed       | 16305     |
|    total_timesteps    | 249000    |
| train/                |           |
|    entropy_loss       | 5.35      |
|    explained_variance | 0         |
|    learning_rate      | 0.0007    |
|    n_updates          | 49799     |
|    policy_loss        | -3.43e+04 |
|    reward             | 2085.917  |
|    std                | 0.0215    |
|    value_loss         | 4.5e+07   |
-------------------------------------
-------------------------------------
| time/                 |           |
|    fps                | 15        |
|    iterations         | 49900     |
|    time_elapsed       | 16338     |
|    total_timesteps    | 249500    |
| train/                |           |
|    entropy_loss       | 5.38      |
|    explained_variance | 2.38e-07  |
|    learning_rate      | 0.0007    |
|    n_updates          | 49899     |
|    policy_loss        | -2.37e+04 |
|    reward             | 1361.0994 |
|    std                | 0.0211    |
|    value_loss         | 1.99e+07  |
-------------------------------------
EPISODE:  251
-------------------------------------
| time/                 |           |
|    fps                | 15        |
|    iterations         | 50000     |
|    time_elapsed       | 16371     |
|    total_timesteps    | 250000    |
| train/                |           |
|    entropy_loss       | 5.41      |
|    explained_variance | 0         |
|    learning_rate      | 0.0007    |
|    n_updates          | 49999     |
|    policy_loss        | -3.09e+04 |
|    reward             | 2085.917  |
|    std                | 0.0209    |
|    value_loss         | 4.5e+07   |
-------------------------------------
-------------------------------------
| time/                 |           |
|    fps                | 15        |
|    iterations         | 50100     |
|    time_elapsed       | 16403     |
|    total_timesteps    | 250500    |
| train/                |           |
|    entropy_loss       | 5.43      |
|    explained_variance | -1.19e-07 |
|    learning_rate      | 0.0007    |
|    n_updates          | 50099     |
|    policy_loss        | -1.98e+04 |
|    reward             | 1361.0994 |
|    std                | 0.0207    |
|    value_loss         | 1.99e+07  |
-------------------------------------
EPISODE:  252
-------------------------------------
| time/                 |           |
|    fps                | 15        |
|    iterations         | 50200     |
|    time_elapsed       | 16437     |
|    total_timesteps    | 251000    |
| train/                |           |
|    entropy_loss       | 5.43      |
|    explained_variance | 0         |
|    learning_rate      | 0.0007    |
|    n_updates          | 50199     |
|    policy_loss        | -3.48e+04 |
|    reward             | 2085.917  |
|    std                | 0.0207    |
|    value_loss         | 4.5e+07   |
-------------------------------------
-------------------------------------
| time/                 |           |
|    fps                | 15        |
|    iterations         | 50300     |
|    time_elapsed       | 16470     |
|    total_timesteps    | 251500    |
| train/                |           |
|    entropy_loss       | 5.44      |
|    explained_variance | 0         |
|    learning_rate      | 0.0007    |
|    n_updates          | 50299     |
|    policy_loss        | -2.26e+04 |
|    reward             | 1361.0994 |
|    std                | 0.0207    |
|    value_loss         | 1.99e+07  |
-------------------------------------
EPISODE:  253
-------------------------------------
| time/                 |           |
|    fps                | 15        |
|    iterations         | 50400     |
|    time_elapsed       | 16503     |
|    total_timesteps    | 252000    |
| train/                |           |
|    entropy_loss       | 5.47      |
|    explained_variance | 0         |
|    learning_rate      | 0.0007    |
|    n_updates          | 50399     |
|    policy_loss        | -3.56e+04 |
|    reward             | 2085.917  |
|    std                | 0.0204    |
|    value_loss         | 4.5e+07   |
-------------------------------------
-------------------------------------
| time/                 |           |
|    fps                | 15        |
|    iterations         | 50500     |
|    time_elapsed       | 16536     |
|    total_timesteps    | 252500    |
| train/                |           |
|    entropy_loss       | 5.49      |
|    explained_variance | 0         |
|    learning_rate      | 0.0007    |
|    n_updates          | 50499     |
|    policy_loss        | -2.51e+04 |
|    reward             | 1361.0994 |
|    std                | 0.0203    |
|    value_loss         | 1.99e+07  |
-------------------------------------
EPISODE:  254
-------------------------------------
| time/                 |           |
|    fps                | 15        |
|    iterations         | 50600     |
|    time_elapsed       | 16569     |
|    total_timesteps    | 253000    |
| train/                |           |
|    entropy_loss       | 5.51      |
|    explained_variance | 1.19e-07  |
|    learning_rate      | 0.0007    |
|    n_updates          | 50599     |
|    policy_loss        | -3.31e+04 |
|    reward             | 2085.917  |
|    std                | 0.0202    |
|    value_loss         | 4.5e+07   |
-------------------------------------
-------------------------------------
| time/                 |           |
|    fps                | 15        |
|    iterations         | 50700     |
|    time_elapsed       | 16601     |
|    total_timesteps    | 253500    |
| train/                |           |
|    entropy_loss       | 5.53      |
|    explained_variance | 0         |
|    learning_rate      | 0.0007    |
|    n_updates          | 50699     |
|    policy_loss        | -2.18e+04 |
|    reward             | 1361.0994 |
|    std                | 0.0201    |
|    value_loss         | 1.99e+07  |
-------------------------------------
EPISODE:  255
-------------------------------------
| time/                 |           |
|    fps                | 15        |
|    iterations         | 50800     |
|    time_elapsed       | 16634     |
|    total_timesteps    | 254000    |
| train/                |           |
|    entropy_loss       | 5.57      |
|    explained_variance | 5.96e-08  |
|    learning_rate      | 0.0007    |
|    n_updates          | 50799     |
|    policy_loss        | -3.17e+04 |
|    reward             | 2085.917  |
|    std                | 0.0198    |
|    value_loss         | 4.5e+07   |
-------------------------------------
-------------------------------------
| time/                 |           |
|    fps                | 15        |
|    iterations         | 50900     |
|    time_elapsed       | 16667     |
|    total_timesteps    | 254500    |
| train/                |           |
|    entropy_loss       | 5.6       |
|    explained_variance | 0         |
|    learning_rate      | 0.0007    |
|    n_updates          | 50899     |
|    policy_loss        | -2.48e+04 |
|    reward             | 1361.0994 |
|    std                | 0.0196    |
|    value_loss         | 1.99e+07  |
-------------------------------------
EPISODE:  256
------------------------------------
| time/                 |          |
|    fps                | 15       |
|    iterations         | 51000    |
|    time_elapsed       | 16700    |
|    total_timesteps    | 255000   |
| train/                |          |
|    entropy_loss       | 5.61     |
|    explained_variance | 0        |
|    learning_rate      | 0.0007   |
|    n_updates          | 50999    |
|    policy_loss        | -3.5e+04 |
|    reward             | 2085.917 |
|    std                | 0.0195   |
|    value_loss         | 4.5e+07  |
------------------------------------
-------------------------------------
| time/                 |           |
|    fps                | 15        |
|    iterations         | 51100     |
|    time_elapsed       | 16732     |
|    total_timesteps    | 255500    |
| train/                |           |
|    entropy_loss       | 5.63      |
|    explained_variance | -1.19e-07 |
|    learning_rate      | 0.0007    |
|    n_updates          | 51099     |
|    policy_loss        | -2.28e+04 |
|    reward             | 1361.0994 |
|    std                | 0.0194    |
|    value_loss         | 1.99e+07  |
-------------------------------------
EPISODE:  257
-------------------------------------
| time/                 |           |
|    fps                | 15        |
|    iterations         | 51200     |
|    time_elapsed       | 16765     |
|    total_timesteps    | 256000    |
| train/                |           |
|    entropy_loss       | 5.64      |
|    explained_variance | 1.19e-07  |
|    learning_rate      | 0.0007    |
|    n_updates          | 51199     |
|    policy_loss        | -3.84e+04 |
|    reward             | 2085.917  |
|    std                | 0.0193    |
|    value_loss         | 4.5e+07   |
-------------------------------------
-------------------------------------
| time/                 |           |
|    fps                | 15        |
|    iterations         | 51300     |
|    time_elapsed       | 16798     |
|    total_timesteps    | 256500    |
| train/                |           |
|    entropy_loss       | 5.65      |
|    explained_variance | 0         |
|    learning_rate      | 0.0007    |
|    n_updates          | 51299     |
|    policy_loss        | -2.36e+04 |
|    reward             | 1361.0994 |
|    std                | 0.0193    |
|    value_loss         | 1.99e+07  |
-------------------------------------
EPISODE:  258
-------------------------------------
| time/                 |           |
|    fps                | 15        |
|    iterations         | 51400     |
|    time_elapsed       | 16831     |
|    total_timesteps    | 257000    |
| train/                |           |
|    entropy_loss       | 5.67      |
|    explained_variance | 0         |
|    learning_rate      | 0.0007    |
|    n_updates          | 51399     |
|    policy_loss        | -2.71e+04 |
|    reward             | 2085.917  |
|    std                | 0.0193    |
|    value_loss         | 4.5e+07   |
-------------------------------------
-------------------------------------
| time/                 |           |
|    fps                | 15        |
|    iterations         | 51500     |
|    time_elapsed       | 16864     |
|    total_timesteps    | 257500    |
| train/                |           |
|    entropy_loss       | 5.7       |
|    explained_variance | 0         |
|    learning_rate      | 0.0007    |
|    n_updates          | 51499     |
|    policy_loss        | -2.44e+04 |
|    reward             | 1361.0994 |
|    std                | 0.019     |
|    value_loss         | 1.99e+07  |
-------------------------------------
EPISODE:  259
-------------------------------------
| time/                 |           |
|    fps                | 15        |
|    iterations         | 51600     |
|    time_elapsed       | 16896     |
|    total_timesteps    | 258000    |
| train/                |           |
|    entropy_loss       | 5.72      |
|    explained_variance | 0         |
|    learning_rate      | 0.0007    |
|    n_updates          | 51599     |
|    policy_loss        | -3.66e+04 |
|    reward             | 2085.917  |
|    std                | 0.0189    |
|    value_loss         | 4.5e+07   |
-------------------------------------
-------------------------------------
| time/                 |           |
|    fps                | 15        |
|    iterations         | 51700     |
|    time_elapsed       | 16929     |
|    total_timesteps    | 258500    |
| train/                |           |
|    entropy_loss       | 5.75      |
|    explained_variance | -1.19e-07 |
|    learning_rate      | 0.0007    |
|    n_updates          | 51699     |
|    policy_loss        | -1.83e+04 |
|    reward             | 1361.0994 |
|    std                | 0.0186    |
|    value_loss         | 1.99e+07  |
-------------------------------------
EPISODE:  260
-------------------------------------
| time/                 |           |
|    fps                | 15        |
|    iterations         | 51800     |
|    time_elapsed       | 16962     |
|    total_timesteps    | 259000    |
| train/                |           |
|    entropy_loss       | 5.77      |
|    explained_variance | 0         |
|    learning_rate      | 0.0007    |
|    n_updates          | 51799     |
|    policy_loss        | -3.29e+04 |
|    reward             | 2085.917  |
|    std                | 0.0185    |
|    value_loss         | 4.5e+07   |
-------------------------------------
-------------------------------------
| time/                 |           |
|    fps                | 15        |
|    iterations         | 51900     |
|    time_elapsed       | 16995     |
|    total_timesteps    | 259500    |
| train/                |           |
|    entropy_loss       | 5.78      |
|    explained_variance | 0         |
|    learning_rate      | 0.0007    |
|    n_updates          | 51899     |
|    policy_loss        | -2.25e+04 |
|    reward             | 1361.0994 |
|    std                | 0.0184    |
|    value_loss         | 1.99e+07  |
-------------------------------------
EPISODE:  261
-------------------------------------
| time/                 |           |
|    fps                | 15        |
|    iterations         | 52000     |
|    time_elapsed       | 17027     |
|    total_timesteps    | 260000    |
| train/                |           |
|    entropy_loss       | 5.81      |
|    explained_variance | 0         |
|    learning_rate      | 0.0007    |
|    n_updates          | 51999     |
|    policy_loss        | -3.75e+04 |
|    reward             | 2085.917  |
|    std                | 0.0182    |
|    value_loss         | 4.5e+07   |
-------------------------------------
-------------------------------------
| time/                 |           |
|    fps                | 15        |
|    iterations         | 52100     |
|    time_elapsed       | 17060     |
|    total_timesteps    | 260500    |
| train/                |           |
|    entropy_loss       | 5.85      |
|    explained_variance | 0         |
|    learning_rate      | 0.0007    |
|    n_updates          | 52099     |
|    policy_loss        | -2.38e+04 |
|    reward             | 1361.0994 |
|    std                | 0.018     |
|    value_loss         | 1.99e+07  |
-------------------------------------
EPISODE:  262
------------------------------------
| time/                 |          |
|    fps                | 15       |
|    iterations         | 52200    |
|    time_elapsed       | 17093    |
|    total_timesteps    | 261000   |
| train/                |          |
|    entropy_loss       | 5.87     |
|    explained_variance | 1.19e-07 |
|    learning_rate      | 0.0007   |
|    n_updates          | 52199    |
|    policy_loss        | -3.4e+04 |
|    reward             | 2085.917 |
|    std                | 0.0178   |
|    value_loss         | 4.5e+07  |
------------------------------------
-------------------------------------
| time/                 |           |
|    fps                | 15        |
|    iterations         | 52300     |
|    time_elapsed       | 17126     |
|    total_timesteps    | 261500    |
| train/                |           |
|    entropy_loss       | 5.87      |
|    explained_variance | 1.19e-07  |
|    learning_rate      | 0.0007    |
|    n_updates          | 52299     |
|    policy_loss        | -2.36e+04 |
|    reward             | 1361.0994 |
|    std                | 0.0178    |
|    value_loss         | 1.99e+07  |
-------------------------------------
EPISODE:  263
-------------------------------------
| time/                 |           |
|    fps                | 15        |
|    iterations         | 52400     |
|    time_elapsed       | 17159     |
|    total_timesteps    | 262000    |
| train/                |           |
|    entropy_loss       | 5.89      |
|    explained_variance | 5.96e-08  |
|    learning_rate      | 0.0007    |
|    n_updates          | 52399     |
|    policy_loss        | -3.65e+04 |
|    reward             | 2085.917  |
|    std                | 0.0177    |
|    value_loss         | 4.5e+07   |
-------------------------------------
-------------------------------------
| time/                 |           |
|    fps                | 15        |
|    iterations         | 52500     |
|    time_elapsed       | 17191     |
|    total_timesteps    | 262500    |
| train/                |           |
|    entropy_loss       | 5.91      |
|    explained_variance | -1.19e-07 |
|    learning_rate      | 0.0007    |
|    n_updates          | 52499     |
|    policy_loss        | -2.57e+04 |
|    reward             | 1361.0994 |
|    std                | 0.0175    |
|    value_loss         | 1.99e+07  |
-------------------------------------
EPISODE:  264
-------------------------------------
| time/                 |           |
|    fps                | 15        |
|    iterations         | 52600     |
|    time_elapsed       | 17224     |
|    total_timesteps    | 263000    |
| train/                |           |
|    entropy_loss       | 5.94      |
|    explained_variance | 0         |
|    learning_rate      | 0.0007    |
|    n_updates          | 52599     |
|    policy_loss        | -3.75e+04 |
|    reward             | 2085.917  |
|    std                | 0.0173    |
|    value_loss         | 4.5e+07   |
-------------------------------------
-------------------------------------
| time/                 |           |
|    fps                | 15        |
|    iterations         | 52700     |
|    time_elapsed       | 17257     |
|    total_timesteps    | 263500    |
| train/                |           |
|    entropy_loss       | 5.97      |
|    explained_variance | 0         |
|    learning_rate      | 0.0007    |
|    n_updates          | 52699     |
|    policy_loss        | -2.64e+04 |
|    reward             | 1361.0994 |
|    std                | 0.017     |
|    value_loss         | 1.99e+07  |
-------------------------------------
EPISODE:  265
-------------------------------------
| time/                 |           |
|    fps                | 15        |
|    iterations         | 52800     |
|    time_elapsed       | 17290     |
|    total_timesteps    | 264000    |
| train/                |           |
|    entropy_loss       | 6         |
|    explained_variance | 2.38e-07  |
|    learning_rate      | 0.0007    |
|    n_updates          | 52799     |
|    policy_loss        | -3.85e+04 |
|    reward             | 2085.917  |
|    std                | 0.0167    |
|    value_loss         | 4.5e+07   |
-------------------------------------
-------------------------------------
| time/                 |           |
|    fps                | 15        |
|    iterations         | 52900     |
|    time_elapsed       | 17323     |
|    total_timesteps    | 264500    |
| train/                |           |
|    entropy_loss       | 6.02      |
|    explained_variance | 0         |
|    learning_rate      | 0.0007    |
|    n_updates          | 52899     |
|    policy_loss        | -1.45e+04 |
|    reward             | 1361.0994 |
|    std                | 0.0165    |
|    value_loss         | 1.99e+07  |
-------------------------------------
EPISODE:  266
-------------------------------------
| time/                 |           |
|    fps                | 15        |
|    iterations         | 53000     |
|    time_elapsed       | 17356     |
|    total_timesteps    | 265000    |
| train/                |           |
|    entropy_loss       | 6.04      |
|    explained_variance | 0         |
|    learning_rate      | 0.0007    |
|    n_updates          | 52999     |
|    policy_loss        | -4.12e+04 |
|    reward             | 2085.917  |
|    std                | 0.0164    |
|    value_loss         | 4.5e+07   |
-------------------------------------
-------------------------------------
| time/                 |           |
|    fps                | 15        |
|    iterations         | 53100     |
|    time_elapsed       | 17390     |
|    total_timesteps    | 265500    |
| train/                |           |
|    entropy_loss       | 6.05      |
|    explained_variance | -1.19e-07 |
|    learning_rate      | 0.0007    |
|    n_updates          | 53099     |
|    policy_loss        | -2.51e+04 |
|    reward             | 1361.0994 |
|    std                | 0.0164    |
|    value_loss         | 1.99e+07  |
-------------------------------------
EPISODE:  267
-------------------------------------
| time/                 |           |
|    fps                | 15        |
|    iterations         | 53200     |
|    time_elapsed       | 17422     |
|    total_timesteps    | 266000    |
| train/                |           |
|    entropy_loss       | 6.07      |
|    explained_variance | -1.19e-07 |
|    learning_rate      | 0.0007    |
|    n_updates          | 53199     |
|    policy_loss        | -3.99e+04 |
|    reward             | 2085.917  |
|    std                | 0.0164    |
|    value_loss         | 4.5e+07   |
-------------------------------------
-------------------------------------
| time/                 |           |
|    fps                | 15        |
|    iterations         | 53300     |
|    time_elapsed       | 17455     |
|    total_timesteps    | 266500    |
| train/                |           |
|    entropy_loss       | 6.07      |
|    explained_variance | 0         |
|    learning_rate      | 0.0007    |
|    n_updates          | 53299     |
|    policy_loss        | -2.5e+04  |
|    reward             | 1361.0994 |
|    std                | 0.0163    |
|    value_loss         | 1.99e+07  |
-------------------------------------
EPISODE:  268
-------------------------------------
| time/                 |           |
|    fps                | 15        |
|    iterations         | 53400     |
|    time_elapsed       | 17488     |
|    total_timesteps    | 267000    |
| train/                |           |
|    entropy_loss       | 6.09      |
|    explained_variance | 1.19e-07  |
|    learning_rate      | 0.0007    |
|    n_updates          | 53399     |
|    policy_loss        | -3.81e+04 |
|    reward             | 2085.917  |
|    std                | 0.0163    |
|    value_loss         | 4.5e+07   |
-------------------------------------
-------------------------------------
| time/                 |           |
|    fps                | 15        |
|    iterations         | 53500     |
|    time_elapsed       | 17521     |
|    total_timesteps    | 267500    |
| train/                |           |
|    entropy_loss       | 6.12      |
|    explained_variance | 0         |
|    learning_rate      | 0.0007    |
|    n_updates          | 53499     |
|    policy_loss        | -2.43e+04 |
|    reward             | 1361.0994 |
|    std                | 0.0161    |
|    value_loss         | 1.99e+07  |
-------------------------------------
EPISODE:  269
-------------------------------------
| time/                 |           |
|    fps                | 15        |
|    iterations         | 53600     |
|    time_elapsed       | 17554     |
|    total_timesteps    | 268000    |
| train/                |           |
|    entropy_loss       | 6.14      |
|    explained_variance | -2.38e-07 |
|    learning_rate      | 0.0007    |
|    n_updates          | 53599     |
|    policy_loss        | -3.98e+04 |
|    reward             | 2085.917  |
|    std                | 0.0161    |
|    value_loss         | 4.5e+07   |
-------------------------------------
-------------------------------------
| time/                 |           |
|    fps                | 15        |
|    iterations         | 53700     |
|    time_elapsed       | 17586     |
|    total_timesteps    | 268500    |
| train/                |           |
|    entropy_loss       | 6.15      |
|    explained_variance | 0         |
|    learning_rate      | 0.0007    |
|    n_updates          | 53699     |
|    policy_loss        | -2.69e+04 |
|    reward             | 1361.0994 |
|    std                | 0.0161    |
|    value_loss         | 1.98e+07  |
-------------------------------------
EPISODE:  270
-------------------------------------
| time/                 |           |
|    fps                | 15        |
|    iterations         | 53800     |
|    time_elapsed       | 17619     |
|    total_timesteps    | 269000    |
| train/                |           |
|    entropy_loss       | 6.19      |
|    explained_variance | 0         |
|    learning_rate      | 0.0007    |
|    n_updates          | 53799     |
|    policy_loss        | -3.94e+04 |
|    reward             | 2085.917  |
|    std                | 0.0159    |
|    value_loss         | 4.5e+07   |
-------------------------------------
-------------------------------------
| time/                 |           |
|    fps                | 15        |
|    iterations         | 53900     |
|    time_elapsed       | 17652     |
|    total_timesteps    | 269500    |
| train/                |           |
|    entropy_loss       | 6.2       |
|    explained_variance | 0         |
|    learning_rate      | 0.0007    |
|    n_updates          | 53899     |
|    policy_loss        | -2.67e+04 |
|    reward             | 1361.0994 |
|    std                | 0.0158    |
|    value_loss         | 1.98e+07  |
-------------------------------------
EPISODE:  271
-------------------------------------
| time/                 |           |
|    fps                | 15        |
|    iterations         | 54000     |
|    time_elapsed       | 17685     |
|    total_timesteps    | 270000    |
| train/                |           |
|    entropy_loss       | 6.23      |
|    explained_variance | -1.19e-07 |
|    learning_rate      | 0.0007    |
|    n_updates          | 53999     |
|    policy_loss        | -3.7e+04  |
|    reward             | 2085.917  |
|    std                | 0.0156    |
|    value_loss         | 4.5e+07   |
-------------------------------------
-------------------------------------
| time/                 |           |
|    fps                | 15        |
|    iterations         | 54100     |
|    time_elapsed       | 17718     |
|    total_timesteps    | 270500    |
| train/                |           |
|    entropy_loss       | 6.24      |
|    explained_variance | 0         |
|    learning_rate      | 0.0007    |
|    n_updates          | 54099     |
|    policy_loss        | -2.74e+04 |
|    reward             | 1361.0994 |
|    std                | 0.0154    |
|    value_loss         | 1.98e+07  |
-------------------------------------
EPISODE:  272
-------------------------------------
| time/                 |           |
|    fps                | 15        |
|    iterations         | 54200     |
|    time_elapsed       | 17750     |
|    total_timesteps    | 271000    |
| train/                |           |
|    entropy_loss       | 6.27      |
|    explained_variance | 0         |
|    learning_rate      | 0.0007    |
|    n_updates          | 54199     |
|    policy_loss        | -3.94e+04 |
|    reward             | 2085.917  |
|    std                | 0.0153    |
|    value_loss         | 4.5e+07   |
-------------------------------------
-------------------------------------
| time/                 |           |
|    fps                | 15        |
|    iterations         | 54300     |
|    time_elapsed       | 17783     |
|    total_timesteps    | 271500    |
| train/                |           |
|    entropy_loss       | 6.29      |
|    explained_variance | 0         |
|    learning_rate      | 0.0007    |
|    n_updates          | 54299     |
|    policy_loss        | -2.83e+04 |
|    reward             | 1361.0994 |
|    std                | 0.0151    |
|    value_loss         | 1.98e+07  |
-------------------------------------
EPISODE:  273
-------------------------------------
| time/                 |           |
|    fps                | 15        |
|    iterations         | 54400     |
|    time_elapsed       | 17816     |
|    total_timesteps    | 272000    |
| train/                |           |
|    entropy_loss       | 6.32      |
|    explained_variance | 0         |
|    learning_rate      | 0.0007    |
|    n_updates          | 54399     |
|    policy_loss        | -3.74e+04 |
|    reward             | 2085.917  |
|    std                | 0.0149    |
|    value_loss         | 4.5e+07   |
-------------------------------------
-------------------------------------
| time/                 |           |
|    fps                | 15        |
|    iterations         | 54500     |
|    time_elapsed       | 17849     |
|    total_timesteps    | 272500    |
| train/                |           |
|    entropy_loss       | 6.33      |
|    explained_variance | 1.19e-07  |
|    learning_rate      | 0.0007    |
|    n_updates          | 54499     |
|    policy_loss        | -2.62e+04 |
|    reward             | 1361.0994 |
|    std                | 0.0148    |
|    value_loss         | 1.98e+07  |
-------------------------------------
EPISODE:  274
-------------------------------------
| time/                 |           |
|    fps                | 15        |
|    iterations         | 54600     |
|    time_elapsed       | 17882     |
|    total_timesteps    | 273000    |
| train/                |           |
|    entropy_loss       | 6.35      |
|    explained_variance | 5.96e-08  |
|    learning_rate      | 0.0007    |
|    n_updates          | 54599     |
|    policy_loss        | -4.16e+04 |
|    reward             | 2085.917  |
|    std                | 0.0148    |
|    value_loss         | 4.5e+07   |
-------------------------------------
-------------------------------------
| time/                 |           |
|    fps                | 15        |
|    iterations         | 54700     |
|    time_elapsed       | 17914     |
|    total_timesteps    | 273500    |
| train/                |           |
|    entropy_loss       | 6.36      |
|    explained_variance | 0         |
|    learning_rate      | 0.0007    |
|    n_updates          | 54699     |
|    policy_loss        | -2.39e+04 |
|    reward             | 1361.0994 |
|    std                | 0.0147    |
|    value_loss         | 1.98e+07  |
-------------------------------------
EPISODE:  275
-------------------------------------
| time/                 |           |
|    fps                | 15        |
|    iterations         | 54800     |
|    time_elapsed       | 17947     |
|    total_timesteps    | 274000    |
| train/                |           |
|    entropy_loss       | 6.38      |
|    explained_variance | -1.19e-07 |
|    learning_rate      | 0.0007    |
|    n_updates          | 54799     |
|    policy_loss        | -3.86e+04 |
|    reward             | 2085.917  |
|    std                | 0.0145    |
|    value_loss         | 4.49e+07  |
-------------------------------------
-------------------------------------
| time/                 |           |
|    fps                | 15        |
|    iterations         | 54900     |
|    time_elapsed       | 17980     |
|    total_timesteps    | 274500    |
| train/                |           |
|    entropy_loss       | 6.38      |
|    explained_variance | -1.19e-07 |
|    learning_rate      | 0.0007    |
|    n_updates          | 54899     |
|    policy_loss        | -2.77e+04 |
|    reward             | 1361.0994 |
|    std                | 0.0145    |
|    value_loss         | 1.98e+07  |
-------------------------------------
EPISODE:  276
-------------------------------------
| time/                 |           |
|    fps                | 15        |
|    iterations         | 55000     |
|    time_elapsed       | 18013     |
|    total_timesteps    | 275000    |
| train/                |           |
|    entropy_loss       | 6.4       |
|    explained_variance | 0         |
|    learning_rate      | 0.0007    |
|    n_updates          | 54999     |
|    policy_loss        | -3.49e+04 |
|    reward             | 2085.917  |
|    std                | 0.0145    |
|    value_loss         | 4.49e+07  |
-------------------------------------
-------------------------------------
| time/                 |           |
|    fps                | 15        |
|    iterations         | 55100     |
|    time_elapsed       | 18046     |
|    total_timesteps    | 275500    |
| train/                |           |
|    entropy_loss       | 6.41      |
|    explained_variance | 0         |
|    learning_rate      | 0.0007    |
|    n_updates          | 55099     |
|    policy_loss        | -2.47e+04 |
|    reward             | 1361.0994 |
|    std                | 0.0145    |
|    value_loss         | 1.98e+07  |
-------------------------------------
EPISODE:  277
-------------------------------------
| time/                 |           |
|    fps                | 15        |
|    iterations         | 55200     |
|    time_elapsed       | 18078     |
|    total_timesteps    | 276000    |
| train/                |           |
|    entropy_loss       | 6.43      |
|    explained_variance | -1.19e-07 |
|    learning_rate      | 0.0007    |
|    n_updates          | 55199     |
|    policy_loss        | -4.22e+04 |
|    reward             | 2085.917  |
|    std                | 0.0144    |
|    value_loss         | 4.49e+07  |
-------------------------------------
-------------------------------------
| time/                 |           |
|    fps                | 15        |
|    iterations         | 55300     |
|    time_elapsed       | 18111     |
|    total_timesteps    | 276500    |
| train/                |           |
|    entropy_loss       | 6.44      |
|    explained_variance | 0         |
|    learning_rate      | 0.0007    |
|    n_updates          | 55299     |
|    policy_loss        | -2.81e+04 |
|    reward             | 1361.0994 |
|    std                | 0.0143    |
|    value_loss         | 1.98e+07  |
-------------------------------------
EPISODE:  278
-------------------------------------
| time/                 |           |
|    fps                | 15        |
|    iterations         | 55400     |
|    time_elapsed       | 18144     |
|    total_timesteps    | 277000    |
| train/                |           |
|    entropy_loss       | 6.46      |
|    explained_variance | 0         |
|    learning_rate      | 0.0007    |
|    n_updates          | 55399     |
|    policy_loss        | -3.86e+04 |
|    reward             | 2085.917  |
|    std                | 0.0142    |
|    value_loss         | 4.49e+07  |
-------------------------------------
-------------------------------------
| time/                 |           |
|    fps                | 15        |
|    iterations         | 55500     |
|    time_elapsed       | 18177     |
|    total_timesteps    | 277500    |
| train/                |           |
|    entropy_loss       | 6.46      |
|    explained_variance | -1.19e-07 |
|    learning_rate      | 0.0007    |
|    n_updates          | 55499     |
|    policy_loss        | -2.71e+04 |
|    reward             | 1361.0994 |
|    std                | 0.0141    |
|    value_loss         | 1.98e+07  |
-------------------------------------
EPISODE:  279
-------------------------------------
| time/                 |           |
|    fps                | 15        |
|    iterations         | 55600     |
|    time_elapsed       | 18209     |
|    total_timesteps    | 278000    |
| train/                |           |
|    entropy_loss       | 6.49      |
|    explained_variance | -1.19e-07 |
|    learning_rate      | 0.0007    |
|    n_updates          | 55599     |
|    policy_loss        | -4.14e+04 |
|    reward             | 2085.917  |
|    std                | 0.0141    |
|    value_loss         | 4.49e+07  |
-------------------------------------
-------------------------------------
| time/                 |           |
|    fps                | 15        |
|    iterations         | 55700     |
|    time_elapsed       | 18242     |
|    total_timesteps    | 278500    |
| train/                |           |
|    entropy_loss       | 6.5       |
|    explained_variance | 0         |
|    learning_rate      | 0.0007    |
|    n_updates          | 55699     |
|    policy_loss        | -2.58e+04 |
|    reward             | 1361.0994 |
|    std                | 0.014     |
|    value_loss         | 1.98e+07  |
-------------------------------------
EPISODE:  280
-------------------------------------
| time/                 |           |
|    fps                | 15        |
|    iterations         | 55800     |
|    time_elapsed       | 18275     |
|    total_timesteps    | 279000    |
| train/                |           |
|    entropy_loss       | 6.52      |
|    explained_variance | 0         |
|    learning_rate      | 0.0007    |
|    n_updates          | 55799     |
|    policy_loss        | -3.72e+04 |
|    reward             | 2085.917  |
|    std                | 0.0139    |
|    value_loss         | 4.49e+07  |
-------------------------------------
-------------------------------------
| time/                 |           |
|    fps                | 15        |
|    iterations         | 55900     |
|    time_elapsed       | 18309     |
|    total_timesteps    | 279500    |
| train/                |           |
|    entropy_loss       | 6.55      |
|    explained_variance | 0         |
|    learning_rate      | 0.0007    |
|    n_updates          | 55899     |
|    policy_loss        | -2.63e+04 |
|    reward             | 1361.0994 |
|    std                | 0.0137    |
|    value_loss         | 1.98e+07  |
-------------------------------------
EPISODE:  281
-------------------------------------
| time/                 |           |
|    fps                | 15        |
|    iterations         | 56000     |
|    time_elapsed       | 18342     |
|    total_timesteps    | 280000    |
| train/                |           |
|    entropy_loss       | 6.55      |
|    explained_variance | 5.96e-08  |
|    learning_rate      | 0.0007    |
|    n_updates          | 55999     |
|    policy_loss        | -3.76e+04 |
|    reward             | 2085.917  |
|    std                | 0.0137    |
|    value_loss         | 4.49e+07  |
-------------------------------------
-------------------------------------
| time/                 |           |
|    fps                | 15        |
|    iterations         | 56100     |
|    time_elapsed       | 18374     |
|    total_timesteps    | 280500    |
| train/                |           |
|    entropy_loss       | 6.55      |
|    explained_variance | 1.19e-07  |
|    learning_rate      | 0.0007    |
|    n_updates          | 56099     |
|    policy_loss        | -2.71e+04 |
|    reward             | 1361.0994 |
|    std                | 0.0137    |
|    value_loss         | 1.98e+07  |
-------------------------------------
EPISODE:  282
-------------------------------------
| time/                 |           |
|    fps                | 15        |
|    iterations         | 56200     |
|    time_elapsed       | 18407     |
|    total_timesteps    | 281000    |
| train/                |           |
|    entropy_loss       | 6.58      |
|    explained_variance | 1.19e-07  |
|    learning_rate      | 0.0007    |
|    n_updates          | 56199     |
|    policy_loss        | -4.07e+04 |
|    reward             | 2085.917  |
|    std                | 0.0136    |
|    value_loss         | 4.49e+07  |
-------------------------------------
-------------------------------------
| time/                 |           |
|    fps                | 15        |
|    iterations         | 56300     |
|    time_elapsed       | 18440     |
|    total_timesteps    | 281500    |
| train/                |           |
|    entropy_loss       | 6.58      |
|    explained_variance | 0         |
|    learning_rate      | 0.0007    |
|    n_updates          | 56299     |
|    policy_loss        | -2.45e+04 |
|    reward             | 1361.0994 |
|    std                | 0.0136    |
|    value_loss         | 1.98e+07  |
-------------------------------------
EPISODE:  283
-------------------------------------
| time/                 |           |
|    fps                | 15        |
|    iterations         | 56400     |
|    time_elapsed       | 18473     |
|    total_timesteps    | 282000    |
| train/                |           |
|    entropy_loss       | 6.59      |
|    explained_variance | 0         |
|    learning_rate      | 0.0007    |
|    n_updates          | 56399     |
|    policy_loss        | -4.31e+04 |
|    reward             | 2085.917  |
|    std                | 0.0135    |
|    value_loss         | 4.49e+07  |
-------------------------------------
-------------------------------------
| time/                 |           |
|    fps                | 15        |
|    iterations         | 56500     |
|    time_elapsed       | 18506     |
|    total_timesteps    | 282500    |
| train/                |           |
|    entropy_loss       | 6.59      |
|    explained_variance | 5.96e-08  |
|    learning_rate      | 0.0007    |
|    n_updates          | 56499     |
|    policy_loss        | -2.79e+04 |
|    reward             | 1361.0994 |
|    std                | 0.0135    |
|    value_loss         | 1.98e+07  |
-------------------------------------
EPISODE:  284
-------------------------------------
| time/                 |           |
|    fps                | 15        |
|    iterations         | 56600     |
|    time_elapsed       | 18538     |
|    total_timesteps    | 283000    |
| train/                |           |
|    entropy_loss       | 6.61      |
|    explained_variance | 0         |
|    learning_rate      | 0.0007    |
|    n_updates          | 56599     |
|    policy_loss        | -4.32e+04 |
|    reward             | 2085.917  |
|    std                | 0.0134    |
|    value_loss         | 4.49e+07  |
-------------------------------------
-------------------------------------
| time/                 |           |
|    fps                | 15        |
|    iterations         | 56700     |
|    time_elapsed       | 18571     |
|    total_timesteps    | 283500    |
| train/                |           |
|    entropy_loss       | 6.62      |
|    explained_variance | -1.19e-07 |
|    learning_rate      | 0.0007    |
|    n_updates          | 56699     |
|    policy_loss        | -2.81e+04 |
|    reward             | 1361.0994 |
|    std                | 0.0134    |
|    value_loss         | 1.98e+07  |
-------------------------------------
EPISODE:  285
-------------------------------------
| time/                 |           |
|    fps                | 15        |
|    iterations         | 56800     |
|    time_elapsed       | 18604     |
|    total_timesteps    | 284000    |
| train/                |           |
|    entropy_loss       | 6.63      |
|    explained_variance | 0         |
|    learning_rate      | 0.0007    |
|    n_updates          | 56799     |
|    policy_loss        | -4.22e+04 |
|    reward             | 2085.917  |
|    std                | 0.0133    |
|    value_loss         | 4.49e+07  |
-------------------------------------
-------------------------------------
| time/                 |           |
|    fps                | 15        |
|    iterations         | 56900     |
|    time_elapsed       | 18637     |
|    total_timesteps    | 284500    |
| train/                |           |
|    entropy_loss       | 6.65      |
|    explained_variance | -1.19e-07 |
|    learning_rate      | 0.0007    |
|    n_updates          | 56899     |
|    policy_loss        | -2.76e+04 |
|    reward             | 1361.0994 |
|    std                | 0.0132    |
|    value_loss         | 1.98e+07  |
-------------------------------------
EPISODE:  286
-------------------------------------
| time/                 |           |
|    fps                | 15        |
|    iterations         | 57000     |
|    time_elapsed       | 18670     |
|    total_timesteps    | 285000    |
| train/                |           |
|    entropy_loss       | 6.67      |
|    explained_variance | 0         |
|    learning_rate      | 0.0007    |
|    n_updates          | 56999     |
|    policy_loss        | -4.49e+04 |
|    reward             | 2085.917  |
|    std                | 0.0131    |
|    value_loss         | 4.49e+07  |
-------------------------------------
-------------------------------------
| time/                 |           |
|    fps                | 15        |
|    iterations         | 57100     |
|    time_elapsed       | 18702     |
|    total_timesteps    | 285500    |
| train/                |           |
|    entropy_loss       | 6.7       |
|    explained_variance | 0         |
|    learning_rate      | 0.0007    |
|    n_updates          | 57099     |
|    policy_loss        | -2.19e+04 |
|    reward             | 1361.0994 |
|    std                | 0.0129    |
|    value_loss         | 1.98e+07  |
-------------------------------------
EPISODE:  287
-------------------------------------
| time/                 |           |
|    fps                | 15        |
|    iterations         | 57200     |
|    time_elapsed       | 18735     |
|    total_timesteps    | 286000    |
| train/                |           |
|    entropy_loss       | 6.72      |
|    explained_variance | -1.19e-07 |
|    learning_rate      | 0.0007    |
|    n_updates          | 57199     |
|    policy_loss        | -4.3e+04  |
|    reward             | 2085.917  |
|    std                | 0.0129    |
|    value_loss         | 4.49e+07  |
-------------------------------------
-------------------------------------
| time/                 |           |
|    fps                | 15        |
|    iterations         | 57300     |
|    time_elapsed       | 18768     |
|    total_timesteps    | 286500    |
| train/                |           |
|    entropy_loss       | 6.73      |
|    explained_variance | 0         |
|    learning_rate      | 0.0007    |
|    n_updates          | 57299     |
|    policy_loss        | -2.41e+04 |
|    reward             | 1361.0994 |
|    std                | 0.0129    |
|    value_loss         | 1.98e+07  |
-------------------------------------
EPISODE:  288
-------------------------------------
| time/                 |           |
|    fps                | 15        |
|    iterations         | 57400     |
|    time_elapsed       | 18801     |
|    total_timesteps    | 287000    |
| train/                |           |
|    entropy_loss       | 6.75      |
|    explained_variance | 0         |
|    learning_rate      | 0.0007    |
|    n_updates          | 57399     |
|    policy_loss        | -4.03e+04 |
|    reward             | 2085.917  |
|    std                | 0.0128    |
|    value_loss         | 4.49e+07  |
-------------------------------------
-------------------------------------
| time/                 |           |
|    fps                | 15        |
|    iterations         | 57500     |
|    time_elapsed       | 18834     |
|    total_timesteps    | 287500    |
| train/                |           |
|    entropy_loss       | 6.76      |
|    explained_variance | 0         |
|    learning_rate      | 0.0007    |
|    n_updates          | 57499     |
|    policy_loss        | -2.69e+04 |
|    reward             | 1361.0994 |
|    std                | 0.0129    |
|    value_loss         | 1.98e+07  |
-------------------------------------
EPISODE:  289
-------------------------------------
| time/                 |           |
|    fps                | 15        |
|    iterations         | 57600     |
|    time_elapsed       | 18866     |
|    total_timesteps    | 288000    |
| train/                |           |
|    entropy_loss       | 6.78      |
|    explained_variance | -1.19e-07 |
|    learning_rate      | 0.0007    |
|    n_updates          | 57599     |
|    policy_loss        | -3.99e+04 |
|    reward             | 2085.917  |
|    std                | 0.0127    |
|    value_loss         | 4.49e+07  |
-------------------------------------
-------------------------------------
| time/                 |           |
|    fps                | 15        |
|    iterations         | 57700     |
|    time_elapsed       | 18899     |
|    total_timesteps    | 288500    |
| train/                |           |
|    entropy_loss       | 6.81      |
|    explained_variance | 1.19e-07  |
|    learning_rate      | 0.0007    |
|    n_updates          | 57699     |
|    policy_loss        | -2.71e+04 |
|    reward             | 1361.0994 |
|    std                | 0.0126    |
|    value_loss         | 1.98e+07  |
-------------------------------------
EPISODE:  290
-------------------------------------
| time/                 |           |
|    fps                | 15        |
|    iterations         | 57800     |
|    time_elapsed       | 18932     |
|    total_timesteps    | 289000    |
| train/                |           |
|    entropy_loss       | 6.82      |
|    explained_variance | 0         |
|    learning_rate      | 0.0007    |
|    n_updates          | 57799     |
|    policy_loss        | -4.52e+04 |
|    reward             | 2085.917  |
|    std                | 0.0126    |
|    value_loss         | 4.49e+07  |
-------------------------------------
-------------------------------------
| time/                 |           |
|    fps                | 15        |
|    iterations         | 57900     |
|    time_elapsed       | 18965     |
|    total_timesteps    | 289500    |
| train/                |           |
|    entropy_loss       | 6.83      |
|    explained_variance | 0         |
|    learning_rate      | 0.0007    |
|    n_updates          | 57899     |
|    policy_loss        | -3.01e+04 |
|    reward             | 1361.0994 |
|    std                | 0.0125    |
|    value_loss         | 1.98e+07  |
-------------------------------------
EPISODE:  291
-------------------------------------
| time/                 |           |
|    fps                | 15        |
|    iterations         | 58000     |
|    time_elapsed       | 18998     |
|    total_timesteps    | 290000    |
| train/                |           |
|    entropy_loss       | 6.84      |
|    explained_variance | -1.19e-07 |
|    learning_rate      | 0.0007    |
|    n_updates          | 57999     |
|    policy_loss        | -4.2e+04  |
|    reward             | 2085.917  |
|    std                | 0.0126    |
|    value_loss         | 4.49e+07  |
-------------------------------------
-------------------------------------
| time/                 |           |
|    fps                | 15        |
|    iterations         | 58100     |
|    time_elapsed       | 19031     |
|    total_timesteps    | 290500    |
| train/                |           |
|    entropy_loss       | 6.85      |
|    explained_variance | 0         |
|    learning_rate      | 0.0007    |
|    n_updates          | 58099     |
|    policy_loss        | -2.78e+04 |
|    reward             | 1361.0994 |
|    std                | 0.0126    |
|    value_loss         | 1.98e+07  |
-------------------------------------
EPISODE:  292
-------------------------------------
| time/                 |           |
|    fps                | 15        |
|    iterations         | 58200     |
|    time_elapsed       | 19063     |
|    total_timesteps    | 291000    |
| train/                |           |
|    entropy_loss       | 6.87      |
|    explained_variance | 0         |
|    learning_rate      | 0.0007    |
|    n_updates          | 58199     |
|    policy_loss        | -4.28e+04 |
|    reward             | 2085.917  |
|    std                | 0.0125    |
|    value_loss         | 4.49e+07  |
-------------------------------------
-------------------------------------
| time/                 |           |
|    fps                | 15        |
|    iterations         | 58300     |
|    time_elapsed       | 19096     |
|    total_timesteps    | 291500    |
| train/                |           |
|    entropy_loss       | 6.89      |
|    explained_variance | 1.19e-07  |
|    learning_rate      | 0.0007    |
|    n_updates          | 58299     |
|    policy_loss        | -2.57e+04 |
|    reward             | 1361.0994 |
|    std                | 0.0125    |
|    value_loss         | 1.98e+07  |
-------------------------------------
EPISODE:  293
-------------------------------------
| time/                 |           |
|    fps                | 15        |
|    iterations         | 58400     |
|    time_elapsed       | 19129     |
|    total_timesteps    | 292000    |
| train/                |           |
|    entropy_loss       | 6.9       |
|    explained_variance | -1.19e-07 |
|    learning_rate      | 0.0007    |
|    n_updates          | 58399     |
|    policy_loss        | -3.98e+04 |
|    reward             | 2085.917  |
|    std                | 0.0125    |
|    value_loss         | 4.49e+07  |
-------------------------------------
-------------------------------------
| time/                 |           |
|    fps                | 15        |
|    iterations         | 58500     |
|    time_elapsed       | 19162     |
|    total_timesteps    | 292500    |
| train/                |           |
|    entropy_loss       | 6.95      |
|    explained_variance | 1.19e-07  |
|    learning_rate      | 0.0007    |
|    n_updates          | 58499     |
|    policy_loss        | -2.82e+04 |
|    reward             | 1361.0994 |
|    std                | 0.0123    |
|    value_loss         | 1.98e+07  |
-------------------------------------
EPISODE:  294
-------------------------------------
| time/                 |           |
|    fps                | 15        |
|    iterations         | 58600     |
|    time_elapsed       | 19194     |
|    total_timesteps    | 293000    |
| train/                |           |
|    entropy_loss       | 6.96      |
|    explained_variance | -2.38e-07 |
|    learning_rate      | 0.0007    |
|    n_updates          | 58599     |
|    policy_loss        | -4.58e+04 |
|    reward             | 2085.917  |
|    std                | 0.0123    |
|    value_loss         | 4.49e+07  |
-------------------------------------
-------------------------------------
| time/                 |           |
|    fps                | 15        |
|    iterations         | 58700     |
|    time_elapsed       | 19227     |
|    total_timesteps    | 293500    |
| train/                |           |
|    entropy_loss       | 6.96      |
|    explained_variance | 0         |
|    learning_rate      | 0.0007    |
|    n_updates          | 58699     |
|    policy_loss        | -2.57e+04 |
|    reward             | 1361.0994 |
|    std                | 0.0123    |
|    value_loss         | 1.98e+07  |
-------------------------------------
EPISODE:  295
-------------------------------------
| time/                 |           |
|    fps                | 15        |
|    iterations         | 58800     |
|    time_elapsed       | 19261     |
|    total_timesteps    | 294000    |
| train/                |           |
|    entropy_loss       | 6.99      |
|    explained_variance | -1.19e-07 |
|    learning_rate      | 0.0007    |
|    n_updates          | 58799     |
|    policy_loss        | -4.54e+04 |
|    reward             | 2085.917  |
|    std                | 0.0122    |
|    value_loss         | 4.49e+07  |
-------------------------------------
-------------------------------------
| time/                 |           |
|    fps                | 15        |
|    iterations         | 58900     |
|    time_elapsed       | 19294     |
|    total_timesteps    | 294500    |
| train/                |           |
|    entropy_loss       | 7         |
|    explained_variance | 1.19e-07  |
|    learning_rate      | 0.0007    |
|    n_updates          | 58899     |
|    policy_loss        | -2.71e+04 |
|    reward             | 1361.0994 |
|    std                | 0.0121    |
|    value_loss         | 1.98e+07  |
-------------------------------------
EPISODE:  296
-------------------------------------
| time/                 |           |
|    fps                | 15        |
|    iterations         | 59000     |
|    time_elapsed       | 19327     |
|    total_timesteps    | 295000    |
| train/                |           |
|    entropy_loss       | 7.02      |
|    explained_variance | 1.19e-07  |
|    learning_rate      | 0.0007    |
|    n_updates          | 58999     |
|    policy_loss        | -4.32e+04 |
|    reward             | 2085.917  |
|    std                | 0.0121    |
|    value_loss         | 4.49e+07  |
-------------------------------------
-------------------------------------
| time/                 |           |
|    fps                | 15        |
|    iterations         | 59100     |
|    time_elapsed       | 19359     |
|    total_timesteps    | 295500    |
| train/                |           |
|    entropy_loss       | 7.02      |
|    explained_variance | 1.19e-07  |
|    learning_rate      | 0.0007    |
|    n_updates          | 59099     |
|    policy_loss        | -2.95e+04 |
|    reward             | 1361.0994 |
|    std                | 0.0121    |
|    value_loss         | 1.98e+07  |
-------------------------------------
EPISODE:  297
-------------------------------------
| time/                 |           |
|    fps                | 15        |
|    iterations         | 59200     |
|    time_elapsed       | 19392     |
|    total_timesteps    | 296000    |
| train/                |           |
|    entropy_loss       | 7.03      |
|    explained_variance | -1.19e-07 |
|    learning_rate      | 0.0007    |
|    n_updates          | 59199     |
|    policy_loss        | -4.14e+04 |
|    reward             | 2085.917  |
|    std                | 0.012     |
|    value_loss         | 4.49e+07  |
-------------------------------------
-------------------------------------
| time/                 |           |
|    fps                | 15        |
|    iterations         | 59300     |
|    time_elapsed       | 19425     |
|    total_timesteps    | 296500    |
| train/                |           |
|    entropy_loss       | 7.07      |
|    explained_variance | 5.96e-08  |
|    learning_rate      | 0.0007    |
|    n_updates          | 59299     |
|    policy_loss        | -2.62e+04 |
|    reward             | 1361.0994 |
|    std                | 0.0118    |
|    value_loss         | 1.98e+07  |
-------------------------------------
EPISODE:  298
-------------------------------------
| time/                 |           |
|    fps                | 15        |
|    iterations         | 59400     |
|    time_elapsed       | 19458     |
|    total_timesteps    | 297000    |
| train/                |           |
|    entropy_loss       | 7.08      |
|    explained_variance | 0         |
|    learning_rate      | 0.0007    |
|    n_updates          | 59399     |
|    policy_loss        | -4.69e+04 |
|    reward             | 2085.917  |
|    std                | 0.0118    |
|    value_loss         | 4.49e+07  |
-------------------------------------
-------------------------------------
| time/                 |           |
|    fps                | 15        |
|    iterations         | 59500     |
|    time_elapsed       | 19490     |
|    total_timesteps    | 297500    |
| train/                |           |
|    entropy_loss       | 7.09      |
|    explained_variance | -1.19e-07 |
|    learning_rate      | 0.0007    |
|    n_updates          | 59499     |
|    policy_loss        | -2.58e+04 |
|    reward             | 1361.0994 |
|    std                | 0.0117    |
|    value_loss         | 1.98e+07  |
-------------------------------------
EPISODE:  299
-------------------------------------
| time/                 |           |
|    fps                | 15        |
|    iterations         | 59600     |
|    time_elapsed       | 19523     |
|    total_timesteps    | 298000    |
| train/                |           |
|    entropy_loss       | 7.09      |
|    explained_variance | 0         |
|    learning_rate      | 0.0007    |
|    n_updates          | 59599     |
|    policy_loss        | -4.14e+04 |
|    reward             | 2085.917  |
|    std                | 0.0118    |
|    value_loss         | 4.49e+07  |
-------------------------------------
-------------------------------------
| time/                 |           |
|    fps                | 15        |
|    iterations         | 59700     |
|    time_elapsed       | 19556     |
|    total_timesteps    | 298500    |
| train/                |           |
|    entropy_loss       | 7.11      |
|    explained_variance | 0         |
|    learning_rate      | 0.0007    |
|    n_updates          | 59699     |
|    policy_loss        | -2.92e+04 |
|    reward             | 1361.0994 |
|    std                | 0.0117    |
|    value_loss         | 1.98e+07  |
-------------------------------------
EPISODE:  300
-------------------------------------
| time/                 |           |
|    fps                | 15        |
|    iterations         | 59800     |
|    time_elapsed       | 19589     |
|    total_timesteps    | 299000    |
| train/                |           |
|    entropy_loss       | 7.13      |
|    explained_variance | 5.96e-08  |
|    learning_rate      | 0.0007    |
|    n_updates          | 59799     |
|    policy_loss        | -4.44e+04 |
|    reward             | 2085.917  |
|    std                | 0.0117    |
|    value_loss         | 4.49e+07  |
-------------------------------------
-------------------------------------
| time/                 |           |
|    fps                | 15        |
|    iterations         | 59900     |
|    time_elapsed       | 19621     |
|    total_timesteps    | 299500    |
| train/                |           |
|    entropy_loss       | 7.15      |
|    explained_variance | 2.38e-07  |
|    learning_rate      | 0.0007    |
|    n_updates          | 59899     |
|    policy_loss        | -2.26e+04 |
|    reward             | 1361.0994 |
|    std                | 0.0116    |
|    value_loss         | 1.98e+07  |
-------------------------------------
EPISODE:  301
-------------------------------------
| time/                 |           |
|    fps                | 15        |
|    iterations         | 60000     |
|    time_elapsed       | 19654     |
|    total_timesteps    | 300000    |
| train/                |           |
|    entropy_loss       | 7.16      |
|    explained_variance | -1.19e-07 |
|    learning_rate      | 0.0007    |
|    n_updates          | 59999     |
|    policy_loss        | -3.16e+04 |
|    reward             | 2085.917  |
|    std                | 0.0115    |
|    value_loss         | 4.49e+07  |
-------------------------------------
-------------------------------------
| time/                 |           |
|    fps                | 15        |
|    iterations         | 60100     |
|    time_elapsed       | 19687     |
|    total_timesteps    | 300500    |
| train/                |           |
|    entropy_loss       | 7.16      |
|    explained_variance | 5.96e-08  |
|    learning_rate      | 0.0007    |
|    n_updates          | 60099     |
|    policy_loss        | -3.2e+04  |
|    reward             | 1361.0994 |
|    std                | 0.0115    |
|    value_loss         | 1.98e+07  |
-------------------------------------
EPISODE:  302
-------------------------------------
| time/                 |           |
|    fps                | 15        |
|    iterations         | 60200     |
|    time_elapsed       | 19720     |
|    total_timesteps    | 301000    |
| train/                |           |
|    entropy_loss       | 7.18      |
|    explained_variance | -1.19e-07 |
|    learning_rate      | 0.0007    |
|    n_updates          | 60199     |
|    policy_loss        | -4.32e+04 |
|    reward             | 2085.917  |
|    std                | 0.0114    |
|    value_loss         | 4.49e+07  |
-------------------------------------
-------------------------------------
| time/                 |           |
|    fps                | 15        |
|    iterations         | 60300     |
|    time_elapsed       | 19753     |
|    total_timesteps    | 301500    |
| train/                |           |
|    entropy_loss       | 7.18      |
|    explained_variance | 0         |
|    learning_rate      | 0.0007    |
|    n_updates          | 60299     |
|    policy_loss        | -2.85e+04 |
|    reward             | 1361.0994 |
|    std                | 0.0114    |
|    value_loss         | 1.98e+07  |
-------------------------------------
EPISODE:  303
------------------------------------
| time/                 |          |
|    fps                | 15       |
|    iterations         | 60400    |
|    time_elapsed       | 19785    |
|    total_timesteps    | 302000   |
| train/                |          |
|    entropy_loss       | 7.2      |
|    explained_variance | 0        |
|    learning_rate      | 0.0007   |
|    n_updates          | 60399    |
|    policy_loss        | -4.2e+04 |
|    reward             | 2085.917 |
|    std                | 0.0113   |
|    value_loss         | 4.49e+07 |
------------------------------------
-------------------------------------
| time/                 |           |
|    fps                | 15        |
|    iterations         | 60500     |
|    time_elapsed       | 19818     |
|    total_timesteps    | 302500    |
| train/                |           |
|    entropy_loss       | 7.21      |
|    explained_variance | 1.19e-07  |
|    learning_rate      | 0.0007    |
|    n_updates          | 60499     |
|    policy_loss        | -3.06e+04 |
|    reward             | 1361.0994 |
|    std                | 0.0113    |
|    value_loss         | 1.98e+07  |
-------------------------------------
EPISODE:  304
-------------------------------------
| time/                 |           |
|    fps                | 15        |
|    iterations         | 60600     |
|    time_elapsed       | 19851     |
|    total_timesteps    | 303000    |
| train/                |           |
|    entropy_loss       | 7.23      |
|    explained_variance | -1.19e-07 |
|    learning_rate      | 0.0007    |
|    n_updates          | 60599     |
|    policy_loss        | -4.63e+04 |
|    reward             | 2085.917  |
|    std                | 0.0114    |
|    value_loss         | 4.49e+07  |
-------------------------------------
-------------------------------------
| time/                 |           |
|    fps                | 15        |
|    iterations         | 60700     |
|    time_elapsed       | 19884     |
|    total_timesteps    | 303500    |
| train/                |           |
|    entropy_loss       | 7.26      |
|    explained_variance | -1.19e-07 |
|    learning_rate      | 0.0007    |
|    n_updates          | 60699     |
|    policy_loss        | -3.06e+04 |
|    reward             | 1361.0994 |
|    std                | 0.0113    |
|    value_loss         | 1.98e+07  |
-------------------------------------
EPISODE:  305
-------------------------------------
| time/                 |           |
|    fps                | 15        |
|    iterations         | 60800     |
|    time_elapsed       | 19916     |
|    total_timesteps    | 304000    |
| train/                |           |
|    entropy_loss       | 7.29      |
|    explained_variance | 0         |
|    learning_rate      | 0.0007    |
|    n_updates          | 60799     |
|    policy_loss        | -4.31e+04 |
|    reward             | 2085.917  |
|    std                | 0.0112    |
|    value_loss         | 4.49e+07  |
-------------------------------------
-------------------------------------
| time/                 |           |
|    fps                | 15        |
|    iterations         | 60900     |
|    time_elapsed       | 19949     |
|    total_timesteps    | 304500    |
| train/                |           |
|    entropy_loss       | 7.29      |
|    explained_variance | -1.19e-07 |
|    learning_rate      | 0.0007    |
|    n_updates          | 60899     |
|    policy_loss        | -2.81e+04 |
|    reward             | 1361.0994 |
|    std                | 0.0112    |
|    value_loss         | 1.98e+07  |
-------------------------------------
EPISODE:  306
-------------------------------------
| time/                 |           |
|    fps                | 15        |
|    iterations         | 61000     |
|    time_elapsed       | 19982     |
|    total_timesteps    | 305000    |
| train/                |           |
|    entropy_loss       | 7.31      |
|    explained_variance | 0         |
|    learning_rate      | 0.0007    |
|    n_updates          | 60999     |
|    policy_loss        | -4.85e+04 |
|    reward             | 2085.917  |
|    std                | 0.0111    |
|    value_loss         | 4.49e+07  |
-------------------------------------
-------------------------------------
| time/                 |           |
|    fps                | 15        |
|    iterations         | 61100     |
|    time_elapsed       | 20015     |
|    total_timesteps    | 305500    |
| train/                |           |
|    entropy_loss       | 7.32      |
|    explained_variance | 0         |
|    learning_rate      | 0.0007    |
|    n_updates          | 61099     |
|    policy_loss        | -3.25e+04 |
|    reward             | 1361.0994 |
|    std                | 0.011     |
|    value_loss         | 1.98e+07  |
-------------------------------------
EPISODE:  307
-------------------------------------
| time/                 |           |
|    fps                | 15        |
|    iterations         | 61200     |
|    time_elapsed       | 20048     |
|    total_timesteps    | 306000    |
| train/                |           |
|    entropy_loss       | 7.34      |
|    explained_variance | -1.19e-07 |
|    learning_rate      | 0.0007    |
|    n_updates          | 61199     |
|    policy_loss        | -4.39e+04 |
|    reward             | 2085.917  |
|    std                | 0.011     |
|    value_loss         | 4.49e+07  |
-------------------------------------
-------------------------------------
| time/                 |           |
|    fps                | 15        |
|    iterations         | 61300     |
|    time_elapsed       | 20080     |
|    total_timesteps    | 306500    |
| train/                |           |
|    entropy_loss       | 7.36      |
|    explained_variance | 5.96e-08  |
|    learning_rate      | 0.0007    |
|    n_updates          | 61299     |
|    policy_loss        | -2.93e+04 |
|    reward             | 1361.0994 |
|    std                | 0.0109    |
|    value_loss         | 1.98e+07  |
-------------------------------------
EPISODE:  308
------------------------------------
| time/                 |          |
|    fps                | 15       |
|    iterations         | 61400    |
|    time_elapsed       | 20113    |
|    total_timesteps    | 307000   |
| train/                |          |
|    entropy_loss       | 7.39     |
|    explained_variance | 0        |
|    learning_rate      | 0.0007   |
|    n_updates          | 61399    |
|    policy_loss        | -4.6e+04 |
|    reward             | 2085.917 |
|    std                | 0.0107   |
|    value_loss         | 4.49e+07 |
------------------------------------
-------------------------------------
| time/                 |           |
|    fps                | 15        |
|    iterations         | 61500     |
|    time_elapsed       | 20146     |
|    total_timesteps    | 307500    |
| train/                |           |
|    entropy_loss       | 7.39      |
|    explained_variance | 0         |
|    learning_rate      | 0.0007    |
|    n_updates          | 61499     |
|    policy_loss        | -3.01e+04 |
|    reward             | 1361.0994 |
|    std                | 0.0107    |
|    value_loss         | 1.98e+07  |
-------------------------------------
EPISODE:  309
-------------------------------------
| time/                 |           |
|    fps                | 15        |
|    iterations         | 61600     |
|    time_elapsed       | 20180     |
|    total_timesteps    | 308000    |
| train/                |           |
|    entropy_loss       | 7.41      |
|    explained_variance | 0         |
|    learning_rate      | 0.0007    |
|    n_updates          | 61599     |
|    policy_loss        | -4.43e+04 |
|    reward             | 2085.917  |
|    std                | 0.0106    |
|    value_loss         | 4.49e+07  |
-------------------------------------
-------------------------------------
| time/                 |           |
|    fps                | 15        |
|    iterations         | 61700     |
|    time_elapsed       | 20213     |
|    total_timesteps    | 308500    |
| train/                |           |
|    entropy_loss       | 7.42      |
|    explained_variance | 0         |
|    learning_rate      | 0.0007    |
|    n_updates          | 61699     |
|    policy_loss        | -3.24e+04 |
|    reward             | 1361.0994 |
|    std                | 0.0106    |
|    value_loss         | 1.98e+07  |
-------------------------------------
EPISODE:  310
-------------------------------------
| time/                 |           |
|    fps                | 15        |
|    iterations         | 61800     |
|    time_elapsed       | 20245     |
|    total_timesteps    | 309000    |
| train/                |           |
|    entropy_loss       | 7.43      |
|    explained_variance | 0         |
|    learning_rate      | 0.0007    |
|    n_updates          | 61799     |
|    policy_loss        | -4.63e+04 |
|    reward             | 2085.917  |
|    std                | 0.0107    |
|    value_loss         | 4.49e+07  |
-------------------------------------
-------------------------------------
| time/                 |           |
|    fps                | 15        |
|    iterations         | 61900     |
|    time_elapsed       | 20278     |
|    total_timesteps    | 309500    |
| train/                |           |
|    entropy_loss       | 7.44      |
|    explained_variance | 0         |
|    learning_rate      | 0.0007    |
|    n_updates          | 61899     |
|    policy_loss        | -2.53e+04 |
|    reward             | 1361.0994 |
|    std                | 0.0107    |
|    value_loss         | 1.98e+07  |
-------------------------------------
EPISODE:  311
-------------------------------------
| time/                 |           |
|    fps                | 15        |
|    iterations         | 62000     |
|    time_elapsed       | 20311     |
|    total_timesteps    | 310000    |
| train/                |           |
|    entropy_loss       | 7.46      |
|    explained_variance | 0         |
|    learning_rate      | 0.0007    |
|    n_updates          | 61999     |
|    policy_loss        | -4.46e+04 |
|    reward             | 2085.917  |
|    std                | 0.0105    |
|    value_loss         | 4.49e+07  |
-------------------------------------
-------------------------------------
| time/                 |           |
|    fps                | 15        |
|    iterations         | 62100     |
|    time_elapsed       | 20344     |
|    total_timesteps    | 310500    |
| train/                |           |
|    entropy_loss       | 7.47      |
|    explained_variance | 0         |
|    learning_rate      | 0.0007    |
|    n_updates          | 62099     |
|    policy_loss        | -3.11e+04 |
|    reward             | 1361.0994 |
|    std                | 0.0105    |
|    value_loss         | 1.98e+07  |
-------------------------------------
EPISODE:  312
-------------------------------------
| time/                 |           |
|    fps                | 15        |
|    iterations         | 62200     |
|    time_elapsed       | 20377     |
|    total_timesteps    | 311000    |
| train/                |           |
|    entropy_loss       | 7.48      |
|    explained_variance | -1.19e-07 |
|    learning_rate      | 0.0007    |
|    n_updates          | 62199     |
|    policy_loss        | -4.23e+04 |
|    reward             | 2085.917  |
|    std                | 0.0105    |
|    value_loss         | 4.49e+07  |
-------------------------------------
-------------------------------------
| time/                 |           |
|    fps                | 15        |
|    iterations         | 62300     |
|    time_elapsed       | 20409     |
|    total_timesteps    | 311500    |
| train/                |           |
|    entropy_loss       | 7.48      |
|    explained_variance | 0         |
|    learning_rate      | 0.0007    |
|    n_updates          | 62299     |
|    policy_loss        | -2.67e+04 |
|    reward             | 1361.0994 |
|    std                | 0.0105    |
|    value_loss         | 1.98e+07  |
-------------------------------------
EPISODE:  313
-------------------------------------
| time/                 |           |
|    fps                | 15        |
|    iterations         | 62400     |
|    time_elapsed       | 20442     |
|    total_timesteps    | 312000    |
| train/                |           |
|    entropy_loss       | 7.5       |
|    explained_variance | 0         |
|    learning_rate      | 0.0007    |
|    n_updates          | 62399     |
|    policy_loss        | -4.36e+04 |
|    reward             | 2085.917  |
|    std                | 0.0104    |
|    value_loss         | 4.49e+07  |
-------------------------------------
-------------------------------------
| time/                 |           |
|    fps                | 15        |
|    iterations         | 62500     |
|    time_elapsed       | 20475     |
|    total_timesteps    | 312500    |
| train/                |           |
|    entropy_loss       | 7.51      |
|    explained_variance | 0         |
|    learning_rate      | 0.0007    |
|    n_updates          | 62499     |
|    policy_loss        | -2.86e+04 |
|    reward             | 1361.0994 |
|    std                | 0.0104    |
|    value_loss         | 1.98e+07  |
-------------------------------------
EPISODE:  314
-------------------------------------
| time/                 |           |
|    fps                | 15        |
|    iterations         | 62600     |
|    time_elapsed       | 20508     |
|    total_timesteps    | 313000    |
| train/                |           |
|    entropy_loss       | 7.53      |
|    explained_variance | 0         |
|    learning_rate      | 0.0007    |
|    n_updates          | 62599     |
|    policy_loss        | -4.79e+04 |
|    reward             | 2085.917  |
|    std                | 0.0103    |
|    value_loss         | 4.49e+07  |
-------------------------------------
-------------------------------------
| time/                 |           |
|    fps                | 15        |
|    iterations         | 62700     |
|    time_elapsed       | 20541     |
|    total_timesteps    | 313500    |
| train/                |           |
|    entropy_loss       | 7.56      |
|    explained_variance | 1.19e-07  |
|    learning_rate      | 0.0007    |
|    n_updates          | 62699     |
|    policy_loss        | -3.26e+04 |
|    reward             | 1361.0994 |
|    std                | 0.0102    |
|    value_loss         | 1.98e+07  |
-------------------------------------
EPISODE:  315
-------------------------------------
| time/                 |           |
|    fps                | 15        |
|    iterations         | 62800     |
|    time_elapsed       | 20573     |
|    total_timesteps    | 314000    |
| train/                |           |
|    entropy_loss       | 7.56      |
|    explained_variance | -1.19e-07 |
|    learning_rate      | 0.0007    |
|    n_updates          | 62799     |
|    policy_loss        | -4.83e+04 |
|    reward             | 2085.917  |
|    std                | 0.0102    |
|    value_loss         | 4.49e+07  |
-------------------------------------
-------------------------------------
| time/                 |           |
|    fps                | 15        |
|    iterations         | 62900     |
|    time_elapsed       | 20606     |
|    total_timesteps    | 314500    |
| train/                |           |
|    entropy_loss       | 7.58      |
|    explained_variance | 0         |
|    learning_rate      | 0.0007    |
|    n_updates          | 62899     |
|    policy_loss        | -3.19e+04 |
|    reward             | 1361.0994 |
|    std                | 0.0103    |
|    value_loss         | 1.98e+07  |
-------------------------------------
EPISODE:  316
-------------------------------------
| time/                 |           |
|    fps                | 15        |
|    iterations         | 63000     |
|    time_elapsed       | 20639     |
|    total_timesteps    | 315000    |
| train/                |           |
|    entropy_loss       | 7.58      |
|    explained_variance | 5.96e-08  |
|    learning_rate      | 0.0007    |
|    n_updates          | 62999     |
|    policy_loss        | -4.31e+04 |
|    reward             | 2085.917  |
|    std                | 0.0103    |
|    value_loss         | 4.49e+07  |
-------------------------------------
-------------------------------------
| time/                 |           |
|    fps                | 15        |
|    iterations         | 63100     |
|    time_elapsed       | 20672     |
|    total_timesteps    | 315500    |
| train/                |           |
|    entropy_loss       | 7.6       |
|    explained_variance | 0         |
|    learning_rate      | 0.0007    |
|    n_updates          | 63099     |
|    policy_loss        | -3.23e+04 |
|    reward             | 1363.6473 |
|    std                | 0.0103    |
|    value_loss         | 1.99e+07  |
-------------------------------------
EPISODE:  317
-------------------------------------
| time/                 |           |
|    fps                | 15        |
|    iterations         | 63200     |
|    time_elapsed       | 20705     |
|    total_timesteps    | 316000    |
| train/                |           |
|    entropy_loss       | 7.61      |
|    explained_variance | 0         |
|    learning_rate      | 0.0007    |
|    n_updates          | 63199     |
|    policy_loss        | -4.71e+04 |
|    reward             | 2089.8218 |
|    std                | 0.0103    |
|    value_loss         | 4.5e+07   |
-------------------------------------
-------------------------------------
| time/                 |           |
|    fps                | 15        |
|    iterations         | 63300     |
|    time_elapsed       | 20738     |
|    total_timesteps    | 316500    |
| train/                |           |
|    entropy_loss       | 7.6       |
|    explained_variance | 0         |
|    learning_rate      | 0.0007    |
|    n_updates          | 63299     |
|    policy_loss        | -2.9e+04  |
|    reward             | 1361.0994 |
|    std                | 0.0103    |
|    value_loss         | 1.98e+07  |
-------------------------------------
EPISODE:  318
-------------------------------------
| time/                 |           |
|    fps                | 15        |
|    iterations         | 63400     |
|    time_elapsed       | 20770     |
|    total_timesteps    | 317000    |
| train/                |           |
|    entropy_loss       | 7.6       |
|    explained_variance | -1.19e-07 |
|    learning_rate      | 0.0007    |
|    n_updates          | 63399     |
|    policy_loss        | -4.87e+04 |
|    reward             | 2085.917  |
|    std                | 0.0103    |
|    value_loss         | 4.49e+07  |
-------------------------------------
-------------------------------------
| time/                 |           |
|    fps                | 15        |
|    iterations         | 63500     |
|    time_elapsed       | 20803     |
|    total_timesteps    | 317500    |
| train/                |           |
|    entropy_loss       | 7.62      |
|    explained_variance | 2.38e-07  |
|    learning_rate      | 0.0007    |
|    n_updates          | 63499     |
|    policy_loss        | -3.03e+04 |
|    reward             | 1364.1644 |
|    std                | 0.0103    |
|    value_loss         | 1.99e+07  |
-------------------------------------
EPISODE:  319
-------------------------------------
| time/                 |           |
|    fps                | 15        |
|    iterations         | 63600     |
|    time_elapsed       | 20836     |
|    total_timesteps    | 318000    |
| train/                |           |
|    entropy_loss       | 7.63      |
|    explained_variance | 1.19e-07  |
|    learning_rate      | 0.0007    |
|    n_updates          | 63599     |
|    policy_loss        | -4.83e+04 |
|    reward             | 2090.6143 |
|    std                | 0.0103    |
|    value_loss         | 4.51e+07  |
-------------------------------------
-------------------------------------
| time/                 |           |
|    fps                | 15        |
|    iterations         | 63700     |
|    time_elapsed       | 20869     |
|    total_timesteps    | 318500    |
| train/                |           |
|    entropy_loss       | 7.65      |
|    explained_variance | -1.19e-07 |
|    learning_rate      | 0.0007    |
|    n_updates          | 63699     |
|    policy_loss        | -3.15e+04 |
|    reward             | 1361.0994 |
|    std                | 0.0103    |
|    value_loss         | 1.98e+07  |
-------------------------------------
EPISODE:  320
-------------------------------------
| time/                 |           |
|    fps                | 15        |
|    iterations         | 63800     |
|    time_elapsed       | 20902     |
|    total_timesteps    | 319000    |
| train/                |           |
|    entropy_loss       | 7.65      |
|    explained_variance | 1.19e-07  |
|    learning_rate      | 0.0007    |
|    n_updates          | 63799     |
|    policy_loss        | -4.28e+04 |
|    reward             | 2085.917  |
|    std                | 0.0103    |
|    value_loss         | 4.49e+07  |
-------------------------------------
-------------------------------------
| time/                 |           |
|    fps                | 15        |
|    iterations         | 63900     |
|    time_elapsed       | 20934     |
|    total_timesteps    | 319500    |
| train/                |           |
|    entropy_loss       | 7.65      |
|    explained_variance | -1.19e-07 |
|    learning_rate      | 0.0007    |
|    n_updates          | 63899     |
|    policy_loss        | -3.01e+04 |
|    reward             | 1361.0994 |
|    std                | 0.0103    |
|    value_loss         | 1.98e+07  |
-------------------------------------
EPISODE:  321
------------------------------------
| time/                 |          |
|    fps                | 15       |
|    iterations         | 64000    |
|    time_elapsed       | 20967    |
|    total_timesteps    | 320000   |
| train/                |          |
|    entropy_loss       | 7.67     |
|    explained_variance | 1.19e-07 |
|    learning_rate      | 0.0007   |
|    n_updates          | 63999    |
|    policy_loss        | -4.9e+04 |
|    reward             | 2085.917 |
|    std                | 0.0103   |
|    value_loss         | 4.49e+07 |
------------------------------------
-------------------------------------
| time/                 |           |
|    fps                | 15        |
|    iterations         | 64100     |
|    time_elapsed       | 21000     |
|    total_timesteps    | 320500    |
| train/                |           |
|    entropy_loss       | 7.68      |
|    explained_variance | 0         |
|    learning_rate      | 0.0007    |
|    n_updates          | 64099     |
|    policy_loss        | -3.19e+04 |
|    reward             | 1361.0994 |
|    std                | 0.0103    |
|    value_loss         | 1.98e+07  |
-------------------------------------
EPISODE:  322
-------------------------------------
| time/                 |           |
|    fps                | 15        |
|    iterations         | 64200     |
|    time_elapsed       | 21033     |
|    total_timesteps    | 321000    |
| train/                |           |
|    entropy_loss       | 7.69      |
|    explained_variance | 1.19e-07  |
|    learning_rate      | 0.0007    |
|    n_updates          | 64199     |
|    policy_loss        | -4.59e+04 |
|    reward             | 2085.917  |
|    std                | 0.0102    |
|    value_loss         | 4.49e+07  |
-------------------------------------
-------------------------------------
| time/                 |           |
|    fps                | 15        |
|    iterations         | 64300     |
|    time_elapsed       | 21066     |
|    total_timesteps    | 321500    |
| train/                |           |
|    entropy_loss       | 7.7       |
|    explained_variance | 2.38e-07  |
|    learning_rate      | 0.0007    |
|    n_updates          | 64299     |
|    policy_loss        | -3.16e+04 |
|    reward             | 1361.0994 |
|    std                | 0.0102    |
|    value_loss         | 1.98e+07  |
-------------------------------------
EPISODE:  323
-------------------------------------
| time/                 |           |
|    fps                | 15        |
|    iterations         | 64400     |
|    time_elapsed       | 21100     |
|    total_timesteps    | 322000    |
| train/                |           |
|    entropy_loss       | 7.72      |
|    explained_variance | 1.19e-07  |
|    learning_rate      | 0.0007    |
|    n_updates          | 64399     |
|    policy_loss        | -4.73e+04 |
|    reward             | 2085.917  |
|    std                | 0.0102    |
|    value_loss         | 4.48e+07  |
-------------------------------------
-------------------------------------
| time/                 |           |
|    fps                | 15        |
|    iterations         | 64500     |
|    time_elapsed       | 21133     |
|    total_timesteps    | 322500    |
| train/                |           |
|    entropy_loss       | 7.72      |
|    explained_variance | 0         |
|    learning_rate      | 0.0007    |
|    n_updates          | 64499     |
|    policy_loss        | -2.87e+04 |
|    reward             | 1361.0994 |
|    std                | 0.0101    |
|    value_loss         | 1.98e+07  |
-------------------------------------
EPISODE:  324
-------------------------------------
| time/                 |           |
|    fps                | 15        |
|    iterations         | 64600     |
|    time_elapsed       | 21165     |
|    total_timesteps    | 323000    |
| train/                |           |
|    entropy_loss       | 7.73      |
|    explained_variance | 0         |
|    learning_rate      | 0.0007    |
|    n_updates          | 64599     |
|    policy_loss        | -5.02e+04 |
|    reward             | 2085.917  |
|    std                | 0.0101    |
|    value_loss         | 4.48e+07  |
-------------------------------------
-------------------------------------
| time/                 |           |
|    fps                | 15        |
|    iterations         | 64700     |
|    time_elapsed       | 21198     |
|    total_timesteps    | 323500    |
| train/                |           |
|    entropy_loss       | 7.76      |
|    explained_variance | 0         |
|    learning_rate      | 0.0007    |
|    n_updates          | 64699     |
|    policy_loss        | -3.3e+04  |
|    reward             | 1361.0994 |
|    std                | 0.00987   |
|    value_loss         | 1.98e+07  |
-------------------------------------
EPISODE:  325
-------------------------------------
| time/                 |           |
|    fps                | 15        |
|    iterations         | 64800     |
|    time_elapsed       | 21231     |
|    total_timesteps    | 324000    |
| train/                |           |
|    entropy_loss       | 7.8       |
|    explained_variance | 1.79e-07  |
|    learning_rate      | 0.0007    |
|    n_updates          | 64799     |
|    policy_loss        | -5.03e+04 |
|    reward             | 2085.917  |
|    std                | 0.00976   |
|    value_loss         | 4.48e+07  |
-------------------------------------
-------------------------------------
| time/                 |           |
|    fps                | 15        |
|    iterations         | 64900     |
|    time_elapsed       | 21264     |
|    total_timesteps    | 324500    |
| train/                |           |
|    entropy_loss       | 7.83      |
|    explained_variance | 0         |
|    learning_rate      | 0.0007    |
|    n_updates          | 64899     |
|    policy_loss        | -3.34e+04 |
|    reward             | 1361.0994 |
|    std                | 0.00961   |
|    value_loss         | 1.98e+07  |
-------------------------------------
EPISODE:  326
-------------------------------------
| time/                 |           |
|    fps                | 15        |
|    iterations         | 65000     |
|    time_elapsed       | 21297     |
|    total_timesteps    | 325000    |
| train/                |           |
|    entropy_loss       | 7.86      |
|    explained_variance | -1.19e-07 |
|    learning_rate      | 0.0007    |
|    n_updates          | 64999     |
|    policy_loss        | -4.76e+04 |
|    reward             | 2085.917  |
|    std                | 0.00953   |
|    value_loss         | 4.48e+07  |
-------------------------------------
-------------------------------------
| time/                 |           |
|    fps                | 15        |
|    iterations         | 65100     |
|    time_elapsed       | 21329     |
|    total_timesteps    | 325500    |
| train/                |           |
|    entropy_loss       | 7.87      |
|    explained_variance | 1.19e-07  |
|    learning_rate      | 0.0007    |
|    n_updates          | 65099     |
|    policy_loss        | -3.46e+04 |
|    reward             | 1361.0994 |
|    std                | 0.0095    |
|    value_loss         | 1.98e+07  |
-------------------------------------
EPISODE:  327
-------------------------------------
| time/                 |           |
|    fps                | 15        |
|    iterations         | 65200     |
|    time_elapsed       | 21362     |
|    total_timesteps    | 326000    |
| train/                |           |
|    entropy_loss       | 7.88      |
|    explained_variance | 0         |
|    learning_rate      | 0.0007    |
|    n_updates          | 65199     |
|    policy_loss        | -4.91e+04 |
|    reward             | 2085.917  |
|    std                | 0.00949   |
|    value_loss         | 4.48e+07  |
-------------------------------------
-------------------------------------
| time/                 |           |
|    fps                | 15        |
|    iterations         | 65300     |
|    time_elapsed       | 21395     |
|    total_timesteps    | 326500    |
| train/                |           |
|    entropy_loss       | 7.89      |
|    explained_variance | 5.96e-08  |
|    learning_rate      | 0.0007    |
|    n_updates          | 65299     |
|    policy_loss        | -3.1e+04  |
|    reward             | 1361.0994 |
|    std                | 0.00947   |
|    value_loss         | 1.98e+07  |
-------------------------------------
EPISODE:  328
-------------------------------------
| time/                 |           |
|    fps                | 15        |
|    iterations         | 65400     |
|    time_elapsed       | 21428     |
|    total_timesteps    | 327000    |
| train/                |           |
|    entropy_loss       | 7.88      |
|    explained_variance | 0         |
|    learning_rate      | 0.0007    |
|    n_updates          | 65399     |
|    policy_loss        | -4.79e+04 |
|    reward             | 2085.917  |
|    std                | 0.0095    |
|    value_loss         | 4.48e+07  |
-------------------------------------
-------------------------------------
| time/                 |           |
|    fps                | 15        |
|    iterations         | 65500     |
|    time_elapsed       | 21461     |
|    total_timesteps    | 327500    |
| train/                |           |
|    entropy_loss       | 7.89      |
|    explained_variance | 1.19e-07  |
|    learning_rate      | 0.0007    |
|    n_updates          | 65499     |
|    policy_loss        | -3.19e+04 |
|    reward             | 1361.0994 |
|    std                | 0.0095    |
|    value_loss         | 1.98e+07  |
-------------------------------------
EPISODE:  329
-------------------------------------
| time/                 |           |
|    fps                | 15        |
|    iterations         | 65600     |
|    time_elapsed       | 21494     |
|    total_timesteps    | 328000    |
| train/                |           |
|    entropy_loss       | 7.9       |
|    explained_variance | 0         |
|    learning_rate      | 0.0007    |
|    n_updates          | 65599     |
|    policy_loss        | -4.58e+04 |
|    reward             | 2085.917  |
|    std                | 0.00947   |
|    value_loss         | 4.48e+07  |
-------------------------------------
-------------------------------------
| time/                 |           |
|    fps                | 15        |
|    iterations         | 65700     |
|    time_elapsed       | 21526     |
|    total_timesteps    | 328500    |
| train/                |           |
|    entropy_loss       | 7.9       |
|    explained_variance | 0         |
|    learning_rate      | 0.0007    |
|    n_updates          | 65699     |
|    policy_loss        | -3.35e+04 |
|    reward             | 1361.0994 |
|    std                | 0.0095    |
|    value_loss         | 1.98e+07  |
-------------------------------------
EPISODE:  330
-------------------------------------
| time/                 |           |
|    fps                | 15        |
|    iterations         | 65800     |
|    time_elapsed       | 21559     |
|    total_timesteps    | 329000    |
| train/                |           |
|    entropy_loss       | 7.92      |
|    explained_variance | -1.19e-07 |
|    learning_rate      | 0.0007    |
|    n_updates          | 65799     |
|    policy_loss        | -5.03e+04 |
|    reward             | 2085.917  |
|    std                | 0.00935   |
|    value_loss         | 4.48e+07  |
-------------------------------------
-------------------------------------
| time/                 |           |
|    fps                | 15        |
|    iterations         | 65900     |
|    time_elapsed       | 21592     |
|    total_timesteps    | 329500    |
| train/                |           |
|    entropy_loss       | 7.94      |
|    explained_variance | 0         |
|    learning_rate      | 0.0007    |
|    n_updates          | 65899     |
|    policy_loss        | -3.05e+04 |
|    reward             | 1361.0994 |
|    std                | 0.00936   |
|    value_loss         | 1.98e+07  |
-------------------------------------
EPISODE:  331
-------------------------------------
| time/                 |           |
|    fps                | 15        |
|    iterations         | 66000     |
|    time_elapsed       | 21625     |
|    total_timesteps    | 330000    |
| train/                |           |
|    entropy_loss       | 7.96      |
|    explained_variance | 1.19e-07  |
|    learning_rate      | 0.0007    |
|    n_updates          | 65999     |
|    policy_loss        | -4.67e+04 |
|    reward             | 2085.917  |
|    std                | 0.00929   |
|    value_loss         | 4.48e+07  |
-------------------------------------
-------------------------------------
| time/                 |           |
|    fps                | 15        |
|    iterations         | 66100     |
|    time_elapsed       | 21658     |
|    total_timesteps    | 330500    |
| train/                |           |
|    entropy_loss       | 7.97      |
|    explained_variance | 0         |
|    learning_rate      | 0.0007    |
|    n_updates          | 66099     |
|    policy_loss        | -3e+04    |
|    reward             | 1361.0994 |
|    std                | 0.00933   |
|    value_loss         | 1.98e+07  |
-------------------------------------
EPISODE:  332
-------------------------------------
| time/                 |           |
|    fps                | 15        |
|    iterations         | 66200     |
|    time_elapsed       | 21691     |
|    total_timesteps    | 331000    |
| train/                |           |
|    entropy_loss       | 7.97      |
|    explained_variance | 0         |
|    learning_rate      | 0.0007    |
|    n_updates          | 66199     |
|    policy_loss        | -5.21e+04 |
|    reward             | 2085.917  |
|    std                | 0.0093    |
|    value_loss         | 4.48e+07  |
-------------------------------------
-------------------------------------
| time/                 |           |
|    fps                | 15        |
|    iterations         | 66300     |
|    time_elapsed       | 21723     |
|    total_timesteps    | 331500    |
| train/                |           |
|    entropy_loss       | 7.98      |
|    explained_variance | 1.19e-07  |
|    learning_rate      | 0.0007    |
|    n_updates          | 66299     |
|    policy_loss        | -3.33e+04 |
|    reward             | 1361.0994 |
|    std                | 0.00932   |
|    value_loss         | 1.98e+07  |
-------------------------------------
EPISODE:  333
-------------------------------------
| time/                 |           |
|    fps                | 15        |
|    iterations         | 66400     |
|    time_elapsed       | 21756     |
|    total_timesteps    | 332000    |
| train/                |           |
|    entropy_loss       | 8.01      |
|    explained_variance | 1.79e-07  |
|    learning_rate      | 0.0007    |
|    n_updates          | 66399     |
|    policy_loss        | -4.92e+04 |
|    reward             | 2085.917  |
|    std                | 0.00924   |
|    value_loss         | 4.48e+07  |
-------------------------------------
-------------------------------------
| time/                 |           |
|    fps                | 15        |
|    iterations         | 66500     |
|    time_elapsed       | 21789     |
|    total_timesteps    | 332500    |
| train/                |           |
|    entropy_loss       | 8.03      |
|    explained_variance | 0         |
|    learning_rate      | 0.0007    |
|    n_updates          | 66499     |
|    policy_loss        | -3.11e+04 |
|    reward             | 1361.0994 |
|    std                | 0.00919   |
|    value_loss         | 1.98e+07  |
-------------------------------------
EPISODE:  334
-------------------------------------
| time/                 |           |
|    fps                | 15        |
|    iterations         | 66600     |
|    time_elapsed       | 21822     |
|    total_timesteps    | 333000    |
| train/                |           |
|    entropy_loss       | 8.04      |
|    explained_variance | -1.19e-07 |
|    learning_rate      | 0.0007    |
|    n_updates          | 66599     |
|    policy_loss        | -5.08e+04 |
|    reward             | 2085.917  |
|    std                | 0.00916   |
|    value_loss         | 4.48e+07  |
-------------------------------------
-------------------------------------
| time/                 |           |
|    fps                | 15        |
|    iterations         | 66700     |
|    time_elapsed       | 21855     |
|    total_timesteps    | 333500    |
| train/                |           |
|    entropy_loss       | 8.05      |
|    explained_variance | 0         |
|    learning_rate      | 0.0007    |
|    n_updates          | 66699     |
|    policy_loss        | -2.97e+04 |
|    reward             | 1361.0994 |
|    std                | 0.00919   |
|    value_loss         | 1.98e+07  |
-------------------------------------
EPISODE:  335
------------------------------------
| time/                 |          |
|    fps                | 15       |
|    iterations         | 66800    |
|    time_elapsed       | 21887    |
|    total_timesteps    | 334000   |
| train/                |          |
|    entropy_loss       | 8.09     |
|    explained_variance | 0        |
|    learning_rate      | 0.0007   |
|    n_updates          | 66799    |
|    policy_loss        | -4.7e+04 |
|    reward             | 2085.917 |
|    std                | 0.00905  |
|    value_loss         | 4.48e+07 |
------------------------------------
-------------------------------------
| time/                 |           |
|    fps                | 15        |
|    iterations         | 66900     |
|    time_elapsed       | 21920     |
|    total_timesteps    | 334500    |
| train/                |           |
|    entropy_loss       | 8.1       |
|    explained_variance | 5.96e-08  |
|    learning_rate      | 0.0007    |
|    n_updates          | 66899     |
|    policy_loss        | -3.14e+04 |
|    reward             | 1361.0994 |
|    std                | 0.00904   |
|    value_loss         | 1.98e+07  |
-------------------------------------
EPISODE:  336
-------------------------------------
| time/                 |           |
|    fps                | 15        |
|    iterations         | 67000     |
|    time_elapsed       | 21953     |
|    total_timesteps    | 335000    |
| train/                |           |
|    entropy_loss       | 8.11      |
|    explained_variance | 0         |
|    learning_rate      | 0.0007    |
|    n_updates          | 66999     |
|    policy_loss        | -5.04e+04 |
|    reward             | 2085.917  |
|    std                | 0.00904   |
|    value_loss         | 4.48e+07  |
-------------------------------------
-------------------------------------
| time/                 |           |
|    fps                | 15        |
|    iterations         | 67100     |
|    time_elapsed       | 21986     |
|    total_timesteps    | 335500    |
| train/                |           |
|    entropy_loss       | 8.12      |
|    explained_variance | 0         |
|    learning_rate      | 0.0007    |
|    n_updates          | 67099     |
|    policy_loss        | -3.38e+04 |
|    reward             | 1361.0994 |
|    std                | 0.00895   |
|    value_loss         | 1.98e+07  |
-------------------------------------
EPISODE:  337
-------------------------------------
| time/                 |           |
|    fps                | 15        |
|    iterations         | 67200     |
|    time_elapsed       | 22019     |
|    total_timesteps    | 336000    |
| train/                |           |
|    entropy_loss       | 8.14      |
|    explained_variance | 0         |
|    learning_rate      | 0.0007    |
|    n_updates          | 67199     |
|    policy_loss        | -4.78e+04 |
|    reward             | 2085.917  |
|    std                | 0.00887   |
|    value_loss         | 4.48e+07  |
-------------------------------------
-------------------------------------
| time/                 |           |
|    fps                | 15        |
|    iterations         | 67300     |
|    time_elapsed       | 22053     |
|    total_timesteps    | 336500    |
| train/                |           |
|    entropy_loss       | 8.16      |
|    explained_variance | -1.19e-07 |
|    learning_rate      | 0.0007    |
|    n_updates          | 67299     |
|    policy_loss        | -3.1e+04  |
|    reward             | 1361.0994 |
|    std                | 0.00884   |
|    value_loss         | 1.98e+07  |
-------------------------------------
EPISODE:  338
-------------------------------------
| time/                 |           |
|    fps                | 15        |
|    iterations         | 67400     |
|    time_elapsed       | 22085     |
|    total_timesteps    | 337000    |
| train/                |           |
|    entropy_loss       | 8.18      |
|    explained_variance | -1.19e-07 |
|    learning_rate      | 0.0007    |
|    n_updates          | 67399     |
|    policy_loss        | -4.78e+04 |
|    reward             | 2085.917  |
|    std                | 0.00882   |
|    value_loss         | 4.48e+07  |
-------------------------------------
-------------------------------------
| time/                 |           |
|    fps                | 15        |
|    iterations         | 67500     |
|    time_elapsed       | 22118     |
|    total_timesteps    | 337500    |
| train/                |           |
|    entropy_loss       | 8.18      |
|    explained_variance | 2.98e-07  |
|    learning_rate      | 0.0007    |
|    n_updates          | 67499     |
|    policy_loss        | -2.93e+04 |
|    reward             | 1361.0994 |
|    std                | 0.00886   |
|    value_loss         | 1.98e+07  |
-------------------------------------
EPISODE:  339
-------------------------------------
| time/                 |           |
|    fps                | 15        |
|    iterations         | 67600     |
|    time_elapsed       | 22151     |
|    total_timesteps    | 338000    |
| train/                |           |
|    entropy_loss       | 8.18      |
|    explained_variance | -1.19e-07 |
|    learning_rate      | 0.0007    |
|    n_updates          | 67599     |
|    policy_loss        | -4.8e+04  |
|    reward             | 2085.917  |
|    std                | 0.00892   |
|    value_loss         | 4.48e+07  |
-------------------------------------
-------------------------------------
| time/                 |           |
|    fps                | 15        |
|    iterations         | 67700     |
|    time_elapsed       | 22184     |
|    total_timesteps    | 338500    |
| train/                |           |
|    entropy_loss       | 8.2       |
|    explained_variance | 1.19e-07  |
|    learning_rate      | 0.0007    |
|    n_updates          | 67699     |
|    policy_loss        | -3.6e+04  |
|    reward             | 1361.0994 |
|    std                | 0.00885   |
|    value_loss         | 1.98e+07  |
-------------------------------------
EPISODE:  340
-------------------------------------
| time/                 |           |
|    fps                | 15        |
|    iterations         | 67800     |
|    time_elapsed       | 22217     |
|    total_timesteps    | 339000    |
| train/                |           |
|    entropy_loss       | 8.21      |
|    explained_variance | -1.19e-07 |
|    learning_rate      | 0.0007    |
|    n_updates          | 67799     |
|    policy_loss        | -4.66e+04 |
|    reward             | 2085.917  |
|    std                | 0.00885   |
|    value_loss         | 4.48e+07  |
-------------------------------------
-------------------------------------
| time/                 |           |
|    fps                | 15        |
|    iterations         | 67900     |
|    time_elapsed       | 22249     |
|    total_timesteps    | 339500    |
| train/                |           |
|    entropy_loss       | 8.21      |
|    explained_variance | 2.38e-07  |
|    learning_rate      | 0.0007    |
|    n_updates          | 67899     |
|    policy_loss        | -3.55e+04 |
|    reward             | 1361.0994 |
|    std                | 0.00885   |
|    value_loss         | 1.98e+07  |
-------------------------------------
EPISODE:  341
-------------------------------------
| time/                 |           |
|    fps                | 15        |
|    iterations         | 68000     |
|    time_elapsed       | 22282     |
|    total_timesteps    | 340000    |
| train/                |           |
|    entropy_loss       | 8.23      |
|    explained_variance | -1.19e-07 |
|    learning_rate      | 0.0007    |
|    n_updates          | 67999     |
|    policy_loss        | -4.87e+04 |
|    reward             | 2085.917  |
|    std                | 0.00881   |
|    value_loss         | 4.48e+07  |
-------------------------------------
-------------------------------------
| time/                 |           |
|    fps                | 15        |
|    iterations         | 68100     |
|    time_elapsed       | 22315     |
|    total_timesteps    | 340500    |
| train/                |           |
|    entropy_loss       | 8.24      |
|    explained_variance | 0         |
|    learning_rate      | 0.0007    |
|    n_updates          | 68099     |
|    policy_loss        | -3.27e+04 |
|    reward             | 1361.0994 |
|    std                | 0.0088    |
|    value_loss         | 1.98e+07  |
-------------------------------------
EPISODE:  342
-------------------------------------
| time/                 |           |
|    fps                | 15        |
|    iterations         | 68200     |
|    time_elapsed       | 22348     |
|    total_timesteps    | 341000    |
| train/                |           |
|    entropy_loss       | 8.25      |
|    explained_variance | 0         |
|    learning_rate      | 0.0007    |
|    n_updates          | 68199     |
|    policy_loss        | -5.24e+04 |
|    reward             | 2085.917  |
|    std                | 0.00875   |
|    value_loss         | 4.48e+07  |
-------------------------------------
-------------------------------------
| time/                 |           |
|    fps                | 15        |
|    iterations         | 68300     |
|    time_elapsed       | 22381     |
|    total_timesteps    | 341500    |
| train/                |           |
|    entropy_loss       | 8.25      |
|    explained_variance | 0         |
|    learning_rate      | 0.0007    |
|    n_updates          | 68299     |
|    policy_loss        | -2.95e+04 |
|    reward             | 1361.0994 |
|    std                | 0.00878   |
|    value_loss         | 1.98e+07  |
-------------------------------------
EPISODE:  343
-------------------------------------
| time/                 |           |
|    fps                | 15        |
|    iterations         | 68400     |
|    time_elapsed       | 22413     |
|    total_timesteps    | 342000    |
| train/                |           |
|    entropy_loss       | 8.25      |
|    explained_variance | -1.19e-07 |
|    learning_rate      | 0.0007    |
|    n_updates          | 68399     |
|    policy_loss        | -5.08e+04 |
|    reward             | 2108.8372 |
|    std                | 0.00881   |
|    value_loss         | 4.58e+07  |
-------------------------------------
-------------------------------------
| time/                 |           |
|    fps                | 15        |
|    iterations         | 68500     |
|    time_elapsed       | 22446     |
|    total_timesteps    | 342500    |
| train/                |           |
|    entropy_loss       | 8.27      |
|    explained_variance | 0         |
|    learning_rate      | 0.0007    |
|    n_updates          | 68499     |
|    policy_loss        | -3.46e+04 |
|    reward             | 1360.9287 |
|    std                | 0.00875   |
|    value_loss         | 1.97e+07  |
-------------------------------------
EPISODE:  344
-------------------------------------
| time/                 |           |
|    fps                | 15        |
|    iterations         | 68600     |
|    time_elapsed       | 22479     |
|    total_timesteps    | 343000    |
| train/                |           |
|    entropy_loss       | 8.27      |
|    explained_variance | 1.19e-07  |
|    learning_rate      | 0.0007    |
|    n_updates          | 68599     |
|    policy_loss        | -4.48e+04 |
|    reward             | 2085.6553 |
|    std                | 0.00876   |
|    value_loss         | 4.48e+07  |
-------------------------------------
-------------------------------------
| time/                 |           |
|    fps                | 15        |
|    iterations         | 68700     |
|    time_elapsed       | 22512     |
|    total_timesteps    | 343500    |
| train/                |           |
|    entropy_loss       | 8.27      |
|    explained_variance | -1.19e-07 |
|    learning_rate      | 0.0007    |
|    n_updates          | 68699     |
|    policy_loss        | -3.52e+04 |
|    reward             | 1361.0994 |
|    std                | 0.00879   |
|    value_loss         | 1.97e+07  |
-------------------------------------
EPISODE:  345
-------------------------------------
| time/                 |           |
|    fps                | 15        |
|    iterations         | 68800     |
|    time_elapsed       | 22545     |
|    total_timesteps    | 344000    |
| train/                |           |
|    entropy_loss       | 8.28      |
|    explained_variance | 5.96e-08  |
|    learning_rate      | 0.0007    |
|    n_updates          | 68799     |
|    policy_loss        | -4.87e+04 |
|    reward             | 2085.917  |
|    std                | 0.00873   |
|    value_loss         | 4.48e+07  |
-------------------------------------
-------------------------------------
| time/                 |           |
|    fps                | 15        |
|    iterations         | 68900     |
|    time_elapsed       | 22577     |
|    total_timesteps    | 344500    |
| train/                |           |
|    entropy_loss       | 8.3       |
|    explained_variance | 0         |
|    learning_rate      | 0.0007    |
|    n_updates          | 68899     |
|    policy_loss        | -3.43e+04 |
|    reward             | 1361.0994 |
|    std                | 0.00871   |
|    value_loss         | 1.97e+07  |
-------------------------------------
EPISODE:  346
-------------------------------------
| time/                 |           |
|    fps                | 15        |
|    iterations         | 69000     |
|    time_elapsed       | 22610     |
|    total_timesteps    | 345000    |
| train/                |           |
|    entropy_loss       | 8.31      |
|    explained_variance | 0         |
|    learning_rate      | 0.0007    |
|    n_updates          | 68999     |
|    policy_loss        | -4.66e+04 |
|    reward             | 2085.917  |
|    std                | 0.00871   |
|    value_loss         | 4.48e+07  |
-------------------------------------
-------------------------------------
| time/                 |           |
|    fps                | 15        |
|    iterations         | 69100     |
|    time_elapsed       | 22643     |
|    total_timesteps    | 345500    |
| train/                |           |
|    entropy_loss       | 8.31      |
|    explained_variance | -1.19e-07 |
|    learning_rate      | 0.0007    |
|    n_updates          | 69099     |
|    policy_loss        | -3.49e+04 |
|    reward             | 1361.0994 |
|    std                | 0.00873   |
|    value_loss         | 1.97e+07  |
-------------------------------------
EPISODE:  347
-------------------------------------
| time/                 |           |
|    fps                | 15        |
|    iterations         | 69200     |
|    time_elapsed       | 22676     |
|    total_timesteps    | 346000    |
| train/                |           |
|    entropy_loss       | 8.34      |
|    explained_variance | 1.19e-07  |
|    learning_rate      | 0.0007    |
|    n_updates          | 69199     |
|    policy_loss        | -4.96e+04 |
|    reward             | 2085.917  |
|    std                | 0.00865   |
|    value_loss         | 4.48e+07  |
-------------------------------------
-------------------------------------
| time/                 |           |
|    fps                | 15        |
|    iterations         | 69300     |
|    time_elapsed       | 22708     |
|    total_timesteps    | 346500    |
| train/                |           |
|    entropy_loss       | 8.35      |
|    explained_variance | 0         |
|    learning_rate      | 0.0007    |
|    n_updates          | 69299     |
|    policy_loss        | -3.52e+04 |
|    reward             | 1361.0994 |
|    std                | 0.00862   |
|    value_loss         | 1.97e+07  |
-------------------------------------
EPISODE:  348
-------------------------------------
| time/                 |           |
|    fps                | 15        |
|    iterations         | 69400     |
|    time_elapsed       | 22741     |
|    total_timesteps    | 347000    |
| train/                |           |
|    entropy_loss       | 8.37      |
|    explained_variance | 0         |
|    learning_rate      | 0.0007    |
|    n_updates          | 69399     |
|    policy_loss        | -5.26e+04 |
|    reward             | 2085.917  |
|    std                | 0.0086    |
|    value_loss         | 4.48e+07  |
-------------------------------------
-------------------------------------
| time/                 |           |
|    fps                | 15        |
|    iterations         | 69500     |
|    time_elapsed       | 22774     |
|    total_timesteps    | 347500    |
| train/                |           |
|    entropy_loss       | 8.39      |
|    explained_variance | 0         |
|    learning_rate      | 0.0007    |
|    n_updates          | 69499     |
|    policy_loss        | -3.34e+04 |
|    reward             | 1361.0994 |
|    std                | 0.00854   |
|    value_loss         | 1.97e+07  |
-------------------------------------
EPISODE:  349
-------------------------------------
| time/                 |           |
|    fps                | 15        |
|    iterations         | 69600     |
|    time_elapsed       | 22807     |
|    total_timesteps    | 348000    |
| train/                |           |
|    entropy_loss       | 8.4       |
|    explained_variance | 0         |
|    learning_rate      | 0.0007    |
|    n_updates          | 69599     |
|    policy_loss        | -5.34e+04 |
|    reward             | 2085.917  |
|    std                | 0.00847   |
|    value_loss         | 4.48e+07  |
-------------------------------------
-------------------------------------
| time/                 |           |
|    fps                | 15        |
|    iterations         | 69700     |
|    time_elapsed       | 22840     |
|    total_timesteps    | 348500    |
| train/                |           |
|    entropy_loss       | 8.4       |
|    explained_variance | 0         |
|    learning_rate      | 0.0007    |
|    n_updates          | 69699     |
|    policy_loss        | -3.05e+04 |
|    reward             | 1361.0994 |
|    std                | 0.00849   |
|    value_loss         | 1.97e+07  |
-------------------------------------
EPISODE:  350
------------------------------------
| time/                 |          |
|    fps                | 15       |
|    iterations         | 69800    |
|    time_elapsed       | 22872    |
|    total_timesteps    | 349000   |
| train/                |          |
|    entropy_loss       | 8.42     |
|    explained_variance | 0        |
|    learning_rate      | 0.0007   |
|    n_updates          | 69799    |
|    policy_loss        | -5.3e+04 |
|    reward             | 2085.917 |
|    std                | 0.00843  |
|    value_loss         | 4.48e+07 |
------------------------------------
-------------------------------------
| time/                 |           |
|    fps                | 15        |
|    iterations         | 69900     |
|    time_elapsed       | 22905     |
|    total_timesteps    | 349500    |
| train/                |           |
|    entropy_loss       | 8.43      |
|    explained_variance | 0         |
|    learning_rate      | 0.0007    |
|    n_updates          | 69899     |
|    policy_loss        | -3.44e+04 |
|    reward             | 1361.0994 |
|    std                | 0.0084    |
|    value_loss         | 1.97e+07  |
-------------------------------------
EPISODE:  351
-------------------------------------
| time/                 |           |
|    fps                | 15        |
|    iterations         | 70000     |
|    time_elapsed       | 22938     |
|    total_timesteps    | 350000    |
| train/                |           |
|    entropy_loss       | 8.45      |
|    explained_variance | 1.19e-07  |
|    learning_rate      | 0.0007    |
|    n_updates          | 69999     |
|    policy_loss        | -4.62e+04 |
|    reward             | 2085.917  |
|    std                | 0.00836   |
|    value_loss         | 4.48e+07  |
-------------------------------------
-------------------------------------
| time/                 |           |
|    fps                | 15        |
|    iterations         | 70100     |
|    time_elapsed       | 22972     |
|    total_timesteps    | 350500    |
| train/                |           |
|    entropy_loss       | 8.46      |
|    explained_variance | -1.19e-07 |
|    learning_rate      | 0.0007    |
|    n_updates          | 70099     |
|    policy_loss        | -3.59e+04 |
|    reward             | 1361.0994 |
|    std                | 0.00836   |
|    value_loss         | 1.97e+07  |
-------------------------------------
EPISODE:  352
-------------------------------------
| time/                 |           |
|    fps                | 15        |
|    iterations         | 70200     |
|    time_elapsed       | 23005     |
|    total_timesteps    | 351000    |
| train/                |           |
|    entropy_loss       | 8.48      |
|    explained_variance | 0         |
|    learning_rate      | 0.0007    |
|    n_updates          | 70199     |
|    policy_loss        | -5.26e+04 |
|    reward             | 2085.917  |
|    std                | 0.00829   |
|    value_loss         | 4.48e+07  |
-------------------------------------
-------------------------------------
| time/                 |           |
|    fps                | 15        |
|    iterations         | 70300     |
|    time_elapsed       | 23038     |
|    total_timesteps    | 351500    |
| train/                |           |
|    entropy_loss       | 8.49      |
|    explained_variance | -2.38e-07 |
|    learning_rate      | 0.0007    |
|    n_updates          | 70299     |
|    policy_loss        | -3.01e+04 |
|    reward             | 1361.0994 |
|    std                | 0.00825   |
|    value_loss         | 1.97e+07  |
-------------------------------------
EPISODE:  353
-------------------------------------
| time/                 |           |
|    fps                | 15        |
|    iterations         | 70400     |
|    time_elapsed       | 23070     |
|    total_timesteps    | 352000    |
| train/                |           |
|    entropy_loss       | 8.51      |
|    explained_variance | -1.19e-07 |
|    learning_rate      | 0.0007    |
|    n_updates          | 70399     |
|    policy_loss        | -4.75e+04 |
|    reward             | 2085.917  |
|    std                | 0.00822   |
|    value_loss         | 4.48e+07  |
-------------------------------------
-------------------------------------
| time/                 |           |
|    fps                | 15        |
|    iterations         | 70500     |
|    time_elapsed       | 23103     |
|    total_timesteps    | 352500    |
| train/                |           |
|    entropy_loss       | 8.53      |
|    explained_variance | -1.19e-07 |
|    learning_rate      | 0.0007    |
|    n_updates          | 70499     |
|    policy_loss        | -3.47e+04 |
|    reward             | 1361.0994 |
|    std                | 0.00816   |
|    value_loss         | 1.97e+07  |
-------------------------------------
EPISODE:  354
-------------------------------------
| time/                 |           |
|    fps                | 15        |
|    iterations         | 70600     |
|    time_elapsed       | 23136     |
|    total_timesteps    | 353000    |
| train/                |           |
|    entropy_loss       | 8.53      |
|    explained_variance | 5.96e-08  |
|    learning_rate      | 0.0007    |
|    n_updates          | 70599     |
|    policy_loss        | -5.32e+04 |
|    reward             | 2085.917  |
|    std                | 0.00815   |
|    value_loss         | 4.48e+07  |
-------------------------------------
-------------------------------------
| time/                 |           |
|    fps                | 15        |
|    iterations         | 70700     |
|    time_elapsed       | 23169     |
|    total_timesteps    | 353500    |
| train/                |           |
|    entropy_loss       | 8.55      |
|    explained_variance | 2.38e-07  |
|    learning_rate      | 0.0007    |
|    n_updates          | 70699     |
|    policy_loss        | -3.34e+04 |
|    reward             | 1361.0994 |
|    std                | 0.00808   |
|    value_loss         | 1.97e+07  |
-------------------------------------
EPISODE:  355
-------------------------------------
| time/                 |           |
|    fps                | 15        |
|    iterations         | 70800     |
|    time_elapsed       | 23201     |
|    total_timesteps    | 354000    |
| train/                |           |
|    entropy_loss       | 8.56      |
|    explained_variance | 1.19e-07  |
|    learning_rate      | 0.0007    |
|    n_updates          | 70799     |
|    policy_loss        | -4.74e+04 |
|    reward             | 2085.917  |
|    std                | 0.00806   |
|    value_loss         | 4.48e+07  |
-------------------------------------
-------------------------------------
| time/                 |           |
|    fps                | 15        |
|    iterations         | 70900     |
|    time_elapsed       | 23234     |
|    total_timesteps    | 354500    |
| train/                |           |
|    entropy_loss       | 8.57      |
|    explained_variance | 0         |
|    learning_rate      | 0.0007    |
|    n_updates          | 70899     |
|    policy_loss        | -3.6e+04  |
|    reward             | 1361.0994 |
|    std                | 0.00798   |
|    value_loss         | 1.97e+07  |
-------------------------------------
EPISODE:  356
-------------------------------------
| time/                 |           |
|    fps                | 15        |
|    iterations         | 71000     |
|    time_elapsed       | 23267     |
|    total_timesteps    | 355000    |
| train/                |           |
|    entropy_loss       | 8.59      |
|    explained_variance | 0         |
|    learning_rate      | 0.0007    |
|    n_updates          | 70999     |
|    policy_loss        | -5.35e+04 |
|    reward             | 2085.917  |
|    std                | 0.00792   |
|    value_loss         | 4.48e+07  |
-------------------------------------
-------------------------------------
| time/                 |           |
|    fps                | 15        |
|    iterations         | 71100     |
|    time_elapsed       | 23300     |
|    total_timesteps    | 355500    |
| train/                |           |
|    entropy_loss       | 8.59      |
|    explained_variance | 1.19e-07  |
|    learning_rate      | 0.0007    |
|    n_updates          | 71099     |
|    policy_loss        | -3.64e+04 |
|    reward             | 1361.0994 |
|    std                | 0.00792   |
|    value_loss         | 1.97e+07  |
-------------------------------------
EPISODE:  357
-------------------------------------
| time/                 |           |
|    fps                | 15        |
|    iterations         | 71200     |
|    time_elapsed       | 23333     |
|    total_timesteps    | 356000    |
| train/                |           |
|    entropy_loss       | 8.59      |
|    explained_variance | 1.19e-07  |
|    learning_rate      | 0.0007    |
|    n_updates          | 71199     |
|    policy_loss        | -5.46e+04 |
|    reward             | 2085.917  |
|    std                | 0.00799   |
|    value_loss         | 4.48e+07  |
-------------------------------------
-------------------------------------
| time/                 |           |
|    fps                | 15        |
|    iterations         | 71300     |
|    time_elapsed       | 23365     |
|    total_timesteps    | 356500    |
| train/                |           |
|    entropy_loss       | 8.61      |
|    explained_variance | 5.96e-08  |
|    learning_rate      | 0.0007    |
|    n_updates          | 71299     |
|    policy_loss        | -3.75e+04 |
|    reward             | 1361.0994 |
|    std                | 0.00804   |
|    value_loss         | 1.97e+07  |
-------------------------------------
EPISODE:  358
-------------------------------------
| time/                 |           |
|    fps                | 15        |
|    iterations         | 71400     |
|    time_elapsed       | 23398     |
|    total_timesteps    | 357000    |
| train/                |           |
|    entropy_loss       | 8.63      |
|    explained_variance | 0         |
|    learning_rate      | 0.0007    |
|    n_updates          | 71399     |
|    policy_loss        | -5.37e+04 |
|    reward             | 2085.917  |
|    std                | 0.00802   |
|    value_loss         | 4.48e+07  |
-------------------------------------
-------------------------------------
| time/                 |           |
|    fps                | 15        |
|    iterations         | 71500     |
|    time_elapsed       | 23431     |
|    total_timesteps    | 357500    |
| train/                |           |
|    entropy_loss       | 8.64      |
|    explained_variance | -1.19e-07 |
|    learning_rate      | 0.0007    |
|    n_updates          | 71499     |
|    policy_loss        | -3.22e+04 |
|    reward             | 1361.0994 |
|    std                | 0.00799   |
|    value_loss         | 1.97e+07  |
-------------------------------------
EPISODE:  359
-------------------------------------
| time/                 |           |
|    fps                | 15        |
|    iterations         | 71600     |
|    time_elapsed       | 23464     |
|    total_timesteps    | 358000    |
| train/                |           |
|    entropy_loss       | 8.65      |
|    explained_variance | 1.19e-07  |
|    learning_rate      | 0.0007    |
|    n_updates          | 71599     |
|    policy_loss        | -5.09e+04 |
|    reward             | 2085.917  |
|    std                | 0.00797   |
|    value_loss         | 4.48e+07  |
-------------------------------------
-------------------------------------
| time/                 |           |
|    fps                | 15        |
|    iterations         | 71700     |
|    time_elapsed       | 23497     |
|    total_timesteps    | 358500    |
| train/                |           |
|    entropy_loss       | 8.66      |
|    explained_variance | 5.96e-08  |
|    learning_rate      | 0.0007    |
|    n_updates          | 71699     |
|    policy_loss        | -3.65e+04 |
|    reward             | 1361.0994 |
|    std                | 0.00792   |
|    value_loss         | 1.97e+07  |
-------------------------------------
EPISODE:  360
-------------------------------------
| time/                 |           |
|    fps                | 15        |
|    iterations         | 71800     |
|    time_elapsed       | 23529     |
|    total_timesteps    | 359000    |
| train/                |           |
|    entropy_loss       | 8.66      |
|    explained_variance | 0         |
|    learning_rate      | 0.0007    |
|    n_updates          | 71799     |
|    policy_loss        | -5.68e+04 |
|    reward             | 2085.917  |
|    std                | 0.008     |
|    value_loss         | 4.48e+07  |
-------------------------------------
-------------------------------------
| time/                 |           |
|    fps                | 15        |
|    iterations         | 71900     |
|    time_elapsed       | 23562     |
|    total_timesteps    | 359500    |
| train/                |           |
|    entropy_loss       | 8.67      |
|    explained_variance | -1.19e-07 |
|    learning_rate      | 0.0007    |
|    n_updates          | 71899     |
|    policy_loss        | -3.63e+04 |
|    reward             | 1361.0994 |
|    std                | 0.00795   |
|    value_loss         | 1.97e+07  |
-------------------------------------
EPISODE:  361
-------------------------------------
| time/                 |           |
|    fps                | 15        |
|    iterations         | 72000     |
|    time_elapsed       | 23595     |
|    total_timesteps    | 360000    |
| train/                |           |
|    entropy_loss       | 8.66      |
|    explained_variance | -1.19e-07 |
|    learning_rate      | 0.0007    |
|    n_updates          | 71999     |
|    policy_loss        | -5.26e+04 |
|    reward             | 2085.917  |
|    std                | 0.00793   |
|    value_loss         | 4.48e+07  |
-------------------------------------
-------------------------------------
| time/                 |           |
|    fps                | 15        |
|    iterations         | 72100     |
|    time_elapsed       | 23628     |
|    total_timesteps    | 360500    |
| train/                |           |
|    entropy_loss       | 8.66      |
|    explained_variance | 0         |
|    learning_rate      | 0.0007    |
|    n_updates          | 72099     |
|    policy_loss        | -3.75e+04 |
|    reward             | 1361.0994 |
|    std                | 0.00794   |
|    value_loss         | 1.97e+07  |
-------------------------------------
EPISODE:  362
-------------------------------------
| time/                 |           |
|    fps                | 15        |
|    iterations         | 72200     |
|    time_elapsed       | 23660     |
|    total_timesteps    | 361000    |
| train/                |           |
|    entropy_loss       | 8.68      |
|    explained_variance | 0         |
|    learning_rate      | 0.0007    |
|    n_updates          | 72199     |
|    policy_loss        | -4.77e+04 |
|    reward             | 2085.917  |
|    std                | 0.00788   |
|    value_loss         | 4.48e+07  |
-------------------------------------
-------------------------------------
| time/                 |           |
|    fps                | 15        |
|    iterations         | 72300     |
|    time_elapsed       | 23693     |
|    total_timesteps    | 361500    |
| train/                |           |
|    entropy_loss       | 8.68      |
|    explained_variance | 0         |
|    learning_rate      | 0.0007    |
|    n_updates          | 72299     |
|    policy_loss        | -3.73e+04 |
|    reward             | 1361.0994 |
|    std                | 0.00787   |
|    value_loss         | 1.97e+07  |
-------------------------------------
EPISODE:  363
-------------------------------------
| time/                 |           |
|    fps                | 15        |
|    iterations         | 72400     |
|    time_elapsed       | 23726     |
|    total_timesteps    | 362000    |
| train/                |           |
|    entropy_loss       | 8.68      |
|    explained_variance | -1.19e-07 |
|    learning_rate      | 0.0007    |
|    n_updates          | 72399     |
|    policy_loss        | -5.39e+04 |
|    reward             | 2085.917  |
|    std                | 0.00792   |
|    value_loss         | 4.48e+07  |
-------------------------------------
-------------------------------------
| time/                 |           |
|    fps                | 15        |
|    iterations         | 72500     |
|    time_elapsed       | 23759     |
|    total_timesteps    | 362500    |
| train/                |           |
|    entropy_loss       | 8.7       |
|    explained_variance | 0         |
|    learning_rate      | 0.0007    |
|    n_updates          | 72499     |
|    policy_loss        | -3.34e+04 |
|    reward             | 1361.0994 |
|    std                | 0.00792   |
|    value_loss         | 1.97e+07  |
-------------------------------------
EPISODE:  364
-------------------------------------
| time/                 |           |
|    fps                | 15        |
|    iterations         | 72600     |
|    time_elapsed       | 23792     |
|    total_timesteps    | 363000    |
| train/                |           |
|    entropy_loss       | 8.7       |
|    explained_variance | 5.96e-08  |
|    learning_rate      | 0.0007    |
|    n_updates          | 72599     |
|    policy_loss        | -5.13e+04 |
|    reward             | 2085.917  |
|    std                | 0.00791   |
|    value_loss         | 4.48e+07  |
-------------------------------------
-------------------------------------
| time/                 |           |
|    fps                | 15        |
|    iterations         | 72700     |
|    time_elapsed       | 23824     |
|    total_timesteps    | 363500    |
| train/                |           |
|    entropy_loss       | 8.71      |
|    explained_variance | 5.96e-08  |
|    learning_rate      | 0.0007    |
|    n_updates          | 72699     |
|    policy_loss        | -3.43e+04 |
|    reward             | 1361.0994 |
|    std                | 0.00793   |
|    value_loss         | 1.97e+07  |
-------------------------------------
EPISODE:  365
-------------------------------------
| time/                 |           |
|    fps                | 15        |
|    iterations         | 72800     |
|    time_elapsed       | 23857     |
|    total_timesteps    | 364000    |
| train/                |           |
|    entropy_loss       | 8.73      |
|    explained_variance | -1.19e-07 |
|    learning_rate      | 0.0007    |
|    n_updates          | 72799     |
|    policy_loss        | -5.54e+04 |
|    reward             | 2085.917  |
|    std                | 0.0079    |
|    value_loss         | 4.48e+07  |
-------------------------------------
-------------------------------------
| time/                 |           |
|    fps                | 15        |
|    iterations         | 72900     |
|    time_elapsed       | 23891     |
|    total_timesteps    | 364500    |
| train/                |           |
|    entropy_loss       | 8.74      |
|    explained_variance | 1.19e-07  |
|    learning_rate      | 0.0007    |
|    n_updates          | 72899     |
|    policy_loss        | -3.81e+04 |
|    reward             | 1361.0994 |
|    std                | 0.00783   |
|    value_loss         | 1.97e+07  |
-------------------------------------
EPISODE:  366
-------------------------------------
| time/                 |           |
|    fps                | 15        |
|    iterations         | 73000     |
|    time_elapsed       | 23924     |
|    total_timesteps    | 365000    |
| train/                |           |
|    entropy_loss       | 8.77      |
|    explained_variance | 5.96e-08  |
|    learning_rate      | 0.0007    |
|    n_updates          | 72999     |
|    policy_loss        | -5.62e+04 |
|    reward             | 2085.917  |
|    std                | 0.00776   |
|    value_loss         | 4.48e+07  |
-------------------------------------
-------------------------------------
| time/                 |           |
|    fps                | 15        |
|    iterations         | 73100     |
|    time_elapsed       | 23957     |
|    total_timesteps    | 365500    |
| train/                |           |
|    entropy_loss       | 8.78      |
|    explained_variance | 0         |
|    learning_rate      | 0.0007    |
|    n_updates          | 73099     |
|    policy_loss        | -3.67e+04 |
|    reward             | 1361.0994 |
|    std                | 0.00775   |
|    value_loss         | 1.97e+07  |
-------------------------------------
EPISODE:  367
-------------------------------------
| time/                 |           |
|    fps                | 15        |
|    iterations         | 73200     |
|    time_elapsed       | 23990     |
|    total_timesteps    | 366000    |
| train/                |           |
|    entropy_loss       | 8.79      |
|    explained_variance | 0         |
|    learning_rate      | 0.0007    |
|    n_updates          | 73199     |
|    policy_loss        | -5.54e+04 |
|    reward             | 2085.917  |
|    std                | 0.00778   |
|    value_loss         | 4.48e+07  |
-------------------------------------
-------------------------------------
| time/                 |           |
|    fps                | 15        |
|    iterations         | 73300     |
|    time_elapsed       | 24022     |
|    total_timesteps    | 366500    |
| train/                |           |
|    entropy_loss       | 8.8       |
|    explained_variance | 5.96e-08  |
|    learning_rate      | 0.0007    |
|    n_updates          | 73299     |
|    policy_loss        | -3.57e+04 |
|    reward             | 1361.0994 |
|    std                | 0.00773   |
|    value_loss         | 1.97e+07  |
-------------------------------------
EPISODE:  368
-------------------------------------
| time/                 |           |
|    fps                | 15        |
|    iterations         | 73400     |
|    time_elapsed       | 24055     |
|    total_timesteps    | 367000    |
| train/                |           |
|    entropy_loss       | 8.83      |
|    explained_variance | 0         |
|    learning_rate      | 0.0007    |
|    n_updates          | 73399     |
|    policy_loss        | -5.68e+04 |
|    reward             | 2085.917  |
|    std                | 0.00765   |
|    value_loss         | 4.48e+07  |
-------------------------------------
-------------------------------------
| time/                 |           |
|    fps                | 15        |
|    iterations         | 73500     |
|    time_elapsed       | 24088     |
|    total_timesteps    | 367500    |
| train/                |           |
|    entropy_loss       | 8.85      |
|    explained_variance | 0         |
|    learning_rate      | 0.0007    |
|    n_updates          | 73499     |
|    policy_loss        | -3.58e+04 |
|    reward             | 1361.0994 |
|    std                | 0.00763   |
|    value_loss         | 1.97e+07  |
-------------------------------------
EPISODE:  369
-------------------------------------
| time/                 |           |
|    fps                | 15        |
|    iterations         | 73600     |
|    time_elapsed       | 24121     |
|    total_timesteps    | 368000    |
| train/                |           |
|    entropy_loss       | 8.86      |
|    explained_variance | -1.19e-07 |
|    learning_rate      | 0.0007    |
|    n_updates          | 73599     |
|    policy_loss        | -5.64e+04 |
|    reward             | 2085.917  |
|    std                | 0.0076    |
|    value_loss         | 4.48e+07  |
-------------------------------------
-------------------------------------
| time/                 |           |
|    fps                | 15        |
|    iterations         | 73700     |
|    time_elapsed       | 24154     |
|    total_timesteps    | 368500    |
| train/                |           |
|    entropy_loss       | 8.87      |
|    explained_variance | -1.19e-07 |
|    learning_rate      | 0.0007    |
|    n_updates          | 73699     |
|    policy_loss        | -3.62e+04 |
|    reward             | 1361.0994 |
|    std                | 0.00762   |
|    value_loss         | 1.97e+07  |
-------------------------------------
EPISODE:  370
-------------------------------------
| time/                 |           |
|    fps                | 15        |
|    iterations         | 73800     |
|    time_elapsed       | 24187     |
|    total_timesteps    | 369000    |
| train/                |           |
|    entropy_loss       | 8.88      |
|    explained_variance | 0         |
|    learning_rate      | 0.0007    |
|    n_updates          | 73799     |
|    policy_loss        | -5.56e+04 |
|    reward             | 2085.917  |
|    std                | 0.00761   |
|    value_loss         | 4.48e+07  |
-------------------------------------
-------------------------------------
| time/                 |           |
|    fps                | 15        |
|    iterations         | 73900     |
|    time_elapsed       | 24219     |
|    total_timesteps    | 369500    |
| train/                |           |
|    entropy_loss       | 8.88      |
|    explained_variance | -1.19e-07 |
|    learning_rate      | 0.0007    |
|    n_updates          | 73899     |
|    policy_loss        | -3.61e+04 |
|    reward             | 1361.0994 |
|    std                | 0.00762   |
|    value_loss         | 1.97e+07  |
-------------------------------------
EPISODE:  371
-------------------------------------
| time/                 |           |
|    fps                | 15        |
|    iterations         | 74000     |
|    time_elapsed       | 24252     |
|    total_timesteps    | 370000    |
| train/                |           |
|    entropy_loss       | 8.9       |
|    explained_variance | -2.38e-07 |
|    learning_rate      | 0.0007    |
|    n_updates          | 73999     |
|    policy_loss        | -5.81e+04 |
|    reward             | 2085.917  |
|    std                | 0.00754   |
|    value_loss         | 4.48e+07  |
-------------------------------------
-------------------------------------
| time/                 |           |
|    fps                | 15        |
|    iterations         | 74100     |
|    time_elapsed       | 24285     |
|    total_timesteps    | 370500    |
| train/                |           |
|    entropy_loss       | 8.92      |
|    explained_variance | 5.96e-08  |
|    learning_rate      | 0.0007    |
|    n_updates          | 74099     |
|    policy_loss        | -3.84e+04 |
|    reward             | 1361.0994 |
|    std                | 0.00748   |
|    value_loss         | 1.97e+07  |
-------------------------------------
EPISODE:  372
-------------------------------------
| time/                 |           |
|    fps                | 15        |
|    iterations         | 74200     |
|    time_elapsed       | 24318     |
|    total_timesteps    | 371000    |
| train/                |           |
|    entropy_loss       | 8.93      |
|    explained_variance | 0         |
|    learning_rate      | 0.0007    |
|    n_updates          | 74199     |
|    policy_loss        | -5.29e+04 |
|    reward             | 2085.917  |
|    std                | 0.00748   |
|    value_loss         | 4.48e+07  |
-------------------------------------
-------------------------------------
| time/                 |           |
|    fps                | 15        |
|    iterations         | 74300     |
|    time_elapsed       | 24351     |
|    total_timesteps    | 371500    |
| train/                |           |
|    entropy_loss       | 8.94      |
|    explained_variance | 1.19e-07  |
|    learning_rate      | 0.0007    |
|    n_updates          | 74299     |
|    policy_loss        | -3.39e+04 |
|    reward             | 1361.0994 |
|    std                | 0.00747   |
|    value_loss         | 1.97e+07  |
-------------------------------------
EPISODE:  373
-------------------------------------
| time/                 |           |
|    fps                | 15        |
|    iterations         | 74400     |
|    time_elapsed       | 24384     |
|    total_timesteps    | 372000    |
| train/                |           |
|    entropy_loss       | 8.95      |
|    explained_variance | 0         |
|    learning_rate      | 0.0007    |
|    n_updates          | 74399     |
|    policy_loss        | -5.58e+04 |
|    reward             | 2085.917  |
|    std                | 0.0075    |
|    value_loss         | 4.48e+07  |
-------------------------------------
-------------------------------------
| time/                 |           |
|    fps                | 15        |
|    iterations         | 74500     |
|    time_elapsed       | 24416     |
|    total_timesteps    | 372500    |
| train/                |           |
|    entropy_loss       | 8.95      |
|    explained_variance | 0         |
|    learning_rate      | 0.0007    |
|    n_updates          | 74499     |
|    policy_loss        | -3.63e+04 |
|    reward             | 1361.0994 |
|    std                | 0.00751   |
|    value_loss         | 1.97e+07  |
-------------------------------------
EPISODE:  374
-------------------------------------
| time/                 |           |
|    fps                | 15        |
|    iterations         | 74600     |
|    time_elapsed       | 24449     |
|    total_timesteps    | 373000    |
| train/                |           |
|    entropy_loss       | 8.96      |
|    explained_variance | 0         |
|    learning_rate      | 0.0007    |
|    n_updates          | 74599     |
|    policy_loss        | -5.82e+04 |
|    reward             | 2085.917  |
|    std                | 0.00747   |
|    value_loss         | 4.48e+07  |
-------------------------------------
-------------------------------------
| time/                 |           |
|    fps                | 15        |
|    iterations         | 74700     |
|    time_elapsed       | 24482     |
|    total_timesteps    | 373500    |
| train/                |           |
|    entropy_loss       | 8.96      |
|    explained_variance | -1.19e-07 |
|    learning_rate      | 0.0007    |
|    n_updates          | 74699     |
|    policy_loss        | -3.75e+04 |
|    reward             | 1361.0994 |
|    std                | 0.0075    |
|    value_loss         | 1.97e+07  |
-------------------------------------
EPISODE:  375
-------------------------------------
| time/                 |           |
|    fps                | 15        |
|    iterations         | 74800     |
|    time_elapsed       | 24515     |
|    total_timesteps    | 374000    |
| train/                |           |
|    entropy_loss       | 8.98      |
|    explained_variance | -1.19e-07 |
|    learning_rate      | 0.0007    |
|    n_updates          | 74799     |
|    policy_loss        | -5.4e+04  |
|    reward             | 2085.917  |
|    std                | 0.0074    |
|    value_loss         | 4.48e+07  |
-------------------------------------
-------------------------------------
| time/                 |           |
|    fps                | 15        |
|    iterations         | 74900     |
|    time_elapsed       | 24547     |
|    total_timesteps    | 374500    |
| train/                |           |
|    entropy_loss       | 8.99      |
|    explained_variance | -1.19e-07 |
|    learning_rate      | 0.0007    |
|    n_updates          | 74899     |
|    policy_loss        | -3.75e+04 |
|    reward             | 1361.0994 |
|    std                | 0.00739   |
|    value_loss         | 1.97e+07  |
-------------------------------------
EPISODE:  376
-------------------------------------
| time/                 |           |
|    fps                | 15        |
|    iterations         | 75000     |
|    time_elapsed       | 24580     |
|    total_timesteps    | 375000    |
| train/                |           |
|    entropy_loss       | 9.02      |
|    explained_variance | 1.19e-07  |
|    learning_rate      | 0.0007    |
|    n_updates          | 74999     |
|    policy_loss        | -5.11e+04 |
|    reward             | 2085.917  |
|    std                | 0.00737   |
|    value_loss         | 4.48e+07  |
-------------------------------------
-------------------------------------
| time/                 |           |
|    fps                | 15        |
|    iterations         | 75100     |
|    time_elapsed       | 24613     |
|    total_timesteps    | 375500    |
| train/                |           |
|    entropy_loss       | 9.03      |
|    explained_variance | 0         |
|    learning_rate      | 0.0007    |
|    n_updates          | 75099     |
|    policy_loss        | -3.82e+04 |
|    reward             | 1361.0994 |
|    std                | 0.00736   |
|    value_loss         | 1.97e+07  |
-------------------------------------
EPISODE:  377
-------------------------------------
| time/                 |           |
|    fps                | 15        |
|    iterations         | 75200     |
|    time_elapsed       | 24646     |
|    total_timesteps    | 376000    |
| train/                |           |
|    entropy_loss       | 9.03      |
|    explained_variance | 0         |
|    learning_rate      | 0.0007    |
|    n_updates          | 75199     |
|    policy_loss        | -5.96e+04 |
|    reward             | 2085.917  |
|    std                | 0.00736   |
|    value_loss         | 4.48e+07  |
-------------------------------------
-------------------------------------
| time/                 |           |
|    fps                | 15        |
|    iterations         | 75300     |
|    time_elapsed       | 24678     |
|    total_timesteps    | 376500    |
| train/                |           |
|    entropy_loss       | 9.04      |
|    explained_variance | 0         |
|    learning_rate      | 0.0007    |
|    n_updates          | 75299     |
|    policy_loss        | -3.85e+04 |
|    reward             | 1361.0994 |
|    std                | 0.00738   |
|    value_loss         | 1.97e+07  |
-------------------------------------
EPISODE:  378
-------------------------------------
| time/                 |           |
|    fps                | 15        |
|    iterations         | 75400     |
|    time_elapsed       | 24711     |
|    total_timesteps    | 377000    |
| train/                |           |
|    entropy_loss       | 9.07      |
|    explained_variance | 1.19e-07  |
|    learning_rate      | 0.0007    |
|    n_updates          | 75399     |
|    policy_loss        | -5.23e+04 |
|    reward             | 2085.917  |
|    std                | 0.00737   |
|    value_loss         | 4.48e+07  |
-------------------------------------
-------------------------------------
| time/                 |           |
|    fps                | 15        |
|    iterations         | 75500     |
|    time_elapsed       | 24744     |
|    total_timesteps    | 377500    |
| train/                |           |
|    entropy_loss       | 9.09      |
|    explained_variance | 0         |
|    learning_rate      | 0.0007    |
|    n_updates          | 75499     |
|    policy_loss        | -3.78e+04 |
|    reward             | 1361.0994 |
|    std                | 0.00738   |
|    value_loss         | 1.97e+07  |
-------------------------------------
EPISODE:  379
-------------------------------------
| time/                 |           |
|    fps                | 15        |
|    iterations         | 75600     |
|    time_elapsed       | 24777     |
|    total_timesteps    | 378000    |
| train/                |           |
|    entropy_loss       | 9.09      |
|    explained_variance | -1.19e-07 |
|    learning_rate      | 0.0007    |
|    n_updates          | 75599     |
|    policy_loss        | -5.66e+04 |
|    reward             | 2085.917  |
|    std                | 0.00741   |
|    value_loss         | 4.48e+07  |
-------------------------------------
-------------------------------------
| time/                 |           |
|    fps                | 15        |
|    iterations         | 75700     |
|    time_elapsed       | 24810     |
|    total_timesteps    | 378500    |
| train/                |           |
|    entropy_loss       | 9.1       |
|    explained_variance | -1.19e-07 |
|    learning_rate      | 0.0007    |
|    n_updates          | 75699     |
|    policy_loss        | -3.66e+04 |
|    reward             | 1361.0994 |
|    std                | 0.00742   |
|    value_loss         | 1.97e+07  |
-------------------------------------
EPISODE:  380
-------------------------------------
| time/                 |           |
|    fps                | 15        |
|    iterations         | 75800     |
|    time_elapsed       | 24844     |
|    total_timesteps    | 379000    |
| train/                |           |
|    entropy_loss       | 9.11      |
|    explained_variance | -1.19e-07 |
|    learning_rate      | 0.0007    |
|    n_updates          | 75799     |
|    policy_loss        | -4.95e+04 |
|    reward             | 2085.917  |
|    std                | 0.0074    |
|    value_loss         | 4.48e+07  |
-------------------------------------
-------------------------------------
| time/                 |           |
|    fps                | 15        |
|    iterations         | 75900     |
|    time_elapsed       | 24877     |
|    total_timesteps    | 379500    |
| train/                |           |
|    entropy_loss       | 9.12      |
|    explained_variance | 0         |
|    learning_rate      | 0.0007    |
|    n_updates          | 75899     |
|    policy_loss        | -3.7e+04  |
|    reward             | 1361.0994 |
|    std                | 0.00737   |
|    value_loss         | 1.97e+07  |
-------------------------------------
EPISODE:  381
------------------------------------
| time/                 |          |
|    fps                | 15       |
|    iterations         | 76000    |
|    time_elapsed       | 24909    |
|    total_timesteps    | 380000   |
| train/                |          |
|    entropy_loss       | 9.13     |
|    explained_variance | 1.19e-07 |
|    learning_rate      | 0.0007   |
|    n_updates          | 75999    |
|    policy_loss        | -5.7e+04 |
|    reward             | 2085.917 |
|    std                | 0.00734  |
|    value_loss         | 4.48e+07 |
------------------------------------
-------------------------------------
| time/                 |           |
|    fps                | 15        |
|    iterations         | 76100     |
|    time_elapsed       | 24942     |
|    total_timesteps    | 380500    |
| train/                |           |
|    entropy_loss       | 9.13      |
|    explained_variance | -1.19e-07 |
|    learning_rate      | 0.0007    |
|    n_updates          | 76099     |
|    policy_loss        | -3.84e+04 |
|    reward             | 1361.0994 |
|    std                | 0.00736   |
|    value_loss         | 1.97e+07  |
-------------------------------------
EPISODE:  382
-------------------------------------
| time/                 |           |
|    fps                | 15        |
|    iterations         | 76200     |
|    time_elapsed       | 24975     |
|    total_timesteps    | 381000    |
| train/                |           |
|    entropy_loss       | 9.15      |
|    explained_variance | -1.19e-07 |
|    learning_rate      | 0.0007    |
|    n_updates          | 76199     |
|    policy_loss        | -5.34e+04 |
|    reward             | 2085.917  |
|    std                | 0.00731   |
|    value_loss         | 4.48e+07  |
-------------------------------------
-------------------------------------
| time/                 |           |
|    fps                | 15        |
|    iterations         | 76300     |
|    time_elapsed       | 25008     |
|    total_timesteps    | 381500    |
| train/                |           |
|    entropy_loss       | 9.16      |
|    explained_variance | 5.96e-08  |
|    learning_rate      | 0.0007    |
|    n_updates          | 76299     |
|    policy_loss        | -3.58e+04 |
|    reward             | 1361.0994 |
|    std                | 0.00731   |
|    value_loss         | 1.97e+07  |
-------------------------------------
EPISODE:  383
-------------------------------------
| time/                 |           |
|    fps                | 15        |
|    iterations         | 76400     |
|    time_elapsed       | 25041     |
|    total_timesteps    | 382000    |
| train/                |           |
|    entropy_loss       | 9.17      |
|    explained_variance | 5.96e-08  |
|    learning_rate      | 0.0007    |
|    n_updates          | 76399     |
|    policy_loss        | -5.86e+04 |
|    reward             | 2085.917  |
|    std                | 0.00732   |
|    value_loss         | 4.48e+07  |
-------------------------------------
-------------------------------------
| time/                 |           |
|    fps                | 15        |
|    iterations         | 76500     |
|    time_elapsed       | 25074     |
|    total_timesteps    | 382500    |
| train/                |           |
|    entropy_loss       | 9.19      |
|    explained_variance | 1.19e-07  |
|    learning_rate      | 0.0007    |
|    n_updates          | 76499     |
|    policy_loss        | -3.44e+04 |
|    reward             | 1361.0994 |
|    std                | 0.00731   |
|    value_loss         | 1.97e+07  |
-------------------------------------
EPISODE:  384
-------------------------------------
| time/                 |           |
|    fps                | 15        |
|    iterations         | 76600     |
|    time_elapsed       | 25106     |
|    total_timesteps    | 383000    |
| train/                |           |
|    entropy_loss       | 9.22      |
|    explained_variance | 0         |
|    learning_rate      | 0.0007    |
|    n_updates          | 76599     |
|    policy_loss        | -5.86e+04 |
|    reward             | 2085.917  |
|    std                | 0.00721   |
|    value_loss         | 4.47e+07  |
-------------------------------------
-------------------------------------
| time/                 |           |
|    fps                | 15        |
|    iterations         | 76700     |
|    time_elapsed       | 25139     |
|    total_timesteps    | 383500    |
| train/                |           |
|    entropy_loss       | 9.24      |
|    explained_variance | 0         |
|    learning_rate      | 0.0007    |
|    n_updates          | 76699     |
|    policy_loss        | -3.25e+04 |
|    reward             | 1361.0994 |
|    std                | 0.00721   |
|    value_loss         | 1.97e+07  |
-------------------------------------
EPISODE:  385
-------------------------------------
| time/                 |           |
|    fps                | 15        |
|    iterations         | 76800     |
|    time_elapsed       | 25172     |
|    total_timesteps    | 384000    |
| train/                |           |
|    entropy_loss       | 9.25      |
|    explained_variance | -2.38e-07 |
|    learning_rate      | 0.0007    |
|    n_updates          | 76799     |
|    policy_loss        | -5.66e+04 |
|    reward             | 2085.917  |
|    std                | 0.00716   |
|    value_loss         | 4.47e+07  |
-------------------------------------
-------------------------------------
| time/                 |           |
|    fps                | 15        |
|    iterations         | 76900     |
|    time_elapsed       | 25205     |
|    total_timesteps    | 384500    |
| train/                |           |
|    entropy_loss       | 9.27      |
|    explained_variance | 1.19e-07  |
|    learning_rate      | 0.0007    |
|    n_updates          | 76899     |
|    policy_loss        | -3.81e+04 |
|    reward             | 1361.0994 |
|    std                | 0.00708   |
|    value_loss         | 1.97e+07  |
-------------------------------------
EPISODE:  386
-------------------------------------
| time/                 |           |
|    fps                | 15        |
|    iterations         | 77000     |
|    time_elapsed       | 25238     |
|    total_timesteps    | 385000    |
| train/                |           |
|    entropy_loss       | 9.28      |
|    explained_variance | -1.19e-07 |
|    learning_rate      | 0.0007    |
|    n_updates          | 76999     |
|    policy_loss        | -5.65e+04 |
|    reward             | 2085.917  |
|    std                | 0.00709   |
|    value_loss         | 4.47e+07  |
-------------------------------------
-------------------------------------
| time/                 |           |
|    fps                | 15        |
|    iterations         | 77100     |
|    time_elapsed       | 25271     |
|    total_timesteps    | 385500    |
| train/                |           |
|    entropy_loss       | 9.29      |
|    explained_variance | -1.19e-07 |
|    learning_rate      | 0.0007    |
|    n_updates          | 77099     |
|    policy_loss        | -3.94e+04 |
|    reward             | 1361.0994 |
|    std                | 0.00707   |
|    value_loss         | 1.97e+07  |
-------------------------------------
EPISODE:  387
-------------------------------------
| time/                 |           |
|    fps                | 15        |
|    iterations         | 77200     |
|    time_elapsed       | 25303     |
|    total_timesteps    | 386000    |
| train/                |           |
|    entropy_loss       | 9.3       |
|    explained_variance | 0         |
|    learning_rate      | 0.0007    |
|    n_updates          | 77199     |
|    policy_loss        | -5.75e+04 |
|    reward             | 2085.917  |
|    std                | 0.00708   |
|    value_loss         | 4.47e+07  |
-------------------------------------
-------------------------------------
| time/                 |           |
|    fps                | 15        |
|    iterations         | 77300     |
|    time_elapsed       | 25336     |
|    total_timesteps    | 386500    |
| train/                |           |
|    entropy_loss       | 9.32      |
|    explained_variance | 0         |
|    learning_rate      | 0.0007    |
|    n_updates          | 77299     |
|    policy_loss        | -3.91e+04 |
|    reward             | 1361.0994 |
|    std                | 0.00704   |
|    value_loss         | 1.97e+07  |
-------------------------------------
EPISODE:  388
------------------------------------
| time/                 |          |
|    fps                | 15       |
|    iterations         | 77400    |
|    time_elapsed       | 25369    |
|    total_timesteps    | 387000   |
| train/                |          |
|    entropy_loss       | 9.31     |
|    explained_variance | 0        |
|    learning_rate      | 0.0007   |
|    n_updates          | 77399    |
|    policy_loss        | -5.4e+04 |
|    reward             | 2085.917 |
|    std                | 0.00705  |
|    value_loss         | 4.47e+07 |
------------------------------------
-------------------------------------
| time/                 |           |
|    fps                | 15        |
|    iterations         | 77500     |
|    time_elapsed       | 25402     |
|    total_timesteps    | 387500    |
| train/                |           |
|    entropy_loss       | 9.32      |
|    explained_variance | -1.19e-07 |
|    learning_rate      | 0.0007    |
|    n_updates          | 77499     |
|    policy_loss        | -3.88e+04 |
|    reward             | 1361.0994 |
|    std                | 0.00702   |
|    value_loss         | 1.97e+07  |
-------------------------------------
EPISODE:  389
-------------------------------------
| time/                 |           |
|    fps                | 15        |
|    iterations         | 77600     |
|    time_elapsed       | 25435     |
|    total_timesteps    | 388000    |
| train/                |           |
|    entropy_loss       | 9.32      |
|    explained_variance | 0         |
|    learning_rate      | 0.0007    |
|    n_updates          | 77599     |
|    policy_loss        | -5.85e+04 |
|    reward             | 2085.917  |
|    std                | 0.00704   |
|    value_loss         | 4.47e+07  |
-------------------------------------
-------------------------------------
| time/                 |           |
|    fps                | 15        |
|    iterations         | 77700     |
|    time_elapsed       | 25468     |
|    total_timesteps    | 388500    |
| train/                |           |
|    entropy_loss       | 9.32      |
|    explained_variance | 0         |
|    learning_rate      | 0.0007    |
|    n_updates          | 77699     |
|    policy_loss        | -3.81e+04 |
|    reward             | 1361.0994 |
|    std                | 0.00706   |
|    value_loss         | 1.97e+07  |
-------------------------------------
EPISODE:  390
-------------------------------------
| time/                 |           |
|    fps                | 15        |
|    iterations         | 77800     |
|    time_elapsed       | 25500     |
|    total_timesteps    | 389000    |
| train/                |           |
|    entropy_loss       | 9.34      |
|    explained_variance | 0         |
|    learning_rate      | 0.0007    |
|    n_updates          | 77799     |
|    policy_loss        | -5.41e+04 |
|    reward             | 2085.917  |
|    std                | 0.00703   |
|    value_loss         | 4.47e+07  |
-------------------------------------
-------------------------------------
| time/                 |           |
|    fps                | 15        |
|    iterations         | 77900     |
|    time_elapsed       | 25533     |
|    total_timesteps    | 389500    |
| train/                |           |
|    entropy_loss       | 9.36      |
|    explained_variance | 0         |
|    learning_rate      | 0.0007    |
|    n_updates          | 77899     |
|    policy_loss        | -3.89e+04 |
|    reward             | 1361.0994 |
|    std                | 0.00694   |
|    value_loss         | 1.97e+07  |
-------------------------------------
EPISODE:  391
------------------------------------
| time/                 |          |
|    fps                | 15       |
|    iterations         | 78000    |
|    time_elapsed       | 25566    |
|    total_timesteps    | 390000   |
| train/                |          |
|    entropy_loss       | 9.38     |
|    explained_variance | 5.96e-08 |
|    learning_rate      | 0.0007   |
|    n_updates          | 77999    |
|    policy_loss        | -5.9e+04 |
|    reward             | 2085.917 |
|    std                | 0.00693  |
|    value_loss         | 4.47e+07 |
------------------------------------
-------------------------------------
| time/                 |           |
|    fps                | 15        |
|    iterations         | 78100     |
|    time_elapsed       | 25599     |
|    total_timesteps    | 390500    |
| train/                |           |
|    entropy_loss       | 9.39      |
|    explained_variance | -1.19e-07 |
|    learning_rate      | 0.0007    |
|    n_updates          | 78099     |
|    policy_loss        | -3.73e+04 |
|    reward             | 1361.0994 |
|    std                | 0.00689   |
|    value_loss         | 1.97e+07  |
-------------------------------------
EPISODE:  392
-------------------------------------
| time/                 |           |
|    fps                | 15        |
|    iterations         | 78200     |
|    time_elapsed       | 25632     |
|    total_timesteps    | 391000    |
| train/                |           |
|    entropy_loss       | 9.41      |
|    explained_variance | -1.19e-07 |
|    learning_rate      | 0.0007    |
|    n_updates          | 78199     |
|    policy_loss        | -5.82e+04 |
|    reward             | 2085.917  |
|    std                | 0.00683   |
|    value_loss         | 4.47e+07  |
-------------------------------------
-------------------------------------
| time/                 |           |
|    fps                | 15        |
|    iterations         | 78300     |
|    time_elapsed       | 25665     |
|    total_timesteps    | 391500    |
| train/                |           |
|    entropy_loss       | 9.42      |
|    explained_variance | 0         |
|    learning_rate      | 0.0007    |
|    n_updates          | 78299     |
|    policy_loss        | -3.8e+04  |
|    reward             | 1361.0994 |
|    std                | 0.00684   |
|    value_loss         | 1.97e+07  |
-------------------------------------
EPISODE:  393
-------------------------------------
| time/                 |           |
|    fps                | 15        |
|    iterations         | 78400     |
|    time_elapsed       | 25698     |
|    total_timesteps    | 392000    |
| train/                |           |
|    entropy_loss       | 9.44      |
|    explained_variance | 0         |
|    learning_rate      | 0.0007    |
|    n_updates          | 78399     |
|    policy_loss        | -6.07e+04 |
|    reward             | 2085.917  |
|    std                | 0.00679   |
|    value_loss         | 4.47e+07  |
-------------------------------------
-------------------------------------
| time/                 |           |
|    fps                | 15        |
|    iterations         | 78500     |
|    time_elapsed       | 25730     |
|    total_timesteps    | 392500    |
| train/                |           |
|    entropy_loss       | 9.45      |
|    explained_variance | -1.19e-07 |
|    learning_rate      | 0.0007    |
|    n_updates          | 78499     |
|    policy_loss        | -3.96e+04 |
|    reward             | 1361.0994 |
|    std                | 0.00677   |
|    value_loss         | 1.97e+07  |
-------------------------------------
EPISODE:  394
-------------------------------------
| time/                 |           |
|    fps                | 15        |
|    iterations         | 78600     |
|    time_elapsed       | 25764     |
|    total_timesteps    | 393000    |
| train/                |           |
|    entropy_loss       | 9.49      |
|    explained_variance | 0         |
|    learning_rate      | 0.0007    |
|    n_updates          | 78599     |
|    policy_loss        | -5.61e+04 |
|    reward             | 2085.917  |
|    std                | 0.00665   |
|    value_loss         | 4.47e+07  |
-------------------------------------
-------------------------------------
| time/                 |           |
|    fps                | 15        |
|    iterations         | 78700     |
|    time_elapsed       | 25797     |
|    total_timesteps    | 393500    |
| train/                |           |
|    entropy_loss       | 9.48      |
|    explained_variance | 0         |
|    learning_rate      | 0.0007    |
|    n_updates          | 78699     |
|    policy_loss        | -3.75e+04 |
|    reward             | 1361.0994 |
|    std                | 0.00669   |
|    value_loss         | 1.97e+07  |
-------------------------------------
EPISODE:  395
-------------------------------------
| time/                 |           |
|    fps                | 15        |
|    iterations         | 78800     |
|    time_elapsed       | 25830     |
|    total_timesteps    | 394000    |
| train/                |           |
|    entropy_loss       | 9.49      |
|    explained_variance | 1.19e-07  |
|    learning_rate      | 0.0007    |
|    n_updates          | 78799     |
|    policy_loss        | -5.67e+04 |
|    reward             | 2085.917  |
|    std                | 0.00669   |
|    value_loss         | 4.47e+07  |
-------------------------------------
-------------------------------------
| time/                 |           |
|    fps                | 15        |
|    iterations         | 78900     |
|    time_elapsed       | 25863     |
|    total_timesteps    | 394500    |
| train/                |           |
|    entropy_loss       | 9.5       |
|    explained_variance | 0         |
|    learning_rate      | 0.0007    |
|    n_updates          | 78899     |
|    policy_loss        | -3.6e+04  |
|    reward             | 1361.0994 |
|    std                | 0.00672   |
|    value_loss         | 1.97e+07  |
-------------------------------------
EPISODE:  396
-------------------------------------
| time/                 |           |
|    fps                | 15        |
|    iterations         | 79000     |
|    time_elapsed       | 25896     |
|    total_timesteps    | 395000    |
| train/                |           |
|    entropy_loss       | 9.53      |
|    explained_variance | 0         |
|    learning_rate      | 0.0007    |
|    n_updates          | 78999     |
|    policy_loss        | -6.01e+04 |
|    reward             | 2085.917  |
|    std                | 0.00663   |
|    value_loss         | 4.47e+07  |
-------------------------------------
-------------------------------------
| time/                 |           |
|    fps                | 15        |
|    iterations         | 79100     |
|    time_elapsed       | 25928     |
|    total_timesteps    | 395500    |
| train/                |           |
|    entropy_loss       | 9.55      |
|    explained_variance | -2.38e-07 |
|    learning_rate      | 0.0007    |
|    n_updates          | 79099     |
|    policy_loss        | -3.9e+04  |
|    reward             | 1361.0994 |
|    std                | 0.0066    |
|    value_loss         | 1.97e+07  |
-------------------------------------
EPISODE:  397
-------------------------------------
| time/                 |           |
|    fps                | 15        |
|    iterations         | 79200     |
|    time_elapsed       | 25961     |
|    total_timesteps    | 396000    |
| train/                |           |
|    entropy_loss       | 9.56      |
|    explained_variance | -1.19e-07 |
|    learning_rate      | 0.0007    |
|    n_updates          | 79199     |
|    policy_loss        | -6.05e+04 |
|    reward             | 2085.917  |
|    std                | 0.00658   |
|    value_loss         | 4.47e+07  |
-------------------------------------
-------------------------------------
| time/                 |           |
|    fps                | 15        |
|    iterations         | 79300     |
|    time_elapsed       | 25994     |
|    total_timesteps    | 396500    |
| train/                |           |
|    entropy_loss       | 9.58      |
|    explained_variance | 2.38e-07  |
|    learning_rate      | 0.0007    |
|    n_updates          | 79299     |
|    policy_loss        | -4.06e+04 |
|    reward             | 1361.0994 |
|    std                | 0.00659   |
|    value_loss         | 1.97e+07  |
-------------------------------------
EPISODE:  398
-------------------------------------
| time/                 |           |
|    fps                | 15        |
|    iterations         | 79400     |
|    time_elapsed       | 26027     |
|    total_timesteps    | 397000    |
| train/                |           |
|    entropy_loss       | 9.58      |
|    explained_variance | -1.19e-07 |
|    learning_rate      | 0.0007    |
|    n_updates          | 79399     |
|    policy_loss        | -5.12e+04 |
|    reward             | 2085.917  |
|    std                | 0.00658   |
|    value_loss         | 4.47e+07  |
-------------------------------------
-------------------------------------
| time/                 |           |
|    fps                | 15        |
|    iterations         | 79500     |
|    time_elapsed       | 26060     |
|    total_timesteps    | 397500    |
| train/                |           |
|    entropy_loss       | 9.6       |
|    explained_variance | 0         |
|    learning_rate      | 0.0007    |
|    n_updates          | 79499     |
|    policy_loss        | -4.11e+04 |
|    reward             | 1361.0994 |
|    std                | 0.00653   |
|    value_loss         | 1.97e+07  |
-------------------------------------
EPISODE:  399
-------------------------------------
| time/                 |           |
|    fps                | 15        |
|    iterations         | 79600     |
|    time_elapsed       | 26093     |
|    total_timesteps    | 398000    |
| train/                |           |
|    entropy_loss       | 9.63      |
|    explained_variance | -1.19e-07 |
|    learning_rate      | 0.0007    |
|    n_updates          | 79599     |
|    policy_loss        | -5.37e+04 |
|    reward             | 2085.917  |
|    std                | 0.00648   |
|    value_loss         | 4.47e+07  |
-------------------------------------
-------------------------------------
| time/                 |           |
|    fps                | 15        |
|    iterations         | 79700     |
|    time_elapsed       | 26125     |
|    total_timesteps    | 398500    |
| train/                |           |
|    entropy_loss       | 9.63      |
|    explained_variance | 0         |
|    learning_rate      | 0.0007    |
|    n_updates          | 79699     |
|    policy_loss        | -3.95e+04 |
|    reward             | 1361.0994 |
|    std                | 0.00647   |
|    value_loss         | 1.97e+07  |
-------------------------------------
EPISODE:  400
-------------------------------------
| time/                 |           |
|    fps                | 15        |
|    iterations         | 79800     |
|    time_elapsed       | 26158     |
|    total_timesteps    | 399000    |
| train/                |           |
|    entropy_loss       | 9.66      |
|    explained_variance | 5.96e-08  |
|    learning_rate      | 0.0007    |
|    n_updates          | 79799     |
|    policy_loss        | -5.76e+04 |
|    reward             | 2085.917  |
|    std                | 0.00645   |
|    value_loss         | 4.47e+07  |
-------------------------------------
-------------------------------------
| time/                 |           |
|    fps                | 15        |
|    iterations         | 79900     |
|    time_elapsed       | 26191     |
|    total_timesteps    | 399500    |
| train/                |           |
|    entropy_loss       | 9.67      |
|    explained_variance | -1.19e-07 |
|    learning_rate      | 0.0007    |
|    n_updates          | 79899     |
|    policy_loss        | -3.6e+04  |
|    reward             | 1361.0994 |
|    std                | 0.00645   |
|    value_loss         | 1.97e+07  |
-------------------------------------
EPISODE:  401
-------------------------------------
| time/                 |           |
|    fps                | 15        |
|    iterations         | 80000     |
|    time_elapsed       | 26224     |
|    total_timesteps    | 400000    |
| train/                |           |
|    entropy_loss       | 9.67      |
|    explained_variance | 0         |
|    learning_rate      | 0.0007    |
|    n_updates          | 79999     |
|    policy_loss        | -6.16e+04 |
|    reward             | 2085.917  |
|    std                | 0.00646   |
|    value_loss         | 4.47e+07  |
-------------------------------------
-------------------------------------
| time/                 |           |
|    fps                | 15        |
|    iterations         | 80100     |
|    time_elapsed       | 26257     |
|    total_timesteps    | 400500    |
| train/                |           |
|    entropy_loss       | 9.7       |
|    explained_variance | -1.19e-07 |
|    learning_rate      | 0.0007    |
|    n_updates          | 80099     |
|    policy_loss        | -3.78e+04 |
|    reward             | 1361.0994 |
|    std                | 0.00638   |
|    value_loss         | 1.97e+07  |
-------------------------------------
EPISODE:  402
-------------------------------------
| time/                 |           |
|    fps                | 15        |
|    iterations         | 80200     |
|    time_elapsed       | 26290     |
|    total_timesteps    | 401000    |
| train/                |           |
|    entropy_loss       | 9.71      |
|    explained_variance | 0         |
|    learning_rate      | 0.0007    |
|    n_updates          | 80199     |
|    policy_loss        | -5.83e+04 |
|    reward             | 2085.917  |
|    std                | 0.00639   |
|    value_loss         | 4.47e+07  |
-------------------------------------
-------------------------------------
| time/                 |           |
|    fps                | 15        |
|    iterations         | 80300     |
|    time_elapsed       | 26322     |
|    total_timesteps    | 401500    |
| train/                |           |
|    entropy_loss       | 9.72      |
|    explained_variance | 0         |
|    learning_rate      | 0.0007    |
|    n_updates          | 80299     |
|    policy_loss        | -3.92e+04 |
|    reward             | 1361.0994 |
|    std                | 0.00635   |
|    value_loss         | 1.97e+07  |
-------------------------------------
EPISODE:  403
-------------------------------------
| time/                 |           |
|    fps                | 15        |
|    iterations         | 80400     |
|    time_elapsed       | 26355     |
|    total_timesteps    | 402000    |
| train/                |           |
|    entropy_loss       | 9.73      |
|    explained_variance | 0         |
|    learning_rate      | 0.0007    |
|    n_updates          | 80399     |
|    policy_loss        | -6.08e+04 |
|    reward             | 2085.917  |
|    std                | 0.00631   |
|    value_loss         | 4.47e+07  |
-------------------------------------
-------------------------------------
| time/                 |           |
|    fps                | 15        |
|    iterations         | 80500     |
|    time_elapsed       | 26388     |
|    total_timesteps    | 402500    |
| train/                |           |
|    entropy_loss       | 9.73      |
|    explained_variance | 0         |
|    learning_rate      | 0.0007    |
|    n_updates          | 80499     |
|    policy_loss        | -3.97e+04 |
|    reward             | 1361.0994 |
|    std                | 0.00631   |
|    value_loss         | 1.97e+07  |
-------------------------------------
EPISODE:  404
------------------------------------
| time/                 |          |
|    fps                | 15       |
|    iterations         | 80600    |
|    time_elapsed       | 26421    |
|    total_timesteps    | 403000   |
| train/                |          |
|    entropy_loss       | 9.73     |
|    explained_variance | 1.19e-07 |
|    learning_rate      | 0.0007   |
|    n_updates          | 80599    |
|    policy_loss        | -5.3e+04 |
|    reward             | 2085.917 |
|    std                | 0.00631  |
|    value_loss         | 4.47e+07 |
------------------------------------
-------------------------------------
| time/                 |           |
|    fps                | 15        |
|    iterations         | 80700     |
|    time_elapsed       | 26454     |
|    total_timesteps    | 403500    |
| train/                |           |
|    entropy_loss       | 9.76      |
|    explained_variance | 1.19e-07  |
|    learning_rate      | 0.0007    |
|    n_updates          | 80699     |
|    policy_loss        | -4.1e+04  |
|    reward             | 1361.0994 |
|    std                | 0.00622   |
|    value_loss         | 1.97e+07  |
-------------------------------------
EPISODE:  405
-------------------------------------
| time/                 |           |
|    fps                | 15        |
|    iterations         | 80800     |
|    time_elapsed       | 26486     |
|    total_timesteps    | 404000    |
| train/                |           |
|    entropy_loss       | 9.78      |
|    explained_variance | 0         |
|    learning_rate      | 0.0007    |
|    n_updates          | 80799     |
|    policy_loss        | -6.07e+04 |
|    reward             | 2085.917  |
|    std                | 0.00618   |
|    value_loss         | 4.47e+07  |
-------------------------------------
-------------------------------------
| time/                 |           |
|    fps                | 15        |
|    iterations         | 80900     |
|    time_elapsed       | 26519     |
|    total_timesteps    | 404500    |
| train/                |           |
|    entropy_loss       | 9.79      |
|    explained_variance | 0         |
|    learning_rate      | 0.0007    |
|    n_updates          | 80899     |
|    policy_loss        | -3.86e+04 |
|    reward             | 1361.0994 |
|    std                | 0.00615   |
|    value_loss         | 1.97e+07  |
-------------------------------------
EPISODE:  406
-------------------------------------
| time/                 |           |
|    fps                | 15        |
|    iterations         | 81000     |
|    time_elapsed       | 26552     |
|    total_timesteps    | 405000    |
| train/                |           |
|    entropy_loss       | 9.82      |
|    explained_variance | 1.19e-07  |
|    learning_rate      | 0.0007    |
|    n_updates          | 80999     |
|    policy_loss        | -5.68e+04 |
|    reward             | 2085.917  |
|    std                | 0.00612   |
|    value_loss         | 4.47e+07  |
-------------------------------------
-------------------------------------
| time/                 |           |
|    fps                | 15        |
|    iterations         | 81100     |
|    time_elapsed       | 26585     |
|    total_timesteps    | 405500    |
| train/                |           |
|    entropy_loss       | 9.83      |
|    explained_variance | 0         |
|    learning_rate      | 0.0007    |
|    n_updates          | 81099     |
|    policy_loss        | -4.27e+04 |
|    reward             | 1361.0994 |
|    std                | 0.00608   |
|    value_loss         | 1.97e+07  |
-------------------------------------
EPISODE:  407
-------------------------------------
| time/                 |           |
|    fps                | 15        |
|    iterations         | 81200     |
|    time_elapsed       | 26618     |
|    total_timesteps    | 406000    |
| train/                |           |
|    entropy_loss       | 9.85      |
|    explained_variance | 0         |
|    learning_rate      | 0.0007    |
|    n_updates          | 81199     |
|    policy_loss        | -5.95e+04 |
|    reward             | 2085.917  |
|    std                | 0.00608   |
|    value_loss         | 4.47e+07  |
-------------------------------------
-------------------------------------
| time/                 |           |
|    fps                | 15        |
|    iterations         | 81300     |
|    time_elapsed       | 26651     |
|    total_timesteps    | 406500    |
| train/                |           |
|    entropy_loss       | 9.87      |
|    explained_variance | -1.19e-07 |
|    learning_rate      | 0.0007    |
|    n_updates          | 81299     |
|    policy_loss        | -4.05e+04 |
|    reward             | 1361.0994 |
|    std                | 0.00603   |
|    value_loss         | 1.97e+07  |
-------------------------------------
EPISODE:  408
-------------------------------------
| time/                 |           |
|    fps                | 15        |
|    iterations         | 81400     |
|    time_elapsed       | 26683     |
|    total_timesteps    | 407000    |
| train/                |           |
|    entropy_loss       | 9.87      |
|    explained_variance | -1.19e-07 |
|    learning_rate      | 0.0007    |
|    n_updates          | 81399     |
|    policy_loss        | -5.29e+04 |
|    reward             | 2085.917  |
|    std                | 0.00602   |
|    value_loss         | 4.47e+07  |
-------------------------------------
-------------------------------------
| time/                 |           |
|    fps                | 15        |
|    iterations         | 81500     |
|    time_elapsed       | 26717     |
|    total_timesteps    | 407500    |
| train/                |           |
|    entropy_loss       | 9.89      |
|    explained_variance | 1.19e-07  |
|    learning_rate      | 0.0007    |
|    n_updates          | 81499     |
|    policy_loss        | -3.85e+04 |
|    reward             | 1361.0994 |
|    std                | 0.00593   |
|    value_loss         | 1.97e+07  |
-------------------------------------
EPISODE:  409
-------------------------------------
| time/                 |           |
|    fps                | 15        |
|    iterations         | 81600     |
|    time_elapsed       | 26750     |
|    total_timesteps    | 408000    |
| train/                |           |
|    entropy_loss       | 9.92      |
|    explained_variance | 0         |
|    learning_rate      | 0.0007    |
|    n_updates          | 81599     |
|    policy_loss        | -6.12e+04 |
|    reward             | 2085.917  |
|    std                | 0.00585   |
|    value_loss         | 4.47e+07  |
-------------------------------------
-------------------------------------
| time/                 |           |
|    fps                | 15        |
|    iterations         | 81700     |
|    time_elapsed       | 26783     |
|    total_timesteps    | 408500    |
| train/                |           |
|    entropy_loss       | 9.93      |
|    explained_variance | -2.38e-07 |
|    learning_rate      | 0.0007    |
|    n_updates          | 81699     |
|    policy_loss        | -4e+04    |
|    reward             | 1361.0994 |
|    std                | 0.00585   |
|    value_loss         | 1.97e+07  |
-------------------------------------
EPISODE:  410
-------------------------------------
| time/                 |           |
|    fps                | 15        |
|    iterations         | 81800     |
|    time_elapsed       | 26816     |
|    total_timesteps    | 409000    |
| train/                |           |
|    entropy_loss       | 9.96      |
|    explained_variance | -1.19e-07 |
|    learning_rate      | 0.0007    |
|    n_updates          | 81799     |
|    policy_loss        | -6.08e+04 |
|    reward             | 2085.917  |
|    std                | 0.00582   |
|    value_loss         | 4.47e+07  |
-------------------------------------
-------------------------------------
| time/                 |           |
|    fps                | 15        |
|    iterations         | 81900     |
|    time_elapsed       | 26849     |
|    total_timesteps    | 409500    |
| train/                |           |
|    entropy_loss       | 9.96      |
|    explained_variance | 0         |
|    learning_rate      | 0.0007    |
|    n_updates          | 81899     |
|    policy_loss        | -3.93e+04 |
|    reward             | 1361.0994 |
|    std                | 0.00579   |
|    value_loss         | 1.97e+07  |
-------------------------------------
EPISODE:  411
-------------------------------------
| time/                 |           |
|    fps                | 15        |
|    iterations         | 82000     |
|    time_elapsed       | 26882     |
|    total_timesteps    | 410000    |
| train/                |           |
|    entropy_loss       | 9.97      |
|    explained_variance | -1.19e-07 |
|    learning_rate      | 0.0007    |
|    n_updates          | 81999     |
|    policy_loss        | -6.16e+04 |
|    reward             | 2085.917  |
|    std                | 0.00577   |
|    value_loss         | 4.47e+07  |
-------------------------------------
-------------------------------------
| time/                 |           |
|    fps                | 15        |
|    iterations         | 82100     |
|    time_elapsed       | 26914     |
|    total_timesteps    | 410500    |
| train/                |           |
|    entropy_loss       | 10        |
|    explained_variance | 0         |
|    learning_rate      | 0.0007    |
|    n_updates          | 82099     |
|    policy_loss        | -4.04e+04 |
|    reward             | 1361.0994 |
|    std                | 0.00572   |
|    value_loss         | 1.97e+07  |
-------------------------------------
EPISODE:  412
-------------------------------------
| time/                 |           |
|    fps                | 15        |
|    iterations         | 82200     |
|    time_elapsed       | 26947     |
|    total_timesteps    | 411000    |
| train/                |           |
|    entropy_loss       | 10        |
|    explained_variance | 5.96e-08  |
|    learning_rate      | 0.0007    |
|    n_updates          | 82199     |
|    policy_loss        | -5.71e+04 |
|    reward             | 2085.917  |
|    std                | 0.00571   |
|    value_loss         | 4.47e+07  |
-------------------------------------
-------------------------------------
| time/                 |           |
|    fps                | 15        |
|    iterations         | 82300     |
|    time_elapsed       | 26980     |
|    total_timesteps    | 411500    |
| train/                |           |
|    entropy_loss       | 10        |
|    explained_variance | 5.96e-08  |
|    learning_rate      | 0.0007    |
|    n_updates          | 82299     |
|    policy_loss        | -3.9e+04  |
|    reward             | 1361.0994 |
|    std                | 0.0057    |
|    value_loss         | 1.97e+07  |
-------------------------------------
EPISODE:  413
-------------------------------------
| time/                 |           |
|    fps                | 15        |
|    iterations         | 82400     |
|    time_elapsed       | 27013     |
|    total_timesteps    | 412000    |
| train/                |           |
|    entropy_loss       | 10        |
|    explained_variance | 0         |
|    learning_rate      | 0.0007    |
|    n_updates          | 82399     |
|    policy_loss        | -6.14e+04 |
|    reward             | 2085.917  |
|    std                | 0.00566   |
|    value_loss         | 4.47e+07  |
-------------------------------------
-------------------------------------
| time/                 |           |
|    fps                | 15        |
|    iterations         | 82500     |
|    time_elapsed       | 27046     |
|    total_timesteps    | 412500    |
| train/                |           |
|    entropy_loss       | 10        |
|    explained_variance | 0         |
|    learning_rate      | 0.0007    |
|    n_updates          | 82499     |
|    policy_loss        | -4.29e+04 |
|    reward             | 1361.0994 |
|    std                | 0.00565   |
|    value_loss         | 1.97e+07  |
-------------------------------------
EPISODE:  414
-------------------------------------
| time/                 |           |
|    fps                | 15        |
|    iterations         | 82600     |
|    time_elapsed       | 27078     |
|    total_timesteps    | 413000    |
| train/                |           |
|    entropy_loss       | 10        |
|    explained_variance | 0         |
|    learning_rate      | 0.0007    |
|    n_updates          | 82599     |
|    policy_loss        | -5.93e+04 |
|    reward             | 2085.917  |
|    std                | 0.0057    |
|    value_loss         | 4.47e+07  |
-------------------------------------
-------------------------------------
| time/                 |           |
|    fps                | 15        |
|    iterations         | 82700     |
|    time_elapsed       | 27111     |
|    total_timesteps    | 413500    |
| train/                |           |
|    entropy_loss       | 10.1      |
|    explained_variance | 0         |
|    learning_rate      | 0.0007    |
|    n_updates          | 82699     |
|    policy_loss        | -3.87e+04 |
|    reward             | 1361.0994 |
|    std                | 0.00566   |
|    value_loss         | 1.97e+07  |
-------------------------------------
EPISODE:  415
-------------------------------------
| time/                 |           |
|    fps                | 15        |
|    iterations         | 82800     |
|    time_elapsed       | 27144     |
|    total_timesteps    | 414000    |
| train/                |           |
|    entropy_loss       | 10.1      |
|    explained_variance | 0         |
|    learning_rate      | 0.0007    |
|    n_updates          | 82799     |
|    policy_loss        | -5.94e+04 |
|    reward             | 2085.917  |
|    std                | 0.00564   |
|    value_loss         | 4.47e+07  |
-------------------------------------
-------------------------------------
| time/                 |           |
|    fps                | 15        |
|    iterations         | 82900     |
|    time_elapsed       | 27177     |
|    total_timesteps    | 414500    |
| train/                |           |
|    entropy_loss       | 10.1      |
|    explained_variance | 1.19e-07  |
|    learning_rate      | 0.0007    |
|    n_updates          | 82899     |
|    policy_loss        | -4.19e+04 |
|    reward             | 1361.0994 |
|    std                | 0.00564   |
|    value_loss         | 1.97e+07  |
-------------------------------------
EPISODE:  416
-------------------------------------
| time/                 |           |
|    fps                | 15        |
|    iterations         | 83000     |
|    time_elapsed       | 27210     |
|    total_timesteps    | 415000    |
| train/                |           |
|    entropy_loss       | 10.1      |
|    explained_variance | -1.19e-07 |
|    learning_rate      | 0.0007    |
|    n_updates          | 82999     |
|    policy_loss        | -6.35e+04 |
|    reward             | 2085.917  |
|    std                | 0.00558   |
|    value_loss         | 4.47e+07  |
-------------------------------------
-------------------------------------
| time/                 |           |
|    fps                | 15        |
|    iterations         | 83100     |
|    time_elapsed       | 27243     |
|    total_timesteps    | 415500    |
| train/                |           |
|    entropy_loss       | 10.1      |
|    explained_variance | 0         |
|    learning_rate      | 0.0007    |
|    n_updates          | 83099     |
|    policy_loss        | -3.9e+04  |
|    reward             | 1361.0994 |
|    std                | 0.00553   |
|    value_loss         | 1.97e+07  |
-------------------------------------
EPISODE:  417
-------------------------------------
| time/                 |           |
|    fps                | 15        |
|    iterations         | 83200     |
|    time_elapsed       | 27275     |
|    total_timesteps    | 416000    |
| train/                |           |
|    entropy_loss       | 10.1      |
|    explained_variance | 0         |
|    learning_rate      | 0.0007    |
|    n_updates          | 83199     |
|    policy_loss        | -6.24e+04 |
|    reward             | 2085.917  |
|    std                | 0.00555   |
|    value_loss         | 4.47e+07  |
-------------------------------------
-------------------------------------
| time/                 |           |
|    fps                | 15        |
|    iterations         | 83300     |
|    time_elapsed       | 27308     |
|    total_timesteps    | 416500    |
| train/                |           |
|    entropy_loss       | 10.2      |
|    explained_variance | 0         |
|    learning_rate      | 0.0007    |
|    n_updates          | 83299     |
|    policy_loss        | -3.73e+04 |
|    reward             | 1361.0994 |
|    std                | 0.00551   |
|    value_loss         | 1.97e+07  |
-------------------------------------
EPISODE:  418
-------------------------------------
| time/                 |           |
|    fps                | 15        |
|    iterations         | 83400     |
|    time_elapsed       | 27341     |
|    total_timesteps    | 417000    |
| train/                |           |
|    entropy_loss       | 10.2      |
|    explained_variance | -1.19e-07 |
|    learning_rate      | 0.0007    |
|    n_updates          | 83399     |
|    policy_loss        | -6.52e+04 |
|    reward             | 2085.917  |
|    std                | 0.00549   |
|    value_loss         | 4.47e+07  |
-------------------------------------
-------------------------------------
| time/                 |           |
|    fps                | 15        |
|    iterations         | 83500     |
|    time_elapsed       | 27374     |
|    total_timesteps    | 417500    |
| train/                |           |
|    entropy_loss       | 10.2      |
|    explained_variance | 1.19e-07  |
|    learning_rate      | 0.0007    |
|    n_updates          | 83499     |
|    policy_loss        | -4.2e+04  |
|    reward             | 1361.0994 |
|    std                | 0.00554   |
|    value_loss         | 1.97e+07  |
-------------------------------------
EPISODE:  419
-------------------------------------
| time/                 |           |
|    fps                | 15        |
|    iterations         | 83600     |
|    time_elapsed       | 27407     |
|    total_timesteps    | 418000    |
| train/                |           |
|    entropy_loss       | 10.2      |
|    explained_variance | 0         |
|    learning_rate      | 0.0007    |
|    n_updates          | 83599     |
|    policy_loss        | -5.55e+04 |
|    reward             | 2085.917  |
|    std                | 0.00552   |
|    value_loss         | 4.47e+07  |
-------------------------------------
-------------------------------------
| time/                 |           |
|    fps                | 15        |
|    iterations         | 83700     |
|    time_elapsed       | 27439     |
|    total_timesteps    | 418500    |
| train/                |           |
|    entropy_loss       | 10.2      |
|    explained_variance | 2.38e-07  |
|    learning_rate      | 0.0007    |
|    n_updates          | 83699     |
|    policy_loss        | -4.31e+04 |
|    reward             | 1361.0994 |
|    std                | 0.00552   |
|    value_loss         | 1.97e+07  |
-------------------------------------
EPISODE:  420
-------------------------------------
| time/                 |           |
|    fps                | 15        |
|    iterations         | 83800     |
|    time_elapsed       | 27472     |
|    total_timesteps    | 419000    |
| train/                |           |
|    entropy_loss       | 10.2      |
|    explained_variance | 0         |
|    learning_rate      | 0.0007    |
|    n_updates          | 83799     |
|    policy_loss        | -5.84e+04 |
|    reward             | 2085.917  |
|    std                | 0.0055    |
|    value_loss         | 4.47e+07  |
-------------------------------------
-------------------------------------
| time/                 |           |
|    fps                | 15        |
|    iterations         | 83900     |
|    time_elapsed       | 27505     |
|    total_timesteps    | 419500    |
| train/                |           |
|    entropy_loss       | 10.2      |
|    explained_variance | -1.19e-07 |
|    learning_rate      | 0.0007    |
|    n_updates          | 83899     |
|    policy_loss        | -4.12e+04 |
|    reward             | 1361.0994 |
|    std                | 0.00551   |
|    value_loss         | 1.97e+07  |
-------------------------------------
EPISODE:  421
-------------------------------------
| time/                 |           |
|    fps                | 15        |
|    iterations         | 84000     |
|    time_elapsed       | 27538     |
|    total_timesteps    | 420000    |
| train/                |           |
|    entropy_loss       | 10.2      |
|    explained_variance | -1.19e-07 |
|    learning_rate      | 0.0007    |
|    n_updates          | 83999     |
|    policy_loss        | -6.21e+04 |
|    reward             | 2085.917  |
|    std                | 0.00553   |
|    value_loss         | 4.47e+07  |
-------------------------------------
-------------------------------------
| time/                 |           |
|    fps                | 15        |
|    iterations         | 84100     |
|    time_elapsed       | 27570     |
|    total_timesteps    | 420500    |
| train/                |           |
|    entropy_loss       | 10.2      |
|    explained_variance | -1.19e-07 |
|    learning_rate      | 0.0007    |
|    n_updates          | 84099     |
|    policy_loss        | -4.03e+04 |
|    reward             | 1361.0994 |
|    std                | 0.0055    |
|    value_loss         | 1.97e+07  |
-------------------------------------
EPISODE:  422
-------------------------------------
| time/                 |           |
|    fps                | 15        |
|    iterations         | 84200     |
|    time_elapsed       | 27603     |
|    total_timesteps    | 421000    |
| train/                |           |
|    entropy_loss       | 10.2      |
|    explained_variance | 1.19e-07  |
|    learning_rate      | 0.0007    |
|    n_updates          | 84199     |
|    policy_loss        | -6.15e+04 |
|    reward             | 2085.917  |
|    std                | 0.00549   |
|    value_loss         | 4.47e+07  |
-------------------------------------
-------------------------------------
| time/                 |           |
|    fps                | 15        |
|    iterations         | 84300     |
|    time_elapsed       | 27637     |
|    total_timesteps    | 421500    |
| train/                |           |
|    entropy_loss       | 10.2      |
|    explained_variance | 0         |
|    learning_rate      | 0.0007    |
|    n_updates          | 84299     |
|    policy_loss        | -4.38e+04 |
|    reward             | 1361.0994 |
|    std                | 0.00551   |
|    value_loss         | 1.97e+07  |
-------------------------------------
EPISODE:  423
-------------------------------------
| time/                 |           |
|    fps                | 15        |
|    iterations         | 84400     |
|    time_elapsed       | 27670     |
|    total_timesteps    | 422000    |
| train/                |           |
|    entropy_loss       | 10.2      |
|    explained_variance | 0         |
|    learning_rate      | 0.0007    |
|    n_updates          | 84399     |
|    policy_loss        | -6.23e+04 |
|    reward             | 2085.917  |
|    std                | 0.00558   |
|    value_loss         | 4.47e+07  |
-------------------------------------
-------------------------------------
| time/                 |           |
|    fps                | 15        |
|    iterations         | 84500     |
|    time_elapsed       | 27703     |
|    total_timesteps    | 422500    |
| train/                |           |
|    entropy_loss       | 10.3      |
|    explained_variance | 0         |
|    learning_rate      | 0.0007    |
|    n_updates          | 84499     |
|    policy_loss        | -4.08e+04 |
|    reward             | 1361.0994 |
|    std                | 0.00556   |
|    value_loss         | 1.97e+07  |
-------------------------------------
EPISODE:  424
-------------------------------------
| time/                 |           |
|    fps                | 15        |
|    iterations         | 84600     |
|    time_elapsed       | 27735     |
|    total_timesteps    | 423000    |
| train/                |           |
|    entropy_loss       | 10.3      |
|    explained_variance | -1.19e-07 |
|    learning_rate      | 0.0007    |
|    n_updates          | 84599     |
|    policy_loss        | -6.17e+04 |
|    reward             | 2085.917  |
|    std                | 0.00556   |
|    value_loss         | 4.47e+07  |
-------------------------------------
-------------------------------------
| time/                 |           |
|    fps                | 15        |
|    iterations         | 84700     |
|    time_elapsed       | 27768     |
|    total_timesteps    | 423500    |
| train/                |           |
|    entropy_loss       | 10.3      |
|    explained_variance | 1.19e-07  |
|    learning_rate      | 0.0007    |
|    n_updates          | 84699     |
|    policy_loss        | -4.07e+04 |
|    reward             | 1361.0994 |
|    std                | 0.00561   |
|    value_loss         | 1.97e+07  |
-------------------------------------
EPISODE:  425
-------------------------------------
| time/                 |           |
|    fps                | 15        |
|    iterations         | 84800     |
|    time_elapsed       | 27801     |
|    total_timesteps    | 424000    |
| train/                |           |
|    entropy_loss       | 10.3      |
|    explained_variance | 0         |
|    learning_rate      | 0.0007    |
|    n_updates          | 84799     |
|    policy_loss        | -6.24e+04 |
|    reward             | 2085.917  |
|    std                | 0.00556   |
|    value_loss         | 4.47e+07  |
-------------------------------------
-------------------------------------
| time/                 |           |
|    fps                | 15        |
|    iterations         | 84900     |
|    time_elapsed       | 27834     |
|    total_timesteps    | 424500    |
| train/                |           |
|    entropy_loss       | 10.3      |
|    explained_variance | 1.19e-07  |
|    learning_rate      | 0.0007    |
|    n_updates          | 84899     |
|    policy_loss        | -4.31e+04 |
|    reward             | 1361.0994 |
|    std                | 0.00556   |
|    value_loss         | 1.97e+07  |
-------------------------------------
EPISODE:  426
-------------------------------------
| time/                 |           |
|    fps                | 15        |
|    iterations         | 85000     |
|    time_elapsed       | 27867     |
|    total_timesteps    | 425000    |
| train/                |           |
|    entropy_loss       | 10.3      |
|    explained_variance | -1.19e-07 |
|    learning_rate      | 0.0007    |
|    n_updates          | 84999     |
|    policy_loss        | -6.33e+04 |
|    reward             | 2085.917  |
|    std                | 0.00558   |
|    value_loss         | 4.47e+07  |
-------------------------------------
-------------------------------------
| time/                 |           |
|    fps                | 15        |
|    iterations         | 85100     |
|    time_elapsed       | 27899     |
|    total_timesteps    | 425500    |
| train/                |           |
|    entropy_loss       | 10.3      |
|    explained_variance | 0         |
|    learning_rate      | 0.0007    |
|    n_updates          | 85099     |
|    policy_loss        | -4.34e+04 |
|    reward             | 1361.0994 |
|    std                | 0.00553   |
|    value_loss         | 1.97e+07  |
-------------------------------------
EPISODE:  427
-------------------------------------
| time/                 |           |
|    fps                | 15        |
|    iterations         | 85200     |
|    time_elapsed       | 27932     |
|    total_timesteps    | 426000    |
| train/                |           |
|    entropy_loss       | 10.3      |
|    explained_variance | 5.96e-08  |
|    learning_rate      | 0.0007    |
|    n_updates          | 85199     |
|    policy_loss        | -6.17e+04 |
|    reward             | 2085.917  |
|    std                | 0.00551   |
|    value_loss         | 4.47e+07  |
-------------------------------------
-------------------------------------
| time/                 |           |
|    fps                | 15        |
|    iterations         | 85300     |
|    time_elapsed       | 27965     |
|    total_timesteps    | 426500    |
| train/                |           |
|    entropy_loss       | 10.3      |
|    explained_variance | 0         |
|    learning_rate      | 0.0007    |
|    n_updates          | 85299     |
|    policy_loss        | -4.14e+04 |
|    reward             | 1361.0994 |
|    std                | 0.00552   |
|    value_loss         | 1.97e+07  |
-------------------------------------
EPISODE:  428
-------------------------------------
| time/                 |           |
|    fps                | 15        |
|    iterations         | 85400     |
|    time_elapsed       | 27998     |
|    total_timesteps    | 427000    |
| train/                |           |
|    entropy_loss       | 10.3      |
|    explained_variance | -1.19e-07 |
|    learning_rate      | 0.0007    |
|    n_updates          | 85399     |
|    policy_loss        | -6.45e+04 |
|    reward             | 2085.917  |
|    std                | 0.00551   |
|    value_loss         | 4.47e+07  |
-------------------------------------
-------------------------------------
| time/                 |           |
|    fps                | 15        |
|    iterations         | 85500     |
|    time_elapsed       | 28030     |
|    total_timesteps    | 427500    |
| train/                |           |
|    entropy_loss       | 10.3      |
|    explained_variance | 1.19e-07  |
|    learning_rate      | 0.0007    |
|    n_updates          | 85499     |
|    policy_loss        | -3.93e+04 |
|    reward             | 1361.0994 |
|    std                | 0.00549   |
|    value_loss         | 1.97e+07  |
-------------------------------------
EPISODE:  429
-------------------------------------
| time/                 |           |
|    fps                | 15        |
|    iterations         | 85600     |
|    time_elapsed       | 28063     |
|    total_timesteps    | 428000    |
| train/                |           |
|    entropy_loss       | 10.3      |
|    explained_variance | -1.19e-07 |
|    learning_rate      | 0.0007    |
|    n_updates          | 85599     |
|    policy_loss        | -6.12e+04 |
|    reward             | 2085.917  |
|    std                | 0.00546   |
|    value_loss         | 4.47e+07  |
-------------------------------------
-------------------------------------
| time/                 |           |
|    fps                | 15        |
|    iterations         | 85700     |
|    time_elapsed       | 28096     |
|    total_timesteps    | 428500    |
| train/                |           |
|    entropy_loss       | 10.4      |
|    explained_variance | 0         |
|    learning_rate      | 0.0007    |
|    n_updates          | 85699     |
|    policy_loss        | -4.13e+04 |
|    reward             | 1361.0994 |
|    std                | 0.00542   |
|    value_loss         | 1.97e+07  |
-------------------------------------
EPISODE:  430
-------------------------------------
| time/                 |           |
|    fps                | 15        |
|    iterations         | 85800     |
|    time_elapsed       | 28129     |
|    total_timesteps    | 429000    |
| train/                |           |
|    entropy_loss       | 10.4      |
|    explained_variance | 0         |
|    learning_rate      | 0.0007    |
|    n_updates          | 85799     |
|    policy_loss        | -6.12e+04 |
|    reward             | 2085.917  |
|    std                | 0.00538   |
|    value_loss         | 4.47e+07  |
-------------------------------------
-------------------------------------
| time/                 |           |
|    fps                | 15        |
|    iterations         | 85900     |
|    time_elapsed       | 28162     |
|    total_timesteps    | 429500    |
| train/                |           |
|    entropy_loss       | 10.4      |
|    explained_variance | -1.19e-07 |
|    learning_rate      | 0.0007    |
|    n_updates          | 85899     |
|    policy_loss        | -4.32e+04 |
|    reward             | 1361.0994 |
|    std                | 0.00536   |
|    value_loss         | 1.97e+07  |
-------------------------------------
EPISODE:  431
-------------------------------------
| time/                 |           |
|    fps                | 15        |
|    iterations         | 86000     |
|    time_elapsed       | 28194     |
|    total_timesteps    | 430000    |
| train/                |           |
|    entropy_loss       | 10.4      |
|    explained_variance | 5.96e-08  |
|    learning_rate      | 0.0007    |
|    n_updates          | 85999     |
|    policy_loss        | -6.16e+04 |
|    reward             | 2085.917  |
|    std                | 0.00535   |
|    value_loss         | 4.47e+07  |
-------------------------------------
-------------------------------------
| time/                 |           |
|    fps                | 15        |
|    iterations         | 86100     |
|    time_elapsed       | 28227     |
|    total_timesteps    | 430500    |
| train/                |           |
|    entropy_loss       | 10.4      |
|    explained_variance | 1.19e-07  |
|    learning_rate      | 0.0007    |
|    n_updates          | 86099     |
|    policy_loss        | -3.96e+04 |
|    reward             | 1361.0994 |
|    std                | 0.00531   |
|    value_loss         | 1.97e+07  |
-------------------------------------
EPISODE:  432
-------------------------------------
| time/                 |           |
|    fps                | 15        |
|    iterations         | 86200     |
|    time_elapsed       | 28260     |
|    total_timesteps    | 431000    |
| train/                |           |
|    entropy_loss       | 10.4      |
|    explained_variance | 0         |
|    learning_rate      | 0.0007    |
|    n_updates          | 86199     |
|    policy_loss        | -6.22e+04 |
|    reward             | 2085.917  |
|    std                | 0.00528   |
|    value_loss         | 4.47e+07  |
-------------------------------------
-------------------------------------
| time/                 |           |
|    fps                | 15        |
|    iterations         | 86300     |
|    time_elapsed       | 28293     |
|    total_timesteps    | 431500    |
| train/                |           |
|    entropy_loss       | 10.4      |
|    explained_variance | -1.19e-07 |
|    learning_rate      | 0.0007    |
|    n_updates          | 86299     |
|    policy_loss        | -4.21e+04 |
|    reward             | 1361.0994 |
|    std                | 0.00523   |
|    value_loss         | 1.97e+07  |
-------------------------------------
EPISODE:  433
-------------------------------------
| time/                 |           |
|    fps                | 15        |
|    iterations         | 86400     |
|    time_elapsed       | 28326     |
|    total_timesteps    | 432000    |
| train/                |           |
|    entropy_loss       | 10.4      |
|    explained_variance | 5.96e-08  |
|    learning_rate      | 0.0007    |
|    n_updates          | 86399     |
|    policy_loss        | -6.25e+04 |
|    reward             | 2085.917  |
|    std                | 0.0052    |
|    value_loss         | 4.47e+07  |
-------------------------------------
-------------------------------------
| time/                 |           |
|    fps                | 15        |
|    iterations         | 86500     |
|    time_elapsed       | 28358     |
|    total_timesteps    | 432500    |
| train/                |           |
|    entropy_loss       | 10.4      |
|    explained_variance | 0         |
|    learning_rate      | 0.0007    |
|    n_updates          | 86499     |
|    policy_loss        | -4.2e+04  |
|    reward             | 1361.0994 |
|    std                | 0.00521   |
|    value_loss         | 1.97e+07  |
-------------------------------------
EPISODE:  434
-------------------------------------
| time/                 |           |
|    fps                | 15        |
|    iterations         | 86600     |
|    time_elapsed       | 28391     |
|    total_timesteps    | 433000    |
| train/                |           |
|    entropy_loss       | 10.4      |
|    explained_variance | -1.19e-07 |
|    learning_rate      | 0.0007    |
|    n_updates          | 86599     |
|    policy_loss        | -6.24e+04 |
|    reward             | 2085.917  |
|    std                | 0.00517   |
|    value_loss         | 4.47e+07  |
-------------------------------------
-------------------------------------
| time/                 |           |
|    fps                | 15        |
|    iterations         | 86700     |
|    time_elapsed       | 28424     |
|    total_timesteps    | 433500    |
| train/                |           |
|    entropy_loss       | 10.5      |
|    explained_variance | 0         |
|    learning_rate      | 0.0007    |
|    n_updates          | 86699     |
|    policy_loss        | -4.42e+04 |
|    reward             | 1361.0994 |
|    std                | 0.00512   |
|    value_loss         | 1.97e+07  |
-------------------------------------
EPISODE:  435
-------------------------------------
| time/                 |           |
|    fps                | 15        |
|    iterations         | 86800     |
|    time_elapsed       | 28457     |
|    total_timesteps    | 434000    |
| train/                |           |
|    entropy_loss       | 10.5      |
|    explained_variance | 5.96e-08  |
|    learning_rate      | 0.0007    |
|    n_updates          | 86799     |
|    policy_loss        | -6.35e+04 |
|    reward             | 2085.917  |
|    std                | 0.00509   |
|    value_loss         | 4.47e+07  |
-------------------------------------
-------------------------------------
| time/                 |           |
|    fps                | 15        |
|    iterations         | 86900     |
|    time_elapsed       | 28490     |
|    total_timesteps    | 434500    |
| train/                |           |
|    entropy_loss       | 10.5      |
|    explained_variance | 0         |
|    learning_rate      | 0.0007    |
|    n_updates          | 86899     |
|    policy_loss        | -4.42e+04 |
|    reward             | 1361.0994 |
|    std                | 0.00513   |
|    value_loss         | 1.97e+07  |
-------------------------------------
EPISODE:  436
-------------------------------------
| time/                 |           |
|    fps                | 15        |
|    iterations         | 87000     |
|    time_elapsed       | 28522     |
|    total_timesteps    | 435000    |
| train/                |           |
|    entropy_loss       | 10.5      |
|    explained_variance | -2.38e-07 |
|    learning_rate      | 0.0007    |
|    n_updates          | 86999     |
|    policy_loss        | -6.36e+04 |
|    reward             | 2085.917  |
|    std                | 0.00512   |
|    value_loss         | 4.47e+07  |
-------------------------------------
-------------------------------------
| time/                 |           |
|    fps                | 15        |
|    iterations         | 87100     |
|    time_elapsed       | 28557     |
|    total_timesteps    | 435500    |
| train/                |           |
|    entropy_loss       | 10.5      |
|    explained_variance | 0         |
|    learning_rate      | 0.0007    |
|    n_updates          | 87099     |
|    policy_loss        | -4.16e+04 |
|    reward             | 1361.0994 |
|    std                | 0.00517   |
|    value_loss         | 1.97e+07  |
-------------------------------------
EPISODE:  437
-------------------------------------
| time/                 |           |
|    fps                | 15        |
|    iterations         | 87200     |
|    time_elapsed       | 28589     |
|    total_timesteps    | 436000    |
| train/                |           |
|    entropy_loss       | 10.5      |
|    explained_variance | 1.19e-07  |
|    learning_rate      | 0.0007    |
|    n_updates          | 87199     |
|    policy_loss        | -6.55e+04 |
|    reward             | 2085.917  |
|    std                | 0.00515   |
|    value_loss         | 4.47e+07  |
-------------------------------------
-------------------------------------
| time/                 |           |
|    fps                | 15        |
|    iterations         | 87300     |
|    time_elapsed       | 28622     |
|    total_timesteps    | 436500    |
| train/                |           |
|    entropy_loss       | 10.5      |
|    explained_variance | -1.19e-07 |
|    learning_rate      | 0.0007    |
|    n_updates          | 87299     |
|    policy_loss        | -3.96e+04 |
|    reward             | 1361.0994 |
|    std                | 0.00515   |
|    value_loss         | 1.97e+07  |
-------------------------------------
EPISODE:  438
-------------------------------------
| time/                 |           |
|    fps                | 15        |
|    iterations         | 87400     |
|    time_elapsed       | 28655     |
|    total_timesteps    | 437000    |
| train/                |           |
|    entropy_loss       | 10.5      |
|    explained_variance | 5.96e-08  |
|    learning_rate      | 0.0007    |
|    n_updates          | 87399     |
|    policy_loss        | -6.36e+04 |
|    reward             | 2085.917  |
|    std                | 0.00511   |
|    value_loss         | 4.47e+07  |
-------------------------------------
-------------------------------------
| time/                 |           |
|    fps                | 15        |
|    iterations         | 87500     |
|    time_elapsed       | 28687     |
|    total_timesteps    | 437500    |
| train/                |           |
|    entropy_loss       | 10.6      |
|    explained_variance | 5.96e-08  |
|    learning_rate      | 0.0007    |
|    n_updates          | 87499     |
|    policy_loss        | -3.96e+04 |
|    reward             | 1361.0994 |
|    std                | 0.00506   |
|    value_loss         | 1.97e+07  |
-------------------------------------
EPISODE:  439
-------------------------------------
| time/                 |           |
|    fps                | 15        |
|    iterations         | 87600     |
|    time_elapsed       | 28719     |
|    total_timesteps    | 438000    |
| train/                |           |
|    entropy_loss       | 10.6      |
|    explained_variance | -1.19e-07 |
|    learning_rate      | 0.0007    |
|    n_updates          | 87599     |
|    policy_loss        | -6.69e+04 |
|    reward             | 2085.917  |
|    std                | 0.00503   |
|    value_loss         | 4.47e+07  |
-------------------------------------
-------------------------------------
| time/                 |           |
|    fps                | 15        |
|    iterations         | 87700     |
|    time_elapsed       | 28752     |
|    total_timesteps    | 438500    |
| train/                |           |
|    entropy_loss       | 10.6      |
|    explained_variance | 5.96e-08  |
|    learning_rate      | 0.0007    |
|    n_updates          | 87699     |
|    policy_loss        | -4.37e+04 |
|    reward             | 1361.0994 |
|    std                | 0.00503   |
|    value_loss         | 1.97e+07  |
-------------------------------------
EPISODE:  440
-------------------------------------
| time/                 |           |
|    fps                | 15        |
|    iterations         | 87800     |
|    time_elapsed       | 28785     |
|    total_timesteps    | 439000    |
| train/                |           |
|    entropy_loss       | 10.6      |
|    explained_variance | -1.19e-07 |
|    learning_rate      | 0.0007    |
|    n_updates          | 87799     |
|    policy_loss        | -6.51e+04 |
|    reward             | 2085.917  |
|    std                | 0.005     |
|    value_loss         | 4.47e+07  |
-------------------------------------
-------------------------------------
| time/                 |           |
|    fps                | 15        |
|    iterations         | 87900     |
|    time_elapsed       | 28818     |
|    total_timesteps    | 439500    |
| train/                |           |
|    entropy_loss       | 10.6      |
|    explained_variance | 0         |
|    learning_rate      | 0.0007    |
|    n_updates          | 87899     |
|    policy_loss        | -4.1e+04  |
|    reward             | 1361.0994 |
|    std                | 0.00498   |
|    value_loss         | 1.97e+07  |
-------------------------------------
EPISODE:  441
-------------------------------------
| time/                 |           |
|    fps                | 15        |
|    iterations         | 88000     |
|    time_elapsed       | 28851     |
|    total_timesteps    | 440000    |
| train/                |           |
|    entropy_loss       | 10.6      |
|    explained_variance | 0         |
|    learning_rate      | 0.0007    |
|    n_updates          | 87999     |
|    policy_loss        | -6.48e+04 |
|    reward             | 2085.917  |
|    std                | 0.00496   |
|    value_loss         | 4.47e+07  |
-------------------------------------
-------------------------------------
| time/                 |           |
|    fps                | 15        |
|    iterations         | 88100     |
|    time_elapsed       | 28884     |
|    total_timesteps    | 440500    |
| train/                |           |
|    entropy_loss       | 10.6      |
|    explained_variance | 0         |
|    learning_rate      | 0.0007    |
|    n_updates          | 88099     |
|    policy_loss        | -4.29e+04 |
|    reward             | 1361.0994 |
|    std                | 0.00499   |
|    value_loss         | 1.97e+07  |
-------------------------------------
EPISODE:  442
-------------------------------------
| time/                 |           |
|    fps                | 15        |
|    iterations         | 88200     |
|    time_elapsed       | 28917     |
|    total_timesteps    | 441000    |
| train/                |           |
|    entropy_loss       | 10.6      |
|    explained_variance | 5.96e-08  |
|    learning_rate      | 0.0007    |
|    n_updates          | 88199     |
|    policy_loss        | -4.87e+04 |
|    reward             | 2085.917  |
|    std                | 0.005     |
|    value_loss         | 4.47e+07  |
-------------------------------------
-------------------------------------
| time/                 |           |
|    fps                | 15        |
|    iterations         | 88300     |
|    time_elapsed       | 28950     |
|    total_timesteps    | 441500    |
| train/                |           |
|    entropy_loss       | 10.6      |
|    explained_variance | -2.38e-07 |
|    learning_rate      | 0.0007    |
|    n_updates          | 88299     |
|    policy_loss        | -4.15e+04 |
|    reward             | 1361.0994 |
|    std                | 0.00501   |
|    value_loss         | 1.97e+07  |
-------------------------------------
EPISODE:  443
-------------------------------------
| time/                 |           |
|    fps                | 15        |
|    iterations         | 88400     |
|    time_elapsed       | 28983     |
|    total_timesteps    | 442000    |
| train/                |           |
|    entropy_loss       | 10.6      |
|    explained_variance | 0         |
|    learning_rate      | 0.0007    |
|    n_updates          | 88399     |
|    policy_loss        | -6.11e+04 |
|    reward             | 2085.917  |
|    std                | 0.00502   |
|    value_loss         | 4.47e+07  |
-------------------------------------
-------------------------------------
| time/                 |           |
|    fps                | 15        |
|    iterations         | 88500     |
|    time_elapsed       | 29016     |
|    total_timesteps    | 442500    |
| train/                |           |
|    entropy_loss       | 10.6      |
|    explained_variance | 1.19e-07  |
|    learning_rate      | 0.0007    |
|    n_updates          | 88499     |
|    policy_loss        | -4.34e+04 |
|    reward             | 1361.0994 |
|    std                | 0.00502   |
|    value_loss         | 1.97e+07  |
-------------------------------------
EPISODE:  444
-------------------------------------
| time/                 |           |
|    fps                | 15        |
|    iterations         | 88600     |
|    time_elapsed       | 29049     |
|    total_timesteps    | 443000    |
| train/                |           |
|    entropy_loss       | 10.6      |
|    explained_variance | 0         |
|    learning_rate      | 0.0007    |
|    n_updates          | 88599     |
|    policy_loss        | -6.54e+04 |
|    reward             | 2085.917  |
|    std                | 0.00504   |
|    value_loss         | 4.47e+07  |
-------------------------------------
-------------------------------------
| time/                 |           |
|    fps                | 15        |
|    iterations         | 88700     |
|    time_elapsed       | 29082     |
|    total_timesteps    | 443500    |
| train/                |           |
|    entropy_loss       | 10.7      |
|    explained_variance | 2.38e-07  |
|    learning_rate      | 0.0007    |
|    n_updates          | 88699     |
|    policy_loss        | -4.24e+04 |
|    reward             | 1361.0994 |
|    std                | 0.00496   |
|    value_loss         | 1.97e+07  |
-------------------------------------
EPISODE:  445
-------------------------------------
| time/                 |           |
|    fps                | 15        |
|    iterations         | 88800     |
|    time_elapsed       | 29115     |
|    total_timesteps    | 444000    |
| train/                |           |
|    entropy_loss       | 10.7      |
|    explained_variance | 0         |
|    learning_rate      | 0.0007    |
|    n_updates          | 88799     |
|    policy_loss        | -6.33e+04 |
|    reward             | 2085.917  |
|    std                | 0.00495   |
|    value_loss         | 4.47e+07  |
-------------------------------------
-------------------------------------
| time/                 |           |
|    fps                | 15        |
|    iterations         | 88900     |
|    time_elapsed       | 29148     |
|    total_timesteps    | 444500    |
| train/                |           |
|    entropy_loss       | 10.7      |
|    explained_variance | 1.19e-07  |
|    learning_rate      | 0.0007    |
|    n_updates          | 88899     |
|    policy_loss        | -4.53e+04 |
|    reward             | 1361.0994 |
|    std                | 0.00494   |
|    value_loss         | 1.97e+07  |
-------------------------------------
EPISODE:  446
-------------------------------------
| time/                 |           |
|    fps                | 15        |
|    iterations         | 89000     |
|    time_elapsed       | 29181     |
|    total_timesteps    | 445000    |
| train/                |           |
|    entropy_loss       | 10.7      |
|    explained_variance | 5.96e-08  |
|    learning_rate      | 0.0007    |
|    n_updates          | 88999     |
|    policy_loss        | -6.93e+04 |
|    reward             | 2085.917  |
|    std                | 0.00494   |
|    value_loss         | 4.47e+07  |
-------------------------------------
-------------------------------------
| time/                 |           |
|    fps                | 15        |
|    iterations         | 89100     |
|    time_elapsed       | 29214     |
|    total_timesteps    | 445500    |
| train/                |           |
|    entropy_loss       | 10.7      |
|    explained_variance | 2.98e-07  |
|    learning_rate      | 0.0007    |
|    n_updates          | 89099     |
|    policy_loss        | -4.22e+04 |
|    reward             | 1361.0994 |
|    std                | 0.0049    |
|    value_loss         | 1.97e+07  |
-------------------------------------
EPISODE:  447
-------------------------------------
| time/                 |           |
|    fps                | 15        |
|    iterations         | 89200     |
|    time_elapsed       | 29247     |
|    total_timesteps    | 446000    |
| train/                |           |
|    entropy_loss       | 10.7      |
|    explained_variance | 1.19e-07  |
|    learning_rate      | 0.0007    |
|    n_updates          | 89199     |
|    policy_loss        | -6.69e+04 |
|    reward             | 2085.917  |
|    std                | 0.00489   |
|    value_loss         | 4.47e+07  |
-------------------------------------
-------------------------------------
| time/                 |           |
|    fps                | 15        |
|    iterations         | 89300     |
|    time_elapsed       | 29280     |
|    total_timesteps    | 446500    |
| train/                |           |
|    entropy_loss       | 10.7      |
|    explained_variance | 0         |
|    learning_rate      | 0.0007    |
|    n_updates          | 89299     |
|    policy_loss        | -4.42e+04 |
|    reward             | 1361.0994 |
|    std                | 0.00483   |
|    value_loss         | 1.96e+07  |
-------------------------------------
EPISODE:  448
-------------------------------------
| time/                 |           |
|    fps                | 15        |
|    iterations         | 89400     |
|    time_elapsed       | 29313     |
|    total_timesteps    | 447000    |
| train/                |           |
|    entropy_loss       | 10.7      |
|    explained_variance | 0         |
|    learning_rate      | 0.0007    |
|    n_updates          | 89399     |
|    policy_loss        | -5.86e+04 |
|    reward             | 2085.917  |
|    std                | 0.00479   |
|    value_loss         | 4.47e+07  |
-------------------------------------
-------------------------------------
| time/                 |           |
|    fps                | 15        |
|    iterations         | 89500     |
|    time_elapsed       | 29346     |
|    total_timesteps    | 447500    |
| train/                |           |
|    entropy_loss       | 10.7      |
|    explained_variance | -1.19e-07 |
|    learning_rate      | 0.0007    |
|    n_updates          | 89499     |
|    policy_loss        | -4.31e+04 |
|    reward             | 1361.0994 |
|    std                | 0.0048    |
|    value_loss         | 1.96e+07  |
-------------------------------------
EPISODE:  449
-------------------------------------
| time/                 |           |
|    fps                | 15        |
|    iterations         | 89600     |
|    time_elapsed       | 29379     |
|    total_timesteps    | 448000    |
| train/                |           |
|    entropy_loss       | 10.8      |
|    explained_variance | -1.19e-07 |
|    learning_rate      | 0.0007    |
|    n_updates          | 89599     |
|    policy_loss        | -6.73e+04 |
|    reward             | 2085.917  |
|    std                | 0.00474   |
|    value_loss         | 4.47e+07  |
-------------------------------------
-------------------------------------
| time/                 |           |
|    fps                | 15        |
|    iterations         | 89700     |
|    time_elapsed       | 29412     |
|    total_timesteps    | 448500    |
| train/                |           |
|    entropy_loss       | 10.8      |
|    explained_variance | 0         |
|    learning_rate      | 0.0007    |
|    n_updates          | 89699     |
|    policy_loss        | -4.17e+04 |
|    reward             | 1361.0994 |
|    std                | 0.0047    |
|    value_loss         | 1.96e+07  |
-------------------------------------
EPISODE:  450
------------------------------------
| time/                 |          |
|    fps                | 15       |
|    iterations         | 89800    |
|    time_elapsed       | 29445    |
|    total_timesteps    | 449000   |
| train/                |          |
|    entropy_loss       | 10.8     |
|    explained_variance | 0        |
|    learning_rate      | 0.0007   |
|    n_updates          | 89799    |
|    policy_loss        | -6.4e+04 |
|    reward             | 2085.917 |
|    std                | 0.00476  |
|    value_loss         | 4.47e+07 |
------------------------------------
-------------------------------------
| time/                 |           |
|    fps                | 15        |
|    iterations         | 89900     |
|    time_elapsed       | 29478     |
|    total_timesteps    | 449500    |
| train/                |           |
|    entropy_loss       | 10.8      |
|    explained_variance | 0         |
|    learning_rate      | 0.0007    |
|    n_updates          | 89899     |
|    policy_loss        | -4.6e+04  |
|    reward             | 1361.0994 |
|    std                | 0.00477   |
|    value_loss         | 1.96e+07  |
-------------------------------------
EPISODE:  451
-------------------------------------
| time/                 |           |
|    fps                | 15        |
|    iterations         | 90000     |
|    time_elapsed       | 29513     |
|    total_timesteps    | 450000    |
| train/                |           |
|    entropy_loss       | 10.8      |
|    explained_variance | 1.79e-07  |
|    learning_rate      | 0.0007    |
|    n_updates          | 89999     |
|    policy_loss        | -6.26e+04 |
|    reward             | 2085.917  |
|    std                | 0.00477   |
|    value_loss         | 4.47e+07  |
-------------------------------------
-------------------------------------
| time/                 |           |
|    fps                | 15        |
|    iterations         | 90100     |
|    time_elapsed       | 29546     |
|    total_timesteps    | 450500    |
| train/                |           |
|    entropy_loss       | 10.8      |
|    explained_variance | 0         |
|    learning_rate      | 0.0007    |
|    n_updates          | 90099     |
|    policy_loss        | -4.53e+04 |
|    reward             | 1361.0994 |
|    std                | 0.00477   |
|    value_loss         | 1.96e+07  |
-------------------------------------
EPISODE:  452
-------------------------------------
| time/                 |           |
|    fps                | 15        |
|    iterations         | 90200     |
|    time_elapsed       | 29579     |
|    total_timesteps    | 451000    |
| train/                |           |
|    entropy_loss       | 10.8      |
|    explained_variance | 1.19e-07  |
|    learning_rate      | 0.0007    |
|    n_updates          | 90199     |
|    policy_loss        | -6.92e+04 |
|    reward             | 2085.917  |
|    std                | 0.00476   |
|    value_loss         | 4.47e+07  |
-------------------------------------
-------------------------------------
| time/                 |           |
|    fps                | 15        |
|    iterations         | 90300     |
|    time_elapsed       | 29612     |
|    total_timesteps    | 451500    |
| train/                |           |
|    entropy_loss       | 10.8      |
|    explained_variance | 0         |
|    learning_rate      | 0.0007    |
|    n_updates          | 90299     |
|    policy_loss        | -4.49e+04 |
|    reward             | 1361.0994 |
|    std                | 0.00476   |
|    value_loss         | 1.96e+07  |
-------------------------------------
EPISODE:  453
-------------------------------------
| time/                 |           |
|    fps                | 15        |
|    iterations         | 90400     |
|    time_elapsed       | 29645     |
|    total_timesteps    | 452000    |
| train/                |           |
|    entropy_loss       | 10.8      |
|    explained_variance | 0         |
|    learning_rate      | 0.0007    |
|    n_updates          | 90399     |
|    policy_loss        | -6.57e+04 |
|    reward             | 2085.917  |
|    std                | 0.00477   |
|    value_loss         | 4.47e+07  |
-------------------------------------
-------------------------------------
| time/                 |           |
|    fps                | 15        |
|    iterations         | 90500     |
|    time_elapsed       | 29678     |
|    total_timesteps    | 452500    |
| train/                |           |
|    entropy_loss       | 10.8      |
|    explained_variance | 1.19e-07  |
|    learning_rate      | 0.0007    |
|    n_updates          | 90499     |
|    policy_loss        | -4.22e+04 |
|    reward             | 1361.0994 |
|    std                | 0.00476   |
|    value_loss         | 1.96e+07  |
-------------------------------------
EPISODE:  454
-------------------------------------
| time/                 |           |
|    fps                | 15        |
|    iterations         | 90600     |
|    time_elapsed       | 29711     |
|    total_timesteps    | 453000    |
| train/                |           |
|    entropy_loss       | 10.8      |
|    explained_variance | 1.79e-07  |
|    learning_rate      | 0.0007    |
|    n_updates          | 90599     |
|    policy_loss        | -6.81e+04 |
|    reward             | 2085.917  |
|    std                | 0.00478   |
|    value_loss         | 4.47e+07  |
-------------------------------------
-------------------------------------
| time/                 |           |
|    fps                | 15        |
|    iterations         | 90700     |
|    time_elapsed       | 29744     |
|    total_timesteps    | 453500    |
| train/                |           |
|    entropy_loss       | 10.8      |
|    explained_variance | -1.19e-07 |
|    learning_rate      | 0.0007    |
|    n_updates          | 90699     |
|    policy_loss        | -4.39e+04 |
|    reward             | 1361.0994 |
|    std                | 0.00482   |
|    value_loss         | 1.96e+07  |
-------------------------------------
EPISODE:  455
-------------------------------------
| time/                 |           |
|    fps                | 15        |
|    iterations         | 90800     |
|    time_elapsed       | 29777     |
|    total_timesteps    | 454000    |
| train/                |           |
|    entropy_loss       | 10.9      |
|    explained_variance | 0         |
|    learning_rate      | 0.0007    |
|    n_updates          | 90799     |
|    policy_loss        | -6.19e+04 |
|    reward             | 2085.917  |
|    std                | 0.00479   |
|    value_loss         | 4.46e+07  |
-------------------------------------
-------------------------------------
| time/                 |           |
|    fps                | 15        |
|    iterations         | 90900     |
|    time_elapsed       | 29810     |
|    total_timesteps    | 454500    |
| train/                |           |
|    entropy_loss       | 10.9      |
|    explained_variance | 0         |
|    learning_rate      | 0.0007    |
|    n_updates          | 90899     |
|    policy_loss        | -4.15e+04 |
|    reward             | 1361.0994 |
|    std                | 0.00475   |
|    value_loss         | 1.96e+07  |
-------------------------------------
EPISODE:  456
-------------------------------------
| time/                 |           |
|    fps                | 15        |
|    iterations         | 91000     |
|    time_elapsed       | 29843     |
|    total_timesteps    | 455000    |
| train/                |           |
|    entropy_loss       | 10.9      |
|    explained_variance | -1.19e-07 |
|    learning_rate      | 0.0007    |
|    n_updates          | 90999     |
|    policy_loss        | -6.62e+04 |
|    reward             | 2085.917  |
|    std                | 0.00477   |
|    value_loss         | 4.46e+07  |
-------------------------------------
-------------------------------------
| time/                 |           |
|    fps                | 15        |
|    iterations         | 91100     |
|    time_elapsed       | 29876     |
|    total_timesteps    | 455500    |
| train/                |           |
|    entropy_loss       | 10.9      |
|    explained_variance | 0         |
|    learning_rate      | 0.0007    |
|    n_updates          | 91099     |
|    policy_loss        | -4.18e+04 |
|    reward             | 1361.0994 |
|    std                | 0.00476   |
|    value_loss         | 1.96e+07  |
-------------------------------------
EPISODE:  457
-------------------------------------
| time/                 |           |
|    fps                | 15        |
|    iterations         | 91200     |
|    time_elapsed       | 29909     |
|    total_timesteps    | 456000    |
| train/                |           |
|    entropy_loss       | 10.9      |
|    explained_variance | -1.19e-07 |
|    learning_rate      | 0.0007    |
|    n_updates          | 91199     |
|    policy_loss        | -6.73e+04 |
|    reward             | 2085.917  |
|    std                | 0.00476   |
|    value_loss         | 4.46e+07  |
-------------------------------------
-------------------------------------
| time/                 |           |
|    fps                | 15        |
|    iterations         | 91300     |
|    time_elapsed       | 29942     |
|    total_timesteps    | 456500    |
| train/                |           |
|    entropy_loss       | 10.9      |
|    explained_variance | 0         |
|    learning_rate      | 0.0007    |
|    n_updates          | 91299     |
|    policy_loss        | -4.4e+04  |
|    reward             | 1361.0994 |
|    std                | 0.00477   |
|    value_loss         | 1.96e+07  |
-------------------------------------
EPISODE:  458
-------------------------------------
| time/                 |           |
|    fps                | 15        |
|    iterations         | 91400     |
|    time_elapsed       | 29975     |
|    total_timesteps    | 457000    |
| train/                |           |
|    entropy_loss       | 10.9      |
|    explained_variance | 1.19e-07  |
|    learning_rate      | 0.0007    |
|    n_updates          | 91399     |
|    policy_loss        | -6.82e+04 |
|    reward             | 2085.917  |
|    std                | 0.00474   |
|    value_loss         | 4.46e+07  |
-------------------------------------
-------------------------------------
| time/                 |           |
|    fps                | 15        |
|    iterations         | 91500     |
|    time_elapsed       | 30008     |
|    total_timesteps    | 457500    |
| train/                |           |
|    entropy_loss       | 10.9      |
|    explained_variance | 1.19e-07  |
|    learning_rate      | 0.0007    |
|    n_updates          | 91499     |
|    policy_loss        | -4.52e+04 |
|    reward             | 1361.0994 |
|    std                | 0.00475   |
|    value_loss         | 1.96e+07  |
-------------------------------------
EPISODE:  459
-------------------------------------
| time/                 |           |
|    fps                | 15        |
|    iterations         | 91600     |
|    time_elapsed       | 30041     |
|    total_timesteps    | 458000    |
| train/                |           |
|    entropy_loss       | 10.9      |
|    explained_variance | 1.19e-07  |
|    learning_rate      | 0.0007    |
|    n_updates          | 91599     |
|    policy_loss        | -6.03e+04 |
|    reward             | 2085.917  |
|    std                | 0.00474   |
|    value_loss         | 4.46e+07  |
-------------------------------------
-------------------------------------
| time/                 |           |
|    fps                | 15        |
|    iterations         | 91700     |
|    time_elapsed       | 30074     |
|    total_timesteps    | 458500    |
| train/                |           |
|    entropy_loss       | 10.9      |
|    explained_variance | 0         |
|    learning_rate      | 0.0007    |
|    n_updates          | 91699     |
|    policy_loss        | -4.42e+04 |
|    reward             | 1361.0994 |
|    std                | 0.00473   |
|    value_loss         | 1.96e+07  |
-------------------------------------
EPISODE:  460
-------------------------------------
| time/                 |           |
|    fps                | 15        |
|    iterations         | 91800     |
|    time_elapsed       | 30107     |
|    total_timesteps    | 459000    |
| train/                |           |
|    entropy_loss       | 10.9      |
|    explained_variance | -2.38e-07 |
|    learning_rate      | 0.0007    |
|    n_updates          | 91799     |
|    policy_loss        | -7.03e+04 |
|    reward             | 2085.917  |
|    std                | 0.00474   |
|    value_loss         | 4.46e+07  |
-------------------------------------
-------------------------------------
| time/                 |           |
|    fps                | 15        |
|    iterations         | 91900     |
|    time_elapsed       | 30140     |
|    total_timesteps    | 459500    |
| train/                |           |
|    entropy_loss       | 11        |
|    explained_variance | 0         |
|    learning_rate      | 0.0007    |
|    n_updates          | 91899     |
|    policy_loss        | -4.53e+04 |
|    reward             | 1361.0994 |
|    std                | 0.00477   |
|    value_loss         | 1.96e+07  |
-------------------------------------
EPISODE:  461
-------------------------------------
| time/                 |           |
|    fps                | 15        |
|    iterations         | 92000     |
|    time_elapsed       | 30173     |
|    total_timesteps    | 460000    |
| train/                |           |
|    entropy_loss       | 11        |
|    explained_variance | 5.96e-08  |
|    learning_rate      | 0.0007    |
|    n_updates          | 91999     |
|    policy_loss        | -6.99e+04 |
|    reward             | 2085.917  |
|    std                | 0.00477   |
|    value_loss         | 4.46e+07  |
-------------------------------------
-------------------------------------
| time/                 |           |
|    fps                | 15        |
|    iterations         | 92100     |
|    time_elapsed       | 30207     |
|    total_timesteps    | 460500    |
| train/                |           |
|    entropy_loss       | 11        |
|    explained_variance | -1.19e-07 |
|    learning_rate      | 0.0007    |
|    n_updates          | 92099     |
|    policy_loss        | -4.49e+04 |
|    reward             | 1361.0994 |
|    std                | 0.00474   |
|    value_loss         | 1.96e+07  |
-------------------------------------
EPISODE:  462
-------------------------------------
| time/                 |           |
|    fps                | 15        |
|    iterations         | 92200     |
|    time_elapsed       | 30240     |
|    total_timesteps    | 461000    |
| train/                |           |
|    entropy_loss       | 11        |
|    explained_variance | -2.38e-07 |
|    learning_rate      | 0.0007    |
|    n_updates          | 92199     |
|    policy_loss        | -6.94e+04 |
|    reward             | 2085.917  |
|    std                | 0.00474   |
|    value_loss         | 4.46e+07  |
-------------------------------------
-------------------------------------
| time/                 |           |
|    fps                | 15        |
|    iterations         | 92300     |
|    time_elapsed       | 30273     |
|    total_timesteps    | 461500    |
| train/                |           |
|    entropy_loss       | 11        |
|    explained_variance | 0         |
|    learning_rate      | 0.0007    |
|    n_updates          | 92299     |
|    policy_loss        | -4.4e+04  |
|    reward             | 1361.0994 |
|    std                | 0.00475   |
|    value_loss         | 1.96e+07  |
-------------------------------------
EPISODE:  463
-------------------------------------
| time/                 |           |
|    fps                | 15        |
|    iterations         | 92400     |
|    time_elapsed       | 30306     |
|    total_timesteps    | 462000    |
| train/                |           |
|    entropy_loss       | 11        |
|    explained_variance | -1.19e-07 |
|    learning_rate      | 0.0007    |
|    n_updates          | 92399     |
|    policy_loss        | -6.47e+04 |
|    reward             | 2085.917  |
|    std                | 0.00475   |
|    value_loss         | 4.46e+07  |
-------------------------------------
-------------------------------------
| time/                 |           |
|    fps                | 15        |
|    iterations         | 92500     |
|    time_elapsed       | 30339     |
|    total_timesteps    | 462500    |
| train/                |           |
|    entropy_loss       | 11        |
|    explained_variance | 0         |
|    learning_rate      | 0.0007    |
|    n_updates          | 92499     |
|    policy_loss        | -4.47e+04 |
|    reward             | 1361.0994 |
|    std                | 0.00474   |
|    value_loss         | 1.96e+07  |
-------------------------------------
EPISODE:  464
-------------------------------------
| time/                 |           |
|    fps                | 15        |
|    iterations         | 92600     |
|    time_elapsed       | 30372     |
|    total_timesteps    | 463000    |
| train/                |           |
|    entropy_loss       | 11        |
|    explained_variance | 0         |
|    learning_rate      | 0.0007    |
|    n_updates          | 92599     |
|    policy_loss        | -5.95e+04 |
|    reward             | 2085.917  |
|    std                | 0.00469   |
|    value_loss         | 4.46e+07  |
-------------------------------------
-------------------------------------
| time/                 |           |
|    fps                | 15        |
|    iterations         | 92700     |
|    time_elapsed       | 30405     |
|    total_timesteps    | 463500    |
| train/                |           |
|    entropy_loss       | 11        |
|    explained_variance | 2.38e-07  |
|    learning_rate      | 0.0007    |
|    n_updates          | 92699     |
|    policy_loss        | -4.29e+04 |
|    reward             | 1361.0994 |
|    std                | 0.00465   |
|    value_loss         | 1.96e+07  |
-------------------------------------
EPISODE:  465
-------------------------------------
| time/                 |           |
|    fps                | 15        |
|    iterations         | 92800     |
|    time_elapsed       | 30439     |
|    total_timesteps    | 464000    |
| train/                |           |
|    entropy_loss       | 11        |
|    explained_variance | 5.96e-08  |
|    learning_rate      | 0.0007    |
|    n_updates          | 92799     |
|    policy_loss        | -6.81e+04 |
|    reward             | 2085.917  |
|    std                | 0.00465   |
|    value_loss         | 4.46e+07  |
-------------------------------------
-------------------------------------
| time/                 |           |
|    fps                | 15        |
|    iterations         | 92900     |
|    time_elapsed       | 30472     |
|    total_timesteps    | 464500    |
| train/                |           |
|    entropy_loss       | 11        |
|    explained_variance | 5.96e-08  |
|    learning_rate      | 0.0007    |
|    n_updates          | 92899     |
|    policy_loss        | -4.52e+04 |
|    reward             | 1361.0994 |
|    std                | 0.00463   |
|    value_loss         | 1.96e+07  |
-------------------------------------
EPISODE:  466
------------------------------------
| time/                 |          |
|    fps                | 15       |
|    iterations         | 93000    |
|    time_elapsed       | 30505    |
|    total_timesteps    | 465000   |
| train/                |          |
|    entropy_loss       | 11       |
|    explained_variance | 0        |
|    learning_rate      | 0.0007   |
|    n_updates          | 92999    |
|    policy_loss        | -5.9e+04 |
|    reward             | 2085.917 |
|    std                | 0.00464  |
|    value_loss         | 4.46e+07 |
------------------------------------
-------------------------------------
| time/                 |           |
|    fps                | 15        |
|    iterations         | 93100     |
|    time_elapsed       | 30538     |
|    total_timesteps    | 465500    |
| train/                |           |
|    entropy_loss       | 11.1      |
|    explained_variance | 0         |
|    learning_rate      | 0.0007    |
|    n_updates          | 93099     |
|    policy_loss        | -4.56e+04 |
|    reward             | 1361.0994 |
|    std                | 0.00464   |
|    value_loss         | 1.96e+07  |
-------------------------------------
EPISODE:  467
-------------------------------------
| time/                 |           |
|    fps                | 15        |
|    iterations         | 93200     |
|    time_elapsed       | 30571     |
|    total_timesteps    | 466000    |
| train/                |           |
|    entropy_loss       | 11.1      |
|    explained_variance | -1.19e-07 |
|    learning_rate      | 0.0007    |
|    n_updates          | 93199     |
|    policy_loss        | -6.71e+04 |
|    reward             | 2085.917  |
|    std                | 0.00463   |
|    value_loss         | 4.46e+07  |
-------------------------------------
-------------------------------------
| time/                 |           |
|    fps                | 15        |
|    iterations         | 93300     |
|    time_elapsed       | 30604     |
|    total_timesteps    | 466500    |
| train/                |           |
|    entropy_loss       | 11.1      |
|    explained_variance | -1.19e-07 |
|    learning_rate      | 0.0007    |
|    n_updates          | 93299     |
|    policy_loss        | -4.41e+04 |
|    reward             | 1361.0994 |
|    std                | 0.00461   |
|    value_loss         | 1.96e+07  |
-------------------------------------
EPISODE:  468
-------------------------------------
| time/                 |           |
|    fps                | 15        |
|    iterations         | 93400     |
|    time_elapsed       | 30637     |
|    total_timesteps    | 467000    |
| train/                |           |
|    entropy_loss       | 11.1      |
|    explained_variance | 0         |
|    learning_rate      | 0.0007    |
|    n_updates          | 93399     |
|    policy_loss        | -6.83e+04 |
|    reward             | 2085.917  |
|    std                | 0.0046    |
|    value_loss         | 4.46e+07  |
-------------------------------------
-------------------------------------
| time/                 |           |
|    fps                | 15        |
|    iterations         | 93500     |
|    time_elapsed       | 30670     |
|    total_timesteps    | 467500    |
| train/                |           |
|    entropy_loss       | 11.1      |
|    explained_variance | 1.19e-07  |
|    learning_rate      | 0.0007    |
|    n_updates          | 93499     |
|    policy_loss        | -4.72e+04 |
|    reward             | 1361.0994 |
|    std                | 0.00457   |
|    value_loss         | 1.96e+07  |
-------------------------------------
EPISODE:  469
-------------------------------------
| time/                 |           |
|    fps                | 15        |
|    iterations         | 93600     |
|    time_elapsed       | 30703     |
|    total_timesteps    | 468000    |
| train/                |           |
|    entropy_loss       | 11.1      |
|    explained_variance | 1.19e-07  |
|    learning_rate      | 0.0007    |
|    n_updates          | 93599     |
|    policy_loss        | -6.56e+04 |
|    reward             | 2085.917  |
|    std                | 0.00457   |
|    value_loss         | 4.46e+07  |
-------------------------------------
-------------------------------------
| time/                 |           |
|    fps                | 15        |
|    iterations         | 93700     |
|    time_elapsed       | 30736     |
|    total_timesteps    | 468500    |
| train/                |           |
|    entropy_loss       | 11.1      |
|    explained_variance | 5.96e-08  |
|    learning_rate      | 0.0007    |
|    n_updates          | 93699     |
|    policy_loss        | -4.57e+04 |
|    reward             | 1361.0994 |
|    std                | 0.00453   |
|    value_loss         | 1.96e+07  |
-------------------------------------
EPISODE:  470
-------------------------------------
| time/                 |           |
|    fps                | 15        |
|    iterations         | 93800     |
|    time_elapsed       | 30769     |
|    total_timesteps    | 469000    |
| train/                |           |
|    entropy_loss       | 11.1      |
|    explained_variance | 0         |
|    learning_rate      | 0.0007    |
|    n_updates          | 93799     |
|    policy_loss        | -6.71e+04 |
|    reward             | 2085.917  |
|    std                | 0.00451   |
|    value_loss         | 4.46e+07  |
-------------------------------------
-------------------------------------
| time/                 |           |
|    fps                | 15        |
|    iterations         | 93900     |
|    time_elapsed       | 30800     |
|    total_timesteps    | 469500    |
| train/                |           |
|    entropy_loss       | 11.1      |
|    explained_variance | -2.38e-07 |
|    learning_rate      | 0.0007    |
|    n_updates          | 93899     |
|    policy_loss        | -4.36e+04 |
|    reward             | 1361.0994 |
|    std                | 0.00455   |
|    value_loss         | 1.96e+07  |
-------------------------------------
EPISODE:  471
-------------------------------------
| time/                 |           |
|    fps                | 15        |
|    iterations         | 94000     |
|    time_elapsed       | 30832     |
|    total_timesteps    | 470000    |
| train/                |           |
|    entropy_loss       | 11.1      |
|    explained_variance | 0         |
|    learning_rate      | 0.0007    |
|    n_updates          | 93999     |
|    policy_loss        | -6.94e+04 |
|    reward             | 2085.917  |
|    std                | 0.00452   |
|    value_loss         | 4.46e+07  |
-------------------------------------
-------------------------------------
| time/                 |           |
|    fps                | 15        |
|    iterations         | 94100     |
|    time_elapsed       | 30864     |
|    total_timesteps    | 470500    |
| train/                |           |
|    entropy_loss       | 11.2      |
|    explained_variance | 0         |
|    learning_rate      | 0.0007    |
|    n_updates          | 94099     |
|    policy_loss        | -4.53e+04 |
|    reward             | 1361.0994 |
|    std                | 0.0045    |
|    value_loss         | 1.96e+07  |
-------------------------------------
EPISODE:  472
-------------------------------------
| time/                 |           |
|    fps                | 15        |
|    iterations         | 94200     |
|    time_elapsed       | 30897     |
|    total_timesteps    | 471000    |
| train/                |           |
|    entropy_loss       | 11.2      |
|    explained_variance | -1.19e-07 |
|    learning_rate      | 0.0007    |
|    n_updates          | 94199     |
|    policy_loss        | -6.73e+04 |
|    reward             | 2085.917  |
|    std                | 0.00449   |
|    value_loss         | 4.46e+07  |
-------------------------------------
-------------------------------------
| time/                 |           |
|    fps                | 15        |
|    iterations         | 94300     |
|    time_elapsed       | 30929     |
|    total_timesteps    | 471500    |
| train/                |           |
|    entropy_loss       | 11.2      |
|    explained_variance | 0         |
|    learning_rate      | 0.0007    |
|    n_updates          | 94299     |
|    policy_loss        | -4.63e+04 |
|    reward             | 1361.0994 |
|    std                | 0.00446   |
|    value_loss         | 1.96e+07  |
-------------------------------------
EPISODE:  473
-------------------------------------
| time/                 |           |
|    fps                | 15        |
|    iterations         | 94400     |
|    time_elapsed       | 30962     |
|    total_timesteps    | 472000    |
| train/                |           |
|    entropy_loss       | 11.2      |
|    explained_variance | 5.96e-08  |
|    learning_rate      | 0.0007    |
|    n_updates          | 94399     |
|    policy_loss        | -7.26e+04 |
|    reward             | 2085.917  |
|    std                | 0.00448   |
|    value_loss         | 4.46e+07  |
-------------------------------------
-------------------------------------
| time/                 |           |
|    fps                | 15        |
|    iterations         | 94500     |
|    time_elapsed       | 30995     |
|    total_timesteps    | 472500    |
| train/                |           |
|    entropy_loss       | 11.2      |
|    explained_variance | 0         |
|    learning_rate      | 0.0007    |
|    n_updates          | 94499     |
|    policy_loss        | -4.75e+04 |
|    reward             | 1361.0994 |
|    std                | 0.00446   |
|    value_loss         | 1.96e+07  |
-------------------------------------
EPISODE:  474
-------------------------------------
| time/                 |           |
|    fps                | 15        |
|    iterations         | 94600     |
|    time_elapsed       | 31027     |
|    total_timesteps    | 473000    |
| train/                |           |
|    entropy_loss       | 11.2      |
|    explained_variance | 1.19e-07  |
|    learning_rate      | 0.0007    |
|    n_updates          | 94599     |
|    policy_loss        | -6.38e+04 |
|    reward             | 2085.917  |
|    std                | 0.00443   |
|    value_loss         | 4.46e+07  |
-------------------------------------
-------------------------------------
| time/                 |           |
|    fps                | 15        |
|    iterations         | 94700     |
|    time_elapsed       | 31060     |
|    total_timesteps    | 473500    |
| train/                |           |
|    entropy_loss       | 11.2      |
|    explained_variance | 0         |
|    learning_rate      | 0.0007    |
|    n_updates          | 94699     |
|    policy_loss        | -4.68e+04 |
|    reward             | 1361.0994 |
|    std                | 0.00439   |
|    value_loss         | 1.96e+07  |
-------------------------------------
EPISODE:  475
-------------------------------------
| time/                 |           |
|    fps                | 15        |
|    iterations         | 94800     |
|    time_elapsed       | 31093     |
|    total_timesteps    | 474000    |
| train/                |           |
|    entropy_loss       | 11.2      |
|    explained_variance | -1.19e-07 |
|    learning_rate      | 0.0007    |
|    n_updates          | 94799     |
|    policy_loss        | -6.7e+04  |
|    reward             | 2085.917  |
|    std                | 0.00439   |
|    value_loss         | 4.46e+07  |
-------------------------------------
-------------------------------------
| time/                 |           |
|    fps                | 15        |
|    iterations         | 94900     |
|    time_elapsed       | 31125     |
|    total_timesteps    | 474500    |
| train/                |           |
|    entropy_loss       | 11.2      |
|    explained_variance | 0         |
|    learning_rate      | 0.0007    |
|    n_updates          | 94899     |
|    policy_loss        | -4.62e+04 |
|    reward             | 1361.0994 |
|    std                | 0.00436   |
|    value_loss         | 1.96e+07  |
-------------------------------------
EPISODE:  476
-------------------------------------
| time/                 |           |
|    fps                | 15        |
|    iterations         | 95000     |
|    time_elapsed       | 31158     |
|    total_timesteps    | 475000    |
| train/                |           |
|    entropy_loss       | 11.3      |
|    explained_variance | 1.19e-07  |
|    learning_rate      | 0.0007    |
|    n_updates          | 94999     |
|    policy_loss        | -6.49e+04 |
|    reward             | 2085.917  |
|    std                | 0.00434   |
|    value_loss         | 4.46e+07  |
-------------------------------------
-------------------------------------
| time/                 |           |
|    fps                | 15        |
|    iterations         | 95100     |
|    time_elapsed       | 31190     |
|    total_timesteps    | 475500    |
| train/                |           |
|    entropy_loss       | 11.3      |
|    explained_variance | 1.19e-07  |
|    learning_rate      | 0.0007    |
|    n_updates          | 95099     |
|    policy_loss        | -4.35e+04 |
|    reward             | 1361.0994 |
|    std                | 0.00436   |
|    value_loss         | 1.96e+07  |
-------------------------------------
EPISODE:  477
-------------------------------------
| time/                 |           |
|    fps                | 15        |
|    iterations         | 95200     |
|    time_elapsed       | 31223     |
|    total_timesteps    | 476000    |
| train/                |           |
|    entropy_loss       | 11.3      |
|    explained_variance | -1.19e-07 |
|    learning_rate      | 0.0007    |
|    n_updates          | 95199     |
|    policy_loss        | -6.85e+04 |
|    reward             | 2085.917  |
|    std                | 0.00435   |
|    value_loss         | 4.46e+07  |
-------------------------------------
-------------------------------------
| time/                 |           |
|    fps                | 15        |
|    iterations         | 95300     |
|    time_elapsed       | 31256     |
|    total_timesteps    | 476500    |
| train/                |           |
|    entropy_loss       | 11.3      |
|    explained_variance | 0         |
|    learning_rate      | 0.0007    |
|    n_updates          | 95299     |
|    policy_loss        | -4.69e+04 |
|    reward             | 1361.0994 |
|    std                | 0.00437   |
|    value_loss         | 1.96e+07  |
-------------------------------------
EPISODE:  478
-------------------------------------
| time/                 |           |
|    fps                | 15        |
|    iterations         | 95400     |
|    time_elapsed       | 31288     |
|    total_timesteps    | 477000    |
| train/                |           |
|    entropy_loss       | 11.3      |
|    explained_variance | 0         |
|    learning_rate      | 0.0007    |
|    n_updates          | 95399     |
|    policy_loss        | -6.88e+04 |
|    reward             | 2085.917  |
|    std                | 0.00435   |
|    value_loss         | 4.46e+07  |
-------------------------------------
-------------------------------------
| time/                 |           |
|    fps                | 15        |
|    iterations         | 95500     |
|    time_elapsed       | 31321     |
|    total_timesteps    | 477500    |
| train/                |           |
|    entropy_loss       | 11.3      |
|    explained_variance | 1.19e-07  |
|    learning_rate      | 0.0007    |
|    n_updates          | 95499     |
|    policy_loss        | -4.65e+04 |
|    reward             | 1361.0994 |
|    std                | 0.00432   |
|    value_loss         | 1.96e+07  |
-------------------------------------
EPISODE:  479
-------------------------------------
| time/                 |           |
|    fps                | 15        |
|    iterations         | 95600     |
|    time_elapsed       | 31355     |
|    total_timesteps    | 478000    |
| train/                |           |
|    entropy_loss       | 11.3      |
|    explained_variance | 1.19e-07  |
|    learning_rate      | 0.0007    |
|    n_updates          | 95599     |
|    policy_loss        | -6.88e+04 |
|    reward             | 2085.917  |
|    std                | 0.00434   |
|    value_loss         | 4.46e+07  |
-------------------------------------
-------------------------------------
| time/                 |           |
|    fps                | 15        |
|    iterations         | 95700     |
|    time_elapsed       | 31388     |
|    total_timesteps    | 478500    |
| train/                |           |
|    entropy_loss       | 11.3      |
|    explained_variance | 0         |
|    learning_rate      | 0.0007    |
|    n_updates          | 95699     |
|    policy_loss        | -4.71e+04 |
|    reward             | 1361.0994 |
|    std                | 0.00429   |
|    value_loss         | 1.96e+07  |
-------------------------------------
EPISODE:  480
-------------------------------------
| time/                 |           |
|    fps                | 15        |
|    iterations         | 95800     |
|    time_elapsed       | 31420     |
|    total_timesteps    | 479000    |
| train/                |           |
|    entropy_loss       | 11.3      |
|    explained_variance | 1.19e-07  |
|    learning_rate      | 0.0007    |
|    n_updates          | 95799     |
|    policy_loss        | -6.31e+04 |
|    reward             | 2085.917  |
|    std                | 0.0043    |
|    value_loss         | 4.46e+07  |
-------------------------------------
-------------------------------------
| time/                 |           |
|    fps                | 15        |
|    iterations         | 95900     |
|    time_elapsed       | 31453     |
|    total_timesteps    | 479500    |
| train/                |           |
|    entropy_loss       | 11.3      |
|    explained_variance | 1.19e-07  |
|    learning_rate      | 0.0007    |
|    n_updates          | 95899     |
|    policy_loss        | -4.62e+04 |
|    reward             | 1361.0994 |
|    std                | 0.00432   |
|    value_loss         | 1.96e+07  |
-------------------------------------
EPISODE:  481
-------------------------------------
| time/                 |           |
|    fps                | 15        |
|    iterations         | 96000     |
|    time_elapsed       | 31485     |
|    total_timesteps    | 480000    |
| train/                |           |
|    entropy_loss       | 11.4      |
|    explained_variance | 0         |
|    learning_rate      | 0.0007    |
|    n_updates          | 95999     |
|    policy_loss        | -6.75e+04 |
|    reward             | 2085.917  |
|    std                | 0.0043    |
|    value_loss         | 4.46e+07  |
-------------------------------------
-------------------------------------
| time/                 |           |
|    fps                | 15        |
|    iterations         | 96100     |
|    time_elapsed       | 31518     |
|    total_timesteps    | 480500    |
| train/                |           |
|    entropy_loss       | 11.4      |
|    explained_variance | 0         |
|    learning_rate      | 0.0007    |
|    n_updates          | 96099     |
|    policy_loss        | -4.22e+04 |
|    reward             | 1361.0994 |
|    std                | 0.00428   |
|    value_loss         | 1.96e+07  |
-------------------------------------
EPISODE:  482
-------------------------------------
| time/                 |           |
|    fps                | 15        |
|    iterations         | 96200     |
|    time_elapsed       | 31551     |
|    total_timesteps    | 481000    |
| train/                |           |
|    entropy_loss       | 11.4      |
|    explained_variance | 1.19e-07  |
|    learning_rate      | 0.0007    |
|    n_updates          | 96199     |
|    policy_loss        | -7.14e+04 |
|    reward             | 2085.917  |
|    std                | 0.00428   |
|    value_loss         | 4.46e+07  |
-------------------------------------
-------------------------------------
| time/                 |           |
|    fps                | 15        |
|    iterations         | 96300     |
|    time_elapsed       | 31583     |
|    total_timesteps    | 481500    |
| train/                |           |
|    entropy_loss       | 11.4      |
|    explained_variance | -2.38e-07 |
|    learning_rate      | 0.0007    |
|    n_updates          | 96299     |
|    policy_loss        | -4.47e+04 |
|    reward             | 1361.0994 |
|    std                | 0.0043    |
|    value_loss         | 1.96e+07  |
-------------------------------------
EPISODE:  483
-------------------------------------
| time/                 |           |
|    fps                | 15        |
|    iterations         | 96400     |
|    time_elapsed       | 31616     |
|    total_timesteps    | 482000    |
| train/                |           |
|    entropy_loss       | 11.4      |
|    explained_variance | 5.96e-08  |
|    learning_rate      | 0.0007    |
|    n_updates          | 96399     |
|    policy_loss        | -7.18e+04 |
|    reward             | 2085.917  |
|    std                | 0.0043    |
|    value_loss         | 4.46e+07  |
-------------------------------------
-------------------------------------
| time/                 |           |
|    fps                | 15        |
|    iterations         | 96500     |
|    time_elapsed       | 31649     |
|    total_timesteps    | 482500    |
| train/                |           |
|    entropy_loss       | 11.4      |
|    explained_variance | -1.19e-07 |
|    learning_rate      | 0.0007    |
|    n_updates          | 96499     |
|    policy_loss        | -4.38e+04 |
|    reward             | 1361.0994 |
|    std                | 0.00427   |
|    value_loss         | 1.96e+07  |
-------------------------------------
EPISODE:  484
-------------------------------------
| time/                 |           |
|    fps                | 15        |
|    iterations         | 96600     |
|    time_elapsed       | 31681     |
|    total_timesteps    | 483000    |
| train/                |           |
|    entropy_loss       | 11.4      |
|    explained_variance | 0         |
|    learning_rate      | 0.0007    |
|    n_updates          | 96599     |
|    policy_loss        | -7.34e+04 |
|    reward             | 2085.917  |
|    std                | 0.00422   |
|    value_loss         | 4.46e+07  |
-------------------------------------
-------------------------------------
| time/                 |           |
|    fps                | 15        |
|    iterations         | 96700     |
|    time_elapsed       | 31714     |
|    total_timesteps    | 483500    |
| train/                |           |
|    entropy_loss       | 11.4      |
|    explained_variance | 2.38e-07  |
|    learning_rate      | 0.0007    |
|    n_updates          | 96699     |
|    policy_loss        | -4.74e+04 |
|    reward             | 1361.0994 |
|    std                | 0.00419   |
|    value_loss         | 1.96e+07  |
-------------------------------------
EPISODE:  485
-------------------------------------
| time/                 |           |
|    fps                | 15        |
|    iterations         | 96800     |
|    time_elapsed       | 31747     |
|    total_timesteps    | 484000    |
| train/                |           |
|    entropy_loss       | 11.5      |
|    explained_variance | 0         |
|    learning_rate      | 0.0007    |
|    n_updates          | 96799     |
|    policy_loss        | -6.82e+04 |
|    reward             | 2085.917  |
|    std                | 0.00418   |
|    value_loss         | 4.46e+07  |
-------------------------------------
-------------------------------------
| time/                 |           |
|    fps                | 15        |
|    iterations         | 96900     |
|    time_elapsed       | 31779     |
|    total_timesteps    | 484500    |
| train/                |           |
|    entropy_loss       | 11.5      |
|    explained_variance | -1.19e-07 |
|    learning_rate      | 0.0007    |
|    n_updates          | 96899     |
|    policy_loss        | -4.37e+04 |
|    reward             | 1361.0994 |
|    std                | 0.0042    |
|    value_loss         | 1.96e+07  |
-------------------------------------
EPISODE:  486
-------------------------------------
| time/                 |           |
|    fps                | 15        |
|    iterations         | 97000     |
|    time_elapsed       | 31812     |
|    total_timesteps    | 485000    |
| train/                |           |
|    entropy_loss       | 11.5      |
|    explained_variance | 0         |
|    learning_rate      | 0.0007    |
|    n_updates          | 96999     |
|    policy_loss        | -6.46e+04 |
|    reward             | 2085.917  |
|    std                | 0.00418   |
|    value_loss         | 4.46e+07  |
-------------------------------------
-------------------------------------
| time/                 |           |
|    fps                | 15        |
|    iterations         | 97100     |
|    time_elapsed       | 31844     |
|    total_timesteps    | 485500    |
| train/                |           |
|    entropy_loss       | 11.5      |
|    explained_variance | 0         |
|    learning_rate      | 0.0007    |
|    n_updates          | 97099     |
|    policy_loss        | -4.64e+04 |
|    reward             | 1361.0994 |
|    std                | 0.0042    |
|    value_loss         | 1.96e+07  |
-------------------------------------
EPISODE:  487
-------------------------------------
| time/                 |           |
|    fps                | 15        |
|    iterations         | 97200     |
|    time_elapsed       | 31877     |
|    total_timesteps    | 486000    |
| train/                |           |
|    entropy_loss       | 11.5      |
|    explained_variance | 0         |
|    learning_rate      | 0.0007    |
|    n_updates          | 97199     |
|    policy_loss        | -7.05e+04 |
|    reward             | 2085.917  |
|    std                | 0.00418   |
|    value_loss         | 4.46e+07  |
-------------------------------------
-------------------------------------
| time/                 |           |
|    fps                | 15        |
|    iterations         | 97300     |
|    time_elapsed       | 31910     |
|    total_timesteps    | 486500    |
| train/                |           |
|    entropy_loss       | 11.5      |
|    explained_variance | -1.19e-07 |
|    learning_rate      | 0.0007    |
|    n_updates          | 97299     |
|    policy_loss        | -4.56e+04 |
|    reward             | 1361.0994 |
|    std                | 0.00416   |
|    value_loss         | 1.96e+07  |
-------------------------------------
EPISODE:  488
-------------------------------------
| time/                 |           |
|    fps                | 15        |
|    iterations         | 97400     |
|    time_elapsed       | 31942     |
|    total_timesteps    | 487000    |
| train/                |           |
|    entropy_loss       | 11.5      |
|    explained_variance | 0         |
|    learning_rate      | 0.0007    |
|    n_updates          | 97399     |
|    policy_loss        | -7.27e+04 |
|    reward             | 2085.917  |
|    std                | 0.00418   |
|    value_loss         | 4.46e+07  |
-------------------------------------
-------------------------------------
| time/                 |           |
|    fps                | 15        |
|    iterations         | 97500     |
|    time_elapsed       | 31975     |
|    total_timesteps    | 487500    |
| train/                |           |
|    entropy_loss       | 11.5      |
|    explained_variance | 1.19e-07  |
|    learning_rate      | 0.0007    |
|    n_updates          | 97499     |
|    policy_loss        | -4.51e+04 |
|    reward             | 1361.0994 |
|    std                | 0.00416   |
|    value_loss         | 1.96e+07  |
-------------------------------------
EPISODE:  489
-------------------------------------
| time/                 |           |
|    fps                | 15        |
|    iterations         | 97600     |
|    time_elapsed       | 32008     |
|    total_timesteps    | 488000    |
| train/                |           |
|    entropy_loss       | 11.5      |
|    explained_variance | -1.19e-07 |
|    learning_rate      | 0.0007    |
|    n_updates          | 97599     |
|    policy_loss        | -6.79e+04 |
|    reward             | 2085.917  |
|    std                | 0.00417   |
|    value_loss         | 4.46e+07  |
-------------------------------------
-------------------------------------
| time/                 |           |
|    fps                | 15        |
|    iterations         | 97700     |
|    time_elapsed       | 32040     |
|    total_timesteps    | 488500    |
| train/                |           |
|    entropy_loss       | 11.5      |
|    explained_variance | 0         |
|    learning_rate      | 0.0007    |
|    n_updates          | 97699     |
|    policy_loss        | -4.7e+04  |
|    reward             | 1361.0994 |
|    std                | 0.00419   |
|    value_loss         | 1.96e+07  |
-------------------------------------
EPISODE:  490
-------------------------------------
| time/                 |           |
|    fps                | 15        |
|    iterations         | 97800     |
|    time_elapsed       | 32073     |
|    total_timesteps    | 489000    |
| train/                |           |
|    entropy_loss       | 11.5      |
|    explained_variance | -1.19e-07 |
|    learning_rate      | 0.0007    |
|    n_updates          | 97799     |
|    policy_loss        | -7.07e+04 |
|    reward             | 2085.917  |
|    std                | 0.00416   |
|    value_loss         | 4.46e+07  |
-------------------------------------
-------------------------------------
| time/                 |           |
|    fps                | 15        |
|    iterations         | 97900     |
|    time_elapsed       | 32106     |
|    total_timesteps    | 489500    |
| train/                |           |
|    entropy_loss       | 11.5      |
|    explained_variance | -1.19e-07 |
|    learning_rate      | 0.0007    |
|    n_updates          | 97899     |
|    policy_loss        | -4.39e+04 |
|    reward             | 1361.0994 |
|    std                | 0.00412   |
|    value_loss         | 1.96e+07  |
-------------------------------------
EPISODE:  491
-------------------------------------
| time/                 |           |
|    fps                | 15        |
|    iterations         | 98000     |
|    time_elapsed       | 32138     |
|    total_timesteps    | 490000    |
| train/                |           |
|    entropy_loss       | 11.6      |
|    explained_variance | 0         |
|    learning_rate      | 0.0007    |
|    n_updates          | 97999     |
|    policy_loss        | -6.88e+04 |
|    reward             | 2085.917  |
|    std                | 0.00409   |
|    value_loss         | 4.46e+07  |
-------------------------------------
-------------------------------------
| time/                 |           |
|    fps                | 15        |
|    iterations         | 98100     |
|    time_elapsed       | 32171     |
|    total_timesteps    | 490500    |
| train/                |           |
|    entropy_loss       | 11.6      |
|    explained_variance | 1.19e-07  |
|    learning_rate      | 0.0007    |
|    n_updates          | 98099     |
|    policy_loss        | -4.9e+04  |
|    reward             | 1361.0994 |
|    std                | 0.00409   |
|    value_loss         | 1.96e+07  |
-------------------------------------
EPISODE:  492
-------------------------------------
| time/                 |           |
|    fps                | 15        |
|    iterations         | 98200     |
|    time_elapsed       | 32204     |
|    total_timesteps    | 491000    |
| train/                |           |
|    entropy_loss       | 11.6      |
|    explained_variance | -1.19e-07 |
|    learning_rate      | 0.0007    |
|    n_updates          | 98199     |
|    policy_loss        | -7.3e+04  |
|    reward             | 2085.917  |
|    std                | 0.00411   |
|    value_loss         | 4.46e+07  |
-------------------------------------
-------------------------------------
| time/                 |           |
|    fps                | 15        |
|    iterations         | 98300     |
|    time_elapsed       | 32236     |
|    total_timesteps    | 491500    |
| train/                |           |
|    entropy_loss       | 11.6      |
|    explained_variance | 0         |
|    learning_rate      | 0.0007    |
|    n_updates          | 98299     |
|    policy_loss        | -4.9e+04  |
|    reward             | 1361.0994 |
|    std                | 0.00412   |
|    value_loss         | 1.96e+07  |
-------------------------------------
EPISODE:  493
-------------------------------------
| time/                 |           |
|    fps                | 15        |
|    iterations         | 98400     |
|    time_elapsed       | 32269     |
|    total_timesteps    | 492000    |
| train/                |           |
|    entropy_loss       | 11.6      |
|    explained_variance | 0         |
|    learning_rate      | 0.0007    |
|    n_updates          | 98399     |
|    policy_loss        | -6.59e+04 |
|    reward             | 2085.917  |
|    std                | 0.00412   |
|    value_loss         | 4.46e+07  |
-------------------------------------
-------------------------------------
| time/                 |           |
|    fps                | 15        |
|    iterations         | 98500     |
|    time_elapsed       | 32303     |
|    total_timesteps    | 492500    |
| train/                |           |
|    entropy_loss       | 11.6      |
|    explained_variance | 1.19e-07  |
|    learning_rate      | 0.0007    |
|    n_updates          | 98499     |
|    policy_loss        | -4.68e+04 |
|    reward             | 1361.0994 |
|    std                | 0.00411   |
|    value_loss         | 1.96e+07  |
-------------------------------------
EPISODE:  494
-------------------------------------
| time/                 |           |
|    fps                | 15        |
|    iterations         | 98600     |
|    time_elapsed       | 32335     |
|    total_timesteps    | 493000    |
| train/                |           |
|    entropy_loss       | 11.6      |
|    explained_variance | 0         |
|    learning_rate      | 0.0007    |
|    n_updates          | 98599     |
|    policy_loss        | -7.05e+04 |
|    reward             | 2085.917  |
|    std                | 0.0041    |
|    value_loss         | 4.46e+07  |
-------------------------------------
-------------------------------------
| time/                 |           |
|    fps                | 15        |
|    iterations         | 98700     |
|    time_elapsed       | 32368     |
|    total_timesteps    | 493500    |
| train/                |           |
|    entropy_loss       | 11.6      |
|    explained_variance | 0         |
|    learning_rate      | 0.0007    |
|    n_updates          | 98699     |
|    policy_loss        | -4.8e+04  |
|    reward             | 1361.0994 |
|    std                | 0.00407   |
|    value_loss         | 1.96e+07  |
-------------------------------------
EPISODE:  495
-------------------------------------
| time/                 |           |
|    fps                | 15        |
|    iterations         | 98800     |
|    time_elapsed       | 32400     |
|    total_timesteps    | 494000    |
| train/                |           |
|    entropy_loss       | 11.6      |
|    explained_variance | -1.19e-07 |
|    learning_rate      | 0.0007    |
|    n_updates          | 98799     |
|    policy_loss        | -6.97e+04 |
|    reward             | 2085.917  |
|    std                | 0.00407   |
|    value_loss         | 4.46e+07  |
-------------------------------------
-------------------------------------
| time/                 |           |
|    fps                | 15        |
|    iterations         | 98900     |
|    time_elapsed       | 32433     |
|    total_timesteps    | 494500    |
| train/                |           |
|    entropy_loss       | 11.6      |
|    explained_variance | 1.19e-07  |
|    learning_rate      | 0.0007    |
|    n_updates          | 98899     |
|    policy_loss        | -4.48e+04 |
|    reward             | 1361.0994 |
|    std                | 0.00408   |
|    value_loss         | 1.96e+07  |
-------------------------------------
EPISODE:  496
-------------------------------------
| time/                 |           |
|    fps                | 15        |
|    iterations         | 99000     |
|    time_elapsed       | 32466     |
|    total_timesteps    | 495000    |
| train/                |           |
|    entropy_loss       | 11.6      |
|    explained_variance | 0         |
|    learning_rate      | 0.0007    |
|    n_updates          | 98999     |
|    policy_loss        | -6.72e+04 |
|    reward             | 2085.917  |
|    std                | 0.00405   |
|    value_loss         | 4.46e+07  |
-------------------------------------
-------------------------------------
| time/                 |           |
|    fps                | 15        |
|    iterations         | 99100     |
|    time_elapsed       | 32498     |
|    total_timesteps    | 495500    |
| train/                |           |
|    entropy_loss       | 11.6      |
|    explained_variance | 0         |
|    learning_rate      | 0.0007    |
|    n_updates          | 99099     |
|    policy_loss        | -4.6e+04  |
|    reward             | 1361.0994 |
|    std                | 0.00404   |
|    value_loss         | 1.96e+07  |
-------------------------------------
EPISODE:  497
-------------------------------------
| time/                 |           |
|    fps                | 15        |
|    iterations         | 99200     |
|    time_elapsed       | 32531     |
|    total_timesteps    | 496000    |
| train/                |           |
|    entropy_loss       | 11.6      |
|    explained_variance | 1.19e-07  |
|    learning_rate      | 0.0007    |
|    n_updates          | 99199     |
|    policy_loss        | -7.18e+04 |
|    reward             | 2085.917  |
|    std                | 0.00403   |
|    value_loss         | 4.46e+07  |
-------------------------------------
-------------------------------------
| time/                 |           |
|    fps                | 15        |
|    iterations         | 99300     |
|    time_elapsed       | 32564     |
|    total_timesteps    | 496500    |
| train/                |           |
|    entropy_loss       | 11.6      |
|    explained_variance | -1.19e-07 |
|    learning_rate      | 0.0007    |
|    n_updates          | 99299     |
|    policy_loss        | -4.5e+04  |
|    reward             | 1361.0994 |
|    std                | 0.00403   |
|    value_loss         | 1.96e+07  |
-------------------------------------
EPISODE:  498
-------------------------------------
| time/                 |           |
|    fps                | 15        |
|    iterations         | 99400     |
|    time_elapsed       | 32596     |
|    total_timesteps    | 497000    |
| train/                |           |
|    entropy_loss       | 11.6      |
|    explained_variance | 5.96e-08  |
|    learning_rate      | 0.0007    |
|    n_updates          | 99399     |
|    policy_loss        | -7.52e+04 |
|    reward             | 2085.917  |
|    std                | 0.00401   |
|    value_loss         | 4.46e+07  |
-------------------------------------
-------------------------------------
| time/                 |           |
|    fps                | 15        |
|    iterations         | 99500     |
|    time_elapsed       | 32629     |
|    total_timesteps    | 497500    |
| train/                |           |
|    entropy_loss       | 11.7      |
|    explained_variance | -1.19e-07 |
|    learning_rate      | 0.0007    |
|    n_updates          | 99499     |
|    policy_loss        | -4.72e+04 |
|    reward             | 1361.0994 |
|    std                | 0.00398   |
|    value_loss         | 1.96e+07  |
-------------------------------------
EPISODE:  499
-------------------------------------
| time/                 |           |
|    fps                | 15        |
|    iterations         | 99600     |
|    time_elapsed       | 32661     |
|    total_timesteps    | 498000    |
| train/                |           |
|    entropy_loss       | 11.7      |
|    explained_variance | 1.19e-07  |
|    learning_rate      | 0.0007    |
|    n_updates          | 99599     |
|    policy_loss        | -6.86e+04 |
|    reward             | 2085.917  |
|    std                | 0.00397   |
|    value_loss         | 4.46e+07  |
-------------------------------------
-------------------------------------
| time/                 |           |
|    fps                | 15        |
|    iterations         | 99700     |
|    time_elapsed       | 32694     |
|    total_timesteps    | 498500    |
| train/                |           |
|    entropy_loss       | 11.7      |
|    explained_variance | -1.19e-07 |
|    learning_rate      | 0.0007    |
|    n_updates          | 99699     |
|    policy_loss        | -4.73e+04 |
|    reward             | 1361.0994 |
|    std                | 0.00396   |
|    value_loss         | 1.96e+07  |
-------------------------------------
EPISODE:  500
-------------------------------------
| time/                 |           |
|    fps                | 15        |
|    iterations         | 99800     |
|    time_elapsed       | 32727     |
|    total_timesteps    | 499000    |
| train/                |           |
|    entropy_loss       | 11.7      |
|    explained_variance | 1.19e-07  |
|    learning_rate      | 0.0007    |
|    n_updates          | 99799     |
|    policy_loss        | -7.29e+04 |
|    reward             | 2085.917  |
|    std                | 0.00395   |
|    value_loss         | 4.46e+07  |
-------------------------------------
-------------------------------------
| time/                 |           |
|    fps                | 15        |
|    iterations         | 99900     |
|    time_elapsed       | 32759     |
|    total_timesteps    | 499500    |
| train/                |           |
|    entropy_loss       | 11.7      |
|    explained_variance | 0         |
|    learning_rate      | 0.0007    |
|    n_updates          | 99899     |
|    policy_loss        | -4.56e+04 |
|    reward             | 1361.0994 |
|    std                | 0.00396   |
|    value_loss         | 1.96e+07  |
-------------------------------------
EPISODE:  501
-------------------------------------
| time/                 |           |
|    fps                | 15        |
|    iterations         | 100000    |
|    time_elapsed       | 32792     |
|    total_timesteps    | 500000    |
| train/                |           |
|    entropy_loss       | 11.7      |
|    explained_variance | 0         |
|    learning_rate      | 0.0007    |
|    n_updates          | 99999     |
|    policy_loss        | -7.36e+04 |
|    reward             | 2085.917  |
|    std                | 0.00393   |
|    value_loss         | 4.46e+07  |
-------------------------------------
Saved episode log to Results/4_2/a2c/upward_noise/training_logs/01.csv
