"Key","Item Type","Publication Year","Author","Title","Publication Title","ISBN","ISSN","DOI","Url","Abstract Note","Date","Date Added","Date Modified","Access Date","Pages","Num Pages","Issue","Volume","Number Of Volumes","Journal Abbreviation","Short Title","Series","Series Number","Series Text","Series Title","Publisher","Place","Language","Rights","Type","Archive","Archive Location","Library Catalog","Call Number","Extra","Notes","File Attachments","Link Attachments","Manual Tags","Automatic Tags","Editor","Series Editor","Translator","Contributor","Attorney Agent","Book Author","Cast Member","Commenter","Composer","Cosponsor","Counsel","Interviewer","Producer","Recipient","Reviewed Author","Scriptwriter","Words By","Guest","Number","Edition","Running Time","Scale","Medium","Artwork Size","Filing Date","Application Number","Assignee","Issuing Authority","Country","Meeting Name","Conference Name","Court","References","Reporter","Legal Status","Priority Numbers","Programming Language","Version","System","Code","Code Number","Section","Session","Committee","History","Legislative Body"
"5IXHRJQ5","conferencePaper","2024","Devi, P.; Desai, S.S.; Kumar, R.; Naruka, M.S.; Tripathi, V.","A Strategic Innovations for Stock Market Optimization by Using Data Science & Explainable AI in High Frequency Trading","Proc. Int. Conf. IoT Based Control Networks Intell. Syst., ICICNIS","979-833151809-7 (ISBN)","","10.1109/ICICNIS64247.2024.10823313","https://www.scopus.com/inward/record.uri?eid=2-s2.0-85217183271&doi=10.1109%2fICICNIS64247.2024.10823313&partnerID=40&md5=4b18f7131075bfe7458250cdab4c52e8","In the era of technology, financial markets especially stock market has been completely transformed through the integration of data science and explainable artificial intelligence. This paper presents a comprehensive analysis of evolution in the high frequency trading with the support of XAI and data science which made it possible to do financial transactions in extremely high speeds, often within milliseconds. But with the execution of these techniques HFT raises few concerns regarding transparency, interpretability and complexity. This study explores how data science shapes the strategies of HFT such as market making, arbitrage strategies: simple arbitrage, triangle arbitrage, statistical arbitrage etc. This study also explores how XAI and data science techniques such as machine learning, big data analytics, momentum trading and quantum computing are being employed in optimizing trading strategies to improve the decision making and liquidity in stock market. It includes regulations of high frequency trading at global level and challenge faced by financial sector in adopting these technologies. This study investigates the qualitative Scopus indexed journal papers and IEEE explores paper for the referencing the data to find out the authenticated literature review. This study will help out to market participants such as traders, investors, policymakers who aims to navigate the future of finance in India.  © 2024 IEEE.","2024","2025-02-19 08:50:28","2025-02-19 08:50:28","","1510-1515","","","","","","","","","","","Institute of Electrical and Electronics Engineers Inc.","","English","","","Scopus","","","","","","/Users/jensreil/Zotero/storage/8Q8KN9JQ/Devi et al. - 2024 - A Strategic Innovations for Stock Market Optimization by Using Data Science & Explainable AI in High.pdf","","","Interpretability; Explainable artificial intelligence (XAI); High-frequency trading; Marketplaces; Optimisations; Comprehensive analysis; Data Science; Explainable artificial Intelligence (XAI); Financial transactions; High frequency trading; High frequency trading (HFT); High Speed; Stock Market; Strategic innovations","","","","","","","","","","","","","","","","","","","","","","","","","","","","","","","Proceedings of 5th International Conference on IoT Based Control Networks and Intelligent Systems, ICICNIS 2024","","","","","","","","","","","","","","",""
"DZNRN74P","journalArticle","2024","Han, H.; Yi-Lin Forrest, J.; Wang, J.; Yuan, S.; Han, F.; Li, D.","Explainable machine learning for high frequency trading dynamics discovery","Information Sciences","","00200255 (ISSN)","10.1016/j.ins.2024.121286","https://www.scopus.com/inward/record.uri?eid=2-s2.0-85200765090&doi=10.1016%2fj.ins.2024.121286&partnerID=40&md5=d5a8a9d89ed74d7b2eb89a93eceb4ed2","High-frequency trading (HFT) plays an essential role in the financial market. However, discovering and revealing trading dynamics remains a challenge in Fintech. In this study, we propose a novel explainable machine learning approach: Feature-Interpolation-based Dimension Reduction SCAN (FIDR-SCAN) to address the challenge by creating a trading map. The trading map deciphers an HFT security's trading dynamics by marking the status of each transaction, grouping transactions in clusters, and identifying the trading markers. The proposed method presents new feature interpolation techniques to build a more informative and explainable feature space, unveiling hidden trading behaviors. It mines HFT data in their low-dimensional embedding to seek exceptional trading markers and classify the statuses of transactions. We validate the meaningfulness and effectiveness of the trading markers discovered by FIDR-SCAN in trading as well as examining its special characteristics. Additionally, we apply the proposed algorithm to cryptocurrency data and achieve reliable performance. We design AI trading algorithms by reusing trading markers identified during explainable trading dynamics discovery, applying them to HFT stock and cryptocurrency markets, besides constructing trading machines using identified trading markers. To the best of our knowledge, this study is the first to use interpretable machine learning to reveal HFT trading dynamics. © 2024 Elsevier Inc.","2024","2025-02-19 08:50:28","2025-02-19 08:50:28","","","","","684","","Inf Sci","","","","","","","","English","","","Scopus","","","","","","","","","Machine-learning; Explainable AI; Electronic trading; Machine learning; Machine learning approaches; High-frequency trading; Electronic money; Dimension reduction; Dynamic discovery; Dynamics; Feature interpolation; Interpolation; Interpolation techniques; Securities trading; Trading dynamic; Trading dynamics","","","","","","","","","","","","","","","","","","","","","","","","","","","","","","","","","","","","","","","","","","","","","",""
"4SEEEVEZ","journalArticle","2025","Al-dahasi, E.M.; Alsheikh, R.K.; Khan, F.A.; Jeon, G.","Optimizing fraud detection in financial transactions with machine learning and imbalance mitigation","Expert Systems","","02664720 (ISSN)","10.1111/exsy.13682","https://www.scopus.com/inward/record.uri?eid=2-s2.0-85199199963&doi=10.1111%2fexsy.13682&partnerID=40&md5=700c0eedb2d6f38029e0dc26bba57d44","The rapid advancement of the Internet and digital payments has transformed the landscape of financial transactions, leading to both technological progress and an alarming rise in cybercrime. This study addresses the critical issue of financial fraud detection in the era of digital payments, focusing on enhancing operational risk frameworks to mitigate the increasing threats. The objective is to improve the predictive performance of fraud detection systems using machine learning techniques. The methodology involves a comprehensive data preprocessing and model creation process, including one-hot encoding, feature selection, sampling, standardization, and tokenization. Six machine learning models are employed for fraud detection, and their hyperparameters are optimized. Evaluation metrics such as accuracy, precision, recall, and F1-score are used to assess model performance. Results reveal that XGBoost and Random Forest outperform other models, achieving a balance between false positives and false negatives. The study meets the requirements for fraud detection systems, ensuring accuracy, scalability, adaptability, and explainability. This paper provides valuable insights into the efficacy of machine learning models for financial fraud detection and emphasizes the importance of striking a balance between false positives and false negatives. © 2024 John Wiley & Sons Ltd.","2025","2025-02-19 08:50:28","2025-02-19 08:50:28","","","","2","42","","Expert Syst","","","","","","","","English","","","Scopus","","","","","","","","","Machine-learning; Machine learning models; Fraud detection; Machine learning; Fraud detection system; Random forests; Finance; machine learning; Crime; Financial fraud detections; Financial transactions; fraud detection; False positive and false negatives; financial transactions; Random Forest; Technological progress; Xgboost; XGBoost","","","","","","","","","","","","","","","","","","","","","","","","","","","","","","","","","","","","","","","","","","","","","",""
"KHWP397Y","conferencePaper","2024","Jiang, W.; Yin, P.; Zhu, W.","Cryptocurrency Transaction Fraud Detection Based on Imbalanced Classification with Interpretable Analysis","Lect. Notes Bus. Inf. Process.","18651348 (ISSN); 978-303160259-7 (ISBN)","","10.1007/978-3-031-60260-3_32","https://www.scopus.com/inward/record.uri?eid=2-s2.0-85195377190&doi=10.1007%2f978-3-031-60260-3_32&partnerID=40&md5=5053c087bd66f5750539c5144d4d0cf2","Given the significant distribution disparity between normal and fraudulent transaction data in cryptocurrency samples, as well as the complex high-dimensional nature of transaction data with non-linear relationships, this study introduces an interpretable imbalanced data classification method for detecting cryptocurrency transaction fraud. We address data imbalance using SMOTE oversampling and data augmentation through contrastive learning. Next, we introduce a Transformer-based deep learning model that learns sample relevance. The model undergoes pre-training with a contrastive loss and fine-tuning through Bayesian optimization to effectively extract high-dimensional, higher-order, and fraud-related features. We employ a SHAP-based interpreter along with attention scores to elucidate the role of various transaction features in fraud detection. Comparative results demonstrate the model's remarkable recall performance in identifying cryptocurrency transaction fraud. Furthermore, it achieves an excellent F1 value, striking a balance between accuracy and recall. Ablation experiments affirm the necessity of the proposed data balancing and pre-training-fine-tuning strategies, highlighting their effectiveness in addressing imbalanced data classification issues. This research not only enriches financial fraud detection but also enhances cryptocurrency transaction security, promotes market development, and contributes to economic stability and social security. © The Author(s), under exclusive license to Springer Nature Switzerland AG 2024.","2024","2025-02-19 08:50:28","2025-02-19 08:50:28","","386-398","","","516 LNBIP","","","","","","","","Springer Science and Business Media Deutschland GmbH","","English","","","Scopus","","","","","","","","","Deep learning; Learning systems; Fraud detection; Imbalanced data; Crime; Classification (of information); Data classification; Extremely imbalanced data classification; cryptocurrency; Electronic money; extremely imbalanced data classification; Fine tuning; fraud detection; High-dimensional; Higher-dimensional; Interpretable analyse; interpretable analysis; Pre-training; Transaction data","Tu Y.P.; Chi M.","","","","","","","","","","","","","","","","","","","","","","","","","","","","","","Lecture Notes in Business Information Processing","","","","","","","","","","","","","","",""
"HR6LXUB3","journalArticle","2024","Awosika, T.; Shukla, R.M.; Pranggono, B.","Transparency and Privacy: The Role of Explainable AI and Federated Learning in Financial Fraud Detection","IEEE Access","","21693536 (ISSN)","10.1109/ACCESS.2024.3394528","https://www.scopus.com/inward/record.uri?eid=2-s2.0-85192144145&doi=10.1109%2fACCESS.2024.3394528&partnerID=40&md5=4c716a41d912c1dfe9519e23376190e3","Fraudulent transactions and how to detect them remain a significant problem for financial institutions around the world. The need for advanced fraud detection systems to safeguard assets and maintain customer trust is paramount for financial institutions, but some factors make the development of effective and efficient fraud detection systems a challenge. One of such factors is the fact that fraudulent transactions are rare and that many transaction datasets are imbalanced; that is, there are fewer significant samples of fraudulent transactions than legitimate ones. This data imbalance can affect the performance or reliability of the fraud detection model. Moreover, due to the data privacy laws that all financial institutions are subject to follow, sharing customer data to facilitate a higher-performing centralized model is impossible. Furthermore, the fraud detection technique should be transparent so that it does not affect the user experience. Hence, this research introduces a novel approach using Federated Learning (FL) and Explainable AI (XAI) to address these challenges. FL enables financial institutions to collaboratively train a model to detect fraudulent transactions without directly sharing customer data, thereby preserving data privacy and confidentiality. Meanwhile, the integration of XAI ensures that the predictions made by the model can be understood and interpreted by human experts, adding a layer of transparency and trust to the system. Experimental results, based on realistic transaction datasets, reveal that the FL-based fraud detection system consistently demonstrates high performance metrics. This study grounds FL's potential as an effective and privacy-preserving tool in the fight against fraud.  © 2013 IEEE.","2024","2025-02-19 08:50:27","2025-02-19 08:50:27","","64551-64560","","","12","","IEEE Access","","","","","","","","English","","","Scopus","","","","","","","","","Learning systems; Machine-learning; Explainable AI; Fraud detection; Federated learning; Fraud detection system; Transparency; Financial institution; Finance; machine learning; Crime; Fraud; Fraudulent transactions; Sales; Computational modelling; explainable AI; federated learning; Privacy-preserving techniques","","","","","","","","","","","","","","","","","","","","","","","","","","","","","","","","","","","","","","","","","","","","","",""
"26IGVK2A","journalArticle","2024","Ranjith, J.; Chandar, S.K.","Enhancing Stock Market Trend Prediction Using Explainable Artificial Intelligence and Multi-source Data","Fusion: Practice and Applications","","27700070 (ISSN)","10.54216/FPA.160211","https://www.scopus.com/inward/record.uri?eid=2-s2.0-85201629045&doi=10.54216%2fFPA.160211&partnerID=40&md5=0c98cd96375a5917d38668bb4cb6923c","Determining the trend of the stock market is a complex task influenced by numerous factors like fundamental variables, company performance, investor behavior, sentiments expressed in social media, etc. Although machine learning models support predicting stock market trends using historical or social media data, reliance on a single data source poses a serious challenge. This study introduces a novel Explainable artificial intelligence (XAI) to address a binary classification problem wherein the objective is to predict the trend of the stock market, utilizing an integration of multiple data sources. The dataset includes trading data, news and Twitter sentiment, and technical indicators. Sentiment analysis and the Natural Language Toolkit are utilized to extract the qualitative information from social media data. Technical indicators, or quantitative characteristics, are therefore generated from trade data. The technical indicators are fused with the stock sentiment features to predict the future stock market trend. Finally, a machine learning model is employed for upward or downward stock trend predictions. The proposed model in this study incorporates XAI to interpret the results. The presented model is evaluated using five bank stocks, and the results are promising, outperforming other models by reporting a mean accuracy of 90.14%. Additionally, the proposed model is explainable, exposing the rationale behind the classifier and furnishing a complete set of interpretations for the attained outcomes. © 2024, American Scientific Publishing Group (ASPG). All rights reserved.","2024","2025-02-19 08:50:27","2025-02-19 08:50:27","","178-189","","2","16","","Fusion. Pract. Appl.","","","","","","","","English","","","Scopus","","","","","","","","","Stock market prediction; Machine learning; Explainable artificial intelligence; Sentiment analysis; Multi-source data; Technical indicators","","","","","","","","","","","","","","","","","","","","","","","","","","","","","","","","","","","","","","","","","","","","","",""
"B2ME7NCL","journalArticle","2025","Habbab, F.Z.; Kampouridis, M.; Papastylianou, T.","Improving Real Estate Investment Trusts (REITs) time-series prediction accuracy using machine learning and technical analysis indicators","Artificial Intelligence Review","","02692821 (ISSN)","10.1007/s10462-024-11037-1","https://www.scopus.com/inward/record.uri?eid=2-s2.0-85214198950&doi=10.1007%2fs10462-024-11037-1&partnerID=40&md5=6a647806aa461dc2f71bd9eac209f22b","The primary goal of investors who include Real Estate Investment Trusts (REITs) in their portfolios is to achieve better returns while reducing the overall risk of their investments. REITs are entities responsible for owning and managing real estate properties. To achieve greater returns while reducing risk, it is essential to accurately predict future REIT prices. This study explores the predictive capability of five different machine learning algorithms used to predict REIT prices. These algorithms include Ordinary Least Squares Linear Regression, Support Vector Regression, k-Nearest Neighbours Regression, Extreme Gradient Boosting, and Long/Short-Term Memory Neural Networks. Additionally, historical REIT prices are supplemented with Technical Analysis indicators (TAIs) to aid in price predictions. While TA indicators are commonly used in stock market forecasting, their application in the context of REITs has remained relatively unexplored. The study applied these algorithms to predict future prices for 30 REITs from the United States, United Kingdom, and Australia, along with 30 stocks and 30 bonds. After obtaining our price predictions, we employ a Genetic Algorithm (GA) to optimise weights of a diversified portfolio. Our results reveal several key findings: (i) all machine learning algorithms demonstrated low average and standard deviation values in the error rate distributions, outperforming commonly used statistical benchmarks such as Holt’s Linear Trend Method (HLTM), Trigonometric Box-Cox Autoregressive Time Series (TBATS), and Autoregressive Integrated Moving Average (ARIMA); (ii) incorporating Technical Analysis indicators in the ML algorithms resulted in a significant reduction in prediction errors, up to 60% in some cases; and (iii) a multi-asset portfolio constructed using predictions that incorporated Technical Analysis indicators outperformed a portfolio based solely on predictions derived from past prices. Furthermore, this study employed Shapley Value-based techniques, specifically SHAP and SAGE, to analyse the importance of the features used in the analysis. These techniques provided additional evidence of the value added by Technical Analysis indicators in this context. © The Author(s) 2024.","2025","2025-02-19 08:50:27","2025-02-19 08:50:27","","","","3","58","","Artif Intell Rev","","","","","","","","English","","","Scopus","","","","","","","","","Financial time series; Machine-learning; Long short-term memory; Adversarial machine learning; Financial markets; Time series; Machine learning; Technical analysis; Prediction accuracy; Price prediction; Machine learning algorithms; Time series analysis; Support vector regression; Financial time-series; Predictive capabilities; Real estate investment trusts; Real estate properties; REITs; Time series prediction","","","","","","","","","","","","","","","","","","","","","","","","","","","","","","","","","","","","","","","","","","","","","",""
"WAANFQP3","journalArticle","2023","Behera, R.K.; Bala, P.K.; Rana, N.P.","Creation of sustainable growth with explainable artificial intelligence: An empirical insight from consumer packaged goods retailers","Journal of Cleaner Production","","09596526 (ISSN)","10.1016/j.jclepro.2023.136605","https://www.scopus.com/inward/record.uri?eid=2-s2.0-85149433439&doi=10.1016%2fj.jclepro.2023.136605&partnerID=40&md5=7f51990f48f2a3e4748677a13692a970","Consumer packaged goods retailers can pivot quickly to find new areas of sustainable growth and enable their businesses to compete effectively. Traditionally, they are losing ground to more agile and technologically focused competitors who quickly adapt their operations to shifting market conditions. As a result, such retailers must alter their core technologies. Explainable artificial intelligence is a set of procedures and strategies that allow machine learning algorithms and artificial intelligence models’ results and output to understand and trust. In the era of sustainable digitalisation, there is lack of research on the creation of sustainable growth with explainable artificial intelligence. Therefore, this study is undertaken to uncover how consumer packaged goods retailers can create sustainable growth with explainable artificial intelligence by proposing a unique conceptual model. The source data were collected from 310 individuals from consumer packaged goods retailers and the analysis was performed with quantitative research methodology. The findings suggest that explainable artificial intelligence has the potential to be a formidable weapon in the fight for sustainable growth. With the employment of automated machines, the best decisions for sustainable competitive advantage can be made. In addition, explainable artificial intelligence-powered automated wealth management services and algorithmic trading help to make better financial decisions. The theoretical implications argue the explainability of artificial intelligence systems to offer insights for making impactful decisions. The managerial implications highlight the benefits of the adoption of explainable artificial intelligence for sustainable growth, such as increase in trust, complying with legal regulations and providing data-driven actionable analytical insights. Sustainable growth set more responsibility towards customers for profitable future. © 2023 Elsevier Ltd","2023","2025-02-19 08:50:27","2025-02-19 08:50:27","","","","","399","","J. Clean. Prod.","","","","","","","","English","","","Scopus","","","","","","","","","Commerce; Machine learning; Learning algorithms; Explainable artificial intelligence; Machine learning algorithms; Business value; Competition; Competitive strategy; Consumer packaged goods; Core technology; Information system business value; Information systems business value; Laws and legislation; Market condition; Sales; Sustainable competitive advantage; Sustainable competitive advantages; Sustainable development; Sustainable growth","","","","","","","","","","","","","","","","","","","","","","","","","","","","","","","","","","","","","","","","","","","","","",""
"XQWZ97XI","conferencePaper","2024","Mohite, R.; Ouarbya, L.","Interpretable Anomaly Detection: A Hybrid Approach Using Rule-Based and Machine Learning Techniques","IEEE Int. Conf. Converg. Technol., I2CT","979-835039447-4 (ISBN)","","10.1109/I2CT61223.2024.10543396","https://www.scopus.com/inward/record.uri?eid=2-s2.0-85196782135&doi=10.1109%2fI2CT61223.2024.10543396&partnerID=40&md5=f671e27eb4d475d2a8ef6c4977d5a31f","Anomaly detection is a critical aspect of ensuring the security and reliability of various systems in diverse domains, including cybersecurity, finance, and industrial processes. Traditional black-box anomaly detection methods often lack interpretability, making it challenging for users to understand the reasoning behind the detection of anomalies. In this research, we propose a novel hybrid approach that combines rule-based and machine learning techniques to enhance the interpretability of anomaly detection systems. Our method integrates a rule-based system that generates interpretable anomaly detection rules with machine learning components that leverage complex pattern recognition and classification capabilities. We evaluate the proposed approach on a diverse set of real-world datasets, demonstrating its effectiveness in identifying anomalies while providing transparent explanations of the detection process. Through comprehensive experimentation and comparative analysis with existing state-of-the-art methods, we showcase the superior interpretability and performance of our hybrid approach. Our findings highlight the significance of interpretability in anomaly detection systems and underscore the potential of the proposed approach for enhancing transparency and trust in critical decision-making processes. This research contributes to the advancement of interpretable anomaly detection techniques and opens avenues for future research in the domain of transparent and reliable anomaly detection systems. © 2024 IEEE.","2024","2025-02-19 08:50:26","2025-02-19 08:50:26","","","","","","","","","","","","","Institute of Electrical and Electronics Engineers Inc.","","English","","","Scopus","","","","","","","","","Interpretability; Learning systems; Machine-learning; Explainable AI; Rules based systems; Machine learning; Anomaly detection; Decision making; Learning algorithms; Transparency; Financial fraud detections; Financial fraud detection; Classification; Cyber security; Cybersecurity; Data analysis; Hybrid approach; Industrial processes; Industrial processs; Machine components; Outlier analysis; Pattern recognition; Rule-based systems; Trustworthy AI","","","","","","","","","","","","","","","","","","","","","","","","","","","","","","","2024 IEEE 9th International Conference for Convergence in Technology, I2CT 2024","","","","","","","","","","","","","","",""
"83N7QGJI","conferencePaper","2024","Rathi, C.; Singh, D.; Bhatnagar, A.; Ratna, S.; Ojha, M.K.","Time Series Forecasting for Stock Price Movement: Leveraging NLP for Stock Market Prediction","Lect. Notes Networks Syst.","23673370 (ISSN); 978-981977359-6 (ISBN)","","10.1007/978-981-97-7360-2_13","https://www.scopus.com/inward/record.uri?eid=2-s2.0-85216090752&doi=10.1007%2f978-981-97-7360-2_13&partnerID=40&md5=e1a45bb0d09de815ad64900745000e4d","This paper delves into the critical realm of stock market prediction, exploring the innovative role of Natural Language Processing (NLP). Traditionally, stock market forecasting has faced challenges due to reliance on historical data and economic indicators, often resulting in limited accuracy. NLP, however, offers a transformative approach by analysing vast volumes of textual data from sources like news articles, social media, and financial reports. Through sentiment analysis, trend identification, and company health assessment, NLP uncovers valuable insights that influence stock prices. The paper reviews existing research methodologies, integrating NLP with machine learning and deep learning models to predict market trends and sentiments. It highlights NLP's strengths in analysing unstructured data, uncovering hidden relationships, and providing real-time insights. Despite its advantages, NLP faces limitations such as biases in training data and challenges in interpreting nuanced language. The paper concludes by proposing future directions like explainable AI and incorporating alternative data sources, emphasizing NLP's potential to revolutionize stock market prediction while acknowledging the need for integrated approaches in financial analysis. © The Author(s), under exclusive license to Springer Nature Singapore Pte Ltd. 2024.","2024","2025-02-19 08:50:26","2025-02-19 08:50:26","","147-158","","","1127 LNNS","","","","","","","","Springer Science and Business Media Deutschland GmbH","","English","","","Scopus","","","","","","","","","Risk management; Deep learning; Machine-learning; Adversarial machine learning; Stock market prediction; Machine learning; Prediction models; Market trends; Risks management; Marketplaces; Sentiment analysis; Natural language processing; Predictive models; Alternative data source; Alternative data sources; Consumer behavior; Customer review; Customer reviews; Data driven; Data-driven insight; Data-driven insights; Data-source; Explainable AI (XAI); Financial analysis; Financial indicator; Financial indicators; Investment strategies; Investment strategy; Language processing; Market sentiment; Multi-modal learning; Multimodal learning; Natural Language Processing (NLP); Natural languages; Prediction systems; Predictive modeling; Real-time prediction; Real-time prediction system; Real-time prediction systems; Text classification","Tiwari S.; Trivedi M.C.; Kolhe M.L.; Singh B.K.","","","","","","","","","","","","","","","","","","","","","","","","","","","","","","Lecture Notes in Networks and Systems","","","","","","","","","","","","","","",""
"ZU4NV4T6","journalArticle","2022","Cheng, D.; Yang, F.; Xiang, S.; Liu, J.","Financial time series forecasting with multi-modality graph neural network","Pattern Recognition","","00313203 (ISSN)","10.1016/j.patcog.2021.108218","https://www.scopus.com/inward/record.uri?eid=2-s2.0-85112022477&doi=10.1016%2fj.patcog.2021.108218&partnerID=40&md5=1ece9d9d7796d076f08dfd3910ae76bc","Financial time series analysis plays a central role in hedging market risks and optimizing investment decisions. This is a challenging task as the problems are always accompanied by multi-modality streams and lead-lag effects. For example, the price movements of stock are reflections of complicated market states in different diffusion speeds, including historical price series, media news, associated events, etc. Furthermore, the financial industry requires forecasting models to be interpretable and compliant. Therefore, in this paper, we propose a multi-modality graph neural network (MAGNN) to learn from these multimodal inputs for financial time series prediction. The heterogeneous graph network is constructed by the sources as nodes and relations in our financial knowledge graph as edges. To ensure the model interpretability, we leverage a two-phase attention mechanism for joint optimization, allowing end-users to investigate the importance of inner-modality and inter-modality sources. Extensive experiments on real-world datasets demonstrate the superior performance of MAGNN in financial market prediction. Our method provides investors with a profitable as well as interpretable option and enables them to make informed investment decisions. © 2021 Elsevier Ltd","2022","2025-02-19 08:50:25","2025-02-19 08:50:25","","","","","121","","Pattern Recogn.","","","","","","","","English","","","Scopus","","","","","","/Users/jensreil/Zotero/storage/RAEZPVZQ/Cheng et al. - 2022 - Financial time series forecasting with multi-modality graph neural network.pdf","","","Financial time series; Deep learning; Risk assessment; Forecasting; Commerce; Investments; Deep neural networks; Investment decisions; Knowledge management; Financial time series forecasting; Time series analysis; Time-series analysis; Graph attention; Graph neural network; Graph neural networks; Market risks; Multi-modality; Quantitative investment","","","","","","","","","","","","","","","","","","","","","","","","","","","","","","","","","","","","","","","","","","","","","",""
"F3Z7LYEK","conferencePaper","2023","Tang, X.; Zhang, M.; Khan, A.R.; Yang, S.Y.; Xu, J.","Unveiling Equity: Exploring Feature Dependency using Complex-Valued Neural Networks and Attention Mechanism for Fair Data Analysis","IEEE Int. Conf. Cloud Netw., CloudNet","979-835031306-2 (ISBN)","","10.1109/CloudNet59005.2023.10490081","https://www.scopus.com/inward/record.uri?eid=2-s2.0-85191262377&doi=10.1109%2fCloudNet59005.2023.10490081&partnerID=40&md5=6437884b7fea46552365b741c19c4f39","With the increasing use of big data, cloud computing, and machine learning in high-stake domains such as justice systems, financial institutions, and healthcare, concerns about fairness have become more prominent. This paper presents a novel approach to foster fair decision-making by tackling social bias and enhancing transparency in machine learning models. The proposed framework leverages quantum-inspired complex-valued neural networks and attention-based networks, offering improved transparency in modeling the decision process for interpreting feature importance and dependency. Furthermore, our approach tackles the challenges posed by imbalanced data through the incorporation of focal loss and oversampling techniques, resulting in reduced prediction errors. Through extensive experiments conducted on real-life datasets encompassing criminal charge prediction, financial fraud detection, and credit card default payment prediction, our approach consistently demonstrates reliable prediction precision and recall. Notably, our analysis of feature significance highlights the statistical importance of task-related features such as historical records of bank transactions or criminal charge history, while socially biased identifiers like race, gender, and age exhibit minimal significance. By excluding these biased features, our approach enhances fairness without compromising prediction accuracy, thereby contributing to the advancement of fair decision-making in big data and cloud computing across various high-stake domains. © 2023 IEEE.","2023","2025-02-19 08:50:25","2025-02-19 08:50:25","","256-264","","","","","","","","","","","Institute of Electrical and Electronics Engineers Inc.","","English","","","Scopus","","","","","","","","","Interpretability; Machine-learning; Forecasting; Model interpretability; Model Interpretability; Machine learning; Decision making; Decisions makings; Transparency; Crime; Attention mechanisms; Big data; Cloud computing; Cloud-computing; Complex networks; Complex-valued neural networks; Criminal charges; Data Analysis; Data handling; Fair machine learning in cloud computing; Fair Machine Learning in Cloud Computing; Information analysis; Network mechanism","","","","","","","","","","","","","","","","","","","","","","","","","","","","","","","2023 IEEE 12th International Conference on Cloud Networking, CloudNet 2023","","","","","","","","","","","","","","",""
"HUWLPW9D","journalArticle","2023","Zhou, Y.; Li, H.; Xiao, Z.; Qiu, J.","A user-centered explainable artificial intelligence approach for financial fraud detection","Finance Research Letters","","15446123 (ISSN)","10.1016/j.frl.2023.104309","https://www.scopus.com/inward/record.uri?eid=2-s2.0-85167801032&doi=10.1016%2fj.frl.2023.104309&partnerID=40&md5=9905a5ca15ab871559a52f20074b4bfa","This paper aims to produce user-centered explanations for financial fraud detection models based on Explainable artificial intelligence (XAI) methods. By combining an ensemble predictive model with an explainable framework based on Shapley values, we develop a financial fraud detection approach that is accurate and explainable at the same time. Our results show that the explainable framework can meet the requirements of different external stakeholders by producing local and global explanations. Local explanations can help understand why a specific prediction is identified as fraud, and global explanations reveal the overall logic of the whole ensemble model. © 2023 Elsevier Inc.","2023","2025-02-19 08:50:25","2025-02-19 08:50:25","","","","","58","","Finan. Res. Lett.","","","","","","","","English","","","Scopus","","","","","","","","","SHAP; Explainable artificial intelligence; Financial fraud detection","","","","","","","","","","","","","","","","","","","","","","","","","","","","","","","","","","","","","","","","","","","","","",""
"89TAVT4R","conferencePaper","2024","Gupta, A.; Kapil, D.; Jain, A.; Negi, H.S.","Using Neural Network for Financial Forecasting","Int. Conf. Emerg. Technol., INCET","979-835036115-5 (ISBN)","","10.1109/INCET61516.2024.10593292","https://www.scopus.com/inward/record.uri?eid=2-s2.0-85200987012&doi=10.1109%2fINCET61516.2024.10593292&partnerID=40&md5=2ae9e8c95bc4e6c408e94b15b2cb17d5","The domain of financial forecasting has witnessed a paradigm shift with the advent of neural network models. To understand the source of wealth or their whereabouts at a particular time, financial study and its prediction has become a major method that cannot be ignored in national economic development. The paper presents a comprehensive analysis of the applications of neural network approaches in financial forecasting. It scrutinizes the effectiveness of the models in capturing the complex patterns and dependencies which is inherited in financial data, which enables accurate prediction of market trends, stock prices, exchange rates, and other critical financial parameters. Furthermore, the paper studies various methodologies and techniques employed for data preprocessing, feature engineering, and model optimization specifically tailored for financial forecasting tasks It investigates the challenges and limitations encountered in utilizing neural networks for financial predictions, addressing issues related to model interpretability, overfitting, and data quality. We have used LSTM, RNN, which is a suitable model for time series data and CNN which can be used to extract features from time series data and have obtained the results. © 2024 IEEE.","2024","2025-02-19 08:50:25","2025-02-19 08:50:25","","","","","","","","","","","","","Institute of Electrical and Electronics Engineers Inc.","","English","","","Scopus","","","","","","/Users/jensreil/Zotero/storage/M68CIRM7/Gupta et al. - 2024 - Using Neural Network for Financial Forecasting.pdf","","","Deep learning; Forecasting; Long short-term memory; Neural network model; Commerce; Financial markets; Stock market prediction; Electronic trading; Time series; deep learning; LSTM; Neural-networks; Time-series data; Financial forecasting; CNN; RNN; Economic development; Neural network models; neural networks; Paradigm shifts; stock market predictions","","","","","","","","","","","","","","","","","","","","","","","","","","","","","","","2024 5th International Conference for Emerging Technology, INCET 2024","","","","","","","","","","","","","","",""
"LBHBPZ7S","journalArticle","2025","Mar Oo, Z.; Lin, C.-Y.; Kakinaka, M.","Deciphering Long-Term Economic Growth: An Exploration With Leading Machine Learning Techniques","Journal of Forecasting","","02776693 (ISSN)","10.1002/for.3254","https://www.scopus.com/inward/record.uri?eid=2-s2.0-85215094481&doi=10.1002%2ffor.3254&partnerID=40&md5=33a67e1e182cfc8975bdcd2e94cd08c5","Existing studies mainly focus on short-term economic forecasts, but research on long-term projections, particularly for periods spanning 6–10 years, remains insufficient, despite its importance. This gap may arise from the limitations of traditional linear methods in prediction tasks and pattern recognition, whereas machine learning techniques may help overcome these challenges. To address this, we employ five widely used machine learning models—artificial neural networks (ANN), random forest regression (RF), gradient boosting regression (GBR), extreme gradient boosting (XGBoost), and support vector regression (SVR)—using cross-country data from 109 countries between 1961 and 2019. To ensure robustness, we employ two distinct sampling methods for model validation. Our findings reveal that the ANN model outperforms others, particularly in long-term predictions (6–10 years), with an average out-of-sample prediction (Formula presented.) -squared of 0.89. Furthermore, analyses using permutation feature importance (PFI) and SHapley Additive exPlanations (SHAP) methods indicate that while current growth rates are critical for short-term forecasts (1–3 years), two primary variables representing a country's foundational characteristics—real GDP per capita and “country-feature,” akin to a country dummy variable—are crucial for long-term predictions (4–10 years). This outcome demonstrates the ANN model's capacity to capture each country's unique characteristics and, through its highly non-linear nature, successfully execute complex, long-range forecasts. These results unveil the remarkable potential of machine learning in the realm of long-term economic forecasting. © 2025 John Wiley & Sons Ltd.","2025","2025-02-19 08:50:24","2025-02-19 08:50:24","","","","","","","J Forecast","","","","","","","","English","","","Scopus","","","","","","","","","Machine-learning; Adversarial machine learning; Contrastive Learning; Machine learning techniques; Prediction models; machine learning; Artificial neural network modeling; economic growth; Economic growths; feature importance; Feature importance; Gradient boosting; long-term forecasting; Long-term forecasting; Long-term prediction; model selection; Model Selection; predictive performance; Predictive performance; Support vector regression","","","","","","","","","","","","","","","","","","","","","","","","","","","","","","","","","","","","","","","","","","","","","",""
"KW3WFNTD","conferencePaper","2024","Yadav, S.; Singh, A.; Singh, S.; Singh, S.K.; Singh, V.P.; Balakumar, A.","Analysing Mutual Fund Performance: A Hybrid Approach Using LSTM with explainable AI Techniques","Int. Conf. Comput. Commun. Netw. Technol., ICCCNT","979-835037024-9 (ISBN)","","10.1109/ICCCNT61001.2024.10726078","https://www.scopus.com/inward/record.uri?eid=2-s2.0-85212690369&doi=10.1109%2fICCCNT61001.2024.10726078&partnerID=40&md5=5d5f39d5fecca8a4bc80eeb4da0bf159","Mutual fund performance analysis holds paramount importance for investors aiming to optimize their investment strategies. Conventional methods often falter in capturing intricate temporal dependencies ingrained within financial data, resulting in less than optimal predictions. Prevailing methods typically hinge on simplistic models or lack interpretability, constraining their efficacy in grasping the nuanced patterns prevalent in financial time series data. A pioneering hybrid approach integrating Long Short-Term Memory (LSTM) networks with explainable AI techniques is introduced to enrich mutual fund performance analysis. The proposed approach surmounts this impediment by harnessing the sequential learning process of LSTM networks while furnishing insights into the model's process of determining decisions through explainable AI techniques. The initial step involves pre-processing historical mutual fund data and extracting pertinent features. Subsequently, an LSTM network is trained to discern the temporal dynamics of the data and forecast future fund performance. Augmenting interpretability, explainable AI techniques like feature importance analysis and partial dependence plots are employed to elucidate the determinants steering the model's predictions. Empirical findings on real-world mutual fund datasets underscore the efficacy of the proposed approach. The hybrid LSTM model, with an MSE value of 0.0023, surpasses traditional methods and offers valuable insights into mutual fund performance, empowering investors and analysts with actionable insights. ©2024 IEEE.","2024","2025-02-19 08:50:24","2025-02-19 08:50:24","","","","","","","","","","","","","Institute of Electrical and Electronics Engineers Inc.","","English","","","Scopus","","","","","","","","","Financial time series; Financial data processing; Investments; Time series; Short term memory; Decentralized finance; AI techniques; Explainable AI technique; Explainable AI Techniques; Financial time series data; Financial Time Series Data; Long short-term memory network; LSTM Networks; Memory network; Mutual Fund Performance Analysis; Mutual fund performance analyze; Mutual funds; Performances analysis; Predictive accuracy; Predictive Accuracy; Time-series data","","","","","","","","","","","","","","","","","","","","","","","","","","","","","","","2024 15th International Conference on Computing Communication and Networking Technologies, ICCCNT 2024","","","","","","","","","","","","","","",""
"BRCAE8JG","bookSection","2022","Monken, A.; Ampeh, W.; Haberkorn, F.; Krishnaswamy, U.; Batarseh, F.A.","Assuring AI methods for economic policymaking","AI Assurance: Towards Trustworthy, Explainable, Safe, and Ethical AI","978-032391919-7 (ISBN); 978-032391882-4 (ISBN)","","","https://www.scopus.com/inward/record.uri?eid=2-s2.0-85159425678&doi=10.1016%2fB978-0-32-391919-7.00025-1&partnerID=40&md5=fe85358ebd5316cb0e5c9ecc1bddcfd0","AI methods are becoming more common in the field of economics, but these models must be bias-free, fair, and explainable. In other words, we need AI assurance. Economic forecasting has benefited from machine learning techniques, such as neural networks, to increase model performance, but these AI techniques must be audited, accountable, and interpretable to be useful for economic policymaking. The rise of natural language processing and large language models has created new challenges for economic policymaking institutions, which need to be aware of AI assurance and how to harness them safely. © 2023 Elsevier Inc. All rights reserved.","2022","2025-02-19 08:50:24","2025-02-19 08:50:24","","371-427","","","","","","","","","","","Elsevier","","English","","","Scopus","","","","DOI: 10.1016/B978-0-32-391919-7.00025-1","","","","","natural language processing; AI assurance; AI explainability; detecting bias; large language models","","","","","","","","","","","","","","","","","","","","","","","","","","","","","","","","","","","","","","","","","","","","","",""
"CYX5ZL2V","journalArticle","2024","Li, J.; Chen, W.; Liu, Y.; Yang, J.; Zeng, D.; Zhou, Z.","Neural Ordinary Differential Equation Networks for Fintech Applications Using Internet of Things","IEEE Internet of Things Journal","","23274662 (ISSN)","10.1109/JIOT.2024.3376748","https://www.scopus.com/inward/record.uri?eid=2-s2.0-85188416056&doi=10.1109%2fJIOT.2024.3376748&partnerID=40&md5=5e3b96adee8626c4355e455de7a2825f","The Internet of Things (IoT) technology is becoming increasingly pivotal in the financial services sector, with a growing number of algorithms being employed in high-frequency trading. High-frequency prediction in financial time series prediction presents a promising avenue of research. From convolutional neural networks to recurrent neural networks, deep learning have demonstrated exceptional capabilities in capturing the nonlinear characteristics of stock markets, thereby achieving high performance in stock index prediction. In this article, we employ ODE-LSTM model for high-frequency price forecasting, predicting stock price data across various time scales, including 1-, 5-, and 30-min frequencies. This approach introduces a novel concept, wherein the long short-term memory (LSTM) model is integrated with Neural ordinary differential equations (ODEs) to manage the hidden state and augment model interpretability. Over the course of 7 months, we achieved a 41.79% excess return on a simulated trading platform, with a daily average excess return of 0.30%, showcasing the commendable performance of our model and strategy.  © 2014 IEEE.","2024","2025-02-19 08:50:24","2025-02-19 08:50:24","","21763-21772","","12","11","","IEEE Internet Things J.","","","","","","","","English","","","Scopus","","","","","","","","","Deep learning; Forecasting; Internet of things; Long short-term memory; Commerce; Financial markets; Electronic trading; Stock predictions; stock prediction; Performance; Neural-networks; High-frequency trading; Brain; High frequency HF; High-frequency trading (HFT); Internet of Things (IoT); long short-term memory (LSTM); Memory modeling; Neural ordinary differential equation; neural ordinary differential equation (ODE); Ordinary differential equations; Predictive models; Time series analysis; Time-series analysis","","","","","","","","","","","","","","","","","","","","","","","","","","","","","","","","","","","","","","","","","","","","","",""
"QQAUE7X8","conferencePaper","2022","Carta, S.; Podda, A.S.; Reforgiato Recupero, D.; Stanciu, M.M.","Explainable AI for Financial Forecasting","Lect. Notes Comput. Sci.","03029743 (ISSN); 978-303095469-7 (ISBN)","","10.1007/978-3-030-95470-3_5","https://www.scopus.com/inward/record.uri?eid=2-s2.0-85125500751&doi=10.1007%2f978-3-030-95470-3_5&partnerID=40&md5=1d522e3d0bf19147a52efaabc302f6c6","One of the most important steps when employing machine learning approaches is the feature engineering process. It plays a key role in the identification of features that can effectively help modeling the given classification or regression task. This process is usually not trivial and it might lead to the development of handcrafted features. Within the financial domain, this step is even more complex given the general low correlation between features extracted from financial data and their associated labels. This represents indeed a challenging task that it is possible to explore today through the explainable artificial intelligence approaches that have recently appeared in the literature. This paper examines the potential of machine learning automatic feature selection process to support decisions in financial forecasting. Using explainable artificial intelligence methods, we develop different feature selection strategies in an applied financial setting where we want to predict the next-day returns for a set of input stocks. We propose to identify the relevant features for each stock individually; in this way, we take into account the heterogeneous stocks’ behavior. We demonstrate that our approach can separate important features from unimportant ones and bring prediction performance improvements as shown by our performed comparisons between our proposed strategies and several state-of-the-art baselines on real-world financial time series. © 2022, Springer Nature Switzerland AG.","2022","2025-02-19 08:50:23","2025-02-19 08:50:23","","51-69","","","13164 LNCS","","","","","","","","Springer Science and Business Media Deutschland GmbH","","English","","","Scopus","","","","","","/Users/jensreil/Zotero/storage/QULYGLY2/Carta et al. - 2022 - Explainable AI for Financial Forecasting.pdf","","","Feature extraction; Financial data processing; Forecasting; XAI; Time series; Times series; Machine learning; Machine learning approaches; Finance; Financial forecasting; Correlation between features; Engineering process; Feature engineerings; Financial domains; HELP model; Lower correlation; Time-series","Nicosia G.; Ojha V.; La Malfa E.; La Malfa G.; Jansen G.; Pardalos P.M.; Giuffrida G.; Umeton R.","","","","","","","","","","","","","","","","","","","","","","","","","","","","","","Lecture Notes in Computer Science (including subseries Lecture Notes in Artificial Intelligence and Lecture Notes in Bioinformatics)","","","","","","","","","","","","","","",""
"YWPEJ7W3","journalArticle","2025","","33rd International Conference on Software and Data Engineering, SEDE 2024","Communications in Computer and Information Science","","18650929 (ISSN); 978-303175200-1 (ISBN)","","https://www.scopus.com/inward/record.uri?eid=2-s2.0-85207838337&partnerID=40&md5=53e3af3b37346b63cc6ef216daa8f852","The proceedings contain 14 papers. The special focus in this conference is on Software and Data Engineering. The topics include: Embracing Residuality Theory in Software Architecture to Address Uncertainty: Key Challenges and Strategies; zoned Role-Based Approach to System Design, Implementation, and Access Control of Integrated Web Applications; enhancing IoT Network Defense: A Comparative Study of Machine Learning Algorithms for Attack Classification; a Survey and Insights on Modern Game Development Processes for Software Engineering Education; evaluating the Impact of Combinatorial Interaction Testing on Test Automation: A Case Study from Industry; JSMBox—A Runtime Monitoring Framework for Analyzing and Classifying Malicious JavaScript; securing Wireless Sensor Network from Rank Attack Using Fast Sensor Data Encryption and Decryption Protocol; Enhancing Transparency and Privacy in Financial Fraud Detection: The Integration of Explainable AI and Federated Learning; Enhancing Generative AI Chatbot Accuracy Using Knowledge Graph; ReVisE: Emulated Visual Outfit Generation from User Reviews Using Generative-AI; A Case Study on AI to Automate Simulation Modelling; racial Disparity in Breast Cancer Prognosis.","2025","2025-02-19 08:50:23","2025-02-19 08:50:23","","","","","2244 CCIS","","Commun. Comput. Info. Sci.","","","","","","","","English","","","Scopus","","","","","","","","","","Feng W.; Rahimi N.; Margapuri V.","","","","","","","","","","","","","","","","","","","","","","","","","","","","","","","","","","","","","","","","","","","","",""
"HWHPCNZ8","journalArticle","2019","Zhao, X.; Wu, Y.; Lee, D.L.; Cui, W.","IForest: Interpreting Random Forests via Visual Analytics","IEEE Transactions on Visualization and Computer Graphics","","10772626 (ISSN)","10.1109/TVCG.2018.2864475","https://www.scopus.com/inward/record.uri?eid=2-s2.0-85052853255&doi=10.1109%2fTVCG.2018.2864475&partnerID=40&md5=f6bf5f16510f21bd5aa77edce51cc728","As an ensemble model that consists of many independent decision trees, random forests generate predictions by feeding the input to internal trees and summarizing their outputs. The ensemble nature of the model helps random forests outperform any individual decision tree. However, it also leads to a poor model interpretability, which significantly hinders the model from being used in fields that require transparent and explainable predictions, such as medical diagnosis and financial fraud detection. The interpretation challenges stem from the variety and complexity of the contained decision trees. Each decision tree has its unique structure and properties, such as the features used in the tree and the feature threshold in each tree node. Thus, a data input may lead to a variety of decision paths. To understand how a final prediction is achieved, it is desired to understand and compare all decision paths in the context of all tree structures, which is a huge challenge for any users. In this paper, we propose a visual analytic system aiming at interpreting random forest models and predictions. In addition to providing users with all the tree information, we summarize the decision paths in random forests, which eventually reflects the working mechanism of the model and reduces users' mental burden of interpretation. To demonstrate the effectiveness of our system, two usage scenarios and a qualitative user study are conducted. © 2018 IEEE.","2019","2025-02-19 08:50:23","2025-02-19 08:50:23","","407-416","","1","25","","IEEE Trans Visual Comput Graphics","","","","","","","","English","","","Scopus","","","","","","","","","Interpretability; Learning systems; Decision trees; Forecasting; Random forests; Financial fraud detections; Diagnosis; Ensemble modeling; Interpretable Machine Learning; Random Forest Visualization; Random Forests; Structure and properties; Tree structures; Visual analytics; Visual Analytics; Visualization; Working mechanisms","","","","","","","","","","","","","","","","","","","","","","","","","","","","","","","","","","","","","","","","","","","","","",""
"M9HRYGFH","conferencePaper","2023","Sivri, M.S.; Gultekin, A.B.; Ustundag, A.; Beyca, O.F.; Gurcan, O.F.; Ari, E.","A Dynamic Feature Selection Technique for the Stock Price Forecasting","Lect. Notes Networks Syst.","23673370 (ISSN); 978-303139773-8 (ISBN)","","10.1007/978-3-031-39774-5_81","https://www.scopus.com/inward/record.uri?eid=2-s2.0-85171990315&doi=10.1007%2f978-3-031-39774-5_81&partnerID=40&md5=3acf9f38ff52df6949c04437b76e3117","Stock market prices are inherently volatile, and accurate forecasting is challenging. An accurate prediction of stock prices helps traders and investors to decide timely buy or sell, so an optimal investment strategy can be built, decreasing investment risks. Traditionally, linear and non-linear methods have been applied to stock market prediction. Many studies on stock market prediction have recently employed machine learning and deep learning models with the proliferation of big data and rapid development in artificial intelligence. On the other hand, previous prediction studies mostly overlooked key indicators and feature engineering in the models. The feature selection can help to develop better prediction models. The stock price prediction requires a dynamic feature selection due to its time-dependent characteristics. There is no optimal set of technical indicators for stocks that perform well in all market scenarios. We propose a stock price prediction model focusing on dynamic feature selection in this study. The model uses technical, operational, and economic indicators besides price and volume data. The feature selection process has two stages. In the first stage, the importance of features for stocks is found by an ensemble learning algorithm. The final importance score is calculated by multiplying feature importance values with the next day’s model return which is the performance of the prediction method. In the second stage, a regression analysis is made daily for each feature using feature importance scores to track their performance in terms of average importance and slope (importance movement) dynamically. The proposed model enables better interpretability of features on stock price behavior and makes better stock price predictions. © 2023, The Author(s), under exclusive license to Springer Nature Switzerland AG.","2023","2025-02-19 08:50:23","2025-02-19 08:50:23","","730-737","","","758 LNNS","","","","","","","","Springer Science and Business Media Deutschland GmbH","","English","","","Scopus","","","","","","","","","Deep learning; Learning systems; Feature Selection; Features selection; Forecasting; Commerce; Financial markets; Investments; Stock market prediction; Electronic trading; Stock price; Times series; Learning algorithms; Stock price prediction; Costs; dynamic; Dynamic feature selections; ensemble learning; Ensemble learning; feature; Feature; prediction; Regression analysis; selection; Selection; stock; Stock; time-series","Kahraman C.; Sari I.U.; Oztaysi B.; Cevik Onar S.; Cebi S.; Tolga A.C.","","","","","","","","","","","","","","","","","","","","","","","","","","","","","","Lecture Notes in Networks and Systems","","","","","","","","","","","","","","",""
"QSFDDBM9","journalArticle","2024","Osman, B.M.; Muse, A.M.S.","Predictive analysis of Somalia’s economic indicators using advanced machine learning models","Cogent Economics and Finance","","23322039 (ISSN)","10.1080/23322039.2024.2426535","https://www.scopus.com/inward/record.uri?eid=2-s2.0-85209386164&doi=10.1080%2f23322039.2024.2426535&partnerID=40&md5=ed2c9aa6785e08fb364e285830053f7e","Accurate Gross Domestic Product (GDP) prediction is essential for economic planning and policy formulation. This paper evaluates the performance of three machine learning models—Random Forest Regression (RFR), XGBoost, and Prophet—in predicting Somalia's GDP. Historical economic data, including GDP per capita, population, inflation rate, and current account balances, were used in training and testing. Among the models, RFR achieved the best accuracy with the lowest MAE (0.6621%), MSE (1.3220%), RMSE (1.1497%), and R-squared of 0.89. The Diebold-Mariano p-value for RFR (0.042) confirmed its higher predictive accuracy. XGBoost performed well but with slightly higher error, yielding an R-squared of 0.85 and p-value of 0.063. In contrast, Prophet had the highest forecast errors, with an R-squared of 0.78 and p-value of 0.015. For enhanced interpretability, SHapley Additive exPlanations (SHAP) were applied to RFR, identifying lagged current account balance, GDP per capita, and lagged population as key predictors, along with total population and government net lending/borrowing. SHAP plots provided insights into these features' contributions to GDP predictions. This study highlights RFR's effectiveness in economic forecasting and emphasizes the importance of current and lagged economic indicators. © 2024 The Author(s). Published by Informa UK Limited, trading as Taylor & Francis Group.","2024","2025-02-19 08:50:22","2025-02-19 08:50:22","","","","1","12","","Cogent Econ. Finance","","","","","","","","English","","","Scopus","","","","","","","","","Economics; SHAP; machine learning; Artificial Intelligence; Algorithms & Complexity; economic indicators; GDP forecasting; random forest regression; Somalia","","","","","","","","","","","","","","","","","","","","","","","","","","","","","","","","","","","","","","","","","","","","","",""
"A66DETAR","journalArticle","2024","Yin, P.; Jiang, W.-L.; Ma, Z.-J.; Zhang, L.-K.","Cryptocurrency Transaction Fraud Detection Based on Imbalanced Classification With Interpretable Analysis","International Journal of Intelligent Information Technologies","","15483657 (ISSN)","10.4018/IJIIT.357696","https://www.scopus.com/inward/record.uri?eid=2-s2.0-85210269891&doi=10.4018%2fIJIIT.357696&partnerID=40&md5=5d7911882664d689d22a7882dbf2cf11","This study introduces an interpretable imbalanced data classification method for detecting cryptocurrency transaction fraud. We address data imbalance using SMOTE oversampling and data augmentation through contrastive learning. Next, we introduce a Transformer-based deep learning model that learns sample relevance. The model undergoes pre-training with a contrastive loss and fine-tuning through Bayesian optimization to effectively extract high-dimensional, higher-order, and fraud-related features. We employ a SHAP-based interpreter along with attention scores to elucidate the role of various transaction features in fraud detection. Comparative results demonstrate the model's remarkable recall performance in identifying cryptocurrency transaction fraud. Furthermore, it achieves an excellent F1 value, striking a balance between accuracy and recall. This research not only enriches financial fraud detection but also enhances cryptocurrency transaction security, promotes market development, and contributes to economic stability and social security. © 2024 IGI Global. All rights reserved.","2024","2025-02-19 08:50:22","2025-02-19 08:50:22","","","","1","20","","Int. J. Intell. Inf. Technologies","","","","","","","","English","","","Scopus","","","","","","","","","Contrastive Learning; Fraud detection; Fraud Detection; Imbalanced data; Classification methods; Cryptocurrency; Data augmentation; Data classification; Data imbalance; Extremely imbalanced data classification; Extremely Imbalanced Data Classification; Imbalanced classification; Interpretable Analysis; Interpretable analyze; Over sampling","","","","","","","","","","","","","","","","","","","","","","","","","","","","","","","","","","","","","","","","","","","","","",""
"LIJAYELW","conferencePaper","2021","","ACI 2022 - Proceedings of the Workshop on Advances in Computational Intelligence, its Concepts and Applications, co-located with International Semantic Intelligence Conference, ISIC 2022","CEUR Workshop Proc.","16130073 (ISSN)","","","https://www.scopus.com/inward/record.uri?eid=2-s2.0-85143223775&partnerID=40&md5=d85445207b0d4ca7e25b2e6843c17772","The proceedings contain 38 papers. The topics discussed include: web benefit utilizations with K-means clustering approach for efficient clustering; explainable AI framework for multi-label classification using supervised machine learning models; measuring of similarity between pair of words using word net; microcontroller based electronic queue control system; intelligent recognition of characters from ancient manuscripts-a review; corn leaf disease identification with improved accuracy; a survey on soybean seed varieties and defects identification using neural network; student attendance system based on face recognition and machine learning; forecasting of fruits stock life using CNN-based deep learning techniques: a comprehensive study; digital image processing application in agriculture (pest detection) – a review; evolution of smart home energy management system using Internet of things and machine learning algorithms; and stock market prediction using machine learning techniques.","2021","2025-02-19 08:50:22","2025-02-19 08:50:22","","","","","3283","","","","","","","","CEUR-WS","","English","","","Scopus","","","","","","","","","","Jain S.; Groppe S.; Mihindukulasooriya N.","","","","","","","","","","","","","","","","","","","","","","","","","","","","","","CEUR Workshop Proceedings","","","","","","","","","","","","","","",""
"GUSXMWXU","journalArticle","2023","Çeli̇k, T.B.; İcan, Ö.; Bulut, E.","Extending machine learning prediction capabilities by explainable AI in financial time series prediction[Formula presented]","Applied Soft Computing","","15684946 (ISSN)","10.1016/j.asoc.2022.109876","https://www.scopus.com/inward/record.uri?eid=2-s2.0-85145253896&doi=10.1016%2fj.asoc.2022.109876&partnerID=40&md5=78a6d346c98d80d3309df80d1a4e2700","Prediction with higher accuracy is vital for stock market prediction. Recently, considerable amount of effort has been poured into employing machine learning (ML) techniques for successfully predicting stock market price direction. No matter how successful the proposed prediction model is, it can be argued that there occur two major drawbacks for further increasing the prediction accuracy. The first one can be referred as the black box nature of ML techniques, in other words inference from the predictions cannot be explained. Furthermore, due to the complex characteristics of the predicted time series, no matter how sophisticated techniques are employed, it would be very difficult to achieve a marginal increase in accuracy that would meaningfully offset the additional computational burden it brings in. For these two reasons, instead of chasing incremental improvements in accuracy, we propose utilizing an “eXplainable Artificial Intelligence” (XAI) approach which can be employed for assessing the reliability of the predictions hence allowing decision maker to abstain from poor decisions which are responsible for declining overall prediction performance. If there would be a measure of how sure the prediction model is on any prediction, the predictions with a relatively higher reliability could be used to make a decision while lower quality decisions could be avoided. In this study, a novel two-stage stacking ensemble model for stock market direction prediction based on ML, empirical mode decomposition (EMD) and XAI is proposed. Our experiments have shown that, proposed prediction model supported with local interpretable model-agnostic explanations (LIME) achieved the highest accuracy of 0.9913 when only the most trusted predictions have been considered on KOSPI dataset and analogous successful results have been obtained from five other major stock market indices. © 2022 Elsevier B.V.","2023","2025-02-19 08:50:22","2025-02-19 08:50:22","","","","","132","","Appl. Soft Comput.","","","","","","","","English","","","Scopus","","","","","","/Users/jensreil/Zotero/storage/XVHHF8D6/Çeli̇k et al. - 2023 - Extending machine learning prediction capabilities by explainable AI in financial time series predic.pdf","","","Deep learning; Learning systems; Machine-learning; Forecasting; Commerce; Financial markets; Stock market prediction; Electronic trading; Lime; Time series; Machine learning; Decision making; Machine learning techniques; Empirical mode decomposition; Empirical Mode Decomposition; Explainable machine learning; High-accuracy; Local interpretable model-agnostic explanation; Local interpretable model-agnostic explanations; Prediction modelling","","","","","","","","","","","","","","","","","","","","","","","","","","","","","","","","","","","","","","","","","","","","","",""
"RTXA9GG6","conferencePaper","2022","Fukas, P.; Rebstadt, J.; Menzel, L.; Thomas, O.","Towards Explainable Artificial Intelligence in Financial Fraud Detection: Using Shapley Additive Explanations to Explore Feature Importance","Lect. Notes Comput. Sci.","03029743 (ISSN); 978-303107471-4 (ISBN)","","10.1007/978-3-031-07472-1_7","https://www.scopus.com/inward/record.uri?eid=2-s2.0-85132762607&doi=10.1007%2f978-3-031-07472-1_7&partnerID=40&md5=1719ac50fa83ab7c08e0ac2ef145fab0","As the number of organizations and their complexity have increased, a tremendous amount of manual effort has to be invested to detect financial fraud. Therefore, powerful machine learning methods have become a critical factor to reduce the workload of financial auditors. However, as most machine learning models have become increasingly complex over the years, a significant need for transparency of artificial intelligence systems in the accounting domain has emerged. In this paper, we propose a novel approach using Shapley additive explanations to improve the transparency of models in the field of financial fraud detection. Our information systems engineering procedure follows the cross industry standard process for data mining including a systematic literature review of machine learning methods in fraud detection, a systematic development process and an explainable artificial intelligence analysis. By training a downstream Logistic Regression, Support Vector Machine and eXtreme Gradient Boosting classifier on a dataset of publicly traded companies convicted of financial statement fraud by the United States Securities and Exchange Commission, we show how the key items for financial statement fraud detection and their directionality can be identified using Shapley additive explanations. Finally, we contribute to the current state of research with this work by increasing model transparency and by generating insights on important financial statement fraud detection variables. © 2022, Springer Nature Switzerland AG.","2022","2025-02-19 08:50:21","2025-02-19 08:50:21","","109-126","","","13295 LNCS","","","","","","","","Springer Science and Business Media Deutschland GmbH","","English","","","Scopus","","","","","","","","","Machine-learning; Financial fraud; Fraud detection; Machine learning; Explainable artificial intelligence; Transparency; Finance; Crime; Financial fraud detections; Shapley; Additives; Classification (of information); Data mining; Financial auditing; Financial statement frauds; Machine learning methods; Shapley additive explanation; Shapley additive explanations; Support vector machines","Franch X.; Poels G.; Gailly F.; Snoeck M.","","","","","","","","","","","","","","","","","","","","","","","","","","","","","","Lecture Notes in Computer Science (including subseries Lecture Notes in Artificial Intelligence and Lecture Notes in Bioinformatics)","","","","","","","","","","","","","","",""
"XH6H4XSH","journalArticle","2022","Deshpande, N.M.; Gite, S.; Pradhan, B.; Assiri, M.E.","Explainable Artificial Intelligence–A New Step towards the Trust in Medical Diagnosis with AI Frameworks: A Review","CMES - Computer Modeling in Engineering and Sciences","","15261492 (ISSN)","10.32604/cmes.2022.021225","https://www.scopus.com/inward/record.uri?eid=2-s2.0-85138813363&doi=10.32604%2fcmes.2022.021225&partnerID=40&md5=38e73a3afc23f87596124d8408f88d67","Machine learning (ML) has emerged as a critical enabling tool in the sciences and industry in recent years. Today’s machine learning algorithms can achieve outstanding performance on an expanding variety of complex tasks–thanks to advancements in technique, the availability of enormous databases, and improved computing power. Deep learning models are at the forefront of this advancement. However, because of their nested nonlinear structure, these strong models are termed as “black boxes,” as they provide no information about how they arrive at their conclusions. Such a lack of transparencies may be unacceptable in many applications, such as the medical domain. A lot of emphasis has recently been paid to the development of methods for visualizing, explaining, and interpreting deep learning models. The situation is substantially different in safety-critical applications. The lack of transparency of machine learning techniques may be limiting or even disqualifying issue in this case. Significantly, when single bad decisions can endanger human life and health (e.g., autonomous driving, medical domain) or result in significant monetary losses (e.g., algorithmic trading), depending on an unintelligible data-driven system may not be an option. This lack of transparency is one reason why machine learning in sectors like health is more cautious than in the consumer, e-commerce, or entertainment industries. Explainability is the term introduced in the preceding years. The AI model’s black box nature will become explainable with these frameworks. Especially in the medical domain, diagnosing a particular disease through AI techniques would be less adapted for commercial use. These models’ explainable natures will help them commercially in diagnosis decisions in the medical field. This paper explores the different frameworks for the explainability of AI models in the medical field. The available frameworks are compared with other parameters, and their suitability for medical fields is also discussed. © 2022 Tech Science Press. All rights reserved.","2022","2025-02-19 08:50:21","2025-02-19 08:50:21","","843-872","","3","133","","CMES Comput. Model. Eng. Sci.","","","","","","","","English","","","Scopus","","","","","","","","","Deep learning; Explainability; Learning systems; Machine-learning; Learning models; XAI; Learning algorithms; Performance; Transparency; Black boxes; artificial intelligence; Diagnosis; Enabling tools; explainability; Machine learning algorithms; Medical domains; Medical fields; Medical imaging; Safety engineering","","","","","","","","","","","","","","","","","","","","","","","","","","","","","","","","","","","","","","","","","","","","","",""
"9I5JEDRT","journalArticle","2022","Joseph, S.; Kashyap, L.D.; Jain, S.","Shallow Neural Hawkes: Non-parametric kernel estimation for Hawkes processes","Journal of Computational Science","","18777503 (ISSN)","10.1016/j.jocs.2022.101754","https://www.scopus.com/inward/record.uri?eid=2-s2.0-85133816974&doi=10.1016%2fj.jocs.2022.101754&partnerID=40&md5=3feb1a13e5fb22f6a8f7700302f74e35","The Multi-dimensional Hawkes Process (MHP) is a class of self and mutually exciting point processes that find many applications–from predicting earthquakes to modelling order books in high-frequency trading. This paper makes two significant contributions; we first find an unbiased estimator for the gradient of the Hawkes process's log-likelihood estimator. The estimator enables the efficient implementation of the stochastic gradient descent method for the maximum likelihood estimation. The second contribution is that we propose a specific neural network for the non-parametric estimation of the underlying kernels of the MHP. We evaluate the proposed model on synthetic and natural datasets and find the method has comparable or better performance than existing estimation methods. The use of neural networks for modelling the excitation kernel ensures that we do not compromise on the Hawkes model's interpretability. At the same time, the proposed algorithm has the flexibility to estimate any non-standard Hawkes excitation kernel. © 2022 Elsevier B.V.","2022","2025-02-19 08:50:21","2025-02-19 08:50:21","","","","","63","","J. Comput. Sci.","","","","","","","","English","","","Scopus","","","","","","","","","Commerce; Neural-networks; Stochastic systems; BTC-USD market microstructure; Gradient methods; Log likelihood; Log-likelihood estimator; Market microstructures; Maximum likelihood estimation; Multi dimensional; Multidimensional hawkes process; Non-parametric estimation; Non-parametric estimations; Nonparametrics; Parameter estimation; Shallow neural hawkes","","","","","","","","","","","","","","","","","","","","","","","","","","","","","","","","","","","","","","","","","","","","","",""
"SSS4QW5E","journalArticle","2024","Thanathamathee, P.; Sawangarreerak, S.; Chantamunee, S.; Nizam, D.N.M.","SHAP-Instance Weighted and Anchor Explainable AI: Enhancing XGBoost for Financial Fraud Detection","Emerging Science Journal","","26109182 (ISSN)","10.28991/ESJ-2024-08-06-016","https://www.scopus.com/inward/record.uri?eid=2-s2.0-85212526119&doi=10.28991%2fESJ-2024-08-06-016&partnerID=40&md5=ff01403ac30dfc5a3a238dee0f4c0405","This research aims to enhance financial fraud detection by integrating SHAP-Instance Weighting and Anchor Explainable AI with XGBoost, addressing challenges of class imbalance and model interpretability. The study extends SHAP values beyond feature importance to instance weighting, assigning higher weights to more influential instances. This focuses model learning on critical samples. It combines this with Anchor Explainable AI to generate interpretable if-then rules explaining model decisions. The approach is applied to a dataset of financial statements from the listed companies on the Stock Exchange of Thailand. The method significantly improves fraud detection performance, achieving perfect recall for fraudulent instances and substantial gains in accuracy while maintaining high precision. It effectively differentiates between non-fraudulent, fraudulent, and grey area cases. The generated rules provide transparent insights into model decisions, offering nuanced guidance for risk management and compliance. This research introduces instance weighting based on SHAP values as a novel concept in financial fraud detection. By simultaneously addressing class imbalance and interpretability, the integrated approach outperforms traditional methods and sets a new standard in the field. It provides a robust, explainable solution that reduces false positives and increases trust in fraud detection models. © 2024 by the authors.","2024","2025-02-19 08:50:21","2025-02-19 08:50:21","","2404-2430","","6","8","","Emerg. Sci. J.","","","","","","","","English","","","Scopus","","","","","","","","","Fraud Detection; Anchor Explainable AI; Optuna with Hyperband; SHAP-Instance Weighted","","","","","","","","","","","","","","","","","","","","","","","","","","","","","","","","","","","","","","","","","","","","","",""
"VR72XXM9","conferencePaper","2022","Bhowmik, A.; Sannigrahi, M.; Chowdhury, D.; Dwivedi, A.D.; Rao Mukkamala, R.","DBNex: Deep Belief Network and Explainable AI based Financial Fraud Detection","Proc. - IEEE Int. Conf. Big Data, Big Data","978-166548045-1 (ISBN)","","10.1109/BigData55660.2022.10020494","https://www.scopus.com/inward/record.uri?eid=2-s2.0-85147979321&doi=10.1109%2fBigData55660.2022.10020494&partnerID=40&md5=fd67e2b8049986fdd34e6c3d7a6857c2","The majority of financial transactions are now conducted virtually around the world. The widespread use of credit cards and online transactions encourages fraudulent activity. Thus, one of the most demanding real-world challenges is fraud detection. Unbalanced datasets, in which there are a disproportionately high number of non-fraud samples compared to incidents of fraud, are one of the key obstacles to effective fraud detection. A further factor complicating the learning process for cutting-edge machine learning classifiers is how quickly fraud behaviour changes. Thus, in this study, we suggest an efficient fraud detection methodology. We propose a unique nonlinear embedded clustering to resolve imbalances in the dataset, followed by a Deep Belief Network for detecting fraudulent transactions. The proposed model achieved an accuracy of 94% with a 70:30 ratio of training-validation dataset. © 2022 IEEE.","2022","2025-02-19 08:50:20","2025-02-19 08:50:20","","3033-3042","","","","","","","","","","","Institute of Electrical and Electronics Engineers Inc.","","English","","","Scopus","","","","","","","","","Deep learning; Learning systems; Explainable AI; Fraud detection; Finance; Crime; Financial Fraud Detection; Financial fraud detections; Financial transactions; Bayesian networks; Credit card transactions; CTGAN; DBSCAN; Deep Belief Network; Deep belief networks; Online transaction; UMAP","Tsumoto S.; Ohsawa Y.; Chen L.; Van den Poel D.; Hu X.; Motomura Y.; Takagi T.; Wu L.; Xie Y.; Abe A.; Raghavan V.","","","","","","","","","","","","","","","","","","","","","","","","","","","","","","Proceedings - 2022 IEEE International Conference on Big Data, Big Data 2022","","","","","","","","","","","","","","",""
"CDSU7NSG","conferencePaper","2020","Botunac, I.; Panjkota, A.; Matetic, M.","The effect of feature selection on the performance of long short-term memory neural network in stock market predictions","Annals DAAAM Proc. Int. DAAAM Symp.","17269679 (ISSN); 978-390273429-7 (ISBN)","","10.2507/31st.daaam.proceedings.081","https://www.scopus.com/inward/record.uri?eid=2-s2.0-85098154277&doi=10.2507%2f31st.daaam.proceedings.081&partnerID=40&md5=5771c4597dc5afba95054f16027c22d4","Stock market predictions are a difficult and challenging task affected by numerous interrelated economic, political and social factors caused by non-linear and often unstable movements. Precisely due to the stated nature of financial time series, there is a need to develop advanced systems for stock market prediction. This research seeks to solve one of the problems of such systems, which is reflected in the selection of features to improve the performance of models that are an integral part of the system. In the paper, the wrapper method - recursive feature elimination and the filter method - feature importance, are used for feature selection. A forecasting model based on the long short-term memory (LSTM) neural network was defined to predict the movement of the stock's closing price. With this research we can conclude that for each selected stock there are certain features that have an impact on the results and that it is therefore necessary to carry out the selection of features individually. © 2020 Danube Adria Association for Automation and Manufacturing, DAAAM. All rights reserved.","2020","2025-02-19 08:50:20","2025-02-19 08:50:20","","592-598","","","31","","","","","","","","DAAAM International Vienna","","English","","","Scopus","","","","","","/Users/jensreil/Zotero/storage/X8JZ2B49/Botunac et al. - 2020 - The effect of feature selection on the performance of long short-term memory neural network in stock.pdf","","","Financial time series; Feature extraction; Forecasting; Long short-term memory; Recursive feature elimination; Commerce; Financial markets; Stock market prediction; Electronic trading; Machine learning; Fintech; LSTM; Neural network; Feature selection; Advanced systems; Brain; Forecasting modeling; Integral part; Social factor; Stock market; Wrapper methods","Katalinic B.","","","","","","","","","","","","","","","","","","","","","","","","","","","","","","Annals of DAAAM and Proceedings of the International DAAAM Symposium","","","","","","","","","","","","","","",""
"8EPW9SDE","conferencePaper","2022","Abouhassan, I.; Kasabov, N.; Popov, G.; Trifonov, R.","Why Use Evolving Neuro-Fuzzy and Spiking Neural Networks for incremental and explainable learning of time series? A case study on predictive modelling of trade imports and outlier detection","IEEE Int. Conf. Intell. Syst., IS","978-166545656-2 (ISBN)","","10.1109/IS57118.2022.10019673","https://www.scopus.com/inward/record.uri?eid=2-s2.0-85139891699&doi=10.1109%2fIS57118.2022.10019673&partnerID=40&md5=3708f960a6d5dbf9c2499d04b3d54c8d","What algorithms to choose for an incremental, predictive, and more importantly, explainable learning and modelling of time series data, and specifically - economic and financial time series? Will these algorithms reveal and explain abnormality in time series over time? This problem is part of the challenges in the area of explainable AI and life-long learning systems. Three widely used evolving connectionist systems (ECOS) that offer a solution to the above problems, are compared in the paper. The first two models, EFuNN and DENFIS, are neuro-fuzzy models that deal with vector-based data, while the spiking neural network model NeuCube deals with temporal and spatio-temporal data. The case study data used to demonstrate the qualities of these techniques is time series data related to Bulgarian petroleum oil imports from various trading partners. Graphical visualization enhances the deep analysis, pattern recognition, and knowledge extraction from the models. Conclusions are drawn in the sense that each of these techniques reveals different aspects of the data and the problem in hand and a single model solution of a complex problem is never going to be complete. Future work outlines integration of time series and on-line news to achieve a better predictive accuracy and a better understanding of the data.  © 2022 IEEE.","2022","2025-02-19 08:50:18","2025-02-19 08:50:18","","","","","","","","","","","","","Institute of Electrical and Electronics Engineers Inc.","","English","","","Scopus","","","","","","","","","Financial time series; Learning systems; Commerce; Electronic trading; Time series; Times series; Learning algorithms; Neural-networks; Neucube; NeuCube; Spiking neural network; Fuzzy neural networks; Pattern recognition; DENFIS; EFuNN; evolving connectionist systems; Evolving connectionist systems; financial time series; Fuzzy inference; Fuzzy systems; Gasoline; Keyword - time series; Keywords - time series; neuro-fuzzy systems; Neurofuzzy system; Petroleum import; petroleum imports; spiking neural networks","Atanassov K.T.; Doukovska L.; Kacprzyk J.; Krawczak M.; Owsinski J.W.; Sgurev V.; Szmidt E.; Zadrozny S.","","","","","","","","","","","","","","","","","","","","","","","","","","","","","","2022 IEEE 11th International Conference on Intelligent Systems, IS 2022","","","","","","","","","","","","","","",""
"F8YKTKK7","journalArticle","2024","Silva, T.C.; Wilhelm, P.V.B.; Amancio, D.R.","Machine learning and economic forecasting: The role of international trade networks","Physica A: Statistical Mechanics and its Applications","","03784371 (ISSN)","10.1016/j.physa.2024.129977","https://www.scopus.com/inward/record.uri?eid=2-s2.0-85200554960&doi=10.1016%2fj.physa.2024.129977&partnerID=40&md5=23219d63f23a2b9f22413b17eeaf1f03","This study examines the effects of de-globalization trends on international trade networks and their role in improving forecasts for economic growth. Using section-level trade data from more than 200 countries from 2010 to 2022, we identify significant shifts in the network topology driven by rising trade policy uncertainty. Our analysis highlights key global players through centrality rankings, with the United States, China, and Germany maintaining consistent dominance. Using a horse race of supervised regressors, we find that network topology descriptors evaluated from section-specific trade networks substantially enhance the quality of a country's economic growth forecast. We also find that non-linear models, such as Random Forest, eXtreme Gradient Boosting, and Light Gradient Boosting Machine, outperform traditional linear models used in the economics literature. Using SHapley Additive exPlanations values to interpret these non-linear models’ predictions, we find that about half of the most important features originate from the network descriptors, underscoring their vital role in refining forecasts. Moreover, this study emphasizes the significance of recent economic performance, population growth, and the primary sector's influence in shaping economic growth predictions, offering novel insights into the intricacies of economic growth forecasting. © 2024 Elsevier B.V.","2024","2025-02-19 08:50:17","2025-02-19 08:50:17","","","","","649","","Phys A Stat Mech Appl","","","","","","","","English","","","Scopus","","","","","","","","","Machine-learning; Forecasting; Machine learning; Quality control; International trade; Economic growths; Complex networks; De-globalization; Descriptors; Economic forecast; Economic growth; Forestry; Globalisation; International trade network; Network topology; Non-linear modelling; Population statistics; SHAP value","","","","","","","","","","","","","","","","","","","","","","","","","","","","","","","","","","","","","","","","","","","","","",""
"DL26DYXZ","journalArticle","2022","Ferdaus, M.M.; Chakrabortty, R.K.; Ryan, M.J.","Multiobjective Automated Type-2 Parsimonious Learning Machine to Forecast Time-Varying Stock Indices Online","IEEE Transactions on Systems, Man, and Cybernetics: Systems","","21682216 (ISSN)","10.1109/TSMC.2021.3061389","https://www.scopus.com/inward/record.uri?eid=2-s2.0-85102258706&doi=10.1109%2fTSMC.2021.3061389&partnerID=40&md5=2bb653d4f5f31b72ab61ac3239b556b8","Real-time forecasting of the financial time-series data is challenging for many machine learning (ML) algorithms. First, many ML models operate offline, where they need a batch of data, which may not be available during training. Besides, due to a fixed architecture of the majority of the offline-based ML models, they suffer to deal with the uncertain nature of financial time-series data. In contrast, online learning mode evolving-structured ML models could be promising for financial time-series forecasting. For real-time deployment of such models, low memory demand is a must. Besides, the model's explainability plays a crucial role in forecasting financial time-series. Considering all the requirements, a rule-based autonomous neuro-fuzzy learning algorithm called the parsimonious learning machine (PALM) is proposed here to forecast time-varying stock indices. To provide efficient automation of the proposed algorithm by maintaining the model explainability in terms of limited number linguistic IF-THEN rules, two popular multiobjective evolutionary algorithms (MEAs), such as a real-coded genetic algorithm (GA) and a self-adaptive differential evolution (DE) algorithm are utilized here. In addition, fuzzy type-2 variants of PALMs' are considered here due to better uncertainty handling capacity than their type-1 counterparts. To evaluate the proposed algorithm's performance, the closing stock price of fifteen (15) different stock market indices are predicted here. From the results, it is observed that the MEA-based PALMs are performing better than the state-of-the-art benchmark online ML models and providing a rule-based explainable model to the end-user. © 2013 IEEE.","2022","2025-02-19 08:50:17","2025-02-19 08:50:17","","2874-2887","","5","52","","IEEE Trans. Syst. Man Cybern. Syst.","","","","","","","","English","","","Scopus","","","","","","","","","Forecasting; Financial markets; Electronic trading; Time series; Machine learning; Learning algorithms; Algorithm's performance; Automated; E-learning; Financial time series forecasting; Forecasting financial time series; Fuzzy neural networks; Genetic algorithms; learning algorithm; meta-heuristics; Multi objective evolutionary algorithms; multiobjective; network complexity; Neuro-fuzzy learning algorithm; Online learning modes; Real coded genetic algorithm; Self-adaptive differential evolutions","","","","","","","","","","","","","","","","","","","","","","","","","","","","","","","","","","","","","","","","","","","","","",""
"IE98C8PR","journalArticle","2023","Hamza, C.; Lylia, A.; Nadine, C.; Nicolas, C.","Semi-supervised Method to Detect Fraudulent Transactions and Identify Fraud Types while Minimizing Mounting Costs","International Journal of Advanced Computer Science and Applications","","2158107X (ISSN)","10.14569/IJACSA.2023.0140298","https://www.scopus.com/inward/record.uri?eid=2-s2.0-85150962126&doi=10.14569%2fIJACSA.2023.0140298&partnerID=40&md5=dada0618be924a3456887a1f9e6c52de","Financial fraud is a complex problem faced by financial institutions, and existing fraud detection systems are often insufficient, resulting in significant financial losses. Researchers have proposed various machine learning-based techniques to enhance the performance of these systems. In this work, we present a semi-supervised approach to detect fraudulent transactions. First, we extract and select features, followed by the training of a binary classification model. Secondly, we apply a clustering algorithm to the fraudulent transactions and use the binary classification model with the SHAP framework to analyze the clusters and associate them with a particular fraud type. Finally, we present an algorithm to detect and assign a fraud type by leveraging a multi-fraud classification model. To minimize the mounting cost of the model, we propose an algorithm to choose an optimal threshold that can detect fraudulent transactions. We work with experts to adapt a risk cost matrix to estimate the mounting cost of the model. This risk cost matrix takes into account the cost of missing fraudulent transactions and the cost of incorrectly flagging a legitimate transaction as fraudulent. In our experiments on a real dataset, our approach achieved high accuracy in detecting fraudulent transactions, with the added benefit of identifying the fraud type, which can help financial institutions better understand and combat fraudulent activities. Overall, our approach offers a comprehensive and efficient solution to financial fraud detection, and our results demonstrate its effectiveness in reducing financial losses for financial institutions. © 2023,International Journal of Advanced Computer Science and Applications.All Rights Reserved.","2023","2025-02-19 08:50:17","2025-02-19 08:50:17","","861-870","","2","14","","Intl. J. Adv.  Comput. Sci. Appl.","","","","","","","","English","","","Scopus","","","","","","","","","Learning systems; Machine-learning; Machine learning; Learning algorithms; Financial institution; finance; Crime; Binary classification; Classification models; Clustering algorithms; cost analysis; Cost analysis; Cost benefit analysis; Cost estimating; Financial loss; fraud; Fraud; Fraudulent transactions; Mountings; Risk costs; Risk perception; semi-supervised learning; Semi-supervised learning","","","","","","","","","","","","","","","","","","","","","","","","","","","","","","","","","","","","","","","","","","","","","",""
"JBGFIIFY","conferencePaper","2024","Umronov, E.; Kadirov, A.; Abdujabborov, A.; Muydinov, I.; Karimova, M.; Sobirjonov, T.","Economic Levels Forecasting System by Evaluating with more Accuracy Using ML, DL and AI Systems","Int. Conf. Adv. Comput. Innov. Technol. Eng. ICACITE","979-835036016-5 (ISBN)","","10.1109/ICACITE60783.2024.10616869","https://www.scopus.com/inward/record.uri?eid=2-s2.0-85201816280&doi=10.1109%2fICACITE60783.2024.10616869&partnerID=40&md5=804dd17eb494830d4ebec6048f839009","The rise of Artificial Intelligence (AI) as a formidable tool in economic predictions is set to change earlier methods with unprecedented possibilities in processing big data sets and finding subtle patterns. The paper discusses the state-of-the-art impact of deploying machine learning models in economic forecasting. We intend to verify the effective implementation of AI techniques in predicting economic trend models through robust analysis, comparing with other methods currently in use, and their impacts on the decision-making processes. The paper begins with a brief background on the need for economic forecasting in a plurality of fields, i.e., government policymaking, financial markets, and corporate strategy formulation. Traditional forecasting methods are much criticized, and it frequently discusses limited efficacy in capturing complex and nonlinear relationships dynamically adapted to the market conditions. Machine learning algorithms, on the other hand, promise very flexible data-driven techniques that would expose underlying insights very deeply in diverse sources, from financial indicators to consumer behavior and to macroeconomic variables. This will be our focus: To analyze performance across the machine learning model spectrum in economic forecasting tasks - ranging from GDP growth projections to stock market forecasting. This is through empirical analyses that capture the exactitude and robustness of AI-driven forecasts with rich datasets spanning multiples of those economic indicators and historical trends. © 2024 IEEE.","2024","2025-02-19 08:50:17","2025-02-19 08:50:17","","1027-1031","","","","","","","","","","","Institute of Electrical and Electronics Engineers Inc.","","English","","","Scopus","","","","","","","","","Interpretability; Machine learning models; Model interpretability; Model Interpretability; Adversarial machine learning; Contrastive Learning; Prediction models; Artificial Intelligence; Comparative Analysis; Comparative analyzes; Data quality; Data Quality; Decision-making process; Decision-Making Processes; Economic forecasting; Economic Forecasting; Economic level; Ethical considerations; Ethical Considerations; Machine Learning Models; Predictive Analytics; Traditional method; Traditional Methods","","","","","","","","","","","","","","","","","","","","","","","","","","","","","","","2024 4th International Conference on Advance Computing and Innovative Technologies in Engineering, ICACITE 2024","","","","","","","","","","","","","","",""
"5V7HF66I","journalArticle","2024","Baklanova, V.; Kurkin, A.; Teplova, T.","Investor sentiment and the NFT hype index: to buy or not to buy?","China Finance Review International","","20441398 (ISSN)","10.1108/CFRI-06-2023-0175","https://www.scopus.com/inward/record.uri?eid=2-s2.0-85178405820&doi=10.1108%2fCFRI-06-2023-0175&partnerID=40&md5=006ad84ab8c09b7fd66128135953c255","Purpose: The primary objective of this research is to provide a precise interpretation of the constructed machine learning model and produce definitive summaries that can evaluate the influence of investor sentiment on the overall sales of non-fungible token (NFT) assets. To achieve this objective, the NFT hype index was constructed as well as several approaches of XAI were employed to interpret Black Box models and assess the magnitude and direction of the impact of the features used. Design/methodology/approach: The research paper involved the construction of a sentiment index termed the NFT hype index, which aims to measure the influence of market actors within the NFT industry. This index was created by analyzing written content posted by 62 high-profile individuals and opinion leaders on the social media platform Twitter. The authors collected posts from the Twitter accounts that were afterward classified by tonality with a help of natural language processing model VADER. Then the machine learning methods and XAI approaches (feature importance, permutation importance and SHAP) were applied to explain the obtained results. Findings: The built index was subjected to rigorous analysis using the gradient boosting regressor model and explainable AI techniques, which confirmed its significant explanatory power. Remarkably, the NFT hype index exhibited a higher degree of predictive accuracy compared to the well-known sentiment indices. Practical implications: The NFT hype index, constructed from Twitter textual data, functions as an innovative, sentiment-based indicator for investment decision-making in the NFT market. It offers investors unique insights into the market sentiment that can be used alongside conventional financial analysis techniques to enhance risk management, portfolio optimization and overall investment outcomes within the rapidly evolving NFT ecosystem. Thus, the index plays a crucial role in facilitating well-informed, data-driven investment decisions and ensuring a competitive edge in the digital assets market. Originality/value: The authors developed a novel index of investor interest for NFT assets (NFT hype index) based on text messages posted by market influencers and compared it to conventional sentiment indices in terms of their explanatory power. With the application of explainable AI, it was shown that sentiment indices may perform as significant predictors for NFT sales and that the NFT hype index works best among all sentiment indices considered. © 2023, Emerald Publishing Limited.","2024","2025-02-19 08:50:17","2025-02-19 08:50:17","","522-548","","3","14","","China Finance Rev. Int.","","","","","","","","English","","","Scopus","","","","","","","","","Explainable artificial intelligence; Investor sentiment indices; Natural language processing; Non-fungible tokens (NFT); Text analysis","","","","","","","","","","","","","","","","","","","","","","","","","","","","","","","","","","","","","","","","","","","","","",""
"DXNRNZJR","conferencePaper","2024","Jang, J.; Kim, T.; Park, S.-H.","Stock Index Forecasting Using an Explainable TAFT Model with Online Data-Driven Social Sentiment Index","ICAIF - ACM Int. Conf. AI Finance","979-840071081-0 (ISBN)","","10.1145/3677052.3698618","https://www.scopus.com/inward/record.uri?eid=2-s2.0-85214910867&doi=10.1145%2f3677052.3698618&partnerID=40&md5=8848a07108d75c8ca7bf4d41081845d2","Forecasting financial indices presents significant challenges owing to the inherent nonlinearity, noise, and disorder in financial time series data. To address these challenges, this study introduces a novel approach that integrates social sentiment analysis with advanced deep learning models. Specifically, a social sentiment index (SSI) is developed using FinBERT to analyze the sentiment scores of online article data from Investing.com. Additionally, a target-auxiliary fusion transformer (TAFT) is designed to effectively integrate SSI as an auxiliary feature with other indicators. This integration captures long-term dependencies and complex patterns in financial data more effectively than traditional time -series models. By incorporating the SSI, the model can capture the influence of social sentiment on financial markets, thus providing a more comprehensive and accurate prediction framework. Furthermore, TAFT incorporates a dynamic attention mechanism during both training and testing, thereby enhancing the explainability of the relative importance across auxiliary input features. The empirical results indicate that incorporating SSI significantly enhances the predictive accuracy of the financial forecasting model. TAFT achieved a 33.3% improvement in a mean absolute error (MAE) over the best-performing benchmark model for the S&P 500. Additionally, in a classification task, the model outperformed benchmark models with an accuracy of 0.71, a precision of 0.74, a recall of 0.64, and an F1 score of 0.63. This approach provides valuable insights for investors, analysts, and portfolio managers, demonstrating the efficacy of combining sentiment analysis with advanced time series models to improve financial decision-making.  © 2024 Owner/Author.","2024","2025-02-19 08:50:17","2025-02-19 08:50:17","","787-794","","","","","","","","","","","Association for Computing Machinery, Inc","","English","","","Scopus","","","","","","","","","Deep learning; Contrastive Learning; Explainable AI; Financial markets; Time series; Prediction models; Financial forecasting; Dynamic attention; Financial Forecasting; FinBERT; Sentiment analysis; Sentiment index; Social sentiment index; Social Sentiment Index; Target-auxiliary fusion transformer; Times series models","","","","","","","","","","","","","","","","","","","","","","","","","","","","","","","ICAIF 2024 - 5th ACM International Conference on AI in Finance","","","","","","","","","","","","","","",""
"95CA6XWI","journalArticle","2023","Sokolovsky, A.; Arnaboldi, L.","A generic methodology for the statistically uniform & comparable evaluation of Automated Trading Platform components","Expert Systems with Applications","","09574174 (ISSN)","10.1016/j.eswa.2023.119836","https://www.scopus.com/inward/record.uri?eid=2-s2.0-85150249736&doi=10.1016%2fj.eswa.2023.119836&partnerID=40&md5=e94e3950f9f95dbf1e7faa992eb00ae0","Introduction: Although machine learning approaches have been widely used in the field of finance, to very successful degrees, these approaches remain bespoke to specific investigations and opaque in terms of explainability, comparability, and reproducibility. Objectives: The primary objective of this research was to shed light upon this field by providing a generic methodology that was investigation-agnostic and interpretable to a financial markets’ practitioner, thus enhancing their efficiency, reducing barriers to entry, and increasing the reproducibility of experiments. The proposed methodology is showcased on two automated trading platform components. Namely, price levels, a well-known trading pattern, and a novel 2-step feature extraction method. Methods: This proposed a generic methodology, useable across markets, the methodology relies on hypothesis testing, which is widely applied in other social and scientific disciplines to effectively evaluate the concrete results beyond simple classification accuracy. The first hypothesis was formulated to evaluate whether the selected trading pattern is suitable for use in the machine learning setting. The second hypothesis allows us to systematically assess whether the proposed feature extraction method leads to any statistically significant improvement in the automated trading platform performance. Results: Experiments were conducted across, 10 contracts, 3 feature spaces, and 3 rebound configurations (for feature extraction), resulting in 90 experiments. Across the experiments we found that the use of the considered trading pattern in the machine learning setting is only partially supported by statistics, resulting in insignificant effect sizes (Rebound 7 - 0.64±1.02, Rebound 11 0.38±0.98, and rebound 15 - 1.05±1.16), but allowed the rejection of the null hypothesis based on the outcome of the statistical test. While the results of the proposed 2-step feature extraction looked promising at first sight, statistics did not support this, this demonstrated the usefulness of the proposed methodology. Additionally, we obtained SHAP values for the considered models, providing insights for adjustments to the feature space. Conclusion: We showcased the generic methodology on a US futures market instrument and provided evidence that with this methodology we could easily obtain informative metrics beyond the more traditional performance and profitability metrics. The interpretability of these results allows the practitioner to construct more effective automated trading pipelines by analysing their strategies using an intuitive and statistically sound methodology. This work is one of the first in applying this rigorous statistically-backed approach to the field of financial markets and we hope this may be a springboard for more research. A full reproducibility package is shared. © 2023 The Author(s)","2023","2025-02-19 08:50:16","2025-02-19 08:50:16","","","","","223","","Expert Sys Appl","","","","","","","","English","","","Scopus","","","","","","","","","Reinforcement learning; Interpretability; Feature extraction; Commerce; Financial markets; Algorithmic trading; Automated trading; Automated trading platform; Automation; Extraction; Feature extraction methods; Methodology; Platform components; Reproducibilities; Statistical tests; Trading patterns; Trading platform","","","","","","","","","","","","","","","","","","","","","","","","","","","","","","","","","","","","","","","","","","","","","",""
"DT9G966B","journalArticle","2022","Lin, K.; Gao, Y.","Model interpretability of financial fraud detection by group SHAP[Formula presented]","Expert Systems with Applications","","09574174 (ISSN)","10.1016/j.eswa.2022.118354","https://www.scopus.com/inward/record.uri?eid=2-s2.0-85135887592&doi=10.1016%2fj.eswa.2022.118354&partnerID=40&md5=2f4f13095533133922c0bc1b123f6b95","With the emergence of artificial intelligence, related technologies have gradually been deployed for the management of corporate financial risk, which is one of the utmost concerns for financial institutions. Especially, it appears from the previous attempts that the artificial intelligence models for financial risk detection show a decent performance on fraudulent firm recall. However, these models, as a black box prediction, lack the interpretability to gather clues for specific needs, like due diligence. Here we investigate the interpretability of risk detection models, which allows the contribution collection of each feature or feature group. Shapley value is set as the criterion to evaluate the marginal contribution of each financial feature to the predicted result. Moreover, the group SHAP method is proposed to evaluate the different abilities of a company, such as profitability, liquidity, etc. The group SHAP method presents an excellent performance in local interpretation and significantly decreases computation time compared with the Shapley value. It is worth mentioning that common characteristics within the same industries and uniqueness between different ones have been observed through group SHAP. With the analysis of these clues collected by the group SHAP method, financial institutes may provide instructions on focal points of due diligence for investment bankers or relevant risk alerts for risk managers while monitoring a stock within a portfolio, which has important implications for clients monitoring or investment management. © 2022 Elsevier Ltd","2022","2025-02-19 08:50:16","2025-02-19 08:50:16","","","","","210","","Expert Sys Appl","","","","","","","","English","","","Scopus","","","","","","","","","Interpretability; Risk assessment; Model interpretability; Investments; Performance; Artificial intelligence; Crime; Financial fraud detections; Due diligence; Financial fraud detection; Financial risks; Game theory; Grouping; Kernel method; Kernel-methods; Risk detections; Shapley value","","","","","","","","","","","","","","","","","","","","","","","","","","","","","","","","","","","","","","","","","","","","","",""
"CWA9K3W9","journalArticle","2022","Fior, J.; Cagliero, L.; Garza, P.","Leveraging Explainable AI to Support Cryptocurrency Investors","Future Internet","","19995903 (ISSN)","10.3390/fi14090251","https://www.scopus.com/inward/record.uri?eid=2-s2.0-85138731579&doi=10.3390%2ffi14090251&partnerID=40&md5=76213314049ccc4892cfed7de14a74c8","In the last decade, cryptocurrency trading has attracted the attention of private and professional traders and investors. To forecast the financial markets, algorithmic trading systems based on Artificial Intelligence (AI) models are becoming more and more established. However, they suffer from the lack of transparency, thus hindering domain experts from directly monitoring the fundamentals behind market movements. This is particularly critical for cryptocurrency investors, because the study of the main factors influencing cryptocurrency prices, including the characteristics of the blockchain infrastructure, is crucial for driving experts’ decisions. This paper proposes a new visual analytics tool to support domain experts in the explanation of AI-based cryptocurrency trading systems. To describe the rationale behind AI models, it exploits an established method, namely SHapley Additive exPlanations, which allows experts to identify the most discriminating features and provides them with an interactive and easy-to-use graphical interface. The simulations carried out on 21 cryptocurrencies over a 8-year period demonstrate the usability of the proposed tool. © 2022 by the authors.","2022","2025-02-19 08:50:16","2025-02-19 08:50:16","","","","9","14","","Future Internet","","","","","","","","English","","","Scopus","","","","","","/Users/jensreil/Zotero/storage/HSLV82EC/Fior et al. - 2022 - Leveraging Explainable AI to Support Cryptocurrency Investors.pdf","","","Investments; Intelligence models; Shapley; Electronic money; Visual analytics; Algorithmic trading system; Analytic tools; Block-chain; blockchain; Blockchain; cryptocurrencies; Domain experts; Graphical interface; quantitative trading; Quantitative trading; Trading systems","","","","","","","","","","","","","","","","","","","","","","","","","","","","","","","","","","","","","","","","","","","","","",""
"FSNAUWL4","journalArticle","2022","Park, H.J.; Kim, Y.; Kim, H.Y.","Stock market forecasting using a multi-task approach integrating long short-term memory and the random forest framework","Applied Soft Computing","","15684946 (ISSN)","10.1016/j.asoc.2021.108106","https://www.scopus.com/inward/record.uri?eid=2-s2.0-85120627694&doi=10.1016%2fj.asoc.2021.108106&partnerID=40&md5=f6504cb5f57965a76263e18224c25900","Numerous studies have adopted deep learning (DL) in financial market forecasting models owing to its superior performance. The DL models require as many relevant input variables as possible to improve performance because they learn high-level features from these inputs. However, as the number of input variables increases, the number of parameters also increases, leaving the model prone to overfitting. We propose a novel stock-market prediction framework (LSTM–Forest) integrating long short-term memory and random forest (RF) to address this issue. We also develop a multi-task model that predicts stock market returns and classifies return directions to improve predictability and profitability. Our model is interpretable because it can identify key variables using the variable importance analysis from RF. We used three global stock indices and 43 financial technical indicators to verify the proposed methods experimentally. The root mean squared errors of LSTM–Forest with multi-task (LFM) in predicting returns from S&P500, SSE, and KOSPI200 were 25.53%, 22.75%, and 16.29% lower, respectively, than those of the baseline RF model. The model's balanced accuracy in forecasting the daily return direction increased by 7.37, 1.68, and 3.79 points, respectively. Furthermore, our multi-task model outperforms our single-task model and previous DL approaches. In the trading test, LFM produced the highest profits—even compared with the long-only strategy when transaction costs were considered. The proposed framework is readily extensible to other tasks and fields that contend with high-dimensionality problems. © 2021 Elsevier B.V.","2022","2025-02-19 08:50:16","2025-02-19 08:50:16","","","","","114","","Appl. Soft Comput.","","","","","","","","English","","","Scopus","","","","","","/Users/jensreil/Zotero/storage/LATZCV3F/Park et al. - 2022 - Stock market forecasting using a multi-task approach integrating long short-term memory and the rand.pdf","","","Brain; Commerce; Costs; Decision trees; Electronic trading; Explainable AI; Financial markets; Financial time series forecasting; Financial time-series forecasting; Forecasting; Hybrid deep learning; Input variables; Long short-term memory; Market forecasting; Mean square error; Multi tasks; Multi-task learning; Multi-task model; Overfitting; Profitability; Random forests; Stock market forecasting","","","","","","","","","","","","","","","","","","","","","","","","","","","","","","","","","","","","","","","","","","","","","",""
"XFP32FF4","journalArticle","2024","Chou, Y.; Chang, M.; Jiang, Y.; Kuo, S.; Kung, S.; Sheu, B.J.","An Investigation on Quantum-Inspired Algorithms for Portfolio Optimization Across Global Markets","IEEE Nanotechnology Magazine","","19324510 (ISSN)","10.1109/MNANO.2024.3378489","https://www.scopus.com/inward/record.uri?eid=2-s2.0-85192137577&doi=10.1109%2fMNANO.2024.3378489&partnerID=40&md5=481bdb214cb690b3939987b9ef6e6140","Quantum-inspired algorithms have attracted considerable attention for their effective approach to addressing various optimization problems, drawing inspiration from quantum properties. This article introduces a portfolio recommendation system based on trend ratio and quantum-inspired optimization specifically designed for global cross-stock markets. The proposed intelligent portfolio optimization model excels at identifying strong, stable uptrends within individual markets and extends its effectiveness to cross-market analysis. Furthermore, this financial application prioritizes explainability and transparency, empowering investors to comprehend AI-generated results and, in turn, fostering trust in the proposed recommendation system. Results demonstrate its ability to accurately assess complex market relationships, reflect stock connections across countries, and highlight its robustness and reliability in explaining market performance. IEEE","2024","2025-02-19 08:50:16","2025-02-19 08:50:16","","1-8","","","","","IEEE Nanatechnol. Mag.","","","","","","","","English","","","Scopus","","","","","","","","","Financial data processing; Financial markets; Investments; Portfolio optimization; Explainable artificial intelligence; Effective approaches; global cross-market; Global cross-market; Global market; International trade; Investment; Logic gates; Market research; Market researches; Optimisations; Optimization; Portfolio; portfolio optimization; Portfolios; quantum-inspired algorithm; Quantum-inspired algorithm; Recommender systems; Standardization; Training; trend ratio; Trend ratio","","","","","","","","","","","","","","","","","","","","","","","","","","","","","","","","","","","","","","","","","","","","","",""
"PEP8W9NM","journalArticle","2024","Giudici, P.; Piergallini, A.; Recchioni, M.C.; Raffinetti, E.","Explainable Artificial Intelligence methods for financial time series","Physica A: Statistical Mechanics and its Applications","","03784371 (ISSN)","10.1016/j.physa.2024.130176","https://www.scopus.com/inward/record.uri?eid=2-s2.0-85207597734&doi=10.1016%2fj.physa.2024.130176&partnerID=40&md5=6fbd15540606c2b360e03c6a14c139b1","We consider the problem of developing explainable Artificial Intelligence methods to interpret the results of Artificial Intelligence models for time series data, taking time dependency into account. To this end, we extend the Shapley–Lorenz method, normalised by construction, to Artificial Intelligence for time series, such as neural networks and recurrent neural networks. We illustrate the application of our proposal to a time series of Bitcoin prices, which acts as the response variable, along with time series of classical financial prices, which act as explanatory variables. Three main findings emerge from the analysis. First, recurrent neural networks lead to a better performance, in terms of accuracy and robustness, with respect to classic neural networks. Second, the best performing models indicate that Bitcoin prices are affected mostly by their lagged values, and that their explainability, in terms of classical financial assets, is limited. Third, although limited, the contribution of classical assets to Bitcoin price prediction is well captured by recurrent neural networks. © 2024 The Authors","2024","2025-02-19 08:50:16","2025-02-19 08:50:16","","","","","655","","Phys A Stat Mech Appl","","","","","","","","English","","","Scopus","","","","","","/Users/jensreil/Zotero/storage/YRSG2CML/Giudici et al. - 2024 - Explainable Artificial Intelligence methods for financial time series.pdf","","","Artificial intelligence methods; Bitcoin; Bitcoin price; Bitcoin prices; Costs; Decentralized finance; Explainable artificial intelligence; Explainable Artificial Intelligence; Financial time series; Intelligence models; LSTM and GRU; Neural-networks; Recurrent neural networks; Shapley; Shapley–lorenz value; Shapley–Lorenz values; Time series; Times series","","","","","","","","","","","","","","","","","","","","","","","","","","","","","","","","","","","","","","","","","","","","","",""
"L5SMPZLV","conferencePaper","2024","Zelman, J.; Stefanik, M.; Weiss, M.; Teichmann, J.","Adversarial Inverse Reinforcement Learning for Market Making","ICAIF - ACM Int. Conf. AI Finance","979-840071081-0 (ISBN)","","10.1145/3677052.3698641","https://www.scopus.com/inward/record.uri?eid=2-s2.0-85214930472&doi=10.1145%2f3677052.3698641&partnerID=40&md5=d89f0ab3d98d708694b3b8b0b7dd717d","In this paper, we propose a novel application of the Adversarial Inverse Reinforcement Learning (AIRL) algorithm combining the framework of generative adversarial networks and inverse reinforcement learning for automated reward acquisition in the market making problem. We demonstrate that this algorithm can be used to learn a pure market making strategy. An advantage of such an approach is the possibility for further training in the reinforcement learning framework while potentially preserving its explainability and already acquired domain knowledge incorporated in an expert's decision process.  © 2024 ACM.","2024","2025-02-19 08:50:15","2025-02-19 08:50:15","","81-89","","","","","","","","","","","Association for Computing Machinery, Inc","","English","","","Scopus","","","","","","","","","Adversarial machine learning; Contrastive Learning; adversarial inverse reinforcement learning; Adversarial inverse reinforcement learning; Adversarial networks; Further trainings; Generative adversarial networks; high-frequency trading; High-frequency trading; Inverse reinforcement learning; Learn+; market making; Market making; Marketplaces; Novel applications; Reinforcement learning algorithms","","","","","","","","","","","","","","","","","","","","","","","","","","","","","","","ICAIF 2024 - 5th ACM International Conference on AI in Finance","","","","","","","","","","","","","","",""
"ZG5EXHZB","journalArticle","2024","Choi, C.; Kim, J.","Outperforming the tutor: Expert-infused deep reinforcement learning for dynamic portfolio selection of diverse assets","Knowledge-Based Systems","","09507051 (ISSN)","10.1016/j.knosys.2024.111739","https://www.scopus.com/inward/record.uri?eid=2-s2.0-85189931601&doi=10.1016%2fj.knosys.2024.111739&partnerID=40&md5=9e1d859f8f3673ca243861cf408d2ba2","Machine learning has become a key tool in solving the complex problem of automated dynamic portfolio selection. However, most existing works rely on data from a limited number of asset classes and cover constrained investment time frames to train their models. Additionally, these models are often trained from randomly initialised weights and lack intuitive explainability regarding the outputs they generate. This research introduces a novel methodology aimed at maximising long-term risk-adjusted investment returns while preserving the explainability of model output. We adopt established rule-based strategies to generate neural network mimics through imitation learning, transferring expert knowledge. These “tutor” models are then enhanced using a hybrid reinforcement learning algorithm combining Soft Actor-Critic (SAC) and Deep Deterministic Policy Gradient (DDPG), with the goal of creating “student” models that outperform their tutors. The intuitive explainability of the model is robust as it is trained on the rule-based algorithmic tutor model, unlike other models trained from scratch with randomly initialised weights. We empirically validate the strength of our strategy employing a broad range of asset classes, such as stocks, bonds, US treasuries, commodities, and their leveraged equivalents, simulated on a nearly 40-year price dataset. The benefits of the new model are clear, with the results showing a performance improvement of up to 39.70% in the test set by the Sharpe ratio and up to 47.07% by the Sortino ratio. This work highlights the potential of integrating established strategies with advanced machine learning for a data-driven approach to asset management. © 2024 The Author(s)","2024","2025-02-19 08:50:15","2025-02-19 08:50:15","","","","","294","","Knowl Based Syst","","","","","","","","English","","","Scopus","","","","","","","","","Dynamic portfolio selection; Knowledge transfer; Portfolio optimisation; Reinforcement learning; Risk management; Deep learning; Learning systems; Machine-learning; Financial markets; Electronic trading; Reinforcement learnings; Learning algorithms; Portfolio optimization; Asset class; Complex problems; Knowledge management; Novel methodology; Risks management; Time frame","","","","","","","","","","","","","","","","","","","","","","","","","","","","","","","","","","","","","","","","","","","","","",""
"K9F6RCFG","journalArticle","2024","Parente, M.; Rizzuti, L.; Trerotola, M.","A profitable trading algorithm for cryptocurrencies using a Neural Network model","Expert Systems with Applications","","09574174 (ISSN)","10.1016/j.eswa.2023.121806","https://www.scopus.com/inward/record.uri?eid=2-s2.0-85173171749&doi=10.1016%2fj.eswa.2023.121806&partnerID=40&md5=cc95f17cc0f905e9a231f99c41c77994","Algorithmic trading enables the execution of orders using a set of rules determined by a computer program. Orders are submitted based on an asset's expected price in the future, an approach well suited for high-volatility markets, such as those trading in cryptocurrencies. The goal of this study is to find a reliable and profitable model to predict the future direction of a crypto asset's price based on publicly available historical data. We first develop a novel labeling scheme and map this problem into a Machine Learning classification problem. The model is then validated on three major cryptocurrencies through an extensive backtest over a bull, bear and flat market. Finally, the contribution of each feature to the classification output is analyzed. © 2023 The Author(s)","2024","2025-02-19 08:50:15","2025-02-19 08:50:15","","","","","238","","Expert Sys Appl","","","","","","","","English","","","Scopus","","","","","","/Users/jensreil/Zotero/storage/LIB4NTNH/Parente et al. - 2024 - A profitable trading algorithm for cryptocurrencies using a Neural Network model.pdf","","","Algorithmic trading; Backtesting; Commerce; Cryptocurrencies; Cryptography; Explainable AI; High volatility; Machine learning; Machine-learning; Neural network; Neural network model; Neural-networks; Price prediction; Profitability; Set of rules; Shapley value; Shapley values","","","","","","","","","","","","","","","","","","","","","","","","","","","","","","","","","","","","","","","","","","","","","",""
"XYLK3FAL","conferencePaper","2019","Taha, A.K.; Kholief, M.H.; AbdelMoez, W.","Adaptive Machine Learning-Based Stock Prediction Using Financial Time Series Technical Indicators","Lect. Notes Comput. Sci.","03029743 (ISSN); 978-303033616-5 (ISBN)","","10.1007/978-3-030-33617-2_21","https://www.scopus.com/inward/record.uri?eid=2-s2.0-85076997377&doi=10.1007%2f978-3-030-33617-2_21&partnerID=40&md5=1562cc57fc9830a5caac931c97939cd0","Stock market prediction is a hard task even with the help of advanced machine learning algorithms and computational power. Although much research has been conducted in the field, the results often are not reproducible. That is the reason why the proposed workflow is publicly available on GitHub [1] as a continuous effort to help improve the research in the field. This study explores in detail the importance of financial time series technical indicators. Exploring new approaches and technical indicators, targets, feature selection techniques, and machine learning algorithms. Using data from multiple assets and periods, the proposed model adapts to market patterns to predict the future and using multiple supervised learning algorithms to ensure the adoption of different markets. The lack of research focusing on feature importance and the premise that technical indicators can improve prediction accuracy directed this research. The proposed approach highest accuracy reaches 75% with an area under the curve (AUC) of 0.82, using historical data up to 2019 to ensure the applicability for today’s market, with more than a hundred experiments on a diverse set of assets publicly available. © 2019, Springer Nature Switzerland AG.","2019","2025-02-19 08:50:15","2025-02-19 08:50:15","","191-199","","","11872 LNCS","","","","","","","","Springer","","English","","","Scopus","","","","","","/Users/jensreil/Zotero/storage/XDCX332H/Taha et al. - 2019 - Adaptive Machine Learning-Based Stock Prediction Using Financial Time Series Technical Indicators.pdf","","","Financial time series; Learning systems; Feature extraction; Forecasting; Commerce; Financial markets; Stock market prediction; Electronic trading; Stock predictions; Time series; Technical indicator; Machine learning; Learning algorithms; Adaptive machine learning; Adaptive stock prediction; Area under the curves; Feature selection; Selection techniques; Stock price prediction; Technical indicators feature importance","Yin H.; Allmendinger R.; Camacho D.; Tino P.; Tallón-Ballesteros A.J.; Menezes R.","","","","","","","","","","","","","","","","","","","","","","","","","","","","","","Lecture Notes in Computer Science (including subseries Lecture Notes in Artificial Intelligence and Lecture Notes in Bioinformatics)","","","","","","","","","","","","","","",""
"952YHNQG","conferencePaper","2019","Tripathi, V.","On present use of machine learning based automation in finance","IC3K - Proc. Int. Jt. Conf. Knowl. Discov., Knowl. Eng. Knowl. Manag.","978-989758382-7 (ISBN)","","10.5220/0008480504120418","https://www.scopus.com/inward/record.uri?eid=2-s2.0-85074167865&doi=10.5220%2f0008480504120418&partnerID=40&md5=d23c925e2537e6af75f04dc93f9333fd","In this paper, we survey the current known applications of Machine Learning based Data Analytics and automation in finance industry. We look into the challenges involved in furthering this technology, particularly in employing more Deep Learning approaches proven for successful automation in other domains. We enumerate observations on some of the barriers faced by the industry in effectively adopting and accelerating use of AI techniques, and finally propose more areas that we believe could further benefit from application of Machine Learning. Copyright © 2019 by SCITEPRESS - Science and Technology Publications, Lda. All rights reserved","2019","2025-02-19 08:50:15","2025-02-19 08:50:15","","412-418","","","3","","","","","","","","SciTePress","","English","","","Scopus","","","","","","","","","Deep learning; Deep Learning; Interpretability; Learning systems; Machine Learning; Explainable AI; Commerce; Electronic trading; Transfer learning; Deep neural networks; Neural networks; Machine learning; Learning algorithms; Algorithmic trading; Knowledge management; Automation; Genetic algorithms; Big data; Algorithmic languages; Algorithmic Trading; Artificial Intelligence (AI); Artificial Neural Networks (ANN); Biases; Big Data; Data Analytics; Data Confinement; Gradient Boosted Ensembles (GBM); Knowledge engineering; Market prediction; Market Prediction; Model Locality; Natural Language Processing; NAtural language processing; Natural language processing systems; Portfolio selection; Portfolio Selection; Statistical Models; Transfer Learning","Bernardino J.; Salgado A.; Filipe J.","","","","","","","","","","","","","","","","","","","","","","","","","","","","","","IC3K 2019 - Proceedings of the 11th International Joint Conference on Knowledge Discovery, Knowledge Engineering and Knowledge Management","","","","","","","","","","","","","","",""
"MT3KUHCR","conferencePaper","2023","Valensky, D.; Mohaghegh, M.","Evaluating Transparency: A Cross-Model Exploration of Explainable AI in Financial Forecasting","Proc. IEEE Asia-Pacific Conf. Comput. Sci. Data Eng., CSDE","979-835034107-2 (ISBN)","","10.1109/CSDE59766.2023.10487732","https://www.scopus.com/inward/record.uri?eid=2-s2.0-85190584224&doi=10.1109%2fCSDE59766.2023.10487732&partnerID=40&md5=159bc17432f7a038c899c8f129e75827","Advances in machine learning and deep learning have assisted progress in stock market predictions, which have presented unique opportunities for investors and traders to benefit from predictions. However, understanding how these models work is crucial to trusting their predictions. This research applies three prominent Explainable AI (XAI) techniques - SHAP, LIME, and Permutation Importance - to three distinct forecasting models: Long Short-Term Memory (LSTM), Convolutional Neural Network (CNN), and Decision Tree. This work fills a gap in the literature by comparing XAI methods across a combination of 'black-box' and 'white-box' models. Two key research questions guide this research: the performance of these XAI methods across the chosen models and the consistency between global and local explanations across these models. Findings reveal interesting model-specific behaviors, like CNN's emphasis on slightly older data and LSTM's focus on immediate past data. In the S&P 500 dataset context, features such as 'Close' and 'Adj Close' prices emerged as significant across models, while 'Volume' remained insignificant. This study offers a broader perspective on applying XAI in financial time series forecasting and helps enhance trust and comprehension among stakeholders relying on these model predictions.  © 2023 IEEE.","2023","2025-02-19 08:50:15","2025-02-19 08:50:15","","","","","","","","","","","","","Institute of Electrical and Electronics Engineers Inc.","","English","","","Scopus","","","","","","/Users/jensreil/Zotero/storage/VMSRNY5P/Valensky and Mohaghegh - 2023 - Evaluating Transparency A Cross-Model Exploration of Explainable AI in Financial Forecasting.pdf","","","Black boxes; Commerce; Convolutional neural network; Convolutional neural networks; Cross model; Decision trees; Explainable AI; Financial forecasting; Financial markets; Forecasting; Forecasting models; Investments; Lime; Long short-term memory; Machine-learning; Research questions; Stock market prediction; White-box models","","","","","","","","","","","","","","","","","","","","","","","","","","","","","","","Proceedings of the 2023 IEEE Asia-Pacific Conference on Computer Science and Data Engineering, CSDE 2023","","","","","","","","","","","","","","",""
"3NWEW5BH","journalArticle","2023","Quell, P.","Lost in noise? Some thoughts on the use of machine learning in financial market risk measurement","Journal of Risk Management in Financial Institutions","","17528887 (ISSN)","10.69554/agfe5553","https://www.scopus.com/inward/record.uri?eid=2-s2.0-85183651406&doi=10.69554%2fagfe5553&partnerID=40&md5=df2b5c6b3462ffe59b0eb83887f941ee","Machine learning has permeated almost all areas in which inferences are drawn from financial data. Nevertheless, in financial market risk measurement most machine learning techniques struggle with some inherent difficulties: Financial time series are very noisy, not stationary and mostly considerably short. This paper contains an easy to implement sequential learning algorithm that overcomes some of these disadvantages. It is based on a Kalman filtering mechanism for quite general stochastic processes and provides a first step in the direction of separating parameter dynamics from the ubiquitous noise component. The core idea here is to use some stylised facts inherent to financial markets time series such as time varying measures of volatility. The new approach is tested using real market data in two different settings. First, a hypothetical portfolio containing credit spread and equity risk is analysed over a time frame containing the outbreak of the global pandemic in 2020 and the beginning of the Russian attack on Ukraine in 2022. Another analysis is focused on US$/EUR exchange rate during a time span containing the global financial crisis of 2008 and the subsequent European sovereign crisis. In all test calculations the proposed sequential learning algorithm performs better than the historical simulation approach used by many firms in the banking industry to meet regulatory capital requirements. Due to its simplicity this method has a high degree of explainability and interpretability which will decrease the inherent model risk. The paper concludes with a discussion of model risk for machine learning in financial institutions. Compared to classical model risk frameworks, the emphasis must be put on the more prominent role of data. The simple approach described in this paper shows that machine learning in financial market risk does not have to get lost in noise. © Henry Stewart Publications 1752-8887 (2023).","2023","2025-02-19 08:50:14","2025-02-19 08:50:14","","43-52","","1","17","","J. Risk Mang. Financial Inst.","","","","","","","","English","","","Scopus","","","","","","","","","machine learning; adaptive methods; Basel regulation; Kalman filter; market risk; model risk","","","","","","","","","","","","","","","","","","","","","","","","","","","","","","","","","","","","","","","","","","","","","",""
"ICEM7JC2","journalArticle","2024","Mienye, E.; Jere, N.; Obaido, G.; Mienye, I.D.; Aruleba, K.","Deep Learning in Finance: A Survey of Applications and Techniques","AI (Switzerland)","","26732688 (ISSN)","10.3390/ai5040101","https://www.scopus.com/inward/record.uri?eid=2-s2.0-85213432874&doi=10.3390%2fai5040101&partnerID=40&md5=a5aaf3aefbf4fd2a3ddd2c35c3ee8e2a","Machine learning (ML) has transformed the financial industry by enabling advanced applications such as credit scoring, fraud detection, and market forecasting. At the core of this transformation is deep learning (DL), a subset of ML that is robust in processing and analyzing complex and large datasets. This paper provides a comprehensive overview of key deep learning models, including Convolutional Neural Networks (CNNs), Long Short-Term Memory networks (LSTMs), Deep Belief Networks (DBNs), Transformers, Generative Adversarial Networks (GANs), and Deep Reinforcement Learning (Deep RL). Beyond summarizing their mathematical foundations and learning processes, this study offers new insights into how these models are applied in real-world financial contexts, highlighting their specific advantages and limitations in tasks such as algorithmic trading, risk management, and portfolio optimization. It also examines recent advances and emerging trends in the financial industry alongside critical challenges such as data quality, model interpretability, and computational complexity. These insights can guide future research directions toward developing more efficient, robust, and explainable financial models that address the evolving needs of the financial sector. © 2024 by the authors.","2024","2025-02-19 08:50:14","2025-02-19 08:50:14","","2066-2091","","4","5","","AI.","","","","","","","","English","","","Scopus","","","","","","/Users/jensreil/Zotero/storage/56W2TZDM/Mienye et al. - 2024 - Deep Learning in Finance A Survey of Applications and Techniques.pdf","","","CNN; deep learning; finance; GRU; LSTM; machine learning; RNN","","","","","","","","","","","","","","","","","","","","","","","","","","","","","","","","","","","","","","","","","","","","","",""
"43LHWRWP","bookSection","2024","Singh, P.; Sharan, H.O.; Raghuvanshi, C.S.","Deep convolution models: Basic definitions, types, and applications in solar energy, engineering, and finance","Deep Learning in Engineering, Energy and Finance: Principals and Applications","978-104026136-1 (ISBN); 978-103262772-4 (ISBN)","","","https://www.scopus.com/inward/record.uri?eid=2-s2.0-85212725606&doi=10.1201%2f9781003564874-5&partnerID=40&md5=9a44d95ae7e1182ba7d592803103472e","The rapid advancement of deep learning techniques, particularly deep convolutional models, has significantly transformed various fields, including Solar Energy, Engineering, and Finance. This chapter provides a comprehensive overview of deep convolution models, covering their fundamental definitions, different types, and wide-ranging applications within these three diverse domains. The chapter begins with a concise introduction to deep convolutional models, elucidating their architecture, underlying principles, and key features that set them apart from traditional machine learning approaches. The discussion then delves into the various types of deep convolutional models, such as Convolutional Neural Networks (CNNs), Recurrent Convolutional Networks (RCNs), and Transformer-based architectures, among others. Each model type is explained in terms of its structure and unique characteristics, highlighting their suitability for different tasks. Subsequently, the chapter explores the myriad applications of deep convolution models in Solar Energy, Engineering, and Finance. In the context of Solar Energy, the utilization of CNNs for solar panel image analysis, solar irradiance forecasting, and energy yield prediction is detailed. The Engineering domain showcases applications like defect detection in manufacturing using RCNs, while also delving into how convolutional models enhance image recognition in autonomous systems. Within the realm of Finance, the chapter highlights the significance of deep convolution models in portfolio optimization, fraud detection, and financial time-series forecasting. Furthermore, the chapter addresses challenges and considerations inherent to the adoption of deep convolution models, such as data preprocessing, model interpretability, and computational resources. It emphasizes the importance of domain-specific knowledge in tailoring these models for optimal performance in Solar Energy, Engineering, and Finance applications. In conclusion, this chapter provides a comprehensive and accessible guide to understanding deep convolutional models and their versatile applications in Solar Energy, Engineering, and Finance. It underscores the transformative potential of these models in driving innovation and advancement across diverse fields while encouraging further exploration and research at the intersection of deep learning and domain-specific expertise. © 2025 selection and editorial matter, Vivek S. Sharma, Shubham Mahajan, Anand Nayyar and Amit Kant Pandit; individual chapters, the contributors.","2024","2025-02-19 08:50:14","2025-02-19 08:50:14","","164-210","","","","","","","","","","","CRC Press","","English","","","Scopus","","","","DOI: 10.1201/9781003564874-5","","","","","","","","","","","","","","","","","","","","","","","","","","","","","","","","","","","","","","","","","","","","","","","","","","",""
"S6QYKG56","conferencePaper","2024","Gonzalez, V.","Evaluating Interpretable Models for Financial Fraud Detection","Am. Conf. Inf. Syst., AMCIS","979-833130706-6 (ISBN)","","","https://www.scopus.com/inward/record.uri?eid=2-s2.0-85208175884&partnerID=40&md5=81bcae747df371f00301d087cc7641fd","Financial fraud involves deceitful manipulation of financial records, posing significant challenges for auditors and regulators. Despite recent efforts to automate financial audits using predictive analytics, deep learning models lack transparency, deterring effective fraud detection. To address this, the implementation of two widely used explainable models, LIME and SHAP, is proposed to assess their effectiveness in fraud detection. LIME constructs interpretable models around predictions, while SHAP assigns importance values to features, enhancing transparency. This research aims to improve understanding of deep learning techniques in fraud detection, offering insights to regulators, investors, and auditors. By implementing interpretable models, the study aims to produce valuable findings to bolster confidence in predictions generated by deep learning models. © 2024 30th Americas Conference on Information Systems, AMCIS 2024. All rights reserved.","2024","2025-02-19 08:50:14","2025-02-19 08:50:14","","","","","","","","","","","","","Association for Information Systems","","English","","","Scopus","","","","","","","","","Deep learning; Machine Learning; Machine-learning; Learning models; Adversarial machine learning; Contrastive Learning; Financial fraud; Fraud detection; Learning techniques; Investments; Predictive analytics; Explainable Artificial Intelligence (XAI); Prediction models; Crime; Explainable artificial intelligence (XAI); Financial Fraud Detection; Financial fraud detections; Financial records","","","","","","","","","","","","","","","","","","","","","","","","","","","","","","","30th Americas Conference on Information Systems, AMCIS 2024","","","","","","","","","","","","","","",""
"IF7W288T","conferencePaper","2021","Mao, X.; Sun, H.; Zhu, X.; Li, J.","Financial fraud detection using the related-party transaction knowledge graph","Procedia Comput. Sci.","18770509 (ISSN)","","10.1016/j.procs.2022.01.091","https://www.scopus.com/inward/record.uri?eid=2-s2.0-85124966000&doi=10.1016%2fj.procs.2022.01.091&partnerID=40&md5=969b1d2a3a8be86c32d9da7dba5358aa","Financial fraud detection has gained constant attention from researchers, practitioners, and regulators. Because of its concealment and ease of manipulation, related-party transactions (RPTs) among firms have become a usual way to implement financial fraud. However, the traditional quantitative analysis methods regard each firm as an independent individual, failing to mine the intricate relation and transactions among related parties. A knowledge graph can mine valuable hidden knowledge from large-scale associated data as a new form of knowledge representation. Therefore, in this paper, the RPT knowledge graph is utilized to detect financial fraud, where the feature of the transaction's scale and category is obtained. The experiment on the Chinese listed companies from 2000 to 2019 shows that these features enhance financial fraud detection performance, suggesting that type, size, and frequency of RPTs may imply fraud. More details, the feature importance indicates that regulators should pay more attention to the loan-based RPTs and the total number of RPTs. © 2021 The Authors. Published by Elsevier B.V.","2021","2025-02-19 08:50:14","2025-02-19 08:50:14","","733-740","","","199","","","","","","","","Elsevier B.V.","","English","","","Scopus","","","","","","","","","Feature extraction; Financial fraud; Machine learning; Knowledge-representation; Finance; Crime; Financial fraud detections; Financial fraud detection; Analysis method; Hidden knowledge; Knowledge graph; Knowledge graphs; Knowledge reasoning; Large-scales; New forms; Related-party transaction; Related-party transactions","Liu Y.; Shi Y.; Shi Y.; Wang Y.; Ergu D.; Berg D.; Tien J.; Li J.; Tian Y.","","","","","","","","","","","","","","","","","","","","","","","","","","","","","","Procedia Computer Science","","","","","","","","","","","","","","",""
"8P5WW6NV","conferencePaper","2024","Olorunnimbe, K.; Viktor, H.","Enhancing Temporal Transformers for Financial Time Series via Local Surrogate Interpretability","Lect. Notes Comput. Sci.","03029743 (ISSN); 978-303162699-9 (ISBN)","","10.1007/978-3-031-62700-2_14","https://www.scopus.com/inward/record.uri?eid=2-s2.0-85197883050&doi=10.1007%2f978-3-031-62700-2_14&partnerID=40&md5=ce99b27af8bb42b3b83a7f3ebc578ae4","The advent of Transformer architectures has ushered in a new era across various domains, including finance. These Transformer models, renowned for their scalability and efficacy, are considered opaque due to their black-box nature. The inherent complexity of these models, despite the partial interpretability afforded by the attention mechanism, poses a significant barrier to non-technical stakeholders in finance. This is challenging, not just for investors struggling to interpret the models’ outputs, but also for technical experts who aspire to refine these models. In this research, we introduce a novel approach that leverages the interpretability of local surrogate models to enhance complex temporal Transformer models in financial forecasting. Utilizing insights from the surrogate models, we iteratively improve the model’s predictive performance in both volatile and stable market conditions through informed feature selection. This contribution combines the simplicity of local surrogate models with the robust capabilities of temporal Transformers. Our experimental results demonstrate notable improvements in forecasting accuracy during volatile periods, with equally promising improvements in the non-volatile phases. These findings suggest that integrating explainability into the training process of financial models not only aids in demystifying their operation but also significantly bolsters their performance. Our solution leverages an emerging paradigm in machine learning where explainability becomes an integral component of model development, paving the way for more robust and intuitive financial forecasting models. © The Author(s), under exclusive license to Springer Nature Switzerland AG 2024.","2024","2025-02-19 08:50:14","2025-02-19 08:50:14","","149-159","","","14670 LNAI","","","","","","","","Springer Science and Business Media Deutschland GmbH","","English","","","Scopus","","","","","","","","","Financial time series; Deep learning; Interpretability; Financial data processing; Forecasting; Investments; Explainability in financial price prediction; Explanation-guided learning; Financial forecasting; Price prediction; Surrogate modeling; Temporal transformer; Temporal Transformer; Transformer modeling","Appice A.; Azzag H.; Hacid M.-S.; Hadjali A.; Ras Z.","","","","","","","","","","","","","","","","","","","","","","","","","","","","","","Lecture Notes in Computer Science (including subseries Lecture Notes in Artificial Intelligence and Lecture Notes in Bioinformatics)","","","","","","","","","","","","","","",""
"PXCJEB3E","conferencePaper","2024","Kaur, M.; Salgotra, P.; Laxmi, V.; Kaur, K.","Strategizing Financial Management in the Age of AI for Enhanced Decision-Making and Predictive Analysis","TQCEBT - IEEE Int. Conf. Trends Quantum Comput. Emerg. Bus. Technol.","979-835038427-7 (ISBN)","","10.1109/TQCEBT59414.2024.10545265","https://www.scopus.com/inward/record.uri?eid=2-s2.0-85204448182&doi=10.1109%2fTQCEBT59414.2024.10545265&partnerID=40&md5=75b5c774311457eab1910888f6892b18","This empirical study investigates the strategic implications, technical complexities, and future directions for institutions that adopt artificial intelligence (AI) in their decision-making and predictive analysis processes. The aim of this empirical paper is the strategic implications, technical issues and future ways of AI adoption, particularly prediction and decisions making within the institutions. This evolution from rule-based systems to Dynamic Machine Learning algorithms is a sea change that provides capacity for adaptation, learning and development through new inputs. Financial personnel can now go beyond the historical analytics by implementing supervised and unsupervised learning models coupled with the advance time series forecasting and sentiment analysis. AI in financial management: From the conventional model towards more advanced and adaptive practices. Aware that challenges exist like bias mitigations and interpretability, the use of meticulous data preprocessing and regular monitoring is highlighted. On predictive analytics, time series forecasting, sentiment analysis, credit scoring, and fraud detection. Portfolio management is a growing area of study where this paper explores the role played by AI in algorithmic trading, Dynamic optimization and explainable AI techniques. New emerging technologies such as quantum computing have potential in future financial modelling.  © 2024 IEEE.","2024","2025-02-19 08:50:13","2025-02-19 08:50:13","","","","","","","","","","","","","Institute of Electrical and Electronics Engineers Inc.","","English","","","Scopus","","","","","","","","","Machine Learning; Machine-learning; Adversarial machine learning; Contrastive Learning; Time series; Unsupervised learning; Decisions makings; Financial Management; Financial managements; Predictive analytics; Portfolio optimization; Decentralized finance; Time series forecasting; Sentiment analysis; Artificial Intelligence; Analysis process; Empirical studies; Portfolio Optimization; Prediction and decision; Predictive Analysis; Technical complexity","","","","","","","","","","","","","","","","","","","","","","","","","","","","","","","TQCEBT 2024 - 2nd IEEE International Conference on Trends in Quantum Computing and Emerging Business Technologies 2024","","","","","","","","","","","","","","",""
"6ELHBMGQ","journalArticle","2024","Weber, P.; Carl, K.V.; Hinz, O.","Applications of Explainable Artificial Intelligence in Finance—a systematic review of Finance, Information Systems, and Computer Science literature","Management Review Quarterly","","21981620 (ISSN)","10.1007/s11301-023-00320-0","https://www.scopus.com/inward/record.uri?eid=2-s2.0-85149028658&doi=10.1007%2fs11301-023-00320-0&partnerID=40&md5=4aa9ba5bf7b34903d383773d2ec008bf","Digitalization and technologization affect numerous domains, promising advantages but also entailing risks. Hence, when decision-makers in highly-regulated domains like Finance implement these technological advances—especially Artificial Intelligence—regulators prescribe high levels of transparency, assuring the traceability of decisions for third parties. Explainable Artificial Intelligence (XAI) is of tremendous importance in this context. We provide an overview of current research on XAI in Finance with a systematic literature review screening 2,022 articles from leading Finance, Information Systems, and Computer Science outlets. We identify a set of 60 relevant articles, classify them according to the used XAI methods and goals that they aim to achieve, and provide an overview of XAI methods used in different Finance areas. Areas like risk management, portfolio optimization, and applications around the stock market are well-researched, while anti-money laundering is understudied. Researchers implement both transparent models and post-hoc explainability, while they recently favored the latter. © The Author(s) 2023.","2024","2025-02-19 08:50:13","2025-02-19 08:50:13","","867-907","","2","74","","Manag. Rev. Q.","","","","","","","","English","","","Scopus","","","","","","/Users/jensreil/Zotero/storage/YJ8DSCJC/Weber et al. - 2024 - Applications of Explainable Artificial Intelligence in Finance—a systematic review of Finance, Infor.pdf","","","Explainable artificial intelligence; Finance; G00; L50; Machine learning; Review; Systematic literature review","","","","","","","","","","","","","","","","","","","","","","","","","","","","","","","","","","","","","","","","","","","","","",""
"2ZUGNDX9","journalArticle","2025","AbouHassan, I.; Kasabov, N.K.; Bankar, T.; Garg, R.; Sen Bhattacharya, B.","ePAMeT: evolving predictive associative memories for time series","Evolving Systems","","18686478 (ISSN)","10.1007/s12530-024-09628-y","https://www.scopus.com/inward/record.uri?eid=2-s2.0-85209625320&doi=10.1007%2fs12530-024-09628-y&partnerID=40&md5=c9da2ae668efe5e7c45c769d8f58122f","Associative memories (AM) are at the core of human intelligence and learning systems. While there have been some neural network AM developed for vector-based data such as images, current machine learning methods, including deep neural networks, do not allow for training a model on time series data and recalling it on a subset of variables measured over a shorter time window. They also do not support further incremental training of the model on new temporal data and new variables. This paper introduces a new framework and method for the creation of evolving predictive associative memories for time series, abbreviated here as ePAMeT. The method is based on spiking neural networks (SNN). ePAMeT introduces significant adaptability in handling time series data with reduced or newly introduced features. This model maintains high accuracy and explainability, offering substantial improvements over traditional methods in dynamic and uncertain environments. First, an SNN model is trained on multiple time series using all available variables measured at a full-time length, and then the model is recalled on subsets of variables at a shorter time measurement without compromising predictive accuracy. Using a shorter time for recall makes early prediction of events possible. The SNN model can be further adapted/evolved on new data without pre-training the model on the old data, even using new variables. This is possible due to the evolving connectivity of the SNN model. A dynamic graph is extracted from the SNN model to capture dynamic interactions between the used temporal variables at any time during the evolution of the model, which constitutes strong explainability and a generation of new knowledge. The method is illustrated on original financial time series data, but it is applicable to many other domain areas as discussed. The proposed method has advantages over traditional machine learning methods in terms of evolvability, explainability, knowledge discovery, and using partial information of both the number of variables and their time length for the recall of the model on new data. The proposed framework opens the field for creating new types of evolvable time series prediction models. Future developments are discussed. © The Author(s), under exclusive licence to Springer-Verlag GmbH Germany, part of Springer Nature 2024.","2025","2025-02-19 08:50:13","2025-02-19 08:50:13","","","","1","16","","Evol. Syst.","","","","","","","","English","","","Scopus","","","","","","","","","Financial time series; Contrastive Learning; Time series; Deep neural networks; Neural-networks; Associative memory; Associative processing; Associative storage; Evolving systems; Expainability; Knowledge representation; Knowledge-representation; Multiple time series; Neucube; NeuCube; Prediction models; Predictive associative memory; Spiking neural network; Spiking neural networks","","","","","","","","","","","","","","","","","","","","","","","","","","","","","","","","","","","","","","","","","","","","","",""
"PV7HYVNM","journalArticle","2023","Goudarzi, M.; Bazzana, F.","Identification of high-frequency trading: A machine learning approach","Research in International Business and Finance","","02755319 (ISSN)","10.1016/j.ribaf.2023.102078","https://www.scopus.com/inward/record.uri?eid=2-s2.0-85170559135&doi=10.1016%2fj.ribaf.2023.102078&partnerID=40&md5=59a74068e06ac1ed9eb6e90af737de54","This study aims to develop a probabilistic model using machine learning techniques to identify high-frequency trading (HFT) based on order book data. The model enables precise intraday identifications, addressing the lack of a widely accepted framework for HFT identification and the inconsistencies arising from proxy indicators. Leveraging academic data, the model offers improved consistency and reproducibility for future HFT research. By incorporating fuzzy logic, the probabilistic model allows policymakers greater flexibility in shaping policies. The study utilises data from the BEDOFIH database of the French capital market and develops a robust classification model capable of accurately distinguishing HFT. Additionally, reverse engineering enhances the model's interpretability by transforming it into an interpretable regression tree without compromising its predictability. This research contributes to advancing HFT research, providing valuable insights, and offering a transferable methodology for identifying HFT in diverse market contexts. © 2023 The Authors","2023","2025-02-19 08:50:13","2025-02-19 08:50:13","","","","","66","","Res. Int. Bus. Financ.","","","","","","","","English","","","Scopus","","","","","","","","","High-frequency trading; FinTech; Market microstructure","","","","","","","","","","","","","","","","","","","","","","","","","","","","","","","","","","","","","","","","","","","","","",""
"GCPLPN6U","journalArticle","2023","Guo, Y.; Chen, X.","Forecasting the Mid-price Movements with High-Frequency LOB: A Dual-Stage Temporal Attention-Based Deep Learning Architecture","Arabian Journal for Science and Engineering","","2193567X (ISSN)","10.1007/s13369-022-07197-3","https://www.scopus.com/inward/record.uri?eid=2-s2.0-85137930771&doi=10.1007%2fs13369-022-07197-3&partnerID=40&md5=1f11eed9f6f5e1d0572e7fc96fed1b5d","Effectively forecasting the stock mid-price movements based on Limit Order Book (LOB) data is crucial for issuing the right trade instructions in an automated trading market. The LOB data contains much valuable information which reflects the microstructure of the stock market and investor trading behavior. However, there are bear several challenges when utilize LOB to built forecasting model, such as dealing with very large amounts of data with high-dimensional, high-frequency, and underlying nonlinear dependencies relationship. In this paper, we propose a novel deep learning architecture tailored to meet the needs of high-frequency mid-price movements forecasting using complex LOB. Specifically, we introduce dual-stage temporal attention mechanism to repeatedly highlight the most valuable time-dimension information. In the first stage, we adaptively assign the temporal attention weights for input data to emphasize the degree of importance of different moments. In the second stage, we adaptively assign the temporal attention weights for hidden states across all time steps to emphasize the degree of importance of different states. Moreover, the architecture utilizes stacked GRU network to enhance the ability of representation learning. Extensive experiments on two datasets demonstrate the validity and superiority of the proposed architecture. Furthermore, by feature importance analysis we find that the time-sensitive feature set is more important than other feature sets, where the derivation of price and volume is the most important feature in all features. The results provide evidence for further understanding the influence factors of the stock market and give a reference for processing financial time series data with high-frequency characteristics. © 2022, King Fahd University of Petroleum & Minerals.","2023","2025-02-19 08:50:13","2025-02-19 08:50:13","","9597-9618","","8","48","","Arab. J. Sci. Eng.","","","","","","","","English","","","Scopus","","","","","","","","","Attention mechanism; Limit order book; Mid-price forecasting; Stacked GRU network","","","","","","","","","","","","","","","","","","","","","","","","","","","","","","","","","","","","","","","","","","","","","",""
"TTBSCQMW","conferencePaper","2024","Euko, J.P.; Santos, F.; Novais, P.","Stock Market Prediction: Integrating Explainable AI with Conv2D Models for Candlestick Image Analysis","Lect. Notes Networks Syst.","23673370 (ISSN); 978-303160217-7 (ISBN)","","10.1007/978-3-031-60218-4_2","https://www.scopus.com/inward/record.uri?eid=2-s2.0-85194260705&doi=10.1007%2f978-3-031-60218-4_2&partnerID=40&md5=14e5be75dc27db7da92a88f76f733f43","The term “candlestick” refers to a graphical representation of price movements in financial markets. Predicting candlesticks is crucial for anticipating market trends and making informed investment decisions. Interpretability is essential to understand the rationale behind model predictions, particularly in complex financial environments. In conclusion, this research leverages explainability techniques like SHAP and GRAD-CAM to improve the interpretability of Conv2D models for candlestick prediction in stock market images. © The Author(s), under exclusive license to Springer Nature Switzerland AG 2024.","2024","2025-02-19 08:50:13","2025-02-19 08:50:13","","13-23","","","986 LNNS","","","","","","","","Springer Science and Business Media Deutschland GmbH","","English","","","Scopus","","","","","","","","","Deep learning; Interpretability; Forecasting; Commerce; Financial markets; Investments; Stock market prediction; XAI; Electronic trading; deep learning; Graphical representations; Image enhancement; Image-analysis; Investment decisions; Market trends; Model prediction; Price movement; stock market; xAI","Rocha A.; Adeli H.; Dzemyda G.; Moreira F.; Poniszewska-Maranda A.","","","","","","","","","","","","","","","","","","","","","","","","","","","","","","Lecture Notes in Networks and Systems","","","","","","","","","","","","","","",""
"U2TYJF5F","journalArticle","2021","Mayenberger, D.","Explainable artificial intelligence: a global fast approach","Journal of Risk Management in Financial Institutions","","17528887 (ISSN)","10.69554/xizs1793","https://www.scopus.com/inward/record.uri?eid=2-s2.0-85111243777&doi=10.69554%2fxizs1793&partnerID=40&md5=331dc1775919ef4b56c03921928e59db","Decisions in the financial industry place ever-increasing reliance on artificial intelligence and machine learning (AI/ML) algorithms. These decisions span entire business lines and value chains, including customer marketing, credit underwriting, financial and capital planning, algorithmic trading and automated interaction with customers, particularly chatbots and robo-advice. The most advanced algorithms, however, are complex and inherently opaque, as they require up to hundreds of inputs, which then undergo several layers of processing that are not transparent. Such complexity and opacity raise the need for explainable AI (XAI) to understand how these algorithms produce a specific output and how they work in general. Local explain capability identifies the key determinants of a specific output while global explain capability identifies the inputs that have the highest impact on the output for the algorithm as a whole. In particular, global explain capability such as the Shapley value with computational complexity of N! is prohibitively expensive with currently available approaches. This paper presents model-agnostic approaches that provide local explain capability through counterfactuals and, most importantly, global fast explanation capability. © Henry Stewart Publications.","2021","2025-02-19 08:50:13","2025-02-19 08:50:13","","287-300","","3","14","","J. Risk Mang. Financial Inst.","","","","","","","","English","","","Scopus","","","","","","","","","Machine learning; Explainable artificial intelligence; Artificial intelligence; Black box explanation; Counterfactuals","","","","","","","","","","","","","","","","","","","","","","","","","","","","","","","","","","","","","","","","","","","","","",""
"HYC697X9","journalArticle","2020","Hansen, K.B.","The virtue of simplicity: On machine learning models in algorithmic trading","Big Data and Society","","20539517 (ISSN)","10.1177/2053951720926558","https://www.scopus.com/inward/record.uri?eid=2-s2.0-85085212186&doi=10.1177%2f2053951720926558&partnerID=40&md5=f4a3a10daec37fee5346a1c56521e271","Machine learning models are becoming increasingly prevalent in algorithmic trading and investment management. The spread of machine learning in finance challenges existing practices of modelling and model use and creates a demand for practical solutions for how to manage the complexity pertaining to these techniques. Drawing on interviews with quants applying machine learning techniques to financial problems, the article examines how these people manage model complexity in the process of devising machine learning-powered trading algorithms. The analysis shows that machine learning quants use Ockham’s razor – things should not be multiplied without necessity – as a heuristic tool to prevent excess model complexity and secure a certain level of human control and interpretability in the modelling process. I argue that understanding the way quants handle the complexity of learning models is a key to grasping the transformation of the human’s role in contemporary data and model-driven finance. The study contributes to social studies of finance research on the human–model interplay by exploring it in the context of machine learning model use. © The Author(s) 2020.","2020","2025-02-19 08:50:12","2025-02-19 08:50:12","","","","1","7","","Big Data  Soc.","","","","","","","","English","","","Scopus","","","","","","","","","algorithmic trading; explainability; distributed cognition; machine learning models; model overfitting; Ockham’s razor","","","","","","","","","","","","","","","","","","","","","","","","","","","","","","","","","","","","","","","","","","","","","",""
"GF2DX8CA","conferencePaper","2024","Raju, B.P.G.; Francis, N.; Venkatarathnam, N.; Mahar, K.; Kethan, M.; Raj, I.I.","Improving Mutual Fund Performance Analysis through the Fusion of CNN-LSTM and Explainable AI Techniques","Int. Conf. Electr., Electron., Inf. Commun. Technol., ICEEICT","979-835036908-3 (ISBN)","","10.1109/ICEEICT61591.2024.10718505","https://www.scopus.com/inward/record.uri?eid=2-s2.0-85208737929&doi=10.1109%2fICEEICT61591.2024.10718505&partnerID=40&md5=64cbfba3a7e49a7a0a71a0768ec71fe6","Analysis of mutual fund performance is crucial for fund managers and investors to make wise choices. Predictions made using traditional approaches are frequently not as accurate since they are unable to identify intricate patterns in financial data. Convolutional neural networks (CNN) and long short-term memory (LSTM) networks are two examples of deep learning approaches that provide promising ways to improve the predictive accuracy of financial forecasting jobs. Incorporating explainable AI techniques can also help with risk management and decision-making by offering insights into the fundamental causes influencing mutual fund performance. By utilizing the combined strength of explainable AI techniques and CNN-LSTM architecture, this work seeks to improve mutual fund performance analysis. The aim is to create a strong framework that can forecast mutual fund performance with accuracy and offer comprehensible explanations of the underlying elements. This work is interesting because it combines explainable AI methods which are particularly useful for analyzing mutual fund performance with CNN-LSTM architecture. In this work, the dual challenges of prediction accuracy and model transparency in financial forecasting are addressed by integrating deep learning with interpretability. The proposed framework for mutual fund performance analysis uses historical data, CNN-LSTM architecture, and explainable AI methods. The model outperforms traditional methods, achieving higher predictive accuracy and providing actionable insights into fund performance drivers. The model's interpretability enhances trustworthiness and utility for investors and fund managers, empowering stakeholders with better decision-making in dynamic financial markets.  © 2024 IEEE.","2024","2025-02-19 08:50:12","2025-02-19 08:50:12","","","","","","","","","","","","","Institute of Electrical and Electronics Engineers Inc.","","English","","","Scopus","","","","","","","","","Financial time series; Risk management; Long short-term memory; Financial markets; Investments; Short term memory; Decision making; Decentralized finance; AI techniques; Convolutional neural networks; Data accuracy; Explainable AI technique; Explainable AI Techniques; Financial time series data; Financial Time Series Data; Long short-term memory network; LSTM Networks; Memory network; Mutual Fund Performance Analysis; Mutual fund performance analyze; Mutual funds; Performances analysis; Predictive accuracy; Predictive Accuracy; Time-series data","","","","","","","","","","","","","","","","","","","","","","","","","","","","","","","2024 3rd International Conference on Electrical, Electronics, Information and Communication Technologies, ICEEICT 2024","","","","","","","","","","","","","","",""
"2CYWWUNT","journalArticle","2022","Deng, S.; Zhu, Y.; Huang, X.; Duan, S.; Fu, Z.","High-Frequency Direction Forecasting of the Futures Market Using a Machine-Learning-Based Method","Future Internet","","19995903 (ISSN)","10.3390/fi14060180","https://www.scopus.com/inward/record.uri?eid=2-s2.0-85132744891&doi=10.3390%2ffi14060180&partnerID=40&md5=112bb23a2875193d301317440d9f78f2","Futures price-movement-direction forecasting has always been a significant and challenging subject in the financial market. In this paper, we propose a combination approach that integrates the XGBoost (eXtreme Gradient Boosting), SMOTE (Synthetic Minority Oversampling Technique), and NSGA-II (Non-dominated Sorting Genetic Algorithm-II) methods. We applied the proposed approach on the direction prediction and simulation trading of rebar futures, which are traded on the Shanghai Futures Exchange. Firstly, the minority classes of the high-frequency rebar futures price change magnitudes are oversampled using the SMOTE algorithm to overcome the imbalance problem of the class data. Then, XGBoost is adopted to construct a multiclassification model for the price-movement-direction prediction. Next, the proposed approach employs NSGA-II to optimize the parameters of the pre-designed trading rule for trading simulation. Finally, the price-movement direction is predicted, and we conducted the high-frequency trading based on the optimized XGBoost model and the trading rule, with the classification and trading performances empirically evaluated by four metrics over four testing periods. Meanwhile, the LIME (Local Interpretable Model-agnostic Explanations) is applied as a model explanation approach to quantify the prediction contributions of features to the forecasting samples. From the experimental results, we found that the proposed approach performed best in terms of direction prediction accuracy, profitability, and return–risk ratio. The proposed approach could be beneficial for decision-making of the rebar traders and related companies engaged in rebar futures trading. © 2022 by the authors. Licensee MDPI, Basel, Switzerland.","2022","2025-02-19 08:50:12","2025-02-19 08:50:12","","","","6","14","","Future Internet","","","","","","","","English","","","Scopus","","","","","","/Users/jensreil/Zotero/storage/RBS6JTF2/Deng et al. - 2022 - High-Frequency Direction Forecasting of the Futures Market Using a Machine-Learning-Based Method.pdf","","","Commerce; decision making; Decision making; Decisions makings; Electronic trading; Financial markets; Forecasting; Genetic algorithms; High frequency HF; Lime; Machine learning; model explanation; Model explanation; Multi-classification; Multi-objectives optimization; multiclassification; multiobjective optimization; Multiobjective optimization; Non dominated sorting genetic algorithm ii (NSGA II); Price movement; Rebar future; rebar futures; Synthetic minority over-sampling techniques; Trading rules","","","","","","","","","","","","","","","","","","","","","","","","","","","","","","","","","","","","","","","","","","","","","",""
"S5W38W48","conferencePaper","2023","Cau, F.M.; Hauptmann, H.; Spano, L.D.; Tintarev, N.","Supporting High-Uncertainty Decisions through AI and Logic-Style Explanations","Int Conf Intell User Interfaces Proc IUI","979-840070106-1 (ISBN)","","10.1145/3581641.3584080","https://www.scopus.com/inward/record.uri?eid=2-s2.0-85152126463&doi=10.1145%2f3581641.3584080&partnerID=40&md5=63ffa7ef2bc341658ea8b3d85b355ba4","A common criteria for Explainable AI (XAI) is to support users in establishing appropriate trust in the AI - rejecting advice when it is incorrect, and accepting advice when it is correct. Previous findings suggest that explanations can cause an over-reliance on AI (overly accepting advice). Explanations that evoke appropriate trust are even more challenging for decision-making tasks that are difficult for humans and AI. For this reason, we study decision-making by non-experts in the high-uncertainty domain of stock trading. We compare the effectiveness of three different explanation styles (influenced by inductive, abductive, and deductive reasoning) and the role of AI confidence in terms of a) the users' reliance on the XAI interface elements (charts with indicators, AI prediction, explanation), b) the correctness of the decision (task performance), and c) the agreement with the AI's prediction. In contrast to previous work, we look at interactions between different aspects of decision-making, including AI correctness, and the combined effects of AI confidence and explanations styles. Our results show that specific explanation styles (abductive and deductive) improve the user's task performance in the case of high AI confidence compared to inductive explanations. In other words, these styles of explanations were able to invoke correct decisions (for both positive and negative decisions) when the system was certain. In such a condition, the agreement between the user's decision and the AI prediction confirms this finding, highlighting a significant agreement increase when the AI is correct. This suggests that both explanation styles are suitable for evoking appropriate trust in a confident AI. Our findings further indicate a need to consider AI confidence as a criterion for including or excluding explanations from AI interfaces. In addition, this paper highlights the importance of carefully selecting an explanation style according to the characteristics of the task and data.  © 2023 ACM.","2023","2025-02-19 08:50:12","2025-02-19 08:50:12","","251-263","","","","","","","","","","","Association for Computing Machinery","","English","","","Scopus","","","","","","/Users/jensreil/Zotero/storage/G69X7UPC/Cau et al. - 2023 - Supporting High-Uncertainty Decisions through AI and Logic-Style Explanations.pdf","","","Abductive; AI confidence; Commerce; Decision making; Decisions makings; Deductive; Financial markets; Forecasting; Inductive; Logical reasoning; Random forest; Random forests; Stock market prediction; Task performance; XAI","","","","","","","","","","","","","","","","","","","","","","","","","","","","","","","International Conference on Intelligent User Interfaces, Proceedings IUI","","","","","","","","","","","","","","",""
"EVDW9JZD","journalArticle","2022","Freeborough, W.; van Zyl, T.","Investigating Explainability Methods in Recurrent Neural Network Architectures for Financial Time Series Data","Applied Sciences (Switzerland)","","20763417 (ISSN)","10.3390/app12031427","https://www.scopus.com/inward/record.uri?eid=2-s2.0-85123526727&doi=10.3390%2fapp12031427&partnerID=40&md5=d9be785b6309d801ee4ced63b8c07b54","Statistical methods were traditionally primarily used for time series forecasting. However, new hybrid methods demonstrate competitive accuracy, leading to increased machine-learning-based methodologies in the financial sector. However, very little development has been seen in explainable AI (XAI) for financial time series prediction, with a growing mandate for explainable systems. This study aims to determine if the existing XAI methodology is transferable to the context of financial time series prediction. Four popular methods, namely, ablation, permutation, added noise, and integrated gradients, were applied to a recurrent neural network (RNN), long short-term memory (LSTM), and a gated recurrent unit (GRU) network trained on S&P 500 stocks data to determine the importance of features, individual data points, and specific cells in each architecture. The explainability analysis revealed that GRU displayed the most significant ability to retain long-term information, while the LSTM disregarded most of the given input and instead showed the most notable granularity to the considered inputs. Lastly, the RNN displayed features indicative of no long-term memory retention. The applied XAI methods produced complementary results, reinforcing paradigms on significant differences in how different architectures predict. The results show that these methods are transferable in the financial forecasting sector, but a more sophisticated hybrid prediction system requires further confirmation. © 2022 by the authors. Licensee MDPI, Basel, Switzerland.","2022","2025-02-19 08:50:12","2025-02-19 08:50:12","","","","3","12","","Appl. Sci.","","","","","","","","English","","","Scopus","","","","","","/Users/jensreil/Zotero/storage/H2II6J34/Freeborough and van Zyl - 2022 - Investigating Explainability Methods in Recurrent Neural Network Architectures for Financial Time Se.pdf","","","GRU; LSTM; Time series forecasting; XAI RNN","","","","","","","","","","","","","","","","","","","","","","","","","","","","","","","","","","","","","","","","","","","","","",""
"GW9TADBH","journalArticle","2022","","6th International Conference and Exhibition on Smart Grids and Smart Cities, ISUW 2020","Lecture Notes in Electrical Engineering","","18761100 (ISSN); 978-981169007-5 (ISBN)","","https://www.scopus.com/inward/record.uri?eid=2-s2.0-85130301931&partnerID=40&md5=345d9e23db811c1d6e1e0e5c65c99dd1","The proceedings contain 38 papers. The special focus in this conference is on Smart Grids and Smart Cities. The topics include: Rise of Algorithmic Trading in Today’s Changing Electricity Market; design and Operational Strategies of Urban Micro-grid that Benefits Utilities, Consumers as Well as the Environment; Minimized Operational Cost and Enhanced Battery Life in Solar, Battery and Building Integrated EV Charging Station; assessment of Charging Technologies Currently Used for Electric Two and Three Wheelers in India; electric Vehicle and Charging Stations in Distribution System: Practical Experience; cyber Risk Analysis of Critical Information Infrastructure: (A Quantitative Approach); energy Storage—The New Era of Power Sector; Preventing Water Pollution Using AMI and IoT; importance of Smart Grid Development in India; blockchain Based Peer-to-Peer Power Trading Platforms; Explainable Artificial Intelligence (XAI): Towards Malicious SCADA Communications; energy Optimization and Sharing in Smart Grid with Renewable Energy System Using Cyber Physical System; quantum Computing and Grid Security; Secured Automatic Meter Reading for Implementation of SAMAST Framework in India; enedis IoT Smart Grid Solutions for More Efficiency; voice of the Customer—What the Digital Customers Wants?; smart Green Transport Grid; mobility Solutions for Redressal of Power Failure Complaint in Mumbai Distribution; Blockchain Technology Application to DER-Implementation Strategy for India; vehicle to Grid Integration in Context of India; smart Grid and Utility Challenges; india Moving Towards Solar Energy; hybrid Microgrid Set up in Laboratory for Practical Alimentation of Electrical Engineering Students; AGC in a Deregulated Interconnected Power System with STATCOM and Energy Storage System; energy Storage System—Applications and Case Study.","2022","2025-02-19 08:50:12","2025-02-19 08:50:12","","","","","847","","Lect. Notes Electr. Eng.","","","","","","","","English","","","Scopus","","","","","","","","","","Pillai R.K.; Ghatikar G.; Sonavane V.L.; Singh B.P.","","","","","","","","","","","","","","","","","","","","","","","","","","","","","","","","","","","","","","","","","","","","",""
"A9EU2LST","journalArticle","2024","Sarin, S.; Singh, S.K.; Kumar, S.; Goyal, S.; Gupta, B.B.; Alhalabi, W.; Arya, V.","Unleashing the Power of Multi-Agent Reinforcement Learning for Algorithmic Trading in the Digital Financial Frontier and Enterprise Information Systems","Computers, Materials and Continua","","15462218 (ISSN)","10.32604/cmc.2024.051599","https://www.scopus.com/inward/record.uri?eid=2-s2.0-85201382611&doi=10.32604%2fcmc.2024.051599&partnerID=40&md5=aaddeac36f89e6d32b6b9ffc1d3c7a98","In the rapidly evolving landscape of today’s digital economy, Financial Technology (Fintech) emerges as a trans-formative force, propelled by the dynamic synergy between Artificial Intelligence (AI) and Algorithmic Trading. Our in-depth investigation delves into the intricacies of merging Multi-Agent Reinforcement Learning (MARL) and Explainable AI (XAI) within Fintech, aiming to refine Algorithmic Trading strategies. Through meticulous examination, we uncover the nuanced interactions of AI-driven agents as they collaborate and compete within the financial realm, employing sophisticated deep learning techniques to enhance the clarity and adaptability of trading decisions. These AI-infused Fintech platforms harness collective intelligence to unearth trends, mitigate risks, and provide tailored financial guidance, fostering benefits for individuals and enterprises navigating the digital landscape. Our research holds the potential to revolutionize finance, opening doors to fresh avenues for investment and asset management in the digital age. Additionally, our statistical evaluation yields encouraging results, with metrics such as Accuracy = 0.85, Precision = 0.88, and F1 Score = 0.86, reaffirming the efficacy of our approach within Fintech and emphasizing its reliability and innovative prowess. © 2024 Tech Science Press. All rights reserved.","2024","2025-02-19 08:50:11","2025-02-19 08:50:11","","3123-3138","","2","80","","Comput. Mater. Continua","","","","","","","","English","","","Scopus","","","","","","","","","Reinforcement learning; Deep learning; Adversarial machine learning; Contrastive Learning; Learning techniques; Financial markets; Deep reinforcement learning; algorithmic trading; Algorithmic trading; Decentralized finance; Digital economy; digital financial frontier; Digital financial frontier; Enterprise information system; Financial technology; Fintech; multi-agent reinforcement learning; Multi-agent reinforcement learning; Neurodynamic; Neurodynamics; Power; Trading strategies","","","","","","","","","","","","","","","","","","","","","","","","","","","","","","","","","","","","","","","","","","","","","",""
"8GMKM9EX","book","2023","Coqueret, G.; Guida, T.","Machine Learning for Factor Investing: Python Version","","978-100091280-7 (ISBN); 978-036763974-7 (ISBN)","","","https://www.scopus.com/inward/record.uri?eid=2-s2.0-85168449474&doi=10.1201%2f9781003121596&partnerID=40&md5=6a457c81539a5a33b5fb03a6ab201923","Machine learning (ML) is progressively reshaping the fields of quantitative finance and algorithmic trading. ML tools are increasingly adopted by hedge funds and asset managers, notably for alpha signal generation and stocks selection. The technicality of the subject can make it hard for non-specialists to join the bandwagon, as the jargon and coding requirements may seem out-of-reach. Machine learning for factor investing: Python version bridges this gap. It provides a comprehensive tour of modern ML-based investment strategies that rely on firm characteristics. The book covers a wide array of subjects which range from economic rationales to rigorous portfolio back-testing and encompass both data processing and model interpretability. Common supervised learning algorithms such as tree models and neural networks are explained in the context of style investing and the reader can also dig into more complex techniques like autoencoder asset returns, Bayesian additive trees and causal models. All topics are illustrated with self-contained Python code samples and snippets that are applied to a large public dataset that contains over 90 predictors. The material is available online so that readers can reproduce and enhance the examples at their convenience. If you have even a basic knowledge of quantitative finance, this combination of theoretical concepts and practical illustrations will help you learn quickly and deepen your financial and technical expertise. © 2023 Guillaume Coqueret and Tony Guida.","2023","2025-02-19 08:50:11","2025-02-19 08:50:11","","","1","","","","","","Machine Learning for Factor Investing: Python Version","","","","CRC Press","","English","","","Scopus","","","","DOI: 10.1201/9781003121596","","","","","","","","","","","","","","","","","","","","","","","","","","","","","","","","","","","","","","","","","","","","","","","","","","",""
"MYZK6LR5","conferencePaper","2024","Sathiyamurthi, K.; Anitha, L.; Rajendren, D.J.; Pandian, R.J.; Kumar, K.S.; Srinivasan, V.","Predictive Analytics for Budgeting and Management Using Deep Learning Techniques","Proc. - Int. Conf. Comput., Power, Commun. Technol., IC2PCT","979-835038352-2 (ISBN)","","10.1109/IC2PCT60090.2024.10486748","https://www.scopus.com/inward/record.uri?eid=2-s2.0-85191198343&doi=10.1109%2fIC2PCT60090.2024.10486748&partnerID=40&md5=3d59e729be4dda836204fd896838456a","Organizational performance depends on financial planning and management, and predictive analytics powered by deep learning has transformed decision-making. This study analyzes various model types and their financial forecast and management performance. We study CNN, RNN, LSTM, and Traditional Machine Learning models, focusing on accuracy, precision, recall, F1 score, and MSE. Deep learning models, particularly LSTM, outperform classical machine learning models in different financial contexts. LSTM has 93.8% accuracy, high precision, recall, and F1 score, showing superior predicting ability. Traditional machine learning models have moderate accuracy and poor performance measures, limiting their ability to capture complicated financial patterns. According to feature importance analysis, historical stock prices, firm financial data, and economic indicators improve prediction accuracy. Combining these attributes, Deep learning algorithms can better predict financial trends and enhance investment strategies. We also evaluate model types for stock price prediction, market trend research, credit risk assessment, and portfolio optimization. LSTM routinely outperforms alternative models in certain settings, helping firms make educated decisions. Deep learning models are feasible for real-time financial applications due to their high computational complexity and quick forecasts. Traditional models, however simpler, are inaccurate and slow.  © 2024 IEEE.","2024","2025-02-19 08:50:11","2025-02-19 08:50:11","","1749-1753","","","","","","","","","","","Institute of Electrical and Electronics Engineers Inc.","","English","","","Scopus","","","","","","","","","Learning systems; Risk assessment; Financial data processing; Long short-term memory; Machine learning models; Learning models; Learning techniques; Financial markets; Investments; Budget control; Decision making; Decisions makings; Deep learning technique; Deep Learning Techniques; Economics; F1 scores; Financial Management; Financial managements; Financial planning; Financial Planning; Learning algorithms; Modeling type; Organizational performance; predictive analysis; Predictive analytics","","","","","","","","","","","","","","","","","","","","","","","","","","","","","","","Proceedings - International Conference on Computing, Power, and Communication Technologies, IC2PCT 2024","","","","","","","","","","","","","","",""
"6SCTAIW8","journalArticle","2024","Abdullah, M.; Sulong, Z.; Ashraful Ferdous Chowdhury, M.","Explainable deep learning model for stock price forecasting using textual analysis","Expert Systems with Applications","","09574174 (ISSN)","10.1016/j.eswa.2024.123740","https://www.scopus.com/inward/record.uri?eid=2-s2.0-85189183934&doi=10.1016%2fj.eswa.2024.123740&partnerID=40&md5=5aa73472f871eef21e9a9d1371b498a2","Stock price forecasting is a challenging task because financial time series are primarily nonlinear, noisy, and disordered systems that are complicated to forecast. Deep learning models show promise in this domain along with natural language processing, to extract relevant features from text data and map them to numerical representations. This study aims to forecast stock prices using text analysis and deep learning approaches and explain the models using explainable AI. We construct a World Halal Tourism Composite Sentiment Index (WHTCSI) using text analysis to forecast halal tourism stock price. The results suggest that Convolutional Neural Networks (CNN) outperform all other models. The results are robust when considering country-level data. In addition, model explanations show that the index contributes 35.55% to the forecasting model, indicating irrational investment activity and herding behavior in the halal tourism industry. The study's findings have significant implications for investors, analysts, and portfolio managers in making investment decisions. © 2024 Elsevier Ltd","2024","2025-02-19 08:50:11","2025-02-19 08:50:11","","","","","249","","Expert Sys Appl","","","","","","","","English","","","Scopus","","","","","","/Users/jensreil/Zotero/storage/RTKY66NA/Abdullah et al. - 2024 - Explainable deep learning model for stock price forecasting using textual analysis.pdf","","","CNN; Convolutional neural network; Convolutional neural networks; Costs; Deep learning; Electronic trading; Financial markets; Forecasting; Halal tourism; Investments; Learning models; Learning systems; Sentiment analysis; Stock forecasting; Stock price; Stock price forecasting; Text analysis; Textual-analysis","","","","","","","","","","","","","","","","","","","","","","","","","","","","","","","","","","","","","","","","","","","","","",""
"BLGCNL72","journalArticle","2024","Sun, Q.; Wei, X.; Yang, X.","GraphSAGE with deep reinforcement learning for financial portfolio optimization","Expert Systems with Applications","","09574174 (ISSN)","10.1016/j.eswa.2023.122027","https://www.scopus.com/inward/record.uri?eid=2-s2.0-85173897242&doi=10.1016%2fj.eswa.2023.122027&partnerID=40&md5=3a2583c85d7ca7acf2de679590b3f2e9","Portfolio optimization is an active management strategy that aims to maximize returns and control risk within reasonable limits. The Proximal Policy Optimization (PPO), a robust on-policy actor-critic deep reinforcement learning (DRL) model, is gaining popularity in portfolio optimization because it can help reduce emotional biases and take systematic investment actions. However, some research has found that the PPO model cannot achieve such remarkable performance in portfolio optimization as in games or robot control. In this paper, a novel GraphSAGE and DRL coupled model (GRL) is proposed to improve the architecture of the PPO agent by introducing a GraphSAGE-based feature extractor to capture the complex non-Euclidean relationships among market indexes, industry indexes and stocks. In addition, the explainable model SHAP is used to select a few but important features for GRL learning, and a method for generating a static financial graph is defined. This improves the robustness and training efficiency of the GRL model. We provide a holistic performance evaluation for GRL on three datasets using five metrics, i.e., Return On Investment (ROI), Sharpe Ratio, Sortino Ratio, Maximum Drawdown, and Calmar Ratio. The results show that the GRL model outperforms the Equal Weight strategy and the S&P 500 index. In addition, the results of the comparative analysis show that the Share-Extractor GRL and the Separate-Extractor GRL significantly outperform the PPO baseline without a feature extractor. This implies that integrating a GraphSAGE-based feature extractor into the PPO agent can improve its performance and robustness in portfolio optimization tasks. © 2023 Elsevier Ltd","2024","2025-02-19 08:50:11","2025-02-19 08:50:11","","","","","238","","Expert Sys Appl","","","","","","","","English","","","Scopus","","","","","","","","","Reinforcement learning; Deep learning; Learning systems; Financial data processing; Explainable AI; Financial markets; Investments; Deep reinforcement learning; Reinforcement learnings; Feature extractor; GraphSAGE; Performance; Policy optimization; Portfolio management; Portfolio managements; Portfolio optimization; Robustness (control systems); SHAP","","","","","","","","","","","","","","","","","","","","","","","","","","","","","","","","","","","","","","","","","","","","","",""
"QKBECFJ2","conferencePaper","2025","Ahmad, W.; Vashist, A.; Sinha, N.; Prasad, M.; Shrivastava, V.; Muzamal, J.H.","Enhancing Transparency and Privacy in Financial Fraud Detection: The Integration of Explainable AI and Federated Learning","Commun. Comput. Info. Sci.","18650929 (ISSN); 978-303175200-1 (ISBN)","","10.1007/978-3-031-75201-8_10","https://www.scopus.com/inward/record.uri?eid=2-s2.0-85207824795&doi=10.1007%2f978-3-031-75201-8_10&partnerID=40&md5=9241818a988f9f2f29b6aa0e0d7319f0","The pervasive issue of fraudulent transactions presents a considerable challenge for financial institutions globally. Developing innovative fraud detection systems is critical to maintaining customer confidence. However, several factors complicate the creating of effective and efficient fraud detection systems. Notably, fraudulent transactions are infrequent, resulting in imbalanced transaction datasets where legitimate transactions vastly outnumber instances of fraud. This data imbalance can concede the performance of fraud detection. Additionally, stringent data privacy regulations prevent the sharing of customer data, hindering the development of high-performing centralized models. Furthermore, fraud detection mechanisms must remain transparent to avoid impairing the user experience. This research proposes an approach utilizing Federated Learning (FL) with Explainable Artificial Intelligence (XAI) to overcome these obstacles. FL allows financial organizations to train fraud detection models collaboratively without requiring direct data sharing. So, customer confidentiality and data privacy are never compromised. Simultaneously, the incorporation of XAI guarantees that the model’s predictions are interpretable by human experts. Experimental evaluations using real-time transaction datasets consistently demonstrate that the FL-based fraud detection system performs well. This study establishes the potential of FL as a reliable, privacy-preserving tool in combating fraud. © The Author(s), under exclusive license to Springer Nature Switzerland AG 2025.","2025","2025-02-19 08:50:10","2025-02-19 08:50:10","","139-156","","","2244 CCIS","","","","","","","","Springer Science and Business Media Deutschland GmbH","","English","","","Scopus","","","","","","","","","Machine-learning; Adversarial machine learning; Anomaly detection; Collaborative machine learning; Data privacy; Differential privacy; EAI; Federated learning; Fraud detection system; Fraud detection systems; Imbalanced data; Imbalanced data handling; Model transparency; Privacy preserving; Privacy-preserving algorithm; Privacy-preserving algorithms; Transaction analysis; Transaction analyze","Feng W.; Rahimi N.; Margapuri V.","","","","","","","","","","","","","","","","","","","","","","","","","","","","","","Communications in Computer and Information Science","","","","","","","","","","","","","","",""
"EMAKRVWL","journalArticle","2024","Kochliaridis, V.; Papadopoulou, A.; Vlahavas, I.","UNSURE - A machine learning approach to cryptocurrency trading","Applied Intelligence","","0924669X (ISSN)","10.1007/s10489-024-05407-z","https://www.scopus.com/inward/record.uri?eid=2-s2.0-85191289990&doi=10.1007%2fs10489-024-05407-z&partnerID=40&md5=83b2151c274ca0ba53dc3524e0391cb9","Although cryptocurrency trading can be highly profitable, it carries significant risks due to extreme price fluctuations and high degree of market noise. To increase profits and minimize risks, traders typically use various forecasting methods, such as technical analysis and Machine Learning (ML), but developing effective trading strategies in noisy markets still remains a challenging task. Recently, Deep Reinforcement Learning (DRL) agents have achieved high performance on challenging tasks, including algorithmic trading, however it requires significant amount of time and high-quality data to train effectively. Additionally, DRL agents lack explainability, making them a less popular option for traders. The purpose of this paper is to address these challenges by proposing a reliable trading framework. Our framework, named UNSURE, generates high-quality features from candlestick data using technical analysis along with a novel parameterization method, and then exploits high price fluctuations by combining three ML components: A) Unsupervised component, which further improves feature quality by clustering market data; B) DRL component, which is responsible for training agents that open Buy or Short positions; C) Supervised component, which estimates price fluctuations in order to open and close positions efficiently, while reducing trading uncertainty. We demonstrate the effectiveness of this approach on nine cryptocurrency markets using several risk-adjusted performance metrics. © The Author(s), under exclusive licence to Springer Science+Business Media, LLC, part of Springer Nature 2024.","2024","2025-02-19 08:50:10","2025-02-19 08:50:10","","5688-5710","","7","54","","Appl Intell","","","","","","","","English","","","Scopus","","","","","","","","","Reinforcement learning; Deep learning; Machine-learning; Risk assessment; Profitability; Cryptocurrency trading; Deep reinforcement learning; Forecasting methods; Machine learning; Machine learning approaches; Price fluctuation; Quality control; Reinforcement learning agent; Reinforcement learnings; Supervised learning; Technical analysis; Time series clustering; Time-series clustering; Uncertainty analysis; Unsupervised learning","","","","","","","","","","","","","","","","","","","","","","","","","","","","","","","","","","","","","","","","","","","","","",""
"LRC4UWNA","journalArticle","2022","Wu, D.; Wang, X.; Wu, S.","Jointly modeling transfer learning of industrial chain information and deep learning for stock prediction","Expert Systems with Applications","","09574174 (ISSN)","10.1016/j.eswa.2021.116257","https://www.scopus.com/inward/record.uri?eid=2-s2.0-85120481422&doi=10.1016%2fj.eswa.2021.116257&partnerID=40&md5=7583e5f0456f2d54005b2e64b15fab7a","The prediction of stock price has always been a main challenge. The time series of stock price tends to exhibit very strong nonlinear characteristics. In recent years, with the rapid development of deep learning, the ability to automatically extract nonlinear features has significantly attracted scholars’ attention. However, the majority of the relevant studies have concentrated on prediction of the changes of stock market based on the data of the specific stock (e.g., transaction data, financial data, etc.), while those studies ignored the interaction between stocks of different industries, especially the interaction between the stocks of upstream enterprises and downstream enterprises in the industrial chain. This paper aims to propose a combination of transfer learning of industrial chain information and deep learning models, including multilayer perceptron (MLP), recurrent neural network (RNN), long short-term memory (LSTM), and gated recurrent unit (GRU), for stock market prediction. These models are used to predict the trend of the 379 stock market indices by industry in China, and the DM test was employed for validation of the prediction results. It can be concluded that RNNs are not necessarily such an optimal choice for the prediction when dealing with specific time series data, and it could be justified by using the local interpretable model-agnostic explanations (LIME) algorithm. Hence, the MLP was selected to effectively improve the accuracy of the prediction of the stock market indices based on the transfer learning of industrial chain information. The investment strategy is constructed according to the prediction results, and the yield of maturity exceeds that of the buy-and-hold strategy. © 2021 The Author(s)","2022","2025-02-19 08:50:10","2025-02-19 08:50:10","","","","","191","","Expert Sys Appl","","","","","","","","English","","","Scopus","","","","","","","","","Deep learning; Forecasting; Long short-term memory; Commerce; Financial markets; Investments; Electronic trading; Industrial chain; Lime; Model transfer; Multilayer neural networks; Multilayers perceptrons; Nonlinear characteristics; Stock market index; Stock prediction; Stock predictions; Stock price; Time series; Times series; Transfer learning","","","","","","","","","","","","","","","","","","","","","","","","","","","","","","","","","","","","","","","","","","","","","",""
"2AWSKPWZ","conferencePaper","2020","Chiewhawan, T.; Vateekul, P.","Explainable deep learning for thai stock market prediction using textual representation and technical indicators","ACM Int. Conf. Proc. Ser.","978-145038766-8 (ISBN)","","10.1145/3411174.3411191","https://www.scopus.com/inward/record.uri?eid=2-s2.0-85090909854&doi=10.1145%2f3411174.3411191&partnerID=40&md5=89df3b25e08a24ceb47935f8d36c78f5","In this paper, we proposed a deep neural network to predict the Thailand stock market (SET index) with the capability to analyze both numerical and textual inputs altogether. The datasets include twelve-years market data with generated technical indicators (73 time-series) and Thai economic news headlines from various online sources. The proposed model consists of a long-short term memory model and textual representations to predict one-day-ahead percentage market changes. We experiment on two textual representation approaches, which is the Hierarchical neural network and Bidirectional Encoder Representations from Transformers (BERT) together with aggregated embedding. The three-year average experimental results show that adding textual representation increase profit of 6.9% on the proposed strategy-free metric. Next, the Hierarchical approach performs considerably better than the BERT method showing up to 4.4% profit increase. Finally, we demonstrate another advantage of the hierarchical approach for model interpretability using the integrated gradient attribution methods. This interpretability lets us analyze the underlying textual relevance and also for future model improvement. © 2020 ACM.","2020","2025-02-19 08:50:10","2025-02-19 08:50:10","","19-23","","","","","","","","","","","Association for Computing Machinery","","English","","","Scopus","","","","","","","","","Deep learning; Interpretability; Forecasting; Commerce; Financial markets; Electronic trading; Deep neural networks; Hierarchical approach; Hierarchical neural networks; natural language processing; Neural networks; Online sources; Profitability; Short term memory; stock prediction; Technical indicator; Textual representation; Thai stock markets","","","","","","","","","","","","","","","","","","","","","","","","","","","","","","","ACM International Conference Proceeding Series","","","","","","","","","","","","","","",""
"EQE4F3P7","journalArticle","2023","Ghosh, I.; Alfaro-Cortés, E.; Gámez, M.; García-Rubio, N.","Role of proliferation COVID-19 media chatter in predicting Indian stock market: Integrated framework of nonlinear feature transformation and advanced AI","Expert Systems with Applications","","09574174 (ISSN)","10.1016/j.eswa.2023.119695","https://www.scopus.com/inward/record.uri?eid=2-s2.0-85148547130&doi=10.1016%2fj.eswa.2023.119695&partnerID=40&md5=aac224228416c4f52011767b9467ac7f","The outbreak of the COVID-19 pandemic has transpired the global media to gallop with reports and news on the novel Coronavirus. The intensity of the news chatter on various aspects of the pandemic, in conjunction with the sentiment of the same, accounts for the uncertainty of investors linked to financial markets. In this research, Artificial Intelligence (AI) driven frameworks have been propounded to gauge the proliferation of COVID-19 news towards Indian stock markets through the lens of predictive modelling. Two hybrid predictive frameworks, UMAP-LSTM and ISOMAP-GBR, have been constructed to accurately forecast the daily stock prices of 10 Indian companies of different industry verticals using several systematic media chatter indices related to the COVID-19 pandemic alongside several orthodox technical indicators and macroeconomic variables. The outcome of the rigorous predictive exercise rationalizes the utility of monitoring relevant media news worldwide and in India. Additional model interpretation using Explainable AI (XAI) methodologies indicates that a high quantum of overall media hype, media coverage, fake news, etc., leads to bearish market regimes. © 2023 The Author(s)","2023","2025-02-19 08:50:09","2025-02-19 08:50:09","","","","","219","","Expert Sys Appl","","","","","","","","English","","","Scopus","","","","","","","","","Forecasting; Long short-term memory; Commerce; COVID-19; COVID-19 pandemic; Financial markets; Integrated frameworks; Investments; ISOMAP-GBR; Isomaps; Media index; Medium index; Nonlinear features; Ravenpack; RavenPack; Stock market prediction; UMAP-LSTM; XAI","","","","","","","","","","","","","","","","","","","","","","","","","","","","","","","","","","","","","","","","","","","","","",""
"LTJD7P5I","conferencePaper","2024","Gangavarapu, R.; Daiya, H.; Puri, G.; Narlawar, S.","Enhancing Fraud Detection in Payment Systems Using Explainable AI and Deep Learning Techniques","Int. Conf. Intell. Comput. Data Sci., ICDS","979-835035120-0 (ISBN)","","10.1109/ICDS62089.2024.10756502","https://www.scopus.com/inward/record.uri?eid=2-s2.0-85211934460&doi=10.1109%2fICDS62089.2024.10756502&partnerID=40&md5=b97043b0bcbe7cb710431cbfdaf5181d","The evolving nature of financial fraud necessitates advanced detection methods beyond traditional rule-based systems and statistical approaches. This study developed a deep learning-based model for financial fraud detection, incorporating explainable AI (XAI) techniques to enhance interpretability. The model achieved a precision of 99.995% in identifying financial fraud, demonstrating significant improvement over traditional methods. By integrating XAI, using SHAP was further effective in identifying influential features in the model. Our findings indicate that the model not only enhances fraud detection accuracy but also offers stakeholders a clear understanding of fraud identification factors, potentially leading to more robust and trustworthy financial systems. However, this study highlights the need for further research on enhancing the interpretability of deep learning models in fraud detection, emphasizing the importance of balancing the model complexity with explainability to have a resilient financial security system. © 2024 IEEE.","2024","2025-02-19 08:50:09","2025-02-19 08:50:09","","","","","","","","","","","","","Institute of Electrical and Electronics Engineers Inc.","","English","","","Scopus","","","","","","","","","Deep learning; Interpretability; Advanced detections; Adversarial machine learning; Contrastive Learning; Detection methods; Explainable AI; Financial fraud; Fraud detection; Fraud Detection; Learning techniques; model; Payment systems; Rules based systems","Oubenaalla Y.; Nfaoui E.H.; Boumhidi J.; Loqman C.; Alippi C.","","","","","","","","","","","","","","","","","","","","","","","","","","","","","","6th International Conference on Intelligent Computing in Data Sciences, ICDS 2024","","","","","","","","","","","","","","",""
"WPHZ7HVY","conferencePaper","2020","Pai, N.; Ilango, V.","LSTM neural network model with feature selection for financial time series prediction","Proc. Int. Conf. IoT Soc., Mob., Anal. Cloud, ISMAC","978-172815464-0 (ISBN)","","10.1109/I-SMAC49090.2020.9243376","https://www.scopus.com/inward/record.uri?eid=2-s2.0-85097831414&doi=10.1109%2fI-SMAC49090.2020.9243376&partnerID=40&md5=1701f757714a0745ee887d8c12ca3224","The case of features selection plays an important role in fine-tuning the prediction capacity of machine learning models. This paper reviews the different scenarios with three sets of features in each case and evaluate the training and validation data performance with and without these features. How the prediction results change can be seen as and when the different features are included or excluded and Recursive feature elimination, Correlation, Random forest algorithm is used for feature importance and evaluate the results with LSTM networks. © 2020 IEEE.","2020","2025-02-19 08:50:08","2025-02-19 08:50:08","","672-677","","","","","","","","","","","Institute of Electrical and Electronics Engineers Inc.","","English","","","Scopus","","","","","","/Users/jensreil/Zotero/storage/EMAIKNFM/Pai and Ilango - 2020 - LSTM neural network model with feature selection for financial time series prediction.pdf","","","Machine Learning; Decision trees; Feature extraction; Feature Extraction; Feature Selection; Features selection; Financial data processing; Financial time series predictions; Forecasting; Internet of things; Long Short Term Memory; Long short-term memory; Machine learning models; Neural network model; Random forest algorithm; Recursive feature elimination; Sets of features; Validation data","","","","","","","","","","","","","","","","","","","","","","","","","","","","","","","Proceedings of the 4th International Conference on IoT in Social, Mobile, Analytics and Cloud, ISMAC 2020","","","","","","","","","","","","","","",""
"AL2G8QA5","conferencePaper","2024","Mtetwa, J.T.; Ogudo, K.; Pudaruth, S.","Explainable Algorithmic Trading: Unlocking the Black Box with GAN-Based Visualizations","Int. Conf. Artif. Intell., Big Data, Comput. Data Commun. Syst., icABCD - Proc.","979-835038790-2 (ISBN)","","10.1109/icABCD62167.2024.10645264","https://www.scopus.com/inward/record.uri?eid=2-s2.0-85203827741&doi=10.1109%2ficABCD62167.2024.10645264&partnerID=40&md5=40fdc90374c919b434588ace240a2d65","Despite AI transforming algorithmic trading, the lack of transparency in these systems, sometimes referred to as 'black boxes,' hinders wider confidence and acceptance. This proposed research presents a novel approach to uncovering the decision-making process of AI-driven trading strategies. It utilizes Generative Adversarial Networks (GANs) to produce visual explanations that are easy to understand. This methodology surpasses conventional methods of explain ability by transforming the intricate, data-derived understandings of a Deep Q-Network (DQN) reinforcement-learning agent into easily understandable visual representations. More precisely, we utilize saliency maps to emphasize the crucial market elements that affect the agent's actions, offering an unparalleled level of understanding of its operational reasoning. Our assessment highlights the effectiveness of these visualizations in improving human comprehension, thus closing the gap between advanced AI capabilities and practical financial experience. This work not only promotes increased clarity and trust in algorithmic trading but also establishes a standard for using visual explanations in intricate AI systems. This has ramifications for adhering to regulations, creating algorithms, and involving stakeholders in the financial sector.  © 2024 IEEE.","2024","2025-02-19 08:50:08","2025-02-19 08:50:08","","","","","","","","","","","","","Institute of Electrical and Electronics Engineers Inc.","","English","","","Scopus","","","","","","/Users/jensreil/Zotero/storage/GNXHTBRP/Mtetwa et al. - 2024 - Explainable Algorithmic Trading Unlocking the Black Box with GAN-Based Visualizations.pdf","","","Reinforcement learning; Adversarial machine learning; Financial markets; Investments; Deep reinforcement learning; Reinforcement learnings; Decision making; Algorithmic trading; Decentralized finance; Black boxes; Adversarial networks; Generative adversarial networks; Marketplaces; Algorithmic Trading; Deep Q-network; Deep Q-Networks (DQNs); Explainable AI (XAl); Financial market visualization; Financial Market Visualization; Generative adversarial network; Generative Adversarial Networks (GANs); Network-based; Reinforcement Learning; Saliency map; Saliency Maps","Pudaruth S.; Singh U.","","","","","","","","","","","","","","","","","","","","","","","","","","","","","","7th International Conference on Artificial Intelligence, Big Data, Computing and Data Communication Systems, icABCD 2024 - Proceedings","","","","","","","","","","","","","","",""
"NZQ92CQL","journalArticle","2024","Ipkovich, Á.; Czvetkó, T.; Acosta, L.A.; Lee, S.; Nzimenyera, I.; Sebestyén, V.; Abonyi, J.","Network science and explainable AI-based life cycle management of sustainability models","PLoS ONE","","19326203 (ISSN)","10.1371/journal.pone.0300531","https://www.scopus.com/inward/record.uri?eid=2-s2.0-85195857441&doi=10.1371%2fjournal.pone.0300531&partnerID=40&md5=1fbfd6bdb8c652b8bba691106b034eba","Model-based assessment of the potential impacts of variables on the Sustainable Development Goals (SDGs) can bring great additional information about possible policy intervention points. In the context of sustainability planning, machine learning techniques can provide data-driven solutions throughout the modeling life cycle. In a changing environment, existing models must be continuously reviewed and developed for effective decision support. Thus, we propose to use the Machine Learning Operations (MLOps) life cycle framework. A novel approach for model identification and development is introduced, which involves utilizing the Shapley value to determine the individual direct and indirect contributions of each variable towards the output, as well as network analysis to identify key drivers and support the identification and validation of possible policy intervention points. The applicability of the methods is demonstrated through a case study of the Hungarian water model developed by the Global Green Growth Institute. Based on the model exploration of the case of water efficiency and water stress (in the examined period for the SDG 6.4.1 & 6.4.2) SDG indicators, water reuse and water circularity offer a more effective intervention option than pricing and the use of internal or external renewable water resources.  © 2024 Ipkovich et al. This is an open access article distributed under the terms of the Creative Commons Attribution License, which permits unrestricted use, distribution, and reproduction in any medium, provided the original author and source are credited.","2024","2025-02-25 15:16:07","2025-02-25 15:16:07","","","","6 June","19","","PLoS ONE","","","","","","","","English","","","Scopus","","","","Publisher: Public Library of Science","","/Users/jensreil/Zotero/storage/WTGQVUKR/Ipkovich et al. - 2024 - Network science and explainable AI-based life cycle management of sustainability models.pdf","","Machine Learning; machine learning; Artificial Intelligence; artificial intelligence; human; Humans; time series analysis; decision support system; electronic health record; life cycle; artificial neural network; procedures; support vector machine; Article; climate change; Conservation of Natural Resources; environmental protection; food industry; food waste; hidden Markov model; Hungary; Models, Theoretical; Monte Carlo method; program sustainability; risk assessment; seasonal variation; social network; sustainable development; Sustainable Development; theoretical model; water supply","","","","","","","","","","","","","","","","","","","","","","","","","","","","","","","","","","","","","","","","","","","","","","",""
"PRGB32A5","journalArticle","2024","Nguyen, T.T.; Le Nguyen, T.; Ifrim, G.","Robust explainer recommendation for time series classification","Data Mining and Knowledge Discovery","","13845810 (ISSN)","10.1007/s10618-024-01045-8","https://www.scopus.com/inward/record.uri?eid=2-s2.0-85196363465&doi=10.1007%2fs10618-024-01045-8&partnerID=40&md5=dfceb1391e33e38b3ebcf7e26a2c68ab","Time series classification is a task which deals with temporal sequences, a prevalent data type common in domains such as human activity recognition, sports analytics and general sensing. In this area, interest in explanability has been growing as explanation is key to understand the data and the model better. Recently, a great variety of techniques (e.g., LIME, SHAP, CAM) have been proposed and adapted for time series to provide explanation in the form of saliency maps, where the importance of each data point in the time series is quantified with a numerical value. However, the saliency maps can and often disagree, so it is unclear which one to use. This paper provides a novel framework to quantitatively evaluate and rank explanation methods for time series classification. We show how to robustly evaluate the informativeness of a given explanation method (i.e., relevance for the classification task), and how to compare explanations side-by-side. The goal is to recommend the best explainer for a given time series classification dataset. We propose AMEE, a Model-Agnostic Explanation Evaluation framework, for recommending saliency-based explanations for time series classification. In this approach, data perturbation is added to the input time series guided by each explanation. Our results show that perturbing discriminative parts of the time series leads to significant changes in classification accuracy, which can be used to evaluate each explanation. To be robust to different types of perturbations and different types of classifiers, we aggregate the accuracy loss across perturbations and classifiers. This novel approach allows us to recommend the best explainer among a set of different explainers, including random and oracle explainers. We provide a quantitative and qualitative analysis for synthetic datasets, a variety of time-series datasets, as well as a real-world case study with known expert ground truth. © The Author(s) 2024.","2024","2025-02-25 15:16:07","2025-02-25 15:16:07","","3372-3413","","6","38","","Data Min. Knowl. Discov.","","","","","","","","English","","","Scopus","","","","Publisher: Springer","","/Users/jensreil/Zotero/storage/W2KPN45V/Nguyen et al. - 2024 - Robust explainer recommendation for time series classification.pdf","","Explainable AI; Lime; Time series; Times series; Classification (of information); Time series analysis; Datatypes; Trustworthy AI; Saliency map; Time series classifications; Datapoints; Explanation recommendation; Human activity recognition; Temporal sequences; Time series classification","","","","","","","","","","","","","","","","","","","","","","","","","","","","","","","","","","","","","","","","","","","","","","",""
"AF2BN6UM","journalArticle","2024","Slater, L.; Coxon, G.; Brunner, M.; McMillan, H.; Yu, L.; Zheng, Y.; Khouakhi, A.; Moulds, S.; Berghuijs, W.","Spatial Sensitivity of River Flooding to Changes in Climate and Land Cover Through Explainable AI","Earth's Future","","23284277 (ISSN)","10.1029/2023EF004035","https://www.scopus.com/inward/record.uri?eid=2-s2.0-85191683236&doi=10.1029%2f2023EF004035&partnerID=40&md5=c10d2e7bf5822df05af9c5b5d4397a00","Explaining the spatially variable impacts of flood-generating mechanisms is a longstanding challenge in hydrology, with increasing and decreasing temporal flood trends often found in close regional proximity. Here, we develop a machine learning-informed approach to unravel the drivers of seasonal flood magnitude and explain the spatial variability of their effects in a temperate climate. We employ 11 observed meteorological and land cover (LC) time series variables alongside 8 static catchment attributes to model flood magnitude in 1,268 catchments across Great Britain over four decades. We then perform a sensitivity analysis to assess how a 10% increase in precipitation, a 1°C rise in air temperature, or a 10 percentage point increase in urban or forest LC may affect flood magnitude in catchments with varying characteristics. Our simulations show that increasing precipitation and urbanization both tend to amplify flood magnitude significantly more in catchments with high baseflow contribution and low runoff ratio, which tend to have lower values of specific discharge on average. In contrast, rising air temperature (in the absence of changing precipitation) decreases flood magnitudes, with the largest effects in dry catchments with low baseflow index. Afforestation also tends to decrease floods more in catchments with low groundwater contribution, and in dry catchments in the summer. Our approach may be used to further disentangle the joint effects of multiple flood drivers in individual catchments. © 2024 The Authors. Earth's Future published by Wiley Periodicals LLC on behalf of American Geophysical Union.","2024","2025-02-25 15:16:07","2025-02-25 15:16:07","","","","5","12","","Earth's Futur.","","","","","","","","English","","","Scopus","","","","Publisher: John Wiley and Sons Inc","","/Users/jensreil/Zotero/storage/UW6UBFZQ/Slater et al. - 2024 - Spatial Sensitivity of River Flooding to Changes in Climate and Land Cover Through Explainable AI.pdf","","machine learning; time series analysis; afforestation; air temperature; baseflow; climate effect; climate impacts; drivers; floods; groundwater; land cover; sensitivity analysis; United Kingdom; urbanization","","","","","","","","","","","","","","","","","","","","","","","","","","","","","","","","","","","","","","","","","","","","","","",""
"E3ZI2KS7","journalArticle","2025","Kasnesis, P.; Chatzigeorgiou, C.; Feidakis, M.; Gutiérrez, Á.; Patrikakis, C.Z.","TranSenseFusers: A temporal CNN-Transformer neural network family for explainable PPG-based stress detection","Biomedical Signal Processing and Control","","17468094 (ISSN)","10.1016/j.bspc.2024.107248","https://www.scopus.com/inward/record.uri?eid=2-s2.0-85211006526&doi=10.1016%2fj.bspc.2024.107248&partnerID=40&md5=6c7b2e5ea6c3e54212b5d0daab7325b4","Stress is a common everyday emotional state in modern society contributing to both physical and mental illnesses. Thus, detecting and managing the degree of stress is crucial to improve well-being. Wearable devices equipped with biosensors, such as PhotoPlethysmoGraphy (PPG), can measure reliably a person's affective state. However, PPG-based approaches suffer from the presence of Motion Artifacts (MA) affecting their overall performance. Classical machine learning and deep learning approaches have been proposed over the years for PPG-based stress detection, exploiting signal processing techniques to remove the recorded noise, but lack explainability or their performance fails to generalize across subjects. In the current work, we present a novel architecture, TranSenseFuser comprised of temporal convolutions followed by feature-level or sequence-level multi-head attention to improve sensor fusion's effectiveness and exploit the provided attention maps as a form of explainability. The developed models are evaluated on highly benchmarked public dataset, namely WESAD, achieving state-of-the-art results (up to 98.46% accuracy and 97.03% F1-score) using different window sizes and cross-validation set-ups. Moreover, we demonstrate the explainability of the model towards filtering out the motion artifacts by visualizing the obtained attention maps and quantify the performance of this artifact segmentation feature in a zeros-shot manner. © 2024 Elsevier Ltd","2025","2025-02-25 15:16:07","2025-02-25 15:16:07","","","","","102","","Biomed. Signal Process. Control","","","","","","","","English","","","Scopus","","","","Publisher: Elsevier Ltd","","","","Deep learning; Deep neural networks; Performance; deep learning; Convolutional neural networks; machine learning; Convolutional neural network; human; adult; female; male; artificial neural network; feature extraction; filtration; information processing; artifact; convolutional neural network; Article; accuracy; Attention; body temperature; clinical article; electrodermal response; Emotional state; Gluing; Image segmentation; mental arithmetic; mental load; motion artifact; Motion artifact; multi head cross attentional; multi head self attention; Neural network family; normal human; photoelectric plethysmography; Photoplethysmography; physiological stress; public speaking; Sensor fusion; Shot noise; signal processing; sitting; Spatio-temporal data; Stress detection; Trier Social Stress Test; Wearable; Wearable sensors; Wearables","","","","","","","","","","","","","","","","","","","","","","","","","","","","","","","","","","","","","","","","","","","","","","",""
"353IMM9A","journalArticle","2025","Cai, R.; Zhu, Y.; Chen, X.; Fang, Y.; Wu, M.; Qiao, J.; Hao, Z.","On the probability of necessity and sufficiency of explaining Graph Neural Networks: A lower bound optimization approach","Neural Networks","","08936080 (ISSN)","10.1016/j.neunet.2024.107065","https://www.scopus.com/inward/record.uri?eid=2-s2.0-85213016514&doi=10.1016%2fj.neunet.2024.107065&partnerID=40&md5=9ca140a84223d296bf7c8b0148bf0dc1","The explainability of Graph Neural Networks (GNNs) is critical to various GNN applications, yet it remains a significant challenge. A convincing explanation should be both necessary and sufficient simultaneously. However, existing GNN explaining approaches focus on only one of the two aspects, necessity or sufficiency, or a heuristic trade-off between the two. Theoretically, the Probability of Necessity and Sufficiency (PNS) holds the potential to identify the most necessary and sufficient explanation since it can mathematically quantify the necessity and sufficiency of an explanation. Nevertheless, the difficulty of obtaining PNS due to non-monotonicity and the challenge of counterfactual estimation limit its wide use. To address the non-identifiability of PNS, we resort to a lower bound of PNS that can be optimized via counterfactual estimation, and propose a framework of Necessary and Sufficient Explanation for GNN (NSEG) via optimizing that lower bound. Specifically, we depict the GNN as a structural causal model (SCM), and estimate the probability of counterfactual via the intervention under the SCM. Additionally, we leverage continuous masks with a sampling strategy to optimize the lower bound to enhance the scalability. Empirical results demonstrate that NSEG outperforms state-of-the-art methods, consistently generating the most necessary and sufficient explanations. The implementation of our NSEG is available at https://github.com/EthanChu7/NSEG. © 2024 Elsevier Ltd","2025","2025-02-25 15:16:07","2025-02-25 15:16:07","","","","","184","","Neural Netw.","","","","","","","","English","","","Scopus","","","","Publisher: Elsevier Ltd","","","","Explainability; Interpretability; Explainable AI; Counterfactuals; machine learning; learning algorithm; Neural network models; Graph neural networks; time series analysis; causal model; learning; explainable artificial intelligence; nerve cell network; classification algorithm; information processing; training; Article; sensitivity analysis; accuracy; action potential; ascending aorta; Bound optimization; Causal modeling; Causality; computer model; empiricism; entropy; graph neural network; Graph Neural Networks; hydrogen bond; Low bound; mathematical parameters; Optimization approach; probability; scientific literature; signal noise ratio","","","","","","","","","","","","","","","","","","","","","","","","","","","","","","","","","","","","","","","","","","","","","","",""
"ZTPRASZK","journalArticle","2024","Oliver, M.; Allou, N.; Devineau, M.; Allyn, J.; Ferdynus, C.","A transformer model for cause-specific hazard prediction","BMC Bioinformatics","","14712105 (ISSN)","10.1186/s12859-024-05799-2","https://www.scopus.com/inward/record.uri?eid=2-s2.0-85192108759&doi=10.1186%2fs12859-024-05799-2&partnerID=40&md5=4a3ed79c22d5ee633504b325e549c5ef","Backgroud: Modelling discrete-time cause-specific hazards in the presence of competing events and non-proportional hazards is a challenging task in many domains. Survival analysis in longitudinal cohorts often requires such models; notably when the data is gathered at discrete points in time and the predicted events display complex dynamics. Current models often rely on strong assumptions of proportional hazards, that is rarely verified in practice; or do not handle sequential data in a meaningful way. This study proposes a Transformer architecture for the prediction of cause-specific hazards in discrete-time competing risks. Contrary to Multilayer perceptrons that were already used for this task (DeepHit), the Transformer architecture is especially suited for handling complex relationships in sequential data, having displayed state-of-the-art performance in numerous tasks with few underlying assumptions on the task at hand. Results: Using synthetic datasets of 2000–50,000 patients, we showed that our Transformer model surpassed the CoxPH, PyDTS, and DeepHit models for the prediction of cause-specific hazard, especially when the proportional assumption did not hold. The error along simulated time outlined the ability of our model to anticipate the evolution of cause-specific hazards at later time steps where few events are observed. It was also superior to current models for prediction of dementia and other psychiatric conditions in the English longitudinal study of ageing cohort using the integrated brier score and the time-dependent concordance index. We also displayed the explainability of our model’s prediction using the integrated gradients method. Conclusions: Our model provided state-of-the-art prediction of cause-specific hazards, without adopting prior parametric assumptions on the hazard rates. It outperformed other models in non-proportional hazards settings for both the synthetic dataset and the longitudinal cohort study. We also observed that basic models such as CoxPH were more suited to extremely simple settings than deep learning models. Our model is therefore especially suited for survival analysis on longitudinal cohorts with complex dynamics of the covariate-to-outcome relationship, which are common in clinical practice. The integrated gradients provided the importance scores of input variables, which indicated variables guiding the model in its prediction. This model is ready to be utilized for time-to-event prediction in longitudinal cohorts. © The Author(s) 2024.","2024","2025-02-25 15:16:07","2025-02-25 15:16:07","","","","1","25","","BMC Bioinform.","","","","","","","","English","","","Scopus","","","","Publisher: BioMed Central Ltd","","/Users/jensreil/Zotero/storage/IJCB4D32/Oliver et al. - 2024 - A transformer model for cause-specific hazard prediction.pdf","","Deep learning; Forecasting; Transformer modeling; human; Humans; Transformer; Bioinformatics; Cause-specific hazard; Competing risks; Discrete time; English longitudinal study of ageing; English longitudinal study of aging; Hazards; Longitudinal study; Proportional hazards; proportional hazards model; Proportional Hazards Models; survival analysis; Survival analysis; Survival Analysis; Synthetic data","","","","","","","","","","","","","","","","","","","","","","","","","","","","","","","","","","","","","","","","","","","","","","",""
"ECI5QYV2","journalArticle","2025","Rodrigues, E.M.; Baghoussi, Y.; Mendes-Moreira, J.","KDBI special issue: Explainability feature selection framework application for LSTM multivariate time-series forecast self optimization","Expert Systems","","02664720 (ISSN)","10.1111/exsy.13674","https://www.scopus.com/inward/record.uri?eid=2-s2.0-85197946224&doi=10.1111%2fexsy.13674&partnerID=40&md5=88e2bd95988637e6752e946beab47225","Deep learning models are widely used in multivariate time series forecasting, yet, they have high computational costs. One way to reduce this cost is by reducing data dimensionality, which involves removing unimportant or low importance information with the proper method. This work presents a study on an explainability feature selection framework composed of four methods (IMV-LSTM Tensor, LIME-LSTM, Average SHAP-LSTM, and Instance SHAP-LSTM) aimed at using the LSTM black-box model complexity to its favour, with the end goal of improving the error metrics and reducing the computational cost on a forecast task. To test the framework, three datasets with a total of 101 multivariate time series were used, with the explainability methods outperforming the baseline methods in most of the data, be it in error metrics or computation time for the LSTM model training. © 2024 John Wiley & Sons Ltd.","2025","2025-02-25 15:16:07","2025-02-25 15:16:07","","","","2","42","","Expert Syst","","","","","","","","English","","","Scopus","","","","Publisher: John Wiley and Sons Inc","","/Users/jensreil/Zotero/storage/BZQP4R52/Rodrigues et al. - 2025 - KDBI special issue Explainability feature selection framework application for LSTM multivariate tim.pdf","","Explainability; Feature extraction; Features selection; Forecasting; Long short-term memory; XAI; Lime; Time series; LSTM; explainability; feature selection; Computational costs; Cost reduction; Error metrices; Multivariate time series; multivariate time-series; Selection framework; Self-optimization; Time series forecasts","","","","","","","","","","","","","","","","","","","","","","","","","","","","","","","","","","","","","","","","","","","","","","",""
"SQXTRKIV","journalArticle","2025","Szostak, B.; Doroz, R.; Marker, M.","Contextual Background Estimation for Explainable AI in Temperature Prediction","Applied Sciences (Switzerland)","","20763417 (ISSN)","10.3390/app15031057","https://www.scopus.com/inward/record.uri?eid=2-s2.0-85217616595&doi=10.3390%2fapp15031057&partnerID=40&md5=bc18669171ae5b435f81b5a8e95ff5e4","Accurate weather prediction and electrical load modeling are critical for optimizing energy systems and mitigating environmental impacts. This study explores the integration of the novel Mean Background Method and Background Estimation Method with Explainable Artificial Intelligence (XAI) with the aim to enhance the evaluation and understanding of time-series models in these domains. The electrical load or temperature predictions are regression-based problems. Some XAI methods, such as SHAP, require using the base value of the model as the background to provide an explanation. However, in contextualized situations, the default base value is not always the best choice. The selection of the background can significantly affect the corresponding Shapley values. This paper presents two innovative XAI methods designed to provide robust context-aware explanations for regression and time-series problems, addressing critical gaps in model interpretability. They can be used to improve background selection to make more conscious decisions and improve the understanding of predictions made by models that use time-series data. © 2025 by the authors.","2025","2025-02-25 15:16:07","2025-02-25 15:16:07","","","","3","15","","Appl. Sci.","","","","","","","","English","","","Scopus","","","","Publisher: Multidisciplinary Digital Publishing Institute (MDPI)","","/Users/jensreil/Zotero/storage/4I997SS2/Szostak et al. - 2025 - Contextual Background Estimation for Explainable AI in Temperature Prediction.pdf","","Explainable AI; XAI; Times series; SHAP; LSTM; Prediction models; time-series; explainable AI; Electric load forecasting; Background estimation; regression; Regression; temperature forecasting; Temperature forecasting; Temperature prediction; timeSHAP; Timeshap; Weather forecasting","","","","","","","","","","","","","","","","","","","","","","","","","","","","","","","","","","","","","","","","","","","","","","",""
"MMAPX4DU","journalArticle","2024","Puder, A.; Zink, M.; Seidel, L.; Sax, E.","Hybrid Anomaly Detection in Time Series by Combining Kalman Filters and Machine Learning Models","Sensors","","14248220 (ISSN)","10.3390/s24092895","https://www.scopus.com/inward/record.uri?eid=2-s2.0-85192758490&doi=10.3390%2fs24092895&partnerID=40&md5=f8e5b6c1bfcdfdb212b928bfacf3e91a","Due to connectivity and automation trends, the medical device industry is experiencing increased demand for safety and security mechanisms. Anomaly detection has proven to be a valuable approach for ensuring safety and security in other industries, such as automotive or IT. Medical devices must operate across a wide range of values due to variations in patient anthropometric data, making anomaly detection based on a simple threshold for signal deviations impractical. For example, surgical robots directly contacting the patient’s tissue require precise sensor data. However, since the deformation of the patient’s body during interaction or movement is highly dependent on body mass, it is impossible to define a single threshold for implausible sensor data that applies to all patients. This also involves statistical methods, such as Z-score, that consider standard deviation. Even pure machine learning algorithms cannot be expected to provide the required accuracy simply due to the lack of available training data. This paper proposes using hybrid filters by combining dynamic system models based on expert knowledge and data-based models for anomaly detection in an operating room scenario. This approach can improve detection performance and explainability while reducing the computing resources needed on embedded devices, enabling a distributed approach to anomaly detection. © 2024 by the authors.","2024","2025-02-25 15:16:07","2025-02-25 15:16:07","","","","9","24","","Sensors","","","","","","","","English","","","Scopus","","","","Publisher: Multidisciplinary Digital Publishing Institute (MDPI)","","/Users/jensreil/Zotero/storage/NRTT8ZZY/Puder et al. - 2024 - Hybrid Anomaly Detection in Time Series by Combining Kalman Filters and Machine Learning Models.pdf","","Deep learning; Learning systems; Machine Learning; Machine-learning; Anomaly detection; Learning algorithms; deep learning; machine learning; Time series analysis; Time-series analysis; Kalman filter; human; Humans; time series analysis; algorithm; Algorithms; Sensor fusion; Accident prevention; anomaly detection; Anthropometry; Information services; Kalman filters; medical; Medical; ROS2; sensor fusion; Service oriented architecture (SOA); Service-oriented architecture; service-oriented architecture (SOA); simulation; Simulation; Soa (serviceoriented architecture)","","","","","","","","","","","","","","","","","","","","","","","","","","","","","","","","","","","","","","","","","","","","","","",""
"YAH6Z27H","journalArticle","2024","Sudarshan, V.K.; Ramachandra, R.A.; Ojha, S.; Tan, R.-S.","DCEnt‐PredictiveNet: A novel explainable hybrid model for time series forecasting","Neurocomputing","","09252312 (ISSN)","10.1016/j.neucom.2024.128389","https://www.scopus.com/inward/record.uri?eid=2-s2.0-85202200005&doi=10.1016%2fj.neucom.2024.128389&partnerID=40&md5=0a18c71019156a48e104c1ca5ff0deab","This work presents a novel hybrid framework called DCEnt-PredictiveNet (deep convolutional neural network (DCNN) + entropy + support vector regressor (SVR)) that concatenate both deep and handcrafted features for time series data analysis and forecasting. From the discrete wavelet transform coefficients of input time series data, computed four different handcrafted entropy features, which were then concatenated with deep features extracted using a modified DCNN. The concatenated deep and handcrafted feature vector was then fed to a SVR for prediction. The DCEnt-PredictiveNet framework was trained and tested on three time series datasets of real-world COVID-19, stock price and traffic information, and achieved mean absolute percentage errors of 0.03 %, 1.53 % and 11.41 % for daily cumulative COVID-19 positive cases, closing stock price, and hourly traffic (vehicle numbers) at one junction predictions, respectively. In addition, we incorporated local interpretable model-agnostic explanations and Shapley additive explanations methods into DCEnt-PredictiveNet to enable visualization of significant features that contributed to the model's decision-making, thereby enhancing its explainability. Our DCEnt-PredictiveNet model yielded promising and interpretable forecasting results, which can facilitate advance resource planning in hospitals for incoming COVID-19 patients, stock market investment planning, and efficient traffic control management. © 2024 Elsevier B.V.","2024","2025-02-25 15:16:07","2025-02-25 15:16:07","","","","","608","","Neurocomputing","","","","","","","","English","","","Scopus","","","","Publisher: Elsevier B.V.","","","","Stock price; natural language processing; Time series forecasting; Prediction models; stock market; CNN; machine learning; Stock price prediction; Convolutional neural network; learning algorithm; artificial intelligence; Shapley additive explanation; prediction; human; time series analysis; nerve cell network; algorithm; support vector machine; convolutional neural network; Article; signal processing; computer model; bioinformatics; brain depth stimulation; coronavirus disease 2019; COVID prediction; DCEnt PredictiveNet; discrete wavelet transform; Entropy; Explainable; forecasting; futurology; hybrid model; Hybrid model; Interpretable; mathematical model; Prediction; skin conductance; Support vector regressor; time series forecasting; Traffic flow","","","","","","","","","","","","","","","","","","","","","","","","","","","","","","","","","","","","","","","","","","","","","","",""
"BGGEJKX9","journalArticle","2024","Muhammad, D.; Ahmed, I.; Naveed, K.; Bendechache, M.","An explainable deep learning approach for stock market trend prediction","Heliyon","","24058440 (ISSN)","10.1016/j.heliyon.2024.e40095","https://www.scopus.com/inward/record.uri?eid=2-s2.0-85208136388&doi=10.1016%2fj.heliyon.2024.e40095&partnerID=40&md5=1b5c5f9ebcfd0fadd506db2b14d538f7","Given the intricate nature of stock forecasting as well as the inherent risks and uncertainties, analysis of market trends is necessary to capitalize on optimal investment opportunities for profit maximization and timely disinvestment for loss minimization. In this work, we propose a deep learning model for predicting five distinct stock market trends: upward, downward, double top, rounded bottom, and rounded top. The proposed model surpasses common benchmarks, including support vector machine, random forest, and logistic regression, achieving an average accuracy of 94.9%, compared to 85.7% for random forest, 60.07% for support vector machine, and 52.45% for logistic regression. Furthermore the proposed model excels in F1-score, with a 94.85% performance, compared to 77.95% for random forest, 21.02% for support vector machine and 46.23% for logistic regression, across four real world diverse datasets. Additionally, we employ explainable AI (XAI) techniques, SHAP and LIME, to enhance interpretability, enabling stakeholders to understand the key factors driving predictions. The SHAP analysis reveals the top 10 most important/influential features, enabling feature reduction while maintaining performance. Interestingly, while accuracy slightly decreases with top 10 features, precision, recall, and F1-score improve, suggesting a trade-off between comprehensiveness and performance. These results demonstrate the potential for practical application in financial decision-making, providing a balance between interpretability and predictive power that can support investors in risk management and strategic planning. © 2024 The Author(s)","2024","2025-02-25 15:16:07","2025-02-25 15:16:07","","","","21","10","","Heliyon","","","","","","","","English","","","Scopus","","","","Publisher: Elsevier Ltd","","/Users/jensreil/Zotero/storage/5PVQS6V6/Muhammad et al. - 2024 - An explainable deep learning approach for stock market trend prediction.pdf","","Explainable AI; Machine learning; Time series prediction; Deep neural network; Stock market trend prediction","","","","","","","","","","","","","","","","","","","","","","","","","","","","","","","","","","","","","","","","","","","","","","",""
"YMISJQML","journalArticle","2024","Battaglia, E.; Peiretti, F.; Pensa, R.G.","Co-clustering: A Survey of the Main Methods, Recent Trends, and Open Problems","ACM Computing Surveys","","03600300 (ISSN)","10.1145/3698875","https://www.scopus.com/inward/record.uri?eid=2-s2.0-85210306223&doi=10.1145%2f3698875&partnerID=40&md5=e48897e341d7bdb8fce41f57c0d16353","Since its early formulations, co-clustering has gained popularity and interest both within and outside the machine learning community as a powerful learning paradigm for clustering high-dimensional data with good explainability properties. The simultaneous partitioning of all the modes of the input data tensors (rows and columns in a data matrix) is both a method for improving clustering on one mode while performing dimensionality reduction on the other mode(s), and a tool for providing an actionable interpretation of the clusters in the main mode as summaries of the features in each other mode(s). Hence, it is useful in many complex decision systems and data science applications. In this article, we survey the the co-clustering literature by reviewing the main co-clustering methods, with a special focus on the work done in the past 25 years. We identify, describe, and compare the main algorithmic categories and provide a practical characterization with respect to similar unsupervised techniques. Additionally, we try to explain why it is still a powerful tool despite the apparent recent decreasing interest shown by the machine learning community. To this purpose, we review the most recent trends in co-clustering research and outline the open problems and promising future research perspectives.  © 2024 Copyright held by the owner/author(s).","2024","2025-02-25 15:16:07","2025-02-25 15:16:07","","","","2","57","","ACM Comput Surv","","","","","","","","English","","","Scopus","","","","Publisher: Association for Computing Machinery","","/Users/jensreil/Zotero/storage/7JY7DTH8/Battaglia et al. - 2024 - Co-clustering A Survey of the Main Methods, Recent Trends, and Open Problems.pdf","","Adversarial machine learning; Contrastive Learning; Federated learning; review; Spatio-temporal data; Clusterings; Co-clustering; Data clustering; Data matrix; Dimensionality reduction; High dimensional data; high-dimensional data clustering; High-dimensional data clustering; Learning paradigms; Machine learning communities; Property; Recent trends","","","","","","","","","","","","","","","","","","","","","","","","","","","","","","","","","","","","","","","","","","","","","","",""
"DGL73RRR","journalArticle","2025","Rafiei, H.; Akbarzadeh-T, M.-R.","Understandable time frame-based biosignal processing","Biomedical Signal Processing and Control","","17468094 (ISSN)","10.1016/j.bspc.2024.107429","https://www.scopus.com/inward/record.uri?eid=2-s2.0-85216331402&doi=10.1016%2fj.bspc.2024.107429&partnerID=40&md5=96754cb67a2a0cff6c2f71bec665c91e","The explainability of biological time series poses considerable challenges regarding signal multiplicity, high volatility, nonstationarity, and noisiness in pursuit of understanding human intentions and conditions. These challenges often arise since data points in the time series are inherently unexplainable and need complex models for proper processing. Here, we propose data frames as a primary information unit. Specifically, the proposed biosignal time frame (BioTF) series incorporates data frames inspired by candlestick components from financial data analysis, such as starting, highest, lowest, and ending values (SHLE). We implement BioTF on four benchmarked biosignal classification tasks, including electromyography (EMG), high-density surface electromyography (HD-sEMG), electroencephalography (EEG), and electrocardiogram (ECG). We study various time frame lengths, components, network activation functions, and architectures for these instances. The bio time-frame representation shows similar patterns, technical analysis, and results to financial data analysis, offering an exciting analogy between these two domains. Compared with several point-based strategies, the proposed BioTF improves temporospatial explainability and achieves as much as 7% improved classification due to the reduced complexity by extracting intuitive features in the proposed frame-based representation. The proposed BioTF furthermore leads to competitive results using simpler networks with as much as four times faster end-to-end training and lighter frame-based feature extraction after-step training. The proposed method enables lightweight and transparent implementations of AI recommendation systems for expert manipulation and trustworthy medical translations of bio time series. The proposed SHLE representation is general and could be extended towards more detailed signal representations. © 2024 Elsevier Ltd","2025","2025-02-25 15:16:07","2025-02-25 15:16:07","","","","","103","","Biomed. Signal Process. Control","","","","","","","","English","","","Scopus","","","","Publisher: Elsevier Ltd","","","","Time series; Times series; Artificial intelligence; Time frame; Recommender systems; artificial intelligence; Classification; High volatility; human; time series analysis; article; adult; electroencephalography; feature extraction; electroencephalogram; Biosignal processing; Biosignals; classification; data analysis; Data frames; electrocardiogram; electrocardiography; electromyogram; electromyography; Expert systems; Explanation; Financial Data Analysis; Frame-based; High-low; surface electromyography; volatilization","","","","","","","","","","","","","","","","","","","","","","","","","","","","","","","","","","","","","","","","","","","","","","",""
"9UA6BTIY","journalArticle","2025","Saheed, Y.K.; Omole, A.I.; Sabit, M.O.","GA-mADAM-IIoT: A new lightweight threats detection in the industrial IoT via genetic algorithm with attention mechanism and LSTM on multivariate time series sensor data","Sensors International","","26663511 (ISSN)","10.1016/j.sintl.2024.100297","https://www.scopus.com/inward/record.uri?eid=2-s2.0-85203151356&doi=10.1016%2fj.sintl.2024.100297&partnerID=40&md5=b46248fed25e65b0b0dfc129094e5daf","The Industrial Internet of Things (IIoT) is undergoing rapid development, and as a result, security threats have emerged as a significant concern. IIoT networks, while enhancing service quality, are particularly susceptible to security risks because of their intrinsic interconnectedness and the use of low-power devices. The data produced by millions of sensors in the IIoT is highly dynamic, diverse, and of massive magnitude. The risk of dangers to IoT gadgets in a nuclear plant or a petroleum refinery is significantly greater when compared to that of home appliances. Often connected to the internet, IIoT devices and systems lack robust security measures, rendering them susceptible to cyberattacks. A breach in IIoT security could result in data theft, equipment damage, or even physical harm. To mitigate these risks, IIoT systems require secure authentication and encryption protocols, regular software updates, and proactive monitoring and response capabilities. These methods' primary disadvantages are their difficulty in implementation and inability to ensure effective security. Hence, a second line of protection, such as intrusion threat detection in IIoT, is required. In this research, we propose a new threat intrusion detection model in the IIoT through a genetic algorithm with attention mechanism and modified Adam optimized LSTM (GA-mADAM-IIoT). The GA-mADAM-IIoT consists of six modules: the activity receiver, communication module (CM), attention module (AM), intrusion detection module, mitigation module, and alert module. The GA was designed for feature dimensionality and selection trained on network flow data via a Long Short-Term Memory (LSTM) network. The adaptive moment estimation (Adam) optimizer was modified in order to optimize the LSTM (mADAM-LSTM) networks. To enhance the performance of our model, the categorical cross-entropy (CCE) cost function was used to calculate the difference between the predicted output and the actual output. Additionally, the CCE cost function optimized the model's parameters to minimize the difference between predicted and actual values in terms of probability distributions. The Modified Adam (mADAM) optimization algorithm updates the weights and biases of the LSTM to minimize the cost function. Due to the limited availability of real-world datasets containing accurately labelled anomalies, particularly for industrial facilities and manufacturing facilities, we have utilized two sensor datasets derived from physical test-bed systems for water treatment: Secure Water Treatment (SWaT) and Water Distribution (WADI). In these datasets, operators have simulated attack scenarios that occur in real-world water treatment plants and have recorded these instances as the ground truth anomalies. A regularization parameter was added to the cost function to prevent LSTM from overfitting. In order to improve the model's performance, the AM integrates a succinct yet effective attention mechanism that enhances significant information in the output of the CM. This reduces the burden on GA-mADAM-IIoT to detect threat patterns at the IDS module. The experimental findings showed that the threat detection GA-mADAM-IIoT via GA feature dimensionality and modified Adam LSTM outperforms the ablation studies. Furthermore, we improve the suggested transparency of threat detection by integrating the Shapley Additive Explanations (SHAP) technique from Explainable AI. This enhances the trustworthiness and comprehensibility of the threat detection process. The proposed model was also compared with the state-of-the-art models, and our results showed outstanding accuracy of 99.98 %, AUC of 100 %, recall of 99.98 %, precision of 99.98 %, F1 of 99.98 %, and MCC of 99.66 % on SWaT data. On the WADI, we obtained an accuracy of 99.87 %, AUC of 100 %, recall of 99.87 %, precision of 99.87 %, F1-score of 99.87 %, and MCC of 98.20 %. The proposed GA-mADAM-IIoT is a generalized model that can be integrated with other IIoT security solutions, such as firewalls and access controls, to provide comprehensive security coverage in real time. © 2024 The Authors","2025","2025-02-25 15:16:07","2025-02-25 15:16:07","","","","","6","","Sens. Int.","","","","","","","","English","","","Scopus","","","","Publisher: KeAi Communications Co.","","/Users/jensreil/Zotero/storage/9Q76PWJ6/Saheed et al. - 2025 - GA-mADAM-IIoT A new lightweight threats detection in the industrial IoT via genetic algorithm with.pdf","","Risk assessment; Internet of things; Long short-term memory; Explainable AI; Short term memory; Attention mechanism; Shapley; Risk perception; Shapley additive explanation; Network security; Attention mechanisms; Gasoline; Adam optimizer; Adaptive moment estimation optimizer; Authentication; Compact disks; Computer viruses; Cost functions; Cybe-physical systems; Cyber attacks; Cyber threat; Cyber threats; Cyber-physical systems; Depreciation; Direction of arrival; Emergency services; Foundry practice; Gas oils; Genetic algorithm; Industrial internet of thing; Industrial internet of things; Intrusion detection; Liquefied petroleum gas; Medium access control; Mineral oils; Moment estimation; Network intrusion; Nuclear power plants; Optimizers; Pareto principle; Petroleum refining; Petroleum tar; Risk analysis; SHapley additive exPlanations (SHAP); Virtual storage","","","","","","","","","","","","","","","","","","","","","","","","","","","","","","","","","","","","","","","","","","","","","","",""
"8NVRDKU6","journalArticle","2024","Mercier, D.; Dengel, A.; Ahmed, S.","From private to public: benchmarking GANs in the context of private time series classification","Applied Intelligence","","0924669X (ISSN)","10.1007/s10489-024-05671-z","https://www.scopus.com/inward/record.uri?eid=2-s2.0-85199009804&doi=10.1007%2fs10489-024-05671-z&partnerID=40&md5=5ed128b72c7218745c7ee14797ec49ce","Abstract: Deep learning has proven to be successful in various domains and for different tasks. However, when it comes to private data, several restrictions are making it difficult to use deep learning approaches in these application fields. Recent approaches try to generate data privately instead of applying a privacy-preserving mechanism directly, on top of the classifier. The solution is to create public data from private data in a manner that preserves the privacy of the data. In this work, two very prominent GAN-based architectures were evaluated in the context of private time series classification. In contrast to previous work, mostly limited to the image domain, the scope of this benchmark was the time series domain. The experiments show that especially GSWGAN performs well across various public datasets, outperforming the competitor DPWGAN. An analysis of the generated datasets further validates the superiority of GSWGAN in the context of time series generation. Graphical abstract: Shows the different techniques to perform classification on a private dataset, including direct classification and synthetic generation + classification. Highlights the effect on the privacy, accuracy, and explainability of the used classifier. Using a GAN that only modifies one component achieves the best results in all three measurements (Figure presented.) © The Author(s), under exclusive licence to Springer Science+Business Media, LLC, part of Springer Nature 2024.","2024","2025-02-25 15:16:07","2025-02-25 15:16:07","","9607-9621","","20","54","","Appl Intell","","","","","","","","English","","","Scopus","","","","Publisher: Springer","","","","Deep learning; Time series; Times series; Privacy preserving; Artificial intelligence; Generative adversarial networks; Classification (of information); Time series analysis; Privacy-preserving techniques; Time series classifications; Application fields; Classifications; Image domain; Learning approach; Privacy preservation; Private data; Public data","","","","","","","","","","","","","","","","","","","","","","","","","","","","","","","","","","","","","","","","","","","","","","",""
"QW3C863L","journalArticle","2025","Jia, Z.; Yin, J.; Fang, T.; Jiang, Z.; Zhong, C.; Cao, Z.; Wu, L.; Wei, N.; Men, Z.; Yang, L.; Zhang, Q.; Mao, H.","Machine learning helps reveal key factors affecting tire wear particulate matter emissions","Environment International","","01604120 (ISSN)","10.1016/j.envint.2024.109224","https://www.scopus.com/inward/record.uri?eid=2-s2.0-85212826795&doi=10.1016%2fj.envint.2024.109224&partnerID=40&md5=9503ef385108fe35011b295fd8232910","Tire wear particles (TWPs) are generated with every rotation of the tire. However, obtaining TWPs under real driving conditions and revealing key factors affecting TWPs are challenging. In this study, we obtained a TWPs dataset by simulating tire wear process under real driving conditions using a tire wear simulator and custom-designed test conditions. This study shows that tire wear PM2.5 accounts for about 65 % of PM10. The response relationship between TWP emissions (both PM2.5 and PM2.5-10) and factors (the radial force, the lateral force, the tangential force, speed, driving torque, tire contact area, total contour length and tire tread temperature) was obtained by machine learning (ML) method. The random forest (RF) model was developed and displayed good prediction performance with an R2 of 0.84 and 0.78 for PM2.5 and PM2.5-10 on the test set, respectively. Model-related (similarity network graph) and model-unrelated (partial dependence plots and centered-individual conditional expectation plots) explainability methods were used to break the black box of ML. Model explainability results show that the feature parameters-emission response relationships for tire wear PM2.5 and PM2.5-10 are different. Avoiding strenuous driving behaviors (TTF < 400 N, TLF < 400 N), reducing tread temperature (T < 45℃), and minimizing the number of small tread patterns are feasible ways to reduce TWPs. © 2024 The Author(s)","2025","2025-02-25 15:16:07","2025-02-25 15:16:07","","","","","195","","Environ. Int.","","","","","","","","English","","","Scopus","","","","Publisher: Elsevier Ltd","","/Users/jensreil/Zotero/storage/659QN2SM/Jia et al. - 2025 - Machine learning helps reveal key factors affecting tire wear particulate matter emissions.pdf","","Machine Learning; Machine-learning; Decision trees; Machine learning; machine learning; human; time series analysis; learning; algorithm; controlled study; feature extraction; procedures; regression analysis; Article; climate change; simulation; air pollutant; Air Pollutants; air pollution; Air Pollution; Centered-individual conditional expectation plot; Centered-individual conditional expectation plots; clustering algorithm; computer simulation; Conditional expectation; emission control; environmental health; environmental monitoring; Environmental Monitoring; feasibility study; feature detection; force; heat dissipation; household; information center; Key factors; mathematical analysis; motor vehicle tire; Non-exhaust; nonhuman; numerical model; Partial dependence plot; Partial dependence plots; particulate matter; Particulate Matter; particulate matter 10; particulate matter 2.5; PM 2.5; random forest; rotation; sea surface temperature; Similarity network; source apportionment; temperature; Tire wear; Tire wear particles; Tires; torque; velocity","","","","","","","","","","","","","","","","","","","","","","","","","","","","","","","","","","","","","","","","","","","","","","",""
"G8BG9ZRW","journalArticle","2024","Eberle, O.; Büttner, J.; el-Hajj, H.; Montavon, G.; Müller, K.-R.; Valleriani, M.","Historical insights at scale: A corpus-wide machine learning analysis of early modern astronomic tables","Science Advances","","23752548 (ISSN)","10.1126/sciadv.adj1719","https://www.scopus.com/inward/record.uri?eid=2-s2.0-85207736125&doi=10.1126%2fsciadv.adj1719&partnerID=40&md5=042416ecdc21a38af668ea554f44bd26","Understanding the evolution and dissemination of human knowledge over time faces challenges due to the abundance of historical materials and limited specialist resources. However, the digitization of historical archives presents an opportunity for AI-supported analysis. This study advances historical analysis by using an atomization-recomposition method that relies on unsupervised machine learning and explainable AI techniques. Focusing on the “Sacrobosco Collection,” consisting of 359 early modern printed editions of astronomy textbooks from European universities (1472–1650), totaling 76,000 pages, our analysis uncovers temporal and geographic patterns in knowledge transformation. We highlight the relevant role of astronomy textbooks in shaping a unified mathematical culture, driven by competition among educational institutions and market dynamics. This approach deepens our understanding by grounding insights in historical context, integrating with traditional methodologies. Case studies illustrate how communities embraced scientific advancements, reshaping astronomic and geographical views and exploring scientific roots amidst a changing world. copyright © 2024 the Authors, some rights reserved;","2024","2025-02-25 15:16:07","2025-02-25 15:16:07","","","","43","10","","Sci. Adv.","","","","","","","","English","","","Scopus","","","","Publisher: American Association for the Advancement of Science","","/Users/jensreil/Zotero/storage/2MV8AP5D/Eberle et al. - 2024 - Historical insights at scale A corpus-wide machine learning analysis of early modern astronomic tab.pdf","","Machine-learning; Adversarial machine learning; Unsupervised learning; AI techniques; machine learning; human; article; learning; explainable artificial intelligence; astronomy; Astrophysics; competition; Digitisation; digitization; European universities; Geographic pattern; Historical analysis; Historical archive; History; Human knowledge; medical specialist; nebulization; Temporal pattern; unsupervised machine learning; Unsupervised machine learning","","","","","","","","","","","","","","","","","","","","","","","","","","","","","","","","","","","","","","","","","","","","","","",""
"JNGR8MB8","journalArticle","2024","Vielhaben, J.; Lapuschkin, S.; Montavon, G.; Samek, W.","Explainable AI for time series via Virtual Inspection Layers","Pattern Recognition","","00313203 (ISSN)","10.1016/j.patcog.2024.110309","https://www.scopus.com/inward/record.uri?eid=2-s2.0-85184783807&doi=10.1016%2fj.patcog.2024.110309&partnerID=40&md5=f52ebf9d82bff51528a3d66127e64bac","The field of eXplainable Artificial Intelligence (XAI) has witnessed significant advancements in recent years. However, the majority of progress has been concentrated in the domains of computer vision and natural language processing. For time series data, where the input itself is often not interpretable, dedicated XAI research is scarce. In this work, we put forward a virtual inspection layer for transforming the time series to an interpretable representation and allows to propagate relevance attributions to this representation via local XAI methods. In this way, we extend the applicability of XAI methods to domains (e.g. speech) where the input is only interpretable after a transformation. In this work, we focus on the Fourier Transform which, is prominently applied in the preprocessing of time series, with Layer-wise Relevance Propagation (LRP) and refer to our method as DFT-LRP. We demonstrate the usefulness of DFT-LRP in various time series classification settings like audio and medical data. We showcase how DFT-LRP reveals differences in the classification strategies of models trained in different domains (e.g., time vs. frequency domain) or helps to discover how models act on spurious correlations in the data. © 2024 The Authors","2024","2025-02-25 15:16:07","2025-02-25 15:16:07","","","","","150","","Pattern Recogn.","","","","","","","","English","","","Scopus","","","","Publisher: Elsevier Ltd","","/Users/jensreil/Zotero/storage/RVDGEMG7/Vielhaben et al. - 2024 - Explainable AI for time series via Virtual Inspection Layers.pdf","","Explainable Artificial Intelligence; Interpretability; Time series; Times series; Explainable artificial intelligence; Time-series data; Artificial intelligence; Language processing; Natural languages; Natural language processing systems; Audio acoustics; Audio classification; Discrete Fourier Transform; Discrete Fourier transforms; Fourier series; Frequency domain analysis; Invertible transformation; Invertible transformations; Layer-wise; Virtual inspection","","","","","","","","","","","","","","","","","","","","","","","","","","","","","","","","","","","","","","","","","","","","","","",""
"ME2K66VE","journalArticle","2025","Brandenburg, J.M.; Müller-Stich, B.P.; Wagner, M.; van der Schaar, M.","Can surgeons trust AI? Perspectives on machine learning in surgery and the importance of eXplainable Artificial Intelligence (XAI)","Langenbeck's Archives of Surgery","","14352443 (ISSN)","10.1007/s00423-025-03626-7","https://www.scopus.com/inward/record.uri?eid=2-s2.0-85217189394&doi=10.1007%2fs00423-025-03626-7&partnerID=40&md5=c15a2da21ad41401f77f053c477121c3","Purpose: This brief report aims to summarize and discuss the methodologies of eXplainable Artificial Intelligence (XAI) and their potential applications in surgery. Methods: We briefly introduce explainability methods, including global and individual explanatory features, methods for imaging data and time series, as well as similarity classification, and unraveled rules and laws. Results: Given the increasing interest in artificial intelligence within the surgical field, we emphasize the critical importance of transparency and interpretability in the outputs of applied models. Conclusion: Transparency and interpretability are essential for the effective integration of AI models into clinical practice. © The Author(s) 2025.","2025","2025-02-25 15:16:07","2025-02-25 15:16:07","","","","1","410","","Langenbeck's Arch. Surg.","","","","","","","","English","","","Scopus","","","","Publisher: Springer Science and Business Media Deutschland GmbH","","/Users/jensreil/Zotero/storage/Z46L22JX/Brandenburg et al. - 2025 - Can surgeons trust AI Perspectives on machine learning in surgery and the importance of eXplainable.pdf","","Machine Learning; Machine learning; Explainable artificial intelligence; Artificial intelligence; machine learning; Artificial Intelligence; artificial intelligence; human; Humans; time series analysis; article; explainable artificial intelligence; electric potential; clinical practice; minimally invasive surgery; Minimally invasive surgery; surgeon; Surgeons; surgery; Surgical Procedures, Operative; trust","","","","","","","","","","","","","","","","","","","","","","","","","","","","","","","","","","","","","","","","","","","","","","",""
"H98ZRDZY","journalArticle","2024","Tao, L.; Cui, Z.; He, Y.; Yang, D.","An explainable multiscale LSTM model with wavelet transform and layer-wise relevance propagation for daily streamflow forecasting","Science of the Total Environment","","00489697 (ISSN)","10.1016/j.scitotenv.2024.172465","https://www.scopus.com/inward/record.uri?eid=2-s2.0-85191349414&doi=10.1016%2fj.scitotenv.2024.172465&partnerID=40&md5=152685d2a3fc26647a60e7e7cca46d4c","Developing an accurate and reliable daily streamflow forecasting model is important for facilitating the efficient resource planning and management of hydrological systems. In this study, an explainable multiscale long short-term memory (XM-LSTM) model is proposed for effective daily streamflow forecasting by integrating the à trous wavelet transform (ATWT) for decomposing data, the Boruta algorithm for identifying model inputs, and the layer-wise relevance propagation (LRP) for explaining the prediction results. The proposed XM-LSTM is tested by performing multi-step-ahead forecasting of daily streamflow at four stations in the middle and lower reaches of the Yangtze River basin and compared with the X-LSTM. The X-LSTM is formed by coupling the long short-term memory (LSTM) with the LRP. For comparison, the inputs of these two models are identified by the Boruta selection algorithm. The results show that all models exhibit good ability to forecast daily streamflow, however, the prediction performance decreases as the lead time increases. The XM-LSTM provides a better forecasting performance than the X-LSTM, suggesting the ability of the ATWT to improve the LSTM for daily streamflow forecasting. Moreover, the correlation scores analysis by the LRP shows that the ATWT can extract useful information that influences the daily streamflow from the raw predictors, and the water level has the most significant contribution to streamflow prediction. Accordingly, the XM-LSTM model can be viewed as a potentially useful approach for increasing the accuracy and explainability of streamflow forecasting. © 2024 Elsevier B.V.","2024","2025-02-25 15:16:07","2025-02-25 15:16:07","","","","","929","","Sci. Total Environ.","","","","","","","","English","","","Scopus","","","","Publisher: Elsevier B.V.","","","","Forecasting; Long short-term memory; deep learning; Forecasting models; Brain; artificial intelligence; prediction; Memory modeling; human; time series analysis; predictive model; article; algorithm; controlled study; Article; seasonal variation; action potential; forecasting; mathematical model; numerical model; Layer-wise; a trous wavelet transform; À trous wavelet transform; accuracy assessment; Boruta selection; Borutum selection; forecasting method; hydrological modeling; layer wise relevance propagation; Layer-wise relevance propagation; long short term memory network; measurement accuracy; Resource management; river basin; short term memory; Stream flow; streamflow; streamflow forecasting; Streamflow forecasting; transform; Trous wavelet; water; Water levels; wavelet analysis; wavelet transform; Wavelet transforms; Wavelets transform","","","","","","","","","","","","","","","","","","","","","","","","","","","","","","","","","","","","","","","","","","","","","","",""
"H532TNPQ","journalArticle","2025","Pan, D.; Liu, Y.; Wei, Y.; Liu, Y.","A two-stage health prognostics with spatiotemporal feature representation and uncertainty quantification for bearings","Expert Systems with Applications","","09574174 (ISSN)","10.1016/j.eswa.2024.126111","https://www.scopus.com/inward/record.uri?eid=2-s2.0-85214194052&doi=10.1016%2fj.eswa.2024.126111&partnerID=40&md5=deb479d5c61f354b5f8ef8e8e3fadd76","Health prognostics based on deep learning (DL) has attracted considerable attention in predictive maintenance of rotating machinery. An effective health indicator (HI) with explicit degradation trend is conducive to the division of health stage and enhance the accuracy of remaining useful life (RUL) prediction. However, the vast majority of existing DL-based RUL prediction works are the end-to-end methods, which fail to provide HI representing the health status of bearings. This paper proposes a novel bearing health prognostic framework that integrates HI construction and RUL prediction tasks. In the stage of HI construction, an adaptive shapelet extraction method is proposed, and embedded features are defined by similarity between raw vibration signals and shapelets. The HI of bearings is obtained through average pooling using embedded features. In the stage of RUL prediction, dynamic graphs are introduced to represent connections between embedded features, and graph structure evolution reflects bearing degradation processes. A spatiotemporal learning model based on graph convolutional networks and bidirectional gated recurrent units is used to extract degradation features. A compensation attention mechanism is proposed to reduce information loss in long-term time series prediction. Finally, traditional network structures are replaced with Bayesian neural networks based on variational inference to map the prediction values more accurately while describing prediction uncertainty. A comparison of PHM 2012 bearing datasets shows that the presented prognostic framework achieves higher prediction precision than other state-of-the-art approaches. Explainability analysis based on graph evolution is provided, which demonstrates the corresponding meaning of changes in graph structure as the degree of degradation deepens. © 2024 Elsevier Ltd","2025","2025-02-25 15:16:07","2025-02-25 15:16:07","","","","","268","","Expert Sys Appl","","","","","","","","English","","","Scopus","","","","Publisher: Elsevier Ltd","","","","Prediction models; Bearing; Graph; Graph structures; Health indicators; Health prognostics; Remaining useful life; Remaining useful life predictions; Remaining useful lives; Shapelet extraction; Shapelets; Spatiotemporal feature","","","","","","","","","","","","","","","","","","","","","","","","","","","","","","","","","","","","","","","","","","","","","","",""
"XJCGTAFA","journalArticle","2025","Rabie, A.H.; Sultan, Y.A.","A novel Fault Diagnosis Approach (FDA) for electric drives using optimized outlier detection model and long short-term memory networks","Computers and Electrical Engineering","","00457906 (ISSN)","10.1016/j.compeleceng.2025.110129","https://www.scopus.com/inward/record.uri?eid=2-s2.0-85216741347&doi=10.1016%2fj.compeleceng.2025.110129&partnerID=40&md5=0be752e24796c3242e4fa405bd7a1112","Electric drives, essential components in electric vehicles (EVs), are susceptible to faults that can compromise performance, increase maintenance costs, and pose safety risks. This study proposes a novel Fault Diagnosis Approach (FDA) that integrates Explainable AI (XAI) with Long Short-Term Memory (LSTM) networks to address these challenges. The FDA framework consists of two key layers: the Outlier Detection Layer (ODL) and the Fault Diagnosis Layer (FDL). The ODL employs the Optimized Outlier Detection Model (O2DM) using Binary Tiki-Taka Optimization to detect and eliminate outliers, ensuring high-quality input data for fault diagnosis. The FDL leverages LSTM networks to analyze time-series data, coupled with SHapley Additive exPlanations (SHAP) to enhance model interpretability. The proposed framework achieves notable performance improvements, including 91.98 % accuracy, a 9.02 % error rate, and a 5-second implementation time, surpassing traditional fault diagnosis methods. The seamless integration of the ODL enhances the FDL's performance by improving data reliability and precision. Furthermore, the FDA framework is scalable and well-suited for real-world deployment, particularly in smart grid environments, due to its ability to process large datasets efficiently. By combining superior accuracy with model transparency, this study offers a significant advancement toward safer and more reliable electric drive systems. © 2025 Elsevier Ltd","2025","2025-02-25 15:16:07","2025-02-25 15:16:07","","","","","123","","Comput Electr Eng","","","","","","","","English","","","Scopus","","","","Publisher: Elsevier Ltd","","","","Deep learning; Long short-term memory; Explainable AI; Short term memory; Performance; Memory network; Detection models; Electric drives; Fault diagnosis; Faults diagnosis; Outlier detection; Outlier Detection; Predictive maintenance; Smart power grids; Tiki-taka; Tiki-Taka","","","","","","","","","","","","","","","","","","","","","","","","","","","","","","","","","","","","","","","","","","","","","","",""
"7EHJEZL6","journalArticle","2024","Han, T.; Žigutytė, L.; Huck, L.; Huppertz, M.S.; Siepmann, R.; Gandelsman, Y.; Blüthgen, C.; Khader, F.; Kuhl, C.; Nebelung, S.; Kather, J.N.; Truhn, D.","Reconstruction of patient-specific confounders in AI-based radiologic image interpretation using generative pretraining","Cell Reports Medicine","","26663791 (ISSN)","10.1016/j.xcrm.2024.101713","https://www.scopus.com/inward/record.uri?eid=2-s2.0-85204511219&doi=10.1016%2fj.xcrm.2024.101713&partnerID=40&md5=627266726c02053afc3437d822fa85cf","Reliably detecting potentially misleading patterns in automated diagnostic assistance systems, such as those powered by artificial intelligence (AI), is crucial for instilling user trust and ensuring reliability. Current techniques fall short in visualizing such confounding factors. We propose DiffChest, a self-conditioned diffusion model trained on 515,704 chest radiographs from 194,956 patients across the US and Europe. DiffChest provides patient-specific explanations and visualizes confounding factors that might mislead the model. The high inter-reader agreement, with Fleiss’ kappa values of 0.8 or higher, validates its capability to identify treatment-related confounders. Confounders are accurately detected with 10%–100% prevalence rates. The pretraining process optimizes the model for relevant imaging information, resulting in excellent diagnostic accuracy for 11 chest conditions, including pleural effusion and heart insufficiency. Our findings highlight the potential of diffusion models in medical image classification, providing insights into confounding factors and enhancing model robustness and reliability. © 2024 The Author(s)","2024","2025-02-25 15:16:07","2025-02-25 15:16:07","","","","9","5","","Cell Rep. Med.","","","","","","","","English","","","Scopus","","","","Publisher: Cell Press","","/Users/jensreil/Zotero/storage/WHH5WNCA/Han et al. - 2024 - Reconstruction of patient-specific confounders in AI-based radiologic image interpretation using gen.pdf","","deep learning; machine learning; Artificial Intelligence; learning algorithm; artificial intelligence; explainability; human; Humans; time series analysis; adult; female; male; algorithm; Algorithms; procedures; training; Article; entropy; Adult; aged; Aged; computer assisted diagnosis; confounders; confounding variable; counterfactual explanations; diagnostic accuracy; disease severity; Female; generative model; generative models; image processing; Image Processing, Computer-Assisted; image reconstruction; major clinical study; Male; medical imaging; middle aged; Middle Aged; Radiographic Image Interpretation, Computer-Assisted; Radiography, Thoracic; reproducibility; Reproducibility of Results; self-supervised training; thorax radiography","","","","","","","","","","","","","","","","","","","","","","","","","","","","","","","","","","","","","","","","","","","","","","",""
"SJYMD2GR","journalArticle","2024","Teo, Y.X.; Lee, R.E.; Nurzaman, S.G.; Tan, C.P.; Chan, P.Y.","Action tremor features discovery for essential tremor and Parkinson's disease with explainable multilayer BiLSTM","Computers in Biology and Medicine","","00104825 (ISSN)","10.1016/j.compbiomed.2024.108957","https://www.scopus.com/inward/record.uri?eid=2-s2.0-85200264070&doi=10.1016%2fj.compbiomed.2024.108957&partnerID=40&md5=0b10267ac757e2f51163361308184178","The tremors of Parkinson's disease (PD) and essential tremor (ET) are known to have overlapping characteristics that make it complicated for clinicians to distinguish them. While deep learning is robust in detecting features unnoticeable to humans, an opaque trained model is impractical in clinical scenarios as coincidental correlations in the training data may be used by the model to make classifications, which may result in misdiagnosis. This work aims to overcome the aforementioned challenge of deep learning models by introducing a multilayer BiLSTM network with explainable AI (XAI) that can better explain tremulous characteristics and quantify the respective discovered important regions in tremor differentiation. The proposed network classifies PD, ET, and normal tremors during drinking actions and derives the contribution from tremor characteristics, (i.e., time, frequency, amplitude, and actions) utilized in the classification task. The analysis shows that the XAI-BiLSTM marks the regions with high tremor amplitude as important in classification, which is verified by a high correlation between relevance distribution and tremor displacement amplitude. The XAI-BiLSTM discovered that the transition phases from arm resting to lifting (during the drinking cycle) is the most important action to classify tremors. Additionally, the XAI-BiLSTM reveals frequency ranges that only contribute to the classification of one tremor class, which may be the potential distinctive feature to overcome the overlapping frequencies problem. By revealing critical timing and frequency patterns unique to PD and ET tremors, this proposed XAI-BiLSTM model enables clinicians to make more informed classifications, potentially reducing misclassification rates and improving treatment outcomes. © 2024 The Authors","2024","2025-02-25 15:16:07","2025-02-25 15:16:07","","","","","180","","Comput. Biol. Med.","","","","","","","","English","","","Scopus","","","","Publisher: Elsevier Ltd","","/Users/jensreil/Zotero/storage/JSA4WK8Y/Teo et al. - 2024 - Action tremor features discovery for essential tremor and Parkinson's disease with explainable multi.pdf","","Deep learning; Deep Learning; Learning systems; Learning models; Explainable AI; deep learning; Classification (of information); prediction; Training data; Classification; human; Humans; time series analysis; adult; cross validation; female; male; explainable artificial intelligence; Article; long short term memory network; aged; Aged; Female; major clinical study; Male; middle aged; Middle Aged; back propagation; bidirectional long short term memory model; calculation; Classification tasks; drinking; essential tremor; Essential tremor; Essential Tremor; Feature discovery; frequency analysis; Hoehn and Yahr scale; Multilayers; Neurodegenerative diseases; Parkinson disease; Parkinson Disease; Parkinson tremor; Parkinson's disease; Parkinson's tremor; pathophysiology; quaternion; short time Fourier transform; Time frequency; treatment outcome; tremor; Tremor; upper limb","","","","","","","","","","","","","","","","","","","","","","","","","","","","","","","","","","","","","","","","","","","","","","",""
"QLT72QFE","journalArticle","2024","Sarker, M.A.A.; Shanmugam, B.; Azam, S.; Thennadil, S.","Enhancing smart grid load forecasting: An attention-based deep learning model integrated with federated learning and XAI for security and interpretability","Intelligent Systems with Applications","","26673053 (ISSN)","10.1016/j.iswa.2024.200422","https://www.scopus.com/inward/record.uri?eid=2-s2.0-85200347965&doi=10.1016%2fj.iswa.2024.200422&partnerID=40&md5=55e145fd71e0e12c08e44d6e7a08264f","Smart grid is a transformative advancement that modernized the traditional power system for effective electricity management, and involves optimized energy distribution by load forecasting. Precise load forecasting provides the best utilization of energy resources and increases sustainability. Dynamic changes of several connected factors, such as temporal and geographical variability, pose challenges to accurate load prediction. Integrating Artificial Intelligence (AI) in the smart grid can enhance the performance of the forecasting process by capturing these changes. This study investigated load forecasting tasks on four different datasets. Several preprocessing and augmentation techniques are applied to increase the data quality. An attention-based 1D-CNN-GRU model is proposed to capture the temporal patterns from the time-series data, and the hyperparameters of the model are optimized using a particle swarm optimization (PSO) algorithm that also accelerates the convergence and results in an efficient training session. Empirical evaluations highlight that the proposed model substantially minimizes the loss, reflecting the ability to make accurate predictions. It obtains MAE values of 0.12, 0.8, 16.48, and 82.64 for the four datasets. Moreover, the explainable AI (XAI) technique is applied using Shapley Additive explanations (SHAP) to interpret the model prediction, providing the feature ranking based on their prediction score. Moreover, this study utilizes federated learning, enables collaborative training, maintains the privacy of the grid data, and secures the process comprehensively. The aggregation mechanism in federated learning is modified using pruning-based methods that reduce the parameters and computational cost, resulting in a more efficient framework. Integrating all these approaches provides valuable insights for developing a load forecasting model and outlines potential contributions in the smart grid domain. © 2024 The Author(s)","2024","2025-02-25 15:16:07","2025-02-25 15:16:07","","","","","23","","Intell. Syst. Applications.","","","","","","","","English","","","Scopus","","","","Publisher: Elsevier B.V.","","/Users/jensreil/Zotero/storage/B7BXDN2Q/Sarker et al. - 2024 - Enhancing smart grid load forecasting An attention-based deep learning model integrated with federa.pdf","","Deep learning; Interpretability; Learning systems; Forecasting; Learning models; Explainable AI; Federated learning; Explainable artificial intelligence; Electric power plant loads; Smart power grids; Energy resources; Federated Learning; Load forecasting; Particle swarm; Particle swarm optimization; Particle swarm optimization (PSO); Power quality; PSO; Smart grid; Swarm optimization","","","","","","","","","","","","","","","","","","","","","","","","","","","","","","","","","","","","","","","","","","","","","","",""
"BZZ7DAGI","journalArticle","2024","Rasiya Koya, S.; Roy, T.","Temporal Fusion Transformers for streamflow Prediction: Value of combining attention with recurrence","Journal of Hydrology","","00221694 (ISSN)","10.1016/j.jhydrol.2024.131301","https://www.scopus.com/inward/record.uri?eid=2-s2.0-85193504423&doi=10.1016%2fj.jhydrol.2024.131301&partnerID=40&md5=8bc1c5101432eff485ace5f636771347","Over the past few decades, the hydrology community has witnessed notable advancements in streamflow prediction, particularly with the introduction of cutting-edge machine-learning algorithms. Recurrent neural networks, especially Long Short-Term Memory (LSTM) networks, have become popular due to their capacity to create precise forecasts and realistically mimic the system dynamics. Attention-based models, such as Transformers, can learn from the entire data sequence concurrently, a feature that LSTM does not have. This work tests the hypothesis that combining recurrence with attention can improve streamflow prediction. We set up the Temporal Fusion Transformer (TFT) architecture, a model that combines both of these aspects and has never been applied in hydrology before. We compare the performance of LSTM, Transformers, and TFT over 2,610 globally distributed catchments from the recently available Caravan dataset. Our results demonstrate that TFT indeed exceeds the performance benchmark set by the LSTM and Transformers for streamflow prediction, when models are trained individually for each basin. Additionally, being an explainable AI method, TFT helps in gaining insights into the streamflow generation processes. © 2024 Elsevier B.V.","2024","2025-02-25 15:16:07","2025-02-25 15:16:07","","","","","637","","J. Hydrol.","","","","","","","","English","","","Scopus","","","","Publisher: Elsevier B.V.","","/Users/jensreil/Zotero/storage/ZMNLI6LT/Rasiya Koya and Roy - 2024 - Temporal Fusion Transformers for streamflow Prediction Value of combining attention with recurrence.pdf","","Forecasting; Long short-term memory; Time series; Times series; Learning algorithms; Performance; LSTM; Memory network; machine learning; Machine learning algorithms; prediction; time series analysis; artificial neural network; Transformer; algorithm; Prediction; Stream flow; streamflow; benchmarking; Benchmarking; catchment; Catchments; Cutting edges; Runoff; Streamflow; Streamflow prediction; System Dynamics; Temporal fusion transformer; Temporal Fusion Transformers; Transformers","","","","","","","","","","","","","","","","","","","","","","","","","","","","","","","","","","","","","","","","","","","","","","",""
"Z4FIEPXU","journalArticle","2025","Chen, Y.; Zhang, S.","WAE: An evaluation metric for attribution-based XAI on time series forecasting","Neurocomputing","","09252312 (ISSN)","10.1016/j.neucom.2025.129379","https://www.scopus.com/inward/record.uri?eid=2-s2.0-85214908500&doi=10.1016%2fj.neucom.2025.129379&partnerID=40&md5=52833124358e5559f44a2a9cc357a844","Explainable Artificial Intelligence (XAI) sheds light on the decision-making ground of black-box models by offering explanations. However, the difficulty for humans to qualitatively evaluate XAI's explanations on time series has led to a very limited development of XAI in the field of time series. Thus, helping humans to evaluate explanations on time series becomes a critical and challenging task. In this paper, we propose a metric to evaluate the explanations generated from attribution-based XAI method on time series forecasting problem, called Window-based Attribution Root Mean Squared Error (WAE). We suppose that more advanced XAI methods as well as more explainable datasets can achieve better performance on this metric. The experimental results show that SHAP and LEMNA, as improved methods of LIME, both of them have smaller WAE than LIME. In addition, we artificially designed explainable dataset, semi-explainable dataset, and weakly explainable dataset. They have sequentially increasing WAE under the same XAI method. The experimental outcomes indicate that the two hypotheses essentially stand, implying the feasibility of our proposed measure. Furthermore, we employed this metric on two real-world datasets to demonstrate its applicability, and the combination of TCN and SHAP yields an optimal explanation. Finally, we analyze the effect of different parameter values on WAE, focusing on two crucial parameters, the prediction step lag and the time window length. © 2025","2025","2025-02-25 15:16:07","2025-02-25 15:16:07","","","","","622","","Neurocomputing","","","","","","","","English","","","Scopus","","","","Publisher: Elsevier B.V.","","","","Explainability; Time series; Times series; Decision making; Decisions makings; Time series forecasting; Explainable artificial intelligence; Prediction models; artificial intelligence; prediction; Mean square error; human; time series analysis; Black box modelling; quantitative analysis; recurrent neural network; decision tree; convolutional neural network; Article; entropy; forecasting; mathematical model; electrocardiogram; Attribution-based; Evaluation metrics; evaluation study; Forecasting problems; measurement precision; PM2.5 exposure; Predictability; reliability; root mean squared error; validity; window based attribution root mean squared error; workflow","","","","","","","","","","","","","","","","","","","","","","","","","","","","","","","","","","","","","","","","","","","","","","",""
"WQY7LZJT","journalArticle","2024","Lee, D.; Malacarne, S.; Aune, E.","Explainable time series anomaly detection using masked latent generative modeling","Pattern Recognition","","00313203 (ISSN)","10.1016/j.patcog.2024.110826","https://www.scopus.com/inward/record.uri?eid=2-s2.0-85199892759&doi=10.1016%2fj.patcog.2024.110826&partnerID=40&md5=36716c0632f81a23570aa0957286a6e3","We present a novel time series anomaly detection method that achieves excellent detection accuracy while offering a superior level of explainability. Our proposed method, TimeVQVAE-AD, leverages masked generative modeling adapted from the cutting-edge time series generation method known as TimeVQVAE. The prior model is trained on the discrete latent space of a time–frequency domain. Notably, the dimensional semantics of the time–frequency domain are preserved in the latent space, enabling us to compute anomaly scores across different frequency bands, which provides a better insight into the detected anomalies. Additionally, the generative nature of the prior model allows for sampling likely normal states for detected anomalies, enhancing the explainability of the detected anomalies through counterfactuals. Our experimental evaluation on the UCR Time Series Anomaly archive demonstrates that TimeVQVAE-AD significantly surpasses the existing methods in terms of detection accuracy and explainability. We provide our implementation on GitHub: https://github.com/ML4ITS/TimeVQVAE-AnomalyDetection. © 2024 The Author(s)","2024","2025-02-25 15:16:07","2025-02-25 15:16:07","","","","","156","","Pattern Recogn.","","","","","","","","English","","","Scopus","","","","Publisher: Elsevier Ltd","","/Users/jensreil/Zotero/storage/ENH2H7MG/Lee et al. - 2024 - Explainable time series anomaly detection using masked latent generative modeling.pdf","","Time series; Times series; Anomaly detection; Explainable AI (XAI); Frequency domain analysis; Explainable anomaly detection; Generative model; Masked generative modeling; Semantics; Time series anomaly detection; Time series anomaly detection (TSAD); TimeVQVAE; TimeVQVAE-AD","","","","","","","","","","","","","","","","","","","","","","","","","","","","","","","","","","","","","","","","","","","","","","",""
"8CHP7Q5G","journalArticle","2024","Hong, J.; Seol, Y.; Lee, S.; Yoon, J.; Lee, J.; Park, K.-S.; Ha, J.-W.","Prediction of Cognitive Impairment Using Sleep Lifelog Data and LSTM Model","Mathematics","","22277390 (ISSN)","10.3390/math12203208","https://www.scopus.com/inward/record.uri?eid=2-s2.0-85207680620&doi=10.3390%2fmath12203208&partnerID=40&md5=8eb6f0468b47edaf411640f163c0d5d7","Rapid elderly population growth has increased the number of patients with cognitive impairment (CI). Early detection and ongoing medical treatment can slow CI progression and significantly reduce the cost of managing patients. However, distinguishing CI from natural cognitive decline associated with aging is challenging. Previous studies conducted to identify patients with CI using lifelog data did not consider changes in lifelog data over time because each data point was learned individually. This study introduces a model that predicts patients with CI based on sleep lifelog data and analyzes significant sleep factors that influence cognitive decline. This study followed three steps: (1) collecting sleep lifelog data from elderly Korean people and reconstructing sleep lifelog data as time-series data; (2) building a model to classify CI using a time series of sleep lifelog data and a long short-term memory model; and (3) identifying sleep factors that influence the onset of CI using an explainable AI algorithm. The proposed CI classification model achieved a sensitivity of 0.89, a specificity of 0.80, and an area under the receiver operating characteristic curve of 0.92. This study will facilitate the noninvasive screening, diagnosis, and continuous monitoring of CI in the elderly. © 2024 by the authors.","2024","2025-02-25 15:16:07","2025-02-25 15:16:07","","","","20","12","","Mathematics","","","","","","","","English","","","Scopus","","","","Publisher: Multidisciplinary Digital Publishing Institute (MDPI)","","/Users/jensreil/Zotero/storage/5LEVGKA6/Hong et al. - 2024 - Prediction of Cognitive Impairment Using Sleep Lifelog Data and LSTM Model.pdf","","deep learning; health care; cognitive impairment; sleep lifelog data","","","","","","","","","","","","","","","","","","","","","","","","","","","","","","","","","","","","","","","","","","","","","","",""
"J6UL8DY6","journalArticle","2024","Zhang, G.; Zhao, H.; Fan, R.","Predicting the volatility of Chinese stock indices based on realized recurrent conditional heteroskedasticity","PLoS ONE","","19326203 (ISSN)","10.1371/journal.pone.0308967","https://www.scopus.com/inward/record.uri?eid=2-s2.0-85206805574&doi=10.1371%2fjournal.pone.0308967&partnerID=40&md5=ae4daacf30f09875b944c9142d277b32","The realized recurrent conditional heteroscedasticity (RealRECH) model improves volatility prediction by integrating long short-term memory (LSTM), a recurrent neural network unit, into the realized generalized autoregressive conditional heteroskedasticity (RealGARCH) model. However, at present, there is no literature on the ability of the RealRECH model to fit and predict volatility in the Chinese market. In this paper, a study is conducted to test the in-sample explainability and out-of-sample prediction ability of the RealRECH model for the SSE50, CSI300, CSI500 and CSI1000 indices in the Chinese market and to determine whether it performs better than the RealGARCH model. The results of the in-sample analysis show that the RealRECH model not only provides better in-sample interpretability for all four indices but also captures the complex dynamics of time series volatility that the RealGARCH model cannot capture, such as long-term dependence and nonlinearity. The results of out-of-sample volatility prediction show that the RealRECH model better predicts the volatility of the CSI500 and CSI1000 indices but yields worse predictions for the SSE50 and CSI300 indices. Thus, the RealRECH model can be used for CSI500 and CSI1000 prediction. © 2024 Zhang et al. This is an open access article distributed under the terms of the Creative Commons Attribution License, which permits unrestricted use, distribution, and reproduction in any medium, provided the original author and source are credited.","2024","2025-02-25 15:16:07","2025-02-25 15:16:07","","","","10 October","19","","PLoS ONE","","","","","","","","English","","","Scopus","","","","Publisher: Public Library of Science","","/Users/jensreil/Zotero/storage/EULA56YI/Zhang et al. - 2024 - Predicting the volatility of Chinese stock indices based on realized recurrent conditional heteroske.pdf","","Investments; prediction; human; Humans; time series analysis; article; male; recurrent neural network; artificial neural network; Neural Networks, Computer; controlled study; volatilization; short term memory; animal model; China; economic model; investment; Models, Economic; nonlinear system","","","","","","","","","","","","","","","","","","","","","","","","","","","","","","","","","","","","","","","","","","","","","","",""
"5HHWVNJ9","journalArticle","2024","Li, L.; Zhao, W.; Wang, C.","Driving Intention Recognition Model Based on Bi-GLSTM Network","Jixie Gongcheng Xuebao/Journal of Mechanical Engineering","","05776686 (ISSN)","10.3901/JME.2024.10.051","https://www.scopus.com/inward/record.uri?eid=2-s2.0-85199687389&doi=10.3901%2fJME.2024.10.051&partnerID=40&md5=e27b90d1451ca30a0e2e605c8c9fef53","Driving intention recognition is promised to effectively improve the vehicle’s ability to predict the trajectory of other traffic participants. However, the interaction of surrounding vehicles in a dynamic and complex traffic environment is one of the most challenges to be solved. In order to improve the accuracy of driving intention recognition in dynamic and complex traffics, a time-series recognition model of driving intention based on Bi-GLSTM network is proposed. First, the position, velocity and acceleration in the original dataset are smoothed based on the Local weighted regression scatter smoothing method. Also, the driving datasets are labeled with driving intention based on the longitudinal and lateral motion parameters. Subsequently, a graph attention neural network is established to extract interaction features among surrounding vehicles, where attention mechanism is embedded, to enhance highly related vehicle motion states. To further improve the robustness of the model in dynamic and complex traffics, Bidirectional long short-term memory network is used to extract deep temporal features of interaction and historical motion. Moreover, our model is trained and verified on the public datasets HighD. Compared with GNN and RNN model, the recognition accuracy increased by 11.33%, 55.31%. By visualizing the attention weight, it shows that the proposed model also solves the problem of explainability to a certain extent. © 2024 Chinese Mechanical Engineering Society. All rights reserved.","2024","2025-02-25 15:16:07","2025-02-25 15:16:07","","51-63","","10","60","","Jixie Gongcheng Xuebao","基于 Bi-GLSTM 网络的车辆驾驶意图分析与识别","","","","","","","Chinese","","","Scopus","","","","Publisher: Chinese Mechanical Engineering Society","","","","Complex networks; Graph neural networks; graph neural network; Automated vehicles; Connected and automated vehicle; connected and automated vehicles; Driver intention; driver intention inference; Driver intention inference; Driving intention recognition; Model-based OPC; Recognition models; Time series recognition; Traffic environment; Vehicles","","","","","","","","","","","","","","","","","","","","","","","","","","","","","","","","","","","","","","","","","","","","","","",""
"CHR7SPFK","journalArticle","2025","Devagiri, V.M.; Boeva, V.; Abghari, S.","A domain adaptation technique through cluster boundary integration","Evolving Systems","","18686478 (ISSN)","10.1007/s12530-024-09635-z","https://www.scopus.com/inward/record.uri?eid=2-s2.0-85210317128&doi=10.1007%2fs12530-024-09635-z&partnerID=40&md5=b9c98e583217a773f53785f55a1afc5a","Many machine learning models deployed on smart or edge devices experience a phase where there is a drop in their performance due to the arrival of data from new domains. This paper proposes a novel unsupervised domain adaptation algorithm called DIBCA++ to deal with such situations. The algorithm uses only the clusters’ mean, standard deviation, and size, which makes the proposed algorithm modest in terms of the required storage and computation. The study also presents the explainability aspect of the algorithm. DIBCA++ is compared with its predecessor, DIBCA, and its applicability and performance are studied and evaluated in two real-world scenarios. One is coping with the Global Navigation Satellite System activation problem from the smart logistics domain, while the other identifies different activities a person performs and deals with a human activity recognition task. Both scenarios involve time series data phenomena, i.e., DIBCA++ also contributes towards addressing the current gap regarding domain adaptation solutions for time series data. Based on the experimental results, DIBCA++ has improved performance compared to DIBCA. The DIBCA++ has performed better in all human activity recognition task experiments and 82.5% of experimental scenarios on the smart logistics use case. The results also showcase the need and benefit of personalizing the models using DIBCA++, along with the ability to transfer new knowledge between domains, leading to improved performance. The adapted source and target models have performed better in 70% and 80% of cases in an experimental scenario conducted on smart logistics. © The Author(s) 2024.","2025","2025-02-25 15:16:07","2025-02-25 15:16:07","","","","1","16","","Evol. Syst.","","","","","","","","English","","","Scopus","","","","Publisher: Springer Nature","","/Users/jensreil/Zotero/storage/YU6RW8GK/Devagiri et al. - 2025 - A domain adaptation technique through cluster boundary integration.pdf","","Machine learning models; Adversarial machine learning; Performance; Time-series data; Clustering algorithms; Human activity recognition; Adaptation algorithms; Adaptation techniques; Cluster boundaries; Cluster integration; Clustering techniques; Domain adaptation; Global positioning system","","","","","","","","","","","","","","","","","","","","","","","","","","","","","","","","","","","","","","","","","","","","","","",""
"JN7NYSVZ","journalArticle","2025","Tahir, M.; Abdullah, A.; Izura Udzir, N.; Azhar Kasmiran, K.","A systematic review of machine learning and deep learning techniques for anomaly detection in data mining","International Journal of Computers and Applications","","1206212X (ISSN)","10.1080/1206212X.2025.2449999","https://www.scopus.com/inward/record.uri?eid=2-s2.0-85215100493&doi=10.1080%2f1206212X.2025.2449999&partnerID=40&md5=48fd60c335d03c470c4f0814bfb66936","The growing use of the internet has increased the threat of cyberattacks. Anomaly detection systems are vital for protecting networks by spotting irregular activities. Various studies investigated anomaly detection techniques without a systematic approach. So far, the existing reviews mainly concerned time series and data streaming methods almost neglected the growing interest in graph-based data mining techniques which are vital in social networks, finance, and IoT domains. Following PRISMA guidelines, this systematic review examines anomaly detection methods applied to time series, data streaming, and graph-based data from 2018 to 2023. A total of 34 papers were selected from four key databases ScienceDirect, Scopus, Web of Science, and IEEE. In addition, this review addressed several issues with existing techniques including low scalability, explainability, and interpretability for real-time anomaly detection systems. In modern applications where data structures are complex, and processing requirements are high these traditional techniques are insufficient for real-time data processing. Finally, our study demanded more advanced, complex methods to address these evolving challenges. © 2025 Informa UK Limited, trading as Taylor & Francis Group.","2025","2025-02-25 15:16:07","2025-02-25 15:16:07","","169-187","","2","47","","Int J Comput Appl","","","","","","","","English","","","Scopus","","","","Publisher: Taylor and Francis Ltd.","","","","Machine-learning; Learning techniques; Times series; Anomaly detection; machine learning; Anomaly detection systems; Cyber-attacks; data mining; data streaming; Data streaming; Data streams; Graph-based data minings; outlier prediction; Outlier prediction; Systematic Review","","","","","","","","","","","","","","","","","","","","","","","","","","","","","","","","","","","","","","","","","","","","","","",""
"DAJEAN6K","journalArticle","2024","Azimi, H.; Chang, S.; Gold, J.; Karabina, K.","Improving accuracy and explainability of online handwritten character recognition","International Journal on Document Analysis and Recognition","","14332833 (ISSN)","10.1007/s10032-023-00456-5","https://www.scopus.com/inward/record.uri?eid=2-s2.0-85180218366&doi=10.1007%2fs10032-023-00456-5&partnerID=40&md5=1ffd5b8666ed86273db334df6dc7a620","Handwriting recognition technology allows recognizing a written text from a given data. The recognition task can target letters, symbols, or words, and the input data can be a digital image or recorded by various sensors. Over the years, there has been an increasing interest in experimenting with different types of technology to collect handwriting data, create datasets, and develop algorithms to recognize characters and symbols. More recently, the OnHW-chars dataset has been published that contains multivariate time series data of the English alphabet collected using a ballpoint pen fitted with sensors. The authors of OnHW-chars also provided some baseline results through their machine learning (ML) and deep learning (DL) classifiers. In this paper, we develop handwriting recognition models on the OnHW-chars dataset and improve the accuracy of previous models. More specifically, our ML models provide 11.3–23.56% improvements over the previous ML models, and our optimized DL models with ensemble learning provide 3.08–7.01% improvements over the previous DL models. In addition to our accuracy improvements over the spectrum, we aim to provide some level of explainability, using a specialized version of LIME, for our models to provide more logic behind chosen methods and why the models make sense for the data type in the dataset, as well as provide some explanation as to why ensemble methods may lead to an advantage in accuracy rates. In order to verify the robustness of our models trained over the OnHW-chars dataset, we trained our DL models using the same model parameters over a more recently published OnHW-equations dataset. Our DL models with ensemble learning provide 0.05–4.75% improvements over the previous DL models. Our results are verifiable and reproducible via the provided public repository. © Crown and The Author(s) 2023.","2024","2025-02-25 15:16:07","2025-02-25 15:16:07","","515-528","","4","27","","Int. J. Doc. Anal. Recogn.","","","","","","","","English","","","Scopus","","","","Publisher: Springer Science and Business Media Deutschland GmbH","","","","Deep learning; Learning systems; Machine learning models; Learning models; Lime; Ensemble learning; Character recognition; Digital image; Handwriting data; Handwriting recognition; Handwritten character recognition; Input datas; Type of technology; Written texts","","","","","","","","","","","","","","","","","","","","","","","","","","","","","","","","","","","","","","","","","","","","","","",""
"BQAEKHMZ","journalArticle","2024","Kuo, C.-H.; Liu, G.-T.; Lee, C.-E.; Wu, J.; Casimo, K.; Weaver, K.E.; Lo, Y.-C.; Chen, Y.-Y.; Huang, W.-C.; Ojemann, J.G.","Decoding micro-electrocorticographic signals by using explainable 3D convolutional neural network to predict finger movements","Journal of Neuroscience Methods","","01650270 (ISSN)","10.1016/j.jneumeth.2024.110251","https://www.scopus.com/inward/record.uri?eid=2-s2.0-85202185940&doi=10.1016%2fj.jneumeth.2024.110251&partnerID=40&md5=3637a2850459de9fb9fd6956b28d7dd3","Background: Electroencephalography (EEG) and electrocorticography (ECoG) recordings have been used to decode finger movements by analyzing brain activity. Traditional methods focused on single bandpass power changes for movement decoding, utilizing machine learning models requiring manual feature extraction. New method: This study introduces a 3D convolutional neural network (3D-CNN) model to decode finger movements using ECoG data. The model employs adaptive, explainable AI (xAI) techniques to interpret the physiological relevance of brain signals. ECoG signals from epilepsy patients during awake craniotomy were processed to extract power spectral density across multiple frequency bands. These data formed a 3D matrix used to train the 3D-CNN to predict finger trajectories. Results: The 3D-CNN model showed significant accuracy in predicting finger movements, with root-mean-square error (RMSE) values of 0.26–0.38 for single finger movements and 0.20–0.24 for combined movements. Explainable AI techniques, Grad-CAM and SHAP, identified the high gamma (HG) band as crucial for movement prediction, showing specific cortical regions involved in different finger movements. These findings highlighted the physiological significance of the HG band in motor control. Comparison with existing methods: The 3D-CNN model outperformed traditional machine learning approaches by effectively capturing spatial and temporal patterns in ECoG data. The use of xAI techniques provided clearer insights into the model's decision-making process, unlike the “black box” nature of standard deep learning models. Conclusions: The proposed 3D-CNN model, combined with xAI methods, enhances the decoding accuracy of finger movements from ECoG data. This approach offers a more efficient and interpretable solution for brain-computer interface (BCI) applications, emphasizing the HG band's role in motor control. © 2024 Elsevier B.V.","2024","2025-02-25 15:16:07","2025-02-25 15:16:07","","","","","411","","J. Neurosci. Methods","","","","","","","","English","","","Scopus","","","","Publisher: Elsevier B.V.","","","","Machine Learning; deep learning; machine learning; Convolutional neural network; artificial intelligence; prediction; SHAP value; decision making; human; Humans; adult; female; male; artificial neural network; explainable artificial intelligence; Neural Networks, Computer; electroencephalography; feature extraction; procedures; convolutional neural network; epilepsy; Epilepsy; Article; signal processing; Adult; Female; Male; pathophysiology; root mean squared error; awake craniotomy; ECoG; electrocorticography; Electrocorticography; epileptic patient; finger; Finger movement; Fingers; Grad-CAM; High gamma; micro electrocorticography; motor control; Movement; movement (physiology); physiology; Signal Processing, Computer-Assisted; young adult; Young Adult","","","","","","","","","","","","","","","","","","","","","","","","","","","","","","","","","","","","","","","","","","","","","","",""
"RTQSZCAF","journalArticle","2025","Iqbal, Z.; Rahman, M.M.; Mahmood, U.; Zia, Q.; Fu, Z.; Calhoun, V.D.; Plis, S.","Explainable Self-Supervised Dynamic Neuroimaging Using Time Reversal","Brain Sciences","","20763425 (ISSN)","10.3390/brainsci15010060","https://www.scopus.com/inward/record.uri?eid=2-s2.0-85215978232&doi=10.3390%2fbrainsci15010060&partnerID=40&md5=642731c35b2059867534a6e62ddfe7c0","Objective: Functional magnetic resonance imaging data pose significant challenges due to their inherently noisy and complex nature, making traditional statistical models less effective in capturing predictive features. While deep learning models offer superior performance through their non-linear capabilities, they often lack transparency, reducing trust in their predictions. This study introduces the Time Reversal (TR) pretraining method to address these challenges. TR aims to learn temporal dependencies in data, leveraging large datasets for pretraining and applying this knowledge to improve schizophrenia classification on smaller datasets. Methods: We pretrained an LSTM-based model with attention using the TR approach, focusing on learning the direction of time in fMRI data, achieving over 98 % accuracy on HCP and UK Biobank datasets. For downstream schizophrenia classification, TR-pretrained weights were transferred to models evaluated on FBIRN, COBRE, and B-SNIP datasets. Saliency maps were generated using Integrated Gradients (IG) to provide post hoc explanations for pretraining, while Earth Mover’s Distance (EMD) quantified the temporal dynamics of salient features in the downstream tasks. Results: TR pretraining significantly improved schizophrenia classification performance across all datasets: median AUC scores increased from 0.7958 to 0.8359 (FBIRN), 0.6825 to 0.7778 (COBRE), and 0.6341 to 0.7224 (B-SNIP). The saliency maps revealed more concentrated and biologically meaningful salient features along the time axis, aligning with the episodic nature of schizophrenia. TR consistently outperformed baseline pretraining methods, including OCP and PCL, in terms of AUC, balanced accuracy, and robustness. Conclusions: This study demonstrates the dual benefits of the TR method: enhanced predictive performance and improved interpretability. By aligning model predictions with meaningful temporal patterns in brain activity, TR bridges the gap between deep learning and clinical relevance. These findings emphasize the potential of explainable AI tools for aiding clinicians in diagnostics and treatment planning, especially in conditions characterized by disrupted temporal dynamics. © 2025 by the authors.","2025","2025-02-25 15:16:07","2025-02-25 15:16:07","","","","1","15","","Brain Sci.","","","","","","","","English","","","Scopus","","","","Publisher: Multidisciplinary Digital Publishing Institute (MDPI)","","/Users/jensreil/Zotero/storage/RZ2JK445/Iqbal et al. - 2025 - Explainable Self-Supervised Dynamic Neuroimaging Using Time Reversal.pdf","","deep learning; machine learning; explainability; human; classification algorithm; controlled study; electroencephalogram; Article; accuracy; entropy; area under the curve; diagnostic test accuracy study; dynamics; fMRI; functional magnetic resonance imaging; gray matter; head movement; interpretability; intrinsic connectivity network; neuroimaging; nuclear magnetic resonance imaging; phenotype; post hoc analysis; pretraining; quality control; schizophrenia; self-supervised; time reversal; treatment planning","","","","","","","","","","","","","","","","","","","","","","","","","","","","","","","","","","","","","","","","","","","","","","",""
"CPT8U28J","journalArticle","2024","Yang, C.; Wang, C.; Wu, B.; Zhao, F.; Fan, J.-S.; Zhou, L.","Settlement estimation during foundation excavation using pattern analysis and explainable AI modeling","Automation in Construction","","09265805 (ISSN)","10.1016/j.autcon.2024.105651","https://www.scopus.com/inward/record.uri?eid=2-s2.0-85199993643&doi=10.1016%2fj.autcon.2024.105651&partnerID=40&md5=5d06a6bea1da8cb695b79b92b9aaf248","With the rapid expansion of underground engineering, accurate settlement estimation during foundation excavation using monitoring data has gained prominence. Previous studies have typically overlooked data patterns, relying solely on time-series models, which yielded limited accuracy and short-term predictability. To address these issues, this paper performs a thorough pattern analysis covering both the temporal and spatial properties, and proposes a spatiotemporal modeling method grounded in explainable artificial intelligence technique. A real-world engineering case study is conducted to validate the effectiveness of the proposed method. Counterintuitively, the results reveal a weak temporal effect within the settlement data, with only the last step playing a dominant role, whereas the spatial correlation among measuring points is notably more significant. Compared to conventional models, the proposed method consistently outperforms, achieving significantly higher R2 scores and excelling in long-term estimation with reductions of at least 78% in RMSE, 80% in MAE, and 72% in MAPE. © 2024","2024","2025-02-25 15:16:07","2025-02-25 15:16:07","","","","","166","","Autom Constr","","","","","","","","English","","","Scopus","","","","Publisher: Elsevier B.V.","","","","Explainable artificial intelligence; Artificial intelligence; Times series models; Data patterns; Excavation; Foundation excavation; Foundation excavations; Intelligent estimation; Pattern analysis; Rapid expansion; Settlement of structures; Surface settlement; Surface settlements; Temporal and spatial; Underground engineering","","","","","","","","","","","","","","","","","","","","","","","","","","","","","","","","","","","","","","","","","","","","","","",""
"3Y57CUH5","journalArticle","2024","Salman, D.; Elmi, Y.K.; Isak, A.M.; Siyad, A.A.","Analyzing the Impact of Environmental Factors on Solar Power Output Using Explainable Deep Learning Techniques","SSRG International Journal of Electronics and Communication Engineering","","23488549 (ISSN)","10.14445/23488549/IJECE-V11I10P110","https://www.scopus.com/inward/record.uri?eid=2-s2.0-85209105207&doi=10.14445%2f23488549%2fIJECE-V11I10P110&partnerID=40&md5=f40b9a7647daf78b5fc12d921104c169","An advanced prediction of power generation is necessary for renewable systems to achieve optimal efficiency and output. This paper explores advanced deep learning models: Long Short-Term Memory (LSTM), 1D Convolutional Neural Network (1D-CNN), and a combined LSTM-1DCNN model to predict output solar power using historical time series climatic data. The feature consists of the main characteristics, namely temperature, air pressure, sun radiation, and humidity of the solar power. Several evaluation metrics were used to better assess each model's performance and the extent to which it has addressed research questions. The best model that showed high accuracy and good generalization of the output data was chosen as the LSTM-1DCNN hybrid model. Regarding the projections, each feature's contribution was evaluated using SHAP values with the ""SHAP"" package. The analysis carried out by the study revealed that models were influenced most by sun radiation. As the three models are analyzed, the call for multiple deep-learning techniques increases the forecast level. This paper focuses on the potential of using hybrid deep learning models to enhance the accuracy of the power output predictions while, by SHAP analysis, underlining the requirement for the model explainability. However, such work offers significant viewpoints and room for other developments that can use more prominent datasets and elaborate details. However, the results also highlight the areas to learn about the possibility of increasing the reliability and interpretability of the model's outcomes while underlining the necessity to apply advanced modelling approaches to optimize energy systems. © 2024 Seventh Sense Research Group®.","2024","2025-02-25 15:16:07","2025-02-25 15:16:07","","119-134","","10","11","","SSRG. Int. J. Electron. Commun. Eng.","","","","","","","","English","","","Scopus","","","","Publisher: Seventh Sense Research Group","","/Users/jensreil/Zotero/storage/C6CPRXQP/Salman et al. - 2024 - Analyzing the Impact of Environmental Factors on Solar Power Output Using Explainable Deep Learning.pdf","","Deep learning; Explainability; Forecasting; SHAP; Solar power","","","","","","","","","","","","","","","","","","","","","","","","","","","","","","","","","","","","","","","","","","","","","","",""
"QS4RD6KT","journalArticle","2024","Schneider, M.; Greifzu, N.; Wang, L.; Walther, C.; Wenzel, A.; Li, P.","An end-to-end machine learning approach with explanation for time series with varying lengths","Neural Computing and Applications","","09410643 (ISSN)","10.1007/s00521-024-09473-9","https://www.scopus.com/inward/record.uri?eid=2-s2.0-85185244418&doi=10.1007%2fs00521-024-09473-9&partnerID=40&md5=216c04de80c975bcbd5914fddbe485d7","An accurate prediction of complex product quality parameters from process time series by an end-to-end learning approach remains a significant challenge in machine learning. A special difficulty is the application of industrial batch process data because many batch processes generate variable length time series. In the industrial application of such methods, explainability is often desired. In this study, a 1D convolutional neural network (CNN) algorithm with a masking layer is proposed to solve the problem for time series of variable length. In addition, a novel combination of 1D CNN and class activation mapping (CAM) technique is part of this study to better understand the model results and highlight some regions of interest in the time series. As a comparative state-of-the-art unsupervised machine learning method, the One-Nearest Neighbours (1NN) algorithm combined with dynamic time warping (DTW) was used. Both methods are investigated as end-to-end learning methods with balanced and unbalanced class distributions and with scaled and unscaled input data, respectively. The FastDTW and DTAIDistance algorithms were investigated for the DTW calculation. The data set is made up of sensor signals that was collected during the production of plastic parts. The objective was to predict a quality parameter of plastic parts during production. For this research, the quality parameter will be a difficult or only destructively measurable parameter and both methods will be investigated for their applicability to this prediction task. The application of the proposed approach to an industrial facility for producing plastic products shows a prediction accuracy of 83.7%. It can improve the reverence method by approximately 1.4%. In addition to the slight increase in accuracy, the CNN training time was significantly reduced compared to the DTW calculation. © The Author(s) 2024.","2024","2025-02-25 15:16:07","2025-02-25 15:16:07","","7491-7508","","13","36","","Neural Comput. Appl.","","","","","","","","English","","","Scopus","","","","Publisher: Springer Science and Business Media Deutschland GmbH","","/Users/jensreil/Zotero/storage/5D98DC7V/Schneider et al. - 2024 - An end-to-end machine learning approach with explanation for time series with varying lengths.pdf","","Forecasting; Multilayer neural networks; Time series; Times series; Machine learning; Convolutional neural network; Nearest neighbor search; Time series classifications; Activation mapping; Batch data processing; CAM for TSC; Class activation mapping for time series classification; CNN with masking-layer; Convolutional neural network with masking-layer; Injection molding; Injection moulding; Masking layers; Plastic parts; Quality prediction; Time series classification  varying length; Time series classification (TSC) varying length","","","","","","","","","","","","","","","","","","","","","","","","","","","","","","","","","","","","","","","","","","","","","","",""
"V8DVBD7T","journalArticle","2024","Kim, J.; Kim, T.; Kim, J.","Two-pathway spatiotemporal representation learning for extreme water temperature prediction","Engineering Applications of Artificial Intelligence","","09521976 (ISSN)","10.1016/j.engappai.2023.107718","https://www.scopus.com/inward/record.uri?eid=2-s2.0-85182415275&doi=10.1016%2fj.engappai.2023.107718&partnerID=40&md5=817d0486ab480113d565cbb65945e61c","Accurate predictions of extreme water temperatures are criticalto understanding the variability of the marine environment and reducing marine disasters maximized by global warming. In this study, we propose a two-pathway framework with separated spatial and temporal encoders for accurate prediction of water temperature, especially extremely high water temperature, through effective spatiotemporal representation learning. The spatial and temporal encoder networks based on the Transformer's self-attention mechanism performs the task of predicting the water temperature time series at the 16 coastal locations around the Korean Peninsula for the seven consecutive days ahead at daily intervals with various combinations of patch embedding methods, positional embedding for spatial features. Comparative experiments with conventional deep convolutional and recurrent networks are also conducted for comparison. By comparing and assessing these results, the proposed two-pathway framework can improve the predictability of extremely high coastal water temperature by better capturing spatiotemporal interrelationships and long-range dependencies from open ocean and regional sea, and further determines the optimal architectural details of self-attention-based spatial and temporal encoders. Furthermore, to examine the explainability of the proposed model and its consistency with domain knowledge, spatial and temporal attention maps are visualized and analyzed that represents weights for spatiotemporal input sequences that are more relevant to predict for future predictions. © 2023 Elsevier Ltd","2024","2025-02-25 15:16:07","2025-02-25 15:16:07","","","","","131","","Eng Appl Artif Intell","","","","","","","","English","","","Scopus","","","","Publisher: Elsevier Ltd","","","","Forecasting; Recurrent neural networks; Attention mechanisms; Domain Knowledge; Embeddings; Global warming; Heatwaves; Marine heatwave; Marine heatwaves; Multi-step-ahead prediction; Multi-step-ahead predictions; Oceanography; Sea surface temperature; Sea surfaces; Self-attention mechanism; Signal encoding; Spatiotemporal representation learning; Surface temperature; Surface temperatures; Surface waters; Two-pathway representation learning; Water temperature","","","","","","","","","","","","","","","","","","","","","","","","","","","","","","","","","","","","","","","","","","","","","","",""
"ZMNBE8DD","journalArticle","2024","Sweidan, J.; El-Yacoubi, M.A.; Rigaud, A.-S.","Explainability of CNN-based Alzheimer’s disease detection from online handwriting","Scientific Reports","","20452322 (ISSN)","10.1038/s41598-024-72650-2","https://www.scopus.com/inward/record.uri?eid=2-s2.0-85205276201&doi=10.1038%2fs41598-024-72650-2&partnerID=40&md5=1b38496c54207fc807d8394d02eddbdd","With over 55 million people globally affected by dementia and nearly 10 million new cases reported annually, Alzheimer’s disease is a prevalent and challenging neurodegenerative disorder. Despite significant advancements in machine learning techniques for Alzheimer’s disease detection, the widespread adoption of deep learning models raises concerns about their explainability. The lack of explainability in deep learning models for online handwriting analysis is a critical gap in the literature in the context of Alzheimer’s disease detection. This paper addresses this challenge by interpreting predictions from a Convolutional Neural Network applied to multivariate time series data, generated by online handwriting data associated with continuous loop series handwritten on a graphical tablet. Our explainability methods reveal distinct motor behavior characteristics for healthy individuals and those diagnosed with Alzheimer’s. Healthy subjects exhibited consistent, smooth movements, while Alzheimer’s patients demonstrated erratic patterns marked by abrupt stops and direction changes. This emphasizes the critical role of explainability in translating complex models into clinically relevant insights. Our research contributes to the enhancement of early diagnosis, providing significant and reliable insights to stakeholders involved in patient care and intervention strategies. Our work bridges the gap between machine learning predictions and clinical insights, fostering a more effective and understandable application of advanced models for Alzheimer’s disease assessment. © The Author(s) 2024.","2024","2025-02-25 15:16:07","2025-02-25 15:16:07","","","","1","14","","Sci. Rep.","","","","","","","","English","","","Scopus","","","","Publisher: Nature Research","","/Users/jensreil/Zotero/storage/PZUWX2WM/Sweidan et al. - 2024 - Explainability of CNN-based Alzheimer’s disease detection from online handwriting.pdf","","Deep Learning; Explainability; Machine Learning; deep learning; machine learning; human; Humans; female; male; artificial neural network; diagnosis; Neural Networks, Computer; aged; Aged; Female; Male; middle aged; Middle Aged; pathophysiology; 1D-CNN; Aged, 80 and over; Alzheimer disease; Alzheimer Disease; Alzheimer’s disease; handwriting; Handwriting; Online handwriting; very elderly","","","","","","","","","","","","","","","","","","","","","","","","","","","","","","","","","","","","","","","","","","","","","","",""
"KDFFKTS4","journalArticle","2025","Gholian, S.M.; Fiandrino, C.; Vallina-Rodriguez, N.; Fiore, M.; Widmer, A.J.","DeExp: Revealing Model Vulnerabilities for Spatio-Temporal Mobile Traffic Forecasting with Explainable AI","IEEE Transactions on Mobile Computing","","15361233 (ISSN)","10.1109/TMC.2025.3531544","https://www.scopus.com/inward/record.uri?eid=2-s2.0-85216247870&doi=10.1109%2fTMC.2025.3531544&partnerID=40&md5=6bf20ea0825711fef7ff1b3ccc088e30","The ability to perform mobile traffic forecasting effectively with (DNN) is instrumental to optimize resource management in 5G and beyond generation mobile networks. However, despite their capabilities, these DNNs often act as complex opaque-boxes with decisions that are difficult to interpret. Even worse, they have proven vulnerable to adversarial attacks which undermine their applicability in production networks. Unfortunately, although existing state-of-the-art EXplainable Artificial Intelligence (XAI) techniques are often demonstrated in computer vision and Natural Language Processing (NLP), they may not fully address the unique challenges posed by spatio-temporal time-series forecasting models. To address these challenges, we introduce DeExp in this paper, a tool that flexibly builds upon legacy XAI techniques to synthesize compact explanations by making it possible to understand which Base Stations (BSs) are more influential for forecasting from a spatio-temporal perspective. Armed with such knowledge, we run state-of-the-art Adversarial Machine Learning (AML) techniques on those BSs to measure the accuracy degradation of the predictors under adversarial attacks. Our comprehensive evaluation uses real-world mobile traffic datasets and demonstrates that legacy XAI techniques spot different types of vulnerabilities. While Gradient-weighted Class Activation Mapping (GC) is suitable to spot BSs sensitive to moderate/low traffic injection, LayeR-wise backPropagation (LRP) is suitable to spot BSs sensitive to moderate/low traffic injection, LayeR-wise backPropagation (LRP) is suitable to identify BSs sensitive to high traffic injection. Under moderate adversarial attacks, the prediction error of the BSs identified as vulnerable can increase by more than 250%.  © 2025 IEEE.","2025","2025-02-25 15:16:07","2025-02-25 15:16:07","","","","","","","IEEE Trans. Mob. Comput.","","","","","","","","English","","","Scopus","","","","Publisher: Institute of Electrical and Electronics Engineers Inc.","","/Users/jensreil/Zotero/storage/P988V7MC/Gholian et al. - 2025 - DeExp Revealing Model Vulnerabilities for Spatio-Temporal Mobile Traffic Forecasting with Explainab.pdf","","Deep learning; Adversarial machine learning; Explainable AI; deep learning; Layer-wise; Resource management; 5G mobile communication systems; Injection layers; mobile networks; Mobile traffic; Production network; Resource allocation; Spatio-temporal; State of the art; Traffic Forecasting","","","","","","","","","","","","","","","","","","","","","","","","","","","","","","","","","","","","","","","","","","","","","","",""
"JHWFSJ2J","journalArticle","2024","Dash, G.; Kajiji, N.; Kamdem, B.G.","Asset Returns: Reimagining Generative ESG Indexes and Market Interconnectedness","Journal of Risk and Financial Management","","19118074 (ISSN)","10.3390/jrfm17100463","https://www.scopus.com/inward/record.uri?eid=2-s2.0-85207524620&doi=10.3390%2fjrfm17100463&partnerID=40&md5=039961d99c327f1824c63d57523e8786","Financial economists have long studied factors related to risk premiums, pricing biases, and diversification impediments. This study examines the relationship between a firm’s commitment to environmental, social, and governance principles (ESGs) and asset market returns. We incorporate an algorithmic protocol to identify three nonobservable but pervasive E, S, and G time-series factors to meet the study’s objectives. The novel factors were tested for information content by constructing a six-factor Fama and French model following the imposition of the isolation and disentanglement algorithm. Realizing that nonlinear relationships characterize models incorporating both observable and nonobservable factors, the Fama and French model statement was estimated using an enhanced shallow-learning neural network. Finally, as a post hoc measure, we integrated explainable AI (XAI) to simplify the machine learning outputs. Our study extends the literature on the disentanglement of investment factors across two dimensions. We first identify new time-series-based E, S, and G factors. Second, we demonstrate how machine learning can be used to model asset returns, considering the complex interconnectedness of sustainability factors. Our approach is further supported by comparing neural-network-estimated E, S, and G weights with London Stock Exchange ESG ratings. © 2024 by the authors.","2024","2025-02-25 15:16:07","2025-02-25 15:16:07","","","","10","17","","J. Risk. Financ. Manag.","","","","","","","","English","","","Scopus","","","","Publisher: Multidisciplinary Digital Publishing Institute (MDPI)","","/Users/jensreil/Zotero/storage/Q4IQRWNY/Dash et al. - 2024 - Asset Returns Reimagining Generative ESG Indexes and Market Interconnectedness.pdf","","Explainable AI; ESG factor construction; factor ranking; modeling asset returns","","","","","","","","","","","","","","","","","","","","","","","","","","","","","","","","","","","","","","","","","","","","","","",""
"B46H2MQE","journalArticle","2025","Troncoso-Garcia, A.R.; Martinez-Ballesteros, M.; Martinez-Alvarez, F.; Troncoso, A.","A new metric based on association rules to assess feature-attribution explainability techniques for time series forecasting","IEEE Transactions on Pattern Analysis and Machine Intelligence","","01628828 (ISSN)","10.1109/TPAMI.2025.3540513","https://www.scopus.com/inward/record.uri?eid=2-s2.0-85217807341&doi=10.1109%2fTPAMI.2025.3540513&partnerID=40&md5=629150f2ecc184b9266debee7beb347d","This paper introduces a new, model-independent, metric, called RExQUAL, for quantifying the quality of explanations provided by attribution-based explainable artificial intelligence techniques and compare them. The underlying idea is based on feature attribution, using a subset of the ranking of the attributes highlighted by a model-agnostic explainable method in a forecasting task. Then, association rules are generated using these key attributes as input data. Novel metrics, including global support and confidence, are proposed to assess the joint quality of generated rules. Finally, the quality of the explanations is calculated based on a wise and comprehensive combination of the association rules global metrics. The proposed method integrates local explanations through attribution-based approaches for evaluation and feature selection with global explanations for the entire dataset. This paper rigorously evaluates the new metric by comparing three explainability techniques: the widely used SHAP and LIME, and the novel methodology RULEx. The experimental design includes predicting time series of different natures, including univariate and multivariate, through deep learning models. The results underscore the efficacy and versatility of the proposed methodology as a quantitative framework for evaluating and comparing explainable techniques. © 1979-2012 IEEE.","2025","2025-02-25 15:16:07","2025-02-25 15:16:07","","","","","","","IEEE Trans Pattern Anal Mach Intell","","","","","","","","English","","","Scopus","","","","Publisher: IEEE Computer Society","","/Users/jensreil/Zotero/storage/GUDUVTTC/Troncoso-Garcia et al. - 2025 - A new metric based on association rules to assess feature-attribution explainability techniques for.pdf","","Deep learning; Features selection; Time series; Time series forecasting; Explainable artificial intelligence; Prediction models; Novel methodology; time series forecasting; Attribution-based; Artificial intelligence techniques; association rules; attribution-based; Joint quality; Key attributes; Model independent; Support and confidence","","","","","","","","","","","","","","","","","","","","","","","","","","","","","","","","","","","","","","","","","","","","","","",""
"8N2CVZJA","journalArticle","2024","Soni, V.; Yadav, H.; Bijrothiya, S.; Semwal, V.B.","CABMNet: An adaptive two-stage deep learning network for optimized spatial and temporal analysis in fall detection","Biomedical Signal Processing and Control","","17468094 (ISSN)","10.1016/j.bspc.2024.106506","https://www.scopus.com/inward/record.uri?eid=2-s2.0-85195299481&doi=10.1016%2fj.bspc.2024.106506&partnerID=40&md5=a7ff99c4651e99025584bbe27ca35efc","Fall detection is an emerging problem in the field of elderly care and health monitoring. Falls can cause severe injuries and even death among the elderly, and prompt detection can significantly reduce the risk of further damage. Deep learning plays a pivotal role in fall detection by enabling the recognition of complex patterns and the analysis of spatial and temporal data, leading to accurate and efficient identification of fall events. However, some recent deep learning models still face challenges and limitations, particularly in terms of interpretability and explainability. In this paper, CABMNet has been proposed, an adaptive two-stage deep learning network that optimizes spatial features through convolutional neural networks (CNNs) and convolutional block attention module (CBAM) in the initial stage, followed by bidirectional long short-term memory (Bi-LSTMs) enhanced with multi-head attention (MHA) for temporal analysis in the subsequent stage. The incorporation of attention in the proposed work addresses issues including feature discrimination, temporal analysis, and model interpretability, leading to improved overall performance and efficiency of fall detection. Additionally, a Kalman filter is integrated to enhance noise reduction in the preprocessing stage. Evaluation on diverse five datasets indicates that CABMNet outperforms existing state-of-the-art models, achieving accuracy rates of 99.27% for KFall, 99.85% for MobiAct, 99.55% for SmartFall, 98.36% for URFall, and 98.52% for MobiFall. The proposed CABMNet demonstrates substantial applicability in healthcare, specifically in the domains of elderly care, health monitoring, and fall detection, contributing to enhanced well-being and safety for elderly people. © 2024 Elsevier Ltd","2024","2025-02-25 15:16:07","2025-02-25 15:16:07","","","","","96","","Biomed. Signal Process. Control","","","","","","","","English","","","Scopus","","","","Publisher: Elsevier Ltd","","","","Deep learning; Interpretability; Learning systems; deep learning; Convolutional neural networks; CNN; Convolutional neural network; Pattern recognition; human; feature extraction; convolutional neural network; Article; long short term memory network; aged; BiLSTM; CBAM; Convolution; Convolutional block attention module; Damage detection; Elderly care; Fall detection; falling; gait; Health monitoring; Learning network; MHA; Multi-head attention; Noise abatement; noise reduction; patient safety; positivity rate; receiver operating characteristic; temporal analysis","","","","","","","","","","","","","","","","","","","","","","","","","","","","","","","","","","","","","","","","","","","","","","",""
"EJJ5TSHR","journalArticle","2025","Dung, P.T.; Giudici, P.","Sustainability, Accuracy, Fairness, and Explainability (SAFE) Machine Learning in Quantitative Trading","Mathematics","","22277390 (ISSN)","10.3390/math13030442","https://www.scopus.com/inward/record.uri?eid=2-s2.0-85217643306&doi=10.3390%2fmath13030442&partnerID=40&md5=e0bfd1b1e9f6ed42b4d535a4e525108c","The paper investigates the application of advanced machine learning (ML) methodologies, with a particular emphasis on state-of-the-art deep learning models, to predict financial market dynamics and maximize profitability through algorithmic trading strategies. The study compares the predictive capabilities and behavioral characteristics of traditional machine learning approaches, such as logistic regression and support vector machines, with those of highly sophisticated deep learning architectures, including Recurrent Neural Networks (RNNs), Long Short-Term Memory (LSTM) networks, and Gated Recurrent Units (GRUs). The findings underscore the fundamental distinctions between these methodologies, with deeply trained models exhibiting markedly different predictive behaviors and performance, particularly in capturing complex temporal patterns within financial data. A cornerstone of the paper is the introduction and rigorous analysis of a framework to evaluate models, by means of the SAFE framework (Sustainability, Accuracy, Fairness, and Explainability). The framework is designed to address the opacity of black-box ML models by systematically evaluating their behavior across a set of critical dimensions. It also demonstrates how models’ predictive outputs align with the observed data, thereby reinforcing their reliability and robustness. The paper leverages historical stock price data from International Business Machines Corporation (IBM). The dataset is partitioned into a training phase during which the models are calibrated, and a validation phase, used to evaluate the predictive performance of the generated trading signals. The study addresses two primary machine learning tasks: regression and classification. Classical models are utilized for classification tasks, with their outputs directly interpreted as trading signals, while advanced deep learning models are employed for regression, with predictions of future stock prices further processed into actionable trading strategies. To evaluate the effectiveness of each strategy, rigorous backtesting is conducted, incorporating visual representations such as equity curves to assess profitability and key risk metrics like maximum drawdown for risk management. Supplementary performance indicators, including hit rates and the incidence of false positions, are analyzed alongside the equity curves to provide a holistic assessment of each model’s performance. This comprehensive evaluation not only highlights the superiority of cutting-edge deep learning models in predicting financial market trends but also demonstrates the pivotal role of the SAFE framework in ensuring that machine learning models remain trustworthy, interpretable, and aligned with ethical considerations. © 2025 by the authors.","2025","2025-02-25 15:16:07","2025-02-25 15:16:07","","","","3","13","","Mathematics","","","","","","","","English","","","Scopus","","","","Publisher: Multidisciplinary Digital Publishing Institute (MDPI)","","/Users/jensreil/Zotero/storage/2ILI2RLI/Dung and Giudici - 2025 - Sustainability, Accuracy, Fairness, and Explainability (SAFE) Machine Learning in Quantitative Tradi.pdf","","deep learning; machine learning; quantitative trading; algorithmic strategies; backtesting; equity curves; maximum drawdown; risk management; safe trustworthy AI","","","","","","","","","","","","","","","","","","","","","","","","","","","","","","","","","","","","","","","","","","","","","","",""
"VVXGTQFN","journalArticle","2025","Ndao, M.L.; Youness, G.; Niang, N.; Saporta, G.","Improving predictive maintenance: Evaluating the impact of preprocessing and model complexity on the effectiveness of eXplainable Artificial Intelligence methods","Engineering Applications of Artificial Intelligence","","09521976 (ISSN)","10.1016/j.engappai.2025.110144","https://www.scopus.com/inward/record.uri?eid=2-s2.0-85216472317&doi=10.1016%2fj.engappai.2025.110144&partnerID=40&md5=aff348b968204843da69487983a561b8","Due to their performance in this field, Long-Short-Term Memory Neural Network (LSTM) approaches are often used to predict the remaining useful life (RUL). However, their complexity limits the interpretability of their results. So, eXplainable Artificial Intelligence (XAI) methods are used to understand the relationship between the input data and the predicted RUL. Modeling involves making choices, such as preprocessing strategies or model complexity. Understanding how these modeling choices affect the effectiveness of XAI methods is crucial. This paper investigates the impact of two modeling aspects: preprocessing multivariate time series and model complexity, precisely the number of hidden layers, on the quality of the explanations provided by three XAI post-hoc local agnostic methods (Local Interpretable Model-Agnostic Explanations (LIME), SHapley Additive exPlanations (SHAP), and Learning to eXplain (L2X) in the context of the RUL prediction. The quality of the XAI methods is evaluated using eleven metrics, categorized under five properties based on the definitions of interpretability and explainability. Experiments on the C-MAPSS dataset for aero-engine prognostics demonstrate that SHAP often provides better explanations when optimized preprocessing parameters are used. However, variations in these preprocessing parameters affect the quality of the explanation. Additionally, the results suggest no significant correlation between the complexity of the LSTM model and explanation quality, although changes in the number of layers notably influence the precision of SHAP's explanations. © 2025 The Authors","2025","2025-02-25 15:16:07","2025-02-25 15:16:07","","","","","144","","Eng Appl Artif Intell","","","","","","","","English","","","Scopus","","","","Publisher: Elsevier Ltd","","","","Interpretability; Long short-term memory; Multilayer neural networks; Short term memory; Neural-networks; Data pre-processing; Data preprocessing; Remaining useful lives; Predictive maintenance; Evaluation explainable artificial intelligence metric; Evaluation eXplainable Artificial Intelligence metrics; Long short-term memory neural network; Long Short-Term Memory Neural Network; Modeling complexity; Post-hoc local explainable artificial intelligence; Post-hoc local eXplainable Artificial Intelligence","","","","","","","","","","","","","","","","","","","","","","","","","","","","","","","","","","","","","","","","","","","","","","",""
"VUGINN2X","journalArticle","2024","Wagner, P.; Mehari, T.; Haverkamp, W.; Strodthoff, N.","Explaining deep learning for ECG analysis: Building blocks for auditing and knowledge discovery","Computers in Biology and Medicine","","00104825 (ISSN)","10.1016/j.compbiomed.2024.108525","https://www.scopus.com/inward/record.uri?eid=2-s2.0-85192790629&doi=10.1016%2fj.compbiomed.2024.108525&partnerID=40&md5=c1e1f7aa64b8dd2d89ff50ca5da12a01","Deep neural networks have become increasingly popular for analyzing ECG data because of their ability to accurately identify cardiac conditions and hidden clinical factors. However, the lack of transparency due to the black box nature of these models is a common concern. To address this issue, explainable AI (XAI) methods can be employed. In this study, we present a comprehensive analysis of post-hoc XAI methods, investigating the glocal (aggregated local attributions over multiple samples) and global (concept based XAI) perspectives. We have established a set of sanity checks to identify saliency as the most sensible attribution method. We provide a dataset-wide analysis across entire patient subgroups, which goes beyond anecdotal evidence, to establish the first quantitative evidence for the alignment of model behavior with cardiologists’ decision rules. Furthermore, we demonstrate how these XAI techniques can be utilized for knowledge discovery, such as identifying subtypes of myocardial infarction. We believe that these proposed methods can serve as building blocks for a complementary assessment of the internal validity during a certification process, as well as for knowledge discovery in the field of ECG analysis. © 2024 The Author(s)","2024","2025-02-25 15:16:07","2025-02-25 15:16:07","","","","","176","","Comput. Biol. Med.","","","","","","","","English","","","Scopus","","","","Publisher: Elsevier Ltd","","/Users/jensreil/Zotero/storage/HGR4LTDP/Wagner et al. - 2024 - Explaining deep learning for ECG analysis Building blocks for auditing and knowledge discovery.pdf","","Deep Learning; Deep neural networks; deep learning; Black boxes; artificial intelligence; Time series analysis; Time-series analysis; Explainable AI (XAI); Comprehensive analysis; deep neural network; human; Humans; artificial neural network; Neural Networks, Computer; controlled study; procedures; Article; signal processing; electrocardiogram; electrocardiography; major clinical study; Signal Processing, Computer-Assisted; diagnostic test accuracy study; anterior myocardial infarction; Building blockes; cardiologist; classifier; clinical decision rule; Condition; ECG analysis; ECG data; Electrocardiography; heart left bundle branch block; inferior myocardial infarction; internal validity; knowledge discovery; Knowledge discovery; Knowledge Discovery; left ventricular hypertrophy; Multiple samples; Post-hoc XAI method; Post-hoc XAI methods; residual neural network; segmentation algorithm; sensitivity and specificity","","","","","","","","","","","","","","","","","","","","","","","","","","","","","","","","","","","","","","","","","","","","","","",""
"JLRDEUK2","journalArticle","2024","Popov, P.; Mahmood, U.; Fu, Z.; Yang, C.; Calhoun, V.; Plis, S.","A simple but tough-to-beat baseline for fMRI time-series classification","NeuroImage","","10538119 (ISSN)","10.1016/j.neuroimage.2024.120909","https://www.scopus.com/inward/record.uri?eid=2-s2.0-85208492239&doi=10.1016%2fj.neuroimage.2024.120909&partnerID=40&md5=7da32b50907d756f02498b7070050dde","Current neuroimaging studies frequently use complex machine learning models to classify human fMRI data, distinguishing healthy and disordered brains, often to validate new methods or enhance prediction accuracy. Yet, where prediction accuracy is a concern, our results suggest that precision in prediction does not always require such sophistication. When a classifier as simple as logistic regression is applied to feature-engineered fMRI data, it can match or even outperform more sophisticated recent models. Classification of the raw time series fMRI data generally benefits from complex parameter-rich models. However, this complexity often pushes them into the class of black-box models. Yet, we found that a relatively simple model can consistently outperform much more complex classifiers in both accuracy and speed. This model applies the same multi-layer perceptron repeatedly across time and averages the results. Thus, the complexity and black-box nature of the parameter rich models, often perceived as a necessary trade-off for higher performance, do not invariably yield superior results on fMRI. Given the success of straightforward approaches, we challenge the merit of research that concentrates solely on complex model development driven by classification. Instead, we advocate for increased focus on designing models that prioritize the explainability of fMRI data or pursue applicable objectives beyond mere classification accuracy, unless they significantly outperform logistic regression or our proposed model. To validate our claim, we explore possible reasons for the superior performance of our straightforward model by examining the innate characteristics of fMRI time series data. Our findings suggest that the sequential information hidden in the temporal order may be far less important for the accurate fMRI classification than the stand-alone pieces of information scattered across the frames of the time series. © 2024 The Authors","2024","2025-02-25 15:16:07","2025-02-25 15:16:07","","","","","303","","NeuroImage","","","","","","","","English","","","Scopus","","","","Publisher: Academic Press Inc.","","/Users/jensreil/Zotero/storage/268SYWJ3/Popov et al. - 2024 - A simple but tough-to-beat baseline for fMRI time-series classification.pdf","","Deep learning; Machine Learning; Machine learning; machine learning; Brain; prediction; human; Humans; time series analysis; cross validation; artificial neural network; brain; procedures; convolutional neural network; Article; classification; long short term memory network; image processing; Image Processing, Computer-Assisted; physiology; functional magnetic resonance imaging; neuroimaging; nuclear magnetic resonance imaging; schizophrenia; biobank; BOLD signal; Brain disorders; brain mapping; Brain Mapping; Data explainability; diagnostic imaging; directed instantaneous connectivity estimator; functional connectivity; generative pretrained transformer; hypermutation; logistic regression analysis; Magnetic Resonance Imaging; multilayer perceptron; mutual information local to context; Predictive neuroimaging; resting state network; Resting-state fMRI","","","","","","","","","","","","","","","","","","","","","","","","","","","","","","","","","","","","","","","","","","","","","","",""
"GXFD6VTD","journalArticle","2024","López-González, C.I.; Gómez-Silva, M.J.; Besada-Portas, E.; Pajares, G.","Analyzing and interpreting convolutional neural networks using latent space topology","Neurocomputing","","09252312 (ISSN)","10.1016/j.neucom.2024.127806","https://www.scopus.com/inward/record.uri?eid=2-s2.0-85193199722&doi=10.1016%2fj.neucom.2024.127806&partnerID=40&md5=690afd454795419d76dbfab0edfec5ac","The development of explainability methods for Convolutional Neural Networks (CNNs), under the growing framework of explainable Artificial Intelligence (xAI) for image understanding, is crucial due to neural networks success in contrast with their black box nature. However, usual methods focus on image visualizations and are inadequate to analyze the encoded contextual information (that captures the spatial dependencies of pixels considering their neighbors), as well as to explain the evolution of learning across layers without degrading the information. To address the latter, this paper presents a novel explanatory method based on the study of the latent representations of CNNs through their topology, and supported by Topological Data Analysis (TDA). For each activation layer after a convolution, the pixel values of the activation maps along the channels are considered latent space points. The persistent homology of this data is summarized via persistence landscapes, called Latent Landscapes. This provides a global view of how contextual information is being encoded, its variety and evolution, and allows for statistical analysis. The applicability and effectiveness of our approach is demonstrated by experiments conducted with CNNs trained on distinct datasets: (1) two U-Net segmentation models on RGB and pseudo-multiband images (generated by considering vegetation indices) from the agricultural benchmark CRBD were evaluated, in order to explain the difference in performance; and (2) a VGG-16 classification network on CIFAR-10 (RGB) was analyzed, showing how the information evolves within the network. Moreover, comparisons with state-of-the-art methods (Grad-CAM and occlusion) prove the consistency and validity of our proposal. It offers novel insights into the decision making process and helps to compare how models learn. © 2024 The Author(s)","2024","2025-02-25 15:16:07","2025-02-25 15:16:07","","","","","593","","Neurocomputing","","","","","","","","English","","","Scopus","","","","Publisher: Elsevier B.V.","","/Users/jensreil/Zotero/storage/K3KWYSAE/López-González et al. - 2024 - Analyzing and interpreting convolutional neural networks using latent space topology.pdf","","Decision making; Explainable artificial intelligence; Neural-networks; Convolutional neural networks; machine learning; Black boxes; Convolutional neural network; learning algorithm; Classification (of information); Data handling; decision making; human; time series analysis; artificial neural network; nerve cell network; convolutional neural network; Article; Image segmentation; mathematical model; nonhuman; Benchmarking; Convolution; functional connectivity; Chemical activation; Contextual information; dog; event related potential; image analysis; Image analysis; image segmentation; Image visualization; landscape; latent landscape; Latent representation; nerve cell plasticity; Persistence landscape; Persistence landscapes; Pixels; quantitative structure activity relation; Spatial dependencies; Topological data analysis; Topology","","","","","","","","","","","","","","","","","","","","","","","","","","","","","","","","","","","","","","","","","","","","","","",""
"ZM2U2B3B","journalArticle","2025","Eun Choi, J.; Won Shin, J.; Wan Shin, D.","Vector SHAP Values for Machine Learning Time Series Forecasting","Journal of Forecasting","","02776693 (ISSN)","10.1002/for.3220","https://www.scopus.com/inward/record.uri?eid=2-s2.0-85209816115&doi=10.1002%2ffor.3220&partnerID=40&md5=399295096f15f0ec77b0816575d5f082","We propose a new vector SHapley Additive exPlanations (SHAP) to interpret machine learning models for forecasting time series using lags of predictor variables. Unlike the standard SHAP measuring the contribution of each lag of each predictor variable, the proposed vector SHAP measures the contribution of the vector of the lags of each variable. The vector SHAP has an advantage of faster computation over the standard SHAP. Some desirable properties of the vector SHAP (vector local accuracy, vector missingness, and vector consistency) are established. A Monte Carlo simulation shows that the vector SHAP has a much faster computing time than the SHAP; the difference of the standard SHAP and the vector SHAP is small; the sampling SHAP is sensitive to the sampling proportion in a range of practical application; the vector SHAP mitigates the sensitivity issue. The vector SHAP is applied to the realized volatility of world major stock price indices of 16 countries for forecasting the realized volatility of South Korea stock price index, KOSPI. Further vectoring by regions of Europe, North America, and Asia yields vector SHAP value for each region which is very close to the sum of vector SHAP values of the countries of the region, illustrating usefulness of the strategy of vectoring. © 2024 John Wiley & Sons, Ltd.","2025","2025-02-25 15:16:07","2025-02-25 15:16:07","","635-645","","2","44","","J Forecast","","","","","","","","English","","","Scopus","","","","Publisher: John Wiley and Sons Ltd","","/Users/jensreil/Zotero/storage/FN9GYZL6/Eun Choi et al. - 2025 - Vector SHAP Values for Machine Learning Time Series Forecasting.pdf","","Explainability; Machine-learning; Adversarial machine learning; XAI; Stock price; Time series; machine learning; Shapley; explainability; Time series forecasts; Monte Carlo methods; Predictor variables; Price index; Realized volatility; time series forecast; vector SHAP; Vector shapley additive explanation; Vectors","","","","","","","","","","","","","","","","","","","","","","","","","","","","","","","","","","","","","","","","","","","","","","",""
"2YX6BEHD","journalArticle","2024","Khan, U.; Pao, W.; Pilario, K.E.S.; Sallih, N.; Khan, M.R.","Two-phase flow regime identification using multi-method feature extraction and explainable kernel Fisher discriminant analysis","International Journal of Numerical Methods for Heat and Fluid Flow","","09615539 (ISSN)","10.1108/HFF-09-2023-0526","https://www.scopus.com/inward/record.uri?eid=2-s2.0-85180256569&doi=10.1108%2fHFF-09-2023-0526&partnerID=40&md5=66dac11e75319fcbec95b1aa5cb72ed8","Purpose: Identifying the flow regime is a prerequisite for accurately modeling two-phase flow. This paper aims to introduce a comprehensive data-driven workflow for flow regime identification. Design/methodology/approach: A numerical two-phase flow model was validated against experimental data and was used to generate dynamic pressure signals for three different flow regimes. First, four distinct methods were used for feature extraction: discrete wavelet transform (DWT), empirical mode decomposition, power spectral density and the time series analysis method. Kernel Fisher discriminant analysis (KFDA) was used to simultaneously perform dimensionality reduction and machine learning (ML) classification for each set of features. Finally, the Shapley additive explanations (SHAP) method was applied to make the workflow explainable. Findings: The results highlighted that the DWT + KFDA method exhibited the highest testing and training accuracy at 95.2% and 88.8%, respectively. Results also include a virtual flow regime map to facilitate the visualization of features in two dimension. Finally, SHAP analysis showed that minimum and maximum values extracted at the fourth and second signal decomposition levels of DWT are the best flow-distinguishing features. Practical implications: This workflow can be applied to opaque pipes fitted with pressure sensors to achieve flow assurance and automatic monitoring of two-phase flow occurring in many process industries. Originality/value: This paper presents a novel flow regime identification method by fusing dynamic pressure measurements with ML techniques. The authors’ novel DWT + KFDA method demonstrates superior performance for flow regime identification with explainability. © 2023, Emerald Publishing Limited.","2024","2025-02-25 15:16:07","2025-02-25 15:16:07","","2836-2864","","8","34","","Int. J. Numer. Methods Heat Fluid Flow","","","","","","","","English","","","Scopus","","","","Publisher: Emerald Publishing","","","","Feature extraction; Explainable AI; Learning algorithms; Extraction; Time series analysis; Discriminant analysis; Features extraction; Wavelets transform; Discreate wavelet transform; Discrete wavelet transforms; Discrete-wavelet-transform; Fisher information matrix; Flow regime; Flow regimes; Flow regimes identification; Kernel fisher discriminant analysis; Kernel Fisher discriminant analysis; Signal reconstruction; Spectral density; Two phase flow; Two phases flow; Two-phase flow; Work-flows","","","","","","","","","","","","","","","","","","","","","","","","","","","","","","","","","","","","","","","","","","","","","","",""
"NUX5NZGP","journalArticle","2025","Hassan, I.Y.A.; Kasabov, N.K.","NeuDen: a framework for the integration of neuromorphic evolving spiking neural networks with dynamic evolving neuro-fuzzy systems for predictive and explainable modelling of streaming data","Evolving Systems","","18686478 (ISSN)","10.1007/s12530-024-09630-4","https://www.scopus.com/inward/record.uri?eid=2-s2.0-85209361536&doi=10.1007%2fs12530-024-09630-4&partnerID=40&md5=2fb5bf4702777a186977b0d582a066eb","This paper introduces a novel framework, called here 'NeuDen' for the integration of neuromorphic evolving spiking neural networks (eSNN), that learn efficiently multiple time series in their temporal association and interaction as spike based information, with dynamic evolving neuro-fuzzy systems (deNFS), that learn incrementally extracted from the eSNN frequency-based (rate-based) feature vectors, to predict future time-series values and to produce interpretable fuzzy rules. The new framework aims to make the best out of the dominant characteristics of the two types of models. First, spike-time-dependent plasticity (STDP) learning is used in SNN to learn temporal interaction between multiple time series, connected to a dynamic eSNN (deSNN) as a regressor/classifier. Then, frequency-based feature-vectors are extracted from the trained deSNN for further learning, fuzzy inference and rule extraction in a deNFS, here exemplified by a popular DENFIS model, resulting in an accurate prediction results and explainable dynamic fuzzy rules. The NeuDen, framework and model, overcomes both the explainability problems of eSNN and the limitations of deNFS to model multiple streaming time series in their temporal interaction. NeuDen surpasses both deSNN and DENFIS by providing multiple regression models and achieving higher accuracy. NeuDen is demonstrated on benchmark data and on financial and economic time series, achieving from 3 to 100 times smaller RMSE when compared with other evolving systems. The proposed framework opens a new direction for the development of more efficient evolving systems by integrating eSNN with other Explainable Artificial Intelligence (XAI) techniques, such as other neuro-fuzzy systems, deep neural networks, and quantum classifiers for specific applications. © The Author(s), under exclusive licence to Springer-Verlag GmbH Germany, part of Springer Nature 2024.","2025","2025-02-25 15:16:07","2025-02-25 15:16:07","","","","1","16","","Evol. Syst.","","","","","","","","English","","","Scopus","","","","Publisher: Springer Nature","","","","Time series; Deep neural networks; Neural-networks; Multiple time series; Neucube; NeuCube; Learn+; Fuzzy neural networks; Regression analysis; DENFIS; Evolving connectionist systems; Fuzzy inference; Neurofuzzy system; Benchmarking; Evolving spiking neural network; Evolving spiking neural networks; Fuzzy rules; Neuden; NeuDen; Neuromorphic","","","","","","","","","","","","","","","","","","","","","","","","","","","","","","","","","","","","","","","","","","","","","","",""
"KV3H3M36","journalArticle","2025","Pascual-Triana, J.D.; Fernández, A.; Del Ser, J.; Herrera, F.","Overlap Number of Balls Model-Agnostic CounterFactuals (ONB-MACF): A data-morphology-based counterfactual generation method for trustworthy artificial intelligence","Information Sciences","","00200255 (ISSN)","10.1016/j.ins.2024.121844","https://www.scopus.com/inward/record.uri?eid=2-s2.0-85214347728&doi=10.1016%2fj.ins.2024.121844&partnerID=40&md5=93c8b1595a79a11d6571e87ef88f7346","Explainable Artificial Intelligence (XAI) is a pivotal research domain aimed at clarifying AI systems, particularly those considered “black boxes” due to their complex, opaque nature. XAI seeks to make these AI systems more understandable and trustworthy, providing insight into their decision-making processes. By producing clear and comprehensible explanations, XAI enables users, practitioners, and stakeholders to trust a model's decisions. This work analyses the value of data morphology strategies in generating counterfactual explanations. It introduces the Overlap Number of Balls Model-Agnostic CounterFactuals (ONB-MACF) method, a model-agnostic counterfactual generator that leverages data morphology to estimate a model's decision boundaries. The ONB-MACF method constructs hyperspheres in the data space whose covered points share a class, mapping the decision boundary. Counterfactuals are then generated by incrementally adjusting an instance's attributes towards the nearest alternate-class hypersphere, crossing the decision boundary with minimal modifications. By design, the ONB-MACF method generates feasible and sparse counterfactuals that follow the data distribution. Our comprehensive benchmark from a double perspective (quantitative and qualitative) shows that the ONB-MACF method outperforms existing state-of-the-art counterfactual generation methods across multiple quality metrics on diverse tabular datasets. This supports our hypothesis, showcasing the potential of data-morphology-based explainability strategies for trustworthy AI. © 2025 Elsevier Inc.","2025","2025-02-25 15:16:07","2025-02-25 15:16:07","","","","","701","","Inf Sci","","","","","","","","English","","","Scopus","","","","Publisher: Elsevier Inc.","","","","Explainable artificial intelligence; Counterfactuals; Spatio-temporal data; AI systems; Counterfactual analysis; Counterfactual analyze; Data assimilation; Data morphology; Decision boundary; Generation method; Model-agnostic explanation; Model-agnostic explanations; Modeling decisions; Trustworthy artificial intelligence","","","","","","","","","","","","","","","","","","","","","","","","","","","","","","","","","","","","","","","","","","","","","","",""
"KZQR5EWP","journalArticle","2024","Ashraf, W.M.; Dua, V.","Partial derivative-based dynamic sensitivity analysis expression for non-linear auto regressive with exogenous (NARX) model[sbnd]case studies on distillation columns and model's interpretation investigation","Chemical Engineering Journal Advances","","26668211 (ISSN)","10.1016/j.ceja.2024.100605","https://www.scopus.com/inward/record.uri?eid=2-s2.0-85189878392&doi=10.1016%2fj.ceja.2024.100605&partnerID=40&md5=675ee14f01c28fb1fc475a7010510142","Constructing the reliable dynamic sensitivity profile for the output variable using the machine learning model is a challenging task; however, the dynamic sensitivity trends are helpful to understand the impact of the input variables on the system's performance. In this paper, we have derived the partial-derivative approach-based sensitivity analysis expression for the non-linear auto regressive with exogenous (NARX) model for the first time. The engineering systems-based case studies, i.e., two distillation columns with five and ten stages, respectively are taken which are commonly found in the chemical processing plants. Two output variables, i.e., liquid composition in tray 2 and tray 4 (Y2 and Y4) of a five-stage distillation column, and liquid composition in tray 7 (Y7) of a ten-stage (higher) distillation column are modelled by NARX with respect to time, feed concentration (Xf) and feed flow rate (Lf). The dynamic sensitivity profiles of the output variables with respect to Xf and Lf for the two distillation columns are plotted by the derived partial derivative-based sensitivity expression on the NARX model. Furthermore, the forward difference method of sensitivity analysis (first principle method) is also applied on the ordinary differential equations of the distillation columns to compute the sensitivity values of the output variables. A good agreement in the dynamic sensitivity values of the output variables with respect to the input variables is found for the two sensitivity analysis techniques thereby demonstrating the effectiveness of the partial-derivative approach for the improved NARX's interpretability performance. This research presents the explicit partial-derivative based sensitivity analysis expression for the NARX model which can be utilised for time-series applications and can provide the insights about the model's interpretation performance. © 2024 The Author(s)","2024","2025-02-25 15:16:07","2025-02-25 15:16:07","","","","","18","","Chem. Eng. J. Adv.","","","","","","","","English","","","Scopus","","","","Publisher: Elsevier B.V.","","/Users/jensreil/Zotero/storage/NSWYH88Y/Ashraf and Dua - 2024 - Partial derivative-based dynamic sensitivity analysis expression for non-linear auto regressive with.pdf","","Interpretability; Explainable AI; Time-series data; NARX; Partial-derivative based sensitivity analysis","","","","","","","","","","","","","","","","","","","","","","","","","","","","","","","","","","","","","","","","","","","","","","",""
"EHJA2JR9","journalArticle","2025","García-Sigüenza, J.; Curado, M.; Llorens-Largo, F.; Vicent, J.F.","Self explainable graph convolutional recurrent network for spatio-temporal forecasting","Machine Learning","","08856125 (ISSN)","10.1007/s10994-024-06725-6","https://www.scopus.com/inward/record.uri?eid=2-s2.0-85217748691&doi=10.1007%2fs10994-024-06725-6&partnerID=40&md5=a3c1b7350aa0634c62b54a52dfbf78d3","Artificial intelligence (AI) is transforming industries and decision-making processes, but concerns about transparency and fairness have increased. Explainable artificial intelligence (XAI) is crucial to address these concerns, providing transparency in AI decision making, alleviating the effect of biases and fostering trust. However, the application of XAI in conjunction with problems with spatio-temporal components represents a challenge due to the small number of options, which when implemented penalize performance in exchange for the explainability obtained. This paper proposes self explainable graph convolutional recurrent network (SEGCRN), a model that seeks to integrate explainability into the architecture itself, seeking to increase the ability to infer the relationship and dependence between the different nodes, proposing an alternative to explainability techniques, which are applied as a second layer. The proposed model has been able to show in different data sets the ability to reduce the amount of information needed to make a prediction, while reducing the impact on the prediction caused by applying an explainability technique, having managed to reduce the use of information without loss of accuracy. Thus, SEGCRN is proposed as a gray box, which allows a better understanding of its behavior than black box models, having validated the model with traffic data, combining both spatial and temporal components, achieving promising results. © The Author(s) 2025.","2025","2025-02-25 15:16:07","2025-02-25 15:16:07","","","","1","114","","Mach Learn","","","","","","","","English","","","Scopus","","","","Publisher: Springer","","/Users/jensreil/Zotero/storage/2SMFR3YH/García-Sigüenza et al. - 2025 - Self explainable graph convolutional recurrent network for spatio-temporal forecasting.pdf","","Deep learning; Explainability; Decisions makings; Performance; Convolutional neural networks; Prediction models; Recurrent neural networks; Decision-making process; Graph neural networks; Data analysis; Spatio-temporal data; Spatio-temporal; Intelligence decision; Recurrent networks; Spatio-temporal forecasting","","","","","","","","","","","","","","","","","","","","","","","","","","","","","","","","","","","","","","","","","","","","","","",""
"J6M9RUPD","journalArticle","2024","Mikheev, I.; Steiner, H.; Martynova, O.","Detecting cognitive traits and occupational proficiency using EEG and statistical inference","Scientific Reports","","20452322 (ISSN)","10.1038/s41598-024-55163-w","https://www.scopus.com/inward/record.uri?eid=2-s2.0-85187100576&doi=10.1038%2fs41598-024-55163-w&partnerID=40&md5=af7d92e60d16f16552472a1f20dc04a7","Machine learning (ML) is widely used in classification tasks aimed at detecting various cognitive states or neurological diseases using noninvasive electroencephalogram (EEG) time series. However, successfully detecting specific cognitive skills in a healthy population, independent of subject, remains challenging. This study compared the subject-independent classification performance of three different pipelines: supervised and Riemann projections with logistic regression and handcrafted power spectral features with light gradient boosting machine (LightGBM). 128-channel EEGs were recorded from 26 healthy volunteers while they solved arithmetic, logical, and verbal tasks. The participants were divided into two groups based on their higher education and occupation: specialists in mathematics and humanities. The balanced accuracy of the education type was significantly above chance for all pipelines: 0.84–0.89, 0.85–0.88, and 0.86–0.88 for each type of task, respectively. All three pipelines allowed us to distinguish mathematical proficiency based on learning experience with different trade-offs between performance and explainability. Our results suggest that ML approaches could also be effective for recognizing individual cognitive traits using EEG. © The Author(s) 2024.","2024","2025-02-25 15:16:07","2025-02-25 15:16:07","","","","1","14","","Sci. Rep.","","","","","","","","English","","","Scopus","","","","Publisher: Nature Research","","/Users/jensreil/Zotero/storage/YA354W3H/Mikheev et al. - 2024 - Detecting cognitive traits and occupational proficiency using EEG and statistical inference.pdf","","Machine Learning; Machine learning; machine learning; human; Humans; electroencephalography; Electroencephalography; procedures; EEG; cognition; Cognition; Cognitive traits","","","","","","","","","","","","","","","","","","","","","","","","","","","","","","","","","","","","","","","","","","","","","","",""
"B45PYBK2","journalArticle","2024","Guo, X.; Zhang, Q.; Jiang, J.; Peng, M.; Zhu, M.; Yang, H.F.","Towards explainable traffic flow prediction with large language models","Communications in Transportation Research","","27724247 (ISSN)","10.1016/j.commtr.2024.100150","https://www.scopus.com/inward/record.uri?eid=2-s2.0-85210740768&doi=10.1016%2fj.commtr.2024.100150&partnerID=40&md5=7fce50eed794d8b3e9bbb6e4f4f61e50","Traffic forecasting is crucial for intelligent transportation systems. It has experienced significant advancements thanks to the power of deep learning in capturing latent patterns of traffic data. However, recent deep-learning architectures require intricate model designs and lack an intuitive understanding of the mapping from input data to predicted results. Achieving both accuracy and explainability in traffic prediction models remains a challenge due to the complexity of traffic data and the inherent opacity of deep learning models. To tackle these challenges, we propose a traffic flow prediction model based on large language models (LLMs) to generate explainable traffic predictions, named xTP-LLM. By transferring multi-modal traffic data into natural language descriptions, xTP-LLM captures complex time-series patterns and external factors from comprehensive traffic data. The LLM framework is fine-tuned using language-based instructions to align with spatial-temporal traffic flow data. Empirically, xTP-LLM shows competitive accuracy compared with deep learning baselines, while providing an intuitive and reliable explanation for predictions. This study contributes to advancing explainable traffic prediction models and lays a foundation for future exploration of LLM applications in transportation. © 2024 The Authors","2024","2025-02-25 15:16:07","2025-02-25 15:16:07","","","","","4","","Commun. Transp. Res.","","","","","","","","English","","","Scopus","","","","Publisher: Tsinghua University Press","","/Users/jensreil/Zotero/storage/ZX99VZSU/Guo et al. - 2024 - Towards explainable traffic flow prediction with large language models.pdf","","Deep learning; Explainability; Prediction models; Language model; Large language model; Intelligent systems; Traffic Forecasting; Large language models; Spatial temporals; Spatial-temporal prediction; Temporal prediction; Traffic data; Traffic flow prediction; Traffic prediction model","","","","","","","","","","","","","","","","","","","","","","","","","","","","","","","","","","","","","","","","","","","","","","",""
"LLHE4TLX","journalArticle","2024","Shenderovitz, G.; Sheetrit, E.; Nissim, N.","Patterns of time-interval based patterns for improved multivariate time series data classification","Engineering Applications of Artificial Intelligence","","09521976 (ISSN)","10.1016/j.engappai.2024.108171","https://www.scopus.com/inward/record.uri?eid=2-s2.0-85187794454&doi=10.1016%2fj.engappai.2024.108171&partnerID=40&md5=873241905f126d97138510a3dac7f087","In recent years, computational advancements have contributed to a significant increase in the volume and availability of multivariate time series data (MTSD). The ability to make use of MTSD is challenging, as it often suffers from missing values, random noise, varied sampling rates, and temporal granularities. In the modern era of machine learning, learning frameworks must accurately capture the data's temporal structure and have high generalization capabilities, as well as provide interpretability and explainability regarding its decisions. The use of temporal abstractions (TAs) and interval-based temporal patterns (TPs) has been proposed for learning from MTSD, overcoming existing challenges, and achieving state-of-the-art results on various tasks, however, improvements are needed in terms of the generalization capabilities and decision explainability. In this paper, we propose a novel interval-based method, Inter-Rel, which provides an additional layer of learning that exploits the temporal relations among the discovered interval-based TPs, enhances the feature space, and improves explanatory capabilities by shedding light on the relations between the TPs over time. To evaluate the effectiveness and additional benefits provided by Inter-Rel, we evaluate our method on various learning tasks and domains such as early sepsis detection; electroencephalogram-based (EEG-based) subject classification; and the categorization of malicious portable executables based on dynamic analysis. The experimental results demonstrate that Inter-Rel's use enhances classification performance by up to 16% in terms of area under the curve (AUC) or accuracy (depending on the task) while providing additional explanatory capabilities that can be leveraged by a domain expert. © 2024 Elsevier Ltd","2024","2025-02-25 15:16:07","2025-02-25 15:16:07","","","","","133","","Eng Appl Artif Intell","","","","","","","","English","","","Scopus","","","","Publisher: Elsevier Ltd","","","","Explainability; Machine-learning; Time series; Machine learning; Time-series data; Classification (of information); Data classification; Classification; Electroencephalography; Multivariate time series; Temporal pattern; Generalization capability; Multivariate time series data; Temporal patterns; Time interval; Time-interval mining","","","","","","","","","","","","","","","","","","","","","","","","","","","","","","","","","","","","","","","","","","","","","","",""
"8PKMA7UH","journalArticle","2024","Schummer, P.; del Rio, A.; Serrano, J.; Jimenez, D.; Sánchez, G.; Llorente, Á.","Machine Learning-Based Network Anomaly Detection: Design, Implementation, and Evaluation","AI (Switzerland)","","26732688 (ISSN)","10.3390/ai5040143","https://www.scopus.com/inward/record.uri?eid=2-s2.0-85213462906&doi=10.3390%2fai5040143&partnerID=40&md5=f3060d96444527063590b607d6501165","Background: In the last decade, numerous methods have been proposed to define and detect outliers, particularly in complex environments like networks, where anomalies significantly deviate from normal patterns. Although defining a clear standard is challenging, anomaly detection systems have become essential for network administrators to efficiently identify and resolve irregularities. Methods: This study develops and evaluates a machine learning-based system for network anomaly detection, focusing on point anomalies within network traffic. It employs both unsupervised and supervised learning techniques, including change point detection, clustering, and classification models, to identify anomalies. SHAP values are utilized to enhance model interpretability. Results: Unsupervised models effectively captured temporal patterns, while supervised models, particularly Random Forest (94.3%), demonstrated high accuracy in classifying anomalies, closely approximating the actual anomaly rate. Conclusions: Experimental results indicate that the system can accurately predict network anomalies in advance. Congestion and packet loss were identified as key factors in anomaly detection. This study demonstrates the potential for real-world deployment of the anomaly detection system to validate its scalability. © 2024 by the authors.","2024","2025-02-25 15:16:07","2025-02-25 15:16:07","","2967-2983","","4","5","","AI.","","","","","","","","English","","","Scopus","","","","Publisher: Multidisciplinary Digital Publishing Institute (MDPI)","","/Users/jensreil/Zotero/storage/5RYKGMUN/Schummer et al. - 2024 - Machine Learning-Based Network Anomaly Detection Design, Implementation, and Evaluation.pdf","","machine learning; explainable AI; anomaly detection; network anomalies; network performance","","","","","","","","","","","","","","","","","","","","","","","","","","","","","","","","","","","","","","","","","","","","","","",""
"DFSXBBZR","journalArticle","2024","Han, Y.; Lam, J.C.K.; Li, V.O.K.; Crowcroft, J.","Interpretable AI-driven causal inference to uncover the time-varying effects of PM2.5 and public health interventions on COVID-19 infection rates","Humanities and Social Sciences Communications","","26629992 (ISSN)","10.1057/s41599-024-04202-y","https://www.scopus.com/inward/record.uri?eid=2-s2.0-85212765305&doi=10.1057%2fs41599-024-04202-y&partnerID=40&md5=5fbb7b3349aeac791f254fc3d0a8bfff","Although COVID-19 appears to be better controlled since its initial outbreak in 2020, it continues to threaten citizens in different communities due to the unpredictability of new strains. The global viral pandemic has resulted in over 700 million infections and 7 million deaths worldwide, with 22 million cases occurring in the United Kingdom (UK). Emerging evidence has suggested that outdoor PM2.5 pollutants can significantly contribute to COVID-19 infection. However, the time-varying effects of outdoor PM2.5 pollutants on COVID-19 infection rates, particularly in the context of public health interventions, remain poorly understood. This study addresses this knowledge gap by developing a novel AI-driven Bayesian causal deep learning framework to investigate the time-varying causal impacts of PM2.5 concentrations and public health interventions on COVID-19 infection rates in the UK. The proposed framework is designed to identify the time-varying causal relationships between outdoor PM2.5 pollution, key public health intervention measures, and infection rates, while addressing confounding biases and non-linearity in observational temporal-spatial data. It capitalizes on an encoder-decoder architecture for causal inference, where the encoder captures the time-varying causal relationships using a graph neural network, and the decoder provides time-series prediction based on the identified causal structures using a recurrent neural network. Evaluation results demonstrate that the proposed framework outperforms all statistical and deep learning baselines in predicting infection rates. The key findings based on causal effect estimations suggest that short-term outdoor PM2.5 pollution significantly contributed to infection rates, particularly during the early phase. School closure was most effective in early waves, while public transport closure became critical in later stages. These findings offer new insights for public health policymaking. Early-stage interventions to reduce air pollution and enhance indoor ventilation can be crucial for effective pandemic preparedness. Moreover, adaptive public health policies that evolve based on the pandemic phases, such as transitioning from school closures to transport restrictions, can optimize infection control efforts. Beyond COVID-19, the proposed data-driven causal inference and interpretability techniques can be applied to other infectious disease outbreaks and environmental health challenges, providing an interpretable and transferable framework to facilitate evidence-based policymaking. © The Author(s) 2024.","2024","2025-02-25 15:16:07","2025-02-25 15:16:07","","","","1","11","","Hum. Soc. Sci. Comm","","","","","","","","English","","","Scopus","","","","Publisher: Springer Nature","","/Users/jensreil/Zotero/storage/VRRXRIBW/Han et al. - 2024 - Interpretable AI-driven causal inference to uncover the time-varying effects of PM2.5 and public hea.pdf","","","","","","","","","","","","","","","","","","","","","","","","","","","","","","","","","","","","","","","","","","","","","","","","",""
"US4LHEHH","journalArticle","2024","Pelous, E.; Méger, N.; Benoit, A.; Atto, A.; Ienco, D.; Courteille, H.; Lin-Kwong-Chon, C.","Explaining the decisions and the functioning of a convolutional spatiotemporal land cover classifier with channel attention and redescription mining","ISPRS Journal of Photogrammetry and Remote Sensing","","09242716 (ISSN)","10.1016/j.isprsjprs.2024.06.021","https://www.scopus.com/inward/record.uri?eid=2-s2.0-85198606959&doi=10.1016%2fj.isprsjprs.2024.06.021&partnerID=40&md5=25bc02d7eb6692bc931a6bde2c08f4ed","Convolutional neural networks trained with satellite image time series have demonstrated their potential in land cover classification in recent years. Nevertheless, the rationale leading to their decisions remains obscure by nature. Methods for providing relevant and simplified explanations of their decisions as well as methods for understanding their inner functioning have thus emerged. However, both kinds of methods generally work separately and no explicit connection between their findings is made available. This paper presents an innovative method for refining the explanations provided by channel-based attention mechanisms. It consists in identifying correspondence rules between neuronal activation levels and the presence of spatiotemporal patterns in the input data for each channel and target class. These rules provide both class-level and instance-level explanations, as well as an explicit understanding of the network operations. They are extracted using a state-of-the-art redescription mining algorithm. Experiments on the Reunion Island Sentinel-2 dataset show that both correct and incorrect decisions can be explained using convenient spatiotemporal visualizations. © 2024 The Author(s)","2024","2025-02-25 15:16:07","2025-02-25 15:16:07","","256-270","","","215","","ISPRS J. Photogramm. Remote Sens.","","","","","","","","English","","","Scopus","","","","Publisher: Elsevier B.V.","","/Users/jensreil/Zotero/storage/4DA78SPM/Pelous et al. - 2024 - Explaining the decisions and the functioning of a convolutional spatiotemporal land cover classifier.pdf","","Explainable AI; Time series; Convolutional neural networks; Convolutional neural network; Data mining; time series analysis; artificial neural network; land cover; Attention; Convolution; image analysis; Frequent sequential patterns; Grouped frequent sequential pattern; Grouped frequent sequential patterns; image classification; Image classification; Image time-series; Land cover classification; Mascarene Islands; Redescription mining; Redescriptions; Reunion; Satellite image time series; satellite imagery; Satellite images","","","","","","","","","","","","","","","","","","","","","","","","","","","","","","","","","","","","","","","","","","","","","","",""
"J4IMBB6H","journalArticle","2024","Hogea, E.; Onchiş, D.M.; Yan, R.; Zhou, Z.","LogicLSTM: Logically-driven long short-term memory model for fault diagnosis in gearboxes","Journal of Manufacturing Systems","","02786125 (ISSN)","10.1016/j.jmsy.2024.10.003","https://www.scopus.com/inward/record.uri?eid=2-s2.0-85208119278&doi=10.1016%2fj.jmsy.2024.10.003&partnerID=40&md5=9bb07557b5d8965e1db9c3ee69e8f367","This article introduces LogicLSTM, a hybrid neuro-symbolic model obtained by logically guiding a pretrained Long Short-Term Memory (LSTM) network with the support of a customized Logic Tensor Network (LTN). The model is further optimized by explainable AI techniques, for a refined fault classification of time-series data coming from industrial gearboxes. The framework leverages the intrinsic strengths of LSTMs deep recurrent networks for temporal data processing with logical reasoning capabilities, to improve prediction accuracy and interpretability of the classification. Our approach addresses the challenges of extracting relevant data features and integrating connectionist and symbolic methodologies to form a cohesive predictive model. Results from extensive testing show that our model significantly outperforms traditional LSTM models, particularly in complex fault scenarios where conventional methods may fail. Specifically, the hybrid model demonstrates a 16.03% average improvement in accuracy over standard LSTM models under conditions of sufficient data availability, and a 8.56% improvement in scenarios where data is scarce. This research not only demonstrates the potential of hybrid models in industrial applications but also highlights the importance of explainability in AI systems for critical decision-making processes. The proposed model's ability to interpret and explain its predictions makes it a valuable tool for advancing predictive maintenance strategies within the Industry 4.0 framework. © 2024","2024","2025-02-25 15:16:07","2025-02-25 15:16:07","","892-902","","","77","","J Manuf Syst","","","","","","","","English","","","Scopus","","","","Publisher: Elsevier B.V.","","","","Long short-term memory; Deep neural networks; Short term memory; Explainable artificial intelligence; Long short-term memory network; Memory network; Memory modeling; Time-series analysis; Hybrid model; Faults diagnosis; Predictive maintenance; Ability testing; Fault classification; Long short-term memory networks; Neuro-symbolic AI; Tensors","","","","","","","","","","","","","","","","","","","","","","","","","","","","","","","","","","","","","","","","","","","","","","",""
"A2RIRR66","journalArticle","2024","Mäkynen, M.; Ng, G.A.; Li, X.; Schlindwein, F.S.; Pearce, T.C.","Compressed Deep Learning Models for Wearable Atrial Fibrillation Detection through Attention","Sensors","","14248220 (ISSN)","10.3390/s24154787","https://www.scopus.com/inward/record.uri?eid=2-s2.0-85200864312&doi=10.3390%2fs24154787&partnerID=40&md5=821e741c5ff78ff4b911a40a20c10f46","Deep learning (DL) models have shown promise for the accurate detection of atrial fibrillation (AF) from electrocardiogram/photoplethysmography (ECG/PPG) data, yet deploying these on resource-constrained wearable devices remains challenging. This study proposes integrating a customized channel attention mechanism to compress DL neural networks for AF detection, allowing the model to focus only on the most salient time-series features. The results demonstrate that applying compression through channel attention significantly reduces the total number of model parameters and file size while minimizing loss in detection accuracy. Notably, after compression, performance increases for certain model variants in key AF databases (ADB and C2017DB). Moreover, analyzing the learned channel attention distributions after training enhances the explainability of the AF detection models by highlighting the salient temporal ECG/PPG features most important for its diagnosis. Overall, this research establishes that integrating attention mechanisms is an effective strategy for compressing large DL models, making them deployable on low-power wearable devices. We show that this approach yields compressed, accurate, and explainable AF detectors ideal for wearables. Incorporating channel attention enables simpler yet more accurate algorithms that have the potential to provide clinicians with valuable insights into the salient temporal biomarkers of AF. Our findings highlight that the use of attention is an important direction for the future development of efficient, high-performing, and interpretable AF screening tools for wearable technology. © 2024 by the authors.","2024","2025-02-25 15:16:07","2025-02-25 15:16:07","","","","15","24","","Sensors","","","","","","","","English","","","Scopus","","","","Publisher: Multidisciplinary Digital Publishing Institute (MDPI)","","/Users/jensreil/Zotero/storage/2XDHWPS6/Mäkynen et al. - 2024 - Compressed Deep Learning Models for Wearable Atrial Fibrillation Detection through Attention.pdf","","Deep learning; Deep Learning; Learning systems; Feature extraction; Learning models; deep learning; artificial intelligence; Attention mechanisms; human; Humans; artificial neural network; diagnosis; Neural Networks, Computer; algorithm; Algorithms; procedures; Wearable Electronic Devices; Wearable technology; photoelectric plethysmography; Photoplethysmography; signal processing; electrocardiography; pathophysiology; Signal Processing, Computer-Assisted; Electrocardiography; atrial fibrillation; Atrial fibrillation; Atrial Fibrillation; Diseases; Electrocardiograms; File sizes; Learning neural networks; Modeling parameters; Through channel; Time series features; wearable computer; wearable devices; Wearable devices","","","","","","","","","","","","","","","","","","","","","","","","","","","","","","","","","","","","","","","","","","","","","","",""
"29GGBTNB","journalArticle","2025","Liu, J.J.; Borsari, B.; Li, Y.; Liu, S.X.; Gao, Y.; Xin, X.; Lou, S.; Jensen, M.; Garrido-Martín, D.; Verplaetse, T.L.; Ash, G.; Zhang, J.; Girgenti, M.J.; Roberts, W.; Gerstein, M.","Digital phenotyping from wearables using AI characterizes psychiatric disorders and identifies genetic associations","Cell","","00928674 (ISSN)","10.1016/j.cell.2024.11.012","https://www.scopus.com/inward/record.uri?eid=2-s2.0-85214348426&doi=10.1016%2fj.cell.2024.11.012&partnerID=40&md5=322c93916584b2e54e5ac5cbee037c1e","Psychiatric disorders are influenced by genetic and environmental factors. However, their study is hindered by limitations on precisely characterizing human behavior. New technologies such as wearable sensors show promise in surmounting these limitations in that they measure heterogeneous behavior in a quantitative and unbiased fashion. Here, we analyze wearable and genetic data from the Adolescent Brain Cognitive Development (ABCD) study. Leveraging >250 wearable-derived features as digital phenotypes, we show that an interpretable AI framework can objectively classify adolescents with psychiatric disorders more accurately than previously possible. To relate digital phenotypes to the underlying genetics, we show how they can be employed in univariate and multivariate genome-wide association studies (GWASs). Doing so, we identify 16 significant genetic loci and 37 psychiatric-associated genes, including ELFN1 and ADORA3, demonstrating that continuous, wearable-derived features give greater detection power than traditional case-control GWASs. Overall, we show how wearable technology can help uncover new linkages between behavior and genetics. © 2024 The Authors","2025","2025-02-25 15:16:07","2025-02-25 15:16:07","","515-529.e15","","2","188","","Cell","","","","","","","","English","","","Scopus","","","","Publisher: Elsevier B.V.","","/Users/jensreil/Zotero/storage/RYWZ899A/Liu et al. - 2025 - Digital phenotyping from wearables using AI characterizes psychiatric disorders and identifies genet.pdf","","deep learning; Artificial Intelligence; artificial intelligence; human; Humans; time series analysis; female; male; brain; controlled study; Wearable Electronic Devices; Article; Female; Male; phenotype; quality control; wearable computer; adolescent; Adolescent; ADORA3 gene; AI; anxiety disorder; attention deficit hyperactivity disorder; behavior; binge eating disorder; chromatin immunoprecipitation sequencing; cohort analysis; construct validity; digital phenotyping; ELFN1 gene; environmental factor; Fisher exact test; gene; genetic association; genetics; genome-wide association study; Genome-Wide Association Study; genomics; genotype; GWAS; heart rate; heredity; mental disease; Mental Disorders; personal health; Phenotype; physiological process; Polymorphism, Single Nucleotide; posttraumatic stress disorder; principal component analysis; psychiatry; semi structured interview; single nucleotide polymorphism; sleep disorder; wearable biosensors; wearable technology","","","","","","","","","","","","","","","","","","","","","","","","","","","","","","","","","","","","","","","","","","","","","","",""
"3TAR5DZM","journalArticle","2025","Sotubadi, S.V.; Pallissery, S.S.; Nguyen, V.","Multi-Modal Explainable Artificial Intelligence for neural network-based tool wear detection in machining","Engineering Applications of Artificial Intelligence","","09521976 (ISSN)","10.1016/j.engappai.2025.110141","https://www.scopus.com/inward/record.uri?eid=2-s2.0-85216563071&doi=10.1016%2fj.engappai.2025.110141&partnerID=40&md5=5b1788328925e5dab9485df379697afc","As data in manufacturing becomes more accessible and larger in scope, solutions are required to explain the underlying reasoning behind predictive models that use data from various modalities. This research aims to develop multi-modal Explainable Artificial Intelligence approaches to facilitate human-interpretable solutions for tool wear prediction in machining. Initially, a multi-modal neural network was used as the supervised Machine Learning classifier for training and binary classification by applying a set of features comprised of different modalities. The data consisted of two sets of image data representing the Flank and the Rake views of the tools accompanied by time series data including acceleration, acoustics, temperature, spindle speed, and feed rate during the orthogonal tube turning process. The classifier was used to predict the condition of the tool after the cutting process. After the training process and the network performance evaluation were completed, two multi-modal neural network explainability approaches were investigated. The Full Multi-Modal Explainable Artificial Intelligence approach provided a general explainability of the feature importance based on latent space representations of the input data while the Decomposed Multi-Modal Explainable Artificial Intelligence approach produced explainability results of input feature importance by decomposing the multi-modal model into its constituent single modal sub-models. The developed explainability methods were demonstrated to provide sufficient information regarding explaining the multi-modal network performance and the decision-making processes. Hence, the presented methods will enable end-users to understand the underlying logic for advanced neural network-based models that incorporate data from different modalities through the selection of multiple algorithms. © 2025 Elsevier Ltd","2025","2025-02-25 15:16:07","2025-02-25 15:16:07","","","","","144","","Eng Appl Artif Intell","","","","","","","","English","","","Scopus","","","","Publisher: Elsevier Ltd","","","","Explainable Artificial Intelligence; Supervised learning; Explainable artificial intelligence; Neural-networks; Multi-modal; Alignment; Decomposed multi-modal explainable artificial intelligence; Decomposed multi-modal Explainable Artificial Intelligence; Full multi-modal explainable artificial intelligence; Full multi-modal Explainable Artificial Intelligence; Machining; Multi-modal neural network; Multi-modal neural networks; Network-based tools; Tool wear; Tool wear monitoring","","","","","","","","","","","","","","","","","","","","","","","","","","","","","","","","","","","","","","","","","","","","","","",""
"8ZLLPZLX","journalArticle","2024","Golshanrad, P.; Faghih, F.","DeepCover: Advancing RNN test coverage and online error prediction using state machine extraction","Journal of Systems and Software","","01641212 (ISSN)","10.1016/j.jss.2024.111987","https://www.scopus.com/inward/record.uri?eid=2-s2.0-85185331874&doi=10.1016%2fj.jss.2024.111987&partnerID=40&md5=b876a912c111df57c4f22bce1cade276","Recurrent neural networks (RNNs) have emerged as powerful tools for processing sequential data in various fields, including natural language processing and speech recognition. However, the lack of explainability in RNN models has limited their interpretability, posing challenges in understanding their internal workings. To address this issue, this paper proposes a methodology for extracting a state machine (SM) from an RNN-based model to provide insights into its internal function. The proposed SM extraction algorithm was assessed using four newly proposed metrics: Purity, Richness, Goodness, and Scale. The proposed methodology along with its assessment metrics contribute to increasing explainability in RNN models by providing a clear representation of their internal decision making process through the extracted SM. In addition to improving the explainability of RNNs, the extracted SM can be used to advance testing and monitoring of the primary RNN-based model. To enhance RNN testing, we introduce six model coverage criteria based on the extracted SM, serving as metrics for evaluating the effectiveness of test suites designed to analyze the primary model. We also propose a tree-based model to predict the error probability of the primary model for each input based on the extracted SM. We evaluated our proposed online error prediction approach using the MNIST dataset and Mini Speech Commands dataset, achieving an area under the curve (AUC) exceeding 80% for the receiver operating characteristic (ROC) chart. © 2024 Elsevier Inc.","2024","2025-02-25 15:16:07","2025-02-25 15:16:07","","","","","211","","J Syst Software","","","","","","","","English","","","Scopus","","","","Publisher: Elsevier Inc.","","","","Explainability; Forecasting; Decision making; Learning algorithms; Recurrent neural networks; Extraction; Data handling; Natural language processing systems; Coverage criteria; Error prediction; Errors; Network test; Network-based modeling; Recurrent neural network model; Sequential data; Speech recognition; State machine; State-machine; Test; Test-coverage","","","","","","","","","","","","","","","","","","","","","","","","","","","","","","","","","","","","","","","","","","","","","","",""
"SK9ZV37Y","journalArticle","2025","Naser, A.Z.; Naser, M.Z.","SPINEX-TimeSeries: Similarity-based predictions with explainable neighbors exploration for time series and forecasting problems","Computers and Industrial Engineering","","03608352 (ISSN)","10.1016/j.cie.2024.110812","https://www.scopus.com/inward/record.uri?eid=2-s2.0-85213275523&doi=10.1016%2fj.cie.2024.110812&partnerID=40&md5=25a1df79073cddb4ddc67419e49befc3","This paper introduces a new addition to the SPINEX (Similarity-based Predictions with Explainable Neighbors Exploration) family, tailored specifically for time series and forecasting analysis. This new algorithm leverages the concept of similarity and higher-order temporal interactions across multiple time scales to enhance predictive accuracy and interpretability in forecasting. To evaluate the effectiveness of SPINEX, we present comprehensive benchmarking experiments comparing it against 18 algorithms and across 49 synthetic and real datasets characterized by varying trends, seasonality, and noise levels. Our performance assessment focused on forecasting accuracy and computational efficiency. Our findings reveal that SPINEX consistently ranks among the top 5 performers in forecasting precision and has a superior ability to handle complex temporal dynamics compared to commonly adopted algorithms. Moreover, the algorithm's explainability features, Pareto efficiency, and medium complexity (on the order of O(log n)) are demonstrated through detailed visualizations to enhance the prediction and decision-making process. We note that integrating similarity-based concepts opens new avenues for research in predictive analytics, promising more accurate and transparent decision making. © 2024 Elsevier Ltd","2025","2025-02-25 15:16:07","2025-02-25 15:16:07","","","","","200","","Comput Ind Eng","","","","","","","","English","","","Scopus","","","","Publisher: Elsevier Ltd","","","","Interpretability; Machine-learning; Forecasting; Time series; Times series; Machine learning; Predictive accuracy; Prediction models; Spatio-temporal data; Benchmarking; Forecasting problems; Algorithm; High-order; Higher-order; Multiple time scale; Real data sets; Synthetic datasets","","","","","","","","","","","","","","","","","","","","","","","","","","","","","","","","","","","","","","","","","","","","","","",""
"397FFEG6","journalArticle","2024","Fleury, Q.; Dubois, R.; Christophle-Boulard, S.; Extramiana, F.; Maison-Blanche, P.","A deep learning modular ECG approach for cardiologist assisted adjudication of atrial fibrillation and atrial flutter episodes","Heart Rhythm O2","","26665018 (ISSN)","10.1016/j.hroo.2024.09.007","https://www.scopus.com/inward/record.uri?eid=2-s2.0-85207011043&doi=10.1016%2fj.hroo.2024.09.007&partnerID=40&md5=fb4855ace56b15a603a27dff1d8d9b1f","Background: Detection of atrial tachyarrhythmias (ATA) on long-term electrocardiogram (ECG) recordings is a prerequisite to reduce ATA-related adverse events. However, the burden of editing massive ECG data is not sustainable. Deep learning (DL) algorithms provide improved performances on resting ECG databases. However, results on long-term Holter recordings are scarce. Objective: We aimed to build and evaluate a DL modular software using ECG features well known to cardiologists with a user interface that allows cardiologists to adjudicate the results and drive a second DL analysis. Methods: Using a large (n = 187 recordings, 249,419 one-minute samples), beat-to-beat annotated, two-lead Holter database, we built a DL algorithm with a modular structure mimicking expert physician ECG interpretation to classify atrial rhythms. The DL network includes 3 modules (cardiac rhythm regularity, electrical atrial waveform, and raw voltage by time data) followed by a decision network and a long-term weighting factor. The algorithm was validated on an external database. Results: F1 scores of our classifier were 99% for ATA detection, 95% for atrial fibrillation, and 90% for atrial flutter. Using the external Massachusetts Institute of Technology database, the classifier obtains an F1-score of 97% for the normal sinus rhythm class and 96% for the ATA class. Residual errors could be corrected by manual deactivation of 1 module in 7 of 15 of the recordings, with an accuracy < 90%. Conclusion: A DL modular software using ECG features well known to cardiologists provided an excellent overall performance. Clinically significant residual errors were most often related to the classification of the atrial arrhythmia type (fibrillation vs flutter). The modular structure of the algorithm helped to edit and correct the artificial intelligence–based first-pass analysis and will provide a basis for explainability. © 2024 Heart Rhythm Society","2024","2025-02-25 15:16:07","2025-02-25 15:16:07","","862-872","","12","5","","Heart Rhythm O2","","","","","","","","English","","","Scopus","","","","Publisher: Elsevier B.V.","","/Users/jensreil/Zotero/storage/I5I4PZWV/Fleury et al. - 2024 - A deep learning modular ECG approach for cardiologist assisted adjudication of atrial fibrillation a.pdf","","Deep learning; deep learning; machine learning; artificial intelligence; human; hypertension; time series analysis; adult; female; learning; male; nerve cell network; algorithm; controlled study; electric potential; electroencephalography; Article; accuracy; signal processing; signal noise ratio; electrocardiogram; electrocardiography; diagnostic accuracy; major clinical study; diagnostic test accuracy study; receiver operating characteristic; cardiologist; classifier; sensitivity and specificity; atrial fibrillation; Atrial fibrillation; cohort analysis; heart rate; Atrial flutter; bradycardia; catheter ablation; electrical atrial waveform; Electrocardiology; false positive result; heart arrhythmia; heart atrium; heart atrium arrhythmia; heart atrium flutter; heart pacing; heart rhythm; heart ventricle tachycardia; Holter monitoring; intensive care unit; Long-term ECG; P wave; parasympathetic tone; predictive value; prevalence; QRS complex; RR interval; scoring system; sinus rhythm; speech intelligibility; supraventricular tachycardia; T wave; tachycardia; waveform","","","","","","","","","","","","","","","","","","","","","","","","","","","","","","","","","","","","","","","","","","","","","","",""
"V9FRRJN6","journalArticle","2024","Je-Gal, H.; Park, Y.-S.; Park, S.-H.; Kim, J.-U.; Yang, J.-H.; Kim, S.; Lee, H.-S.","Time-Series Explanatory Fault Prediction Framework for Marine Main Engine Using Explainable Artificial Intelligence","Journal of Marine Science and Engineering","","20771312 (ISSN)","10.3390/jmse12081296","https://www.scopus.com/inward/record.uri?eid=2-s2.0-85202678166&doi=10.3390%2fjmse12081296&partnerID=40&md5=f810792894181328e570df0b23af70d8","As engine monitoring data has become more complex with an increasing number of sensors, fault prediction based on artificial intelligence (AI) has emerged. Existing fault prediction models using AI significantly improve the accuracy of predictions by effectively handling such complex data, but at the same time, the problem arises that the AI-based models cannot explain the rationale of their predictions to users. To address this issue, we propose a time-series explanatory fault prediction framework to provide an explainability even when using AI-based fault prediction models. It consists of a data feature reduction process, a fault prediction model training process using long short-term memory, and an interpretation process of the fault prediction model via an explainable AI method. In particular, the proposed framework can explain a fault prediction based on time-series data. Therefore, it indicates which part of the data was significant for the fault prediction not only in terms of sensor type but also in terms of time. Through extensive experiments, we evaluate the proposed framework using various fault data by comparing the prediction performance of fault prediction and by assessing how well the main pre-symptoms of the fault are extracted when predicting a fault. © 2024 by the authors.","2024","2025-02-25 15:16:07","2025-02-25 15:16:07","","","","8","12","","J. Mar. Sci. Eng.","","","","","","","","English","","","Scopus","","","","Publisher: Multidisciplinary Digital Publishing Institute (MDPI)","","/Users/jensreil/Zotero/storage/DNXHYMGR/Je-Gal et al. - 2024 - Time-Series Explanatory Fault Prediction Framework for Marine Main Engine Using Explainable Artifici.pdf","","deep learning; time-series; explainable artificial intelligence; fault prediction; long short-term memory; marine main engine; predictive maintenance","","","","","","","","","","","","","","","","","","","","","","","","","","","","","","","","","","","","","","","","","","","","","","",""
"VLBJ46XI","journalArticle","2025","Khan, S.; Wang, H.; Nauman, U.; Dars, R.; Boota, M.W.; Wu, Z.","Climate Impact on Evapotranspiration in the Yellow River Basin: Interpretable Forecasting with Advanced Time Series Models and Explainable AI","Remote Sensing","","20724292 (ISSN)","10.3390/rs17010115","https://www.scopus.com/inward/record.uri?eid=2-s2.0-85214482605&doi=10.3390%2frs17010115&partnerID=40&md5=b7e9e8bd6721b9e84d45d576c1c2df14","Evapotranspiration (ET) plays a crucial role in the hydrological cycle, significantly impacting agricultural productivity and water resource management, particularly in water-scarce areas. This study explores the effects of key climate variables temperature, precipitation, solar radiation, wind speed, and humidity on ET from 2000 to 2020, with forecasts extended to 2030. Advanced data preprocessing techniques, including Yeo-Johnson and Box-Cox transformations, Savitzky–Golay smoothing, and outlier elimination, were applied to improve data quality. Datasets from MODIS, TRMM, GLDAS, and ERA5 were utilized to enhance model accuracy. The predictive performance of various time series forecasting models, including Prophet, SARIMA, STL + ARIMA, TBATS, ARIMAX, and ETS, was systematically evaluated. This study also introduces novel algorithms for Explainable AI (XAI) and SHAP (SHapley Additive exPlanations), enhancing the interpretability of model predictions and improving understanding of how climate variables affect ET. This comprehensive methodology not only accurately forecasts ET but also offers a transparent approach to understanding climatic effects on ET. The results indicate that Prophet and ETS models demonstrate superior prediction accuracy compared to other models. The ETS model achieved the lowest Mean Absolute Error (MAE) values of 0.60 for precipitation, 0.51 for wind speed, and 0.48 for solar radiation. Prophet excelled with the lowest Root Mean Squared Error (RMSE) values of 0.62 for solar radiation, 0.67 for wind speed, and 0.74 for precipitation. SHAP analysis indicates that temperature has the strongest impact on ET predictions, with SHAP values ranging from −1.5 to 1.0, followed by wind speed (−0.75 to 0.75) and solar radiation (−0.5 to 0.5). © 2025 by the authors.","2025","2025-02-25 15:16:07","2025-02-25 15:16:07","","","","1","17","","Remote Sens.","","","","","","","","English","","","Scopus","","","","Publisher: Multidisciplinary Digital Publishing Institute (MDPI)","","/Users/jensreil/Zotero/storage/EFUNHGM9/Khan et al. - 2025 - Climate Impact on Evapotranspiration in the Yellow River Basin Interpretable Forecasting with Advan.pdf","","Interpretability; Machine-learning; Explainable AI; Prediction models; machine learning; Shapley; Data quality; explainable AI; Weather forecasting; interpretability; Resource allocation; Climate impacts; climate variables; Climate variables; Error statistics; Error values; evapotranspiration; Evapotranspiration; Solar irradiance; Water management; Wind forecasting; Wind speed; Yellow River basin; Yellow river basin china; Yellow River Basin China","","","","","","","","","","","","","","","","","","","","","","","","","","","","","","","","","","","","","","","","","","","","","","",""
"LA7BYNEJ","journalArticle","2025","Najjar, H.; Miranda, M.; Nuske, M.; Roscher, R.; Dengel, A.","Explainability of Subfield Level Crop Yield Prediction Using Remote Sensing","IEEE Journal of Selected Topics in Applied Earth Observations and Remote Sensing","","19391404 (ISSN)","10.1109/JSTARS.2025.3528068","https://www.scopus.com/inward/record.uri?eid=2-s2.0-85214820612&doi=10.1109%2fJSTARS.2025.3528068&partnerID=40&md5=694a47be4e54e04264b2f60208d6fea7","Crop yield forecasting plays a significant role in addressing growing concerns about food security and guiding decision-making for policymakers and farmers. When deep learning is employed, understanding the learning and decision-making processes of the models, as well as their interaction with the input data, is crucial for establishing trust in the models and gaining insight into their reliability. In this study, we focus on the task of crop yield prediction, specifically for soybean, wheat, and rapeseed crops in Argentina, Uruguay, and Germany. Our goal is to develop and explain predictive models for these crops, using a large dataset of satellite images, additional data modalities, and crop yield maps. We employ a long short-term memory network and investigate the impact of using different temporal samplings of the satellite data and the benefit of adding more relevant modalities. For model explainability, we utilize feature attribution methods to quantify input feature contributions, identify critical growth stages, analyze yield variability at the field level, and explain less accurate predictions. The modeling results show an improvement when adding more modalities or using all available instances of satellite data. The explainability results reveal distinct feature importance patterns for each crop and region. We further found that the most influential growth stages on the prediction are dependent on the temporal sampling of the input data. We demonstrated how these critical growth stages, which hold significant agronomic value, closely align with the existing literature in agronomy and crop development biology.  © 2008-2012 IEEE.","2025","2025-02-25 15:16:07","2025-02-25 15:16:07","","4141-4161","","","18","","IEEE J. Sel. Top. Appl. Earth Obs. Remote Sens.","","","","","","","","English","","","Scopus","","","","Publisher: Institute of Electrical and Electronics Engineers Inc.","","/Users/jensreil/Zotero/storage/DC4HYLR4/Najjar et al. - 2025 - Explainability of Subfield Level Crop Yield Prediction Using Remote Sensing.pdf","","Explainability; Machine-learning; Prediction models; machine learning; prediction; decision making; machine learning (ML); Spatio-temporal data; temporal analysis; Argentina; crop production; crop yield; Crop yield; feature attribution; Feature attribution; Field level; Germany; Growth stages; Livestock; remote sensing; Satellite data; Temporal analysis; Temporal sampling; Uruguay; yield prediction; Yield prediction","","","","","","","","","","","","","","","","","","","","","","","","","","","","","","","","","","","","","","","","","","","","","","",""
"U9IGUSZH","journalArticle","2024","Mehraj Misgar, M.; Bhatia, M.P.S.","Unveiling psychotic disorder patterns: A deep learning model analysing motor activity time-series data with explainable AI","Biomedical Signal Processing and Control","","17468094 (ISSN)","10.1016/j.bspc.2024.106000","https://www.scopus.com/inward/record.uri?eid=2-s2.0-85185480380&doi=10.1016%2fj.bspc.2024.106000&partnerID=40&md5=8ed1e16f66400cce7785c8301d1f2620","Deep Learning (DL) holds immense potential in revolutionizing healthcare, offering robust support to clinicians and enhancing patient care. However, coming up with the right DL model is always challenging and depends on quality, quantity, and type of data. In this paper, two motor activity datasets are utilized: “Depresjon” dataset includes activity recordings from 32 healthy individuals (402 days) and 23 individuals with unipolar and bipolar depression (291 days) and the “Psykose” dataset consists of 22 schizophrenia subjects (285 days) and 32 healthy subjects (402 days). The motor activity data, represented as time-series signals, poses challenges due to variable lengths and non-uniform starting timestamps for each subject. Additionally, the daytime and nighttime distributions differ across samples, requiring explicit handling for Convolutional Neural Network models. To address this issue, a multi-branch DL architecture is employed with one branch fed with nighttime data and another with daytime data, capable of capturing features across various scales, accommodating patterns of different sizes. Moreover, the combined outputs of these branches are subjected to a self-attention-mechanism (MultiHeadAttention), which prioritizes essential features. The use of Gradient weighted Class Activation Map (Grad-CAM) technique aids in comprehending the model's decision-making process. The benchmark datasets were used to validate the model, which exhibited an accuracy of 0.94 for both classifying depressive and schizophrenic episodes from control subjects. An accuracy of 0.81 for classifying depressive episodes, and schizophrenics from control samples. This accuracy further increases when combining the control samples from both datasets, to 0.97 for depression and 0.98 for schizophrenia. © 2024 Elsevier Ltd","2024","2025-02-25 15:16:07","2025-02-25 15:16:07","","","","","91","","Biomed. Signal Process. Control","","","","","","","","English","","","Scopus","","","","Publisher: Elsevier Ltd","","","","Deep learning; Learning systems; Learning models; Explainable AI; Time series; Decision making; deep learning; Convolutional neural networks; Time-series data; Classification (of information); Neural network models; human; time series analysis; controlled study; feature extraction; multiclass classification; convolutional neural network; Article; signal processing; major clinical study; evaluation study; schizophrenia; Diseases; Activity time; bipolar depression; Control samples; Depression; disease classification; IoMT; major depression; motor activity; Motor activity; Motor Activity; Patient care; Schizophrenia","","","","","","","","","","","","","","","","","","","","","","","","","","","","","","","","","","","","","","","","","","","","","","",""
"6BJKSRRR","journalArticle","2025","Gifford, R.; Sollars, C.; Singh, J.; Krening, S.","Locally-adaptive feature selection for nonconvulsive seizure detection","Biomedical Signal Processing and Control","","17468094 (ISSN)","10.1016/j.bspc.2025.107535","https://www.scopus.com/inward/record.uri?eid=2-s2.0-85216381000&doi=10.1016%2fj.bspc.2025.107535&partnerID=40&md5=66cc2e3127b2685236de082179645232","This research aims to implement a feature selection and classification model for the detection of Nonconvulsive seizures (NCS). NCS events display in different channels of EEG across patients and seizure events, indicating a local feature selection would be useful to increase accuracy and explainability of the seizure detection model. The proposed Locally-Adaptive Feature Selection (LAFS) algorithm uses multi-head attention across time and channels to adaptively weight and potentially turn off the independent EEG channels before being passed deeper into the model for classification. To support the explainability gained from LAFS a visualization is proposed that highlights the important channels across patients. This research also verifies the ability of LAFS to generalize to new patients, in contrast to prior literature that trains and tests on the same patients. With the addition of LAFS, our deep learning model can identify 71% of seizures while reducing False Positive Events by 54% over a model that does not use LAFS. While detection of NCS events by clinicians can take anywhere from 4-24 h, LAFS on average detects seizures within 31.25 s from the seizure onset time which will help to free up resources, decrease detection time, and improve patient health. © 2025 The Authors","2025","2025-02-25 15:16:07","2025-02-25 15:16:07","","","","","105","","Biomed. Signal Process. Control","","","","","","","","English","","","Scopus","","","","Publisher: Elsevier Ltd","","/Users/jensreil/Zotero/storage/WZWJKL3D/Gifford et al. - 2025 - Locally-adaptive feature selection for nonconvulsive seizure detection.pdf","","Machine-learning; Feature Selection; Contrastive Learning; Machine learning; deep learning; Explainable artificial intelligence; machine learning; Classification models; human; time series analysis; adult; female; male; explainable artificial intelligence; algorithm; electroencephalography; feature selection; seizure; Article; clinical article; aged; middle aged; very elderly; positivity rate; classifier; false positive result; disease classification; Adaptive feature selection; alpha rhythm; Automatic seizure detection; Automatic seizure detections; beta rhythm; Event display; Feature selection and classification; Local feature selections; locally adaptive feature selection; non-convulsive epilepsy; right hemisphere; Seizure-detection; Selection model; spike wave","","","","","","","","","","","","","","","","","","","","","","","","","","","","","","","","","","","","","","","","","","","","","","",""
"RQZHJNJQ","journalArticle","2025","Roussel, C.; Böhm, K.","Introducing geo-glocal explainable artificial intelligence","IEEE Access","","21693536 (ISSN)","10.1109/ACCESS.2025.3541781","https://www.scopus.com/inward/record.uri?eid=2-s2.0-85217918034&doi=10.1109%2fACCESS.2025.3541781&partnerID=40&md5=7524e9c4ca6f650ae1baaf2fd2f34731","Geospatial use cases involve data with a geospatial and a temporal dimension. Machine learning is applied to such use cases for tasks such as prediction and classification. However, machine learning models are often perceived as opaque and incomprehensible. Explainable artificial intelligence can be used for either global explanations that provide an overview of the model behavior, or local explanations that explain individual predictions in detail. These approaches may be either too general or too detailed for analysis in geospatial contexts. This study introduces a novel concept ‘Geo-Glocal Explainable Artificial Intelligence’ that combines the strengths of global and local explanations to provide a more balanced explanatory power. The concept uses the geospatial and temporal dimension in the data to aggregate local explanations into geo-glocal slots, to focus on the geospatial context. These slots are scalable and can be applied according to the different dimensions in the data. The concept is applied to a real-world use case–predicting car park occupancy. The results of the application are evaluated against the traditional global and local explanations. The study shows that bridging the gap between local detail and global overview can be of great benefit to geospatial machine learning, improving understandability of the model’s behavior in a geospatial context. © 2013 IEEE.","2025","2025-02-25 15:16:07","2025-02-25 15:16:07","","","","","","","IEEE Access","","","","","","","","English","","","Scopus","","","","Publisher: Institute of Electrical and Electronics Engineers Inc.","","/Users/jensreil/Zotero/storage/Y9C63V22/Roussel and Böhm - 2025 - Introducing geo-glocal explainable artificial intelligence.pdf","","Machine Learning; Machine-learning; Machine learning models; Adversarial machine learning; Contrastive Learning; Explainable AI; Federated learning; SHAP; Spatio-temporal data; Geo-spatial; Geo-spatial analysis; Geospatial Analysis; Individual prediction; Modeling behaviour; Novel concept; Temporal dimensions","","","","","","","","","","","","","","","","","","","","","","","","","","","","","","","","","","","","","","","","","","","","","","",""
"2CPTSCSS","journalArticle","2025","Hossain, M.M.; Ahmed, M.M.; Nafi, A.A.N.; Islam, M.R.; Ali, M.S.; Haque, J.; Miah, M.S.; Rahman, M.M.; Islam, M.K.","A novel hybrid ViT-LSTM model with explainable AI for brain stroke detection and classification in CT images: A case study of Rajshahi region","Computers in Biology and Medicine","","00104825 (ISSN)","10.1016/j.compbiomed.2025.109711","https://www.scopus.com/inward/record.uri?eid=2-s2.0-85215625143&doi=10.1016%2fj.compbiomed.2025.109711&partnerID=40&md5=84093cae4a4839ad3198ce0766fc91ff","Computed tomography (CT) scans play a key role in the diagnosis of stroke, a leading cause of morbidity and mortality worldwide. However, interpreting these scans is often challenging, necessitating automated solutions for timely and accurate diagnosis. This research proposed a novel hybrid model that integrates a Vision Transformer (ViT) and a Long Short Term Memory (LSTM) to accurately detect and classify stroke characteristics using CT images. The ViT identifies essential features from CT images, while LSTM processes sequential information generated by the ViT, adept at capturing crucial temporal dependencies for understanding patterns and context in sequential data. Moreover, our approach addresses class imbalance issues in stroke datasets by utilizing advanced strategies to improve model robustness. To ensure clinical relevance, Explainable Artificial Intelligence (XAI) methods, including attention maps, SHAP, and LIME, were incorporated to provide reliable and interpretable predictions. The proposed model was evaluated using the primary BrSCTHD-2023 dataset, collected from Rajshahi Medical College Hospital, achieving top accuracies of 73.80%, 91.61%, 93.50%, and 94.55% with the SGD, RMSProp, Adam, and AdamW optimizers, respectively. To further validate and generalize the model, it was also tested on the Kaggle brain stroke dataset, where it achieved an impressive accuracy of 96.61%. The proposed ViT-LSTM model significantly outperformed traditional CNNs and ViT models, demonstrating superior diagnostic performance and generalizability. This study advances automated stroke diagnosis by combining deep learning innovations, domain expertise, and enhanced interpretability to support clinical decision-making, providing reliable diagnostic solutions. © 2025 Elsevier Ltd","2025","2025-02-25 15:16:07","2025-02-25 15:16:07","","","","","186","","Comput. Biol. Med.","","","","","","","","English","","","Scopus","","","","Publisher: Elsevier Ltd","","","","Deep learning; Explainable AI; Short term memory; Diagnosis; Memory modeling; clinical significance; human; clinical decision making; female; male; explainable artificial intelligence; Article; long short term memory network; major clinical study; receiver operating characteristic; Brain strokes; cerebrovascular accident; Computed tomography images; computer assisted tomography; demographics; Pre-processing; Stroke detection; Stroke disease; Vision transformer-long short term memory; ViT-LSTM","","","","","","","","","","","","","","","","","","","","","","","","","","","","","","","","","","","","","","","","","","","","","","",""
"VNQEC8KE","journalArticle","2025","Fresta, M.; Bellotti, F.; Bochenko, I.; Lazzaroni, L.; Merlhiot, G.; Tango, F.; Berta, R.","Deep Learning-Based Real-Time Driver Cognitive Distraction Detection","IEEE Access","","21693536 (ISSN)","10.1109/ACCESS.2025.3539392","https://www.scopus.com/inward/record.uri?eid=2-s2.0-85217496091&doi=10.1109%2fACCESS.2025.3539392&partnerID=40&md5=ad13f937d76b1a6ef45b67555820d3cb","Driver distraction is one of the main causes of traffic accidents. While there are different types of distraction (manual, visual, cognitive), cognitive distraction is particularly challenging, being only partially related to visual features detectable through cameras or an eye tracker system. Moreover, since cognitive distraction is not a point in time phenomenon, spotting this kind of distraction requires the processing of a certain time interval, which poses a further challenge for real-time performance. After a data collection campaign with N =42 subjects undertaking a twenty-question task (TQT) in a driving simulator, we developed a driver cognitive distraction detection system, with the goal of filling in some key gaps we identified in the literature towards real world deployment. First, we assessed the effectiveness of state-of-the-art time series-oriented deep learning models in learning features from 60 Hz raw input signals, thus implementing an end-to-end machine learning approach, without manual feature engineering. We demonstrated that such models are able to classify time-windows as small as 0.5 seconds, and are also more robust to sensor failures. Second, also with the support of AI explainability, we showed that processing vehicular data is fundamental to ensure performance, while physiological signals provide a less important, but still useful, contribution. Third, through a between- and within-subject design comparison, we showed that eye-tracker and, particularly, physiological signals are much more prone to inter-individual variability, thus overfitting. This is fundamental to consider for commercial deployment, as it would require fine-tuning the system with data from the actual end-user. Fourth, we quantitatively measured the effect of such variability for all types of signals, demonstrating its huge relevance, and shown that deep learning models dedicated to time series processing are better able to generalize across users than the more commonly employed shallow machine learning models. Finally, with a focus on in-vehicle deployability, which is of significant industrial interest, we measured also such metrics as model size, inference time, and energy consumption, showing feasibility on two embedded platforms, which is a key advancement towards on-board deployment of robust, real-time cognitive distraction detection systems.  © 2013 IEEE.","2025","2025-02-25 15:16:07","2025-02-25 15:16:07","","26589-26607","","","13","","IEEE Access","","","","","","","","English","","","Scopus","","","","Publisher: Institute of Electrical and Electronics Engineers Inc.","","/Users/jensreil/Zotero/storage/QYBVM4R2/Fresta et al. - 2025 - Deep Learning-Based Real-Time Driver Cognitive Distraction Detection.pdf","","Deep learning; Network security; Cognitive distractions; driver cognitive distraction detection; Driver cognitive distraction detection; embedded deployment; Embedded deployment; Eye trackers; eye-tracker; Highway accidents; Image coding; Physiological models; physiological signals; Physiological signals; Real- time; SHAP analysis; SHAP analyze; Timeserie processing; timeseries processing; Vehicular signal; vehicular signals","","","","","","","","","","","","","","","","","","","","","","","","","","","","","","","","","","","","","","","","","","","","","","",""
"WSNUZFH8","journalArticle","2025","Kok, T.T.; Morales, J.; Deschrijver, D.; Blanco-Almazán, D.; Groenendaal, W.; Ruttens, D.; Smeets, C.; Mihajlović, V.; Ongenae, F.; Van Hoecke, S.","Interpretable machine learning models for COPD ease of breathing estimation","Medical and Biological Engineering and Computing","","01400118 (ISSN)","10.1007/s11517-025-03285-2","https://www.scopus.com/inward/record.uri?eid=2-s2.0-85217209472&doi=10.1007%2fs11517-025-03285-2&partnerID=40&md5=bc77692777335c02e84a3043bbe23ab8","Abstract: Chronic obstructive pulmonary disease (COPD) is a leading cause of death worldwide and greatly reduces the quality of life. Utilizing remote monitoring has been shown to improve quality of life and reduce exacerbations, but remains an ongoing area of research. We introduce a novel method for estimating changes in ease of breathing for COPD patients, using obstructed breathing data collected via wearables. Physiological signals were recorded, including respiratory airflow, acceleration, audio, and bio-impedance. By comparing patient-specific measurements, this approach enables non-intrusive remote monitoring. We analyze the influence of signal selection, window parameters, feature engineering, and classification models on predictive performance, finding that acceleration signals are most effective, complemented by audio signals. The best model achieves an F1-score of 0.83. To facilitate clinical adoption, we incorporate interpretability by designing novel saliency map methods, highlighting important aspects of the signals. We adapt local explainability techniques to time series and introduce a novel imputation method for periodic signals, improving faithfulness to the data and interpretability. © International Federation for Medical and Biological Engineering 2025.","2025","2025-02-25 15:16:07","2025-02-25 15:16:07","","","","","","","Med. Biol. Eng. Comput.","","","","","","","","English","","","Scopus","","","","Publisher: Springer Science and Business Media Deutschland GmbH","","","","Interpretability; Machine-learning; Machine learning models; Machine learning; Time series classifications; Time series classification; Physiological models; Causes of death; Chronic obstructive pulmonary disease; Chronic obstructive pulmonary disease (COPD); Lung cancer; Pulmonary diseases; Quality of life; Remote monitoring; Remote patient monitoring; Respiratory monitoring; Respiratory Monitoring","","","","","","","","","","","","","","","","","","","","","","","","","","","","","","","","","","","","","","","","","","","","","","",""
"QISMCQ8W","journalArticle","2024","Bühler, B.; Bozkir, E.; Goldberg, P.; Deininger, H.; D’Mello, S.; Gerjets, P.; Trautwein, U.; Kasneci, E.","Temporal Dynamics of Meta-Awareness of Mind Wandering During Lecture Viewing: Implications for Learning and Automated Assessment Using Machine Learning","Journal of Educational Psychology","","00220663 (ISSN)","10.1037/edu0000903","https://www.scopus.com/inward/record.uri?eid=2-s2.0-85211076326&doi=10.1037%2fedu0000903&partnerID=40&md5=60c6ae2a0c154efa89bd86c7d4008451","Remote learning settings require students to self-regulate their behavioral, affective, and cognitive processes, including preventing mind wandering. Such engagement in task-unrelated thoughts has a negative impact on learning outcomes and can occur with or without students’ awareness of it. However, research on the meta-awareness of mind wandering in education remains limited, predominantly relying on self-report measures that capture discrete information at specific time points. Therefore, there is a need to investigate and measure temporal dynamics in the meta-awareness of mind wandering continuously over time. This study examined the temporal patterns of 15 mind-wandering and meta-awareness probes in a sample of university students (N = 87) while they watched a video lecture. We found that the majority (60%) of mind wandering occurred with meta-awareness. Cluster analysis identified five distinct thought sequence clusters. Thought patterns dominated by unaware mind wandering were negatively associated with fact- and inference-based learning, whereas persistent aware mind-wandering patterns were linked to reduced deep-level understanding. Initial exploration into predictive modeling, based on eye gaze features, revealed that the models could distinguish between aware and unaware mind-wandering instances above the chance level (macro F1 = 0.387). Model explainability methods were employed to investigate the intricate relationship between gaze and mind wan-dering. It revealed the importance of eye vergence and saccade velocity in distinguishing mind-wandering types. The findings contribute to understanding mind-wandering meta-awareness dynamics and highlight the capacity of continuous assessment methods to capture and address mind wandering in remote learning environments. © 2024 American Psychological Association","2024","2025-02-25 15:16:07","2025-02-25 15:16:07","","38-62","","1","117","","J. Educ. Psychol.","","","","","","","","English","","","Scopus","","","","Publisher: American Psychological Association","","","","machine learning; eye tracking; meta-awareness; mind wandering; task-unrelated thought","","","","","","","","","","","","","","","","","","","","","","","","","","","","","","","","","","","","","","","","","","","","","","",""
"KJ7W37Q5","journalArticle","2024","Kajári, B.; Tobak, Z.; Túri, N.; Bozán, C.; Van Leeuwen, B.","Prediction of Inland Excess Water Inundations Using Machine Learning Algorithms","Water (Switzerland)","","20734441 (ISSN)","10.3390/w16091267","https://www.scopus.com/inward/record.uri?eid=2-s2.0-85192718920&doi=10.3390%2fw16091267&partnerID=40&md5=74e4e05ab7d56c17769b6ab53e6e3b11","Regularly, large parts of the agricultural areas of the Great Hungarian Plain are inundated due to excessive rainfall and insufficient evaporation and infiltration. Climate change is expected to lead to increasingly extreme weather conditions, which may even increase the frequency and extent of these inundations. Shallow “floods”, also defined as inland excess water, are phenomena that occur due to a complex set of interrelated factors. Our research presents a workflow based on active and passive satellite data from Sentinel-1 and -2, combined with a large auxiliary data set to detect and predict these floods. The workflow uses convolutional neural networks to classify water bodies based on Sentinel-1 and Sentinel-2 satellite data. The inundation data were complimented with meteorological, soil, land use, and GIS data to form 24 features that were used to train an XGBoost model and a deep neural network to predict future inundations, with a daily interval. The best prediction was reached with the XGBoost model, with an overall accuracy of 86%, a Kappa value of 0.71, and an F1 score of 0.86. The SHAP explainable AI method showed that the most important input features were the amount of water detected in the satellite imagery during the week before the forecast and during the period two weeks earlier, the number of water pixels in the surroundings on the day before the forecast, and the potential evapotranspiration on the day of the forecast. The resulting inland excess water inundation time series can be used for operational action, planning, and prevention. © 2024 by the authors.","2024","2025-02-25 15:16:07","2025-02-25 15:16:07","","","","9","16","","Water","","","","","","","","English","","","Scopus","","","","Publisher: Multidisciplinary Digital Publishing Institute (MDPI)","","/Users/jensreil/Zotero/storage/TUM9HEG4/Kajári et al. - 2024 - Prediction of Inland Excess Water Inundations Using Machine Learning Algorithms.pdf","","Machine-learning; Forecasting; Deep neural networks; Learning algorithms; Convolutional neural networks; machine learning; Convolutional neural network; prediction; Xgboost; XGBoost; artificial neural network; algorithm; convolutional neural network; Hungary; Convolution; Work-flows; image classification; satellite imagery; Evapotranspiration; Satellite data; Alfold; Climate change; Excess waters; flood; Floods; GIS; infiltration; inland excess water; Inland excess water; Land use; potential evapotranspiration; precipitation intensity; satellite data; Satellite imagery; Sentinel; Sentinel-1; Sentinel-2; severe weather; water classification; Water classification","","","","","","","","","","","","","","","","","","","","","","","","","","","","","","","","","","","","","","","","","","","","","","",""
"3ZWZFGUQ","journalArticle","2025","Lara-Abelenda, F.J.; Chushig-Muzo, D.; Wägner, A.M.; Tayefi, M.; Soguero-Ruiz, C.","Interpretable and multimodal fusion methodology to predict severe hypoglycemia in adults with type 1 diabetes","Engineering Applications of Artificial Intelligence","","09521976 (ISSN)","10.1016/j.engappai.2025.110142","https://www.scopus.com/inward/record.uri?eid=2-s2.0-85216329553&doi=10.1016%2fj.engappai.2025.110142&partnerID=40&md5=3fe61340da3e352c5de2b9562f6a9c25","Type 1 diabetes (T1D) causes insulin deficiency and exogenous therapy is required for maintaining targeted glucose levels. Hypoglycemia is the most frequent side effect of insulin, being severe hypoglycemia (SH) one of the most critical hazards with a range of life-threatening consequences. Artificial intelligence (AI) and multimodal fusion have boosted predictive performance in different domains. This study aims to evaluate the effectiveness of early fusion (EF) and late fusion (LF) approaches for predicting SH, to create a methodology capable of achieving robust results in datasets with a low number of samples for predicting SH and to characterize the risk factors involved in the SH onset using explainable AI (XAI). Data from a case-control study comprising adults over 60 years with T1D and with diabetes duration of 20 years were used and three types of modalities were considered: (1) continuous glucose monitoring data (time series); (2) clinical codes (text); and (3) surveys related to fear, unawareness, depression, and cognitive tests (tabular data). The results revealed that EF outperformed models trained with single-modality data by 5.8%, with an area under the receiver operating characteristic curve of 0.779. XAI techniques helped to discover that features related to fear and unawareness are mainly associated with SH. Our study introduced an interpretable and multimodal methodology capable of predicting the occurrence of SH in adults with T1D in the next year. Our interpretable methodology contributes to predicting SH and identifying related key factors, thus preventing SH complications and improving patient's quality of life. © 2025","2025","2025-02-25 15:16:07","2025-02-25 15:16:07","","","","","144","","Eng Appl Artif Intell","","","","","","","","English","","","Scopus","","","","Publisher: Elsevier Ltd","","/Users/jensreil/Zotero/storage/N4EREPNN/Lara-Abelenda et al. - 2025 - Interpretable and multimodal fusion methodology to predict severe hypoglycemia in adults with type 1.pdf","","Explainable artificial intelligence; Diseases; Data fusion; Hypoglycaemia; Hypothermia; Multimodal data fusion; Representation learning; Representation method; Severe hypoglycemia; Text representation; Text representation method; Text representation methods; Type 1 diabetes; Type 1 diabetes mellitus","","","","","","","","","","","","","","","","","","","","","","","","","","","","","","","","","","","","","","","","","","","","","","",""
"QF4HB3PY","journalArticle","2024","Rahim, N.; El-Sappagh, S.; Rizk, H.; El-serafy, O.A.; Abuhmed, T.","Information fusion-based Bayesian optimized heterogeneous deep ensemble model based on longitudinal neuroimaging data","Applied Soft Computing","","15684946 (ISSN)","10.1016/j.asoc.2024.111749","https://www.scopus.com/inward/record.uri?eid=2-s2.0-85194458960&doi=10.1016%2fj.asoc.2024.111749&partnerID=40&md5=fe06d94723405159f3d21527ddf58f06","The fusion of multimodal longitudinal data is difficult but crucial for enhancing the accuracy of deep learning models for disease identification and helps provide tailored and patient-centric decisions. This study explores the fusion of multimodal data to detect the progression of Alzheimer's disease (AD) using ensemble learning. We propose a heterogeneous ensemble framework of Bayesian-optimized time-series deep learning models to identify progressive deterioration of brain damage. Experimental results show that the heterogeneous ensemble of three models with patient's temporal data outperforms all other variants of ensemble models by achieving an average performance of 95% for accuracy. We also propose a novel explainability approach, which enables domain experts and practitioners to better comprehend the model's final decision. The visual explainability of infected brain regions and the model's robustness is evaluated by our two medical domain experts showing its promising use in real medical environment. To evaluate the model's generalizability and robustness, our optimized model is tested on a dataset with different distribution. The experiments demonstrate that the proposed model, which was trained on ADNI data, exhibits reliable generalization to NACC data with an average precision of 90%, recall of 91%, F1-score of 89%, AUC of 88%, and accuracy of 88%. © 2024 Elsevier B.V.","2024","2025-02-25 15:16:07","2025-02-25 15:16:07","","","","","162","","Appl. Soft Comput.","","","","","","","","English","","","Scopus","","","","Publisher: Elsevier Ltd","","","","Deep learning; Learning systems; Learning models; Brain; Neurodegenerative diseases; AD progression detection; Alzheimer disease progression detection; Alzheimers disease; Bayesian; Deterioration; Disease progression; Ensemble models; Ensemble network; Ensemble networks; Information fusion; Longitudinal data; Longitudinal data analyse; Longitudinal data analysis; Multimodal information fusion; Neuroimaging","","","","","","","","","","","","","","","","","","","","","","","","","","","","","","","","","","","","","","","","","","","","","","",""
"U7ABJJCG","journalArticle","2024","Otieno, J.A.; Häggström, J.; Darehed, D.; Eriksson, M.","Developing machine learning models to predict multi-class functional outcomes and death three months after stroke in Sweden","PLoS ONE","","19326203 (ISSN)","10.1371/journal.pone.0303287","https://www.scopus.com/inward/record.uri?eid=2-s2.0-85192913786&doi=10.1371%2fjournal.pone.0303287&partnerID=40&md5=e9c3d73e09603e66519ac46d4b913d4b","Globally, stroke is the third-leading cause of mortality and disability combined, and one of the costliest diseases in society. More accurate predictions of stroke outcomes can guide healthcare organizations in allocating appropriate resources to improve care and reduce both the economic and social burden of the disease. We aim to develop and evaluate the performance and explainability of three supervised machine learning models and the traditional multinomial logistic regression (mLR) in predicting functional dependence and death three months after stroke, using routinely-collected data. This prognostic study included adult patients, registered in the Swedish Stroke Registry (Riksstroke) from 2015 to 2020. Riksstroke contains information on stroke care and outcomes among patients treated in hospitals in Sweden. Prognostic factors (features) included demographic characteristics, pre-stroke functional status, cardiovascular risk factors, medications, acute care, stroke type, and severity. The outcome was measured using the modified Rankin Scale at three months after stroke (a scale of 0–2 indicates independent, 3–5 dependent, and 6 dead). Outcome prediction models included support vector machines, artificial neural networks (ANN), eXtreme Gradient Boosting (XGBoost), and mLR. The models were trained and evaluated on 75% and 25% of the dataset, respectively. Model predictions were explained using SHAP values. The study included 102,135 patients (85.8% ischemic stroke, 53.3% male, mean age 75.8 years, and median NIHSS of 3). All models demonstrated similar overall accuracy (69%–70%). The ANN and XGBoost models performed significantly better than the mLR in classifying dependence with F1-scores of 0.603 (95% CI; 0.594–0.611) and 0.577 (95% CI; 0.568–0.586), versus 0.544 (95% CI; 0.545–0.563) for the mLR model. The factors that contributed most to the predictions were expectedly similar in the models, based on clinical knowledge. Our ANN and XGBoost models showed a modest improvement in prediction performance and explainability compared to mLR using routinely-collected data. Their improved ability to predict functional dependence may be of particular importance for the planning and organization of acute stroke care and rehabilitation. © 2024 Public Library of Science. All rights reserved.","2024","2025-02-25 15:16:07","2025-02-25 15:16:07","","","","5 May","19","","PLoS ONE","","","","","","","","English","","","Scopus","","","","Publisher: Public Library of Science","","/Users/jensreil/Zotero/storage/AF6QH4SC/Otieno et al. - 2024 - Developing machine learning models to predict multi-class functional outcomes and death three months.pdf","","Machine Learning; machine learning; prediction; human; Humans; time series analysis; follow up; questionnaire; adult; female; learning; male; artificial neural network; Neural Networks, Computer; controlled study; support vector machine; Article; sensitivity analysis; computer model; aged; Aged; Female; major clinical study; Male; middle aged; Middle Aged; pathophysiology; diagnostic test accuracy study; Aged, 80 and over; very elderly; receiver operating characteristic; sensitivity and specificity; atrial fibrillation; cerebrovascular accident; brain hemorrhage; cardiovascular risk; clinical outcome; death; epidemiology; functional status; hospital mortality; Logistic Models; mortality; multinomial logistic regression; observational study; prognosis; Prognosis; register; Registries; risk factor; Risk Factors; statistical model; Stroke; Support Vector Machine; Sweden; validation process","","","","","","","","","","","","","","","","","","","","","","","","","","","","","","","","","","","","","","","","","","","","","","",""
"UT932SKA","journalArticle","2024","Özkurt, C.","Interpretable AI analysis of chaos systems distribution in time series data from industrial robotics","Turkish Journal of Engineering","","25871366 (ISSN)","10.31127/tuje.1471445","https://www.scopus.com/inward/record.uri?eid=2-s2.0-85209075201&doi=10.31127%2ftuje.1471445&partnerID=40&md5=a5cb19b8979367f9d30279348ab98fb1","In this study, the generalizability and distributivity of three different chaotic systems within an industrial robotics time series dataset are explored using an annotated artificial intelligence algorithm. A time series dataset derived from industrial robotics processes was constructed and transformed into the Runge-Kutta system, comprising fourth-order differential equations for normalization. Among the processed data, variables related to x-y-z positions underwent chaotic transformations through Lorenz, Chen, and Rossler chaos systems. The x variable and angle variables from the transformed x-y-z data were inputted into the InterpretML model, an annotated artificial intelligence model, to elucidate the effects of angle variables on the x position variable. As a result of this analysis, InterpretML Local analysis revealed a sensitivity of 0.05 for the Rossler chaos system, 0.15 for Chen, and 0.25 for Lorenz. Furthermore, global analysis indicated precision rates of 0.17 for Rossler, 0.255 for Chen, and 0.35 for Lorenz chaos systems. These sensitivity results suggest that the Rossler chaos system consistently provides more accurate results in both InterpretML local and global analyses compared to other chaotic systems. This study contributes significantly to the literature by analyzing the distributive and generalization properties of chaos systems and enhancing understanding of these systems. © Author(s) 2024.","2024","2025-02-25 15:16:07","2025-02-25 15:16:07","","656-665","","4","8","","Turk. J. Eng.","","","","","","","","English","","","Scopus","","","","Publisher: Murat Yakar","","/Users/jensreil/Zotero/storage/5HFCWSF7/Özkurt - 2024 - Interpretable AI analysis of chaos systems distribution in time series data from industrial robotics.pdf","","Machine learning; Chaos systems; Explainable artificial; Industrial robotics; Intelligence; InterpretML","","","","","","","","","","","","","","","","","","","","","","","","","","","","","","","","","","","","","","","","","","","","","","",""
"SXMPQYG4","journalArticle","2024","Doddaiah, R.; Parvatharaju, P.S.; Rundensteiner, E.; Hartvigsen, T.","Explaining deep multi-class time series classifiers","Knowledge and Information Systems","","02191377 (ISSN)","10.1007/s10115-024-02073-y","https://www.scopus.com/inward/record.uri?eid=2-s2.0-85186546469&doi=10.1007%2fs10115-024-02073-y&partnerID=40&md5=f493b2f420ce559db21ffbeba502d985","Explainability helps users trust deep learning solutions for time series classification. However, existing explainability methods for multi-class time series classifiers focus on one class at a time, ignoring relationships between the classes. Instead, when a classifier is choosing between many classes, an effective explanation must show what sets the chosen class apart from the rest. We now formalize this notion, studying the open problem of class-specific explainability for deep time series classifiers, a challenging and impactful problem setting. We design a novel explainability method, DEMUX, which learns saliency maps for explaining deep multi-class time series classifiers by adaptively ensuring that its explanation spotlights the regions in an input time series that a model uses specifically to its predicted class. DEMUX adopts a gradient-based approach composed of three interdependent modules that combine to generate consistent, class-specific saliency maps that remain faithful to the classifier’s behavior yet are easily understood by end users. We demonstrate that DEMUX outperforms nine state-of-the-art alternatives on seven popular datasets when explaining two types of deep time series classifiers. We analyze runtime performance, show the impacts of hyperparameter selection, and introduce a detailed study of perturbation methods for time series. Further, through a case study, we demonstrate that DEMUX’s explanations indeed highlight what separates the predicted class from the others in the eyes of the classifier. © The Author(s), under exclusive licence to Springer-Verlag London Ltd., part of Springer Nature 2024.","2024","2025-02-25 15:16:07","2025-02-25 15:16:07","","3497-3521","","6","66","","Knowl. Inf. Systems. Syst.","","","","","","","","English","","","Scopus","","","","Publisher: Springer Science and Business Media Deutschland GmbH","","/Users/jensreil/Zotero/storage/YWS9UATJ/Doddaiah et al. - 2024 - Explaining deep multi-class time series classifiers.pdf","","Deep learning; Explainability; Time series; Times series; Learn+; Classification (of information); Classification; Saliency map; Time series classifications; State of the art; End-users; Gradient based; Model use; Perturbation techniques","","","","","","","","","","","","","","","","","","","","","","","","","","","","","","","","","","","","","","","","","","","","","","",""
"ECXJF374","journalArticle","2024","Prinzi, F.; Orlando, A.; Gaglio, S.; Vitabile, S.","Breast cancer classification through multivariate radiomic time series analysis in DCE-MRI sequences","Expert Systems with Applications","","09574174 (ISSN)","10.1016/j.eswa.2024.123557","https://www.scopus.com/inward/record.uri?eid=2-s2.0-85186392770&doi=10.1016%2fj.eswa.2024.123557&partnerID=40&md5=a5c27c70f2831d641823048038fbcb36","Breast cancer is the most prevalent disease that poses a significant threat to women's health. Despite the Dynamic Contrast-Enhanced MRI (DCE-MRI) has been widely used for breast cancer classification, its diagnostic performance is still suboptimal. In this work, the Radiomic workflow was implemented to classify the whole DCE-MRI sequence based on the distinction in contrast agent uptake between benign and malignant lesions. The radiomic features extracted from each of the seven time instants within the DCE-MRI sequence were fed into a multi-instant features selection strategy to select the discriminative features for time series classification. Several time series classification algorithms including Rocket, MultiRocket, K-Nearest Neighbor, Time Series Forest, and Supervised Time Series Forest were compared. Firstly, a univariate classification was performed to find the five most informative radiomic series, and then, a multivariate time series classification was implemented via a voting mechanism. The Multivariate Rocket model was the most accurate (Accuracy = 0.852, AUC-ROC = 0.852, Specificity = 0.823, Sensitivity = 0.882). The intelligible radiomic features enabled model findings explanations and clinical validation. In particular, the Energy and TotalEnergy were among the most important features, and the most descriptive for the change in signal intensity, which is the main effect of the contrast agent. © 2024 The Authors","2024","2025-02-25 15:16:07","2025-02-25 15:16:07","","","","","249","","Expert Sys Appl","","","","","","","","English","","","Scopus","","","","Publisher: Elsevier Ltd","","/Users/jensreil/Zotero/storage/33CWGYJX/Prinzi et al. - 2024 - Breast cancer classification through multivariate radiomic time series analysis in DCE-MRI sequences.pdf","","Machine-learning; Explainable AI; Times series; Machine learning; Diagnosis; Classification (of information); Time series analysis; Time-series analysis; Forestry; Nearest neighbor search; Time series classifications; Diseases; Breast cancer classifications; Contrast agent; Dynamic contrast enhanced MRI; Harmonic analysis; Health risks; MRI sequences; Radiomic; Radiomics; Rockets","","","","","","","","","","","","","","","","","","","","","","","","","","","","","","","","","","","","","","","","","","","","","","",""
"QAQHER57","journalArticle","2024","Hyun, Y.-J.; Yoo, Y.; Kim, Y.; Lee, T.; Kim, W.","Encoding Time Series as Images for Anomaly Detection in Manufacturing Processes Using Convolutional Neural Networks and Grad-CAM","International Journal of Precision Engineering and Manufacturing","","22347593 (ISSN)","10.1007/s12541-024-01069-6","https://www.scopus.com/inward/record.uri?eid=2-s2.0-85197377568&doi=10.1007%2fs12541-024-01069-6&partnerID=40&md5=a8fd49800b1fc0ec47d8da9826e119a1","This study aims to develop an artificial intelligence-based model for analyzing the condition and detecting anomalies by encoding time-series data from manufacturing processes as images. Deep learning has demonstrated the significance of data analysis and anomaly detection in the vision field, and Convolutional Neural Networks (CNN) models have shown exceptional performance and high applicability in image analysis. Based on this, our study intends to utilize image encoding techniques to perform anomaly detection on time-series data. Data such as force, vibration, and sound from equipment during the manufacturing process are collected and transformed into images using various methods, including Gramian Difference Angular Field, Gramian Summation Angular Field, Markov Transition Field, and Recurrence Plot (RP). The transformed image data is then trained and classified for equipment conditions using various CNN models. Finally, we adopt the RP image encoding method and ResNet50 model, which demonstrated the highest accuracy of 99.6%, and compare them to the top 5 models. Based on the high accuracy demonstrated by the top five models, our proposed approach has proven to have significant performance, exhibiting a high success rate of over 90% even when applied to actual data for CNC-machining process. Through this, we propose a process that utilizes the explainable AI Grad-CAM system to identify the feature layer area of the image and confirm the presence of anomalies. With the proposed process, workers can identify abnormal areas or segments of abnormal conditions in the transformed image graph. By providing evidence for state judgment, even inexperienced workers can easily check the condition of manufacturing equipment. © The Author(s), under exclusive licence to Korean Society for Precision Engineering 2024.","2024","2025-02-25 15:16:07","2025-02-25 15:16:07","","2583-2598","","12","25","","Int. J. Precis. Eng. Manuf.","","","","","","","","English","","","Scopus","","","","Publisher: SpringerOpen","","/Users/jensreil/Zotero/storage/86U3QYP4/Hyun et al. - 2024 - Encoding Time Series as Images for Anomaly Detection in Manufacturing Processes Using Convolutional.pdf","","Deep learning; Long short-term memory; Time series; Transfer learning; Anomaly detection; Convolutional neural networks; Time-series data; Convolutional neural network; Grad-CAM; Signal encoding; Convolution; Condition; Image analysis; Image coding; Encoding image; Encoding images; Encoding time; Manufacturing process","","","","","","","","","","","","","","","","","","","","","","","","","","","","","","","","","","","","","","","","","","","","","","",""
"X7KNJ3NV","journalArticle","2024","Cai, W.; Zhu, X.; Bai, K.; Ye, A.; Zhang, R.","An explainable dual-mode convolutional neural network for multivariate time series classification","Knowledge-Based Systems","","09507051 (ISSN)","10.1016/j.knosys.2024.112015","https://www.scopus.com/inward/record.uri?eid=2-s2.0-85195041989&doi=10.1016%2fj.knosys.2024.112015&partnerID=40&md5=65cbbc9bfee5016bea99d9ef4a4e4ec8","Multivariate time series classification (MTSC) is a crucial machine learning problem prevalent across various real-life domains. Traditional deep learning approaches with high accuracy in MTSC are often criticized for their “black box” nature, offering no insight into their operational mechanisms or decision-making processes. Explainable artificial intelligence (XAI) becomes a key idea for dealing with such limitations in decision-sensitive areas. While some researchers have explored the interpretability of MTSC, the majority have focused on elucidating the relationship between variables over time, neglecting the intricate connections among different variables. To address the interpretability issue in MTSC, we introduce an explainable dual-mode convolutional neural network (XDM-CNN) designed specifically for MTSC. The proposed XDM-CNN framework comprises two modules: a classification module and an explanation module. The classification module can ensure exceptional classification performance by combining both one-dimensional and two-dimensional convolutional neural networks, while the explanation module can mine the underlying logical relationships among variables during the classification process by utilizing a synergy of visualization and quantification techniques. We validate our approach using 26 datasets sourced from the University of East Anglia (UEA) archive. The experimental results demonstrate that XDM-CNN not only exhibits excellent performance in classification accuracy, but also has strong explainability. By combining visual and numerical explanation, the hidden logical relationships among multivariate time series are explored and interpreted, providing human users with a decidable basis for classification decisions. © 2024","2024","2025-02-25 15:16:07","2025-02-25 15:16:07","","","","","299","","Knowl Based Syst","","","","","","","","English","","","Scopus","","","","Publisher: Elsevier B.V.","","","","Deep learning; Interpretability; Time series; Decision making; Convolutional neural networks; Convolutional neural network; Frequency domain analysis; Convolution; Dual modes; Dual-mode; Explainable convolutional neural network; Life domain; Logical relationships; Machine learning problem; Multivariate time series classification; Multivariate time series classifications; Time frequency domain; Time-frequency domain; Visual and numerical explanation","","","","","","","","","","","","","","","","","","","","","","","","","","","","","","","","","","","","","","","","","","","","","","",""
"DQZA9THJ","journalArticle","2024","Choudhury, A.D.; Chowdhury, A.S.","Explainable hypergraphs for gait based Parkinson classification","Pattern Recognition Letters","","01678655 (ISSN)","10.1016/j.patrec.2024.09.026","https://www.scopus.com/inward/record.uri?eid=2-s2.0-85205934184&doi=10.1016%2fj.patrec.2024.09.026&partnerID=40&md5=6b064cb38834a6a62103fd37fe9d207b","Parkinson Disease (PD) classification using Vertical Ground Reaction Force (VGRF) sensors can help in unobtrusive detection and monitoring of PD patients. State-of-the-art (SOTA) research in PD classification reveals that Deep Learning (DL), at the expense of explainability, performs better than Shallow Learning (SL). In this paper, we introduce a novel explainable weighted hypergraph, where the interconnections of the SOTA features are exploited, leading to more discriminative derived features, and thereby, forming an SL arm. In parallel, we create a DL arm consisting of ResNet architecture to learn the spatio-temporal patterns of the VGRF signals. Probabilities of PD classification scores from the SL and the DL arms are adaptively fused to create a hybrid pipeline. The pipeline achieves an AUC value of 0.979 on the Physionet Parkinson Dataset. This AUC value is found to be superior to the SL as well as the DL arm used in isolation, yielding respective AUCs of 0.878 and 0.852. The proposed pipeline demonstrates explainability through improved permutation feature importance and contrasting examples of use cases, where incorrect misclassification of the DL arm gets rectified by the SL arm and vice versa. We further demonstrate that our solution achieves comparable performance with SOTA methods. To the best of our knowledge, this is the first approach to analyze PD classification with a hypergraph based xAI (Explainable Artificial Intelligence). © 2024 Elsevier B.V.","2024","2025-02-25 15:16:07","2025-02-25 15:16:07","","1-7","","","186","","Pattern Recogn. Lett.","","","","","","","","English","","","Scopus","","","","Publisher: Elsevier B.V.","","","","Deep learning; Explainability; Contrastive Learning; Neurodegenerative diseases; Parkinson's disease; State of the art; Art research; Disease classification; Gait data; Ground reaction forces; Hyper graph; Hypergraph; Parkinson classification","","","","","","","","","","","","","","","","","","","","","","","","","","","","","","","","","","","","","","","","","","","","","","",""
"VGQR9PWH","journalArticle","2024","Tahir, A.M.; Guo, L.; Ward, R.K.; Yu, X.; Rideout, A.; Hore, M.; Wang, Z.J.","Explainable machine learning for assessing upper respiratory tract of racehorses from endoscopy videos","Computers in Biology and Medicine","","00104825 (ISSN)","10.1016/j.compbiomed.2024.109030","https://www.scopus.com/inward/record.uri?eid=2-s2.0-85201595198&doi=10.1016%2fj.compbiomed.2024.109030&partnerID=40&md5=f0eb763f567aa250799d1d53f40f3550","Laryngeal hemiplegia (LH) is a major upper respiratory tract (URT) complication in racehorses. Endoscopy imaging of horse throat is a gold standard for URT assessment. However, current manual assessment faces several challenges, stemming from the poor quality of endoscopy videos and subjectivity of manual grading. To overcome such limitations, we propose an explainable machine learning (ML)-based solution for efficient URT assessment. Specifically, a cascaded YOLOv8 architecture is utilized to segment the key semantic regions and landmarks per frame. Several spatiotemporal features are then extracted from key landmarks points and fed to a decision tree (DT) model to classify LH as Grade 1,2,3 or 4 denoting absence of LH, mild, moderate, and severe LH, respectively. The proposed method, validated through 5-fold cross-validation on 107 videos, showed promising performance in classifying different LH grades with 100%, 91.18%, 94.74% and 100% sensitivity values for Grade 1 to 4, respectively. Further validation on an external dataset of 72 cases confirmed its generalization capability with 90%, 80.95%, 100%, and 100% sensitivity values for Grade 1 to 4, respectively. We introduced several explainability related assessment functions, including: (i) visualization of YOLOv8 output to detect landmark estimation errors which can affect the final classification, (ii) time-series visualization to assess video quality, and (iii) backtracking of the DT output to identify borderline cases. We incorporated domain knowledge (e.g., veterinarian diagnostic procedures) into the proposed ML framework. This provides an assistive tool with clinical-relevance and explainability that can ease and speed up the URT assessment by veterinarians. © 2024 The Author(s)","2024","2025-02-25 15:16:07","2025-02-25 15:16:07","","","","","181","","Comput. Biol. Med.","","","","","","","","English","","","Scopus","","","","Publisher: Elsevier Ltd","","/Users/jensreil/Zotero/storage/ZEMRQ3A2/Tahir et al. - 2024 - Explainable machine learning for assessing upper respiratory tract of racehorses from endoscopy vide.pdf","","Deep learning; Explainability; Machine Learning; Machine-learning; Machine learning; machine learning; clinical significance; human; time series analysis; cross validation; decision tree; procedures; videorecording; Article; nonhuman; diagnostic accuracy; diagnostic test accuracy study; sensitivity and specificity; diagnostic imaging; animal; Animals; conceptual framework; Decision tree; endoscopy; Endoscopy; Endoscopy imaging; Equine endoscopy; explainable machine learning; gold standard; Gold standards; hemiplegia; horse; horse disease; Horse Diseases; Horses; laryngeal hemiplegia; Laryngeal hemiplegia; larynx disorder; measurement error; Sensitivity values; spatiotemporal analysis; upper respiratory tract; Upper respiratory tract; veterinarian; Veterinary medicine; Video Recording; videoendoscopy; YOLOv8","","","","","","","","","","","","","","","","","","","","","","","","","","","","","","","","","","","","","","","","","","","","","","",""
"9T5H5USP","journalArticle","2024","Sun, L.; Wang, Y.; Ren, Y.; Xia, F.","Path signature-based XAI-enabled network time series classification","Science China Information Sciences","","1674733X (ISSN)","10.1007/s11432-023-3978-y","https://www.scopus.com/inward/record.uri?eid=2-s2.0-85195219860&doi=10.1007%2fs11432-023-3978-y&partnerID=40&md5=90e0c4472657c14e866476d2a5681920","Classifying network time series (NTS) is crucial for automating network administration and ensuring cyberspace security. It enables the detection of anomalies, the identification of network attacks, and the monitoring of performance issues, thereby providing valuable support for network protection and optimization. However, modern communication networks pose challenges for NTS classification methods. These include handling large-scale and complex NTS data, extracting features from intricate datasets, and addressing explainability requirements. These challenges are particularly pronounced for complex 5G networks. Notably, explainability has become crucial for the widespread deployment of network automation for 5G networks and beyond. To tackle these challenges, we propose a path-signature-based NTS classification model called recurrent signature (RecurSig). This innovative model is designed to overcome the time-consuming feature selection problem by utilizing deep-learning (DL) techniques. Additionally, it provides a solution for addressing the black-box issue associated with DL models in network automation systems (NAS) by incorporating an explainable classification approach. Extensive experimentation on various public datasets demonstrates that RecurSig outperforms existing models in accuracy and explainability. The results indicate its potential for application in cyberspace security and automated network management, offering an explainable solution for network protection and optimization. © Science China Press 2024.","2024","2025-02-25 15:16:07","2025-02-25 15:16:07","","","","7","67","","Sci. China Inf. Sci.","","","","","","","","English","","","Scopus","","","","Publisher: Science China Press","","","","Time series; Explainable artificial intelligence; Recurrent neural networks; Automation; Network security; Complex networks; recurrent neural network; explainable artificial intelligence; Time series classifications; 5G mobile communication systems; automated network management; Automated network management; Cyberspaces; Large datasets; Network management; Network optimization; Network protection; Network time; network time series classification; Network time series classification; Networks management; path signature; Path signature; Queueing networks","","","","","","","","","","","","","","","","","","","","","","","","","","","","","","","","","","","","","","","","","","","","","","",""
"DUGND8R3","journalArticle","2024","Jafari, S.; Kim, J.; Byun, Y.-C.","A novel fusion-based deep learning approach with PSO and explainable AI for batteries State of Charge estimation in Electric Vehicles","Energy Reports","","23524847 (ISSN)","10.1016/j.egyr.2024.09.010","https://www.scopus.com/inward/record.uri?eid=2-s2.0-85204234650&doi=10.1016%2fj.egyr.2024.09.010&partnerID=40&md5=51bf0d02a044c4e8f549b713da29ec83","One of the main purposes of the Battery Management System (BMS) is to estimate the State of Charge (SoC) of Lithium-ion batteries (LIBs). In this study, we propose a novel fusion model combining Convolutional Neural Networks (CNNs), Long Short-term Memory networks (LSTMs), and Convolutional LSTM (ConvLSTM) architectures to efficiently capture spatio-temporal patterns in battery data efficiently, hence improving the estimate accuracy of SoC. Particle Swarm Optimization (PSO) is employed to optimize hyperparameters and enhance the model's accuracy. The fusion model outperforms the separate CNN, LSTM, and ConvLSTM models regarding performance metrics. Specifically, the fusion model with PSO achieved a Mean Absolute Error (MAE) of 0.01, Root Mean Square Error (RMSE) of 0.094, and a R2 score of 99% according to experimental assessments. The results confirm the model's effectiveness in estimating SoC, indicating its potential to enhance the dependability and efficiency of BMS. Furthermore, Explainable Artificial Intelligence (XAI) was employed to elucidate the battery SoC model's decision-making process and identify the key elements contributing to the estimate process. © 2024","2024","2025-02-25 15:16:07","2025-02-25 15:16:07","","3364-3385","","","12","","Energy Rep.","","","","","","","","English","","","Scopus","","","","Publisher: Elsevier Ltd","","/Users/jensreil/Zotero/storage/QEHL22XN/Jafari et al. - 2024 - A novel fusion-based deep learning approach with PSO and explainable AI for batteries State of Charg.pdf","","Explainable Artificial Intelligence; Deep learning; Long short-term memory; Short term memory; Explainable artificial intelligence; Convolutional neural networks; Memory network; Predictive models; Predictive modeling; Particle swarm; Particle swarm optimization; Swarm optimization; Battery; Battery Management; Battery management systems; Convolutional long short-term memory network; Convolutional LSTM; Lithium-ion batteries; Management systems; Particle Swarm Optimization; State of charge; State of Charge; States of charges; Swarm intelligence; Time difference of arrival","","","","","","","","","","","","","","","","","","","","","","","","","","","","","","","","","","","","","","","","","","","","","","",""
"D9PNMT6R","journalArticle","2024","Brinkhoff, J.; Clarke, A.; Dunn, B.W.; Groat, M.","Analysis and forecasting of Australian rice yield using phenology-based aggregation of satellite and weather data","Agricultural and Forest Meteorology","","01681923 (ISSN)","10.1016/j.agrformet.2024.110055","https://www.scopus.com/inward/record.uri?eid=2-s2.0-85193433965&doi=10.1016%2fj.agrformet.2024.110055&partnerID=40&md5=0fed7764b75c86565d84b4b3833e0710","Rice yield depends on factors including variety, weather, field management, nutrient and water availability. We analyzed important drivers of yield variability at the field scale, and developed yield forecast models for crops in the temperate irrigated rice growing region of Australia. We fused a time-series of Sentinel-1 and Sentinel-2 satellite remote sensing imagery, spatial weather data and field management information. Rice phenology was predicted using previously reported models. Higher yields were associated with early flowering, higher chlorophyll indices and higher temperatures around flowering. Successive rice cropping in the same field was associated with lower yield (p<0.001). After running a series of leave-one-year-out cross validation experiments, final models were trained using 2018–2022 data, and were applied to predicting the yield of 1580 fields (43,700 hectares) from an independent season with challenging conditions (2023). Models which aggregated remote sensing and weather time-series data to phenological periods provided more accurate predictions than models that aggregated these predictors to calendar periods. The accuracy of forecast models improved as the growing season progressed, reaching RMSE=1.6 t/ha and Lin's concordance correlation coefficient (LCCC) of 0.67 30 days after flowering at the field level. Explainability was provided using the SHAP method, revealing the likely drivers of yield variability overall, and of individual fields. © 2024 The Author(s)","2024","2025-02-25 15:16:07","2025-02-25 15:16:07","","","","","353","","Agric. For. Meterol.","","","","","","","","English","","","Scopus","","","","Publisher: Elsevier B.V.","","/Users/jensreil/Zotero/storage/8CTRFSPA/Brinkhoff et al. - 2024 - Analysis and forecasting of Australian rice yield using phenology-based aggregation of satellite and.pdf","","Machine learning; machine learning; Time series analysis; Shapley values; satellite imagery; remote sensing; Yield prediction; satellite data; aggregation; Australia; chlorophyll; growing season; phenology; Phenology; rice; Rice; yield response","","","","","","","","","","","","","","","","","","","","","","","","","","","","","","","","","","","","","","","","","","","","","","",""
"K6WLDW7I","journalArticle","2025","Yu, C.-S.; Lwu, J.; Shih, C.-M.; Chiu, K.-L.; Chen, Y.-D.; Chang, T.-H.","Exploring Mortality and Prognostic Factors of Heart Failure with In-Hospital and Emergency Patients by Electronic Medical Records: A Machine Learning Approach","Risk Management and Healthcare Policy","","11791594 (ISSN)","10.2147/RMHP.S488159","https://www.scopus.com/inward/record.uri?eid=2-s2.0-85215760717&doi=10.2147%2fRMHP.S488159&partnerID=40&md5=2a0b2b590f1297079b42d2331c19892d","Purpose: As HF progresses into advanced HF, patients experience a poor quality of life, distressing symptoms, intensive care use, social distress, and eventual hospital death. We aimed to investigate the relationship between morality and potential prognostic factors among in-patient and emergency patients with HF. Patients and Methods: A case series study: Data are collected from in-hospital and emergency care patients from 2014 to 2021, including their international classification of disease at admission, and laboratory data such as blood count, liver and renal functions, lipid profile, and other biochemistry from the hospital’s electrical medical records. After a series of data pre-processing in the electronic medical record system, several machine learning models were used to evaluate predictions of HF mortality. The outcomes of those potential risk factors were visualized by different statistical analyses. Results: In total, 3871 hF patients were enrolled. Logistic regression showed that intensive care unit (ICU) history within 1 week (OR: 9.765, 95% CI: 6.65, 14.34; p-value < 0.001) and prothrombin time (OR: 1.193, 95% CI: 1.098, 1.296; <0.001) were associated with mortality. Similar results were obtained when we analyzed the data using Cox regression instead of logistic regression. Random forest, support vector machine (SVM), Adaboost, and logistic regression had better overall performances with areas under the receiver operating characteristic curve (AUROCs) of >0.87. Naïve Bayes was the best in terms of both specificity and precision. With ensemble learning, age, ICU history within 1 week, and respiratory rate (BF) were the top three compelling risk factors affecting mortality due to HF. To improve the explainability of the AI models, Shapley Additive Explanations methods were also conducted. Conclusion: Exploring HF mortality and its patterns related to clinical risk factors by machine learning models can help physicians make appropriate decisions when monitoring HF patients’ health quality in the hospital. © 2025 Yu et al.","2025","2025-02-25 15:16:07","2025-02-25 15:16:07","","77-93","","","18","","Risk Manage. Healthc. Policy","","","","","","","","English","","","Scopus","","","","Publisher: Dove Medical Press Ltd","","/Users/jensreil/Zotero/storage/US69QAZA/Yu et al. - 2025 - Exploring Mortality and Prognostic Factors of Heart Failure with In-Hospital and Emergency Patients.pdf","","machine learning; artificial intelligence; Shapley additive explanation; prediction; human; hypertension; time series analysis; follow up; adult; female; learning; male; nerve cell network; controlled study; decision tree; k nearest neighbor; support vector machine; Article; accuracy; entropy; random forest; aged; major clinical study; area under the curve; diagnostic test accuracy study; receiver operating characteristic; sensitivity and specificity; logistic regression analysis; heart rate; intensive care unit; prevalence; demographics; hospital mortality; mortality; prognosis; risk factor; hemiplegia; activated partial thromboplastin time; Adaboost; alanine aminotransferase; albumin blood level; aspartate aminotransferase; basophil count; Bayesian network; biochemistry; biological marker; blood cell count; breathing rate; cardiovascular disease; cause of death; cerebrovascular disease; Charlson Comorbidity Index; chronic obstructive lung disease; comorbidity; creatine kinase; creatine kinase MB; creatinine; dementia; electronic medical record; electronic medical record system; emergency care; emergency patient; eosinophil count; erythrocyte count; estimated glomerular filtration rate; glomerulus filtration rate; glucose blood level; heart failure; heart failure with reduced ejection fraction; hematocrit; hemoglobin blood level; hospital patient; hospitalization; Human immunodeficiency virus infection; kidney function; laboratory test; leukocyte count; lipid fingerprinting; liver disease; lymphocyte count; mean corpuscular hemoglobin; mean corpuscular hemoglobin concentration; mean corpuscular volume; monocyte count; morality; mortality rate; multivariate statistical analysis; neutrophil count; non small cell lung cancer; paraplegia; peptic ulcer; peripheral vascular disease; platelet count; potassium blood level; prothrombin time; quality of life; rheumatic disease; social stress; sodium blood level; triacylglycerol; troponin; troponin I; urea nitrogen blood level; vital sign","","","","","","","","","","","","","","","","","","","","","","","","","","","","","","","","","","","","","","","","","","","","","","",""
"F84RGTKL","journalArticle","2024","Zeng, W.; Shan, L.; Yuan, C.; Du, S.","Advancing cardiac diagnostics: Exceptional accuracy in abnormal ECG signal classification with cascading deep learning and explainability analysis","Applied Soft Computing","","15684946 (ISSN)","10.1016/j.asoc.2024.112056","https://www.scopus.com/inward/record.uri?eid=2-s2.0-85201518785&doi=10.1016%2fj.asoc.2024.112056&partnerID=40&md5=41c816ebcfe741c9d57153bcc37d1493","Arrhythmias, cardiac rhythm disorders, demand precise diagnosis for effective treatment planning, emphasizing the crucial role of electrocardiogram (ECG) signal interpretation. While deep learning excels in ECG classification, its interpretability remains a challenge. Addressing this issue, our research introduces an innovative approach employing image-based ECG representations and cascading deep neural networks (CDNNs) to enhance arrhythmia detection precision. Initiating with the transformation of 12-lead ECG time-series data, particularly focusing on Lead II, into image-based representations using relative positioning matrices (RPM), this novel conversion captures spatial and temporal information concurrently, enriching the depth of our data analysis. Subsequently, CDNNs play a pivotal role in feature extraction, designed to automatically extract impactful features from image-based ECG representations, providing profound insights into cardiac electrical activity. Extracted features serve as inputs for the subsequent deep neural network for classification. Experimental results on the Shaoxing–Chapman ECG database, encompassing over 10,000 recordings with an 80/10/10 split, 80/20 split, 60/40 split, and 10-fold cross-validation, showcase a remarkable 100% accuracy in distinguishing between seven and four different arrhythmia classes. Incorporating SHapley Additive exPlanations (SHAP) values, our methodology offers comprehensive insights into the model's decision-making, ensuring interpretability. Additionally, Gradient-weighted Class Activation Mapping (Grad-CAM) aids feature visualization, elucidating key features driving predictions. By amalgamating image-based representation, CDNNs, and interpretability techniques, our research not only attains exceptional classification performance but also boosts model transparency and trustworthiness. These findings hold promise for advancing arrhythmia diagnosis and enhancing interpretability in deep learning-based medical applications. © 2024 Elsevier B.V.","2024","2025-02-25 15:16:08","2025-02-25 15:16:08","","","","","165","","Appl. Soft Comput.","","","","","","","","English","","","Scopus","","","","Publisher: Elsevier Ltd","","","","Deep neural networks; Neural-networks; Image enhancement; Shapley; Activation mapping; Image analysis; Electrocardiograms; Cascading deep neural network; Cascading deep neural networks; Electrocardiogram analysis; Grad-CAM visualization; Gradient-weighted class activation mapping visualization; Heart; Image-based; Image-based ECG analysis; Image-based electrocardiogram analyze; matrix; Relative positioning; Relative positioning matrices; Relative positioning matrix; SHAP values; Shapley additive explanation value","","","","","","","","","","","","","","","","","","","","","","","","","","","","","","","","","","","","","","","","","","","","","","",""
"84JSZZTP","journalArticle","2024","Cuéllar, S.; Santos, M.; Alonso, F.; Fabregas, E.; Farias, G.","Explainable anomaly detection in spacecraft telemetry","Engineering Applications of Artificial Intelligence","","09521976 (ISSN)","10.1016/j.engappai.2024.108083","https://www.scopus.com/inward/record.uri?eid=2-s2.0-85185256436&doi=10.1016%2fj.engappai.2024.108083&partnerID=40&md5=cac304fd4b7976b3430f5342dc74ad8c","As spacecraft missions become more complex and ambitious, it becomes increasingly important to track the status and health of the spacecraft in real-time to ensure mission success. Anomaly detection is a crucial part of spacecraft telemetry analysis, allowing engineers to quickly identify unexpected or abnormal behaviour reflected on spacecraft data and take appropriate corrective action. Traditional statistical methods based on threshold setting are often inadequate for detecting anomalies in this context, requiring the development of more sophisticated techniques that can handle the high-dimensional, non-linear, and non-stationary nature of spacecraft telemetry data such as machine learning-based techniques. This article presents an approach for anomaly detection using machine-learning techniques for spacecraft telemetry. The identification of anomaly types present on two real telemetry datasets from NASA is performed to incorporate information of magnitude, frequency, and waveform from known anomalies into the feature extraction process. Then, a machine-learning-based model is trained with the obtained features and tested with unknown real data. The proposed method achieves 95.3% of precision and 100% of Recall, giving a F0.5 score of 96.2% in both datasets, outperforming the metrics obtained on the existing related works, demonstrating that the inclusion of known anomalies can improve the performance of the data-driven models. Finally, an explainability analysis is performed to understand why a particular data instance has been identified as anomalous, proving the effectiveness of the feature extraction process. © 2024 The Authors","2024","2025-02-25 15:16:08","2025-02-25 15:16:08","","","","","133","","Eng Appl Artif Intell","","","","","","","","English","","","Scopus","","","","Publisher: Elsevier Ltd","","/Users/jensreil/Zotero/storage/C5YX3LTH/Cuéllar et al. - 2024 - Explainable anomaly detection in spacecraft telemetry.pdf","","Machine-learning; Feature extraction; Anomaly detection; Extraction; Explainable machine learning; Time series analysis; Time-series analysis; Features extraction; Real- time; Extraction process; Mission success; NASA; Space flight; Spacecraft; Spacecraft missions; Spacecraft telemetry; Telemetering equipment","","","","","","","","","","","","","","","","","","","","","","","","","","","","","","","","","","","","","","","","","","","","","","",""
"INIUL35H","journalArticle","2024","Sadeghi, A.; Hajati, F.; Rezaee, A.; Sadeghi, M.; Argha, A.; Alinejad-Rokny, H.","3DECG-Net: ECG fusion network for multi-label cardiac arrhythmia detection","Computers in Biology and Medicine","","00104825 (ISSN)","10.1016/j.compbiomed.2024.109126","https://www.scopus.com/inward/record.uri?eid=2-s2.0-85203412446&doi=10.1016%2fj.compbiomed.2024.109126&partnerID=40&md5=2a025bdceef258b328502d8f4b516d5c","Cardiovascular diseases represent the leading global cause of death, typically diagnosed and addressed through electrocardiograms (ECG), which record the heart's electrical activity. In recent years, there has been a notable surge in ECG recordings, driven by the widespread use of wearable devices. However, the limited availability of medical experts to analyze these recordings underscores the necessity for automated ECG analysis using computer-aided methods. In this study, we introduced 3DECG-Net, a deep learning model designed to detect and classify seven distinct heart states through the analysis of data fusion from 12-lead ECG in a multi-label framework. Our model leverages a residual architecture with a multi-head attention mechanism, undergoing training within a five-fold cross-validation scheme. By transforming 12-lead ECG signals into 3D data with the help of Recurrent Plot technique, 3DECG-Net achieves a noteworthy micro F1-score of 80.3 %, surpassing the performance of other state-of-the-art deep learning models developed for this specific task. Also, we present an ECG preprocessing framework to generate compact, high-quality ECG signals for potential application in future studies within this domain. We conduct an explainable AI experiment using Local Interpretable Model-agnostic Explanations (LIME) to elucidate the significance of each lead in accurately diagnosing specific arrhythmias, ensuring the logical processing of ECG data by 3DECG-Net. The findings of this study suggest that the proposed model is trustworthy and has the potential to be used as an effective diagnostic toolset for identifying heart arrhythmias. Its effectiveness can improve the diagnostic process, facilitate early treatment, and enhance overall efficiency in medical settings. © 2024","2024","2025-02-25 15:16:08","2025-02-25 15:16:08","","","","","182","","Comput. Biol. Med.","","","","","","","","English","","","Scopus","","","","Publisher: Elsevier Ltd","","","","Deep learning; Deep Learning; Learning models; deep learning; Attention mechanism; Attention mechanisms; human; Humans; time series analysis; attention; female; male; recurrent neural network; diagnosis; binary classification; controlled study; procedures; convolutional neural network; Article; signal processing; electrocardiography; short term memory; diagnostic accuracy; image processing; major clinical study; pathophysiology; Signal Processing, Computer-Assisted; Electrocardiography; heart left bundle branch block; atrial fibrillation; Diseases; Electrocardiograms; heart arrhythmia; Data fusion; 12-lead electrocardiogram; 12-Lead electrocardiogram; Arrhythmia detection; Arrhythmias, Cardiac; Cardiac arrhythmia; Cardiology; confusion matrix; Electrocardiogram signal; first degree atrioventricular block; Heart arrhythmia; Heart arrhythmias; heart right bundle branch block; local interpretable model agnostic explanation; Multi-labels; preemptive therapy; recurrent disease; SE-residual block; SE-Residual block; sinus bradycardia","","","","","","","","","","","","","","","","","","","","","","","","","","","","","","","","","","","","","","","","","","","","","","",""
"WP45T2M8","journalArticle","2024","Koushik, A.; Manoj, M.; Nezamuddin, N.","Explaining deep learning-based activity schedule models using SHapley Additive exPlanations","Transportation Letters","","19427867 (ISSN)","10.1080/19427867.2024.2359304","https://www.scopus.com/inward/record.uri?eid=2-s2.0-85195152783&doi=10.1080%2f19427867.2024.2359304&partnerID=40&md5=e00c83b0aa92a337a8d693bcc5e46dcb","Artificial neural networks are often criticized for their black box nature in travel behavior literature. The lack of understanding of variable influence induces little confidence in model predictions, significantly affecting their practical utility. This study aims to address this issue by employing SHapley Additive exPlanations to understand the influence of different variables in a deep learning-based activity schedule model. The activity schedule is represented as a time series which enables the study of temporal variations in the influence of each variable at much finer resolutions compared to earlier approaches. The findings reveal that variables such as the day-of-week, month of the year, and social participation wield significant influence over the activity schedule, while household structure and urban class also exert noticeable impacts. This proposed methodology enhances our understanding of variable influences at different times of the day, instilling confidence in the deep learning model’s results, advancing its practical application. © 2024 Informa UK Limited, trading as Taylor & Francis Group.","2024","2025-02-25 15:16:08","2025-02-25 15:16:08","","","","","","","Transp. Lett.","","","","","","","","English","","","Scopus","","","","Publisher: Taylor and Francis Ltd.","","","","Deep learning; Interpretability; Learning systems; Machine-learning; Explainable AI; Neural networks; deep learning; Model prediction; machine learning; Black boxes; Shapley; Additives; explainable AI; interpretability; activity based models; Activitybased modeling (ABM); Travel behavior modeling; Travel behaviour","","","","","","","","","","","","","","","","","","","","","","","","","","","","","","","","","","","","","","","","","","","","","","",""
"ANHR6VMV","journalArticle","2024","Trescato, I.; Tavazzi, E.; Vettoretti, M.; Gatta, R.; Vasta, R.; Chio, A.; Camillo, B.D.","DYNAMITE: Integrating Archetypal Analysis and Process Mining for Interpretable Disease Progression Modelling","IEEE Journal of Biomedical and Health Informatics","","21682194 (ISSN)","10.1109/JBHI.2024.3453602","https://www.scopus.com/inward/record.uri?eid=2-s2.0-85203432906&doi=10.1109%2fJBHI.2024.3453602&partnerID=40&md5=46e41f4fff90f3e91c7cf074117aeddd","DYNAMITE, an acronym for DYNamic Archetypal analysis for MIning disease TrajEctories, is a new methodology developed specifically to model disease progression by exploiting information available in longitudinal clinical datasets. First, archetypal analysis is applied to data organised in matrix form, with the aim of finding extreme and representative disease states (archetypes) linked to the original data through convex coefficients. Then, each original observation is associated with a single archetype based on their similarity; finally, an event log is created encoding the progression of disease states for each patient in terms of archetype states. In the last stage of the procedure, archetypal analysis is coupled with process mining, which allows the event log archetypes to be visualised graphically as sequences of disease states, allowing the clinical trajectories of patients to be extracted and examined. As a proof of concept, we applied the proposed method to data from a cohort of amyotrophic lateral sclerosis patients whose progression was monitored using the 12-item ALSFRS-R questionnaire. Without any a priori knowledge, DYNAMITE identified six archetypes clearly describing different types and severity of impairment and provided reliable clinical trajectories consistent with the prognosis of amyotrophic lateral sclerosis patients. DYNAMITE offers high interpretability at every stage of the analysis, which makes it particularly suitable for use in healthcare where explainability is paramount, and enables analysis of clinical trajectories at both individual and population levels.  © 2013 IEEE.","2024","2025-02-25 15:16:08","2025-02-25 15:16:08","","7553-7564","","12","28","","IEEE J. Biomedical Health Informat.","","","","","","","","English","","","Scopus","","","","Publisher: Institute of Electrical and Electronics Engineers Inc.","","/Users/jensreil/Zotero/storage/AHWJKDJT/Trescato et al. - 2024 - DYNAMITE Integrating Archetypal Analysis and Process Mining for Interpretable Disease Progression M.pdf","","machine learning; Network security; human; personalized medicine; questionnaire; algorithm; Article; Spatio-temporal data; mathematical model; Data assimilation; Diseases; principal component analysis; Disease progression; Amyotrophic lateral sclerosis; Amyotrophic Lateral Sclerosis Functional Rating Scale-Revised; archetypal analysis; Archetypal analysis; biomechanics; clinical data; Clinical data; Data integration; disease exacerbation; disease progression; Disease state; Disesase state; disesase states; DYNAMITE; Event logs; Hospital data processing; longitudinal dataset; Longitudinal dataset; pharmacy (shop); process mining; Process mining; proof of concept; telecommunication","","","","","","","","","","","","","","","","","","","","","","","","","","","","","","","","","","","","","","","","","","","","","","",""
"YDAL6F3D","journalArticle","2024","Wu, Y.; Yang, J.; Chen, X.; Lin, Y.; Yang, H.","Long-Term Airport Network Performance Forecasting With Linear Diffusion Graph Networks","IEEE Transactions on Intelligent Transportation Systems","","15249050 (ISSN)","10.1109/TITS.2024.3420423","https://www.scopus.com/inward/record.uri?eid=2-s2.0-85208750296&doi=10.1109%2fTITS.2024.3420423&partnerID=40&md5=6e696569f80e7a66da3eba6a403f3ec0","Precise forecasting of airport performances, such as landing rates and delays, is essential for the smooth operation of air traffic management systems and for improving the passenger experience. While current efforts predominantly address short-term predictions, the imperative for long-term forecasting is undeniable, particularly for strategic operational planning and resource management. Equally important is the explainability of these forecasts, which is critical for effective decision-making. To meet these needs, our study introduces an innovative approach to airport performance forecasting with the Linear-Diffusion Graph Network (LDGN), an explainable and probabilistic model. The LDGN is intricately structured, comprising stacked temporal linear layers and graph diffusion layers that harness the clarity of linear time series models. This configuration adeptly captures the nuanced interactions between graph-based diffusion processes and the dynamic spread of conditions across airport performances. Departing from conventional point forecasts, the LDGN produces a probabilistic output, prioritizing predictability and a strong capacity for generalization. The model's pre-training is enhanced with stochastic mask reconstruction, a technique that significantly improves its ability to generalize. Through rigorous testing on real-world datasets, we have validated the LDGN's superior performance in both long-term and very long-term forecasting. Our results demonstrate not only high accuracy and explainability but also a robust capacity for uncertainty quantification.  © 2000-2011 IEEE.","2024","2025-02-25 15:16:08","2025-02-25 15:16:08","","18264-18278","","11","25","","IEEE Trans. Intell. Transp. Syst.","","","","","","","","English","","","Scopus","","","","Publisher: Institute of Electrical and Electronics Engineers Inc.","","/Users/jensreil/Zotero/storage/72ETYE49/Wu et al. - 2024 - Long-Term Airport Network Performance Forecasting With Linear Diffusion Graph Networks.pdf","","Decision making; Performance; Time series forecasting; Long-term forecasting; Graph neural networks; time series forecasting; Resource allocation; Ability testing; Advanced traffic management systems; Air navigation; Air traffic control; Air Traffic Management Systems; Air transportation; Air-traffic management system; Airport network; Airport networks; Airport passenger transportation; Airport vehicular traffic; Graph networks; graph neural networks; Linear diffusion; Performance forecasting; Strategic planning","","","","","","","","","","","","","","","","","","","","","","","","","","","","","","","","","","","","","","","","","","","","","","",""
"PQY89JH2","journalArticle","2024","Shao, C.; Wang, Q.","Object-Centered Petri Net Process Prediction: A Case Study of Multi-System Intelligent Healthcare","IEEE Access","","21693536 (ISSN)","10.1109/ACCESS.2024.3462774","https://www.scopus.com/inward/record.uri?eid=2-s2.0-85204582949&doi=10.1109%2fACCESS.2024.3462774&partnerID=40&md5=bf78c4ad45e9836873d550bc94797072","To address the problem of business process prediction in smart healthcare involving the fusion of multimodal data from interactions among multiple systems, this paper proposes an object-centered explainable prediction method (OCPPP). The approach comprises three modules: 1) Utilizing control flow and data flow constraints between activities for process modelling, Algorithm 1 constructs a Petri net centered on the object to be predicted; 2) Recognizing that business activities share resources during system interactions, individual activities are analysed using AI models, with distinct models applied to different modalities of data in activity logs (e.g., multi-object detection for image data, time-series forecasting for text data); 3) Employing coloured Petri nets and Algorithm 2 for predicting activity durations, integrating outputs from various intelligent models to formulate predictions, including those for low-frequency events. The experimental outcomes indicate that during both individual component analysis and sequential forecasting phases, a versatile selection of AI models enables effective operation. Integrating Petri Nets for system-level predictions enhances explainability through six distinct service compositions. Furthermore, the introduction of precursor transitions and a waiting threshold facilitates the anticipation of infrequent behaviours, thereby augmenting the system's predictive capabilities for a broader spectrum of occurrences.  © 2013 IEEE.","2024","2025-02-25 15:16:08","2025-02-25 15:16:08","","170661-170676","","","12","","IEEE Access","","","","","","","","English","","","Scopus","","","","Publisher: Institute of Electrical and Electronics Engineers Inc.","","/Users/jensreil/Zotero/storage/98AUS7UP/Shao and Wang - 2024 - Object-Centered Petri Net Process Prediction A Case Study of Multi-System Intelligent Healthcare.pdf","","Prediction models; Multi-modal; Business Process; Case-studies; Electronic health record; intelligent healthcare; Intelligent healthcare; Multi systems; Multiple systems; Object-centered; Petri; Petri nets; Prediction methods; process prediction; Process prediction","","","","","","","","","","","","","","","","","","","","","","","","","","","","","","","","","","","","","","","","","","","","","","",""
"F4LEXSV9","journalArticle","2024","Fadja, A.N.; Cota, G.; Bertasi, F.; Riguzzi, F.; Losi, E.; Manservigi, L.; Venturini, M.; Bechini, G.","Machine Learning Approaches for the Prediction of Gas Turbine Transients","Journal of Computer Science","","15493636 (ISSN)","10.3844/jcssp.2024.495.510","https://www.scopus.com/inward/record.uri?eid=2-s2.0-85188239092&doi=10.3844%2fjcssp.2024.495.510&partnerID=40&md5=43d2e2208b5f6f438521e189693fa9be","Gas Turbine (GT) emergency shutdowns can lead to energy production interruption and may also reduce the lifespan of a turbine. In order to remain competitive in the market, it is necessary to improve the reliability and availability of GTs by developing predictive maintenance systems that are able to predict future conditions of GTs within a certain time. Predicting such situations not only helps to take corrective measures to avoid service unavailability but also eases the process of maintenance and considerably reduces maintenance costs. Huge amounts of sensor data are collected from (GTs) making monitoring impossible for human operators even with the help of computers. Machine learning techniques could provide support for handling large amounts of sensor data and building decision models for predicting GT future conditions. The paper presents an application of machine learning based on decision trees and k-nearest neighbors for predicting the rotational speed of gas turbines. The aim is to distinguish steady states (e.g., GT operation at normal conditions) from transients (e.g., GT trip or shutdown). The different steps of a machine learning pipeline, starting from data extraction to model testing are implemented and analyzed. Experiments are performed by applying decision trees, extremely randomized trees, and k-nearest neighbors to sensor data collected from GTs located in different countries. The trained models were able to predict steady state and transient with more than 93% accuracy. This research advances predictive maintenance methods and suggests exploring advanced machine learning algorithms, real-time data integration, and explainable AI techniques to enhance gas turbine behavior understanding and develop more adaptable maintenance systems for industrial applications. © 2024 Arnaud Nguembang Fadja, Giuseppe Cota, Francesco Bertasi, Fabrizio Riguzzi, Enzo Losi, Lucrezia Manservigi, Mauro Venturini and Giovanni Bechini. This open-access article is distributed under a Creative Commons Attribution (CC-BY) 4.0 license.","2024","2025-02-25 15:16:08","2025-02-25 15:16:08","","495-510","","5","20","","J. Comput. Sci.","","","","","","","","English","","","Scopus","","","","Publisher: Science Publications","","/Users/jensreil/Zotero/storage/DTG6UTLW/Fadja et al. - 2024 - Machine Learning Approaches for the Prediction of Gas Turbine Transients.pdf","","Decision Tree; Extra Trees; Gas Turbines; K-Nearest Neighbour; Multi-Variate Time Series; Transient Prediction","","","","","","","","","","","","","","","","","","","","","","","","","","","","","","","","","","","","","","","","","","","","","","",""
"A7UXSDGK","journalArticle","2024","Ulusoy, A.-J.; Jara-Arriagada, C.; Liu, Y.; Jenks, B.; Stoianov, I.","Interpretable AI for Short-Term Water Demand Forecasting †","Engineering Proceedings","","26734591 (ISSN)","10.3390/engproc2024069101","https://www.scopus.com/inward/record.uri?eid=2-s2.0-85218133999&doi=10.3390%2fengproc2024069101&partnerID=40&md5=a350a391aa0d29e9a6611f0b35d08911","Machine learning models such as artificial neural networks (ANNs) are becoming increasingly popular in short-term water demand forecasting. This is because, despite their lack of interpretability, ANNs are able to capture complex interactions between explanatory variables and water consumption better than a traditional time series analysis or simple linear regression. In this work, we forecast the hourly water demand of ten operational district metered areas using optimal trees, a machine learning model which has been shown to combine the interpretability of regression approaches and the accuracy of ANNs. We show that, compared to existing water demand forecasting models, optimal trees offer valuable insights without sacrificing predictive or computational performance. © 2024 by the authors.","2024","2025-02-25 15:16:08","2025-02-25 15:16:08","","","","1","69","","Eng. Proc.","","","","","","","","English","","","Scopus","","","","Publisher: Multidisciplinary Digital Publishing Institute (MDPI)","","/Users/jensreil/Zotero/storage/RIJ9BSWT/Ulusoy et al. - 2024 - Interpretable AI for Short-Term Water Demand Forecasting †.pdf","","interpretable machine learning; optimal trees; water demand forecasting","","","","","","","","","","","","","","","","","","","","","","","","","","","","","","","","","","","","","","","","","","","","","","",""
"NS63YZNQ","journalArticle","2024","Sufian, M.A.; Varadarajan, J.; Niu, M.","Enhancing prediction and analysis of UK road traffic accident severity using AI: Integration of machine learning, econometric techniques, and time series forecasting in public health research","Heliyon","","24058440 (ISSN)","10.1016/j.heliyon.2024.e28547","https://www.scopus.com/inward/record.uri?eid=2-s2.0-85189892738&doi=10.1016%2fj.heliyon.2024.e28547&partnerID=40&md5=1deddf0d21c14af3a14ca1c376d37725","This research project explored into the intricacies of road traffic accidents severity in the UK, employing a potent combination of machine learning algorithms, econometric techniques, and traditional statistical methods to analyse longitudinal historical data. Our robust analysis framework includes descriptive, inferential, bivariate, multivariate methodologies, correlation analysis: Pearson's and Spearman's Rank Correlation Coefficient, multiple logistic regression models, Multicollinearity Assessment, and Model Validation. In addressing heteroscedasticity or autocorrelation in error terms, we've advanced the precision and reliability of our regression analyses using the Generalized Method of Moments (GMM). Additionally, our application of the Vector Autoregressive (VAR) model and the Autoregressive Integrated Moving Average (ARIMA) models have enabled accurate time series forecasting. With this approach, we've achieved superior predictive accuracy and marked by a Mean Absolute Scaled Error (MASE) of 0.800 and a Mean Error (ME) of -73.80 compared to a naive forecast. The project further extends its machine learning application by creating a random forest classifier model with a precision of 73%, a recall of 78%, and an F1-score of 73%. Building on this, we employed the H2O AutoML process to optimize our model selection, resulting in an XGBoost model that exhibits exceptional predictive power as evidenced by an RMSE of 0.1761205782994506 and MAE of 0.0874235576229789. Factor Analysis was leveraged to identify underlying variables or factors that explain the pattern of correlations within a set of observed variables. Scoring history, a tool to observe the model's performance throughout the training process was incorporated to ensure the highest possible performance of our machine learning models. We also incorporated Explainable AI (XAI) techniques, utilizing the SHAP (Shapley Additive Explanations) model to comprehend the contributing factors to accident severity. Features such as Driver_Home_Area_Type, Longitude, Driver_IMD_Decile, Road_Type, Casualty_Home_Area_Type, and Casualty_IMD_Decile were identified as significant influencers. Our research contributes to the nuanced understanding of traffic accident severity and demonstrates the potential of advanced statistical, econometric, machine learning techniques in informing evidence based interventions and policies for enhancing road safety. © 2024 The Authors","2024","2025-02-25 15:16:08","2025-02-25 15:16:08","","","","7","10","","Heliyon","","","","","","","","English","","","Scopus","","","","Publisher: Elsevier Ltd","","/Users/jensreil/Zotero/storage/JIBWP24G/Sufian et al. - 2024 - Enhancing prediction and analysis of UK road traffic accident severity using AI Integration of mach.pdf","","Machine learning; Explainable AI (XAI); ARIMA; Factor analysis; GMM; H2O AutoML; Policy; Public health; Road safety; SHAP (Shapley Additive Explanations); VAR; Winsorization","","","","","","","","","","","","","","","","","","","","","","","","","","","","","","","","","","","","","","","","","","","","","","",""
"SDYI82TF","journalArticle","2024","Xiong, X.; Zhong, R.; Tian, Q.; Huang, J.; Zhu, L.; Yang, Y.; Lin, T.","Daily DeepCropNet: A hierarchical deep learning approach with daily time series of vegetation indices and climatic variables for corn yield estimation","ISPRS Journal of Photogrammetry and Remote Sensing","","09242716 (ISSN)","10.1016/j.isprsjprs.2024.02.008","https://www.scopus.com/inward/record.uri?eid=2-s2.0-85185393469&doi=10.1016%2fj.isprsjprs.2024.02.008&partnerID=40&md5=d362fedd8eb590d94b64d206d8d0e5a4","Accurate large-scale crop yield estimation under climate variability is essential to understanding the dynamics of global food security. The deep learning method has shown well performance for crop yield estimation because of its high capacity for temporal pattern recognition. However, most existing deep learning models were usually based on multi-source time series with weekly or coarse temporal resolutions, which simplified the dynamics of crop growth progress. How to effectively learn the long-term and short-term crop response from the remotely sensed and agro-meteorological time series at daily intervals remains challenging. In this study, a hierarchical deep learning model, named Daily DeepCropNet (DDCN), has been developed to process daily time series of satellite-derived vegetation indices and climatic variables for corn yield estimation. The DDCN model was a three-level pyramid structure that incorporated the corn phenology durations to extract crop growth patterns from the daily inputs. The Transformer and Long Short-Term Memory (LSTM) were implemented as a temporal filter in each level to capture the short-term crop growth patterns. The temporal patterns were hierarchically transferred from weekly to growing season aggregation to learn long-term dependency. The experiment was conducted at county level over the US Corn Belt from 2006 to 2020. LSTM, Transformer, and Random Forest (RF) models were built for comparison. The input analysis showed that the daily time series of climatic variables provided more temporal fluctuations than weekly aggregated inputs. The DDCN model provided the highest accuracy for end-of-season yield estimation under normal climate conditions in 2018–2020 (RMSE = 0.86 Mg ha−1) and extreme heat and drought conditions in 2012 (RMSE = 1.17 Mg ha−1). Further analyses indicated that the DDCN model had the potential for capturing the short-duration stresses. We also found that the DDCN model identified the silking phase as the key growth stage and achieved higher accuracy than other models for in-season yield estimation. The results showed that features extracted by the DDCN model had higher correlation coefficients with corn yield for the upper levels. By evaluating the contributions of different variables, we found that vegetation indices yield higher impact than climatic variables for yield estimation under both normal and stressful climate conditions. This study provided a promising approach to extracting the temporal pattern of crop growth at daily time steps. The DDCN model could be further integrated with the process-based model to achieve the fusion of knowledge and data for explainable AI in agricultural system modeling. © 2024 International Society for Photogrammetry and Remote Sensing, Inc. (ISPRS)","2024","2025-02-25 15:16:08","2025-02-25 15:16:08","","249-264","","","209","","ISPRS J. Photogramm. Remote Sens.","","","","","","","","English","","","Scopus","","","","Publisher: Elsevier B.V.","","","","Learning systems; Long short-term memory; Time series; Time series analysis; Pattern recognition; Forestry; time series analysis; climate change; crop yield; Crop yield; remote sensing; Climate change; spatiotemporal analysis; growing season; phenology; climate conditions; Climate models; Climate stress; Climatic variables; Corn Belt; Corn yields; Crop growth; Crops; Daily time series; drought; drought stress; environmental stress; farming system; Food supply; growth rate; Hierarchical deep learning; Magnesium; Remote sensing; Remote-sensing; United States; Vegetation; Vegetation index; Yield estimation; Yield stress","","","","","","","","","","","","","","","","","","","","","","","","","","","","","","","","","","","","","","","","","","","","","","",""
"7WCPSSN9","journalArticle","2024","Geng, K.; Zhang, J.; Yao, C.","Spectrum Prediction Based on Wavelet Decomposition Explainable LSTM","IEEE Transactions on Consumer Electronics","","00983063 (ISSN)","10.1109/TCE.2024.3433595","https://www.scopus.com/inward/record.uri?eid=2-s2.0-85199553584&doi=10.1109%2fTCE.2024.3433595&partnerID=40&md5=0d7bc414846ac0d721a4de5b1287cf01","To address the problems of the limited prediction accuracy and poor explainability of the deep learning (DL) enabled spectrum prediction models, a spectrum prediction method based on wavelet decomposition explainable long short-term memory (WDE-LSTM) is proposed in this study. Firstly, the historical spectrum data is wavelet decomposed, and the obtained subsequences are predicted by the LSTM model, for which the prediction accuracy can be improved effectively. Secondly, the Shapley additive explanations (SHAP) method is used to identify the influence of each spectrum subsequence on the prediction performance and the weight coefficients are added to the model accordingly to achieve explainable and high-precision prediction. Extensive simulation shows that the proposed method makes DL-enabled spectrum prediction explainable and improves the metrics of mean absolute percentage error (MAPE) and root mean square error (RMSE) by an average of about 13% and 15%, respectively, compared with the existing methods.  © 1975-2011 IEEE.","2024","2025-02-25 15:16:08","2025-02-25 15:16:08","","7470-7481","","4","70","","IEEE Trans Consum Electron","","","","","","","","English","","","Scopus","","","","Publisher: Institute of Electrical and Electronics Engineers Inc.","","/Users/jensreil/Zotero/storage/RUSJPHNY/Geng et al. - 2024 - Spectrum Prediction Based on Wavelet Decomposition Explainable LSTM.pdf","","Deep learning; Forecasting; Long short-term memory; deep learning; Prediction accuracy; Brain; Predictive models; Time series analysis; Time-series analysis; Mean square error; Accuracy; explainable LSTM; Explainable LSTM; Spectra's; Spectrum analysis; Spectrum prediction; Time-frequency Analysis; wavelet decomposition; Wavelet decomposition; Wavelets decomposition","","","","","","","","","","","","","","","","","","","","","","","","","","","","","","","","","","","","","","","","","","","","","","",""
"LWHTZT9G","journalArticle","2024","Wang, X.; Li, J.; Canji, T.; Zhang, T.","Coupling Machine Learning and Visualization Approaches to Individual- and Road-level Driving Behavior Analysis in a V2X Environment","International Journal of Intelligent Transportation Systems Research","","13488503 (ISSN)","10.1007/s13177-024-00445-w","https://www.scopus.com/inward/record.uri?eid=2-s2.0-85211366968&doi=10.1007%2fs13177-024-00445-w&partnerID=40&md5=f7b8d8e1904e7a5adff54fd10d40d75c","Vehicle-to-Everything (V2X) infrastructure generates a vast amount of data from sensor-equipped vehicles and road infrastructure. The availability of such data provides new opportunities to explore and understand drivers' behaviors in diverse scenarios and how road characteristics affect driving actions. Effectively extracting and communicating driving behaviors from this huge volume of data in a timely manner presents a significant challenge. In this paper, we introduce a novel approach that combines machine learning and visualization techniques to support the exploration and analysis of driving behaviors using extensive vehicle status data from V2X infrastructure. Our approach consists of three core components: a spatiotemporal driving behavior feature learning model, a combined individual- and road-level driving behavior clustering method, and a multi-level visualization framework. The feature learning model for driving behavior detection employs a bi-directional spatiotemporal attentive long short-term memory network mechanism to extract essential individualized driving behaviors. Time series vehicle status and location data are then transformed and represented as feature vectors so that an unsupervised clustering method can be applied to identify representative types of driving behaviors and assign clustering labels to individual feature vectors. Furthermore, the model aggregates clustering labels by road, enabling the examination of driving patterns in the context of road conditions. To facilitate the interpretation of feature vectors and clustering results, our visualization framework offers a set of multi-level designs that support visual analytics on both trajectory and road levels. This approach contributes to driving analysis by utilizing massive real-world V2X data. It specifically addresses existing limitations in combining machine learning with visualization to support intelligent discovery of traffic patterns in an automatic manner. This not only enhances efficiency, but also ensures improved explainability and transparency for interpreting results. © The Author(s), under exclusive licence to Intelligent Transportation Systems Japan 2024.","2024","2025-02-25 15:16:08","2025-02-25 15:16:08","","","","","","","Int. J. Intelligent Transp. Syst. Res.","","","","","","","","English","","","Scopus","","","","Publisher: Springer","","","","Machine Learning; Machine-learning; Learning models; Adversarial machine learning; Visualization; Clusterings; Behavior analysis; Driver licensing; Driving Behavior; Driving behaviour; Feature learning; Features vector; Magnetic levitation vehicles; Motor transportation; Road infrastructures; V2X; Visualization framework","","","","","","","","","","","","","","","","","","","","","","","","","","","","","","","","","","","","","","","","","","","","","","",""
"HFIZIZCQ","journalArticle","2024","Spinnato, F.; Guidotti, R.; Monreale, A.; Nanni, M.","Fast, Interpretable, and Deterministic Time Series Classification With a Bag-of-Receptive-Fields","IEEE Access","","21693536 (ISSN)","10.1109/ACCESS.2024.3464743","https://www.scopus.com/inward/record.uri?eid=2-s2.0-85204733069&doi=10.1109%2fACCESS.2024.3464743&partnerID=40&md5=46d3ae2eb5d89397b4f7235d88b27f64","The current trend in the literature on Time Series Classification is to develop increasingly accurate algorithms by combining multiple models in ensemble hybrids, representing time series in complex and expressive feature spaces, and extracting features from different representations of the same time series. As a consequence of this focus on predictive performance, the best time series classifiers are black-box models, which are not understandable from a human standpoint. Even the approaches that are regarded as interpretable, such as shapelet-based ones, rely on randomization to maintain computational efficiency. This poses challenges for interpretability, as the explanation can change from run to run. Given these limitations, we propose the Bag-Of-Receptive-Field (BORF), a fast, interpretable, and deterministic time series transform. Building upon the classical Bag-Of-Patterns, we bridge the gap between convolutional operators and discretization, enhancing the Symbolic Aggregate Approximation (SAX) with dilation and stride, which can more effectively capture temporal patterns at multiple scales. We propose an algorithmic speedup that reduces the time complexity associated with SAX-based classifiers, allowing the extension of the Bag-Of-Patterns to the more flexible Bag-Of-Receptive-Fields, represented as a sparse multivariate tensor. The empirical results from testing our proposal on more than 150 univariate and multivariate classification datasets demonstrate good accuracy and great computational efficiency compared to traditional SAX-based methods and state-of-the-art time series classifiers, while providing easy-to-understand explanations. © 2013 IEEE.","2024","2025-02-25 15:16:08","2025-02-25 15:16:08","","137893-137912","","","12","","IEEE Access","","","","","","","","English","","","Scopus","","","","Publisher: Institute of Electrical and Electronics Engineers Inc.","","/Users/jensreil/Zotero/storage/J6NTJ3AJ/Spinnato et al. - 2024 - Fast, Interpretable, and Deterministic Time Series Classification With a Bag-of-Receptive-Fields.pdf","","Time series; Times series; Time series analysis; explainable AI; Time series classifications; classification; Tensors; 'current; Black-box testing; Deterministics; Feature extracting; Feature space; Multiple-modeling; Receptive fields; Sax; symbolic aggregate approximation; Xai","","","","","","","","","","","","","","","","","","","","","","","","","","","","","","","","","","","","","","","","","","","","","","",""
"4I2G8D3Q","journalArticle","2024","Kochliaridis, V.; Papadopoulou, A.; Vlahavas, I.","UNSURE - A machine learning approach to cryptocurrency trading","Applied Intelligence","","0924669X (ISSN)","10.1007/s10489-024-05407-z","https://www.scopus.com/inward/record.uri?eid=2-s2.0-85191289990&doi=10.1007%2fs10489-024-05407-z&partnerID=40&md5=83b2151c274ca0ba53dc3524e0391cb9","Although cryptocurrency trading can be highly profitable, it carries significant risks due to extreme price fluctuations and high degree of market noise. To increase profits and minimize risks, traders typically use various forecasting methods, such as technical analysis and Machine Learning (ML), but developing effective trading strategies in noisy markets still remains a challenging task. Recently, Deep Reinforcement Learning (DRL) agents have achieved high performance on challenging tasks, including algorithmic trading, however it requires significant amount of time and high-quality data to train effectively. Additionally, DRL agents lack explainability, making them a less popular option for traders. The purpose of this paper is to address these challenges by proposing a reliable trading framework. Our framework, named UNSURE, generates high-quality features from candlestick data using technical analysis along with a novel parameterization method, and then exploits high price fluctuations by combining three ML components: A) Unsupervised component, which further improves feature quality by clustering market data; B) DRL component, which is responsible for training agents that open Buy or Short positions; C) Supervised component, which estimates price fluctuations in order to open and close positions efficiently, while reducing trading uncertainty. We demonstrate the effectiveness of this approach on nine cryptocurrency markets using several risk-adjusted performance metrics. © The Author(s), under exclusive licence to Springer Science+Business Media, LLC, part of Springer Nature 2024.","2024","2025-02-25 15:16:08","2025-02-25 15:16:08","","5688-5710","","7","54","","Appl Intell","","","","","","","","English","","","Scopus","","","","Publisher: Springer","","","","Reinforcement learning; Deep learning; Machine-learning; Risk assessment; Profitability; Cryptocurrency trading; Deep reinforcement learning; Forecasting methods; Machine learning; Machine learning approaches; Price fluctuation; Quality control; Reinforcement learning agent; Reinforcement learnings; Supervised learning; Technical analysis; Time series clustering; Time-series clustering; Uncertainty analysis; Unsupervised learning","","","","","","","","","","","","","","","","","","","","","","","","","","","","","","","","","","","","","","","","","","","","","","",""
"NX7EFB5N","journalArticle","2024","Ghanvatkar, S.; Rajan, V.","Evaluating Explanations from AI Algorithms for Clinical Decision-Making: A Social Science-Based Approach","IEEE Journal of Biomedical and Health Informatics","","21682194 (ISSN)","10.1109/JBHI.2024.3393719","https://www.scopus.com/inward/record.uri?eid=2-s2.0-85192177011&doi=10.1109%2fJBHI.2024.3393719&partnerID=40&md5=ce3d539f197f9aafa5b83a6e8b4ae007","Explainable Artificial Intelligence (XAI) techniques generate explanations for predictions from AI models. These explanations can be evaluated for (i) faithfulness to the prediction, i.e., its correctness about the reasons for prediction, and (ii) usefulness to the user. While there are metrics to evaluate faithfulness, to our knowledge, there are no automated metrics to evaluate the usefulness of explanations in the clinical context. Our objective is to develop a new metric to evaluate usefulness of AI explanations to clinicians. Usefulness evaluation needs to consider both (a) how humans generally process explanations and (b) clinicians' specific requirements from explanations presented by clinical decision support systems (CDSS). Our new scoring method can evaluate the usefulness of explanations generated by any XAI method that provides importance values for the input features of the prediction model. Our method draws on theories from social science to gauge usefulness, and uses literature-derived biomedical knowledge graphs to quantify support for the explanations from clinical literature. We evaluate our method in a case study on predicting onset of sepsis in intensive care units. Our analysis shows that the scores obtained using our method corroborate with independent evidence from clinical literature and have the required qualities expected from such a metric. Thus, our method can be used to evaluate and select useful explanations from a diverse set of XAI techniques in clinical contexts, making it a fundamental tool for future research in the design of AI-driven CDSS.  © 2013 IEEE.","2024","2025-02-25 15:16:08","2025-02-25 15:16:08","","4269-4280","","7","28","","IEEE J. Biomedical Health Informat.","","","","","","","","English","","","Scopus","","","","Publisher: Institute of Electrical and Electronics Engineers Inc.","","/Users/jensreil/Zotero/storage/IYK295L8/Ghanvatkar and Rajan - 2024 - Evaluating Explanations from AI Algorithms for Clinical Decision-Making A Social Science-Based Appr.pdf","","Explainability; Interpretability; Forecasting; Explainable AI; Quality control; Decision making; Artificial intelligence; machine learning; Artificial Intelligence; learning algorithm; artificial intelligence; explainability; Predictive models; human; Humans; time series analysis; clinical decision making; clinical decision support system; Decision support systems; Job analysis; Task analysis; decision support system; learning; artificial neural network; diagnosis; algorithm; Algorithms; decision tree; procedures; training; Article; Bioinformatics; interpretability; receiver operating characteristic; intensive care unit; predictive value; scoring system; breathing rate; creatinine; hematocrit; troponin; troponin I; AI algorithms; anaphylaxis; Behavioral research; bilirubin; bilirubin glucuronide; clinical decision support; Clinical decision support; Clinical decision support systems; Clinical Decision-Making; Clinical research; Decision Support Systems, Clinical; diabetic ketoacidosis; embolism; explanation evaluation; Explanation evaluation; fever; hypovolemia; Intensive care units; mean arterial pressure; oxygen saturation; Prediction algorithms; pulse oximetry; sepsis; Sepsis; Social Sciences; sociology; systolic blood pressure","","","","","","","","","","","","","","","","","","","","","","","","","","","","","","","","","","","","","","","","","","","","","","",""
"IET77LKL","journalArticle","2024","Samarajeewa, C.; De Silva, D.; Manic, M.; Mills, N.; Rathnayaka, P.; Jennings, A.","Explainable Artificial Intelligence for Crowd Forecasting Using Global Ensemble Echo State Networks","IEEE Open Journal of the Industrial Electronics Society","","26441284 (ISSN)","10.1109/OJIES.2024.3397789","https://www.scopus.com/inward/record.uri?eid=2-s2.0-85192790034&doi=10.1109%2fOJIES.2024.3397789&partnerID=40&md5=76adc1b8e37941748f79160188f32837","Crowd monitoring is a primary function in diverse industrial domains, such as smart cities, public transport, and public safety. Recent advancements in low-energy devices and rapid connectivity have enabled the generation of real-time data streams suitable for crowd-monitoring applications. Crowd forecasting is typically achieved using deep learning models that learn the evolving nature of data streams. The computational complexity, execution time, and opaqueness are inherent challenges of deep learning models that also overlook the latent relationships between multiple real-time data streams for improved accuracy. To address these challenges, we propose the global ensemble echo state network approach for explainable crowd forecasting using multiple WiFi data streams. This approach replaces the random input mapping layer with a clustering layer, allowing the network to learn input projections on cluster centroids. It incorporates an ensemble readout comprising a stack of reservoir layers that provide model explainability. It also learns multiple related time series in parallel to construct a global model that leverage latent relationships across the data streams. This approach was empirically evaluated in a multicampus, mixed-use tertiary education setting. The results of which confirm the effectiveness and interpretability of the proposed approach for industrial applications of crowd forecasting.  © 2020 IEEE.","2024","2025-02-25 15:16:08","2025-02-25 15:16:08","","415-427","","","5","","IEEE Open J. Ind. Electron. Soc.","","","","","","","","English","","","Scopus","","","","Publisher: Institute of Electrical and Electronics Engineers Inc.","","/Users/jensreil/Zotero/storage/PGJGFLXR/Samarajeewa et al. - 2024 - Explainable Artificial Intelligence for Crowd Forecasting Using Global Ensemble Echo State Networks.pdf","","Deep learning; Forecasting; Artificial intelligence; Forecasting models; Predictive models; Time series analysis; Time-series analysis; Accident prevention; Artificial intelligence (AI); crowd forecasting; Crowd forecasting; echo state networks; Echo state networks; Global forecasting model; global forecasting models; model explainability; Model explainability; Stream; Wi-Fi; Wireless fidelities","","","","","","","","","","","","","","","","","","","","","","","","","","","","","","","","","","","","","","","","","","","","","","",""
"NJNEJCB4","journalArticle","2024","Melton, N.M.; Petrenko, S.A.; Wunsch, D.C.","Meta-iCVI: Ensemble Validity Metrics for Concise Labeling of Correct, Under- or Over-Partitioning in Streaming Clustering","IEEE Access","","21693536 (ISSN)","10.1109/ACCESS.2023.3346058","https://www.scopus.com/inward/record.uri?eid=2-s2.0-85181828551&doi=10.1109%2fACCESS.2023.3346058&partnerID=40&md5=6fd69c7740516c54bea5fb277ce2d11a","Understanding the performance and validity of clustering algorithms is both challenging and crucial, particularly when clustering must be done online. Until recently, most validation methods have relied on batch calculation and have required considerable human expertise in their interpretation. Improving real-time performance and interpretability of cluster validation, therefore, continues to be an important theme in unsupervised learning. Building upon previous work on incremental cluster validity indices (iCVIs), this paper introduces the Meta- iCVI as a tool for explainable and concise labeling of partition quality in online clustering. Leveraging a time-series classifier and data-fusion techniques, the Meta- iCVI combines the outputs of multiple iCVIs to produce a streaming label of either 'over', 'under', or 'correctly' partitioned. Experiments were conducted on generalized synthetic and real-world data sets to demonstrate the efficacy and application of this method. Results of 100% accuracy were achieved in labeling partition quality on real-world data sets including MNIST and FLIR ADAS, demonstrating that the Meta- iCVI is a powerful and efficient tool for classifying partition quality in a variety of conditions. Its introduction should empower new and more efficient streaming clustering techniques. Additionally, we believe this to be the first implementation of an ensemble iCVI metric and the first time iCVI validation performance has been evaluated on randomized sample presentation.  © 2013 IEEE.","2024","2025-02-25 15:16:08","2025-02-25 15:16:08","","11114-11124","","","12","","IEEE Access","","","","","","","","English","","","Scopus","","","","Publisher: Institute of Electrical and Electronics Engineers Inc.","","/Users/jensreil/Zotero/storage/3CZW5RF9/Melton et al. - 2024 - Meta-iCVI Ensemble Validity Metrics for Concise Labeling of Correct, Under- or Over-Partitioning in.pdf","","Explainable AI; Times series; Artificial intelligence; Clustering algorithms; Classification (of information); time-series; explainable AI; Clusterings; classification; Rockets; Behavioral research; Behavioral science; Cluster validity indices; Clustering; Correlation; Data stream; data streams; iCVI; incremental cluster validity index; Incremental cluster validity index; Labelings; online; Online; Partitioning algorithms; streaming; Streaming; Validation; validations","","","","","","","","","","","","","","","","","","","","","","","","","","","","","","","","","","","","","","","","","","","","","","",""
"T6ZE5AKN","journalArticle","2024","K. Jana, R.; Ghosh, I.; Kumar, P.N.R.","An explainable AI-enabled granular ensemble machine learning framework to demystify fertilizer price movements","Journal of the Operational Research Society","","01605682 (ISSN)","10.1080/01605682.2023.2260908","https://www.scopus.com/inward/record.uri?eid=2-s2.0-85173916722&doi=10.1080%2f01605682.2023.2260908&partnerID=40&md5=d2986a66649ebbb6e476cf84eabc7021","This paper proposes a novel explainable artificial intelligence (AI) driven ensemble machine learning (ML) framework for predicting fertilizer price movements and assessing the contributions of the technical and macroeconomic indicators. We integrate the Boruta algorithm, Maximal Overlap Discrete Wavelet Transformation (MODWT), Random Forest (RF), and explainable AI. The predictive analytics exercise utilises the residual of the previous stage as an additional indicator for arriving at the subsequent stage forecasts. We observe a significant influence of the residual in providing forecasts for time series with higher frequencies. The explainable AI is used at the global and local levels to explain the impacts of the indicators on fertilizer price movements. We have used monthly urea and diammonium phosphate (DAP) prices for nearly the last 30 years for predictive analytics. The explainable AI identifies the more significant impacts of the technical indicators compared to macroeconomic counterparts in forecasting urea and DAP prices at the global level. Also, the price movements of urea and DAP are similar at the global level. On the contrary, macroeconomic indicators influence more at the local level. The CBOE volatility index for urea, geopolitical risk, and commodity industrial input for DAP significantly influence the price movements at the local level. © Operational Research Society 2023.","2024","2025-02-25 15:16:08","2025-02-25 15:16:08","","1569-1586","","8","75","","J.Oper.Res.Soc.","","","","","","","","English","","","Scopus","","","","Publisher: Taylor and Francis Ltd.","","","","Machine-learning; Forecasting; Time series; Times series; Technical indicator; Machine learning; Explainable artificial intelligence; Price movement; Costs; explainable AI; time series; Discrete wavelet transforms; Diammonium phosphates; ensemble machine learning; Ensemble machine learning; fertilizer price; Fertilizer price; Fertilizers; Learning frameworks; Macroeconomic indicators; Metabolism; Urea","","","","","","","","","","","","","","","","","","","","","","","","","","","","","","","","","","","","","","","","","","","","","","",""
"IFF29I53","journalArticle","2024","Wang, J.; Yan, Z.; Lan, J.; Bertino, E.; Pedrycz, W.","TrustGuard: GNN-Based Robust and Explainable Trust Evaluation with Dynamicity Support","IEEE Transactions on Dependable and Secure Computing","","15455971 (ISSN)","10.1109/TDSC.2024.3353548","https://www.scopus.com/inward/record.uri?eid=2-s2.0-85182944188&doi=10.1109%2fTDSC.2024.3353548&partnerID=40&md5=92f900e355f5e2acd2e9093ae8a2e2a8","Trust evaluation assesses trust relationships between entities and facilitates decision-making. Machine Learning (ML) shows great potential for trust evaluation owing to its learning capabilities. In recent years, Graph Neural Networks (GNNs), as a new ML paradigm, have demonstrated superiority in dealing with graph data. This has motivated researchers to explore their use in trust evaluation, as trust relationships among entities can be modeled as a graph. However, current trust evaluation methods that employ GNNs fail to fully satisfy the dynamic nature of trust, overlook the adverse effects of trust-related attacks, and cannot provide convincing explanations on evaluation results. To address these problems, we propose TrustGuard, a GNN-based accurate trust evaluation model that supports trust dynamicity, is robust against typical attacks, and provides explanations through visualization. Specifically, TrustGuard is designed with a layered architecture that contains a snapshot input layer, a spatial aggregation layer, a temporal aggregation layer, and a prediction layer. Among them, the spatial aggregation layer adopts a defense mechanism to robustly aggregate local trust, and the temporal aggregation layer applies an attention mechanism for effective learning of temporal patterns. Extensive experiments on two real-world datasets show that TrustGuard outperforms state-of-the-art GNN-based trust evaluation models with respect to trust prediction across single-timeslot and multi-timeslot, even in the presence of attacks. In addition, TrustGuard can explain its evaluation results by visualizing both spatial and temporal views. © 2024 IEEE. Personal use is permitted, but republication/redistribution requires IEEE permission.","2024","2025-02-25 15:16:08","2025-02-25 15:16:08","","4433-4450","","5","21","","IEEE Trans. Dependable Secure Comput.","","","","","","","","English","","","Scopus","","","","Publisher: Institute of Electrical and Electronics Engineers Inc.","","/Users/jensreil/Zotero/storage/5DXWQFJX/Wang et al. - 2024 - TrustGuard GNN-Based Robust and Explainable Trust Evaluation with Dynamicity Support.pdf","","Explainability; Decision making; Robustness (control systems); explainability; Predictive models; Graph neural networks; Computational modelling; Visualization; Job analysis; Task analysis; Dynamicity; graph neural network (GNN); robustness; Robustness; trust evaluation; Trust evaluation","","","","","","","","","","","","","","","","","","","","","","","","","","","","","","","","","","","","","","","","","","","","","","",""
"U3F2FKAP","journalArticle","2024","Batic, D.; Stankovic, V.; Stankovic, L.","Toward Transparent Load Disaggregation - A Framework for Quantitative Evaluation of Explainability Using Explainable AI","IEEE Transactions on Consumer Electronics","","00983063 (ISSN)","10.1109/TCE.2023.3300530","https://www.scopus.com/inward/record.uri?eid=2-s2.0-85166751194&doi=10.1109%2fTCE.2023.3300530&partnerID=40&md5=4074d89d8126c2af444af9d4f0575490","Load Disaggregation, or Non-intrusive Load Monitoring (NILM), refers to the process of estimating energy consumption of individual domestic appliances from aggregated household consumption. Recently, Deep Learning (DL) approaches have seen increased adoption in NILM community. However, DL NILM models are often treated as black-box algorithms, which introduces algorithmic transparency and explainability concerns, hindering wider adoption. Recent works have investigated explainability of DL NILM, however they are limited to computationally expensive methods or simple classification problems. In this work, we present a methodology for explainability of regression-based DL NILM with visual explanations, using explainable AI (XAI). Two explainability levels are provided. Sequence-level explanations highlight important features of predicted time-series sequence of interest, while point-level explanations enable visualising explanations at a point in time. To facilitate wider adoption of XAI, we define desirable properties of NILM explanations - faithfulness, robustness and effective complexity. Addressing the limitation of existing XAI NILM approaches that don't assess the quality of explanations, desirable properties of explanations are used for quantitative evaluation of explainability. We show that proposed framework enables better understanding of NILM outputs and helps improve design by providing a visualization strategy and rigorous evaluation of quality of XAI methods, leading to transparency of outcomes. © 1975-2011 IEEE.","2024","2025-02-25 15:16:08","2025-02-25 15:16:08","","4345-4356","","1","70","","IEEE Trans Consum Electron","","","","","","","","English","","","Scopus","","","","Publisher: Institute of Electrical and Electronics Engineers Inc.","","/Users/jensreil/Zotero/storage/GPVBHWER/Batic et al. - 2024 - Toward Transparent Load Disaggregation - A Framework for Quantitative Evaluation of Explainability U.pdf","","Deep neural networks; Quality control; Transparency; Complex networks; Explainable AI (XAI); Computational modelling; Visualization; explainable AI (XAI); Property; Prediction algorithms; Robustness; Complexity theory; Disaggregation; Domestic appliances; Energy utilization; load disaggregation; Load disaggregation; non-intrusive load monitoring; Nonintrusive load monitoring; Quantitative evaluation","","","","","","","","","","","","","","","","","","","","","","","","","","","","","","","","","","","","","","","","","","","","","","",""
"4WZWIUII","journalArticle","2024","Salimi-Badr, A.","A data-driven implicit deep adaptive neuro-fuzzy inference system capable of manifold learning for function approximation","Applied Soft Computing","","15684946 (ISSN)","10.1016/j.asoc.2024.111458","https://www.scopus.com/inward/record.uri?eid=2-s2.0-85187208962&doi=10.1016%2fj.asoc.2024.111458&partnerID=40&md5=e34b6b382e750c4704a4a616553eabbd","Fuzzy Neural Networks (FNN) have the ability of decision-making based on constructing semi-ellipsoidal clusters in the input space as the antecedent parts of their fuzzy rules. To determine the output value for each input instance, FNNs consider its membership degree to different sub-regions of the input space. However, forming such meaningful sub-regions is not possible in all applications due to the nonlinear interactions among input variables and their low information gain. Indeed, the samples could be distributed on a manifold in the input space. Therefore, to cover the input space, we need lots of rules, each representing a small region of input space. This issue decreases the generalization ability of the model along with its explainability. Consequently, to efficiently form fuzzy rules, first, it is necessary to unfold the manifold by mapping the samples to an appropriate embedding space. Next, the fuzzy rules in the form of semi-ellipsoidal regions should be constructed in this extracted feature space. Deep Fuzzy Neural Networks address this problem by representation learning through stacking multiple cascade mapping layers. In this paper, we propose a novel approach for nonlinear function approximation and time-series prediction problems, based on using the kernel trick to implicitly learn the mapping function to the new feature space. Moreover, to initialize the fuzzy rules, a KNN-based method using the kernel trick is proposed. A hierarchical Levenberg–Marquardt approach is applied to learn the model's parameters. The performance and structure of the proposed method are studied and compared with some other relevant methods in synthetic and real-world benchmarks. Based on these experiments, the proposed method has the best performance with the most parsimonious architecture. According to these experiments, the test RMSE of the proposed method is 0.002 for Mc-Glass chaotic time-series prediction, 0.015 for a Nonlinear dynamic system identification, 0.0345 for Box–Jenkins nonlinear system identification, 0.0609 for Fuel consumption prediction of automobiles, 10.24 for Sydney stock price tracking, and 0.595 for California housing. © 2024 Elsevier B.V.","2024","2025-02-25 15:16:08","2025-02-25 15:16:08","","","","","155","","Appl. Soft Comput.","","","","","","","","English","","","Scopus","","","","Publisher: Elsevier Ltd","","","","Learning systems; Forecasting; Electronic trading; Multilayer neural networks; Time series; Decision making; Performance; Learn+; Fuzzy neural networks; Fuzzy inference; Benchmarking; Fuzzy rules; Representation learning; Feature space; Fuzzy-neural-networks; Input space; Kernel trick; Manifold learning; Mapping; Nonlinear dynamical systems; Nonlinear function approximation; Sub-regions","","","","","","","","","","","","","","","","","","","","","","","","","","","","","","","","","","","","","","","","","","","","","","",""
"K9H2BYBP","journalArticle","2024","van Putten, L.D.; Bamford, K.E.; Veleslavov, I.; Wegerif, S.","From video to vital signs: using personal device cameras to measure pulse rate and predict blood pressure using explainable AI","Discover Applied Sciences","","30049261 (ISSN)","10.1007/s42452-024-05848-8","https://www.scopus.com/inward/record.uri?eid=2-s2.0-85189353384&doi=10.1007%2fs42452-024-05848-8&partnerID=40&md5=0150420d1aef3dfe3d70d6cc46cc460e","In this study, we address the need for low-cost, rapid, and reliable methods for blood pressure measurement to facilitate timely diagnosis and treatment of hypertension. We aim to enhance understanding and trust in the novel remote photoplethysmography technology, specifically as deployed by Lifelight®, for vital sign monitoring. Lifelight® utilizes remote photoplethysmography to extract physiologically meaningful features from video recordings on personal devices. This study describes the accurate calculation of pulse rates and the extraction of morphological and time series features from the remote photoplethysmography signal for blood pressure prediction. Unlike common approaches, distinct model types are employed for predicting systolic and diastolic blood pressure. Evaluation on an independent clinical laboratory’s dataset demonstrates the efficacy of the proposed method. The pulse rate accuracy, measured as root mean square error, is 1.9 beats per minute. The model for systolic blood pressure prediction shows a mean error of 1.2 mmHg and a standard deviation of 15.9 mmHg. The model for diastolic prediction shows a mean error of -3.2 mmHg and a standard deviation of 13.1 mmHg. This research establishes the validity of remote photoplethysmography technology by showcasing accurate pulse rate calculations and effective feature extraction for blood pressure prediction. The results indicate the potential for widespread adoption of remote photoplethysmography in measuring blood pressure and other vital signs. © The Author(s) 2024.","2024","2025-02-25 15:16:08","2025-02-25 15:16:08","","","","4","6","","Discov. appl. sci.","","","","","","","","English","","","Scopus","","","","Publisher: Springer Nature","","/Users/jensreil/Zotero/storage/7X6VY6Z2/van Putten et al. - 2024 - From video to vital signs using personal device cameras to measure pulse rate and predict blood pre.pdf","","Machine-learning; Forecasting; Machine learning; Extraction; Mean square error; Photoplethysmography; Errors; Blood; Blood pressure; Contact less; Contactless vital sign; Contactless vital signs; Cuffless; Cuffless blood pressure prediction; Pressure predictions; Pulse detection; Remote photoplethysmography; RPPG; Statistics; Video recording; Vital sign","","","","","","","","","","","","","","","","","","","","","","","","","","","","","","","","","","","","","","","","","","","","","","",""
"7KXQVM9Y","journalArticle","2024","Verdone, A.; Scardapane, S.; Panella, M.","Explainable Spatio-Temporal Graph Neural Networks for multi-site photovoltaic energy production","Applied Energy","","03062619 (ISSN)","10.1016/j.apenergy.2023.122151","https://www.scopus.com/inward/record.uri?eid=2-s2.0-85175323427&doi=10.1016%2fj.apenergy.2023.122151&partnerID=40&md5=e0b7881e1c6bfab62cfd884b10d4af1e","In recent years, there has been a growing demand for renewable energy sources, which are inherently associated with a decentralized distribution and dependent on weather conditions. Their management and associated forecasting of produced energy are tasks of increasing complexity. Spatio-Temporal Graph Neural Networks have been applied in this context with excellent results, taking advantage of the correct integration of both topological data, defined by the distribution of the plants in the territory, and temporal data of the time series. A drawback of graph neural networks is the recurrent mechanism adopted to process the temporal part, which increases greatly the computational load of these models. Moreover, these models are formulated for real and sensitive contexts where, in addition to being accurate, the predictions must also be understandable by the human operator. For these reasons, in this paper we propose a novel explainable energy forecasting framework based on Spatio-Temporal Graph Neural Networks: the forecasting model generates predictions by processing temporal and spatial information using a spectral graph convolution and a 1D convolutional neural network respectively, then we apply a state-of-the-art explainer to them in order to produce explanations about the generation process. Our proposed method obtains predictions having better performance than previous approaches, both in terms of computational efficiency and prediction accuracy, with the possibility of interpreting them in order to understand the generation process. The novel approach based on fusion of forecasting and explainability in a single framework enables the creation of powerful and reliable systems suitable for real-world issues and challenges. © 2023 The Author(s)","2024","2025-02-25 15:16:08","2025-02-25 15:16:08","","","","","353","","Appl. Energy","","","","","","","","English","","","Scopus","","","","Publisher: Elsevier Ltd","","/Users/jensreil/Zotero/storage/78K3DR4U/Verdone et al. - 2024 - Explainable Spatio-Temporal Graph Neural Networks for multi-site photovoltaic energy production.pdf","","Explainability; Forecasting; Time series; Time series forecasting; Recurrent neural networks; Graph neural networks; time series analysis; artificial neural network; Smart power grids; Smart grid; Convolution; Topology; spatiotemporal analysis; alternative energy; Computational efficiency; electricity generation; Generation process; Multi-site; Natural resources; Photovoltaic energy; photovoltaic system; Renewable energy resources; Renewable energy source; Renewable energy sources; smart grid; Spatio-temporal graph neural network; Spatio-Temporal Graph Neural Network; Spatio-temporal graphs","","","","","","","","","","","","","","","","","","","","","","","","","","","","","","","","","","","","","","","","","","","","","","",""
"FJ8JWEYY","journalArticle","2024","Attique, D.; Hao, W.; Ping, W.; Javeed, D.; Kumar, P.","Explainable and Data-Efficient Deep Learning for Enhanced Attack Detection in IIoT Ecosystem","IEEE Internet of Things Journal","","23274662 (ISSN)","10.1109/JIOT.2024.3384374","https://www.scopus.com/inward/record.uri?eid=2-s2.0-85189641140&doi=10.1109%2fJIOT.2024.3384374&partnerID=40&md5=404b3c5c16adbe7fab8c5612650e8606","The Industrial Internet of Things (IIoT) is rapidly evolving, and with this evolution, cyber threats have become a significant issue. IIoT networks, despite improving service quality, are uniquely vulnerable to security threats due to their inherent connectivity and the use of low-power devices. Traditional Deep Learning-based intrusion detection system (IDS), while accurate, suffer from a ""black box""issue that hides the reasoning behind their decisions, leading to a decrease in user trust. To address this, our research presents an Explainable and intelligent mechanism for data-efficient intrusion detection in IIoT. Our proposed IDS enhances data efficiency by employing a bidirectional long-short term memory (BiLSTM) model with a self-adaptive attention mechanism. The self-adaptive attention mechanism is a novel feature of our IDS framework, designed specifically for IIoT environments. This mechanism dynamically adjusts its focus to prioritize critical elements within a dataset, allocating more computational resources to data segments likely to contain patterns or anomalies indicative of security threats. When integrated with BiLSTM, which excels at capturing temporal dependencies, the mechanism enhances the IDS's ability to learn efficiently from limited datasets. This focus on significant data features and temporal patterns reduces the need for extensive training datasets, making it particularly effective in IIoT settings where data may be sparse yet complex. In addition, we enhance the proposed IDS's transparency by incorporating the Shapley additive explanations mechanism from explainable AI, thereby boosting the IDS's trustworthiness and interpretability. Our system exhibits outstanding performance on benchmark datasets, such as CICIDS2017 and X-IIoTID, attaining accuracies of 99.92% and 96.54%, respectively.  © 2014 IEEE.","2024","2025-02-25 15:16:08","2025-02-25 15:16:08","","38976-38986","","24","11","","IEEE Internet Things J.","","","","","","","","English","","","Scopus","","","","Publisher: Institute of Electrical and Electronics Engineers Inc.","","/Users/jensreil/Zotero/storage/HXF7E3F8/Attique et al. - 2024 - Explainable and Data-Efficient Deep Learning for Enhanced Attack Detection in IIoT Ecosystem.pdf","","Internet of things; Long short-term memory; Brain; Network security; Explainable AI (XAI); Computational modelling; Cybersecurity; explainable AI (XAI); Cyber attacks; Industrial internet of thing; Intrusion detection; Benchmarking; Cyber-attacks; Closed box; Computation theory; Computer crime; Industrial Internet of Things (IIoT); Intrusion detection system; intrusion detection system (IDS); Intrusion Detection Systems; Low power electronics; proactive defense; Proactive defense; Security; Security systems","","","","","","","","","","","","","","","","","","","","","","","","","","","","","","","","","","","","","","","","","","","","","","",""
"I6PNX6BF","journalArticle","2024","Fokker, E.; Dugundji, E.; Koch, T.","Analysis of the impact of policy measures on parking behavior using interpretable time series models","Journal of Transport and Land Use","","19387849 (ISSN)","10.5198/jtlu.2024.2455","https://www.scopus.com/inward/record.uri?eid=2-s2.0-85209207733&doi=10.5198%2fjtlu.2024.2455&partnerID=40&md5=8f542ecfbb947c8d807cb130fed897ae","Growing awareness of the environmental impact of abundant parking has led to recent measures focused on decreasing car use in urban areas. This paper employs interpretable time series models to analyze the effects of these measures on parking demand. The study utilizes a dataset of more than 22 million parking transactions from 3,594 on-street selling points and 8 park-and-ride (P&R) locations in Amsterdam. Three models with external regressors, namely, Error Trend Seasonality (ETSX) models, Seasonal Autoregressive Integrated Moving Average (SARIMAX) models, and Interpretable Multi-Variate Long Short-Term Memory (IMV-LSTM) models, are compared against a Seasonal Naïve benchmark model. The ETSX model achieved the lowest error values, as indicated by both RMSE and SMAPE. The results show a significant decrease in parking (up to a 77% decline), primarily attributed to the tariff change, which had a greater impact than the introduction of a metro line. Moreover, both measures caused a shift in parking to P&R locations and peripheral areas. The introduction of the metro line led to more parking near a new metro station. In addition, COVID-19 measures resulted in a significant decrease in parking demand. These results are presented in an application that visualizes the influence of external regressors on parking ticket demand. © 2024 Elisabeth Fokker, Elenna Dugundji & Thomas Koch.","2024","2025-02-25 15:16:08","2025-02-25 15:16:08","","751-780","","1","17","","J. Transp. Land Use","","","","","","","","English","","","Scopus","","","","Publisher: University of Minnesota","","/Users/jensreil/Zotero/storage/4QY2DILW/Fokker et al. - 2024 - Analysis of the impact of policy measures on parking behavior using interpretable time series models.pdf","","LSTM; Time series forecasting; machine learning; ETSX; interpretable time series models; on-street parking; park and ride; SARIMAX","","","","","","","","","","","","","","","","","","","","","","","","","","","","","","","","","","","","","","","","","","","","","","",""
"YPMNXR7C","journalArticle","2024","Damasevicius, R.; Jovanovic, L.; Petrovic, A.; Zivkovic, M.; Bacanin, N.; Jovanovic, D.; Antonijevic, M.","Decomposition aided attention-based recurrent neural networks for multistep ahead time-series forecasting of renewable power generation","PeerJ Computer Science","","23765992 (ISSN)","10.7717/peerj-cs.1795","https://www.scopus.com/inward/record.uri?eid=2-s2.0-85185831815&doi=10.7717%2fpeerj-cs.1795&partnerID=40&md5=86cf30bd8d3610cb5575a2c5caf5f781","Renewable energy plays an increasingly important role in our future. As fossil fuels become more difficult to extract and effectively process, renewables offer a solution to the ever-increasing energy demands of the world. However, the shift toward renewable energy is not without challenges. While fossil fuels offer a more reliable means of energy storage that can be converted into usable energy, renewables are more dependent on external factors used for generation. Efficient storage of renewables is more difficult often relying on batteries that have a limited number of charge cycles. A robust and efficient system for forecasting power generation from renewable sources can help alleviate some of the difficulties associated with the transition toward renewable energy. Therefore, this study proposes an attention-based recurrent neural network approach for forecasting power generated from renewable sources. To help networks make more accurate forecasts, decomposition techniques utilized applied the time series, and a modified metaheuristic is introduced to optimized hyperparameter values of the utilized networks. This approach has been tested on two real-world renewable energy datasets covering both solar and wind farms. The models generated by the introduced metaheuristics were compared with those produced by other state-of-the-art optimizers in terms of standard regression metrics and statistical analysis. Finally, the best-performing model was interpreted using SHapley Additive exPlanations. © 2024 Damasevicius et al. All Rights Reserved.","2024","2025-02-25 15:16:08","2025-02-25 15:16:08","","","","","10","","PeerJ Comput. Sci.","","","","","","","","English","","","Scopus","","","","Publisher: PeerJ Inc.","","/Users/jensreil/Zotero/storage/WUPA8ATM/Damasevicius et al. - 2024 - Decomposition aided attention-based recurrent neural networks for multistep ahead time-series foreca.pdf","","Forecasting; Time series; Time series forecasting; Neural-networks; Attention mechanism; Recurrent neural networks; Optimization; Artificial Intelligence; Time series analysis; AI explainability; Attention mechanisms; Data Science; Algorithm and analyse of algorithm; Algorithms and Analysis of Algorithms; Analysis of algorithms; Digital storage; Energy source; Fossil fuels; Heuristic algorithms; Metaheuristic; Metaheuristics; Neural Networks; Renawable energy source; Renawable energy sources; Renewable energies; Time-series forecasting; Wind power","","","","","","","","","","","","","","","","","","","","","","","","","","","","","","","","","","","","","","","","","","","","","","",""
"QSR6K5QG","journalArticle","2024","Li, R.; Feng, K.; An, T.; Cheng, P.; Wei, L.; Zhao, Z.; Xu, X.; Zhu, L.","Enhanced Insights into Effluent Prediction in Wastewater Treatment Plants: Comprehensive Deep Learning Model Explanation Based on SHAP","ACS ES and T Water","","26900637 (ISSN)","10.1021/acsestwater.4c00040","https://www.scopus.com/inward/record.uri?eid=2-s2.0-85189559799&doi=10.1021%2facsestwater.4c00040&partnerID=40&md5=647cea95110fb44c0cc49688d01f81aa","Models are increasingly being utilized to improve the understanding and operation of wastewater treatment plants (WWTPs) in the face of escalating water resource challenges. Abundant operational data provide extensive opportunities for the development of machine learning (ML) and deep learning (DL) models. However, the coupling and time lag among the features exacerbate the black-box nature of such models, hindering their application in WWTPs. In this study, we construct a DL model using a long short-term memory (LSTM) algorithm capable of accurately predicting the effluent quality in a full-scale WWTP with finely tuned hyperparameters and rationally chosen input features. Comprehensive model explanation based on Shapley additive explanations (SHAP) is implemented to clarify the contributions of multivariate time series (MTS) inputs to the predicted results in terms of feature and time dimensions. The LSTM models exhibit excellent accuracy (R2 of 0.96, 0.95, and 0.76 and MAPE of 5.49, 7.17, and 13.37%, respectively) in predicting effluent chemical oxygen demand (COD), total phosphorus (TP), and total nitrogen (TN) better than other baseline ML models. The SHAP results quantify what input features are most important when they exert influence and how they impact results. The analysis from the temporal dimension further explains the time lag characteristics of the wastewater treatment process and justifies the introduction of MTS. Compared to correlation analysis and without feature engineering, the feature selection method by SHAP significantly enhances the predictive accuracy. The combinations of input features are adjusted based on the Shapley values, and features with strong interactions and significant contributions to the model output are identified. This is a novel attempt to construct a WWTP model based on LSTM with both excellent accuracy and explainability and to clarify the influence of MTS inputs on prediction results. This work shows the potential of applying DL to model WWTPs and enhances their performance. © 2024 American Chemical Society.","2024","2025-02-25 15:16:08","2025-02-25 15:16:08","","1904-1915","","4","4","","ACS. EST.","","","","","","","","English","","","Scopus","","","","Publisher: American Chemical Society","","","","long short-term memory (LSTM); effluent prediction; multivariate time series; municipal wastewater treatment plant; Shapley additive explanations (SHAP)","","","","","","","","","","","","","","","","","","","","","","","","","","","","","","","","","","","","","","","","","","","","","","",""
"GQMBTJXE","journalArticle","2024","Bouazizi, S.; Ltifi, H.","Enhancing accuracy and interpretability in EEG-based medical decision making using an explainable ensemble learning framework application for stroke prediction","Decision Support Systems","","01679236 (ISSN)","10.1016/j.dss.2023.114126","https://www.scopus.com/inward/record.uri?eid=2-s2.0-85178647276&doi=10.1016%2fj.dss.2023.114126&partnerID=40&md5=3ae7e7b19bb18901fe70483357578393","Medical decision making increasingly relies on machine learning algorithms to analyze complex patient data and provide recommendations. However, the lack of interpretability in “black box” models has limited their adoption in clinical practice, which demands transparency and justification. Echo State Networks (ESNs), a recurrent neural network architecture, have shown promise for medical Decision Support Systems (DSS) applications due to their accuracy in modeling time series data, such as physiological signals. However, conventional ESNs suffer from a lack of interpretability, which limits their usefulness for clinical decisions. This study proposes a multi-level framework to optimize both accuracy and interpretability for improved medical decision support. The framework is specifically designed for EEG data, which represents a non-invasive and continuous recording of brain activity. EEG data is ideal for recording information about the internal state of the brain, which is not always translated by perceptible external manifestations. The framework consists of four components: (1) data preprocessing and optimized feature selection utilizing a filter-based feature importance algorithm, (2) ensemble learning via Ensemble ESNs (E-ESNs) that combines the predictions of multiple ESNs to reduce variance and improve accuracy, (3) Global and Local model explanation techniques to allow users to understand the decision-making process and identify the most influential features for each prediction, and (4) decision-making for presenting diagnoses and recommendations. The framework was evaluated on an EEG dataset for stroke prediction, a valuable use case for informed clinical decisions and resource allocation. The results showed that the framework significantly outperformed baseline related works with an accuracy of 96.5% and provides insights into the E-ESN model's predictions. This transparency enhances trust and comprehension among healthcare practitioners. These findings suggest that the proposed framework can be a valuable tool for medical DSS applications. © 2023","2024","2025-02-25 15:16:08","2025-02-25 15:16:08","","","","","178","","Decis Support Syst","","","","","","","","English","","","Scopus","","","","Publisher: Elsevier B.V.","","","","Explainability; Interpretability; Learning systems; Forecasting; Decision making; Learning algorithms; SHAP; Transparency; Recurrent neural networks; Brain; Diagnosis; Ensemble learning; Decision support systems; Hospital data processing; Echo state networks; Echo state network; Echo state networks (ESN); LIME; Medical decision making; Medical decision support system; Medical decision support systems (DSS); Network architecture; Stroke prediction","","","","","","","","","","","","","","","","","","","","","","","","","","","","","","","","","","","","","","","","","","","","","","",""
"AG84FG2F","journalArticle","2024","Kierdorf, J.; Stomberg, T.T.; Drees, L.; Rascher, U.; Roscher, R.","Investigating the contribution of image time series observations to cauliflower harvest-readiness prediction","Frontiers in Artificial Intelligence","","26248212 (ISSN)","10.3389/frai.2024.1416323","https://www.scopus.com/inward/record.uri?eid=2-s2.0-85205473586&doi=10.3389%2ffrai.2024.1416323&partnerID=40&md5=9f3077e400a50a1aee0735a2690e5762","Cauliflower cultivation is subject to high-quality control criteria during sales, which underlines the importance of accurate harvest timing. Using time series data for plant phenotyping can provide insights into the dynamic development of cauliflower and allow more accurate predictions of when the crop is ready for harvest than single-time observations. However, data acquisition on a daily or weekly basis is resource-intensive, making selection of acquisition days highly important. We investigate which data acquisition days and development stages positively affect the model accuracy to get insights into prediction-relevant observation days and aid future data acquisition planning. We analyze harvest-readiness using the cauliflower image time series of the GrowliFlower dataset. We use an adjusted ResNet18 classification model, including positional encoding of the data acquisition dates to add implicit information about development. The explainable machine learning approach GroupSHAP analyzes time points' contributions. Time points with the lowest mean absolute contribution are excluded from the time series to determine their effect on model accuracy. Using image time series rather than single time points, we achieve an increase in accuracy of 4%. GroupSHAP allows the selection of time points that positively affect the model accuracy. By using seven selected time points instead of all 11 ones, the accuracy improves by an additional 4%, resulting in an overall accuracy of 89.3%. The selection of time points may therefore lead to a reduction in data collection in the future. Copyright © 2024 Kierdorf, Stomberg, Drees, Rascher and Roscher.","2024","2025-02-25 15:16:08","2025-02-25 15:16:08","","","","","7","","Frontier. Artif. Intell.","","","","","","","","English","","","Scopus","","","","Publisher: Frontiers Media SA","","/Users/jensreil/Zotero/storage/5KEQEDEY/Kierdorf et al. - 2024 - Investigating the contribution of image time series observations to cauliflower harvest-readiness pr.pdf","","deep learning; explainability; feature contribution; GroupSHAP; harvest-readiness","","","","","","","","","","","","","","","","","","","","","","","","","","","","","","","","","","","","","","","","","","","","","","",""
"ETQN865G","journalArticle","2024","Ciacci, G.; Barucci, A.; Di Ruzza, S.; Alessi, E.M.","Asteroids co-orbital motion classification based on Machine Learning","Monthly Notices of the Royal Astronomical Society","","00358711 (ISSN)","10.1093/mnras/stad3603","https://www.scopus.com/inward/record.uri?eid=2-s2.0-85179848094&doi=10.1093%2fmnras%2fstad3603&partnerID=40&md5=2eab9dc0f85a0bc7fe5ef5bb9865d0a9","In this work, we explore how to classify asteroids in co-orbital motion with a given planet using Machine Learning. We consider four different kinds of motion in mean motion resonance with the planet, nominally Tadpole at L4 and L5, Horseshoe and Quasi-Satellite, building three data sets defined as Real (taking the ephemerides of real asteroids from the JPL Horizons system), Ideal and Perturbed (both simulated, obtained by propagating initial conditions considering two different dynamical systems) for training and testing the Machine Learning algorithms in different conditions. The time series of the variable θ (angle related to the resonance) are studied with a data analysis pipeline defined ad hoc for the problem and composed by: data creation and annotation, time series features extraction thanks to the tsfresh package (potentially followed by selection and standardization) and the application of Machine Learning algorithms for Dimensionality Reduction and Classification. Such approach, based on features extracted from the time series, allows to work with a smaller number of data with respect to Deep Learning algorithms, also allowing to define a ranking of the importance of the features. Physical interpretability of the features is another key point of this approach. In addition, we introduce the SHapley Additive exPlanations for Explainability technique. Different training and test sets are used, in order to understand the power and the limits of our approach. The results show how the algorithms are able to identify and classify correctly the time series, with a high degree of performance.  © 2023 The Author(s). Published by Oxford University Press on behalf of Royal Astronomical Society.","2024","2025-02-25 15:16:08","2025-02-25 15:16:08","","6439-6454","","3","527","","Mon. Not. R. Astron. Soc.","","","","","","","","English","","","Scopus","","","","Publisher: Oxford University Press","","/Users/jensreil/Zotero/storage/247IK8Y8/Ciacci et al. - 2024 - Asteroids co-orbital motion classification based on Machine Learning.pdf","","Deep learning; Learning systems; Machine-learning; Time series; Times series; Learning algorithms; Machine learning algorithms; Classification (of information); Time series analysis; Asteroids; celestial mechanics; Celestial mechanics; Dynamical systems; Mean motion resonances; Method: numerical; methods: numerical; Minor planets asteroids: generals; minor planets, asteroids: general; Motion analysis; Motion classification; Numerical methods; On-machines; Orbital motions; Orbits; Satellites","","","","","","","","","","","","","","","","","","","","","","","","","","","","","","","","","","","","","","","","","","","","","","",""
"MREVCGAV","journalArticle","2024","Maldonado-Cruz, E.; Pyrcz, M.J.","Multi-horizon well performance forecasting with temporal fusion transformers","Results in Engineering","","25901230 (ISSN)","10.1016/j.rineng.2024.101776","https://www.scopus.com/inward/record.uri?eid=2-s2.0-85183167672&doi=10.1016%2fj.rineng.2024.101776&partnerID=40&md5=25a3e6044e54eb8ec6a1cfe69aec1c1a","Forecasting fluid flow in subsurface resources such as groundwater, geothermal, and oil and gas is essential to maximize project economics and maximize resource recovery. We propose a novel workflow for a data-driven surrogate flow model for subsurface forecasting using an attention-based deep neural network architecture. The proposed workflow allows the inclusion of static and dynamic predictor features and forecasting across multiple wells with low error predictions. The study reveals that the proposed workflow can be applied over a wide range of subsurface resources and can improve well productivity, maximize resource recovery, and project economics. The proposed workflow also provides a more interpretable model with diagnostics to evaluate the quality of the resulting model. This study contributes to the development of new methods and workflows to integrate widely available historical production data into multi-step time series forecasting, which can be applied to subsurface resources beyond the ones studied here. © 2024 The Authors","2024","2025-02-25 15:16:08","2025-02-25 15:16:08","","","","","21","","Result.  Eng.","","","","","","","","English","","","Scopus","","","","Publisher: Elsevier B.V.","","/Users/jensreil/Zotero/storage/J8VQIUAS/Maldonado-Cruz and Pyrcz - 2024 - Multi-horizon well performance forecasting with temporal fusion transformers.pdf","","Deep learning; Interpretability; Learning systems; Machine-learning; Forecasting; Explainable AI; Deep neural networks; Machine learning; Economics; Temporal fusion transformer; Work-flows; Network architecture; Computer system recovery; Flow of fluids; Groundwater; History matching; Multi wells; Multi-well forecasting; Well forecasting","","","","","","","","","","","","","","","","","","","","","","","","","","","","","","","","","","","","","","","","","","","","","","",""
"H8S78BI4","journalArticle","2024","Sultana, M.; Perdikis, S.","Automatic Feature Selection for Sensorimotor Rhythms Brain-Computer Interface Fusing Expert and Data-Driven Knowledge","IEEE Transactions on Neural Systems and Rehabilitation Engineering","","15344320 (ISSN)","10.1109/TNSRE.2024.3456591","https://www.scopus.com/inward/record.uri?eid=2-s2.0-85204244154&doi=10.1109%2fTNSRE.2024.3456591&partnerID=40&md5=5cc70b283d11034385342170bbfd9c86","Early brain-computer interface (BCI) systems were mainly based on prior neurophysiological knowledge coupled with feedback training, while state-of-the-art interfaces rely on data-driven, machine learning (ML)-oriented methods. Despite the advances in BCI that ML can be credited with, the performance of BCI solutions is still not up to the mark, posing a major barrier to the widespread use of this technology. This paper proposes a novel, automatic feature selection method for BCI able to leverage both data-dependent and expert knowledge to suppress noisy features and highlight the most relevant ones thanks to a fuzzy logic (FL) system. Our approach exploits the capability of FL to increase the reliability of decision-making by fusing heterogeneous information channels while maintaining transparency and simplicity. We show that our method leads to significant improvement in classification accuracy, feature stability and class bias when applied to large motor imagery or attempt datasets including end-users with motor disabilities. We postulate that combining data-driven methods with knowledge derived from neuroscience literature through FL can enhance the performance, explainability, and learnability of BCIs.  © 2001-2011 IEEE.","2024","2025-02-25 15:16:08","2025-02-25 15:16:08","","3422-3431","","","32","","IEEE Trans. Neural Syst. Rehabil. Eng.","","","","","","","","English","","","Scopus","","","","Publisher: Institute of Electrical and Electronics Engineers Inc.","","/Users/jensreil/Zotero/storage/9AWDCMZX/Sultana and Perdikis - 2024 - Automatic Feature Selection for Sensorimotor Rhythms Brain-Computer Interface Fusing Expert and Data.pdf","","Machine Learning; Machine-learning; Feature Selection; Features selection; Performance; machine learning; Data driven; human; Humans; time series analysis; Fuzzy logic; adult; female; male; algorithm; Algorithms; electroencephalography; Electroencephalography; feature selection; procedures; support vector machine; artifact; electroencephalogram; knowledge; Article; accuracy; normal human; signal noise ratio; mathematical model; Expert systems; Adult; middle aged; reproducibility; Reproducibility of Results; reliability; data mining; physiology; event related potential; cerebrovascular accident; hemiplegia; Digital storage; amputation; Automatic feature selection; brain computer interface; Brain computer interface; Brain-computer interface; Brain-Computer Interfaces; Computer circuits; expert knowledge; Expert knowledge; facial muscle artifact; fuzzy logic; Fuzzy Logic; fuzzy system; Fuzzy-Logic; imagery; imagination; Imagination; Interface system; Interfaces (computer); local field potential; motor dysfunction; motor imagery; Motor imagery; multiple sclerosis; neurophysiology; Neurophysiology; power spectrum; rhythm; sensorimotor rhythm; Sensorimotors; spinal cord injury; spinocerebellar degeneration; stimulus","","","","","","","","","","","","","","","","","","","","","","","","","","","","","","","","","","","","","","","","","","","","","","",""
"BQRMQ3G2","journalArticle","2024","Iffa Afsa, C.M.; Ansari, M.Y.; Paul, S.; Halabi, O.; Alataresh, E.; Shah, J.; Hamze, A.; Aboumarzouk, O.; Al-Ansari, A.; Dakua, S.P.","Development and Validation of a Class Imbalance-Resilient Cardiac Arrest Prediction Framework Incorporating Multiscale Aggregation, ICA and Explainability","IEEE Transactions on Biomedical Engineering","","00189294 (ISSN)","10.1109/TBME.2024.3517635","https://www.scopus.com/inward/record.uri?eid=2-s2.0-85212858595&doi=10.1109%2fTBME.2024.3517635&partnerID=40&md5=339539df09ac2eaa87c79090305aaadd","Objective: Despite advancements in artificial intelligence (AI) for predicting cardiac arrest (CA) with multivariate time-series vital signs data, existing models continue to face significant problems, particularly concerning balance, efficiency, accuracy, and explainability. While neural networks have been proposed to extract multiscale features from raw data in various applications, to our knowledge, no work has utilized multiscale feature extraction, specifically for diagnostic CA prediction. This paper presents a new framework that tackles these difficulties by utilizing multiscale feature aggregation via Independent Component Analysis (ICA). Methods: We present the Pareto optimal StrataChron Pyramid Fusion Framework (SPFF) that improves temporal vital signs statistics by capturing long-term dependencies using multi-scale temporal feature aggregation. SPFF integrates with ICA to eliminate information redundancy and enhance model efficiency. We have developed and validated the approach using the public MIMIC IV dataset. Results: The proposed model demonstrates resilience to data imbalance and enhances explainability through SHapley Additive exPlanations (SHAP), Partial Dependence Plots (PDP), and Individual Conditional Expectation (ICE) across varying time windows. The multilayer perceptron (MLP) using SPFF and ICA achieves an accuracy of 0.982, precision of 0.969, recall of 0.989, F1-score of 0.979, and AUROC of 0.998. Conclusion: The proposed method effectively predicts CA across varying time windows, offering a robust solution to the challenges of efficiency, accuracy, and explainability in current models. Significance: This method is significant to biomedical research as it provides superior performance in CA prediction while capturing both short- and long-term dependencies in patient data, potentially improving patient outcomes and guiding clinical decision-making. © 1964-2012 IEEE.","2024","2025-02-25 15:16:08","2025-02-25 15:16:08","","","","","","","IEEE Trans. Biomed. Eng.","","","","","","","","English","","","Scopus","","","","Publisher: IEEE Computer Society","","/Users/jensreil/Zotero/storage/3WGCYQMY/Iffa Afsa et al. - 2024 - Development and Validation of a Class Imbalance-Resilient Cardiac Arrest Prediction Framework Incorp.pdf","","Explainable artificial intelligence; Artificial intelligence; Prediction models; Diagnosis; explainable AI; Pareto principle; Hospital data processing; Clinical research; Vital sign; cardiac arrest; Cardiac arrest; Feature aggregation; independent component analysis; Independent components analysis; Long-term dependencies; Multi-scale features; multi-scale temporal aggregation; Multi-scale temporal aggregation; Multi-scales; Temporal aggregation","","","","","","","","","","","","","","","","","","","","","","","","","","","","","","","","","","","","","","","","","","","","","","",""
"K3CZQF5C","journalArticle","2024","Liu, Z.; Yao, N.; Fan, Q.; Zhu, X.; Xue, H.","Research on the abnormal identification method of remote real-time monitoring of power system equipment based on artificial intelligence","Australian Journal of Electrical and Electronics Engineering","","1448837X (ISSN)","10.1080/1448837X.2024.2442873","https://www.scopus.com/inward/record.uri?eid=2-s2.0-85212705699&doi=10.1080%2f1448837X.2024.2442873&partnerID=40&md5=6a8595b4200e3d1f695eb812e38cdf25","This study addresses the critical challenge of anomaly detection in modern power systems, proposing a novel hybrid approach that combines supervised and unsupervised machine learning techniques. The increasing complexity of power grids and integrating renewable energy sources and smart technologies necessitate more sophisticated methods for identifying and mitigating potential threats to system stability and security. Our model leverages deep learning architectures, including Long Short-Term Memory networks and Convolutional Neural Networks, to process high-dimensional time-series data from various grid sensors. The system demonstrates exceptional performance in detecting diverse anomalies, including cyber-attacks, equipment failures, and environmental disturbances, with an overall accuracy of 97.8% and an F1-score of 0.956. Real-time processing capabilities enable anomaly detection within 1.2 seconds, crucial for preventing cascading failures. A novel interpretability framework provides insights into the model’s decision-making process, enhancing trust and actionable intelligence for operators. Extensive case studies and robustness analyses validate the system’s effectiveness across various operational scenarios. This research significantly enhances power grid resilience and reliability, offering a robust foundation for future advancements in smart grid technologies and adaptive anomaly detection systems. © 2024 Engineers Australia.","2024","2025-02-25 15:16:08","2025-02-25 15:16:08","","","","","","","Aust. J. Electr. Electron. Eng.","","","","","","","","English","","","Scopus","","","","Publisher: Taylor and Francis Ltd.","","","","Deep learning; Machine-learning; Supervised learning; Unsupervised learning; Anomaly detection; Power; deep learning; LSTM; Convolutional neural networks; CNN; machine learning; Smart power grids; Smart grid; smart grid; Digital storage; Cyber-Physical securities; cyber-physical security; interpretable AI; Interpretable AI; Power system anomaly detection; Real time monitoring; real-time monitoring; renewable energy integration; Renewable energy integrations","","","","","","","","","","","","","","","","","","","","","","","","","","","","","","","","","","","","","","","","","","","","","","",""
"2WBV88FG","journalArticle","2025","Gao, B.; Yu, A.; Qiao, C.; Calhoun, V.D.; Stephen, J.M.; Wilson, T.W.; Wang, Y.-P.","An Explainable Unified Framework of Spatio-Temporal Coupling Learning With Application to Dynamic Brain Functional Connectivity Analysis","IEEE Transactions on Medical Imaging","","02780062 (ISSN)","10.1109/TMI.2024.3467384","https://www.scopus.com/inward/record.uri?eid=2-s2.0-85205147679&doi=10.1109%2fTMI.2024.3467384&partnerID=40&md5=a5434104a9c1935afa9b5d265bc546b9","Time-series data such as fMRI and MEG carry a wealth of inherent spatio-temporal coupling relationship, and their modeling via deep learning is essential for uncovering biological mechanisms. However, current machine learning models for mining spatio-temporal information usually overlook this intrinsic coupling association, in addition to poor explainability. In this paper, we present an explainable learning framework for spatio-temporal coupling. Specifically, this framework constructs a deep learning network based on spatio-temporal correlation, which can well integrate the time-varying coupled relationships between node representation and inter-node connectivity. Furthermore, it explores spatio-temporal evolution at each time step, providing a better explainability of the analysis results. Finally, we apply the proposed framework to brain dynamic functional connectivity (dFC) analysis. Experimental results demonstrate that it can effectively capture the variations in dFC during brain development and the evolution of spatio-temporal information at the resting state. Two distinct developmental functional connectivity (FC) patterns are identified. Specifically, the connectivity among regions related to emotional regulation decreases, while the connectivity associated with cognitive activities increases. In addition, children and young adults display notable cyclic fluctuations in resting-state brain dFC. © 1982-2012 IEEE.","2025","2025-02-25 15:16:08","2025-02-25 15:16:08","","941-951","","2","44","","IEEE Trans. Med. Imaging","","","","","","","","English","","","Scopus","","","","Publisher: Institute of Electrical and Electronics Engineers Inc.","","/Users/jensreil/Zotero/storage/T22IYWKU/Gao et al. - 2025 - An Explainable Unified Framework of Spatio-Temporal Coupling Learning With Application to Dynamic Br.pdf","","Explainability; Adversarial machine learning; Contrastive Learning; Federated learning; deep learning; machine learning; explainability; human; time series analysis; article; adult; learning; diagnosis; nerve cell network; controlled study; young adult; functional magnetic resonance imaging; Spatio-temporal; functional connectivity; cognition; brain development; brain network analysis; Brain network analyze; Brain networks; child; dynamic functional connectivity; Dynamic functional connectivity; emotion regulation; Evolution mechanism; Functional connectivity; internode; mining; network analysis; Spatio-temporal coupling; spatio-temporal evolution mechanism; Spatio-temporal evolution mechanism; Spatiotemporal evolution; Temporal coupling","","","","","","","","","","","","","","","","","","","","","","","","","","","","","","","","","","","","","","","","","","","","","","",""
"JECXL8SH","journalArticle","2024","Belay, M.A.; Rasheed, A.; Rossi, P.S.","Multivariate Time Series Anomaly Detection via Low-Rank and Sparse Decomposition","IEEE Sensors Journal","","1530437X (ISSN)","10.1109/JSEN.2024.3452318","https://www.scopus.com/inward/record.uri?eid=2-s2.0-85204245042&doi=10.1109%2fJSEN.2024.3452318&partnerID=40&md5=daa29d104a5617e76d73d4d9bf37ac02","In the era of data-driven decision-making, multisensor systems acquire complex, high-dimensional streams capturing temporal dynamics, and multivariate time series anomaly detection has become significantly relevant in several application domains. Conventional methods relying on supervised and semi-supervised learning require labeled data, which might not be available in various scenarios. Conversely, noise and outliers present in real-world sensor measurements negatively impact unsupervised methods. Furthermore, several methods rely on black-box architectures, which limit their use in safety-critical applications where interpretability and explainability are often necessary. To address these challenges, we propose a novel unsupervised multivariate time series anomaly detection method that exploits low-rank and sparse (LRS) decomposition combined with spectral detection. More specifically, we use augmented Lagrange multiplier (ALM)-based optimization with eigenvalue soft thresholding for decomposition. Data points are projected onto a low-dimensional subspace, capturing the underlying data structure and enabling robust anomaly detection in noisy multisensor environments. Finally, the effectiveness of the proposed approach is presented via performance comparison to several existing methods using publicly available datasets collecting real-world sensor measurements from testbeds of water treatment systems.  © 2024 IEEE.","2024","2025-02-25 15:16:08","2025-02-25 15:16:08","","34942-34952","","21","24","","IEEE Sensors J.","","","","","","","","English","","","Scopus","","","","Publisher: Institute of Electrical and Electronics Engineers Inc.","","/Users/jensreil/Zotero/storage/B5R2ZHX3/Belay et al. - 2024 - Multivariate Time Series Anomaly Detection via Low-Rank and Sparse Decomposition.pdf","","Time series; Unsupervised learning; Anomaly detection; Decisions makings; Semi-supervised learning; Network security; Multivariate time series; multivariate time series; Data driven decision; Eigenvalues and eigenfunctions; Lagrange multipliers; Low rank approximations; Low-rank and sparse decompositions; low-rank approximation; Multi-sensor systems; multisensor systems; Real-world; Self-supervised learning; Sensor measurements; sparse decomposition; Sparse decomposition; unsupervised learning","","","","","","","","","","","","","","","","","","","","","","","","","","","","","","","","","","","","","","","","","","","","","","",""
"FBB7ERRP","journalArticle","2024","Guo, Y.; Li, Y.; Liu, D.; Xu, S.X.","Measuring service quality based on customer emotion: An explainable AI approach","Decision Support Systems","","01679236 (ISSN)","10.1016/j.dss.2023.114051","https://www.scopus.com/inward/record.uri?eid=2-s2.0-85169442863&doi=10.1016%2fj.dss.2023.114051&partnerID=40&md5=f73230ea76f703c6acbb4d375fa9dfe6","This paper develops an explainable artificial intelligence (AI) approach to measuring service quality in voice-based service encounters. Drawing from the psychology and computer science literature, we construct features of a customer's emotion dynamics during a service encounter. Using real-world call center data from a large insurance company, we train an ensemble model with these emotion dynamics features to predict service quality. The model has higher prediction performance than the two benchmark approaches using quality-assurance evaluation and operational indices. Our method for emotion dynamics classification outperforms a host of state-of-the-art time series classification algorithms. We further apply explainable AI methods to identify the most important features of emotion dynamics and show how they are related to service quality. For example, the location where the last emotion episode appears in a service call has a U-shaped relationship to low quality. Finally, to demonstrate utility, we design an IT artifact to automatically measure service quality after service encounters in the call center and use the measure to predict a customer's referral intention. © 2023 Elsevier B.V.","2024","2025-02-25 15:16:08","2025-02-25 15:16:08","","","","","176","","Decis Support Syst","","","","","","","","English","","","Scopus","","","","Publisher: Elsevier B.V.","","","","Forecasting; Explainable AI; Time series; Explainable artificial intelligence; Sales; Dynamics; Time series classifications; Time series classification; Benchmarking; Real-world; Call centers; Customer emotions; Emotional intelligence; Insurance; Insurance companies; Quality assurance; Quality of service; Referral; Service encounter; Service quality; Service Quality","","","","","","","","","","","","","","","","","","","","","","","","","","","","","","","","","","","","","","","","","","","","","","",""
"6SYLUILQ","journalArticle","2024","Tronchin, L.; Cordelli, E.; Celsi, L.R.; MacCagnola, D.; Natale, M.; Soda, P.; Sicilia, R.","Translating Image XAI to Multivariate Time Series","IEEE Access","","21693536 (ISSN)","10.1109/ACCESS.2024.3366994","https://www.scopus.com/inward/record.uri?eid=2-s2.0-85186106512&doi=10.1109%2fACCESS.2024.3366994&partnerID=40&md5=bc4032e617ff694861ec41040d614adf","As Artificial Intelligence (AI) is becoming part of our daily lives, the need to understand and trust its decisions is becoming a pressing issue. EXplainable AI (XAI) aims at answering this demand, providing tools to get insights into the models' behaviour and reasoning. Following this trend, our research paper explores the explainability of a deployed multimodal architecture applied to a real-world dataset of multivariate time series. The study aims to enhance the trustworthiness of an AI agent responsible for crash detection in an insurance company's automatic assistance service. By introducing an XAI layer, we provide insights into the AI agent's decision-making process, enabling the optimization of emergency medical services allocation. The dataset consists of real-world telematics data collected from vehicles equipped with black box technology. The challenge lies in explaining the complex interactions within the multivariate time series data to accurately understand the forces applied to vehicles during accidents. To this end, we adapt to this context two state-of-the-art XAI model-specific approaches, originally designed for images. We offer a qualitative and a quantitative evaluation, also comparing with a well-known agnostic method, and further validating our findings on an external dataset. The results show that Integrated Gradients, among the methodologies examined, is the most effective approach. Its ability to handle the complexity of the data provides the most comprehensive and insightful explanations for the considered use case. The findings emphasize the potential of XAI to enhance the trustworthiness of AI systems and optimize emergency response in the insurance industry. Code is available at https://github.com/ltronchin/translating-xai-mts.git.  © 2013 IEEE.","2024","2025-02-25 15:16:08","2025-02-25 15:16:08","","27484-27500","","","12","","IEEE Access","","","","","","","","English","","","Scopus","","","","Publisher: Institute of Electrical and Electronics Engineers Inc.","","/Users/jensreil/Zotero/storage/2C873JWT/Tronchin et al. - 2024 - Translating Image XAI to Multivariate Time Series.pdf","","Explainability; Neural networks; Decision making; Explainable artificial intelligence; Convolutional neural network; Time series analysis; Time-series analysis; Complex networks; Job analysis; Task analysis; Multivariate time series; Emergency services; multivariate time series; Insurance; Accidents; car crash detection; Car crash detection; Car crashes; evaluation; Evaluation","","","","","","","","","","","","","","","","","","","","","","","","","","","","","","","","","","","","","","","","","","","","","","",""
"HPDJ3YCU","journalArticle","2024","Peláez-Rodríguez, C.; Torres-López, R.; Pérez-Aracil, J.; López-Laguna, N.; Sánchez-Rodríguez, S.; Salcedo-Sanz, S.","An explainable machine learning approach for hospital emergency department visits forecasting using continuous training and multi-model regression","Computer Methods and Programs in Biomedicine","","01692607 (ISSN)","10.1016/j.cmpb.2024.108033","https://www.scopus.com/inward/record.uri?eid=2-s2.0-85183008772&doi=10.1016%2fj.cmpb.2024.108033&partnerID=40&md5=7070da3f9a70a0fd820a24429f855def","Background and Objective: In the last years, the Emergency Department (ED) has become an important source of admissions for hospitals. Since late 90s, the number of ED visits has been steadily increasing, and since Covid19 pandemic this trend has been much stronger. Accurate prediction of ED visits, even for moderate forecasting time-horizons, can definitively improve operational efficiency, quality of care, and patient outcomes in hospitals. Methods: In this paper we propose two different interpretable approaches, based on Machine Learning algorithms, to accurately forecast hospital emergency visits. The proposed approaches involve a first step of data segmentation based on two different criteria, depending on the approach considered: first, a threshold-based strategy is adopted, where data is divided depending on the value of specific predictor variables. In a second approach, a cluster-based ensemble learning is proposed, in such a way that a clustering algorithm is applied to the training dataset, and ML models are then trained for each cluster. Results: The two proposed methodologies have been evaluated in real data from two hospital ED visits datasets in Spain. We have shown that the proposed approaches are able to obtain accurate ED visits forecasting, in short-term and also long-term prediction time-horizons up to one week, improving the efficiency of alternative prediction methods for this problem. Conclusions: The proposed forecasting approaches have a strong emphasis on providing explainability to the problem. An analysis on which variables govern the problem and are pivotal for obtaining accurate predictions is finally carried out and included in the discussion of the paper. © 2024 The Author(s)","2024","2025-02-25 15:16:08","2025-02-25 15:16:08","","","","","245","","Comput. Methods Programs Biomed.","","","","","","","","English","","","Scopus","","","","Publisher: Elsevier Ireland Ltd","","","","Machine Learning; Machine-learning; Forecasting; Machine learning; Machine learning approaches; Learning algorithms; machine learning; Clustering algorithms; learning algorithm; prediction; human; Humans; time series analysis; algorithm; Algorithms; Article; clustering algorithm; treatment outcome; Accurate prediction; Admission forecast; Admissions forecast; continuous training; Continuous-training algorithm; Continuous-training algorithms; Efficiency; Emergency departments; Emergency Room Visits; Emergency rooms; Emergency Service, Hospital; emergency ward; hospital; Hospital emergency departments; hospital emergency service; Hospitals; Multi-step forecasting; predictor variable; Spain; Training algorithms; Training model","","","","","","","","","","","","","","","","","","","","","","","","","","","","","","","","","","","","","","","","","","","","","","",""
"CML27NTP","journalArticle","2024","Taormina, R.; van der Werf, J.A.","Interpretable Sewer Defect Detection with Large Multimodal Models †","Engineering Proceedings","","26734591 (ISSN)","10.3390/engproc2024069158","https://www.scopus.com/inward/record.uri?eid=2-s2.0-85218110338&doi=10.3390%2fengproc2024069158&partnerID=40&md5=4c70d29ad5af6f0e05a4b0ed2e663ed0","Large Multimodal Models are emerging general AI models capable of processing and analyzing diverse data streams, including text, imagery, and sequential data. This paper explores the possibility of exploiting multimodality to develop more interpretable AI-based predictive tools for the water sector, with a first application for sewer defect detection from CCTV imagery. To this aim, we test the zero-shot generalization performance of three generalist large language-vision models for binary sewer defect detection on a subset of the SewerML dataset. We compared the LMMs against a state-of-the-art unimodal Deep Learning approach which has been trained and validated on >1 million SewerML images. Unsurprisingly, the chosen benchmark showcases the best performances, with an overall F1 Score of 0.80. Nonetheless, OpenAI GPT4-V demonstrates relatively good performances with an overall F1 Score of 0.61, displaying equal or better results than the benchmark for some defect classes. Furthermore, GPT4-V often provides text descriptions aligned with the provided prediction, accurately describing the rationale behind a certain decision. Similarly, GPT4-V displays interesting emerging behaviors for trustworthiness, such as refusing to classify images that are too blurred or unclear. Despite the significantly lower performance from the open-source models CogVLM and LLaVA, some preliminary successes suggest good potential for enhancement through fine-tuning, agentic workflows, or retrieval-augmented generation. © 2024 by the authors.","2024","2025-02-25 15:16:08","2025-02-25 15:16:08","","","","1","69","","Eng. Proc.","","","","","","","","English","","","Scopus","","","","Publisher: Multidisciplinary Digital Publishing Institute (MDPI)","","/Users/jensreil/Zotero/storage/E84ZAKR2/Taormina and van der Werf - 2024 - Interpretable Sewer Defect Detection with Large Multimodal Models †.pdf","","artificial intelligence; asset management; generative AI; sewer defect classification","","","","","","","","","","","","","","","","","","","","","","","","","","","","","","","","","","","","","","","","","","","","","","",""
"RHENSVVP","journalArticle","2024","Saleh, H.; ElRashidy, N.; Abd Elaziz, M.; O. Aseeri, A.; El-Sappagh, S.","Genetic algorithm-based hybrid deep learning model for explainable Alzheimer’s disease prediction using temporal multimodal cognitive data","International Journal of Data Science and Analytics","","2364415X (ISSN)","10.1007/s41060-024-00514-z","https://www.scopus.com/inward/record.uri?eid=2-s2.0-85187153159&doi=10.1007%2fs41060-024-00514-z&partnerID=40&md5=4462f85eaaa079e52b94e10f0e5ffd03","Alzheimer’s disease (AD) is an irreversible neurodegenerative disease characterized by progressive neuronal deterioration. Early detection of AD is critical for mitigating disease progression and improving patient life. While deep learning (DL) techniques have shown promise in analyzing neuroimaging data for AD diagnosis, their interpretability has been a significant impediment toward explainable medical diagnosis. The typical practices of diagnosing AD, which involve clinical biomarkers and neuroimaging tests, have been limited in producing trustworthy and explainable progression detection models at an early stage. Another method based on finding the patient’s cognitive score through analyzing time series data has been adopted as an acceptable and cost-effective alternative in providing a deeper insight into patients’ conditions. In this study, we propose a hybrid CNN-LSTM-based model for predicting AD progression based on the fusion of four longitudinal cognitive sub-scores modalities. Our hybrid model employs the Bayesian optimizer as a computational technique to help optimize the selection of the adequate DL model’s architecture. A genetic algorithm-based feature selection has been incorporated as an optimization step to determine the best feature set from the extracted deep representations of the CNN-LSTM, and we replaced the traditional SoftMax classifier with a robust and optimized random forest classifier. An extensive set of experiments utilizing the ADNI dataset examined the operational role of each optimization step while demonstrating the effectiveness of the proposed hybrid model. The model achieved the best results compared to other DL and classical machine learning methods. To ensure diagnostic interpretability, we used the SHAP and LIME techniques to provide explainability features for the proposed model’s decisions. This work attempts to present the best possible, trustworthy decision-making AD diagnostics, potentially in deployable real-world settings. © The Author(s), under exclusive licence to Springer Nature Switzerland AG 2024.","2024","2025-02-25 15:16:08","2025-02-25 15:16:08","","","","","","","Int. J. Data Sci. Anal.","","","","","","","","English","","","Scopus","","","","Publisher: Springer Science and Business Media Deutschland GmbH","","/Users/jensreil/Zotero/storage/A65XC36L/Saleh et al. - 2024 - Genetic algorithm-based hybrid deep learning model for explainable Alzheimer’s disease prediction us.pdf","","Deep learning; Interpretability; Learning systems; Long short-term memory; Learning models; Explainable AI; Lime; Time series; Decision making; Learning algorithms; Optimisations; Genetic algorithms; Diagnosis; Time series analysis; Forestry; Hybrid model; Neurodegenerative diseases; Alzheimer’s disease; Deterioration; Disease progression; Neuroimaging; Alzheimer; Cost effectiveness; hybrid modeling; Time series data analysis","","","","","","","","","","","","","","","","","","","","","","","","","","","","","","","","","","","","","","","","","","","","","","",""
"TBR6AIV3","journalArticle","2024","Su, P.; Yuan, H.; Lu, Z.; Chen, D.","Integrating Self-Organizing Map and Graph Neural Networks to Detect Anomalies in Time-series Data","IEEE Sensors Journal","","1530437X (ISSN)","10.1109/JSEN.2024.3509632","https://www.scopus.com/inward/record.uri?eid=2-s2.0-85212300113&doi=10.1109%2fJSEN.2024.3509632&partnerID=40&md5=27947d14231956453b71f1be56b8da0e","Anomaly detection is essential in Industrial Cyber-Physical Systems (ICPS) for monitoring both system and environmental conditions. However, effective anomaly detection remains a continuous challenge due to the complexity and diversity of operational features in both spatial and temporal domains of such systems. Current data-driven approaches utilize Artificial Intelligence (AI)-enabled methods, such as Recurrent Neural Networks (RNN) and Convolutional Neural Networks (CNN), to process and analyze the collected operational data. From the industrial perspective, a key challenge lies in enhancing the effectiveness and explainability, as these methods often exhibit opaque and sophisticated network structures when dealing with complex operational data. Meanwhile, recent advancements in Graph Neural Networks (GNN) demonstrate its effectiveness of supporting the analysis of complex relationships and dependencies. The adoption of GNN poses however inherent challenges when the data are unstructured. This paper designs a novel framework that integrates Self-Organizing Maps (SOM) and GNN for the analysis of complex operational relationships and dependencies. In particular, the adoption of SOM allows the generation graph-structured data from unstructured raw datasets and thereby enhances a GNN's ability to differentiate normal and anomalous conditions effectively. As case studies, we select multiple public datasets to compare the performance of the proposed framework with other benchmark methods. The results show that the proposed methods present promising results. Additionally, compared to other baseline methods that use GNN-based structures to detect anomalies, the proposed framework achieves the highest F1-Score. © 2001-2012 IEEE.","2024","2025-02-25 15:16:08","2025-02-25 15:16:08","","","","","","","IEEE Sensors J.","","","","","","","","English","","","Scopus","","","","Publisher: Institute of Electrical and Electronics Engineers Inc.","","/Users/jensreil/Zotero/storage/UE573PWE/Su et al. - 2024 - Integrating Self-Organizing Map and Graph Neural Networks to Detect Anomalies in Time-series Data.pdf","","Deep learning; Deep Learning; Anomaly detection; Convolutional neural networks; Time-series data; Recurrent neural networks; Graph neural networks; Spatio-temporal data; Graph Neural Networks; Cybe-physical systems; Cyber-physical systems; Anomaly Detection; Conformal mapping; Operational data; Self organizing maps; Self-Organizing Map; Self-organizing map neural network; Self-organizing-maps; System conditions","","","","","","","","","","","","","","","","","","","","","","","","","","","","","","","","","","","","","","","","","","","","","","",""
"G7465MJU","journalArticle","2024","Yu, Y.; Li, Y.; Zhou, Y.; Wang, Y.; Wang, J.","A Learnable and Explainable Wavelet Neural Network for EEG Artifacts Detection and Classification","IEEE Transactions on Neural Systems and Rehabilitation Engineering","","15344320 (ISSN)","10.1109/TNSRE.2024.3452315","https://www.scopus.com/inward/record.uri?eid=2-s2.0-85202755412&doi=10.1109%2fTNSRE.2024.3452315&partnerID=40&md5=34f91f49753f54fa0b795c547b359fae","Electroencephalography (EEG) artifacts are very common in clinical diagnosis and can heavily impact diagnosis. Manual screening of artifact events is labor-intensive with little benefit. Therefore, exploring algorithms for automatic detection and classification of EEG artifacts can significantly assist clinical diagnosis. In this paper, we propose a learnable and explainable wavelet neural network (WaveNet) for EEG artifact detection and classification. The model is powered by the wavelet decomposition block based on invertible neural network, which can extract signal features without information loss, and a tree generator for building wavelet tree structure automatically. They provide the model with good feature extraction capabilities and explainability. To evaluate the model's performance more fairly, we introduce the base point level matching score (BASE) and the Event-Aligned Compensation Scoring (EACS) at the event level as two metrics for model performance evaluation. On the challenging Temple University EEG Artifact (TUAR) dataset, our model outperforms other baselines in terms of F1-score for both artifact detection and classification tasks. The case study also validates the model's ability to offer explainability for predictions based on frequency band energy, suggesting potential applications in clinical diagnosis. © 2024 IEEE.","2024","2025-02-25 15:16:08","2025-02-25 15:16:08","","3358-3368","","","32","","IEEE Trans. Neural Syst. Rehabil. Eng.","","","","","","","","English","","","Scopus","","","","Publisher: Institute of Electrical and Electronics Engineers Inc.","","/Users/jensreil/Zotero/storage/GUIDU67W/Yu et al. - 2024 - A Learnable and Explainable Wavelet Neural Network for EEG Artifacts Detection and Classification.pdf","","Machine Learning; Neural-networks; machine learning; prediction; Predictive models; Neural network models; human; Humans; time series analysis; histogram; predictive model; Job analysis; Task analysis; artificial neural network; nerve cell network; Neural Networks, Computer; algorithm; Algorithms; controlled study; electric potential; electroencephalography; Electroencephalography; Features extraction; procedures; support vector machine; artifact; electroencephalogram; training; Article; accuracy; Image segmentation; signal processing; classification; wavelet analysis; reproducibility; Reproducibility of Results; benchmarking; Signal Processing, Computer-Assisted; diagnostic test accuracy study; Image coding; wavelet decomposition; Wavelet decomposition; Wavelets decomposition; Artifact detection; Artifact detection and classification; Artifacts; artifacts detection and classification; Brain modeling; Clinical diagnosis; EEG artifacts; Electroencephalography artifact; Image thinning; invertible neural network; Invertible neural network; mathematical phenomena; Neurons; Religious buildings; Trees (mathematics); Wavelet analysis; Wavelet Analysis; wavelet neural network","","","","","","","","","","","","","","","","","","","","","","","","","","","","","","","","","","","","","","","","","","","","","","",""
"BJGLIYEJ","journalArticle","2024","Raihan, M.; Debnath, A.; Adhikary, P.; Masud, M.; Meshref, H.; Bairagi, A.K.","Bridging Technology and Psychology: AI-Driven Analysis of Student's Class Lecture Activity for Improved Learning Outcomes","IEEE Access","","21693536 (ISSN)","10.1109/ACCESS.2024.3474848","https://www.scopus.com/inward/record.uri?eid=2-s2.0-85207104721&doi=10.1109%2fACCESS.2024.3474848&partnerID=40&md5=12cec3f53c618648a4c41dd0f27efd7e","Students' emotional state and attention significantly impact how they handle stress and interact with their studies. These factors are crucial in defining their learning objectives and general personal growth, influencing their academic achievement. Because Bangladesh has distinct educational and mental health difficulties, it is important to comprehend these dynamics. Time series analysis is a useful technique for tracking lecture activities in class and how they affect student participation since it provides insightful information about behavior patterns across time. This investigation aims to address these problems by using MotionWatch 8 and a comprehensive questionnaire to analyze class lecture activities. This study employs ensemble methodologies, deep Learning algorithms, and a diverse range of machine learning models to assess and predict student behavior. A hybrid model is one of the techniques that produced the most stunning results out of all of them, proving how well it could capture complex patterns in time series data. To assess the robustness of the algorithms, the study also looked at how different datasets performed. Ultimately, the models' interpretability was improved, and their decision-making processes were given a deeper understanding through the utilization of explainable AI methods, including SHAP, LIME, and permutation importance. The effort establishes new standards for improving student engagement and well-being through data-driven insights using sophisticated models and explainable AI.  © 2013 IEEE.","2024","2025-02-25 15:16:08","2025-02-25 15:16:08","","","","","","","IEEE Access","","","","","","","","English","","","Scopus","","","","Publisher: Institute of Electrical and Electronics Engineers Inc.","","/Users/jensreil/Zotero/storage/JGQMNP8C/Raihan et al. - 2024 - Bridging Technology and Psychology AI-Driven Analysis of Student's Class Lecture Activity for Impro.pdf","","Deep learning; Deep Learning; Machine Learning; Machine-learning; Adversarial machine learning; Contrastive Learning; Explainable AI; Time series; Deep reinforcement learning; Federated learning; Decision making; Artificial Intelligence; Time-series analysis; Emotional state; Active learning; Bridging technology; Class lecture activity; Class Lecture Activity; Learning outcome; Motionwatch 8; MotionWatch 8; Student engagement; Student Engagement; Students; Time Series Analysis","","","","","","","","","","","","","","","","","","","","","","","","","","","","","","","","","","","","","","","","","","","","","","",""
"5ZHJ92ZI","journalArticle","2024","Ott, G.; Schaubelt, Y.; Lopez Alcaraz, J.M.; Haverkamp, W.; Strodthoff, N.","Using explainable AI to investigate electrocardiogram changes during healthy aging-From expert features to raw signals","PLoS ONE","","19326203 (ISSN)","10.1371/journal.pone.0302024","https://www.scopus.com/inward/record.uri?eid=2-s2.0-85190336905&doi=10.1371%2fjournal.pone.0302024&partnerID=40&md5=fc7a9a1c1adea1b092d7481aae92589d","Cardiovascular diseases remain the leading global cause of mortality. Age is an important covariate whose effect is most easily investigated in a healthy cohort to properly distinguish the former from disease-related changes. Traditionally, most of such insights have been drawn from the analysis of electrocardiogram (ECG) feature changes in individuals as they age. However, these features, while informative, may potentially obscure underlying data relationships. In this paper we present the following contributions: (1) We employ a deeplearning model and a tree-based model to analyze ECG data from a robust dataset of healthy individuals across varying ages in both raw signals and ECG feature format. (2) We use explainable AI methods to identify the most discriminative ECG features across age groups.(3) Our analysis with tree-based classifiers reveals age-related declines in inferred breathing rates and identifies notably high SDANN values as indicative of elderly individuals, distinguishing them from younger adults. (4) Furthermore, the deep-learning model underscores the pivotal role of the P-wave in age predictions across all age groups, suggesting potential changes in the distribution of different P-wave types with age. These findings shed new light on age-related ECG changes, offering insights that transcend traditional featurebased approaches.  © 2024 Ott et al. This is an open access article distributed under the terms of the Creative Commons Attribution License, which permits unrestricted use, distribution, and reproduction in any medium, provided the original author and source are credited.","2024","2025-02-25 15:16:08","2025-02-25 15:16:08","","","","4 April","19","","PLoS ONE","","","","","","","","English","","","Scopus","","","","Publisher: Public Library of Science","","/Users/jensreil/Zotero/storage/VHNHGMYT/Ott et al. - 2024 - Using explainable AI to investigate electrocardiogram changes during healthy aging-From expert featu.pdf","","deep learning; machine learning; artificial intelligence; human; Humans; time series analysis; human experiment; adult; female; male; Article; normal human; electrocardiogram; electrocardiography; Adult; aged; Aged; dynamics; Electrocardiography; heart rate; cardiovascular risk; mortality; breathing rate; cardiovascular disease; cause of death; Cardiovascular Diseases; groups by age; health status; Health Status; healthy aging; Healthy Aging; Respiratory Rate; steady state","","","","","","","","","","","","","","","","","","","","","","","","","","","","","","","","","","","","","","","","","","","","","","",""
"SJXAD9RS","journalArticle","2024","Lee, J.; Park, S.; Kim, S.; Choi, O.-K.; Chun, C.-J.","LiteFDNet: A Lightweight Network for Current Sensor-Based Bearing Fault Diagnosis","IEEE Access","","21693536 (ISSN)","10.1109/ACCESS.2024.3430512","https://www.scopus.com/inward/record.uri?eid=2-s2.0-85199100324&doi=10.1109%2fACCESS.2024.3430512&partnerID=40&md5=8960015bb6622a5ab664ddaa0f7c893c","Bearings play a crucial role as key components in electric motors widely used in industrial settings. When defects occur in these bearings, they can lead to serious motor failures, causing significant downtime for the entire system. Therefore, prompt detection of bearing defects is essential to minimize system downtime and improve production efficiency. Previous research has mainly focused on using convolutional neural network (CNN)-based and recurrent neural network (RNN)-based models for bearing fault diagnosis. However, these models often involve high computational complexity for learning and rely on high-dimensional data, such as time series data collected from sensors or image data generated from time series data. Employing these models can result in significant delays in the fault diagnosis process, making them less suitable for real-world industrial environments. In this study, we propose an innovative approach to reduce both training and inference time by utilizing time domain features (TDF) obtained through the transformation of time series current data. The TDF provides a low-dimensional data representation that can be used to facilitate model training and inference. Additionally, the proposed model uses linear layers based on residual structure and dense connectivity structure to improve performance and reduce model complexity. To evaluate the effectiveness of our proposed method, we conducted simulations using the Paderborn University bearing dataset for training and inference. In experimental results, we show that the proposed method outperforms conventional methods in model complexity and fault diagnosis accuracy.  © 2013 IEEE.","2024","2025-02-25 15:16:08","2025-02-25 15:16:08","","100493-100505","","","12","","IEEE Access","","","","","","","","English","","","Scopus","","","","Publisher: Institute of Electrical and Electronics Engineers Inc.","","/Users/jensreil/Zotero/storage/RLKZLZAG/Lee et al. - 2024 - LiteFDNet A Lightweight Network for Current Sensor-Based Bearing Fault Diagnosis.pdf","","Explainable AI; Convolutional neural network; Recurrent neural networks; Clustering algorithms; Data mining; Time series analysis; Time-series analysis; Complex networks; explainable AI; Features extraction; Faults diagnosis; Convolution; Complexity theory; Bearing fault diagnosis; Current signal; current signals; electric motors; Failure analysis; Fault detection; lightweight model; Lightweight model; Metadata; Time domain analysis; time domain feature; Time domain features","","","","","","","","","","","","","","","","","","","","","","","","","","","","","","","","","","","","","","","","","","","","","","",""
"NFMHHSIA","journalArticle","2024","El Marhraoui, Y.; Bounhar, O.; Boukallel, M.; Anastassova, M.; Bouilland, S.; Ammi, M.","Dual-Stage Attention-Based model for rehabilitation activity recognition using data from wearable sensors","IEEE Internet of Things Journal","","23274662 (ISSN)","10.1109/JIOT.2024.3519225","https://www.scopus.com/inward/record.uri?eid=2-s2.0-85212782552&doi=10.1109%2fJIOT.2024.3519225&partnerID=40&md5=e99b8b63d3b02fb59bbaaa8abc401355","This study addresses the critical need for effective rehabilitation monitoring for individuals with gait issues through the integration of interpretable artificial intelligence (AI) models. The study meticulously details the methodology, emphasizing the systematic data collection process, participant categorization based on gait severity, and the deployment of a novel physical activity monitoring device. Through the lens of the Berg Balance Test, the analysis scrutinizes functional mobility and balance across seven rehabilitation activities. Data augmentation techniques and data pre-processing methods are employed, and the proposed hybrid model combines both time and frequency-domain data using a multibranch CNN-BiLSTM architecture embedded with a dual-stage attention mechanism. The study compares our approach with machine learning and deep learning models, showcasing the superior performance of the proposed interpretable architecture. Interpretability is highlighted through attention mechanisms, revealing the model's prioritization of FFT-transformed data and its ability to identify influential branches. Our model provides transparent insights to healthcare professionals for personalized rehabilitation strategies. These results show high potential in developing real-time applications, including the integration of additional sensor modalities, interdisciplinary collaborations, and the expansion of demographic inclusivity for more robust and applicable rehabilitation monitoring solutions.  © 2014 IEEE.","2024","2025-02-25 15:16:08","2025-02-25 15:16:08","","","","","","","IEEE Internet Things J.","","","","","","","","English","","","Scopus","","","","Publisher: Institute of Electrical and Electronics Engineers Inc.","","/Users/jensreil/Zotero/storage/WPCNBTHT/El Marhraoui et al. - 2024 - Dual-Stage Attention-Based model for rehabilitation activity recognition using data from wearable se.pdf","","Decisions makings; Attention mechanisms; Time series classifications; Time-series classification; Wearable; Wearable sensors; Wearables; Data assimilation; Interpretable AI; Activity recognition; Decision-making assistance; Dual stage; Interpretable artificial intelligence; Rehabilitation activities; Rehabilitation monitoring; Rehabilitation Monitoring","","","","","","","","","","","","","","","","","","","","","","","","","","","","","","","","","","","","","","","","","","","","","","",""
"K4XWAP5G","journalArticle","2024","Mekonnen, E.T.; Longo, L.; Dondio, P.","A global model-agnostic rule-based XAI method based on Parameterized Event Primitives for time series classifiers","Frontiers in Artificial Intelligence","","26248212 (ISSN)","10.3389/frai.2024.1381921","https://www.scopus.com/inward/record.uri?eid=2-s2.0-85205955195&doi=10.3389%2ffrai.2024.1381921&partnerID=40&md5=0ea5489b47d874226aa192c6de5ead44","Time series classification is a challenging research area where machine learning and deep learning techniques have shown remarkable performance. However, often, these are seen as black boxes due to their minimal interpretability. On the one hand, there is a plethora of eXplainable AI (XAI) methods designed to elucidate the functioning of models trained on image and tabular data. On the other hand, adapting these methods to explain deep learning-based time series classifiers may not be straightforward due to the temporal nature of time series data. This research proposes a novel global post-hoc explainable method for unearthing the key time steps behind the inferences made by deep learning-based time series classifiers. This novel approach generates a decision tree graph, a specific set of rules, that can be seen as explanations, potentially enhancing interpretability. The methodology involves two major phases: (1) training and evaluating deep-learning-based time series classification models, and (2) extracting parameterized primitive events, such as increasing, decreasing, local max and local min, from each instance of the evaluation set and clustering such events to extract prototypical ones. These prototypical primitive events are then used as input to a decision-tree classifier trained to fit the model predictions of the test set rather than the ground truth data. Experiments were conducted on diverse real-world datasets sourced from the UCR archive, employing metrics such as accuracy, fidelity, robustness, number of nodes, and depth of the extracted rules. The findings indicate that this global post-hoc method can improve the global interpretability of complex time series classification models. Copyright © 2024 Mekonnen, Longo and Dondio.","2024","2025-02-25 15:16:08","2025-02-25 15:16:08","","","","","7","","Frontier. Artif. Intell.","","","","","","","","English","","","Scopus","","","","Publisher: Frontiers Media SA","","/Users/jensreil/Zotero/storage/LL27NUKT/Mekonnen et al. - 2024 - A global model-agnostic rule-based XAI method based on Parameterized Event Primitives for time serie.pdf","","Explainable Artificial Intelligence; deep learning; decision tree; model agnostic; post-hoc; time series classification","","","","","","","","","","","","","","","","","","","","","","","","","","","","","","","","","","","","","","","","","","","","","","",""
"H5T5YG2V","journalArticle","2024","Saifullah, S.; Mercier, D.; Lucieri, A.; Dengel, A.; Ahmed, S.","The privacy-explainability trade-off: unraveling the impacts of differential privacy and federated learning on attribution methods","Frontiers in Artificial Intelligence","","26248212 (ISSN)","10.3389/frai.2024.1236947","https://www.scopus.com/inward/record.uri?eid=2-s2.0-85198749038&doi=10.3389%2ffrai.2024.1236947&partnerID=40&md5=f1949fceeaf4522230cd909408ea5a13","Since the advent of deep learning (DL), the field has witnessed a continuous stream of innovations. However, the translation of these advancements into practical applications has not kept pace, particularly in safety-critical domains where artificial intelligence (AI) must meet stringent regulatory and ethical standards. This is underscored by the ongoing research in eXplainable AI (XAI) and privacy-preserving machine learning (PPML), which seek to address some limitations associated with these opaque and data-intensive models. Despite brisk research activity in both fields, little attention has been paid to their interaction. This work is the first to thoroughly investigate the effects of privacy-preserving techniques on explanations generated by common XAI methods for DL models. A detailed experimental analysis is conducted to quantify the impact of private training on the explanations provided by DL models, applied to six image datasets and five time series datasets across various domains. The analysis comprises three privacy techniques, nine XAI methods, and seven model architectures. The findings suggest non-negligible changes in explanations through the implementation of privacy measures. Apart from reporting individual effects of PPML on XAI, the paper gives clear recommendations for the choice of techniques in real applications. By unveiling the interdependencies of these pivotal technologies, this research marks an initial step toward resolving the challenges that hinder the deployment of AI in safety-critical settings. Copyright © 2024 Saifullah, Mercier, Lucieri, Dengel and Ahmed.","2024","2025-02-25 15:16:08","2025-02-25 15:16:08","","","","","7","","Frontier. Artif. Intell.","","","","","","","","English","","","Scopus","","","","Publisher: Frontiers Media SA","","/Users/jensreil/Zotero/storage/P8R8RFWG/Saifullah et al. - 2024 - The privacy-explainability trade-off unraveling the impacts of differential privacy and federated l.pdf","","deep learning; explainability; federated learning; attribution; differential privacy; privacy","","","","","","","","","","","","","","","","","","","","","","","","","","","","","","","","","","","","","","","","","","","","","","",""
"573HRLZI","journalArticle","2024","Lightbody, D.; Ngo, D.-M.; Temko, A.; Murphy, C.C.; Popovici, E.","Dragon_Pi: IoT Side-Channel Power Data Intrusion Detection Dataset and Unsupervised Convolutional Autoencoder for Intrusion Detection","Future Internet","","19995903 (ISSN)","10.3390/fi16030088","https://www.scopus.com/inward/record.uri?eid=2-s2.0-85188690890&doi=10.3390%2ffi16030088&partnerID=40&md5=04a94ff56d191dcf2e1c7e1f70da0a6a","The growth of the Internet of Things (IoT) has led to a significant rise in cyber attacks and an expanded attack surface for the average consumer. In order to protect consumers and infrastructure, research into detecting malicious IoT activity must be of the highest priority. Security research in this area has two key issues: the lack of datasets for training artificial intelligence (AI)-based intrusion detection models and the fact that most existing datasets concentrate only on one type of network traffic. Thus, this study introduces Dragon_Pi, an intrusion detection dataset designed for IoT devices based on side-channel power consumption data. Dragon_Pi comprises a collection of normal and under-attack power consumption traces from separate testbeds featuring a DragonBoard 410c and a Raspberry Pi. Dragon_Slice is trained on this dataset; it is an unsupervised convolutional autoencoder (CAE) trained exclusively on held-out normal slices from Dragon_Pi for anomaly detection. The Dragon_Slice network has two iterations in this study. The original achieves 0.78 AUC without post-processing and 0.876 AUC with post-processing. A second iteration of Dragon_Slice, utilising dropout to further impede the CAE’s ability to reconstruct anomalies, outperforms the original network with a raw AUC of 0.764 and a post-processed AUC of 0.89. © 2024 by the authors.","2024","2025-02-25 15:16:08","2025-02-25 15:16:08","","","","3","16","","Future Internet","","","","","","","","English","","","Scopus","","","","Publisher: Multidisciplinary Digital Publishing Institute (MDPI)","","/Users/jensreil/Zotero/storage/KQADLEB5/Lightbody et al. - 2024 - Dragon_Pi IoT Side-Channel Power Data Intrusion Detection Dataset and Unsupervised Convolutional Au.pdf","","Deep learning; Learning systems; Internet of things; Times series; Unsupervised learning; Anomaly detection; Power; Explainable artificial intelligence; Crime; Network security; explainable AI; Cyber attacks; Intrusion detection; Cyber-attacks; Convolution; Computer crime; unsupervised learning; Auto encoders; convolutional autoencoder; Convolutional autoencoder; Cybe attack on internet of thing; cyber attacks on IoT; Electric power utilization; Internet of thing hardware security; Internet of thing intrusion detection; Internet of thing time series power dataset; Intrusion-Detection; IoT hardware security; IoT intrusion detection; IoT time series power dataset; Side channel attack","","","","","","","","","","","","","","","","","","","","","","","","","","","","","","","","","","","","","","","","","","","","","","",""
"S7HEK78G","journalArticle","2024","Kim, J.; Moon, N.","Research on Transformation and Interpretability in Credit Classification","Journal of Information Processing Systems","","1976913X (ISSN)","10.3745/JIPS.01.0110","https://www.scopus.com/inward/record.uri?eid=2-s2.0-85215401311&doi=10.3745%2fJIPS.01.0110&partnerID=40&md5=3f13eb093cfa5b4c343c50e287c22f6d","The modern financial industry demands rapid decision-making based on diverse information from dynamic environments. Predicting outcomes from such data is complex due to rapid shifts influenced by numerous factors. Despite advancements in artificial intelligence technology that offer sophisticated analytical models, accurately predicting outcomes and providing sufficient justification for these predictions remain challenging, particularly with fragmented model constructions. In this paper, we propose a novel approach for efficient processing of available public personal credit data, deriving new analysis elements, and comparing prediction interpretations. Specifically, we develop 11 prediction models that can be categorized into two types: data image transformation and time-series transformation. The models undergo standardization, preprocessing, and cross-validation for optimization, with their predictive performances compared and validated. Models leveraging convolutional neural network (CNN) and convolutional neural network-long short-term memory (CNN-LSTM) architectures demonstrate strong performance across both categories. To fully interpret the classification process, SHAP is applied to compare and explain the prediction results for each model type. © 2024 KIPS","2024","2025-02-25 15:16:08","2025-02-25 15:16:08","","812-826","","6","20","","J. Inf. Process. Syst.","","","","","","","","English","","","Scopus","","","","Publisher: Korea Information Processing Society","","/Users/jensreil/Zotero/storage/4UIQP53N/Kim and Moon - 2024 - Research on Transformation and Interpretability in Credit Classification.pdf","","Deep learning; Deep Learning; Interpretability; Explainable AI; Convolutional neural networks; Prediction models; Convolutional neural network; Big Data Processing and Analysis; Big data processing and analyze; Credit risk prediction; Credit Risk Prediction; Credit risks; Data processing and analysis; eXplainable AI; Predicting outcomes; Risk predictions","","","","","","","","","","","","","","","","","","","","","","","","","","","","","","","","","","","","","","","","","","","","","","",""
"WEVQFEU5","journalArticle","2024","Joubaud, D.; Kubler, S.; Lourenco, R.; Cordy, M.; Le Traon, Y.","Decision Support Model for Time Series Data Augmentation Method Selection","IEEE Access","","21693536 (ISSN)","10.1109/ACCESS.2024.3516369","https://www.scopus.com/inward/record.uri?eid=2-s2.0-85212328002&doi=10.1109%2fACCESS.2024.3516369&partnerID=40&md5=aee13cee4a418ae5a72a8098db19c3aa","Data augmentation (DA) plays a crucial role in machine learning by improving model generalization and tackling data scarcity issues, particularly prevalent in domains with limited access to sensitive information or rare events. Despite the availability of various DA techniques for handling imbalanced time-series classification (ITSC) problems, there is a lack of comprehensive guidelines for selecting the most appropriate technique based on input data features and the chosen classifier. This paper empirically demonstrates the limitations of conventional data balancing practices through experiments conducted on 720 ITSC datasets, using 7 classifier architectures and 6 DA techniques (TimeGAN, SMOTE, ADASYN, Random Oversampling, Jittering, Time Warping). Our study not only explores the relationship between DA techniques and the inherent characteristics of ITSC datasets and classifiers but also introduces a novel ML-based decision support system, BALANCER (imBALanced AugmeNtation reCommendER), which has been trained based on empirical data to offer an automated approach for ML practitioners to select the most appropriate DA method for their own/specific application. BALANCER's recommendation model comes with a prediction of the performance enhancement that is expected from data balancing using the recommended method. Evaluation of BALANCER against traditional mean rank recommendations reveals significant improvements, with BALANCER achieving an average Kendall's tau of 0.36 (compared to -0.01 for traditional mean rank recommendations) and a root mean square error of 1.5 × 10-2 on individual predictions. The reasons behind the notable disparity in results between the mean rank recommendation strategy and BALANCER are analyzed using eXplainable AI (XAI), demonstrating that BALANCER can uncover deeper and more complex feature interactions compared to a mean rank recommendation-like strategy.  © 2013 IEEE.","2024","2025-02-25 15:16:08","2025-02-25 15:16:08","","196553-196566","","","12","","IEEE Access","","","","","","","","English","","","Scopus","","","","Publisher: Institute of Electrical and Electronics Engineers Inc.","","/Users/jensreil/Zotero/storage/FD2QSSZR/Joubaud et al. - 2024 - Decision Support Model for Time Series Data Augmentation Method Selection.pdf","","Machine-learning; Adversarial machine learning; Time series; machine learning; artificial intelligence; Data augmentation; Over sampling; Time series classifications; Synthetic data; Augmentation methods; Augmentation techniques; Classification datasets; data augmentation; Data consistency; Imbalanced time-series classification; Mean-ranks; oversampling; synthetic data","","","","","","","","","","","","","","","","","","","","","","","","","","","","","","","","","","","","","","","","","","","","","","",""
"9GVV9GEK","journalArticle","2024","Sokolovska, Z.; Ivchenko, I.; Ivchenko, O.","DESIGN OF AN INTELLIGENT DATA ANALYSIS PLATFORM FOR PHARMACEUTICAL FORECASTS","Eastern-European Journal of Enterprise Technologies","","17293774 (ISSN)","10.15587/1729-4061.2024.313490","https://www.scopus.com/inward/record.uri?eid=2-s2.0-85209235769&doi=10.15587%2f1729-4061.2024.313490&partnerID=40&md5=62b529d0016ce0734c92e59115d4d9c1","This study considers the task to design a data analysis platform with predictive capabilities of neural networks. The object of research is intelligent decision-making systems built on deep learning methods. The proposed intelligent platform takes into account the specificity of working with data in the dynamic and uncertain environment of the pharmaceutical market. Its main purpose is the processing of various data formats, such as time series, regression, classification data sets to create forecasts based on various indicators. At the core of the platform architecture, along with technologies for backend and frontend development (HTML, JS, CSS, C#,.NET), MSSQL Server and TSQL for database management, are AI Microservices (Python, Flask); they are responsible for artificial intelligence services, in particular neural networks. In order to identify the optimal model, which is able to effectively solve regression problems based on the selected indicators, the study analyzed several configurations of neural networks on End-to-end machine learning platforms. Distinctive features of the architecture of the designed data analysis platform include its ability to dynamically switch between different machine learning models based on predefined indicators and criteria such as prediction accuracy and model selection. Improved interpretation of forecasts through the use of Explainable AI enables effective decision-making in the pharmaceutical industry. The functioning of the proposed instrumental decision-making base is demonstrated on the examples of forecasting trends in the consumption of pharmaceuticals by different groups in the pharmaceutical markets of different countries. Automating the model selection and prediction loss minimization process in a comprehensive data analysis platform (CDAP) improves forecast accuracy by approximately 15 % compared to traditional manually selected models Copyright © 2024, Authors. This is an open access article under the Creative Commons CC BY license","2024","2025-02-25 15:16:08","2025-02-25 15:16:08","","14-27","","9(131)","5","","East. Eur. J. Enterp. Technol.","","","","","","","","English","","","Scopus","","","","Publisher: Technology Center","","/Users/jensreil/Zotero/storage/EYH2CR8A/Sokolovska et al. - 2024 - DESIGN OF AN INTELLIGENT DATA ANALYSIS PLATFORM FOR PHARMACEUTICAL FORECASTS.pdf","","deep learning; data analysis; artificial neural networks; pharmaceutical market; predictive tasks","","","","","","","","","","","","","","","","","","","","","","","","","","","","","","","","","","","","","","","","","","","","","","",""
"YFER38N9","journalArticle","2024","Mirishli, Shahmar","Regulating Ai In Financial Services: Legal Frameworks And Compliance Challenges","ANCIENT LAND","","27066185, 27094197","10.36719/2706-6185/38/40-55","http://arxiv.org/abs/2503.14541","This article examines the evolving landscape of artificial intelligence (AI) regulation in financial services, detailing the legal frameworks and compliance challenges posed by rapid technological adoption. By reviewing current legislation, industry guidelines, and real-world use cases, it highlights how AI-driven processes, from fraud detection to algorithmic trading, offer efficiency gains yet introduce significant risks, including algorithmic bias, data privacy breaches, and lack of transparency in automated decision-making. The study compares regulatory approaches across major jurisdictions such as the European Union, United States, and United Kingdom, identifying both universal concerns, like the need for explainability and robust data protection, and region-specific compliance requirements that impact the implementation of high-risk AI applications. Additionally, it underscores emerging areas of focus, such as liability for AI-driven errors, systemic risks posed by interlinked AI systems, and the ethical considerations of technology-driven financial exclusion. The findings reveal gaps in existing rules and emphasize the necessity for adaptive, technology-neutral policies capable of fostering innovation while safeguarding consumer rights and market integrity. The article concludes by proposing a principled regulatory model that balances flexibility with enforceable standards, advocating closer collaboration between policymakers, financial institutions, and AI developers to ensure a secure, fair, and forward-looking framework for AI in finance.","2024-08-30","2025-03-27 13:25:44","2025-03-27 13:25:52","2025-03-27 13:25:44","40-55","","8","6","","ANCIENT LAND","Regulating Ai In Financial Services","","","","","","","","","","","","arXiv.org","","arXiv:2503.14541 [cs]","","/Users/jensreil/Zotero/storage/SLP29EHI/Mirishli - 2024 - Regulating Ai In Financial Services Legal Frameworks And Compliance Challenges.pdf; /Users/jensreil/Zotero/storage/2MN4L4TE/2503.html","","","Computer Science - Computers and Society; Quantitative Finance - General Finance","","","","","","","","","","","","","","","","","","","","","","","","","","","","","","","","","","","","","","","","","","","","","",""
"2359STV6","preprint","2025","Chen, Yisong; Zhao, Chuqing; Xu, Yixin; Nie, Chuanhao","Year-over-Year Developments in Financial Fraud Detection via Deep Learning: A Systematic Literature Review","","","","10.48550/arXiv.2502.00201","http://arxiv.org/abs/2502.00201","This paper systematically reviews advancements in deep learning (DL) techniques for financial fraud detection, a critical issue in the financial sector. Using the Kitchenham systematic literature review approach, 57 studies published between 2019 and 2024 were analyzed. The review highlights the effectiveness of various deep learning models such as Convolutional Neural Networks, Long Short-Term Memory, and transformers across domains such as credit card transactions, insurance claims, and financial statement audits. Performance metrics such as precision, recall, F1-score, and AUC-ROC were evaluated. Key themes explored include the impact of data privacy frameworks and advancements in feature engineering and data preprocessing. The study emphasizes challenges such as imbalanced datasets, model interpretability, and ethical considerations, alongside opportunities for automation and privacy-preserving techniques such as blockchain integration and Principal Component Analysis. By examining trends over the past five years, this review identifies critical gaps and promising directions for advancing DL applications in financial fraud detection, offering actionable insights for researchers and practitioners.","2025-01-31","2025-03-27 13:27:07","2025-03-27 13:27:07","2025-03-27 13:27:07","","","","","","","Year-over-Year Developments in Financial Fraud Detection via Deep Learning","","","","","arXiv","","","","","","","arXiv.org","","arXiv:2502.00201 [cs] version: 1","","/Users/jensreil/Zotero/storage/JXGBMR9S/Chen et al. - 2025 - Year-over-Year Developments in Financial Fraud Detection via Deep Learning A Systematic Literature.pdf; /Users/jensreil/Zotero/storage/3FAXB6P3/2502.html","","","Computer Science - Machine Learning; Computer Science - Artificial Intelligence; Quantitative Finance - Statistical Finance","","","","","","","","","","","","","","","","","","","arXiv:2502.00201","","","","","","","","","","","","","","","","","","","","","","","","","","",""
"UBDMNXL6","preprint","2025","Sivakumar, Guhan","HMM-LSTM Fusion Model for Economic Forecasting","","","","10.48550/arXiv.2501.02002","http://arxiv.org/abs/2501.02002","This paper explores the application of Hidden Markov Models (HMM) and Long Short-Term Memory (LSTM) neural networks for economic forecasting, focusing on predicting CPI inflation rates. The study explores a new approach that integrates HMM-derived hidden states and means as additional features for LSTM modeling, aiming to enhance the interpretability and predictive performance of the models. The research begins with data collection and preprocessing, followed by the implementation of the HMM to identify hidden states representing distinct economic conditions. Subsequently, LSTM models are trained using the original and augmented data sets, allowing for comparative analysis and evaluation. The results demonstrate that incorporating HMM-derived data improves the predictive accuracy of LSTM models, particularly in capturing complex temporal patterns and mitigating the impact of volatile economic conditions. Additionally, the paper discusses the implementation of Integrated Gradients for model interpretability and provides insights into the economic dynamics reflected in the forecasting outcomes.","2025-01-01","2025-03-27 13:27:16","2025-03-27 13:27:16","2025-03-27 13:27:16","","","","","","","","","","","","arXiv","","","","","","","arXiv.org","","arXiv:2501.02002 [cs] version: 1","","/Users/jensreil/Zotero/storage/Q2FE3QT2/Sivakumar - 2025 - HMM-LSTM Fusion Model for Economic Forecasting.pdf; /Users/jensreil/Zotero/storage/VTW347P7/2501.html","","","Computer Science - Machine Learning; Economics - Econometrics; Statistics - Methodology","","","","","","","","","","","","","","","","","","","arXiv:2501.02002","","","","","","","","","","","","","","","","","","","","","","","","","","",""
"43KK6X7Q","preprint","2024","Kadam, Prashank","GPT-Guided Monte Carlo Tree Search for Symbolic Regression in Financial Fraud Detection","","","","10.48550/arXiv.2411.04459","http://arxiv.org/abs/2411.04459","With the increasing number of financial services available online, the rate of financial fraud has also been increasing. The traffic and transaction rates on the internet have increased considerably, leading to a need for fast decision-making. Financial institutions also have stringent regulations that often require transparency and explainability of the decision-making process. However, most state-of-the-art algorithms currently used in the industry are highly parameterized black-box models that rely on complex computations to generate a score. These algorithms are inherently slow and lack the explainability and speed of traditional rule-based learners. This work introduces SR-MCTS (Symbolic Regression MCTS), which utilizes a foundational GPT model to guide the MCTS, significantly enhancing its convergence speed and the quality of the generated expressions which are further extracted to rules. Our experiments show that SR-MCTS can detect fraud more efficiently than widely used methods in the industry while providing substantial insights into the decision-making process.","2024-11-07","2025-03-27 13:27:18","2025-03-27 13:27:18","2025-03-27 13:27:18","","","","","","","","","","","","arXiv","","","","","","","arXiv.org","","arXiv:2411.04459 [cs] version: 1","","/Users/jensreil/Zotero/storage/WAXSNQRN/Kadam - 2024 - GPT-Guided Monte Carlo Tree Search for Symbolic Regression in Financial Fraud Detection.pdf; /Users/jensreil/Zotero/storage/SGIWNKKM/2411.html","","","Computer Science - Machine Learning; Computer Science - Computational Engineering, Finance, and Science","","","","","","","","","","","","","","","","","","","arXiv:2411.04459","","","","","","","","","","","","","","","","","","","","","","","","","","",""
"ZJC773TR","preprint","2024","Kadam, Prashank","Enhancing Financial Fraud Detection with Human-in-the-Loop Feedback and Feedback Propagation","","","","10.48550/arXiv.2411.05859","http://arxiv.org/abs/2411.05859","Human-in-the-loop (HITL) feedback mechanisms can significantly enhance machine learning models, particularly in financial fraud detection, where fraud patterns change rapidly, and fraudulent nodes are sparse. Even small amounts of feedback from Subject Matter Experts (SMEs) can notably boost model performance. This paper examines the impact of HITL feedback on both traditional and advanced techniques using proprietary and publicly available datasets. Our results show that HITL feedback improves model accuracy, with graph-based techniques benefiting the most. We also introduce a novel feedback propagation method that extends feedback across the dataset, further enhancing detection accuracy. By leveraging human expertise, this approach addresses challenges related to evolving fraud patterns, data sparsity, and model interpretability, ultimately improving model robustness and streamlining the annotation process.","2024-11-07","2025-03-27 13:27:20","2025-03-27 13:27:20","2025-03-27 13:27:20","","","","","","","","","","","","arXiv","","","","","","","arXiv.org","","arXiv:2411.05859 [cs] version: 1","","/Users/jensreil/Zotero/storage/6ZYJ32YL/Kadam - 2024 - Enhancing Financial Fraud Detection with Human-in-the-Loop Feedback and Feedback Propagation.pdf; /Users/jensreil/Zotero/storage/YGXCIB7C/2411.html","","","Computer Science - Machine Learning; Computer Science - Artificial Intelligence; Computer Science - Computational Engineering, Finance, and Science","","","","","","","","","","","","","","","","","","","arXiv:2411.05859","","","","","","","","","","","","","","","","","","","","","","","","","","",""
"75AL966E","conferencePaper","2024","Fatemi, Sorouralsadat; Hu, Yuheng","FinVision: A Multi-Agent Framework for Stock Market Prediction","Proceedings of the 5th ACM International Conference on AI in Finance","","","10.1145/3677052.3698688","http://arxiv.org/abs/2411.08899","Financial trading has been a challenging task, as it requires the integration of vast amounts of data from various modalities. Traditional deep learning and reinforcement learning methods require large training data and often involve encoding various data types into numerical formats for model input, which limits the explainability of model behavior. Recently, LLM-based agents have demonstrated remarkable advancements in handling multi-modal data, enabling them to execute complex, multi-step decision-making tasks while providing insights into their thought processes. This research introduces a multi-modal multi-agent system designed specifically for financial trading tasks. Our framework employs a team of specialized LLM-based agents, each adept at processing and interpreting various forms of financial data, such as textual news reports, candlestick charts, and trading signal charts. A key feature of our approach is the integration of a reflection module, which conducts analyses of historical trading signals and their outcomes. This reflective process is instrumental in enhancing the decision-making capabilities of the system for future trading scenarios. Furthermore, the ablation studies indicate that the visual reflection module plays a crucial role in enhancing the decision-making capabilities of our framework.","2024-11-14","2025-03-27 13:27:23","2025-03-27 13:27:23","2025-03-27 13:27:23","582-590","","","","","","FinVision","","","","","","","","","","","","arXiv.org","","arXiv:2411.08899 [q-fin]","","/Users/jensreil/Zotero/storage/YTXQ9CQ7/Fatemi and Hu - 2024 - FinVision A Multi-Agent Framework for Stock Market Prediction.pdf; /Users/jensreil/Zotero/storage/URWWVN5A/2411.html","","","Computer Science - Artificial Intelligence; Quantitative Finance - Trading and Market Microstructure","","","","","","","","","","","","","","","","","","","","","","","","","","","","","","","","","","","","","","","","","","","","","",""
"XII5J696","preprint","2024","Wang, Yining; Zhao, Jinman; Lawryshyn, Yuri","GPT-Signal: Generative AI for Semi-automated Feature Engineering in the Alpha Research Process","","","","10.48550/arXiv.2410.18448","http://arxiv.org/abs/2410.18448","In the trading process, financial signals often imply the time to buy and sell assets to generate excess returns compared to a benchmark (e.g., an index). Alpha is the portion of an asset's return that is not explained by exposure to this benchmark, and the alpha research process is a popular technique aiming at developing strategies to generate alphas and gain excess returns. Feature Engineering, a significant pre-processing procedure in machine learning and data analysis that helps extract and create transformed features from raw data, plays an important role in algorithmic trading strategies and the alpha research process. With the recent development of Generative Artificial Intelligence(Gen AI) and Large Language Models (LLMs), we present a novel way of leveraging GPT-4 to generate new return-predictive formulaic alphas, making alpha mining a semi-automated process, and saving time and energy for investors and traders.","2024-10-24","2025-03-27 13:27:25","2025-03-27 13:27:25","2025-03-27 13:27:25","","","","","","","GPT-Signal","","","","","arXiv","","","","","","","arXiv.org","","arXiv:2410.18448 [cs] version: 1","","/Users/jensreil/Zotero/storage/WMZ36SFJ/Wang et al. - 2024 - GPT-Signal Generative AI for Semi-automated Feature Engineering in the Alpha Research Process.pdf; /Users/jensreil/Zotero/storage/754Z4SUH/2410.html","","","Computer Science - Computational Engineering, Finance, and Science","","","","","","","","","","","","","","","","","","","arXiv:2410.18448","","","","","","","","","","","","","","","","","","","","","","","","","","",""
"8M6IQWE9","preprint","2024","Chatzimparmpas, Angelos; Dimara, Evanthia","Aiding Humans in Financial Fraud Decision Making: Toward an XAI-Visualization Framework","","","","10.48550/arXiv.2408.14552","http://arxiv.org/abs/2408.14552","AI prevails in financial fraud detection and decision making. Yet, due to concerns about biased automated decision making or profiling, regulations mandate that final decisions are made by humans. Financial fraud investigators face the challenge of manually synthesizing vast amounts of unstructured information, including AI alerts, transaction histories, social media insights, and governmental laws. Current Visual Analytics (VA) systems primarily support isolated aspects of this process, such as explaining binary AI alerts and visualizing transaction patterns, thus adding yet another layer of information to the overall complexity. In this work, we propose a framework where the VA system supports decision makers throughout all stages of financial fraud investigation, including data collection, information synthesis, and human criteria iteration. We illustrate how VA can claim a central role in AI-aided decision making, ensuring that human judgment remains in control while minimizing potential biases and labor-intensive tasks.","2024-08-26","2025-03-27 13:27:28","2025-03-27 13:27:28","2025-03-27 13:27:28","","","","","","","Aiding Humans in Financial Fraud Decision Making","","","","","arXiv","","","","","","","arXiv.org","","arXiv:2408.14552 [cs] version: 1","","/Users/jensreil/Zotero/storage/VIHD7W47/Chatzimparmpas and Dimara - 2024 - Aiding Humans in Financial Fraud Decision Making Toward an XAI-Visualization Framework.pdf; /Users/jensreil/Zotero/storage/AWTLG732/2408.html","","","Computer Science - Machine Learning; Computer Science - Computers and Society; Computer Science - Human-Computer Interaction","","","","","","","","","","","","","","","","","","","arXiv:2408.14552","","","","","","","","","","","","","","","","","","","","","","","","","","",""
"CIUSSETC","preprint","2024","Gopal, Achintya","NeuralFactors: A Novel Factor Learning Approach to Generative Modeling of Equities","","","","10.48550/arXiv.2408.01499","http://arxiv.org/abs/2408.01499","The use of machine learning for statistical modeling (and thus, generative modeling) has grown in popularity with the proliferation of time series models, text-to-image models, and especially large language models. Fundamentally, the goal of classical factor modeling is statistical modeling of stock returns, and in this work, we explore using deep generative modeling to enhance classical factor models. Prior work has explored the use of deep generative models in order to model hundreds of stocks, leading to accurate risk forecasting and alpha portfolio construction; however, that specific model does not allow for easy factor modeling interpretation in that the factor exposures cannot be deduced. In this work, we introduce NeuralFactors, a novel machine-learning based approach to factor analysis where a neural network outputs factor exposures and factor returns, trained using the same methodology as variational autoencoders. We show that this model outperforms prior approaches both in terms of log-likelihood performance and computational efficiency. Further, we show that this method is competitive to prior work in generating realistic synthetic data, covariance estimation, risk analysis (e.g., value at risk, or VaR, of portfolios), and portfolio optimization. Finally, due to the connection to classical factor analysis, we analyze how the factors our model learns cluster together and show that the factor exposures could be used for embedding stocks.","2024-08-02","2025-03-27 13:27:53","2025-03-27 13:27:53","2025-03-27 13:27:53","","","","","","","NeuralFactors","","","","","arXiv","","","","","","","arXiv.org","","arXiv:2408.01499 [q-fin] version: 1","","/Users/jensreil/Zotero/storage/ZJCNCNZG/Gopal - 2024 - NeuralFactors A Novel Factor Learning Approach to Generative Modeling of Equities.pdf; /Users/jensreil/Zotero/storage/4SEVYX34/2408.html","","","Computer Science - Machine Learning; Quantitative Finance - Statistical Finance","","","","","","","","","","","","","","","","","","","arXiv:2408.01499","","","","","","","","","","","","","","","","","","","","","","","","","","",""
"RS5BTIH9","preprint","2024","Arsenault, Pierre-Daniel; Wang, Shengrui; Patenande, Jean-Marc","A Survey of Explainable Artificial Intelligence (XAI) in Financial Time Series Forecasting","","","","10.48550/arXiv.2407.15909","http://arxiv.org/abs/2407.15909","Artificial Intelligence (AI) models have reached a very significant level of accuracy. While their superior performance offers considerable benefits, their inherent complexity often decreases human trust, which slows their application in high-risk decision-making domains, such as finance. The field of eXplainable AI (XAI) seeks to bridge this gap, aiming to make AI models more understandable. This survey, focusing on published work from the past five years, categorizes XAI approaches that predict financial time series. In this paper, explainability and interpretability are distinguished, emphasizing the need to treat these concepts separately as they are not applied the same way in practice. Through clear definitions, a rigorous taxonomy of XAI approaches, a complementary characterization, and examples of XAI's application in the finance industry, this paper provides a comprehensive view of XAI's current role in finance. It can also serve as a guide for selecting the most appropriate XAI approach for future applications.","2024-07-22","2025-03-27 13:28:34","2025-03-27 13:28:34","2025-03-27 13:28:34","","","","","","","","","","","","arXiv","","","","","","","arXiv.org","","arXiv:2407.15909 [cs] version: 1","","/Users/jensreil/Zotero/storage/MHDSABUY/Arsenault et al. - 2024 - A Survey of Explainable Artificial Intelligence (XAI) in Financial Time Series Forecasting.pdf; /Users/jensreil/Zotero/storage/ZQYKNJ2U/2407.html","","","Computer Science - Artificial Intelligence; Computer Science - Machine Learning","","","","","","","","","","","","","","","","","","","arXiv:2407.15909","","","","","","","","","","","","","","","","","","","","","","","","","","",""
"ZJHSRDBG","preprint","2024","Wang, Meiyun; Izumi, Kiyoshi; Sakaji, Hiroki","LLMFactor: Extracting Profitable Factors through Prompts for Explainable Stock Movement Prediction","","","","10.48550/arXiv.2406.10811","http://arxiv.org/abs/2406.10811","Recently, Large Language Models (LLMs) have attracted significant attention for their exceptional performance across a broad range of tasks, particularly in text analysis. However, the finance sector presents a distinct challenge due to its dependence on time-series data for complex forecasting tasks. In this study, we introduce a novel framework called LLMFactor, which employs Sequential Knowledge-Guided Prompting (SKGP) to identify factors that influence stock movements using LLMs. Unlike previous methods that relied on keyphrases or sentiment analysis, this approach focuses on extracting factors more directly related to stock market dynamics, providing clear explanations for complex temporal changes. Our framework directs the LLMs to create background knowledge through a fill-in-the-blank strategy and then discerns potential factors affecting stock prices from related news. Guided by background knowledge and identified factors, we leverage historical stock prices in textual format to predict stock movement. An extensive evaluation of the LLMFactor framework across four benchmark datasets from both the U.S. and Chinese stock markets demonstrates its superiority over existing state-of-the-art methods and its effectiveness in financial time-series forecasting.","2024-06-16","2025-03-27 13:28:36","2025-03-27 13:28:36","2025-03-27 13:28:36","","","","","","","LLMFactor","","","","","arXiv","","","","","","","arXiv.org","","arXiv:2406.10811 [cs] version: 1","","/Users/jensreil/Zotero/storage/VD6U477G/Wang et al. - 2024 - LLMFactor Extracting Profitable Factors through Prompts for Explainable Stock Movement Prediction.pdf; /Users/jensreil/Zotero/storage/3KN7GBIW/2406.html","","","Computer Science - Artificial Intelligence; Computer Science - Computational Engineering, Finance, and Science; Computer Science - Computation and Language","","","","","","","","","","","","","","","","","","","arXiv:2406.10811","","","","","","","","","","","","","","","","","","","","","","","","","","",""
"M4SI7PLQ","preprint","2024","Lam, Harrison; Chen, Yuanjie; Kanazawa, Noboru; Chowdhury, Mohammad; Battista, Anna; Waldert, Stephan","Event prediction and causality inference despite incomplete information","","","","10.48550/arXiv.2406.05893","http://arxiv.org/abs/2406.05893","We explored the challenge of predicting and explaining the occurrence of events within sequences of data points. Our focus was particularly on scenarios in which unknown triggers causing the occurrence of events may consist of non-consecutive, masked, noisy data points. This scenario is akin to an agent tasked with learning to predict and explain the occurrence of events without understanding the underlying processes or having access to crucial information. Such scenarios are encountered across various fields, such as genomics, hardware and software verification, and financial time series prediction. We combined analytical, simulation, and machine learning (ML) approaches to investigate, quantify, and provide solutions to this challenge. We deduced and validated equations generally applicable to any variation of the underlying challenge. Using these equations, we (1) described how the level of complexity changes with various parameters (e.g., number of apparent and hidden states, trigger length, confidence, etc.) and (2) quantified the data needed to successfully train an ML model. We then (3) proved our ML solution learns and subsequently identifies unknown triggers and predicts the occurrence of events. If the complexity of the challenge is too high, our ML solution can identify trigger candidates to be used to interactively probe the system under investigation to determine the true trigger in a way considerably more efficient than brute force methods. By sharing our findings, we aim to assist others grappling with similar challenges, enabling estimates on the complexity of their problem, the data required and a solution to solve it.","2024-06-09","2025-03-27 13:28:38","2025-03-27 13:28:38","2025-03-27 13:28:38","","","","","","","","","","","","arXiv","","","","","","","arXiv.org","","arXiv:2406.05893 [cs] version: 1","","/Users/jensreil/Zotero/storage/HF3HVQI2/Lam et al. - 2024 - Event prediction and causality inference despite incomplete information.pdf; /Users/jensreil/Zotero/storage/6H4XLUVN/2406.html","","","Computer Science - Machine Learning","","","","","","","","","","","","","","","","","","","arXiv:2406.05893","","","","","","","","","","","","","","","","","","","","","","","","","","",""
"Z6D2UAWJ","preprint","2024","Silva, Thiago C.; Wilhelm, Paulo V. B.; Amancio, Diego R.","Machine learning and economic forecasting: the role of international trade networks","","","","10.48550/arXiv.2404.08712","http://arxiv.org/abs/2404.08712","This study examines the effects of de-globalization trends on international trade networks and their role in improving forecasts for economic growth. Using section-level trade data from nearly 200 countries from 2010 to 2022, we identify significant shifts in the network topology driven by rising trade policy uncertainty. Our analysis highlights key global players through centrality rankings, with the United States, China, and Germany maintaining consistent dominance. Using a horse race of supervised regressors, we find that network topology descriptors evaluated from section-specific trade networks substantially enhance the quality of a country's GDP growth forecast. We also find that non-linear models, such as Random Forest, XGBoost, and LightGBM, outperform traditional linear models used in the economics literature. Using SHAP values to interpret these non-linear model's predictions, we find that about half of most important features originate from the network descriptors, underscoring their vital role in refining forecasts. Moreover, this study emphasizes the significance of recent economic performance, population growth, and the primary sector's influence in shaping economic growth predictions, offering novel insights into the intricacies of economic growth forecasting.","2024-04-11","2025-03-27 13:28:41","2025-03-27 13:28:41","2025-03-27 13:28:41","","","","","","","Machine learning and economic forecasting","","","","","arXiv","","","","","","","arXiv.org","","arXiv:2404.08712 [econ] version: 1","","/Users/jensreil/Zotero/storage/BP296KSV/Silva et al. - 2024 - Machine learning and economic forecasting the role of international trade networks.pdf; /Users/jensreil/Zotero/storage/UNVEPYI5/2404.html","","","Computer Science - Machine Learning; Economics - General Economics; Physics - Physics and Society; Quantitative Finance - Economics","","","","","","","","","","","","","","","","","","","arXiv:2404.08712","","","","","","","","","","","","","","","","","","","","","","","","","","",""
"RLZJ4253","preprint","2024","Ye, Junyi; Goswami, Bhaskar; Gu, Jingyi; Uddin, Ajim; Wang, Guiling","From Factor Models to Deep Learning: Machine Learning in Reshaping Empirical Asset Pricing","","","","10.48550/arXiv.2403.06779","http://arxiv.org/abs/2403.06779","This paper comprehensively reviews the application of machine learning (ML) and AI in finance, specifically in the context of asset pricing. It starts by summarizing the traditional asset pricing models and examining their limitations in capturing the complexities of financial markets. It explores how 1) ML models, including supervised, unsupervised, semi-supervised, and reinforcement learning, provide versatile frameworks to address these complexities, and 2) the incorporation of advanced ML algorithms into traditional financial models enhances return prediction and portfolio optimization. These methods can adapt to changing market dynamics by modeling structural changes and incorporating heterogeneous data sources, such as text and images. In addition, this paper explores challenges in applying ML in asset pricing, addressing the growing demand for explainability in decision-making and mitigating overfitting in complex models. This paper aims to provide insights into novel methodologies showcasing the potential of ML to reshape the future of quantitative finance.","2024-03-11","2025-03-27 13:28:43","2025-03-27 13:28:43","2025-03-27 13:28:43","","","","","","","From Factor Models to Deep Learning","","","","","arXiv","","","","","","","arXiv.org","","arXiv:2403.06779 [q-fin] version: 1","","/Users/jensreil/Zotero/storage/SUJ7THAA/Ye et al. - 2024 - From Factor Models to Deep Learning Machine Learning in Reshaping Empirical Asset Pricing.pdf; /Users/jensreil/Zotero/storage/GJYJZBN5/2403.html","","","Quantitative Finance - Statistical Finance","","","","","","","","","","","","","","","","","","","arXiv:2403.06779","","","","","","","","","","","","","","","","","","","","","","","","","","",""
"GWSGMHRB","preprint","2023","Liu, Shun; Wu, Kexin; Jiang, Chufeng; Huang, Bin; Ma, Danqing","Financial Time-Series Forecasting: Towards Synergizing Performance And Interpretability Within a Hybrid Machine Learning Approach","","","","10.48550/arXiv.2401.00534","http://arxiv.org/abs/2401.00534","In the realm of cryptocurrency, the prediction of Bitcoin prices has garnered substantial attention due to its potential impact on financial markets and investment strategies. This paper propose a comparative study on hybrid machine learning algorithms and leverage on enhancing model interpretability. Specifically, linear regression(OLS, LASSO), long-short term memory(LSTM), decision tree regressors are introduced. Through the grounded experiments, we observe linear regressor achieves the best performance among candidate models. For the interpretability, we carry out a systematic overview on the preprocessing techniques of time-series statistics, including decomposition, auto-correlational function, exponential triple forecasting, which aim to excavate latent relations and complex patterns appeared in the financial time-series forecasting. We believe this work may derive more attention and inspire more researches in the realm of time-series analysis and its realistic applications.","2023-12-31","2025-03-27 13:28:45","2025-03-27 13:28:45","2025-03-27 13:28:45","","","","","","","Financial Time-Series Forecasting","","","","","arXiv","","","","","","","arXiv.org","","arXiv:2401.00534 [cs] version: 1","","/Users/jensreil/Zotero/storage/3Y7YGNVM/Liu et al. - 2023 - Financial Time-Series Forecasting Towards Synergizing Performance And Interpretability Within a Hyb.pdf; /Users/jensreil/Zotero/storage/88RPICMD/2401.html","","","Computer Science - Machine Learning; Quantitative Finance - Statistical Finance","","","","","","","","","","","","","","","","","","","arXiv:2401.00534","","","","","","","","","","","","","","","","","","","","","","","","","","",""
"JUZ3ZBS8","preprint","2023","Misheva, Branka Hadji; Osterrieder, Joerg","A Hypothesis on Good Practices for AI-based Systems for Financial Time Series Forecasting: Towards Domain-Driven XAI Methods","","","","10.48550/arXiv.2311.07513","http://arxiv.org/abs/2311.07513","Machine learning and deep learning have become increasingly prevalent in financial prediction and forecasting tasks, offering advantages such as enhanced customer experience, democratising financial services, improving consumer protection, and enhancing risk management. However, these complex models often lack transparency and interpretability, making them challenging to use in sensitive domains like finance. This has led to the rise of eXplainable Artificial Intelligence (XAI) methods aimed at creating models that are easily understood by humans. Classical XAI methods, such as LIME and SHAP, have been developed to provide explanations for complex models. While these methods have made significant contributions, they also have limitations, including computational complexity, inherent model bias, sensitivity to data sampling, and challenges in dealing with feature dependence. In this context, this paper explores good practices for deploying explainability in AI-based systems for finance, emphasising the importance of data quality, audience-specific methods, consideration of data properties, and the stability of explanations. These practices aim to address the unique challenges and requirements of the financial industry and guide the development of effective XAI tools.","2023-11-13","2025-03-27 13:28:48","2025-03-27 13:28:48","2025-03-27 13:28:48","","","","","","","A Hypothesis on Good Practices for AI-based Systems for Financial Time Series Forecasting","","","","","arXiv","","","","","","","arXiv.org","","arXiv:2311.07513 [q-fin] version: 1","","/Users/jensreil/Zotero/storage/8QS3SG48/Misheva and Osterrieder - 2023 - A Hypothesis on Good Practices for AI-based Systems for Financial Time Series Forecasting Towards D.pdf; /Users/jensreil/Zotero/storage/Z5VUQHQF/2311.html","","","Computer Science - Machine Learning; Quantitative Finance - General Finance","","","","","","","","","","","","","","","","","","","arXiv:2311.07513","","","","","","","","","","","","","","","","","","","","","","","","","","",""
"RURKSRRV","preprint","2024","Emami, Hajar; Dang, Xuan-Hong; Shah, Yousaf; Zerfos, Petros","Modality-aware Transformer for Financial Time series Forecasting","","","","10.48550/arXiv.2310.01232","http://arxiv.org/abs/2310.01232","Time series forecasting presents a significant challenge, particularly when its accuracy relies on external data sources rather than solely on historical values. This issue is prevalent in the financial sector, where the future behavior of time series is often intricately linked to information derived from various textual reports and a multitude of economic indicators. In practice, the key challenge lies in constructing a reliable time series forecasting model capable of harnessing data from diverse sources and extracting valuable insights to predict the target time series accurately. In this work, we tackle this challenging problem and introduce a novel multimodal transformer-based model named the \textit{Modality-aware Transformer}. Our model excels in exploring the power of both categorical text and numerical timeseries to forecast the target time series effectively while providing insights through its neural attention mechanism. To achieve this, we develop feature-level attention layers that encourage the model to focus on the most relevant features within each data modality. By incorporating the proposed feature-level attention, we develop a novel Intra-modal multi-head attention (MHA), Inter-modal MHA and Target-modal MHA in a way that both feature and temporal attentions are incorporated in MHAs. This enables the MHAs to generate temporal attentions with consideration of modality and feature importance which leads to more informative embeddings. The proposed modality-aware structure enables the model to effectively exploit information within each modality as well as foster cross-modal understanding. Our extensive experiments on financial datasets demonstrate that Modality-aware Transformer outperforms existing methods, offering a novel and practical solution to the complex challenges of multi-modal financial time series forecasting.","2024-03-20","2025-03-27 13:28:50","2025-03-27 13:28:50","2025-03-27 13:28:50","","","","","","","","","","","","arXiv","","","","","","","arXiv.org","","arXiv:2310.01232 [cs] version: 2","","/Users/jensreil/Zotero/storage/D4NZ4WLK/Emami et al. - 2024 - Modality-aware Transformer for Financial Time series Forecasting.pdf; /Users/jensreil/Zotero/storage/A8GP4FX2/2310.html","","","Computer Science - Machine Learning","","","","","","","","","","","","","","","","","","","arXiv:2310.01232","","","","","","","","","","","","","","","","","","","","","","","","","","",""
"KEY8WZDY","preprint","2023","Ghimire, Sushrut","TimeTrail: Unveiling Financial Fraud Patterns through Temporal Correlation Analysis","","","","10.48550/arXiv.2308.14215","http://arxiv.org/abs/2308.14215","In the field of financial fraud detection, understanding the underlying patterns and dynamics is important to ensure effective and reliable systems. This research introduces a new technique, ""TimeTrail,"" which employs advanced temporal correlation analysis to explain complex financial fraud patterns. The technique leverages time-related insights to provide transparent and interpretable explanations for fraud detection decisions, enhancing accountability and trust. The ""TimeTrail"" methodology consists of three key phases: temporal data enrichment, dynamic correlation analysis, and interpretable pattern visualization. Initially, raw financial transaction data is enriched with temporal attributes. Dynamic correlations between these attributes are then quantified using innovative statistical measures. Finally, a unified visualization framework presents these correlations in an interpretable manner. To validate the effectiveness of ""TimeTrail,"" a study is conducted on a diverse financial dataset, surrounding various fraud scenarios. Results demonstrate the technique's capability to uncover hidden temporal correlations and patterns, performing better than conventional methods in both accuracy and interpretability. Moreover, a case study showcasing the application of ""TimeTrail"" in real-world scenarios highlights its utility for fraud detection.","2023-08-27","2025-03-27 13:28:53","2025-03-27 13:28:53","2025-03-27 13:28:53","","","","","","","TimeTrail","","","","","arXiv","","","","","","","arXiv.org","","arXiv:2308.14215 [cs] version: 1","","/Users/jensreil/Zotero/storage/48XAYAJZ/Ghimire - 2023 - TimeTrail Unveiling Financial Fraud Patterns through Temporal Correlation Analysis.pdf; /Users/jensreil/Zotero/storage/NQKHLJNG/2308.html","","","Computer Science - Machine Learning; Quantitative Finance - Statistical Finance","","","","","","","","","","","","","","","","","","","arXiv:2308.14215","","","","","","","","","","","","","","","","","","","","","","","","","","",""
"P8MC27CT","preprint","2023","Yu, Xinli; Chen, Zheng; Ling, Yuan; Dong, Shujing; Liu, Zongyi; Lu, Yanbin","Temporal Data Meets LLM -- Explainable Financial Time Series Forecasting","","","","10.48550/arXiv.2306.11025","http://arxiv.org/abs/2306.11025","This paper presents a novel study on harnessing Large Language Models' (LLMs) outstanding knowledge and reasoning abilities for explainable financial time series forecasting. The application of machine learning models to financial time series comes with several challenges, including the difficulty in cross-sequence reasoning and inference, the hurdle of incorporating multi-modal signals from historical news, financial knowledge graphs, etc., and the issue of interpreting and explaining the model results. In this paper, we focus on NASDAQ-100 stocks, making use of publicly accessible historical stock price data, company metadata, and historical economic/financial news. We conduct experiments to illustrate the potential of LLMs in offering a unified solution to the aforementioned challenges. Our experiments include trying zero-shot/few-shot inference with GPT-4 and instruction-based fine-tuning with a public LLM model Open LLaMA. We demonstrate our approach outperforms a few baselines, including the widely applied classic ARMA-GARCH model and a gradient-boosting tree model. Through the performance comparison results and a few examples, we find LLMs can make a well-thought decision by reasoning over information from both textual news and price time series and extracting insights, leveraging cross-sequence information, and utilizing the inherent knowledge embedded within the LLM. Additionally, we show that a publicly available LLM such as Open-LLaMA, after fine-tuning, can comprehend the instruction to generate explainable forecasts and achieve reasonable performance, albeit relatively inferior in comparison to GPT-4.","2023-06-19","2025-03-27 13:28:55","2025-03-27 13:28:55","2025-03-27 13:28:55","","","","","","","","","","","","arXiv","","","","","","","arXiv.org","","arXiv:2306.11025 [cs] version: 1","","/Users/jensreil/Zotero/storage/G4QS3XS7/Yu et al. - 2023 - Temporal Data Meets LLM -- Explainable Financial Time Series Forecasting.pdf; /Users/jensreil/Zotero/storage/EVUA95UJ/2306.html","","","Computer Science - Machine Learning; Computer Science - Artificial Intelligence; Quantitative Finance - Statistical Finance; Computer Science - Computation and Language","","","","","","","","","","","","","","","","","","","arXiv:2306.11025","","","","","","","","","","","","","","","","","","","","","","","","","","",""
"H6Y43XYA","preprint","2022","Zhang, Chen","Asset Pricing and Deep Learning","","","","10.48550/arXiv.2209.12014","http://arxiv.org/abs/2209.12014","Traditional machine learning methods have been widely studied in financial innovation. My study focuses on the application of deep learning methods on asset pricing. I investigate various deep learning methods for asset pricing, especially for risk premia measurement. All models take the same set of predictive signals (firm characteristics, systematic risks and macroeconomics). I demonstrate high performance of all kinds of state-of-the-art (SOTA) deep learning methods, and figure out that RNNs with memory mechanism and attention have the best performance in terms of predictivity. Furthermore, I demonstrate large economic gains to investors using deep learning forecasts. The results of my comparative experiments highlight the importance of domain knowledge and financial theory when designing deep learning models. I also show return prediction tasks bring new challenges to deep learning. The time varying distribution causes distribution shift problem, which is essential for financial time series prediction. I demonstrate that deep learning methods can improve asset risk premium measurement. Due to the booming deep learning studies, they can constantly promote the study of underlying financial mechanisms behind asset pricing. I also propose a promising research method that learning from data and figuring out the underlying economic mechanisms through explainable artificial intelligence (AI) methods. My findings not only justify the value of deep learning in blooming fintech development, but also highlight their prospects and advantages over traditional machine learning methods.","2022-09-24","2025-03-27 13:28:58","2025-03-27 13:28:58","2025-03-27 13:28:58","","","","","","","","","","","","arXiv","","","","","","","arXiv.org","","arXiv:2209.12014 [q-fin] version: 1","","/Users/jensreil/Zotero/storage/56WN62L6/Zhang - 2022 - Asset Pricing and Deep Learning.pdf; /Users/jensreil/Zotero/storage/J5QPNJCR/2209.html","","","Computer Science - Machine Learning; Quantitative Finance - Pricing of Securities; Quantitative Finance - Statistical Finance","","","","","","","","","","","","","","","","","","","arXiv:2209.12014","","","","","","","","","","","","","","","","","","","","","","","","","","",""
"I5MPKFEQ","preprint","2022","Jerome, Joseph; Sanchez-Betancourt, Leandro; Savani, Rahul; Herdegen, Martin","Model-based gym environments for limit order book trading","","","","10.48550/arXiv.2209.07823","http://arxiv.org/abs/2209.07823","Within the mathematical finance literature there is a rich catalogue of mathematical models for studying algorithmic trading problems -- such as market-making and optimal execution -- in limit order books. This paper introduces \mbtgym, a Python module that provides a suite of gym environments for training reinforcement learning (RL) agents to solve such model-based trading problems. The module is set up in an extensible way to allow the combination of different aspects of different models. It supports highly efficient implementations of vectorized environments to allow faster training of RL agents. In this paper, we motivate the challenge of using RL to solve such model-based limit order book problems in mathematical finance, we explain the design of our gym environment, and then demonstrate its use in solving standard and non-standard problems from the literature. Finally, we lay out a roadmap for further development of our module, which we provide as an open source repository on GitHub so that it can serve as a focal point for RL research in model-based algorithmic trading.","2022-09-16","2025-03-27 13:29:01","2025-03-27 13:29:01","2025-03-27 13:29:01","","","","","","","","","","","","arXiv","","","","","","","arXiv.org","","arXiv:2209.07823 [q-fin] version: 1","","/Users/jensreil/Zotero/storage/TXSVAJG9/Jerome et al. - 2022 - Model-based gym environments for limit order book trading.pdf; /Users/jensreil/Zotero/storage/Z56WR7HT/2209.html","","","Computer Science - Machine Learning; Quantitative Finance - Trading and Market Microstructure; Computer Science - Artificial Intelligence; Quantitative Finance - Computational Finance; Quantitative Finance - Mathematical Finance","","","","","","","","","","","","","","","","","","","arXiv:2209.07823","","","","","","","","","","","","","","","","","","","","","","","","","","",""
"UTDZCSNG","preprint","2023","Chi, Chien-Ming; Fan, Yingying; Lv, Jinchi","FACT: High-Dimensional Random Forests Inference","","","","10.48550/arXiv.2207.01678","http://arxiv.org/abs/2207.01678","Quantifying the usefulness of individual features in random forests learning can greatly enhance its interpretability. Existing studies have shown that some popularly used feature importance measures for random forests suffer from the bias issue. In addition, there lack comprehensive size and power analyses for most of these existing methods. In this paper, we approach the problem via hypothesis testing, and suggest a framework of the self-normalized feature-residual correlation test (FACT) for evaluating the significance of a given feature in the random forests model with bias-resistance property, where our null hypothesis concerns whether the feature is conditionally independent of the response given all other features. Such an endeavor on random forests inference is empowered by some recent developments on high-dimensional random forests consistency. Under a fairly general high-dimensional nonparametric model setting with dependent features, we formally establish that FACT can provide theoretically justified feature importance test with controlled type I error and enjoy appealing power property. The theoretical results and finite-sample advantages of the newly suggested method are illustrated with several simulation examples and an economic forecasting application.","2023-11-13","2025-03-27 13:29:03","2025-03-27 13:29:03","2025-03-27 13:29:03","","","","","","","FACT","","","","","arXiv","","","","","","","arXiv.org","","arXiv:2207.01678 [stat] version: 2","","/Users/jensreil/Zotero/storage/SMJA3Y38/Chi et al. - 2023 - FACT High-Dimensional Random Forests Inference.pdf; /Users/jensreil/Zotero/storage/ZP2DAW4R/2207.html","","","Computer Science - Machine Learning; Statistics - Machine Learning; Mathematics - Statistics Theory; Statistics - Statistics Theory","","","","","","","","","","","","","","","","","","","arXiv:2207.01678","","","","","","","","","","","","","","","","","","","","","","","","","","",""
"D94YUK3Q","preprint","2022","Ghosh, Supriyo; Wynter, Laura; Lim, Shiau Hong; Nguyen, Duc Thien","Neural-Progressive Hedging: Enforcing Constraints in Reinforcement Learning with Stochastic Programming","","","","10.48550/arXiv.2202.13436","http://arxiv.org/abs/2202.13436","We propose a framework, called neural-progressive hedging (NP), that leverages stochastic programming during the online phase of executing a reinforcement learning (RL) policy. The goal is to ensure feasibility with respect to constraints and risk-based objectives such as conditional value-at-risk (CVaR) during the execution of the policy, using probabilistic models of the state transitions to guide policy adjustments. The framework is particularly amenable to the class of sequential resource allocation problems since feasibility with respect to typical resource constraints cannot be enforced in a scalable manner. The NP framework provides an alternative that adds modest overhead during the online phase. Experimental results demonstrate the efficacy of the NP framework on two continuous real-world tasks: (i) the portfolio optimization problem with liquidity constraints for financial planning, characterized by non-stationary state distributions; and (ii) the dynamic repositioning problem in bike sharing systems, that embodies the class of supply-demand matching problems. We show that the NP framework produces policies that are better than deep RL and other baseline approaches, adapting to non-stationarity, whilst satisfying structural constraints and accommodating risk measures in the resulting policies. Additional benefits of the NP framework are ease of implementation and better explainability of the policies.","2022-02-27","2025-03-27 13:29:05","2025-03-27 13:29:05","2025-03-27 13:29:05","","","","","","","Neural-Progressive Hedging","","","","","arXiv","","","","","","","arXiv.org","","arXiv:2202.13436 [cs] version: 1","","/Users/jensreil/Zotero/storage/DV4QGQXB/Ghosh et al. - 2022 - Neural-Progressive Hedging Enforcing Constraints in Reinforcement Learning with Stochastic Programm.pdf; /Users/jensreil/Zotero/storage/XBKX8LFU/2202.html","","","Computer Science - Machine Learning; Computer Science - Artificial Intelligence","","","","","","","","","","","","","","","","","","","arXiv:2202.13436","","","","","","","","","","","","","","","","","","","","","","","","","","",""
"3NLZQSKB","preprint","2022","Sokolovsky, Artur; Arnaboldi, Luca; Bacardit, Jaume; Gross, Thomas","Volume-Centred Range Bars: Novel Interpretable Representation of Financial Markets Designed for Machine Learning Applications","","","","10.48550/arXiv.2103.12419","http://arxiv.org/abs/2103.12419","Financial markets are a source of non-stationary multidimensional time series which has been drawing attention for decades. Each financial instrument has its specific changing-over-time properties, making its analysis a complex task. Hence, improvement of understanding and development of more informative, generalisable market representations are essential for the successful operation in financial markets, including risk assessment, diversification, trading, and order execution. In this study, we propose a volume-price-based market representation for making financial time series more suitable for machine learning pipelines. We use a statistical approach for evaluating the representation. Through the research questions, we investigate, i) whether the proposed representation allows the more efficient design of machine learning models; ii) whether the proposed representation leads to increased performance over the price levels market pattern; iii) whether the proposed representation performs better on the liquid markets, and iv) whether SHAP feature interactions are reliable to be used in the considered setting. Our analysis shows that the proposed volume-based method allows successful classification of the financial time series patterns, and also leads to better classification performance than the price levels-based method, excelling specifically on more liquid financial instruments. Finally, we propose an approach for obtaining feature interactions directly from tree-based models and compare the outcomes to those of the SHAP method. This results in the significant similarity between the two methods, hence we claim that SHAP feature interactions are reliable to be used in the setting of financial markets.","2022-05-08","2025-03-27 13:29:09","2025-03-27 13:29:09","2025-03-27 13:29:09","","","","","","","Volume-Centred Range Bars","","","","","arXiv","","","","","","","arXiv.org","","arXiv:2103.12419 [cs] version: 4","","/Users/jensreil/Zotero/storage/DC5LF245/Sokolovsky et al. - 2022 - Volume-Centred Range Bars Novel Interpretable Representation of Financial Markets Designed for Mach.pdf; /Users/jensreil/Zotero/storage/ZK87RJAJ/2103.html","","","Computer Science - Machine Learning; Quantitative Finance - Trading and Market Microstructure; Computer Science - Artificial Intelligence; Computer Science - Systems and Control; Electrical Engineering and Systems Science - Systems and Control","","","","","","","","","","","","","","","","","","","arXiv:2103.12419","","","","","","","","","","","","","","","","","","","","","","","","","","",""
"TLZP5MUX","preprint","2020","Neri, Filippo","How to Identify Investor's types in real financial markets by means of agent based simulation","","","","10.48550/arXiv.2101.03127","http://arxiv.org/abs/2101.03127","The paper proposes a computational adaptation of the principles underlying principal component analysis with agent based simulation in order to produce a novel modeling methodology for financial time series and financial markets. Goal of the proposed methodology is to find a reduced set of investor s models (agents) which is able to approximate or explain a target financial time series. As computational testbed for the study, we choose the learning system L FABS which combines simulated annealing with agent based simulation for approximating financial time series. We will also comment on how L FABS s architecture could exploit parallel computation to scale when dealing with massive agent simulations. Two experimental case studies showing the efficacy of the proposed methodology are reported.","2020-12-31","2025-03-27 13:29:14","2025-03-27 13:29:14","2025-03-27 13:29:14","","","","","","","","","","","","arXiv","","","","","","","arXiv.org","","arXiv:2101.03127 [q-fin] version: 1","","/Users/jensreil/Zotero/storage/Y9WQY8JX/Neri - 2020 - How to Identify Investor's types in real financial markets by means of agent based simulation.pdf; /Users/jensreil/Zotero/storage/2BWGVNI6/2101.html","","","Computer Science - Computational Engineering, Finance, and Science; Computer Science - Machine Learning; Quantitative Finance - Trading and Market Microstructure","","","","","","","","","","","","","","","","","","","arXiv:2101.03127","","","","","","","","","","","","","","","","","","","","","","","","","","",""
"T7A9QWY2","preprint","2020","Wray, Aaron; Meades, Matthew; Cliff, Dave","Automated Creation of a High-Performing Algorithmic Trader via Deep Learning on Level-2 Limit Order Book Data","","","","10.48550/arXiv.2012.00821","http://arxiv.org/abs/2012.00821","We present results demonstrating that an appropriately configured deep learning neural network (DLNN) can automatically learn to be a high-performing algorithmic trading system, operating purely from training-data inputs generated by passive observation of an existing successful trader T. That is, we can point our black-box DLNN system at trader T and successfully have it learn from T's trading activity, such that it trades at least as well as T. Our system, called DeepTrader, takes inputs derived from Level-2 market data, i.e. the market's Limit Order Book (LOB) or Ladder for a tradeable asset. Unusually, DeepTrader makes no explicit prediction of future prices. Instead, we train it purely on input-output pairs where in each pair the input is a snapshot S of Level-2 LOB data taken at the time when T issued a quote Q (i.e. a bid or an ask order) to the market; and DeepTrader's desired output is to produce Q when it is shown S. That is, we train our DLNN by showing it the LOB data S that T saw at the time when T issued quote Q, and in doing so our system comes to behave like T, acting as an algorithmic trader issuing specific quotes in response to specific LOB conditions. We train DeepTrader on large numbers of these S/Q snapshot/quote pairs, and then test it in a variety of market scenarios, evaluating it against other algorithmic trading systems in the public-domain literature, including two that have repeatedly been shown to outperform human traders. Our results demonstrate that DeepTrader learns to match or outperform such existing algorithmic trading systems. We analyse the successful DeepTrader network to identify what features it is relying on, and which features can be ignored. We propose that our methods can in principle create an explainable copy of an arbitrary trader T via ""black-box"" deep learning methods.","2020-11-29","2025-03-27 13:29:17","2025-03-27 13:29:17","2025-03-27 13:29:17","","","","","","","","","","","","arXiv","","","","","","","arXiv.org","","arXiv:2012.00821 [q-fin] version: 1","","/Users/jensreil/Zotero/storage/J7BQ9C9N/Wray et al. - 2020 - Automated Creation of a High-Performing Algorithmic Trader via Deep Learning on Level-2 Limit Order.pdf; /Users/jensreil/Zotero/storage/YWK3T9BF/2012.html","","","Quantitative Finance - Trading and Market Microstructure","","","","","","","","","","","","","","","","","","","arXiv:2012.00821","","","","","","","","","","","","","","","","","","","","","","","","","","",""
"8XNW3ISS","conferencePaper","2019","Wang, Daixin; Lin, Jianbin; Cui, Peng; Jia, Quanhui; Wang, Zhen; Fang, Yanming; Yu, Quan; Zhou, Jun; Yang, Shuang; Qi, Yuan","A Semi-supervised Graph Attentive Network for Financial Fraud Detection","2019 IEEE International Conference on Data Mining (ICDM)","","","10.1109/ICDM.2019.00070","http://arxiv.org/abs/2003.01171","With the rapid growth of financial services, fraud detection has been a very important problem to guarantee a healthy environment for both users and providers. Conventional solutions for fraud detection mainly use some rule-based methods or distract some features manually to perform prediction. However, in financial services, users have rich interactions and they themselves always show multifaceted information. These data form a large multiview network, which is not fully exploited by conventional methods. Additionally, among the network, only very few of the users are labelled, which also poses a great challenge for only utilizing labeled data to achieve a satisfied performance on fraud detection. To address the problem, we expand the labeled data through their social relations to get the unlabeled data and propose a semi-supervised attentive graph neural network, namedSemiGNN to utilize the multi-view labeled and unlabeled data for fraud detection. Moreover, we propose a hierarchical attention mechanism to better correlate different neighbors and different views. Simultaneously, the attention mechanism can make the model interpretable and tell what are the important factors for the fraud and why the users are predicted as fraud. Experimentally, we conduct the prediction task on the users of Alipay, one of the largest third-party online and offline cashless payment platform serving more than 4 hundreds of million users in China. By utilizing the social relations and the user attributes, our method can achieve a better accuracy compared with the state-of-the-art methods on two tasks. Moreover, the interpretable results also give interesting intuitions regarding the tasks.","2019-11","2025-03-27 13:29:20","2025-03-27 13:29:20","2025-03-27 13:29:20","598-607","","","","","","","","","","","","","","","","","","arXiv.org","","arXiv:2003.01171 [cs]","","/Users/jensreil/Zotero/storage/XVYPHGIR/Wang et al. - 2019 - A Semi-supervised Graph Attentive Network for Financial Fraud Detection.pdf; /Users/jensreil/Zotero/storage/LKG34AH7/2003.html","","","Computer Science - Machine Learning; Statistics - Machine Learning; Computer Science - Cryptography and Security; Computer Science - Social and Information Networks","","","","","","","","","","","","","","","","","","","","","","","","","","","","","","","","","","","","","","","","","","","","","",""
"2G6QVZVZ","preprint","2019","Philps, Daniel; Garcez, Artur d'Avila; Weyde, Tillman","Making Good on LSTMs' Unfulfilled Promise","","","","10.48550/arXiv.1911.04489","http://arxiv.org/abs/1911.04489","LSTMs promise much to financial time-series analysis, temporal and cross-sectional inference, but we find that they do not deliver in a real-world financial management task. We examine an alternative called Continual Learning (CL), a memory-augmented approach, which can provide transparent explanations, i.e. which memory did what and when. This work has implications for many financial applications including credit, time-varying fairness in decision making and more. We make three important new observations. Firstly, as well as being more explainable, time-series CL approaches outperform LSTMs as well as a simple sliding window learner using feed-forward neural networks (FFNN). Secondly, we show that CL based on a sliding window learner (FFNN) is more effective than CL based on a sequential learner (LSTM). Thirdly, we examine how real-world, time-series noise impacts several similarity approaches used in CL memory addressing. We provide these insights using an approach called Continual Learning Augmentation (CLA) tested on a complex real-world problem, emerging market equities investment decision making. CLA provides a test-bed as it can be based on different types of time-series learners, allowing testing of LSTM and FFNN learners side by side. CLA is also used to test several distance approaches used in a memory recall-gate: Euclidean distance (ED), dynamic time warping (DTW), auto-encoders (AE) and a novel hybrid approach, warp-AE. We find that ED under-performs DTW and AE but warp-AE shows the best overall performance in a real-world financial task.","2019-12-09","2025-03-27 13:29:22","2025-03-27 13:29:22","2025-03-27 13:29:22","","","","","","","","","","","","arXiv","","","","","","","arXiv.org","","arXiv:1911.04489 [cs] version: 4","","/Users/jensreil/Zotero/storage/962PQ49H/Philps et al. - 2019 - Making Good on LSTMs' Unfulfilled Promise.pdf; /Users/jensreil/Zotero/storage/8DU5XKTI/1911.html","","","Computer Science - Machine Learning; Quantitative Finance - Computational Finance; Quantitative Finance - Portfolio Management; Statistics - Machine Learning","","","","","","","","","","","","","","","","","","","arXiv:1911.04489","","","","","","","","","","","","","","","","","","","","","","","","","","",""
"4WNATIGB","preprint","2019","Wiese, Magnus; Bai, Lianjun; Wood, Ben; Buehler, Hans","Deep Hedging: Learning to Simulate Equity Option Markets","","","","10.48550/arXiv.1911.01700","http://arxiv.org/abs/1911.01700","We construct realistic equity option market simulators based on generative adversarial networks (GANs). We consider recurrent and temporal convolutional architectures, and assess the impact of state compression. Option market simulators are highly relevant because they allow us to extend the limited real-world data sets available for the training and evaluation of option trading strategies. We show that network-based generators outperform classical methods on a range of benchmark metrics, and adversarial training achieves the best performance. Our work demonstrates for the first time that GANs can be successfully applied to the task of generating multivariate financial time series.","2019-11-05","2025-03-27 13:29:25","2025-03-27 13:29:25","2025-03-27 13:29:25","","","","","","","Deep Hedging","","","","","arXiv","","","","","","","arXiv.org","","arXiv:1911.01700 [q-fin] version: 1","","/Users/jensreil/Zotero/storage/8NBS92TF/Wiese et al. - 2019 - Deep Hedging Learning to Simulate Equity Option Markets.pdf; /Users/jensreil/Zotero/storage/2ME3Z4IZ/1911.html","","","Computer Science - Machine Learning; Statistics - Machine Learning; Quantitative Finance - Statistical Finance; Quantitative Finance - Computational Finance; Quantitative Finance - Mathematical Finance","","","","","","","","","","","","","","","","","","","arXiv:1911.01700","","","","","","","","","","","","","","","","","","","","","","","","","","",""
"X5JFCYM4","preprint","2019","Matsunaga, Daiki; Suzumura, Toyotaro; Takahashi, Toshihiro","Exploring Graph Neural Networks for Stock Market Predictions with Rolling Window Analysis","","","","10.48550/arXiv.1909.10660","http://arxiv.org/abs/1909.10660","Recently, there has been a surge of interest in the use of machine learning to help aid in the accurate predictions of financial markets. Despite the exciting advances in this cross-section of finance and AI, many of the current approaches are limited to using technical analysis to capture historical trends of each stock price and thus limited to certain experimental setups to obtain good prediction results. On the other hand, professional investors additionally use their rich knowledge of inter-market and inter-company relations to map the connectivity of companies and events, and use this map to make better market predictions. For instance, they would predict the movement of a certain company's stock price based not only on its former stock price trends but also on the performance of its suppliers or customers, the overall industry, macroeconomic factors and trade policies. This paper investigates the effectiveness of work at the intersection of market predictions and graph neural networks, which hold the potential to mimic the ways in which investors make decisions by incorporating company knowledge graphs directly into the predictive model. The main goal of this work is to test the validity of this approach across different markets and longer time horizons for backtesting using rolling window analysis. In this work, we concentrate on the prediction of individual stock prices in the Japanese Nikkei 225 market over a period of roughly 20 years. For the knowledge graph, we use the Nikkei Value Search data, which is a rich dataset showing mainly supplier relations among Japanese and foreign companies. Our preliminary results show a 29.5% increase and a 2.2-fold increase in the return ratio and Sharpe ratio, respectively, when compared to the market benchmark, as well as a 6.32% increase and 1.3-fold increase, respectively, compared to the baseline LSTM model.","2019-11-27","2025-03-27 13:29:28","2025-03-27 13:29:28","2025-03-27 13:29:28","","","","","","","","","","","","arXiv","","","","","","","arXiv.org","","arXiv:1909.10660 [cs] version: 3","","/Users/jensreil/Zotero/storage/M56EJF5F/Matsunaga et al. - 2019 - Exploring Graph Neural Networks for Stock Market Predictions with Rolling Window Analysis.pdf; /Users/jensreil/Zotero/storage/YL4ZUVMX/1909.html","","","Computer Science - Machine Learning; Quantitative Finance - Statistical Finance","","","","","","","","","","","","","","","","","","","arXiv:1909.10660","","","","","","","","","","","","","","","","","","","","","","","","","","",""
"2J4W2F22","preprint","2017","Kumar, Devinder; Taylor, Graham W.; Wong, Alexander","Opening the Black Box of Financial AI with CLEAR-Trade: A CLass-Enhanced Attentive Response Approach for Explaining and Visualizing Deep Learning-Driven Stock Market Prediction","","","","10.48550/arXiv.1709.01574","http://arxiv.org/abs/1709.01574","Deep learning has been shown to outperform traditional machine learning algorithms across a wide range of problem domains. However, current deep learning algorithms have been criticized as uninterpretable ""black-boxes"" which cannot explain their decision making processes. This is a major shortcoming that prevents the widespread application of deep learning to domains with regulatory processes such as finance. As such, industries such as finance have to rely on traditional models like decision trees that are much more interpretable but less effective than deep learning for complex problems. In this paper, we propose CLEAR-Trade, a novel financial AI visualization framework for deep learning-driven stock market prediction that mitigates the interpretability issue of deep learning methods. In particular, CLEAR-Trade provides a effective way to visualize and explain decisions made by deep stock market prediction models. We show the efficacy of CLEAR-Trade in enhancing the interpretability of stock market prediction by conducting experiments based on S&P 500 stock index prediction. The results demonstrate that CLEAR-Trade can provide significant insight into the decision-making process of deep learning-driven financial models, particularly for regulatory processes, thus improving their potential uptake in the financial industry.","2017-09-05","2025-03-27 13:29:30","2025-03-27 13:29:30","2025-03-27 13:29:30","","","","","","","Opening the Black Box of Financial AI with CLEAR-Trade","","","","","arXiv","","","","","","","arXiv.org","","arXiv:1709.01574 [cs] version: 1","","/Users/jensreil/Zotero/storage/AEK97GWA/Kumar et al. - 2017 - Opening the Black Box of Financial AI with CLEAR-Trade A CLass-Enhanced Attentive Response Approach.pdf; /Users/jensreil/Zotero/storage/RR5L8HT7/1709.html","","","Computer Science - Artificial Intelligence; Computer Science - Computer Vision and Pattern Recognition; Computer Science - Neural and Evolutionary Computing","","","","","","","","","","","","","","","","","","","arXiv:1709.01574","","","","","","","","","","","","","","","","","","","","","","","","","","",""
"AP4WMKR6","journalArticle","2024","Jiang, Wen-Dong; Chang, Chih-Yung; Chang, Hsiang-Chuan; Chen, Ji-Yuan; Roy, Diptendu Sinha","Injecting Explainability and Lightweight Design into Weakly Supervised Video Anomaly Detection Systems","","","","","http://arxiv.org/pdf/2412.20201v1","","2024","2025-07-28 09:56:13","2025-07-28 09:56:13","","","","","","","","","","","","","","","","","","","","","","","","","","","","","","","","","","","","","","","","","","","","","","","","","","","","","","","","","","","","","","","","","","","","","","","","",""
"C29H7H37","journalArticle","2024","Lopez, Alfredo; Sobieczky, Florian","Surrogate Modeling for Explainable Predictive Time Series Corrections","","","","","http://arxiv.org/pdf/2412.19897v2","","2024","2025-07-28 09:56:13","2025-07-28 09:56:13","","","","","","","","","","","","","","","","","","","","","","","","","","","","","","","","","","","","","","","","","","","","","","","","","","","","","","","","","","","","","","","","","","","","","","","","",""
"8XY4LQ3C","journalArticle","2024","Ahadian, Pegah; Xu, Wei; Wang, Sherry; Guan, Qiang","Adopting Trustworthy AI for Sleep Disorder Prediction: Deep Time Series Analysis with Temporal Attention Mechanism and Counterfactual Explanations","","","","","http://arxiv.org/pdf/2412.18971v1","","2024","2025-07-28 09:56:13","2025-07-28 09:56:13","","","","","","","","","","","","","","","","","","","","","","","","","","","","","","","","","","","","","","","","","","","","","","","","","","","","","","","","","","","","","","","","","","","","","","","","",""
"KLU2M83E","journalArticle","2024","Cao, Fanpu; Yang, Shu; Chen, Zhengjian; Liu, Ye; Cui, Laizhong","Ister: Inverted Seasonal-Trend Decomposition Transformer for Explainable Multivariate Time Series Forecasting","","","","","http://arxiv.org/pdf/2412.18798v2","In long-term time series forecasting, Transformerbased models have achieved great success, due to its ability to capture long-range dependencies. However, existing models face challenges in identifying critical components for prediction, leading to limited interpretability and suboptimal performance. To address these issues, we propose the Inverted Seasonal-Trend Decomposition Transformer (Ister), a novel Transformer-based model for multivariate time series forecasting. Ister decomposes time series into seasonal and trend components, further modeling multi-periodicity and inter-series dependencies using a Dual Transformer architecture. We introduce a novel Dot-attention mechanism that improves interpretability, computational efficiency, and predictive accuracy. Comprehensive experiments on benchmark datasets demonstrate that Ister outperforms existing state-of-theart models, achieving up to 10% improvement in MSE. Moreover, Ister enables intuitive visualization of component contributions, shedding lights on model’s decision process and enhancing transparency in prediction results.","2024","2025-07-28 09:56:13","2025-08-18 09:14:03","","","","","","","","","","","","","","","","","","","","","","","","/Users/jensreil/Zotero/storage/5JIJBS3B/Cao et al. - 2024 - Ister Inverted Seasonal-Trend Decomposition Transformer for Explainable Multivariate Time Series Fo.pdf","","","","","","","","","","","","","","","","","","","","","","","","","","","","","","","","","","","","","","","","","","","","","","","","",""
"ATM7XFIK","journalArticle","2024","Xu, Haowen; Boyaci, Ali; Lian, Jianming; Wilson, Aaron","Explainable AI for Multivariate Time Series Pattern Exploration: Latent Space Visual Analytics with Temporal Fusion Transformer and Variational Autoencoders in Power Grid Event Diagnosis","","","","","http://arxiv.org/pdf/2412.16098v2","","2024","2025-07-28 09:56:13","2025-07-28 09:56:13","","","","","","","","","","","","","","","","","","","","","","","","","","","","","","","","","","","","","","","","","","","","","","","","","","","","","","","","","","","","","","","","","","","","","","","","",""
"YAR8JJ83","journalArticle","2024","Coulombe, Philippe Goulet; Goebel, Maximilian; Klieber, Karin","Dual Interpretation of Machine Learning Forecasts","","","","","http://arxiv.org/pdf/2412.13076v1","","2024","2025-07-28 09:56:13","2025-07-28 09:56:13","","","","","","","","","","","","","","","","","","","","","","","","","","","","","","","","","","","","","","","","","","","","","","","","","","","","","","","","","","","","","","","","","","","","","","","","",""
"CXICKQ8W","journalArticle","2024","Chakraborty, Sanjay; Delibasoglu, Ibrahim; Heintz, Fredrik","EDformer: Embedded Decomposition Transformer for Interpretable Multivariate Time Series Predictions","","","","","http://arxiv.org/pdf/2412.12227v1","Time series forecasting is a crucial challenge with significant applications in areas such as weather prediction, stock market analysis, and scientific simulations. This paper introduces an embedded decomposed transformer, ’EDformer’, for multivariate time series forecasting tasks. Without altering the fundamental elements, we reuse the Transformer architecture and consider the capable functions of its constituent parts in this work. Edformer first decomposes the input multivariate signal into seasonal and trend components. Next, the prominent multivariate seasonal component is reconstructed across the reverse dimensions, followed by applying the attention mechanism and feed-forward network in the encoder stage. In particular, the feed-forward network is used for each variable frame to learn nonlinear representations, while the attention mechanism uses the time points of individual seasonal series embedded within variate frames to capture multivariate correlations. Therefore, the trend signal is added with projection and performs the final forecasting. The EDformer model obtains state-of-the-art predicting results in terms of accuracy and efficiency on complex real-world time series datasets. This paper also addresses model explainability techniques to provide insights into how the model makes its predictions and why specific features or time steps are important, enhancing the interpretability and trustworthiness of the forecasting results.","2024","2025-07-28 09:56:13","2025-08-18 09:14:24","","","","","","","","","","","","","","","","","","","","","","","","/Users/jensreil/Zotero/storage/KZU2WP9M/Chakraborty et al. - 2024 - EDformer Embedded Decomposition Transformer for Interpretable Multivariate Time Series Predictions.pdf","","","","","","","","","","","","","","","","","","","","","","","","","","","","","","","","","","","","","","","","","","","","","","","","",""
"ZDD9EW54","journalArticle","2024","Refoyo, Mario; Luengo, David","Multi-SpaCE: Multi-Objective Subsequence-based Sparse Counterfactual Explanations for Multivariate Time Series Classification","","","","","http://arxiv.org/pdf/2501.04009v2","","2024","2025-07-28 09:56:13","2025-07-28 09:56:13","","","","","","","","","","","","","","","","","","","","","","","","","","","","","","","","","","","","","","","","","","","","","","","","","","","","","","","","","","","","","","","","","","","","","","","","",""
"DLF4HGUC","journalArticle","2024","Karunanethy, Mukesh; Rengaswamy, Raghunathan; Panchagnula, Mahesh V.","Upstream flow geometries can be uniquely learnt from single-point turbulence signatures","","","","","http://arxiv.org/pdf/2412.10630v1","","2024","2025-07-28 09:56:13","2025-07-28 09:56:13","","","","","","","","","","","","","","","","","","","","","","","","","","","","","","","","","","","","","","","","","","","","","","","","","","","","","","","","","","","","","","","","","","","","","","","","",""
"ABCQPGNK","journalArticle","2024","Cádiz-Leyton, Martina; Cabrera-Vives, Guillermo; Protopapas, Pavlos; Moreno-Cartagena, Daniel; Donoso-Oliva, Cristobal; Becker, Ignacio","Uncertainty estimation for time series classification: Exploring predictive uncertainty in transformer-based models for variable stars","","","","","http://arxiv.org/pdf/2412.10528v1","","2024","2025-07-28 09:56:13","2025-07-28 09:56:13","","","","","","","","","","","","","","","","","","","","","","","","","","","","","","","","","","","","","","","","","","","","","","","","","","","","","","","","","","","","","","","","","","","","","","","","",""
"QZI4WZ4W","journalArticle","2024","Li, Shijun; Hasson, Hilaf; Hu, Jing; Ghosh, Joydeep","Goal-Conditioned Supervised Learning for Multi-Objective Recommendation","","","","","http://arxiv.org/pdf/2412.08911v3","","2024","2025-07-28 09:56:13","2025-07-28 09:56:13","","","","","","","","","","","","","","","","","","","","","","","","","","","","","","","","","","","","","","","","","","","","","","","","","","","","","","","","","","","","","","","","","","","","","","","","",""
"MV4FVDME","journalArticle","2024","Geissler, Daniel; Zhou, Bo; Lukowicz, Paul","Strategies and Challenges of Efficient White-Box Training for Human Activity Recognition","","","","","http://arxiv.org/pdf/2412.08507v1","","2024","2025-07-28 09:56:13","2025-07-28 09:56:13","","","","","","","","","","","","","","","","","","","","","","","","","","","","","","","","","","","","","","","","","","","","","","","","","","","","","","","","","","","","","","","","","","","","","","","","",""
"KFUPTMWN","journalArticle","2024","Islam, Md Khairul; Fox, Judy","WinTSR: A Windowed Temporal Saliency Rescaling Method for Interpreting Time Series Deep Learning Models","","","","","http://arxiv.org/pdf/2412.04532v3","","2024","2025-07-28 09:56:13","2025-07-28 09:56:13","","","","","","","","","","","","","","","","","","","","","","","","","","","","","","","","","","","","","","","","","","","","","","","","","","","","","","","","","","","","","","","","","","","","","","","","",""
"9YAWX43P","journalArticle","2024","Yoosoofsah, Akram","Predicting Extubation Failure in Intensive Care: The Development of a Novel, End-to-End Actionable and Interpretable Prediction System","","","","","http://arxiv.org/pdf/2412.00105v1","","2024","2025-07-28 09:56:13","2025-07-28 09:56:13","","","","","","","","","","","","","","","","","","","","","","","","","","","","","","","","","","","","","","","","","","","","","","","","","","","","","","","","","","","","","","","","","","","","","","","","",""
"243SIEWE","journalArticle","2024","Han, Jiaan; Chen, Junxiao; Fu, Yanzhe","CatNet: Controlling the False Discovery Rate in LSTM with SHAP Feature Importance and Gaussian Mirrors","","","","","http://arxiv.org/pdf/2411.16666v3","","2024","2025-07-28 09:56:13","2025-07-28 09:56:13","","","","","","","","","","","","","","","","","","","","","","","","","","","","","","","","","","","","","","","","","","","","","","","","","","","","","","","","","","","","","","","","","","","","","","","","",""
"HADNVH2P","journalArticle","2024","Makhija, Yukti; Brouwer, Edward De; Krishnan, Rahul G.","Learning Predictive Checklists with Probabilistic Logic Programming","","","","","http://arxiv.org/pdf/2411.16790v1","","2024","2025-07-28 09:56:13","2025-07-28 09:56:13","","","","","","","","","","","","","","","","","","","","","","","","","","","","","","","","","","","","","","","","","","","","","","","","","","","","","","","","","","","","","","","","","","","","","","","","",""
"5XIXR8IB","journalArticle","2024","Barašin, Irina; Bertalanič, Blaž; Mohorčič, Mihael; Fortuna, Carolina","Exploring Kolmogorov-Arnold Networks for Interpretable Time Series Classification","","","","","http://arxiv.org/pdf/2411.14904v2","","2024","2025-07-28 09:56:13","2025-07-28 09:56:13","","","","","","","","","","","","","","","","","","","","","","","","","","","","","","","","","","","","","","","","","","","","","","","","","","","","","","","","","","","","","","","","","","","","","","","","",""
"DI3QIANP","journalArticle","2024","Lee, Hoyoung; Choi, Youngsoo; Kwon, Yuhee","Quantifying Qualitative Insights: Leveraging LLMs to Market Predict","","","","","http://arxiv.org/pdf/2411.08404v1","","2024","2025-07-28 09:56:13","2025-07-28 09:56:13","","","","","","","","","","","","","","","","","","","","","","","","","","","","","","","","","","","","","","","","","","","","","","","","","","","","","","","","","","","","","","","","","","","","","","","","",""
"QH26P83P","journalArticle","2024","Gómez, Pablo; Vavrek, Roland D.; Buenadicha, Guillermo; Hoar, John; Kruk, Sandor; Reerink, Jan","Machine learning-driven Anomaly Detection and Forecasting for Euclid Space Telescope Operations","","","","","http://arxiv.org/pdf/2411.05596v1","","2024","2025-07-28 09:56:13","2025-07-28 09:56:13","","","","","","","","","","","","","","","","","","","","","","","","","","","","","","","","","","","","","","","","","","","","","","","","","","","","","","","","","","","","","","","","","","","","","","","","",""
"R3Z7KMZG","journalArticle","2024","Poirier, Fabien","From CNN to CNN + RNN: Adapting Visualization Techniques for Time-Series Anomaly Detection","","","","","http://arxiv.org/pdf/2411.04707v3","","2024","2025-07-28 09:56:13","2025-07-28 09:56:13","","","","","","","","","","","","","","","","","","","","","","","","","","","","","","","","","","","","","","","","","","","","","","","","","","","","","","","","","","","","","","","","","","","","","","","","",""
"LEAEPKSA","journalArticle","2024","Brüsch, Thea; Wickstrøm, Kristoffer K.; Schmidt, Mikkel N.; Jenssen, Robert; Alstrøm, Tommy S.","FLEXtime: Filterbank learning to explain time series","","","","","http://arxiv.org/pdf/2411.05841v3","State-of-the-art methods for explaining predictions from time series involve learning an instance-wise saliency mask for each time step; however, many types of time series are difficult to interpret in the time domain, due to the inherently complex nature of the data. Instead, we propose to view time series explainability as saliency maps over interpretable parts, leaning on established signal processing methodology on signal decomposition. Specifically, we propose a new method called FLEXtime that uses a bank of bandpass filters to split the time series into frequency bands. Then, we learn the combination of these bands that optimally explains the model’s prediction. Our extensive evaluation shows that, on average, FLEXtime outperforms state-of-the-art explainability methods across a range of datasets. FLEXtime fills an important gap in the current time series explainability methodology and is a valuable tool for a wide range of time series such as EEG and audio. Code is available at https://github.com/theabrusch/FLEXtime.","2024","2025-07-28 09:56:13","2025-08-18 09:14:44","","","","","","","","","","","","","","","","","","","","","","","","/Users/jensreil/Zotero/storage/ZJJTMNXC/Brüsch et al. - 2024 - FLEXtime Filterbank learning to explain time series.pdf","","","","","","","","","","","","","","","","","","","","","","","","","","","","","","","","","","","","","","","","","","","","","","","","",""
"WTMYH3PS","journalArticle","2024","Escudero-Arnanz, Óscar; Soguero-Ruiz, Cristina; Marques, Antonio G.","Explainable Spatio-Temporal GCNNs for Irregular Multivariate Time Series: Architecture and Application to ICU Patient Data","","","","","http://arxiv.org/pdf/2411.01070v1","","2024","2025-07-28 09:56:13","2025-07-28 09:56:13","","","","","","","","","","","","","","","","","","","","","","","","","","","","","","","","","","","","","","","","","","","","","","","","","","","","","","","","","","","","","","","","","","","","","","","","",""
"I8PJBE5P","journalArticle","2024","Ji, Xiayan; Xue, Anton; Wong, Eric; Sokolsky, Oleg; Lee, Insup","AR-Pro: Counterfactual Explanations for Anomaly Repair with Formal Properties","","","","","http://arxiv.org/pdf/2410.24178v1","","2024","2025-07-28 09:56:13","2025-07-28 09:56:13","","","","","","","","","","","","","","","","","","","","","","","","","","","","","","","","","","","","","","","","","","","","","","","","","","","","","","","","","","","","","","","","","","","","","","","","",""
"2U6WZGVX","journalArticle","2024","Nanini, Santino; Abid, Mariem; Mamouni, Yassir; Wiedemann, Arnaud; Jouvet, Philippe; Bourassa, Stephane","Development and Comparative Analysis of Machine Learning Models for Hypoxemia Severity Triage in CBRNE Emergency Scenarios Using Physiological and Demographic Data from Medical-Grade Devices","","","","","http://arxiv.org/pdf/2410.23503v1","","2024","2025-07-28 09:56:13","2025-07-28 09:56:13","","","","","","","","","","","","","","","","","","","","","","","","","","","","","","","","","","","","","","","","","","","","","","","","","","","","","","","","","","","","","","","","","","","","","","","","",""
"2IKDYXIP","journalArticle","2024","Kim, Minha; Bhaumik, Kishor Kumar; Ali, Amin Ahsan; Woo, Simon S.","MIXAD: Memory-Induced Explainable Time Series Anomaly Detection","","","","","http://arxiv.org/pdf/2410.22735v1","","2024","2025-07-28 09:56:13","2025-07-28 09:56:13","","","","","","","","","","","","","","","","","","","","","","","","","","","","","","","","","","","","","","","","","","","","","","","","","","","","","","","","","","","","","","","","","","","","","","","","",""
"2XU9S5LG","journalArticle","2024","Corradini, Flavio; Gerosa, Flavio; Gori, Marco; Lucheroni, Carlo; Piangerelli, Marco; Zannotti, Martina","A Systematic Literature Review of Spatio-Temporal Graph Neural Network Models for Time Series Forecasting and Classification","","","","","http://arxiv.org/pdf/2410.22377v2","","2024","2025-07-28 09:56:13","2025-07-28 09:56:13","","","","","","","","","","","","","","","","","","","","","","","","","","","","","","","","","","","","","","","","","","","","","","","","","","","","","","","","","","","","","","","","","","","","","","","","",""
"LIHNMNXZ","journalArticle","2024","Li, Peiyu; Bahri, Omar; Hosseinzadeh, Pouya; Boubrahimi, Soukaïna Filali; Hamdi, Shah Muhammad","Info-CELS: Informative Saliency Map Guided Counterfactual Explanation","","","","","http://arxiv.org/pdf/2410.20539v1","","2024","2025-07-28 09:56:13","2025-07-28 09:56:13","","","","","","","","","","","","","","","","","","","","","","","","","","","","","","","","","","","","","","","","","","","","","","","","","","","","","","","","","","","","","","","","","","","","","","","","",""
"LSFMFIJM","journalArticle","2024","Rabel, Martin; Günther, Wiebke; Runge, Jakob; Gerhardus, Andreas","Causal Modeling in Multi-Context Systems: Distinguishing Multiple Context-Specific Causal Graphs which Account for Observational Support","","","","","http://arxiv.org/pdf/2410.20405v1","","2024","2025-07-28 09:56:13","2025-07-28 09:56:13","","","","","","","","","","","","","","","","","","","","","","","","","","","","","","","","","","","","","","","","","","","","","","","","","","","","","","","","","","","","","","","","","","","","","","","","",""
"FNSR9XWR","journalArticle","2024","Willis, John M.","QIXAI: A Quantum-Inspired Framework for Enhancing Classical and Quantum Model Transparency and Understanding","","","","","http://arxiv.org/pdf/2410.16537v1","","2024","2025-07-28 09:56:13","2025-07-28 09:56:13","","","","","","","","","","","","","","","","","","","","","","","","","","","","","","","","","","","","","","","","","","","","","","","","","","","","","","","","","","","","","","","","","","","","","","","","",""
"LQXCHE5Y","journalArticle","2024","Aksu, Taha; Liu, Chenghao; Saha, Amrita; Tan, Sarah; Xiong, Caiming; Sahoo, Doyen","XForecast: Evaluating Natural Language Explanations for Time Series Forecasting","","","","","http://arxiv.org/pdf/2410.14180v2","","2024","2025-07-28 09:56:13","2025-07-28 09:56:13","","","","","","","","","","","","","","","","","","","","","","","","","","","","","","","","","","","","","","","","","","","","","","","","","","","","","","","","","","","","","","","","","","","","","","","","",""
"4SWT5CXF","journalArticle","2024","Cai, Yifu; Choudhry, Arjun; Goswami, Mononito; Dubrawski, Artur","TimeSeriesExam: A time series understanding exam","","","","","http://arxiv.org/pdf/2410.14752v1","","2024","2025-07-28 09:56:13","2025-07-28 09:56:13","","","","","","","","","","","","","","","","","","","","","","","","","","","","","","","","","","","","","","","","","","","","","","","","","","","","","","","","","","","","","","","","","","","","","","","","",""
"F75CZQPG","journalArticle","2024","Guerra, Michele; Scardapane, Simone; Bianchi, Filippo Maria","Interpreting Temporal Graph Neural Networks with Koopman Theory","","","","","http://arxiv.org/pdf/2410.13469v1","","2024","2025-07-28 09:56:13","2025-07-28 09:56:13","","","","","","","","","","","","","","","","","","","","","","","","","","","","","","","","","","","","","","","","","","","","","","","","","","","","","","","","","","","","","","","","","","","","","","","","",""
"GTYRZ6IK","journalArticle","2024","Fouladgar, Nazanin; Alirezaie, Marjan; Främling, Kary","SSET: Swapping-Sliding Explanation for Time Series Classifiers in Affect Detection","","","","","http://arxiv.org/pdf/2410.12996v1","","2024","2025-07-28 09:56:13","2025-07-28 09:56:13","","","","","","","","","","","","","","","","","","","","","","","","","","","","","","","","","","","","","","","","","","","","","","","","","","","","","","","","","","","","","","","","","","","","","","","","",""
"VE56N3UQ","journalArticle","2024","Wang, Zhifeng; Wu, Wanxuan; Zeng, Chunyan","PhysioFormer: Integrating Multimodal Physiological Signals and Symbolic Regression for Explainable Affective State Prediction","","","","","http://arxiv.org/pdf/2410.11376v1","","2024","2025-07-28 09:56:13","2025-07-28 09:56:13","","","","","","","","","","","","","","","","","","","","","","","","","","","","","","","","","","","","","","","","","","","","","","","","","","","","","","","","","","","","","","","","","","","","","","","","",""
"G964HPP2","journalArticle","2024","Sprang, Angela van; Acar, Erman; Zuidema, Willem","Enforcing Interpretability in Time Series Transformers: A Concept Bottleneck Framework","","","","","http://arxiv.org/pdf/2410.06070v1","","2024","2025-07-28 09:56:13","2025-07-28 09:56:13","","","","","","","","","","","","","","","","","","","","","","","","","","","","","","","","","","","","","","","","","","","","","","","","","","","","","","","","","","","","","","","","","","","","","","","","",""
"L9JAJ6YE","journalArticle","2024","Zhang, Xinyu; Liu, Yuhan; Chang, Haonan; Schramm, Liam; Boularias, Abdeslam","Autoregressive Action Sequence Learning for Robotic Manipulation","","","","","http://arxiv.org/pdf/2410.03132v5","","2024","2025-07-28 09:56:13","2025-07-28 09:56:13","","","","","","","","","","","","","","","","","","","","","","","","","","","","","","","","","","","","","","","","","","","","","","","","","","","","","","","","","","","","","","","","","","","","","","","","",""
"EHMX3T3V","journalArticle","2024","Zheng, Xu; Shirani, Farhad; Chen, Zhuomin; Lin, Chaohao; Cheng, Wei; Guo, Wenbo; Luo, Dongsheng","F-Fidelity: A Robust Framework for Faithfulness Evaluation of Explainable AI","","","","","http://arxiv.org/pdf/2410.02970v2","","2024","2025-07-28 09:56:13","2025-07-28 09:56:13","","","","","","","","","","","","","","","","","","","","","","","","","","","","","","","","","","","","","","","","","","","","","","","","","","","","","","","","","","","","","","","","","","","","","","","","",""
"67Y38ZNN","journalArticle","2024","Heidenreich, Hunter S.; Vlachas, Pantelis R.; Koumoutsakos, Petros","Deconstructing Recurrence, Attention, and Gating: Investigating the transferability of Transformers and Gated Recurrent Neural Networks in forecasting of dynamical systems","","","","","http://arxiv.org/pdf/2410.02654v1","","2024","2025-07-28 09:56:13","2025-07-28 09:56:13","","","","","","","","","","","","","","","","","","","","","","","","","","","","","","","","","","","","","","","","","","","","","","","","","","","","","","","","","","","","","","","","","","","","","","","","",""
"7VJDHW6R","journalArticle","2024","Kündig, Pascal; Sigrist, Fabio","A Spatio-Temporal Machine Learning Model for Mortgage Credit Risk: Default Probabilities and Loan Portfolios","","","","","http://arxiv.org/pdf/2410.02846v2","","2024","2025-07-28 09:56:13","2025-07-28 09:56:13","","","","","","","","","","","","","","","","","","","","","","","","","","","","","","","","","","","","","","","","","","","","","","","","","","","","","","","","","","","","","","","","","","","","","","","","",""
"AVSLPQMU","journalArticle","2024","Elborough, Lauren; Taylor, Duncan; Humphries, Melissa","A novel application of Shapley values for large multidimensional time-series data: Applying explainable AI to a DNA profile classification neural network","","","","","http://arxiv.org/pdf/2409.18156v1","","2024","2025-07-28 09:56:13","2025-07-28 09:56:13","","","","","","","","","","","","","","","","","","","","","","","","","","","","","","","","","","","","","","","","","","","","","","","","","","","","","","","","","","","","","","","","","","","","","","","","",""
"FXIZBQAX","journalArticle","2024","Ma, Hongnan; McAreavey, Kevin; Liu, Weiru","TSFeatLIME: An Online User Study in Enhancing Explainability in Univariate Time Series Forecasting","","","","","http://arxiv.org/pdf/2409.15950v1","","2024","2025-07-28 09:56:13","2025-07-28 09:56:13","","","","","","","","","","","","","","","","","","","","","","","","","","","","","","","","","","","","","","","","","","","","","","","","","","","","","","","","","","","","","","","","","","","","","","","","",""
"TXS8YI68","journalArticle","2024","Jin, Helen; Havaldar, Shreya; Kim, Chaehyeon; Xue, Anton; You, Weiqiu; Qu, Helen; Gatti, Marco; Hashimoto, Daniel A.; Jain, Bhuvnesh; Madani, Amin; Sako, Masao; Ungar, Lyle; Wong, Eric","The FIX Benchmark: Extracting Features Interpretable to eXperts","","","","","http://arxiv.org/pdf/2409.13684v4","","2024","2025-07-28 09:56:13","2025-07-28 09:56:13","","","","","","","","","","","","","","","","","","","","","","","","","","","","","","","","","","","","","","","","","","","","","","","","","","","","","","","","","","","","","","","","","","","","","","","","",""
"99MXEUYM","journalArticle","2024","Silva, P. H. O.; Cerqueira, A. S.; Nepomuceno, E. G.","Insightful Railway Track Evaluation: Leveraging NARX Feature Interpretation","","","","","http://arxiv.org/pdf/2410.02770v1","","2024","2025-07-28 09:56:13","2025-07-28 09:56:13","","","","","","","","","","","","","","","","","","","","","","","","","","","","","","","","","","","","","","","","","","","","","","","","","","","","","","","","","","","","","","","","","","","","","","","","",""
"ABS4XYZN","journalArticle","2024","Huang, Qi; Kitharidis, Sofoklis; Bäck, Thomas; Stein, Niki van","TX-Gen: Multi-Objective Optimization for Sparse Counterfactual Explanations for Time-Series Classification","","","","","http://arxiv.org/pdf/2409.09461v2","","2024","2025-07-28 09:56:13","2025-07-28 09:56:13","","","","","","","","","","","","","","","","","","","","","","","","","","","","","","","","","","","","","","","","","","","","","","","","","","","","","","","","","","","","","","","","","","","","","","","","",""
"38LKZ2V8","journalArticle","2024","Zhong, Ruiqi; Wang, Heng; Klein, Dan; Steinhardt, Jacob","Explaining Datasets in Words: Statistical Models with Natural Language Parameters","","","","","http://arxiv.org/pdf/2409.08466v2","","2024","2025-07-28 09:56:13","2025-07-28 09:56:13","","","","","","","","","","","","","","","","","","","","","","","","","","","","","","","","","","","","","","","","","","","","","","","","","","","","","","","","","","","","","","","","","","","","","","","","",""
"R49VZP6H","journalArticle","2024","Yu, Zhendong; Huang, Haiping","Network reconstruction may not mean dynamics prediction","","","","","http://arxiv.org/pdf/2409.04240v2","","2024","2025-07-28 09:56:13","2025-07-28 09:56:13","","","","","","","","","","","","","","","","","","","","","","","","","","","","","","","","","","","","","","","","","","","","","","","","","","","","","","","","","","","","","","","","","","","","","","","","",""
"9BP6FGDN","journalArticle","2024","Hartl, Alexander; Vázquez, Félix Iglesias; Zseby, Tanja","SDOoop: Capturing Periodical Patterns and Out-of-phase Anomalies in Streaming Data Analysis","","","","","http://arxiv.org/pdf/2409.02973v1","","2024","2025-07-28 09:56:13","2025-07-28 09:56:13","","","","","","","","","","","","","","","","","","","","","","","","","","","","","","","","","","","","","","","","","","","","","","","","","","","","","","","","","","","","","","","","","","","","","","","","",""
"8CDRVVNH","journalArticle","2024","Knab, Patrick; Marton, Sascha; Bartelt, Christian; Fuder, Robert","Interpreting Outliers in Time Series Data through Decoding Autoencoder","","","","","http://arxiv.org/pdf/2409.01713v2","","2024","2025-07-28 09:56:13","2025-07-28 09:56:13","","","","","","","","","","","","","","","","","","","","","","","","","","","","","","","","","","","","","","","","","","","","","","","","","","","","","","","","","","","","","","","","","","","","","","","","",""
"4IC5EDGC","journalArticle","2024","Rezaei, Shahbaz; Liu, Xin","Explanation Space: A New Perspective into Time Series Interpretability","","","","","http://arxiv.org/pdf/2409.01354v3","Human understandable explanation of deep learning models is essential for various critical and sensitive applications. Unlike image or tabular data where the importance of each input feature (for the classifier’s decision) can be directly projected into the input, time series distinguishable features (e.g. dominant frequency) are often hard to manifest in time domain for a user to easily understand. Additionally, most explanation methods require a baseline value as an indication of the absence of any feature. However, the notion of lack of feature, which is often defined as black pixels for vision tasks or zero/mean values for tabular data, is not well-defined in time series. Despite the adoption of explainable AI methods (XAI) from tabular and vision domain into time series domain, these differences limit the application of these XAI methods in practice. In this paper, we propose a simple yet effective method that allows a model originally trained on the time domain to be interpreted in other explanation spaces using existing methods. We suggest five explanation spaces, each of which can potentially alleviate these issues in certain types of time series. Our method can be easily integrated into existing platforms without any changes to trained models or XAI methods. The code will be released upon acceptance.","2024","2025-07-28 09:56:13","2025-08-18 09:15:00","","","","","","","","","","","","","","","","","","","","","","","","/Users/jensreil/Zotero/storage/L4CLF6BI/Rezaei and Liu - 2024 - Explanation Space A New Perspective into Time Series Interpretability.pdf","","","","","","","","","","","","","","","","","","","","","","","","","","","","","","","","","","","","","","","","","","","","","","","","",""
"5J2GFQ73","journalArticle","2024","Deng, Yangfan; Albidah, Hamad; Dallal, Ahmed; Yin, Jijun; Mao, Zhi-Hong","Two-Stage Hierarchical and Explainable Feature Selection Framework for Dimensionality Reduction in Sleep Staging","","","","","http://arxiv.org/pdf/2409.00565v1","","2024","2025-07-28 09:56:13","2025-07-28 09:56:13","","","","","","","","","","","","","","","","","","","","","","","","","","","","","","","","","","","","","","","","","","","","","","","","","","","","","","","","","","","","","","","","","","","","","","","","",""
"VAYTBN7Q","journalArticle","2024","Harit, Anoushka; Sun, Zhongtian; Yu, Jongmin; Moubayed, Noura Al","Breaking Down Financial News Impact: A Novel AI Approach with Geometric Hypergraphs","","","","","http://arxiv.org/pdf/2409.00438v1","","2024","2025-07-28 09:56:13","2025-07-28 09:56:13","","","","","","","","","","","","","","","","","","","","","","","","","","","","","","","","","","","","","","","","","","","","","","","","","","","","","","","","","","","","","","","","","","","","","","","","",""
"PKZMAZ7U","journalArticle","2024","Kim, Younghwi; Kim, Dohee; Sim, Sunghyun","DLFormer: Enhancing Explainability in Multivariate Time Series Forecasting using Distributed Lag Embedding","","","","","http://arxiv.org/pdf/2408.16896v1","","2024","2025-07-28 09:56:13","2025-07-28 09:56:13","","","","","","","","","","","","","","","","","","","","","","","","","","","","","","","","","","","","","","","","","","","","","","","","","","","","","","","","","","","","","","","","","","","","","","","","",""
"GK7RU5AU","journalArticle","2024","Sasal, Lena; Busby, Daniel; Hadid, Abdenour","TempoKGAT: A Novel Graph Attention Network Approach for Temporal Graph Analysis","","","","","http://arxiv.org/pdf/2408.16391v2","","2024","2025-07-28 09:56:13","2025-07-28 09:56:13","","","","","","","","","","","","","","","","","","","","","","","","","","","","","","","","","","","","","","","","","","","","","","","","","","","","","","","","","","","","","","","","","","","","","","","","",""
"FRBAQFMI","journalArticle","2024","Schlegel, Udo; Keim, Daniel A.","Interactive dense pixel visualizations for time series and model attribution explanations","","","","","http://arxiv.org/pdf/2408.15073v1","","2024","2025-07-28 09:56:13","2025-07-28 09:56:13","","","","","","","","","","","","","","","","","","","","","","","","","","","","","","","","","","","","","","","","","","","","","","","","","","","","","","","","","","","","","","","","","","","","","","","","",""
"65XHTQM8","journalArticle","2024","Huang, Yiran; Zhou, Yexu; Zhao, Haibin; Riedel, Till; Beigl, Michael","Explainable Deep Learning Framework for Human Activity Recognition","","","","","http://arxiv.org/pdf/2408.11552v1","","2024","2025-07-28 09:56:13","2025-07-28 09:56:13","","","","","","","","","","","","","","","","","","","","","","","","","","","","","","","","","","","","","","","","","","","","","","","","","","","","","","","","","","","","","","","","","","","","","","","","",""
"MUXEP4NY","journalArticle","2024","Schlegel, Udo; Rauscher, Julius; Keim, Daniel A.","Interactive Counterfactual Generation for Univariate Time Series","","","","","http://arxiv.org/pdf/2408.10633v1","","2024","2025-07-28 09:56:13","2025-07-28 09:56:13","","","","","","","","","","","","","","","","","","","","","","","","","","","","","","","","","","","","","","","","","","","","","","","","","","","","","","","","","","","","","","","","","","","","","","","","",""
"I8QJQ97D","journalArticle","2024","Xia, Weijie; Peng, Gao; Wang, Chenguang; Palensky, Peter; Pauwels, Eric; Vergara, Pedro P.","An Efficient and Explainable Transformer-Based Few-Shot Learning for Modeling Electricity Consumption Profiles Across Thousands of Domains","","","","","http://arxiv.org/pdf/2408.08399v2","","2024","2025-07-28 09:56:13","2025-07-28 09:56:13","","","","","","","","","","","","","","","","","","","","","","","","","","","","","","","","","","","","","","","","","","","","","","","","","","","","","","","","","","","","","","","","","","","","","","","","",""
"CW875Y92","journalArticle","2024","Roy, Sarbojit; Sultan, Malik Shahid; Ombao, Hernando","Classification of High-dimensional Time Series in Spectral Domain using Explainable Features","","","","","http://arxiv.org/pdf/2408.08388v1","","2024","2025-07-28 09:56:13","2025-07-28 09:56:13","","","","","","","","","","","","","","","","","","","","","","","","","","","","","","","","","","","","","","","","","","","","","","","","","","","","","","","","","","","","","","","","","","","","","","","","",""
"43QEQ88T","journalArticle","2024","Namdari, Jamshid; Manatunga, Amita; Ferrarelli, Fabio; Krafty, Robert","Localized Sparse Principal Component Analysis of Multivariate Time Series in Frequency Domain","","","","","http://arxiv.org/pdf/2408.08177v1","","2024","2025-07-28 09:56:13","2025-07-28 09:56:13","","","","","","","","","","","","","","","","","","","","","","","","","","","","","","","","","","","","","","","","","","","","","","","","","","","","","","","","","","","","","","","","","","","","","","","","",""
"QF9VXWNM","journalArticle","2024","Chen, Feiyi; Zhang, Yingying; Fan, Lunting; Liang, Yuxuan; Pang, Guansong; Wen, Qingsong; Deng, Shuiguang","Cluster-Wide Task Slowdown Detection in Cloud System","","","","","http://arxiv.org/pdf/2408.04236v1","","2024","2025-07-28 09:56:13","2025-07-28 09:56:13","","","","","","","","","","","","","","","","","","","","","","","","","","","","","","","","","","","","","","","","","","","","","","","","","","","","","","","","","","","","","","","","","","","","","","","","",""
"KKUBGZW5","journalArticle","2024","Chung, Hyunseung; Jo, Sumin; Kwon, Yeonsu; Choi, Edward","Time is Not Enough: Time-Frequency based Explanation for Time-Series Black-Box Models","","","","","http://arxiv.org/pdf/2408.03636v2","","2024","2025-07-28 09:56:13","2025-07-28 09:56:13","","","","","","","","","","","","","","","","","","","","","","","","","","","","","","","","","","","","","","","","","","","","","","","","","","","","","","","","","","","","","","","","","","","","","","","","",""
"GPEJ94R3","journalArticle","2024","Kamanchi, Chandramouli; Mukherjee, Sumanta; Sampath, Kameshwaran; Dayama, Pankaj; Jati, Arindam; Ekambaram, Vijay; Phan, Dzung","Activations Through Extensions: A Framework To Boost Performance Of Neural Networks","","","","","http://arxiv.org/pdf/2408.03599v2","","2024","2025-07-28 09:56:13","2025-07-28 09:56:13","","","","","","","","","","","","","","","","","","","","","","","","","","","","","","","","","","","","","","","","","","","","","","","","","","","","","","","","","","","","","","","","","","","","","","","","",""
"3JVG7NJS","journalArticle","2024","Dong, Manqing; Huang, Hao; Cao, Longbing","Can LLMs Serve As Time Series Anomaly Detectors?","","","","","http://arxiv.org/pdf/2408.03475v1","","2024","2025-07-28 09:56:13","2025-07-28 09:56:13","","","","","","","","","","","","","","","","","","","","","","","","","","","","","","","","","","","","","","","","","","","","","","","","","","","","","","","","","","","","","","","","","","","","","","","","",""
"JNX6WRWX","journalArticle","2024","Fascia, Michael","Machine Learning Applications in Medical Prognostics: A Comprehensive Review","","","","","http://arxiv.org/pdf/2408.02344v1","","2024","2025-07-28 09:56:13","2025-07-28 09:56:13","","","","","","","","","","","","","","","","","","","","","","","","","","","","","","","","","","","","","","","","","","","","","","","","","","","","","","","","","","","","","","","","","","","","","","","","",""
"RVGBZMG4","journalArticle","2024","Naser, Ahmed Z.; Naser, M. Z.","SPINEX-TimeSeries: Similarity-based Predictions with Explainable Neighbors Exploration for Time Series and Forecasting Problems","","","","","http://arxiv.org/pdf/2408.02159v1","","2024","2025-07-28 09:56:13","2025-07-28 09:56:13","","","","","","","","","","","","","","","","","","","","","","","","","","","","","","","","","","","","","","","","","","","","","","","","","","","","","","","","","","","","","","","","","","","","","","","","",""
"RUDYFTP2","journalArticle","2024","Asadpour, Abdoreza; Wong-Lin, KongFatt","Can multivariate Granger causality detect directed connectivity of a multistable and dynamic biological decision network model?","","","","","http://arxiv.org/pdf/2408.01528v1","","2024","2025-07-28 09:56:13","2025-07-28 09:56:13","","","","","","","","","","","","","","","","","","","","","","","","","","","","","","","","","","","","","","","","","","","","","","","","","","","","","","","","","","","","","","","","","","","","","","","","",""
"LW4AFHI8","journalArticle","2024","Pierzyna, Maximilian; Basu, Sukanta; Saathof, Rudolf","OTCliM: generating a near-surface climatology of optical turbulence strength (C_n^2) using gradient boosting","","","","","http://arxiv.org/pdf/2408.00520v2","","2024","2025-07-28 09:56:13","2025-07-28 09:56:13","","","","","","","","","","","","","","","","","","","","","","","","","","","","","","","","","","","","","","","","","","","","","","","","","","","","","","","","","","","","","","","","","","","","","","","","",""
"93WSBB5E","journalArticle","2024","Davies, Harry J.; Monsen, James; Mandic, Danilo P.","Interpretable Pre-Trained Transformers for Heart Time-Series Data","","","","","http://arxiv.org/pdf/2407.20775v2","","2024","2025-07-28 09:56:13","2025-07-28 09:56:13","","","","","","","","","","","","","","","","","","","","","","","","","","","","","","","","","","","","","","","","","","","","","","","","","","","","","","","","","","","","","","","","","","","","","","","","",""
"3TN8JR96","journalArticle","2024","Escudero-Arnanz, Óscar; Soguero-Ruiz, Cristina; Álvarez-Rodríguez, Joaquín; Marques, Antonio G.","Explainable Artificial Intelligence Techniques for Irregular Temporal Classification of Multidrug Resistance Acquisition in Intensive Care Unit Patients","","","","","http://arxiv.org/pdf/2407.17165v1","","2024","2025-07-28 09:56:13","2025-07-28 09:56:13","","","","","","","","","","","","","","","","","","","","","","","","","","","","","","","","","","","","","","","","","","","","","","","","","","","","","","","","","","","","","","","","","","","","","","","","",""
"MAJ4BQS4","journalArticle","2024","Do, Bach Viet; Li, Xingyu; Pan, Chaoye","Forecasting Automotive Supply Chain Shortfalls with Heterogeneous Time Series","","","","","http://arxiv.org/pdf/2407.16739v3","","2024","2025-07-28 09:56:13","2025-07-28 09:56:13","","","","","","","","","","","","","","","","","","","","","","","","","","","","","","","","","","","","","","","","","","","","","","","","","","","","","","","","","","","","","","","","","","","","","","","","",""
"3DKEJV99","journalArticle","2024","Tang, Zihan; Ji, Tianyao; Tang, Wenhu","Learning Global and Local Features of Power Load Series Through Transformer and 2D-CNN: An Image-based Multi-step Forecasting Approach Incorporating Phase Space Reconstruction","","","","","http://arxiv.org/pdf/2407.11553v2","","2024","2025-07-28 09:56:13","2025-07-28 09:56:13","","","","","","","","","","","","","","","","","","","","","","","","","","","","","","","","","","","","","","","","","","","","","","","","","","","","","","","","","","","","","","","","","","","","","","","","",""
"XQB63H42","journalArticle","2024","Gou, Xiaochuan; Li, Ziyue; Lan, Tian; Lin, Junpeng; Li, Zhishuai; Zhao, Bingyu; Zhang, Chen; Wang, Di; Zhang, Xiangliang","XTraffic: A Dataset Where Traffic Meets Incidents with Explainability and More","","","","","http://arxiv.org/pdf/2407.11477v1","","2024","2025-07-28 09:56:13","2025-07-28 09:56:13","","","","","","","","","","","","","","","","","","","","","","","","","","","","","","","","","","","","","","","","","","","","","","","","","","","","","","","","","","","","","","","","","","","","","","","","",""
"4QFTZVLZ","journalArticle","2024","Trottet, Cécile; Schürch, Manuel; Allam, Ahmed; Barua, Imon; Petelytska, Liubov; Launay, David; Airò, Paolo; Bečvář, Radim; Denton, Christopher; Radic, Mislav; Distler, Oliver; Hoffmann-Vold, Anna-Maria; Krauthammer, Michael; collaborators, the EUSTAR","Semi-Supervised Generative Models for Disease Trajectories: A Case Study on Systemic Sclerosis","","","","","http://arxiv.org/pdf/2407.11427v2","","2024","2025-07-28 09:56:13","2025-07-28 09:56:13","","","","","","","","","","","","","","","","","","","","","","","","","","","","","","","","","","","","","","","","","","","","","","","","","","","","","","","","","","","","","","","","","","","","","","","","",""
"IKKMMFT2","journalArticle","2024","Ale, Tolulope; Schlegel, Nicole-Jeanne; Janeja, Vandana P.","Harnessing Feature Clustering For Enhanced Anomaly Detection With Variational Autoencoder And Dynamic Threshold","","","","","http://arxiv.org/pdf/2407.10042v1","","2024","2025-07-28 09:56:13","2025-07-28 09:56:13","","","","","","","","","","","","","","","","","","","","","","","","","","","","","","","","","","","","","","","","","","","","","","","","","","","","","","","","","","","","","","","","","","","","","","","","",""
"VDJ4VW8Y","journalArticle","2024","Yao, Fulong; Zhao, Wanqing; Forshaw, Matthew; Song, Yang","A Self-organizing Interval Type-2 Fuzzy Neural Network for Multi-Step Time Series Prediction","","","","","http://arxiv.org/pdf/2407.08010v2","","2024","2025-07-28 09:56:13","2025-07-28 09:56:13","","","","","","","","","","","","","","","","","","","","","","","","","","","","","","","","","","","","","","","","","","","","","","","","","","","","","","","","","","","","","","","","","","","","","","","","",""
"NDT7XSTD","journalArticle","2024","Gabrielli, Davide; Prenkaj, Bardh; Velardi, Paola","Seamless Monitoring of Stress Levels Leveraging a Universal Model for Time Sequences","","","","","http://arxiv.org/pdf/2407.03821v2","","2024","2025-07-28 09:56:13","2025-07-28 09:56:13","","","","","","","","","","","","","","","","","","","","","","","","","","","","","","","","","","","","","","","","","","","","","","","","","","","","","","","","","","","","","","","","","","","","","","","","",""
"HCQNQ956","journalArticle","2024","Pichowski, Jan von; Perri, Vincenzo; Qarkaxhija, Lisi; Scholtes, Ingo","Inference of Sequential Patterns for Neural Message Passing in Temporal Graphs","","","","","http://arxiv.org/pdf/2406.16552v1","","2024","2025-07-28 09:56:13","2025-07-28 09:56:13","","","","","","","","","","","","","","","","","","","","","","","","","","","","","","","","","","","","","","","","","","","","","","","","","","","","","","","","","","","","","","","","","","","","","","","","",""
"YSQAVQVR","journalArticle","2024","Brüsch, Thea; Wickstrøm, Kristoffer Knutsen; Schmidt, Mikkel N.; Alstrøm, Tommy Sonne; Jenssen, Robert","FreqRISE: Explaining time series using frequency masking","","","","","http://arxiv.org/pdf/2406.13584v2","Time-series data are fundamentally important for many critical domains such as healthcare, finance, and climate, where explainable models are necessary for safe automated decision making. To develop explainable artificial intelligence in these domains therefore implies explaining salient information in the time series. Current methods for obtaining saliency maps assume localized information in the raw input space. In this paper, we argue that the salient information of a number of time series is more likely to be localized in the frequency domain. We propose FreqRISE, which uses masking-based methods to produce explanations in the frequency and time-frequency domain, and outperforms strong baselines across a number of tasks. The source code is available here: https://github.com/theabrusch/FreqRISE","2024","2025-07-28 09:56:13","2025-08-18 09:15:12","","","","","","","","","","","","","","","","","","","","","","","","/Users/jensreil/Zotero/storage/3PPJTK4D/Brüsch et al. - 2024 - FreqRISE Explaining time series using frequency masking.pdf","","","","","","","","","","","","","","","","","","","","","","","","","","","","","","","","","","","","","","","","","","","","","","","","",""
"DM4VLWHL","journalArticle","2024","Serramazza, Davide Italo; Nguyen, Thach Le; Ifrim, Georgiana","Improving the Evaluation and Actionability of Explanation Methods for Multivariate Time Series Classification","","","","","http://arxiv.org/pdf/2406.12507v2","Explanation for Multivariate Time Series Classification (MTSC) is an important topic that is under explored. There are very few quantitative evaluation methodologies and even fewer examples of actionable explanation, where the explanation methods are shown to objectively improve specific computational tasks on time series data. In this paper we focus on analyzing InterpretTime, a recent evaluation methodology for attribution methods applied to MTSC. We showcase some significant weaknesses of the original methodology and propose ideas to improve both its accuracy and efficiency. Unlike related work, we go beyond evaluation and also showcase the actionability of the produced explainer ranking, by using the best attribution methods for the task of channel selection in MTSC. We find that perturbation-based methods such as SHAP and Feature Ablation work well across a set of datasets, classifiers and tasks and outperform gradient-based methods. We apply the best ranked explainers to channel selection for MTSC and show significant data size reduction and improved classifier accuracy.","2024","2025-07-28 09:56:13","2025-08-18 09:15:31","","","","","","","","","","","","","","","","","","","","","","","","/Users/jensreil/Zotero/storage/ELZ9CJDZ/Serramazza et al. - 2024 - Improving the Evaluation and Actionability of Explanation Methods for Multivariate Time Series Class.pdf","","","","","","","","","","","","","","","","","","","","","","","","","","","","","","","","","","","","","","","","","","","","","","","","",""
"YGY23S2I","journalArticle","2024","Wang, Meiyun; Izumi, Kiyoshi; Sakaji, Hiroki","LLMFactor: Extracting Profitable Factors through Prompts for Explainable Stock Movement Prediction","","","","","http://arxiv.org/pdf/2406.10811v1","","2024","2025-07-28 09:56:13","2025-07-28 09:56:13","","","","","","","","","","","","","","","","","","","","","","","","","","","","","","","","","","","","","","","","","","","","","","","","","","","","","","","","","","","","","","","","","","","","","","","","",""
"Q7MVHC9W","journalArticle","2024","Zhang, Ziyi; Ren, Shaogang; Qian, Xiaoning; Duffield, Nick","Learning Flexible Time-windowed Granger Causality Integrating Heterogeneous Interventional Time Series Data","","","","","http://arxiv.org/pdf/2406.10419v1","","2024","2025-07-28 09:56:13","2025-07-28 09:56:13","","","","","","","","","","","","","","","","","","","","","","","","","","","","","","","","","","","","","","","","","","","","","","","","","","","","","","","","","","","","","","","","","","","","","","","","",""
"SXUXQPES","journalArticle","2024","Piao, Xihao; Chen, Zheng; Murayama, Taichi; Matsubara, Yasuko; Sakurai, Yasushi","Fredformer: Frequency Debiased Transformer for Time Series Forecasting","","","","","http://arxiv.org/pdf/2406.09009v4","","2024","2025-07-28 09:56:13","2025-07-28 09:56:13","","","","","","","","","","","","","","","","","","","","","","","","","","","","","","","","","","","","","","","","","","","","","","","","","","","","","","","","","","","","","","","","","","","","","","","","",""
"EKS4RQE3","journalArticle","2024","Lam, Harrison; Chen, Yuanjie; Kanazawa, Noboru; Chowdhury, Mohammad; Battista, Anna; Waldert, Stephan","Event prediction and causality inference despite incomplete information","","","","","http://arxiv.org/pdf/2406.05893v1","","2024","2025-07-28 09:56:13","2025-07-28 09:56:13","","","","","","","","","","","","","","","","","","","","","","","","","","","","","","","","","","","","","","","","","","","","","","","","","","","","","","","","","","","","","","","","","","","","","","","","",""
"49G2PVCT","journalArticle","2024","Ortigoso-Narro, Jorge; Diaz-de-Maria, Fernando; Dehshibi, Mohammad Mahdi; Tajadura-Jiménez, Ana","L-SFAN: Lightweight Spatially-focused Attention Network for Pain Behavior Detection","","","","","http://arxiv.org/pdf/2406.16913v1","","2024","2025-07-28 09:56:13","2025-07-28 09:56:13","","","","","","","","","","","","","","","","","","","","","","","","","","","","","","","","","","","","","","","","","","","","","","","","","","","","","","","","","","","","","","","","","","","","","","","","",""
"XC92NAM6","journalArticle","2024","Dong, Yihe; Arik, Sercan; Yoder, Nathanael; Pfister, Tomas","Learned Feature Importance Scores for Automated Feature Engineering","","","","","http://arxiv.org/pdf/2406.04153v1","","2024","2025-07-28 09:56:13","2025-07-28 09:56:13","","","","","","","","","","","","","","","","","","","","","","","","","","","","","","","","","","","","","","","","","","","","","","","","","","","","","","","","","","","","","","","","","","","","","","","","",""
"35ETRESR","journalArticle","2024","Chen, Chi-Sheng; Wei, Chun-Shu","Mind's Eye: Image Recognition by EEG via Multimodal Similarity-Keeping Contrastive Learning","","","","","http://arxiv.org/pdf/2406.16910v1","","2024","2025-07-28 09:56:13","2025-07-28 09:56:13","","","","","","","","","","","","","","","","","","","","","","","","","","","","","","","","","","","","","","","","","","","","","","","","","","","","","","","","","","","","","","","","","","","","","","","","",""
"FVAUV3JX","journalArticle","2024","Xu, Kunpeng; Chen, Lifei; Wang, Shengrui","Kolmogorov-Arnold Networks for Time Series: Bridging Predictive Power and Interpretability","","","","","http://arxiv.org/pdf/2406.02496v1","Kolmogorov-Arnold Networks (KAN) is a groundbreaking model recently proposed by the MIT team, representing a revolutionary approach with the potential to be a game-changer in the field. This innovative concept has rapidly garnered worldwide interest within the AI community. Inspired by the Kolmogorov-Arnold representation theorem, KAN utilizes spline-parametrized univariate functions in place of traditional linear weights, enabling them to dynamically learn activation patterns and significantly enhancing interpretability. In this paper, we explore the application of KAN to time series forecasting and propose two variants: T-KAN and MT-KAN. T-KAN is designed to detect concept drift within time series and can explain the nonlinear relationships between predictions and previous time steps through symbolic regression, making it highly interpretable in dynamically changing environments. MT-KAN, on the other hand, improves predictive performance by effectively uncovering and leveraging the complex relationships among variables in multivariate time series. Experiments validate the effectiveness of these approaches, demonstrating that T-KAN and MT-KAN significantly outperform traditional methods in time series forecasting tasks, not only enhancing predictive accuracy but also improving model interpretability. This research opens new avenues for adaptive forecasting models, highlighting the potential of KAN as a powerful and interpretable tool in predictive analytics.","2024","2025-07-28 09:56:13","2025-08-18 09:15:51","","","","","","","","","","","","","","","","","","","","","","","","/Users/jensreil/Zotero/storage/VRFZ9SRI/Xu et al. - 2024 - Kolmogorov-Arnold Networks for Time Series Bridging Predictive Power and Interpretability.pdf","","","","","","","","","","","","","","","","","","","","","","","","","","","","","","","","","","","","","","","","","","","","","","","","",""
"TYP3XUZP","journalArticle","2024","Sommers, Alexander; Cummins, Logan; Mittal, Sudip; Rahimi, Shahram; Seale, Maria; Jaboure, Joseph; Arnold, Thomas","A Survey of Transformer Enabled Time Series Synthesis","","","","","http://arxiv.org/pdf/2406.02322v1","","2024","2025-07-28 09:56:13","2025-07-28 09:56:13","","","","","","","","","","","","","","","","","","","","","","","","","","","","","","","","","","","","","","","","","","","","","","","","","","","","","","","","","","","","","","","","","","","","","","","","",""
"6QC9IRCX","journalArticle","2024","Kim, Jaeho; Hahn, Seok-Ju; Hwang, Yoontae; Lee, Junghye; Lee, Seulki","CAFO: Feature-Centric Explanation on Time Series Classification","","","","","http://arxiv.org/pdf/2406.01833v2","","2024","2025-07-28 09:56:13","2025-07-28 09:56:13","","","","","","","","","","","","","","","","","","","","","","","","","","","","","","","","","","","","","","","","","","","","","","","","","","","","","","","","","","","","","","","","","","","","","","","","",""
"9VP5E7ST","journalArticle","2024","Yadav, Alka; Das, Sourish; Chakraborti, Anirban","Untangling Climate's Complexity: Methodological Insights","","","","","http://arxiv.org/pdf/2405.18391v1","","2024","2025-07-28 09:56:13","2025-07-28 09:56:13","","","","","","","","","","","","","","","","","","","","","","","","","","","","","","","","","","","","","","","","","","","","","","","","","","","","","","","","","","","","","","","","","","","","","","","","",""
"P8INWIDM","journalArticle","2024","Leppich, Robert; Borst, Vanessa; Lesch, Veronika; Kounev, Samuel","Time Series Representation Models","","","","","http://arxiv.org/pdf/2405.18165v1","","2024","2025-07-28 09:56:13","2025-07-28 09:56:13","","","","","","","","","","","","","","","","","","","","","","","","","","","","","","","","","","","","","","","","","","","","","","","","","","","","","","","","","","","","","","","","","","","","","","","","",""
"IP5SFZ8B","journalArticle","2024","Marteau, Pierre-François","Time Elastic Neural Networks","","","","","http://arxiv.org/pdf/2405.17516v2","","2024","2025-07-28 09:56:13","2025-07-28 09:56:13","","","","","","","","","","","","","","","","","","","","","","","","","","","","","","","","","","","","","","","","","","","","","","","","","","","","","","","","","","","","","","","","","","","","","","","","",""
"RKJXG98U","journalArticle","2024","Alcaraz, Juan Miguel Lopez; Strodthoff, Nils","CausalConceptTS: Causal Attributions for Time Series Classification using High Fidelity Diffusion Models","","","","","http://arxiv.org/pdf/2405.15871v1","","2024","2025-07-28 09:56:13","2025-07-28 09:56:13","","","","","","","","","","","","","","","","","","","","","","","","","","","","","","","","","","","","","","","","","","","","","","","","","","","","","","","","","","","","","","","","","","","","","","","","",""
"5Z3JENCJ","journalArticle","2024","Jahin, Md Abrar; Shahriar, Asef; Amin, Md Al","MCDFN: Supply Chain Demand Forecasting via an Explainable Multi-Channel Data Fusion Network Model","","","","","http://arxiv.org/pdf/2405.15598v5","","2024","2025-07-28 09:56:13","2025-07-28 09:56:13","","","","","","","","","","","","","","","","","","","","","","","","","","","","","","","","","","","","","","","","","","","","","","","","","","","","","","","","","","","","","","","","","","","","","","","","",""
"QC4LE5X9","journalArticle","2024","Shi, Jingzhe; Ma, Qinwei; Ma, Huan; Li, Lei","Scaling Law for Time Series Forecasting","","","","","http://arxiv.org/pdf/2405.15124v4","","2024","2025-07-28 09:56:13","2025-07-28 09:56:13","","","","","","","","","","","","","","","","","","","","","","","","","","","","","","","","","","","","","","","","","","","","","","","","","","","","","","","","","","","","","","","","","","","","","","","","",""
"68UUAXUG","journalArticle","2024","Song, Sanghyeon; Kang, Yoojin; Im, Jungho","Enhanced continuous aerosol optical depth (AOD) estimation using geostationary satellite data: focusing on nighttime AOD over East Asia","","","","","http://arxiv.org/pdf/2405.13334v1","","2024","2025-07-28 09:56:13","2025-07-28 09:56:13","","","","","","","","","","","","","","","","","","","","","","","","","","","","","","","","","","","","","","","","","","","","","","","","","","","","","","","","","","","","","","","","","","","","","","","","",""
"XAIJI2U9","journalArticle","2024","Lee, Min Hun","Towards Gradient-based Time-Series Explanations through a SpatioTemporal Attention Network","","","","","http://arxiv.org/pdf/2405.17444v1","","2024","2025-07-28 09:56:13","2025-07-28 09:56:13","","","","","","","","","","","","","","","","","","","","","","","","","","","","","","","","","","","","","","","","","","","","","","","","","","","","","","","","","","","","","","","","","","","","","","","","",""
"MGAXI4NE","journalArticle","2024","Ferfoglia, Irene; Saveri, Gaia; Nenzi, Laura; Bortolussi, Luca","ECATS: Explainable-by-design concept-based anomaly detection for time series","","","","","http://arxiv.org/pdf/2405.10608v2","","2024","2025-07-28 09:56:13","2025-07-28 09:56:13","","","","","","","","","","","","","","","","","","","","","","","","","","","","","","","","","","","","","","","","","","","","","","","","","","","","","","","","","","","","","","","","","","","","","","","","",""
"XZ5YVXRR","journalArticle","2024","Fordjour, George K.; Kalyanapu, Alfred J.","Implementing a GRU Neural Network for Flood Prediction in Ashland City, Tennessee","","","","","http://arxiv.org/pdf/2405.10375v1","","2024","2025-07-28 09:56:13","2025-07-28 09:56:13","","","","","","","","","","","","","","","","","","","","","","","","","","","","","","","","","","","","","","","","","","","","","","","","","","","","","","","","","","","","","","","","","","","","","","","","",""
"AG2LZ63Y","journalArticle","2024","Liang, Guojun; Tiwari, Prayag; Nowaczyk, Slawomir; Byttner, Stefan","Higher-order Spatio-temporal Physics-incorporated Graph Neural Network for Multivariate Time Series Imputation","","","","","http://arxiv.org/pdf/2405.10995v2","","2024","2025-07-28 09:56:13","2025-07-28 09:56:13","","","","","","","","","","","","","","","","","","","","","","","","","","","","","","","","","","","","","","","","","","","","","","","","","","","","","","","","","","","","","","","","","","","","","","","","",""
"HFT4SIB5","journalArticle","2024","Liu, Zichuan; Wang, Tianchun; Shi, Jimeng; Zheng, Xu; Chen, Zhuomin; Song, Lei; Dong, Wenqian; Obeysekera, Jayantha; Shirani, Farhad; Luo, Dongsheng","TimeX++: Learning Time-Series Explanations with Information Bottleneck","","","","","http://arxiv.org/pdf/2405.09308v1","","2024","2025-07-28 09:56:13","2025-07-28 09:56:13","","","","","","","","","","","","","","","","","","","","","","","","","","","","","","","","","","","","","","","","","","","","","","","","","","","","","","","","","","","","","","","","","","","","","","","","",""
"SZYY99KL","journalArticle","2024","Wang, Jingwen; Du, Dehui; Li, Yida; Li, Yiyang; Chen, Yikang","CIER: A Novel Experience Replay Approach with Causal Inference in Deep Reinforcement Learning","","","","","http://arxiv.org/pdf/2405.08380v1","","2024","2025-07-28 09:56:13","2025-07-28 09:56:13","","","","","","","","","","","","","","","","","","","","","","","","","","","","","","","","","","","","","","","","","","","","","","","","","","","","","","","","","","","","","","","","","","","","","","","","",""
"5E5X9VAP","journalArticle","2024","Zhang, Ziyang; Angelov, Plamen; Kangin, Dmitry; Longépé, Nicolas","IMAFD: An Interpretable Multi-stage Approach to Flood Detection from time series Multispectral Data","","","","","http://arxiv.org/pdf/2405.07916v1","","2024","2025-07-28 09:56:13","2025-07-28 09:56:13","","","","","","","","","","","","","","","","","","","","","","","","","","","","","","","","","","","","","","","","","","","","","","","","","","","","","","","","","","","","","","","","","","","","","","","","",""
"WPNRFZL9","journalArticle","2024","Oprea, Camelia; Grüne, Mike; Buglowski, Mateusz; Olivier, Lena; Orlikowsky, Thorsten; Kowalewski, Stefan; Schoberer, Mark; Stollenwerk, André","Evaluating the Explainable AI Method Grad-CAM for Breath Classification on Newborn Time Series Data","","","","","http://arxiv.org/pdf/2405.07590v1","With the digitalization of health care systems, artificial intelligence becomes more present in medicine. Especially machine learning shows great potential for complex tasks such as time series classification, usually at the cost of transparency and comprehensibility. This leads to a lack of trust by humans and thus hinders its active usage. Explainable artificial intelligence tries to close this gap by providing insight into the decision-making process, the actual usefulness of its different methods is however unclear. This paper proposes a user study based evaluation of the explanation method Grad-CAM with application to a neural network for the classification of breaths in time series neonatal ventilation data. We present the perceived usefulness of the explainability method by different stakeholders, exposing the difficulty to achieve actual transparency and the wish for more in-depth explanations by many of the participants.","2024","2025-07-28 09:56:13","2025-08-18 09:16:02","","","","","","","","","","","","","","","","","","","","","","","","/Users/jensreil/Zotero/storage/R39UWMTI/Oprea et al. - 2024 - Evaluating the Explainable AI Method Grad-CAM for Breath Classification on Newborn Time Series Data.pdf","","","","","","","","","","","","","","","","","","","","","","","","","","","","","","","","","","","","","","","","","","","","","","","","",""
"CBSS7YTQ","journalArticle","2024","Ntekouli, Mandani; Spanakis, Gerasimos; Waldorp, Lourens; Roefs, Anne","Explaining Clustering of Ecological Momentary Assessment Data Through Temporal and Feature Attention","","","","","http://arxiv.org/pdf/2405.04854v1","","2024","2025-07-28 09:56:13","2025-07-28 09:56:13","","","","","","","","","","","","","","","","","","","","","","","","","","","","","","","","","","","","","","","","","","","","","","","","","","","","","","","","","","","","","","","","","","","","","","","","",""
"ZAQMRIK7","journalArticle","2024","Weyrauch, Arvid; Steens, Thomas; Taubert, Oskar; Hanke, Benedikt; Eqbal, Aslan; Götz, Ewa; Streit, Achim; Götz, Markus; Debus, Charlotte","ReCycle: Fast and Efficient Long Time Series Forecasting with Residual Cyclic Transformers","","","","","http://arxiv.org/pdf/2405.03429v1","","2024","2025-07-28 09:56:13","2025-07-28 09:56:13","","","","","","","","","","","","","","","","","","","","","","","","","","","","","","","","","","","","","","","","","","","","","","","","","","","","","","","","","","","","","","","","","","","","","","","","",""
"YIEX4AFZ","journalArticle","2024","Mei, Shuhao; Li, Xin; Zhou, Yuxi; Xu, Jiahao; Zhang, Yong; Wan, Yuxuan; Cao, Shan; Zhao, Qinghao; Geng, Shijia; Xie, Junqing; Chen, Shengyong; Hong, Shenda","Deep Learning for Detecting and Early Predicting Chronic Obstructive Pulmonary Disease from Spirogram Time Series","","","","","http://arxiv.org/pdf/2405.03239v3","","2024","2025-07-28 09:56:13","2025-07-28 09:56:13","","","","","","","","","","","","","","","","","","","","","","","","","","","","","","","","","","","","","","","","","","","","","","","","","","","","","","","","","","","","","","","","","","","","","","","","",""
"DNTUA4NE","journalArticle","2024","Ye, Jiexia; Zhang, Weiqi; Yi, Ke; Yu, Yongzi; Li, Ziyue; Li, Jia; Tsung, Fugee","A Survey of Time Series Foundation Models: Generalizing Time Series Representation with Large Language Model","","","","","http://arxiv.org/pdf/2405.02358v2","","2024","2025-07-28 09:56:13","2025-07-28 09:56:13","","","","","","","","","","","","","","","","","","","","","","","","","","","","","","","","","","","","","","","","","","","","","","","","","","","","","","","","","","","","","","","","","","","","","","","","",""
"K3J3SIFB","journalArticle","2024","Liu, Yuwei; Dan, Chen; Bhatti, Anubhav; Shen, Bingjie; Gupta, Divij; Parmar, Suraj; Lee, San","Interpretable Vital Sign Forecasting with Model Agnostic Attention Maps","","","","","http://arxiv.org/pdf/2405.01714v3","","2024","2025-07-28 09:56:13","2025-07-28 09:56:13","","","","","","","","","","","","","","","","","","","","","","","","","","","","","","","","","","","","","","","","","","","","","","","","","","","","","","","","","","","","","","","","","","","","","","","","",""
"QCT6C2RZ","journalArticle","2024","Xu, Zhengsen; Li, Jonathan; Cheng, Sibo; Rui, Xue; Zhao, Yu; He, Hongjie; Guan, Haiyan; Sharma, Aryan; Erxleben, Matthew; Chang, Ryan; Xu, Linlin","Deep Learning for Wildfire Risk Prediction: Integrating Remote Sensing and Environmental Data","","","","","http://arxiv.org/pdf/2405.01607v5","","2024","2025-07-28 09:56:13","2025-07-28 09:56:13","","","","","","","","","","","","","","","","","","","","","","","","","","","","","","","","","","","","","","","","","","","","","","","","","","","","","","","","","","","","","","","","","","","","","","","","",""
"MEPT7JA3","journalArticle","2024","Bertsimas, Dimitris; Ma, Yu","M3H: Multimodal Multitask Machine Learning for Healthcare","","","","","http://arxiv.org/pdf/2404.18975v3","","2024","2025-07-28 09:56:13","2025-07-28 09:56:13","","","","","","","","","","","","","","","","","","","","","","","","","","","","","","","","","","","","","","","","","","","","","","","","","","","","","","","","","","","","","","","","","","","","","","","","",""
"TP7NJ6RJ","journalArticle","2024","Lei, Jingdi; Kang, Tianqi; Cao, Yuluan; Ren, Shiwei","Capturing Momentum: Tennis Match Analysis Using Machine Learning and Time Series Theory","","","","","http://arxiv.org/pdf/2404.13300v1","","2024","2025-07-28 09:56:13","2025-07-28 09:56:13","","","","","","","","","","","","","","","","","","","","","","","","","","","","","","","","","","","","","","","","","","","","","","","","","","","","","","","","","","","","","","","","","","","","","","","","",""
"XLPQVW5A","journalArticle","2024","Nakano, Shou; Liu, Yang","Using a Local Surrogate Model to Interpret Temporal Shifts in Global Annual Data","","","","","http://arxiv.org/pdf/2404.11874v1","","2024","2025-07-28 09:56:13","2025-07-28 09:56:13","","","","","","","","","","","","","","","","","","","","","","","","","","","","","","","","","","","","","","","","","","","","","","","","","","","","","","","","","","","","","","","","","","","","","","","","",""
"JX5ST9D6","journalArticle","2024","Meli, Daniele","Explainable Online Unsupervised Anomaly Detection for Cyber-Physical Systems via Causal Discovery from Time Series","","","","","http://arxiv.org/pdf/2404.09871v4","","2024","2025-07-28 09:56:13","2025-07-28 09:56:13","","","","","","","","","","","","","","","","","","","","","","","","","","","","","","","","","","","","","","","","","","","","","","","","","","","","","","","","","","","","","","","","","","","","","","","","",""
"T7QQ5DAN","journalArticle","2024","Nabeel, Mohamad; Nimara, Doumitrou Daniil; Zanouda, Tahar","Fault Detection in Mobile Networks Using Diffusion Models","","","","","http://arxiv.org/pdf/2404.09240v1","","2024","2025-07-28 09:56:13","2025-07-28 09:56:13","","","","","","","","","","","","","","","","","","","","","","","","","","","","","","","","","","","","","","","","","","","","","","","","","","","","","","","","","","","","","","","","","","","","","","","","",""
"VB284KJG","journalArticle","2024","Ehrig, Claudia; Sonnleitner, Benedikt; Neumann, Ursula; Cleophas, Catherine; Forestier, Germain","The impact of data set similarity and diversity on transfer learning success in time series forecasting","","","","","http://arxiv.org/pdf/2404.06198v2","","2024","2025-07-28 09:56:13","2025-07-28 09:56:13","","","","","","","","","","","","","","","","","","","","","","","","","","","","","","","","","","","","","","","","","","","","","","","","","","","","","","","","","","","","","","","","","","","","","","","","",""
"BZTVVFFV","journalArticle","2024","Han, MengMeng; Leeuwenburg, Tennessee; Murphy, Brad","Site-specific Deterministic Temperature and Humidity Forecasts with Explainable and Reliable Machine Learning","","","","","http://arxiv.org/pdf/2404.03310v1","","2024","2025-07-28 09:56:13","2025-07-28 09:56:13","","","","","","","","","","","","","","","","","","","","","","","","","","","","","","","","","","","","","","","","","","","","","","","","","","","","","","","","","","","","","","","","","","","","","","","","",""
"P7PX3IFM","journalArticle","2024","Ali, Sahara; Hasan, Uzma; Li, Xingyan; Faruque, Omar; Sampath, Akila; Huang, Yiyi; Gani, Md Osman; Wang, Jianwu","Causality for Earth Science – A Review on Time-series and Spatiotemporal Causality Methods","","","","","http://arxiv.org/pdf/2404.05746v2","","2024","2025-07-28 09:56:13","2025-07-28 09:56:13","","","","","","","","","","","","","","","","","","","","","","","","","","","","","","","","","","","","","","","","","","","","","","","","","","","","","","","","","","","","","","","","","","","","","","","","",""
"WKQ6USAE","journalArticle","2024","Guo, Xusen; Zhang, Qiming; Jiang, Junyue; Peng, Mingxing; Zhu, Meixin; Hao; Yang","Towards Explainable Traffic Flow Prediction with Large Language Models","","","","","http://arxiv.org/pdf/2404.02937v5","","2024","2025-07-28 09:56:13","2025-07-28 09:56:13","","","","","","","","","","","","","","","","","","","","","","","","","","","","","","","","","","","","","","","","","","","","","","","","","","","","","","","","","","","","","","","","","","","","","","","","",""
"S8UMXMAM","journalArticle","2024","Abuella, Mohamed; Fanaee, Hadi; Atou, M. Amine; Nowaczyk, Slawomir; Johansson, Simon; Faghani, Ethan","Data Analytics for Improving Energy Efficiency in Short Sea Shipping","","","","","http://arxiv.org/pdf/2404.00902v1","","2024","2025-07-28 09:56:13","2025-07-28 09:56:13","","","","","","","","","","","","","","","","","","","","","","","","","","","","","","","","","","","","","","","","","","","","","","","","","","","","","","","","","","","","","","","","","","","","","","","","",""
"T2HG9NDG","journalArticle","2024","Karabulut, Erkan; Degeler, Victoria; Groth, Paul","AE SemRL: Learning Semantic Association Rules with Autoencoders","","","","","http://arxiv.org/pdf/2403.18133v1","","2024","2025-07-28 09:56:13","2025-07-28 09:56:13","","","","","","","","","","","","","","","","","","","","","","","","","","","","","","","","","","","","","","","","","","","","","","","","","","","","","","","","","","","","","","","","","","","","","","","","",""
"QK8XX3YK","journalArticle","2024","Magee, M. R.; Siebenaler, L.; Maguire, K.; Ackley, K.; Killestein, T.","Quantitative modelling of type Ia supernovae spectral time series: Constraining the explosion physics","","","","","http://arxiv.org/pdf/2403.16889v2","","2024","2025-07-28 09:56:13","2025-07-28 09:56:13","","","","","","","","","","","","","","","","","","","","","","","","","","","","","","","","","","","","","","","","","","","","","","","","","","","","","","","","","","","","","","","","","","","","","","","","",""
"7E2B7IHR","journalArticle","2024","Han, Wenyong; Member, Tao Zhu; Chen, Liming; Ning, Huansheng; Luo, Yang; Wan, Yaping","MCformer: Multivariate Time Series Forecasting with Mixed-Channels Transformer","","","","","http://arxiv.org/pdf/2403.09223v1","","2024","2025-07-28 09:56:13","2025-07-28 09:56:13","","","","","","","","","","","","","","","","","","","","","","","","","","","","","","","","","","","","","","","","","","","","","","","","","","","","","","","","","","","","","","","","","","","","","","","","",""
"92LXRZ8S","journalArticle","2024","Babbar, Varun; Guo, Zhicheng; Rudin, Cynthia","What is different between these datasets?","","","","","http://arxiv.org/pdf/2403.05652v2","","2024","2025-07-28 09:56:13","2025-07-28 09:56:13","","","","","","","","","","","","","","","","","","","","","","","","","","","","","","","","","","","","","","","","","","","","","","","","","","","","","","","","","","","","","","","","","","","","","","","","",""
"SJYKISGS","journalArticle","2024","Feng, Zezheng; Jiang, Yifan; Wang, Hongjun; Fan, Zipei; Ma, Yuxin; Yang, Shuang-Hua; Qu, Huamin; Song, Xuan","TrafPS: A Shapley-based Visual Analytics Approach to Interpret Traffic","","","","","http://arxiv.org/pdf/2403.04812v1","","2024","2025-07-28 09:56:13","2025-07-28 09:56:13","","","","","","","","","","","","","","","","","","","","","","","","","","","","","","","","","","","","","","","","","","","","","","","","","","","","","","","","","","","","","","","","","","","","","","","","",""
"DUTAITRZ","journalArticle","2024","Bao, Yifan; Ang, Yihao; Huang, Qiang; Tung, Anthony K. H.; Huang, Zhiyong","Towards Controllable Time Series Generation","","","","","http://arxiv.org/pdf/2403.03698v1","","2024","2025-07-28 09:56:13","2025-07-28 09:56:13","","","","","","","","","","","","","","","","","","","","","","","","","","","","","","","","","","","","","","","","","","","","","","","","","","","","","","","","","","","","","","","","","","","","","","","","",""
"6UBC4JKQ","journalArticle","2024","Sun, Haili; Huang, Yan; Han, Lansheng; Fu, Cai; Zhou, Chunjie","Unsupervised Spatio-Temporal State Estimation for Fine-grained Adaptive Anomaly Diagnosis of Industrial Cyber-physical Systems","","","","","http://arxiv.org/pdf/2403.02616v1","","2024","2025-07-28 09:56:13","2025-07-28 09:56:13","","","","","","","","","","","","","","","","","","","","","","","","","","","","","","","","","","","","","","","","","","","","","","","","","","","","","","","","","","","","","","","","","","","","","","","","",""
"IV2CMEAA","journalArticle","2024","Wandeto, John M.; Dresp-Langley, Birgitta","Explainable Self-Organizing Artificial Intelligence Captures Landscape Changes Correlated with Human Impact Data","","","","","http://arxiv.org/pdf/2405.09547v1","","2024","2025-07-28 09:56:13","2025-07-28 09:56:13","","","","","","","","","","","","","","","","","","","","","","","","","","","","","","","","","","","","","","","","","","","","","","","","","","","","","","","","","","","","","","","","","","","","","","","","",""
"3HEBWAH2","journalArticle","2024","Huang, Rui; Yang, Sikun; Koeppl, Heinz","Negative-Binomial Randomized Gamma Markov Processes for Heterogeneous Overdispersed Count Time Series","","","","","http://arxiv.org/pdf/2402.18995v1","","2024","2025-07-28 09:56:13","2025-07-28 09:56:13","","","","","","","","","","","","","","","","","","","","","","","","","","","","","","","","","","","","","","","","","","","","","","","","","","","","","","","","","","","","","","","","","","","","","","","","",""
"X667QFP8","journalArticle","2024","Göring, Niclas; Hess, Florian; Brenner, Manuel; Monfared, Zahra; Durstewitz, Daniel","Out-of-Domain Generalization in Dynamical Systems Reconstruction","","","","","http://arxiv.org/pdf/2402.18377v2","","2024","2025-07-28 09:56:13","2025-07-28 09:56:13","","","","","","","","","","","","","","","","","","","","","","","","","","","","","","","","","","","","","","","","","","","","","","","","","","","","","","","","","","","","","","","","","","","","","","","","",""
"V3X5E39M","journalArticle","2024","Piao, Chengzhe; Zhu, Taiyu; Baldeweg, Stephanie E.; Taylor, Paul; Georgiou, Pantelis; Sun, Jiahao; Wang, Jun; Li, Kezhi","GARNN: An Interpretable Graph Attentive Recurrent Neural Network for Predicting Blood Glucose Levels via Multivariate Time Series","","","","","http://arxiv.org/pdf/2402.16230v1","","2024","2025-07-28 09:56:13","2025-07-28 09:56:13","","","","","","","","","","","","","","","","","","","","","","","","","","","","","","","","","","","","","","","","","","","","","","","","","","","","","","","","","","","","","","","","","","","","","","","","",""
"VBW5JX2U","journalArticle","2024","Shen, Xinke; Tao, Lingyi; Chen, Xuyang; Song, Sen; Liu, Quanying; Zhang, Dan","Contrastive Learning of Shared Spatiotemporal EEG Representations Across Individuals for Naturalistic Neuroscience","","","","","http://arxiv.org/pdf/2402.14213v2","","2024","2025-07-28 09:56:13","2025-07-28 09:56:13","","","","","","","","","","","","","","","","","","","","","","","","","","","","","","","","","","","","","","","","","","","","","","","","","","","","","","","","","","","","","","","","","","","","","","","","",""
"NKCJ6VZN","journalArticle","2024","Molares-Ulloa, Andres; Rocruz, Elisabet; Rivero, Daniel; Padin, Xosé A.; Nolasco, Rita; Dubert, Jesús; Fernandez-Blanco, Enrique","Harmful algal bloom forecasting. A comparison between stream and batch learning","","","","","http://arxiv.org/pdf/2402.13304v1","","2024","2025-07-28 09:56:13","2025-07-28 09:56:13","","","","","","","","","","","","","","","","","","","","","","","","","","","","","","","","","","","","","","","","","","","","","","","","","","","","","","","","","","","","","","","","","","","","","","","","",""
"MDJRNBX4","journalArticle","2024","Tang, Hua; Zhang, Chong; Jin, Mingyu; Yu, Qinkai; Wang, Zhenting; Jin, Xiaobo; Zhang, Yongfeng; Du, Mengnan","Time Series Forecasting with LLMs: Understanding and Enhancing Model Capabilities","","","","","http://arxiv.org/pdf/2402.10835v5","","2024","2025-07-28 09:56:13","2025-07-28 09:56:13","","","","","","","","","","","","","","","","","","","","","","","","","","","","","","","","","","","","","","","","","","","","","","","","","","","","","","","","","","","","","","","","","","","","","","","","",""
"LQKJAEM6","journalArticle","2024","Alaslani, Rose; Perzhilla, Levina; Rahman, Muhammad Mahboob Ur; Laleg-Kirati, Taous-Meriem; Al-Naffouri, Tareq Y.","You can monitor your hydration level using your smartphone camera","","","","","http://arxiv.org/pdf/2402.07467v1","","2024","2025-07-28 09:56:13","2025-07-28 09:56:13","","","","","","","","","","","","","","","","","","","","","","","","","","","","","","","","","","","","","","","","","","","","","","","","","","","","","","","","","","","","","","","","","","","","","","","","",""
"DSXAS3AN","journalArticle","2024","Liu, Jiacheng; Srivastava, Jaideep","Explain Variance of Prediction in Variational Time Series Models for Clinical Deterioration Prediction","","","","","http://arxiv.org/pdf/2402.06808v2","","2024","2025-07-28 09:56:13","2025-07-28 09:56:13","","","","","","","","","","","","","","","","","","","","","","","","","","","","","","","","","","","","","","","","","","","","","","","","","","","","","","","","","","","","","","","","","","","","","","","","",""
"GRPVGFP4","journalArticle","2024","Martínez-Agüero, Sergio; Marques, Antonio G.; Mora-Jiménez, Inmaculada; Alvárez-Rodríguez, Joaquín; Soguero-Ruiz, Cristina","Multimodal Interpretable Data-Driven Models for Early Prediction of Antimicrobial Multidrug Resistance Using Multivariate Time-Series","","","","","http://arxiv.org/pdf/2402.06295v2","","2024","2025-07-28 09:56:13","2025-07-28 09:56:13","","","","","","","","","","","","","","","","","","","","","","","","","","","","","","","","","","","","","","","","","","","","","","","","","","","","","","","","","","","","","","","","","","","","","","","","",""
"CX24A3S2","journalArticle","2024","Crabbé, Jonathan; Huynh, Nicolas; Stanczuk, Jan; Schaar, Mihaela van der","Time Series Diffusion in the Frequency Domain","","","","","http://arxiv.org/pdf/2402.05933v1","","2024","2025-07-28 09:56:13","2025-07-28 09:56:13","","","","","","","","","","","","","","","","","","","","","","","","","","","","","","","","","","","","","","","","","","","","","","","","","","","","","","","","","","","","","","","","","","","","","","","","",""
"8AB775LN","journalArticle","2024","Swamy, Vinitra; Montariol, Syrielle; Blackwell, Julian; Frej, Jibril; Jaggi, Martin; Käser, Tanja","Intrinsic User-Centric Interpretability through Global Mixture of Experts","","","","","http://arxiv.org/pdf/2402.02933v4","","2024","2025-07-28 09:56:13","2025-07-28 09:56:13","","","","","","","","","","","","","","","","","","","","","","","","","","","","","","","","","","","","","","","","","","","","","","","","","","","","","","","","","","","","","","","","","","","","","","","","",""
"5IHPKKCS","journalArticle","2024","Hossain, Mst Shamima; Faloutsos, Christos; Baer, Boris; Kim, Hyoseung; Tsotras, Vassilis J.","EBV: Electronic Bee-Veterinarian for Principled Mining and Forecasting of Honeybee Time Series","","","","","http://arxiv.org/pdf/2402.01902v1","","2024","2025-07-28 09:56:13","2025-07-28 09:56:13","","","","","","","","","","","","","","","","","","","","","","","","","","","","","","","","","","","","","","","","","","","","","","","","","","","","","","","","","","","","","","","","","","","","","","","","",""
"ZS9AS25H","journalArticle","2024","Huang, Qi; Chen, Wei; Bäck, Thomas; Stein, Niki van","Shapelet-based Model-agnostic Counterfactual Local Explanations for Time Series Classification","","","","","http://arxiv.org/pdf/2402.01343v1","","2024","2025-07-28 09:56:13","2025-07-28 09:56:13","","","","","","","","","","","","","","","","","","","","","","","","","","","","","","","","","","","","","","","","","","","","","","","","","","","","","","","","","","","","","","","","","","","","","","","","",""
"CQGDGL28","journalArticle","2024","Liu, Chenyu; Zhou, Xinliang; Wu, Yihao; Yang, Ruizhi; Wang, Zhongruo; Zhai, Liming; Jia, Ziyu; Liu, Yang","Graph Neural Networks in EEG-based Emotion Recognition: A Survey","","","","","http://arxiv.org/pdf/2402.01138v5","","2024","2025-07-28 09:56:13","2025-07-28 09:56:13","","","","","","","","","","","","","","","","","","","","","","","","","","","","","","","","","","","","","","","","","","","","","","","","","","","","","","","","","","","","","","","","","","","","","","","","",""
"SP38ISQ7","journalArticle","2024","Islam, Md Khairul; Valentine, Tyler; Sue, Timothy Joowon; Karmacharya, Ayush; Benham, Luke Neil; Wang, Zhengguang; Kim, Kingsley; Fox, Judy","Interpreting Time Series Transformer Models and Sensitivity Analysis of Population Age Groups to COVID-19 Infections","","","","","http://arxiv.org/pdf/2401.15119v1","","2024","2025-07-28 09:56:13","2025-07-28 09:56:13","","","","","","","","","","","","","","","","","","","","","","","","","","","","","","","","","","","","","","","","","","","","","","","","","","","","","","","","","","","","","","","","","","","","","","","","",""
"XTEKY4KS","journalArticle","2024","Der, Audrey; Yeh, Chin-Chia Michael; Zheng, Yan; Wang, Junpeng; Zhuang, Zhongfang; Wang, Liang; Zhang, Wei; Keogh, Eamonn J.","PUPAE: Intuitive and Actionable Explanations for Time Series Anomalies","","","","","http://arxiv.org/pdf/2401.09489v1","In recent years there has been significant progress in time series anomaly detection. However, after detecting an (perhaps tentative) anomaly, can we explain it? Such explanations would be useful to triage anomalies. For example, in an oil refinery, should we respond to an anomaly by dispatching a hydraulic engineer, or an intern to replace the battery on a sensor? There have been some parallel efforts to explain anomalies, however many proposed techniques produce explanations that are indirect, and often seem more complex than the anomaly they seek to explain. Our review of the literature/checklists/user-manuals used by frontline practitioners in various domains reveals an interesting near-universal commonality. Most practitioners discuss, explain and report anomalies in the following format: The anomaly would be like normal data A, if not for the corruption B. The reader will appreciate that is a type of counterfactual explanation. In this work we introduce a domain agnostic counterfactual explanation technique to produce explanations for time series anomalies. As we will show, our method can produce both visual and text-based explanations that are objectively correct, intuitive and in many circumstances, directly actionable.","2024","2025-07-28 09:56:13","2025-08-18 09:16:14","","","","","","","","","","","","","","","","","","","","","","","","/Users/jensreil/Zotero/storage/EV33I3I4/Der et al. - 2024 - PUPAE Intuitive and Actionable Explanations for Time Series Anomalies.pdf","","","","","","","","","","","","","","","","","","","","","","","","","","","","","","","","","","","","","","","","","","","","","","","","",""
"CND54DAS","journalArticle","2024","Liu, Zichuan; Zhang, Yingying; Wang, Tianchun; Wang, Zefan; Luo, Dongsheng; Du, Mengnan; Wu, Min; Wang, Yi; Chen, Chunlin; Fan, Lunting; Wen, Qingsong","Explaining Time Series via Contrastive and Locally Sparse Perturbations","","","","","http://arxiv.org/pdf/2401.08552v2","","2024","2025-07-28 09:56:13","2025-07-28 09:56:13","","","","","","","","","","","","","","","","","","","","","","","","","","","","","","","","","","","","","","","","","","","","","","","","","","","","","","","","","","","","","","","","","","","","","","","","",""
"6KEKH4VR","journalArticle","2024","Takamido, Ryota; Suzuki, Chiharu; Ota, Jun; Nakamoto, Hiroki","Understanding whole-body inter-personal dynamics between two players using neural Granger causality as the explainable AI (XAI)","","","","","http://arxiv.org/pdf/2401.06412v1","","2024","2025-07-28 09:56:13","2025-07-28 09:56:13","","","","","","","","","","","","","","","","","","","","","","","","","","","","","","","","","","","","","","","","","","","","","","","","","","","","","","","","","","","","","","","","","","","","","","","","",""
"YEX82XU3","journalArticle","2024","Saleh, Majd; Paquelet, Stéphane","Anatomy of Neural Language Models","","","","","http://arxiv.org/pdf/2401.03797v2","","2024","2025-07-28 09:56:13","2025-07-28 09:56:13","","","","","","","","","","","","","","","","","","","","","","","","","","","","","","","","","","","","","","","","","","","","","","","","","","","","","","","","","","","","","","","","","","","","","","","","",""
"ZEZUGUWV","journalArticle","2025","Zheng, Yuhao; Gong, Chenghua; Sun, Rui; Zhang, Juyuan; Pan, Liming; Lv, Linyuan","AutoCas: Autoregressive Cascade Predictor in Social Networks via Large Language Models","","","","","http://arxiv.org/pdf/2502.18040v1","","2025","2025-07-28 09:56:13","2025-07-28 09:56:13","","","","","","","","","","","","","","","","","","","","","","","","","","","","","","","","","","","","","","","","","","","","","","","","","","","","","","","","","","","","","","","","","","","","","","","","",""
"IICWWID8","journalArticle","2025","Zhang, Xin; Han, Liangxiu; White, Stephen; Hassan, Saad; Kalra, Philip A.; Ritchie, James; Diver, Carl; Shorley, Jennie","TabulaTime: A Novel Multimodal Deep Learning Framework for Advancing Acute Coronary Syndrome Prediction through Environmental and Clinical Data Integration","","","","","http://arxiv.org/pdf/2502.17049v2","","2025","2025-07-28 09:56:13","2025-07-28 09:56:13","","","","","","","","","","","","","","","","","","","","","","","","","","","","","","","","","","","","","","","","","","","","","","","","","","","","","","","","","","","","","","","","","","","","","","","","",""
"LPCEY5AH","journalArticle","2025","Baer, Gregor; Grau, Isel; Zhang, Chao; Gorp, Pieter Van","Class-Dependent Perturbation Effects in Evaluating Time Series Attributions","","","","","http://arxiv.org/pdf/2502.17022v2","","2025","2025-07-28 09:56:13","2025-07-28 09:56:13","","","","","","","","","","","","","","","","","","","","","","","","","","","","","","","","","","","","","","","","","","","","","","","","","","","","","","","","","","","","","","","","","","","","","","","","",""
"WKKFE8ZH","journalArticle","2025","Jin, Houji; Ashrafi, Negin; Alaei, Kamiar; Pishgar, Elham; Placencia, Greg; Pishgar, Maryam","A Novel Multi-Task Teacher-Student Architecture with Self-Supervised Pretraining for 48-Hour Vasoactive-Inotropic Trend Analysis in Sepsis Mortality Prediction","","","","","http://arxiv.org/pdf/2502.16834v1","","2025","2025-07-28 09:56:13","2025-07-28 09:56:13","","","","","","","","","","","","","","","","","","","","","","","","","","","","","","","","","","","","","","","","","","","","","","","","","","","","","","","","","","","","","","","","","","","","","","","","",""
"F3UG4EZ4","journalArticle","2025","Sanami, Saba; Mosalli, Hesam; Yang, Yu; Yeh, Hen-Geul; Aghdam, Amir G.","Demand Forecasting for Electric Vehicle Charging Stations using Multivariate Time-Series Analysis","","","","","http://arxiv.org/pdf/2502.16365v1","","2025","2025-07-28 09:56:13","2025-07-28 09:56:13","","","","","","","","","","","","","","","","","","","","","","","","","","","","","","","","","","","","","","","","","","","","","","","","","","","","","","","","","","","","","","","","","","","","","","","","",""
"SPJIENCM","journalArticle","2025","Chen, George H.; Shah, Devavrat","Explaining the Success of Nearest Neighbor Methods in Prediction","","","","","http://arxiv.org/pdf/2502.15900v1","","2025","2025-07-28 09:56:13","2025-07-28 09:56:13","","","","","","","","","","","","","","","","","","","","","","","","","","","","","","","","","","","","","","","","","","","","","","","","","","","","","","","","","","","","","","","","","","","","","","","","",""
"88SP35NL","journalArticle","2025","Schneider, Steffen; Laiz, Rodrigo González; Filippova, Anastasiia; Frey, Markus; Mathis, Mackenzie Weygandt","Time-series attribution maps with regularized contrastive learning","","","","","http://arxiv.org/pdf/2502.12977v1","Gradient-based attribution methods aim to explain decisions of deep learning models but so far lack identifiability guarantees. Here, we propose a method to generate attribution maps with identifiability guarantees by developing a regularized contrastive learning algorithm trained on time-series data plus a new attribution method called Inverted Neuron Gradient (collectively named xCEBRA). We show theoretically that xCEBRA has favorable properties for identifying the Jacobian matrix of the data generating process. Empirically, we demonstrate robust approximation of zero vs. non-zero entries in the ground-truth attribution map on synthetic datasets, and significant improvements across previous attribution methods based on feature ablation, Shapley values, and other gradient-based methods. Our work constitutes a first example of identifiable inference of time-series attribution maps and opens avenues to a better understanding of timeseries data, such as for neural dynamics and decision-processes within neural networks.","2025","2025-07-28 09:56:13","2025-08-18 09:16:39","","","","","","","","","","","","","","","","","","","","","","","","/Users/jensreil/Zotero/storage/3VPQ5JRT/Schneider et al. - 2025 - Time-series attribution maps with regularized contrastive learning.pdf","","","","","","","","","","","","","","","","","","","","","","","","","","","","","","","","","","","","","","","","","","","","","","","","",""
"WVLZ8Q3I","journalArticle","2025","Sun, Yue; Blum, Rick S.; Venkitasubramaniam, Parv","Unifying Explainable Anomaly Detection and Root Cause Analysis in Dynamical Systems","","","","","http://arxiv.org/pdf/2502.12086v3","","2025","2025-07-28 09:56:13","2025-07-28 09:56:13","","","","","","","","","","","","","","","","","","","","","","","","","","","","","","","","","","","","","","","","","","","","","","","","","","","","","","","","","","","","","","","","","","","","","","","","",""
"4HGKSHVA","journalArticle","2025","Falmagne, Guillaume; Stephenson, Anna B.; Levin, Simon A.","Interpretable Early Warnings using Machine Learning in an Online Game-experiment","","","","","http://arxiv.org/pdf/2502.09880v1","","2025","2025-07-28 09:56:13","2025-07-28 09:56:13","","","","","","","","","","","","","","","","","","","","","","","","","","","","","","","","","","","","","","","","","","","","","","","","","","","","","","","","","","","","","","","","","","","","","","","","",""
"QVVGZAGG","journalArticle","2025","Cui, Jin; Capstick, Alexander; Barnaghi, Payam; Scott, Gregory","Two-Stage Representation Learning for Analyzing Movement Behavior Dynamics in People Living with Dementia","","","","","http://arxiv.org/pdf/2502.09173v1","","2025","2025-07-28 09:56:13","2025-07-28 09:56:13","","","","","","","","","","","","","","","","","","","","","","","","","","","","","","","","","","","","","","","","","","","","","","","","","","","","","","","","","","","","","","","","","","","","","","","","",""
"37S54BYX","journalArticle","2025","Arem, Koen W. van; Goes-Smit, Floris; Söhl, Jakob","Forecasting the future development in quality and value of professional football players","","","","","http://arxiv.org/pdf/2502.07528v2","","2025","2025-07-28 09:56:13","2025-07-28 09:56:13","","","","","","","","","","","","","","","","","","","","","","","","","","","","","","","","","","","","","","","","","","","","","","","","","","","","","","","","","","","","","","","","","","","","","","","","",""
"C43JA6NA","journalArticle","2025","Liu, Chang; Ma, Chengcheng; Zhou, XuanQi","Exploring Patterns Behind Sports","","","","","http://arxiv.org/pdf/2502.07491v1","","2025","2025-07-28 09:56:13","2025-07-28 09:56:13","","","","","","","","","","","","","","","","","","","","","","","","","","","","","","","","","","","","","","","","","","","","","","","","","","","","","","","","","","","","","","","","","","","","","","","","",""
"5DQYGHT3","journalArticle","2025","Lu, Jiecheng; Yang, Shihao","Linear Transformers as VAR Models: Aligning Autoregressive Attention Mechanisms with Autoregressive Forecasting","","","","","http://arxiv.org/pdf/2502.07244v1","","2025","2025-07-28 09:56:13","2025-07-28 09:56:13","","","","","","","","","","","","","","","","","","","","","","","","","","","","","","","","","","","","","","","","","","","","","","","","","","","","","","","","","","","","","","","","","","","","","","","","",""
"JZI2Y6P2","journalArticle","2025","Saito, Naoki; Weber, David","Explainable and Class-Revealing Signal Feature Extraction via Scattering Transform and Constrained Zeroth-Order Optimization","","","","","http://arxiv.org/pdf/2502.05722v3","","2025","2025-07-28 09:56:13","2025-07-28 09:56:13","","","","","","","","","","","","","","","","","","","","","","","","","","","","","","","","","","","","","","","","","","","","","","","","","","","","","","","","","","","","","","","","","","","","","","","","",""
"HLVQG8JI","journalArticle","2025","Norden, Janis; Oostwal, Elisa; Chappell, Michael; Tino, Peter; Bunte, Kerstin","On the importance of structural identifiability for machine learning with partially observed dynamical systems","","","","","http://arxiv.org/pdf/2502.04131v1","","2025","2025-07-28 09:56:13","2025-07-28 09:56:13","","","","","","","","","","","","","","","","","","","","","","","","","","","","","","","","","","","","","","","","","","","","","","","","","","","","","","","","","","","","","","","","","","","","","","","","",""
"IC6T5256","journalArticle","2025","Gol, Reyhaneh Sabbagh; Valkov, Dimitar; Linsen, Lars","XMTC: Explainable Early Classification of Multivariate Time Series in Reach-to-Grasp Hand Kinematics","","","","","http://arxiv.org/pdf/2502.04398v1","","2025","2025-07-28 09:56:13","2025-07-28 09:56:13","","","","","","","","","","","","","","","","","","","","","","","","","","","","","","","","","","","","","","","","","","","","","","","","","","","","","","","","","","","","","","","","","","","","","","","","",""
"WYBQRC8F","journalArticle","2025","Solopova, Veronika; Schmidt, Lucas; Kolossa, Dorothea","Extending Information Bottleneck Attribution to Video Sequences","","","","","http://arxiv.org/pdf/2501.16889v1","","2025","2025-07-28 09:56:13","2025-07-28 09:56:13","","","","","","","","","","","","","","","","","","","","","","","","","","","","","","","","","","","","","","","","","","","","","","","","","","","","","","","","","","","","","","","","","","","","","","","","",""
"6DQPRYXY","journalArticle","2025","Rezaeian, Olya; Bayrak, Alparslan Emrah; Asan, Onur","Explainability and AI Confidence in Clinical Decision Support Systems: Effects on Trust, Diagnostic Performance, and Cognitive Load in Breast Cancer Care","","","","","http://arxiv.org/pdf/2501.16693v1","","2025","2025-07-28 09:56:13","2025-07-28 09:56:13","","","","","","","","","","","","","","","","","","","","","","","","","","","","","","","","","","","","","","","","","","","","","","","","","","","","","","","","","","","","","","","","","","","","","","","","",""
"4XJLY2C5","journalArticle","2025","Cheng, Qisen; Xing, Jinming; Xue, Chang; Yang, Xiaoran","Unifying Prediction and Explanation in Time-Series Transformers via Shapley-based Pretraining","","","","","http://arxiv.org/pdf/2501.15070v1","","2025","2025-07-28 09:56:13","2025-07-28 09:56:13","","","","","","","","","","","","","","","","","","","","","","","","","","","","","","","","","","","","","","","","","","","","","","","","","","","","","","","","","","","","","","","","","","","","","","","","",""
"ZGHGSDBH","journalArticle","2025","Gu, Yile; Xiong, Yifan; Mace, Jonathan; Jiang, Yuting; Hu, Yigong; Kasikci, Baris; Cheng, Peng","Argos: Agentic Time-Series Anomaly Detection with Autonomous Rule Generation via Large Language Models","","","","","http://arxiv.org/pdf/2501.14170v1","","2025","2025-07-28 09:56:13","2025-07-28 09:56:13","","","","","","","","","","","","","","","","","","","","","","","","","","","","","","","","","","","","","","","","","","","","","","","","","","","","","","","","","","","","","","","","","","","","","","","","",""
"CF9MSWID","journalArticle","2025","Kim, Minsu; Oh, Jaehyun; Lee, Sang-Young; Kim, Junghwan","DLinear-based Prediction of Remaining Useful Life of Lithium-Ion Batteries: Feature Engineering through Explainable Artificial Intelligence","","","","","http://arxiv.org/pdf/2501.11542v1","","2025","2025-07-28 09:56:13","2025-07-28 09:56:13","","","","","","","","","","","","","","","","","","","","","","","","","","","","","","","","","","","","","","","","","","","","","","","","","","","","","","","","","","","","","","","","","","","","","","","","",""
"M2NW8WYQ","journalArticle","2025","Liu, Jing; Ma, Zhenchao; Wang, Zepu; Zou, Chenxuanyin; Ren, Jiayang; Wang, Zehua; Song, Liang; Hu, Bo; Liu, Yang; Leung, Victor C. M.","A Survey on Diffusion Models for Anomaly Detection","","","","","http://arxiv.org/pdf/2501.11430v5","","2025","2025-07-28 09:56:13","2025-07-28 09:56:13","","","","","","","","","","","","","","","","","","","","","","","","","","","","","","","","","","","","","","","","","","","","","","","","","","","","","","","","","","","","","","","","","","","","","","","","",""
"IICGYNH5","journalArticle","2025","Isaac, Ebenezer R. H. P.; Isaac, Joseph H. R.","Active Rule Mining for Multivariate Anomaly Detection in Radio Access Networks","","","","","http://arxiv.org/pdf/2501.06571v1","","2025","2025-07-28 09:56:13","2025-07-28 09:56:13","","","","","","","","","","","","","","","","","","","","","","","","","","","","","","","","","","","","","","","","","","","","","","","","","","","","","","","","","","","","","","","","","","","","","","","","",""
"YEYV6KBB","journalArticle","2025","Pandey, Akash; Chen, Wei; Keten, Sinan","COLOR: A compositional linear operation-based representation of protein sequences for identification of monomer contributions to properties","","","","","http://arxiv.org/pdf/2501.06371v1","","2025","2025-07-28 09:56:13","2025-07-28 09:56:13","","","","","","","","","","","","","","","","","","","","","","","","","","","","","","","","","","","","","","","","","","","","","","","","","","","","","","","","","","","","","","","","","","","","","","","","",""
"THJDQYKB","journalArticle","2025","Adzanoukpe, Philip","Predicting House Rental Prices in Ghana Using Machine Learning","","","","","http://arxiv.org/pdf/2501.06241v1","","2025","2025-07-28 09:56:13","2025-07-28 09:56:13","","","","","","","","","","","","","","","","","","","","","","","","","","","","","","","","","","","","","","","","","","","","","","","","","","","","","","","","","","","","","","","","","","","","","","","","",""
"IG6NMP92","journalArticle","2025","Todd, Jamie; Jiang, Junqi; Russo, Aaron; Winkler, Steffen; Sale, Stuart; McMillan, Joseph; Rago, Antonio","Explainable Time Series Prediction of Tyre Energy in Formula One Race Strategy","","","","","http://arxiv.org/pdf/2501.04067v1","Formula One (F1) race strategy takes place in a high-pressure and fast-paced environment where split-second decisions can drastically affect race results. Two of the core decisions of race strategy are when to make pit stops (i.e. replace the cars’ tyres) and which tyre compounds (hard, medium or soft, in normal conditions) to select. The optimal pit stop decisions can be determined by estimating the tyre degradation of these compounds, which in turn can be computed from the energy applied to each tyre, i.e. the tyre energy. In this work, we trained deep learning models, using the Mercedes-AMG PETRONAS F1 team’s historic race data consisting of telemetry, to forecast tyre energies during races. Additionally, we fitted XGBoost, a decision tree-based machine learning algorithm, to the same dataset and compared the results, with both giving impressive performance. Furthermore, we incorporated two different explainable AI methods, namely feature importance and counterfactual explanations, to gain insights into the reasoning behind the forecasts. Our contributions thus result in an explainable, automated method which could assist F1 teams in optimising their race strategy.","2025","2025-07-28 09:56:13","2025-08-18 09:16:52","","","","","","","","","","","","","","","","","","","","","","","","/Users/jensreil/Zotero/storage/FYSWD49I/Todd et al. - 2025 - Explainable Time Series Prediction of Tyre Energy in Formula One Race Strategy.pdf","","","","","","","","","","","","","","","","","","","","","","","","","","","","","","","","","","","","","","","","","","","","","","","","",""
"N8HMVVUT","journalArticle","2025","Srinivasan, Abhishek; Ravi, Varun Singapuri; Andresen, Juan Carlos; Holst, Anders","Counterfactual Explanation for Auto-Encoder Based Time-Series Anomaly Detection","","","","","http://arxiv.org/pdf/2501.02069v1","","2025","2025-07-28 09:56:13","2025-07-28 09:56:13","","","","","","","","","","","","","","","","","","","","","","","","","","","","","","","","","","","","","","","","","","","","","","","","","","","","","","","","","","","","","","","","","","","","","","","","",""
"KIJWLHDV","journalArticle","2025","Sivakumar, Guhan","HMM-LSTM Fusion Model for Economic Forecasting","","","","","http://arxiv.org/pdf/2501.02002v1","","2025","2025-07-28 09:56:13","2025-07-28 09:56:13","","","","","","","","","","","","","","","","","","","","","","","","","","","","","","","","","","","","","","","","","","","","","","","","","","","","","","","","","","","","","","","","","","","","","","","","",""
"KRV7LYUK","journalArticle","2024","Awosika, T.; Shukla, R.M.; Pranggono, B.","Transparency and Privacy: The Role of Explainable AI and Federated Learning in Financial Fraud Detection","IEEE Access","","21693536 (ISSN)","10.1109/ACCESS.2024.3394528","https://www.scopus.com/inward/record.uri?eid=2-s2.0-85192144145&doi=10.1109%2fACCESS.2024.3394528&partnerID=40&md5=4c716a41d912c1dfe9519e23376190e3","Fraudulent transactions and how to detect them remain a significant problem for financial institutions around the world. The need for advanced fraud detection systems to safeguard assets and maintain customer trust is paramount for financial institutions, but some factors make the development of effective and efficient fraud detection systems a challenge. One of such factors is the fact that fraudulent transactions are rare and that many transaction datasets are imbalanced; that is, there are fewer significant samples of fraudulent transactions than legitimate ones. This data imbalance can affect the performance or reliability of the fraud detection model. Moreover, due to the data privacy laws that all financial institutions are subject to follow, sharing customer data to facilitate a higher-performing centralized model is impossible. Furthermore, the fraud detection technique should be transparent so that it does not affect the user experience. Hence, this research introduces a novel approach using Federated Learning (FL) and Explainable AI (XAI) to address these challenges. FL enables financial institutions to collaboratively train a model to detect fraudulent transactions without directly sharing customer data, thereby preserving data privacy and confidentiality. Meanwhile, the integration of XAI ensures that the predictions made by the model can be understood and interpreted by human experts, adding a layer of transparency and trust to the system. Experimental results, based on realistic transaction datasets, reveal that the FL-based fraud detection system consistently demonstrates high performance metrics. This study grounds FL's potential as an effective and privacy-preserving tool in the fight against fraud.  © 2013 IEEE.","2024","2025-07-30 07:20:05","2025-07-30 07:20:05","","64551-64560","","","12","","IEEE Access","","","","","","","","English","","","Scopus","","","","","","","","","Learning systems; Machine-learning; Explainable AI; Fraud detection; Federated learning; Fraud detection system; Transparency; Financial institution; Finance; machine learning; Crime; Fraud; Fraudulent transactions; Sales; Computational modelling; explainable AI; federated learning; Privacy-preserving techniques","","","","","","","","","","","","","","","","","","","","","","","","","","","","","","","","","","","","","","","","","","","","","",""
"MMWSMKUZ","conferencePaper","2024","Fatemi, Sorouralsadat; Hu, Yuheng","FinVision: A Multi-Agent Framework for Stock Market Prediction","Proceedings of the 5th ACM International Conference on AI in Finance","","","10.1145/3677052.3698688","http://arxiv.org/abs/2411.08899","Financial trading has been a challenging task, as it requires the integration of vast amounts of data from various modalities. Traditional deep learning and reinforcement learning methods require large training data and often involve encoding various data types into numerical formats for model input, which limits the explainability of model behavior. Recently, LLM-based agents have demonstrated remarkable advancements in handling multi-modal data, enabling them to execute complex, multi-step decision-making tasks while providing insights into their thought processes. This research introduces a multi-modal multi-agent system designed specifically for financial trading tasks. Our framework employs a team of specialized LLM-based agents, each adept at processing and interpreting various forms of financial data, such as textual news reports, candlestick charts, and trading signal charts. A key feature of our approach is the integration of a reflection module, which conducts analyses of historical trading signals and their outcomes. This reflective process is instrumental in enhancing the decision-making capabilities of the system for future trading scenarios. Furthermore, the ablation studies indicate that the visual reflection module plays a crucial role in enhancing the decision-making capabilities of our framework.","2024-11-14","2025-07-30 07:21:14","2025-07-30 07:21:14","2025-03-27 13:27:23","582-590","","","","","","FinVision","","","","","","","","","","","","arXiv.org","","arXiv:2411.08899 [q-fin]","","","","","Quantitative Finance - Trading and Market Microstructure; Computer Science - Artificial Intelligence","","","","","","","","","","","","","","","","","","","","","","","","","","","","","","","","","","","","","","","","","","","","","",""
"8L2JUEGT","journalArticle","2024","Golshanrad, P.; Faghih, F.","DeepCover: Advancing RNN test coverage and online error prediction using state machine extraction","Journal of Systems and Software","","01641212 (ISSN)","10.1016/j.jss.2024.111987","https://www.scopus.com/inward/record.uri?eid=2-s2.0-85185331874&doi=10.1016%2fj.jss.2024.111987&partnerID=40&md5=b876a912c111df57c4f22bce1cade276","Recurrent neural networks (RNNs) have emerged as powerful tools for processing sequential data in various fields, including natural language processing and speech recognition. However, the lack of explainability in RNN models has limited their interpretability, posing challenges in understanding their internal workings. To address this issue, this paper proposes a methodology for extracting a state machine (SM) from an RNN-based model to provide insights into its internal function. The proposed SM extraction algorithm was assessed using four newly proposed metrics: Purity, Richness, Goodness, and Scale. The proposed methodology along with its assessment metrics contribute to increasing explainability in RNN models by providing a clear representation of their internal decision making process through the extracted SM. In addition to improving the explainability of RNNs, the extracted SM can be used to advance testing and monitoring of the primary RNN-based model. To enhance RNN testing, we introduce six model coverage criteria based on the extracted SM, serving as metrics for evaluating the effectiveness of test suites designed to analyze the primary model. We also propose a tree-based model to predict the error probability of the primary model for each input based on the extracted SM. We evaluated our proposed online error prediction approach using the MNIST dataset and Mini Speech Commands dataset, achieving an area under the curve (AUC) exceeding 80% for the receiver operating characteristic (ROC) chart. © 2024 Elsevier Inc.","2024","2025-07-30 07:22:02","2025-07-30 07:22:02","","","","","211","","J Syst Software","","","","","","","","English","","","Scopus","","","","Publisher: Elsevier Inc.","","","","Explainability; Forecasting; Decision making; Learning algorithms; Recurrent neural networks; Extraction; Data handling; Natural language processing systems; Coverage criteria; Error prediction; Errors; Network test; Network-based modeling; Recurrent neural network model; Sequential data; Speech recognition; State machine; State-machine; Test; Test-coverage","","","","","","","","","","","","","","","","","","","","","","","","","","","","","","","","","","","","","","","","","","","","","","",""