"Key","Item Type","Publication Year","Author","Title","Publication Title","ISBN","ISSN","DOI","Url","Abstract Note","Date","Date Added","Date Modified","Access Date","Pages","Num Pages","Issue","Volume","Number Of Volumes","Journal Abbreviation","Short Title","Series","Series Number","Series Text","Series Title","Publisher","Place","Language","Rights","Type","Archive","Archive Location","Library Catalog","Call Number","Extra","Notes","File Attachments","Link Attachments","Manual Tags","Automatic Tags","Editor","Series Editor","Translator","Contributor","Attorney Agent","Book Author","Cast Member","Commenter","Composer","Cosponsor","Counsel","Interviewer","Producer","Recipient","Reviewed Author","Scriptwriter","Words By","Guest","Number","Edition","Running Time","Scale","Medium","Artwork Size","Filing Date","Application Number","Assignee","Issuing Authority","Country","Meeting Name","Conference Name","Court","References","Reporter","Legal Status","Priority Numbers","Programming Language","Version","System","Code","Code Number","Section","Session","Committee","History","Legislative Body"
"FSNAUWL4","journalArticle","2022","Park, H.J.; Kim, Y.; Kim, H.Y.","Stock market forecasting using a multi-task approach integrating long short-term memory and the random forest framework","Applied Soft Computing","","15684946 (ISSN)","10.1016/j.asoc.2021.108106","https://www.scopus.com/inward/record.uri?eid=2-s2.0-85120627694&doi=10.1016%2fj.asoc.2021.108106&partnerID=40&md5=f6504cb5f57965a76263e18224c25900","Numerous studies have adopted deep learning (DL) in financial market forecasting models owing to its superior performance. The DL models require as many relevant input variables as possible to improve performance because they learn high-level features from these inputs. However, as the number of input variables increases, the number of parameters also increases, leaving the model prone to overfitting. We propose a novel stock-market prediction framework (LSTM–Forest) integrating long short-term memory and random forest (RF) to address this issue. We also develop a multi-task model that predicts stock market returns and classifies return directions to improve predictability and profitability. Our model is interpretable because it can identify key variables using the variable importance analysis from RF. We used three global stock indices and 43 financial technical indicators to verify the proposed methods experimentally. The root mean squared errors of LSTM–Forest with multi-task (LFM) in predicting returns from S&P500, SSE, and KOSPI200 were 25.53%, 22.75%, and 16.29% lower, respectively, than those of the baseline RF model. The model's balanced accuracy in forecasting the daily return direction increased by 7.37, 1.68, and 3.79 points, respectively. Furthermore, our multi-task model outperforms our single-task model and previous DL approaches. In the trading test, LFM produced the highest profits—even compared with the long-only strategy when transaction costs were considered. The proposed framework is readily extensible to other tasks and fields that contend with high-dimensionality problems. © 2021 Elsevier B.V.","2022","2025-02-19 08:50:16","2025-02-19 08:50:16","","","","","114","","Appl. Soft Comput.","","","","","","","","English","","","Scopus","","","","","","/Users/jensreil/Zotero/storage/LATZCV3F/Park et al. - 2022 - Stock market forecasting using a multi-task approach integrating long short-term memory and the rand.pdf","","","Brain; Commerce; Costs; Decision trees; Electronic trading; Explainable AI; Financial markets; Financial time series forecasting; Financial time-series forecasting; Forecasting; Hybrid deep learning; Input variables; Long short-term memory; Market forecasting; Mean square error; Multi tasks; Multi-task learning; Multi-task model; Overfitting; Profitability; Random forests; Stock market forecasting","","","","","","","","","","","","","","","","","","","","","","","","","","","","","","","","","","","","","","","","","","","","","",""
"PEP8W9NM","journalArticle","2024","Giudici, P.; Piergallini, A.; Recchioni, M.C.; Raffinetti, E.","Explainable Artificial Intelligence methods for financial time series","Physica A: Statistical Mechanics and its Applications","","03784371 (ISSN)","10.1016/j.physa.2024.130176","https://www.scopus.com/inward/record.uri?eid=2-s2.0-85207597734&doi=10.1016%2fj.physa.2024.130176&partnerID=40&md5=6fbd15540606c2b360e03c6a14c139b1","We consider the problem of developing explainable Artificial Intelligence methods to interpret the results of Artificial Intelligence models for time series data, taking time dependency into account. To this end, we extend the Shapley–Lorenz method, normalised by construction, to Artificial Intelligence for time series, such as neural networks and recurrent neural networks. We illustrate the application of our proposal to a time series of Bitcoin prices, which acts as the response variable, along with time series of classical financial prices, which act as explanatory variables. Three main findings emerge from the analysis. First, recurrent neural networks lead to a better performance, in terms of accuracy and robustness, with respect to classic neural networks. Second, the best performing models indicate that Bitcoin prices are affected mostly by their lagged values, and that their explainability, in terms of classical financial assets, is limited. Third, although limited, the contribution of classical assets to Bitcoin price prediction is well captured by recurrent neural networks. © 2024 The Authors","2024","2025-02-19 08:50:16","2025-02-19 08:50:16","","","","","655","","Phys A Stat Mech Appl","","","","","","","","English","","","Scopus","","","","","","/Users/jensreil/Zotero/storage/YRSG2CML/Giudici et al. - 2024 - Explainable Artificial Intelligence methods for financial time series.pdf","","","Artificial intelligence methods; Bitcoin; Bitcoin price; Bitcoin prices; Costs; Decentralized finance; Explainable artificial intelligence; Explainable Artificial Intelligence; Financial time series; Intelligence models; LSTM and GRU; Neural-networks; Recurrent neural networks; Shapley; Shapley–lorenz value; Shapley–Lorenz values; Time series; Times series","","","","","","","","","","","","","","","","","","","","","","","","","","","","","","","","","","","","","","","","","","","","","",""
"K9F6RCFG","journalArticle","2024","Parente, M.; Rizzuti, L.; Trerotola, M.","A profitable trading algorithm for cryptocurrencies using a Neural Network model","Expert Systems with Applications","","09574174 (ISSN)","10.1016/j.eswa.2023.121806","https://www.scopus.com/inward/record.uri?eid=2-s2.0-85173171749&doi=10.1016%2fj.eswa.2023.121806&partnerID=40&md5=cc95f17cc0f905e9a231f99c41c77994","Algorithmic trading enables the execution of orders using a set of rules determined by a computer program. Orders are submitted based on an asset's expected price in the future, an approach well suited for high-volatility markets, such as those trading in cryptocurrencies. The goal of this study is to find a reliable and profitable model to predict the future direction of a crypto asset's price based on publicly available historical data. We first develop a novel labeling scheme and map this problem into a Machine Learning classification problem. The model is then validated on three major cryptocurrencies through an extensive backtest over a bull, bear and flat market. Finally, the contribution of each feature to the classification output is analyzed. © 2023 The Author(s)","2024","2025-02-19 08:50:15","2025-02-19 08:50:15","","","","","238","","Expert Sys Appl","","","","","","","","English","","","Scopus","","","","","","/Users/jensreil/Zotero/storage/LIB4NTNH/Parente et al. - 2024 - A profitable trading algorithm for cryptocurrencies using a Neural Network model.pdf","","","Algorithmic trading; Backtesting; Commerce; Cryptocurrencies; Cryptography; Explainable AI; High volatility; Machine learning; Machine-learning; Neural network; Neural network model; Neural-networks; Price prediction; Profitability; Set of rules; Shapley value; Shapley values","","","","","","","","","","","","","","","","","","","","","","","","","","","","","","","","","","","","","","","","","","","","","",""
"MT3KUHCR","conferencePaper","2023","Valensky, D.; Mohaghegh, M.","Evaluating Transparency: A Cross-Model Exploration of Explainable AI in Financial Forecasting","Proc. IEEE Asia-Pacific Conf. Comput. Sci. Data Eng., CSDE","979-835034107-2 (ISBN)","","10.1109/CSDE59766.2023.10487732","https://www.scopus.com/inward/record.uri?eid=2-s2.0-85190584224&doi=10.1109%2fCSDE59766.2023.10487732&partnerID=40&md5=159bc17432f7a038c899c8f129e75827","Advances in machine learning and deep learning have assisted progress in stock market predictions, which have presented unique opportunities for investors and traders to benefit from predictions. However, understanding how these models work is crucial to trusting their predictions. This research applies three prominent Explainable AI (XAI) techniques - SHAP, LIME, and Permutation Importance - to three distinct forecasting models: Long Short-Term Memory (LSTM), Convolutional Neural Network (CNN), and Decision Tree. This work fills a gap in the literature by comparing XAI methods across a combination of 'black-box' and 'white-box' models. Two key research questions guide this research: the performance of these XAI methods across the chosen models and the consistency between global and local explanations across these models. Findings reveal interesting model-specific behaviors, like CNN's emphasis on slightly older data and LSTM's focus on immediate past data. In the S&P 500 dataset context, features such as 'Close' and 'Adj Close' prices emerged as significant across models, while 'Volume' remained insignificant. This study offers a broader perspective on applying XAI in financial time series forecasting and helps enhance trust and comprehension among stakeholders relying on these model predictions.  © 2023 IEEE.","2023","2025-02-19 08:50:15","2025-02-19 08:50:15","","","","","","","","","","","","","Institute of Electrical and Electronics Engineers Inc.","","English","","","Scopus","","","","","","/Users/jensreil/Zotero/storage/VMSRNY5P/Valensky and Mohaghegh - 2023 - Evaluating Transparency A Cross-Model Exploration of Explainable AI in Financial Forecasting.pdf","","","Black boxes; Commerce; Convolutional neural network; Convolutional neural networks; Cross model; Decision trees; Explainable AI; Financial forecasting; Financial markets; Forecasting; Forecasting models; Investments; Lime; Long short-term memory; Machine-learning; Research questions; Stock market prediction; White-box models","","","","","","","","","","","","","","","","","","","","","","","","","","","","","","","Proceedings of the 2023 IEEE Asia-Pacific Conference on Computer Science and Data Engineering, CSDE 2023","","","","","","","","","","","","","","",""
"ICEM7JC2","journalArticle","2024","Mienye, E.; Jere, N.; Obaido, G.; Mienye, I.D.; Aruleba, K.","Deep Learning in Finance: A Survey of Applications and Techniques","AI (Switzerland)","","26732688 (ISSN)","10.3390/ai5040101","https://www.scopus.com/inward/record.uri?eid=2-s2.0-85213432874&doi=10.3390%2fai5040101&partnerID=40&md5=a5aaf3aefbf4fd2a3ddd2c35c3ee8e2a","Machine learning (ML) has transformed the financial industry by enabling advanced applications such as credit scoring, fraud detection, and market forecasting. At the core of this transformation is deep learning (DL), a subset of ML that is robust in processing and analyzing complex and large datasets. This paper provides a comprehensive overview of key deep learning models, including Convolutional Neural Networks (CNNs), Long Short-Term Memory networks (LSTMs), Deep Belief Networks (DBNs), Transformers, Generative Adversarial Networks (GANs), and Deep Reinforcement Learning (Deep RL). Beyond summarizing their mathematical foundations and learning processes, this study offers new insights into how these models are applied in real-world financial contexts, highlighting their specific advantages and limitations in tasks such as algorithmic trading, risk management, and portfolio optimization. It also examines recent advances and emerging trends in the financial industry alongside critical challenges such as data quality, model interpretability, and computational complexity. These insights can guide future research directions toward developing more efficient, robust, and explainable financial models that address the evolving needs of the financial sector. © 2024 by the authors.","2024","2025-02-19 08:50:14","2025-02-19 08:50:14","","2066-2091","","4","5","","AI.","","","","","","","","English","","","Scopus","","","","","","/Users/jensreil/Zotero/storage/56W2TZDM/Mienye et al. - 2024 - Deep Learning in Finance A Survey of Applications and Techniques.pdf","","","CNN; deep learning; finance; GRU; LSTM; machine learning; RNN","","","","","","","","","","","","","","","","","","","","","","","","","","","","","","","","","","","","","","","","","","","","","",""
"6ELHBMGQ","journalArticle","2024","Weber, P.; Carl, K.V.; Hinz, O.","Applications of Explainable Artificial Intelligence in Finance—a systematic review of Finance, Information Systems, and Computer Science literature","Management Review Quarterly","","21981620 (ISSN)","10.1007/s11301-023-00320-0","https://www.scopus.com/inward/record.uri?eid=2-s2.0-85149028658&doi=10.1007%2fs11301-023-00320-0&partnerID=40&md5=4aa9ba5bf7b34903d383773d2ec008bf","Digitalization and technologization affect numerous domains, promising advantages but also entailing risks. Hence, when decision-makers in highly-regulated domains like Finance implement these technological advances—especially Artificial Intelligence—regulators prescribe high levels of transparency, assuring the traceability of decisions for third parties. Explainable Artificial Intelligence (XAI) is of tremendous importance in this context. We provide an overview of current research on XAI in Finance with a systematic literature review screening 2,022 articles from leading Finance, Information Systems, and Computer Science outlets. We identify a set of 60 relevant articles, classify them according to the used XAI methods and goals that they aim to achieve, and provide an overview of XAI methods used in different Finance areas. Areas like risk management, portfolio optimization, and applications around the stock market are well-researched, while anti-money laundering is understudied. Researchers implement both transparent models and post-hoc explainability, while they recently favored the latter. © The Author(s) 2023.","2024","2025-02-19 08:50:13","2025-02-19 08:50:13","","867-907","","2","74","","Manag. Rev. Q.","","","","","","","","English","","","Scopus","","","","","","/Users/jensreil/Zotero/storage/YJ8DSCJC/Weber et al. - 2024 - Applications of Explainable Artificial Intelligence in Finance—a systematic review of Finance, Infor.pdf","","","Explainable artificial intelligence; Finance; G00; L50; Machine learning; Review; Systematic literature review","","","","","","","","","","","","","","","","","","","","","","","","","","","","","","","","","","","","","","","","","","","","","",""
"2CYWWUNT","journalArticle","2022","Deng, S.; Zhu, Y.; Huang, X.; Duan, S.; Fu, Z.","High-Frequency Direction Forecasting of the Futures Market Using a Machine-Learning-Based Method","Future Internet","","19995903 (ISSN)","10.3390/fi14060180","https://www.scopus.com/inward/record.uri?eid=2-s2.0-85132744891&doi=10.3390%2ffi14060180&partnerID=40&md5=112bb23a2875193d301317440d9f78f2","Futures price-movement-direction forecasting has always been a significant and challenging subject in the financial market. In this paper, we propose a combination approach that integrates the XGBoost (eXtreme Gradient Boosting), SMOTE (Synthetic Minority Oversampling Technique), and NSGA-II (Non-dominated Sorting Genetic Algorithm-II) methods. We applied the proposed approach on the direction prediction and simulation trading of rebar futures, which are traded on the Shanghai Futures Exchange. Firstly, the minority classes of the high-frequency rebar futures price change magnitudes are oversampled using the SMOTE algorithm to overcome the imbalance problem of the class data. Then, XGBoost is adopted to construct a multiclassification model for the price-movement-direction prediction. Next, the proposed approach employs NSGA-II to optimize the parameters of the pre-designed trading rule for trading simulation. Finally, the price-movement direction is predicted, and we conducted the high-frequency trading based on the optimized XGBoost model and the trading rule, with the classification and trading performances empirically evaluated by four metrics over four testing periods. Meanwhile, the LIME (Local Interpretable Model-agnostic Explanations) is applied as a model explanation approach to quantify the prediction contributions of features to the forecasting samples. From the experimental results, we found that the proposed approach performed best in terms of direction prediction accuracy, profitability, and return–risk ratio. The proposed approach could be beneficial for decision-making of the rebar traders and related companies engaged in rebar futures trading. © 2022 by the authors. Licensee MDPI, Basel, Switzerland.","2022","2025-02-19 08:50:12","2025-02-19 08:50:12","","","","6","14","","Future Internet","","","","","","","","English","","","Scopus","","","","","","/Users/jensreil/Zotero/storage/RBS6JTF2/Deng et al. - 2022 - High-Frequency Direction Forecasting of the Futures Market Using a Machine-Learning-Based Method.pdf","","","Commerce; decision making; Decision making; Decisions makings; Electronic trading; Financial markets; Forecasting; Genetic algorithms; High frequency HF; Lime; Machine learning; model explanation; Model explanation; Multi-classification; Multi-objectives optimization; multiclassification; multiobjective optimization; Multiobjective optimization; Non dominated sorting genetic algorithm ii (NSGA II); Price movement; Rebar future; rebar futures; Synthetic minority over-sampling techniques; Trading rules","","","","","","","","","","","","","","","","","","","","","","","","","","","","","","","","","","","","","","","","","","","","","",""
"S5W38W48","conferencePaper","2023","Cau, F.M.; Hauptmann, H.; Spano, L.D.; Tintarev, N.","Supporting High-Uncertainty Decisions through AI and Logic-Style Explanations","Int Conf Intell User Interfaces Proc IUI","979-840070106-1 (ISBN)","","10.1145/3581641.3584080","https://www.scopus.com/inward/record.uri?eid=2-s2.0-85152126463&doi=10.1145%2f3581641.3584080&partnerID=40&md5=63ffa7ef2bc341658ea8b3d85b355ba4","A common criteria for Explainable AI (XAI) is to support users in establishing appropriate trust in the AI - rejecting advice when it is incorrect, and accepting advice when it is correct. Previous findings suggest that explanations can cause an over-reliance on AI (overly accepting advice). Explanations that evoke appropriate trust are even more challenging for decision-making tasks that are difficult for humans and AI. For this reason, we study decision-making by non-experts in the high-uncertainty domain of stock trading. We compare the effectiveness of three different explanation styles (influenced by inductive, abductive, and deductive reasoning) and the role of AI confidence in terms of a) the users' reliance on the XAI interface elements (charts with indicators, AI prediction, explanation), b) the correctness of the decision (task performance), and c) the agreement with the AI's prediction. In contrast to previous work, we look at interactions between different aspects of decision-making, including AI correctness, and the combined effects of AI confidence and explanations styles. Our results show that specific explanation styles (abductive and deductive) improve the user's task performance in the case of high AI confidence compared to inductive explanations. In other words, these styles of explanations were able to invoke correct decisions (for both positive and negative decisions) when the system was certain. In such a condition, the agreement between the user's decision and the AI prediction confirms this finding, highlighting a significant agreement increase when the AI is correct. This suggests that both explanation styles are suitable for evoking appropriate trust in a confident AI. Our findings further indicate a need to consider AI confidence as a criterion for including or excluding explanations from AI interfaces. In addition, this paper highlights the importance of carefully selecting an explanation style according to the characteristics of the task and data.  © 2023 ACM.","2023","2025-02-19 08:50:12","2025-02-19 08:50:12","","251-263","","","","","","","","","","","Association for Computing Machinery","","English","","","Scopus","","","","","","/Users/jensreil/Zotero/storage/G69X7UPC/Cau et al. - 2023 - Supporting High-Uncertainty Decisions through AI and Logic-Style Explanations.pdf","","","Abductive; AI confidence; Commerce; Decision making; Decisions makings; Deductive; Financial markets; Forecasting; Inductive; Logical reasoning; Random forest; Random forests; Stock market prediction; Task performance; XAI","","","","","","","","","","","","","","","","","","","","","","","","","","","","","","","International Conference on Intelligent User Interfaces, Proceedings IUI","","","","","","","","","","","","","","",""
"EVDW9JZD","journalArticle","2022","Freeborough, W.; van Zyl, T.","Investigating Explainability Methods in Recurrent Neural Network Architectures for Financial Time Series Data","Applied Sciences (Switzerland)","","20763417 (ISSN)","10.3390/app12031427","https://www.scopus.com/inward/record.uri?eid=2-s2.0-85123526727&doi=10.3390%2fapp12031427&partnerID=40&md5=d9be785b6309d801ee4ced63b8c07b54","Statistical methods were traditionally primarily used for time series forecasting. However, new hybrid methods demonstrate competitive accuracy, leading to increased machine-learning-based methodologies in the financial sector. However, very little development has been seen in explainable AI (XAI) for financial time series prediction, with a growing mandate for explainable systems. This study aims to determine if the existing XAI methodology is transferable to the context of financial time series prediction. Four popular methods, namely, ablation, permutation, added noise, and integrated gradients, were applied to a recurrent neural network (RNN), long short-term memory (LSTM), and a gated recurrent unit (GRU) network trained on S&P 500 stocks data to determine the importance of features, individual data points, and specific cells in each architecture. The explainability analysis revealed that GRU displayed the most significant ability to retain long-term information, while the LSTM disregarded most of the given input and instead showed the most notable granularity to the considered inputs. Lastly, the RNN displayed features indicative of no long-term memory retention. The applied XAI methods produced complementary results, reinforcing paradigms on significant differences in how different architectures predict. The results show that these methods are transferable in the financial forecasting sector, but a more sophisticated hybrid prediction system requires further confirmation. © 2022 by the authors. Licensee MDPI, Basel, Switzerland.","2022","2025-02-19 08:50:12","2025-02-19 08:50:12","","","","3","12","","Appl. Sci.","","","","","","","","English","","","Scopus","","","","","","/Users/jensreil/Zotero/storage/H2II6J34/Freeborough and van Zyl - 2022 - Investigating Explainability Methods in Recurrent Neural Network Architectures for Financial Time Se.pdf","","","GRU; LSTM; Time series forecasting; XAI RNN","","","","","","","","","","","","","","","","","","","","","","","","","","","","","","","","","","","","","","","","","","","","","",""
"6SCTAIW8","journalArticle","2024","Abdullah, M.; Sulong, Z.; Ashraful Ferdous Chowdhury, M.","Explainable deep learning model for stock price forecasting using textual analysis","Expert Systems with Applications","","09574174 (ISSN)","10.1016/j.eswa.2024.123740","https://www.scopus.com/inward/record.uri?eid=2-s2.0-85189183934&doi=10.1016%2fj.eswa.2024.123740&partnerID=40&md5=5aa73472f871eef21e9a9d1371b498a2","Stock price forecasting is a challenging task because financial time series are primarily nonlinear, noisy, and disordered systems that are complicated to forecast. Deep learning models show promise in this domain along with natural language processing, to extract relevant features from text data and map them to numerical representations. This study aims to forecast stock prices using text analysis and deep learning approaches and explain the models using explainable AI. We construct a World Halal Tourism Composite Sentiment Index (WHTCSI) using text analysis to forecast halal tourism stock price. The results suggest that Convolutional Neural Networks (CNN) outperform all other models. The results are robust when considering country-level data. In addition, model explanations show that the index contributes 35.55% to the forecasting model, indicating irrational investment activity and herding behavior in the halal tourism industry. The study's findings have significant implications for investors, analysts, and portfolio managers in making investment decisions. © 2024 Elsevier Ltd","2024","2025-02-19 08:50:11","2025-02-19 08:50:11","","","","","249","","Expert Sys Appl","","","","","","","","English","","","Scopus","","","","","","/Users/jensreil/Zotero/storage/RTKY66NA/Abdullah et al. - 2024 - Explainable deep learning model for stock price forecasting using textual analysis.pdf","","","CNN; Convolutional neural network; Convolutional neural networks; Costs; Deep learning; Electronic trading; Financial markets; Forecasting; Halal tourism; Investments; Learning models; Learning systems; Sentiment analysis; Stock forecasting; Stock price; Stock price forecasting; Text analysis; Textual-analysis","","","","","","","","","","","","","","","","","","","","","","","","","","","","","","","","","","","","","","","","","","","","","",""
"3JTDECSM","journalArticle","2024","Nguyen, T.T.; Le Nguyen, T.; Ifrim, G.","Robust explainer recommendation for time series classification","Data Min. Knowl. Discov.","","","10.1007/s10618-024-01045-8","https://www.scopus.com/inward/record.uri?eid=2-s2.0-85196363465&doi=10.1007%2fs10618-024-01045-8&partnerID=40&md5=dfceb1391e33e38b3ebcf7e26a2c68ab","Time series classification is a task which deals with temporal sequences, a prevalent data type common in domains such as human activity recognition, sports analytics and general sensing. In this area, interest in explanability has been growing as explanation is key to understand the data and the model better. Recently, a great variety of techniques (e.g., LIME, SHAP, CAM) have been proposed and adapted for time series to provide explanation in the form of saliency maps, where the importance of each data point in the time series is quantified with a numerical value. However, the saliency maps can and often disagree, so it is unclear which one to use. This paper provides a novel framework to quantitatively evaluate and rank explanation methods for time series classification. We show how to robustly evaluate the informativeness of a given explanation method (i.e., relevance for the classification task), and how to compare explanations side-by-side. The goal is to recommend the best explainer for a given time series classification dataset. We propose AMEE, a Model-Agnostic Explanation Evaluation framework, for recommending saliency-based explanations for time series classification. In this approach, data perturbation is added to the input time series guided by each explanation. Our results show that perturbing discriminative parts of the time series leads to significant changes in classification accuracy, which can be used to evaluate each explanation. To be robust to different types of perturbations and different types of classifiers, we aggregate the accuracy loss across perturbations and classifiers. This novel approach allows us to recommend the best explainer among a set of different explainers, including random and oracle explainers. We provide a quantitative and qualitative analysis for synthetic datasets, a variety of time-series datasets, as well as a real-world case study with known expert ground truth. © The Author(s) 2024.","2024","2025-02-27 12:27:54","2025-02-27 12:27:54","","3372-3413","","6","38","","Data Min. Knowl. Discov.","","","","","","","","","","","","","","","Publisher: Springer","","/Users/jensreil/Zotero/storage/C5AEAL37/Nguyen et al. - 2024 - Robust explainer recommendation for time series classification.pdf","","","","","","","","","","","","","","","","","","","","","","","","","","","","","","","","","","","","","","","","","","","","","","","","",""
"NKU6CTXY","journalArticle","2025","Szostak, B.; Doroz, R.; Marker, M.","Contextual Background Estimation for Explainable AI in Temperature Prediction","Appl. Sci.","","","10.3390/app15031057","https://www.scopus.com/inward/record.uri?eid=2-s2.0-85217616595&doi=10.3390%2fapp15031057&partnerID=40&md5=bc18669171ae5b435f81b5a8e95ff5e4","Accurate weather prediction and electrical load modeling are critical for optimizing energy systems and mitigating environmental impacts. This study explores the integration of the novel Mean Background Method and Background Estimation Method with Explainable Artificial Intelligence (XAI) with the aim to enhance the evaluation and understanding of time-series models in these domains. The electrical load or temperature predictions are regression-based problems. Some XAI methods, such as SHAP, require using the base value of the model as the background to provide an explanation. However, in contextualized situations, the default base value is not always the best choice. The selection of the background can significantly affect the corresponding Shapley values. This paper presents two innovative XAI methods designed to provide robust context-aware explanations for regression and time-series problems, addressing critical gaps in model interpretability. They can be used to improve background selection to make more conscious decisions and improve the understanding of predictions made by models that use time-series data. © 2025 by the authors.","2025","2025-02-27 12:27:54","2025-02-27 12:27:54","","","","3","15","","Appl. Sci.","","","","","","","","","","","","","","","Publisher: Multidisciplinary Digital Publishing Institute (MDPI)","","/Users/jensreil/Zotero/storage/NK99KM6Y/Szostak et al. - 2025 - Contextual Background Estimation for Explainable AI in Temperature Prediction.pdf","","","","","","","","","","","","","","","","","","","","","","","","","","","","","","","","","","","","","","","","","","","","","","","","",""
"SU58YWPF","journalArticle","2024","Sudarshan, V.K.; Ramachandra, R.A.; Ojha, S.; Tan, R.-S.","DCEnt‐PredictiveNet: A novel explainable hybrid model for time series forecasting","Neurocomputing","","","10.1016/j.neucom.2024.128389","https://www.scopus.com/inward/record.uri?eid=2-s2.0-85202200005&doi=10.1016%2fj.neucom.2024.128389&partnerID=40&md5=0a18c71019156a48e104c1ca5ff0deab","This work presents a novel hybrid framework called DCEnt-PredictiveNet (deep convolutional neural network (DCNN) + entropy + support vector regressor (SVR)) that concatenate both deep and handcrafted features for time series data analysis and forecasting. From the discrete wavelet transform coefficients of input time series data, computed four different handcrafted entropy features, which were then concatenated with deep features extracted using a modified DCNN. The concatenated deep and handcrafted feature vector was then fed to a SVR for prediction. The DCEnt-PredictiveNet framework was trained and tested on three time series datasets of real-world COVID-19, stock price and traffic information, and achieved mean absolute percentage errors of 0.03 %, 1.53 % and 11.41 % for daily cumulative COVID-19 positive cases, closing stock price, and hourly traffic (vehicle numbers) at one junction predictions, respectively. In addition, we incorporated local interpretable model-agnostic explanations and Shapley additive explanations methods into DCEnt-PredictiveNet to enable visualization of significant features that contributed to the model's decision-making, thereby enhancing its explainability. Our DCEnt-PredictiveNet model yielded promising and interpretable forecasting results, which can facilitate advance resource planning in hospitals for incoming COVID-19 patients, stock market investment planning, and efficient traffic control management. © 2024 Elsevier B.V.","2024","2025-02-27 12:27:54","2025-02-27 12:27:54","","","","","608","","Neurocomputing","","","","","","","","","","","","","","","Publisher: Elsevier B.V.","","/Users/jensreil/Zotero/storage/6A9DNUD9/Sudarshan et al. - 2024 - DCEnt‐PredictiveNet A novel explainable hybrid model for time series forecasting.pdf","","","","","","","","","","","","","","","","","","","","","","","","","","","","","","","","","","","","","","","","","","","","","","","","",""
"9RRSGY84","journalArticle","2024","Muhammad, D.; Ahmed, I.; Naveed, K.; Bendechache, M.","An explainable deep learning approach for stock market trend prediction","Heliyon","","","10.1016/j.heliyon.2024.e40095","https://www.scopus.com/inward/record.uri?eid=2-s2.0-85208136388&doi=10.1016%2fj.heliyon.2024.e40095&partnerID=40&md5=1b5c5f9ebcfd0fadd506db2b14d538f7","Given the intricate nature of stock forecasting as well as the inherent risks and uncertainties, analysis of market trends is necessary to capitalize on optimal investment opportunities for profit maximization and timely disinvestment for loss minimization. In this work, we propose a deep learning model for predicting five distinct stock market trends: upward, downward, double top, rounded bottom, and rounded top. The proposed model surpasses common benchmarks, including support vector machine, random forest, and logistic regression, achieving an average accuracy of 94.9%, compared to 85.7% for random forest, 60.07% for support vector machine, and 52.45% for logistic regression. Furthermore the proposed model excels in F1-score, with a 94.85% performance, compared to 77.95% for random forest, 21.02% for support vector machine and 46.23% for logistic regression, across four real world diverse datasets. Additionally, we employ explainable AI (XAI) techniques, SHAP and LIME, to enhance interpretability, enabling stakeholders to understand the key factors driving predictions. The SHAP analysis reveals the top 10 most important/influential features, enabling feature reduction while maintaining performance. Interestingly, while accuracy slightly decreases with top 10 features, precision, recall, and F1-score improve, suggesting a trade-off between comprehensiveness and performance. These results demonstrate the potential for practical application in financial decision-making, providing a balance between interpretability and predictive power that can support investors in risk management and strategic planning. © 2024 The Author(s)","2024","2025-02-27 12:27:54","2025-02-27 12:27:54","","","","21","10","","Heliyon","","","","","","","","","","","","","","","Publisher: Elsevier Ltd","","/Users/jensreil/Zotero/storage/5TRXVKHV/Muhammad et al. - 2024 - An explainable deep learning approach for stock market trend prediction.pdf","","","","","","","","","","","","","","","","","","","","","","","","","","","","","","","","","","","","","","","","","","","","","","","","",""
"LQ4B8EAZ","journalArticle","2024","Vielhaben, J.; Lapuschkin, S.; Montavon, G.; Samek, W.","Explainable AI for time series via Virtual Inspection Layers","Pattern Recogn.","","","10.1016/j.patcog.2024.110309","https://www.scopus.com/inward/record.uri?eid=2-s2.0-85184783807&doi=10.1016%2fj.patcog.2024.110309&partnerID=40&md5=f52ebf9d82bff51528a3d66127e64bac","The field of eXplainable Artificial Intelligence (XAI) has witnessed significant advancements in recent years. However, the majority of progress has been concentrated in the domains of computer vision and natural language processing. For time series data, where the input itself is often not interpretable, dedicated XAI research is scarce. In this work, we put forward a virtual inspection layer for transforming the time series to an interpretable representation and allows to propagate relevance attributions to this representation via local XAI methods. In this way, we extend the applicability of XAI methods to domains (e.g. speech) where the input is only interpretable after a transformation. In this work, we focus on the Fourier Transform which, is prominently applied in the preprocessing of time series, with Layer-wise Relevance Propagation (LRP) and refer to our method as DFT-LRP. We demonstrate the usefulness of DFT-LRP in various time series classification settings like audio and medical data. We showcase how DFT-LRP reveals differences in the classification strategies of models trained in different domains (e.g., time vs. frequency domain) or helps to discover how models act on spurious correlations in the data. © 2024 The Authors","2024","2025-02-27 12:27:54","2025-02-27 12:27:54","","","","","150","","Pattern Recogn.","","","","","","","","","","","","","","","Publisher: Elsevier Ltd","","/Users/jensreil/Zotero/storage/TKSG8RUF/Vielhaben et al. - 2024 - Explainable AI for time series via Virtual Inspection Layers.pdf","","","","","","","","","","","","","","","","","","","","","","","","","","","","","","","","","","","","","","","","","","","","","","","","",""
"6WKXYYT4","journalArticle","2025","Rabie, A.H.; Sultan, Y.A.","A novel Fault Diagnosis Approach (FDA) for electric drives using optimized outlier detection model and long short-term memory networks","Comput Electr Eng","","","10.1016/j.compeleceng.2025.110129","https://www.scopus.com/inward/record.uri?eid=2-s2.0-85216741347&doi=10.1016%2fj.compeleceng.2025.110129&partnerID=40&md5=0be752e24796c3242e4fa405bd7a1112","Electric drives, essential components in electric vehicles (EVs), are susceptible to faults that can compromise performance, increase maintenance costs, and pose safety risks. This study proposes a novel Fault Diagnosis Approach (FDA) that integrates Explainable AI (XAI) with Long Short-Term Memory (LSTM) networks to address these challenges. The FDA framework consists of two key layers: the Outlier Detection Layer (ODL) and the Fault Diagnosis Layer (FDL). The ODL employs the Optimized Outlier Detection Model (O2DM) using Binary Tiki-Taka Optimization to detect and eliminate outliers, ensuring high-quality input data for fault diagnosis. The FDL leverages LSTM networks to analyze time-series data, coupled with SHapley Additive exPlanations (SHAP) to enhance model interpretability. The proposed framework achieves notable performance improvements, including 91.98 % accuracy, a 9.02 % error rate, and a 5-second implementation time, surpassing traditional fault diagnosis methods. The seamless integration of the ODL enhances the FDL's performance by improving data reliability and precision. Furthermore, the FDA framework is scalable and well-suited for real-world deployment, particularly in smart grid environments, due to its ability to process large datasets efficiently. By combining superior accuracy with model transparency, this study offers a significant advancement toward safer and more reliable electric drive systems. © 2025 Elsevier Ltd","2025","2025-02-27 12:27:54","2025-02-27 12:27:54","","","","","123","","Comput Electr Eng","","","","","","","","","","","","","","","Publisher: Elsevier Ltd","","/Users/jensreil/Zotero/storage/VQQIU8DG/Rabie and Sultan - 2025 - A novel Fault Diagnosis Approach (FDA) for electric drives using optimized outlier detection model a.pdf","","","","","","","","","","","","","","","","","","","","","","","","","","","","","","","","","","","","","","","","","","","","","","","","",""
"8CM855NE","journalArticle","2024","Sarker, M.A.A.; Shanmugam, B.; Azam, S.; Thennadil, S.","Enhancing smart grid load forecasting: An attention-based deep learning model integrated with federated learning and XAI for security and interpretability","Intell. Syst. Applications.","","","10.1016/j.iswa.2024.200422","https://www.scopus.com/inward/record.uri?eid=2-s2.0-85200347965&doi=10.1016%2fj.iswa.2024.200422&partnerID=40&md5=55e145fd71e0e12c08e44d6e7a08264f","Smart grid is a transformative advancement that modernized the traditional power system for effective electricity management, and involves optimized energy distribution by load forecasting. Precise load forecasting provides the best utilization of energy resources and increases sustainability. Dynamic changes of several connected factors, such as temporal and geographical variability, pose challenges to accurate load prediction. Integrating Artificial Intelligence (AI) in the smart grid can enhance the performance of the forecasting process by capturing these changes. This study investigated load forecasting tasks on four different datasets. Several preprocessing and augmentation techniques are applied to increase the data quality. An attention-based 1D-CNN-GRU model is proposed to capture the temporal patterns from the time-series data, and the hyperparameters of the model are optimized using a particle swarm optimization (PSO) algorithm that also accelerates the convergence and results in an efficient training session. Empirical evaluations highlight that the proposed model substantially minimizes the loss, reflecting the ability to make accurate predictions. It obtains MAE values of 0.12, 0.8, 16.48, and 82.64 for the four datasets. Moreover, the explainable AI (XAI) technique is applied using Shapley Additive explanations (SHAP) to interpret the model prediction, providing the feature ranking based on their prediction score. Moreover, this study utilizes federated learning, enables collaborative training, maintains the privacy of the grid data, and secures the process comprehensively. The aggregation mechanism in federated learning is modified using pruning-based methods that reduce the parameters and computational cost, resulting in a more efficient framework. Integrating all these approaches provides valuable insights for developing a load forecasting model and outlines potential contributions in the smart grid domain. © 2024 The Author(s)","2024","2025-02-27 12:27:54","2025-02-27 12:27:54","","","","","23","","Intell. Syst. Applications.","","","","","","","","","","","","","","","Publisher: Elsevier B.V.","","/Users/jensreil/Zotero/storage/EEURB63V/Sarker et al. - 2024 - Enhancing smart grid load forecasting An attention-based deep learning model integrated with federa.pdf","","","","","","","","","","","","","","","","","","","","","","","","","","","","","","","","","","","","","","","","","","","","","","","","",""
"EFHV66YG","journalArticle","2024","Kuo, C.-H.; Liu, G.-T.; Lee, C.-E.; Wu, J.; Casimo, K.; Weaver, K.E.; Lo, Y.-C.; Chen, Y.-Y.; Huang, W.-C.; Ojemann, J.G.","Decoding micro-electrocorticographic signals by using explainable 3D convolutional neural network to predict finger movements","J. Neurosci. Methods","","","10.1016/j.jneumeth.2024.110251","https://www.scopus.com/inward/record.uri?eid=2-s2.0-85202185940&doi=10.1016%2fj.jneumeth.2024.110251&partnerID=40&md5=3637a2850459de9fb9fd6956b28d7dd3","Background: Electroencephalography (EEG) and electrocorticography (ECoG) recordings have been used to decode finger movements by analyzing brain activity. Traditional methods focused on single bandpass power changes for movement decoding, utilizing machine learning models requiring manual feature extraction. New method: This study introduces a 3D convolutional neural network (3D-CNN) model to decode finger movements using ECoG data. The model employs adaptive, explainable AI (xAI) techniques to interpret the physiological relevance of brain signals. ECoG signals from epilepsy patients during awake craniotomy were processed to extract power spectral density across multiple frequency bands. These data formed a 3D matrix used to train the 3D-CNN to predict finger trajectories. Results: The 3D-CNN model showed significant accuracy in predicting finger movements, with root-mean-square error (RMSE) values of 0.26–0.38 for single finger movements and 0.20–0.24 for combined movements. Explainable AI techniques, Grad-CAM and SHAP, identified the high gamma (HG) band as crucial for movement prediction, showing specific cortical regions involved in different finger movements. These findings highlighted the physiological significance of the HG band in motor control. Comparison with existing methods: The 3D-CNN model outperformed traditional machine learning approaches by effectively capturing spatial and temporal patterns in ECoG data. The use of xAI techniques provided clearer insights into the model's decision-making process, unlike the “black box” nature of standard deep learning models. Conclusions: The proposed 3D-CNN model, combined with xAI methods, enhances the decoding accuracy of finger movements from ECoG data. This approach offers a more efficient and interpretable solution for brain-computer interface (BCI) applications, emphasizing the HG band's role in motor control. © 2024 Elsevier B.V.","2024","2025-02-27 12:27:54","2025-02-27 12:27:54","","","","","411","","J. Neurosci. Methods","","","","","","","","","","","","","","","Publisher: Elsevier B.V.","","/Users/jensreil/Zotero/storage/8SFRWDZY/Kuo et al. - 2024 - Decoding micro-electrocorticographic signals by using explainable 3D convolutional neural network to.pdf","","","","","","","","","","","","","","","","","","","","","","","","","","","","","","","","","","","","","","","","","","","","","","","","",""
"QTRLVDQT","journalArticle","2025","Iqbal, Z.; Rahman, M.M.; Mahmood, U.; Zia, Q.; Fu, Z.; Calhoun, V.D.; Plis, S.","Explainable Self-Supervised Dynamic Neuroimaging Using Time Reversal","Brain Sci.","","","10.3390/brainsci15010060","https://www.scopus.com/inward/record.uri?eid=2-s2.0-85215978232&doi=10.3390%2fbrainsci15010060&partnerID=40&md5=642731c35b2059867534a6e62ddfe7c0","Objective: Functional magnetic resonance imaging data pose significant challenges due to their inherently noisy and complex nature, making traditional statistical models less effective in capturing predictive features. While deep learning models offer superior performance through their non-linear capabilities, they often lack transparency, reducing trust in their predictions. This study introduces the Time Reversal (TR) pretraining method to address these challenges. TR aims to learn temporal dependencies in data, leveraging large datasets for pretraining and applying this knowledge to improve schizophrenia classification on smaller datasets. Methods: We pretrained an LSTM-based model with attention using the TR approach, focusing on learning the direction of time in fMRI data, achieving over 98 % accuracy on HCP and UK Biobank datasets. For downstream schizophrenia classification, TR-pretrained weights were transferred to models evaluated on FBIRN, COBRE, and B-SNIP datasets. Saliency maps were generated using Integrated Gradients (IG) to provide post hoc explanations for pretraining, while Earth Mover’s Distance (EMD) quantified the temporal dynamics of salient features in the downstream tasks. Results: TR pretraining significantly improved schizophrenia classification performance across all datasets: median AUC scores increased from 0.7958 to 0.8359 (FBIRN), 0.6825 to 0.7778 (COBRE), and 0.6341 to 0.7224 (B-SNIP). The saliency maps revealed more concentrated and biologically meaningful salient features along the time axis, aligning with the episodic nature of schizophrenia. TR consistently outperformed baseline pretraining methods, including OCP and PCL, in terms of AUC, balanced accuracy, and robustness. Conclusions: This study demonstrates the dual benefits of the TR method: enhanced predictive performance and improved interpretability. By aligning model predictions with meaningful temporal patterns in brain activity, TR bridges the gap between deep learning and clinical relevance. These findings emphasize the potential of explainable AI tools for aiding clinicians in diagnostics and treatment planning, especially in conditions characterized by disrupted temporal dynamics. © 2025 by the authors.","2025","2025-02-27 12:27:54","2025-02-27 12:27:54","","","","1","15","","Brain Sci.","","","","","","","","","","","","","","","Publisher: Multidisciplinary Digital Publishing Institute (MDPI)","","/Users/jensreil/Zotero/storage/AZ2HBQ49/Iqbal et al. - 2025 - Explainable Self-Supervised Dynamic Neuroimaging Using Time Reversal.pdf","","","","","","","","","","","","","","","","","","","","","","","","","","","","","","","","","","","","","","","","","","","","","","","","",""
"DLBWFHWH","journalArticle","2024","Salman, D.; Elmi, Y.K.; Isak, A.M.; Siyad, A.A.","Analyzing the Impact of Environmental Factors on Solar Power Output Using Explainable Deep Learning Techniques","SSRG. Int. J. Electron. Commun. Eng.","","","10.14445/23488549/IJECE-V11I10P110","https://www.scopus.com/inward/record.uri?eid=2-s2.0-85209105207&doi=10.14445%2f23488549%2fIJECE-V11I10P110&partnerID=40&md5=f40b9a7647daf78b5fc12d921104c169","An advanced prediction of power generation is necessary for renewable systems to achieve optimal efficiency and output. This paper explores advanced deep learning models: Long Short-Term Memory (LSTM), 1D Convolutional Neural Network (1D-CNN), and a combined LSTM-1DCNN model to predict output solar power using historical time series climatic data. The feature consists of the main characteristics, namely temperature, air pressure, sun radiation, and humidity of the solar power. Several evaluation metrics were used to better assess each model's performance and the extent to which it has addressed research questions. The best model that showed high accuracy and good generalization of the output data was chosen as the LSTM-1DCNN hybrid model. Regarding the projections, each feature's contribution was evaluated using SHAP values with the ""SHAP"" package. The analysis carried out by the study revealed that models were influenced most by sun radiation. As the three models are analyzed, the call for multiple deep-learning techniques increases the forecast level. This paper focuses on the potential of using hybrid deep learning models to enhance the accuracy of the power output predictions while, by SHAP analysis, underlining the requirement for the model explainability. However, such work offers significant viewpoints and room for other developments that can use more prominent datasets and elaborate details. However, the results also highlight the areas to learn about the possibility of increasing the reliability and interpretability of the model's outcomes while underlining the necessity to apply advanced modelling approaches to optimize energy systems. © 2024 Seventh Sense Research Group®.","2024","2025-02-27 12:27:54","2025-02-27 12:27:54","","119-134","","10","11","","SSRG. Int. J. Electron. Commun. Eng.","","","","","","","","","","","","","","","Publisher: Seventh Sense Research Group","","/Users/jensreil/Zotero/storage/IB3NMR4D/Salman et al. - 2024 - Analyzing the Impact of Environmental Factors on Solar Power Output Using Explainable Deep Learning.pdf","","","","","","","","","","","","","","","","","","","","","","","","","","","","","","","","","","","","","","","","","","","","","","","","",""
"373I5LWG","journalArticle","2024","Schneider, M.; Greifzu, N.; Wang, L.; Walther, C.; Wenzel, A.; Li, P.","An end-to-end machine learning approach with explanation for time series with varying lengths","Neural Comput. Appl.","","","10.1007/s00521-024-09473-9","https://www.scopus.com/inward/record.uri?eid=2-s2.0-85185244418&doi=10.1007%2fs00521-024-09473-9&partnerID=40&md5=216c04de80c975bcbd5914fddbe485d7","An accurate prediction of complex product quality parameters from process time series by an end-to-end learning approach remains a significant challenge in machine learning. A special difficulty is the application of industrial batch process data because many batch processes generate variable length time series. In the industrial application of such methods, explainability is often desired. In this study, a 1D convolutional neural network (CNN) algorithm with a masking layer is proposed to solve the problem for time series of variable length. In addition, a novel combination of 1D CNN and class activation mapping (CAM) technique is part of this study to better understand the model results and highlight some regions of interest in the time series. As a comparative state-of-the-art unsupervised machine learning method, the One-Nearest Neighbours (1NN) algorithm combined with dynamic time warping (DTW) was used. Both methods are investigated as end-to-end learning methods with balanced and unbalanced class distributions and with scaled and unscaled input data, respectively. The FastDTW and DTAIDistance algorithms were investigated for the DTW calculation. The data set is made up of sensor signals that was collected during the production of plastic parts. The objective was to predict a quality parameter of plastic parts during production. For this research, the quality parameter will be a difficult or only destructively measurable parameter and both methods will be investigated for their applicability to this prediction task. The application of the proposed approach to an industrial facility for producing plastic products shows a prediction accuracy of 83.7%. It can improve the reverence method by approximately 1.4%. In addition to the slight increase in accuracy, the CNN training time was significantly reduced compared to the DTW calculation. © The Author(s) 2024.","2024","2025-02-27 12:27:54","2025-02-27 12:27:54","","7491-7508","","13","36","","Neural Comput. Appl.","","","","","","","","","","","","","","","Publisher: Springer Science and Business Media Deutschland GmbH","","/Users/jensreil/Zotero/storage/JFNIW2V8/Schneider et al. - 2024 - An end-to-end machine learning approach with explanation for time series with varying lengths.pdf","","","","","","","","","","","","","","","","","","","","","","","","","","","","","","","","","","","","","","","","","","","","","","","","",""
"8CVQ24JV","journalArticle","2024","Kim, J.; Kim, T.","Two-pathway spatiotemporal representation learning for extreme water temperature prediction","Eng Appl Artif Intell","","","10.1016/j.engappai.2023.107718","https://www.scopus.com/inward/record.uri?eid=2-s2.0-85182415275&doi=10.1016%2fj.engappai.2023.107718&partnerID=40&md5=817d0486ab480113d565cbb65945e61c","Accurate predictions of extreme water temperatures are criticalto understanding the variability of the marine environment and reducing marine disasters maximized by global warming. In this study, we propose a two-pathway framework with separated spatial and temporal encoders for accurate prediction of water temperature, especially extremely high water temperature, through effective spatiotemporal representation learning. The spatial and temporal encoder networks based on the Transformer's self-attention mechanism performs the task of predicting the water temperature time series at the 16 coastal locations around the Korean Peninsula for the seven consecutive days ahead at daily intervals with various combinations of patch embedding methods, positional embedding for spatial features. Comparative experiments with conventional deep convolutional and recurrent networks are also conducted for comparison. By comparing and assessing these results, the proposed two-pathway framework can improve the predictability of extremely high coastal water temperature by better capturing spatiotemporal interrelationships and long-range dependencies from open ocean and regional sea, and further determines the optimal architectural details of self-attention-based spatial and temporal encoders. Furthermore, to examine the explainability of the proposed model and its consistency with domain knowledge, spatial and temporal attention maps are visualized and analyzed that represents weights for spatiotemporal input sequences that are more relevant to predict for future predictions. © 2023 Elsevier Ltd","2024","2025-02-27 12:27:54","2025-02-27 12:27:54","","","","","131","","Eng Appl Artif Intell","","","","","","","","","","","","","","","Publisher: Elsevier Ltd","","/Users/jensreil/Zotero/storage/JV8ELE2W/Kim and Kim - 2024 - Two-pathway spatiotemporal representation learning for extreme water temperature prediction.pdf","","","","","","","","","","","","","","","","","","","","","","","","","","","","","","","","","","","","","","","","","","","","","","","","",""
"XETGG9M6","journalArticle","2024","Sweidan, J.; El-Yacoubi, M.A.; Rigaud, A.-S.","Explainability of CNN-based Alzheimer’s disease detection from online handwriting","Sci. Rep.","","","10.1038/s41598-024-72650-2","https://www.scopus.com/inward/record.uri?eid=2-s2.0-85205276201&doi=10.1038%2fs41598-024-72650-2&partnerID=40&md5=1b38496c54207fc807d8394d02eddbdd","With over 55 million people globally affected by dementia and nearly 10 million new cases reported annually, Alzheimer’s disease is a prevalent and challenging neurodegenerative disorder. Despite significant advancements in machine learning techniques for Alzheimer’s disease detection, the widespread adoption of deep learning models raises concerns about their explainability. The lack of explainability in deep learning models for online handwriting analysis is a critical gap in the literature in the context of Alzheimer’s disease detection. This paper addresses this challenge by interpreting predictions from a Convolutional Neural Network applied to multivariate time series data, generated by online handwriting data associated with continuous loop series handwritten on a graphical tablet. Our explainability methods reveal distinct motor behavior characteristics for healthy individuals and those diagnosed with Alzheimer’s. Healthy subjects exhibited consistent, smooth movements, while Alzheimer’s patients demonstrated erratic patterns marked by abrupt stops and direction changes. This emphasizes the critical role of explainability in translating complex models into clinically relevant insights. Our research contributes to the enhancement of early diagnosis, providing significant and reliable insights to stakeholders involved in patient care and intervention strategies. Our work bridges the gap between machine learning predictions and clinical insights, fostering a more effective and understandable application of advanced models for Alzheimer’s disease assessment. © The Author(s) 2024.","2024","2025-02-27 12:27:54","2025-02-27 12:27:54","","","","1","14","","Sci. Rep.","","","","","","","","","","","","","","","Publisher: Nature Research","","/Users/jensreil/Zotero/storage/I4G82M9Z/Sweidan et al. - 2024 - Explainability of CNN-based Alzheimer’s disease detection from online handwriting.pdf","","","","","","","","","","","","","","","","","","","","","","","","","","","","","","","","","","","","","","","","","","","","","","","","",""
"KM5L7YA8","journalArticle","2025","Gholian, S.M.; Fiandrino, C.; Vallina-Rodriguez, N.; Fiore, M.; Widmer, A.J.","DeExp: Revealing Model Vulnerabilities for Spatio-Temporal Mobile Traffic Forecasting with Explainable AI","IEEE Trans. Mob. Comput.","","","10.1109/TMC.2025.3531544","https://www.scopus.com/inward/record.uri?eid=2-s2.0-85216247870&doi=10.1109%2fTMC.2025.3531544&partnerID=40&md5=6bf20ea0825711fef7ff1b3ccc088e30","The ability to perform mobile traffic forecasting effectively with (DNN) is instrumental to optimize resource management in 5G and beyond generation mobile networks. However, despite their capabilities, these DNNs often act as complex opaque-boxes with decisions that are difficult to interpret. Even worse, they have proven vulnerable to adversarial attacks which undermine their applicability in production networks. Unfortunately, although existing state-of-the-art EXplainable Artificial Intelligence (XAI) techniques are often demonstrated in computer vision and Natural Language Processing (NLP), they may not fully address the unique challenges posed by spatio-temporal time-series forecasting models. To address these challenges, we introduce DeExp in this paper, a tool that flexibly builds upon legacy XAI techniques to synthesize compact explanations by making it possible to understand which Base Stations (BSs) are more influential for forecasting from a spatio-temporal perspective. Armed with such knowledge, we run state-of-the-art Adversarial Machine Learning (AML) techniques on those BSs to measure the accuracy degradation of the predictors under adversarial attacks. Our comprehensive evaluation uses real-world mobile traffic datasets and demonstrates that legacy XAI techniques spot different types of vulnerabilities. While Gradient-weighted Class Activation Mapping (GC) is suitable to spot BSs sensitive to moderate/low traffic injection, LayeR-wise backPropagation (LRP) is suitable to spot BSs sensitive to moderate/low traffic injection, LayeR-wise backPropagation (LRP) is suitable to identify BSs sensitive to high traffic injection. Under moderate adversarial attacks, the prediction error of the BSs identified as vulnerable can increase by more than 250%.  © 2025 IEEE.","2025","2025-02-27 12:27:54","2025-02-27 12:27:54","","","","","","","IEEE Trans. Mob. Comput.","","","","","","","","","","","","","","","Publisher: Institute of Electrical and Electronics Engineers Inc.","","/Users/jensreil/Zotero/storage/8LGFQYYZ/Gholian et al. - 2025 - DeExp Revealing Model Vulnerabilities for Spatio-Temporal Mobile Traffic Forecasting with Explainab.pdf","","","","","","","","","","","","","","","","","","","","","","","","","","","","","","","","","","","","","","","","","","","","","","","","",""
"EE3SXTK7","journalArticle","2025","Troncoso-Garcia, A.R.; Martinez-Ballesteros, M.; Martinez-Alvarez, F.; Troncoso, A.","A new metric based on association rules to assess feature-attribution explainability techniques for time series forecasting","IEEE Trans Pattern Anal Mach Intell","","","10.1109/TPAMI.2025.3540513","https://www.scopus.com/inward/record.uri?eid=2-s2.0-85217807341&doi=10.1109%2fTPAMI.2025.3540513&partnerID=40&md5=629150f2ecc184b9266debee7beb347d","This paper introduces a new, model-independent, metric, called RExQUAL, for quantifying the quality of explanations provided by attribution-based explainable artificial intelligence techniques and compare them. The underlying idea is based on feature attribution, using a subset of the ranking of the attributes highlighted by a model-agnostic explainable method in a forecasting task. Then, association rules are generated using these key attributes as input data. Novel metrics, including global support and confidence, are proposed to assess the joint quality of generated rules. Finally, the quality of the explanations is calculated based on a wise and comprehensive combination of the association rules global metrics. The proposed method integrates local explanations through attribution-based approaches for evaluation and feature selection with global explanations for the entire dataset. This paper rigorously evaluates the new metric by comparing three explainability techniques: the widely used SHAP and LIME, and the novel methodology RULEx. The experimental design includes predicting time series of different natures, including univariate and multivariate, through deep learning models. The results underscore the efficacy and versatility of the proposed methodology as a quantitative framework for evaluating and comparing explainable techniques. © 1979-2012 IEEE.","2025","2025-02-27 12:27:54","2025-02-27 12:27:54","","","","","","","IEEE Trans Pattern Anal Mach Intell","","","","","","","","","","","","","","","Publisher: IEEE Computer Society","","/Users/jensreil/Zotero/storage/ZJY9UM8P/Troncoso-Garcia et al. - 2025 - A new metric based on association rules to assess feature-attribution explainability techniques for.pdf","","","","","","","","","","","","","","","","","","","","","","","","","","","","","","","","","","","","","","","","","","","","","","","","",""
"FPZLU5GG","journalArticle","2025","Ndao, M.L.; Youness, G.; Niang, N.; Saporta, G.","Improving predictive maintenance: Evaluating the impact of preprocessing and model complexity on the effectiveness of eXplainable Artificial Intelligence methods","Eng Appl Artif Intell","","","10.1016/j.engappai.2025.110144","https://www.scopus.com/inward/record.uri?eid=2-s2.0-85216472317&doi=10.1016%2fj.engappai.2025.110144&partnerID=40&md5=aff348b968204843da69487983a561b8","Due to their performance in this field, Long-Short-Term Memory Neural Network (LSTM) approaches are often used to predict the remaining useful life (RUL). However, their complexity limits the interpretability of their results. So, eXplainable Artificial Intelligence (XAI) methods are used to understand the relationship between the input data and the predicted RUL. Modeling involves making choices, such as preprocessing strategies or model complexity. Understanding how these modeling choices affect the effectiveness of XAI methods is crucial. This paper investigates the impact of two modeling aspects: preprocessing multivariate time series and model complexity, precisely the number of hidden layers, on the quality of the explanations provided by three XAI post-hoc local agnostic methods (Local Interpretable Model-Agnostic Explanations (LIME), SHapley Additive exPlanations (SHAP), and Learning to eXplain (L2X) in the context of the RUL prediction. The quality of the XAI methods is evaluated using eleven metrics, categorized under five properties based on the definitions of interpretability and explainability. Experiments on the C-MAPSS dataset for aero-engine prognostics demonstrate that SHAP often provides better explanations when optimized preprocessing parameters are used. However, variations in these preprocessing parameters affect the quality of the explanation. Additionally, the results suggest no significant correlation between the complexity of the LSTM model and explanation quality, although changes in the number of layers notably influence the precision of SHAP's explanations. © 2025 The Authors","2025","2025-02-27 12:27:54","2025-02-27 12:27:54","","","","","144","","Eng Appl Artif Intell","","","","","","","","","","","","","","","Publisher: Elsevier Ltd","","/Users/jensreil/Zotero/storage/4LPPRAS8/Ndao et al. - 2025 - Improving predictive maintenance Evaluating the impact of preprocessing and model complexity on the.pdf","","","","","","","","","","","","","","","","","","","","","","","","","","","","","","","","","","","","","","","","","","","","","","","","",""
"2B9FJMI5","journalArticle","2024","Popov, P.; Mahmood, U.; Fu, Z.; Yang, C.; Calhoun, V.; Plis, S.","A simple but tough-to-beat baseline for fMRI time-series classification","NeuroImage","","","10.1016/j.neuroimage.2024.120909","https://www.scopus.com/inward/record.uri?eid=2-s2.0-85208492239&doi=10.1016%2fj.neuroimage.2024.120909&partnerID=40&md5=7da32b50907d756f02498b7070050dde","Current neuroimaging studies frequently use complex machine learning models to classify human fMRI data, distinguishing healthy and disordered brains, often to validate new methods or enhance prediction accuracy. Yet, where prediction accuracy is a concern, our results suggest that precision in prediction does not always require such sophistication. When a classifier as simple as logistic regression is applied to feature-engineered fMRI data, it can match or even outperform more sophisticated recent models. Classification of the raw time series fMRI data generally benefits from complex parameter-rich models. However, this complexity often pushes them into the class of black-box models. Yet, we found that a relatively simple model can consistently outperform much more complex classifiers in both accuracy and speed. This model applies the same multi-layer perceptron repeatedly across time and averages the results. Thus, the complexity and black-box nature of the parameter rich models, often perceived as a necessary trade-off for higher performance, do not invariably yield superior results on fMRI. Given the success of straightforward approaches, we challenge the merit of research that concentrates solely on complex model development driven by classification. Instead, we advocate for increased focus on designing models that prioritize the explainability of fMRI data or pursue applicable objectives beyond mere classification accuracy, unless they significantly outperform logistic regression or our proposed model. To validate our claim, we explore possible reasons for the superior performance of our straightforward model by examining the innate characteristics of fMRI time series data. Our findings suggest that the sequential information hidden in the temporal order may be far less important for the accurate fMRI classification than the stand-alone pieces of information scattered across the frames of the time series. © 2024 The Authors","2024","2025-02-27 12:27:54","2025-02-27 12:27:54","","","","","303","","NeuroImage","","","","","","","","","","","","","","","Publisher: Academic Press Inc.","","/Users/jensreil/Zotero/storage/YFRMRXUI/Popov et al. - 2024 - A simple but tough-to-beat baseline for fMRI time-series classification.pdf","","","","","","","","","","","","","","","","","","","","","","","","","","","","","","","","","","","","","","","","","","","","","","","","",""
"6PFC976W","journalArticle","2025","Eun Choi, J.; Won Shin, J.; Wan Shin, D.","Vector SHAP Values for Machine Learning Time Series Forecasting","J Forecast","","","10.1002/for.3220","https://www.scopus.com/inward/record.uri?eid=2-s2.0-85209816115&doi=10.1002%2ffor.3220&partnerID=40&md5=399295096f15f0ec77b0816575d5f082","We propose a new vector SHapley Additive exPlanations (SHAP) to interpret machine learning models for forecasting time series using lags of predictor variables. Unlike the standard SHAP measuring the contribution of each lag of each predictor variable, the proposed vector SHAP measures the contribution of the vector of the lags of each variable. The vector SHAP has an advantage of faster computation over the standard SHAP. Some desirable properties of the vector SHAP (vector local accuracy, vector missingness, and vector consistency) are established. A Monte Carlo simulation shows that the vector SHAP has a much faster computing time than the SHAP; the difference of the standard SHAP and the vector SHAP is small; the sampling SHAP is sensitive to the sampling proportion in a range of practical application; the vector SHAP mitigates the sensitivity issue. The vector SHAP is applied to the realized volatility of world major stock price indices of 16 countries for forecasting the realized volatility of South Korea stock price index, KOSPI. Further vectoring by regions of Europe, North America, and Asia yields vector SHAP value for each region which is very close to the sum of vector SHAP values of the countries of the region, illustrating usefulness of the strategy of vectoring. © 2024 John Wiley & Sons, Ltd.","2025","2025-02-27 12:27:54","2025-02-27 12:27:54","","635-645","","2","44","","J Forecast","","","","","","","","","","","","","","","Publisher: John Wiley and Sons Ltd","","/Users/jensreil/Zotero/storage/5LPJGJYE/Eun Choi et al. - 2025 - Vector SHAP Values for Machine Learning Time Series Forecasting.pdf","","","","","","","","","","","","","","","","","","","","","","","","","","","","","","","","","","","","","","","","","","","","","","","","",""
"QCFRATNW","journalArticle","2024","Hogea, E.; Onchiş, D.M.; Yan, R.; Zhou, Z.","LogicLSTM: Logically-driven long short-term memory model for fault diagnosis in gearboxes","J Manuf Syst","","","10.1016/j.jmsy.2024.10.003","https://www.scopus.com/inward/record.uri?eid=2-s2.0-85208119278&doi=10.1016%2fj.jmsy.2024.10.003&partnerID=40&md5=9bb07557b5d8965e1db9c3ee69e8f367","This article introduces LogicLSTM, a hybrid neuro-symbolic model obtained by logically guiding a pretrained Long Short-Term Memory (LSTM) network with the support of a customized Logic Tensor Network (LTN). The model is further optimized by explainable AI techniques, for a refined fault classification of time-series data coming from industrial gearboxes. The framework leverages the intrinsic strengths of LSTMs deep recurrent networks for temporal data processing with logical reasoning capabilities, to improve prediction accuracy and interpretability of the classification. Our approach addresses the challenges of extracting relevant data features and integrating connectionist and symbolic methodologies to form a cohesive predictive model. Results from extensive testing show that our model significantly outperforms traditional LSTM models, particularly in complex fault scenarios where conventional methods may fail. Specifically, the hybrid model demonstrates a 16.03% average improvement in accuracy over standard LSTM models under conditions of sufficient data availability, and a 8.56% improvement in scenarios where data is scarce. This research not only demonstrates the potential of hybrid models in industrial applications but also highlights the importance of explainability in AI systems for critical decision-making processes. The proposed model's ability to interpret and explain its predictions makes it a valuable tool for advancing predictive maintenance strategies within the Industry 4.0 framework. © 2024","2024","2025-02-27 12:27:54","2025-02-27 12:27:54","","892-902","","","77","","J Manuf Syst","","","","","","","","","","","","","","","Publisher: Elsevier B.V.","","/Users/jensreil/Zotero/storage/N7AZ73D4/Hogea et al. - 2024 - LogicLSTM Logically-driven long short-term memory model for fault diagnosis in gearboxes.pdf","","","","","","","","","","","","","","","","","","","","","","","","","","","","","","","","","","","","","","","","","","","","","","","","",""
"XJ7X59YR","journalArticle","2025","Naser, A.Z.; Naser, M.Z.","SPINEX-TimeSeries: Similarity-based predictions with explainable neighbors exploration for time series and forecasting problems","Comput Ind Eng","","","10.1016/j.cie.2024.110812","https://www.scopus.com/inward/record.uri?eid=2-s2.0-85213275523&doi=10.1016%2fj.cie.2024.110812&partnerID=40&md5=25a1df79073cddb4ddc67419e49befc3","This paper introduces a new addition to the SPINEX (Similarity-based Predictions with Explainable Neighbors Exploration) family, tailored specifically for time series and forecasting analysis. This new algorithm leverages the concept of similarity and higher-order temporal interactions across multiple time scales to enhance predictive accuracy and interpretability in forecasting. To evaluate the effectiveness of SPINEX, we present comprehensive benchmarking experiments comparing it against 18 algorithms and across 49 synthetic and real datasets characterized by varying trends, seasonality, and noise levels. Our performance assessment focused on forecasting accuracy and computational efficiency. Our findings reveal that SPINEX consistently ranks among the top 5 performers in forecasting precision and has a superior ability to handle complex temporal dynamics compared to commonly adopted algorithms. Moreover, the algorithm's explainability features, Pareto efficiency, and medium complexity (on the order of O(log n)) are demonstrated through detailed visualizations to enhance the prediction and decision-making process. We note that integrating similarity-based concepts opens new avenues for research in predictive analytics, promising more accurate and transparent decision making. © 2024 Elsevier Ltd","2025","2025-02-27 12:27:54","2025-02-27 12:27:54","","","","","200","","Comput Ind Eng","","","","","","","","","","","","","","","Publisher: Elsevier Ltd","","/Users/jensreil/Zotero/storage/UDB4F9A3/Naser and Naser - 2025 - SPINEX-TimeSeries Similarity-based predictions with explainable neighbors exploration for time seri.pdf","","","","","","","","","","","","","","","","","","","","","","","","","","","","","","","","","","","","","","","","","","","","","","","","",""
"W4ZAAAQL","journalArticle","2024","Je-Gal, H.; Park, Y.-S.; Park, S.-H.; Kim, J.-U.; Yang, J.-H.; Kim, S.; Lee, H.-S.","Time-Series Explanatory Fault Prediction Framework for Marine Main Engine Using Explainable Artificial Intelligence","J. Mar. Sci. Eng.","","","10.3390/jmse12081296","https://www.scopus.com/inward/record.uri?eid=2-s2.0-85202678166&doi=10.3390%2fjmse12081296&partnerID=40&md5=f810792894181328e570df0b23af70d8","As engine monitoring data has become more complex with an increasing number of sensors, fault prediction based on artificial intelligence (AI) has emerged. Existing fault prediction models using AI significantly improve the accuracy of predictions by effectively handling such complex data, but at the same time, the problem arises that the AI-based models cannot explain the rationale of their predictions to users. To address this issue, we propose a time-series explanatory fault prediction framework to provide an explainability even when using AI-based fault prediction models. It consists of a data feature reduction process, a fault prediction model training process using long short-term memory, and an interpretation process of the fault prediction model via an explainable AI method. In particular, the proposed framework can explain a fault prediction based on time-series data. Therefore, it indicates which part of the data was significant for the fault prediction not only in terms of sensor type but also in terms of time. Through extensive experiments, we evaluate the proposed framework using various fault data by comparing the prediction performance of fault prediction and by assessing how well the main pre-symptoms of the fault are extracted when predicting a fault. © 2024 by the authors.","2024","2025-02-27 12:27:54","2025-02-27 12:27:54","","","","8","12","","J. Mar. Sci. Eng.","","","","","","","","","","","","","","","Publisher: Multidisciplinary Digital Publishing Institute (MDPI)","","/Users/jensreil/Zotero/storage/NYJBSQ76/Je-Gal et al. - 2024 - Time-Series Explanatory Fault Prediction Framework for Marine Main Engine Using Explainable Artifici.pdf","","","","","","","","","","","","","","","","","","","","","","","","","","","","","","","","","","","","","","","","","","","","","","","","",""
"844EAGYR","journalArticle","2025","Najjar, H.; Miranda, M.; Nuske, M.; Roscher, R.; Dengel, A.","Explainability of Subfield Level Crop Yield  Prediction Using Remote Sensing","IEEE J. Sel. Top. Appl. Earth Obs. Remote Sens.","","","10.1109/JSTARS.2025.3528068","https://www.scopus.com/inward/record.uri?eid=2-s2.0-85214820612&doi=10.1109%2fJSTARS.2025.3528068&partnerID=40&md5=694a47be4e54e04264b2f60208d6fea7","Crop yield forecasting plays a significant role in addressing growing concerns about food security and guiding decision-making for policymakers and farmers. When deep learning is employed, understanding the learning and decision-making processes of the models, as well as their interaction with the input data, is crucial for establishing trust in the models and gaining insight into their reliability. In this study, we focus on the task of crop yield prediction, specifically for soybean, wheat, and rapeseed crops in Argentina, Uruguay, and Germany. Our goal is to develop and explain predictive models for these crops, using a large dataset of satellite images, additional data modalities, and crop yield maps. We employ a long short-term memory network and investigate the impact of using different temporal samplings of the satellite data and the benefit of adding more relevant modalities. For model explainability, we utilize feature attribution methods to quantify input feature contributions, identify critical growth stages, analyze yield variability at the field level, and explain less accurate predictions. The modeling results show an improvement when adding more modalities or using all available instances of satellite data. The explainability results reveal distinct feature importance patterns for each crop and region. We further found that the most influential growth stages on the prediction are dependent on the temporal sampling of the input data. We demonstrated how these critical growth stages, which hold significant agronomic value, closely align with the existing literature in agronomy and crop development biology.  © 2008-2012 IEEE.","2025","2025-02-27 12:27:54","2025-08-25 09:47:44","","4141-4161","","","18","","IEEE J. Sel. Top. Appl. Earth Obs. Remote Sens.","","","","","","","","","","","","","","","Publisher: Institute of Electrical and Electronics Engineers Inc.","","/Users/jensreil/Zotero/storage/BRNHX9W6/Najjar et al. - 2025 - Explainability of Subfield Level Crop Yield Prediction Using Remote Sensing.pdf","","","","","","","","","","","","","","","","","","","","","","","","","","","","","","","","","","","","","","","","","","","","","","","","",""
"BCW9Z5AD","journalArticle","2024","Mehraj Misgar, M.; Bhatia, M.P.S.","Unveiling psychotic disorder patterns: A deep learning model analysing motor activity time-series data with explainable AI","Biomed. Signal Process. Control","","","10.1016/j.bspc.2024.106000","https://www.scopus.com/inward/record.uri?eid=2-s2.0-85185480380&doi=10.1016%2fj.bspc.2024.106000&partnerID=40&md5=8ed1e16f66400cce7785c8301d1f2620","Deep Learning (DL) holds immense potential in revolutionizing healthcare, offering robust support to clinicians and enhancing patient care. However, coming up with the right DL model is always challenging and depends on quality, quantity, and type of data. In this paper, two motor activity datasets are utilized: “Depresjon” dataset includes activity recordings from 32 healthy individuals (402 days) and 23 individuals with unipolar and bipolar depression (291 days) and the “Psykose” dataset consists of 22 schizophrenia subjects (285 days) and 32 healthy subjects (402 days). The motor activity data, represented as time-series signals, poses challenges due to variable lengths and non-uniform starting timestamps for each subject. Additionally, the daytime and nighttime distributions differ across samples, requiring explicit handling for Convolutional Neural Network models. To address this issue, a multi-branch DL architecture is employed with one branch fed with nighttime data and another with daytime data, capable of capturing features across various scales, accommodating patterns of different sizes. Moreover, the combined outputs of these branches are subjected to a self-attention-mechanism (MultiHeadAttention), which prioritizes essential features. The use of Gradient weighted Class Activation Map (Grad-CAM) technique aids in comprehending the model's decision-making process. The benchmark datasets were used to validate the model, which exhibited an accuracy of 0.94 for both classifying depressive and schizophrenic episodes from control subjects. An accuracy of 0.81 for classifying depressive episodes, and schizophrenics from control samples. This accuracy further increases when combining the control samples from both datasets, to 0.97 for depression and 0.98 for schizophrenia. © 2024 Elsevier Ltd","2024","2025-02-27 12:27:54","2025-02-27 12:27:54","","","","","91","","Biomed. Signal Process. Control","","","","","","","","","","","","","","","Publisher: Elsevier Ltd","","/Users/jensreil/Zotero/storage/D7Y3FTBP/Mehraj Misgar and Bhatia - 2024 - Unveiling psychotic disorder patterns A deep learning model analysing motor activity time-series da.pdf","","","","","","","","","","","","","","","","","","","","","","","","","","","","","","","","","","","","","","","","","","","","","","","","",""
"LK6NL63G","journalArticle","2025","Hossain, M.M.; Ahmed, M.M.; Nafi, A.A.N.; Islam, M.R.; Ali, M.S.; Haque, J.; Miah, M.S.; Rahman, M.M.; Islam, M.K.","A novel hybrid ViT-LSTM model with explainable AI for brain stroke detection and classification in CT images: A case study of Rajshahi region","Comput. Biol. Med.","","","10.1016/j.compbiomed.2025.109711","https://www.scopus.com/inward/record.uri?eid=2-s2.0-85215625143&doi=10.1016%2fj.compbiomed.2025.109711&partnerID=40&md5=84093cae4a4839ad3198ce0766fc91ff","Computed tomography (CT) scans play a key role in the diagnosis of stroke, a leading cause of morbidity and mortality worldwide. However, interpreting these scans is often challenging, necessitating automated solutions for timely and accurate diagnosis. This research proposed a novel hybrid model that integrates a Vision Transformer (ViT) and a Long Short Term Memory (LSTM) to accurately detect and classify stroke characteristics using CT images. The ViT identifies essential features from CT images, while LSTM processes sequential information generated by the ViT, adept at capturing crucial temporal dependencies for understanding patterns and context in sequential data. Moreover, our approach addresses class imbalance issues in stroke datasets by utilizing advanced strategies to improve model robustness. To ensure clinical relevance, Explainable Artificial Intelligence (XAI) methods, including attention maps, SHAP, and LIME, were incorporated to provide reliable and interpretable predictions. The proposed model was evaluated using the primary BrSCTHD-2023 dataset, collected from Rajshahi Medical College Hospital, achieving top accuracies of 73.80%, 91.61%, 93.50%, and 94.55% with the SGD, RMSProp, Adam, and AdamW optimizers, respectively. To further validate and generalize the model, it was also tested on the Kaggle brain stroke dataset, where it achieved an impressive accuracy of 96.61%. The proposed ViT-LSTM model significantly outperformed traditional CNNs and ViT models, demonstrating superior diagnostic performance and generalizability. This study advances automated stroke diagnosis by combining deep learning innovations, domain expertise, and enhanced interpretability to support clinical decision-making, providing reliable diagnostic solutions. © 2025 Elsevier Ltd","2025","2025-02-27 12:27:54","2025-02-27 12:27:54","","","","","186","","Comput. Biol. Med.","","","","","","","","","","","","","","","Publisher: Elsevier Ltd","","/Users/jensreil/Zotero/storage/H3DLPGJX/Hossain et al. - 2025 - A novel hybrid ViT-LSTM model with explainable AI for brain stroke detection and classification in C.pdf","","","","","","","","","","","","","","","","","","","","","","","","","","","","","","","","","","","","","","","","","","","","","","","","",""
"6YUL8KVV","journalArticle","2024","Kajári, B.; Tobak, Z.; Túri, N.; Bozán, C.; Van Leeuwen, B.","Prediction of Inland Excess Water Inundations Using Machine Learning Algorithms","Water","","","10.3390/w16091267","https://www.scopus.com/inward/record.uri?eid=2-s2.0-85192718920&doi=10.3390%2fw16091267&partnerID=40&md5=74e4e05ab7d56c17769b6ab53e6e3b11","Regularly, large parts of the agricultural areas of the Great Hungarian Plain are inundated due to excessive rainfall and insufficient evaporation and infiltration. Climate change is expected to lead to increasingly extreme weather conditions, which may even increase the frequency and extent of these inundations. Shallow “floods”, also defined as inland excess water, are phenomena that occur due to a complex set of interrelated factors. Our research presents a workflow based on active and passive satellite data from Sentinel-1 and -2, combined with a large auxiliary data set to detect and predict these floods. The workflow uses convolutional neural networks to classify water bodies based on Sentinel-1 and Sentinel-2 satellite data. The inundation data were complimented with meteorological, soil, land use, and GIS data to form 24 features that were used to train an XGBoost model and a deep neural network to predict future inundations, with a daily interval. The best prediction was reached with the XGBoost model, with an overall accuracy of 86%, a Kappa value of 0.71, and an F1 score of 0.86. The SHAP explainable AI method showed that the most important input features were the amount of water detected in the satellite imagery during the week before the forecast and during the period two weeks earlier, the number of water pixels in the surroundings on the day before the forecast, and the potential evapotranspiration on the day of the forecast. The resulting inland excess water inundation time series can be used for operational action, planning, and prevention. © 2024 by the authors.","2024","2025-02-27 12:27:54","2025-02-27 12:27:54","","","","9","16","","Water","","","","","","","","","","","","","","","Publisher: Multidisciplinary Digital Publishing Institute (MDPI)","","/Users/jensreil/Zotero/storage/5I55TTXG/Kajári et al. - 2024 - Prediction of Inland Excess Water Inundations Using Machine Learning Algorithms.pdf","","","","","","","","","","","","","","","","","","","","","","","","","","","","","","","","","","","","","","","","","","","","","","","","",""
"XWMGCE3L","journalArticle","2024","Özkurt, C.","Interpretable AI analysis of chaos systems distribution in time series data from industrial robotics","Turk. J. Eng.","","","10.31127/tuje.1471445","https://www.scopus.com/inward/record.uri?eid=2-s2.0-85209075201&doi=10.31127%2ftuje.1471445&partnerID=40&md5=a5cb19b8979367f9d30279348ab98fb1","In this study, the generalizability and distributivity of three different chaotic systems within an industrial robotics time series dataset are explored using an annotated artificial intelligence algorithm. A time series dataset derived from industrial robotics processes was constructed and transformed into the Runge-Kutta system, comprising fourth-order differential equations for normalization. Among the processed data, variables related to x-y-z positions underwent chaotic transformations through Lorenz, Chen, and Rossler chaos systems. The x variable and angle variables from the transformed x-y-z data were inputted into the InterpretML model, an annotated artificial intelligence model, to elucidate the effects of angle variables on the x position variable. As a result of this analysis, InterpretML Local analysis revealed a sensitivity of 0.05 for the Rossler chaos system, 0.15 for Chen, and 0.25 for Lorenz. Furthermore, global analysis indicated precision rates of 0.17 for Rossler, 0.255 for Chen, and 0.35 for Lorenz chaos systems. These sensitivity results suggest that the Rossler chaos system consistently provides more accurate results in both InterpretML local and global analyses compared to other chaotic systems. This study contributes significantly to the literature by analyzing the distributive and generalization properties of chaos systems and enhancing understanding of these systems. © Author(s) 2024.","2024","2025-02-27 12:27:54","2025-02-27 12:27:54","","656-665","","4","8","","Turk. J. Eng.","","","","","","","","","","","","","","","Publisher: Murat Yakar","","/Users/jensreil/Zotero/storage/A59235KP/Özkurt - 2024 - Interpretable AI analysis of chaos systems distribution in time series data from industrial robotics.pdf","","","","","","","","","","","","","","","","","","","","","","","","","","","","","","","","","","","","","","","","","","","","","","","","",""
"Q7PMHLC8","journalArticle","2024","Doddaiah, R.; Parvatharaju, P.S.; Rundensteiner, E.; Hartvigsen, T.","Explaining deep multi-class time series classifiers","Knowl. Inf. Systems. Syst.","","","10.1007/s10115-024-02073-y","https://www.scopus.com/inward/record.uri?eid=2-s2.0-85186546469&doi=10.1007%2fs10115-024-02073-y&partnerID=40&md5=f493b2f420ce559db21ffbeba502d985","Explainability helps users trust deep learning solutions for time series classification. However, existing explainability methods for multi-class time series classifiers focus on one class at a time, ignoring relationships between the classes. Instead, when a classifier is choosing between many classes, an effective explanation must show what sets the chosen class apart from the rest. We now formalize this notion, studying the open problem of class-specific explainability for deep time series classifiers, a challenging and impactful problem setting. We design a novel explainability method, DEMUX, which learns saliency maps for explaining deep multi-class time series classifiers by adaptively ensuring that its explanation spotlights the regions in an input time series that a model uses specifically to its predicted class. DEMUX adopts a gradient-based approach composed of three interdependent modules that combine to generate consistent, class-specific saliency maps that remain faithful to the classifier’s behavior yet are easily understood by end users. We demonstrate that DEMUX outperforms nine state-of-the-art alternatives on seven popular datasets when explaining two types of deep time series classifiers. We analyze runtime performance, show the impacts of hyperparameter selection, and introduce a detailed study of perturbation methods for time series. Further, through a case study, we demonstrate that DEMUX’s explanations indeed highlight what separates the predicted class from the others in the eyes of the classifier. © The Author(s), under exclusive licence to Springer-Verlag London Ltd., part of Springer Nature 2024.","2024","2025-02-27 12:27:54","2025-02-27 12:27:54","","3497-3521","","6","66","","Knowl. Inf. Systems. Syst.","","","","","","","","","","","","","","","Publisher: Springer Science and Business Media Deutschland GmbH","","/Users/jensreil/Zotero/storage/PMVVZPVQ/Doddaiah et al. - 2024 - Explaining deep multi-class time series classifiers.pdf","","","","","","","","","","","","","","","","","","","","","","","","","","","","","","","","","","","","","","","","","","","","","","","","",""
"ZSCKEYDG","journalArticle","2024","Cai, W.; Zhu, X.; Bai, K.; Ye, A.; Zhang, R.","An explainable dual-mode convolutional neural network for multivariate time series classification","Knowl Based Syst","","","10.1016/j.knosys.2024.112015","https://www.scopus.com/inward/record.uri?eid=2-s2.0-85195041989&doi=10.1016%2fj.knosys.2024.112015&partnerID=40&md5=65cbbc9bfee5016bea99d9ef4a4e4ec8","Multivariate time series classification (MTSC) is a crucial machine learning problem prevalent across various real-life domains. Traditional deep learning approaches with high accuracy in MTSC are often criticized for their “black box” nature, offering no insight into their operational mechanisms or decision-making processes. Explainable artificial intelligence (XAI) becomes a key idea for dealing with such limitations in decision-sensitive areas. While some researchers have explored the interpretability of MTSC, the majority have focused on elucidating the relationship between variables over time, neglecting the intricate connections among different variables. To address the interpretability issue in MTSC, we introduce an explainable dual-mode convolutional neural network (XDM-CNN) designed specifically for MTSC. The proposed XDM-CNN framework comprises two modules: a classification module and an explanation module. The classification module can ensure exceptional classification performance by combining both one-dimensional and two-dimensional convolutional neural networks, while the explanation module can mine the underlying logical relationships among variables during the classification process by utilizing a synergy of visualization and quantification techniques. We validate our approach using 26 datasets sourced from the University of East Anglia (UEA) archive. The experimental results demonstrate that XDM-CNN not only exhibits excellent performance in classification accuracy, but also has strong explainability. By combining visual and numerical explanation, the hidden logical relationships among multivariate time series are explored and interpreted, providing human users with a decidable basis for classification decisions. © 2024","2024","2025-02-27 12:27:54","2025-02-27 12:27:54","","","","","299","","Knowl Based Syst","","","","","","","","","","","","","","","Publisher: Elsevier B.V.","","/Users/jensreil/Zotero/storage/9DKYNTWH/Cai et al. - 2024 - An explainable dual-mode convolutional neural network for multivariate time series classification.pdf","","","","","","","","","","","","","","","","","","","","","","","","","","","","","","","","","","","","","","","","","","","","","","","","",""
"KINXHMPF","journalArticle","2024","Jafari, S.; Kim, J.; Byun, Y.-C.","A novel fusion-based deep learning approach with PSO and explainable AI for batteries State of Charge estimation in Electric Vehicles","Energy Rep.","","","10.1016/j.egyr.2024.09.010","https://www.scopus.com/inward/record.uri?eid=2-s2.0-85204234650&doi=10.1016%2fj.egyr.2024.09.010&partnerID=40&md5=51bf0d02a044c4e8f549b713da29ec83","One of the main purposes of the Battery Management System (BMS) is to estimate the State of Charge (SoC) of Lithium-ion batteries (LIBs). In this study, we propose a novel fusion model combining Convolutional Neural Networks (CNNs), Long Short-term Memory networks (LSTMs), and Convolutional LSTM (ConvLSTM) architectures to efficiently capture spatio-temporal patterns in battery data efficiently, hence improving the estimate accuracy of SoC. Particle Swarm Optimization (PSO) is employed to optimize hyperparameters and enhance the model's accuracy. The fusion model outperforms the separate CNN, LSTM, and ConvLSTM models regarding performance metrics. Specifically, the fusion model with PSO achieved a Mean Absolute Error (MAE) of 0.01, Root Mean Square Error (RMSE) of 0.094, and a R2 score of 99% according to experimental assessments. The results confirm the model's effectiveness in estimating SoC, indicating its potential to enhance the dependability and efficiency of BMS. Furthermore, Explainable Artificial Intelligence (XAI) was employed to elucidate the battery SoC model's decision-making process and identify the key elements contributing to the estimate process. © 2024","2024","2025-02-27 12:27:54","2025-02-27 12:27:54","","3364-3385","","","12","","Energy Rep.","","","","","","","","","","","","","","","Publisher: Elsevier Ltd","","/Users/jensreil/Zotero/storage/WCLGBEAG/Jafari et al. - 2024 - A novel fusion-based deep learning approach with PSO and explainable AI for batteries State of Charg.pdf","","","","","","","","","","","","","","","","","","","","","","","","","","","","","","","","","","","","","","","","","","","","","","","","",""
"9FGUCNQW","journalArticle","2024","Zeng, W.; Shan, L.; Yuan, C.; Du, S.","Advancing cardiac diagnostics: Exceptional accuracy in abnormal ECG signal classification with cascading deep learning and explainability analysis","Appl. Soft Comput.","","","10.1016/j.asoc.2024.112056","https://www.scopus.com/inward/record.uri?eid=2-s2.0-85201518785&doi=10.1016%2fj.asoc.2024.112056&partnerID=40&md5=41c816ebcfe741c9d57153bcc37d1493","Arrhythmias, cardiac rhythm disorders, demand precise diagnosis for effective treatment planning, emphasizing the crucial role of electrocardiogram (ECG) signal interpretation. While deep learning excels in ECG classification, its interpretability remains a challenge. Addressing this issue, our research introduces an innovative approach employing image-based ECG representations and cascading deep neural networks (CDNNs) to enhance arrhythmia detection precision. Initiating with the transformation of 12-lead ECG time-series data, particularly focusing on Lead II, into image-based representations using relative positioning matrices (RPM), this novel conversion captures spatial and temporal information concurrently, enriching the depth of our data analysis. Subsequently, CDNNs play a pivotal role in feature extraction, designed to automatically extract impactful features from image-based ECG representations, providing profound insights into cardiac electrical activity. Extracted features serve as inputs for the subsequent deep neural network for classification. Experimental results on the Shaoxing–Chapman ECG database, encompassing over 10,000 recordings with an 80/10/10 split, 80/20 split, 60/40 split, and 10-fold cross-validation, showcase a remarkable 100% accuracy in distinguishing between seven and four different arrhythmia classes. Incorporating SHapley Additive exPlanations (SHAP) values, our methodology offers comprehensive insights into the model's decision-making, ensuring interpretability. Additionally, Gradient-weighted Class Activation Mapping (Grad-CAM) aids feature visualization, elucidating key features driving predictions. By amalgamating image-based representation, CDNNs, and interpretability techniques, our research not only attains exceptional classification performance but also boosts model transparency and trustworthiness. These findings hold promise for advancing arrhythmia diagnosis and enhancing interpretability in deep learning-based medical applications. © 2024 Elsevier B.V.","2024","2025-02-27 12:27:54","2025-02-27 12:27:54","","","","","165","","Appl. Soft Comput.","","","","","","","","","","","","","","","Publisher: Elsevier Ltd","","/Users/jensreil/Zotero/storage/W45A8P65/Zeng et al. - 2024 - Advancing cardiac diagnostics Exceptional accuracy in abnormal ECG signal classification with casca.pdf","","","","","","","","","","","","","","","","","","","","","","","","","","","","","","","","","","","","","","","","","","","","","","","","",""
"XMVDB62L","journalArticle","2024","Cuéllar, S.; Santos, M.; Alonso, F.; Fabregas, E.; Farias, G.","Explainable anomaly detection in spacecraft telemetry","Eng Appl Artif Intell","","","10.1016/j.engappai.2024.108083","https://www.scopus.com/inward/record.uri?eid=2-s2.0-85185256436&doi=10.1016%2fj.engappai.2024.108083&partnerID=40&md5=cac304fd4b7976b3430f5342dc74ad8c","As spacecraft missions become more complex and ambitious, it becomes increasingly important to track the status and health of the spacecraft in real-time to ensure mission success. Anomaly detection is a crucial part of spacecraft telemetry analysis, allowing engineers to quickly identify unexpected or abnormal behaviour reflected on spacecraft data and take appropriate corrective action. Traditional statistical methods based on threshold setting are often inadequate for detecting anomalies in this context, requiring the development of more sophisticated techniques that can handle the high-dimensional, non-linear, and non-stationary nature of spacecraft telemetry data such as machine learning-based techniques. This article presents an approach for anomaly detection using machine-learning techniques for spacecraft telemetry. The identification of anomaly types present on two real telemetry datasets from NASA is performed to incorporate information of magnitude, frequency, and waveform from known anomalies into the feature extraction process. Then, a machine-learning-based model is trained with the obtained features and tested with unknown real data. The proposed method achieves 95.3% of precision and 100% of Recall, giving a F0.5 score of 96.2% in both datasets, outperforming the metrics obtained on the existing related works, demonstrating that the inclusion of known anomalies can improve the performance of the data-driven models. Finally, an explainability analysis is performed to understand why a particular data instance has been identified as anomalous, proving the effectiveness of the feature extraction process. © 2024 The Authors","2024","2025-02-27 12:27:54","2025-02-27 12:27:54","","","","","133","","Eng Appl Artif Intell","","","","","","","","","","","","","","","Publisher: Elsevier Ltd","","/Users/jensreil/Zotero/storage/UT2G8S2I/Cuéllar et al. - 2024 - Explainable anomaly detection in spacecraft telemetry.pdf","","","","","","","","","","","","","","","","","","","","","","","","","","","","","","","","","","","","","","","","","","","","","","","","",""
"5ZCWIMUT","journalArticle","2024","Damasevicius, R.; Jovanovic, L.; Petrovic, A.; Zivkovic, M.; Bacanin, N.; Jovanovic, D.; Antonijevic, M.","Decomposition aided attention-based recurrent neural networks for multistep ahead time-series forecasting of renewable power generation","PeerJ Comput. Sci.","","","10.7717/peerj-cs.1795","https://www.scopus.com/inward/record.uri?eid=2-s2.0-85185831815&doi=10.7717%2fpeerj-cs.1795&partnerID=40&md5=86cf30bd8d3610cb5575a2c5caf5f781","Renewable energy plays an increasingly important role in our future. As fossil fuels become more difficult to extract and effectively process, renewables offer a solution to the ever-increasing energy demands of the world. However, the shift toward renewable energy is not without challenges. While fossil fuels offer a more reliable means of energy storage that can be converted into usable energy, renewables are more dependent on external factors used for generation. Efficient storage of renewables is more difficult often relying on batteries that have a limited number of charge cycles. A robust and efficient system for forecasting power generation from renewable sources can help alleviate some of the difficulties associated with the transition toward renewable energy. Therefore, this study proposes an attention-based recurrent neural network approach for forecasting power generated from renewable sources. To help networks make more accurate forecasts, decomposition techniques utilized applied the time series, and a modified metaheuristic is introduced to optimized hyperparameter values of the utilized networks. This approach has been tested on two real-world renewable energy datasets covering both solar and wind farms. The models generated by the introduced metaheuristics were compared with those produced by other state-of-the-art optimizers in terms of standard regression metrics and statistical analysis. Finally, the best-performing model was interpreted using SHapley Additive exPlanations. © 2024 Damasevicius et al. All Rights Reserved.","2024","2025-02-27 12:27:54","2025-02-27 12:27:54","","","","","10","","PeerJ Comput. Sci.","","","","","","","","","","","","","","","Publisher: PeerJ Inc.","","/Users/jensreil/Zotero/storage/KX9W3IT5/Damasevicius et al. - 2024 - Decomposition aided attention-based recurrent neural networks for multistep ahead time-series foreca.pdf","","","","","","","","","","","","","","","","","","","","","","","","","","","","","","","","","","","","","","","","","","","","","","","","",""
"K2ACTLA6","journalArticle","2024","Liu, Z.; Yao, N.; Fan, Q.; Zhu, X.; Xue, H.","Research on the abnormal identification method of remote real-time monitoring of power system equipment based on artificial intelligence","Aust. J. Electr. Electron. Eng.","","","10.1080/1448837X.2024.2442873","https://www.scopus.com/inward/record.uri?eid=2-s2.0-85212705699&doi=10.1080%2f1448837X.2024.2442873&partnerID=40&md5=6a8595b4200e3d1f695eb812e38cdf25","This study addresses the critical challenge of anomaly detection in modern power systems, proposing a novel hybrid approach that combines supervised and unsupervised machine learning techniques. The increasing complexity of power grids and integrating renewable energy sources and smart technologies necessitate more sophisticated methods for identifying and mitigating potential threats to system stability and security. Our model leverages deep learning architectures, including Long Short-Term Memory networks and Convolutional Neural Networks, to process high-dimensional time-series data from various grid sensors. The system demonstrates exceptional performance in detecting diverse anomalies, including cyber-attacks, equipment failures, and environmental disturbances, with an overall accuracy of 97.8% and an F1-score of 0.956. Real-time processing capabilities enable anomaly detection within 1.2 seconds, crucial for preventing cascading failures. A novel interpretability framework provides insights into the model’s decision-making process, enhancing trust and actionable intelligence for operators. Extensive case studies and robustness analyses validate the system’s effectiveness across various operational scenarios. This research significantly enhances power grid resilience and reliability, offering a robust foundation for future advancements in smart grid technologies and adaptive anomaly detection systems. © 2024 Engineers Australia.","2024","2025-02-27 12:27:54","2025-02-27 12:27:54","","","","","","","Aust. J. Electr. Electron. Eng.","","","","","","","","","","","","","","","Publisher: Taylor and Francis Ltd.","","/Users/jensreil/Zotero/storage/WX3FWIDI/Liu et al. - 2024 - Research on the abnormal identification method of remote real-time monitoring of power system equipm.pdf","","","","","","","","","","","","","","","","","","","","","","","","","","","","","","","","","","","","","","","","","","","","","","","","",""
"FP58GWZK","journalArticle","2024","Tronchin, L.; Cordelli, E.; Celsi, L.R.; MacCagnola, D.; Natale, M.; Soda, P.; Sicilia, R.","Translating Image XAI to Multivariate Time Series","IEEE Access","","","10.1109/ACCESS.2024.3366994","https://www.scopus.com/inward/record.uri?eid=2-s2.0-85186106512&doi=10.1109%2fACCESS.2024.3366994&partnerID=40&md5=bc4032e617ff694861ec41040d614adf","As Artificial Intelligence (AI) is becoming part of our daily lives, the need to understand and trust its decisions is becoming a pressing issue. EXplainable AI (XAI) aims at answering this demand, providing tools to get insights into the models' behaviour and reasoning. Following this trend, our research paper explores the explainability of a deployed multimodal architecture applied to a real-world dataset of multivariate time series. The study aims to enhance the trustworthiness of an AI agent responsible for crash detection in an insurance company's automatic assistance service. By introducing an XAI layer, we provide insights into the AI agent's decision-making process, enabling the optimization of emergency medical services allocation. The dataset consists of real-world telematics data collected from vehicles equipped with black box technology. The challenge lies in explaining the complex interactions within the multivariate time series data to accurately understand the forces applied to vehicles during accidents. To this end, we adapt to this context two state-of-the-art XAI model-specific approaches, originally designed for images. We offer a qualitative and a quantitative evaluation, also comparing with a well-known agnostic method, and further validating our findings on an external dataset. The results show that Integrated Gradients, among the methodologies examined, is the most effective approach. Its ability to handle the complexity of the data provides the most comprehensive and insightful explanations for the considered use case. The findings emphasize the potential of XAI to enhance the trustworthiness of AI systems and optimize emergency response in the insurance industry. Code is available at https://github.com/ltronchin/translating-xai-mts.git.  © 2013 IEEE.","2024","2025-02-27 12:27:54","2025-02-27 12:27:54","","27484-27500","","","12","","IEEE Access","","","","","","","","","","","","","","","Publisher: Institute of Electrical and Electronics Engineers Inc.","","/Users/jensreil/Zotero/storage/Q6VVVEIA/Tronchin et al. - 2024 - Translating Image XAI to Multivariate Time Series.pdf","","","","","","","","","","","","","","","","","","","","","","","","","","","","","","","","","","","","","","","","","","","","","","","","",""
"YHCPFPBG","journalArticle","2024","Saleh, H.; ElRashidy, N.; Abd Elaziz, M.; O. Aseeri, A.; El-Sappagh, S.","Genetic algorithm-based hybrid deep learning model for explainable Alzheimer’s disease prediction using temporal multimodal cognitive data","Int. J. Data Sci. Anal.","","","10.1007/s41060-024-00514-z","https://www.scopus.com/inward/record.uri?eid=2-s2.0-85187153159&doi=10.1007%2fs41060-024-00514-z&partnerID=40&md5=4462f85eaaa079e52b94e10f0e5ffd03","Alzheimer’s disease (AD) is an irreversible neurodegenerative disease characterized by progressive neuronal deterioration. Early detection of AD is critical for mitigating disease progression and improving patient life. While deep learning (DL) techniques have shown promise in analyzing neuroimaging data for AD diagnosis, their interpretability has been a significant impediment toward explainable medical diagnosis. The typical practices of diagnosing AD, which involve clinical biomarkers and neuroimaging tests, have been limited in producing trustworthy and explainable progression detection models at an early stage. Another method based on finding the patient’s cognitive score through analyzing time series data has been adopted as an acceptable and cost-effective alternative in providing a deeper insight into patients’ conditions. In this study, we propose a hybrid CNN-LSTM-based model for predicting AD progression based on the fusion of four longitudinal cognitive sub-scores modalities. Our hybrid model employs the Bayesian optimizer as a computational technique to help optimize the selection of the adequate DL model’s architecture. A genetic algorithm-based feature selection has been incorporated as an optimization step to determine the best feature set from the extracted deep representations of the CNN-LSTM, and we replaced the traditional SoftMax classifier with a robust and optimized random forest classifier. An extensive set of experiments utilizing the ADNI dataset examined the operational role of each optimization step while demonstrating the effectiveness of the proposed hybrid model. The model achieved the best results compared to other DL and classical machine learning methods. To ensure diagnostic interpretability, we used the SHAP and LIME techniques to provide explainability features for the proposed model’s decisions. This work attempts to present the best possible, trustworthy decision-making AD diagnostics, potentially in deployable real-world settings. © The Author(s), under exclusive licence to Springer Nature Switzerland AG 2024.","2024","2025-02-27 12:27:54","2025-02-27 12:27:54","","","","","","","Int. J. Data Sci. Anal.","","","","","","","","","","","","","","","Publisher: Springer Science and Business Media Deutschland GmbH","","/Users/jensreil/Zotero/storage/RYD7KQNK/Saleh et al. - 2024 - Genetic algorithm-based hybrid deep learning model for explainable Alzheimer’s disease prediction us.pdf","","","","","","","","","","","","","","","","","","","","","","","","","","","","","","","","","","","","","","","","","","","","","","","","",""
"GZHS8IU9","journalArticle","2024","Ott, G.; Schaubelt, Y.; Lopez Alcaraz, J.M.; Haverkamp, W.; Strodthoff, N.","Using explainable AI to investigate electrocardiogram changes during healthy aging-From expert features to raw signals","PLoS ONE","","","10.1371/journal.pone.0302024","https://www.scopus.com/inward/record.uri?eid=2-s2.0-85190336905&doi=10.1371%2fjournal.pone.0302024&partnerID=40&md5=fc7a9a1c1adea1b092d7481aae92589d","Cardiovascular diseases remain the leading global cause of mortality. Age is an important covariate whose effect is most easily investigated in a healthy cohort to properly distinguish the former from disease-related changes. Traditionally, most of such insights have been drawn from the analysis of electrocardiogram (ECG) feature changes in individuals as they age. However, these features, while informative, may potentially obscure underlying data relationships. In this paper we present the following contributions: (1) We employ a deeplearning model and a tree-based model to analyze ECG data from a robust dataset of healthy individuals across varying ages in both raw signals and ECG feature format. (2) We use explainable AI methods to identify the most discriminative ECG features across age groups.(3) Our analysis with tree-based classifiers reveals age-related declines in inferred breathing rates and identifies notably high SDANN values as indicative of elderly individuals, distinguishing them from younger adults. (4) Furthermore, the deep-learning model underscores the pivotal role of the P-wave in age predictions across all age groups, suggesting potential changes in the distribution of different P-wave types with age. These findings shed new light on age-related ECG changes, offering insights that transcend traditional featurebased approaches.  © 2024 Ott et al. This is an open access article distributed under the terms of the Creative Commons Attribution License, which permits unrestricted use, distribution, and reproduction in any medium, provided the original author and source are credited.","2024","2025-02-27 12:27:54","2025-02-27 12:27:54","","","","4 April","19","","PLoS ONE","","","","","","","","","","","","","","","Publisher: Public Library of Science","","/Users/jensreil/Zotero/storage/B22TEALB/Ott et al. - 2024 - Using explainable AI to investigate electrocardiogram changes during healthy aging-From expert featu.pdf","","","","","","","","","","","","","","","","","","","","","","","","","","","","","","","","","","","","","","","","","","","","","","","","",""
"K2KTUJG2","journalArticle","2024","Saifullah, S.; Mercier, D.; Lucieri, A.; Dengel, A.; Ahmed, S.","The privacy-explainability trade-off: unraveling the impacts of differential privacy and federated learning on attribution methods","Frontier. Artif. Intell.","","","10.3389/frai.2024.1236947","https://www.scopus.com/inward/record.uri?eid=2-s2.0-85198749038&doi=10.3389%2ffrai.2024.1236947&partnerID=40&md5=f1949fceeaf4522230cd909408ea5a13","Since the advent of deep learning (DL), the field has witnessed a continuous stream of innovations. However, the translation of these advancements into practical applications has not kept pace, particularly in safety-critical domains where artificial intelligence (AI) must meet stringent regulatory and ethical standards. This is underscored by the ongoing research in eXplainable AI (XAI) and privacy-preserving machine learning (PPML), which seek to address some limitations associated with these opaque and data-intensive models. Despite brisk research activity in both fields, little attention has been paid to their interaction. This work is the first to thoroughly investigate the effects of privacy-preserving techniques on explanations generated by common XAI methods for DL models. A detailed experimental analysis is conducted to quantify the impact of private training on the explanations provided by DL models, applied to six image datasets and five time series datasets across various domains. The analysis comprises three privacy techniques, nine XAI methods, and seven model architectures. The findings suggest non-negligible changes in explanations through the implementation of privacy measures. Apart from reporting individual effects of PPML on XAI, the paper gives clear recommendations for the choice of techniques in real applications. By unveiling the interdependencies of these pivotal technologies, this research marks an initial step toward resolving the challenges that hinder the deployment of AI in safety-critical settings. Copyright © 2024 Saifullah, Mercier, Lucieri, Dengel and Ahmed.","2024","2025-02-27 12:27:54","2025-02-27 12:27:54","","","","","7","","Frontier. Artif. Intell.","","","","","","","","","","","","","","","Publisher: Frontiers Media SA","","/Users/jensreil/Zotero/storage/LKY3HW3B/Saifullah et al. - 2024 - The privacy-explainability trade-off unraveling the impacts of differential privacy and federated l.pdf","","","","","","","","","","","","","","","","","","","","","","","","","","","","","","","","","","","","","","","","","","","","","","","","",""
"GN6YWEDS","preprint","2020","Kumar, I. Elizabeth; Venkatasubramanian, Suresh; Scheidegger, Carlos; Friedler, Sorelle","Problems with Shapley-value-based explanations as feature importance measures","","","","10.48550/arXiv.2002.11097","http://arxiv.org/abs/2002.11097","Game-theoretic formulations of feature importance have become popular as a way to ""explain"" machine learning models. These methods define a cooperative game between the features of a model and distribute influence among these input elements using some form of the game's unique Shapley values. Justification for these methods rests on two pillars: their desirable mathematical properties, and their applicability to specific motivations for explanations. We show that mathematical problems arise when Shapley values are used for feature importance and that the solutions to mitigate these necessarily induce further complexity, such as the need for causal reasoning. We also draw on additional literature to argue that Shapley values do not provide explanations which suit human-centric goals of explainability.","2020-06-30","2025-03-03 14:19:50","2025-03-03 14:19:51","2025-03-03 14:19:42","","","","","","","","","","","","arXiv","","","","","","","arXiv.org","","arXiv:2002.11097 [cs]","","/Users/jensreil/Zotero/storage/TWAQNH49/Kumar et al. - 2020 - Problems with Shapley-value-based explanations as .pdf; /Users/jensreil/Zotero/storage/ZIIM3SZH/2002.html","","","Computer Science - Artificial Intelligence; Computer Science - Machine Learning; Statistics - Machine Learning","","","","","","","","","","","","","","","","","","","arXiv:2002.11097","","","","","","","","","","","","","","","","","","","","","","","","","","",""
"TNMCPTVN","preprint","2020","Dieber, Jürgen; Kirrane, Sabrina","Why model why? Assessing the strengths and limitations of LIME","","","","10.48550/arXiv.2012.00093","http://arxiv.org/abs/2012.00093","When it comes to complex machine learning models, commonly referred to as black boxes, understanding the underlying decision making process is crucial for domains such as healthcare and financial services, and also when it is used in connection with safety critical systems such as autonomous vehicles. As such interest in explainable artificial intelligence (xAI) tools and techniques has increased in recent years. However, the effectiveness of existing xAI frameworks, especially concerning algorithms that work with data as opposed to images, is still an open research question. In order to address this gap, in this paper we examine the effectiveness of the Local Interpretable Model-Agnostic Explanations (LIME) xAI framework, one of the most popular model agnostic frameworks found in the literature, with a specific focus on its performance in terms of making tabular models more interpretable. In particular, we apply several state of the art machine learning algorithms on a tabular dataset, and demonstrate how LIME can be used to supplement conventional performance assessment methods. In addition, we evaluate the understandability of the output produced by LIME both via a usability study, involving participants who are not familiar with LIME, and its overall usability via an assessment framework, which is derived from the International Organisation for Standardisation 9241-11:1998 standard.","2020-11-30","2025-03-04 16:24:03","2025-03-04 16:24:03","2025-03-04 16:24:03","","","","","","","Why model why?","","","","","arXiv","","","","","","","arXiv.org","","arXiv:2012.00093 [cs]","","/Users/jensreil/Zotero/storage/WEKU6AHF/Dieber and Kirrane - 2020 - Why model why Assessing the strengths and limitat.pdf; /Users/jensreil/Zotero/storage/UKQU5QAI/2012.html","","","Computer Science - Machine Learning","","","","","","","","","","","","","","","","","","","arXiv:2012.00093","","","","","","","","","","","","","","","","","","","","","","","","","","",""
"SSHMU2RC","webpage","2025","Salih, Ahmed","A Perspective on Explainable Artificial Intelligence Methods: SHAP and LIME","","","","","https://arxiv.org/html/2305.02012v3","eXplainable artificial intelligence (XAI) methods have emerged to convert the black box of machine learning (ML) models into a more digestible form. These methods help to communicate how the model works with the aim of making ML models more transparent and increasing the trust of end-users into their output. SHapley Additive exPlanations (SHAP) and Local Interpretable Model Agnostic Explanation (LIME) are two widely used XAI methods, particularly with tabular data. In this perspective piece, we discuss the way the explainability metrics of these two methods are generated and propose a framework for interpretation of their outputs, highlighting their weaknesses and strengths. Specifically, we discuss their outcomes in terms of model-dependency and in the presence of collinearity among the features, relying on a case study from the biomedical domain (classification of individuals with or without myocardial infarction). The results indicate that SHAP and LIME are highly affected by the adopted ML model and feature collinearity, raising a note of caution on their usage and interpretation.","2025","2025-03-04 16:22:53","2026-01-06 10:02:03","2025-03-04 16:22:53","","","","","","","","","","","","","","","","","","","","","","","/Users/jensreil/Zotero/storage/696JSMQG/A Perspective on Explainable Artificial Intelligence Methods SHAP and LIME.pdf","","","","","","","","","","","","","","","","","","","","","","","","","","","","","","","","","","","","","","","","","","","","","","","","",""
"6APPMJVC","preprint","2023","Huang, Xuanxiang; Marques-Silva, Joao","The Inadequacy of Shapley Values for Explainability","","","","10.48550/arXiv.2302.08160","http://arxiv.org/abs/2302.08160","This paper develops a rigorous argument for why the use of Shapley values in explainable AI (XAI) will necessarily yield provably misleading information about the relative importance of features for predictions. Concretely, this paper demonstrates that there exist classifiers, and associated predictions, for which the relative importance of features determined by the Shapley values will incorrectly assign more importance to features that are provably irrelevant for the prediction, and less importance to features that are provably relevant for the prediction. The paper also argues that, given recent complexity results, the existence of efficient algorithms for the computation of rigorous feature attribution values in the case of some restricted classes of classifiers should be deemed unlikely at best.","2023-02-16","2025-03-04 16:22:38","2025-03-04 16:22:38","2025-03-04 16:22:38","","","","","","","","","","","","arXiv","","","","","","","arXiv.org","","arXiv:2302.08160 [cs]","","/Users/jensreil/Zotero/storage/FVT7GG9C/Huang and Marques-Silva - 2023 - The Inadequacy of Shapley Values for Explainabilit.pdf; /Users/jensreil/Zotero/storage/J5DH5WG4/2302.html","","","Computer Science - Artificial Intelligence; Computer Science - Machine Learning","","","","","","","","","","","","","","","","","","","arXiv:2302.08160","","","","","","","","","","","","","","","","","","","","","","","","","","",""
"K5ERLWD5","journalArticle","2024","Huang, Xuanxiang; Marques-Silva, Joao","On the failings of Shapley values for explainability","International Journal of Approximate Reasoning","","0888-613X","10.1016/j.ijar.2023.109112","https://www.sciencedirect.com/science/article/pii/S0888613X23002438","Explainable Artificial Intelligence (XAI) is widely considered to be critical for building trust into the deployment of systems that integrate the use of machine learning (ML) models. For more than two decades Shapley values have been used as the theoretical underpinning for some methods of XAI, being commonly referred to as SHAP scores. Some of these methods of XAI now rank among the most widely used, including in high-risk domains. This paper proves that the existing definitions of SHAP scores will necessarily yield misleading information about the relative importance of features for predictions. The paper identifies a number of ways in which misleading information can be conveyed to human decision makers, and proves that there exist classifiers which will yield such misleading information. Furthermore, the paper offers empirical evidence that such theoretical limitations of SHAP scores are routinely observed in ML classifiers.","2024-08-01","2025-03-04 16:22:21","2025-03-04 16:22:21","2025-03-04 16:22:21","109112","","","171","","International Journal of Approximate Reasoning","","Synergies between Machine Learning and Reasoning","","","","","","","","","","","ScienceDirect","","","","/Users/jensreil/Zotero/storage/6MQ9UAGF/Huang and Marques-Silva - 2024 - On the failings of Shapley values for explainability.pdf; /Users/jensreil/Zotero/storage/QG672CXK/S0888613X23002438.html","","","Abductive explanations; Explainable AI (XAI); SHAP scores; Shapley values","","","","","","","","","","","","","","","","","","","","","","","","","","","","","","","","","","","","","","","","","","","","","",""
"YTYER3XS","conferencePaper","2020","Srinivas, Suraj; Fleuret, Francois","Rethinking the Role of Gradient-based Attribution Methods for Model Interpretability","","","","","https://openreview.net/forum?id=dYeAHXnpWJ4","Current methods for the interpretability of discriminative deep neural networks commonly rely on the model's input-gradients, i.e., the gradients of the output logits w.r.t. the inputs. The common assumption is that these input-gradients contain information regarding $p_{\theta} ( y\mid \mathbf{x} )$, the model's discriminative capabilities, thus justifying their use for interpretability. However, in this work, we show that these input-gradients can be arbitrarily manipulated as a consequence of the shift-invariance of softmax without changing the discriminative function. This leaves an open question: given that input-gradients can be arbitrary, why are they highly structured and explanatory in standard models? In this work, we re-interpret the logits of standard softmax-based classifiers as unnormalized log-densities of the data distribution and show that input-gradients can be viewed as gradients of a class-conditional generative model $p_{\theta}(\mathbf{x} \mid y)$ implicit in the discriminative model. This leads us to hypothesize that the highly structured and explanatory nature of input-gradients may be due to the alignment of this class-conditional model $p_{\theta}(\mathbf{x} \mid y)$ with that of the ground truth data distribution $p_{\text{data}} (\mathbf{x} \mid y)$. We test this hypothesis by studying the effect of density alignment on gradient explanations. To achieve this density alignment, we use an algorithm called score-matching, and propose novel approximations to this algorithm to enable training large-scale models. Our experiments show that improving the alignment of the implicit density model with the data distribution enhances gradient structure and explanatory power while reducing this alignment has the opposite effect. This also leads us to conjecture that unintended density alignment in standard neural network training may explain the highly structured nature of input-gradients observed in practice. Overall, our finding that input-gradients capture information regarding an implicit generative model implies that we need to re-think their use for interpreting discriminative models.","2020-10-02","2025-03-20 14:20:27","2025-03-20 14:20:35","2025-03-20 14:20:27","","","","","","","","","","","","","","en","","","","","openreview.net","","","","/Users/jensreil/Zotero/storage/BYGFU975/Srinivas and Fleuret - 2020 - Rethinking the Role of Gradient-based Attribution Methods for Model Interpretability.pdf","","","","","","","","","","","","","","","","","","","","","","","","","","","","","","","","","","International Conference on Learning Representations","","","","","","","","","","","","","","",""
"75AL966E","conferencePaper","2024","Fatemi, Sorouralsadat; Hu, Yuheng","FinVision: A Multi-Agent Framework for Stock Market Prediction","Proceedings of the 5th ACM International Conference on AI in Finance","","","10.1145/3677052.3698688","http://arxiv.org/abs/2411.08899","Financial trading has been a challenging task, as it requires the integration of vast amounts of data from various modalities. Traditional deep learning and reinforcement learning methods require large training data and often involve encoding various data types into numerical formats for model input, which limits the explainability of model behavior. Recently, LLM-based agents have demonstrated remarkable advancements in handling multi-modal data, enabling them to execute complex, multi-step decision-making tasks while providing insights into their thought processes. This research introduces a multi-modal multi-agent system designed specifically for financial trading tasks. Our framework employs a team of specialized LLM-based agents, each adept at processing and interpreting various forms of financial data, such as textual news reports, candlestick charts, and trading signal charts. A key feature of our approach is the integration of a reflection module, which conducts analyses of historical trading signals and their outcomes. This reflective process is instrumental in enhancing the decision-making capabilities of the system for future trading scenarios. Furthermore, the ablation studies indicate that the visual reflection module plays a crucial role in enhancing the decision-making capabilities of our framework.","2024-11-14","2025-03-27 13:27:23","2025-03-27 13:27:23","2025-03-27 13:27:23","582-590","","","","","","FinVision","","","","","","","","","","","","arXiv.org","","arXiv:2411.08899 [q-fin]","","/Users/jensreil/Zotero/storage/YTXQ9CQ7/Fatemi and Hu - 2024 - FinVision A Multi-Agent Framework for Stock Market Prediction.pdf; /Users/jensreil/Zotero/storage/URWWVN5A/2411.html","","","Computer Science - Artificial Intelligence; Quantitative Finance - Trading and Market Microstructure","","","","","","","","","","","","","","","","","","","","","","","","","","","","","","","","","","","","","","","","","","","","","",""
"RS5BTIH9","preprint","2024","Arsenault, Pierre-Daniel; Wang, Shengrui; Patenande, Jean-Marc","A Survey of Explainable Artificial Intelligence (XAI) in Financial Time Series Forecasting","","","","10.48550/arXiv.2407.15909","http://arxiv.org/abs/2407.15909","Artificial Intelligence (AI) models have reached a very significant level of accuracy. While their superior performance offers considerable benefits, their inherent complexity often decreases human trust, which slows their application in high-risk decision-making domains, such as finance. The field of eXplainable AI (XAI) seeks to bridge this gap, aiming to make AI models more understandable. This survey, focusing on published work from the past five years, categorizes XAI approaches that predict financial time series. In this paper, explainability and interpretability are distinguished, emphasizing the need to treat these concepts separately as they are not applied the same way in practice. Through clear definitions, a rigorous taxonomy of XAI approaches, a complementary characterization, and examples of XAI's application in the finance industry, this paper provides a comprehensive view of XAI's current role in finance. It can also serve as a guide for selecting the most appropriate XAI approach for future applications.","2024-07-22","2025-03-27 13:28:34","2025-03-27 13:28:34","2025-03-27 13:28:34","","","","","","","","","","","","arXiv","","","","","","","arXiv.org","","arXiv:2407.15909 [cs] version: 1","","/Users/jensreil/Zotero/storage/MHDSABUY/Arsenault et al. - 2024 - A Survey of Explainable Artificial Intelligence (XAI) in Financial Time Series Forecasting.pdf; /Users/jensreil/Zotero/storage/ZQYKNJ2U/2407.html","","","Computer Science - Artificial Intelligence; Computer Science - Machine Learning","","","","","","","","","","","","","","","","","","","arXiv:2407.15909","","","","","","","","","","","","","","","","","","","","","","","","","","",""
"JUZ3ZBS8","preprint","2023","Misheva, Branka Hadji; Osterrieder, Joerg","A Hypothesis on Good Practices for AI-based Systems for Financial Time Series Forecasting: Towards Domain-Driven XAI Methods","","","","10.48550/arXiv.2311.07513","http://arxiv.org/abs/2311.07513","Machine learning and deep learning have become increasingly prevalent in financial prediction and forecasting tasks, offering advantages such as enhanced customer experience, democratising financial services, improving consumer protection, and enhancing risk management. However, these complex models often lack transparency and interpretability, making them challenging to use in sensitive domains like finance. This has led to the rise of eXplainable Artificial Intelligence (XAI) methods aimed at creating models that are easily understood by humans. Classical XAI methods, such as LIME and SHAP, have been developed to provide explanations for complex models. While these methods have made significant contributions, they also have limitations, including computational complexity, inherent model bias, sensitivity to data sampling, and challenges in dealing with feature dependence. In this context, this paper explores good practices for deploying explainability in AI-based systems for finance, emphasising the importance of data quality, audience-specific methods, consideration of data properties, and the stability of explanations. These practices aim to address the unique challenges and requirements of the financial industry and guide the development of effective XAI tools.","2023-11-13","2025-03-27 13:28:48","2025-03-27 13:28:48","2025-03-27 13:28:48","","","","","","","A Hypothesis on Good Practices for AI-based Systems for Financial Time Series Forecasting","","","","","arXiv","","","","","","","arXiv.org","","arXiv:2311.07513 [q-fin] version: 1","","/Users/jensreil/Zotero/storage/8QS3SG48/Misheva and Osterrieder - 2023 - A Hypothesis on Good Practices for AI-based Systems for Financial Time Series Forecasting Towards D.pdf; /Users/jensreil/Zotero/storage/Z5VUQHQF/2311.html","","","Computer Science - Machine Learning; Quantitative Finance - General Finance","","","","","","","","","","","","","","","","","","","arXiv:2311.07513","","","","","","","","","","","","","","","","","","","","","","","","","","",""
"KEY8WZDY","preprint","2023","Ghimire, Sushrut","TimeTrail: Unveiling Financial Fraud Patterns through Temporal Correlation Analysis","","","","10.48550/arXiv.2308.14215","http://arxiv.org/abs/2308.14215","In the field of financial fraud detection, understanding the underlying patterns and dynamics is important to ensure effective and reliable systems. This research introduces a new technique, ""TimeTrail,"" which employs advanced temporal correlation analysis to explain complex financial fraud patterns. The technique leverages time-related insights to provide transparent and interpretable explanations for fraud detection decisions, enhancing accountability and trust. The ""TimeTrail"" methodology consists of three key phases: temporal data enrichment, dynamic correlation analysis, and interpretable pattern visualization. Initially, raw financial transaction data is enriched with temporal attributes. Dynamic correlations between these attributes are then quantified using innovative statistical measures. Finally, a unified visualization framework presents these correlations in an interpretable manner. To validate the effectiveness of ""TimeTrail,"" a study is conducted on a diverse financial dataset, surrounding various fraud scenarios. Results demonstrate the technique's capability to uncover hidden temporal correlations and patterns, performing better than conventional methods in both accuracy and interpretability. Moreover, a case study showcasing the application of ""TimeTrail"" in real-world scenarios highlights its utility for fraud detection.","2023-08-27","2025-03-27 13:28:53","2025-03-27 13:28:53","2025-03-27 13:28:53","","","","","","","TimeTrail","","","","","arXiv","","","","","","","arXiv.org","","arXiv:2308.14215 [cs] version: 1","","/Users/jensreil/Zotero/storage/48XAYAJZ/Ghimire - 2023 - TimeTrail Unveiling Financial Fraud Patterns through Temporal Correlation Analysis.pdf; /Users/jensreil/Zotero/storage/NQKHLJNG/2308.html","","","Computer Science - Machine Learning; Quantitative Finance - Statistical Finance","","","","","","","","","","","","","","","","","","","arXiv:2308.14215","","","","","","","","","","","","","","","","","","","","","","","","","","",""
"TLZP5MUX","preprint","2020","Neri, Filippo","How to Identify Investor's types in real financial markets by means of agent based simulation","","","","10.48550/arXiv.2101.03127","http://arxiv.org/abs/2101.03127","The paper proposes a computational adaptation of the principles underlying principal component analysis with agent based simulation in order to produce a novel modeling methodology for financial time series and financial markets. Goal of the proposed methodology is to find a reduced set of investor s models (agents) which is able to approximate or explain a target financial time series. As computational testbed for the study, we choose the learning system L FABS which combines simulated annealing with agent based simulation for approximating financial time series. We will also comment on how L FABS s architecture could exploit parallel computation to scale when dealing with massive agent simulations. Two experimental case studies showing the efficacy of the proposed methodology are reported.","2020-12-31","2025-03-27 13:29:14","2025-03-27 13:29:14","2025-03-27 13:29:14","","","","","","","","","","","","arXiv","","","","","","","arXiv.org","","arXiv:2101.03127 [q-fin] version: 1","","/Users/jensreil/Zotero/storage/Y9WQY8JX/Neri - 2020 - How to Identify Investor's types in real financial markets by means of agent based simulation.pdf; /Users/jensreil/Zotero/storage/2BWGVNI6/2101.html","","","Computer Science - Computational Engineering, Finance, and Science; Computer Science - Machine Learning; Quantitative Finance - Trading and Market Microstructure","","","","","","","","","","","","","","","","","","","arXiv:2101.03127","","","","","","","","","","","","","","","","","","","","","","","","","","",""
"2G6QVZVZ","preprint","2019","Philps, Daniel; Garcez, Artur d'Avila; Weyde, Tillman","Making Good on LSTMs' Unfulfilled Promise","","","","10.48550/arXiv.1911.04489","http://arxiv.org/abs/1911.04489","LSTMs promise much to financial time-series analysis, temporal and cross-sectional inference, but we find that they do not deliver in a real-world financial management task. We examine an alternative called Continual Learning (CL), a memory-augmented approach, which can provide transparent explanations, i.e. which memory did what and when. This work has implications for many financial applications including credit, time-varying fairness in decision making and more. We make three important new observations. Firstly, as well as being more explainable, time-series CL approaches outperform LSTMs as well as a simple sliding window learner using feed-forward neural networks (FFNN). Secondly, we show that CL based on a sliding window learner (FFNN) is more effective than CL based on a sequential learner (LSTM). Thirdly, we examine how real-world, time-series noise impacts several similarity approaches used in CL memory addressing. We provide these insights using an approach called Continual Learning Augmentation (CLA) tested on a complex real-world problem, emerging market equities investment decision making. CLA provides a test-bed as it can be based on different types of time-series learners, allowing testing of LSTM and FFNN learners side by side. CLA is also used to test several distance approaches used in a memory recall-gate: Euclidean distance (ED), dynamic time warping (DTW), auto-encoders (AE) and a novel hybrid approach, warp-AE. We find that ED under-performs DTW and AE but warp-AE shows the best overall performance in a real-world financial task.","2019-12-09","2025-03-27 13:29:22","2025-03-27 13:29:22","2025-03-27 13:29:22","","","","","","","","","","","","arXiv","","","","","","","arXiv.org","","arXiv:1911.04489 [cs] version: 4","","/Users/jensreil/Zotero/storage/962PQ49H/Philps et al. - 2019 - Making Good on LSTMs' Unfulfilled Promise.pdf; /Users/jensreil/Zotero/storage/8DU5XKTI/1911.html","","","Computer Science - Machine Learning; Quantitative Finance - Computational Finance; Quantitative Finance - Portfolio Management; Statistics - Machine Learning","","","","","","","","","","","","","","","","","","","arXiv:1911.04489","","","","","","","","","","","","","","","","","","","","","","","","","","",""
"X5JFCYM4","preprint","2019","Matsunaga, Daiki; Suzumura, Toyotaro; Takahashi, Toshihiro","Exploring Graph Neural Networks for Stock Market Predictions with Rolling Window Analysis","","","","10.48550/arXiv.1909.10660","http://arxiv.org/abs/1909.10660","Recently, there has been a surge of interest in the use of machine learning to help aid in the accurate predictions of financial markets. Despite the exciting advances in this cross-section of finance and AI, many of the current approaches are limited to using technical analysis to capture historical trends of each stock price and thus limited to certain experimental setups to obtain good prediction results. On the other hand, professional investors additionally use their rich knowledge of inter-market and inter-company relations to map the connectivity of companies and events, and use this map to make better market predictions. For instance, they would predict the movement of a certain company's stock price based not only on its former stock price trends but also on the performance of its suppliers or customers, the overall industry, macroeconomic factors and trade policies. This paper investigates the effectiveness of work at the intersection of market predictions and graph neural networks, which hold the potential to mimic the ways in which investors make decisions by incorporating company knowledge graphs directly into the predictive model. The main goal of this work is to test the validity of this approach across different markets and longer time horizons for backtesting using rolling window analysis. In this work, we concentrate on the prediction of individual stock prices in the Japanese Nikkei 225 market over a period of roughly 20 years. For the knowledge graph, we use the Nikkei Value Search data, which is a rich dataset showing mainly supplier relations among Japanese and foreign companies. Our preliminary results show a 29.5% increase and a 2.2-fold increase in the return ratio and Sharpe ratio, respectively, when compared to the market benchmark, as well as a 6.32% increase and 1.3-fold increase, respectively, compared to the baseline LSTM model.","2019-11-27","2025-03-27 13:29:28","2025-03-27 13:29:28","2025-03-27 13:29:28","","","","","","","","","","","","arXiv","","","","","","","arXiv.org","","arXiv:1909.10660 [cs] version: 3","","/Users/jensreil/Zotero/storage/M56EJF5F/Matsunaga et al. - 2019 - Exploring Graph Neural Networks for Stock Market Predictions with Rolling Window Analysis.pdf; /Users/jensreil/Zotero/storage/YL4ZUVMX/1909.html","","","Computer Science - Machine Learning; Quantitative Finance - Statistical Finance","","","","","","","","","","","","","","","","","","","arXiv:1909.10660","","","","","","","","","","","","","","","","","","","","","","","","","","",""
"2J4W2F22","preprint","2017","Kumar, Devinder; Taylor, Graham W.; Wong, Alexander","Opening the Black Box of Financial AI with CLEAR-Trade: A CLass-Enhanced Attentive Response Approach for Explaining and Visualizing Deep Learning-Driven Stock Market Prediction","","","","10.48550/arXiv.1709.01574","http://arxiv.org/abs/1709.01574","Deep learning has been shown to outperform traditional machine learning algorithms across a wide range of problem domains. However, current deep learning algorithms have been criticized as uninterpretable ""black-boxes"" which cannot explain their decision making processes. This is a major shortcoming that prevents the widespread application of deep learning to domains with regulatory processes such as finance. As such, industries such as finance have to rely on traditional models like decision trees that are much more interpretable but less effective than deep learning for complex problems. In this paper, we propose CLEAR-Trade, a novel financial AI visualization framework for deep learning-driven stock market prediction that mitigates the interpretability issue of deep learning methods. In particular, CLEAR-Trade provides a effective way to visualize and explain decisions made by deep stock market prediction models. We show the efficacy of CLEAR-Trade in enhancing the interpretability of stock market prediction by conducting experiments based on S&P 500 stock index prediction. The results demonstrate that CLEAR-Trade can provide significant insight into the decision-making process of deep learning-driven financial models, particularly for regulatory processes, thus improving their potential uptake in the financial industry.","2017-09-05","2025-03-27 13:29:30","2025-03-27 13:29:30","2025-03-27 13:29:30","","","","","","","Opening the Black Box of Financial AI with CLEAR-Trade","","","","","arXiv","","","","","","","arXiv.org","","arXiv:1709.01574 [cs] version: 1","","/Users/jensreil/Zotero/storage/AEK97GWA/Kumar et al. - 2017 - Opening the Black Box of Financial AI with CLEAR-Trade A CLass-Enhanced Attentive Response Approach.pdf; /Users/jensreil/Zotero/storage/RR5L8HT7/1709.html","","","Computer Science - Artificial Intelligence; Computer Science - Computer Vision and Pattern Recognition; Computer Science - Neural and Evolutionary Computing","","","","","","","","","","","","","","","","","","","arXiv:1709.01574","","","","","","","","","","","","","","","","","","","","","","","","","","",""
"22Z63P6X","journalArticle","2022","Theissler, Andreas; Spinnato, Francesco; Schlegel, Udo; Guidotti, Riccardo","Explainable AI for Time Series Classification: A Review, Taxonomy and Research Directions","IEEE Access","","2169-3536","10.1109/ACCESS.2022.3207765","https://ieeexplore.ieee.org/abstract/document/9895252","Time series data is increasingly used in a wide range of fields, and it is often relied on in crucial applications and high-stakes decision-making. For instance, sensors generate time series data to recognize different types of anomalies through automatic decision-making systems. Typically, these systems are realized with machine learning models that achieve top-tier performance on time series classification tasks. Unfortunately, the logic behind their prediction is opaque and hard to understand from a human standpoint. Recently, we observed a consistent increase in the development of explanation methods for time series classification justifying the need to structure and review the field. In this work, we (a) present the first extensive literature review on Explainable AI (XAI) for time series classification, (b) categorize the research field through a taxonomy subdividing the methods into time points-based, subsequences-based and instance-based, and (c) identify open research directions regarding the type of explanations and the evaluation of explanations and interpretability.","2022","2025-04-24 07:41:25","2025-04-24 07:41:31","2025-04-24 07:41:25","100700-100724","","","10","","","Explainable AI for Time Series Classification","","","","","","","","","","","","IEEE Xplore","","","","/Users/jensreil/Zotero/storage/TRNVA72D/Theissler et al. - 2022 - Explainable AI for Time Series Classification A Review, Taxonomy and Research Directions.pdf","","","Artificial intelligence; Data analysis; Data models; Explainable artificial intelligence; interpretable machine learning; Machine learning; temporal data analysis; Time measurement; Time series analysis; time series classification","","","","","","","","","","","","","","","","","","","","","","","","","","","","","","","","","","","","","","","","","","","","","",""
"3Q74WRCH","conferencePaper","2020","Ismail, Aya Abdelsalam; Gunady, Mohamed; Corrada Bravo, Hector; Feizi, Soheil","Benchmarking Deep Learning Interpretability in Time Series Predictions","Advances in Neural Information Processing Systems","","","","https://proceedings.neurips.cc/paper/2020/hash/47a3893cc405396a5c30d91320572d6d-Abstract.html","Saliency methods are used extensively to highlight the importance of input features in model predictions. These methods are mostly used in vision and language tasks, and their applications to time series data is relatively unexplored. In this paper, we set out to extensively compare the performance of various saliency-based interpretability methods across diverse neural architectures, including Recurrent Neural Network, Temporal Convolutional Networks, and Transformers in a new benchmark of synthetic time series data. We propose and report multiple metrics to empirically evaluate the performance of saliency methods for detecting feature importance over time using both precision (i.e., whether identified features contain meaningful signals) and recall (i.e., the number of features with signal identified as important). Through several experiments, we show that (i) in general, network architectures and saliency methods fail to reliably and accurately identify feature importance over time in time series data, (ii) this failure is mainly due to the conflation of time and feature domains, and (iii) the quality of saliency maps can be improved substantially by using our proposed two-step temporal saliency rescaling (TSR) approach that first calculates the importance of each time step before calculating the importance of each feature at a time step.","2020","2025-04-24 07:43:19","2025-04-24 07:43:19","2025-04-24 07:43:19","6441–6452","","","33","","","","","","","","Curran Associates, Inc.","","","","","","","Neural Information Processing Systems","","","","/Users/jensreil/Zotero/storage/JFLZHT6X/Ismail et al. - 2020 - Benchmarking Deep Learning Interpretability in Time Series Predictions.pdf","","","","","","","","","","","","","","","","","","","","","","","","","","","","","","","","","","","","","","","","","","","","","","","","",""
"8N7SHG9N","journalArticle","2024","Longo, Luca; Brcic, Mario; Cabitza, Federico; Choi, Jaesik; Confalonieri, Roberto; Ser, Javier Del; Guidotti, Riccardo; Hayashi, Yoichi; Herrera, Francisco; Holzinger, Andreas; Jiang, Richard; Khosravi, Hassan; Lecue, Freddy; Malgieri, Gianclaudio; Páez, Andrés; Samek, Wojciech; Schneider, Johannes; Speith, Timo; Stumpf, Simone","Explainable Artificial Intelligence (XAI) 2.0: A manifesto of open challenges and interdisciplinary research directions","Information Fusion","","1566-2535","10.1016/j.inffus.2024.102301","https://www.sciencedirect.com/science/article/pii/S1566253524000794","Understanding black box models has become paramount as systems based on opaque Artificial Intelligence (AI) continue to flourish in diverse real-world applications. In response, Explainable AI (XAI) has emerged as a field of research with practical and ethical benefits across various domains. This paper highlights the advancements in XAI and its application in real-world scenarios and addresses the ongoing challenges within XAI, emphasizing the need for broader perspectives and collaborative efforts. We bring together experts from diverse fields to identify open problems, striving to synchronize research agendas and accelerate XAI in practical applications. By fostering collaborative discussion and interdisciplinary cooperation, we aim to propel XAI forward, contributing to its continued success. We aim to develop a comprehensive proposal for advancing XAI. To achieve this goal, we present a manifesto of 28 open problems categorized into nine categories. These challenges encapsulate the complexities and nuances of XAI and offer a road map for future research. For each problem, we provide promising research directions in the hope of harnessing the collective intelligence of interested stakeholders.","2024-06-01","2025-04-30 11:16:00","2025-04-30 11:16:03","2025-04-30 11:16:00","102301","","","106","","Information Fusion","Explainable Artificial Intelligence (XAI) 2.0","","","","","","","","","","","","ScienceDirect","","","","/Users/jensreil/Zotero/storage/QAIT7HWV/Longo et al. - 2024 - Explainable Artificial Intelligence (XAI) 2.0 A manifesto of open challenges and interdisciplinary.pdf; /Users/jensreil/Zotero/storage/4BPJRWQ8/S1566253524000794.html","","","Actionable XAI; Causality; Concept-based explanations; Ethical AI; Explainable artificial intelligence; Falsifiability; Generative AI; Interdisciplinarity; Interpretability; Large language models; Manifesto; Multi-faceted explanations; Open challenges; Responsible AI; Trustworthy AI; XAI","","","","","","","","","","","","","","","","","","","","","","","","","","","","","","","","","","","","","","","","","","","","","",""
"9KKZRVUP","preprint","2023","Zhao, Ziqi; Shi, Yucheng; Wu, Shushan; Yang, Fan; Song, Wenzhan; Liu, Ninghao","Interpretation of Time-Series Deep Models: A Survey","","","","10.48550/arXiv.2305.14582","http://arxiv.org/abs/2305.14582","Deep learning models developed for time-series associated tasks have become more widely researched nowadays. However, due to the unintuitive nature of time-series data, the interpretability problem -- where we understand what is under the hood of these models -- becomes crucial. The advancement of similar studies in computer vision has given rise to many post-hoc methods, which can also shed light on how to explain time-series models. In this paper, we present a wide range of post-hoc interpretation methods for time-series models based on backpropagation, perturbation, and approximation. We also want to bring focus onto inherently interpretable models, a novel category of interpretation where human-understandable information is designed within the models. Furthermore, we introduce some common evaluation metrics used for the explanations, and propose several directions of future researches on the time-series interpretability problem. As a highlight, our work summarizes not only the well-established interpretation methods, but also a handful of fairly recent and under-developed techniques, which we hope to capture their essence and spark future endeavours to innovate and improvise.","2023-05-23","2025-05-02 12:27:28","2025-05-02 12:27:31","2025-05-02 12:27:28","","","","","","","Interpretation of Time-Series Deep Models","","","","","arXiv","","","","","","","arXiv.org","","arXiv:2305.14582 [cs]","","/Users/jensreil/Zotero/storage/CQYLC7DV/Zhao et al. - 2023 - Interpretation of Time-Series Deep Models A Survey.pdf; /Users/jensreil/Zotero/storage/63AB4SFB/2305.html","","","Computer Science - Artificial Intelligence; Computer Science - Machine Learning","","","","","","","","","","","","","","","","","","","arXiv:2305.14582","","","","","","","","","","","","","","","","","","","","","","","","","","",""
"VWJ43GYQ","preprint","2019","Merrick, Luke; Taly, Ankur","The Explanation Game: Explaining Machine Learning Models with Cooperative Game Theory","","","","10.48550/arXiv.1909.08128","http://arxiv.org/abs/1909.08128","Recently, a number of techniques have been proposed to explain a machine learning (ML) model's prediction by attributing it to the corresponding input features. Popular among these are techniques that apply the Shapley value method from cooperative game theory. While existing papers focus on the axiomatic motivation of Shapley values, and efficient techniques for computing them, they do not justify the game formulations used. For instance, we find that the SHAP algorithm's formulation (Lundberg and Lee 2017) may give substantial attributions to features that play no role in a model. In this work, we study the game formulations underpinning several existing methods. Using a series of simple models, we illustrate how their subtle differences can yield large differences in attribution for the same prediction. We then present a general game formulation that unifies existing methods. After discussing the primitive of single-reference games, we decompose the Shapley values of the general game formulation into Shapley values of single-reference games. This is instructive in several ways. First, it enables confidence intervals on estimated attributions, which are not offered by previous works. Second, it enables different contrastive explanations of a prediction through comparison with different groups of reference inputs. We tie this idea to classic work on Norm Theory (Kahneman and Miller 1986) in cognitive psychology, and propose a general framework for generating explanations for ML models, called formulate, approximate, and explain (FAE). We apply this framework to explaining black-box models trained on two UCI datasets and a Lending Club dataset.","2019-09-17","2025-05-08 10:39:24","2025-05-08 10:39:24","2025-05-08 10:39:24","","","","","","","The Explanation Game","","","","","arXiv","","","","","","","arXiv.org","","arXiv:1909.08128 [cs] version: 1","","/Users/jensreil/Zotero/storage/2I4YZKZA/Merrick and Taly - 2019 - The Explanation Game Explaining Machine Learning Models with Cooperative Game Theory.pdf; /Users/jensreil/Zotero/storage/PV3KWPIH/1909.html","","","Computer Science - Artificial Intelligence; Computer Science - Machine Learning; Statistics - Machine Learning","","","","","","","","","","","","","","","","","","","arXiv:1909.08128","","","","","","","","","","","","","","","","","","","","","","","","","","",""
"KLU2M83E","journalArticle","2024","Cao, Fanpu; Yang, Shu; Chen, Zhengjian; Liu, Ye; Cui, Laizhong","Ister: Inverted Seasonal-Trend Decomposition Transformer for Explainable Multivariate Time Series Forecasting","","","","","http://arxiv.org/pdf/2412.18798v2","In long-term time series forecasting, Transformerbased models have achieved great success, due to its ability to capture long-range dependencies. However, existing models face challenges in identifying critical components for prediction, leading to limited interpretability and suboptimal performance. To address these issues, we propose the Inverted Seasonal-Trend Decomposition Transformer (Ister), a novel Transformer-based model for multivariate time series forecasting. Ister decomposes time series into seasonal and trend components, further modeling multi-periodicity and inter-series dependencies using a Dual Transformer architecture. We introduce a novel Dot-attention mechanism that improves interpretability, computational efficiency, and predictive accuracy. Comprehensive experiments on benchmark datasets demonstrate that Ister outperforms existing state-of-theart models, achieving up to 10% improvement in MSE. Moreover, Ister enables intuitive visualization of component contributions, shedding lights on model’s decision process and enhancing transparency in prediction results.","2024","2025-07-28 09:56:13","2025-08-18 09:14:03","","","","","","","","","","","","","","","","","","","","","","","","/Users/jensreil/Zotero/storage/5JIJBS3B/Cao et al. - 2024 - Ister Inverted Seasonal-Trend Decomposition Transformer for Explainable Multivariate Time Series Fo.pdf","","","","","","","","","","","","","","","","","","","","","","","","","","","","","","","","","","","","","","","","","","","","","","","","",""
"CXICKQ8W","journalArticle","2024","Chakraborty, Sanjay; Delibasoglu, Ibrahim; Heintz, Fredrik","EDformer: Embedded Decomposition Transformer for Interpretable Multivariate Time Series Predictions","","","","","http://arxiv.org/pdf/2412.12227v1","Time series forecasting is a crucial challenge with significant applications in areas such as weather prediction, stock market analysis, and scientific simulations. This paper introduces an embedded decomposed transformer, ’EDformer’, for multivariate time series forecasting tasks. Without altering the fundamental elements, we reuse the Transformer architecture and consider the capable functions of its constituent parts in this work. Edformer first decomposes the input multivariate signal into seasonal and trend components. Next, the prominent multivariate seasonal component is reconstructed across the reverse dimensions, followed by applying the attention mechanism and feed-forward network in the encoder stage. In particular, the feed-forward network is used for each variable frame to learn nonlinear representations, while the attention mechanism uses the time points of individual seasonal series embedded within variate frames to capture multivariate correlations. Therefore, the trend signal is added with projection and performs the final forecasting. The EDformer model obtains state-of-the-art predicting results in terms of accuracy and efficiency on complex real-world time series datasets. This paper also addresses model explainability techniques to provide insights into how the model makes its predictions and why specific features or time steps are important, enhancing the interpretability and trustworthiness of the forecasting results.","2024","2025-07-28 09:56:13","2025-08-18 09:14:24","","","","","","","","","","","","","","","","","","","","","","","","/Users/jensreil/Zotero/storage/KZU2WP9M/Chakraborty et al. - 2024 - EDformer Embedded Decomposition Transformer for Interpretable Multivariate Time Series Predictions.pdf","","","","","","","","","","","","","","","","","","","","","","","","","","","","","","","","","","","","","","","","","","","","","","","","",""
"LEAEPKSA","journalArticle","2024","Brüsch, Thea; Wickstrøm, Kristoffer K.; Schmidt, Mikkel N.; Jenssen, Robert; Alstrøm, Tommy S.","FLEXtime: Filterbank learning to explain time series","","","","","http://arxiv.org/pdf/2411.05841v3","State-of-the-art methods for explaining predictions from time series involve learning an instance-wise saliency mask for each time step; however, many types of time series are difficult to interpret in the time domain, due to the inherently complex nature of the data. Instead, we propose to view time series explainability as saliency maps over interpretable parts, leaning on established signal processing methodology on signal decomposition. Specifically, we propose a new method called FLEXtime that uses a bank of bandpass filters to split the time series into frequency bands. Then, we learn the combination of these bands that optimally explains the model’s prediction. Our extensive evaluation shows that, on average, FLEXtime outperforms state-of-the-art explainability methods across a range of datasets. FLEXtime fills an important gap in the current time series explainability methodology and is a valuable tool for a wide range of time series such as EEG and audio. Code is available at https://github.com/theabrusch/FLEXtime.","2024","2025-07-28 09:56:13","2025-08-18 09:14:44","","","","","","","","","","","","","","","","","","","","","","","","/Users/jensreil/Zotero/storage/ZJJTMNXC/Brüsch et al. - 2024 - FLEXtime Filterbank learning to explain time series.pdf","","","","","","","","","","","","","","","","","","","","","","","","","","","","","","","","","","","","","","","","","","","","","","","","",""
"4IC5EDGC","journalArticle","2024","Rezaei, Shahbaz; Liu, Xin","Explanation Space: A New Perspective into Time Series Interpretability","","","","","http://arxiv.org/pdf/2409.01354v3","Human understandable explanation of deep learning models is essential for various critical and sensitive applications. Unlike image or tabular data where the importance of each input feature (for the classifier’s decision) can be directly projected into the input, time series distinguishable features (e.g. dominant frequency) are often hard to manifest in time domain for a user to easily understand. Additionally, most explanation methods require a baseline value as an indication of the absence of any feature. However, the notion of lack of feature, which is often defined as black pixels for vision tasks or zero/mean values for tabular data, is not well-defined in time series. Despite the adoption of explainable AI methods (XAI) from tabular and vision domain into time series domain, these differences limit the application of these XAI methods in practice. In this paper, we propose a simple yet effective method that allows a model originally trained on the time domain to be interpreted in other explanation spaces using existing methods. We suggest five explanation spaces, each of which can potentially alleviate these issues in certain types of time series. Our method can be easily integrated into existing platforms without any changes to trained models or XAI methods. The code will be released upon acceptance.","2024","2025-07-28 09:56:13","2025-08-18 09:15:00","","","","","","","","","","","","","","","","","","","","","","","","/Users/jensreil/Zotero/storage/L4CLF6BI/Rezaei and Liu - 2024 - Explanation Space A New Perspective into Time Series Interpretability.pdf","","","","","","","","","","","","","","","","","","","","","","","","","","","","","","","","","","","","","","","","","","","","","","","","",""
"YSQAVQVR","journalArticle","2024","Brüsch, Thea; Wickstrøm, Kristoffer Knutsen; Schmidt, Mikkel N.; Alstrøm, Tommy Sonne; Jenssen, Robert","FreqRISE: Explaining time series using frequency masking","","","","","http://arxiv.org/pdf/2406.13584v2","Time-series data are fundamentally important for many critical domains such as healthcare, finance, and climate, where explainable models are necessary for safe automated decision making. To develop explainable artificial intelligence in these domains therefore implies explaining salient information in the time series. Current methods for obtaining saliency maps assume localized information in the raw input space. In this paper, we argue that the salient information of a number of time series is more likely to be localized in the frequency domain. We propose FreqRISE, which uses masking-based methods to produce explanations in the frequency and time-frequency domain, and outperforms strong baselines across a number of tasks. The source code is available here: https://github.com/theabrusch/FreqRISE","2024","2025-07-28 09:56:13","2025-08-18 09:15:12","","","","","","","","","","","","","","","","","","","","","","","","/Users/jensreil/Zotero/storage/3PPJTK4D/Brüsch et al. - 2024 - FreqRISE Explaining time series using frequency masking.pdf","","","","","","","","","","","","","","","","","","","","","","","","","","","","","","","","","","","","","","","","","","","","","","","","",""
"DM4VLWHL","journalArticle","2024","Serramazza, Davide Italo; Nguyen, Thach Le; Ifrim, Georgiana","Improving the Evaluation and Actionability of Explanation Methods for Multivariate Time Series Classification","","","","","http://arxiv.org/pdf/2406.12507v2","Explanation for Multivariate Time Series Classification (MTSC) is an important topic that is under explored. There are very few quantitative evaluation methodologies and even fewer examples of actionable explanation, where the explanation methods are shown to objectively improve specific computational tasks on time series data. In this paper we focus on analyzing InterpretTime, a recent evaluation methodology for attribution methods applied to MTSC. We showcase some significant weaknesses of the original methodology and propose ideas to improve both its accuracy and efficiency. Unlike related work, we go beyond evaluation and also showcase the actionability of the produced explainer ranking, by using the best attribution methods for the task of channel selection in MTSC. We find that perturbation-based methods such as SHAP and Feature Ablation work well across a set of datasets, classifiers and tasks and outperform gradient-based methods. We apply the best ranked explainers to channel selection for MTSC and show significant data size reduction and improved classifier accuracy.","2024","2025-07-28 09:56:13","2025-08-18 09:15:31","","","","","","","","","","","","","","","","","","","","","","","","/Users/jensreil/Zotero/storage/ELZ9CJDZ/Serramazza et al. - 2024 - Improving the Evaluation and Actionability of Explanation Methods for Multivariate Time Series Class.pdf","","","","","","","","","","","","","","","","","","","","","","","","","","","","","","","","","","","","","","","","","","","","","","","","",""
"FVAUV3JX","journalArticle","2024","Xu, Kunpeng; Chen, Lifei; Wang, Shengrui","Kolmogorov-Arnold Networks for Time Series: Bridging Predictive Power and Interpretability","","","","","http://arxiv.org/pdf/2406.02496v1","Kolmogorov-Arnold Networks (KAN) is a groundbreaking model recently proposed by the MIT team, representing a revolutionary approach with the potential to be a game-changer in the field. This innovative concept has rapidly garnered worldwide interest within the AI community. Inspired by the Kolmogorov-Arnold representation theorem, KAN utilizes spline-parametrized univariate functions in place of traditional linear weights, enabling them to dynamically learn activation patterns and significantly enhancing interpretability. In this paper, we explore the application of KAN to time series forecasting and propose two variants: T-KAN and MT-KAN. T-KAN is designed to detect concept drift within time series and can explain the nonlinear relationships between predictions and previous time steps through symbolic regression, making it highly interpretable in dynamically changing environments. MT-KAN, on the other hand, improves predictive performance by effectively uncovering and leveraging the complex relationships among variables in multivariate time series. Experiments validate the effectiveness of these approaches, demonstrating that T-KAN and MT-KAN significantly outperform traditional methods in time series forecasting tasks, not only enhancing predictive accuracy but also improving model interpretability. This research opens new avenues for adaptive forecasting models, highlighting the potential of KAN as a powerful and interpretable tool in predictive analytics.","2024","2025-07-28 09:56:13","2025-08-18 09:15:51","","","","","","","","","","","","","","","","","","","","","","","","/Users/jensreil/Zotero/storage/VRFZ9SRI/Xu et al. - 2024 - Kolmogorov-Arnold Networks for Time Series Bridging Predictive Power and Interpretability.pdf","","","","","","","","","","","","","","","","","","","","","","","","","","","","","","","","","","","","","","","","","","","","","","","","",""
"WPNRFZL9","journalArticle","2024","Oprea, Camelia; Grüne, Mike; Buglowski, Mateusz; Olivier, Lena; Orlikowsky, Thorsten; Kowalewski, Stefan; Schoberer, Mark; Stollenwerk, André","Evaluating the Explainable AI Method Grad-CAM for Breath Classification on Newborn Time Series Data","","","","","http://arxiv.org/pdf/2405.07590v1","With the digitalization of health care systems, artificial intelligence becomes more present in medicine. Especially machine learning shows great potential for complex tasks such as time series classification, usually at the cost of transparency and comprehensibility. This leads to a lack of trust by humans and thus hinders its active usage. Explainable artificial intelligence tries to close this gap by providing insight into the decision-making process, the actual usefulness of its different methods is however unclear. This paper proposes a user study based evaluation of the explanation method Grad-CAM with application to a neural network for the classification of breaths in time series neonatal ventilation data. We present the perceived usefulness of the explainability method by different stakeholders, exposing the difficulty to achieve actual transparency and the wish for more in-depth explanations by many of the participants.","2024","2025-07-28 09:56:13","2025-08-18 09:16:02","","","","","","","","","","","","","","","","","","","","","","","","/Users/jensreil/Zotero/storage/R39UWMTI/Oprea et al. - 2024 - Evaluating the Explainable AI Method Grad-CAM for Breath Classification on Newborn Time Series Data.pdf","","","","","","","","","","","","","","","","","","","","","","","","","","","","","","","","","","","","","","","","","","","","","","","","",""
"XTEKY4KS","journalArticle","2024","Der, Audrey; Yeh, Chin-Chia Michael; Zheng, Yan; Wang, Junpeng; Zhuang, Zhongfang; Wang, Liang; Zhang, Wei; Keogh, Eamonn J.","PUPAE: Intuitive and Actionable Explanations for Time Series Anomalies","","","","","http://arxiv.org/pdf/2401.09489v1","In recent years there has been significant progress in time series anomaly detection. However, after detecting an (perhaps tentative) anomaly, can we explain it? Such explanations would be useful to triage anomalies. For example, in an oil refinery, should we respond to an anomaly by dispatching a hydraulic engineer, or an intern to replace the battery on a sensor? There have been some parallel efforts to explain anomalies, however many proposed techniques produce explanations that are indirect, and often seem more complex than the anomaly they seek to explain. Our review of the literature/checklists/user-manuals used by frontline practitioners in various domains reveals an interesting near-universal commonality. Most practitioners discuss, explain and report anomalies in the following format: The anomaly would be like normal data A, if not for the corruption B. The reader will appreciate that is a type of counterfactual explanation. In this work we introduce a domain agnostic counterfactual explanation technique to produce explanations for time series anomalies. As we will show, our method can produce both visual and text-based explanations that are objectively correct, intuitive and in many circumstances, directly actionable.","2024","2025-07-28 09:56:13","2025-08-18 09:16:14","","","","","","","","","","","","","","","","","","","","","","","","/Users/jensreil/Zotero/storage/EV33I3I4/Der et al. - 2024 - PUPAE Intuitive and Actionable Explanations for Time Series Anomalies.pdf","","","","","","","","","","","","","","","","","","","","","","","","","","","","","","","","","","","","","","","","","","","","","","","","",""
"88SP35NL","journalArticle","2025","Schneider, Steffen; Laiz, Rodrigo González; Filippova, Anastasiia; Frey, Markus; Mathis, Mackenzie Weygandt","Time-series attribution maps with regularized contrastive learning","","","","","http://arxiv.org/pdf/2502.12977v1","Gradient-based attribution methods aim to explain decisions of deep learning models but so far lack identifiability guarantees. Here, we propose a method to generate attribution maps with identifiability guarantees by developing a regularized contrastive learning algorithm trained on time-series data plus a new attribution method called Inverted Neuron Gradient (collectively named xCEBRA). We show theoretically that xCEBRA has favorable properties for identifying the Jacobian matrix of the data generating process. Empirically, we demonstrate robust approximation of zero vs. non-zero entries in the ground-truth attribution map on synthetic datasets, and significant improvements across previous attribution methods based on feature ablation, Shapley values, and other gradient-based methods. Our work constitutes a first example of identifiable inference of time-series attribution maps and opens avenues to a better understanding of timeseries data, such as for neural dynamics and decision-processes within neural networks.","2025","2025-07-28 09:56:13","2025-08-18 09:16:39","","","","","","","","","","","","","","","","","","","","","","","","/Users/jensreil/Zotero/storage/3VPQ5JRT/Schneider et al. - 2025 - Time-series attribution maps with regularized contrastive learning.pdf","","","","","","","","","","","","","","","","","","","","","","","","","","","","","","","","","","","","","","","","","","","","","","","","",""
"IG6NMP92","journalArticle","2025","Todd, Jamie; Jiang, Junqi; Russo, Aaron; Winkler, Steffen; Sale, Stuart; McMillan, Joseph; Rago, Antonio","Explainable Time Series Prediction of Tyre Energy in Formula One Race Strategy","","","","","http://arxiv.org/pdf/2501.04067v1","Formula One (F1) race strategy takes place in a high-pressure and fast-paced environment where split-second decisions can drastically affect race results. Two of the core decisions of race strategy are when to make pit stops (i.e. replace the cars’ tyres) and which tyre compounds (hard, medium or soft, in normal conditions) to select. The optimal pit stop decisions can be determined by estimating the tyre degradation of these compounds, which in turn can be computed from the energy applied to each tyre, i.e. the tyre energy. In this work, we trained deep learning models, using the Mercedes-AMG PETRONAS F1 team’s historic race data consisting of telemetry, to forecast tyre energies during races. Additionally, we fitted XGBoost, a decision tree-based machine learning algorithm, to the same dataset and compared the results, with both giving impressive performance. Furthermore, we incorporated two different explainable AI methods, namely feature importance and counterfactual explanations, to gain insights into the reasoning behind the forecasts. Our contributions thus result in an explainable, automated method which could assist F1 teams in optimising their race strategy.","2025","2025-07-28 09:56:13","2025-08-18 09:16:52","","","","","","","","","","","","","","","","","","","","","","","","/Users/jensreil/Zotero/storage/FYSWD49I/Todd et al. - 2025 - Explainable Time Series Prediction of Tyre Energy in Formula One Race Strategy.pdf","","","","","","","","","","","","","","","","","","","","","","","","","","","","","","","","","","","","","","","","","","","","","","","","",""
"6AQ834HE","journalArticle","2020","Barredo Arrieta, Alejandro; Díaz-Rodríguez, Natalia; Del Ser, Javier; Bennetot, Adrien; Tabik, Siham; Barbado, Alberto; Garcia, Salvador; Gil-Lopez, Sergio; Molina, Daniel; Benjamins, Richard; Chatila, Raja; Herrera, Francisco","Explainable Artificial Intelligence (XAI): Concepts, taxonomies, opportunities and challenges toward responsible AI","Information Fusion","","1566-2535","10.1016/j.inffus.2019.12.012","https://www.sciencedirect.com/science/article/pii/S1566253519308103","In the last few years, Artificial Intelligence (AI) has achieved a notable momentum that, if harnessed appropriately, may deliver the best of expectations over many application sectors across the field. For this to occur shortly in Machine Learning, the entire community stands in front of the barrier of explainability, an inherent problem of the latest techniques brought by sub-symbolism (e.g. ensembles or Deep Neural Networks) that were not present in the last hype of AI (namely, expert systems and rule based models). Paradigms underlying this problem fall within the so-called eXplainable AI (XAI) field, which is widely acknowledged as a crucial feature for the practical deployment of AI models. The overview presented in this article examines the existing literature and contributions already done in the field of XAI, including a prospect toward what is yet to be reached. For this purpose we summarize previous efforts made to define explainability in Machine Learning, establishing a novel definition of explainable Machine Learning that covers such prior conceptual propositions with a major focus on the audience for which the explainability is sought. Departing from this definition, we propose and discuss about a taxonomy of recent contributions related to the explainability of different Machine Learning models, including those aimed at explaining Deep Learning methods for which a second dedicated taxonomy is built and examined in detail. This critical literature analysis serves as the motivating background for a series of challenges faced by XAI, such as the interesting crossroads of data fusion and explainability. Our prospects lead toward the concept of Responsible Artificial Intelligence, namely, a methodology for the large-scale implementation of AI methods in real organizations with fairness, model explainability and accountability at its core. Our ultimate goal is to provide newcomers to the field of XAI with a thorough taxonomy that can serve as reference material in order to stimulate future research advances, but also to encourage experts and professionals from other disciplines to embrace the benefits of AI in their activity sectors, without any prior bias for its lack of interpretability.","2020-06-01","2025-07-30 13:42:41","2025-07-30 13:42:41","2025-07-30 13:42:41","82-115","","","58","","Information Fusion","Explainable Artificial Intelligence (XAI)","","","","","","","","","","","","ScienceDirect","","","","/Users/jensreil/Zotero/storage/RNKR6EG2/Barredo Arrieta et al. - 2020 - Explainable Artificial Intelligence (XAI) Concepts, taxonomies, opportunities and challenges toward.pdf; /Users/jensreil/Zotero/storage/RD68UMFF/S1566253519308103.html","","","Accountability; Comprehensibility; Data Fusion; Deep Learning; Explainable Artificial Intelligence; Fairness; Interpretability; Machine Learning; Privacy; Responsible Artificial Intelligence; Transparency","","","","","","","","","","","","","","","","","","","","","","","","","","","","","","","","","","","","","","","","","","","","","",""