Covidence #,Study ID,Title,Reviewer Name,Study ID (dup),Title (dup),Journal Subject Area (Scimago classification),What is the type of study?,What are the objectives of the study?,Which RL technique is used?,Which finance application is tested?,What are the stated key results of the study?,What are the stated limitations of the study?,What asset classes are in the dataset?,What are the number of assets in the dataset?,What is the nature of the asset price dataset?,What is the granularity of the price dataset?,What is the format of the price dataset?,What other datasets are used in the study?,What is the time frame of time series data used?:,Date Start,Date End,Is all used and produced data made publicly available and referred to in the article?,Which continents are represented in the price dataset?,Is dataset quality discussed in article?,Is out-of-sample testing applied?,Was the model tested on diverse test sets?,Was the model tested across different datasets or applications?,Is the non-stationarity problem of financial markets explicitly addressed?,Are all performance results published to avoid post-selection?,Is the process of hyperparameter tuning explicitly described?,Which evaluation metrics are used?,Are results validated using statistical tests or confidence intervals?,Is the code or workflow made publicly available and referred to?,What is the implementation status?,Does the study conduct a benchmark?,What is the model benchmarked against?,Is a standard dataset used for all models?,Does study mention Transfer Learning or similar method as potential avenue for research?,Does study mention alternative generalization methods?,Does the study propose a framework to structure RL research in finance?
496,Chen 2024,Portfolio Allocation with Dynamic Risk Preferences via Reinforcement Learning,Mathis Jander,Chen2024b,Portfolio Allocation with Dynamic Risk Preferences via Reinforcement Learning,"Computer Science; Economics, Econometrics and Finance",Primary,"The paper proposes a reinforcement learning (RL) model integrated with the mean-variance model to dynamically adjust investors' risk preferences over time.
It aims to outperform static risk preference models and the buy-and-hold strategy in portfolio allocation",Policy-based Method,Portfolio Management,"The RL-based portfolio outperformed both the buy-and-hold strategy and fixed risk preference portfolios.
The Sharpe ratio and Sortino ratio were significantly higher compared to baseline models.
The RL model effectively adjusted risk preference parameters during periods of high market volatility",none,Equity (Stocks),50,Real-world Data,Daily,Time Series,Market Data,,25.06.2003,19.03.2021,No,Asia,No,Yes,None,No,No,No,No,"Sharpe ratio; Other: Sortino ratio, Cumulated return",No,No,Simulation-based,Yes,Market Indexes; Algorithmic Baselines,Yes,No,No,No
496,Chen 2024,Portfolio Allocation with Dynamic Risk Preferences via Reinforcement Learning,Consensus,Chen2024b,Portfolio Allocation with Dynamic Risk Preferences via Reinforcement Learning,"Computer Science; Economics, Econometrics and Finance",Primary,"The paper proposes a reinforcement learning (RL) model integrated with the mean-variance model to dynamically adjust investors' risk preferences over time.
It aims to outperform static risk preference models and the buy-and-hold strategy in portfolio allocation",Policy-based Method,Portfolio Management,"The RL-based portfolio outperformed both the buy-and-hold strategy and fixed risk preference portfolios.
The Sharpe ratio and Sortino ratio were significantly higher compared to baseline models.
The RL model effectively adjusted risk preference parameters during periods of high market volatility",none,Equity (Stocks),50,Real-world Data,Daily,Time Series,Market Data,,25.06.2003,19.03.2021,No,Asia,No,Yes,None,No,No,No,No,"Sharpe ratio; Other: Sortino ratio, Cumulated return",No,No,Simulation-based,Yes,Market Indexes; Algorithmic Baselines,Yes,No,No,No
488,Hambly 2023,Recent advances in reinforcement learning in finance,Mathis Jander,Hambly2023,Recent advances in reinforcement learning in finance,"Business, Management and Accounting; Economics, Econometrics and Finance; Mathematics; Social Sciences",Secondary,"To review recent advancements in reinforcement learning (RL) applied to finance.
To introduce Markov Decision Processes (MDP) as a foundation for RL in finance.
To discuss the applications of RL in financial decision-making, including optimal execution, portfolio optimization, option pricing, market making, smart order routing, and robo-advising​.",Other: n.a.,Other: n.a.,"RL has shown significant promise in adapting to financial environments with large data availability and fewer model assumptions.
Deep RL methods have been increasingly used due to advances in computational power.
RL techniques outperform classical stochastic control models in financial tasks requiring adaptive decision-making.",none,Other: n.a.,n.a.,Other: n.a.,Other: n.a.,Other: n.a.,Other: n.a.,,-,-,No,,No,No,Other: n.a.,No,Yes,No,No,Other: n.a.,No,No,Simulation-based,No,Other: n.a.,n/a,Yes,Yes,Yes
488,Hambly 2023,Recent advances in reinforcement learning in finance,Consensus,Hambly2023,Recent advances in reinforcement learning in finance,"Business, Management and Accounting; Economics, Econometrics and Finance; Mathematics; Social Sciences",Secondary,"To review recent advancements in reinforcement learning (RL) applied to finance.
To introduce Markov Decision Processes (MDP) as a foundation for RL in finance.
To discuss the applications of RL in financial decision-making, including optimal execution, portfolio optimization, option pricing, market making, smart order routing, and robo-advising​.",Other: n.a.,Other: n.a.,"RL has shown significant promise in adapting to financial environments with large data availability and fewer model assumptions.
Deep RL methods have been increasingly used due to advances in computational power.
RL techniques outperform classical stochastic control models in financial tasks requiring adaptive decision-making.",none,Other: n.a.,n.a.,Other: n.a.,Other: n.a.,Other: n.a.,Other: n.a.,,-,-,No,,No,No,Other: n.a.,No,Yes,No,No,Other: n.a.,No,No,Simulation-based,No,Other: n.a.,n/a,Yes,Yes,Yes
485,Barbieri 2020,Discrete-Event Simulation-Based Q-Learning Algorithm Applied to Financial Leverage Effect,Mathis Jander,Barbieri 2020,"Discrete‑Event Simulation‑Based Q‑Learning Algorithm Applied to Financial Leverage Effect
",Computer Science,Primary,Combine discrete-event simulation with RL for financial applications,Value-based Method,Portfolio Management,showcasing benefits of discrete-event simulation for RL application,none,Equity (Stocks),3,Real-world Data,Daily,Time Series,None,,01.02.1991,07.05.20219,No,Europe; North America,No,No,None,No,No,No,No,PnL,No,No,Simulation-based,No,n/a,n/a,No,No,No
485,Barbieri 2020,Discrete-Event Simulation-Based Q-Learning Algorithm Applied to Financial Leverage Effect,Consensus,Barbieri 2020,"Discrete‑Event Simulation‑Based Q‑Learning Algorithm Applied to Financial Leverage Effect
",Computer Science,Primary,Combine discrete-event simulation with RL for financial applications,Value-based Method,Portfolio Management,showcasing benefits of discrete-event simulation for RL application,none,Equity (Stocks),3,Real-world Data,Daily,Time Series,None,,01.02.1991,07.05.20219,No,Europe; North America,No,No,None,No,No,No,No,PnL,No,No,Simulation-based,No,n/a,n/a,No,No,No
477,Li 2021,Take Bitcoin into your portfolio: a novel ensemble portfolio optimization framework for broad commodity assets,Mathis Jander,Li2021,Take Bitcoin into your portfolio: a novel ensemble portfolio optimization framework for broad commodity assets,"Business, Management and Accounting; Economics, Econometrics and Finance",Primary,Design a novel ensemble portfolio optimization (NEPO) framework,Other: not defined,Portfolio Management,"Extended broad commodity asset pool by including bitcoin.
Proposed model with continuous action space for allocation weights.","Framework only uses structured data as input.
Do not consider associated costs like inflation and management costs.",Equity (Stocks); Commodity; Crypto,5,Real-world Data,Daily,Time Series,None,,02.01.2013,21.02.2020,No,Africa; Asia; Australia and Oceania; Europe; North America; South America,No,No,None,No,Yes,Yes,Yes,"Sharpe ratio; Other: Return, Volatility, MSE, MAE, RMSE, Directional Accuracy",No,No,Simulation-based,Yes,Market Indexes; Random or Naive Strategies,Yes,No,No,No
477,Li 2021,Take Bitcoin into your portfolio: a novel ensemble portfolio optimization framework for broad commodity assets,Consensus,Li2021,Take Bitcoin into your portfolio: a novel ensemble portfolio optimization framework for broad commodity assets,"Business, Management and Accounting; Economics, Econometrics and Finance",Primary,Design a novel ensemble portfolio optimization (NEPO) framework,Other: not defined,Portfolio Management,"Extended broad commodity asset pool by including bitcoin.
Proposed model with continuous action space for allocation weights.","Framework only uses structured data as input.
Do not consider associated costs like inflation and management costs.",Equity (Stocks); Commodity; Crypto,5,Real-world Data,Daily,Time Series,None,,02.01.2013,21.02.2020,No,Africa; Asia; Australia and Oceania; Europe; North America; South America,No,No,None,No,Yes,Yes,Yes,"Sharpe ratio; Other: Return, Volatility, MSE, MAE, RMSE, Directional Accuracy",No,No,Simulation-based,Yes,Market Indexes; Random or Naive Strategies,Yes,No,No,No
461,Song 2024,Developing an investment method for securities with reinforcement learning,Mathis Jander,Song2024,Developing an Investment Method for Securities With Reinforcement Learning,"Computer Science, Engineering, Materials Science",Primary,Propose and empirically test an investment strategy combining RL agents and SVM-based selection logic.,Actor-Critic Method,Portfolio Management,"Introduced analytical approach to assess risk preference types of RL agents and categorise agents based in their risk preference.
Presented method for classifying agent holding strategies.
Validated effectiveness of approach through experiments.","Ability to adapt to high dimension and rapidly changing market conditions.
Reliance on static classification boundaries.",Equity (Stocks),60,Real-world Data,Daily,Time Series,Market Data,,01.01.2010,01.01.2020,No,North America,No,Yes,Different time series; Different timeframes,No,No,Yes,Yes,"Sharpe ratio; Max drawdown; Other: Calmar ratio, Cumulative returns",No,No,Simulation-based,Yes,Algorithmic Baselines; State of the Art Algorithms,Yes,No,Yes,No
461,Song 2024,Developing an investment method for securities with reinforcement learning,Consensus,Song2024,Developing an Investment Method for Securities With Reinforcement Learning,"Computer Science, Engineering, Materials Science",Primary,Propose and empirically test an investment strategy combining RL agents and SVM-based selection logic.,Actor-Critic Method,Portfolio Management,"Introduced analytical approach to assess risk preference types of RL agents and categorise agents based in their risk preference.
Presented method for classifying agent holding strategies.
Validated effectiveness of approach through experiments.","Ability to adapt to high dimension and rapidly changing market conditions.
Reliance on static classification boundaries.",Equity (Stocks),60,Real-world Data,Daily,Time Series,Market Data,,01.01.2010,01.01.2020,No,North America,No,Yes,Different time series; Different timeframes,No,No,Yes,Yes,"Sharpe ratio; Max drawdown; Other: Calmar ratio, Cumulative returns",No,No,Simulation-based,Yes,Algorithmic Baselines; State of the Art Algorithms,Yes,No,Yes,No
460,Muminov 2024,Enhanced Bitcoin Price Direction Forecasting With DQN,Mathis Jander,Muminov2024,Enhanced Bitcoin Price Direction Forecasting With DQN,"Computer Science, Engineering, Materials Science",Primary,Develop a DQN-based model for Bitcoin price direction forecasting.,Value-based Method,Other: Price Direction Forecasting,"Assembled dataset capturing Bitcoin ecosystem.
Ranked features with largest correlation to price direction changes.
Developed a reward function designed to enhance prediction of Bitcoin price movements.","Possibly overlooked influential data sources.
Overestimation bias of DQN.
Magnitude of price changes not considered.
Limited to Bitcoin.
Did not simulate complexities of real-world trading environments.",Currency,1,Real-world Data,Other: Hourly,Time Series,Market Data; Social Media Data; Other: Search Data,,01.04.2018,14.11.2018,No,Africa; Asia; Australia and Oceania; Europe; North America; South America,No,Yes,Different timeframes,No,No,Yes,No,"Other: F1, Precision, Recall, Confusion matrix",No,No,Simulation-based,Yes,State of the Art Algorithms,Yes,Yes,No,No
460,Muminov 2024,Enhanced Bitcoin Price Direction Forecasting With DQN,Consensus,Muminov2024,Enhanced Bitcoin Price Direction Forecasting With DQN,"Computer Science, Engineering, Materials Science",Primary,Develop a DQN-based model for Bitcoin price direction forecasting.,Value-based Method,Other: Price Direction Forecasting,"Assembled dataset capturing Bitcoin ecosystem.
Ranked features with largest correlation to price direction changes.
Developed a reward function designed to enhance prediction of Bitcoin price movements.","Possibly overlooked influential data sources.
Overestimation bias of DQN.
Magnitude of price changes not considered.
Limited to Bitcoin.
Did not simulate complexities of real-world trading environments.",Currency,1,Real-world Data,Other: Hourly,Time Series,Market Data; Social Media Data; Other: Search Data,,01.04.2018,14.11.2018,No,Africa; Asia; Australia and Oceania; Europe; North America; South America,No,Yes,Different timeframes,No,No,Yes,No,"Other: F1, Precision, Recall, Confusion matrix",No,No,Simulation-based,Yes,State of the Art Algorithms,Yes,Yes,No,No
409,Shahbazi 2021,Improving the cryptocurrency price prediction performance based on reinforcement learning,Mathis Jander,Shahzabi2021,Improving the Cryptocurrency Price Prediction Performance Based on Reinforcement Learning,"Computer Science, Decision Sciences, Engineering, Mathematics",Primary,Develop an RL-based model to predict the prices of Litecoin and Monero.,Other: not specified,Other: Price Prediction,"Applied RL to predict prices for Monero and Litecoin.
Evaluated proposed system.
Used blockchain framework to create environment for price prediction.",none,Crypto,2,Real-world Data,Daily,Time Series,Market Data; Social Media Data; Other: Search Trend Data,,01.01.2015,31.12.2020,No,Africa; Asia; Australia and Oceania; Europe; North America; South America,No,Yes,Different time series,No,No,Yes,No,"Other: MSE, RMSE, MAE, MAPE",No,No,Simulation-based,No,n/a,n/a,No,No,No
409,Shahbazi 2021,Improving the cryptocurrency price prediction performance based on reinforcement learning,Consensus,Shahzabi2021,Improving the Cryptocurrency Price Prediction Performance Based on Reinforcement Learning,"Computer Science, Decision Sciences, Engineering, Mathematics",Primary,Develop an RL-based model to predict the prices of Litecoin and Monero.,Other: not specified,Other: Price Prediction,"Applied RL to predict prices for Monero and Litecoin.
Evaluated proposed system.
Used blockchain framework to create environment for price prediction.",none,Crypto,2,Real-world Data,Daily,Time Series,Market Data; Social Media Data; Other: Search Trend Data,,01.01.2015,31.12.2020,No,Africa; Asia; Australia and Oceania; Europe; North America; South America,No,Yes,Different time series,No,No,Yes,No,"Other: MSE, RMSE, MAE, MAPE",No,No,Simulation-based,No,n/a,n/a,No,No,No
399,Li 2023,Optimal liquidation of foreign currencies when FX rates follow a generalised Ornstein-Uhlenbeck process,Mathis Jander,Li2023b,Optimal liquidation of foreign currencies when FX rates follow a generalised Ornstein-Uhlenbeck process,Computer Science,Primary,Solve the foreign currency liquidation problem.,Value-based Method; Policy-based Method,Optimal Order Execution,"Developed new algorithm that is quasi-optimal, outperforms state-of-the-art DRL approaches and is simpler and runs faster SDP.",none,Currency,3,Mixed,Daily,Time Series,None,,04.01.2000,29.01.2019,No,Asia; Europe; North America,No,Yes,Different time series; Different timeframes,No,No,Yes,Yes,Other: Liquidation optimality,No,No,Simulation-based,Yes,Random or Naive Strategies; Algorithmic Baselines; State of the Art Algorithms,Yes,No,Yes,No
399,Li 2023,Optimal liquidation of foreign currencies when FX rates follow a generalised Ornstein-Uhlenbeck process,Consensus,Li2023b,Optimal liquidation of foreign currencies when FX rates follow a generalised Ornstein-Uhlenbeck process,Computer Science,Primary,Solve the foreign currency liquidation problem.,Value-based Method; Policy-based Method,Optimal Order Execution,"Developed new algorithm that is quasi-optimal, outperforms state-of-the-art DRL approaches and is simpler and runs faster SDP.",none,Currency,3,Mixed,Daily,Time Series,None,,04.01.2000,29.01.2019,No,Asia; Europe; North America,No,Yes,Different time series; Different timeframes,No,No,Yes,Yes,Other: Liquidation optimality,No,No,Simulation-based,Yes,Random or Naive Strategies; Algorithmic Baselines; State of the Art Algorithms,Yes,No,Yes,No
395,Carta 2021,A multi-layer and multi-ensemble stock trader using deep learning and deep reinforcement learning,Mathis Jander,Carta 2020,A multi‑layer and multi‑ensemble stock trader using deep learning and deep reinforcement learning,Computer Science,Primary,"To design a multi-layer, multi-ensemble stock trader that integrates deep learning and deep reinforcement learning;To generate robust trading signals by first processing stock price time series into images (using Gramian Angular Field techniques) and stacking decisions from hundreds of CNNs; To use a reinforcement learning meta-learner (based on deep Q-learning with target and dueling networks) that fuses these CNN outputs into trading decisions; To further ensemble decisions through a majority voting mechanism for enhanced robustness; To validate the proposed approach against baselines and literature competitors in real-world intraday trading scenarios.",Value-based Method,Algorithmic Trading,"The proposed multi-layer and multi-ensemble approach outperforms all the considered baselines and literature competitors, including conventional Buy‑and‑Hold.; It achieves a final return improvement of approximately 28.78% over the best non‑RL baseline, with a risk-adjusted return (RoMaD) of 5.70 (i.e., returns are 5.70 times the risk assumed).; The RL-ensemble meta-learner yields robust final decisions by effectively combining the outputs of multiple CNN-based predictors through iterative ensembling.","The method’s complexity and the need for extensive hyperparameter tuning (e.g., optimizer choices, exploration–exploitation balance, activation functions) are acknowledged.; Some configurations (e.g., very high agreement thresholds) can lead to excessively low market participation (coverage), thereby reducing performance.; The authors note potential overfitting issues and suggest that adding recurrent layers (such as LSTMs) might further improve results.",Equity (Stocks); Derivative,3,Real-world Data,Other: Hourly,Time Series,None,,2007,2019,Yes,North America,No,Yes,Different time series,No,No,Yes,Yes,"Max drawdown; Other: Coverage, Precision, Return, Return over maximum drawdown",No,Yes,Simulation-based,Yes,Random or Naive Strategies; Algorithmic Baselines; State of the Art Algorithms,Yes,No,Yes,No
395,Carta 2021,A multi-layer and multi-ensemble stock trader using deep learning and deep reinforcement learning,Consensus,Carta 2021a,A multi‑layer and multi‑ensemble stock trader using deep learning and deep reinforcement learning,Computer Science,Primary,"To design a multi-layer, multi-ensemble stock trader that integrates deep learning and deep reinforcement learning;To generate robust trading signals by first processing stock price time series into images (using Gramian Angular Field techniques) and stacking decisions from hundreds of CNNs; To use a reinforcement learning meta-learner (based on deep Q-learning with target and dueling networks) that fuses these CNN outputs into trading decisions; To further ensemble decisions through a majority voting mechanism for enhanced robustness; To validate the proposed approach against baselines and literature competitors in real-world intraday trading scenarios.",Value-based Method,Algorithmic Trading,"The proposed multi-layer and multi-ensemble approach outperforms all the considered baselines and literature competitors, including conventional Buy‑and‑Hold.; It achieves a final return improvement of approximately 28.78% over the best non‑RL baseline, with a risk-adjusted return (RoMaD) of 5.70 (i.e., returns are 5.70 times the risk assumed).; The RL-ensemble meta-learner yields robust final decisions by effectively combining the outputs of multiple CNN-based predictors through iterative ensembling.","The method’s complexity and the need for extensive hyperparameter tuning (e.g., optimizer choices, exploration–exploitation balance, activation functions) are acknowledged.; Some configurations (e.g., very high agreement thresholds) can lead to excessively low market participation (coverage), thereby reducing performance.; The authors note potential overfitting issues and suggest that adding recurrent layers (such as LSTMs) might further improve results.",Equity (Stocks); Derivative,3,Real-world Data,Other: Hourly,Time Series,None,,2007,2019,Yes,North America,No,Yes,Different time series,No,No,Yes,Yes,"Max drawdown; Other: Coverage, Precision, Return, Return over maximum drawdown",No,Yes,Simulation-based,Yes,Random or Naive Strategies; Algorithmic Baselines; State of the Art Algorithms,Yes,No,Yes,No
359,Dai 2023,Learning equilibrium mean-variance strategy,Mathis Jander,Dai2023,Learning equilibrium mean-variance strategy,"Business, Management and Accounting; Economics, Econometrics and Finance; Mathematics; Social Sciences",Primary,The study develops a reinforcement learning (RL) framework for dynamic mean-variance portfolio optimization by introducing an entropy regularizer to induce exploration.,Value-based Method,Portfolio Management,"Extension of exploratory stochastic control framework to an incomplete market.
Obtain a semi-analytical solution for the equilibrium log-MV problem under the exploratory framework in the incomplete market.
First to study policy in time-inconsistent problems in terms of RL.","Dynamic programming principle fails for with an equilibrium policy.
Can not handle some time-inconsistent risk-aware objectives.",Other: Simulated Time Series,1,Synthetic Data,Other: n.a.,Time Series,None,,-,-,No,,Yes,Yes,None,No,No,Yes,No,Other: Expected Return,No,No,Simulation-based,Yes,Algorithmic Baselines,Yes,No,No,No
359,Dai 2023,Learning equilibrium mean-variance strategy,Consensus,Dai2023,Learning equilibrium mean-variance strategy,"Business, Management and Accounting; Economics, Econometrics and Finance; Mathematics; Social Sciences",Primary,The study develops a reinforcement learning (RL) framework for dynamic mean-variance portfolio optimization by introducing an entropy regularizer to induce exploration.,Value-based Method,Portfolio Management,"Extension of exploratory stochastic control framework to an incomplete market.
Obtain a semi-analytical solution for the equilibrium log-MV problem under the exploratory framework in the incomplete market.
First to study policy in time-inconsistent problems in terms of RL.","Dynamic programming principle fails for with an equilibrium policy.
Can not handle some time-inconsistent risk-aware objectives.",Other: Simulated Time Series,1,Synthetic Data,Other: n.a.,Time Series,None,,-,-,No,,Yes,Yes,None,No,No,Yes,No,Other: Expected Return,No,No,Simulation-based,Yes,Algorithmic Baselines,Yes,No,No,No
353,Huang 2023,DADE-DQN: Dual Action and Dual Environment Deep Q-Network for Enhancing Stock Trading Strategy,Mathis Jander,Huang2023,DADE-DQN: Dual Action and Dual Environment Deep Q-Network for Enhancing Stock Trading Strategy,"Computer Science, Engineering, Mathematics",Primary,"Develop DADE-DQN, an enhanced Deep Q-Network (DQN) model for stock trading.",Value-based Method,Algorithmic Trading,"Proposed novel DRL model.
Optimized utilization of storage transitions.
Introduced novel architecture combining LSTMs and attention mechanisms.
Proposed innovative feature selection method.
Demonstrated excellent performance on benchmark.",none,Equity (Stocks),6,Real-world Data,Daily,Time Series,None,,01.01.2007,31.12.2022,No,Asia; Europe; North America,No,Yes,Different time series,No,No,Yes,No,"Sharpe ratio; Max drawdown; Other: Cumulative return, Annualized return",No,No,Simulation-based,Yes,Random or Naive Strategies; Algorithmic Baselines; State of the Art Algorithms,Yes,No,Yes,No
353,Huang 2023,DADE-DQN: Dual Action and Dual Environment Deep Q-Network for Enhancing Stock Trading Strategy,Consensus,Huang2023,DADE-DQN: Dual Action and Dual Environment Deep Q-Network for Enhancing Stock Trading Strategy,"Computer Science, Engineering, Mathematics",Primary,"Develop DADE-DQN, an enhanced Deep Q-Network (DQN) model for stock trading.",Value-based Method,Algorithmic Trading,"Proposed novel DRL model.
Optimized utilization of storage transitions.
Introduced novel architecture combining LSTMs and attention mechanisms.
Proposed innovative feature selection method.
Demonstrated excellent performance on benchmark.",none,Equity (Stocks),6,Real-world Data,Daily,Time Series,None,,01.01.2007,31.12.2022,No,Asia; Europe; North America,No,Yes,Different time series,No,No,Yes,No,"Sharpe ratio; Max drawdown; Other: Cumulative return, Annualized return",No,No,Simulation-based,Yes,Random or Naive Strategies; Algorithmic Baselines; State of the Art Algorithms,Yes,No,Yes,No
340,Guarino 2022,"To learn or not to learn? Evaluating autonomous, adaptive, automated traders in cryptocurrencies financial bubbles",Mathis Jander,Guarino2022,"To learn or not to learn? Evaluating autonomous, adaptive, automated traders in cryptocurrencies financial bubbles",Computer Science,Primary,To analyze how different autonomous trading agents (Zero/Minimal Intelligence and Computational Intelligence-based) behave during cryptocurrency financial bubbles.,Actor-Critic Method,Algorithmic Trading,"Zero/Minimal Intelligence (ZI/MI) agents were more explainable, particularly for identifying bubbles based on volatility.
Computational Intelligence (CI) agents, including RL-based methods, performed better during the investment phase but were less explainable.
GGSMZ, a neuro-fuzzy trading agent, outperformed all other tested agents and is proposed as a decision-support tool for investors​","No hyperparameter tuning done.
Limited to Bitcoin and Ethereum.
",Crypto,2,Real-world Data,Daily,Time Series,,,01.01.2015,31.12.2021,No,Africa; Asia; Australia and Oceania; Europe; North America; South America,No,Yes,Different time series; Different timeframes,No,No,No,No,"Sharpe ratio; Max drawdown; Other: Return in %, Sortino ratio, Omega ratio, Volatility in %",No,No,Simulation-based,Yes,Market Indexes; Random or Naive Strategies; State of the Art Algorithms,Yes,No,No,No
340,Guarino 2022,"To learn or not to learn? Evaluating autonomous, adaptive, automated traders in cryptocurrencies financial bubbles",Consensus,Guarino2022,"To learn or not to learn? Evaluating autonomous, adaptive, automated traders in cryptocurrencies financial bubbles",Computer Science,Primary,To analyze how different autonomous trading agents (Zero/Minimal Intelligence and Computational Intelligence-based) behave during cryptocurrency financial bubbles.,Actor-Critic Method,Algorithmic Trading,"Zero/Minimal Intelligence (ZI/MI) agents were more explainable, particularly for identifying bubbles based on volatility.
Computational Intelligence (CI) agents, including RL-based methods, performed better during the investment phase but were less explainable.
GGSMZ, a neuro-fuzzy trading agent, outperformed all other tested agents and is proposed as a decision-support tool for investors​","No hyperparameter tuning done.
Limited to Bitcoin and Ethereum.
",Crypto,2,Real-world Data,Daily,Time Series,None,,01.01.2015,31.12.2021,No,Africa; Asia; Australia and Oceania; Europe; North America; South America,No,Yes,Different time series; Different timeframes,No,No,No,No,"Sharpe ratio; Max drawdown; Other: Return in %, Sortino ratio, Omega ratio, Volatility in %",No,No,Simulation-based,Yes,Market Indexes; Random or Naive Strategies; State of the Art Algorithms,Yes,No,No,No
326,Kalina 2024,Enhancing Portfolio Performance through Financial Time-Series Decomposition-Based Variational Encoder-Decoder Data Augmentation,Mathis Jander,Kalina2024,Enhancing Portfolio Performance through Financial Time-Series Decomposition-Based Variational Encoder-Decoder Data Augmentation,"Chemistry, Computer Science, Mathematics, Physics and Astronomy",Primary,Propose financial time-series decomposition-based variational encoder-decoder (FED) data augmentation to overcome uncertainty deficiency and insufficient training data.,Actor-Critic Method,Portfolio Management,"Introduced financial time series augmentation.
Proposed diversification approach to enhance the efficiency of RL algorithms.",none,Equity (Stocks); Other: Bond Funds,6,Real-world Data,Daily,Time Series,None,,01.01.2010,31.12.2022,No,Asia; Europe; North America,No,Yes,Different time series,No,Yes,Yes,No,"Sharpe ratio; Max drawdown; Other: Expected portfolio return, Standard deviation of portfolio returns",No,No,Simulation-based,Yes,Random or Naive Strategies; Algorithmic Baselines; State of the Art Algorithms,Yes,Yes,Yes,No
326,Kalina 2024,Enhancing Portfolio Performance through Financial Time-Series Decomposition-Based Variational Encoder-Decoder Data Augmentation,Consensus,Kalina2024,Enhancing Portfolio Performance through Financial Time-Series Decomposition-Based Variational Encoder-Decoder Data Augmentation,"Chemistry, Computer Science, Mathematics, Physics and Astronomy",Primary,Propose financial time-series decomposition-based variational encoder-decoder (FED) data augmentation to overcome uncertainty deficiency and insufficient training data.,Actor-Critic Method,Portfolio Management,"Introduced financial time series augmentation.
Proposed diversification approach to enhance the efficiency of RL algorithms.",none,Equity (Stocks); Other: Bond Funds,6,Real-world Data,Daily,Time Series,None,,01.01.2010,31.12.2022,No,Asia; Europe; North America,No,Yes,Different time series,No,Yes,Yes,No,"Sharpe ratio; Max drawdown; Other: Expected portfolio return, Standard deviation of portfolio returns",No,No,Simulation-based,Yes,Random or Naive Strategies; Algorithmic Baselines; State of the Art Algorithms,Yes,Yes,Yes,No
313,Anuradha 2021,Big data based stock trend prediction using deep CNN with reinforcement-LSTM model,Mathis Jander,Anuradha 2021,Big data based stock trend prediction using deep CNN with reinforcement-LSTM model,"Business Management and Accounting, Engineering",Primary,Develop effective stock price prediction based on big data,Value-based Method,Other: Stock Price Prediction,Proposed model outperforms benchmark models,none,Equity (Stocks),4,Real-world Data,Daily,Time Series,None,,01.01.2000,31.12.2019,No,Asia; Europe; North America,No,No,Different time series,No,No,,,"Other: MAPE, Average relative variance",No,No,Simulation-based,Yes,Algorithmic Baselines,Yes,No,No,No
313,Anuradha 2021,Big data based stock trend prediction using deep CNN with reinforcement-LSTM model,Consensus,Anuradha 2021,Big data based stock trend prediction using deep CNN with reinforcement-LSTM model,"Business Management and Accounting, Engineering",Primary,Develop effective stock price prediction based on big data,Value-based Method,Other: Stock Price Prediction,Proposed model outperforms benchmark models,none,Equity (Stocks),4,Real-world Data,Daily,Time Series,None,,01.01.2000,31.12.2019,No,Asia; Europe; North America,No,No,Different time series,No,No,Yes,Yes,"Other: MAPE, Average relative variance",No,No,Simulation-based,Yes,Algorithmic Baselines,Yes,No,No,No
306,Harnpadungkij 2022,Risk-Sensitive Portfolio Management by Using C51 Algorithm,Mathis Jander,Harnpadungkij2022,Risk-Sensitive Portfolio Management by Using C51 Algorithm,"Biochemistry, Genetics and Molecular Biology; Chemistry; Material Science; Mathematics; Physics and Astronomy",Primary,To develop a risk-sensitive reinforcement learning (RL) trading strategy using the C51 algorithm.,Value-based Method,Portfolio Management,"First paper to investigate distributional RL in a financial application.
Conducts experiment to establish best training approach for distributional RL trading agents.",Study is limited to a two-stock portfolio.,Equity (Stocks),20,Real-world Data,Daily,Time Series,Market Data,,01.01.2000,31.03.2020,No,North America,No,Yes,None,No,No,Yes,No,Sharpe ratio; PnL; Max drawdown,Yes,No,Simulation-based,Yes,Random or Naive Strategies; State of the Art Algorithms,Yes,No,No,No
306,Harnpadungkij 2022,Risk-Sensitive Portfolio Management by Using C51 Algorithm,Consensus,Harnpadungkij2022,Risk-Sensitive Portfolio Management by Using C51 Algorithm,"Biochemistry, Genetics and Molecular Biology; Chemistry; Material Science; Mathematics; Physics and Astronomy",Primary,To develop a risk-sensitive reinforcement learning (RL) trading strategy using the C51 algorithm.,Value-based Method,Portfolio Management,"First paper to investigate distributional RL in a financial application.
Conducts experiment to establish best training approach for distributional RL trading agents.",Study is limited to a two-stock portfolio.,Equity (Stocks),20,Real-world Data,Daily,Time Series,Market Data,,01.01.2000,31.03.2020,No,North America,No,Yes,None,No,No,Yes,No,Sharpe ratio; PnL; Max drawdown,Yes,No,Simulation-based,Yes,Random or Naive Strategies; State of the Art Algorithms,Yes,No,No,No
300,Song 2025,Reinforcement learning-based portfolio optimization with deterministic state transition,Mathis Jander,Song2025,Reinforcement learning-based portfolio optimization with deterministic state transition,"Computer Science, Decision Sciences, Engineering, Mathematics",Primary,Improve portfolio strategy robustness and profitability on cryptocurrency datasets.,Policy-based Method,Portfolio Management,"Introduced RL framework which divides portfolio optimization task into prediction and profit policy.
Proposed patch-wise correlation modelling method for financial assets.
Used attribute based gating unit to determine which attributes affect other assets.
Provided superior investment strategies in experiments.",none,Crypto,37,Real-world Data,Other: 30 Minute,Time Series,Market Data,,01.07.2015,31.07.2018,No,Africa; Asia; Australia and Oceania; Europe; North America; South America,Yes,Yes,Different time series; Different timeframes,No,No,Yes,No,"Sharpe ratio; Other: Calmar ratio, Accumulated portfolio value",No,No,Simulation-based,Yes,Market Indexes; Random or Naive Strategies; Algorithmic Baselines; State of the Art Algorithms,Yes,No,No,No
300,Song 2025,Reinforcement learning-based portfolio optimization with deterministic state transition,Consensus,Song2025,Reinforcement learning-based portfolio optimization with deterministic state transition,"Computer Science, Decision Sciences, Engineering, Mathematics",Primary,Improve portfolio strategy robustness and profitability on cryptocurrency datasets.,Policy-based Method,Portfolio Management,"Introduced RL framework which divides portfolio optimization task into prediction and profit policy.
Proposed patch-wise correlation modelling method for financial assets.
Used attribute based gating unit to determine which attributes affect other assets.
Provided superior investment strategies in experiments.",none,Crypto,37,Real-world Data,Other: 30 Minute,Time Series,Market Data,,01.07.2015,31.07.2018,No,Africa; Asia; Australia and Oceania; Europe; North America; South America,Yes,Yes,Different time series; Different timeframes,No,No,Yes,No,"Sharpe ratio; Other: Calmar ratio, Accumulated portfolio value",No,No,Simulation-based,Yes,Market Indexes; Random or Naive Strategies; Algorithmic Baselines; State of the Art Algorithms,Yes,No,No,No
291,Park 2020,An intelligent financial portfolio trading strategy using deep Q-learning,Mathis Jander,Park2020,An intelligent financial portfolio trading strategy using deep Q-learning,"Computer Science, Engineering",Primary,Propose a trading strategy using Deep Q-Learning (DQN).,Value-based Method,Portfolio Management,"First to address infeasible actions in the field of financial trading.
Advanced research field by handling more than two risky assets.
Achieved sufficient learning by simulating all feasible actions in parallel.
Showed that proposed model can have superior performance in US and Korean markets.","Limited scalability of assets.
No risk-adjusted rewards.",Equity (Stocks),6,Real-world Data,Daily,Time Series,None,,01.01.2010,31.12.2017,No,Asia; North America,No,Yes,Different time series,No,No,Yes,No,"Sharpe ratio; Other: Cumulative return, Sterling ratio, Average turnover",No,No,Simulation-based,Yes,Market Indexes; Random or Naive Strategies; Algorithmic Baselines,Yes,No,Yes,No
291,Park 2020,An intelligent financial portfolio trading strategy using deep Q-learning,Consensus,Park2020,An intelligent financial portfolio trading strategy using deep Q-learning,"Computer Science, Engineering",Primary,Propose a trading strategy using Deep Q-Learning (DQN).,Value-based Method,Portfolio Management,"First to address infeasible actions in the field of financial trading.
Advanced research field by handling more than two risky assets.
Achieved sufficient learning by simulating all feasible actions in parallel.
Showed that proposed model can have superior performance in US and Korean markets.","Limited scalability of assets.
No risk-adjusted rewards.",Equity (Stocks),6,Real-world Data,Daily,Time Series,None,,01.01.2010,31.12.2017,No,Asia; North America,No,Yes,Different time series,No,No,Yes,No,"Sharpe ratio; Other: Cumulative return, Sterling ratio, Average turnover",No,No,Simulation-based,Yes,Market Indexes; Random or Naive Strategies; Algorithmic Baselines,Yes,No,Yes,No
287,Kim 2022,Hybrid Deep Reinforcement Learning for Pairs Trading,Mathis Jander,Kim2022,Hybrid Deep Reinforcement Learning for Pairs Trading,"Chemical Engineering, Computer Sciences, Engineering, Materials Science, Physics and Astronomy",Primary,"Propose HDRL-Trader, a hybrid DRL approach for pairs trading that combines two networks.",Value-based Method; Actor-Critic Method,Algorithmic Trading,"Applied dimensionality reduction and clustering for robust feature extraction.
Derived accurate state representations from preprocessed features using state representation learning.
Combined RL and behavior cloning to learn behavior of prophetic expert that sees future spread movements.
Extended TD3 to determine trading actions.
Extended DDQN to determine stop loss boundaries.
Demonstrated superior performance over benchmark models.",none,Equity (Stocks),40,Real-world Data,Daily,Time Series,None,,01.01.2013,31.12.2020,No,North America,No,No,Different time series,No,Yes,Yes,Yes,Sharpe ratio; Max drawdown; Other: Rate of Return,No,No,Simulation-based,Yes,Market Indexes; State of the Art Algorithms,Yes,No,Yes,No
287,Kim 2022,Hybrid Deep Reinforcement Learning for Pairs Trading,Consensus,Kim2022,Hybrid Deep Reinforcement Learning for Pairs Trading,"Chemical Engineering, Computer Sciences, Engineering, Materials Science, Physics and Astronomy",Primary,"Propose HDRL-Trader, a hybrid DRL approach for pairs trading that combines two networks.",Value-based Method; Actor-Critic Method,Algorithmic Trading,"Applied dimensionality reduction and clustering for robust feature extraction.
Derived accurate state representations from preprocessed features using state representation learning.
Combined RL and behavior cloning to learn behavior of prophetic expert that sees future spread movements.
Extended TD3 to determine trading actions.
Extended DDQN to determine stop loss boundaries.
Demonstrated superior performance over benchmark models.",none,Equity (Stocks),40,Real-world Data,Daily,Time Series,None,,01.01.2013,31.12.2020,No,North America,No,No,Different time series,No,Yes,Yes,Yes,Sharpe ratio; Max drawdown; Other: Rate of Return,No,No,Simulation-based,Yes,Market Indexes; State of the Art Algorithms,Yes,No,Yes,No
282,Liu 2023,Multi-type data fusion framework based on deep reinforcement learning for algorithmic trading,Mathis Jander,Liu2022,Multi-type data fusion framework based on deep reinforcement learning for algorithmic trading,Computer Science,Primary,"Propose the MSF-DRL framework, which integrates stock data, technical indicators, and candlestick charts",Value-based Method,Algorithmic Trading,"Proposed multi-type data fusion framework based on DRL.
Achieved fusion by adding different data source features.
Used LSTM and CNN for feature extraction.",none,Equity (Stocks),30,Real-world Data,Daily,Time Series,Market Data,,01.01.2010,01.01.2021,No,Asia; North America,,Yes,None,No,Yes,Yes,No,"Sharpe ratio; PnL; Max drawdown; Other: Annualized return, Max drawdown duration",No,No,Simulation-based,Yes,Market Indexes; State of the Art Algorithms,Yes,No,No,No
282,Liu 2023,Multi-type data fusion framework based on deep reinforcement learning for algorithmic trading,Consensus,Liu2022,Multi-type data fusion framework based on deep reinforcement learning for algorithmic trading,Computer Science,Primary,"Propose the MSF-DRL framework, which integrates stock data, technical indicators, and candlestick charts",Value-based Method,Algorithmic Trading,"Proposed multi-type data fusion framework based on DRL.
Achieved fusion by adding different data source features.
Used LSTM and CNN for feature extraction.",none,Equity (Stocks),30,Real-world Data,Daily,Time Series,Market Data,,01.01.2010,01.01.2021,No,Asia; North America,,Yes,None,No,Yes,Yes,No,"Sharpe ratio; PnL; Max drawdown; Other: Annualized return, Max drawdown duration",No,No,Simulation-based,Yes,Market Indexes; State of the Art Algorithms,Yes,No,No,No
275,Bouyaddou 2025,Integration of investor behavioral perspective and climate change in reinforcement learning for portfolio optimization,Mathis Jander,Bouyaddou 2025,Integration of investor behavioral perspective and climate change in reinforcement learning for portfolio optimization,"Business, Management and Accounting; Economics, Econometrics and Finance",Primary,Optimize portfolio selection with respect to environmental impact,Policy-based Method,Portfolio Management,Introduction of novel model; Demonstration of model outperforming benchmark models; Provision of insights into investor behavior data improving model performance,considers only scope 1 and 2 emissions,Equity (Stocks),30,Real-world Data,Daily,Time Series,Social Media Data; Other: Emissions Data,,01.01.2015,01.01.2023,No,North America,No,Yes,None,No,Yes,Yes,No,Sharpe ratio; PnL; Other: Average weighted emissions,Yes,No,Simulation-based,Yes,Market Indexes; State of the Art Algorithms,Yes,No,No,No
275,Bouyaddou 2025,Integration of investor behavioral perspective and climate change in reinforcement learning for portfolio optimization,Consensus,Bouyaddou 2025,Integration of investor behavioral perspective and climate change in reinforcement learning for portfolio optimization,"Business, Management and Accounting; Economics, Econometrics and Finance",Primary,Optimize portfolio selection with respect to environmental impact,Policy-based Method,Portfolio Management,Introduction of novel model; Demonstration of model outperforming benchmark models; Provision of insights into investor behavior data improving model performance,considers only scope 1 and 2 emissions,Equity (Stocks),30,Real-world Data,Daily,Time Series,Social Media Data; Other: Emissions Data,,01.01.2015,01.01.2023,No,North America,No,Yes,None,No,Yes,Yes,No,Sharpe ratio; PnL; Other: Average weighted emissions,Yes,No,Simulation-based,Yes,Market Indexes; State of the Art Algorithms,Yes,No,No,No
268,Mattera 2023,Shrinkage estimation with reinforcement learning of large variance matrices for portfolio selection,Mathis Jander,Mattera2023,"Shrinkage estimation with reinforcement learning of large variance
matrices for portfolio selection",Computer Science,Primary,Address the high-dimensional covariance estimation issue in portfolio selection.,Policy-based Method,Portfolio Management,Applied DRL for estimation of large covariance matrices to minimize resulting portfolio variance.,none,Equity (Stocks),200,Real-world Data,Other: Monthly,Time Series,None,,01.07.1963,01.04.2022,No,North America,,Yes,Different timeframes,No,No,Yes,No,"Sharpe ratio; Other: Portfolio returns, VaR",Yes,No,Simulation-based,Yes,State of the Art Algorithms,Yes,No,No,No
268,Mattera 2023,Shrinkage estimation with reinforcement learning of large variance matrices for portfolio selection,Consensus,Mattera2023,"Shrinkage estimation with reinforcement learning of large variance
matrices for portfolio selection",Computer Science,Primary,Address the high-dimensional covariance estimation issue in portfolio selection.,Policy-based Method,Portfolio Management,Applied DRL for estimation of large covariance matrices to minimize resulting portfolio variance.,none,Equity (Stocks),200,Real-world Data,Other: Monthly,Time Series,None,,01.07.1963,01.04.2022,No,North America,No,Yes,Different timeframes,No,No,Yes,No,"Sharpe ratio; Other: Portfolio returns, VaR",Yes,No,Simulation-based,Yes,State of the Art Algorithms,Yes,No,No,No
261,Borrageiro 2022,The Recurrent Reinforcement Learning Crypto Agent,Mathis Jander,Borrageiro 2022b,The Recurrent Reinforcement Learning Crypto Agent,"Computer Science, Engineering, Materials Science",Primary,Develop Bitcoin trading RL agent,Policy-based Method,Algorithmic Trading,novel meta-model for data processing; experiment leads to confidence in real-world success,Model is sensitive to weight initialization,Crypto,1,Real-world Data,Other: 5 minute,Time Series,Market Data,,-,-,No,Africa; Asia; Australia and Oceania; Europe; North America; South America,No,No,None,No,Yes,Yes,No,PnL,Yes,No,,No,n/a,n/a,Yes,No,No
261,Borrageiro 2022,The Recurrent Reinforcement Learning Crypto Agent,Consensus,Borrageiro 2022b,The Recurrent Reinforcement Learning Crypto Agent,"Computer Science, Engineering, Materials Science",Primary,Develop Bitcoin trading RL agent,Policy-based Method,Algorithmic Trading,novel meta-model for data processing; experiment leads to confidence in real-world success,Model is sensitive to weight initialization,Crypto,1,Real-world Data,Other: 5 minute,Time Series,Market Data,,-,-,No,Africa; Asia; Australia and Oceania; Europe; North America; South America,No,No,None,No,Yes,Yes,No,PnL,Yes,No,,No,n/a,n/a,Yes,No,No
253,Wen 2021,Reinforcement learning for options trading,Mathis Jander,Wen2021,Reinforcement Learning for Options Trading,"Chemical Engineering, Computer Science, Engineering, Materials Science, Physics and Astronomy",Primary,"To develop an RL-based framework (OTRL) for options trading, using underlying asset data and multi-timeframe augmentation, incorporating a protective closing strategy to control risk.",Value-based Method; Actor-Critic Method,Algorithmic Trading,"Proposed framework to trade options using RL.
Added protective close strategy to RL model to prevent large losses.
Showed that proposed model can get decent returns compared to Buy and Hold strategy.",none,Derivative,2,Real-world Data,"Daily; Other: Hourly, 30 Minutes, 15 Minutes, 5 Minutes",Time Series,None,,05.01.2009,30.03.2021,Yes,Asia,No,Yes,Different time series; Different timeframes,No,No,Yes,No,Sharpe ratio; Other: Annualized return,No,No,Simulation-based,Yes,Market Indexes,Yes,No,No,No
253,Wen 2021,Reinforcement learning for options trading,Consensus,Wen2021,Reinforcement Learning for Options Trading,"Chemical Engineering, Computer Science, Engineering, Materials Science, Physics and Astronomy",Primary,"To develop an RL-based framework (OTRL) for options trading, using underlying asset data and multi-timeframe augmentation, incorporating a protective closing strategy to control risk.",Value-based Method; Actor-Critic Method,Algorithmic Trading,"Proposed framework to trade options using RL.
Added protective close strategy to RL model to prevent large losses.
Showed that proposed model can get decent returns compared to Buy and Hold strategy.",none,Derivative,2,Real-world Data,"Daily; Other: Hourly, 30 Minutes, 15 Minutes, 5 Minutes",Time Series,None,,05.01.2009,30.03.2021,Yes,Asia,No,Yes,Different time series; Different timeframes,No,No,Yes,No,Sharpe ratio; Other: Annualized return,No,No,Simulation-based,Yes,Market Indexes,Yes,No,No,No
249,Li 2023,Integrating Social Media Data and Historical Stock Prices for Predictive Analysis: A Reinforcement Learning Approach,Mathis Jander,Li2023c,Integrating Social Media Data and Historical Stock Prices for Predictive Analysis: A Reinforcement Learning Approach,Computer Science,Primary,"Develop a predictive model that integrates social media sentiment, news data, and historical stock prices",Value-based Method,Other: Stock Price Prediction,"Employed dilated convolutions to extract insights from textual data.
Proposed RL strategy to address imbalanced classification.
Incorporated unique reward system.
Improved DE algorithm which utilizes clustering for weight initialization.","Effectiveness of proposed methodology relies on quality and representativeness of data.
Fixed reward ratio may not be optimal for all datasets.
Approach only consider immediate historical stock prices for prediction.
Limited to analyzing sentiment from social media.
Single sentiment classification layer might overlook nuanced sentiment gradations.
Risk of overfitting as model complexity increases.
",Equity (Stocks),-,Real-world Data,Daily,Time Series,Market Data; News Data; Social Media Data,,-,-,No,Asia,No,Yes,None,No,No,Yes,No,"Other: RSME, MAE, MAPE, Accuracy, F-measure, G-means, AUC-ROC",Yes,No,Simulation-based,Yes,State of the Art Algorithms,Yes,No,Yes,No
249,Li 2023,Integrating Social Media Data and Historical Stock Prices for Predictive Analysis: A Reinforcement Learning Approach,Consensus,Li2023c,Integrating Social Media Data and Historical Stock Prices for Predictive Analysis: A Reinforcement Learning Approach,Computer Science,Primary,"Develop a predictive model that integrates social media sentiment, news data, and historical stock prices",Value-based Method,Other: Stock Price Prediction,"Employed dilated convolutions to extract insights from textual data.
Proposed RL strategy to address imbalanced classification.
Incorporated unique reward system.
Improved DE algorithm which utilizes clustering for weight initialization.","Effectiveness of proposed methodology relies on quality and representativeness of data.
Fixed reward ratio may not be optimal for all datasets.
Approach only consider immediate historical stock prices for prediction.
Limited to analyzing sentiment from social media.
Single sentiment classification layer might overlook nuanced sentiment gradations.
Risk of overfitting as model complexity increases.
",Equity (Stocks),-,Real-world Data,Daily,Time Series,Market Data; News Data; Social Media Data,,-,-,No,Asia,No,Yes,None,No,No,Yes,No,"Other: RSME, MAE, MAPE, Accuracy, F-measure, G-means, AUC-ROC",Yes,No,Simulation-based,Yes,State of the Art Algorithms,Yes,No,Yes,No
248,Awad 2023,Stock Market Prediction Using Deep Reinforcement Learning,Mathis Jander,Awad 2023,Stock Market Prediction Using Deep Reinforcement Learning,"Computer Science, Engineering, Mathematics",Primary,Develop novel architecture for stock market prediction,Value-based Method,Other: Stock Market Prediction,"Implementation of DRL agent integrating NLP, historical data, sentiment analysis from media sources for stock price prediction",none,Commodity,1,Real-world Data,Other: not specified,Time Series,News Data,,-,-,No,Africa; Asia; Australia and Oceania; Europe; North America; South America,No,No,None,No,No,No,No,"Sharpe ratio; Max drawdown; Other: MAE, MSE, MAPE, Accumulated wealth rate, Calmar ratio, Average profit return, Annualized return rate, Annualized sharpe ratio",No,No,Simulation-based,Yes,Market Indexes; Random or Naive Strategies,Yes,No,No,No
248,Awad 2023,Stock Market Prediction Using Deep Reinforcement Learning,Consensus,Awad 2023,Stock Market Prediction Using Deep Reinforcement Learning,"Computer Science, Engineering, Mathematics",Primary,Develop novel architecture for stock market prediction,Value-based Method,Other: Stock Market Prediction,"Implementation of DRL agent integrating NLP, historical data, sentiment analysis from media sources for stock price prediction",none,Commodity,1,Real-world Data,Other: not specified,Time Series,News Data,,-,-,No,Africa; Asia; Australia and Oceania; Europe; North America; South America,No,No,None,No,No,No,No,"Sharpe ratio; Max drawdown; Other: MAE, MSE, MAPE, Accumulated wealth rate, Calmar ratio, Average profit return, Annualized return rate, Annualized sharpe ratio",No,No,Simulation-based,Yes,Market Indexes; Random or Naive Strategies,Yes,No,No,No
243,Khemlichi 2023,MULTI-AGENT PROXIMAL POLICY OPTIMIZATION FOR PORTFOLIO OPTIMIZATION,Mathis Jander,Khemlichi,MULTI-AGENT PROXIMAL POLICY OPTIMIZATION FOR PORTFOLIO OPTIMIZATION,"Computer Science, Mathematics",Primary,Develop a multi-agent reinforcement learning (MARL) algorithm using Proximal Policy Optimization (PPO) for portfolio optimization.,Policy-based Method; Actor-Critic Method,Portfolio Management,"Modelled assets interactions with Multi-Agent Reinforcement Learning.
Used neural network to model optimal portfolio allocation.
Introduced shared memory mechanism among agents for efficient communication.
Incorporated Boltzmann exploration for better long-term performance.
Tested algorithm on real-world financial data and demonstrated superior performance against benchmark.
Built algorithm to be extended to other financial applications.",none,Equity (Stocks),20,Real-world Data,Daily,Time Series,None,,01.01.2010,31.12.2022,No,North America,No,Yes,Different time series,No,No,Yes,No,"Sharpe ratio; PnL; Other: Annual profit, Annual volatility, Sortino ratio",No,No,Simulation-based,Yes,Market Indexes; Random or Naive Strategies; Algorithmic Baselines,Yes,No,No,No
243,Khemlichi 2023,MULTI-AGENT PROXIMAL POLICY OPTIMIZATION FOR PORTFOLIO OPTIMIZATION,Consensus,Khemlichi,MULTI-AGENT PROXIMAL POLICY OPTIMIZATION FOR PORTFOLIO OPTIMIZATION,"Computer Science, Mathematics",Primary,Develop a multi-agent reinforcement learning (MARL) algorithm using Proximal Policy Optimization (PPO) for portfolio optimization.,Policy-based Method; Actor-Critic Method,Portfolio Management,"Modelled assets interactions with Multi-Agent Reinforcement Learning.
Used neural network to model optimal portfolio allocation.
Introduced shared memory mechanism among agents for efficient communication.
Incorporated Boltzmann exploration for better long-term performance.
Tested algorithm on real-world financial data and demonstrated superior performance against benchmark.
Built algorithm to be extended to other financial applications.",none,Equity (Stocks),20,Real-world Data,Daily,Time Series,None,,01.01.2010,31.12.2022,No,North America,No,Yes,Different time series,No,No,Yes,No,"Sharpe ratio; PnL; Other: Annual profit, Annual volatility, Sortino ratio",No,No,Simulation-based,Yes,Market Indexes; Random or Naive Strategies; Algorithmic Baselines,Yes,No,No,No
239,Ni 2024,Portfolio optimization by enhanced LinUCB,Mathis Jander,Ni2024,Portfolio optimization by enhanced LinUCB,"Economics, Econometrics and Finance",Primary,Develop a contextual LinUCB algorithm for portfolio selection that dynamically balances exploration and exploitation.,Model-based Method,Portfolio Management,"Proposed portfolio optimization method based on RL with LinUCB.
Tested effectiveness of method with stocks listed on multiple markets.
Enhanced understanding of how RL can benefit ordinary investors to achieve above-average returns.",none,Equity (Stocks),4788,Real-world Data,Daily,Time Series,None,,01.01.2019,30.06.2023,No,Asia,No,Yes,Different timeframes,No,No,Yes,No,"Sharpe ratio; Max drawdown; Other: Information ratio, Cumulative return",Yes,No,Simulation-based,Yes,Market Indexes,Yes,No,Yes,No
239,Ni 2024,Portfolio optimization by enhanced LinUCB,Consensus,Ni2024,Portfolio optimization by enhanced LinUCB,"Economics, Econometrics and Finance",Primary,Develop a contextual LinUCB algorithm for portfolio selection that dynamically balances exploration and exploitation.,Model-based Method,Portfolio Management,"Proposed portfolio optimization method based on RL with LinUCB.
Tested effectiveness of method with stocks listed on multiple markets.
Enhanced understanding of how RL can benefit ordinary investors to achieve above-average returns.",none,Equity (Stocks),4788,Real-world Data,Daily,Time Series,None,,01.01.2019,30.06.2023,No,Asia,No,Yes,Different timeframes,No,No,Yes,No,"Sharpe ratio; Max drawdown; Other: Information ratio, Cumulative return",Yes,No,Simulation-based,Yes,Market Indexes,Yes,No,Yes,No
238,Jaisson 2022,Deep differentiable reinforcement learning and optimal trading,Mathis Jander,Jaisson2022,Deep differentiable reinforcement learning and optimal trading,"Economics, Econometrics and Finance",Primary,Introduce a Deep Differentiable Reinforcement Learning (DDRL) framework for optimal trading.,Actor-Critic Method,Optimal Order Execution,"Introduced differentiable RL framework where environment is not a black box but transition and reward functions are  differentiable functions.
Applied framework to devise sequential optimal trading strategies.
Studied impact of of model parameters on the optimal strategy.
",none,Equity (Stocks),1,Synthetic Data,Daily,Time Series,None,,-,-,No,,Yes,No,None,No,No,Yes,No,"Other: Cumulative return, Trading efficiency, Risk-adjusted returns",No,No,Simulation-based,Yes,State of the Art Algorithms,n/a,No,Yes,No
238,Jaisson 2022,Deep differentiable reinforcement learning and optimal trading,Consensus,Jaisson2022,Deep differentiable reinforcement learning and optimal trading,"Economics, Econometrics and Finance",Primary,Introduce a Deep Differentiable Reinforcement Learning (DDRL) framework for optimal trading.,Actor-Critic Method,Optimal Order Execution,"Introduced differentiable RL framework where environment is not a black box but transition and reward functions are  differentiable functions.
Applied framework to devise sequential optimal trading strategies.
Studied impact of of model parameters on the optimal strategy.
",none,Equity (Stocks),1,Synthetic Data,Daily,Time Series,None,,-,-,No,,Yes,No,None,No,No,Yes,No,"Other: Cumulative return, Trading efficiency, Risk-adjusted returns",No,No,Simulation-based,Yes,State of the Art Algorithms,n/a,No,Yes,No
237,Guarino 2024,On the efficacy of “herd behavior” in the commodities market: A neuro-fuzzy agent “herding” on deep learning traders,Mathis Jander,Guarino2024,On the efficacy of “herd behavior” in the commodities market: A neuro-fuzzy agent “herding” on deep learning traders,"Business, Management and Accounting; Decision Sciences; Mathematics",Primary,The study examines the effectiveness of reinforcement learning-based trading strategies in commodity futures markets.,Policy-based Method; Actor-Critic Method,Algorithmic Trading,"Offering analysis of trading strategies applied by RL agents.
Studying herd behavior through neuro-fuzzy agent.
Comparing trading strategies on commodities with and without considering transaction costs.","No hyperparameter tuning conducted.
No fine-tuning for specific commodity markets.
Some commodities were not included in dataset.
",Commodity,6,Real-world Data,Daily,Time Series,None,,01.01.2019,30.09.2022,No,Africa; Asia; Australia and Oceania; Europe; North America; South America,No,Yes,Different time series,No,No,No,No,"Sharpe ratio; Max drawdown; Other: Cumulative returns, Omega ratio",No,No,Simulation-based,Yes,Random or Naive Strategies; State of the Art Algorithms,Yes,No,No,No
237,Guarino 2024,On the efficacy of “herd behavior” in the commodities market: A neuro-fuzzy agent “herding” on deep learning traders,Consensus,Guarino2024,On the efficacy of “herd behavior” in the commodities market: A neuro-fuzzy agent “herding” on deep learning traders,"Business, Management and Accounting; Decision Sciences; Mathematics",Primary,The study examines the effectiveness of reinforcement learning-based trading strategies in commodity futures markets.,Policy-based Method; Actor-Critic Method,Algorithmic Trading,"Offering analysis of trading strategies applied by RL agents.
Studying herd behavior through neuro-fuzzy agent.
Comparing trading strategies on commodities with and without considering transaction costs.","No hyperparameter tuning conducted.
No fine-tuning for specific commodity markets.
Some commodities were not included in dataset.
",Commodity,6,Real-world Data,Daily,Time Series,None,,01.01.2019,30.09.2022,No,Africa; Asia; Australia and Oceania; Europe; North America; South America,No,Yes,Different time series,No,No,No,No,"Sharpe ratio; Max drawdown; Other: Cumulative returns, Omega ratio",No,No,Simulation-based,Yes,Random or Naive Strategies; State of the Art Algorithms,Yes,No,No,No
236,Zhang 2022,Auto uning of price prediction models for high-frequency trading via reinforcement learning,Mathis Jander,Zhang2022b,"Auto uning of price prediction models for high-frequency trading via
reinforcement learning",Computer Science,Primary,"To develop an online model optimization framework that automatically selects the best price prediction model for each tick in high-frequency trading.
","Other: Inverse Reinforcement Learning, Bandit Learning",Algorithmic Trading,"Trained different light models for different data distributions.
Devised reward function based on inverse RL.
Showed promising performance in online trading system.",none,Commodity,2,Real-world Data,Other: 500 Milisecond,Order Book,Market Data,,01.10.2019,30.11.2019,No,Asia,No,Yes,Different time series; Different timeframes,No,No,Yes,Yes,"PnL; Other: Comission, Profit/comission ratio, Expectation, Accuracy, Latency",No,,Real-world deployment,Yes,n/a,Yes,No,Yes,No
236,Zhang 2022,Auto uning of price prediction models for high-frequency trading via reinforcement learning,Consensus,Zhang2022b,"Auto uning of price prediction models for high-frequency trading via
reinforcement learning",Computer Science,Primary,"To develop an online model optimization framework that automatically selects the best price prediction model for each tick in high-frequency trading.
","Other: Inverse Reinforcement Learning, Bandit Learning",Algorithmic Trading,"Trained different light models for different data distributions.
Devised reward function based on inverse RL.
Showed promising performance in online trading system.",none,Commodity,2,Real-world Data,Other: 500 Milisecond,Order Book,Market Data,,01.10.2019,30.11.2019,No,Asia,No,Yes,Different time series; Different timeframes,No,No,Yes,Yes,"PnL; Other: Comission, Profit/comission ratio, Expectation, Accuracy, Latency",No,No,Real-world deployment,Yes,n/a,Yes,No,Yes,No
235,Kumar 2024,Early MTS Forecasting for Dynamic Stock Prediction: A Double Q-Learning Ensemble Approach,Mathis Jander,Kumar2024,Early MTS Forecasting for Dynamic Stock Prediction: A Double Q-Learning Ensemble Approach,"Computer Science, Engineering, Materials Science",Primary,Propose an ensemble framework for early forecasting of multivariate time series (MTS) data using Double Q-Learning.,Value-based Method; Policy-based Method; Actor-Critic Method,Algorithmic Trading,"Proposed novel framework for early forecasting of multivariate time series.
Investigated ensemble behaviour of Q-learning agents.",none,Equity (Stocks),13,Real-world Data,Daily,Time Series,None,,02.01.2008,18.08.2011,No,Asia; North America,No,Yes,Different time series; Different timeframes,Yes,Yes,Yes,Yes,"Sharpe ratio; PnL; Max drawdown; Other: Cumulative returns, Annual return, Annual volatility, Min-variance Sortino ratio, Accuracy, F1-score, AUC, Loss, Sensitivity, Specificity, MASE, G-mean",Yes,No,Simulation-based,Yes,Algorithmic Baselines; State of the Art Algorithms,Yes,No,Yes,No
235,Kumar 2024,Early MTS Forecasting for Dynamic Stock Prediction: A Double Q-Learning Ensemble Approach,Consensus,Kumar2024,Early MTS Forecasting for Dynamic Stock Prediction: A Double Q-Learning Ensemble Approach,"Computer Science, Engineering, Materials Science",Primary,Propose an ensemble framework for early forecasting of multivariate time series (MTS) data using Double Q-Learning.,Value-based Method; Policy-based Method; Actor-Critic Method,Algorithmic Trading,"Proposed novel framework for early forecasting of multivariate time series.
Investigated ensemble behaviour of Q-learning agents.",none,Equity (Stocks),13,Real-world Data,Daily,Time Series,None,,02.01.2008,18.08.2011,No,Asia; North America,No,Yes,Different time series; Different timeframes,Yes,Yes,Yes,Yes,"Sharpe ratio; PnL; Max drawdown; Other: Cumulative returns, Annual return, Annual volatility, Min-variance Sortino ratio, Accuracy, F1-score, AUC, Loss, Sensitivity, Specificity, MASE, G-mean",Yes,No,Simulation-based,Yes,Algorithmic Baselines; State of the Art Algorithms,Yes,No,Yes,No
233,Zhang 2022,TradeBot: Bandit learning for hyper-parameters optimization of high frequency trading strategy,Mathis Jander,Zhang2022a,TradeBot: Bandit learning for hyper-parameters optimization of high frequency trading strategy,Computer Science,Primary,To optimize trading strategy hyper-parameters dynamically.,Value-based Method; Other: Inverse Reinforcement Learning,Algorithmic Trading,"Proposed reward-agnostic UCB to learn dynamically adjustable trading strategies.
Leveraged inverse RL to learn reward function that estimates profits for each order.
Showed promising performance on real-world high-frequency commodity futures trading.",none,Derivative,2,Real-world Data,Real-time Orderbook,Order Book,Market Data,,01.04.2019,30.09.2019,No,Asia,Yes,Yes,Different time series; Different timeframes,No,No,Yes,No,"Other: Closed profit, Commision cost, Profit/comission ratio",No,No,Real-world deployment,Yes,Random or Naive Strategies; Algorithmic Baselines; State of the Art Algorithms,Yes,No,No,No
233,Zhang 2022,TradeBot: Bandit learning for hyper-parameters optimization of high frequency trading strategy,Consensus,Zhang2022a,TradeBot: Bandit learning for hyper-parameters optimization of high frequency trading strategy,Computer Science,Primary,To optimize trading strategy hyper-parameters dynamically.,Value-based Method; Other: Inverse Reinforcement Learning,Algorithmic Trading,"Proposed reward-agnostic UCB to learn dynamically adjustable trading strategies.
Leveraged inverse RL to learn reward function that estimates profits for each order.
Showed promising performance on real-world high-frequency commodity futures trading.",none,Derivative,2,Real-world Data,Real-time Orderbook,Order Book,Market Data,,01.04.2019,30.09.2019,No,Asia,Yes,Yes,Different time series; Different timeframes,No,No,Yes,No,"Other: Closed profit, Commision cost, Profit/comission ratio",No,No,Real-world deployment,Yes,Random or Naive Strategies; Algorithmic Baselines; State of the Art Algorithms,Yes,No,No,No
226,Alkhamees 2021,DCRL: Approach for Pattern Recognition in Price Time Series using Directional Change and Reinforcement Learning,Mathis Jander,Alkhamees 2021,DCRL: Approach for Pattern Recognition in Price Time Series using Directional Change and Reinforcement Learning,Computer Science,Primary,Create directional change pattern recognition model for stock markets,Policy-based Method,Other: Directional Change Pattern Recognition,DCRL approach can identify financial events without need for additional data sources,none,Equity (Stocks),4,Real-world Data,Daily,Time Series,None,,17.03.2015,13.03.2020,No,Asia,No,Yes,Different time series,No,No,No,No,Other: Custom use case metrics,No,No,Simulation-based,Yes,Random or Naive Strategies,Yes,No,No,No
226,Alkhamees 2021,DCRL: Approach for Pattern Recognition in Price Time Series using Directional Change and Reinforcement Learning,Consensus,Alkhamees 2021,DCRL: Approach for Pattern Recognition in Price Time Series using Directional Change and Reinforcement Learning,Computer Science,Primary,Create directional change pattern recognition model for stock markets,Policy-based Method,Other: Directional Change Pattern Recognition,DCRL approach can identify financial events without need for additional data sources,none,Equity (Stocks),4,Real-world Data,Daily,Time Series,None,,17.03.2015,13.03.2020,No,Asia,No,Yes,Different time series,No,No,No,No,Other: Custom use case metrics,No,No,Simulation-based,Yes,Random or Naive Strategies,Yes,No,No,No
220,Ning 2021,Double Deep Q-Learning for Optimal Execution,Mathis Jander,Ning2021,Double Deep Q-Learning for Optimal Execution,"Economics, Econometrics and Finance; Mathematics",Primary,Applying a Double DQN architecture to the optimal execution problem using real limit order book data.,Value-based Method,Optimal Order Execution,"Formulated optimal execution problem as RL problem.
Developed RL technique modified from DDQN.
Showed that proposed model outperformed TWAP on seven out of nine stocks.",none,Equity (Stocks),9,Real-world Data,Other: Second,Order Book,Market Data,,02.01.2017,30.03.2018,No,North America,,Yes,Different time series; Different timeframes,No,No,Yes,No,"PnL; Other: Relative improvement over TWAP, Gain-loss ratio",No,No,Simulation-based,Yes,Algorithmic Baselines,Yes,No,No,No
220,Ning 2021,Double Deep Q-Learning for Optimal Execution,Consensus,Ning2021,Double Deep Q-Learning for Optimal Execution,"Economics, Econometrics and Finance; Mathematics",Primary,Applying a Double DQN architecture to the optimal execution problem using real limit order book data.,Value-based Method,Optimal Order Execution,"Formulated optimal execution problem as RL problem.
Developed RL technique modified from DDQN.
Showed that proposed model outperformed TWAP on seven out of nine stocks.",none,Equity (Stocks),9,Real-world Data,Other: Second,Order Book,Market Data,,02.01.2017,30.03.2018,No,North America,No,Yes,Different time series; Different timeframes,No,No,Yes,No,"PnL; Other: Relative improvement over TWAP, Gain-loss ratio",No,No,Simulation-based,Yes,Algorithmic Baselines,Yes,No,No,No
217,Kochliaridis 2023,Combining deep reinforcement learning with technical analysis and trend monitoring on cryptocurrency markets,Mathis Jander,Kochliaridis2023,Combining deep reinforcement learning with technical analysis and trend monitoring on cryptocurrency markets,Computer Science,Primary,"Improve deep reinforcement learning (DRL) trading by integrating technical indicators, trend signals, and safety mechanisms.",Policy-based Method; Actor-Critic Method; Model-based Method,Algorithmic Trading,"Demonstrated that integration of several modules leads to higher PnL and lower risk performance of TraderNet-CR architecture.
Incorporated the Smurfing method into the architecture to reduce impact of overestimating price volatility.",none,Crypto,5,Real-world Data,Other: Hourly,Time Series,Other: Search Trend Data,,01.01.2016,30.11.2022,No,Africa; Asia; Australia and Oceania; Europe; North America; South America,No,Yes,Different time series,No,No,Yes,Yes,"Sharpe ratio; PnL; Max drawdown; Other: Investment risk, Sortino ratio",No,Yes,Simulation-based,Yes,State of the Art Algorithms,Yes,No,No,No
217,Kochliaridis 2023,Combining deep reinforcement learning with technical analysis and trend monitoring on cryptocurrency markets,Consensus,Kochliaridis2023,Combining deep reinforcement learning with technical analysis and trend monitoring on cryptocurrency markets,Computer Science,Primary,"Improve deep reinforcement learning (DRL) trading by integrating technical indicators, trend signals, and safety mechanisms.",Policy-based Method; Actor-Critic Method; Model-based Method,Algorithmic Trading,"Demonstrated that integration of several modules leads to higher PnL and lower risk performance of TraderNet-CR architecture.
Incorporated the Smurfing method into the architecture to reduce impact of overestimating price volatility.",none,Crypto,5,Real-world Data,Other: Hourly,Time Series,Other: Search Trend Data,,01.01.2016,30.11.2022,No,Africa; Asia; Australia and Oceania; Europe; North America; South America,No,Yes,Different time series,No,No,Yes,Yes,"Sharpe ratio; PnL; Max drawdown; Other: Investment risk, Sortino ratio",No,Yes,Simulation-based,Yes,State of the Art Algorithms,Yes,No,No,No
216,Xu 2022,Stock movement prediction via gated recurrent unit network based on reinforcement learning with incorporated attention mechanisms,Mathis Jander,Xu2022,"Stock movement prediction via gated recurrent unit network based on
reinforcement learning with incorporated attention mechanisms","Computer Science, Neuroscience",Primary,To design a reinforcement learning-based model that improves stock price movement prediction for Chinese equities.,Value-based Method,Other: Stock Price Prediction,"Proposed two attention mechanism to learn news representation.
Designed GRU framework based on RL.
Proposed stock price movement prediction network.
Demonstrated that proposed model achieves state-of-the-art performance.",Lack of interpretability of model.,Equity (Stocks); Crypto,241,Real-world Data,Daily,Time Series,News Data,,01.01.2016,01.06.2016,No,Africa; Asia; Australia and Oceania; Europe; North America; South America,Yes,Yes,Different time series; Different timeframes,Yes,Yes,Yes,No,"Other: Accuracy, Matthews correlation coefficient",No,No,Simulation-based,Yes,Random or Naive Strategies; Algorithmic Baselines; State of the Art Algorithms,Yes,No,No,No
216,Xu 2022,Stock movement prediction via gated recurrent unit network based on reinforcement learning with incorporated attention mechanisms,Consensus,Xu2022,"Stock movement prediction via gated recurrent unit network based on
reinforcement learning with incorporated attention mechanisms","Computer Science, Neuroscience",Primary,To design a reinforcement learning-based model that improves stock price movement prediction for Chinese equities.,Value-based Method,Other: Stock Price Prediction,"Proposed two attention mechanism to learn news representation.
Designed GRU framework based on RL.
Proposed stock price movement prediction network.
Demonstrated that proposed model achieves state-of-the-art performance.",Lack of interpretability of model.,Equity (Stocks); Crypto,241,Real-world Data,Daily,Time Series,News Data,,01.01.2016,01.06.2016,No,Africa; Asia; Australia and Oceania; Europe; North America; South America,Yes,Yes,Different time series; Different timeframes,Yes,Yes,Yes,No,"Other: Accuracy, Matthews correlation coefficient",No,No,Simulation-based,Yes,Random or Naive Strategies; Algorithmic Baselines; State of the Art Algorithms,Yes,No,No,No
214,Suhail 2021,Stock market trading based on market sentiments and reinforcement learning,Mathis Jander,Suhail2021,Stock Market Trading Based on Market Sentiments and Reinforcement Learning,"Computer Science, Engineering, Materials Science, Mathematics",Primary,Develop a stock trading system that combines sentiment analysis with reinforcement learning.,Value-based Method,Algorithmic Trading,"Included market sentiments in RL-based system for stock trading.
Compared performance between system with and without sentiments.
Investigated influence of market news on stock prices.",Works for single stock.,Equity (Stocks),1,Real-world Data,Daily,Time Series,Market Data; News Data,,01.01.2006,31.12.2016,No,North America,No,No,None,No,No,Yes,No,PnL,No,No,Simulation-based,Yes,Random or Naive Strategies,Yes,No,No,No
214,Suhail 2021,Stock market trading based on market sentiments and reinforcement learning,Consensus,Suhail2021,Stock Market Trading Based on Market Sentiments and Reinforcement Learning,"Computer Science, Engineering, Materials Science, Mathematics",Primary,Develop a stock trading system that combines sentiment analysis with reinforcement learning.,Value-based Method,Algorithmic Trading,"Included market sentiments in RL-based system for stock trading.
Compared performance between system with and without sentiments.
Investigated influence of market news on stock prices.",Works for single stock.,Equity (Stocks),1,Real-world Data,Daily,Time Series,Market Data; News Data,,01.01.2006,31.12.2016,No,North America,No,No,None,No,No,Yes,No,PnL,No,No,Simulation-based,Yes,Random or Naive Strategies,Yes,No,No,No
213,Liu 2024,Limited or Biased: Modeling Subrational Human Investors in Financial Markets,Mathis Jander,Liu2024a,Limited or Biased: Modeling Subrational Human Investors in Financial Markets,"Economics, Econometrics and Finance; Psychology",Primary,"Model subrational human investor behavior (e.g. bounded rationality, myopia, prospect bias, optimism, pessimism) using RL.",Other: Custom,Algorithmic Trading,"Developed adaptive RL framework to model human subrational trading behavior.
Utilized market simulations to train and test subrational RL agents.
Examined different types of subrational trading behavior through specific market scenarios.",none,Equity (Stocks),1,Synthetic Data,Real-time Orderbook,Order Book,Market Data,,-,-,No,,Yes,Yes,Different time series,No,No,Yes,No,PnL; Other: Inventory,Yes,No,Simulation-based,Yes,Other: Proposed behavioral agents,Yes,No,No,No
213,Liu 2024,Limited or Biased: Modeling Subrational Human Investors in Financial Markets,Consensus,Liu2024a,Limited or Biased: Modeling Subrational Human Investors in Financial Markets,"Economics, Econometrics and Finance; Psychology",Primary,"Model subrational human investor behavior (e.g. bounded rationality, myopia, prospect bias, optimism, pessimism) using RL.",Other: Custom,Algorithmic Trading,"Developed adaptive RL framework to model human subrational trading behavior.
Utilized market simulations to train and test subrational RL agents.
Examined different types of subrational trading behavior through specific market scenarios.",none,Equity (Stocks),1,Synthetic Data,Real-time Orderbook,Order Book,Market Data,,-,-,No,,Yes,Yes,Different time series,No,No,Yes,No,PnL; Other: Inventory,Yes,No,Simulation-based,Yes,Other: Proposed behavioral agents,Yes,No,No,No
210,Cui 2024,Multi-period portfolio optimization using a deep reinforcement learning hyper-heuristic approach,Mathis Jander,Cui2024,Multi-period portfolio optimization using a deep reinforcement learning hyper-heuristic approach,"Business, Management and Accounting; Psychology",Primary,Develop a deep reinforcement learning (DRL) hyper-heuristic framework for multi-period portfolio optimization.,Policy-based Method,Portfolio Management,"The DRL hyper-heuristic model significantly outperforms traditional DRL models and rule-based strategies.
Achieves higher annualized returns and Sharpe ratios across five major stock markets.
Provides more robust and diversified portfolios, mitigating market uncertainties.
Demonstrates that incorporating expert domain knowledge improves learning efficiency​.","Computational complexity of the DRL approach.
Effectiveness might depend on availability and quality of market indicators.",Equity (Stocks),5,Real-world Data,Daily,Time Series,None,,26.09.2012,22.07.2022,No,Asia; Europe; North America,No,Yes,Different time series,No,Yes,Yes,No,Sharpe ratio; PnL; Other: Annualized return,Yes,No,Simulation-based,Yes,Market Indexes; Random or Naive Strategies; Algorithmic Baselines; State of the Art Algorithms,Yes,No,No,No
210,Cui 2024,Multi-period portfolio optimization using a deep reinforcement learning hyper-heuristic approach,Consensus,Cui2024,Multi-period portfolio optimization using a deep reinforcement learning hyper-heuristic approach,"Business, Management and Accounting; Psychology",Primary,Develop a deep reinforcement learning (DRL) hyper-heuristic framework for multi-period portfolio optimization.,Policy-based Method,Portfolio Management,"The DRL hyper-heuristic model significantly outperforms traditional DRL models and rule-based strategies.
Achieves higher annualized returns and Sharpe ratios across five major stock markets.
Provides more robust and diversified portfolios, mitigating market uncertainties.
Demonstrates that incorporating expert domain knowledge improves learning efficiency​.","Computational complexity of the DRL approach.
Effectiveness might depend on availability and quality of market indicators.",Equity (Stocks),5,Real-world Data,Daily,Time Series,None,,26.09.2012,22.07.2022,No,Asia; Europe; North America,No,Yes,Different time series,No,Yes,Yes,No,Sharpe ratio; PnL; Other: Annualized return,Yes,No,Simulation-based,Yes,Market Indexes; Random or Naive Strategies; Algorithmic Baselines; State of the Art Algorithms,Yes,No,No,No
207,Charpentier 2023,Reinforcement Learning in Economics and Finance,Mathis Jander,Charpentier 2023,Reinforcement Learning in Economics and Finance,"Computer Science; Economics, Econometrics and Finance",Secondary,Review state‐of‐the‐art reinforcement learning (RL) techniques and their applications in economics and finance. ,Other: n/a,Other: -,n/a,n/a,Other: n/a,n/a,Other: n/a,Other: n/a,Other: n/a,Other: n/a,,n/a,n/a,,,,,Other: n/a,,,,,Other: n/a,,,,No,n/a,n/a,No,No,Yes
207,Charpentier 2023,Reinforcement Learning in Economics and Finance,Consensus,Charpentier 2023,Reinforcement Learning in Economics and Finance,"Computer Science; Economics, Econometrics and Finance",Secondary,Review state‐of‐the‐art reinforcement learning (RL) techniques and their applications in economics and finance. ,Other: n/a,Other: -,n/a,n/a,Other: n/a,n/a,Other: n/a,Other: n/a,Other: n/a,Other: n/a,,n/a,n/a,Other: n/a,,Other: n/a,Other: n/a,Other: n/a,Other: n/a,Other: n/a,Other: n/a,Other: n/a,Other: n/a,Other: n/a,Other: n/a,Other: n/a,No,n/a,n/a,No,No,Yes
203,Zhang 2023,Reinforcement Learning for Stock Prediction and High-Frequency Trading With T+1 Rules,Mathis Jander,Zhang2023,Reinforcement Learning for Stock Prediction and High-Frequency Trading With T+1 Rules,"Computer Science, Engineering, Materials Science",Primary,To develop an adaptive high-frequency trading (HFT) framework that handles T+1 rules.,"Other: Inverse Reinforcement Learning, Bandit Learning",Algorithmic Trading,"Transformed HFT problem into RL problem.
Proposed rolling training approach that can generate adaptive model for new market conditions.
Considered constraint of limited short position into reward function.
Proposed approach to dynamically reduce action space.
Deployed framework into production system and greatly increased profit.",none,Equity (Stocks),200,Real-world Data,Other: 3 Second,Order Book,Market Data,,01.03.2020,18.03.2022,No,Asia,No,Yes,Different time series; Different timeframes,No,No,Yes,No,"Other: Absolut profit, Profit/comission ratio",No,No,Real-world deployment,Yes,Random or Naive Strategies; Algorithmic Baselines,No,No,No,No
203,Zhang 2023,Reinforcement Learning for Stock Prediction and High-Frequency Trading With T+1 Rules,Consensus,Zhang2023,Reinforcement Learning for Stock Prediction and High-Frequency Trading With T+1 Rules,"Computer Science, Engineering, Materials Science",Primary,To develop an adaptive high-frequency trading (HFT) framework that handles T+1 rules.,"Other: Inverse Reinforcement Learning, Bandit Learning",Algorithmic Trading,"Transformed HFT problem into RL problem.
Proposed rolling training approach that can generate adaptive model for new market conditions.
Considered constraint of limited short position into reward function.
Proposed approach to dynamically reduce action space.
Deployed framework into production system and greatly increased profit.",none,Equity (Stocks),200,Real-world Data,Other: 3 Second,Order Book,Market Data,,01.03.2020,18.03.2022,No,Asia,No,Yes,Different time series; Different timeframes,No,No,Yes,No,"Other: Absolut profit, Profit/comission ratio",No,No,Real-world deployment,Yes,Random or Naive Strategies; Algorithmic Baselines,No,No,No,No
200,Massahi 2024,A deep Q-learning based algorithmic trading system for commodity futures markets,Mathis Jander,Massahi2024,"A deep Q-learning based algorithmic trading system for commodity 
futures markets","Computer Science, Engineering",Primary,Develop an intraday algorithmic trading system for commodity futures.,Value-based Method,Algorithmic Trading,"Proposed DQN-based algorithmic trading strategy for commodity futures.
Developed futures market simulator.
Defined continuous state and action variables.
Demonstrated outperformance of benchmarks.",none,Commodity,1,Real-world Data,Other: 30 Minutes,Time Series,Market Data,,01.01.2013,31.12.2017,No,Asia,Yes,Yes,Different time series; Different timeframes,No,Yes,No,No,"Max drawdown; Other: Annual return, Annual Sortino ratio",No,No,Simulation-based,Yes,Market Indexes; Random or Naive Strategies; Algorithmic Baselines,Yes,No,Yes,No
200,Massahi 2024,A deep Q-learning based algorithmic trading system for commodity futures markets,Consensus,Massahi2024,"A deep Q-learning based algorithmic trading system for commodity 
futures markets","Computer Science, Engineering",Primary,Develop an intraday algorithmic trading system for commodity futures.,Value-based Method,Algorithmic Trading,"Proposed DQN-based algorithmic trading strategy for commodity futures.
Developed futures market simulator.
Defined continuous state and action variables.
Demonstrated outperformance of benchmarks.",none,Commodity,1,Real-world Data,Other: 30 Minutes,Time Series,Market Data,,01.01.2013,31.12.2017,No,Asia,Yes,Yes,Different time series; Different timeframes,No,Yes,No,No,"Max drawdown; Other: Annual return, Annual Sortino ratio",No,No,Simulation-based,Yes,Market Indexes; Random or Naive Strategies; Algorithmic Baselines,Yes,No,Yes,No
198,Jeong 2023,Safety AARL: Weight adjustment for reinforcement-learning-based safety dynamic asset allocation strategies,Mathis Jander,Jeong2023,Safety AARL: Weight adjustment for reinforcement-learning-based safety dynamic asset allocation strategies ,"Computer Science, Engineering",Primary,Develop Safety Asset Allocation Reinforcement Learning (AARL) to minimize risk in dynamic asset allocation.,Actor-Critic Method,Portfolio Management,"Introduced new approach called Safety AARL.
Defined novel reward function.
Defined novel action space modelling.
Demonstrated stable returns on upward slope.",Number of assets that can be used.,Equity (Stocks),24,Real-world Data,Minute,Time Series,None,,01.01.2009,31.03.2022,No,North America,No,Yes,Different timeframes,No,No,Yes,No,"Sharpe ratio; Max drawdown; Other: Annual return, Cumulative return",No,No,Simulation-based,Yes,Random or Naive Strategies; Algorithmic Baselines; State of the Art Algorithms,Yes,No,Yes,No
198,Jeong 2023,Safety AARL: Weight adjustment for reinforcement-learning-based safety dynamic asset allocation strategies,Consensus,Jeong2023,Safety AARL: Weight adjustment for reinforcement-learning-based safety dynamic asset allocation strategies ,"Computer Science, Engineering",Primary,Develop Safety Asset Allocation Reinforcement Learning (AARL) to minimize risk in dynamic asset allocation.,Actor-Critic Method,Portfolio Management,"Introduced new approach called Safety AARL.
Defined novel reward function.
Defined novel action space modelling.
Demonstrated stable returns on upward slope.",Number of assets that can be used.,Equity (Stocks),24,Real-world Data,Minute,Time Series,None,,01.01.2009,31.03.2022,No,North America,No,Yes,Different timeframes,No,No,Yes,No,"Sharpe ratio; Max drawdown; Other: Annual return, Cumulative return",No,No,Simulation-based,Yes,Random or Naive Strategies; Algorithmic Baselines; State of the Art Algorithms,Yes,No,Yes,No
196,Tsantekidis 2023,Modeling limit order trading with a continuous action policy for deep reinforcement learning,Mathis Jander,Tsantekidis2023,Modeling limit order trading with a continuous action policy for deep reinforcement learning,"Computer Science, Neuroscience",Primary,Develop a DRL framework that allows trading agents to place both market orders and limit orders.,Actor-Critic Method,Algorithmic Trading,"Proposed framework for learning agents capable of placing continuous  limit orders.
Demonstrated advantages over market order only approach.
Demonstrated that limit order agents outperform market agents in terms of profits.",none,Currency,27,Real-world Data,Other: Hourly,Time Series,None,,01.01.2018,31.12.2019,No,Africa; Asia; Australia and Oceania; Europe; North America; South America,No,Yes,Different time series; Different timeframes,No,No,Yes,No,Other: Average annualized PnL,Yes,No,Simulation-based,Yes,Random or Naive Strategies; State of the Art Algorithms,Yes,No,No,No
196,Tsantekidis 2023,Modeling limit order trading with a continuous action policy for deep reinforcement learning,Consensus,Tsantekidis2023,Modeling limit order trading with a continuous action policy for deep reinforcement learning,"Computer Science, Neuroscience",Primary,Develop a DRL framework that allows trading agents to place both market orders and limit orders.,Actor-Critic Method,Algorithmic Trading,"Proposed framework for learning agents capable of placing continuous  limit orders.
Demonstrated advantages over market order only approach.
Demonstrated that limit order agents outperform market agents in terms of profits.",none,Currency,27,Real-world Data,Other: Hourly,Time Series,None,,01.01.2018,31.12.2019,No,Africa; Asia; Australia and Oceania; Europe; North America; South America,No,Yes,Different time series; Different timeframes,No,No,Yes,No,Other: Average annualized PnL,Yes,No,Simulation-based,Yes,Random or Naive Strategies; State of the Art Algorithms,Yes,No,No,No
194,Huo 2024,A study of hybrid deep learning model for stock asset management,Mathis Jander,,,,,,,,"Presented novel hybrid deep learning model.
Incorporated ADX prediction from LSTM model.
Demonstrated effectiveness of proposed hybrid model.",none,Equity (Stocks),10,Real-world Data,Daily,Time Series,None,,01.07.2010,24.10.2023,No,North America,No,Yes,Different timeframes,No,No,Yes,Yes,Sharpe ratio; Max drawdown; Other: Cumulative return,No,No,Simulation-based,Yes,Algorithmic Baselines; State of the Art Algorithms,Yes,Yes,No,No
194,Huo 2024,A study of hybrid deep learning model for stock asset management,Consensus,Huo2024,"A study of hybrid deep learning model
for stock asset management",Computer Science,Primary,Predict average directional index for stock trends.,Other: not specified,Other: Directional Price Prediction,"Presented novel hybrid deep learning model.
Incorporated ADX prediction from LSTM model.
Demonstrated effectiveness of proposed hybrid model.",none,Equity (Stocks),10,Real-world Data,Daily,Time Series,None,,01.07.2010,24.10.2023,No,North America,No,Yes,Different timeframes,No,No,Yes,Yes,Sharpe ratio; Max drawdown; Other: Cumulative return,No,No,Simulation-based,Yes,Algorithmic Baselines; State of the Art Algorithms,Yes,Yes,No,No
193,Lee 2023,Offline Reinforcement Learning for Automated Stock Trading,Mathis Jander,Lee2023,Offline Reinforcement Learning for Automated Stock Trading,"Computer Science, Engineering, Materials Science",Primary,Investigate the effectiveness of offline reinforcement learning (offline RL) for stock trading.,Value-based Method; Policy-based Method; Actor-Critic Method,Algorithmic Trading,"Proposed Transformer Actor-Critic with Regularization (TACR).
Trained TACR offline on generated suboptimal data.
Showed that TACR performed well on stock trading compared to other state of the art methods.
Found that adding critic network and regularization improves performance",none,Equity (Stocks),179,Real-world Data,Daily,Time Series,,,20.10.2006,30.12.2021,No,Asia; Europe; North America,No,Yes,Different time series; Different timeframes,Yes,No,Yes,No,Sharpe ratio; PnL,No,Yes,Simulation-based,Yes,Random or Naive Strategies; State of the Art Algorithms,Yes,No,No,No
193,Lee 2023,Offline Reinforcement Learning for Automated Stock Trading,Consensus,Lee2023,Offline Reinforcement Learning for Automated Stock Trading,"Computer Science, Engineering, Materials Science",Primary,Investigate the effectiveness of offline reinforcement learning (offline RL) for stock trading.,Value-based Method; Policy-based Method; Actor-Critic Method,Algorithmic Trading,"Proposed Transformer Actor-Critic with Regularization (TACR).
Trained TACR offline on generated suboptimal data.
Showed that TACR performed well on stock trading compared to other state of the art methods.
Found that adding critic network and regularization improves performance",none,Equity (Stocks),179,Real-world Data,Daily,Time Series,,,20.10.2006,30.12.2021,No,Asia; Europe; North America,No,Yes,Different time series; Different timeframes,Yes,No,Yes,No,Sharpe ratio; PnL,No,Yes,Simulation-based,Yes,Random or Naive Strategies; State of the Art Algorithms,Yes,No,No,No
192,Zengeler 2020,Contracts for Difference: A Reinforcement Learning Approach,Mathis Jander,Zengeler2020,Contracts for Difference: A Reinforcement Learning Approach,"Business, Management and Accounting; Economics, Econometrics and Finance",Primary,Develop a deep reinforcement learning framework for trading Contracts for Difference (CfDs) in a high-frequency setting.,Value-based Method,Algorithmic Trading,"Proved that there is a high-frequency trading system which outperforms market in simulation.
Showed through real-world application that additional parameters may compensate for a lower latency.","Did not investigate changing the training environment.
Did not investigate effect of adjusting for risk.
Only investigated Q-learning.
Did not compare proposed method to related concepts.
Only considered single trading symbol.
Used real-world trading account limited to 20 trading days.
Did not observer enough trades to make reliable statement about reliability in real-world setting.",Derivative,1,Real-world Data,Other: Tick level,Time Series,Market Data,,01.01.2019,31.07.2019,Yes,Europe,Yes,Yes,None,No,No,Yes,Yes,"PnL; Other: Equity curve, Trade distribution",No,Yes,Real-world deployment,No,n/a,n/a,Yes,Yes,No
192,Zengeler 2020,Contracts for Difference: A Reinforcement Learning Approach,Consensus,Zengeler2020,Contracts for Difference: A Reinforcement Learning Approach,"Business, Management and Accounting; Economics, Econometrics and Finance",Primary,Develop a deep reinforcement learning framework for trading Contracts for Difference (CfDs) in a high-frequency setting.,Value-based Method,Algorithmic Trading,"Proved that there is a high-frequency trading system which outperforms market in simulation.
Showed through real-world application that additional parameters may compensate for a lower latency.","Did not investigate changing the training environment.
Did not investigate effect of adjusting for risk.
Only investigated Q-learning.
Did not compare proposed method to related concepts.
Only considered single trading symbol.
Used real-world trading account limited to 20 trading days.
Did not observer enough trades to make reliable statement about reliability in real-world setting.",Derivative,1,Real-world Data,Other: Tick level,Time Series,Market Data,,01.01.2019,31.07.2019,Yes,Europe,Yes,Yes,None,No,No,Yes,Yes,"PnL; Other: Equity curve, Trade distribution",No,Yes,Real-world deployment,No,n/a,n/a,Yes,Yes,No
187,Yang 2022,A Selective Portfolio Management Algorithm with Off-Policy Reinforcement Learning Using Dirichlet Distribution,Mathis Jander,Yang2022,"A Selective Portfolio Management Algorithm with Off-Policy
Reinforcement Learning Using Dirichlet Distribution",Mathematics,Primary,"To develop a scalable, risk-sensitive portfolio management system.",Actor-Critic Method,Portfolio Management,"Proposed model using Dirichlet distribution, which is suitable for PM and off-policy learning.
Conducted experiments comparing on- and off-policy algorithms.
Showed that proposed model outperforms other algorithms and SOTA.
Designed model to adopt risk propensities based on investor preference.",none,Equity (Stocks),7,Real-world Data,Daily,Time Series,None,,01.06.2014,31.12.2021,No,Asia; North America,No,Yes,Different time series,Yes,No,Yes,,"Sharpe ratio; Max drawdown; Other: Cumulative return, Average  return",No,No,Simulation-based,Yes,Random or Naive Strategies; Algorithmic Baselines; State of the Art Algorithms,Yes,No,Yes,No
187,Yang 2022,A Selective Portfolio Management Algorithm with Off-Policy Reinforcement Learning Using Dirichlet Distribution,Consensus,Yang2022,"A Selective Portfolio Management Algorithm with Off-Policy
Reinforcement Learning Using Dirichlet Distribution",Mathematics,Primary,"To develop a scalable, risk-sensitive portfolio management system.",Actor-Critic Method,Portfolio Management,"Proposed model using Dirichlet distribution, which is suitable for PM and off-policy learning.
Conducted experiments comparing on- and off-policy algorithms.
Showed that proposed model outperforms other algorithms and SOTA.
Designed model to adopt risk propensities based on investor preference.",none,Equity (Stocks),7,Real-world Data,Daily,Time Series,None,,01.06.2014,31.12.2021,No,Asia; North America,No,Yes,Different time series,Yes,No,Yes,No,"Sharpe ratio; Max drawdown; Other: Cumulative return, Average  return",No,No,Simulation-based,Yes,Random or Naive Strategies; Algorithmic Baselines; State of the Art Algorithms,Yes,No,Yes,No
182,Li 2024,Toward Automatic Market Making: An Imitative Reinforcement Learning Approach With Predictive Representation Learning,Mathis Jander,Li2024b,Toward Automatic Market Making: An Imitative Reinforcement Learning Approach With Predictive Representation Learning,"Computer Science, Mathematics",Primary,"Develop PIMMA, a Predictive and Imitative Market Making Agent",Actor-Critic Method,Market Making,"Developed PIMMA, which can leverage information contained in high-frequency LOB.
Designed action space using multi-level quotes.
Integrated trading knowledge from a linear signal-based expert into actor-critic RL framework.
Demonstrated outperformance of proposed approach against baselines.",none,Derivative,4,Real-world Data,Other: 500 Milisecond,Order Book,Market Data; News Data,,01.06.2021,31.07.2022,No,Asia,No,Yes,Different time series,No,,No,Yes,"Other: Episodic PnL, Mean absolute position, Return per trade, PnL-to-MAP ratio",No,No,Simulation-based,Yes,Algorithmic Baselines; State of the Art Algorithms,Yes,No,No,No
182,Li 2024,Toward Automatic Market Making: An Imitative Reinforcement Learning Approach With Predictive Representation Learning,Consensus,Li2024b,Toward Automatic Market Making: An Imitative Reinforcement Learning Approach With Predictive Representation Learning,"Computer Science, Mathematics",Primary,"Develop PIMMA, a Predictive and Imitative Market Making Agent",Actor-Critic Method,Market Making,"Developed PIMMA, which can leverage information contained in high-frequency LOB.
Designed action space using multi-level quotes.
Integrated trading knowledge from a linear signal-based expert into actor-critic RL framework.
Demonstrated outperformance of proposed approach against baselines.",none,Derivative,4,Real-world Data,Other: 500 Milisecond,Order Book,Market Data; News Data,,01.06.2021,31.07.2022,No,Asia,No,Yes,Different time series,No,No,No,Yes,"Other: Episodic PnL, Mean absolute position, Return per trade, PnL-to-MAP ratio",No,No,Simulation-based,Yes,Algorithmic Baselines; State of the Art Algorithms,Yes,No,No,No
179,Lim 2024,Predictive crypto-asset automated market maker architecture for decentralized finance using deep reinforcement learning,Mathis Jander,Lim2024,"Predictive crypto-asset automated market 
maker architecture for decentralized finance 
using deep reinforcement learning.","Business, Management and Accounting; Economics, Econometrics and Finance",Primary,"Propose a quote-driven predictive automated market maker (AMM) plat-
form with on-chain custody and settlement functions, alongside off-chain predictive 
reinforcement learning capabilities, to improve the liquidity provision of real-world 
AMMs.",Value-based Method,Market Making,"Proposed quote-driven predictive platform.
Augmented Uniswap V3 cryptocurrency AMM protocol.
Enhanced liquidity utilisation in an AMM.",none,Crypto,1,Synthetic Data,Other: Ticker,Time Series,Market Data; None,,-,-,No,Africa; Asia; Australia and Oceania; Europe; North America; South America,No,Yes,Different time series; Different timeframes,No,No,Yes,No,"Other: Liquidity utilisation, Price impact, Divergence loss, Slippage loss, ",No,No,Simulation-based,Yes,State of the Art Algorithms,Yes,No,No,No
179,Lim 2024,Predictive crypto-asset automated market maker architecture for decentralized finance using deep reinforcement learning,Consensus,Lim2024,"Predictive crypto-asset automated market 
maker architecture for decentralized finance 
using deep reinforcement learning.","Business, Management and Accounting; Economics, Econometrics and Finance",Primary,"Propose a quote-driven predictive automated market maker (AMM) plat-
form with on-chain custody and settlement functions, alongside off-chain predictive 
reinforcement learning capabilities, to improve the liquidity provision of real-world 
AMMs.",Value-based Method,Market Making,"Proposed quote-driven predictive platform.
Augmented Uniswap V3 cryptocurrency AMM protocol.
Enhanced liquidity utilisation in an AMM.",none,Crypto,1,Synthetic Data,Other: Ticker,Time Series,Market Data; None,,-,-,No,Africa; Asia; Australia and Oceania; Europe; North America; South America,No,Yes,Different time series; Different timeframes,No,No,Yes,No,"Other: Liquidity utilisation, Price impact, Divergence loss, Slippage loss, ",No,No,Simulation-based,Yes,State of the Art Algorithms,Yes,No,No,No
172,Chen 2021,Sentiment-influenced trading system based on multimodal deep reinforcement learning,Mathis Jander,Chen2021,Sentiment-influenced trading system based on multimodal deep reinforcement learning,Computer Science,Primary,To develop a multimodal reinforcement learning trading system that integrates news sentiment analysis for better decision-making.,Value-based Method,Algorithmic Trading,"Multimodal RL system is presented which creates profit from combining price information and news sentiment.
The result can help modelling human behavior in financial decision making.
Influence model helps agents to understand impact of news, increasing opportunities for profit.
This is first work to quantify the influence of news on in the field of finance and combine the results with RL.",none,Equity (Stocks),1,Real-world Data,Minute,Time Series,News Data,,01.01.2006,31.12.2020,No,North America,No,Yes,None,No,No,No,No,Other: Annual profit point (%),No,No,Simulation-based,Yes,State of the Art Algorithms,Yes,No,No,No
172,Chen 2021,Sentiment-influenced trading system based on multimodal deep reinforcement learning,Consensus,Chen2021,Sentiment-influenced trading system based on multimodal deep reinforcement learning,Computer Science,Primary,To develop a multimodal reinforcement learning trading system that integrates news sentiment analysis for better decision-making.,Value-based Method,Algorithmic Trading,"Multimodal RL system is presented which creates profit from combining price information and news sentiment.
The result can help modelling human behavior in financial decision making.
Influence model helps agents to understand impact of news, increasing opportunities for profit.
This is first work to quantify the influence of news on in the field of finance and combine the results with RL.",none,Equity (Stocks),1,Real-world Data,Minute,Time Series,News Data,,01.01.2006,31.12.2020,No,North America,No,Yes,None,No,No,No,No,Other: Annual profit point (%),No,No,Simulation-based,Yes,State of the Art Algorithms,Yes,No,No,No
171,Li 2022,Ensemble Investment Strategies Based on Reinforcement Learning,Mathis Jander,Li2022,Ensemble Investment Strategies Based on Reinforcement Learning,Computer Science,Primary,"Design an ensemble investment strategy using three DRL algorithms (PPO, A2C, SAC) in combination.",Actor-Critic Method,Portfolio Management,"Proposed ensemble trading strategy.
Showed that proposed model outperforms benchmark.",none,Equity (Stocks),100,Real-world Data,Daily,Time Series,Other: Sentiment Data,,01.01.2010,12.02.2021,No,Asia,,Yes,Different time series; Different timeframes,No,No,Yes,No,"Sharpe ratio; Max drawdown; Other: Cumulative return, Annual return, Annual volatility",No,No,Simulation-based,Yes,Algorithmic Baselines; State of the Art Algorithms,Yes,No,Yes,No
171,Li 2022,Ensemble Investment Strategies Based on Reinforcement Learning,Consensus,Li2022,Ensemble Investment Strategies Based on Reinforcement Learning,Computer Science,Primary,"Design an ensemble investment strategy using three DRL algorithms (PPO, A2C, SAC) in combination.",Actor-Critic Method,Portfolio Management,"Proposed ensemble trading strategy.
Showed that proposed model outperforms benchmark.",none,Equity (Stocks),100,Real-world Data,Daily,Time Series,Other: Sentiment Data,,01.01.2010,12.02.2021,No,Asia,No,Yes,Different time series; Different timeframes,No,No,Yes,No,"Sharpe ratio; Max drawdown; Other: Cumulative return, Annual return, Annual volatility",No,No,Simulation-based,Yes,Algorithmic Baselines; State of the Art Algorithms,Yes,No,Yes,No
164,Sun 2022,Market Making Strategy Optimization via Deep Reinforcement Learning,Mathis Jander,Sun2022,Market Making Strategy Optimization via Deep Reinforcement Learning,"Computer Science, Engineering, Materials Science",Primary,"Propose DRLMM, a deep reinforcement learning-based market making strategy.",Value-based Method,Market Making,"Designed MM trading model based on DRL.
Designed adaptive action selection policy.
Showed that DRLMM outperforms baseline strategies in many metrics.",none,Equity (Stocks),10,Real-world Data,Real-time Orderbook,Order Book,Market Data,,01.06.2014,31.12.2014,,Asia,No,Yes,Different timeframes,No,No,Yes,No,"Other: Average profit, Standard deviation, Winning number",No,No,Simulation-based,Yes,Random or Naive Strategies; Algorithmic Baselines,Yes,No,No,No
164,Sun 2022,Market Making Strategy Optimization via Deep Reinforcement Learning,Consensus,Sun2022,Market Making Strategy Optimization via Deep Reinforcement Learning,"Computer Science, Engineering, Materials Science",Primary,"Propose DRLMM, a deep reinforcement learning-based market making strategy.",Value-based Method,Market Making,"Designed MM trading model based on DRL.
Designed adaptive action selection policy.
Showed that DRLMM outperforms baseline strategies in many metrics.",none,Equity (Stocks),10,Real-world Data,Real-time Orderbook,Order Book,Market Data,,01.06.2014,31.12.2014,No,Asia,No,Yes,Different timeframes,No,No,Yes,No,"Other: Average profit, Standard deviation, Winning number",No,No,Simulation-based,Yes,Random or Naive Strategies; Algorithmic Baselines,Yes,No,No,No
163,Wang 2023,Stock Trading Strategy of Reinforcement Learning Driven by Turning Point Classification,Mathis Jander,Wang2023,Stock Trading Strategy of Reinforcement Learning Driven by Turning Point Classification,"Computer Science, Neuroscience",Primary,Develop a stock trading strategy that integrates turning point classification (via LightGBM) with reinforcement learning (DQN and variants) to improve profitability and reduce instability in trading decisions.,Value-based Method,Algorithmic Trading,"Showed higher rate of return for proposed model in backtest.
Showed that model overcomes instability of RL.
Redesigned reward function to reduce influence of abnormal fluctuation.
Considered impact of MACD and RSI on trading strategy.",none,Equity (Stocks),40,Real-world Data,Daily,Time Series,None,,01.01.2011,13.12.2020,No,Asia,No,Yes,Different timeframes,No,No,Yes,No,"Other: Profit rate, Precision, Recall, F1 score",Yes,No,Simulation-based,Yes,Market Indexes; Algorithmic Baselines; State of the Art Algorithms,Yes,No,No,No
163,Wang 2023,Stock Trading Strategy of Reinforcement Learning Driven by Turning Point Classification,Consensus,Wang2023,Stock Trading Strategy of Reinforcement Learning Driven by Turning Point Classification,"Computer Science, Neuroscience",Primary,Develop a stock trading strategy that integrates turning point classification (via LightGBM) with reinforcement learning (DQN and variants) to improve profitability and reduce instability in trading decisions.,Value-based Method,Algorithmic Trading,"Showed higher rate of return for proposed model in backtest.
Showed that model overcomes instability of RL.
Redesigned reward function to reduce influence of abnormal fluctuation.
Considered impact of MACD and RSI on trading strategy.",none,Equity (Stocks),40,Real-world Data,Daily,Time Series,None,,01.01.2011,13.12.2020,No,Asia,No,Yes,Different timeframes,No,No,Yes,No,"Other: Profit rate, Precision, Recall, F1 score",Yes,No,Simulation-based,Yes,Market Indexes; Algorithmic Baselines; State of the Art Algorithms,Yes,No,No,No
162,Marzban 2023,Deep reinforcement learning for option pricing and hedging under dynamic expectile risk measures,Mathis Jander,Marzban2023,Deep Reinforcement Learning for Option Pricing and Hedging under Dynamic Expectile Risk Measures,"Economics, Econometrics and Finance",Primary,Address option pricing and hedging in incomplete markets using time-consistent risk measures.,Actor-Critic Method,Option Pricing,"Presented first model free DRL algorithm for computing equal risk prices that are time-consistent.
Presented first algorithm that extends actor-critic method to risk averse setting.
Evaluated model and provided evidence that ACRL finds nearly optimal hedging policies and highly accurate prices.",none,Equity (Stocks); Derivative,5,Mixed,Other: not specified,Time Series,None,,01.01.2019,01.01.2021,Yes,North America,No,Yes,Different time series,Yes,No,Yes,No,"Other: Pricing accuracy, expected risk, Hedging performance",No,Yes,Simulation-based,Yes,Algorithmic Baselines; State of the Art Algorithms,Yes,No,Yes,No
162,Marzban 2023,Deep reinforcement learning for option pricing and hedging under dynamic expectile risk measures,Consensus,Marzban2023a,Deep Reinforcement Learning for Option Pricing and Hedging under Dynamic Expectile Risk Measures,"Economics, Econometrics and Finance",Primary,Address option pricing and hedging in incomplete markets using time-consistent risk measures.,Actor-Critic Method,Option Pricing,"Presented first model free DRL algorithm for computing equal risk prices that are time-consistent.
Presented first algorithm that extends actor-critic method to risk averse setting.
Evaluated model and provided evidence that ACRL finds nearly optimal hedging policies and highly accurate prices.",none,Equity (Stocks); Derivative,5,Mixed,Other: not specified,Time Series,None,,01.01.2019,01.01.2021,Yes,North America,No,Yes,Different time series,Yes,No,Yes,No,"Other: Pricing accuracy, expected risk, Hedging performance",No,Yes,Simulation-based,Yes,Algorithmic Baselines; State of the Art Algorithms,Yes,No,Yes,No
161,Gasperov 2021,Market Making with Signals through Deep Reinforcement Learning,Mathis Jander,Gasperov2021,Market Making With Signals Through Deep Reinforcement Learning,"Computer Science, Engineering, Materials Science",Primary,The study presents a deep reinforcement learning (DRL)-based market making (MM) strategy that incorporates signals.,Actor-Critic Method,Market Making,"Novel state space, action space and reward function formulation.
Usage of neuroevolution for training DNNs representing DRL agents.
Usage of perturbations by adversarial agent to render MM agent more robust.
Focus on interpretability of the learned MM controls.",none,Crypto,1,Real-world Data,Other: Tick,Order Book,Market Data,,01.09.2020,30.09.2020,No,Africa; Asia; Australia and Oceania; Europe; North America; South America,Yes,Yes,Different timeframes,No,No,No,Yes,Sharpe ratio; PnL; Max drawdown; Other: Mean absolute position,No,No,Simulation-based,Yes,Algorithmic Baselines; State of the Art Algorithms,Yes,No,No,No
161,Gasperov 2021,Market Making with Signals through Deep Reinforcement Learning,Consensus,Gasperov2021,Market Making With Signals Through Deep Reinforcement Learning,"Computer Science, Engineering, Materials Science",Primary,The study presents a deep reinforcement learning (DRL)-based market making (MM) strategy that incorporates signals.,Actor-Critic Method,Market Making,"Novel state space, action space and reward function formulation.
Usage of neuroevolution for training DNNs representing DRL agents.
Usage of perturbations by adversarial agent to render MM agent more robust.
Focus on interpretability of the learned MM controls.",none,Crypto,1,Real-world Data,Other: Tick,Order Book,Market Data,,01.09.2020,30.09.2020,No,Africa; Asia; Australia and Oceania; Europe; North America; South America,Yes,Yes,Different timeframes,No,No,No,Yes,Sharpe ratio; PnL; Max drawdown; Other: Mean absolute position,No,No,Simulation-based,Yes,Algorithmic Baselines; State of the Art Algorithms,Yes,No,No,No
159,Cheng 2021,A novel trading strategy framework based on reinforcement deep learning for financial market predictions,Mathis Jander,Cheng 2021,A Novel Trading Strategy Framework Based on Reinforcement Deep Learning for Financial Market Predictions,"Computer Science, Engineering, Mathematics",Primary,,Value-based Method,Algorithmic Trading,"The proposed system produced positive accumulated profits over long-term testing on various Taiwanese financial products.
Among different configurations, models using 10 days (or in some cases 5 or 20 days) of OHCLV data achieved the best performance for different stocks.
The framework demonstrated competitive prediction accuracy (with classification accuracies reported around 77% and higher for different models) and win rates in the range of 48–60%.
Overall, the LSTM-based deep Q-network generally outperformed alternative network architectures such as RNNs and DNNs.",none,Equity (Stocks); Derivative,6,Real-world Data,Daily,Time Series,Market Data,,01.2009,12.2018,No,Asia,No,Yes,Different time series; Different timeframes,No,No,No,No,"Max drawdown; Other: Return over maximum drawdown, Profit factor",No,No,Simulation-based,Yes,Random or Naive Strategies,Yes,No,No,No
159,Cheng 2021,A novel trading strategy framework based on reinforcement deep learning for financial market predictions,Consensus,Cheng 2021,A Novel Trading Strategy Framework Based on Reinforcement Deep Learning for Financial Market Predictions,"Computer Science, Engineering, Mathematics",Primary,Develop new DRL-based strategy framework for financial market predictions.,Value-based Method,Algorithmic Trading,"The proposed system produced positive accumulated profits over long-term testing on various Taiwanese financial products.
Among different configurations, models using 10 days (or in some cases 5 or 20 days) of OHCLV data achieved the best performance for different stocks.
The framework demonstrated competitive prediction accuracy (with classification accuracies reported around 77% and higher for different models) and win rates in the range of 48–60%.
Overall, the LSTM-based deep Q-network generally outperformed alternative network architectures such as RNNs and DNNs.",none,Equity (Stocks); Derivative,6,Real-world Data,Daily,Time Series,Market Data,,01.2009,12.2018,No,Asia,No,Yes,Different time series; Different timeframes,No,No,No,No,"Max drawdown; Other: Return over maximum drawdown, Profit factor",No,No,Simulation-based,Yes,Random or Naive Strategies,Yes,No,No,No
158,Ansari 2022,A Deep Reinforcement Learning-Based Decision Support System for Automated Stock Market Trading,Mathis Jander,Ansari 2022,A Deep Reinforcement Learning-Based Decision Support System for Automated Stock Market Trading,"Computer Science, Engineering, Materials Science",Primary,Novel decision support system for automated stock trading based on deep reinforcement learning,Value-based Method,Algorithmic Trading,good profit values,RL agents only use close prices; simple reward function,Equity (Stocks); Commodity,10,Real-world Data,Daily,Time Series,None,,2000,2021,No,Asia; North America,No,Yes,None,Yes,No,Yes,No,"Sharpe ratio; PnL; Other: MSE, RMSE, MAE, Sortino ratio, total profit, average profit",No,No,Simulation-based,No,n/a,n/a,No,No,No
158,Ansari 2022,A Deep Reinforcement Learning-Based Decision Support System for Automated Stock Market Trading,Consensus,Ansari 2022,A Deep Reinforcement Learning-Based Decision Support System for Automated Stock Market Trading,"Computer Science, Engineering, Materials Science",Primary,Novel decision support system for automated stock trading based on deep reinforcement learning,Value-based Method,Algorithmic Trading,good profit values,RL agents only use close prices; simple reward function,Equity (Stocks); Commodity,10,Real-world Data,Daily,Time Series,None,,2000,2021,No,Asia; North America,No,Yes,None,Yes,No,Yes,No,"Sharpe ratio; PnL; Other: MSE, RMSE, MAE, Sortino ratio, total profit, average profit",No,No,Simulation-based,No,n/a,n/a,No,No,No
156,Sarin 2024,Unleashing the Power of Multi-Agent Reinforcement Learning for Algorithmic Trading in the Digital Financial Frontier and Enterprise Information Systems,Mathis Jander,Sarin2024,Unleashing the Power of Multi-Agent Reinforcement Learning for Algorithmic Trading in the Digital Financial Frontier and Enterprise Information Systems,"Computer Science, Engineering, Materials Science, Mathematics",Primary,Design a novel MARL framework for real-time algorithmic trading.,Value-based Method,Algorithmic Trading,"Proposed method for algorithmic trading.
Outperformed traditional approaches by incorporating MARL approach and XAI.",none,Equity (Stocks),-,Real-world Data,Daily,Time Series,None,,-,-,No,,No,No,None,No,No,No,No,"Other: Accuracy, Precision, Recall",No,No,Simulation-based,No,n/a,No,No,No,No
156,Sarin 2024,Unleashing the Power of Multi-Agent Reinforcement Learning for Algorithmic Trading in the Digital Financial Frontier and Enterprise Information Systems,Consensus,Sarin2024,Unleashing the Power of Multi-Agent Reinforcement Learning for Algorithmic Trading in the Digital Financial Frontier and Enterprise Information Systems,"Computer Science, Engineering, Materials Science, Mathematics",Primary,Design a novel MARL framework for real-time algorithmic trading.,Value-based Method,Algorithmic Trading,"Proposed method for algorithmic trading.
Outperformed traditional approaches by incorporating MARL approach and XAI.",none,Equity (Stocks),-,Real-world Data,Daily,Time Series,Market Data; None,,-,-,No,,No,No,None,No,No,No,No,"Other: Accuracy, Precision, Recall",No,No,Simulation-based,No,n/a,No,No,No,No
155,Chen 2024,Integrating Weak Aggregating Algorithm and Reinforcement Learning for Online Portfolio Selection: The WARL Strategy,Mathis Jander,Chen2024,Integrating Weak Aggregating Algorithm and Reinforcement Learning for Online Portfolio Selection: The WARL Strategy,"Computer Science; Economics, Econometrics and Finance",Primary,The study aims to address the challenges posed by dynamic financial markets by introducing the WARL strategy. This strategy integrates a weak aggregating algorithm (WAA) with reinforcement learning (RL) to optimize portfolio selection by balancing returns and risk,Policy-based Method,Portfolio Management,Combination of weak aggregating algorithm and RL; Introduction of novel reward function to balance risk and return; Validation of superiority of novel approach against comparison strategies,none,Equity (Stocks),80,Real-world Data,Minute,Time Series,None,,01.01.2020,01.01.2022,No,Asia; North America,Yes,Yes,Different time series,No,No,No,No,"Sharpe ratio; Max drawdown; Other: Cumulated return, Annualized return",No,No,Simulation-based,Yes,Market Indexes; Random or Naive Strategies; Algorithmic Baselines; State of the Art Algorithms,Yes,No,Yes,No
155,Chen 2024,Integrating Weak Aggregating Algorithm and Reinforcement Learning for Online Portfolio Selection: The WARL Strategy,Consensus,Chen2024a,Integrating Weak Aggregating Algorithm and Reinforcement Learning for Online Portfolio Selection: The WARL Strategy,"Computer Science; Economics, Econometrics and Finance",Primary,The study aims to address the challenges posed by dynamic financial markets by introducing the WARL strategy. This strategy integrates a weak aggregating algorithm (WAA) with reinforcement learning (RL) to optimize portfolio selection by balancing returns and risk,Policy-based Method,Portfolio Management,Combination of weak aggregating algorithm and RL; Introduction of novel reward function to balance risk and return; Validation of superiority of novel approach against comparison strategies,none,Equity (Stocks),80,Real-world Data,Minute,Time Series,None,,01.01.2020,01.01.2022,No,Asia; North America,Yes,Yes,Different time series,No,No,No,No,"Sharpe ratio; Max drawdown; Other: Cumulated return, Annualized return",No,No,Simulation-based,Yes,Market Indexes; Random or Naive Strategies; Algorithmic Baselines; State of the Art Algorithms,Yes,No,Yes,No
153,Kochliaridis 2024,UNSURE - A machine learning approach to cryptocurrency trading,Mathis Jander,Kochliaridis2024,UNSURE - A machine learning approach to cryptocurrency trading,Computer Science,Primary,"Propose a robust, multi-component trading system for cryptocurrency trading.",Policy-based Method; Actor-Critic Method,Algorithmic Trading,"Created end-to-end trading framework.
Added TCN model to estimate price volatility.
Added VPM mechanism to avoid high-risk trading periods.
Constructed high quality inputs and state spaces in reasonable time.","Assumed no market impact of trades.
Assumed perfect liquidity.",Crypto,9,Real-world Data,Other: Hourly,Time Series,Market Data; None,,-,-,Yes,Africa; Asia; Australia and Oceania; Europe; North America; South America,Yes,Yes,Different time series,No,No,Yes,Yes,"Sharpe ratio; PnL; Other: Average drawdown, Sortino ratio",No,Yes,Simulation-based,Yes,State of the Art Algorithms,Yes,No,No,No
153,Kochliaridis 2024,UNSURE - A machine learning approach to cryptocurrency trading,Consensus,Kochliaridis2024,UNSURE - A machine learning approach to cryptocurrency trading,Computer Science,Primary,"Propose a robust, multi-component trading system for cryptocurrency trading.",Policy-based Method; Actor-Critic Method,Algorithmic Trading,"Created end-to-end trading framework.
Added TCN model to estimate price volatility.
Added VPM mechanism to avoid high-risk trading periods.
Constructed high quality inputs and state spaces in reasonable time.","Assumed no market impact of trades.
Assumed perfect liquidity.",Crypto,9,Real-world Data,Other: Hourly,Time Series,Market Data; None,,-,-,Yes,Africa; Asia; Australia and Oceania; Europe; North America; South America,Yes,Yes,Different time series,No,No,Yes,Yes,"Sharpe ratio; PnL; Other: Average drawdown, Sortino ratio",No,Yes,Simulation-based,Yes,State of the Art Algorithms,Yes,No,No,No
152,Chen 2024,A Stock Market Decision-Making Framework Based on CMR-DQN,Mathis Jander,Chen2024c,"A Stock Market Decision-Making Framework Based on CMR-DQN
","Chemical Engineering, Computer Science, Engineering, Materials Science, Physics and Astronomy",Primary,"The study aims to improve stock market decision-making by integrating multi-scale data analysis, deep learning techniques, and reinforcement learning. It introduces CMR-DQN, which enhances deep Q-networks with discrete wavelet transforms, temporal convolutional networks, and an attention mechanism to optimize stock trading strategies​",Value-based Method,Algorithmic Trading,"Innovative  CMR-DQN model solves limitations of traditional deep neural networks.
CMR-DQN introduces Rainbow DQN RL to achieve self-learning and strategy optimization.
Approach integrates diverse technical indicators.
Demonstration of superior performance achieved across six stocks.",none,Equity (Stocks),6,Real-world Data,Daily,Time Series,Market Data,,01.07.2011,20.12.2021,No,Asia; Europe; North America,No,Yes,Different time series,No,No,No,No,Sharpe ratio; PnL; Max drawdown,No,No,Simulation-based,Yes,Market Indexes; Random or Naive Strategies; State of the Art Algorithms,Yes,No,No,No
152,Chen 2024,A Stock Market Decision-Making Framework Based on CMR-DQN,Consensus,Chen2024c,"A Stock Market Decision-Making Framework Based on CMR-DQN
","Chemical Engineering, Computer Science, Engineering, Materials Science, Physics and Astronomy",Primary,"The study aims to improve stock market decision-making by integrating multi-scale data analysis, deep learning techniques, and reinforcement learning. It introduces CMR-DQN, which enhances deep Q-networks with discrete wavelet transforms, temporal convolutional networks, and an attention mechanism to optimize stock trading strategies​",Value-based Method,Algorithmic Trading,"Innovative  CMR-DQN model solves limitations of traditional deep neural networks.
CMR-DQN introduces Rainbow DQN RL to achieve self-learning and strategy optimization.
Approach integrates diverse technical indicators.
Demonstration of superior performance achieved across six stocks.",none,Equity (Stocks),6,Real-world Data,Daily,Time Series,Market Data,,01.07.2011,20.12.2021,No,Asia; Europe; North America,No,Yes,Different time series,No,No,No,No,Sharpe ratio; PnL; Max drawdown,No,No,Simulation-based,Yes,Market Indexes; Random or Naive Strategies; State of the Art Algorithms,Yes,No,No,No
148,Tabaro 2024,Algorithmic Trading Using Double Deep Q-Networks and Sentiment Analysis,Mathis Jander,Tabaro2024,Algorithmic Trading Using Double Deep Q-Networks and Sentiment Analysis,Computer Science,Primary,Design and test a Double Deep Q-Network (DDQN) for algorithmic trading of Tesla stock.,Value-based Method,Algorithmic Trading,"Demonstrated advancement in the field of algorithmic trading through implementation of DDQN model enhanced with sentiment analysis.
Illustrated performance enhancement when state space is augmented with sentiment scores.
Showed that  proposed model outperformed buy and hold benchmark.",none,Equity (Stocks),1,Real-world Data,Daily,Time Series,Fundamental Data,,01.01.2014,31.12.2019,No,North America,No,Yes,None,No,No,Yes,No,"Other: Cumulative return, Calmar ratio",No,No,Simulation-based,Yes,Random or Naive Strategies,Yes,No,No,No
148,Tabaro 2024,Algorithmic Trading Using Double Deep Q-Networks and Sentiment Analysis,Consensus,Tabaro2024,Algorithmic Trading Using Double Deep Q-Networks and Sentiment Analysis,Computer Science,Primary,Design and test a Double Deep Q-Network (DDQN) for algorithmic trading of Tesla stock.,Value-based Method,Algorithmic Trading,"Demonstrated advancement in the field of algorithmic trading through implementation of DDQN model enhanced with sentiment analysis.
Illustrated performance enhancement when state space is augmented with sentiment scores.
Showed that  proposed model outperformed buy and hold benchmark.",none,Equity (Stocks),1,Real-world Data,Daily,Time Series,Fundamental Data,,01.01.2014,31.12.2019,No,North America,No,Yes,None,No,No,Yes,No,"Other: Cumulative return, Calmar ratio",No,No,Simulation-based,Yes,Random or Naive Strategies,Yes,No,No,No
146,Liu 2021,Bitcoin transaction strategy construction based on deep reinforcement learning,Mathis Jander,Liu2021,Bitcoin transaction strategy construction based on deep reinforcement learning,Computer Science,Primary,Build an automated Bitcoin high-frequency trading agent using LSTM + PPO.,Policy-based Method,Algorithmic Trading,"Employed advanced deep learning algorithms to predict the price of bitcoin.
Selected LSTM to build DRL agent for high-frequency transactions based on PPO.
Proved that agent's policy can receive excess returns.
Demonstrated possibility of constructing single asset high-frequency trading strategy based on limited history information.
Provided direction for the realization of automated trading. ",none,Crypto,1,Real-world Data,Other: not specified,Other: ,None,,17.08.2017,27.02.2021,No,Africa; Asia; Australia and Oceania; Europe; North America; South America,No,Yes,None,No,No,No,Yes,"Other: Profit rate, Omega ratio, MSE",No,No,Simulation-based,Yes,Market Indexes; Algorithmic Baselines; State of the Art Algorithms,Yes,Yes,Yes,No
146,Liu 2021,Bitcoin transaction strategy construction based on deep reinforcement learning,Consensus,Liu2021,Bitcoin transaction strategy construction based on deep reinforcement learning,Computer Science,Primary,Build an automated Bitcoin high-frequency trading agent using LSTM + PPO.,Policy-based Method,Algorithmic Trading,"Employed advanced deep learning algorithms to predict the price of bitcoin.
Selected LSTM to build DRL agent for high-frequency transactions based on PPO.
Proved that agent's policy can receive excess returns.
Demonstrated possibility of constructing single asset high-frequency trading strategy based on limited history information.
Provided direction for the realization of automated trading. ",none,Crypto,1,Real-world Data,Other: not specified,Other: ,None,,17.08.2017,27.02.2021,No,Africa; Asia; Australia and Oceania; Europe; North America; South America,No,Yes,None,No,No,No,Yes,"Other: Profit rate, Omega ratio, MSE",No,No,Simulation-based,Yes,Market Indexes; Algorithmic Baselines; State of the Art Algorithms,Yes,Yes,Yes,No
145,Yue 2022,Applications of Markov Decision Process Model and Deep Learning in Quantitative Portfolio Management during the COVID-19 Pandemic,Mathis Jander,Yue2022b,Applications of Markov Decision Process Model and Deep Learning in Quantitative Portfolio Management during the COVID-19 Pandemic,"Computer Science, Decision Sciences, Engineering, Mathematics",Primary,To develop a robust portfolio management agent that handles non-stationarity and feature instability.,Actor-Critic Method,Portfolio Management,"Suggested RL model for quantitative portfolio management.
Demonstrated that A2C is robust and practical during COVID-19 pandemic against seven baselines.
Introduced omega ratio as real-time reward function.
Demonstrated that DRL-based PM model outperforms other standard ML-based models.",none,Equity (Stocks),28,Real-world Data,Daily,Time Series,Market Data,,01.01.2007,01.04.2022,No,North America,No,Yes,Different timeframes,No,Yes,Yes,No,"Sharpe ratio; Max drawdown; Other: Calmar ratio, Accumulated rate of return, Alpha, Beta",No,No,Simulation-based,Yes,Market Indexes; Random or Naive Strategies; Algorithmic Baselines; State of the Art Algorithms,Yes,No,No,No
145,Yue 2022,Applications of Markov Decision Process Model and Deep Learning in Quantitative Portfolio Management during the COVID-19 Pandemic,Consensus,Yue2022b,Applications of Markov Decision Process Model and Deep Learning in Quantitative Portfolio Management during the COVID-19 Pandemic,"Computer Science, Decision Sciences, Engineering, Mathematics",Primary,To develop a robust portfolio management agent that handles non-stationarity and feature instability.,Actor-Critic Method,Portfolio Management,"Suggested RL model for quantitative portfolio management.
Demonstrated that A2C is robust and practical during COVID-19 pandemic against seven baselines.
Introduced omega ratio as real-time reward function.
Demonstrated that DRL-based PM model outperforms other standard ML-based models.",none,Equity (Stocks),28,Real-world Data,Daily,Time Series,Market Data,,01.01.2007,01.04.2022,No,North America,No,Yes,Different timeframes,No,Yes,Yes,No,"Sharpe ratio; Max drawdown; Other: Calmar ratio, Accumulated rate of return, Alpha, Beta",No,No,Simulation-based,Yes,Market Indexes; Random or Naive Strategies; Algorithmic Baselines; State of the Art Algorithms,Yes,No,No,No
141,Chakole 2021,A Q-learning agent for automated trading in equity stock markets,Mathis Jander,Chakole 2021,A Q-learning agent for automated trading in equity stock markets,"Computer Science, Engineering",Primary,"To develop a self‑improving, automated trading agent for equity stock markets using the Q‑learning algorithm.
To design two state‑representation models (one using unsupervised clustering of OHLCV data and another using candlestick patterns) to capture the market’s behavior.
To determine the optimal dynamic trading strategy that maximizes profit by adapting to market trends.
To compare the performance of the proposed Q‑learning agent against benchmark trading strategies.",Value-based Method,Algorithmic Trading,"The proposed Q‑learning agents (using both cluster‑based and candlestick‑based state representations) outperform benchmark strategies such as Buy‑and‑Hold and a Decision Tree‑based trading strategy in terms of percentage accumulated return and risk‑adjusted measures (e.g., Sharpe ratio).
For individual stocks, the performance of Model 1 (cluster‑based state representation) and Model 2 (candlestick‑based state representation) vary depending on the stock’s trend, with Model 1 generally outperforming Model 2 in most cases.
For index stocks, both proposed models generally yield superior trading performance compared to the benchmarks.",none,Equity (Stocks),10,Real-world Data,Daily,Time Series,None,,02.01.2001,31.08.2019,Yes,,No,Yes,Different time series,No,No,Yes,No,"Sharpe ratio; Max drawdown; Other: Average annual return, Average daily return, Accumulated return",Yes,Yes,Simulation-based,Yes,Random or Naive Strategies; Algorithmic Baselines,Yes,No,Yes,No
141,Chakole 2021,A Q-learning agent for automated trading in equity stock markets,Consensus,Chakole 2021,A Q-learning agent for automated trading in equity stock markets,"Computer Science, Engineering",Primary,"To develop a self‑improving, automated trading agent for equity stock markets using the Q‑learning algorithm.
To design two state‑representation models (one using unsupervised clustering of OHLCV data and another using candlestick patterns) to capture the market’s behavior.
To determine the optimal dynamic trading strategy that maximizes profit by adapting to market trends.
To compare the performance of the proposed Q‑learning agent against benchmark trading strategies.",Value-based Method,Algorithmic Trading,"The proposed Q‑learning agents (using both cluster‑based and candlestick‑based state representations) outperform benchmark strategies such as Buy‑and‑Hold and a Decision Tree‑based trading strategy in terms of percentage accumulated return and risk‑adjusted measures (e.g., Sharpe ratio).
For individual stocks, the performance of Model 1 (cluster‑based state representation) and Model 2 (candlestick‑based state representation) vary depending on the stock’s trend, with Model 1 generally outperforming Model 2 in most cases.
For index stocks, both proposed models generally yield superior trading performance compared to the benchmarks.",none,Equity (Stocks),10,Real-world Data,Daily,Time Series,None,,02.01.2001,31.08.2019,Yes,,No,Yes,Different time series,No,No,Yes,No,"Sharpe ratio; Max drawdown; Other: Average annual return, Average daily return, Accumulated return",Yes,Yes,Simulation-based,Yes,Random or Naive Strategies; Algorithmic Baselines,Yes,No,Yes,No
140,Huang 2024,Trading Strategy of the Cryptocurrency Market Based on Deep Q-Learning Agents,Mathis Jander,Huang2024,Trading Strategy of the Cryptocurrency Market Based on Deep Q-Learning Agents,Computer Science,Primary,Develop a deep Q-learning (DQL) model to optimize trading strategies for multiple cryptocurrencies.,Value-based Method,Algorithmic Trading,"DQL-based method for optimal trading of multiple cryptocurrencies.
Discovery that go-long agents are suitable for uptrend markets and go-long + go-short agents are suitable for downtrend markets.","Overestimating Q-values leads to overestimating the value of bias.
",Crypto,6,Real-world Data,Daily,Time Series,Market Data,,01.06.2018,31.12.2019,No,Africa; Asia; Australia and Oceania; Europe; North America; South America,No,Yes,Different time series,No,No,Yes,,"Max drawdown; Other: Cumulative rate of return, Annualized rate of return, Coverage",No,No,Simulation-based,Yes,Market Indexes; State of the Art Algorithms,Yes,No,No,No
140,Huang 2024,Trading Strategy of the Cryptocurrency Market Based on Deep Q-Learning Agents,Consensus,Huang2024a,Trading Strategy of the Cryptocurrency Market Based on Deep Q-Learning Agents,Computer Science,Primary,Develop a deep Q-learning (DQL) model to optimize trading strategies for multiple cryptocurrencies.,Value-based Method,Algorithmic Trading,"DQL-based method for optimal trading of multiple cryptocurrencies.
Discovery that go-long agents are suitable for uptrend markets and go-long + go-short agents are suitable for downtrend markets.","Overestimating Q-values leads to overestimating the value of bias.
",Crypto,6,Real-world Data,Daily,Time Series,Market Data,,01.06.2018,31.12.2019,No,Africa; Asia; Australia and Oceania; Europe; North America; South America,No,Yes,Different time series,No,No,Yes,No,"Max drawdown; Other: Cumulative rate of return, Annualized rate of return, Coverage",No,No,Simulation-based,Yes,Market Indexes; State of the Art Algorithms,Yes,No,No,No
138,Yan 2024,Reinforcement learning for deep portfolio optimization,Mathis Jander,Yan2024,Reinforcement learning for deep portfolio optimization,Mathematics,Primary,"Propose a Deep Portfolio Optimization (DPO) framework that fuses RL, DL, and Modern Portfolio Theory to balance returns, risk, and transaction costs in portfolio optimization.",Policy-based Method,Portfolio Management,"Proposed DPO framework, combining portfolio theory, Deep Learning methods and Reinforcement Learning paradigm.
Improved performance of DPO by applying DL.
Showed optimal decision-making in experiments.
Proposed reward function based on Modern Portfolio Theory.",none,Equity (Stocks); Crypto,21,Real-world Data,Other: 30 Minute,Time Series,None,,01.07.2015,07.03.2024,No,Africa; Asia; Australia and Oceania; Europe; North America; South America,Yes,Yes,Different time series; Different timeframes,Yes,Yes,Yes,No,Sharpe ratio; Max drawdown; Other: APV,No,No,Simulation-based,Yes,Random or Naive Strategies; Algorithmic Baselines,Yes,No,No,No
138,Yan 2024,Reinforcement learning for deep portfolio optimization,Consensus,Yan2024,Reinforcement learning for deep portfolio optimization,Mathematics,Primary,"Propose a Deep Portfolio Optimization (DPO) framework that fuses RL, DL, and Modern Portfolio Theory to balance returns, risk, and transaction costs in portfolio optimization.",Policy-based Method,Portfolio Management,"Proposed DPO framework, combining portfolio theory, Deep Learning methods and Reinforcement Learning paradigm.
Improved performance of DPO by applying DL.
Showed optimal decision-making in experiments.
Proposed reward function based on Modern Portfolio Theory.",none,Equity (Stocks); Crypto,21,Real-world Data,Other: 30 Minute,Time Series,None,,01.07.2015,07.03.2024,No,Africa; Asia; Australia and Oceania; Europe; North America; South America,Yes,Yes,Different time series; Different timeframes,Yes,Yes,Yes,No,Sharpe ratio; Max drawdown; Other: APV,No,No,Simulation-based,Yes,Random or Naive Strategies; Algorithmic Baselines,Yes,No,No,No
135,Jing 2024,Automated cryptocurrency trading approach using ensemble deep reinforcement learning: Learn to understand candlesticks,Mathis Jander,Jing2024,Automated cryptocurrency trading approach using ensemble deep reinforcement learning: Learn to understand candlesticks ,"Computer Science, Engineering",Primary,Develop an automated cryptocurrency trading system using deep reinforcement learning (DRL) with multi-resolution candlestick images.,Value-based Method; Actor-Critic Method,Algorithmic Trading,"Proposed novel approach to utilize multi-resolution candlestick images.
Applied ensemble strategy that combines decisions of multiple agents for improved robustness.
Improved understanding of important areas of candlestick images through attention-based technique.",none,Crypto,1,Real-world Data,Other: 15 Minute,Time Series,None,,01.01.2019,19.06.2022,No,Africa; Asia; Australia and Oceania; Europe; North America; South America,No,Yes,Different timeframes,No,No,Yes,No,"Other: Cumulative  return, Volatility, Sortino ratio, Trading Coverage",No,Yes,Simulation-based,Yes,Random or Naive Strategies; Algorithmic Baselines; State of the Art Algorithms,Yes,No,Yes,No
135,Jing 2024,Automated cryptocurrency trading approach using ensemble deep reinforcement learning: Learn to understand candlesticks,Consensus,Jing2024,Automated cryptocurrency trading approach using ensemble deep reinforcement learning: Learn to understand candlesticks ,"Computer Science, Engineering",Primary,Develop an automated cryptocurrency trading system using deep reinforcement learning (DRL) with multi-resolution candlestick images.,Value-based Method; Actor-Critic Method,Algorithmic Trading,"Proposed novel approach to utilize multi-resolution candlestick images.
Applied ensemble strategy that combines decisions of multiple agents for improved robustness.
Improved understanding of important areas of candlestick images through attention-based technique.",none,Crypto,1,Real-world Data,Other: 15 Minute,Time Series,None,,01.01.2019,19.06.2022,No,Africa; Asia; Australia and Oceania; Europe; North America; South America,No,Yes,Different timeframes,No,No,Yes,No,"Other: Cumulative  return, Volatility, Sortino ratio, Trading Coverage",No,Yes,Simulation-based,Yes,Random or Naive Strategies; Algorithmic Baselines; State of the Art Algorithms,Yes,No,Yes,No
134,Vergara 2024,Deep reinforcement learning applied to statistical arbitrage investment strategy on cryptomarket,Mathis Jander,Vergara2024,"Deep reinforcement learning applied to statistical arbitrage investment
strategy on cryptomarket",Computer Science,Primary,To develop a deep reinforcement learning (DRL) framework for statistical arbitrage strategies in the cryptocurrency market.,Value-based Method; Policy-based Method; Actor-Critic Method,Algorithmic Trading,"Showed that DRL agents can generate strategies with positive returns in out-of-sample period.
Showed that employed strategies generate lower-risk returns compared to market. 
Showed that positive returns are maintained when introducing transaction cost, except for A2C.
Demonstrated that agent's actions are not random.","Did not delve into network structure.
Did not consider more granular action space.",Crypto,14,Real-world Data,Other: 30 Minutes,Time Series,None,,01.01.2022,17.03.2023,No,Africa; Asia; Australia and Oceania; Europe; North America; South America,No,Yes,Different time series; Different timeframes,No,No,Yes,No,"Sharpe ratio; Other: Expected shortfall, Calmar ratio, VaR, Economic performance measure, AS index",Yes,No,Simulation-based,Yes,Random or Naive Strategies; Algorithmic Baselines; State of the Art Algorithms,Yes,No,No,No
134,Vergara 2024,Deep reinforcement learning applied to statistical arbitrage investment strategy on cryptomarket,Consensus,Vergara2024,"Deep reinforcement learning applied to statistical arbitrage investment
strategy on cryptomarket",Computer Science,Primary,To develop a deep reinforcement learning (DRL) framework for statistical arbitrage strategies in the cryptocurrency market.,Value-based Method; Policy-based Method; Actor-Critic Method,Algorithmic Trading,"Showed that DRL agents can generate strategies with positive returns in out-of-sample period.
Showed that employed strategies generate lower-risk returns compared to market. 
Showed that positive returns are maintained when introducing transaction cost, except for A2C.
Demonstrated that agent's actions are not random.","Did not delve into network structure.
Did not consider more granular action space.",Crypto,14,Real-world Data,Other: 30 Minutes,Time Series,None,,01.01.2022,17.03.2023,No,Africa; Asia; Australia and Oceania; Europe; North America; South America,No,Yes,Different time series; Different timeframes,No,No,Yes,No,"Sharpe ratio; Other: Expected shortfall, Calmar ratio, VaR, Economic performance measure, AS index",Yes,No,Simulation-based,Yes,Random or Naive Strategies; Algorithmic Baselines; State of the Art Algorithms,Yes,No,No,No
133,Betancourt 2021,Reinforcement learning with self-attention networks for cryptocurrency trading,Mathis Jander,Betancourt 2021b,Reinforcement Learning with Self-Attention Networks for Cryptocurrency Trading,"Chemical Engineering, Computer Science, Engineering, Materials Science, Physics and Astronomy",Primary,Investigate application of self-attention networks for cryptocurrency trading.,Actor-Critic Method,Algorithmic Trading,Self-attention NN architecture for cryptocurrency trading proposed; explanation of how and why architecture works; study of inter-asset transactions problem,none,Crypto,227,Real-world Data,Other: 30 min,Time Series,Market Data,,17.08.2017,03.11.2020,No,Africa; Asia; Australia and Oceania; Europe; North America; South America,No,Yes,None,No,No,No,Yes,PnL,Yes,No,Simulation-based,Yes,State of the Art Algorithms,Yes,No,No,No
133,Betancourt 2021,Reinforcement learning with self-attention networks for cryptocurrency trading,Consensus,Betancourt 2021b,Reinforcement Learning with Self-Attention Networks for Cryptocurrency Trading,"Chemical Engineering, Computer Science, Engineering, Materials Science, Physics and Astronomy",Primary,Investigate application of self-attention networks for cryptocurrency trading.,Actor-Critic Method,Algorithmic Trading,Self-attention NN architecture for cryptocurrency trading proposed; explanation of how and why architecture works; study of inter-asset transactions problem,none,Crypto,227,Real-world Data,Other: 30 min,Time Series,Market Data,,17.08.2017,03.11.2020,No,Africa; Asia; Australia and Oceania; Europe; North America; South America,No,Yes,None,No,No,No,Yes,PnL,Yes,No,Simulation-based,Yes,State of the Art Algorithms,Yes,No,No,No
132,Nagy 2023,Asynchronous Deep Double Dueling Q-learning for trading-signal execution in limit order book markets,Mathis Jander,Nagy2023,Asynchronous Deep Double Dueling Q-learning for trading-signal execution in limit order book markets,Computer Science,Primary,Develop a Deep RL-based strategy to execute high-frequency trading signals in a limit order book (LOB) environment,Value-based Method,Algorithmic Trading,"Defined action and state space for LOB trading environment.
Demonstrated practical use case of RL for trading.
First to apply APEX algorithm to LOB environments.",none,Equity (Stocks),1,Mixed,Real-time Orderbook,Order Book,Market Data,,01.01.2012,31.12.2022,No,North America,No,Yes,Different timeframes,No,No,Yes,No,"Sharpe ratio; Other: Return, Turnover",No,No,Simulation-based,Yes,Market Indexes; Random or Naive Strategies,Yes,No,No,No
132,Nagy 2023,Asynchronous Deep Double Dueling Q-learning for trading-signal execution in limit order book markets,Consensus,Nagy2023,Asynchronous Deep Double Dueling Q-learning for trading-signal execution in limit order book markets,Computer Science,Primary,Develop a Deep RL-based strategy to execute high-frequency trading signals in a limit order book (LOB) environment,Value-based Method,Algorithmic Trading,"Defined action and state space for LOB trading environment.
Demonstrated practical use case of RL for trading.
First to apply APEX algorithm to LOB environments.",none,Equity (Stocks),1,Mixed,Real-time Orderbook,Order Book,Market Data,,01.01.2012,31.12.2022,No,North America,No,Yes,Different timeframes,No,No,Yes,No,"Sharpe ratio; Other: Return, Turnover",No,No,Simulation-based,Yes,Market Indexes; Random or Naive Strategies,Yes,No,No,No
131,Gasperov 2022,Deep Reinforcement Learning for Market Making Under a Hawkes Process-Based Limit Order Book Model,Mathis Jander,Gasperov2022,Deep Reinforcement Learning for Market Making Under a Hawkes Process-Based Limit Order Book Model,"Engineering, Mathematics",Primary,The study applies deep reinforcement learning (DRL) to market making (MM) under a Hawkes process-based limit order book (LOB) model.,Actor-Critic Method,Market Making,"The DRL-based market making strategy outperforms traditional market making benchmarks, including simple linear and symmetric strategies.
Achieves higher mean profit and loss (PnL), a better Sharpe ratio, and lower inventory risk.
The Hawkes process-based LOB model improves realism in backtesting, leading to more robust strategies.
The DRL strategy adapts well to varying transaction costs, maintaining profitability under different fee structures.",none,Other: Simulated Data,1,Synthetic Data,Milisecond,Order Book,None,,-,-,No,,No,Yes,Different timeframes,No,No,Yes,No,Sharpe ratio; PnL; Max drawdown; Other: Mean Absolute Position,Yes,Yes,Simulation-based,Yes,Algorithmic Baselines,Yes,No,No,No
131,Gasperov 2022,Deep Reinforcement Learning for Market Making Under a Hawkes Process-Based Limit Order Book Model,Consensus,Gasperov2022,Deep Reinforcement Learning for Market Making Under a Hawkes Process-Based Limit Order Book Model,"Engineering, Mathematics",Primary,The study applies deep reinforcement learning (DRL) to market making (MM) under a Hawkes process-based limit order book (LOB) model.,Actor-Critic Method,Market Making,"The DRL-based market making strategy outperforms traditional market making benchmarks, including simple linear and symmetric strategies.
Achieves higher mean profit and loss (PnL), a better Sharpe ratio, and lower inventory risk.
The Hawkes process-based LOB model improves realism in backtesting, leading to more robust strategies.
The DRL strategy adapts well to varying transaction costs, maintaining profitability under different fee structures.",none,Other: Simulated Data,1,Synthetic Data,Milisecond,Order Book,None,,-,-,No,,No,Yes,Different timeframes,No,No,Yes,No,Sharpe ratio; PnL; Max drawdown; Other: Mean Absolute Position,Yes,Yes,Simulation-based,Yes,Algorithmic Baselines,Yes,No,No,No
130,Shi 2022,GPM: A graph convolutional network based reinforcement learning framework for portfolio management,Mathis Jander,Shi2022,GPM: A graph convolutional network based reinforcement learning framework for portfolio management,"Computer Science, Neuroscience",Primary,"Develop a portfolio management framework called GPM, integrating multi-scale temporal and relational asset features using graph neural networks.",Policy-based Method,Portfolio Management,"Proposed multi-scale graph-based RL framework for PM.
Proposed weight allocation method with temperature in softmax.
Showed that proposed methods outperforms state-of-the-art PM methods in terms of accumulated profit.",none,Equity (Stocks),300,Real-world Data,Daily,Time Series,Market Data; Fundamental Data,,02.01.2013,08.12.2017,Yes,North America,No,Yes,Different time series; Different timeframes,No,No,Yes,Yes,Sharpe ratio; Max drawdown; Other: Final accumulated portfolio value,No,Yes,Simulation-based,Yes,Random or Naive Strategies; Algorithmic Baselines; State of the Art Algorithms,Yes,No,No,No
130,Shi 2022,GPM: A graph convolutional network based reinforcement learning framework for portfolio management,Consensus,Shi2022,GPM: A graph convolutional network based reinforcement learning framework for portfolio management,"Computer Science, Neuroscience",Primary,"Develop a portfolio management framework called GPM, integrating multi-scale temporal and relational asset features using graph neural networks.",Policy-based Method,Portfolio Management,"Proposed multi-scale graph-based RL framework for PM.
Proposed weight allocation method with temperature in softmax.
Showed that proposed methods outperforms state-of-the-art PM methods in terms of accumulated profit.",none,Equity (Stocks),300,Real-world Data,Daily,Time Series,Market Data; Fundamental Data,,02.01.2013,08.12.2017,Yes,North America,No,Yes,Different time series; Different timeframes,No,No,Yes,Yes,Sharpe ratio; Max drawdown; Other: Final accumulated portfolio value,No,Yes,Simulation-based,Yes,Random or Naive Strategies; Algorithmic Baselines; State of the Art Algorithms,Yes,No,No,No
129,Kim 2023,HADAPS: Hierarchical Adaptive Multi-Asset Portfolio Selection,Mathis Jander,Kim2023,HADAPS: Hierarchical Adaptive Multi-Asset Portfolio Selection,"Computer Science, Engineering, Materials Science",Primary,"Introduce HADAPS, a hierarchical adaptive portfolio selection framework based on the Soft Actor-Critic (SAC) method.",Actor-Critic Method,Portfolio Management,"First application of Soft Actor-Critic to portfolio selection task.
Developed HADAPS by enhancing SAC.
Conducted experiments showing HADAPS outperforms benchmark.",none,Equity (Stocks); Crypto,15,Real-world Data,Daily,Time Series,None,,01.01.2008,31.12.2021,No,Africa; Asia; Australia and Oceania; Europe; North America; South America,No,Yes,Different time series; Different timeframes,No,Yes,Yes,No,"Sharpe ratio; Other: Cumulative return, Sortino ratio, Omega ratio",No,No,Simulation-based,Yes,Random or Naive Strategies; Algorithmic Baselines; State of the Art Algorithms,Yes,No,No,No
129,Kim 2023,HADAPS: Hierarchical Adaptive Multi-Asset Portfolio Selection,Consensus,Kim2023,HADAPS: Hierarchical Adaptive Multi-Asset Portfolio Selection,"Computer Science, Engineering, Materials Science",Primary,"Introduce HADAPS, a hierarchical adaptive portfolio selection framework based on the Soft Actor-Critic (SAC) method.",Actor-Critic Method,Portfolio Management,"First application of Soft Actor-Critic to portfolio selection task.
Developed HADAPS by enhancing SAC.
Conducted experiments showing HADAPS outperforms benchmark.",none,Equity (Stocks); Crypto,15,Real-world Data,Daily,Time Series,None,,01.01.2008,31.12.2021,No,Africa; Asia; Australia and Oceania; Europe; North America; South America,No,Yes,Different time series; Different timeframes,No,Yes,Yes,No,"Sharpe ratio; Other: Cumulative return, Sortino ratio, Omega ratio",No,No,Simulation-based,Yes,Random or Naive Strategies; Algorithmic Baselines; State of the Art Algorithms,Yes,No,No,No
127,Huang 2023,Model-based reinforcement learning with non-Gaussian environment dynamics and its application to portfolio optimization,Mathis Jander,Huang2023,Model-based reinforcement learning with non-Gaussian environment dynamics and its application to portfolio optimization,"Mathematics, Medicine, Physics and Astronomy",Primary,Propose a model-based RL (MBRL) framework using heavy-tailed preserving normalizing flows to capture non-Gaussian dynamics in financial environments.,Model-based Method,Portfolio Management,"Employed heavy-tailed distributions as transition states.
Demonstrated that proposed approach outperforms state transition dynamics with independent Gaussian processes.
Investigated explainability of neural network.",none,Equity (Stocks),30,Real-world Data,Daily,Time Series,None,,04.01.2011,31.03.2021,No,North America,No,Yes,Different time series,Yes,Yes,Yes,Yes,"Sharpe ratio; Max drawdown; Other: Annualized return, Calmar ratio, Stability, Cumulative return, Annualized volatility",No,No,Simulation-based,Yes,Market Indexes; State of the Art Algorithms,Yes,No,Yes,No
127,Huang 2023,Model-based reinforcement learning with non-Gaussian environment dynamics and its application to portfolio optimization,Consensus,Huang2023,Model-based reinforcement learning with non-Gaussian environment dynamics and its application to portfolio optimization,"Mathematics, Medicine, Physics and Astronomy",Primary,Propose a model-based RL (MBRL) framework using heavy-tailed preserving normalizing flows to capture non-Gaussian dynamics in financial environments.,Model-based Method,Portfolio Management,"Employed heavy-tailed distributions as transition states.
Demonstrated that proposed approach outperforms state transition dynamics with independent Gaussian processes.
Investigated explainability of neural network.",none,Equity (Stocks),30,Real-world Data,Daily,Time Series,None,,04.01.2011,31.03.2021,No,North America,No,Yes,Different time series,Yes,Yes,Yes,Yes,"Sharpe ratio; Max drawdown; Other: Annualized return, Calmar ratio, Stability, Cumulative return, Annualized volatility",No,No,Simulation-based,Yes,Market Indexes; State of the Art Algorithms,Yes,No,Yes,No
126,Zou 2024,A novel Deep Reinforcement Learning based automated stock trading system using cascaded LSTM networks,Mathis Jander,Zou2024,A novel Deep Reinforcement Learning based automated stock trading system using cascaded LSTM networks,"Computer Science, Engineering",Primary,To propose new automated stock trading system.,Model-based Method,Algorithmic Trading,"Proposed state representation method using LSTMs.
Developed CLSTM-PPO model for quantitative trading.
Showed that proposed model outperforms baseline models in several key metrics.",none,Equity (Stocks),120,Real-world Data,Daily,Time Series,None,,01.01.2009,03.03.2023,No,Asia; Europe; North America,No,Yes,Different time series; Different timeframes,Yes,No,Yes,No,"Sharpe ratio; Other: Cumulative return, Max earning rate, Max pullback, Average profitability per trade",No,No,Simulation-based,Yes,Random or Naive Strategies; Algorithmic Baselines; State of the Art Algorithms,Yes,No,Yes,No
126,Zou 2024,A novel Deep Reinforcement Learning based automated stock trading system using cascaded LSTM networks,Consensus,Zou2024,A novel Deep Reinforcement Learning based automated stock trading system using cascaded LSTM networks,"Computer Science, Engineering",Primary,To propose new automated stock trading system.,Model-based Method,Algorithmic Trading,"Proposed state representation method using LSTMs.
Developed CLSTM-PPO model for quantitative trading.
Showed that proposed model outperforms baseline models in several key metrics.",none,Equity (Stocks),120,Real-world Data,Daily,Time Series,None,,01.01.2009,03.03.2023,No,Asia; Europe; North America,No,Yes,Different time series; Different timeframes,Yes,No,Yes,No,"Sharpe ratio; Other: Cumulative return, Max earning rate, Max pullback, Average profitability per trade",No,No,Simulation-based,Yes,Random or Naive Strategies; Algorithmic Baselines; State of the Art Algorithms,Yes,No,Yes,No
125,Aboussalah 2022,What is the value of the cross-sectional approach to deep reinforcement learning?,Mathis Jander,Aboussalah 2021,"What is the value of the cross-sectional approach to deep
reinforcement learning?","Economics, Econometrics and Finance",Primary,"Propose new policy evaluation, reward function and state representation for applicable PM",Policy-based Method; Actor-Critic Method,Portfolio Management,Most of the tested AC models did not beat Mean-Variance-Optimization and Uniform Buy-and-Hold (market); only DPG class with cross-sectional module beat them,limited understanding of stability of algorithms,Equity (Stocks),10,Real-world Data,Daily,Time Series,None,,01.01.2013,31.12.2014,No,North America,No,Yes,None,No,Yes,Yes,Yes,PnL; Other: Custom Geometric Policy Score,No,No,Simulation-based,Yes,Market Indexes; Algorithmic Baselines; State of the Art Algorithms,Yes,No,No,No
125,Aboussalah 2022,What is the value of the cross-sectional approach to deep reinforcement learning?,Consensus,Aboussalah 2022,"What is the value of the cross-sectional approach to deep
reinforcement learning?","Economics, Econometrics and Finance",Primary,"Propose new policy evaluation, reward function and state representation for applicable PM",Policy-based Method; Actor-Critic Method,Portfolio Management,Most of the tested AC models did not beat Mean-Variance-Optimization and Uniform Buy-and-Hold (market); only DPG class with cross-sectional module beat them,limited understanding of stability of algorithms,Equity (Stocks),10,Real-world Data,Daily,Time Series,None,,01.01.2013,31.12.2014,No,North America,No,Yes,None,No,Yes,Yes,Yes,PnL; Other: Custom Geometric Policy Score,No,No,Simulation-based,Yes,Market Indexes; Algorithmic Baselines; State of the Art Algorithms,Yes,No,No,No
124,Giorgi 2024,A reinforcement learning algorithm for trading commodities,Mathis Jander,Giorgi2023,A reinforcement learning algorithm for trading commodities,"Business, Management and Accounting; Decision Sciences, Mathematics",Primary,The study proposes a reinforcement learning (RL) algorithm for commodity trading.,Value-based Method,Algorithmic Trading,"RL outperforms traditional analytical models in non-linear market settings.
Better handling of transaction costs and market inefficiencies.
SARSA-based RL strategy mimics optimal trading decisions for linear cases but improves on them for non-linear market structures.
RL strategies mitigate downside risk better than traditional methods, particularly during volatile periods​.",none,Commodity,1,Real-world Data,Daily,Time Series,None,,01.01.1988,31.12.2019,No,North America,No,Yes,None,No,No,Yes,No,PnL,Yes,Yes,Simulation-based,Yes,Algorithmic Baselines,Yes,No,No,No
124,Giorgi 2024,A reinforcement learning algorithm for trading commodities,Consensus,Giorgi2023,A reinforcement learning algorithm for trading commodities,"Business, Management and Accounting; Decision Sciences, Mathematics",Primary,The study proposes a reinforcement learning (RL) algorithm for commodity trading.,Value-based Method,Algorithmic Trading,"RL outperforms traditional analytical models in non-linear market settings.
Better handling of transaction costs and market inefficiencies.
SARSA-based RL strategy mimics optimal trading decisions for linear cases but improves on them for non-linear market structures.
RL strategies mitigate downside risk better than traditional methods, particularly during volatile periods​.",none,Commodity,1,Real-world Data,Daily,Time Series,None,,01.01.1988,31.12.2019,No,North America,No,Yes,None,No,No,Yes,No,PnL,Yes,Yes,Simulation-based,Yes,Algorithmic Baselines,Yes,No,No,No
122,Mansurov 2024,Cryptocurrency Exchange Simulation,Mathis Jander,Mansurov2024,Cryptocurrency Exchange Simulation,"Computer Science; Economics, Econometrics and Finance",Primary,Simulate a cryptocurrency market using a multi-agent system.,Actor-Critic Method,Other: Market Simulation,"Introduced new class of adaptive agents for agent-based model approach.
Formulated conclusion about justification for including agents of similar types in agent-based models.",none,Equity (Stocks); Crypto,1,Mixed,Minute,Time Series,None,,-,-,No,Africa; Asia; Australia and Oceania; Europe; North America; South America,No,No,None,No,No,Yes,No,Other: Statistical stylized facts,Yes,No,Simulation-based,No,n/a,n/a,No,No,No
122,Mansurov 2024,Cryptocurrency Exchange Simulation,Consensus,Mansurov2024,Cryptocurrency Exchange Simulation,"Computer Science; Economics, Econometrics and Finance",Primary,Simulate a cryptocurrency market using a multi-agent system.,Actor-Critic Method,Other: Market Simulation,"Introduced new class of adaptive agents for agent-based model approach.
Formulated conclusion about justification for including agents of similar types in agent-based models.",none,Equity (Stocks); Crypto,1,Mixed,Minute,Time Series,None,,-,-,No,Africa; Asia; Australia and Oceania; Europe; North America; South America,No,No,None,No,No,Yes,No,Other: Statistical stylized facts,Yes,No,Simulation-based,No,n/a,n/a,No,No,No
121,Huang 2024,Improving algorithmic trading consistency via human alignment and imitation learning,Mathis Jander,Huang2024d,"Improving algorithmic trading consistency via human alignment and imitation learning
","Computer Science, Engineering",Primary,Enhance trading consistency using Human Alignment and Imitation Learning (IL) in Deep Reinforcement Learning (DRL) models.,Policy-based Method; Actor-Critic Method,Algorithmic Trading,"Introduced novel approach of integrating daily and weekly data into TimesNet model.
Explored Imitation Learning in single asset trading.
Combined IL and RL to enable agents to use experiential data from human experts.
Introduced novel return-based function balancing short-term and long-term returns over flexible time horizon.","Results are based on a few indices.
Proposed reward function is only compared against one other reward function.
Not investigated if inclusion of more features would further improve  the effectiveness of the model.",Equity (Stocks),6,Real-world Data,Daily,Time Series,Market Data,,01.01.2007,31.12.2022,No,Asia; Europe; North America,No,Yes,Different time series,No,No,Yes,No,"Sharpe ratio; Max drawdown; Other: Cumulative return, Annualized return",No,No,Simulation-based,Yes,Random or Naive Strategies; Algorithmic Baselines; State of the Art Algorithms,Yes,Yes,No,No
121,Huang 2024,Improving algorithmic trading consistency via human alignment and imitation learning,Consensus,Huang2024d,"Improving algorithmic trading consistency via human alignment and imitation learning
","Computer Science, Engineering",Primary,Enhance trading consistency using Human Alignment and Imitation Learning (IL) in Deep Reinforcement Learning (DRL) models.,Policy-based Method; Actor-Critic Method,Algorithmic Trading,"Introduced novel approach of integrating daily and weekly data into TimesNet model.
Explored Imitation Learning in single asset trading.
Combined IL and RL to enable agents to use experiential data from human experts.
Introduced novel return-based function balancing short-term and long-term returns over flexible time horizon.","Results are based on a few indices.
Proposed reward function is only compared against one other reward function.
Not investigated if inclusion of more features would further improve  the effectiveness of the model.",Equity (Stocks),6,Real-world Data,Daily,Time Series,Market Data,,01.01.2007,31.12.2022,No,Asia; Europe; North America,No,Yes,Different time series,No,No,Yes,No,"Sharpe ratio; Max drawdown; Other: Cumulative return, Annualized return",No,No,Simulation-based,Yes,Random or Naive Strategies; Algorithmic Baselines; State of the Art Algorithms,Yes,Yes,No,No
120,Borrageiro 2022,Reinforcement Learning for Systematic FX Trading,Mathis Jander,Borrageiro 2022,Reinforcement Learning for Systematic FX Trading,"Computer Science, Engineering, Materials Science",Primary,Apply RL to systematic FX trading,Policy-based Method,Algorithmic Trading,Improvement on earlier work via online learning and transfer learning,none,Currency,36,Real-world Data,Daily,Time Series,None,,07.12.20210,21.10.2021,No,Africa; Asia; Australia and Oceania; Europe; North America,No,Yes,Different time series,No,Yes,Yes,No,PnL,Yes,No,Simulation-based,Yes,Random or Naive Strategies,Yes,Yes,No,No
120,Borrageiro 2022,Reinforcement Learning for Systematic FX Trading,Consensus,Borrageiro 2022a,Reinforcement Learning for Systematic FX Trading,"Computer Science, Engineering, Materials Science",Primary,Apply RL to systematic FX trading,Policy-based Method,Algorithmic Trading,Improvement on earlier work via online learning and transfer learning,none,Currency,36,Real-world Data,Daily,Time Series,None,,07.12.20210,21.10.2021,No,Africa; Asia; Australia and Oceania; Europe; North America,No,Yes,Different time series,No,Yes,Yes,No,PnL,Yes,No,Simulation-based,Yes,Random or Naive Strategies,Yes,Yes,No,No
114,Carta 2021,Multi-DQN: An ensemble of Deep Q-learning agents for stock market forecasting,Mathis Jander,Carta 2021a,Multi-DQN: An ensemble of Deep Q-learning agents for stock market forecasting,"Computer Science, Engineering",Primary,"To develop an ensemble approach (Multi‑DQN) that combines multiple Deep Q‑learning agents trained on the same data but at different epochs.
To forecast stock market trends without relying on supervised labels, by directly maximizing a return function (i.e., learning to trade via reinforcement learning).
To reduce overfitting and improve robustness by leveraging the diversity among multiple agents.
To compare the performance of the proposed ensemble against a standard Buy‑and‑Hold strategy in real-world intraday trading scenarios.",Value-based Method,Algorithmic Trading,"The ensemble of Deep Q‑learning agents (Multi‑DQN) outperforms the conventional Buy‑and‑Hold strategy in intraday trading experiments.
The proposed method achieves better performance (in terms of return and risk-adjusted metrics) compared to using a single DQN or standard supervised classifiers.
The ensemble approach demonstrates that combining multiple agents—each trained with different experiences—can reduce overfitting and provide more robust trading signals.","The study acknowledges the challenges inherent in stock market forecasting due to the noisy and unstable nature of historical data.
There is sensitivity to parameter settings (such as the choice of network architecture, exploration rate, and agreement thresholds for ensembling), which may require extensive tuning.
Although not exhaustively detailed, potential issues like overfitting and the generalizability of the approach across different market conditions are implicit concerns.",Derivative,2,Real-world Data,Other: Hourly,Time Series,None,,17.09.2007,29.05.2017,No,Europe; North America,Yes,Yes,Different timeframes,No,No,Yes,No,"PnL; Max drawdown; Other: Accuracy, Coverage, Sortino ratio",Yes,Yes,Simulation-based,Yes,Random or Naive Strategies,Yes,No,No,No
114,Carta 2021,Multi-DQN: An ensemble of Deep Q-learning agents for stock market forecasting,Consensus,Carta 2021a,Multi-DQN: An ensemble of Deep Q-learning agents for stock market forecasting,"Computer Science, Engineering",Primary,"To develop an ensemble approach (Multi‑DQN) that combines multiple Deep Q‑learning agents trained on the same data but at different epochs.
To forecast stock market trends without relying on supervised labels, by directly maximizing a return function (i.e., learning to trade via reinforcement learning).
To reduce overfitting and improve robustness by leveraging the diversity among multiple agents.
To compare the performance of the proposed ensemble against a standard Buy‑and‑Hold strategy in real-world intraday trading scenarios.",Value-based Method,Algorithmic Trading,"The ensemble of Deep Q‑learning agents (Multi‑DQN) outperforms the conventional Buy‑and‑Hold strategy in intraday trading experiments.
The proposed method achieves better performance (in terms of return and risk-adjusted metrics) compared to using a single DQN or standard supervised classifiers.
The ensemble approach demonstrates that combining multiple agents—each trained with different experiences—can reduce overfitting and provide more robust trading signals.","The study acknowledges the challenges inherent in stock market forecasting due to the noisy and unstable nature of historical data.
There is sensitivity to parameter settings (such as the choice of network architecture, exploration rate, and agreement thresholds for ensembling), which may require extensive tuning.
Although not exhaustively detailed, potential issues like overfitting and the generalizability of the approach across different market conditions are implicit concerns.",Derivative,2,Real-world Data,Other: Hourly,Time Series,None,,17.09.2007,29.05.2017,No,Europe; North America,Yes,Yes,Different timeframes,No,No,Yes,No,"PnL; Max drawdown; Other: Accuracy, Coverage, Sortino ratio",Yes,Yes,Simulation-based,Yes,Random or Naive Strategies,Yes,No,No,No
113,Du 2023,A novel crude oil futures trading strategy based on volume-price time-frequency decomposition with ensemble deep reinforcement learning,Mathis Jander,Du2023,A novel crude oil futures trading strategy based on volume-price time-frequency decomposition with ensemble deep reinforcement learning,"Energy, Engineering, Environmental Science, Mathematics",Primary,The study introduces a deep reinforcement learning (DRL)-based ensemble trading strategy for crude oil futures trading.,Policy-based Method; Actor-Critic Method,Algorithmic Trading,"Utilization of time-varying market efficiency.
Combination of time-frequency feature extraction decomposition algorithm for volume-price data with DRL algorithm.
Adoption of multi-agent ensemble strategy.","Results do not account for market impact.
Long period of market testing required before practical application.
",Commodity,1,Real-world Data,Daily,Time Series,Market Data,,02.01.2015,30.06.2022,No,Africa; Asia; Australia and Oceania; Europe; North America; South America,No,Yes,None,No,No,No,No,"Sharpe ratio; Other: Cumulative return, Annualized return, Annualized volatility, Maximum retracement rate",No,No,Simulation-based,Yes,State of the Art Algorithms,Yes,No,No,No
113,Du 2023,A novel crude oil futures trading strategy based on volume-price time-frequency decomposition with ensemble deep reinforcement learning,Consensus,Du2023,A novel crude oil futures trading strategy based on volume-price time-frequency decomposition with ensemble deep reinforcement learning,"Energy, Engineering, Environmental Science, Mathematics",Primary,The study introduces a deep reinforcement learning (DRL)-based ensemble trading strategy for crude oil futures trading.,Policy-based Method; Actor-Critic Method,Algorithmic Trading,"Utilization of time-varying market efficiency.
Combination of time-frequency feature extraction decomposition algorithm for volume-price data with DRL algorithm.
Adoption of multi-agent ensemble strategy.","Results do not account for market impact.
Long period of market testing required before practical application.
",Commodity,1,Real-world Data,Daily,Time Series,Market Data,,02.01.2015,30.06.2022,No,Africa; Asia; Australia and Oceania; Europe; North America; South America,No,Yes,None,No,No,No,No,"Sharpe ratio; Other: Cumulative return, Annualized return, Annualized volatility, Maximum retracement rate",No,No,Simulation-based,Yes,State of the Art Algorithms,Yes,No,No,No
112,Pourahmadi 2024,A Novel Stock Trading Model based on Reinforcement Learning and Technical Analysis,Mathis Jander,Pourahmadi2024,A Novel Stock Trading Model Based on Reinforcement Learning and Technical Analysis,"Business, Management and Accounting; Computer Science, Decision Sciences",Primary,Propose and evaluate an RL-based model enhanced with technical analysis indicators and action-space restrictions.,Actor-Critic Method,Algorithmic Trading,"Showed how technical indicators can be used as side information for RL method.
Discussed improvement of RL method through imposing restrictions on the output of the RL agent.",none,Equity (Stocks),1,Real-world Data,Daily,Time Series,Market Data,,01.01.2020,31.12.2020,No,North America,No,Yes,Different timeframes,No,No,Yes,No,Other: Return,No,No,Simulation-based,Yes,Market Indexes; Random or Naive Strategies,,Yes,No,No
112,Pourahmadi 2024,A Novel Stock Trading Model based on Reinforcement Learning and Technical Analysis,Consensus,Pourahmadi2024,A Novel Stock Trading Model Based on Reinforcement Learning and Technical Analysis,"Business, Management and Accounting; Computer Science, Decision Sciences",Primary,Propose and evaluate an RL-based model enhanced with technical analysis indicators and action-space restrictions.,Actor-Critic Method,Algorithmic Trading,"Showed how technical indicators can be used as side information for RL method.
Discussed improvement of RL method through imposing restrictions on the output of the RL agent.",none,Equity (Stocks),1,Real-world Data,Daily,Time Series,Market Data,,01.01.2020,31.12.2020,No,North America,No,Yes,Different timeframes,No,No,Yes,No,Other: Return,No,No,Simulation-based,Yes,Market Indexes; Random or Naive Strategies,Yes,Yes,No,No
108,Cortés 2024,Portfolio construction using explainable reinforcement learning,Mathis Jander,Cortes2024,Portfolio construction using explainable reinforcement learning,"Computer Science, Engineering, Mathematics",Primary,"The study aims to develop an explainable reinforcement learning (RL) model for portfolio construction, addressing the lack of transparency in RL-based financial models. ",Actor-Critic Method,Portfolio Management,First work to provide explanations for RL portfolio creation.,"Only tested on ten CAC40 stocks.
Limited exploration of input variables used by agent.
Implementation is tailored for risk-neutral investors.",Equity (Stocks),10,Real-world Data,Daily,Time Series,Market Data,,03.01.2005,31.12.2021,No,Europe,Yes,Yes,None,No,No,Yes,No,Sharpe ratio; PnL; Max drawdown,No,No,Simulation-based,Yes,Random or Naive Strategies; Algorithmic Baselines,Yes,No,No,No
108,Cortés 2024,Portfolio construction using explainable reinforcement learning,Consensus,Cortes2024,Portfolio construction using explainable reinforcement learning,"Computer Science, Engineering, Mathematics",Primary,"The study aims to develop an explainable reinforcement learning (RL) model for portfolio construction, addressing the lack of transparency in RL-based financial models. ",Actor-Critic Method,Portfolio Management,First work to provide explanations for RL portfolio creation.,"Only tested on ten CAC40 stocks.
Limited exploration of input variables used by agent.
Implementation is tailored for risk-neutral investors.",Equity (Stocks),10,Real-world Data,Daily,Time Series,Market Data,,03.01.2005,31.12.2021,No,Europe,Yes,Yes,None,No,No,Yes,No,Sharpe ratio; PnL; Max drawdown,No,No,Simulation-based,Yes,Random or Naive Strategies; Algorithmic Baselines,Yes,No,No,No
103,Kwak 2023,Self-attention based deep direct recurrent reinforcement learning with hybrid loss for trading signal generation,Mathis Jander,Kwak2023,Self-attention based deep direct recurrent reinforcement learning with hybrid loss for trading signal generation,"Computer Science, Decision Sciences, Engineering, Mathematics",Primary,Propose a novel trading model (SA-DDR-HL) to enhance trading signal generation by learning temporal dependencies and improving feature embedding.,Policy-based Method; Actor-Critic Method,Algorithmic Trading,"Showed that joint structure of RL, supervised-unsupervised hybrid learning and reallocating temporal weights using self-attention can improve trading performance compared to benchmark.",none,Equity (Stocks),14,Real-world Data,Daily,Time Series,Market Data,,01.01.2000,08.01.2020,No,North America,No,Yes,Different time series,No,Yes,No,No,"Sharpe ratio; PnL; Max drawdown; Other: Annualized percentage return, Sortino ratio",No,No,Simulation-based,Yes,Algorithmic Baselines; State of the Art Algorithms,Yes,No,No,No
103,Kwak 2023,Self-attention based deep direct recurrent reinforcement learning with hybrid loss for trading signal generation,Consensus,Kwak2023,Self-attention based deep direct recurrent reinforcement learning with hybrid loss for trading signal generation,"Computer Science, Decision Sciences, Engineering, Mathematics",Primary,Propose a novel trading model (SA-DDR-HL) to enhance trading signal generation by learning temporal dependencies and improving feature embedding.,Policy-based Method; Actor-Critic Method,Algorithmic Trading,"Showed that joint structure of RL, supervised-unsupervised hybrid learning and reallocating temporal weights using self-attention can improve trading performance compared to benchmark.",none,Equity (Stocks),14,Real-world Data,Daily,Time Series,Market Data,,01.01.2000,08.01.2020,No,North America,No,Yes,Different time series,No,Yes,No,No,"Sharpe ratio; PnL; Max drawdown; Other: Annualized percentage return, Sortino ratio",No,No,Simulation-based,Yes,Algorithmic Baselines; State of the Art Algorithms,Yes,No,No,No
101,Sun 2024,Combining transformer based deep reinforcement learning with Black-Litterman model for portfolio optimization,Mathis Jander,Sun2024a,Combining transformer based deep reinforcement learning with Black-Litterman model for portfolio optimization,Computer Science,Primary,Integrate the Black-Litterman (BL) model into a DRL framework to address the inability of standard DRL agents to capture dynamic correlations in asset returns.,Policy-based Method,Portfolio Management,"Trained DRL agent to learn policy by applying Black-Litterman model.
Showed that proposed approach outperforms comparative strategies in US market.","BL model assumes that asset returns follow Gaussian distribution.
Test performance was worse than during training.",Equity (Stocks),30,Real-world Data,Daily,Time Series,None,,01.01.2018,31.12.2022,No,North America,No,Yes,Different timeframes,No,No,Yes,No,"Sharpe ratio; Other: Accumulated return, Daily return, Standard deviation, Low partial standard deviation, Sortino ratio",No,No,Simulation-based,Yes,Algorithmic Baselines; State of the Art Algorithms,Yes,No,No,No
101,Sun 2024,Combining transformer based deep reinforcement learning with Black-Litterman model for portfolio optimization,Consensus,Sun2024a,Combining transformer based deep reinforcement learning with Black-Litterman model for portfolio optimization,Computer Science,Primary,Integrate the Black-Litterman (BL) model into a DRL framework to address the inability of standard DRL agents to capture dynamic correlations in asset returns.,Policy-based Method,Portfolio Management,"Trained DRL agent to learn policy by applying Black-Litterman model.
Showed that proposed approach outperforms comparative strategies in US market.","BL model assumes that asset returns follow Gaussian distribution.
Test performance was worse than during training.",Equity (Stocks),30,Real-world Data,Daily,Time Series,None,,01.01.2018,31.12.2022,No,North America,No,Yes,Different timeframes,No,No,Yes,No,"Sharpe ratio; Other: Accumulated return, Daily return, Standard deviation, Low partial standard deviation, Sortino ratio",No,No,Simulation-based,Yes,Algorithmic Baselines; State of the Art Algorithms,Yes,No,No,No
100,Jin 2023,A Mean-VaR Based Deep Reinforcement Learning Framework for Practical Algorithmic Trading,Mathis Jander,Jin2023,A Mean-VaR Based Deep Reinforcement Learning Framework for Practical Algorithmic Trading,"Computer Science, Engineering, Materials Science",Primary,Develop a Mean-VaR-based portfolio optimization model using Deep Reinforcement Learning (DRL).,Actor-Critic Method,,"Proposed novel algorithm that balances risk and return in long-term investment horizons.
Compared performance of algorithms with and without shortselling.
Leveraged Ape-X to speed up training.",none,Equity (Stocks),10,Real-world Data,Daily,Time Series,None,,01.01.2008,31.09.2022,No,North America,No,Yes,Different time series,No,Yes,Yes,Yes,"Sharpe ratio; Max drawdown; Other: Total return, Sortino ratio, Value at risk, Standard deviation of portfolio returns",No,No,Simulation-based,Yes,Random or Naive Strategies; Algorithmic Baselines,Yes,No,No,No
100,Jin 2023,A Mean-VaR Based Deep Reinforcement Learning Framework for Practical Algorithmic Trading,Consensus,Jin2023,A Mean-VaR Based Deep Reinforcement Learning Framework for Practical Algorithmic Trading,"Computer Science, Engineering, Materials Science",Primary,Develop a Mean-VaR-based portfolio optimization model using Deep Reinforcement Learning (DRL).,Actor-Critic Method,Algorithmic Trading,"Proposed novel algorithm that balances risk and return in long-term investment horizons.
Compared performance of algorithms with and without shortselling.
Leveraged Ape-X to speed up training.",none,Equity (Stocks),10,Real-world Data,Daily,Time Series,None,,01.01.2008,31.09.2022,No,North America,No,Yes,Different time series,No,Yes,Yes,Yes,"Sharpe ratio; Max drawdown; Other: Total return, Sortino ratio, Value at risk, Standard deviation of portfolio returns",No,No,Simulation-based,Yes,Random or Naive Strategies; Algorithmic Baselines,Yes,No,No,No
99,Sun 2023,Reinforcement Learning for Quantitative Trading,Mathis Jander,Sun2023b,Reinforcement Learning for Quantitative Trading,"Computer Science, Mathematics",Secondary,Provide a comprehensive survey of reinforcement learning (RL) applications in quantitative trading (QT).,Other: na,Other: na,"Reviewed existing works on RL-based QT applications.
Categorized existing works from different perspectives.
Analyzed advantages and disadvantages of RL techniques for QT.
Discussed current challenges and pointed out future research directions.",none,Other: na,na,Other: na,Other: na,Other: na,Other: na,,-,-,No,,No,No,Other: na,No,No,No,No,Other: na,No,No,,No,n/a,n/a,Yes,Yes,Yes
99,Sun 2023,Reinforcement Learning for Quantitative Trading,Consensus,Sun2023b,Reinforcement Learning for Quantitative Trading,"Computer Science, Mathematics",Secondary,Provide a comprehensive survey of reinforcement learning (RL) applications in quantitative trading (QT).,Other: na,Other: na,"Reviewed existing works on RL-based QT applications.
Categorized existing works from different perspectives.
Analyzed advantages and disadvantages of RL techniques for QT.
Discussed current challenges and pointed out future research directions.",none,Other: na,na,Other: na,Other: na,Other: na,Other: na,,-,-,No,,No,No,Other: na,No,No,No,No,Other: na,No,No,Simulation-based,No,n/a,n/a,Yes,Yes,Yes
98,Lin 2022,Multiagent-based deep reinforcement learning for risk-shifting portfolio management,Mathis Jander,Lin2022,Multiagent-based deep reinforcement learning for risk-shifting portfolio management,Computer Science,Primary,Develop a multiagent-based deep RL (MABDRL) framework,Actor-Critic Method,Portfolio Management,"Developed multiagent-based DRL framework to learn effective portfolio management.
Enabled RL agent to learn risk-shifting behavior with stable convergence.
Outperformed previous SOTA model by 37% on risk-adjusted Sharpe ratio.
First study to apply MABDRL to portfolio management in the domain of quantitative hedge funds.",none,Equity (Stocks),9,Real-world Data,Minute,Time Series,Market Data,,01.01.2008,30.09.2017,No,North America,No,Yes,Different time series; Different timeframes,No,Yes,Yes,No,"Sharpe ratio; Max drawdown; Other: Annual return, Cumulative returns, Annual volatility, Calmar ratio, Sortino ratio",No,No,Simulation-based,Yes,Market Indexes; Random or Naive Strategies; Algorithmic Baselines; State of the Art Algorithms,Yes,No,Yes,No
98,Lin 2022,Multiagent-based deep reinforcement learning for risk-shifting portfolio management,Consensus,Lin2022,Multiagent-based deep reinforcement learning for risk-shifting portfolio management,Computer Science,Primary,Develop a multiagent-based deep RL (MABDRL) framework,Actor-Critic Method,Portfolio Management,"Developed multiagent-based DRL framework to learn effective portfolio management.
Enabled RL agent to learn risk-shifting behavior with stable convergence.
Outperformed previous SOTA model by 37% on risk-adjusted Sharpe ratio.
First study to apply MABDRL to portfolio management in the domain of quantitative hedge funds.",none,Equity (Stocks),9,Real-world Data,Minute,Time Series,Market Data,,01.01.2008,30.09.2017,No,North America,No,Yes,Different time series; Different timeframes,No,Yes,Yes,No,"Sharpe ratio; Max drawdown; Other: Annual return, Cumulative returns, Annual volatility, Calmar ratio, Sortino ratio",No,No,Simulation-based,Yes,Market Indexes; Random or Naive Strategies; Algorithmic Baselines; State of the Art Algorithms,Yes,No,Yes,No
96,Huang 2024,A novel deep reinforcement learning framework with BiLSTM-Attention networks for algorithmic trading,Mathis Jander,Huang2024b,A novel deep reinforcement learning framework with BiLSTM-Attention networks for algorithmic trading,"Computer Science, Engineering",Primary,"Develop an enhanced stock trading strategy using a Deep State-Action-Reward-State-Action (SARSA) reinforcement learning model.
Integrate BiLSTM-Attention networks to extract key features and patterns from stock market data.",Value-based Method,Algorithmic Trading,"Proposed DRL model called Efficient Deep SARSA 
for the development of single-asset trading strategies.
Introduced BiLSTM-Attentation to represent stock markets accurately.
Proposed model outperforms classical and DRL-based strategies on benchmark.

","Model underutilizes empirical interaction data.
Current algorithms are tailored to specific assets.
Market impact and slippage are not considered.",Equity (Stocks),4,Real-world Data,Daily,Time Series,None,,01.01.2008,31.12.2022,No,North America,No,Yes,Different time series,No,No,Yes,No,"Sharpe ratio; Other: Cumulative return, Annualized return",No,No,Simulation-based,Yes,Random or Naive Strategies; Algorithmic Baselines; State of the Art Algorithms,Yes,No,No,No
96,Huang 2024,A novel deep reinforcement learning framework with BiLSTM-Attention networks for algorithmic trading,Consensus,Huang2024b,A novel deep reinforcement learning framework with BiLSTM-Attention networks for algorithmic trading,"Computer Science, Engineering",Primary,"Develop an enhanced stock trading strategy using a Deep State-Action-Reward-State-Action (SARSA) reinforcement learning model.
Integrate BiLSTM-Attention networks to extract key features and patterns from stock market data.",Value-based Method,Algorithmic Trading,"Proposed DRL model called Efficient Deep SARSA 
for the development of single-asset trading strategies.
Introduced BiLSTM-Attentation to represent stock markets accurately.
Proposed model outperforms classical and DRL-based strategies on benchmark.

","Model underutilizes empirical interaction data.
Current algorithms are tailored to specific assets.
Market impact and slippage are not considered.",Equity (Stocks),4,Real-world Data,Daily,Time Series,None,,01.01.2008,31.12.2022,No,North America,No,Yes,Different time series,No,No,Yes,No,"Sharpe ratio; Other: Cumulative return, Annualized return",No,No,Simulation-based,Yes,Random or Naive Strategies; Algorithmic Baselines; State of the Art Algorithms,Yes,No,No,No
95,Kan 2024,Learning and processing framework using Fuzzy Deep Neural Network for trading and portfolio rebalancing,Mathis Jander,Kan2024,Learning and processing framework using Fuzzy Deep Neural Network for trading and portfolio rebalancing,Computer Science,Primary,Develop an interpretable fuzzy deep neural network (IFDNN) integrated into a framework for financial market forecasting.,Actor-Critic Method,Portfolio Management,"Created interpretable deep structure using fuzzy logic.
Proposed learning and processing framework.
Presented improved trading strategy using f-MACD.
Compared performance of two RL models in proposed framework.","Only used MACD technical indicators for detecting herd behavior.
Maximum value of membership clusters for fuzzy rules is chosen based on domain knowledge.",Equity (Stocks),3,Real-world Data,Daily,Time Series,None,,01.01.1998,31.12.2021,No,Europe; North America,No,Yes,None,No,Yes,Yes,Yes,Sharpe ratio; Max drawdown; Other: Returns,No,No,Simulation-based,Yes,Random or Naive Strategies; Algorithmic Baselines,Yes,No,Yes,No
95,Kan 2024,Learning and processing framework using Fuzzy Deep Neural Network for trading and portfolio rebalancing,Consensus,Kan2024,Learning and processing framework using Fuzzy Deep Neural Network for trading and portfolio rebalancing,Computer Science,Primary,Develop an interpretable fuzzy deep neural network (IFDNN) integrated into a framework for financial market forecasting.,Actor-Critic Method,Portfolio Management,"Created interpretable deep structure using fuzzy logic.
Proposed learning and processing framework.
Presented improved trading strategy using f-MACD.
Compared performance of two RL models in proposed framework.","Only used MACD technical indicators for detecting herd behavior.
Maximum value of membership clusters for fuzzy rules is chosen based on domain knowledge.",Equity (Stocks),3,Real-world Data,Daily,Time Series,None,,01.01.1998,31.12.2021,No,Europe; North America,No,Yes,None,No,Yes,Yes,Yes,Sharpe ratio; Max drawdown; Other: Returns,No,No,Simulation-based,Yes,Random or Naive Strategies; Algorithmic Baselines,Yes,No,Yes,No
94,Shi 2021,Stock trading rule discovery with double deep Q-network,Mathis Jander,Shi2021,Stock trading rule discovery with double deep Q-network,Applied Soft Computing,Primary,Develop an end-to-end Double DQN framework for stock trend prediction and trading.,Value-based Method,Algorithmic Trading,"Applied end-to-end DDQN model to financial time series analysis problem.
Used CNN to capture hidden dependencies and latent dynamics in stock data.
Proposed two kinds of reward functions.",none,Equity (Stocks),18,Real-world Data,Daily,Time Series,Market Data,,01.01.2015,30.09.2018,No,Asia; North America,No,Yes,Different time series,Yes,Yes,Yes,No,"Max drawdown; Other: Return, Accuracy",No,Yes,Simulation-based,Yes,Random or Naive Strategies; Algorithmic Baselines,Yes,No,No,No
94,Shi 2021,Stock trading rule discovery with double deep Q-network,Consensus,Shi2021,Stock trading rule discovery with double deep Q-network,Applied Soft Computing,Primary,Develop an end-to-end Double DQN framework for stock trend prediction and trading.,Value-based Method,Algorithmic Trading,"Applied end-to-end DDQN model to financial time series analysis problem.
Used CNN to capture hidden dependencies and latent dynamics in stock data.
Proposed two kinds of reward functions.",none,Equity (Stocks),18,Real-world Data,Daily,Time Series,Market Data,,01.01.2015,30.09.2018,No,Asia; North America,No,Yes,Different time series,Yes,Yes,Yes,No,"Max drawdown; Other: Return, Accuracy",No,Yes,Simulation-based,Yes,Random or Naive Strategies; Algorithmic Baselines,Yes,No,No,No
93,Jeong 2024,Pro Trader RL: Reinforcement learning framework for generating trading knowledge by mimicking the decision-making patterns of professional traders,Mathis Jander,Jeong2024,"Pro Trader RL: Reinforcement learning framework for generating trading 
knowledge by mimicking the decision-making patterns of professional traders ","Computer Science, Engineering",Primary,"Develop Pro Trader RL, a reinforcement learning framework that mimics professional traders' decision-making patterns.",Policy-based Method; Actor-Critic Method,Algorithmic Trading,"Proposed ProTrader RL framework consisting of multiple modules.
Framework proposes novel method for calculating relative reward.
Integrated advanced risk management protocols into RL module.
Tested framework in various market scenarios.",none,Equity (Stocks),1465,Real-world Data,Daily,Time Series,None,,25.02.2005,15.10.2023,No,North America,Yes,Yes,Different timeframes,No,No,Yes,No,"Sharpe ratio; Max drawdown; Other: Annual return, Cumulative return, Accuracy of trades",No,No,Simulation-based,Yes,Market Indexes; Algorithmic Baselines,Yes,No,Yes,No
93,Jeong 2024,Pro Trader RL: Reinforcement learning framework for generating trading knowledge by mimicking the decision-making patterns of professional traders,Consensus,Jeong2024,"Pro Trader RL: Reinforcement learning framework for generating trading 
knowledge by mimicking the decision-making patterns of professional traders ","Computer Science, Engineering",Primary,"Develop Pro Trader RL, a reinforcement learning framework that mimics professional traders' decision-making patterns.",Policy-based Method; Actor-Critic Method,Algorithmic Trading,"Proposed ProTrader RL framework consisting of multiple modules.
Framework proposes novel method for calculating relative reward.
Integrated advanced risk management protocols into RL module.
Tested framework in various market scenarios.",none,Equity (Stocks),1465,Real-world Data,Daily,Time Series,None,,25.02.2005,15.10.2023,No,North America,Yes,Yes,Different timeframes,No,No,Yes,No,"Sharpe ratio; Max drawdown; Other: Annual return, Cumulative return, Accuracy of trades",No,No,Simulation-based,Yes,Market Indexes; Algorithmic Baselines,Yes,No,Yes,No
92,Yuan 2020,Using data augmentation based reinforcement learning for daily stock trading,Mathis Jander,Yuan2020,Using Data Augmentation Based Reinforcement Learning for Daily Stock Trading,"Computer Science, Engineering",Primary,To overcome data sparsity in RL for stock trading by training agents on minute-candle data and applying them to daily stock trading.,Value-based Method; Policy-based Method; Actor-Critic Method,Algorithmic Trading,"Proposed data augmentation approach to enlarge training dataset.
Provided an access mechanism based to select stocks for trading.
Showed that proposed model outperforms Buy and Hold strategy.",none,Equity (Stocks),30,Real-world Data,Daily; Minute,Time Series,None,,01.01.2016,12.06.2020,No,Asia,No,Yes,Different timeframes,No,No,Yes,No,Sharpe ratio; Other: Annualized return,No,No,Simulation-based,Yes,Random or Naive Strategies,Yes,Yes,No,No
92,Yuan 2020,Using data augmentation based reinforcement learning for daily stock trading,Consensus,Yuan2020,Using Data Augmentation Based Reinforcement Learning for Daily Stock Trading,"Computer Science, Engineering",Primary,To overcome data sparsity in RL for stock trading by training agents on minute-candle data and applying them to daily stock trading.,Value-based Method; Policy-based Method; Actor-Critic Method,Algorithmic Trading,"Proposed data augmentation approach to enlarge training dataset.
Provided an access mechanism based to select stocks for trading.
Showed that proposed model outperforms Buy and Hold strategy.",none,Equity (Stocks),30,Real-world Data,Daily; Minute,Time Series,None,,01.01.2016,12.06.2020,No,Asia,No,Yes,Different timeframes,No,No,Yes,No,Sharpe ratio; Other: Annualized return,No,No,Simulation-based,Yes,Random or Naive Strategies,Yes,Yes,No,No
91,Wu 2020,Adaptive stock trading strategies with deep reinforcement learning methods,Mathis Jander,Wu2020,Adaptive Stock Trading Strategies with Deep Reinforcement Learning Methods,"Computer Science, Decision Sciences, Engineering, Mathematics",Primary,To develop adaptive stock trading strategies using GRU-based deep learning combined with RL.,Value-based Method; Actor-Critic Method,Algorithmic Trading,"Proposed GRU to extract features from raw data.
Designed risk-adjusted reward function to ensure stable returns.
Proposed strategies outperformed state-of-the-art benchmark strategies.",Did not include portfolio management.,Equity (Stocks),15,Real-world Data,Daily,Time Series,None,,01.08.2000,20.12.2018,No,Asia; Europe; North America,No,Yes,Different time series,Yes,Yes,Yes,No,"Other: Rate of return, Sortino ratio",No,No,Simulation-based,Yes,Algorithmic Baselines; State of the Art Algorithms,Yes,No,No,No
91,Wu 2020,Adaptive stock trading strategies with deep reinforcement learning methods,Consensus,Wu2020,Adaptive Stock Trading Strategies with Deep Reinforcement Learning Methods,"Computer Science, Decision Sciences, Engineering, Mathematics",Primary,To develop adaptive stock trading strategies using GRU-based deep learning combined with RL.,Value-based Method; Actor-Critic Method,Algorithmic Trading,"Proposed GRU to extract features from raw data.
Designed risk-adjusted reward function to ensure stable returns.
Proposed strategies outperformed state-of-the-art benchmark strategies.",Did not include portfolio management.,Equity (Stocks),15,Real-world Data,Daily,Time Series,None,,01.08.2000,20.12.2018,No,Asia; Europe; North America,No,Yes,Different time series,Yes,Yes,Yes,No,"Other: Rate of return, Sortino ratio",No,No,Simulation-based,Yes,Algorithmic Baselines; State of the Art Algorithms,Yes,No,No,No
90,Wu 2021,Portfolio management system in equity market neutral using reinforcement learning,Mathis Jander,Wu2021,"Portfolio management system in equity market neutral using
reinforcement learning",Computer Science,Primary,To design a reinforcement learning-based portfolio management system for equity market neutral strategies..,Policy-based Method,Portfolio Management,"Proposed RL-based portfolio management system concatenated with CNN and RNN.
Provided reward function based on Sharpe ratio to assess trade-off between profitability and risk.
Demonstrated applicability of CNN to formulation of equity market neutral portfolio as well as scalability to variety of datasets.",none,Equity (Stocks),50,Real-world Data,Daily,Time Series,None,,01.08.2015,31.07.2019,No,Asia,No,Yes,Different time series,No,No,Yes,No,"Sharpe ratio; Max drawdown; Other: Total return, Profit factor",No,No,Simulation-based,Yes,Random or Naive Strategies; Algorithmic Baselines,Yes,No,No,No
90,Wu 2021,Portfolio management system in equity market neutral using reinforcement learning,Consensus,Wu2021,"Portfolio management system in equity market neutral using
reinforcement learning",Computer Science,Primary,To design a reinforcement learning-based portfolio management system for equity market neutral strategies..,Policy-based Method,Portfolio Management,"Proposed RL-based portfolio management system concatenated with CNN and RNN.
Provided reward function based on Sharpe ratio to assess trade-off between profitability and risk.
Demonstrated applicability of CNN to formulation of equity market neutral portfolio as well as scalability to variety of datasets.",none,Equity (Stocks),50,Real-world Data,Daily,Time Series,None,,01.08.2015,31.07.2019,No,Asia,No,Yes,Different time series,No,No,Yes,No,"Sharpe ratio; Max drawdown; Other: Total return, Profit factor",No,No,Simulation-based,Yes,Random or Naive Strategies; Algorithmic Baselines,Yes,No,No,No
89,Schnaubelt 2022,Deep reinforcement learning for the optimal placement of cryptocurrency limit orders,Mathis Jander,Schnaubelt2022,Deep reinforcement learning for the optimal placement of cryptocurrency limit orders,"Computer Science, Decision Sciences, Engineering, Mathematics",Primary,Apply deep reinforcement learning (DRL) to limit order placement in cryptocurrency markets.,Value-based Method; Actor-Critic Method,Optimal Order Execution,"Developed environment for RL agent training and evaluation.
Deployed two state-of-the-art DRL agents to optimise order limit placement.
Demonstrate that agent learns order submission strategies that align with empirical evidence.",none,Crypto,3,Real-world Data,Minute,Order Book,Market Data,,01.01.2018,30.06.2019,No,Africa; Asia; Australia and Oceania; Europe; North America; South America,No,Yes,Different time series; Different timeframes,No,No,Yes,Yes,Other: Average relative implementation shortfall,Yes,No,Simulation-based,Yes,Random or Naive Strategies; Algorithmic Baselines; State of the Art Algorithms,Yes,No,No,No
89,Schnaubelt 2022,Deep reinforcement learning for the optimal placement of cryptocurrency limit orders,Consensus,Schnaubelt2022,Deep reinforcement learning for the optimal placement of cryptocurrency limit orders,"Computer Science, Decision Sciences, Engineering, Mathematics",Primary,Apply deep reinforcement learning (DRL) to limit order placement in cryptocurrency markets.,Value-based Method; Actor-Critic Method,Optimal Order Execution,"Developed environment for RL agent training and evaluation.
Deployed two state-of-the-art DRL agents to optimise order limit placement.
Demonstrate that agent learns order submission strategies that align with empirical evidence.",none,Crypto,3,Real-world Data,Minute,Order Book,Market Data,,01.01.2018,30.06.2019,No,Africa; Asia; Australia and Oceania; Europe; North America; South America,No,Yes,Different time series; Different timeframes,No,No,Yes,Yes,Other: Average relative implementation shortfall,Yes,No,Simulation-based,Yes,Random or Naive Strategies; Algorithmic Baselines; State of the Art Algorithms,Yes,No,No,No
88,Chen 2023,Knowledge distillation for portfolio management using multi-agent reinforcement learning,Mathis Jander,Chen2023,Knowledge distillation for portfolio management using multi-agent reinforcement learning,Computer Science,Primary,The study aims to improve portfolio management strategies using reinforcement learning (RL) and knowledge distillation techniques. It introduces a multi-agent system to model financial markets more realistically and uses a teacher-student RL framework to enhance generalization ability.,Policy-based Method,Portfolio Management,"The teacher-student model improved profit performance compared to purely historical data-driven strategies.
The proposed RL framework outperformed baseline models by 48.8% (2019 data) and 25.1% (2021 data).
The model demonstrated stable performance across different stock combinations and timeframes","The study acknowledges that its dataset is limited to the Taiwan Stock Exchange (TWSE), which may restrict its generalizability.
Future research should focus on varying agent compositions to reflect a more dynamic market",Equity (Stocks),12,Real-world Data,Daily,Time Series,Market Data,,01.01.2013,31.12.2021,No,Asia,No,Yes,Different time series; Different timeframes,No,Yes,No,No,"Other: Profit value, Average reward, Downside volatility",No,No,Simulation-based,Yes,Random or Naive Strategies; Algorithmic Baselines; State of the Art Algorithms,Yes,No,Yes,No
88,Chen 2023,Knowledge distillation for portfolio management using multi-agent reinforcement learning,Consensus,Chen2023,Knowledge distillation for portfolio management using multi-agent reinforcement learning,Computer Science,Primary,The study aims to improve portfolio management strategies using reinforcement learning (RL) and knowledge distillation techniques. It introduces a multi-agent system to model financial markets more realistically and uses a teacher-student RL framework to enhance generalization ability.,Policy-based Method,Portfolio Management,"The teacher-student model improved profit performance compared to purely historical data-driven strategies.
The proposed RL framework outperformed baseline models by 48.8% (2019 data) and 25.1% (2021 data).
The model demonstrated stable performance across different stock combinations and timeframes","The study acknowledges that its dataset is limited to the Taiwan Stock Exchange (TWSE), which may restrict its generalizability.
Future research should focus on varying agent compositions to reflect a more dynamic market",Equity (Stocks),12,Real-world Data,Daily,Time Series,Market Data,,01.01.2013,31.12.2021,No,Asia,No,Yes,Different time series; Different timeframes,No,Yes,No,No,"Other: Profit value, Average reward, Downside volatility",No,No,Simulation-based,Yes,Random or Naive Strategies; Algorithmic Baselines; State of the Art Algorithms,Yes,No,Yes,No
87,Yang 2023,Deep reinforcement learning for portfolio management,Mathis Jander,Yang2023,Deep reinforcement learning for portfolio management,"Business, Management and Accounting; Computer Science; Decision Sciences",Primary,To improve portfolio management by incorporating global context via graph-based and attention-based representations.,Actor-Critic Method,Portfolio Management,"Proposed TC learning algorithm, which can learn the task and context of the portfolio.
Proposed MAC framework, which calculates relationships between local assets' features and global context embeddings.
Proposed TC-MAC algorithm for PM.
Showed that TC-MAC outperforms SOTA and can be transferred to different test sets.",none,Equity (Stocks),17,Real-world Data,Daily,Time Series,Market Data,,01.01.2009,31.12.2019,No,North America,No,Yes,Different time series; Different timeframes,Yes,Yes,Yes,Yes,"Sharpe ratio; Max drawdown; Other: Calmar ratio, Net profit, Percentage yield",No,No,Simulation-based,Yes,Market Indexes; Random or Naive Strategies; Algorithmic Baselines; State of the Art Algorithms,Yes,Yes,No,No
87,Yang 2023,Deep reinforcement learning for portfolio management,Consensus,Yang2023,Deep reinforcement learning for portfolio management,"Business, Management and Accounting; Computer Science; Decision Sciences",Primary,To improve portfolio management by incorporating global context via graph-based and attention-based representations.,Actor-Critic Method,Portfolio Management,"Proposed TC learning algorithm, which can learn the task and context of the portfolio.
Proposed MAC framework, which calculates relationships between local assets' features and global context embeddings.
Proposed TC-MAC algorithm for PM.
Showed that TC-MAC outperforms SOTA and can be transferred to different test sets.",none,Equity (Stocks),17,Real-world Data,Daily,Time Series,Market Data,,01.01.2009,31.12.2019,No,North America,No,Yes,Different time series; Different timeframes,Yes,Yes,Yes,Yes,"Sharpe ratio; Max drawdown; Other: Calmar ratio, Net profit, Percentage yield",No,No,Simulation-based,Yes,Market Indexes; Random or Naive Strategies; Algorithmic Baselines; State of the Art Algorithms,Yes,Yes,No,No
86,Kang 2024,Development of an AI framework using neural process continuous reinforcement learning to optimize highly volatile financial portfolios,Mathis Jander,Kang2024,"Development of an AI framework using neural process continuous 
reinforcement learning to optimize highly volatile financial portfolios ","Business, Management and Accounting; Computer Science; Decision Sciences",Primary,"Develop Neural Process Continuous Reinforcement Learning (NPCRL), an AI framework that integrates Attentive Neural Processes (ANP) with Model-Based Reinforcement Learning (MBRL) to optimize portfolio management.",Model-based Method,Portfolio Management,Proposed and validated NCPRL method.,"Analysis is limited to single time point and market.
NCPRL is computationally expensive compared to traditional methods.",Equity (Stocks),10,,Other: Hourly,Time Series,Other: Economic Data,,01.01.2021,30.06.2022,No,North America,No,Yes,None,No,No,Yes,No,"Sharpe ratio; Max drawdown; Other: Treynor ratio, Jensen's alpha, Standard deviation, VaR, CVaR, Drawdown duration",No,No,Simulation-based,Yes,Algorithmic Baselines; State of the Art Algorithms,Yes,No,No,No
86,Kang 2024,Development of an AI framework using neural process continuous reinforcement learning to optimize highly volatile financial portfolios,Consensus,Kang2024,"Development of an AI framework using neural process continuous 
reinforcement learning to optimize highly volatile financial portfolios ","Business, Management and Accounting; Computer Science; Decision Sciences",Primary,"Develop Neural Process Continuous Reinforcement Learning (NPCRL), an AI framework that integrates Attentive Neural Processes (ANP) with Model-Based Reinforcement Learning (MBRL) to optimize portfolio management.",Model-based Method,Portfolio Management,Proposed and validated NCPRL method.,"Analysis is limited to single time point and market.
NCPRL is computationally expensive compared to traditional methods.",Equity (Stocks),10,Real-world Data,Other: Hourly,Time Series,Other: Economic Data,,01.01.2021,30.06.2022,No,North America,No,Yes,None,No,No,Yes,No,"Sharpe ratio; Max drawdown; Other: Treynor ratio, Jensen's alpha, Standard deviation, VaR, CVaR, Drawdown duration",No,No,Simulation-based,Yes,Algorithmic Baselines; State of the Art Algorithms,Yes,No,No,No
85,Khuwaja 2023,Adversarial Learning Networks for FinTech Applications Using Heterogeneous Data Sources,Mathis Jander,Khuwaja2023,Adversarial Learning Networks for FinTech Applications Using Heterogeneous Data Sources,"Computer Science, Decision Sciences",Primary,Develop an Adversarial Learning Network (ALN) using Reinforcement Learning (RL) for stock price movement prediction.,Actor-Critic Method,Other: Stock Movement Prediction,"Proposed unified way to construct knowledge base for stock movement prediction.
Proposed method missing value imputation.
Proposed algorithms for training in adversarial manner.",Extensive hyperparameter tuning required to achieve best predictive performance.,Equity (Stocks),88,Real-world Data,Daily,Time Series,Social Media Data; Other: Economic Data,,01.01.2014,01.01.2016,No,North America,No,Yes,None,No,No,Yes,No,"Other: Accuracy, Matthews correlation coefficient",No,No,Simulation-based,Yes,State of the Art Algorithms,Yes,No,No,No
85,Khuwaja 2023,Adversarial Learning Networks for FinTech Applications Using Heterogeneous Data Sources,Consensus,Khuwaja2023,Adversarial Learning Networks for FinTech Applications Using Heterogeneous Data Sources,"Computer Science, Decision Sciences",Primary,Develop an Adversarial Learning Network (ALN) using Reinforcement Learning (RL) for stock price movement prediction.,Actor-Critic Method,Other: Stock Movement Prediction,"Proposed unified way to construct knowledge base for stock movement prediction.
Proposed method missing value imputation.
Proposed algorithms for training in adversarial manner.",Extensive hyperparameter tuning required to achieve best predictive performance.,Equity (Stocks),88,Real-world Data,Daily,Time Series,Social Media Data; Other: Economic Data,,01.01.2014,01.01.2016,No,North America,No,Yes,None,No,No,Yes,No,"Other: Accuracy, Matthews correlation coefficient",No,No,Simulation-based,Yes,State of the Art Algorithms,Yes,No,No,No
84,Ni 2023,Contextual combinatorial bandit on portfolio management,Mathis Jander,Ni2023,Contextual combinatorial bandit on portfolio management,"Computer Science, Engineering",Primary,Propose and test a two-stage portfolio selection model combining decision tree bagging and LinUCB bandit reinforcement learning.,Model-based Method,Portfolio Management,"Proposed portfolio selection model based on ensemble learning and RL.
Evaluated proposed model with historical stock data.
Proposed model can outperform market.
Proposed model is completely interpretable.",none,Equity (Stocks),300,Real-world Data,Daily,Time Series,Market Data; Fundamental Data,,01.01.2013,31.12.2020,No,Asia,No,Yes,Different timeframes,,No,Yes,No,Sharpe ratio; Max drawdown; Other: Information ratio,No,No,Simulation-based,Yes,Market Indexes; Random or Naive Strategies,Yes,No,Yes,No
84,Ni 2023,Contextual combinatorial bandit on portfolio management,Consensus,Ni2023,Contextual combinatorial bandit on portfolio management,"Computer Science, Engineering",Primary,Propose and test a two-stage portfolio selection model combining decision tree bagging and LinUCB bandit reinforcement learning.,Model-based Method,Portfolio Management,"Proposed portfolio selection model based on ensemble learning and RL.
Evaluated proposed model with historical stock data.
Proposed model can outperform market.
Proposed model is completely interpretable.",none,Equity (Stocks),300,Real-world Data,Daily,Time Series,Market Data; Fundamental Data,,01.01.2013,31.12.2020,No,Asia,No,Yes,Different timeframes,No,No,Yes,No,Sharpe ratio; Max drawdown; Other: Information ratio,No,No,Simulation-based,Yes,Market Indexes; Random or Naive Strategies,Yes,No,Yes,No
80,Shavandi 2022,A multi-agent deep reinforcement learning framework for algorithmic trading in financial markets,Mathis Jander,Shavandi2022,A multi-agent deep reinforcement learning framework for algorithmic trading in financial markets,"Computer Science, Engineering",Primary,"Develop a multi-agent DRL framework where each agent is an expert for a specific trading timeframe (5min, 15min, 1hr).",Value-based Method,Algorithmic Trading,"Introduced a new framework for learning the interactions between various timeframes by collective intelligence of multiple agents.
Demonstrated the superiority of the proposed framework over single independent agents and other benchmark algorithms.","High computational burden of training and
tuning the hyperparameters of several agents simultaneously.
State and action spaces of the RL trading problem
are designed very simplistic.",Currency,1,Real-world Data,"Minute; Other: 5 Minute, Hour",Time Series,Market Data,,19.06.2012,25.05.2021,No,Europe; North America,No,Yes,Different timeframes,No,No,Yes,Yes,"Sharpe ratio; Max drawdown; Other: Cumulative return, Annual return, Win rate, Coefficient of variation",Yes,No,Simulation-based,Yes,Random or Naive Strategies; Algorithmic Baselines,Yes,No,Yes,No
80,Shavandi 2022,A multi-agent deep reinforcement learning framework for algorithmic trading in financial markets,Consensus,Shavandi2022,A multi-agent deep reinforcement learning framework for algorithmic trading in financial markets,"Computer Science, Engineering",Primary,"Develop a multi-agent DRL framework where each agent is an expert for a specific trading timeframe (5min, 15min, 1hr).",Value-based Method,Algorithmic Trading,"Introduced a new framework for learning the interactions between various timeframes by collective intelligence of multiple agents.
Demonstrated the superiority of the proposed framework over single independent agents and other benchmark algorithms.","High computational burden of training and
tuning the hyperparameters of several agents simultaneously.
State and action spaces of the RL trading problem
are designed very simplistic.",Currency,1,Real-world Data,"Minute; Other: 5 Minute, Hour",Time Series,Market Data,,19.06.2012,25.05.2021,No,Europe; North America,No,Yes,Different timeframes,No,No,Yes,Yes,"Sharpe ratio; Max drawdown; Other: Cumulative return, Annual return, Win rate, Coefficient of variation",Yes,No,Simulation-based,Yes,Random or Naive Strategies; Algorithmic Baselines,Yes,No,Yes,No
75,Choi 2024,Outperforming the tutor: Expert-infused deep reinforcement learning for dynamic portfolio selection of diverse assets,Mathis Jander,Choi2024,Outperforming the tutor: Expert-infused deep reinforcement learning for dynamic portfolio selection of diverse assets,"Business, Management and Accounting; Computer Science; Decision Sciences",Primary,"The study aims to develop a reinforcement learning (RL) model for dynamic portfolio selection, using expert-infused knowledge to enhance explainability and performance. It integrates rule-based asset allocation models with deep RL techniques to maximize long-term risk-adjusted investment returns​",Actor-Critic Method,Portfolio Management,"A new approach to building high-performing, long-term dynamic Portfolio Selection Model is proposed.
A novel extension of the SAC-DDPG hybrid RL model is pro-
posed.
The model performance is validated across a broad asset
spectrum and an extensive dataset.",none,"Equity (Stocks); Commodity; Other: Bonds, Treasury",16,Real-world Data,Other: Monthly,Time Series,None,,01.02.1984,31.05.2023,No,Africa; Asia; Australia and Oceania; Europe; North America; South America,No,Yes,None,No,Yes,No,No,"Sharpe ratio; Max drawdown; Other: Sortino ratio, CAGR",No,No,Simulation-based,Yes,Algorithmic Baselines,Yes,Yes,No,No
75,Choi 2024,Outperforming the tutor: Expert-infused deep reinforcement learning for dynamic portfolio selection of diverse assets,Consensus,Choi2024,Outperforming the tutor: Expert-infused deep reinforcement learning for dynamic portfolio selection of diverse assets,"Business, Management and Accounting; Computer Science; Decision Sciences",Primary,"The study aims to develop a reinforcement learning (RL) model for dynamic portfolio selection, using expert-infused knowledge to enhance explainability and performance. It integrates rule-based asset allocation models with deep RL techniques to maximize long-term risk-adjusted investment returns​",Actor-Critic Method,Portfolio Management,"A new approach to building high-performing, long-term dynamic Portfolio Selection Model is proposed.
A novel extension of the SAC-DDPG hybrid RL model is pro-
posed.
The model performance is validated across a broad asset
spectrum and an extensive dataset.",none,"Equity (Stocks); Commodity; Other: Bonds, Treasury",16,Real-world Data,Other: Monthly,Time Series,None,,01.02.1984,31.05.2023,No,Africa; Asia; Australia and Oceania; Europe; North America; South America,No,Yes,None,No,Yes,No,No,"Sharpe ratio; Max drawdown; Other: Sortino ratio, CAGR",No,No,Simulation-based,Yes,Algorithmic Baselines,Yes,Yes,No,No
74,Ngo 2023,Does reinforcement learning outperform deep learning and traditional portfolio optimization models in frontier and developed financial markets?,Mathis Jander,Ngo2023,Does reinforcement learning outperform deep learning and traditional portfolio optimization models in frontier and developed financial markets?,"Business, Management and Accounting; Economics, Econometrics and Finance",Primary,"Compare the performance of reinforcement learning, deep learning, and traditional portfolio optimization methods.",Value-based Method,Portfolio Management,"Demonstrated outperformance of RL against other optimization methods.
","Used only stock market data.
Very little work done on hyperparameter tuning.
Only compared performance of advanced ML with traditional approaches.",Equity (Stocks),59,Real-world Data,Daily,Time Series,None,,01.04.2014,31.10.2021,No,Asia; North America,No,No,Different timeframes,No,Yes,Yes,No,"Sharpe ratio; Max drawdown; Other: VaR(1%), Sortino ratio, Cumulative return",No,No,Simulation-based,Yes,Market Indexes; Random or Naive Strategies; Algorithmic Baselines; State of the Art Algorithms,Yes,No,No,No
74,Ngo 2023,Does reinforcement learning outperform deep learning and traditional portfolio optimization models in frontier and developed financial markets?,Consensus,Ngo2023,Does reinforcement learning outperform deep learning and traditional portfolio optimization models in frontier and developed financial markets?,"Business, Management and Accounting; Economics, Econometrics and Finance",Primary,"Compare the performance of reinforcement learning, deep learning, and traditional portfolio optimization methods.",Value-based Method,Portfolio Management,"Demonstrated outperformance of RL against other optimization methods.
","Used only stock market data.
Very little work done on hyperparameter tuning.
Only compared performance of advanced ML with traditional approaches.",Equity (Stocks),59,Real-world Data,Daily,Time Series,None,,01.04.2014,31.10.2021,No,Asia; North America,No,No,Different timeframes,No,Yes,Yes,No,"Sharpe ratio; Max drawdown; Other: VaR(1%), Sortino ratio, Cumulative return",No,No,Simulation-based,Yes,Market Indexes; Random or Naive Strategies; Algorithmic Baselines; State of the Art Algorithms,Yes,No,No,No
73,Song 2023,From deterministic to stochastic: an interpretable stochastic model-free reinforcement learning framework for portfolio optimization,Mathis Jander,Song2023,From deterministic to stochastic: an interpretable stochastic model-free reinforcement learning framework for portfolio optimization,Computer Science,Primary,Propose a novel stochastic reinforcement learning framework (SPDQ) for portfolio optimization.,Actor-Critic Method,Portfolio Management,"Benchmarked several classic RL algorithms.
Proposed stochastic RL framework for PM.
Enriched state space by adding qualitative financial factors.
Provided interpretation of model strategy and ablation study for different hyperparameters and assessed robustness.",none,Equity (Stocks),22,Real-world Data,Daily,Time Series,None,,03.01.2005,08.12.2020,No,North America,No,Yes,None,No,No,Yes,Yes,"Sharpe ratio; Max drawdown; Other: Annual rate of return, Annualized volatility, Downside deviation ratio",No,No,Simulation-based,Yes,Market Indexes; State of the Art Algorithms,Yes,No,Yes,No
73,Song 2023,From deterministic to stochastic: an interpretable stochastic model-free reinforcement learning framework for portfolio optimization,Consensus,Song2023,From deterministic to stochastic: an interpretable stochastic model-free reinforcement learning framework for portfolio optimization,Computer Science,Primary,Propose a novel stochastic reinforcement learning framework (SPDQ) for portfolio optimization.,Actor-Critic Method,Portfolio Management,"Benchmarked several classic RL algorithms.
Proposed stochastic RL framework for PM.
Enriched state space by adding qualitative financial factors.
Provided interpretation of model strategy and ablation study for different hyperparameters and assessed robustness.",none,Equity (Stocks),22,Real-world Data,Daily,Time Series,None,,03.01.2005,08.12.2020,No,North America,No,Yes,None,No,No,Yes,Yes,"Sharpe ratio; Max drawdown; Other: Annual rate of return, Annualized volatility, Downside deviation ratio",No,No,Simulation-based,Yes,Market Indexes; State of the Art Algorithms,Yes,No,Yes,No
72,Sun 2023,Supervised actor-critic reinforcement learning with action feedback for algorithmic trading,Mathis Jander,Sun2023,Supervised Actor-Critic Reinforcement Learning with Action Feedback for Algorithmic Trading,Computer Science,Primary,Develop RL framework that includes action feedback for correcting mismatched transitions due to partially fulfilled trades.,Actor-Critic Method,Algorithmic Trading,"Proposed action feedback mechanism for RL.
Implemented two algorithms.
Showed that proposed algorithms obtain state-of-the-art profits.",none,Equity (Stocks),30,Real-world Data,Daily,Time Series,None,,01.01.2009,23.09.2020,No,North America,No,Yes,Different time series; None,No,No,Yes,No,"Sharpe ratio; PnL; Max drawdown; Other: Annualized return, Annualized std",No,No,Simulation-based,Yes,Algorithmic Baselines; State of the Art Algorithms,Yes,No,No,No
72,Sun 2023,Supervised actor-critic reinforcement learning with action feedback for algorithmic trading,Consensus,Sun2023a,Supervised Actor-Critic Reinforcement Learning with Action Feedback for Algorithmic Trading,Computer Science,Primary,Develop RL framework that includes action feedback for correcting mismatched transitions due to partially fulfilled trades.,Actor-Critic Method,Algorithmic Trading,"Proposed action feedback mechanism for RL.
Implemented two algorithms.
Showed that proposed algorithms obtain state-of-the-art profits.",none,Equity (Stocks),30,Real-world Data,Daily,Time Series,None,,01.01.2009,23.09.2020,No,North America,No,Yes,Different time series; None,No,No,Yes,No,"Sharpe ratio; PnL; Max drawdown; Other: Annualized return, Annualized std",No,No,Simulation-based,Yes,Algorithmic Baselines; State of the Art Algorithms,Yes,No,No,No
70,Jia 2021,LSTM-DDPG for trading with variable positions,Mathis Jander,Jia2021,LSTM-DDPG for Trading with Variable Positions,"Biochemistry, Genetics and Molecular Biology; Chemistry; Computer Science; Engineering; Medicine; Physics and Astronomy",Primary,"Develop LSTM-DDPG, a deep reinforcement learning (DRL) trading model that determines both position size and direction dynamically.",Actor-Critic Method,Algorithmic Trading,"Proposed LSTM-DDPG model for trading with variable positions.
Considered two different reward functions.
Demonstrated well-balanced trading performance in experiment.",none,Derivative,1,Real-world Data,Daily,Time Series,None,,01.07.2002,30.06.2020,No,Asia,No,Yes,None,No,No,Yes,No,Sharpe ratio; Max drawdown; Other: Total return rate,No,No,Simulation-based,Yes,Random or Naive Strategies; Algorithmic Baselines,Yes,No,No,No
70,Jia 2021,LSTM-DDPG for trading with variable positions,Consensus,Jia2021,LSTM-DDPG for Trading with Variable Positions,"Biochemistry, Genetics and Molecular Biology; Chemistry; Computer Science; Engineering; Medicine; Physics and Astronomy",Primary,"Develop LSTM-DDPG, a deep reinforcement learning (DRL) trading model that determines both position size and direction dynamically.",Actor-Critic Method,Algorithmic Trading,"Proposed LSTM-DDPG model for trading with variable positions.
Considered two different reward functions.
Demonstrated well-balanced trading performance in experiment.",none,Derivative,1,Real-world Data,Daily,Time Series,None,,01.07.2002,30.06.2020,No,Asia,No,Yes,None,No,No,Yes,No,Sharpe ratio; Max drawdown; Other: Total return rate,No,No,Simulation-based,Yes,Random or Naive Strategies; Algorithmic Baselines,Yes,No,No,No
68,Huang 2024,A multi-agent reinforcement learning framework for optimizing financial trading strategies based on TimesNet,Mathis Jander,Huang2024c,A multi-agent reinforcement learning framework for optimizing financial trading strategies based on TimesNet,"Computer Science, Engineering",Primary,Develop a Multi-Agent Double Deep Q-Network (MADDQN) framework for financial trading strategies.,Value-based Method,Algorithmic Trading,"Proposed ovel RL model based on CNN time series feature extraction.
Proposed framework for multi-agent decision making.
Creation of mixed dataset for transfer learning.","It is not guaranteed that final decisions made by agent is optimal.
Hyperparameters might need refinement.
Only two sub-agents implemented to give advice to final agent.",Equity (Stocks),9,Real-world Data,Daily,Time Series,Market Data,,01.01.2007,31.12.2022,No,Asia; Europe; North America,No,Yes,Different time series,No,No,Yes,No,"Sharpe ratio; Max drawdown; Other: Cumulative return, Annualized return",No,No,Simulation-based,Yes,Random or Naive Strategies; State of the Art Algorithms,Yes,Yes,Yes,No
68,Huang 2024,A multi-agent reinforcement learning framework for optimizing financial trading strategies based on TimesNet,Consensus,Huang2024c,A multi-agent reinforcement learning framework for optimizing financial trading strategies based on TimesNet,"Computer Science, Engineering",Primary,Develop a Multi-Agent Double Deep Q-Network (MADDQN) framework for financial trading strategies.,Value-based Method,Algorithmic Trading,"Proposed ovel RL model based on CNN time series feature extraction.
Proposed framework for multi-agent decision making.
Creation of mixed dataset for transfer learning.","It is not guaranteed that final decisions made by agent is optimal.
Hyperparameters might need refinement.
Only two sub-agents implemented to give advice to final agent.",Equity (Stocks),9,Real-world Data,Daily,Time Series,Market Data,,01.01.2007,31.12.2022,No,Asia; Europe; North America,No,Yes,Different time series,No,No,Yes,No,"Sharpe ratio; Max drawdown; Other: Cumulative return, Annualized return",No,No,Simulation-based,Yes,Random or Naive Strategies; State of the Art Algorithms,Yes,Yes,Yes,No
67,Park 2021,Practical Algorithmic Trading Using State Representation Learning and Imitative Reinforcement Learning,Mathis Jander,Park2021,Practical Algorithmic Trading Using State Representation Learning and Imitative Reinforcement Learning,"Computer Science, Engineering, Materials Science",Primary,Extract robust features (state representation) and learn a profitable policy using long positions only.,Actor-Critic Method,Algorithmic Trading,"Proposed practical algorithmic trading method.
Generated good profits using only long positions.
Showed that method outperforms benchmark on profits and generalization ability.",none,Equity (Stocks),62,Real-world Data,Daily,Time Series,Market Data,,01.01.2014,31.12.2020,No,North America,No,Yes,Different time series; Different timeframes,No,Yes,Yes,Yes,Sharpe ratio; Other: Rate of return,No,No,Simulation-based,Yes,Market Indexes; Random or Naive Strategies; State of the Art Algorithms,Yes,No,Yes,No
67,Park 2021,Practical Algorithmic Trading Using State Representation Learning and Imitative Reinforcement Learning,Consensus,Park2021,Practical Algorithmic Trading Using State Representation Learning and Imitative Reinforcement Learning,"Computer Science, Engineering, Materials Science",Primary,Extract robust features (state representation) and learn a profitable policy using long positions only.,Actor-Critic Method,Algorithmic Trading,"Proposed practical algorithmic trading method.
Generated good profits using only long positions.
Showed that method outperforms benchmark on profits and generalization ability.",none,Equity (Stocks),62,Real-world Data,Daily,Time Series,Market Data,,01.01.2014,31.12.2020,No,North America,No,Yes,Different time series; Different timeframes,No,Yes,Yes,Yes,Sharpe ratio; Other: Rate of return,No,No,Simulation-based,Yes,Market Indexes; Random or Naive Strategies; State of the Art Algorithms,Yes,No,Yes,No
66,Hao 2023,Stock Portfolio Management by Using Fuzzy Ensemble Deep Reinforcement Learning Algorithm,Mathis Jander,Hao2023,Stock Portfolio Management by Using Fuzzy Ensemble Deep Reinforcement Learning Algorithm,"Business, Management and Accounting; Economics, Econometrics and Finance",Primary,Develop a fuzzy ensemble deep reinforcement learning (RL) model for stock portfolio management.,Policy-based Method; Actor-Critic Method,Portfolio Management,"The method was able to handle a vast number of stocks.
The method incorporated ensemble technique and fuzzy extensions in addition to existing RL algorithms.
The work added evidence that machines have the potential to beat humans and provide investors with practical way to make profit in the market.","Assumed actions have no impact on market prices.
Assumed stock can be sold and bought at close price and without delay.",Equity (Stocks),94,Real-world Data,Daily,Time Series,Market Data,,01.01.2011,31.12.2021,No,North America,No,Yes,None,No,No,Yes,No,Sharpe ratio; PnL; Other: Return rate in %,Yes,No,Simulation-based,Yes,Market Indexes; Random or Naive Strategies,Yes,No,Yes,No
66,Hao 2023,Stock Portfolio Management by Using Fuzzy Ensemble Deep Reinforcement Learning Algorithm,Consensus,Hao2023,Stock Portfolio Management by Using Fuzzy Ensemble Deep Reinforcement Learning Algorithm,"Business, Management and Accounting; Economics, Econometrics and Finance",Primary,Develop a fuzzy ensemble deep reinforcement learning (RL) model for stock portfolio management.,Policy-based Method; Actor-Critic Method,Portfolio Management,"The method was able to handle a vast number of stocks.
The method incorporated ensemble technique and fuzzy extensions in addition to existing RL algorithms.
The work added evidence that machines have the potential to beat humans and provide investors with practical way to make profit in the market.","Assumed actions have no impact on market prices.
Assumed stock can be sold and bought at close price and without delay.",Equity (Stocks),94,Real-world Data,Daily,Time Series,Market Data,,01.01.2011,31.12.2021,No,North America,No,Yes,None,No,No,Yes,No,Sharpe ratio; PnL; Other: Return rate in %,Yes,No,Simulation-based,Yes,Market Indexes; Random or Naive Strategies,Yes,No,Yes,No
64,Sagiraju 2021,Application of multilayer perceptron to deep reinforcement learning for stock market trading and analysis,Mathis Jander,Sagiraju2021,Application of multilayer perceptron to deep reinforcement learning for stock market trading and analysis,"Computer Science, Engineering, Mathematics",Primary,Test and compare four DRL algorithms in a stock trading simulation using real-world data.,Value-based Method; Policy-based Method; Actor-Critic Method,Algorithmic Trading,"Enhanced PPO, DQN, DDPG and A2C with MLP to increase ability to handle large state and action spaces.
Showed successful adaptation of enhanced DRL algorithms to automate stock trading.
Showed through simulated results that PPO and DQN  outperformed other algorithms.
Demonstrated that proposed model can be used to develop profitable trading strategies.",none,Equity (Stocks),2,Real-world Data,Daily,Time Series,None,,02.01.1992,30.11.2020,No,North America,No,Yes,Different time series; Different timeframes,Yes,Yes,Yes,No,"Sharpe ratio; Max drawdown; Other: Cumulative return, Annual return, Annualized volatility, Sortino ratio, Skewness, Kurtosis, Daily VaR",No,No,Simulation-based,Yes,State of the Art Algorithms,Yes,No,No,No
64,Sagiraju 2021,Application of multilayer perceptron to deep reinforcement learning for stock market trading and analysis,Consensus,Sagiraju2021,Application of multilayer perceptron to deep reinforcement learning for stock market trading and analysis,"Computer Science, Engineering, Mathematics",Primary,Test and compare four DRL algorithms in a stock trading simulation using real-world data.,Value-based Method; Policy-based Method; Actor-Critic Method,Algorithmic Trading,"Enhanced PPO, DQN, DDPG and A2C with MLP to increase ability to handle large state and action spaces.
Showed successful adaptation of enhanced DRL algorithms to automate stock trading.
Showed through simulated results that PPO and DQN  outperformed other algorithms.
Demonstrated that proposed model can be used to develop profitable trading strategies.",none,Equity (Stocks),2,Real-world Data,Daily,Time Series,None,,02.01.1992,30.11.2020,No,North America,No,Yes,Different time series; Different timeframes,Yes,Yes,Yes,No,"Sharpe ratio; Max drawdown; Other: Cumulative return, Annual return, Annualized volatility, Sortino ratio, Skewness, Kurtosis, Daily VaR",No,No,Simulation-based,Yes,State of the Art Algorithms,Yes,No,No,No
61,Lee 2021,Learning to trade in financial time series using high-frequency through wavelet transformation and deep reinforcement learning,Mathis Jander,Lee2021,A Deep Reinforcement Learning Framework for the Financial Portfolio Management Problem,Computer Science,Primary,Propose framework to solve the portfolio management problem.,Policy-based Method; Actor-Critic Method,Portfolio Management,"Confirmed improved learning financial time series transactions.
Developed model for highly volatile markets.",none,Equity (Stocks),3,,Daily,Time Series,Market Data,,01.01.2010,01.01.2020,No,Asia; North America,No,Yes,Different time series; Different timeframes; None,No,No,Yes,No,"Sharpe ratio; Max drawdown; Other: Daily return, Cumulative return",No,No,Simulation-based,Yes,Random or Naive Strategies; State of the Art Algorithms,Yes,No,No,No
61,Lee 2021,Learning to trade in financial time series using high-frequency through wavelet transformation and deep reinforcement learning,Consensus,Lee2021,A Deep Reinforcement Learning Framework for the Financial Portfolio Management Problem,Computer Science,Primary,Propose framework to solve the portfolio management problem.,Policy-based Method; Actor-Critic Method,Portfolio Management,"Confirmed improved learning financial time series transactions.
Developed model for highly volatile markets.",none,Equity (Stocks),3,Real-world Data,Daily,Time Series,Market Data,,01.01.2010,01.01.2020,No,Asia; North America,No,Yes,Different time series; Different timeframes; None,No,No,Yes,No,"Sharpe ratio; Max drawdown; Other: Daily return, Cumulative return",No,No,Simulation-based,Yes,Random or Naive Strategies; State of the Art Algorithms,Yes,No,No,No
59,Kuo 2021,Improving generalization in reinforcement learning-based trading by using a generative adversarial market model,Mathis Jander,Kuo2021,"Improving Generalization in Reinforcement
Learning–Based Trading by Using a
Generative Adversarial Market Model","Computer Science, Engineering, Materials Science",Primary,Improve generalization in RL-based portfolio optimization.,Actor-Critic Method,Portfolio Management,"Proposed generative limited order book model which simulates ordering behaviour of investors in the market.
Introduced limit-order transform module.
Constructed synthetic stock exchange.
Proposed RL-based portfolio optimisation framework.","Based on assumptions that agent has market impact and exogenous variables affect market behaviour.
Lack of systematic approach to verify authenticity of limit order book simulation.",Equity (Stocks),33,Synthetic Data,Minute; Real-time Orderbook,Order Book,Market Data,,01.01.2016,31.12.2016,No,Asia,No,Yes,Different time series; Different timeframes,No,No,Yes,No,Sharpe ratio; PnL; Max drawdown,No,No,Simulation-based,Yes,Random or Naive Strategies; Algorithmic Baselines; State of the Art Algorithms,,No,No,No
59,Kuo 2021,Improving generalization in reinforcement learning-based trading by using a generative adversarial market model,Consensus,Kuo2021,"Improving Generalization in Reinforcement
Learning–Based Trading by Using a
Generative Adversarial Market Model","Computer Science, Engineering, Materials Science",Primary,Improve generalization in RL-based portfolio optimization.,Actor-Critic Method,Portfolio Management,"Proposed generative limited order book model which simulates ordering behaviour of investors in the market.
Introduced limit-order transform module.
Constructed synthetic stock exchange.
Proposed RL-based portfolio optimisation framework.","Based on assumptions that agent has market impact and exogenous variables affect market behaviour.
Lack of systematic approach to verify authenticity of limit order book simulation.",Equity (Stocks),33,Synthetic Data,Minute; Real-time Orderbook,Order Book,Market Data,,01.01.2016,31.12.2016,No,Asia,No,Yes,Different time series; Different timeframes,No,No,Yes,No,Sharpe ratio; PnL; Max drawdown,No,No,Simulation-based,Yes,Random or Naive Strategies; Algorithmic Baselines; State of the Art Algorithms,Yes,No,No,No
56,Lucarelli 2020,A deep Q-learning portfolio management framework for the cryptocurrency market,Mathis Jander,Lucarelli2020,A deep Q-learning portfolio management framework for the cryptocurrency market,Computer Science,Primary,Develop a multi-agent deep Q-learning framework for portfolio management,Value-based Method,Portfolio Management,"Proposed general framework consisting of set of local agents and global agent.
Tested all frameworks on crypto portfolio.
Produced positive results for shorter trading periods.
Showed that proposed DRL PM framework is promising approach.",,Crypto,4,Real-world Data,Other: Hourly,Time Series,None,,01.07.2017,25.12.2018,No,Africa; Asia; Australia and Oceania; Europe; North America; South America,No,Yes,Different timeframes,No,No,Yes,Yes,"Sharpe ratio; Other: Average daily return, ROI, Standard deviation of ROI, Average max loss, Average max gain, Range between Average max loss and Average max gain, Cumulative average net profit",Yes,No,Simulation-based,,Random or Naive Strategies; Algorithmic Baselines,Yes,No,No,No
56,Lucarelli 2020,A deep Q-learning portfolio management framework for the cryptocurrency market,Consensus,Lucarelli2020,A deep Q-learning portfolio management framework for the cryptocurrency market,Computer Science,Primary,Develop a multi-agent deep Q-learning framework for portfolio management,Value-based Method,Portfolio Management,"Proposed general framework consisting of set of local agents and global agent.
Tested all frameworks on crypto portfolio.
Produced positive results for shorter trading periods.
Showed that proposed DRL PM framework is promising approach.",none,Crypto,4,Real-world Data,Other: Hourly,Time Series,None,,01.07.2017,25.12.2018,No,Africa; Asia; Australia and Oceania; Europe; North America; South America,No,Yes,Different timeframes,No,No,Yes,Yes,"Sharpe ratio; Other: Average daily return, ROI, Standard deviation of ROI, Average max loss, Average max gain, Range between Average max loss and Average max gain, Cumulative average net profit",Yes,No,Simulation-based,Yes,Random or Naive Strategies; Algorithmic Baselines,Yes,No,No,No
55,Ma 2023,Multi-agent deep reinforcement learning algorithm with trend consistency regularization for portfolio management,Mathis Jander,Ma2023,Multi-agent deep reinforcement learning algorithm with trend consistency regularization for portfolio management,Computer Science,Primary,"Propose and empirically test the TC-MARL algorithm, a multi-agent DRL strategy using trend consistency regularization.",Policy-based Method,Portfolio Management,"Proposed trend consistency regularization.
Proposed TC-MARL algorithm to learn optimal strategy via switching between two agents.
Showed that proposed algorithm outperforms several state of the art algorithms.",none,Equity (Stocks),15,Real-world Data,Daily,Time Series,None,,01.01.2005,31.12.2019,No,Asia,No,Yes,Different time series,No,No,Yes,Yes,"Sharpe ratio; Max drawdown; Other: Cumulative return ratio, ",No,No,Simulation-based,Yes,Random or Naive Strategies; State of the Art Algorithms,Yes,No,Yes,No
55,Ma 2023,Multi-agent deep reinforcement learning algorithm with trend consistency regularization for portfolio management,Consensus,Ma2023,Multi-agent deep reinforcement learning algorithm with trend consistency regularization for portfolio management,Computer Science,Primary,"Propose and empirically test the TC-MARL algorithm, a multi-agent DRL strategy using trend consistency regularization.",Policy-based Method,Portfolio Management,"Proposed trend consistency regularization.
Proposed TC-MARL algorithm to learn optimal strategy via switching between two agents.
Showed that proposed algorithm outperforms several state of the art algorithms.",none,Equity (Stocks),15,Real-world Data,Daily,Time Series,None,,01.01.2005,31.12.2019,No,Asia,No,Yes,Different time series,No,No,Yes,Yes,"Sharpe ratio; Max drawdown; Other: Cumulative return ratio, ",No,No,Simulation-based,Yes,Random or Naive Strategies; State of the Art Algorithms,Yes,No,Yes,No
54,Maeda 2020,Deep Reinforcement Learning in Agent Based Financial Market Simulation,Mathis Jander,Maeda2020,Deep Reinforcement Learning in Agent Based Financial Market Simulation,Computer Science,Primary,Design a realistic financial market simulator using agent-based modeling,Actor-Critic Method,Algorithmic Trading,"Proposal and verification of DRL framework in agent based artificial market simulations.
Engineered effective DRL networks, market features, action space, and reward function.",Only one DRL agent.,Equity (Stocks),1,Synthetic Data,Other: n.a.,Order Book,None,,-,-,No,,Yes,Yes,None,No,No,Yes,No,Sharpe ratio; Max drawdown; Other: Average reward,Yes,No,Simulation-based,Yes,Random or Naive Strategies; Other: Alternative reward function,Yes,No,Yes,No
54,Maeda 2020,Deep Reinforcement Learning in Agent Based Financial Market Simulation,Consensus,Maeda2020,Deep Reinforcement Learning in Agent Based Financial Market Simulation,Computer Science,Primary,Design a realistic financial market simulator using agent-based modeling,Actor-Critic Method,Algorithmic Trading,"Proposal and verification of DRL framework in agent based artificial market simulations.
Engineered effective DRL networks, market features, action space, and reward function.",Only one DRL agent.,Equity (Stocks),1,Synthetic Data,Other: n.a.,Order Book,None,,-,-,No,,Yes,Yes,None,No,No,Yes,No,Sharpe ratio; Max drawdown; Other: Average reward,Yes,No,Simulation-based,Yes,Random or Naive Strategies; Other: Alternative reward function,Yes,No,Yes,No
53,Park 2024,Twin-system recurrent reinforcement learning for optimizing portfolio strategy,Mathis Jander,Park2024,"Twin-system recurrent reinforcement learning for optimizing portfolio
strategy","Computer Science, Engineering",Primary,Develop a twin-system reinforcement learning (TSRRL) approach to handle practical constraints in portfolio optimization.,Policy-based Method,Portfolio Management,"Proposed approach based on Recurrent RL to solve portfolio management problems that involve practical constraints.
Incorporated heuristic approach for policy improvement.
Optimized multi-asset portfolio strategy.
Designed new policy network for multi-asset portfolio management.",Slow learning speed due to heuristic.,Equity (Stocks); Currency,14,Real-world Data,Daily,Time Series,None,,01.04.2014,31.12.2021,No,Asia; Australia and Oceania; Europe; North America,No,Yes,None,Yes,No,Yes,No,"Sharpe ratio; Max drawdown; Other: Cumulative  return, Sterling ratio",No,No,Simulation-based,Yes,Market Indexes; Random or Naive Strategies; Algorithmic Baselines; State of the Art Algorithms,Yes,No,No,No
53,Park 2024,Twin-system recurrent reinforcement learning for optimizing portfolio strategy,Consensus,Park2024a,"Twin-system recurrent reinforcement learning for optimizing portfolio
strategy","Computer Science, Engineering",Primary,Develop a twin-system reinforcement learning (TSRRL) approach to handle practical constraints in portfolio optimization.,Policy-based Method,Portfolio Management,"Proposed approach based on Recurrent RL to solve portfolio management problems that involve practical constraints.
Incorporated heuristic approach for policy improvement.
Optimized multi-asset portfolio strategy.
Designed new policy network for multi-asset portfolio management.",Slow learning speed due to heuristic.,Equity (Stocks); Currency,14,Real-world Data,Daily,Time Series,None,,01.04.2014,31.12.2021,No,Asia; Australia and Oceania; Europe; North America,No,Yes,None,Yes,No,Yes,No,"Sharpe ratio; Max drawdown; Other: Cumulative  return, Sterling ratio",No,No,Simulation-based,Yes,Market Indexes; Random or Naive Strategies; Algorithmic Baselines; State of the Art Algorithms,Yes,No,No,No
52,Jiang 2024,Deep reinforcement learning for portfolio selection,Mathis Jander,Jiang2024,"Dep reinforcement learning for portfolio selection 
","Economics, Econometrics and Finance",Primary,Develop a deep reinforcement learning (DRL) framework for optimal portfolio allocation in complex financial markets.,Actor-Critic Method,Portfolio Management,"Proposed model that accommodates high-dimensional portfolios.
Embedded market risk, individual risk aversion and transaction costs into the objective function.
Solved Bellman type equations through TD3 approach.",none,Equity (Stocks),130,Real-world Data,Daily,Time Series,None,,01.04.2010,09.03.2023,No,North America,No,Yes,None,No,No,Yes,No,"Sharpe ratio; Max drawdown; Other: Annual return, Cumulative return, Annual volatility, Calmar ratio",No,No,Simulation-based,Yes,Algorithmic Baselines; State of the Art Algorithms,Yes,No,Yes,No
52,Jiang 2024,Deep reinforcement learning for portfolio selection,Consensus,Jiang2024,"Dep reinforcement learning for portfolio selection 
","Economics, Econometrics and Finance",Primary,Develop a deep reinforcement learning (DRL) framework for optimal portfolio allocation in complex financial markets.,Actor-Critic Method,Portfolio Management,"Proposed model that accommodates high-dimensional portfolios.
Embedded market risk, individual risk aversion and transaction costs into the objective function.
Solved Bellman type equations through TD3 approach.",none,Equity (Stocks),130,Real-world Data,Daily,Time Series,None,,01.04.2010,09.03.2023,No,North America,No,Yes,None,No,No,Yes,No,"Sharpe ratio; Max drawdown; Other: Annual return, Cumulative return, Annual volatility, Calmar ratio",No,No,Simulation-based,Yes,Algorithmic Baselines; State of the Art Algorithms,Yes,No,Yes,No
50,Li 2023,Online portfolio management via deep reinforcement learning with high-frequency data,Mathis Jander,Li2023,Online portfolio management via deep reinforcement learning with high-frequency data,"Computer Science, Decision Sciences, Engineering, Social Sciences",Primary,"Develop a reinforcement learning-based framework (LSRE-CAAN) that handles non-stationary, noisy, and high-frequency financial data.",Policy-based Method,Portfolio Management,"Applied long sequence representations extractor to financial portfolio decision making.
Took important step forward in RL-based portfolio management research.
Showed that proposed framework outperforms other strategies.","Model is heuristic.
Unclear whether representation extraction  has theoretical guarantees.",Crypto,39,Real-world Data,Other: Tick,Time Series,Market Data,,18.06.2018,28.04.2021,No,Africa; Asia; Australia and Oceania; Europe; North America; South America,No,Yes,Different time series; Different timeframes,Yes,Yes,Yes,Yes,"Sharpe ratio; Max drawdown; Other: Cumulative wealth, Average turnover",No,No,Simulation-based,Yes,Market Indexes; Random or Naive Strategies; Algorithmic Baselines; State of the Art Algorithms,Yes,No,No,No
50,Li 2023,Online portfolio management via deep reinforcement learning with high-frequency data,Consensus,Li2023a,Online portfolio management via deep reinforcement learning with high-frequency data,"Computer Science, Decision Sciences, Engineering, Social Sciences",Primary,"Develop a reinforcement learning-based framework (LSRE-CAAN) that handles non-stationary, noisy, and high-frequency financial data.",Policy-based Method,Portfolio Management,"Applied long sequence representations extractor to financial portfolio decision making.
Took important step forward in RL-based portfolio management research.
Showed that proposed framework outperforms other strategies.","Model is heuristic.
Unclear whether representation extraction  has theoretical guarantees.",Crypto,39,Real-world Data,Other: Tick,Time Series,Market Data,,18.06.2018,28.04.2021,No,Africa; Asia; Australia and Oceania; Europe; North America; South America,No,Yes,Different time series; Different timeframes,Yes,Yes,Yes,Yes,"Sharpe ratio; Max drawdown; Other: Cumulative wealth, Average turnover",No,No,Simulation-based,Yes,Market Indexes; Random or Naive Strategies; Algorithmic Baselines; State of the Art Algorithms,Yes,No,No,No
48,Song 2022,Design and Application of Financial Market Option Pricing System Based on High-Performance Computing and Deep Reinforcement Learning,Mathis Jander,Song2022,Design and Application of Financial Market Option Pricing System Based on High-Performance Computing and Deep Reinforcement Learning,Computer Science,Primary,Develop a financial option pricing system.,Model-based Method,Option Pricing,"Introduced option pricing system based on DRL.
Carried out empirical experiment.",none,Derivative,-,Real-world Data,Daily,Time Series,Market Data,,-,-,No,,No,Yes,None,No,No,Yes,No,"Other: Accuracy, Average successful ratio",No,No,Simulation-based,No,n/a,n/a,No,No,No
48,Song 2022,Design and Application of Financial Market Option Pricing System Based on High-Performance Computing and Deep Reinforcement Learning,Consensus,Song2022,Design and Application of Financial Market Option Pricing System Based on High-Performance Computing and Deep Reinforcement Learning,Computer Science,Primary,Develop a financial option pricing system.,Model-based Method,Option Pricing,"Introduced option pricing system based on DRL.
Carried out empirical experiment.",none,Derivative,-,Real-world Data,Daily,Time Series,Market Data,,-,-,No,,No,Yes,None,No,No,Yes,No,"Other: Accuracy, Average successful ratio",No,No,Simulation-based,No,n/a,n/a,No,No,No
47,Wu 2023,A hybrid stock market prediction model based on GNG and reinforcement learning,Mathis Jander,Wu2023,Adaptive Stock Trading Strategies with Deep Reinforcement Learning Methods,"Computer Science, Decision Sciences, Engineering, Mathematics",Primary,To develop adaptive stock trading strategies using GRU-based deep learning combined with RL.,Value-based Method; Actor-Critic Method,Algorithmic Trading,"Proposed GRU to extract features from raw data.
Designed risk-adjusted reward function to ensure stable returns.
Proposed strategies outperformed state-of-the-art benchmark strategies.",Did not include portfolio management.,Equity (Stocks),15,Real-world Data,Daily,Time Series,None,,01.08.2008,20.12.2018,No,Asia; Europe; North America,No,Yes,Different time series; Different timeframes,Yes,Yes,Yes,No,"Other: Rate of return, Sortino ratio",No,No,Simulation-based,Yes,Algorithmic Baselines; State of the Art Algorithms,Yes,No,No,No
47,Wu 2023,A hybrid stock market prediction model based on GNG and reinforcement learning,Consensus,Wu2023,"A hybrid stock market prediction model based on GNG and 
reinforcement learning","Computer Science, Engineering",Primary,"To develop a hybrid stock market prediction model that uses GNG (Growing Neural Gas) for clustering market states and a novel Triple Q-learning algorithm to reduce maximization bias in RL trading agents, aiming for improved return and risk metrics.",Value-based Method,Algorithmic Trading,"Redesigned RL method to use growing neural gas method to group historical stock trading data.
Redesigned reward function to evaluate trading behavior.
Developed Triple Q-learning algorithm.
Demonstrated that proposed model is competitive on all datasets.",none,Equity (Stocks),9,Real-world Data,Daily,Time Series,None,,02.01.2001,31.12.2018,No,Asia; Europe; North America,No,Yes,Different time series; Different timeframes,Yes,Yes,Yes,Yes,"Sharpe ratio; Max drawdown; Other: Accumulated return, Average annual return, Standard deviation",No,No,Simulation-based,Yes,Random or Naive Strategies; Algorithmic Baselines,Yes,No,No,No
46,Yue 2022,A Novel Anti-Risk Method for Portfolio Trading Using Deep Reinforcement Learning,Mathis Jander,Yue2022,A Novel Anti-Risk Method for Portfolio Trading Using Deep Reinforcement Learning,"Computer Science, Engineering",Primary,To improve risk control and decision robustness in portfolio trading.,Actor-Critic Method,Portfolio Management,"Proposed state preprocessing network employing SSDAE.
Demonstrated that proposed method outperforms other state preprocessing methods, DJIA and a SOTA method.
Demonstrated that proposed method performs better in balancing benefits and risks.",none,Equity (Stocks),24,Real-world Data,Daily,Time Series,Market Data,,01.01.2014,31.01.2019,No,North America,No,Yes,Different timeframes,No,Yes,Yes,No,"Sharpe ratio; Max drawdown; Other: Cumulative return, Calmar ratio, Alpha, Beta",No,No,Simulation-based,Yes,Market Indexes; Algorithmic Baselines; State of the Art Algorithms,Yes,No,Yes,No
46,Yue 2022,A Novel Anti-Risk Method for Portfolio Trading Using Deep Reinforcement Learning,Consensus,Yue2022a,A Novel Anti-Risk Method for Portfolio Trading Using Deep Reinforcement Learning,"Computer Science, Engineering",Primary,To improve risk control and decision robustness in portfolio trading.,Actor-Critic Method,Portfolio Management,"Proposed state preprocessing network employing SSDAE.
Demonstrated that proposed method outperforms other state preprocessing methods, DJIA and a SOTA method.
Demonstrated that proposed method performs better in balancing benefits and risks.",none,Equity (Stocks),24,Real-world Data,Daily,Time Series,Market Data,,01.01.2014,31.01.2019,No,North America,No,Yes,Different timeframes,No,Yes,Yes,No,"Sharpe ratio; Max drawdown; Other: Cumulative return, Calmar ratio, Alpha, Beta",No,No,Simulation-based,Yes,Market Indexes; Algorithmic Baselines; State of the Art Algorithms,Yes,No,Yes,No
45,Jang 2023,Deep reinforcement learning for stock portfolio optimization by connecting with modern portfolio theory,Mathis Jander,Jang2023,Deep reinforcement learning for stock portfolio optimization by connecting with modern portfolio theory ,"Computer Science, Engineering",Primary,Combine reinforcement learning (RL) with Modern Portfolio Theory (MPT) for optimal stock portfolio management.,Policy-based Method; Actor-Critic Method,Portfolio Management,"Proposed PM method based on RL that incorporates modern portfolio theory.
Used Tucker decomposition to encode temporal and spatial relationships.
Backtested assets included in Dow Jones Indices.","Used only DDPG for comparison.
Did not adjust reward function.",Equity (Stocks),29,Real-world Data,Daily,Time Series,Market Data,,01.01.2009,31.12.2019,No,North America,Yes,Yes,None,No,No,Yes,No,Sharpe ratio; Max drawdown; Other: Final accumulative portfolio value,No,No,Simulation-based,Yes,Random or Naive Strategies; State of the Art Algorithms,Yes,No,No,No
45,Jang 2023,Deep reinforcement learning for stock portfolio optimization by connecting with modern portfolio theory,Consensus,Jang2023,Deep reinforcement learning for stock portfolio optimization by connecting with modern portfolio theory ,"Computer Science, Engineering",Primary,Combine reinforcement learning (RL) with Modern Portfolio Theory (MPT) for optimal stock portfolio management.,Policy-based Method; Actor-Critic Method,Portfolio Management,"Proposed PM method based on RL that incorporates modern portfolio theory.
Used Tucker decomposition to encode temporal and spatial relationships.
Backtested assets included in Dow Jones Indices.","Used only DDPG for comparison.
Did not adjust reward function.",Equity (Stocks),29,Real-world Data,Daily,Time Series,Market Data,,01.01.2009,31.12.2019,No,North America,Yes,Yes,None,No,No,Yes,No,Sharpe ratio; Max drawdown; Other: Final accumulative portfolio value,No,No,Simulation-based,Yes,Random or Naive Strategies; State of the Art Algorithms,Yes,No,No,No
44,Lei 2020,Time-driven feature-aware jointly deep reinforcement learning for financial signal representation and algorithmic trading,Mathis Jander,Lei2020,Time-driven feature-aware jointly deep reinforcement learning for financial signal representation and algorithmic trading,"Computer Science, Engineering",Primary,To improve both the financial signal representation and trading decision-making by proposing a joint deep reinforcement learning model.,Policy-based Method,Algorithmic Trading,"Proposed TFJ-DRL model that combines deep learning and reinforcement learning to improve financial signal representation learning and action decision making in trading.
Implemented state representation that selects and reweighs features dynamically.
Showed that TFJ-DRL consistently outperforms state of the art methods.",Proposed model can only trade one asset at a time.,Equity (Stocks),58,Real-world Data,Daily,Time Series,Market Data,,01.01.2000,31.12.2019,No,North America,No,No,Different time series; Different timeframes,Yes,Yes,Yes,No,"Sharpe ratio; PnL; Other: Annualized return, Transaction times, Profit curve",No,No,Simulation-based,Yes,Random or Naive Strategies; Algorithmic Baselines; State of the Art Algorithms,Yes,No,Yes,No
44,Lei 2020,Time-driven feature-aware jointly deep reinforcement learning for financial signal representation and algorithmic trading,Consensus,Lei2020,Time-driven feature-aware jointly deep reinforcement learning for financial signal representation and algorithmic trading,"Computer Science, Engineering",Primary,To improve both the financial signal representation and trading decision-making by proposing a joint deep reinforcement learning model.,Policy-based Method,Algorithmic Trading,"Proposed TFJ-DRL model that combines deep learning and reinforcement learning to improve financial signal representation learning and action decision making in trading.
Implemented state representation that selects and reweighs features dynamically.
Showed that TFJ-DRL consistently outperforms state of the art methods.",Proposed model can only trade one asset at a time.,Equity (Stocks),58,Real-world Data,Daily,Time Series,Market Data,,01.01.2000,31.12.2019,No,North America,No,No,Different time series; Different timeframes,Yes,Yes,Yes,No,"Sharpe ratio; PnL; Other: Annualized return, Transaction times, Profit curve",No,No,Simulation-based,Yes,Random or Naive Strategies; Algorithmic Baselines; State of the Art Algorithms,Yes,No,Yes,No
43,Betancourt 2021,Deep reinforcement learning for portfolio management of markets with a dynamic number of assets,Mathis Jander,Betancourt 2021,Deep reinforcement learning for portfolio management of markets with a dynamic number of assets,"Computer Science, Engineering",Primary,Develop RL agent for portfolio management with dynamic number of assets,Value-based Method; Policy-based Method,Portfolio Management,trading system without limitation of fixed number of assets; transaction costs are included in decisions; proposed method is implemented with cryptocurrency dataset; proposed method outperforms state of the art methods,assumption that trades don't affect price of assets,Crypto,85,Real-world Data,"Daily; Other: 30 min, 6 hours",Time Series,Market Data,,17.08.2017,01.11.2019,No,Africa; Asia; Australia and Oceania; Europe; North America; South America,No,Yes,Different timeframes,No,No,No,No,Sharpe ratio; Other: Total return,Yes,No,Simulation-based,Yes,State of the Art Algorithms,Yes,No,No,No
43,Betancourt 2021,Deep reinforcement learning for portfolio management of markets with a dynamic number of assets,Consensus,Betancourt 2021a,Deep reinforcement learning for portfolio management of markets with a dynamic number of assets,"Computer Science, Engineering",Primary,Develop RL agent for portfolio management with dynamic number of assets,Value-based Method; Policy-based Method,Portfolio Management,trading system without limitation of fixed number of assets; transaction costs are included in decisions; proposed method is implemented with cryptocurrency dataset; proposed method outperforms state of the art methods,assumption that trades don't affect price of assets,Crypto,85,Real-world Data,"Daily; Other: 30 min, 6 hours",Time Series,Market Data,,17.08.2017,01.11.2019,No,Africa; Asia; Australia and Oceania; Europe; North America; South America,No,Yes,Different timeframes,No,No,No,No,Sharpe ratio; Other: Total return,Yes,No,Simulation-based,Yes,State of the Art Algorithms,Yes,No,No,No
42,Ma 2021,A parallel multi-module deep reinforcement learning algorithm for stock trading,Mathis Jander,Ma2021,A parallel multi-module deep reinforcement learning algorithm for stock trading,"Computer Science, Neuroscience",Primary,Develop Parallel Multi-Module Deep Reinforcement Learning (PMMRL) algorithm for stock trading.,Value-based Method,Algorithmic Trading,"Proposed PMMRL algorithm for stock trading.
Showed that PMMRL outperformed several state of the art algorithms.","Algorithm can only be used for trading stocks.
Only tested single-stock trading.
No risk management considered.",Equity (Stocks),8,Real-world Data,Daily,Time Series,Market Data; Fundamental Data,,01.01.2005,31.12.2019,No,Asia,No,Yes,Different time series,Yes,Yes,Yes,Yes,"Sharpe ratio; Max drawdown; Other: Cumulative return ratio, Sortino ratio, Calmar ratio, Longest drawdown days",No,No,Simulation-based,Yes,Market Indexes; Random or Naive Strategies; State of the Art Algorithms,Yes,No,No,No
42,Ma 2021,A parallel multi-module deep reinforcement learning algorithm for stock trading,Consensus,Ma2021,A parallel multi-module deep reinforcement learning algorithm for stock trading,"Computer Science, Neuroscience",Primary,Develop Parallel Multi-Module Deep Reinforcement Learning (PMMRL) algorithm for stock trading.,Value-based Method,Algorithmic Trading,"Proposed PMMRL algorithm for stock trading.
Showed that PMMRL outperformed several state of the art algorithms.","Algorithm can only be used for trading stocks.
Only tested single-stock trading.
No risk management considered.",Equity (Stocks),8,Real-world Data,Daily,Time Series,Market Data; Fundamental Data,,01.01.2005,31.12.2019,No,Asia,No,Yes,Different time series,Yes,Yes,Yes,Yes,"Sharpe ratio; Max drawdown; Other: Cumulative return ratio, Sortino ratio, Calmar ratio, Longest drawdown days",No,No,Simulation-based,Yes,Market Indexes; Random or Naive Strategies; State of the Art Algorithms,Yes,No,No,No
41,Hirchoua 2021,Deep reinforcement learning based trading agents: Risk curiosity driven learning for financial rules-based policy,Mathis Jander,Hirchoua2021,Deep reinforcement learning based trading agents: Risk curiosity driven learning for financial rules-based policy ,"Computer Science, Engineering",Primary,Develop a deep reinforcement learning (DRL) model that integrates risk curiosity-driven learning for financial trading.,Policy-based Method,Algorithmic Trading,Introduction of novel rule-based policy for simultaneous real-time decision making and risk curiosity-driven learning.,none,Equity (Stocks); Crypto,8,Real-world Data,Daily,Time Series,None,,01.01.1960,31.12.2019,No,Africa; Asia; Australia and Oceania; Europe; North America; South America,No,Yes,Different time series; Different timeframes,Yes,Yes,Yes,No,PnL,No,No,Simulation-based,,State of the Art Algorithms,Yes,Yes,Yes,No
41,Hirchoua 2021,Deep reinforcement learning based trading agents: Risk curiosity driven learning for financial rules-based policy,Consensus,Hirchoua2021,Deep reinforcement learning based trading agents: Risk curiosity driven learning for financial rules-based policy ,"Computer Science, Engineering",Primary,Develop a deep reinforcement learning (DRL) model that integrates risk curiosity-driven learning for financial trading.,Policy-based Method,Algorithmic Trading,Introduction of novel rule-based policy for simultaneous real-time decision making and risk curiosity-driven learning.,none,Equity (Stocks); Crypto,8,Real-world Data,Daily,Time Series,None,,01.01.1960,31.12.2019,No,Africa; Asia; Australia and Oceania; Europe; North America; South America,No,Yes,Different time series; Different timeframes,Yes,Yes,Yes,No,PnL,No,No,Simulation-based,,State of the Art Algorithms,Yes,Yes,Yes,No
38,Junfeng 2024,Portfolio management based on a reinforcement learning framework,Mathis Jander,Junfeng2023,Portfolio management based on a reinforcement learning framework,"Business, Management and Accounting; Computer Science; Decision Sciences; Economics, Econometrics and Finance; Mathematics",Primary,Develop a reinforcement learning-based portfolio management framework using Proximal Policy Optimization (PPO).,Actor-Critic Method,Portfolio Management,"Proposed RL framework that solves the constraint problem in portfolio management.
Used three different methods for feature extraction.
Conducted experiments on six kinds of assets.",none,Equity (Stocks); Commodity; Other: Bond ETF,6,Real-world Data,Daily,Time Series,None,,05.01.2005,30.12.2019,No,Africa; Asia; Australia and Oceania; Europe; North America; South America,No,Yes,None,No,No,Yes,Yes,"Sharpe ratio; Max drawdown; Other: Cumulative return, Annual return, Sortino ratio",No,No,Simulation-based,Yes,Random or Naive Strategies; Algorithmic Baselines,Yes,No,No,No
38,Junfeng 2024,Portfolio management based on a reinforcement learning framework,Consensus,Junfeng2023,Portfolio management based on a reinforcement learning framework,"Business, Management and Accounting; Computer Science; Decision Sciences; Economics, Econometrics and Finance; Mathematics",Primary,Develop a reinforcement learning-based portfolio management framework using Proximal Policy Optimization (PPO).,Actor-Critic Method,Portfolio Management,"Proposed RL framework that solves the constraint problem in portfolio management.
Used three different methods for feature extraction.
Conducted experiments on six kinds of assets.",none,Equity (Stocks); Commodity; Other: Bond ETF,6,Real-world Data,Daily,Time Series,None,,05.01.2005,30.12.2019,No,Africa; Asia; Australia and Oceania; Europe; North America; South America,No,Yes,None,No,No,Yes,Yes,"Sharpe ratio; Max drawdown; Other: Cumulative return, Annual return, Sortino ratio",No,No,Simulation-based,Yes,Random or Naive Strategies; Algorithmic Baselines,Yes,No,No,No
37,Cheng 2024,Multiagent-based deep reinforcement learning framework for multi-asset adaptive trading and portfolio management,Mathis Jander,Cheng 2024,Multiagent-based deep reinforcement learning framework for multi-asset adaptive trading and portfolio management ,"Computer Science, Neuroscience",Primary,"To develop an automated multi‑agent trading framework that integrates a Trading Action Module (TAM) and a Trading Portfolio Module (TPM).
To combine different data representations (price, candlestick, and technical features) via separate agents for improved decision making.
To enhance portfolio performance through adaptive asset weighting and long–short trading actions under a unified DRL approach based on the TD3 algorithm.",Actor-Critic Method,Portfolio Management,"The proposed multi‑agent DRL framework (integrating TAM and TPM) outperforms single‑agent approaches, achieving more stable and higher accumulated returns.
Backtesting on three stocks (Yuanta Group (2885), TSMC (2330), and Evergreen (2603)) shows competitive win rates, improved Sharpe ratios, and controlled max drawdowns.",Data used in the experiments is confidential,Equity (Stocks),3,Real-world Data,Daily,Time Series,None,,10.12.2018,20.04.2022,No,Asia,No,Yes,Different time series,No,No,Yes,Yes,Sharpe ratio; PnL; Max drawdown; Other: Win rate,No,No,Simulation-based,Yes,State of the Art Algorithms,Yes,No,Yes,No
37,Cheng 2024,Multiagent-based deep reinforcement learning framework for multi-asset adaptive trading and portfolio management,Consensus,Cheng 2024,Multiagent-based deep reinforcement learning framework for multi-asset adaptive trading and portfolio management ,"Computer Science, Neuroscience",Primary,"To develop an automated multi‑agent trading framework that integrates a Trading Action Module (TAM) and a Trading Portfolio Module (TPM).
To combine different data representations (price, candlestick, and technical features) via separate agents for improved decision making.
To enhance portfolio performance through adaptive asset weighting and long–short trading actions under a unified DRL approach based on the TD3 algorithm.",Actor-Critic Method,Portfolio Management,"The proposed multi‑agent DRL framework (integrating TAM and TPM) outperforms single‑agent approaches, achieving more stable and higher accumulated returns.
Backtesting on three stocks (Yuanta Group (2885), TSMC (2330), and Evergreen (2603)) shows competitive win rates, improved Sharpe ratios, and controlled max drawdowns.",Data used in the experiments is confidential,Equity (Stocks),3,Real-world Data,Daily,Time Series,None,,10.12.2018,20.04.2022,No,Asia,No,Yes,Different time series,No,No,Yes,Yes,Sharpe ratio; PnL; Max drawdown; Other: Win rate,No,No,Simulation-based,Yes,State of the Art Algorithms,Yes,No,Yes,No
36,Park 2024,Uncertainty-Aware Portfolio Management With Risk-Sensitive Multiagent Network,Mathis Jander,Park2024c,Uncertainty-Aware Portfolio Management With Risk-Sensitive Multiagent Network,Computer Science,Primary,Propose a new RL framework (RSMAN) for portfolio management.,Value-based Method,Portfolio Management,"Proposed novel reward definition for investment domain.
First attempt to explicitly assess both types of uncertainty in DNNs for the PM task.
Proposed novel portfolio generator that mimics rational investors.
Showed validity of framework with experiments in stock markets.",none,Equity (Stocks),157,Real-world Data,Daily,Time Series,None,,01.01.2000,31.05.2020,No,Asia; North America,No,Yes,Different time series,No,No,Yes,No,"Sharpe ratio; Max drawdown; Other: Annualized profit rate, Calmar ratio",No,No,Simulation-based,,Random or Naive Strategies; Algorithmic Baselines; State of the Art Algorithms,Yes,No,No,No
36,Park 2024,Uncertainty-Aware Portfolio Management With Risk-Sensitive Multiagent Network,Consensus,Park2024c,Uncertainty-Aware Portfolio Management With Risk-Sensitive Multiagent Network,Computer Science,Primary,Propose a new RL framework (RSMAN) for portfolio management.,Value-based Method,Portfolio Management,"Proposed novel reward definition for investment domain.
First attempt to explicitly assess both types of uncertainty in DNNs for the PM task.
Proposed novel portfolio generator that mimics rational investors.
Showed validity of framework with experiments in stock markets.",none,Equity (Stocks),157,Real-world Data,Daily,Time Series,None,,01.01.2000,31.05.2020,No,Asia; North America,No,Yes,Different time series,No,No,Yes,No,"Sharpe ratio; Max drawdown; Other: Annualized profit rate, Calmar ratio",No,No,Simulation-based,Yes,Random or Naive Strategies; Algorithmic Baselines; State of the Art Algorithms,Yes,No,No,No
35,Brini 2023,Deep reinforcement trading with predictable returns,Mathis Jander,Brini 2023,Deep reinforcement trading with predictable returns,"Mathematics, Physics and Astronomy",Primary,Investigate the performance of model-free DRL traders in different market environments,Value-based Method; Policy-based Method,Algorithmic Trading,Novel model; Show that DRL agents can match optimal benchmark and surpass misspecified benchmark,none,Other: n/a,n/a,Synthetic Data,Other: n/a,Time Series,None,,-,-,No,,No,Yes,Different time series,No,Yes,Yes,Yes,Sharpe ratio; PnL,Yes,Yes,Simulation-based,Yes,Algorithmic Baselines,Yes,No,Yes,No
35,Brini 2023,Deep reinforcement trading with predictable returns,Consensus,Brini 2023,Deep reinforcement trading with predictable returns,"Mathematics, Physics and Astronomy",Primary,Investigate the performance of model-free DRL traders in different market environments,Value-based Method; Policy-based Method,Algorithmic Trading,Novel model; Show that DRL agents can match optimal benchmark and surpass misspecified benchmark,none,Other: n/a,n/a,Synthetic Data,Other: n/a,Time Series,None,,-,-,No,,No,Yes,Different time series,No,Yes,Yes,Yes,Sharpe ratio; PnL,Yes,Yes,Simulation-based,Yes,Algorithmic Baselines,Yes,No,Yes,No
34,Calabuig 2020,Dreaming machine learning: Lipschitz extensions for reinforcement learning on financial markets,Mathis Jander,Calabuig 2020,Dreaming machine learning: Lipschitz extensions for reinforcement learning on financial markets,"Computer Science, Neuroscience",Primary,Improve investment strategies by simulating new states through interpolation,Other: Lipschitz extension-based reinforcement learning method,Algorithmic Trading,Show RL method to provide expert system for investing in financial market,none,Equity (Stocks); Crypto,5,Real-world Data,Daily,Time Series,None,,-,-,No,,,Yes,None,No,No,No,No,Other: Custom reward function,No,No,Simulation-based,Yes,Algorithmic Baselines,Yes,,No,No
34,Calabuig 2020,Dreaming machine learning: Lipschitz extensions for reinforcement learning on financial markets,Consensus,Calabuig 2020,Dreaming machine learning: Lipschitz extensions for reinforcement learning on financial markets,"Computer Science, Neuroscience",Primary,Improve investment strategies by simulating new states through interpolation,Other: Lipschitz extension-based reinforcement learning method,Algorithmic Trading,Show RL method to provide expert system for investing in financial market,none,Equity (Stocks); Crypto,5,Real-world Data,Daily,Time Series,None,,-,-,No,,No,Yes,None,No,No,No,No,Other: Custom reward function,No,No,Simulation-based,Yes,Algorithmic Baselines,Yes,No,No,No
33,Ansari 2024,A Multifaceted Approach to Stock Market Trading Using Reinforcement Learning,Mathis Jander,Ansari 2024,"A Multifaceted Approach to Stock Market Trading
Using Reinforcement Learning","Computer Science, Engineering, Materials Science",Primary,"Develop multi-stock market trading RL agent using price, technical and fundamental data.",Policy-based Method; Actor-Critic Method,Algorithmic Trading,Proposed model outperforms DJIA during backtesting; novel state representation; novel reward function ,none,Equity (Stocks),53,Real-world Data,Daily,Time Series,Market Data; Fundamental Data,,01.01.2010,01.03.2023,No,North America,No,Yes,Different time series,Yes,No,No,No,"Sharpe ratio; PnL; Max drawdown; Other: Annual return, Annual volatility, Calmar ratio, Omega ratio, Tail ratio, Sortino ratio ",Yes,No,Simulation-based,Yes,Market Indexes; Algorithmic Baselines; State of the Art Algorithms,Yes,No,No,No
33,Ansari 2024,A Multifaceted Approach to Stock Market Trading Using Reinforcement Learning,Consensus,Ansari 2024,"A Multifaceted Approach to Stock Market Trading
Using Reinforcement Learning","Computer Science, Engineering, Materials Science",Primary,"Develop multi-stock market trading RL agent using price, technical and fundamental data.",Policy-based Method; Actor-Critic Method,Algorithmic Trading,Proposed model outperforms DJIA during backtesting; novel state representation; novel reward function ,none,Equity (Stocks),53,Real-world Data,Daily,Time Series,Market Data; Fundamental Data,,01.01.2010,01.03.2023,No,North America,No,Yes,Different time series,Yes,No,No,No,"Sharpe ratio; PnL; Max drawdown; Other: Annual return, Annual volatility, Calmar ratio, Omega ratio, Tail ratio, Sortino ratio ",Yes,No,Simulation-based,Yes,Market Indexes; Algorithmic Baselines; State of the Art Algorithms,Yes,No,No,No
31,Soleymani 2021,Deep graph convolutional reinforcement learning for financial portfolio management – DeepPocket,Mathis Jander,Soleymani2021,Deep graph convolutional reinforcement learning for financial portfolio management – DeepPocket ,"Computer Science, Engineering",Primary,"Propose DeepPocket, a portfolio management framework.",Actor-Critic Method,Portfolio Management,Introduced graph convolutional RL framework.,Assumed liquid market.,Equity (Stocks),27,Real-world Data,Daily,Time Series,None,,02.01.2002,24.03.2020,No,North America,No,Yes,Different timeframes,No,No,Yes,No,"Sharpe ratio; Max drawdown; Other: CVaR, RoI",No,No,Simulation-based,Yes,Market Indexes,Yes,No,Yes,No
31,Soleymani 2021,Deep graph convolutional reinforcement learning for financial portfolio management – DeepPocket,Consensus,Soleymani2021,Deep graph convolutional reinforcement learning for financial portfolio management – DeepPocket ,"Computer Science, Engineering",Primary,"Propose DeepPocket, a portfolio management framework.",Actor-Critic Method,Portfolio Management,Introduced graph convolutional RL framework.,Assumed liquid market.,Equity (Stocks),27,Real-world Data,Daily,Time Series,None,,02.01.2002,24.03.2020,No,North America,No,Yes,Different timeframes,No,No,Yes,No,"Sharpe ratio; Max drawdown; Other: CVaR, RoI",No,No,Simulation-based,Yes,Market Indexes,Yes,No,Yes,No
30,Yang 2023,Deep reinforcement learning based on transformer and U-Net framework for stock trading,Mathis Jander,Yang2023,"Deep reinforcement learning based on transformer and U-Net
framework for stock trading","Business, Management and Accounting; Computer Science; Decision Sciences",Primary,"To develop a DRL model combining transformer layers and U-Net architecture (DRL-UTrans) that outputs both trading decisions and action weights, aiming to maximize return and reduce investment risk.",Value-based Method,Algorithmic Trading,"Defined action space, state space and reward space for stock market.
Combined RL and U-net transformer into stock trading model.
Demonstrated that proposed model outperforms baseline models on benchmark.",none,Equity (Stocks); Crypto,39,Real-world Data,Daily,Time Series,None,,01.01.2010,10.12.2021,No,Africa; Asia; Australia and Oceania; Europe; North America; South America,No,Yes,Different time series; Different timeframes,Yes,No,Yes,No,PnL; Other: Rate of return,No,No,Simulation-based,Yes,Random or Naive Strategies; Algorithmic Baselines; State of the Art Algorithms,Yes,No,No,No
30,Yang 2023,Deep reinforcement learning based on transformer and U-Net framework for stock trading,Consensus,Yang2023,"Deep reinforcement learning based on transformer and U-Net
framework for stock trading","Business, Management and Accounting; Computer Science; Decision Sciences",Primary,"To develop a DRL model combining transformer layers and U-Net architecture (DRL-UTrans) that outputs both trading decisions and action weights, aiming to maximize return and reduce investment risk.",Value-based Method,Algorithmic Trading,"Defined action space, state space and reward space for stock market.
Combined RL and U-net transformer into stock trading model.
Demonstrated that proposed model outperforms baseline models on benchmark.",none,Equity (Stocks); Crypto,39,Real-world Data,Daily,Time Series,None,,01.01.2010,10.12.2021,No,Africa; Asia; Australia and Oceania; Europe; North America; South America,No,Yes,Different time series; Different timeframes,Yes,No,Yes,No,PnL; Other: Rate of return,No,No,Simulation-based,Yes,Random or Naive Strategies; Algorithmic Baselines; State of the Art Algorithms,Yes,No,No,No
29,Cui 2023,Portfolio constructions in cryptocurrency market: A CVaR-based deep reinforcement learning approach,Mathis Jander,Cui2023,Portfolio constructions in cryptocurrency market: A CVaR-based deep reinforcement learning approach,"Economics, Econometrics and Finance",Primary,The study aims to develop a Conditional Value at Risk (CVaR)-based deep reinforcement learning (DRL) framework for portfolio optimization in the cryptocurrency market.,Policy-based Method,Portfolio Management,"Proposing a new CVaR-based portfolio optimization model for cryptocurrency markets.
Argue for CVaR as solid risk measure in cryptocurrency markets.
Model-free approach avoids unrealistic assumptions.",none,Crypto,6,Real-world Data,Daily,Time Series,None,,06.08.2015,06.08.2015,No,Africa; Asia; Australia and Oceania; Europe; North America; South America,No,Yes,None,No,No,Yes,No,Other: Return,Yes,No,Simulation-based,Yes,Algorithmic Baselines,Yes,No,No,No
29,Cui 2023,Portfolio constructions in cryptocurrency market: A CVaR-based deep reinforcement learning approach,Consensus,Cui2023,Portfolio constructions in cryptocurrency market: A CVaR-based deep reinforcement learning approach,"Economics, Econometrics and Finance",Primary,The study aims to develop a Conditional Value at Risk (CVaR)-based deep reinforcement learning (DRL) framework for portfolio optimization in the cryptocurrency market.,Policy-based Method,Portfolio Management,"Proposing a new CVaR-based portfolio optimization model for cryptocurrency markets.
Argue for CVaR as solid risk measure in cryptocurrency markets.
Model-free approach avoids unrealistic assumptions.",none,Crypto,6,Real-world Data,Daily,Time Series,None,,06.08.2015,06.08.2015,No,Africa; Asia; Australia and Oceania; Europe; North America; South America,No,Yes,None,No,No,Yes,No,Other: Return,Yes,No,Simulation-based,Yes,Algorithmic Baselines,Yes,No,No,No
27,Soleymani 2020,Financial portfolio optimization with online deep reinforcement learning and restricted stacked autoencoder—DeepBreath,Mathis Jander,Soleymani2020,Financial portfolio optimization with online deep reinforcement learning and restricted stacked autoencoder - DeepBreath,"Computer Science, Engineering",Primary,"Propose DeepBreath, a portfolio optimization framework.",Value-based Method,Portfolio Management,"Proposed online framework for PM based on DRL and restricted stacked auto-encoder for feature selection.
Demonstrated efficacy of proposed system through experimental results.",none,Equity (Stocks),23,Real-world Data,Daily,Time Series,None,,02.01.2002,31.07.2018,No,North America,No,Yes,Different timeframes,No,Yes,Yes,No,Sharpe ratio; Max drawdown; Other: RoI,No,No,Simulation-based,Yes,Market Indexes,Yes,No,Yes,No
27,Soleymani 2020,Financial portfolio optimization with online deep reinforcement learning and restricted stacked autoencoder—DeepBreath,Consensus,Soleymani2020,Financial portfolio optimization with online deep reinforcement learning and restricted stacked autoencoder - DeepBreath,"Computer Science, Engineering",Primary,"Propose DeepBreath, a portfolio optimization framework.",Value-based Method,Portfolio Management,"Proposed online framework for PM based on DRL and restricted stacked auto-encoder for feature selection.
Demonstrated efficacy of proposed system through experimental results.",none,Equity (Stocks),23,Real-world Data,Daily,Time Series,None,,02.01.2002,31.07.2018,No,North America,No,Yes,Different timeframes,No,Yes,Yes,No,Sharpe ratio; Max drawdown; Other: RoI,No,No,Simulation-based,Yes,Market Indexes,Yes,No,Yes,No
26,Marzban 2023,WaveCorr: Deep reinforcement learning with permutation invariant convolutional policy networks for portfolio management,Mathis Jander,Marzban2023b,WaveCorr: Deep reinforcement learning with permutation invariant convolutional policy networks for portfolio management,"Computer Science, Decision Sciences, Engineering, Mathematics",Primary,Develop a deep reinforcement learning architecture for portfolio optimization.,Policy-based Method,Portfolio Management,"Introduce a new permutation invariance property for policy network architectures.
Derive general theory for verifying its applicability in any relevant DRL domain.
Designed first CNN based portfolio policy network that accounts for asset dependencies.
Presented evidence that proposed model outperforms two other state of the art models.",none,Equity (Stocks),120,Real-world Data,Daily,Time Series,None,,01.01.2003,01.01.2021,Yes,North America,Yes,Yes,Different time series; Different timeframes,No,No,Yes,Yes,"Sharpe ratio; Max drawdown; Other: Annual return, Annual volatility, Daily hit rate, Turnover",Yes,Yes,Simulation-based,Yes,Random or Naive Strategies; State of the Art Algorithms,Yes,No,Yes,No
26,Marzban 2023,WaveCorr: Deep reinforcement learning with permutation invariant convolutional policy networks for portfolio management,Consensus,Marzban2023b,WaveCorr: Deep reinforcement learning with permutation invariant convolutional policy networks for portfolio management,"Computer Science, Decision Sciences, Engineering, Mathematics",Primary,Develop a deep reinforcement learning architecture for portfolio optimization.,Policy-based Method,Portfolio Management,"Introduce a new permutation invariance property for policy network architectures.
Derive general theory for verifying its applicability in any relevant DRL domain.
Designed first CNN based portfolio policy network that accounts for asset dependencies.
Presented evidence that proposed model outperforms two other state of the art models.",none,Equity (Stocks),120,Real-world Data,Daily,Time Series,None,,01.01.2003,01.01.2021,Yes,North America,Yes,Yes,Different time series; Different timeframes,No,No,Yes,Yes,"Sharpe ratio; Max drawdown; Other: Annual return, Annual volatility, Daily hit rate, Turnover",Yes,Yes,Simulation-based,Yes,Random or Naive Strategies; State of the Art Algorithms,Yes,No,Yes,No
25,Xu 2023,Improved pairs trading strategy using two-level reinforcement learning framework,Mathis Jander,Xu2023,"Improved pairs trading strategy using two-level reinforcement 
learning framework","Computer Science, Engineering",Primary,To improve pairs trading strategies using a two-level RL framework. ,Actor-Critic Method; Model-based Method,Algorithmic Trading,"Proposed two-level RL framework addressing pair selection and trading threshold setting.
Proposed Extended Option-Critic method to enable pair selection on non-fixed length of time intervals.
Applied MADDPG method with three agents.",none,Derivative,3,Real-world Data,Other: 5 Minutes,Order Book,None,,01.01.2020,31.01.2023,No,Asia,No,Yes,Different timeframes,No,No,Yes,No,"Sharpe ratio; Max drawdown; Other: Number of trades, Number of successes, Win rate, Profit/loss ratio, Cumulative return",No,No,Simulation-based,Yes,Random or Naive Strategies; Algorithmic Baselines,Yes,No,No,No
25,Xu 2023,Improved pairs trading strategy using two-level reinforcement learning framework,Consensus,Xu2023,"Improved pairs trading strategy using two-level reinforcement 
learning framework","Computer Science, Engineering",Primary,To improve pairs trading strategies using a two-level RL framework. ,Actor-Critic Method; Model-based Method,Algorithmic Trading,"Proposed two-level RL framework addressing pair selection and trading threshold setting.
Proposed Extended Option-Critic method to enable pair selection on non-fixed length of time intervals.
Applied MADDPG method with three agents.",none,Derivative,3,Real-world Data,Other: 5 Minutes,Order Book,None,,01.01.2020,31.01.2023,No,Asia,No,Yes,Different timeframes,No,No,Yes,No,"Sharpe ratio; Max drawdown; Other: Number of trades, Number of successes, Win rate, Profit/loss ratio, Cumulative return",No,No,Simulation-based,Yes,Random or Naive Strategies; Algorithmic Baselines,Yes,No,No,No
24,Huang 2021,Novel Deep Reinforcement Algorithm with Adaptive Sampling Strategy for Continuous Portfolio Optimization,Mathis Jander,Huang2021,Novel Deep Reinforcement Algorithm With Adaptive Sampling Strategy for Continuous Portfolio Optimization,"Computer Science, Engineering, Materials Science",Primary,Develop a deep reinforcement learning (DRL) framework for continuous portfolio optimization.,Policy-based Method; Actor-Critic Method,Portfolio Management,"Provide an adaptive sampling strategy to increase computation efficiency.
Adopted adversarial learning to add sample noise to the input feature.
Adopted market representation network to pretrain model.",none,Equity (Stocks),30,Real-world Data,Other: Second,Time Series,None,,03.01.2017,29.12.2017,No,North America,No,Yes,Different time series; Different timeframes,No,Yes,Yes,No,Sharpe ratio; PnL; Max drawdown; Other: Profit factor,Yes,No,Simulation-based,Yes,Random or Naive Strategies; State of the Art Algorithms,Yes,No,Yes,No
24,Huang 2021,Novel Deep Reinforcement Algorithm with Adaptive Sampling Strategy for Continuous Portfolio Optimization,Consensus,Huang2021,Novel Deep Reinforcement Algorithm With Adaptive Sampling Strategy for Continuous Portfolio Optimization,"Computer Science, Engineering, Materials Science",Primary,Develop a deep reinforcement learning (DRL) framework for continuous portfolio optimization.,Policy-based Method; Actor-Critic Method,Portfolio Management,"Provide an adaptive sampling strategy to increase computation efficiency.
Adopted adversarial learning to add sample noise to the input feature.
Adopted market representation network to pretrain model.",none,Equity (Stocks),30,Real-world Data,Other: Second,Time Series,None,,03.01.2017,29.12.2017,No,North America,No,Yes,Different time series; Different timeframes,No,Yes,Yes,No,Sharpe ratio; PnL; Max drawdown; Other: Profit factor,Yes,No,Simulation-based,Yes,Random or Naive Strategies; State of the Art Algorithms,Yes,No,Yes,No
23,Ma 2024,Dynamic graph reinforcement learning algorithm for portfolio management: A novel time–frequency correlated model,Mathis Jander,Ma2024,Dynamic graph reinforcement learning algorithm for portfolio management: A novel time–frequency correlated model,"Economics, Econometrics and Finance",Primary,Propose a novel WCG-RL (Wavelet Coherence Graph Reinforcement Learning) algorithm by combining GCNs with DRL,Actor-Critic Method,Portfolio Management,"Proposed novel multi-graph representation to extract relationships between stocks.
Proposed WCG-RL algorithm for portfolio management.
Showed that WCG-RL outperformed several state of the art models.
First instance of constructing dynamic GNNs using WC values in quantitative finance.","Proposed algorithm needs to be retrained when applied to new portfolios. 
Frequency parameters could impact performance.",Equity (Stocks),72,Real-world Data,Daily,Time Series,None,,01.01.2011,31.12.2022,No,Asia,No,Yes,Different time series; Different timeframes,No,Yes,Yes,No,"Sharpe ratio; Max drawdown; Other: Cumulative return ratio, CAGR, Sortino ratio, Longest drawdown",No,No,Simulation-based,Yes,Random or Naive Strategies; State of the Art Algorithms,Yes,No,No,No
23,Ma 2024,Dynamic graph reinforcement learning algorithm for portfolio management: A novel time–frequency correlated model,Consensus,Ma2024,Dynamic graph reinforcement learning algorithm for portfolio management: A novel time–frequency correlated model,"Economics, Econometrics and Finance",Primary,Propose a novel WCG-RL (Wavelet Coherence Graph Reinforcement Learning) algorithm by combining GCNs with DRL,Actor-Critic Method,Portfolio Management,"Proposed novel multi-graph representation to extract relationships between stocks.
Proposed WCG-RL algorithm for portfolio management.
Showed that WCG-RL outperformed several state of the art models.
First instance of constructing dynamic GNNs using WC values in quantitative finance.","Proposed algorithm needs to be retrained when applied to new portfolios. 
Frequency parameters could impact performance.",Equity (Stocks),72,Real-world Data,Daily,Time Series,None,,01.01.2011,31.12.2022,No,Asia,No,Yes,Different time series; Different timeframes,No,Yes,Yes,No,"Sharpe ratio; Max drawdown; Other: Cumulative return ratio, CAGR, Sortino ratio, Longest drawdown",No,No,Simulation-based,Yes,Random or Naive Strategies; State of the Art Algorithms,Yes,No,No,No
21,Bai 2023,Mercury: A Deep Reinforcement Learning-Based Investment Portfolio Strategy for Risk-Return Balance,Mathis Jander,Bai 2023,Mercury: A Deep Reinforcement Learning-Based Investment Portfolio Strategy for Risk-Return Balance,"Computer Science, Engineering, Materials Science",Primary,Develop RL agent for portfolio management,Policy-based Method,Portfolio Management,Novel approach for portfolio management,none,Equity (Stocks),50,Real-world Data,Daily,Time Series,None,,01.06.2005,31.12.2018,,Asia,No,Yes,None,No,No,No,No,"Sharpe ratio; PnL; Max drawdown; Other: Annualized rate of return, Annualized volatility, Calmar ratio",No,No,Simulation-based,Yes,Random or Naive Strategies; State of the Art Algorithms,Yes,No,No,No
21,Bai 2023,Mercury: A Deep Reinforcement Learning-Based Investment Portfolio Strategy for Risk-Return Balance,Consensus,Bai 2023,Mercury: A Deep Reinforcement Learning-Based Investment Portfolio Strategy for Risk-Return Balance,"Computer Science, Engineering, Materials Science",Primary,Develop RL agent for portfolio management,Policy-based Method,Portfolio Management,Novel approach for portfolio management,none,Equity (Stocks),50,Real-world Data,Daily,Time Series,None,,01.06.2005,31.12.2018,No,Asia,No,Yes,None,No,No,No,No,"Sharpe ratio; PnL; Max drawdown; Other: Annualized rate of return, Annualized volatility, Calmar ratio",No,No,Simulation-based,Yes,Random or Naive Strategies; State of the Art Algorithms,Yes,No,No,No
20,Jeribi 2024,A Deep Learning Based Expert Framework for Portfolio Prediction and Forecasting,Mathis Jander,Jeribi2024,A Deep Learning Based Expert Framework for Portfolio Prediction and Forecasting,"Computer Science, Engineering, Materials Science",Primary,Develop DLEF-SM (Deep Learning Expert Framework for Stock Market Forecasting) to improve accuracy in portfolio prediction.,Policy-based Method,Other: Stock Price Forecasting,"Use improved jellyfish-induced filtering technique for preprocessing raw data.
Used pre-trained models for feature extraction.
Used improved black widow optimization algorithm for feature selection.
Used DRL-ANN for forecasting with high detection accuracy.
Validated proposed framework on benchmark datasets.","Lack of validation on dense and real-time datasets.
",Equity (Stocks),3,Synthetic Data,Daily,Time Series,None,,01.01.2007,31.12.2017,No,Europe; North America,No,Yes,Different time series; Different timeframes,No,Yes,Yes,No,"Sharpe ratio; Max drawdown; Other: Accuracy, Precision, Recall, F1, MSE, RMSE, MAE",No,No,Simulation-based,Yes,Algorithmic Baselines; State of the Art Algorithms,Yes,No,No,No
20,Jeribi 2024,A Deep Learning Based Expert Framework for Portfolio Prediction and Forecasting,Consensus,Jeribi2024,A Deep Learning Based Expert Framework for Portfolio Prediction and Forecasting,"Computer Science, Engineering, Materials Science",Primary,Develop DLEF-SM (Deep Learning Expert Framework for Stock Market Forecasting) to improve accuracy in portfolio prediction.,Policy-based Method,Other: Stock Price Forecasting,"Use improved jellyfish-induced filtering technique for preprocessing raw data.
Used pre-trained models for feature extraction.
Used improved black widow optimization algorithm for feature selection.
Used DRL-ANN for forecasting with high detection accuracy.
Validated proposed framework on benchmark datasets.","Lack of validation on dense and real-time datasets.
",Equity (Stocks),3,Synthetic Data,Daily,Time Series,None,,01.01.2007,31.12.2017,No,Europe; North America,No,Yes,Different time series; Different timeframes,No,Yes,Yes,No,"Sharpe ratio; Max drawdown; Other: Accuracy, Precision, Recall, F1, MSE, RMSE, MAE",No,No,Simulation-based,Yes,Algorithmic Baselines; State of the Art Algorithms,Yes,No,No,No
19,AbdelKawy 2021,A synchronous deep reinforcement learning model for automated multi-stock trading,Mathis Jander,AbdelKawy 2021,A synchronous deep reinforcement learning model for automated multi-stock trading,Computer Science,Other: ,Develop synchronous multi-agent DRL model for multi-stock trading,Actor-Critic Method,Algorithmic Trading,novel multi-stock trading model,none,Equity (Stocks),10,Real-world Data,Daily,Time Series,Market Data,,01.01.1980,10.01.2020,No,North America,No,Yes,Different time series; None,Yes,No,Yes,No,"Sharpe ratio; Max drawdown; Other: Accumulated wealth rate, Annualized return rate, Annulaized sharpe ratio, Average profit return",No,No,Simulation-based,Yes,Market Indexes; State of the Art Algorithms,Yes,No,No,No
19,AbdelKawy 2021,A synchronous deep reinforcement learning model for automated multi-stock trading,Consensus,AbdelKawy 2021,A synchronous deep reinforcement learning model for automated multi-stock trading,Computer Science,Other: primary,Develop synchronous multi-agent DRL model for multi-stock trading,Actor-Critic Method,Algorithmic Trading,novel multi-stock trading model,none,Equity (Stocks),10,Real-world Data,Daily,Time Series,Market Data,,01.01.1980,10.01.2020,No,North America,No,Yes,Different time series; None,Yes,No,Yes,No,"Sharpe ratio; Max drawdown; Other: Accumulated wealth rate, Annualized return rate, Annulaized sharpe ratio, Average profit return",No,No,Simulation-based,Yes,Market Indexes; State of the Art Algorithms,Yes,No,No,No
18,Santos 2023,Management of investment portfolios employing reinforcement learning,Mathis Jander,Santos2023,Management of investment portfolios employing reinforcement learning,Computer Science,Primary,Evaluate five RL algorithms for investment portfolio optimization using the FinRL library.,Actor-Critic Method,Portfolio Management,"Offered examples of RL application to portfolio management.
Underscored importance of diversification.
Examined influence of transaction costs on RL model training.
Suggested that AI techniques outperformed traditional methods.","Relied on two benchmark indices.
Used limited historical dataset.
Omitted fundamental and market data.
Did not take exogenous events into account.
Limited benchmark to few RL algorithms and traditional strategies.",Equity (Stocks); Commodity,50,Real-world Data,Daily,Time Series,None,,04.01.2013,27.10.2022,No,Africa; Asia; Australia and Oceania; Europe; North America; South America,No,Yes,Different timeframes,No,No,Yes,Yes,"Sharpe ratio; Other: Cumulative return, Annual return, Volatility, Beta",Yes,No,Simulation-based,Yes,Random or Naive Strategies; Algorithmic Baselines,Yes,No,No,No
18,Santos 2023,Management of investment portfolios employing reinforcement learning,Consensus,Santos2023,Management of investment portfolios employing reinforcement learning,Computer Science,Primary,Evaluate five RL algorithms for investment portfolio optimization using the FinRL library.,Actor-Critic Method,Portfolio Management,"Offered examples of RL application to portfolio management.
Underscored importance of diversification.
Examined influence of transaction costs on RL model training.
Suggested that AI techniques outperformed traditional methods.","Relied on two benchmark indices.
Used limited historical dataset.
Omitted fundamental and market data.
Did not take exogenous events into account.
Limited benchmark to few RL algorithms and traditional strategies.",Equity (Stocks); Commodity,50,Real-world Data,Daily,Time Series,None,,04.01.2013,27.10.2022,No,Africa; Asia; Australia and Oceania; Europe; North America; South America,No,Yes,Different timeframes,No,No,Yes,Yes,"Sharpe ratio; Other: Cumulative return, Annual return, Volatility, Beta",Yes,No,Simulation-based,Yes,Random or Naive Strategies; Algorithmic Baselines,Yes,No,No,No
17,Lim 2022,Dynamic portfolio rebalancing through reinforcement learning,Mathis Jander,Lim2022,Dynamic portfolio rebalancing through reinforcement learning,Computer Science,Primary,Design a reinforcement learning agent that dynamically rebalances portfolio composition based on market conditions,Value-based Method,Portfolio Management,"Implemented dynamic portfolio adjustment.
Mitigated information lags with price prediction models.
Implemented impact comparison of wrong actions.",none,Equity (Stocks),9,Real-world Data,Daily,Time Series,None,,01.01.2014,31.12.2018,No,Asia; North America; South America,No,Yes,Different time series,Yes,Yes,Yes,No,Sharpe ratio; Other: Net asset value return,No,No,Simulation-based,Yes,Market Indexes; State of the Art Algorithms,Yes,No,No,No
17,Lim 2022,Dynamic portfolio rebalancing through reinforcement learning,Consensus,Lim2022,Dynamic portfolio rebalancing through reinforcement learning,Computer Science,Primary,Design a reinforcement learning agent that dynamically rebalances portfolio composition based on market conditions,Value-based Method,Portfolio Management,"Implemented dynamic portfolio adjustment.
Mitigated information lags with price prediction models.
Implemented impact comparison of wrong actions.",none,Equity (Stocks),9,Real-world Data,Daily,Time Series,None,,01.01.2014,31.12.2018,No,Asia; North America; South America,No,Yes,Different time series,Yes,Yes,Yes,No,Sharpe ratio; Other: Net asset value return,No,No,Simulation-based,Yes,Market Indexes; State of the Art Algorithms,Yes,No,No,No
15,Zhou 2024,R-DDQN: Optimizing Algorithmic Trading Strategies Using a Reward Network in a Double DQN,Mathis Jander,Zhou2024,R-DDQN: Optimizing Algorithmic Trading Strategies Using a Reward Network in a Double DQN,"Computer Science, Engineering, Mathematics",Primary,To improve algorithmic trading by using reinforcement learning with human feedback.,Value-based Method,Algorithmic Trading,"Explored use of RLHF in single-asset trading.
Improved overall performance of RL algorithms.
Showed that reward network ensures convergence of DRL algorithms and improves trading performance.
Demonstrated that proposed approach outperforms traditional and DRL approaches across six datasets.","Reward function network only implemented for DDQN.
Singular labeling rules for expert sample data.
Did not explore more diverse data to improve agent performance.
Current experiments and baselines are tailored to US stock market.",Equity (Stocks),6,Real-world Data,Daily,Time Series,Market Data,,01.01.2007,31.12.2022,No,North America,No,Yes,Different time series; Different timeframes,Yes,No,Yes,No,"Sharpe ratio; Max drawdown; Other: Cumulative return, Annualized return",No,No,Simulation-based,Yes,Random or Naive Strategies; Algorithmic Baselines,Yes,No,No,No
15,Zhou 2024,R-DDQN: Optimizing Algorithmic Trading Strategies Using a Reward Network in a Double DQN,Consensus,Zhou2024,R-DDQN: Optimizing Algorithmic Trading Strategies Using a Reward Network in a Double DQN,"Computer Science, Engineering, Mathematics",Primary,To improve algorithmic trading by using reinforcement learning with human feedback.,Value-based Method,Algorithmic Trading,"Explored use of RLHF in single-asset trading.
Improved overall performance of RL algorithms.
Showed that reward network ensures convergence of DRL algorithms and improves trading performance.
Demonstrated that proposed approach outperforms traditional and DRL approaches across six datasets.","Reward function network only implemented for DDQN.
Singular labeling rules for expert sample data.
Did not explore more diverse data to improve agent performance.
Current experiments and baselines are tailored to US stock market.",Equity (Stocks),6,Real-world Data,Daily,Time Series,Market Data,,01.01.2007,31.12.2022,No,North America,No,Yes,Different time series; Different timeframes,Yes,No,Yes,No,"Sharpe ratio; Max drawdown; Other: Cumulative return, Annualized return",No,No,Simulation-based,Yes,Random or Naive Strategies; Algorithmic Baselines,Yes,No,No,No
14,Du 2024,Reinforcement Learning-Based Multimodal Model for the Stock Investment Portfolio Management Task,Mathis Jander,Du2024,Reinforcement Learning-Based Multimodal Model for the Stock Investment Portfolio Management Task,"Computer Science, Engineering",Primary,"The study develops a multimodal reinforcement learning (RL) model for stock investment portfolio management. It seeks to integrate state representation learning (SRL), sentiment analysis, and image data to improve stock prediction accuracy and portfolio optimization.",Policy-based Method; Actor-Critic Method,Portfolio Management,"Proposed multimodal portfolio management model.
Added State Representation Learning module to model.
Application of policy-based RL methods instead of value-based.","Do not account for liquidity, bid-ask bounce and other constraints.",Equity (Stocks),118,Real-world Data,Daily,Time Series,"Market Data; Other: Text comments, Image Data",,04.01.2022,03.04.2024,No,Asia,Yes,Yes,Different timeframes,No,No,No,No,Sharpe ratio; Max drawdown; Other: Cumulative returns,Yes,No,Simulation-based,Yes,Algorithmic Baselines; State of the Art Algorithms,Yes,No,No,No
14,Du 2024,Reinforcement Learning-Based Multimodal Model for the Stock Investment Portfolio Management Task,Consensus,Du2024,Reinforcement Learning-Based Multimodal Model for the Stock Investment Portfolio Management Task,"Computer Science, Engineering",Primary,"The study develops a multimodal reinforcement learning (RL) model for stock investment portfolio management. It seeks to integrate state representation learning (SRL), sentiment analysis, and image data to improve stock prediction accuracy and portfolio optimization.",Policy-based Method; Actor-Critic Method,Portfolio Management,"Proposed multimodal portfolio management model.
Added State Representation Learning module to model.
Application of policy-based RL methods instead of value-based.","Do not account for liquidity, bid-ask bounce and other constraints.",Equity (Stocks),118,Real-world Data,Daily,Time Series,"Market Data; Other: Text comments, Image Data",,04.01.2022,03.04.2024,No,Asia,Yes,Yes,Different timeframes,No,No,No,No,Sharpe ratio; Max drawdown; Other: Cumulative returns,Yes,No,Simulation-based,Yes,Algorithmic Baselines; State of the Art Algorithms,Yes,No,No,No
13,Taghian 2022,Learning financial asset-specific trading rules via deep reinforcement learning,Mathis Jander,Taghian2022,Learning Financial Asset-Specific Trading Rules via Deep Reinforcement Learning,"Computer Science, Engineering",Primary,Learn asset-specific trading rules using Deep RL techniques.,Value-based Method,Algorithmic Trading,"Proposed neural model for learning specific trading rules for a given stock.
Proposed return function considering transaction cost.
Demonstrated that proposed model outperforms traditional RL methods, benchmark strategies and general experimental rules for given task.",none,Equity (Stocks); Crypto,4,Real-world Data,Daily,Time Series,None,,01.01.2010,26.08.2020,No,Africa; Asia; Australia and Oceania; Europe; North America; South America,No,Yes,Different time series; Different timeframes,No,Yes,Yes,No,"Sharpe ratio; Other: Arithmetic return, Average daily return, Daily return variance, Time weighted return, Total return, VaR, Volatility",No,No,Simulation-based,Yes,Random or Naive Strategies; Algorithmic Baselines; State of the Art Algorithms,Yes,No,No,No
13,Taghian 2022,Learning financial asset-specific trading rules via deep reinforcement learning,Consensus,Taghian2022,Learning Financial Asset-Specific Trading Rules via Deep Reinforcement Learning,"Computer Science, Engineering",Primary,Learn asset-specific trading rules using Deep RL techniques.,Value-based Method,Algorithmic Trading,"Proposed neural model for learning specific trading rules for a given stock.
Proposed return function considering transaction cost.
Demonstrated that proposed model outperforms traditional RL methods, benchmark strategies and general experimental rules for given task.",none,Equity (Stocks); Crypto,4,Real-world Data,Daily,Time Series,None,,01.01.2010,26.08.2020,No,Africa; Asia; Australia and Oceania; Europe; North America; South America,No,Yes,Different time series; Different timeframes,No,Yes,Yes,No,"Sharpe ratio; Other: Arithmetic return, Average daily return, Daily return variance, Time weighted return, Total return, VaR, Volatility",No,No,Simulation-based,Yes,Random or Naive Strategies; Algorithmic Baselines; State of the Art Algorithms,Yes,No,No,No
12,Li 2024,Deep Reinforcement Learning Model for Stock Portfolio Management Based on Data Fusion,Mathis Jander,Li2024,Deep Reinforcement Learning Model for Stock Portfolio Management Based on Data Fusion,"Computer Science, Neuroscience",Primary,To develop a collaborative multi-agent DRL model (CMPS) that enhances portfolio management.,Value-based Method,Portfolio Management,"CMPS outperforms existing methods in cumulative return, Sharpe ratio, and Calmar ratio.
CMPS-RF achieves the highest Sharpe and Calmar ratios with the lowest volatility and drawdown.
Incorporating financial indices and asset correlation improves performance.
Demonstrates robustness in bull and bear markets.",none,Equity (Stocks),35,Real-world Data,Daily,Time Series,Market Data; Fundamental Data,,30.04.2009,01.04.2021,No,Asia,Yes,Yes,Different time series; Different timeframes,No,No,Yes,No,"Sharpe ratio; Max drawdown; Other: Cumulative return, Annualized return, Annualized volatility, Calmar ratio",No,No,Simulation-based,Yes,State of the Art Algorithms,,No,No,No
12,Li 2024,Deep Reinforcement Learning Model for Stock Portfolio Management Based on Data Fusion,Consensus,Li2024a,Deep Reinforcement Learning Model for Stock Portfolio Management Based on Data Fusion,"Computer Science, Neuroscience",Primary,To develop a collaborative multi-agent DRL model (CMPS) that enhances portfolio management.,Value-based Method,Portfolio Management,"CMPS outperforms existing methods in cumulative return, Sharpe ratio, and Calmar ratio.
CMPS-RF achieves the highest Sharpe and Calmar ratios with the lowest volatility and drawdown.
Incorporating financial indices and asset correlation improves performance.
Demonstrates robustness in bull and bear markets.",none,Equity (Stocks),35,Real-world Data,Daily,Time Series,Market Data; Fundamental Data,,30.04.2009,01.04.2021,No,Asia,Yes,Yes,Different time series; Different timeframes,No,No,Yes,No,"Sharpe ratio; Max drawdown; Other: Cumulative return, Annualized return, Annualized volatility, Calmar ratio",No,No,Simulation-based,Yes,State of the Art Algorithms,Yes,No,No,No
11,Su 2024,A Deep Reinforcement Learning Approach for Portfolio Management in Non-Short-Selling Market,Mathis Jander,Su2024,A Deep Reinforcement Learning Approach for Portfolio Management in Non-Short-Selling Market,"Computer Science, Engineering",Primary,Improve portfolio management performance in non-short-selling markets.,Actor-Critic Method,Portfolio Management,"Developed six new feature factors based on price and volume data.
Implemented position weight control unit.
Introduced fundamental data to capture stock spatial interrelations.",none,Equity (Stocks),100,Real-world Data,Daily,Time Series,Market Data; Fundamental Data,,01.01.2005,31.12.2021,No,Asia,No,Yes,Different timeframes,No,No,Yes,No,"Max drawdown; Other: Annualized rate of return, Annualized Sharpe ratio, Annualized volatility, Calmar ratio, Sortino ratio",No,Yes,Simulation-based,Yes,Other: Different versions of proposed algorithm,Yes,No,No,No
11,Su 2024,A Deep Reinforcement Learning Approach for Portfolio Management in Non-Short-Selling Market,Consensus,Su2024,A Deep Reinforcement Learning Approach for Portfolio Management in Non-Short-Selling Market,"Computer Science, Engineering",Primary,Improve portfolio management performance in non-short-selling markets.,Actor-Critic Method,Portfolio Management,"Developed six new feature factors based on price and volume data.
Implemented position weight control unit.
Introduced fundamental data to capture stock spatial interrelations.",none,Equity (Stocks),100,Real-world Data,Daily,Time Series,Market Data; Fundamental Data,,01.01.2005,31.12.2021,No,Asia,No,Yes,Different timeframes,No,No,Yes,No,"Max drawdown; Other: Annualized rate of return, Annualized Sharpe ratio, Annualized volatility, Calmar ratio, Sortino ratio",No,Yes,Simulation-based,Yes,Other: Different versions of proposed algorithm,Yes,No,No,No
10,He 2024,High-Frequency Quantitative Trading of Digital Currencies Based on Fusion of Deep Reinforcement Learning Models with Evolutionary Strategies,Mathis Jander,He2024,High-Frequency Quantitative Trading of Digital Currencies Based on Fusion of Deep Reinforcement Learning Models with Evolutionary Strategies,Computer Science,Primary,Develop a deep evolutionary reinforcement learning (DERL) model combining deep reinforcement learning (DRL) and evolutionary strategies (ES) for high-frequency trading in digital currencies.,Value-based Method; Policy-based Method,Algorithmic Trading,"ES achieved superior performance, with returns of 59.18%, 25.14%, and 22.72% in different market conditions.
Q-learning and policy gradient models underperformed compared to ES.
DERL (Deep Evolutionary RL) framework effectively adapts to volatile markets.
Better decision-making in sharp up/down and oscillating conditions​",none,Crypto,1,Real-world Data,Minute,Time Series,,,01.01.2021,30.11.2022,No,Africa; Asia; Australia and Oceania; Europe; North America; South America,No,Yes,Different timeframes,No,No,Yes,No,"Max drawdown; Other: Cumulative log return, rate of return",No,No,Simulation-based,Yes,Market Indexes; State of the Art Algorithms,Yes,No,Yes,No
10,He 2024,High-Frequency Quantitative Trading of Digital Currencies Based on Fusion of Deep Reinforcement Learning Models with Evolutionary Strategies,Consensus,He2024,High-Frequency Quantitative Trading of Digital Currencies Based on Fusion of Deep Reinforcement Learning Models with Evolutionary Strategies,Computer Science,Primary,Develop a deep evolutionary reinforcement learning (DERL) model combining deep reinforcement learning (DRL) and evolutionary strategies (ES) for high-frequency trading in digital currencies.,Value-based Method; Policy-based Method,Algorithmic Trading,"ES achieved superior performance, with returns of 59.18%, 25.14%, and 22.72% in different market conditions.
Q-learning and policy gradient models underperformed compared to ES.
DERL (Deep Evolutionary RL) framework effectively adapts to volatile markets.
Better decision-making in sharp up/down and oscillating conditions​",none,Crypto,1,Real-world Data,Minute,Time Series,None,,01.01.2021,30.11.2022,No,Africa; Asia; Australia and Oceania; Europe; North America; South America,No,Yes,Different timeframes,No,No,Yes,No,"Max drawdown; Other: Cumulative log return, rate of return",No,No,Simulation-based,Yes,Market Indexes; State of the Art Algorithms,Yes,No,Yes,No
9,Liu 2024,Revolutionising Financial Portfolio Management: The Non-Stationary Transformer’s Fusion of Macroeconomic Indicators and Sentiment Analysis in a Deep Reinforcement Learning Framework,Mathis Jander,Liu2024b,Revolutionising Financial Portfolio Management: The Non-Stationary Transformer’s Fusion of Macroeconomic Indicators and Sentiment Analysis in a Deep Reinforcement Learning Framework,"Chemical Engineering, Computer Science, Engineering, Materials Science, Physics and Astronomy",Primary,Enhance portfolio management using a non-stationary transformer integrated with Deep Deterministic Policy Gradient (DDPG),Actor-Critic Method,Portfolio Management,"Introduced non-stationary transformer for with DDPG model.
Evaluated proposed model against various financial strategies.",Model is limited in predicting specific cyclical market movements.,Equity (Stocks),100,Real-world Data,Daily,Time Series,Market Data; News Data; Other: Economic Data,,02.01.2012,30.12.2016,Yes,North America,No,Yes,None,No,Yes,Yes,Yes,"Sharpe ratio; Max drawdown; Other: Sortino ratio, Accumulative return",No,Yes,Simulation-based,Yes,Market Indexes; Algorithmic Baselines; State of the Art Algorithms,Yes,No,Yes,No
9,Liu 2024,Revolutionising Financial Portfolio Management: The Non-Stationary Transformer’s Fusion of Macroeconomic Indicators and Sentiment Analysis in a Deep Reinforcement Learning Framework,Consensus,Liu2024b,Revolutionising Financial Portfolio Management: The Non-Stationary Transformer’s Fusion of Macroeconomic Indicators and Sentiment Analysis in a Deep Reinforcement Learning Framework,"Chemical Engineering, Computer Science, Engineering, Materials Science, Physics and Astronomy",Primary,Enhance portfolio management using a non-stationary transformer integrated with Deep Deterministic Policy Gradient (DDPG),Actor-Critic Method,Portfolio Management,"Introduced non-stationary transformer for with DDPG model.
Evaluated proposed model against various financial strategies.",Model is limited in predicting specific cyclical market movements.,Equity (Stocks),100,Real-world Data,Daily,Time Series,Market Data; News Data; Other: Economic Data,,02.01.2012,30.12.2016,Yes,North America,No,Yes,None,No,Yes,Yes,Yes,"Sharpe ratio; Max drawdown; Other: Sortino ratio, Accumulative return",No,Yes,Simulation-based,Yes,Market Indexes; Algorithmic Baselines; State of the Art Algorithms,Yes,No,Yes,No
7,Tran 2023,Optimizing Automated Trading Systems with Deep Reinforcement Learning,Mathis Jander,Tran2023,Optimizing Automated Trading Systems with Deep Reinforcement Learning,"Computer Science, Mathematics",Primary,Propose a Deep Reinforcement Learning (DRL) framework for parameter optimization in trading strategies.,Value-based Method,Algorithmic Trading,"Developed technique based on DRL to optimize parameters for technical analysis strategies.
Showed that DRL outperformed Bayesion Optimization in short term trading.
Showed that Bayesian Optimization is better for long-term trading purposes.",none,Crypto,1,Real-world Data,Other: 15 Minutes,Time Series,None,,25.03.2022,31.08.2022,No,Africa; Asia; Australia and Oceania; Europe; North America; South America,No,Yes,Different timeframes,No,No,No,No,Other: Average return,Yes,No,Simulation-based,Yes,State of the Art Algorithms,Yes,No,No,No
7,Tran 2023,Optimizing Automated Trading Systems with Deep Reinforcement Learning,Consensus,Tran2023,Optimizing Automated Trading Systems with Deep Reinforcement Learning,"Computer Science, Mathematics",Primary,Propose a Deep Reinforcement Learning (DRL) framework for parameter optimization in trading strategies.,Value-based Method,Algorithmic Trading,"Developed technique based on DRL to optimize parameters for technical analysis strategies.
Showed that DRL outperformed Bayesion Optimization in short term trading.
Showed that Bayesian Optimization is better for long-term trading purposes.",none,Crypto,1,Real-world Data,Other: 15 Minutes,Time Series,None,,25.03.2022,31.08.2022,No,Africa; Asia; Australia and Oceania; Europe; North America; South America,No,Yes,Different timeframes,No,No,No,No,Other: Average return,Yes,No,Simulation-based,Yes,State of the Art Algorithms,Yes,No,No,No
6,Azamjon 2023,Forecasting Bitcoin Volatility Through on-Chain and Whale-Alert Tweet Analysis Using the Q-Learning Algorithm,Mathis Jander,Azamjon 2023,Forecasting Bitcoin Volatility Through On-Chain and Whale-Alert Tweet Analysis Using the Q-Learning Algorithm,"Computer Science, Engineering, Materials Science",Primary,Predicting Bitcoin Volatility,Value-based Method,Other: Volatility Prediction,Proposed algorithm effectively predicts Bitcoin volatility,twitter whale transactions data does not capture all transactions; suboptimal solutions in non-stationary environments; on-chain data quality,Crypto,1,Real-world Data,Other: not specified,Other: not specified,Market Data,,01.01.2019,01.01.2021,No,Africa; Asia; Australia and Oceania; Europe; North America; South America,Yes,No,None,No,Yes,No,No,"Other: Accuracy, Precision, Recall, F1-score",No,No,Simulation-based,No,n/a,n/a,No,No,No
6,Azamjon 2023,Forecasting Bitcoin Volatility Through on-Chain and Whale-Alert Tweet Analysis Using the Q-Learning Algorithm,Consensus,Azamjon 2023,Forecasting Bitcoin Volatility Through On-Chain and Whale-Alert Tweet Analysis Using the Q-Learning Algorithm,"Computer Science, Engineering, Materials Science",Primary,Predicting Bitcoin Volatility,Value-based Method,Other: Volatility Prediction,Proposed algorithm effectively predicts Bitcoin volatility,twitter whale transactions data does not capture all transactions; suboptimal solutions in non-stationary environments; on-chain data quality,Crypto,1,Real-world Data,Other: not specified,Other: not specified,Market Data,,01.01.2019,01.01.2021,No,Africa; Asia; Australia and Oceania; Europe; North America; South America,Yes,No,None,No,Yes,No,No,"Other: Accuracy, Precision, Recall, F1-score",No,No,Simulation-based,No,n/a,n/a,No,No,No
5,Felizardo 2022,Outperforming algorithmic trading reinforcement learning systems: A supervised approach to the cryptocurrency market,Mathis Jander,Felizardo2022,Outperforming algorithmic trading reinforcement learning systems: A supervised approach to the cryptocurrency market,"Computer Science, Engineering",Primary,The study compares reinforcement learning (RL) trading strategies with supervised learning techniques for cryptocurrency market trading.,Value-based Method; Policy-based Method; Actor-Critic Method,Algorithmic Trading,"Propose custom supervised learning approach for trading task, surpassing RL approaches and buy and hold strategy.
Present evidence that selected supervised learning technique provides comparable performance to recent RL approaches.
Provide insightful interpretations of ResNet learning algorithm.",none,Crypto,6,Real-world Data,Other: Hourly,Time Series,None,,01.09.2017,20.11.2020,No,Africa; Asia; Australia and Oceania; Europe; North America; South America,No,Yes,None,No,No,No,No,"Sharpe ratio; Other: Annualized returns, Area under cumulative asset price return curve ",No,Yes,Simulation-based,Yes,Market Indexes; State of the Art Algorithms,Yes,No,No,No
5,Felizardo 2022,Outperforming algorithmic trading reinforcement learning systems: A supervised approach to the cryptocurrency market,Consensus,Felizardo2022,Outperforming algorithmic trading reinforcement learning systems: A supervised approach to the cryptocurrency market,"Computer Science, Engineering",Primary,The study compares reinforcement learning (RL) trading strategies with supervised learning techniques for cryptocurrency market trading.,Value-based Method; Policy-based Method; Actor-Critic Method,Algorithmic Trading,"Propose custom supervised learning approach for trading task, surpassing RL approaches and buy and hold strategy.
Present evidence that selected supervised learning technique provides comparable performance to recent RL approaches.
Provide insightful interpretations of ResNet learning algorithm.",none,Crypto,6,Real-world Data,Other: Hourly,Time Series,None,,01.09.2017,20.11.2020,No,Africa; Asia; Australia and Oceania; Europe; North America; South America,No,Yes,None,No,No,No,No,"Sharpe ratio; Other: Annualized returns, Area under cumulative asset price return curve ",No,Yes,Simulation-based,Yes,Market Indexes; State of the Art Algorithms,Yes,No,No,No
4,Park 2024,Deep Reinforcement Learning Robots for Algorithmic Trading: Considering Stock Market Conditions and U.S. Interest Rates,Mathis Jander,Park2024b,Deep Reinforcement Learning Robots for Algorithmic Trading: Considering Stock Market Conditions and U.S. Interest Rates,"Computer Science, Engineering, Materials Science",Primary,Build DRL-based stock trading robots using PPO (Proximal Policy Optimization).,Actor-Critic Method,Algorithmic Trading,"Compared two models using single stock and multiple stocks as learning data.
Demonstrated use of multiple-item learning in developing investment robot.",none,Equity (Stocks),2,Real-world Data,Daily,Time Series,Other: Economic Data,,01.11.1999,08.05.2023,No,North America,Yes,Yes,None,No,No,Yes,No,Other: Reward,No,No,Simulation-based,Yes,Other: Two versions of proposed model,Yes,No,No,No
4,Park 2024,Deep Reinforcement Learning Robots for Algorithmic Trading: Considering Stock Market Conditions and U.S. Interest Rates,Consensus,Park2024b,Deep Reinforcement Learning Robots for Algorithmic Trading: Considering Stock Market Conditions and U.S. Interest Rates,"Computer Science, Engineering, Materials Science",Primary,Build DRL-based stock trading robots using PPO (Proximal Policy Optimization).,Actor-Critic Method,Algorithmic Trading,"Compared two models using single stock and multiple stocks as learning data.
Demonstrated use of multiple-item learning in developing investment robot.",none,Equity (Stocks),2,Real-world Data,Daily,Time Series,Other: Economic Data,,01.11.1999,08.05.2023,No,North America,Yes,Yes,None,No,No,Yes,No,Other: Reward,No,No,Simulation-based,Yes,Other: Two versions of proposed model,Yes,No,No,No
3,Aboussalah 2020,Continuous control with Stacked Deep Dynamic Recurrent Reinforcement Learning for portfolio optimization,Mathis Jander,Aboussalah 2020,Continuous control with Stacked Deep Dynamic Recurrent Reinforcement Learning for portfolio optimization,"Computer Science, Engineering",Primary,Develop new RL algorithm for continuous action and multi-dimensional state space in portfolio management task,Actor-Critic Method,Portfolio Management,first attempt at continuous control using recurrent neural networks; annualized returns of 20% in testing period for model,limited size of training and testing window,Equity (Stocks),10,Real-world Data,Other: 15 minute,Time Series,None,,01.01.2013,31.07.2017,No,North America,Yes,No,None,No,Yes,No,Yes,Sharpe ratio; PnL; Other: Annualized return,No,No,Simulation-based,Yes,Random or Naive Strategies; Algorithmic Baselines,Yes,No,No,No
3,Aboussalah 2020,Continuous control with Stacked Deep Dynamic Recurrent Reinforcement Learning for portfolio optimization,Consensus,Aboussalah 2020,Continuous control with Stacked Deep Dynamic Recurrent Reinforcement Learning for portfolio optimization,"Computer Science, Engineering",Primary,Develop new RL algorithm for continuous action and multi-dimensional state space in portfolio management task,Actor-Critic Method,Portfolio Management,first attempt at continuous control using recurrent neural networks; annualized returns of 20% in testing period for model,limited size of training and testing window,Equity (Stocks),10,Real-world Data,Other: 15 minute,Time Series,None,,01.01.2013,31.07.2017,No,North America,Yes,No,None,No,Yes,No,Yes,Sharpe ratio; PnL; Other: Annualized return,No,No,Simulation-based,Yes,Random or Naive Strategies; Algorithmic Baselines,Yes,No,No,No
2,Liang 2023,Crude oil price prediction using deep reinforcement learning,Mathis Jander,Liang2023,Crude oil price prediction using deep reinforcement learning ,"Economics, Econometrics and Finance; Environmental Science; Social Sciences",Primary,Develop a deep reinforcement learning (DRL) algorithm (DNPP) tailored for multi-step ahead crude oil price forecasting.,Actor-Critic Method,Other: Commodity Price Forecasting,"Introduced improved Ornstein-Uhlenbeck process.
Designed approximation optimization method for improved network parameter optimization.",none,Commodity,3,Real-world Data,Daily,Time Series,None,,01.04.2006,30.04.2022,No,Asia; Europe; North America,No,Yes,Different time series; Different timeframes,Yes,No,Yes,Yes,"Other: MAE, MSE, RMSE, MAPE",No,No,Simulation-based,Yes,Algorithmic Baselines; State of the Art Algorithms,Yes,No,No,No
2,Liang 2023,Crude oil price prediction using deep reinforcement learning,Consensus,Liang2023,Crude oil price prediction using deep reinforcement learning ,"Economics, Econometrics and Finance; Environmental Science; Social Sciences",Primary,Develop a deep reinforcement learning (DRL) algorithm (DNPP) tailored for multi-step ahead crude oil price forecasting.,Actor-Critic Method,Other: Commodity Price Forecasting,"Introduced improved Ornstein-Uhlenbeck process.
Designed approximation optimization method for improved network parameter optimization.",none,Commodity,3,Real-world Data,Daily,Time Series,None,,01.04.2006,30.04.2022,No,Asia; Europe; North America,No,Yes,Different time series; Different timeframes,Yes,No,Yes,Yes,"Other: MAE, MSE, RMSE, MAPE",No,No,Simulation-based,Yes,Algorithmic Baselines; State of the Art Algorithms,Yes,No,No,No
1,Lu 2022,Structural break-aware pairs trading strategy using deep reinforcement learning,Mathis Jander,Lu2022,Structural break‑aware pairs trading strategy using deep  reinforcement learning,"Computer Science, Mathematics",Primary,Develop a two-phase machine learning framework for pairs trading,Value-based Method,,"First that identified need of developing pairs trading strategy with structural break detection in intraday trading.
Proposed structural break detection method SWANet.
Designed DQN-based SADQN to optimize pairs trading strategy.
Demonstrated that proposed model outperforms state of the art methods.",none,Equity (Stocks),150,Real-world Data,Minute,Time Series,None,,01.11.2017,31.05.2020,No,Asia,No,Yes,Different time series; Different timeframes,No,Yes,Yes,No,"Sharpe ratio; PnL; Max drawdown; Other: True detection rate, Partial detection rate, Missed rate, False detection rate, Average delay, Sortino ratio",No,No,Simulation-based,Yes,State of the Art Algorithms,Yes,No,No,No
1,Lu 2022,Structural break-aware pairs trading strategy using deep reinforcement learning,Consensus,Lu2022,Structural break‑aware pairs trading strategy using deep  reinforcement learning,"Computer Science, Mathematics",Primary,Develop a two-phase machine learning framework for pairs trading,Value-based Method,Algorithmic Trading,"First that identified need of developing pairs trading strategy with structural break detection in intraday trading.
Proposed structural break detection method SWANet.
Designed DQN-based SADQN to optimize pairs trading strategy.
Demonstrated that proposed model outperforms state of the art methods.",none,Equity (Stocks),150,Real-world Data,Minute,Time Series,None,,01.11.2017,31.05.2020,No,Asia,No,Yes,Different time series; Different timeframes,No,Yes,Yes,No,"Sharpe ratio; PnL; Max drawdown; Other: True detection rate, Partial detection rate, Missed rate, False detection rate, Average delay, Sortino ratio",No,No,Simulation-based,Yes,State of the Art Algorithms,Yes,No,No,No
