EPISODE:  0
{'n_steps': 5, 'ent_coef': 0.01, 'learning_rate': 0.0007}
Using cuda device
EPISODE:  1
-------------------------------------
| time/                 |           |
|    fps                | 19        |
|    iterations         | 100       |
|    time_elapsed       | 25        |
|    total_timesteps    | 500       |
| train/                |           |
|    entropy_loss       | -2.77     |
|    explained_variance | 2.98e-07  |
|    learning_rate      | 0.0007    |
|    n_updates          | 99        |
|    policy_loss        | 5.7e+03   |
|    reward             | 637.94366 |
|    std                | 0.969     |
|    value_loss         | 4.41e+06  |
-------------------------------------
EPISODE:  2
-------------------------------------
| time/                 |           |
|    fps                | 17        |
|    iterations         | 200       |
|    time_elapsed       | 58        |
|    total_timesteps    | 1000      |
| train/                |           |
|    entropy_loss       | -2.75     |
|    explained_variance | 5.97e-05  |
|    learning_rate      | 0.0007    |
|    n_updates          | 199       |
|    policy_loss        | 214       |
|    reward             | 11.623643 |
|    std                | 0.954     |
|    value_loss         | 1.3e+04   |
-------------------------------------
-------------------------------------
| time/                 |           |
|    fps                | 16        |
|    iterations         | 300       |
|    time_elapsed       | 91        |
|    total_timesteps    | 1500      |
| train/                |           |
|    entropy_loss       | -2.73     |
|    explained_variance | -1.19e-07 |
|    learning_rate      | 0.0007    |
|    n_updates          | 299       |
|    policy_loss        | 4.3e+03   |
|    reward             | 623.81177 |
|    std                | 0.948     |
|    value_loss         | 4.22e+06  |
-------------------------------------
EPISODE:  3
-------------------------------------
| time/                 |           |
|    fps                | 16        |
|    iterations         | 400       |
|    time_elapsed       | 124       |
|    total_timesteps    | 2000      |
| train/                |           |
|    entropy_loss       | -2.73     |
|    explained_variance | 2.15e-05  |
|    learning_rate      | 0.0007    |
|    n_updates          | 399       |
|    policy_loss        | 298       |
|    reward             | 10.961872 |
|    std                | 0.946     |
|    value_loss         | 1.25e+04  |
-------------------------------------
-------------------------------------
| time/                 |           |
|    fps                | 15        |
|    iterations         | 500       |
|    time_elapsed       | 157       |
|    total_timesteps    | 2500      |
| train/                |           |
|    entropy_loss       | -2.72     |
|    explained_variance | -1.19e-07 |
|    learning_rate      | 0.0007    |
|    n_updates          | 499       |
|    policy_loss        | 5.42e+03  |
|    reward             | 620.74316 |
|    std                | 0.942     |
|    value_loss         | 4.18e+06  |
-------------------------------------
EPISODE:  4
-------------------------------------
| time/                 |           |
|    fps                | 15        |
|    iterations         | 600       |
|    time_elapsed       | 190       |
|    total_timesteps    | 3000      |
| train/                |           |
|    entropy_loss       | -2.71     |
|    explained_variance | 2.98e-07  |
|    learning_rate      | 0.0007    |
|    n_updates          | 599       |
|    policy_loss        | 340       |
|    reward             | 12.842587 |
|    std                | 0.937     |
|    value_loss         | 1.48e+04  |
-------------------------------------
-------------------------------------
| time/                 |           |
|    fps                | 15        |
|    iterations         | 700       |
|    time_elapsed       | 223       |
|    total_timesteps    | 3500      |
| train/                |           |
|    entropy_loss       | -2.7      |
|    explained_variance | -1.19e-07 |
|    learning_rate      | 0.0007    |
|    n_updates          | 699       |
|    policy_loss        | 5.2e+03   |
|    reward             | 616.02264 |
|    std                | 0.934     |
|    value_loss         | 4.12e+06  |
-------------------------------------
EPISODE:  5
------------------------------------
| time/                 |          |
|    fps                | 15       |
|    iterations         | 800      |
|    time_elapsed       | 256      |
|    total_timesteps    | 4000     |
| train/                |          |
|    entropy_loss       | -2.69    |
|    explained_variance | 0        |
|    learning_rate      | 0.0007   |
|    n_updates          | 799      |
|    policy_loss        | 234      |
|    reward             | 7.570199 |
|    std                | 0.927    |
|    value_loss         | 7.48e+03 |
------------------------------------
-------------------------------------
| time/                 |           |
|    fps                | 15        |
|    iterations         | 900       |
|    time_elapsed       | 289       |
|    total_timesteps    | 4500      |
| train/                |           |
|    entropy_loss       | -2.67     |
|    explained_variance | 1.79e-07  |
|    learning_rate      | 0.0007    |
|    n_updates          | 899       |
|    policy_loss        | 5.71e+03  |
|    reward             | 603.69165 |
|    std                | 0.921     |
|    value_loss         | 3.95e+06  |
-------------------------------------
EPISODE:  6
------------------------------------
| time/                 |          |
|    fps                | 15       |
|    iterations         | 1000     |
|    time_elapsed       | 322      |
|    total_timesteps    | 5000     |
| train/                |          |
|    entropy_loss       | -2.66    |
|    explained_variance | 1.19e-07 |
|    learning_rate      | 0.0007   |
|    n_updates          | 999      |
|    policy_loss        | 255      |
|    reward             | 8.998252 |
|    std                | 0.915    |
|    value_loss         | 9.08e+03 |
------------------------------------
-------------------------------------
| time/                 |           |
|    fps                | 15        |
|    iterations         | 1100      |
|    time_elapsed       | 355       |
|    total_timesteps    | 5500      |
| train/                |           |
|    entropy_loss       | -2.64     |
|    explained_variance | 5.96e-08  |
|    learning_rate      | 0.0007    |
|    n_updates          | 1099      |
|    policy_loss        | 5.54e+03  |
|    reward             | 633.07623 |
|    std                | 0.907     |
|    value_loss         | 4.35e+06  |
-------------------------------------
EPISODE:  7
-------------------------------------
| time/                 |           |
|    fps                | 15        |
|    iterations         | 1200      |
|    time_elapsed       | 389       |
|    total_timesteps    | 6000      |
| train/                |           |
|    entropy_loss       | -2.64     |
|    explained_variance | 1.31e-06  |
|    learning_rate      | 0.0007    |
|    n_updates          | 1199      |
|    policy_loss        | 274       |
|    reward             | 11.296047 |
|    std                | 0.908     |
|    value_loss         | 1.3e+04   |
-------------------------------------
-------------------------------------
| time/                 |           |
|    fps                | 15        |
|    iterations         | 1300      |
|    time_elapsed       | 422       |
|    total_timesteps    | 6500      |
| train/                |           |
|    entropy_loss       | -2.65     |
|    explained_variance | -1.19e-07 |
|    learning_rate      | 0.0007    |
|    n_updates          | 1299      |
|    policy_loss        | 3.96e+03  |
|    reward             | 625.8214  |
|    std                | 0.909     |
|    value_loss         | 4.24e+06  |
-------------------------------------
EPISODE:  8
------------------------------------
| time/                 |          |
|    fps                | 15       |
|    iterations         | 1400     |
|    time_elapsed       | 455      |
|    total_timesteps    | 7000     |
| train/                |          |
|    entropy_loss       | -2.63    |
|    explained_variance | 2.98e-07 |
|    learning_rate      | 0.0007   |
|    n_updates          | 1399     |
|    policy_loss        | 199      |
|    reward             | 9.705239 |
|    std                | 0.901    |
|    value_loss         | 1.16e+04 |
------------------------------------
-------------------------------------
| time/                 |           |
|    fps                | 15        |
|    iterations         | 1500      |
|    time_elapsed       | 488       |
|    total_timesteps    | 7500      |
| train/                |           |
|    entropy_loss       | -2.61     |
|    explained_variance | -1.19e-07 |
|    learning_rate      | 0.0007    |
|    n_updates          | 1499      |
|    policy_loss        | 4.4e+03   |
|    reward             | 626.1489  |
|    std                | 0.893     |
|    value_loss         | 4.24e+06  |
-------------------------------------
EPISODE:  9
-------------------------------------
| time/                 |           |
|    fps                | 15        |
|    iterations         | 1600      |
|    time_elapsed       | 521       |
|    total_timesteps    | 8000      |
| train/                |           |
|    entropy_loss       | -2.59     |
|    explained_variance | -1.19e-07 |
|    learning_rate      | 0.0007    |
|    n_updates          | 1599      |
|    policy_loss        | 238       |
|    reward             | 11.268287 |
|    std                | 0.881     |
|    value_loss         | 1.42e+04  |
-------------------------------------
-------------------------------------
| time/                 |           |
|    fps                | 15        |
|    iterations         | 1700      |
|    time_elapsed       | 554       |
|    total_timesteps    | 8500      |
| train/                |           |
|    entropy_loss       | -2.58     |
|    explained_variance | -1.19e-07 |
|    learning_rate      | 0.0007    |
|    n_updates          | 1699      |
|    policy_loss        | 3.98e+03  |
|    reward             | 638.44946 |
|    std                | 0.879     |
|    value_loss         | 4.42e+06  |
-------------------------------------
EPISODE:  10
-------------------------------------
| time/                 |           |
|    fps                | 15        |
|    iterations         | 1800      |
|    time_elapsed       | 587       |
|    total_timesteps    | 9000      |
| train/                |           |
|    entropy_loss       | -2.59     |
|    explained_variance | 2.38e-07  |
|    learning_rate      | 0.0007    |
|    n_updates          | 1799      |
|    policy_loss        | 256       |
|    reward             | 12.163428 |
|    std                | 0.884     |
|    value_loss         | 1.5e+04   |
-------------------------------------
-------------------------------------
| time/                 |           |
|    fps                | 15        |
|    iterations         | 1900      |
|    time_elapsed       | 620       |
|    total_timesteps    | 9500      |
| train/                |           |
|    entropy_loss       | -2.58     |
|    explained_variance | -1.19e-07 |
|    learning_rate      | 0.0007    |
|    n_updates          | 1899      |
|    policy_loss        | 4.82e+03  |
|    reward             | 639.00696 |
|    std                | 0.879     |
|    value_loss         | 4.41e+06  |
-------------------------------------
EPISODE:  11
-------------------------------------
| time/                 |           |
|    fps                | 15        |
|    iterations         | 2000      |
|    time_elapsed       | 653       |
|    total_timesteps    | 10000     |
| train/                |           |
|    entropy_loss       | -2.57     |
|    explained_variance | 3.58e-07  |
|    learning_rate      | 0.0007    |
|    n_updates          | 1999      |
|    policy_loss        | 316       |
|    reward             | 22.588926 |
|    std                | 0.872     |
|    value_loss         | 2.8e+04   |
-------------------------------------
------------------------------------
| time/                 |          |
|    fps                | 15       |
|    iterations         | 2100     |
|    time_elapsed       | 686      |
|    total_timesteps    | 10500    |
| train/                |          |
|    entropy_loss       | -2.56    |
|    explained_variance | 5.96e-08 |
|    learning_rate      | 0.0007   |
|    n_updates          | 2099     |
|    policy_loss        | 4.92e+03 |
|    reward             | 686.2592 |
|    std                | 0.87     |
|    value_loss         | 5.08e+06 |
------------------------------------
EPISODE:  12
-------------------------------------
| time/                 |           |
|    fps                | 15        |
|    iterations         | 2200      |
|    time_elapsed       | 719       |
|    total_timesteps    | 11000     |
| train/                |           |
|    entropy_loss       | -2.55     |
|    explained_variance | 0         |
|    learning_rate      | 0.0007    |
|    n_updates          | 2199      |
|    policy_loss        | 457       |
|    reward             | 22.436926 |
|    std                | 0.867     |
|    value_loss         | 4.95e+04  |
-------------------------------------
-------------------------------------
| time/                 |           |
|    fps                | 15        |
|    iterations         | 2300      |
|    time_elapsed       | 752       |
|    total_timesteps    | 11500     |
| train/                |           |
|    entropy_loss       | -2.54     |
|    explained_variance | 0         |
|    learning_rate      | 0.0007    |
|    n_updates          | 2299      |
|    policy_loss        | 4.96e+03  |
|    reward             | 702.40576 |
|    std                | 0.86      |
|    value_loss         | 5.32e+06  |
-------------------------------------
EPISODE:  13
-------------------------------------
| time/                 |           |
|    fps                | 15        |
|    iterations         | 2400      |
|    time_elapsed       | 785       |
|    total_timesteps    | 12000     |
| train/                |           |
|    entropy_loss       | -2.53     |
|    explained_variance | 2.38e-07  |
|    learning_rate      | 0.0007    |
|    n_updates          | 2399      |
|    policy_loss        | 536       |
|    reward             | 43.686325 |
|    std                | 0.854     |
|    value_loss         | 1.16e+05  |
-------------------------------------
-------------------------------------
| time/                 |           |
|    fps                | 15        |
|    iterations         | 2500      |
|    time_elapsed       | 818       |
|    total_timesteps    | 12500     |
| train/                |           |
|    entropy_loss       | -2.5      |
|    explained_variance | -1.19e-07 |
|    learning_rate      | 0.0007    |
|    n_updates          | 2499      |
|    policy_loss        | 6.54e+03  |
|    reward             | 716.1669  |
|    std                | 0.844     |
|    value_loss         | 5.53e+06  |
-------------------------------------
EPISODE:  14
-------------------------------------
| time/                 |           |
|    fps                | 15        |
|    iterations         | 2600      |
|    time_elapsed       | 851       |
|    total_timesteps    | 13000     |
| train/                |           |
|    entropy_loss       | -2.48     |
|    explained_variance | 0         |
|    learning_rate      | 0.0007    |
|    n_updates          | 2599      |
|    policy_loss        | 830       |
|    reward             | 41.522774 |
|    std                | 0.837     |
|    value_loss         | 8.6e+04   |
-------------------------------------
------------------------------------
| time/                 |          |
|    fps                | 15       |
|    iterations         | 2700     |
|    time_elapsed       | 884      |
|    total_timesteps    | 13500    |
| train/                |          |
|    entropy_loss       | -2.48    |
|    explained_variance | 0        |
|    learning_rate      | 0.0007   |
|    n_updates          | 2699     |
|    policy_loss        | 4.66e+03 |
|    reward             | 722.6357 |
|    std                | 0.836    |
|    value_loss         | 5.61e+06 |
------------------------------------
EPISODE:  15
------------------------------------
| time/                 |          |
|    fps                | 15       |
|    iterations         | 2800     |
|    time_elapsed       | 916      |
|    total_timesteps    | 14000    |
| train/                |          |
|    entropy_loss       | -2.48    |
|    explained_variance | 0        |
|    learning_rate      | 0.0007   |
|    n_updates          | 2799     |
|    policy_loss        | 726      |
|    reward             | 64.49598 |
|    std                | 0.836    |
|    value_loss         | 1.65e+05 |
------------------------------------
-------------------------------------
| time/                 |           |
|    fps                | 15        |
|    iterations         | 2900      |
|    time_elapsed       | 949       |
|    total_timesteps    | 14500     |
| train/                |           |
|    entropy_loss       | -2.46     |
|    explained_variance | 0         |
|    learning_rate      | 0.0007    |
|    n_updates          | 2899      |
|    policy_loss        | 3.69e+03  |
|    reward             | 770.65796 |
|    std                | 0.827     |
|    value_loss         | 6.37e+06  |
-------------------------------------
EPISODE:  16
------------------------------------
| time/                 |          |
|    fps                | 15       |
|    iterations         | 3000     |
|    time_elapsed       | 982      |
|    total_timesteps    | 15000    |
| train/                |          |
|    entropy_loss       | -2.45    |
|    explained_variance | 0        |
|    learning_rate      | 0.0007   |
|    n_updates          | 2999     |
|    policy_loss        | 1.06e+03 |
|    reward             | 92.64828 |
|    std                | 0.822    |
|    value_loss         | 3e+05    |
------------------------------------
-------------------------------------
| time/                 |           |
|    fps                | 15        |
|    iterations         | 3100      |
|    time_elapsed       | 1015      |
|    total_timesteps    | 15500     |
| train/                |           |
|    entropy_loss       | -2.44     |
|    explained_variance | -1.19e-07 |
|    learning_rate      | 0.0007    |
|    n_updates          | 3099      |
|    policy_loss        | 7.53e+03  |
|    reward             | 772.36774 |
|    std                | 0.821     |
|    value_loss         | 6.41e+06  |
-------------------------------------
EPISODE:  17
------------------------------------
| time/                 |          |
|    fps                | 15       |
|    iterations         | 3200     |
|    time_elapsed       | 1048     |
|    total_timesteps    | 16000    |
| train/                |          |
|    entropy_loss       | -2.44    |
|    explained_variance | 1.79e-07 |
|    learning_rate      | 0.0007   |
|    n_updates          | 3199     |
|    policy_loss        | 921      |
|    reward             | 85.62464 |
|    std                | 0.821    |
|    value_loss         | 2.44e+05 |
------------------------------------
-------------------------------------
| time/                 |           |
|    fps                | 15        |
|    iterations         | 3300      |
|    time_elapsed       | 1081      |
|    total_timesteps    | 16500     |
| train/                |           |
|    entropy_loss       | -2.43     |
|    explained_variance | 0         |
|    learning_rate      | 0.0007    |
|    n_updates          | 3299      |
|    policy_loss        | 6.78e+03  |
|    reward             | 742.53577 |
|    std                | 0.818     |
|    value_loss         | 5.92e+06  |
-------------------------------------
EPISODE:  18
------------------------------------
| time/                 |          |
|    fps                | 15       |
|    iterations         | 3400     |
|    time_elapsed       | 1114     |
|    total_timesteps    | 17000    |
| train/                |          |
|    entropy_loss       | -2.42    |
|    explained_variance | 2.38e-07 |
|    learning_rate      | 0.0007   |
|    n_updates          | 3399     |
|    policy_loss        | 763      |
|    reward             | 71.96097 |
|    std                | 0.813    |
|    value_loss         | 1.87e+05 |
------------------------------------
-------------------------------------
| time/                 |           |
|    fps                | 15        |
|    iterations         | 3500      |
|    time_elapsed       | 1147      |
|    total_timesteps    | 17500     |
| train/                |           |
|    entropy_loss       | -2.39     |
|    explained_variance | 0         |
|    learning_rate      | 0.0007    |
|    n_updates          | 3499      |
|    policy_loss        | 3.77e+03  |
|    reward             | 720.27515 |
|    std                | 0.8       |
|    value_loss         | 5.58e+06  |
-------------------------------------
EPISODE:  19
-------------------------------------
| time/                 |           |
|    fps                | 15        |
|    iterations         | 3600      |
|    time_elapsed       | 1180      |
|    total_timesteps    | 18000     |
| train/                |           |
|    entropy_loss       | -2.38     |
|    explained_variance | 1.19e-07  |
|    learning_rate      | 0.0007    |
|    n_updates          | 3599      |
|    policy_loss        | 618       |
|    reward             | 74.336975 |
|    std                | 0.794     |
|    value_loss         | 1.75e+05  |
-------------------------------------
-------------------------------------
| time/                 |           |
|    fps                | 15        |
|    iterations         | 3700      |
|    time_elapsed       | 1213      |
|    total_timesteps    | 18500     |
| train/                |           |
|    entropy_loss       | -2.37     |
|    explained_variance | 0         |
|    learning_rate      | 0.0007    |
|    n_updates          | 3699      |
|    policy_loss        | 5.82e+03  |
|    reward             | 729.28284 |
|    std                | 0.79      |
|    value_loss         | 5.71e+06  |
-------------------------------------
EPISODE:  20
-------------------------------------
| time/                 |           |
|    fps                | 15        |
|    iterations         | 3800      |
|    time_elapsed       | 1246      |
|    total_timesteps    | 19000     |
| train/                |           |
|    entropy_loss       | -2.34     |
|    explained_variance | 5.96e-08  |
|    learning_rate      | 0.0007    |
|    n_updates          | 3799      |
|    policy_loss        | 818       |
|    reward             | 87.750725 |
|    std                | 0.781     |
|    value_loss         | 2.43e+05  |
-------------------------------------
------------------------------------
| time/                 |          |
|    fps                | 15       |
|    iterations         | 3900     |
|    time_elapsed       | 1279     |
|    total_timesteps    | 19500    |
| train/                |          |
|    entropy_loss       | -2.34    |
|    explained_variance | 0        |
|    learning_rate      | 0.0007   |
|    n_updates          | 3899     |
|    policy_loss        | 5.2e+03  |
|    reward             | 788.8275 |
|    std                | 0.781    |
|    value_loss         | 6.65e+06 |
------------------------------------
EPISODE:  21
-------------------------------------
| time/                 |           |
|    fps                | 15        |
|    iterations         | 4000      |
|    time_elapsed       | 1313      |
|    total_timesteps    | 20000     |
| train/                |           |
|    entropy_loss       | -2.34     |
|    explained_variance | -1.19e-07 |
|    learning_rate      | 0.0007    |
|    n_updates          | 3999      |
|    policy_loss        | 1.44e+03  |
|    reward             | 120.21512 |
|    std                | 0.779     |
|    value_loss         | 4.72e+05  |
-------------------------------------
-------------------------------------
| time/                 |           |
|    fps                | 15        |
|    iterations         | 4100      |
|    time_elapsed       | 1346      |
|    total_timesteps    | 20500     |
| train/                |           |
|    entropy_loss       | -2.33     |
|    explained_variance | 1.19e-07  |
|    learning_rate      | 0.0007    |
|    n_updates          | 4099      |
|    policy_loss        | 5.64e+03  |
|    reward             | 791.02704 |
|    std                | 0.778     |
|    value_loss         | 6.71e+06  |
-------------------------------------
EPISODE:  22
------------------------------------
| time/                 |          |
|    fps                | 15       |
|    iterations         | 4200     |
|    time_elapsed       | 1379     |
|    total_timesteps    | 21000    |
| train/                |          |
|    entropy_loss       | -2.32    |
|    explained_variance | 0        |
|    learning_rate      | 0.0007   |
|    n_updates          | 4199     |
|    policy_loss        | 888      |
|    reward             | 92.05246 |
|    std                | 0.77     |
|    value_loss         | 2.27e+05 |
------------------------------------
------------------------------------
| time/                 |          |
|    fps                | 15       |
|    iterations         | 4300     |
|    time_elapsed       | 1412     |
|    total_timesteps    | 21500    |
| train/                |          |
|    entropy_loss       | -2.3     |
|    explained_variance | 0        |
|    learning_rate      | 0.0007   |
|    n_updates          | 4299     |
|    policy_loss        | 3.91e+03 |
|    reward             | 746.6649 |
|    std                | 0.764    |
|    value_loss         | 5.98e+06 |
------------------------------------
EPISODE:  23
------------------------------------
| time/                 |          |
|    fps                | 15       |
|    iterations         | 4400     |
|    time_elapsed       | 1445     |
|    total_timesteps    | 22000    |
| train/                |          |
|    entropy_loss       | -2.28    |
|    explained_variance | 0        |
|    learning_rate      | 0.0007   |
|    n_updates          | 4399     |
|    policy_loss        | 936      |
|    reward             | 75.44201 |
|    std                | 0.758    |
|    value_loss         | 2.05e+05 |
------------------------------------
-------------------------------------
| time/                 |           |
|    fps                | 15        |
|    iterations         | 4500      |
|    time_elapsed       | 1478      |
|    total_timesteps    | 22500     |
| train/                |           |
|    entropy_loss       | -2.27     |
|    explained_variance | 0         |
|    learning_rate      | 0.0007    |
|    n_updates          | 4499      |
|    policy_loss        | 4.98e+03  |
|    reward             | 767.54584 |
|    std                | 0.752     |
|    value_loss         | 6.3e+06   |
-------------------------------------
EPISODE:  24
-------------------------------------
| time/                 |           |
|    fps                | 15        |
|    iterations         | 4600      |
|    time_elapsed       | 1511      |
|    total_timesteps    | 23000     |
| train/                |           |
|    entropy_loss       | -2.26     |
|    explained_variance | -1.19e-07 |
|    learning_rate      | 0.0007    |
|    n_updates          | 4599      |
|    policy_loss        | 1.31e+03  |
|    reward             | 127.37621 |
|    std                | 0.75      |
|    value_loss         | 4.52e+05  |
-------------------------------------
-------------------------------------
| time/                 |           |
|    fps                | 15        |
|    iterations         | 4700      |
|    time_elapsed       | 1544      |
|    total_timesteps    | 23500     |
| train/                |           |
|    entropy_loss       | -2.28     |
|    explained_variance | -1.19e-07 |
|    learning_rate      | 0.0007    |
|    n_updates          | 4699      |
|    policy_loss        | 5.96e+03  |
|    reward             | 805.9963  |
|    std                | 0.755     |
|    value_loss         | 6.94e+06  |
-------------------------------------
EPISODE:  25
-------------------------------------
| time/                 |           |
|    fps                | 15        |
|    iterations         | 4800      |
|    time_elapsed       | 1577      |
|    total_timesteps    | 24000     |
| train/                |           |
|    entropy_loss       | -2.27     |
|    explained_variance | 0         |
|    learning_rate      | 0.0007    |
|    n_updates          | 4799      |
|    policy_loss        | 1.35e+03  |
|    reward             | 150.56206 |
|    std                | 0.753     |
|    value_loss         | 5.76e+05  |
-------------------------------------
------------------------------------
| time/                 |          |
|    fps                | 15       |
|    iterations         | 4900     |
|    time_elapsed       | 1610     |
|    total_timesteps    | 24500    |
| train/                |          |
|    entropy_loss       | -2.27    |
|    explained_variance | 0        |
|    learning_rate      | 0.0007   |
|    n_updates          | 4899     |
|    policy_loss        | 4.85e+03 |
|    reward             | 810.341  |
|    std                | 0.752    |
|    value_loss         | 7.01e+06 |
------------------------------------
EPISODE:  26
-------------------------------------
| time/                 |           |
|    fps                | 15        |
|    iterations         | 5000      |
|    time_elapsed       | 1643      |
|    total_timesteps    | 25000     |
| train/                |           |
|    entropy_loss       | -2.26     |
|    explained_variance | 0         |
|    learning_rate      | 0.0007    |
|    n_updates          | 4999      |
|    policy_loss        | 1.4e+03   |
|    reward             | 139.82027 |
|    std                | 0.75      |
|    value_loss         | 5.2e+05   |
-------------------------------------
-------------------------------------
| time/                 |           |
|    fps                | 15        |
|    iterations         | 5100      |
|    time_elapsed       | 1676      |
|    total_timesteps    | 25500     |
| train/                |           |
|    entropy_loss       | -2.23     |
|    explained_variance | -1.19e-07 |
|    learning_rate      | 0.0007    |
|    n_updates          | 5099      |
|    policy_loss        | 4.4e+03   |
|    reward             | 806.19763 |
|    std                | 0.737     |
|    value_loss         | 6.95e+06  |
-------------------------------------
EPISODE:  27
------------------------------------
| time/                 |          |
|    fps                | 15       |
|    iterations         | 5200     |
|    time_elapsed       | 1709     |
|    total_timesteps    | 26000    |
| train/                |          |
|    entropy_loss       | -2.2     |
|    explained_variance | 1.19e-07 |
|    learning_rate      | 0.0007   |
|    n_updates          | 5199     |
|    policy_loss        | 919      |
|    reward             | 147.0279 |
|    std                | 0.727    |
|    value_loss         | 5.44e+05 |
------------------------------------
-------------------------------------
| time/                 |           |
|    fps                | 15        |
|    iterations         | 5300      |
|    time_elapsed       | 1742      |
|    total_timesteps    | 26500     |
| train/                |           |
|    entropy_loss       | -2.19     |
|    explained_variance | -2.38e-07 |
|    learning_rate      | 0.0007    |
|    n_updates          | 5299      |
|    policy_loss        | 7.02e+03  |
|    reward             | 821.75116 |
|    std                | 0.724     |
|    value_loss         | 7.21e+06  |
-------------------------------------
EPISODE:  28
-------------------------------------
| time/                 |           |
|    fps                | 15        |
|    iterations         | 5400      |
|    time_elapsed       | 1775      |
|    total_timesteps    | 27000     |
| train/                |           |
|    entropy_loss       | -2.17     |
|    explained_variance | 1.79e-07  |
|    learning_rate      | 0.0007    |
|    n_updates          | 5399      |
|    policy_loss        | 1.35e+03  |
|    reward             | 136.35541 |
|    std                | 0.716     |
|    value_loss         | 4.77e+05  |
-------------------------------------
-------------------------------------
| time/                 |           |
|    fps                | 15        |
|    iterations         | 5500      |
|    time_elapsed       | 1808      |
|    total_timesteps    | 27500     |
| train/                |           |
|    entropy_loss       | -2.14     |
|    explained_variance | 0         |
|    learning_rate      | 0.0007    |
|    n_updates          | 5499      |
|    policy_loss        | 4.21e+03  |
|    reward             | 814.39026 |
|    std                | 0.705     |
|    value_loss         | 7.09e+06  |
-------------------------------------
EPISODE:  29
-------------------------------------
| time/                 |           |
|    fps                | 15        |
|    iterations         | 5600      |
|    time_elapsed       | 1841      |
|    total_timesteps    | 28000     |
| train/                |           |
|    entropy_loss       | -2.15     |
|    explained_variance | 0         |
|    learning_rate      | 0.0007    |
|    n_updates          | 5599      |
|    policy_loss        | 1.17e+03  |
|    reward             | 145.68665 |
|    std                | 0.709     |
|    value_loss         | 5.6e+05   |
-------------------------------------
-------------------------------------
| time/                 |           |
|    fps                | 15        |
|    iterations         | 5700      |
|    time_elapsed       | 1873      |
|    total_timesteps    | 28500     |
| train/                |           |
|    entropy_loss       | -2.13     |
|    explained_variance | 0         |
|    learning_rate      | 0.0007    |
|    n_updates          | 5699      |
|    policy_loss        | 4.42e+03  |
|    reward             | 810.52686 |
|    std                | 0.703     |
|    value_loss         | 7.01e+06  |
-------------------------------------
EPISODE:  30
-------------------------------------
| time/                 |           |
|    fps                | 15        |
|    iterations         | 5800      |
|    time_elapsed       | 1906      |
|    total_timesteps    | 29000     |
| train/                |           |
|    entropy_loss       | -2.13     |
|    explained_variance | 0         |
|    learning_rate      | 0.0007    |
|    n_updates          | 5799      |
|    policy_loss        | 1.37e+03  |
|    reward             | 163.96461 |
|    std                | 0.702     |
|    value_loss         | 6.61e+05  |
-------------------------------------
-------------------------------------
| time/                 |           |
|    fps                | 15        |
|    iterations         | 5900      |
|    time_elapsed       | 1939      |
|    total_timesteps    | 29500     |
| train/                |           |
|    entropy_loss       | -2.13     |
|    explained_variance | -1.19e-07 |
|    learning_rate      | 0.0007    |
|    n_updates          | 5899      |
|    policy_loss        | 3.62e+03  |
|    reward             | 823.35004 |
|    std                | 0.702     |
|    value_loss         | 7.24e+06  |
-------------------------------------
EPISODE:  31
-------------------------------------
| time/                 |           |
|    fps                | 15        |
|    iterations         | 6000      |
|    time_elapsed       | 1972      |
|    total_timesteps    | 30000     |
| train/                |           |
|    entropy_loss       | -2.12     |
|    explained_variance | 1.79e-07  |
|    learning_rate      | 0.0007    |
|    n_updates          | 5999      |
|    policy_loss        | 1.36e+03  |
|    reward             | 166.37143 |
|    std                | 0.697     |
|    value_loss         | 6.8e+05   |
-------------------------------------
------------------------------------
| time/                 |          |
|    fps                | 15       |
|    iterations         | 6100     |
|    time_elapsed       | 2005     |
|    total_timesteps    | 30500    |
| train/                |          |
|    entropy_loss       | -2.11    |
|    explained_variance | 0        |
|    learning_rate      | 0.0007   |
|    n_updates          | 6099     |
|    policy_loss        | 5.01e+03 |
|    reward             | 829.7414 |
|    std                | 0.695    |
|    value_loss         | 7.34e+06 |
------------------------------------
EPISODE:  32
-------------------------------------
| time/                 |           |
|    fps                | 15        |
|    iterations         | 6200      |
|    time_elapsed       | 2038      |
|    total_timesteps    | 31000     |
| train/                |           |
|    entropy_loss       | -2.12     |
|    explained_variance | 0         |
|    learning_rate      | 0.0007    |
|    n_updates          | 6199      |
|    policy_loss        | 1.45e+03  |
|    reward             | 170.33722 |
|    std                | 0.699     |
|    value_loss         | 7.13e+05  |
-------------------------------------
-------------------------------------
| time/                 |           |
|    fps                | 15        |
|    iterations         | 6300      |
|    time_elapsed       | 2071      |
|    total_timesteps    | 31500     |
| train/                |           |
|    entropy_loss       | -2.11     |
|    explained_variance | 0         |
|    learning_rate      | 0.0007    |
|    n_updates          | 6299      |
|    policy_loss        | 4.2e+03   |
|    reward             | 829.49817 |
|    std                | 0.695     |
|    value_loss         | 7.34e+06  |
-------------------------------------
EPISODE:  33
------------------------------------
| time/                 |          |
|    fps                | 15       |
|    iterations         | 6400     |
|    time_elapsed       | 2104     |
|    total_timesteps    | 32000    |
| train/                |          |
|    entropy_loss       | -2.09    |
|    explained_variance | 1.19e-07 |
|    learning_rate      | 0.0007   |
|    n_updates          | 6399     |
|    policy_loss        | 1.42e+03 |
|    reward             | 169.9457 |
|    std                | 0.686    |
|    value_loss         | 7.09e+05 |
------------------------------------
------------------------------------
| time/                 |          |
|    fps                | 15       |
|    iterations         | 6500     |
|    time_elapsed       | 2137     |
|    total_timesteps    | 32500    |
| train/                |          |
|    entropy_loss       | -2.08    |
|    explained_variance | 1.19e-07 |
|    learning_rate      | 0.0007   |
|    n_updates          | 6499     |
|    policy_loss        | 3.89e+03 |
|    reward             | 829.3681 |
|    std                | 0.683    |
|    value_loss         | 7.33e+06 |
------------------------------------
EPISODE:  34
-------------------------------------
| time/                 |           |
|    fps                | 15        |
|    iterations         | 6600      |
|    time_elapsed       | 2170      |
|    total_timesteps    | 33000     |
| train/                |           |
|    entropy_loss       | -2.05     |
|    explained_variance | -2.38e-07 |
|    learning_rate      | 0.0007    |
|    n_updates          | 6599      |
|    policy_loss        | 1.92e+03  |
|    reward             | 169.74277 |
|    std                | 0.674     |
|    value_loss         | 7.07e+05  |
-------------------------------------
------------------------------------
| time/                 |          |
|    fps                | 15       |
|    iterations         | 6700     |
|    time_elapsed       | 2203     |
|    total_timesteps    | 33500    |
| train/                |          |
|    entropy_loss       | -2.03    |
|    explained_variance | 0        |
|    learning_rate      | 0.0007   |
|    n_updates          | 6699     |
|    policy_loss        | 5.07e+03 |
|    reward             | 829.5038 |
|    std                | 0.666    |
|    value_loss         | 7.34e+06 |
------------------------------------
EPISODE:  35
-------------------------------------
| time/                 |           |
|    fps                | 15        |
|    iterations         | 6800      |
|    time_elapsed       | 2236      |
|    total_timesteps    | 34000     |
| train/                |           |
|    entropy_loss       | -2.02     |
|    explained_variance | 0         |
|    learning_rate      | 0.0007    |
|    n_updates          | 6799      |
|    policy_loss        | 1.5e+03   |
|    reward             | 169.97078 |
|    std                | 0.664     |
|    value_loss         | 7.08e+05  |
-------------------------------------
------------------------------------
| time/                 |          |
|    fps                | 15       |
|    iterations         | 6900     |
|    time_elapsed       | 2270     |
|    total_timesteps    | 34500    |
| train/                |          |
|    entropy_loss       | -2       |
|    explained_variance | 0        |
|    learning_rate      | 0.0007   |
|    n_updates          | 6899     |
|    policy_loss        | 5.17e+03 |
|    reward             | 829.4321 |
|    std                | 0.658    |
|    value_loss         | 7.33e+06 |
------------------------------------
EPISODE:  36
-------------------------------------
| time/                 |           |
|    fps                | 15        |
|    iterations         | 7000      |
|    time_elapsed       | 2303      |
|    total_timesteps    | 35000     |
| train/                |           |
|    entropy_loss       | -1.98     |
|    explained_variance | 0         |
|    learning_rate      | 0.0007    |
|    n_updates          | 6999      |
|    policy_loss        | 1.37e+03  |
|    reward             | 152.39616 |
|    std                | 0.653     |
|    value_loss         | 5.91e+05  |
-------------------------------------
-------------------------------------
| time/                 |           |
|    fps                | 15        |
|    iterations         | 7100      |
|    time_elapsed       | 2336      |
|    total_timesteps    | 35500     |
| train/                |           |
|    entropy_loss       | -1.97     |
|    explained_variance | -1.19e-07 |
|    learning_rate      | 0.0007    |
|    n_updates          | 7099      |
|    policy_loss        | 5.4e+03   |
|    reward             | 812.2736  |
|    std                | 0.647     |
|    value_loss         | 7.04e+06  |
-------------------------------------
EPISODE:  37
-------------------------------------
| time/                 |           |
|    fps                | 15        |
|    iterations         | 7200      |
|    time_elapsed       | 2369      |
|    total_timesteps    | 36000     |
| train/                |           |
|    entropy_loss       | -1.97     |
|    explained_variance | 0         |
|    learning_rate      | 0.0007    |
|    n_updates          | 7199      |
|    policy_loss        | 1.13e+03  |
|    reward             | 121.13192 |
|    std                | 0.647     |
|    value_loss         | 4.08e+05  |
-------------------------------------
------------------------------------
| time/                 |          |
|    fps                | 15       |
|    iterations         | 7300     |
|    time_elapsed       | 2402     |
|    total_timesteps    | 36500    |
| train/                |          |
|    entropy_loss       | -1.95    |
|    explained_variance | 0        |
|    learning_rate      | 0.0007   |
|    n_updates          | 7299     |
|    policy_loss        | 4.77e+03 |
|    reward             | 762.3644 |
|    std                | 0.641    |
|    value_loss         | 6.22e+06 |
------------------------------------
EPISODE:  38
-------------------------------------
| time/                 |           |
|    fps                | 15        |
|    iterations         | 7400      |
|    time_elapsed       | 2435      |
|    total_timesteps    | 37000     |
| train/                |           |
|    entropy_loss       | -1.93     |
|    explained_variance | 0         |
|    learning_rate      | 0.0007    |
|    n_updates          | 7399      |
|    policy_loss        | 504       |
|    reward             | 44.581238 |
|    std                | 0.635     |
|    value_loss         | 9.29e+04  |
-------------------------------------
-------------------------------------
| time/                 |           |
|    fps                | 15        |
|    iterations         | 7500      |
|    time_elapsed       | 2468      |
|    total_timesteps    | 37500     |
| train/                |           |
|    entropy_loss       | -1.92     |
|    explained_variance | 5.96e-08  |
|    learning_rate      | 0.0007    |
|    n_updates          | 7499      |
|    policy_loss        | 2.66e+03  |
|    reward             | 717.60126 |
|    std                | 0.633     |
|    value_loss         | 5.51e+06  |
-------------------------------------
EPISODE:  39
-------------------------------------
| time/                 |           |
|    fps                | 15        |
|    iterations         | 7600      |
|    time_elapsed       | 2501      |
|    total_timesteps    | 38000     |
| train/                |           |
|    entropy_loss       | -1.91     |
|    explained_variance | 0         |
|    learning_rate      | 0.0007    |
|    n_updates          | 7599      |
|    policy_loss        | 482       |
|    reward             | 48.643997 |
|    std                | 0.628     |
|    value_loss         | 9.79e+04  |
-------------------------------------
-------------------------------------
| time/                 |           |
|    fps                | 15        |
|    iterations         | 7700      |
|    time_elapsed       | 2534      |
|    total_timesteps    | 38500     |
| train/                |           |
|    entropy_loss       | -1.89     |
|    explained_variance | 0         |
|    learning_rate      | 0.0007    |
|    n_updates          | 7699      |
|    policy_loss        | 4.87e+03  |
|    reward             | 723.61285 |
|    std                | 0.625     |
|    value_loss         | 5.6e+06   |
-------------------------------------
EPISODE:  40
------------------------------------
| time/                 |          |
|    fps                | 15       |
|    iterations         | 7800     |
|    time_elapsed       | 2567     |
|    total_timesteps    | 39000    |
| train/                |          |
|    entropy_loss       | -1.89    |
|    explained_variance | 0        |
|    learning_rate      | 0.0007   |
|    n_updates          | 7799     |
|    policy_loss        | 462      |
|    reward             | 58.17583 |
|    std                | 0.621    |
|    value_loss         | 1.35e+05 |
------------------------------------
------------------------------------
| time/                 |          |
|    fps                | 15       |
|    iterations         | 7900     |
|    time_elapsed       | 2600     |
|    total_timesteps    | 39500    |
| train/                |          |
|    entropy_loss       | -1.85    |
|    explained_variance | 0        |
|    learning_rate      | 0.0007   |
|    n_updates          | 7899     |
|    policy_loss        | 4.06e+03 |
|    reward             | 716.3605 |
|    std                | 0.611    |
|    value_loss         | 5.49e+06 |
------------------------------------
EPISODE:  41
------------------------------------
| time/                 |          |
|    fps                | 15       |
|    iterations         | 8000     |
|    time_elapsed       | 2633     |
|    total_timesteps    | 40000    |
| train/                |          |
|    entropy_loss       | -1.84    |
|    explained_variance | 0        |
|    learning_rate      | 0.0007   |
|    n_updates          | 7999     |
|    policy_loss        | 404      |
|    reward             | 44.35573 |
|    std                | 0.607    |
|    value_loss         | 8.5e+04  |
------------------------------------
-------------------------------------
| time/                 |           |
|    fps                | 15        |
|    iterations         | 8100      |
|    time_elapsed       | 2666      |
|    total_timesteps    | 40500     |
| train/                |           |
|    entropy_loss       | -1.82     |
|    explained_variance | -1.19e-07 |
|    learning_rate      | 0.0007    |
|    n_updates          | 8099      |
|    policy_loss        | 2.8e+03   |
|    reward             | 709.7963  |
|    std                | 0.6       |
|    value_loss         | 5.39e+06  |
-------------------------------------
EPISODE:  42
-------------------------------------
| time/                 |           |
|    fps                | 15        |
|    iterations         | 8200      |
|    time_elapsed       | 2699      |
|    total_timesteps    | 41000     |
| train/                |           |
|    entropy_loss       | -1.79     |
|    explained_variance | 0         |
|    learning_rate      | 0.0007    |
|    n_updates          | 8199      |
|    policy_loss        | 387       |
|    reward             | 39.467846 |
|    std                | 0.593     |
|    value_loss         | 7.94e+04  |
-------------------------------------
------------------------------------
| time/                 |          |
|    fps                | 15       |
|    iterations         | 8300     |
|    time_elapsed       | 2732     |
|    total_timesteps    | 41500    |
| train/                |          |
|    entropy_loss       | -1.77    |
|    explained_variance | 1.79e-07 |
|    learning_rate      | 0.0007   |
|    n_updates          | 8299     |
|    policy_loss        | 3.31e+03 |
|    reward             | 721.345  |
|    std                | 0.587    |
|    value_loss         | 5.56e+06 |
------------------------------------
EPISODE:  43
-------------------------------------
| time/                 |           |
|    fps                | 15        |
|    iterations         | 8400      |
|    time_elapsed       | 2765      |
|    total_timesteps    | 42000     |
| train/                |           |
|    entropy_loss       | -1.74     |
|    explained_variance | 0         |
|    learning_rate      | 0.0007    |
|    n_updates          | 8399      |
|    policy_loss        | 659       |
|    reward             | 58.380497 |
|    std                | 0.578     |
|    value_loss         | 1.22e+05  |
-------------------------------------
------------------------------------
| time/                 |          |
|    fps                | 15       |
|    iterations         | 8500     |
|    time_elapsed       | 2798     |
|    total_timesteps    | 42500    |
| train/                |          |
|    entropy_loss       | -1.72    |
|    explained_variance | 0        |
|    learning_rate      | 0.0007   |
|    n_updates          | 8499     |
|    policy_loss        | 4.27e+03 |
|    reward             | 715.1323 |
|    std                | 0.572    |
|    value_loss         | 5.47e+06 |
------------------------------------
EPISODE:  44
-------------------------------------
| time/                 |           |
|    fps                | 15        |
|    iterations         | 8600      |
|    time_elapsed       | 2831      |
|    total_timesteps    | 43000     |
| train/                |           |
|    entropy_loss       | -1.69     |
|    explained_variance | 0         |
|    learning_rate      | 0.0007    |
|    n_updates          | 8599      |
|    policy_loss        | 401       |
|    reward             | 46.978138 |
|    std                | 0.563     |
|    value_loss         | 9.66e+04  |
-------------------------------------
-------------------------------------
| time/                 |           |
|    fps                | 15        |
|    iterations         | 8700      |
|    time_elapsed       | 2864      |
|    total_timesteps    | 43500     |
| train/                |           |
|    entropy_loss       | -1.69     |
|    explained_variance | -1.19e-07 |
|    learning_rate      | 0.0007    |
|    n_updates          | 8699      |
|    policy_loss        | 2.5e+03   |
|    reward             | 709.0283  |
|    std                | 0.562     |
|    value_loss         | 5.37e+06  |
-------------------------------------
EPISODE:  45
------------------------------------
| time/                 |          |
|    fps                | 15       |
|    iterations         | 8800     |
|    time_elapsed       | 2896     |
|    total_timesteps    | 44000    |
| train/                |          |
|    entropy_loss       | -1.68    |
|    explained_variance | 0        |
|    learning_rate      | 0.0007   |
|    n_updates          | 8799     |
|    policy_loss        | 219      |
|    reward             | 36.36314 |
|    std                | 0.561    |
|    value_loss         | 6.78e+04 |
------------------------------------
------------------------------------
| time/                 |          |
|    fps                | 15       |
|    iterations         | 8900     |
|    time_elapsed       | 2929     |
|    total_timesteps    | 44500    |
| train/                |          |
|    entropy_loss       | -1.67    |
|    explained_variance | 1.19e-07 |
|    learning_rate      | 0.0007   |
|    n_updates          | 8899     |
|    policy_loss        | 3.87e+03 |
|    reward             | 707.3293 |
|    std                | 0.557    |
|    value_loss         | 5.34e+06 |
------------------------------------
EPISODE:  46
-------------------------------------
| time/                 |           |
|    fps                | 15        |
|    iterations         | 9000      |
|    time_elapsed       | 2962      |
|    total_timesteps    | 45000     |
| train/                |           |
|    entropy_loss       | -1.66     |
|    explained_variance | 0         |
|    learning_rate      | 0.0007    |
|    n_updates          | 8999      |
|    policy_loss        | 511       |
|    reward             | 44.023357 |
|    std                | 0.554     |
|    value_loss         | 9.29e+04  |
-------------------------------------
-------------------------------------
| time/                 |           |
|    fps                | 15        |
|    iterations         | 9100      |
|    time_elapsed       | 2995      |
|    total_timesteps    | 45500     |
| train/                |           |
|    entropy_loss       | -1.64     |
|    explained_variance | 0         |
|    learning_rate      | 0.0007    |
|    n_updates          | 9099      |
|    policy_loss        | 3.05e+03  |
|    reward             | 716.83466 |
|    std                | 0.55      |
|    value_loss         | 5.48e+06  |
-------------------------------------
EPISODE:  47
------------------------------------
| time/                 |          |
|    fps                | 15       |
|    iterations         | 9200     |
|    time_elapsed       | 3028     |
|    total_timesteps    | 46000    |
| train/                |          |
|    entropy_loss       | -1.63    |
|    explained_variance | 1.79e-07 |
|    learning_rate      | 0.0007   |
|    n_updates          | 9199     |
|    policy_loss        | 409      |
|    reward             | 46.92202 |
|    std                | 0.547    |
|    value_loss         | 1.05e+05 |
------------------------------------
-------------------------------------
| time/                 |           |
|    fps                | 15        |
|    iterations         | 9300      |
|    time_elapsed       | 3061      |
|    total_timesteps    | 46500     |
| train/                |           |
|    entropy_loss       | -1.62     |
|    explained_variance | 5.96e-08  |
|    learning_rate      | 0.0007    |
|    n_updates          | 9299      |
|    policy_loss        | 2.38e+03  |
|    reward             | 722.46515 |
|    std                | 0.543     |
|    value_loss         | 5.57e+06  |
-------------------------------------
EPISODE:  48
-------------------------------------
| time/                 |           |
|    fps                | 15        |
|    iterations         | 9400      |
|    time_elapsed       | 3094      |
|    total_timesteps    | 47000     |
| train/                |           |
|    entropy_loss       | -1.61     |
|    explained_variance | 0         |
|    learning_rate      | 0.0007    |
|    n_updates          | 9399      |
|    policy_loss        | 395       |
|    reward             | 44.318478 |
|    std                | 0.541     |
|    value_loss         | 1.02e+05  |
-------------------------------------
------------------------------------
| time/                 |          |
|    fps                | 15       |
|    iterations         | 9500     |
|    time_elapsed       | 3127     |
|    total_timesteps    | 47500    |
| train/                |          |
|    entropy_loss       | -1.57    |
|    explained_variance | 0        |
|    learning_rate      | 0.0007   |
|    n_updates          | 9499     |
|    policy_loss        | 2.65e+03 |
|    reward             | 728.5306 |
|    std                | 0.532    |
|    value_loss         | 5.66e+06 |
------------------------------------
EPISODE:  49
-------------------------------------
| time/                 |           |
|    fps                | 15        |
|    iterations         | 9600      |
|    time_elapsed       | 3160      |
|    total_timesteps    | 48000     |
| train/                |           |
|    entropy_loss       | -1.56     |
|    explained_variance | 5.96e-08  |
|    learning_rate      | 0.0007    |
|    n_updates          | 9599      |
|    policy_loss        | 513       |
|    reward             | 51.175804 |
|    std                | 0.528     |
|    value_loss         | 1.17e+05  |
-------------------------------------
------------------------------------
| time/                 |          |
|    fps                | 15       |
|    iterations         | 9700     |
|    time_elapsed       | 3194     |
|    total_timesteps    | 48500    |
| train/                |          |
|    entropy_loss       | -1.55    |
|    explained_variance | 0        |
|    learning_rate      | 0.0007   |
|    n_updates          | 9699     |
|    policy_loss        | 3.47e+03 |
|    reward             | 708.7832 |
|    std                | 0.525    |
|    value_loss         | 5.36e+06 |
------------------------------------
EPISODE:  50
-------------------------------------
| time/                 |           |
|    fps                | 15        |
|    iterations         | 9800      |
|    time_elapsed       | 3227      |
|    total_timesteps    | 49000     |
| train/                |           |
|    entropy_loss       | -1.54     |
|    explained_variance | 0         |
|    learning_rate      | 0.0007    |
|    n_updates          | 9799      |
|    policy_loss        | 353       |
|    reward             | 40.914673 |
|    std                | 0.523     |
|    value_loss         | 8.4e+04   |
-------------------------------------
------------------------------------
| time/                 |          |
|    fps                | 15       |
|    iterations         | 9900     |
|    time_elapsed       | 3260     |
|    total_timesteps    | 49500    |
| train/                |          |
|    entropy_loss       | -1.54    |
|    explained_variance | 1.19e-07 |
|    learning_rate      | 0.0007   |
|    n_updates          | 9899     |
|    policy_loss        | 4.21e+03 |
|    reward             | 738.1539 |
|    std                | 0.523    |
|    value_loss         | 5.8e+06  |
------------------------------------
EPISODE:  51
-------------------------------------
| time/                 |           |
|    fps                | 15        |
|    iterations         | 10000     |
|    time_elapsed       | 3293      |
|    total_timesteps    | 50000     |
| train/                |           |
|    entropy_loss       | -1.54     |
|    explained_variance | 0         |
|    learning_rate      | 0.0007    |
|    n_updates          | 9999      |
|    policy_loss        | 663       |
|    reward             | 68.822624 |
|    std                | 0.522     |
|    value_loss         | 1.87e+05  |
-------------------------------------
------------------------------------
| time/                 |          |
|    fps                | 15       |
|    iterations         | 10100    |
|    time_elapsed       | 3326     |
|    total_timesteps    | 50500    |
| train/                |          |
|    entropy_loss       | -1.52    |
|    explained_variance | 2.38e-07 |
|    learning_rate      | 0.0007   |
|    n_updates          | 10099    |
|    policy_loss        | 7.24e+03 |
|    reward             | 763.5382 |
|    std                | 0.518    |
|    value_loss         | 6.21e+06 |
------------------------------------
EPISODE:  52
-------------------------------------
| time/                 |           |
|    fps                | 15        |
|    iterations         | 10200     |
|    time_elapsed       | 3359      |
|    total_timesteps    | 51000     |
| train/                |           |
|    entropy_loss       | -1.53     |
|    explained_variance | 0         |
|    learning_rate      | 0.0007    |
|    n_updates          | 10199     |
|    policy_loss        | 769       |
|    reward             | 86.990715 |
|    std                | 0.52      |
|    value_loss         | 2.26e+05  |
-------------------------------------
-------------------------------------
| time/                 |           |
|    fps                | 15        |
|    iterations         | 10300     |
|    time_elapsed       | 3392      |
|    total_timesteps    | 51500     |
| train/                |           |
|    entropy_loss       | -1.52     |
|    explained_variance | 1.19e-07  |
|    learning_rate      | 0.0007    |
|    n_updates          | 10299     |
|    policy_loss        | 4.44e+03  |
|    reward             | 783.62885 |
|    std                | 0.518     |
|    value_loss         | 6.52e+06  |
-------------------------------------
EPISODE:  53
-------------------------------------
| time/                 |           |
|    fps                | 15        |
|    iterations         | 10400     |
|    time_elapsed       | 3425      |
|    total_timesteps    | 52000     |
| train/                |           |
|    entropy_loss       | -1.5      |
|    explained_variance | -1.19e-07 |
|    learning_rate      | 0.0007    |
|    n_updates          | 10399     |
|    policy_loss        | 1.36e+03  |
|    reward             | 139.9306  |
|    std                | 0.512     |
|    value_loss         | 5.38e+05  |
-------------------------------------
------------------------------------
| time/                 |          |
|    fps                | 15       |
|    iterations         | 10500    |
|    time_elapsed       | 3457     |
|    total_timesteps    | 52500    |
| train/                |          |
|    entropy_loss       | -1.49    |
|    explained_variance | 0        |
|    learning_rate      | 0.0007   |
|    n_updates          | 10499    |
|    policy_loss        | 3.49e+03 |
|    reward             | 746.3774 |
|    std                | 0.511    |
|    value_loss         | 5.94e+06 |
------------------------------------
EPISODE:  54
-------------------------------------
| time/                 |           |
|    fps                | 15        |
|    iterations         | 10600     |
|    time_elapsed       | 3490      |
|    total_timesteps    | 53000     |
| train/                |           |
|    entropy_loss       | -1.48     |
|    explained_variance | -1.19e-07 |
|    learning_rate      | 0.0007    |
|    n_updates          | 10599     |
|    policy_loss        | 502       |
|    reward             | 52.88235  |
|    std                | 0.508     |
|    value_loss         | 1.23e+05  |
-------------------------------------
------------------------------------
| time/                 |          |
|    fps                | 15       |
|    iterations         | 10700    |
|    time_elapsed       | 3523     |
|    total_timesteps    | 53500    |
| train/                |          |
|    entropy_loss       | -1.47    |
|    explained_variance | 0        |
|    learning_rate      | 0.0007   |
|    n_updates          | 10699    |
|    policy_loss        | 3.53e+03 |
|    reward             | 731.3223 |
|    std                | 0.505    |
|    value_loss         | 5.7e+06  |
------------------------------------
EPISODE:  55
-------------------------------------
| time/                 |           |
|    fps                | 15        |
|    iterations         | 10800     |
|    time_elapsed       | 3556      |
|    total_timesteps    | 54000     |
| train/                |           |
|    entropy_loss       | -1.46     |
|    explained_variance | 0         |
|    learning_rate      | 0.0007    |
|    n_updates          | 10799     |
|    policy_loss        | 432       |
|    reward             | 27.919228 |
|    std                | 0.502     |
|    value_loss         | 4.19e+04  |
-------------------------------------
------------------------------------
| time/                 |          |
|    fps                | 15       |
|    iterations         | 10900    |
|    time_elapsed       | 3589     |
|    total_timesteps    | 54500    |
| train/                |          |
|    entropy_loss       | -1.44    |
|    explained_variance | 0        |
|    learning_rate      | 0.0007   |
|    n_updates          | 10899    |
|    policy_loss        | 2.39e+03 |
|    reward             | 688.5606 |
|    std                | 0.498    |
|    value_loss         | 5.08e+06 |
------------------------------------
EPISODE:  56
------------------------------------
| time/                 |          |
|    fps                | 15       |
|    iterations         | 11000    |
|    time_elapsed       | 3622     |
|    total_timesteps    | 55000    |
| train/                |          |
|    entropy_loss       | -1.42    |
|    explained_variance | 0        |
|    learning_rate      | 0.0007   |
|    n_updates          | 10999    |
|    policy_loss        | 68.6     |
|    reward             | 8.845372 |
|    std                | 0.492    |
|    value_loss         | 7.78e+03 |
------------------------------------
------------------------------------
| time/                 |          |
|    fps                | 15       |
|    iterations         | 11100    |
|    time_elapsed       | 3655     |
|    total_timesteps    | 55500    |
| train/                |          |
|    entropy_loss       | -1.4     |
|    explained_variance | 0        |
|    learning_rate      | 0.0007   |
|    n_updates          | 11099    |
|    policy_loss        | 2.67e+03 |
|    reward             | 619.8359 |
|    std                | 0.489    |
|    value_loss         | 4.1e+06  |
------------------------------------
EPISODE:  57
------------------------------------
| time/                 |          |
|    fps                | 15       |
|    iterations         | 11200    |
|    time_elapsed       | 3688     |
|    total_timesteps    | 56000    |
| train/                |          |
|    entropy_loss       | -1.39    |
|    explained_variance | 5.96e-07 |
|    learning_rate      | 0.0007   |
|    n_updates          | 11199    |
|    policy_loss        | 106      |
|    reward             | 10.55441 |
|    std                | 0.484    |
|    value_loss         | 9.42e+03 |
------------------------------------
------------------------------------
| time/                 |          |
|    fps                | 15       |
|    iterations         | 11300    |
|    time_elapsed       | 3721     |
|    total_timesteps    | 56500    |
| train/                |          |
|    entropy_loss       | -1.38    |
|    explained_variance | 0        |
|    learning_rate      | 0.0007   |
|    n_updates          | 11299    |
|    policy_loss        | 2.73e+03 |
|    reward             | 708.2601 |
|    std                | 0.483    |
|    value_loss         | 5.32e+06 |
------------------------------------
EPISODE:  58
-------------------------------------
| time/                 |           |
|    fps                | 15        |
|    iterations         | 11400     |
|    time_elapsed       | 3754      |
|    total_timesteps    | 57000     |
| train/                |           |
|    entropy_loss       | -1.37     |
|    explained_variance | 0         |
|    learning_rate      | 0.0007    |
|    n_updates          | 11399     |
|    policy_loss        | 271       |
|    reward             | 18.694036 |
|    std                | 0.48      |
|    value_loss         | 2.85e+04  |
-------------------------------------
-------------------------------------
| time/                 |           |
|    fps                | 15        |
|    iterations         | 11500     |
|    time_elapsed       | 3787      |
|    total_timesteps    | 57500     |
| train/                |           |
|    entropy_loss       | -1.35     |
|    explained_variance | -1.19e-07 |
|    learning_rate      | 0.0007    |
|    n_updates          | 11499     |
|    policy_loss        | 2.58e+03  |
|    reward             | 659.11584 |
|    std                | 0.476     |
|    value_loss         | 4.64e+06  |
-------------------------------------
EPISODE:  59
-------------------------------------
| time/                 |           |
|    fps                | 15        |
|    iterations         | 11600     |
|    time_elapsed       | 3820      |
|    total_timesteps    | 58000     |
| train/                |           |
|    entropy_loss       | -1.31     |
|    explained_variance | -1.19e-07 |
|    learning_rate      | 0.0007    |
|    n_updates          | 11599     |
|    policy_loss        | 73.5      |
|    reward             | 9.184091  |
|    std                | 0.467     |
|    value_loss         | 6.98e+03  |
-------------------------------------
-------------------------------------
| time/                 |           |
|    fps                | 15        |
|    iterations         | 11700     |
|    time_elapsed       | 3853      |
|    total_timesteps    | 58500     |
| train/                |           |
|    entropy_loss       | -1.31     |
|    explained_variance | -1.19e-07 |
|    learning_rate      | 0.0007    |
|    n_updates          | 11699     |
|    policy_loss        | 2.64e+03  |
|    reward             | 627.4474  |
|    std                | 0.467     |
|    value_loss         | 4.2e+06   |
-------------------------------------
EPISODE:  60
-------------------------------------
| time/                 |           |
|    fps                | 15        |
|    iterations         | 11800     |
|    time_elapsed       | 3886      |
|    total_timesteps    | 59000     |
| train/                |           |
|    entropy_loss       | -1.29     |
|    explained_variance | 0         |
|    learning_rate      | 0.0007    |
|    n_updates          | 11799     |
|    policy_loss        | 92        |
|    reward             | 17.127573 |
|    std                | 0.46      |
|    value_loss         | 2.13e+04  |
-------------------------------------
------------------------------------
| time/                 |          |
|    fps                | 15       |
|    iterations         | 11900    |
|    time_elapsed       | 3919     |
|    total_timesteps    | 59500    |
| train/                |          |
|    entropy_loss       | -1.27    |
|    explained_variance | 1.19e-07 |
|    learning_rate      | 0.0007   |
|    n_updates          | 11899    |
|    policy_loss        | 4.3e+03  |
|    reward             | 688.3676 |
|    std                | 0.457    |
|    value_loss         | 5.04e+06 |
------------------------------------
EPISODE:  61
------------------------------------
| time/                 |          |
|    fps                | 15       |
|    iterations         | 12000    |
|    time_elapsed       | 3952     |
|    total_timesteps    | 60000    |
| train/                |          |
|    entropy_loss       | -1.26    |
|    explained_variance | 0        |
|    learning_rate      | 0.0007   |
|    n_updates          | 11999    |
|    policy_loss        | 234      |
|    reward             | 27.54797 |
|    std                | 0.455    |
|    value_loss         | 4.49e+04 |
------------------------------------
-------------------------------------
| time/                 |           |
|    fps                | 15        |
|    iterations         | 12100     |
|    time_elapsed       | 3985      |
|    total_timesteps    | 60500     |
| train/                |           |
|    entropy_loss       | -1.26     |
|    explained_variance | -1.19e-07 |
|    learning_rate      | 0.0007    |
|    n_updates          | 12099     |
|    policy_loss        | 2.77e+03  |
|    reward             | 685.86346 |
|    std                | 0.455     |
|    value_loss         | 5.01e+06  |
-------------------------------------
EPISODE:  62
-------------------------------------
| time/                 |           |
|    fps                | 15        |
|    iterations         | 12200     |
|    time_elapsed       | 4018      |
|    total_timesteps    | 61000     |
| train/                |           |
|    entropy_loss       | -1.24     |
|    explained_variance | 0         |
|    learning_rate      | 0.0007    |
|    n_updates          | 12199     |
|    policy_loss        | 189       |
|    reward             | 18.511047 |
|    std                | 0.45      |
|    value_loss         | 2.94e+04  |
-------------------------------------
------------------------------------
| time/                 |          |
|    fps                | 15       |
|    iterations         | 12300    |
|    time_elapsed       | 4051     |
|    total_timesteps    | 61500    |
| train/                |          |
|    entropy_loss       | -1.23    |
|    explained_variance | 5.96e-08 |
|    learning_rate      | 0.0007   |
|    n_updates          | 12299    |
|    policy_loss        | 5.46e+03 |
|    reward             | 641.7666 |
|    std                | 0.447    |
|    value_loss         | 4.39e+06 |
------------------------------------
EPISODE:  63
-------------------------------------
| time/                 |           |
|    fps                | 15        |
|    iterations         | 12400     |
|    time_elapsed       | 4084      |
|    total_timesteps    | 62000     |
| train/                |           |
|    entropy_loss       | -1.24     |
|    explained_variance | 0         |
|    learning_rate      | 0.0007    |
|    n_updates          | 12399     |
|    policy_loss        | 165       |
|    reward             | 15.407595 |
|    std                | 0.449     |
|    value_loss         | 1.7e+04   |
-------------------------------------
-------------------------------------
| time/                 |           |
|    fps                | 15        |
|    iterations         | 12500     |
|    time_elapsed       | 4118      |
|    total_timesteps    | 62500     |
| train/                |           |
|    entropy_loss       | -1.23     |
|    explained_variance | 0         |
|    learning_rate      | 0.0007    |
|    n_updates          | 12499     |
|    policy_loss        | 1.53e+03  |
|    reward             | 642.47296 |
|    std                | 0.447     |
|    value_loss         | 4.4e+06   |
-------------------------------------
EPISODE:  64
-------------------------------------
| time/                 |           |
|    fps                | 15        |
|    iterations         | 12600     |
|    time_elapsed       | 4149      |
|    total_timesteps    | 63000     |
| train/                |           |
|    entropy_loss       | -1.21     |
|    explained_variance | 1.19e-07  |
|    learning_rate      | 0.0007    |
|    n_updates          | 12599     |
|    policy_loss        | 167       |
|    reward             | 15.163657 |
|    std                | 0.443     |
|    value_loss         | 1.64e+04  |
-------------------------------------
------------------------------------
| time/                 |          |
|    fps                | 15       |
|    iterations         | 12700    |
|    time_elapsed       | 4184     |
|    total_timesteps    | 63500    |
| train/                |          |
|    entropy_loss       | -1.2     |
|    explained_variance | 5.96e-08 |
|    learning_rate      | 0.0007   |
|    n_updates          | 12699    |
|    policy_loss        | 2.05e+03 |
|    reward             | 681.1631 |
|    std                | 0.441    |
|    value_loss         | 4.93e+06 |
------------------------------------
EPISODE:  65
------------------------------------
| time/                 |          |
|    fps                | 15       |
|    iterations         | 12800    |
|    time_elapsed       | 4218     |
|    total_timesteps    | 64000    |
| train/                |          |
|    entropy_loss       | -1.18    |
|    explained_variance | 0        |
|    learning_rate      | 0.0007   |
|    n_updates          | 12799    |
|    policy_loss        | 157      |
|    reward             | 28.09643 |
|    std                | 0.437    |
|    value_loss         | 4.14e+04 |
------------------------------------
------------------------------------
| time/                 |          |
|    fps                | 15       |
|    iterations         | 12900    |
|    time_elapsed       | 4252     |
|    total_timesteps    | 64500    |
| train/                |          |
|    entropy_loss       | -1.18    |
|    explained_variance | 0        |
|    learning_rate      | 0.0007   |
|    n_updates          | 12899    |
|    policy_loss        | 2.56e+03 |
|    reward             | 689.2307 |
|    std                | 0.436    |
|    value_loss         | 5.05e+06 |
------------------------------------
EPISODE:  66
-------------------------------------
| time/                 |           |
|    fps                | 15        |
|    iterations         | 13000     |
|    time_elapsed       | 4287      |
|    total_timesteps    | 65000     |
| train/                |           |
|    entropy_loss       | -1.18     |
|    explained_variance | 0         |
|    learning_rate      | 0.0007    |
|    n_updates          | 12999     |
|    policy_loss        | 75.3      |
|    reward             | 21.666817 |
|    std                | 0.437     |
|    value_loss         | 3.16e+04  |
-------------------------------------
------------------------------------
| time/                 |          |
|    fps                | 15       |
|    iterations         | 13100    |
|    time_elapsed       | 4321     |
|    total_timesteps    | 65500    |
| train/                |          |
|    entropy_loss       | -1.19    |
|    explained_variance | 0        |
|    learning_rate      | 0.0007   |
|    n_updates          | 13099    |
|    policy_loss        | 3.77e+03 |
|    reward             | 685.3285 |
|    std                | 0.439    |
|    value_loss         | 4.99e+06 |
------------------------------------
EPISODE:  67
-------------------------------------
| time/                 |           |
|    fps                | 15        |
|    iterations         | 13200     |
|    time_elapsed       | 4356      |
|    total_timesteps    | 66000     |
| train/                |           |
|    entropy_loss       | -1.17     |
|    explained_variance | 0         |
|    learning_rate      | 0.0007    |
|    n_updates          | 13199     |
|    policy_loss        | 255       |
|    reward             | 33.359665 |
|    std                | 0.434     |
|    value_loss         | 5.63e+04  |
-------------------------------------
-------------------------------------
| time/                 |           |
|    fps                | 15        |
|    iterations         | 13300     |
|    time_elapsed       | 4390      |
|    total_timesteps    | 66500     |
| train/                |           |
|    entropy_loss       | -1.16     |
|    explained_variance | -1.19e-07 |
|    learning_rate      | 0.0007    |
|    n_updates          | 13299     |
|    policy_loss        | 1.93e+03  |
|    reward             | 741.8293  |
|    std                | 0.431     |
|    value_loss         | 5.82e+06  |
-------------------------------------
EPISODE:  68
------------------------------------
| time/                 |          |
|    fps                | 15       |
|    iterations         | 13400    |
|    time_elapsed       | 4424     |
|    total_timesteps    | 67000    |
| train/                |          |
|    entropy_loss       | -1.15    |
|    explained_variance | 0        |
|    learning_rate      | 0.0007   |
|    n_updates          | 13399    |
|    policy_loss        | 421      |
|    reward             | 42.34805 |
|    std                | 0.431    |
|    value_loss         | 8.48e+04 |
------------------------------------
------------------------------------
| time/                 |          |
|    fps                | 15       |
|    iterations         | 13500    |
|    time_elapsed       | 4459     |
|    total_timesteps    | 67500    |
| train/                |          |
|    entropy_loss       | -1.14    |
|    explained_variance | 0        |
|    learning_rate      | 0.0007   |
|    n_updates          | 13499    |
|    policy_loss        | 1.47e+03 |
|    reward             | 766.3628 |
|    std                | 0.427    |
|    value_loss         | 6.23e+06 |
------------------------------------
EPISODE:  69
-------------------------------------
| time/                 |           |
|    fps                | 15        |
|    iterations         | 13600     |
|    time_elapsed       | 4493      |
|    total_timesteps    | 68000     |
| train/                |           |
|    entropy_loss       | -1.11     |
|    explained_variance | 0         |
|    learning_rate      | 0.0007    |
|    n_updates          | 13599     |
|    policy_loss        | 127       |
|    reward             | 45.466774 |
|    std                | 0.422     |
|    value_loss         | 9.61e+04  |
-------------------------------------
------------------------------------
| time/                 |          |
|    fps                | 15       |
|    iterations         | 13700    |
|    time_elapsed       | 4527     |
|    total_timesteps    | 68500    |
| train/                |          |
|    entropy_loss       | -1.12    |
|    explained_variance | 0        |
|    learning_rate      | 0.0007   |
|    n_updates          | 13699    |
|    policy_loss        | 3.34e+03 |
|    reward             | 801.0928 |
|    std                | 0.424    |
|    value_loss         | 6.8e+06  |
------------------------------------
EPISODE:  70
-------------------------------------
| time/                 |           |
|    fps                | 15        |
|    iterations         | 13800     |
|    time_elapsed       | 4562      |
|    total_timesteps    | 69000     |
| train/                |           |
|    entropy_loss       | -1.1      |
|    explained_variance | 0         |
|    learning_rate      | 0.0007    |
|    n_updates          | 13799     |
|    policy_loss        | 575       |
|    reward             | 68.326004 |
|    std                | 0.419     |
|    value_loss         | 2.07e+05  |
-------------------------------------
-------------------------------------
| time/                 |           |
|    fps                | 15        |
|    iterations         | 13900     |
|    time_elapsed       | 4596      |
|    total_timesteps    | 69500     |
| train/                |           |
|    entropy_loss       | -1.1      |
|    explained_variance | 0         |
|    learning_rate      | 0.0007    |
|    n_updates          | 13899     |
|    policy_loss        | 5.51e+03  |
|    reward             | 807.40485 |
|    std                | 0.42      |
|    value_loss         | 6.92e+06  |
-------------------------------------
EPISODE:  71
-------------------------------------
| time/                 |           |
|    fps                | 15        |
|    iterations         | 14000     |
|    time_elapsed       | 4631      |
|    total_timesteps    | 70000     |
| train/                |           |
|    entropy_loss       | -1.08     |
|    explained_variance | 2.98e-07  |
|    learning_rate      | 0.0007    |
|    n_updates          | 13999     |
|    policy_loss        | 169       |
|    reward             | 67.697556 |
|    std                | 0.416     |
|    value_loss         | 2.07e+05  |
-------------------------------------
------------------------------------
| time/                 |          |
|    fps                | 15       |
|    iterations         | 14100    |
|    time_elapsed       | 4665     |
|    total_timesteps    | 70500    |
| train/                |          |
|    entropy_loss       | -1.05    |
|    explained_variance | 0        |
|    learning_rate      | 0.0007   |
|    n_updates          | 14099    |
|    policy_loss        | 1.92e+03 |
|    reward             | 808.3613 |
|    std                | 0.409    |
|    value_loss         | 6.93e+06 |
------------------------------------
EPISODE:  72
-------------------------------------
| time/                 |           |
|    fps                | 15        |
|    iterations         | 14200     |
|    time_elapsed       | 4699      |
|    total_timesteps    | 71000     |
| train/                |           |
|    entropy_loss       | -1.02     |
|    explained_variance | -1.19e-07 |
|    learning_rate      | 0.0007    |
|    n_updates          | 14199     |
|    policy_loss        | 555       |
|    reward             | 76.86475  |
|    std                | 0.404     |
|    value_loss         | 2.14e+05  |
-------------------------------------
-------------------------------------
| time/                 |           |
|    fps                | 15        |
|    iterations         | 14300     |
|    time_elapsed       | 4734      |
|    total_timesteps    | 71500     |
| train/                |           |
|    entropy_loss       | -1        |
|    explained_variance | 0         |
|    learning_rate      | 0.0007    |
|    n_updates          | 14299     |
|    policy_loss        | 3.35e+03  |
|    reward             | 820.28766 |
|    std                | 0.401     |
|    value_loss         | 7.12e+06  |
-------------------------------------
EPISODE:  73
-------------------------------------
| time/                 |           |
|    fps                | 15        |
|    iterations         | 14400     |
|    time_elapsed       | 4768      |
|    total_timesteps    | 72000     |
| train/                |           |
|    entropy_loss       | -0.988    |
|    explained_variance | 3.58e-07  |
|    learning_rate      | 0.0007    |
|    n_updates          | 14399     |
|    policy_loss        | 391       |
|    reward             | 156.52487 |
|    std                | 0.397     |
|    value_loss         | 6.02e+05  |
-------------------------------------
-------------------------------------
| time/                 |           |
|    fps                | 15        |
|    iterations         | 14500     |
|    time_elapsed       | 4803      |
|    total_timesteps    | 72500     |
| train/                |           |
|    entropy_loss       | -0.961    |
|    explained_variance | 0         |
|    learning_rate      | 0.0007    |
|    n_updates          | 14499     |
|    policy_loss        | 4.46e+03  |
|    reward             | 827.36774 |
|    std                | 0.392     |
|    value_loss         | 7.24e+06  |
-------------------------------------
EPISODE:  74
--------------------------------------
| time/                 |            |
|    fps                | 15         |
|    iterations         | 14600      |
|    time_elapsed       | 4837       |
|    total_timesteps    | 73000      |
| train/                |            |
|    entropy_loss       | -0.943     |
|    explained_variance | 0          |
|    learning_rate      | 0.0007     |
|    n_updates          | 14599      |
|    policy_loss        | 576        |
|    reward             | 108.193985 |
|    std                | 0.388      |
|    value_loss         | 3.89e+05   |
--------------------------------------
------------------------------------
| time/                 |          |
|    fps                | 15       |
|    iterations         | 14700    |
|    time_elapsed       | 4871     |
|    total_timesteps    | 73500    |
| train/                |          |
|    entropy_loss       | -0.926   |
|    explained_variance | 0        |
|    learning_rate      | 0.0007   |
|    n_updates          | 14699    |
|    policy_loss        | 700      |
|    reward             | 828.582  |
|    std                | 0.385    |
|    value_loss         | 7.26e+06 |
------------------------------------
EPISODE:  75
-------------------------------------
| time/                 |           |
|    fps                | 15        |
|    iterations         | 14800     |
|    time_elapsed       | 4906      |
|    total_timesteps    | 74000     |
| train/                |           |
|    entropy_loss       | -0.902    |
|    explained_variance | 1.79e-07  |
|    learning_rate      | 0.0007    |
|    n_updates          | 14799     |
|    policy_loss        | 268       |
|    reward             | 157.52507 |
|    std                | 0.38      |
|    value_loss         | 6.17e+05  |
-------------------------------------
-------------------------------------
| time/                 |           |
|    fps                | 15        |
|    iterations         | 14900     |
|    time_elapsed       | 4940      |
|    total_timesteps    | 74500     |
| train/                |           |
|    entropy_loss       | -0.89     |
|    explained_variance | 0         |
|    learning_rate      | 0.0007    |
|    n_updates          | 14899     |
|    policy_loss        | 1.23e+03  |
|    reward             | 829.81805 |
|    std                | 0.378     |
|    value_loss         | 7.28e+06  |
-------------------------------------
EPISODE:  76
-------------------------------------
| time/                 |           |
|    fps                | 15        |
|    iterations         | 15000     |
|    time_elapsed       | 4975      |
|    total_timesteps    | 75000     |
| train/                |           |
|    entropy_loss       | -0.877    |
|    explained_variance | -1.19e-07 |
|    learning_rate      | 0.0007    |
|    n_updates          | 14999     |
|    policy_loss        | 673       |
|    reward             | 114.27677 |
|    std                | 0.376     |
|    value_loss         | 4.74e+05  |
-------------------------------------
-------------------------------------
| time/                 |           |
|    fps                | 15        |
|    iterations         | 15100     |
|    time_elapsed       | 5009      |
|    total_timesteps    | 75500     |
| train/                |           |
|    entropy_loss       | -0.864    |
|    explained_variance | -1.19e-07 |
|    learning_rate      | 0.0007    |
|    n_updates          | 15099     |
|    policy_loss        | 3.63e+03  |
|    reward             | 820.3931  |
|    std                | 0.373     |
|    value_loss         | 7.12e+06  |
-------------------------------------
EPISODE:  77
------------------------------------
| time/                 |          |
|    fps                | 15       |
|    iterations         | 15200    |
|    time_elapsed       | 5045     |
|    total_timesteps    | 76000    |
| train/                |          |
|    entropy_loss       | -0.854   |
|    explained_variance | 0        |
|    learning_rate      | 0.0007   |
|    n_updates          | 15199    |
|    policy_loss        | 312      |
|    reward             | 57.52238 |
|    std                | 0.371    |
|    value_loss         | 1.54e+05 |
------------------------------------
-------------------------------------
| time/                 |           |
|    fps                | 15        |
|    iterations         | 15300     |
|    time_elapsed       | 5079      |
|    total_timesteps    | 76500     |
| train/                |           |
|    entropy_loss       | -0.829    |
|    explained_variance | -1.19e-07 |
|    learning_rate      | 0.0007    |
|    n_updates          | 15299     |
|    policy_loss        | 4.08e+03  |
|    reward             | 745.0927  |
|    std                | 0.367     |
|    value_loss         | 5.88e+06  |
-------------------------------------
EPISODE:  78
------------------------------------
| time/                 |          |
|    fps                | 15       |
|    iterations         | 15400    |
|    time_elapsed       | 5113     |
|    total_timesteps    | 77000    |
| train/                |          |
|    entropy_loss       | -0.819   |
|    explained_variance | 1.19e-07 |
|    learning_rate      | 0.0007   |
|    n_updates          | 15399    |
|    policy_loss        | 127      |
|    reward             | 38.77738 |
|    std                | 0.365    |
|    value_loss         | 7.25e+04 |
------------------------------------
-------------------------------------
| time/                 |           |
|    fps                | 15        |
|    iterations         | 15500     |
|    time_elapsed       | 5148      |
|    total_timesteps    | 77500     |
| train/                |           |
|    entropy_loss       | -0.803    |
|    explained_variance | 0         |
|    learning_rate      | 0.0007    |
|    n_updates          | 15499     |
|    policy_loss        | 1.93e+03  |
|    reward             | 715.04767 |
|    std                | 0.362     |
|    value_loss         | 5.42e+06  |
-------------------------------------
EPISODE:  79
------------------------------------
| time/                 |          |
|    fps                | 15       |
|    iterations         | 15600    |
|    time_elapsed       | 5182     |
|    total_timesteps    | 78000    |
| train/                |          |
|    entropy_loss       | -0.777   |
|    explained_variance | 0        |
|    learning_rate      | 0.0007   |
|    n_updates          | 15599    |
|    policy_loss        | 61.8     |
|    reward             | 36.09467 |
|    std                | 0.357    |
|    value_loss         | 6.19e+04 |
------------------------------------
-------------------------------------
| time/                 |           |
|    fps                | 15        |
|    iterations         | 15700     |
|    time_elapsed       | 5217      |
|    total_timesteps    | 78500     |
| train/                |           |
|    entropy_loss       | -0.76     |
|    explained_variance | 0         |
|    learning_rate      | 0.0007    |
|    n_updates          | 15699     |
|    policy_loss        | 2.22e+03  |
|    reward             | 718.05884 |
|    std                | 0.354     |
|    value_loss         | 5.46e+06  |
-------------------------------------
EPISODE:  80
------------------------------------
| time/                 |          |
|    fps                | 15       |
|    iterations         | 15800    |
|    time_elapsed       | 5251     |
|    total_timesteps    | 79000    |
| train/                |          |
|    entropy_loss       | -0.73    |
|    explained_variance | 0        |
|    learning_rate      | 0.0007   |
|    n_updates          | 15799    |
|    policy_loss        | 86       |
|    reward             | 36.93357 |
|    std                | 0.349    |
|    value_loss         | 6.5e+04  |
------------------------------------
------------------------------------
| time/                 |          |
|    fps                | 15       |
|    iterations         | 15900    |
|    time_elapsed       | 5285     |
|    total_timesteps    | 79500    |
| train/                |          |
|    entropy_loss       | -0.709   |
|    explained_variance | 0        |
|    learning_rate      | 0.0007   |
|    n_updates          | 15899    |
|    policy_loss        | 1.45e+03 |
|    reward             | 715.4481 |
|    std                | 0.346    |
|    value_loss         | 5.42e+06 |
------------------------------------
EPISODE:  81
------------------------------------
| time/                 |          |
|    fps                | 15       |
|    iterations         | 16000    |
|    time_elapsed       | 5320     |
|    total_timesteps    | 80000    |
| train/                |          |
|    entropy_loss       | -0.689   |
|    explained_variance | 1.79e-07 |
|    learning_rate      | 0.0007   |
|    n_updates          | 15999    |
|    policy_loss        | 153      |
|    reward             | 36.1498  |
|    std                | 0.342    |
|    value_loss         | 6.18e+04 |
------------------------------------
------------------------------------
| time/                 |          |
|    fps                | 15       |
|    iterations         | 16100    |
|    time_elapsed       | 5354     |
|    total_timesteps    | 80500    |
| train/                |          |
|    entropy_loss       | -0.682   |
|    explained_variance | 5.96e-08 |
|    learning_rate      | 0.0007   |
|    n_updates          | 16099    |
|    policy_loss        | 2.17e+03 |
|    reward             | 707.1952 |
|    std                | 0.341    |
|    value_loss         | 5.3e+06  |
------------------------------------
EPISODE:  82
------------------------------------
| time/                 |          |
|    fps                | 15       |
|    iterations         | 16200    |
|    time_elapsed       | 5389     |
|    total_timesteps    | 81000    |
| train/                |          |
|    entropy_loss       | -0.654   |
|    explained_variance | 0        |
|    learning_rate      | 0.0007   |
|    n_updates          | 16199    |
|    policy_loss        | 159      |
|    reward             | 35.67802 |
|    std                | 0.336    |
|    value_loss         | 5.99e+04 |
------------------------------------
------------------------------------
| time/                 |          |
|    fps                | 15       |
|    iterations         | 16300    |
|    time_elapsed       | 5423     |
|    total_timesteps    | 81500    |
| train/                |          |
|    entropy_loss       | -0.627   |
|    explained_variance | 0        |
|    learning_rate      | 0.0007   |
|    n_updates          | 16299    |
|    policy_loss        | 2.49e+03 |
|    reward             | 707.1952 |
|    std                | 0.332    |
|    value_loss         | 5.29e+06 |
------------------------------------
EPISODE:  83
------------------------------------
| time/                 |          |
|    fps                | 15       |
|    iterations         | 16400    |
|    time_elapsed       | 5457     |
|    total_timesteps    | 82000    |
| train/                |          |
|    entropy_loss       | -0.603   |
|    explained_variance | 5.96e-08 |
|    learning_rate      | 0.0007   |
|    n_updates          | 16399    |
|    policy_loss        | 265      |
|    reward             | 35.67802 |
|    std                | 0.328    |
|    value_loss         | 5.98e+04 |
------------------------------------
------------------------------------
| time/                 |          |
|    fps                | 15       |
|    iterations         | 16500    |
|    time_elapsed       | 5492     |
|    total_timesteps    | 82500    |
| train/                |          |
|    entropy_loss       | -0.597   |
|    explained_variance | 0        |
|    learning_rate      | 0.0007   |
|    n_updates          | 16499    |
|    policy_loss        | 1.61e+03 |
|    reward             | 707.1952 |
|    std                | 0.327    |
|    value_loss         | 5.29e+06 |
------------------------------------
EPISODE:  84
------------------------------------
| time/                 |          |
|    fps                | 15       |
|    iterations         | 16600    |
|    time_elapsed       | 5526     |
|    total_timesteps    | 83000    |
| train/                |          |
|    entropy_loss       | -0.584   |
|    explained_variance | 0        |
|    learning_rate      | 0.0007   |
|    n_updates          | 16599    |
|    policy_loss        | 155      |
|    reward             | 35.67802 |
|    std                | 0.325    |
|    value_loss         | 5.97e+04 |
------------------------------------
------------------------------------
| time/                 |          |
|    fps                | 15       |
|    iterations         | 16700    |
|    time_elapsed       | 5561     |
|    total_timesteps    | 83500    |
| train/                |          |
|    entropy_loss       | -0.576   |
|    explained_variance | 0        |
|    learning_rate      | 0.0007   |
|    n_updates          | 16699    |
|    policy_loss        | 1.76e+03 |
|    reward             | 707.1952 |
|    std                | 0.324    |
|    value_loss         | 5.29e+06 |
------------------------------------
EPISODE:  85
------------------------------------
| time/                 |          |
|    fps                | 15       |
|    iterations         | 16800    |
|    time_elapsed       | 5595     |
|    total_timesteps    | 84000    |
| train/                |          |
|    entropy_loss       | -0.561   |
|    explained_variance | 5.96e-08 |
|    learning_rate      | 0.0007   |
|    n_updates          | 16799    |
|    policy_loss        | 26.7     |
|    reward             | 35.67802 |
|    std                | 0.321    |
|    value_loss         | 5.96e+04 |
------------------------------------
------------------------------------
| time/                 |          |
|    fps                | 15       |
|    iterations         | 16900    |
|    time_elapsed       | 5629     |
|    total_timesteps    | 84500    |
| train/                |          |
|    entropy_loss       | -0.552   |
|    explained_variance | 0        |
|    learning_rate      | 0.0007   |
|    n_updates          | 16899    |
|    policy_loss        | 694      |
|    reward             | 707.1952 |
|    std                | 0.32     |
|    value_loss         | 5.29e+06 |
------------------------------------
EPISODE:  86
------------------------------------
| time/                 |          |
|    fps                | 15       |
|    iterations         | 17000    |
|    time_elapsed       | 5664     |
|    total_timesteps    | 85000    |
| train/                |          |
|    entropy_loss       | -0.541   |
|    explained_variance | 0        |
|    learning_rate      | 0.0007   |
|    n_updates          | 16999    |
|    policy_loss        | 41.6     |
|    reward             | 35.67802 |
|    std                | 0.318    |
|    value_loss         | 5.94e+04 |
------------------------------------
------------------------------------
| time/                 |          |
|    fps                | 15       |
|    iterations         | 17100    |
|    time_elapsed       | 5698     |
|    total_timesteps    | 85500    |
| train/                |          |
|    entropy_loss       | -0.544   |
|    explained_variance | 0        |
|    learning_rate      | 0.0007   |
|    n_updates          | 17099    |
|    policy_loss        | 885      |
|    reward             | 707.1952 |
|    std                | 0.318    |
|    value_loss         | 5.29e+06 |
------------------------------------
EPISODE:  87
------------------------------------
| time/                 |          |
|    fps                | 15       |
|    iterations         | 17200    |
|    time_elapsed       | 5733     |
|    total_timesteps    | 86000    |
| train/                |          |
|    entropy_loss       | -0.52    |
|    explained_variance | 0        |
|    learning_rate      | 0.0007   |
|    n_updates          | 17199    |
|    policy_loss        | 7.19     |
|    reward             | 35.67802 |
|    std                | 0.315    |
|    value_loss         | 5.93e+04 |
------------------------------------
------------------------------------
| time/                 |          |
|    fps                | 14       |
|    iterations         | 17300    |
|    time_elapsed       | 5767     |
|    total_timesteps    | 86500    |
| train/                |          |
|    entropy_loss       | -0.498   |
|    explained_variance | 0        |
|    learning_rate      | 0.0007   |
|    n_updates          | 17299    |
|    policy_loss        | 470      |
|    reward             | 707.1952 |
|    std                | 0.311    |
|    value_loss         | 5.29e+06 |
------------------------------------
EPISODE:  88
------------------------------------
| time/                 |          |
|    fps                | 14       |
|    iterations         | 17400    |
|    time_elapsed       | 5802     |
|    total_timesteps    | 87000    |
| train/                |          |
|    entropy_loss       | -0.493   |
|    explained_variance | 0        |
|    learning_rate      | 0.0007   |
|    n_updates          | 17399    |
|    policy_loss        | 113      |
|    reward             | 35.67802 |
|    std                | 0.31     |
|    value_loss         | 5.92e+04 |
------------------------------------
------------------------------------
| time/                 |          |
|    fps                | 14       |
|    iterations         | 17500    |
|    time_elapsed       | 5836     |
|    total_timesteps    | 87500    |
| train/                |          |
|    entropy_loss       | -0.477   |
|    explained_variance | 0        |
|    learning_rate      | 0.0007   |
|    n_updates          | 17499    |
|    policy_loss        | 3.66e+03 |
|    reward             | 707.1952 |
|    std                | 0.308    |
|    value_loss         | 5.29e+06 |
------------------------------------
EPISODE:  89
------------------------------------
| time/                 |          |
|    fps                | 14       |
|    iterations         | 17600    |
|    time_elapsed       | 5870     |
|    total_timesteps    | 88000    |
| train/                |          |
|    entropy_loss       | -0.453   |
|    explained_variance | 5.96e-08 |
|    learning_rate      | 0.0007   |
|    n_updates          | 17599    |
|    policy_loss        | 132      |
|    reward             | 35.67802 |
|    std                | 0.304    |
|    value_loss         | 5.9e+04  |
------------------------------------
------------------------------------
| time/                 |          |
|    fps                | 14       |
|    iterations         | 17700    |
|    time_elapsed       | 5905     |
|    total_timesteps    | 88500    |
| train/                |          |
|    entropy_loss       | -0.424   |
|    explained_variance | 0        |
|    learning_rate      | 0.0007   |
|    n_updates          | 17699    |
|    policy_loss        | 1.97e+03 |
|    reward             | 707.1952 |
|    std                | 0.3      |
|    value_loss         | 5.29e+06 |
------------------------------------
EPISODE:  90
------------------------------------
| time/                 |          |
|    fps                | 14       |
|    iterations         | 17800    |
|    time_elapsed       | 5939     |
|    total_timesteps    | 89000    |
| train/                |          |
|    entropy_loss       | -0.417   |
|    explained_variance | 0        |
|    learning_rate      | 0.0007   |
|    n_updates          | 17799    |
|    policy_loss        | 180      |
|    reward             | 35.67802 |
|    std                | 0.299    |
|    value_loss         | 5.89e+04 |
------------------------------------
------------------------------------
| time/                 |          |
|    fps                | 14       |
|    iterations         | 17900    |
|    time_elapsed       | 5975     |
|    total_timesteps    | 89500    |
| train/                |          |
|    entropy_loss       | -0.407   |
|    explained_variance | 0        |
|    learning_rate      | 0.0007   |
|    n_updates          | 17899    |
|    policy_loss        | 161      |
|    reward             | 707.1952 |
|    std                | 0.297    |
|    value_loss         | 5.28e+06 |
------------------------------------
EPISODE:  91
------------------------------------
| time/                 |          |
|    fps                | 14       |
|    iterations         | 18000    |
|    time_elapsed       | 6009     |
|    total_timesteps    | 90000    |
| train/                |          |
|    entropy_loss       | -0.382   |
|    explained_variance | 0        |
|    learning_rate      | 0.0007   |
|    n_updates          | 17999    |
|    policy_loss        | 11.5     |
|    reward             | 35.67802 |
|    std                | 0.294    |
|    value_loss         | 5.88e+04 |
------------------------------------
------------------------------------
| time/                 |          |
|    fps                | 14       |
|    iterations         | 18100    |
|    time_elapsed       | 6044     |
|    total_timesteps    | 90500    |
| train/                |          |
|    entropy_loss       | -0.363   |
|    explained_variance | 0        |
|    learning_rate      | 0.0007   |
|    n_updates          | 18099    |
|    policy_loss        | 991      |
|    reward             | 707.1952 |
|    std                | 0.291    |
|    value_loss         | 5.28e+06 |
------------------------------------
EPISODE:  92
-------------------------------------
| time/                 |           |
|    fps                | 14        |
|    iterations         | 18200     |
|    time_elapsed       | 6078      |
|    total_timesteps    | 91000     |
| train/                |           |
|    entropy_loss       | -0.348    |
|    explained_variance | -1.19e-07 |
|    learning_rate      | 0.0007    |
|    n_updates          | 18199     |
|    policy_loss        | 6.72      |
|    reward             | 35.67802  |
|    std                | 0.289     |
|    value_loss         | 5.86e+04  |
-------------------------------------
------------------------------------
| time/                 |          |
|    fps                | 14       |
|    iterations         | 18300    |
|    time_elapsed       | 6112     |
|    total_timesteps    | 91500    |
| train/                |          |
|    entropy_loss       | -0.337   |
|    explained_variance | 0        |
|    learning_rate      | 0.0007   |
|    n_updates          | 18299    |
|    policy_loss        | 296      |
|    reward             | 707.1952 |
|    std                | 0.287    |
|    value_loss         | 5.28e+06 |
------------------------------------
EPISODE:  93
------------------------------------
| time/                 |          |
|    fps                | 14       |
|    iterations         | 18400    |
|    time_elapsed       | 6147     |
|    total_timesteps    | 92000    |
| train/                |          |
|    entropy_loss       | -0.323   |
|    explained_variance | 0        |
|    learning_rate      | 0.0007   |
|    n_updates          | 18399    |
|    policy_loss        | -9.29    |
|    reward             | 35.67802 |
|    std                | 0.285    |
|    value_loss         | 5.85e+04 |
------------------------------------
-------------------------------------
| time/                 |           |
|    fps                | 14        |
|    iterations         | 18500     |
|    time_elapsed       | 6181      |
|    total_timesteps    | 92500     |
| train/                |           |
|    entropy_loss       | -0.287    |
|    explained_variance | -1.19e-07 |
|    learning_rate      | 0.0007    |
|    n_updates          | 18499     |
|    policy_loss        | -449      |
|    reward             | 707.1952  |
|    std                | 0.28      |
|    value_loss         | 5.28e+06  |
-------------------------------------
EPISODE:  94
------------------------------------
| time/                 |          |
|    fps                | 14       |
|    iterations         | 18600    |
|    time_elapsed       | 6216     |
|    total_timesteps    | 93000    |
| train/                |          |
|    entropy_loss       | -0.266   |
|    explained_variance | 5.96e-08 |
|    learning_rate      | 0.0007   |
|    n_updates          | 18599    |
|    policy_loss        | 46.5     |
|    reward             | 35.67802 |
|    std                | 0.278    |
|    value_loss         | 5.84e+04 |
------------------------------------
------------------------------------
| time/                 |          |
|    fps                | 14       |
|    iterations         | 18700    |
|    time_elapsed       | 6250     |
|    total_timesteps    | 93500    |
| train/                |          |
|    entropy_loss       | -0.232   |
|    explained_variance | 0        |
|    learning_rate      | 0.0007   |
|    n_updates          | 18699    |
|    policy_loss        | 194      |
|    reward             | 707.1952 |
|    std                | 0.273    |
|    value_loss         | 5.28e+06 |
------------------------------------
EPISODE:  95
------------------------------------
| time/                 |          |
|    fps                | 14       |
|    iterations         | 18800    |
|    time_elapsed       | 6285     |
|    total_timesteps    | 94000    |
| train/                |          |
|    entropy_loss       | -0.21    |
|    explained_variance | 0        |
|    learning_rate      | 0.0007   |
|    n_updates          | 18799    |
|    policy_loss        | 232      |
|    reward             | 35.67802 |
|    std                | 0.27     |
|    value_loss         | 5.82e+04 |
------------------------------------
-------------------------------------
| time/                 |           |
|    fps                | 14        |
|    iterations         | 18900     |
|    time_elapsed       | 6319      |
|    total_timesteps    | 94500     |
| train/                |           |
|    entropy_loss       | -0.185    |
|    explained_variance | -1.19e-07 |
|    learning_rate      | 0.0007    |
|    n_updates          | 18899     |
|    policy_loss        | -696      |
|    reward             | 707.1952  |
|    std                | 0.267     |
|    value_loss         | 5.28e+06  |
-------------------------------------
EPISODE:  96
------------------------------------
| time/                 |          |
|    fps                | 14       |
|    iterations         | 19000    |
|    time_elapsed       | 6353     |
|    total_timesteps    | 95000    |
| train/                |          |
|    entropy_loss       | -0.172   |
|    explained_variance | 5.96e-08 |
|    learning_rate      | 0.0007   |
|    n_updates          | 18999    |
|    policy_loss        | 434      |
|    reward             | 35.67802 |
|    std                | 0.266    |
|    value_loss         | 5.81e+04 |
------------------------------------
------------------------------------
| time/                 |          |
|    fps                | 14       |
|    iterations         | 19100    |
|    time_elapsed       | 6388     |
|    total_timesteps    | 95500    |
| train/                |          |
|    entropy_loss       | -0.155   |
|    explained_variance | 0        |
|    learning_rate      | 0.0007   |
|    n_updates          | 19099    |
|    policy_loss        | 1.02e+03 |
|    reward             | 707.1952 |
|    std                | 0.263    |
|    value_loss         | 5.28e+06 |
------------------------------------
EPISODE:  97
------------------------------------
| time/                 |          |
|    fps                | 14       |
|    iterations         | 19200    |
|    time_elapsed       | 6422     |
|    total_timesteps    | 96000    |
| train/                |          |
|    entropy_loss       | -0.134   |
|    explained_variance | 0        |
|    learning_rate      | 0.0007   |
|    n_updates          | 19199    |
|    policy_loss        | -14.5    |
|    reward             | 35.67802 |
|    std                | 0.26     |
|    value_loss         | 5.8e+04  |
------------------------------------
------------------------------------
| time/                 |          |
|    fps                | 14       |
|    iterations         | 19300    |
|    time_elapsed       | 6457     |
|    total_timesteps    | 96500    |
| train/                |          |
|    entropy_loss       | -0.0954  |
|    explained_variance | 5.96e-08 |
|    learning_rate      | 0.0007   |
|    n_updates          | 19299    |
|    policy_loss        | -676     |
|    reward             | 707.1952 |
|    std                | 0.255    |
|    value_loss         | 5.28e+06 |
------------------------------------
EPISODE:  98
------------------------------------
| time/                 |          |
|    fps                | 14       |
|    iterations         | 19400    |
|    time_elapsed       | 6491     |
|    total_timesteps    | 97000    |
| train/                |          |
|    entropy_loss       | -0.0838  |
|    explained_variance | 0        |
|    learning_rate      | 0.0007   |
|    n_updates          | 19399    |
|    policy_loss        | -79.1    |
|    reward             | 35.67802 |
|    std                | 0.254    |
|    value_loss         | 5.78e+04 |
------------------------------------
------------------------------------
| time/                 |          |
|    fps                | 14       |
|    iterations         | 19500    |
|    time_elapsed       | 6525     |
|    total_timesteps    | 97500    |
| train/                |          |
|    entropy_loss       | -0.0541  |
|    explained_variance | 0        |
|    learning_rate      | 0.0007   |
|    n_updates          | 19499    |
|    policy_loss        | -79.1    |
|    reward             | 707.1952 |
|    std                | 0.251    |
|    value_loss         | 5.27e+06 |
------------------------------------
EPISODE:  99
------------------------------------
| time/                 |          |
|    fps                | 14       |
|    iterations         | 19600    |
|    time_elapsed       | 6560     |
|    total_timesteps    | 98000    |
| train/                |          |
|    entropy_loss       | -0.0205  |
|    explained_variance | 0        |
|    learning_rate      | 0.0007   |
|    n_updates          | 19599    |
|    policy_loss        | -68.5    |
|    reward             | 35.67802 |
|    std                | 0.247    |
|    value_loss         | 5.77e+04 |
------------------------------------
------------------------------------
| time/                 |          |
|    fps                | 14       |
|    iterations         | 19700    |
|    time_elapsed       | 6594     |
|    total_timesteps    | 98500    |
| train/                |          |
|    entropy_loss       | 0.00788  |
|    explained_variance | 0        |
|    learning_rate      | 0.0007   |
|    n_updates          | 19699    |
|    policy_loss        | 1.18e+03 |
|    reward             | 707.1952 |
|    std                | 0.243    |
|    value_loss         | 5.27e+06 |
------------------------------------
EPISODE:  100
------------------------------------
| time/                 |          |
|    fps                | 14       |
|    iterations         | 19800    |
|    time_elapsed       | 6629     |
|    total_timesteps    | 99000    |
| train/                |          |
|    entropy_loss       | 0.0202   |
|    explained_variance | 0        |
|    learning_rate      | 0.0007   |
|    n_updates          | 19799    |
|    policy_loss        | 65.7     |
|    reward             | 35.67802 |
|    std                | 0.242    |
|    value_loss         | 5.76e+04 |
------------------------------------
-------------------------------------
| time/                 |           |
|    fps                | 14        |
|    iterations         | 19900     |
|    time_elapsed       | 6663      |
|    total_timesteps    | 99500     |
| train/                |           |
|    entropy_loss       | 0.0328    |
|    explained_variance | -1.19e-07 |
|    learning_rate      | 0.0007    |
|    n_updates          | 19899     |
|    policy_loss        | -1.16e+03 |
|    reward             | 707.1952  |
|    std                | 0.24      |
|    value_loss         | 5.27e+06  |
-------------------------------------
EPISODE:  101
------------------------------------
| time/                 |          |
|    fps                | 14       |
|    iterations         | 20000    |
|    time_elapsed       | 6698     |
|    total_timesteps    | 100000   |
| train/                |          |
|    entropy_loss       | 0.0366   |
|    explained_variance | 0        |
|    learning_rate      | 0.0007   |
|    n_updates          | 19999    |
|    policy_loss        | 128      |
|    reward             | 35.67802 |
|    std                | 0.24     |
|    value_loss         | 5.75e+04 |
------------------------------------
------------------------------------
| time/                 |          |
|    fps                | 14       |
|    iterations         | 20100    |
|    time_elapsed       | 6732     |
|    total_timesteps    | 100500   |
| train/                |          |
|    entropy_loss       | 0.0705   |
|    explained_variance | 0        |
|    learning_rate      | 0.0007   |
|    n_updates          | 20099    |
|    policy_loss        | 808      |
|    reward             | 707.1952 |
|    std                | 0.236    |
|    value_loss         | 5.27e+06 |
------------------------------------
EPISODE:  102
------------------------------------
| time/                 |          |
|    fps                | 14       |
|    iterations         | 20200    |
|    time_elapsed       | 6766     |
|    total_timesteps    | 101000   |
| train/                |          |
|    entropy_loss       | 0.0985   |
|    explained_variance | 0        |
|    learning_rate      | 0.0007   |
|    n_updates          | 20199    |
|    policy_loss        | -49.6    |
|    reward             | 35.67802 |
|    std                | 0.233    |
|    value_loss         | 5.73e+04 |
------------------------------------
------------------------------------
| time/                 |          |
|    fps                | 14       |
|    iterations         | 20300    |
|    time_elapsed       | 6801     |
|    total_timesteps    | 101500   |
| train/                |          |
|    entropy_loss       | 0.0976   |
|    explained_variance | 0        |
|    learning_rate      | 0.0007   |
|    n_updates          | 20299    |
|    policy_loss        | -238     |
|    reward             | 707.1952 |
|    std                | 0.233    |
|    value_loss         | 5.27e+06 |
------------------------------------
EPISODE:  103
------------------------------------
| time/                 |          |
|    fps                | 14       |
|    iterations         | 20400    |
|    time_elapsed       | 6835     |
|    total_timesteps    | 102000   |
| train/                |          |
|    entropy_loss       | 0.12     |
|    explained_variance | 0        |
|    learning_rate      | 0.0007   |
|    n_updates          | 20399    |
|    policy_loss        | -167     |
|    reward             | 35.67802 |
|    std                | 0.23     |
|    value_loss         | 5.72e+04 |
------------------------------------
-------------------------------------
| time/                 |           |
|    fps                | 14        |
|    iterations         | 20500     |
|    time_elapsed       | 6870      |
|    total_timesteps    | 102500    |
| train/                |           |
|    entropy_loss       | 0.142     |
|    explained_variance | 1.19e-07  |
|    learning_rate      | 0.0007    |
|    n_updates          | 20499     |
|    policy_loss        | -1.46e+03 |
|    reward             | 707.1952  |
|    std                | 0.228     |
|    value_loss         | 5.27e+06  |
-------------------------------------
EPISODE:  104
------------------------------------
| time/                 |          |
|    fps                | 14       |
|    iterations         | 20600    |
|    time_elapsed       | 6905     |
|    total_timesteps    | 103000   |
| train/                |          |
|    entropy_loss       | 0.169    |
|    explained_variance | 0        |
|    learning_rate      | 0.0007   |
|    n_updates          | 20599    |
|    policy_loss        | 82.7     |
|    reward             | 35.67802 |
|    std                | 0.225    |
|    value_loss         | 5.71e+04 |
------------------------------------
------------------------------------
| time/                 |          |
|    fps                | 14       |
|    iterations         | 20700    |
|    time_elapsed       | 6940     |
|    total_timesteps    | 103500   |
| train/                |          |
|    entropy_loss       | 0.197    |
|    explained_variance | 0        |
|    learning_rate      | 0.0007   |
|    n_updates          | 20699    |
|    policy_loss        | -624     |
|    reward             | 707.1952 |
|    std                | 0.222    |
|    value_loss         | 5.27e+06 |
------------------------------------
EPISODE:  105
-------------------------------------
| time/                 |           |
|    fps                | 14        |
|    iterations         | 20800     |
|    time_elapsed       | 6974      |
|    total_timesteps    | 104000    |
| train/                |           |
|    entropy_loss       | 0.217     |
|    explained_variance | -1.19e-07 |
|    learning_rate      | 0.0007    |
|    n_updates          | 20799     |
|    policy_loss        | -87.8     |
|    reward             | 35.67802  |
|    std                | 0.22      |
|    value_loss         | 5.7e+04   |
-------------------------------------
-------------------------------------
| time/                 |           |
|    fps                | 14        |
|    iterations         | 20900     |
|    time_elapsed       | 7009      |
|    total_timesteps    | 104500    |
| train/                |           |
|    entropy_loss       | 0.263     |
|    explained_variance | -2.38e-07 |
|    learning_rate      | 0.0007    |
|    n_updates          | 20899     |
|    policy_loss        | -1.19e+03 |
|    reward             | 707.1952  |
|    std                | 0.215     |
|    value_loss         | 5.27e+06  |
-------------------------------------
EPISODE:  106
------------------------------------
| time/                 |          |
|    fps                | 14       |
|    iterations         | 21000    |
|    time_elapsed       | 7043     |
|    total_timesteps    | 105000   |
| train/                |          |
|    entropy_loss       | 0.281    |
|    explained_variance | 0        |
|    learning_rate      | 0.0007   |
|    n_updates          | 20999    |
|    policy_loss        | -156     |
|    reward             | 35.67802 |
|    std                | 0.213    |
|    value_loss         | 5.68e+04 |
------------------------------------
------------------------------------
| time/                 |          |
|    fps                | 14       |
|    iterations         | 21100    |
|    time_elapsed       | 7077     |
|    total_timesteps    | 105500   |
| train/                |          |
|    entropy_loss       | 0.309    |
|    explained_variance | 0        |
|    learning_rate      | 0.0007   |
|    n_updates          | 21099    |
|    policy_loss        | 941      |
|    reward             | 707.1952 |
|    std                | 0.21     |
|    value_loss         | 5.26e+06 |
------------------------------------
EPISODE:  107
------------------------------------
| time/                 |          |
|    fps                | 14       |
|    iterations         | 21200    |
|    time_elapsed       | 7112     |
|    total_timesteps    | 106000   |
| train/                |          |
|    entropy_loss       | 0.339    |
|    explained_variance | 0        |
|    learning_rate      | 0.0007   |
|    n_updates          | 21199    |
|    policy_loss        | 168      |
|    reward             | 35.67802 |
|    std                | 0.207    |
|    value_loss         | 5.67e+04 |
------------------------------------
-------------------------------------
| time/                 |           |
|    fps                | 14        |
|    iterations         | 21300     |
|    time_elapsed       | 7146      |
|    total_timesteps    | 106500    |
| train/                |           |
|    entropy_loss       | 0.358     |
|    explained_variance | 0         |
|    learning_rate      | 0.0007    |
|    n_updates          | 21299     |
|    policy_loss        | -1.88e+03 |
|    reward             | 707.1952  |
|    std                | 0.205     |
|    value_loss         | 5.26e+06  |
-------------------------------------
EPISODE:  108
------------------------------------
| time/                 |          |
|    fps                | 14       |
|    iterations         | 21400    |
|    time_elapsed       | 7181     |
|    total_timesteps    | 107000   |
| train/                |          |
|    entropy_loss       | 0.383    |
|    explained_variance | 0        |
|    learning_rate      | 0.0007   |
|    n_updates          | 21399    |
|    policy_loss        | -141     |
|    reward             | 35.67802 |
|    std                | 0.202    |
|    value_loss         | 5.66e+04 |
------------------------------------
-------------------------------------
| time/                 |           |
|    fps                | 14        |
|    iterations         | 21500     |
|    time_elapsed       | 7215      |
|    total_timesteps    | 107500    |
| train/                |           |
|    entropy_loss       | 0.414     |
|    explained_variance | -1.19e-07 |
|    learning_rate      | 0.0007    |
|    n_updates          | 21499     |
|    policy_loss        | -1.82e+03 |
|    reward             | 707.1952  |
|    std                | 0.199     |
|    value_loss         | 5.26e+06  |
-------------------------------------
EPISODE:  109
------------------------------------
| time/                 |          |
|    fps                | 14       |
|    iterations         | 21600    |
|    time_elapsed       | 7250     |
|    total_timesteps    | 108000   |
| train/                |          |
|    entropy_loss       | 0.445    |
|    explained_variance | 0        |
|    learning_rate      | 0.0007   |
|    n_updates          | 21599    |
|    policy_loss        | -96.1    |
|    reward             | 35.67802 |
|    std                | 0.196    |
|    value_loss         | 5.65e+04 |
------------------------------------
-------------------------------------
| time/                 |           |
|    fps                | 14        |
|    iterations         | 21700     |
|    time_elapsed       | 7284      |
|    total_timesteps    | 108500    |
| train/                |           |
|    entropy_loss       | 0.465     |
|    explained_variance | 0         |
|    learning_rate      | 0.0007    |
|    n_updates          | 21699     |
|    policy_loss        | -1.42e+03 |
|    reward             | 707.1952  |
|    std                | 0.195     |
|    value_loss         | 5.26e+06  |
-------------------------------------
EPISODE:  110
------------------------------------
| time/                 |          |
|    fps                | 14       |
|    iterations         | 21800    |
|    time_elapsed       | 7318     |
|    total_timesteps    | 109000   |
| train/                |          |
|    entropy_loss       | 0.482    |
|    explained_variance | 5.96e-08 |
|    learning_rate      | 0.0007   |
|    n_updates          | 21799    |
|    policy_loss        | -239     |
|    reward             | 35.67802 |
|    std                | 0.193    |
|    value_loss         | 5.63e+04 |
------------------------------------
-------------------------------------
| time/                 |           |
|    fps                | 14        |
|    iterations         | 21900     |
|    time_elapsed       | 7353      |
|    total_timesteps    | 109500    |
| train/                |           |
|    entropy_loss       | 0.516     |
|    explained_variance | 5.96e-08  |
|    learning_rate      | 0.0007    |
|    n_updates          | 21899     |
|    policy_loss        | -2.28e+03 |
|    reward             | 707.1952  |
|    std                | 0.19      |
|    value_loss         | 5.26e+06  |
-------------------------------------
EPISODE:  111
-------------------------------------
| time/                 |           |
|    fps                | 14        |
|    iterations         | 22000     |
|    time_elapsed       | 7387      |
|    total_timesteps    | 110000    |
| train/                |           |
|    entropy_loss       | 0.558     |
|    explained_variance | -1.19e-07 |
|    learning_rate      | 0.0007    |
|    n_updates          | 21999     |
|    policy_loss        | -187      |
|    reward             | 35.67802  |
|    std                | 0.186     |
|    value_loss         | 5.62e+04  |
-------------------------------------
-------------------------------------
| time/                 |           |
|    fps                | 14        |
|    iterations         | 22100     |
|    time_elapsed       | 7422      |
|    total_timesteps    | 110500    |
| train/                |           |
|    entropy_loss       | 0.588     |
|    explained_variance | 0         |
|    learning_rate      | 0.0007    |
|    n_updates          | 22099     |
|    policy_loss        | -1.84e+03 |
|    reward             | 707.1952  |
|    std                | 0.183     |
|    value_loss         | 5.26e+06  |
-------------------------------------
EPISODE:  112
------------------------------------
| time/                 |          |
|    fps                | 14       |
|    iterations         | 22200    |
|    time_elapsed       | 7456     |
|    total_timesteps    | 111000   |
| train/                |          |
|    entropy_loss       | 0.598    |
|    explained_variance | 0        |
|    learning_rate      | 0.0007   |
|    n_updates          | 22199    |
|    policy_loss        | -222     |
|    reward             | 35.67802 |
|    std                | 0.182    |
|    value_loss         | 5.61e+04 |
------------------------------------
-------------------------------------
| time/                 |           |
|    fps                | 14        |
|    iterations         | 22300     |
|    time_elapsed       | 7490      |
|    total_timesteps    | 111500    |
| train/                |           |
|    entropy_loss       | 0.63      |
|    explained_variance | -1.19e-07 |
|    learning_rate      | 0.0007    |
|    n_updates          | 22299     |
|    policy_loss        | -2.19e+03 |
|    reward             | 707.1952  |
|    std                | 0.179     |
|    value_loss         | 5.26e+06  |
-------------------------------------
EPISODE:  113
------------------------------------
| time/                 |          |
|    fps                | 14       |
|    iterations         | 22400    |
|    time_elapsed       | 7525     |
|    total_timesteps    | 112000   |
| train/                |          |
|    entropy_loss       | 0.663    |
|    explained_variance | 0        |
|    learning_rate      | 0.0007   |
|    n_updates          | 22399    |
|    policy_loss        | -285     |
|    reward             | 35.67802 |
|    std                | 0.176    |
|    value_loss         | 5.6e+04  |
------------------------------------
-------------------------------------
| time/                 |           |
|    fps                | 14        |
|    iterations         | 22500     |
|    time_elapsed       | 7559      |
|    total_timesteps    | 112500    |
| train/                |           |
|    entropy_loss       | 0.677     |
|    explained_variance | 0         |
|    learning_rate      | 0.0007    |
|    n_updates          | 22499     |
|    policy_loss        | -1.99e+03 |
|    reward             | 707.1952  |
|    std                | 0.175     |
|    value_loss         | 5.26e+06  |
-------------------------------------
EPISODE:  114
-------------------------------------
| time/                 |           |
|    fps                | 14        |
|    iterations         | 22600     |
|    time_elapsed       | 7594      |
|    total_timesteps    | 113000    |
| train/                |           |
|    entropy_loss       | 0.686     |
|    explained_variance | -1.19e-07 |
|    learning_rate      | 0.0007    |
|    n_updates          | 22599     |
|    policy_loss        | -8.56     |
|    reward             | 35.67802  |
|    std                | 0.174     |
|    value_loss         | 5.59e+04  |
-------------------------------------
-------------------------------------
| time/                 |           |
|    fps                | 14        |
|    iterations         | 22700     |
|    time_elapsed       | 7628      |
|    total_timesteps    | 113500    |
| train/                |           |
|    entropy_loss       | 0.712     |
|    explained_variance | 0         |
|    learning_rate      | 0.0007    |
|    n_updates          | 22699     |
|    policy_loss        | -1.39e+03 |
|    reward             | 707.1952  |
|    std                | 0.172     |
|    value_loss         | 5.25e+06  |
-------------------------------------
EPISODE:  115
-------------------------------------
| time/                 |           |
|    fps                | 14        |
|    iterations         | 22800     |
|    time_elapsed       | 7663      |
|    total_timesteps    | 114000    |
| train/                |           |
|    entropy_loss       | 0.736     |
|    explained_variance | -1.19e-07 |
|    learning_rate      | 0.0007    |
|    n_updates          | 22799     |
|    policy_loss        | -161      |
|    reward             | 35.67802  |
|    std                | 0.17      |
|    value_loss         | 5.57e+04  |
-------------------------------------
-------------------------------------
| time/                 |           |
|    fps                | 14        |
|    iterations         | 22900     |
|    time_elapsed       | 7697      |
|    total_timesteps    | 114500    |
| train/                |           |
|    entropy_loss       | 0.756     |
|    explained_variance | 0         |
|    learning_rate      | 0.0007    |
|    n_updates          | 22899     |
|    policy_loss        | -1.82e+03 |
|    reward             | 707.1952  |
|    std                | 0.168     |
|    value_loss         | 5.25e+06  |
-------------------------------------
EPISODE:  116
------------------------------------
| time/                 |          |
|    fps                | 14       |
|    iterations         | 23000    |
|    time_elapsed       | 7731     |
|    total_timesteps    | 115000   |
| train/                |          |
|    entropy_loss       | 0.768    |
|    explained_variance | 5.96e-08 |
|    learning_rate      | 0.0007   |
|    n_updates          | 22999    |
|    policy_loss        | -156     |
|    reward             | 35.67802 |
|    std                | 0.167    |
|    value_loss         | 5.56e+04 |
------------------------------------
-------------------------------------
| time/                 |           |
|    fps                | 14        |
|    iterations         | 23100     |
|    time_elapsed       | 7766      |
|    total_timesteps    | 115500    |
| train/                |           |
|    entropy_loss       | 0.793     |
|    explained_variance | 0         |
|    learning_rate      | 0.0007    |
|    n_updates          | 23099     |
|    policy_loss        | -462      |
|    reward             | 706.90826 |
|    std                | 0.165     |
|    value_loss         | 5.25e+06  |
-------------------------------------
EPISODE:  117
-------------------------------------
| time/                 |           |
|    fps                | 14        |
|    iterations         | 23200     |
|    time_elapsed       | 7800      |
|    total_timesteps    | 116000    |
| train/                |           |
|    entropy_loss       | 0.815     |
|    explained_variance | 0         |
|    learning_rate      | 0.0007    |
|    n_updates          | 23199     |
|    policy_loss        | -248      |
|    reward             | 32.864643 |
|    std                | 0.163     |
|    value_loss         | 5.03e+04  |
-------------------------------------
-------------------------------------
| time/                 |           |
|    fps                | 14        |
|    iterations         | 23300     |
|    time_elapsed       | 7836      |
|    total_timesteps    | 116500    |
| train/                |           |
|    entropy_loss       | 0.835     |
|    explained_variance | -1.19e-07 |
|    learning_rate      | 0.0007    |
|    n_updates          | 23299     |
|    policy_loss        | -328      |
|    reward             | 704.3051  |
|    std                | 0.162     |
|    value_loss         | 5.21e+06  |
-------------------------------------
EPISODE:  118
------------------------------------
| time/                 |          |
|    fps                | 14       |
|    iterations         | 23400    |
|    time_elapsed       | 7870     |
|    total_timesteps    | 117000   |
| train/                |          |
|    entropy_loss       | 0.842    |
|    explained_variance | 0        |
|    learning_rate      | 0.0007   |
|    n_updates          | 23399    |
|    policy_loss        | 134      |
|    reward             | 35.31326 |
|    std                | 0.161    |
|    value_loss         | 5.47e+04 |
------------------------------------
-------------------------------------
| time/                 |           |
|    fps                | 14        |
|    iterations         | 23500     |
|    time_elapsed       | 7905      |
|    total_timesteps    | 117500    |
| train/                |           |
|    entropy_loss       | 0.869     |
|    explained_variance | 0         |
|    learning_rate      | 0.0007    |
|    n_updates          | 23499     |
|    policy_loss        | -1.94e+03 |
|    reward             | 707.1712  |
|    std                | 0.159     |
|    value_loss         | 5.25e+06  |
-------------------------------------
EPISODE:  119
------------------------------------
| time/                 |          |
|    fps                | 14       |
|    iterations         | 23600    |
|    time_elapsed       | 7939     |
|    total_timesteps    | 118000   |
| train/                |          |
|    entropy_loss       | 0.887    |
|    explained_variance | 0        |
|    learning_rate      | 0.0007   |
|    n_updates          | 23599    |
|    policy_loss        | 30.8     |
|    reward             | 35.43512 |
|    std                | 0.158    |
|    value_loss         | 5.51e+04 |
------------------------------------
-------------------------------------
| time/                 |           |
|    fps                | 14        |
|    iterations         | 23700     |
|    time_elapsed       | 7973      |
|    total_timesteps    | 118500    |
| train/                |           |
|    entropy_loss       | 0.895     |
|    explained_variance | 5.96e-08  |
|    learning_rate      | 0.0007    |
|    n_updates          | 23699     |
|    policy_loss        | -1.78e+03 |
|    reward             | 707.1847  |
|    std                | 0.157     |
|    value_loss         | 5.25e+06  |
-------------------------------------
EPISODE:  120
-------------------------------------
| time/                 |           |
|    fps                | 14        |
|    iterations         | 23800     |
|    time_elapsed       | 8008      |
|    total_timesteps    | 119000    |
| train/                |           |
|    entropy_loss       | 0.93      |
|    explained_variance | 0         |
|    learning_rate      | 0.0007    |
|    n_updates          | 23799     |
|    policy_loss        | -228      |
|    reward             | 35.677494 |
|    std                | 0.154     |
|    value_loss         | 5.51e+04  |
-------------------------------------
-------------------------------------
| time/                 |           |
|    fps                | 14        |
|    iterations         | 23900     |
|    time_elapsed       | 8042      |
|    total_timesteps    | 119500    |
| train/                |           |
|    entropy_loss       | 0.948     |
|    explained_variance | -1.19e-07 |
|    learning_rate      | 0.0007    |
|    n_updates          | 23899     |
|    policy_loss        | -2.25e+03 |
|    reward             | 707.1952  |
|    std                | 0.153     |
|    value_loss         | 5.25e+06  |
-------------------------------------
EPISODE:  121
-------------------------------------
| time/                 |           |
|    fps                | 14        |
|    iterations         | 24000     |
|    time_elapsed       | 8077      |
|    total_timesteps    | 120000    |
| train/                |           |
|    entropy_loss       | 0.96      |
|    explained_variance | -1.19e-07 |
|    learning_rate      | 0.0007    |
|    n_updates          | 23999     |
|    policy_loss        | -190      |
|    reward             | 35.67802  |
|    std                | 0.152     |
|    value_loss         | 5.5e+04   |
-------------------------------------
------------------------------------
| time/                 |          |
|    fps                | 14       |
|    iterations         | 24100    |
|    time_elapsed       | 8111     |
|    total_timesteps    | 120500   |
| train/                |          |
|    entropy_loss       | 0.981    |
|    explained_variance | 0        |
|    learning_rate      | 0.0007   |
|    n_updates          | 24099    |
|    policy_loss        | -2.5e+03 |
|    reward             | 707.1952 |
|    std                | 0.151    |
|    value_loss         | 5.25e+06 |
------------------------------------
EPISODE:  122
-------------------------------------
| time/                 |           |
|    fps                | 14        |
|    iterations         | 24200     |
|    time_elapsed       | 8145      |
|    total_timesteps    | 121000    |
| train/                |           |
|    entropy_loss       | 1.01      |
|    explained_variance | -1.19e-07 |
|    learning_rate      | 0.0007    |
|    n_updates          | 24199     |
|    policy_loss        | -301      |
|    reward             | 35.67802  |
|    std                | 0.149     |
|    value_loss         | 5.49e+04  |
-------------------------------------
-------------------------------------
| time/                 |           |
|    fps                | 14        |
|    iterations         | 24300     |
|    time_elapsed       | 8180      |
|    total_timesteps    | 121500    |
| train/                |           |
|    entropy_loss       | 1.03      |
|    explained_variance | 1.19e-07  |
|    learning_rate      | 0.0007    |
|    n_updates          | 24299     |
|    policy_loss        | -2.26e+03 |
|    reward             | 707.1952  |
|    std                | 0.147     |
|    value_loss         | 5.25e+06  |
-------------------------------------
EPISODE:  123
------------------------------------
| time/                 |          |
|    fps                | 14       |
|    iterations         | 24400    |
|    time_elapsed       | 8214     |
|    total_timesteps    | 122000   |
| train/                |          |
|    entropy_loss       | 1.04     |
|    explained_variance | 0        |
|    learning_rate      | 0.0007   |
|    n_updates          | 24399    |
|    policy_loss        | -238     |
|    reward             | 35.67802 |
|    std                | 0.146    |
|    value_loss         | 5.48e+04 |
------------------------------------
-------------------------------------
| time/                 |           |
|    fps                | 14        |
|    iterations         | 24500     |
|    time_elapsed       | 8249      |
|    total_timesteps    | 122500    |
| train/                |           |
|    entropy_loss       | 1.07      |
|    explained_variance | 5.96e-08  |
|    learning_rate      | 0.0007    |
|    n_updates          | 24499     |
|    policy_loss        | -2.15e+03 |
|    reward             | 707.1952  |
|    std                | 0.144     |
|    value_loss         | 5.24e+06  |
-------------------------------------
EPISODE:  124
------------------------------------
| time/                 |          |
|    fps                | 14       |
|    iterations         | 24600    |
|    time_elapsed       | 8283     |
|    total_timesteps    | 123000   |
| train/                |          |
|    entropy_loss       | 1.09     |
|    explained_variance | 0        |
|    learning_rate      | 0.0007   |
|    n_updates          | 24599    |
|    policy_loss        | -247     |
|    reward             | 35.67802 |
|    std                | 0.143    |
|    value_loss         | 5.47e+04 |
------------------------------------
-------------------------------------
| time/                 |           |
|    fps                | 14        |
|    iterations         | 24700     |
|    time_elapsed       | 8317      |
|    total_timesteps    | 123500    |
| train/                |           |
|    entropy_loss       | 1.1       |
|    explained_variance | -1.19e-07 |
|    learning_rate      | 0.0007    |
|    n_updates          | 24699     |
|    policy_loss        | -3.26e+03 |
|    reward             | 707.1952  |
|    std                | 0.142     |
|    value_loss         | 5.24e+06  |
-------------------------------------
EPISODE:  125
------------------------------------
| time/                 |          |
|    fps                | 14       |
|    iterations         | 24800    |
|    time_elapsed       | 8352     |
|    total_timesteps    | 124000   |
| train/                |          |
|    entropy_loss       | 1.15     |
|    explained_variance | 0        |
|    learning_rate      | 0.0007   |
|    n_updates          | 24799    |
|    policy_loss        | -312     |
|    reward             | 35.67802 |
|    std                | 0.138    |
|    value_loss         | 5.45e+04 |
------------------------------------
-------------------------------------
| time/                 |           |
|    fps                | 14        |
|    iterations         | 24900     |
|    time_elapsed       | 8386      |
|    total_timesteps    | 124500    |
| train/                |           |
|    entropy_loss       | 1.17      |
|    explained_variance | 0         |
|    learning_rate      | 0.0007    |
|    n_updates          | 24899     |
|    policy_loss        | -1.94e+03 |
|    reward             | 707.1952  |
|    std                | 0.138     |
|    value_loss         | 5.24e+06  |
-------------------------------------
EPISODE:  126
------------------------------------
| time/                 |          |
|    fps                | 14       |
|    iterations         | 25000    |
|    time_elapsed       | 8421     |
|    total_timesteps    | 125000   |
| train/                |          |
|    entropy_loss       | 1.19     |
|    explained_variance | 5.96e-08 |
|    learning_rate      | 0.0007   |
|    n_updates          | 24999    |
|    policy_loss        | -349     |
|    reward             | 35.67802 |
|    std                | 0.136    |
|    value_loss         | 5.44e+04 |
------------------------------------
-------------------------------------
| time/                 |           |
|    fps                | 14        |
|    iterations         | 25100     |
|    time_elapsed       | 8455      |
|    total_timesteps    | 125500    |
| train/                |           |
|    entropy_loss       | 1.2       |
|    explained_variance | 0         |
|    learning_rate      | 0.0007    |
|    n_updates          | 25099     |
|    policy_loss        | -2.83e+03 |
|    reward             | 707.1952  |
|    std                | 0.135     |
|    value_loss         | 5.24e+06  |
-------------------------------------
EPISODE:  127
------------------------------------
| time/                 |          |
|    fps                | 14       |
|    iterations         | 25200    |
|    time_elapsed       | 8490     |
|    total_timesteps    | 126000   |
| train/                |          |
|    entropy_loss       | 1.22     |
|    explained_variance | 0        |
|    learning_rate      | 0.0007   |
|    n_updates          | 25199    |
|    policy_loss        | -179     |
|    reward             | 35.67802 |
|    std                | 0.135    |
|    value_loss         | 5.43e+04 |
------------------------------------
-------------------------------------
| time/                 |           |
|    fps                | 14        |
|    iterations         | 25300     |
|    time_elapsed       | 8524      |
|    total_timesteps    | 126500    |
| train/                |           |
|    entropy_loss       | 1.23      |
|    explained_variance | -1.19e-07 |
|    learning_rate      | 0.0007    |
|    n_updates          | 25299     |
|    policy_loss        | -3.6e+03  |
|    reward             | 707.1952  |
|    std                | 0.134     |
|    value_loss         | 5.24e+06  |
-------------------------------------
EPISODE:  128
------------------------------------
| time/                 |          |
|    fps                | 14       |
|    iterations         | 25400    |
|    time_elapsed       | 8558     |
|    total_timesteps    | 127000   |
| train/                |          |
|    entropy_loss       | 1.26     |
|    explained_variance | 0        |
|    learning_rate      | 0.0007   |
|    n_updates          | 25399    |
|    policy_loss        | -182     |
|    reward             | 35.67802 |
|    std                | 0.132    |
|    value_loss         | 5.42e+04 |
------------------------------------
-------------------------------------
| time/                 |           |
|    fps                | 14        |
|    iterations         | 25500     |
|    time_elapsed       | 8593      |
|    total_timesteps    | 127500    |
| train/                |           |
|    entropy_loss       | 1.27      |
|    explained_variance | 0         |
|    learning_rate      | 0.0007    |
|    n_updates          | 25499     |
|    policy_loss        | -3.25e+03 |
|    reward             | 707.1952  |
|    std                | 0.131     |
|    value_loss         | 5.24e+06  |
-------------------------------------
EPISODE:  129
------------------------------------
| time/                 |          |
|    fps                | 14       |
|    iterations         | 25600    |
|    time_elapsed       | 8627     |
|    total_timesteps    | 128000   |
| train/                |          |
|    entropy_loss       | 1.28     |
|    explained_variance | 0        |
|    learning_rate      | 0.0007   |
|    n_updates          | 25599    |
|    policy_loss        | -352     |
|    reward             | 35.67802 |
|    std                | 0.13     |
|    value_loss         | 5.41e+04 |
------------------------------------
-------------------------------------
| time/                 |           |
|    fps                | 14        |
|    iterations         | 25700     |
|    time_elapsed       | 8662      |
|    total_timesteps    | 128500    |
| train/                |           |
|    entropy_loss       | 1.31      |
|    explained_variance | 0         |
|    learning_rate      | 0.0007    |
|    n_updates          | 25699     |
|    policy_loss        | -3.47e+03 |
|    reward             | 707.1952  |
|    std                | 0.129     |
|    value_loss         | 5.24e+06  |
-------------------------------------
EPISODE:  130
------------------------------------
| time/                 |          |
|    fps                | 14       |
|    iterations         | 25800    |
|    time_elapsed       | 8696     |
|    total_timesteps    | 129000   |
| train/                |          |
|    entropy_loss       | 1.35     |
|    explained_variance | 0        |
|    learning_rate      | 0.0007   |
|    n_updates          | 25799    |
|    policy_loss        | -85.7    |
|    reward             | 35.67802 |
|    std                | 0.126    |
|    value_loss         | 5.4e+04  |
------------------------------------
-------------------------------------
| time/                 |           |
|    fps                | 14        |
|    iterations         | 25900     |
|    time_elapsed       | 8730      |
|    total_timesteps    | 129500    |
| train/                |           |
|    entropy_loss       | 1.38      |
|    explained_variance | -1.19e-07 |
|    learning_rate      | 0.0007    |
|    n_updates          | 25899     |
|    policy_loss        | -2.7e+03  |
|    reward             | 707.1952  |
|    std                | 0.125     |
|    value_loss         | 5.24e+06  |
-------------------------------------
EPISODE:  131
-------------------------------------
| time/                 |           |
|    fps                | 14        |
|    iterations         | 26000     |
|    time_elapsed       | 8766      |
|    total_timesteps    | 130000    |
| train/                |           |
|    entropy_loss       | 1.39      |
|    explained_variance | -1.19e-07 |
|    learning_rate      | 0.0007    |
|    n_updates          | 25999     |
|    policy_loss        | -322      |
|    reward             | 35.67802  |
|    std                | 0.123     |
|    value_loss         | 5.39e+04  |
-------------------------------------
-------------------------------------
| time/                 |           |
|    fps                | 14        |
|    iterations         | 26100     |
|    time_elapsed       | 8800      |
|    total_timesteps    | 130500    |
| train/                |           |
|    entropy_loss       | 1.44      |
|    explained_variance | 0         |
|    learning_rate      | 0.0007    |
|    n_updates          | 26099     |
|    policy_loss        | -3.13e+03 |
|    reward             | 707.1952  |
|    std                | 0.121     |
|    value_loss         | 5.24e+06  |
-------------------------------------
EPISODE:  132
-------------------------------------
| time/                 |           |
|    fps                | 14        |
|    iterations         | 26200     |
|    time_elapsed       | 8835      |
|    total_timesteps    | 131000    |
| train/                |           |
|    entropy_loss       | 1.48      |
|    explained_variance | -1.19e-07 |
|    learning_rate      | 0.0007    |
|    n_updates          | 26199     |
|    policy_loss        | -335      |
|    reward             | 35.67802  |
|    std                | 0.119     |
|    value_loss         | 5.37e+04  |
-------------------------------------
-------------------------------------
| time/                 |           |
|    fps                | 14        |
|    iterations         | 26300     |
|    time_elapsed       | 8869      |
|    total_timesteps    | 131500    |
| train/                |           |
|    entropy_loss       | 1.51      |
|    explained_variance | -1.19e-07 |
|    learning_rate      | 0.0007    |
|    n_updates          | 26299     |
|    policy_loss        | -2.87e+03 |
|    reward             | 707.1952  |
|    std                | 0.117     |
|    value_loss         | 5.23e+06  |
-------------------------------------
EPISODE:  133
------------------------------------
| time/                 |          |
|    fps                | 14       |
|    iterations         | 26400    |
|    time_elapsed       | 8903     |
|    total_timesteps    | 132000   |
| train/                |          |
|    entropy_loss       | 1.52     |
|    explained_variance | 0        |
|    learning_rate      | 0.0007   |
|    n_updates          | 26399    |
|    policy_loss        | -442     |
|    reward             | 35.67802 |
|    std                | 0.116    |
|    value_loss         | 5.36e+04 |
------------------------------------
-------------------------------------
| time/                 |           |
|    fps                | 14        |
|    iterations         | 26500     |
|    time_elapsed       | 8938      |
|    total_timesteps    | 132500    |
| train/                |           |
|    entropy_loss       | 1.54      |
|    explained_variance | 0         |
|    learning_rate      | 0.0007    |
|    n_updates          | 26499     |
|    policy_loss        | -3.76e+03 |
|    reward             | 707.1952  |
|    std                | 0.115     |
|    value_loss         | 5.23e+06  |
-------------------------------------
EPISODE:  134
-------------------------------------
| time/                 |           |
|    fps                | 14        |
|    iterations         | 26600     |
|    time_elapsed       | 8972      |
|    total_timesteps    | 133000    |
| train/                |           |
|    entropy_loss       | 1.56      |
|    explained_variance | -1.19e-07 |
|    learning_rate      | 0.0007    |
|    n_updates          | 26599     |
|    policy_loss        | -445      |
|    reward             | 35.67802  |
|    std                | 0.114     |
|    value_loss         | 5.35e+04  |
-------------------------------------
-------------------------------------
| time/                 |           |
|    fps                | 14        |
|    iterations         | 26700     |
|    time_elapsed       | 9007      |
|    total_timesteps    | 133500    |
| train/                |           |
|    entropy_loss       | 1.57      |
|    explained_variance | -2.38e-07 |
|    learning_rate      | 0.0007    |
|    n_updates          | 26699     |
|    policy_loss        | -2.99e+03 |
|    reward             | 707.1952  |
|    std                | 0.114     |
|    value_loss         | 5.23e+06  |
-------------------------------------
EPISODE:  135
------------------------------------
| time/                 |          |
|    fps                | 14       |
|    iterations         | 26800    |
|    time_elapsed       | 9041     |
|    total_timesteps    | 134000   |
| train/                |          |
|    entropy_loss       | 1.61     |
|    explained_variance | 0        |
|    learning_rate      | 0.0007   |
|    n_updates          | 26799    |
|    policy_loss        | -425     |
|    reward             | 35.67802 |
|    std                | 0.112    |
|    value_loss         | 5.34e+04 |
------------------------------------
-------------------------------------
| time/                 |           |
|    fps                | 14        |
|    iterations         | 26900     |
|    time_elapsed       | 9076      |
|    total_timesteps    | 134500    |
| train/                |           |
|    entropy_loss       | 1.63      |
|    explained_variance | -1.19e-07 |
|    learning_rate      | 0.0007    |
|    n_updates          | 26899     |
|    policy_loss        | -4.56e+03 |
|    reward             | 707.1952  |
|    std                | 0.11      |
|    value_loss         | 5.23e+06  |
-------------------------------------
EPISODE:  136
------------------------------------
| time/                 |          |
|    fps                | 14       |
|    iterations         | 27000    |
|    time_elapsed       | 9110     |
|    total_timesteps    | 135000   |
| train/                |          |
|    entropy_loss       | 1.66     |
|    explained_variance | 0        |
|    learning_rate      | 0.0007   |
|    n_updates          | 26999    |
|    policy_loss        | -129     |
|    reward             | 35.67802 |
|    std                | 0.109    |
|    value_loss         | 5.33e+04 |
------------------------------------
-------------------------------------
| time/                 |           |
|    fps                | 14        |
|    iterations         | 27100     |
|    time_elapsed       | 9144      |
|    total_timesteps    | 135500    |
| train/                |           |
|    entropy_loss       | 1.68      |
|    explained_variance | 5.96e-08  |
|    learning_rate      | 0.0007    |
|    n_updates          | 27099     |
|    policy_loss        | -2.58e+03 |
|    reward             | 707.1952  |
|    std                | 0.108     |
|    value_loss         | 5.23e+06  |
-------------------------------------
EPISODE:  137
------------------------------------
| time/                 |          |
|    fps                | 14       |
|    iterations         | 27200    |
|    time_elapsed       | 9179     |
|    total_timesteps    | 136000   |
| train/                |          |
|    entropy_loss       | 1.71     |
|    explained_variance | 0        |
|    learning_rate      | 0.0007   |
|    n_updates          | 27199    |
|    policy_loss        | -439     |
|    reward             | 35.67802 |
|    std                | 0.106    |
|    value_loss         | 5.32e+04 |
------------------------------------
-------------------------------------
| time/                 |           |
|    fps                | 14        |
|    iterations         | 27300     |
|    time_elapsed       | 9213      |
|    total_timesteps    | 136500    |
| train/                |           |
|    entropy_loss       | 1.74      |
|    explained_variance | 5.96e-08  |
|    learning_rate      | 0.0007    |
|    n_updates          | 27299     |
|    policy_loss        | -4.64e+03 |
|    reward             | 707.1952  |
|    std                | 0.105     |
|    value_loss         | 5.23e+06  |
-------------------------------------
EPISODE:  138
------------------------------------
| time/                 |          |
|    fps                | 14       |
|    iterations         | 27400    |
|    time_elapsed       | 9248     |
|    total_timesteps    | 137000   |
| train/                |          |
|    entropy_loss       | 1.74     |
|    explained_variance | 0        |
|    learning_rate      | 0.0007   |
|    n_updates          | 27399    |
|    policy_loss        | -144     |
|    reward             | 35.67802 |
|    std                | 0.105    |
|    value_loss         | 5.31e+04 |
------------------------------------
-------------------------------------
| time/                 |           |
|    fps                | 14        |
|    iterations         | 27500     |
|    time_elapsed       | 9282      |
|    total_timesteps    | 137500    |
| train/                |           |
|    entropy_loss       | 1.75      |
|    explained_variance | 1.19e-07  |
|    learning_rate      | 0.0007    |
|    n_updates          | 27499     |
|    policy_loss        | -3.31e+03 |
|    reward             | 707.1952  |
|    std                | 0.104     |
|    value_loss         | 5.23e+06  |
-------------------------------------
EPISODE:  139
------------------------------------
| time/                 |          |
|    fps                | 14       |
|    iterations         | 27600    |
|    time_elapsed       | 9316     |
|    total_timesteps    | 138000   |
| train/                |          |
|    entropy_loss       | 1.77     |
|    explained_variance | 0        |
|    learning_rate      | 0.0007   |
|    n_updates          | 27599    |
|    policy_loss        | -464     |
|    reward             | 35.67802 |
|    std                | 0.103    |
|    value_loss         | 5.3e+04  |
------------------------------------
-------------------------------------
| time/                 |           |
|    fps                | 14        |
|    iterations         | 27700     |
|    time_elapsed       | 9351      |
|    total_timesteps    | 138500    |
| train/                |           |
|    entropy_loss       | 1.8       |
|    explained_variance | -1.19e-07 |
|    learning_rate      | 0.0007    |
|    n_updates          | 27699     |
|    policy_loss        | -3.18e+03 |
|    reward             | 707.1952  |
|    std                | 0.102     |
|    value_loss         | 5.23e+06  |
-------------------------------------
EPISODE:  140
------------------------------------
| time/                 |          |
|    fps                | 14       |
|    iterations         | 27800    |
|    time_elapsed       | 9385     |
|    total_timesteps    | 139000   |
| train/                |          |
|    entropy_loss       | 1.82     |
|    explained_variance | 0        |
|    learning_rate      | 0.0007   |
|    n_updates          | 27799    |
|    policy_loss        | -171     |
|    reward             | 35.67802 |
|    std                | 0.101    |
|    value_loss         | 5.29e+04 |
------------------------------------
-------------------------------------
| time/                 |           |
|    fps                | 14        |
|    iterations         | 27900     |
|    time_elapsed       | 9420      |
|    total_timesteps    | 139500    |
| train/                |           |
|    entropy_loss       | 1.84      |
|    explained_variance | 0         |
|    learning_rate      | 0.0007    |
|    n_updates          | 27899     |
|    policy_loss        | -3.41e+03 |
|    reward             | 707.1952  |
|    std                | 0.1       |
|    value_loss         | 5.23e+06  |
-------------------------------------
EPISODE:  141
-------------------------------------
| time/                 |           |
|    fps                | 14        |
|    iterations         | 28000     |
|    time_elapsed       | 9454      |
|    total_timesteps    | 140000    |
| train/                |           |
|    entropy_loss       | 1.86      |
|    explained_variance | -1.19e-07 |
|    learning_rate      | 0.0007    |
|    n_updates          | 27999     |
|    policy_loss        | -393      |
|    reward             | 35.67802  |
|    std                | 0.0991    |
|    value_loss         | 5.28e+04  |
-------------------------------------
-------------------------------------
| time/                 |           |
|    fps                | 14        |
|    iterations         | 28100     |
|    time_elapsed       | 9488      |
|    total_timesteps    | 140500    |
| train/                |           |
|    entropy_loss       | 1.89      |
|    explained_variance | 1.19e-07  |
|    learning_rate      | 0.0007    |
|    n_updates          | 28099     |
|    policy_loss        | -3.29e+03 |
|    reward             | 707.1952  |
|    std                | 0.0979    |
|    value_loss         | 5.22e+06  |
-------------------------------------
EPISODE:  142
------------------------------------
| time/                 |          |
|    fps                | 14       |
|    iterations         | 28200    |
|    time_elapsed       | 9523     |
|    total_timesteps    | 141000   |
| train/                |          |
|    entropy_loss       | 1.91     |
|    explained_variance | 0        |
|    learning_rate      | 0.0007   |
|    n_updates          | 28199    |
|    policy_loss        | -203     |
|    reward             | 35.67802 |
|    std                | 0.0965   |
|    value_loss         | 5.27e+04 |
------------------------------------
-------------------------------------
| time/                 |           |
|    fps                | 14        |
|    iterations         | 28300     |
|    time_elapsed       | 9557      |
|    total_timesteps    | 141500    |
| train/                |           |
|    entropy_loss       | 1.91      |
|    explained_variance | -1.19e-07 |
|    learning_rate      | 0.0007    |
|    n_updates          | 28299     |
|    policy_loss        | -4.69e+03 |
|    reward             | 707.1952  |
|    std                | 0.0963    |
|    value_loss         | 5.22e+06  |
-------------------------------------
EPISODE:  143
------------------------------------
| time/                 |          |
|    fps                | 14       |
|    iterations         | 28400    |
|    time_elapsed       | 9591     |
|    total_timesteps    | 142000   |
| train/                |          |
|    entropy_loss       | 1.94     |
|    explained_variance | 0        |
|    learning_rate      | 0.0007   |
|    n_updates          | 28399    |
|    policy_loss        | -506     |
|    reward             | 35.67802 |
|    std                | 0.0948   |
|    value_loss         | 5.26e+04 |
------------------------------------
-------------------------------------
| time/                 |           |
|    fps                | 14        |
|    iterations         | 28500     |
|    time_elapsed       | 9626      |
|    total_timesteps    | 142500    |
| train/                |           |
|    entropy_loss       | 1.95      |
|    explained_variance | 0         |
|    learning_rate      | 0.0007    |
|    n_updates          | 28499     |
|    policy_loss        | -2.62e+03 |
|    reward             | 707.1952  |
|    std                | 0.0944    |
|    value_loss         | 5.22e+06  |
-------------------------------------
EPISODE:  144
------------------------------------
| time/                 |          |
|    fps                | 14       |
|    iterations         | 28600    |
|    time_elapsed       | 9660     |
|    total_timesteps    | 143000   |
| train/                |          |
|    entropy_loss       | 1.99     |
|    explained_variance | 5.96e-08 |
|    learning_rate      | 0.0007   |
|    n_updates          | 28599    |
|    policy_loss        | -410     |
|    reward             | 35.67802 |
|    std                | 0.0926   |
|    value_loss         | 5.25e+04 |
------------------------------------
-------------------------------------
| time/                 |           |
|    fps                | 14        |
|    iterations         | 28700     |
|    time_elapsed       | 9696      |
|    total_timesteps    | 143500    |
| train/                |           |
|    entropy_loss       | 2.01      |
|    explained_variance | 0         |
|    learning_rate      | 0.0007    |
|    n_updates          | 28699     |
|    policy_loss        | -4.22e+03 |
|    reward             | 707.1952  |
|    std                | 0.0921    |
|    value_loss         | 5.22e+06  |
-------------------------------------
EPISODE:  145
------------------------------------
| time/                 |          |
|    fps                | 14       |
|    iterations         | 28800    |
|    time_elapsed       | 9730     |
|    total_timesteps    | 144000   |
| train/                |          |
|    entropy_loss       | 2.02     |
|    explained_variance | 5.96e-08 |
|    learning_rate      | 0.0007   |
|    n_updates          | 28799    |
|    policy_loss        | -471     |
|    reward             | 35.67802 |
|    std                | 0.0914   |
|    value_loss         | 5.24e+04 |
------------------------------------
-------------------------------------
| time/                 |           |
|    fps                | 14        |
|    iterations         | 28900     |
|    time_elapsed       | 9765      |
|    total_timesteps    | 144500    |
| train/                |           |
|    entropy_loss       | 2.05      |
|    explained_variance | 0         |
|    learning_rate      | 0.0007    |
|    n_updates          | 28899     |
|    policy_loss        | -4.32e+03 |
|    reward             | 707.1952  |
|    std                | 0.0901    |
|    value_loss         | 5.22e+06  |
-------------------------------------
EPISODE:  146
------------------------------------
| time/                 |          |
|    fps                | 14       |
|    iterations         | 29000    |
|    time_elapsed       | 9799     |
|    total_timesteps    | 145000   |
| train/                |          |
|    entropy_loss       | 2.07     |
|    explained_variance | 0        |
|    learning_rate      | 0.0007   |
|    n_updates          | 28999    |
|    policy_loss        | -291     |
|    reward             | 35.67802 |
|    std                | 0.0893   |
|    value_loss         | 5.22e+04 |
------------------------------------
-------------------------------------
| time/                 |           |
|    fps                | 14        |
|    iterations         | 29100     |
|    time_elapsed       | 9834      |
|    total_timesteps    | 145500    |
| train/                |           |
|    entropy_loss       | 2.1       |
|    explained_variance | 1.19e-07  |
|    learning_rate      | 0.0007    |
|    n_updates          | 29099     |
|    policy_loss        | -5.78e+03 |
|    reward             | 707.1952  |
|    std                | 0.0881    |
|    value_loss         | 5.22e+06  |
-------------------------------------
EPISODE:  147
------------------------------------
| time/                 |          |
|    fps                | 14       |
|    iterations         | 29200    |
|    time_elapsed       | 9868     |
|    total_timesteps    | 146000   |
| train/                |          |
|    entropy_loss       | 2.12     |
|    explained_variance | 0        |
|    learning_rate      | 0.0007   |
|    n_updates          | 29199    |
|    policy_loss        | -277     |
|    reward             | 35.67802 |
|    std                | 0.0871   |
|    value_loss         | 5.21e+04 |
------------------------------------
-------------------------------------
| time/                 |           |
|    fps                | 14        |
|    iterations         | 29300     |
|    time_elapsed       | 9902      |
|    total_timesteps    | 146500    |
| train/                |           |
|    entropy_loss       | 2.14      |
|    explained_variance | 0         |
|    learning_rate      | 0.0007    |
|    n_updates          | 29299     |
|    policy_loss        | -3.94e+03 |
|    reward             | 707.1952  |
|    std                | 0.0863    |
|    value_loss         | 5.22e+06  |
-------------------------------------
EPISODE:  148
------------------------------------
| time/                 |          |
|    fps                | 14       |
|    iterations         | 29400    |
|    time_elapsed       | 9937     |
|    total_timesteps    | 147000   |
| train/                |          |
|    entropy_loss       | 2.16     |
|    explained_variance | 0        |
|    learning_rate      | 0.0007   |
|    n_updates          | 29399    |
|    policy_loss        | -487     |
|    reward             | 35.67802 |
|    std                | 0.0853   |
|    value_loss         | 5.2e+04  |
------------------------------------
-------------------------------------
| time/                 |           |
|    fps                | 14        |
|    iterations         | 29500     |
|    time_elapsed       | 9971      |
|    total_timesteps    | 147500    |
| train/                |           |
|    entropy_loss       | 2.19      |
|    explained_variance | -1.19e-07 |
|    learning_rate      | 0.0007    |
|    n_updates          | 29499     |
|    policy_loss        | -2.86e+03 |
|    reward             | 707.1952  |
|    std                | 0.0846    |
|    value_loss         | 5.22e+06  |
-------------------------------------
EPISODE:  149
------------------------------------
| time/                 |          |
|    fps                | 14       |
|    iterations         | 29600    |
|    time_elapsed       | 10006    |
|    total_timesteps    | 148000   |
| train/                |          |
|    entropy_loss       | 2.21     |
|    explained_variance | 1.19e-07 |
|    learning_rate      | 0.0007   |
|    n_updates          | 29599    |
|    policy_loss        | -539     |
|    reward             | 35.67802 |
|    std                | 0.0836   |
|    value_loss         | 5.19e+04 |
------------------------------------
-------------------------------------
| time/                 |           |
|    fps                | 14        |
|    iterations         | 29700     |
|    time_elapsed       | 10040     |
|    total_timesteps    | 148500    |
| train/                |           |
|    entropy_loss       | 2.24      |
|    explained_variance | -1.19e-07 |
|    learning_rate      | 0.0007    |
|    n_updates          | 29699     |
|    policy_loss        | -5.66e+03 |
|    reward             | 707.1952  |
|    std                | 0.0823    |
|    value_loss         | 5.22e+06  |
-------------------------------------
EPISODE:  150
------------------------------------
| time/                 |          |
|    fps                | 14       |
|    iterations         | 29800    |
|    time_elapsed       | 10075    |
|    total_timesteps    | 149000   |
| train/                |          |
|    entropy_loss       | 2.26     |
|    explained_variance | 0        |
|    learning_rate      | 0.0007   |
|    n_updates          | 29799    |
|    policy_loss        | -252     |
|    reward             | 35.67802 |
|    std                | 0.0815   |
|    value_loss         | 5.18e+04 |
------------------------------------
-------------------------------------
| time/                 |           |
|    fps                | 14        |
|    iterations         | 29900     |
|    time_elapsed       | 10109     |
|    total_timesteps    | 149500    |
| train/                |           |
|    entropy_loss       | 2.27      |
|    explained_variance | 1.79e-07  |
|    learning_rate      | 0.0007    |
|    n_updates          | 29899     |
|    policy_loss        | -5.97e+03 |
|    reward             | 707.1952  |
|    std                | 0.081     |
|    value_loss         | 5.22e+06  |
-------------------------------------
EPISODE:  151
------------------------------------
| time/                 |          |
|    fps                | 14       |
|    iterations         | 30000    |
|    time_elapsed       | 10144    |
|    total_timesteps    | 150000   |
| train/                |          |
|    entropy_loss       | 2.29     |
|    explained_variance | 0        |
|    learning_rate      | 0.0007   |
|    n_updates          | 29999    |
|    policy_loss        | -560     |
|    reward             | 35.67802 |
|    std                | 0.0805   |
|    value_loss         | 5.17e+04 |
------------------------------------
-------------------------------------
| time/                 |           |
|    fps                | 14        |
|    iterations         | 30100     |
|    time_elapsed       | 10178     |
|    total_timesteps    | 150500    |
| train/                |           |
|    entropy_loss       | 2.33      |
|    explained_variance | 1.19e-07  |
|    learning_rate      | 0.0007    |
|    n_updates          | 30099     |
|    policy_loss        | -5.41e+03 |
|    reward             | 707.1952  |
|    std                | 0.079     |
|    value_loss         | 5.21e+06  |
-------------------------------------
EPISODE:  152
------------------------------------
| time/                 |          |
|    fps                | 14       |
|    iterations         | 30200    |
|    time_elapsed       | 10212    |
|    total_timesteps    | 151000   |
| train/                |          |
|    entropy_loss       | 2.36     |
|    explained_variance | 0        |
|    learning_rate      | 0.0007   |
|    n_updates          | 30199    |
|    policy_loss        | -575     |
|    reward             | 35.67802 |
|    std                | 0.0778   |
|    value_loss         | 5.16e+04 |
------------------------------------
-------------------------------------
| time/                 |           |
|    fps                | 14        |
|    iterations         | 30300     |
|    time_elapsed       | 10247     |
|    total_timesteps    | 151500    |
| train/                |           |
|    entropy_loss       | 2.37      |
|    explained_variance | 0         |
|    learning_rate      | 0.0007    |
|    n_updates          | 30299     |
|    policy_loss        | -6.24e+03 |
|    reward             | 707.1952  |
|    std                | 0.0777    |
|    value_loss         | 5.21e+06  |
-------------------------------------
EPISODE:  153
------------------------------------
| time/                 |          |
|    fps                | 14       |
|    iterations         | 30400    |
|    time_elapsed       | 10281    |
|    total_timesteps    | 152000   |
| train/                |          |
|    entropy_loss       | 2.42     |
|    explained_variance | 0        |
|    learning_rate      | 0.0007   |
|    n_updates          | 30399    |
|    policy_loss        | -530     |
|    reward             | 35.67802 |
|    std                | 0.0759   |
|    value_loss         | 5.15e+04 |
------------------------------------
-------------------------------------
| time/                 |           |
|    fps                | 14        |
|    iterations         | 30500     |
|    time_elapsed       | 10316     |
|    total_timesteps    | 152500    |
| train/                |           |
|    entropy_loss       | 2.45      |
|    explained_variance | 0         |
|    learning_rate      | 0.0007    |
|    n_updates          | 30499     |
|    policy_loss        | -6.12e+03 |
|    reward             | 707.1952  |
|    std                | 0.0744    |
|    value_loss         | 5.21e+06  |
-------------------------------------
EPISODE:  154
------------------------------------
| time/                 |          |
|    fps                | 14       |
|    iterations         | 30600    |
|    time_elapsed       | 10350    |
|    total_timesteps    | 153000   |
| train/                |          |
|    entropy_loss       | 2.49     |
|    explained_variance | 0        |
|    learning_rate      | 0.0007   |
|    n_updates          | 30599    |
|    policy_loss        | -593     |
|    reward             | 35.67802 |
|    std                | 0.073    |
|    value_loss         | 5.14e+04 |
------------------------------------
-------------------------------------
| time/                 |           |
|    fps                | 14        |
|    iterations         | 30700     |
|    time_elapsed       | 10385     |
|    total_timesteps    | 153500    |
| train/                |           |
|    entropy_loss       | 2.5       |
|    explained_variance | -2.38e-07 |
|    learning_rate      | 0.0007    |
|    n_updates          | 30699     |
|    policy_loss        | -3.93e+03 |
|    reward             | 707.1952  |
|    std                | 0.0727    |
|    value_loss         | 5.21e+06  |
-------------------------------------
EPISODE:  155
-------------------------------------
| time/                 |           |
|    fps                | 14        |
|    iterations         | 30800     |
|    time_elapsed       | 10419     |
|    total_timesteps    | 154000    |
| train/                |           |
|    entropy_loss       | 2.51      |
|    explained_variance | -1.19e-07 |
|    learning_rate      | 0.0007    |
|    n_updates          | 30799     |
|    policy_loss        | -579      |
|    reward             | 35.67802  |
|    std                | 0.0724    |
|    value_loss         | 5.13e+04  |
-------------------------------------
------------------------------------
| time/                 |          |
|    fps                | 14       |
|    iterations         | 30900    |
|    time_elapsed       | 10453    |
|    total_timesteps    | 154500   |
| train/                |          |
|    entropy_loss       | 2.5      |
|    explained_variance | 1.19e-07 |
|    learning_rate      | 0.0007   |
|    n_updates          | 30899    |
|    policy_loss        | -5.5e+03 |
|    reward             | 707.1952 |
|    std                | 0.0728   |
|    value_loss         | 5.21e+06 |
------------------------------------
EPISODE:  156
------------------------------------
| time/                 |          |
|    fps                | 14       |
|    iterations         | 31000    |
|    time_elapsed       | 10488    |
|    total_timesteps    | 155000   |
| train/                |          |
|    entropy_loss       | 2.52     |
|    explained_variance | 0        |
|    learning_rate      | 0.0007   |
|    n_updates          | 30999    |
|    policy_loss        | -590     |
|    reward             | 35.67802 |
|    std                | 0.0721   |
|    value_loss         | 5.12e+04 |
------------------------------------
-------------------------------------
| time/                 |           |
|    fps                | 14        |
|    iterations         | 31100     |
|    time_elapsed       | 10522     |
|    total_timesteps    | 155500    |
| train/                |           |
|    entropy_loss       | 2.54      |
|    explained_variance | 1.19e-07  |
|    learning_rate      | 0.0007    |
|    n_updates          | 31099     |
|    policy_loss        | -4.17e+03 |
|    reward             | 707.1952  |
|    std                | 0.0716    |
|    value_loss         | 5.21e+06  |
-------------------------------------
EPISODE:  157
------------------------------------
| time/                 |          |
|    fps                | 14       |
|    iterations         | 31200    |
|    time_elapsed       | 10557    |
|    total_timesteps    | 156000   |
| train/                |          |
|    entropy_loss       | 2.55     |
|    explained_variance | 0        |
|    learning_rate      | 0.0007   |
|    n_updates          | 31199    |
|    policy_loss        | -481     |
|    reward             | 35.67802 |
|    std                | 0.0709   |
|    value_loss         | 5.11e+04 |
------------------------------------
-------------------------------------
| time/                 |           |
|    fps                | 14        |
|    iterations         | 31300     |
|    time_elapsed       | 10591     |
|    total_timesteps    | 156500    |
| train/                |           |
|    entropy_loss       | 2.58      |
|    explained_variance | -2.38e-07 |
|    learning_rate      | 0.0007    |
|    n_updates          | 31299     |
|    policy_loss        | -5.93e+03 |
|    reward             | 707.1952  |
|    std                | 0.0702    |
|    value_loss         | 5.21e+06  |
-------------------------------------
EPISODE:  158
------------------------------------
| time/                 |          |
|    fps                | 14       |
|    iterations         | 31400    |
|    time_elapsed       | 10625    |
|    total_timesteps    | 157000   |
| train/                |          |
|    entropy_loss       | 2.61     |
|    explained_variance | 1.79e-07 |
|    learning_rate      | 0.0007   |
|    n_updates          | 31399    |
|    policy_loss        | -550     |
|    reward             | 35.67802 |
|    std                | 0.0693   |
|    value_loss         | 5.1e+04  |
------------------------------------
-------------------------------------
| time/                 |           |
|    fps                | 14        |
|    iterations         | 31500     |
|    time_elapsed       | 10661     |
|    total_timesteps    | 157500    |
| train/                |           |
|    entropy_loss       | 2.62      |
|    explained_variance | -2.38e-07 |
|    learning_rate      | 0.0007    |
|    n_updates          | 31499     |
|    policy_loss        | -6.84e+03 |
|    reward             | 707.1952  |
|    std                | 0.0687    |
|    value_loss         | 5.21e+06  |
-------------------------------------
EPISODE:  159
------------------------------------
| time/                 |          |
|    fps                | 14       |
|    iterations         | 31600    |
|    time_elapsed       | 10695    |
|    total_timesteps    | 158000   |
| train/                |          |
|    entropy_loss       | 2.66     |
|    explained_variance | 0        |
|    learning_rate      | 0.0007   |
|    n_updates          | 31599    |
|    policy_loss        | -600     |
|    reward             | 35.67802 |
|    std                | 0.0675   |
|    value_loss         | 5.09e+04 |
------------------------------------
-------------------------------------
| time/                 |           |
|    fps                | 14        |
|    iterations         | 31700     |
|    time_elapsed       | 10730     |
|    total_timesteps    | 158500    |
| train/                |           |
|    entropy_loss       | 2.68      |
|    explained_variance | -1.19e-07 |
|    learning_rate      | 0.0007    |
|    n_updates          | 31699     |
|    policy_loss        | -3.9e+03  |
|    reward             | 707.1952  |
|    std                | 0.0669    |
|    value_loss         | 5.21e+06  |
-------------------------------------
EPISODE:  160
------------------------------------
| time/                 |          |
|    fps                | 14       |
|    iterations         | 31800    |
|    time_elapsed       | 10764    |
|    total_timesteps    | 159000   |
| train/                |          |
|    entropy_loss       | 2.71     |
|    explained_variance | 0        |
|    learning_rate      | 0.0007   |
|    n_updates          | 31799    |
|    policy_loss        | -410     |
|    reward             | 35.67802 |
|    std                | 0.0658   |
|    value_loss         | 5.08e+04 |
------------------------------------
-------------------------------------
| time/                 |           |
|    fps                | 14        |
|    iterations         | 31900     |
|    time_elapsed       | 10799     |
|    total_timesteps    | 159500    |
| train/                |           |
|    entropy_loss       | 2.71      |
|    explained_variance | 0         |
|    learning_rate      | 0.0007    |
|    n_updates          | 31899     |
|    policy_loss        | -4.58e+03 |
|    reward             | 707.1952  |
|    std                | 0.066     |
|    value_loss         | 5.21e+06  |
-------------------------------------
EPISODE:  161
------------------------------------
| time/                 |          |
|    fps                | 14       |
|    iterations         | 32000    |
|    time_elapsed       | 10833    |
|    total_timesteps    | 160000   |
| train/                |          |
|    entropy_loss       | 2.73     |
|    explained_variance | 0        |
|    learning_rate      | 0.0007   |
|    n_updates          | 31999    |
|    policy_loss        | -674     |
|    reward             | 35.67802 |
|    std                | 0.0651   |
|    value_loss         | 5.07e+04 |
------------------------------------
-------------------------------------
| time/                 |           |
|    fps                | 14        |
|    iterations         | 32100     |
|    time_elapsed       | 10868     |
|    total_timesteps    | 160500    |
| train/                |           |
|    entropy_loss       | 2.75      |
|    explained_variance | -1.19e-07 |
|    learning_rate      | 0.0007    |
|    n_updates          | 32099     |
|    policy_loss        | -5.76e+03 |
|    reward             | 707.1952  |
|    std                | 0.0646    |
|    value_loss         | 5.2e+06   |
-------------------------------------
EPISODE:  162
------------------------------------
| time/                 |          |
|    fps                | 14       |
|    iterations         | 32200    |
|    time_elapsed       | 10902    |
|    total_timesteps    | 161000   |
| train/                |          |
|    entropy_loss       | 2.77     |
|    explained_variance | 0        |
|    learning_rate      | 0.0007   |
|    n_updates          | 32199    |
|    policy_loss        | -582     |
|    reward             | 35.67802 |
|    std                | 0.0643   |
|    value_loss         | 5.06e+04 |
------------------------------------
-------------------------------------
| time/                 |           |
|    fps                | 14        |
|    iterations         | 32300     |
|    time_elapsed       | 10936     |
|    total_timesteps    | 161500    |
| train/                |           |
|    entropy_loss       | 2.79      |
|    explained_variance | 0         |
|    learning_rate      | 0.0007    |
|    n_updates          | 32299     |
|    policy_loss        | -7.32e+03 |
|    reward             | 707.1952  |
|    std                | 0.0634    |
|    value_loss         | 5.2e+06   |
-------------------------------------
EPISODE:  163
------------------------------------
| time/                 |          |
|    fps                | 14       |
|    iterations         | 32400    |
|    time_elapsed       | 10971    |
|    total_timesteps    | 162000   |
| train/                |          |
|    entropy_loss       | 2.82     |
|    explained_variance | 0        |
|    learning_rate      | 0.0007   |
|    n_updates          | 32399    |
|    policy_loss        | -594     |
|    reward             | 35.67802 |
|    std                | 0.0627   |
|    value_loss         | 5.05e+04 |
------------------------------------
-------------------------------------
| time/                 |           |
|    fps                | 14        |
|    iterations         | 32500     |
|    time_elapsed       | 11005     |
|    total_timesteps    | 162500    |
| train/                |           |
|    entropy_loss       | 2.81      |
|    explained_variance | 5.96e-08  |
|    learning_rate      | 0.0007    |
|    n_updates          | 32499     |
|    policy_loss        | -6.95e+03 |
|    reward             | 707.1952  |
|    std                | 0.0628    |
|    value_loss         | 5.2e+06   |
-------------------------------------
EPISODE:  164
------------------------------------
| time/                 |          |
|    fps                | 14       |
|    iterations         | 32600    |
|    time_elapsed       | 11040    |
|    total_timesteps    | 163000   |
| train/                |          |
|    entropy_loss       | 2.84     |
|    explained_variance | 0        |
|    learning_rate      | 0.0007   |
|    n_updates          | 32599    |
|    policy_loss        | -650     |
|    reward             | 35.67802 |
|    std                | 0.062    |
|    value_loss         | 5.04e+04 |
------------------------------------
-------------------------------------
| time/                 |           |
|    fps                | 14        |
|    iterations         | 32700     |
|    time_elapsed       | 11074     |
|    total_timesteps    | 163500    |
| train/                |           |
|    entropy_loss       | 2.87      |
|    explained_variance | 0         |
|    learning_rate      | 0.0007    |
|    n_updates          | 32699     |
|    policy_loss        | -4.04e+03 |
|    reward             | 707.1952  |
|    std                | 0.0612    |
|    value_loss         | 5.2e+06   |
-------------------------------------
EPISODE:  165
-------------------------------------
| time/                 |           |
|    fps                | 14        |
|    iterations         | 32800     |
|    time_elapsed       | 11109     |
|    total_timesteps    | 164000    |
| train/                |           |
|    entropy_loss       | 2.9       |
|    explained_variance | 0         |
|    learning_rate      | 0.0007    |
|    n_updates          | 32799     |
|    policy_loss        | -593      |
|    reward             | 35.636787 |
|    std                | 0.0602    |
|    value_loss         | 5.02e+04  |
-------------------------------------
-------------------------------------
| time/                 |           |
|    fps                | 14        |
|    iterations         | 32900     |
|    time_elapsed       | 11143     |
|    total_timesteps    | 164500    |
| train/                |           |
|    entropy_loss       | 2.92      |
|    explained_variance | 1.79e-07  |
|    learning_rate      | 0.0007    |
|    n_updates          | 32899     |
|    policy_loss        | -6.06e+03 |
|    reward             | 706.8456  |
|    std                | 0.0596    |
|    value_loss         | 5.19e+06  |
-------------------------------------
EPISODE:  166
-------------------------------------
| time/                 |           |
|    fps                | 14        |
|    iterations         | 33000     |
|    time_elapsed       | 11177     |
|    total_timesteps    | 165000    |
| train/                |           |
|    entropy_loss       | 2.94      |
|    explained_variance | 1.19e-07  |
|    learning_rate      | 0.0007    |
|    n_updates          | 32999     |
|    policy_loss        | -551      |
|    reward             | 35.660385 |
|    std                | 0.0591    |
|    value_loss         | 5.01e+04  |
-------------------------------------
-------------------------------------
| time/                 |           |
|    fps                | 14        |
|    iterations         | 33100     |
|    time_elapsed       | 11212     |
|    total_timesteps    | 165500    |
| train/                |           |
|    entropy_loss       | 2.98      |
|    explained_variance | 1.19e-07  |
|    learning_rate      | 0.0007    |
|    n_updates          | 33099     |
|    policy_loss        | -7.21e+03 |
|    reward             | 707.1952  |
|    std                | 0.0582    |
|    value_loss         | 5.2e+06   |
-------------------------------------
EPISODE:  167
-------------------------------------
| time/                 |           |
|    fps                | 14        |
|    iterations         | 33200     |
|    time_elapsed       | 11246     |
|    total_timesteps    | 166000    |
| train/                |           |
|    entropy_loss       | 3.01      |
|    explained_variance | 0         |
|    learning_rate      | 0.0007    |
|    n_updates          | 33199     |
|    policy_loss        | -609      |
|    reward             | 34.424183 |
|    std                | 0.0572    |
|    value_loss         | 4.64e+04  |
-------------------------------------
-------------------------------------
| time/                 |           |
|    fps                | 14        |
|    iterations         | 33300     |
|    time_elapsed       | 11281     |
|    total_timesteps    | 166500    |
| train/                |           |
|    entropy_loss       | 3.03      |
|    explained_variance | 1.19e-07  |
|    learning_rate      | 0.0007    |
|    n_updates          | 33299     |
|    policy_loss        | -6.59e+03 |
|    reward             | 707.1186  |
|    std                | 0.0565    |
|    value_loss         | 5.2e+06   |
-------------------------------------
EPISODE:  168
------------------------------------
| time/                 |          |
|    fps                | 14       |
|    iterations         | 33400    |
|    time_elapsed       | 11315    |
|    total_timesteps    | 167000   |
| train/                |          |
|    entropy_loss       | 3.05     |
|    explained_variance | 0        |
|    learning_rate      | 0.0007   |
|    n_updates          | 33399    |
|    policy_loss        | -636     |
|    reward             | 35.67416 |
|    std                | 0.0559   |
|    value_loss         | 5e+04    |
------------------------------------
-------------------------------------
| time/                 |           |
|    fps                | 14        |
|    iterations         | 33500     |
|    time_elapsed       | 11349     |
|    total_timesteps    | 167500    |
| train/                |           |
|    entropy_loss       | 3.07      |
|    explained_variance | -1.19e-07 |
|    learning_rate      | 0.0007    |
|    n_updates          | 33499     |
|    policy_loss        | -3.63e+03 |
|    reward             | 707.1952  |
|    std                | 0.0556    |
|    value_loss         | 5.2e+06   |
-------------------------------------
EPISODE:  169
------------------------------------
| time/                 |          |
|    fps                | 14       |
|    iterations         | 33600    |
|    time_elapsed       | 11384    |
|    total_timesteps    | 168000   |
| train/                |          |
|    entropy_loss       | 3.09     |
|    explained_variance | 0        |
|    learning_rate      | 0.0007   |
|    n_updates          | 33599    |
|    policy_loss        | -618     |
|    reward             | 35.67802 |
|    std                | 0.0551   |
|    value_loss         | 4.99e+04 |
------------------------------------
-------------------------------------
| time/                 |           |
|    fps                | 14        |
|    iterations         | 33700     |
|    time_elapsed       | 11418     |
|    total_timesteps    | 168500    |
| train/                |           |
|    entropy_loss       | 3.11      |
|    explained_variance | 0         |
|    learning_rate      | 0.0007    |
|    n_updates          | 33699     |
|    policy_loss        | -5.17e+03 |
|    reward             | 707.1952  |
|    std                | 0.0545    |
|    value_loss         | 5.2e+06   |
-------------------------------------
EPISODE:  170
------------------------------------
| time/                 |          |
|    fps                | 14       |
|    iterations         | 33800    |
|    time_elapsed       | 11453    |
|    total_timesteps    | 169000   |
| train/                |          |
|    entropy_loss       | 3.12     |
|    explained_variance | 1.19e-07 |
|    learning_rate      | 0.0007   |
|    n_updates          | 33799    |
|    policy_loss        | -589     |
|    reward             | 35.67802 |
|    std                | 0.054    |
|    value_loss         | 4.98e+04 |
------------------------------------
-------------------------------------
| time/                 |           |
|    fps                | 14        |
|    iterations         | 33900     |
|    time_elapsed       | 11487     |
|    total_timesteps    | 169500    |
| train/                |           |
|    entropy_loss       | 3.16      |
|    explained_variance | 2.98e-07  |
|    learning_rate      | 0.0007    |
|    n_updates          | 33899     |
|    policy_loss        | -6.41e+03 |
|    reward             | 707.1952  |
|    std                | 0.0533    |
|    value_loss         | 5.2e+06   |
-------------------------------------
EPISODE:  171
------------------------------------
| time/                 |          |
|    fps                | 14       |
|    iterations         | 34000    |
|    time_elapsed       | 11521    |
|    total_timesteps    | 170000   |
| train/                |          |
|    entropy_loss       | 3.2      |
|    explained_variance | 0        |
|    learning_rate      | 0.0007   |
|    n_updates          | 33999    |
|    policy_loss        | -577     |
|    reward             | 35.67802 |
|    std                | 0.0523   |
|    value_loss         | 4.97e+04 |
------------------------------------
------------------------------------
| time/                 |          |
|    fps                | 14       |
|    iterations         | 34100    |
|    time_elapsed       | 11556    |
|    total_timesteps    | 170500   |
| train/                |          |
|    entropy_loss       | 3.21     |
|    explained_variance | 0        |
|    learning_rate      | 0.0007   |
|    n_updates          | 34099    |
|    policy_loss        | -7e+03   |
|    reward             | 707.1952 |
|    std                | 0.0521   |
|    value_loss         | 5.19e+06 |
------------------------------------
EPISODE:  172
------------------------------------
| time/                 |          |
|    fps                | 14       |
|    iterations         | 34200    |
|    time_elapsed       | 11591    |
|    total_timesteps    | 171000   |
| train/                |          |
|    entropy_loss       | 3.23     |
|    explained_variance | 1.19e-07 |
|    learning_rate      | 0.0007   |
|    n_updates          | 34199    |
|    policy_loss        | -709     |
|    reward             | 35.67802 |
|    std                | 0.0515   |
|    value_loss         | 4.96e+04 |
------------------------------------
-------------------------------------
| time/                 |           |
|    fps                | 14        |
|    iterations         | 34300     |
|    time_elapsed       | 11626     |
|    total_timesteps    | 171500    |
| train/                |           |
|    entropy_loss       | 3.25      |
|    explained_variance | 0         |
|    learning_rate      | 0.0007    |
|    n_updates          | 34299     |
|    policy_loss        | -7.22e+03 |
|    reward             | 707.1952  |
|    std                | 0.0513    |
|    value_loss         | 5.19e+06  |
-------------------------------------
EPISODE:  173
------------------------------------
| time/                 |          |
|    fps                | 14       |
|    iterations         | 34400    |
|    time_elapsed       | 11660    |
|    total_timesteps    | 172000   |
| train/                |          |
|    entropy_loss       | 3.27     |
|    explained_variance | 0        |
|    learning_rate      | 0.0007   |
|    n_updates          | 34399    |
|    policy_loss        | -599     |
|    reward             | 35.67802 |
|    std                | 0.051    |
|    value_loss         | 4.95e+04 |
------------------------------------
-------------------------------------
| time/                 |           |
|    fps                | 14        |
|    iterations         | 34500     |
|    time_elapsed       | 11695     |
|    total_timesteps    | 172500    |
| train/                |           |
|    entropy_loss       | 3.29      |
|    explained_variance | 0         |
|    learning_rate      | 0.0007    |
|    n_updates          | 34499     |
|    policy_loss        | -7.45e+03 |
|    reward             | 707.1952  |
|    std                | 0.0503    |
|    value_loss         | 5.19e+06  |
-------------------------------------
EPISODE:  174
------------------------------------
| time/                 |          |
|    fps                | 14       |
|    iterations         | 34600    |
|    time_elapsed       | 11729    |
|    total_timesteps    | 173000   |
| train/                |          |
|    entropy_loss       | 3.31     |
|    explained_variance | 0        |
|    learning_rate      | 0.0007   |
|    n_updates          | 34599    |
|    policy_loss        | -658     |
|    reward             | 35.67802 |
|    std                | 0.0501   |
|    value_loss         | 4.94e+04 |
------------------------------------
-------------------------------------
| time/                 |           |
|    fps                | 14        |
|    iterations         | 34700     |
|    time_elapsed       | 11764     |
|    total_timesteps    | 173500    |
| train/                |           |
|    entropy_loss       | 3.34      |
|    explained_variance | 0         |
|    learning_rate      | 0.0007    |
|    n_updates          | 34699     |
|    policy_loss        | -6.78e+03 |
|    reward             | 707.1952  |
|    std                | 0.0494    |
|    value_loss         | 5.19e+06  |
-------------------------------------
EPISODE:  175
------------------------------------
| time/                 |          |
|    fps                | 14       |
|    iterations         | 34800    |
|    time_elapsed       | 11798    |
|    total_timesteps    | 174000   |
| train/                |          |
|    entropy_loss       | 3.35     |
|    explained_variance | 1.19e-07 |
|    learning_rate      | 0.0007   |
|    n_updates          | 34799    |
|    policy_loss        | -621     |
|    reward             | 35.67802 |
|    std                | 0.0491   |
|    value_loss         | 4.93e+04 |
------------------------------------
-------------------------------------
| time/                 |           |
|    fps                | 14        |
|    iterations         | 34900     |
|    time_elapsed       | 11832     |
|    total_timesteps    | 174500    |
| train/                |           |
|    entropy_loss       | 3.36      |
|    explained_variance | 0         |
|    learning_rate      | 0.0007    |
|    n_updates          | 34899     |
|    policy_loss        | -8.13e+03 |
|    reward             | 707.1952  |
|    std                | 0.049     |
|    value_loss         | 5.19e+06  |
-------------------------------------
EPISODE:  176
------------------------------------
| time/                 |          |
|    fps                | 14       |
|    iterations         | 35000    |
|    time_elapsed       | 11867    |
|    total_timesteps    | 175000   |
| train/                |          |
|    entropy_loss       | 3.38     |
|    explained_variance | 0        |
|    learning_rate      | 0.0007   |
|    n_updates          | 34999    |
|    policy_loss        | -725     |
|    reward             | 35.67802 |
|    std                | 0.0487   |
|    value_loss         | 4.93e+04 |
------------------------------------
-------------------------------------
| time/                 |           |
|    fps                | 14        |
|    iterations         | 35100     |
|    time_elapsed       | 11901     |
|    total_timesteps    | 175500    |
| train/                |           |
|    entropy_loss       | 3.39      |
|    explained_variance | 0         |
|    learning_rate      | 0.0007    |
|    n_updates          | 35099     |
|    policy_loss        | -7.45e+03 |
|    reward             | 707.1952  |
|    std                | 0.0486    |
|    value_loss         | 5.19e+06  |
-------------------------------------
EPISODE:  177
------------------------------------
| time/                 |          |
|    fps                | 14       |
|    iterations         | 35200    |
|    time_elapsed       | 11936    |
|    total_timesteps    | 176000   |
| train/                |          |
|    entropy_loss       | 3.41     |
|    explained_variance | 0        |
|    learning_rate      | 0.0007   |
|    n_updates          | 35199    |
|    policy_loss        | -780     |
|    reward             | 35.67802 |
|    std                | 0.0481   |
|    value_loss         | 4.92e+04 |
------------------------------------
-------------------------------------
| time/                 |           |
|    fps                | 14        |
|    iterations         | 35300     |
|    time_elapsed       | 11970     |
|    total_timesteps    | 176500    |
| train/                |           |
|    entropy_loss       | 3.42      |
|    explained_variance | 1.19e-07  |
|    learning_rate      | 0.0007    |
|    n_updates          | 35299     |
|    policy_loss        | -8.16e+03 |
|    reward             | 707.1952  |
|    std                | 0.0475    |
|    value_loss         | 5.19e+06  |
-------------------------------------
EPISODE:  178
------------------------------------
| time/                 |          |
|    fps                | 14       |
|    iterations         | 35400    |
|    time_elapsed       | 12004    |
|    total_timesteps    | 177000   |
| train/                |          |
|    entropy_loss       | 3.45     |
|    explained_variance | 0        |
|    learning_rate      | 0.0007   |
|    n_updates          | 35399    |
|    policy_loss        | -644     |
|    reward             | 35.67802 |
|    std                | 0.0469   |
|    value_loss         | 4.91e+04 |
------------------------------------
-------------------------------------
| time/                 |           |
|    fps                | 14        |
|    iterations         | 35500     |
|    time_elapsed       | 12039     |
|    total_timesteps    | 177500    |
| train/                |           |
|    entropy_loss       | 3.47      |
|    explained_variance | 0         |
|    learning_rate      | 0.0007    |
|    n_updates          | 35499     |
|    policy_loss        | -6.44e+03 |
|    reward             | 707.1952  |
|    std                | 0.0465    |
|    value_loss         | 5.19e+06  |
-------------------------------------
EPISODE:  179
------------------------------------
| time/                 |          |
|    fps                | 14       |
|    iterations         | 35600    |
|    time_elapsed       | 12073    |
|    total_timesteps    | 178000   |
| train/                |          |
|    entropy_loss       | 3.5      |
|    explained_variance | 0        |
|    learning_rate      | 0.0007   |
|    n_updates          | 35599    |
|    policy_loss        | -817     |
|    reward             | 35.67802 |
|    std                | 0.0458   |
|    value_loss         | 4.9e+04  |
------------------------------------
-------------------------------------
| time/                 |           |
|    fps                | 14        |
|    iterations         | 35700     |
|    time_elapsed       | 12108     |
|    total_timesteps    | 178500    |
| train/                |           |
|    entropy_loss       | 3.51      |
|    explained_variance | 0         |
|    learning_rate      | 0.0007    |
|    n_updates          | 35699     |
|    policy_loss        | -6.16e+03 |
|    reward             | 707.1952  |
|    std                | 0.0457    |
|    value_loss         | 5.19e+06  |
-------------------------------------
EPISODE:  180
------------------------------------
| time/                 |          |
|    fps                | 14       |
|    iterations         | 35800    |
|    time_elapsed       | 12142    |
|    total_timesteps    | 179000   |
| train/                |          |
|    entropy_loss       | 3.55     |
|    explained_variance | 0        |
|    learning_rate      | 0.0007   |
|    n_updates          | 35799    |
|    policy_loss        | -834     |
|    reward             | 35.67802 |
|    std                | 0.0447   |
|    value_loss         | 4.89e+04 |
------------------------------------
-------------------------------------
| time/                 |           |
|    fps                | 14        |
|    iterations         | 35900     |
|    time_elapsed       | 12177     |
|    total_timesteps    | 179500    |
| train/                |           |
|    entropy_loss       | 3.57      |
|    explained_variance | 0         |
|    learning_rate      | 0.0007    |
|    n_updates          | 35899     |
|    policy_loss        | -7.84e+03 |
|    reward             | 707.1952  |
|    std                | 0.0443    |
|    value_loss         | 5.19e+06  |
-------------------------------------
EPISODE:  181
------------------------------------
| time/                 |          |
|    fps                | 14       |
|    iterations         | 36000    |
|    time_elapsed       | 12211    |
|    total_timesteps    | 180000   |
| train/                |          |
|    entropy_loss       | 3.61     |
|    explained_variance | 0        |
|    learning_rate      | 0.0007   |
|    n_updates          | 35999    |
|    policy_loss        | -759     |
|    reward             | 35.67802 |
|    std                | 0.0436   |
|    value_loss         | 4.88e+04 |
------------------------------------
-------------------------------------
| time/                 |           |
|    fps                | 14        |
|    iterations         | 36100     |
|    time_elapsed       | 12245     |
|    total_timesteps    | 180500    |
| train/                |           |
|    entropy_loss       | 3.62      |
|    explained_variance | 0         |
|    learning_rate      | 0.0007    |
|    n_updates          | 36099     |
|    policy_loss        | -6.52e+03 |
|    reward             | 707.1952  |
|    std                | 0.0432    |
|    value_loss         | 5.18e+06  |
-------------------------------------
EPISODE:  182
------------------------------------
| time/                 |          |
|    fps                | 14       |
|    iterations         | 36200    |
|    time_elapsed       | 12280    |
|    total_timesteps    | 181000   |
| train/                |          |
|    entropy_loss       | 3.64     |
|    explained_variance | 0        |
|    learning_rate      | 0.0007   |
|    n_updates          | 36199    |
|    policy_loss        | -808     |
|    reward             | 35.67802 |
|    std                | 0.0428   |
|    value_loss         | 4.87e+04 |
------------------------------------
-------------------------------------
| time/                 |           |
|    fps                | 14        |
|    iterations         | 36300     |
|    time_elapsed       | 12314     |
|    total_timesteps    | 181500    |
| train/                |           |
|    entropy_loss       | 3.66      |
|    explained_variance | 1.19e-07  |
|    learning_rate      | 0.0007    |
|    n_updates          | 36299     |
|    policy_loss        | -7.96e+03 |
|    reward             | 707.1952  |
|    std                | 0.0423    |
|    value_loss         | 5.18e+06  |
-------------------------------------
EPISODE:  183
------------------------------------
| time/                 |          |
|    fps                | 14       |
|    iterations         | 36400    |
|    time_elapsed       | 12349    |
|    total_timesteps    | 182000   |
| train/                |          |
|    entropy_loss       | 3.68     |
|    explained_variance | 0        |
|    learning_rate      | 0.0007   |
|    n_updates          | 36399    |
|    policy_loss        | -783     |
|    reward             | 35.67802 |
|    std                | 0.0419   |
|    value_loss         | 4.86e+04 |
------------------------------------
-------------------------------------
| time/                 |           |
|    fps                | 14        |
|    iterations         | 36500     |
|    time_elapsed       | 12383     |
|    total_timesteps    | 182500    |
| train/                |           |
|    entropy_loss       | 3.71      |
|    explained_variance | 0         |
|    learning_rate      | 0.0007    |
|    n_updates          | 36499     |
|    policy_loss        | -7.03e+03 |
|    reward             | 707.1952  |
|    std                | 0.0414    |
|    value_loss         | 5.18e+06  |
-------------------------------------
EPISODE:  184
------------------------------------
| time/                 |          |
|    fps                | 14       |
|    iterations         | 36600    |
|    time_elapsed       | 12418    |
|    total_timesteps    | 183000   |
| train/                |          |
|    entropy_loss       | 3.72     |
|    explained_variance | 0        |
|    learning_rate      | 0.0007   |
|    n_updates          | 36599    |
|    policy_loss        | -802     |
|    reward             | 35.67802 |
|    std                | 0.0412   |
|    value_loss         | 4.85e+04 |
------------------------------------
-------------------------------------
| time/                 |           |
|    fps                | 14        |
|    iterations         | 36700     |
|    time_elapsed       | 12452     |
|    total_timesteps    | 183500    |
| train/                |           |
|    entropy_loss       | 3.76      |
|    explained_variance | 0         |
|    learning_rate      | 0.0007    |
|    n_updates          | 36699     |
|    policy_loss        | -8.11e+03 |
|    reward             | 707.1952  |
|    std                | 0.0403    |
|    value_loss         | 5.18e+06  |
-------------------------------------
EPISODE:  185
------------------------------------
| time/                 |          |
|    fps                | 14       |
|    iterations         | 36800    |
|    time_elapsed       | 12486    |
|    total_timesteps    | 184000   |
| train/                |          |
|    entropy_loss       | 3.8      |
|    explained_variance | 0        |
|    learning_rate      | 0.0007   |
|    n_updates          | 36799    |
|    policy_loss        | -748     |
|    reward             | 35.67802 |
|    std                | 0.0398   |
|    value_loss         | 4.84e+04 |
------------------------------------
-------------------------------------
| time/                 |           |
|    fps                | 14        |
|    iterations         | 36900     |
|    time_elapsed       | 12522     |
|    total_timesteps    | 184500    |
| train/                |           |
|    entropy_loss       | 3.8       |
|    explained_variance | 5.96e-08  |
|    learning_rate      | 0.0007    |
|    n_updates          | 36899     |
|    policy_loss        | -8.22e+03 |
|    reward             | 671.0344  |
|    std                | 0.0397    |
|    value_loss         | 4.67e+06  |
-------------------------------------
EPISODE:  186
-------------------------------------
| time/                 |           |
|    fps                | 14        |
|    iterations         | 37000     |
|    time_elapsed       | 12556     |
|    total_timesteps    | 185000    |
| train/                |           |
|    entropy_loss       | 3.82      |
|    explained_variance | 0         |
|    learning_rate      | 0.0007    |
|    n_updates          | 36999     |
|    policy_loss        | -562      |
|    reward             | 26.880863 |
|    std                | 0.0393    |
|    value_loss         | 2.38e+04  |
-------------------------------------
-------------------------------------
| time/                 |           |
|    fps                | 14        |
|    iterations         | 37100     |
|    time_elapsed       | 12591     |
|    total_timesteps    | 185500    |
| train/                |           |
|    entropy_loss       | 3.85      |
|    explained_variance | -1.19e-07 |
|    learning_rate      | 0.0007    |
|    n_updates          | 37099     |
|    policy_loss        | -8.35e+03 |
|    reward             | 707.1952  |
|    std                | 0.0389    |
|    value_loss         | 5.18e+06  |
-------------------------------------
EPISODE:  187
-------------------------------------
| time/                 |           |
|    fps                | 14        |
|    iterations         | 37200     |
|    time_elapsed       | 12625     |
|    total_timesteps    | 186000    |
| train/                |           |
|    entropy_loss       | 3.88      |
|    explained_variance | 0         |
|    learning_rate      | 0.0007    |
|    n_updates          | 37199     |
|    policy_loss        | -308      |
|    reward             | 16.748512 |
|    std                | 0.0383    |
|    value_loss         | 1.46e+04  |
-------------------------------------
-------------------------------------
| time/                 |           |
|    fps                | 14        |
|    iterations         | 37300     |
|    time_elapsed       | 12660     |
|    total_timesteps    | 186500    |
| train/                |           |
|    entropy_loss       | 3.9       |
|    explained_variance | -1.19e-07 |
|    learning_rate      | 0.0007    |
|    n_updates          | 37299     |
|    policy_loss        | -7.72e+03 |
|    reward             | 612.2225  |
|    std                | 0.0379    |
|    value_loss         | 3.87e+06  |
-------------------------------------
EPISODE:  188
-------------------------------------
| time/                 |           |
|    fps                | 14        |
|    iterations         | 37400     |
|    time_elapsed       | 12694     |
|    total_timesteps    | 187000    |
| train/                |           |
|    entropy_loss       | 3.91      |
|    explained_variance | -1.19e-07 |
|    learning_rate      | 0.0007    |
|    n_updates          | 37399     |
|    policy_loss        | -258      |
|    reward             | 11.652457 |
|    std                | 0.0377    |
|    value_loss         | 5.09e+03  |
-------------------------------------
-------------------------------------
| time/                 |           |
|    fps                | 14        |
|    iterations         | 37500     |
|    time_elapsed       | 12729     |
|    total_timesteps    | 187500    |
| train/                |           |
|    entropy_loss       | 3.94      |
|    explained_variance | -1.19e-07 |
|    learning_rate      | 0.0007    |
|    n_updates          | 37499     |
|    policy_loss        | -7.38e+03 |
|    reward             | 606.0315  |
|    std                | 0.0372    |
|    value_loss         | 3.8e+06   |
-------------------------------------
EPISODE:  189
-------------------------------------
| time/                 |           |
|    fps                | 14        |
|    iterations         | 37600     |
|    time_elapsed       | 12763     |
|    total_timesteps    | 188000    |
| train/                |           |
|    entropy_loss       | 3.98      |
|    explained_variance | 0         |
|    learning_rate      | 0.0007    |
|    n_updates          | 37599     |
|    policy_loss        | -489      |
|    reward             | 24.311234 |
|    std                | 0.0366    |
|    value_loss         | 1.79e+04  |
-------------------------------------
-------------------------------------
| time/                 |           |
|    fps                | 14        |
|    iterations         | 37700     |
|    time_elapsed       | 12797     |
|    total_timesteps    | 188500    |
| train/                |           |
|    entropy_loss       | 4         |
|    explained_variance | 0         |
|    learning_rate      | 0.0007    |
|    n_updates          | 37699     |
|    policy_loss        | -7.03e+03 |
|    reward             | 634.74774 |
|    std                | 0.0362    |
|    value_loss         | 4.18e+06  |
-------------------------------------
EPISODE:  190
-------------------------------------
| time/                 |           |
|    fps                | 14        |
|    iterations         | 37800     |
|    time_elapsed       | 12832     |
|    total_timesteps    | 189000    |
| train/                |           |
|    entropy_loss       | 4.02      |
|    explained_variance | 0         |
|    learning_rate      | 0.0007    |
|    n_updates          | 37799     |
|    policy_loss        | -287      |
|    reward             | 13.568444 |
|    std                | 0.036     |
|    value_loss         | 6.29e+03  |
-------------------------------------
-------------------------------------
| time/                 |           |
|    fps                | 14        |
|    iterations         | 37900     |
|    time_elapsed       | 12866     |
|    total_timesteps    | 189500    |
| train/                |           |
|    entropy_loss       | 4.04      |
|    explained_variance | 5.96e-08  |
|    learning_rate      | 0.0007    |
|    n_updates          | 37899     |
|    policy_loss        | -6.92e+03 |
|    reward             | 617.4074  |
|    std                | 0.0356    |
|    value_loss         | 3.94e+06  |
-------------------------------------
EPISODE:  191
-------------------------------------
| time/                 |           |
|    fps                | 14        |
|    iterations         | 38000     |
|    time_elapsed       | 12901     |
|    total_timesteps    | 190000    |
| train/                |           |
|    entropy_loss       | 4.06      |
|    explained_variance | 0         |
|    learning_rate      | 0.0007    |
|    n_updates          | 37999     |
|    policy_loss        | -199      |
|    reward             | 12.071437 |
|    std                | 0.0354    |
|    value_loss         | 4.83e+03  |
-------------------------------------
------------------------------------
| time/                 |          |
|    fps                | 14       |
|    iterations         | 38100    |
|    time_elapsed       | 12935    |
|    total_timesteps    | 190500   |
| train/                |          |
|    entropy_loss       | 4.07     |
|    explained_variance | 5.96e-08 |
|    learning_rate      | 0.0007   |
|    n_updates          | 38099    |
|    policy_loss        | -6.6e+03 |
|    reward             | 665.1268 |
|    std                | 0.0353   |
|    value_loss         | 4.56e+06 |
------------------------------------
EPISODE:  192
-------------------------------------
| time/                 |           |
|    fps                | 14        |
|    iterations         | 38200     |
|    time_elapsed       | 12969     |
|    total_timesteps    | 191000    |
| train/                |           |
|    entropy_loss       | 4.09      |
|    explained_variance | 0         |
|    learning_rate      | 0.0007    |
|    n_updates          | 38199     |
|    policy_loss        | -384      |
|    reward             | 16.823067 |
|    std                | 0.0349    |
|    value_loss         | 1.3e+04   |
-------------------------------------
-------------------------------------
| time/                 |           |
|    fps                | 14        |
|    iterations         | 38300     |
|    time_elapsed       | 13004     |
|    total_timesteps    | 191500    |
| train/                |           |
|    entropy_loss       | 4.13      |
|    explained_variance | 0         |
|    learning_rate      | 0.0007    |
|    n_updates          | 38299     |
|    policy_loss        | -7.73e+03 |
|    reward             | 639.585   |
|    std                | 0.0345    |
|    value_loss         | 4.23e+06  |
-------------------------------------
EPISODE:  193
-------------------------------------
| time/                 |           |
|    fps                | 14        |
|    iterations         | 38400     |
|    time_elapsed       | 13038     |
|    total_timesteps    | 192000    |
| train/                |           |
|    entropy_loss       | 4.15      |
|    explained_variance | 0         |
|    learning_rate      | 0.0007    |
|    n_updates          | 38399     |
|    policy_loss        | -118      |
|    reward             | 7.6616774 |
|    std                | 0.0342    |
|    value_loss         | 1.64e+03  |
-------------------------------------
-------------------------------------
| time/                 |           |
|    fps                | 14        |
|    iterations         | 38500     |
|    time_elapsed       | 13073     |
|    total_timesteps    | 192500    |
| train/                |           |
|    entropy_loss       | 4.15      |
|    explained_variance | -2.38e-07 |
|    learning_rate      | 0.0007    |
|    n_updates          | 38499     |
|    policy_loss        | -6.01e+03 |
|    reward             | 602.6603  |
|    std                | 0.0343    |
|    value_loss         | 3.75e+06  |
-------------------------------------
EPISODE:  194
-------------------------------------
| time/                 |           |
|    fps                | 14        |
|    iterations         | 38600     |
|    time_elapsed       | 13107     |
|    total_timesteps    | 193000    |
| train/                |           |
|    entropy_loss       | 4.18      |
|    explained_variance | -2.38e-07 |
|    learning_rate      | 0.0007    |
|    n_updates          | 38599     |
|    policy_loss        | -107      |
|    reward             | 7.101323  |
|    std                | 0.0338    |
|    value_loss         | 1.14e+03  |
-------------------------------------
------------------------------------
| time/                 |          |
|    fps                | 14       |
|    iterations         | 38700    |
|    time_elapsed       | 13142    |
|    total_timesteps    | 193500   |
| train/                |          |
|    entropy_loss       | 4.2      |
|    explained_variance | 0        |
|    learning_rate      | 0.0007   |
|    n_updates          | 38699    |
|    policy_loss        | -7.3e+03 |
|    reward             | 602.6603 |
|    std                | 0.0337   |
|    value_loss         | 3.75e+06 |
------------------------------------
EPISODE:  195
------------------------------------
| time/                 |          |
|    fps                | 14       |
|    iterations         | 38800    |
|    time_elapsed       | 13176    |
|    total_timesteps    | 194000   |
| train/                |          |
|    entropy_loss       | 4.22     |
|    explained_variance | 0        |
|    learning_rate      | 0.0007   |
|    n_updates          | 38799    |
|    policy_loss        | -95.1    |
|    reward             | 7.101323 |
|    std                | 0.0332   |
|    value_loss         | 1.12e+03 |
------------------------------------
-------------------------------------
| time/                 |           |
|    fps                | 14        |
|    iterations         | 38900     |
|    time_elapsed       | 13210     |
|    total_timesteps    | 194500    |
| train/                |           |
|    entropy_loss       | 4.25      |
|    explained_variance | 0         |
|    learning_rate      | 0.0007    |
|    n_updates          | 38899     |
|    policy_loss        | -8.01e+03 |
|    reward             | 602.6603  |
|    std                | 0.0327    |
|    value_loss         | 3.75e+06  |
-------------------------------------
EPISODE:  196
------------------------------------
| time/                 |          |
|    fps                | 14       |
|    iterations         | 39000    |
|    time_elapsed       | 13245    |
|    total_timesteps    | 195000   |
| train/                |          |
|    entropy_loss       | 4.28     |
|    explained_variance | 1.19e-07 |
|    learning_rate      | 0.0007   |
|    n_updates          | 38999    |
|    policy_loss        | -123     |
|    reward             | 7.101323 |
|    std                | 0.0323   |
|    value_loss         | 1.11e+03 |
------------------------------------
-------------------------------------
| time/                 |           |
|    fps                | 14        |
|    iterations         | 39100     |
|    time_elapsed       | 13279     |
|    total_timesteps    | 195500    |
| train/                |           |
|    entropy_loss       | 4.29      |
|    explained_variance | 0         |
|    learning_rate      | 0.0007    |
|    n_updates          | 39099     |
|    policy_loss        | -8.16e+03 |
|    reward             | 602.81866 |
|    std                | 0.0322    |
|    value_loss         | 3.75e+06  |
-------------------------------------
EPISODE:  197
------------------------------------
| time/                 |          |
|    fps                | 14       |
|    iterations         | 39200    |
|    time_elapsed       | 13314    |
|    total_timesteps    | 196000   |
| train/                |          |
|    entropy_loss       | 4.32     |
|    explained_variance | 0        |
|    learning_rate      | 0.0007   |
|    n_updates          | 39199    |
|    policy_loss        | -134     |
|    reward             | 7.10319  |
|    std                | 0.0318   |
|    value_loss         | 1.1e+03  |
------------------------------------
-------------------------------------
| time/                 |           |
|    fps                | 14        |
|    iterations         | 39300     |
|    time_elapsed       | 13348     |
|    total_timesteps    | 196500    |
| train/                |           |
|    entropy_loss       | 4.33      |
|    explained_variance | 0         |
|    learning_rate      | 0.0007    |
|    n_updates          | 39299     |
|    policy_loss        | -7.95e+03 |
|    reward             | 602.6603  |
|    std                | 0.0317    |
|    value_loss         | 3.75e+06  |
-------------------------------------
EPISODE:  198
-------------------------------------
| time/                 |           |
|    fps                | 14        |
|    iterations         | 39400     |
|    time_elapsed       | 13383     |
|    total_timesteps    | 197000    |
| train/                |           |
|    entropy_loss       | 4.35      |
|    explained_variance | 0         |
|    learning_rate      | 0.0007    |
|    n_updates          | 39399     |
|    policy_loss        | -134      |
|    reward             | 7.1136723 |
|    std                | 0.0313    |
|    value_loss         | 1.09e+03  |
-------------------------------------
-------------------------------------
| time/                 |           |
|    fps                | 14        |
|    iterations         | 39500     |
|    time_elapsed       | 13417     |
|    total_timesteps    | 197500    |
| train/                |           |
|    entropy_loss       | 4.37      |
|    explained_variance | 0         |
|    learning_rate      | 0.0007    |
|    n_updates          | 39499     |
|    policy_loss        | -7.95e+03 |
|    reward             | 602.6603  |
|    std                | 0.0312    |
|    value_loss         | 3.75e+06  |
-------------------------------------
EPISODE:  199
------------------------------------
| time/                 |          |
|    fps                | 14       |
|    iterations         | 39600    |
|    time_elapsed       | 13453    |
|    total_timesteps    | 198000   |
| train/                |          |
|    entropy_loss       | 4.39     |
|    explained_variance | 0        |
|    learning_rate      | 0.0007   |
|    n_updates          | 39599    |
|    policy_loss        | -133     |
|    reward             | 7.101323 |
|    std                | 0.031    |
|    value_loss         | 1.07e+03 |
------------------------------------
-------------------------------------
| time/                 |           |
|    fps                | 14        |
|    iterations         | 39700     |
|    time_elapsed       | 13487     |
|    total_timesteps    | 198500    |
| train/                |           |
|    entropy_loss       | 4.41      |
|    explained_variance | -1.19e-07 |
|    learning_rate      | 0.0007    |
|    n_updates          | 39699     |
|    policy_loss        | -7.8e+03  |
|    reward             | 602.6603  |
|    std                | 0.0308    |
|    value_loss         | 3.75e+06  |
-------------------------------------
EPISODE:  200
------------------------------------
| time/                 |          |
|    fps                | 14       |
|    iterations         | 39800    |
|    time_elapsed       | 13522    |
|    total_timesteps    | 199000   |
| train/                |          |
|    entropy_loss       | 4.44     |
|    explained_variance | 0        |
|    learning_rate      | 0.0007   |
|    n_updates          | 39799    |
|    policy_loss        | -127     |
|    reward             | 7.101323 |
|    std                | 0.0303   |
|    value_loss         | 1.06e+03 |
------------------------------------
-------------------------------------
| time/                 |           |
|    fps                | 14        |
|    iterations         | 39900     |
|    time_elapsed       | 13556     |
|    total_timesteps    | 199500    |
| train/                |           |
|    entropy_loss       | 4.47      |
|    explained_variance | 0         |
|    learning_rate      | 0.0007    |
|    n_updates          | 39899     |
|    policy_loss        | -7.38e+03 |
|    reward             | 602.6603  |
|    std                | 0.0301    |
|    value_loss         | 3.75e+06  |
-------------------------------------
EPISODE:  201
------------------------------------
| time/                 |          |
|    fps                | 14       |
|    iterations         | 40000    |
|    time_elapsed       | 13590    |
|    total_timesteps    | 200000   |
| train/                |          |
|    entropy_loss       | 4.47     |
|    explained_variance | 0        |
|    learning_rate      | 0.0007   |
|    n_updates          | 39999    |
|    policy_loss        | -128     |
|    reward             | 7.101323 |
|    std                | 0.0301   |
|    value_loss         | 1.04e+03 |
------------------------------------
-------------------------------------
| time/                 |           |
|    fps                | 14        |
|    iterations         | 40100     |
|    time_elapsed       | 13625     |
|    total_timesteps    | 200500    |
| train/                |           |
|    entropy_loss       | 4.49      |
|    explained_variance | 0         |
|    learning_rate      | 0.0007    |
|    n_updates          | 40099     |
|    policy_loss        | -9.19e+03 |
|    reward             | 602.6603  |
|    std                | 0.0297    |
|    value_loss         | 3.74e+06  |
-------------------------------------
EPISODE:  202
------------------------------------
| time/                 |          |
|    fps                | 14       |
|    iterations         | 40200    |
|    time_elapsed       | 13659    |
|    total_timesteps    | 201000   |
| train/                |          |
|    entropy_loss       | 4.52     |
|    explained_variance | 0        |
|    learning_rate      | 0.0007   |
|    n_updates          | 40199    |
|    policy_loss        | -121     |
|    reward             | 7.101323 |
|    std                | 0.0293   |
|    value_loss         | 1.03e+03 |
------------------------------------
-------------------------------------
| time/                 |           |
|    fps                | 14        |
|    iterations         | 40300     |
|    time_elapsed       | 13694     |
|    total_timesteps    | 201500    |
| train/                |           |
|    entropy_loss       | 4.55      |
|    explained_variance | -2.38e-07 |
|    learning_rate      | 0.0007    |
|    n_updates          | 40299     |
|    policy_loss        | -8.86e+03 |
|    reward             | 602.6603  |
|    std                | 0.029     |
|    value_loss         | 3.74e+06  |
-------------------------------------
EPISODE:  203
------------------------------------
| time/                 |          |
|    fps                | 14       |
|    iterations         | 40400    |
|    time_elapsed       | 13728    |
|    total_timesteps    | 202000   |
| train/                |          |
|    entropy_loss       | 4.57     |
|    explained_variance | 1.19e-07 |
|    learning_rate      | 0.0007   |
|    n_updates          | 40399    |
|    policy_loss        | -88.8    |
|    reward             | 7.101323 |
|    std                | 0.0287   |
|    value_loss         | 1.02e+03 |
------------------------------------
-------------------------------------
| time/                 |           |
|    fps                | 14        |
|    iterations         | 40500     |
|    time_elapsed       | 13763     |
|    total_timesteps    | 202500    |
| train/                |           |
|    entropy_loss       | 4.6       |
|    explained_variance | 0         |
|    learning_rate      | 0.0007    |
|    n_updates          | 40499     |
|    policy_loss        | -7.91e+03 |
|    reward             | 602.6603  |
|    std                | 0.0283    |
|    value_loss         | 3.74e+06  |
-------------------------------------
EPISODE:  204
-------------------------------------
| time/                 |           |
|    fps                | 14        |
|    iterations         | 40600     |
|    time_elapsed       | 13797     |
|    total_timesteps    | 203000    |
| train/                |           |
|    entropy_loss       | 4.63      |
|    explained_variance | 0         |
|    learning_rate      | 0.0007    |
|    n_updates          | 40599     |
|    policy_loss        | -226      |
|    reward             | 10.308768 |
|    std                | 0.028     |
|    value_loss         | 2.74e+03  |
-------------------------------------
-------------------------------------
| time/                 |           |
|    fps                | 14        |
|    iterations         | 40700     |
|    time_elapsed       | 13831     |
|    total_timesteps    | 203500    |
| train/                |           |
|    entropy_loss       | 4.66      |
|    explained_variance | 1.19e-07  |
|    learning_rate      | 0.0007    |
|    n_updates          | 40699     |
|    policy_loss        | -1.05e+04 |
|    reward             | 690.9969  |
|    std                | 0.0278    |
|    value_loss         | 4.93e+06  |
-------------------------------------
EPISODE:  205
-------------------------------------
| time/                 |           |
|    fps                | 14        |
|    iterations         | 40800     |
|    time_elapsed       | 13866     |
|    total_timesteps    | 204000    |
| train/                |           |
|    entropy_loss       | 4.68      |
|    explained_variance | -1.19e-07 |
|    learning_rate      | 0.0007    |
|    n_updates          | 40799     |
|    policy_loss        | -674      |
|    reward             | 31.777954 |
|    std                | 0.0278    |
|    value_loss         | 3.76e+04  |
-------------------------------------
-------------------------------------
| time/                 |           |
|    fps                | 14        |
|    iterations         | 40900     |
|    time_elapsed       | 13900     |
|    total_timesteps    | 204500    |
| train/                |           |
|    entropy_loss       | 4.68      |
|    explained_variance | 1.19e-07  |
|    learning_rate      | 0.0007    |
|    n_updates          | 40899     |
|    policy_loss        | -8.06e+03 |
|    reward             | 705.4615  |
|    std                | 0.0279    |
|    value_loss         | 5.14e+06  |
-------------------------------------
EPISODE:  206
-------------------------------------
| time/                 |           |
|    fps                | 14        |
|    iterations         | 41000     |
|    time_elapsed       | 13935     |
|    total_timesteps    | 205000    |
| train/                |           |
|    entropy_loss       | 4.7       |
|    explained_variance | 0         |
|    learning_rate      | 0.0007    |
|    n_updates          | 40999     |
|    policy_loss        | -835      |
|    reward             | 35.590557 |
|    std                | 0.0275    |
|    value_loss         | 4.62e+04  |
-------------------------------------
-------------------------------------
| time/                 |           |
|    fps                | 14        |
|    iterations         | 41100     |
|    time_elapsed       | 13969     |
|    total_timesteps    | 205500    |
| train/                |           |
|    entropy_loss       | 4.72      |
|    explained_variance | 0         |
|    learning_rate      | 0.0007    |
|    n_updates          | 41099     |
|    policy_loss        | -1.03e+04 |
|    reward             | 707.1952  |
|    std                | 0.0275    |
|    value_loss         | 5.16e+06  |
-------------------------------------
EPISODE:  207
-------------------------------------
| time/                 |           |
|    fps                | 14        |
|    iterations         | 41200     |
|    time_elapsed       | 14004     |
|    total_timesteps    | 206000    |
| train/                |           |
|    entropy_loss       | 4.74      |
|    explained_variance | -1.19e-07 |
|    learning_rate      | 0.0007    |
|    n_updates          | 41199     |
|    policy_loss        | -1.02e+03 |
|    reward             | 35.67802  |
|    std                | 0.0272    |
|    value_loss         | 4.64e+04  |
-------------------------------------
-------------------------------------
| time/                 |           |
|    fps                | 14        |
|    iterations         | 41300     |
|    time_elapsed       | 14038     |
|    total_timesteps    | 206500    |
| train/                |           |
|    entropy_loss       | 4.77      |
|    explained_variance | -1.19e-07 |
|    learning_rate      | 0.0007    |
|    n_updates          | 41299     |
|    policy_loss        | -1.12e+04 |
|    reward             | 707.1952  |
|    std                | 0.0269    |
|    value_loss         | 5.16e+06  |
-------------------------------------
EPISODE:  208
------------------------------------
| time/                 |          |
|    fps                | 14       |
|    iterations         | 41400    |
|    time_elapsed       | 14072    |
|    total_timesteps    | 207000   |
| train/                |          |
|    entropy_loss       | 4.79     |
|    explained_variance | 0        |
|    learning_rate      | 0.0007   |
|    n_updates          | 41399    |
|    policy_loss        | -991     |
|    reward             | 35.67802 |
|    std                | 0.0268   |
|    value_loss         | 4.64e+04 |
------------------------------------
-------------------------------------
| time/                 |           |
|    fps                | 14        |
|    iterations         | 41500     |
|    time_elapsed       | 14107     |
|    total_timesteps    | 207500    |
| train/                |           |
|    entropy_loss       | 4.81      |
|    explained_variance | 0         |
|    learning_rate      | 0.0007    |
|    n_updates          | 41499     |
|    policy_loss        | -1.11e+04 |
|    reward             | 707.1952  |
|    std                | 0.0264    |
|    value_loss         | 5.16e+06  |
-------------------------------------
EPISODE:  209
-------------------------------------
| time/                 |           |
|    fps                | 14        |
|    iterations         | 41600     |
|    time_elapsed       | 14141     |
|    total_timesteps    | 208000    |
| train/                |           |
|    entropy_loss       | 4.82      |
|    explained_variance | 1.19e-07  |
|    learning_rate      | 0.0007    |
|    n_updates          | 41599     |
|    policy_loss        | -1.06e+03 |
|    reward             | 35.67802  |
|    std                | 0.0262    |
|    value_loss         | 4.63e+04  |
-------------------------------------
-------------------------------------
| time/                 |           |
|    fps                | 14        |
|    iterations         | 41700     |
|    time_elapsed       | 14176     |
|    total_timesteps    | 208500    |
| train/                |           |
|    entropy_loss       | 4.84      |
|    explained_variance | 1.19e-07  |
|    learning_rate      | 0.0007    |
|    n_updates          | 41699     |
|    policy_loss        | -1.15e+04 |
|    reward             | 707.1952  |
|    std                | 0.0261    |
|    value_loss         | 5.16e+06  |
-------------------------------------
EPISODE:  210
-------------------------------------
| time/                 |           |
|    fps                | 14        |
|    iterations         | 41800     |
|    time_elapsed       | 14210     |
|    total_timesteps    | 209000    |
| train/                |           |
|    entropy_loss       | 4.86      |
|    explained_variance | 0         |
|    learning_rate      | 0.0007    |
|    n_updates          | 41799     |
|    policy_loss        | -1.01e+03 |
|    reward             | 35.67802  |
|    std                | 0.0259    |
|    value_loss         | 4.62e+04  |
-------------------------------------
-------------------------------------
| time/                 |           |
|    fps                | 14        |
|    iterations         | 41900     |
|    time_elapsed       | 14244     |
|    total_timesteps    | 209500    |
| train/                |           |
|    entropy_loss       | 4.87      |
|    explained_variance | 0         |
|    learning_rate      | 0.0007    |
|    n_updates          | 41899     |
|    policy_loss        | -1.12e+04 |
|    reward             | 707.1952  |
|    std                | 0.0258    |
|    value_loss         | 5.16e+06  |
-------------------------------------
EPISODE:  211
-------------------------------------
| time/                 |           |
|    fps                | 14        |
|    iterations         | 42000     |
|    time_elapsed       | 14279     |
|    total_timesteps    | 210000    |
| train/                |           |
|    entropy_loss       | 4.89      |
|    explained_variance | 0         |
|    learning_rate      | 0.0007    |
|    n_updates          | 41999     |
|    policy_loss        | -1.04e+03 |
|    reward             | 35.67802  |
|    std                | 0.0255    |
|    value_loss         | 4.61e+04  |
-------------------------------------
-------------------------------------
| time/                 |           |
|    fps                | 14        |
|    iterations         | 42100     |
|    time_elapsed       | 14313     |
|    total_timesteps    | 210500    |
| train/                |           |
|    entropy_loss       | 4.92      |
|    explained_variance | 5.96e-08  |
|    learning_rate      | 0.0007    |
|    n_updates          | 42099     |
|    policy_loss        | -9.21e+03 |
|    reward             | 707.1952  |
|    std                | 0.0252    |
|    value_loss         | 5.16e+06  |
-------------------------------------
EPISODE:  212
------------------------------------
| time/                 |          |
|    fps                | 14       |
|    iterations         | 42200    |
|    time_elapsed       | 14348    |
|    total_timesteps    | 211000   |
| train/                |          |
|    entropy_loss       | 4.94     |
|    explained_variance | 0        |
|    learning_rate      | 0.0007   |
|    n_updates          | 42199    |
|    policy_loss        | -888     |
|    reward             | 35.67802 |
|    std                | 0.0251   |
|    value_loss         | 4.6e+04  |
------------------------------------
-------------------------------------
| time/                 |           |
|    fps                | 14        |
|    iterations         | 42300     |
|    time_elapsed       | 14383     |
|    total_timesteps    | 211500    |
| train/                |           |
|    entropy_loss       | 4.95      |
|    explained_variance | 1.19e-07  |
|    learning_rate      | 0.0007    |
|    n_updates          | 42299     |
|    policy_loss        | -8.43e+03 |
|    reward             | 707.1952  |
|    std                | 0.025     |
|    value_loss         | 5.16e+06  |
-------------------------------------
EPISODE:  213
------------------------------------
| time/                 |          |
|    fps                | 14       |
|    iterations         | 42400    |
|    time_elapsed       | 14418    |
|    total_timesteps    | 212000   |
| train/                |          |
|    entropy_loss       | 4.96     |
|    explained_variance | 0        |
|    learning_rate      | 0.0007   |
|    n_updates          | 42399    |
|    policy_loss        | -955     |
|    reward             | 35.67802 |
|    std                | 0.0247   |
|    value_loss         | 4.6e+04  |
------------------------------------
-------------------------------------
| time/                 |           |
|    fps                | 14        |
|    iterations         | 42500     |
|    time_elapsed       | 14452     |
|    total_timesteps    | 212500    |
| train/                |           |
|    entropy_loss       | 4.99      |
|    explained_variance | 0         |
|    learning_rate      | 0.0007    |
|    n_updates          | 42499     |
|    policy_loss        | -9.39e+03 |
|    reward             | 707.1952  |
|    std                | 0.0244    |
|    value_loss         | 5.15e+06  |
-------------------------------------
EPISODE:  214
------------------------------------
| time/                 |          |
|    fps                | 14       |
|    iterations         | 42600    |
|    time_elapsed       | 14487    |
|    total_timesteps    | 213000   |
| train/                |          |
|    entropy_loss       | 5        |
|    explained_variance | 0        |
|    learning_rate      | 0.0007   |
|    n_updates          | 42599    |
|    policy_loss        | -938     |
|    reward             | 35.67802 |
|    std                | 0.0243   |
|    value_loss         | 4.59e+04 |
------------------------------------
-------------------------------------
| time/                 |           |
|    fps                | 14        |
|    iterations         | 42700     |
|    time_elapsed       | 14521     |
|    total_timesteps    | 213500    |
| train/                |           |
|    entropy_loss       | 5.02      |
|    explained_variance | 0         |
|    learning_rate      | 0.0007    |
|    n_updates          | 42699     |
|    policy_loss        | -9.47e+03 |
|    reward             | 707.1952  |
|    std                | 0.0241    |
|    value_loss         | 5.15e+06  |
-------------------------------------
EPISODE:  215
------------------------------------
| time/                 |          |
|    fps                | 14       |
|    iterations         | 42800    |
|    time_elapsed       | 14556    |
|    total_timesteps    | 214000   |
| train/                |          |
|    entropy_loss       | 5.03     |
|    explained_variance | 0        |
|    learning_rate      | 0.0007   |
|    n_updates          | 42799    |
|    policy_loss        | -977     |
|    reward             | 35.67802 |
|    std                | 0.0241   |
|    value_loss         | 4.58e+04 |
------------------------------------
-------------------------------------
| time/                 |           |
|    fps                | 14        |
|    iterations         | 42900     |
|    time_elapsed       | 14590     |
|    total_timesteps    | 214500    |
| train/                |           |
|    entropy_loss       | 5.06      |
|    explained_variance | 0         |
|    learning_rate      | 0.0007    |
|    n_updates          | 42899     |
|    policy_loss        | -1.16e+04 |
|    reward             | 707.1952  |
|    std                | 0.0238    |
|    value_loss         | 5.15e+06  |
-------------------------------------
EPISODE:  216
------------------------------------
| time/                 |          |
|    fps                | 14       |
|    iterations         | 43000    |
|    time_elapsed       | 14624    |
|    total_timesteps    | 215000   |
| train/                |          |
|    entropy_loss       | 5.07     |
|    explained_variance | 0        |
|    learning_rate      | 0.0007   |
|    n_updates          | 42999    |
|    policy_loss        | -827     |
|    reward             | 35.67802 |
|    std                | 0.0235   |
|    value_loss         | 4.57e+04 |
------------------------------------
-------------------------------------
| time/                 |           |
|    fps                | 14        |
|    iterations         | 43100     |
|    time_elapsed       | 14659     |
|    total_timesteps    | 215500    |
| train/                |           |
|    entropy_loss       | 5.09      |
|    explained_variance | 0         |
|    learning_rate      | 0.0007    |
|    n_updates          | 43099     |
|    policy_loss        | -1.04e+04 |
|    reward             | 707.1952  |
|    std                | 0.0233    |
|    value_loss         | 5.15e+06  |
-------------------------------------
EPISODE:  217
-------------------------------------
| time/                 |           |
|    fps                | 14        |
|    iterations         | 43200     |
|    time_elapsed       | 14693     |
|    total_timesteps    | 216000    |
| train/                |           |
|    entropy_loss       | 5.1       |
|    explained_variance | -1.19e-07 |
|    learning_rate      | 0.0007    |
|    n_updates          | 43199     |
|    policy_loss        | -1e+03    |
|    reward             | 35.67802  |
|    std                | 0.0231    |
|    value_loss         | 4.56e+04  |
-------------------------------------
-------------------------------------
| time/                 |           |
|    fps                | 14        |
|    iterations         | 43300     |
|    time_elapsed       | 14727     |
|    total_timesteps    | 216500    |
| train/                |           |
|    entropy_loss       | 5.12      |
|    explained_variance | 0         |
|    learning_rate      | 0.0007    |
|    n_updates          | 43299     |
|    policy_loss        | -1.05e+04 |
|    reward             | 707.1952  |
|    std                | 0.0231    |
|    value_loss         | 5.15e+06  |
-------------------------------------
EPISODE:  218
-------------------------------------
| time/                 |           |
|    fps                | 14        |
|    iterations         | 43400     |
|    time_elapsed       | 14762     |
|    total_timesteps    | 217000    |
| train/                |           |
|    entropy_loss       | 5.13      |
|    explained_variance | 1.19e-07  |
|    learning_rate      | 0.0007    |
|    n_updates          | 43399     |
|    policy_loss        | -1.02e+03 |
|    reward             | 35.67802  |
|    std                | 0.0229    |
|    value_loss         | 4.56e+04  |
-------------------------------------
-------------------------------------
| time/                 |           |
|    fps                | 14        |
|    iterations         | 43500     |
|    time_elapsed       | 14796     |
|    total_timesteps    | 217500    |
| train/                |           |
|    entropy_loss       | 5.16      |
|    explained_variance | 0         |
|    learning_rate      | 0.0007    |
|    n_updates          | 43499     |
|    policy_loss        | -1.11e+04 |
|    reward             | 707.1952  |
|    std                | 0.0227    |
|    value_loss         | 5.15e+06  |
-------------------------------------
EPISODE:  219
-------------------------------------
| time/                 |           |
|    fps                | 14        |
|    iterations         | 43600     |
|    time_elapsed       | 14831     |
|    total_timesteps    | 218000    |
| train/                |           |
|    entropy_loss       | 5.17      |
|    explained_variance | 0         |
|    learning_rate      | 0.0007    |
|    n_updates          | 43599     |
|    policy_loss        | -1.06e+03 |
|    reward             | 35.67802  |
|    std                | 0.0227    |
|    value_loss         | 4.55e+04  |
-------------------------------------
------------------------------------
| time/                 |          |
|    fps                | 14       |
|    iterations         | 43700    |
|    time_elapsed       | 14865    |
|    total_timesteps    | 218500   |
| train/                |          |
|    entropy_loss       | 5.2      |
|    explained_variance | 0        |
|    learning_rate      | 0.0007   |
|    n_updates          | 43699    |
|    policy_loss        | -1.1e+04 |
|    reward             | 707.1952 |
|    std                | 0.0224   |
|    value_loss         | 5.15e+06 |
------------------------------------
EPISODE:  220
-------------------------------------
| time/                 |           |
|    fps                | 14        |
|    iterations         | 43800     |
|    time_elapsed       | 14899     |
|    total_timesteps    | 219000    |
| train/                |           |
|    entropy_loss       | 5.24      |
|    explained_variance | 0         |
|    learning_rate      | 0.0007    |
|    n_updates          | 43799     |
|    policy_loss        | -1.04e+03 |
|    reward             | 35.67802  |
|    std                | 0.0219    |
|    value_loss         | 4.54e+04  |
-------------------------------------
-------------------------------------
| time/                 |           |
|    fps                | 14        |
|    iterations         | 43900     |
|    time_elapsed       | 14934     |
|    total_timesteps    | 219500    |
| train/                |           |
|    entropy_loss       | 5.25      |
|    explained_variance | -1.19e-07 |
|    learning_rate      | 0.0007    |
|    n_updates          | 43899     |
|    policy_loss        | -1.23e+04 |
|    reward             | 707.1952  |
|    std                | 0.0218    |
|    value_loss         | 5.15e+06  |
-------------------------------------
EPISODE:  221
-------------------------------------
| time/                 |           |
|    fps                | 14        |
|    iterations         | 44000     |
|    time_elapsed       | 14968     |
|    total_timesteps    | 220000    |
| train/                |           |
|    entropy_loss       | 5.28      |
|    explained_variance | -1.19e-07 |
|    learning_rate      | 0.0007    |
|    n_updates          | 43999     |
|    policy_loss        | -997      |
|    reward             | 35.67802  |
|    std                | 0.0215    |
|    value_loss         | 4.53e+04  |
-------------------------------------
-------------------------------------
| time/                 |           |
|    fps                | 14        |
|    iterations         | 44100     |
|    time_elapsed       | 15002     |
|    total_timesteps    | 220500    |
| train/                |           |
|    entropy_loss       | 5.29      |
|    explained_variance | 0         |
|    learning_rate      | 0.0007    |
|    n_updates          | 44099     |
|    policy_loss        | -1.03e+04 |
|    reward             | 707.1952  |
|    std                | 0.0213    |
|    value_loss         | 5.15e+06  |
-------------------------------------
EPISODE:  222
------------------------------------
| time/                 |          |
|    fps                | 14       |
|    iterations         | 44200    |
|    time_elapsed       | 15037    |
|    total_timesteps    | 221000   |
| train/                |          |
|    entropy_loss       | 5.32     |
|    explained_variance | 1.19e-07 |
|    learning_rate      | 0.0007   |
|    n_updates          | 44199    |
|    policy_loss        | -842     |
|    reward             | 35.67802 |
|    std                | 0.0211   |
|    value_loss         | 4.53e+04 |
------------------------------------
-------------------------------------
| time/                 |           |
|    fps                | 14        |
|    iterations         | 44300     |
|    time_elapsed       | 15071     |
|    total_timesteps    | 221500    |
| train/                |           |
|    entropy_loss       | 5.33      |
|    explained_variance | 0         |
|    learning_rate      | 0.0007    |
|    n_updates          | 44299     |
|    policy_loss        | -1.12e+04 |
|    reward             | 707.1952  |
|    std                | 0.021     |
|    value_loss         | 5.15e+06  |
-------------------------------------
EPISODE:  223
-------------------------------------
| time/                 |           |
|    fps                | 14        |
|    iterations         | 44400     |
|    time_elapsed       | 15106     |
|    total_timesteps    | 222000    |
| train/                |           |
|    entropy_loss       | 5.35      |
|    explained_variance | 0         |
|    learning_rate      | 0.0007    |
|    n_updates          | 44399     |
|    policy_loss        | -1.01e+03 |
|    reward             | 35.67802  |
|    std                | 0.0208    |
|    value_loss         | 4.52e+04  |
-------------------------------------
-------------------------------------
| time/                 |           |
|    fps                | 14        |
|    iterations         | 44500     |
|    time_elapsed       | 15140     |
|    total_timesteps    | 222500    |
| train/                |           |
|    entropy_loss       | 5.39      |
|    explained_variance | 5.96e-08  |
|    learning_rate      | 0.0007    |
|    n_updates          | 44499     |
|    policy_loss        | -1.15e+04 |
|    reward             | 707.1952  |
|    std                | 0.0205    |
|    value_loss         | 5.15e+06  |
-------------------------------------
EPISODE:  224
-------------------------------------
| time/                 |           |
|    fps                | 14        |
|    iterations         | 44600     |
|    time_elapsed       | 15175     |
|    total_timesteps    | 223000    |
| train/                |           |
|    entropy_loss       | 5.4       |
|    explained_variance | 0         |
|    learning_rate      | 0.0007    |
|    n_updates          | 44599     |
|    policy_loss        | -1.09e+03 |
|    reward             | 35.67802  |
|    std                | 0.0204    |
|    value_loss         | 4.51e+04  |
-------------------------------------
-------------------------------------
| time/                 |           |
|    fps                | 14        |
|    iterations         | 44700     |
|    time_elapsed       | 15209     |
|    total_timesteps    | 223500    |
| train/                |           |
|    entropy_loss       | 5.42      |
|    explained_variance | 0         |
|    learning_rate      | 0.0007    |
|    n_updates          | 44699     |
|    policy_loss        | -1.06e+04 |
|    reward             | 707.1952  |
|    std                | 0.0203    |
|    value_loss         | 5.15e+06  |
-------------------------------------
EPISODE:  225
-------------------------------------
| time/                 |           |
|    fps                | 14        |
|    iterations         | 44800     |
|    time_elapsed       | 15243     |
|    total_timesteps    | 224000    |
| train/                |           |
|    entropy_loss       | 5.44      |
|    explained_variance | -1.19e-07 |
|    learning_rate      | 0.0007    |
|    n_updates          | 44799     |
|    policy_loss        | -1.07e+03 |
|    reward             | 35.67802  |
|    std                | 0.0202    |
|    value_loss         | 4.5e+04   |
-------------------------------------
-------------------------------------
| time/                 |           |
|    fps                | 14        |
|    iterations         | 44900     |
|    time_elapsed       | 15278     |
|    total_timesteps    | 224500    |
| train/                |           |
|    entropy_loss       | 5.46      |
|    explained_variance | 0         |
|    learning_rate      | 0.0007    |
|    n_updates          | 44899     |
|    policy_loss        | -1.17e+04 |
|    reward             | 707.1952  |
|    std                | 0.0201    |
|    value_loss         | 5.15e+06  |
-------------------------------------
EPISODE:  226
------------------------------------
| time/                 |          |
|    fps                | 14       |
|    iterations         | 45000    |
|    time_elapsed       | 15313    |
|    total_timesteps    | 225000   |
| train/                |          |
|    entropy_loss       | 5.47     |
|    explained_variance | 0        |
|    learning_rate      | 0.0007   |
|    n_updates          | 44999    |
|    policy_loss        | -833     |
|    reward             | 35.67802 |
|    std                | 0.02     |
|    value_loss         | 4.5e+04  |
------------------------------------
-------------------------------------
| time/                 |           |
|    fps                | 14        |
|    iterations         | 45100     |
|    time_elapsed       | 15348     |
|    total_timesteps    | 225500    |
| train/                |           |
|    entropy_loss       | 5.48      |
|    explained_variance | 0         |
|    learning_rate      | 0.0007    |
|    n_updates          | 45099     |
|    policy_loss        | -1.28e+04 |
|    reward             | 707.1952  |
|    std                | 0.0199    |
|    value_loss         | 5.14e+06  |
-------------------------------------
EPISODE:  227
-------------------------------------
| time/                 |           |
|    fps                | 14        |
|    iterations         | 45200     |
|    time_elapsed       | 15382     |
|    total_timesteps    | 226000    |
| train/                |           |
|    entropy_loss       | 5.5       |
|    explained_variance | -1.19e-07 |
|    learning_rate      | 0.0007    |
|    n_updates          | 45199     |
|    policy_loss        | -1.13e+03 |
|    reward             | 35.67802  |
|    std                | 0.0198    |
|    value_loss         | 4.49e+04  |
-------------------------------------
-------------------------------------
| time/                 |           |
|    fps                | 14        |
|    iterations         | 45300     |
|    time_elapsed       | 15417     |
|    total_timesteps    | 226500    |
| train/                |           |
|    entropy_loss       | 5.52      |
|    explained_variance | -1.19e-07 |
|    learning_rate      | 0.0007    |
|    n_updates          | 45299     |
|    policy_loss        | -1.21e+04 |
|    reward             | 707.1952  |
|    std                | 0.0196    |
|    value_loss         | 5.14e+06  |
-------------------------------------
EPISODE:  228
-------------------------------------
| time/                 |           |
|    fps                | 14        |
|    iterations         | 45400     |
|    time_elapsed       | 15451     |
|    total_timesteps    | 227000    |
| train/                |           |
|    entropy_loss       | 5.54      |
|    explained_variance | 0         |
|    learning_rate      | 0.0007    |
|    n_updates          | 45399     |
|    policy_loss        | -1.07e+03 |
|    reward             | 35.67802  |
|    std                | 0.0195    |
|    value_loss         | 4.48e+04  |
-------------------------------------
-------------------------------------
| time/                 |           |
|    fps                | 14        |
|    iterations         | 45500     |
|    time_elapsed       | 15486     |
|    total_timesteps    | 227500    |
| train/                |           |
|    entropy_loss       | 5.57      |
|    explained_variance | -1.19e-07 |
|    learning_rate      | 0.0007    |
|    n_updates          | 45499     |
|    policy_loss        | -1.09e+04 |
|    reward             | 707.1952  |
|    std                | 0.0191    |
|    value_loss         | 5.14e+06  |
-------------------------------------
EPISODE:  229
-------------------------------------
| time/                 |           |
|    fps                | 14        |
|    iterations         | 45600     |
|    time_elapsed       | 15520     |
|    total_timesteps    | 228000    |
| train/                |           |
|    entropy_loss       | 5.58      |
|    explained_variance | 0         |
|    learning_rate      | 0.0007    |
|    n_updates          | 45599     |
|    policy_loss        | -1.09e+03 |
|    reward             | 35.67802  |
|    std                | 0.0191    |
|    value_loss         | 4.47e+04  |
-------------------------------------
-------------------------------------
| time/                 |           |
|    fps                | 14        |
|    iterations         | 45700     |
|    time_elapsed       | 15555     |
|    total_timesteps    | 228500    |
| train/                |           |
|    entropy_loss       | 5.59      |
|    explained_variance | -1.19e-07 |
|    learning_rate      | 0.0007    |
|    n_updates          | 45699     |
|    policy_loss        | -1.06e+04 |
|    reward             | 707.1952  |
|    std                | 0.019     |
|    value_loss         | 5.14e+06  |
-------------------------------------
EPISODE:  230
------------------------------------
| time/                 |          |
|    fps                | 14       |
|    iterations         | 45800    |
|    time_elapsed       | 15589    |
|    total_timesteps    | 229000   |
| train/                |          |
|    entropy_loss       | 5.6      |
|    explained_variance | 0        |
|    learning_rate      | 0.0007   |
|    n_updates          | 45799    |
|    policy_loss        | -959     |
|    reward             | 35.67802 |
|    std                | 0.0189   |
|    value_loss         | 4.46e+04 |
------------------------------------
-------------------------------------
| time/                 |           |
|    fps                | 14        |
|    iterations         | 45900     |
|    time_elapsed       | 15624     |
|    total_timesteps    | 229500    |
| train/                |           |
|    entropy_loss       | 5.63      |
|    explained_variance | -1.19e-07 |
|    learning_rate      | 0.0007    |
|    n_updates          | 45899     |
|    policy_loss        | -1.18e+04 |
|    reward             | 707.1952  |
|    std                | 0.0188    |
|    value_loss         | 5.14e+06  |
-------------------------------------
EPISODE:  231
-------------------------------------
| time/                 |           |
|    fps                | 14        |
|    iterations         | 46000     |
|    time_elapsed       | 15658     |
|    total_timesteps    | 230000    |
| train/                |           |
|    entropy_loss       | 5.63      |
|    explained_variance | 0         |
|    learning_rate      | 0.0007    |
|    n_updates          | 45999     |
|    policy_loss        | -1.08e+03 |
|    reward             | 35.67802  |
|    std                | 0.0187    |
|    value_loss         | 4.46e+04  |
-------------------------------------
-------------------------------------
| time/                 |           |
|    fps                | 14        |
|    iterations         | 46100     |
|    time_elapsed       | 15692     |
|    total_timesteps    | 230500    |
| train/                |           |
|    entropy_loss       | 5.65      |
|    explained_variance | 0         |
|    learning_rate      | 0.0007    |
|    n_updates          | 46099     |
|    policy_loss        | -1.17e+04 |
|    reward             | 707.1952  |
|    std                | 0.0187    |
|    value_loss         | 5.14e+06  |
-------------------------------------
EPISODE:  232
------------------------------------
| time/                 |          |
|    fps                | 14       |
|    iterations         | 46200    |
|    time_elapsed       | 15727    |
|    total_timesteps    | 231000   |
| train/                |          |
|    entropy_loss       | 5.66     |
|    explained_variance | 0        |
|    learning_rate      | 0.0007   |
|    n_updates          | 46199    |
|    policy_loss        | -909     |
|    reward             | 35.67802 |
|    std                | 0.0187   |
|    value_loss         | 4.45e+04 |
------------------------------------
-------------------------------------
| time/                 |           |
|    fps                | 14        |
|    iterations         | 46300     |
|    time_elapsed       | 15761     |
|    total_timesteps    | 231500    |
| train/                |           |
|    entropy_loss       | 5.66      |
|    explained_variance | 1.19e-07  |
|    learning_rate      | 0.0007    |
|    n_updates          | 46299     |
|    policy_loss        | -1.11e+04 |
|    reward             | 707.1952  |
|    std                | 0.0188    |
|    value_loss         | 5.14e+06  |
-------------------------------------
EPISODE:  233
-------------------------------------
| time/                 |           |
|    fps                | 14        |
|    iterations         | 46400     |
|    time_elapsed       | 15796     |
|    total_timesteps    | 232000    |
| train/                |           |
|    entropy_loss       | 5.67      |
|    explained_variance | 0         |
|    learning_rate      | 0.0007    |
|    n_updates          | 46399     |
|    policy_loss        | -1.14e+03 |
|    reward             | 35.67802  |
|    std                | 0.0187    |
|    value_loss         | 4.44e+04  |
-------------------------------------
-------------------------------------
| time/                 |           |
|    fps                | 14        |
|    iterations         | 46500     |
|    time_elapsed       | 15830     |
|    total_timesteps    | 232500    |
| train/                |           |
|    entropy_loss       | 5.7       |
|    explained_variance | 5.96e-08  |
|    learning_rate      | 0.0007    |
|    n_updates          | 46499     |
|    policy_loss        | -1.26e+04 |
|    reward             | 707.1952  |
|    std                | 0.0186    |
|    value_loss         | 5.14e+06  |
-------------------------------------
EPISODE:  234
-------------------------------------
| time/                 |           |
|    fps                | 14        |
|    iterations         | 46600     |
|    time_elapsed       | 15864     |
|    total_timesteps    | 233000    |
| train/                |           |
|    entropy_loss       | 5.73      |
|    explained_variance | 0         |
|    learning_rate      | 0.0007    |
|    n_updates          | 46599     |
|    policy_loss        | -1.08e+03 |
|    reward             | 35.67802  |
|    std                | 0.0185    |
|    value_loss         | 4.44e+04  |
-------------------------------------
-------------------------------------
| time/                 |           |
|    fps                | 14        |
|    iterations         | 46700     |
|    time_elapsed       | 15899     |
|    total_timesteps    | 233500    |
| train/                |           |
|    entropy_loss       | 5.76      |
|    explained_variance | 0         |
|    learning_rate      | 0.0007    |
|    n_updates          | 46699     |
|    policy_loss        | -1.03e+04 |
|    reward             | 707.1952  |
|    std                | 0.0182    |
|    value_loss         | 5.14e+06  |
-------------------------------------
EPISODE:  235
-------------------------------------
| time/                 |           |
|    fps                | 14        |
|    iterations         | 46800     |
|    time_elapsed       | 15933     |
|    total_timesteps    | 234000    |
| train/                |           |
|    entropy_loss       | 5.79      |
|    explained_variance | -1.19e-07 |
|    learning_rate      | 0.0007    |
|    n_updates          | 46799     |
|    policy_loss        | -1.07e+03 |
|    reward             | 35.67802  |
|    std                | 0.0181    |
|    value_loss         | 4.43e+04  |
-------------------------------------
-------------------------------------
| time/                 |           |
|    fps                | 14        |
|    iterations         | 46900     |
|    time_elapsed       | 15968     |
|    total_timesteps    | 234500    |
| train/                |           |
|    entropy_loss       | 5.8       |
|    explained_variance | -2.38e-07 |
|    learning_rate      | 0.0007    |
|    n_updates          | 46899     |
|    policy_loss        | -1.15e+04 |
|    reward             | 707.1952  |
|    std                | 0.018     |
|    value_loss         | 5.14e+06  |
-------------------------------------
EPISODE:  236
-------------------------------------
| time/                 |           |
|    fps                | 14        |
|    iterations         | 47000     |
|    time_elapsed       | 16002     |
|    total_timesteps    | 235000    |
| train/                |           |
|    entropy_loss       | 5.8       |
|    explained_variance | 0         |
|    learning_rate      | 0.0007    |
|    n_updates          | 46999     |
|    policy_loss        | -1.11e+03 |
|    reward             | 35.67802  |
|    std                | 0.0181    |
|    value_loss         | 4.42e+04  |
-------------------------------------
-------------------------------------
| time/                 |           |
|    fps                | 14        |
|    iterations         | 47100     |
|    time_elapsed       | 16036     |
|    total_timesteps    | 235500    |
| train/                |           |
|    entropy_loss       | 5.82      |
|    explained_variance | -2.38e-07 |
|    learning_rate      | 0.0007    |
|    n_updates          | 47099     |
|    policy_loss        | -1.2e+04  |
|    reward             | 707.1952  |
|    std                | 0.018     |
|    value_loss         | 5.14e+06  |
-------------------------------------
EPISODE:  237
------------------------------------
| time/                 |          |
|    fps                | 14       |
|    iterations         | 47200    |
|    time_elapsed       | 16071    |
|    total_timesteps    | 236000   |
| train/                |          |
|    entropy_loss       | 5.83     |
|    explained_variance | 0        |
|    learning_rate      | 0.0007   |
|    n_updates          | 47199    |
|    policy_loss        | -1.2e+03 |
|    reward             | 35.67802 |
|    std                | 0.0179   |
|    value_loss         | 4.41e+04 |
------------------------------------
-------------------------------------
| time/                 |           |
|    fps                | 14        |
|    iterations         | 47300     |
|    time_elapsed       | 16105     |
|    total_timesteps    | 236500    |
| train/                |           |
|    entropy_loss       | 5.87      |
|    explained_variance | -2.38e-07 |
|    learning_rate      | 0.0007    |
|    n_updates          | 47299     |
|    policy_loss        | -1.29e+04 |
|    reward             | 707.1952  |
|    std                | 0.0176    |
|    value_loss         | 5.14e+06  |
-------------------------------------
EPISODE:  238
-------------------------------------
| time/                 |           |
|    fps                | 14        |
|    iterations         | 47400     |
|    time_elapsed       | 16139     |
|    total_timesteps    | 237000    |
| train/                |           |
|    entropy_loss       | 5.89      |
|    explained_variance | 1.19e-07  |
|    learning_rate      | 0.0007    |
|    n_updates          | 47399     |
|    policy_loss        | -1.24e+03 |
|    reward             | 35.67802  |
|    std                | 0.0174    |
|    value_loss         | 4.41e+04  |
-------------------------------------
-------------------------------------
| time/                 |           |
|    fps                | 14        |
|    iterations         | 47500     |
|    time_elapsed       | 16174     |
|    total_timesteps    | 237500    |
| train/                |           |
|    entropy_loss       | 5.92      |
|    explained_variance | 0         |
|    learning_rate      | 0.0007    |
|    n_updates          | 47499     |
|    policy_loss        | -1.28e+04 |
|    reward             | 707.1952  |
|    std                | 0.0172    |
|    value_loss         | 5.13e+06  |
-------------------------------------
EPISODE:  239
-------------------------------------
| time/                 |           |
|    fps                | 14        |
|    iterations         | 47600     |
|    time_elapsed       | 16208     |
|    total_timesteps    | 238000    |
| train/                |           |
|    entropy_loss       | 5.94      |
|    explained_variance | 0         |
|    learning_rate      | 0.0007    |
|    n_updates          | 47599     |
|    policy_loss        | -1.03e+03 |
|    reward             | 35.67802  |
|    std                | 0.0169    |
|    value_loss         | 4.4e+04   |
-------------------------------------
-------------------------------------
| time/                 |           |
|    fps                | 14        |
|    iterations         | 47700     |
|    time_elapsed       | 16244     |
|    total_timesteps    | 238500    |
| train/                |           |
|    entropy_loss       | 5.95      |
|    explained_variance | 0         |
|    learning_rate      | 0.0007    |
|    n_updates          | 47699     |
|    policy_loss        | -9.38e+03 |
|    reward             | 707.1952  |
|    std                | 0.0168    |
|    value_loss         | 5.13e+06  |
-------------------------------------
EPISODE:  240
------------------------------------
| time/                 |          |
|    fps                | 14       |
|    iterations         | 47800    |
|    time_elapsed       | 16278    |
|    total_timesteps    | 239000   |
| train/                |          |
|    entropy_loss       | 5.97     |
|    explained_variance | 0        |
|    learning_rate      | 0.0007   |
|    n_updates          | 47799    |
|    policy_loss        | -910     |
|    reward             | 35.67802 |
|    std                | 0.0167   |
|    value_loss         | 4.39e+04 |
------------------------------------
-------------------------------------
| time/                 |           |
|    fps                | 14        |
|    iterations         | 47900     |
|    time_elapsed       | 16313     |
|    total_timesteps    | 239500    |
| train/                |           |
|    entropy_loss       | 5.99      |
|    explained_variance | 0         |
|    learning_rate      | 0.0007    |
|    n_updates          | 47899     |
|    policy_loss        | -1.24e+04 |
|    reward             | 707.1952  |
|    std                | 0.0165    |
|    value_loss         | 5.13e+06  |
-------------------------------------
EPISODE:  241
-------------------------------------
| time/                 |           |
|    fps                | 14        |
|    iterations         | 48000     |
|    time_elapsed       | 16347     |
|    total_timesteps    | 240000    |
| train/                |           |
|    entropy_loss       | 6         |
|    explained_variance | 0         |
|    learning_rate      | 0.0007    |
|    n_updates          | 47999     |
|    policy_loss        | -1.11e+03 |
|    reward             | 35.67802  |
|    std                | 0.0165    |
|    value_loss         | 4.39e+04  |
-------------------------------------
-------------------------------------
| time/                 |           |
|    fps                | 14        |
|    iterations         | 48100     |
|    time_elapsed       | 16382     |
|    total_timesteps    | 240500    |
| train/                |           |
|    entropy_loss       | 6.01      |
|    explained_variance | -1.19e-07 |
|    learning_rate      | 0.0007    |
|    n_updates          | 48099     |
|    policy_loss        | -1.4e+04  |
|    reward             | 707.1952  |
|    std                | 0.0164    |
|    value_loss         | 5.13e+06  |
-------------------------------------
EPISODE:  242
-------------------------------------
| time/                 |           |
|    fps                | 14        |
|    iterations         | 48200     |
|    time_elapsed       | 16416     |
|    total_timesteps    | 241000    |
| train/                |           |
|    entropy_loss       | 6.03      |
|    explained_variance | -1.19e-07 |
|    learning_rate      | 0.0007    |
|    n_updates          | 48199     |
|    policy_loss        | -1.07e+03 |
|    reward             | 35.67802  |
|    std                | 0.0162    |
|    value_loss         | 4.38e+04  |
-------------------------------------
-------------------------------------
| time/                 |           |
|    fps                | 14        |
|    iterations         | 48300     |
|    time_elapsed       | 16451     |
|    total_timesteps    | 241500    |
| train/                |           |
|    entropy_loss       | 6.03      |
|    explained_variance | 0         |
|    learning_rate      | 0.0007    |
|    n_updates          | 48299     |
|    policy_loss        | -1.34e+04 |
|    reward             | 707.1952  |
|    std                | 0.0162    |
|    value_loss         | 5.13e+06  |
-------------------------------------
EPISODE:  243
-------------------------------------
| time/                 |           |
|    fps                | 14        |
|    iterations         | 48400     |
|    time_elapsed       | 16485     |
|    total_timesteps    | 242000    |
| train/                |           |
|    entropy_loss       | 6.04      |
|    explained_variance | 0         |
|    learning_rate      | 0.0007    |
|    n_updates          | 48399     |
|    policy_loss        | -1.17e+03 |
|    reward             | 35.67802  |
|    std                | 0.0162    |
|    value_loss         | 4.38e+04  |
-------------------------------------
-------------------------------------
| time/                 |           |
|    fps                | 14        |
|    iterations         | 48500     |
|    time_elapsed       | 16519     |
|    total_timesteps    | 242500    |
| train/                |           |
|    entropy_loss       | 6.07      |
|    explained_variance | 0         |
|    learning_rate      | 0.0007    |
|    n_updates          | 48499     |
|    policy_loss        | -1.21e+04 |
|    reward             | 707.1952  |
|    std                | 0.0161    |
|    value_loss         | 5.13e+06  |
-------------------------------------
EPISODE:  244
-------------------------------------
| time/                 |           |
|    fps                | 14        |
|    iterations         | 48600     |
|    time_elapsed       | 16554     |
|    total_timesteps    | 243000    |
| train/                |           |
|    entropy_loss       | 6.1       |
|    explained_variance | 0         |
|    learning_rate      | 0.0007    |
|    n_updates          | 48599     |
|    policy_loss        | -1.14e+03 |
|    reward             | 35.67802  |
|    std                | 0.0159    |
|    value_loss         | 4.37e+04  |
-------------------------------------
-------------------------------------
| time/                 |           |
|    fps                | 14        |
|    iterations         | 48700     |
|    time_elapsed       | 16588     |
|    total_timesteps    | 243500    |
| train/                |           |
|    entropy_loss       | 6.12      |
|    explained_variance | 0         |
|    learning_rate      | 0.0007    |
|    n_updates          | 48699     |
|    policy_loss        | -1.37e+04 |
|    reward             | 707.1952  |
|    std                | 0.0158    |
|    value_loss         | 5.13e+06  |
-------------------------------------
EPISODE:  245
-------------------------------------
| time/                 |           |
|    fps                | 14        |
|    iterations         | 48800     |
|    time_elapsed       | 16623     |
|    total_timesteps    | 244000    |
| train/                |           |
|    entropy_loss       | 6.13      |
|    explained_variance | 0         |
|    learning_rate      | 0.0007    |
|    n_updates          | 48799     |
|    policy_loss        | -1.24e+03 |
|    reward             | 35.67802  |
|    std                | 0.0158    |
|    value_loss         | 4.36e+04  |
-------------------------------------
------------------------------------
| time/                 |          |
|    fps                | 14       |
|    iterations         | 48900    |
|    time_elapsed       | 16657    |
|    total_timesteps    | 244500   |
| train/                |          |
|    entropy_loss       | 6.12     |
|    explained_variance | 5.96e-08 |
|    learning_rate      | 0.0007   |
|    n_updates          | 48899    |
|    policy_loss        | -1.3e+04 |
|    reward             | 707.1952 |
|    std                | 0.016    |
|    value_loss         | 5.13e+06 |
------------------------------------
EPISODE:  246
-------------------------------------
| time/                 |           |
|    fps                | 14        |
|    iterations         | 49000     |
|    time_elapsed       | 16692     |
|    total_timesteps    | 245000    |
| train/                |           |
|    entropy_loss       | 6.15      |
|    explained_variance | 1.19e-07  |
|    learning_rate      | 0.0007    |
|    n_updates          | 48999     |
|    policy_loss        | -1.21e+03 |
|    reward             | 35.67802  |
|    std                | 0.0158    |
|    value_loss         | 4.35e+04  |
-------------------------------------
-------------------------------------
| time/                 |           |
|    fps                | 14        |
|    iterations         | 49100     |
|    time_elapsed       | 16726     |
|    total_timesteps    | 245500    |
| train/                |           |
|    entropy_loss       | 6.16      |
|    explained_variance | -1.19e-07 |
|    learning_rate      | 0.0007    |
|    n_updates          | 49099     |
|    policy_loss        | -1.28e+04 |
|    reward             | 707.1952  |
|    std                | 0.0157    |
|    value_loss         | 5.13e+06  |
-------------------------------------
EPISODE:  247
------------------------------------
| time/                 |          |
|    fps                | 14       |
|    iterations         | 49200    |
|    time_elapsed       | 16761    |
|    total_timesteps    | 246000   |
| train/                |          |
|    entropy_loss       | 6.17     |
|    explained_variance | 0        |
|    learning_rate      | 0.0007   |
|    n_updates          | 49199    |
|    policy_loss        | -798     |
|    reward             | 35.67802 |
|    std                | 0.0157   |
|    value_loss         | 4.35e+04 |
------------------------------------
-------------------------------------
| time/                 |           |
|    fps                | 14        |
|    iterations         | 49300     |
|    time_elapsed       | 16795     |
|    total_timesteps    | 246500    |
| train/                |           |
|    entropy_loss       | 6.19      |
|    explained_variance | 1.19e-07  |
|    learning_rate      | 0.0007    |
|    n_updates          | 49299     |
|    policy_loss        | -1.23e+04 |
|    reward             | 707.1952  |
|    std                | 0.0155    |
|    value_loss         | 5.13e+06  |
-------------------------------------
EPISODE:  248
------------------------------------
| time/                 |          |
|    fps                | 14       |
|    iterations         | 49400    |
|    time_elapsed       | 16830    |
|    total_timesteps    | 247000   |
| train/                |          |
|    entropy_loss       | 6.23     |
|    explained_variance | 0        |
|    learning_rate      | 0.0007   |
|    n_updates          | 49399    |
|    policy_loss        | -1.2e+03 |
|    reward             | 35.67802 |
|    std                | 0.0153   |
|    value_loss         | 4.34e+04 |
------------------------------------
-------------------------------------
| time/                 |           |
|    fps                | 14        |
|    iterations         | 49500     |
|    time_elapsed       | 16864     |
|    total_timesteps    | 247500    |
| train/                |           |
|    entropy_loss       | 6.24      |
|    explained_variance | 1.19e-07  |
|    learning_rate      | 0.0007    |
|    n_updates          | 49499     |
|    policy_loss        | -1.19e+04 |
|    reward             | 707.1952  |
|    std                | 0.0152    |
|    value_loss         | 5.13e+06  |
-------------------------------------
EPISODE:  249
------------------------------------
| time/                 |          |
|    fps                | 14       |
|    iterations         | 49600    |
|    time_elapsed       | 16898    |
|    total_timesteps    | 248000   |
| train/                |          |
|    entropy_loss       | 6.26     |
|    explained_variance | 0        |
|    learning_rate      | 0.0007   |
|    n_updates          | 49599    |
|    policy_loss        | -949     |
|    reward             | 35.67802 |
|    std                | 0.0152   |
|    value_loss         | 4.33e+04 |
------------------------------------
-------------------------------------
| time/                 |           |
|    fps                | 14        |
|    iterations         | 49700     |
|    time_elapsed       | 16933     |
|    total_timesteps    | 248500    |
| train/                |           |
|    entropy_loss       | 6.29      |
|    explained_variance | -1.19e-07 |
|    learning_rate      | 0.0007    |
|    n_updates          | 49699     |
|    policy_loss        | -1.24e+04 |
|    reward             | 707.1952  |
|    std                | 0.0151    |
|    value_loss         | 5.13e+06  |
-------------------------------------
EPISODE:  250
-------------------------------------
| time/                 |           |
|    fps                | 14        |
|    iterations         | 49800     |
|    time_elapsed       | 16967     |
|    total_timesteps    | 249000    |
| train/                |           |
|    entropy_loss       | 6.29      |
|    explained_variance | 0         |
|    learning_rate      | 0.0007    |
|    n_updates          | 49799     |
|    policy_loss        | -1.08e+03 |
|    reward             | 35.67802  |
|    std                | 0.0153    |
|    value_loss         | 4.33e+04  |
-------------------------------------
-------------------------------------
| time/                 |           |
|    fps                | 14        |
|    iterations         | 49900     |
|    time_elapsed       | 17002     |
|    total_timesteps    | 249500    |
| train/                |           |
|    entropy_loss       | 6.31      |
|    explained_variance | 0         |
|    learning_rate      | 0.0007    |
|    n_updates          | 49899     |
|    policy_loss        | -1.37e+04 |
|    reward             | 707.1952  |
|    std                | 0.0151    |
|    value_loss         | 5.13e+06  |
-------------------------------------
EPISODE:  251
-------------------------------------
| time/                 |           |
|    fps                | 14        |
|    iterations         | 50000     |
|    time_elapsed       | 17036     |
|    total_timesteps    | 250000    |
| train/                |           |
|    entropy_loss       | 6.33      |
|    explained_variance | -1.19e-07 |
|    learning_rate      | 0.0007    |
|    n_updates          | 49999     |
|    policy_loss        | -1.15e+03 |
|    reward             | 35.67802  |
|    std                | 0.015     |
|    value_loss         | 4.32e+04  |
-------------------------------------
-------------------------------------
| time/                 |           |
|    fps                | 14        |
|    iterations         | 50100     |
|    time_elapsed       | 17071     |
|    total_timesteps    | 250500    |
| train/                |           |
|    entropy_loss       | 6.32      |
|    explained_variance | 0         |
|    learning_rate      | 0.0007    |
|    n_updates          | 50099     |
|    policy_loss        | -1.34e+04 |
|    reward             | 707.1952  |
|    std                | 0.0151    |
|    value_loss         | 5.13e+06  |
-------------------------------------
EPISODE:  252
-------------------------------------
| time/                 |           |
|    fps                | 14        |
|    iterations         | 50200     |
|    time_elapsed       | 17105     |
|    total_timesteps    | 251000    |
| train/                |           |
|    entropy_loss       | 6.35      |
|    explained_variance | 0         |
|    learning_rate      | 0.0007    |
|    n_updates          | 50199     |
|    policy_loss        | -1.25e+03 |
|    reward             | 35.67802  |
|    std                | 0.0149    |
|    value_loss         | 4.31e+04  |
-------------------------------------
-------------------------------------
| time/                 |           |
|    fps                | 14        |
|    iterations         | 50300     |
|    time_elapsed       | 17139     |
|    total_timesteps    | 251500    |
| train/                |           |
|    entropy_loss       | 6.37      |
|    explained_variance | -1.19e-07 |
|    learning_rate      | 0.0007    |
|    n_updates          | 50299     |
|    policy_loss        | -1.33e+04 |
|    reward             | 707.1952  |
|    std                | 0.0148    |
|    value_loss         | 5.12e+06  |
-------------------------------------
EPISODE:  253
-------------------------------------
| time/                 |           |
|    fps                | 14        |
|    iterations         | 50400     |
|    time_elapsed       | 17175     |
|    total_timesteps    | 252000    |
| train/                |           |
|    entropy_loss       | 6.39      |
|    explained_variance | 0         |
|    learning_rate      | 0.0007    |
|    n_updates          | 50399     |
|    policy_loss        | -1.26e+03 |
|    reward             | 35.67802  |
|    std                | 0.0146    |
|    value_loss         | 4.31e+04  |
-------------------------------------
-------------------------------------
| time/                 |           |
|    fps                | 14        |
|    iterations         | 50500     |
|    time_elapsed       | 17209     |
|    total_timesteps    | 252500    |
| train/                |           |
|    entropy_loss       | 6.42      |
|    explained_variance | 0         |
|    learning_rate      | 0.0007    |
|    n_updates          | 50499     |
|    policy_loss        | -1.29e+04 |
|    reward             | 707.1952  |
|    std                | 0.0144    |
|    value_loss         | 5.12e+06  |
-------------------------------------
EPISODE:  254
-------------------------------------
| time/                 |           |
|    fps                | 14        |
|    iterations         | 50600     |
|    time_elapsed       | 17244     |
|    total_timesteps    | 253000    |
| train/                |           |
|    entropy_loss       | 6.44      |
|    explained_variance | 0         |
|    learning_rate      | 0.0007    |
|    n_updates          | 50599     |
|    policy_loss        | -1.25e+03 |
|    reward             | 35.67802  |
|    std                | 0.0144    |
|    value_loss         | 4.3e+04   |
-------------------------------------
------------------------------------
| time/                 |          |
|    fps                | 14       |
|    iterations         | 50700    |
|    time_elapsed       | 17278    |
|    total_timesteps    | 253500   |
| train/                |          |
|    entropy_loss       | 6.45     |
|    explained_variance | 5.96e-08 |
|    learning_rate      | 0.0007   |
|    n_updates          | 50699    |
|    policy_loss        | -1.4e+04 |
|    reward             | 707.1952 |
|    std                | 0.0143   |
|    value_loss         | 5.12e+06 |
------------------------------------
EPISODE:  255
-------------------------------------
| time/                 |           |
|    fps                | 14        |
|    iterations         | 50800     |
|    time_elapsed       | 17313     |
|    total_timesteps    | 254000    |
| train/                |           |
|    entropy_loss       | 6.46      |
|    explained_variance | 0         |
|    learning_rate      | 0.0007    |
|    n_updates          | 50799     |
|    policy_loss        | -1.21e+03 |
|    reward             | 35.67802  |
|    std                | 0.0143    |
|    value_loss         | 4.29e+04  |
-------------------------------------
-------------------------------------
| time/                 |           |
|    fps                | 14        |
|    iterations         | 50900     |
|    time_elapsed       | 17347     |
|    total_timesteps    | 254500    |
| train/                |           |
|    entropy_loss       | 6.49      |
|    explained_variance | 0         |
|    learning_rate      | 0.0007    |
|    n_updates          | 50899     |
|    policy_loss        | -1.11e+04 |
|    reward             | 707.1952  |
|    std                | 0.0142    |
|    value_loss         | 5.12e+06  |
-------------------------------------
EPISODE:  256
------------------------------------
| time/                 |          |
|    fps                | 14       |
|    iterations         | 51000    |
|    time_elapsed       | 17382    |
|    total_timesteps    | 255000   |
| train/                |          |
|    entropy_loss       | 6.5      |
|    explained_variance | 0        |
|    learning_rate      | 0.0007   |
|    n_updates          | 50999    |
|    policy_loss        | -1.1e+03 |
|    reward             | 35.67802 |
|    std                | 0.0141   |
|    value_loss         | 4.28e+04 |
------------------------------------
-------------------------------------
| time/                 |           |
|    fps                | 14        |
|    iterations         | 51100     |
|    time_elapsed       | 17416     |
|    total_timesteps    | 255500    |
| train/                |           |
|    entropy_loss       | 6.5       |
|    explained_variance | 0         |
|    learning_rate      | 0.0007    |
|    n_updates          | 51099     |
|    policy_loss        | -1.48e+04 |
|    reward             | 707.1952  |
|    std                | 0.0142    |
|    value_loss         | 5.12e+06  |
-------------------------------------
EPISODE:  257
-------------------------------------
| time/                 |           |
|    fps                | 14        |
|    iterations         | 51200     |
|    time_elapsed       | 17451     |
|    total_timesteps    | 256000    |
| train/                |           |
|    entropy_loss       | 6.5       |
|    explained_variance | 0         |
|    learning_rate      | 0.0007    |
|    n_updates          | 51199     |
|    policy_loss        | -1.16e+03 |
|    reward             | 35.67802  |
|    std                | 0.0143    |
|    value_loss         | 4.28e+04  |
-------------------------------------
-------------------------------------
| time/                 |           |
|    fps                | 14        |
|    iterations         | 51300     |
|    time_elapsed       | 17485     |
|    total_timesteps    | 256500    |
| train/                |           |
|    entropy_loss       | 6.51      |
|    explained_variance | 0         |
|    learning_rate      | 0.0007    |
|    n_updates          | 51299     |
|    policy_loss        | -1.37e+04 |
|    reward             | 707.1952  |
|    std                | 0.0144    |
|    value_loss         | 5.12e+06  |
-------------------------------------
EPISODE:  258
-------------------------------------
| time/                 |           |
|    fps                | 14        |
|    iterations         | 51400     |
|    time_elapsed       | 17520     |
|    total_timesteps    | 257000    |
| train/                |           |
|    entropy_loss       | 6.51      |
|    explained_variance | 0         |
|    learning_rate      | 0.0007    |
|    n_updates          | 51399     |
|    policy_loss        | -1.28e+03 |
|    reward             | 35.67802  |
|    std                | 0.0144    |
|    value_loss         | 4.27e+04  |
-------------------------------------
-------------------------------------
| time/                 |           |
|    fps                | 14        |
|    iterations         | 51500     |
|    time_elapsed       | 17554     |
|    total_timesteps    | 257500    |
| train/                |           |
|    entropy_loss       | 6.52      |
|    explained_variance | -2.38e-07 |
|    learning_rate      | 0.0007    |
|    n_updates          | 51499     |
|    policy_loss        | -1.51e+04 |
|    reward             | 707.1952  |
|    std                | 0.0143    |
|    value_loss         | 5.12e+06  |
-------------------------------------
EPISODE:  259
-------------------------------------
| time/                 |           |
|    fps                | 14        |
|    iterations         | 51600     |
|    time_elapsed       | 17588     |
|    total_timesteps    | 258000    |
| train/                |           |
|    entropy_loss       | 6.53      |
|    explained_variance | 0         |
|    learning_rate      | 0.0007    |
|    n_updates          | 51599     |
|    policy_loss        | -1.23e+03 |
|    reward             | 35.67802  |
|    std                | 0.0142    |
|    value_loss         | 4.26e+04  |
-------------------------------------
-------------------------------------
| time/                 |           |
|    fps                | 14        |
|    iterations         | 51700     |
|    time_elapsed       | 17623     |
|    total_timesteps    | 258500    |
| train/                |           |
|    entropy_loss       | 6.55      |
|    explained_variance | 0         |
|    learning_rate      | 0.0007    |
|    n_updates          | 51699     |
|    policy_loss        | -1.32e+04 |
|    reward             | 707.1952  |
|    std                | 0.0142    |
|    value_loss         | 5.12e+06  |
-------------------------------------
EPISODE:  260
-------------------------------------
| time/                 |           |
|    fps                | 14        |
|    iterations         | 51800     |
|    time_elapsed       | 17657     |
|    total_timesteps    | 259000    |
| train/                |           |
|    entropy_loss       | 6.56      |
|    explained_variance | 0         |
|    learning_rate      | 0.0007    |
|    n_updates          | 51799     |
|    policy_loss        | -1.23e+03 |
|    reward             | 35.67802  |
|    std                | 0.0141    |
|    value_loss         | 4.26e+04  |
-------------------------------------
-------------------------------------
| time/                 |           |
|    fps                | 14        |
|    iterations         | 51900     |
|    time_elapsed       | 17692     |
|    total_timesteps    | 259500    |
| train/                |           |
|    entropy_loss       | 6.56      |
|    explained_variance | -1.19e-07 |
|    learning_rate      | 0.0007    |
|    n_updates          | 51899     |
|    policy_loss        | -1.38e+04 |
|    reward             | 707.1952  |
|    std                | 0.0142    |
|    value_loss         | 5.12e+06  |
-------------------------------------
EPISODE:  261
-------------------------------------
| time/                 |           |
|    fps                | 14        |
|    iterations         | 52000     |
|    time_elapsed       | 17726     |
|    total_timesteps    | 260000    |
| train/                |           |
|    entropy_loss       | 6.57      |
|    explained_variance | 0         |
|    learning_rate      | 0.0007    |
|    n_updates          | 51999     |
|    policy_loss        | -1.18e+03 |
|    reward             | 35.67802  |
|    std                | 0.0143    |
|    value_loss         | 4.25e+04  |
-------------------------------------
-------------------------------------
| time/                 |           |
|    fps                | 14        |
|    iterations         | 52100     |
|    time_elapsed       | 17760     |
|    total_timesteps    | 260500    |
| train/                |           |
|    entropy_loss       | 6.6       |
|    explained_variance | 0         |
|    learning_rate      | 0.0007    |
|    n_updates          | 52099     |
|    policy_loss        | -1.34e+04 |
|    reward             | 707.1952  |
|    std                | 0.0141    |
|    value_loss         | 5.12e+06  |
-------------------------------------
EPISODE:  262
------------------------------------
| time/                 |          |
|    fps                | 14       |
|    iterations         | 52200    |
|    time_elapsed       | 17795    |
|    total_timesteps    | 261000   |
| train/                |          |
|    entropy_loss       | 6.6      |
|    explained_variance | 0        |
|    learning_rate      | 0.0007   |
|    n_updates          | 52199    |
|    policy_loss        | -1.2e+03 |
|    reward             | 35.67802 |
|    std                | 0.0141   |
|    value_loss         | 4.24e+04 |
------------------------------------
-------------------------------------
| time/                 |           |
|    fps                | 14        |
|    iterations         | 52300     |
|    time_elapsed       | 17829     |
|    total_timesteps    | 261500    |
| train/                |           |
|    entropy_loss       | 6.63      |
|    explained_variance | -1.19e-07 |
|    learning_rate      | 0.0007    |
|    n_updates          | 52299     |
|    policy_loss        | -1.4e+04  |
|    reward             | 707.1952  |
|    std                | 0.014     |
|    value_loss         | 5.12e+06  |
-------------------------------------
EPISODE:  263
-------------------------------------
| time/                 |           |
|    fps                | 14        |
|    iterations         | 52400     |
|    time_elapsed       | 17864     |
|    total_timesteps    | 262000    |
| train/                |           |
|    entropy_loss       | 6.64      |
|    explained_variance | 0         |
|    learning_rate      | 0.0007    |
|    n_updates          | 52399     |
|    policy_loss        | -1.23e+03 |
|    reward             | 35.67802  |
|    std                | 0.014     |
|    value_loss         | 4.24e+04  |
-------------------------------------
-------------------------------------
| time/                 |           |
|    fps                | 14        |
|    iterations         | 52500     |
|    time_elapsed       | 17898     |
|    total_timesteps    | 262500    |
| train/                |           |
|    entropy_loss       | 6.65      |
|    explained_variance | 0         |
|    learning_rate      | 0.0007    |
|    n_updates          | 52499     |
|    policy_loss        | -1.24e+04 |
|    reward             | 707.1952  |
|    std                | 0.0139    |
|    value_loss         | 5.12e+06  |
-------------------------------------
EPISODE:  264
------------------------------------
| time/                 |          |
|    fps                | 14       |
|    iterations         | 52600    |
|    time_elapsed       | 17933    |
|    total_timesteps    | 263000   |
| train/                |          |
|    entropy_loss       | 6.67     |
|    explained_variance | 0        |
|    learning_rate      | 0.0007   |
|    n_updates          | 52599    |
|    policy_loss        | -1.3e+03 |
|    reward             | 35.67802 |
|    std                | 0.0138   |
|    value_loss         | 4.23e+04 |
------------------------------------
-------------------------------------
| time/                 |           |
|    fps                | 14        |
|    iterations         | 52700     |
|    time_elapsed       | 17967     |
|    total_timesteps    | 263500    |
| train/                |           |
|    entropy_loss       | 6.7       |
|    explained_variance | -2.38e-07 |
|    learning_rate      | 0.0007    |
|    n_updates          | 52699     |
|    policy_loss        | -1.38e+04 |
|    reward             | 707.1952  |
|    std                | 0.0137    |
|    value_loss         | 5.12e+06  |
-------------------------------------
EPISODE:  265
-------------------------------------
| time/                 |           |
|    fps                | 14        |
|    iterations         | 52800     |
|    time_elapsed       | 18001     |
|    total_timesteps    | 264000    |
| train/                |           |
|    entropy_loss       | 6.72      |
|    explained_variance | 0         |
|    learning_rate      | 0.0007    |
|    n_updates          | 52799     |
|    policy_loss        | -1.07e+03 |
|    reward             | 35.67802  |
|    std                | 0.0135    |
|    value_loss         | 4.22e+04  |
-------------------------------------
-------------------------------------
| time/                 |           |
|    fps                | 14        |
|    iterations         | 52900     |
|    time_elapsed       | 18036     |
|    total_timesteps    | 264500    |
| train/                |           |
|    entropy_loss       | 6.74      |
|    explained_variance | 0         |
|    learning_rate      | 0.0007    |
|    n_updates          | 52899     |
|    policy_loss        | -1.48e+04 |
|    reward             | 707.1952  |
|    std                | 0.0134    |
|    value_loss         | 5.11e+06  |
-------------------------------------
EPISODE:  266
-------------------------------------
| time/                 |           |
|    fps                | 14        |
|    iterations         | 53000     |
|    time_elapsed       | 18070     |
|    total_timesteps    | 265000    |
| train/                |           |
|    entropy_loss       | 6.74      |
|    explained_variance | 0         |
|    learning_rate      | 0.0007    |
|    n_updates          | 52999     |
|    policy_loss        | -1.21e+03 |
|    reward             | 35.67802  |
|    std                | 0.0134    |
|    value_loss         | 4.22e+04  |
-------------------------------------
-------------------------------------
| time/                 |           |
|    fps                | 14        |
|    iterations         | 53100     |
|    time_elapsed       | 18106     |
|    total_timesteps    | 265500    |
| train/                |           |
|    entropy_loss       | 6.75      |
|    explained_variance | 0         |
|    learning_rate      | 0.0007    |
|    n_updates          | 53099     |
|    policy_loss        | -1.44e+04 |
|    reward             | 707.1952  |
|    std                | 0.0133    |
|    value_loss         | 5.11e+06  |
-------------------------------------
EPISODE:  267
-------------------------------------
| time/                 |           |
|    fps                | 14        |
|    iterations         | 53200     |
|    time_elapsed       | 18140     |
|    total_timesteps    | 266000    |
| train/                |           |
|    entropy_loss       | 6.77      |
|    explained_variance | 0         |
|    learning_rate      | 0.0007    |
|    n_updates          | 53199     |
|    policy_loss        | -1.19e+03 |
|    reward             | 35.67802  |
|    std                | 0.0132    |
|    value_loss         | 4.21e+04  |
-------------------------------------
-------------------------------------
| time/                 |           |
|    fps                | 14        |
|    iterations         | 53300     |
|    time_elapsed       | 18175     |
|    total_timesteps    | 266500    |
| train/                |           |
|    entropy_loss       | 6.77      |
|    explained_variance | 0         |
|    learning_rate      | 0.0007    |
|    n_updates          | 53299     |
|    policy_loss        | -1.43e+04 |
|    reward             | 707.1952  |
|    std                | 0.0131    |
|    value_loss         | 5.11e+06  |
-------------------------------------
EPISODE:  268
-------------------------------------
| time/                 |           |
|    fps                | 14        |
|    iterations         | 53400     |
|    time_elapsed       | 18209     |
|    total_timesteps    | 267000    |
| train/                |           |
|    entropy_loss       | 6.79      |
|    explained_variance | 0         |
|    learning_rate      | 0.0007    |
|    n_updates          | 53399     |
|    policy_loss        | -1.37e+03 |
|    reward             | 35.67802  |
|    std                | 0.0131    |
|    value_loss         | 4.2e+04   |
-------------------------------------
-------------------------------------
| time/                 |           |
|    fps                | 14        |
|    iterations         | 53500     |
|    time_elapsed       | 18244     |
|    total_timesteps    | 267500    |
| train/                |           |
|    entropy_loss       | 6.8       |
|    explained_variance | 1.19e-07  |
|    learning_rate      | 0.0007    |
|    n_updates          | 53499     |
|    policy_loss        | -1.49e+04 |
|    reward             | 707.1952  |
|    std                | 0.0131    |
|    value_loss         | 5.11e+06  |
-------------------------------------
EPISODE:  269
-------------------------------------
| time/                 |           |
|    fps                | 14        |
|    iterations         | 53600     |
|    time_elapsed       | 18278     |
|    total_timesteps    | 268000    |
| train/                |           |
|    entropy_loss       | 6.8       |
|    explained_variance | 0         |
|    learning_rate      | 0.0007    |
|    n_updates          | 53599     |
|    policy_loss        | -1.22e+03 |
|    reward             | 35.67802  |
|    std                | 0.0131    |
|    value_loss         | 4.2e+04   |
-------------------------------------
-------------------------------------
| time/                 |           |
|    fps                | 14        |
|    iterations         | 53700     |
|    time_elapsed       | 18313     |
|    total_timesteps    | 268500    |
| train/                |           |
|    entropy_loss       | 6.82      |
|    explained_variance | -2.38e-07 |
|    learning_rate      | 0.0007    |
|    n_updates          | 53699     |
|    policy_loss        | -1.23e+04 |
|    reward             | 707.1952  |
|    std                | 0.013     |
|    value_loss         | 5.11e+06  |
-------------------------------------
EPISODE:  270
-------------------------------------
| time/                 |           |
|    fps                | 14        |
|    iterations         | 53800     |
|    time_elapsed       | 18347     |
|    total_timesteps    | 269000    |
| train/                |           |
|    entropy_loss       | 6.84      |
|    explained_variance | 0         |
|    learning_rate      | 0.0007    |
|    n_updates          | 53799     |
|    policy_loss        | -1.24e+03 |
|    reward             | 35.67802  |
|    std                | 0.0129    |
|    value_loss         | 4.19e+04  |
-------------------------------------
-------------------------------------
| time/                 |           |
|    fps                | 14        |
|    iterations         | 53900     |
|    time_elapsed       | 18381     |
|    total_timesteps    | 269500    |
| train/                |           |
|    entropy_loss       | 6.85      |
|    explained_variance | -1.19e-07 |
|    learning_rate      | 0.0007    |
|    n_updates          | 53899     |
|    policy_loss        | -1.4e+04  |
|    reward             | 707.1952  |
|    std                | 0.0128    |
|    value_loss         | 5.11e+06  |
-------------------------------------
EPISODE:  271
-------------------------------------
| time/                 |           |
|    fps                | 14        |
|    iterations         | 54000     |
|    time_elapsed       | 18416     |
|    total_timesteps    | 270000    |
| train/                |           |
|    entropy_loss       | 6.88      |
|    explained_variance | 1.19e-07  |
|    learning_rate      | 0.0007    |
|    n_updates          | 53999     |
|    policy_loss        | -1.35e+03 |
|    reward             | 35.67802  |
|    std                | 0.0128    |
|    value_loss         | 4.18e+04  |
-------------------------------------
-------------------------------------
| time/                 |           |
|    fps                | 14        |
|    iterations         | 54100     |
|    time_elapsed       | 18450     |
|    total_timesteps    | 270500    |
| train/                |           |
|    entropy_loss       | 6.89      |
|    explained_variance | 0         |
|    learning_rate      | 0.0007    |
|    n_updates          | 54099     |
|    policy_loss        | -1.43e+04 |
|    reward             | 707.1952  |
|    std                | 0.0127    |
|    value_loss         | 5.11e+06  |
-------------------------------------
EPISODE:  272
-------------------------------------
| time/                 |           |
|    fps                | 14        |
|    iterations         | 54200     |
|    time_elapsed       | 18485     |
|    total_timesteps    | 271000    |
| train/                |           |
|    entropy_loss       | 6.93      |
|    explained_variance | -1.19e-07 |
|    learning_rate      | 0.0007    |
|    n_updates          | 54199     |
|    policy_loss        | -1.2e+03  |
|    reward             | 35.67802  |
|    std                | 0.0125    |
|    value_loss         | 4.18e+04  |
-------------------------------------
-------------------------------------
| time/                 |           |
|    fps                | 14        |
|    iterations         | 54300     |
|    time_elapsed       | 18519     |
|    total_timesteps    | 271500    |
| train/                |           |
|    entropy_loss       | 6.95      |
|    explained_variance | 0         |
|    learning_rate      | 0.0007    |
|    n_updates          | 54299     |
|    policy_loss        | -1.46e+04 |
|    reward             | 707.1952  |
|    std                | 0.0124    |
|    value_loss         | 5.11e+06  |
-------------------------------------
EPISODE:  273
-------------------------------------
| time/                 |           |
|    fps                | 14        |
|    iterations         | 54400     |
|    time_elapsed       | 18553     |
|    total_timesteps    | 272000    |
| train/                |           |
|    entropy_loss       | 6.96      |
|    explained_variance | -1.19e-07 |
|    learning_rate      | 0.0007    |
|    n_updates          | 54399     |
|    policy_loss        | -1.21e+03 |
|    reward             | 35.67802  |
|    std                | 0.0124    |
|    value_loss         | 4.17e+04  |
-------------------------------------
-------------------------------------
| time/                 |           |
|    fps                | 14        |
|    iterations         | 54500     |
|    time_elapsed       | 18588     |
|    total_timesteps    | 272500    |
| train/                |           |
|    entropy_loss       | 6.99      |
|    explained_variance | 0         |
|    learning_rate      | 0.0007    |
|    n_updates          | 54499     |
|    policy_loss        | -1.35e+04 |
|    reward             | 707.1952  |
|    std                | 0.0122    |
|    value_loss         | 5.11e+06  |
-------------------------------------
EPISODE:  274
-------------------------------------
| time/                 |           |
|    fps                | 14        |
|    iterations         | 54600     |
|    time_elapsed       | 18622     |
|    total_timesteps    | 273000    |
| train/                |           |
|    entropy_loss       | 7.01      |
|    explained_variance | 0         |
|    learning_rate      | 0.0007    |
|    n_updates          | 54599     |
|    policy_loss        | -1.23e+03 |
|    reward             | 35.67802  |
|    std                | 0.0121    |
|    value_loss         | 4.16e+04  |
-------------------------------------
-------------------------------------
| time/                 |           |
|    fps                | 14        |
|    iterations         | 54700     |
|    time_elapsed       | 18657     |
|    total_timesteps    | 273500    |
| train/                |           |
|    entropy_loss       | 7.01      |
|    explained_variance | 1.19e-07  |
|    learning_rate      | 0.0007    |
|    n_updates          | 54699     |
|    policy_loss        | -1.48e+04 |
|    reward             | 707.1952  |
|    std                | 0.012     |
|    value_loss         | 5.11e+06  |
-------------------------------------
EPISODE:  275
-------------------------------------
| time/                 |           |
|    fps                | 14        |
|    iterations         | 54800     |
|    time_elapsed       | 18691     |
|    total_timesteps    | 274000    |
| train/                |           |
|    entropy_loss       | 7.03      |
|    explained_variance | 0         |
|    learning_rate      | 0.0007    |
|    n_updates          | 54799     |
|    policy_loss        | -1.26e+03 |
|    reward             | 35.67802  |
|    std                | 0.012     |
|    value_loss         | 4.16e+04  |
-------------------------------------
-------------------------------------
| time/                 |           |
|    fps                | 14        |
|    iterations         | 54900     |
|    time_elapsed       | 18725     |
|    total_timesteps    | 274500    |
| train/                |           |
|    entropy_loss       | 7.06      |
|    explained_variance | 0         |
|    learning_rate      | 0.0007    |
|    n_updates          | 54899     |
|    policy_loss        | -1.46e+04 |
|    reward             | 707.1952  |
|    std                | 0.0118    |
|    value_loss         | 5.11e+06  |
-------------------------------------
EPISODE:  276
-------------------------------------
| time/                 |           |
|    fps                | 14        |
|    iterations         | 55000     |
|    time_elapsed       | 18760     |
|    total_timesteps    | 275000    |
| train/                |           |
|    entropy_loss       | 7.08      |
|    explained_variance | 0         |
|    learning_rate      | 0.0007    |
|    n_updates          | 54999     |
|    policy_loss        | -1.31e+03 |
|    reward             | 35.67802  |
|    std                | 0.0117    |
|    value_loss         | 4.15e+04  |
-------------------------------------
-------------------------------------
| time/                 |           |
|    fps                | 14        |
|    iterations         | 55100     |
|    time_elapsed       | 18794     |
|    total_timesteps    | 275500    |
| train/                |           |
|    entropy_loss       | 7.1       |
|    explained_variance | -1.19e-07 |
|    learning_rate      | 0.0007    |
|    n_updates          | 55099     |
|    policy_loss        | -1.52e+04 |
|    reward             | 707.1952  |
|    std                | 0.0117    |
|    value_loss         | 5.11e+06  |
-------------------------------------
EPISODE:  277
-------------------------------------
| time/                 |           |
|    fps                | 14        |
|    iterations         | 55200     |
|    time_elapsed       | 18829     |
|    total_timesteps    | 276000    |
| train/                |           |
|    entropy_loss       | 7.12      |
|    explained_variance | 0         |
|    learning_rate      | 0.0007    |
|    n_updates          | 55199     |
|    policy_loss        | -1.34e+03 |
|    reward             | 35.67802  |
|    std                | 0.0116    |
|    value_loss         | 4.15e+04  |
-------------------------------------
-------------------------------------
| time/                 |           |
|    fps                | 14        |
|    iterations         | 55300     |
|    time_elapsed       | 18863     |
|    total_timesteps    | 276500    |
| train/                |           |
|    entropy_loss       | 7.13      |
|    explained_variance | -1.19e-07 |
|    learning_rate      | 0.0007    |
|    n_updates          | 55299     |
|    policy_loss        | -1.36e+04 |
|    reward             | 707.1952  |
|    std                | 0.0117    |
|    value_loss         | 5.11e+06  |
-------------------------------------
EPISODE:  278
-------------------------------------
| time/                 |           |
|    fps                | 14        |
|    iterations         | 55400     |
|    time_elapsed       | 18898     |
|    total_timesteps    | 277000    |
| train/                |           |
|    entropy_loss       | 7.14      |
|    explained_variance | 0         |
|    learning_rate      | 0.0007    |
|    n_updates          | 55399     |
|    policy_loss        | -1.34e+03 |
|    reward             | 35.67802  |
|    std                | 0.0116    |
|    value_loss         | 4.14e+04  |
-------------------------------------
-------------------------------------
| time/                 |           |
|    fps                | 14        |
|    iterations         | 55500     |
|    time_elapsed       | 18932     |
|    total_timesteps    | 277500    |
| train/                |           |
|    entropy_loss       | 7.16      |
|    explained_variance | 0         |
|    learning_rate      | 0.0007    |
|    n_updates          | 55499     |
|    policy_loss        | -1.49e+04 |
|    reward             | 707.1952  |
|    std                | 0.0116    |
|    value_loss         | 5.11e+06  |
-------------------------------------
EPISODE:  279
-------------------------------------
| time/                 |           |
|    fps                | 14        |
|    iterations         | 55600     |
|    time_elapsed       | 18966     |
|    total_timesteps    | 278000    |
| train/                |           |
|    entropy_loss       | 7.16      |
|    explained_variance | -1.19e-07 |
|    learning_rate      | 0.0007    |
|    n_updates          | 55599     |
|    policy_loss        | -1.14e+03 |
|    reward             | 35.67802  |
|    std                | 0.0116    |
|    value_loss         | 4.13e+04  |
-------------------------------------
-------------------------------------
| time/                 |           |
|    fps                | 14        |
|    iterations         | 55700     |
|    time_elapsed       | 19001     |
|    total_timesteps    | 278500    |
| train/                |           |
|    entropy_loss       | 7.16      |
|    explained_variance | 0         |
|    learning_rate      | 0.0007    |
|    n_updates          | 55699     |
|    policy_loss        | -1.22e+04 |
|    reward             | 707.1952  |
|    std                | 0.0117    |
|    value_loss         | 5.1e+06   |
-------------------------------------
EPISODE:  280
-------------------------------------
| time/                 |           |
|    fps                | 14        |
|    iterations         | 55800     |
|    time_elapsed       | 19036     |
|    total_timesteps    | 279000    |
| train/                |           |
|    entropy_loss       | 7.17      |
|    explained_variance | 0         |
|    learning_rate      | 0.0007    |
|    n_updates          | 55799     |
|    policy_loss        | -1.35e+03 |
|    reward             | 35.67802  |
|    std                | 0.0117    |
|    value_loss         | 4.13e+04  |
-------------------------------------
-------------------------------------
| time/                 |           |
|    fps                | 14        |
|    iterations         | 55900     |
|    time_elapsed       | 19071     |
|    total_timesteps    | 279500    |
| train/                |           |
|    entropy_loss       | 7.19      |
|    explained_variance | 0         |
|    learning_rate      | 0.0007    |
|    n_updates          | 55899     |
|    policy_loss        | -1.46e+04 |
|    reward             | 707.1952  |
|    std                | 0.0116    |
|    value_loss         | 5.1e+06   |
-------------------------------------
EPISODE:  281
-------------------------------------
| time/                 |           |
|    fps                | 14        |
|    iterations         | 56000     |
|    time_elapsed       | 19105     |
|    total_timesteps    | 280000    |
| train/                |           |
|    entropy_loss       | 7.21      |
|    explained_variance | 0         |
|    learning_rate      | 0.0007    |
|    n_updates          | 55999     |
|    policy_loss        | -1.36e+03 |
|    reward             | 35.67802  |
|    std                | 0.0116    |
|    value_loss         | 4.12e+04  |
-------------------------------------
-------------------------------------
| time/                 |           |
|    fps                | 14        |
|    iterations         | 56100     |
|    time_elapsed       | 19140     |
|    total_timesteps    | 280500    |
| train/                |           |
|    entropy_loss       | 7.22      |
|    explained_variance | 0         |
|    learning_rate      | 0.0007    |
|    n_updates          | 56099     |
|    policy_loss        | -1.45e+04 |
|    reward             | 707.1952  |
|    std                | 0.0116    |
|    value_loss         | 5.1e+06   |
-------------------------------------
EPISODE:  282
-------------------------------------
| time/                 |           |
|    fps                | 14        |
|    iterations         | 56200     |
|    time_elapsed       | 19174     |
|    total_timesteps    | 281000    |
| train/                |           |
|    entropy_loss       | 7.25      |
|    explained_variance | 0         |
|    learning_rate      | 0.0007    |
|    n_updates          | 56199     |
|    policy_loss        | -1.27e+03 |
|    reward             | 35.67802  |
|    std                | 0.0116    |
|    value_loss         | 4.11e+04  |
-------------------------------------
-------------------------------------
| time/                 |           |
|    fps                | 14        |
|    iterations         | 56300     |
|    time_elapsed       | 19208     |
|    total_timesteps    | 281500    |
| train/                |           |
|    entropy_loss       | 7.27      |
|    explained_variance | -2.38e-07 |
|    learning_rate      | 0.0007    |
|    n_updates          | 56299     |
|    policy_loss        | -1.49e+04 |
|    reward             | 707.1952  |
|    std                | 0.0115    |
|    value_loss         | 5.1e+06   |
-------------------------------------
EPISODE:  283
------------------------------------
| time/                 |          |
|    fps                | 14       |
|    iterations         | 56400    |
|    time_elapsed       | 19243    |
|    total_timesteps    | 282000   |
| train/                |          |
|    entropy_loss       | 7.28     |
|    explained_variance | 0        |
|    learning_rate      | 0.0007   |
|    n_updates          | 56399    |
|    policy_loss        | -1.4e+03 |
|    reward             | 35.67802 |
|    std                | 0.0115   |
|    value_loss         | 4.11e+04 |
------------------------------------
-------------------------------------
| time/                 |           |
|    fps                | 14        |
|    iterations         | 56500     |
|    time_elapsed       | 19277     |
|    total_timesteps    | 282500    |
| train/                |           |
|    entropy_loss       | 7.3       |
|    explained_variance | 5.96e-08  |
|    learning_rate      | 0.0007    |
|    n_updates          | 56499     |
|    policy_loss        | -1.34e+04 |
|    reward             | 707.1952  |
|    std                | 0.0115    |
|    value_loss         | 5.1e+06   |
-------------------------------------
EPISODE:  284
-------------------------------------
| time/                 |           |
|    fps                | 14        |
|    iterations         | 56600     |
|    time_elapsed       | 19312     |
|    total_timesteps    | 283000    |
| train/                |           |
|    entropy_loss       | 7.32      |
|    explained_variance | 0         |
|    learning_rate      | 0.0007    |
|    n_updates          | 56599     |
|    policy_loss        | -1.35e+03 |
|    reward             | 35.67802  |
|    std                | 0.0114    |
|    value_loss         | 4.1e+04   |
-------------------------------------
-------------------------------------
| time/                 |           |
|    fps                | 14        |
|    iterations         | 56700     |
|    time_elapsed       | 19346     |
|    total_timesteps    | 283500    |
| train/                |           |
|    entropy_loss       | 7.34      |
|    explained_variance | 0         |
|    learning_rate      | 0.0007    |
|    n_updates          | 56699     |
|    policy_loss        | -1.35e+04 |
|    reward             | 707.1952  |
|    std                | 0.0114    |
|    value_loss         | 5.1e+06   |
-------------------------------------
EPISODE:  285
-------------------------------------
| time/                 |           |
|    fps                | 14        |
|    iterations         | 56800     |
|    time_elapsed       | 19381     |
|    total_timesteps    | 284000    |
| train/                |           |
|    entropy_loss       | 7.35      |
|    explained_variance | -1.19e-07 |
|    learning_rate      | 0.0007    |
|    n_updates          | 56799     |
|    policy_loss        | -1.24e+03 |
|    reward             | 35.67802  |
|    std                | 0.0114    |
|    value_loss         | 4.09e+04  |
-------------------------------------
-------------------------------------
| time/                 |           |
|    fps                | 14        |
|    iterations         | 56900     |
|    time_elapsed       | 19415     |
|    total_timesteps    | 284500    |
| train/                |           |
|    entropy_loss       | 7.38      |
|    explained_variance | -1.19e-07 |
|    learning_rate      | 0.0007    |
|    n_updates          | 56899     |
|    policy_loss        | -1.57e+04 |
|    reward             | 707.1952  |
|    std                | 0.0113    |
|    value_loss         | 5.1e+06   |
-------------------------------------
EPISODE:  286
-------------------------------------
| time/                 |           |
|    fps                | 14        |
|    iterations         | 57000     |
|    time_elapsed       | 19450     |
|    total_timesteps    | 285000    |
| train/                |           |
|    entropy_loss       | 7.39      |
|    explained_variance | 0         |
|    learning_rate      | 0.0007    |
|    n_updates          | 56999     |
|    policy_loss        | -1.33e+03 |
|    reward             | 35.67802  |
|    std                | 0.0113    |
|    value_loss         | 4.09e+04  |
-------------------------------------
-------------------------------------
| time/                 |           |
|    fps                | 14        |
|    iterations         | 57100     |
|    time_elapsed       | 19484     |
|    total_timesteps    | 285500    |
| train/                |           |
|    entropy_loss       | 7.4       |
|    explained_variance | 0         |
|    learning_rate      | 0.0007    |
|    n_updates          | 57099     |
|    policy_loss        | -1.58e+04 |
|    reward             | 707.1952  |
|    std                | 0.0113    |
|    value_loss         | 5.1e+06   |
-------------------------------------
EPISODE:  287
------------------------------------
| time/                 |          |
|    fps                | 14       |
|    iterations         | 57200    |
|    time_elapsed       | 19518    |
|    total_timesteps    | 286000   |
| train/                |          |
|    entropy_loss       | 7.43     |
|    explained_variance | 0        |
|    learning_rate      | 0.0007   |
|    n_updates          | 57199    |
|    policy_loss        | -1.2e+03 |
|    reward             | 35.67802 |
|    std                | 0.0111   |
|    value_loss         | 4.08e+04 |
------------------------------------
------------------------------------
| time/                 |          |
|    fps                | 14       |
|    iterations         | 57300    |
|    time_elapsed       | 19553    |
|    total_timesteps    | 286500   |
| train/                |          |
|    entropy_loss       | 7.44     |
|    explained_variance | 0        |
|    learning_rate      | 0.0007   |
|    n_updates          | 57299    |
|    policy_loss        | -1.5e+04 |
|    reward             | 707.1952 |
|    std                | 0.0111   |
|    value_loss         | 5.1e+06  |
------------------------------------
EPISODE:  288
-------------------------------------
| time/                 |           |
|    fps                | 14        |
|    iterations         | 57400     |
|    time_elapsed       | 19587     |
|    total_timesteps    | 287000    |
| train/                |           |
|    entropy_loss       | 7.45      |
|    explained_variance | 0         |
|    learning_rate      | 0.0007    |
|    n_updates          | 57399     |
|    policy_loss        | -1.32e+03 |
|    reward             | 35.67802  |
|    std                | 0.011     |
|    value_loss         | 4.07e+04  |
-------------------------------------
-------------------------------------
| time/                 |           |
|    fps                | 14        |
|    iterations         | 57500     |
|    time_elapsed       | 19622     |
|    total_timesteps    | 287500    |
| train/                |           |
|    entropy_loss       | 7.48      |
|    explained_variance | 0         |
|    learning_rate      | 0.0007    |
|    n_updates          | 57499     |
|    policy_loss        | -1.33e+04 |
|    reward             | 707.1952  |
|    std                | 0.0109    |
|    value_loss         | 5.1e+06   |
-------------------------------------
EPISODE:  289
-------------------------------------
| time/                 |           |
|    fps                | 14        |
|    iterations         | 57600     |
|    time_elapsed       | 19656     |
|    total_timesteps    | 288000    |
| train/                |           |
|    entropy_loss       | 7.52      |
|    explained_variance | 1.19e-07  |
|    learning_rate      | 0.0007    |
|    n_updates          | 57599     |
|    policy_loss        | -1.25e+03 |
|    reward             | 35.67802  |
|    std                | 0.0108    |
|    value_loss         | 4.07e+04  |
-------------------------------------
-------------------------------------
| time/                 |           |
|    fps                | 14        |
|    iterations         | 57700     |
|    time_elapsed       | 19691     |
|    total_timesteps    | 288500    |
| train/                |           |
|    entropy_loss       | 7.53      |
|    explained_variance | 2.98e-07  |
|    learning_rate      | 0.0007    |
|    n_updates          | 57699     |
|    policy_loss        | -1.54e+04 |
|    reward             | 707.1952  |
|    std                | 0.0107    |
|    value_loss         | 5.1e+06   |
-------------------------------------
EPISODE:  290
-------------------------------------
| time/                 |           |
|    fps                | 14        |
|    iterations         | 57800     |
|    time_elapsed       | 19725     |
|    total_timesteps    | 289000    |
| train/                |           |
|    entropy_loss       | 7.55      |
|    explained_variance | 0         |
|    learning_rate      | 0.0007    |
|    n_updates          | 57799     |
|    policy_loss        | -1.42e+03 |
|    reward             | 35.67802  |
|    std                | 0.0106    |
|    value_loss         | 4.06e+04  |
-------------------------------------
-------------------------------------
| time/                 |           |
|    fps                | 14        |
|    iterations         | 57900     |
|    time_elapsed       | 19760     |
|    total_timesteps    | 289500    |
| train/                |           |
|    entropy_loss       | 7.57      |
|    explained_variance | 0         |
|    learning_rate      | 0.0007    |
|    n_updates          | 57899     |
|    policy_loss        | -1.59e+04 |
|    reward             | 707.1952  |
|    std                | 0.0106    |
|    value_loss         | 5.1e+06   |
-------------------------------------
EPISODE:  291
------------------------------------
| time/                 |          |
|    fps                | 14       |
|    iterations         | 58000    |
|    time_elapsed       | 19794    |
|    total_timesteps    | 290000   |
| train/                |          |
|    entropy_loss       | 7.58     |
|    explained_variance | 0        |
|    learning_rate      | 0.0007   |
|    n_updates          | 57999    |
|    policy_loss        | -1.4e+03 |
|    reward             | 35.67802 |
|    std                | 0.0106   |
|    value_loss         | 4.06e+04 |
------------------------------------
-------------------------------------
| time/                 |           |
|    fps                | 14        |
|    iterations         | 58100     |
|    time_elapsed       | 19828     |
|    total_timesteps    | 290500    |
| train/                |           |
|    entropy_loss       | 7.59      |
|    explained_variance | 0         |
|    learning_rate      | 0.0007    |
|    n_updates          | 58099     |
|    policy_loss        | -1.49e+04 |
|    reward             | 707.1952  |
|    std                | 0.0105    |
|    value_loss         | 5.1e+06   |
-------------------------------------
EPISODE:  292
-------------------------------------
| time/                 |           |
|    fps                | 14        |
|    iterations         | 58200     |
|    time_elapsed       | 19863     |
|    total_timesteps    | 291000    |
| train/                |           |
|    entropy_loss       | 7.61      |
|    explained_variance | 0         |
|    learning_rate      | 0.0007    |
|    n_updates          | 58199     |
|    policy_loss        | -1.46e+03 |
|    reward             | 35.67802  |
|    std                | 0.0105    |
|    value_loss         | 4.05e+04  |
-------------------------------------
-------------------------------------
| time/                 |           |
|    fps                | 14        |
|    iterations         | 58300     |
|    time_elapsed       | 19897     |
|    total_timesteps    | 291500    |
| train/                |           |
|    entropy_loss       | 7.62      |
|    explained_variance | -1.19e-07 |
|    learning_rate      | 0.0007    |
|    n_updates          | 58299     |
|    policy_loss        | -1.51e+04 |
|    reward             | 707.1952  |
|    std                | 0.0105    |
|    value_loss         | 5.1e+06   |
-------------------------------------
EPISODE:  293
-------------------------------------
| time/                 |           |
|    fps                | 14        |
|    iterations         | 58400     |
|    time_elapsed       | 19932     |
|    total_timesteps    | 292000    |
| train/                |           |
|    entropy_loss       | 7.65      |
|    explained_variance | -1.19e-07 |
|    learning_rate      | 0.0007    |
|    n_updates          | 58399     |
|    policy_loss        | -1.44e+03 |
|    reward             | 35.67802  |
|    std                | 0.0104    |
|    value_loss         | 4.05e+04  |
-------------------------------------
-------------------------------------
| time/                 |           |
|    fps                | 14        |
|    iterations         | 58500     |
|    time_elapsed       | 19967     |
|    total_timesteps    | 292500    |
| train/                |           |
|    entropy_loss       | 7.66      |
|    explained_variance | 0         |
|    learning_rate      | 0.0007    |
|    n_updates          | 58499     |
|    policy_loss        | -1.59e+04 |
|    reward             | 707.1952  |
|    std                | 0.0103    |
|    value_loss         | 5.1e+06   |
-------------------------------------
EPISODE:  294
-------------------------------------
| time/                 |           |
|    fps                | 14        |
|    iterations         | 58600     |
|    time_elapsed       | 20002     |
|    total_timesteps    | 293000    |
| train/                |           |
|    entropy_loss       | 7.68      |
|    explained_variance | 0         |
|    learning_rate      | 0.0007    |
|    n_updates          | 58599     |
|    policy_loss        | -1.28e+03 |
|    reward             | 35.67802  |
|    std                | 0.0103    |
|    value_loss         | 4.04e+04  |
-------------------------------------
-------------------------------------
| time/                 |           |
|    fps                | 14        |
|    iterations         | 58700     |
|    time_elapsed       | 20036     |
|    total_timesteps    | 293500    |
| train/                |           |
|    entropy_loss       | 7.69      |
|    explained_variance | 0         |
|    learning_rate      | 0.0007    |
|    n_updates          | 58699     |
|    policy_loss        | -1.45e+04 |
|    reward             | 707.1952  |
|    std                | 0.0103    |
|    value_loss         | 5.09e+06  |
-------------------------------------
EPISODE:  295
-------------------------------------
| time/                 |           |
|    fps                | 14        |
|    iterations         | 58800     |
|    time_elapsed       | 20071     |
|    total_timesteps    | 294000    |
| train/                |           |
|    entropy_loss       | 7.7       |
|    explained_variance | 0         |
|    learning_rate      | 0.0007    |
|    n_updates          | 58799     |
|    policy_loss        | -1.39e+03 |
|    reward             | 35.67802  |
|    std                | 0.0102    |
|    value_loss         | 4.03e+04  |
-------------------------------------
-------------------------------------
| time/                 |           |
|    fps                | 14        |
|    iterations         | 58900     |
|    time_elapsed       | 20105     |
|    total_timesteps    | 294500    |
| train/                |           |
|    entropy_loss       | 7.71      |
|    explained_variance | 0         |
|    learning_rate      | 0.0007    |
|    n_updates          | 58899     |
|    policy_loss        | -1.67e+04 |
|    reward             | 707.1952  |
|    std                | 0.0102    |
|    value_loss         | 5.09e+06  |
-------------------------------------
EPISODE:  296
-------------------------------------
| time/                 |           |
|    fps                | 14        |
|    iterations         | 59000     |
|    time_elapsed       | 20140     |
|    total_timesteps    | 295000    |
| train/                |           |
|    entropy_loss       | 7.72      |
|    explained_variance | 0         |
|    learning_rate      | 0.0007    |
|    n_updates          | 58999     |
|    policy_loss        | -1.37e+03 |
|    reward             | 35.67802  |
|    std                | 0.0102    |
|    value_loss         | 4.03e+04  |
-------------------------------------
-------------------------------------
| time/                 |           |
|    fps                | 14        |
|    iterations         | 59100     |
|    time_elapsed       | 20174     |
|    total_timesteps    | 295500    |
| train/                |           |
|    entropy_loss       | 7.73      |
|    explained_variance | 0         |
|    learning_rate      | 0.0007    |
|    n_updates          | 59099     |
|    policy_loss        | -1.71e+04 |
|    reward             | 707.1952  |
|    std                | 0.0102    |
|    value_loss         | 5.09e+06  |
-------------------------------------
EPISODE:  297
-------------------------------------
| time/                 |           |
|    fps                | 14        |
|    iterations         | 59200     |
|    time_elapsed       | 20208     |
|    total_timesteps    | 296000    |
| train/                |           |
|    entropy_loss       | 7.74      |
|    explained_variance | 0         |
|    learning_rate      | 0.0007    |
|    n_updates          | 59199     |
|    policy_loss        | -1.33e+03 |
|    reward             | 35.67802  |
|    std                | 0.0102    |
|    value_loss         | 4.02e+04  |
-------------------------------------
-------------------------------------
| time/                 |           |
|    fps                | 14        |
|    iterations         | 59300     |
|    time_elapsed       | 20243     |
|    total_timesteps    | 296500    |
| train/                |           |
|    entropy_loss       | 7.74      |
|    explained_variance | 0         |
|    learning_rate      | 0.0007    |
|    n_updates          | 59299     |
|    policy_loss        | -1.27e+04 |
|    reward             | 707.1952  |
|    std                | 0.0103    |
|    value_loss         | 5.09e+06  |
-------------------------------------
EPISODE:  298
-------------------------------------
| time/                 |           |
|    fps                | 14        |
|    iterations         | 59400     |
|    time_elapsed       | 20277     |
|    total_timesteps    | 297000    |
| train/                |           |
|    entropy_loss       | 7.75      |
|    explained_variance | 0         |
|    learning_rate      | 0.0007    |
|    n_updates          | 59399     |
|    policy_loss        | -1.44e+03 |
|    reward             | 35.67802  |
|    std                | 0.0103    |
|    value_loss         | 4.02e+04  |
-------------------------------------
-------------------------------------
| time/                 |           |
|    fps                | 14        |
|    iterations         | 59500     |
|    time_elapsed       | 20312     |
|    total_timesteps    | 297500    |
| train/                |           |
|    entropy_loss       | 7.76      |
|    explained_variance | 0         |
|    learning_rate      | 0.0007    |
|    n_updates          | 59499     |
|    policy_loss        | -1.63e+04 |
|    reward             | 707.1952  |
|    std                | 0.0102    |
|    value_loss         | 5.09e+06  |
-------------------------------------
EPISODE:  299
-------------------------------------
| time/                 |           |
|    fps                | 14        |
|    iterations         | 59600     |
|    time_elapsed       | 20346     |
|    total_timesteps    | 298000    |
| train/                |           |
|    entropy_loss       | 7.77      |
|    explained_variance | 0         |
|    learning_rate      | 0.0007    |
|    n_updates          | 59599     |
|    policy_loss        | -1.23e+03 |
|    reward             | 35.67802  |
|    std                | 0.0102    |
|    value_loss         | 4.01e+04  |
-------------------------------------
-------------------------------------
| time/                 |           |
|    fps                | 14        |
|    iterations         | 59700     |
|    time_elapsed       | 20381     |
|    total_timesteps    | 298500    |
| train/                |           |
|    entropy_loss       | 7.78      |
|    explained_variance | 0         |
|    learning_rate      | 0.0007    |
|    n_updates          | 59699     |
|    policy_loss        | -1.59e+04 |
|    reward             | 707.1952  |
|    std                | 0.0102    |
|    value_loss         | 5.09e+06  |
-------------------------------------
EPISODE:  300
-------------------------------------
| time/                 |           |
|    fps                | 14        |
|    iterations         | 59800     |
|    time_elapsed       | 20415     |
|    total_timesteps    | 299000    |
| train/                |           |
|    entropy_loss       | 7.8       |
|    explained_variance | 0         |
|    learning_rate      | 0.0007    |
|    n_updates          | 59799     |
|    policy_loss        | -1.48e+03 |
|    reward             | 35.67802  |
|    std                | 0.0102    |
|    value_loss         | 4.01e+04  |
-------------------------------------
-------------------------------------
| time/                 |           |
|    fps                | 14        |
|    iterations         | 59900     |
|    time_elapsed       | 20450     |
|    total_timesteps    | 299500    |
| train/                |           |
|    entropy_loss       | 7.79      |
|    explained_variance | 0         |
|    learning_rate      | 0.0007    |
|    n_updates          | 59899     |
|    policy_loss        | -1.47e+04 |
|    reward             | 707.1952  |
|    std                | 0.0103    |
|    value_loss         | 5.09e+06  |
-------------------------------------
EPISODE:  301
-------------------------------------
| time/                 |           |
|    fps                | 14        |
|    iterations         | 60000     |
|    time_elapsed       | 20484     |
|    total_timesteps    | 300000    |
| train/                |           |
|    entropy_loss       | 7.8       |
|    explained_variance | 0         |
|    learning_rate      | 0.0007    |
|    n_updates          | 59999     |
|    policy_loss        | -1.27e+03 |
|    reward             | 35.67802  |
|    std                | 0.0103    |
|    value_loss         | 4e+04     |
-------------------------------------
-------------------------------------
| time/                 |           |
|    fps                | 14        |
|    iterations         | 60100     |
|    time_elapsed       | 20519     |
|    total_timesteps    | 300500    |
| train/                |           |
|    entropy_loss       | 7.82      |
|    explained_variance | 0         |
|    learning_rate      | 0.0007    |
|    n_updates          | 60099     |
|    policy_loss        | -1.42e+04 |
|    reward             | 707.1952  |
|    std                | 0.0102    |
|    value_loss         | 5.09e+06  |
-------------------------------------
EPISODE:  302
-------------------------------------
| time/                 |           |
|    fps                | 14        |
|    iterations         | 60200     |
|    time_elapsed       | 20553     |
|    total_timesteps    | 301000    |
| train/                |           |
|    entropy_loss       | 7.83      |
|    explained_variance | 0         |
|    learning_rate      | 0.0007    |
|    n_updates          | 60199     |
|    policy_loss        | -1.33e+03 |
|    reward             | 35.67802  |
|    std                | 0.0102    |
|    value_loss         | 4e+04     |
-------------------------------------
-------------------------------------
| time/                 |           |
|    fps                | 14        |
|    iterations         | 60300     |
|    time_elapsed       | 20588     |
|    total_timesteps    | 301500    |
| train/                |           |
|    entropy_loss       | 7.83      |
|    explained_variance | 0         |
|    learning_rate      | 0.0007    |
|    n_updates          | 60299     |
|    policy_loss        | -1.52e+04 |
|    reward             | 707.1952  |
|    std                | 0.0102    |
|    value_loss         | 5.09e+06  |
-------------------------------------
EPISODE:  303
-------------------------------------
| time/                 |           |
|    fps                | 14        |
|    iterations         | 60400     |
|    time_elapsed       | 20622     |
|    total_timesteps    | 302000    |
| train/                |           |
|    entropy_loss       | 7.84      |
|    explained_variance | 0         |
|    learning_rate      | 0.0007    |
|    n_updates          | 60399     |
|    policy_loss        | -1.28e+03 |
|    reward             | 35.67802  |
|    std                | 0.0101    |
|    value_loss         | 3.99e+04  |
-------------------------------------
------------------------------------
| time/                 |          |
|    fps                | 14       |
|    iterations         | 60500    |
|    time_elapsed       | 20656    |
|    total_timesteps    | 302500   |
| train/                |          |
|    entropy_loss       | 7.86     |
|    explained_variance | 0        |
|    learning_rate      | 0.0007   |
|    n_updates          | 60499    |
|    policy_loss        | -1.7e+04 |
|    reward             | 707.1952 |
|    std                | 0.0101   |
|    value_loss         | 5.09e+06 |
------------------------------------
EPISODE:  304
------------------------------------
| time/                 |          |
|    fps                | 14       |
|    iterations         | 60600    |
|    time_elapsed       | 20691    |
|    total_timesteps    | 303000   |
| train/                |          |
|    entropy_loss       | 7.86     |
|    explained_variance | 1.19e-07 |
|    learning_rate      | 0.0007   |
|    n_updates          | 60599    |
|    policy_loss        | -1.5e+03 |
|    reward             | 35.67802 |
|    std                | 0.0101   |
|    value_loss         | 3.99e+04 |
------------------------------------
-------------------------------------
| time/                 |           |
|    fps                | 14        |
|    iterations         | 60700     |
|    time_elapsed       | 20725     |
|    total_timesteps    | 303500    |
| train/                |           |
|    entropy_loss       | 7.88      |
|    explained_variance | 0         |
|    learning_rate      | 0.0007    |
|    n_updates          | 60699     |
|    policy_loss        | -1.63e+04 |
|    reward             | 707.1952  |
|    std                | 0.0101    |
|    value_loss         | 5.09e+06  |
-------------------------------------
EPISODE:  305
-------------------------------------
| time/                 |           |
|    fps                | 14        |
|    iterations         | 60800     |
|    time_elapsed       | 20760     |
|    total_timesteps    | 304000    |
| train/                |           |
|    entropy_loss       | 7.92      |
|    explained_variance | 1.19e-07  |
|    learning_rate      | 0.0007    |
|    n_updates          | 60799     |
|    policy_loss        | -1.31e+03 |
|    reward             | 35.67802  |
|    std                | 0.0099    |
|    value_loss         | 3.98e+04  |
-------------------------------------
-------------------------------------
| time/                 |           |
|    fps                | 14        |
|    iterations         | 60900     |
|    time_elapsed       | 20794     |
|    total_timesteps    | 304500    |
| train/                |           |
|    entropy_loss       | 7.93      |
|    explained_variance | 0         |
|    learning_rate      | 0.0007    |
|    n_updates          | 60899     |
|    policy_loss        | -1.48e+04 |
|    reward             | 707.1952  |
|    std                | 0.00989   |
|    value_loss         | 5.09e+06  |
-------------------------------------
EPISODE:  306
------------------------------------
| time/                 |          |
|    fps                | 14       |
|    iterations         | 61000    |
|    time_elapsed       | 20828    |
|    total_timesteps    | 305000   |
| train/                |          |
|    entropy_loss       | 7.94     |
|    explained_variance | 0        |
|    learning_rate      | 0.0007   |
|    n_updates          | 60999    |
|    policy_loss        | -1.5e+03 |
|    reward             | 35.67802 |
|    std                | 0.00983  |
|    value_loss         | 3.98e+04 |
------------------------------------
-------------------------------------
| time/                 |           |
|    fps                | 14        |
|    iterations         | 61100     |
|    time_elapsed       | 20863     |
|    total_timesteps    | 305500    |
| train/                |           |
|    entropy_loss       | 7.94      |
|    explained_variance | 0         |
|    learning_rate      | 0.0007    |
|    n_updates          | 61099     |
|    policy_loss        | -1.48e+04 |
|    reward             | 707.1952  |
|    std                | 0.00988   |
|    value_loss         | 5.09e+06  |
-------------------------------------
EPISODE:  307
-------------------------------------
| time/                 |           |
|    fps                | 14        |
|    iterations         | 61200     |
|    time_elapsed       | 20898     |
|    total_timesteps    | 306000    |
| train/                |           |
|    entropy_loss       | 7.95      |
|    explained_variance | -1.19e-07 |
|    learning_rate      | 0.0007    |
|    n_updates          | 61199     |
|    policy_loss        | -1.53e+03 |
|    reward             | 35.67802  |
|    std                | 0.00986   |
|    value_loss         | 3.97e+04  |
-------------------------------------
-------------------------------------
| time/                 |           |
|    fps                | 14        |
|    iterations         | 61300     |
|    time_elapsed       | 20933     |
|    total_timesteps    | 306500    |
| train/                |           |
|    entropy_loss       | 7.95      |
|    explained_variance | 0         |
|    learning_rate      | 0.0007    |
|    n_updates          | 61299     |
|    policy_loss        | -1.71e+04 |
|    reward             | 707.1952  |
|    std                | 0.00984   |
|    value_loss         | 5.09e+06  |
-------------------------------------
EPISODE:  308
-------------------------------------
| time/                 |           |
|    fps                | 14        |
|    iterations         | 61400     |
|    time_elapsed       | 20967     |
|    total_timesteps    | 307000    |
| train/                |           |
|    entropy_loss       | 7.98      |
|    explained_variance | 0         |
|    learning_rate      | 0.0007    |
|    n_updates          | 61399     |
|    policy_loss        | -1.37e+03 |
|    reward             | 35.67802  |
|    std                | 0.0098    |
|    value_loss         | 3.97e+04  |
-------------------------------------
-------------------------------------
| time/                 |           |
|    fps                | 14        |
|    iterations         | 61500     |
|    time_elapsed       | 21002     |
|    total_timesteps    | 307500    |
| train/                |           |
|    entropy_loss       | 7.99      |
|    explained_variance | 5.96e-08  |
|    learning_rate      | 0.0007    |
|    n_updates          | 61499     |
|    policy_loss        | -1.66e+04 |
|    reward             | 707.1952  |
|    std                | 0.0098    |
|    value_loss         | 5.09e+06  |
-------------------------------------
EPISODE:  309
-------------------------------------
| time/                 |           |
|    fps                | 14        |
|    iterations         | 61600     |
|    time_elapsed       | 21036     |
|    total_timesteps    | 308000    |
| train/                |           |
|    entropy_loss       | 8         |
|    explained_variance | 0         |
|    learning_rate      | 0.0007    |
|    n_updates          | 61599     |
|    policy_loss        | -1.43e+03 |
|    reward             | 35.67802  |
|    std                | 0.00985   |
|    value_loss         | 3.96e+04  |
-------------------------------------
-------------------------------------
| time/                 |           |
|    fps                | 14        |
|    iterations         | 61700     |
|    time_elapsed       | 21071     |
|    total_timesteps    | 308500    |
| train/                |           |
|    entropy_loss       | 8.01      |
|    explained_variance | 1.19e-07  |
|    learning_rate      | 0.0007    |
|    n_updates          | 61699     |
|    policy_loss        | -1.57e+04 |
|    reward             | 707.1952  |
|    std                | 0.00987   |
|    value_loss         | 5.09e+06  |
-------------------------------------
EPISODE:  310
-------------------------------------
| time/                 |           |
|    fps                | 14        |
|    iterations         | 61800     |
|    time_elapsed       | 21105     |
|    total_timesteps    | 309000    |
| train/                |           |
|    entropy_loss       | 8.04      |
|    explained_variance | 0         |
|    learning_rate      | 0.0007    |
|    n_updates          | 61799     |
|    policy_loss        | -1.41e+03 |
|    reward             | 35.67802  |
|    std                | 0.00983   |
|    value_loss         | 3.96e+04  |
-------------------------------------
-------------------------------------
| time/                 |           |
|    fps                | 14        |
|    iterations         | 61900     |
|    time_elapsed       | 21140     |
|    total_timesteps    | 309500    |
| train/                |           |
|    entropy_loss       | 8.05      |
|    explained_variance | -1.19e-07 |
|    learning_rate      | 0.0007    |
|    n_updates          | 61899     |
|    policy_loss        | -1.7e+04  |
|    reward             | 707.1952  |
|    std                | 0.00982   |
|    value_loss         | 5.08e+06  |
-------------------------------------
EPISODE:  311
-------------------------------------
| time/                 |           |
|    fps                | 14        |
|    iterations         | 62000     |
|    time_elapsed       | 21174     |
|    total_timesteps    | 310000    |
| train/                |           |
|    entropy_loss       | 8.04      |
|    explained_variance | 0         |
|    learning_rate      | 0.0007    |
|    n_updates          | 61999     |
|    policy_loss        | -1.46e+03 |
|    reward             | 35.67802  |
|    std                | 0.00984   |
|    value_loss         | 3.95e+04  |
-------------------------------------
-------------------------------------
| time/                 |           |
|    fps                | 14        |
|    iterations         | 62100     |
|    time_elapsed       | 21208     |
|    total_timesteps    | 310500    |
| train/                |           |
|    entropy_loss       | 8.06      |
|    explained_variance | 0         |
|    learning_rate      | 0.0007    |
|    n_updates          | 62099     |
|    policy_loss        | -1.71e+04 |
|    reward             | 707.1952  |
|    std                | 0.00974   |
|    value_loss         | 5.08e+06  |
-------------------------------------
EPISODE:  312
-------------------------------------
| time/                 |           |
|    fps                | 14        |
|    iterations         | 62200     |
|    time_elapsed       | 21243     |
|    total_timesteps    | 311000    |
| train/                |           |
|    entropy_loss       | 8.06      |
|    explained_variance | 0         |
|    learning_rate      | 0.0007    |
|    n_updates          | 62199     |
|    policy_loss        | -1.52e+03 |
|    reward             | 35.67802  |
|    std                | 0.00978   |
|    value_loss         | 3.95e+04  |
-------------------------------------
-------------------------------------
| time/                 |           |
|    fps                | 14        |
|    iterations         | 62300     |
|    time_elapsed       | 21277     |
|    total_timesteps    | 311500    |
| train/                |           |
|    entropy_loss       | 8.07      |
|    explained_variance | 0         |
|    learning_rate      | 0.0007    |
|    n_updates          | 62299     |
|    policy_loss        | -1.65e+04 |
|    reward             | 707.1952  |
|    std                | 0.0097    |
|    value_loss         | 5.08e+06  |
-------------------------------------
EPISODE:  313
-------------------------------------
| time/                 |           |
|    fps                | 14        |
|    iterations         | 62400     |
|    time_elapsed       | 21312     |
|    total_timesteps    | 312000    |
| train/                |           |
|    entropy_loss       | 8.12      |
|    explained_variance | 0         |
|    learning_rate      | 0.0007    |
|    n_updates          | 62399     |
|    policy_loss        | -1.45e+03 |
|    reward             | 35.67802  |
|    std                | 0.00956   |
|    value_loss         | 3.94e+04  |
-------------------------------------
-------------------------------------
| time/                 |           |
|    fps                | 14        |
|    iterations         | 62500     |
|    time_elapsed       | 21346     |
|    total_timesteps    | 312500    |
| train/                |           |
|    entropy_loss       | 8.12      |
|    explained_variance | 0         |
|    learning_rate      | 0.0007    |
|    n_updates          | 62499     |
|    policy_loss        | -1.54e+04 |
|    reward             | 707.1952  |
|    std                | 0.00954   |
|    value_loss         | 5.08e+06  |
-------------------------------------
EPISODE:  314
-------------------------------------
| time/                 |           |
|    fps                | 14        |
|    iterations         | 62600     |
|    time_elapsed       | 21381     |
|    total_timesteps    | 313000    |
| train/                |           |
|    entropy_loss       | 8.13      |
|    explained_variance | 0         |
|    learning_rate      | 0.0007    |
|    n_updates          | 62599     |
|    policy_loss        | -1.55e+03 |
|    reward             | 35.67802  |
|    std                | 0.00952   |
|    value_loss         | 3.94e+04  |
-------------------------------------
-------------------------------------
| time/                 |           |
|    fps                | 14        |
|    iterations         | 62700     |
|    time_elapsed       | 21415     |
|    total_timesteps    | 313500    |
| train/                |           |
|    entropy_loss       | 8.15      |
|    explained_variance | 0         |
|    learning_rate      | 0.0007    |
|    n_updates          | 62699     |
|    policy_loss        | -1.63e+04 |
|    reward             | 707.1952  |
|    std                | 0.00948   |
|    value_loss         | 5.08e+06  |
-------------------------------------
EPISODE:  315
-------------------------------------
| time/                 |           |
|    fps                | 14        |
|    iterations         | 62800     |
|    time_elapsed       | 21450     |
|    total_timesteps    | 314000    |
| train/                |           |
|    entropy_loss       | 8.16      |
|    explained_variance | 0         |
|    learning_rate      | 0.0007    |
|    n_updates          | 62799     |
|    policy_loss        | -1.37e+03 |
|    reward             | 35.67802  |
|    std                | 0.00949   |
|    value_loss         | 3.93e+04  |
-------------------------------------
-------------------------------------
| time/                 |           |
|    fps                | 14        |
|    iterations         | 62900     |
|    time_elapsed       | 21484     |
|    total_timesteps    | 314500    |
| train/                |           |
|    entropy_loss       | 8.17      |
|    explained_variance | 0         |
|    learning_rate      | 0.0007    |
|    n_updates          | 62899     |
|    policy_loss        | -1.76e+04 |
|    reward             | 707.1952  |
|    std                | 0.00944   |
|    value_loss         | 5.08e+06  |
-------------------------------------
EPISODE:  316
-------------------------------------
| time/                 |           |
|    fps                | 14        |
|    iterations         | 63000     |
|    time_elapsed       | 21518     |
|    total_timesteps    | 315000    |
| train/                |           |
|    entropy_loss       | 8.19      |
|    explained_variance | 0         |
|    learning_rate      | 0.0007    |
|    n_updates          | 62999     |
|    policy_loss        | -1.53e+03 |
|    reward             | 35.67802  |
|    std                | 0.00949   |
|    value_loss         | 3.93e+04  |
-------------------------------------
-------------------------------------
| time/                 |           |
|    fps                | 14        |
|    iterations         | 63100     |
|    time_elapsed       | 21553     |
|    total_timesteps    | 315500    |
| train/                |           |
|    entropy_loss       | 8.21      |
|    explained_variance | 0         |
|    learning_rate      | 0.0007    |
|    n_updates          | 63099     |
|    policy_loss        | -1.61e+04 |
|    reward             | 707.1952  |
|    std                | 0.00945   |
|    value_loss         | 5.08e+06  |
-------------------------------------
EPISODE:  317
-------------------------------------
| time/                 |           |
|    fps                | 14        |
|    iterations         | 63200     |
|    time_elapsed       | 21587     |
|    total_timesteps    | 316000    |
| train/                |           |
|    entropy_loss       | 8.22      |
|    explained_variance | 0         |
|    learning_rate      | 0.0007    |
|    n_updates          | 63199     |
|    policy_loss        | -1.51e+03 |
|    reward             | 35.67802  |
|    std                | 0.00953   |
|    value_loss         | 3.92e+04  |
-------------------------------------
-------------------------------------
| time/                 |           |
|    fps                | 14        |
|    iterations         | 63300     |
|    time_elapsed       | 21622     |
|    total_timesteps    | 316500    |
| train/                |           |
|    entropy_loss       | 8.23      |
|    explained_variance | 0         |
|    learning_rate      | 0.0007    |
|    n_updates          | 63299     |
|    policy_loss        | -1.56e+04 |
|    reward             | 707.1952  |
|    std                | 0.0096    |
|    value_loss         | 5.08e+06  |
-------------------------------------
EPISODE:  318
-------------------------------------
| time/                 |           |
|    fps                | 14        |
|    iterations         | 63400     |
|    time_elapsed       | 21656     |
|    total_timesteps    | 317000    |
| train/                |           |
|    entropy_loss       | 8.24      |
|    explained_variance | 0         |
|    learning_rate      | 0.0007    |
|    n_updates          | 63399     |
|    policy_loss        | -1.51e+03 |
|    reward             | 35.67802  |
|    std                | 0.00963   |
|    value_loss         | 3.92e+04  |
-------------------------------------
-------------------------------------
| time/                 |           |
|    fps                | 14        |
|    iterations         | 63500     |
|    time_elapsed       | 21690     |
|    total_timesteps    | 317500    |
| train/                |           |
|    entropy_loss       | 8.26      |
|    explained_variance | 0         |
|    learning_rate      | 0.0007    |
|    n_updates          | 63499     |
|    policy_loss        | -1.74e+04 |
|    reward             | 707.1952  |
|    std                | 0.00958   |
|    value_loss         | 5.08e+06  |
-------------------------------------
EPISODE:  319
-------------------------------------
| time/                 |           |
|    fps                | 14        |
|    iterations         | 63600     |
|    time_elapsed       | 21725     |
|    total_timesteps    | 318000    |
| train/                |           |
|    entropy_loss       | 8.27      |
|    explained_variance | -1.19e-07 |
|    learning_rate      | 0.0007    |
|    n_updates          | 63599     |
|    policy_loss        | -1.51e+03 |
|    reward             | 35.67802  |
|    std                | 0.00958   |
|    value_loss         | 3.91e+04  |
-------------------------------------
-------------------------------------
| time/                 |           |
|    fps                | 14        |
|    iterations         | 63700     |
|    time_elapsed       | 21759     |
|    total_timesteps    | 318500    |
| train/                |           |
|    entropy_loss       | 8.3       |
|    explained_variance | 0         |
|    learning_rate      | 0.0007    |
|    n_updates          | 63699     |
|    policy_loss        | -1.35e+04 |
|    reward             | 707.1952  |
|    std                | 0.0095    |
|    value_loss         | 5.08e+06  |
-------------------------------------
EPISODE:  320
-------------------------------------
| time/                 |           |
|    fps                | 14        |
|    iterations         | 63800     |
|    time_elapsed       | 21794     |
|    total_timesteps    | 319000    |
| train/                |           |
|    entropy_loss       | 8.32      |
|    explained_variance | 0         |
|    learning_rate      | 0.0007    |
|    n_updates          | 63799     |
|    policy_loss        | -1.56e+03 |
|    reward             | 35.67802  |
|    std                | 0.0094    |
|    value_loss         | 3.9e+04   |
-------------------------------------
-------------------------------------
| time/                 |           |
|    fps                | 14        |
|    iterations         | 63900     |
|    time_elapsed       | 21829     |
|    total_timesteps    | 319500    |
| train/                |           |
|    entropy_loss       | 8.33      |
|    explained_variance | 0         |
|    learning_rate      | 0.0007    |
|    n_updates          | 63899     |
|    policy_loss        | -1.79e+04 |
|    reward             | 707.1952  |
|    std                | 0.0094    |
|    value_loss         | 5.08e+06  |
-------------------------------------
EPISODE:  321
-------------------------------------
| time/                 |           |
|    fps                | 14        |
|    iterations         | 64000     |
|    time_elapsed       | 21864     |
|    total_timesteps    | 320000    |
| train/                |           |
|    entropy_loss       | 8.35      |
|    explained_variance | 0         |
|    learning_rate      | 0.0007    |
|    n_updates          | 63999     |
|    policy_loss        | -1.55e+03 |
|    reward             | 35.67802  |
|    std                | 0.00936   |
|    value_loss         | 3.9e+04   |
-------------------------------------
-------------------------------------
| time/                 |           |
|    fps                | 14        |
|    iterations         | 64100     |
|    time_elapsed       | 21898     |
|    total_timesteps    | 320500    |
| train/                |           |
|    entropy_loss       | 8.36      |
|    explained_variance | 0         |
|    learning_rate      | 0.0007    |
|    n_updates          | 64099     |
|    policy_loss        | -1.82e+04 |
|    reward             | 707.1952  |
|    std                | 0.00936   |
|    value_loss         | 5.08e+06  |
-------------------------------------
EPISODE:  322
-------------------------------------
| time/                 |           |
|    fps                | 14        |
|    iterations         | 64200     |
|    time_elapsed       | 21933     |
|    total_timesteps    | 321000    |
| train/                |           |
|    entropy_loss       | 8.38      |
|    explained_variance | 0         |
|    learning_rate      | 0.0007    |
|    n_updates          | 64199     |
|    policy_loss        | -1.34e+03 |
|    reward             | 35.673103 |
|    std                | 0.0093    |
|    value_loss         | 3.89e+04  |
-------------------------------------
-------------------------------------
| time/                 |           |
|    fps                | 14        |
|    iterations         | 64300     |
|    time_elapsed       | 21967     |
|    total_timesteps    | 321500    |
| train/                |           |
|    entropy_loss       | 8.39      |
|    explained_variance | 0         |
|    learning_rate      | 0.0007    |
|    n_updates          | 64299     |
|    policy_loss        | -1.73e+04 |
|    reward             | 701.9175  |
|    std                | 0.00925   |
|    value_loss         | 5e+06     |
-------------------------------------
EPISODE:  323
-------------------------------------
| time/                 |           |
|    fps                | 14        |
|    iterations         | 64400     |
|    time_elapsed       | 22001     |
|    total_timesteps    | 322000    |
| train/                |           |
|    entropy_loss       | 8.41      |
|    explained_variance | 0         |
|    learning_rate      | 0.0007    |
|    n_updates          | 64399     |
|    policy_loss        | -1.51e+03 |
|    reward             | 35.411762 |
|    std                | 0.00918   |
|    value_loss         | 3.81e+04  |
-------------------------------------
-------------------------------------
| time/                 |           |
|    fps                | 14        |
|    iterations         | 64500     |
|    time_elapsed       | 22036     |
|    total_timesteps    | 322500    |
| train/                |           |
|    entropy_loss       | 8.41      |
|    explained_variance | 0         |
|    learning_rate      | 0.0007    |
|    n_updates          | 64499     |
|    policy_loss        | -1.64e+04 |
|    reward             | 644.1655  |
|    std                | 0.00915   |
|    value_loss         | 4.21e+06  |
-------------------------------------
EPISODE:  324
-------------------------------------
| time/                 |           |
|    fps                | 14        |
|    iterations         | 64600     |
|    time_elapsed       | 22070     |
|    total_timesteps    | 323000    |
| train/                |           |
|    entropy_loss       | 8.42      |
|    explained_variance | 0         |
|    learning_rate      | 0.0007    |
|    n_updates          | 64599     |
|    policy_loss        | -558      |
|    reward             | 16.703985 |
|    std                | 0.00915   |
|    value_loss         | 5.16e+03  |
-------------------------------------
-------------------------------------
| time/                 |           |
|    fps                | 14        |
|    iterations         | 64700     |
|    time_elapsed       | 22105     |
|    total_timesteps    | 323500    |
| train/                |           |
|    entropy_loss       | 8.43      |
|    explained_variance | 0         |
|    learning_rate      | 0.0007    |
|    n_updates          | 64699     |
|    policy_loss        | -1.71e+04 |
|    reward             | 669.7994  |
|    std                | 0.00916   |
|    value_loss         | 4.54e+06  |
-------------------------------------
EPISODE:  325
-------------------------------------
| time/                 |           |
|    fps                | 14        |
|    iterations         | 64800     |
|    time_elapsed       | 22139     |
|    total_timesteps    | 324000    |
| train/                |           |
|    entropy_loss       | 8.45      |
|    explained_variance | 0         |
|    learning_rate      | 0.0007    |
|    n_updates          | 64799     |
|    policy_loss        | -1.25e+03 |
|    reward             | 33.465656 |
|    std                | 0.00906   |
|    value_loss         | 3.25e+04  |
-------------------------------------
-------------------------------------
| time/                 |           |
|    fps                | 14        |
|    iterations         | 64900     |
|    time_elapsed       | 22173     |
|    total_timesteps    | 324500    |
| train/                |           |
|    entropy_loss       | 8.47      |
|    explained_variance | 0         |
|    learning_rate      | 0.0007    |
|    n_updates          | 64899     |
|    policy_loss        | -1.78e+04 |
|    reward             | 707.1952  |
|    std                | 0.00896   |
|    value_loss         | 5.08e+06  |
-------------------------------------
EPISODE:  326
-------------------------------------
| time/                 |           |
|    fps                | 14        |
|    iterations         | 65000     |
|    time_elapsed       | 22208     |
|    total_timesteps    | 325000    |
| train/                |           |
|    entropy_loss       | 8.48      |
|    explained_variance | 0         |
|    learning_rate      | 0.0007    |
|    n_updates          | 64999     |
|    policy_loss        | -1.55e+03 |
|    reward             | 35.67802  |
|    std                | 0.00893   |
|    value_loss         | 3.88e+04  |
-------------------------------------
-------------------------------------
| time/                 |           |
|    fps                | 14        |
|    iterations         | 65100     |
|    time_elapsed       | 22242     |
|    total_timesteps    | 325500    |
| train/                |           |
|    entropy_loss       | 8.49      |
|    explained_variance | 0         |
|    learning_rate      | 0.0007    |
|    n_updates          | 65099     |
|    policy_loss        | -1.79e+04 |
|    reward             | 707.1952  |
|    std                | 0.00889   |
|    value_loss         | 5.08e+06  |
-------------------------------------
EPISODE:  327
------------------------------------
| time/                 |          |
|    fps                | 14       |
|    iterations         | 65200    |
|    time_elapsed       | 22277    |
|    total_timesteps    | 326000   |
| train/                |          |
|    entropy_loss       | 8.51     |
|    explained_variance | 0        |
|    learning_rate      | 0.0007   |
|    n_updates          | 65199    |
|    policy_loss        | -1.5e+03 |
|    reward             | 35.67802 |
|    std                | 0.00881  |
|    value_loss         | 3.87e+04 |
------------------------------------
-------------------------------------
| time/                 |           |
|    fps                | 14        |
|    iterations         | 65300     |
|    time_elapsed       | 22311     |
|    total_timesteps    | 326500    |
| train/                |           |
|    entropy_loss       | 8.53      |
|    explained_variance | 0         |
|    learning_rate      | 0.0007    |
|    n_updates          | 65299     |
|    policy_loss        | -1.72e+04 |
|    reward             | 707.1952  |
|    std                | 0.00877   |
|    value_loss         | 5.08e+06  |
-------------------------------------
EPISODE:  328
-------------------------------------
| time/                 |           |
|    fps                | 14        |
|    iterations         | 65400     |
|    time_elapsed       | 22345     |
|    total_timesteps    | 327000    |
| train/                |           |
|    entropy_loss       | 8.54      |
|    explained_variance | 0         |
|    learning_rate      | 0.0007    |
|    n_updates          | 65399     |
|    policy_loss        | -1.54e+03 |
|    reward             | 35.67802  |
|    std                | 0.00874   |
|    value_loss         | 3.87e+04  |
-------------------------------------
-------------------------------------
| time/                 |           |
|    fps                | 14        |
|    iterations         | 65500     |
|    time_elapsed       | 22380     |
|    total_timesteps    | 327500    |
| train/                |           |
|    entropy_loss       | 8.56      |
|    explained_variance | 0         |
|    learning_rate      | 0.0007    |
|    n_updates          | 65499     |
|    policy_loss        | -1.85e+04 |
|    reward             | 707.1952  |
|    std                | 0.00869   |
|    value_loss         | 5.07e+06  |
-------------------------------------
EPISODE:  329
-------------------------------------
| time/                 |           |
|    fps                | 14        |
|    iterations         | 65600     |
|    time_elapsed       | 22414     |
|    total_timesteps    | 328000    |
| train/                |           |
|    entropy_loss       | 8.57      |
|    explained_variance | 0         |
|    learning_rate      | 0.0007    |
|    n_updates          | 65599     |
|    policy_loss        | -1.52e+03 |
|    reward             | 35.67802  |
|    std                | 0.00868   |
|    value_loss         | 3.86e+04  |
-------------------------------------
-------------------------------------
| time/                 |           |
|    fps                | 14        |
|    iterations         | 65700     |
|    time_elapsed       | 22449     |
|    total_timesteps    | 328500    |
| train/                |           |
|    entropy_loss       | 8.58      |
|    explained_variance | 0         |
|    learning_rate      | 0.0007    |
|    n_updates          | 65699     |
|    policy_loss        | -1.69e+04 |
|    reward             | 706.7587  |
|    std                | 0.00867   |
|    value_loss         | 5.07e+06  |
-------------------------------------
EPISODE:  330
-------------------------------------
| time/                 |           |
|    fps                | 14        |
|    iterations         | 65800     |
|    time_elapsed       | 22483     |
|    total_timesteps    | 329000    |
| train/                |           |
|    entropy_loss       | 8.59      |
|    explained_variance | 1.19e-07  |
|    learning_rate      | 0.0007    |
|    n_updates          | 65799     |
|    policy_loss        | -1.47e+03 |
|    reward             | 35.453423 |
|    std                | 0.00861   |
|    value_loss         | 3.79e+04  |
-------------------------------------
-------------------------------------
| time/                 |           |
|    fps                | 14        |
|    iterations         | 65900     |
|    time_elapsed       | 22517     |
|    total_timesteps    | 329500    |
| train/                |           |
|    entropy_loss       | 8.6       |
|    explained_variance | 0         |
|    learning_rate      | 0.0007    |
|    n_updates          | 65899     |
|    policy_loss        | -1.87e+04 |
|    reward             | 707.1952  |
|    std                | 0.00855   |
|    value_loss         | 5.07e+06  |
-------------------------------------
EPISODE:  331
------------------------------------
| time/                 |          |
|    fps                | 14       |
|    iterations         | 66000    |
|    time_elapsed       | 22552    |
|    total_timesteps    | 330000   |
| train/                |          |
|    entropy_loss       | 8.61     |
|    explained_variance | 0        |
|    learning_rate      | 0.0007   |
|    n_updates          | 65999    |
|    policy_loss        | -1.5e+03 |
|    reward             | 35.67802 |
|    std                | 0.00855  |
|    value_loss         | 3.85e+04 |
------------------------------------
-------------------------------------
| time/                 |           |
|    fps                | 14        |
|    iterations         | 66100     |
|    time_elapsed       | 22586     |
|    total_timesteps    | 330500    |
| train/                |           |
|    entropy_loss       | 8.64      |
|    explained_variance | 1.19e-07  |
|    learning_rate      | 0.0007    |
|    n_updates          | 66099     |
|    policy_loss        | -1.67e+04 |
|    reward             | 707.1952  |
|    std                | 0.00845   |
|    value_loss         | 5.07e+06  |
-------------------------------------
EPISODE:  332
------------------------------------
| time/                 |          |
|    fps                | 14       |
|    iterations         | 66200    |
|    time_elapsed       | 22621    |
|    total_timesteps    | 331000   |
| train/                |          |
|    entropy_loss       | 8.64     |
|    explained_variance | 0        |
|    learning_rate      | 0.0007   |
|    n_updates          | 66199    |
|    policy_loss        | -1.3e+03 |
|    reward             | 35.67802 |
|    std                | 0.00848  |
|    value_loss         | 3.85e+04 |
------------------------------------
-------------------------------------
| time/                 |           |
|    fps                | 14        |
|    iterations         | 66300     |
|    time_elapsed       | 22655     |
|    total_timesteps    | 331500    |
| train/                |           |
|    entropy_loss       | 8.65      |
|    explained_variance | 0         |
|    learning_rate      | 0.0007    |
|    n_updates          | 66299     |
|    policy_loss        | -1.83e+04 |
|    reward             | 707.1952  |
|    std                | 0.00849   |
|    value_loss         | 5.07e+06  |
-------------------------------------
EPISODE:  333
-------------------------------------
| time/                 |           |
|    fps                | 14        |
|    iterations         | 66400     |
|    time_elapsed       | 22689     |
|    total_timesteps    | 332000    |
| train/                |           |
|    entropy_loss       | 8.66      |
|    explained_variance | 0         |
|    learning_rate      | 0.0007    |
|    n_updates          | 66399     |
|    policy_loss        | -1.52e+03 |
|    reward             | 35.67802  |
|    std                | 0.00848   |
|    value_loss         | 3.84e+04  |
-------------------------------------
-------------------------------------
| time/                 |           |
|    fps                | 14        |
|    iterations         | 66500     |
|    time_elapsed       | 22724     |
|    total_timesteps    | 332500    |
| train/                |           |
|    entropy_loss       | 8.69      |
|    explained_variance | -1.19e-07 |
|    learning_rate      | 0.0007    |
|    n_updates          | 66499     |
|    policy_loss        | -1.64e+04 |
|    reward             | 707.1952  |
|    std                | 0.00844   |
|    value_loss         | 5.07e+06  |
-------------------------------------
EPISODE:  334
-------------------------------------
| time/                 |           |
|    fps                | 14        |
|    iterations         | 66600     |
|    time_elapsed       | 22760     |
|    total_timesteps    | 333000    |
| train/                |           |
|    entropy_loss       | 8.69      |
|    explained_variance | 0         |
|    learning_rate      | 0.0007    |
|    n_updates          | 66599     |
|    policy_loss        | -1.47e+03 |
|    reward             | 35.67802  |
|    std                | 0.00851   |
|    value_loss         | 3.84e+04  |
-------------------------------------
-------------------------------------
| time/                 |           |
|    fps                | 14        |
|    iterations         | 66700     |
|    time_elapsed       | 22794     |
|    total_timesteps    | 333500    |
| train/                |           |
|    entropy_loss       | 8.71      |
|    explained_variance | -1.19e-07 |
|    learning_rate      | 0.0007    |
|    n_updates          | 66699     |
|    policy_loss        | -1.85e+04 |
|    reward             | 707.1952  |
|    std                | 0.0085    |
|    value_loss         | 5.07e+06  |
-------------------------------------
EPISODE:  335
-------------------------------------
| time/                 |           |
|    fps                | 14        |
|    iterations         | 66800     |
|    time_elapsed       | 22828     |
|    total_timesteps    | 334000    |
| train/                |           |
|    entropy_loss       | 8.73      |
|    explained_variance | 0         |
|    learning_rate      | 0.0007    |
|    n_updates          | 66799     |
|    policy_loss        | -1.56e+03 |
|    reward             | 35.67802  |
|    std                | 0.0085    |
|    value_loss         | 3.83e+04  |
-------------------------------------
-------------------------------------
| time/                 |           |
|    fps                | 14        |
|    iterations         | 66900     |
|    time_elapsed       | 22863     |
|    total_timesteps    | 334500    |
| train/                |           |
|    entropy_loss       | 8.74      |
|    explained_variance | 1.19e-07  |
|    learning_rate      | 0.0007    |
|    n_updates          | 66899     |
|    policy_loss        | -1.88e+04 |
|    reward             | 707.1952  |
|    std                | 0.00849   |
|    value_loss         | 5.07e+06  |
-------------------------------------
EPISODE:  336
-------------------------------------
| time/                 |           |
|    fps                | 14        |
|    iterations         | 67000     |
|    time_elapsed       | 22897     |
|    total_timesteps    | 335000    |
| train/                |           |
|    entropy_loss       | 8.75      |
|    explained_variance | 1.19e-07  |
|    learning_rate      | 0.0007    |
|    n_updates          | 66999     |
|    policy_loss        | -1.54e+03 |
|    reward             | 35.67802  |
|    std                | 0.00852   |
|    value_loss         | 3.83e+04  |
-------------------------------------
-------------------------------------
| time/                 |           |
|    fps                | 14        |
|    iterations         | 67100     |
|    time_elapsed       | 22932     |
|    total_timesteps    | 335500    |
| train/                |           |
|    entropy_loss       | 8.8       |
|    explained_variance | 1.19e-07  |
|    learning_rate      | 0.0007    |
|    n_updates          | 67099     |
|    policy_loss        | -1.67e+04 |
|    reward             | 707.1952  |
|    std                | 0.00836   |
|    value_loss         | 5.07e+06  |
-------------------------------------
EPISODE:  337
-------------------------------------
| time/                 |           |
|    fps                | 14        |
|    iterations         | 67200     |
|    time_elapsed       | 22966     |
|    total_timesteps    | 336000    |
| train/                |           |
|    entropy_loss       | 8.81      |
|    explained_variance | 0         |
|    learning_rate      | 0.0007    |
|    n_updates          | 67199     |
|    policy_loss        | -1.56e+03 |
|    reward             | 35.67802  |
|    std                | 0.00834   |
|    value_loss         | 3.82e+04  |
-------------------------------------
-------------------------------------
| time/                 |           |
|    fps                | 14        |
|    iterations         | 67300     |
|    time_elapsed       | 23001     |
|    total_timesteps    | 336500    |
| train/                |           |
|    entropy_loss       | 8.83      |
|    explained_variance | 1.19e-07  |
|    learning_rate      | 0.0007    |
|    n_updates          | 67299     |
|    policy_loss        | -1.68e+04 |
|    reward             | 707.1952  |
|    std                | 0.00828   |
|    value_loss         | 5.07e+06  |
-------------------------------------
EPISODE:  338
-------------------------------------
| time/                 |           |
|    fps                | 14        |
|    iterations         | 67400     |
|    time_elapsed       | 23035     |
|    total_timesteps    | 337000    |
| train/                |           |
|    entropy_loss       | 8.85      |
|    explained_variance | 0         |
|    learning_rate      | 0.0007    |
|    n_updates          | 67399     |
|    policy_loss        | -1.59e+03 |
|    reward             | 35.67209  |
|    std                | 0.0082    |
|    value_loss         | 3.81e+04  |
-------------------------------------
-------------------------------------
| time/                 |           |
|    fps                | 14        |
|    iterations         | 67500     |
|    time_elapsed       | 23069     |
|    total_timesteps    | 337500    |
| train/                |           |
|    entropy_loss       | 8.86      |
|    explained_variance | 0         |
|    learning_rate      | 0.0007    |
|    n_updates          | 67499     |
|    policy_loss        | -1.68e+04 |
|    reward             | 707.1952  |
|    std                | 0.00815   |
|    value_loss         | 5.07e+06  |
-------------------------------------
EPISODE:  339
-------------------------------------
| time/                 |           |
|    fps                | 14        |
|    iterations         | 67600     |
|    time_elapsed       | 23104     |
|    total_timesteps    | 338000    |
| train/                |           |
|    entropy_loss       | 8.88      |
|    explained_variance | 0         |
|    learning_rate      | 0.0007    |
|    n_updates          | 67599     |
|    policy_loss        | -1.61e+03 |
|    reward             | 35.67802  |
|    std                | 0.0081    |
|    value_loss         | 3.81e+04  |
-------------------------------------
------------------------------------
| time/                 |          |
|    fps                | 14       |
|    iterations         | 67700    |
|    time_elapsed       | 23138    |
|    total_timesteps    | 338500   |
| train/                |          |
|    entropy_loss       | 8.89     |
|    explained_variance | 0        |
|    learning_rate      | 0.0007   |
|    n_updates          | 67699    |
|    policy_loss        | -1.8e+04 |
|    reward             | 707.1952 |
|    std                | 0.00813  |
|    value_loss         | 5.07e+06 |
------------------------------------
EPISODE:  340
-------------------------------------
| time/                 |           |
|    fps                | 14        |
|    iterations         | 67800     |
|    time_elapsed       | 23173     |
|    total_timesteps    | 339000    |
| train/                |           |
|    entropy_loss       | 8.91      |
|    explained_variance | 1.19e-07  |
|    learning_rate      | 0.0007    |
|    n_updates          | 67799     |
|    policy_loss        | -1.23e+03 |
|    reward             | 30.00047  |
|    std                | 0.00814   |
|    value_loss         | 2.45e+04  |
-------------------------------------
-------------------------------------
| time/                 |           |
|    fps                | 14        |
|    iterations         | 67900     |
|    time_elapsed       | 23207     |
|    total_timesteps    | 339500    |
| train/                |           |
|    entropy_loss       | 8.93      |
|    explained_variance | 0         |
|    learning_rate      | 0.0007    |
|    n_updates          | 67899     |
|    policy_loss        | -1.89e+04 |
|    reward             | 703.0651  |
|    std                | 0.00808   |
|    value_loss         | 5.01e+06  |
-------------------------------------
EPISODE:  341
-------------------------------------
| time/                 |           |
|    fps                | 14        |
|    iterations         | 68000     |
|    time_elapsed       | 23242     |
|    total_timesteps    | 340000    |
| train/                |           |
|    entropy_loss       | 8.93      |
|    explained_variance | 5.96e-08  |
|    learning_rate      | 0.0007    |
|    n_updates          | 67999     |
|    policy_loss        | -1.64e+03 |
|    reward             | 35.469658 |
|    std                | 0.00808   |
|    value_loss         | 3.74e+04  |
-------------------------------------
-------------------------------------
| time/                 |           |
|    fps                | 14        |
|    iterations         | 68100     |
|    time_elapsed       | 23276     |
|    total_timesteps    | 340500    |
| train/                |           |
|    entropy_loss       | 8.94      |
|    explained_variance | 0         |
|    learning_rate      | 0.0007    |
|    n_updates          | 68099     |
|    policy_loss        | -1.82e+04 |
|    reward             | 707.1952  |
|    std                | 0.00806   |
|    value_loss         | 5.07e+06  |
-------------------------------------
EPISODE:  342
-------------------------------------
| time/                 |           |
|    fps                | 14        |
|    iterations         | 68200     |
|    time_elapsed       | 23310     |
|    total_timesteps    | 341000    |
| train/                |           |
|    entropy_loss       | 8.95      |
|    explained_variance | -1.19e-07 |
|    learning_rate      | 0.0007    |
|    n_updates          | 68199     |
|    policy_loss        | -1.6e+03  |
|    reward             | 35.67802  |
|    std                | 0.00807   |
|    value_loss         | 3.8e+04   |
-------------------------------------
-------------------------------------
| time/                 |           |
|    fps                | 14        |
|    iterations         | 68300     |
|    time_elapsed       | 23345     |
|    total_timesteps    | 341500    |
| train/                |           |
|    entropy_loss       | 8.95      |
|    explained_variance | 0         |
|    learning_rate      | 0.0007    |
|    n_updates          | 68299     |
|    policy_loss        | -1.93e+04 |
|    reward             | 707.1952  |
|    std                | 0.00807   |
|    value_loss         | 5.07e+06  |
-------------------------------------
EPISODE:  343
-------------------------------------
| time/                 |           |
|    fps                | 14        |
|    iterations         | 68400     |
|    time_elapsed       | 23379     |
|    total_timesteps    | 342000    |
| train/                |           |
|    entropy_loss       | 8.96      |
|    explained_variance | 0         |
|    learning_rate      | 0.0007    |
|    n_updates          | 68399     |
|    policy_loss        | -1.41e+03 |
|    reward             | 35.67802  |
|    std                | 0.00811   |
|    value_loss         | 3.79e+04  |
-------------------------------------
-------------------------------------
| time/                 |           |
|    fps                | 14        |
|    iterations         | 68500     |
|    time_elapsed       | 23414     |
|    total_timesteps    | 342500    |
| train/                |           |
|    entropy_loss       | 8.96      |
|    explained_variance | 0         |
|    learning_rate      | 0.0007    |
|    n_updates          | 68499     |
|    policy_loss        | -1.81e+04 |
|    reward             | 707.1879  |
|    std                | 0.00816   |
|    value_loss         | 5.07e+06  |
-------------------------------------
EPISODE:  344
-------------------------------------
| time/                 |           |
|    fps                | 14        |
|    iterations         | 68600     |
|    time_elapsed       | 23448     |
|    total_timesteps    | 343000    |
| train/                |           |
|    entropy_loss       | 8.97      |
|    explained_variance | 0         |
|    learning_rate      | 0.0007    |
|    n_updates          | 68599     |
|    policy_loss        | -1.38e+03 |
|    reward             | 35.322613 |
|    std                | 0.00817   |
|    value_loss         | 3.69e+04  |
-------------------------------------
-------------------------------------
| time/                 |           |
|    fps                | 14        |
|    iterations         | 68700     |
|    time_elapsed       | 23483     |
|    total_timesteps    | 343500    |
| train/                |           |
|    entropy_loss       | 8.97      |
|    explained_variance | 0         |
|    learning_rate      | 0.0007    |
|    n_updates          | 68699     |
|    policy_loss        | -1.86e+04 |
|    reward             | 707.1952  |
|    std                | 0.00816   |
|    value_loss         | 5.07e+06  |
-------------------------------------
EPISODE:  345
-------------------------------------
| time/                 |           |
|    fps                | 14        |
|    iterations         | 68800     |
|    time_elapsed       | 23517     |
|    total_timesteps    | 344000    |
| train/                |           |
|    entropy_loss       | 8.98      |
|    explained_variance | 0         |
|    learning_rate      | 0.0007    |
|    n_updates          | 68799     |
|    policy_loss        | -1.57e+03 |
|    reward             | 35.64474  |
|    std                | 0.00817   |
|    value_loss         | 3.78e+04  |
-------------------------------------
-------------------------------------
| time/                 |           |
|    fps                | 14        |
|    iterations         | 68900     |
|    time_elapsed       | 23551     |
|    total_timesteps    | 344500    |
| train/                |           |
|    entropy_loss       | 8.97      |
|    explained_variance | -1.19e-07 |
|    learning_rate      | 0.0007    |
|    n_updates          | 68899     |
|    policy_loss        | -1.78e+04 |
|    reward             | 664.5026  |
|    std                | 0.00818   |
|    value_loss         | 4.48e+06  |
-------------------------------------
EPISODE:  346
-------------------------------------
| time/                 |           |
|    fps                | 14        |
|    iterations         | 69000     |
|    time_elapsed       | 23586     |
|    total_timesteps    | 345000    |
| train/                |           |
|    entropy_loss       | 8.99      |
|    explained_variance | -1.19e-07 |
|    learning_rate      | 0.0007    |
|    n_updates          | 68999     |
|    policy_loss        | -177      |
|    reward             | 8.186167  |
|    std                | 0.00811   |
|    value_loss         | 536       |
-------------------------------------
------------------------------------
| time/                 |          |
|    fps                | 14       |
|    iterations         | 69100    |
|    time_elapsed       | 23620    |
|    total_timesteps    | 345500   |
| train/                |          |
|    entropy_loss       | 9.02     |
|    explained_variance | 0        |
|    learning_rate      | 0.0007   |
|    n_updates          | 69099    |
|    policy_loss        | -1.6e+04 |
|    reward             | 602.6879 |
|    std                | 0.00797  |
|    value_loss         | 3.66e+06 |
------------------------------------
EPISODE:  347
-------------------------------------
| time/                 |           |
|    fps                | 14        |
|    iterations         | 69200     |
|    time_elapsed       | 23655     |
|    total_timesteps    | 346000    |
| train/                |           |
|    entropy_loss       | 9.02      |
|    explained_variance | 1.19e-07  |
|    learning_rate      | 0.0007    |
|    n_updates          | 69199     |
|    policy_loss        | -63.9     |
|    reward             | 7.1016493 |
|    std                | 0.00796   |
|    value_loss         | 114       |
-------------------------------------
-------------------------------------
| time/                 |           |
|    fps                | 14        |
|    iterations         | 69300     |
|    time_elapsed       | 23690     |
|    total_timesteps    | 346500    |
| train/                |           |
|    entropy_loss       | 9.03      |
|    explained_variance | 0         |
|    learning_rate      | 0.0007    |
|    n_updates          | 69299     |
|    policy_loss        | -1.54e+04 |
|    reward             | 602.6603  |
|    std                | 0.00793   |
|    value_loss         | 3.66e+06  |
-------------------------------------
EPISODE:  348
------------------------------------
| time/                 |          |
|    fps                | 14       |
|    iterations         | 69400    |
|    time_elapsed       | 23725    |
|    total_timesteps    | 347000   |
| train/                |          |
|    entropy_loss       | 9.05     |
|    explained_variance | 0        |
|    learning_rate      | 0.0007   |
|    n_updates          | 69399    |
|    policy_loss        | -65      |
|    reward             | 7.101323 |
|    std                | 0.00785  |
|    value_loss         | 112      |
------------------------------------
-------------------------------------
| time/                 |           |
|    fps                | 14        |
|    iterations         | 69500     |
|    time_elapsed       | 23759     |
|    total_timesteps    | 347500    |
| train/                |           |
|    entropy_loss       | 9.06      |
|    explained_variance | 1.19e-07  |
|    learning_rate      | 0.0007    |
|    n_updates          | 69499     |
|    policy_loss        | -1.65e+04 |
|    reward             | 602.6603  |
|    std                | 0.00781   |
|    value_loss         | 3.66e+06  |
-------------------------------------
EPISODE:  349
------------------------------------
| time/                 |          |
|    fps                | 14       |
|    iterations         | 69600    |
|    time_elapsed       | 23793    |
|    total_timesteps    | 348000   |
| train/                |          |
|    entropy_loss       | 9.07     |
|    explained_variance | 0        |
|    learning_rate      | 0.0007   |
|    n_updates          | 69599    |
|    policy_loss        | -60.6    |
|    reward             | 7.101323 |
|    std                | 0.00775  |
|    value_loss         | 110      |
------------------------------------
-------------------------------------
| time/                 |           |
|    fps                | 14        |
|    iterations         | 69700     |
|    time_elapsed       | 23828     |
|    total_timesteps    | 348500    |
| train/                |           |
|    entropy_loss       | 9.1       |
|    explained_variance | 0         |
|    learning_rate      | 0.0007    |
|    n_updates          | 69699     |
|    policy_loss        | -1.68e+04 |
|    reward             | 602.6603  |
|    std                | 0.00768   |
|    value_loss         | 3.66e+06  |
-------------------------------------
EPISODE:  350
-------------------------------------
| time/                 |           |
|    fps                | 14        |
|    iterations         | 69800     |
|    time_elapsed       | 23862     |
|    total_timesteps    | 349000    |
| train/                |           |
|    entropy_loss       | 9.09      |
|    explained_variance | -1.19e-07 |
|    learning_rate      | 0.0007    |
|    n_updates          | 69799     |
|    policy_loss        | -64.1     |
|    reward             | 7.101323  |
|    std                | 0.00768   |
|    value_loss         | 108       |
-------------------------------------
-------------------------------------
| time/                 |           |
|    fps                | 14        |
|    iterations         | 69900     |
|    time_elapsed       | 23897     |
|    total_timesteps    | 349500    |
| train/                |           |
|    entropy_loss       | 9.09      |
|    explained_variance | 0         |
|    learning_rate      | 0.0007    |
|    n_updates          | 69899     |
|    policy_loss        | -1.66e+04 |
|    reward             | 602.6603  |
|    std                | 0.00775   |
|    value_loss         | 3.66e+06  |
-------------------------------------
EPISODE:  351
------------------------------------
| time/                 |          |
|    fps                | 14       |
|    iterations         | 70000    |
|    time_elapsed       | 23931    |
|    total_timesteps    | 350000   |
| train/                |          |
|    entropy_loss       | 9.1      |
|    explained_variance | 0        |
|    learning_rate      | 0.0007   |
|    n_updates          | 69999    |
|    policy_loss        | -57.5    |
|    reward             | 7.101323 |
|    std                | 0.00771  |
|    value_loss         | 105      |
------------------------------------
-------------------------------------
| time/                 |           |
|    fps                | 14        |
|    iterations         | 70100     |
|    time_elapsed       | 23965     |
|    total_timesteps    | 350500    |
| train/                |           |
|    entropy_loss       | 9.1       |
|    explained_variance | 0         |
|    learning_rate      | 0.0007    |
|    n_updates          | 70099     |
|    policy_loss        | -1.66e+04 |
|    reward             | 602.6603  |
|    std                | 0.00772   |
|    value_loss         | 3.66e+06  |
-------------------------------------
EPISODE:  352
------------------------------------
| time/                 |          |
|    fps                | 14       |
|    iterations         | 70200    |
|    time_elapsed       | 24000    |
|    total_timesteps    | 351000   |
| train/                |          |
|    entropy_loss       | 9.13     |
|    explained_variance | 0        |
|    learning_rate      | 0.0007   |
|    n_updates          | 70199    |
|    policy_loss        | -63.4    |
|    reward             | 7.101323 |
|    std                | 0.00772  |
|    value_loss         | 103      |
------------------------------------
-------------------------------------
| time/                 |           |
|    fps                | 14        |
|    iterations         | 70300     |
|    time_elapsed       | 24034     |
|    total_timesteps    | 351500    |
| train/                |           |
|    entropy_loss       | 9.14      |
|    explained_variance | 0         |
|    learning_rate      | 0.0007    |
|    n_updates          | 70299     |
|    policy_loss        | -1.62e+04 |
|    reward             | 602.6603  |
|    std                | 0.00767   |
|    value_loss         | 3.66e+06  |
-------------------------------------
EPISODE:  353
------------------------------------
| time/                 |          |
|    fps                | 14       |
|    iterations         | 70400    |
|    time_elapsed       | 24069    |
|    total_timesteps    | 352000   |
| train/                |          |
|    entropy_loss       | 9.16     |
|    explained_variance | 0        |
|    learning_rate      | 0.0007   |
|    n_updates          | 70399    |
|    policy_loss        | -53.3    |
|    reward             | 7.101323 |
|    std                | 0.00761  |
|    value_loss         | 101      |
------------------------------------
-------------------------------------
| time/                 |           |
|    fps                | 14        |
|    iterations         | 70500     |
|    time_elapsed       | 24103     |
|    total_timesteps    | 352500    |
| train/                |           |
|    entropy_loss       | 9.16      |
|    explained_variance | 0         |
|    learning_rate      | 0.0007    |
|    n_updates          | 70499     |
|    policy_loss        | -1.64e+04 |
|    reward             | 602.6603  |
|    std                | 0.0075    |
|    value_loss         | 3.66e+06  |
-------------------------------------
EPISODE:  354
------------------------------------
| time/                 |          |
|    fps                | 14       |
|    iterations         | 70600    |
|    time_elapsed       | 24137    |
|    total_timesteps    | 353000   |
| train/                |          |
|    entropy_loss       | 9.17     |
|    explained_variance | 5.96e-08 |
|    learning_rate      | 0.0007   |
|    n_updates          | 70599    |
|    policy_loss        | -41      |
|    reward             | 7.101323 |
|    std                | 0.00751  |
|    value_loss         | 98.7     |
------------------------------------
-------------------------------------
| time/                 |           |
|    fps                | 14        |
|    iterations         | 70700     |
|    time_elapsed       | 24172     |
|    total_timesteps    | 353500    |
| train/                |           |
|    entropy_loss       | 9.18      |
|    explained_variance | 0         |
|    learning_rate      | 0.0007    |
|    n_updates          | 70699     |
|    policy_loss        | -1.52e+04 |
|    reward             | 602.6603  |
|    std                | 0.00748   |
|    value_loss         | 3.66e+06  |
-------------------------------------
EPISODE:  355
------------------------------------
| time/                 |          |
|    fps                | 14       |
|    iterations         | 70800    |
|    time_elapsed       | 24206    |
|    total_timesteps    | 354000   |
| train/                |          |
|    entropy_loss       | 9.19     |
|    explained_variance | 0        |
|    learning_rate      | 0.0007   |
|    n_updates          | 70799    |
|    policy_loss        | -50.5    |
|    reward             | 7.101323 |
|    std                | 0.00749  |
|    value_loss         | 96.6     |
------------------------------------
-------------------------------------
| time/                 |           |
|    fps                | 14        |
|    iterations         | 70900     |
|    time_elapsed       | 24241     |
|    total_timesteps    | 354500    |
| train/                |           |
|    entropy_loss       | 9.21      |
|    explained_variance | 0         |
|    learning_rate      | 0.0007    |
|    n_updates          | 70899     |
|    policy_loss        | -1.49e+04 |
|    reward             | 602.6603  |
|    std                | 0.00743   |
|    value_loss         | 3.66e+06  |
-------------------------------------
EPISODE:  356
-------------------------------------
| time/                 |           |
|    fps                | 14        |
|    iterations         | 71000     |
|    time_elapsed       | 24275     |
|    total_timesteps    | 355000    |
| train/                |           |
|    entropy_loss       | 9.2       |
|    explained_variance | -1.19e-07 |
|    learning_rate      | 0.0007    |
|    n_updates          | 70999     |
|    policy_loss        | -56.1     |
|    reward             | 7.115133  |
|    std                | 0.00748   |
|    value_loss         | 97.6      |
-------------------------------------
-------------------------------------
| time/                 |           |
|    fps                | 14        |
|    iterations         | 71100     |
|    time_elapsed       | 24310     |
|    total_timesteps    | 355500    |
| train/                |           |
|    entropy_loss       | 9.21      |
|    explained_variance | 0         |
|    learning_rate      | 0.0007    |
|    n_updates          | 71099     |
|    policy_loss        | -1.67e+04 |
|    reward             | 606.1305  |
|    std                | 0.00748   |
|    value_loss         | 3.7e+06   |
-------------------------------------
EPISODE:  357
------------------------------------
| time/                 |          |
|    fps                | 14       |
|    iterations         | 71200    |
|    time_elapsed       | 24344    |
|    total_timesteps    | 356000   |
| train/                |          |
|    entropy_loss       | 9.23     |
|    explained_variance | 0        |
|    learning_rate      | 0.0007   |
|    n_updates          | 71199    |
|    policy_loss        | -62.3    |
|    reward             | 7.146493 |
|    std                | 0.00743  |
|    value_loss         | 102      |
------------------------------------
-------------------------------------
| time/                 |           |
|    fps                | 14        |
|    iterations         | 71300     |
|    time_elapsed       | 24379     |
|    total_timesteps    | 356500    |
| train/                |           |
|    entropy_loss       | 9.23      |
|    explained_variance | 1.19e-07  |
|    learning_rate      | 0.0007    |
|    n_updates          | 71299     |
|    policy_loss        | -1.69e+04 |
|    reward             | 602.6603  |
|    std                | 0.0075    |
|    value_loss         | 3.65e+06  |
-------------------------------------
EPISODE:  358
-------------------------------------
| time/                 |           |
|    fps                | 14        |
|    iterations         | 71400     |
|    time_elapsed       | 24413     |
|    total_timesteps    | 357000    |
| train/                |           |
|    entropy_loss       | 9.24      |
|    explained_variance | -1.19e-07 |
|    learning_rate      | 0.0007    |
|    n_updates          | 71399     |
|    policy_loss        | -56.6     |
|    reward             | 7.101323  |
|    std                | 0.00755   |
|    value_loss         | 90.1      |
-------------------------------------
-------------------------------------
| time/                 |           |
|    fps                | 14        |
|    iterations         | 71500     |
|    time_elapsed       | 24447     |
|    total_timesteps    | 357500    |
| train/                |           |
|    entropy_loss       | 9.27      |
|    explained_variance | 0         |
|    learning_rate      | 0.0007    |
|    n_updates          | 71499     |
|    policy_loss        | -1.73e+04 |
|    reward             | 602.6603  |
|    std                | 0.00753   |
|    value_loss         | 3.65e+06  |
-------------------------------------
EPISODE:  359
------------------------------------
| time/                 |          |
|    fps                | 14       |
|    iterations         | 71600    |
|    time_elapsed       | 24482    |
|    total_timesteps    | 358000   |
| train/                |          |
|    entropy_loss       | 9.27     |
|    explained_variance | 1.19e-07 |
|    learning_rate      | 0.0007   |
|    n_updates          | 71599    |
|    policy_loss        | -56      |
|    reward             | 7.101323 |
|    std                | 0.00756  |
|    value_loss         | 87.9     |
------------------------------------
-------------------------------------
| time/                 |           |
|    fps                | 14        |
|    iterations         | 71700     |
|    time_elapsed       | 24516     |
|    total_timesteps    | 358500    |
| train/                |           |
|    entropy_loss       | 9.3       |
|    explained_variance | 0         |
|    learning_rate      | 0.0007    |
|    n_updates          | 71699     |
|    policy_loss        | -1.69e+04 |
|    reward             | 602.6603  |
|    std                | 0.00754   |
|    value_loss         | 3.65e+06  |
-------------------------------------
EPISODE:  360
------------------------------------
| time/                 |          |
|    fps                | 14       |
|    iterations         | 71800    |
|    time_elapsed       | 24550    |
|    total_timesteps    | 359000   |
| train/                |          |
|    entropy_loss       | 9.32     |
|    explained_variance | 0        |
|    learning_rate      | 0.0007   |
|    n_updates          | 71799    |
|    policy_loss        | -48.3    |
|    reward             | 7.101323 |
|    std                | 0.00746  |
|    value_loss         | 85.5     |
------------------------------------
-------------------------------------
| time/                 |           |
|    fps                | 14        |
|    iterations         | 71900     |
|    time_elapsed       | 24585     |
|    total_timesteps    | 359500    |
| train/                |           |
|    entropy_loss       | 9.34      |
|    explained_variance | -1.19e-07 |
|    learning_rate      | 0.0007    |
|    n_updates          | 71899     |
|    policy_loss        | -1.67e+04 |
|    reward             | 602.6603  |
|    std                | 0.0074    |
|    value_loss         | 3.65e+06  |
-------------------------------------
EPISODE:  361
-------------------------------------
| time/                 |           |
|    fps                | 14        |
|    iterations         | 72000     |
|    time_elapsed       | 24621     |
|    total_timesteps    | 360000    |
| train/                |           |
|    entropy_loss       | 9.33      |
|    explained_variance | -1.19e-07 |
|    learning_rate      | 0.0007    |
|    n_updates          | 71999     |
|    policy_loss        | -50.8     |
|    reward             | 7.101323  |
|    std                | 0.00744   |
|    value_loss         | 84.4      |
-------------------------------------
-------------------------------------
| time/                 |           |
|    fps                | 14        |
|    iterations         | 72100     |
|    time_elapsed       | 24655     |
|    total_timesteps    | 360500    |
| train/                |           |
|    entropy_loss       | 9.34      |
|    explained_variance | -1.19e-07 |
|    learning_rate      | 0.0007    |
|    n_updates          | 72099     |
|    policy_loss        | -1.72e+04 |
|    reward             | 602.8552  |
|    std                | 0.00742   |
|    value_loss         | 3.65e+06  |
-------------------------------------
EPISODE:  362
-------------------------------------
| time/                 |           |
|    fps                | 14        |
|    iterations         | 72200     |
|    time_elapsed       | 24689     |
|    total_timesteps    | 361000    |
| train/                |           |
|    entropy_loss       | 9.35      |
|    explained_variance | -1.19e-07 |
|    learning_rate      | 0.0007    |
|    n_updates          | 72199     |
|    policy_loss        | -575      |
|    reward             | 17.147411 |
|    std                | 0.00739   |
|    value_loss         | 4.82e+03  |
-------------------------------------
-------------------------------------
| time/                 |           |
|    fps                | 14        |
|    iterations         | 72300     |
|    time_elapsed       | 24724     |
|    total_timesteps    | 361500    |
| train/                |           |
|    entropy_loss       | 9.37      |
|    explained_variance | 0         |
|    learning_rate      | 0.0007    |
|    n_updates          | 72299     |
|    policy_loss        | -1.65e+04 |
|    reward             | 676.00116 |
|    std                | 0.00731   |
|    value_loss         | 4.62e+06  |
-------------------------------------
EPISODE:  363
-------------------------------------
| time/                 |           |
|    fps                | 14        |
|    iterations         | 72400     |
|    time_elapsed       | 24758     |
|    total_timesteps    | 362000    |
| train/                |           |
|    entropy_loss       | 9.38      |
|    explained_variance | 0         |
|    learning_rate      | 0.0007    |
|    n_updates          | 72399     |
|    policy_loss        | -758      |
|    reward             | 20.473068 |
|    std                | 0.00734   |
|    value_loss         | 8.49e+03  |
-------------------------------------
-------------------------------------
| time/                 |           |
|    fps                | 14        |
|    iterations         | 72500     |
|    time_elapsed       | 24793     |
|    total_timesteps    | 362500    |
| train/                |           |
|    entropy_loss       | 9.4       |
|    explained_variance | 0         |
|    learning_rate      | 0.0007    |
|    n_updates          | 72499     |
|    policy_loss        | -1.85e+04 |
|    reward             | 673.27435 |
|    std                | 0.00729   |
|    value_loss         | 4.57e+06  |
-------------------------------------
EPISODE:  364
-------------------------------------
| time/                 |           |
|    fps                | 14        |
|    iterations         | 72600     |
|    time_elapsed       | 24827     |
|    total_timesteps    | 363000    |
| train/                |           |
|    entropy_loss       | 9.41      |
|    explained_variance | -1.19e-07 |
|    learning_rate      | 0.0007    |
|    n_updates          | 72599     |
|    policy_loss        | -1.48e+03 |
|    reward             | 33.914673 |
|    std                | 0.00733   |
|    value_loss         | 3.21e+04  |
-------------------------------------
-------------------------------------
| time/                 |           |
|    fps                | 14        |
|    iterations         | 72700     |
|    time_elapsed       | 24862     |
|    total_timesteps    | 363500    |
| train/                |           |
|    entropy_loss       | 9.42      |
|    explained_variance | 0         |
|    learning_rate      | 0.0007    |
|    n_updates          | 72699     |
|    policy_loss        | -1.86e+04 |
|    reward             | 707.1952  |
|    std                | 0.00732   |
|    value_loss         | 5.06e+06  |
-------------------------------------
EPISODE:  365
-------------------------------------
| time/                 |           |
|    fps                | 14        |
|    iterations         | 72800     |
|    time_elapsed       | 24896     |
|    total_timesteps    | 364000    |
| train/                |           |
|    entropy_loss       | 9.41      |
|    explained_variance | 0         |
|    learning_rate      | 0.0007    |
|    n_updates          | 72799     |
|    policy_loss        | -1.68e+03 |
|    reward             | 35.67802  |
|    std                | 0.00739   |
|    value_loss         | 3.7e+04   |
-------------------------------------
-------------------------------------
| time/                 |           |
|    fps                | 14        |
|    iterations         | 72900     |
|    time_elapsed       | 24931     |
|    total_timesteps    | 364500    |
| train/                |           |
|    entropy_loss       | 9.42      |
|    explained_variance | 0         |
|    learning_rate      | 0.0007    |
|    n_updates          | 72899     |
|    policy_loss        | -1.54e+04 |
|    reward             | 707.1952  |
|    std                | 0.00737   |
|    value_loss         | 5.06e+06  |
-------------------------------------
EPISODE:  366
-------------------------------------
| time/                 |           |
|    fps                | 14        |
|    iterations         | 73000     |
|    time_elapsed       | 24965     |
|    total_timesteps    | 365000    |
| train/                |           |
|    entropy_loss       | 9.44      |
|    explained_variance | 0         |
|    learning_rate      | 0.0007    |
|    n_updates          | 72999     |
|    policy_loss        | -1.66e+03 |
|    reward             | 35.67802  |
|    std                | 0.00733   |
|    value_loss         | 3.69e+04  |
-------------------------------------
-------------------------------------
| time/                 |           |
|    fps                | 14        |
|    iterations         | 73100     |
|    time_elapsed       | 24999     |
|    total_timesteps    | 365500    |
| train/                |           |
|    entropy_loss       | 9.45      |
|    explained_variance | 0         |
|    learning_rate      | 0.0007    |
|    n_updates          | 73099     |
|    policy_loss        | -2.06e+04 |
|    reward             | 707.1952  |
|    std                | 0.00727   |
|    value_loss         | 5.05e+06  |
-------------------------------------
EPISODE:  367
-------------------------------------
| time/                 |           |
|    fps                | 14        |
|    iterations         | 73200     |
|    time_elapsed       | 25034     |
|    total_timesteps    | 366000    |
| train/                |           |
|    entropy_loss       | 9.45      |
|    explained_variance | -1.19e-07 |
|    learning_rate      | 0.0007    |
|    n_updates          | 73199     |
|    policy_loss        | -1.52e+03 |
|    reward             | 35.67802  |
|    std                | 0.00724   |
|    value_loss         | 3.69e+04  |
-------------------------------------
-------------------------------------
| time/                 |           |
|    fps                | 14        |
|    iterations         | 73300     |
|    time_elapsed       | 25068     |
|    total_timesteps    | 366500    |
| train/                |           |
|    entropy_loss       | 9.46      |
|    explained_variance | 0         |
|    learning_rate      | 0.0007    |
|    n_updates          | 73299     |
|    policy_loss        | -2.07e+04 |
|    reward             | 707.1952  |
|    std                | 0.00724   |
|    value_loss         | 5.05e+06  |
-------------------------------------
EPISODE:  368
-------------------------------------
| time/                 |           |
|    fps                | 14        |
|    iterations         | 73400     |
|    time_elapsed       | 25103     |
|    total_timesteps    | 367000    |
| train/                |           |
|    entropy_loss       | 9.46      |
|    explained_variance | 0         |
|    learning_rate      | 0.0007    |
|    n_updates          | 73399     |
|    policy_loss        | -1.62e+03 |
|    reward             | 35.67802  |
|    std                | 0.00729   |
|    value_loss         | 3.68e+04  |
-------------------------------------
-------------------------------------
| time/                 |           |
|    fps                | 14        |
|    iterations         | 73500     |
|    time_elapsed       | 25137     |
|    total_timesteps    | 367500    |
| train/                |           |
|    entropy_loss       | 9.47      |
|    explained_variance | 1.19e-07  |
|    learning_rate      | 0.0007    |
|    n_updates          | 73499     |
|    policy_loss        | -2.04e+04 |
|    reward             | 707.1952  |
|    std                | 0.00733   |
|    value_loss         | 5.05e+06  |
-------------------------------------
EPISODE:  369
-------------------------------------
| time/                 |           |
|    fps                | 14        |
|    iterations         | 73600     |
|    time_elapsed       | 25171     |
|    total_timesteps    | 368000    |
| train/                |           |
|    entropy_loss       | 9.49      |
|    explained_variance | 0         |
|    learning_rate      | 0.0007    |
|    n_updates          | 73599     |
|    policy_loss        | -1.67e+03 |
|    reward             | 35.67802  |
|    std                | 0.00732   |
|    value_loss         | 3.68e+04  |
-------------------------------------
-------------------------------------
| time/                 |           |
|    fps                | 14        |
|    iterations         | 73700     |
|    time_elapsed       | 25206     |
|    total_timesteps    | 368500    |
| train/                |           |
|    entropy_loss       | 9.5       |
|    explained_variance | 0         |
|    learning_rate      | 0.0007    |
|    n_updates          | 73699     |
|    policy_loss        | -1.95e+04 |
|    reward             | 707.1952  |
|    std                | 0.00731   |
|    value_loss         | 5.05e+06  |
-------------------------------------
EPISODE:  370
-------------------------------------
| time/                 |           |
|    fps                | 14        |
|    iterations         | 73800     |
|    time_elapsed       | 25240     |
|    total_timesteps    | 369000    |
| train/                |           |
|    entropy_loss       | 9.52      |
|    explained_variance | 0         |
|    learning_rate      | 0.0007    |
|    n_updates          | 73799     |
|    policy_loss        | -1.51e+03 |
|    reward             | 35.67802  |
|    std                | 0.00728   |
|    value_loss         | 3.67e+04  |
-------------------------------------
-------------------------------------
| time/                 |           |
|    fps                | 14        |
|    iterations         | 73900     |
|    time_elapsed       | 25274     |
|    total_timesteps    | 369500    |
| train/                |           |
|    entropy_loss       | 9.54      |
|    explained_variance | 0         |
|    learning_rate      | 0.0007    |
|    n_updates          | 73899     |
|    policy_loss        | -1.99e+04 |
|    reward             | 707.1952  |
|    std                | 0.00726   |
|    value_loss         | 5.05e+06  |
-------------------------------------
EPISODE:  371
-------------------------------------
| time/                 |           |
|    fps                | 14        |
|    iterations         | 74000     |
|    time_elapsed       | 25309     |
|    total_timesteps    | 370000    |
| train/                |           |
|    entropy_loss       | 9.54      |
|    explained_variance | 0         |
|    learning_rate      | 0.0007    |
|    n_updates          | 73999     |
|    policy_loss        | -1.58e+03 |
|    reward             | 35.67802  |
|    std                | 0.00729   |
|    value_loss         | 3.67e+04  |
-------------------------------------
-------------------------------------
| time/                 |           |
|    fps                | 14        |
|    iterations         | 74100     |
|    time_elapsed       | 25343     |
|    total_timesteps    | 370500    |
| train/                |           |
|    entropy_loss       | 9.55      |
|    explained_variance | 0         |
|    learning_rate      | 0.0007    |
|    n_updates          | 74099     |
|    policy_loss        | -2.03e+04 |
|    reward             | 707.1952  |
|    std                | 0.00725   |
|    value_loss         | 5.05e+06  |
-------------------------------------
EPISODE:  372
-------------------------------------
| time/                 |           |
|    fps                | 14        |
|    iterations         | 74200     |
|    time_elapsed       | 25378     |
|    total_timesteps    | 371000    |
| train/                |           |
|    entropy_loss       | 9.57      |
|    explained_variance | 0         |
|    learning_rate      | 0.0007    |
|    n_updates          | 74199     |
|    policy_loss        | -1.74e+03 |
|    reward             | 35.67802  |
|    std                | 0.00719   |
|    value_loss         | 3.66e+04  |
-------------------------------------
-------------------------------------
| time/                 |           |
|    fps                | 14        |
|    iterations         | 74300     |
|    time_elapsed       | 25412     |
|    total_timesteps    | 371500    |
| train/                |           |
|    entropy_loss       | 9.58      |
|    explained_variance | 0         |
|    learning_rate      | 0.0007    |
|    n_updates          | 74299     |
|    policy_loss        | -1.92e+04 |
|    reward             | 707.1952  |
|    std                | 0.00716   |
|    value_loss         | 5.05e+06  |
-------------------------------------
EPISODE:  373
-------------------------------------
| time/                 |           |
|    fps                | 14        |
|    iterations         | 74400     |
|    time_elapsed       | 25446     |
|    total_timesteps    | 372000    |
| train/                |           |
|    entropy_loss       | 9.59      |
|    explained_variance | -1.19e-07 |
|    learning_rate      | 0.0007    |
|    n_updates          | 74399     |
|    policy_loss        | -1.56e+03 |
|    reward             | 35.67802  |
|    std                | 0.00712   |
|    value_loss         | 3.66e+04  |
-------------------------------------
-------------------------------------
| time/                 |           |
|    fps                | 14        |
|    iterations         | 74500     |
|    time_elapsed       | 25481     |
|    total_timesteps    | 372500    |
| train/                |           |
|    entropy_loss       | 9.61      |
|    explained_variance | 0         |
|    learning_rate      | 0.0007    |
|    n_updates          | 74499     |
|    policy_loss        | -2.09e+04 |
|    reward             | 707.1952  |
|    std                | 0.00709   |
|    value_loss         | 5.05e+06  |
-------------------------------------
EPISODE:  374
-------------------------------------
| time/                 |           |
|    fps                | 14        |
|    iterations         | 74600     |
|    time_elapsed       | 25515     |
|    total_timesteps    | 373000    |
| train/                |           |
|    entropy_loss       | 9.62      |
|    explained_variance | 0         |
|    learning_rate      | 0.0007    |
|    n_updates          | 74599     |
|    policy_loss        | -1.45e+03 |
|    reward             | 35.67802  |
|    std                | 0.00706   |
|    value_loss         | 3.65e+04  |
-------------------------------------
-------------------------------------
| time/                 |           |
|    fps                | 14        |
|    iterations         | 74700     |
|    time_elapsed       | 25551     |
|    total_timesteps    | 373500    |
| train/                |           |
|    entropy_loss       | 9.64      |
|    explained_variance | 1.19e-07  |
|    learning_rate      | 0.0007    |
|    n_updates          | 74699     |
|    policy_loss        | -1.97e+04 |
|    reward             | 707.1952  |
|    std                | 0.007     |
|    value_loss         | 5.05e+06  |
-------------------------------------
EPISODE:  375
-------------------------------------
| time/                 |           |
|    fps                | 14        |
|    iterations         | 74800     |
|    time_elapsed       | 25585     |
|    total_timesteps    | 374000    |
| train/                |           |
|    entropy_loss       | 9.65      |
|    explained_variance | -1.19e-07 |
|    learning_rate      | 0.0007    |
|    n_updates          | 74799     |
|    policy_loss        | -1.62e+03 |
|    reward             | 35.67802  |
|    std                | 0.00704   |
|    value_loss         | 3.65e+04  |
-------------------------------------
------------------------------------
| time/                 |          |
|    fps                | 14       |
|    iterations         | 74900    |
|    time_elapsed       | 25620    |
|    total_timesteps    | 374500   |
| train/                |          |
|    entropy_loss       | 9.65     |
|    explained_variance | 0        |
|    learning_rate      | 0.0007   |
|    n_updates          | 74899    |
|    policy_loss        | -2e+04   |
|    reward             | 707.1952 |
|    std                | 0.00702  |
|    value_loss         | 5.05e+06 |
------------------------------------
EPISODE:  376
-------------------------------------
| time/                 |           |
|    fps                | 14        |
|    iterations         | 75000     |
|    time_elapsed       | 25654     |
|    total_timesteps    | 375000    |
| train/                |           |
|    entropy_loss       | 9.66      |
|    explained_variance | 0         |
|    learning_rate      | 0.0007    |
|    n_updates          | 74999     |
|    policy_loss        | -1.62e+03 |
|    reward             | 35.67802  |
|    std                | 0.00702   |
|    value_loss         | 3.64e+04  |
-------------------------------------
-------------------------------------
| time/                 |           |
|    fps                | 14        |
|    iterations         | 75100     |
|    time_elapsed       | 25689     |
|    total_timesteps    | 375500    |
| train/                |           |
|    entropy_loss       | 9.67      |
|    explained_variance | 0         |
|    learning_rate      | 0.0007    |
|    n_updates          | 75099     |
|    policy_loss        | -2.01e+04 |
|    reward             | 707.1952  |
|    std                | 0.00701   |
|    value_loss         | 5.05e+06  |
-------------------------------------
EPISODE:  377
-------------------------------------
| time/                 |           |
|    fps                | 14        |
|    iterations         | 75200     |
|    time_elapsed       | 25723     |
|    total_timesteps    | 376000    |
| train/                |           |
|    entropy_loss       | 9.68      |
|    explained_variance | 0         |
|    learning_rate      | 0.0007    |
|    n_updates          | 75199     |
|    policy_loss        | -1.53e+03 |
|    reward             | 35.67802  |
|    std                | 0.00697   |
|    value_loss         | 3.64e+04  |
-------------------------------------
-------------------------------------
| time/                 |           |
|    fps                | 14        |
|    iterations         | 75300     |
|    time_elapsed       | 25758     |
|    total_timesteps    | 376500    |
| train/                |           |
|    entropy_loss       | 9.68      |
|    explained_variance | 0         |
|    learning_rate      | 0.0007    |
|    n_updates          | 75299     |
|    policy_loss        | -1.98e+04 |
|    reward             | 707.1952  |
|    std                | 0.00697   |
|    value_loss         | 5.05e+06  |
-------------------------------------
EPISODE:  378
-------------------------------------
| time/                 |           |
|    fps                | 14        |
|    iterations         | 75400     |
|    time_elapsed       | 25792     |
|    total_timesteps    | 377000    |
| train/                |           |
|    entropy_loss       | 9.71      |
|    explained_variance | 0         |
|    learning_rate      | 0.0007    |
|    n_updates          | 75399     |
|    policy_loss        | -1.63e+03 |
|    reward             | 35.67802  |
|    std                | 0.0069    |
|    value_loss         | 3.64e+04  |
-------------------------------------
-------------------------------------
| time/                 |           |
|    fps                | 14        |
|    iterations         | 75500     |
|    time_elapsed       | 25826     |
|    total_timesteps    | 377500    |
| train/                |           |
|    entropy_loss       | 9.71      |
|    explained_variance | 0         |
|    learning_rate      | 0.0007    |
|    n_updates          | 75499     |
|    policy_loss        | -2.13e+04 |
|    reward             | 707.1952  |
|    std                | 0.00692   |
|    value_loss         | 5.05e+06  |
-------------------------------------
EPISODE:  379
-------------------------------------
| time/                 |           |
|    fps                | 14        |
|    iterations         | 75600     |
|    time_elapsed       | 25861     |
|    total_timesteps    | 378000    |
| train/                |           |
|    entropy_loss       | 9.71      |
|    explained_variance | 0         |
|    learning_rate      | 0.0007    |
|    n_updates          | 75599     |
|    policy_loss        | -1.55e+03 |
|    reward             | 35.67802  |
|    std                | 0.00693   |
|    value_loss         | 3.63e+04  |
-------------------------------------
-------------------------------------
| time/                 |           |
|    fps                | 14        |
|    iterations         | 75700     |
|    time_elapsed       | 25895     |
|    total_timesteps    | 378500    |
| train/                |           |
|    entropy_loss       | 9.71      |
|    explained_variance | -1.19e-07 |
|    learning_rate      | 0.0007    |
|    n_updates          | 75699     |
|    policy_loss        | -2.06e+04 |
|    reward             | 707.1952  |
|    std                | 0.00692   |
|    value_loss         | 5.05e+06  |
-------------------------------------
EPISODE:  380
-------------------------------------
| time/                 |           |
|    fps                | 14        |
|    iterations         | 75800     |
|    time_elapsed       | 25930     |
|    total_timesteps    | 379000    |
| train/                |           |
|    entropy_loss       | 9.73      |
|    explained_variance | 0         |
|    learning_rate      | 0.0007    |
|    n_updates          | 75799     |
|    policy_loss        | -1.64e+03 |
|    reward             | 35.67802  |
|    std                | 0.00684   |
|    value_loss         | 3.63e+04  |
-------------------------------------
-------------------------------------
| time/                 |           |
|    fps                | 14        |
|    iterations         | 75900     |
|    time_elapsed       | 25964     |
|    total_timesteps    | 379500    |
| train/                |           |
|    entropy_loss       | 9.75      |
|    explained_variance | 0         |
|    learning_rate      | 0.0007    |
|    n_updates          | 75899     |
|    policy_loss        | -2.03e+04 |
|    reward             | 707.1952  |
|    std                | 0.00679   |
|    value_loss         | 5.05e+06  |
-------------------------------------
EPISODE:  381
-------------------------------------
| time/                 |           |
|    fps                | 14        |
|    iterations         | 76000     |
|    time_elapsed       | 25998     |
|    total_timesteps    | 380000    |
| train/                |           |
|    entropy_loss       | 9.77      |
|    explained_variance | 0         |
|    learning_rate      | 0.0007    |
|    n_updates          | 75999     |
|    policy_loss        | -1.65e+03 |
|    reward             | 35.67802  |
|    std                | 0.00677   |
|    value_loss         | 3.63e+04  |
-------------------------------------
-------------------------------------
| time/                 |           |
|    fps                | 14        |
|    iterations         | 76100     |
|    time_elapsed       | 26033     |
|    total_timesteps    | 380500    |
| train/                |           |
|    entropy_loss       | 9.76      |
|    explained_variance | 0         |
|    learning_rate      | 0.0007    |
|    n_updates          | 76099     |
|    policy_loss        | -2.11e+04 |
|    reward             | 707.1952  |
|    std                | 0.00683   |
|    value_loss         | 5.05e+06  |
-------------------------------------
EPISODE:  382
-------------------------------------
| time/                 |           |
|    fps                | 14        |
|    iterations         | 76200     |
|    time_elapsed       | 26067     |
|    total_timesteps    | 381000    |
| train/                |           |
|    entropy_loss       | 9.76      |
|    explained_variance | 0         |
|    learning_rate      | 0.0007    |
|    n_updates          | 76199     |
|    policy_loss        | -1.42e+03 |
|    reward             | 35.67802  |
|    std                | 0.00688   |
|    value_loss         | 3.62e+04  |
-------------------------------------
-------------------------------------
| time/                 |           |
|    fps                | 14        |
|    iterations         | 76300     |
|    time_elapsed       | 26102     |
|    total_timesteps    | 381500    |
| train/                |           |
|    entropy_loss       | 9.79      |
|    explained_variance | 0         |
|    learning_rate      | 0.0007    |
|    n_updates          | 76299     |
|    policy_loss        | -1.83e+04 |
|    reward             | 707.1952  |
|    std                | 0.00685   |
|    value_loss         | 5.05e+06  |
-------------------------------------
EPISODE:  383
-------------------------------------
| time/                 |           |
|    fps                | 14        |
|    iterations         | 76400     |
|    time_elapsed       | 26136     |
|    total_timesteps    | 382000    |
| train/                |           |
|    entropy_loss       | 9.8       |
|    explained_variance | -1.19e-07 |
|    learning_rate      | 0.0007    |
|    n_updates          | 76399     |
|    policy_loss        | -1.7e+03  |
|    reward             | 35.67802  |
|    std                | 0.00686   |
|    value_loss         | 3.62e+04  |
-------------------------------------
-------------------------------------
| time/                 |           |
|    fps                | 14        |
|    iterations         | 76500     |
|    time_elapsed       | 26171     |
|    total_timesteps    | 382500    |
| train/                |           |
|    entropy_loss       | 9.82      |
|    explained_variance | 0         |
|    learning_rate      | 0.0007    |
|    n_updates          | 76499     |
|    policy_loss        | -2.11e+04 |
|    reward             | 707.1952  |
|    std                | 0.00678   |
|    value_loss         | 5.05e+06  |
-------------------------------------
EPISODE:  384
-------------------------------------
| time/                 |           |
|    fps                | 14        |
|    iterations         | 76600     |
|    time_elapsed       | 26205     |
|    total_timesteps    | 383000    |
| train/                |           |
|    entropy_loss       | 9.83      |
|    explained_variance | -1.19e-07 |
|    learning_rate      | 0.0007    |
|    n_updates          | 76599     |
|    policy_loss        | -1.66e+03 |
|    reward             | 35.67802  |
|    std                | 0.0068    |
|    value_loss         | 3.62e+04  |
-------------------------------------
-------------------------------------
| time/                 |           |
|    fps                | 14        |
|    iterations         | 76700     |
|    time_elapsed       | 26239     |
|    total_timesteps    | 383500    |
| train/                |           |
|    entropy_loss       | 9.85      |
|    explained_variance | -1.19e-07 |
|    learning_rate      | 0.0007    |
|    n_updates          | 76699     |
|    policy_loss        | -2.01e+04 |
|    reward             | 707.1952  |
|    std                | 0.00678   |
|    value_loss         | 5.05e+06  |
-------------------------------------
EPISODE:  385
-------------------------------------
| time/                 |           |
|    fps                | 14        |
|    iterations         | 76800     |
|    time_elapsed       | 26274     |
|    total_timesteps    | 384000    |
| train/                |           |
|    entropy_loss       | 9.85      |
|    explained_variance | 5.96e-08  |
|    learning_rate      | 0.0007    |
|    n_updates          | 76799     |
|    policy_loss        | -1.64e+03 |
|    reward             | 35.67802  |
|    std                | 0.00679   |
|    value_loss         | 3.61e+04  |
-------------------------------------
-------------------------------------
| time/                 |           |
|    fps                | 14        |
|    iterations         | 76900     |
|    time_elapsed       | 26308     |
|    total_timesteps    | 384500    |
| train/                |           |
|    entropy_loss       | 9.85      |
|    explained_variance | 0         |
|    learning_rate      | 0.0007    |
|    n_updates          | 76899     |
|    policy_loss        | -1.99e+04 |
|    reward             | 707.1952  |
|    std                | 0.00679   |
|    value_loss         | 5.05e+06  |
-------------------------------------
EPISODE:  386
-------------------------------------
| time/                 |           |
|    fps                | 14        |
|    iterations         | 77000     |
|    time_elapsed       | 26343     |
|    total_timesteps    | 385000    |
| train/                |           |
|    entropy_loss       | 9.86      |
|    explained_variance | 0         |
|    learning_rate      | 0.0007    |
|    n_updates          | 76999     |
|    policy_loss        | -1.63e+03 |
|    reward             | 35.67802  |
|    std                | 0.00679   |
|    value_loss         | 3.61e+04  |
-------------------------------------
-------------------------------------
| time/                 |           |
|    fps                | 14        |
|    iterations         | 77100     |
|    time_elapsed       | 26377     |
|    total_timesteps    | 385500    |
| train/                |           |
|    entropy_loss       | 9.87      |
|    explained_variance | 0         |
|    learning_rate      | 0.0007    |
|    n_updates          | 77099     |
|    policy_loss        | -1.99e+04 |
|    reward             | 707.1952  |
|    std                | 0.00675   |
|    value_loss         | 5.04e+06  |
-------------------------------------
EPISODE:  387
-------------------------------------
| time/                 |           |
|    fps                | 14        |
|    iterations         | 77200     |
|    time_elapsed       | 26411     |
|    total_timesteps    | 386000    |
| train/                |           |
|    entropy_loss       | 9.89      |
|    explained_variance | 0         |
|    learning_rate      | 0.0007    |
|    n_updates          | 77199     |
|    policy_loss        | -1.49e+03 |
|    reward             | 35.67802  |
|    std                | 0.00676   |
|    value_loss         | 3.6e+04   |
-------------------------------------
-------------------------------------
| time/                 |           |
|    fps                | 14        |
|    iterations         | 77300     |
|    time_elapsed       | 26446     |
|    total_timesteps    | 386500    |
| train/                |           |
|    entropy_loss       | 9.89      |
|    explained_variance | 0         |
|    learning_rate      | 0.0007    |
|    n_updates          | 77299     |
|    policy_loss        | -2.07e+04 |
|    reward             | 707.1952  |
|    std                | 0.00682   |
|    value_loss         | 5.04e+06  |
-------------------------------------
EPISODE:  388
-------------------------------------
| time/                 |           |
|    fps                | 14        |
|    iterations         | 77400     |
|    time_elapsed       | 26481     |
|    total_timesteps    | 387000    |
| train/                |           |
|    entropy_loss       | 9.9       |
|    explained_variance | -1.19e-07 |
|    learning_rate      | 0.0007    |
|    n_updates          | 77399     |
|    policy_loss        | -1.73e+03 |
|    reward             | 35.67802  |
|    std                | 0.00683   |
|    value_loss         | 3.6e+04   |
-------------------------------------
-------------------------------------
| time/                 |           |
|    fps                | 14        |
|    iterations         | 77500     |
|    time_elapsed       | 26516     |
|    total_timesteps    | 387500    |
| train/                |           |
|    entropy_loss       | 9.92      |
|    explained_variance | 0         |
|    learning_rate      | 0.0007    |
|    n_updates          | 77499     |
|    policy_loss        | -2.16e+04 |
|    reward             | 707.1952  |
|    std                | 0.00678   |
|    value_loss         | 5.04e+06  |
-------------------------------------
EPISODE:  389
-------------------------------------
| time/                 |           |
|    fps                | 14        |
|    iterations         | 77600     |
|    time_elapsed       | 26550     |
|    total_timesteps    | 388000    |
| train/                |           |
|    entropy_loss       | 9.93      |
|    explained_variance | 5.96e-08  |
|    learning_rate      | 0.0007    |
|    n_updates          | 77599     |
|    policy_loss        | -1.66e+03 |
|    reward             | 35.67802  |
|    std                | 0.00676   |
|    value_loss         | 3.6e+04   |
-------------------------------------
-------------------------------------
| time/                 |           |
|    fps                | 14        |
|    iterations         | 77700     |
|    time_elapsed       | 26585     |
|    total_timesteps    | 388500    |
| train/                |           |
|    entropy_loss       | 9.94      |
|    explained_variance | 0         |
|    learning_rate      | 0.0007    |
|    n_updates          | 77699     |
|    policy_loss        | -1.87e+04 |
|    reward             | 707.1952  |
|    std                | 0.00674   |
|    value_loss         | 5.04e+06  |
-------------------------------------
EPISODE:  390
-------------------------------------
| time/                 |           |
|    fps                | 14        |
|    iterations         | 77800     |
|    time_elapsed       | 26619     |
|    total_timesteps    | 389000    |
| train/                |           |
|    entropy_loss       | 9.95      |
|    explained_variance | 1.19e-07  |
|    learning_rate      | 0.0007    |
|    n_updates          | 77799     |
|    policy_loss        | -1.63e+03 |
|    reward             | 35.67802  |
|    std                | 0.00674   |
|    value_loss         | 3.59e+04  |
-------------------------------------
-------------------------------------
| time/                 |           |
|    fps                | 14        |
|    iterations         | 77900     |
|    time_elapsed       | 26653     |
|    total_timesteps    | 389500    |
| train/                |           |
|    entropy_loss       | 9.95      |
|    explained_variance | 0         |
|    learning_rate      | 0.0007    |
|    n_updates          | 77899     |
|    policy_loss        | -2.06e+04 |
|    reward             | 707.1952  |
|    std                | 0.00674   |
|    value_loss         | 5.04e+06  |
-------------------------------------
EPISODE:  391
-------------------------------------
| time/                 |           |
|    fps                | 14        |
|    iterations         | 78000     |
|    time_elapsed       | 26688     |
|    total_timesteps    | 390000    |
| train/                |           |
|    entropy_loss       | 9.97      |
|    explained_variance | 0         |
|    learning_rate      | 0.0007    |
|    n_updates          | 77999     |
|    policy_loss        | -1.77e+03 |
|    reward             | 35.67802  |
|    std                | 0.00673   |
|    value_loss         | 3.59e+04  |
-------------------------------------
-------------------------------------
| time/                 |           |
|    fps                | 14        |
|    iterations         | 78100     |
|    time_elapsed       | 26722     |
|    total_timesteps    | 390500    |
| train/                |           |
|    entropy_loss       | 9.98      |
|    explained_variance | 1.19e-07  |
|    learning_rate      | 0.0007    |
|    n_updates          | 78099     |
|    policy_loss        | -1.94e+04 |
|    reward             | 707.1952  |
|    std                | 0.00671   |
|    value_loss         | 5.04e+06  |
-------------------------------------
EPISODE:  392
-------------------------------------
| time/                 |           |
|    fps                | 14        |
|    iterations         | 78200     |
|    time_elapsed       | 26757     |
|    total_timesteps    | 391000    |
| train/                |           |
|    entropy_loss       | 9.99      |
|    explained_variance | 0         |
|    learning_rate      | 0.0007    |
|    n_updates          | 78199     |
|    policy_loss        | -1.79e+03 |
|    reward             | 35.67802  |
|    std                | 0.00664   |
|    value_loss         | 3.59e+04  |
-------------------------------------
-------------------------------------
| time/                 |           |
|    fps                | 14        |
|    iterations         | 78300     |
|    time_elapsed       | 26791     |
|    total_timesteps    | 391500    |
| train/                |           |
|    entropy_loss       | 10        |
|    explained_variance | 1.19e-07  |
|    learning_rate      | 0.0007    |
|    n_updates          | 78299     |
|    policy_loss        | -2.13e+04 |
|    reward             | 707.1952  |
|    std                | 0.00666   |
|    value_loss         | 5.04e+06  |
-------------------------------------
EPISODE:  393
-------------------------------------
| time/                 |           |
|    fps                | 14        |
|    iterations         | 78400     |
|    time_elapsed       | 26826     |
|    total_timesteps    | 392000    |
| train/                |           |
|    entropy_loss       | 10        |
|    explained_variance | 0         |
|    learning_rate      | 0.0007    |
|    n_updates          | 78399     |
|    policy_loss        | -1.61e+03 |
|    reward             | 35.67802  |
|    std                | 0.00663   |
|    value_loss         | 3.58e+04  |
-------------------------------------
-------------------------------------
| time/                 |           |
|    fps                | 14        |
|    iterations         | 78500     |
|    time_elapsed       | 26860     |
|    total_timesteps    | 392500    |
| train/                |           |
|    entropy_loss       | 10        |
|    explained_variance | 0         |
|    learning_rate      | 0.0007    |
|    n_updates          | 78499     |
|    policy_loss        | -1.87e+04 |
|    reward             | 707.1952  |
|    std                | 0.00654   |
|    value_loss         | 5.04e+06  |
-------------------------------------
EPISODE:  394
-------------------------------------
| time/                 |           |
|    fps                | 14        |
|    iterations         | 78600     |
|    time_elapsed       | 26894     |
|    total_timesteps    | 393000    |
| train/                |           |
|    entropy_loss       | 10.1      |
|    explained_variance | -1.19e-07 |
|    learning_rate      | 0.0007    |
|    n_updates          | 78599     |
|    policy_loss        | -1.58e+03 |
|    reward             | 35.67802  |
|    std                | 0.00651   |
|    value_loss         | 3.58e+04  |
-------------------------------------
-------------------------------------
| time/                 |           |
|    fps                | 14        |
|    iterations         | 78700     |
|    time_elapsed       | 26929     |
|    total_timesteps    | 393500    |
| train/                |           |
|    entropy_loss       | 10.1      |
|    explained_variance | 0         |
|    learning_rate      | 0.0007    |
|    n_updates          | 78699     |
|    policy_loss        | -2.12e+04 |
|    reward             | 707.1952  |
|    std                | 0.00654   |
|    value_loss         | 5.04e+06  |
-------------------------------------
EPISODE:  395
-------------------------------------
| time/                 |           |
|    fps                | 14        |
|    iterations         | 78800     |
|    time_elapsed       | 26963     |
|    total_timesteps    | 394000    |
| train/                |           |
|    entropy_loss       | 10.1      |
|    explained_variance | -1.19e-07 |
|    learning_rate      | 0.0007    |
|    n_updates          | 78799     |
|    policy_loss        | -1.75e+03 |
|    reward             | 35.67802  |
|    std                | 0.0065    |
|    value_loss         | 3.57e+04  |
-------------------------------------
-------------------------------------
| time/                 |           |
|    fps                | 14        |
|    iterations         | 78900     |
|    time_elapsed       | 26998     |
|    total_timesteps    | 394500    |
| train/                |           |
|    entropy_loss       | 10.1      |
|    explained_variance | 0         |
|    learning_rate      | 0.0007    |
|    n_updates          | 78899     |
|    policy_loss        | -2.12e+04 |
|    reward             | 707.1952  |
|    std                | 0.00649   |
|    value_loss         | 5.04e+06  |
-------------------------------------
EPISODE:  396
-------------------------------------
| time/                 |           |
|    fps                | 14        |
|    iterations         | 79000     |
|    time_elapsed       | 27032     |
|    total_timesteps    | 395000    |
| train/                |           |
|    entropy_loss       | 10.1      |
|    explained_variance | 0         |
|    learning_rate      | 0.0007    |
|    n_updates          | 78999     |
|    policy_loss        | -1.63e+03 |
|    reward             | 35.67802  |
|    std                | 0.0065    |
|    value_loss         | 3.57e+04  |
-------------------------------------
-------------------------------------
| time/                 |           |
|    fps                | 14        |
|    iterations         | 79100     |
|    time_elapsed       | 27067     |
|    total_timesteps    | 395500    |
| train/                |           |
|    entropy_loss       | 10.1      |
|    explained_variance | -1.19e-07 |
|    learning_rate      | 0.0007    |
|    n_updates          | 79099     |
|    policy_loss        | -2e+04    |
|    reward             | 707.1952  |
|    std                | 0.00644   |
|    value_loss         | 5.04e+06  |
-------------------------------------
EPISODE:  397
-------------------------------------
| time/                 |           |
|    fps                | 14        |
|    iterations         | 79200     |
|    time_elapsed       | 27101     |
|    total_timesteps    | 396000    |
| train/                |           |
|    entropy_loss       | 10.1      |
|    explained_variance | 0         |
|    learning_rate      | 0.0007    |
|    n_updates          | 79199     |
|    policy_loss        | -1.67e+03 |
|    reward             | 35.67802  |
|    std                | 0.00646   |
|    value_loss         | 3.57e+04  |
-------------------------------------
-------------------------------------
| time/                 |           |
|    fps                | 14        |
|    iterations         | 79300     |
|    time_elapsed       | 27135     |
|    total_timesteps    | 396500    |
| train/                |           |
|    entropy_loss       | 10.1      |
|    explained_variance | -1.19e-07 |
|    learning_rate      | 0.0007    |
|    n_updates          | 79299     |
|    policy_loss        | -2e+04    |
|    reward             | 707.1952  |
|    std                | 0.00648   |
|    value_loss         | 5.04e+06  |
-------------------------------------
EPISODE:  398
-------------------------------------
| time/                 |           |
|    fps                | 14        |
|    iterations         | 79400     |
|    time_elapsed       | 27170     |
|    total_timesteps    | 397000    |
| train/                |           |
|    entropy_loss       | 10.1      |
|    explained_variance | 0         |
|    learning_rate      | 0.0007    |
|    n_updates          | 79399     |
|    policy_loss        | -1.78e+03 |
|    reward             | 35.67802  |
|    std                | 0.00646   |
|    value_loss         | 3.56e+04  |
-------------------------------------
-------------------------------------
| time/                 |           |
|    fps                | 14        |
|    iterations         | 79500     |
|    time_elapsed       | 27204     |
|    total_timesteps    | 397500    |
| train/                |           |
|    entropy_loss       | 10.2      |
|    explained_variance | 0         |
|    learning_rate      | 0.0007    |
|    n_updates          | 79499     |
|    policy_loss        | -2.04e+04 |
|    reward             | 707.1952  |
|    std                | 0.00637   |
|    value_loss         | 5.04e+06  |
-------------------------------------
EPISODE:  399
-------------------------------------
| time/                 |           |
|    fps                | 14        |
|    iterations         | 79600     |
|    time_elapsed       | 27239     |
|    total_timesteps    | 398000    |
| train/                |           |
|    entropy_loss       | 10.2      |
|    explained_variance | 0         |
|    learning_rate      | 0.0007    |
|    n_updates          | 79599     |
|    policy_loss        | -1.66e+03 |
|    reward             | 35.67802  |
|    std                | 0.0063    |
|    value_loss         | 3.56e+04  |
-------------------------------------
-------------------------------------
| time/                 |           |
|    fps                | 14        |
|    iterations         | 79700     |
|    time_elapsed       | 27273     |
|    total_timesteps    | 398500    |
| train/                |           |
|    entropy_loss       | 10.2      |
|    explained_variance | 0         |
|    learning_rate      | 0.0007    |
|    n_updates          | 79699     |
|    policy_loss        | -2.12e+04 |
|    reward             | 707.1952  |
|    std                | 0.00627   |
|    value_loss         | 5.04e+06  |
-------------------------------------
EPISODE:  400
-------------------------------------
| time/                 |           |
|    fps                | 14        |
|    iterations         | 79800     |
|    time_elapsed       | 27308     |
|    total_timesteps    | 399000    |
| train/                |           |
|    entropy_loss       | 10.2      |
|    explained_variance | 0         |
|    learning_rate      | 0.0007    |
|    n_updates          | 79799     |
|    policy_loss        | -1.68e+03 |
|    reward             | 35.67802  |
|    std                | 0.0063    |
|    value_loss         | 3.56e+04  |
-------------------------------------
-------------------------------------
| time/                 |           |
|    fps                | 14        |
|    iterations         | 79900     |
|    time_elapsed       | 27342     |
|    total_timesteps    | 399500    |
| train/                |           |
|    entropy_loss       | 10.2      |
|    explained_variance | 0         |
|    learning_rate      | 0.0007    |
|    n_updates          | 79899     |
|    policy_loss        | -2.19e+04 |
|    reward             | 707.1952  |
|    std                | 0.00629   |
|    value_loss         | 5.04e+06  |
-------------------------------------
EPISODE:  401
-------------------------------------
| time/                 |           |
|    fps                | 14        |
|    iterations         | 80000     |
|    time_elapsed       | 27376     |
|    total_timesteps    | 400000    |
| train/                |           |
|    entropy_loss       | 10.2      |
|    explained_variance | -1.19e-07 |
|    learning_rate      | 0.0007    |
|    n_updates          | 79999     |
|    policy_loss        | -1.78e+03 |
|    reward             | 35.67802  |
|    std                | 0.00629   |
|    value_loss         | 3.55e+04  |
-------------------------------------
-------------------------------------
| time/                 |           |
|    fps                | 14        |
|    iterations         | 80100     |
|    time_elapsed       | 27412     |
|    total_timesteps    | 400500    |
| train/                |           |
|    entropy_loss       | 10.2      |
|    explained_variance | 0         |
|    learning_rate      | 0.0007    |
|    n_updates          | 80099     |
|    policy_loss        | -2.12e+04 |
|    reward             | 707.1952  |
|    std                | 0.00627   |
|    value_loss         | 5.04e+06  |
-------------------------------------
EPISODE:  402
-------------------------------------
| time/                 |           |
|    fps                | 14        |
|    iterations         | 80200     |
|    time_elapsed       | 27446     |
|    total_timesteps    | 401000    |
| train/                |           |
|    entropy_loss       | 10.2      |
|    explained_variance | 5.96e-08  |
|    learning_rate      | 0.0007    |
|    n_updates          | 80199     |
|    policy_loss        | -1.76e+03 |
|    reward             | 35.67802  |
|    std                | 0.00626   |
|    value_loss         | 3.55e+04  |
-------------------------------------
-------------------------------------
| time/                 |           |
|    fps                | 14        |
|    iterations         | 80300     |
|    time_elapsed       | 27481     |
|    total_timesteps    | 401500    |
| train/                |           |
|    entropy_loss       | 10.2      |
|    explained_variance | -1.19e-07 |
|    learning_rate      | 0.0007    |
|    n_updates          | 80299     |
|    policy_loss        | -1.85e+04 |
|    reward             | 707.1952  |
|    std                | 0.00625   |
|    value_loss         | 5.04e+06  |
-------------------------------------
EPISODE:  403
-------------------------------------
| time/                 |           |
|    fps                | 14        |
|    iterations         | 80400     |
|    time_elapsed       | 27515     |
|    total_timesteps    | 402000    |
| train/                |           |
|    entropy_loss       | 10.2      |
|    explained_variance | 0         |
|    learning_rate      | 0.0007    |
|    n_updates          | 80399     |
|    policy_loss        | -1.73e+03 |
|    reward             | 35.67802  |
|    std                | 0.00627   |
|    value_loss         | 3.55e+04  |
-------------------------------------
-------------------------------------
| time/                 |           |
|    fps                | 14        |
|    iterations         | 80500     |
|    time_elapsed       | 27550     |
|    total_timesteps    | 402500    |
| train/                |           |
|    entropy_loss       | 10.2      |
|    explained_variance | 0         |
|    learning_rate      | 0.0007    |
|    n_updates          | 80499     |
|    policy_loss        | -2.08e+04 |
|    reward             | 707.1952  |
|    std                | 0.00627   |
|    value_loss         | 5.04e+06  |
-------------------------------------
EPISODE:  404
-------------------------------------
| time/                 |           |
|    fps                | 14        |
|    iterations         | 80600     |
|    time_elapsed       | 27584     |
|    total_timesteps    | 403000    |
| train/                |           |
|    entropy_loss       | 10.3      |
|    explained_variance | 0         |
|    learning_rate      | 0.0007    |
|    n_updates          | 80599     |
|    policy_loss        | -1.71e+03 |
|    reward             | 35.67802  |
|    std                | 0.00626   |
|    value_loss         | 3.54e+04  |
-------------------------------------
-------------------------------------
| time/                 |           |
|    fps                | 14        |
|    iterations         | 80700     |
|    time_elapsed       | 27619     |
|    total_timesteps    | 403500    |
| train/                |           |
|    entropy_loss       | 10.3      |
|    explained_variance | 0         |
|    learning_rate      | 0.0007    |
|    n_updates          | 80699     |
|    policy_loss        | -2.05e+04 |
|    reward             | 707.1952  |
|    std                | 0.00625   |
|    value_loss         | 5.04e+06  |
-------------------------------------
EPISODE:  405
-------------------------------------
| time/                 |           |
|    fps                | 14        |
|    iterations         | 80800     |
|    time_elapsed       | 27653     |
|    total_timesteps    | 404000    |
| train/                |           |
|    entropy_loss       | 10.3      |
|    explained_variance | 0         |
|    learning_rate      | 0.0007    |
|    n_updates          | 80799     |
|    policy_loss        | -1.69e+03 |
|    reward             | 35.67802  |
|    std                | 0.00625   |
|    value_loss         | 3.54e+04  |
-------------------------------------
-------------------------------------
| time/                 |           |
|    fps                | 14        |
|    iterations         | 80900     |
|    time_elapsed       | 27687     |
|    total_timesteps    | 404500    |
| train/                |           |
|    entropy_loss       | 10.3      |
|    explained_variance | -1.19e-07 |
|    learning_rate      | 0.0007    |
|    n_updates          | 80899     |
|    policy_loss        | -2.11e+04 |
|    reward             | 707.1952  |
|    std                | 0.00624   |
|    value_loss         | 5.04e+06  |
-------------------------------------
EPISODE:  406
-------------------------------------
| time/                 |           |
|    fps                | 14        |
|    iterations         | 81000     |
|    time_elapsed       | 27722     |
|    total_timesteps    | 405000    |
| train/                |           |
|    entropy_loss       | 10.3      |
|    explained_variance | 0         |
|    learning_rate      | 0.0007    |
|    n_updates          | 80999     |
|    policy_loss        | -1.82e+03 |
|    reward             | 35.67802  |
|    std                | 0.00619   |
|    value_loss         | 3.53e+04  |
-------------------------------------
------------------------------------
| time/                 |          |
|    fps                | 14       |
|    iterations         | 81100    |
|    time_elapsed       | 27756    |
|    total_timesteps    | 405500   |
| train/                |          |
|    entropy_loss       | 10.3     |
|    explained_variance | 0        |
|    learning_rate      | 0.0007   |
|    n_updates          | 81099    |
|    policy_loss        | -2.2e+04 |
|    reward             | 707.1952 |
|    std                | 0.00613  |
|    value_loss         | 5.04e+06 |
------------------------------------
EPISODE:  407
-------------------------------------
| time/                 |           |
|    fps                | 14        |
|    iterations         | 81200     |
|    time_elapsed       | 27791     |
|    total_timesteps    | 406000    |
| train/                |           |
|    entropy_loss       | 10.3      |
|    explained_variance | 5.96e-08  |
|    learning_rate      | 0.0007    |
|    n_updates          | 81199     |
|    policy_loss        | -1.83e+03 |
|    reward             | 35.67802  |
|    std                | 0.00614   |
|    value_loss         | 3.53e+04  |
-------------------------------------
-------------------------------------
| time/                 |           |
|    fps                | 14        |
|    iterations         | 81300     |
|    time_elapsed       | 27825     |
|    total_timesteps    | 406500    |
| train/                |           |
|    entropy_loss       | 10.3      |
|    explained_variance | 0         |
|    learning_rate      | 0.0007    |
|    n_updates          | 81299     |
|    policy_loss        | -2.19e+04 |
|    reward             | 707.1952  |
|    std                | 0.00612   |
|    value_loss         | 5.04e+06  |
-------------------------------------
EPISODE:  408
-------------------------------------
| time/                 |           |
|    fps                | 14        |
|    iterations         | 81400     |
|    time_elapsed       | 27860     |
|    total_timesteps    | 407000    |
| train/                |           |
|    entropy_loss       | 10.3      |
|    explained_variance | 0         |
|    learning_rate      | 0.0007    |
|    n_updates          | 81399     |
|    policy_loss        | -1.71e+03 |
|    reward             | 35.67802  |
|    std                | 0.00613   |
|    value_loss         | 3.53e+04  |
-------------------------------------
-------------------------------------
| time/                 |           |
|    fps                | 14        |
|    iterations         | 81500     |
|    time_elapsed       | 27894     |
|    total_timesteps    | 407500    |
| train/                |           |
|    entropy_loss       | 10.3      |
|    explained_variance | 0         |
|    learning_rate      | 0.0007    |
|    n_updates          | 81499     |
|    policy_loss        | -2.08e+04 |
|    reward             | 707.1952  |
|    std                | 0.00618   |
|    value_loss         | 5.04e+06  |
-------------------------------------
EPISODE:  409
-------------------------------------
| time/                 |           |
|    fps                | 14        |
|    iterations         | 81600     |
|    time_elapsed       | 27928     |
|    total_timesteps    | 408000    |
| train/                |           |
|    entropy_loss       | 10.3      |
|    explained_variance | 5.96e-08  |
|    learning_rate      | 0.0007    |
|    n_updates          | 81599     |
|    policy_loss        | -1.71e+03 |
|    reward             | 35.67802  |
|    std                | 0.00616   |
|    value_loss         | 3.53e+04  |
-------------------------------------
-------------------------------------
| time/                 |           |
|    fps                | 14        |
|    iterations         | 81700     |
|    time_elapsed       | 27963     |
|    total_timesteps    | 408500    |
| train/                |           |
|    entropy_loss       | 10.3      |
|    explained_variance | 0         |
|    learning_rate      | 0.0007    |
|    n_updates          | 81699     |
|    policy_loss        | -1.92e+04 |
|    reward             | 707.1952  |
|    std                | 0.00616   |
|    value_loss         | 5.03e+06  |
-------------------------------------
EPISODE:  410
-------------------------------------
| time/                 |           |
|    fps                | 14        |
|    iterations         | 81800     |
|    time_elapsed       | 27997     |
|    total_timesteps    | 409000    |
| train/                |           |
|    entropy_loss       | 10.4      |
|    explained_variance | 0         |
|    learning_rate      | 0.0007    |
|    n_updates          | 81799     |
|    policy_loss        | -1.64e+03 |
|    reward             | 35.67802  |
|    std                | 0.00611   |
|    value_loss         | 3.52e+04  |
-------------------------------------
-------------------------------------
| time/                 |           |
|    fps                | 14        |
|    iterations         | 81900     |
|    time_elapsed       | 28032     |
|    total_timesteps    | 409500    |
| train/                |           |
|    entropy_loss       | 10.4      |
|    explained_variance | 0         |
|    learning_rate      | 0.0007    |
|    n_updates          | 81899     |
|    policy_loss        | -2.09e+04 |
|    reward             | 707.1952  |
|    std                | 0.0061    |
|    value_loss         | 5.03e+06  |
-------------------------------------
EPISODE:  411
-------------------------------------
| time/                 |           |
|    fps                | 14        |
|    iterations         | 82000     |
|    time_elapsed       | 28066     |
|    total_timesteps    | 410000    |
| train/                |           |
|    entropy_loss       | 10.4      |
|    explained_variance | 0         |
|    learning_rate      | 0.0007    |
|    n_updates          | 81999     |
|    policy_loss        | -1.83e+03 |
|    reward             | 35.67802  |
|    std                | 0.00609   |
|    value_loss         | 3.52e+04  |
-------------------------------------
-------------------------------------
| time/                 |           |
|    fps                | 14        |
|    iterations         | 82100     |
|    time_elapsed       | 28101     |
|    total_timesteps    | 410500    |
| train/                |           |
|    entropy_loss       | 10.4      |
|    explained_variance | 0         |
|    learning_rate      | 0.0007    |
|    n_updates          | 82099     |
|    policy_loss        | -2.23e+04 |
|    reward             | 707.1952  |
|    std                | 0.00612   |
|    value_loss         | 5.03e+06  |
-------------------------------------
EPISODE:  412
-------------------------------------
| time/                 |           |
|    fps                | 14        |
|    iterations         | 82200     |
|    time_elapsed       | 28135     |
|    total_timesteps    | 411000    |
| train/                |           |
|    entropy_loss       | 10.4      |
|    explained_variance | 0         |
|    learning_rate      | 0.0007    |
|    n_updates          | 82199     |
|    policy_loss        | -1.72e+03 |
|    reward             | 35.67802  |
|    std                | 0.00606   |
|    value_loss         | 3.52e+04  |
-------------------------------------
-------------------------------------
| time/                 |           |
|    fps                | 14        |
|    iterations         | 82300     |
|    time_elapsed       | 28170     |
|    total_timesteps    | 411500    |
| train/                |           |
|    entropy_loss       | 10.4      |
|    explained_variance | 0         |
|    learning_rate      | 0.0007    |
|    n_updates          | 82299     |
|    policy_loss        | -2.21e+04 |
|    reward             | 707.1952  |
|    std                | 0.00608   |
|    value_loss         | 5.03e+06  |
-------------------------------------
EPISODE:  413
-------------------------------------
| time/                 |           |
|    fps                | 14        |
|    iterations         | 82400     |
|    time_elapsed       | 28204     |
|    total_timesteps    | 412000    |
| train/                |           |
|    entropy_loss       | 10.4      |
|    explained_variance | -1.19e-07 |
|    learning_rate      | 0.0007    |
|    n_updates          | 82399     |
|    policy_loss        | -1.61e+03 |
|    reward             | 35.67802  |
|    std                | 0.00613   |
|    value_loss         | 3.51e+04  |
-------------------------------------
-------------------------------------
| time/                 |           |
|    fps                | 14        |
|    iterations         | 82500     |
|    time_elapsed       | 28239     |
|    total_timesteps    | 412500    |
| train/                |           |
|    entropy_loss       | 10.4      |
|    explained_variance | 0         |
|    learning_rate      | 0.0007    |
|    n_updates          | 82499     |
|    policy_loss        | -2.02e+04 |
|    reward             | 707.1952  |
|    std                | 0.00615   |
|    value_loss         | 5.03e+06  |
-------------------------------------
EPISODE:  414
-------------------------------------
| time/                 |           |
|    fps                | 14        |
|    iterations         | 82600     |
|    time_elapsed       | 28273     |
|    total_timesteps    | 413000    |
| train/                |           |
|    entropy_loss       | 10.4      |
|    explained_variance | 0         |
|    learning_rate      | 0.0007    |
|    n_updates          | 82599     |
|    policy_loss        | -1.67e+03 |
|    reward             | 35.67802  |
|    std                | 0.00612   |
|    value_loss         | 3.51e+04  |
-------------------------------------
-------------------------------------
| time/                 |           |
|    fps                | 14        |
|    iterations         | 82700     |
|    time_elapsed       | 28307     |
|    total_timesteps    | 413500    |
| train/                |           |
|    entropy_loss       | 10.4      |
|    explained_variance | 0         |
|    learning_rate      | 0.0007    |
|    n_updates          | 82699     |
|    policy_loss        | -2.03e+04 |
|    reward             | 707.1952  |
|    std                | 0.00612   |
|    value_loss         | 5.03e+06  |
-------------------------------------
EPISODE:  415
-------------------------------------
| time/                 |           |
|    fps                | 14        |
|    iterations         | 82800     |
|    time_elapsed       | 28343     |
|    total_timesteps    | 414000    |
| train/                |           |
|    entropy_loss       | 10.4      |
|    explained_variance | 0         |
|    learning_rate      | 0.0007    |
|    n_updates          | 82799     |
|    policy_loss        | -1.69e+03 |
|    reward             | 35.67802  |
|    std                | 0.00615   |
|    value_loss         | 3.51e+04  |
-------------------------------------
-------------------------------------
| time/                 |           |
|    fps                | 14        |
|    iterations         | 82900     |
|    time_elapsed       | 28377     |
|    total_timesteps    | 414500    |
| train/                |           |
|    entropy_loss       | 10.4      |
|    explained_variance | 0         |
|    learning_rate      | 0.0007    |
|    n_updates          | 82899     |
|    policy_loss        | -2.24e+04 |
|    reward             | 707.1952  |
|    std                | 0.00615   |
|    value_loss         | 5.03e+06  |
-------------------------------------
EPISODE:  416
-------------------------------------
| time/                 |           |
|    fps                | 14        |
|    iterations         | 83000     |
|    time_elapsed       | 28412     |
|    total_timesteps    | 415000    |
| train/                |           |
|    entropy_loss       | 10.4      |
|    explained_variance | 0         |
|    learning_rate      | 0.0007    |
|    n_updates          | 82999     |
|    policy_loss        | -1.84e+03 |
|    reward             | 35.67802  |
|    std                | 0.00617   |
|    value_loss         | 3.5e+04   |
-------------------------------------
-------------------------------------
| time/                 |           |
|    fps                | 14        |
|    iterations         | 83100     |
|    time_elapsed       | 28446     |
|    total_timesteps    | 415500    |
| train/                |           |
|    entropy_loss       | 10.4      |
|    explained_variance | 0         |
|    learning_rate      | 0.0007    |
|    n_updates          | 83099     |
|    policy_loss        | -2.17e+04 |
|    reward             | 707.1952  |
|    std                | 0.00611   |
|    value_loss         | 5.03e+06  |
-------------------------------------
EPISODE:  417
-------------------------------------
| time/                 |           |
|    fps                | 14        |
|    iterations         | 83200     |
|    time_elapsed       | 28481     |
|    total_timesteps    | 416000    |
| train/                |           |
|    entropy_loss       | 10.4      |
|    explained_variance | 0         |
|    learning_rate      | 0.0007    |
|    n_updates          | 83199     |
|    policy_loss        | -1.73e+03 |
|    reward             | 35.67802  |
|    std                | 0.00612   |
|    value_loss         | 3.5e+04   |
-------------------------------------
-------------------------------------
| time/                 |           |
|    fps                | 14        |
|    iterations         | 83300     |
|    time_elapsed       | 28515     |
|    total_timesteps    | 416500    |
| train/                |           |
|    entropy_loss       | 10.4      |
|    explained_variance | 0         |
|    learning_rate      | 0.0007    |
|    n_updates          | 83299     |
|    policy_loss        | -2.15e+04 |
|    reward             | 707.1952  |
|    std                | 0.00614   |
|    value_loss         | 5.03e+06  |
-------------------------------------
EPISODE:  418
-------------------------------------
| time/                 |           |
|    fps                | 14        |
|    iterations         | 83400     |
|    time_elapsed       | 28549     |
|    total_timesteps    | 417000    |
| train/                |           |
|    entropy_loss       | 10.4      |
|    explained_variance | 0         |
|    learning_rate      | 0.0007    |
|    n_updates          | 83399     |
|    policy_loss        | -1.78e+03 |
|    reward             | 35.67802  |
|    std                | 0.00618   |
|    value_loss         | 3.5e+04   |
-------------------------------------
------------------------------------
| time/                 |          |
|    fps                | 14       |
|    iterations         | 83500    |
|    time_elapsed       | 28584    |
|    total_timesteps    | 417500   |
| train/                |          |
|    entropy_loss       | 10.4     |
|    explained_variance | 0        |
|    learning_rate      | 0.0007   |
|    n_updates          | 83499    |
|    policy_loss        | -2.1e+04 |
|    reward             | 707.1952 |
|    std                | 0.00622  |
|    value_loss         | 5.03e+06 |
------------------------------------
EPISODE:  419
-------------------------------------
| time/                 |           |
|    fps                | 14        |
|    iterations         | 83600     |
|    time_elapsed       | 28618     |
|    total_timesteps    | 418000    |
| train/                |           |
|    entropy_loss       | 10.5      |
|    explained_variance | 0         |
|    learning_rate      | 0.0007    |
|    n_updates          | 83599     |
|    policy_loss        | -1.64e+03 |
|    reward             | 35.67802  |
|    std                | 0.00623   |
|    value_loss         | 3.49e+04  |
-------------------------------------
-------------------------------------
| time/                 |           |
|    fps                | 14        |
|    iterations         | 83700     |
|    time_elapsed       | 28653     |
|    total_timesteps    | 418500    |
| train/                |           |
|    entropy_loss       | 10.5      |
|    explained_variance | 0         |
|    learning_rate      | 0.0007    |
|    n_updates          | 83699     |
|    policy_loss        | -2.25e+04 |
|    reward             | 707.1952  |
|    std                | 0.00618   |
|    value_loss         | 5.03e+06  |
-------------------------------------
EPISODE:  420
-------------------------------------
| time/                 |           |
|    fps                | 14        |
|    iterations         | 83800     |
|    time_elapsed       | 28687     |
|    total_timesteps    | 419000    |
| train/                |           |
|    entropy_loss       | 10.5      |
|    explained_variance | 1.79e-07  |
|    learning_rate      | 0.0007    |
|    n_updates          | 83799     |
|    policy_loss        | -1.79e+03 |
|    reward             | 35.67802  |
|    std                | 0.0062    |
|    value_loss         | 3.49e+04  |
-------------------------------------
------------------------------------
| time/                 |          |
|    fps                | 14       |
|    iterations         | 83900    |
|    time_elapsed       | 28722    |
|    total_timesteps    | 419500   |
| train/                |          |
|    entropy_loss       | 10.5     |
|    explained_variance | 1.19e-07 |
|    learning_rate      | 0.0007   |
|    n_updates          | 83899    |
|    policy_loss        | -2.1e+04 |
|    reward             | 707.1952 |
|    std                | 0.00625  |
|    value_loss         | 5.03e+06 |
------------------------------------
EPISODE:  421
-------------------------------------
| time/                 |           |
|    fps                | 14        |
|    iterations         | 84000     |
|    time_elapsed       | 28756     |
|    total_timesteps    | 420000    |
| train/                |           |
|    entropy_loss       | 10.5      |
|    explained_variance | -1.19e-07 |
|    learning_rate      | 0.0007    |
|    n_updates          | 83999     |
|    policy_loss        | -1.8e+03  |
|    reward             | 35.67802  |
|    std                | 0.00623   |
|    value_loss         | 3.48e+04  |
-------------------------------------
-------------------------------------
| time/                 |           |
|    fps                | 14        |
|    iterations         | 84100     |
|    time_elapsed       | 28790     |
|    total_timesteps    | 420500    |
| train/                |           |
|    entropy_loss       | 10.5      |
|    explained_variance | 0         |
|    learning_rate      | 0.0007    |
|    n_updates          | 84099     |
|    policy_loss        | -2.02e+04 |
|    reward             | 707.1952  |
|    std                | 0.00624   |
|    value_loss         | 5.03e+06  |
-------------------------------------
EPISODE:  422
-------------------------------------
| time/                 |           |
|    fps                | 14        |
|    iterations         | 84200     |
|    time_elapsed       | 28825     |
|    total_timesteps    | 421000    |
| train/                |           |
|    entropy_loss       | 10.5      |
|    explained_variance | 0         |
|    learning_rate      | 0.0007    |
|    n_updates          | 84199     |
|    policy_loss        | -1.77e+03 |
|    reward             | 35.67802  |
|    std                | 0.00619   |
|    value_loss         | 3.48e+04  |
-------------------------------------
-------------------------------------
| time/                 |           |
|    fps                | 14        |
|    iterations         | 84300     |
|    time_elapsed       | 28859     |
|    total_timesteps    | 421500    |
| train/                |           |
|    entropy_loss       | 10.5      |
|    explained_variance | 0         |
|    learning_rate      | 0.0007    |
|    n_updates          | 84299     |
|    policy_loss        | -2.12e+04 |
|    reward             | 707.1952  |
|    std                | 0.00617   |
|    value_loss         | 5.03e+06  |
-------------------------------------
EPISODE:  423
-------------------------------------
| time/                 |           |
|    fps                | 14        |
|    iterations         | 84400     |
|    time_elapsed       | 28894     |
|    total_timesteps    | 422000    |
| train/                |           |
|    entropy_loss       | 10.5      |
|    explained_variance | 0         |
|    learning_rate      | 0.0007    |
|    n_updates          | 84399     |
|    policy_loss        | -1.77e+03 |
|    reward             | 35.67802  |
|    std                | 0.00613   |
|    value_loss         | 3.47e+04  |
-------------------------------------
-------------------------------------
| time/                 |           |
|    fps                | 14        |
|    iterations         | 84500     |
|    time_elapsed       | 28928     |
|    total_timesteps    | 422500    |
| train/                |           |
|    entropy_loss       | 10.5      |
|    explained_variance | 0         |
|    learning_rate      | 0.0007    |
|    n_updates          | 84499     |
|    policy_loss        | -2.25e+04 |
|    reward             | 707.1952  |
|    std                | 0.00614   |
|    value_loss         | 5.03e+06  |
-------------------------------------
EPISODE:  424
-------------------------------------
| time/                 |           |
|    fps                | 14        |
|    iterations         | 84600     |
|    time_elapsed       | 28963     |
|    total_timesteps    | 423000    |
| train/                |           |
|    entropy_loss       | 10.5      |
|    explained_variance | 0         |
|    learning_rate      | 0.0007    |
|    n_updates          | 84599     |
|    policy_loss        | -1.75e+03 |
|    reward             | 35.67802  |
|    std                | 0.00609   |
|    value_loss         | 3.47e+04  |
-------------------------------------
-------------------------------------
| time/                 |           |
|    fps                | 14        |
|    iterations         | 84700     |
|    time_elapsed       | 28997     |
|    total_timesteps    | 423500    |
| train/                |           |
|    entropy_loss       | 10.6      |
|    explained_variance | -1.19e-07 |
|    learning_rate      | 0.0007    |
|    n_updates          | 84699     |
|    policy_loss        | -2.23e+04 |
|    reward             | 707.1952  |
|    std                | 0.00608   |
|    value_loss         | 5.03e+06  |
-------------------------------------
EPISODE:  425
-------------------------------------
| time/                 |           |
|    fps                | 14        |
|    iterations         | 84800     |
|    time_elapsed       | 29032     |
|    total_timesteps    | 424000    |
| train/                |           |
|    entropy_loss       | 10.6      |
|    explained_variance | 0         |
|    learning_rate      | 0.0007    |
|    n_updates          | 84799     |
|    policy_loss        | -1.76e+03 |
|    reward             | 35.67802  |
|    std                | 0.00611   |
|    value_loss         | 3.47e+04  |
-------------------------------------
-------------------------------------
| time/                 |           |
|    fps                | 14        |
|    iterations         | 84900     |
|    time_elapsed       | 29066     |
|    total_timesteps    | 424500    |
| train/                |           |
|    entropy_loss       | 10.6      |
|    explained_variance | 0         |
|    learning_rate      | 0.0007    |
|    n_updates          | 84899     |
|    policy_loss        | -1.96e+04 |
|    reward             | 707.1952  |
|    std                | 0.00604   |
|    value_loss         | 5.03e+06  |
-------------------------------------
EPISODE:  426
-------------------------------------
| time/                 |           |
|    fps                | 14        |
|    iterations         | 85000     |
|    time_elapsed       | 29101     |
|    total_timesteps    | 425000    |
| train/                |           |
|    entropy_loss       | 10.6      |
|    explained_variance | 0         |
|    learning_rate      | 0.0007    |
|    n_updates          | 84999     |
|    policy_loss        | -1.71e+03 |
|    reward             | 35.67802  |
|    std                | 0.00605   |
|    value_loss         | 3.46e+04  |
-------------------------------------
-------------------------------------
| time/                 |           |
|    fps                | 14        |
|    iterations         | 85100     |
|    time_elapsed       | 29135     |
|    total_timesteps    | 425500    |
| train/                |           |
|    entropy_loss       | 10.6      |
|    explained_variance | 0         |
|    learning_rate      | 0.0007    |
|    n_updates          | 85099     |
|    policy_loss        | -2.26e+04 |
|    reward             | 707.1952  |
|    std                | 0.006     |
|    value_loss         | 5.03e+06  |
-------------------------------------
EPISODE:  427
-------------------------------------
| time/                 |           |
|    fps                | 14        |
|    iterations         | 85200     |
|    time_elapsed       | 29169     |
|    total_timesteps    | 426000    |
| train/                |           |
|    entropy_loss       | 10.6      |
|    explained_variance | -1.19e-07 |
|    learning_rate      | 0.0007    |
|    n_updates          | 85199     |
|    policy_loss        | -1.75e+03 |
|    reward             | 35.67802  |
|    std                | 0.00593   |
|    value_loss         | 3.46e+04  |
-------------------------------------
-------------------------------------
| time/                 |           |
|    fps                | 14        |
|    iterations         | 85300     |
|    time_elapsed       | 29204     |
|    total_timesteps    | 426500    |
| train/                |           |
|    entropy_loss       | 10.7      |
|    explained_variance | 0         |
|    learning_rate      | 0.0007    |
|    n_updates          | 85299     |
|    policy_loss        | -2.19e+04 |
|    reward             | 707.1952  |
|    std                | 0.0059    |
|    value_loss         | 5.03e+06  |
-------------------------------------
EPISODE:  428
-------------------------------------
| time/                 |           |
|    fps                | 14        |
|    iterations         | 85400     |
|    time_elapsed       | 29238     |
|    total_timesteps    | 427000    |
| train/                |           |
|    entropy_loss       | 10.7      |
|    explained_variance | 0         |
|    learning_rate      | 0.0007    |
|    n_updates          | 85399     |
|    policy_loss        | -1.81e+03 |
|    reward             | 35.67802  |
|    std                | 0.00586   |
|    value_loss         | 3.45e+04  |
-------------------------------------
-------------------------------------
| time/                 |           |
|    fps                | 14        |
|    iterations         | 85500     |
|    time_elapsed       | 29274     |
|    total_timesteps    | 427500    |
| train/                |           |
|    entropy_loss       | 10.7      |
|    explained_variance | 0         |
|    learning_rate      | 0.0007    |
|    n_updates          | 85499     |
|    policy_loss        | -2.26e+04 |
|    reward             | 707.1952  |
|    std                | 0.00588   |
|    value_loss         | 5.03e+06  |
-------------------------------------
EPISODE:  429
-------------------------------------
| time/                 |           |
|    fps                | 14        |
|    iterations         | 85600     |
|    time_elapsed       | 29308     |
|    total_timesteps    | 428000    |
| train/                |           |
|    entropy_loss       | 10.7      |
|    explained_variance | -1.19e-07 |
|    learning_rate      | 0.0007    |
|    n_updates          | 85599     |
|    policy_loss        | -1.69e+03 |
|    reward             | 35.67802  |
|    std                | 0.00587   |
|    value_loss         | 3.45e+04  |
-------------------------------------
-------------------------------------
| time/                 |           |
|    fps                | 14        |
|    iterations         | 85700     |
|    time_elapsed       | 29343     |
|    total_timesteps    | 428500    |
| train/                |           |
|    entropy_loss       | 10.7      |
|    explained_variance | 0         |
|    learning_rate      | 0.0007    |
|    n_updates          | 85699     |
|    policy_loss        | -2.03e+04 |
|    reward             | 707.1952  |
|    std                | 0.00589   |
|    value_loss         | 5.03e+06  |
-------------------------------------
EPISODE:  430
-------------------------------------
| time/                 |           |
|    fps                | 14        |
|    iterations         | 85800     |
|    time_elapsed       | 29377     |
|    total_timesteps    | 429000    |
| train/                |           |
|    entropy_loss       | 10.7      |
|    explained_variance | 1.19e-07  |
|    learning_rate      | 0.0007    |
|    n_updates          | 85799     |
|    policy_loss        | -1.83e+03 |
|    reward             | 35.67802  |
|    std                | 0.00582   |
|    value_loss         | 3.45e+04  |
-------------------------------------
-------------------------------------
| time/                 |           |
|    fps                | 14        |
|    iterations         | 85900     |
|    time_elapsed       | 29412     |
|    total_timesteps    | 429500    |
| train/                |           |
|    entropy_loss       | 10.7      |
|    explained_variance | -1.19e-07 |
|    learning_rate      | 0.0007    |
|    n_updates          | 85899     |
|    policy_loss        | -2.17e+04 |
|    reward             | 707.1952  |
|    std                | 0.00583   |
|    value_loss         | 5.03e+06  |
-------------------------------------
EPISODE:  431
-------------------------------------
| time/                 |           |
|    fps                | 14        |
|    iterations         | 86000     |
|    time_elapsed       | 29446     |
|    total_timesteps    | 430000    |
| train/                |           |
|    entropy_loss       | 10.7      |
|    explained_variance | 0         |
|    learning_rate      | 0.0007    |
|    n_updates          | 85999     |
|    policy_loss        | -1.79e+03 |
|    reward             | 35.67802  |
|    std                | 0.00579   |
|    value_loss         | 3.45e+04  |
-------------------------------------
-------------------------------------
| time/                 |           |
|    fps                | 14        |
|    iterations         | 86100     |
|    time_elapsed       | 29481     |
|    total_timesteps    | 430500    |
| train/                |           |
|    entropy_loss       | 10.7      |
|    explained_variance | 0         |
|    learning_rate      | 0.0007    |
|    n_updates          | 86099     |
|    policy_loss        | -2.22e+04 |
|    reward             | 707.1952  |
|    std                | 0.00577   |
|    value_loss         | 5.03e+06  |
-------------------------------------
EPISODE:  432
-------------------------------------
| time/                 |           |
|    fps                | 14        |
|    iterations         | 86200     |
|    time_elapsed       | 29515     |
|    total_timesteps    | 431000    |
| train/                |           |
|    entropy_loss       | 10.7      |
|    explained_variance | 0         |
|    learning_rate      | 0.0007    |
|    n_updates          | 86199     |
|    policy_loss        | -1.79e+03 |
|    reward             | 35.67802  |
|    std                | 0.00576   |
|    value_loss         | 3.44e+04  |
-------------------------------------
-------------------------------------
| time/                 |           |
|    fps                | 14        |
|    iterations         | 86300     |
|    time_elapsed       | 29550     |
|    total_timesteps    | 431500    |
| train/                |           |
|    entropy_loss       | 10.8      |
|    explained_variance | 0         |
|    learning_rate      | 0.0007    |
|    n_updates          | 86299     |
|    policy_loss        | -2.14e+04 |
|    reward             | 707.1952  |
|    std                | 0.00574   |
|    value_loss         | 5.02e+06  |
-------------------------------------
EPISODE:  433
-------------------------------------
| time/                 |           |
|    fps                | 14        |
|    iterations         | 86400     |
|    time_elapsed       | 29584     |
|    total_timesteps    | 432000    |
| train/                |           |
|    entropy_loss       | 10.8      |
|    explained_variance | 0         |
|    learning_rate      | 0.0007    |
|    n_updates          | 86399     |
|    policy_loss        | -1.84e+03 |
|    reward             | 35.67802  |
|    std                | 0.00572   |
|    value_loss         | 3.44e+04  |
-------------------------------------
-------------------------------------
| time/                 |           |
|    fps                | 14        |
|    iterations         | 86500     |
|    time_elapsed       | 29618     |
|    total_timesteps    | 432500    |
| train/                |           |
|    entropy_loss       | 10.8      |
|    explained_variance | 0         |
|    learning_rate      | 0.0007    |
|    n_updates          | 86499     |
|    policy_loss        | -2.26e+04 |
|    reward             | 707.1952  |
|    std                | 0.00573   |
|    value_loss         | 5.02e+06  |
-------------------------------------
EPISODE:  434
-------------------------------------
| time/                 |           |
|    fps                | 14        |
|    iterations         | 86600     |
|    time_elapsed       | 29653     |
|    total_timesteps    | 433000    |
| train/                |           |
|    entropy_loss       | 10.8      |
|    explained_variance | 0         |
|    learning_rate      | 0.0007    |
|    n_updates          | 86599     |
|    policy_loss        | -1.87e+03 |
|    reward             | 35.67802  |
|    std                | 0.00572   |
|    value_loss         | 3.43e+04  |
-------------------------------------
-------------------------------------
| time/                 |           |
|    fps                | 14        |
|    iterations         | 86700     |
|    time_elapsed       | 29687     |
|    total_timesteps    | 433500    |
| train/                |           |
|    entropy_loss       | 10.8      |
|    explained_variance | 0         |
|    learning_rate      | 0.0007    |
|    n_updates          | 86699     |
|    policy_loss        | -2.27e+04 |
|    reward             | 707.1952  |
|    std                | 0.00571   |
|    value_loss         | 5.02e+06  |
-------------------------------------
EPISODE:  435
-------------------------------------
| time/                 |           |
|    fps                | 14        |
|    iterations         | 86800     |
|    time_elapsed       | 29722     |
|    total_timesteps    | 434000    |
| train/                |           |
|    entropy_loss       | 10.8      |
|    explained_variance | 1.19e-07  |
|    learning_rate      | 0.0007    |
|    n_updates          | 86799     |
|    policy_loss        | -1.83e+03 |
|    reward             | 35.67802  |
|    std                | 0.00569   |
|    value_loss         | 3.43e+04  |
-------------------------------------
-------------------------------------
| time/                 |           |
|    fps                | 14        |
|    iterations         | 86900     |
|    time_elapsed       | 29756     |
|    total_timesteps    | 434500    |
| train/                |           |
|    entropy_loss       | 10.8      |
|    explained_variance | 0         |
|    learning_rate      | 0.0007    |
|    n_updates          | 86899     |
|    policy_loss        | -2.25e+04 |
|    reward             | 707.1952  |
|    std                | 0.00565   |
|    value_loss         | 5.02e+06  |
-------------------------------------
EPISODE:  436
-------------------------------------
| time/                 |           |
|    fps                | 14        |
|    iterations         | 87000     |
|    time_elapsed       | 29791     |
|    total_timesteps    | 435000    |
| train/                |           |
|    entropy_loss       | 10.8      |
|    explained_variance | 0         |
|    learning_rate      | 0.0007    |
|    n_updates          | 86999     |
|    policy_loss        | -1.78e+03 |
|    reward             | 35.67802  |
|    std                | 0.00569   |
|    value_loss         | 3.43e+04  |
-------------------------------------
-------------------------------------
| time/                 |           |
|    fps                | 14        |
|    iterations         | 87100     |
|    time_elapsed       | 29825     |
|    total_timesteps    | 435500    |
| train/                |           |
|    entropy_loss       | 10.8      |
|    explained_variance | 0         |
|    learning_rate      | 0.0007    |
|    n_updates          | 87099     |
|    policy_loss        | -2.31e+04 |
|    reward             | 707.1952  |
|    std                | 0.00569   |
|    value_loss         | 5.02e+06  |
-------------------------------------
EPISODE:  437
------------------------------------
| time/                 |          |
|    fps                | 14       |
|    iterations         | 87200    |
|    time_elapsed       | 29859    |
|    total_timesteps    | 436000   |
| train/                |          |
|    entropy_loss       | 10.8     |
|    explained_variance | 1.19e-07 |
|    learning_rate      | 0.0007   |
|    n_updates          | 87199    |
|    policy_loss        | -1.8e+03 |
|    reward             | 35.67802 |
|    std                | 0.00568  |
|    value_loss         | 3.43e+04 |
------------------------------------
-------------------------------------
| time/                 |           |
|    fps                | 14        |
|    iterations         | 87300     |
|    time_elapsed       | 29894     |
|    total_timesteps    | 436500    |
| train/                |           |
|    entropy_loss       | 10.8      |
|    explained_variance | 0         |
|    learning_rate      | 0.0007    |
|    n_updates          | 87299     |
|    policy_loss        | -2.18e+04 |
|    reward             | 707.1952  |
|    std                | 0.00564   |
|    value_loss         | 5.02e+06  |
-------------------------------------
EPISODE:  438
-------------------------------------
| time/                 |           |
|    fps                | 14        |
|    iterations         | 87400     |
|    time_elapsed       | 29928     |
|    total_timesteps    | 437000    |
| train/                |           |
|    entropy_loss       | 10.9      |
|    explained_variance | 0         |
|    learning_rate      | 0.0007    |
|    n_updates          | 87399     |
|    policy_loss        | -1.62e+03 |
|    reward             | 35.67802  |
|    std                | 0.00561   |
|    value_loss         | 3.42e+04  |
-------------------------------------
-------------------------------------
| time/                 |           |
|    fps                | 14        |
|    iterations         | 87500     |
|    time_elapsed       | 29963     |
|    total_timesteps    | 437500    |
| train/                |           |
|    entropy_loss       | 10.9      |
|    explained_variance | -1.19e-07 |
|    learning_rate      | 0.0007    |
|    n_updates          | 87499     |
|    policy_loss        | -2e+04    |
|    reward             | 707.1952  |
|    std                | 0.00562   |
|    value_loss         | 5.02e+06  |
-------------------------------------
EPISODE:  439
-------------------------------------
| time/                 |           |
|    fps                | 14        |
|    iterations         | 87600     |
|    time_elapsed       | 29997     |
|    total_timesteps    | 438000    |
| train/                |           |
|    entropy_loss       | 10.9      |
|    explained_variance | 0         |
|    learning_rate      | 0.0007    |
|    n_updates          | 87599     |
|    policy_loss        | -1.78e+03 |
|    reward             | 35.67802  |
|    std                | 0.00558   |
|    value_loss         | 3.42e+04  |
-------------------------------------
-------------------------------------
| time/                 |           |
|    fps                | 14        |
|    iterations         | 87700     |
|    time_elapsed       | 30032     |
|    total_timesteps    | 438500    |
| train/                |           |
|    entropy_loss       | 10.9      |
|    explained_variance | 0         |
|    learning_rate      | 0.0007    |
|    n_updates          | 87699     |
|    policy_loss        | -2.06e+04 |
|    reward             | 707.1952  |
|    std                | 0.00557   |
|    value_loss         | 5.02e+06  |
-------------------------------------
EPISODE:  440
-------------------------------------
| time/                 |           |
|    fps                | 14        |
|    iterations         | 87800     |
|    time_elapsed       | 30066     |
|    total_timesteps    | 439000    |
| train/                |           |
|    entropy_loss       | 10.9      |
|    explained_variance | 0         |
|    learning_rate      | 0.0007    |
|    n_updates          | 87799     |
|    policy_loss        | -1.79e+03 |
|    reward             | 35.67802  |
|    std                | 0.00551   |
|    value_loss         | 3.42e+04  |
-------------------------------------
-------------------------------------
| time/                 |           |
|    fps                | 14        |
|    iterations         | 87900     |
|    time_elapsed       | 30101     |
|    total_timesteps    | 439500    |
| train/                |           |
|    entropy_loss       | 10.9      |
|    explained_variance | 0         |
|    learning_rate      | 0.0007    |
|    n_updates          | 87899     |
|    policy_loss        | -2.06e+04 |
|    reward             | 707.1952  |
|    std                | 0.00552   |
|    value_loss         | 5.02e+06  |
-------------------------------------
EPISODE:  441
-------------------------------------
| time/                 |           |
|    fps                | 14        |
|    iterations         | 88000     |
|    time_elapsed       | 30135     |
|    total_timesteps    | 440000    |
| train/                |           |
|    entropy_loss       | 10.9      |
|    explained_variance | 0         |
|    learning_rate      | 0.0007    |
|    n_updates          | 87999     |
|    policy_loss        | -1.75e+03 |
|    reward             | 35.67802  |
|    std                | 0.00557   |
|    value_loss         | 3.41e+04  |
-------------------------------------
-------------------------------------
| time/                 |           |
|    fps                | 14        |
|    iterations         | 88100     |
|    time_elapsed       | 30169     |
|    total_timesteps    | 440500    |
| train/                |           |
|    entropy_loss       | 10.9      |
|    explained_variance | -1.19e-07 |
|    learning_rate      | 0.0007    |
|    n_updates          | 88099     |
|    policy_loss        | -2.31e+04 |
|    reward             | 707.1952  |
|    std                | 0.00551   |
|    value_loss         | 5.02e+06  |
-------------------------------------
EPISODE:  442
-------------------------------------
| time/                 |           |
|    fps                | 14        |
|    iterations         | 88200     |
|    time_elapsed       | 30205     |
|    total_timesteps    | 441000    |
| train/                |           |
|    entropy_loss       | 10.9      |
|    explained_variance | 1.19e-07  |
|    learning_rate      | 0.0007    |
|    n_updates          | 88199     |
|    policy_loss        | -1.35e+03 |
|    reward             | 35.67802  |
|    std                | 0.00549   |
|    value_loss         | 3.41e+04  |
-------------------------------------
-------------------------------------
| time/                 |           |
|    fps                | 14        |
|    iterations         | 88300     |
|    time_elapsed       | 30239     |
|    total_timesteps    | 441500    |
| train/                |           |
|    entropy_loss       | 10.9      |
|    explained_variance | 1.19e-07  |
|    learning_rate      | 0.0007    |
|    n_updates          | 88299     |
|    policy_loss        | -2.16e+04 |
|    reward             | 707.1952  |
|    std                | 0.00555   |
|    value_loss         | 5.02e+06  |
-------------------------------------
EPISODE:  443
-------------------------------------
| time/                 |           |
|    fps                | 14        |
|    iterations         | 88400     |
|    time_elapsed       | 30274     |
|    total_timesteps    | 442000    |
| train/                |           |
|    entropy_loss       | 10.9      |
|    explained_variance | 5.96e-08  |
|    learning_rate      | 0.0007    |
|    n_updates          | 88399     |
|    policy_loss        | -1.83e+03 |
|    reward             | 35.67802  |
|    std                | 0.00557   |
|    value_loss         | 3.41e+04  |
-------------------------------------
-------------------------------------
| time/                 |           |
|    fps                | 14        |
|    iterations         | 88500     |
|    time_elapsed       | 30308     |
|    total_timesteps    | 442500    |
| train/                |           |
|    entropy_loss       | 10.9      |
|    explained_variance | 0         |
|    learning_rate      | 0.0007    |
|    n_updates          | 88499     |
|    policy_loss        | -2.23e+04 |
|    reward             | 707.1952  |
|    std                | 0.00559   |
|    value_loss         | 5.02e+06  |
-------------------------------------
EPISODE:  444
-------------------------------------
| time/                 |           |
|    fps                | 14        |
|    iterations         | 88600     |
|    time_elapsed       | 30343     |
|    total_timesteps    | 443000    |
| train/                |           |
|    entropy_loss       | 11        |
|    explained_variance | 0         |
|    learning_rate      | 0.0007    |
|    n_updates          | 88599     |
|    policy_loss        | -1.84e+03 |
|    reward             | 35.67802  |
|    std                | 0.00555   |
|    value_loss         | 3.4e+04   |
-------------------------------------
-------------------------------------
| time/                 |           |
|    fps                | 14        |
|    iterations         | 88700     |
|    time_elapsed       | 30377     |
|    total_timesteps    | 443500    |
| train/                |           |
|    entropy_loss       | 11        |
|    explained_variance | 5.96e-08  |
|    learning_rate      | 0.0007    |
|    n_updates          | 88699     |
|    policy_loss        | -2.14e+04 |
|    reward             | 707.1952  |
|    std                | 0.00556   |
|    value_loss         | 5.02e+06  |
-------------------------------------
EPISODE:  445
-------------------------------------
| time/                 |           |
|    fps                | 14        |
|    iterations         | 88800     |
|    time_elapsed       | 30412     |
|    total_timesteps    | 444000    |
| train/                |           |
|    entropy_loss       | 11        |
|    explained_variance | 0         |
|    learning_rate      | 0.0007    |
|    n_updates          | 88799     |
|    policy_loss        | -1.69e+03 |
|    reward             | 35.67802  |
|    std                | 0.00553   |
|    value_loss         | 3.4e+04   |
-------------------------------------
-------------------------------------
| time/                 |           |
|    fps                | 14        |
|    iterations         | 88900     |
|    time_elapsed       | 30446     |
|    total_timesteps    | 444500    |
| train/                |           |
|    entropy_loss       | 11        |
|    explained_variance | 0         |
|    learning_rate      | 0.0007    |
|    n_updates          | 88899     |
|    policy_loss        | -2.12e+04 |
|    reward             | 707.1952  |
|    std                | 0.00549   |
|    value_loss         | 5.02e+06  |
-------------------------------------
EPISODE:  446
-------------------------------------
| time/                 |           |
|    fps                | 14        |
|    iterations         | 89000     |
|    time_elapsed       | 30480     |
|    total_timesteps    | 445000    |
| train/                |           |
|    entropy_loss       | 11        |
|    explained_variance | 0         |
|    learning_rate      | 0.0007    |
|    n_updates          | 88999     |
|    policy_loss        | -1.89e+03 |
|    reward             | 35.67802  |
|    std                | 0.00544   |
|    value_loss         | 3.4e+04   |
-------------------------------------
-------------------------------------
| time/                 |           |
|    fps                | 14        |
|    iterations         | 89100     |
|    time_elapsed       | 30515     |
|    total_timesteps    | 445500    |
| train/                |           |
|    entropy_loss       | 11        |
|    explained_variance | -1.19e-07 |
|    learning_rate      | 0.0007    |
|    n_updates          | 89099     |
|    policy_loss        | -2.27e+04 |
|    reward             | 707.1952  |
|    std                | 0.00544   |
|    value_loss         | 5.02e+06  |
-------------------------------------
EPISODE:  447
-------------------------------------
| time/                 |           |
|    fps                | 14        |
|    iterations         | 89200     |
|    time_elapsed       | 30549     |
|    total_timesteps    | 446000    |
| train/                |           |
|    entropy_loss       | 11        |
|    explained_variance | 0         |
|    learning_rate      | 0.0007    |
|    n_updates          | 89199     |
|    policy_loss        | -1.86e+03 |
|    reward             | 35.67802  |
|    std                | 0.00546   |
|    value_loss         | 3.4e+04   |
-------------------------------------
-------------------------------------
| time/                 |           |
|    fps                | 14        |
|    iterations         | 89300     |
|    time_elapsed       | 30584     |
|    total_timesteps    | 446500    |
| train/                |           |
|    entropy_loss       | 11        |
|    explained_variance | 1.19e-07  |
|    learning_rate      | 0.0007    |
|    n_updates          | 89299     |
|    policy_loss        | -2.21e+04 |
|    reward             | 707.1952  |
|    std                | 0.0055    |
|    value_loss         | 5.02e+06  |
-------------------------------------
EPISODE:  448
-------------------------------------
| time/                 |           |
|    fps                | 14        |
|    iterations         | 89400     |
|    time_elapsed       | 30618     |
|    total_timesteps    | 447000    |
| train/                |           |
|    entropy_loss       | 11        |
|    explained_variance | 0         |
|    learning_rate      | 0.0007    |
|    n_updates          | 89399     |
|    policy_loss        | -1.66e+03 |
|    reward             | 35.67802  |
|    std                | 0.00553   |
|    value_loss         | 3.39e+04  |
-------------------------------------
-------------------------------------
| time/                 |           |
|    fps                | 14        |
|    iterations         | 89500     |
|    time_elapsed       | 30652     |
|    total_timesteps    | 447500    |
| train/                |           |
|    entropy_loss       | 11        |
|    explained_variance | 0         |
|    learning_rate      | 0.0007    |
|    n_updates          | 89499     |
|    policy_loss        | -2.36e+04 |
|    reward             | 707.1952  |
|    std                | 0.00546   |
|    value_loss         | 5.02e+06  |
-------------------------------------
EPISODE:  449
-------------------------------------
| time/                 |           |
|    fps                | 14        |
|    iterations         | 89600     |
|    time_elapsed       | 30687     |
|    total_timesteps    | 448000    |
| train/                |           |
|    entropy_loss       | 11.1      |
|    explained_variance | -1.19e-07 |
|    learning_rate      | 0.0007    |
|    n_updates          | 89599     |
|    policy_loss        | -1.83e+03 |
|    reward             | 35.67802  |
|    std                | 0.00549   |
|    value_loss         | 3.39e+04  |
-------------------------------------
-------------------------------------
| time/                 |           |
|    fps                | 14        |
|    iterations         | 89700     |
|    time_elapsed       | 30721     |
|    total_timesteps    | 448500    |
| train/                |           |
|    entropy_loss       | 11.1      |
|    explained_variance | 0         |
|    learning_rate      | 0.0007    |
|    n_updates          | 89699     |
|    policy_loss        | -2.15e+04 |
|    reward             | 707.1952  |
|    std                | 0.0055    |
|    value_loss         | 5.02e+06  |
-------------------------------------
EPISODE:  450
-------------------------------------
| time/                 |           |
|    fps                | 14        |
|    iterations         | 89800     |
|    time_elapsed       | 30756     |
|    total_timesteps    | 449000    |
| train/                |           |
|    entropy_loss       | 11.1      |
|    explained_variance | 0         |
|    learning_rate      | 0.0007    |
|    n_updates          | 89799     |
|    policy_loss        | -1.85e+03 |
|    reward             | 35.67802  |
|    std                | 0.00548   |
|    value_loss         | 3.39e+04  |
-------------------------------------
-------------------------------------
| time/                 |           |
|    fps                | 14        |
|    iterations         | 89900     |
|    time_elapsed       | 30790     |
|    total_timesteps    | 449500    |
| train/                |           |
|    entropy_loss       | 11.1      |
|    explained_variance | 0         |
|    learning_rate      | 0.0007    |
|    n_updates          | 89899     |
|    policy_loss        | -2.35e+04 |
|    reward             | 707.1952  |
|    std                | 0.00553   |
|    value_loss         | 5.02e+06  |
-------------------------------------
EPISODE:  451
-------------------------------------
| time/                 |           |
|    fps                | 14        |
|    iterations         | 90000     |
|    time_elapsed       | 30824     |
|    total_timesteps    | 450000    |
| train/                |           |
|    entropy_loss       | 11.1      |
|    explained_variance | 0         |
|    learning_rate      | 0.0007    |
|    n_updates          | 89999     |
|    policy_loss        | -1.75e+03 |
|    reward             | 35.67802  |
|    std                | 0.00553   |
|    value_loss         | 3.38e+04  |
-------------------------------------
-------------------------------------
| time/                 |           |
|    fps                | 14        |
|    iterations         | 90100     |
|    time_elapsed       | 30859     |
|    total_timesteps    | 450500    |
| train/                |           |
|    entropy_loss       | 11.1      |
|    explained_variance | 5.96e-08  |
|    learning_rate      | 0.0007    |
|    n_updates          | 90099     |
|    policy_loss        | -2.11e+04 |
|    reward             | 707.1952  |
|    std                | 0.00552   |
|    value_loss         | 5.02e+06  |
-------------------------------------
EPISODE:  452
-------------------------------------
| time/                 |           |
|    fps                | 14        |
|    iterations         | 90200     |
|    time_elapsed       | 30893     |
|    total_timesteps    | 451000    |
| train/                |           |
|    entropy_loss       | 11.1      |
|    explained_variance | -1.19e-07 |
|    learning_rate      | 0.0007    |
|    n_updates          | 90199     |
|    policy_loss        | -1.66e+03 |
|    reward             | 35.67802  |
|    std                | 0.0055    |
|    value_loss         | 3.38e+04  |
-------------------------------------
-------------------------------------
| time/                 |           |
|    fps                | 14        |
|    iterations         | 90300     |
|    time_elapsed       | 30928     |
|    total_timesteps    | 451500    |
| train/                |           |
|    entropy_loss       | 11.1      |
|    explained_variance | 0         |
|    learning_rate      | 0.0007    |
|    n_updates          | 90299     |
|    policy_loss        | -2.29e+04 |
|    reward             | 707.1952  |
|    std                | 0.00552   |
|    value_loss         | 5.02e+06  |
-------------------------------------
EPISODE:  453
-------------------------------------
| time/                 |           |
|    fps                | 14        |
|    iterations         | 90400     |
|    time_elapsed       | 30962     |
|    total_timesteps    | 452000    |
| train/                |           |
|    entropy_loss       | 11.1      |
|    explained_variance | 0         |
|    learning_rate      | 0.0007    |
|    n_updates          | 90399     |
|    policy_loss        | -1.77e+03 |
|    reward             | 35.67802  |
|    std                | 0.00554   |
|    value_loss         | 3.38e+04  |
-------------------------------------
-------------------------------------
| time/                 |           |
|    fps                | 14        |
|    iterations         | 90500     |
|    time_elapsed       | 30997     |
|    total_timesteps    | 452500    |
| train/                |           |
|    entropy_loss       | 11.1      |
|    explained_variance | 0         |
|    learning_rate      | 0.0007    |
|    n_updates          | 90499     |
|    policy_loss        | -2.29e+04 |
|    reward             | 707.1952  |
|    std                | 0.00554   |
|    value_loss         | 5.02e+06  |
-------------------------------------
EPISODE:  454
-------------------------------------
| time/                 |           |
|    fps                | 14        |
|    iterations         | 90600     |
|    time_elapsed       | 31031     |
|    total_timesteps    | 453000    |
| train/                |           |
|    entropy_loss       | 11.1      |
|    explained_variance | 0         |
|    learning_rate      | 0.0007    |
|    n_updates          | 90599     |
|    policy_loss        | -1.83e+03 |
|    reward             | 35.67802  |
|    std                | 0.00555   |
|    value_loss         | 3.37e+04  |
-------------------------------------
------------------------------------
| time/                 |          |
|    fps                | 14       |
|    iterations         | 90700    |
|    time_elapsed       | 31065    |
|    total_timesteps    | 453500   |
| train/                |          |
|    entropy_loss       | 11.1     |
|    explained_variance | 0        |
|    learning_rate      | 0.0007   |
|    n_updates          | 90699    |
|    policy_loss        | -2e+04   |
|    reward             | 707.1952 |
|    std                | 0.00554  |
|    value_loss         | 5.02e+06 |
------------------------------------
EPISODE:  455
-------------------------------------
| time/                 |           |
|    fps                | 14        |
|    iterations         | 90800     |
|    time_elapsed       | 31100     |
|    total_timesteps    | 454000    |
| train/                |           |
|    entropy_loss       | 11.1      |
|    explained_variance | 1.19e-07  |
|    learning_rate      | 0.0007    |
|    n_updates          | 90799     |
|    policy_loss        | -1.82e+03 |
|    reward             | 35.67802  |
|    std                | 0.00558   |
|    value_loss         | 3.37e+04  |
-------------------------------------
-------------------------------------
| time/                 |           |
|    fps                | 14        |
|    iterations         | 90900     |
|    time_elapsed       | 31135     |
|    total_timesteps    | 454500    |
| train/                |           |
|    entropy_loss       | 11.1      |
|    explained_variance | 5.96e-08  |
|    learning_rate      | 0.0007    |
|    n_updates          | 90899     |
|    policy_loss        | -1.98e+04 |
|    reward             | 707.1952  |
|    std                | 0.00557   |
|    value_loss         | 5.02e+06  |
-------------------------------------
EPISODE:  456
-------------------------------------
| time/                 |           |
|    fps                | 14        |
|    iterations         | 91000     |
|    time_elapsed       | 31170     |
|    total_timesteps    | 455000    |
| train/                |           |
|    entropy_loss       | 11.2      |
|    explained_variance | -1.19e-07 |
|    learning_rate      | 0.0007    |
|    n_updates          | 90999     |
|    policy_loss        | -1.88e+03 |
|    reward             | 35.67802  |
|    std                | 0.00555   |
|    value_loss         | 3.36e+04  |
-------------------------------------
-------------------------------------
| time/                 |           |
|    fps                | 14        |
|    iterations         | 91100     |
|    time_elapsed       | 31204     |
|    total_timesteps    | 455500    |
| train/                |           |
|    entropy_loss       | 11.2      |
|    explained_variance | 0         |
|    learning_rate      | 0.0007    |
|    n_updates          | 91099     |
|    policy_loss        | -2.16e+04 |
|    reward             | 707.1952  |
|    std                | 0.00547   |
|    value_loss         | 5.02e+06  |
-------------------------------------
EPISODE:  457
-------------------------------------
| time/                 |           |
|    fps                | 14        |
|    iterations         | 91200     |
|    time_elapsed       | 31239     |
|    total_timesteps    | 456000    |
| train/                |           |
|    entropy_loss       | 11.2      |
|    explained_variance | 0         |
|    learning_rate      | 0.0007    |
|    n_updates          | 91199     |
|    policy_loss        | -1.83e+03 |
|    reward             | 35.67802  |
|    std                | 0.00545   |
|    value_loss         | 3.36e+04  |
-------------------------------------
-------------------------------------
| time/                 |           |
|    fps                | 14        |
|    iterations         | 91300     |
|    time_elapsed       | 31273     |
|    total_timesteps    | 456500    |
| train/                |           |
|    entropy_loss       | 11.2      |
|    explained_variance | 0         |
|    learning_rate      | 0.0007    |
|    n_updates          | 91299     |
|    policy_loss        | -2.29e+04 |
|    reward             | 707.1952  |
|    std                | 0.00549   |
|    value_loss         | 5.01e+06  |
-------------------------------------
EPISODE:  458
-------------------------------------
| time/                 |           |
|    fps                | 14        |
|    iterations         | 91400     |
|    time_elapsed       | 31308     |
|    total_timesteps    | 457000    |
| train/                |           |
|    entropy_loss       | 11.2      |
|    explained_variance | 1.19e-07  |
|    learning_rate      | 0.0007    |
|    n_updates          | 91399     |
|    policy_loss        | -1.84e+03 |
|    reward             | 35.67802  |
|    std                | 0.00561   |
|    value_loss         | 3.36e+04  |
-------------------------------------
-------------------------------------
| time/                 |           |
|    fps                | 14        |
|    iterations         | 91500     |
|    time_elapsed       | 31342     |
|    total_timesteps    | 457500    |
| train/                |           |
|    entropy_loss       | 11.2      |
|    explained_variance | 0         |
|    learning_rate      | 0.0007    |
|    n_updates          | 91499     |
|    policy_loss        | -2.41e+04 |
|    reward             | 707.1952  |
|    std                | 0.00563   |
|    value_loss         | 5.01e+06  |
-------------------------------------
EPISODE:  459
------------------------------------
| time/                 |          |
|    fps                | 14       |
|    iterations         | 91600    |
|    time_elapsed       | 31376    |
|    total_timesteps    | 458000   |
| train/                |          |
|    entropy_loss       | 11.2     |
|    explained_variance | 0        |
|    learning_rate      | 0.0007   |
|    n_updates          | 91599    |
|    policy_loss        | -1.9e+03 |
|    reward             | 35.67802 |
|    std                | 0.00563  |
|    value_loss         | 3.35e+04 |
------------------------------------
-------------------------------------
| time/                 |           |
|    fps                | 14        |
|    iterations         | 91700     |
|    time_elapsed       | 31411     |
|    total_timesteps    | 458500    |
| train/                |           |
|    entropy_loss       | 11.2      |
|    explained_variance | 0         |
|    learning_rate      | 0.0007    |
|    n_updates          | 91699     |
|    policy_loss        | -2.29e+04 |
|    reward             | 707.1952  |
|    std                | 0.00561   |
|    value_loss         | 5.01e+06  |
-------------------------------------
EPISODE:  460
------------------------------------
| time/                 |          |
|    fps                | 14       |
|    iterations         | 91800    |
|    time_elapsed       | 31445    |
|    total_timesteps    | 459000   |
| train/                |          |
|    entropy_loss       | 11.2     |
|    explained_variance | 0        |
|    learning_rate      | 0.0007   |
|    n_updates          | 91799    |
|    policy_loss        | -1.8e+03 |
|    reward             | 35.67802 |
|    std                | 0.00562  |
|    value_loss         | 3.35e+04 |
------------------------------------
-------------------------------------
| time/                 |           |
|    fps                | 14        |
|    iterations         | 91900     |
|    time_elapsed       | 31480     |
|    total_timesteps    | 459500    |
| train/                |           |
|    entropy_loss       | 11.2      |
|    explained_variance | 0         |
|    learning_rate      | 0.0007    |
|    n_updates          | 91899     |
|    policy_loss        | -2.19e+04 |
|    reward             | 707.1952  |
|    std                | 0.00564   |
|    value_loss         | 5.01e+06  |
-------------------------------------
EPISODE:  461
-------------------------------------
| time/                 |           |
|    fps                | 14        |
|    iterations         | 92000     |
|    time_elapsed       | 31514     |
|    total_timesteps    | 460000    |
| train/                |           |
|    entropy_loss       | 11.2      |
|    explained_variance | -1.19e-07 |
|    learning_rate      | 0.0007    |
|    n_updates          | 91999     |
|    policy_loss        | -1.82e+03 |
|    reward             | 35.67802  |
|    std                | 0.00565   |
|    value_loss         | 3.35e+04  |
-------------------------------------
-------------------------------------
| time/                 |           |
|    fps                | 14        |
|    iterations         | 92100     |
|    time_elapsed       | 31549     |
|    total_timesteps    | 460500    |
| train/                |           |
|    entropy_loss       | 11.2      |
|    explained_variance | 0         |
|    learning_rate      | 0.0007    |
|    n_updates          | 92099     |
|    policy_loss        | -2.39e+04 |
|    reward             | 707.1952  |
|    std                | 0.00564   |
|    value_loss         | 5.01e+06  |
-------------------------------------
EPISODE:  462
-------------------------------------
| time/                 |           |
|    fps                | 14        |
|    iterations         | 92200     |
|    time_elapsed       | 31583     |
|    total_timesteps    | 461000    |
| train/                |           |
|    entropy_loss       | 11.3      |
|    explained_variance | 0         |
|    learning_rate      | 0.0007    |
|    n_updates          | 92199     |
|    policy_loss        | -1.71e+03 |
|    reward             | 35.67802  |
|    std                | 0.00561   |
|    value_loss         | 3.34e+04  |
-------------------------------------
-------------------------------------
| time/                 |           |
|    fps                | 14        |
|    iterations         | 92300     |
|    time_elapsed       | 31617     |
|    total_timesteps    | 461500    |
| train/                |           |
|    entropy_loss       | 11.3      |
|    explained_variance | 0         |
|    learning_rate      | 0.0007    |
|    n_updates          | 92299     |
|    policy_loss        | -2.23e+04 |
|    reward             | 707.1952  |
|    std                | 0.00563   |
|    value_loss         | 5.01e+06  |
-------------------------------------
EPISODE:  463
-------------------------------------
| time/                 |           |
|    fps                | 14        |
|    iterations         | 92400     |
|    time_elapsed       | 31652     |
|    total_timesteps    | 462000    |
| train/                |           |
|    entropy_loss       | 11.3      |
|    explained_variance | 1.19e-07  |
|    learning_rate      | 0.0007    |
|    n_updates          | 92399     |
|    policy_loss        | -1.73e+03 |
|    reward             | 35.67802  |
|    std                | 0.00567   |
|    value_loss         | 3.34e+04  |
-------------------------------------
-------------------------------------
| time/                 |           |
|    fps                | 14        |
|    iterations         | 92500     |
|    time_elapsed       | 31686     |
|    total_timesteps    | 462500    |
| train/                |           |
|    entropy_loss       | 11.3      |
|    explained_variance | 0         |
|    learning_rate      | 0.0007    |
|    n_updates          | 92499     |
|    policy_loss        | -2.31e+04 |
|    reward             | 707.1952  |
|    std                | 0.00566   |
|    value_loss         | 5.01e+06  |
-------------------------------------
EPISODE:  464
-------------------------------------
| time/                 |           |
|    fps                | 14        |
|    iterations         | 92600     |
|    time_elapsed       | 31721     |
|    total_timesteps    | 463000    |
| train/                |           |
|    entropy_loss       | 11.3      |
|    explained_variance | 1.19e-07  |
|    learning_rate      | 0.0007    |
|    n_updates          | 92599     |
|    policy_loss        | -1.73e+03 |
|    reward             | 35.67802  |
|    std                | 0.00567   |
|    value_loss         | 3.34e+04  |
-------------------------------------
-------------------------------------
| time/                 |           |
|    fps                | 14        |
|    iterations         | 92700     |
|    time_elapsed       | 31755     |
|    total_timesteps    | 463500    |
| train/                |           |
|    entropy_loss       | 11.3      |
|    explained_variance | 0         |
|    learning_rate      | 0.0007    |
|    n_updates          | 92699     |
|    policy_loss        | -2.31e+04 |
|    reward             | 707.1952  |
|    std                | 0.0056    |
|    value_loss         | 5.01e+06  |
-------------------------------------
EPISODE:  465
-------------------------------------
| time/                 |           |
|    fps                | 14        |
|    iterations         | 92800     |
|    time_elapsed       | 31789     |
|    total_timesteps    | 464000    |
| train/                |           |
|    entropy_loss       | 11.3      |
|    explained_variance | 0         |
|    learning_rate      | 0.0007    |
|    n_updates          | 92799     |
|    policy_loss        | -1.93e+03 |
|    reward             | 35.67802  |
|    std                | 0.00561   |
|    value_loss         | 3.34e+04  |
-------------------------------------
-------------------------------------
| time/                 |           |
|    fps                | 14        |
|    iterations         | 92900     |
|    time_elapsed       | 31824     |
|    total_timesteps    | 464500    |
| train/                |           |
|    entropy_loss       | 11.3      |
|    explained_variance | 0         |
|    learning_rate      | 0.0007    |
|    n_updates          | 92899     |
|    policy_loss        | -2.36e+04 |
|    reward             | 707.1952  |
|    std                | 0.00563   |
|    value_loss         | 5.01e+06  |
-------------------------------------
EPISODE:  466
-------------------------------------
| time/                 |           |
|    fps                | 14        |
|    iterations         | 93000     |
|    time_elapsed       | 31858     |
|    total_timesteps    | 465000    |
| train/                |           |
|    entropy_loss       | 11.3      |
|    explained_variance | 0         |
|    learning_rate      | 0.0007    |
|    n_updates          | 92999     |
|    policy_loss        | -1.85e+03 |
|    reward             | 35.67802  |
|    std                | 0.0056    |
|    value_loss         | 3.33e+04  |
-------------------------------------
-------------------------------------
| time/                 |           |
|    fps                | 14        |
|    iterations         | 93100     |
|    time_elapsed       | 31893     |
|    total_timesteps    | 465500    |
| train/                |           |
|    entropy_loss       | 11.3      |
|    explained_variance | 0         |
|    learning_rate      | 0.0007    |
|    n_updates          | 93099     |
|    policy_loss        | -2.33e+04 |
|    reward             | 707.1952  |
|    std                | 0.00561   |
|    value_loss         | 5.01e+06  |
-------------------------------------
EPISODE:  467
-------------------------------------
| time/                 |           |
|    fps                | 14        |
|    iterations         | 93200     |
|    time_elapsed       | 31927     |
|    total_timesteps    | 466000    |
| train/                |           |
|    entropy_loss       | 11.3      |
|    explained_variance | 0         |
|    learning_rate      | 0.0007    |
|    n_updates          | 93199     |
|    policy_loss        | -1.88e+03 |
|    reward             | 35.67802  |
|    std                | 0.00564   |
|    value_loss         | 3.33e+04  |
-------------------------------------
-------------------------------------
| time/                 |           |
|    fps                | 14        |
|    iterations         | 93300     |
|    time_elapsed       | 31961     |
|    total_timesteps    | 466500    |
| train/                |           |
|    entropy_loss       | 11.3      |
|    explained_variance | 0         |
|    learning_rate      | 0.0007    |
|    n_updates          | 93299     |
|    policy_loss        | -2.32e+04 |
|    reward             | 707.1952  |
|    std                | 0.00565   |
|    value_loss         | 5.01e+06  |
-------------------------------------
EPISODE:  468
-------------------------------------
| time/                 |           |
|    fps                | 14        |
|    iterations         | 93400     |
|    time_elapsed       | 31996     |
|    total_timesteps    | 467000    |
| train/                |           |
|    entropy_loss       | 11.3      |
|    explained_variance | 0         |
|    learning_rate      | 0.0007    |
|    n_updates          | 93399     |
|    policy_loss        | -1.88e+03 |
|    reward             | 35.67802  |
|    std                | 0.00566   |
|    value_loss         | 3.33e+04  |
-------------------------------------
-------------------------------------
| time/                 |           |
|    fps                | 14        |
|    iterations         | 93500     |
|    time_elapsed       | 32030     |
|    total_timesteps    | 467500    |
| train/                |           |
|    entropy_loss       | 11.3      |
|    explained_variance | 0         |
|    learning_rate      | 0.0007    |
|    n_updates          | 93499     |
|    policy_loss        | -2.19e+04 |
|    reward             | 707.1952  |
|    std                | 0.00566   |
|    value_loss         | 5.01e+06  |
-------------------------------------
EPISODE:  469
-------------------------------------
| time/                 |           |
|    fps                | 14        |
|    iterations         | 93600     |
|    time_elapsed       | 32066     |
|    total_timesteps    | 468000    |
| train/                |           |
|    entropy_loss       | 11.4      |
|    explained_variance | 0         |
|    learning_rate      | 0.0007    |
|    n_updates          | 93599     |
|    policy_loss        | -1.78e+03 |
|    reward             | 35.67802  |
|    std                | 0.00564   |
|    value_loss         | 3.32e+04  |
-------------------------------------
------------------------------------
| time/                 |          |
|    fps                | 14       |
|    iterations         | 93700    |
|    time_elapsed       | 32100    |
|    total_timesteps    | 468500   |
| train/                |          |
|    entropy_loss       | 11.4     |
|    explained_variance | 0        |
|    learning_rate      | 0.0007   |
|    n_updates          | 93699    |
|    policy_loss        | -2.3e+04 |
|    reward             | 707.1952 |
|    std                | 0.00559  |
|    value_loss         | 5.01e+06 |
------------------------------------
EPISODE:  470
-------------------------------------
| time/                 |           |
|    fps                | 14        |
|    iterations         | 93800     |
|    time_elapsed       | 32132     |
|    total_timesteps    | 469000    |
| train/                |           |
|    entropy_loss       | 11.4      |
|    explained_variance | 0         |
|    learning_rate      | 0.0007    |
|    n_updates          | 93799     |
|    policy_loss        | -1.85e+03 |
|    reward             | 35.67802  |
|    std                | 0.00559   |
|    value_loss         | 3.32e+04  |
-------------------------------------
-------------------------------------
| time/                 |           |
|    fps                | 14        |
|    iterations         | 93900     |
|    time_elapsed       | 32157     |
|    total_timesteps    | 469500    |
| train/                |           |
|    entropy_loss       | 11.4      |
|    explained_variance | 0         |
|    learning_rate      | 0.0007    |
|    n_updates          | 93899     |
|    policy_loss        | -2.32e+04 |
|    reward             | 707.1952  |
|    std                | 0.00559   |
|    value_loss         | 5.01e+06  |
-------------------------------------
EPISODE:  471
-------------------------------------
| time/                 |           |
|    fps                | 14        |
|    iterations         | 94000     |
|    time_elapsed       | 32187     |
|    total_timesteps    | 470000    |
| train/                |           |
|    entropy_loss       | 11.4      |
|    explained_variance | 0         |
|    learning_rate      | 0.0007    |
|    n_updates          | 93999     |
|    policy_loss        | -1.92e+03 |
|    reward             | 35.67802  |
|    std                | 0.00559   |
|    value_loss         | 3.32e+04  |
-------------------------------------
-------------------------------------
| time/                 |           |
|    fps                | 14        |
|    iterations         | 94100     |
|    time_elapsed       | 32217     |
|    total_timesteps    | 470500    |
| train/                |           |
|    entropy_loss       | 11.4      |
|    explained_variance | 0         |
|    learning_rate      | 0.0007    |
|    n_updates          | 94099     |
|    policy_loss        | -2.28e+04 |
|    reward             | 707.1952  |
|    std                | 0.00551   |
|    value_loss         | 5.01e+06  |
-------------------------------------
EPISODE:  472
-------------------------------------
| time/                 |           |
|    fps                | 14        |
|    iterations         | 94200     |
|    time_elapsed       | 32247     |
|    total_timesteps    | 471000    |
| train/                |           |
|    entropy_loss       | 11.4      |
|    explained_variance | 0         |
|    learning_rate      | 0.0007    |
|    n_updates          | 94199     |
|    policy_loss        | -1.91e+03 |
|    reward             | 35.67802  |
|    std                | 0.00546   |
|    value_loss         | 3.31e+04  |
-------------------------------------
-------------------------------------
| time/                 |           |
|    fps                | 14        |
|    iterations         | 94300     |
|    time_elapsed       | 32277     |
|    total_timesteps    | 471500    |
| train/                |           |
|    entropy_loss       | 11.4      |
|    explained_variance | 0         |
|    learning_rate      | 0.0007    |
|    n_updates          | 94299     |
|    policy_loss        | -2.25e+04 |
|    reward             | 707.1952  |
|    std                | 0.00547   |
|    value_loss         | 5.01e+06  |
-------------------------------------
EPISODE:  473
-------------------------------------
| time/                 |           |
|    fps                | 14        |
|    iterations         | 94400     |
|    time_elapsed       | 32307     |
|    total_timesteps    | 472000    |
| train/                |           |
|    entropy_loss       | 11.4      |
|    explained_variance | 0         |
|    learning_rate      | 0.0007    |
|    n_updates          | 94399     |
|    policy_loss        | -1.83e+03 |
|    reward             | 35.67802  |
|    std                | 0.00546   |
|    value_loss         | 3.31e+04  |
-------------------------------------
-------------------------------------
| time/                 |           |
|    fps                | 14        |
|    iterations         | 94500     |
|    time_elapsed       | 32336     |
|    total_timesteps    | 472500    |
| train/                |           |
|    entropy_loss       | 11.4      |
|    explained_variance | 0         |
|    learning_rate      | 0.0007    |
|    n_updates          | 94499     |
|    policy_loss        | -2.28e+04 |
|    reward             | 707.1952  |
|    std                | 0.00548   |
|    value_loss         | 5.01e+06  |
-------------------------------------
EPISODE:  474
-------------------------------------
| time/                 |           |
|    fps                | 14        |
|    iterations         | 94600     |
|    time_elapsed       | 32366     |
|    total_timesteps    | 473000    |
| train/                |           |
|    entropy_loss       | 11.4      |
|    explained_variance | 0         |
|    learning_rate      | 0.0007    |
|    n_updates          | 94599     |
|    policy_loss        | -1.88e+03 |
|    reward             | 35.67802  |
|    std                | 0.00552   |
|    value_loss         | 3.31e+04  |
-------------------------------------
-------------------------------------
| time/                 |           |
|    fps                | 14        |
|    iterations         | 94700     |
|    time_elapsed       | 32396     |
|    total_timesteps    | 473500    |
| train/                |           |
|    entropy_loss       | 11.5      |
|    explained_variance | 0         |
|    learning_rate      | 0.0007    |
|    n_updates          | 94699     |
|    policy_loss        | -2.39e+04 |
|    reward             | 707.1952  |
|    std                | 0.00549   |
|    value_loss         | 5.01e+06  |
-------------------------------------
EPISODE:  475
-------------------------------------
| time/                 |           |
|    fps                | 14        |
|    iterations         | 94800     |
|    time_elapsed       | 32426     |
|    total_timesteps    | 474000    |
| train/                |           |
|    entropy_loss       | 11.5      |
|    explained_variance | 1.19e-07  |
|    learning_rate      | 0.0007    |
|    n_updates          | 94799     |
|    policy_loss        | -1.81e+03 |
|    reward             | 35.67802  |
|    std                | 0.00553   |
|    value_loss         | 3.31e+04  |
-------------------------------------
-------------------------------------
| time/                 |           |
|    fps                | 14        |
|    iterations         | 94900     |
|    time_elapsed       | 32456     |
|    total_timesteps    | 474500    |
| train/                |           |
|    entropy_loss       | 11.5      |
|    explained_variance | -1.19e-07 |
|    learning_rate      | 0.0007    |
|    n_updates          | 94899     |
|    policy_loss        | -2.39e+04 |
|    reward             | 707.1952  |
|    std                | 0.00549   |
|    value_loss         | 5.01e+06  |
-------------------------------------
EPISODE:  476
-------------------------------------
| time/                 |           |
|    fps                | 14        |
|    iterations         | 95000     |
|    time_elapsed       | 32486     |
|    total_timesteps    | 475000    |
| train/                |           |
|    entropy_loss       | 11.5      |
|    explained_variance | -1.19e-07 |
|    learning_rate      | 0.0007    |
|    n_updates          | 94999     |
|    policy_loss        | -1.84e+03 |
|    reward             | 35.67802  |
|    std                | 0.00552   |
|    value_loss         | 3.3e+04   |
-------------------------------------
-------------------------------------
| time/                 |           |
|    fps                | 14        |
|    iterations         | 95100     |
|    time_elapsed       | 32515     |
|    total_timesteps    | 475500    |
| train/                |           |
|    entropy_loss       | 11.5      |
|    explained_variance | 0         |
|    learning_rate      | 0.0007    |
|    n_updates          | 95099     |
|    policy_loss        | -2.34e+04 |
|    reward             | 707.1952  |
|    std                | 0.00553   |
|    value_loss         | 5.01e+06  |
-------------------------------------
EPISODE:  477
-------------------------------------
| time/                 |           |
|    fps                | 14        |
|    iterations         | 95200     |
|    time_elapsed       | 32545     |
|    total_timesteps    | 476000    |
| train/                |           |
|    entropy_loss       | 11.5      |
|    explained_variance | 0         |
|    learning_rate      | 0.0007    |
|    n_updates          | 95199     |
|    policy_loss        | -1.82e+03 |
|    reward             | 35.67802  |
|    std                | 0.00554   |
|    value_loss         | 3.3e+04   |
-------------------------------------
-------------------------------------
| time/                 |           |
|    fps                | 14        |
|    iterations         | 95300     |
|    time_elapsed       | 32575     |
|    total_timesteps    | 476500    |
| train/                |           |
|    entropy_loss       | 11.5      |
|    explained_variance | -1.19e-07 |
|    learning_rate      | 0.0007    |
|    n_updates          | 95299     |
|    policy_loss        | -2.28e+04 |
|    reward             | 707.1952  |
|    std                | 0.00556   |
|    value_loss         | 5.01e+06  |
-------------------------------------
EPISODE:  478
-------------------------------------
| time/                 |           |
|    fps                | 14        |
|    iterations         | 95400     |
|    time_elapsed       | 32605     |
|    total_timesteps    | 477000    |
| train/                |           |
|    entropy_loss       | 11.5      |
|    explained_variance | 1.19e-07  |
|    learning_rate      | 0.0007    |
|    n_updates          | 95399     |
|    policy_loss        | -1.74e+03 |
|    reward             | 35.67802  |
|    std                | 0.00554   |
|    value_loss         | 3.3e+04   |
-------------------------------------
-------------------------------------
| time/                 |           |
|    fps                | 14        |
|    iterations         | 95500     |
|    time_elapsed       | 32635     |
|    total_timesteps    | 477500    |
| train/                |           |
|    entropy_loss       | 11.5      |
|    explained_variance | 0         |
|    learning_rate      | 0.0007    |
|    n_updates          | 95499     |
|    policy_loss        | -2.27e+04 |
|    reward             | 707.1952  |
|    std                | 0.00555   |
|    value_loss         | 5.01e+06  |
-------------------------------------
EPISODE:  479
-------------------------------------
| time/                 |           |
|    fps                | 14        |
|    iterations         | 95600     |
|    time_elapsed       | 32664     |
|    total_timesteps    | 478000    |
| train/                |           |
|    entropy_loss       | 11.5      |
|    explained_variance | 0         |
|    learning_rate      | 0.0007    |
|    n_updates          | 95599     |
|    policy_loss        | -1.51e+03 |
|    reward             | 35.67802  |
|    std                | 0.00553   |
|    value_loss         | 3.29e+04  |
-------------------------------------
-------------------------------------
| time/                 |           |
|    fps                | 14        |
|    iterations         | 95700     |
|    time_elapsed       | 32694     |
|    total_timesteps    | 478500    |
| train/                |           |
|    entropy_loss       | 11.5      |
|    explained_variance | 0         |
|    learning_rate      | 0.0007    |
|    n_updates          | 95699     |
|    policy_loss        | -2.28e+04 |
|    reward             | 707.1952  |
|    std                | 0.00551   |
|    value_loss         | 5.01e+06  |
-------------------------------------
EPISODE:  480
-------------------------------------
| time/                 |           |
|    fps                | 14        |
|    iterations         | 95800     |
|    time_elapsed       | 32724     |
|    total_timesteps    | 479000    |
| train/                |           |
|    entropy_loss       | 11.5      |
|    explained_variance | 0         |
|    learning_rate      | 0.0007    |
|    n_updates          | 95799     |
|    policy_loss        | -1.85e+03 |
|    reward             | 35.67802  |
|    std                | 0.00548   |
|    value_loss         | 3.29e+04  |
-------------------------------------
-------------------------------------
| time/                 |           |
|    fps                | 14        |
|    iterations         | 95900     |
|    time_elapsed       | 32754     |
|    total_timesteps    | 479500    |
| train/                |           |
|    entropy_loss       | 11.5      |
|    explained_variance | 0         |
|    learning_rate      | 0.0007    |
|    n_updates          | 95899     |
|    policy_loss        | -2.41e+04 |
|    reward             | 707.1952  |
|    std                | 0.0055    |
|    value_loss         | 5.01e+06  |
-------------------------------------
EPISODE:  481
-------------------------------------
| time/                 |           |
|    fps                | 14        |
|    iterations         | 96000     |
|    time_elapsed       | 32784     |
|    total_timesteps    | 480000    |
| train/                |           |
|    entropy_loss       | 11.6      |
|    explained_variance | -1.19e-07 |
|    learning_rate      | 0.0007    |
|    n_updates          | 95999     |
|    policy_loss        | -1.93e+03 |
|    reward             | 35.67802  |
|    std                | 0.00547   |
|    value_loss         | 3.29e+04  |
-------------------------------------
-------------------------------------
| time/                 |           |
|    fps                | 14        |
|    iterations         | 96100     |
|    time_elapsed       | 32814     |
|    total_timesteps    | 480500    |
| train/                |           |
|    entropy_loss       | 11.6      |
|    explained_variance | 0         |
|    learning_rate      | 0.0007    |
|    n_updates          | 96099     |
|    policy_loss        | -2.47e+04 |
|    reward             | 707.1952  |
|    std                | 0.00548   |
|    value_loss         | 5.01e+06  |
-------------------------------------
EPISODE:  482
-------------------------------------
| time/                 |           |
|    fps                | 14        |
|    iterations         | 96200     |
|    time_elapsed       | 32843     |
|    total_timesteps    | 481000    |
| train/                |           |
|    entropy_loss       | 11.6      |
|    explained_variance | 0         |
|    learning_rate      | 0.0007    |
|    n_updates          | 96199     |
|    policy_loss        | -1.86e+03 |
|    reward             | 35.67802  |
|    std                | 0.00546   |
|    value_loss         | 3.29e+04  |
-------------------------------------
-------------------------------------
| time/                 |           |
|    fps                | 14        |
|    iterations         | 96300     |
|    time_elapsed       | 32873     |
|    total_timesteps    | 481500    |
| train/                |           |
|    entropy_loss       | 11.6      |
|    explained_variance | 1.19e-07  |
|    learning_rate      | 0.0007    |
|    n_updates          | 96299     |
|    policy_loss        | -2.29e+04 |
|    reward             | 707.1952  |
|    std                | 0.00544   |
|    value_loss         | 5.01e+06  |
-------------------------------------
EPISODE:  483
-------------------------------------
| time/                 |           |
|    fps                | 14        |
|    iterations         | 96400     |
|    time_elapsed       | 32903     |
|    total_timesteps    | 482000    |
| train/                |           |
|    entropy_loss       | 11.6      |
|    explained_variance | 0         |
|    learning_rate      | 0.0007    |
|    n_updates          | 96399     |
|    policy_loss        | -1.91e+03 |
|    reward             | 35.67802  |
|    std                | 0.00541   |
|    value_loss         | 3.28e+04  |
-------------------------------------
-------------------------------------
| time/                 |           |
|    fps                | 14        |
|    iterations         | 96500     |
|    time_elapsed       | 32933     |
|    total_timesteps    | 482500    |
| train/                |           |
|    entropy_loss       | 11.6      |
|    explained_variance | 0         |
|    learning_rate      | 0.0007    |
|    n_updates          | 96499     |
|    policy_loss        | -2.11e+04 |
|    reward             | 707.1952  |
|    std                | 0.00542   |
|    value_loss         | 5.01e+06  |
-------------------------------------
EPISODE:  484
-------------------------------------
| time/                 |           |
|    fps                | 14        |
|    iterations         | 96600     |
|    time_elapsed       | 32963     |
|    total_timesteps    | 483000    |
| train/                |           |
|    entropy_loss       | 11.6      |
|    explained_variance | 0         |
|    learning_rate      | 0.0007    |
|    n_updates          | 96599     |
|    policy_loss        | -1.95e+03 |
|    reward             | 35.67802  |
|    std                | 0.00542   |
|    value_loss         | 3.28e+04  |
-------------------------------------
-------------------------------------
| time/                 |           |
|    fps                | 14        |
|    iterations         | 96700     |
|    time_elapsed       | 32993     |
|    total_timesteps    | 483500    |
| train/                |           |
|    entropy_loss       | 11.6      |
|    explained_variance | 0         |
|    learning_rate      | 0.0007    |
|    n_updates          | 96699     |
|    policy_loss        | -2.39e+04 |
|    reward             | 707.1952  |
|    std                | 0.00541   |
|    value_loss         | 5.01e+06  |
-------------------------------------
EPISODE:  485
-------------------------------------
| time/                 |           |
|    fps                | 14        |
|    iterations         | 96800     |
|    time_elapsed       | 33023     |
|    total_timesteps    | 484000    |
| train/                |           |
|    entropy_loss       | 11.6      |
|    explained_variance | 0         |
|    learning_rate      | 0.0007    |
|    n_updates          | 96799     |
|    policy_loss        | -1.92e+03 |
|    reward             | 35.67802  |
|    std                | 0.00539   |
|    value_loss         | 3.28e+04  |
-------------------------------------
-------------------------------------
| time/                 |           |
|    fps                | 14        |
|    iterations         | 96900     |
|    time_elapsed       | 33053     |
|    total_timesteps    | 484500    |
| train/                |           |
|    entropy_loss       | 11.6      |
|    explained_variance | 0         |
|    learning_rate      | 0.0007    |
|    n_updates          | 96899     |
|    policy_loss        | -2.48e+04 |
|    reward             | 707.1952  |
|    std                | 0.00539   |
|    value_loss         | 5e+06     |
-------------------------------------
EPISODE:  486
------------------------------------
| time/                 |          |
|    fps                | 14       |
|    iterations         | 97000    |
|    time_elapsed       | 33083    |
|    total_timesteps    | 485000   |
| train/                |          |
|    entropy_loss       | 11.7     |
|    explained_variance | 0        |
|    learning_rate      | 0.0007   |
|    n_updates          | 96999    |
|    policy_loss        | -1.7e+03 |
|    reward             | 35.67802 |
|    std                | 0.00538  |
|    value_loss         | 3.28e+04 |
------------------------------------
-------------------------------------
| time/                 |           |
|    fps                | 14        |
|    iterations         | 97100     |
|    time_elapsed       | 33113     |
|    total_timesteps    | 485500    |
| train/                |           |
|    entropy_loss       | 11.7      |
|    explained_variance | 0         |
|    learning_rate      | 0.0007    |
|    n_updates          | 97099     |
|    policy_loss        | -2.41e+04 |
|    reward             | 707.1952  |
|    std                | 0.00538   |
|    value_loss         | 5e+06     |
-------------------------------------
EPISODE:  487
-------------------------------------
| time/                 |           |
|    fps                | 14        |
|    iterations         | 97200     |
|    time_elapsed       | 33143     |
|    total_timesteps    | 486000    |
| train/                |           |
|    entropy_loss       | 11.7      |
|    explained_variance | 0         |
|    learning_rate      | 0.0007    |
|    n_updates          | 97199     |
|    policy_loss        | -1.93e+03 |
|    reward             | 35.67802  |
|    std                | 0.00536   |
|    value_loss         | 3.27e+04  |
-------------------------------------
-------------------------------------
| time/                 |           |
|    fps                | 14        |
|    iterations         | 97300     |
|    time_elapsed       | 33173     |
|    total_timesteps    | 486500    |
| train/                |           |
|    entropy_loss       | 11.7      |
|    explained_variance | 0         |
|    learning_rate      | 0.0007    |
|    n_updates          | 97299     |
|    policy_loss        | -2.45e+04 |
|    reward             | 707.1952  |
|    std                | 0.0054    |
|    value_loss         | 5e+06     |
-------------------------------------
EPISODE:  488
-------------------------------------
| time/                 |           |
|    fps                | 14        |
|    iterations         | 97400     |
|    time_elapsed       | 33202     |
|    total_timesteps    | 487000    |
| train/                |           |
|    entropy_loss       | 11.7      |
|    explained_variance | 5.96e-08  |
|    learning_rate      | 0.0007    |
|    n_updates          | 97399     |
|    policy_loss        | -1.84e+03 |
|    reward             | 35.67802  |
|    std                | 0.00541   |
|    value_loss         | 3.27e+04  |
-------------------------------------
-------------------------------------
| time/                 |           |
|    fps                | 14        |
|    iterations         | 97500     |
|    time_elapsed       | 33232     |
|    total_timesteps    | 487500    |
| train/                |           |
|    entropy_loss       | 11.7      |
|    explained_variance | 0         |
|    learning_rate      | 0.0007    |
|    n_updates          | 97499     |
|    policy_loss        | -2.48e+04 |
|    reward             | 707.1952  |
|    std                | 0.00541   |
|    value_loss         | 5e+06     |
-------------------------------------
EPISODE:  489
-------------------------------------
| time/                 |           |
|    fps                | 14        |
|    iterations         | 97600     |
|    time_elapsed       | 33262     |
|    total_timesteps    | 488000    |
| train/                |           |
|    entropy_loss       | 11.7      |
|    explained_variance | 0         |
|    learning_rate      | 0.0007    |
|    n_updates          | 97599     |
|    policy_loss        | -1.93e+03 |
|    reward             | 35.67802  |
|    std                | 0.00543   |
|    value_loss         | 3.27e+04  |
-------------------------------------
-------------------------------------
| time/                 |           |
|    fps                | 14        |
|    iterations         | 97700     |
|    time_elapsed       | 33292     |
|    total_timesteps    | 488500    |
| train/                |           |
|    entropy_loss       | 11.7      |
|    explained_variance | -1.19e-07 |
|    learning_rate      | 0.0007    |
|    n_updates          | 97699     |
|    policy_loss        | -2.15e+04 |
|    reward             | 707.1952  |
|    std                | 0.00542   |
|    value_loss         | 5e+06     |
-------------------------------------
EPISODE:  490
-------------------------------------
| time/                 |           |
|    fps                | 14        |
|    iterations         | 97800     |
|    time_elapsed       | 33322     |
|    total_timesteps    | 489000    |
| train/                |           |
|    entropy_loss       | 11.7      |
|    explained_variance | 0         |
|    learning_rate      | 0.0007    |
|    n_updates          | 97799     |
|    policy_loss        | -1.94e+03 |
|    reward             | 35.67802  |
|    std                | 0.00545   |
|    value_loss         | 3.27e+04  |
-------------------------------------
-------------------------------------
| time/                 |           |
|    fps                | 14        |
|    iterations         | 97900     |
|    time_elapsed       | 33352     |
|    total_timesteps    | 489500    |
| train/                |           |
|    entropy_loss       | 11.7      |
|    explained_variance | -1.19e-07 |
|    learning_rate      | 0.0007    |
|    n_updates          | 97899     |
|    policy_loss        | -2.25e+04 |
|    reward             | 707.1952  |
|    std                | 0.00542   |
|    value_loss         | 5e+06     |
-------------------------------------
EPISODE:  491
-------------------------------------
| time/                 |           |
|    fps                | 14        |
|    iterations         | 98000     |
|    time_elapsed       | 33381     |
|    total_timesteps    | 490000    |
| train/                |           |
|    entropy_loss       | 11.7      |
|    explained_variance | 5.96e-08  |
|    learning_rate      | 0.0007    |
|    n_updates          | 97999     |
|    policy_loss        | -1.92e+03 |
|    reward             | 35.67802  |
|    std                | 0.0054    |
|    value_loss         | 3.27e+04  |
-------------------------------------
-------------------------------------
| time/                 |           |
|    fps                | 14        |
|    iterations         | 98100     |
|    time_elapsed       | 33411     |
|    total_timesteps    | 490500    |
| train/                |           |
|    entropy_loss       | 11.7      |
|    explained_variance | 0         |
|    learning_rate      | 0.0007    |
|    n_updates          | 98099     |
|    policy_loss        | -2.46e+04 |
|    reward             | 707.1952  |
|    std                | 0.00539   |
|    value_loss         | 5e+06     |
-------------------------------------
EPISODE:  492
-------------------------------------
| time/                 |           |
|    fps                | 14        |
|    iterations         | 98200     |
|    time_elapsed       | 33441     |
|    total_timesteps    | 491000    |
| train/                |           |
|    entropy_loss       | 11.7      |
|    explained_variance | 0         |
|    learning_rate      | 0.0007    |
|    n_updates          | 98199     |
|    policy_loss        | -1.88e+03 |
|    reward             | 35.67802  |
|    std                | 0.00537   |
|    value_loss         | 3.27e+04  |
-------------------------------------
-------------------------------------
| time/                 |           |
|    fps                | 14        |
|    iterations         | 98300     |
|    time_elapsed       | 33471     |
|    total_timesteps    | 491500    |
| train/                |           |
|    entropy_loss       | 11.7      |
|    explained_variance | 5.96e-08  |
|    learning_rate      | 0.0007    |
|    n_updates          | 98299     |
|    policy_loss        | -2.43e+04 |
|    reward             | 707.1952  |
|    std                | 0.00538   |
|    value_loss         | 5e+06     |
-------------------------------------
EPISODE:  493
------------------------------------
| time/                 |          |
|    fps                | 14       |
|    iterations         | 98400    |
|    time_elapsed       | 33501    |
|    total_timesteps    | 492000   |
| train/                |          |
|    entropy_loss       | 11.8     |
|    explained_variance | 0        |
|    learning_rate      | 0.0007   |
|    n_updates          | 98399    |
|    policy_loss        | -1.9e+03 |
|    reward             | 35.67802 |
|    std                | 0.00533  |
|    value_loss         | 3.26e+04 |
------------------------------------
-------------------------------------
| time/                 |           |
|    fps                | 14        |
|    iterations         | 98500     |
|    time_elapsed       | 33531     |
|    total_timesteps    | 492500    |
| train/                |           |
|    entropy_loss       | 11.8      |
|    explained_variance | 0         |
|    learning_rate      | 0.0007    |
|    n_updates          | 98499     |
|    policy_loss        | -2.46e+04 |
|    reward             | 707.1952  |
|    std                | 0.00532   |
|    value_loss         | 5e+06     |
-------------------------------------
EPISODE:  494
-------------------------------------
| time/                 |           |
|    fps                | 14        |
|    iterations         | 98600     |
|    time_elapsed       | 33560     |
|    total_timesteps    | 493000    |
| train/                |           |
|    entropy_loss       | 11.8      |
|    explained_variance | -1.19e-07 |
|    learning_rate      | 0.0007    |
|    n_updates          | 98599     |
|    policy_loss        | -1.87e+03 |
|    reward             | 35.67802  |
|    std                | 0.00531   |
|    value_loss         | 3.26e+04  |
-------------------------------------
-------------------------------------
| time/                 |           |
|    fps                | 14        |
|    iterations         | 98700     |
|    time_elapsed       | 33590     |
|    total_timesteps    | 493500    |
| train/                |           |
|    entropy_loss       | 11.8      |
|    explained_variance | 1.19e-07  |
|    learning_rate      | 0.0007    |
|    n_updates          | 98699     |
|    policy_loss        | -2.47e+04 |
|    reward             | 707.1952  |
|    std                | 0.00532   |
|    value_loss         | 5e+06     |
-------------------------------------
EPISODE:  495
-------------------------------------
| time/                 |           |
|    fps                | 14        |
|    iterations         | 98800     |
|    time_elapsed       | 33620     |
|    total_timesteps    | 494000    |
| train/                |           |
|    entropy_loss       | 11.8      |
|    explained_variance | -1.19e-07 |
|    learning_rate      | 0.0007    |
|    n_updates          | 98799     |
|    policy_loss        | -1.93e+03 |
|    reward             | 35.67802  |
|    std                | 0.0053    |
|    value_loss         | 3.26e+04  |
-------------------------------------
-------------------------------------
| time/                 |           |
|    fps                | 14        |
|    iterations         | 98900     |
|    time_elapsed       | 33650     |
|    total_timesteps    | 494500    |
| train/                |           |
|    entropy_loss       | 11.8      |
|    explained_variance | 0         |
|    learning_rate      | 0.0007    |
|    n_updates          | 98899     |
|    policy_loss        | -2.35e+04 |
|    reward             | 707.1952  |
|    std                | 0.00531   |
|    value_loss         | 5e+06     |
-------------------------------------
EPISODE:  496
-------------------------------------
| time/                 |           |
|    fps                | 14        |
|    iterations         | 99000     |
|    time_elapsed       | 33680     |
|    total_timesteps    | 495000    |
| train/                |           |
|    entropy_loss       | 11.8      |
|    explained_variance | -1.19e-07 |
|    learning_rate      | 0.0007    |
|    n_updates          | 98999     |
|    policy_loss        | -1.94e+03 |
|    reward             | 35.67802  |
|    std                | 0.0053    |
|    value_loss         | 3.26e+04  |
-------------------------------------
-------------------------------------
| time/                 |           |
|    fps                | 14        |
|    iterations         | 99100     |
|    time_elapsed       | 33710     |
|    total_timesteps    | 495500    |
| train/                |           |
|    entropy_loss       | 11.8      |
|    explained_variance | 0         |
|    learning_rate      | 0.0007    |
|    n_updates          | 99099     |
|    policy_loss        | -2.39e+04 |
|    reward             | 707.1952  |
|    std                | 0.0053    |
|    value_loss         | 5e+06     |
-------------------------------------
EPISODE:  497
-------------------------------------
| time/                 |           |
|    fps                | 14        |
|    iterations         | 99200     |
|    time_elapsed       | 33739     |
|    total_timesteps    | 496000    |
| train/                |           |
|    entropy_loss       | 11.8      |
|    explained_variance | 0         |
|    learning_rate      | 0.0007    |
|    n_updates          | 99199     |
|    policy_loss        | -1.88e+03 |
|    reward             | 35.67802  |
|    std                | 0.00532   |
|    value_loss         | 3.26e+04  |
-------------------------------------
-------------------------------------
| time/                 |           |
|    fps                | 14        |
|    iterations         | 99300     |
|    time_elapsed       | 33769     |
|    total_timesteps    | 496500    |
| train/                |           |
|    entropy_loss       | 11.8      |
|    explained_variance | 0         |
|    learning_rate      | 0.0007    |
|    n_updates          | 99299     |
|    policy_loss        | -2.35e+04 |
|    reward             | 707.1952  |
|    std                | 0.00529   |
|    value_loss         | 5e+06     |
-------------------------------------
EPISODE:  498
-------------------------------------
| time/                 |           |
|    fps                | 14        |
|    iterations         | 99400     |
|    time_elapsed       | 33799     |
|    total_timesteps    | 497000    |
| train/                |           |
|    entropy_loss       | 11.8      |
|    explained_variance | 0         |
|    learning_rate      | 0.0007    |
|    n_updates          | 99399     |
|    policy_loss        | -1.85e+03 |
|    reward             | 35.67802  |
|    std                | 0.00527   |
|    value_loss         | 3.25e+04  |
-------------------------------------
-------------------------------------
| time/                 |           |
|    fps                | 14        |
|    iterations         | 99500     |
|    time_elapsed       | 33829     |
|    total_timesteps    | 497500    |
| train/                |           |
|    entropy_loss       | 11.8      |
|    explained_variance | 0         |
|    learning_rate      | 0.0007    |
|    n_updates          | 99499     |
|    policy_loss        | -2.49e+04 |
|    reward             | 707.1952  |
|    std                | 0.00525   |
|    value_loss         | 5e+06     |
-------------------------------------
EPISODE:  499
------------------------------------
| time/                 |          |
|    fps                | 14       |
|    iterations         | 99600    |
|    time_elapsed       | 33859    |
|    total_timesteps    | 498000   |
| train/                |          |
|    entropy_loss       | 11.8     |
|    explained_variance | 0        |
|    learning_rate      | 0.0007   |
|    n_updates          | 99599    |
|    policy_loss        | -2e+03   |
|    reward             | 35.67802 |
|    std                | 0.00529  |
|    value_loss         | 3.25e+04 |
------------------------------------
-------------------------------------
| time/                 |           |
|    fps                | 14        |
|    iterations         | 99700     |
|    time_elapsed       | 33889     |
|    total_timesteps    | 498500    |
| train/                |           |
|    entropy_loss       | 11.8      |
|    explained_variance | 0         |
|    learning_rate      | 0.0007    |
|    n_updates          | 99699     |
|    policy_loss        | -2.45e+04 |
|    reward             | 707.1952  |
|    std                | 0.00527   |
|    value_loss         | 5e+06     |
-------------------------------------
EPISODE:  500
-------------------------------------
| time/                 |           |
|    fps                | 14        |
|    iterations         | 99800     |
|    time_elapsed       | 33918     |
|    total_timesteps    | 499000    |
| train/                |           |
|    entropy_loss       | 11.8      |
|    explained_variance | 0         |
|    learning_rate      | 0.0007    |
|    n_updates          | 99799     |
|    policy_loss        | -1.95e+03 |
|    reward             | 35.67802  |
|    std                | 0.00527   |
|    value_loss         | 3.25e+04  |
-------------------------------------
------------------------------------
| time/                 |          |
|    fps                | 14       |
|    iterations         | 99900    |
|    time_elapsed       | 33949    |
|    total_timesteps    | 499500   |
| train/                |          |
|    entropy_loss       | 11.8     |
|    explained_variance | 1.19e-07 |
|    learning_rate      | 0.0007   |
|    n_updates          | 99899    |
|    policy_loss        | -2.3e+04 |
|    reward             | 707.1952 |
|    std                | 0.00524  |
|    value_loss         | 5e+06    |
------------------------------------
EPISODE:  501
------------------------------------
| time/                 |          |
|    fps                | 14       |
|    iterations         | 100000   |
|    time_elapsed       | 33977    |
|    total_timesteps    | 500000   |
| train/                |          |
|    entropy_loss       | 11.9     |
|    explained_variance | 0        |
|    learning_rate      | 0.0007   |
|    n_updates          | 99999    |
|    policy_loss        | -2e+03   |
|    reward             | 35.67802 |
|    std                | 0.00523  |
|    value_loss         | 3.24e+04 |
------------------------------------
Saved episode log to Results/4_1/a2c/downward/training_logs/10.csv
