episode,day,actions,allocation_weights,transaction_cost,stock_returns,portfolio_return,reward,old_portfolio_value,new_portfolio_value
1,0,"0.50, 0.50","0.50, 0.50",0.00,"0.00%, -1.59%",-0.80%,-0.80,100,99
1,1,"0.34, 0.23","0.60, 0.40",0.20,"0.00%, -1.59%",-0.64%,-1.03,99,98
1,2,"0.19, 0.87","0.18, 0.82",0.83,"0.00%, 15.85%",13.01%,11.15,98,110
1,3,"0.21, 0.07","0.75, 0.25",1.25,"0.00%, 7.69%",1.95%,-0.34,110,111
1,4,"0.76, 0.42","0.65, 0.35",0.22,"0.00%, -3.66%",-1.30%,-1.89,111,110
1,5,"0.89, 0.73","0.55, 0.45",0.21,"0.00%, 5.53%",2.49%,2.31,110,112
1,6,"0.39, 0.18","0.68, 0.32",0.29,"0.00%, -3.60%",-1.15%,-1.88,112,111
1,7,"0.97, 0.82","0.54, 0.46",0.31,"0.00%, -3.62%",-1.66%,-2.46,111,108
1,8,"0.23, 0.34","0.40, 0.60",0.31,"0.00%, 2.71%",1.63%,1.15,108,110
1,9,"0.54, 0.30","0.64, 0.36",0.54,"0.00%, -15.40%",-5.50%,-7.11,110,103
1,10,"0.67, 0.47","0.59, 0.41",0.11,"0.00%, -13.95%",-5.72%,-6.12,103,97
1,11,"0.01, 0.53","0.02, 0.98",1.11,"0.00%, -4.46%",-4.37%,-6.46,97,92
1,12,"0.71, 0.02","0.97, 0.03",1.75,"0.00%, -8.25%",-0.23%,-3.71,92,90
1,13,"0.22, 0.81","0.21, 0.79",1.37,"0.00%, 3.38%",2.67%,-0.34,90,91
1,14,"0.74, 0.79","0.48, 0.52",0.50,"0.00%, -7.39%",-3.82%,-4.47,91,87
1,15,"0.12, 0.71","0.14, 0.86",0.59,"0.00%, -11.49%",-9.86%,-9.76,87,78
1,16,"0.94, 0.23","0.80, 0.20",1.03,"0.00%, 14.67%",2.90%,0.21,78,79
1,17,"0.70, 0.72","0.49, 0.51",0.49,"0.00%, -1.52%",-0.77%,-1.58,79,78
1,18,"0.73, 0.43","0.63, 0.37",0.21,"0.00%, 1.11%",0.41%,-0.10,78,78
1,19,"0.68, 0.75","0.48, 0.52",0.24,"0.00%, -11.59%",-6.08%,-5.23,78,73
1,20,"0.70, 0.57","0.55, 0.45",0.11,"0.00%, -4.30%",-1.93%,-1.63,73,72
1,21,"0.63, 0.17","0.79, 0.21",0.34,"0.00%, 1.51%",0.31%,-0.47,72,71
1,22,"0.22, 0.68","0.25, 0.75",0.78,"0.00%, -9.39%",-7.09%,-6.63,71,66
1,23,"0.29, 0.70","0.29, 0.71",0.06,"0.00%, 3.96%",2.80%,1.71,66,67
1,24,"0.17, 0.73","0.19, 0.81",0.14,"0.00%, -4.79%",-3.90%,-2.91,67,65
1,25,"0.74, 0.87","0.46, 0.54",0.35,"0.00%, -2.10%",-1.14%,-1.44,65,64
1,26,"0.56, 0.76","0.42, 0.58",0.04,"0.00%, -4.80%",-2.76%,-1.84,64,62
1,27,"0.49, 0.86","0.36, 0.64",0.07,"0.00%, 18.73%",11.91%,7.20,62,69
1,28,"0.98, 0.20","0.83, 0.17",0.64,"0.00%, 0.38%",0.07%,-1.23,69,68
1,29,"0.60, 0.69","0.47, 0.53",0.49,"0.00%, -8.62%",-4.61%,-4.14,68,65
1,30,"0.34, 0.43","0.44, 0.56",0.03,"0.00%, 8.22%",4.60%,2.91,65,68
1,31,"0.88, 0.99","0.47, 0.53",0.04,"0.00%, -9.96%",-5.26%,-3.65,68,64
1,32,"0.53, 0.58","0.48, 0.52",0.01,"0.00%, 2.41%",1.26%,0.80,64,65
1,33,"0.38, 0.28","0.57, 0.43",0.13,"0.00%, -15.75%",-6.73%,-4.62,65,60
1,34,"0.79, 0.80","0.50, 0.50",0.09,"0.00%, -10.82%",-5.44%,-3.47,60,57
1,35,"0.08, 0.21","0.27, 0.73",0.26,"0.00%, 2.30%",1.67%,0.44,57,58
1,36,"0.38, 0.28","0.57, 0.43",0.34,"0.00%, 7.41%",3.18%,1.15,58,59
1,37,"0.53, 0.52","0.50, 0.50",0.08,"0.00%, 2.06%",1.02%,0.45,59,60
1,38,"0.97, 0.40","0.71, 0.29",0.24,"0.00%, -0.54%",-0.16%,-0.58,60,59
1,39,"0.29, 0.33","0.47, 0.53",0.29,"0.00%, -2.19%",-1.17%,-1.27,59,58
1,40,"0.73, 0.46","0.61, 0.39",0.17,"0.00%, -12.02%",-4.65%,-3.06,58,56
1,41,"0.63, 0.43","0.60, 0.40",0.02,"0.00%, -5.80%",-2.34%,-1.33,56,54
1,42,"0.31, 0.52","0.38, 0.62",0.24,"0.00%, -3.58%",-2.24%,-1.69,54,53
1,43,"0.89, 0.40","0.69, 0.31",0.33,"0.00%, 10.53%",3.27%,1.06,53,54
1,44,"0.72, 0.27","0.73, 0.27",0.04,"0.00%, 3.66%",0.99%,0.45,54,55
1,45,"0.53, 0.03","0.94, 0.06",0.23,"0.00%, -14.24%",-0.84%,-0.92,55,54
1,46,"0.95, 0.61","0.61, 0.39",0.36,"0.00%, 3.48%",1.37%,0.02,54,54
1,47,"0.58, 0.20","0.74, 0.26",0.15,"0.00%, -2.92%",-0.76%,-0.70,54,54
1,48,"0.20, 0.19","0.52, 0.48",0.24,"0.00%, -5.44%",-2.62%,-1.88,54,52
1,49,"0.18, 0.81","0.19, 0.81",0.35,"0.00%, 6.19%",5.04%,1.93,52,54
1,50,"0.83, 0.69","0.55, 0.45",0.39,"0.00%, 10.27%",4.67%,1.76,54,57
1,51,"0.55, 0.59","0.48, 0.52",0.07,"0.00%, 9.29%",4.81%,2.58,57,59
1,52,"0.34, 0.90","0.27, 0.73",0.25,"0.00%, -6.81%",-4.95%,-3.43,59,56
1,53,"0.29, 0.90","0.24, 0.76",0.03,"0.00%, -2.26%",-1.71%,-1.02,56,55
1,54,"0.21, 0.16","0.57, 0.43",0.36,"0.00%, 3.54%",1.53%,0.13,55,56
1,55,"0.24, 0.35","0.40, 0.60",0.19,"0.00%, 9.72%",5.82%,2.86,56,59
1,56,"0.26, 0.82","0.24, 0.76",0.19,"0.00%, -3.74%",-2.84%,-2.04,59,57
1,57,"0.44, 0.22","0.67, 0.33",0.49,"0.00%, -1.16%",-0.38%,-1.19,57,56
1,58,"0.09, 0.19","0.32, 0.68",0.39,"0.00%, -9.02%",-6.11%,-4.20,56,52
1,59,"0.88, 0.70","0.56, 0.44",0.24,"0.00%, -9.76%",-4.32%,-2.75,52,50
1,60,"0.46, 0.08","0.85, 0.15",0.30,"0.00%, 8.13%",1.18%,-0.00,50,50
1,61,"0.64, 0.05","0.93, 0.07",0.07,"0.00%, 13.55%",1.01%,0.36,50,50
1,62,"0.42, 0.06","0.88, 0.12",0.05,"0.00%, -0.15%",-0.02%,-0.11,50,50
1,63,"0.05, 0.48","0.09, 0.91",0.79,"0.00%, 10.00%",9.08%,2.99,50,54
1,64,"0.43, 0.86","0.33, 0.67",0.26,"0.00%, 3.83%",2.56%,0.86,54,55
1,65,"0.30, 0.77","0.28, 0.72",0.06,"0.00%, -5.17%",-3.72%,-2.17,55,53
1,66,"0.37, 0.91","0.29, 0.71",0.01,"0.00%, 3.82%",2.71%,1.42,53,55
1,67,"0.33, 0.92","0.26, 0.74",0.03,"0.00%, 15.42%",11.36%,6.14,55,61
1,68,"0.13, 0.96","0.12, 0.88",0.18,"0.00%, 0.18%",0.16%,-0.26,61,61
1,69,"0.97, 0.05","0.95, 0.05",1.01,"0.00%, 15.70%",0.79%,-1.54,61,60
1,70,"0.59, 0.67","0.47, 0.53",0.58,"0.00%, -20.61%",-10.90%,-7.71,60,53
1,71,"0.60, 0.67","0.47, 0.53",0.00,"0.00%, 8.22%",4.32%,2.29,53,55
1,72,"0.39, 0.23","0.63, 0.37",0.17,"0.00%, 1.29%",0.48%,-0.07,55,55
1,73,"0.25, 0.03","0.90, 0.10",0.31,"0.00%, -2.17%",-0.21%,-0.73,55,55
1,74,"0.16, 0.55","0.23, 0.77",0.74,"0.00%, 1.33%",1.03%,-0.91,55,55
1,75,"0.58, 0.18","0.76, 0.24",0.58,"0.00%, -15.96%",-3.80%,-3.25,55,52
1,76,"0.95, 0.11","0.90, 0.10",0.14,"0.00%, -1.47%",-0.15%,-0.36,52,52
1,77,"0.39, 0.78","0.33, 0.67",0.59,"0.00%, 3.78%",2.53%,0.14,52,53
1,78,"0.07, 0.20","0.25, 0.75",0.08,"0.00%, 14.80%",11.06%,5.66,53,58
1,79,"0.02, 0.67","0.04, 0.96",0.25,"0.00%, -4.08%",-3.94%,-2.81,58,56
1,80,"0.84, 0.60","0.58, 0.42",0.61,"0.00%, -6.55%",-2.73%,-2.75,56,54
1,81,"0.81, 0.45","0.64, 0.36",0.06,"0.00%, -3.94%",-1.41%,-0.88,54,53
1,82,"0.22, 0.63","0.26, 0.74",0.40,"0.00%, 9.13%",6.73%,2.76,53,56
1,83,"0.01, 0.42","0.02, 0.98",0.27,"0.00%, 3.52%",3.45%,1.39,56,58
1,84,"0.68, 0.77","0.47, 0.53",0.52,"0.00%, -4.18%",-2.21%,-2.31,58,56
1,85,"0.39, 0.00","0.99, 0.01",0.58,"0.00%, 5.25%",0.06%,-1.12,56,55
1,86,"0.42, 0.12","0.77, 0.23",0.24,"0.00%, 1.38%",0.32%,-0.31,55,55
1,87,"0.07, 0.03","0.71, 0.29",0.07,"0.00%, 9.66%",2.81%,1.42,55,57
1,88,"0.24, 0.88","0.22, 0.78",0.56,"0.00%, -5.65%",-4.43%,-3.63,57,54
1,89,"0.49, 0.45","0.52, 0.48",0.33,"0.00%, -2.42%",-1.15%,-1.28,54,53
1,90,"0.35, 0.56","0.39, 0.61",0.14,"0.00%, -2.98%",-1.83%,-1.25,53,52
1,91,"0.73, 0.11","0.87, 0.13",0.50,"0.00%, -11.90%",-1.49%,-1.78,52,50
1,92,"0.94, 0.87","0.52, 0.48",0.36,"0.00%, 3.22%",1.55%,0.06,50,51
1,93,"0.36, 0.05","0.88, 0.12",0.37,"0.00%, 2.89%",0.34%,-0.57,51,51
1,94,"0.75, 0.30","0.71, 0.29",0.17,"0.00%, 0.55%",0.16%,-0.26,51,51
1,95,"0.09, 0.44","0.17, 0.83",0.55,"0.00%, -1.60%",-1.33%,-1.77,51,49
1,96,"0.27, 0.65","0.30, 0.70",0.12,"0.00%, -11.52%",-8.10%,-4.24,49,45
1,97,"0.88, 0.14","0.86, 0.14",0.51,"0.00%, -3.23%",-0.45%,-1.22,45,44
1,98,"0.52, 0.04","0.93, 0.07",0.06,"0.00%, -2.55%",-0.18%,-0.20,44,44
1,99,"0.30, 0.01","0.96, 0.04",0.03,"0.00%, -6.50%",-0.24%,-0.17,44,44
1,100,"1.00, 0.75","0.57, 0.43",0.34,"0.00%, -0.95%",-0.41%,-0.87,44,44
1,101,"1.00, 0.00","1.00, 0.00",0.37,"0.00%, 4.22%",0.00%,-0.75,44,43
1,102,"1.00, 0.00","1.00, 0.00",0.00,"0.00%, 19.10%",0.00%,0.00,43,43
1,103,"1.00, 0.00","1.00, 0.00",0.00,"0.00%, 2.09%",0.00%,0.00,43,43
1,104,"1.00, 0.00","1.00, 0.00",0.00,"0.00%, 2.86%",0.00%,0.00,43,43
1,105,"1.00, 0.00","1.00, 0.00",0.00,"0.00%, -0.17%",0.00%,0.00,43,43
1,106,"1.00, 0.00","1.00, 0.00",0.00,"0.00%, -15.44%",0.00%,0.00,43,43
1,107,"1.00, 0.00","1.00, 0.00",0.00,"0.00%, 0.26%",0.00%,0.00,43,43
1,108,"1.00, 0.00","1.00, 0.00",0.00,"0.00%, 1.05%",0.00%,0.00,43,43
1,109,"1.00, 0.00","1.00, 0.00",0.00,"0.00%, 25.44%",0.00%,0.00,43,43
1,110,"1.00, 0.00","1.00, 0.00",0.00,"0.00%, -1.22%",0.00%,0.00,43,43
1,111,"1.00, 0.00","1.00, 0.00",0.00,"0.00%, 3.27%",0.00%,0.00,43,43
1,112,"1.00, 0.00","1.00, 0.00",0.00,"0.00%, 0.19%",0.00%,0.00,43,43
1,113,"1.00, 0.00","1.00, 0.00",0.00,"0.00%, -9.53%",0.00%,0.00,43,43
1,114,"1.00, 0.00","1.00, 0.00",0.00,"0.00%, 11.39%",0.00%,0.00,43,43
1,115,"1.00, 0.00","1.00, 0.00",0.00,"0.00%, 7.54%",0.00%,0.00,43,43
1,116,"1.00, 0.00","1.00, 0.00",0.00,"0.00%, 7.92%",0.00%,0.00,43,43
1,117,"1.00, 0.00","1.00, 0.00",0.00,"0.00%, -7.40%",0.00%,0.00,43,43
1,118,"1.00, 0.00","1.00, 0.00",0.00,"0.00%, 14.03%",0.00%,0.00,43,43
1,119,"1.00, 0.00","1.00, 0.00",0.00,"0.00%, -11.41%",0.00%,0.00,43,43
1,120,"1.00, 0.00","1.00, 0.00",0.00,"0.00%, 5.95%",0.00%,0.00,43,43
1,121,"1.00, 0.00","1.00, 0.00",0.00,"0.00%, 22.40%",0.00%,0.00,43,43
1,122,"1.00, 0.00","1.00, 0.00",0.00,"0.00%, -8.07%",0.00%,0.00,43,43
1,123,"1.00, 0.00","1.00, 0.00",0.00,"0.00%, -4.49%",0.00%,0.00,43,43
1,124,"1.00, 0.00","1.00, 0.00",0.00,"0.00%, 1.41%",0.00%,0.00,43,43
1,125,"1.00, 0.00","1.00, 0.00",0.00,"0.00%, -3.95%",0.00%,0.00,43,43
1,126,"1.00, 0.00","1.00, 0.00",0.00,"0.00%, -12.59%",0.00%,0.00,43,43
1,127,"1.00, 0.00","1.00, 0.00",0.00,"0.00%, 1.12%",0.00%,0.00,43,43
1,128,"1.00, 0.00","1.00, 0.00",0.00,"0.00%, -8.66%",0.00%,0.00,43,43
1,129,"1.00, 0.00","1.00, 0.00",0.00,"0.00%, 4.88%",0.00%,0.00,43,43
1,130,"1.00, 0.00","1.00, 0.00",0.00,"0.00%, -7.48%",0.00%,0.00,43,43
1,131,"1.00, 0.00","1.00, 0.00",0.00,"0.00%, 15.55%",0.00%,0.00,43,43
1,132,"1.00, 0.00","1.00, 0.00",0.00,"0.00%, -6.34%",0.00%,0.00,43,43
1,133,"1.00, 0.00","1.00, 0.00",0.00,"0.00%, -2.37%",0.00%,0.00,43,43
1,134,"1.00, 0.00","1.00, 0.00",0.00,"0.00%, 8.14%",0.00%,0.00,43,43
1,135,"1.00, 0.00","1.00, 0.00",0.00,"0.00%, -10.04%",0.00%,0.00,43,43
1,136,"1.00, 0.00","1.00, 0.00",0.00,"0.00%, 2.58%",0.00%,0.00,43,43
1,137,"1.00, 0.00","1.00, 0.00",0.00,"0.00%, 13.05%",0.00%,0.00,43,43
1,138,"1.00, 0.00","1.00, 0.00",0.00,"0.00%, -13.04%",0.00%,0.00,43,43
1,139,"1.00, 0.00","1.00, 0.00",0.00,"0.00%, 2.19%",0.00%,0.00,43,43
1,140,"1.00, 0.00","1.00, 0.00",0.00,"0.00%, 2.88%",0.00%,0.00,43,43
1,141,"1.00, 0.00","1.00, 0.00",0.00,"0.00%, 7.83%",0.00%,0.00,43,43
1,142,"1.00, 0.00","1.00, 0.00",0.00,"0.00%, -10.09%",0.00%,0.00,43,43
1,143,"1.00, 0.00","1.00, 0.00",0.00,"0.00%, -10.76%",0.00%,0.00,43,43
1,144,"1.00, 0.00","1.00, 0.00",0.00,"0.00%, 5.33%",0.00%,0.00,43,43
1,145,"1.00, 0.00","1.00, 0.00",0.00,"0.00%, 3.22%",0.00%,0.00,43,43
1,146,"1.00, 0.00","1.00, 0.00",0.00,"0.00%, 2.79%",0.00%,0.00,43,43
1,147,"1.00, 0.00","1.00, 0.00",0.00,"0.00%, 3.68%",0.00%,0.00,43,43
1,148,"1.00, 0.00","1.00, 0.00",0.00,"0.00%, -5.47%",0.00%,0.00,43,43
1,149,"1.00, 0.00","1.00, 0.00",0.00,"0.00%, 2.62%",0.00%,0.00,43,43
1,150,"1.00, 0.00","1.00, 0.00",0.00,"0.00%, 3.19%",0.00%,0.00,43,43
1,151,"1.00, 0.00","1.00, 0.00",0.00,"0.00%, -5.76%",0.00%,0.00,43,43
1,152,"1.00, 0.00","1.00, 0.00",0.00,"0.00%, 18.88%",0.00%,0.00,43,43
1,153,"1.00, 0.00","1.00, 0.00",0.00,"0.00%, 4.88%",0.00%,0.00,43,43
1,154,"1.00, 0.00","1.00, 0.00",0.00,"0.00%, -9.72%",0.00%,0.00,43,43
1,155,"1.00, 0.00","1.00, 0.00",0.00,"0.00%, 6.62%",0.00%,0.00,43,43
1,156,"1.00, 0.00","1.00, 0.00",0.00,"0.00%, -7.94%",0.00%,0.00,43,43
1,157,"1.00, 0.00","1.00, 0.00",0.00,"0.00%, 7.88%",0.00%,0.00,43,43
1,158,"1.00, 0.00","1.00, 0.00",0.00,"0.00%, 11.55%",0.00%,0.00,43,43
1,159,"1.00, 0.00","1.00, 0.00",0.00,"0.00%, -6.65%",0.00%,0.00,43,43
1,160,"1.00, 0.00","1.00, 0.00",0.00,"0.00%, 9.60%",0.00%,0.00,43,43
1,161,"1.00, 0.00","1.00, 0.00",0.00,"0.00%, 4.31%",0.00%,0.00,43,43
1,162,"1.00, 0.00","1.00, 0.00",0.00,"0.00%, 8.22%",0.00%,0.00,43,43
1,163,"1.00, 0.00","1.00, 0.00",0.00,"0.00%, 19.21%",0.00%,0.00,43,43
1,164,"1.00, 0.00","1.00, 0.00",0.00,"0.00%, -1.69%",0.00%,0.00,43,43
1,165,"1.00, 0.00","1.00, 0.00",0.00,"0.00%, -6.09%",0.00%,0.00,43,43
1,166,"1.00, 0.00","1.00, 0.00",0.00,"0.00%, -7.23%",0.00%,0.00,43,43
1,167,"1.00, 0.00","1.00, 0.00",0.00,"0.00%, -6.61%",0.00%,0.00,43,43
1,168,"1.00, 0.00","1.00, 0.00",0.00,"0.00%, -0.19%",0.00%,0.00,43,43
1,169,"1.00, 0.00","1.00, 0.00",0.00,"0.00%, 3.63%",0.00%,0.00,43,43
1,170,"1.00, 0.00","1.00, 0.00",0.00,"0.00%, 3.04%",0.00%,0.00,43,43
1,171,"1.00, 0.00","1.00, 0.00",0.00,"0.00%, 8.27%",0.00%,0.00,43,43
1,172,"1.00, 0.00","1.00, 0.00",0.00,"0.00%, 0.62%",0.00%,0.00,43,43
1,173,"1.00, 0.00","1.00, 0.00",0.00,"0.00%, 14.55%",0.00%,0.00,43,43
1,174,"1.00, 0.00","1.00, 0.00",0.00,"0.00%, -1.86%",0.00%,0.00,43,43
1,175,"1.00, 0.00","1.00, 0.00",0.00,"0.00%, 28.38%",0.00%,0.00,43,43
1,176,"1.00, 0.00","1.00, 0.00",0.00,"0.00%, 6.32%",0.00%,0.00,43,43
1,177,"1.00, 0.00","1.00, 0.00",0.00,"0.00%, -6.96%",0.00%,0.00,43,43
1,178,"1.00, 0.00","1.00, 0.00",0.00,"0.00%, -8.73%",0.00%,0.00,43,43
1,179,"1.00, 0.00","1.00, 0.00",0.00,"0.00%, 4.96%",0.00%,0.00,43,43
1,180,"1.00, 0.00","1.00, 0.00",0.00,"0.00%, -1.50%",0.00%,0.00,43,43
1,181,"1.00, 0.00","1.00, 0.00",0.00,"0.00%, 7.17%",0.00%,0.00,43,43
1,182,"1.00, 0.00","1.00, 0.00",0.00,"0.00%, 4.87%",0.00%,0.00,43,43
1,183,"1.00, 0.00","1.00, 0.00",0.00,"0.00%, -0.16%",0.00%,0.00,43,43
1,184,"1.00, 0.00","1.00, 0.00",0.00,"0.00%, -6.87%",0.00%,0.00,43,43
1,185,"1.00, 0.00","1.00, 0.00",0.00,"0.00%, -12.31%",0.00%,0.00,43,43
1,186,"1.00, 0.00","1.00, 0.00",0.00,"0.00%, -3.46%",0.00%,0.00,43,43
1,187,"1.00, 0.00","1.00, 0.00",0.00,"0.00%, 8.55%",0.00%,0.00,43,43
1,188,"1.00, 0.00","1.00, 0.00",0.00,"0.00%, 2.46%",0.00%,0.00,43,43
1,189,"1.00, 0.00","1.00, 0.00",0.00,"0.00%, -10.16%",0.00%,0.00,43,43
1,190,"1.00, 0.00","1.00, 0.00",0.00,"0.00%, 2.08%",0.00%,0.00,43,43
1,191,"1.00, 0.00","1.00, 0.00",0.00,"0.00%, 4.05%",0.00%,0.00,43,43
1,192,"1.00, 0.00","1.00, 0.00",0.00,"0.00%, -7.18%",0.00%,0.00,43,43
1,193,"1.00, 0.00","1.00, 0.00",0.00,"0.00%, 1.90%",0.00%,0.00,43,43
1,194,"1.00, 0.00","1.00, 0.00",0.00,"0.00%, 1.03%",0.00%,0.00,43,43
1,195,"1.00, 0.00","1.00, 0.00",0.00,"0.00%, -9.32%",0.00%,0.00,43,43
1,196,"1.00, 0.00","1.00, 0.00",0.00,"0.00%, 3.79%",0.00%,0.00,43,43
1,197,"1.00, 0.00","1.00, 0.00",0.00,"0.00%, 5.70%",0.00%,0.00,43,43
1,198,"1.00, 0.00","1.00, 0.00",0.00,"0.00%, 10.79%",0.00%,0.00,43,43
1,199,"1.00, 0.00","1.00, 0.00",0.00,"0.00%, 10.50%",0.00%,0.00,43,43
1,200,"1.00, 0.00","1.00, 0.00",0.00,"0.00%, -11.22%",0.00%,0.00,43,43
1,201,"1.00, 0.00","1.00, 0.00",0.00,"0.00%, -7.63%",0.00%,0.00,43,43
1,202,"1.00, 0.00","1.00, 0.00",0.00,"0.00%, 5.27%",0.00%,0.00,43,43
1,203,"1.00, 0.00","1.00, 0.00",0.00,"0.00%, 5.26%",0.00%,0.00,43,43
1,204,"1.00, 0.00","1.00, 0.00",0.00,"0.00%, 5.27%",0.00%,0.00,43,43
1,205,"1.00, 0.00","1.00, 0.00",0.00,"0.00%, 42.15%",0.00%,0.00,43,43
1,206,"1.00, 0.00","1.00, 0.00",0.00,"0.00%, 5.80%",0.00%,0.00,43,43
1,207,"1.00, 0.00","1.00, 0.00",0.00,"0.00%, 11.32%",0.00%,0.00,43,43
1,208,"1.00, 0.00","1.00, 0.00",0.00,"0.00%, 9.51%",0.00%,0.00,43,43
1,209,"1.00, 0.00","1.00, 0.00",0.00,"0.00%, 6.57%",0.00%,0.00,43,43
1,210,"1.00, 0.00","1.00, 0.00",0.00,"0.00%, -2.31%",0.00%,0.00,43,43
1,211,"1.00, 0.00","1.00, 0.00",0.00,"0.00%, 7.61%",0.00%,0.00,43,43
1,212,"1.00, 0.00","1.00, 0.00",0.00,"0.00%, -6.25%",0.00%,0.00,43,43
1,213,"1.00, 0.00","1.00, 0.00",0.00,"0.00%, -1.62%",0.00%,0.00,43,43
1,214,"1.00, 0.00","1.00, 0.00",0.00,"0.00%, -3.79%",0.00%,0.00,43,43
1,215,"1.00, 0.00","1.00, 0.00",0.00,"0.00%, 1.24%",0.00%,0.00,43,43
1,216,"1.00, 0.00","1.00, 0.00",0.00,"0.00%, 23.78%",0.00%,0.00,43,43
1,217,"1.00, 0.00","1.00, 0.00",0.00,"0.00%, -15.05%",0.00%,0.00,43,43
1,218,"1.00, 0.00","1.00, 0.00",0.00,"0.00%, 6.90%",0.00%,0.00,43,43
1,219,"1.00, 0.00","1.00, 0.00",0.00,"0.00%, -13.08%",0.00%,0.00,43,43
1,220,"1.00, 0.00","1.00, 0.00",0.00,"0.00%, -3.68%",0.00%,0.00,43,43
1,221,"1.00, 0.00","1.00, 0.00",0.00,"0.00%, 10.85%",0.00%,0.00,43,43
1,222,"1.00, 0.00","1.00, 0.00",0.00,"0.00%, 1.08%",0.00%,0.00,43,43
1,223,"1.00, 0.00","1.00, 0.00",0.00,"0.00%, -8.79%",0.00%,0.00,43,43
1,224,"1.00, 0.00","1.00, 0.00",0.00,"0.00%, -5.76%",0.00%,0.00,43,43
1,225,"1.00, 0.00","1.00, 0.00",0.00,"0.00%, 6.84%",0.00%,0.00,43,43
1,226,"1.00, 0.00","1.00, 0.00",0.00,"0.00%, -5.89%",0.00%,0.00,43,43
1,227,"1.00, 0.00","1.00, 0.00",0.00,"0.00%, 2.48%",0.00%,0.00,43,43
1,228,"1.00, 0.00","1.00, 0.00",0.00,"0.00%, 0.91%",0.00%,0.00,43,43
1,229,"1.00, 0.00","1.00, 0.00",0.00,"0.00%, -5.22%",0.00%,0.00,43,43
1,230,"1.00, 0.00","1.00, 0.00",0.00,"0.00%, 21.89%",0.00%,0.00,43,43
1,231,"1.00, 0.00","1.00, 0.00",0.00,"0.00%, 6.40%",0.00%,0.00,43,43
1,232,"1.00, 0.00","1.00, 0.00",0.00,"0.00%, -16.24%",0.00%,0.00,43,43
1,233,"1.00, 0.00","1.00, 0.00",0.00,"0.00%, 2.20%",0.00%,0.00,43,43
1,234,"1.00, 0.00","1.00, 0.00",0.00,"0.00%, -5.31%",0.00%,0.00,43,43
1,235,"1.00, 0.00","1.00, 0.00",0.00,"0.00%, 8.52%",0.00%,0.00,43,43
1,236,"1.00, 0.00","1.00, 0.00",0.00,"0.00%, -6.42%",0.00%,0.00,43,43
1,237,"1.00, 0.00","1.00, 0.00",0.00,"0.00%, -0.53%",0.00%,0.00,43,43
1,238,"1.00, 0.00","1.00, 0.00",0.00,"0.00%, 5.17%",0.00%,0.00,43,43
1,239,"1.00, 0.00","1.00, 0.00",0.00,"0.00%, 8.65%",0.00%,0.00,43,43
1,240,"1.00, 0.00","1.00, 0.00",0.00,"0.00%, -9.79%",0.00%,0.00,43,43
1,241,"1.00, 0.00","1.00, 0.00",0.00,"0.00%, -2.48%",0.00%,0.00,43,43
1,242,"1.00, 0.00","1.00, 0.00",0.00,"0.00%, -3.70%",0.00%,0.00,43,43
1,243,"1.00, 0.00","1.00, 0.00",0.00,"0.00%, -5.24%",0.00%,0.00,43,43
1,244,"1.00, 0.00","1.00, 0.00",0.00,"0.00%, 17.81%",0.00%,0.00,43,43
1,245,"1.00, 0.00","1.00, 0.00",0.00,"0.00%, 4.23%",0.00%,0.00,43,43
1,246,"1.00, 0.00","1.00, 0.00",0.00,"0.00%, -10.28%",0.00%,0.00,43,43
1,247,"1.00, 0.00","1.00, 0.00",0.00,"0.00%, 9.16%",0.00%,0.00,43,43
1,248,"1.00, 0.00","1.00, 0.00",0.00,"0.00%, 21.65%",0.00%,0.00,43,43
1,249,"1.00, 0.00","1.00, 0.00",0.00,"0.00%, 10.29%",0.00%,0.00,43,43
1,250,"1.00, 0.00","1.00, 0.00",0.00,"0.00%, -12.34%",0.00%,0.00,43,43
1,251,"1.00, 0.00","1.00, 0.00",0.00,"0.00%, -3.78%",0.00%,0.00,43,43
1,252,"1.00, 0.00","1.00, 0.00",0.00,"0.00%, 12.64%",0.00%,0.00,43,43
1,253,"1.00, 0.00","1.00, 0.00",0.00,"0.00%, -5.70%",0.00%,0.00,43,43
1,254,"1.00, 0.00","1.00, 0.00",0.00,"0.00%, 4.60%",0.00%,0.00,43,43
1,255,"1.00, 0.00","1.00, 0.00",0.00,"0.00%, 7.76%",0.00%,0.00,43,43
1,256,"1.00, 0.00","1.00, 0.00",0.00,"0.00%, -7.54%",0.00%,0.00,43,43
1,257,"1.00, 0.00","1.00, 0.00",0.00,"0.00%, -0.04%",0.00%,0.00,43,43
1,258,"1.00, 0.00","1.00, 0.00",0.00,"0.00%, -24.93%",0.00%,0.00,43,43
1,259,"1.00, 0.00","1.00, 0.00",0.00,"0.00%, -8.35%",0.00%,0.00,43,43
1,260,"1.00, 0.00","1.00, 0.00",0.00,"0.00%, -1.76%",0.00%,0.00,43,43
1,261,"1.00, 0.00","1.00, 0.00",0.00,"0.00%, -10.17%",0.00%,0.00,43,43
1,262,"1.00, 0.00","1.00, 0.00",0.00,"0.00%, 16.41%",0.00%,0.00,43,43
1,263,"1.00, 0.00","1.00, 0.00",0.00,"0.00%, -11.64%",0.00%,0.00,43,43
1,264,"1.00, 0.00","1.00, 0.00",0.00,"0.00%, -3.40%",0.00%,0.00,43,43
1,265,"1.00, 0.00","1.00, 0.00",0.00,"0.00%, 1.69%",0.00%,0.00,43,43
1,266,"1.00, 0.00","1.00, 0.00",0.00,"0.00%, 14.42%",0.00%,0.00,43,43
1,267,"1.00, 0.00","1.00, 0.00",0.00,"0.00%, -11.68%",0.00%,0.00,43,43
1,268,"1.00, 0.00","1.00, 0.00",0.00,"0.00%, 11.59%",0.00%,0.00,43,43
1,269,"1.00, 0.00","1.00, 0.00",0.00,"0.00%, 0.59%",0.00%,0.00,43,43
1,270,"1.00, 0.00","1.00, 0.00",0.00,"0.00%, -8.00%",0.00%,0.00,43,43
1,271,"1.00, 0.00","1.00, 0.00",0.00,"0.00%, 4.77%",0.00%,0.00,43,43
1,272,"1.00, 0.00","1.00, 0.00",0.00,"0.00%, 2.32%",0.00%,0.00,43,43
1,273,"1.00, 0.00","1.00, 0.00",0.00,"0.00%, -4.78%",0.00%,0.00,43,43
1,274,"1.00, 0.00","1.00, 0.00",0.00,"0.00%, 1.13%",0.00%,0.00,43,43
1,275,"1.00, 0.00","1.00, 0.00",0.00,"0.00%, -2.92%",0.00%,0.00,43,43
1,276,"1.00, 0.00","1.00, 0.00",0.00,"0.00%, 1.53%",0.00%,0.00,43,43
1,277,"1.00, 0.00","1.00, 0.00",0.00,"0.00%, 6.67%",0.00%,0.00,43,43
1,278,"1.00, 0.00","1.00, 0.00",0.00,"0.00%, 15.92%",0.00%,0.00,43,43
1,279,"1.00, 0.00","1.00, 0.00",0.00,"0.00%, -10.09%",0.00%,0.00,43,43
1,280,"1.00, 0.00","1.00, 0.00",0.00,"0.00%, 21.77%",0.00%,0.00,43,43
1,281,"1.00, 0.00","1.00, 0.00",0.00,"0.00%, -15.69%",0.00%,0.00,43,43
1,282,"1.00, 0.00","1.00, 0.00",0.00,"0.00%, -0.86%",0.00%,0.00,43,43
1,283,"1.00, 0.00","1.00, 0.00",0.00,"0.00%, 5.97%",0.00%,0.00,43,43
1,284,"1.00, 0.00","1.00, 0.00",0.00,"0.00%, 3.08%",0.00%,0.00,43,43
1,285,"1.00, 0.00","1.00, 0.00",0.00,"0.00%, -4.98%",0.00%,0.00,43,43
1,286,"1.00, 0.00","1.00, 0.00",0.00,"0.00%, -1.36%",0.00%,0.00,43,43
1,287,"1.00, 0.00","1.00, 0.00",0.00,"0.00%, -3.86%",0.00%,0.00,43,43
1,288,"1.00, 0.00","1.00, 0.00",0.00,"0.00%, -4.69%",0.00%,0.00,43,43
1,289,"1.00, 0.00","1.00, 0.00",0.00,"0.00%, 8.49%",0.00%,0.00,43,43
1,290,"1.00, 0.00","1.00, 0.00",0.00,"0.00%, 3.78%",0.00%,0.00,43,43
1,291,"1.00, 0.00","1.00, 0.00",0.00,"0.00%, -5.57%",0.00%,0.00,43,43
1,292,"1.00, 0.00","1.00, 0.00",0.00,"0.00%, 8.98%",0.00%,0.00,43,43
1,293,"1.00, 0.00","1.00, 0.00",0.00,"0.00%, 3.32%",0.00%,0.00,43,43
1,294,"1.00, 0.00","1.00, 0.00",0.00,"0.00%, 8.13%",0.00%,0.00,43,43
1,295,"1.00, 0.00","1.00, 0.00",0.00,"0.00%, 6.36%",0.00%,0.00,43,43
1,296,"1.00, 0.00","1.00, 0.00",0.00,"0.00%, -6.72%",0.00%,0.00,43,43
1,297,"1.00, 0.00","1.00, 0.00",0.00,"0.00%, -4.44%",0.00%,0.00,43,43
1,298,"1.00, 0.00","1.00, 0.00",0.00,"0.00%, 7.49%",0.00%,0.00,43,43
1,299,"1.00, 0.00","1.00, 0.00",0.00,"0.00%, 6.18%",0.00%,0.00,43,43
1,300,"1.00, 0.00","1.00, 0.00",0.00,"0.00%, 0.31%",0.00%,0.00,43,43
1,301,"1.00, 0.00","1.00, 0.00",0.00,"0.00%, 1.57%",0.00%,0.00,43,43
1,302,"1.00, 0.00","1.00, 0.00",0.00,"0.00%, 12.75%",0.00%,0.00,43,43
1,303,"1.00, 0.00","1.00, 0.00",0.00,"0.00%, -4.71%",0.00%,0.00,43,43
1,304,"1.00, 0.00","1.00, 0.00",0.00,"0.00%, 5.57%",0.00%,0.00,43,43
1,305,"1.00, 0.00","1.00, 0.00",0.00,"0.00%, -1.31%",0.00%,0.00,43,43
1,306,"1.00, 0.00","1.00, 0.00",0.00,"0.00%, -1.45%",0.00%,0.00,43,43
1,307,"1.00, 0.00","1.00, 0.00",0.00,"0.00%, 10.95%",0.00%,0.00,43,43
1,308,"1.00, 0.00","1.00, 0.00",0.00,"0.00%, 8.25%",0.00%,0.00,43,43
1,309,"1.00, 0.00","1.00, 0.00",0.00,"0.00%, 8.14%",0.00%,0.00,43,43
1,310,"1.00, 0.00","1.00, 0.00",0.00,"0.00%, 13.03%",0.00%,0.00,43,43
1,311,"1.00, 0.00","1.00, 0.00",0.00,"0.00%, 0.69%",0.00%,0.00,43,43
1,312,"1.00, 0.00","1.00, 0.00",0.00,"0.00%, 6.86%",0.00%,0.00,43,43
1,313,"1.00, 0.00","1.00, 0.00",0.00,"0.00%, -2.27%",0.00%,0.00,43,43
1,314,"1.00, 0.00","1.00, 0.00",0.00,"0.00%, 3.48%",0.00%,0.00,43,43
1,315,"1.00, 0.00","1.00, 0.00",0.00,"0.00%, -0.67%",0.00%,0.00,43,43
1,316,"1.00, 0.00","1.00, 0.00",0.00,"0.00%, 1.38%",0.00%,0.00,43,43
1,317,"1.00, 0.00","1.00, 0.00",0.00,"0.00%, 6.03%",0.00%,0.00,43,43
1,318,"1.00, 0.00","1.00, 0.00",0.00,"0.00%, -6.63%",0.00%,0.00,43,43
1,319,"1.00, 0.00","1.00, 0.00",0.00,"0.00%, 21.33%",0.00%,0.00,43,43
1,320,"1.00, 0.00","1.00, 0.00",0.00,"0.00%, -8.20%",0.00%,0.00,43,43
1,321,"1.00, 0.00","1.00, 0.00",0.00,"0.00%, -9.90%",0.00%,0.00,43,43
1,322,"1.00, 0.00","1.00, 0.00",0.00,"0.00%, 11.54%",0.00%,0.00,43,43
1,323,"1.00, 0.00","1.00, 0.00",0.00,"0.00%, 7.92%",0.00%,0.00,43,43
1,324,"1.00, 0.00","1.00, 0.00",0.00,"0.00%, 6.31%",0.00%,0.00,43,43
1,325,"1.00, 0.00","1.00, 0.00",0.00,"0.00%, 6.35%",0.00%,0.00,43,43
1,326,"1.00, 0.00","1.00, 0.00",0.00,"0.00%, 0.39%",0.00%,0.00,43,43
1,327,"1.00, 0.00","1.00, 0.00",0.00,"0.00%, -7.30%",0.00%,0.00,43,43
1,328,"1.00, 0.00","1.00, 0.00",0.00,"0.00%, 1.19%",0.00%,0.00,43,43
1,329,"1.00, 0.00","1.00, 0.00",0.00,"0.00%, -5.44%",0.00%,0.00,43,43
1,330,"1.00, 0.00","1.00, 0.00",0.00,"0.00%, 9.72%",0.00%,0.00,43,43
1,331,"1.00, 0.00","1.00, 0.00",0.00,"0.00%, -0.82%",0.00%,0.00,43,43
1,332,"1.00, 0.00","1.00, 0.00",0.00,"0.00%, -6.69%",0.00%,0.00,43,43
1,333,"1.00, 0.00","1.00, 0.00",0.00,"0.00%, -2.36%",0.00%,0.00,43,43
1,334,"1.00, 0.00","1.00, 0.00",0.00,"0.00%, 4.31%",0.00%,0.00,43,43
1,335,"1.00, 0.00","1.00, 0.00",0.00,"0.00%, -4.47%",0.00%,0.00,43,43
1,336,"1.00, 0.00","1.00, 0.00",0.00,"0.00%, -6.67%",0.00%,0.00,43,43
1,337,"1.00, 0.00","1.00, 0.00",0.00,"0.00%, 2.73%",0.00%,0.00,43,43
1,338,"1.00, 0.00","1.00, 0.00",0.00,"0.00%, 2.74%",0.00%,0.00,43,43
1,339,"1.00, 0.00","1.00, 0.00",0.00,"0.00%, -3.98%",0.00%,0.00,43,43
1,340,"1.00, 0.00","1.00, 0.00",0.00,"0.00%, -3.67%",0.00%,0.00,43,43
1,341,"1.00, 0.00","1.00, 0.00",0.00,"0.00%, 2.62%",0.00%,0.00,43,43
1,342,"1.00, 0.00","1.00, 0.00",0.00,"0.00%, -11.78%",0.00%,0.00,43,43
1,343,"1.00, 0.00","1.00, 0.00",0.00,"0.00%, -11.46%",0.00%,0.00,43,43
1,344,"1.00, 0.00","1.00, 0.00",0.00,"0.00%, -5.79%",0.00%,0.00,43,43
1,345,"1.00, 0.00","1.00, 0.00",0.00,"0.00%, -1.41%",0.00%,0.00,43,43
1,346,"1.00, 0.00","1.00, 0.00",0.00,"0.00%, 3.35%",0.00%,0.00,43,43
1,347,"1.00, 0.00","1.00, 0.00",0.00,"0.00%, 14.77%",0.00%,0.00,43,43
1,348,"1.00, 0.00","1.00, 0.00",0.00,"0.00%, 8.57%",0.00%,0.00,43,43
1,349,"1.00, 0.00","1.00, 0.00",0.00,"0.00%, -0.94%",0.00%,0.00,43,43
1,350,"1.00, 0.00","1.00, 0.00",0.00,"0.00%, 0.33%",0.00%,0.00,43,43
1,351,"1.00, 0.00","1.00, 0.00",0.00,"0.00%, -8.17%",0.00%,0.00,43,43
1,352,"1.00, 0.00","1.00, 0.00",0.00,"0.00%, 0.33%",0.00%,0.00,43,43
1,353,"1.00, 0.00","1.00, 0.00",0.00,"0.00%, -2.08%",0.00%,0.00,43,43
1,354,"1.00, 0.00","1.00, 0.00",0.00,"0.00%, 3.46%",0.00%,0.00,43,43
1,355,"1.00, 0.00","1.00, 0.00",0.00,"0.00%, -6.71%",0.00%,0.00,43,43
1,356,"1.00, 0.00","1.00, 0.00",0.00,"0.00%, 5.31%",0.00%,0.00,43,43
1,357,"1.00, 0.00","1.00, 0.00",0.00,"0.00%, 15.37%",0.00%,0.00,43,43
1,358,"1.00, 0.00","1.00, 0.00",0.00,"0.00%, -0.48%",0.00%,0.00,43,43
1,359,"1.00, 0.00","1.00, 0.00",0.00,"0.00%, 4.20%",0.00%,0.00,43,43
1,360,"1.00, 0.00","1.00, 0.00",0.00,"0.00%, 6.94%",0.00%,0.00,43,43
1,361,"1.00, 0.00","1.00, 0.00",0.00,"0.00%, -3.06%",0.00%,0.00,43,43
1,362,"1.00, 0.00","1.00, 0.00",0.00,"0.00%, 2.55%",0.00%,0.00,43,43
1,363,"1.00, 0.00","1.00, 0.00",0.00,"0.00%, 0.62%",0.00%,0.00,43,43
1,364,"1.00, 0.00","1.00, 0.00",0.00,"0.00%, 1.39%",0.00%,0.00,43,43
1,365,"1.00, 0.00","1.00, 0.00",0.00,"0.00%, -6.25%",0.00%,0.00,43,43
1,366,"1.00, 0.00","1.00, 0.00",0.00,"0.00%, 0.72%",0.00%,0.00,43,43
1,367,"1.00, 0.00","1.00, 0.00",0.00,"0.00%, 5.11%",0.00%,0.00,43,43
1,368,"1.00, 0.00","1.00, 0.00",0.00,"0.00%, 14.52%",0.00%,0.00,43,43
1,369,"1.00, 0.00","1.00, 0.00",0.00,"0.00%, 9.56%",0.00%,0.00,43,43
1,370,"1.00, 0.00","1.00, 0.00",0.00,"0.00%, 21.99%",0.00%,0.00,43,43
1,371,"1.00, 0.00","1.00, 0.00",0.00,"0.00%, -6.21%",0.00%,0.00,43,43
1,372,"1.00, 0.00","1.00, 0.00",0.00,"0.00%, 8.71%",0.00%,0.00,43,43
1,373,"1.00, 0.00","1.00, 0.00",0.00,"0.00%, 2.17%",0.00%,0.00,43,43
1,374,"1.00, 0.00","1.00, 0.00",0.00,"0.00%, 22.39%",0.00%,0.00,43,43
1,375,"1.00, 0.00","1.00, 0.00",0.00,"0.00%, -6.55%",0.00%,0.00,43,43
1,376,"1.00, 0.00","1.00, 0.00",0.00,"0.00%, -6.81%",0.00%,0.00,43,43
1,377,"1.00, 0.00","1.00, 0.00",0.00,"0.00%, -4.78%",0.00%,0.00,43,43
1,378,"1.00, 0.00","1.00, 0.00",0.00,"0.00%, -16.99%",0.00%,0.00,43,43
1,379,"1.00, 0.00","1.00, 0.00",0.00,"0.00%, -4.14%",0.00%,0.00,43,43
1,380,"1.00, 0.00","1.00, 0.00",0.00,"0.00%, -6.14%",0.00%,0.00,43,43
1,381,"1.00, 0.00","1.00, 0.00",0.00,"0.00%, 1.87%",0.00%,0.00,43,43
1,382,"1.00, 0.00","1.00, 0.00",0.00,"0.00%, 3.64%",0.00%,0.00,43,43
1,383,"1.00, 0.00","1.00, 0.00",0.00,"0.00%, 18.99%",0.00%,0.00,43,43
1,384,"1.00, 0.00","1.00, 0.00",0.00,"0.00%, 9.48%",0.00%,0.00,43,43
1,385,"1.00, 0.00","1.00, 0.00",0.00,"0.00%, -4.58%",0.00%,0.00,43,43
1,386,"1.00, 0.00","1.00, 0.00",0.00,"0.00%, -7.31%",0.00%,0.00,43,43
1,387,"1.00, 0.00","1.00, 0.00",0.00,"0.00%, 5.05%",0.00%,0.00,43,43
1,388,"1.00, 0.00","1.00, 0.00",0.00,"0.00%, -10.76%",0.00%,0.00,43,43
1,389,"1.00, 0.00","1.00, 0.00",0.00,"0.00%, 18.51%",0.00%,0.00,43,43
1,390,"1.00, 0.00","1.00, 0.00",0.00,"0.00%, 11.76%",0.00%,0.00,43,43
1,391,"1.00, 0.00","1.00, 0.00",0.00,"0.00%, -3.65%",0.00%,0.00,43,43
1,392,"1.00, 0.00","1.00, 0.00",0.00,"0.00%, -13.86%",0.00%,0.00,43,43
1,393,"1.00, 0.00","1.00, 0.00",0.00,"0.00%, 13.52%",0.00%,0.00,43,43
1,394,"1.00, 0.00","1.00, 0.00",0.00,"0.00%, -0.53%",0.00%,0.00,43,43
1,395,"1.00, 0.00","1.00, 0.00",0.00,"0.00%, 12.34%",0.00%,0.00,43,43
1,396,"1.00, 0.00","1.00, 0.00",0.00,"0.00%, -12.93%",0.00%,0.00,43,43
1,397,"1.00, 0.00","1.00, 0.00",0.00,"0.00%, -4.78%",0.00%,0.00,43,43
1,398,"1.00, 0.00","1.00, 0.00",0.00,"0.00%, 0.55%",0.00%,0.00,43,43
1,399,"1.00, 0.00","1.00, 0.00",0.00,"0.00%, 0.93%",0.00%,0.00,43,43
1,400,"1.00, 0.00","1.00, 0.00",0.00,"0.00%, -3.49%",0.00%,0.00,43,43
1,401,"1.00, 0.00","1.00, 0.00",0.00,"0.00%, 6.30%",0.00%,0.00,43,43
1,402,"1.00, 0.00","1.00, 0.00",0.00,"0.00%, -8.71%",0.00%,0.00,43,43
1,403,"1.00, 0.00","1.00, 0.00",0.00,"0.00%, -0.78%",0.00%,0.00,43,43
1,404,"1.00, 0.00","1.00, 0.00",0.00,"0.00%, 1.60%",0.00%,0.00,43,43
1,405,"1.00, 0.00","1.00, 0.00",0.00,"0.00%, 5.26%",0.00%,0.00,43,43
1,406,"1.00, 0.00","1.00, 0.00",0.00,"0.00%, 7.15%",0.00%,0.00,43,43
1,407,"1.00, 0.00","1.00, 0.00",0.00,"0.00%, -9.17%",0.00%,0.00,43,43
1,408,"1.00, 0.00","1.00, 0.00",0.00,"0.00%, -12.46%",0.00%,0.00,43,43
1,409,"1.00, 0.00","1.00, 0.00",0.00,"0.00%, 12.75%",0.00%,0.00,43,43
1,410,"1.00, 0.00","1.00, 0.00",0.00,"0.00%, 3.55%",0.00%,0.00,43,43
1,411,"1.00, 0.00","1.00, 0.00",0.00,"0.00%, -6.05%",0.00%,0.00,43,43
1,412,"1.00, 0.00","1.00, 0.00",0.00,"0.00%, 15.56%",0.00%,0.00,43,43
1,413,"1.00, 0.00","1.00, 0.00",0.00,"0.00%, 1.55%",0.00%,0.00,43,43
1,414,"1.00, 0.00","1.00, 0.00",0.00,"0.00%, 11.75%",0.00%,0.00,43,43
1,415,"1.00, 0.00","1.00, 0.00",0.00,"0.00%, 1.11%",0.00%,0.00,43,43
1,416,"1.00, 0.00","1.00, 0.00",0.00,"0.00%, 20.98%",0.00%,0.00,43,43
1,417,"1.00, 0.00","1.00, 0.00",0.00,"0.00%, 17.70%",0.00%,0.00,43,43
1,418,"1.00, 0.00","1.00, 0.00",0.00,"0.00%, -1.73%",0.00%,0.00,43,43
1,419,"1.00, 0.00","1.00, 0.00",0.00,"0.00%, 9.68%",0.00%,0.00,43,43
1,420,"1.00, 0.00","1.00, 0.00",0.00,"0.00%, 6.51%",0.00%,0.00,43,43
1,421,"1.00, 0.00","1.00, 0.00",0.00,"0.00%, 13.68%",0.00%,0.00,43,43
1,422,"1.00, 0.00","1.00, 0.00",0.00,"0.00%, -7.86%",0.00%,0.00,43,43
1,423,"1.00, 0.00","1.00, 0.00",0.00,"0.00%, 6.90%",0.00%,0.00,43,43
1,424,"1.00, 0.00","1.00, 0.00",0.00,"0.00%, 10.55%",0.00%,0.00,43,43
1,425,"1.00, 0.00","1.00, 0.00",0.00,"0.00%, -14.21%",0.00%,0.00,43,43
1,426,"1.00, 0.00","1.00, 0.00",0.00,"0.00%, -9.65%",0.00%,0.00,43,43
1,427,"1.00, 0.00","1.00, 0.00",0.00,"0.00%, -16.35%",0.00%,0.00,43,43
1,428,"1.00, 0.00","1.00, 0.00",0.00,"0.00%, -1.91%",0.00%,0.00,43,43
1,429,"1.00, 0.00","1.00, 0.00",0.00,"0.00%, 7.21%",0.00%,0.00,43,43
1,430,"1.00, 0.00","1.00, 0.00",0.00,"0.00%, 15.05%",0.00%,0.00,43,43
1,431,"1.00, 0.00","1.00, 0.00",0.00,"0.00%, 1.17%",0.00%,0.00,43,43
1,432,"1.00, 0.00","1.00, 0.00",0.00,"0.00%, 16.37%",0.00%,0.00,43,43
1,433,"1.00, 0.00","1.00, 0.00",0.00,"0.00%, -11.24%",0.00%,0.00,43,43
1,434,"1.00, 0.00","1.00, 0.00",0.00,"0.00%, -13.78%",0.00%,0.00,43,43
1,435,"1.00, 0.00","1.00, 0.00",0.00,"0.00%, 0.00%",0.00%,0.00,43,43
1,436,"1.00, 0.00","1.00, 0.00",0.00,"0.00%, 4.04%",0.00%,0.00,43,43
1,437,"1.00, 0.00","1.00, 0.00",0.00,"0.00%, 0.21%",0.00%,0.00,43,43
1,438,"1.00, 0.00","1.00, 0.00",0.00,"0.00%, -16.56%",0.00%,0.00,43,43
1,439,"1.00, 0.00","1.00, 0.00",0.00,"0.00%, -0.30%",0.00%,0.00,43,43
1,440,"1.00, 0.00","1.00, 0.00",0.00,"0.00%, -10.63%",0.00%,0.00,43,43
1,441,"1.00, 0.00","1.00, 0.00",0.00,"0.00%, 6.74%",0.00%,0.00,43,43
1,442,"1.00, 0.00","1.00, 0.00",0.00,"0.00%, 3.87%",0.00%,0.00,43,43
1,443,"1.00, 0.00","1.00, 0.00",0.00,"0.00%, -7.65%",0.00%,0.00,43,43
1,444,"1.00, 0.00","1.00, 0.00",0.00,"0.00%, -4.04%",0.00%,0.00,43,43
1,445,"1.00, 0.00","1.00, 0.00",0.00,"0.00%, -8.64%",0.00%,0.00,43,43
1,446,"1.00, 0.00","1.00, 0.00",0.00,"0.00%, -0.06%",0.00%,0.00,43,43
1,447,"1.00, 0.00","1.00, 0.00",0.00,"0.00%, 9.52%",0.00%,0.00,43,43
1,448,"1.00, 0.00","1.00, 0.00",0.00,"0.00%, -8.03%",0.00%,0.00,43,43
1,449,"1.00, 0.00","1.00, 0.00",0.00,"0.00%, 5.17%",0.00%,0.00,43,43
1,450,"1.00, 0.00","1.00, 0.00",0.00,"0.00%, -4.18%",0.00%,0.00,43,43
1,451,"1.00, 0.00","1.00, 0.00",0.00,"0.00%, -6.42%",0.00%,0.00,43,43
1,452,"1.00, 0.00","1.00, 0.00",0.00,"0.00%, -0.46%",0.00%,0.00,43,43
1,453,"1.00, 0.00","1.00, 0.00",0.00,"0.00%, -8.44%",0.00%,0.00,43,43
1,454,"1.00, 0.00","1.00, 0.00",0.00,"0.00%, -4.38%",0.00%,0.00,43,43
1,455,"1.00, 0.00","1.00, 0.00",0.00,"0.00%, -9.77%",0.00%,0.00,43,43
1,456,"1.00, 0.00","1.00, 0.00",0.00,"0.00%, 19.94%",0.00%,0.00,43,43
1,457,"1.00, 0.00","1.00, 0.00",0.00,"0.00%, 0.82%",0.00%,0.00,43,43
1,458,"1.00, 0.00","1.00, 0.00",0.00,"0.00%, -5.63%",0.00%,0.00,43,43
1,459,"1.00, 0.00","1.00, 0.00",0.00,"0.00%, 2.46%",0.00%,0.00,43,43
1,460,"1.00, 0.00","1.00, 0.00",0.00,"0.00%, -0.51%",0.00%,0.00,43,43
1,461,"1.00, 0.00","1.00, 0.00",0.00,"0.00%, -1.48%",0.00%,0.00,43,43
1,462,"1.00, 0.00","1.00, 0.00",0.00,"0.00%, 6.21%",0.00%,0.00,43,43
1,463,"1.00, 0.00","1.00, 0.00",0.00,"0.00%, 7.59%",0.00%,0.00,43,43
1,464,"1.00, 0.00","1.00, 0.00",0.00,"0.00%, -4.18%",0.00%,0.00,43,43
1,465,"1.00, 0.00","1.00, 0.00",0.00,"0.00%, -4.57%",0.00%,0.00,43,43
1,466,"1.00, 0.00","1.00, 0.00",0.00,"0.00%, -1.96%",0.00%,0.00,43,43
1,467,"1.00, 0.00","1.00, 0.00",0.00,"0.00%, -18.30%",0.00%,0.00,43,43
1,468,"1.00, 0.00","1.00, 0.00",0.00,"0.00%, -12.31%",0.00%,0.00,43,43
1,469,"1.00, 0.00","1.00, 0.00",0.00,"0.00%, 13.66%",0.00%,0.00,43,43
1,470,"1.00, 0.00","1.00, 0.00",0.00,"0.00%, 16.54%",0.00%,0.00,43,43
1,471,"1.00, 0.00","1.00, 0.00",0.00,"0.00%, -1.73%",0.00%,0.00,43,43
1,472,"1.00, 0.00","1.00, 0.00",0.00,"0.00%, 5.85%",0.00%,0.00,43,43
1,473,"1.00, 0.00","1.00, 0.00",0.00,"0.00%, 3.36%",0.00%,0.00,43,43
1,474,"1.00, 0.00","1.00, 0.00",0.00,"0.00%, 32.59%",0.00%,0.00,43,43
1,475,"1.00, 0.00","1.00, 0.00",0.00,"0.00%, 11.16%",0.00%,0.00,43,43
1,476,"1.00, 0.00","1.00, 0.00",0.00,"0.00%, -0.65%",0.00%,0.00,43,43
1,477,"1.00, 0.00","1.00, 0.00",0.00,"0.00%, -7.78%",0.00%,0.00,43,43
1,478,"1.00, 0.00","1.00, 0.00",0.00,"0.00%, -13.03%",0.00%,0.00,43,43
1,479,"1.00, 0.00","1.00, 0.00",0.00,"0.00%, 2.36%",0.00%,0.00,43,43
1,480,"1.00, 0.00","1.00, 0.00",0.00,"0.00%, -6.11%",0.00%,0.00,43,43
1,481,"1.00, 0.00","1.00, 0.00",0.00,"0.00%, -11.57%",0.00%,0.00,43,43
1,482,"1.00, 0.00","1.00, 0.00",0.00,"0.00%, -5.18%",0.00%,0.00,43,43
1,483,"1.00, 0.00","1.00, 0.00",0.00,"0.00%, -8.82%",0.00%,0.00,43,43
1,484,"1.00, 0.00","1.00, 0.00",0.00,"0.00%, 16.98%",0.00%,0.00,43,43
1,485,"1.00, 0.00","1.00, 0.00",0.00,"0.00%, 8.80%",0.00%,0.00,43,43
1,486,"1.00, 0.00","1.00, 0.00",0.00,"0.00%, 0.43%",0.00%,0.00,43,43
1,487,"1.00, 0.00","1.00, 0.00",0.00,"0.00%, 14.82%",0.00%,0.00,43,43
1,488,"1.00, 0.00","1.00, 0.00",0.00,"0.00%, 1.20%",0.00%,0.00,43,43
1,489,"1.00, 0.00","1.00, 0.00",0.00,"0.00%, -6.99%",0.00%,0.00,43,43
1,490,"1.00, 0.00","1.00, 0.00",0.00,"0.00%, 15.27%",0.00%,0.00,43,43
1,491,"1.00, 0.00","1.00, 0.00",0.00,"0.00%, 5.50%",0.00%,0.00,43,43
1,492,"1.00, 0.00","1.00, 0.00",0.00,"0.00%, -8.46%",0.00%,0.00,43,43
1,493,"1.00, 0.00","1.00, 0.00",0.00,"0.00%, -1.21%",0.00%,0.00,43,43
1,494,"1.00, 0.00","1.00, 0.00",0.00,"0.00%, -7.11%",0.00%,0.00,43,43
1,495,"1.00, 0.00","1.00, 0.00",0.00,"0.00%, -11.26%",0.00%,0.00,43,43
1,496,"1.00, 0.00","1.00, 0.00",0.00,"0.00%, 9.24%",0.00%,0.00,43,43
1,497,"1.00, 0.00","1.00, 0.00",0.00,"0.00%, 19.34%",0.00%,0.00,43,43
1,498,"1.00, 0.00","1.00, 0.00",0.00,"0.00%, -11.39%",0.00%,0.00,43,43
1,499,"1.00, 0.00","1.00, 0.00",0.00,"0.00%, 5.72%",0.00%,0.00,43,43
2,0,"0.50, 0.50","0.50, 0.50",0.00,"0.00%, -1.59%",-0.80%,-0.80,100,99
2,1,"1.00, 0.00","1.00, 0.00",0.99,"0.00%, -1.59%",0.00%,-1.98,99,98
2,2,"1.00, 0.00","1.00, 0.00",0.00,"0.00%, 15.85%",0.00%,0.00,98,98
2,3,"1.00, 0.00","1.00, 0.00",0.00,"0.00%, 7.69%",0.00%,0.00,98,98
2,4,"1.00, 0.00","1.00, 0.00",0.00,"0.00%, -3.66%",0.00%,0.00,98,98
2,5,"1.00, 0.00","1.00, 0.00",0.00,"0.00%, 5.53%",0.00%,0.00,98,98
2,6,"1.00, 0.00","1.00, 0.00",0.00,"0.00%, -3.60%",0.00%,0.00,98,98
2,7,"1.00, 0.00","1.00, 0.00",0.00,"0.00%, -3.62%",0.00%,0.00,98,98
2,8,"1.00, 0.00","1.00, 0.00",0.00,"0.00%, 2.71%",0.00%,0.00,98,98
2,9,"1.00, 0.00","1.00, 0.00",0.00,"0.00%, -15.40%",0.00%,0.00,98,98
2,10,"1.00, 0.00","1.00, 0.00",0.00,"0.00%, -13.95%",0.00%,0.00,98,98
2,11,"1.00, 0.00","1.00, 0.00",0.00,"0.00%, -4.46%",0.00%,0.00,98,98
2,12,"1.00, 0.00","1.00, 0.00",0.00,"0.00%, -8.25%",0.00%,0.00,98,98
2,13,"1.00, 0.00","1.00, 0.00",0.00,"0.00%, 3.38%",0.00%,0.00,98,98
2,14,"1.00, 0.00","1.00, 0.00",0.00,"0.00%, -7.39%",0.00%,0.00,98,98
2,15,"1.00, 0.00","1.00, 0.00",0.00,"0.00%, -11.49%",0.00%,0.00,98,98
2,16,"1.00, 0.00","1.00, 0.00",0.00,"0.00%, 14.67%",0.00%,0.00,98,98
2,17,"1.00, 0.00","1.00, 0.00",0.00,"0.00%, -1.52%",0.00%,0.00,98,98
2,18,"1.00, 0.00","1.00, 0.00",0.00,"0.00%, 1.11%",0.00%,0.00,98,98
2,19,"1.00, 0.00","1.00, 0.00",0.00,"0.00%, -11.59%",0.00%,0.00,98,98
2,20,"1.00, 0.00","1.00, 0.00",0.00,"0.00%, -4.30%",0.00%,0.00,98,98
2,21,"1.00, 0.00","1.00, 0.00",0.00,"0.00%, 1.51%",0.00%,0.00,98,98
2,22,"1.00, 0.00","1.00, 0.00",0.00,"0.00%, -9.39%",0.00%,0.00,98,98
2,23,"1.00, 0.00","1.00, 0.00",0.00,"0.00%, 3.96%",0.00%,0.00,98,98
2,24,"1.00, 0.00","1.00, 0.00",0.00,"0.00%, -4.79%",0.00%,0.00,98,98
2,25,"1.00, 0.00","1.00, 0.00",0.00,"0.00%, -2.10%",0.00%,0.00,98,98
2,26,"1.00, 0.00","1.00, 0.00",0.00,"0.00%, -4.80%",0.00%,0.00,98,98
2,27,"1.00, 0.00","1.00, 0.00",0.00,"0.00%, 18.73%",0.00%,0.00,98,98
2,28,"1.00, 0.00","1.00, 0.00",0.00,"0.00%, 0.38%",0.00%,0.00,98,98
2,29,"1.00, 0.00","1.00, 0.00",0.00,"0.00%, -8.62%",0.00%,0.00,98,98
2,30,"1.00, 0.00","1.00, 0.00",0.00,"0.00%, 8.22%",0.00%,0.00,98,98
2,31,"1.00, 0.00","1.00, 0.00",0.00,"0.00%, -9.96%",0.00%,0.00,98,98
2,32,"1.00, 0.00","1.00, 0.00",0.00,"0.00%, 2.41%",0.00%,0.00,98,98
2,33,"1.00, 0.00","1.00, 0.00",0.00,"0.00%, -15.75%",0.00%,0.00,98,98
2,34,"1.00, 0.00","1.00, 0.00",0.00,"0.00%, -10.82%",0.00%,0.00,98,98
2,35,"1.00, 0.00","1.00, 0.00",0.00,"0.00%, 2.30%",0.00%,0.00,98,98
2,36,"1.00, 0.00","1.00, 0.00",0.00,"0.00%, 7.41%",0.00%,0.00,98,98
2,37,"1.00, 0.00","1.00, 0.00",0.00,"0.00%, 2.06%",0.00%,0.00,98,98
2,38,"1.00, 0.00","1.00, 0.00",0.00,"0.00%, -0.54%",0.00%,0.00,98,98
2,39,"1.00, 0.00","1.00, 0.00",0.00,"0.00%, -2.19%",0.00%,0.00,98,98
2,40,"1.00, 0.00","1.00, 0.00",0.00,"0.00%, -12.02%",0.00%,0.00,98,98
2,41,"1.00, 0.00","1.00, 0.00",0.00,"0.00%, -5.80%",0.00%,0.00,98,98
2,42,"1.00, 0.00","1.00, 0.00",0.00,"0.00%, -3.58%",0.00%,0.00,98,98
2,43,"1.00, 0.00","1.00, 0.00",0.00,"0.00%, 10.53%",0.00%,0.00,98,98
2,44,"1.00, 0.00","1.00, 0.00",0.00,"0.00%, 3.66%",0.00%,0.00,98,98
2,45,"1.00, 0.00","1.00, 0.00",0.00,"0.00%, -14.24%",0.00%,0.00,98,98
2,46,"1.00, 0.00","1.00, 0.00",0.00,"0.00%, 3.48%",0.00%,0.00,98,98
2,47,"1.00, 0.00","1.00, 0.00",0.00,"0.00%, -2.92%",0.00%,0.00,98,98
2,48,"1.00, 0.00","1.00, 0.00",0.00,"0.00%, -5.44%",0.00%,0.00,98,98
2,49,"1.00, 0.00","1.00, 0.00",0.00,"0.00%, 6.19%",0.00%,0.00,98,98
2,50,"1.00, 0.00","1.00, 0.00",0.00,"0.00%, 10.27%",0.00%,0.00,98,98
2,51,"1.00, 0.00","1.00, 0.00",0.00,"0.00%, 9.29%",0.00%,0.00,98,98
2,52,"1.00, 0.00","1.00, 0.00",0.00,"0.00%, -6.81%",0.00%,0.00,98,98
2,53,"1.00, 0.00","1.00, 0.00",0.00,"0.00%, -2.26%",0.00%,0.00,98,98
2,54,"1.00, 0.00","1.00, 0.00",0.00,"0.00%, 3.54%",0.00%,0.00,98,98
2,55,"1.00, 0.00","1.00, 0.00",0.00,"0.00%, 9.72%",0.00%,0.00,98,98
2,56,"1.00, 0.00","1.00, 0.00",0.00,"0.00%, -3.74%",0.00%,0.00,98,98
2,57,"1.00, 0.00","1.00, 0.00",0.00,"0.00%, -1.16%",0.00%,0.00,98,98
2,58,"1.00, 0.00","1.00, 0.00",0.00,"0.00%, -9.02%",0.00%,0.00,98,98
2,59,"1.00, 0.00","1.00, 0.00",0.00,"0.00%, -9.76%",0.00%,0.00,98,98
2,60,"1.00, 0.00","1.00, 0.00",0.00,"0.00%, 8.13%",0.00%,0.00,98,98
2,61,"1.00, 0.00","1.00, 0.00",0.00,"0.00%, 13.55%",0.00%,0.00,98,98
2,62,"1.00, 0.00","1.00, 0.00",0.00,"0.00%, -0.15%",0.00%,0.00,98,98
2,63,"1.00, 0.00","1.00, 0.00",0.00,"0.00%, 10.00%",0.00%,0.00,98,98
2,64,"1.00, 0.00","1.00, 0.00",0.00,"0.00%, 3.83%",0.00%,0.00,98,98
2,65,"1.00, 0.00","1.00, 0.00",0.00,"0.00%, -5.17%",0.00%,0.00,98,98
2,66,"1.00, 0.00","1.00, 0.00",0.00,"0.00%, 3.82%",0.00%,0.00,98,98
2,67,"1.00, 0.00","1.00, 0.00",0.00,"0.00%, 15.42%",0.00%,0.00,98,98
2,68,"1.00, 0.00","1.00, 0.00",0.00,"0.00%, 0.18%",0.00%,0.00,98,98
2,69,"1.00, 0.00","1.00, 0.00",0.00,"0.00%, 15.70%",0.00%,0.00,98,98
2,70,"1.00, 0.00","1.00, 0.00",0.00,"0.00%, -20.61%",0.00%,0.00,98,98
2,71,"1.00, 0.00","1.00, 0.00",0.00,"0.00%, 8.22%",0.00%,0.00,98,98
2,72,"1.00, 0.00","1.00, 0.00",0.00,"0.00%, 1.29%",0.00%,0.00,98,98
2,73,"1.00, 0.00","1.00, 0.00",0.00,"0.00%, -2.17%",0.00%,0.00,98,98
2,74,"1.00, 0.00","1.00, 0.00",0.00,"0.00%, 1.33%",0.00%,0.00,98,98
2,75,"1.00, 0.00","1.00, 0.00",0.00,"0.00%, -15.96%",0.00%,0.00,98,98
2,76,"1.00, 0.00","1.00, 0.00",0.00,"0.00%, -1.47%",0.00%,0.00,98,98
2,77,"1.00, 0.00","1.00, 0.00",0.00,"0.00%, 3.78%",0.00%,0.00,98,98
2,78,"1.00, 0.00","1.00, 0.00",0.00,"0.00%, 14.80%",0.00%,0.00,98,98
2,79,"1.00, 0.00","1.00, 0.00",0.00,"0.00%, -4.08%",0.00%,0.00,98,98
2,80,"1.00, 0.00","1.00, 0.00",0.00,"0.00%, -6.55%",0.00%,0.00,98,98
2,81,"1.00, 0.00","1.00, 0.00",0.00,"0.00%, -3.94%",0.00%,0.00,98,98
2,82,"1.00, 0.00","1.00, 0.00",0.00,"0.00%, 9.13%",0.00%,0.00,98,98
2,83,"1.00, 0.00","1.00, 0.00",0.00,"0.00%, 3.52%",0.00%,0.00,98,98
2,84,"1.00, 0.00","1.00, 0.00",0.00,"0.00%, -4.18%",0.00%,0.00,98,98
2,85,"1.00, 0.00","1.00, 0.00",0.00,"0.00%, 5.25%",0.00%,0.00,98,98
2,86,"1.00, 0.00","1.00, 0.00",0.00,"0.00%, 1.38%",0.00%,0.00,98,98
2,87,"1.00, 0.00","1.00, 0.00",0.00,"0.00%, 9.66%",0.00%,0.00,98,98
2,88,"1.00, 0.00","1.00, 0.00",0.00,"0.00%, -5.65%",0.00%,0.00,98,98
2,89,"1.00, 0.00","1.00, 0.00",0.00,"0.00%, -2.42%",0.00%,0.00,98,98
2,90,"1.00, 0.00","1.00, 0.00",0.00,"0.00%, -2.98%",0.00%,0.00,98,98
2,91,"1.00, 0.00","1.00, 0.00",0.00,"0.00%, -11.90%",0.00%,0.00,98,98
2,92,"1.00, 0.00","1.00, 0.00",0.00,"0.00%, 3.22%",0.00%,0.00,98,98
2,93,"1.00, 0.00","1.00, 0.00",0.00,"0.00%, 2.89%",0.00%,0.00,98,98
2,94,"1.00, 0.00","1.00, 0.00",0.00,"0.00%, 0.55%",0.00%,0.00,98,98
2,95,"1.00, 0.00","1.00, 0.00",0.00,"0.00%, -1.60%",0.00%,0.00,98,98
2,96,"1.00, 0.00","1.00, 0.00",0.00,"0.00%, -11.52%",0.00%,0.00,98,98
2,97,"1.00, 0.00","1.00, 0.00",0.00,"0.00%, -3.23%",0.00%,0.00,98,98
2,98,"1.00, 0.00","1.00, 0.00",0.00,"0.00%, -2.55%",0.00%,0.00,98,98
2,99,"1.00, 0.00","1.00, 0.00",0.00,"0.00%, -6.50%",0.00%,0.00,98,98
2,100,"1.00, 0.00","1.00, 0.00",0.00,"0.00%, -0.95%",0.00%,0.00,98,98
2,101,"1.00, 0.00","1.00, 0.00",0.00,"0.00%, 4.22%",0.00%,0.00,98,98
2,102,"1.00, 0.00","1.00, 0.00",0.00,"0.00%, 19.10%",0.00%,0.00,98,98
2,103,"1.00, 0.00","1.00, 0.00",0.00,"0.00%, 2.09%",0.00%,0.00,98,98
2,104,"1.00, 0.00","1.00, 0.00",0.00,"0.00%, 2.86%",0.00%,0.00,98,98
2,105,"1.00, 0.00","1.00, 0.00",0.00,"0.00%, -0.17%",0.00%,0.00,98,98
2,106,"1.00, 0.00","1.00, 0.00",0.00,"0.00%, -15.44%",0.00%,0.00,98,98
2,107,"1.00, 0.00","1.00, 0.00",0.00,"0.00%, 0.26%",0.00%,0.00,98,98
2,108,"1.00, 0.00","1.00, 0.00",0.00,"0.00%, 1.05%",0.00%,0.00,98,98
2,109,"1.00, 0.00","1.00, 0.00",0.00,"0.00%, 25.44%",0.00%,0.00,98,98
2,110,"1.00, 0.00","1.00, 0.00",0.00,"0.00%, -1.22%",0.00%,0.00,98,98
2,111,"1.00, 0.00","1.00, 0.00",0.00,"0.00%, 3.27%",0.00%,0.00,98,98
2,112,"1.00, 0.00","1.00, 0.00",0.00,"0.00%, 0.19%",0.00%,0.00,98,98
2,113,"1.00, 0.00","1.00, 0.00",0.00,"0.00%, -9.53%",0.00%,0.00,98,98
2,114,"1.00, 0.00","1.00, 0.00",0.00,"0.00%, 11.39%",0.00%,0.00,98,98
2,115,"1.00, 0.00","1.00, 0.00",0.00,"0.00%, 7.54%",0.00%,0.00,98,98
2,116,"1.00, 0.00","1.00, 0.00",0.00,"0.00%, 7.92%",0.00%,0.00,98,98
2,117,"1.00, 0.00","1.00, 0.00",0.00,"0.00%, -7.40%",0.00%,0.00,98,98
2,118,"1.00, 0.00","1.00, 0.00",0.00,"0.00%, 14.03%",0.00%,0.00,98,98
2,119,"1.00, 0.00","1.00, 0.00",0.00,"0.00%, -11.41%",0.00%,0.00,98,98
2,120,"1.00, 0.00","1.00, 0.00",0.00,"0.00%, 5.95%",0.00%,0.00,98,98
2,121,"1.00, 0.00","1.00, 0.00",0.00,"0.00%, 22.40%",0.00%,0.00,98,98
2,122,"1.00, 0.00","1.00, 0.00",0.00,"0.00%, -8.07%",0.00%,0.00,98,98
2,123,"1.00, 0.00","1.00, 0.00",0.00,"0.00%, -4.49%",0.00%,0.00,98,98
2,124,"1.00, 0.00","1.00, 0.00",0.00,"0.00%, 1.41%",0.00%,0.00,98,98
2,125,"1.00, 0.00","1.00, 0.00",0.00,"0.00%, -3.95%",0.00%,0.00,98,98
2,126,"1.00, 0.00","1.00, 0.00",0.00,"0.00%, -12.59%",0.00%,0.00,98,98
2,127,"1.00, 0.00","1.00, 0.00",0.00,"0.00%, 1.12%",0.00%,0.00,98,98
2,128,"1.00, 0.00","1.00, 0.00",0.00,"0.00%, -8.66%",0.00%,0.00,98,98
2,129,"1.00, 0.00","1.00, 0.00",0.00,"0.00%, 4.88%",0.00%,0.00,98,98
2,130,"1.00, 0.00","1.00, 0.00",0.00,"0.00%, -7.48%",0.00%,0.00,98,98
2,131,"1.00, 0.00","1.00, 0.00",0.00,"0.00%, 15.55%",0.00%,0.00,98,98
2,132,"1.00, 0.00","1.00, 0.00",0.00,"0.00%, -6.34%",0.00%,0.00,98,98
2,133,"1.00, 0.00","1.00, 0.00",0.00,"0.00%, -2.37%",0.00%,0.00,98,98
2,134,"1.00, 0.00","1.00, 0.00",0.00,"0.00%, 8.14%",0.00%,0.00,98,98
2,135,"1.00, 0.00","1.00, 0.00",0.00,"0.00%, -10.04%",0.00%,0.00,98,98
2,136,"1.00, 0.00","1.00, 0.00",0.00,"0.00%, 2.58%",0.00%,0.00,98,98
2,137,"1.00, 0.00","1.00, 0.00",0.00,"0.00%, 13.05%",0.00%,0.00,98,98
2,138,"1.00, 0.00","1.00, 0.00",0.00,"0.00%, -13.04%",0.00%,0.00,98,98
2,139,"1.00, 0.00","1.00, 0.00",0.00,"0.00%, 2.19%",0.00%,0.00,98,98
2,140,"1.00, 0.00","1.00, 0.00",0.00,"0.00%, 2.88%",0.00%,0.00,98,98
2,141,"1.00, 0.00","1.00, 0.00",0.00,"0.00%, 7.83%",0.00%,0.00,98,98
2,142,"1.00, 0.00","1.00, 0.00",0.00,"0.00%, -10.09%",0.00%,0.00,98,98
2,143,"1.00, 0.00","1.00, 0.00",0.00,"0.00%, -10.76%",0.00%,0.00,98,98
2,144,"1.00, 0.00","1.00, 0.00",0.00,"0.00%, 5.33%",0.00%,0.00,98,98
2,145,"1.00, 0.00","1.00, 0.00",0.00,"0.00%, 3.22%",0.00%,0.00,98,98
2,146,"1.00, 0.00","1.00, 0.00",0.00,"0.00%, 2.79%",0.00%,0.00,98,98
2,147,"1.00, 0.00","1.00, 0.00",0.00,"0.00%, 3.68%",0.00%,0.00,98,98
2,148,"1.00, 0.00","1.00, 0.00",0.00,"0.00%, -5.47%",0.00%,0.00,98,98
2,149,"1.00, 0.00","1.00, 0.00",0.00,"0.00%, 2.62%",0.00%,0.00,98,98
2,150,"1.00, 0.00","1.00, 0.00",0.00,"0.00%, 3.19%",0.00%,0.00,98,98
2,151,"1.00, 0.00","1.00, 0.00",0.00,"0.00%, -5.76%",0.00%,0.00,98,98
2,152,"1.00, 0.00","1.00, 0.00",0.00,"0.00%, 18.88%",0.00%,0.00,98,98
2,153,"1.00, 0.00","1.00, 0.00",0.00,"0.00%, 4.88%",0.00%,0.00,98,98
2,154,"1.00, 0.00","1.00, 0.00",0.00,"0.00%, -9.72%",0.00%,0.00,98,98
2,155,"1.00, 0.00","1.00, 0.00",0.00,"0.00%, 6.62%",0.00%,0.00,98,98
2,156,"1.00, 0.00","1.00, 0.00",0.00,"0.00%, -7.94%",0.00%,0.00,98,98
2,157,"1.00, 0.00","1.00, 0.00",0.00,"0.00%, 7.88%",0.00%,0.00,98,98
2,158,"1.00, 0.00","1.00, 0.00",0.00,"0.00%, 11.55%",0.00%,0.00,98,98
2,159,"1.00, 0.00","1.00, 0.00",0.00,"0.00%, -6.65%",0.00%,0.00,98,98
2,160,"1.00, 0.00","1.00, 0.00",0.00,"0.00%, 9.60%",0.00%,0.00,98,98
2,161,"1.00, 0.00","1.00, 0.00",0.00,"0.00%, 4.31%",0.00%,0.00,98,98
2,162,"1.00, 0.00","1.00, 0.00",0.00,"0.00%, 8.22%",0.00%,0.00,98,98
2,163,"1.00, 0.00","1.00, 0.00",0.00,"0.00%, 19.21%",0.00%,0.00,98,98
2,164,"1.00, 0.00","1.00, 0.00",0.00,"0.00%, -1.69%",0.00%,0.00,98,98
2,165,"1.00, 0.00","1.00, 0.00",0.00,"0.00%, -6.09%",0.00%,0.00,98,98
2,166,"1.00, 0.00","1.00, 0.00",0.00,"0.00%, -7.23%",0.00%,0.00,98,98
2,167,"1.00, 0.00","1.00, 0.00",0.00,"0.00%, -6.61%",0.00%,0.00,98,98
2,168,"1.00, 0.00","1.00, 0.00",0.00,"0.00%, -0.19%",0.00%,0.00,98,98
2,169,"1.00, 0.00","1.00, 0.00",0.00,"0.00%, 3.63%",0.00%,0.00,98,98
2,170,"1.00, 0.00","1.00, 0.00",0.00,"0.00%, 3.04%",0.00%,0.00,98,98
2,171,"1.00, 0.00","1.00, 0.00",0.00,"0.00%, 8.27%",0.00%,0.00,98,98
2,172,"1.00, 0.00","1.00, 0.00",0.00,"0.00%, 0.62%",0.00%,0.00,98,98
2,173,"1.00, 0.00","1.00, 0.00",0.00,"0.00%, 14.55%",0.00%,0.00,98,98
2,174,"1.00, 0.00","1.00, 0.00",0.00,"0.00%, -1.86%",0.00%,0.00,98,98
2,175,"1.00, 0.00","1.00, 0.00",0.00,"0.00%, 28.38%",0.00%,0.00,98,98
2,176,"1.00, 0.00","1.00, 0.00",0.00,"0.00%, 6.32%",0.00%,0.00,98,98
2,177,"1.00, 0.00","1.00, 0.00",0.00,"0.00%, -6.96%",0.00%,0.00,98,98
2,178,"1.00, 0.00","1.00, 0.00",0.00,"0.00%, -8.73%",0.00%,0.00,98,98
2,179,"1.00, 0.00","1.00, 0.00",0.00,"0.00%, 4.96%",0.00%,0.00,98,98
2,180,"1.00, 0.00","1.00, 0.00",0.00,"0.00%, -1.50%",0.00%,0.00,98,98
2,181,"1.00, 0.00","1.00, 0.00",0.00,"0.00%, 7.17%",0.00%,0.00,98,98
2,182,"1.00, 0.00","1.00, 0.00",0.00,"0.00%, 4.87%",0.00%,0.00,98,98
2,183,"1.00, 0.00","1.00, 0.00",0.00,"0.00%, -0.16%",0.00%,0.00,98,98
2,184,"1.00, 0.00","1.00, 0.00",0.00,"0.00%, -6.87%",0.00%,0.00,98,98
2,185,"1.00, 0.00","1.00, 0.00",0.00,"0.00%, -12.31%",0.00%,0.00,98,98
2,186,"1.00, 0.00","1.00, 0.00",0.00,"0.00%, -3.46%",0.00%,0.00,98,98
2,187,"1.00, 0.00","1.00, 0.00",0.00,"0.00%, 8.55%",0.00%,0.00,98,98
2,188,"1.00, 0.00","1.00, 0.00",0.00,"0.00%, 2.46%",0.00%,0.00,98,98
2,189,"1.00, 0.00","1.00, 0.00",0.00,"0.00%, -10.16%",0.00%,0.00,98,98
2,190,"1.00, 0.00","1.00, 0.00",0.00,"0.00%, 2.08%",0.00%,0.00,98,98
2,191,"1.00, 0.00","1.00, 0.00",0.00,"0.00%, 4.05%",0.00%,0.00,98,98
2,192,"1.00, 0.00","1.00, 0.00",0.00,"0.00%, -7.18%",0.00%,0.00,98,98
2,193,"1.00, 0.00","1.00, 0.00",0.00,"0.00%, 1.90%",0.00%,0.00,98,98
2,194,"1.00, 0.00","1.00, 0.00",0.00,"0.00%, 1.03%",0.00%,0.00,98,98
2,195,"1.00, 0.00","1.00, 0.00",0.00,"0.00%, -9.32%",0.00%,0.00,98,98
2,196,"1.00, 0.00","1.00, 0.00",0.00,"0.00%, 3.79%",0.00%,0.00,98,98
2,197,"1.00, 0.00","1.00, 0.00",0.00,"0.00%, 5.70%",0.00%,0.00,98,98
2,198,"1.00, 0.00","1.00, 0.00",0.00,"0.00%, 10.79%",0.00%,0.00,98,98
2,199,"1.00, 0.00","1.00, 0.00",0.00,"0.00%, 10.50%",0.00%,0.00,98,98
2,200,"1.00, 0.00","1.00, 0.00",0.00,"0.00%, -11.22%",0.00%,0.00,98,98
2,201,"1.00, 0.00","1.00, 0.00",0.00,"0.00%, -7.63%",0.00%,0.00,98,98
2,202,"1.00, 0.00","1.00, 0.00",0.00,"0.00%, 5.27%",0.00%,0.00,98,98
2,203,"1.00, 0.00","1.00, 0.00",0.00,"0.00%, 5.26%",0.00%,0.00,98,98
2,204,"1.00, 0.00","1.00, 0.00",0.00,"0.00%, 5.27%",0.00%,0.00,98,98
2,205,"1.00, 0.00","1.00, 0.00",0.00,"0.00%, 42.15%",0.00%,0.00,98,98
2,206,"1.00, 0.00","1.00, 0.00",0.00,"0.00%, 5.80%",0.00%,0.00,98,98
2,207,"1.00, 0.00","1.00, 0.00",0.00,"0.00%, 11.32%",0.00%,0.00,98,98
2,208,"1.00, 0.00","1.00, 0.00",0.00,"0.00%, 9.51%",0.00%,0.00,98,98
2,209,"1.00, 0.00","1.00, 0.00",0.00,"0.00%, 6.57%",0.00%,0.00,98,98
2,210,"1.00, 0.00","1.00, 0.00",0.00,"0.00%, -2.31%",0.00%,0.00,98,98
2,211,"1.00, 0.00","1.00, 0.00",0.00,"0.00%, 7.61%",0.00%,0.00,98,98
2,212,"1.00, 0.00","1.00, 0.00",0.00,"0.00%, -6.25%",0.00%,0.00,98,98
2,213,"1.00, 0.00","1.00, 0.00",0.00,"0.00%, -1.62%",0.00%,0.00,98,98
2,214,"1.00, 0.00","1.00, 0.00",0.00,"0.00%, -3.79%",0.00%,0.00,98,98
2,215,"1.00, 0.00","1.00, 0.00",0.00,"0.00%, 1.24%",0.00%,0.00,98,98
2,216,"1.00, 0.00","1.00, 0.00",0.00,"0.00%, 23.78%",0.00%,0.00,98,98
2,217,"1.00, 0.00","1.00, 0.00",0.00,"0.00%, -15.05%",0.00%,0.00,98,98
2,218,"1.00, 0.00","1.00, 0.00",0.00,"0.00%, 6.90%",0.00%,0.00,98,98
2,219,"1.00, 0.00","1.00, 0.00",0.00,"0.00%, -13.08%",0.00%,0.00,98,98
2,220,"1.00, 0.00","1.00, 0.00",0.00,"0.00%, -3.68%",0.00%,0.00,98,98
2,221,"1.00, 0.00","1.00, 0.00",0.00,"0.00%, 10.85%",0.00%,0.00,98,98
2,222,"1.00, 0.00","1.00, 0.00",0.00,"0.00%, 1.08%",0.00%,0.00,98,98
2,223,"1.00, 0.00","1.00, 0.00",0.00,"0.00%, -8.79%",0.00%,0.00,98,98
2,224,"1.00, 0.00","1.00, 0.00",0.00,"0.00%, -5.76%",0.00%,0.00,98,98
2,225,"1.00, 0.00","1.00, 0.00",0.00,"0.00%, 6.84%",0.00%,0.00,98,98
2,226,"1.00, 0.00","1.00, 0.00",0.00,"0.00%, -5.89%",0.00%,0.00,98,98
2,227,"1.00, 0.00","1.00, 0.00",0.00,"0.00%, 2.48%",0.00%,0.00,98,98
2,228,"1.00, 0.00","1.00, 0.00",0.00,"0.00%, 0.91%",0.00%,0.00,98,98
2,229,"1.00, 0.00","1.00, 0.00",0.00,"0.00%, -5.22%",0.00%,0.00,98,98
2,230,"1.00, 0.00","1.00, 0.00",0.00,"0.00%, 21.89%",0.00%,0.00,98,98
2,231,"1.00, 0.00","1.00, 0.00",0.00,"0.00%, 6.40%",0.00%,0.00,98,98
2,232,"1.00, 0.00","1.00, 0.00",0.00,"0.00%, -16.24%",0.00%,0.00,98,98
2,233,"1.00, 0.00","1.00, 0.00",0.00,"0.00%, 2.20%",0.00%,0.00,98,98
2,234,"1.00, 0.00","1.00, 0.00",0.00,"0.00%, -5.31%",0.00%,0.00,98,98
2,235,"1.00, 0.00","1.00, 0.00",0.00,"0.00%, 8.52%",0.00%,0.00,98,98
2,236,"1.00, 0.00","1.00, 0.00",0.00,"0.00%, -6.42%",0.00%,0.00,98,98
2,237,"1.00, 0.00","1.00, 0.00",0.00,"0.00%, -0.53%",0.00%,0.00,98,98
2,238,"1.00, 0.00","1.00, 0.00",0.00,"0.00%, 5.17%",0.00%,0.00,98,98
2,239,"1.00, 0.00","1.00, 0.00",0.00,"0.00%, 8.65%",0.00%,0.00,98,98
2,240,"1.00, 0.00","1.00, 0.00",0.00,"0.00%, -9.79%",0.00%,0.00,98,98
2,241,"1.00, 0.00","1.00, 0.00",0.00,"0.00%, -2.48%",0.00%,0.00,98,98
2,242,"1.00, 0.00","1.00, 0.00",0.00,"0.00%, -3.70%",0.00%,0.00,98,98
2,243,"1.00, 0.00","1.00, 0.00",0.00,"0.00%, -5.24%",0.00%,0.00,98,98
2,244,"1.00, 0.00","1.00, 0.00",0.00,"0.00%, 17.81%",0.00%,0.00,98,98
2,245,"1.00, 0.00","1.00, 0.00",0.00,"0.00%, 4.23%",0.00%,0.00,98,98
2,246,"1.00, 0.00","1.00, 0.00",0.00,"0.00%, -10.28%",0.00%,0.00,98,98
2,247,"1.00, 0.00","1.00, 0.00",0.00,"0.00%, 9.16%",0.00%,0.00,98,98
2,248,"1.00, 0.00","1.00, 0.00",0.00,"0.00%, 21.65%",0.00%,0.00,98,98
2,249,"1.00, 0.00","1.00, 0.00",0.00,"0.00%, 10.29%",0.00%,0.00,98,98
2,250,"1.00, 0.00","1.00, 0.00",0.00,"0.00%, -12.34%",0.00%,0.00,98,98
2,251,"1.00, 0.00","1.00, 0.00",0.00,"0.00%, -3.78%",0.00%,0.00,98,98
2,252,"1.00, 0.00","1.00, 0.00",0.00,"0.00%, 12.64%",0.00%,0.00,98,98
2,253,"1.00, 0.00","1.00, 0.00",0.00,"0.00%, -5.70%",0.00%,0.00,98,98
2,254,"1.00, 0.00","1.00, 0.00",0.00,"0.00%, 4.60%",0.00%,0.00,98,98
2,255,"1.00, 0.00","1.00, 0.00",0.00,"0.00%, 7.76%",0.00%,0.00,98,98
2,256,"1.00, 0.00","1.00, 0.00",0.00,"0.00%, -7.54%",0.00%,0.00,98,98
2,257,"1.00, 0.00","1.00, 0.00",0.00,"0.00%, -0.04%",0.00%,0.00,98,98
2,258,"1.00, 0.00","1.00, 0.00",0.00,"0.00%, -24.93%",0.00%,0.00,98,98
2,259,"1.00, 0.00","1.00, 0.00",0.00,"0.00%, -8.35%",0.00%,0.00,98,98
2,260,"1.00, 0.00","1.00, 0.00",0.00,"0.00%, -1.76%",0.00%,0.00,98,98
2,261,"1.00, 0.00","1.00, 0.00",0.00,"0.00%, -10.17%",0.00%,0.00,98,98
2,262,"1.00, 0.00","1.00, 0.00",0.00,"0.00%, 16.41%",0.00%,0.00,98,98
2,263,"1.00, 0.00","1.00, 0.00",0.00,"0.00%, -11.64%",0.00%,0.00,98,98
2,264,"1.00, 0.00","1.00, 0.00",0.00,"0.00%, -3.40%",0.00%,0.00,98,98
2,265,"1.00, 0.00","1.00, 0.00",0.00,"0.00%, 1.69%",0.00%,0.00,98,98
2,266,"1.00, 0.00","1.00, 0.00",0.00,"0.00%, 14.42%",0.00%,0.00,98,98
2,267,"1.00, 0.00","1.00, 0.00",0.00,"0.00%, -11.68%",0.00%,0.00,98,98
2,268,"1.00, 0.00","1.00, 0.00",0.00,"0.00%, 11.59%",0.00%,0.00,98,98
2,269,"1.00, 0.00","1.00, 0.00",0.00,"0.00%, 0.59%",0.00%,0.00,98,98
2,270,"1.00, 0.00","1.00, 0.00",0.00,"0.00%, -8.00%",0.00%,0.00,98,98
2,271,"1.00, 0.00","1.00, 0.00",0.00,"0.00%, 4.77%",0.00%,0.00,98,98
2,272,"1.00, 0.00","1.00, 0.00",0.00,"0.00%, 2.32%",0.00%,0.00,98,98
2,273,"1.00, 0.00","1.00, 0.00",0.00,"0.00%, -4.78%",0.00%,0.00,98,98
2,274,"1.00, 0.00","1.00, 0.00",0.00,"0.00%, 1.13%",0.00%,0.00,98,98
2,275,"1.00, 0.00","1.00, 0.00",0.00,"0.00%, -2.92%",0.00%,0.00,98,98
2,276,"1.00, 0.00","1.00, 0.00",0.00,"0.00%, 1.53%",0.00%,0.00,98,98
2,277,"1.00, 0.00","1.00, 0.00",0.00,"0.00%, 6.67%",0.00%,0.00,98,98
2,278,"1.00, 0.00","1.00, 0.00",0.00,"0.00%, 15.92%",0.00%,0.00,98,98
2,279,"1.00, 0.00","1.00, 0.00",0.00,"0.00%, -10.09%",0.00%,0.00,98,98
2,280,"1.00, 0.00","1.00, 0.00",0.00,"0.00%, 21.77%",0.00%,0.00,98,98
2,281,"1.00, 0.00","1.00, 0.00",0.00,"0.00%, -15.69%",0.00%,0.00,98,98
2,282,"1.00, 0.00","1.00, 0.00",0.00,"0.00%, -0.86%",0.00%,0.00,98,98
2,283,"1.00, 0.00","1.00, 0.00",0.00,"0.00%, 5.97%",0.00%,0.00,98,98
2,284,"1.00, 0.00","1.00, 0.00",0.00,"0.00%, 3.08%",0.00%,0.00,98,98
2,285,"1.00, 0.00","1.00, 0.00",0.00,"0.00%, -4.98%",0.00%,0.00,98,98
2,286,"1.00, 0.00","1.00, 0.00",0.00,"0.00%, -1.36%",0.00%,0.00,98,98
2,287,"1.00, 0.00","1.00, 0.00",0.00,"0.00%, -3.86%",0.00%,0.00,98,98
2,288,"1.00, 0.00","1.00, 0.00",0.00,"0.00%, -4.69%",0.00%,0.00,98,98
2,289,"1.00, 0.00","1.00, 0.00",0.00,"0.00%, 8.49%",0.00%,0.00,98,98
2,290,"1.00, 0.00","1.00, 0.00",0.00,"0.00%, 3.78%",0.00%,0.00,98,98
2,291,"1.00, 0.00","1.00, 0.00",0.00,"0.00%, -5.57%",0.00%,0.00,98,98
2,292,"1.00, 0.00","1.00, 0.00",0.00,"0.00%, 8.98%",0.00%,0.00,98,98
2,293,"1.00, 0.00","1.00, 0.00",0.00,"0.00%, 3.32%",0.00%,0.00,98,98
2,294,"1.00, 0.00","1.00, 0.00",0.00,"0.00%, 8.13%",0.00%,0.00,98,98
2,295,"1.00, 0.00","1.00, 0.00",0.00,"0.00%, 6.36%",0.00%,0.00,98,98
2,296,"1.00, 0.00","1.00, 0.00",0.00,"0.00%, -6.72%",0.00%,0.00,98,98
2,297,"1.00, 0.00","1.00, 0.00",0.00,"0.00%, -4.44%",0.00%,0.00,98,98
2,298,"1.00, 0.00","1.00, 0.00",0.00,"0.00%, 7.49%",0.00%,0.00,98,98
2,299,"1.00, 0.00","1.00, 0.00",0.00,"0.00%, 6.18%",0.00%,0.00,98,98
2,300,"1.00, 0.00","1.00, 0.00",0.00,"0.00%, 0.31%",0.00%,0.00,98,98
2,301,"1.00, 0.00","1.00, 0.00",0.00,"0.00%, 1.57%",0.00%,0.00,98,98
2,302,"1.00, 0.00","1.00, 0.00",0.00,"0.00%, 12.75%",0.00%,0.00,98,98
2,303,"1.00, 0.00","1.00, 0.00",0.00,"0.00%, -4.71%",0.00%,0.00,98,98
2,304,"1.00, 0.00","1.00, 0.00",0.00,"0.00%, 5.57%",0.00%,0.00,98,98
2,305,"1.00, 0.00","1.00, 0.00",0.00,"0.00%, -1.31%",0.00%,0.00,98,98
2,306,"1.00, 0.00","1.00, 0.00",0.00,"0.00%, -1.45%",0.00%,0.00,98,98
2,307,"1.00, 0.00","1.00, 0.00",0.00,"0.00%, 10.95%",0.00%,0.00,98,98
2,308,"1.00, 0.00","1.00, 0.00",0.00,"0.00%, 8.25%",0.00%,0.00,98,98
2,309,"1.00, 0.00","1.00, 0.00",0.00,"0.00%, 8.14%",0.00%,0.00,98,98
2,310,"1.00, 0.00","1.00, 0.00",0.00,"0.00%, 13.03%",0.00%,0.00,98,98
2,311,"1.00, 0.00","1.00, 0.00",0.00,"0.00%, 0.69%",0.00%,0.00,98,98
2,312,"1.00, 0.00","1.00, 0.00",0.00,"0.00%, 6.86%",0.00%,0.00,98,98
2,313,"1.00, 0.00","1.00, 0.00",0.00,"0.00%, -2.27%",0.00%,0.00,98,98
2,314,"1.00, 0.00","1.00, 0.00",0.00,"0.00%, 3.48%",0.00%,0.00,98,98
2,315,"1.00, 0.00","1.00, 0.00",0.00,"0.00%, -0.67%",0.00%,0.00,98,98
2,316,"1.00, 0.00","1.00, 0.00",0.00,"0.00%, 1.38%",0.00%,0.00,98,98
2,317,"1.00, 0.00","1.00, 0.00",0.00,"0.00%, 6.03%",0.00%,0.00,98,98
2,318,"1.00, 0.00","1.00, 0.00",0.00,"0.00%, -6.63%",0.00%,0.00,98,98
2,319,"1.00, 0.00","1.00, 0.00",0.00,"0.00%, 21.33%",0.00%,0.00,98,98
2,320,"1.00, 0.00","1.00, 0.00",0.00,"0.00%, -8.20%",0.00%,0.00,98,98
2,321,"1.00, 0.00","1.00, 0.00",0.00,"0.00%, -9.90%",0.00%,0.00,98,98
2,322,"1.00, 0.00","1.00, 0.00",0.00,"0.00%, 11.54%",0.00%,0.00,98,98
2,323,"1.00, 0.00","1.00, 0.00",0.00,"0.00%, 7.92%",0.00%,0.00,98,98
2,324,"1.00, 0.00","1.00, 0.00",0.00,"0.00%, 6.31%",0.00%,0.00,98,98
2,325,"1.00, 0.00","1.00, 0.00",0.00,"0.00%, 6.35%",0.00%,0.00,98,98
2,326,"1.00, 0.00","1.00, 0.00",0.00,"0.00%, 0.39%",0.00%,0.00,98,98
2,327,"1.00, 0.00","1.00, 0.00",0.00,"0.00%, -7.30%",0.00%,0.00,98,98
2,328,"1.00, 0.00","1.00, 0.00",0.00,"0.00%, 1.19%",0.00%,0.00,98,98
2,329,"1.00, 0.00","1.00, 0.00",0.00,"0.00%, -5.44%",0.00%,0.00,98,98
2,330,"1.00, 0.00","1.00, 0.00",0.00,"0.00%, 9.72%",0.00%,0.00,98,98
2,331,"1.00, 0.00","1.00, 0.00",0.00,"0.00%, -0.82%",0.00%,0.00,98,98
2,332,"1.00, 0.00","1.00, 0.00",0.00,"0.00%, -6.69%",0.00%,0.00,98,98
2,333,"1.00, 0.00","1.00, 0.00",0.00,"0.00%, -2.36%",0.00%,0.00,98,98
2,334,"1.00, 0.00","1.00, 0.00",0.00,"0.00%, 4.31%",0.00%,0.00,98,98
2,335,"1.00, 0.00","1.00, 0.00",0.00,"0.00%, -4.47%",0.00%,0.00,98,98
2,336,"1.00, 0.00","1.00, 0.00",0.00,"0.00%, -6.67%",0.00%,0.00,98,98
2,337,"1.00, 0.00","1.00, 0.00",0.00,"0.00%, 2.73%",0.00%,0.00,98,98
2,338,"1.00, 0.00","1.00, 0.00",0.00,"0.00%, 2.74%",0.00%,0.00,98,98
2,339,"1.00, 0.00","1.00, 0.00",0.00,"0.00%, -3.98%",0.00%,0.00,98,98
2,340,"1.00, 0.00","1.00, 0.00",0.00,"0.00%, -3.67%",0.00%,0.00,98,98
2,341,"1.00, 0.00","1.00, 0.00",0.00,"0.00%, 2.62%",0.00%,0.00,98,98
2,342,"1.00, 0.00","1.00, 0.00",0.00,"0.00%, -11.78%",0.00%,0.00,98,98
2,343,"1.00, 0.00","1.00, 0.00",0.00,"0.00%, -11.46%",0.00%,0.00,98,98
2,344,"1.00, 0.00","1.00, 0.00",0.00,"0.00%, -5.79%",0.00%,0.00,98,98
2,345,"1.00, 0.00","1.00, 0.00",0.00,"0.00%, -1.41%",0.00%,0.00,98,98
2,346,"1.00, 0.00","1.00, 0.00",0.00,"0.00%, 3.35%",0.00%,0.00,98,98
2,347,"1.00, 0.00","1.00, 0.00",0.00,"0.00%, 14.77%",0.00%,0.00,98,98
2,348,"1.00, 0.00","1.00, 0.00",0.00,"0.00%, 8.57%",0.00%,0.00,98,98
2,349,"1.00, 0.00","1.00, 0.00",0.00,"0.00%, -0.94%",0.00%,0.00,98,98
2,350,"1.00, 0.00","1.00, 0.00",0.00,"0.00%, 0.33%",0.00%,0.00,98,98
2,351,"1.00, 0.00","1.00, 0.00",0.00,"0.00%, -8.17%",0.00%,0.00,98,98
2,352,"1.00, 0.00","1.00, 0.00",0.00,"0.00%, 0.33%",0.00%,0.00,98,98
2,353,"1.00, 0.00","1.00, 0.00",0.00,"0.00%, -2.08%",0.00%,0.00,98,98
2,354,"1.00, 0.00","1.00, 0.00",0.00,"0.00%, 3.46%",0.00%,0.00,98,98
2,355,"1.00, 0.00","1.00, 0.00",0.00,"0.00%, -6.71%",0.00%,0.00,98,98
2,356,"1.00, 0.00","1.00, 0.00",0.00,"0.00%, 5.31%",0.00%,0.00,98,98
2,357,"1.00, 0.00","1.00, 0.00",0.00,"0.00%, 15.37%",0.00%,0.00,98,98
2,358,"1.00, 0.00","1.00, 0.00",0.00,"0.00%, -0.48%",0.00%,0.00,98,98
2,359,"1.00, 0.00","1.00, 0.00",0.00,"0.00%, 4.20%",0.00%,0.00,98,98
2,360,"1.00, 0.00","1.00, 0.00",0.00,"0.00%, 6.94%",0.00%,0.00,98,98
2,361,"1.00, 0.00","1.00, 0.00",0.00,"0.00%, -3.06%",0.00%,0.00,98,98
2,362,"1.00, 0.00","1.00, 0.00",0.00,"0.00%, 2.55%",0.00%,0.00,98,98
2,363,"1.00, 0.00","1.00, 0.00",0.00,"0.00%, 0.62%",0.00%,0.00,98,98
2,364,"1.00, 0.00","1.00, 0.00",0.00,"0.00%, 1.39%",0.00%,0.00,98,98
2,365,"1.00, 0.00","1.00, 0.00",0.00,"0.00%, -6.25%",0.00%,0.00,98,98
2,366,"1.00, 0.00","1.00, 0.00",0.00,"0.00%, 0.72%",0.00%,0.00,98,98
2,367,"1.00, 0.00","1.00, 0.00",0.00,"0.00%, 5.11%",0.00%,0.00,98,98
2,368,"1.00, 0.00","1.00, 0.00",0.00,"0.00%, 14.52%",0.00%,0.00,98,98
2,369,"1.00, 0.00","1.00, 0.00",0.00,"0.00%, 9.56%",0.00%,0.00,98,98
2,370,"1.00, 0.00","1.00, 0.00",0.00,"0.00%, 21.99%",0.00%,0.00,98,98
2,371,"1.00, 0.00","1.00, 0.00",0.00,"0.00%, -6.21%",0.00%,0.00,98,98
2,372,"1.00, 0.00","1.00, 0.00",0.00,"0.00%, 8.71%",0.00%,0.00,98,98
2,373,"1.00, 0.00","1.00, 0.00",0.00,"0.00%, 2.17%",0.00%,0.00,98,98
2,374,"1.00, 0.00","1.00, 0.00",0.00,"0.00%, 22.39%",0.00%,0.00,98,98
2,375,"1.00, 0.00","1.00, 0.00",0.00,"0.00%, -6.55%",0.00%,0.00,98,98
2,376,"1.00, 0.00","1.00, 0.00",0.00,"0.00%, -6.81%",0.00%,0.00,98,98
2,377,"1.00, 0.00","1.00, 0.00",0.00,"0.00%, -4.78%",0.00%,0.00,98,98
2,378,"1.00, 0.00","1.00, 0.00",0.00,"0.00%, -16.99%",0.00%,0.00,98,98
2,379,"1.00, 0.00","1.00, 0.00",0.00,"0.00%, -4.14%",0.00%,0.00,98,98
2,380,"1.00, 0.00","1.00, 0.00",0.00,"0.00%, -6.14%",0.00%,0.00,98,98
2,381,"1.00, 0.00","1.00, 0.00",0.00,"0.00%, 1.87%",0.00%,0.00,98,98
2,382,"1.00, 0.00","1.00, 0.00",0.00,"0.00%, 3.64%",0.00%,0.00,98,98
2,383,"1.00, 0.00","1.00, 0.00",0.00,"0.00%, 18.99%",0.00%,0.00,98,98
2,384,"1.00, 0.00","1.00, 0.00",0.00,"0.00%, 9.48%",0.00%,0.00,98,98
2,385,"1.00, 0.00","1.00, 0.00",0.00,"0.00%, -4.58%",0.00%,0.00,98,98
2,386,"1.00, 0.00","1.00, 0.00",0.00,"0.00%, -7.31%",0.00%,0.00,98,98
2,387,"1.00, 0.00","1.00, 0.00",0.00,"0.00%, 5.05%",0.00%,0.00,98,98
2,388,"1.00, 0.00","1.00, 0.00",0.00,"0.00%, -10.76%",0.00%,0.00,98,98
2,389,"1.00, 0.00","1.00, 0.00",0.00,"0.00%, 18.51%",0.00%,0.00,98,98
2,390,"1.00, 0.00","1.00, 0.00",0.00,"0.00%, 11.76%",0.00%,0.00,98,98
2,391,"1.00, 0.00","1.00, 0.00",0.00,"0.00%, -3.65%",0.00%,0.00,98,98
2,392,"1.00, 0.00","1.00, 0.00",0.00,"0.00%, -13.86%",0.00%,0.00,98,98
2,393,"1.00, 0.00","1.00, 0.00",0.00,"0.00%, 13.52%",0.00%,0.00,98,98
2,394,"1.00, 0.00","1.00, 0.00",0.00,"0.00%, -0.53%",0.00%,0.00,98,98
2,395,"1.00, 0.00","1.00, 0.00",0.00,"0.00%, 12.34%",0.00%,0.00,98,98
2,396,"1.00, 0.00","1.00, 0.00",0.00,"0.00%, -12.93%",0.00%,0.00,98,98
2,397,"1.00, 0.00","1.00, 0.00",0.00,"0.00%, -4.78%",0.00%,0.00,98,98
2,398,"1.00, 0.00","1.00, 0.00",0.00,"0.00%, 0.55%",0.00%,0.00,98,98
2,399,"1.00, 0.00","1.00, 0.00",0.00,"0.00%, 0.93%",0.00%,0.00,98,98
2,400,"1.00, 0.00","1.00, 0.00",0.00,"0.00%, -3.49%",0.00%,0.00,98,98
2,401,"1.00, 0.00","1.00, 0.00",0.00,"0.00%, 6.30%",0.00%,0.00,98,98
2,402,"1.00, 0.00","1.00, 0.00",0.00,"0.00%, -8.71%",0.00%,0.00,98,98
2,403,"1.00, 0.00","1.00, 0.00",0.00,"0.00%, -0.78%",0.00%,0.00,98,98
2,404,"1.00, 0.00","1.00, 0.00",0.00,"0.00%, 1.60%",0.00%,0.00,98,98
2,405,"1.00, 0.00","1.00, 0.00",0.00,"0.00%, 5.26%",0.00%,0.00,98,98
2,406,"1.00, 0.00","1.00, 0.00",0.00,"0.00%, 7.15%",0.00%,0.00,98,98
2,407,"1.00, 0.00","1.00, 0.00",0.00,"0.00%, -9.17%",0.00%,0.00,98,98
2,408,"1.00, 0.00","1.00, 0.00",0.00,"0.00%, -12.46%",0.00%,0.00,98,98
2,409,"1.00, 0.00","1.00, 0.00",0.00,"0.00%, 12.75%",0.00%,0.00,98,98
2,410,"1.00, 0.00","1.00, 0.00",0.00,"0.00%, 3.55%",0.00%,0.00,98,98
2,411,"1.00, 0.00","1.00, 0.00",0.00,"0.00%, -6.05%",0.00%,0.00,98,98
2,412,"1.00, 0.00","1.00, 0.00",0.00,"0.00%, 15.56%",0.00%,0.00,98,98
2,413,"1.00, 0.00","1.00, 0.00",0.00,"0.00%, 1.55%",0.00%,0.00,98,98
2,414,"1.00, 0.00","1.00, 0.00",0.00,"0.00%, 11.75%",0.00%,0.00,98,98
2,415,"1.00, 0.00","1.00, 0.00",0.00,"0.00%, 1.11%",0.00%,0.00,98,98
2,416,"1.00, 0.00","1.00, 0.00",0.00,"0.00%, 20.98%",0.00%,0.00,98,98
2,417,"1.00, 0.00","1.00, 0.00",0.00,"0.00%, 17.70%",0.00%,0.00,98,98
2,418,"1.00, 0.00","1.00, 0.00",0.00,"0.00%, -1.73%",0.00%,0.00,98,98
2,419,"1.00, 0.00","1.00, 0.00",0.00,"0.00%, 9.68%",0.00%,0.00,98,98
2,420,"1.00, 0.00","1.00, 0.00",0.00,"0.00%, 6.51%",0.00%,0.00,98,98
2,421,"1.00, 0.00","1.00, 0.00",0.00,"0.00%, 13.68%",0.00%,0.00,98,98
2,422,"1.00, 0.00","1.00, 0.00",0.00,"0.00%, -7.86%",0.00%,0.00,98,98
2,423,"1.00, 0.00","1.00, 0.00",0.00,"0.00%, 6.90%",0.00%,0.00,98,98
2,424,"1.00, 0.00","1.00, 0.00",0.00,"0.00%, 10.55%",0.00%,0.00,98,98
2,425,"1.00, 0.00","1.00, 0.00",0.00,"0.00%, -14.21%",0.00%,0.00,98,98
2,426,"1.00, 0.00","1.00, 0.00",0.00,"0.00%, -9.65%",0.00%,0.00,98,98
2,427,"1.00, 0.00","1.00, 0.00",0.00,"0.00%, -16.35%",0.00%,0.00,98,98
2,428,"1.00, 0.00","1.00, 0.00",0.00,"0.00%, -1.91%",0.00%,0.00,98,98
2,429,"1.00, 0.00","1.00, 0.00",0.00,"0.00%, 7.21%",0.00%,0.00,98,98
2,430,"1.00, 0.00","1.00, 0.00",0.00,"0.00%, 15.05%",0.00%,0.00,98,98
2,431,"1.00, 0.00","1.00, 0.00",0.00,"0.00%, 1.17%",0.00%,0.00,98,98
2,432,"1.00, 0.00","1.00, 0.00",0.00,"0.00%, 16.37%",0.00%,0.00,98,98
2,433,"1.00, 0.00","1.00, 0.00",0.00,"0.00%, -11.24%",0.00%,0.00,98,98
2,434,"1.00, 0.00","1.00, 0.00",0.00,"0.00%, -13.78%",0.00%,0.00,98,98
2,435,"1.00, 0.00","1.00, 0.00",0.00,"0.00%, 0.00%",0.00%,0.00,98,98
2,436,"1.00, 0.00","1.00, 0.00",0.00,"0.00%, 4.04%",0.00%,0.00,98,98
2,437,"1.00, 0.00","1.00, 0.00",0.00,"0.00%, 0.21%",0.00%,0.00,98,98
2,438,"1.00, 0.00","1.00, 0.00",0.00,"0.00%, -16.56%",0.00%,0.00,98,98
2,439,"1.00, 0.00","1.00, 0.00",0.00,"0.00%, -0.30%",0.00%,0.00,98,98
2,440,"1.00, 0.00","1.00, 0.00",0.00,"0.00%, -10.63%",0.00%,0.00,98,98
2,441,"1.00, 0.00","1.00, 0.00",0.00,"0.00%, 6.74%",0.00%,0.00,98,98
2,442,"1.00, 0.00","1.00, 0.00",0.00,"0.00%, 3.87%",0.00%,0.00,98,98
2,443,"1.00, 0.00","1.00, 0.00",0.00,"0.00%, -7.65%",0.00%,0.00,98,98
2,444,"1.00, 0.00","1.00, 0.00",0.00,"0.00%, -4.04%",0.00%,0.00,98,98
2,445,"1.00, 0.00","1.00, 0.00",0.00,"0.00%, -8.64%",0.00%,0.00,98,98
2,446,"1.00, 0.00","1.00, 0.00",0.00,"0.00%, -0.06%",0.00%,0.00,98,98
2,447,"1.00, 0.00","1.00, 0.00",0.00,"0.00%, 9.52%",0.00%,0.00,98,98
2,448,"1.00, 0.00","1.00, 0.00",0.00,"0.00%, -8.03%",0.00%,0.00,98,98
2,449,"1.00, 0.00","1.00, 0.00",0.00,"0.00%, 5.17%",0.00%,0.00,98,98
2,450,"1.00, 0.00","1.00, 0.00",0.00,"0.00%, -4.18%",0.00%,0.00,98,98
2,451,"1.00, 0.00","1.00, 0.00",0.00,"0.00%, -6.42%",0.00%,0.00,98,98
2,452,"1.00, 0.00","1.00, 0.00",0.00,"0.00%, -0.46%",0.00%,0.00,98,98
2,453,"1.00, 0.00","1.00, 0.00",0.00,"0.00%, -8.44%",0.00%,0.00,98,98
2,454,"1.00, 0.00","1.00, 0.00",0.00,"0.00%, -4.38%",0.00%,0.00,98,98
2,455,"1.00, 0.00","1.00, 0.00",0.00,"0.00%, -9.77%",0.00%,0.00,98,98
2,456,"1.00, 0.00","1.00, 0.00",0.00,"0.00%, 19.94%",0.00%,0.00,98,98
2,457,"1.00, 0.00","1.00, 0.00",0.00,"0.00%, 0.82%",0.00%,0.00,98,98
2,458,"1.00, 0.00","1.00, 0.00",0.00,"0.00%, -5.63%",0.00%,0.00,98,98
2,459,"1.00, 0.00","1.00, 0.00",0.00,"0.00%, 2.46%",0.00%,0.00,98,98
2,460,"1.00, 0.00","1.00, 0.00",0.00,"0.00%, -0.51%",0.00%,0.00,98,98
2,461,"1.00, 0.00","1.00, 0.00",0.00,"0.00%, -1.48%",0.00%,0.00,98,98
2,462,"1.00, 0.00","1.00, 0.00",0.00,"0.00%, 6.21%",0.00%,0.00,98,98
2,463,"1.00, 0.00","1.00, 0.00",0.00,"0.00%, 7.59%",0.00%,0.00,98,98
2,464,"1.00, 0.00","1.00, 0.00",0.00,"0.00%, -4.18%",0.00%,0.00,98,98
2,465,"1.00, 0.00","1.00, 0.00",0.00,"0.00%, -4.57%",0.00%,0.00,98,98
2,466,"1.00, 0.00","1.00, 0.00",0.00,"0.00%, -1.96%",0.00%,0.00,98,98
2,467,"1.00, 0.00","1.00, 0.00",0.00,"0.00%, -18.30%",0.00%,0.00,98,98
2,468,"1.00, 0.00","1.00, 0.00",0.00,"0.00%, -12.31%",0.00%,0.00,98,98
2,469,"1.00, 0.00","1.00, 0.00",0.00,"0.00%, 13.66%",0.00%,0.00,98,98
2,470,"1.00, 0.00","1.00, 0.00",0.00,"0.00%, 16.54%",0.00%,0.00,98,98
2,471,"1.00, 0.00","1.00, 0.00",0.00,"0.00%, -1.73%",0.00%,0.00,98,98
2,472,"1.00, 0.00","1.00, 0.00",0.00,"0.00%, 5.85%",0.00%,0.00,98,98
2,473,"1.00, 0.00","1.00, 0.00",0.00,"0.00%, 3.36%",0.00%,0.00,98,98
2,474,"1.00, 0.00","1.00, 0.00",0.00,"0.00%, 32.59%",0.00%,0.00,98,98
2,475,"1.00, 0.00","1.00, 0.00",0.00,"0.00%, 11.16%",0.00%,0.00,98,98
2,476,"1.00, 0.00","1.00, 0.00",0.00,"0.00%, -0.65%",0.00%,0.00,98,98
2,477,"1.00, 0.00","1.00, 0.00",0.00,"0.00%, -7.78%",0.00%,0.00,98,98
2,478,"1.00, 0.00","1.00, 0.00",0.00,"0.00%, -13.03%",0.00%,0.00,98,98
2,479,"1.00, 0.00","1.00, 0.00",0.00,"0.00%, 2.36%",0.00%,0.00,98,98
2,480,"1.00, 0.00","1.00, 0.00",0.00,"0.00%, -6.11%",0.00%,0.00,98,98
2,481,"1.00, 0.00","1.00, 0.00",0.00,"0.00%, -11.57%",0.00%,0.00,98,98
2,482,"1.00, 0.00","1.00, 0.00",0.00,"0.00%, -5.18%",0.00%,0.00,98,98
2,483,"1.00, 0.00","1.00, 0.00",0.00,"0.00%, -8.82%",0.00%,0.00,98,98
2,484,"1.00, 0.00","1.00, 0.00",0.00,"0.00%, 16.98%",0.00%,0.00,98,98
2,485,"1.00, 0.00","1.00, 0.00",0.00,"0.00%, 8.80%",0.00%,0.00,98,98
2,486,"1.00, 0.00","1.00, 0.00",0.00,"0.00%, 0.43%",0.00%,0.00,98,98
2,487,"1.00, 0.00","1.00, 0.00",0.00,"0.00%, 14.82%",0.00%,0.00,98,98
2,488,"1.00, 0.00","1.00, 0.00",0.00,"0.00%, 1.20%",0.00%,0.00,98,98
2,489,"1.00, 0.00","1.00, 0.00",0.00,"0.00%, -6.99%",0.00%,0.00,98,98
2,490,"1.00, 0.00","1.00, 0.00",0.00,"0.00%, 15.27%",0.00%,0.00,98,98
2,491,"1.00, 0.00","1.00, 0.00",0.00,"0.00%, 5.50%",0.00%,0.00,98,98
2,492,"1.00, 0.00","1.00, 0.00",0.00,"0.00%, -8.46%",0.00%,0.00,98,98
2,493,"1.00, 0.00","1.00, 0.00",0.00,"0.00%, -1.21%",0.00%,0.00,98,98
2,494,"1.00, 0.00","1.00, 0.00",0.00,"0.00%, -7.11%",0.00%,0.00,98,98
2,495,"1.00, 0.00","1.00, 0.00",0.00,"0.00%, -11.26%",0.00%,0.00,98,98
2,496,"1.00, 0.00","1.00, 0.00",0.00,"0.00%, 9.24%",0.00%,0.00,98,98
2,497,"1.00, 0.00","1.00, 0.00",0.00,"0.00%, 19.34%",0.00%,0.00,98,98
2,498,"1.00, 0.00","1.00, 0.00",0.00,"0.00%, -11.39%",0.00%,0.00,98,98
2,499,"1.00, 0.00","1.00, 0.00",0.00,"0.00%, 5.72%",0.00%,0.00,98,98
3,0,"0.50, 0.50","0.50, 0.50",0.00,"0.00%, -1.59%",-0.80%,-0.80,100,99
3,1,"1.00, 0.00","1.00, 0.00",0.99,"0.00%, -1.59%",0.00%,-1.98,99,98
3,2,"1.00, 0.00","1.00, 0.00",0.00,"0.00%, 15.85%",0.00%,0.00,98,98
3,3,"1.00, 0.00","1.00, 0.00",0.00,"0.00%, 7.69%",0.00%,0.00,98,98
3,4,"1.00, 0.00","1.00, 0.00",0.00,"0.00%, -3.66%",0.00%,0.00,98,98
3,5,"1.00, 0.00","1.00, 0.00",0.00,"0.00%, 5.53%",0.00%,0.00,98,98
3,6,"1.00, 0.00","1.00, 0.00",0.00,"0.00%, -3.60%",0.00%,0.00,98,98
3,7,"1.00, 0.00","1.00, 0.00",0.00,"0.00%, -3.62%",0.00%,0.00,98,98
3,8,"1.00, 0.00","1.00, 0.00",0.00,"0.00%, 2.71%",0.00%,0.00,98,98
3,9,"1.00, 0.00","1.00, 0.00",0.00,"0.00%, -15.40%",0.00%,0.00,98,98
3,10,"1.00, 0.00","1.00, 0.00",0.00,"0.00%, -13.95%",0.00%,0.00,98,98
3,11,"1.00, 0.00","1.00, 0.00",0.00,"0.00%, -4.46%",0.00%,0.00,98,98
3,12,"1.00, 0.00","1.00, 0.00",0.00,"0.00%, -8.25%",0.00%,0.00,98,98
3,13,"1.00, 0.00","1.00, 0.00",0.00,"0.00%, 3.38%",0.00%,0.00,98,98
3,14,"1.00, 0.00","1.00, 0.00",0.00,"0.00%, -7.39%",0.00%,0.00,98,98
3,15,"1.00, 0.00","1.00, 0.00",0.00,"0.00%, -11.49%",0.00%,0.00,98,98
3,16,"1.00, 0.00","1.00, 0.00",0.00,"0.00%, 14.67%",0.00%,0.00,98,98
3,17,"1.00, 0.00","1.00, 0.00",0.00,"0.00%, -1.52%",0.00%,0.00,98,98
3,18,"1.00, 0.00","1.00, 0.00",0.00,"0.00%, 1.11%",0.00%,0.00,98,98
3,19,"1.00, 0.00","1.00, 0.00",0.00,"0.00%, -11.59%",0.00%,0.00,98,98
3,20,"1.00, 0.00","1.00, 0.00",0.00,"0.00%, -4.30%",0.00%,0.00,98,98
3,21,"1.00, 0.00","1.00, 0.00",0.00,"0.00%, 1.51%",0.00%,0.00,98,98
3,22,"1.00, 0.00","1.00, 0.00",0.00,"0.00%, -9.39%",0.00%,0.00,98,98
3,23,"1.00, 0.00","1.00, 0.00",0.00,"0.00%, 3.96%",0.00%,0.00,98,98
3,24,"1.00, 0.00","1.00, 0.00",0.00,"0.00%, -4.79%",0.00%,0.00,98,98
3,25,"1.00, 0.00","1.00, 0.00",0.00,"0.00%, -2.10%",0.00%,0.00,98,98
3,26,"1.00, 0.00","1.00, 0.00",0.00,"0.00%, -4.80%",0.00%,0.00,98,98
3,27,"1.00, 0.00","1.00, 0.00",0.00,"0.00%, 18.73%",0.00%,0.00,98,98
3,28,"1.00, 0.00","1.00, 0.00",0.00,"0.00%, 0.38%",0.00%,0.00,98,98
3,29,"1.00, 0.00","1.00, 0.00",0.00,"0.00%, -8.62%",0.00%,0.00,98,98
3,30,"1.00, 0.00","1.00, 0.00",0.00,"0.00%, 8.22%",0.00%,0.00,98,98
3,31,"1.00, 0.00","1.00, 0.00",0.00,"0.00%, -9.96%",0.00%,0.00,98,98
3,32,"1.00, 0.00","1.00, 0.00",0.00,"0.00%, 2.41%",0.00%,0.00,98,98
3,33,"1.00, 0.00","1.00, 0.00",0.00,"0.00%, -15.75%",0.00%,0.00,98,98
3,34,"1.00, 0.00","1.00, 0.00",0.00,"0.00%, -10.82%",0.00%,0.00,98,98
3,35,"1.00, 0.00","1.00, 0.00",0.00,"0.00%, 2.30%",0.00%,0.00,98,98
3,36,"1.00, 0.00","1.00, 0.00",0.00,"0.00%, 7.41%",0.00%,0.00,98,98
3,37,"1.00, 0.00","1.00, 0.00",0.00,"0.00%, 2.06%",0.00%,0.00,98,98
3,38,"1.00, 0.00","1.00, 0.00",0.00,"0.00%, -0.54%",0.00%,0.00,98,98
3,39,"1.00, 0.00","1.00, 0.00",0.00,"0.00%, -2.19%",0.00%,0.00,98,98
3,40,"1.00, 0.00","1.00, 0.00",0.00,"0.00%, -12.02%",0.00%,0.00,98,98
3,41,"1.00, 0.00","1.00, 0.00",0.00,"0.00%, -5.80%",0.00%,0.00,98,98
3,42,"1.00, 0.00","1.00, 0.00",0.00,"0.00%, -3.58%",0.00%,0.00,98,98
3,43,"1.00, 0.00","1.00, 0.00",0.00,"0.00%, 10.53%",0.00%,0.00,98,98
3,44,"1.00, 0.00","1.00, 0.00",0.00,"0.00%, 3.66%",0.00%,0.00,98,98
3,45,"1.00, 0.00","1.00, 0.00",0.00,"0.00%, -14.24%",0.00%,0.00,98,98
3,46,"1.00, 0.00","1.00, 0.00",0.00,"0.00%, 3.48%",0.00%,0.00,98,98
3,47,"1.00, 0.00","1.00, 0.00",0.00,"0.00%, -2.92%",0.00%,0.00,98,98
3,48,"1.00, 0.00","1.00, 0.00",0.00,"0.00%, -5.44%",0.00%,0.00,98,98
3,49,"1.00, 0.00","1.00, 0.00",0.00,"0.00%, 6.19%",0.00%,0.00,98,98
3,50,"1.00, 0.00","1.00, 0.00",0.00,"0.00%, 10.27%",0.00%,0.00,98,98
3,51,"1.00, 0.00","1.00, 0.00",0.00,"0.00%, 9.29%",0.00%,0.00,98,98
3,52,"1.00, 0.00","1.00, 0.00",0.00,"0.00%, -6.81%",0.00%,0.00,98,98
3,53,"1.00, 0.00","1.00, 0.00",0.00,"0.00%, -2.26%",0.00%,0.00,98,98
3,54,"1.00, 0.00","1.00, 0.00",0.00,"0.00%, 3.54%",0.00%,0.00,98,98
3,55,"1.00, 0.00","1.00, 0.00",0.00,"0.00%, 9.72%",0.00%,0.00,98,98
3,56,"1.00, 0.00","1.00, 0.00",0.00,"0.00%, -3.74%",0.00%,0.00,98,98
3,57,"1.00, 0.00","1.00, 0.00",0.00,"0.00%, -1.16%",0.00%,0.00,98,98
3,58,"1.00, 0.00","1.00, 0.00",0.00,"0.00%, -9.02%",0.00%,0.00,98,98
3,59,"1.00, 0.00","1.00, 0.00",0.00,"0.00%, -9.76%",0.00%,0.00,98,98
3,60,"1.00, 0.00","1.00, 0.00",0.00,"0.00%, 8.13%",0.00%,0.00,98,98
3,61,"1.00, 0.00","1.00, 0.00",0.00,"0.00%, 13.55%",0.00%,0.00,98,98
3,62,"1.00, 0.00","1.00, 0.00",0.00,"0.00%, -0.15%",0.00%,0.00,98,98
3,63,"1.00, 0.00","1.00, 0.00",0.00,"0.00%, 10.00%",0.00%,0.00,98,98
3,64,"1.00, 0.00","1.00, 0.00",0.00,"0.00%, 3.83%",0.00%,0.00,98,98
3,65,"1.00, 0.00","1.00, 0.00",0.00,"0.00%, -5.17%",0.00%,0.00,98,98
3,66,"1.00, 0.00","1.00, 0.00",0.00,"0.00%, 3.82%",0.00%,0.00,98,98
3,67,"1.00, 0.00","1.00, 0.00",0.00,"0.00%, 15.42%",0.00%,0.00,98,98
3,68,"1.00, 0.00","1.00, 0.00",0.00,"0.00%, 0.18%",0.00%,0.00,98,98
3,69,"1.00, 0.00","1.00, 0.00",0.00,"0.00%, 15.70%",0.00%,0.00,98,98
3,70,"1.00, 0.00","1.00, 0.00",0.00,"0.00%, -20.61%",0.00%,0.00,98,98
3,71,"1.00, 0.00","1.00, 0.00",0.00,"0.00%, 8.22%",0.00%,0.00,98,98
3,72,"1.00, 0.00","1.00, 0.00",0.00,"0.00%, 1.29%",0.00%,0.00,98,98
3,73,"1.00, 0.00","1.00, 0.00",0.00,"0.00%, -2.17%",0.00%,0.00,98,98
3,74,"1.00, 0.00","1.00, 0.00",0.00,"0.00%, 1.33%",0.00%,0.00,98,98
3,75,"1.00, 0.00","1.00, 0.00",0.00,"0.00%, -15.96%",0.00%,0.00,98,98
3,76,"1.00, 0.00","1.00, 0.00",0.00,"0.00%, -1.47%",0.00%,0.00,98,98
3,77,"1.00, 0.00","1.00, 0.00",0.00,"0.00%, 3.78%",0.00%,0.00,98,98
3,78,"1.00, 0.00","1.00, 0.00",0.00,"0.00%, 14.80%",0.00%,0.00,98,98
3,79,"1.00, 0.00","1.00, 0.00",0.00,"0.00%, -4.08%",0.00%,0.00,98,98
3,80,"1.00, 0.00","1.00, 0.00",0.00,"0.00%, -6.55%",0.00%,0.00,98,98
3,81,"1.00, 0.00","1.00, 0.00",0.00,"0.00%, -3.94%",0.00%,0.00,98,98
3,82,"1.00, 0.00","1.00, 0.00",0.00,"0.00%, 9.13%",0.00%,0.00,98,98
3,83,"1.00, 0.00","1.00, 0.00",0.00,"0.00%, 3.52%",0.00%,0.00,98,98
3,84,"1.00, 0.00","1.00, 0.00",0.00,"0.00%, -4.18%",0.00%,0.00,98,98
3,85,"1.00, 0.00","1.00, 0.00",0.00,"0.00%, 5.25%",0.00%,0.00,98,98
3,86,"1.00, 0.00","1.00, 0.00",0.00,"0.00%, 1.38%",0.00%,0.00,98,98
3,87,"1.00, 0.00","1.00, 0.00",0.00,"0.00%, 9.66%",0.00%,0.00,98,98
3,88,"1.00, 0.00","1.00, 0.00",0.00,"0.00%, -5.65%",0.00%,0.00,98,98
3,89,"1.00, 0.00","1.00, 0.00",0.00,"0.00%, -2.42%",0.00%,0.00,98,98
3,90,"1.00, 0.00","1.00, 0.00",0.00,"0.00%, -2.98%",0.00%,0.00,98,98
3,91,"1.00, 0.00","1.00, 0.00",0.00,"0.00%, -11.90%",0.00%,0.00,98,98
3,92,"1.00, 0.00","1.00, 0.00",0.00,"0.00%, 3.22%",0.00%,0.00,98,98
3,93,"1.00, 0.00","1.00, 0.00",0.00,"0.00%, 2.89%",0.00%,0.00,98,98
3,94,"1.00, 0.00","1.00, 0.00",0.00,"0.00%, 0.55%",0.00%,0.00,98,98
3,95,"1.00, 0.00","1.00, 0.00",0.00,"0.00%, -1.60%",0.00%,0.00,98,98
3,96,"1.00, 0.00","1.00, 0.00",0.00,"0.00%, -11.52%",0.00%,0.00,98,98
3,97,"1.00, 0.00","1.00, 0.00",0.00,"0.00%, -3.23%",0.00%,0.00,98,98
3,98,"1.00, 0.00","1.00, 0.00",0.00,"0.00%, -2.55%",0.00%,0.00,98,98
3,99,"1.00, 0.00","1.00, 0.00",0.00,"0.00%, -6.50%",0.00%,0.00,98,98
3,100,"1.00, 0.00","1.00, 0.00",0.00,"0.00%, -0.95%",0.00%,0.00,98,98
3,101,"1.00, 0.00","1.00, 0.00",0.00,"0.00%, 4.22%",0.00%,0.00,98,98
3,102,"1.00, 0.00","1.00, 0.00",0.00,"0.00%, 19.10%",0.00%,0.00,98,98
3,103,"1.00, 0.00","1.00, 0.00",0.00,"0.00%, 2.09%",0.00%,0.00,98,98
3,104,"1.00, 0.00","1.00, 0.00",0.00,"0.00%, 2.86%",0.00%,0.00,98,98
3,105,"1.00, 0.00","1.00, 0.00",0.00,"0.00%, -0.17%",0.00%,0.00,98,98
3,106,"1.00, 0.00","1.00, 0.00",0.00,"0.00%, -15.44%",0.00%,0.00,98,98
3,107,"1.00, 0.00","1.00, 0.00",0.00,"0.00%, 0.26%",0.00%,0.00,98,98
3,108,"1.00, 0.00","1.00, 0.00",0.00,"0.00%, 1.05%",0.00%,0.00,98,98
3,109,"1.00, 0.00","1.00, 0.00",0.00,"0.00%, 25.44%",0.00%,0.00,98,98
3,110,"1.00, 0.00","1.00, 0.00",0.00,"0.00%, -1.22%",0.00%,0.00,98,98
3,111,"1.00, 0.00","1.00, 0.00",0.00,"0.00%, 3.27%",0.00%,0.00,98,98
3,112,"1.00, 0.00","1.00, 0.00",0.00,"0.00%, 0.19%",0.00%,0.00,98,98
3,113,"1.00, 0.00","1.00, 0.00",0.00,"0.00%, -9.53%",0.00%,0.00,98,98
3,114,"1.00, 0.00","1.00, 0.00",0.00,"0.00%, 11.39%",0.00%,0.00,98,98
3,115,"1.00, 0.00","1.00, 0.00",0.00,"0.00%, 7.54%",0.00%,0.00,98,98
3,116,"1.00, 0.00","1.00, 0.00",0.00,"0.00%, 7.92%",0.00%,0.00,98,98
3,117,"1.00, 0.00","1.00, 0.00",0.00,"0.00%, -7.40%",0.00%,0.00,98,98
3,118,"1.00, 0.00","1.00, 0.00",0.00,"0.00%, 14.03%",0.00%,0.00,98,98
3,119,"1.00, 0.00","1.00, 0.00",0.00,"0.00%, -11.41%",0.00%,0.00,98,98
3,120,"1.00, 0.00","1.00, 0.00",0.00,"0.00%, 5.95%",0.00%,0.00,98,98
3,121,"1.00, 0.00","1.00, 0.00",0.00,"0.00%, 22.40%",0.00%,0.00,98,98
3,122,"1.00, 0.00","1.00, 0.00",0.00,"0.00%, -8.07%",0.00%,0.00,98,98
3,123,"1.00, 0.00","1.00, 0.00",0.00,"0.00%, -4.49%",0.00%,0.00,98,98
3,124,"1.00, 0.00","1.00, 0.00",0.00,"0.00%, 1.41%",0.00%,0.00,98,98
3,125,"1.00, 0.00","1.00, 0.00",0.00,"0.00%, -3.95%",0.00%,0.00,98,98
3,126,"1.00, 0.00","1.00, 0.00",0.00,"0.00%, -12.59%",0.00%,0.00,98,98
3,127,"1.00, 0.00","1.00, 0.00",0.00,"0.00%, 1.12%",0.00%,0.00,98,98
3,128,"1.00, 0.00","1.00, 0.00",0.00,"0.00%, -8.66%",0.00%,0.00,98,98
3,129,"1.00, 0.00","1.00, 0.00",0.00,"0.00%, 4.88%",0.00%,0.00,98,98
3,130,"1.00, 0.00","1.00, 0.00",0.00,"0.00%, -7.48%",0.00%,0.00,98,98
3,131,"1.00, 0.00","1.00, 0.00",0.00,"0.00%, 15.55%",0.00%,0.00,98,98
3,132,"1.00, 0.00","1.00, 0.00",0.00,"0.00%, -6.34%",0.00%,0.00,98,98
3,133,"1.00, 0.00","1.00, 0.00",0.00,"0.00%, -2.37%",0.00%,0.00,98,98
3,134,"1.00, 0.00","1.00, 0.00",0.00,"0.00%, 8.14%",0.00%,0.00,98,98
3,135,"1.00, 0.00","1.00, 0.00",0.00,"0.00%, -10.04%",0.00%,0.00,98,98
3,136,"1.00, 0.00","1.00, 0.00",0.00,"0.00%, 2.58%",0.00%,0.00,98,98
3,137,"1.00, 0.00","1.00, 0.00",0.00,"0.00%, 13.05%",0.00%,0.00,98,98
3,138,"1.00, 0.00","1.00, 0.00",0.00,"0.00%, -13.04%",0.00%,0.00,98,98
3,139,"1.00, 0.00","1.00, 0.00",0.00,"0.00%, 2.19%",0.00%,0.00,98,98
3,140,"1.00, 0.00","1.00, 0.00",0.00,"0.00%, 2.88%",0.00%,0.00,98,98
3,141,"1.00, 0.00","1.00, 0.00",0.00,"0.00%, 7.83%",0.00%,0.00,98,98
3,142,"1.00, 0.00","1.00, 0.00",0.00,"0.00%, -10.09%",0.00%,0.00,98,98
3,143,"1.00, 0.00","1.00, 0.00",0.00,"0.00%, -10.76%",0.00%,0.00,98,98
3,144,"1.00, 0.00","1.00, 0.00",0.00,"0.00%, 5.33%",0.00%,0.00,98,98
3,145,"1.00, 0.00","1.00, 0.00",0.00,"0.00%, 3.22%",0.00%,0.00,98,98
3,146,"1.00, 0.00","1.00, 0.00",0.00,"0.00%, 2.79%",0.00%,0.00,98,98
3,147,"1.00, 0.00","1.00, 0.00",0.00,"0.00%, 3.68%",0.00%,0.00,98,98
3,148,"1.00, 0.00","1.00, 0.00",0.00,"0.00%, -5.47%",0.00%,0.00,98,98
3,149,"1.00, 0.00","1.00, 0.00",0.00,"0.00%, 2.62%",0.00%,0.00,98,98
3,150,"1.00, 0.00","1.00, 0.00",0.00,"0.00%, 3.19%",0.00%,0.00,98,98
3,151,"1.00, 0.00","1.00, 0.00",0.00,"0.00%, -5.76%",0.00%,0.00,98,98
3,152,"1.00, 0.00","1.00, 0.00",0.00,"0.00%, 18.88%",0.00%,0.00,98,98
3,153,"1.00, 0.00","1.00, 0.00",0.00,"0.00%, 4.88%",0.00%,0.00,98,98
3,154,"1.00, 0.00","1.00, 0.00",0.00,"0.00%, -9.72%",0.00%,0.00,98,98
3,155,"1.00, 0.00","1.00, 0.00",0.00,"0.00%, 6.62%",0.00%,0.00,98,98
3,156,"1.00, 0.00","1.00, 0.00",0.00,"0.00%, -7.94%",0.00%,0.00,98,98
3,157,"1.00, 0.00","1.00, 0.00",0.00,"0.00%, 7.88%",0.00%,0.00,98,98
3,158,"1.00, 0.00","1.00, 0.00",0.00,"0.00%, 11.55%",0.00%,0.00,98,98
3,159,"1.00, 0.00","1.00, 0.00",0.00,"0.00%, -6.65%",0.00%,0.00,98,98
3,160,"1.00, 0.00","1.00, 0.00",0.00,"0.00%, 9.60%",0.00%,0.00,98,98
3,161,"1.00, 0.00","1.00, 0.00",0.00,"0.00%, 4.31%",0.00%,0.00,98,98
3,162,"1.00, 0.00","1.00, 0.00",0.00,"0.00%, 8.22%",0.00%,0.00,98,98
3,163,"1.00, 0.00","1.00, 0.00",0.00,"0.00%, 19.21%",0.00%,0.00,98,98
3,164,"1.00, 0.00","1.00, 0.00",0.00,"0.00%, -1.69%",0.00%,0.00,98,98
3,165,"1.00, 0.00","1.00, 0.00",0.00,"0.00%, -6.09%",0.00%,0.00,98,98
3,166,"1.00, 0.00","1.00, 0.00",0.00,"0.00%, -7.23%",0.00%,0.00,98,98
3,167,"1.00, 0.00","1.00, 0.00",0.00,"0.00%, -6.61%",0.00%,0.00,98,98
3,168,"1.00, 0.00","1.00, 0.00",0.00,"0.00%, -0.19%",0.00%,0.00,98,98
3,169,"1.00, 0.00","1.00, 0.00",0.00,"0.00%, 3.63%",0.00%,0.00,98,98
3,170,"1.00, 0.00","1.00, 0.00",0.00,"0.00%, 3.04%",0.00%,0.00,98,98
3,171,"1.00, 0.00","1.00, 0.00",0.00,"0.00%, 8.27%",0.00%,0.00,98,98
3,172,"1.00, 0.00","1.00, 0.00",0.00,"0.00%, 0.62%",0.00%,0.00,98,98
3,173,"1.00, 0.00","1.00, 0.00",0.00,"0.00%, 14.55%",0.00%,0.00,98,98
3,174,"1.00, 0.00","1.00, 0.00",0.00,"0.00%, -1.86%",0.00%,0.00,98,98
3,175,"1.00, 0.00","1.00, 0.00",0.00,"0.00%, 28.38%",0.00%,0.00,98,98
3,176,"1.00, 0.00","1.00, 0.00",0.00,"0.00%, 6.32%",0.00%,0.00,98,98
3,177,"1.00, 0.00","1.00, 0.00",0.00,"0.00%, -6.96%",0.00%,0.00,98,98
3,178,"1.00, 0.00","1.00, 0.00",0.00,"0.00%, -8.73%",0.00%,0.00,98,98
3,179,"1.00, 0.00","1.00, 0.00",0.00,"0.00%, 4.96%",0.00%,0.00,98,98
3,180,"1.00, 0.00","1.00, 0.00",0.00,"0.00%, -1.50%",0.00%,0.00,98,98
3,181,"1.00, 0.00","1.00, 0.00",0.00,"0.00%, 7.17%",0.00%,0.00,98,98
3,182,"1.00, 0.00","1.00, 0.00",0.00,"0.00%, 4.87%",0.00%,0.00,98,98
3,183,"1.00, 0.00","1.00, 0.00",0.00,"0.00%, -0.16%",0.00%,0.00,98,98
3,184,"1.00, 0.00","1.00, 0.00",0.00,"0.00%, -6.87%",0.00%,0.00,98,98
3,185,"1.00, 0.00","1.00, 0.00",0.00,"0.00%, -12.31%",0.00%,0.00,98,98
3,186,"1.00, 0.00","1.00, 0.00",0.00,"0.00%, -3.46%",0.00%,0.00,98,98
3,187,"1.00, 0.00","1.00, 0.00",0.00,"0.00%, 8.55%",0.00%,0.00,98,98
3,188,"1.00, 0.00","1.00, 0.00",0.00,"0.00%, 2.46%",0.00%,0.00,98,98
3,189,"1.00, 0.00","1.00, 0.00",0.00,"0.00%, -10.16%",0.00%,0.00,98,98
3,190,"1.00, 0.00","1.00, 0.00",0.00,"0.00%, 2.08%",0.00%,0.00,98,98
3,191,"1.00, 0.00","1.00, 0.00",0.00,"0.00%, 4.05%",0.00%,0.00,98,98
3,192,"1.00, 0.00","1.00, 0.00",0.00,"0.00%, -7.18%",0.00%,0.00,98,98
3,193,"1.00, 0.00","1.00, 0.00",0.00,"0.00%, 1.90%",0.00%,0.00,98,98
3,194,"1.00, 0.00","1.00, 0.00",0.00,"0.00%, 1.03%",0.00%,0.00,98,98
3,195,"1.00, 0.00","1.00, 0.00",0.00,"0.00%, -9.32%",0.00%,0.00,98,98
3,196,"1.00, 0.00","1.00, 0.00",0.00,"0.00%, 3.79%",0.00%,0.00,98,98
3,197,"1.00, 0.00","1.00, 0.00",0.00,"0.00%, 5.70%",0.00%,0.00,98,98
3,198,"1.00, 0.00","1.00, 0.00",0.00,"0.00%, 10.79%",0.00%,0.00,98,98
3,199,"1.00, 0.00","1.00, 0.00",0.00,"0.00%, 10.50%",0.00%,0.00,98,98
3,200,"1.00, 0.00","1.00, 0.00",0.00,"0.00%, -11.22%",0.00%,0.00,98,98
3,201,"1.00, 0.00","1.00, 0.00",0.00,"0.00%, -7.63%",0.00%,0.00,98,98
3,202,"1.00, 0.00","1.00, 0.00",0.00,"0.00%, 5.27%",0.00%,0.00,98,98
3,203,"1.00, 0.00","1.00, 0.00",0.00,"0.00%, 5.26%",0.00%,0.00,98,98
3,204,"1.00, 0.00","1.00, 0.00",0.00,"0.00%, 5.27%",0.00%,0.00,98,98
3,205,"1.00, 0.00","1.00, 0.00",0.00,"0.00%, 42.15%",0.00%,0.00,98,98
3,206,"1.00, 0.00","1.00, 0.00",0.00,"0.00%, 5.80%",0.00%,0.00,98,98
3,207,"1.00, 0.00","1.00, 0.00",0.00,"0.00%, 11.32%",0.00%,0.00,98,98
3,208,"1.00, 0.00","1.00, 0.00",0.00,"0.00%, 9.51%",0.00%,0.00,98,98
3,209,"1.00, 0.00","1.00, 0.00",0.00,"0.00%, 6.57%",0.00%,0.00,98,98
3,210,"1.00, 0.00","1.00, 0.00",0.00,"0.00%, -2.31%",0.00%,0.00,98,98
3,211,"1.00, 0.00","1.00, 0.00",0.00,"0.00%, 7.61%",0.00%,0.00,98,98
3,212,"1.00, 0.00","1.00, 0.00",0.00,"0.00%, -6.25%",0.00%,0.00,98,98
3,213,"1.00, 0.00","1.00, 0.00",0.00,"0.00%, -1.62%",0.00%,0.00,98,98
3,214,"1.00, 0.00","1.00, 0.00",0.00,"0.00%, -3.79%",0.00%,0.00,98,98
3,215,"1.00, 0.00","1.00, 0.00",0.00,"0.00%, 1.24%",0.00%,0.00,98,98
3,216,"1.00, 0.00","1.00, 0.00",0.00,"0.00%, 23.78%",0.00%,0.00,98,98
3,217,"1.00, 0.00","1.00, 0.00",0.00,"0.00%, -15.05%",0.00%,0.00,98,98
3,218,"1.00, 0.00","1.00, 0.00",0.00,"0.00%, 6.90%",0.00%,0.00,98,98
3,219,"1.00, 0.00","1.00, 0.00",0.00,"0.00%, -13.08%",0.00%,0.00,98,98
3,220,"1.00, 0.00","1.00, 0.00",0.00,"0.00%, -3.68%",0.00%,0.00,98,98
3,221,"1.00, 0.00","1.00, 0.00",0.00,"0.00%, 10.85%",0.00%,0.00,98,98
3,222,"1.00, 0.00","1.00, 0.00",0.00,"0.00%, 1.08%",0.00%,0.00,98,98
3,223,"1.00, 0.00","1.00, 0.00",0.00,"0.00%, -8.79%",0.00%,0.00,98,98
3,224,"1.00, 0.00","1.00, 0.00",0.00,"0.00%, -5.76%",0.00%,0.00,98,98
3,225,"1.00, 0.00","1.00, 0.00",0.00,"0.00%, 6.84%",0.00%,0.00,98,98
3,226,"1.00, 0.00","1.00, 0.00",0.00,"0.00%, -5.89%",0.00%,0.00,98,98
3,227,"1.00, 0.00","1.00, 0.00",0.00,"0.00%, 2.48%",0.00%,0.00,98,98
3,228,"1.00, 0.00","1.00, 0.00",0.00,"0.00%, 0.91%",0.00%,0.00,98,98
3,229,"1.00, 0.00","1.00, 0.00",0.00,"0.00%, -5.22%",0.00%,0.00,98,98
3,230,"1.00, 0.00","1.00, 0.00",0.00,"0.00%, 21.89%",0.00%,0.00,98,98
3,231,"1.00, 0.00","1.00, 0.00",0.00,"0.00%, 6.40%",0.00%,0.00,98,98
3,232,"1.00, 0.00","1.00, 0.00",0.00,"0.00%, -16.24%",0.00%,0.00,98,98
3,233,"1.00, 0.00","1.00, 0.00",0.00,"0.00%, 2.20%",0.00%,0.00,98,98
3,234,"1.00, 0.00","1.00, 0.00",0.00,"0.00%, -5.31%",0.00%,0.00,98,98
3,235,"1.00, 0.00","1.00, 0.00",0.00,"0.00%, 8.52%",0.00%,0.00,98,98
3,236,"1.00, 0.00","1.00, 0.00",0.00,"0.00%, -6.42%",0.00%,0.00,98,98
3,237,"1.00, 0.00","1.00, 0.00",0.00,"0.00%, -0.53%",0.00%,0.00,98,98
3,238,"1.00, 0.00","1.00, 0.00",0.00,"0.00%, 5.17%",0.00%,0.00,98,98
3,239,"1.00, 0.00","1.00, 0.00",0.00,"0.00%, 8.65%",0.00%,0.00,98,98
3,240,"1.00, 0.00","1.00, 0.00",0.00,"0.00%, -9.79%",0.00%,0.00,98,98
3,241,"1.00, 0.00","1.00, 0.00",0.00,"0.00%, -2.48%",0.00%,0.00,98,98
3,242,"1.00, 0.00","1.00, 0.00",0.00,"0.00%, -3.70%",0.00%,0.00,98,98
3,243,"1.00, 0.00","1.00, 0.00",0.00,"0.00%, -5.24%",0.00%,0.00,98,98
3,244,"1.00, 0.00","1.00, 0.00",0.00,"0.00%, 17.81%",0.00%,0.00,98,98
3,245,"1.00, 0.00","1.00, 0.00",0.00,"0.00%, 4.23%",0.00%,0.00,98,98
3,246,"1.00, 0.00","1.00, 0.00",0.00,"0.00%, -10.28%",0.00%,0.00,98,98
3,247,"1.00, 0.00","1.00, 0.00",0.00,"0.00%, 9.16%",0.00%,0.00,98,98
3,248,"1.00, 0.00","1.00, 0.00",0.00,"0.00%, 21.65%",0.00%,0.00,98,98
3,249,"1.00, 0.00","1.00, 0.00",0.00,"0.00%, 10.29%",0.00%,0.00,98,98
3,250,"1.00, 0.00","1.00, 0.00",0.00,"0.00%, -12.34%",0.00%,0.00,98,98
3,251,"1.00, 0.00","1.00, 0.00",0.00,"0.00%, -3.78%",0.00%,0.00,98,98
3,252,"1.00, 0.00","1.00, 0.00",0.00,"0.00%, 12.64%",0.00%,0.00,98,98
3,253,"1.00, 0.00","1.00, 0.00",0.00,"0.00%, -5.70%",0.00%,0.00,98,98
3,254,"1.00, 0.00","1.00, 0.00",0.00,"0.00%, 4.60%",0.00%,0.00,98,98
3,255,"1.00, 0.00","1.00, 0.00",0.00,"0.00%, 7.76%",0.00%,0.00,98,98
3,256,"1.00, 0.00","1.00, 0.00",0.00,"0.00%, -7.54%",0.00%,0.00,98,98
3,257,"1.00, 0.00","1.00, 0.00",0.00,"0.00%, -0.04%",0.00%,0.00,98,98
3,258,"1.00, 0.00","1.00, 0.00",0.00,"0.00%, -24.93%",0.00%,0.00,98,98
3,259,"1.00, 0.00","1.00, 0.00",0.00,"0.00%, -8.35%",0.00%,0.00,98,98
3,260,"1.00, 0.00","1.00, 0.00",0.00,"0.00%, -1.76%",0.00%,0.00,98,98
3,261,"1.00, 0.00","1.00, 0.00",0.00,"0.00%, -10.17%",0.00%,0.00,98,98
3,262,"1.00, 0.00","1.00, 0.00",0.00,"0.00%, 16.41%",0.00%,0.00,98,98
3,263,"1.00, 0.00","1.00, 0.00",0.00,"0.00%, -11.64%",0.00%,0.00,98,98
3,264,"1.00, 0.00","1.00, 0.00",0.00,"0.00%, -3.40%",0.00%,0.00,98,98
3,265,"1.00, 0.00","1.00, 0.00",0.00,"0.00%, 1.69%",0.00%,0.00,98,98
3,266,"1.00, 0.00","1.00, 0.00",0.00,"0.00%, 14.42%",0.00%,0.00,98,98
3,267,"1.00, 0.00","1.00, 0.00",0.00,"0.00%, -11.68%",0.00%,0.00,98,98
3,268,"1.00, 0.00","1.00, 0.00",0.00,"0.00%, 11.59%",0.00%,0.00,98,98
3,269,"1.00, 0.00","1.00, 0.00",0.00,"0.00%, 0.59%",0.00%,0.00,98,98
3,270,"1.00, 0.00","1.00, 0.00",0.00,"0.00%, -8.00%",0.00%,0.00,98,98
3,271,"1.00, 0.00","1.00, 0.00",0.00,"0.00%, 4.77%",0.00%,0.00,98,98
3,272,"1.00, 0.00","1.00, 0.00",0.00,"0.00%, 2.32%",0.00%,0.00,98,98
3,273,"1.00, 0.00","1.00, 0.00",0.00,"0.00%, -4.78%",0.00%,0.00,98,98
3,274,"1.00, 0.00","1.00, 0.00",0.00,"0.00%, 1.13%",0.00%,0.00,98,98
3,275,"1.00, 0.00","1.00, 0.00",0.00,"0.00%, -2.92%",0.00%,0.00,98,98
3,276,"1.00, 0.00","1.00, 0.00",0.00,"0.00%, 1.53%",0.00%,0.00,98,98
3,277,"1.00, 0.00","1.00, 0.00",0.00,"0.00%, 6.67%",0.00%,0.00,98,98
3,278,"1.00, 0.00","1.00, 0.00",0.00,"0.00%, 15.92%",0.00%,0.00,98,98
3,279,"1.00, 0.00","1.00, 0.00",0.00,"0.00%, -10.09%",0.00%,0.00,98,98
3,280,"1.00, 0.00","1.00, 0.00",0.00,"0.00%, 21.77%",0.00%,0.00,98,98
3,281,"1.00, 0.00","1.00, 0.00",0.00,"0.00%, -15.69%",0.00%,0.00,98,98
3,282,"1.00, 0.00","1.00, 0.00",0.00,"0.00%, -0.86%",0.00%,0.00,98,98
3,283,"1.00, 0.00","1.00, 0.00",0.00,"0.00%, 5.97%",0.00%,0.00,98,98
3,284,"1.00, 0.00","1.00, 0.00",0.00,"0.00%, 3.08%",0.00%,0.00,98,98
3,285,"1.00, 0.00","1.00, 0.00",0.00,"0.00%, -4.98%",0.00%,0.00,98,98
3,286,"1.00, 0.00","1.00, 0.00",0.00,"0.00%, -1.36%",0.00%,0.00,98,98
3,287,"1.00, 0.00","1.00, 0.00",0.00,"0.00%, -3.86%",0.00%,0.00,98,98
3,288,"1.00, 0.00","1.00, 0.00",0.00,"0.00%, -4.69%",0.00%,0.00,98,98
3,289,"1.00, 0.00","1.00, 0.00",0.00,"0.00%, 8.49%",0.00%,0.00,98,98
3,290,"1.00, 0.00","1.00, 0.00",0.00,"0.00%, 3.78%",0.00%,0.00,98,98
3,291,"1.00, 0.00","1.00, 0.00",0.00,"0.00%, -5.57%",0.00%,0.00,98,98
3,292,"1.00, 0.00","1.00, 0.00",0.00,"0.00%, 8.98%",0.00%,0.00,98,98
3,293,"1.00, 0.00","1.00, 0.00",0.00,"0.00%, 3.32%",0.00%,0.00,98,98
3,294,"1.00, 0.00","1.00, 0.00",0.00,"0.00%, 8.13%",0.00%,0.00,98,98
3,295,"1.00, 0.00","1.00, 0.00",0.00,"0.00%, 6.36%",0.00%,0.00,98,98
3,296,"1.00, 0.00","1.00, 0.00",0.00,"0.00%, -6.72%",0.00%,0.00,98,98
3,297,"1.00, 0.00","1.00, 0.00",0.00,"0.00%, -4.44%",0.00%,0.00,98,98
3,298,"1.00, 0.00","1.00, 0.00",0.00,"0.00%, 7.49%",0.00%,0.00,98,98
3,299,"1.00, 0.00","1.00, 0.00",0.00,"0.00%, 6.18%",0.00%,0.00,98,98
3,300,"1.00, 0.00","1.00, 0.00",0.00,"0.00%, 0.31%",0.00%,0.00,98,98
3,301,"1.00, 0.00","1.00, 0.00",0.00,"0.00%, 1.57%",0.00%,0.00,98,98
3,302,"1.00, 0.00","1.00, 0.00",0.00,"0.00%, 12.75%",0.00%,0.00,98,98
3,303,"1.00, 0.00","1.00, 0.00",0.00,"0.00%, -4.71%",0.00%,0.00,98,98
3,304,"1.00, 0.00","1.00, 0.00",0.00,"0.00%, 5.57%",0.00%,0.00,98,98
3,305,"1.00, 0.00","1.00, 0.00",0.00,"0.00%, -1.31%",0.00%,0.00,98,98
3,306,"1.00, 0.00","1.00, 0.00",0.00,"0.00%, -1.45%",0.00%,0.00,98,98
3,307,"1.00, 0.00","1.00, 0.00",0.00,"0.00%, 10.95%",0.00%,0.00,98,98
3,308,"1.00, 0.00","1.00, 0.00",0.00,"0.00%, 8.25%",0.00%,0.00,98,98
3,309,"1.00, 0.00","1.00, 0.00",0.00,"0.00%, 8.14%",0.00%,0.00,98,98
3,310,"1.00, 0.00","1.00, 0.00",0.00,"0.00%, 13.03%",0.00%,0.00,98,98
3,311,"1.00, 0.00","1.00, 0.00",0.00,"0.00%, 0.69%",0.00%,0.00,98,98
3,312,"1.00, 0.00","1.00, 0.00",0.00,"0.00%, 6.86%",0.00%,0.00,98,98
3,313,"1.00, 0.00","1.00, 0.00",0.00,"0.00%, -2.27%",0.00%,0.00,98,98
3,314,"1.00, 0.00","1.00, 0.00",0.00,"0.00%, 3.48%",0.00%,0.00,98,98
3,315,"1.00, 0.00","1.00, 0.00",0.00,"0.00%, -0.67%",0.00%,0.00,98,98
3,316,"1.00, 0.00","1.00, 0.00",0.00,"0.00%, 1.38%",0.00%,0.00,98,98
3,317,"1.00, 0.00","1.00, 0.00",0.00,"0.00%, 6.03%",0.00%,0.00,98,98
3,318,"1.00, 0.00","1.00, 0.00",0.00,"0.00%, -6.63%",0.00%,0.00,98,98
3,319,"1.00, 0.00","1.00, 0.00",0.00,"0.00%, 21.33%",0.00%,0.00,98,98
3,320,"1.00, 0.00","1.00, 0.00",0.00,"0.00%, -8.20%",0.00%,0.00,98,98
3,321,"1.00, 0.00","1.00, 0.00",0.00,"0.00%, -9.90%",0.00%,0.00,98,98
3,322,"1.00, 0.00","1.00, 0.00",0.00,"0.00%, 11.54%",0.00%,0.00,98,98
3,323,"1.00, 0.00","1.00, 0.00",0.00,"0.00%, 7.92%",0.00%,0.00,98,98
3,324,"1.00, 0.00","1.00, 0.00",0.00,"0.00%, 6.31%",0.00%,0.00,98,98
3,325,"1.00, 0.00","1.00, 0.00",0.00,"0.00%, 6.35%",0.00%,0.00,98,98
3,326,"1.00, 0.00","1.00, 0.00",0.00,"0.00%, 0.39%",0.00%,0.00,98,98
3,327,"1.00, 0.00","1.00, 0.00",0.00,"0.00%, -7.30%",0.00%,0.00,98,98
3,328,"1.00, 0.00","1.00, 0.00",0.00,"0.00%, 1.19%",0.00%,0.00,98,98
3,329,"1.00, 0.00","1.00, 0.00",0.00,"0.00%, -5.44%",0.00%,0.00,98,98
3,330,"1.00, 0.00","1.00, 0.00",0.00,"0.00%, 9.72%",0.00%,0.00,98,98
3,331,"1.00, 0.00","1.00, 0.00",0.00,"0.00%, -0.82%",0.00%,0.00,98,98
3,332,"1.00, 0.00","1.00, 0.00",0.00,"0.00%, -6.69%",0.00%,0.00,98,98
3,333,"1.00, 0.00","1.00, 0.00",0.00,"0.00%, -2.36%",0.00%,0.00,98,98
3,334,"1.00, 0.00","1.00, 0.00",0.00,"0.00%, 4.31%",0.00%,0.00,98,98
3,335,"1.00, 0.00","1.00, 0.00",0.00,"0.00%, -4.47%",0.00%,0.00,98,98
3,336,"1.00, 0.00","1.00, 0.00",0.00,"0.00%, -6.67%",0.00%,0.00,98,98
3,337,"1.00, 0.00","1.00, 0.00",0.00,"0.00%, 2.73%",0.00%,0.00,98,98
3,338,"1.00, 0.00","1.00, 0.00",0.00,"0.00%, 2.74%",0.00%,0.00,98,98
3,339,"1.00, 0.00","1.00, 0.00",0.00,"0.00%, -3.98%",0.00%,0.00,98,98
3,340,"1.00, 0.00","1.00, 0.00",0.00,"0.00%, -3.67%",0.00%,0.00,98,98
3,341,"1.00, 0.00","1.00, 0.00",0.00,"0.00%, 2.62%",0.00%,0.00,98,98
3,342,"1.00, 0.00","1.00, 0.00",0.00,"0.00%, -11.78%",0.00%,0.00,98,98
3,343,"1.00, 0.00","1.00, 0.00",0.00,"0.00%, -11.46%",0.00%,0.00,98,98
3,344,"1.00, 0.00","1.00, 0.00",0.00,"0.00%, -5.79%",0.00%,0.00,98,98
3,345,"1.00, 0.00","1.00, 0.00",0.00,"0.00%, -1.41%",0.00%,0.00,98,98
3,346,"1.00, 0.00","1.00, 0.00",0.00,"0.00%, 3.35%",0.00%,0.00,98,98
3,347,"1.00, 0.00","1.00, 0.00",0.00,"0.00%, 14.77%",0.00%,0.00,98,98
3,348,"1.00, 0.00","1.00, 0.00",0.00,"0.00%, 8.57%",0.00%,0.00,98,98
3,349,"1.00, 0.00","1.00, 0.00",0.00,"0.00%, -0.94%",0.00%,0.00,98,98
3,350,"1.00, 0.00","1.00, 0.00",0.00,"0.00%, 0.33%",0.00%,0.00,98,98
3,351,"1.00, 0.00","1.00, 0.00",0.00,"0.00%, -8.17%",0.00%,0.00,98,98
3,352,"1.00, 0.00","1.00, 0.00",0.00,"0.00%, 0.33%",0.00%,0.00,98,98
3,353,"1.00, 0.00","1.00, 0.00",0.00,"0.00%, -2.08%",0.00%,0.00,98,98
3,354,"1.00, 0.00","1.00, 0.00",0.00,"0.00%, 3.46%",0.00%,0.00,98,98
3,355,"1.00, 0.00","1.00, 0.00",0.00,"0.00%, -6.71%",0.00%,0.00,98,98
3,356,"1.00, 0.00","1.00, 0.00",0.00,"0.00%, 5.31%",0.00%,0.00,98,98
3,357,"1.00, 0.00","1.00, 0.00",0.00,"0.00%, 15.37%",0.00%,0.00,98,98
3,358,"1.00, 0.00","1.00, 0.00",0.00,"0.00%, -0.48%",0.00%,0.00,98,98
3,359,"1.00, 0.00","1.00, 0.00",0.00,"0.00%, 4.20%",0.00%,0.00,98,98
3,360,"1.00, 0.00","1.00, 0.00",0.00,"0.00%, 6.94%",0.00%,0.00,98,98
3,361,"1.00, 0.00","1.00, 0.00",0.00,"0.00%, -3.06%",0.00%,0.00,98,98
3,362,"1.00, 0.00","1.00, 0.00",0.00,"0.00%, 2.55%",0.00%,0.00,98,98
3,363,"1.00, 0.00","1.00, 0.00",0.00,"0.00%, 0.62%",0.00%,0.00,98,98
3,364,"1.00, 0.00","1.00, 0.00",0.00,"0.00%, 1.39%",0.00%,0.00,98,98
3,365,"1.00, 0.00","1.00, 0.00",0.00,"0.00%, -6.25%",0.00%,0.00,98,98
3,366,"1.00, 0.00","1.00, 0.00",0.00,"0.00%, 0.72%",0.00%,0.00,98,98
3,367,"1.00, 0.00","1.00, 0.00",0.00,"0.00%, 5.11%",0.00%,0.00,98,98
3,368,"1.00, 0.00","1.00, 0.00",0.00,"0.00%, 14.52%",0.00%,0.00,98,98
3,369,"1.00, 0.00","1.00, 0.00",0.00,"0.00%, 9.56%",0.00%,0.00,98,98
3,370,"1.00, 0.00","1.00, 0.00",0.00,"0.00%, 21.99%",0.00%,0.00,98,98
3,371,"1.00, 0.00","1.00, 0.00",0.00,"0.00%, -6.21%",0.00%,0.00,98,98
3,372,"1.00, 0.00","1.00, 0.00",0.00,"0.00%, 8.71%",0.00%,0.00,98,98
3,373,"1.00, 0.00","1.00, 0.00",0.00,"0.00%, 2.17%",0.00%,0.00,98,98
3,374,"1.00, 0.00","1.00, 0.00",0.00,"0.00%, 22.39%",0.00%,0.00,98,98
3,375,"1.00, 0.00","1.00, 0.00",0.00,"0.00%, -6.55%",0.00%,0.00,98,98
3,376,"1.00, 0.00","1.00, 0.00",0.00,"0.00%, -6.81%",0.00%,0.00,98,98
3,377,"1.00, 0.00","1.00, 0.00",0.00,"0.00%, -4.78%",0.00%,0.00,98,98
3,378,"1.00, 0.00","1.00, 0.00",0.00,"0.00%, -16.99%",0.00%,0.00,98,98
3,379,"1.00, 0.00","1.00, 0.00",0.00,"0.00%, -4.14%",0.00%,0.00,98,98
3,380,"1.00, 0.00","1.00, 0.00",0.00,"0.00%, -6.14%",0.00%,0.00,98,98
3,381,"1.00, 0.00","1.00, 0.00",0.00,"0.00%, 1.87%",0.00%,0.00,98,98
3,382,"1.00, 0.00","1.00, 0.00",0.00,"0.00%, 3.64%",0.00%,0.00,98,98
3,383,"1.00, 0.00","1.00, 0.00",0.00,"0.00%, 18.99%",0.00%,0.00,98,98
3,384,"1.00, 0.00","1.00, 0.00",0.00,"0.00%, 9.48%",0.00%,0.00,98,98
3,385,"1.00, 0.00","1.00, 0.00",0.00,"0.00%, -4.58%",0.00%,0.00,98,98
3,386,"1.00, 0.00","1.00, 0.00",0.00,"0.00%, -7.31%",0.00%,0.00,98,98
3,387,"1.00, 0.00","1.00, 0.00",0.00,"0.00%, 5.05%",0.00%,0.00,98,98
3,388,"1.00, 0.00","1.00, 0.00",0.00,"0.00%, -10.76%",0.00%,0.00,98,98
3,389,"1.00, 0.00","1.00, 0.00",0.00,"0.00%, 18.51%",0.00%,0.00,98,98
3,390,"1.00, 0.00","1.00, 0.00",0.00,"0.00%, 11.76%",0.00%,0.00,98,98
3,391,"1.00, 0.00","1.00, 0.00",0.00,"0.00%, -3.65%",0.00%,0.00,98,98
3,392,"1.00, 0.00","1.00, 0.00",0.00,"0.00%, -13.86%",0.00%,0.00,98,98
3,393,"1.00, 0.00","1.00, 0.00",0.00,"0.00%, 13.52%",0.00%,0.00,98,98
3,394,"1.00, 0.00","1.00, 0.00",0.00,"0.00%, -0.53%",0.00%,0.00,98,98
3,395,"1.00, 0.00","1.00, 0.00",0.00,"0.00%, 12.34%",0.00%,0.00,98,98
3,396,"1.00, 0.00","1.00, 0.00",0.00,"0.00%, -12.93%",0.00%,0.00,98,98
3,397,"1.00, 0.00","1.00, 0.00",0.00,"0.00%, -4.78%",0.00%,0.00,98,98
3,398,"1.00, 0.00","1.00, 0.00",0.00,"0.00%, 0.55%",0.00%,0.00,98,98
3,399,"1.00, 0.00","1.00, 0.00",0.00,"0.00%, 0.93%",0.00%,0.00,98,98
3,400,"1.00, 0.00","1.00, 0.00",0.00,"0.00%, -3.49%",0.00%,0.00,98,98
3,401,"1.00, 0.00","1.00, 0.00",0.00,"0.00%, 6.30%",0.00%,0.00,98,98
3,402,"1.00, 0.00","1.00, 0.00",0.00,"0.00%, -8.71%",0.00%,0.00,98,98
3,403,"1.00, 0.00","1.00, 0.00",0.00,"0.00%, -0.78%",0.00%,0.00,98,98
3,404,"1.00, 0.00","1.00, 0.00",0.00,"0.00%, 1.60%",0.00%,0.00,98,98
3,405,"1.00, 0.00","1.00, 0.00",0.00,"0.00%, 5.26%",0.00%,0.00,98,98
3,406,"1.00, 0.00","1.00, 0.00",0.00,"0.00%, 7.15%",0.00%,0.00,98,98
3,407,"1.00, 0.00","1.00, 0.00",0.00,"0.00%, -9.17%",0.00%,0.00,98,98
3,408,"1.00, 0.00","1.00, 0.00",0.00,"0.00%, -12.46%",0.00%,0.00,98,98
3,409,"1.00, 0.00","1.00, 0.00",0.00,"0.00%, 12.75%",0.00%,0.00,98,98
3,410,"1.00, 0.00","1.00, 0.00",0.00,"0.00%, 3.55%",0.00%,0.00,98,98
3,411,"1.00, 0.00","1.00, 0.00",0.00,"0.00%, -6.05%",0.00%,0.00,98,98
3,412,"1.00, 0.00","1.00, 0.00",0.00,"0.00%, 15.56%",0.00%,0.00,98,98
3,413,"1.00, 0.00","1.00, 0.00",0.00,"0.00%, 1.55%",0.00%,0.00,98,98
3,414,"1.00, 0.00","1.00, 0.00",0.00,"0.00%, 11.75%",0.00%,0.00,98,98
3,415,"1.00, 0.00","1.00, 0.00",0.00,"0.00%, 1.11%",0.00%,0.00,98,98
3,416,"1.00, 0.00","1.00, 0.00",0.00,"0.00%, 20.98%",0.00%,0.00,98,98
3,417,"1.00, 0.00","1.00, 0.00",0.00,"0.00%, 17.70%",0.00%,0.00,98,98
3,418,"1.00, 0.00","1.00, 0.00",0.00,"0.00%, -1.73%",0.00%,0.00,98,98
3,419,"1.00, 0.00","1.00, 0.00",0.00,"0.00%, 9.68%",0.00%,0.00,98,98
3,420,"1.00, 0.00","1.00, 0.00",0.00,"0.00%, 6.51%",0.00%,0.00,98,98
3,421,"1.00, 0.00","1.00, 0.00",0.00,"0.00%, 13.68%",0.00%,0.00,98,98
3,422,"1.00, 0.00","1.00, 0.00",0.00,"0.00%, -7.86%",0.00%,0.00,98,98
3,423,"1.00, 0.00","1.00, 0.00",0.00,"0.00%, 6.90%",0.00%,0.00,98,98
3,424,"1.00, 0.00","1.00, 0.00",0.00,"0.00%, 10.55%",0.00%,0.00,98,98
3,425,"1.00, 0.00","1.00, 0.00",0.00,"0.00%, -14.21%",0.00%,0.00,98,98
3,426,"1.00, 0.00","1.00, 0.00",0.00,"0.00%, -9.65%",0.00%,0.00,98,98
3,427,"1.00, 0.00","1.00, 0.00",0.00,"0.00%, -16.35%",0.00%,0.00,98,98
3,428,"1.00, 0.00","1.00, 0.00",0.00,"0.00%, -1.91%",0.00%,0.00,98,98
3,429,"1.00, 0.00","1.00, 0.00",0.00,"0.00%, 7.21%",0.00%,0.00,98,98
3,430,"1.00, 0.00","1.00, 0.00",0.00,"0.00%, 15.05%",0.00%,0.00,98,98
3,431,"1.00, 0.00","1.00, 0.00",0.00,"0.00%, 1.17%",0.00%,0.00,98,98
3,432,"1.00, 0.00","1.00, 0.00",0.00,"0.00%, 16.37%",0.00%,0.00,98,98
3,433,"1.00, 0.00","1.00, 0.00",0.00,"0.00%, -11.24%",0.00%,0.00,98,98
3,434,"1.00, 0.00","1.00, 0.00",0.00,"0.00%, -13.78%",0.00%,0.00,98,98
3,435,"1.00, 0.00","1.00, 0.00",0.00,"0.00%, 0.00%",0.00%,0.00,98,98
3,436,"1.00, 0.00","1.00, 0.00",0.00,"0.00%, 4.04%",0.00%,0.00,98,98
3,437,"1.00, 0.00","1.00, 0.00",0.00,"0.00%, 0.21%",0.00%,0.00,98,98
3,438,"1.00, 0.00","1.00, 0.00",0.00,"0.00%, -16.56%",0.00%,0.00,98,98
3,439,"1.00, 0.00","1.00, 0.00",0.00,"0.00%, -0.30%",0.00%,0.00,98,98
3,440,"1.00, 0.00","1.00, 0.00",0.00,"0.00%, -10.63%",0.00%,0.00,98,98
3,441,"1.00, 0.00","1.00, 0.00",0.00,"0.00%, 6.74%",0.00%,0.00,98,98
3,442,"1.00, 0.00","1.00, 0.00",0.00,"0.00%, 3.87%",0.00%,0.00,98,98
3,443,"1.00, 0.00","1.00, 0.00",0.00,"0.00%, -7.65%",0.00%,0.00,98,98
3,444,"1.00, 0.00","1.00, 0.00",0.00,"0.00%, -4.04%",0.00%,0.00,98,98
3,445,"1.00, 0.00","1.00, 0.00",0.00,"0.00%, -8.64%",0.00%,0.00,98,98
3,446,"1.00, 0.00","1.00, 0.00",0.00,"0.00%, -0.06%",0.00%,0.00,98,98
3,447,"1.00, 0.00","1.00, 0.00",0.00,"0.00%, 9.52%",0.00%,0.00,98,98
3,448,"1.00, 0.00","1.00, 0.00",0.00,"0.00%, -8.03%",0.00%,0.00,98,98
3,449,"1.00, 0.00","1.00, 0.00",0.00,"0.00%, 5.17%",0.00%,0.00,98,98
3,450,"1.00, 0.00","1.00, 0.00",0.00,"0.00%, -4.18%",0.00%,0.00,98,98
3,451,"1.00, 0.00","1.00, 0.00",0.00,"0.00%, -6.42%",0.00%,0.00,98,98
3,452,"1.00, 0.00","1.00, 0.00",0.00,"0.00%, -0.46%",0.00%,0.00,98,98
3,453,"1.00, 0.00","1.00, 0.00",0.00,"0.00%, -8.44%",0.00%,0.00,98,98
3,454,"1.00, 0.00","1.00, 0.00",0.00,"0.00%, -4.38%",0.00%,0.00,98,98
3,455,"1.00, 0.00","1.00, 0.00",0.00,"0.00%, -9.77%",0.00%,0.00,98,98
3,456,"1.00, 0.00","1.00, 0.00",0.00,"0.00%, 19.94%",0.00%,0.00,98,98
3,457,"1.00, 0.00","1.00, 0.00",0.00,"0.00%, 0.82%",0.00%,0.00,98,98
3,458,"1.00, 0.00","1.00, 0.00",0.00,"0.00%, -5.63%",0.00%,0.00,98,98
3,459,"1.00, 0.00","1.00, 0.00",0.00,"0.00%, 2.46%",0.00%,0.00,98,98
3,460,"1.00, 0.00","1.00, 0.00",0.00,"0.00%, -0.51%",0.00%,0.00,98,98
3,461,"1.00, 0.00","1.00, 0.00",0.00,"0.00%, -1.48%",0.00%,0.00,98,98
3,462,"1.00, 0.00","1.00, 0.00",0.00,"0.00%, 6.21%",0.00%,0.00,98,98
3,463,"1.00, 0.00","1.00, 0.00",0.00,"0.00%, 7.59%",0.00%,0.00,98,98
3,464,"1.00, 0.00","1.00, 0.00",0.00,"0.00%, -4.18%",0.00%,0.00,98,98
3,465,"1.00, 0.00","1.00, 0.00",0.00,"0.00%, -4.57%",0.00%,0.00,98,98
3,466,"1.00, 0.00","1.00, 0.00",0.00,"0.00%, -1.96%",0.00%,0.00,98,98
3,467,"1.00, 0.00","1.00, 0.00",0.00,"0.00%, -18.30%",0.00%,0.00,98,98
3,468,"1.00, 0.00","1.00, 0.00",0.00,"0.00%, -12.31%",0.00%,0.00,98,98
3,469,"1.00, 0.00","1.00, 0.00",0.00,"0.00%, 13.66%",0.00%,0.00,98,98
3,470,"1.00, 0.00","1.00, 0.00",0.00,"0.00%, 16.54%",0.00%,0.00,98,98
3,471,"1.00, 0.00","1.00, 0.00",0.00,"0.00%, -1.73%",0.00%,0.00,98,98
3,472,"1.00, 0.00","1.00, 0.00",0.00,"0.00%, 5.85%",0.00%,0.00,98,98
3,473,"1.00, 0.00","1.00, 0.00",0.00,"0.00%, 3.36%",0.00%,0.00,98,98
3,474,"1.00, 0.00","1.00, 0.00",0.00,"0.00%, 32.59%",0.00%,0.00,98,98
3,475,"1.00, 0.00","1.00, 0.00",0.00,"0.00%, 11.16%",0.00%,0.00,98,98
3,476,"1.00, 0.00","1.00, 0.00",0.00,"0.00%, -0.65%",0.00%,0.00,98,98
3,477,"1.00, 0.00","1.00, 0.00",0.00,"0.00%, -7.78%",0.00%,0.00,98,98
3,478,"1.00, 0.00","1.00, 0.00",0.00,"0.00%, -13.03%",0.00%,0.00,98,98
3,479,"1.00, 0.00","1.00, 0.00",0.00,"0.00%, 2.36%",0.00%,0.00,98,98
3,480,"1.00, 0.00","1.00, 0.00",0.00,"0.00%, -6.11%",0.00%,0.00,98,98
3,481,"1.00, 0.00","1.00, 0.00",0.00,"0.00%, -11.57%",0.00%,0.00,98,98
3,482,"1.00, 0.00","1.00, 0.00",0.00,"0.00%, -5.18%",0.00%,0.00,98,98
3,483,"1.00, 0.00","1.00, 0.00",0.00,"0.00%, -8.82%",0.00%,0.00,98,98
3,484,"1.00, 0.00","1.00, 0.00",0.00,"0.00%, 16.98%",0.00%,0.00,98,98
3,485,"1.00, 0.00","1.00, 0.00",0.00,"0.00%, 8.80%",0.00%,0.00,98,98
3,486,"1.00, 0.00","1.00, 0.00",0.00,"0.00%, 0.43%",0.00%,0.00,98,98
3,487,"1.00, 0.00","1.00, 0.00",0.00,"0.00%, 14.82%",0.00%,0.00,98,98
3,488,"1.00, 0.00","1.00, 0.00",0.00,"0.00%, 1.20%",0.00%,0.00,98,98
3,489,"1.00, 0.00","1.00, 0.00",0.00,"0.00%, -6.99%",0.00%,0.00,98,98
3,490,"1.00, 0.00","1.00, 0.00",0.00,"0.00%, 15.27%",0.00%,0.00,98,98
3,491,"1.00, 0.00","1.00, 0.00",0.00,"0.00%, 5.50%",0.00%,0.00,98,98
3,492,"1.00, 0.00","1.00, 0.00",0.00,"0.00%, -8.46%",0.00%,0.00,98,98
3,493,"1.00, 0.00","1.00, 0.00",0.00,"0.00%, -1.21%",0.00%,0.00,98,98
3,494,"1.00, 0.00","1.00, 0.00",0.00,"0.00%, -7.11%",0.00%,0.00,98,98
3,495,"1.00, 0.00","1.00, 0.00",0.00,"0.00%, -11.26%",0.00%,0.00,98,98
3,496,"1.00, 0.00","1.00, 0.00",0.00,"0.00%, 9.24%",0.00%,0.00,98,98
3,497,"1.00, 0.00","1.00, 0.00",0.00,"0.00%, 19.34%",0.00%,0.00,98,98
3,498,"1.00, 0.00","1.00, 0.00",0.00,"0.00%, -11.39%",0.00%,0.00,98,98
3,499,"1.00, 0.00","1.00, 0.00",0.00,"0.00%, 5.72%",0.00%,0.00,98,98
4,0,"0.50, 0.50","0.50, 0.50",0.00,"0.00%, -1.59%",-0.80%,-0.80,100,99
4,1,"1.00, 0.00","1.00, 0.00",0.99,"0.00%, -1.59%",0.00%,-1.98,99,98
4,2,"1.00, 0.00","1.00, 0.00",0.00,"0.00%, 15.85%",0.00%,0.00,98,98
4,3,"1.00, 0.00","1.00, 0.00",0.00,"0.00%, 7.69%",0.00%,0.00,98,98
4,4,"1.00, 0.00","1.00, 0.00",0.00,"0.00%, -3.66%",0.00%,0.00,98,98
4,5,"1.00, 0.00","1.00, 0.00",0.00,"0.00%, 5.53%",0.00%,0.00,98,98
4,6,"1.00, 0.00","1.00, 0.00",0.00,"0.00%, -3.60%",0.00%,0.00,98,98
4,7,"1.00, 0.00","1.00, 0.00",0.00,"0.00%, -3.62%",0.00%,0.00,98,98
4,8,"1.00, 0.00","1.00, 0.00",0.00,"0.00%, 2.71%",0.00%,0.00,98,98
4,9,"1.00, 0.00","1.00, 0.00",0.00,"0.00%, -15.40%",0.00%,0.00,98,98
4,10,"1.00, 0.00","1.00, 0.00",0.00,"0.00%, -13.95%",0.00%,0.00,98,98
4,11,"1.00, 0.00","1.00, 0.00",0.00,"0.00%, -4.46%",0.00%,0.00,98,98
4,12,"1.00, 0.00","1.00, 0.00",0.00,"0.00%, -8.25%",0.00%,0.00,98,98
4,13,"1.00, 0.00","1.00, 0.00",0.00,"0.00%, 3.38%",0.00%,0.00,98,98
4,14,"1.00, 0.00","1.00, 0.00",0.00,"0.00%, -7.39%",0.00%,0.00,98,98
4,15,"1.00, 0.00","1.00, 0.00",0.00,"0.00%, -11.49%",0.00%,0.00,98,98
4,16,"1.00, 0.00","1.00, 0.00",0.00,"0.00%, 14.67%",0.00%,0.00,98,98
4,17,"1.00, 0.00","1.00, 0.00",0.00,"0.00%, -1.52%",0.00%,0.00,98,98
4,18,"1.00, 0.00","1.00, 0.00",0.00,"0.00%, 1.11%",0.00%,0.00,98,98
4,19,"1.00, 0.00","1.00, 0.00",0.00,"0.00%, -11.59%",0.00%,0.00,98,98
4,20,"1.00, 0.00","1.00, 0.00",0.00,"0.00%, -4.30%",0.00%,0.00,98,98
4,21,"1.00, 0.00","1.00, 0.00",0.00,"0.00%, 1.51%",0.00%,0.00,98,98
4,22,"1.00, 0.00","1.00, 0.00",0.00,"0.00%, -9.39%",0.00%,0.00,98,98
4,23,"1.00, 0.00","1.00, 0.00",0.00,"0.00%, 3.96%",0.00%,0.00,98,98
4,24,"1.00, 0.00","1.00, 0.00",0.00,"0.00%, -4.79%",0.00%,0.00,98,98
4,25,"1.00, 0.00","1.00, 0.00",0.00,"0.00%, -2.10%",0.00%,0.00,98,98
4,26,"1.00, 0.00","1.00, 0.00",0.00,"0.00%, -4.80%",0.00%,0.00,98,98
4,27,"1.00, 0.00","1.00, 0.00",0.00,"0.00%, 18.73%",0.00%,0.00,98,98
4,28,"1.00, 0.00","1.00, 0.00",0.00,"0.00%, 0.38%",0.00%,0.00,98,98
4,29,"1.00, 0.00","1.00, 0.00",0.00,"0.00%, -8.62%",0.00%,0.00,98,98
4,30,"1.00, 0.00","1.00, 0.00",0.00,"0.00%, 8.22%",0.00%,0.00,98,98
4,31,"1.00, 0.00","1.00, 0.00",0.00,"0.00%, -9.96%",0.00%,0.00,98,98
4,32,"1.00, 0.00","1.00, 0.00",0.00,"0.00%, 2.41%",0.00%,0.00,98,98
4,33,"1.00, 0.00","1.00, 0.00",0.00,"0.00%, -15.75%",0.00%,0.00,98,98
4,34,"1.00, 0.00","1.00, 0.00",0.00,"0.00%, -10.82%",0.00%,0.00,98,98
4,35,"1.00, 0.00","1.00, 0.00",0.00,"0.00%, 2.30%",0.00%,0.00,98,98
4,36,"1.00, 0.00","1.00, 0.00",0.00,"0.00%, 7.41%",0.00%,0.00,98,98
4,37,"1.00, 0.00","1.00, 0.00",0.00,"0.00%, 2.06%",0.00%,0.00,98,98
4,38,"1.00, 0.00","1.00, 0.00",0.00,"0.00%, -0.54%",0.00%,0.00,98,98
4,39,"1.00, 0.00","1.00, 0.00",0.00,"0.00%, -2.19%",0.00%,0.00,98,98
4,40,"1.00, 0.00","1.00, 0.00",0.00,"0.00%, -12.02%",0.00%,0.00,98,98
4,41,"1.00, 0.00","1.00, 0.00",0.00,"0.00%, -5.80%",0.00%,0.00,98,98
4,42,"1.00, 0.00","1.00, 0.00",0.00,"0.00%, -3.58%",0.00%,0.00,98,98
4,43,"1.00, 0.00","1.00, 0.00",0.00,"0.00%, 10.53%",0.00%,0.00,98,98
4,44,"1.00, 0.00","1.00, 0.00",0.00,"0.00%, 3.66%",0.00%,0.00,98,98
4,45,"1.00, 0.00","1.00, 0.00",0.00,"0.00%, -14.24%",0.00%,0.00,98,98
4,46,"1.00, 0.00","1.00, 0.00",0.00,"0.00%, 3.48%",0.00%,0.00,98,98
4,47,"1.00, 0.00","1.00, 0.00",0.00,"0.00%, -2.92%",0.00%,0.00,98,98
4,48,"1.00, 0.00","1.00, 0.00",0.00,"0.00%, -5.44%",0.00%,0.00,98,98
4,49,"1.00, 0.00","1.00, 0.00",0.00,"0.00%, 6.19%",0.00%,0.00,98,98
4,50,"1.00, 0.00","1.00, 0.00",0.00,"0.00%, 10.27%",0.00%,0.00,98,98
4,51,"1.00, 0.00","1.00, 0.00",0.00,"0.00%, 9.29%",0.00%,0.00,98,98
4,52,"1.00, 0.00","1.00, 0.00",0.00,"0.00%, -6.81%",0.00%,0.00,98,98
4,53,"1.00, 0.00","1.00, 0.00",0.00,"0.00%, -2.26%",0.00%,0.00,98,98
4,54,"1.00, 0.00","1.00, 0.00",0.00,"0.00%, 3.54%",0.00%,0.00,98,98
4,55,"1.00, 0.00","1.00, 0.00",0.00,"0.00%, 9.72%",0.00%,0.00,98,98
4,56,"1.00, 0.00","1.00, 0.00",0.00,"0.00%, -3.74%",0.00%,0.00,98,98
4,57,"1.00, 0.00","1.00, 0.00",0.00,"0.00%, -1.16%",0.00%,0.00,98,98
4,58,"1.00, 0.00","1.00, 0.00",0.00,"0.00%, -9.02%",0.00%,0.00,98,98
4,59,"1.00, 0.00","1.00, 0.00",0.00,"0.00%, -9.76%",0.00%,0.00,98,98
4,60,"1.00, 0.00","1.00, 0.00",0.00,"0.00%, 8.13%",0.00%,0.00,98,98
4,61,"1.00, 0.00","1.00, 0.00",0.00,"0.00%, 13.55%",0.00%,0.00,98,98
4,62,"1.00, 0.00","1.00, 0.00",0.00,"0.00%, -0.15%",0.00%,0.00,98,98
4,63,"1.00, 0.00","1.00, 0.00",0.00,"0.00%, 10.00%",0.00%,0.00,98,98
4,64,"1.00, 0.00","1.00, 0.00",0.00,"0.00%, 3.83%",0.00%,0.00,98,98
4,65,"1.00, 0.00","1.00, 0.00",0.00,"0.00%, -5.17%",0.00%,0.00,98,98
4,66,"1.00, 0.00","1.00, 0.00",0.00,"0.00%, 3.82%",0.00%,0.00,98,98
4,67,"1.00, 0.00","1.00, 0.00",0.00,"0.00%, 15.42%",0.00%,0.00,98,98
4,68,"1.00, 0.00","1.00, 0.00",0.00,"0.00%, 0.18%",0.00%,0.00,98,98
4,69,"1.00, 0.00","1.00, 0.00",0.00,"0.00%, 15.70%",0.00%,0.00,98,98
4,70,"1.00, 0.00","1.00, 0.00",0.00,"0.00%, -20.61%",0.00%,0.00,98,98
4,71,"1.00, 0.00","1.00, 0.00",0.00,"0.00%, 8.22%",0.00%,0.00,98,98
4,72,"1.00, 0.00","1.00, 0.00",0.00,"0.00%, 1.29%",0.00%,0.00,98,98
4,73,"1.00, 0.00","1.00, 0.00",0.00,"0.00%, -2.17%",0.00%,0.00,98,98
4,74,"1.00, 0.00","1.00, 0.00",0.00,"0.00%, 1.33%",0.00%,0.00,98,98
4,75,"1.00, 0.00","1.00, 0.00",0.00,"0.00%, -15.96%",0.00%,0.00,98,98
4,76,"1.00, 0.00","1.00, 0.00",0.00,"0.00%, -1.47%",0.00%,0.00,98,98
4,77,"1.00, 0.00","1.00, 0.00",0.00,"0.00%, 3.78%",0.00%,0.00,98,98
4,78,"1.00, 0.00","1.00, 0.00",0.00,"0.00%, 14.80%",0.00%,0.00,98,98
4,79,"1.00, 0.00","1.00, 0.00",0.00,"0.00%, -4.08%",0.00%,0.00,98,98
4,80,"1.00, 0.00","1.00, 0.00",0.00,"0.00%, -6.55%",0.00%,0.00,98,98
4,81,"1.00, 0.00","1.00, 0.00",0.00,"0.00%, -3.94%",0.00%,0.00,98,98
4,82,"1.00, 0.00","1.00, 0.00",0.00,"0.00%, 9.13%",0.00%,0.00,98,98
4,83,"1.00, 0.00","1.00, 0.00",0.00,"0.00%, 3.52%",0.00%,0.00,98,98
4,84,"1.00, 0.00","1.00, 0.00",0.00,"0.00%, -4.18%",0.00%,0.00,98,98
4,85,"1.00, 0.00","1.00, 0.00",0.00,"0.00%, 5.25%",0.00%,0.00,98,98
4,86,"1.00, 0.00","1.00, 0.00",0.00,"0.00%, 1.38%",0.00%,0.00,98,98
4,87,"1.00, 0.00","1.00, 0.00",0.00,"0.00%, 9.66%",0.00%,0.00,98,98
4,88,"1.00, 0.00","1.00, 0.00",0.00,"0.00%, -5.65%",0.00%,0.00,98,98
4,89,"1.00, 0.00","1.00, 0.00",0.00,"0.00%, -2.42%",0.00%,0.00,98,98
4,90,"1.00, 0.00","1.00, 0.00",0.00,"0.00%, -2.98%",0.00%,0.00,98,98
4,91,"1.00, 0.00","1.00, 0.00",0.00,"0.00%, -11.90%",0.00%,0.00,98,98
4,92,"1.00, 0.00","1.00, 0.00",0.00,"0.00%, 3.22%",0.00%,0.00,98,98
4,93,"1.00, 0.00","1.00, 0.00",0.00,"0.00%, 2.89%",0.00%,0.00,98,98
4,94,"1.00, 0.00","1.00, 0.00",0.00,"0.00%, 0.55%",0.00%,0.00,98,98
4,95,"1.00, 0.00","1.00, 0.00",0.00,"0.00%, -1.60%",0.00%,0.00,98,98
4,96,"1.00, 0.00","1.00, 0.00",0.00,"0.00%, -11.52%",0.00%,0.00,98,98
4,97,"1.00, 0.00","1.00, 0.00",0.00,"0.00%, -3.23%",0.00%,0.00,98,98
4,98,"1.00, 0.00","1.00, 0.00",0.00,"0.00%, -2.55%",0.00%,0.00,98,98
4,99,"1.00, 0.00","1.00, 0.00",0.00,"0.00%, -6.50%",0.00%,0.00,98,98
4,100,"1.00, 0.00","1.00, 0.00",0.00,"0.00%, -0.95%",0.00%,0.00,98,98
4,101,"1.00, 0.00","1.00, 0.00",0.00,"0.00%, 4.22%",0.00%,0.00,98,98
4,102,"1.00, 0.00","1.00, 0.00",0.00,"0.00%, 19.10%",0.00%,0.00,98,98
4,103,"1.00, 0.00","1.00, 0.00",0.00,"0.00%, 2.09%",0.00%,0.00,98,98
4,104,"1.00, 0.00","1.00, 0.00",0.00,"0.00%, 2.86%",0.00%,0.00,98,98
4,105,"1.00, 0.00","1.00, 0.00",0.00,"0.00%, -0.17%",0.00%,0.00,98,98
4,106,"1.00, 0.00","1.00, 0.00",0.00,"0.00%, -15.44%",0.00%,0.00,98,98
4,107,"1.00, 0.00","1.00, 0.00",0.00,"0.00%, 0.26%",0.00%,0.00,98,98
4,108,"1.00, 0.00","1.00, 0.00",0.00,"0.00%, 1.05%",0.00%,0.00,98,98
4,109,"1.00, 0.00","1.00, 0.00",0.00,"0.00%, 25.44%",0.00%,0.00,98,98
4,110,"1.00, 0.00","1.00, 0.00",0.00,"0.00%, -1.22%",0.00%,0.00,98,98
4,111,"1.00, 0.00","1.00, 0.00",0.00,"0.00%, 3.27%",0.00%,0.00,98,98
4,112,"1.00, 0.00","1.00, 0.00",0.00,"0.00%, 0.19%",0.00%,0.00,98,98
4,113,"1.00, 0.00","1.00, 0.00",0.00,"0.00%, -9.53%",0.00%,0.00,98,98
4,114,"1.00, 0.00","1.00, 0.00",0.00,"0.00%, 11.39%",0.00%,0.00,98,98
4,115,"1.00, 0.00","1.00, 0.00",0.00,"0.00%, 7.54%",0.00%,0.00,98,98
4,116,"1.00, 0.00","1.00, 0.00",0.00,"0.00%, 7.92%",0.00%,0.00,98,98
4,117,"1.00, 0.00","1.00, 0.00",0.00,"0.00%, -7.40%",0.00%,0.00,98,98
4,118,"1.00, 0.00","1.00, 0.00",0.00,"0.00%, 14.03%",0.00%,0.00,98,98
4,119,"1.00, 0.00","1.00, 0.00",0.00,"0.00%, -11.41%",0.00%,0.00,98,98
4,120,"1.00, 0.00","1.00, 0.00",0.00,"0.00%, 5.95%",0.00%,0.00,98,98
4,121,"1.00, 0.00","1.00, 0.00",0.00,"0.00%, 22.40%",0.00%,0.00,98,98
4,122,"1.00, 0.00","1.00, 0.00",0.00,"0.00%, -8.07%",0.00%,0.00,98,98
4,123,"1.00, 0.00","1.00, 0.00",0.00,"0.00%, -4.49%",0.00%,0.00,98,98
4,124,"1.00, 0.00","1.00, 0.00",0.00,"0.00%, 1.41%",0.00%,0.00,98,98
4,125,"1.00, 0.00","1.00, 0.00",0.00,"0.00%, -3.95%",0.00%,0.00,98,98
4,126,"1.00, 0.00","1.00, 0.00",0.00,"0.00%, -12.59%",0.00%,0.00,98,98
4,127,"1.00, 0.00","1.00, 0.00",0.00,"0.00%, 1.12%",0.00%,0.00,98,98
4,128,"1.00, 0.00","1.00, 0.00",0.00,"0.00%, -8.66%",0.00%,0.00,98,98
4,129,"1.00, 0.00","1.00, 0.00",0.00,"0.00%, 4.88%",0.00%,0.00,98,98
4,130,"1.00, 0.00","1.00, 0.00",0.00,"0.00%, -7.48%",0.00%,0.00,98,98
4,131,"1.00, 0.00","1.00, 0.00",0.00,"0.00%, 15.55%",0.00%,0.00,98,98
4,132,"1.00, 0.00","1.00, 0.00",0.00,"0.00%, -6.34%",0.00%,0.00,98,98
4,133,"1.00, 0.00","1.00, 0.00",0.00,"0.00%, -2.37%",0.00%,0.00,98,98
4,134,"1.00, 0.00","1.00, 0.00",0.00,"0.00%, 8.14%",0.00%,0.00,98,98
4,135,"1.00, 0.00","1.00, 0.00",0.00,"0.00%, -10.04%",0.00%,0.00,98,98
4,136,"1.00, 0.00","1.00, 0.00",0.00,"0.00%, 2.58%",0.00%,0.00,98,98
4,137,"1.00, 0.00","1.00, 0.00",0.00,"0.00%, 13.05%",0.00%,0.00,98,98
4,138,"1.00, 0.00","1.00, 0.00",0.00,"0.00%, -13.04%",0.00%,0.00,98,98
4,139,"1.00, 0.00","1.00, 0.00",0.00,"0.00%, 2.19%",0.00%,0.00,98,98
4,140,"1.00, 0.00","1.00, 0.00",0.00,"0.00%, 2.88%",0.00%,0.00,98,98
4,141,"1.00, 0.00","1.00, 0.00",0.00,"0.00%, 7.83%",0.00%,0.00,98,98
4,142,"1.00, 0.00","1.00, 0.00",0.00,"0.00%, -10.09%",0.00%,0.00,98,98
4,143,"1.00, 0.00","1.00, 0.00",0.00,"0.00%, -10.76%",0.00%,0.00,98,98
4,144,"1.00, 0.00","1.00, 0.00",0.00,"0.00%, 5.33%",0.00%,0.00,98,98
4,145,"1.00, 0.00","1.00, 0.00",0.00,"0.00%, 3.22%",0.00%,0.00,98,98
4,146,"1.00, 0.00","1.00, 0.00",0.00,"0.00%, 2.79%",0.00%,0.00,98,98
4,147,"1.00, 0.00","1.00, 0.00",0.00,"0.00%, 3.68%",0.00%,0.00,98,98
4,148,"1.00, 0.00","1.00, 0.00",0.00,"0.00%, -5.47%",0.00%,0.00,98,98
4,149,"1.00, 0.00","1.00, 0.00",0.00,"0.00%, 2.62%",0.00%,0.00,98,98
4,150,"1.00, 0.00","1.00, 0.00",0.00,"0.00%, 3.19%",0.00%,0.00,98,98
4,151,"1.00, 0.00","1.00, 0.00",0.00,"0.00%, -5.76%",0.00%,0.00,98,98
4,152,"1.00, 0.00","1.00, 0.00",0.00,"0.00%, 18.88%",0.00%,0.00,98,98
4,153,"1.00, 0.00","1.00, 0.00",0.00,"0.00%, 4.88%",0.00%,0.00,98,98
4,154,"1.00, 0.00","1.00, 0.00",0.00,"0.00%, -9.72%",0.00%,0.00,98,98
4,155,"1.00, 0.00","1.00, 0.00",0.00,"0.00%, 6.62%",0.00%,0.00,98,98
4,156,"1.00, 0.00","1.00, 0.00",0.00,"0.00%, -7.94%",0.00%,0.00,98,98
4,157,"1.00, 0.00","1.00, 0.00",0.00,"0.00%, 7.88%",0.00%,0.00,98,98
4,158,"1.00, 0.00","1.00, 0.00",0.00,"0.00%, 11.55%",0.00%,0.00,98,98
4,159,"1.00, 0.00","1.00, 0.00",0.00,"0.00%, -6.65%",0.00%,0.00,98,98
4,160,"1.00, 0.00","1.00, 0.00",0.00,"0.00%, 9.60%",0.00%,0.00,98,98
4,161,"1.00, 0.00","1.00, 0.00",0.00,"0.00%, 4.31%",0.00%,0.00,98,98
4,162,"1.00, 0.00","1.00, 0.00",0.00,"0.00%, 8.22%",0.00%,0.00,98,98
4,163,"1.00, 0.00","1.00, 0.00",0.00,"0.00%, 19.21%",0.00%,0.00,98,98
4,164,"1.00, 0.00","1.00, 0.00",0.00,"0.00%, -1.69%",0.00%,0.00,98,98
4,165,"1.00, 0.00","1.00, 0.00",0.00,"0.00%, -6.09%",0.00%,0.00,98,98
4,166,"1.00, 0.00","1.00, 0.00",0.00,"0.00%, -7.23%",0.00%,0.00,98,98
4,167,"1.00, 0.00","1.00, 0.00",0.00,"0.00%, -6.61%",0.00%,0.00,98,98
4,168,"1.00, 0.00","1.00, 0.00",0.00,"0.00%, -0.19%",0.00%,0.00,98,98
4,169,"1.00, 0.00","1.00, 0.00",0.00,"0.00%, 3.63%",0.00%,0.00,98,98
4,170,"1.00, 0.00","1.00, 0.00",0.00,"0.00%, 3.04%",0.00%,0.00,98,98
4,171,"1.00, 0.00","1.00, 0.00",0.00,"0.00%, 8.27%",0.00%,0.00,98,98
4,172,"1.00, 0.00","1.00, 0.00",0.00,"0.00%, 0.62%",0.00%,0.00,98,98
4,173,"1.00, 0.00","1.00, 0.00",0.00,"0.00%, 14.55%",0.00%,0.00,98,98
4,174,"1.00, 0.00","1.00, 0.00",0.00,"0.00%, -1.86%",0.00%,0.00,98,98
4,175,"1.00, 0.00","1.00, 0.00",0.00,"0.00%, 28.38%",0.00%,0.00,98,98
4,176,"1.00, 0.00","1.00, 0.00",0.00,"0.00%, 6.32%",0.00%,0.00,98,98
4,177,"1.00, 0.00","1.00, 0.00",0.00,"0.00%, -6.96%",0.00%,0.00,98,98
4,178,"1.00, 0.00","1.00, 0.00",0.00,"0.00%, -8.73%",0.00%,0.00,98,98
4,179,"1.00, 0.00","1.00, 0.00",0.00,"0.00%, 4.96%",0.00%,0.00,98,98
4,180,"1.00, 0.00","1.00, 0.00",0.00,"0.00%, -1.50%",0.00%,0.00,98,98
4,181,"1.00, 0.00","1.00, 0.00",0.00,"0.00%, 7.17%",0.00%,0.00,98,98
4,182,"1.00, 0.00","1.00, 0.00",0.00,"0.00%, 4.87%",0.00%,0.00,98,98
4,183,"1.00, 0.00","1.00, 0.00",0.00,"0.00%, -0.16%",0.00%,0.00,98,98
4,184,"1.00, 0.00","1.00, 0.00",0.00,"0.00%, -6.87%",0.00%,0.00,98,98
4,185,"1.00, 0.00","1.00, 0.00",0.00,"0.00%, -12.31%",0.00%,0.00,98,98
4,186,"1.00, 0.00","1.00, 0.00",0.00,"0.00%, -3.46%",0.00%,0.00,98,98
4,187,"1.00, 0.00","1.00, 0.00",0.00,"0.00%, 8.55%",0.00%,0.00,98,98
4,188,"1.00, 0.00","1.00, 0.00",0.00,"0.00%, 2.46%",0.00%,0.00,98,98
4,189,"1.00, 0.00","1.00, 0.00",0.00,"0.00%, -10.16%",0.00%,0.00,98,98
4,190,"1.00, 0.00","1.00, 0.00",0.00,"0.00%, 2.08%",0.00%,0.00,98,98
4,191,"1.00, 0.00","1.00, 0.00",0.00,"0.00%, 4.05%",0.00%,0.00,98,98
4,192,"1.00, 0.00","1.00, 0.00",0.00,"0.00%, -7.18%",0.00%,0.00,98,98
4,193,"1.00, 0.00","1.00, 0.00",0.00,"0.00%, 1.90%",0.00%,0.00,98,98
4,194,"1.00, 0.00","1.00, 0.00",0.00,"0.00%, 1.03%",0.00%,0.00,98,98
4,195,"1.00, 0.00","1.00, 0.00",0.00,"0.00%, -9.32%",0.00%,0.00,98,98
4,196,"1.00, 0.00","1.00, 0.00",0.00,"0.00%, 3.79%",0.00%,0.00,98,98
4,197,"1.00, 0.00","1.00, 0.00",0.00,"0.00%, 5.70%",0.00%,0.00,98,98
4,198,"1.00, 0.00","1.00, 0.00",0.00,"0.00%, 10.79%",0.00%,0.00,98,98
4,199,"1.00, 0.00","1.00, 0.00",0.00,"0.00%, 10.50%",0.00%,0.00,98,98
4,200,"1.00, 0.00","1.00, 0.00",0.00,"0.00%, -11.22%",0.00%,0.00,98,98
4,201,"1.00, 0.00","1.00, 0.00",0.00,"0.00%, -7.63%",0.00%,0.00,98,98
4,202,"1.00, 0.00","1.00, 0.00",0.00,"0.00%, 5.27%",0.00%,0.00,98,98
4,203,"1.00, 0.00","1.00, 0.00",0.00,"0.00%, 5.26%",0.00%,0.00,98,98
4,204,"1.00, 0.00","1.00, 0.00",0.00,"0.00%, 5.27%",0.00%,0.00,98,98
4,205,"1.00, 0.00","1.00, 0.00",0.00,"0.00%, 42.15%",0.00%,0.00,98,98
4,206,"1.00, 0.00","1.00, 0.00",0.00,"0.00%, 5.80%",0.00%,0.00,98,98
4,207,"1.00, 0.00","1.00, 0.00",0.00,"0.00%, 11.32%",0.00%,0.00,98,98
4,208,"1.00, 0.00","1.00, 0.00",0.00,"0.00%, 9.51%",0.00%,0.00,98,98
4,209,"1.00, 0.00","1.00, 0.00",0.00,"0.00%, 6.57%",0.00%,0.00,98,98
4,210,"1.00, 0.00","1.00, 0.00",0.00,"0.00%, -2.31%",0.00%,0.00,98,98
4,211,"1.00, 0.00","1.00, 0.00",0.00,"0.00%, 7.61%",0.00%,0.00,98,98
4,212,"1.00, 0.00","1.00, 0.00",0.00,"0.00%, -6.25%",0.00%,0.00,98,98
4,213,"1.00, 0.00","1.00, 0.00",0.00,"0.00%, -1.62%",0.00%,0.00,98,98
4,214,"1.00, 0.00","1.00, 0.00",0.00,"0.00%, -3.79%",0.00%,0.00,98,98
4,215,"1.00, 0.00","1.00, 0.00",0.00,"0.00%, 1.24%",0.00%,0.00,98,98
4,216,"1.00, 0.00","1.00, 0.00",0.00,"0.00%, 23.78%",0.00%,0.00,98,98
4,217,"1.00, 0.00","1.00, 0.00",0.00,"0.00%, -15.05%",0.00%,0.00,98,98
4,218,"1.00, 0.00","1.00, 0.00",0.00,"0.00%, 6.90%",0.00%,0.00,98,98
4,219,"1.00, 0.00","1.00, 0.00",0.00,"0.00%, -13.08%",0.00%,0.00,98,98
4,220,"1.00, 0.00","1.00, 0.00",0.00,"0.00%, -3.68%",0.00%,0.00,98,98
4,221,"1.00, 0.00","1.00, 0.00",0.00,"0.00%, 10.85%",0.00%,0.00,98,98
4,222,"1.00, 0.00","1.00, 0.00",0.00,"0.00%, 1.08%",0.00%,0.00,98,98
4,223,"1.00, 0.00","1.00, 0.00",0.00,"0.00%, -8.79%",0.00%,0.00,98,98
4,224,"1.00, 0.00","1.00, 0.00",0.00,"0.00%, -5.76%",0.00%,0.00,98,98
4,225,"1.00, 0.00","1.00, 0.00",0.00,"0.00%, 6.84%",0.00%,0.00,98,98
4,226,"1.00, 0.00","1.00, 0.00",0.00,"0.00%, -5.89%",0.00%,0.00,98,98
4,227,"1.00, 0.00","1.00, 0.00",0.00,"0.00%, 2.48%",0.00%,0.00,98,98
4,228,"1.00, 0.00","1.00, 0.00",0.00,"0.00%, 0.91%",0.00%,0.00,98,98
4,229,"1.00, 0.00","1.00, 0.00",0.00,"0.00%, -5.22%",0.00%,0.00,98,98
4,230,"1.00, 0.00","1.00, 0.00",0.00,"0.00%, 21.89%",0.00%,0.00,98,98
4,231,"1.00, 0.00","1.00, 0.00",0.00,"0.00%, 6.40%",0.00%,0.00,98,98
4,232,"1.00, 0.00","1.00, 0.00",0.00,"0.00%, -16.24%",0.00%,0.00,98,98
4,233,"1.00, 0.00","1.00, 0.00",0.00,"0.00%, 2.20%",0.00%,0.00,98,98
4,234,"1.00, 0.00","1.00, 0.00",0.00,"0.00%, -5.31%",0.00%,0.00,98,98
4,235,"1.00, 0.00","1.00, 0.00",0.00,"0.00%, 8.52%",0.00%,0.00,98,98
4,236,"1.00, 0.00","1.00, 0.00",0.00,"0.00%, -6.42%",0.00%,0.00,98,98
4,237,"1.00, 0.00","1.00, 0.00",0.00,"0.00%, -0.53%",0.00%,0.00,98,98
4,238,"1.00, 0.00","1.00, 0.00",0.00,"0.00%, 5.17%",0.00%,0.00,98,98
4,239,"1.00, 0.00","1.00, 0.00",0.00,"0.00%, 8.65%",0.00%,0.00,98,98
4,240,"1.00, 0.00","1.00, 0.00",0.00,"0.00%, -9.79%",0.00%,0.00,98,98
4,241,"1.00, 0.00","1.00, 0.00",0.00,"0.00%, -2.48%",0.00%,0.00,98,98
4,242,"1.00, 0.00","1.00, 0.00",0.00,"0.00%, -3.70%",0.00%,0.00,98,98
4,243,"1.00, 0.00","1.00, 0.00",0.00,"0.00%, -5.24%",0.00%,0.00,98,98
4,244,"1.00, 0.00","1.00, 0.00",0.00,"0.00%, 17.81%",0.00%,0.00,98,98
4,245,"1.00, 0.00","1.00, 0.00",0.00,"0.00%, 4.23%",0.00%,0.00,98,98
4,246,"1.00, 0.00","1.00, 0.00",0.00,"0.00%, -10.28%",0.00%,0.00,98,98
4,247,"1.00, 0.00","1.00, 0.00",0.00,"0.00%, 9.16%",0.00%,0.00,98,98
4,248,"1.00, 0.00","1.00, 0.00",0.00,"0.00%, 21.65%",0.00%,0.00,98,98
4,249,"1.00, 0.00","1.00, 0.00",0.00,"0.00%, 10.29%",0.00%,0.00,98,98
4,250,"1.00, 0.00","1.00, 0.00",0.00,"0.00%, -12.34%",0.00%,0.00,98,98
4,251,"1.00, 0.00","1.00, 0.00",0.00,"0.00%, -3.78%",0.00%,0.00,98,98
4,252,"1.00, 0.00","1.00, 0.00",0.00,"0.00%, 12.64%",0.00%,0.00,98,98
4,253,"1.00, 0.00","1.00, 0.00",0.00,"0.00%, -5.70%",0.00%,0.00,98,98
4,254,"1.00, 0.00","1.00, 0.00",0.00,"0.00%, 4.60%",0.00%,0.00,98,98
4,255,"1.00, 0.00","1.00, 0.00",0.00,"0.00%, 7.76%",0.00%,0.00,98,98
4,256,"1.00, 0.00","1.00, 0.00",0.00,"0.00%, -7.54%",0.00%,0.00,98,98
4,257,"1.00, 0.00","1.00, 0.00",0.00,"0.00%, -0.04%",0.00%,0.00,98,98
4,258,"1.00, 0.00","1.00, 0.00",0.00,"0.00%, -24.93%",0.00%,0.00,98,98
4,259,"1.00, 0.00","1.00, 0.00",0.00,"0.00%, -8.35%",0.00%,0.00,98,98
4,260,"1.00, 0.00","1.00, 0.00",0.00,"0.00%, -1.76%",0.00%,0.00,98,98
4,261,"1.00, 0.00","1.00, 0.00",0.00,"0.00%, -10.17%",0.00%,0.00,98,98
4,262,"1.00, 0.00","1.00, 0.00",0.00,"0.00%, 16.41%",0.00%,0.00,98,98
4,263,"1.00, 0.00","1.00, 0.00",0.00,"0.00%, -11.64%",0.00%,0.00,98,98
4,264,"1.00, 0.00","1.00, 0.00",0.00,"0.00%, -3.40%",0.00%,0.00,98,98
4,265,"1.00, 0.00","1.00, 0.00",0.00,"0.00%, 1.69%",0.00%,0.00,98,98
4,266,"1.00, 0.00","1.00, 0.00",0.00,"0.00%, 14.42%",0.00%,0.00,98,98
4,267,"1.00, 0.00","1.00, 0.00",0.00,"0.00%, -11.68%",0.00%,0.00,98,98
4,268,"1.00, 0.00","1.00, 0.00",0.00,"0.00%, 11.59%",0.00%,0.00,98,98
4,269,"1.00, 0.00","1.00, 0.00",0.00,"0.00%, 0.59%",0.00%,0.00,98,98
4,270,"1.00, 0.00","1.00, 0.00",0.00,"0.00%, -8.00%",0.00%,0.00,98,98
4,271,"1.00, 0.00","1.00, 0.00",0.00,"0.00%, 4.77%",0.00%,0.00,98,98
4,272,"1.00, 0.00","1.00, 0.00",0.00,"0.00%, 2.32%",0.00%,0.00,98,98
4,273,"1.00, 0.00","1.00, 0.00",0.00,"0.00%, -4.78%",0.00%,0.00,98,98
4,274,"1.00, 0.00","1.00, 0.00",0.00,"0.00%, 1.13%",0.00%,0.00,98,98
4,275,"1.00, 0.00","1.00, 0.00",0.00,"0.00%, -2.92%",0.00%,0.00,98,98
4,276,"1.00, 0.00","1.00, 0.00",0.00,"0.00%, 1.53%",0.00%,0.00,98,98
4,277,"1.00, 0.00","1.00, 0.00",0.00,"0.00%, 6.67%",0.00%,0.00,98,98
4,278,"1.00, 0.00","1.00, 0.00",0.00,"0.00%, 15.92%",0.00%,0.00,98,98
4,279,"1.00, 0.00","1.00, 0.00",0.00,"0.00%, -10.09%",0.00%,0.00,98,98
4,280,"1.00, 0.00","1.00, 0.00",0.00,"0.00%, 21.77%",0.00%,0.00,98,98
4,281,"1.00, 0.00","1.00, 0.00",0.00,"0.00%, -15.69%",0.00%,0.00,98,98
4,282,"1.00, 0.00","1.00, 0.00",0.00,"0.00%, -0.86%",0.00%,0.00,98,98
4,283,"1.00, 0.00","1.00, 0.00",0.00,"0.00%, 5.97%",0.00%,0.00,98,98
4,284,"1.00, 0.00","1.00, 0.00",0.00,"0.00%, 3.08%",0.00%,0.00,98,98
4,285,"1.00, 0.00","1.00, 0.00",0.00,"0.00%, -4.98%",0.00%,0.00,98,98
4,286,"1.00, 0.00","1.00, 0.00",0.00,"0.00%, -1.36%",0.00%,0.00,98,98
4,287,"1.00, 0.00","1.00, 0.00",0.00,"0.00%, -3.86%",0.00%,0.00,98,98
4,288,"1.00, 0.00","1.00, 0.00",0.00,"0.00%, -4.69%",0.00%,0.00,98,98
4,289,"1.00, 0.00","1.00, 0.00",0.00,"0.00%, 8.49%",0.00%,0.00,98,98
4,290,"1.00, 0.00","1.00, 0.00",0.00,"0.00%, 3.78%",0.00%,0.00,98,98
4,291,"1.00, 0.00","1.00, 0.00",0.00,"0.00%, -5.57%",0.00%,0.00,98,98
4,292,"1.00, 0.00","1.00, 0.00",0.00,"0.00%, 8.98%",0.00%,0.00,98,98
4,293,"1.00, 0.00","1.00, 0.00",0.00,"0.00%, 3.32%",0.00%,0.00,98,98
4,294,"1.00, 0.00","1.00, 0.00",0.00,"0.00%, 8.13%",0.00%,0.00,98,98
4,295,"1.00, 0.00","1.00, 0.00",0.00,"0.00%, 6.36%",0.00%,0.00,98,98
4,296,"1.00, 0.00","1.00, 0.00",0.00,"0.00%, -6.72%",0.00%,0.00,98,98
4,297,"1.00, 0.00","1.00, 0.00",0.00,"0.00%, -4.44%",0.00%,0.00,98,98
4,298,"1.00, 0.00","1.00, 0.00",0.00,"0.00%, 7.49%",0.00%,0.00,98,98
4,299,"1.00, 0.00","1.00, 0.00",0.00,"0.00%, 6.18%",0.00%,0.00,98,98
4,300,"1.00, 0.00","1.00, 0.00",0.00,"0.00%, 0.31%",0.00%,0.00,98,98
4,301,"1.00, 0.00","1.00, 0.00",0.00,"0.00%, 1.57%",0.00%,0.00,98,98
4,302,"1.00, 0.00","1.00, 0.00",0.00,"0.00%, 12.75%",0.00%,0.00,98,98
4,303,"1.00, 0.00","1.00, 0.00",0.00,"0.00%, -4.71%",0.00%,0.00,98,98
4,304,"1.00, 0.00","1.00, 0.00",0.00,"0.00%, 5.57%",0.00%,0.00,98,98
4,305,"1.00, 0.00","1.00, 0.00",0.00,"0.00%, -1.31%",0.00%,0.00,98,98
4,306,"1.00, 0.00","1.00, 0.00",0.00,"0.00%, -1.45%",0.00%,0.00,98,98
4,307,"1.00, 0.00","1.00, 0.00",0.00,"0.00%, 10.95%",0.00%,0.00,98,98
4,308,"1.00, 0.00","1.00, 0.00",0.00,"0.00%, 8.25%",0.00%,0.00,98,98
4,309,"1.00, 0.00","1.00, 0.00",0.00,"0.00%, 8.14%",0.00%,0.00,98,98
4,310,"1.00, 0.00","1.00, 0.00",0.00,"0.00%, 13.03%",0.00%,0.00,98,98
4,311,"1.00, 0.00","1.00, 0.00",0.00,"0.00%, 0.69%",0.00%,0.00,98,98
4,312,"1.00, 0.00","1.00, 0.00",0.00,"0.00%, 6.86%",0.00%,0.00,98,98
4,313,"1.00, 0.00","1.00, 0.00",0.00,"0.00%, -2.27%",0.00%,0.00,98,98
4,314,"1.00, 0.00","1.00, 0.00",0.00,"0.00%, 3.48%",0.00%,0.00,98,98
4,315,"1.00, 0.00","1.00, 0.00",0.00,"0.00%, -0.67%",0.00%,0.00,98,98
4,316,"1.00, 0.00","1.00, 0.00",0.00,"0.00%, 1.38%",0.00%,0.00,98,98
4,317,"1.00, 0.00","1.00, 0.00",0.00,"0.00%, 6.03%",0.00%,0.00,98,98
4,318,"1.00, 0.00","1.00, 0.00",0.00,"0.00%, -6.63%",0.00%,0.00,98,98
4,319,"1.00, 0.00","1.00, 0.00",0.00,"0.00%, 21.33%",0.00%,0.00,98,98
4,320,"1.00, 0.00","1.00, 0.00",0.00,"0.00%, -8.20%",0.00%,0.00,98,98
4,321,"1.00, 0.00","1.00, 0.00",0.00,"0.00%, -9.90%",0.00%,0.00,98,98
4,322,"1.00, 0.00","1.00, 0.00",0.00,"0.00%, 11.54%",0.00%,0.00,98,98
4,323,"1.00, 0.00","1.00, 0.00",0.00,"0.00%, 7.92%",0.00%,0.00,98,98
4,324,"1.00, 0.00","1.00, 0.00",0.00,"0.00%, 6.31%",0.00%,0.00,98,98
4,325,"1.00, 0.00","1.00, 0.00",0.00,"0.00%, 6.35%",0.00%,0.00,98,98
4,326,"1.00, 0.00","1.00, 0.00",0.00,"0.00%, 0.39%",0.00%,0.00,98,98
4,327,"1.00, 0.00","1.00, 0.00",0.00,"0.00%, -7.30%",0.00%,0.00,98,98
4,328,"1.00, 0.00","1.00, 0.00",0.00,"0.00%, 1.19%",0.00%,0.00,98,98
4,329,"1.00, 0.00","1.00, 0.00",0.00,"0.00%, -5.44%",0.00%,0.00,98,98
4,330,"1.00, 0.00","1.00, 0.00",0.00,"0.00%, 9.72%",0.00%,0.00,98,98
4,331,"1.00, 0.00","1.00, 0.00",0.00,"0.00%, -0.82%",0.00%,0.00,98,98
4,332,"1.00, 0.00","1.00, 0.00",0.00,"0.00%, -6.69%",0.00%,0.00,98,98
4,333,"1.00, 0.00","1.00, 0.00",0.00,"0.00%, -2.36%",0.00%,0.00,98,98
4,334,"1.00, 0.00","1.00, 0.00",0.00,"0.00%, 4.31%",0.00%,0.00,98,98
4,335,"1.00, 0.00","1.00, 0.00",0.00,"0.00%, -4.47%",0.00%,0.00,98,98
4,336,"1.00, 0.00","1.00, 0.00",0.00,"0.00%, -6.67%",0.00%,0.00,98,98
4,337,"1.00, 0.00","1.00, 0.00",0.00,"0.00%, 2.73%",0.00%,0.00,98,98
4,338,"1.00, 0.00","1.00, 0.00",0.00,"0.00%, 2.74%",0.00%,0.00,98,98
4,339,"1.00, 0.00","1.00, 0.00",0.00,"0.00%, -3.98%",0.00%,0.00,98,98
4,340,"1.00, 0.00","1.00, 0.00",0.00,"0.00%, -3.67%",0.00%,0.00,98,98
4,341,"1.00, 0.00","1.00, 0.00",0.00,"0.00%, 2.62%",0.00%,0.00,98,98
4,342,"1.00, 0.00","1.00, 0.00",0.00,"0.00%, -11.78%",0.00%,0.00,98,98
4,343,"1.00, 0.00","1.00, 0.00",0.00,"0.00%, -11.46%",0.00%,0.00,98,98
4,344,"1.00, 0.00","1.00, 0.00",0.00,"0.00%, -5.79%",0.00%,0.00,98,98
4,345,"1.00, 0.00","1.00, 0.00",0.00,"0.00%, -1.41%",0.00%,0.00,98,98
4,346,"1.00, 0.00","1.00, 0.00",0.00,"0.00%, 3.35%",0.00%,0.00,98,98
4,347,"1.00, 0.00","1.00, 0.00",0.00,"0.00%, 14.77%",0.00%,0.00,98,98
4,348,"1.00, 0.00","1.00, 0.00",0.00,"0.00%, 8.57%",0.00%,0.00,98,98
4,349,"1.00, 0.00","1.00, 0.00",0.00,"0.00%, -0.94%",0.00%,0.00,98,98
4,350,"1.00, 0.00","1.00, 0.00",0.00,"0.00%, 0.33%",0.00%,0.00,98,98
4,351,"1.00, 0.00","1.00, 0.00",0.00,"0.00%, -8.17%",0.00%,0.00,98,98
4,352,"1.00, 0.00","1.00, 0.00",0.00,"0.00%, 0.33%",0.00%,0.00,98,98
4,353,"1.00, 0.00","1.00, 0.00",0.00,"0.00%, -2.08%",0.00%,0.00,98,98
4,354,"1.00, 0.00","1.00, 0.00",0.00,"0.00%, 3.46%",0.00%,0.00,98,98
4,355,"1.00, 0.00","1.00, 0.00",0.00,"0.00%, -6.71%",0.00%,0.00,98,98
4,356,"1.00, 0.00","1.00, 0.00",0.00,"0.00%, 5.31%",0.00%,0.00,98,98
4,357,"1.00, 0.00","1.00, 0.00",0.00,"0.00%, 15.37%",0.00%,0.00,98,98
4,358,"1.00, 0.00","1.00, 0.00",0.00,"0.00%, -0.48%",0.00%,0.00,98,98
4,359,"1.00, 0.00","1.00, 0.00",0.00,"0.00%, 4.20%",0.00%,0.00,98,98
4,360,"1.00, 0.00","1.00, 0.00",0.00,"0.00%, 6.94%",0.00%,0.00,98,98
4,361,"1.00, 0.00","1.00, 0.00",0.00,"0.00%, -3.06%",0.00%,0.00,98,98
4,362,"1.00, 0.00","1.00, 0.00",0.00,"0.00%, 2.55%",0.00%,0.00,98,98
4,363,"1.00, 0.00","1.00, 0.00",0.00,"0.00%, 0.62%",0.00%,0.00,98,98
4,364,"1.00, 0.00","1.00, 0.00",0.00,"0.00%, 1.39%",0.00%,0.00,98,98
4,365,"1.00, 0.00","1.00, 0.00",0.00,"0.00%, -6.25%",0.00%,0.00,98,98
4,366,"1.00, 0.00","1.00, 0.00",0.00,"0.00%, 0.72%",0.00%,0.00,98,98
4,367,"1.00, 0.00","1.00, 0.00",0.00,"0.00%, 5.11%",0.00%,0.00,98,98
4,368,"1.00, 0.00","1.00, 0.00",0.00,"0.00%, 14.52%",0.00%,0.00,98,98
4,369,"1.00, 0.00","1.00, 0.00",0.00,"0.00%, 9.56%",0.00%,0.00,98,98
4,370,"1.00, 0.00","1.00, 0.00",0.00,"0.00%, 21.99%",0.00%,0.00,98,98
4,371,"1.00, 0.00","1.00, 0.00",0.00,"0.00%, -6.21%",0.00%,0.00,98,98
4,372,"1.00, 0.00","1.00, 0.00",0.00,"0.00%, 8.71%",0.00%,0.00,98,98
4,373,"1.00, 0.00","1.00, 0.00",0.00,"0.00%, 2.17%",0.00%,0.00,98,98
4,374,"1.00, 0.00","1.00, 0.00",0.00,"0.00%, 22.39%",0.00%,0.00,98,98
4,375,"1.00, 0.00","1.00, 0.00",0.00,"0.00%, -6.55%",0.00%,0.00,98,98
4,376,"1.00, 0.00","1.00, 0.00",0.00,"0.00%, -6.81%",0.00%,0.00,98,98
4,377,"1.00, 0.00","1.00, 0.00",0.00,"0.00%, -4.78%",0.00%,0.00,98,98
4,378,"1.00, 0.00","1.00, 0.00",0.00,"0.00%, -16.99%",0.00%,0.00,98,98
4,379,"1.00, 0.00","1.00, 0.00",0.00,"0.00%, -4.14%",0.00%,0.00,98,98
4,380,"1.00, 0.00","1.00, 0.00",0.00,"0.00%, -6.14%",0.00%,0.00,98,98
4,381,"1.00, 0.00","1.00, 0.00",0.00,"0.00%, 1.87%",0.00%,0.00,98,98
4,382,"1.00, 0.00","1.00, 0.00",0.00,"0.00%, 3.64%",0.00%,0.00,98,98
4,383,"1.00, 0.00","1.00, 0.00",0.00,"0.00%, 18.99%",0.00%,0.00,98,98
4,384,"1.00, 0.00","1.00, 0.00",0.00,"0.00%, 9.48%",0.00%,0.00,98,98
4,385,"1.00, 0.00","1.00, 0.00",0.00,"0.00%, -4.58%",0.00%,0.00,98,98
4,386,"1.00, 0.00","1.00, 0.00",0.00,"0.00%, -7.31%",0.00%,0.00,98,98
4,387,"1.00, 0.00","1.00, 0.00",0.00,"0.00%, 5.05%",0.00%,0.00,98,98
4,388,"1.00, 0.00","1.00, 0.00",0.00,"0.00%, -10.76%",0.00%,0.00,98,98
4,389,"1.00, 0.00","1.00, 0.00",0.00,"0.00%, 18.51%",0.00%,0.00,98,98
4,390,"1.00, 0.00","1.00, 0.00",0.00,"0.00%, 11.76%",0.00%,0.00,98,98
4,391,"1.00, 0.00","1.00, 0.00",0.00,"0.00%, -3.65%",0.00%,0.00,98,98
4,392,"1.00, 0.00","1.00, 0.00",0.00,"0.00%, -13.86%",0.00%,0.00,98,98
4,393,"1.00, 0.00","1.00, 0.00",0.00,"0.00%, 13.52%",0.00%,0.00,98,98
4,394,"1.00, 0.00","1.00, 0.00",0.00,"0.00%, -0.53%",0.00%,0.00,98,98
4,395,"1.00, 0.00","1.00, 0.00",0.00,"0.00%, 12.34%",0.00%,0.00,98,98
4,396,"1.00, 0.00","1.00, 0.00",0.00,"0.00%, -12.93%",0.00%,0.00,98,98
4,397,"1.00, 0.00","1.00, 0.00",0.00,"0.00%, -4.78%",0.00%,0.00,98,98
4,398,"1.00, 0.00","1.00, 0.00",0.00,"0.00%, 0.55%",0.00%,0.00,98,98
4,399,"1.00, 0.00","1.00, 0.00",0.00,"0.00%, 0.93%",0.00%,0.00,98,98
4,400,"1.00, 0.00","1.00, 0.00",0.00,"0.00%, -3.49%",0.00%,0.00,98,98
4,401,"1.00, 0.00","1.00, 0.00",0.00,"0.00%, 6.30%",0.00%,0.00,98,98
4,402,"1.00, 0.00","1.00, 0.00",0.00,"0.00%, -8.71%",0.00%,0.00,98,98
4,403,"1.00, 0.00","1.00, 0.00",0.00,"0.00%, -0.78%",0.00%,0.00,98,98
4,404,"1.00, 0.00","1.00, 0.00",0.00,"0.00%, 1.60%",0.00%,0.00,98,98
4,405,"1.00, 0.00","1.00, 0.00",0.00,"0.00%, 5.26%",0.00%,0.00,98,98
4,406,"1.00, 0.00","1.00, 0.00",0.00,"0.00%, 7.15%",0.00%,0.00,98,98
4,407,"1.00, 0.00","1.00, 0.00",0.00,"0.00%, -9.17%",0.00%,0.00,98,98
4,408,"1.00, 0.00","1.00, 0.00",0.00,"0.00%, -12.46%",0.00%,0.00,98,98
4,409,"1.00, 0.00","1.00, 0.00",0.00,"0.00%, 12.75%",0.00%,0.00,98,98
4,410,"1.00, 0.00","1.00, 0.00",0.00,"0.00%, 3.55%",0.00%,0.00,98,98
4,411,"1.00, 0.00","1.00, 0.00",0.00,"0.00%, -6.05%",0.00%,0.00,98,98
4,412,"1.00, 0.00","1.00, 0.00",0.00,"0.00%, 15.56%",0.00%,0.00,98,98
4,413,"1.00, 0.00","1.00, 0.00",0.00,"0.00%, 1.55%",0.00%,0.00,98,98
4,414,"1.00, 0.00","1.00, 0.00",0.00,"0.00%, 11.75%",0.00%,0.00,98,98
4,415,"1.00, 0.00","1.00, 0.00",0.00,"0.00%, 1.11%",0.00%,0.00,98,98
4,416,"1.00, 0.00","1.00, 0.00",0.00,"0.00%, 20.98%",0.00%,0.00,98,98
4,417,"1.00, 0.00","1.00, 0.00",0.00,"0.00%, 17.70%",0.00%,0.00,98,98
4,418,"1.00, 0.00","1.00, 0.00",0.00,"0.00%, -1.73%",0.00%,0.00,98,98
4,419,"1.00, 0.00","1.00, 0.00",0.00,"0.00%, 9.68%",0.00%,0.00,98,98
4,420,"1.00, 0.00","1.00, 0.00",0.00,"0.00%, 6.51%",0.00%,0.00,98,98
4,421,"1.00, 0.00","1.00, 0.00",0.00,"0.00%, 13.68%",0.00%,0.00,98,98
4,422,"1.00, 0.00","1.00, 0.00",0.00,"0.00%, -7.86%",0.00%,0.00,98,98
4,423,"1.00, 0.00","1.00, 0.00",0.00,"0.00%, 6.90%",0.00%,0.00,98,98
4,424,"1.00, 0.00","1.00, 0.00",0.00,"0.00%, 10.55%",0.00%,0.00,98,98
4,425,"1.00, 0.00","1.00, 0.00",0.00,"0.00%, -14.21%",0.00%,0.00,98,98
4,426,"1.00, 0.00","1.00, 0.00",0.00,"0.00%, -9.65%",0.00%,0.00,98,98
4,427,"1.00, 0.00","1.00, 0.00",0.00,"0.00%, -16.35%",0.00%,0.00,98,98
4,428,"1.00, 0.00","1.00, 0.00",0.00,"0.00%, -1.91%",0.00%,0.00,98,98
4,429,"1.00, 0.00","1.00, 0.00",0.00,"0.00%, 7.21%",0.00%,0.00,98,98
4,430,"1.00, 0.00","1.00, 0.00",0.00,"0.00%, 15.05%",0.00%,0.00,98,98
4,431,"1.00, 0.00","1.00, 0.00",0.00,"0.00%, 1.17%",0.00%,0.00,98,98
4,432,"1.00, 0.00","1.00, 0.00",0.00,"0.00%, 16.37%",0.00%,0.00,98,98
4,433,"1.00, 0.00","1.00, 0.00",0.00,"0.00%, -11.24%",0.00%,0.00,98,98
4,434,"1.00, 0.00","1.00, 0.00",0.00,"0.00%, -13.78%",0.00%,0.00,98,98
4,435,"1.00, 0.00","1.00, 0.00",0.00,"0.00%, 0.00%",0.00%,0.00,98,98
4,436,"1.00, 0.00","1.00, 0.00",0.00,"0.00%, 4.04%",0.00%,0.00,98,98
4,437,"1.00, 0.00","1.00, 0.00",0.00,"0.00%, 0.21%",0.00%,0.00,98,98
4,438,"1.00, 0.00","1.00, 0.00",0.00,"0.00%, -16.56%",0.00%,0.00,98,98
4,439,"1.00, 0.00","1.00, 0.00",0.00,"0.00%, -0.30%",0.00%,0.00,98,98
4,440,"1.00, 0.00","1.00, 0.00",0.00,"0.00%, -10.63%",0.00%,0.00,98,98
4,441,"1.00, 0.00","1.00, 0.00",0.00,"0.00%, 6.74%",0.00%,0.00,98,98
4,442,"1.00, 0.00","1.00, 0.00",0.00,"0.00%, 3.87%",0.00%,0.00,98,98
4,443,"1.00, 0.00","1.00, 0.00",0.00,"0.00%, -7.65%",0.00%,0.00,98,98
4,444,"1.00, 0.00","1.00, 0.00",0.00,"0.00%, -4.04%",0.00%,0.00,98,98
4,445,"1.00, 0.00","1.00, 0.00",0.00,"0.00%, -8.64%",0.00%,0.00,98,98
4,446,"1.00, 0.00","1.00, 0.00",0.00,"0.00%, -0.06%",0.00%,0.00,98,98
4,447,"1.00, 0.00","1.00, 0.00",0.00,"0.00%, 9.52%",0.00%,0.00,98,98
4,448,"1.00, 0.00","1.00, 0.00",0.00,"0.00%, -8.03%",0.00%,0.00,98,98
4,449,"1.00, 0.00","1.00, 0.00",0.00,"0.00%, 5.17%",0.00%,0.00,98,98
4,450,"1.00, 0.00","1.00, 0.00",0.00,"0.00%, -4.18%",0.00%,0.00,98,98
4,451,"1.00, 0.00","1.00, 0.00",0.00,"0.00%, -6.42%",0.00%,0.00,98,98
4,452,"1.00, 0.00","1.00, 0.00",0.00,"0.00%, -0.46%",0.00%,0.00,98,98
4,453,"1.00, 0.00","1.00, 0.00",0.00,"0.00%, -8.44%",0.00%,0.00,98,98
4,454,"1.00, 0.00","1.00, 0.00",0.00,"0.00%, -4.38%",0.00%,0.00,98,98
4,455,"1.00, 0.00","1.00, 0.00",0.00,"0.00%, -9.77%",0.00%,0.00,98,98
4,456,"1.00, 0.00","1.00, 0.00",0.00,"0.00%, 19.94%",0.00%,0.00,98,98
4,457,"1.00, 0.00","1.00, 0.00",0.00,"0.00%, 0.82%",0.00%,0.00,98,98
4,458,"1.00, 0.00","1.00, 0.00",0.00,"0.00%, -5.63%",0.00%,0.00,98,98
4,459,"1.00, 0.00","1.00, 0.00",0.00,"0.00%, 2.46%",0.00%,0.00,98,98
4,460,"1.00, 0.00","1.00, 0.00",0.00,"0.00%, -0.51%",0.00%,0.00,98,98
4,461,"1.00, 0.00","1.00, 0.00",0.00,"0.00%, -1.48%",0.00%,0.00,98,98
4,462,"1.00, 0.00","1.00, 0.00",0.00,"0.00%, 6.21%",0.00%,0.00,98,98
4,463,"1.00, 0.00","1.00, 0.00",0.00,"0.00%, 7.59%",0.00%,0.00,98,98
4,464,"1.00, 0.00","1.00, 0.00",0.00,"0.00%, -4.18%",0.00%,0.00,98,98
4,465,"1.00, 0.00","1.00, 0.00",0.00,"0.00%, -4.57%",0.00%,0.00,98,98
4,466,"1.00, 0.00","1.00, 0.00",0.00,"0.00%, -1.96%",0.00%,0.00,98,98
4,467,"1.00, 0.00","1.00, 0.00",0.00,"0.00%, -18.30%",0.00%,0.00,98,98
4,468,"1.00, 0.00","1.00, 0.00",0.00,"0.00%, -12.31%",0.00%,0.00,98,98
4,469,"1.00, 0.00","1.00, 0.00",0.00,"0.00%, 13.66%",0.00%,0.00,98,98
4,470,"1.00, 0.00","1.00, 0.00",0.00,"0.00%, 16.54%",0.00%,0.00,98,98
4,471,"1.00, 0.00","1.00, 0.00",0.00,"0.00%, -1.73%",0.00%,0.00,98,98
4,472,"1.00, 0.00","1.00, 0.00",0.00,"0.00%, 5.85%",0.00%,0.00,98,98
4,473,"1.00, 0.00","1.00, 0.00",0.00,"0.00%, 3.36%",0.00%,0.00,98,98
4,474,"1.00, 0.00","1.00, 0.00",0.00,"0.00%, 32.59%",0.00%,0.00,98,98
4,475,"1.00, 0.00","1.00, 0.00",0.00,"0.00%, 11.16%",0.00%,0.00,98,98
4,476,"1.00, 0.00","1.00, 0.00",0.00,"0.00%, -0.65%",0.00%,0.00,98,98
4,477,"1.00, 0.00","1.00, 0.00",0.00,"0.00%, -7.78%",0.00%,0.00,98,98
4,478,"1.00, 0.00","1.00, 0.00",0.00,"0.00%, -13.03%",0.00%,0.00,98,98
4,479,"1.00, 0.00","1.00, 0.00",0.00,"0.00%, 2.36%",0.00%,0.00,98,98
4,480,"1.00, 0.00","1.00, 0.00",0.00,"0.00%, -6.11%",0.00%,0.00,98,98
4,481,"1.00, 0.00","1.00, 0.00",0.00,"0.00%, -11.57%",0.00%,0.00,98,98
4,482,"1.00, 0.00","1.00, 0.00",0.00,"0.00%, -5.18%",0.00%,0.00,98,98
4,483,"1.00, 0.00","1.00, 0.00",0.00,"0.00%, -8.82%",0.00%,0.00,98,98
4,484,"1.00, 0.00","1.00, 0.00",0.00,"0.00%, 16.98%",0.00%,0.00,98,98
4,485,"1.00, 0.00","1.00, 0.00",0.00,"0.00%, 8.80%",0.00%,0.00,98,98
4,486,"1.00, 0.00","1.00, 0.00",0.00,"0.00%, 0.43%",0.00%,0.00,98,98
4,487,"1.00, 0.00","1.00, 0.00",0.00,"0.00%, 14.82%",0.00%,0.00,98,98
4,488,"1.00, 0.00","1.00, 0.00",0.00,"0.00%, 1.20%",0.00%,0.00,98,98
4,489,"1.00, 0.00","1.00, 0.00",0.00,"0.00%, -6.99%",0.00%,0.00,98,98
4,490,"1.00, 0.00","1.00, 0.00",0.00,"0.00%, 15.27%",0.00%,0.00,98,98
4,491,"1.00, 0.00","1.00, 0.00",0.00,"0.00%, 5.50%",0.00%,0.00,98,98
4,492,"1.00, 0.00","1.00, 0.00",0.00,"0.00%, -8.46%",0.00%,0.00,98,98
4,493,"1.00, 0.00","1.00, 0.00",0.00,"0.00%, -1.21%",0.00%,0.00,98,98
4,494,"1.00, 0.00","1.00, 0.00",0.00,"0.00%, -7.11%",0.00%,0.00,98,98
4,495,"1.00, 0.00","1.00, 0.00",0.00,"0.00%, -11.26%",0.00%,0.00,98,98
4,496,"1.00, 0.00","1.00, 0.00",0.00,"0.00%, 9.24%",0.00%,0.00,98,98
4,497,"1.00, 0.00","1.00, 0.00",0.00,"0.00%, 19.34%",0.00%,0.00,98,98
4,498,"1.00, 0.00","1.00, 0.00",0.00,"0.00%, -11.39%",0.00%,0.00,98,98
4,499,"1.00, 0.00","1.00, 0.00",0.00,"0.00%, 5.72%",0.00%,0.00,98,98
5,0,"0.50, 0.50","0.50, 0.50",0.00,"0.00%, -1.59%",-0.80%,-0.80,100,99
5,1,"1.00, 0.00","1.00, 0.00",0.99,"0.00%, -1.59%",0.00%,-1.98,99,98
5,2,"1.00, 0.00","1.00, 0.00",0.00,"0.00%, 15.85%",0.00%,0.00,98,98
5,3,"1.00, 0.00","1.00, 0.00",0.00,"0.00%, 7.69%",0.00%,0.00,98,98
5,4,"1.00, 0.00","1.00, 0.00",0.00,"0.00%, -3.66%",0.00%,0.00,98,98
5,5,"1.00, 0.00","1.00, 0.00",0.00,"0.00%, 5.53%",0.00%,0.00,98,98
5,6,"1.00, 0.00","1.00, 0.00",0.00,"0.00%, -3.60%",0.00%,0.00,98,98
5,7,"1.00, 0.00","1.00, 0.00",0.00,"0.00%, -3.62%",0.00%,0.00,98,98
5,8,"1.00, 0.00","1.00, 0.00",0.00,"0.00%, 2.71%",0.00%,0.00,98,98
5,9,"1.00, 0.00","1.00, 0.00",0.00,"0.00%, -15.40%",0.00%,0.00,98,98
5,10,"1.00, 0.00","1.00, 0.00",0.00,"0.00%, -13.95%",0.00%,0.00,98,98
5,11,"1.00, 0.00","1.00, 0.00",0.00,"0.00%, -4.46%",0.00%,0.00,98,98
5,12,"1.00, 0.00","1.00, 0.00",0.00,"0.00%, -8.25%",0.00%,0.00,98,98
5,13,"1.00, 0.00","1.00, 0.00",0.00,"0.00%, 3.38%",0.00%,0.00,98,98
5,14,"1.00, 0.00","1.00, 0.00",0.00,"0.00%, -7.39%",0.00%,0.00,98,98
5,15,"1.00, 0.00","1.00, 0.00",0.00,"0.00%, -11.49%",0.00%,0.00,98,98
5,16,"1.00, 0.00","1.00, 0.00",0.00,"0.00%, 14.67%",0.00%,0.00,98,98
5,17,"1.00, 0.00","1.00, 0.00",0.00,"0.00%, -1.52%",0.00%,0.00,98,98
5,18,"1.00, 0.00","1.00, 0.00",0.00,"0.00%, 1.11%",0.00%,0.00,98,98
5,19,"1.00, 0.00","1.00, 0.00",0.00,"0.00%, -11.59%",0.00%,0.00,98,98
5,20,"1.00, 0.00","1.00, 0.00",0.00,"0.00%, -4.30%",0.00%,0.00,98,98
5,21,"1.00, 0.00","1.00, 0.00",0.00,"0.00%, 1.51%",0.00%,0.00,98,98
5,22,"1.00, 0.00","1.00, 0.00",0.00,"0.00%, -9.39%",0.00%,0.00,98,98
5,23,"1.00, 0.00","1.00, 0.00",0.00,"0.00%, 3.96%",0.00%,0.00,98,98
5,24,"1.00, 0.00","1.00, 0.00",0.00,"0.00%, -4.79%",0.00%,0.00,98,98
5,25,"1.00, 0.00","1.00, 0.00",0.00,"0.00%, -2.10%",0.00%,0.00,98,98
5,26,"1.00, 0.00","1.00, 0.00",0.00,"0.00%, -4.80%",0.00%,0.00,98,98
5,27,"1.00, 0.00","1.00, 0.00",0.00,"0.00%, 18.73%",0.00%,0.00,98,98
5,28,"1.00, 0.00","1.00, 0.00",0.00,"0.00%, 0.38%",0.00%,0.00,98,98
5,29,"1.00, 0.00","1.00, 0.00",0.00,"0.00%, -8.62%",0.00%,0.00,98,98
5,30,"1.00, 0.00","1.00, 0.00",0.00,"0.00%, 8.22%",0.00%,0.00,98,98
5,31,"1.00, 0.00","1.00, 0.00",0.00,"0.00%, -9.96%",0.00%,0.00,98,98
5,32,"1.00, 0.00","1.00, 0.00",0.00,"0.00%, 2.41%",0.00%,0.00,98,98
5,33,"1.00, 0.00","1.00, 0.00",0.00,"0.00%, -15.75%",0.00%,0.00,98,98
5,34,"1.00, 0.00","1.00, 0.00",0.00,"0.00%, -10.82%",0.00%,0.00,98,98
5,35,"1.00, 0.00","1.00, 0.00",0.00,"0.00%, 2.30%",0.00%,0.00,98,98
5,36,"1.00, 0.00","1.00, 0.00",0.00,"0.00%, 7.41%",0.00%,0.00,98,98
5,37,"1.00, 0.00","1.00, 0.00",0.00,"0.00%, 2.06%",0.00%,0.00,98,98
5,38,"1.00, 0.00","1.00, 0.00",0.00,"0.00%, -0.54%",0.00%,0.00,98,98
5,39,"1.00, 0.00","1.00, 0.00",0.00,"0.00%, -2.19%",0.00%,0.00,98,98
5,40,"1.00, 0.00","1.00, 0.00",0.00,"0.00%, -12.02%",0.00%,0.00,98,98
5,41,"1.00, 0.00","1.00, 0.00",0.00,"0.00%, -5.80%",0.00%,0.00,98,98
5,42,"1.00, 0.00","1.00, 0.00",0.00,"0.00%, -3.58%",0.00%,0.00,98,98
5,43,"1.00, 0.00","1.00, 0.00",0.00,"0.00%, 10.53%",0.00%,0.00,98,98
5,44,"1.00, 0.00","1.00, 0.00",0.00,"0.00%, 3.66%",0.00%,0.00,98,98
5,45,"1.00, 0.00","1.00, 0.00",0.00,"0.00%, -14.24%",0.00%,0.00,98,98
5,46,"1.00, 0.00","1.00, 0.00",0.00,"0.00%, 3.48%",0.00%,0.00,98,98
5,47,"1.00, 0.00","1.00, 0.00",0.00,"0.00%, -2.92%",0.00%,0.00,98,98
5,48,"1.00, 0.00","1.00, 0.00",0.00,"0.00%, -5.44%",0.00%,0.00,98,98
5,49,"1.00, 0.00","1.00, 0.00",0.00,"0.00%, 6.19%",0.00%,0.00,98,98
5,50,"1.00, 0.00","1.00, 0.00",0.00,"0.00%, 10.27%",0.00%,0.00,98,98
5,51,"1.00, 0.00","1.00, 0.00",0.00,"0.00%, 9.29%",0.00%,0.00,98,98
5,52,"1.00, 0.00","1.00, 0.00",0.00,"0.00%, -6.81%",0.00%,0.00,98,98
5,53,"1.00, 0.00","1.00, 0.00",0.00,"0.00%, -2.26%",0.00%,0.00,98,98
5,54,"1.00, 0.00","1.00, 0.00",0.00,"0.00%, 3.54%",0.00%,0.00,98,98
5,55,"1.00, 0.00","1.00, 0.00",0.00,"0.00%, 9.72%",0.00%,0.00,98,98
5,56,"1.00, 0.00","1.00, 0.00",0.00,"0.00%, -3.74%",0.00%,0.00,98,98
5,57,"1.00, 0.00","1.00, 0.00",0.00,"0.00%, -1.16%",0.00%,0.00,98,98
5,58,"1.00, 0.00","1.00, 0.00",0.00,"0.00%, -9.02%",0.00%,0.00,98,98
5,59,"1.00, 0.00","1.00, 0.00",0.00,"0.00%, -9.76%",0.00%,0.00,98,98
5,60,"1.00, 0.00","1.00, 0.00",0.00,"0.00%, 8.13%",0.00%,0.00,98,98
5,61,"1.00, 0.00","1.00, 0.00",0.00,"0.00%, 13.55%",0.00%,0.00,98,98
5,62,"1.00, 0.00","1.00, 0.00",0.00,"0.00%, -0.15%",0.00%,0.00,98,98
5,63,"1.00, 0.00","1.00, 0.00",0.00,"0.00%, 10.00%",0.00%,0.00,98,98
5,64,"1.00, 0.00","1.00, 0.00",0.00,"0.00%, 3.83%",0.00%,0.00,98,98
5,65,"1.00, 0.00","1.00, 0.00",0.00,"0.00%, -5.17%",0.00%,0.00,98,98
5,66,"1.00, 0.00","1.00, 0.00",0.00,"0.00%, 3.82%",0.00%,0.00,98,98
5,67,"1.00, 0.00","1.00, 0.00",0.00,"0.00%, 15.42%",0.00%,0.00,98,98
5,68,"1.00, 0.00","1.00, 0.00",0.00,"0.00%, 0.18%",0.00%,0.00,98,98
5,69,"1.00, 0.00","1.00, 0.00",0.00,"0.00%, 15.70%",0.00%,0.00,98,98
5,70,"1.00, 0.00","1.00, 0.00",0.00,"0.00%, -20.61%",0.00%,0.00,98,98
5,71,"1.00, 0.00","1.00, 0.00",0.00,"0.00%, 8.22%",0.00%,0.00,98,98
5,72,"1.00, 0.00","1.00, 0.00",0.00,"0.00%, 1.29%",0.00%,0.00,98,98
5,73,"1.00, 0.00","1.00, 0.00",0.00,"0.00%, -2.17%",0.00%,0.00,98,98
5,74,"1.00, 0.00","1.00, 0.00",0.00,"0.00%, 1.33%",0.00%,0.00,98,98
5,75,"1.00, 0.00","1.00, 0.00",0.00,"0.00%, -15.96%",0.00%,0.00,98,98
5,76,"1.00, 0.00","1.00, 0.00",0.00,"0.00%, -1.47%",0.00%,0.00,98,98
5,77,"1.00, 0.00","1.00, 0.00",0.00,"0.00%, 3.78%",0.00%,0.00,98,98
5,78,"1.00, 0.00","1.00, 0.00",0.00,"0.00%, 14.80%",0.00%,0.00,98,98
5,79,"1.00, 0.00","1.00, 0.00",0.00,"0.00%, -4.08%",0.00%,0.00,98,98
5,80,"1.00, 0.00","1.00, 0.00",0.00,"0.00%, -6.55%",0.00%,0.00,98,98
5,81,"1.00, 0.00","1.00, 0.00",0.00,"0.00%, -3.94%",0.00%,0.00,98,98
5,82,"1.00, 0.00","1.00, 0.00",0.00,"0.00%, 9.13%",0.00%,0.00,98,98
5,83,"1.00, 0.00","1.00, 0.00",0.00,"0.00%, 3.52%",0.00%,0.00,98,98
5,84,"1.00, 0.00","1.00, 0.00",0.00,"0.00%, -4.18%",0.00%,0.00,98,98
5,85,"1.00, 0.00","1.00, 0.00",0.00,"0.00%, 5.25%",0.00%,0.00,98,98
5,86,"1.00, 0.00","1.00, 0.00",0.00,"0.00%, 1.38%",0.00%,0.00,98,98
5,87,"1.00, 0.00","1.00, 0.00",0.00,"0.00%, 9.66%",0.00%,0.00,98,98
5,88,"1.00, 0.00","1.00, 0.00",0.00,"0.00%, -5.65%",0.00%,0.00,98,98
5,89,"1.00, 0.00","1.00, 0.00",0.00,"0.00%, -2.42%",0.00%,0.00,98,98
5,90,"1.00, 0.00","1.00, 0.00",0.00,"0.00%, -2.98%",0.00%,0.00,98,98
5,91,"1.00, 0.00","1.00, 0.00",0.00,"0.00%, -11.90%",0.00%,0.00,98,98
5,92,"1.00, 0.00","1.00, 0.00",0.00,"0.00%, 3.22%",0.00%,0.00,98,98
5,93,"1.00, 0.00","1.00, 0.00",0.00,"0.00%, 2.89%",0.00%,0.00,98,98
5,94,"1.00, 0.00","1.00, 0.00",0.00,"0.00%, 0.55%",0.00%,0.00,98,98
5,95,"1.00, 0.00","1.00, 0.00",0.00,"0.00%, -1.60%",0.00%,0.00,98,98
5,96,"1.00, 0.00","1.00, 0.00",0.00,"0.00%, -11.52%",0.00%,0.00,98,98
5,97,"1.00, 0.00","1.00, 0.00",0.00,"0.00%, -3.23%",0.00%,0.00,98,98
5,98,"1.00, 0.00","1.00, 0.00",0.00,"0.00%, -2.55%",0.00%,0.00,98,98
5,99,"1.00, 0.00","1.00, 0.00",0.00,"0.00%, -6.50%",0.00%,0.00,98,98
5,100,"1.00, 0.00","1.00, 0.00",0.00,"0.00%, -0.95%",0.00%,0.00,98,98
5,101,"1.00, 0.00","1.00, 0.00",0.00,"0.00%, 4.22%",0.00%,0.00,98,98
5,102,"1.00, 0.00","1.00, 0.00",0.00,"0.00%, 19.10%",0.00%,0.00,98,98
5,103,"1.00, 0.00","1.00, 0.00",0.00,"0.00%, 2.09%",0.00%,0.00,98,98
5,104,"1.00, 0.00","1.00, 0.00",0.00,"0.00%, 2.86%",0.00%,0.00,98,98
5,105,"1.00, 0.00","1.00, 0.00",0.00,"0.00%, -0.17%",0.00%,0.00,98,98
5,106,"1.00, 0.00","1.00, 0.00",0.00,"0.00%, -15.44%",0.00%,0.00,98,98
5,107,"1.00, 0.00","1.00, 0.00",0.00,"0.00%, 0.26%",0.00%,0.00,98,98
5,108,"1.00, 0.00","1.00, 0.00",0.00,"0.00%, 1.05%",0.00%,0.00,98,98
5,109,"1.00, 0.00","1.00, 0.00",0.00,"0.00%, 25.44%",0.00%,0.00,98,98
5,110,"1.00, 0.00","1.00, 0.00",0.00,"0.00%, -1.22%",0.00%,0.00,98,98
5,111,"1.00, 0.00","1.00, 0.00",0.00,"0.00%, 3.27%",0.00%,0.00,98,98
5,112,"1.00, 0.00","1.00, 0.00",0.00,"0.00%, 0.19%",0.00%,0.00,98,98
5,113,"1.00, 0.00","1.00, 0.00",0.00,"0.00%, -9.53%",0.00%,0.00,98,98
5,114,"1.00, 0.00","1.00, 0.00",0.00,"0.00%, 11.39%",0.00%,0.00,98,98
5,115,"1.00, 0.00","1.00, 0.00",0.00,"0.00%, 7.54%",0.00%,0.00,98,98
5,116,"1.00, 0.00","1.00, 0.00",0.00,"0.00%, 7.92%",0.00%,0.00,98,98
5,117,"1.00, 0.00","1.00, 0.00",0.00,"0.00%, -7.40%",0.00%,0.00,98,98
5,118,"1.00, 0.00","1.00, 0.00",0.00,"0.00%, 14.03%",0.00%,0.00,98,98
5,119,"1.00, 0.00","1.00, 0.00",0.00,"0.00%, -11.41%",0.00%,0.00,98,98
5,120,"1.00, 0.00","1.00, 0.00",0.00,"0.00%, 5.95%",0.00%,0.00,98,98
5,121,"1.00, 0.00","1.00, 0.00",0.00,"0.00%, 22.40%",0.00%,0.00,98,98
5,122,"1.00, 0.00","1.00, 0.00",0.00,"0.00%, -8.07%",0.00%,0.00,98,98
5,123,"1.00, 0.00","1.00, 0.00",0.00,"0.00%, -4.49%",0.00%,0.00,98,98
5,124,"1.00, 0.00","1.00, 0.00",0.00,"0.00%, 1.41%",0.00%,0.00,98,98
5,125,"1.00, 0.00","1.00, 0.00",0.00,"0.00%, -3.95%",0.00%,0.00,98,98
5,126,"1.00, 0.00","1.00, 0.00",0.00,"0.00%, -12.59%",0.00%,0.00,98,98
5,127,"1.00, 0.00","1.00, 0.00",0.00,"0.00%, 1.12%",0.00%,0.00,98,98
5,128,"1.00, 0.00","1.00, 0.00",0.00,"0.00%, -8.66%",0.00%,0.00,98,98
5,129,"1.00, 0.00","1.00, 0.00",0.00,"0.00%, 4.88%",0.00%,0.00,98,98
5,130,"1.00, 0.00","1.00, 0.00",0.00,"0.00%, -7.48%",0.00%,0.00,98,98
5,131,"1.00, 0.00","1.00, 0.00",0.00,"0.00%, 15.55%",0.00%,0.00,98,98
5,132,"1.00, 0.00","1.00, 0.00",0.00,"0.00%, -6.34%",0.00%,0.00,98,98
5,133,"1.00, 0.00","1.00, 0.00",0.00,"0.00%, -2.37%",0.00%,0.00,98,98
5,134,"1.00, 0.00","1.00, 0.00",0.00,"0.00%, 8.14%",0.00%,0.00,98,98
5,135,"1.00, 0.00","1.00, 0.00",0.00,"0.00%, -10.04%",0.00%,0.00,98,98
5,136,"1.00, 0.00","1.00, 0.00",0.00,"0.00%, 2.58%",0.00%,0.00,98,98
5,137,"1.00, 0.00","1.00, 0.00",0.00,"0.00%, 13.05%",0.00%,0.00,98,98
5,138,"1.00, 0.00","1.00, 0.00",0.00,"0.00%, -13.04%",0.00%,0.00,98,98
5,139,"1.00, 0.00","1.00, 0.00",0.00,"0.00%, 2.19%",0.00%,0.00,98,98
5,140,"1.00, 0.00","1.00, 0.00",0.00,"0.00%, 2.88%",0.00%,0.00,98,98
5,141,"1.00, 0.00","1.00, 0.00",0.00,"0.00%, 7.83%",0.00%,0.00,98,98
5,142,"1.00, 0.00","1.00, 0.00",0.00,"0.00%, -10.09%",0.00%,0.00,98,98
5,143,"1.00, 0.00","1.00, 0.00",0.00,"0.00%, -10.76%",0.00%,0.00,98,98
5,144,"1.00, 0.00","1.00, 0.00",0.00,"0.00%, 5.33%",0.00%,0.00,98,98
5,145,"1.00, 0.00","1.00, 0.00",0.00,"0.00%, 3.22%",0.00%,0.00,98,98
5,146,"1.00, 0.00","1.00, 0.00",0.00,"0.00%, 2.79%",0.00%,0.00,98,98
5,147,"1.00, 0.00","1.00, 0.00",0.00,"0.00%, 3.68%",0.00%,0.00,98,98
5,148,"1.00, 0.00","1.00, 0.00",0.00,"0.00%, -5.47%",0.00%,0.00,98,98
5,149,"1.00, 0.00","1.00, 0.00",0.00,"0.00%, 2.62%",0.00%,0.00,98,98
5,150,"1.00, 0.00","1.00, 0.00",0.00,"0.00%, 3.19%",0.00%,0.00,98,98
5,151,"1.00, 0.00","1.00, 0.00",0.00,"0.00%, -5.76%",0.00%,0.00,98,98
5,152,"1.00, 0.00","1.00, 0.00",0.00,"0.00%, 18.88%",0.00%,0.00,98,98
5,153,"1.00, 0.00","1.00, 0.00",0.00,"0.00%, 4.88%",0.00%,0.00,98,98
5,154,"1.00, 0.00","1.00, 0.00",0.00,"0.00%, -9.72%",0.00%,0.00,98,98
5,155,"1.00, 0.00","1.00, 0.00",0.00,"0.00%, 6.62%",0.00%,0.00,98,98
5,156,"1.00, 0.00","1.00, 0.00",0.00,"0.00%, -7.94%",0.00%,0.00,98,98
5,157,"1.00, 0.00","1.00, 0.00",0.00,"0.00%, 7.88%",0.00%,0.00,98,98
5,158,"1.00, 0.00","1.00, 0.00",0.00,"0.00%, 11.55%",0.00%,0.00,98,98
5,159,"1.00, 0.00","1.00, 0.00",0.00,"0.00%, -6.65%",0.00%,0.00,98,98
5,160,"1.00, 0.00","1.00, 0.00",0.00,"0.00%, 9.60%",0.00%,0.00,98,98
5,161,"1.00, 0.00","1.00, 0.00",0.00,"0.00%, 4.31%",0.00%,0.00,98,98
5,162,"1.00, 0.00","1.00, 0.00",0.00,"0.00%, 8.22%",0.00%,0.00,98,98
5,163,"1.00, 0.00","1.00, 0.00",0.00,"0.00%, 19.21%",0.00%,0.00,98,98
5,164,"1.00, 0.00","1.00, 0.00",0.00,"0.00%, -1.69%",0.00%,0.00,98,98
5,165,"1.00, 0.00","1.00, 0.00",0.00,"0.00%, -6.09%",0.00%,0.00,98,98
5,166,"1.00, 0.00","1.00, 0.00",0.00,"0.00%, -7.23%",0.00%,0.00,98,98
5,167,"1.00, 0.00","1.00, 0.00",0.00,"0.00%, -6.61%",0.00%,0.00,98,98
5,168,"1.00, 0.00","1.00, 0.00",0.00,"0.00%, -0.19%",0.00%,0.00,98,98
5,169,"1.00, 0.00","1.00, 0.00",0.00,"0.00%, 3.63%",0.00%,0.00,98,98
5,170,"1.00, 0.00","1.00, 0.00",0.00,"0.00%, 3.04%",0.00%,0.00,98,98
5,171,"1.00, 0.00","1.00, 0.00",0.00,"0.00%, 8.27%",0.00%,0.00,98,98
5,172,"1.00, 0.00","1.00, 0.00",0.00,"0.00%, 0.62%",0.00%,0.00,98,98
5,173,"1.00, 0.00","1.00, 0.00",0.00,"0.00%, 14.55%",0.00%,0.00,98,98
5,174,"1.00, 0.00","1.00, 0.00",0.00,"0.00%, -1.86%",0.00%,0.00,98,98
5,175,"1.00, 0.00","1.00, 0.00",0.00,"0.00%, 28.38%",0.00%,0.00,98,98
5,176,"1.00, 0.00","1.00, 0.00",0.00,"0.00%, 6.32%",0.00%,0.00,98,98
5,177,"1.00, 0.00","1.00, 0.00",0.00,"0.00%, -6.96%",0.00%,0.00,98,98
5,178,"1.00, 0.00","1.00, 0.00",0.00,"0.00%, -8.73%",0.00%,0.00,98,98
5,179,"1.00, 0.00","1.00, 0.00",0.00,"0.00%, 4.96%",0.00%,0.00,98,98
5,180,"1.00, 0.00","1.00, 0.00",0.00,"0.00%, -1.50%",0.00%,0.00,98,98
5,181,"1.00, 0.00","1.00, 0.00",0.00,"0.00%, 7.17%",0.00%,0.00,98,98
5,182,"1.00, 0.00","1.00, 0.00",0.00,"0.00%, 4.87%",0.00%,0.00,98,98
5,183,"1.00, 0.00","1.00, 0.00",0.00,"0.00%, -0.16%",0.00%,0.00,98,98
5,184,"1.00, 0.00","1.00, 0.00",0.00,"0.00%, -6.87%",0.00%,0.00,98,98
5,185,"1.00, 0.00","1.00, 0.00",0.00,"0.00%, -12.31%",0.00%,0.00,98,98
5,186,"1.00, 0.00","1.00, 0.00",0.00,"0.00%, -3.46%",0.00%,0.00,98,98
5,187,"1.00, 0.00","1.00, 0.00",0.00,"0.00%, 8.55%",0.00%,0.00,98,98
5,188,"1.00, 0.00","1.00, 0.00",0.00,"0.00%, 2.46%",0.00%,0.00,98,98
5,189,"1.00, 0.00","1.00, 0.00",0.00,"0.00%, -10.16%",0.00%,0.00,98,98
5,190,"1.00, 0.00","1.00, 0.00",0.00,"0.00%, 2.08%",0.00%,0.00,98,98
5,191,"1.00, 0.00","1.00, 0.00",0.00,"0.00%, 4.05%",0.00%,0.00,98,98
5,192,"1.00, 0.00","1.00, 0.00",0.00,"0.00%, -7.18%",0.00%,0.00,98,98
5,193,"1.00, 0.00","1.00, 0.00",0.00,"0.00%, 1.90%",0.00%,0.00,98,98
5,194,"1.00, 0.00","1.00, 0.00",0.00,"0.00%, 1.03%",0.00%,0.00,98,98
5,195,"1.00, 0.00","1.00, 0.00",0.00,"0.00%, -9.32%",0.00%,0.00,98,98
5,196,"1.00, 0.00","1.00, 0.00",0.00,"0.00%, 3.79%",0.00%,0.00,98,98
5,197,"1.00, 0.00","1.00, 0.00",0.00,"0.00%, 5.70%",0.00%,0.00,98,98
5,198,"1.00, 0.00","1.00, 0.00",0.00,"0.00%, 10.79%",0.00%,0.00,98,98
5,199,"1.00, 0.00","1.00, 0.00",0.00,"0.00%, 10.50%",0.00%,0.00,98,98
5,200,"1.00, 0.00","1.00, 0.00",0.00,"0.00%, -11.22%",0.00%,0.00,98,98
5,201,"1.00, 0.00","1.00, 0.00",0.00,"0.00%, -7.63%",0.00%,0.00,98,98
5,202,"1.00, 0.00","1.00, 0.00",0.00,"0.00%, 5.27%",0.00%,0.00,98,98
5,203,"1.00, 0.00","1.00, 0.00",0.00,"0.00%, 5.26%",0.00%,0.00,98,98
5,204,"1.00, 0.00","1.00, 0.00",0.00,"0.00%, 5.27%",0.00%,0.00,98,98
5,205,"1.00, 0.00","1.00, 0.00",0.00,"0.00%, 42.15%",0.00%,0.00,98,98
5,206,"1.00, 0.00","1.00, 0.00",0.00,"0.00%, 5.80%",0.00%,0.00,98,98
5,207,"1.00, 0.00","1.00, 0.00",0.00,"0.00%, 11.32%",0.00%,0.00,98,98
5,208,"1.00, 0.00","1.00, 0.00",0.00,"0.00%, 9.51%",0.00%,0.00,98,98
5,209,"1.00, 0.00","1.00, 0.00",0.00,"0.00%, 6.57%",0.00%,0.00,98,98
5,210,"1.00, 0.00","1.00, 0.00",0.00,"0.00%, -2.31%",0.00%,0.00,98,98
5,211,"1.00, 0.00","1.00, 0.00",0.00,"0.00%, 7.61%",0.00%,0.00,98,98
5,212,"1.00, 0.00","1.00, 0.00",0.00,"0.00%, -6.25%",0.00%,0.00,98,98
5,213,"1.00, 0.00","1.00, 0.00",0.00,"0.00%, -1.62%",0.00%,0.00,98,98
5,214,"1.00, 0.00","1.00, 0.00",0.00,"0.00%, -3.79%",0.00%,0.00,98,98
5,215,"1.00, 0.00","1.00, 0.00",0.00,"0.00%, 1.24%",0.00%,0.00,98,98
5,216,"1.00, 0.00","1.00, 0.00",0.00,"0.00%, 23.78%",0.00%,0.00,98,98
5,217,"1.00, 0.00","1.00, 0.00",0.00,"0.00%, -15.05%",0.00%,0.00,98,98
5,218,"1.00, 0.00","1.00, 0.00",0.00,"0.00%, 6.90%",0.00%,0.00,98,98
5,219,"1.00, 0.00","1.00, 0.00",0.00,"0.00%, -13.08%",0.00%,0.00,98,98
5,220,"1.00, 0.00","1.00, 0.00",0.00,"0.00%, -3.68%",0.00%,0.00,98,98
5,221,"1.00, 0.00","1.00, 0.00",0.00,"0.00%, 10.85%",0.00%,0.00,98,98
5,222,"1.00, 0.00","1.00, 0.00",0.00,"0.00%, 1.08%",0.00%,0.00,98,98
5,223,"1.00, 0.00","1.00, 0.00",0.00,"0.00%, -8.79%",0.00%,0.00,98,98
5,224,"1.00, 0.00","1.00, 0.00",0.00,"0.00%, -5.76%",0.00%,0.00,98,98
5,225,"1.00, 0.00","1.00, 0.00",0.00,"0.00%, 6.84%",0.00%,0.00,98,98
5,226,"1.00, 0.00","1.00, 0.00",0.00,"0.00%, -5.89%",0.00%,0.00,98,98
5,227,"1.00, 0.00","1.00, 0.00",0.00,"0.00%, 2.48%",0.00%,0.00,98,98
5,228,"1.00, 0.00","1.00, 0.00",0.00,"0.00%, 0.91%",0.00%,0.00,98,98
5,229,"1.00, 0.00","1.00, 0.00",0.00,"0.00%, -5.22%",0.00%,0.00,98,98
5,230,"1.00, 0.00","1.00, 0.00",0.00,"0.00%, 21.89%",0.00%,0.00,98,98
5,231,"1.00, 0.00","1.00, 0.00",0.00,"0.00%, 6.40%",0.00%,0.00,98,98
5,232,"1.00, 0.00","1.00, 0.00",0.00,"0.00%, -16.24%",0.00%,0.00,98,98
5,233,"1.00, 0.00","1.00, 0.00",0.00,"0.00%, 2.20%",0.00%,0.00,98,98
5,234,"1.00, 0.00","1.00, 0.00",0.00,"0.00%, -5.31%",0.00%,0.00,98,98
5,235,"1.00, 0.00","1.00, 0.00",0.00,"0.00%, 8.52%",0.00%,0.00,98,98
5,236,"1.00, 0.00","1.00, 0.00",0.00,"0.00%, -6.42%",0.00%,0.00,98,98
5,237,"1.00, 0.00","1.00, 0.00",0.00,"0.00%, -0.53%",0.00%,0.00,98,98
5,238,"1.00, 0.00","1.00, 0.00",0.00,"0.00%, 5.17%",0.00%,0.00,98,98
5,239,"1.00, 0.00","1.00, 0.00",0.00,"0.00%, 8.65%",0.00%,0.00,98,98
5,240,"1.00, 0.00","1.00, 0.00",0.00,"0.00%, -9.79%",0.00%,0.00,98,98
5,241,"1.00, 0.00","1.00, 0.00",0.00,"0.00%, -2.48%",0.00%,0.00,98,98
5,242,"1.00, 0.00","1.00, 0.00",0.00,"0.00%, -3.70%",0.00%,0.00,98,98
5,243,"1.00, 0.00","1.00, 0.00",0.00,"0.00%, -5.24%",0.00%,0.00,98,98
5,244,"1.00, 0.00","1.00, 0.00",0.00,"0.00%, 17.81%",0.00%,0.00,98,98
5,245,"1.00, 0.00","1.00, 0.00",0.00,"0.00%, 4.23%",0.00%,0.00,98,98
5,246,"1.00, 0.00","1.00, 0.00",0.00,"0.00%, -10.28%",0.00%,0.00,98,98
5,247,"1.00, 0.00","1.00, 0.00",0.00,"0.00%, 9.16%",0.00%,0.00,98,98
5,248,"1.00, 0.00","1.00, 0.00",0.00,"0.00%, 21.65%",0.00%,0.00,98,98
5,249,"1.00, 0.00","1.00, 0.00",0.00,"0.00%, 10.29%",0.00%,0.00,98,98
5,250,"1.00, 0.00","1.00, 0.00",0.00,"0.00%, -12.34%",0.00%,0.00,98,98
5,251,"1.00, 0.00","1.00, 0.00",0.00,"0.00%, -3.78%",0.00%,0.00,98,98
5,252,"1.00, 0.00","1.00, 0.00",0.00,"0.00%, 12.64%",0.00%,0.00,98,98
5,253,"1.00, 0.00","1.00, 0.00",0.00,"0.00%, -5.70%",0.00%,0.00,98,98
5,254,"1.00, 0.00","1.00, 0.00",0.00,"0.00%, 4.60%",0.00%,0.00,98,98
5,255,"1.00, 0.00","1.00, 0.00",0.00,"0.00%, 7.76%",0.00%,0.00,98,98
5,256,"1.00, 0.00","1.00, 0.00",0.00,"0.00%, -7.54%",0.00%,0.00,98,98
5,257,"1.00, 0.00","1.00, 0.00",0.00,"0.00%, -0.04%",0.00%,0.00,98,98
5,258,"1.00, 0.00","1.00, 0.00",0.00,"0.00%, -24.93%",0.00%,0.00,98,98
5,259,"1.00, 0.00","1.00, 0.00",0.00,"0.00%, -8.35%",0.00%,0.00,98,98
5,260,"1.00, 0.00","1.00, 0.00",0.00,"0.00%, -1.76%",0.00%,0.00,98,98
5,261,"1.00, 0.00","1.00, 0.00",0.00,"0.00%, -10.17%",0.00%,0.00,98,98
5,262,"1.00, 0.00","1.00, 0.00",0.00,"0.00%, 16.41%",0.00%,0.00,98,98
5,263,"1.00, 0.00","1.00, 0.00",0.00,"0.00%, -11.64%",0.00%,0.00,98,98
5,264,"1.00, 0.00","1.00, 0.00",0.00,"0.00%, -3.40%",0.00%,0.00,98,98
5,265,"1.00, 0.00","1.00, 0.00",0.00,"0.00%, 1.69%",0.00%,0.00,98,98
5,266,"1.00, 0.00","1.00, 0.00",0.00,"0.00%, 14.42%",0.00%,0.00,98,98
5,267,"1.00, 0.00","1.00, 0.00",0.00,"0.00%, -11.68%",0.00%,0.00,98,98
5,268,"1.00, 0.00","1.00, 0.00",0.00,"0.00%, 11.59%",0.00%,0.00,98,98
5,269,"1.00, 0.00","1.00, 0.00",0.00,"0.00%, 0.59%",0.00%,0.00,98,98
5,270,"1.00, 0.00","1.00, 0.00",0.00,"0.00%, -8.00%",0.00%,0.00,98,98
5,271,"1.00, 0.00","1.00, 0.00",0.00,"0.00%, 4.77%",0.00%,0.00,98,98
5,272,"1.00, 0.00","1.00, 0.00",0.00,"0.00%, 2.32%",0.00%,0.00,98,98
5,273,"1.00, 0.00","1.00, 0.00",0.00,"0.00%, -4.78%",0.00%,0.00,98,98
5,274,"1.00, 0.00","1.00, 0.00",0.00,"0.00%, 1.13%",0.00%,0.00,98,98
5,275,"1.00, 0.00","1.00, 0.00",0.00,"0.00%, -2.92%",0.00%,0.00,98,98
5,276,"1.00, 0.00","1.00, 0.00",0.00,"0.00%, 1.53%",0.00%,0.00,98,98
5,277,"1.00, 0.00","1.00, 0.00",0.00,"0.00%, 6.67%",0.00%,0.00,98,98
5,278,"1.00, 0.00","1.00, 0.00",0.00,"0.00%, 15.92%",0.00%,0.00,98,98
5,279,"1.00, 0.00","1.00, 0.00",0.00,"0.00%, -10.09%",0.00%,0.00,98,98
5,280,"1.00, 0.00","1.00, 0.00",0.00,"0.00%, 21.77%",0.00%,0.00,98,98
5,281,"1.00, 0.00","1.00, 0.00",0.00,"0.00%, -15.69%",0.00%,0.00,98,98
5,282,"1.00, 0.00","1.00, 0.00",0.00,"0.00%, -0.86%",0.00%,0.00,98,98
5,283,"1.00, 0.00","1.00, 0.00",0.00,"0.00%, 5.97%",0.00%,0.00,98,98
5,284,"1.00, 0.00","1.00, 0.00",0.00,"0.00%, 3.08%",0.00%,0.00,98,98
5,285,"1.00, 0.00","1.00, 0.00",0.00,"0.00%, -4.98%",0.00%,0.00,98,98
5,286,"1.00, 0.00","1.00, 0.00",0.00,"0.00%, -1.36%",0.00%,0.00,98,98
5,287,"1.00, 0.00","1.00, 0.00",0.00,"0.00%, -3.86%",0.00%,0.00,98,98
5,288,"1.00, 0.00","1.00, 0.00",0.00,"0.00%, -4.69%",0.00%,0.00,98,98
5,289,"1.00, 0.00","1.00, 0.00",0.00,"0.00%, 8.49%",0.00%,0.00,98,98
5,290,"1.00, 0.00","1.00, 0.00",0.00,"0.00%, 3.78%",0.00%,0.00,98,98
5,291,"1.00, 0.00","1.00, 0.00",0.00,"0.00%, -5.57%",0.00%,0.00,98,98
5,292,"1.00, 0.00","1.00, 0.00",0.00,"0.00%, 8.98%",0.00%,0.00,98,98
5,293,"1.00, 0.00","1.00, 0.00",0.00,"0.00%, 3.32%",0.00%,0.00,98,98
5,294,"1.00, 0.00","1.00, 0.00",0.00,"0.00%, 8.13%",0.00%,0.00,98,98
5,295,"1.00, 0.00","1.00, 0.00",0.00,"0.00%, 6.36%",0.00%,0.00,98,98
5,296,"1.00, 0.00","1.00, 0.00",0.00,"0.00%, -6.72%",0.00%,0.00,98,98
5,297,"1.00, 0.00","1.00, 0.00",0.00,"0.00%, -4.44%",0.00%,0.00,98,98
5,298,"1.00, 0.00","1.00, 0.00",0.00,"0.00%, 7.49%",0.00%,0.00,98,98
5,299,"1.00, 0.00","1.00, 0.00",0.00,"0.00%, 6.18%",0.00%,0.00,98,98
5,300,"1.00, 0.00","1.00, 0.00",0.00,"0.00%, 0.31%",0.00%,0.00,98,98
5,301,"1.00, 0.00","1.00, 0.00",0.00,"0.00%, 1.57%",0.00%,0.00,98,98
5,302,"1.00, 0.00","1.00, 0.00",0.00,"0.00%, 12.75%",0.00%,0.00,98,98
5,303,"1.00, 0.00","1.00, 0.00",0.00,"0.00%, -4.71%",0.00%,0.00,98,98
5,304,"1.00, 0.00","1.00, 0.00",0.00,"0.00%, 5.57%",0.00%,0.00,98,98
5,305,"1.00, 0.00","1.00, 0.00",0.00,"0.00%, -1.31%",0.00%,0.00,98,98
5,306,"1.00, 0.00","1.00, 0.00",0.00,"0.00%, -1.45%",0.00%,0.00,98,98
5,307,"1.00, 0.00","1.00, 0.00",0.00,"0.00%, 10.95%",0.00%,0.00,98,98
5,308,"1.00, 0.00","1.00, 0.00",0.00,"0.00%, 8.25%",0.00%,0.00,98,98
5,309,"1.00, 0.00","1.00, 0.00",0.00,"0.00%, 8.14%",0.00%,0.00,98,98
5,310,"1.00, 0.00","1.00, 0.00",0.00,"0.00%, 13.03%",0.00%,0.00,98,98
5,311,"1.00, 0.00","1.00, 0.00",0.00,"0.00%, 0.69%",0.00%,0.00,98,98
5,312,"1.00, 0.00","1.00, 0.00",0.00,"0.00%, 6.86%",0.00%,0.00,98,98
5,313,"1.00, 0.00","1.00, 0.00",0.00,"0.00%, -2.27%",0.00%,0.00,98,98
5,314,"1.00, 0.00","1.00, 0.00",0.00,"0.00%, 3.48%",0.00%,0.00,98,98
5,315,"1.00, 0.00","1.00, 0.00",0.00,"0.00%, -0.67%",0.00%,0.00,98,98
5,316,"1.00, 0.00","1.00, 0.00",0.00,"0.00%, 1.38%",0.00%,0.00,98,98
5,317,"1.00, 0.00","1.00, 0.00",0.00,"0.00%, 6.03%",0.00%,0.00,98,98
5,318,"1.00, 0.00","1.00, 0.00",0.00,"0.00%, -6.63%",0.00%,0.00,98,98
5,319,"1.00, 0.00","1.00, 0.00",0.00,"0.00%, 21.33%",0.00%,0.00,98,98
5,320,"1.00, 0.00","1.00, 0.00",0.00,"0.00%, -8.20%",0.00%,0.00,98,98
5,321,"1.00, 0.00","1.00, 0.00",0.00,"0.00%, -9.90%",0.00%,0.00,98,98
5,322,"1.00, 0.00","1.00, 0.00",0.00,"0.00%, 11.54%",0.00%,0.00,98,98
5,323,"1.00, 0.00","1.00, 0.00",0.00,"0.00%, 7.92%",0.00%,0.00,98,98
5,324,"1.00, 0.00","1.00, 0.00",0.00,"0.00%, 6.31%",0.00%,0.00,98,98
5,325,"1.00, 0.00","1.00, 0.00",0.00,"0.00%, 6.35%",0.00%,0.00,98,98
5,326,"1.00, 0.00","1.00, 0.00",0.00,"0.00%, 0.39%",0.00%,0.00,98,98
5,327,"1.00, 0.00","1.00, 0.00",0.00,"0.00%, -7.30%",0.00%,0.00,98,98
5,328,"1.00, 0.00","1.00, 0.00",0.00,"0.00%, 1.19%",0.00%,0.00,98,98
5,329,"1.00, 0.00","1.00, 0.00",0.00,"0.00%, -5.44%",0.00%,0.00,98,98
5,330,"1.00, 0.00","1.00, 0.00",0.00,"0.00%, 9.72%",0.00%,0.00,98,98
5,331,"1.00, 0.00","1.00, 0.00",0.00,"0.00%, -0.82%",0.00%,0.00,98,98
5,332,"1.00, 0.00","1.00, 0.00",0.00,"0.00%, -6.69%",0.00%,0.00,98,98
5,333,"1.00, 0.00","1.00, 0.00",0.00,"0.00%, -2.36%",0.00%,0.00,98,98
5,334,"1.00, 0.00","1.00, 0.00",0.00,"0.00%, 4.31%",0.00%,0.00,98,98
5,335,"1.00, 0.00","1.00, 0.00",0.00,"0.00%, -4.47%",0.00%,0.00,98,98
5,336,"1.00, 0.00","1.00, 0.00",0.00,"0.00%, -6.67%",0.00%,0.00,98,98
5,337,"1.00, 0.00","1.00, 0.00",0.00,"0.00%, 2.73%",0.00%,0.00,98,98
5,338,"1.00, 0.00","1.00, 0.00",0.00,"0.00%, 2.74%",0.00%,0.00,98,98
5,339,"1.00, 0.00","1.00, 0.00",0.00,"0.00%, -3.98%",0.00%,0.00,98,98
5,340,"1.00, 0.00","1.00, 0.00",0.00,"0.00%, -3.67%",0.00%,0.00,98,98
5,341,"1.00, 0.00","1.00, 0.00",0.00,"0.00%, 2.62%",0.00%,0.00,98,98
5,342,"1.00, 0.00","1.00, 0.00",0.00,"0.00%, -11.78%",0.00%,0.00,98,98
5,343,"1.00, 0.00","1.00, 0.00",0.00,"0.00%, -11.46%",0.00%,0.00,98,98
5,344,"1.00, 0.00","1.00, 0.00",0.00,"0.00%, -5.79%",0.00%,0.00,98,98
5,345,"1.00, 0.00","1.00, 0.00",0.00,"0.00%, -1.41%",0.00%,0.00,98,98
5,346,"1.00, 0.00","1.00, 0.00",0.00,"0.00%, 3.35%",0.00%,0.00,98,98
5,347,"1.00, 0.00","1.00, 0.00",0.00,"0.00%, 14.77%",0.00%,0.00,98,98
5,348,"1.00, 0.00","1.00, 0.00",0.00,"0.00%, 8.57%",0.00%,0.00,98,98
5,349,"1.00, 0.00","1.00, 0.00",0.00,"0.00%, -0.94%",0.00%,0.00,98,98
5,350,"1.00, 0.00","1.00, 0.00",0.00,"0.00%, 0.33%",0.00%,0.00,98,98
5,351,"1.00, 0.00","1.00, 0.00",0.00,"0.00%, -8.17%",0.00%,0.00,98,98
5,352,"1.00, 0.00","1.00, 0.00",0.00,"0.00%, 0.33%",0.00%,0.00,98,98
5,353,"1.00, 0.00","1.00, 0.00",0.00,"0.00%, -2.08%",0.00%,0.00,98,98
5,354,"1.00, 0.00","1.00, 0.00",0.00,"0.00%, 3.46%",0.00%,0.00,98,98
5,355,"1.00, 0.00","1.00, 0.00",0.00,"0.00%, -6.71%",0.00%,0.00,98,98
5,356,"1.00, 0.00","1.00, 0.00",0.00,"0.00%, 5.31%",0.00%,0.00,98,98
5,357,"1.00, 0.00","1.00, 0.00",0.00,"0.00%, 15.37%",0.00%,0.00,98,98
5,358,"1.00, 0.00","1.00, 0.00",0.00,"0.00%, -0.48%",0.00%,0.00,98,98
5,359,"1.00, 0.00","1.00, 0.00",0.00,"0.00%, 4.20%",0.00%,0.00,98,98
5,360,"1.00, 0.00","1.00, 0.00",0.00,"0.00%, 6.94%",0.00%,0.00,98,98
5,361,"1.00, 0.00","1.00, 0.00",0.00,"0.00%, -3.06%",0.00%,0.00,98,98
5,362,"1.00, 0.00","1.00, 0.00",0.00,"0.00%, 2.55%",0.00%,0.00,98,98
5,363,"1.00, 0.00","1.00, 0.00",0.00,"0.00%, 0.62%",0.00%,0.00,98,98
5,364,"1.00, 0.00","1.00, 0.00",0.00,"0.00%, 1.39%",0.00%,0.00,98,98
5,365,"1.00, 0.00","1.00, 0.00",0.00,"0.00%, -6.25%",0.00%,0.00,98,98
5,366,"1.00, 0.00","1.00, 0.00",0.00,"0.00%, 0.72%",0.00%,0.00,98,98
5,367,"1.00, 0.00","1.00, 0.00",0.00,"0.00%, 5.11%",0.00%,0.00,98,98
5,368,"1.00, 0.00","1.00, 0.00",0.00,"0.00%, 14.52%",0.00%,0.00,98,98
5,369,"1.00, 0.00","1.00, 0.00",0.00,"0.00%, 9.56%",0.00%,0.00,98,98
5,370,"1.00, 0.00","1.00, 0.00",0.00,"0.00%, 21.99%",0.00%,0.00,98,98
5,371,"1.00, 0.00","1.00, 0.00",0.00,"0.00%, -6.21%",0.00%,0.00,98,98
5,372,"1.00, 0.00","1.00, 0.00",0.00,"0.00%, 8.71%",0.00%,0.00,98,98
5,373,"1.00, 0.00","1.00, 0.00",0.00,"0.00%, 2.17%",0.00%,0.00,98,98
5,374,"1.00, 0.00","1.00, 0.00",0.00,"0.00%, 22.39%",0.00%,0.00,98,98
5,375,"1.00, 0.00","1.00, 0.00",0.00,"0.00%, -6.55%",0.00%,0.00,98,98
5,376,"1.00, 0.00","1.00, 0.00",0.00,"0.00%, -6.81%",0.00%,0.00,98,98
5,377,"1.00, 0.00","1.00, 0.00",0.00,"0.00%, -4.78%",0.00%,0.00,98,98
5,378,"1.00, 0.00","1.00, 0.00",0.00,"0.00%, -16.99%",0.00%,0.00,98,98
5,379,"1.00, 0.00","1.00, 0.00",0.00,"0.00%, -4.14%",0.00%,0.00,98,98
5,380,"1.00, 0.00","1.00, 0.00",0.00,"0.00%, -6.14%",0.00%,0.00,98,98
5,381,"1.00, 0.00","1.00, 0.00",0.00,"0.00%, 1.87%",0.00%,0.00,98,98
5,382,"1.00, 0.00","1.00, 0.00",0.00,"0.00%, 3.64%",0.00%,0.00,98,98
5,383,"1.00, 0.00","1.00, 0.00",0.00,"0.00%, 18.99%",0.00%,0.00,98,98
5,384,"1.00, 0.00","1.00, 0.00",0.00,"0.00%, 9.48%",0.00%,0.00,98,98
5,385,"1.00, 0.00","1.00, 0.00",0.00,"0.00%, -4.58%",0.00%,0.00,98,98
5,386,"1.00, 0.00","1.00, 0.00",0.00,"0.00%, -7.31%",0.00%,0.00,98,98
5,387,"1.00, 0.00","1.00, 0.00",0.00,"0.00%, 5.05%",0.00%,0.00,98,98
5,388,"1.00, 0.00","1.00, 0.00",0.00,"0.00%, -10.76%",0.00%,0.00,98,98
5,389,"1.00, 0.00","1.00, 0.00",0.00,"0.00%, 18.51%",0.00%,0.00,98,98
5,390,"1.00, 0.00","1.00, 0.00",0.00,"0.00%, 11.76%",0.00%,0.00,98,98
5,391,"1.00, 0.00","1.00, 0.00",0.00,"0.00%, -3.65%",0.00%,0.00,98,98
5,392,"1.00, 0.00","1.00, 0.00",0.00,"0.00%, -13.86%",0.00%,0.00,98,98
5,393,"1.00, 0.00","1.00, 0.00",0.00,"0.00%, 13.52%",0.00%,0.00,98,98
5,394,"1.00, 0.00","1.00, 0.00",0.00,"0.00%, -0.53%",0.00%,0.00,98,98
5,395,"1.00, 0.00","1.00, 0.00",0.00,"0.00%, 12.34%",0.00%,0.00,98,98
5,396,"1.00, 0.00","1.00, 0.00",0.00,"0.00%, -12.93%",0.00%,0.00,98,98
5,397,"1.00, 0.00","1.00, 0.00",0.00,"0.00%, -4.78%",0.00%,0.00,98,98
5,398,"1.00, 0.00","1.00, 0.00",0.00,"0.00%, 0.55%",0.00%,0.00,98,98
5,399,"1.00, 0.00","1.00, 0.00",0.00,"0.00%, 0.93%",0.00%,0.00,98,98
5,400,"1.00, 0.00","1.00, 0.00",0.00,"0.00%, -3.49%",0.00%,0.00,98,98
5,401,"1.00, 0.00","1.00, 0.00",0.00,"0.00%, 6.30%",0.00%,0.00,98,98
5,402,"1.00, 0.00","1.00, 0.00",0.00,"0.00%, -8.71%",0.00%,0.00,98,98
5,403,"1.00, 0.00","1.00, 0.00",0.00,"0.00%, -0.78%",0.00%,0.00,98,98
5,404,"1.00, 0.00","1.00, 0.00",0.00,"0.00%, 1.60%",0.00%,0.00,98,98
5,405,"1.00, 0.00","1.00, 0.00",0.00,"0.00%, 5.26%",0.00%,0.00,98,98
5,406,"1.00, 0.00","1.00, 0.00",0.00,"0.00%, 7.15%",0.00%,0.00,98,98
5,407,"1.00, 0.00","1.00, 0.00",0.00,"0.00%, -9.17%",0.00%,0.00,98,98
5,408,"1.00, 0.00","1.00, 0.00",0.00,"0.00%, -12.46%",0.00%,0.00,98,98
5,409,"1.00, 0.00","1.00, 0.00",0.00,"0.00%, 12.75%",0.00%,0.00,98,98
5,410,"1.00, 0.00","1.00, 0.00",0.00,"0.00%, 3.55%",0.00%,0.00,98,98
5,411,"1.00, 0.00","1.00, 0.00",0.00,"0.00%, -6.05%",0.00%,0.00,98,98
5,412,"1.00, 0.00","1.00, 0.00",0.00,"0.00%, 15.56%",0.00%,0.00,98,98
5,413,"1.00, 0.00","1.00, 0.00",0.00,"0.00%, 1.55%",0.00%,0.00,98,98
5,414,"1.00, 0.00","1.00, 0.00",0.00,"0.00%, 11.75%",0.00%,0.00,98,98
5,415,"1.00, 0.00","1.00, 0.00",0.00,"0.00%, 1.11%",0.00%,0.00,98,98
5,416,"1.00, 0.00","1.00, 0.00",0.00,"0.00%, 20.98%",0.00%,0.00,98,98
5,417,"1.00, 0.00","1.00, 0.00",0.00,"0.00%, 17.70%",0.00%,0.00,98,98
5,418,"1.00, 0.00","1.00, 0.00",0.00,"0.00%, -1.73%",0.00%,0.00,98,98
5,419,"1.00, 0.00","1.00, 0.00",0.00,"0.00%, 9.68%",0.00%,0.00,98,98
5,420,"1.00, 0.00","1.00, 0.00",0.00,"0.00%, 6.51%",0.00%,0.00,98,98
5,421,"1.00, 0.00","1.00, 0.00",0.00,"0.00%, 13.68%",0.00%,0.00,98,98
5,422,"1.00, 0.00","1.00, 0.00",0.00,"0.00%, -7.86%",0.00%,0.00,98,98
5,423,"1.00, 0.00","1.00, 0.00",0.00,"0.00%, 6.90%",0.00%,0.00,98,98
5,424,"1.00, 0.00","1.00, 0.00",0.00,"0.00%, 10.55%",0.00%,0.00,98,98
5,425,"1.00, 0.00","1.00, 0.00",0.00,"0.00%, -14.21%",0.00%,0.00,98,98
5,426,"1.00, 0.00","1.00, 0.00",0.00,"0.00%, -9.65%",0.00%,0.00,98,98
5,427,"1.00, 0.00","1.00, 0.00",0.00,"0.00%, -16.35%",0.00%,0.00,98,98
5,428,"1.00, 0.00","1.00, 0.00",0.00,"0.00%, -1.91%",0.00%,0.00,98,98
5,429,"1.00, 0.00","1.00, 0.00",0.00,"0.00%, 7.21%",0.00%,0.00,98,98
5,430,"1.00, 0.00","1.00, 0.00",0.00,"0.00%, 15.05%",0.00%,0.00,98,98
5,431,"1.00, 0.00","1.00, 0.00",0.00,"0.00%, 1.17%",0.00%,0.00,98,98
5,432,"1.00, 0.00","1.00, 0.00",0.00,"0.00%, 16.37%",0.00%,0.00,98,98
5,433,"1.00, 0.00","1.00, 0.00",0.00,"0.00%, -11.24%",0.00%,0.00,98,98
5,434,"1.00, 0.00","1.00, 0.00",0.00,"0.00%, -13.78%",0.00%,0.00,98,98
5,435,"1.00, 0.00","1.00, 0.00",0.00,"0.00%, 0.00%",0.00%,0.00,98,98
5,436,"1.00, 0.00","1.00, 0.00",0.00,"0.00%, 4.04%",0.00%,0.00,98,98
5,437,"1.00, 0.00","1.00, 0.00",0.00,"0.00%, 0.21%",0.00%,0.00,98,98
5,438,"1.00, 0.00","1.00, 0.00",0.00,"0.00%, -16.56%",0.00%,0.00,98,98
5,439,"1.00, 0.00","1.00, 0.00",0.00,"0.00%, -0.30%",0.00%,0.00,98,98
5,440,"1.00, 0.00","1.00, 0.00",0.00,"0.00%, -10.63%",0.00%,0.00,98,98
5,441,"1.00, 0.00","1.00, 0.00",0.00,"0.00%, 6.74%",0.00%,0.00,98,98
5,442,"1.00, 0.00","1.00, 0.00",0.00,"0.00%, 3.87%",0.00%,0.00,98,98
5,443,"1.00, 0.00","1.00, 0.00",0.00,"0.00%, -7.65%",0.00%,0.00,98,98
5,444,"1.00, 0.00","1.00, 0.00",0.00,"0.00%, -4.04%",0.00%,0.00,98,98
5,445,"1.00, 0.00","1.00, 0.00",0.00,"0.00%, -8.64%",0.00%,0.00,98,98
5,446,"1.00, 0.00","1.00, 0.00",0.00,"0.00%, -0.06%",0.00%,0.00,98,98
5,447,"1.00, 0.00","1.00, 0.00",0.00,"0.00%, 9.52%",0.00%,0.00,98,98
5,448,"1.00, 0.00","1.00, 0.00",0.00,"0.00%, -8.03%",0.00%,0.00,98,98
5,449,"1.00, 0.00","1.00, 0.00",0.00,"0.00%, 5.17%",0.00%,0.00,98,98
5,450,"1.00, 0.00","1.00, 0.00",0.00,"0.00%, -4.18%",0.00%,0.00,98,98
5,451,"1.00, 0.00","1.00, 0.00",0.00,"0.00%, -6.42%",0.00%,0.00,98,98
5,452,"1.00, 0.00","1.00, 0.00",0.00,"0.00%, -0.46%",0.00%,0.00,98,98
5,453,"1.00, 0.00","1.00, 0.00",0.00,"0.00%, -8.44%",0.00%,0.00,98,98
5,454,"1.00, 0.00","1.00, 0.00",0.00,"0.00%, -4.38%",0.00%,0.00,98,98
5,455,"1.00, 0.00","1.00, 0.00",0.00,"0.00%, -9.77%",0.00%,0.00,98,98
5,456,"1.00, 0.00","1.00, 0.00",0.00,"0.00%, 19.94%",0.00%,0.00,98,98
5,457,"1.00, 0.00","1.00, 0.00",0.00,"0.00%, 0.82%",0.00%,0.00,98,98
5,458,"1.00, 0.00","1.00, 0.00",0.00,"0.00%, -5.63%",0.00%,0.00,98,98
5,459,"1.00, 0.00","1.00, 0.00",0.00,"0.00%, 2.46%",0.00%,0.00,98,98
5,460,"1.00, 0.00","1.00, 0.00",0.00,"0.00%, -0.51%",0.00%,0.00,98,98
5,461,"1.00, 0.00","1.00, 0.00",0.00,"0.00%, -1.48%",0.00%,0.00,98,98
5,462,"1.00, 0.00","1.00, 0.00",0.00,"0.00%, 6.21%",0.00%,0.00,98,98
5,463,"1.00, 0.00","1.00, 0.00",0.00,"0.00%, 7.59%",0.00%,0.00,98,98
5,464,"1.00, 0.00","1.00, 0.00",0.00,"0.00%, -4.18%",0.00%,0.00,98,98
5,465,"1.00, 0.00","1.00, 0.00",0.00,"0.00%, -4.57%",0.00%,0.00,98,98
5,466,"1.00, 0.00","1.00, 0.00",0.00,"0.00%, -1.96%",0.00%,0.00,98,98
5,467,"1.00, 0.00","1.00, 0.00",0.00,"0.00%, -18.30%",0.00%,0.00,98,98
5,468,"1.00, 0.00","1.00, 0.00",0.00,"0.00%, -12.31%",0.00%,0.00,98,98
5,469,"1.00, 0.00","1.00, 0.00",0.00,"0.00%, 13.66%",0.00%,0.00,98,98
5,470,"1.00, 0.00","1.00, 0.00",0.00,"0.00%, 16.54%",0.00%,0.00,98,98
5,471,"1.00, 0.00","1.00, 0.00",0.00,"0.00%, -1.73%",0.00%,0.00,98,98
5,472,"1.00, 0.00","1.00, 0.00",0.00,"0.00%, 5.85%",0.00%,0.00,98,98
5,473,"1.00, 0.00","1.00, 0.00",0.00,"0.00%, 3.36%",0.00%,0.00,98,98
5,474,"1.00, 0.00","1.00, 0.00",0.00,"0.00%, 32.59%",0.00%,0.00,98,98
5,475,"1.00, 0.00","1.00, 0.00",0.00,"0.00%, 11.16%",0.00%,0.00,98,98
5,476,"1.00, 0.00","1.00, 0.00",0.00,"0.00%, -0.65%",0.00%,0.00,98,98
5,477,"1.00, 0.00","1.00, 0.00",0.00,"0.00%, -7.78%",0.00%,0.00,98,98
5,478,"1.00, 0.00","1.00, 0.00",0.00,"0.00%, -13.03%",0.00%,0.00,98,98
5,479,"1.00, 0.00","1.00, 0.00",0.00,"0.00%, 2.36%",0.00%,0.00,98,98
5,480,"1.00, 0.00","1.00, 0.00",0.00,"0.00%, -6.11%",0.00%,0.00,98,98
5,481,"1.00, 0.00","1.00, 0.00",0.00,"0.00%, -11.57%",0.00%,0.00,98,98
5,482,"1.00, 0.00","1.00, 0.00",0.00,"0.00%, -5.18%",0.00%,0.00,98,98
5,483,"1.00, 0.00","1.00, 0.00",0.00,"0.00%, -8.82%",0.00%,0.00,98,98
5,484,"1.00, 0.00","1.00, 0.00",0.00,"0.00%, 16.98%",0.00%,0.00,98,98
5,485,"1.00, 0.00","1.00, 0.00",0.00,"0.00%, 8.80%",0.00%,0.00,98,98
5,486,"1.00, 0.00","1.00, 0.00",0.00,"0.00%, 0.43%",0.00%,0.00,98,98
5,487,"1.00, 0.00","1.00, 0.00",0.00,"0.00%, 14.82%",0.00%,0.00,98,98
5,488,"1.00, 0.00","1.00, 0.00",0.00,"0.00%, 1.20%",0.00%,0.00,98,98
5,489,"1.00, 0.00","1.00, 0.00",0.00,"0.00%, -6.99%",0.00%,0.00,98,98
5,490,"1.00, 0.00","1.00, 0.00",0.00,"0.00%, 15.27%",0.00%,0.00,98,98
5,491,"1.00, 0.00","1.00, 0.00",0.00,"0.00%, 5.50%",0.00%,0.00,98,98
5,492,"1.00, 0.00","1.00, 0.00",0.00,"0.00%, -8.46%",0.00%,0.00,98,98
5,493,"1.00, 0.00","1.00, 0.00",0.00,"0.00%, -1.21%",0.00%,0.00,98,98
5,494,"1.00, 0.00","1.00, 0.00",0.00,"0.00%, -7.11%",0.00%,0.00,98,98
5,495,"1.00, 0.00","1.00, 0.00",0.00,"0.00%, -11.26%",0.00%,0.00,98,98
5,496,"1.00, 0.00","1.00, 0.00",0.00,"0.00%, 9.24%",0.00%,0.00,98,98
5,497,"1.00, 0.00","1.00, 0.00",0.00,"0.00%, 19.34%",0.00%,0.00,98,98
5,498,"1.00, 0.00","1.00, 0.00",0.00,"0.00%, -11.39%",0.00%,0.00,98,98
5,499,"1.00, 0.00","1.00, 0.00",0.00,"0.00%, 5.72%",0.00%,0.00,98,98
