episode,day,actions,allocation_weights,transaction_cost,stock_returns,portfolio_return,reward,old_portfolio_value,new_portfolio_value
1,0,"0.50, 0.50","0.50, 0.50",0.00,"0.00%, -1.59%",-0.80%,-0.00,100,99
1,1,"0.78, 0.92","0.46, 0.54",0.08,"0.00%, -1.59%",-0.86%,-0.08,99,98
1,2,"0.18, 0.90","0.17, 0.83",0.57,"0.00%, 15.85%",13.18%,-0.57,98,111
1,3,"0.21, 0.80","0.21, 0.79",0.09,"0.00%, 7.69%",6.09%,-0.09,111,117
1,4,"0.04, 0.80","0.05, 0.95",0.37,"0.00%, -3.66%",-3.47%,-0.37,117,113
1,5,"0.68, 0.68","0.50, 0.50",1.01,"0.00%, 5.53%",2.77%,-1.01,113,115
1,6,"0.72, 0.97","0.43, 0.57",0.17,"0.00%, -3.60%",-2.07%,-0.17,115,112
1,7,"0.78, 0.87","0.47, 0.53",0.10,"0.00%, -3.62%",-1.92%,-0.10,112,110
1,8,"0.26, 0.72","0.26, 0.74",0.46,"0.00%, 2.71%",2.00%,-0.46,110,112
1,9,"0.40, 0.98","0.29, 0.71",0.06,"0.00%, -15.40%",-10.94%,-0.06,112,100
1,10,"0.52, 0.00","0.99, 0.01",1.41,"0.00%, -13.95%",-0.07%,-1.41,100,98
1,11,"0.29, 0.50","0.37, 0.63",1.23,"0.00%, -4.46%",-2.81%,-1.23,98,94
1,12,"0.83, 0.35","0.70, 0.30",0.63,"0.00%, -8.25%",-2.46%,-0.63,94,91
1,13,"0.95, 0.24","0.80, 0.20",0.17,"0.00%, 3.38%",0.69%,-0.17,91,92
1,14,"0.00, 0.18","0.01, 0.99",1.45,"0.00%, -7.39%",-7.33%,-1.45,92,83
1,15,"0.50, 0.26","0.66, 0.34",1.08,"0.00%, -11.49%",-3.95%,-1.08,83,79
1,16,"0.12, 0.67","0.15, 0.85",0.81,"0.00%, 14.67%",12.53%,-0.81,79,88
1,17,"0.99, 0.39","0.72, 0.28",1.01,"0.00%, -1.52%",-0.43%,-1.01,88,87
1,18,"0.15, 0.92","0.14, 0.86",1.00,"0.00%, 1.11%",0.96%,-1.00,87,87
1,19,"0.76, 0.83","0.48, 0.52",0.58,"0.00%, -11.59%",-6.05%,-0.58,87,81
1,20,"0.51, 0.01","0.99, 0.01",0.82,"0.00%, -4.30%",-0.06%,-0.82,81,80
1,21,"0.20, 0.56","0.26, 0.74",1.16,"0.00%, 1.51%",1.12%,-1.16,80,80
1,22,"0.85, 0.72","0.54, 0.46",0.46,"0.00%, -9.39%",-4.29%,-0.46,80,76
1,23,"0.06, 0.04","0.59, 0.41",0.08,"0.00%, 3.96%",1.61%,-0.08,76,77
1,24,"0.84, 0.22","0.79, 0.21",0.31,"0.00%, -4.79%",-0.98%,-0.31,77,76
1,25,"0.38, 0.43","0.47, 0.53",0.49,"0.00%, -2.10%",-1.11%,-0.49,76,75
1,26,"0.11, 0.50","0.18, 0.82",0.44,"0.00%, -4.80%",-3.95%,-0.44,75,71
1,27,"0.21, 0.87","0.20, 0.80",0.03,"0.00%, 18.73%",15.07%,-0.03,71,82
1,28,"0.08, 0.78","0.09, 0.91",0.18,"0.00%, 0.38%",0.35%,-0.18,82,82
1,29,"0.22, 0.30","0.43, 0.57",0.55,"0.00%, -8.62%",-4.94%,-0.55,82,77
1,30,"1.00, 0.03","0.97, 0.03",0.85,"0.00%, 8.22%",0.22%,-0.85,77,77
1,31,"0.70, 0.49","0.59, 0.41",0.59,"0.00%, -9.96%",-4.10%,-0.59,77,73
1,32,"0.52, 0.18","0.74, 0.26",0.23,"0.00%, 2.41%",0.61%,-0.23,73,73
1,33,"0.27, 0.42","0.39, 0.61",0.52,"0.00%, -15.75%",-9.61%,-0.52,73,66
1,34,"0.01, 0.88","0.01, 0.99",0.50,"0.00%, -10.82%",-10.74%,-0.50,66,58
1,35,"0.02, 0.24","0.08, 0.92",0.09,"0.00%, 2.30%",2.11%,-0.09,58,59
1,36,"0.95, 0.00","1.00, 0.00",1.08,"0.00%, 7.41%",0.01%,-1.08,59,58
1,37,"0.34, 0.00","0.99, 0.01",0.01,"0.00%, 2.06%",0.02%,-0.01,58,58
1,38,"0.99, 0.62","0.62, 0.38",0.44,"0.00%, -0.54%",-0.21%,-0.44,58,58
1,39,"0.46, 0.96","0.32, 0.68",0.33,"0.00%, -2.19%",-1.48%,-0.33,58,56
1,40,"0.18, 0.77","0.19, 0.81",0.15,"0.00%, -12.02%",-9.72%,-0.15,56,51
1,41,"0.04, 0.04","0.49, 0.51",0.30,"0.00%, -5.80%",-2.98%,-0.30,51,49
1,42,"0.28, 0.08","0.78, 0.22",0.29,"0.00%, -3.58%",-0.78%,-0.29,49,48
1,43,"0.12, 0.26","0.32, 0.68",0.44,"0.00%, 10.53%",7.13%,-0.44,48,51
1,44,"0.45, 0.91","0.33, 0.67",0.01,"0.00%, 3.66%",2.45%,-0.01,51,53
1,45,"0.82, 0.07","0.92, 0.08",0.62,"0.00%, -14.24%",-1.17%,-0.62,53,51
1,46,"0.66, 0.02","0.97, 0.03",0.05,"0.00%, 3.48%",0.10%,-0.05,51,51
1,47,"0.56, 0.20","0.73, 0.27",0.24,"0.00%, -2.92%",-0.78%,-0.24,51,51
1,48,"0.10, 0.00","0.99, 0.01",0.26,"0.00%, -5.44%",-0.08%,-0.26,51,50
1,49,"0.01, 0.16","0.07, 0.93",0.92,"0.00%, 6.19%",5.74%,-0.92,50,52
1,50,"0.52, 0.15","0.78, 0.22",0.74,"0.00%, 10.27%",2.30%,-0.74,52,53
1,51,"0.42, 0.46","0.48, 0.52",0.32,"0.00%, 9.29%",4.86%,-0.32,53,55
1,52,"0.81, 0.66","0.55, 0.45",0.08,"0.00%, -6.81%",-3.05%,-0.08,55,53
1,53,"0.10, 0.49","0.17, 0.83",0.41,"0.00%, -2.26%",-1.88%,-0.41,53,52
1,54,"0.73, 0.32","0.69, 0.31",0.54,"0.00%, 3.54%",1.09%,-0.54,52,52
1,55,"0.72, 0.87","0.45, 0.55",0.25,"0.00%, 9.72%",5.31%,-0.25,52,54
1,56,"0.73, 0.66","0.52, 0.48",0.08,"0.00%, -3.74%",-1.78%,-0.08,54,53
1,57,"0.14, 0.36","0.28, 0.72",0.26,"0.00%, -1.16%",-0.84%,-0.26,53,53
1,58,"0.69, 0.82","0.46, 0.54",0.18,"0.00%, -9.02%",-4.91%,-0.18,53,50
1,59,"0.07, 0.35","0.16, 0.84",0.30,"0.00%, -9.76%",-8.20%,-0.30,50,45
1,60,"0.31, 0.60","0.34, 0.66",0.17,"0.00%, 8.13%",5.34%,-0.17,45,48
1,61,"0.02, 0.52","0.03, 0.97",0.30,"0.00%, 13.55%",13.12%,-0.30,48,54
1,62,"0.13, 0.78","0.15, 0.85",0.12,"0.00%, -0.15%",-0.13%,-0.12,54,54
1,63,"0.25, 0.21","0.54, 0.46",0.42,"0.00%, 10.00%",4.59%,-0.42,54,56
1,64,"0.71, 0.83","0.46, 0.54",0.09,"0.00%, 3.83%",2.06%,-0.09,56,57
1,65,"0.11, 0.43","0.20, 0.80",0.29,"0.00%, -5.17%",-4.13%,-0.29,57,54
1,66,"0.01, 0.38","0.03, 0.97",0.19,"0.00%, 3.82%",3.72%,-0.19,54,56
1,67,"0.78, 0.40","0.66, 0.34",0.71,"0.00%, 15.42%",5.23%,-0.71,56,58
1,68,"0.49, 0.83","0.37, 0.63",0.33,"0.00%, 0.18%",0.11%,-0.33,58,58
1,69,"0.29, 0.30","0.50, 0.50",0.14,"0.00%, 15.70%",7.91%,-0.14,58,62
1,70,"0.18, 0.56","0.24, 0.76",0.32,"0.00%, -20.61%",-15.67%,-0.32,62,52
1,71,"0.53, 0.42","0.56, 0.44",0.33,"0.00%, 8.22%",3.64%,-0.33,52,54
1,72,"0.63, 0.60","0.51, 0.49",0.05,"0.00%, 1.29%",0.63%,-0.05,54,54
1,73,"0.26, 0.58","0.31, 0.69",0.22,"0.00%, -2.17%",-1.51%,-0.22,54,53
1,74,"0.40, 0.33","0.55, 0.45",0.26,"0.00%, 1.33%",0.60%,-0.26,53,53
1,75,"0.19, 0.35","0.36, 0.64",0.20,"0.00%, -15.96%",-10.24%,-0.20,53,47
1,76,"0.32, 0.48","0.40, 0.60",0.04,"0.00%, -1.47%",-0.87%,-0.04,47,47
1,77,"0.47, 0.70","0.40, 0.60",0.00,"0.00%, 3.78%",2.26%,-0.00,47,48
1,78,"0.63, 0.78","0.45, 0.55",0.04,"0.00%, 14.80%",8.20%,-0.04,48,52
1,79,"0.36, 0.95","0.28, 0.72",0.17,"0.00%, -4.08%",-2.95%,-0.17,52,50
1,80,"0.23, 0.21","0.52, 0.48",0.24,"0.00%, -6.55%",-3.13%,-0.24,50,48
1,81,"0.44, 0.55","0.44, 0.56",0.08,"0.00%, -3.94%",-2.19%,-0.08,48,47
1,82,"0.44, 0.39","0.53, 0.47",0.08,"0.00%, 9.13%",4.28%,-0.08,47,49
1,83,"0.09, 0.01","0.92, 0.08",0.38,"0.00%, 3.52%",0.28%,-0.38,49,49
1,84,"0.49, 0.01","0.98, 0.02",0.06,"0.00%, -4.18%",-0.08%,-0.06,49,49
1,85,"0.74, 0.06","0.92, 0.08",0.06,"0.00%, 5.25%",0.40%,-0.06,49,49
1,86,"0.60, 0.32","0.65, 0.35",0.27,"0.00%, 1.38%",0.49%,-0.27,49,49
1,87,"0.77, 0.59","0.56, 0.44",0.08,"0.00%, 9.66%",4.21%,-0.08,49,51
1,88,"0.56, 0.40","0.58, 0.42",0.02,"0.00%, -5.65%",-2.36%,-0.02,51,50
1,89,"1.00, 0.14","0.88, 0.12",0.29,"0.00%, -2.42%",-0.30%,-0.29,50,49
1,90,"0.87, 0.97","0.47, 0.53",0.40,"0.00%, -2.98%",-1.57%,-0.40,49,48
1,91,"0.57, 0.77","0.42, 0.58",0.05,"0.00%, -11.90%",-6.87%,-0.05,48,45
1,92,"0.98, 0.44","0.69, 0.31",0.24,"0.00%, 3.22%",0.99%,-0.24,45,45
1,93,"0.43, 0.49","0.46, 0.54",0.21,"0.00%, 2.89%",1.55%,-0.21,45,45
1,94,"0.06, 0.33","0.15, 0.85",0.29,"0.00%, 0.55%",0.47%,-0.29,45,45
1,95,"0.26, 0.69","0.27, 0.73",0.11,"0.00%, -1.60%",-1.17%,-0.11,45,45
1,96,"0.31, 0.75","0.29, 0.71",0.02,"0.00%, -11.52%",-8.13%,-0.02,45,41
1,97,"1.00, 0.15","0.87, 0.13",0.47,"0.00%, -3.23%",-0.41%,-0.47,41,40
1,98,"0.95, 0.48","0.66, 0.34",0.17,"0.00%, -2.55%",-0.86%,-0.17,40,40
1,99,"0.73, 0.20","0.79, 0.21",0.10,"0.00%, -6.50%",-1.40%,-0.10,40,39
1,100,"0.50, 0.82","0.38, 0.62",0.32,"0.00%, -0.95%",-0.59%,-0.32,39,39
1,101,"1.00, 1.00","0.50, 0.50",0.09,"0.00%, 4.22%",2.11%,-0.09,39,39
1,102,"1.00, 1.00","0.50, 0.50",0.00,"0.00%, 19.10%",9.55%,-0.00,39,43
1,103,"1.00, 1.00","0.50, 0.50",0.00,"0.00%, 2.09%",1.05%,-0.00,43,44
1,104,"1.00, 1.00","0.50, 0.50",0.00,"0.00%, 2.86%",1.43%,-0.00,44,44
1,105,"1.00, 1.00","0.50, 0.50",0.00,"0.00%, -0.17%",-0.08%,-0.00,44,44
1,106,"1.00, 1.00","0.50, 0.50",0.00,"0.00%, -15.44%",-7.72%,-0.00,44,41
1,107,"1.00, 1.00","0.50, 0.50",0.00,"0.00%, 0.26%",0.13%,-0.00,41,41
1,108,"1.00, 1.00","0.50, 0.50",0.00,"0.00%, 1.05%",0.52%,-0.00,41,41
1,109,"1.00, 1.00","0.50, 0.50",0.00,"0.00%, 25.44%",12.72%,-0.00,41,46
1,110,"1.00, 1.00","0.50, 0.50",0.00,"0.00%, -1.22%",-0.61%,-0.00,46,46
1,111,"1.00, 1.00","0.50, 0.50",0.00,"0.00%, 3.27%",1.63%,-0.00,46,47
1,112,"1.00, 1.00","0.50, 0.50",0.00,"0.00%, 0.19%",0.09%,-0.00,47,47
1,113,"1.00, 1.00","0.50, 0.50",0.00,"0.00%, -9.53%",-4.77%,-0.00,47,45
1,114,"1.00, 1.00","0.50, 0.50",0.00,"0.00%, 11.39%",5.69%,-0.00,45,47
1,115,"1.00, 1.00","0.50, 0.50",0.00,"0.00%, 7.54%",3.77%,-0.00,47,49
1,116,"1.00, 1.00","0.50, 0.50",0.00,"0.00%, 7.92%",3.96%,-0.00,49,51
1,117,"1.00, 1.00","0.50, 0.50",0.00,"0.00%, -7.40%",-3.70%,-0.00,51,49
1,118,"1.00, 1.00","0.50, 0.50",0.00,"0.00%, 14.03%",7.01%,-0.00,49,52
1,119,"1.00, 1.00","0.50, 0.50",0.00,"0.00%, -11.41%",-5.71%,-0.00,52,49
1,120,"1.00, 1.00","0.50, 0.50",0.00,"0.00%, 5.95%",2.98%,-0.00,49,51
1,121,"1.00, 1.00","0.50, 0.50",0.00,"0.00%, 22.40%",11.20%,-0.00,51,57
1,122,"1.00, 1.00","0.50, 0.50",0.00,"0.00%, -8.07%",-4.04%,-0.00,57,54
1,123,"1.00, 1.00","0.50, 0.50",0.00,"0.00%, -4.49%",-2.25%,-0.00,54,53
1,124,"1.00, 1.00","0.50, 0.50",0.00,"0.00%, 1.41%",0.70%,-0.00,53,53
1,125,"1.00, 1.00","0.50, 0.50",0.00,"0.00%, -3.95%",-1.98%,-0.00,53,52
1,126,"1.00, 1.00","0.50, 0.50",0.00,"0.00%, -12.59%",-6.29%,-0.00,52,49
1,127,"1.00, 1.00","0.50, 0.50",0.00,"0.00%, 1.12%",0.56%,-0.00,49,49
1,128,"1.00, 1.00","0.50, 0.50",0.00,"0.00%, -8.66%",-4.33%,-0.00,49,47
1,129,"1.00, 1.00","0.50, 0.50",0.00,"0.00%, 4.88%",2.44%,-0.00,47,48
1,130,"1.00, 1.00","0.50, 0.50",0.00,"0.00%, -7.48%",-3.74%,-0.00,48,47
1,131,"1.00, 1.00","0.50, 0.50",0.00,"0.00%, 15.55%",7.77%,-0.00,47,50
1,132,"1.00, 1.00","0.50, 0.50",0.00,"0.00%, -6.34%",-3.17%,-0.00,50,49
1,133,"1.00, 1.00","0.50, 0.50",0.00,"0.00%, -2.37%",-1.19%,-0.00,49,48
1,134,"1.00, 1.00","0.50, 0.50",0.00,"0.00%, 8.14%",4.07%,-0.00,48,50
1,135,"1.00, 1.00","0.50, 0.50",0.00,"0.00%, -10.04%",-5.02%,-0.00,50,47
1,136,"1.00, 1.00","0.50, 0.50",0.00,"0.00%, 2.58%",1.29%,-0.00,47,48
1,137,"1.00, 1.00","0.50, 0.50",0.00,"0.00%, 13.05%",6.52%,-0.00,48,51
1,138,"1.00, 1.00","0.50, 0.50",0.00,"0.00%, -13.04%",-6.52%,-0.00,51,48
1,139,"1.00, 1.00","0.50, 0.50",0.00,"0.00%, 2.19%",1.09%,-0.00,48,48
1,140,"1.00, 1.00","0.50, 0.50",0.00,"0.00%, 2.88%",1.44%,-0.00,48,49
1,141,"1.00, 1.00","0.50, 0.50",0.00,"0.00%, 7.83%",3.91%,-0.00,49,51
1,142,"1.00, 1.00","0.50, 0.50",0.00,"0.00%, -10.09%",-5.04%,-0.00,51,48
1,143,"1.00, 1.00","0.50, 0.50",0.00,"0.00%, -10.76%",-5.38%,-0.00,48,46
1,144,"1.00, 1.00","0.50, 0.50",0.00,"0.00%, 5.33%",2.67%,-0.00,46,47
1,145,"1.00, 1.00","0.50, 0.50",0.00,"0.00%, 3.22%",1.61%,-0.00,47,48
1,146,"1.00, 1.00","0.50, 0.50",0.00,"0.00%, 2.79%",1.40%,-0.00,48,48
1,147,"1.00, 1.00","0.50, 0.50",0.00,"0.00%, 3.68%",1.84%,-0.00,48,49
1,148,"1.00, 1.00","0.50, 0.50",0.00,"0.00%, -5.47%",-2.73%,-0.00,49,48
1,149,"1.00, 1.00","0.50, 0.50",0.00,"0.00%, 2.62%",1.31%,-0.00,48,49
1,150,"1.00, 1.00","0.50, 0.50",0.00,"0.00%, 3.19%",1.59%,-0.00,49,49
1,151,"1.00, 1.00","0.50, 0.50",0.00,"0.00%, -5.76%",-2.88%,-0.00,49,48
1,152,"1.00, 1.00","0.50, 0.50",0.00,"0.00%, 18.88%",9.44%,-0.00,48,53
1,153,"1.00, 1.00","0.50, 0.50",0.00,"0.00%, 4.88%",2.44%,-0.00,53,54
1,154,"1.00, 1.00","0.50, 0.50",0.00,"0.00%, -9.72%",-4.86%,-0.00,54,51
1,155,"1.00, 1.00","0.50, 0.50",0.00,"0.00%, 6.62%",3.31%,-0.00,51,53
1,156,"1.00, 1.00","0.50, 0.50",0.00,"0.00%, -7.94%",-3.97%,-0.00,53,51
1,157,"1.00, 1.00","0.50, 0.50",0.00,"0.00%, 7.88%",3.94%,-0.00,51,53
1,158,"1.00, 1.00","0.50, 0.50",0.00,"0.00%, 11.55%",5.77%,-0.00,53,56
1,159,"1.00, 1.00","0.50, 0.50",0.00,"0.00%, -6.65%",-3.33%,-0.00,56,54
1,160,"1.00, 1.00","0.50, 0.50",0.00,"0.00%, 9.60%",4.80%,-0.00,54,57
1,161,"1.00, 1.00","0.50, 0.50",0.00,"0.00%, 4.31%",2.15%,-0.00,57,58
1,162,"1.00, 1.00","0.50, 0.50",0.00,"0.00%, 8.22%",4.11%,-0.00,58,60
1,163,"1.00, 1.00","0.50, 0.50",0.00,"0.00%, 19.21%",9.60%,-0.00,60,66
1,164,"1.00, 1.00","0.50, 0.50",0.00,"0.00%, -1.69%",-0.85%,-0.00,66,65
1,165,"1.00, 1.00","0.50, 0.50",0.00,"0.00%, -6.09%",-3.05%,-0.00,65,63
1,166,"1.00, 1.00","0.50, 0.50",0.00,"0.00%, -7.23%",-3.62%,-0.00,63,61
1,167,"1.00, 1.00","0.50, 0.50",0.00,"0.00%, -6.61%",-3.31%,-0.00,61,59
1,168,"1.00, 1.00","0.50, 0.50",0.00,"0.00%, -0.19%",-0.10%,-0.00,59,59
1,169,"1.00, 1.00","0.50, 0.50",0.00,"0.00%, 3.63%",1.82%,-0.00,59,60
1,170,"1.00, 1.00","0.50, 0.50",0.00,"0.00%, 3.04%",1.52%,-0.00,60,61
1,171,"1.00, 1.00","0.50, 0.50",0.00,"0.00%, 8.27%",4.13%,-0.00,61,64
1,172,"1.00, 1.00","0.50, 0.50",0.00,"0.00%, 0.62%",0.31%,-0.00,64,64
1,173,"1.00, 1.00","0.50, 0.50",0.00,"0.00%, 14.55%",7.27%,-0.00,64,68
1,174,"1.00, 1.00","0.50, 0.50",0.00,"0.00%, -1.86%",-0.93%,-0.00,68,68
1,175,"1.00, 1.00","0.50, 0.50",0.00,"0.00%, 28.38%",14.19%,-0.00,68,77
1,176,"1.00, 1.00","0.50, 0.50",0.00,"0.00%, 6.32%",3.16%,-0.00,77,80
1,177,"1.00, 1.00","0.50, 0.50",0.00,"0.00%, -6.96%",-3.48%,-0.00,80,77
1,178,"1.00, 1.00","0.50, 0.50",0.00,"0.00%, -8.73%",-4.37%,-0.00,77,74
1,179,"1.00, 1.00","0.50, 0.50",0.00,"0.00%, 4.96%",2.48%,-0.00,74,75
1,180,"1.00, 1.00","0.50, 0.50",0.00,"0.00%, -1.50%",-0.75%,-0.00,75,75
1,181,"1.00, 1.00","0.50, 0.50",0.00,"0.00%, 7.17%",3.59%,-0.00,75,78
1,182,"1.00, 1.00","0.50, 0.50",0.00,"0.00%, 4.87%",2.44%,-0.00,78,79
1,183,"1.00, 1.00","0.50, 0.50",0.00,"0.00%, -0.16%",-0.08%,-0.00,79,79
1,184,"1.00, 1.00","0.50, 0.50",0.00,"0.00%, -6.87%",-3.44%,-0.00,79,77
1,185,"1.00, 1.00","0.50, 0.50",0.00,"0.00%, -12.31%",-6.15%,-0.00,77,72
1,186,"1.00, 1.00","0.50, 0.50",0.00,"0.00%, -3.46%",-1.73%,-0.00,72,71
1,187,"1.00, 1.00","0.50, 0.50",0.00,"0.00%, 8.55%",4.28%,-0.00,71,74
1,188,"1.00, 1.00","0.50, 0.50",0.00,"0.00%, 2.46%",1.23%,-0.00,74,75
1,189,"1.00, 1.00","0.50, 0.50",0.00,"0.00%, -10.16%",-5.08%,-0.00,75,71
1,190,"1.00, 1.00","0.50, 0.50",0.00,"0.00%, 2.08%",1.04%,-0.00,71,72
1,191,"1.00, 1.00","0.50, 0.50",0.00,"0.00%, 4.05%",2.02%,-0.00,72,73
1,192,"1.00, 1.00","0.50, 0.50",0.00,"0.00%, -7.18%",-3.59%,-0.00,73,70
1,193,"1.00, 1.00","0.50, 0.50",0.00,"0.00%, 1.90%",0.95%,-0.00,70,71
1,194,"1.00, 1.00","0.50, 0.50",0.00,"0.00%, 1.03%",0.51%,-0.00,71,71
1,195,"1.00, 1.00","0.50, 0.50",0.00,"0.00%, -9.32%",-4.66%,-0.00,71,68
1,196,"1.00, 1.00","0.50, 0.50",0.00,"0.00%, 3.79%",1.90%,-0.00,68,69
1,197,"1.00, 1.00","0.50, 0.50",0.00,"0.00%, 5.70%",2.85%,-0.00,69,71
1,198,"1.00, 1.00","0.50, 0.50",0.00,"0.00%, 10.79%",5.40%,-0.00,71,75
1,199,"1.00, 1.00","0.50, 0.50",0.00,"0.00%, 10.50%",5.25%,-0.00,75,79
1,200,"1.00, 1.00","0.50, 0.50",0.00,"0.00%, -11.22%",-5.61%,-0.00,79,75
1,201,"1.00, 1.00","0.50, 0.50",0.00,"0.00%, -7.63%",-3.82%,-0.00,75,72
1,202,"1.00, 1.00","0.50, 0.50",0.00,"0.00%, 5.27%",2.63%,-0.00,72,74
1,203,"1.00, 1.00","0.50, 0.50",0.00,"0.00%, 5.26%",2.63%,-0.00,74,76
1,204,"1.00, 1.00","0.50, 0.50",0.00,"0.00%, 5.27%",2.63%,-0.00,76,78
1,205,"1.00, 1.00","0.50, 0.50",0.00,"0.00%, 42.15%",21.08%,-0.00,78,94
1,206,"1.00, 1.00","0.50, 0.50",0.00,"0.00%, 5.80%",2.90%,-0.00,94,97
1,207,"1.00, 1.00","0.50, 0.50",0.00,"0.00%, 11.32%",5.66%,-0.00,97,102
1,208,"1.00, 1.00","0.50, 0.50",0.00,"0.00%, 9.51%",4.76%,-0.00,102,107
1,209,"1.00, 1.00","0.50, 0.50",0.00,"0.00%, 6.57%",3.28%,-0.00,107,111
1,210,"1.00, 1.00","0.50, 0.50",0.00,"0.00%, -2.31%",-1.16%,-0.00,111,109
1,211,"1.00, 1.00","0.50, 0.50",0.00,"0.00%, 7.61%",3.80%,-0.00,109,114
1,212,"1.00, 1.00","0.50, 0.50",0.00,"0.00%, -6.25%",-3.13%,-0.00,114,110
1,213,"1.00, 1.00","0.50, 0.50",0.00,"0.00%, -1.62%",-0.81%,-0.00,110,109
1,214,"1.00, 1.00","0.50, 0.50",0.00,"0.00%, -3.79%",-1.90%,-0.00,109,107
1,215,"1.00, 1.00","0.50, 0.50",0.00,"0.00%, 1.24%",0.62%,-0.00,107,108
1,216,"1.00, 1.00","0.50, 0.50",0.00,"0.00%, 23.78%",11.89%,-0.00,108,121
1,217,"1.00, 1.00","0.50, 0.50",0.00,"0.00%, -15.05%",-7.52%,-0.00,121,111
1,218,"1.00, 1.00","0.50, 0.50",0.00,"0.00%, 6.90%",3.45%,-0.00,111,115
1,219,"1.00, 1.00","0.50, 0.50",0.00,"0.00%, -13.08%",-6.54%,-0.00,115,108
1,220,"1.00, 1.00","0.50, 0.50",0.00,"0.00%, -3.68%",-1.84%,-0.00,108,106
1,221,"1.00, 1.00","0.50, 0.50",0.00,"0.00%, 10.85%",5.42%,-0.00,106,112
1,222,"1.00, 1.00","0.50, 0.50",0.00,"0.00%, 1.08%",0.54%,-0.00,112,112
1,223,"1.00, 1.00","0.50, 0.50",0.00,"0.00%, -8.79%",-4.39%,-0.00,112,107
1,224,"1.00, 1.00","0.50, 0.50",0.00,"0.00%, -5.76%",-2.88%,-0.00,107,104
1,225,"1.00, 1.00","0.50, 0.50",0.00,"0.00%, 6.84%",3.42%,-0.00,104,108
1,226,"1.00, 1.00","0.50, 0.50",0.00,"0.00%, -5.89%",-2.95%,-0.00,108,104
1,227,"1.00, 1.00","0.50, 0.50",0.00,"0.00%, 2.48%",1.24%,-0.00,104,106
1,228,"1.00, 1.00","0.50, 0.50",0.00,"0.00%, 0.91%",0.46%,-0.00,106,106
1,229,"1.00, 1.00","0.50, 0.50",0.00,"0.00%, -5.22%",-2.61%,-0.00,106,103
1,230,"1.00, 1.00","0.50, 0.50",0.00,"0.00%, 21.89%",10.95%,-0.00,103,115
1,231,"1.00, 1.00","0.50, 0.50",0.00,"0.00%, 6.40%",3.20%,-0.00,115,118
1,232,"1.00, 1.00","0.50, 0.50",0.00,"0.00%, -16.24%",-8.12%,-0.00,118,109
1,233,"1.00, 1.00","0.50, 0.50",0.00,"0.00%, 2.20%",1.10%,-0.00,109,110
1,234,"1.00, 1.00","0.50, 0.50",0.00,"0.00%, -5.31%",-2.65%,-0.00,110,107
1,235,"1.00, 1.00","0.50, 0.50",0.00,"0.00%, 8.52%",4.26%,-0.00,107,112
1,236,"1.00, 1.00","0.50, 0.50",0.00,"0.00%, -6.42%",-3.21%,-0.00,112,108
1,237,"1.00, 1.00","0.50, 0.50",0.00,"0.00%, -0.53%",-0.27%,-0.00,108,108
1,238,"1.00, 1.00","0.50, 0.50",0.00,"0.00%, 5.17%",2.59%,-0.00,108,111
1,239,"1.00, 1.00","0.50, 0.50",0.00,"0.00%, 8.65%",4.32%,-0.00,111,115
1,240,"1.00, 1.00","0.50, 0.50",0.00,"0.00%, -9.79%",-4.89%,-0.00,115,110
1,241,"1.00, 1.00","0.50, 0.50",0.00,"0.00%, -2.48%",-1.24%,-0.00,110,108
1,242,"1.00, 1.00","0.50, 0.50",0.00,"0.00%, -3.70%",-1.85%,-0.00,108,106
1,243,"1.00, 1.00","0.50, 0.50",0.00,"0.00%, -5.24%",-2.62%,-0.00,106,104
1,244,"1.00, 1.00","0.50, 0.50",0.00,"0.00%, 17.81%",8.90%,-0.00,104,113
1,245,"1.00, 1.00","0.50, 0.50",0.00,"0.00%, 4.23%",2.12%,-0.00,113,115
1,246,"1.00, 1.00","0.50, 0.50",0.00,"0.00%, -10.28%",-5.14%,-0.00,115,109
1,247,"1.00, 1.00","0.50, 0.50",0.00,"0.00%, 9.16%",4.58%,-0.00,109,114
1,248,"1.00, 1.00","0.50, 0.50",0.00,"0.00%, 21.65%",10.83%,-0.00,114,127
1,249,"1.00, 1.00","0.50, 0.50",0.00,"0.00%, 10.29%",5.14%,-0.00,127,133
1,250,"1.00, 1.00","0.50, 0.50",0.00,"0.00%, -12.34%",-6.17%,-0.00,133,125
1,251,"1.00, 1.00","0.50, 0.50",0.00,"0.00%, -3.78%",-1.89%,-0.00,125,123
1,252,"1.00, 1.00","0.50, 0.50",0.00,"0.00%, 12.64%",6.32%,-0.00,123,130
1,253,"1.00, 1.00","0.50, 0.50",0.00,"0.00%, -5.70%",-2.85%,-0.00,130,127
1,254,"1.00, 1.00","0.50, 0.50",0.00,"0.00%, 4.60%",2.30%,-0.00,127,130
1,255,"1.00, 1.00","0.50, 0.50",0.00,"0.00%, 7.76%",3.88%,-0.00,130,135
1,256,"1.00, 1.00","0.50, 0.50",0.00,"0.00%, -7.54%",-3.77%,-0.00,135,130
1,257,"1.00, 1.00","0.50, 0.50",0.00,"0.00%, -0.04%",-0.02%,-0.00,130,129
1,258,"1.00, 1.00","0.50, 0.50",0.00,"0.00%, -24.93%",-12.46%,-0.00,129,113
1,259,"1.00, 1.00","0.50, 0.50",0.00,"0.00%, -8.35%",-4.18%,-0.00,113,109
1,260,"1.00, 1.00","0.50, 0.50",0.00,"0.00%, -1.76%",-0.88%,-0.00,109,108
1,261,"1.00, 1.00","0.50, 0.50",0.00,"0.00%, -10.17%",-5.09%,-0.00,108,102
1,262,"1.00, 1.00","0.50, 0.50",0.00,"0.00%, 16.41%",8.20%,-0.00,102,111
1,263,"1.00, 1.00","0.50, 0.50",0.00,"0.00%, -11.64%",-5.82%,-0.00,111,104
1,264,"1.00, 1.00","0.50, 0.50",0.00,"0.00%, -3.40%",-1.70%,-0.00,104,102
1,265,"1.00, 1.00","0.50, 0.50",0.00,"0.00%, 1.69%",0.85%,-0.00,102,103
1,266,"1.00, 1.00","0.50, 0.50",0.00,"0.00%, 14.42%",7.21%,-0.00,103,111
1,267,"1.00, 1.00","0.50, 0.50",0.00,"0.00%, -11.68%",-5.84%,-0.00,111,104
1,268,"1.00, 1.00","0.50, 0.50",0.00,"0.00%, 11.59%",5.80%,-0.00,104,110
1,269,"1.00, 1.00","0.50, 0.50",0.00,"0.00%, 0.59%",0.30%,-0.00,110,111
1,270,"1.00, 1.00","0.50, 0.50",0.00,"0.00%, -8.00%",-4.00%,-0.00,111,106
1,271,"1.00, 1.00","0.50, 0.50",0.00,"0.00%, 4.77%",2.38%,-0.00,106,109
1,272,"1.00, 1.00","0.50, 0.50",0.00,"0.00%, 2.32%",1.16%,-0.00,109,110
1,273,"1.00, 1.00","0.50, 0.50",0.00,"0.00%, -4.78%",-2.39%,-0.00,110,107
1,274,"1.00, 1.00","0.50, 0.50",0.00,"0.00%, 1.13%",0.57%,-0.00,107,108
1,275,"1.00, 1.00","0.50, 0.50",0.00,"0.00%, -2.92%",-1.46%,-0.00,108,106
1,276,"1.00, 1.00","0.50, 0.50",0.00,"0.00%, 1.53%",0.77%,-0.00,106,107
1,277,"1.00, 1.00","0.50, 0.50",0.00,"0.00%, 6.67%",3.34%,-0.00,107,111
1,278,"1.00, 1.00","0.50, 0.50",0.00,"0.00%, 15.92%",7.96%,-0.00,111,120
1,279,"1.00, 1.00","0.50, 0.50",0.00,"0.00%, -10.09%",-5.05%,-0.00,120,114
1,280,"1.00, 1.00","0.50, 0.50",0.00,"0.00%, 21.77%",10.89%,-0.00,114,126
1,281,"1.00, 1.00","0.50, 0.50",0.00,"0.00%, -15.69%",-7.85%,-0.00,126,116
1,282,"1.00, 1.00","0.50, 0.50",0.00,"0.00%, -0.86%",-0.43%,-0.00,116,115
1,283,"1.00, 1.00","0.50, 0.50",0.00,"0.00%, 5.97%",2.98%,-0.00,115,119
1,284,"1.00, 1.00","0.50, 0.50",0.00,"0.00%, 3.08%",1.54%,-0.00,119,121
1,285,"1.00, 1.00","0.50, 0.50",0.00,"0.00%, -4.98%",-2.49%,-0.00,121,118
1,286,"1.00, 1.00","0.50, 0.50",0.00,"0.00%, -1.36%",-0.68%,-0.00,118,117
1,287,"1.00, 1.00","0.50, 0.50",0.00,"0.00%, -3.86%",-1.93%,-0.00,117,115
1,288,"1.00, 1.00","0.50, 0.50",0.00,"0.00%, -4.69%",-2.35%,-0.00,115,112
1,289,"1.00, 1.00","0.50, 0.50",0.00,"0.00%, 8.49%",4.24%,-0.00,112,117
1,290,"1.00, 1.00","0.50, 0.50",0.00,"0.00%, 3.78%",1.89%,-0.00,117,119
1,291,"1.00, 1.00","0.50, 0.50",0.00,"0.00%, -5.57%",-2.79%,-0.00,119,116
1,292,"1.00, 1.00","0.50, 0.50",0.00,"0.00%, 8.98%",4.49%,-0.00,116,121
1,293,"1.00, 1.00","0.50, 0.50",0.00,"0.00%, 3.32%",1.66%,-0.00,121,123
1,294,"1.00, 1.00","0.50, 0.50",0.00,"0.00%, 8.13%",4.06%,-0.00,123,128
1,295,"1.00, 1.00","0.50, 0.50",0.00,"0.00%, 6.36%",3.18%,-0.00,128,132
1,296,"1.00, 1.00","0.50, 0.50",0.00,"0.00%, -6.72%",-3.36%,-0.00,132,127
1,297,"1.00, 1.00","0.50, 0.50",0.00,"0.00%, -4.44%",-2.22%,-0.00,127,125
1,298,"1.00, 1.00","0.50, 0.50",0.00,"0.00%, 7.49%",3.75%,-0.00,125,129
1,299,"1.00, 1.00","0.50, 0.50",0.00,"0.00%, 6.18%",3.09%,-0.00,129,133
1,300,"1.00, 1.00","0.50, 0.50",0.00,"0.00%, 0.31%",0.16%,-0.00,133,134
1,301,"1.00, 1.00","0.50, 0.50",0.00,"0.00%, 1.57%",0.78%,-0.00,134,135
1,302,"1.00, 1.00","0.50, 0.50",0.00,"0.00%, 12.75%",6.37%,-0.00,135,143
1,303,"1.00, 1.00","0.50, 0.50",0.00,"0.00%, -4.71%",-2.35%,-0.00,143,140
1,304,"1.00, 1.00","0.50, 0.50",0.00,"0.00%, 5.57%",2.79%,-0.00,140,144
1,305,"1.00, 1.00","0.50, 0.50",0.00,"0.00%, -1.31%",-0.66%,-0.00,144,143
1,306,"1.00, 1.00","0.50, 0.50",0.00,"0.00%, -1.45%",-0.72%,-0.00,143,142
1,307,"1.00, 1.00","0.50, 0.50",0.00,"0.00%, 10.95%",5.47%,-0.00,142,149
1,308,"1.00, 1.00","0.50, 0.50",0.00,"0.00%, 8.25%",4.13%,-0.00,149,156
1,309,"1.00, 1.00","0.50, 0.50",0.00,"0.00%, 8.14%",4.07%,-0.00,156,162
1,310,"1.00, 1.00","0.50, 0.50",0.00,"0.00%, 13.03%",6.52%,-0.00,162,172
1,311,"1.00, 1.00","0.50, 0.50",0.00,"0.00%, 0.69%",0.35%,-0.00,172,173
1,312,"1.00, 1.00","0.50, 0.50",0.00,"0.00%, 6.86%",3.43%,-0.00,173,179
1,313,"1.00, 1.00","0.50, 0.50",0.00,"0.00%, -2.27%",-1.13%,-0.00,179,177
1,314,"1.00, 1.00","0.50, 0.50",0.00,"0.00%, 3.48%",1.74%,-0.00,177,180
1,315,"1.00, 1.00","0.50, 0.50",0.00,"0.00%, -0.67%",-0.33%,-0.00,180,179
1,316,"1.00, 1.00","0.50, 0.50",0.00,"0.00%, 1.38%",0.69%,-0.00,179,181
1,317,"1.00, 1.00","0.50, 0.50",0.00,"0.00%, 6.03%",3.02%,-0.00,181,186
1,318,"1.00, 1.00","0.50, 0.50",0.00,"0.00%, -6.63%",-3.32%,-0.00,186,180
1,319,"1.00, 1.00","0.50, 0.50",0.00,"0.00%, 21.33%",10.66%,-0.00,180,199
1,320,"1.00, 1.00","0.50, 0.50",0.00,"0.00%, -8.20%",-4.10%,-0.00,199,191
1,321,"1.00, 1.00","0.50, 0.50",0.00,"0.00%, -9.90%",-4.95%,-0.00,191,182
1,322,"1.00, 1.00","0.50, 0.50",0.00,"0.00%, 11.54%",5.77%,-0.00,182,192
1,323,"1.00, 1.00","0.50, 0.50",0.00,"0.00%, 7.92%",3.96%,-0.00,192,200
1,324,"1.00, 1.00","0.50, 0.50",0.00,"0.00%, 6.31%",3.15%,-0.00,200,206
1,325,"1.00, 1.00","0.50, 0.50",0.00,"0.00%, 6.35%",3.17%,-0.00,206,212
1,326,"1.00, 1.00","0.50, 0.50",0.00,"0.00%, 0.39%",0.20%,-0.00,212,213
1,327,"1.00, 1.00","0.50, 0.50",0.00,"0.00%, -7.30%",-3.65%,-0.00,213,205
1,328,"1.00, 1.00","0.50, 0.50",0.00,"0.00%, 1.19%",0.59%,-0.00,205,206
1,329,"1.00, 1.00","0.50, 0.50",0.00,"0.00%, -5.44%",-2.72%,-0.00,206,201
1,330,"1.00, 1.00","0.50, 0.50",0.00,"0.00%, 9.72%",4.86%,-0.00,201,210
1,331,"1.00, 1.00","0.50, 0.50",0.00,"0.00%, -0.82%",-0.41%,-0.00,210,210
1,332,"1.00, 1.00","0.50, 0.50",0.00,"0.00%, -6.69%",-3.35%,-0.00,210,203
1,333,"1.00, 1.00","0.50, 0.50",0.00,"0.00%, -2.36%",-1.18%,-0.00,203,200
1,334,"1.00, 1.00","0.50, 0.50",0.00,"0.00%, 4.31%",2.15%,-0.00,200,205
1,335,"1.00, 1.00","0.50, 0.50",0.00,"0.00%, -4.47%",-2.24%,-0.00,205,200
1,336,"1.00, 1.00","0.50, 0.50",0.00,"0.00%, -6.67%",-3.33%,-0.00,200,193
1,337,"1.00, 1.00","0.50, 0.50",0.00,"0.00%, 2.73%",1.36%,-0.00,193,196
1,338,"1.00, 1.00","0.50, 0.50",0.00,"0.00%, 2.74%",1.37%,-0.00,196,199
1,339,"1.00, 1.00","0.50, 0.50",0.00,"0.00%, -3.98%",-1.99%,-0.00,199,195
1,340,"1.00, 1.00","0.50, 0.50",0.00,"0.00%, -3.67%",-1.84%,-0.00,195,191
1,341,"1.00, 1.00","0.50, 0.50",0.00,"0.00%, 2.62%",1.31%,-0.00,191,194
1,342,"1.00, 1.00","0.50, 0.50",0.00,"0.00%, -11.78%",-5.89%,-0.00,194,182
1,343,"1.00, 1.00","0.50, 0.50",0.00,"0.00%, -11.46%",-5.73%,-0.00,182,172
1,344,"1.00, 1.00","0.50, 0.50",0.00,"0.00%, -5.79%",-2.90%,-0.00,172,167
1,345,"1.00, 1.00","0.50, 0.50",0.00,"0.00%, -1.41%",-0.71%,-0.00,167,166
1,346,"1.00, 1.00","0.50, 0.50",0.00,"0.00%, 3.35%",1.68%,-0.00,166,168
1,347,"1.00, 1.00","0.50, 0.50",0.00,"0.00%, 14.77%",7.39%,-0.00,168,181
1,348,"1.00, 1.00","0.50, 0.50",0.00,"0.00%, 8.57%",4.28%,-0.00,181,189
1,349,"1.00, 1.00","0.50, 0.50",0.00,"0.00%, -0.94%",-0.47%,-0.00,189,188
1,350,"1.00, 1.00","0.50, 0.50",0.00,"0.00%, 0.33%",0.16%,-0.00,188,188
1,351,"1.00, 1.00","0.50, 0.50",0.00,"0.00%, -8.17%",-4.08%,-0.00,188,180
1,352,"1.00, 1.00","0.50, 0.50",0.00,"0.00%, 0.33%",0.17%,-0.00,180,181
1,353,"1.00, 1.00","0.50, 0.50",0.00,"0.00%, -2.08%",-1.04%,-0.00,181,179
1,354,"1.00, 1.00","0.50, 0.50",0.00,"0.00%, 3.46%",1.73%,-0.00,179,182
1,355,"1.00, 1.00","0.50, 0.50",0.00,"0.00%, -6.71%",-3.35%,-0.00,182,176
1,356,"1.00, 1.00","0.50, 0.50",0.00,"0.00%, 5.31%",2.66%,-0.00,176,180
1,357,"1.00, 1.00","0.50, 0.50",0.00,"0.00%, 15.37%",7.68%,-0.00,180,194
1,358,"1.00, 1.00","0.50, 0.50",0.00,"0.00%, -0.48%",-0.24%,-0.00,194,194
1,359,"1.00, 1.00","0.50, 0.50",0.00,"0.00%, 4.20%",2.10%,-0.00,194,198
1,360,"1.00, 1.00","0.50, 0.50",0.00,"0.00%, 6.94%",3.47%,-0.00,198,205
1,361,"1.00, 1.00","0.50, 0.50",0.00,"0.00%, -3.06%",-1.53%,-0.00,205,202
1,362,"1.00, 1.00","0.50, 0.50",0.00,"0.00%, 2.55%",1.27%,-0.00,202,204
1,363,"1.00, 1.00","0.50, 0.50",0.00,"0.00%, 0.62%",0.31%,-0.00,204,205
1,364,"1.00, 1.00","0.50, 0.50",0.00,"0.00%, 1.39%",0.69%,-0.00,205,206
1,365,"1.00, 1.00","0.50, 0.50",0.00,"0.00%, -6.25%",-3.13%,-0.00,206,200
1,366,"1.00, 1.00","0.50, 0.50",0.00,"0.00%, 0.72%",0.36%,-0.00,200,200
1,367,"1.00, 1.00","0.50, 0.50",0.00,"0.00%, 5.11%",2.55%,-0.00,200,206
1,368,"1.00, 1.00","0.50, 0.50",0.00,"0.00%, 14.52%",7.26%,-0.00,206,221
1,369,"1.00, 1.00","0.50, 0.50",0.00,"0.00%, 9.56%",4.78%,-0.00,221,231
1,370,"1.00, 1.00","0.50, 0.50",0.00,"0.00%, 21.99%",11.00%,-0.00,231,257
1,371,"1.00, 1.00","0.50, 0.50",0.00,"0.00%, -6.21%",-3.10%,-0.00,257,249
1,372,"1.00, 1.00","0.50, 0.50",0.00,"0.00%, 8.71%",4.35%,-0.00,249,259
1,373,"1.00, 1.00","0.50, 0.50",0.00,"0.00%, 2.17%",1.09%,-0.00,259,262
1,374,"1.00, 1.00","0.50, 0.50",0.00,"0.00%, 22.39%",11.20%,-0.00,262,292
1,375,"1.00, 1.00","0.50, 0.50",0.00,"0.00%, -6.55%",-3.28%,-0.00,292,282
1,376,"1.00, 1.00","0.50, 0.50",0.00,"0.00%, -6.81%",-3.41%,-0.00,282,272
1,377,"1.00, 1.00","0.50, 0.50",0.00,"0.00%, -4.78%",-2.39%,-0.00,272,266
1,378,"1.00, 1.00","0.50, 0.50",0.00,"0.00%, -16.99%",-8.49%,-0.00,266,243
1,379,"1.00, 1.00","0.50, 0.50",0.00,"0.00%, -4.14%",-2.07%,-0.00,243,238
1,380,"1.00, 1.00","0.50, 0.50",0.00,"0.00%, -6.14%",-3.07%,-0.00,238,231
1,381,"1.00, 1.00","0.50, 0.50",0.00,"0.00%, 1.87%",0.94%,-0.00,231,233
1,382,"1.00, 1.00","0.50, 0.50",0.00,"0.00%, 3.64%",1.82%,-0.00,233,237
1,383,"1.00, 1.00","0.50, 0.50",0.00,"0.00%, 18.99%",9.49%,-0.00,237,260
1,384,"1.00, 1.00","0.50, 0.50",0.00,"0.00%, 9.48%",4.74%,-0.00,260,272
1,385,"1.00, 1.00","0.50, 0.50",0.00,"0.00%, -4.58%",-2.29%,-0.00,272,266
1,386,"1.00, 1.00","0.50, 0.50",0.00,"0.00%, -7.31%",-3.65%,-0.00,266,256
1,387,"1.00, 1.00","0.50, 0.50",0.00,"0.00%, 5.05%",2.53%,-0.00,256,263
1,388,"1.00, 1.00","0.50, 0.50",0.00,"0.00%, -10.76%",-5.38%,-0.00,263,249
1,389,"1.00, 1.00","0.50, 0.50",0.00,"0.00%, 18.51%",9.26%,-0.00,249,272
1,390,"1.00, 1.00","0.50, 0.50",0.00,"0.00%, 11.76%",5.88%,-0.00,272,288
1,391,"1.00, 1.00","0.50, 0.50",0.00,"0.00%, -3.65%",-1.83%,-0.00,288,282
1,392,"1.00, 1.00","0.50, 0.50",0.00,"0.00%, -13.86%",-6.93%,-0.00,282,263
1,393,"1.00, 1.00","0.50, 0.50",0.00,"0.00%, 13.52%",6.76%,-0.00,263,281
1,394,"1.00, 1.00","0.50, 0.50",0.00,"0.00%, -0.53%",-0.26%,-0.00,281,280
1,395,"1.00, 1.00","0.50, 0.50",0.00,"0.00%, 12.34%",6.17%,-0.00,280,297
1,396,"1.00, 1.00","0.50, 0.50",0.00,"0.00%, -12.93%",-6.47%,-0.00,297,278
1,397,"1.00, 1.00","0.50, 0.50",0.00,"0.00%, -4.78%",-2.39%,-0.00,278,271
1,398,"1.00, 1.00","0.50, 0.50",0.00,"0.00%, 0.55%",0.27%,-0.00,271,272
1,399,"1.00, 1.00","0.50, 0.50",0.00,"0.00%, 0.93%",0.46%,-0.00,272,273
1,400,"1.00, 1.00","0.50, 0.50",0.00,"0.00%, -3.49%",-1.74%,-0.00,273,268
1,401,"1.00, 1.00","0.50, 0.50",0.00,"0.00%, 6.30%",3.15%,-0.00,268,277
1,402,"1.00, 1.00","0.50, 0.50",0.00,"0.00%, -8.71%",-4.35%,-0.00,277,265
1,403,"1.00, 1.00","0.50, 0.50",0.00,"0.00%, -0.78%",-0.39%,-0.00,265,264
1,404,"1.00, 1.00","0.50, 0.50",0.00,"0.00%, 1.60%",0.80%,-0.00,264,266
1,405,"1.00, 1.00","0.50, 0.50",0.00,"0.00%, 5.26%",2.63%,-0.00,266,273
1,406,"1.00, 1.00","0.50, 0.50",0.00,"0.00%, 7.15%",3.57%,-0.00,273,283
1,407,"1.00, 1.00","0.50, 0.50",0.00,"0.00%, -9.17%",-4.59%,-0.00,283,270
1,408,"1.00, 1.00","0.50, 0.50",0.00,"0.00%, -12.46%",-6.23%,-0.00,270,253
1,409,"1.00, 1.00","0.50, 0.50",0.00,"0.00%, 12.75%",6.37%,-0.00,253,269
1,410,"1.00, 1.00","0.50, 0.50",0.00,"0.00%, 3.55%",1.78%,-0.00,269,274
1,411,"1.00, 1.00","0.50, 0.50",0.00,"0.00%, -6.05%",-3.02%,-0.00,274,266
1,412,"1.00, 1.00","0.50, 0.50",0.00,"0.00%, 15.56%",7.78%,-0.00,266,286
1,413,"1.00, 1.00","0.50, 0.50",0.00,"0.00%, 1.55%",0.78%,-0.00,286,288
1,414,"1.00, 1.00","0.50, 0.50",0.00,"0.00%, 11.75%",5.88%,-0.00,288,305
1,415,"1.00, 1.00","0.50, 0.50",0.00,"0.00%, 1.11%",0.56%,-0.00,305,307
1,416,"1.00, 1.00","0.50, 0.50",0.00,"0.00%, 20.98%",10.49%,-0.00,307,339
1,417,"1.00, 1.00","0.50, 0.50",0.00,"0.00%, 17.70%",8.85%,-0.00,339,369
1,418,"1.00, 1.00","0.50, 0.50",0.00,"0.00%, -1.73%",-0.86%,-0.00,369,366
1,419,"1.00, 1.00","0.50, 0.50",0.00,"0.00%, 9.68%",4.84%,-0.00,366,384
1,420,"1.00, 1.00","0.50, 0.50",0.00,"0.00%, 6.51%",3.26%,-0.00,384,396
1,421,"1.00, 1.00","0.50, 0.50",0.00,"0.00%, 13.68%",6.84%,-0.00,396,423
1,422,"1.00, 1.00","0.50, 0.50",0.00,"0.00%, -7.86%",-3.93%,-0.00,423,407
1,423,"1.00, 1.00","0.50, 0.50",0.00,"0.00%, 6.90%",3.45%,-0.00,407,421
1,424,"1.00, 1.00","0.50, 0.50",0.00,"0.00%, 10.55%",5.27%,-0.00,421,443
1,425,"1.00, 1.00","0.50, 0.50",0.00,"0.00%, -14.21%",-7.11%,-0.00,443,412
1,426,"1.00, 1.00","0.50, 0.50",0.00,"0.00%, -9.65%",-4.83%,-0.00,412,392
1,427,"1.00, 1.00","0.50, 0.50",0.00,"0.00%, -16.35%",-8.18%,-0.00,392,360
1,428,"1.00, 1.00","0.50, 0.50",0.00,"0.00%, -1.91%",-0.95%,-0.00,360,356
1,429,"1.00, 1.00","0.50, 0.50",0.00,"0.00%, 7.21%",3.60%,-0.00,356,369
1,430,"1.00, 1.00","0.50, 0.50",0.00,"0.00%, 15.05%",7.53%,-0.00,369,397
1,431,"1.00, 1.00","0.50, 0.50",0.00,"0.00%, 1.17%",0.59%,-0.00,397,399
1,432,"1.00, 1.00","0.50, 0.50",0.00,"0.00%, 16.37%",8.18%,-0.00,399,432
1,433,"1.00, 1.00","0.50, 0.50",0.00,"0.00%, -11.24%",-5.62%,-0.00,432,408
1,434,"1.00, 1.00","0.50, 0.50",0.00,"0.00%, -13.78%",-6.89%,-0.00,408,379
1,435,"1.00, 1.00","0.50, 0.50",0.00,"0.00%, 0.00%",0.00%,-0.00,379,379
1,436,"1.00, 1.00","0.50, 0.50",0.00,"0.00%, 4.04%",2.02%,-0.00,379,387
1,437,"1.00, 1.00","0.50, 0.50",0.00,"0.00%, 0.21%",0.10%,-0.00,387,388
1,438,"1.00, 1.00","0.50, 0.50",0.00,"0.00%, -16.56%",-8.28%,-0.00,388,355
1,439,"1.00, 1.00","0.50, 0.50",0.00,"0.00%, -0.30%",-0.15%,-0.00,355,355
1,440,"1.00, 1.00","0.50, 0.50",0.00,"0.00%, -10.63%",-5.32%,-0.00,355,336
1,441,"1.00, 1.00","0.50, 0.50",0.00,"0.00%, 6.74%",3.37%,-0.00,336,347
1,442,"1.00, 1.00","0.50, 0.50",0.00,"0.00%, 3.87%",1.94%,-0.00,347,354
1,443,"1.00, 1.00","0.50, 0.50",0.00,"0.00%, -7.65%",-3.83%,-0.00,354,341
1,444,"1.00, 1.00","0.50, 0.50",0.00,"0.00%, -4.04%",-2.02%,-0.00,341,334
1,445,"1.00, 1.00","0.50, 0.50",0.00,"0.00%, -8.64%",-4.32%,-0.00,334,319
1,446,"1.00, 1.00","0.50, 0.50",0.00,"0.00%, -0.06%",-0.03%,-0.00,319,319
1,447,"1.00, 1.00","0.50, 0.50",0.00,"0.00%, 9.52%",4.76%,-0.00,319,334
1,448,"1.00, 1.00","0.50, 0.50",0.00,"0.00%, -8.03%",-4.02%,-0.00,334,321
1,449,"1.00, 1.00","0.50, 0.50",0.00,"0.00%, 5.17%",2.58%,-0.00,321,329
1,450,"1.00, 1.00","0.50, 0.50",0.00,"0.00%, -4.18%",-2.09%,-0.00,329,322
1,451,"1.00, 1.00","0.50, 0.50",0.00,"0.00%, -6.42%",-3.21%,-0.00,322,312
1,452,"1.00, 1.00","0.50, 0.50",0.00,"0.00%, -0.46%",-0.23%,-0.00,312,311
1,453,"1.00, 1.00","0.50, 0.50",0.00,"0.00%, -8.44%",-4.22%,-0.00,311,298
1,454,"1.00, 1.00","0.50, 0.50",0.00,"0.00%, -4.38%",-2.19%,-0.00,298,292
1,455,"1.00, 1.00","0.50, 0.50",0.00,"0.00%, -9.77%",-4.89%,-0.00,292,277
1,456,"1.00, 1.00","0.50, 0.50",0.00,"0.00%, 19.94%",9.97%,-0.00,277,305
1,457,"1.00, 1.00","0.50, 0.50",0.00,"0.00%, 0.82%",0.41%,-0.00,305,306
1,458,"1.00, 1.00","0.50, 0.50",0.00,"0.00%, -5.63%",-2.82%,-0.00,306,298
1,459,"1.00, 1.00","0.50, 0.50",0.00,"0.00%, 2.46%",1.23%,-0.00,298,301
1,460,"1.00, 1.00","0.50, 0.50",0.00,"0.00%, -0.51%",-0.25%,-0.00,301,301
1,461,"1.00, 1.00","0.50, 0.50",0.00,"0.00%, -1.48%",-0.74%,-0.00,301,298
1,462,"1.00, 1.00","0.50, 0.50",0.00,"0.00%, 6.21%",3.11%,-0.00,298,308
1,463,"1.00, 1.00","0.50, 0.50",0.00,"0.00%, 7.59%",3.80%,-0.00,308,319
1,464,"1.00, 1.00","0.50, 0.50",0.00,"0.00%, -4.18%",-2.09%,-0.00,319,313
1,465,"1.00, 1.00","0.50, 0.50",0.00,"0.00%, -4.57%",-2.29%,-0.00,313,305
1,466,"1.00, 1.00","0.50, 0.50",0.00,"0.00%, -1.96%",-0.98%,-0.00,305,302
1,467,"1.00, 1.00","0.50, 0.50",0.00,"0.00%, -18.30%",-9.15%,-0.00,302,275
1,468,"1.00, 1.00","0.50, 0.50",0.00,"0.00%, -12.31%",-6.16%,-0.00,275,258
1,469,"1.00, 1.00","0.50, 0.50",0.00,"0.00%, 13.66%",6.83%,-0.00,258,275
1,470,"1.00, 1.00","0.50, 0.50",0.00,"0.00%, 16.54%",8.27%,-0.00,275,298
1,471,"1.00, 1.00","0.50, 0.50",0.00,"0.00%, -1.73%",-0.86%,-0.00,298,296
1,472,"1.00, 1.00","0.50, 0.50",0.00,"0.00%, 5.85%",2.93%,-0.00,296,304
1,473,"1.00, 1.00","0.50, 0.50",0.00,"0.00%, 3.36%",1.68%,-0.00,304,309
1,474,"1.00, 1.00","0.50, 0.50",0.00,"0.00%, 32.59%",16.30%,-0.00,309,360
1,475,"1.00, 1.00","0.50, 0.50",0.00,"0.00%, 11.16%",5.58%,-0.00,360,380
1,476,"1.00, 1.00","0.50, 0.50",0.00,"0.00%, -0.65%",-0.32%,-0.00,380,379
1,477,"1.00, 1.00","0.50, 0.50",0.00,"0.00%, -7.78%",-3.89%,-0.00,379,364
1,478,"1.00, 1.00","0.50, 0.50",0.00,"0.00%, -13.03%",-6.51%,-0.00,364,340
1,479,"1.00, 1.00","0.50, 0.50",0.00,"0.00%, 2.36%",1.18%,-0.00,340,344
1,480,"1.00, 1.00","0.50, 0.50",0.00,"0.00%, -6.11%",-3.06%,-0.00,344,334
1,481,"1.00, 1.00","0.50, 0.50",0.00,"0.00%, -11.57%",-5.79%,-0.00,334,314
1,482,"1.00, 1.00","0.50, 0.50",0.00,"0.00%, -5.18%",-2.59%,-0.00,314,306
1,483,"1.00, 1.00","0.50, 0.50",0.00,"0.00%, -8.82%",-4.41%,-0.00,306,293
1,484,"1.00, 1.00","0.50, 0.50",0.00,"0.00%, 16.98%",8.49%,-0.00,293,318
1,485,"1.00, 1.00","0.50, 0.50",0.00,"0.00%, 8.80%",4.40%,-0.00,318,332
1,486,"1.00, 1.00","0.50, 0.50",0.00,"0.00%, 0.43%",0.21%,-0.00,332,332
1,487,"1.00, 1.00","0.50, 0.50",0.00,"0.00%, 14.82%",7.41%,-0.00,332,357
1,488,"1.00, 1.00","0.50, 0.50",0.00,"0.00%, 1.20%",0.60%,-0.00,357,359
1,489,"1.00, 1.00","0.50, 0.50",0.00,"0.00%, -6.99%",-3.50%,-0.00,359,347
1,490,"1.00, 1.00","0.50, 0.50",0.00,"0.00%, 15.27%",7.63%,-0.00,347,373
1,491,"1.00, 1.00","0.50, 0.50",0.00,"0.00%, 5.50%",2.75%,-0.00,373,383
1,492,"1.00, 1.00","0.50, 0.50",0.00,"0.00%, -8.46%",-4.23%,-0.00,383,367
1,493,"1.00, 1.00","0.50, 0.50",0.00,"0.00%, -1.21%",-0.60%,-0.00,367,365
1,494,"1.00, 1.00","0.50, 0.50",0.00,"0.00%, -7.11%",-3.56%,-0.00,365,352
1,495,"1.00, 1.00","0.50, 0.50",0.00,"0.00%, -11.26%",-5.63%,-0.00,352,332
1,496,"1.00, 1.00","0.50, 0.50",0.00,"0.00%, 9.24%",4.62%,-0.00,332,347
1,497,"1.00, 1.00","0.50, 0.50",0.00,"0.00%, 19.34%",9.67%,-0.00,347,381
1,498,"1.00, 1.00","0.50, 0.50",0.00,"0.00%, -11.39%",-5.69%,-0.00,381,359
1,499,"1.00, 1.00","0.50, 0.50",0.00,"0.00%, 5.72%",2.86%,269.54,359,370
2,0,"0.50, 0.50","0.50, 0.50",0.00,"0.00%, -1.59%",-0.80%,-0.00,100,99
2,1,"1.00, 1.00","0.50, 0.50",0.00,"0.00%, -1.59%",-0.80%,-0.00,99,98
2,2,"1.00, 1.00","0.50, 0.50",0.00,"0.00%, 15.85%",7.93%,-0.00,98,106
2,3,"1.00, 1.00","0.50, 0.50",0.00,"0.00%, 7.69%",3.84%,-0.00,106,110
2,4,"1.00, 1.00","0.50, 0.50",0.00,"0.00%, -3.66%",-1.83%,-0.00,110,108
2,5,"1.00, 1.00","0.50, 0.50",0.00,"0.00%, 5.53%",2.77%,-0.00,108,111
2,6,"1.00, 1.00","0.50, 0.50",0.00,"0.00%, -3.60%",-1.80%,-0.00,111,109
2,7,"1.00, 1.00","0.50, 0.50",0.00,"0.00%, -3.62%",-1.81%,-0.00,109,107
2,8,"1.00, 1.00","0.50, 0.50",0.00,"0.00%, 2.71%",1.36%,-0.00,107,109
2,9,"1.00, 1.00","0.50, 0.50",0.00,"0.00%, -15.40%",-7.70%,-0.00,109,100
2,10,"1.00, 1.00","0.50, 0.50",0.00,"0.00%, -13.95%",-6.98%,-0.00,100,93
2,11,"1.00, 1.00","0.50, 0.50",0.00,"0.00%, -4.46%",-2.23%,-0.00,93,91
2,12,"1.00, 1.00","0.50, 0.50",0.00,"0.00%, -8.25%",-4.13%,-0.00,91,88
2,13,"1.00, 1.00","0.50, 0.50",0.00,"0.00%, 3.38%",1.69%,-0.00,88,89
2,14,"1.00, 1.00","0.50, 0.50",0.00,"0.00%, -7.39%",-3.69%,-0.00,89,86
2,15,"1.00, 1.00","0.50, 0.50",0.00,"0.00%, -11.49%",-5.75%,-0.00,86,81
2,16,"1.00, 1.00","0.50, 0.50",0.00,"0.00%, 14.67%",7.34%,-0.00,81,87
2,17,"1.00, 1.00","0.50, 0.50",0.00,"0.00%, -1.52%",-0.76%,-0.00,87,86
2,18,"1.00, 1.00","0.50, 0.50",0.00,"0.00%, 1.11%",0.56%,-0.00,86,87
2,19,"1.00, 1.00","0.50, 0.50",0.00,"0.00%, -11.59%",-5.80%,-0.00,87,82
2,20,"1.00, 1.00","0.50, 0.50",0.00,"0.00%, -4.30%",-2.15%,-0.00,82,80
2,21,"1.00, 1.00","0.50, 0.50",0.00,"0.00%, 1.51%",0.75%,-0.00,80,80
2,22,"1.00, 1.00","0.50, 0.50",0.00,"0.00%, -9.39%",-4.69%,-0.00,80,77
2,23,"1.00, 1.00","0.50, 0.50",0.00,"0.00%, 3.96%",1.98%,-0.00,77,78
2,24,"1.00, 1.00","0.50, 0.50",0.00,"0.00%, -4.79%",-2.39%,-0.00,78,76
2,25,"1.00, 1.00","0.50, 0.50",0.00,"0.00%, -2.10%",-1.05%,-0.00,76,75
2,26,"1.00, 1.00","0.50, 0.50",0.00,"0.00%, -4.80%",-2.40%,-0.00,75,74
2,27,"1.00, 1.00","0.50, 0.50",0.00,"0.00%, 18.73%",9.37%,-0.00,74,81
2,28,"1.00, 1.00","0.50, 0.50",0.00,"0.00%, 0.38%",0.19%,-0.00,81,81
2,29,"1.00, 1.00","0.50, 0.50",0.00,"0.00%, -8.62%",-4.31%,-0.00,81,77
2,30,"1.00, 1.00","0.50, 0.50",0.00,"0.00%, 8.22%",4.11%,-0.00,77,80
2,31,"1.00, 1.00","0.50, 0.50",0.00,"0.00%, -9.96%",-4.98%,-0.00,80,76
2,32,"1.00, 1.00","0.50, 0.50",0.00,"0.00%, 2.41%",1.20%,-0.00,76,77
2,33,"1.00, 1.00","0.50, 0.50",0.00,"0.00%, -15.75%",-7.87%,-0.00,77,71
2,34,"1.00, 1.00","0.50, 0.50",0.00,"0.00%, -10.82%",-5.41%,-0.00,71,67
2,35,"1.00, 1.00","0.50, 0.50",0.00,"0.00%, 2.30%",1.15%,-0.00,67,68
2,36,"1.00, 1.00","0.50, 0.50",0.00,"0.00%, 7.41%",3.70%,-0.00,68,71
2,37,"1.00, 1.00","0.50, 0.50",0.00,"0.00%, 2.06%",1.03%,-0.00,71,71
2,38,"1.00, 1.00","0.50, 0.50",0.00,"0.00%, -0.54%",-0.27%,-0.00,71,71
2,39,"1.00, 1.00","0.50, 0.50",0.00,"0.00%, -2.19%",-1.09%,-0.00,71,70
2,40,"1.00, 1.00","0.50, 0.50",0.00,"0.00%, -12.02%",-6.01%,-0.00,70,66
2,41,"1.00, 1.00","0.50, 0.50",0.00,"0.00%, -5.80%",-2.90%,-0.00,66,64
2,42,"1.00, 1.00","0.50, 0.50",0.00,"0.00%, -3.58%",-1.79%,-0.00,64,63
2,43,"1.00, 1.00","0.50, 0.50",0.00,"0.00%, 10.53%",5.27%,-0.00,63,66
2,44,"1.00, 1.00","0.50, 0.50",0.00,"0.00%, 3.66%",1.83%,-0.00,66,68
2,45,"1.00, 1.00","0.50, 0.50",0.00,"0.00%, -14.24%",-7.12%,-0.00,68,63
2,46,"1.00, 1.00","0.50, 0.50",0.00,"0.00%, 3.48%",1.74%,-0.00,63,64
2,47,"1.00, 1.00","0.50, 0.50",0.00,"0.00%, -2.92%",-1.46%,-0.00,64,63
2,48,"1.00, 1.00","0.50, 0.50",0.00,"0.00%, -5.44%",-2.72%,-0.00,63,61
2,49,"1.00, 1.00","0.50, 0.50",0.00,"0.00%, 6.19%",3.09%,-0.00,61,63
2,50,"1.00, 1.00","0.50, 0.50",0.00,"0.00%, 10.27%",5.14%,-0.00,63,66
2,51,"1.00, 1.00","0.50, 0.50",0.00,"0.00%, 9.29%",4.64%,-0.00,66,69
2,52,"1.00, 1.00","0.50, 0.50",0.00,"0.00%, -6.81%",-3.40%,-0.00,69,67
2,53,"1.00, 1.00","0.50, 0.50",0.00,"0.00%, -2.26%",-1.13%,-0.00,67,66
2,54,"1.00, 1.00","0.50, 0.50",0.00,"0.00%, 3.54%",1.77%,-0.00,66,68
2,55,"1.00, 1.00","0.50, 0.50",0.00,"0.00%, 9.72%",4.86%,-0.00,68,71
2,56,"1.00, 1.00","0.50, 0.50",0.00,"0.00%, -3.74%",-1.87%,-0.00,71,70
2,57,"1.00, 1.00","0.50, 0.50",0.00,"0.00%, -1.16%",-0.58%,-0.00,70,69
2,58,"1.00, 1.00","0.50, 0.50",0.00,"0.00%, -9.02%",-4.51%,-0.00,69,66
2,59,"1.00, 1.00","0.50, 0.50",0.00,"0.00%, -9.76%",-4.88%,-0.00,66,63
2,60,"1.00, 1.00","0.50, 0.50",0.00,"0.00%, 8.13%",4.06%,-0.00,63,65
2,61,"1.00, 1.00","0.50, 0.50",0.00,"0.00%, 13.55%",6.77%,-0.00,65,70
2,62,"1.00, 1.00","0.50, 0.50",0.00,"0.00%, -0.15%",-0.07%,-0.00,70,70
2,63,"1.00, 1.00","0.50, 0.50",0.00,"0.00%, 10.00%",5.00%,-0.00,70,73
2,64,"1.00, 1.00","0.50, 0.50",0.00,"0.00%, 3.83%",1.91%,-0.00,73,75
2,65,"1.00, 1.00","0.50, 0.50",0.00,"0.00%, -5.17%",-2.58%,-0.00,75,73
2,66,"1.00, 1.00","0.50, 0.50",0.00,"0.00%, 3.82%",1.91%,-0.00,73,74
2,67,"1.00, 1.00","0.50, 0.50",0.00,"0.00%, 15.42%",7.71%,-0.00,74,80
2,68,"1.00, 1.00","0.50, 0.50",0.00,"0.00%, 0.18%",0.09%,-0.00,80,80
2,69,"1.00, 1.00","0.50, 0.50",0.00,"0.00%, 15.70%",7.85%,-0.00,80,86
2,70,"1.00, 1.00","0.50, 0.50",0.00,"0.00%, -20.61%",-10.30%,-0.00,86,77
2,71,"1.00, 1.00","0.50, 0.50",0.00,"0.00%, 8.22%",4.11%,-0.00,77,80
2,72,"1.00, 1.00","0.50, 0.50",0.00,"0.00%, 1.29%",0.65%,-0.00,80,81
2,73,"1.00, 1.00","0.50, 0.50",0.00,"0.00%, -2.17%",-1.08%,-0.00,81,80
2,74,"1.00, 1.00","0.50, 0.50",0.00,"0.00%, 1.33%",0.67%,-0.00,80,81
2,75,"1.00, 1.00","0.50, 0.50",0.00,"0.00%, -15.96%",-7.98%,-0.00,81,74
2,76,"1.00, 1.00","0.50, 0.50",0.00,"0.00%, -1.47%",-0.73%,-0.00,74,74
2,77,"1.00, 1.00","0.50, 0.50",0.00,"0.00%, 3.78%",1.89%,-0.00,74,75
2,78,"1.00, 1.00","0.50, 0.50",0.00,"0.00%, 14.80%",7.40%,-0.00,75,81
2,79,"1.00, 1.00","0.50, 0.50",0.00,"0.00%, -4.08%",-2.04%,-0.00,81,79
2,80,"1.00, 1.00","0.50, 0.50",0.00,"0.00%, -6.55%",-3.28%,-0.00,79,76
2,81,"1.00, 1.00","0.50, 0.50",0.00,"0.00%, -3.94%",-1.97%,-0.00,76,75
2,82,"1.00, 1.00","0.50, 0.50",0.00,"0.00%, 9.13%",4.57%,-0.00,75,78
2,83,"1.00, 1.00","0.50, 0.50",0.00,"0.00%, 3.52%",1.76%,-0.00,78,80
2,84,"1.00, 1.00","0.50, 0.50",0.00,"0.00%, -4.18%",-2.09%,-0.00,80,78
2,85,"1.00, 1.00","0.50, 0.50",0.00,"0.00%, 5.25%",2.63%,-0.00,78,80
2,86,"1.00, 1.00","0.50, 0.50",0.00,"0.00%, 1.38%",0.69%,-0.00,80,81
2,87,"1.00, 1.00","0.50, 0.50",0.00,"0.00%, 9.66%",4.83%,-0.00,81,84
2,88,"1.00, 1.00","0.50, 0.50",0.00,"0.00%, -5.65%",-2.83%,-0.00,84,82
2,89,"1.00, 1.00","0.50, 0.50",0.00,"0.00%, -2.42%",-1.21%,-0.00,82,81
2,90,"1.00, 1.00","0.50, 0.50",0.00,"0.00%, -2.98%",-1.49%,-0.00,81,80
2,91,"1.00, 1.00","0.50, 0.50",0.00,"0.00%, -11.90%",-5.95%,-0.00,80,75
2,92,"1.00, 1.00","0.50, 0.50",0.00,"0.00%, 3.22%",1.61%,-0.00,75,76
2,93,"1.00, 1.00","0.50, 0.50",0.00,"0.00%, 2.89%",1.45%,-0.00,76,77
2,94,"1.00, 1.00","0.50, 0.50",0.00,"0.00%, 0.55%",0.27%,-0.00,77,78
2,95,"1.00, 1.00","0.50, 0.50",0.00,"0.00%, -1.60%",-0.80%,-0.00,78,77
2,96,"1.00, 1.00","0.50, 0.50",0.00,"0.00%, -11.52%",-5.76%,-0.00,77,73
2,97,"1.00, 1.00","0.50, 0.50",0.00,"0.00%, -3.23%",-1.62%,-0.00,73,71
2,98,"1.00, 1.00","0.50, 0.50",0.00,"0.00%, -2.55%",-1.28%,-0.00,71,70
2,99,"1.00, 1.00","0.50, 0.50",0.00,"0.00%, -6.50%",-3.25%,-0.00,70,68
2,100,"1.00, 1.00","0.50, 0.50",0.00,"0.00%, -0.95%",-0.47%,-0.00,68,68
2,101,"1.00, 1.00","0.50, 0.50",0.00,"0.00%, 4.22%",2.11%,-0.00,68,69
2,102,"1.00, 1.00","0.50, 0.50",0.00,"0.00%, 19.10%",9.55%,-0.00,69,76
2,103,"1.00, 1.00","0.50, 0.50",0.00,"0.00%, 2.09%",1.05%,-0.00,76,77
2,104,"1.00, 1.00","0.50, 0.50",0.00,"0.00%, 2.86%",1.43%,-0.00,77,78
2,105,"1.00, 1.00","0.50, 0.50",0.00,"0.00%, -0.17%",-0.08%,-0.00,78,78
2,106,"1.00, 1.00","0.50, 0.50",0.00,"0.00%, -15.44%",-7.72%,-0.00,78,72
2,107,"1.00, 1.00","0.50, 0.50",0.00,"0.00%, 0.26%",0.13%,-0.00,72,72
2,108,"1.00, 1.00","0.50, 0.50",0.00,"0.00%, 1.05%",0.52%,-0.00,72,72
2,109,"1.00, 1.00","0.50, 0.50",0.00,"0.00%, 25.44%",12.72%,-0.00,72,81
2,110,"1.00, 1.00","0.50, 0.50",0.00,"0.00%, -1.22%",-0.61%,-0.00,81,81
2,111,"1.00, 1.00","0.50, 0.50",0.00,"0.00%, 3.27%",1.63%,-0.00,81,82
2,112,"1.00, 1.00","0.50, 0.50",0.00,"0.00%, 0.19%",0.09%,-0.00,82,82
2,113,"1.00, 1.00","0.50, 0.50",0.00,"0.00%, -9.53%",-4.77%,-0.00,82,78
2,114,"1.00, 1.00","0.50, 0.50",0.00,"0.00%, 11.39%",5.69%,-0.00,78,83
2,115,"1.00, 1.00","0.50, 0.50",0.00,"0.00%, 7.54%",3.77%,-0.00,83,86
2,116,"1.00, 1.00","0.50, 0.50",0.00,"0.00%, 7.92%",3.96%,-0.00,86,89
2,117,"1.00, 1.00","0.50, 0.50",0.00,"0.00%, -7.40%",-3.70%,-0.00,89,86
2,118,"1.00, 1.00","0.50, 0.50",0.00,"0.00%, 14.03%",7.01%,-0.00,86,92
2,119,"1.00, 1.00","0.50, 0.50",0.00,"0.00%, -11.41%",-5.71%,-0.00,92,87
2,120,"1.00, 1.00","0.50, 0.50",0.00,"0.00%, 5.95%",2.98%,-0.00,87,89
2,121,"1.00, 1.00","0.50, 0.50",0.00,"0.00%, 22.40%",11.20%,-0.00,89,99
2,122,"1.00, 1.00","0.50, 0.50",0.00,"0.00%, -8.07%",-4.04%,-0.00,99,95
2,123,"1.00, 1.00","0.50, 0.50",0.00,"0.00%, -4.49%",-2.25%,-0.00,95,93
2,124,"1.00, 1.00","0.50, 0.50",0.00,"0.00%, 1.41%",0.70%,-0.00,93,94
2,125,"1.00, 1.00","0.50, 0.50",0.00,"0.00%, -3.95%",-1.98%,-0.00,94,92
2,126,"1.00, 1.00","0.50, 0.50",0.00,"0.00%, -12.59%",-6.29%,-0.00,92,86
2,127,"1.00, 1.00","0.50, 0.50",0.00,"0.00%, 1.12%",0.56%,-0.00,86,87
2,128,"1.00, 1.00","0.50, 0.50",0.00,"0.00%, -8.66%",-4.33%,-0.00,87,83
2,129,"1.00, 1.00","0.50, 0.50",0.00,"0.00%, 4.88%",2.44%,-0.00,83,85
2,130,"1.00, 1.00","0.50, 0.50",0.00,"0.00%, -7.48%",-3.74%,-0.00,85,82
2,131,"1.00, 1.00","0.50, 0.50",0.00,"0.00%, 15.55%",7.77%,-0.00,82,88
2,132,"1.00, 1.00","0.50, 0.50",0.00,"0.00%, -6.34%",-3.17%,-0.00,88,85
2,133,"1.00, 1.00","0.50, 0.50",0.00,"0.00%, -2.37%",-1.19%,-0.00,85,84
2,134,"1.00, 1.00","0.50, 0.50",0.00,"0.00%, 8.14%",4.07%,-0.00,84,88
2,135,"1.00, 1.00","0.50, 0.50",0.00,"0.00%, -10.04%",-5.02%,-0.00,88,83
2,136,"1.00, 1.00","0.50, 0.50",0.00,"0.00%, 2.58%",1.29%,-0.00,83,84
2,137,"1.00, 1.00","0.50, 0.50",0.00,"0.00%, 13.05%",6.52%,-0.00,84,90
2,138,"1.00, 1.00","0.50, 0.50",0.00,"0.00%, -13.04%",-6.52%,-0.00,90,84
2,139,"1.00, 1.00","0.50, 0.50",0.00,"0.00%, 2.19%",1.09%,-0.00,84,85
2,140,"1.00, 1.00","0.50, 0.50",0.00,"0.00%, 2.88%",1.44%,-0.00,85,86
2,141,"1.00, 1.00","0.50, 0.50",0.00,"0.00%, 7.83%",3.91%,-0.00,86,90
2,142,"1.00, 1.00","0.50, 0.50",0.00,"0.00%, -10.09%",-5.04%,-0.00,90,85
2,143,"1.00, 1.00","0.50, 0.50",0.00,"0.00%, -10.76%",-5.38%,-0.00,85,81
2,144,"1.00, 1.00","0.50, 0.50",0.00,"0.00%, 5.33%",2.67%,-0.00,81,83
2,145,"1.00, 1.00","0.50, 0.50",0.00,"0.00%, 3.22%",1.61%,-0.00,83,84
2,146,"1.00, 1.00","0.50, 0.50",0.00,"0.00%, 2.79%",1.40%,-0.00,84,85
2,147,"1.00, 1.00","0.50, 0.50",0.00,"0.00%, 3.68%",1.84%,-0.00,85,87
2,148,"1.00, 1.00","0.50, 0.50",0.00,"0.00%, -5.47%",-2.73%,-0.00,87,84
2,149,"1.00, 1.00","0.50, 0.50",0.00,"0.00%, 2.62%",1.31%,-0.00,84,86
2,150,"1.00, 1.00","0.50, 0.50",0.00,"0.00%, 3.19%",1.59%,-0.00,86,87
2,151,"1.00, 1.00","0.50, 0.50",0.00,"0.00%, -5.76%",-2.88%,-0.00,87,84
2,152,"1.00, 1.00","0.50, 0.50",0.00,"0.00%, 18.88%",9.44%,-0.00,84,92
2,153,"1.00, 1.00","0.50, 0.50",0.00,"0.00%, 4.88%",2.44%,-0.00,92,95
2,154,"1.00, 1.00","0.50, 0.50",0.00,"0.00%, -9.72%",-4.86%,-0.00,95,90
2,155,"1.00, 1.00","0.50, 0.50",0.00,"0.00%, 6.62%",3.31%,-0.00,90,93
2,156,"1.00, 1.00","0.50, 0.50",0.00,"0.00%, -7.94%",-3.97%,-0.00,93,89
2,157,"1.00, 1.00","0.50, 0.50",0.00,"0.00%, 7.88%",3.94%,-0.00,89,93
2,158,"1.00, 1.00","0.50, 0.50",0.00,"0.00%, 11.55%",5.77%,-0.00,93,98
2,159,"1.00, 1.00","0.50, 0.50",0.00,"0.00%, -6.65%",-3.33%,-0.00,98,95
2,160,"1.00, 1.00","0.50, 0.50",0.00,"0.00%, 9.60%",4.80%,-0.00,95,99
2,161,"1.00, 1.00","0.50, 0.50",0.00,"0.00%, 4.31%",2.15%,-0.00,99,102
2,162,"1.00, 1.00","0.50, 0.50",0.00,"0.00%, 8.22%",4.11%,-0.00,102,106
2,163,"1.00, 1.00","0.50, 0.50",0.00,"0.00%, 19.21%",9.60%,-0.00,106,116
2,164,"1.00, 1.00","0.50, 0.50",0.00,"0.00%, -1.69%",-0.85%,-0.00,116,115
2,165,"1.00, 1.00","0.50, 0.50",0.00,"0.00%, -6.09%",-3.05%,-0.00,115,111
2,166,"1.00, 1.00","0.50, 0.50",0.00,"0.00%, -7.23%",-3.62%,-0.00,111,107
2,167,"1.00, 1.00","0.50, 0.50",0.00,"0.00%, -6.61%",-3.31%,-0.00,107,104
2,168,"1.00, 1.00","0.50, 0.50",0.00,"0.00%, -0.19%",-0.10%,-0.00,104,104
2,169,"1.00, 1.00","0.50, 0.50",0.00,"0.00%, 3.63%",1.82%,-0.00,104,106
2,170,"1.00, 1.00","0.50, 0.50",0.00,"0.00%, 3.04%",1.52%,-0.00,106,107
2,171,"1.00, 1.00","0.50, 0.50",0.00,"0.00%, 8.27%",4.13%,-0.00,107,112
2,172,"1.00, 1.00","0.50, 0.50",0.00,"0.00%, 0.62%",0.31%,-0.00,112,112
2,173,"1.00, 1.00","0.50, 0.50",0.00,"0.00%, 14.55%",7.27%,-0.00,112,120
2,174,"1.00, 1.00","0.50, 0.50",0.00,"0.00%, -1.86%",-0.93%,-0.00,120,119
2,175,"1.00, 1.00","0.50, 0.50",0.00,"0.00%, 28.38%",14.19%,-0.00,119,136
2,176,"1.00, 1.00","0.50, 0.50",0.00,"0.00%, 6.32%",3.16%,-0.00,136,140
2,177,"1.00, 1.00","0.50, 0.50",0.00,"0.00%, -6.96%",-3.48%,-0.00,140,135
2,178,"1.00, 1.00","0.50, 0.50",0.00,"0.00%, -8.73%",-4.37%,-0.00,135,129
2,179,"1.00, 1.00","0.50, 0.50",0.00,"0.00%, 4.96%",2.48%,-0.00,129,133
2,180,"1.00, 1.00","0.50, 0.50",0.00,"0.00%, -1.50%",-0.75%,-0.00,133,132
2,181,"1.00, 1.00","0.50, 0.50",0.00,"0.00%, 7.17%",3.59%,-0.00,132,136
2,182,"1.00, 1.00","0.50, 0.50",0.00,"0.00%, 4.87%",2.44%,-0.00,136,140
2,183,"1.00, 1.00","0.50, 0.50",0.00,"0.00%, -0.16%",-0.08%,-0.00,140,140
2,184,"1.00, 1.00","0.50, 0.50",0.00,"0.00%, -6.87%",-3.44%,-0.00,140,135
2,185,"1.00, 1.00","0.50, 0.50",0.00,"0.00%, -12.31%",-6.15%,-0.00,135,127
2,186,"1.00, 1.00","0.50, 0.50",0.00,"0.00%, -3.46%",-1.73%,-0.00,127,124
2,187,"1.00, 1.00","0.50, 0.50",0.00,"0.00%, 8.55%",4.28%,-0.00,124,130
2,188,"1.00, 1.00","0.50, 0.50",0.00,"0.00%, 2.46%",1.23%,-0.00,130,131
2,189,"1.00, 1.00","0.50, 0.50",0.00,"0.00%, -10.16%",-5.08%,-0.00,131,125
2,190,"1.00, 1.00","0.50, 0.50",0.00,"0.00%, 2.08%",1.04%,-0.00,125,126
2,191,"1.00, 1.00","0.50, 0.50",0.00,"0.00%, 4.05%",2.02%,-0.00,126,128
2,192,"1.00, 1.00","0.50, 0.50",0.00,"0.00%, -7.18%",-3.59%,-0.00,128,124
2,193,"1.00, 1.00","0.50, 0.50",0.00,"0.00%, 1.90%",0.95%,-0.00,124,125
2,194,"1.00, 1.00","0.50, 0.50",0.00,"0.00%, 1.03%",0.51%,-0.00,125,126
2,195,"1.00, 1.00","0.50, 0.50",0.00,"0.00%, -9.32%",-4.66%,-0.00,126,120
2,196,"1.00, 1.00","0.50, 0.50",0.00,"0.00%, 3.79%",1.90%,-0.00,120,122
2,197,"1.00, 1.00","0.50, 0.50",0.00,"0.00%, 5.70%",2.85%,-0.00,122,126
2,198,"1.00, 1.00","0.50, 0.50",0.00,"0.00%, 10.79%",5.40%,-0.00,126,132
2,199,"1.00, 1.00","0.50, 0.50",0.00,"0.00%, 10.50%",5.25%,-0.00,132,139
2,200,"1.00, 1.00","0.50, 0.50",0.00,"0.00%, -11.22%",-5.61%,-0.00,139,131
2,201,"1.00, 1.00","0.50, 0.50",0.00,"0.00%, -7.63%",-3.82%,-0.00,131,126
2,202,"1.00, 1.00","0.50, 0.50",0.00,"0.00%, 5.27%",2.63%,-0.00,126,130
2,203,"1.00, 1.00","0.50, 0.50",0.00,"0.00%, 5.26%",2.63%,-0.00,130,133
2,204,"1.00, 1.00","0.50, 0.50",0.00,"0.00%, 5.27%",2.63%,-0.00,133,137
2,205,"1.00, 1.00","0.50, 0.50",0.00,"0.00%, 42.15%",21.08%,-0.00,137,165
2,206,"1.00, 1.00","0.50, 0.50",0.00,"0.00%, 5.80%",2.90%,-0.00,165,170
2,207,"1.00, 1.00","0.50, 0.50",0.00,"0.00%, 11.32%",5.66%,-0.00,170,180
2,208,"1.00, 1.00","0.50, 0.50",0.00,"0.00%, 9.51%",4.76%,-0.00,180,188
2,209,"1.00, 1.00","0.50, 0.50",0.00,"0.00%, 6.57%",3.28%,-0.00,188,195
2,210,"1.00, 1.00","0.50, 0.50",0.00,"0.00%, -2.31%",-1.16%,-0.00,195,192
2,211,"1.00, 1.00","0.50, 0.50",0.00,"0.00%, 7.61%",3.80%,-0.00,192,200
2,212,"1.00, 1.00","0.50, 0.50",0.00,"0.00%, -6.25%",-3.13%,-0.00,200,193
2,213,"1.00, 1.00","0.50, 0.50",0.00,"0.00%, -1.62%",-0.81%,-0.00,193,192
2,214,"1.00, 1.00","0.50, 0.50",0.00,"0.00%, -3.79%",-1.90%,-0.00,192,188
2,215,"1.00, 1.00","0.50, 0.50",0.00,"0.00%, 1.24%",0.62%,-0.00,188,189
2,216,"1.00, 1.00","0.50, 0.50",0.00,"0.00%, 23.78%",11.89%,-0.00,189,212
2,217,"1.00, 1.00","0.50, 0.50",0.00,"0.00%, -15.05%",-7.52%,-0.00,212,196
2,218,"1.00, 1.00","0.50, 0.50",0.00,"0.00%, 6.90%",3.45%,-0.00,196,203
2,219,"1.00, 1.00","0.50, 0.50",0.00,"0.00%, -13.08%",-6.54%,-0.00,203,190
2,220,"1.00, 1.00","0.50, 0.50",0.00,"0.00%, -3.68%",-1.84%,-0.00,190,186
2,221,"1.00, 1.00","0.50, 0.50",0.00,"0.00%, 10.85%",5.42%,-0.00,186,196
2,222,"1.00, 1.00","0.50, 0.50",0.00,"0.00%, 1.08%",0.54%,-0.00,196,197
2,223,"1.00, 1.00","0.50, 0.50",0.00,"0.00%, -8.79%",-4.39%,-0.00,197,189
2,224,"1.00, 1.00","0.50, 0.50",0.00,"0.00%, -5.76%",-2.88%,-0.00,189,183
2,225,"1.00, 1.00","0.50, 0.50",0.00,"0.00%, 6.84%",3.42%,-0.00,183,189
2,226,"1.00, 1.00","0.50, 0.50",0.00,"0.00%, -5.89%",-2.95%,-0.00,189,184
2,227,"1.00, 1.00","0.50, 0.50",0.00,"0.00%, 2.48%",1.24%,-0.00,184,186
2,228,"1.00, 1.00","0.50, 0.50",0.00,"0.00%, 0.91%",0.46%,-0.00,186,187
2,229,"1.00, 1.00","0.50, 0.50",0.00,"0.00%, -5.22%",-2.61%,-0.00,187,182
2,230,"1.00, 1.00","0.50, 0.50",0.00,"0.00%, 21.89%",10.95%,-0.00,182,202
2,231,"1.00, 1.00","0.50, 0.50",0.00,"0.00%, 6.40%",3.20%,-0.00,202,208
2,232,"1.00, 1.00","0.50, 0.50",0.00,"0.00%, -16.24%",-8.12%,-0.00,208,191
2,233,"1.00, 1.00","0.50, 0.50",0.00,"0.00%, 2.20%",1.10%,-0.00,191,194
2,234,"1.00, 1.00","0.50, 0.50",0.00,"0.00%, -5.31%",-2.65%,-0.00,194,188
2,235,"1.00, 1.00","0.50, 0.50",0.00,"0.00%, 8.52%",4.26%,-0.00,188,196
2,236,"1.00, 1.00","0.50, 0.50",0.00,"0.00%, -6.42%",-3.21%,-0.00,196,190
2,237,"1.00, 1.00","0.50, 0.50",0.00,"0.00%, -0.53%",-0.27%,-0.00,190,190
2,238,"1.00, 1.00","0.50, 0.50",0.00,"0.00%, 5.17%",2.59%,-0.00,190,195
2,239,"1.00, 1.00","0.50, 0.50",0.00,"0.00%, 8.65%",4.32%,-0.00,195,203
2,240,"1.00, 1.00","0.50, 0.50",0.00,"0.00%, -9.79%",-4.89%,-0.00,203,193
2,241,"1.00, 1.00","0.50, 0.50",0.00,"0.00%, -2.48%",-1.24%,-0.00,193,191
2,242,"1.00, 1.00","0.50, 0.50",0.00,"0.00%, -3.70%",-1.85%,-0.00,191,187
2,243,"1.00, 1.00","0.50, 0.50",0.00,"0.00%, -5.24%",-2.62%,-0.00,187,182
2,244,"1.00, 1.00","0.50, 0.50",0.00,"0.00%, 17.81%",8.90%,-0.00,182,198
2,245,"1.00, 1.00","0.50, 0.50",0.00,"0.00%, 4.23%",2.12%,-0.00,198,203
2,246,"1.00, 1.00","0.50, 0.50",0.00,"0.00%, -10.28%",-5.14%,-0.00,203,192
2,247,"1.00, 1.00","0.50, 0.50",0.00,"0.00%, 9.16%",4.58%,-0.00,192,201
2,248,"1.00, 1.00","0.50, 0.50",0.00,"0.00%, 21.65%",10.83%,-0.00,201,223
2,249,"1.00, 1.00","0.50, 0.50",0.00,"0.00%, 10.29%",5.14%,-0.00,223,234
2,250,"1.00, 1.00","0.50, 0.50",0.00,"0.00%, -12.34%",-6.17%,-0.00,234,220
2,251,"1.00, 1.00","0.50, 0.50",0.00,"0.00%, -3.78%",-1.89%,-0.00,220,216
2,252,"1.00, 1.00","0.50, 0.50",0.00,"0.00%, 12.64%",6.32%,-0.00,216,229
2,253,"1.00, 1.00","0.50, 0.50",0.00,"0.00%, -5.70%",-2.85%,-0.00,229,223
2,254,"1.00, 1.00","0.50, 0.50",0.00,"0.00%, 4.60%",2.30%,-0.00,223,228
2,255,"1.00, 1.00","0.50, 0.50",0.00,"0.00%, 7.76%",3.88%,-0.00,228,237
2,256,"1.00, 1.00","0.50, 0.50",0.00,"0.00%, -7.54%",-3.77%,-0.00,237,228
2,257,"1.00, 1.00","0.50, 0.50",0.00,"0.00%, -0.04%",-0.02%,-0.00,228,228
2,258,"1.00, 1.00","0.50, 0.50",0.00,"0.00%, -24.93%",-12.46%,-0.00,228,199
2,259,"1.00, 1.00","0.50, 0.50",0.00,"0.00%, -8.35%",-4.18%,-0.00,199,191
2,260,"1.00, 1.00","0.50, 0.50",0.00,"0.00%, -1.76%",-0.88%,-0.00,191,189
2,261,"1.00, 1.00","0.50, 0.50",0.00,"0.00%, -10.17%",-5.09%,-0.00,189,180
2,262,"1.00, 1.00","0.50, 0.50",0.00,"0.00%, 16.41%",8.20%,-0.00,180,194
2,263,"1.00, 1.00","0.50, 0.50",0.00,"0.00%, -11.64%",-5.82%,-0.00,194,183
2,264,"1.00, 1.00","0.50, 0.50",0.00,"0.00%, -3.40%",-1.70%,-0.00,183,180
2,265,"1.00, 1.00","0.50, 0.50",0.00,"0.00%, 1.69%",0.85%,-0.00,180,182
2,266,"1.00, 1.00","0.50, 0.50",0.00,"0.00%, 14.42%",7.21%,-0.00,182,195
2,267,"1.00, 1.00","0.50, 0.50",0.00,"0.00%, -11.68%",-5.84%,-0.00,195,183
2,268,"1.00, 1.00","0.50, 0.50",0.00,"0.00%, 11.59%",5.80%,-0.00,183,194
2,269,"1.00, 1.00","0.50, 0.50",0.00,"0.00%, 0.59%",0.30%,-0.00,194,194
2,270,"1.00, 1.00","0.50, 0.50",0.00,"0.00%, -8.00%",-4.00%,-0.00,194,187
2,271,"1.00, 1.00","0.50, 0.50",0.00,"0.00%, 4.77%",2.38%,-0.00,187,191
2,272,"1.00, 1.00","0.50, 0.50",0.00,"0.00%, 2.32%",1.16%,-0.00,191,193
2,273,"1.00, 1.00","0.50, 0.50",0.00,"0.00%, -4.78%",-2.39%,-0.00,193,189
2,274,"1.00, 1.00","0.50, 0.50",0.00,"0.00%, 1.13%",0.57%,-0.00,189,190
2,275,"1.00, 1.00","0.50, 0.50",0.00,"0.00%, -2.92%",-1.46%,-0.00,190,187
2,276,"1.00, 1.00","0.50, 0.50",0.00,"0.00%, 1.53%",0.77%,-0.00,187,188
2,277,"1.00, 1.00","0.50, 0.50",0.00,"0.00%, 6.67%",3.34%,-0.00,188,195
2,278,"1.00, 1.00","0.50, 0.50",0.00,"0.00%, 15.92%",7.96%,-0.00,195,210
2,279,"1.00, 1.00","0.50, 0.50",0.00,"0.00%, -10.09%",-5.05%,-0.00,210,200
2,280,"1.00, 1.00","0.50, 0.50",0.00,"0.00%, 21.77%",10.89%,-0.00,200,221
2,281,"1.00, 1.00","0.50, 0.50",0.00,"0.00%, -15.69%",-7.85%,-0.00,221,204
2,282,"1.00, 1.00","0.50, 0.50",0.00,"0.00%, -0.86%",-0.43%,-0.00,204,203
2,283,"1.00, 1.00","0.50, 0.50",0.00,"0.00%, 5.97%",2.98%,-0.00,203,209
2,284,"1.00, 1.00","0.50, 0.50",0.00,"0.00%, 3.08%",1.54%,-0.00,209,212
2,285,"1.00, 1.00","0.50, 0.50",0.00,"0.00%, -4.98%",-2.49%,-0.00,212,207
2,286,"1.00, 1.00","0.50, 0.50",0.00,"0.00%, -1.36%",-0.68%,-0.00,207,206
2,287,"1.00, 1.00","0.50, 0.50",0.00,"0.00%, -3.86%",-1.93%,-0.00,206,202
2,288,"1.00, 1.00","0.50, 0.50",0.00,"0.00%, -4.69%",-2.35%,-0.00,202,197
2,289,"1.00, 1.00","0.50, 0.50",0.00,"0.00%, 8.49%",4.24%,-0.00,197,205
2,290,"1.00, 1.00","0.50, 0.50",0.00,"0.00%, 3.78%",1.89%,-0.00,205,209
2,291,"1.00, 1.00","0.50, 0.50",0.00,"0.00%, -5.57%",-2.79%,-0.00,209,203
2,292,"1.00, 1.00","0.50, 0.50",0.00,"0.00%, 8.98%",4.49%,-0.00,203,213
2,293,"1.00, 1.00","0.50, 0.50",0.00,"0.00%, 3.32%",1.66%,-0.00,213,216
2,294,"1.00, 1.00","0.50, 0.50",0.00,"0.00%, 8.13%",4.06%,-0.00,216,225
2,295,"1.00, 1.00","0.50, 0.50",0.00,"0.00%, 6.36%",3.18%,-0.00,225,232
2,296,"1.00, 1.00","0.50, 0.50",0.00,"0.00%, -6.72%",-3.36%,-0.00,232,224
2,297,"1.00, 1.00","0.50, 0.50",0.00,"0.00%, -4.44%",-2.22%,-0.00,224,219
2,298,"1.00, 1.00","0.50, 0.50",0.00,"0.00%, 7.49%",3.75%,-0.00,219,227
2,299,"1.00, 1.00","0.50, 0.50",0.00,"0.00%, 6.18%",3.09%,-0.00,227,234
2,300,"1.00, 1.00","0.50, 0.50",0.00,"0.00%, 0.31%",0.16%,-0.00,234,235
2,301,"1.00, 1.00","0.50, 0.50",0.00,"0.00%, 1.57%",0.78%,-0.00,235,237
2,302,"1.00, 1.00","0.50, 0.50",0.00,"0.00%, 12.75%",6.37%,-0.00,237,252
2,303,"1.00, 1.00","0.50, 0.50",0.00,"0.00%, -4.71%",-2.35%,-0.00,252,246
2,304,"1.00, 1.00","0.50, 0.50",0.00,"0.00%, 5.57%",2.79%,-0.00,246,253
2,305,"1.00, 1.00","0.50, 0.50",0.00,"0.00%, -1.31%",-0.66%,-0.00,253,251
2,306,"1.00, 1.00","0.50, 0.50",0.00,"0.00%, -1.45%",-0.72%,-0.00,251,249
2,307,"1.00, 1.00","0.50, 0.50",0.00,"0.00%, 10.95%",5.47%,-0.00,249,263
2,308,"1.00, 1.00","0.50, 0.50",0.00,"0.00%, 8.25%",4.13%,-0.00,263,274
2,309,"1.00, 1.00","0.50, 0.50",0.00,"0.00%, 8.14%",4.07%,-0.00,274,285
2,310,"1.00, 1.00","0.50, 0.50",0.00,"0.00%, 13.03%",6.52%,-0.00,285,303
2,311,"1.00, 1.00","0.50, 0.50",0.00,"0.00%, 0.69%",0.35%,-0.00,303,304
2,312,"1.00, 1.00","0.50, 0.50",0.00,"0.00%, 6.86%",3.43%,-0.00,304,315
2,313,"1.00, 1.00","0.50, 0.50",0.00,"0.00%, -2.27%",-1.13%,-0.00,315,311
2,314,"1.00, 1.00","0.50, 0.50",0.00,"0.00%, 3.48%",1.74%,-0.00,311,317
2,315,"1.00, 1.00","0.50, 0.50",0.00,"0.00%, -0.67%",-0.33%,-0.00,317,316
2,316,"1.00, 1.00","0.50, 0.50",0.00,"0.00%, 1.38%",0.69%,-0.00,316,318
2,317,"1.00, 1.00","0.50, 0.50",0.00,"0.00%, 6.03%",3.02%,-0.00,318,327
2,318,"1.00, 1.00","0.50, 0.50",0.00,"0.00%, -6.63%",-3.32%,-0.00,327,317
2,319,"1.00, 1.00","0.50, 0.50",0.00,"0.00%, 21.33%",10.66%,-0.00,317,350
2,320,"1.00, 1.00","0.50, 0.50",0.00,"0.00%, -8.20%",-4.10%,-0.00,350,336
2,321,"1.00, 1.00","0.50, 0.50",0.00,"0.00%, -9.90%",-4.95%,-0.00,336,319
2,322,"1.00, 1.00","0.50, 0.50",0.00,"0.00%, 11.54%",5.77%,-0.00,319,338
2,323,"1.00, 1.00","0.50, 0.50",0.00,"0.00%, 7.92%",3.96%,-0.00,338,351
2,324,"1.00, 1.00","0.50, 0.50",0.00,"0.00%, 6.31%",3.15%,-0.00,351,362
2,325,"1.00, 1.00","0.50, 0.50",0.00,"0.00%, 6.35%",3.17%,-0.00,362,374
2,326,"1.00, 1.00","0.50, 0.50",0.00,"0.00%, 0.39%",0.20%,-0.00,374,374
2,327,"1.00, 1.00","0.50, 0.50",0.00,"0.00%, -7.30%",-3.65%,-0.00,374,361
2,328,"1.00, 1.00","0.50, 0.50",0.00,"0.00%, 1.19%",0.59%,-0.00,361,363
2,329,"1.00, 1.00","0.50, 0.50",0.00,"0.00%, -5.44%",-2.72%,-0.00,363,353
2,330,"1.00, 1.00","0.50, 0.50",0.00,"0.00%, 9.72%",4.86%,-0.00,353,370
2,331,"1.00, 1.00","0.50, 0.50",0.00,"0.00%, -0.82%",-0.41%,-0.00,370,369
2,332,"1.00, 1.00","0.50, 0.50",0.00,"0.00%, -6.69%",-3.35%,-0.00,369,356
2,333,"1.00, 1.00","0.50, 0.50",0.00,"0.00%, -2.36%",-1.18%,-0.00,356,352
2,334,"1.00, 1.00","0.50, 0.50",0.00,"0.00%, 4.31%",2.15%,-0.00,352,360
2,335,"1.00, 1.00","0.50, 0.50",0.00,"0.00%, -4.47%",-2.24%,-0.00,360,352
2,336,"1.00, 1.00","0.50, 0.50",0.00,"0.00%, -6.67%",-3.33%,-0.00,352,340
2,337,"1.00, 1.00","0.50, 0.50",0.00,"0.00%, 2.73%",1.36%,-0.00,340,345
2,338,"1.00, 1.00","0.50, 0.50",0.00,"0.00%, 2.74%",1.37%,-0.00,345,349
2,339,"1.00, 1.00","0.50, 0.50",0.00,"0.00%, -3.98%",-1.99%,-0.00,349,342
2,340,"1.00, 1.00","0.50, 0.50",0.00,"0.00%, -3.67%",-1.84%,-0.00,342,336
2,341,"1.00, 1.00","0.50, 0.50",0.00,"0.00%, 2.62%",1.31%,-0.00,336,340
2,342,"1.00, 1.00","0.50, 0.50",0.00,"0.00%, -11.78%",-5.89%,-0.00,340,320
2,343,"1.00, 1.00","0.50, 0.50",0.00,"0.00%, -11.46%",-5.73%,-0.00,320,302
2,344,"1.00, 1.00","0.50, 0.50",0.00,"0.00%, -5.79%",-2.90%,-0.00,302,293
2,345,"1.00, 1.00","0.50, 0.50",0.00,"0.00%, -1.41%",-0.71%,-0.00,293,291
2,346,"1.00, 1.00","0.50, 0.50",0.00,"0.00%, 3.35%",1.68%,-0.00,291,296
2,347,"1.00, 1.00","0.50, 0.50",0.00,"0.00%, 14.77%",7.39%,-0.00,296,318
2,348,"1.00, 1.00","0.50, 0.50",0.00,"0.00%, 8.57%",4.28%,-0.00,318,332
2,349,"1.00, 1.00","0.50, 0.50",0.00,"0.00%, -0.94%",-0.47%,-0.00,332,330
2,350,"1.00, 1.00","0.50, 0.50",0.00,"0.00%, 0.33%",0.16%,-0.00,330,331
2,351,"1.00, 1.00","0.50, 0.50",0.00,"0.00%, -8.17%",-4.08%,-0.00,331,317
2,352,"1.00, 1.00","0.50, 0.50",0.00,"0.00%, 0.33%",0.17%,-0.00,317,318
2,353,"1.00, 1.00","0.50, 0.50",0.00,"0.00%, -2.08%",-1.04%,-0.00,318,314
2,354,"1.00, 1.00","0.50, 0.50",0.00,"0.00%, 3.46%",1.73%,-0.00,314,320
2,355,"1.00, 1.00","0.50, 0.50",0.00,"0.00%, -6.71%",-3.35%,-0.00,320,309
2,356,"1.00, 1.00","0.50, 0.50",0.00,"0.00%, 5.31%",2.66%,-0.00,309,317
2,357,"1.00, 1.00","0.50, 0.50",0.00,"0.00%, 15.37%",7.68%,-0.00,317,342
2,358,"1.00, 1.00","0.50, 0.50",0.00,"0.00%, -0.48%",-0.24%,-0.00,342,341
2,359,"1.00, 1.00","0.50, 0.50",0.00,"0.00%, 4.20%",2.10%,-0.00,341,348
2,360,"1.00, 1.00","0.50, 0.50",0.00,"0.00%, 6.94%",3.47%,-0.00,348,360
2,361,"1.00, 1.00","0.50, 0.50",0.00,"0.00%, -3.06%",-1.53%,-0.00,360,355
2,362,"1.00, 1.00","0.50, 0.50",0.00,"0.00%, 2.55%",1.27%,-0.00,355,359
2,363,"1.00, 1.00","0.50, 0.50",0.00,"0.00%, 0.62%",0.31%,-0.00,359,360
2,364,"1.00, 1.00","0.50, 0.50",0.00,"0.00%, 1.39%",0.69%,-0.00,360,363
2,365,"1.00, 1.00","0.50, 0.50",0.00,"0.00%, -6.25%",-3.13%,-0.00,363,351
2,366,"1.00, 1.00","0.50, 0.50",0.00,"0.00%, 0.72%",0.36%,-0.00,351,353
2,367,"1.00, 1.00","0.50, 0.50",0.00,"0.00%, 5.11%",2.55%,-0.00,353,362
2,368,"1.00, 1.00","0.50, 0.50",0.00,"0.00%, 14.52%",7.26%,-0.00,362,388
2,369,"1.00, 1.00","0.50, 0.50",0.00,"0.00%, 9.56%",4.78%,-0.00,388,406
2,370,"1.00, 1.00","0.50, 0.50",0.00,"0.00%, 21.99%",11.00%,-0.00,406,451
2,371,"1.00, 1.00","0.50, 0.50",0.00,"0.00%, -6.21%",-3.10%,-0.00,451,437
2,372,"1.00, 1.00","0.50, 0.50",0.00,"0.00%, 8.71%",4.35%,-0.00,437,456
2,373,"1.00, 1.00","0.50, 0.50",0.00,"0.00%, 2.17%",1.09%,-0.00,456,461
2,374,"1.00, 1.00","0.50, 0.50",0.00,"0.00%, 22.39%",11.20%,-0.00,461,513
2,375,"1.00, 1.00","0.50, 0.50",0.00,"0.00%, -6.55%",-3.28%,-0.00,513,496
2,376,"1.00, 1.00","0.50, 0.50",0.00,"0.00%, -6.81%",-3.41%,-0.00,496,479
2,377,"1.00, 1.00","0.50, 0.50",0.00,"0.00%, -4.78%",-2.39%,-0.00,479,468
2,378,"1.00, 1.00","0.50, 0.50",0.00,"0.00%, -16.99%",-8.49%,-0.00,468,428
2,379,"1.00, 1.00","0.50, 0.50",0.00,"0.00%, -4.14%",-2.07%,-0.00,428,419
2,380,"1.00, 1.00","0.50, 0.50",0.00,"0.00%, -6.14%",-3.07%,-0.00,419,406
2,381,"1.00, 1.00","0.50, 0.50",0.00,"0.00%, 1.87%",0.94%,-0.00,406,410
2,382,"1.00, 1.00","0.50, 0.50",0.00,"0.00%, 3.64%",1.82%,-0.00,410,417
2,383,"1.00, 1.00","0.50, 0.50",0.00,"0.00%, 18.99%",9.49%,-0.00,417,457
2,384,"1.00, 1.00","0.50, 0.50",0.00,"0.00%, 9.48%",4.74%,-0.00,457,479
2,385,"1.00, 1.00","0.50, 0.50",0.00,"0.00%, -4.58%",-2.29%,-0.00,479,468
2,386,"1.00, 1.00","0.50, 0.50",0.00,"0.00%, -7.31%",-3.65%,-0.00,468,451
2,387,"1.00, 1.00","0.50, 0.50",0.00,"0.00%, 5.05%",2.53%,-0.00,451,462
2,388,"1.00, 1.00","0.50, 0.50",0.00,"0.00%, -10.76%",-5.38%,-0.00,462,437
2,389,"1.00, 1.00","0.50, 0.50",0.00,"0.00%, 18.51%",9.26%,-0.00,437,478
2,390,"1.00, 1.00","0.50, 0.50",0.00,"0.00%, 11.76%",5.88%,-0.00,478,506
2,391,"1.00, 1.00","0.50, 0.50",0.00,"0.00%, -3.65%",-1.83%,-0.00,506,497
2,392,"1.00, 1.00","0.50, 0.50",0.00,"0.00%, -13.86%",-6.93%,-0.00,497,462
2,393,"1.00, 1.00","0.50, 0.50",0.00,"0.00%, 13.52%",6.76%,-0.00,462,493
2,394,"1.00, 1.00","0.50, 0.50",0.00,"0.00%, -0.53%",-0.26%,-0.00,493,492
2,395,"1.00, 1.00","0.50, 0.50",0.00,"0.00%, 12.34%",6.17%,-0.00,492,522
2,396,"1.00, 1.00","0.50, 0.50",0.00,"0.00%, -12.93%",-6.47%,-0.00,522,489
2,397,"1.00, 1.00","0.50, 0.50",0.00,"0.00%, -4.78%",-2.39%,-0.00,489,477
2,398,"1.00, 1.00","0.50, 0.50",0.00,"0.00%, 0.55%",0.27%,-0.00,477,478
2,399,"1.00, 1.00","0.50, 0.50",0.00,"0.00%, 0.93%",0.46%,-0.00,478,481
2,400,"1.00, 1.00","0.50, 0.50",0.00,"0.00%, -3.49%",-1.74%,-0.00,481,472
2,401,"1.00, 1.00","0.50, 0.50",0.00,"0.00%, 6.30%",3.15%,-0.00,472,487
2,402,"1.00, 1.00","0.50, 0.50",0.00,"0.00%, -8.71%",-4.35%,-0.00,487,466
2,403,"1.00, 1.00","0.50, 0.50",0.00,"0.00%, -0.78%",-0.39%,-0.00,466,464
2,404,"1.00, 1.00","0.50, 0.50",0.00,"0.00%, 1.60%",0.80%,-0.00,464,468
2,405,"1.00, 1.00","0.50, 0.50",0.00,"0.00%, 5.26%",2.63%,-0.00,468,480
2,406,"1.00, 1.00","0.50, 0.50",0.00,"0.00%, 7.15%",3.57%,-0.00,480,497
2,407,"1.00, 1.00","0.50, 0.50",0.00,"0.00%, -9.17%",-4.59%,-0.00,497,474
2,408,"1.00, 1.00","0.50, 0.50",0.00,"0.00%, -12.46%",-6.23%,-0.00,474,445
2,409,"1.00, 1.00","0.50, 0.50",0.00,"0.00%, 12.75%",6.37%,-0.00,445,473
2,410,"1.00, 1.00","0.50, 0.50",0.00,"0.00%, 3.55%",1.78%,-0.00,473,482
2,411,"1.00, 1.00","0.50, 0.50",0.00,"0.00%, -6.05%",-3.02%,-0.00,482,467
2,412,"1.00, 1.00","0.50, 0.50",0.00,"0.00%, 15.56%",7.78%,-0.00,467,503
2,413,"1.00, 1.00","0.50, 0.50",0.00,"0.00%, 1.55%",0.78%,-0.00,503,507
2,414,"1.00, 1.00","0.50, 0.50",0.00,"0.00%, 11.75%",5.88%,-0.00,507,537
2,415,"1.00, 1.00","0.50, 0.50",0.00,"0.00%, 1.11%",0.56%,-0.00,537,540
2,416,"1.00, 1.00","0.50, 0.50",0.00,"0.00%, 20.98%",10.49%,-0.00,540,597
2,417,"1.00, 1.00","0.50, 0.50",0.00,"0.00%, 17.70%",8.85%,-0.00,597,649
2,418,"1.00, 1.00","0.50, 0.50",0.00,"0.00%, -1.73%",-0.86%,-0.00,649,644
2,419,"1.00, 1.00","0.50, 0.50",0.00,"0.00%, 9.68%",4.84%,-0.00,644,675
2,420,"1.00, 1.00","0.50, 0.50",0.00,"0.00%, 6.51%",3.26%,-0.00,675,697
2,421,"1.00, 1.00","0.50, 0.50",0.00,"0.00%, 13.68%",6.84%,-0.00,697,745
2,422,"1.00, 1.00","0.50, 0.50",0.00,"0.00%, -7.86%",-3.93%,-0.00,745,715
2,423,"1.00, 1.00","0.50, 0.50",0.00,"0.00%, 6.90%",3.45%,-0.00,715,740
2,424,"1.00, 1.00","0.50, 0.50",0.00,"0.00%, 10.55%",5.27%,-0.00,740,779
2,425,"1.00, 1.00","0.50, 0.50",0.00,"0.00%, -14.21%",-7.11%,-0.00,779,724
2,426,"1.00, 1.00","0.50, 0.50",0.00,"0.00%, -9.65%",-4.83%,-0.00,724,689
2,427,"1.00, 1.00","0.50, 0.50",0.00,"0.00%, -16.35%",-8.18%,-0.00,689,633
2,428,"1.00, 1.00","0.50, 0.50",0.00,"0.00%, -1.91%",-0.95%,-0.00,633,627
2,429,"1.00, 1.00","0.50, 0.50",0.00,"0.00%, 7.21%",3.60%,-0.00,627,649
2,430,"1.00, 1.00","0.50, 0.50",0.00,"0.00%, 15.05%",7.53%,-0.00,649,698
2,431,"1.00, 1.00","0.50, 0.50",0.00,"0.00%, 1.17%",0.59%,-0.00,698,702
2,432,"1.00, 1.00","0.50, 0.50",0.00,"0.00%, 16.37%",8.18%,-0.00,702,759
2,433,"1.00, 1.00","0.50, 0.50",0.00,"0.00%, -11.24%",-5.62%,-0.00,759,717
2,434,"1.00, 1.00","0.50, 0.50",0.00,"0.00%, -13.78%",-6.89%,-0.00,717,667
2,435,"1.00, 1.00","0.50, 0.50",0.00,"0.00%, 0.00%",0.00%,-0.00,667,667
2,436,"1.00, 1.00","0.50, 0.50",0.00,"0.00%, 4.04%",2.02%,-0.00,667,681
2,437,"1.00, 1.00","0.50, 0.50",0.00,"0.00%, 0.21%",0.10%,-0.00,681,682
2,438,"1.00, 1.00","0.50, 0.50",0.00,"0.00%, -16.56%",-8.28%,-0.00,682,625
2,439,"1.00, 1.00","0.50, 0.50",0.00,"0.00%, -0.30%",-0.15%,-0.00,625,624
2,440,"1.00, 1.00","0.50, 0.50",0.00,"0.00%, -10.63%",-5.32%,-0.00,624,591
2,441,"1.00, 1.00","0.50, 0.50",0.00,"0.00%, 6.74%",3.37%,-0.00,591,611
2,442,"1.00, 1.00","0.50, 0.50",0.00,"0.00%, 3.87%",1.94%,-0.00,611,623
2,443,"1.00, 1.00","0.50, 0.50",0.00,"0.00%, -7.65%",-3.83%,-0.00,623,599
2,444,"1.00, 1.00","0.50, 0.50",0.00,"0.00%, -4.04%",-2.02%,-0.00,599,587
2,445,"1.00, 1.00","0.50, 0.50",0.00,"0.00%, -8.64%",-4.32%,-0.00,587,562
2,446,"1.00, 1.00","0.50, 0.50",0.00,"0.00%, -0.06%",-0.03%,-0.00,562,561
2,447,"1.00, 1.00","0.50, 0.50",0.00,"0.00%, 9.52%",4.76%,-0.00,561,588
2,448,"1.00, 1.00","0.50, 0.50",0.00,"0.00%, -8.03%",-4.02%,-0.00,588,564
2,449,"1.00, 1.00","0.50, 0.50",0.00,"0.00%, 5.17%",2.58%,-0.00,564,579
2,450,"1.00, 1.00","0.50, 0.50",0.00,"0.00%, -4.18%",-2.09%,-0.00,579,567
2,451,"1.00, 1.00","0.50, 0.50",0.00,"0.00%, -6.42%",-3.21%,-0.00,567,549
2,452,"1.00, 1.00","0.50, 0.50",0.00,"0.00%, -0.46%",-0.23%,-0.00,549,547
2,453,"1.00, 1.00","0.50, 0.50",0.00,"0.00%, -8.44%",-4.22%,-0.00,547,524
2,454,"1.00, 1.00","0.50, 0.50",0.00,"0.00%, -4.38%",-2.19%,-0.00,524,513
2,455,"1.00, 1.00","0.50, 0.50",0.00,"0.00%, -9.77%",-4.89%,-0.00,513,488
2,456,"1.00, 1.00","0.50, 0.50",0.00,"0.00%, 19.94%",9.97%,-0.00,488,536
2,457,"1.00, 1.00","0.50, 0.50",0.00,"0.00%, 0.82%",0.41%,-0.00,536,539
2,458,"1.00, 1.00","0.50, 0.50",0.00,"0.00%, -5.63%",-2.82%,-0.00,539,523
2,459,"1.00, 1.00","0.50, 0.50",0.00,"0.00%, 2.46%",1.23%,-0.00,523,530
2,460,"1.00, 1.00","0.50, 0.50",0.00,"0.00%, -0.51%",-0.25%,-0.00,530,529
2,461,"1.00, 1.00","0.50, 0.50",0.00,"0.00%, -1.48%",-0.74%,-0.00,529,525
2,462,"1.00, 1.00","0.50, 0.50",0.00,"0.00%, 6.21%",3.11%,-0.00,525,541
2,463,"1.00, 1.00","0.50, 0.50",0.00,"0.00%, 7.59%",3.80%,-0.00,541,561
2,464,"1.00, 1.00","0.50, 0.50",0.00,"0.00%, -4.18%",-2.09%,-0.00,561,550
2,465,"1.00, 1.00","0.50, 0.50",0.00,"0.00%, -4.57%",-2.29%,-0.00,550,537
2,466,"1.00, 1.00","0.50, 0.50",0.00,"0.00%, -1.96%",-0.98%,-0.00,537,532
2,467,"1.00, 1.00","0.50, 0.50",0.00,"0.00%, -18.30%",-9.15%,-0.00,532,483
2,468,"1.00, 1.00","0.50, 0.50",0.00,"0.00%, -12.31%",-6.16%,-0.00,483,453
2,469,"1.00, 1.00","0.50, 0.50",0.00,"0.00%, 13.66%",6.83%,-0.00,453,484
2,470,"1.00, 1.00","0.50, 0.50",0.00,"0.00%, 16.54%",8.27%,-0.00,484,525
2,471,"1.00, 1.00","0.50, 0.50",0.00,"0.00%, -1.73%",-0.86%,-0.00,525,520
2,472,"1.00, 1.00","0.50, 0.50",0.00,"0.00%, 5.85%",2.93%,-0.00,520,535
2,473,"1.00, 1.00","0.50, 0.50",0.00,"0.00%, 3.36%",1.68%,-0.00,535,544
2,474,"1.00, 1.00","0.50, 0.50",0.00,"0.00%, 32.59%",16.30%,-0.00,544,633
2,475,"1.00, 1.00","0.50, 0.50",0.00,"0.00%, 11.16%",5.58%,-0.00,633,668
2,476,"1.00, 1.00","0.50, 0.50",0.00,"0.00%, -0.65%",-0.32%,-0.00,668,666
2,477,"1.00, 1.00","0.50, 0.50",0.00,"0.00%, -7.78%",-3.89%,-0.00,666,640
2,478,"1.00, 1.00","0.50, 0.50",0.00,"0.00%, -13.03%",-6.51%,-0.00,640,598
2,479,"1.00, 1.00","0.50, 0.50",0.00,"0.00%, 2.36%",1.18%,-0.00,598,605
2,480,"1.00, 1.00","0.50, 0.50",0.00,"0.00%, -6.11%",-3.06%,-0.00,605,587
2,481,"1.00, 1.00","0.50, 0.50",0.00,"0.00%, -11.57%",-5.79%,-0.00,587,553
2,482,"1.00, 1.00","0.50, 0.50",0.00,"0.00%, -5.18%",-2.59%,-0.00,553,539
2,483,"1.00, 1.00","0.50, 0.50",0.00,"0.00%, -8.82%",-4.41%,-0.00,539,515
2,484,"1.00, 1.00","0.50, 0.50",0.00,"0.00%, 16.98%",8.49%,-0.00,515,559
2,485,"1.00, 1.00","0.50, 0.50",0.00,"0.00%, 8.80%",4.40%,-0.00,559,583
2,486,"1.00, 1.00","0.50, 0.50",0.00,"0.00%, 0.43%",0.21%,-0.00,583,584
2,487,"1.00, 1.00","0.50, 0.50",0.00,"0.00%, 14.82%",7.41%,-0.00,584,628
2,488,"1.00, 1.00","0.50, 0.50",0.00,"0.00%, 1.20%",0.60%,-0.00,628,632
2,489,"1.00, 1.00","0.50, 0.50",0.00,"0.00%, -6.99%",-3.50%,-0.00,632,609
2,490,"1.00, 1.00","0.50, 0.50",0.00,"0.00%, 15.27%",7.63%,-0.00,609,656
2,491,"1.00, 1.00","0.50, 0.50",0.00,"0.00%, 5.50%",2.75%,-0.00,656,674
2,492,"1.00, 1.00","0.50, 0.50",0.00,"0.00%, -8.46%",-4.23%,-0.00,674,645
2,493,"1.00, 1.00","0.50, 0.50",0.00,"0.00%, -1.21%",-0.60%,-0.00,645,642
2,494,"1.00, 1.00","0.50, 0.50",0.00,"0.00%, -7.11%",-3.56%,-0.00,642,619
2,495,"1.00, 1.00","0.50, 0.50",0.00,"0.00%, -11.26%",-5.63%,-0.00,619,584
2,496,"1.00, 1.00","0.50, 0.50",0.00,"0.00%, 9.24%",4.62%,-0.00,584,611
2,497,"1.00, 1.00","0.50, 0.50",0.00,"0.00%, 19.34%",9.67%,-0.00,611,670
2,498,"1.00, 1.00","0.50, 0.50",0.00,"0.00%, -11.39%",-5.69%,-0.00,670,632
2,499,"1.00, 1.00","0.50, 0.50",0.00,"0.00%, 5.72%",2.86%,549.94,632,650
3,0,"0.50, 0.50","0.50, 0.50",0.00,"0.00%, -1.59%",-0.80%,-0.00,100,99
3,1,"1.00, 1.00","0.50, 0.50",0.00,"0.00%, -1.59%",-0.80%,-0.00,99,98
3,2,"1.00, 1.00","0.50, 0.50",0.00,"0.00%, 15.85%",7.93%,-0.00,98,106
3,3,"1.00, 1.00","0.50, 0.50",0.00,"0.00%, 7.69%",3.84%,-0.00,106,110
3,4,"1.00, 1.00","0.50, 0.50",0.00,"0.00%, -3.66%",-1.83%,-0.00,110,108
3,5,"1.00, 1.00","0.50, 0.50",0.00,"0.00%, 5.53%",2.77%,-0.00,108,111
3,6,"1.00, 1.00","0.50, 0.50",0.00,"0.00%, -3.60%",-1.80%,-0.00,111,109
3,7,"1.00, 1.00","0.50, 0.50",0.00,"0.00%, -3.62%",-1.81%,-0.00,109,107
3,8,"1.00, 1.00","0.50, 0.50",0.00,"0.00%, 2.71%",1.36%,-0.00,107,109
3,9,"1.00, 1.00","0.50, 0.50",0.00,"0.00%, -15.40%",-7.70%,-0.00,109,100
3,10,"1.00, 1.00","0.50, 0.50",0.00,"0.00%, -13.95%",-6.98%,-0.00,100,93
3,11,"1.00, 1.00","0.50, 0.50",0.00,"0.00%, -4.46%",-2.23%,-0.00,93,91
3,12,"1.00, 1.00","0.50, 0.50",0.00,"0.00%, -8.25%",-4.13%,-0.00,91,88
3,13,"1.00, 1.00","0.50, 0.50",0.00,"0.00%, 3.38%",1.69%,-0.00,88,89
3,14,"1.00, 1.00","0.50, 0.50",0.00,"0.00%, -7.39%",-3.69%,-0.00,89,86
3,15,"1.00, 1.00","0.50, 0.50",0.00,"0.00%, -11.49%",-5.75%,-0.00,86,81
3,16,"1.00, 1.00","0.50, 0.50",0.00,"0.00%, 14.67%",7.34%,-0.00,81,87
3,17,"1.00, 1.00","0.50, 0.50",0.00,"0.00%, -1.52%",-0.76%,-0.00,87,86
3,18,"1.00, 1.00","0.50, 0.50",0.00,"0.00%, 1.11%",0.56%,-0.00,86,87
3,19,"1.00, 1.00","0.50, 0.50",0.00,"0.00%, -11.59%",-5.80%,-0.00,87,82
3,20,"1.00, 1.00","0.50, 0.50",0.00,"0.00%, -4.30%",-2.15%,-0.00,82,80
3,21,"1.00, 1.00","0.50, 0.50",0.00,"0.00%, 1.51%",0.75%,-0.00,80,80
3,22,"1.00, 1.00","0.50, 0.50",0.00,"0.00%, -9.39%",-4.69%,-0.00,80,77
3,23,"1.00, 1.00","0.50, 0.50",0.00,"0.00%, 3.96%",1.98%,-0.00,77,78
3,24,"1.00, 1.00","0.50, 0.50",0.00,"0.00%, -4.79%",-2.39%,-0.00,78,76
3,25,"1.00, 1.00","0.50, 0.50",0.00,"0.00%, -2.10%",-1.05%,-0.00,76,75
3,26,"1.00, 1.00","0.50, 0.50",0.00,"0.00%, -4.80%",-2.40%,-0.00,75,74
3,27,"1.00, 1.00","0.50, 0.50",0.00,"0.00%, 18.73%",9.37%,-0.00,74,81
3,28,"1.00, 1.00","0.50, 0.50",0.00,"0.00%, 0.38%",0.19%,-0.00,81,81
3,29,"1.00, 1.00","0.50, 0.50",0.00,"0.00%, -8.62%",-4.31%,-0.00,81,77
3,30,"1.00, 1.00","0.50, 0.50",0.00,"0.00%, 8.22%",4.11%,-0.00,77,80
3,31,"1.00, 1.00","0.50, 0.50",0.00,"0.00%, -9.96%",-4.98%,-0.00,80,76
3,32,"1.00, 1.00","0.50, 0.50",0.00,"0.00%, 2.41%",1.20%,-0.00,76,77
3,33,"1.00, 1.00","0.50, 0.50",0.00,"0.00%, -15.75%",-7.87%,-0.00,77,71
3,34,"1.00, 1.00","0.50, 0.50",0.00,"0.00%, -10.82%",-5.41%,-0.00,71,67
3,35,"1.00, 1.00","0.50, 0.50",0.00,"0.00%, 2.30%",1.15%,-0.00,67,68
3,36,"1.00, 1.00","0.50, 0.50",0.00,"0.00%, 7.41%",3.70%,-0.00,68,71
3,37,"1.00, 1.00","0.50, 0.50",0.00,"0.00%, 2.06%",1.03%,-0.00,71,71
3,38,"1.00, 1.00","0.50, 0.50",0.00,"0.00%, -0.54%",-0.27%,-0.00,71,71
3,39,"1.00, 1.00","0.50, 0.50",0.00,"0.00%, -2.19%",-1.09%,-0.00,71,70
3,40,"1.00, 1.00","0.50, 0.50",0.00,"0.00%, -12.02%",-6.01%,-0.00,70,66
3,41,"1.00, 1.00","0.50, 0.50",0.00,"0.00%, -5.80%",-2.90%,-0.00,66,64
3,42,"1.00, 1.00","0.50, 0.50",0.00,"0.00%, -3.58%",-1.79%,-0.00,64,63
3,43,"1.00, 1.00","0.50, 0.50",0.00,"0.00%, 10.53%",5.27%,-0.00,63,66
3,44,"1.00, 1.00","0.50, 0.50",0.00,"0.00%, 3.66%",1.83%,-0.00,66,68
3,45,"1.00, 1.00","0.50, 0.50",0.00,"0.00%, -14.24%",-7.12%,-0.00,68,63
3,46,"1.00, 1.00","0.50, 0.50",0.00,"0.00%, 3.48%",1.74%,-0.00,63,64
3,47,"1.00, 1.00","0.50, 0.50",0.00,"0.00%, -2.92%",-1.46%,-0.00,64,63
3,48,"1.00, 1.00","0.50, 0.50",0.00,"0.00%, -5.44%",-2.72%,-0.00,63,61
3,49,"1.00, 1.00","0.50, 0.50",0.00,"0.00%, 6.19%",3.09%,-0.00,61,63
3,50,"1.00, 1.00","0.50, 0.50",0.00,"0.00%, 10.27%",5.14%,-0.00,63,66
3,51,"1.00, 1.00","0.50, 0.50",0.00,"0.00%, 9.29%",4.64%,-0.00,66,69
3,52,"1.00, 1.00","0.50, 0.50",0.00,"0.00%, -6.81%",-3.40%,-0.00,69,67
3,53,"1.00, 1.00","0.50, 0.50",0.00,"0.00%, -2.26%",-1.13%,-0.00,67,66
3,54,"1.00, 1.00","0.50, 0.50",0.00,"0.00%, 3.54%",1.77%,-0.00,66,68
3,55,"1.00, 1.00","0.50, 0.50",0.00,"0.00%, 9.72%",4.86%,-0.00,68,71
3,56,"1.00, 1.00","0.50, 0.50",0.00,"0.00%, -3.74%",-1.87%,-0.00,71,70
3,57,"1.00, 1.00","0.50, 0.50",0.00,"0.00%, -1.16%",-0.58%,-0.00,70,69
3,58,"1.00, 1.00","0.50, 0.50",0.00,"0.00%, -9.02%",-4.51%,-0.00,69,66
3,59,"1.00, 1.00","0.50, 0.50",0.00,"0.00%, -9.76%",-4.88%,-0.00,66,63
3,60,"1.00, 1.00","0.50, 0.50",0.00,"0.00%, 8.13%",4.06%,-0.00,63,65
3,61,"1.00, 1.00","0.50, 0.50",0.00,"0.00%, 13.55%",6.77%,-0.00,65,70
3,62,"1.00, 1.00","0.50, 0.50",0.00,"0.00%, -0.15%",-0.07%,-0.00,70,70
3,63,"1.00, 1.00","0.50, 0.50",0.00,"0.00%, 10.00%",5.00%,-0.00,70,73
3,64,"1.00, 1.00","0.50, 0.50",0.00,"0.00%, 3.83%",1.91%,-0.00,73,75
3,65,"1.00, 1.00","0.50, 0.50",0.00,"0.00%, -5.17%",-2.58%,-0.00,75,73
3,66,"1.00, 1.00","0.50, 0.50",0.00,"0.00%, 3.82%",1.91%,-0.00,73,74
3,67,"1.00, 1.00","0.50, 0.50",0.00,"0.00%, 15.42%",7.71%,-0.00,74,80
3,68,"1.00, 1.00","0.50, 0.50",0.00,"0.00%, 0.18%",0.09%,-0.00,80,80
3,69,"1.00, 1.00","0.50, 0.50",0.00,"0.00%, 15.70%",7.85%,-0.00,80,86
3,70,"1.00, 1.00","0.50, 0.50",0.00,"0.00%, -20.61%",-10.30%,-0.00,86,77
3,71,"1.00, 1.00","0.50, 0.50",0.00,"0.00%, 8.22%",4.11%,-0.00,77,80
3,72,"1.00, 1.00","0.50, 0.50",0.00,"0.00%, 1.29%",0.65%,-0.00,80,81
3,73,"1.00, 1.00","0.50, 0.50",0.00,"0.00%, -2.17%",-1.08%,-0.00,81,80
3,74,"1.00, 1.00","0.50, 0.50",0.00,"0.00%, 1.33%",0.67%,-0.00,80,81
3,75,"1.00, 1.00","0.50, 0.50",0.00,"0.00%, -15.96%",-7.98%,-0.00,81,74
3,76,"1.00, 1.00","0.50, 0.50",0.00,"0.00%, -1.47%",-0.73%,-0.00,74,74
3,77,"1.00, 1.00","0.50, 0.50",0.00,"0.00%, 3.78%",1.89%,-0.00,74,75
3,78,"1.00, 1.00","0.50, 0.50",0.00,"0.00%, 14.80%",7.40%,-0.00,75,81
3,79,"1.00, 1.00","0.50, 0.50",0.00,"0.00%, -4.08%",-2.04%,-0.00,81,79
3,80,"1.00, 1.00","0.50, 0.50",0.00,"0.00%, -6.55%",-3.28%,-0.00,79,76
3,81,"1.00, 1.00","0.50, 0.50",0.00,"0.00%, -3.94%",-1.97%,-0.00,76,75
3,82,"1.00, 1.00","0.50, 0.50",0.00,"0.00%, 9.13%",4.57%,-0.00,75,78
3,83,"1.00, 1.00","0.50, 0.50",0.00,"0.00%, 3.52%",1.76%,-0.00,78,80
3,84,"1.00, 1.00","0.50, 0.50",0.00,"0.00%, -4.18%",-2.09%,-0.00,80,78
3,85,"1.00, 1.00","0.50, 0.50",0.00,"0.00%, 5.25%",2.63%,-0.00,78,80
3,86,"1.00, 1.00","0.50, 0.50",0.00,"0.00%, 1.38%",0.69%,-0.00,80,81
3,87,"1.00, 1.00","0.50, 0.50",0.00,"0.00%, 9.66%",4.83%,-0.00,81,84
3,88,"1.00, 1.00","0.50, 0.50",0.00,"0.00%, -5.65%",-2.83%,-0.00,84,82
3,89,"1.00, 1.00","0.50, 0.50",0.00,"0.00%, -2.42%",-1.21%,-0.00,82,81
3,90,"1.00, 1.00","0.50, 0.50",0.00,"0.00%, -2.98%",-1.49%,-0.00,81,80
3,91,"1.00, 1.00","0.50, 0.50",0.00,"0.00%, -11.90%",-5.95%,-0.00,80,75
3,92,"1.00, 1.00","0.50, 0.50",0.00,"0.00%, 3.22%",1.61%,-0.00,75,76
3,93,"1.00, 1.00","0.50, 0.50",0.00,"0.00%, 2.89%",1.45%,-0.00,76,77
3,94,"1.00, 1.00","0.50, 0.50",0.00,"0.00%, 0.55%",0.27%,-0.00,77,78
3,95,"1.00, 1.00","0.50, 0.50",0.00,"0.00%, -1.60%",-0.80%,-0.00,78,77
3,96,"1.00, 1.00","0.50, 0.50",0.00,"0.00%, -11.52%",-5.76%,-0.00,77,73
3,97,"1.00, 1.00","0.50, 0.50",0.00,"0.00%, -3.23%",-1.62%,-0.00,73,71
3,98,"1.00, 1.00","0.50, 0.50",0.00,"0.00%, -2.55%",-1.28%,-0.00,71,70
3,99,"1.00, 1.00","0.50, 0.50",0.00,"0.00%, -6.50%",-3.25%,-0.00,70,68
3,100,"1.00, 1.00","0.50, 0.50",0.00,"0.00%, -0.95%",-0.47%,-0.00,68,68
3,101,"1.00, 1.00","0.50, 0.50",0.00,"0.00%, 4.22%",2.11%,-0.00,68,69
3,102,"1.00, 1.00","0.50, 0.50",0.00,"0.00%, 19.10%",9.55%,-0.00,69,76
3,103,"1.00, 1.00","0.50, 0.50",0.00,"0.00%, 2.09%",1.05%,-0.00,76,77
3,104,"1.00, 1.00","0.50, 0.50",0.00,"0.00%, 2.86%",1.43%,-0.00,77,78
3,105,"1.00, 1.00","0.50, 0.50",0.00,"0.00%, -0.17%",-0.08%,-0.00,78,78
3,106,"1.00, 1.00","0.50, 0.50",0.00,"0.00%, -15.44%",-7.72%,-0.00,78,72
3,107,"1.00, 1.00","0.50, 0.50",0.00,"0.00%, 0.26%",0.13%,-0.00,72,72
3,108,"1.00, 1.00","0.50, 0.50",0.00,"0.00%, 1.05%",0.52%,-0.00,72,72
3,109,"1.00, 1.00","0.50, 0.50",0.00,"0.00%, 25.44%",12.72%,-0.00,72,81
3,110,"1.00, 1.00","0.50, 0.50",0.00,"0.00%, -1.22%",-0.61%,-0.00,81,81
3,111,"1.00, 1.00","0.50, 0.50",0.00,"0.00%, 3.27%",1.63%,-0.00,81,82
3,112,"1.00, 1.00","0.50, 0.50",0.00,"0.00%, 0.19%",0.09%,-0.00,82,82
3,113,"1.00, 1.00","0.50, 0.50",0.00,"0.00%, -9.53%",-4.77%,-0.00,82,78
3,114,"1.00, 1.00","0.50, 0.50",0.00,"0.00%, 11.39%",5.69%,-0.00,78,83
3,115,"1.00, 1.00","0.50, 0.50",0.00,"0.00%, 7.54%",3.77%,-0.00,83,86
3,116,"1.00, 1.00","0.50, 0.50",0.00,"0.00%, 7.92%",3.96%,-0.00,86,89
3,117,"1.00, 1.00","0.50, 0.50",0.00,"0.00%, -7.40%",-3.70%,-0.00,89,86
3,118,"1.00, 1.00","0.50, 0.50",0.00,"0.00%, 14.03%",7.01%,-0.00,86,92
3,119,"1.00, 1.00","0.50, 0.50",0.00,"0.00%, -11.41%",-5.71%,-0.00,92,87
3,120,"1.00, 1.00","0.50, 0.50",0.00,"0.00%, 5.95%",2.98%,-0.00,87,89
3,121,"1.00, 1.00","0.50, 0.50",0.00,"0.00%, 22.40%",11.20%,-0.00,89,99
3,122,"1.00, 1.00","0.50, 0.50",0.00,"0.00%, -8.07%",-4.04%,-0.00,99,95
3,123,"1.00, 1.00","0.50, 0.50",0.00,"0.00%, -4.49%",-2.25%,-0.00,95,93
3,124,"1.00, 1.00","0.50, 0.50",0.00,"0.00%, 1.41%",0.70%,-0.00,93,94
3,125,"1.00, 1.00","0.50, 0.50",0.00,"0.00%, -3.95%",-1.98%,-0.00,94,92
3,126,"1.00, 1.00","0.50, 0.50",0.00,"0.00%, -12.59%",-6.29%,-0.00,92,86
3,127,"1.00, 1.00","0.50, 0.50",0.00,"0.00%, 1.12%",0.56%,-0.00,86,87
3,128,"1.00, 1.00","0.50, 0.50",0.00,"0.00%, -8.66%",-4.33%,-0.00,87,83
3,129,"1.00, 1.00","0.50, 0.50",0.00,"0.00%, 4.88%",2.44%,-0.00,83,85
3,130,"1.00, 1.00","0.50, 0.50",0.00,"0.00%, -7.48%",-3.74%,-0.00,85,82
3,131,"1.00, 1.00","0.50, 0.50",0.00,"0.00%, 15.55%",7.77%,-0.00,82,88
3,132,"1.00, 1.00","0.50, 0.50",0.00,"0.00%, -6.34%",-3.17%,-0.00,88,85
3,133,"1.00, 1.00","0.50, 0.50",0.00,"0.00%, -2.37%",-1.19%,-0.00,85,84
3,134,"1.00, 1.00","0.50, 0.50",0.00,"0.00%, 8.14%",4.07%,-0.00,84,88
3,135,"1.00, 1.00","0.50, 0.50",0.00,"0.00%, -10.04%",-5.02%,-0.00,88,83
3,136,"1.00, 1.00","0.50, 0.50",0.00,"0.00%, 2.58%",1.29%,-0.00,83,84
3,137,"1.00, 1.00","0.50, 0.50",0.00,"0.00%, 13.05%",6.52%,-0.00,84,90
3,138,"1.00, 1.00","0.50, 0.50",0.00,"0.00%, -13.04%",-6.52%,-0.00,90,84
3,139,"1.00, 1.00","0.50, 0.50",0.00,"0.00%, 2.19%",1.09%,-0.00,84,85
3,140,"1.00, 1.00","0.50, 0.50",0.00,"0.00%, 2.88%",1.44%,-0.00,85,86
3,141,"1.00, 1.00","0.50, 0.50",0.00,"0.00%, 7.83%",3.91%,-0.00,86,90
3,142,"1.00, 1.00","0.50, 0.50",0.00,"0.00%, -10.09%",-5.04%,-0.00,90,85
3,143,"1.00, 1.00","0.50, 0.50",0.00,"0.00%, -10.76%",-5.38%,-0.00,85,81
3,144,"1.00, 1.00","0.50, 0.50",0.00,"0.00%, 5.33%",2.67%,-0.00,81,83
3,145,"1.00, 1.00","0.50, 0.50",0.00,"0.00%, 3.22%",1.61%,-0.00,83,84
3,146,"1.00, 1.00","0.50, 0.50",0.00,"0.00%, 2.79%",1.40%,-0.00,84,85
3,147,"1.00, 1.00","0.50, 0.50",0.00,"0.00%, 3.68%",1.84%,-0.00,85,87
3,148,"1.00, 1.00","0.50, 0.50",0.00,"0.00%, -5.47%",-2.73%,-0.00,87,84
3,149,"1.00, 1.00","0.50, 0.50",0.00,"0.00%, 2.62%",1.31%,-0.00,84,86
3,150,"1.00, 1.00","0.50, 0.50",0.00,"0.00%, 3.19%",1.59%,-0.00,86,87
3,151,"1.00, 1.00","0.50, 0.50",0.00,"0.00%, -5.76%",-2.88%,-0.00,87,84
3,152,"1.00, 1.00","0.50, 0.50",0.00,"0.00%, 18.88%",9.44%,-0.00,84,92
3,153,"1.00, 1.00","0.50, 0.50",0.00,"0.00%, 4.88%",2.44%,-0.00,92,95
3,154,"1.00, 1.00","0.50, 0.50",0.00,"0.00%, -9.72%",-4.86%,-0.00,95,90
3,155,"1.00, 1.00","0.50, 0.50",0.00,"0.00%, 6.62%",3.31%,-0.00,90,93
3,156,"1.00, 1.00","0.50, 0.50",0.00,"0.00%, -7.94%",-3.97%,-0.00,93,89
3,157,"1.00, 1.00","0.50, 0.50",0.00,"0.00%, 7.88%",3.94%,-0.00,89,93
3,158,"1.00, 1.00","0.50, 0.50",0.00,"0.00%, 11.55%",5.77%,-0.00,93,98
3,159,"1.00, 1.00","0.50, 0.50",0.00,"0.00%, -6.65%",-3.33%,-0.00,98,95
3,160,"1.00, 1.00","0.50, 0.50",0.00,"0.00%, 9.60%",4.80%,-0.00,95,99
3,161,"1.00, 1.00","0.50, 0.50",0.00,"0.00%, 4.31%",2.15%,-0.00,99,102
3,162,"1.00, 1.00","0.50, 0.50",0.00,"0.00%, 8.22%",4.11%,-0.00,102,106
3,163,"1.00, 1.00","0.50, 0.50",0.00,"0.00%, 19.21%",9.60%,-0.00,106,116
3,164,"1.00, 1.00","0.50, 0.50",0.00,"0.00%, -1.69%",-0.85%,-0.00,116,115
3,165,"1.00, 1.00","0.50, 0.50",0.00,"0.00%, -6.09%",-3.05%,-0.00,115,111
3,166,"1.00, 1.00","0.50, 0.50",0.00,"0.00%, -7.23%",-3.62%,-0.00,111,107
3,167,"1.00, 1.00","0.50, 0.50",0.00,"0.00%, -6.61%",-3.31%,-0.00,107,104
3,168,"1.00, 1.00","0.50, 0.50",0.00,"0.00%, -0.19%",-0.10%,-0.00,104,104
3,169,"1.00, 1.00","0.50, 0.50",0.00,"0.00%, 3.63%",1.82%,-0.00,104,106
3,170,"1.00, 1.00","0.50, 0.50",0.00,"0.00%, 3.04%",1.52%,-0.00,106,107
3,171,"1.00, 1.00","0.50, 0.50",0.00,"0.00%, 8.27%",4.13%,-0.00,107,112
3,172,"1.00, 1.00","0.50, 0.50",0.00,"0.00%, 0.62%",0.31%,-0.00,112,112
3,173,"1.00, 1.00","0.50, 0.50",0.00,"0.00%, 14.55%",7.27%,-0.00,112,120
3,174,"1.00, 1.00","0.50, 0.50",0.00,"0.00%, -1.86%",-0.93%,-0.00,120,119
3,175,"1.00, 1.00","0.50, 0.50",0.00,"0.00%, 28.38%",14.19%,-0.00,119,136
3,176,"1.00, 1.00","0.50, 0.50",0.00,"0.00%, 6.32%",3.16%,-0.00,136,140
3,177,"1.00, 1.00","0.50, 0.50",0.00,"0.00%, -6.96%",-3.48%,-0.00,140,135
3,178,"1.00, 1.00","0.50, 0.50",0.00,"0.00%, -8.73%",-4.37%,-0.00,135,129
3,179,"1.00, 1.00","0.50, 0.50",0.00,"0.00%, 4.96%",2.48%,-0.00,129,133
3,180,"1.00, 1.00","0.50, 0.50",0.00,"0.00%, -1.50%",-0.75%,-0.00,133,132
3,181,"1.00, 1.00","0.50, 0.50",0.00,"0.00%, 7.17%",3.59%,-0.00,132,136
3,182,"1.00, 1.00","0.50, 0.50",0.00,"0.00%, 4.87%",2.44%,-0.00,136,140
3,183,"1.00, 1.00","0.50, 0.50",0.00,"0.00%, -0.16%",-0.08%,-0.00,140,140
3,184,"1.00, 1.00","0.50, 0.50",0.00,"0.00%, -6.87%",-3.44%,-0.00,140,135
3,185,"1.00, 1.00","0.50, 0.50",0.00,"0.00%, -12.31%",-6.15%,-0.00,135,127
3,186,"1.00, 1.00","0.50, 0.50",0.00,"0.00%, -3.46%",-1.73%,-0.00,127,124
3,187,"1.00, 1.00","0.50, 0.50",0.00,"0.00%, 8.55%",4.28%,-0.00,124,130
3,188,"1.00, 1.00","0.50, 0.50",0.00,"0.00%, 2.46%",1.23%,-0.00,130,131
3,189,"1.00, 1.00","0.50, 0.50",0.00,"0.00%, -10.16%",-5.08%,-0.00,131,125
3,190,"1.00, 1.00","0.50, 0.50",0.00,"0.00%, 2.08%",1.04%,-0.00,125,126
3,191,"1.00, 1.00","0.50, 0.50",0.00,"0.00%, 4.05%",2.02%,-0.00,126,128
3,192,"1.00, 1.00","0.50, 0.50",0.00,"0.00%, -7.18%",-3.59%,-0.00,128,124
3,193,"1.00, 1.00","0.50, 0.50",0.00,"0.00%, 1.90%",0.95%,-0.00,124,125
3,194,"1.00, 1.00","0.50, 0.50",0.00,"0.00%, 1.03%",0.51%,-0.00,125,126
3,195,"1.00, 1.00","0.50, 0.50",0.00,"0.00%, -9.32%",-4.66%,-0.00,126,120
3,196,"1.00, 1.00","0.50, 0.50",0.00,"0.00%, 3.79%",1.90%,-0.00,120,122
3,197,"1.00, 1.00","0.50, 0.50",0.00,"0.00%, 5.70%",2.85%,-0.00,122,126
3,198,"1.00, 1.00","0.50, 0.50",0.00,"0.00%, 10.79%",5.40%,-0.00,126,132
3,199,"1.00, 1.00","0.50, 0.50",0.00,"0.00%, 10.50%",5.25%,-0.00,132,139
3,200,"1.00, 1.00","0.50, 0.50",0.00,"0.00%, -11.22%",-5.61%,-0.00,139,131
3,201,"1.00, 1.00","0.50, 0.50",0.00,"0.00%, -7.63%",-3.82%,-0.00,131,126
3,202,"1.00, 1.00","0.50, 0.50",0.00,"0.00%, 5.27%",2.63%,-0.00,126,130
3,203,"1.00, 1.00","0.50, 0.50",0.00,"0.00%, 5.26%",2.63%,-0.00,130,133
3,204,"1.00, 1.00","0.50, 0.50",0.00,"0.00%, 5.27%",2.63%,-0.00,133,137
3,205,"1.00, 1.00","0.50, 0.50",0.00,"0.00%, 42.15%",21.08%,-0.00,137,165
3,206,"1.00, 1.00","0.50, 0.50",0.00,"0.00%, 5.80%",2.90%,-0.00,165,170
3,207,"1.00, 1.00","0.50, 0.50",0.00,"0.00%, 11.32%",5.66%,-0.00,170,180
3,208,"1.00, 1.00","0.50, 0.50",0.00,"0.00%, 9.51%",4.76%,-0.00,180,188
3,209,"1.00, 1.00","0.50, 0.50",0.00,"0.00%, 6.57%",3.28%,-0.00,188,195
3,210,"1.00, 1.00","0.50, 0.50",0.00,"0.00%, -2.31%",-1.16%,-0.00,195,192
3,211,"1.00, 1.00","0.50, 0.50",0.00,"0.00%, 7.61%",3.80%,-0.00,192,200
3,212,"1.00, 1.00","0.50, 0.50",0.00,"0.00%, -6.25%",-3.13%,-0.00,200,193
3,213,"1.00, 1.00","0.50, 0.50",0.00,"0.00%, -1.62%",-0.81%,-0.00,193,192
3,214,"1.00, 1.00","0.50, 0.50",0.00,"0.00%, -3.79%",-1.90%,-0.00,192,188
3,215,"1.00, 1.00","0.50, 0.50",0.00,"0.00%, 1.24%",0.62%,-0.00,188,189
3,216,"1.00, 1.00","0.50, 0.50",0.00,"0.00%, 23.78%",11.89%,-0.00,189,212
3,217,"1.00, 1.00","0.50, 0.50",0.00,"0.00%, -15.05%",-7.52%,-0.00,212,196
3,218,"1.00, 1.00","0.50, 0.50",0.00,"0.00%, 6.90%",3.45%,-0.00,196,203
3,219,"1.00, 1.00","0.50, 0.50",0.00,"0.00%, -13.08%",-6.54%,-0.00,203,190
3,220,"1.00, 1.00","0.50, 0.50",0.00,"0.00%, -3.68%",-1.84%,-0.00,190,186
3,221,"1.00, 1.00","0.50, 0.50",0.00,"0.00%, 10.85%",5.42%,-0.00,186,196
3,222,"1.00, 1.00","0.50, 0.50",0.00,"0.00%, 1.08%",0.54%,-0.00,196,197
3,223,"1.00, 1.00","0.50, 0.50",0.00,"0.00%, -8.79%",-4.39%,-0.00,197,189
3,224,"1.00, 1.00","0.50, 0.50",0.00,"0.00%, -5.76%",-2.88%,-0.00,189,183
3,225,"1.00, 1.00","0.50, 0.50",0.00,"0.00%, 6.84%",3.42%,-0.00,183,189
3,226,"1.00, 1.00","0.50, 0.50",0.00,"0.00%, -5.89%",-2.95%,-0.00,189,184
3,227,"1.00, 1.00","0.50, 0.50",0.00,"0.00%, 2.48%",1.24%,-0.00,184,186
3,228,"1.00, 1.00","0.50, 0.50",0.00,"0.00%, 0.91%",0.46%,-0.00,186,187
3,229,"1.00, 1.00","0.50, 0.50",0.00,"0.00%, -5.22%",-2.61%,-0.00,187,182
3,230,"1.00, 1.00","0.50, 0.50",0.00,"0.00%, 21.89%",10.95%,-0.00,182,202
3,231,"1.00, 1.00","0.50, 0.50",0.00,"0.00%, 6.40%",3.20%,-0.00,202,208
3,232,"1.00, 1.00","0.50, 0.50",0.00,"0.00%, -16.24%",-8.12%,-0.00,208,191
3,233,"1.00, 1.00","0.50, 0.50",0.00,"0.00%, 2.20%",1.10%,-0.00,191,194
3,234,"1.00, 1.00","0.50, 0.50",0.00,"0.00%, -5.31%",-2.65%,-0.00,194,188
3,235,"1.00, 1.00","0.50, 0.50",0.00,"0.00%, 8.52%",4.26%,-0.00,188,196
3,236,"1.00, 1.00","0.50, 0.50",0.00,"0.00%, -6.42%",-3.21%,-0.00,196,190
3,237,"1.00, 1.00","0.50, 0.50",0.00,"0.00%, -0.53%",-0.27%,-0.00,190,190
3,238,"1.00, 1.00","0.50, 0.50",0.00,"0.00%, 5.17%",2.59%,-0.00,190,195
3,239,"1.00, 1.00","0.50, 0.50",0.00,"0.00%, 8.65%",4.32%,-0.00,195,203
3,240,"1.00, 1.00","0.50, 0.50",0.00,"0.00%, -9.79%",-4.89%,-0.00,203,193
3,241,"1.00, 1.00","0.50, 0.50",0.00,"0.00%, -2.48%",-1.24%,-0.00,193,191
3,242,"1.00, 1.00","0.50, 0.50",0.00,"0.00%, -3.70%",-1.85%,-0.00,191,187
3,243,"1.00, 1.00","0.50, 0.50",0.00,"0.00%, -5.24%",-2.62%,-0.00,187,182
3,244,"1.00, 1.00","0.50, 0.50",0.00,"0.00%, 17.81%",8.90%,-0.00,182,198
3,245,"1.00, 1.00","0.50, 0.50",0.00,"0.00%, 4.23%",2.12%,-0.00,198,203
3,246,"1.00, 1.00","0.50, 0.50",0.00,"0.00%, -10.28%",-5.14%,-0.00,203,192
3,247,"1.00, 1.00","0.50, 0.50",0.00,"0.00%, 9.16%",4.58%,-0.00,192,201
3,248,"1.00, 1.00","0.50, 0.50",0.00,"0.00%, 21.65%",10.83%,-0.00,201,223
3,249,"1.00, 1.00","0.50, 0.50",0.00,"0.00%, 10.29%",5.14%,-0.00,223,234
3,250,"1.00, 1.00","0.50, 0.50",0.00,"0.00%, -12.34%",-6.17%,-0.00,234,220
3,251,"1.00, 1.00","0.50, 0.50",0.00,"0.00%, -3.78%",-1.89%,-0.00,220,216
3,252,"1.00, 1.00","0.50, 0.50",0.00,"0.00%, 12.64%",6.32%,-0.00,216,229
3,253,"1.00, 1.00","0.50, 0.50",0.00,"0.00%, -5.70%",-2.85%,-0.00,229,223
3,254,"1.00, 1.00","0.50, 0.50",0.00,"0.00%, 4.60%",2.30%,-0.00,223,228
3,255,"1.00, 1.00","0.50, 0.50",0.00,"0.00%, 7.76%",3.88%,-0.00,228,237
3,256,"1.00, 1.00","0.50, 0.50",0.00,"0.00%, -7.54%",-3.77%,-0.00,237,228
3,257,"1.00, 1.00","0.50, 0.50",0.00,"0.00%, -0.04%",-0.02%,-0.00,228,228
3,258,"1.00, 1.00","0.50, 0.50",0.00,"0.00%, -24.93%",-12.46%,-0.00,228,199
3,259,"1.00, 1.00","0.50, 0.50",0.00,"0.00%, -8.35%",-4.18%,-0.00,199,191
3,260,"1.00, 1.00","0.50, 0.50",0.00,"0.00%, -1.76%",-0.88%,-0.00,191,189
3,261,"1.00, 1.00","0.50, 0.50",0.00,"0.00%, -10.17%",-5.09%,-0.00,189,180
3,262,"1.00, 1.00","0.50, 0.50",0.00,"0.00%, 16.41%",8.20%,-0.00,180,194
3,263,"1.00, 1.00","0.50, 0.50",0.00,"0.00%, -11.64%",-5.82%,-0.00,194,183
3,264,"1.00, 1.00","0.50, 0.50",0.00,"0.00%, -3.40%",-1.70%,-0.00,183,180
3,265,"1.00, 1.00","0.50, 0.50",0.00,"0.00%, 1.69%",0.85%,-0.00,180,182
3,266,"1.00, 1.00","0.50, 0.50",0.00,"0.00%, 14.42%",7.21%,-0.00,182,195
3,267,"1.00, 1.00","0.50, 0.50",0.00,"0.00%, -11.68%",-5.84%,-0.00,195,183
3,268,"1.00, 1.00","0.50, 0.50",0.00,"0.00%, 11.59%",5.80%,-0.00,183,194
3,269,"1.00, 1.00","0.50, 0.50",0.00,"0.00%, 0.59%",0.30%,-0.00,194,194
3,270,"1.00, 1.00","0.50, 0.50",0.00,"0.00%, -8.00%",-4.00%,-0.00,194,187
3,271,"1.00, 1.00","0.50, 0.50",0.00,"0.00%, 4.77%",2.38%,-0.00,187,191
3,272,"1.00, 1.00","0.50, 0.50",0.00,"0.00%, 2.32%",1.16%,-0.00,191,193
3,273,"1.00, 1.00","0.50, 0.50",0.00,"0.00%, -4.78%",-2.39%,-0.00,193,189
3,274,"1.00, 1.00","0.50, 0.50",0.00,"0.00%, 1.13%",0.57%,-0.00,189,190
3,275,"1.00, 1.00","0.50, 0.50",0.00,"0.00%, -2.92%",-1.46%,-0.00,190,187
3,276,"1.00, 1.00","0.50, 0.50",0.00,"0.00%, 1.53%",0.77%,-0.00,187,188
3,277,"1.00, 1.00","0.50, 0.50",0.00,"0.00%, 6.67%",3.34%,-0.00,188,195
3,278,"1.00, 1.00","0.50, 0.50",0.00,"0.00%, 15.92%",7.96%,-0.00,195,210
3,279,"1.00, 1.00","0.50, 0.50",0.00,"0.00%, -10.09%",-5.05%,-0.00,210,200
3,280,"1.00, 1.00","0.50, 0.50",0.00,"0.00%, 21.77%",10.89%,-0.00,200,221
3,281,"1.00, 1.00","0.50, 0.50",0.00,"0.00%, -15.69%",-7.85%,-0.00,221,204
3,282,"1.00, 1.00","0.50, 0.50",0.00,"0.00%, -0.86%",-0.43%,-0.00,204,203
3,283,"1.00, 1.00","0.50, 0.50",0.00,"0.00%, 5.97%",2.98%,-0.00,203,209
3,284,"1.00, 1.00","0.50, 0.50",0.00,"0.00%, 3.08%",1.54%,-0.00,209,212
3,285,"1.00, 1.00","0.50, 0.50",0.00,"0.00%, -4.98%",-2.49%,-0.00,212,207
3,286,"1.00, 1.00","0.50, 0.50",0.00,"0.00%, -1.36%",-0.68%,-0.00,207,206
3,287,"1.00, 1.00","0.50, 0.50",0.00,"0.00%, -3.86%",-1.93%,-0.00,206,202
3,288,"1.00, 1.00","0.50, 0.50",0.00,"0.00%, -4.69%",-2.35%,-0.00,202,197
3,289,"1.00, 1.00","0.50, 0.50",0.00,"0.00%, 8.49%",4.24%,-0.00,197,205
3,290,"1.00, 1.00","0.50, 0.50",0.00,"0.00%, 3.78%",1.89%,-0.00,205,209
3,291,"1.00, 1.00","0.50, 0.50",0.00,"0.00%, -5.57%",-2.79%,-0.00,209,203
3,292,"1.00, 1.00","0.50, 0.50",0.00,"0.00%, 8.98%",4.49%,-0.00,203,213
3,293,"1.00, 1.00","0.50, 0.50",0.00,"0.00%, 3.32%",1.66%,-0.00,213,216
3,294,"1.00, 1.00","0.50, 0.50",0.00,"0.00%, 8.13%",4.06%,-0.00,216,225
3,295,"1.00, 1.00","0.50, 0.50",0.00,"0.00%, 6.36%",3.18%,-0.00,225,232
3,296,"1.00, 1.00","0.50, 0.50",0.00,"0.00%, -6.72%",-3.36%,-0.00,232,224
3,297,"1.00, 1.00","0.50, 0.50",0.00,"0.00%, -4.44%",-2.22%,-0.00,224,219
3,298,"1.00, 1.00","0.50, 0.50",0.00,"0.00%, 7.49%",3.75%,-0.00,219,227
3,299,"1.00, 1.00","0.50, 0.50",0.00,"0.00%, 6.18%",3.09%,-0.00,227,234
3,300,"1.00, 1.00","0.50, 0.50",0.00,"0.00%, 0.31%",0.16%,-0.00,234,235
3,301,"1.00, 1.00","0.50, 0.50",0.00,"0.00%, 1.57%",0.78%,-0.00,235,237
3,302,"1.00, 1.00","0.50, 0.50",0.00,"0.00%, 12.75%",6.37%,-0.00,237,252
3,303,"1.00, 1.00","0.50, 0.50",0.00,"0.00%, -4.71%",-2.35%,-0.00,252,246
3,304,"1.00, 1.00","0.50, 0.50",0.00,"0.00%, 5.57%",2.79%,-0.00,246,253
3,305,"1.00, 1.00","0.50, 0.50",0.00,"0.00%, -1.31%",-0.66%,-0.00,253,251
3,306,"1.00, 1.00","0.50, 0.50",0.00,"0.00%, -1.45%",-0.72%,-0.00,251,249
3,307,"1.00, 1.00","0.50, 0.50",0.00,"0.00%, 10.95%",5.47%,-0.00,249,263
3,308,"1.00, 1.00","0.50, 0.50",0.00,"0.00%, 8.25%",4.13%,-0.00,263,274
3,309,"1.00, 1.00","0.50, 0.50",0.00,"0.00%, 8.14%",4.07%,-0.00,274,285
3,310,"1.00, 1.00","0.50, 0.50",0.00,"0.00%, 13.03%",6.52%,-0.00,285,303
3,311,"1.00, 1.00","0.50, 0.50",0.00,"0.00%, 0.69%",0.35%,-0.00,303,304
3,312,"1.00, 1.00","0.50, 0.50",0.00,"0.00%, 6.86%",3.43%,-0.00,304,315
3,313,"1.00, 1.00","0.50, 0.50",0.00,"0.00%, -2.27%",-1.13%,-0.00,315,311
3,314,"1.00, 1.00","0.50, 0.50",0.00,"0.00%, 3.48%",1.74%,-0.00,311,317
3,315,"1.00, 1.00","0.50, 0.50",0.00,"0.00%, -0.67%",-0.33%,-0.00,317,316
3,316,"1.00, 1.00","0.50, 0.50",0.00,"0.00%, 1.38%",0.69%,-0.00,316,318
3,317,"1.00, 1.00","0.50, 0.50",0.00,"0.00%, 6.03%",3.02%,-0.00,318,327
3,318,"1.00, 1.00","0.50, 0.50",0.00,"0.00%, -6.63%",-3.32%,-0.00,327,317
3,319,"1.00, 1.00","0.50, 0.50",0.00,"0.00%, 21.33%",10.66%,-0.00,317,350
3,320,"1.00, 1.00","0.50, 0.50",0.00,"0.00%, -8.20%",-4.10%,-0.00,350,336
3,321,"1.00, 1.00","0.50, 0.50",0.00,"0.00%, -9.90%",-4.95%,-0.00,336,319
3,322,"1.00, 1.00","0.50, 0.50",0.00,"0.00%, 11.54%",5.77%,-0.00,319,338
3,323,"1.00, 1.00","0.50, 0.50",0.00,"0.00%, 7.92%",3.96%,-0.00,338,351
3,324,"1.00, 1.00","0.50, 0.50",0.00,"0.00%, 6.31%",3.15%,-0.00,351,362
3,325,"1.00, 1.00","0.50, 0.50",0.00,"0.00%, 6.35%",3.17%,-0.00,362,374
3,326,"1.00, 1.00","0.50, 0.50",0.00,"0.00%, 0.39%",0.20%,-0.00,374,374
3,327,"1.00, 1.00","0.50, 0.50",0.00,"0.00%, -7.30%",-3.65%,-0.00,374,361
3,328,"1.00, 1.00","0.50, 0.50",0.00,"0.00%, 1.19%",0.59%,-0.00,361,363
3,329,"1.00, 1.00","0.50, 0.50",0.00,"0.00%, -5.44%",-2.72%,-0.00,363,353
3,330,"1.00, 1.00","0.50, 0.50",0.00,"0.00%, 9.72%",4.86%,-0.00,353,370
3,331,"1.00, 1.00","0.50, 0.50",0.00,"0.00%, -0.82%",-0.41%,-0.00,370,369
3,332,"1.00, 1.00","0.50, 0.50",0.00,"0.00%, -6.69%",-3.35%,-0.00,369,356
3,333,"1.00, 1.00","0.50, 0.50",0.00,"0.00%, -2.36%",-1.18%,-0.00,356,352
3,334,"1.00, 1.00","0.50, 0.50",0.00,"0.00%, 4.31%",2.15%,-0.00,352,360
3,335,"1.00, 1.00","0.50, 0.50",0.00,"0.00%, -4.47%",-2.24%,-0.00,360,352
3,336,"1.00, 1.00","0.50, 0.50",0.00,"0.00%, -6.67%",-3.33%,-0.00,352,340
3,337,"1.00, 1.00","0.50, 0.50",0.00,"0.00%, 2.73%",1.36%,-0.00,340,345
3,338,"1.00, 1.00","0.50, 0.50",0.00,"0.00%, 2.74%",1.37%,-0.00,345,349
3,339,"1.00, 1.00","0.50, 0.50",0.00,"0.00%, -3.98%",-1.99%,-0.00,349,342
3,340,"1.00, 1.00","0.50, 0.50",0.00,"0.00%, -3.67%",-1.84%,-0.00,342,336
3,341,"1.00, 1.00","0.50, 0.50",0.00,"0.00%, 2.62%",1.31%,-0.00,336,340
3,342,"1.00, 1.00","0.50, 0.50",0.00,"0.00%, -11.78%",-5.89%,-0.00,340,320
3,343,"1.00, 1.00","0.50, 0.50",0.00,"0.00%, -11.46%",-5.73%,-0.00,320,302
3,344,"1.00, 1.00","0.50, 0.50",0.00,"0.00%, -5.79%",-2.90%,-0.00,302,293
3,345,"1.00, 1.00","0.50, 0.50",0.00,"0.00%, -1.41%",-0.71%,-0.00,293,291
3,346,"1.00, 1.00","0.50, 0.50",0.00,"0.00%, 3.35%",1.68%,-0.00,291,296
3,347,"1.00, 1.00","0.50, 0.50",0.00,"0.00%, 14.77%",7.39%,-0.00,296,318
3,348,"1.00, 1.00","0.50, 0.50",0.00,"0.00%, 8.57%",4.28%,-0.00,318,332
3,349,"1.00, 1.00","0.50, 0.50",0.00,"0.00%, -0.94%",-0.47%,-0.00,332,330
3,350,"1.00, 1.00","0.50, 0.50",0.00,"0.00%, 0.33%",0.16%,-0.00,330,331
3,351,"1.00, 1.00","0.50, 0.50",0.00,"0.00%, -8.17%",-4.08%,-0.00,331,317
3,352,"1.00, 1.00","0.50, 0.50",0.00,"0.00%, 0.33%",0.17%,-0.00,317,318
3,353,"1.00, 1.00","0.50, 0.50",0.00,"0.00%, -2.08%",-1.04%,-0.00,318,314
3,354,"1.00, 1.00","0.50, 0.50",0.00,"0.00%, 3.46%",1.73%,-0.00,314,320
3,355,"1.00, 1.00","0.50, 0.50",0.00,"0.00%, -6.71%",-3.35%,-0.00,320,309
3,356,"1.00, 1.00","0.50, 0.50",0.00,"0.00%, 5.31%",2.66%,-0.00,309,317
3,357,"1.00, 1.00","0.50, 0.50",0.00,"0.00%, 15.37%",7.68%,-0.00,317,342
3,358,"1.00, 1.00","0.50, 0.50",0.00,"0.00%, -0.48%",-0.24%,-0.00,342,341
3,359,"1.00, 1.00","0.50, 0.50",0.00,"0.00%, 4.20%",2.10%,-0.00,341,348
3,360,"1.00, 1.00","0.50, 0.50",0.00,"0.00%, 6.94%",3.47%,-0.00,348,360
3,361,"1.00, 1.00","0.50, 0.50",0.00,"0.00%, -3.06%",-1.53%,-0.00,360,355
3,362,"1.00, 1.00","0.50, 0.50",0.00,"0.00%, 2.55%",1.27%,-0.00,355,359
3,363,"1.00, 1.00","0.50, 0.50",0.00,"0.00%, 0.62%",0.31%,-0.00,359,360
3,364,"1.00, 1.00","0.50, 0.50",0.00,"0.00%, 1.39%",0.69%,-0.00,360,363
3,365,"1.00, 1.00","0.50, 0.50",0.00,"0.00%, -6.25%",-3.13%,-0.00,363,351
3,366,"1.00, 1.00","0.50, 0.50",0.00,"0.00%, 0.72%",0.36%,-0.00,351,353
3,367,"1.00, 1.00","0.50, 0.50",0.00,"0.00%, 5.11%",2.55%,-0.00,353,362
3,368,"1.00, 1.00","0.50, 0.50",0.00,"0.00%, 14.52%",7.26%,-0.00,362,388
3,369,"1.00, 1.00","0.50, 0.50",0.00,"0.00%, 9.56%",4.78%,-0.00,388,406
3,370,"1.00, 1.00","0.50, 0.50",0.00,"0.00%, 21.99%",11.00%,-0.00,406,451
3,371,"1.00, 1.00","0.50, 0.50",0.00,"0.00%, -6.21%",-3.10%,-0.00,451,437
3,372,"1.00, 1.00","0.50, 0.50",0.00,"0.00%, 8.71%",4.35%,-0.00,437,456
3,373,"1.00, 1.00","0.50, 0.50",0.00,"0.00%, 2.17%",1.09%,-0.00,456,461
3,374,"1.00, 1.00","0.50, 0.50",0.00,"0.00%, 22.39%",11.20%,-0.00,461,513
3,375,"1.00, 1.00","0.50, 0.50",0.00,"0.00%, -6.55%",-3.28%,-0.00,513,496
3,376,"1.00, 1.00","0.50, 0.50",0.00,"0.00%, -6.81%",-3.41%,-0.00,496,479
3,377,"1.00, 1.00","0.50, 0.50",0.00,"0.00%, -4.78%",-2.39%,-0.00,479,468
3,378,"1.00, 1.00","0.50, 0.50",0.00,"0.00%, -16.99%",-8.49%,-0.00,468,428
3,379,"1.00, 1.00","0.50, 0.50",0.00,"0.00%, -4.14%",-2.07%,-0.00,428,419
3,380,"1.00, 1.00","0.50, 0.50",0.00,"0.00%, -6.14%",-3.07%,-0.00,419,406
3,381,"1.00, 1.00","0.50, 0.50",0.00,"0.00%, 1.87%",0.94%,-0.00,406,410
3,382,"1.00, 1.00","0.50, 0.50",0.00,"0.00%, 3.64%",1.82%,-0.00,410,417
3,383,"1.00, 1.00","0.50, 0.50",0.00,"0.00%, 18.99%",9.49%,-0.00,417,457
3,384,"1.00, 1.00","0.50, 0.50",0.00,"0.00%, 9.48%",4.74%,-0.00,457,479
3,385,"1.00, 1.00","0.50, 0.50",0.00,"0.00%, -4.58%",-2.29%,-0.00,479,468
3,386,"1.00, 1.00","0.50, 0.50",0.00,"0.00%, -7.31%",-3.65%,-0.00,468,451
3,387,"1.00, 1.00","0.50, 0.50",0.00,"0.00%, 5.05%",2.53%,-0.00,451,462
3,388,"1.00, 1.00","0.50, 0.50",0.00,"0.00%, -10.76%",-5.38%,-0.00,462,437
3,389,"1.00, 1.00","0.50, 0.50",0.00,"0.00%, 18.51%",9.26%,-0.00,437,478
3,390,"1.00, 1.00","0.50, 0.50",0.00,"0.00%, 11.76%",5.88%,-0.00,478,506
3,391,"1.00, 1.00","0.50, 0.50",0.00,"0.00%, -3.65%",-1.83%,-0.00,506,497
3,392,"1.00, 1.00","0.50, 0.50",0.00,"0.00%, -13.86%",-6.93%,-0.00,497,462
3,393,"1.00, 1.00","0.50, 0.50",0.00,"0.00%, 13.52%",6.76%,-0.00,462,493
3,394,"1.00, 1.00","0.50, 0.50",0.00,"0.00%, -0.53%",-0.26%,-0.00,493,492
3,395,"1.00, 1.00","0.50, 0.50",0.00,"0.00%, 12.34%",6.17%,-0.00,492,522
3,396,"1.00, 1.00","0.50, 0.50",0.00,"0.00%, -12.93%",-6.47%,-0.00,522,489
3,397,"1.00, 1.00","0.50, 0.50",0.00,"0.00%, -4.78%",-2.39%,-0.00,489,477
3,398,"1.00, 1.00","0.50, 0.50",0.00,"0.00%, 0.55%",0.27%,-0.00,477,478
3,399,"1.00, 1.00","0.50, 0.50",0.00,"0.00%, 0.93%",0.46%,-0.00,478,481
3,400,"1.00, 1.00","0.50, 0.50",0.00,"0.00%, -3.49%",-1.74%,-0.00,481,472
3,401,"1.00, 1.00","0.50, 0.50",0.00,"0.00%, 6.30%",3.15%,-0.00,472,487
3,402,"1.00, 1.00","0.50, 0.50",0.00,"0.00%, -8.71%",-4.35%,-0.00,487,466
3,403,"1.00, 1.00","0.50, 0.50",0.00,"0.00%, -0.78%",-0.39%,-0.00,466,464
3,404,"1.00, 1.00","0.50, 0.50",0.00,"0.00%, 1.60%",0.80%,-0.00,464,468
3,405,"1.00, 1.00","0.50, 0.50",0.00,"0.00%, 5.26%",2.63%,-0.00,468,480
3,406,"1.00, 1.00","0.50, 0.50",0.00,"0.00%, 7.15%",3.57%,-0.00,480,497
3,407,"1.00, 1.00","0.50, 0.50",0.00,"0.00%, -9.17%",-4.59%,-0.00,497,474
3,408,"1.00, 1.00","0.50, 0.50",0.00,"0.00%, -12.46%",-6.23%,-0.00,474,445
3,409,"1.00, 1.00","0.50, 0.50",0.00,"0.00%, 12.75%",6.37%,-0.00,445,473
3,410,"1.00, 1.00","0.50, 0.50",0.00,"0.00%, 3.55%",1.78%,-0.00,473,482
3,411,"1.00, 1.00","0.50, 0.50",0.00,"0.00%, -6.05%",-3.02%,-0.00,482,467
3,412,"1.00, 1.00","0.50, 0.50",0.00,"0.00%, 15.56%",7.78%,-0.00,467,503
3,413,"1.00, 1.00","0.50, 0.50",0.00,"0.00%, 1.55%",0.78%,-0.00,503,507
3,414,"1.00, 1.00","0.50, 0.50",0.00,"0.00%, 11.75%",5.88%,-0.00,507,537
3,415,"1.00, 1.00","0.50, 0.50",0.00,"0.00%, 1.11%",0.56%,-0.00,537,540
3,416,"1.00, 1.00","0.50, 0.50",0.00,"0.00%, 20.98%",10.49%,-0.00,540,597
3,417,"1.00, 1.00","0.50, 0.50",0.00,"0.00%, 17.70%",8.85%,-0.00,597,649
3,418,"1.00, 1.00","0.50, 0.50",0.00,"0.00%, -1.73%",-0.86%,-0.00,649,644
3,419,"1.00, 1.00","0.50, 0.50",0.00,"0.00%, 9.68%",4.84%,-0.00,644,675
3,420,"1.00, 1.00","0.50, 0.50",0.00,"0.00%, 6.51%",3.26%,-0.00,675,697
3,421,"1.00, 1.00","0.50, 0.50",0.00,"0.00%, 13.68%",6.84%,-0.00,697,745
3,422,"1.00, 1.00","0.50, 0.50",0.00,"0.00%, -7.86%",-3.93%,-0.00,745,715
3,423,"1.00, 1.00","0.50, 0.50",0.00,"0.00%, 6.90%",3.45%,-0.00,715,740
3,424,"1.00, 1.00","0.50, 0.50",0.00,"0.00%, 10.55%",5.27%,-0.00,740,779
3,425,"1.00, 1.00","0.50, 0.50",0.00,"0.00%, -14.21%",-7.11%,-0.00,779,724
3,426,"1.00, 1.00","0.50, 0.50",0.00,"0.00%, -9.65%",-4.83%,-0.00,724,689
3,427,"1.00, 1.00","0.50, 0.50",0.00,"0.00%, -16.35%",-8.18%,-0.00,689,633
3,428,"1.00, 1.00","0.50, 0.50",0.00,"0.00%, -1.91%",-0.95%,-0.00,633,627
3,429,"1.00, 1.00","0.50, 0.50",0.00,"0.00%, 7.21%",3.60%,-0.00,627,649
3,430,"1.00, 1.00","0.50, 0.50",0.00,"0.00%, 15.05%",7.53%,-0.00,649,698
3,431,"1.00, 1.00","0.50, 0.50",0.00,"0.00%, 1.17%",0.59%,-0.00,698,702
3,432,"1.00, 1.00","0.50, 0.50",0.00,"0.00%, 16.37%",8.18%,-0.00,702,759
3,433,"1.00, 1.00","0.50, 0.50",0.00,"0.00%, -11.24%",-5.62%,-0.00,759,717
3,434,"1.00, 1.00","0.50, 0.50",0.00,"0.00%, -13.78%",-6.89%,-0.00,717,667
3,435,"1.00, 1.00","0.50, 0.50",0.00,"0.00%, 0.00%",0.00%,-0.00,667,667
3,436,"1.00, 1.00","0.50, 0.50",0.00,"0.00%, 4.04%",2.02%,-0.00,667,681
3,437,"1.00, 1.00","0.50, 0.50",0.00,"0.00%, 0.21%",0.10%,-0.00,681,682
3,438,"1.00, 1.00","0.50, 0.50",0.00,"0.00%, -16.56%",-8.28%,-0.00,682,625
3,439,"1.00, 1.00","0.50, 0.50",0.00,"0.00%, -0.30%",-0.15%,-0.00,625,624
3,440,"1.00, 1.00","0.50, 0.50",0.00,"0.00%, -10.63%",-5.32%,-0.00,624,591
3,441,"1.00, 1.00","0.50, 0.50",0.00,"0.00%, 6.74%",3.37%,-0.00,591,611
3,442,"1.00, 1.00","0.50, 0.50",0.00,"0.00%, 3.87%",1.94%,-0.00,611,623
3,443,"1.00, 1.00","0.50, 0.50",0.00,"0.00%, -7.65%",-3.83%,-0.00,623,599
3,444,"1.00, 1.00","0.50, 0.50",0.00,"0.00%, -4.04%",-2.02%,-0.00,599,587
3,445,"1.00, 1.00","0.50, 0.50",0.00,"0.00%, -8.64%",-4.32%,-0.00,587,562
3,446,"1.00, 1.00","0.50, 0.50",0.00,"0.00%, -0.06%",-0.03%,-0.00,562,561
3,447,"1.00, 1.00","0.50, 0.50",0.00,"0.00%, 9.52%",4.76%,-0.00,561,588
3,448,"1.00, 1.00","0.50, 0.50",0.00,"0.00%, -8.03%",-4.02%,-0.00,588,564
3,449,"1.00, 1.00","0.50, 0.50",0.00,"0.00%, 5.17%",2.58%,-0.00,564,579
3,450,"1.00, 1.00","0.50, 0.50",0.00,"0.00%, -4.18%",-2.09%,-0.00,579,567
3,451,"1.00, 1.00","0.50, 0.50",0.00,"0.00%, -6.42%",-3.21%,-0.00,567,549
3,452,"1.00, 1.00","0.50, 0.50",0.00,"0.00%, -0.46%",-0.23%,-0.00,549,547
3,453,"1.00, 1.00","0.50, 0.50",0.00,"0.00%, -8.44%",-4.22%,-0.00,547,524
3,454,"1.00, 1.00","0.50, 0.50",0.00,"0.00%, -4.38%",-2.19%,-0.00,524,513
3,455,"1.00, 1.00","0.50, 0.50",0.00,"0.00%, -9.77%",-4.89%,-0.00,513,488
3,456,"1.00, 1.00","0.50, 0.50",0.00,"0.00%, 19.94%",9.97%,-0.00,488,536
3,457,"1.00, 1.00","0.50, 0.50",0.00,"0.00%, 0.82%",0.41%,-0.00,536,539
3,458,"1.00, 1.00","0.50, 0.50",0.00,"0.00%, -5.63%",-2.82%,-0.00,539,523
3,459,"1.00, 1.00","0.50, 0.50",0.00,"0.00%, 2.46%",1.23%,-0.00,523,530
3,460,"1.00, 1.00","0.50, 0.50",0.00,"0.00%, -0.51%",-0.25%,-0.00,530,529
3,461,"1.00, 1.00","0.50, 0.50",0.00,"0.00%, -1.48%",-0.74%,-0.00,529,525
3,462,"1.00, 1.00","0.50, 0.50",0.00,"0.00%, 6.21%",3.11%,-0.00,525,541
3,463,"1.00, 1.00","0.50, 0.50",0.00,"0.00%, 7.59%",3.80%,-0.00,541,561
3,464,"1.00, 1.00","0.50, 0.50",0.00,"0.00%, -4.18%",-2.09%,-0.00,561,550
3,465,"1.00, 1.00","0.50, 0.50",0.00,"0.00%, -4.57%",-2.29%,-0.00,550,537
3,466,"1.00, 1.00","0.50, 0.50",0.00,"0.00%, -1.96%",-0.98%,-0.00,537,532
3,467,"1.00, 1.00","0.50, 0.50",0.00,"0.00%, -18.30%",-9.15%,-0.00,532,483
3,468,"1.00, 1.00","0.50, 0.50",0.00,"0.00%, -12.31%",-6.16%,-0.00,483,453
3,469,"1.00, 1.00","0.50, 0.50",0.00,"0.00%, 13.66%",6.83%,-0.00,453,484
3,470,"1.00, 1.00","0.50, 0.50",0.00,"0.00%, 16.54%",8.27%,-0.00,484,525
3,471,"1.00, 1.00","0.50, 0.50",0.00,"0.00%, -1.73%",-0.86%,-0.00,525,520
3,472,"1.00, 1.00","0.50, 0.50",0.00,"0.00%, 5.85%",2.93%,-0.00,520,535
3,473,"1.00, 1.00","0.50, 0.50",0.00,"0.00%, 3.36%",1.68%,-0.00,535,544
3,474,"1.00, 1.00","0.50, 0.50",0.00,"0.00%, 32.59%",16.30%,-0.00,544,633
3,475,"1.00, 1.00","0.50, 0.50",0.00,"0.00%, 11.16%",5.58%,-0.00,633,668
3,476,"1.00, 1.00","0.50, 0.50",0.00,"0.00%, -0.65%",-0.32%,-0.00,668,666
3,477,"1.00, 1.00","0.50, 0.50",0.00,"0.00%, -7.78%",-3.89%,-0.00,666,640
3,478,"1.00, 1.00","0.50, 0.50",0.00,"0.00%, -13.03%",-6.51%,-0.00,640,598
3,479,"1.00, 1.00","0.50, 0.50",0.00,"0.00%, 2.36%",1.18%,-0.00,598,605
3,480,"1.00, 1.00","0.50, 0.50",0.00,"0.00%, -6.11%",-3.06%,-0.00,605,587
3,481,"1.00, 1.00","0.50, 0.50",0.00,"0.00%, -11.57%",-5.79%,-0.00,587,553
3,482,"1.00, 1.00","0.50, 0.50",0.00,"0.00%, -5.18%",-2.59%,-0.00,553,539
3,483,"1.00, 1.00","0.50, 0.50",0.00,"0.00%, -8.82%",-4.41%,-0.00,539,515
3,484,"1.00, 1.00","0.50, 0.50",0.00,"0.00%, 16.98%",8.49%,-0.00,515,559
3,485,"1.00, 1.00","0.50, 0.50",0.00,"0.00%, 8.80%",4.40%,-0.00,559,583
3,486,"1.00, 1.00","0.50, 0.50",0.00,"0.00%, 0.43%",0.21%,-0.00,583,584
3,487,"1.00, 1.00","0.50, 0.50",0.00,"0.00%, 14.82%",7.41%,-0.00,584,628
3,488,"1.00, 1.00","0.50, 0.50",0.00,"0.00%, 1.20%",0.60%,-0.00,628,632
3,489,"1.00, 1.00","0.50, 0.50",0.00,"0.00%, -6.99%",-3.50%,-0.00,632,609
3,490,"1.00, 1.00","0.50, 0.50",0.00,"0.00%, 15.27%",7.63%,-0.00,609,656
3,491,"1.00, 1.00","0.50, 0.50",0.00,"0.00%, 5.50%",2.75%,-0.00,656,674
3,492,"1.00, 1.00","0.50, 0.50",0.00,"0.00%, -8.46%",-4.23%,-0.00,674,645
3,493,"1.00, 1.00","0.50, 0.50",0.00,"0.00%, -1.21%",-0.60%,-0.00,645,642
3,494,"1.00, 1.00","0.50, 0.50",0.00,"0.00%, -7.11%",-3.56%,-0.00,642,619
3,495,"1.00, 1.00","0.50, 0.50",0.00,"0.00%, -11.26%",-5.63%,-0.00,619,584
3,496,"1.00, 1.00","0.50, 0.50",0.00,"0.00%, 9.24%",4.62%,-0.00,584,611
3,497,"1.00, 1.00","0.50, 0.50",0.00,"0.00%, 19.34%",9.67%,-0.00,611,670
3,498,"1.00, 1.00","0.50, 0.50",0.00,"0.00%, -11.39%",-5.69%,-0.00,670,632
3,499,"1.00, 1.00","0.50, 0.50",0.00,"0.00%, 5.72%",2.86%,549.94,632,650
4,0,"0.50, 0.50","0.50, 0.50",0.00,"0.00%, -1.59%",-0.80%,-0.00,100,99
4,1,"1.00, 1.00","0.50, 0.50",0.00,"0.00%, -1.59%",-0.80%,-0.00,99,98
4,2,"1.00, 1.00","0.50, 0.50",0.00,"0.00%, 15.85%",7.93%,-0.00,98,106
4,3,"1.00, 1.00","0.50, 0.50",0.00,"0.00%, 7.69%",3.84%,-0.00,106,110
4,4,"1.00, 1.00","0.50, 0.50",0.00,"0.00%, -3.66%",-1.83%,-0.00,110,108
4,5,"1.00, 1.00","0.50, 0.50",0.00,"0.00%, 5.53%",2.77%,-0.00,108,111
4,6,"1.00, 1.00","0.50, 0.50",0.00,"0.00%, -3.60%",-1.80%,-0.00,111,109
4,7,"1.00, 1.00","0.50, 0.50",0.00,"0.00%, -3.62%",-1.81%,-0.00,109,107
4,8,"1.00, 1.00","0.50, 0.50",0.00,"0.00%, 2.71%",1.36%,-0.00,107,109
4,9,"1.00, 1.00","0.50, 0.50",0.00,"0.00%, -15.40%",-7.70%,-0.00,109,100
4,10,"1.00, 1.00","0.50, 0.50",0.00,"0.00%, -13.95%",-6.98%,-0.00,100,93
4,11,"1.00, 1.00","0.50, 0.50",0.00,"0.00%, -4.46%",-2.23%,-0.00,93,91
4,12,"1.00, 1.00","0.50, 0.50",0.00,"0.00%, -8.25%",-4.13%,-0.00,91,88
4,13,"1.00, 1.00","0.50, 0.50",0.00,"0.00%, 3.38%",1.69%,-0.00,88,89
4,14,"1.00, 1.00","0.50, 0.50",0.00,"0.00%, -7.39%",-3.69%,-0.00,89,86
4,15,"1.00, 1.00","0.50, 0.50",0.00,"0.00%, -11.49%",-5.75%,-0.00,86,81
4,16,"1.00, 1.00","0.50, 0.50",0.00,"0.00%, 14.67%",7.34%,-0.00,81,87
4,17,"1.00, 1.00","0.50, 0.50",0.00,"0.00%, -1.52%",-0.76%,-0.00,87,86
4,18,"1.00, 1.00","0.50, 0.50",0.00,"0.00%, 1.11%",0.56%,-0.00,86,87
4,19,"1.00, 1.00","0.50, 0.50",0.00,"0.00%, -11.59%",-5.80%,-0.00,87,82
4,20,"1.00, 1.00","0.50, 0.50",0.00,"0.00%, -4.30%",-2.15%,-0.00,82,80
4,21,"1.00, 1.00","0.50, 0.50",0.00,"0.00%, 1.51%",0.75%,-0.00,80,80
4,22,"1.00, 1.00","0.50, 0.50",0.00,"0.00%, -9.39%",-4.69%,-0.00,80,77
4,23,"1.00, 1.00","0.50, 0.50",0.00,"0.00%, 3.96%",1.98%,-0.00,77,78
4,24,"1.00, 1.00","0.50, 0.50",0.00,"0.00%, -4.79%",-2.39%,-0.00,78,76
4,25,"1.00, 1.00","0.50, 0.50",0.00,"0.00%, -2.10%",-1.05%,-0.00,76,75
4,26,"1.00, 1.00","0.50, 0.50",0.00,"0.00%, -4.80%",-2.40%,-0.00,75,74
4,27,"1.00, 1.00","0.50, 0.50",0.00,"0.00%, 18.73%",9.37%,-0.00,74,81
4,28,"1.00, 1.00","0.50, 0.50",0.00,"0.00%, 0.38%",0.19%,-0.00,81,81
4,29,"1.00, 1.00","0.50, 0.50",0.00,"0.00%, -8.62%",-4.31%,-0.00,81,77
4,30,"1.00, 1.00","0.50, 0.50",0.00,"0.00%, 8.22%",4.11%,-0.00,77,80
4,31,"1.00, 1.00","0.50, 0.50",0.00,"0.00%, -9.96%",-4.98%,-0.00,80,76
4,32,"1.00, 1.00","0.50, 0.50",0.00,"0.00%, 2.41%",1.20%,-0.00,76,77
4,33,"1.00, 1.00","0.50, 0.50",0.00,"0.00%, -15.75%",-7.87%,-0.00,77,71
4,34,"1.00, 1.00","0.50, 0.50",0.00,"0.00%, -10.82%",-5.41%,-0.00,71,67
4,35,"1.00, 1.00","0.50, 0.50",0.00,"0.00%, 2.30%",1.15%,-0.00,67,68
4,36,"1.00, 1.00","0.50, 0.50",0.00,"0.00%, 7.41%",3.70%,-0.00,68,71
4,37,"1.00, 1.00","0.50, 0.50",0.00,"0.00%, 2.06%",1.03%,-0.00,71,71
4,38,"1.00, 1.00","0.50, 0.50",0.00,"0.00%, -0.54%",-0.27%,-0.00,71,71
4,39,"1.00, 1.00","0.50, 0.50",0.00,"0.00%, -2.19%",-1.09%,-0.00,71,70
4,40,"1.00, 1.00","0.50, 0.50",0.00,"0.00%, -12.02%",-6.01%,-0.00,70,66
4,41,"1.00, 1.00","0.50, 0.50",0.00,"0.00%, -5.80%",-2.90%,-0.00,66,64
4,42,"1.00, 1.00","0.50, 0.50",0.00,"0.00%, -3.58%",-1.79%,-0.00,64,63
4,43,"1.00, 1.00","0.50, 0.50",0.00,"0.00%, 10.53%",5.27%,-0.00,63,66
4,44,"1.00, 1.00","0.50, 0.50",0.00,"0.00%, 3.66%",1.83%,-0.00,66,68
4,45,"1.00, 1.00","0.50, 0.50",0.00,"0.00%, -14.24%",-7.12%,-0.00,68,63
4,46,"1.00, 1.00","0.50, 0.50",0.00,"0.00%, 3.48%",1.74%,-0.00,63,64
4,47,"1.00, 1.00","0.50, 0.50",0.00,"0.00%, -2.92%",-1.46%,-0.00,64,63
4,48,"1.00, 1.00","0.50, 0.50",0.00,"0.00%, -5.44%",-2.72%,-0.00,63,61
4,49,"1.00, 1.00","0.50, 0.50",0.00,"0.00%, 6.19%",3.09%,-0.00,61,63
4,50,"1.00, 1.00","0.50, 0.50",0.00,"0.00%, 10.27%",5.14%,-0.00,63,66
4,51,"1.00, 1.00","0.50, 0.50",0.00,"0.00%, 9.29%",4.64%,-0.00,66,69
4,52,"1.00, 1.00","0.50, 0.50",0.00,"0.00%, -6.81%",-3.40%,-0.00,69,67
4,53,"1.00, 1.00","0.50, 0.50",0.00,"0.00%, -2.26%",-1.13%,-0.00,67,66
4,54,"1.00, 1.00","0.50, 0.50",0.00,"0.00%, 3.54%",1.77%,-0.00,66,68
4,55,"1.00, 1.00","0.50, 0.50",0.00,"0.00%, 9.72%",4.86%,-0.00,68,71
4,56,"1.00, 1.00","0.50, 0.50",0.00,"0.00%, -3.74%",-1.87%,-0.00,71,70
4,57,"1.00, 1.00","0.50, 0.50",0.00,"0.00%, -1.16%",-0.58%,-0.00,70,69
4,58,"1.00, 1.00","0.50, 0.50",0.00,"0.00%, -9.02%",-4.51%,-0.00,69,66
4,59,"1.00, 1.00","0.50, 0.50",0.00,"0.00%, -9.76%",-4.88%,-0.00,66,63
4,60,"1.00, 1.00","0.50, 0.50",0.00,"0.00%, 8.13%",4.06%,-0.00,63,65
4,61,"1.00, 1.00","0.50, 0.50",0.00,"0.00%, 13.55%",6.77%,-0.00,65,70
4,62,"1.00, 1.00","0.50, 0.50",0.00,"0.00%, -0.15%",-0.07%,-0.00,70,70
4,63,"1.00, 1.00","0.50, 0.50",0.00,"0.00%, 10.00%",5.00%,-0.00,70,73
4,64,"1.00, 1.00","0.50, 0.50",0.00,"0.00%, 3.83%",1.91%,-0.00,73,75
4,65,"1.00, 1.00","0.50, 0.50",0.00,"0.00%, -5.17%",-2.58%,-0.00,75,73
4,66,"1.00, 1.00","0.50, 0.50",0.00,"0.00%, 3.82%",1.91%,-0.00,73,74
4,67,"1.00, 1.00","0.50, 0.50",0.00,"0.00%, 15.42%",7.71%,-0.00,74,80
4,68,"1.00, 1.00","0.50, 0.50",0.00,"0.00%, 0.18%",0.09%,-0.00,80,80
4,69,"1.00, 1.00","0.50, 0.50",0.00,"0.00%, 15.70%",7.85%,-0.00,80,86
4,70,"1.00, 1.00","0.50, 0.50",0.00,"0.00%, -20.61%",-10.30%,-0.00,86,77
4,71,"1.00, 1.00","0.50, 0.50",0.00,"0.00%, 8.22%",4.11%,-0.00,77,80
4,72,"1.00, 1.00","0.50, 0.50",0.00,"0.00%, 1.29%",0.65%,-0.00,80,81
4,73,"1.00, 1.00","0.50, 0.50",0.00,"0.00%, -2.17%",-1.08%,-0.00,81,80
4,74,"1.00, 1.00","0.50, 0.50",0.00,"0.00%, 1.33%",0.67%,-0.00,80,81
4,75,"1.00, 1.00","0.50, 0.50",0.00,"0.00%, -15.96%",-7.98%,-0.00,81,74
4,76,"1.00, 1.00","0.50, 0.50",0.00,"0.00%, -1.47%",-0.73%,-0.00,74,74
4,77,"1.00, 1.00","0.50, 0.50",0.00,"0.00%, 3.78%",1.89%,-0.00,74,75
4,78,"1.00, 1.00","0.50, 0.50",0.00,"0.00%, 14.80%",7.40%,-0.00,75,81
4,79,"1.00, 1.00","0.50, 0.50",0.00,"0.00%, -4.08%",-2.04%,-0.00,81,79
4,80,"1.00, 1.00","0.50, 0.50",0.00,"0.00%, -6.55%",-3.28%,-0.00,79,76
4,81,"1.00, 1.00","0.50, 0.50",0.00,"0.00%, -3.94%",-1.97%,-0.00,76,75
4,82,"1.00, 1.00","0.50, 0.50",0.00,"0.00%, 9.13%",4.57%,-0.00,75,78
4,83,"1.00, 1.00","0.50, 0.50",0.00,"0.00%, 3.52%",1.76%,-0.00,78,80
4,84,"1.00, 1.00","0.50, 0.50",0.00,"0.00%, -4.18%",-2.09%,-0.00,80,78
4,85,"1.00, 1.00","0.50, 0.50",0.00,"0.00%, 5.25%",2.63%,-0.00,78,80
4,86,"1.00, 1.00","0.50, 0.50",0.00,"0.00%, 1.38%",0.69%,-0.00,80,81
4,87,"1.00, 1.00","0.50, 0.50",0.00,"0.00%, 9.66%",4.83%,-0.00,81,84
4,88,"1.00, 1.00","0.50, 0.50",0.00,"0.00%, -5.65%",-2.83%,-0.00,84,82
4,89,"1.00, 1.00","0.50, 0.50",0.00,"0.00%, -2.42%",-1.21%,-0.00,82,81
4,90,"1.00, 1.00","0.50, 0.50",0.00,"0.00%, -2.98%",-1.49%,-0.00,81,80
4,91,"1.00, 1.00","0.50, 0.50",0.00,"0.00%, -11.90%",-5.95%,-0.00,80,75
4,92,"1.00, 1.00","0.50, 0.50",0.00,"0.00%, 3.22%",1.61%,-0.00,75,76
4,93,"1.00, 1.00","0.50, 0.50",0.00,"0.00%, 2.89%",1.45%,-0.00,76,77
4,94,"1.00, 1.00","0.50, 0.50",0.00,"0.00%, 0.55%",0.27%,-0.00,77,78
4,95,"1.00, 1.00","0.50, 0.50",0.00,"0.00%, -1.60%",-0.80%,-0.00,78,77
4,96,"1.00, 1.00","0.50, 0.50",0.00,"0.00%, -11.52%",-5.76%,-0.00,77,73
4,97,"1.00, 1.00","0.50, 0.50",0.00,"0.00%, -3.23%",-1.62%,-0.00,73,71
4,98,"1.00, 1.00","0.50, 0.50",0.00,"0.00%, -2.55%",-1.28%,-0.00,71,70
4,99,"1.00, 1.00","0.50, 0.50",0.00,"0.00%, -6.50%",-3.25%,-0.00,70,68
4,100,"1.00, 1.00","0.50, 0.50",0.00,"0.00%, -0.95%",-0.47%,-0.00,68,68
4,101,"1.00, 1.00","0.50, 0.50",0.00,"0.00%, 4.22%",2.11%,-0.00,68,69
4,102,"1.00, 1.00","0.50, 0.50",0.00,"0.00%, 19.10%",9.55%,-0.00,69,76
4,103,"1.00, 1.00","0.50, 0.50",0.00,"0.00%, 2.09%",1.05%,-0.00,76,77
4,104,"1.00, 1.00","0.50, 0.50",0.00,"0.00%, 2.86%",1.43%,-0.00,77,78
4,105,"1.00, 1.00","0.50, 0.50",0.00,"0.00%, -0.17%",-0.08%,-0.00,78,78
4,106,"1.00, 1.00","0.50, 0.50",0.00,"0.00%, -15.44%",-7.72%,-0.00,78,72
4,107,"1.00, 1.00","0.50, 0.50",0.00,"0.00%, 0.26%",0.13%,-0.00,72,72
4,108,"1.00, 1.00","0.50, 0.50",0.00,"0.00%, 1.05%",0.52%,-0.00,72,72
4,109,"1.00, 1.00","0.50, 0.50",0.00,"0.00%, 25.44%",12.72%,-0.00,72,81
4,110,"1.00, 1.00","0.50, 0.50",0.00,"0.00%, -1.22%",-0.61%,-0.00,81,81
4,111,"1.00, 1.00","0.50, 0.50",0.00,"0.00%, 3.27%",1.63%,-0.00,81,82
4,112,"1.00, 1.00","0.50, 0.50",0.00,"0.00%, 0.19%",0.09%,-0.00,82,82
4,113,"1.00, 1.00","0.50, 0.50",0.00,"0.00%, -9.53%",-4.77%,-0.00,82,78
4,114,"1.00, 1.00","0.50, 0.50",0.00,"0.00%, 11.39%",5.69%,-0.00,78,83
4,115,"1.00, 1.00","0.50, 0.50",0.00,"0.00%, 7.54%",3.77%,-0.00,83,86
4,116,"1.00, 1.00","0.50, 0.50",0.00,"0.00%, 7.92%",3.96%,-0.00,86,89
4,117,"1.00, 1.00","0.50, 0.50",0.00,"0.00%, -7.40%",-3.70%,-0.00,89,86
4,118,"1.00, 1.00","0.50, 0.50",0.00,"0.00%, 14.03%",7.01%,-0.00,86,92
4,119,"1.00, 1.00","0.50, 0.50",0.00,"0.00%, -11.41%",-5.71%,-0.00,92,87
4,120,"1.00, 1.00","0.50, 0.50",0.00,"0.00%, 5.95%",2.98%,-0.00,87,89
4,121,"1.00, 1.00","0.50, 0.50",0.00,"0.00%, 22.40%",11.20%,-0.00,89,99
4,122,"1.00, 1.00","0.50, 0.50",0.00,"0.00%, -8.07%",-4.04%,-0.00,99,95
4,123,"1.00, 1.00","0.50, 0.50",0.00,"0.00%, -4.49%",-2.25%,-0.00,95,93
4,124,"1.00, 1.00","0.50, 0.50",0.00,"0.00%, 1.41%",0.70%,-0.00,93,94
4,125,"1.00, 1.00","0.50, 0.50",0.00,"0.00%, -3.95%",-1.98%,-0.00,94,92
4,126,"1.00, 1.00","0.50, 0.50",0.00,"0.00%, -12.59%",-6.29%,-0.00,92,86
4,127,"1.00, 1.00","0.50, 0.50",0.00,"0.00%, 1.12%",0.56%,-0.00,86,87
4,128,"1.00, 1.00","0.50, 0.50",0.00,"0.00%, -8.66%",-4.33%,-0.00,87,83
4,129,"1.00, 1.00","0.50, 0.50",0.00,"0.00%, 4.88%",2.44%,-0.00,83,85
4,130,"1.00, 1.00","0.50, 0.50",0.00,"0.00%, -7.48%",-3.74%,-0.00,85,82
4,131,"1.00, 1.00","0.50, 0.50",0.00,"0.00%, 15.55%",7.77%,-0.00,82,88
4,132,"1.00, 1.00","0.50, 0.50",0.00,"0.00%, -6.34%",-3.17%,-0.00,88,85
4,133,"1.00, 1.00","0.50, 0.50",0.00,"0.00%, -2.37%",-1.19%,-0.00,85,84
4,134,"1.00, 1.00","0.50, 0.50",0.00,"0.00%, 8.14%",4.07%,-0.00,84,88
4,135,"1.00, 1.00","0.50, 0.50",0.00,"0.00%, -10.04%",-5.02%,-0.00,88,83
4,136,"1.00, 1.00","0.50, 0.50",0.00,"0.00%, 2.58%",1.29%,-0.00,83,84
4,137,"1.00, 1.00","0.50, 0.50",0.00,"0.00%, 13.05%",6.52%,-0.00,84,90
4,138,"1.00, 1.00","0.50, 0.50",0.00,"0.00%, -13.04%",-6.52%,-0.00,90,84
4,139,"1.00, 1.00","0.50, 0.50",0.00,"0.00%, 2.19%",1.09%,-0.00,84,85
4,140,"1.00, 1.00","0.50, 0.50",0.00,"0.00%, 2.88%",1.44%,-0.00,85,86
4,141,"1.00, 1.00","0.50, 0.50",0.00,"0.00%, 7.83%",3.91%,-0.00,86,90
4,142,"1.00, 1.00","0.50, 0.50",0.00,"0.00%, -10.09%",-5.04%,-0.00,90,85
4,143,"1.00, 1.00","0.50, 0.50",0.00,"0.00%, -10.76%",-5.38%,-0.00,85,81
4,144,"1.00, 1.00","0.50, 0.50",0.00,"0.00%, 5.33%",2.67%,-0.00,81,83
4,145,"1.00, 1.00","0.50, 0.50",0.00,"0.00%, 3.22%",1.61%,-0.00,83,84
4,146,"1.00, 1.00","0.50, 0.50",0.00,"0.00%, 2.79%",1.40%,-0.00,84,85
4,147,"1.00, 1.00","0.50, 0.50",0.00,"0.00%, 3.68%",1.84%,-0.00,85,87
4,148,"1.00, 1.00","0.50, 0.50",0.00,"0.00%, -5.47%",-2.73%,-0.00,87,84
4,149,"1.00, 1.00","0.50, 0.50",0.00,"0.00%, 2.62%",1.31%,-0.00,84,86
4,150,"1.00, 1.00","0.50, 0.50",0.00,"0.00%, 3.19%",1.59%,-0.00,86,87
4,151,"1.00, 1.00","0.50, 0.50",0.00,"0.00%, -5.76%",-2.88%,-0.00,87,84
4,152,"1.00, 1.00","0.50, 0.50",0.00,"0.00%, 18.88%",9.44%,-0.00,84,92
4,153,"1.00, 1.00","0.50, 0.50",0.00,"0.00%, 4.88%",2.44%,-0.00,92,95
4,154,"1.00, 1.00","0.50, 0.50",0.00,"0.00%, -9.72%",-4.86%,-0.00,95,90
4,155,"1.00, 1.00","0.50, 0.50",0.00,"0.00%, 6.62%",3.31%,-0.00,90,93
4,156,"1.00, 1.00","0.50, 0.50",0.00,"0.00%, -7.94%",-3.97%,-0.00,93,89
4,157,"1.00, 1.00","0.50, 0.50",0.00,"0.00%, 7.88%",3.94%,-0.00,89,93
4,158,"1.00, 1.00","0.50, 0.50",0.00,"0.00%, 11.55%",5.77%,-0.00,93,98
4,159,"1.00, 1.00","0.50, 0.50",0.00,"0.00%, -6.65%",-3.33%,-0.00,98,95
4,160,"1.00, 1.00","0.50, 0.50",0.00,"0.00%, 9.60%",4.80%,-0.00,95,99
4,161,"1.00, 1.00","0.50, 0.50",0.00,"0.00%, 4.31%",2.15%,-0.00,99,102
4,162,"1.00, 1.00","0.50, 0.50",0.00,"0.00%, 8.22%",4.11%,-0.00,102,106
4,163,"1.00, 1.00","0.50, 0.50",0.00,"0.00%, 19.21%",9.60%,-0.00,106,116
4,164,"1.00, 1.00","0.50, 0.50",0.00,"0.00%, -1.69%",-0.85%,-0.00,116,115
4,165,"1.00, 1.00","0.50, 0.50",0.00,"0.00%, -6.09%",-3.05%,-0.00,115,111
4,166,"1.00, 1.00","0.50, 0.50",0.00,"0.00%, -7.23%",-3.62%,-0.00,111,107
4,167,"1.00, 1.00","0.50, 0.50",0.00,"0.00%, -6.61%",-3.31%,-0.00,107,104
4,168,"1.00, 1.00","0.50, 0.50",0.00,"0.00%, -0.19%",-0.10%,-0.00,104,104
4,169,"1.00, 1.00","0.50, 0.50",0.00,"0.00%, 3.63%",1.82%,-0.00,104,106
4,170,"1.00, 1.00","0.50, 0.50",0.00,"0.00%, 3.04%",1.52%,-0.00,106,107
4,171,"1.00, 1.00","0.50, 0.50",0.00,"0.00%, 8.27%",4.13%,-0.00,107,112
4,172,"1.00, 1.00","0.50, 0.50",0.00,"0.00%, 0.62%",0.31%,-0.00,112,112
4,173,"1.00, 1.00","0.50, 0.50",0.00,"0.00%, 14.55%",7.27%,-0.00,112,120
4,174,"1.00, 1.00","0.50, 0.50",0.00,"0.00%, -1.86%",-0.93%,-0.00,120,119
4,175,"1.00, 1.00","0.50, 0.50",0.00,"0.00%, 28.38%",14.19%,-0.00,119,136
4,176,"1.00, 1.00","0.50, 0.50",0.00,"0.00%, 6.32%",3.16%,-0.00,136,140
4,177,"1.00, 1.00","0.50, 0.50",0.00,"0.00%, -6.96%",-3.48%,-0.00,140,135
4,178,"1.00, 1.00","0.50, 0.50",0.00,"0.00%, -8.73%",-4.37%,-0.00,135,129
4,179,"1.00, 1.00","0.50, 0.50",0.00,"0.00%, 4.96%",2.48%,-0.00,129,133
4,180,"1.00, 1.00","0.50, 0.50",0.00,"0.00%, -1.50%",-0.75%,-0.00,133,132
4,181,"1.00, 1.00","0.50, 0.50",0.00,"0.00%, 7.17%",3.59%,-0.00,132,136
4,182,"1.00, 1.00","0.50, 0.50",0.00,"0.00%, 4.87%",2.44%,-0.00,136,140
4,183,"1.00, 1.00","0.50, 0.50",0.00,"0.00%, -0.16%",-0.08%,-0.00,140,140
4,184,"1.00, 1.00","0.50, 0.50",0.00,"0.00%, -6.87%",-3.44%,-0.00,140,135
4,185,"1.00, 1.00","0.50, 0.50",0.00,"0.00%, -12.31%",-6.15%,-0.00,135,127
4,186,"1.00, 1.00","0.50, 0.50",0.00,"0.00%, -3.46%",-1.73%,-0.00,127,124
4,187,"1.00, 1.00","0.50, 0.50",0.00,"0.00%, 8.55%",4.28%,-0.00,124,130
4,188,"1.00, 1.00","0.50, 0.50",0.00,"0.00%, 2.46%",1.23%,-0.00,130,131
4,189,"1.00, 1.00","0.50, 0.50",0.00,"0.00%, -10.16%",-5.08%,-0.00,131,125
4,190,"1.00, 1.00","0.50, 0.50",0.00,"0.00%, 2.08%",1.04%,-0.00,125,126
4,191,"1.00, 1.00","0.50, 0.50",0.00,"0.00%, 4.05%",2.02%,-0.00,126,128
4,192,"1.00, 1.00","0.50, 0.50",0.00,"0.00%, -7.18%",-3.59%,-0.00,128,124
4,193,"1.00, 1.00","0.50, 0.50",0.00,"0.00%, 1.90%",0.95%,-0.00,124,125
4,194,"1.00, 1.00","0.50, 0.50",0.00,"0.00%, 1.03%",0.51%,-0.00,125,126
4,195,"1.00, 1.00","0.50, 0.50",0.00,"0.00%, -9.32%",-4.66%,-0.00,126,120
4,196,"1.00, 1.00","0.50, 0.50",0.00,"0.00%, 3.79%",1.90%,-0.00,120,122
4,197,"1.00, 1.00","0.50, 0.50",0.00,"0.00%, 5.70%",2.85%,-0.00,122,126
4,198,"1.00, 1.00","0.50, 0.50",0.00,"0.00%, 10.79%",5.40%,-0.00,126,132
4,199,"1.00, 1.00","0.50, 0.50",0.00,"0.00%, 10.50%",5.25%,-0.00,132,139
4,200,"1.00, 1.00","0.50, 0.50",0.00,"0.00%, -11.22%",-5.61%,-0.00,139,131
4,201,"1.00, 1.00","0.50, 0.50",0.00,"0.00%, -7.63%",-3.82%,-0.00,131,126
4,202,"1.00, 1.00","0.50, 0.50",0.00,"0.00%, 5.27%",2.63%,-0.00,126,130
4,203,"1.00, 1.00","0.50, 0.50",0.00,"0.00%, 5.26%",2.63%,-0.00,130,133
4,204,"1.00, 1.00","0.50, 0.50",0.00,"0.00%, 5.27%",2.63%,-0.00,133,137
4,205,"1.00, 1.00","0.50, 0.50",0.00,"0.00%, 42.15%",21.08%,-0.00,137,165
4,206,"1.00, 1.00","0.50, 0.50",0.00,"0.00%, 5.80%",2.90%,-0.00,165,170
4,207,"1.00, 1.00","0.50, 0.50",0.00,"0.00%, 11.32%",5.66%,-0.00,170,180
4,208,"1.00, 1.00","0.50, 0.50",0.00,"0.00%, 9.51%",4.76%,-0.00,180,188
4,209,"1.00, 1.00","0.50, 0.50",0.00,"0.00%, 6.57%",3.28%,-0.00,188,195
4,210,"1.00, 1.00","0.50, 0.50",0.00,"0.00%, -2.31%",-1.16%,-0.00,195,192
4,211,"1.00, 1.00","0.50, 0.50",0.00,"0.00%, 7.61%",3.80%,-0.00,192,200
4,212,"1.00, 1.00","0.50, 0.50",0.00,"0.00%, -6.25%",-3.13%,-0.00,200,193
4,213,"1.00, 1.00","0.50, 0.50",0.00,"0.00%, -1.62%",-0.81%,-0.00,193,192
4,214,"1.00, 1.00","0.50, 0.50",0.00,"0.00%, -3.79%",-1.90%,-0.00,192,188
4,215,"1.00, 1.00","0.50, 0.50",0.00,"0.00%, 1.24%",0.62%,-0.00,188,189
4,216,"1.00, 1.00","0.50, 0.50",0.00,"0.00%, 23.78%",11.89%,-0.00,189,212
4,217,"1.00, 1.00","0.50, 0.50",0.00,"0.00%, -15.05%",-7.52%,-0.00,212,196
4,218,"1.00, 1.00","0.50, 0.50",0.00,"0.00%, 6.90%",3.45%,-0.00,196,203
4,219,"1.00, 1.00","0.50, 0.50",0.00,"0.00%, -13.08%",-6.54%,-0.00,203,190
4,220,"1.00, 1.00","0.50, 0.50",0.00,"0.00%, -3.68%",-1.84%,-0.00,190,186
4,221,"1.00, 1.00","0.50, 0.50",0.00,"0.00%, 10.85%",5.42%,-0.00,186,196
4,222,"1.00, 1.00","0.50, 0.50",0.00,"0.00%, 1.08%",0.54%,-0.00,196,197
4,223,"1.00, 1.00","0.50, 0.50",0.00,"0.00%, -8.79%",-4.39%,-0.00,197,189
4,224,"1.00, 1.00","0.50, 0.50",0.00,"0.00%, -5.76%",-2.88%,-0.00,189,183
4,225,"1.00, 1.00","0.50, 0.50",0.00,"0.00%, 6.84%",3.42%,-0.00,183,189
4,226,"1.00, 1.00","0.50, 0.50",0.00,"0.00%, -5.89%",-2.95%,-0.00,189,184
4,227,"1.00, 1.00","0.50, 0.50",0.00,"0.00%, 2.48%",1.24%,-0.00,184,186
4,228,"1.00, 1.00","0.50, 0.50",0.00,"0.00%, 0.91%",0.46%,-0.00,186,187
4,229,"1.00, 1.00","0.50, 0.50",0.00,"0.00%, -5.22%",-2.61%,-0.00,187,182
4,230,"1.00, 1.00","0.50, 0.50",0.00,"0.00%, 21.89%",10.95%,-0.00,182,202
4,231,"1.00, 1.00","0.50, 0.50",0.00,"0.00%, 6.40%",3.20%,-0.00,202,208
4,232,"1.00, 1.00","0.50, 0.50",0.00,"0.00%, -16.24%",-8.12%,-0.00,208,191
4,233,"1.00, 1.00","0.50, 0.50",0.00,"0.00%, 2.20%",1.10%,-0.00,191,194
4,234,"1.00, 1.00","0.50, 0.50",0.00,"0.00%, -5.31%",-2.65%,-0.00,194,188
4,235,"1.00, 1.00","0.50, 0.50",0.00,"0.00%, 8.52%",4.26%,-0.00,188,196
4,236,"1.00, 1.00","0.50, 0.50",0.00,"0.00%, -6.42%",-3.21%,-0.00,196,190
4,237,"1.00, 1.00","0.50, 0.50",0.00,"0.00%, -0.53%",-0.27%,-0.00,190,190
4,238,"1.00, 1.00","0.50, 0.50",0.00,"0.00%, 5.17%",2.59%,-0.00,190,195
4,239,"1.00, 1.00","0.50, 0.50",0.00,"0.00%, 8.65%",4.32%,-0.00,195,203
4,240,"1.00, 1.00","0.50, 0.50",0.00,"0.00%, -9.79%",-4.89%,-0.00,203,193
4,241,"1.00, 1.00","0.50, 0.50",0.00,"0.00%, -2.48%",-1.24%,-0.00,193,191
4,242,"1.00, 1.00","0.50, 0.50",0.00,"0.00%, -3.70%",-1.85%,-0.00,191,187
4,243,"1.00, 1.00","0.50, 0.50",0.00,"0.00%, -5.24%",-2.62%,-0.00,187,182
4,244,"1.00, 1.00","0.50, 0.50",0.00,"0.00%, 17.81%",8.90%,-0.00,182,198
4,245,"1.00, 1.00","0.50, 0.50",0.00,"0.00%, 4.23%",2.12%,-0.00,198,203
4,246,"1.00, 1.00","0.50, 0.50",0.00,"0.00%, -10.28%",-5.14%,-0.00,203,192
4,247,"1.00, 1.00","0.50, 0.50",0.00,"0.00%, 9.16%",4.58%,-0.00,192,201
4,248,"1.00, 1.00","0.50, 0.50",0.00,"0.00%, 21.65%",10.83%,-0.00,201,223
4,249,"1.00, 1.00","0.50, 0.50",0.00,"0.00%, 10.29%",5.14%,-0.00,223,234
4,250,"1.00, 1.00","0.50, 0.50",0.00,"0.00%, -12.34%",-6.17%,-0.00,234,220
4,251,"1.00, 1.00","0.50, 0.50",0.00,"0.00%, -3.78%",-1.89%,-0.00,220,216
4,252,"1.00, 1.00","0.50, 0.50",0.00,"0.00%, 12.64%",6.32%,-0.00,216,229
4,253,"1.00, 1.00","0.50, 0.50",0.00,"0.00%, -5.70%",-2.85%,-0.00,229,223
4,254,"1.00, 1.00","0.50, 0.50",0.00,"0.00%, 4.60%",2.30%,-0.00,223,228
4,255,"1.00, 1.00","0.50, 0.50",0.00,"0.00%, 7.76%",3.88%,-0.00,228,237
4,256,"1.00, 1.00","0.50, 0.50",0.00,"0.00%, -7.54%",-3.77%,-0.00,237,228
4,257,"1.00, 1.00","0.50, 0.50",0.00,"0.00%, -0.04%",-0.02%,-0.00,228,228
4,258,"1.00, 1.00","0.50, 0.50",0.00,"0.00%, -24.93%",-12.46%,-0.00,228,199
4,259,"1.00, 1.00","0.50, 0.50",0.00,"0.00%, -8.35%",-4.18%,-0.00,199,191
4,260,"1.00, 1.00","0.50, 0.50",0.00,"0.00%, -1.76%",-0.88%,-0.00,191,189
4,261,"1.00, 1.00","0.50, 0.50",0.00,"0.00%, -10.17%",-5.09%,-0.00,189,180
4,262,"1.00, 1.00","0.50, 0.50",0.00,"0.00%, 16.41%",8.20%,-0.00,180,194
4,263,"1.00, 1.00","0.50, 0.50",0.00,"0.00%, -11.64%",-5.82%,-0.00,194,183
4,264,"1.00, 1.00","0.50, 0.50",0.00,"0.00%, -3.40%",-1.70%,-0.00,183,180
4,265,"1.00, 1.00","0.50, 0.50",0.00,"0.00%, 1.69%",0.85%,-0.00,180,182
4,266,"1.00, 1.00","0.50, 0.50",0.00,"0.00%, 14.42%",7.21%,-0.00,182,195
4,267,"1.00, 1.00","0.50, 0.50",0.00,"0.00%, -11.68%",-5.84%,-0.00,195,183
4,268,"1.00, 1.00","0.50, 0.50",0.00,"0.00%, 11.59%",5.80%,-0.00,183,194
4,269,"1.00, 1.00","0.50, 0.50",0.00,"0.00%, 0.59%",0.30%,-0.00,194,194
4,270,"1.00, 1.00","0.50, 0.50",0.00,"0.00%, -8.00%",-4.00%,-0.00,194,187
4,271,"1.00, 1.00","0.50, 0.50",0.00,"0.00%, 4.77%",2.38%,-0.00,187,191
4,272,"1.00, 1.00","0.50, 0.50",0.00,"0.00%, 2.32%",1.16%,-0.00,191,193
4,273,"1.00, 1.00","0.50, 0.50",0.00,"0.00%, -4.78%",-2.39%,-0.00,193,189
4,274,"1.00, 1.00","0.50, 0.50",0.00,"0.00%, 1.13%",0.57%,-0.00,189,190
4,275,"1.00, 1.00","0.50, 0.50",0.00,"0.00%, -2.92%",-1.46%,-0.00,190,187
4,276,"1.00, 1.00","0.50, 0.50",0.00,"0.00%, 1.53%",0.77%,-0.00,187,188
4,277,"1.00, 1.00","0.50, 0.50",0.00,"0.00%, 6.67%",3.34%,-0.00,188,195
4,278,"1.00, 1.00","0.50, 0.50",0.00,"0.00%, 15.92%",7.96%,-0.00,195,210
4,279,"1.00, 1.00","0.50, 0.50",0.00,"0.00%, -10.09%",-5.05%,-0.00,210,200
4,280,"1.00, 1.00","0.50, 0.50",0.00,"0.00%, 21.77%",10.89%,-0.00,200,221
4,281,"1.00, 1.00","0.50, 0.50",0.00,"0.00%, -15.69%",-7.85%,-0.00,221,204
4,282,"1.00, 1.00","0.50, 0.50",0.00,"0.00%, -0.86%",-0.43%,-0.00,204,203
4,283,"1.00, 1.00","0.50, 0.50",0.00,"0.00%, 5.97%",2.98%,-0.00,203,209
4,284,"1.00, 1.00","0.50, 0.50",0.00,"0.00%, 3.08%",1.54%,-0.00,209,212
4,285,"1.00, 1.00","0.50, 0.50",0.00,"0.00%, -4.98%",-2.49%,-0.00,212,207
4,286,"1.00, 1.00","0.50, 0.50",0.00,"0.00%, -1.36%",-0.68%,-0.00,207,206
4,287,"1.00, 1.00","0.50, 0.50",0.00,"0.00%, -3.86%",-1.93%,-0.00,206,202
4,288,"1.00, 1.00","0.50, 0.50",0.00,"0.00%, -4.69%",-2.35%,-0.00,202,197
4,289,"1.00, 1.00","0.50, 0.50",0.00,"0.00%, 8.49%",4.24%,-0.00,197,205
4,290,"1.00, 1.00","0.50, 0.50",0.00,"0.00%, 3.78%",1.89%,-0.00,205,209
4,291,"1.00, 1.00","0.50, 0.50",0.00,"0.00%, -5.57%",-2.79%,-0.00,209,203
4,292,"1.00, 1.00","0.50, 0.50",0.00,"0.00%, 8.98%",4.49%,-0.00,203,213
4,293,"1.00, 1.00","0.50, 0.50",0.00,"0.00%, 3.32%",1.66%,-0.00,213,216
4,294,"1.00, 1.00","0.50, 0.50",0.00,"0.00%, 8.13%",4.06%,-0.00,216,225
4,295,"1.00, 1.00","0.50, 0.50",0.00,"0.00%, 6.36%",3.18%,-0.00,225,232
4,296,"1.00, 1.00","0.50, 0.50",0.00,"0.00%, -6.72%",-3.36%,-0.00,232,224
4,297,"1.00, 1.00","0.50, 0.50",0.00,"0.00%, -4.44%",-2.22%,-0.00,224,219
4,298,"1.00, 1.00","0.50, 0.50",0.00,"0.00%, 7.49%",3.75%,-0.00,219,227
4,299,"1.00, 1.00","0.50, 0.50",0.00,"0.00%, 6.18%",3.09%,-0.00,227,234
4,300,"1.00, 1.00","0.50, 0.50",0.00,"0.00%, 0.31%",0.16%,-0.00,234,235
4,301,"1.00, 1.00","0.50, 0.50",0.00,"0.00%, 1.57%",0.78%,-0.00,235,237
4,302,"1.00, 1.00","0.50, 0.50",0.00,"0.00%, 12.75%",6.37%,-0.00,237,252
4,303,"1.00, 1.00","0.50, 0.50",0.00,"0.00%, -4.71%",-2.35%,-0.00,252,246
4,304,"1.00, 1.00","0.50, 0.50",0.00,"0.00%, 5.57%",2.79%,-0.00,246,253
4,305,"1.00, 1.00","0.50, 0.50",0.00,"0.00%, -1.31%",-0.66%,-0.00,253,251
4,306,"1.00, 1.00","0.50, 0.50",0.00,"0.00%, -1.45%",-0.72%,-0.00,251,249
4,307,"1.00, 1.00","0.50, 0.50",0.00,"0.00%, 10.95%",5.47%,-0.00,249,263
4,308,"1.00, 1.00","0.50, 0.50",0.00,"0.00%, 8.25%",4.13%,-0.00,263,274
4,309,"1.00, 1.00","0.50, 0.50",0.00,"0.00%, 8.14%",4.07%,-0.00,274,285
4,310,"1.00, 1.00","0.50, 0.50",0.00,"0.00%, 13.03%",6.52%,-0.00,285,303
4,311,"1.00, 1.00","0.50, 0.50",0.00,"0.00%, 0.69%",0.35%,-0.00,303,304
4,312,"1.00, 1.00","0.50, 0.50",0.00,"0.00%, 6.86%",3.43%,-0.00,304,315
4,313,"1.00, 1.00","0.50, 0.50",0.00,"0.00%, -2.27%",-1.13%,-0.00,315,311
4,314,"1.00, 1.00","0.50, 0.50",0.00,"0.00%, 3.48%",1.74%,-0.00,311,317
4,315,"1.00, 1.00","0.50, 0.50",0.00,"0.00%, -0.67%",-0.33%,-0.00,317,316
4,316,"1.00, 1.00","0.50, 0.50",0.00,"0.00%, 1.38%",0.69%,-0.00,316,318
4,317,"1.00, 1.00","0.50, 0.50",0.00,"0.00%, 6.03%",3.02%,-0.00,318,327
4,318,"1.00, 1.00","0.50, 0.50",0.00,"0.00%, -6.63%",-3.32%,-0.00,327,317
4,319,"1.00, 1.00","0.50, 0.50",0.00,"0.00%, 21.33%",10.66%,-0.00,317,350
4,320,"1.00, 1.00","0.50, 0.50",0.00,"0.00%, -8.20%",-4.10%,-0.00,350,336
4,321,"1.00, 1.00","0.50, 0.50",0.00,"0.00%, -9.90%",-4.95%,-0.00,336,319
4,322,"1.00, 1.00","0.50, 0.50",0.00,"0.00%, 11.54%",5.77%,-0.00,319,338
4,323,"1.00, 1.00","0.50, 0.50",0.00,"0.00%, 7.92%",3.96%,-0.00,338,351
4,324,"1.00, 1.00","0.50, 0.50",0.00,"0.00%, 6.31%",3.15%,-0.00,351,362
4,325,"1.00, 1.00","0.50, 0.50",0.00,"0.00%, 6.35%",3.17%,-0.00,362,374
4,326,"1.00, 1.00","0.50, 0.50",0.00,"0.00%, 0.39%",0.20%,-0.00,374,374
4,327,"1.00, 1.00","0.50, 0.50",0.00,"0.00%, -7.30%",-3.65%,-0.00,374,361
4,328,"1.00, 1.00","0.50, 0.50",0.00,"0.00%, 1.19%",0.59%,-0.00,361,363
4,329,"1.00, 1.00","0.50, 0.50",0.00,"0.00%, -5.44%",-2.72%,-0.00,363,353
4,330,"1.00, 1.00","0.50, 0.50",0.00,"0.00%, 9.72%",4.86%,-0.00,353,370
4,331,"1.00, 1.00","0.50, 0.50",0.00,"0.00%, -0.82%",-0.41%,-0.00,370,369
4,332,"1.00, 1.00","0.50, 0.50",0.00,"0.00%, -6.69%",-3.35%,-0.00,369,356
4,333,"1.00, 1.00","0.50, 0.50",0.00,"0.00%, -2.36%",-1.18%,-0.00,356,352
4,334,"1.00, 1.00","0.50, 0.50",0.00,"0.00%, 4.31%",2.15%,-0.00,352,360
4,335,"1.00, 1.00","0.50, 0.50",0.00,"0.00%, -4.47%",-2.24%,-0.00,360,352
4,336,"1.00, 1.00","0.50, 0.50",0.00,"0.00%, -6.67%",-3.33%,-0.00,352,340
4,337,"1.00, 1.00","0.50, 0.50",0.00,"0.00%, 2.73%",1.36%,-0.00,340,345
4,338,"1.00, 1.00","0.50, 0.50",0.00,"0.00%, 2.74%",1.37%,-0.00,345,349
4,339,"1.00, 1.00","0.50, 0.50",0.00,"0.00%, -3.98%",-1.99%,-0.00,349,342
4,340,"1.00, 1.00","0.50, 0.50",0.00,"0.00%, -3.67%",-1.84%,-0.00,342,336
4,341,"1.00, 1.00","0.50, 0.50",0.00,"0.00%, 2.62%",1.31%,-0.00,336,340
4,342,"1.00, 1.00","0.50, 0.50",0.00,"0.00%, -11.78%",-5.89%,-0.00,340,320
4,343,"1.00, 1.00","0.50, 0.50",0.00,"0.00%, -11.46%",-5.73%,-0.00,320,302
4,344,"1.00, 1.00","0.50, 0.50",0.00,"0.00%, -5.79%",-2.90%,-0.00,302,293
4,345,"1.00, 1.00","0.50, 0.50",0.00,"0.00%, -1.41%",-0.71%,-0.00,293,291
4,346,"1.00, 1.00","0.50, 0.50",0.00,"0.00%, 3.35%",1.68%,-0.00,291,296
4,347,"1.00, 1.00","0.50, 0.50",0.00,"0.00%, 14.77%",7.39%,-0.00,296,318
4,348,"1.00, 1.00","0.50, 0.50",0.00,"0.00%, 8.57%",4.28%,-0.00,318,332
4,349,"1.00, 1.00","0.50, 0.50",0.00,"0.00%, -0.94%",-0.47%,-0.00,332,330
4,350,"1.00, 1.00","0.50, 0.50",0.00,"0.00%, 0.33%",0.16%,-0.00,330,331
4,351,"1.00, 1.00","0.50, 0.50",0.00,"0.00%, -8.17%",-4.08%,-0.00,331,317
4,352,"1.00, 1.00","0.50, 0.50",0.00,"0.00%, 0.33%",0.17%,-0.00,317,318
4,353,"1.00, 1.00","0.50, 0.50",0.00,"0.00%, -2.08%",-1.04%,-0.00,318,314
4,354,"1.00, 1.00","0.50, 0.50",0.00,"0.00%, 3.46%",1.73%,-0.00,314,320
4,355,"1.00, 1.00","0.50, 0.50",0.00,"0.00%, -6.71%",-3.35%,-0.00,320,309
4,356,"1.00, 1.00","0.50, 0.50",0.00,"0.00%, 5.31%",2.66%,-0.00,309,317
4,357,"1.00, 1.00","0.50, 0.50",0.00,"0.00%, 15.37%",7.68%,-0.00,317,342
4,358,"1.00, 1.00","0.50, 0.50",0.00,"0.00%, -0.48%",-0.24%,-0.00,342,341
4,359,"1.00, 1.00","0.50, 0.50",0.00,"0.00%, 4.20%",2.10%,-0.00,341,348
4,360,"1.00, 1.00","0.50, 0.50",0.00,"0.00%, 6.94%",3.47%,-0.00,348,360
4,361,"1.00, 1.00","0.50, 0.50",0.00,"0.00%, -3.06%",-1.53%,-0.00,360,355
4,362,"1.00, 1.00","0.50, 0.50",0.00,"0.00%, 2.55%",1.27%,-0.00,355,359
4,363,"1.00, 1.00","0.50, 0.50",0.00,"0.00%, 0.62%",0.31%,-0.00,359,360
4,364,"1.00, 1.00","0.50, 0.50",0.00,"0.00%, 1.39%",0.69%,-0.00,360,363
4,365,"1.00, 1.00","0.50, 0.50",0.00,"0.00%, -6.25%",-3.13%,-0.00,363,351
4,366,"1.00, 1.00","0.50, 0.50",0.00,"0.00%, 0.72%",0.36%,-0.00,351,353
4,367,"1.00, 1.00","0.50, 0.50",0.00,"0.00%, 5.11%",2.55%,-0.00,353,362
4,368,"1.00, 1.00","0.50, 0.50",0.00,"0.00%, 14.52%",7.26%,-0.00,362,388
4,369,"1.00, 1.00","0.50, 0.50",0.00,"0.00%, 9.56%",4.78%,-0.00,388,406
4,370,"1.00, 1.00","0.50, 0.50",0.00,"0.00%, 21.99%",11.00%,-0.00,406,451
4,371,"1.00, 1.00","0.50, 0.50",0.00,"0.00%, -6.21%",-3.10%,-0.00,451,437
4,372,"1.00, 1.00","0.50, 0.50",0.00,"0.00%, 8.71%",4.35%,-0.00,437,456
4,373,"1.00, 1.00","0.50, 0.50",0.00,"0.00%, 2.17%",1.09%,-0.00,456,461
4,374,"1.00, 1.00","0.50, 0.50",0.00,"0.00%, 22.39%",11.20%,-0.00,461,513
4,375,"1.00, 1.00","0.50, 0.50",0.00,"0.00%, -6.55%",-3.28%,-0.00,513,496
4,376,"1.00, 1.00","0.50, 0.50",0.00,"0.00%, -6.81%",-3.41%,-0.00,496,479
4,377,"1.00, 1.00","0.50, 0.50",0.00,"0.00%, -4.78%",-2.39%,-0.00,479,468
4,378,"1.00, 1.00","0.50, 0.50",0.00,"0.00%, -16.99%",-8.49%,-0.00,468,428
4,379,"1.00, 1.00","0.50, 0.50",0.00,"0.00%, -4.14%",-2.07%,-0.00,428,419
4,380,"1.00, 1.00","0.50, 0.50",0.00,"0.00%, -6.14%",-3.07%,-0.00,419,406
4,381,"1.00, 1.00","0.50, 0.50",0.00,"0.00%, 1.87%",0.94%,-0.00,406,410
4,382,"1.00, 1.00","0.50, 0.50",0.00,"0.00%, 3.64%",1.82%,-0.00,410,417
4,383,"1.00, 1.00","0.50, 0.50",0.00,"0.00%, 18.99%",9.49%,-0.00,417,457
4,384,"1.00, 1.00","0.50, 0.50",0.00,"0.00%, 9.48%",4.74%,-0.00,457,479
4,385,"1.00, 1.00","0.50, 0.50",0.00,"0.00%, -4.58%",-2.29%,-0.00,479,468
4,386,"1.00, 1.00","0.50, 0.50",0.00,"0.00%, -7.31%",-3.65%,-0.00,468,451
4,387,"1.00, 1.00","0.50, 0.50",0.00,"0.00%, 5.05%",2.53%,-0.00,451,462
4,388,"1.00, 1.00","0.50, 0.50",0.00,"0.00%, -10.76%",-5.38%,-0.00,462,437
4,389,"1.00, 1.00","0.50, 0.50",0.00,"0.00%, 18.51%",9.26%,-0.00,437,478
4,390,"1.00, 1.00","0.50, 0.50",0.00,"0.00%, 11.76%",5.88%,-0.00,478,506
4,391,"1.00, 1.00","0.50, 0.50",0.00,"0.00%, -3.65%",-1.83%,-0.00,506,497
4,392,"1.00, 1.00","0.50, 0.50",0.00,"0.00%, -13.86%",-6.93%,-0.00,497,462
4,393,"1.00, 1.00","0.50, 0.50",0.00,"0.00%, 13.52%",6.76%,-0.00,462,493
4,394,"1.00, 1.00","0.50, 0.50",0.00,"0.00%, -0.53%",-0.26%,-0.00,493,492
4,395,"1.00, 1.00","0.50, 0.50",0.00,"0.00%, 12.34%",6.17%,-0.00,492,522
4,396,"1.00, 1.00","0.50, 0.50",0.00,"0.00%, -12.93%",-6.47%,-0.00,522,489
4,397,"1.00, 1.00","0.50, 0.50",0.00,"0.00%, -4.78%",-2.39%,-0.00,489,477
4,398,"1.00, 1.00","0.50, 0.50",0.00,"0.00%, 0.55%",0.27%,-0.00,477,478
4,399,"1.00, 1.00","0.50, 0.50",0.00,"0.00%, 0.93%",0.46%,-0.00,478,481
4,400,"1.00, 1.00","0.50, 0.50",0.00,"0.00%, -3.49%",-1.74%,-0.00,481,472
4,401,"1.00, 1.00","0.50, 0.50",0.00,"0.00%, 6.30%",3.15%,-0.00,472,487
4,402,"1.00, 1.00","0.50, 0.50",0.00,"0.00%, -8.71%",-4.35%,-0.00,487,466
4,403,"1.00, 1.00","0.50, 0.50",0.00,"0.00%, -0.78%",-0.39%,-0.00,466,464
4,404,"1.00, 1.00","0.50, 0.50",0.00,"0.00%, 1.60%",0.80%,-0.00,464,468
4,405,"1.00, 1.00","0.50, 0.50",0.00,"0.00%, 5.26%",2.63%,-0.00,468,480
4,406,"1.00, 1.00","0.50, 0.50",0.00,"0.00%, 7.15%",3.57%,-0.00,480,497
4,407,"1.00, 1.00","0.50, 0.50",0.00,"0.00%, -9.17%",-4.59%,-0.00,497,474
4,408,"1.00, 1.00","0.50, 0.50",0.00,"0.00%, -12.46%",-6.23%,-0.00,474,445
4,409,"1.00, 1.00","0.50, 0.50",0.00,"0.00%, 12.75%",6.37%,-0.00,445,473
4,410,"1.00, 1.00","0.50, 0.50",0.00,"0.00%, 3.55%",1.78%,-0.00,473,482
4,411,"1.00, 1.00","0.50, 0.50",0.00,"0.00%, -6.05%",-3.02%,-0.00,482,467
4,412,"1.00, 1.00","0.50, 0.50",0.00,"0.00%, 15.56%",7.78%,-0.00,467,503
4,413,"1.00, 1.00","0.50, 0.50",0.00,"0.00%, 1.55%",0.78%,-0.00,503,507
4,414,"1.00, 1.00","0.50, 0.50",0.00,"0.00%, 11.75%",5.88%,-0.00,507,537
4,415,"1.00, 1.00","0.50, 0.50",0.00,"0.00%, 1.11%",0.56%,-0.00,537,540
4,416,"1.00, 1.00","0.50, 0.50",0.00,"0.00%, 20.98%",10.49%,-0.00,540,597
4,417,"1.00, 1.00","0.50, 0.50",0.00,"0.00%, 17.70%",8.85%,-0.00,597,649
4,418,"1.00, 1.00","0.50, 0.50",0.00,"0.00%, -1.73%",-0.86%,-0.00,649,644
4,419,"1.00, 1.00","0.50, 0.50",0.00,"0.00%, 9.68%",4.84%,-0.00,644,675
4,420,"1.00, 1.00","0.50, 0.50",0.00,"0.00%, 6.51%",3.26%,-0.00,675,697
4,421,"1.00, 1.00","0.50, 0.50",0.00,"0.00%, 13.68%",6.84%,-0.00,697,745
4,422,"1.00, 1.00","0.50, 0.50",0.00,"0.00%, -7.86%",-3.93%,-0.00,745,715
4,423,"1.00, 1.00","0.50, 0.50",0.00,"0.00%, 6.90%",3.45%,-0.00,715,740
4,424,"1.00, 1.00","0.50, 0.50",0.00,"0.00%, 10.55%",5.27%,-0.00,740,779
4,425,"1.00, 1.00","0.50, 0.50",0.00,"0.00%, -14.21%",-7.11%,-0.00,779,724
4,426,"1.00, 1.00","0.50, 0.50",0.00,"0.00%, -9.65%",-4.83%,-0.00,724,689
4,427,"1.00, 1.00","0.50, 0.50",0.00,"0.00%, -16.35%",-8.18%,-0.00,689,633
4,428,"1.00, 1.00","0.50, 0.50",0.00,"0.00%, -1.91%",-0.95%,-0.00,633,627
4,429,"1.00, 1.00","0.50, 0.50",0.00,"0.00%, 7.21%",3.60%,-0.00,627,649
4,430,"1.00, 1.00","0.50, 0.50",0.00,"0.00%, 15.05%",7.53%,-0.00,649,698
4,431,"1.00, 1.00","0.50, 0.50",0.00,"0.00%, 1.17%",0.59%,-0.00,698,702
4,432,"1.00, 1.00","0.50, 0.50",0.00,"0.00%, 16.37%",8.18%,-0.00,702,759
4,433,"1.00, 1.00","0.50, 0.50",0.00,"0.00%, -11.24%",-5.62%,-0.00,759,717
4,434,"1.00, 1.00","0.50, 0.50",0.00,"0.00%, -13.78%",-6.89%,-0.00,717,667
4,435,"1.00, 1.00","0.50, 0.50",0.00,"0.00%, 0.00%",0.00%,-0.00,667,667
4,436,"1.00, 1.00","0.50, 0.50",0.00,"0.00%, 4.04%",2.02%,-0.00,667,681
4,437,"1.00, 1.00","0.50, 0.50",0.00,"0.00%, 0.21%",0.10%,-0.00,681,682
4,438,"1.00, 1.00","0.50, 0.50",0.00,"0.00%, -16.56%",-8.28%,-0.00,682,625
4,439,"1.00, 1.00","0.50, 0.50",0.00,"0.00%, -0.30%",-0.15%,-0.00,625,624
4,440,"1.00, 1.00","0.50, 0.50",0.00,"0.00%, -10.63%",-5.32%,-0.00,624,591
4,441,"1.00, 1.00","0.50, 0.50",0.00,"0.00%, 6.74%",3.37%,-0.00,591,611
4,442,"1.00, 1.00","0.50, 0.50",0.00,"0.00%, 3.87%",1.94%,-0.00,611,623
4,443,"1.00, 1.00","0.50, 0.50",0.00,"0.00%, -7.65%",-3.83%,-0.00,623,599
4,444,"1.00, 1.00","0.50, 0.50",0.00,"0.00%, -4.04%",-2.02%,-0.00,599,587
4,445,"1.00, 1.00","0.50, 0.50",0.00,"0.00%, -8.64%",-4.32%,-0.00,587,562
4,446,"1.00, 1.00","0.50, 0.50",0.00,"0.00%, -0.06%",-0.03%,-0.00,562,561
4,447,"1.00, 1.00","0.50, 0.50",0.00,"0.00%, 9.52%",4.76%,-0.00,561,588
4,448,"1.00, 1.00","0.50, 0.50",0.00,"0.00%, -8.03%",-4.02%,-0.00,588,564
4,449,"1.00, 1.00","0.50, 0.50",0.00,"0.00%, 5.17%",2.58%,-0.00,564,579
4,450,"1.00, 1.00","0.50, 0.50",0.00,"0.00%, -4.18%",-2.09%,-0.00,579,567
4,451,"1.00, 1.00","0.50, 0.50",0.00,"0.00%, -6.42%",-3.21%,-0.00,567,549
4,452,"1.00, 1.00","0.50, 0.50",0.00,"0.00%, -0.46%",-0.23%,-0.00,549,547
4,453,"1.00, 1.00","0.50, 0.50",0.00,"0.00%, -8.44%",-4.22%,-0.00,547,524
4,454,"1.00, 1.00","0.50, 0.50",0.00,"0.00%, -4.38%",-2.19%,-0.00,524,513
4,455,"1.00, 1.00","0.50, 0.50",0.00,"0.00%, -9.77%",-4.89%,-0.00,513,488
4,456,"1.00, 1.00","0.50, 0.50",0.00,"0.00%, 19.94%",9.97%,-0.00,488,536
4,457,"1.00, 1.00","0.50, 0.50",0.00,"0.00%, 0.82%",0.41%,-0.00,536,539
4,458,"1.00, 1.00","0.50, 0.50",0.00,"0.00%, -5.63%",-2.82%,-0.00,539,523
4,459,"1.00, 1.00","0.50, 0.50",0.00,"0.00%, 2.46%",1.23%,-0.00,523,530
4,460,"1.00, 1.00","0.50, 0.50",0.00,"0.00%, -0.51%",-0.25%,-0.00,530,529
4,461,"1.00, 1.00","0.50, 0.50",0.00,"0.00%, -1.48%",-0.74%,-0.00,529,525
4,462,"1.00, 1.00","0.50, 0.50",0.00,"0.00%, 6.21%",3.11%,-0.00,525,541
4,463,"1.00, 1.00","0.50, 0.50",0.00,"0.00%, 7.59%",3.80%,-0.00,541,561
4,464,"1.00, 1.00","0.50, 0.50",0.00,"0.00%, -4.18%",-2.09%,-0.00,561,550
4,465,"1.00, 1.00","0.50, 0.50",0.00,"0.00%, -4.57%",-2.29%,-0.00,550,537
4,466,"1.00, 1.00","0.50, 0.50",0.00,"0.00%, -1.96%",-0.98%,-0.00,537,532
4,467,"1.00, 1.00","0.50, 0.50",0.00,"0.00%, -18.30%",-9.15%,-0.00,532,483
4,468,"1.00, 1.00","0.50, 0.50",0.00,"0.00%, -12.31%",-6.16%,-0.00,483,453
4,469,"1.00, 1.00","0.50, 0.50",0.00,"0.00%, 13.66%",6.83%,-0.00,453,484
4,470,"1.00, 1.00","0.50, 0.50",0.00,"0.00%, 16.54%",8.27%,-0.00,484,525
4,471,"1.00, 1.00","0.50, 0.50",0.00,"0.00%, -1.73%",-0.86%,-0.00,525,520
4,472,"1.00, 1.00","0.50, 0.50",0.00,"0.00%, 5.85%",2.93%,-0.00,520,535
4,473,"1.00, 1.00","0.50, 0.50",0.00,"0.00%, 3.36%",1.68%,-0.00,535,544
4,474,"1.00, 1.00","0.50, 0.50",0.00,"0.00%, 32.59%",16.30%,-0.00,544,633
4,475,"1.00, 1.00","0.50, 0.50",0.00,"0.00%, 11.16%",5.58%,-0.00,633,668
4,476,"1.00, 1.00","0.50, 0.50",0.00,"0.00%, -0.65%",-0.32%,-0.00,668,666
4,477,"1.00, 1.00","0.50, 0.50",0.00,"0.00%, -7.78%",-3.89%,-0.00,666,640
4,478,"1.00, 1.00","0.50, 0.50",0.00,"0.00%, -13.03%",-6.51%,-0.00,640,598
4,479,"1.00, 1.00","0.50, 0.50",0.00,"0.00%, 2.36%",1.18%,-0.00,598,605
4,480,"1.00, 1.00","0.50, 0.50",0.00,"0.00%, -6.11%",-3.06%,-0.00,605,587
4,481,"1.00, 1.00","0.50, 0.50",0.00,"0.00%, -11.57%",-5.79%,-0.00,587,553
4,482,"1.00, 1.00","0.50, 0.50",0.00,"0.00%, -5.18%",-2.59%,-0.00,553,539
4,483,"1.00, 1.00","0.50, 0.50",0.00,"0.00%, -8.82%",-4.41%,-0.00,539,515
4,484,"1.00, 1.00","0.50, 0.50",0.00,"0.00%, 16.98%",8.49%,-0.00,515,559
4,485,"1.00, 1.00","0.50, 0.50",0.00,"0.00%, 8.80%",4.40%,-0.00,559,583
4,486,"1.00, 1.00","0.50, 0.50",0.00,"0.00%, 0.43%",0.21%,-0.00,583,584
4,487,"1.00, 1.00","0.50, 0.50",0.00,"0.00%, 14.82%",7.41%,-0.00,584,628
4,488,"1.00, 1.00","0.50, 0.50",0.00,"0.00%, 1.20%",0.60%,-0.00,628,632
4,489,"1.00, 1.00","0.50, 0.50",0.00,"0.00%, -6.99%",-3.50%,-0.00,632,609
4,490,"1.00, 1.00","0.50, 0.50",0.00,"0.00%, 15.27%",7.63%,-0.00,609,656
4,491,"1.00, 1.00","0.50, 0.50",0.00,"0.00%, 5.50%",2.75%,-0.00,656,674
4,492,"1.00, 1.00","0.50, 0.50",0.00,"0.00%, -8.46%",-4.23%,-0.00,674,645
4,493,"1.00, 1.00","0.50, 0.50",0.00,"0.00%, -1.21%",-0.60%,-0.00,645,642
4,494,"1.00, 1.00","0.50, 0.50",0.00,"0.00%, -7.11%",-3.56%,-0.00,642,619
4,495,"1.00, 1.00","0.50, 0.50",0.00,"0.00%, -11.26%",-5.63%,-0.00,619,584
4,496,"1.00, 1.00","0.50, 0.50",0.00,"0.00%, 9.24%",4.62%,-0.00,584,611
4,497,"1.00, 1.00","0.50, 0.50",0.00,"0.00%, 19.34%",9.67%,-0.00,611,670
4,498,"1.00, 1.00","0.50, 0.50",0.00,"0.00%, -11.39%",-5.69%,-0.00,670,632
4,499,"1.00, 1.00","0.50, 0.50",0.00,"0.00%, 5.72%",2.86%,549.94,632,650
5,0,"0.50, 0.50","0.50, 0.50",0.00,"0.00%, -1.59%",-0.80%,-0.00,100,99
5,1,"1.00, 1.00","0.50, 0.50",0.00,"0.00%, -1.59%",-0.80%,-0.00,99,98
5,2,"1.00, 1.00","0.50, 0.50",0.00,"0.00%, 15.85%",7.93%,-0.00,98,106
5,3,"1.00, 1.00","0.50, 0.50",0.00,"0.00%, 7.69%",3.84%,-0.00,106,110
5,4,"1.00, 1.00","0.50, 0.50",0.00,"0.00%, -3.66%",-1.83%,-0.00,110,108
5,5,"1.00, 1.00","0.50, 0.50",0.00,"0.00%, 5.53%",2.77%,-0.00,108,111
5,6,"1.00, 1.00","0.50, 0.50",0.00,"0.00%, -3.60%",-1.80%,-0.00,111,109
5,7,"1.00, 1.00","0.50, 0.50",0.00,"0.00%, -3.62%",-1.81%,-0.00,109,107
5,8,"1.00, 1.00","0.50, 0.50",0.00,"0.00%, 2.71%",1.36%,-0.00,107,109
5,9,"1.00, 1.00","0.50, 0.50",0.00,"0.00%, -15.40%",-7.70%,-0.00,109,100
5,10,"1.00, 1.00","0.50, 0.50",0.00,"0.00%, -13.95%",-6.98%,-0.00,100,93
5,11,"1.00, 1.00","0.50, 0.50",0.00,"0.00%, -4.46%",-2.23%,-0.00,93,91
5,12,"1.00, 1.00","0.50, 0.50",0.00,"0.00%, -8.25%",-4.13%,-0.00,91,88
5,13,"1.00, 1.00","0.50, 0.50",0.00,"0.00%, 3.38%",1.69%,-0.00,88,89
5,14,"1.00, 1.00","0.50, 0.50",0.00,"0.00%, -7.39%",-3.69%,-0.00,89,86
5,15,"1.00, 1.00","0.50, 0.50",0.00,"0.00%, -11.49%",-5.75%,-0.00,86,81
5,16,"1.00, 1.00","0.50, 0.50",0.00,"0.00%, 14.67%",7.34%,-0.00,81,87
5,17,"1.00, 1.00","0.50, 0.50",0.00,"0.00%, -1.52%",-0.76%,-0.00,87,86
5,18,"1.00, 1.00","0.50, 0.50",0.00,"0.00%, 1.11%",0.56%,-0.00,86,87
5,19,"1.00, 1.00","0.50, 0.50",0.00,"0.00%, -11.59%",-5.80%,-0.00,87,82
5,20,"1.00, 1.00","0.50, 0.50",0.00,"0.00%, -4.30%",-2.15%,-0.00,82,80
5,21,"1.00, 1.00","0.50, 0.50",0.00,"0.00%, 1.51%",0.75%,-0.00,80,80
5,22,"1.00, 1.00","0.50, 0.50",0.00,"0.00%, -9.39%",-4.69%,-0.00,80,77
5,23,"1.00, 1.00","0.50, 0.50",0.00,"0.00%, 3.96%",1.98%,-0.00,77,78
5,24,"1.00, 1.00","0.50, 0.50",0.00,"0.00%, -4.79%",-2.39%,-0.00,78,76
5,25,"1.00, 1.00","0.50, 0.50",0.00,"0.00%, -2.10%",-1.05%,-0.00,76,75
5,26,"1.00, 1.00","0.50, 0.50",0.00,"0.00%, -4.80%",-2.40%,-0.00,75,74
5,27,"1.00, 1.00","0.50, 0.50",0.00,"0.00%, 18.73%",9.37%,-0.00,74,81
5,28,"1.00, 1.00","0.50, 0.50",0.00,"0.00%, 0.38%",0.19%,-0.00,81,81
5,29,"1.00, 1.00","0.50, 0.50",0.00,"0.00%, -8.62%",-4.31%,-0.00,81,77
5,30,"1.00, 1.00","0.50, 0.50",0.00,"0.00%, 8.22%",4.11%,-0.00,77,80
5,31,"1.00, 1.00","0.50, 0.50",0.00,"0.00%, -9.96%",-4.98%,-0.00,80,76
5,32,"1.00, 1.00","0.50, 0.50",0.00,"0.00%, 2.41%",1.20%,-0.00,76,77
5,33,"1.00, 1.00","0.50, 0.50",0.00,"0.00%, -15.75%",-7.87%,-0.00,77,71
5,34,"1.00, 1.00","0.50, 0.50",0.00,"0.00%, -10.82%",-5.41%,-0.00,71,67
5,35,"1.00, 1.00","0.50, 0.50",0.00,"0.00%, 2.30%",1.15%,-0.00,67,68
5,36,"1.00, 1.00","0.50, 0.50",0.00,"0.00%, 7.41%",3.70%,-0.00,68,71
5,37,"1.00, 1.00","0.50, 0.50",0.00,"0.00%, 2.06%",1.03%,-0.00,71,71
5,38,"1.00, 1.00","0.50, 0.50",0.00,"0.00%, -0.54%",-0.27%,-0.00,71,71
5,39,"1.00, 1.00","0.50, 0.50",0.00,"0.00%, -2.19%",-1.09%,-0.00,71,70
5,40,"1.00, 1.00","0.50, 0.50",0.00,"0.00%, -12.02%",-6.01%,-0.00,70,66
5,41,"1.00, 1.00","0.50, 0.50",0.00,"0.00%, -5.80%",-2.90%,-0.00,66,64
5,42,"1.00, 1.00","0.50, 0.50",0.00,"0.00%, -3.58%",-1.79%,-0.00,64,63
5,43,"1.00, 1.00","0.50, 0.50",0.00,"0.00%, 10.53%",5.27%,-0.00,63,66
5,44,"1.00, 1.00","0.50, 0.50",0.00,"0.00%, 3.66%",1.83%,-0.00,66,68
5,45,"1.00, 1.00","0.50, 0.50",0.00,"0.00%, -14.24%",-7.12%,-0.00,68,63
5,46,"1.00, 1.00","0.50, 0.50",0.00,"0.00%, 3.48%",1.74%,-0.00,63,64
5,47,"1.00, 1.00","0.50, 0.50",0.00,"0.00%, -2.92%",-1.46%,-0.00,64,63
5,48,"1.00, 1.00","0.50, 0.50",0.00,"0.00%, -5.44%",-2.72%,-0.00,63,61
5,49,"1.00, 1.00","0.50, 0.50",0.00,"0.00%, 6.19%",3.09%,-0.00,61,63
5,50,"1.00, 1.00","0.50, 0.50",0.00,"0.00%, 10.27%",5.14%,-0.00,63,66
5,51,"1.00, 1.00","0.50, 0.50",0.00,"0.00%, 9.29%",4.64%,-0.00,66,69
5,52,"1.00, 1.00","0.50, 0.50",0.00,"0.00%, -6.81%",-3.40%,-0.00,69,67
5,53,"1.00, 1.00","0.50, 0.50",0.00,"0.00%, -2.26%",-1.13%,-0.00,67,66
5,54,"1.00, 1.00","0.50, 0.50",0.00,"0.00%, 3.54%",1.77%,-0.00,66,68
5,55,"1.00, 1.00","0.50, 0.50",0.00,"0.00%, 9.72%",4.86%,-0.00,68,71
5,56,"1.00, 1.00","0.50, 0.50",0.00,"0.00%, -3.74%",-1.87%,-0.00,71,70
5,57,"1.00, 1.00","0.50, 0.50",0.00,"0.00%, -1.16%",-0.58%,-0.00,70,69
5,58,"1.00, 1.00","0.50, 0.50",0.00,"0.00%, -9.02%",-4.51%,-0.00,69,66
5,59,"1.00, 1.00","0.50, 0.50",0.00,"0.00%, -9.76%",-4.88%,-0.00,66,63
5,60,"1.00, 1.00","0.50, 0.50",0.00,"0.00%, 8.13%",4.06%,-0.00,63,65
5,61,"1.00, 1.00","0.50, 0.50",0.00,"0.00%, 13.55%",6.77%,-0.00,65,70
5,62,"1.00, 1.00","0.50, 0.50",0.00,"0.00%, -0.15%",-0.07%,-0.00,70,70
5,63,"1.00, 1.00","0.50, 0.50",0.00,"0.00%, 10.00%",5.00%,-0.00,70,73
5,64,"1.00, 1.00","0.50, 0.50",0.00,"0.00%, 3.83%",1.91%,-0.00,73,75
5,65,"1.00, 1.00","0.50, 0.50",0.00,"0.00%, -5.17%",-2.58%,-0.00,75,73
5,66,"1.00, 1.00","0.50, 0.50",0.00,"0.00%, 3.82%",1.91%,-0.00,73,74
5,67,"1.00, 1.00","0.50, 0.50",0.00,"0.00%, 15.42%",7.71%,-0.00,74,80
5,68,"1.00, 1.00","0.50, 0.50",0.00,"0.00%, 0.18%",0.09%,-0.00,80,80
5,69,"1.00, 1.00","0.50, 0.50",0.00,"0.00%, 15.70%",7.85%,-0.00,80,86
5,70,"1.00, 1.00","0.50, 0.50",0.00,"0.00%, -20.61%",-10.30%,-0.00,86,77
5,71,"1.00, 1.00","0.50, 0.50",0.00,"0.00%, 8.22%",4.11%,-0.00,77,80
5,72,"1.00, 1.00","0.50, 0.50",0.00,"0.00%, 1.29%",0.65%,-0.00,80,81
5,73,"1.00, 1.00","0.50, 0.50",0.00,"0.00%, -2.17%",-1.08%,-0.00,81,80
5,74,"1.00, 1.00","0.50, 0.50",0.00,"0.00%, 1.33%",0.67%,-0.00,80,81
5,75,"1.00, 1.00","0.50, 0.50",0.00,"0.00%, -15.96%",-7.98%,-0.00,81,74
5,76,"1.00, 1.00","0.50, 0.50",0.00,"0.00%, -1.47%",-0.73%,-0.00,74,74
5,77,"1.00, 1.00","0.50, 0.50",0.00,"0.00%, 3.78%",1.89%,-0.00,74,75
5,78,"1.00, 1.00","0.50, 0.50",0.00,"0.00%, 14.80%",7.40%,-0.00,75,81
5,79,"1.00, 1.00","0.50, 0.50",0.00,"0.00%, -4.08%",-2.04%,-0.00,81,79
5,80,"1.00, 1.00","0.50, 0.50",0.00,"0.00%, -6.55%",-3.28%,-0.00,79,76
5,81,"1.00, 1.00","0.50, 0.50",0.00,"0.00%, -3.94%",-1.97%,-0.00,76,75
5,82,"1.00, 1.00","0.50, 0.50",0.00,"0.00%, 9.13%",4.57%,-0.00,75,78
5,83,"1.00, 1.00","0.50, 0.50",0.00,"0.00%, 3.52%",1.76%,-0.00,78,80
5,84,"1.00, 1.00","0.50, 0.50",0.00,"0.00%, -4.18%",-2.09%,-0.00,80,78
5,85,"1.00, 1.00","0.50, 0.50",0.00,"0.00%, 5.25%",2.63%,-0.00,78,80
5,86,"1.00, 1.00","0.50, 0.50",0.00,"0.00%, 1.38%",0.69%,-0.00,80,81
5,87,"1.00, 1.00","0.50, 0.50",0.00,"0.00%, 9.66%",4.83%,-0.00,81,84
5,88,"1.00, 1.00","0.50, 0.50",0.00,"0.00%, -5.65%",-2.83%,-0.00,84,82
5,89,"1.00, 1.00","0.50, 0.50",0.00,"0.00%, -2.42%",-1.21%,-0.00,82,81
5,90,"1.00, 1.00","0.50, 0.50",0.00,"0.00%, -2.98%",-1.49%,-0.00,81,80
5,91,"1.00, 1.00","0.50, 0.50",0.00,"0.00%, -11.90%",-5.95%,-0.00,80,75
5,92,"1.00, 1.00","0.50, 0.50",0.00,"0.00%, 3.22%",1.61%,-0.00,75,76
5,93,"1.00, 1.00","0.50, 0.50",0.00,"0.00%, 2.89%",1.45%,-0.00,76,77
5,94,"1.00, 1.00","0.50, 0.50",0.00,"0.00%, 0.55%",0.27%,-0.00,77,78
5,95,"1.00, 1.00","0.50, 0.50",0.00,"0.00%, -1.60%",-0.80%,-0.00,78,77
5,96,"1.00, 1.00","0.50, 0.50",0.00,"0.00%, -11.52%",-5.76%,-0.00,77,73
5,97,"1.00, 1.00","0.50, 0.50",0.00,"0.00%, -3.23%",-1.62%,-0.00,73,71
5,98,"1.00, 1.00","0.50, 0.50",0.00,"0.00%, -2.55%",-1.28%,-0.00,71,70
5,99,"1.00, 1.00","0.50, 0.50",0.00,"0.00%, -6.50%",-3.25%,-0.00,70,68
5,100,"1.00, 1.00","0.50, 0.50",0.00,"0.00%, -0.95%",-0.47%,-0.00,68,68
5,101,"1.00, 1.00","0.50, 0.50",0.00,"0.00%, 4.22%",2.11%,-0.00,68,69
5,102,"1.00, 1.00","0.50, 0.50",0.00,"0.00%, 19.10%",9.55%,-0.00,69,76
5,103,"1.00, 1.00","0.50, 0.50",0.00,"0.00%, 2.09%",1.05%,-0.00,76,77
5,104,"1.00, 1.00","0.50, 0.50",0.00,"0.00%, 2.86%",1.43%,-0.00,77,78
5,105,"1.00, 1.00","0.50, 0.50",0.00,"0.00%, -0.17%",-0.08%,-0.00,78,78
5,106,"1.00, 1.00","0.50, 0.50",0.00,"0.00%, -15.44%",-7.72%,-0.00,78,72
5,107,"1.00, 1.00","0.50, 0.50",0.00,"0.00%, 0.26%",0.13%,-0.00,72,72
5,108,"1.00, 1.00","0.50, 0.50",0.00,"0.00%, 1.05%",0.52%,-0.00,72,72
5,109,"1.00, 1.00","0.50, 0.50",0.00,"0.00%, 25.44%",12.72%,-0.00,72,81
5,110,"1.00, 1.00","0.50, 0.50",0.00,"0.00%, -1.22%",-0.61%,-0.00,81,81
5,111,"1.00, 1.00","0.50, 0.50",0.00,"0.00%, 3.27%",1.63%,-0.00,81,82
5,112,"1.00, 1.00","0.50, 0.50",0.00,"0.00%, 0.19%",0.09%,-0.00,82,82
5,113,"1.00, 1.00","0.50, 0.50",0.00,"0.00%, -9.53%",-4.77%,-0.00,82,78
5,114,"1.00, 1.00","0.50, 0.50",0.00,"0.00%, 11.39%",5.69%,-0.00,78,83
5,115,"1.00, 1.00","0.50, 0.50",0.00,"0.00%, 7.54%",3.77%,-0.00,83,86
5,116,"1.00, 1.00","0.50, 0.50",0.00,"0.00%, 7.92%",3.96%,-0.00,86,89
5,117,"1.00, 1.00","0.50, 0.50",0.00,"0.00%, -7.40%",-3.70%,-0.00,89,86
5,118,"1.00, 1.00","0.50, 0.50",0.00,"0.00%, 14.03%",7.01%,-0.00,86,92
5,119,"1.00, 1.00","0.50, 0.50",0.00,"0.00%, -11.41%",-5.71%,-0.00,92,87
5,120,"1.00, 1.00","0.50, 0.50",0.00,"0.00%, 5.95%",2.98%,-0.00,87,89
5,121,"1.00, 1.00","0.50, 0.50",0.00,"0.00%, 22.40%",11.20%,-0.00,89,99
5,122,"1.00, 1.00","0.50, 0.50",0.00,"0.00%, -8.07%",-4.04%,-0.00,99,95
5,123,"1.00, 1.00","0.50, 0.50",0.00,"0.00%, -4.49%",-2.25%,-0.00,95,93
5,124,"1.00, 1.00","0.50, 0.50",0.00,"0.00%, 1.41%",0.70%,-0.00,93,94
5,125,"1.00, 1.00","0.50, 0.50",0.00,"0.00%, -3.95%",-1.98%,-0.00,94,92
5,126,"1.00, 1.00","0.50, 0.50",0.00,"0.00%, -12.59%",-6.29%,-0.00,92,86
5,127,"1.00, 1.00","0.50, 0.50",0.00,"0.00%, 1.12%",0.56%,-0.00,86,87
5,128,"1.00, 1.00","0.50, 0.50",0.00,"0.00%, -8.66%",-4.33%,-0.00,87,83
5,129,"1.00, 1.00","0.50, 0.50",0.00,"0.00%, 4.88%",2.44%,-0.00,83,85
5,130,"1.00, 1.00","0.50, 0.50",0.00,"0.00%, -7.48%",-3.74%,-0.00,85,82
5,131,"1.00, 1.00","0.50, 0.50",0.00,"0.00%, 15.55%",7.77%,-0.00,82,88
5,132,"1.00, 1.00","0.50, 0.50",0.00,"0.00%, -6.34%",-3.17%,-0.00,88,85
5,133,"1.00, 1.00","0.50, 0.50",0.00,"0.00%, -2.37%",-1.19%,-0.00,85,84
5,134,"1.00, 1.00","0.50, 0.50",0.00,"0.00%, 8.14%",4.07%,-0.00,84,88
5,135,"1.00, 1.00","0.50, 0.50",0.00,"0.00%, -10.04%",-5.02%,-0.00,88,83
5,136,"1.00, 1.00","0.50, 0.50",0.00,"0.00%, 2.58%",1.29%,-0.00,83,84
5,137,"1.00, 1.00","0.50, 0.50",0.00,"0.00%, 13.05%",6.52%,-0.00,84,90
5,138,"1.00, 1.00","0.50, 0.50",0.00,"0.00%, -13.04%",-6.52%,-0.00,90,84
5,139,"1.00, 1.00","0.50, 0.50",0.00,"0.00%, 2.19%",1.09%,-0.00,84,85
5,140,"1.00, 1.00","0.50, 0.50",0.00,"0.00%, 2.88%",1.44%,-0.00,85,86
5,141,"1.00, 1.00","0.50, 0.50",0.00,"0.00%, 7.83%",3.91%,-0.00,86,90
5,142,"1.00, 1.00","0.50, 0.50",0.00,"0.00%, -10.09%",-5.04%,-0.00,90,85
5,143,"1.00, 1.00","0.50, 0.50",0.00,"0.00%, -10.76%",-5.38%,-0.00,85,81
5,144,"1.00, 1.00","0.50, 0.50",0.00,"0.00%, 5.33%",2.67%,-0.00,81,83
5,145,"1.00, 1.00","0.50, 0.50",0.00,"0.00%, 3.22%",1.61%,-0.00,83,84
5,146,"1.00, 1.00","0.50, 0.50",0.00,"0.00%, 2.79%",1.40%,-0.00,84,85
5,147,"1.00, 1.00","0.50, 0.50",0.00,"0.00%, 3.68%",1.84%,-0.00,85,87
5,148,"1.00, 1.00","0.50, 0.50",0.00,"0.00%, -5.47%",-2.73%,-0.00,87,84
5,149,"1.00, 1.00","0.50, 0.50",0.00,"0.00%, 2.62%",1.31%,-0.00,84,86
5,150,"1.00, 1.00","0.50, 0.50",0.00,"0.00%, 3.19%",1.59%,-0.00,86,87
5,151,"1.00, 1.00","0.50, 0.50",0.00,"0.00%, -5.76%",-2.88%,-0.00,87,84
5,152,"1.00, 1.00","0.50, 0.50",0.00,"0.00%, 18.88%",9.44%,-0.00,84,92
5,153,"1.00, 1.00","0.50, 0.50",0.00,"0.00%, 4.88%",2.44%,-0.00,92,95
5,154,"1.00, 1.00","0.50, 0.50",0.00,"0.00%, -9.72%",-4.86%,-0.00,95,90
5,155,"1.00, 1.00","0.50, 0.50",0.00,"0.00%, 6.62%",3.31%,-0.00,90,93
5,156,"1.00, 1.00","0.50, 0.50",0.00,"0.00%, -7.94%",-3.97%,-0.00,93,89
5,157,"1.00, 1.00","0.50, 0.50",0.00,"0.00%, 7.88%",3.94%,-0.00,89,93
5,158,"1.00, 1.00","0.50, 0.50",0.00,"0.00%, 11.55%",5.77%,-0.00,93,98
5,159,"1.00, 1.00","0.50, 0.50",0.00,"0.00%, -6.65%",-3.33%,-0.00,98,95
5,160,"1.00, 1.00","0.50, 0.50",0.00,"0.00%, 9.60%",4.80%,-0.00,95,99
5,161,"1.00, 1.00","0.50, 0.50",0.00,"0.00%, 4.31%",2.15%,-0.00,99,102
5,162,"1.00, 1.00","0.50, 0.50",0.00,"0.00%, 8.22%",4.11%,-0.00,102,106
5,163,"1.00, 1.00","0.50, 0.50",0.00,"0.00%, 19.21%",9.60%,-0.00,106,116
5,164,"1.00, 1.00","0.50, 0.50",0.00,"0.00%, -1.69%",-0.85%,-0.00,116,115
5,165,"1.00, 1.00","0.50, 0.50",0.00,"0.00%, -6.09%",-3.05%,-0.00,115,111
5,166,"1.00, 1.00","0.50, 0.50",0.00,"0.00%, -7.23%",-3.62%,-0.00,111,107
5,167,"1.00, 1.00","0.50, 0.50",0.00,"0.00%, -6.61%",-3.31%,-0.00,107,104
5,168,"1.00, 1.00","0.50, 0.50",0.00,"0.00%, -0.19%",-0.10%,-0.00,104,104
5,169,"1.00, 1.00","0.50, 0.50",0.00,"0.00%, 3.63%",1.82%,-0.00,104,106
5,170,"1.00, 1.00","0.50, 0.50",0.00,"0.00%, 3.04%",1.52%,-0.00,106,107
5,171,"1.00, 1.00","0.50, 0.50",0.00,"0.00%, 8.27%",4.13%,-0.00,107,112
5,172,"1.00, 1.00","0.50, 0.50",0.00,"0.00%, 0.62%",0.31%,-0.00,112,112
5,173,"1.00, 1.00","0.50, 0.50",0.00,"0.00%, 14.55%",7.27%,-0.00,112,120
5,174,"1.00, 1.00","0.50, 0.50",0.00,"0.00%, -1.86%",-0.93%,-0.00,120,119
5,175,"1.00, 1.00","0.50, 0.50",0.00,"0.00%, 28.38%",14.19%,-0.00,119,136
5,176,"1.00, 1.00","0.50, 0.50",0.00,"0.00%, 6.32%",3.16%,-0.00,136,140
5,177,"1.00, 1.00","0.50, 0.50",0.00,"0.00%, -6.96%",-3.48%,-0.00,140,135
5,178,"1.00, 1.00","0.50, 0.50",0.00,"0.00%, -8.73%",-4.37%,-0.00,135,129
5,179,"1.00, 1.00","0.50, 0.50",0.00,"0.00%, 4.96%",2.48%,-0.00,129,133
5,180,"1.00, 1.00","0.50, 0.50",0.00,"0.00%, -1.50%",-0.75%,-0.00,133,132
5,181,"1.00, 1.00","0.50, 0.50",0.00,"0.00%, 7.17%",3.59%,-0.00,132,136
5,182,"1.00, 1.00","0.50, 0.50",0.00,"0.00%, 4.87%",2.44%,-0.00,136,140
5,183,"1.00, 1.00","0.50, 0.50",0.00,"0.00%, -0.16%",-0.08%,-0.00,140,140
5,184,"1.00, 1.00","0.50, 0.50",0.00,"0.00%, -6.87%",-3.44%,-0.00,140,135
5,185,"1.00, 1.00","0.50, 0.50",0.00,"0.00%, -12.31%",-6.15%,-0.00,135,127
5,186,"1.00, 1.00","0.50, 0.50",0.00,"0.00%, -3.46%",-1.73%,-0.00,127,124
5,187,"1.00, 1.00","0.50, 0.50",0.00,"0.00%, 8.55%",4.28%,-0.00,124,130
5,188,"1.00, 1.00","0.50, 0.50",0.00,"0.00%, 2.46%",1.23%,-0.00,130,131
5,189,"1.00, 1.00","0.50, 0.50",0.00,"0.00%, -10.16%",-5.08%,-0.00,131,125
5,190,"1.00, 1.00","0.50, 0.50",0.00,"0.00%, 2.08%",1.04%,-0.00,125,126
5,191,"1.00, 1.00","0.50, 0.50",0.00,"0.00%, 4.05%",2.02%,-0.00,126,128
5,192,"1.00, 1.00","0.50, 0.50",0.00,"0.00%, -7.18%",-3.59%,-0.00,128,124
5,193,"1.00, 1.00","0.50, 0.50",0.00,"0.00%, 1.90%",0.95%,-0.00,124,125
5,194,"1.00, 1.00","0.50, 0.50",0.00,"0.00%, 1.03%",0.51%,-0.00,125,126
5,195,"1.00, 1.00","0.50, 0.50",0.00,"0.00%, -9.32%",-4.66%,-0.00,126,120
5,196,"1.00, 1.00","0.50, 0.50",0.00,"0.00%, 3.79%",1.90%,-0.00,120,122
5,197,"1.00, 1.00","0.50, 0.50",0.00,"0.00%, 5.70%",2.85%,-0.00,122,126
5,198,"1.00, 1.00","0.50, 0.50",0.00,"0.00%, 10.79%",5.40%,-0.00,126,132
5,199,"1.00, 1.00","0.50, 0.50",0.00,"0.00%, 10.50%",5.25%,-0.00,132,139
5,200,"1.00, 1.00","0.50, 0.50",0.00,"0.00%, -11.22%",-5.61%,-0.00,139,131
5,201,"1.00, 1.00","0.50, 0.50",0.00,"0.00%, -7.63%",-3.82%,-0.00,131,126
5,202,"1.00, 1.00","0.50, 0.50",0.00,"0.00%, 5.27%",2.63%,-0.00,126,130
5,203,"1.00, 1.00","0.50, 0.50",0.00,"0.00%, 5.26%",2.63%,-0.00,130,133
5,204,"1.00, 1.00","0.50, 0.50",0.00,"0.00%, 5.27%",2.63%,-0.00,133,137
5,205,"1.00, 1.00","0.50, 0.50",0.00,"0.00%, 42.15%",21.08%,-0.00,137,165
5,206,"1.00, 1.00","0.50, 0.50",0.00,"0.00%, 5.80%",2.90%,-0.00,165,170
5,207,"1.00, 1.00","0.50, 0.50",0.00,"0.00%, 11.32%",5.66%,-0.00,170,180
5,208,"1.00, 1.00","0.50, 0.50",0.00,"0.00%, 9.51%",4.76%,-0.00,180,188
5,209,"1.00, 1.00","0.50, 0.50",0.00,"0.00%, 6.57%",3.28%,-0.00,188,195
5,210,"1.00, 1.00","0.50, 0.50",0.00,"0.00%, -2.31%",-1.16%,-0.00,195,192
5,211,"1.00, 1.00","0.50, 0.50",0.00,"0.00%, 7.61%",3.80%,-0.00,192,200
5,212,"1.00, 1.00","0.50, 0.50",0.00,"0.00%, -6.25%",-3.13%,-0.00,200,193
5,213,"1.00, 1.00","0.50, 0.50",0.00,"0.00%, -1.62%",-0.81%,-0.00,193,192
5,214,"1.00, 1.00","0.50, 0.50",0.00,"0.00%, -3.79%",-1.90%,-0.00,192,188
5,215,"1.00, 1.00","0.50, 0.50",0.00,"0.00%, 1.24%",0.62%,-0.00,188,189
5,216,"1.00, 1.00","0.50, 0.50",0.00,"0.00%, 23.78%",11.89%,-0.00,189,212
5,217,"1.00, 1.00","0.50, 0.50",0.00,"0.00%, -15.05%",-7.52%,-0.00,212,196
5,218,"1.00, 1.00","0.50, 0.50",0.00,"0.00%, 6.90%",3.45%,-0.00,196,203
5,219,"1.00, 1.00","0.50, 0.50",0.00,"0.00%, -13.08%",-6.54%,-0.00,203,190
5,220,"1.00, 1.00","0.50, 0.50",0.00,"0.00%, -3.68%",-1.84%,-0.00,190,186
5,221,"1.00, 1.00","0.50, 0.50",0.00,"0.00%, 10.85%",5.42%,-0.00,186,196
5,222,"1.00, 1.00","0.50, 0.50",0.00,"0.00%, 1.08%",0.54%,-0.00,196,197
5,223,"1.00, 1.00","0.50, 0.50",0.00,"0.00%, -8.79%",-4.39%,-0.00,197,189
5,224,"1.00, 1.00","0.50, 0.50",0.00,"0.00%, -5.76%",-2.88%,-0.00,189,183
5,225,"1.00, 1.00","0.50, 0.50",0.00,"0.00%, 6.84%",3.42%,-0.00,183,189
5,226,"1.00, 1.00","0.50, 0.50",0.00,"0.00%, -5.89%",-2.95%,-0.00,189,184
5,227,"1.00, 1.00","0.50, 0.50",0.00,"0.00%, 2.48%",1.24%,-0.00,184,186
5,228,"1.00, 1.00","0.50, 0.50",0.00,"0.00%, 0.91%",0.46%,-0.00,186,187
5,229,"1.00, 1.00","0.50, 0.50",0.00,"0.00%, -5.22%",-2.61%,-0.00,187,182
5,230,"1.00, 1.00","0.50, 0.50",0.00,"0.00%, 21.89%",10.95%,-0.00,182,202
5,231,"1.00, 1.00","0.50, 0.50",0.00,"0.00%, 6.40%",3.20%,-0.00,202,208
5,232,"1.00, 1.00","0.50, 0.50",0.00,"0.00%, -16.24%",-8.12%,-0.00,208,191
5,233,"1.00, 1.00","0.50, 0.50",0.00,"0.00%, 2.20%",1.10%,-0.00,191,194
5,234,"1.00, 1.00","0.50, 0.50",0.00,"0.00%, -5.31%",-2.65%,-0.00,194,188
5,235,"1.00, 1.00","0.50, 0.50",0.00,"0.00%, 8.52%",4.26%,-0.00,188,196
5,236,"1.00, 1.00","0.50, 0.50",0.00,"0.00%, -6.42%",-3.21%,-0.00,196,190
5,237,"1.00, 1.00","0.50, 0.50",0.00,"0.00%, -0.53%",-0.27%,-0.00,190,190
5,238,"1.00, 1.00","0.50, 0.50",0.00,"0.00%, 5.17%",2.59%,-0.00,190,195
5,239,"1.00, 1.00","0.50, 0.50",0.00,"0.00%, 8.65%",4.32%,-0.00,195,203
5,240,"1.00, 1.00","0.50, 0.50",0.00,"0.00%, -9.79%",-4.89%,-0.00,203,193
5,241,"1.00, 1.00","0.50, 0.50",0.00,"0.00%, -2.48%",-1.24%,-0.00,193,191
5,242,"1.00, 1.00","0.50, 0.50",0.00,"0.00%, -3.70%",-1.85%,-0.00,191,187
5,243,"1.00, 1.00","0.50, 0.50",0.00,"0.00%, -5.24%",-2.62%,-0.00,187,182
5,244,"1.00, 1.00","0.50, 0.50",0.00,"0.00%, 17.81%",8.90%,-0.00,182,198
5,245,"1.00, 1.00","0.50, 0.50",0.00,"0.00%, 4.23%",2.12%,-0.00,198,203
5,246,"1.00, 1.00","0.50, 0.50",0.00,"0.00%, -10.28%",-5.14%,-0.00,203,192
5,247,"1.00, 1.00","0.50, 0.50",0.00,"0.00%, 9.16%",4.58%,-0.00,192,201
5,248,"1.00, 1.00","0.50, 0.50",0.00,"0.00%, 21.65%",10.83%,-0.00,201,223
5,249,"1.00, 1.00","0.50, 0.50",0.00,"0.00%, 10.29%",5.14%,-0.00,223,234
5,250,"1.00, 1.00","0.50, 0.50",0.00,"0.00%, -12.34%",-6.17%,-0.00,234,220
5,251,"1.00, 1.00","0.50, 0.50",0.00,"0.00%, -3.78%",-1.89%,-0.00,220,216
5,252,"1.00, 1.00","0.50, 0.50",0.00,"0.00%, 12.64%",6.32%,-0.00,216,229
5,253,"1.00, 1.00","0.50, 0.50",0.00,"0.00%, -5.70%",-2.85%,-0.00,229,223
5,254,"1.00, 1.00","0.50, 0.50",0.00,"0.00%, 4.60%",2.30%,-0.00,223,228
5,255,"1.00, 1.00","0.50, 0.50",0.00,"0.00%, 7.76%",3.88%,-0.00,228,237
5,256,"1.00, 1.00","0.50, 0.50",0.00,"0.00%, -7.54%",-3.77%,-0.00,237,228
5,257,"1.00, 1.00","0.50, 0.50",0.00,"0.00%, -0.04%",-0.02%,-0.00,228,228
5,258,"1.00, 1.00","0.50, 0.50",0.00,"0.00%, -24.93%",-12.46%,-0.00,228,199
5,259,"1.00, 1.00","0.50, 0.50",0.00,"0.00%, -8.35%",-4.18%,-0.00,199,191
5,260,"1.00, 1.00","0.50, 0.50",0.00,"0.00%, -1.76%",-0.88%,-0.00,191,189
5,261,"1.00, 1.00","0.50, 0.50",0.00,"0.00%, -10.17%",-5.09%,-0.00,189,180
5,262,"1.00, 1.00","0.50, 0.50",0.00,"0.00%, 16.41%",8.20%,-0.00,180,194
5,263,"1.00, 1.00","0.50, 0.50",0.00,"0.00%, -11.64%",-5.82%,-0.00,194,183
5,264,"1.00, 1.00","0.50, 0.50",0.00,"0.00%, -3.40%",-1.70%,-0.00,183,180
5,265,"1.00, 1.00","0.50, 0.50",0.00,"0.00%, 1.69%",0.85%,-0.00,180,182
5,266,"1.00, 1.00","0.50, 0.50",0.00,"0.00%, 14.42%",7.21%,-0.00,182,195
5,267,"1.00, 1.00","0.50, 0.50",0.00,"0.00%, -11.68%",-5.84%,-0.00,195,183
5,268,"1.00, 1.00","0.50, 0.50",0.00,"0.00%, 11.59%",5.80%,-0.00,183,194
5,269,"1.00, 1.00","0.50, 0.50",0.00,"0.00%, 0.59%",0.30%,-0.00,194,194
5,270,"1.00, 1.00","0.50, 0.50",0.00,"0.00%, -8.00%",-4.00%,-0.00,194,187
5,271,"1.00, 1.00","0.50, 0.50",0.00,"0.00%, 4.77%",2.38%,-0.00,187,191
5,272,"1.00, 1.00","0.50, 0.50",0.00,"0.00%, 2.32%",1.16%,-0.00,191,193
5,273,"1.00, 1.00","0.50, 0.50",0.00,"0.00%, -4.78%",-2.39%,-0.00,193,189
5,274,"1.00, 1.00","0.50, 0.50",0.00,"0.00%, 1.13%",0.57%,-0.00,189,190
5,275,"1.00, 1.00","0.50, 0.50",0.00,"0.00%, -2.92%",-1.46%,-0.00,190,187
5,276,"1.00, 1.00","0.50, 0.50",0.00,"0.00%, 1.53%",0.77%,-0.00,187,188
5,277,"1.00, 1.00","0.50, 0.50",0.00,"0.00%, 6.67%",3.34%,-0.00,188,195
5,278,"1.00, 1.00","0.50, 0.50",0.00,"0.00%, 15.92%",7.96%,-0.00,195,210
5,279,"1.00, 1.00","0.50, 0.50",0.00,"0.00%, -10.09%",-5.05%,-0.00,210,200
5,280,"1.00, 1.00","0.50, 0.50",0.00,"0.00%, 21.77%",10.89%,-0.00,200,221
5,281,"1.00, 1.00","0.50, 0.50",0.00,"0.00%, -15.69%",-7.85%,-0.00,221,204
5,282,"1.00, 1.00","0.50, 0.50",0.00,"0.00%, -0.86%",-0.43%,-0.00,204,203
5,283,"1.00, 1.00","0.50, 0.50",0.00,"0.00%, 5.97%",2.98%,-0.00,203,209
5,284,"1.00, 1.00","0.50, 0.50",0.00,"0.00%, 3.08%",1.54%,-0.00,209,212
5,285,"1.00, 1.00","0.50, 0.50",0.00,"0.00%, -4.98%",-2.49%,-0.00,212,207
5,286,"1.00, 1.00","0.50, 0.50",0.00,"0.00%, -1.36%",-0.68%,-0.00,207,206
5,287,"1.00, 1.00","0.50, 0.50",0.00,"0.00%, -3.86%",-1.93%,-0.00,206,202
5,288,"1.00, 1.00","0.50, 0.50",0.00,"0.00%, -4.69%",-2.35%,-0.00,202,197
5,289,"1.00, 1.00","0.50, 0.50",0.00,"0.00%, 8.49%",4.24%,-0.00,197,205
5,290,"1.00, 1.00","0.50, 0.50",0.00,"0.00%, 3.78%",1.89%,-0.00,205,209
5,291,"1.00, 1.00","0.50, 0.50",0.00,"0.00%, -5.57%",-2.79%,-0.00,209,203
5,292,"1.00, 1.00","0.50, 0.50",0.00,"0.00%, 8.98%",4.49%,-0.00,203,213
5,293,"1.00, 1.00","0.50, 0.50",0.00,"0.00%, 3.32%",1.66%,-0.00,213,216
5,294,"1.00, 1.00","0.50, 0.50",0.00,"0.00%, 8.13%",4.06%,-0.00,216,225
5,295,"1.00, 1.00","0.50, 0.50",0.00,"0.00%, 6.36%",3.18%,-0.00,225,232
5,296,"1.00, 1.00","0.50, 0.50",0.00,"0.00%, -6.72%",-3.36%,-0.00,232,224
5,297,"1.00, 1.00","0.50, 0.50",0.00,"0.00%, -4.44%",-2.22%,-0.00,224,219
5,298,"1.00, 1.00","0.50, 0.50",0.00,"0.00%, 7.49%",3.75%,-0.00,219,227
5,299,"1.00, 1.00","0.50, 0.50",0.00,"0.00%, 6.18%",3.09%,-0.00,227,234
5,300,"1.00, 1.00","0.50, 0.50",0.00,"0.00%, 0.31%",0.16%,-0.00,234,235
5,301,"1.00, 1.00","0.50, 0.50",0.00,"0.00%, 1.57%",0.78%,-0.00,235,237
5,302,"1.00, 1.00","0.50, 0.50",0.00,"0.00%, 12.75%",6.37%,-0.00,237,252
5,303,"1.00, 1.00","0.50, 0.50",0.00,"0.00%, -4.71%",-2.35%,-0.00,252,246
5,304,"1.00, 1.00","0.50, 0.50",0.00,"0.00%, 5.57%",2.79%,-0.00,246,253
5,305,"1.00, 1.00","0.50, 0.50",0.00,"0.00%, -1.31%",-0.66%,-0.00,253,251
5,306,"1.00, 1.00","0.50, 0.50",0.00,"0.00%, -1.45%",-0.72%,-0.00,251,249
5,307,"1.00, 1.00","0.50, 0.50",0.00,"0.00%, 10.95%",5.47%,-0.00,249,263
5,308,"1.00, 1.00","0.50, 0.50",0.00,"0.00%, 8.25%",4.13%,-0.00,263,274
5,309,"1.00, 1.00","0.50, 0.50",0.00,"0.00%, 8.14%",4.07%,-0.00,274,285
5,310,"1.00, 1.00","0.50, 0.50",0.00,"0.00%, 13.03%",6.52%,-0.00,285,303
5,311,"1.00, 1.00","0.50, 0.50",0.00,"0.00%, 0.69%",0.35%,-0.00,303,304
5,312,"1.00, 1.00","0.50, 0.50",0.00,"0.00%, 6.86%",3.43%,-0.00,304,315
5,313,"1.00, 1.00","0.50, 0.50",0.00,"0.00%, -2.27%",-1.13%,-0.00,315,311
5,314,"1.00, 1.00","0.50, 0.50",0.00,"0.00%, 3.48%",1.74%,-0.00,311,317
5,315,"1.00, 1.00","0.50, 0.50",0.00,"0.00%, -0.67%",-0.33%,-0.00,317,316
5,316,"1.00, 1.00","0.50, 0.50",0.00,"0.00%, 1.38%",0.69%,-0.00,316,318
5,317,"1.00, 1.00","0.50, 0.50",0.00,"0.00%, 6.03%",3.02%,-0.00,318,327
5,318,"1.00, 1.00","0.50, 0.50",0.00,"0.00%, -6.63%",-3.32%,-0.00,327,317
5,319,"1.00, 1.00","0.50, 0.50",0.00,"0.00%, 21.33%",10.66%,-0.00,317,350
5,320,"1.00, 1.00","0.50, 0.50",0.00,"0.00%, -8.20%",-4.10%,-0.00,350,336
5,321,"1.00, 1.00","0.50, 0.50",0.00,"0.00%, -9.90%",-4.95%,-0.00,336,319
5,322,"1.00, 1.00","0.50, 0.50",0.00,"0.00%, 11.54%",5.77%,-0.00,319,338
5,323,"1.00, 1.00","0.50, 0.50",0.00,"0.00%, 7.92%",3.96%,-0.00,338,351
5,324,"1.00, 1.00","0.50, 0.50",0.00,"0.00%, 6.31%",3.15%,-0.00,351,362
5,325,"1.00, 1.00","0.50, 0.50",0.00,"0.00%, 6.35%",3.17%,-0.00,362,374
5,326,"1.00, 1.00","0.50, 0.50",0.00,"0.00%, 0.39%",0.20%,-0.00,374,374
5,327,"1.00, 1.00","0.50, 0.50",0.00,"0.00%, -7.30%",-3.65%,-0.00,374,361
5,328,"1.00, 1.00","0.50, 0.50",0.00,"0.00%, 1.19%",0.59%,-0.00,361,363
5,329,"1.00, 1.00","0.50, 0.50",0.00,"0.00%, -5.44%",-2.72%,-0.00,363,353
5,330,"1.00, 1.00","0.50, 0.50",0.00,"0.00%, 9.72%",4.86%,-0.00,353,370
5,331,"1.00, 1.00","0.50, 0.50",0.00,"0.00%, -0.82%",-0.41%,-0.00,370,369
5,332,"1.00, 1.00","0.50, 0.50",0.00,"0.00%, -6.69%",-3.35%,-0.00,369,356
5,333,"1.00, 1.00","0.50, 0.50",0.00,"0.00%, -2.36%",-1.18%,-0.00,356,352
5,334,"1.00, 1.00","0.50, 0.50",0.00,"0.00%, 4.31%",2.15%,-0.00,352,360
5,335,"1.00, 1.00","0.50, 0.50",0.00,"0.00%, -4.47%",-2.24%,-0.00,360,352
5,336,"1.00, 1.00","0.50, 0.50",0.00,"0.00%, -6.67%",-3.33%,-0.00,352,340
5,337,"1.00, 1.00","0.50, 0.50",0.00,"0.00%, 2.73%",1.36%,-0.00,340,345
5,338,"1.00, 1.00","0.50, 0.50",0.00,"0.00%, 2.74%",1.37%,-0.00,345,349
5,339,"1.00, 1.00","0.50, 0.50",0.00,"0.00%, -3.98%",-1.99%,-0.00,349,342
5,340,"1.00, 1.00","0.50, 0.50",0.00,"0.00%, -3.67%",-1.84%,-0.00,342,336
5,341,"1.00, 1.00","0.50, 0.50",0.00,"0.00%, 2.62%",1.31%,-0.00,336,340
5,342,"1.00, 1.00","0.50, 0.50",0.00,"0.00%, -11.78%",-5.89%,-0.00,340,320
5,343,"1.00, 1.00","0.50, 0.50",0.00,"0.00%, -11.46%",-5.73%,-0.00,320,302
5,344,"1.00, 1.00","0.50, 0.50",0.00,"0.00%, -5.79%",-2.90%,-0.00,302,293
5,345,"1.00, 1.00","0.50, 0.50",0.00,"0.00%, -1.41%",-0.71%,-0.00,293,291
5,346,"1.00, 1.00","0.50, 0.50",0.00,"0.00%, 3.35%",1.68%,-0.00,291,296
5,347,"1.00, 1.00","0.50, 0.50",0.00,"0.00%, 14.77%",7.39%,-0.00,296,318
5,348,"1.00, 1.00","0.50, 0.50",0.00,"0.00%, 8.57%",4.28%,-0.00,318,332
5,349,"1.00, 1.00","0.50, 0.50",0.00,"0.00%, -0.94%",-0.47%,-0.00,332,330
5,350,"1.00, 1.00","0.50, 0.50",0.00,"0.00%, 0.33%",0.16%,-0.00,330,331
5,351,"1.00, 1.00","0.50, 0.50",0.00,"0.00%, -8.17%",-4.08%,-0.00,331,317
5,352,"1.00, 1.00","0.50, 0.50",0.00,"0.00%, 0.33%",0.17%,-0.00,317,318
5,353,"1.00, 1.00","0.50, 0.50",0.00,"0.00%, -2.08%",-1.04%,-0.00,318,314
5,354,"1.00, 1.00","0.50, 0.50",0.00,"0.00%, 3.46%",1.73%,-0.00,314,320
5,355,"1.00, 1.00","0.50, 0.50",0.00,"0.00%, -6.71%",-3.35%,-0.00,320,309
5,356,"1.00, 1.00","0.50, 0.50",0.00,"0.00%, 5.31%",2.66%,-0.00,309,317
5,357,"1.00, 1.00","0.50, 0.50",0.00,"0.00%, 15.37%",7.68%,-0.00,317,342
5,358,"1.00, 1.00","0.50, 0.50",0.00,"0.00%, -0.48%",-0.24%,-0.00,342,341
5,359,"1.00, 1.00","0.50, 0.50",0.00,"0.00%, 4.20%",2.10%,-0.00,341,348
5,360,"1.00, 1.00","0.50, 0.50",0.00,"0.00%, 6.94%",3.47%,-0.00,348,360
5,361,"1.00, 1.00","0.50, 0.50",0.00,"0.00%, -3.06%",-1.53%,-0.00,360,355
5,362,"1.00, 1.00","0.50, 0.50",0.00,"0.00%, 2.55%",1.27%,-0.00,355,359
5,363,"1.00, 1.00","0.50, 0.50",0.00,"0.00%, 0.62%",0.31%,-0.00,359,360
5,364,"1.00, 1.00","0.50, 0.50",0.00,"0.00%, 1.39%",0.69%,-0.00,360,363
5,365,"1.00, 1.00","0.50, 0.50",0.00,"0.00%, -6.25%",-3.13%,-0.00,363,351
5,366,"1.00, 1.00","0.50, 0.50",0.00,"0.00%, 0.72%",0.36%,-0.00,351,353
5,367,"1.00, 1.00","0.50, 0.50",0.00,"0.00%, 5.11%",2.55%,-0.00,353,362
5,368,"1.00, 1.00","0.50, 0.50",0.00,"0.00%, 14.52%",7.26%,-0.00,362,388
5,369,"1.00, 1.00","0.50, 0.50",0.00,"0.00%, 9.56%",4.78%,-0.00,388,406
5,370,"1.00, 1.00","0.50, 0.50",0.00,"0.00%, 21.99%",11.00%,-0.00,406,451
5,371,"1.00, 1.00","0.50, 0.50",0.00,"0.00%, -6.21%",-3.10%,-0.00,451,437
5,372,"1.00, 1.00","0.50, 0.50",0.00,"0.00%, 8.71%",4.35%,-0.00,437,456
5,373,"1.00, 1.00","0.50, 0.50",0.00,"0.00%, 2.17%",1.09%,-0.00,456,461
5,374,"1.00, 1.00","0.50, 0.50",0.00,"0.00%, 22.39%",11.20%,-0.00,461,513
5,375,"1.00, 1.00","0.50, 0.50",0.00,"0.00%, -6.55%",-3.28%,-0.00,513,496
5,376,"1.00, 1.00","0.50, 0.50",0.00,"0.00%, -6.81%",-3.41%,-0.00,496,479
5,377,"1.00, 1.00","0.50, 0.50",0.00,"0.00%, -4.78%",-2.39%,-0.00,479,468
5,378,"1.00, 1.00","0.50, 0.50",0.00,"0.00%, -16.99%",-8.49%,-0.00,468,428
5,379,"1.00, 1.00","0.50, 0.50",0.00,"0.00%, -4.14%",-2.07%,-0.00,428,419
5,380,"1.00, 1.00","0.50, 0.50",0.00,"0.00%, -6.14%",-3.07%,-0.00,419,406
5,381,"1.00, 1.00","0.50, 0.50",0.00,"0.00%, 1.87%",0.94%,-0.00,406,410
5,382,"1.00, 1.00","0.50, 0.50",0.00,"0.00%, 3.64%",1.82%,-0.00,410,417
5,383,"1.00, 1.00","0.50, 0.50",0.00,"0.00%, 18.99%",9.49%,-0.00,417,457
5,384,"1.00, 1.00","0.50, 0.50",0.00,"0.00%, 9.48%",4.74%,-0.00,457,479
5,385,"1.00, 1.00","0.50, 0.50",0.00,"0.00%, -4.58%",-2.29%,-0.00,479,468
5,386,"1.00, 1.00","0.50, 0.50",0.00,"0.00%, -7.31%",-3.65%,-0.00,468,451
5,387,"1.00, 1.00","0.50, 0.50",0.00,"0.00%, 5.05%",2.53%,-0.00,451,462
5,388,"1.00, 1.00","0.50, 0.50",0.00,"0.00%, -10.76%",-5.38%,-0.00,462,437
5,389,"1.00, 1.00","0.50, 0.50",0.00,"0.00%, 18.51%",9.26%,-0.00,437,478
5,390,"1.00, 1.00","0.50, 0.50",0.00,"0.00%, 11.76%",5.88%,-0.00,478,506
5,391,"1.00, 1.00","0.50, 0.50",0.00,"0.00%, -3.65%",-1.83%,-0.00,506,497
5,392,"1.00, 1.00","0.50, 0.50",0.00,"0.00%, -13.86%",-6.93%,-0.00,497,462
5,393,"1.00, 1.00","0.50, 0.50",0.00,"0.00%, 13.52%",6.76%,-0.00,462,493
5,394,"1.00, 1.00","0.50, 0.50",0.00,"0.00%, -0.53%",-0.26%,-0.00,493,492
5,395,"1.00, 1.00","0.50, 0.50",0.00,"0.00%, 12.34%",6.17%,-0.00,492,522
5,396,"1.00, 1.00","0.50, 0.50",0.00,"0.00%, -12.93%",-6.47%,-0.00,522,489
5,397,"1.00, 1.00","0.50, 0.50",0.00,"0.00%, -4.78%",-2.39%,-0.00,489,477
5,398,"1.00, 1.00","0.50, 0.50",0.00,"0.00%, 0.55%",0.27%,-0.00,477,478
5,399,"1.00, 1.00","0.50, 0.50",0.00,"0.00%, 0.93%",0.46%,-0.00,478,481
5,400,"1.00, 1.00","0.50, 0.50",0.00,"0.00%, -3.49%",-1.74%,-0.00,481,472
5,401,"1.00, 1.00","0.50, 0.50",0.00,"0.00%, 6.30%",3.15%,-0.00,472,487
5,402,"1.00, 1.00","0.50, 0.50",0.00,"0.00%, -8.71%",-4.35%,-0.00,487,466
5,403,"1.00, 1.00","0.50, 0.50",0.00,"0.00%, -0.78%",-0.39%,-0.00,466,464
5,404,"1.00, 1.00","0.50, 0.50",0.00,"0.00%, 1.60%",0.80%,-0.00,464,468
5,405,"1.00, 1.00","0.50, 0.50",0.00,"0.00%, 5.26%",2.63%,-0.00,468,480
5,406,"1.00, 1.00","0.50, 0.50",0.00,"0.00%, 7.15%",3.57%,-0.00,480,497
5,407,"1.00, 1.00","0.50, 0.50",0.00,"0.00%, -9.17%",-4.59%,-0.00,497,474
5,408,"1.00, 1.00","0.50, 0.50",0.00,"0.00%, -12.46%",-6.23%,-0.00,474,445
5,409,"1.00, 1.00","0.50, 0.50",0.00,"0.00%, 12.75%",6.37%,-0.00,445,473
5,410,"1.00, 1.00","0.50, 0.50",0.00,"0.00%, 3.55%",1.78%,-0.00,473,482
5,411,"1.00, 1.00","0.50, 0.50",0.00,"0.00%, -6.05%",-3.02%,-0.00,482,467
5,412,"1.00, 1.00","0.50, 0.50",0.00,"0.00%, 15.56%",7.78%,-0.00,467,503
5,413,"1.00, 1.00","0.50, 0.50",0.00,"0.00%, 1.55%",0.78%,-0.00,503,507
5,414,"1.00, 1.00","0.50, 0.50",0.00,"0.00%, 11.75%",5.88%,-0.00,507,537
5,415,"1.00, 1.00","0.50, 0.50",0.00,"0.00%, 1.11%",0.56%,-0.00,537,540
5,416,"1.00, 1.00","0.50, 0.50",0.00,"0.00%, 20.98%",10.49%,-0.00,540,597
5,417,"1.00, 1.00","0.50, 0.50",0.00,"0.00%, 17.70%",8.85%,-0.00,597,649
5,418,"1.00, 1.00","0.50, 0.50",0.00,"0.00%, -1.73%",-0.86%,-0.00,649,644
5,419,"1.00, 1.00","0.50, 0.50",0.00,"0.00%, 9.68%",4.84%,-0.00,644,675
5,420,"1.00, 1.00","0.50, 0.50",0.00,"0.00%, 6.51%",3.26%,-0.00,675,697
5,421,"1.00, 1.00","0.50, 0.50",0.00,"0.00%, 13.68%",6.84%,-0.00,697,745
5,422,"1.00, 1.00","0.50, 0.50",0.00,"0.00%, -7.86%",-3.93%,-0.00,745,715
5,423,"1.00, 1.00","0.50, 0.50",0.00,"0.00%, 6.90%",3.45%,-0.00,715,740
5,424,"1.00, 1.00","0.50, 0.50",0.00,"0.00%, 10.55%",5.27%,-0.00,740,779
5,425,"1.00, 1.00","0.50, 0.50",0.00,"0.00%, -14.21%",-7.11%,-0.00,779,724
5,426,"1.00, 1.00","0.50, 0.50",0.00,"0.00%, -9.65%",-4.83%,-0.00,724,689
5,427,"1.00, 1.00","0.50, 0.50",0.00,"0.00%, -16.35%",-8.18%,-0.00,689,633
5,428,"1.00, 1.00","0.50, 0.50",0.00,"0.00%, -1.91%",-0.95%,-0.00,633,627
5,429,"1.00, 1.00","0.50, 0.50",0.00,"0.00%, 7.21%",3.60%,-0.00,627,649
5,430,"1.00, 1.00","0.50, 0.50",0.00,"0.00%, 15.05%",7.53%,-0.00,649,698
5,431,"1.00, 1.00","0.50, 0.50",0.00,"0.00%, 1.17%",0.59%,-0.00,698,702
5,432,"1.00, 1.00","0.50, 0.50",0.00,"0.00%, 16.37%",8.18%,-0.00,702,759
5,433,"1.00, 1.00","0.50, 0.50",0.00,"0.00%, -11.24%",-5.62%,-0.00,759,717
5,434,"1.00, 1.00","0.50, 0.50",0.00,"0.00%, -13.78%",-6.89%,-0.00,717,667
5,435,"1.00, 1.00","0.50, 0.50",0.00,"0.00%, 0.00%",0.00%,-0.00,667,667
5,436,"1.00, 1.00","0.50, 0.50",0.00,"0.00%, 4.04%",2.02%,-0.00,667,681
5,437,"1.00, 1.00","0.50, 0.50",0.00,"0.00%, 0.21%",0.10%,-0.00,681,682
5,438,"1.00, 1.00","0.50, 0.50",0.00,"0.00%, -16.56%",-8.28%,-0.00,682,625
5,439,"1.00, 1.00","0.50, 0.50",0.00,"0.00%, -0.30%",-0.15%,-0.00,625,624
5,440,"1.00, 1.00","0.50, 0.50",0.00,"0.00%, -10.63%",-5.32%,-0.00,624,591
5,441,"1.00, 1.00","0.50, 0.50",0.00,"0.00%, 6.74%",3.37%,-0.00,591,611
5,442,"1.00, 1.00","0.50, 0.50",0.00,"0.00%, 3.87%",1.94%,-0.00,611,623
5,443,"1.00, 1.00","0.50, 0.50",0.00,"0.00%, -7.65%",-3.83%,-0.00,623,599
5,444,"1.00, 1.00","0.50, 0.50",0.00,"0.00%, -4.04%",-2.02%,-0.00,599,587
5,445,"1.00, 1.00","0.50, 0.50",0.00,"0.00%, -8.64%",-4.32%,-0.00,587,562
5,446,"1.00, 1.00","0.50, 0.50",0.00,"0.00%, -0.06%",-0.03%,-0.00,562,561
5,447,"1.00, 1.00","0.50, 0.50",0.00,"0.00%, 9.52%",4.76%,-0.00,561,588
5,448,"1.00, 1.00","0.50, 0.50",0.00,"0.00%, -8.03%",-4.02%,-0.00,588,564
5,449,"1.00, 1.00","0.50, 0.50",0.00,"0.00%, 5.17%",2.58%,-0.00,564,579
5,450,"1.00, 1.00","0.50, 0.50",0.00,"0.00%, -4.18%",-2.09%,-0.00,579,567
5,451,"1.00, 1.00","0.50, 0.50",0.00,"0.00%, -6.42%",-3.21%,-0.00,567,549
5,452,"1.00, 1.00","0.50, 0.50",0.00,"0.00%, -0.46%",-0.23%,-0.00,549,547
5,453,"1.00, 1.00","0.50, 0.50",0.00,"0.00%, -8.44%",-4.22%,-0.00,547,524
5,454,"1.00, 1.00","0.50, 0.50",0.00,"0.00%, -4.38%",-2.19%,-0.00,524,513
5,455,"1.00, 1.00","0.50, 0.50",0.00,"0.00%, -9.77%",-4.89%,-0.00,513,488
5,456,"1.00, 1.00","0.50, 0.50",0.00,"0.00%, 19.94%",9.97%,-0.00,488,536
5,457,"1.00, 1.00","0.50, 0.50",0.00,"0.00%, 0.82%",0.41%,-0.00,536,539
5,458,"1.00, 1.00","0.50, 0.50",0.00,"0.00%, -5.63%",-2.82%,-0.00,539,523
5,459,"1.00, 1.00","0.50, 0.50",0.00,"0.00%, 2.46%",1.23%,-0.00,523,530
5,460,"1.00, 1.00","0.50, 0.50",0.00,"0.00%, -0.51%",-0.25%,-0.00,530,529
5,461,"1.00, 1.00","0.50, 0.50",0.00,"0.00%, -1.48%",-0.74%,-0.00,529,525
5,462,"1.00, 1.00","0.50, 0.50",0.00,"0.00%, 6.21%",3.11%,-0.00,525,541
5,463,"1.00, 1.00","0.50, 0.50",0.00,"0.00%, 7.59%",3.80%,-0.00,541,561
5,464,"1.00, 1.00","0.50, 0.50",0.00,"0.00%, -4.18%",-2.09%,-0.00,561,550
5,465,"1.00, 1.00","0.50, 0.50",0.00,"0.00%, -4.57%",-2.29%,-0.00,550,537
5,466,"1.00, 1.00","0.50, 0.50",0.00,"0.00%, -1.96%",-0.98%,-0.00,537,532
5,467,"1.00, 1.00","0.50, 0.50",0.00,"0.00%, -18.30%",-9.15%,-0.00,532,483
5,468,"1.00, 1.00","0.50, 0.50",0.00,"0.00%, -12.31%",-6.16%,-0.00,483,453
5,469,"1.00, 1.00","0.50, 0.50",0.00,"0.00%, 13.66%",6.83%,-0.00,453,484
5,470,"1.00, 1.00","0.50, 0.50",0.00,"0.00%, 16.54%",8.27%,-0.00,484,525
5,471,"1.00, 1.00","0.50, 0.50",0.00,"0.00%, -1.73%",-0.86%,-0.00,525,520
5,472,"1.00, 1.00","0.50, 0.50",0.00,"0.00%, 5.85%",2.93%,-0.00,520,535
5,473,"1.00, 1.00","0.50, 0.50",0.00,"0.00%, 3.36%",1.68%,-0.00,535,544
5,474,"1.00, 1.00","0.50, 0.50",0.00,"0.00%, 32.59%",16.30%,-0.00,544,633
5,475,"1.00, 1.00","0.50, 0.50",0.00,"0.00%, 11.16%",5.58%,-0.00,633,668
5,476,"1.00, 1.00","0.50, 0.50",0.00,"0.00%, -0.65%",-0.32%,-0.00,668,666
5,477,"1.00, 1.00","0.50, 0.50",0.00,"0.00%, -7.78%",-3.89%,-0.00,666,640
5,478,"1.00, 1.00","0.50, 0.50",0.00,"0.00%, -13.03%",-6.51%,-0.00,640,598
5,479,"1.00, 1.00","0.50, 0.50",0.00,"0.00%, 2.36%",1.18%,-0.00,598,605
5,480,"1.00, 1.00","0.50, 0.50",0.00,"0.00%, -6.11%",-3.06%,-0.00,605,587
5,481,"1.00, 1.00","0.50, 0.50",0.00,"0.00%, -11.57%",-5.79%,-0.00,587,553
5,482,"1.00, 1.00","0.50, 0.50",0.00,"0.00%, -5.18%",-2.59%,-0.00,553,539
5,483,"1.00, 1.00","0.50, 0.50",0.00,"0.00%, -8.82%",-4.41%,-0.00,539,515
5,484,"1.00, 1.00","0.50, 0.50",0.00,"0.00%, 16.98%",8.49%,-0.00,515,559
5,485,"1.00, 1.00","0.50, 0.50",0.00,"0.00%, 8.80%",4.40%,-0.00,559,583
5,486,"1.00, 1.00","0.50, 0.50",0.00,"0.00%, 0.43%",0.21%,-0.00,583,584
5,487,"1.00, 1.00","0.50, 0.50",0.00,"0.00%, 14.82%",7.41%,-0.00,584,628
5,488,"1.00, 1.00","0.50, 0.50",0.00,"0.00%, 1.20%",0.60%,-0.00,628,632
5,489,"1.00, 1.00","0.50, 0.50",0.00,"0.00%, -6.99%",-3.50%,-0.00,632,609
5,490,"1.00, 1.00","0.50, 0.50",0.00,"0.00%, 15.27%",7.63%,-0.00,609,656
5,491,"1.00, 1.00","0.50, 0.50",0.00,"0.00%, 5.50%",2.75%,-0.00,656,674
5,492,"1.00, 1.00","0.50, 0.50",0.00,"0.00%, -8.46%",-4.23%,-0.00,674,645
5,493,"1.00, 1.00","0.50, 0.50",0.00,"0.00%, -1.21%",-0.60%,-0.00,645,642
5,494,"1.00, 1.00","0.50, 0.50",0.00,"0.00%, -7.11%",-3.56%,-0.00,642,619
5,495,"1.00, 1.00","0.50, 0.50",0.00,"0.00%, -11.26%",-5.63%,-0.00,619,584
5,496,"1.00, 1.00","0.50, 0.50",0.00,"0.00%, 9.24%",4.62%,-0.00,584,611
5,497,"1.00, 1.00","0.50, 0.50",0.00,"0.00%, 19.34%",9.67%,-0.00,611,670
5,498,"1.00, 1.00","0.50, 0.50",0.00,"0.00%, -11.39%",-5.69%,-0.00,670,632
5,499,"1.00, 1.00","0.50, 0.50",0.00,"0.00%, 5.72%",2.86%,549.94,632,650
