date,tic,close,return_t-1,return_t-2,return_t-3,ma_3,ma_5,ma_10,log_return,volatility_5,momentum_5
2023-01-10,CASH,1000,0.0,0.0,0.0,1000.0,1000.0,1000.0,0.0,0.0,0.0
2023-01-11,CASH,1000,0.0,0.0,0.0,1000.0,1000.0,1000.0,0.0,0.0,0.0
2023-01-12,CASH,1000,0.0,0.0,0.0,1000.0,1000.0,1000.0,0.0,0.0,0.0
2023-01-13,CASH,1000,0.0,0.0,0.0,1000.0,1000.0,1000.0,0.0,0.0,0.0
2023-01-14,CASH,1000,0.0,0.0,0.0,1000.0,1000.0,1000.0,0.0,0.0,0.0
2023-01-15,CASH,1000,0.0,0.0,0.0,1000.0,1000.0,1000.0,0.0,0.0,0.0
2023-01-16,CASH,1000,0.0,0.0,0.0,1000.0,1000.0,1000.0,0.0,0.0,0.0
2023-01-17,CASH,1000,0.0,0.0,0.0,1000.0,1000.0,1000.0,0.0,0.0,0.0
2023-01-18,CASH,1000,0.0,0.0,0.0,1000.0,1000.0,1000.0,0.0,0.0,0.0
2023-01-19,CASH,1000,0.0,0.0,0.0,1000.0,1000.0,1000.0,0.0,0.0,0.0
2023-01-20,CASH,1000,0.0,0.0,0.0,1000.0,1000.0,1000.0,0.0,0.0,0.0
2023-01-21,CASH,1000,0.0,0.0,0.0,1000.0,1000.0,1000.0,0.0,0.0,0.0
2023-01-22,CASH,1000,0.0,0.0,0.0,1000.0,1000.0,1000.0,0.0,0.0,0.0
2023-01-23,CASH,1000,0.0,0.0,0.0,1000.0,1000.0,1000.0,0.0,0.0,0.0
2023-01-24,CASH,1000,0.0,0.0,0.0,1000.0,1000.0,1000.0,0.0,0.0,0.0
2023-01-25,CASH,1000,0.0,0.0,0.0,1000.0,1000.0,1000.0,0.0,0.0,0.0
2023-01-26,CASH,1000,0.0,0.0,0.0,1000.0,1000.0,1000.0,0.0,0.0,0.0
2023-01-27,CASH,1000,0.0,0.0,0.0,1000.0,1000.0,1000.0,0.0,0.0,0.0
2023-01-28,CASH,1000,0.0,0.0,0.0,1000.0,1000.0,1000.0,0.0,0.0,0.0
2023-01-29,CASH,1000,0.0,0.0,0.0,1000.0,1000.0,1000.0,0.0,0.0,0.0
2023-01-30,CASH,1000,0.0,0.0,0.0,1000.0,1000.0,1000.0,0.0,0.0,0.0
2023-01-31,CASH,1000,0.0,0.0,0.0,1000.0,1000.0,1000.0,0.0,0.0,0.0
2023-02-01,CASH,1000,0.0,0.0,0.0,1000.0,1000.0,1000.0,0.0,0.0,0.0
2023-02-02,CASH,1000,0.0,0.0,0.0,1000.0,1000.0,1000.0,0.0,0.0,0.0
2023-02-03,CASH,1000,0.0,0.0,0.0,1000.0,1000.0,1000.0,0.0,0.0,0.0
2023-02-04,CASH,1000,0.0,0.0,0.0,1000.0,1000.0,1000.0,0.0,0.0,0.0
2023-02-05,CASH,1000,0.0,0.0,0.0,1000.0,1000.0,1000.0,0.0,0.0,0.0
2023-02-06,CASH,1000,0.0,0.0,0.0,1000.0,1000.0,1000.0,0.0,0.0,0.0
2023-02-07,CASH,1000,0.0,0.0,0.0,1000.0,1000.0,1000.0,0.0,0.0,0.0
2023-02-08,CASH,1000,0.0,0.0,0.0,1000.0,1000.0,1000.0,0.0,0.0,0.0
2023-02-09,CASH,1000,0.0,0.0,0.0,1000.0,1000.0,1000.0,0.0,0.0,0.0
2023-02-10,CASH,1000,0.0,0.0,0.0,1000.0,1000.0,1000.0,0.0,0.0,0.0
2023-02-11,CASH,1000,0.0,0.0,0.0,1000.0,1000.0,1000.0,0.0,0.0,0.0
2023-02-12,CASH,1000,0.0,0.0,0.0,1000.0,1000.0,1000.0,0.0,0.0,0.0
2023-02-13,CASH,1000,0.0,0.0,0.0,1000.0,1000.0,1000.0,0.0,0.0,0.0
2023-02-14,CASH,1000,0.0,0.0,0.0,1000.0,1000.0,1000.0,0.0,0.0,0.0
2023-02-15,CASH,1000,0.0,0.0,0.0,1000.0,1000.0,1000.0,0.0,0.0,0.0
2023-02-16,CASH,1000,0.0,0.0,0.0,1000.0,1000.0,1000.0,0.0,0.0,0.0
2023-02-17,CASH,1000,0.0,0.0,0.0,1000.0,1000.0,1000.0,0.0,0.0,0.0
2023-02-18,CASH,1000,0.0,0.0,0.0,1000.0,1000.0,1000.0,0.0,0.0,0.0
2023-02-19,CASH,1000,0.0,0.0,0.0,1000.0,1000.0,1000.0,0.0,0.0,0.0
2023-02-20,CASH,1000,0.0,0.0,0.0,1000.0,1000.0,1000.0,0.0,0.0,0.0
2023-02-21,CASH,1000,0.0,0.0,0.0,1000.0,1000.0,1000.0,0.0,0.0,0.0
2023-02-22,CASH,1000,0.0,0.0,0.0,1000.0,1000.0,1000.0,0.0,0.0,0.0
2023-02-23,CASH,1000,0.0,0.0,0.0,1000.0,1000.0,1000.0,0.0,0.0,0.0
2023-02-24,CASH,1000,0.0,0.0,0.0,1000.0,1000.0,1000.0,0.0,0.0,0.0
2023-02-25,CASH,1000,0.0,0.0,0.0,1000.0,1000.0,1000.0,0.0,0.0,0.0
2023-02-26,CASH,1000,0.0,0.0,0.0,1000.0,1000.0,1000.0,0.0,0.0,0.0
2023-02-27,CASH,1000,0.0,0.0,0.0,1000.0,1000.0,1000.0,0.0,0.0,0.0
2023-02-28,CASH,1000,0.0,0.0,0.0,1000.0,1000.0,1000.0,0.0,0.0,0.0
2023-03-01,CASH,1000,0.0,0.0,0.0,1000.0,1000.0,1000.0,0.0,0.0,0.0
2023-03-02,CASH,1000,0.0,0.0,0.0,1000.0,1000.0,1000.0,0.0,0.0,0.0
2023-03-03,CASH,1000,0.0,0.0,0.0,1000.0,1000.0,1000.0,0.0,0.0,0.0
2023-03-04,CASH,1000,0.0,0.0,0.0,1000.0,1000.0,1000.0,0.0,0.0,0.0
2023-03-05,CASH,1000,0.0,0.0,0.0,1000.0,1000.0,1000.0,0.0,0.0,0.0
2023-03-06,CASH,1000,0.0,0.0,0.0,1000.0,1000.0,1000.0,0.0,0.0,0.0
2023-03-07,CASH,1000,0.0,0.0,0.0,1000.0,1000.0,1000.0,0.0,0.0,0.0
2023-03-08,CASH,1000,0.0,0.0,0.0,1000.0,1000.0,1000.0,0.0,0.0,0.0
2023-03-09,CASH,1000,0.0,0.0,0.0,1000.0,1000.0,1000.0,0.0,0.0,0.0
2023-03-10,CASH,1000,0.0,0.0,0.0,1000.0,1000.0,1000.0,0.0,0.0,0.0
2023-03-11,CASH,1000,0.0,0.0,0.0,1000.0,1000.0,1000.0,0.0,0.0,0.0
2023-03-12,CASH,1000,0.0,0.0,0.0,1000.0,1000.0,1000.0,0.0,0.0,0.0
2023-03-13,CASH,1000,0.0,0.0,0.0,1000.0,1000.0,1000.0,0.0,0.0,0.0
2023-03-14,CASH,1000,0.0,0.0,0.0,1000.0,1000.0,1000.0,0.0,0.0,0.0
2023-03-15,CASH,1000,0.0,0.0,0.0,1000.0,1000.0,1000.0,0.0,0.0,0.0
2023-03-16,CASH,1000,0.0,0.0,0.0,1000.0,1000.0,1000.0,0.0,0.0,0.0
2023-03-17,CASH,1000,0.0,0.0,0.0,1000.0,1000.0,1000.0,0.0,0.0,0.0
2023-03-18,CASH,1000,0.0,0.0,0.0,1000.0,1000.0,1000.0,0.0,0.0,0.0
2023-03-19,CASH,1000,0.0,0.0,0.0,1000.0,1000.0,1000.0,0.0,0.0,0.0
2023-03-20,CASH,1000,0.0,0.0,0.0,1000.0,1000.0,1000.0,0.0,0.0,0.0
2023-03-21,CASH,1000,0.0,0.0,0.0,1000.0,1000.0,1000.0,0.0,0.0,0.0
2023-03-22,CASH,1000,0.0,0.0,0.0,1000.0,1000.0,1000.0,0.0,0.0,0.0
2023-03-23,CASH,1000,0.0,0.0,0.0,1000.0,1000.0,1000.0,0.0,0.0,0.0
2023-03-24,CASH,1000,0.0,0.0,0.0,1000.0,1000.0,1000.0,0.0,0.0,0.0
2023-03-25,CASH,1000,0.0,0.0,0.0,1000.0,1000.0,1000.0,0.0,0.0,0.0
2023-03-26,CASH,1000,0.0,0.0,0.0,1000.0,1000.0,1000.0,0.0,0.0,0.0
2023-03-27,CASH,1000,0.0,0.0,0.0,1000.0,1000.0,1000.0,0.0,0.0,0.0
2023-03-28,CASH,1000,0.0,0.0,0.0,1000.0,1000.0,1000.0,0.0,0.0,0.0
2023-03-29,CASH,1000,0.0,0.0,0.0,1000.0,1000.0,1000.0,0.0,0.0,0.0
2023-03-30,CASH,1000,0.0,0.0,0.0,1000.0,1000.0,1000.0,0.0,0.0,0.0
2023-03-31,CASH,1000,0.0,0.0,0.0,1000.0,1000.0,1000.0,0.0,0.0,0.0
2023-04-01,CASH,1000,0.0,0.0,0.0,1000.0,1000.0,1000.0,0.0,0.0,0.0
2023-04-02,CASH,1000,0.0,0.0,0.0,1000.0,1000.0,1000.0,0.0,0.0,0.0
2023-04-03,CASH,1000,0.0,0.0,0.0,1000.0,1000.0,1000.0,0.0,0.0,0.0
2023-04-04,CASH,1000,0.0,0.0,0.0,1000.0,1000.0,1000.0,0.0,0.0,0.0
2023-04-05,CASH,1000,0.0,0.0,0.0,1000.0,1000.0,1000.0,0.0,0.0,0.0
2023-04-06,CASH,1000,0.0,0.0,0.0,1000.0,1000.0,1000.0,0.0,0.0,0.0
2023-04-07,CASH,1000,0.0,0.0,0.0,1000.0,1000.0,1000.0,0.0,0.0,0.0
2023-04-08,CASH,1000,0.0,0.0,0.0,1000.0,1000.0,1000.0,0.0,0.0,0.0
2023-04-09,CASH,1000,0.0,0.0,0.0,1000.0,1000.0,1000.0,0.0,0.0,0.0
2023-04-10,CASH,1000,0.0,0.0,0.0,1000.0,1000.0,1000.0,0.0,0.0,0.0
2023-04-11,CASH,1000,0.0,0.0,0.0,1000.0,1000.0,1000.0,0.0,0.0,0.0
2023-04-12,CASH,1000,0.0,0.0,0.0,1000.0,1000.0,1000.0,0.0,0.0,0.0
2023-04-13,CASH,1000,0.0,0.0,0.0,1000.0,1000.0,1000.0,0.0,0.0,0.0
2023-04-14,CASH,1000,0.0,0.0,0.0,1000.0,1000.0,1000.0,0.0,0.0,0.0
2023-04-15,CASH,1000,0.0,0.0,0.0,1000.0,1000.0,1000.0,0.0,0.0,0.0
2023-04-16,CASH,1000,0.0,0.0,0.0,1000.0,1000.0,1000.0,0.0,0.0,0.0
2023-04-17,CASH,1000,0.0,0.0,0.0,1000.0,1000.0,1000.0,0.0,0.0,0.0
2023-04-18,CASH,1000,0.0,0.0,0.0,1000.0,1000.0,1000.0,0.0,0.0,0.0
2023-04-19,CASH,1000,0.0,0.0,0.0,1000.0,1000.0,1000.0,0.0,0.0,0.0
2023-04-20,CASH,1000,0.0,0.0,0.0,1000.0,1000.0,1000.0,0.0,0.0,0.0
2023-04-21,CASH,1000,0.0,0.0,0.0,1000.0,1000.0,1000.0,0.0,0.0,0.0
2023-04-22,CASH,1000,0.0,0.0,0.0,1000.0,1000.0,1000.0,0.0,0.0,0.0
2023-04-23,CASH,1000,0.0,0.0,0.0,1000.0,1000.0,1000.0,0.0,0.0,0.0
2023-04-24,CASH,1000,0.0,0.0,0.0,1000.0,1000.0,1000.0,0.0,0.0,0.0
2023-04-25,CASH,1000,0.0,0.0,0.0,1000.0,1000.0,1000.0,0.0,0.0,0.0
2023-04-26,CASH,1000,0.0,0.0,0.0,1000.0,1000.0,1000.0,0.0,0.0,0.0
2023-04-27,CASH,1000,0.0,0.0,0.0,1000.0,1000.0,1000.0,0.0,0.0,0.0
2023-04-28,CASH,1000,0.0,0.0,0.0,1000.0,1000.0,1000.0,0.0,0.0,0.0
2023-04-29,CASH,1000,0.0,0.0,0.0,1000.0,1000.0,1000.0,0.0,0.0,0.0
2023-04-30,CASH,1000,0.0,0.0,0.0,1000.0,1000.0,1000.0,0.0,0.0,0.0
2023-05-01,CASH,1000,0.0,0.0,0.0,1000.0,1000.0,1000.0,0.0,0.0,0.0
2023-05-02,CASH,1000,0.0,0.0,0.0,1000.0,1000.0,1000.0,0.0,0.0,0.0
2023-05-03,CASH,1000,0.0,0.0,0.0,1000.0,1000.0,1000.0,0.0,0.0,0.0
2023-05-04,CASH,1000,0.0,0.0,0.0,1000.0,1000.0,1000.0,0.0,0.0,0.0
2023-05-05,CASH,1000,0.0,0.0,0.0,1000.0,1000.0,1000.0,0.0,0.0,0.0
2023-05-06,CASH,1000,0.0,0.0,0.0,1000.0,1000.0,1000.0,0.0,0.0,0.0
2023-05-07,CASH,1000,0.0,0.0,0.0,1000.0,1000.0,1000.0,0.0,0.0,0.0
2023-05-08,CASH,1000,0.0,0.0,0.0,1000.0,1000.0,1000.0,0.0,0.0,0.0
2023-05-09,CASH,1000,0.0,0.0,0.0,1000.0,1000.0,1000.0,0.0,0.0,0.0
2023-05-10,CASH,1000,0.0,0.0,0.0,1000.0,1000.0,1000.0,0.0,0.0,0.0
2023-05-11,CASH,1000,0.0,0.0,0.0,1000.0,1000.0,1000.0,0.0,0.0,0.0
2023-05-12,CASH,1000,0.0,0.0,0.0,1000.0,1000.0,1000.0,0.0,0.0,0.0
2023-05-13,CASH,1000,0.0,0.0,0.0,1000.0,1000.0,1000.0,0.0,0.0,0.0
2023-05-14,CASH,1000,0.0,0.0,0.0,1000.0,1000.0,1000.0,0.0,0.0,0.0
2023-05-15,CASH,1000,0.0,0.0,0.0,1000.0,1000.0,1000.0,0.0,0.0,0.0
2023-05-16,CASH,1000,0.0,0.0,0.0,1000.0,1000.0,1000.0,0.0,0.0,0.0
2023-05-17,CASH,1000,0.0,0.0,0.0,1000.0,1000.0,1000.0,0.0,0.0,0.0
2023-05-18,CASH,1000,0.0,0.0,0.0,1000.0,1000.0,1000.0,0.0,0.0,0.0
2023-05-19,CASH,1000,0.0,0.0,0.0,1000.0,1000.0,1000.0,0.0,0.0,0.0
2023-05-20,CASH,1000,0.0,0.0,0.0,1000.0,1000.0,1000.0,0.0,0.0,0.0
2023-05-21,CASH,1000,0.0,0.0,0.0,1000.0,1000.0,1000.0,0.0,0.0,0.0
2023-05-22,CASH,1000,0.0,0.0,0.0,1000.0,1000.0,1000.0,0.0,0.0,0.0
2023-05-23,CASH,1000,0.0,0.0,0.0,1000.0,1000.0,1000.0,0.0,0.0,0.0
2023-05-24,CASH,1000,0.0,0.0,0.0,1000.0,1000.0,1000.0,0.0,0.0,0.0
2023-05-25,CASH,1000,0.0,0.0,0.0,1000.0,1000.0,1000.0,0.0,0.0,0.0
2023-05-26,CASH,1000,0.0,0.0,0.0,1000.0,1000.0,1000.0,0.0,0.0,0.0
2023-05-27,CASH,1000,0.0,0.0,0.0,1000.0,1000.0,1000.0,0.0,0.0,0.0
2023-05-28,CASH,1000,0.0,0.0,0.0,1000.0,1000.0,1000.0,0.0,0.0,0.0
2023-05-29,CASH,1000,0.0,0.0,0.0,1000.0,1000.0,1000.0,0.0,0.0,0.0
2023-05-30,CASH,1000,0.0,0.0,0.0,1000.0,1000.0,1000.0,0.0,0.0,0.0
2023-05-31,CASH,1000,0.0,0.0,0.0,1000.0,1000.0,1000.0,0.0,0.0,0.0
2023-06-01,CASH,1000,0.0,0.0,0.0,1000.0,1000.0,1000.0,0.0,0.0,0.0
2023-06-02,CASH,1000,0.0,0.0,0.0,1000.0,1000.0,1000.0,0.0,0.0,0.0
2023-06-03,CASH,1000,0.0,0.0,0.0,1000.0,1000.0,1000.0,0.0,0.0,0.0
2023-06-04,CASH,1000,0.0,0.0,0.0,1000.0,1000.0,1000.0,0.0,0.0,0.0
2023-06-05,CASH,1000,0.0,0.0,0.0,1000.0,1000.0,1000.0,0.0,0.0,0.0
2023-06-06,CASH,1000,0.0,0.0,0.0,1000.0,1000.0,1000.0,0.0,0.0,0.0
2023-06-07,CASH,1000,0.0,0.0,0.0,1000.0,1000.0,1000.0,0.0,0.0,0.0
2023-06-08,CASH,1000,0.0,0.0,0.0,1000.0,1000.0,1000.0,0.0,0.0,0.0
2023-06-09,CASH,1000,0.0,0.0,0.0,1000.0,1000.0,1000.0,0.0,0.0,0.0
2023-06-10,CASH,1000,0.0,0.0,0.0,1000.0,1000.0,1000.0,0.0,0.0,0.0
2023-06-11,CASH,1000,0.0,0.0,0.0,1000.0,1000.0,1000.0,0.0,0.0,0.0
2023-06-12,CASH,1000,0.0,0.0,0.0,1000.0,1000.0,1000.0,0.0,0.0,0.0
2023-06-13,CASH,1000,0.0,0.0,0.0,1000.0,1000.0,1000.0,0.0,0.0,0.0
2023-06-14,CASH,1000,0.0,0.0,0.0,1000.0,1000.0,1000.0,0.0,0.0,0.0
2023-06-15,CASH,1000,0.0,0.0,0.0,1000.0,1000.0,1000.0,0.0,0.0,0.0
2023-06-16,CASH,1000,0.0,0.0,0.0,1000.0,1000.0,1000.0,0.0,0.0,0.0
2023-06-17,CASH,1000,0.0,0.0,0.0,1000.0,1000.0,1000.0,0.0,0.0,0.0
2023-06-18,CASH,1000,0.0,0.0,0.0,1000.0,1000.0,1000.0,0.0,0.0,0.0
2023-06-19,CASH,1000,0.0,0.0,0.0,1000.0,1000.0,1000.0,0.0,0.0,0.0
2023-06-20,CASH,1000,0.0,0.0,0.0,1000.0,1000.0,1000.0,0.0,0.0,0.0
2023-06-21,CASH,1000,0.0,0.0,0.0,1000.0,1000.0,1000.0,0.0,0.0,0.0
2023-06-22,CASH,1000,0.0,0.0,0.0,1000.0,1000.0,1000.0,0.0,0.0,0.0
2023-06-23,CASH,1000,0.0,0.0,0.0,1000.0,1000.0,1000.0,0.0,0.0,0.0
2023-06-24,CASH,1000,0.0,0.0,0.0,1000.0,1000.0,1000.0,0.0,0.0,0.0
2023-06-25,CASH,1000,0.0,0.0,0.0,1000.0,1000.0,1000.0,0.0,0.0,0.0
2023-06-26,CASH,1000,0.0,0.0,0.0,1000.0,1000.0,1000.0,0.0,0.0,0.0
2023-06-27,CASH,1000,0.0,0.0,0.0,1000.0,1000.0,1000.0,0.0,0.0,0.0
2023-06-28,CASH,1000,0.0,0.0,0.0,1000.0,1000.0,1000.0,0.0,0.0,0.0
2023-06-29,CASH,1000,0.0,0.0,0.0,1000.0,1000.0,1000.0,0.0,0.0,0.0
2023-06-30,CASH,1000,0.0,0.0,0.0,1000.0,1000.0,1000.0,0.0,0.0,0.0
2023-07-01,CASH,1000,0.0,0.0,0.0,1000.0,1000.0,1000.0,0.0,0.0,0.0
2023-07-02,CASH,1000,0.0,0.0,0.0,1000.0,1000.0,1000.0,0.0,0.0,0.0
2023-07-03,CASH,1000,0.0,0.0,0.0,1000.0,1000.0,1000.0,0.0,0.0,0.0
2023-07-04,CASH,1000,0.0,0.0,0.0,1000.0,1000.0,1000.0,0.0,0.0,0.0
2023-07-05,CASH,1000,0.0,0.0,0.0,1000.0,1000.0,1000.0,0.0,0.0,0.0
2023-07-06,CASH,1000,0.0,0.0,0.0,1000.0,1000.0,1000.0,0.0,0.0,0.0
2023-07-07,CASH,1000,0.0,0.0,0.0,1000.0,1000.0,1000.0,0.0,0.0,0.0
2023-07-08,CASH,1000,0.0,0.0,0.0,1000.0,1000.0,1000.0,0.0,0.0,0.0
2023-07-09,CASH,1000,0.0,0.0,0.0,1000.0,1000.0,1000.0,0.0,0.0,0.0
2023-07-10,CASH,1000,0.0,0.0,0.0,1000.0,1000.0,1000.0,0.0,0.0,0.0
2023-07-11,CASH,1000,0.0,0.0,0.0,1000.0,1000.0,1000.0,0.0,0.0,0.0
2023-07-12,CASH,1000,0.0,0.0,0.0,1000.0,1000.0,1000.0,0.0,0.0,0.0
2023-07-13,CASH,1000,0.0,0.0,0.0,1000.0,1000.0,1000.0,0.0,0.0,0.0
2023-07-14,CASH,1000,0.0,0.0,0.0,1000.0,1000.0,1000.0,0.0,0.0,0.0
2023-07-15,CASH,1000,0.0,0.0,0.0,1000.0,1000.0,1000.0,0.0,0.0,0.0
2023-07-16,CASH,1000,0.0,0.0,0.0,1000.0,1000.0,1000.0,0.0,0.0,0.0
2023-07-17,CASH,1000,0.0,0.0,0.0,1000.0,1000.0,1000.0,0.0,0.0,0.0
2023-07-18,CASH,1000,0.0,0.0,0.0,1000.0,1000.0,1000.0,0.0,0.0,0.0
2023-07-19,CASH,1000,0.0,0.0,0.0,1000.0,1000.0,1000.0,0.0,0.0,0.0
2023-07-20,CASH,1000,0.0,0.0,0.0,1000.0,1000.0,1000.0,0.0,0.0,0.0
2023-07-21,CASH,1000,0.0,0.0,0.0,1000.0,1000.0,1000.0,0.0,0.0,0.0
2023-07-22,CASH,1000,0.0,0.0,0.0,1000.0,1000.0,1000.0,0.0,0.0,0.0
2023-07-23,CASH,1000,0.0,0.0,0.0,1000.0,1000.0,1000.0,0.0,0.0,0.0
2023-07-24,CASH,1000,0.0,0.0,0.0,1000.0,1000.0,1000.0,0.0,0.0,0.0
2023-07-25,CASH,1000,0.0,0.0,0.0,1000.0,1000.0,1000.0,0.0,0.0,0.0
2023-07-26,CASH,1000,0.0,0.0,0.0,1000.0,1000.0,1000.0,0.0,0.0,0.0
2023-07-27,CASH,1000,0.0,0.0,0.0,1000.0,1000.0,1000.0,0.0,0.0,0.0
2023-07-28,CASH,1000,0.0,0.0,0.0,1000.0,1000.0,1000.0,0.0,0.0,0.0
2023-07-29,CASH,1000,0.0,0.0,0.0,1000.0,1000.0,1000.0,0.0,0.0,0.0
2023-07-30,CASH,1000,0.0,0.0,0.0,1000.0,1000.0,1000.0,0.0,0.0,0.0
2023-07-31,CASH,1000,0.0,0.0,0.0,1000.0,1000.0,1000.0,0.0,0.0,0.0
2023-08-01,CASH,1000,0.0,0.0,0.0,1000.0,1000.0,1000.0,0.0,0.0,0.0
2023-08-02,CASH,1000,0.0,0.0,0.0,1000.0,1000.0,1000.0,0.0,0.0,0.0
2023-08-03,CASH,1000,0.0,0.0,0.0,1000.0,1000.0,1000.0,0.0,0.0,0.0
2023-08-04,CASH,1000,0.0,0.0,0.0,1000.0,1000.0,1000.0,0.0,0.0,0.0
2023-08-05,CASH,1000,0.0,0.0,0.0,1000.0,1000.0,1000.0,0.0,0.0,0.0
2023-08-06,CASH,1000,0.0,0.0,0.0,1000.0,1000.0,1000.0,0.0,0.0,0.0
2023-08-07,CASH,1000,0.0,0.0,0.0,1000.0,1000.0,1000.0,0.0,0.0,0.0
2023-08-08,CASH,1000,0.0,0.0,0.0,1000.0,1000.0,1000.0,0.0,0.0,0.0
2023-08-09,CASH,1000,0.0,0.0,0.0,1000.0,1000.0,1000.0,0.0,0.0,0.0
2023-08-10,CASH,1000,0.0,0.0,0.0,1000.0,1000.0,1000.0,0.0,0.0,0.0
2023-08-11,CASH,1000,0.0,0.0,0.0,1000.0,1000.0,1000.0,0.0,0.0,0.0
2023-08-12,CASH,1000,0.0,0.0,0.0,1000.0,1000.0,1000.0,0.0,0.0,0.0
2023-08-13,CASH,1000,0.0,0.0,0.0,1000.0,1000.0,1000.0,0.0,0.0,0.0
2023-08-14,CASH,1000,0.0,0.0,0.0,1000.0,1000.0,1000.0,0.0,0.0,0.0
2023-08-15,CASH,1000,0.0,0.0,0.0,1000.0,1000.0,1000.0,0.0,0.0,0.0
2023-08-16,CASH,1000,0.0,0.0,0.0,1000.0,1000.0,1000.0,0.0,0.0,0.0
2023-08-17,CASH,1000,0.0,0.0,0.0,1000.0,1000.0,1000.0,0.0,0.0,0.0
2023-08-18,CASH,1000,0.0,0.0,0.0,1000.0,1000.0,1000.0,0.0,0.0,0.0
2023-08-19,CASH,1000,0.0,0.0,0.0,1000.0,1000.0,1000.0,0.0,0.0,0.0
2023-08-20,CASH,1000,0.0,0.0,0.0,1000.0,1000.0,1000.0,0.0,0.0,0.0
2023-08-21,CASH,1000,0.0,0.0,0.0,1000.0,1000.0,1000.0,0.0,0.0,0.0
2023-08-22,CASH,1000,0.0,0.0,0.0,1000.0,1000.0,1000.0,0.0,0.0,0.0
2023-08-23,CASH,1000,0.0,0.0,0.0,1000.0,1000.0,1000.0,0.0,0.0,0.0
2023-08-24,CASH,1000,0.0,0.0,0.0,1000.0,1000.0,1000.0,0.0,0.0,0.0
2023-08-25,CASH,1000,0.0,0.0,0.0,1000.0,1000.0,1000.0,0.0,0.0,0.0
2023-08-26,CASH,1000,0.0,0.0,0.0,1000.0,1000.0,1000.0,0.0,0.0,0.0
2023-08-27,CASH,1000,0.0,0.0,0.0,1000.0,1000.0,1000.0,0.0,0.0,0.0
2023-08-28,CASH,1000,0.0,0.0,0.0,1000.0,1000.0,1000.0,0.0,0.0,0.0
2023-08-29,CASH,1000,0.0,0.0,0.0,1000.0,1000.0,1000.0,0.0,0.0,0.0
2023-08-30,CASH,1000,0.0,0.0,0.0,1000.0,1000.0,1000.0,0.0,0.0,0.0
2023-08-31,CASH,1000,0.0,0.0,0.0,1000.0,1000.0,1000.0,0.0,0.0,0.0
2023-09-01,CASH,1000,0.0,0.0,0.0,1000.0,1000.0,1000.0,0.0,0.0,0.0
2023-09-02,CASH,1000,0.0,0.0,0.0,1000.0,1000.0,1000.0,0.0,0.0,0.0
2023-09-03,CASH,1000,0.0,0.0,0.0,1000.0,1000.0,1000.0,0.0,0.0,0.0
2023-09-04,CASH,1000,0.0,0.0,0.0,1000.0,1000.0,1000.0,0.0,0.0,0.0
2023-09-05,CASH,1000,0.0,0.0,0.0,1000.0,1000.0,1000.0,0.0,0.0,0.0
2023-09-06,CASH,1000,0.0,0.0,0.0,1000.0,1000.0,1000.0,0.0,0.0,0.0
2023-09-07,CASH,1000,0.0,0.0,0.0,1000.0,1000.0,1000.0,0.0,0.0,0.0
2023-09-08,CASH,1000,0.0,0.0,0.0,1000.0,1000.0,1000.0,0.0,0.0,0.0
2023-09-09,CASH,1000,0.0,0.0,0.0,1000.0,1000.0,1000.0,0.0,0.0,0.0
2023-09-10,CASH,1000,0.0,0.0,0.0,1000.0,1000.0,1000.0,0.0,0.0,0.0
2023-09-11,CASH,1000,0.0,0.0,0.0,1000.0,1000.0,1000.0,0.0,0.0,0.0
2023-09-12,CASH,1000,0.0,0.0,0.0,1000.0,1000.0,1000.0,0.0,0.0,0.0
2023-09-13,CASH,1000,0.0,0.0,0.0,1000.0,1000.0,1000.0,0.0,0.0,0.0
2023-09-14,CASH,1000,0.0,0.0,0.0,1000.0,1000.0,1000.0,0.0,0.0,0.0
2023-09-15,CASH,1000,0.0,0.0,0.0,1000.0,1000.0,1000.0,0.0,0.0,0.0
2023-09-16,CASH,1000,0.0,0.0,0.0,1000.0,1000.0,1000.0,0.0,0.0,0.0
2023-09-17,CASH,1000,0.0,0.0,0.0,1000.0,1000.0,1000.0,0.0,0.0,0.0
2023-09-18,CASH,1000,0.0,0.0,0.0,1000.0,1000.0,1000.0,0.0,0.0,0.0
2023-09-19,CASH,1000,0.0,0.0,0.0,1000.0,1000.0,1000.0,0.0,0.0,0.0
2023-09-20,CASH,1000,0.0,0.0,0.0,1000.0,1000.0,1000.0,0.0,0.0,0.0
2023-09-21,CASH,1000,0.0,0.0,0.0,1000.0,1000.0,1000.0,0.0,0.0,0.0
2023-09-22,CASH,1000,0.0,0.0,0.0,1000.0,1000.0,1000.0,0.0,0.0,0.0
2023-09-23,CASH,1000,0.0,0.0,0.0,1000.0,1000.0,1000.0,0.0,0.0,0.0
2023-09-24,CASH,1000,0.0,0.0,0.0,1000.0,1000.0,1000.0,0.0,0.0,0.0
2023-09-25,CASH,1000,0.0,0.0,0.0,1000.0,1000.0,1000.0,0.0,0.0,0.0
2023-09-26,CASH,1000,0.0,0.0,0.0,1000.0,1000.0,1000.0,0.0,0.0,0.0
2023-09-27,CASH,1000,0.0,0.0,0.0,1000.0,1000.0,1000.0,0.0,0.0,0.0
2023-09-28,CASH,1000,0.0,0.0,0.0,1000.0,1000.0,1000.0,0.0,0.0,0.0
2023-09-29,CASH,1000,0.0,0.0,0.0,1000.0,1000.0,1000.0,0.0,0.0,0.0
2023-09-30,CASH,1000,0.0,0.0,0.0,1000.0,1000.0,1000.0,0.0,0.0,0.0
2023-10-01,CASH,1000,0.0,0.0,0.0,1000.0,1000.0,1000.0,0.0,0.0,0.0
2023-10-02,CASH,1000,0.0,0.0,0.0,1000.0,1000.0,1000.0,0.0,0.0,0.0
2023-10-03,CASH,1000,0.0,0.0,0.0,1000.0,1000.0,1000.0,0.0,0.0,0.0
2023-10-04,CASH,1000,0.0,0.0,0.0,1000.0,1000.0,1000.0,0.0,0.0,0.0
2023-10-05,CASH,1000,0.0,0.0,0.0,1000.0,1000.0,1000.0,0.0,0.0,0.0
2023-10-06,CASH,1000,0.0,0.0,0.0,1000.0,1000.0,1000.0,0.0,0.0,0.0
2023-10-07,CASH,1000,0.0,0.0,0.0,1000.0,1000.0,1000.0,0.0,0.0,0.0
2023-10-08,CASH,1000,0.0,0.0,0.0,1000.0,1000.0,1000.0,0.0,0.0,0.0
2023-10-09,CASH,1000,0.0,0.0,0.0,1000.0,1000.0,1000.0,0.0,0.0,0.0
2023-10-10,CASH,1000,0.0,0.0,0.0,1000.0,1000.0,1000.0,0.0,0.0,0.0
2023-10-11,CASH,1000,0.0,0.0,0.0,1000.0,1000.0,1000.0,0.0,0.0,0.0
2023-10-12,CASH,1000,0.0,0.0,0.0,1000.0,1000.0,1000.0,0.0,0.0,0.0
2023-10-13,CASH,1000,0.0,0.0,0.0,1000.0,1000.0,1000.0,0.0,0.0,0.0
2023-10-14,CASH,1000,0.0,0.0,0.0,1000.0,1000.0,1000.0,0.0,0.0,0.0
2023-10-15,CASH,1000,0.0,0.0,0.0,1000.0,1000.0,1000.0,0.0,0.0,0.0
2023-10-16,CASH,1000,0.0,0.0,0.0,1000.0,1000.0,1000.0,0.0,0.0,0.0
2023-10-17,CASH,1000,0.0,0.0,0.0,1000.0,1000.0,1000.0,0.0,0.0,0.0
2023-10-18,CASH,1000,0.0,0.0,0.0,1000.0,1000.0,1000.0,0.0,0.0,0.0
2023-10-19,CASH,1000,0.0,0.0,0.0,1000.0,1000.0,1000.0,0.0,0.0,0.0
2023-10-20,CASH,1000,0.0,0.0,0.0,1000.0,1000.0,1000.0,0.0,0.0,0.0
2023-10-21,CASH,1000,0.0,0.0,0.0,1000.0,1000.0,1000.0,0.0,0.0,0.0
2023-10-22,CASH,1000,0.0,0.0,0.0,1000.0,1000.0,1000.0,0.0,0.0,0.0
2023-10-23,CASH,1000,0.0,0.0,0.0,1000.0,1000.0,1000.0,0.0,0.0,0.0
2023-10-24,CASH,1000,0.0,0.0,0.0,1000.0,1000.0,1000.0,0.0,0.0,0.0
2023-10-25,CASH,1000,0.0,0.0,0.0,1000.0,1000.0,1000.0,0.0,0.0,0.0
2023-10-26,CASH,1000,0.0,0.0,0.0,1000.0,1000.0,1000.0,0.0,0.0,0.0
2023-10-27,CASH,1000,0.0,0.0,0.0,1000.0,1000.0,1000.0,0.0,0.0,0.0
2023-10-28,CASH,1000,0.0,0.0,0.0,1000.0,1000.0,1000.0,0.0,0.0,0.0
2023-10-29,CASH,1000,0.0,0.0,0.0,1000.0,1000.0,1000.0,0.0,0.0,0.0
2023-10-30,CASH,1000,0.0,0.0,0.0,1000.0,1000.0,1000.0,0.0,0.0,0.0
2023-10-31,CASH,1000,0.0,0.0,0.0,1000.0,1000.0,1000.0,0.0,0.0,0.0
2023-11-01,CASH,1000,0.0,0.0,0.0,1000.0,1000.0,1000.0,0.0,0.0,0.0
2023-11-02,CASH,1000,0.0,0.0,0.0,1000.0,1000.0,1000.0,0.0,0.0,0.0
2023-11-03,CASH,1000,0.0,0.0,0.0,1000.0,1000.0,1000.0,0.0,0.0,0.0
2023-11-04,CASH,1000,0.0,0.0,0.0,1000.0,1000.0,1000.0,0.0,0.0,0.0
2023-11-05,CASH,1000,0.0,0.0,0.0,1000.0,1000.0,1000.0,0.0,0.0,0.0
2023-11-06,CASH,1000,0.0,0.0,0.0,1000.0,1000.0,1000.0,0.0,0.0,0.0
2023-11-07,CASH,1000,0.0,0.0,0.0,1000.0,1000.0,1000.0,0.0,0.0,0.0
2023-11-08,CASH,1000,0.0,0.0,0.0,1000.0,1000.0,1000.0,0.0,0.0,0.0
2023-11-09,CASH,1000,0.0,0.0,0.0,1000.0,1000.0,1000.0,0.0,0.0,0.0
2023-11-10,CASH,1000,0.0,0.0,0.0,1000.0,1000.0,1000.0,0.0,0.0,0.0
2023-11-11,CASH,1000,0.0,0.0,0.0,1000.0,1000.0,1000.0,0.0,0.0,0.0
2023-11-12,CASH,1000,0.0,0.0,0.0,1000.0,1000.0,1000.0,0.0,0.0,0.0
2023-11-13,CASH,1000,0.0,0.0,0.0,1000.0,1000.0,1000.0,0.0,0.0,0.0
2023-11-14,CASH,1000,0.0,0.0,0.0,1000.0,1000.0,1000.0,0.0,0.0,0.0
2023-11-15,CASH,1000,0.0,0.0,0.0,1000.0,1000.0,1000.0,0.0,0.0,0.0
2023-11-16,CASH,1000,0.0,0.0,0.0,1000.0,1000.0,1000.0,0.0,0.0,0.0
2023-11-17,CASH,1000,0.0,0.0,0.0,1000.0,1000.0,1000.0,0.0,0.0,0.0
2023-11-18,CASH,1000,0.0,0.0,0.0,1000.0,1000.0,1000.0,0.0,0.0,0.0
2023-11-19,CASH,1000,0.0,0.0,0.0,1000.0,1000.0,1000.0,0.0,0.0,0.0
2023-11-20,CASH,1000,0.0,0.0,0.0,1000.0,1000.0,1000.0,0.0,0.0,0.0
2023-11-21,CASH,1000,0.0,0.0,0.0,1000.0,1000.0,1000.0,0.0,0.0,0.0
2023-11-22,CASH,1000,0.0,0.0,0.0,1000.0,1000.0,1000.0,0.0,0.0,0.0
2023-11-23,CASH,1000,0.0,0.0,0.0,1000.0,1000.0,1000.0,0.0,0.0,0.0
2023-11-24,CASH,1000,0.0,0.0,0.0,1000.0,1000.0,1000.0,0.0,0.0,0.0
2023-11-25,CASH,1000,0.0,0.0,0.0,1000.0,1000.0,1000.0,0.0,0.0,0.0
2023-11-26,CASH,1000,0.0,0.0,0.0,1000.0,1000.0,1000.0,0.0,0.0,0.0
2023-11-27,CASH,1000,0.0,0.0,0.0,1000.0,1000.0,1000.0,0.0,0.0,0.0
2023-11-28,CASH,1000,0.0,0.0,0.0,1000.0,1000.0,1000.0,0.0,0.0,0.0
2023-11-29,CASH,1000,0.0,0.0,0.0,1000.0,1000.0,1000.0,0.0,0.0,0.0
2023-11-30,CASH,1000,0.0,0.0,0.0,1000.0,1000.0,1000.0,0.0,0.0,0.0
2023-12-01,CASH,1000,0.0,0.0,0.0,1000.0,1000.0,1000.0,0.0,0.0,0.0
2023-12-02,CASH,1000,0.0,0.0,0.0,1000.0,1000.0,1000.0,0.0,0.0,0.0
2023-12-03,CASH,1000,0.0,0.0,0.0,1000.0,1000.0,1000.0,0.0,0.0,0.0
2023-12-04,CASH,1000,0.0,0.0,0.0,1000.0,1000.0,1000.0,0.0,0.0,0.0
2023-12-05,CASH,1000,0.0,0.0,0.0,1000.0,1000.0,1000.0,0.0,0.0,0.0
2023-12-06,CASH,1000,0.0,0.0,0.0,1000.0,1000.0,1000.0,0.0,0.0,0.0
2023-12-07,CASH,1000,0.0,0.0,0.0,1000.0,1000.0,1000.0,0.0,0.0,0.0
2023-12-08,CASH,1000,0.0,0.0,0.0,1000.0,1000.0,1000.0,0.0,0.0,0.0
2023-12-09,CASH,1000,0.0,0.0,0.0,1000.0,1000.0,1000.0,0.0,0.0,0.0
2023-12-10,CASH,1000,0.0,0.0,0.0,1000.0,1000.0,1000.0,0.0,0.0,0.0
2023-12-11,CASH,1000,0.0,0.0,0.0,1000.0,1000.0,1000.0,0.0,0.0,0.0
2023-12-12,CASH,1000,0.0,0.0,0.0,1000.0,1000.0,1000.0,0.0,0.0,0.0
2023-12-13,CASH,1000,0.0,0.0,0.0,1000.0,1000.0,1000.0,0.0,0.0,0.0
2023-12-14,CASH,1000,0.0,0.0,0.0,1000.0,1000.0,1000.0,0.0,0.0,0.0
2023-12-15,CASH,1000,0.0,0.0,0.0,1000.0,1000.0,1000.0,0.0,0.0,0.0
2023-12-16,CASH,1000,0.0,0.0,0.0,1000.0,1000.0,1000.0,0.0,0.0,0.0
2023-12-17,CASH,1000,0.0,0.0,0.0,1000.0,1000.0,1000.0,0.0,0.0,0.0
2023-12-18,CASH,1000,0.0,0.0,0.0,1000.0,1000.0,1000.0,0.0,0.0,0.0
2023-12-19,CASH,1000,0.0,0.0,0.0,1000.0,1000.0,1000.0,0.0,0.0,0.0
2023-12-20,CASH,1000,0.0,0.0,0.0,1000.0,1000.0,1000.0,0.0,0.0,0.0
2023-12-21,CASH,1000,0.0,0.0,0.0,1000.0,1000.0,1000.0,0.0,0.0,0.0
2023-12-22,CASH,1000,0.0,0.0,0.0,1000.0,1000.0,1000.0,0.0,0.0,0.0
2023-12-23,CASH,1000,0.0,0.0,0.0,1000.0,1000.0,1000.0,0.0,0.0,0.0
2023-12-24,CASH,1000,0.0,0.0,0.0,1000.0,1000.0,1000.0,0.0,0.0,0.0
2023-12-25,CASH,1000,0.0,0.0,0.0,1000.0,1000.0,1000.0,0.0,0.0,0.0
2023-12-26,CASH,1000,0.0,0.0,0.0,1000.0,1000.0,1000.0,0.0,0.0,0.0
2023-12-27,CASH,1000,0.0,0.0,0.0,1000.0,1000.0,1000.0,0.0,0.0,0.0
2023-12-28,CASH,1000,0.0,0.0,0.0,1000.0,1000.0,1000.0,0.0,0.0,0.0
2023-12-29,CASH,1000,0.0,0.0,0.0,1000.0,1000.0,1000.0,0.0,0.0,0.0
2023-12-30,CASH,1000,0.0,0.0,0.0,1000.0,1000.0,1000.0,0.0,0.0,0.0
2023-12-31,CASH,1000,0.0,0.0,0.0,1000.0,1000.0,1000.0,0.0,0.0,0.0
2024-01-01,CASH,1000,0.0,0.0,0.0,1000.0,1000.0,1000.0,0.0,0.0,0.0
2024-01-02,CASH,1000,0.0,0.0,0.0,1000.0,1000.0,1000.0,0.0,0.0,0.0
2024-01-03,CASH,1000,0.0,0.0,0.0,1000.0,1000.0,1000.0,0.0,0.0,0.0
2024-01-04,CASH,1000,0.0,0.0,0.0,1000.0,1000.0,1000.0,0.0,0.0,0.0
2024-01-05,CASH,1000,0.0,0.0,0.0,1000.0,1000.0,1000.0,0.0,0.0,0.0
2024-01-06,CASH,1000,0.0,0.0,0.0,1000.0,1000.0,1000.0,0.0,0.0,0.0
2024-01-07,CASH,1000,0.0,0.0,0.0,1000.0,1000.0,1000.0,0.0,0.0,0.0
2024-01-08,CASH,1000,0.0,0.0,0.0,1000.0,1000.0,1000.0,0.0,0.0,0.0
2024-01-09,CASH,1000,0.0,0.0,0.0,1000.0,1000.0,1000.0,0.0,0.0,0.0
2024-01-10,CASH,1000,0.0,0.0,0.0,1000.0,1000.0,1000.0,0.0,0.0,0.0
2024-01-11,CASH,1000,0.0,0.0,0.0,1000.0,1000.0,1000.0,0.0,0.0,0.0
2024-01-12,CASH,1000,0.0,0.0,0.0,1000.0,1000.0,1000.0,0.0,0.0,0.0
2024-01-13,CASH,1000,0.0,0.0,0.0,1000.0,1000.0,1000.0,0.0,0.0,0.0
2024-01-14,CASH,1000,0.0,0.0,0.0,1000.0,1000.0,1000.0,0.0,0.0,0.0
2024-01-15,CASH,1000,0.0,0.0,0.0,1000.0,1000.0,1000.0,0.0,0.0,0.0
2024-01-16,CASH,1000,0.0,0.0,0.0,1000.0,1000.0,1000.0,0.0,0.0,0.0
2024-01-17,CASH,1000,0.0,0.0,0.0,1000.0,1000.0,1000.0,0.0,0.0,0.0
2024-01-18,CASH,1000,0.0,0.0,0.0,1000.0,1000.0,1000.0,0.0,0.0,0.0
2024-01-19,CASH,1000,0.0,0.0,0.0,1000.0,1000.0,1000.0,0.0,0.0,0.0
2024-01-20,CASH,1000,0.0,0.0,0.0,1000.0,1000.0,1000.0,0.0,0.0,0.0
2024-01-21,CASH,1000,0.0,0.0,0.0,1000.0,1000.0,1000.0,0.0,0.0,0.0
2024-01-22,CASH,1000,0.0,0.0,0.0,1000.0,1000.0,1000.0,0.0,0.0,0.0
2024-01-23,CASH,1000,0.0,0.0,0.0,1000.0,1000.0,1000.0,0.0,0.0,0.0
2024-01-24,CASH,1000,0.0,0.0,0.0,1000.0,1000.0,1000.0,0.0,0.0,0.0
2024-01-25,CASH,1000,0.0,0.0,0.0,1000.0,1000.0,1000.0,0.0,0.0,0.0
2024-01-26,CASH,1000,0.0,0.0,0.0,1000.0,1000.0,1000.0,0.0,0.0,0.0
2024-01-27,CASH,1000,0.0,0.0,0.0,1000.0,1000.0,1000.0,0.0,0.0,0.0
2024-01-28,CASH,1000,0.0,0.0,0.0,1000.0,1000.0,1000.0,0.0,0.0,0.0
2024-01-29,CASH,1000,0.0,0.0,0.0,1000.0,1000.0,1000.0,0.0,0.0,0.0
2024-01-30,CASH,1000,0.0,0.0,0.0,1000.0,1000.0,1000.0,0.0,0.0,0.0
2024-01-31,CASH,1000,0.0,0.0,0.0,1000.0,1000.0,1000.0,0.0,0.0,0.0
2024-02-01,CASH,1000,0.0,0.0,0.0,1000.0,1000.0,1000.0,0.0,0.0,0.0
2024-02-02,CASH,1000,0.0,0.0,0.0,1000.0,1000.0,1000.0,0.0,0.0,0.0
2024-02-03,CASH,1000,0.0,0.0,0.0,1000.0,1000.0,1000.0,0.0,0.0,0.0
2024-02-04,CASH,1000,0.0,0.0,0.0,1000.0,1000.0,1000.0,0.0,0.0,0.0
2024-02-05,CASH,1000,0.0,0.0,0.0,1000.0,1000.0,1000.0,0.0,0.0,0.0
2024-02-06,CASH,1000,0.0,0.0,0.0,1000.0,1000.0,1000.0,0.0,0.0,0.0
2024-02-07,CASH,1000,0.0,0.0,0.0,1000.0,1000.0,1000.0,0.0,0.0,0.0
2024-02-08,CASH,1000,0.0,0.0,0.0,1000.0,1000.0,1000.0,0.0,0.0,0.0
2024-02-09,CASH,1000,0.0,0.0,0.0,1000.0,1000.0,1000.0,0.0,0.0,0.0
2024-02-10,CASH,1000,0.0,0.0,0.0,1000.0,1000.0,1000.0,0.0,0.0,0.0
2024-02-11,CASH,1000,0.0,0.0,0.0,1000.0,1000.0,1000.0,0.0,0.0,0.0
2024-02-12,CASH,1000,0.0,0.0,0.0,1000.0,1000.0,1000.0,0.0,0.0,0.0
2024-02-13,CASH,1000,0.0,0.0,0.0,1000.0,1000.0,1000.0,0.0,0.0,0.0
2024-02-14,CASH,1000,0.0,0.0,0.0,1000.0,1000.0,1000.0,0.0,0.0,0.0
2024-02-15,CASH,1000,0.0,0.0,0.0,1000.0,1000.0,1000.0,0.0,0.0,0.0
2024-02-16,CASH,1000,0.0,0.0,0.0,1000.0,1000.0,1000.0,0.0,0.0,0.0
2024-02-17,CASH,1000,0.0,0.0,0.0,1000.0,1000.0,1000.0,0.0,0.0,0.0
2024-02-18,CASH,1000,0.0,0.0,0.0,1000.0,1000.0,1000.0,0.0,0.0,0.0
2024-02-19,CASH,1000,0.0,0.0,0.0,1000.0,1000.0,1000.0,0.0,0.0,0.0
2024-02-20,CASH,1000,0.0,0.0,0.0,1000.0,1000.0,1000.0,0.0,0.0,0.0
2024-02-21,CASH,1000,0.0,0.0,0.0,1000.0,1000.0,1000.0,0.0,0.0,0.0
2024-02-22,CASH,1000,0.0,0.0,0.0,1000.0,1000.0,1000.0,0.0,0.0,0.0
2024-02-23,CASH,1000,0.0,0.0,0.0,1000.0,1000.0,1000.0,0.0,0.0,0.0
2024-02-24,CASH,1000,0.0,0.0,0.0,1000.0,1000.0,1000.0,0.0,0.0,0.0
2024-02-25,CASH,1000,0.0,0.0,0.0,1000.0,1000.0,1000.0,0.0,0.0,0.0
2024-02-26,CASH,1000,0.0,0.0,0.0,1000.0,1000.0,1000.0,0.0,0.0,0.0
2024-02-27,CASH,1000,0.0,0.0,0.0,1000.0,1000.0,1000.0,0.0,0.0,0.0
2024-02-28,CASH,1000,0.0,0.0,0.0,1000.0,1000.0,1000.0,0.0,0.0,0.0
2024-02-29,CASH,1000,0.0,0.0,0.0,1000.0,1000.0,1000.0,0.0,0.0,0.0
2024-03-01,CASH,1000,0.0,0.0,0.0,1000.0,1000.0,1000.0,0.0,0.0,0.0
2024-03-02,CASH,1000,0.0,0.0,0.0,1000.0,1000.0,1000.0,0.0,0.0,0.0
2024-03-03,CASH,1000,0.0,0.0,0.0,1000.0,1000.0,1000.0,0.0,0.0,0.0
2024-03-04,CASH,1000,0.0,0.0,0.0,1000.0,1000.0,1000.0,0.0,0.0,0.0
2024-03-05,CASH,1000,0.0,0.0,0.0,1000.0,1000.0,1000.0,0.0,0.0,0.0
2024-03-06,CASH,1000,0.0,0.0,0.0,1000.0,1000.0,1000.0,0.0,0.0,0.0
2024-03-07,CASH,1000,0.0,0.0,0.0,1000.0,1000.0,1000.0,0.0,0.0,0.0
2024-03-08,CASH,1000,0.0,0.0,0.0,1000.0,1000.0,1000.0,0.0,0.0,0.0
2024-03-09,CASH,1000,0.0,0.0,0.0,1000.0,1000.0,1000.0,0.0,0.0,0.0
2024-03-10,CASH,1000,0.0,0.0,0.0,1000.0,1000.0,1000.0,0.0,0.0,0.0
2024-03-11,CASH,1000,0.0,0.0,0.0,1000.0,1000.0,1000.0,0.0,0.0,0.0
2024-03-12,CASH,1000,0.0,0.0,0.0,1000.0,1000.0,1000.0,0.0,0.0,0.0
2024-03-13,CASH,1000,0.0,0.0,0.0,1000.0,1000.0,1000.0,0.0,0.0,0.0
2024-03-14,CASH,1000,0.0,0.0,0.0,1000.0,1000.0,1000.0,0.0,0.0,0.0
2024-03-15,CASH,1000,0.0,0.0,0.0,1000.0,1000.0,1000.0,0.0,0.0,0.0
2024-03-16,CASH,1000,0.0,0.0,0.0,1000.0,1000.0,1000.0,0.0,0.0,0.0
2024-03-17,CASH,1000,0.0,0.0,0.0,1000.0,1000.0,1000.0,0.0,0.0,0.0
2024-03-18,CASH,1000,0.0,0.0,0.0,1000.0,1000.0,1000.0,0.0,0.0,0.0
2024-03-19,CASH,1000,0.0,0.0,0.0,1000.0,1000.0,1000.0,0.0,0.0,0.0
2024-03-20,CASH,1000,0.0,0.0,0.0,1000.0,1000.0,1000.0,0.0,0.0,0.0
2024-03-21,CASH,1000,0.0,0.0,0.0,1000.0,1000.0,1000.0,0.0,0.0,0.0
2024-03-22,CASH,1000,0.0,0.0,0.0,1000.0,1000.0,1000.0,0.0,0.0,0.0
2024-03-23,CASH,1000,0.0,0.0,0.0,1000.0,1000.0,1000.0,0.0,0.0,0.0
2024-03-24,CASH,1000,0.0,0.0,0.0,1000.0,1000.0,1000.0,0.0,0.0,0.0
2024-03-25,CASH,1000,0.0,0.0,0.0,1000.0,1000.0,1000.0,0.0,0.0,0.0
2024-03-26,CASH,1000,0.0,0.0,0.0,1000.0,1000.0,1000.0,0.0,0.0,0.0
2024-03-27,CASH,1000,0.0,0.0,0.0,1000.0,1000.0,1000.0,0.0,0.0,0.0
2024-03-28,CASH,1000,0.0,0.0,0.0,1000.0,1000.0,1000.0,0.0,0.0,0.0
2024-03-29,CASH,1000,0.0,0.0,0.0,1000.0,1000.0,1000.0,0.0,0.0,0.0
2024-03-30,CASH,1000,0.0,0.0,0.0,1000.0,1000.0,1000.0,0.0,0.0,0.0
2024-03-31,CASH,1000,0.0,0.0,0.0,1000.0,1000.0,1000.0,0.0,0.0,0.0
2024-04-01,CASH,1000,0.0,0.0,0.0,1000.0,1000.0,1000.0,0.0,0.0,0.0
2024-04-02,CASH,1000,0.0,0.0,0.0,1000.0,1000.0,1000.0,0.0,0.0,0.0
2024-04-03,CASH,1000,0.0,0.0,0.0,1000.0,1000.0,1000.0,0.0,0.0,0.0
2024-04-04,CASH,1000,0.0,0.0,0.0,1000.0,1000.0,1000.0,0.0,0.0,0.0
2024-04-05,CASH,1000,0.0,0.0,0.0,1000.0,1000.0,1000.0,0.0,0.0,0.0
2024-04-06,CASH,1000,0.0,0.0,0.0,1000.0,1000.0,1000.0,0.0,0.0,0.0
2024-04-07,CASH,1000,0.0,0.0,0.0,1000.0,1000.0,1000.0,0.0,0.0,0.0
2024-04-08,CASH,1000,0.0,0.0,0.0,1000.0,1000.0,1000.0,0.0,0.0,0.0
2024-04-09,CASH,1000,0.0,0.0,0.0,1000.0,1000.0,1000.0,0.0,0.0,0.0
2024-04-10,CASH,1000,0.0,0.0,0.0,1000.0,1000.0,1000.0,0.0,0.0,0.0
2024-04-11,CASH,1000,0.0,0.0,0.0,1000.0,1000.0,1000.0,0.0,0.0,0.0
2024-04-12,CASH,1000,0.0,0.0,0.0,1000.0,1000.0,1000.0,0.0,0.0,0.0
2024-04-13,CASH,1000,0.0,0.0,0.0,1000.0,1000.0,1000.0,0.0,0.0,0.0
2024-04-14,CASH,1000,0.0,0.0,0.0,1000.0,1000.0,1000.0,0.0,0.0,0.0
2024-04-15,CASH,1000,0.0,0.0,0.0,1000.0,1000.0,1000.0,0.0,0.0,0.0
2024-04-16,CASH,1000,0.0,0.0,0.0,1000.0,1000.0,1000.0,0.0,0.0,0.0
2024-04-17,CASH,1000,0.0,0.0,0.0,1000.0,1000.0,1000.0,0.0,0.0,0.0
2024-04-18,CASH,1000,0.0,0.0,0.0,1000.0,1000.0,1000.0,0.0,0.0,0.0
2024-04-19,CASH,1000,0.0,0.0,0.0,1000.0,1000.0,1000.0,0.0,0.0,0.0
2024-04-20,CASH,1000,0.0,0.0,0.0,1000.0,1000.0,1000.0,0.0,0.0,0.0
2024-04-21,CASH,1000,0.0,0.0,0.0,1000.0,1000.0,1000.0,0.0,0.0,0.0
2024-04-22,CASH,1000,0.0,0.0,0.0,1000.0,1000.0,1000.0,0.0,0.0,0.0
2024-04-23,CASH,1000,0.0,0.0,0.0,1000.0,1000.0,1000.0,0.0,0.0,0.0
2024-04-24,CASH,1000,0.0,0.0,0.0,1000.0,1000.0,1000.0,0.0,0.0,0.0
2024-04-25,CASH,1000,0.0,0.0,0.0,1000.0,1000.0,1000.0,0.0,0.0,0.0
2024-04-26,CASH,1000,0.0,0.0,0.0,1000.0,1000.0,1000.0,0.0,0.0,0.0
2024-04-27,CASH,1000,0.0,0.0,0.0,1000.0,1000.0,1000.0,0.0,0.0,0.0
2024-04-28,CASH,1000,0.0,0.0,0.0,1000.0,1000.0,1000.0,0.0,0.0,0.0
2024-04-29,CASH,1000,0.0,0.0,0.0,1000.0,1000.0,1000.0,0.0,0.0,0.0
2024-04-30,CASH,1000,0.0,0.0,0.0,1000.0,1000.0,1000.0,0.0,0.0,0.0
2024-05-01,CASH,1000,0.0,0.0,0.0,1000.0,1000.0,1000.0,0.0,0.0,0.0
2024-05-02,CASH,1000,0.0,0.0,0.0,1000.0,1000.0,1000.0,0.0,0.0,0.0
2024-05-03,CASH,1000,0.0,0.0,0.0,1000.0,1000.0,1000.0,0.0,0.0,0.0
2024-05-04,CASH,1000,0.0,0.0,0.0,1000.0,1000.0,1000.0,0.0,0.0,0.0
2024-05-05,CASH,1000,0.0,0.0,0.0,1000.0,1000.0,1000.0,0.0,0.0,0.0
2024-05-06,CASH,1000,0.0,0.0,0.0,1000.0,1000.0,1000.0,0.0,0.0,0.0
2024-05-07,CASH,1000,0.0,0.0,0.0,1000.0,1000.0,1000.0,0.0,0.0,0.0
2024-05-08,CASH,1000,0.0,0.0,0.0,1000.0,1000.0,1000.0,0.0,0.0,0.0
2024-05-09,CASH,1000,0.0,0.0,0.0,1000.0,1000.0,1000.0,0.0,0.0,0.0
2024-05-10,CASH,1000,0.0,0.0,0.0,1000.0,1000.0,1000.0,0.0,0.0,0.0
2024-05-11,CASH,1000,0.0,0.0,0.0,1000.0,1000.0,1000.0,0.0,0.0,0.0
2024-05-12,CASH,1000,0.0,0.0,0.0,1000.0,1000.0,1000.0,0.0,0.0,0.0
2024-05-13,CASH,1000,0.0,0.0,0.0,1000.0,1000.0,1000.0,0.0,0.0,0.0
2024-05-14,CASH,1000,0.0,0.0,0.0,1000.0,1000.0,1000.0,0.0,0.0,0.0
2024-05-15,CASH,1000,0.0,0.0,0.0,1000.0,1000.0,1000.0,0.0,0.0,0.0
2024-05-16,CASH,1000,0.0,0.0,0.0,1000.0,1000.0,1000.0,0.0,0.0,0.0
2024-05-17,CASH,1000,0.0,0.0,0.0,1000.0,1000.0,1000.0,0.0,0.0,0.0
2024-05-18,CASH,1000,0.0,0.0,0.0,1000.0,1000.0,1000.0,0.0,0.0,0.0
2024-05-19,CASH,1000,0.0,0.0,0.0,1000.0,1000.0,1000.0,0.0,0.0,0.0
2024-05-20,CASH,1000,0.0,0.0,0.0,1000.0,1000.0,1000.0,0.0,0.0,0.0
2024-05-21,CASH,1000,0.0,0.0,0.0,1000.0,1000.0,1000.0,0.0,0.0,0.0
2024-05-22,CASH,1000,0.0,0.0,0.0,1000.0,1000.0,1000.0,0.0,0.0,0.0
2024-05-23,CASH,1000,0.0,0.0,0.0,1000.0,1000.0,1000.0,0.0,0.0,0.0
2024-05-24,CASH,1000,0.0,0.0,0.0,1000.0,1000.0,1000.0,0.0,0.0,0.0
2024-05-25,CASH,1000,0.0,0.0,0.0,1000.0,1000.0,1000.0,0.0,0.0,0.0
2024-05-26,CASH,1000,0.0,0.0,0.0,1000.0,1000.0,1000.0,0.0,0.0,0.0
2024-05-27,CASH,1000,0.0,0.0,0.0,1000.0,1000.0,1000.0,0.0,0.0,0.0
2024-05-28,CASH,1000,0.0,0.0,0.0,1000.0,1000.0,1000.0,0.0,0.0,0.0
2024-05-29,CASH,1000,0.0,0.0,0.0,1000.0,1000.0,1000.0,0.0,0.0,0.0
2024-05-30,CASH,1000,0.0,0.0,0.0,1000.0,1000.0,1000.0,0.0,0.0,0.0
2024-05-31,CASH,1000,0.0,0.0,0.0,1000.0,1000.0,1000.0,0.0,0.0,0.0
2024-06-01,CASH,1000,0.0,0.0,0.0,1000.0,1000.0,1000.0,0.0,0.0,0.0
2024-06-02,CASH,1000,0.0,0.0,0.0,1000.0,1000.0,1000.0,0.0,0.0,0.0
2024-06-03,CASH,1000,0.0,0.0,0.0,1000.0,1000.0,1000.0,0.0,0.0,0.0
2024-06-04,CASH,1000,0.0,0.0,0.0,1000.0,1000.0,1000.0,0.0,0.0,0.0
2024-06-05,CASH,1000,0.0,0.0,0.0,1000.0,1000.0,1000.0,0.0,0.0,0.0
2024-06-06,CASH,1000,0.0,0.0,0.0,1000.0,1000.0,1000.0,0.0,0.0,0.0
2024-06-07,CASH,1000,0.0,0.0,0.0,1000.0,1000.0,1000.0,0.0,0.0,0.0
2024-06-08,CASH,1000,0.0,0.0,0.0,1000.0,1000.0,1000.0,0.0,0.0,0.0
2024-06-09,CASH,1000,0.0,0.0,0.0,1000.0,1000.0,1000.0,0.0,0.0,0.0
2024-06-10,CASH,1000,0.0,0.0,0.0,1000.0,1000.0,1000.0,0.0,0.0,0.0
2024-06-11,CASH,1000,0.0,0.0,0.0,1000.0,1000.0,1000.0,0.0,0.0,0.0
2024-06-12,CASH,1000,0.0,0.0,0.0,1000.0,1000.0,1000.0,0.0,0.0,0.0
2024-06-13,CASH,1000,0.0,0.0,0.0,1000.0,1000.0,1000.0,0.0,0.0,0.0
2024-06-14,CASH,1000,0.0,0.0,0.0,1000.0,1000.0,1000.0,0.0,0.0,0.0
2024-06-15,CASH,1000,0.0,0.0,0.0,1000.0,1000.0,1000.0,0.0,0.0,0.0
2024-06-16,CASH,1000,0.0,0.0,0.0,1000.0,1000.0,1000.0,0.0,0.0,0.0
2024-06-17,CASH,1000,0.0,0.0,0.0,1000.0,1000.0,1000.0,0.0,0.0,0.0
2024-06-18,CASH,1000,0.0,0.0,0.0,1000.0,1000.0,1000.0,0.0,0.0,0.0
2024-06-19,CASH,1000,0.0,0.0,0.0,1000.0,1000.0,1000.0,0.0,0.0,0.0
2024-06-20,CASH,1000,0.0,0.0,0.0,1000.0,1000.0,1000.0,0.0,0.0,0.0
2024-06-21,CASH,1000,0.0,0.0,0.0,1000.0,1000.0,1000.0,0.0,0.0,0.0
2024-06-22,CASH,1000,0.0,0.0,0.0,1000.0,1000.0,1000.0,0.0,0.0,0.0
2024-06-23,CASH,1000,0.0,0.0,0.0,1000.0,1000.0,1000.0,0.0,0.0,0.0
2024-06-24,CASH,1000,0.0,0.0,0.0,1000.0,1000.0,1000.0,0.0,0.0,0.0
2024-06-25,CASH,1000,0.0,0.0,0.0,1000.0,1000.0,1000.0,0.0,0.0,0.0
2024-06-26,CASH,1000,0.0,0.0,0.0,1000.0,1000.0,1000.0,0.0,0.0,0.0
2024-06-27,CASH,1000,0.0,0.0,0.0,1000.0,1000.0,1000.0,0.0,0.0,0.0
2024-06-28,CASH,1000,0.0,0.0,0.0,1000.0,1000.0,1000.0,0.0,0.0,0.0
2024-06-29,CASH,1000,0.0,0.0,0.0,1000.0,1000.0,1000.0,0.0,0.0,0.0
2024-06-30,CASH,1000,0.0,0.0,0.0,1000.0,1000.0,1000.0,0.0,0.0,0.0
2024-07-01,CASH,1000,0.0,0.0,0.0,1000.0,1000.0,1000.0,0.0,0.0,0.0
2024-07-02,CASH,1000,0.0,0.0,0.0,1000.0,1000.0,1000.0,0.0,0.0,0.0
2024-07-03,CASH,1000,0.0,0.0,0.0,1000.0,1000.0,1000.0,0.0,0.0,0.0
2024-07-04,CASH,1000,0.0,0.0,0.0,1000.0,1000.0,1000.0,0.0,0.0,0.0
2024-07-05,CASH,1000,0.0,0.0,0.0,1000.0,1000.0,1000.0,0.0,0.0,0.0
2024-07-06,CASH,1000,0.0,0.0,0.0,1000.0,1000.0,1000.0,0.0,0.0,0.0
2024-07-07,CASH,1000,0.0,0.0,0.0,1000.0,1000.0,1000.0,0.0,0.0,0.0
2024-07-08,CASH,1000,0.0,0.0,0.0,1000.0,1000.0,1000.0,0.0,0.0,0.0
2024-07-09,CASH,1000,0.0,0.0,0.0,1000.0,1000.0,1000.0,0.0,0.0,0.0
2024-07-10,CASH,1000,0.0,0.0,0.0,1000.0,1000.0,1000.0,0.0,0.0,0.0
2024-07-11,CASH,1000,0.0,0.0,0.0,1000.0,1000.0,1000.0,0.0,0.0,0.0
2024-07-12,CASH,1000,0.0,0.0,0.0,1000.0,1000.0,1000.0,0.0,0.0,0.0
2024-07-13,CASH,1000,0.0,0.0,0.0,1000.0,1000.0,1000.0,0.0,0.0,0.0
2024-07-14,CASH,1000,0.0,0.0,0.0,1000.0,1000.0,1000.0,0.0,0.0,0.0
2024-07-15,CASH,1000,0.0,0.0,0.0,1000.0,1000.0,1000.0,0.0,0.0,0.0
2024-07-16,CASH,1000,0.0,0.0,0.0,1000.0,1000.0,1000.0,0.0,0.0,0.0
2024-07-17,CASH,1000,0.0,0.0,0.0,1000.0,1000.0,1000.0,0.0,0.0,0.0
2024-07-18,CASH,1000,0.0,0.0,0.0,1000.0,1000.0,1000.0,0.0,0.0,0.0
2024-07-19,CASH,1000,0.0,0.0,0.0,1000.0,1000.0,1000.0,0.0,0.0,0.0
2024-07-20,CASH,1000,0.0,0.0,0.0,1000.0,1000.0,1000.0,0.0,0.0,0.0
2024-07-21,CASH,1000,0.0,0.0,0.0,1000.0,1000.0,1000.0,0.0,0.0,0.0
2024-07-22,CASH,1000,0.0,0.0,0.0,1000.0,1000.0,1000.0,0.0,0.0,0.0
2024-07-23,CASH,1000,0.0,0.0,0.0,1000.0,1000.0,1000.0,0.0,0.0,0.0
2024-07-24,CASH,1000,0.0,0.0,0.0,1000.0,1000.0,1000.0,0.0,0.0,0.0
2024-07-25,CASH,1000,0.0,0.0,0.0,1000.0,1000.0,1000.0,0.0,0.0,0.0
2024-07-26,CASH,1000,0.0,0.0,0.0,1000.0,1000.0,1000.0,0.0,0.0,0.0
2024-07-27,CASH,1000,0.0,0.0,0.0,1000.0,1000.0,1000.0,0.0,0.0,0.0
2024-07-28,CASH,1000,0.0,0.0,0.0,1000.0,1000.0,1000.0,0.0,0.0,0.0
2024-07-29,CASH,1000,0.0,0.0,0.0,1000.0,1000.0,1000.0,0.0,0.0,0.0
2024-07-30,CASH,1000,0.0,0.0,0.0,1000.0,1000.0,1000.0,0.0,0.0,0.0
2024-07-31,CASH,1000,0.0,0.0,0.0,1000.0,1000.0,1000.0,0.0,0.0,0.0
2024-08-01,CASH,1000,0.0,0.0,0.0,1000.0,1000.0,1000.0,0.0,0.0,0.0
2024-08-02,CASH,1000,0.0,0.0,0.0,1000.0,1000.0,1000.0,0.0,0.0,0.0
2024-08-03,CASH,1000,0.0,0.0,0.0,1000.0,1000.0,1000.0,0.0,0.0,0.0
2024-08-04,CASH,1000,0.0,0.0,0.0,1000.0,1000.0,1000.0,0.0,0.0,0.0
2024-08-05,CASH,1000,0.0,0.0,0.0,1000.0,1000.0,1000.0,0.0,0.0,0.0
2024-08-06,CASH,1000,0.0,0.0,0.0,1000.0,1000.0,1000.0,0.0,0.0,0.0
2024-08-07,CASH,1000,0.0,0.0,0.0,1000.0,1000.0,1000.0,0.0,0.0,0.0
2024-08-08,CASH,1000,0.0,0.0,0.0,1000.0,1000.0,1000.0,0.0,0.0,0.0
2024-08-09,CASH,1000,0.0,0.0,0.0,1000.0,1000.0,1000.0,0.0,0.0,0.0
2024-08-10,CASH,1000,0.0,0.0,0.0,1000.0,1000.0,1000.0,0.0,0.0,0.0
2024-08-11,CASH,1000,0.0,0.0,0.0,1000.0,1000.0,1000.0,0.0,0.0,0.0
2024-08-12,CASH,1000,0.0,0.0,0.0,1000.0,1000.0,1000.0,0.0,0.0,0.0
2024-08-13,CASH,1000,0.0,0.0,0.0,1000.0,1000.0,1000.0,0.0,0.0,0.0
2024-08-14,CASH,1000,0.0,0.0,0.0,1000.0,1000.0,1000.0,0.0,0.0,0.0
2024-08-15,CASH,1000,0.0,0.0,0.0,1000.0,1000.0,1000.0,0.0,0.0,0.0
2024-08-16,CASH,1000,0.0,0.0,0.0,1000.0,1000.0,1000.0,0.0,0.0,0.0
2024-08-17,CASH,1000,0.0,0.0,0.0,1000.0,1000.0,1000.0,0.0,0.0,0.0
2024-08-18,CASH,1000,0.0,0.0,0.0,1000.0,1000.0,1000.0,0.0,0.0,0.0
2024-08-19,CASH,1000,0.0,0.0,0.0,1000.0,1000.0,1000.0,0.0,0.0,0.0
2024-08-20,CASH,1000,0.0,0.0,0.0,1000.0,1000.0,1000.0,0.0,0.0,0.0
2024-08-21,CASH,1000,0.0,0.0,0.0,1000.0,1000.0,1000.0,0.0,0.0,0.0
2024-08-22,CASH,1000,0.0,0.0,0.0,1000.0,1000.0,1000.0,0.0,0.0,0.0
2024-08-23,CASH,1000,0.0,0.0,0.0,1000.0,1000.0,1000.0,0.0,0.0,0.0
2024-08-24,CASH,1000,0.0,0.0,0.0,1000.0,1000.0,1000.0,0.0,0.0,0.0
2024-08-25,CASH,1000,0.0,0.0,0.0,1000.0,1000.0,1000.0,0.0,0.0,0.0
2024-08-26,CASH,1000,0.0,0.0,0.0,1000.0,1000.0,1000.0,0.0,0.0,0.0
2024-08-27,CASH,1000,0.0,0.0,0.0,1000.0,1000.0,1000.0,0.0,0.0,0.0
2024-08-28,CASH,1000,0.0,0.0,0.0,1000.0,1000.0,1000.0,0.0,0.0,0.0
2024-08-29,CASH,1000,0.0,0.0,0.0,1000.0,1000.0,1000.0,0.0,0.0,0.0
2024-08-30,CASH,1000,0.0,0.0,0.0,1000.0,1000.0,1000.0,0.0,0.0,0.0
2024-08-31,CASH,1000,0.0,0.0,0.0,1000.0,1000.0,1000.0,0.0,0.0,0.0
2024-09-01,CASH,1000,0.0,0.0,0.0,1000.0,1000.0,1000.0,0.0,0.0,0.0
2024-09-02,CASH,1000,0.0,0.0,0.0,1000.0,1000.0,1000.0,0.0,0.0,0.0
2024-09-03,CASH,1000,0.0,0.0,0.0,1000.0,1000.0,1000.0,0.0,0.0,0.0
2024-09-04,CASH,1000,0.0,0.0,0.0,1000.0,1000.0,1000.0,0.0,0.0,0.0
2024-09-05,CASH,1000,0.0,0.0,0.0,1000.0,1000.0,1000.0,0.0,0.0,0.0
2024-09-06,CASH,1000,0.0,0.0,0.0,1000.0,1000.0,1000.0,0.0,0.0,0.0
2024-09-07,CASH,1000,0.0,0.0,0.0,1000.0,1000.0,1000.0,0.0,0.0,0.0
2024-09-08,CASH,1000,0.0,0.0,0.0,1000.0,1000.0,1000.0,0.0,0.0,0.0
2024-09-09,CASH,1000,0.0,0.0,0.0,1000.0,1000.0,1000.0,0.0,0.0,0.0
2024-09-10,CASH,1000,0.0,0.0,0.0,1000.0,1000.0,1000.0,0.0,0.0,0.0
2024-09-11,CASH,1000,0.0,0.0,0.0,1000.0,1000.0,1000.0,0.0,0.0,0.0
2024-09-12,CASH,1000,0.0,0.0,0.0,1000.0,1000.0,1000.0,0.0,0.0,0.0
2024-09-13,CASH,1000,0.0,0.0,0.0,1000.0,1000.0,1000.0,0.0,0.0,0.0
2024-09-14,CASH,1000,0.0,0.0,0.0,1000.0,1000.0,1000.0,0.0,0.0,0.0
2024-09-15,CASH,1000,0.0,0.0,0.0,1000.0,1000.0,1000.0,0.0,0.0,0.0
2024-09-16,CASH,1000,0.0,0.0,0.0,1000.0,1000.0,1000.0,0.0,0.0,0.0
2024-09-17,CASH,1000,0.0,0.0,0.0,1000.0,1000.0,1000.0,0.0,0.0,0.0
2024-09-18,CASH,1000,0.0,0.0,0.0,1000.0,1000.0,1000.0,0.0,0.0,0.0
2024-09-19,CASH,1000,0.0,0.0,0.0,1000.0,1000.0,1000.0,0.0,0.0,0.0
2024-09-20,CASH,1000,0.0,0.0,0.0,1000.0,1000.0,1000.0,0.0,0.0,0.0
2024-09-21,CASH,1000,0.0,0.0,0.0,1000.0,1000.0,1000.0,0.0,0.0,0.0
2024-09-22,CASH,1000,0.0,0.0,0.0,1000.0,1000.0,1000.0,0.0,0.0,0.0
2024-09-23,CASH,1000,0.0,0.0,0.0,1000.0,1000.0,1000.0,0.0,0.0,0.0
2024-09-24,CASH,1000,0.0,0.0,0.0,1000.0,1000.0,1000.0,0.0,0.0,0.0
2024-09-25,CASH,1000,0.0,0.0,0.0,1000.0,1000.0,1000.0,0.0,0.0,0.0
2024-09-26,CASH,1000,0.0,0.0,0.0,1000.0,1000.0,1000.0,0.0,0.0,0.0
2024-09-27,CASH,1000,0.0,0.0,0.0,1000.0,1000.0,1000.0,0.0,0.0,0.0
2024-09-28,CASH,1000,0.0,0.0,0.0,1000.0,1000.0,1000.0,0.0,0.0,0.0
2024-09-29,CASH,1000,0.0,0.0,0.0,1000.0,1000.0,1000.0,0.0,0.0,0.0
2024-09-30,CASH,1000,0.0,0.0,0.0,1000.0,1000.0,1000.0,0.0,0.0,0.0
2024-10-01,CASH,1000,0.0,0.0,0.0,1000.0,1000.0,1000.0,0.0,0.0,0.0
2024-10-02,CASH,1000,0.0,0.0,0.0,1000.0,1000.0,1000.0,0.0,0.0,0.0
2024-10-03,CASH,1000,0.0,0.0,0.0,1000.0,1000.0,1000.0,0.0,0.0,0.0
2024-10-04,CASH,1000,0.0,0.0,0.0,1000.0,1000.0,1000.0,0.0,0.0,0.0
2024-10-05,CASH,1000,0.0,0.0,0.0,1000.0,1000.0,1000.0,0.0,0.0,0.0
2024-10-06,CASH,1000,0.0,0.0,0.0,1000.0,1000.0,1000.0,0.0,0.0,0.0
2024-10-07,CASH,1000,0.0,0.0,0.0,1000.0,1000.0,1000.0,0.0,0.0,0.0
2024-10-08,CASH,1000,0.0,0.0,0.0,1000.0,1000.0,1000.0,0.0,0.0,0.0
2024-10-09,CASH,1000,0.0,0.0,0.0,1000.0,1000.0,1000.0,0.0,0.0,0.0
2024-10-10,CASH,1000,0.0,0.0,0.0,1000.0,1000.0,1000.0,0.0,0.0,0.0
2024-10-11,CASH,1000,0.0,0.0,0.0,1000.0,1000.0,1000.0,0.0,0.0,0.0
2024-10-12,CASH,1000,0.0,0.0,0.0,1000.0,1000.0,1000.0,0.0,0.0,0.0
2024-10-13,CASH,1000,0.0,0.0,0.0,1000.0,1000.0,1000.0,0.0,0.0,0.0
2024-10-14,CASH,1000,0.0,0.0,0.0,1000.0,1000.0,1000.0,0.0,0.0,0.0
2024-10-15,CASH,1000,0.0,0.0,0.0,1000.0,1000.0,1000.0,0.0,0.0,0.0
2024-10-16,CASH,1000,0.0,0.0,0.0,1000.0,1000.0,1000.0,0.0,0.0,0.0
2024-10-17,CASH,1000,0.0,0.0,0.0,1000.0,1000.0,1000.0,0.0,0.0,0.0
2024-10-18,CASH,1000,0.0,0.0,0.0,1000.0,1000.0,1000.0,0.0,0.0,0.0
2024-10-19,CASH,1000,0.0,0.0,0.0,1000.0,1000.0,1000.0,0.0,0.0,0.0
2024-10-20,CASH,1000,0.0,0.0,0.0,1000.0,1000.0,1000.0,0.0,0.0,0.0
2024-10-21,CASH,1000,0.0,0.0,0.0,1000.0,1000.0,1000.0,0.0,0.0,0.0
2024-10-22,CASH,1000,0.0,0.0,0.0,1000.0,1000.0,1000.0,0.0,0.0,0.0
2024-10-23,CASH,1000,0.0,0.0,0.0,1000.0,1000.0,1000.0,0.0,0.0,0.0
2024-10-24,CASH,1000,0.0,0.0,0.0,1000.0,1000.0,1000.0,0.0,0.0,0.0
2024-10-25,CASH,1000,0.0,0.0,0.0,1000.0,1000.0,1000.0,0.0,0.0,0.0
2024-10-26,CASH,1000,0.0,0.0,0.0,1000.0,1000.0,1000.0,0.0,0.0,0.0
2024-10-27,CASH,1000,0.0,0.0,0.0,1000.0,1000.0,1000.0,0.0,0.0,0.0
2024-10-28,CASH,1000,0.0,0.0,0.0,1000.0,1000.0,1000.0,0.0,0.0,0.0
2024-10-29,CASH,1000,0.0,0.0,0.0,1000.0,1000.0,1000.0,0.0,0.0,0.0
2024-10-30,CASH,1000,0.0,0.0,0.0,1000.0,1000.0,1000.0,0.0,0.0,0.0
2024-10-31,CASH,1000,0.0,0.0,0.0,1000.0,1000.0,1000.0,0.0,0.0,0.0
2024-11-01,CASH,1000,0.0,0.0,0.0,1000.0,1000.0,1000.0,0.0,0.0,0.0
2024-11-02,CASH,1000,0.0,0.0,0.0,1000.0,1000.0,1000.0,0.0,0.0,0.0
2024-11-03,CASH,1000,0.0,0.0,0.0,1000.0,1000.0,1000.0,0.0,0.0,0.0
2024-11-04,CASH,1000,0.0,0.0,0.0,1000.0,1000.0,1000.0,0.0,0.0,0.0
2024-11-05,CASH,1000,0.0,0.0,0.0,1000.0,1000.0,1000.0,0.0,0.0,0.0
2024-11-06,CASH,1000,0.0,0.0,0.0,1000.0,1000.0,1000.0,0.0,0.0,0.0
2024-11-07,CASH,1000,0.0,0.0,0.0,1000.0,1000.0,1000.0,0.0,0.0,0.0
2024-11-08,CASH,1000,0.0,0.0,0.0,1000.0,1000.0,1000.0,0.0,0.0,0.0
2024-11-09,CASH,1000,0.0,0.0,0.0,1000.0,1000.0,1000.0,0.0,0.0,0.0
2024-11-10,CASH,1000,0.0,0.0,0.0,1000.0,1000.0,1000.0,0.0,0.0,0.0
2024-11-11,CASH,1000,0.0,0.0,0.0,1000.0,1000.0,1000.0,0.0,0.0,0.0
2024-11-12,CASH,1000,0.0,0.0,0.0,1000.0,1000.0,1000.0,0.0,0.0,0.0
2024-11-13,CASH,1000,0.0,0.0,0.0,1000.0,1000.0,1000.0,0.0,0.0,0.0
2024-11-14,CASH,1000,0.0,0.0,0.0,1000.0,1000.0,1000.0,0.0,0.0,0.0
2024-11-15,CASH,1000,0.0,0.0,0.0,1000.0,1000.0,1000.0,0.0,0.0,0.0
2024-11-16,CASH,1000,0.0,0.0,0.0,1000.0,1000.0,1000.0,0.0,0.0,0.0
2024-11-17,CASH,1000,0.0,0.0,0.0,1000.0,1000.0,1000.0,0.0,0.0,0.0
2024-11-18,CASH,1000,0.0,0.0,0.0,1000.0,1000.0,1000.0,0.0,0.0,0.0
2024-11-19,CASH,1000,0.0,0.0,0.0,1000.0,1000.0,1000.0,0.0,0.0,0.0
2024-11-20,CASH,1000,0.0,0.0,0.0,1000.0,1000.0,1000.0,0.0,0.0,0.0
2024-11-21,CASH,1000,0.0,0.0,0.0,1000.0,1000.0,1000.0,0.0,0.0,0.0
2024-11-22,CASH,1000,0.0,0.0,0.0,1000.0,1000.0,1000.0,0.0,0.0,0.0
2024-11-23,CASH,1000,0.0,0.0,0.0,1000.0,1000.0,1000.0,0.0,0.0,0.0
2024-11-24,CASH,1000,0.0,0.0,0.0,1000.0,1000.0,1000.0,0.0,0.0,0.0
2024-11-25,CASH,1000,0.0,0.0,0.0,1000.0,1000.0,1000.0,0.0,0.0,0.0
2024-11-26,CASH,1000,0.0,0.0,0.0,1000.0,1000.0,1000.0,0.0,0.0,0.0
2024-11-27,CASH,1000,0.0,0.0,0.0,1000.0,1000.0,1000.0,0.0,0.0,0.0
2024-11-28,CASH,1000,0.0,0.0,0.0,1000.0,1000.0,1000.0,0.0,0.0,0.0
2024-11-29,CASH,1000,0.0,0.0,0.0,1000.0,1000.0,1000.0,0.0,0.0,0.0
2024-11-30,CASH,1000,0.0,0.0,0.0,1000.0,1000.0,1000.0,0.0,0.0,0.0
2024-12-01,CASH,1000,0.0,0.0,0.0,1000.0,1000.0,1000.0,0.0,0.0,0.0
2024-12-02,CASH,1000,0.0,0.0,0.0,1000.0,1000.0,1000.0,0.0,0.0,0.0
2024-12-03,CASH,1000,0.0,0.0,0.0,1000.0,1000.0,1000.0,0.0,0.0,0.0
2024-12-04,CASH,1000,0.0,0.0,0.0,1000.0,1000.0,1000.0,0.0,0.0,0.0
2024-12-05,CASH,1000,0.0,0.0,0.0,1000.0,1000.0,1000.0,0.0,0.0,0.0
2024-12-06,CASH,1000,0.0,0.0,0.0,1000.0,1000.0,1000.0,0.0,0.0,0.0
2024-12-07,CASH,1000,0.0,0.0,0.0,1000.0,1000.0,1000.0,0.0,0.0,0.0
2024-12-08,CASH,1000,0.0,0.0,0.0,1000.0,1000.0,1000.0,0.0,0.0,0.0
2024-12-09,CASH,1000,0.0,0.0,0.0,1000.0,1000.0,1000.0,0.0,0.0,0.0
2024-12-10,CASH,1000,0.0,0.0,0.0,1000.0,1000.0,1000.0,0.0,0.0,0.0
2024-12-11,CASH,1000,0.0,0.0,0.0,1000.0,1000.0,1000.0,0.0,0.0,0.0
2024-12-12,CASH,1000,0.0,0.0,0.0,1000.0,1000.0,1000.0,0.0,0.0,0.0
2024-12-13,CASH,1000,0.0,0.0,0.0,1000.0,1000.0,1000.0,0.0,0.0,0.0
2024-12-14,CASH,1000,0.0,0.0,0.0,1000.0,1000.0,1000.0,0.0,0.0,0.0
2024-12-15,CASH,1000,0.0,0.0,0.0,1000.0,1000.0,1000.0,0.0,0.0,0.0
2024-12-16,CASH,1000,0.0,0.0,0.0,1000.0,1000.0,1000.0,0.0,0.0,0.0
2024-12-17,CASH,1000,0.0,0.0,0.0,1000.0,1000.0,1000.0,0.0,0.0,0.0
2024-12-18,CASH,1000,0.0,0.0,0.0,1000.0,1000.0,1000.0,0.0,0.0,0.0
2024-12-19,CASH,1000,0.0,0.0,0.0,1000.0,1000.0,1000.0,0.0,0.0,0.0
2024-12-20,CASH,1000,0.0,0.0,0.0,1000.0,1000.0,1000.0,0.0,0.0,0.0
2024-12-21,CASH,1000,0.0,0.0,0.0,1000.0,1000.0,1000.0,0.0,0.0,0.0
2024-12-22,CASH,1000,0.0,0.0,0.0,1000.0,1000.0,1000.0,0.0,0.0,0.0
2024-12-23,CASH,1000,0.0,0.0,0.0,1000.0,1000.0,1000.0,0.0,0.0,0.0
2024-12-24,CASH,1000,0.0,0.0,0.0,1000.0,1000.0,1000.0,0.0,0.0,0.0
2024-12-25,CASH,1000,0.0,0.0,0.0,1000.0,1000.0,1000.0,0.0,0.0,0.0
2024-12-26,CASH,1000,0.0,0.0,0.0,1000.0,1000.0,1000.0,0.0,0.0,0.0
2024-12-27,CASH,1000,0.0,0.0,0.0,1000.0,1000.0,1000.0,0.0,0.0,0.0
2024-12-28,CASH,1000,0.0,0.0,0.0,1000.0,1000.0,1000.0,0.0,0.0,0.0
2024-12-29,CASH,1000,0.0,0.0,0.0,1000.0,1000.0,1000.0,0.0,0.0,0.0
2024-12-30,CASH,1000,0.0,0.0,0.0,1000.0,1000.0,1000.0,0.0,0.0,0.0
2024-12-31,CASH,1000,0.0,0.0,0.0,1000.0,1000.0,1000.0,0.0,0.0,0.0
2025-01-01,CASH,1000,0.0,0.0,0.0,1000.0,1000.0,1000.0,0.0,0.0,0.0
2025-01-02,CASH,1000,0.0,0.0,0.0,1000.0,1000.0,1000.0,0.0,0.0,0.0
2025-01-03,CASH,1000,0.0,0.0,0.0,1000.0,1000.0,1000.0,0.0,0.0,0.0
2025-01-04,CASH,1000,0.0,0.0,0.0,1000.0,1000.0,1000.0,0.0,0.0,0.0
2025-01-05,CASH,1000,0.0,0.0,0.0,1000.0,1000.0,1000.0,0.0,0.0,0.0
2025-01-06,CASH,1000,0.0,0.0,0.0,1000.0,1000.0,1000.0,0.0,0.0,0.0
2025-01-07,CASH,1000,0.0,0.0,0.0,1000.0,1000.0,1000.0,0.0,0.0,0.0
2025-01-08,CASH,1000,0.0,0.0,0.0,1000.0,1000.0,1000.0,0.0,0.0,0.0
2025-01-09,CASH,1000,0.0,0.0,0.0,1000.0,1000.0,1000.0,0.0,0.0,0.0
2025-01-10,CASH,1000,0.0,0.0,0.0,1000.0,1000.0,1000.0,0.0,0.0,0.0
2025-01-11,CASH,1000,0.0,0.0,0.0,1000.0,1000.0,1000.0,0.0,0.0,0.0
2025-01-12,CASH,1000,0.0,0.0,0.0,1000.0,1000.0,1000.0,0.0,0.0,0.0
2025-01-13,CASH,1000,0.0,0.0,0.0,1000.0,1000.0,1000.0,0.0,0.0,0.0
2025-01-14,CASH,1000,0.0,0.0,0.0,1000.0,1000.0,1000.0,0.0,0.0,0.0
2025-01-15,CASH,1000,0.0,0.0,0.0,1000.0,1000.0,1000.0,0.0,0.0,0.0
2025-01-16,CASH,1000,0.0,0.0,0.0,1000.0,1000.0,1000.0,0.0,0.0,0.0
2025-01-17,CASH,1000,0.0,0.0,0.0,1000.0,1000.0,1000.0,0.0,0.0,0.0
2025-01-18,CASH,1000,0.0,0.0,0.0,1000.0,1000.0,1000.0,0.0,0.0,0.0
2025-01-19,CASH,1000,0.0,0.0,0.0,1000.0,1000.0,1000.0,0.0,0.0,0.0
2025-01-20,CASH,1000,0.0,0.0,0.0,1000.0,1000.0,1000.0,0.0,0.0,0.0
2025-01-21,CASH,1000,0.0,0.0,0.0,1000.0,1000.0,1000.0,0.0,0.0,0.0
2025-01-22,CASH,1000,0.0,0.0,0.0,1000.0,1000.0,1000.0,0.0,0.0,0.0
2025-01-23,CASH,1000,0.0,0.0,0.0,1000.0,1000.0,1000.0,0.0,0.0,0.0
2025-01-24,CASH,1000,0.0,0.0,0.0,1000.0,1000.0,1000.0,0.0,0.0,0.0
2025-01-25,CASH,1000,0.0,0.0,0.0,1000.0,1000.0,1000.0,0.0,0.0,0.0
2025-01-26,CASH,1000,0.0,0.0,0.0,1000.0,1000.0,1000.0,0.0,0.0,0.0
2025-01-27,CASH,1000,0.0,0.0,0.0,1000.0,1000.0,1000.0,0.0,0.0,0.0
2025-01-28,CASH,1000,0.0,0.0,0.0,1000.0,1000.0,1000.0,0.0,0.0,0.0
2025-01-29,CASH,1000,0.0,0.0,0.0,1000.0,1000.0,1000.0,0.0,0.0,0.0
2025-01-30,CASH,1000,0.0,0.0,0.0,1000.0,1000.0,1000.0,0.0,0.0,0.0
2025-01-31,CASH,1000,0.0,0.0,0.0,1000.0,1000.0,1000.0,0.0,0.0,0.0
2025-02-01,CASH,1000,0.0,0.0,0.0,1000.0,1000.0,1000.0,0.0,0.0,0.0
2025-02-02,CASH,1000,0.0,0.0,0.0,1000.0,1000.0,1000.0,0.0,0.0,0.0
2025-02-03,CASH,1000,0.0,0.0,0.0,1000.0,1000.0,1000.0,0.0,0.0,0.0
2025-02-04,CASH,1000,0.0,0.0,0.0,1000.0,1000.0,1000.0,0.0,0.0,0.0
2025-02-05,CASH,1000,0.0,0.0,0.0,1000.0,1000.0,1000.0,0.0,0.0,0.0
2025-02-06,CASH,1000,0.0,0.0,0.0,1000.0,1000.0,1000.0,0.0,0.0,0.0
2025-02-07,CASH,1000,0.0,0.0,0.0,1000.0,1000.0,1000.0,0.0,0.0,0.0
2025-02-08,CASH,1000,0.0,0.0,0.0,1000.0,1000.0,1000.0,0.0,0.0,0.0
2025-02-09,CASH,1000,0.0,0.0,0.0,1000.0,1000.0,1000.0,0.0,0.0,0.0
2025-02-10,CASH,1000,0.0,0.0,0.0,1000.0,1000.0,1000.0,0.0,0.0,0.0
2025-02-11,CASH,1000,0.0,0.0,0.0,1000.0,1000.0,1000.0,0.0,0.0,0.0
2025-02-12,CASH,1000,0.0,0.0,0.0,1000.0,1000.0,1000.0,0.0,0.0,0.0
2025-02-13,CASH,1000,0.0,0.0,0.0,1000.0,1000.0,1000.0,0.0,0.0,0.0
2025-02-14,CASH,1000,0.0,0.0,0.0,1000.0,1000.0,1000.0,0.0,0.0,0.0
2025-02-15,CASH,1000,0.0,0.0,0.0,1000.0,1000.0,1000.0,0.0,0.0,0.0
2025-02-16,CASH,1000,0.0,0.0,0.0,1000.0,1000.0,1000.0,0.0,0.0,0.0
2025-02-17,CASH,1000,0.0,0.0,0.0,1000.0,1000.0,1000.0,0.0,0.0,0.0
2025-02-18,CASH,1000,0.0,0.0,0.0,1000.0,1000.0,1000.0,0.0,0.0,0.0
2025-02-19,CASH,1000,0.0,0.0,0.0,1000.0,1000.0,1000.0,0.0,0.0,0.0
2025-02-20,CASH,1000,0.0,0.0,0.0,1000.0,1000.0,1000.0,0.0,0.0,0.0
2025-02-21,CASH,1000,0.0,0.0,0.0,1000.0,1000.0,1000.0,0.0,0.0,0.0
2025-02-22,CASH,1000,0.0,0.0,0.0,1000.0,1000.0,1000.0,0.0,0.0,0.0
2025-02-23,CASH,1000,0.0,0.0,0.0,1000.0,1000.0,1000.0,0.0,0.0,0.0
2025-02-24,CASH,1000,0.0,0.0,0.0,1000.0,1000.0,1000.0,0.0,0.0,0.0
2025-02-25,CASH,1000,0.0,0.0,0.0,1000.0,1000.0,1000.0,0.0,0.0,0.0
2025-02-26,CASH,1000,0.0,0.0,0.0,1000.0,1000.0,1000.0,0.0,0.0,0.0
2025-02-27,CASH,1000,0.0,0.0,0.0,1000.0,1000.0,1000.0,0.0,0.0,0.0
2025-02-28,CASH,1000,0.0,0.0,0.0,1000.0,1000.0,1000.0,0.0,0.0,0.0
2025-03-01,CASH,1000,0.0,0.0,0.0,1000.0,1000.0,1000.0,0.0,0.0,0.0
2025-03-02,CASH,1000,0.0,0.0,0.0,1000.0,1000.0,1000.0,0.0,0.0,0.0
2025-03-03,CASH,1000,0.0,0.0,0.0,1000.0,1000.0,1000.0,0.0,0.0,0.0
2025-03-04,CASH,1000,0.0,0.0,0.0,1000.0,1000.0,1000.0,0.0,0.0,0.0
2025-03-05,CASH,1000,0.0,0.0,0.0,1000.0,1000.0,1000.0,0.0,0.0,0.0
2025-03-06,CASH,1000,0.0,0.0,0.0,1000.0,1000.0,1000.0,0.0,0.0,0.0
2025-03-07,CASH,1000,0.0,0.0,0.0,1000.0,1000.0,1000.0,0.0,0.0,0.0
2025-03-08,CASH,1000,0.0,0.0,0.0,1000.0,1000.0,1000.0,0.0,0.0,0.0
2025-03-09,CASH,1000,0.0,0.0,0.0,1000.0,1000.0,1000.0,0.0,0.0,0.0
2025-03-10,CASH,1000,0.0,0.0,0.0,1000.0,1000.0,1000.0,0.0,0.0,0.0
2025-03-11,CASH,1000,0.0,0.0,0.0,1000.0,1000.0,1000.0,0.0,0.0,0.0
2025-03-12,CASH,1000,0.0,0.0,0.0,1000.0,1000.0,1000.0,0.0,0.0,0.0
2025-03-13,CASH,1000,0.0,0.0,0.0,1000.0,1000.0,1000.0,0.0,0.0,0.0
2025-03-14,CASH,1000,0.0,0.0,0.0,1000.0,1000.0,1000.0,0.0,0.0,0.0
2025-03-15,CASH,1000,0.0,0.0,0.0,1000.0,1000.0,1000.0,0.0,0.0,0.0
2025-03-16,CASH,1000,0.0,0.0,0.0,1000.0,1000.0,1000.0,0.0,0.0,0.0
2025-03-17,CASH,1000,0.0,0.0,0.0,1000.0,1000.0,1000.0,0.0,0.0,0.0
2025-03-18,CASH,1000,0.0,0.0,0.0,1000.0,1000.0,1000.0,0.0,0.0,0.0
2025-03-19,CASH,1000,0.0,0.0,0.0,1000.0,1000.0,1000.0,0.0,0.0,0.0
2025-03-20,CASH,1000,0.0,0.0,0.0,1000.0,1000.0,1000.0,0.0,0.0,0.0
2025-03-21,CASH,1000,0.0,0.0,0.0,1000.0,1000.0,1000.0,0.0,0.0,0.0
2025-03-22,CASH,1000,0.0,0.0,0.0,1000.0,1000.0,1000.0,0.0,0.0,0.0
2025-03-23,CASH,1000,0.0,0.0,0.0,1000.0,1000.0,1000.0,0.0,0.0,0.0
2025-03-24,CASH,1000,0.0,0.0,0.0,1000.0,1000.0,1000.0,0.0,0.0,0.0
2025-03-25,CASH,1000,0.0,0.0,0.0,1000.0,1000.0,1000.0,0.0,0.0,0.0
2025-03-26,CASH,1000,0.0,0.0,0.0,1000.0,1000.0,1000.0,0.0,0.0,0.0
2025-03-27,CASH,1000,0.0,0.0,0.0,1000.0,1000.0,1000.0,0.0,0.0,0.0
2025-03-28,CASH,1000,0.0,0.0,0.0,1000.0,1000.0,1000.0,0.0,0.0,0.0
2025-03-29,CASH,1000,0.0,0.0,0.0,1000.0,1000.0,1000.0,0.0,0.0,0.0
2025-03-30,CASH,1000,0.0,0.0,0.0,1000.0,1000.0,1000.0,0.0,0.0,0.0
2025-03-31,CASH,1000,0.0,0.0,0.0,1000.0,1000.0,1000.0,0.0,0.0,0.0
2025-04-01,CASH,1000,0.0,0.0,0.0,1000.0,1000.0,1000.0,0.0,0.0,0.0
2025-04-02,CASH,1000,0.0,0.0,0.0,1000.0,1000.0,1000.0,0.0,0.0,0.0
2025-04-03,CASH,1000,0.0,0.0,0.0,1000.0,1000.0,1000.0,0.0,0.0,0.0
2025-04-04,CASH,1000,0.0,0.0,0.0,1000.0,1000.0,1000.0,0.0,0.0,0.0
2025-04-05,CASH,1000,0.0,0.0,0.0,1000.0,1000.0,1000.0,0.0,0.0,0.0
2025-04-06,CASH,1000,0.0,0.0,0.0,1000.0,1000.0,1000.0,0.0,0.0,0.0
2025-04-07,CASH,1000,0.0,0.0,0.0,1000.0,1000.0,1000.0,0.0,0.0,0.0
2025-04-08,CASH,1000,0.0,0.0,0.0,1000.0,1000.0,1000.0,0.0,0.0,0.0
2025-04-09,CASH,1000,0.0,0.0,0.0,1000.0,1000.0,1000.0,0.0,0.0,0.0
2025-04-10,CASH,1000,0.0,0.0,0.0,1000.0,1000.0,1000.0,0.0,0.0,0.0
2025-04-11,CASH,1000,0.0,0.0,0.0,1000.0,1000.0,1000.0,0.0,0.0,0.0
2025-04-12,CASH,1000,0.0,0.0,0.0,1000.0,1000.0,1000.0,0.0,0.0,0.0
2025-04-13,CASH,1000,0.0,0.0,0.0,1000.0,1000.0,1000.0,0.0,0.0,0.0
2025-04-14,CASH,1000,0.0,0.0,0.0,1000.0,1000.0,1000.0,0.0,0.0,0.0
2025-04-15,CASH,1000,0.0,0.0,0.0,1000.0,1000.0,1000.0,0.0,0.0,0.0
2025-04-16,CASH,1000,0.0,0.0,0.0,1000.0,1000.0,1000.0,0.0,0.0,0.0
2025-04-17,CASH,1000,0.0,0.0,0.0,1000.0,1000.0,1000.0,0.0,0.0,0.0
2025-04-18,CASH,1000,0.0,0.0,0.0,1000.0,1000.0,1000.0,0.0,0.0,0.0
2025-04-19,CASH,1000,0.0,0.0,0.0,1000.0,1000.0,1000.0,0.0,0.0,0.0
2025-04-20,CASH,1000,0.0,0.0,0.0,1000.0,1000.0,1000.0,0.0,0.0,0.0
2025-04-21,CASH,1000,0.0,0.0,0.0,1000.0,1000.0,1000.0,0.0,0.0,0.0
2025-04-22,CASH,1000,0.0,0.0,0.0,1000.0,1000.0,1000.0,0.0,0.0,0.0
2025-04-23,CASH,1000,0.0,0.0,0.0,1000.0,1000.0,1000.0,0.0,0.0,0.0
2025-04-24,CASH,1000,0.0,0.0,0.0,1000.0,1000.0,1000.0,0.0,0.0,0.0
2025-04-25,CASH,1000,0.0,0.0,0.0,1000.0,1000.0,1000.0,0.0,0.0,0.0
2025-04-26,CASH,1000,0.0,0.0,0.0,1000.0,1000.0,1000.0,0.0,0.0,0.0
2025-04-27,CASH,1000,0.0,0.0,0.0,1000.0,1000.0,1000.0,0.0,0.0,0.0
2025-04-28,CASH,1000,0.0,0.0,0.0,1000.0,1000.0,1000.0,0.0,0.0,0.0
2025-04-29,CASH,1000,0.0,0.0,0.0,1000.0,1000.0,1000.0,0.0,0.0,0.0
2025-04-30,CASH,1000,0.0,0.0,0.0,1000.0,1000.0,1000.0,0.0,0.0,0.0
2025-05-01,CASH,1000,0.0,0.0,0.0,1000.0,1000.0,1000.0,0.0,0.0,0.0
2025-05-02,CASH,1000,0.0,0.0,0.0,1000.0,1000.0,1000.0,0.0,0.0,0.0
2025-05-03,CASH,1000,0.0,0.0,0.0,1000.0,1000.0,1000.0,0.0,0.0,0.0
2025-05-04,CASH,1000,0.0,0.0,0.0,1000.0,1000.0,1000.0,0.0,0.0,0.0
2025-05-05,CASH,1000,0.0,0.0,0.0,1000.0,1000.0,1000.0,0.0,0.0,0.0
2025-05-06,CASH,1000,0.0,0.0,0.0,1000.0,1000.0,1000.0,0.0,0.0,0.0
2025-05-07,CASH,1000,0.0,0.0,0.0,1000.0,1000.0,1000.0,0.0,0.0,0.0
2025-05-08,CASH,1000,0.0,0.0,0.0,1000.0,1000.0,1000.0,0.0,0.0,0.0
2025-05-09,CASH,1000,0.0,0.0,0.0,1000.0,1000.0,1000.0,0.0,0.0,0.0
2025-05-10,CASH,1000,0.0,0.0,0.0,1000.0,1000.0,1000.0,0.0,0.0,0.0
2025-05-11,CASH,1000,0.0,0.0,0.0,1000.0,1000.0,1000.0,0.0,0.0,0.0
2025-05-12,CASH,1000,0.0,0.0,0.0,1000.0,1000.0,1000.0,0.0,0.0,0.0
2025-05-13,CASH,1000,0.0,0.0,0.0,1000.0,1000.0,1000.0,0.0,0.0,0.0
2025-05-14,CASH,1000,0.0,0.0,0.0,1000.0,1000.0,1000.0,0.0,0.0,0.0
2025-05-15,CASH,1000,0.0,0.0,0.0,1000.0,1000.0,1000.0,0.0,0.0,0.0
2025-05-16,CASH,1000,0.0,0.0,0.0,1000.0,1000.0,1000.0,0.0,0.0,0.0
2025-05-17,CASH,1000,0.0,0.0,0.0,1000.0,1000.0,1000.0,0.0,0.0,0.0
2025-05-18,CASH,1000,0.0,0.0,0.0,1000.0,1000.0,1000.0,0.0,0.0,0.0
2025-05-19,CASH,1000,0.0,0.0,0.0,1000.0,1000.0,1000.0,0.0,0.0,0.0
2025-05-20,CASH,1000,0.0,0.0,0.0,1000.0,1000.0,1000.0,0.0,0.0,0.0
2025-05-21,CASH,1000,0.0,0.0,0.0,1000.0,1000.0,1000.0,0.0,0.0,0.0
2025-05-22,CASH,1000,0.0,0.0,0.0,1000.0,1000.0,1000.0,0.0,0.0,0.0
2025-05-23,CASH,1000,0.0,0.0,0.0,1000.0,1000.0,1000.0,0.0,0.0,0.0
2025-05-24,CASH,1000,0.0,0.0,0.0,1000.0,1000.0,1000.0,0.0,0.0,0.0
2025-05-25,CASH,1000,0.0,0.0,0.0,1000.0,1000.0,1000.0,0.0,0.0,0.0
2025-05-26,CASH,1000,0.0,0.0,0.0,1000.0,1000.0,1000.0,0.0,0.0,0.0
2025-05-27,CASH,1000,0.0,0.0,0.0,1000.0,1000.0,1000.0,0.0,0.0,0.0
2025-05-28,CASH,1000,0.0,0.0,0.0,1000.0,1000.0,1000.0,0.0,0.0,0.0
2025-05-29,CASH,1000,0.0,0.0,0.0,1000.0,1000.0,1000.0,0.0,0.0,0.0
2025-05-30,CASH,1000,0.0,0.0,0.0,1000.0,1000.0,1000.0,0.0,0.0,0.0
2025-05-31,CASH,1000,0.0,0.0,0.0,1000.0,1000.0,1000.0,0.0,0.0,0.0
2025-06-01,CASH,1000,0.0,0.0,0.0,1000.0,1000.0,1000.0,0.0,0.0,0.0
2025-06-02,CASH,1000,0.0,0.0,0.0,1000.0,1000.0,1000.0,0.0,0.0,0.0
2025-06-03,CASH,1000,0.0,0.0,0.0,1000.0,1000.0,1000.0,0.0,0.0,0.0
2025-06-04,CASH,1000,0.0,0.0,0.0,1000.0,1000.0,1000.0,0.0,0.0,0.0
2025-06-05,CASH,1000,0.0,0.0,0.0,1000.0,1000.0,1000.0,0.0,0.0,0.0
2025-06-06,CASH,1000,0.0,0.0,0.0,1000.0,1000.0,1000.0,0.0,0.0,0.0
2025-06-07,CASH,1000,0.0,0.0,0.0,1000.0,1000.0,1000.0,0.0,0.0,0.0
2025-06-08,CASH,1000,0.0,0.0,0.0,1000.0,1000.0,1000.0,0.0,0.0,0.0
2025-06-09,CASH,1000,0.0,0.0,0.0,1000.0,1000.0,1000.0,0.0,0.0,0.0
2025-06-10,CASH,1000,0.0,0.0,0.0,1000.0,1000.0,1000.0,0.0,0.0,0.0
2025-06-11,CASH,1000,0.0,0.0,0.0,1000.0,1000.0,1000.0,0.0,0.0,0.0
2025-06-12,CASH,1000,0.0,0.0,0.0,1000.0,1000.0,1000.0,0.0,0.0,0.0
2025-06-13,CASH,1000,0.0,0.0,0.0,1000.0,1000.0,1000.0,0.0,0.0,0.0
2025-06-14,CASH,1000,0.0,0.0,0.0,1000.0,1000.0,1000.0,0.0,0.0,0.0
2025-06-15,CASH,1000,0.0,0.0,0.0,1000.0,1000.0,1000.0,0.0,0.0,0.0
2025-06-16,CASH,1000,0.0,0.0,0.0,1000.0,1000.0,1000.0,0.0,0.0,0.0
2025-06-17,CASH,1000,0.0,0.0,0.0,1000.0,1000.0,1000.0,0.0,0.0,0.0
2025-06-18,CASH,1000,0.0,0.0,0.0,1000.0,1000.0,1000.0,0.0,0.0,0.0
2025-06-19,CASH,1000,0.0,0.0,0.0,1000.0,1000.0,1000.0,0.0,0.0,0.0
2025-06-20,CASH,1000,0.0,0.0,0.0,1000.0,1000.0,1000.0,0.0,0.0,0.0
2025-06-21,CASH,1000,0.0,0.0,0.0,1000.0,1000.0,1000.0,0.0,0.0,0.0
2025-06-22,CASH,1000,0.0,0.0,0.0,1000.0,1000.0,1000.0,0.0,0.0,0.0
2025-06-23,CASH,1000,0.0,0.0,0.0,1000.0,1000.0,1000.0,0.0,0.0,0.0
2025-06-24,CASH,1000,0.0,0.0,0.0,1000.0,1000.0,1000.0,0.0,0.0,0.0
2025-06-25,CASH,1000,0.0,0.0,0.0,1000.0,1000.0,1000.0,0.0,0.0,0.0
2025-06-26,CASH,1000,0.0,0.0,0.0,1000.0,1000.0,1000.0,0.0,0.0,0.0
2025-06-27,CASH,1000,0.0,0.0,0.0,1000.0,1000.0,1000.0,0.0,0.0,0.0
2025-06-28,CASH,1000,0.0,0.0,0.0,1000.0,1000.0,1000.0,0.0,0.0,0.0
2025-06-29,CASH,1000,0.0,0.0,0.0,1000.0,1000.0,1000.0,0.0,0.0,0.0
2025-06-30,CASH,1000,0.0,0.0,0.0,1000.0,1000.0,1000.0,0.0,0.0,0.0
2025-07-01,CASH,1000,0.0,0.0,0.0,1000.0,1000.0,1000.0,0.0,0.0,0.0
2025-07-02,CASH,1000,0.0,0.0,0.0,1000.0,1000.0,1000.0,0.0,0.0,0.0
2025-07-03,CASH,1000,0.0,0.0,0.0,1000.0,1000.0,1000.0,0.0,0.0,0.0
2025-07-04,CASH,1000,0.0,0.0,0.0,1000.0,1000.0,1000.0,0.0,0.0,0.0
2025-07-05,CASH,1000,0.0,0.0,0.0,1000.0,1000.0,1000.0,0.0,0.0,0.0
2025-07-06,CASH,1000,0.0,0.0,0.0,1000.0,1000.0,1000.0,0.0,0.0,0.0
2025-07-07,CASH,1000,0.0,0.0,0.0,1000.0,1000.0,1000.0,0.0,0.0,0.0
2025-07-08,CASH,1000,0.0,0.0,0.0,1000.0,1000.0,1000.0,0.0,0.0,0.0
2025-07-09,CASH,1000,0.0,0.0,0.0,1000.0,1000.0,1000.0,0.0,0.0,0.0
2025-07-10,CASH,1000,0.0,0.0,0.0,1000.0,1000.0,1000.0,0.0,0.0,0.0
2025-07-11,CASH,1000,0.0,0.0,0.0,1000.0,1000.0,1000.0,0.0,0.0,0.0
2025-07-12,CASH,1000,0.0,0.0,0.0,1000.0,1000.0,1000.0,0.0,0.0,0.0
2025-07-13,CASH,1000,0.0,0.0,0.0,1000.0,1000.0,1000.0,0.0,0.0,0.0
2025-07-14,CASH,1000,0.0,0.0,0.0,1000.0,1000.0,1000.0,0.0,0.0,0.0
2025-07-15,CASH,1000,0.0,0.0,0.0,1000.0,1000.0,1000.0,0.0,0.0,0.0
2025-07-16,CASH,1000,0.0,0.0,0.0,1000.0,1000.0,1000.0,0.0,0.0,0.0
2025-07-17,CASH,1000,0.0,0.0,0.0,1000.0,1000.0,1000.0,0.0,0.0,0.0
2025-07-18,CASH,1000,0.0,0.0,0.0,1000.0,1000.0,1000.0,0.0,0.0,0.0
2025-07-19,CASH,1000,0.0,0.0,0.0,1000.0,1000.0,1000.0,0.0,0.0,0.0
2025-07-20,CASH,1000,0.0,0.0,0.0,1000.0,1000.0,1000.0,0.0,0.0,0.0
2025-07-21,CASH,1000,0.0,0.0,0.0,1000.0,1000.0,1000.0,0.0,0.0,0.0
2025-07-22,CASH,1000,0.0,0.0,0.0,1000.0,1000.0,1000.0,0.0,0.0,0.0
2025-07-23,CASH,1000,0.0,0.0,0.0,1000.0,1000.0,1000.0,0.0,0.0,0.0
2025-07-24,CASH,1000,0.0,0.0,0.0,1000.0,1000.0,1000.0,0.0,0.0,0.0
2025-07-25,CASH,1000,0.0,0.0,0.0,1000.0,1000.0,1000.0,0.0,0.0,0.0
2025-07-26,CASH,1000,0.0,0.0,0.0,1000.0,1000.0,1000.0,0.0,0.0,0.0
2025-07-27,CASH,1000,0.0,0.0,0.0,1000.0,1000.0,1000.0,0.0,0.0,0.0
2025-07-28,CASH,1000,0.0,0.0,0.0,1000.0,1000.0,1000.0,0.0,0.0,0.0
2025-07-29,CASH,1000,0.0,0.0,0.0,1000.0,1000.0,1000.0,0.0,0.0,0.0
2025-07-30,CASH,1000,0.0,0.0,0.0,1000.0,1000.0,1000.0,0.0,0.0,0.0
2025-07-31,CASH,1000,0.0,0.0,0.0,1000.0,1000.0,1000.0,0.0,0.0,0.0
2025-08-01,CASH,1000,0.0,0.0,0.0,1000.0,1000.0,1000.0,0.0,0.0,0.0
2025-08-02,CASH,1000,0.0,0.0,0.0,1000.0,1000.0,1000.0,0.0,0.0,0.0
2025-08-03,CASH,1000,0.0,0.0,0.0,1000.0,1000.0,1000.0,0.0,0.0,0.0
2025-08-04,CASH,1000,0.0,0.0,0.0,1000.0,1000.0,1000.0,0.0,0.0,0.0
2025-08-05,CASH,1000,0.0,0.0,0.0,1000.0,1000.0,1000.0,0.0,0.0,0.0
2025-08-06,CASH,1000,0.0,0.0,0.0,1000.0,1000.0,1000.0,0.0,0.0,0.0
2025-08-07,CASH,1000,0.0,0.0,0.0,1000.0,1000.0,1000.0,0.0,0.0,0.0
2025-08-08,CASH,1000,0.0,0.0,0.0,1000.0,1000.0,1000.0,0.0,0.0,0.0
2025-08-09,CASH,1000,0.0,0.0,0.0,1000.0,1000.0,1000.0,0.0,0.0,0.0
2025-08-10,CASH,1000,0.0,0.0,0.0,1000.0,1000.0,1000.0,0.0,0.0,0.0
2025-08-11,CASH,1000,0.0,0.0,0.0,1000.0,1000.0,1000.0,0.0,0.0,0.0
2025-08-12,CASH,1000,0.0,0.0,0.0,1000.0,1000.0,1000.0,0.0,0.0,0.0
2025-08-13,CASH,1000,0.0,0.0,0.0,1000.0,1000.0,1000.0,0.0,0.0,0.0
2025-08-14,CASH,1000,0.0,0.0,0.0,1000.0,1000.0,1000.0,0.0,0.0,0.0
2025-08-15,CASH,1000,0.0,0.0,0.0,1000.0,1000.0,1000.0,0.0,0.0,0.0
2025-08-16,CASH,1000,0.0,0.0,0.0,1000.0,1000.0,1000.0,0.0,0.0,0.0
2025-08-17,CASH,1000,0.0,0.0,0.0,1000.0,1000.0,1000.0,0.0,0.0,0.0
2025-08-18,CASH,1000,0.0,0.0,0.0,1000.0,1000.0,1000.0,0.0,0.0,0.0
2025-08-19,CASH,1000,0.0,0.0,0.0,1000.0,1000.0,1000.0,0.0,0.0,0.0
2025-08-20,CASH,1000,0.0,0.0,0.0,1000.0,1000.0,1000.0,0.0,0.0,0.0
2025-08-21,CASH,1000,0.0,0.0,0.0,1000.0,1000.0,1000.0,0.0,0.0,0.0
2025-08-22,CASH,1000,0.0,0.0,0.0,1000.0,1000.0,1000.0,0.0,0.0,0.0
2025-08-23,CASH,1000,0.0,0.0,0.0,1000.0,1000.0,1000.0,0.0,0.0,0.0
2025-08-24,CASH,1000,0.0,0.0,0.0,1000.0,1000.0,1000.0,0.0,0.0,0.0
2025-08-25,CASH,1000,0.0,0.0,0.0,1000.0,1000.0,1000.0,0.0,0.0,0.0
2025-08-26,CASH,1000,0.0,0.0,0.0,1000.0,1000.0,1000.0,0.0,0.0,0.0
2025-08-27,CASH,1000,0.0,0.0,0.0,1000.0,1000.0,1000.0,0.0,0.0,0.0
2025-08-28,CASH,1000,0.0,0.0,0.0,1000.0,1000.0,1000.0,0.0,0.0,0.0
2025-08-29,CASH,1000,0.0,0.0,0.0,1000.0,1000.0,1000.0,0.0,0.0,0.0
2025-08-30,CASH,1000,0.0,0.0,0.0,1000.0,1000.0,1000.0,0.0,0.0,0.0
2025-08-31,CASH,1000,0.0,0.0,0.0,1000.0,1000.0,1000.0,0.0,0.0,0.0
2025-09-01,CASH,1000,0.0,0.0,0.0,1000.0,1000.0,1000.0,0.0,0.0,0.0
2025-09-02,CASH,1000,0.0,0.0,0.0,1000.0,1000.0,1000.0,0.0,0.0,0.0
2025-09-03,CASH,1000,0.0,0.0,0.0,1000.0,1000.0,1000.0,0.0,0.0,0.0
2025-09-04,CASH,1000,0.0,0.0,0.0,1000.0,1000.0,1000.0,0.0,0.0,0.0
2025-09-05,CASH,1000,0.0,0.0,0.0,1000.0,1000.0,1000.0,0.0,0.0,0.0
2025-09-06,CASH,1000,0.0,0.0,0.0,1000.0,1000.0,1000.0,0.0,0.0,0.0
2025-09-07,CASH,1000,0.0,0.0,0.0,1000.0,1000.0,1000.0,0.0,0.0,0.0
2025-09-08,CASH,1000,0.0,0.0,0.0,1000.0,1000.0,1000.0,0.0,0.0,0.0
2025-09-09,CASH,1000,0.0,0.0,0.0,1000.0,1000.0,1000.0,0.0,0.0,0.0
2025-09-10,CASH,1000,0.0,0.0,0.0,1000.0,1000.0,1000.0,0.0,0.0,0.0
2025-09-11,CASH,1000,0.0,0.0,0.0,1000.0,1000.0,1000.0,0.0,0.0,0.0
2025-09-12,CASH,1000,0.0,0.0,0.0,1000.0,1000.0,1000.0,0.0,0.0,0.0
2025-09-13,CASH,1000,0.0,0.0,0.0,1000.0,1000.0,1000.0,0.0,0.0,0.0
2025-09-14,CASH,1000,0.0,0.0,0.0,1000.0,1000.0,1000.0,0.0,0.0,0.0
2025-09-15,CASH,1000,0.0,0.0,0.0,1000.0,1000.0,1000.0,0.0,0.0,0.0
2025-09-16,CASH,1000,0.0,0.0,0.0,1000.0,1000.0,1000.0,0.0,0.0,0.0
2025-09-17,CASH,1000,0.0,0.0,0.0,1000.0,1000.0,1000.0,0.0,0.0,0.0
2025-09-18,CASH,1000,0.0,0.0,0.0,1000.0,1000.0,1000.0,0.0,0.0,0.0
2025-09-19,CASH,1000,0.0,0.0,0.0,1000.0,1000.0,1000.0,0.0,0.0,0.0
2025-09-20,CASH,1000,0.0,0.0,0.0,1000.0,1000.0,1000.0,0.0,0.0,0.0
2025-09-21,CASH,1000,0.0,0.0,0.0,1000.0,1000.0,1000.0,0.0,0.0,0.0
2025-09-22,CASH,1000,0.0,0.0,0.0,1000.0,1000.0,1000.0,0.0,0.0,0.0
2025-09-23,CASH,1000,0.0,0.0,0.0,1000.0,1000.0,1000.0,0.0,0.0,0.0
2025-09-24,CASH,1000,0.0,0.0,0.0,1000.0,1000.0,1000.0,0.0,0.0,0.0
2025-09-25,CASH,1000,0.0,0.0,0.0,1000.0,1000.0,1000.0,0.0,0.0,0.0
2025-09-26,CASH,1000,0.0,0.0,0.0,1000.0,1000.0,1000.0,0.0,0.0,0.0
2023-01-10,STOCK,991,-0.0010080645161290036,-0.002014098690835797,-0.003018108651911433,992.0,993.0,995.5,-0.0010085729548841016,1.6019028550384237e-06,-5.0
2023-01-11,STOCK,990,-0.0010090817356205317,-0.0020161290322581182,-0.0030211480362537513,991.0,992.0,994.5,-0.0010095912013525776,1.6051325114232132e-06,-5.0
2023-01-12,STOCK,989,-0.0010101010101010166,-0.0020181634712411745,-0.003024193548387122,990.0,991.0,993.5,-0.0010106115059231868,1.6083719445192712e-06,-5.0
2023-01-13,STOCK,988,-0.0010111223458038054,-0.002020202020202033,-0.003027245206861706,989.0,990.0,992.5,-0.0010116338748442644,1.611621194350525e-06,-5.0
2023-01-14,STOCK,987,-0.0010121457489878916,-0.002022244691607722,-0.00303030303030305,988.0,989.0,991.5,-0.00101265831438635,1.6148803007992098e-06,-5.0
2023-01-15,STOCK,986,-0.0010131712259371373,-0.002024291497975672,-0.0030333670374115274,987.0,988.0,990.5,-0.0010136848308466284,1.618149302907486e-06,-5.0
2023-01-16,STOCK,985,-0.0010141987829614951,-0.0020263424518743856,-0.0030364372469635637,986.0,987.0,989.5,-0.0010147134305462657,1.6214282412590448e-06,-5.0
2023-01-17,STOCK,984,-0.0010152284263958977,-0.0020283975659228792,-0.003039513677811523,985.0,986.0,988.5,-0.0010157441198357375,1.6247171561600673e-06,-5.0
2023-01-18,STOCK,983,-0.00101626016260159,-0.0020304568527919065,-0.0030425963488843744,984.0,985.0,987.5,-0.0010167769050868358,1.6280160880544933e-06,-5.0
2023-01-19,STOCK,982,-0.0010172939979654627,-0.002032520325203291,-0.003045685279187804,983.0,984.0,986.5,-0.0010178117927006625,1.6313250778088775e-06,-5.0
2023-01-20,STOCK,981,-0.0010183299389001643,-0.0020345879959308144,-0.0030487804878048808,982.0,983.0,985.5,-0.0010188487891023001,1.6346441662889192e-06,-5.0
2023-01-21,STOCK,980,-0.0010193679918450993,-0.0020366598778004397,-0.003051881993896277,981.0,982.0,984.5,-0.0010198879007461414,1.6379733947837071e-06,-5.0
2023-01-22,STOCK,979,-0.0010204081632653184,-0.0020387359836900876,-0.003054989816700604,980.0,981.0,983.5,-0.001020929134107007,1.6413128042977413e-06,-5.0
2023-01-23,STOCK,978,-0.0010214504596527396,-0.0020408163265306367,-0.003058103975535187,979.0,980.0,982.5,-0.0010219724956925802,1.644662436400789e-06,-5.0
2023-01-24,STOCK,977,-0.0010224948875255935,-0.002042900919305368,-0.003061224489795955,978.0,979.0,981.5,-0.0010230179920354132,1.6480223335042573e-06,-5.0
2023-01-25,STOCK,976,-0.0010235414534288667,-0.002044989775051076,-0.003064351378958108,977.0,978.0,980.5,-0.0010240656296902628,1.651392536473513e-06,-5.0
2023-01-26,STOCK,975,-0.0010245901639344135,-0.0020470829068577334,-0.0030674846625766694,976.0,977.0,979.5,-0.0010251154152447484,1.654773088421213e-06,-5.0
2023-01-27,STOCK,974,-0.0010256410256410664,-0.002049180327868827,-0.0030706243602866,975.0,976.0,978.5,-0.0010261673553122463,1.6581640314793261e-06,-5.0
2023-01-28,STOCK,973,-0.0010266940451745254,-0.002051282051282022,-0.0030737704918032405,974.0,975.0,977.5,-0.001027221456530114,1.661565408058154e-06,-5.0
2023-01-29,STOCK,972,-0.0010277492291880241,-0.002053388090349051,-0.003076923076923088,973.0,974.0,976.5,-0.001028277725565907,1.664977261690882e-06,-5.0
2023-01-30,STOCK,971,-0.0010288065843621075,-0.0020554984583761593,-0.0030800821355235763,972.0,973.0,975.5,-0.0010293361691138259,1.6683996346492223e-06,-5.0
2023-01-31,STOCK,970,-0.001029866117404743,-0.002057613168724326,-0.0030832476875641834,971.0,972.0,974.5,-0.001030396793896493,1.6718325704684186e-06,-5.0
2023-02-01,STOCK,969,-0.0010309278350515427,-0.002059732234809486,-0.0030864197530864335,970.0,971.0,973.5,-0.0010314596066622883,1.675276112962484e-06,-5.0
2023-02-02,STOCK,968,-0.0010319917440660964,-0.0020618556701030855,-0.003089598352214229,969.0,970.0,972.5,-0.0010325246141897892,1.678730305806892e-06,-5.0
2023-02-03,STOCK,967,-0.0010330578512396382,-0.0020639834881320818,-0.003092783505154628,968.0,969.0,971.5,-0.0010335918232824426,1.6821951923951272e-06,-5.0
2023-02-04,STOCK,966,-0.0010341261633919352,-0.0020661157024793875,-0.003095975232198178,967.0,968.0,970.5,-0.0010346612407765576,1.6856708173864737e-06,-5.0
2023-02-05,STOCK,965,-0.0010351966873706209,-0.0020682523267838704,-0.0030991735537190257,966.0,967.0,969.5,-0.0010357328735315363,1.689157225016418e-06,-5.0
2023-02-06,STOCK,964,-0.0010362694300518616,-0.0020703933747412417,-0.0031023784901758056,965.0,966.0,968.5,-0.0010368067284405313,1.6926544603653087e-06,-5.0
2023-02-07,STOCK,963,-0.0010373443983402453,-0.002072538860103612,-0.0031055900621117516,964.0,965.0,967.5,-0.001037882812419788,1.6961625680895292e-06,-5.0
2023-02-08,STOCK,962,-0.0010384215991692258,-0.0020746887966804906,-0.0031088082901554737,963.0,964.0,966.5,-0.0010389611324193027,1.6996815931294917e-06,-5.0
2023-02-09,STOCK,961,-0.0010395010395010118,-0.0020768431983385627,-0.003112033195020736,962.0,963.0,965.5,-0.0010400416954139402,1.703211580984409e-06,-5.0
2023-02-10,STOCK,960,-0.0010405827263267886,-0.0020790020790020236,-0.0031152647975077885,961.0,962.0,964.5,-0.0010411245084105403,1.7067525768753235e-06,-5.0
2023-02-11,STOCK,959,-0.0010416666666667185,-0.002081165452653466,-0.0031185031185031464,960.0,961.0,963.5,-0.001042209578443476,1.7103046271443623e-06,-5.0
2023-02-12,STOCK,958,-0.0010427528675703845,-0.002083333333333326,-0.003121748178980255,959.0,960.0,962.5,-0.0010432969125782066,1.7138677777145071e-06,-5.0
2023-02-13,STOCK,957,-0.0010438413361169019,-0.002085505735140769,-0.0031250000000000444,958.0,959.0,961.5,-0.0010443865179059486,1.7174420746464225e-06,-5.0
2023-02-14,STOCK,956,-0.0010449320794148065,-0.0020876826722338038,-0.0031282586027111536,957.0,958.0,960.5,-0.0010454784015534457,1.721027564846617e-06,-5.0
2023-02-15,STOCK,955,-0.0010460251046024993,-0.002089864158829724,-0.0031315240083507057,956.0,957.0,959.5,-0.0010465725706705342,1.7246242945166499e-06,-5.0
2023-02-16,STOCK,954,-0.0010471204188481353,-0.0020920502092049986,-0.0031347962382445305,955.0,956.0,958.5,-0.0010476690324434657,1.728232311124448e-06,-5.0
2023-02-17,STOCK,953,-0.0010482180293500676,-0.0020942408376963817,-0.003138075313807498,954.0,955.0,957.5,-0.001048767794085137,1.7318516625570297e-06,-5.0
2023-02-18,STOCK,952,-0.0010493179433368471,-0.002096436058700246,-0.003141361256544517,953.0,954.0,956.5,-0.0010498688628368669,1.7354823950171255e-06,-5.0
2023-02-19,STOCK,951,-0.0010504201680672232,-0.0020986358866736943,-0.0031446540880503138,952.0,953.0,955.5,-0.001050972245974613,1.7391245570943604e-06,-5.0
2023-02-20,STOCK,950,-0.001051524710830698,-0.0021008403361344463,-0.0031479538300105414,951.0,952.0,954.5,-0.0010520779508036426,1.7427781963975237e-06,-5.0
2023-02-21,STOCK,949,-0.001052631578947416,-0.002103049421661396,-0.0031512605042016695,950.0,951.0,953.5,-0.0010531859846585334,1.7464433615159877e-06,-5.0
2023-02-22,STOCK,948,-0.0010537407797681642,-0.002105263157894721,-0.003154574132492094,949.0,950.0,952.5,-0.0010542963549067252,1.7501201016008745e-06,-5.0
2023-02-23,STOCK,947,-0.0010548523206751481,-0.0021074815595363283,-0.0031578947368421373,948.0,949.0,951.5,-0.0010554090689431916,1.753808464118642e-06,-5.0
2023-02-24,STOCK,946,-0.001055966209081327,-0.002109704641350185,-0.0031612223393044925,947.0,948.0,950.5,-0.0010565241342002096,1.757508498784441e-06,-5.0
2023-02-25,STOCK,945,-0.0010570824524313016,-0.002111932418162654,-0.0031645569620253333,946.0,947.0,949.5,-0.0010576415581349252,1.7612202546084451e-06,-5.0
2023-02-26,STOCK,944,-0.0010582010582010914,-0.0021141649048626032,-0.0031678986272439813,945.0,946.0,948.5,-0.001058761348242676,1.7649437818672634e-06,-5.0
2023-02-27,STOCK,943,-0.0010593220338983578,-0.002116402116402072,-0.003171247357293905,944.0,945.0,947.5,-0.0010598835120427808,1.768679129850841e-06,-5.0
2023-02-28,STOCK,942,-0.0010604453870625141,-0.0021186440677966045,-0.0031746031746031633,943.0,944.0,946.5,-0.0010610080570945257,1.7724263485561015e-06,-5.0
2023-03-01,STOCK,941,-0.0010615711252653925,-0.0021208907741251393,-0.0031779661016949623,942.0,943.0,945.5,-0.001062134990983843,1.776185488818691e-06,-5.0
2023-03-02,STOCK,940,-0.0010626992561104665,-0.002123142250530785,-0.0031813361611876534,941.0,942.0,944.5,-0.0010632643213295268,1.7799566002123546e-06,-5.0
2023-03-03,STOCK,939,-0.0010638297872340718,-0.002125398512221044,-0.0031847133757961776,940.0,941.0,943.5,-0.001064396055786787,1.7837397351185721e-06,-5.0
2023-03-04,STOCK,938,-0.0010649627263046302,-0.0021276595744680327,-0.0031880977683315104,939.0,940.0,942.5,-0.0010655302020383672,1.7875349435324882e-06,-5.0
2023-03-05,STOCK,937,-0.0010660980810234255,-0.0021299254526091493,-0.0031914893617021045,938.0,939.0,941.5,-0.0010666667678025377,1.7913422774138417e-06,-5.0
2023-03-06,STOCK,936,-0.0010672358591248265,-0.002132196162046962,-0.0031948881789137795,937.0,938.0,940.5,-0.0010678057608304314,1.7951617885827018e-06,-5.0
2023-03-07,STOCK,935,-0.0010683760683760646,-0.002134471718249764,-0.0031982942430703876,936.0,937.0,939.5,-0.0010689471889042679,1.7989935280171074e-06,-5.0
2023-03-08,STOCK,934,-0.0010695187165775666,-0.002136752136752129,-0.0032017075773745907,935.0,936.0,938.5,-0.001070091059844458,1.8028375493631612e-06,-5.0
2023-03-09,STOCK,933,-0.0010706638115631772,-0.002139037433155133,-0.0032051282051281937,934.0,935.0,937.5,-0.0010712373814989462,1.8066939045806408e-06,-5.0
2023-03-10,STOCK,932,-0.001071811361200381,-0.0021413276231263545,-0.0032085561497325887,933.0,934.0,936.5,-0.0010723861617529806,1.8105626464728073e-06,-5.0
2023-03-11,STOCK,931,-0.0010729613733905241,-0.002143622722400873,-0.0032119914346895317,932.0,933.0,935.5,-0.0010735374085237837,1.8144438279825442e-06,-5.0
2023-03-12,STOCK,930,-0.0010741138560687036,-0.0021459227467811592,-0.003215434083601254,931.0,932.0,934.5,-0.0010746911297658812,1.8183375024769262e-06,-5.0
2023-03-13,STOCK,929,-0.0010752688172043223,-0.002148227712137518,-0.0032188841201716833,930.0,931.0,933.5,-0.0010758473334631091,1.8222437238805234e-06,-5.0
2023-03-14,STOCK,928,-0.0010764262648008671,-0.0021505376344086446,-0.0032223415682062218,929.0,930.0,932.5,-0.0010770060276374949,1.8261625459800495e-06,-5.0
2023-03-15,STOCK,927,-0.0010775862068965747,-0.0021528525296017342,-0.003225806451612856,928.0,929.0,931.5,-0.0010781672203457049,1.8300940235451537e-06,-5.0
2023-03-16,STOCK,926,-0.0010787486515642097,-0.0021551724137931494,-0.0032292787944026013,927.0,928.0,930.5,-0.0010793309196754919,1.8340382102213783e-06,-5.0
2023-03-17,STOCK,925,-0.001079913606911398,-0.0021574973031284195,-0.003232758620689613,926.0,927.0,929.5,-0.0010804971337545766,1.8379951619011852e-06,-5.0
2023-03-18,STOCK,924,-0.00108108108108107,-0.002159827213822907,-0.003236245954692518,925.0,926.0,928.5,-0.0010816658707408777,1.8419649327918246e-06,-5.0
2023-03-19,STOCK,923,-0.0010822510822511289,-0.00216216216216214,-0.003239740820734305,924.0,925.0,927.5,-0.0010828371388322822,1.8459475786467043e-06,-5.0
2023-03-20,STOCK,922,-0.0010834236186348933,-0.0021645021645021467,-0.00324324324324321,923.0,924.0,926.5,-0.001084010946257763,1.849943155216504e-06,-5.0
2023-03-21,STOCK,921,-0.0010845986984815426,-0.0021668472372697867,-0.0032467532467532756,922.0,923.0,925.5,-0.0010851873012871494,1.8539517186766842e-06,-5.0
2023-03-22,STOCK,920,-0.0010857763300760048,-0.002169197396963085,-0.00325027085590468,921.0,922.0,924.5,-0.0010863662122204687,1.8579733253393252e-06,-5.0
2023-03-23,STOCK,919,-0.0010869565217391797,-0.0021715526601520097,-0.0032537960954447387,920.0,921.0,923.5,-0.0010875476873994927,1.8620080319413388e-06,-5.0
2023-03-24,STOCK,918,-0.0010881392818280489,-0.0021739130434782483,-0.0032573289902280145,919.0,920.0,922.5,-0.0010887317351961912,1.8660558950756758e-06,-5.0
2023-03-25,STOCK,917,-0.0010893246187363426,-0.0021762785636560977,-0.003260869565217428,918.0,919.0,921.5,-0.0010899183640260546,1.8701169721821386e-06,-5.0
2023-03-26,STOCK,916,-0.0010905125408942062,-0.002178649237472796,-0.0032644178454842576,917.0,918.0,920.5,-0.0010911075823347716,1.8741913209771764e-06,-5.0
2023-03-27,STOCK,915,-0.0010917030567685337,-0.0021810250817884125,-0.0032679738562091387,916.0,917.0,919.5,-0.001092299398608887,1.8782789988994161e-06,-5.0
2023-03-28,STOCK,914,-0.0010928961748634114,-0.0021834061135370675,-0.0032715376226826187,915.0,916.0,918.5,-0.0010934938213713608,1.8823800649302496e-06,-5.0
2023-03-29,STOCK,913,-0.001094091903719896,-0.002185792349726823,-0.0032751091703057122,914.0,915.0,917.5,-0.0010946908591815685,1.8864945767891388e-06,-5.0
2023-03-30,STOCK,912,-0.0010952902519167917,-0.002188183807439792,-0.003278688524590123,913.0,914.0,916.5,-0.0010958905206370773,1.8906225940188748e-06,-5.0
2023-03-31,STOCK,911,-0.0010964912280702066,-0.0021905805038334725,-0.003282275711159688,912.0,913.0,915.5,-0.0010970928143727576,1.8947641753212409e-06,-5.0
2023-04-01,STOCK,910,-0.001097694840834218,-0.002192982456140302,-0.003285870755750264,911.0,912.0,914.5,-0.00109829774906256,1.8989193803811743e-06,-5.0
2023-04-02,STOCK,909,-0.001098901098901095,-0.002195389681668547,-0.003289473684210509,910.0,911.0,913.5,-0.0010995053334168503,1.903088269022953e-06,-5.0
2023-04-03,STOCK,908,-0.0011001100110010764,-0.00219780219780219,-0.003293084522502765,909.0,910.0,912.5,-0.001100715576185074,1.9072709012117745e-06,-5.0
2023-04-04,STOCK,907,-0.0011013215859030367,-0.002200220022002153,-0.003296703296703285,908.0,909.0,911.5,-0.001101928486157533,1.9114673380372213e-06,-5.0
2023-04-05,STOCK,906,-0.0011025358324145973,-0.0022026431718061845,-0.0033003300330033403,907.0,908.0,910.5,-0.0011031440721565033,1.9156776390418096e-06,-5.0
2023-04-06,STOCK,905,-0.001103752759381904,-0.0022050716648290836,-0.0033039647577092213,906.0,907.0,909.5,-0.0011043623430539995,1.919901866860957e-06,-5.0
2023-04-07,STOCK,904,-0.0011049723756906271,-0.002207505518763808,-0.003307607497243681,905.0,906.0,908.5,-0.0011055833077495691,1.9241400818794497e-06,-5.0
2023-04-08,STOCK,903,-0.0011061946902655162,-0.0022099447513812542,-0.0033112582781457123,904.0,905.0,907.5,-0.0011068069751907217,1.9283923460300773e-06,-5.0
2023-04-09,STOCK,902,-0.001107419712070845,-0.0022123893805309214,-0.0033149171270717703,903.0,904.0,906.5,-0.0011080333543613818,1.932658722366342e-06,-5.0
2023-04-10,STOCK,901,-0.0011086474501108556,-0.0022148394241418012,-0.0033185840707964376,902.0,903.0,905.5,-0.0011092624542863305,1.936939272541133e-06,-5.0
2023-04-11,STOCK,900,-0.0011098779134295356,-0.0022172949002217113,-0.0033222591362126463,901.0,902.0,904.5,-0.001110494284026764,1.941234059886608e-06,-5.0
2023-04-12,STOCK,899,-0.0011111111111110628,-0.002219755826859071,-0.003325942350332567,900.0,901.0,903.5,-0.001111728852690952,1.945543147460265e-06,-5.0
2023-04-13,STOCK,898,-0.0011123470522803602,-0.0022222222222222365,-0.0033296337402886067,899.0,900.0,902.5,-0.0011129661694200266,1.9498665981753387e-06,-5.0
2023-04-14,STOCK,897,-0.00111358574610243,-0.0022246941045606095,-0.0033333333333332993,898.0,899.0,901.5,-0.0011142062434039701,1.9542044769139117e-06,-5.0
2023-04-15,STOCK,896,-0.0011148272017836858,-0.00222717149220486,-0.0033370411568409697,897.0,898.0,900.5,-0.0011154490838656272,1.958556847711385e-06,-5.0
2023-04-16,STOCK,895,-0.0011160714285713969,-0.0022296544035674826,-0.0033407572383074013,896.0,897.0,899.5,-0.0011166947000749161,1.9629237746075292e-06,-5.0
2023-04-17,STOCK,894,-0.0011173184357542443,-0.0022321428571429047,-0.0033444816053511683,895.0,896.0,898.5,-0.001117943101341723,1.9673053236053907e-06,-5.0
2023-04-18,STOCK,893,-0.0011185682326622093,-0.0022346368715083775,-0.0033482142857143016,894.0,895.0,897.5,-0.0011191942970150137,1.971701558743534e-06,-5.0
2023-04-19,STOCK,892,-0.0011198208286674616,-0.0022371364653244186,-0.003351955307262622,893.0,894.0,896.5,-0.0011204482964890516,1.9761125467270135e-06,-5.0
2023-04-20,STOCK,891,-0.0011210762331838042,-0.002239641657334812,-0.003355704697986628,892.0,893.0,895.5,-0.0011217051092007324,1.980538353701954e-06,-5.0
2023-04-21,STOCK,890,-0.001122334455667784,-0.0022421524663677195,-0.0033594624860022737,891.0,892.0,894.5,-0.001122964744623367,1.984979045249319e-06,-5.0
2023-04-22,STOCK,889,-0.0011235955056180247,-0.002244668911335568,-0.0033632286995515237,890.0,891.0,893.5,-0.0011242272122808927,1.9894346891992322e-06,-5.0
2023-04-23,STOCK,888,-0.0011248593925758943,-0.0022471910112359383,-0.0033670033670033517,889.0,890.0,892.5,-0.0011254925217345502,1.9939053521177e-06,-5.0
2023-04-24,STOCK,887,-0.0011261261261261701,-0.0022497187851518996,-0.003370786516853963,888.0,889.0,891.5,-0.0011267606825908771,1.9983911015539286e-06,-5.0
2023-04-25,STOCK,886,-0.0011273957158962622,-0.0022522522522522292,-0.003374578177727794,887.0,888.0,890.5,-0.0011280317044981558,2.0028920058972277e-06,-5.0
2023-04-26,STOCK,885,-0.0011286681715575453,-0.0022547914317925244,-0.0033783783783783994,886.0,887.0,889.5,-0.0011293055971517418,2.0074081331201506e-06,-5.0
2023-04-27,STOCK,884,-0.001129943502824804,-0.0022573363431150906,-0.0033821871476887866,885.0,886.0,888.5,-0.0011305823702860707,2.0119395520337683e-06,-5.0
2023-04-28,STOCK,883,-0.0011312217194570096,-0.002259887005649719,-0.003386004514672636,884.0,885.0,887.5,-0.0011318620336835394,2.0164863318725424e-06,-5.0
2023-04-29,STOCK,882,-0.0011325028312570984,-0.002262443438914019,-0.003389830508474523,883.0,884.0,886.5,-0.0011331445971682896,2.021048542010243e-06,-5.0
2023-04-30,STOCK,881,-0.0011337868480725266,-0.0022650056625141968,-0.0033936651583710287,882.0,883.0,885.5,-0.0011344300706115362,2.02562625224395e-06,-5.0
2023-05-01,STOCK,880,-0.0011350737797957144,-0.0022675736961451642,-0.003397508493771184,881.0,882.0,884.5,-0.001135718463928015,2.0302195336322814e-06,-5.0
2023-05-02,STOCK,879,-0.001136363636363602,-0.002270147559591429,-0.003401360544217691,880.0,881.0,883.5,-0.001137009787075094,2.0348284558298792e-06,-5.0
2023-05-03,STOCK,878,-0.0011376564277588708,-0.002272727272727315,-0.0034052213393870323,879.0,880.0,882.5,-0.0011383040500598796,2.039453090318127e-06,-5.0
2023-05-04,STOCK,877,-0.001138952164009166,-0.0022753128555176305,-0.003409090909090917,878.0,879.0,881.5,-0.001139601262933887,2.044093508719621e-06,-5.0
2023-05-05,STOCK,876,-0.0011402508551880963,-0.002277904328018221,-0.0034129692832765013,877.0,878.0,880.5,-0.001140901435791264,2.0487497826543642e-06,-5.0
2023-05-06,STOCK,875,-0.0011415525114155667,-0.0022805017103763037,-0.003416856492027387,876.0,877.0,879.5,-0.0011422045787776725,2.053421985428889e-06,-5.0
2023-05-07,STOCK,874,-0.0011428571428571122,-0.0022831050228310223,-0.0034207525655644,875.0,876.0,878.5,-0.0011435107020787427,2.058110188383363e-06,-5.0
2023-05-08,STOCK,873,-0.0011441647597254523,-0.0022857142857143353,-0.003424657534246589,874.0,875.0,877.5,-0.0011448198159333955,2.062814465247051e-06,-5.0
2023-05-09,STOCK,872,-0.001145475372279492,-0.0022883295194507935,-0.0034285714285714475,873.0,874.0,876.5,-0.0011461319306222961,2.0675348897463346e-06,-5.0
2023-05-10,STOCK,871,-0.0011467889908256534,-0.002290950744558984,-0.003432494279176246,872.0,873.0,875.5,-0.0011474470564767358,2.0722715356104814e-06,-5.0
2023-05-11,STOCK,870,-0.0011481056257175437,-0.002293577981651418,-0.0034364261168384758,871.0,872.0,874.5,-0.0011487652038733032,2.0770244778295844e-06,-5.0
2023-05-12,STOCK,869,-0.0011494252873562871,-0.0022962112514350874,-0.0034403669724770714,870.0,871.0,873.5,-0.0011500863832374364,2.0817937905540445e-06,-5.0
2023-05-13,STOCK,868,-0.0011507479861909697,-0.0022988505747126853,-0.003444316877152742,869.0,870.0,872.5,-0.0011514106050416473,2.086579549336347e-06,-5.0
2023-05-14,STOCK,867,-0.0011520737327188613,-0.0023014959723820505,-0.0034482758620689724,868.0,869.0,871.5,-0.0011527378798090737,2.0913818300121494e-06,-5.0
2023-05-15,STOCK,866,-0.0011534025374856371,-0.0023041474654378336,-0.0034522439585730202,867.0,868.0,870.5,-0.0011540682181063744,2.0962007081332874e-06,-5.0
2023-05-16,STOCK,865,-0.0011547344110854896,-0.0023068050749711633,-0.003456221198156695,866.0,867.0,869.5,-0.0011554016305561632,2.101036260939994e-06,-5.0
2023-05-17,STOCK,864,-0.0011560693641619046,-0.002309468822170868,-0.0034602076124568004,865.0,866.0,868.5,-0.0011567381278236866,2.105888565108251e-06,-5.0
2023-05-18,STOCK,863,-0.0011574074074074403,-0.0023121387283236983,-0.0034642032332563577,864.0,865.0,867.5,-0.0011580777206274817,2.110757698017988e-06,-5.0
2023-05-19,STOCK,862,-0.0011587485515642815,-0.0023148148148147696,-0.003468208092485603,863.0,864.0,866.5,-0.0011594204197349356,2.115643738311226e-06,-5.0
2023-05-20,STOCK,861,-0.001160092807424573,-0.002317497103128674,-0.00347222222222221,862.0,863.0,865.5,-0.001160766235962285,2.1205467633681775e-06,-5.0
2023-05-21,STOCK,860,-0.0011614401858304202,-0.002320185614849146,-0.0034762456546929554,861.0,862.0,864.5,-0.001162115180177281,2.125466852673446e-06,-5.0
2023-05-22,STOCK,859,-0.0011627906976744429,-0.0023228803716608404,-0.0034802784222738303,860.0,861.0,863.5,-0.0011634672632983012,2.1304040852921746e-06,-5.0
2023-05-23,STOCK,858,-0.0011641443538998875,-0.0023255813953488857,-0.0034843205574912606,859.0,860.0,862.5,-0.0011648224962925724,2.1353585405690353e-06,-5.0
2023-05-24,STOCK,857,-0.0011655011655011815,-0.002328288707799775,-0.0034883720930232176,858.0,859.0,861.5,-0.001166180890182389,2.1403302993945945e-06,-5.0
2023-05-25,STOCK,856,-0.001166861143523934,-0.002331002331002363,-0.0034924330616996624,857.0,858.0,860.5,-0.0011675424560380065,2.1453194422373094e-06,-5.0
2023-05-26,STOCK,855,-0.001168224299065379,-0.002333722287047868,-0.0034965034965035446,856.0,857.0,859.5,-0.0011689072049820837,2.150326049986766e-06,-5.0
2023-05-27,STOCK,854,-0.0011695906432748204,-0.002336448598130869,-0.003500583430571802,855.0,856.0,858.5,-0.0011702751481896811,2.1553502042345954e-06,-5.0
2023-05-28,STOCK,853,-0.0011709601873536313,-0.002339181286549752,-0.003504672897196248,854.0,855.0,857.5,-0.001171646296890927,2.1603919872773833e-06,-5.0
2023-05-29,STOCK,852,-0.0011723329425556983,-0.0023419203747072626,-0.0035087719298245723,853.0,854.0,856.5,-0.0011730206623639106,2.165451481829191e-06,-5.0
2023-05-30,STOCK,851,-0.0011737089201877549,-0.0023446658851113966,-0.003512880562060894,852.0,853.0,855.5,-0.0011743982559409005,2.1705287704641556e-06,-5.0
2023-05-31,STOCK,850,-0.001175088131609825,-0.0023474178403756207,-0.003516998827667095,851.0,852.0,854.5,-0.0011757790890118969,2.175623937304003e-06,-5.0
2023-06-01,STOCK,849,-0.0011764705882353343,-0.002350176263219761,-0.0035211267605633756,850.0,851.0,853.5,-0.0011771631730148613,2.1807370657667683e-06,-5.0
2023-06-02,STOCK,848,-0.0011778563015312216,-0.0023529411764705577,-0.003525264394829586,849.0,850.0,852.5,-0.0011785505194445989,2.185868241094674e-06,-5.0
2023-06-03,STOCK,847,-0.001179245283018826,-0.002355712603062443,-0.003529411764705892,848.0,849.0,851.5,-0.0011799411398483173,2.1910175478282674e-06,-5.0
2023-06-04,STOCK,846,-0.0011806375442738881,-0.002358490566037763,-0.0035335689045936647,847.0,848.0,850.5,-0.001181335045831844,2.1961850714946084e-06,-5.0
2023-06-05,STOCK,845,-0.0011820330969266601,-0.0023612750885477762,-0.003537735849056589,846.0,847.0,849.5,-0.0011827322490489678,2.2013708978962985e-06,-5.0
2023-06-06,STOCK,844,-0.0011834319526626835,-0.0023640661938534313,-0.0035419126328217754,845.0,846.0,848.5,-0.0011841327612165387,2.206575114103996e-06,-5.0
2023-06-07,STOCK,843,-0.0011848341232227888,-0.002366863905325478,-0.0035460992907800915,844.0,845.0,847.5,-0.0011855365941020324,2.211797807326665e-06,-5.0
2023-06-08,STOCK,842,-0.0011862396204033177,-0.0023696682464454666,-0.0035502958579881616,843.0,844.0,846.5,-0.00118694375952888,2.2170390643527193e-06,-5.0
2023-06-09,STOCK,841,-0.001187648456057011,-0.0023724792408066353,-0.0035545023696682554,842.0,843.0,845.5,-0.0011883542693782445,2.222298973935042e-06,-5.0
2023-06-10,STOCK,840,-0.0011890606420927874,-0.002375296912114022,-0.003558718861209953,841.0,842.0,844.5,-0.00118976813558902,2.227577624268799e-06,-5.0
2023-06-11,STOCK,839,-0.0011904761904761862,-0.0023781212841854638,-0.0035629453681710332,840.0,841.0,843.5,-0.0011911853701533914,2.232875104668576e-06,-5.0
2023-06-12,STOCK,838,-0.0011918951132300348,-0.0023809523809523725,-0.003567181926278251,839.0,840.0,842.5,-0.001192605985123052,2.238191504871128e-06,-5.0
2023-06-13,STOCK,837,-0.0011933174224343368,-0.0023837902264600697,-0.0035714285714285587,838.0,839.0,841.5,-0.001194029992607426,2.243526914895376e-06,-5.0
2023-06-14,STOCK,836,-0.0011947431302270495,-0.0023866348448687846,-0.0035756853396901045,837.0,838.0,840.5,-0.00119545740477367,2.2488814254625774e-06,-5.0
2023-06-15,STOCK,835,-0.0011961722488038617,-0.002389486260453988,-0.0035799522673031214,836.0,837.0,839.5,-0.0011968882338466713,2.2542551284154845e-06,-5.0
2023-06-16,STOCK,834,-0.0011976047904191933,-0.0023923444976076125,-0.0035842293906810374,835.0,836.0,838.5,-0.0011983224921081614,2.2596481147545553e-06,-5.0
2023-06-17,STOCK,833,-0.0011990407673860837,-0.0023952095808382756,-0.0035885167464114742,834.0,835.0,837.5,-0.0011997601919038203,2.2650604773084346e-06,-5.0
2023-06-18,STOCK,832,-0.0012004801920768582,-0.0023980815347721673,-0.003592814371257469,833.0,834.0,836.5,-0.001201201345634395,2.2704923090443367e-06,-5.0
2023-06-19,STOCK,831,-0.0012019230769231282,-0.0024009603841537164,-0.003597122302158251,832.0,833.0,835.5,-0.0012026459657601407,2.2759437032093005e-06,-5.0
2023-06-20,STOCK,830,-0.001203369434416346,-0.0024038461538461453,-0.0036014405762304635,831.0,832.0,834.5,-0.0012040940648052612,2.2814147545966723e-06,-5.0
2023-06-21,STOCK,829,-0.001204819277108471,-0.002406738868832692,-0.0036057692307692735,830.0,831.0,833.5,-0.0012055456553481392,2.2869055563142504e-06,-5.0
2023-06-22,STOCK,828,-0.0012062726176115257,-0.002409638554216831,-0.0036101083032491488,829.0,830.0,832.5,-0.0012070007500355473,2.2924162048412682e-06,-5.0
2023-06-23,STOCK,827,-0.0012077294685990392,-0.0024125452352231624,-0.0036144578313253017,828.0,829.0,831.5,-0.001208459361568437,2.297946795671382e-06,-5.0
2023-06-24,STOCK,826,-0.0012091898428052694,-0.0024154589371980784,-0.003618817852834688,827.0,828.0,830.5,-0.0012099215027134846,2.303497424862661e-06,-5.0
2023-06-25,STOCK,825,-0.001210653753026647,-0.00241837968561065,-0.0036231884057971175,826.0,827.0,829.5,-0.001211387186296875,2.3090681897342587e-06,-5.0
2023-06-26,STOCK,824,-0.00121212121212122,-0.002421307506053294,-0.0036275695284159193,825.0,826.0,828.5,-0.0012128564252087415,2.3146591870473046e-06,-5.0
2023-06-27,STOCK,823,-0.0012135922330097637,-0.00242424242424244,-0.003631961259079941,824.0,825.0,827.5,-0.001214329232402278,2.3202705160879676e-06,-5.0
2023-06-28,STOCK,822,-0.0012150668286755595,-0.0024271844660194164,-0.0036363636363636598,823.0,824.0,826.5,-0.0012158056208901868,2.3259022747381215e-06,-5.0
2023-06-29,STOCK,821,-0.0012165450121655041,-0.002430133657351119,-0.00364077669902918,822.0,823.0,825.5,-0.0012172856037517832,2.331554562424903e-06,-5.0
2023-06-30,STOCK,820,-0.0012180267965895553,-0.0024330900243308973,-0.0036452004860266785,821.0,822.0,824.5,-0.0012187691941294432,2.3372274788573453e-06,-5.0
2023-07-01,STOCK,819,-0.0012195121951219523,-0.0024360535931789995,-0.0036496350364964014,820.0,821.0,823.5,-0.0012202564052286036,2.3429211243055515e-06,-5.0
2023-07-02,STOCK,818,-0.0012210012210012167,-0.0024390243902439046,-0.0036540803897685548,819.0,820.0,822.5,-0.0012217472503230908,2.348635601286545e-06,-5.0
2023-07-03,STOCK,817,-0.0012224938875305957,-0.0024420024420024333,-0.003658536585365857,818.0,819.0,821.5,-0.0012232417427435749,2.354371010068332e-06,-5.0
2023-07-04,STOCK,816,-0.001223990208078285,-0.0024449877750610804,-0.00366300366300365,817.0,818.0,820.5,-0.0012247398958962208,2.3601274538719887e-06,-5.0
2023-07-05,STOCK,815,-0.001225490196078427,-0.002447980416156681,-0.003667481662591676,816.0,817.0,819.5,-0.001226241723244037,2.365905035072576e-06,-5.0
2023-07-06,STOCK,814,-0.0012269938650306678,-0.002450980392156854,-0.003671970624234966,815.0,816.0,818.5,-0.0012277472383228627,2.3717038574529246e-06,-5.0
2023-07-07,STOCK,813,-0.0012285012285012664,-0.0024539877300613355,-0.003676470588235281,814.0,815.0,817.5,-0.0012292564547298213,2.3775240257738827e-06,-5.0
2023-07-08,STOCK,812,-0.0012300123001229846,-0.002457002457002422,-0.0036809815950920033,813.0,814.0,816.5,-0.0012307693861322022,2.3833656438185853e-06,-5.0
2023-07-09,STOCK,811,-0.0012315270935960854,-0.002460024600245969,-0.0036855036855036882,812.0,813.0,815.5,-0.0012322860462647967,2.3892288183160704e-06,-5.0
2023-07-10,STOCK,810,-0.0012330456226880004,-0.0024630541871921707,-0.0036900369003689537,811.0,812.0,814.5,-0.001233806448929009,2.3951136550141855e-06,-5.0
2023-07-11,STOCK,809,-0.0012345679012345512,-0.002466091245376112,-0.003694581280788145,810.0,811.0,813.5,-0.0012353306079928572,2.4010202607811297e-06,-5.0
2023-07-12,STOCK,808,-0.0012360939431397266,-0.0024691358024691024,-0.0036991368680641123,809.0,810.0,812.5,-0.0012368585373963015,2.4069487429097195e-06,-5.0
2023-07-13,STOCK,807,-0.0012376237623762387,-0.0024721878862793423,-0.0037037037037036535,808.0,809.0,811.5,-0.0012383902511459155,2.4128992092537895e-06,-5.0
2023-07-14,STOCK,806,-0.0012391573729864103,-0.0024752475247524774,-0.003708281829419069,807.0,808.0,810.5,-0.0012399257633211036,2.4188717696336076e-06,-5.0
2023-07-15,STOCK,805,-0.001240694789081842,-0.0024783147459727095,-0.003712871287128716,806.0,807.0,809.5,-0.0012414650880643308,2.4248665328827536e-06,-5.0
2023-07-16,STOCK,804,-0.001242236024844745,-0.002481389578163795,-0.0037174721189591198,805.0,806.0,808.5,-0.0012430082395971098,2.430883609525186e-06,-5.0
2023-07-17,STOCK,803,-0.0012437810945273853,-0.00248447204968949,-0.003722084367245637,804.0,805.0,807.5,-0.0012445552322049025,2.4369231102220616e-06,-5.0
2023-07-18,STOCK,802,-0.001245330012453305,-0.0024875621890547706,-0.003726708074534124,803.0,804.0,806.5,-0.0012461060802468893,2.442985146057353e-06,-5.0
2023-07-19,STOCK,801,-0.0012468827930174342,-0.00249066002490661,-0.003731343283582045,802.0,803.0,805.5,-0.0012476607981550814,2.4490698303602516e-06,-5.0
2023-07-20,STOCK,800,-0.0012484394506866447,-0.0024937655860348684,-0.0037359900373599153,801.0,802.0,804.5,-0.001249219400432544,2.455177275339631e-06,-5.0
2023-07-21,STOCK,799,-0.0012499999999999734,-0.0024968789013732895,-0.0037406483790524137,800.0,801.0,803.5,-0.001250781901652509,2.461307594744704e-06,-5.0
2023-07-22,STOCK,798,-0.0012515644555695093,-0.0024999999999999467,-0.0037453183520599342,799.0,800.0,802.5,-0.0012523483164654792,2.467460903030261e-06,-5.0
2023-07-23,STOCK,797,-0.0012531328320801727,-0.0025031289111389077,-0.003750000000000031,798.0,799.0,801.5,-0.0012539186595939,2.4736373153533926e-06,-5.0
2023-07-24,STOCK,796,-0.0012547051442910462,-0.0025062656641604564,-0.003754693366708417,797.0,798.0,800.5,-0.0012554929458321595,2.4798369474307927e-06,-5.0
2023-07-25,STOCK,795,-0.0012562814070351536,-0.0025094102885822034,-0.003759398496240629,796.0,797.0,799.5,-0.001257071190051029,2.486059916102658e-06,-5.0
2023-07-26,STOCK,794,-0.0012578616352201255,-0.002512562814070307,-0.0037641154328732496,795.0,796.0,798.5,-0.0012586534071958866,2.492306338071009e-06,-5.0
2023-07-27,STOCK,793,-0.0012594458438287548,-0.002515723270440251,-0.0037688442211055717,794.0,795.0,797.5,-0.001260239612288494,2.4985763318630125e-06,-5.0
2023-07-28,STOCK,792,-0.0012610340479193294,-0.0025188916876573986,-0.0037735849056603765,793.0,794.0,796.5,-0.0012618298204216671,2.5048700157217823e-06,-5.0
2023-07-29,STOCK,791,-0.0012626262626262985,-0.0025220680958385477,-0.0037783375314861534,792.0,793.0,795.5,-0.0012634240467717106,2.5111875095798386e-06,-5.0
2023-07-30,STOCK,790,-0.0012642225031606058,-0.002525252525252486,-0.003783102143757877,791.0,792.0,794.5,-0.0012650223065868715,2.5175289336488525e-06,-5.0
2023-07-31,STOCK,789,-0.0012658227848101333,-0.0025284450063211006,-0.0037878787878787845,790.0,791.0,793.5,-0.0012666246151935567,2.5238944088424413e-06,-5.0
2023-08-01,STOCK,788,-0.0012674271229404788,-0.0025316455696202667,-0.0037926675094817064,789.0,790.0,792.5,-0.0012682309879945564,2.5302840569147243e-06,-5.0
2023-08-02,STOCK,787,-0.0012690355329949554,-0.0025348542458808465,-0.0037974683544304,788.0,789.0,791.5,-0.0012698414404761493,2.536698000327841e-06,-5.0
2023-08-03,STOCK,786,-0.0012706480304955914,-0.0025380710659898,-0.0038022813688213253,787.0,788.0,790.5,-0.001271455988196557,2.5431363623811875e-06,-5.0
2023-08-04,STOCK,785,-0.0012722646310432406,-0.0025412960609910717,-0.0038071065989847552,786.0,787.0,789.5,-0.0012730746467983778,2.5495992676400356e-06,-5.0
2023-08-05,STOCK,784,-0.001273885350318471,-0.0025445292620864812,-0.003811944091486663,785.0,786.0,788.5,-0.0012746974320005933,2.556086840808824e-06,-5.0
2023-08-06,STOCK,783,-0.0012755102040816757,-0.002547770700636942,-0.003816793893129722,784.0,785.0,787.5,-0.0012763243596047857,2.5625992070163156e-06,-5.0
2023-08-07,STOCK,782,-0.0012771392081737387,-0.0025510204081632404,-0.003821656050955413,783.0,784.0,786.5,-0.0012779554454915854,2.5691364933537902e-06,-5.0
2023-08-08,STOCK,781,-0.0012787723785165905,-0.0025542784163473664,-0.003826530612244916,782.0,783.0,785.5,-0.001279590705625111,2.5756988270560256e-06,-5.0
2023-08-09,STOCK,780,-0.001280409731113985,-0.002557544757033292,-0.003831417624521105,781.0,782.0,784.5,-0.0012812301560485295,2.5822863363381138e-06,-5.0
2023-08-10,STOCK,779,-0.0012820512820512775,-0.002560819462227859,-0.0038363171355498826,780.0,781.0,783.5,-0.0012828738128893846,2.58889914997869e-06,-5.0
2023-08-11,STOCK,778,-0.0012836970474967568,-0.002564102564102555,-0.003841229193341844,779.0,780.0,782.5,-0.0012845216923569325,2.595537397738536e-06,-5.0
2023-08-12,STOCK,777,-0.0012853470437017567,-0.0025673940949936247,-0.0038461538461538325,778.0,779.0,781.5,-0.001286173810743918,2.6022012098005794e-06,-5.0
2023-08-13,STOCK,776,-0.0012870012870013214,-0.0025706940874036244,-0.0038510911424903815,777.0,778.0,780.5,-0.0012878301844283513,2.608890718172881e-06,-5.0
2023-08-14,STOCK,775,-0.0012886597938144284,-0.002574002574002532,-0.003856041131105381,776.0,777.0,779.5,-0.0012894908298717311,2.6156060551447355e-06,-5.0
2023-08-15,STOCK,774,-0.001290322580645209,-0.002577319587628857,-0.0038610038610038533,775.0,776.0,778.5,-0.0012911557636199333,2.6223473538469398e-06,-5.0
2023-08-16,STOCK,773,-0.0012919896640827266,-0.002580645161290307,-0.0038659793814432852,774.0,775.0,777.5,-0.001292825002304987,2.6291147481130413e-06,-5.0
2023-08-17,STOCK,772,-0.001293661060802087,-0.0025839793281653423,-0.003870967741935516,773.0,774.0,776.5,-0.0012944985626459626,2.6359083727608125e-06,-5.0
2023-08-18,STOCK,771,-0.0012953367875647714,-0.002587322121604174,-0.003875968992248069,772.0,773.0,775.5,-0.001296176461447196,2.6427283635898443e-06,-5.0
2023-08-19,STOCK,770,-0.0012970168612191912,-0.002590673575129543,-0.0038809831824062613,771.0,772.0,774.5,-0.0012978587156000643,2.64957485710135e-06,-5.0
2023-08-20,STOCK,769,-0.0012987012987012436,-0.0025940337224383825,-0.0038860103626943143,770.0,771.0,773.5,-0.0012995453420847625,2.6564479906402166e-06,-5.0
2023-08-21,STOCK,768,-0.0013003901170350884,-0.0025974025974025983,-0.0038910505836575737,769.0,770.0,772.5,-0.0013012363579720798,2.6633479032380398e-06,-5.0
2023-08-22,STOCK,767,-0.0013020833333333703,-0.002600780234070177,-0.003896103896103842,768.0,769.0,771.5,-0.0013029317804162943,2.670274733922689e-06,-5.0
2023-08-23,STOCK,766,-0.0013037809647978849,-0.0026041666666666297,-0.0039011703511053764,767.0,768.0,770.5,-0.0013046316266649427,2.6772286228469917e-06,-5.0
2023-08-24,STOCK,765,-0.0013054830287205776,-0.0026075619295958807,-0.00390625,766.0,767.0,769.5,-0.0013063359140552677,2.684209710867265e-06,-5.0
2023-08-25,STOCK,764,-0.0013071895424836555,-0.0026109660574412663,-0.003911342894393766,765.0,766.0,768.5,-0.0013080446600151063,2.691218139823374e-06,-5.0
2023-08-26,STOCK,763,-0.0013089005235602524,-0.002614379084967311,-0.003916449086161844,764.0,765.0,767.5,-0.0013097578820637779,2.698254053658901e-06,-5.0
2023-08-27,STOCK,762,-0.001310615989515096,-0.002617801047120394,-0.0039215686274509665,763.0,764.0,766.5,-0.0013114755978103076,2.705317595475618e-06,-5.0
2023-08-28,STOCK,761,-0.001312335958005284,-0.002621231979030192,-0.003926701570680646,762.0,763.0,765.5,-0.0013131978249605325,2.7124089104838167e-06,-5.0
2023-08-29,STOCK,760,-0.0013140604467805073,-0.002624671916010457,-0.003931847968545177,761.0,762.0,764.5,-0.001314924581309107,2.7195281441727867e-06,-5.0
2023-08-30,STOCK,759,-0.001315789473684159,-0.0026281208935611255,-0.003937007874015741,760.0,761.0,763.5,-0.0013166558847466092,2.7266754432962867e-06,-5.0
2023-08-31,STOCK,758,-0.0013175230566534468,-0.0026315789473684292,-0.003942181340341633,759.0,760.0,762.5,-0.001318391753258652,2.7338509561526876e-06,-5.0
2023-09-01,STOCK,757,-0.0013192612137202797,-0.0026350461133070047,-0.003947368421052588,758.0,759.0,761.5,-0.001320132204923219,2.7410548306195755e-06,-5.0
2023-09-02,STOCK,756,-0.0013210039630119352,-0.0026385224274406704,-0.0039525691699604515,757.0,758.0,760.5,-0.001321877257915105,2.748287216539104e-06,-5.0
2023-09-03,STOCK,755,-0.001322751322751281,-0.0026420079260237594,-0.00395778364116095,756.0,757.0,759.5,-0.0013236269305085813,2.7555482651608086e-06,-5.0
2023-09-04,STOCK,754,-0.0013245033112583293,-0.002645502645502673,-0.003963011889035695,755.0,756.0,758.5,-0.0013253812410685128,2.76283812745034e-06,-5.0
2023-09-05,STOCK,753,-0.0013262599469495706,-0.0026490066225165476,-0.003968253968253954,754.0,755.0,757.5,-0.0013271402080627936,2.7701569567616134e-06,-5.0
2023-09-06,STOCK,752,-0.0013280212483399723,-0.0026525198938992522,-0.003973509933774877,753.0,754.0,756.5,-0.0013289038500534645,2.7775049061673397e-06,-5.0
2023-09-07,STOCK,751,-0.0013297872340425343,-0.0026560424966799445,-0.003978779840848823,752.0,753.0,755.5,-0.0013306721857055948,2.7848821304284136e-06,-5.0
2023-09-08,STOCK,750,-0.0013315579227696217,-0.0026595744680850686,-0.003984063745019917,751.0,752.0,754.5,-0.001332445233778401,2.7922887854239796e-06,-5.0
2023-09-09,STOCK,749,-0.0013333333333332975,-0.0026631158455392434,-0.003989361702127714,750.0,751.0,753.5,-0.0013342230131367927,2.79972502788061e-06,-5.0
2023-09-10,STOCK,748,-0.001335113484646211,-0.002666666666666706,-0.003994673768308976,749.0,750.0,752.5,-0.0013360055427416029,2.8071910155043756e-06,-5.0
2023-09-11,STOCK,747,-0.0013368983957219305,-0.002670226969292422,-0.0040000000000000036,748.0,749.0,751.5,-0.0013377928416602458,2.8146869074094633e-06,-5.0
2023-09-12,STOCK,746,-0.0013386880856760541,-0.002673796791443861,-0.004005340453938633,747.0,748.0,750.5,-0.0013395849290569473,2.8222128636883816e-06,-5.0
2023-09-13,STOCK,745,-0.0013404825737265424,-0.0026773761713521083,-0.004010695187165791,746.0,747.0,749.5,-0.001341381824200738,2.8297690442963628e-06,-5.0
2023-09-14,STOCK,744,-0.0013422818791946067,-0.002680965147453085,-0.004016064257028162,745.0,746.0,748.5,-0.0013431835464681185,2.837355612559482e-06,-5.0
2023-09-15,STOCK,743,-0.0013440860215053752,-0.0026845637583892135,-0.004021447721179627,744.0,745.0,747.5,-0.0013449901153324006,2.8449727303979304e-06,-5.0
2023-09-16,STOCK,742,-0.0013458950201884479,-0.0026881720430107503,-0.004026845637583931,743.0,744.0,746.5,-0.0013468015503788067,2.85262056324293e-06,-5.0
2023-09-17,STOCK,741,-0.0013477088948786742,-0.0026917900403768957,-0.0040322580645161255,742.0,743.0,745.5,-0.0013486178712938113,2.860299276104217e-06,-5.0
2023-09-18,STOCK,740,-0.0013495276653171517,-0.0026954177897574594,-0.004037685060565233,741.0,742.0,744.5,-0.0013504390978713587,2.8680090346953953e-06,-5.0
2023-09-19,STOCK,739,-0.0013513513513513375,-0.0026990553306343035,-0.0040431266846361336,740.0,741.0,743.5,-0.001352265250013751,2.875750007676744e-06,-5.0
2023-09-20,STOCK,738,-0.0013531799729363803,-0.002702702702702675,-0.004048582995951455,739.0,740.0,742.5,-0.0013540963477289836,2.883522362868139e-06,-5.0
2023-09-21,STOCK,737,-0.0013550135501354532,-0.0027063599458727605,-0.004054054054054013,738.0,739.0,741.5,-0.0013559324111360738,2.8913262708970366e-06,-5.0
2023-09-22,STOCK,736,-0.0013568521031207537,-0.0027100271002710175,-0.004059539918809252,737.0,738.0,740.5,-0.0013577734604597325,2.8991619022495264e-06,-5.0
2023-09-23,STOCK,735,-0.0013586956521739468,-0.0027137042062415073,-0.004065040650406471,736.0,737.0,739.5,-0.0013596195160401336,2.9070294296616566e-06,-5.0
2023-09-24,STOCK,734,-0.0013605442176870541,-0.0027173913043477826,-0.004070556309362261,735.0,736.0,738.5,-0.0013614705983213682,2.9149290260059405e-06,-5.0
2023-09-25,STOCK,733,-0.0013623978201634523,-0.0027210884353741083,-0.0040760869565217295,734.0,735.0,737.5,-0.0013633267278638783,2.9228608655622294e-06,-5.0
2023-09-26,STOCK,732,-0.0013642564802183177,-0.0027247956403270157,-0.004081632653061273,733.0,734.0,736.5,-0.0013651879253400168,2.9308251247159263e-06,-5.0
2023-09-27,STOCK,731,-0.001366120218579181,-0.0027285129604365244,-0.004087193460490468,732.0,733.0,735.5,-0.0013670542115331585,2.9388219797129713e-06,-5.0
2023-09-28,STOCK,730,-0.001367989056087593,-0.002732240437158473,-0.004092769440654842,731.0,732.0,734.5,-0.0013689256073412537,2.946851609324041e-06,-5.0
2023-09-29,STOCK,729,-0.00136986301369868,-0.002735978112175075,-0.004098360655737654,730.0,731.0,733.5,-0.0013708021337786036,2.9549141927447835e-06,-5.0
2023-09-30,STOCK,728,-0.00137174211248281,-0.002739726027397249,-0.004103967168262668,729.0,730.0,732.5,-0.0013726838119723084,2.963009910292773e-06,-5.0
2023-10-01,STOCK,727,-0.0013736263736263687,-0.002743484224965731,-0.004109589041095929,728.0,729.0,731.5,-0.0013745706631667076,2.9711389439699846e-06,-5.0
2023-10-02,STOCK,726,-0.0013755158184318717,-0.0027472527472527375,-0.004115226337448541,727.0,728.0,730.5,-0.0013764627087233805,2.9793014767623956e-06,-5.0
2023-10-03,STOCK,725,-0.0013774104683195176,-0.0027510316368638543,-0.004120879120879106,726.0,727.0,729.5,-0.0013783599701211457,2.987497692639606e-06,-5.0
2023-10-04,STOCK,724,-0.0013793103448276334,-0.0027548209366391463,-0.004126547455295726,725.0,726.0,728.5,-0.0013802624689587262,2.9957277778173646e-06,-5.0
2023-10-05,STOCK,723,-0.0013812154696132284,-0.0027586206896551557,-0.004132231404958664,724.0,725.0,727.5,-0.001382170226951196,3.0039919186509123e-06,-5.0
2023-10-06,STOCK,722,-0.0013831258644536604,-0.002762430939226568,-0.004137931034482789,723.0,724.0,726.5,-0.0013840832659388624,3.0122903038853837e-06,-5.0
2023-10-07,STOCK,721,-0.0013850415512465242,-0.0027662517289073207,-0.004143646408839796,722.0,723.0,725.5,-0.001386001607876608,3.02062312226277e-06,-5.0
2023-10-08,STOCK,720,-0.001386962552011095,-0.0027700831024930483,-0.004149377593360981,721.0,722.0,724.5,-0.0013879252748481008,3.0289905650563934e-06,-5.0
2023-10-09,STOCK,719,-0.001388888888888884,-0.00277392510402219,-0.0041551246537395725,720.0,721.0,723.5,-0.0013898542890542487,3.0373928243787065e-06,-5.0
2023-10-10,STOCK,718,-0.0013908205841446364,-0.002777777777777768,-0.004160887656033285,719.0,720.0,722.5,-0.001391788672822969,3.045830093328424e-06,-5.0
2023-10-11,STOCK,717,-0.0013927576601671099,-0.0027816411682892728,-0.004166666666666652,718.0,719.0,721.5,-0.0013937284486038592,3.0543025669664967e-06,-5.0
2023-10-12,STOCK,716,-0.001394700139469962,-0.0027855153203342198,-0.004172461752433909,717.0,718.0,720.5,-0.001395673638974415,3.062810440779651e-06,-5.0
2023-10-13,STOCK,715,-0.0013966480446927498,-0.002789400278940035,-0.004178272980501441,716.0,717.0,719.5,-0.0013976242666382532,3.0713539132011643e-06,-5.0
2023-10-14,STOCK,714,-0.0013986013986013734,-0.0027932960893854997,-0.004184100418409997,715.0,716.0,718.5,-0.0013995803544233354,3.079933182523701e-06,-5.0
2023-10-15,STOCK,713,-0.0014005602240896309,-0.002797202797202747,-0.0041899441340782495,714.0,715.0,717.5,-0.0014015419252881856,3.088548449286843e-06,-5.0
2023-10-16,STOCK,712,-0.0014025245441795509,-0.0028011204481792618,-0.004195804195804231,713.0,714.0,716.5,-0.0014035090023201136,3.0971999150149823e-06,-5.0
2023-10-17,STOCK,711,-0.001404494382022503,-0.0028050490883591017,-0.004201680672268893,712.0,713.0,715.5,-0.001405481608735215,3.1058877827762804e-06,-5.0
2023-10-18,STOCK,710,-0.0014064697609000865,-0.002808988764044895,-0.0042075736325385416,711.0,712.0,714.5,-0.00140745976787926,3.1146122570413107e-06,-5.0
2023-10-19,STOCK,709,-0.0014084507042253502,-0.002812939521800284,-0.004213483146067398,710.0,711.0,713.5,-0.0014094435032339092,3.1233735441099713e-06,-5.0
2023-10-20,STOCK,708,-0.0014104372355430161,-0.0028169014084507005,-0.00421940928270037,709.0,710.0,712.5,-0.0014114328384078334,3.1321718508411524e-06,-5.0
2023-10-21,STOCK,707,-0.0014124293785310327,-0.0028208744710860323,-0.004225352112676051,708.0,709.0,711.5,-0.0014134277971464826,3.141007386200881e-06,-5.0
2023-10-22,STOCK,706,-0.0014144271570014633,-0.0028248587570621764,-0.004231311706629048,707.0,708.0,710.5,-0.0014154284033311981,3.1498803612626348e-06,-5.0
2023-10-23,STOCK,705,-0.0014164305949008194,-0.0028288543140028155,-0.004237288135593209,706.0,707.0,709.5,-0.0014174346809729954,3.1587909865369925e-06,-5.0
2023-10-24,STOCK,704,-0.0014184397163120588,-0.0028328611898017497,-0.004243281471004279,705.0,706.0,708.5,-0.0014194466542267747,3.167739476748335e-06,-5.0
2023-10-25,STOCK,703,-0.0014204545454545858,-0.0028368794326241176,-0.004249291784702569,704.0,705.0,707.5,-0.0014214643473771105,3.1767260456365643e-06,-5.0
2023-10-26,STOCK,702,-0.0014224751066855834,-0.0028409090909090606,-0.004255319148936176,703.0,704.0,706.5,-0.0014234877848542382,3.185750910034708e-06,-5.0
2023-10-27,STOCK,701,-0.0014245014245014564,-0.002844950213371278,-0.0042613636363636465,702.0,703.0,705.5,-0.0014255169912207322,3.1948142878937245e-06,-5.0
2023-10-28,STOCK,700,-0.0014265335235378318,-0.002849002849002802,-0.004267425320056861,701.0,702.0,704.5,-0.001427551991185716,3.2039163984346684e-06,-5.0
2023-10-29,STOCK,699,-0.0014285714285714457,-0.0028530670470755526,-0.004273504273504258,700.0,701.0,703.5,-0.0014295928095942045,3.2130574629792665e-06,-5.0
2023-10-30,STOCK,698,-0.0014306151645206988,-0.0028571428571428914,-0.004279600570613384,699.0,700.0,702.5,-0.0014316394714377623,3.2222377036970686e-06,-5.0
2023-10-31,STOCK,697,-0.0014326647564469885,-0.0028612303290415086,-0.004285714285714337,698.0,699.0,701.5,-0.0014336920018482857,3.231457345281018e-06,-5.0
2023-11-01,STOCK,696,-0.0014347202295552641,-0.002865329512893977,-0.0042918454935622075,697.0,698.0,700.5,-0.0014357504261042209,3.2407166131300324e-06,-5.0
2023-11-02,STOCK,695,-0.001436781609195359,-0.0028694404591105283,-0.004297994269340966,696.0,697.0,699.5,-0.0014378147696278987,3.250015735167658e-06,-5.0
2023-11-03,STOCK,694,-0.0014388489208633226,-0.002873563218390829,-0.004304160688665681,695.0,696.0,698.5,-0.0014398850579873113,3.2593549395998346e-06,-5.0
2023-11-04,STOCK,693,-0.0014409221902017544,-0.0028776978417266452,-0.004310344827586188,694.0,695.0,697.5,-0.0014419613169014411,3.268734457863117e-06,-5.0
2023-11-05,STOCK,692,-0.0014430014430014682,-0.0028818443804035088,-0.004316546762589968,693.0,694.0,696.5,-0.001444043572234044,3.278154521955001e-06,-5.0
2023-11-06,STOCK,691,-0.0014450867052022698,-0.0028860028860029363,-0.004322766570605152,692.0,693.0,695.5,-0.0014461318499989773,3.287615365697603e-06,-5.0
2023-11-07,STOCK,690,-0.0014471780028944004,-0.0028901734104046506,-0.0043290043290042934,691.0,692.0,694.5,-0.0014482261763655302,3.2971172258647976e-06,-5.0
2023-11-08,STOCK,689,-0.0014492753623188692,-0.0028943560057886897,-0.00433526011560692,690.0,691.0,693.5,-0.0014503265776459884,3.3066603383849946e-06,-5.0
2023-11-09,STOCK,688,-0.0014513788098693414,-0.0028985507246376274,-0.00434153400868309,689.0,690.0,692.5,-0.0014524330803151742,3.316244943682881e-06,-5.0
2023-11-10,STOCK,687,-0.0014534883720930258,-0.002902757619738794,-0.004347826086956497,688.0,689.0,691.5,-0.0014545457109944593,3.3258712821807463e-06,-5.0
2023-11-11,STOCK,686,-0.0014556040756914523,-0.0029069767441860517,-0.004354136429608135,687.0,688.0,690.5,-0.0014566644964641995,3.3355395959893453e-06,-5.0
2023-11-12,STOCK,685,-0.001457725947521915,-0.0029112081513827937,-0.0043604651162790775,686.0,687.0,689.5,-0.0014587894636592935,3.3452501303044572e-06,-5.0
2023-11-13,STOCK,684,-0.0014598540145985828,-0.002915451895043719,-0.004366812227074246,685.0,686.0,688.5,-0.0014609206396754004,3.3550031310303954e-06,-5.0
2023-11-14,STOCK,683,-0.0014619883040936088,-0.0029197080291970545,-0.004373177842565634,684.0,685.0,687.5,-0.0014630580517600578,3.3647988460301614e-06,-5.0
2023-11-15,STOCK,682,-0.0014641288433382416,-0.0029239766081871066,-0.004379562043795637,683.0,684.0,686.5,-0.0014652017273277806,3.374637525278741e-06,-5.0
2023-11-16,STOCK,681,-0.0014662756598240456,-0.002928257686676372,-0.004385964912280715,682.0,683.0,685.5,-0.0014673516939502917,3.3845194205749915e-06,-5.0
2023-11-17,STOCK,680,-0.001468428781204123,-0.0029325513196480912,-0.004392386530014614,681.0,682.0,684.5,-0.001469507979360074,3.3944447845603503e-06,-5.0
2023-11-18,STOCK,679,-0.0014705882352941124,-0.002936857562408246,-0.004398826979472137,680.0,681.0,683.5,-0.0014716706114556999,3.4044138733856158e-06,-5.0
2023-11-19,STOCK,678,-0.0014727540500736325,-0.002941176470588225,-0.004405286343612369,679.0,680.0,682.5,-0.0014738396183009428,3.4144269440487393e-06,-5.0
2023-11-20,STOCK,677,-0.001474926253687281,-0.002945508100147265,-0.004411764705882337,678.0,679.0,681.5,-0.0014760150281203366,3.424484255368148e-06,-5.0
2023-11-21,STOCK,676,-0.001477104874446078,-0.002949852507374673,-0.004418262150220897,677.0,678.0,680.5,-0.0014781968693107217,3.434586068973005e-06,-5.0
2023-11-22,STOCK,675,-0.0014792899408283544,-0.002954209748892156,-0.004424778761061954,676.0,677.0,679.5,-0.0014803851704341398,3.4447326473359246e-06,-5.0
2023-11-23,STOCK,674,-0.001481481481481528,-0.00295857988165682,-0.004431314623338234,675.0,676.0,678.5,-0.0014825799602231626,3.4549242553171085e-06,-5.0
2023-11-24,STOCK,673,-0.0014836795252225476,-0.002962962962962945,-0.004437869822485174,674.0,675.0,677.5,-0.001484781267579116,3.4651611600203186e-06,-5.0
2023-11-25,STOCK,672,-0.0014858841010401136,-0.0029673590504450953,-0.004444444444444473,673.0,674.0,676.5,-0.001486989121578297,3.475443629958262e-06,-5.0
2023-11-26,STOCK,671,-0.0014880952380952328,-0.002971768202080227,-0.004451038575667643,672.0,673.0,675.5,-0.0014892035514675328,3.485771936028322e-06,-5.0
2023-11-27,STOCK,670,-0.0014903129657227732,-0.0029761904761904656,-0.004457652303120341,671.0,672.0,674.5,-0.001491424586670398,3.4961463513760093e-06,-5.0
2023-11-28,STOCK,669,-0.0014925373134327957,-0.0029806259314456574,-0.004464285714285698,670.0,671.0,673.5,-0.0014936522567827737,3.5065671505487093e-06,-5.0
2023-11-29,STOCK,668,-0.001494768310911776,-0.0029850746268657025,-0.0044709388971684305,669.0,670.0,672.5,-0.0014958865915835062,3.5170346109071167e-06,-5.0
2023-11-30,STOCK,667,-0.0014970059880239361,-0.002989536621823663,-0.004477611940298498,668.0,669.0,671.5,-0.0014981276210219718,3.5275490107896962e-06,-5.0
2023-12-01,STOCK,666,-0.0014992503748125774,-0.0029940119760478723,-0.004484304932735439,667.0,668.0,670.5,-0.0015003753752340643,3.5381106313477314e-06,-5.0
2023-12-02,STOCK,665,-0.0015015015015015232,-0.0029985007496251548,-0.004491017964071808,666.0,667.0,669.5,-0.0015026298845350894,3.548719756539543e-06,-5.0
2023-12-03,STOCK,664,-0.0015037593984962294,-0.0030030030030030463,-0.004497751124437732,665.0,666.0,668.5,-0.0015048911794206532,3.559376670885999e-06,-5.0
2023-12-04,STOCK,663,-0.001506024096385561,-0.003007518796992459,-0.0045045045045044585,664.0,665.0,667.5,-0.0015071592905711029,3.5700816624152305e-06,-5.0
2023-12-05,STOCK,662,-0.0015082956259426794,-0.003012048192771122,-0.004511278195488688,663.0,664.0,666.5,-0.0015094342488541912,3.58083502028439e-06,-5.0
2023-12-06,STOCK,661,-0.0015105740181269312,-0.003016591251885359,-0.004518072289156572,662.0,663.0,665.5,-0.001511716085322412,3.591637036457109e-06,-5.0
2023-12-07,STOCK,660,-0.001512859304084735,-0.0030211480362537513,-0.004524886877828038,661.0,662.0,664.5,-0.001514004831214777,3.6024880048605685e-06,-5.0
2023-12-08,STOCK,659,-0.0015151515151514694,-0.00302571860816947,-0.004531722054380682,660.0,661.0,663.5,-0.00151630051796392,3.6133882220933784e-06,-5.0
2023-12-09,STOCK,658,-0.0015174506828528056,-0.00303030303030305,-0.004538577912254205,659.0,660.0,662.5,-0.0015186031771898811,3.6243379861580603e-06,-5.0
2023-12-10,STOCK,657,-0.001519756838905817,-0.003034901365705611,-0.004545454545454519,658.0,659.0,661.5,-0.0015209128407072114,3.635337598286464e-06,-5.0
2023-12-11,STOCK,656,-0.0015220700152207556,-0.003039513677811523,-0.004552352048558417,657.0,658.0,660.5,-0.0015232295405214202,3.6463873612532765e-06,-5.0
2023-12-12,STOCK,655,-0.0015243902439023849,-0.0030441400304414,-0.00455927051671734,656.0,657.0,659.5,-0.0015255533088369688,3.6574875800844047e-06,-5.0
2023-12-13,STOCK,654,-0.0015267175572518665,-0.0030487804878048808,-0.004566210045662156,655.0,656.0,658.5,-0.0015278841780528296,3.6686385627520736e-06,-5.0
2023-12-14,STOCK,653,-0.001529051987767538,-0.003053435114503844,-0.004573170731707266,654.0,655.0,657.5,-0.0015302221807678151,3.6798406194767533e-06,-5.0
2023-12-15,STOCK,652,-0.0015313935681470214,-0.003058103975535187,-0.004580152671755711,653.0,654.0,656.5,-0.0015325673497779135,3.6910940625826337e-06,-5.0
2023-12-16,STOCK,651,-0.0015337423312883347,-0.003062787136294043,-0.004587155963302725,652.0,653.0,655.5,-0.0015349197180842822,3.7023992067853116e-06,-5.0
2023-12-17,STOCK,650,-0.001536098310291889,-0.0030674846625766694,-0.004594180704441064,651.0,652.0,654.5,-0.0015372793188861422,3.7137563687629955e-06,-5.0
2023-12-18,STOCK,649,-0.0015384615384614886,-0.003072196620583667,-0.004601226993865004,650.0,651.0,653.5,-0.001539646185592325,3.725165868427168e-06,-5.0
2023-12-19,STOCK,648,-0.0015408320493066618,-0.003076923076923088,-0.004608294930875556,649.0,650.0,652.5,-0.0015420203518159425,3.736628028636463e-06,-5.0
2023-12-20,STOCK,647,-0.0015432098765432167,-0.0030816640986132127,-0.004615384615384577,648.0,649.0,651.5,-0.0015444018513735003,3.748143172669683e-06,-5.0
2023-12-21,STOCK,646,-0.0015455950540957941,-0.0030864197530864335,-0.0046224961479198745,647.0,648.0,650.5,-0.001546790718299107,3.759711629004101e-06,-5.0
2023-12-22,STOCK,645,-0.001547987616099089,-0.0030911901081916993,-0.00462962962962965,646.0,647.0,649.5,-0.0015491869868293762,3.7713337259754474e-06,-5.0
2023-12-23,STOCK,644,-0.0015503875968991832,-0.003095975232198178,-0.004636785162287493,645.0,646.0,648.5,-0.0015515906914185251,3.783009795992695e-06,-5.0
2023-12-24,STOCK,643,-0.0015527950310558758,-0.0031007751937984773,-0.004643962848297267,644.0,645.0,647.5,-0.001554001866734822,3.7947401748339405e-06,-5.0
2023-12-25,STOCK,642,-0.0015552099533436836,-0.0031055900621117516,-0.0046511627906976605,643.0,644.0,646.5,-0.0015564205476579218,3.8065251981382917e-06,-5.0
2023-12-26,STOCK,641,-0.0015576323987538387,-0.0031104199066873672,-0.004658385093167738,642.0,643.0,645.5,-0.0015588467692913,3.818365207301621e-06,-5.0
2023-12-27,STOCK,640,-0.0015600624024960652,-0.0031152647975077885,-0.004665629860031051,641.0,642.0,644.5,-0.0015612805669524832,3.830260544141743e-06,-5.0
2023-12-28,STOCK,639,-0.0015625000000000222,-0.0031201248049922414,-0.004672897196261627,640.0,641.0,643.5,-0.0015637219761828192,3.842211553987926e-06,-5.0
2023-12-29,STOCK,638,-0.0015649452269170805,-0.0031250000000000444,-0.004680187207488307,639.0,640.0,642.5,-0.001566171032744812,3.854218585256359e-06,-5.0
2023-12-30,STOCK,637,-0.0015673981191222097,-0.003129890453834161,-0.004687499999999956,638.0,639.0,641.5,-0.001568627772626563,3.866281988052386e-06,-5.0
2023-12-31,STOCK,636,-0.0015698587127158659,-0.0031347962382445305,-0.0046948356807511304,637.0,638.0,640.5,-0.0015710922320408827,3.87840211612914e-06,-5.0
2024-01-01,STOCK,635,-0.0015723270440252124,-0.0031397174254317317,-0.00470219435736674,636.0,637.0,639.5,-0.0015735644474306199,3.8905793257701875e-06,-5.0
2024-01-02,STOCK,634,-0.0015748031496063408,-0.0031446540880503138,-0.004709576138147598,635.0,636.0,638.5,-0.001576044455465997,3.902813975925368e-06,-5.0
2024-01-03,STOCK,633,-0.001577287066246047,-0.0031496062992125706,-0.004716981132075526,634.0,635.0,637.5,-0.001578532293049939,3.915106428213835e-06,-5.0
2024-01-04,STOCK,632,-0.0015797788309637184,-0.003154574132492094,-0.0047244094488189115,633.0,634.0,636.5,-0.001581027997318074,3.927457047203168e-06,-5.0
2024-01-05,STOCK,631,-0.0015822784810126667,-0.003159557661927326,-0.004731861198738141,632.0,633.0,635.5,-0.00158353160564495,3.9398662011153e-06,-5.0
2024-01-06,STOCK,630,-0.0015847860538826808,-0.0031645569620253333,-0.004739336492891044,631.0,632.0,634.5,-0.0015860431556342647,3.952334259710978e-06,-5.0
2024-01-07,STOCK,629,-0.0015873015873015817,-0.0031695721077654726,-0.004746835443038,630.0,631.0,633.5,-0.0015885626851375179,3.964861596969323e-06,-5.0
2024-01-08,STOCK,628,-0.0015898251192368873,-0.0031746031746031633,-0.004754358161648153,629.0,630.0,632.5,-0.0015910902322424647,3.977448589395476e-06,-5.0
2024-01-09,STOCK,627,-0.0015923566878981443,-0.0031796502384737746,-0.004761904761904745,628.0,629.0,631.5,-0.0015936258352775567,3.990095615179297e-06,-5.0
2024-01-10,STOCK,626,-0.0015948963317384823,-0.0031847133757961776,-0.004769475357710662,627.0,628.0,630.5,-0.0015961695328226,4.0028030584088305e-06,-5.0
2024-01-11,STOCK,625,-0.0015974440894568342,-0.0031897926634768536,-0.004777070063694322,626.0,627.0,629.5,-0.0015987213636972086,4.0155713030333e-06,-5.0
2024-01-12,STOCK,624,-0.0016000000000000458,-0.0031948881789137795,-0.004784688995215336,625.0,626.0,628.5,-0.0016012813669732395,4.028400737915548e-06,-5.0
2024-01-13,STOCK,623,-0.0016025641025640969,-0.0031999999999999806,-0.004792332268370614,624.0,625.0,627.5,-0.0016038495819747922,4.041291755710757e-06,-5.0
2024-01-14,STOCK,622,-0.0016051364365970988,-0.0032051282051281937,-0.0048000000000000265,623.0,624.0,626.5,-0.001606426048273768,4.0542447499171864e-06,-5.0
2024-01-15,STOCK,621,-0.001607717041800627,-0.0032102728731941976,-0.004807692307692291,622.0,623.0,625.5,-0.0016090108057005281,4.067260119227127e-06,-5.0
2024-01-16,STOCK,620,-0.0016103059581320522,-0.003215434083601254,-0.0048154093097912964,621.0,622.0,624.5,-0.0016116038943412292,4.0803382644418e-06,-5.0
2024-01-17,STOCK,619,-0.001612903225806428,-0.0032206119162641045,-0.004823151125401881,620.0,621.0,623.5,-0.001614205354541376,4.093479589873992e-06,-5.0
2024-01-18,STOCK,618,-0.001615508885298822,-0.003225806451612856,-0.004830917874396157,619.0,620.0,622.5,-0.0016168152269058211,4.106684503624364e-06,-5.0
2024-01-19,STOCK,617,-0.0016181229773463146,-0.003231017770597755,-0.004838709677419395,618.0,619.0,621.5,-0.0016194335523023184,4.1199534157618405e-06,-5.0
2024-01-20,STOCK,616,-0.0016207455429497752,-0.003236245954692518,-0.004846526655896577,617.0,618.0,620.5,-0.0016220603718686277,4.133286741413698e-06,-5.0
2024-01-21,STOCK,615,-0.0016233766233766378,-0.0032414910858995505,-0.004854368932038833,616.0,617.0,619.5,-0.001624695727001857,4.146684897387931e-06,-5.0
2024-01-22,STOCK,614,-0.001626016260162566,-0.0032467532467532756,-0.004862236628849326,615.0,616.0,618.5,-0.0016273396593753375,4.160148305269526e-06,-5.0
2024-01-23,STOCK,613,-0.0016286644951140072,-0.003252032520325243,-0.004870129870129913,614.0,615.0,617.5,-0.0016299922109306308,4.1736773893109945e-06,-5.0
2024-01-24,STOCK,612,-0.0016313213703099683,-0.0032573289902280145,-0.004878048780487809,613.0,614.0,616.5,-0.0016326534238855217,4.1872725771384624e-06,-5.0
2024-01-25,STOCK,611,-0.0016339869281045694,-0.0032626427406199365,-0.004885993485342022,612.0,613.0,615.5,-0.0016353233407304657,4.200934300584678e-06,-5.0
2024-01-26,STOCK,610,-0.0016366612111292644,-0.0032679738562091387,-0.004893964110929905,611.0,612.0,614.5,-0.0016380020042383592,4.214662994156769e-06,-5.0
2024-01-27,STOCK,609,-0.0016393442622950616,-0.00327332242225864,-0.004901960784313708,610.0,611.0,613.5,-0.0016406894574600983,4.228459096431479e-06,-5.0
2024-01-28,STOCK,608,-0.0016420361247947435,-0.003278688524590123,-0.004909983633387904,609.0,610.0,612.5,-0.0016433857437299082,4.24232304907606e-06,-5.0
2024-01-29,STOCK,607,-0.00164473684210531,-0.003284072249589487,-0.004918032786885296,608.0,609.0,611.5,-0.0016460909066688956,4.256255298391336e-06,-5.0
2024-01-30,STOCK,606,-0.0016474464579900872,-0.003289473684210509,-0.0049261083743842304,607.0,608.0,610.5,-0.0016488049901841606,4.270256293207343e-06,-5.0
2024-01-31,STOCK,605,-0.0016501650165016146,-0.0032948929159802853,-0.004934210526315819,606.0,607.0,609.5,-0.0016515280384723496,4.284326486424598e-06,-5.0
2024-02-01,STOCK,604,-0.0016528925619834212,-0.0033003300330033403,-0.0049423393739703725,605.0,606.0,608.5,-0.0016542600960267606,4.298466335580874e-06,-5.0
2024-02-02,STOCK,603,-0.0016556291390728006,-0.0033057851239669533,-0.004950495049504955,604.0,605.0,607.5,-0.0016570012076293494,4.312676300458177e-06,-5.0
2024-02-03,STOCK,602,-0.0016583747927031434,-0.0033112582781457123,-0.0049586776859503745,603.0,604.0,606.5,-0.0016597514183649409,4.326956846036185e-06,-5.0
2024-02-04,STOCK,601,-0.0016611295681062677,-0.0033167495854062867,-0.004966887417218513,602.0,603.0,605.5,-0.001662510773613235,4.341308439960701e-06,-5.0
2024-02-05,STOCK,600,-0.0016638935108153063,-0.0033222591362126463,-0.00497512437810943,601.0,602.0,604.5,-0.0016652793190612414,4.35573155423583e-06,-5.0
2024-02-06,STOCK,599,-0.0016666666666667052,-0.0033277870216306127,-0.004983388704318914,600.0,601.0,603.5,-0.0016680571006970624,4.37022666549463e-06,-5.0
2024-02-07,STOCK,598,-0.0016694490818029983,-0.0033333333333332993,-0.004991680532445919,599.0,600.0,602.5,-0.0016708441648178862,4.384794253322782e-06,-5.0
2024-02-08,STOCK,597,-0.0016722408026755842,-0.0033388981636059967,-0.0050000000000000044,598.0,599.0,601.5,-0.0016736405580290992,4.3994348017966295e-06,-5.0
2024-02-09,STOCK,596,-0.0016750418760469454,-0.0033444816053511683,-0.005008347245408995,597.0,598.0,600.5,-0.001676446327252279,4.414148798929746e-06,-5.0
2024-02-10,STOCK,595,-0.001677852348993314,-0.00335008375209378,-0.0050167224080267525,596.0,597.0,599.5,-0.0016792615197198657,4.428936736943991e-06,-5.0
2024-02-11,STOCK,594,-0.001680672268907557,-0.003355704697986628,-0.005025125628140725,595.0,596.0,598.5,-0.001682086182984932,4.443799112135965e-06,-5.0
2024-02-12,STOCK,593,-0.0016835016835017313,-0.003361344537815114,-0.005033557046979831,594.0,595.0,597.5,-0.0016849203649194067,4.458736424873646e-06,-5.0
2024-02-13,STOCK,592,-0.001686340640809414,-0.0033670033670033517,-0.005042016806722671,593.0,594.0,596.5,-0.0016877641137202914,4.473749179600664e-06,-5.0
2024-02-14,STOCK,591,-0.0016891891891891442,-0.003372681281618939,-0.005050505050505083,592.0,593.0,595.5,-0.0016906174779069971,4.488837885109591e-06,-5.0
2024-02-15,STOCK,590,-0.0016920473773265332,-0.0033783783783783994,-0.005059021922428353,591.0,592.0,594.5,-0.0016934805063337777,4.504003055253836e-06,-5.0
2024-02-16,STOCK,589,-0.0016949152542372614,-0.0033840947546531774,-0.0050675675675675436,590.0,591.0,593.5,-0.001696353248178184,4.5192452068304495e-06,-5.0
2024-02-17,STOCK,588,-0.001697792869269965,-0.003389830508474523,-0.005076142131979711,589.0,590.0,592.5,-0.0016992357529597157,4.5345648621183495e-06,-5.0
2024-02-18,STOCK,587,-0.00170068027210879,-0.00339558573853993,-0.005084745762711895,588.0,589.0,591.5,-0.0017021280705300512,4.549962547605704e-06,-5.0
2024-02-19,STOCK,586,-0.0017035775127768327,-0.003401360544217691,-0.005093378607809895,587.0,588.0,590.5,-0.0017050302510845938,4.565438793998449e-06,-5.0
2024-02-20,STOCK,585,-0.0017064846416382506,-0.0034071550255536653,-0.005102040816326481,586.0,587.0,589.5,-0.0017079423451553666,4.5809941364882575e-06,-5.0
2024-02-21,STOCK,584,-0.0017094017094017033,-0.0034129692832765013,-0.005110732538330498,585.0,586.0,588.5,-0.0017108644036296639,4.596629115192244e-06,-5.0
2024-02-22,STOCK,583,-0.001712328767123239,-0.0034188034188034067,-0.005119453924914641,584.0,585.0,587.5,-0.0017137964777349524,4.61234427457358e-06,-5.0
2024-02-23,STOCK,582,-0.0017152658662092923,-0.003424657534246589,-0.00512820512820511,583.0,584.0,586.5,-0.0017167386190539702,4.628140163311319e-06,-5.0
2024-02-24,STOCK,581,-0.0017182130584192379,-0.0034305317324184736,-0.005136986301369828,582.0,583.0,585.5,-0.0017196908795273913,4.644017336824842e-06,-5.0
2024-02-25,STOCK,580,-0.0017211703958691649,-0.0034364261168384758,-0.005145797598627766,581.0,582.0,584.5,-0.001722653311445832,4.659976351657466e-06,-5.0
2024-02-26,STOCK,579,-0.0017241379310344307,-0.0034423407917383297,-0.005154639175257714,580.0,581.0,583.5,-0.0017256259674693908,4.676017772778092e-06,-5.0
2024-02-27,STOCK,578,-0.0017271157167529916,-0.0034482758620689724,-0.005163511187607606,579.0,580.0,582.5,-0.0017286089006178784,4.692142168386267e-06,-5.0
2024-02-28,STOCK,577,-0.0017301038062284002,-0.003454231433506094,-0.005172413793103403,578.0,579.0,581.5,-0.0017316021642779234,4.708350111035201e-06,-5.0
2024-02-29,STOCK,576,-0.0017331022530329143,-0.0034602076124568004,-0.005181347150259086,577.0,578.0,580.5,-0.0017346058122083008,4.7246421798753936e-06,-5.0
2024-03-01,STOCK,575,-0.0017361111111111605,-0.0034662045060658286,-0.00519031141868509,576.0,577.0,579.5,-0.0017376198985408209,4.74101895715222e-06,-5.0
2024-03-02,STOCK,574,-0.0017391304347825765,-0.00347222222222221,-0.005199306759098743,575.0,576.0,578.5,-0.0017406444777838814,4.757481031427377e-06,-5.0
2024-03-03,STOCK,573,-0.0017421602787456303,-0.003478260869565264,-0.00520833333333337,574.0,575.0,577.5,-0.0017436796048269088,4.774028996458854e-06,-5.0
2024-03-04,STOCK,572,-0.0017452006980802626,-0.0034843205574912606,-0.00521739130434784,573.0,574.0,576.5,-0.0017467253349421341,4.790663450639715e-06,-5.0
2024-03-05,STOCK,571,-0.0017482517482517723,-0.003490401396160525,-0.005226480836236891,572.0,573.0,575.5,-0.0017497817237872582,4.807384997276938e-06,-5.0
2024-03-06,STOCK,570,-0.0017513134851138146,-0.0034965034965035446,-0.005235602094240788,571.0,572.0,574.5,-0.0017528488274143328,4.824194245999705e-06,-5.0
2024-03-07,STOCK,569,-0.0017543859649122862,-0.003502626970227629,-0.005244755244755206,570.0,571.0,573.5,-0.0017559267022653202,4.8410918110698296e-06,-5.0
2024-03-08,STOCK,568,-0.0017574692442882123,-0.0035087719298245723,-0.005253940455341555,569.0,570.0,572.5,-0.0017590154051791984,4.858078311943948e-06,-5.0
2024-03-09,STOCK,567,-0.0017605633802817433,-0.0035149384885764245,-0.0052631578947368585,568.0,569.0,571.5,-0.0017621149933999547,4.87515437468175e-06,-5.0
2024-03-10,STOCK,566,-0.0017636684303351524,-0.0035211267605633756,-0.005272407732864637,567.0,568.0,570.5,-0.0017652255245685922,4.892320628571162e-06,-5.0
2024-03-11,STOCK,565,-0.0017667844522968323,-0.003527336860670194,-0.005281690140845119,566.0,567.0,569.5,-0.0017683470567417814,4.909577711047234e-06,-5.0
2024-03-12,STOCK,564,-0.001769911504424737,-0.0035335689045936647,-0.005291005291005346,565.0,566.0,568.5,-0.0017714796483820905,4.926926264036469e-06,-5.0
2024-03-13,STOCK,563,-0.0017730496453900457,-0.0035398230088495852,-0.005300353356890497,564.0,565.0,567.5,-0.0017746233583686433,4.944366934523437e-06,-5.0
2024-03-14,STOCK,562,-0.001776198934280604,-0.0035460992907800915,-0.005309734513274322,563.0,564.0,566.5,-0.0017777782459997837,4.961900376651589e-06,-5.0
2024-03-15,STOCK,561,-0.001779359430605032,-0.003552397868561319,-0.005319148936170248,562.0,563.0,565.5,-0.0017809443709948525,4.979527248360307e-06,-5.0
2024-03-16,STOCK,560,-0.0017825311942959443,-0.003558718861209953,-0.005328596802841923,561.0,562.0,564.5,-0.001784121793501292,4.997248215310592e-06,-5.0
2024-03-17,STOCK,559,-0.0017857142857142794,-0.0035650623885917776,-0.005338078291814985,560.0,561.0,563.5,-0.0017873105740955353,5.0150639485004115e-06,-5.0
2024-03-18,STOCK,558,-0.0017889087656529634,-0.0035714285714285587,-0.005347593582887722,559.0,560.0,562.5,-0.0017905107737883341,5.032975124966621e-06,-5.0
2024-03-19,STOCK,557,-0.0017921146953404632,-0.003577817531305927,-0.005357142857142838,558.0,559.0,561.5,-0.0017937224540265362,5.050982427502173e-06,-5.0
2024-03-20,STOCK,556,-0.0017953321364452268,-0.0035842293906810374,-0.00536672629695889,557.0,558.0,560.5,-0.0017969456767019665,5.069086545363415e-06,-5.0
2024-03-21,STOCK,555,-0.0017985611510791255,-0.0035906642728904536,-0.005376344086021501,556.0,557.0,559.5,-0.0018001805041478747,5.0872881734210285e-06,-5.0
2024-03-22,STOCK,554,-0.0018018018018017834,-0.003597122302158251,-0.0053859964093356805,555.0,556.0,558.5,-0.0018034269991504814,5.105588013288515e-06,-5.0
2024-03-23,STOCK,553,-0.0018050541516245744,-0.003603603603603567,-0.0053956834532373765,554.0,555.0,557.5,-0.0018066852249489784,5.12398677317901e-06,-5.0
2024-03-24,STOCK,552,-0.001808318264014508,-0.0036101083032491488,-0.00540540540540535,553.0,554.0,556.5,-0.0018099552452399692,5.142485167064716e-06,-5.0
2024-03-25,STOCK,551,-0.0018115942028985588,-0.003616636528028905,-0.005415162454873612,552.0,553.0,555.5,-0.0018132371241801337,5.161083915514391e-06,-5.0
2024-03-26,STOCK,550,-0.001814882032667886,-0.0036231884057971175,-0.005424954792043413,551.0,552.0,554.5,-0.0018165309263986629,5.17978374640598e-06,-5.0
2024-03-27,STOCK,549,-0.0018181818181818299,-0.003629764065335772,-0.005434782608695676,550.0,551.0,553.5,-0.0018198367169857121,5.19858539252622e-06,-5.0
2024-03-28,STOCK,548,-0.0018214936247723523,-0.0036363636363636598,-0.005444646098003658,549.0,550.0,552.5,-0.001823154561514606,5.217489594951729e-06,-5.0
2024-03-29,STOCK,547,-0.0018248175182481452,-0.0036429872495445936,-0.00545454545454549,548.0,549.0,551.5,-0.0018264845260347329,5.236497101498493e-06,-5.0
2024-03-30,STOCK,546,-0.001828153564899404,-0.0036496350364964014,-0.005464480874316946,547.0,548.0,550.5,-0.0018298266770759852,5.255608664898391e-06,-5.0
2024-03-31,STOCK,545,-0.001831501831501825,-0.003656307129798919,-0.005474452554744547,546.0,547.0,549.5,-0.0018331810816611949,5.27482504757091e-06,-5.0
2024-04-01,STOCK,544,-0.0018348623853210455,-0.00366300366300365,-0.005484460694698323,545.0,546.0,548.5,-0.0018365478073016916,5.2941470162928355e-06,-5.0
2024-04-02,STOCK,543,-0.0018382352941176405,-0.003669724770642202,-0.005494505494505475,544.0,545.0,547.5,-0.0018399269220070735,5.313575346124768e-06,-5.0
2024-04-03,STOCK,542,-0.0018416206261510082,-0.003676470588235281,-0.0055045871559632475,543.0,544.0,546.5,-0.0018433184942887593,5.333110819709672e-06,-5.0
2024-04-04,STOCK,541,-0.0018450184501844769,-0.0036832412523020164,-0.005514705882352922,542.0,543.0,545.5,-0.0018467225931653175,5.3527542262947645e-06,-5.0
2024-04-05,STOCK,540,-0.001848428835489857,-0.0036900369003689537,-0.0055248618784530246,541.0,542.0,544.5,-0.0018501392881606904,5.372506361861876e-06,-5.0
2024-04-06,STOCK,539,-0.0018518518518518823,-0.003696857670979714,-0.005535055350553542,540.0,541.0,543.5,-0.0018535686493228454,5.392368031106458e-06,-5.0
2024-04-07,STOCK,538,-0.0018552875695733162,-0.0037037037037036535,-0.00554528650646946,539.0,540.0,542.5,-0.001857010747213117,5.4123400450401055e-06,-5.0
2024-04-08,STOCK,537,-0.0018587360594795044,-0.0037105751391465214,-0.005555555555555536,538.0,539.0,541.5,-0.0018604656529195296,5.432423222117653e-06,-5.0
2024-04-09,STOCK,536,-0.0018621973929237035,-0.0037174721189591198,-0.005565862708719838,537.0,538.0,540.5,-0.0018639334380630146,5.452618389921907e-06,-5.0
2024-04-10,STOCK,535,-0.001865671641791078,-0.003724394785847296,-0.005576208178438624,536.0,537.0,539.5,-0.001867414174795634,5.4729263813752225e-06,-5.0
2024-04-11,STOCK,534,-0.0018691588785046953,-0.003731343283582045,-0.005586592178770999,535.0,536.0,538.5,-0.001870907935811239,5.493348039085988e-06,-5.0
2024-04-12,STOCK,533,-0.0018726591760299671,-0.0037383177570093906,-0.005597014925373123,534.0,535.0,537.5,-0.0018744147943507983,5.513884213530037e-06,-5.0
2024-04-13,STOCK,532,-0.0018761726078799779,-0.0037453183520599342,-0.005607476635513975,533.0,534.0,536.5,-0.001877934824199734,5.53453576136012e-06,-5.0
2024-04-14,STOCK,531,-0.001879699248120259,-0.0037523452157598447,-0.005617977528089901,532.0,533.0,535.5,-0.0018814680997056854,5.555303549482522e-06,-5.0
2024-04-15,STOCK,530,-0.0018832391713747842,-0.003759398496240629,-0.0056285178236398226,531.0,532.0,534.5,-0.0018850146957714031,5.576188451402643e-06,-5.0
2024-04-16,STOCK,529,-0.0018867924528301883,-0.0037664783427495685,-0.005639097744360888,530.0,531.0,533.5,-0.001888574687868072,5.597191349053969e-06,-5.0
2024-04-17,STOCK,528,-0.001890359168241984,-0.0037735849056603765,-0.005649717514124242,529.0,530.0,532.5,-0.0018921481520379757,5.618313133776109e-06,-5.0
2024-04-18,STOCK,527,-0.0018939393939394478,-0.003780718336483968,-0.005660377358490565,528.0,529.0,531.5,-0.0018957351648989373,5.6395547036532215e-06,-5.0
2024-04-19,STOCK,526,-0.00189753320683117,-0.0037878787878787845,-0.005671077504725952,527.0,528.0,530.5,-0.0018993358036523134,5.660916966878095e-06,-5.0
2024-04-20,STOCK,525,-0.0019011406844106071,-0.003795066413662229,-0.005681818181818232,526.0,527.0,529.5,-0.0019029501460865461,5.682400839509335e-06,-5.0
2024-04-21,STOCK,524,-0.0019047619047618536,-0.0038022813688213253,-0.005692599620493399,525.0,526.0,528.5,-0.0019065782705816048,5.704007245889781e-06,-5.0
2024-04-22,STOCK,523,-0.001908396946564861,-0.003809523809523818,-0.005703422053231932,524.0,525.0,527.5,-0.0019102202561187553,5.725737119772711e-06,-5.0
2024-04-23,STOCK,522,-0.0019120458891013214,-0.003816793893129722,-0.005714285714285672,523.0,524.0,526.5,-0.0019138761822841133,5.747591403900737e-06,-5.0
2024-04-24,STOCK,521,-0.0019157088122605526,-0.003824091778202643,-0.005725190839694694,522.0,523.0,525.5,-0.0019175461292721963,5.769571049861379e-06,-5.0
2024-04-25,STOCK,520,-0.0019193857965451588,-0.003831417624521105,-0.005736137667303964,521.0,522.0,524.5,-0.0019212301778939178,5.791677018228861e-06,-5.0
2024-04-26,STOCK,519,-0.0019230769230769162,-0.0038387715930902067,-0.005747126436781658,520.0,521.0,523.5,-0.0019249284095845809,5.813910278709615e-06,-5.0
2024-04-27,STOCK,518,-0.0019267822736031004,-0.0038461538461538325,-0.0057581573896353655,519.0,520.0,522.5,-0.0019286409064056542,5.836271810277654e-06,-5.0
2024-04-28,STOCK,517,-0.0019305019305019266,-0.003853564547206201,-0.005769230769230749,518.0,519.0,521.5,-0.001932367751053654,5.85876260187642e-06,-5.0
2024-04-29,STOCK,516,-0.0019342359767892114,-0.0038610038610038533,-0.005780346820809301,517.0,518.0,520.5,-0.0019361090268663617,5.881383651999914e-06,-5.0
2024-04-30,STOCK,515,-0.0019379844961240345,-0.003868471953578312,-0.00579150579150578,516.0,517.0,519.5,-0.0019398648178263755,5.9041359679897255e-06,-5.0
2024-05-01,STOCK,514,-0.001941747572815511,-0.003875968992248069,-0.005802707930367523,515.0,516.0,518.5,-0.001943635208570882,5.9270205677196976e-06,-5.0
2024-05-02,STOCK,513,-0.0019455252918287869,-0.003883495145631022,-0.005813953488372103,514.0,515.0,517.5,-0.0019474202843960953,5.950038478754434e-06,-5.0
2024-05-03,STOCK,512,-0.0019493177387914784,-0.0038910505836575737,-0.005825242718446644,513.0,514.0,516.5,-0.0019512201312616995,5.973190737926053e-06,-5.0
2024-05-04,STOCK,511,-0.001953125,-0.003898635477582846,-0.005836575875486361,512.0,513.0,515.5,-0.001955034835803282,5.996478393303009e-06,-5.0
2024-05-05,STOCK,510,-0.00195694716242667,-0.00390625,-0.005847953216374324,511.0,512.0,514.5,-0.0019588644853332227,6.019902502643972e-06,-5.0
2024-05-06,STOCK,509,-0.0019607843137254832,-0.003913894324853229,-0.005859375,510.0,511.0,513.5,-0.0019627091678486863,6.043464133957851e-06,-5.0
2024-05-07,STOCK,508,-0.0019646365422396617,-0.0039215686274509665,-0.005870841487279899,509.0,510.0,512.5,-0.0019665689720405055,6.067164366207425e-06,-5.0
2024-05-08,STOCK,507,-0.0019685039370078705,-0.003929273084479323,-0.00588235294117645,508.0,509.0,511.5,-0.001970443987298509,6.091004288329391e-06,-5.0
2024-05-09,STOCK,506,-0.0019723865877712132,-0.003937007874015741,-0.005893909626719096,507.0,508.0,510.5,-0.0019743343037177397,6.114985000492862e-06,-5.0
2024-05-10,STOCK,505,-0.0019762845849802257,-0.0039447731755424265,-0.0059055118110236116,506.0,507.0,509.5,-0.0019782400121055588,6.1391076133985635e-06,-5.0
2024-05-11,STOCK,504,-0.001980198019801982,-0.0039525691699604515,-0.00591715976331364,505.0,506.0,508.5,-0.001982161203991417,6.1633732488445415e-06,-5.0
2024-05-12,STOCK,503,-0.001984126984126977,-0.003960396039603964,-0.005928853754940677,504.0,505.0,507.5,-0.001986097971629519,6.187783039440907e-06,-5.0
2024-05-13,STOCK,502,-0.001988071570576566,-0.003968253968253954,-0.005940594059405946,503.0,504.0,506.5,-0.0019900504080103687,6.2123381295948614e-06,-5.0
2024-05-14,STOCK,501,-0.0019920318725099584,-0.003976143141153132,-0.005952380952380931,502.0,503.0,505.5,-0.001994018606864323,6.237039674666185e-06,-5.0
2024-05-15,STOCK,500,-0.001996007984031989,-0.003984063745019917,-0.005964214711729587,501.0,502.0,504.5,-0.0019980026626731373,6.261888841673672e-06,-5.0
2024-05-16,STOCK,499,-0.0020000000000000018,-0.003992015968063867,-0.005976095617529875,500.0,501.0,503.5,-0.0020020026706726313,6.286886809289252e-06,-5.0
2024-05-17,STOCK,498,-0.002004008016032066,-0.0040000000000000036,-0.005988023952095856,499.0,500.0,502.5,-0.00200601872686601,6.312034768265405e-06,-5.0
2024-05-18,STOCK,497,-0.002008032128514081,-0.004008016032064132,-0.006000000000000005,498.0,499.0,501.5,-0.0020100509280238654,6.337333920585303e-06,-5.0
2024-05-19,STOCK,496,-0.002012072434607659,-0.004016064257028162,-0.006012024048096198,497.0,498.0,500.5,-0.0020140993717010502,6.362785480735508e-06,-5.0
2024-05-20,STOCK,495,-0.0020161290322581182,-0.004024144869215318,-0.0060240963855421326,496.0,497.0,499.5,-0.0020181641562375674,6.388390675698759e-06,-5.0
2024-05-21,STOCK,494,-0.002020202020202033,-0.0040322580645161255,-0.006036217303822977,495.0,496.0,498.5,-0.002022245380767451,6.414150743693051e-06,-5.0
2024-05-22,STOCK,493,-0.002024291497975672,-0.004040404040404066,-0.006048387096774244,494.0,495.0,497.5,-0.0020263431452329783,6.440066937401772e-06,-5.0
2024-05-23,STOCK,492,-0.0020283975659228792,-0.004048582995951455,-0.0060606060606061,493.0,494.0,496.5,-0.0020304575503820033,6.466140519899934e-06,-5.0
2024-05-24,STOCK,491,-0.002032520325203291,-0.0040567951318458695,-0.006072874493927127,492.0,493.0,495.5,-0.0020345886977874983,6.492372768728685e-06,-5.0
2024-05-25,STOCK,490,-0.0020366598778004397,-0.004065040650406471,-0.006085192697768749,491.0,492.0,494.5,-0.0020387366898484416,6.518764974207115e-06,-5.0
2024-05-26,STOCK,489,-0.0020408163265306367,-0.004073319755600768,-0.0060975609756097615,490.0,491.0,493.5,-0.0020429016297995872,6.545318438593175e-06,-5.0
2024-05-27,STOCK,488,-0.002044989775051076,-0.004081632653061273,-0.006109979633401208,489.0,490.0,492.5,-0.002047083621724788,6.572034479591476e-06,-5.0
2024-05-28,STOCK,487,-0.002049180327868827,-0.004089979550102263,-0.006122448979591799,488.0,489.0,491.5,-0.002051282770557883,6.598914426423387e-06,-5.0
2024-05-29,STOCK,486,-0.002053388090349051,-0.004098360655737654,-0.006134969325153339,487.0,488.0,490.5,-0.002055499182096021,6.6259596223518465e-06,-5.0
2024-05-30,STOCK,485,-0.002057613168724326,-0.004106776180698102,-0.006147540983606592,486.0,487.0,489.5,-0.002059732963010319,6.653171424966299e-06,-5.0
2024-05-31,STOCK,484,-0.0020618556701030855,-0.004115226337448541,-0.006160164271047264,485.0,486.0,488.5,-0.0020639842208511894,6.680551205199407e-06,-5.0
2024-06-01,STOCK,483,-0.0020661157024793875,-0.004123711340206171,-0.006172839506172867,484.0,485.0,487.5,-0.0020682530640598884,6.708100349428671e-06,-5.0
2024-06-02,STOCK,482,-0.0020703933747412417,-0.004132231404958664,-0.006185567010309256,483.0,484.0,486.5,-0.0020725396019720677,6.73582025652769e-06,-5.0
2024-06-03,STOCK,481,-0.0020746887966804906,-0.0041407867494823725,-0.006198347107438051,482.0,483.0,485.5,-0.0020768439448390907,6.763712340965922e-06,-5.0
2024-06-04,STOCK,480,-0.0020790020790020236,-0.004149377593360981,-0.006211180124223614,481.0,482.0,484.5,-0.0020811662038244805,6.791778031533064e-06,-5.0
2024-06-05,STOCK,479,-0.002083333333333326,-0.004158004158004158,-0.006224066390041472,480.0,481.0,483.5,-0.0020855064910216825,6.820018772186852e-06,-5.0
2024-06-06,STOCK,478,-0.0020876826722338038,-0.004166666666666652,-0.006237006237006182,479.0,480.0,482.5,-0.002089864919458506,6.8484360217668245e-06,-5.0
2024-06-07,STOCK,477,-0.0020920502092049986,-0.0041753653444676075,-0.006249999999999978,478.0,479.0,481.5,-0.002094241603114888,6.8770312541486065e-06,-5.0
2024-06-08,STOCK,476,-0.002096436058700246,-0.004184100418409997,-0.006263048016701411,477.0,478.0,480.5,-0.0020986366569211157,6.905805958787481e-06,-5.0
2024-06-09,STOCK,475,-0.0021008403361344463,-0.004192872117400381,-0.006276150627615107,476.0,477.0,479.5,-0.0021030501967791437,6.934761640872051e-06,-5.0
2024-06-10,STOCK,474,-0.002105263157894721,-0.004201680672268893,-0.0062893081761006275,475.0,476.0,478.5,-0.0021074823395643705,6.963899821035607e-06,-5.0
2024-06-11,STOCK,473,-0.002109704641350185,-0.004210526315789442,-0.006302521008403339,474.0,475.0,477.5,-0.0021119332031442895,6.993222036208891e-06,-5.0
2024-06-12,STOCK,472,-0.0021141649048626032,-0.00421940928270037,-0.0063157894736841635,473.0,474.0,476.5,-0.0021164029063776013,7.022729839463389e-06,-5.0
2024-06-13,STOCK,471,-0.0021186440677966045,-0.0042283298097252064,-0.006329113924050667,472.0,473.0,475.5,-0.0021208915691373065,7.052424800168567e-06,-5.0
2024-06-14,STOCK,470,-0.002123142250530785,-0.004237288135593209,-0.006342494714587699,471.0,472.0,474.5,-0.0021253993123133696,7.082308504964617e-06,-5.0
2024-06-15,STOCK,469,-0.0021276595744680327,-0.00424628450106157,-0.006355932203389814,470.0,471.0,473.5,-0.0021299262578251543,7.112382556362771e-06,-5.0
2024-06-16,STOCK,468,-0.002132196162046962,-0.004255319148936176,-0.006369426751592355,469.0,470.0,472.5,-0.002134472528632081,7.142648574704266e-06,-5.0
2024-06-17,STOCK,467,-0.002136752136752129,-0.004264392324093813,-0.006382978723404209,468.0,469.0,471.5,-0.002139038248749614,7.1731081971908145e-06,-5.0
2024-06-18,STOCK,466,-0.0021413276231263545,-0.004273504273504258,-0.006396588486140775,467.0,468.0,470.5,-0.002143623543251927,7.203763078433163e-06,-5.0
2024-06-19,STOCK,465,-0.0021459227467811592,-0.004282655246252709,-0.0064102564102563875,466.0,467.0,469.5,-0.002148228538289665,7.234614890877327e-06,-5.0
2024-06-20,STOCK,464,-0.0021505376344086446,-0.0042918454935622075,-0.0064239828693790635,465.0,466.0,468.5,-0.002152853361100604,7.265665325086878e-06,-5.0
2024-06-21,STOCK,463,-0.0021551724137931494,-0.004301075268817178,-0.006437768240343367,464.0,465.0,467.5,-0.0021574981400211968,7.296916089604472e-06,-5.0
2024-06-22,STOCK,462,-0.002159827213822907,-0.004310344827586188,-0.006451612903225823,463.0,464.0,466.5,-0.0021621630044954543,7.3283689119256075e-06,-5.0
2024-06-23,STOCK,461,-0.0021645021645021467,-0.004319654427645814,-0.006465517241379337,462.0,463.0,465.5,-0.002166848085090045,7.360025537383033e-06,-5.0
2024-06-24,STOCK,460,-0.002169197396963085,-0.0043290043290042934,-0.006479481641468721,461.0,462.0,464.5,-0.002171553513507618,7.391887730552216e-06,-5.0
2024-06-25,STOCK,459,-0.0021739130434782483,-0.004338394793926281,-0.00649350649350644,460.0,461.0,463.5,-0.002176279422595684,7.4239572751070045e-06,-5.0
2024-06-26,STOCK,458,-0.002178649237472796,-0.004347826086956497,-0.006507592190889366,459.0,460.0,462.5,-0.002181025946359938,7.456235974238826e-06,-5.0
2024-06-27,STOCK,457,-0.0021834061135370675,-0.004357298474945481,-0.006521739130434745,458.0,459.0,461.5,-0.0021857932199802477,7.488725650943603e-06,-5.0
2024-06-28,STOCK,456,-0.002188183807439792,-0.004366812227074246,-0.006535947712418277,457.0,458.0,460.5,-0.0021905813798186458,7.521428147456958e-06,-5.0
2024-06-29,STOCK,455,-0.002192982456140302,-0.004376367614879695,-0.0065502183406113135,456.0,457.0,459.5,-0.002195390563436206,7.554345326938954e-06,-5.0
2024-06-30,STOCK,454,-0.00219780219780219,-0.004385964912280715,-0.006564551422319487,455.0,456.0,458.5,-0.0022002209096019243,7.587479072208541e-06,-5.0
2024-07-01,STOCK,453,-0.0022026431718061845,-0.00439560439560438,-0.006578947368421018,454.0,455.0,457.5,-0.0022050725583140363,7.6208312875774415e-06,-5.0
2024-07-02,STOCK,452,-0.002207505518763808,-0.004405286343612369,-0.00659340659340657,453.0,454.0,456.5,-0.0022099456508026805,7.654403897855159e-06,-5.0
2024-07-03,STOCK,451,-0.0022123893805309214,-0.004415011037527616,-0.0066079295154185536,452.0,453.0,455.5,-0.0022148403295529917,7.68819884934091e-06,-5.0
2024-07-04,STOCK,450,-0.0022172949002217113,-0.004424778761061954,-0.0066225165562914245,451.0,452.0,454.5,-0.0022197567383130945,7.722218109818245e-06,-5.0
2024-07-05,STOCK,449,-0.0022222222222222365,-0.0044345898004434225,-0.006637168141592875,450.0,451.0,453.5,-0.0022246950221109785,7.756463667999918e-06,-5.0
2024-07-06,STOCK,448,-0.00222717149220486,-0.004444444444444473,-0.006651884700665134,449.0,450.0,452.5,-0.0022296553272695974,7.790937536469964e-06,-5.0
2024-07-07,STOCK,447,-0.0022321428571429047,-0.0044543429844098315,-0.00666666666666671,448.0,449.0,451.5,-0.002234637801415751,7.825641748315813e-06,-5.0
2024-07-08,STOCK,446,-0.0022371364653244186,-0.004464285714285698,-0.006681514476614692,447.0,448.0,450.5,-0.0022396425935049535,7.86057836120417e-06,-5.0
2024-07-09,STOCK,445,-0.0022421524663677195,-0.004474272930648726,-0.006696428571428603,446.0,447.0,449.5,-0.0022446698538240994,7.895749454425518e-06,-5.0
2024-07-10,STOCK,444,-0.0022471910112359383,-0.004484304932735439,-0.006711409395973145,445.0,446.0,448.5,-0.002249719734015443,7.931157130725487e-06,-5.0
2024-07-11,STOCK,443,-0.0022522522522522292,-0.004494382022471877,-0.006726457399103158,444.0,445.0,447.5,-0.002254792387089033,7.966803517283957e-06,-5.0
2024-07-12,STOCK,442,-0.0022573363431150906,-0.0045045045045044585,-0.006741573033707815,443.0,444.0,446.5,-0.0022598879674378125,8.002690764176362e-06,-5.0
2024-07-13,STOCK,441,-0.002262443438914019,-0.004514672686230292,-0.006756756756756799,442.0,443.0,445.5,-0.002265006630851829,8.038821046609649e-06,-5.0
2024-07-14,STOCK,440,-0.0022675736961451642,-0.004524886877828038,-0.006772009029345383,441.0,442.0,444.5,-0.002270148534539551,8.075196564372773e-06,-5.0
2024-07-15,STOCK,439,-0.002272727272727315,-0.0045351473922902175,-0.006787330316742057,440.0,441.0,443.5,-0.0022753138371349735,8.111819541125275e-06,-5.0
2024-07-16,STOCK,438,-0.002277904328018221,-0.004545454545454519,-0.006802721088435382,439.0,440.0,442.5,-0.002280502698725151,8.148692227213485e-06,-5.0
2024-07-17,STOCK,437,-0.0022831050228310223,-0.004555808656036442,-0.006818181818181834,438.0,439.0,441.5,-0.002285715280856415,8.185816898117996e-06,-5.0
2024-07-18,STOCK,436,-0.0022883295194507935,-0.004566210045662156,-0.006833712984054663,437.0,438.0,440.5,-0.0022909517465556917,8.223195854319203e-06,-5.0
2024-07-19,STOCK,435,-0.002293577981651418,-0.004576659038901587,-0.006849315068493178,436.0,437.0,439.5,-0.002296212260350039,8.260831424243457e-06,-5.0
2024-07-20,STOCK,434,-0.0022988505747126853,-0.004587155963302725,-0.006864988558352381,435.0,436.0,438.5,-0.0023014969882790837,8.298725961598952e-06,-5.0
2024-07-21,STOCK,433,-0.0023041474654378336,-0.0045977011494252595,-0.006880733944954143,434.0,435.0,437.5,-0.002306806097915448,8.336881848458373e-06,-5.0
2024-07-22,STOCK,432,-0.002309468822170868,-0.004608294930875556,-0.006896551724137945,433.0,434.0,436.5,-0.0023121397583789616,8.375301493154695e-06,-5.0
2024-07-23,STOCK,431,-0.0023148148148147696,-0.004618937644341847,-0.00691244239631339,432.0,433.0,435.5,-0.0023174981403633055,8.413987332817816e-06,-5.0
2024-07-24,STOCK,430,-0.002320185614849146,-0.00462962962962965,-0.006928406466512715,431.0,432.0,434.5,-0.002322881416139566,8.452941831533058e-06,-5.0
2024-07-25,STOCK,429,-0.0023255813953488857,-0.004640371229698403,-0.00694444444444442,430.0,431.0,433.5,-0.0023282897595908736,8.492167483164335e-06,-5.0
2024-07-26,STOCK,428,-0.002331002331002363,-0.0046511627906976605,-0.00696055684454755,429.0,430.0,432.5,-0.0023337233462203955,8.531666810643153e-06,-5.0
2024-07-27,STOCK,427,-0.002336448598130869,-0.004662004662004615,-0.006976744186046546,428.0,429.0,431.5,-0.002339182353171765,8.571442364709389e-06,-5.0
2024-07-28,STOCK,426,-0.0023419203747072626,-0.004672897196261627,-0.006993006993006978,427.0,428.0,430.5,-0.0023446669592539493,8.611496728400104e-06,-5.0
2024-07-29,STOCK,425,-0.0023474178403756207,-0.004683840749414525,-0.007009345794392496,426.0,427.0,429.5,-0.0023501773449536856,8.651832512703696e-06,-5.0
2024-07-30,STOCK,424,-0.0023529411764705577,-0.0046948356807511304,-0.007025761124121788,425.0,426.0,428.5,-0.00235571369245946,8.692452360344559e-06,-5.0
2024-07-31,STOCK,423,-0.002358490566037763,-0.004705882352941226,-0.007042253521126751,424.0,425.0,427.5,-0.002361276185680161,8.733358945082712e-06,-5.0
2024-08-01,STOCK,422,-0.0023640661938534313,-0.004716981132075526,-0.007058823529411784,423.0,424.0,426.5,-0.0023668650102655064,8.774554971296736e-06,-5.0
2024-08-02,STOCK,421,-0.0023696682464454666,-0.004728132387706863,-0.007075471698113178,422.0,423.0,425.5,-0.0023724803536309125,8.81604317735143e-06,-5.0
2024-08-03,STOCK,420,-0.002375296912114022,-0.004739336492891044,-0.007092198581560294,421.0,422.0,424.5,-0.0023781224049672645,8.85782633208091e-06,-5.0
2024-08-04,STOCK,419,-0.0023809523809523725,-0.004750593824228044,-0.007109004739336511,420.0,421.0,423.5,-0.0023837913552764434,8.899907238450308e-06,-5.0
2024-08-05,STOCK,418,-0.0023866348448687846,-0.004761904761904745,-0.0071258907363420665,419.0,420.0,422.5,-0.002389487397381096,8.942288731863225e-06,-5.0
2024-08-06,STOCK,417,-0.0023923444976076125,-0.004773269689737458,-0.0071428571428571175,418.0,419.0,421.5,-0.0023952107259548328,8.984973681854481e-06,-5.0
2024-08-07,STOCK,416,-0.0023980815347721673,-0.004784688995215336,-0.007159904534606243,417.0,418.0,420.5,-0.0024009615375382154,9.027964993200777e-06,-5.0
2024-08-08,STOCK,415,-0.0024038461538461453,-0.004796163069544335,-0.0071770334928229484,416.0,417.0,419.5,-0.002406740030565402,9.071265604109388e-06,-5.0
2024-08-09,STOCK,414,-0.002409638554216831,-0.004807692307692291,-0.007194244604316502,415.0,416.0,418.5,-0.0024125464053836865,9.114878488734715e-06,-5.0
2024-08-10,STOCK,413,-0.0024154589371980784,-0.004819277108433773,-0.007211538461538436,414.0,415.0,417.5,-0.0024183808642810334,9.158806656907347e-06,-5.0
2024-08-11,STOCK,412,-0.002421307506053294,-0.004830917874396157,-0.0072289156626506035,413.0,414.0,416.5,-0.0024242436115065047,9.20305315567119e-06,-5.0
2024-08-12,STOCK,411,-0.0024271844660194164,-0.004842615012106588,-0.007246376811594235,412.0,413.0,415.5,-0.002430134853292465,9.247621068020607e-06,-5.0
2024-08-13,STOCK,410,-0.0024330900243308973,-0.004854368932038833,-0.007263922518159771,411.0,412.0,414.5,-0.002436054797880338,9.292513514023857e-06,-5.0
2024-08-14,STOCK,409,-0.0024390243902439046,-0.0048661800486617945,-0.007281553398058249,410.0,411.0,413.5,-0.0024420036555516944,9.337733652799286e-06,-5.0
2024-08-15,STOCK,408,-0.0024449877750610804,-0.004878048780487809,-0.007299270072992692,409.0,410.0,412.5,-0.002447981638640684,9.383284681376866e-06,-5.0
2024-08-16,STOCK,407,-0.002450980392156854,-0.004889975550122272,-0.007317073170731714,408.0,409.0,411.5,-0.0024539889615668997,9.42916983596603e-06,-5.0
2024-08-17,STOCK,406,-0.002457002457002422,-0.004901960784313708,-0.007334963325183352,407.0,408.0,410.5,-0.0024600258408620235,9.475392392523486e-06,-5.0
2024-08-18,STOCK,405,-0.0024630541871921707,-0.004914004914004955,-0.007352941176470562,406.0,407.0,409.5,-0.0024660924951938057,9.521955666755212e-06,-5.0
2024-08-19,STOCK,404,-0.0024691358024691024,-0.0049261083743842304,-0.0073710073710073765,405.0,406.0,408.5,-0.0024721891453882705,9.568863015785914e-06,-5.0
2024-08-20,STOCK,403,-0.0024752475247524774,-0.004938271604938316,-0.007389162561576401,404.0,405.0,407.5,-0.0024783160144679073,9.616117839159585e-06,-5.0
2024-08-21,STOCK,402,-0.002481389578163795,-0.004950495049504955,-0.007407407407407418,403.0,404.0,406.5,-0.0024844733276614406,9.66372357573696e-06,-5.0
2024-08-22,STOCK,401,-0.0024875621890547706,-0.00496277915632759,-0.007425742574257432,402.0,403.0,405.5,-0.002490661312451792,9.71168370932655e-06,-5.0
2024-08-23,STOCK,400,-0.0024937655860348684,-0.00497512437810943,-0.007444168734491274,401.0,402.0,404.5,-0.0024968801985876254,9.760001766844163e-06,-5.0
2024-08-24,STOCK,399,-0.0024999999999999467,-0.004987531172069848,-0.007462686567164201,400.0,401.0,403.5,-0.002503130218117988,9.808681317481585e-06,-5.0
2024-08-25,STOCK,398,-0.0025062656641604564,-0.0050000000000000044,-0.007481296758104716,399.0,400.0,402.5,-0.0025094116054260596,9.857725978175978e-06,-5.0
2024-08-26,STOCK,397,-0.002512562814070307,-0.005012531328320802,-0.007499999999999951,398.0,399.0,401.5,-0.0025157245972469156,9.907139407577884e-06,-5.0
2024-08-27,STOCK,396,-0.0025188916876573986,-0.005025125628140725,-0.007518796992481258,397.0,398.0,400.5,-0.002522069432710161,9.956925313208909e-06,-5.0
2024-08-28,STOCK,395,-0.002525252525252486,-0.005037783375314908,-0.007537688442211032,396.0,397.0,399.5,-0.002528446353358582,1.0007087447808324e-05,-5.0
2024-08-29,STOCK,394,-0.0025316455696202667,-0.005050505050505083,-0.007556675062972307,395.0,396.0,398.5,-0.002534855603188113,1.0057629611449718e-05,-5.0
2024-08-30,STOCK,393,-0.0025380710659898,-0.005063291139240533,-0.007575757575757569,394.0,395.0,397.5,-0.0025412974286727064,1.010855565335283e-05,-5.0
2024-08-31,STOCK,392,-0.0025445292620864812,-0.005076142131979711,-0.0075949367088608,393.0,394.0,396.5,-0.002547772078798971,1.0159869470351344e-05,-5.0
2024-09-01,STOCK,391,-0.0025510204081632404,-0.0050890585241730735,-0.0076142131979695105,392.0,393.0,395.5,-0.002554279805096371,1.0211575009690762e-05,-5.0
2024-09-02,STOCK,390,-0.002557544757033292,-0.005102040816326481,-0.007633587786259555,391.0,392.0,394.5,-0.0025608208616736405,1.0263676268759045e-05,-5.0
2024-09-03,STOCK,389,-0.002564102564102555,-0.005115089514066473,-0.007653061224489832,390.0,391.0,393.5,-0.002567395505246317,1.031617729619934e-05,-5.0
2024-09-04,STOCK,388,-0.0025706940874036244,-0.00512820512820511,-0.007672634271099765,389.0,390.0,392.5,-0.0025740039951722693,1.0369082191773405e-05,-5.0
2024-09-05,STOCK,387,-0.002577319587628857,-0.005141388174807249,-0.007692307692307665,388.0,389.0,391.5,-0.0025806465934916645,1.0422395109316271e-05,-5.0
2024-09-06,STOCK,386,-0.0025839793281653423,-0.005154639175257714,-0.007712082262210762,387.0,388.0,390.5,-0.0025873235649509496,1.0476120254762875e-05,-5.0
2024-09-07,STOCK,385,-0.002590673575129543,-0.0051679586563307955,-0.0077319587628865705,386.0,387.0,389.5,-0.002594035177046372,1.053026188937908e-05,-5.0
2024-09-08,STOCK,384,-0.0025974025974025983,-0.005181347150259086,-0.007751937984496138,385.0,386.0,388.5,-0.0026007817000577305,1.0584824329764736e-05,-5.0
2024-09-09,STOCK,383,-0.0026041666666666297,-0.0051948051948051965,-0.007772020725388629,384.0,385.0,387.5,-0.002607563407081237,1.0639811947151702e-05,-5.0
2024-09-10,STOCK,382,-0.0026109660574412663,-0.00520833333333337,-0.007792207792207795,383.0,384.0,386.5,-0.002614380574070374,1.0695229171049413e-05,-5.0
2024-09-11,STOCK,381,-0.002617801047120394,-0.005221932114882533,-0.0078125,382.0,383.0,385.5,-0.0026212334798740855,1.075108048869266e-05,-5.0
2024-09-12,STOCK,380,-0.002624671916010457,-0.005235602094240788,-0.007832898172323799,381.0,382.0,384.5,-0.0026281224062696396,1.0807370445595172e-05,-5.0
2024-09-13,STOCK,379,-0.0026315789473684292,-0.005249343832021025,-0.007853403141361293,380.0,381.0,383.5,-0.002635047638005261,1.0864103647375733e-05,-5.0
2024-09-14,STOCK,378,-0.0026385224274406704,-0.0052631578947368585,-0.007874015748031482,379.0,380.0,382.5,-0.002642009462838324,1.0921284759622442e-05,-5.0
2024-09-15,STOCK,377,-0.002645502645502673,-0.00527704485488123,-0.007894736842105288,378.0,379.0,381.5,-0.002649008171577094,1.0978918509860404e-05,-5.0
2024-09-16,STOCK,376,-0.0026525198938992522,-0.005291005291005346,-0.0079155672823219,377.0,378.0,380.5,-0.002656044058116258,1.1037009688243844e-05,-5.0
2024-09-17,STOCK,375,-0.0026595744680850686,-0.0053050397877983935,-0.007936507936507908,376.0,377.0,379.5,-0.0026631174194839957,1.1095563148548359e-05,-5.0
2024-09-18,STOCK,374,-0.002666666666666706,-0.005319148936170248,-0.007957559681697646,375.0,376.0,378.5,-0.0026702285558783956,1.115458380844748e-05,-5.0
2024-09-19,STOCK,373,-0.002673796791443861,-0.005333333333333301,-0.007978723404255317,374.0,375.0,377.5,-0.002677377770716305,1.1214076651906264e-05,-5.0
2024-09-20,STOCK,372,-0.002680965147453085,-0.005347593582887722,-0.008000000000000007,373.0,374.0,376.5,-0.0026845653706697448,1.1274046729732542e-05,-5.0
2024-09-21,STOCK,371,-0.0026881720430107503,-0.00536193029490617,-0.008021390374331583,372.0,373.0,375.5,-0.0026917916657112073,1.133449915902129e-05,-5.0
2024-09-22,STOCK,370,-0.0026954177897574594,-0.005376344086021501,-0.008042895442359255,371.0,372.0,374.5,-0.00269905696916517,1.1395439127371522e-05,-5.0
2024-09-23,STOCK,369,-0.002702702702702675,-0.005390835579514808,-0.008064516129032251,370.0,371.0,373.5,-0.0027063615977427347,1.145687189077463e-05,-5.0
2024-09-24,STOCK,368,-0.0027100271002710175,-0.00540540540540535,-0.008086253369272267,369.0,370.0,372.5,-0.0027137058715958062,1.1518802777545926e-05,-5.0
2024-09-25,STOCK,367,-0.0027173913043477826,-0.005420054200542035,-0.008108108108108136,368.0,369.0,371.5,-0.0027210901143606137,1.1581237188185355e-05,-5.0
2024-09-26,STOCK,366,-0.0027247956403270157,-0.005434782608695676,-0.008130081300813052,367.0,368.0,370.5,-0.0027285146532047833,1.164418059538195e-05,-5.0
2024-09-27,STOCK,365,-0.002732240437158473,-0.00544959128065392,-0.008152173913043459,366.0,367.0,369.5,-0.0027359798188744122,1.1707638546812167e-05,-5.0
2024-09-28,STOCK,364,-0.002739726027397249,-0.005464480874316946,-0.008174386920980936,365.0,366.0,368.5,-0.002743485945750912,1.1771616666559867e-05,-5.0
2024-09-29,STOCK,363,-0.0027472527472527375,-0.005479452054794498,-0.008196721311475419,364.0,365.0,367.5,-0.002751033371890088,1.1836120655242807e-05,-5.0
2024-09-30,STOCK,362,-0.0027548209366391463,-0.005494505494505475,-0.008219178082191747,363.0,364.0,366.5,-0.0027586224390789837,1.1901156291841756e-05,-5.0
2024-10-01,STOCK,361,-0.002762430939226568,-0.0055096418732781816,-0.008241758241758212,362.0,363.0,365.5,-0.0027662534928909466,1.1966729436233646e-05,-5.0
2024-10-02,STOCK,360,-0.0027700831024930483,-0.0055248618784530246,-0.008264462809917328,361.0,362.0,364.5,-0.0027739268827247088,1.2032846026095202e-05,-5.0
2024-10-03,STOCK,359,-0.002777777777777768,-0.005540166204986097,-0.008287292817679592,360.0,361.0,363.5,-0.0027816429618772176,1.2099512084774826e-05,-5.0
2024-10-04,STOCK,358,-0.0027855153203342198,-0.005555555555555536,-0.008310249307479256,359.0,360.0,362.5,-0.0027894020875782743,1.2166733717069496e-05,-5.0
2024-10-05,STOCK,357,-0.0027932960893854997,-0.005571030640668551,-0.008333333333333304,358.0,359.0,361.5,-0.0027972046210615886,1.223451711359276e-05,-5.0
2024-10-06,STOCK,356,-0.0028011204481792618,-0.005586592178770999,-0.00835654596100277,357.0,358.0,360.5,-0.002805050927608299,1.2302868551877233e-05,-5.0
2024-10-07,STOCK,355,-0.002808988764044895,-0.0056022408963585235,-0.008379888268156388,356.0,357.0,359.5,-0.002812941376614475,1.2371794396120044e-05,-5.0
2024-10-08,STOCK,354,-0.0028169014084507005,-0.005617977528089901,-0.008403361344537785,355.0,356.0,358.5,-0.0028208763416417426,1.2441301101652636e-05,-5.0
2024-10-09,STOCK,353,-0.0028248587570621764,-0.005633802816901401,-0.008426966292134797,354.0,355.0,357.5,-0.0028288562004776807,1.2511395212708731e-05,-5.0
2024-10-10,STOCK,352,-0.0028328611898017497,-0.005649717514124242,-0.008450704225352101,353.0,354.0,356.5,-0.00283688133519977,1.2582083367754514e-05,-5.0
2024-10-11,STOCK,351,-0.0028409090909090606,-0.005665722379603388,-0.008474576271186418,352.0,353.0,355.5,-0.0028449521322313487,1.2653372297949e-05,-5.0
2024-10-12,STOCK,350,-0.002849002849002802,-0.005681818181818232,-0.008498583569405138,351.0,352.0,354.5,-0.002853068982406448,1.2725268830929812e-05,-5.0
2024-10-13,STOCK,349,-0.0028571428571428914,-0.005698005698005715,-0.008522727272727293,350.0,351.0,353.5,-0.002861232281031967,1.2797779891517426e-05,-5.0
2024-10-14,STOCK,348,-0.002865329512893977,-0.005714285714285672,-0.008547008547008517,349.0,350.0,352.5,-0.0028694424279525066,1.2870912502983475e-05,-5.0
2024-10-15,STOCK,347,-0.002873563218390829,-0.005730659025787954,-0.008571428571428563,348.0,349.0,351.5,-0.00287769982761521,1.294467378985371e-05,-5.0
2024-10-16,STOCK,346,-0.0028818443804035088,-0.005747126436781658,-0.008595988538681931,347.0,348.0,350.5,-0.002886004889134597,1.3019070978330522e-05,-5.0
2024-10-17,STOCK,345,-0.0028901734104046506,-0.0057636887608069065,-0.008620689655172376,346.0,347.0,349.5,-0.0028943580263645075,1.309411139938668e-05,-5.0
2024-10-18,STOCK,344,-0.0028985507246376274,-0.005780346820809301,-0.008645533141210415,345.0,346.0,348.5,-0.0029027596579620507,1.3169802489603901e-05,-5.0
2024-10-19,STOCK,343,-0.0029069767441860517,-0.005797101449275366,-0.00867052023121384,344.0,345.0,347.5,-0.0029112102074586588,1.3246151792998044e-05,-5.0
2024-10-20,STOCK,342,-0.002915451895043719,-0.005813953488372103,-0.008695652173912993,343.0,344.0,346.5,-0.002919710103334694,1.3323166963971873e-05,-5.0
2024-10-21,STOCK,341,-0.0029239766081871066,-0.005830903790087438,-0.008720930232558155,342.0,343.0,345.5,-0.0029282597790878384,1.3400855767876835e-05,-5.0
2024-10-22,STOCK,340,-0.0029325513196480912,-0.005847953216374324,-0.008746355685131157,341.0,342.0,344.5,-0.0029368596733094776,1.3479226084520184e-05,-5.0
2024-10-23,STOCK,339,-0.002941176470588225,-0.0058651026392961825,-0.00877192982456143,340.0,341.0,343.5,-0.002945510229757531,1.3558285909007733e-05,-5.0
2024-10-24,STOCK,338,-0.002949852507374673,-0.00588235294117645,-0.008797653958944274,339.0,340.0,342.5,-0.0029542118974310583,1.3638043352447999e-05,-5.0
2024-10-25,STOCK,337,-0.00295857988165682,-0.005899705014749235,-0.008823529411764675,338.0,339.0,341.5,-0.0029629651306573024,1.371850664757627e-05,-5.0
2024-10-26,STOCK,336,-0.0029673590504450953,-0.00591715976331364,-0.008849557522123908,337.0,338.0,340.5,-0.002971770389157413,1.3799684147619495e-05,-5.0
2024-10-27,STOCK,335,-0.0029761904761904656,-0.005934718100890191,-0.00887573964497046,336.0,337.0,339.5,-0.0029806281381379307,1.3881584330796755e-05,-5.0
2024-10-28,STOCK,334,-0.0029850746268657025,-0.005952380952380931,-0.008902077151335286,335.0,336.0,338.5,-0.0029895388483653917,1.396421580101632e-05,-5.0
2024-10-29,STOCK,333,-0.0029940119760478723,-0.005970149253731294,-0.008928571428571397,334.0,335.0,337.5,-0.0029985029962569243,1.4047587290418238e-05,-5.0
2024-10-30,STOCK,332,-0.0030030030030030463,-0.005988023952095856,-0.008955223880596996,333.0,334.0,336.5,-0.0030075210639557426,1.4131707662300521e-05,-5.0
2024-10-31,STOCK,331,-0.003012048192771122,-0.006006006006005982,-0.008982035928143728,332.0,333.0,335.5,-0.003016593539425294,1.4216585912121052e-05,-5.0
2024-11-01,STOCK,330,-0.0030211480362537513,-0.0060240963855421326,-0.009009009009009028,331.0,332.0,334.5,-0.003025720916537189,1.4302231172267472e-05,-5.0
2024-11-02,STOCK,329,-0.00303030303030305,-0.0060422960725075026,-0.009036144578313254,330.0,331.0,333.5,-0.003034903695153801,1.4388652711492819e-05,-5.0
2024-11-03,STOCK,328,-0.003039513677811523,-0.0060606060606061,-0.009063444108761365,329.0,330.0,332.5,-0.0030441423812277435,1.4475859940672075e-05,-5.0
2024-11-04,STOCK,327,-0.0030487804878048808,-0.006079027355623046,-0.009090909090909038,328.0,329.0,331.5,-0.0030534374868906866,1.4563862412949025e-05,-5.0
2024-11-05,STOCK,326,-0.003058103975535187,-0.0060975609756097615,-0.00911854103343468,327.0,328.0,330.5,-0.0030627895305457287,1.4652669826118884e-05,-5.0
2024-11-06,STOCK,325,-0.0030674846625766694,-0.006116207951070374,-0.009146341463414642,326.0,327.0,329.5,-0.0030721990369704244,1.4742292027965876e-05,-5.0
2024-11-07,STOCK,324,-0.003076923076923088,-0.006134969325153339,-0.00917431192660545,325.0,326.0,328.5,-0.0030816665374082675,1.483273901598481e-05,-5.0
2024-11-08,STOCK,323,-0.0030864197530864335,-0.006153846153846176,-0.009202453987730008,324.0,325.0,327.5,-0.0030911925696726072,1.4924020942013255e-05,-5.0
2024-11-09,STOCK,322,-0.003095975232198178,-0.006172839506172867,-0.009230769230769265,323.0,324.0,326.5,-0.0031007776782479013,1.5016148115179447e-05,-5.0
2024-11-10,STOCK,321,-0.0031055900621117516,-0.006191950464396245,-0.0092592592592593,322.0,323.0,325.5,-0.003110422414392744,1.510913100345278e-05,-5.0
2024-11-11,STOCK,320,-0.0031152647975077885,-0.006211180124223614,-0.009287925696594423,321.0,322.0,324.5,-0.003120127336243783,1.520298023742642e-05,-5.0
2024-11-12,STOCK,319,-0.0031250000000000444,-0.006230529595015577,-0.009316770186335366,320.0,321.0,323.5,-0.003129893008927631,1.5297706613276252e-05,-5.0
2024-11-13,STOCK,318,-0.0031347962382445305,-0.006249999999999978,-0.009345794392523366,319.0,320.0,322.5,-0.0031397200046674456,1.539332109584721e-05,-5.0
2024-11-14,STOCK,317,-0.0031446540880503138,-0.006269592476489061,-0.009375000000000022,318.0,319.0,321.5,-0.0031496089028966168,1.5489834822444558e-05,-5.0
2024-11-15,STOCK,316,-0.003154574132492094,-0.0062893081761006275,-0.009404388714733591,317.0,318.0,320.5,-0.003159560290368013,1.5587259104793802e-05,-5.0
2024-11-16,STOCK,315,-0.0031645569620253333,-0.006309148264984188,-0.009433962264150941,316.0,317.0,319.5,-0.0031695747612792147,1.5685605433690523e-05,-5.0
2024-11-17,STOCK,314,-0.0031746031746031633,-0.006329113924050667,-0.009463722397476393,315.0,316.0,318.5,-0.0031796529173799826,1.5784885481092245e-05,-5.0
2024-11-18,STOCK,313,-0.0031847133757961776,-0.006349206349206327,-0.009493670886076,314.0,315.0,317.5,-0.0031897953681001567,1.5885111104339512e-05,-5.0
2024-11-19,STOCK,312,-0.0031948881789137795,-0.006369426751592355,-0.00952380952380949,313.0,314.0,316.5,-0.003200002730670448,1.5986294350224552e-05,-5.0
2024-11-20,STOCK,311,-0.0032051282051281937,-0.006389776357827448,-0.009554140127388533,312.0,313.0,315.5,-0.0032102756302485602,1.6088447457388005e-05,-5.0
2024-11-21,STOCK,310,-0.003215434083601254,-0.0064102564102563875,-0.009584664536741228,311.0,312.0,314.5,-0.0032206147000417573,1.619158286079506e-05,-5.0
2024-11-22,STOCK,309,-0.003225806451612856,-0.006430868167202619,-0.009615384615384581,310.0,311.0,313.5,-0.003231020581446309,1.6295713195687287e-05,-5.0
2024-11-23,STOCK,308,-0.003236245954692518,-0.006451612903225823,-0.009646302250803873,309.0,310.0,312.5,-0.0032414939241718344,1.6400851300802365e-05,-5.0
2024-11-24,STOCK,307,-0.0032467532467532756,-0.006472491909385147,-0.009677419354838679,308.0,309.0,311.5,-0.0032520353863771945,1.6507010221743587e-05,-5.0
2024-11-25,STOCK,306,-0.0032573289902280145,-0.00649350649350644,-0.009708737864077666,307.0,308.0,310.5,-0.0032626456348161526,1.6614203217727196e-05,-5.0
2024-11-26,STOCK,305,-0.0032679738562091387,-0.006514657980456029,-0.009740259740259716,306.0,307.0,309.5,-0.003273325344968825,1.6722443762424915e-05,-5.0
2024-11-27,STOCK,304,-0.003278688524590123,-0.006535947712418277,-0.009771986970684043,305.0,306.0,308.5,-0.0032840752011900065,1.6831745550838505e-05,-5.0
2024-11-28,STOCK,303,-0.003289473684210509,-0.006557377049180357,-0.009803921568627416,304.0,305.0,307.5,-0.003294895896853056,1.694212250225031e-05,-5.0
2024-11-29,STOCK,302,-0.0033003300330033403,-0.006578947368421018,-0.00983606557377048,303.0,304.0,306.5,-0.0033057881344991102,1.7053588763321907e-05,-5.0
2024-11-30,STOCK,301,-0.0033112582781457123,-0.0066006600660065695,-0.009868421052631526,302.0,303.0,305.5,-0.0033167526259942903,1.7166158716375788e-05,-5.0
2024-12-01,STOCK,300,-0.0033222591362126463,-0.0066225165562914245,-0.00990099009900991,301.0,302.0,304.5,-0.0033277900926744763,1.727984698037147e-05,-5.0
2024-12-02,STOCK,299,-0.0033333333333332993,-0.006644518272425293,-0.009933774834437137,300.0,301.0,303.5,-0.0033389012655140604,1.7394668418076473e-05,-5.0
2024-12-03,STOCK,298,-0.0033444816053511683,-0.00666666666666671,-0.009966777408637828,299.0,300.0,302.5,-0.0033500868852822663,1.751063814013666e-05,-5.0
2024-12-04,STOCK,297,-0.003355704697986628,-0.006688963210702337,-0.010000000000000009,298.0,299.0,301.5,-0.0033613477027047978,1.762777150830584e-05,-5.0
2024-12-05,STOCK,296,-0.0033670033670033517,-0.006711409395973145,-0.010033444816053505,297.0,298.0,300.5,-0.003372684478639698,1.7746084144151803e-05,-5.0
2024-12-06,STOCK,295,-0.0033783783783783994,-0.006734006734006703,-0.010067114093959773,296.0,297.0,299.5,-0.0033840979842398866,1.7865591930183528e-05,-5.0
2024-12-07,STOCK,294,-0.003389830508474523,-0.006756756756756799,-0.010101010101010055,295.0,296.0,298.5,-0.003395589001138788,1.798631101926475e-05,-5.0
2024-12-08,STOCK,293,-0.003401360544217691,-0.006779661016949157,-0.010135135135135087,294.0,295.0,297.5,-0.003407158321613757,1.8108257836701066e-05,-5.0
2024-12-09,STOCK,292,-0.0034129692832765013,-0.006802721088435382,-0.01016949152542368,293.0,294.0,296.5,-0.0034188067487859186,1.8231449087992697e-05,-5.0
2024-12-10,STOCK,291,-0.003424657534246589,-0.0068259385665528916,-0.010204081632653073,292.0,293.0,295.5,-0.0034305350967889225,1.835590176302106e-05,-5.0
2024-12-11,STOCK,290,-0.0034364261168384758,-0.006849315068493178,-0.010238907849829393,291.0,292.0,294.5,-0.0034423441909732233,1.848163314281546e-05,-5.0
2024-12-12,STOCK,289,-0.0034482758620689724,-0.0068728522336769515,-0.010273972602739767,290.0,291.0,293.5,-0.003454234868087269,1.860866080584443e-05,-5.0
2024-12-13,STOCK,288,-0.0034602076124568004,-0.006896551724137945,-0.010309278350515427,289.0,290.0,292.5,-0.003466207976486224,1.873700263282228e-05,-5.0
2024-12-14,STOCK,287,-0.00347222222222221,-0.00692041522491349,-0.010344827586206917,288.0,289.0,291.5,-0.0034782643763247023,1.8866676814966493e-05,-5.0
2024-12-15,STOCK,286,-0.0034843205574912606,-0.00694444444444442,-0.01038062283737029,287.0,288.0,290.5,-0.003490404939769043,1.8997701858373792e-05,-5.0
2024-12-16,STOCK,285,-0.0034965034965035446,-0.006968641114982632,-0.01041666666666663,286.0,287.0,289.5,-0.003502630551201591,1.9130096591865194e-05,-5.0
2024-12-17,STOCK,284,-0.0035087719298245723,-0.006993006993006978,-0.010452961672473893,285.0,286.0,288.5,-0.0035149421074445186,1.9263880173610257e-05,-5.0
2024-12-18,STOCK,283,-0.0035211267605633756,-0.007017543859649145,-0.010489510489510523,284.0,285.0,287.5,-0.003527340517968547,1.939907209798576e-05,-5.0
2024-12-19,STOCK,282,-0.0035335689045936647,-0.007042253521126751,-0.010526315789473717,283.0,284.0,286.5,-0.003539826705123872,1.953569220219032e-05,-5.0
2024-12-20,STOCK,281,-0.0035460992907800915,-0.007067137809187329,-0.010563380281690127,282.0,283.0,285.5,-0.003552401604368427,1.9673760674947394e-05,-5.0
2024-12-21,STOCK,280,-0.003558718861209953,-0.007092198581560294,-0.010600706713780883,281.0,282.0,284.5,-0.0035650661644961446,1.9813298061002256e-05,-5.0
2024-12-22,STOCK,279,-0.0035714285714285587,-0.007117437722419906,-0.010638297872340385,280.0,281.0,283.5,-0.0035778213478838694,1.995432527277566e-05,-5.0
2024-12-23,STOCK,278,-0.0035842293906810374,-0.0071428571428571175,-0.010676156583629859,279.0,280.0,282.5,-0.0035906681307285027,2.0096863595281687e-05,-5.0
2024-12-24,STOCK,277,-0.003597122302158251,-0.007168458781361964,-0.010714285714285676,278.0,279.0,281.5,-0.003603607503298356,2.0240934694834755e-05,-5.0
2024-12-25,STOCK,276,-0.0036101083032491488,-0.007194244604316502,-0.010752688172043001,277.0,278.0,280.5,-0.0036166404701889476,2.038656062845631e-05,-5.0
2024-12-26,STOCK,275,-0.0036231884057971175,-0.0072202166064981865,-0.010791366906474864,276.0,277.0,279.5,-0.0036297680505779084,2.0533763849356445e-05,-5.0
2024-12-27,STOCK,274,-0.0036363636363636598,-0.007246376811594235,-0.010830324909747335,275.0,276.0,278.5,-0.0036429912785012064,2.0682567219859064e-05,-5.0
2024-12-28,STOCK,273,-0.0036496350364964014,-0.0072727272727273196,-0.010869565217391353,274.0,275.0,277.5,-0.003656311203110718,2.0832994016584257e-05,-5.0
2024-12-29,STOCK,272,-0.00366300366300365,-0.007299270072992692,-0.010909090909090868,273.0,274.0,276.5,-0.0036697288889619983,2.098506794099368e-05,-5.0
2024-12-30,STOCK,271,-0.003676470588235281,-0.0073260073260073,-0.010948905109489093,272.0,273.0,275.5,-0.003683245416296721,2.113881312992093e-05,-5.0
2024-12-31,STOCK,270,-0.0036900369003689537,-0.007352941176470562,-0.01098901098901095,271.0,272.0,274.5,-0.003696861881326008,2.1294254161752804e-05,-5.0
2025-01-01,STOCK,269,-0.0037037037037036535,-0.0073800738007380184,-0.011029411764705843,270.0,271.0,273.5,-0.0037105793965359624,2.145141607088846e-05,-5.0
2025-01-02,STOCK,268,-0.0037174721189591198,-0.007407407407407418,-0.011070110701106972,269.0,270.0,272.5,-0.003724399090982544,2.1610324353643815e-05,-5.0
2025-01-03,STOCK,267,-0.003731343283582045,-0.0074349442379182396,-0.011111111111111072,268.0,269.0,271.5,-0.003738322110606873,2.1771004980473328e-05,-5.0
2025-01-04,STOCK,266,-0.0037453183520599342,-0.007462686567164201,-0.01115241635687736,267.0,268.0,270.5,-0.0037523496185505323,2.1933484407618525e-05,-5.0
2025-01-05,STOCK,265,-0.003759398496240629,-0.0074906367041198685,-0.011194029850746245,266.0,267.0,269.5,-0.0037664827954770885,2.2097789585401367e-05,-5.0
2025-01-06,STOCK,264,-0.0037735849056603765,-0.007518796992481258,-0.011235955056179803,265.0,266.0,268.5,-0.0037807228399060477,2.2263947971560073e-05,-5.0
2025-01-07,STOCK,263,-0.0037878787878787845,-0.007547169811320753,-0.011278195488721776,264.0,265.0,267.5,-0.0037950709685512507,2.2431987541509745e-05,-5.0
2025-01-08,STOCK,262,-0.0038022813688213253,-0.007575757575757569,-0.01132075471698113,263.0,264.0,266.5,-0.003809528416668151,2.260193680112062e-05,-5.0
2025-01-09,STOCK,261,-0.003816793893129722,-0.0076045627376425395,-0.011363636363636354,262.0,263.0,265.5,-0.0038240964384028686,2.277382479752185e-05,-5.0
2025-01-10,STOCK,260,-0.003831417624521105,-0.007633587786259555,-0.011406844106463865,261.0,262.0,264.5,-0.003838776307166114,2.294768113344588e-05,-5.0
2025-01-11,STOCK,259,-0.0038461538461538325,-0.007662835249042099,-0.011450381679389277,260.0,261.0,263.5,-0.003853569315990235,2.3123535977322924e-05,-5.0
2025-01-12,STOCK,258,-0.0038610038610038533,-0.007692307692307665,-0.011494252873563204,259.0,260.0,262.5,-0.0038684767779200158,2.3301420078321178e-05,-5.0
2025-01-13,STOCK,257,-0.003875968992248069,-0.007722007722007707,-0.011538461538461497,258.0,259.0,261.5,-0.0038835000263972574,2.3481364780242915e-05,-5.0
2025-01-14,STOCK,256,-0.0038910505836575737,-0.007751937984496138,-0.01158301158301156,257.0,258.0,260.5,-0.0038986404156577947,2.3663402033192182e-05,-5.0
2025-01-15,STOCK,255,-0.00390625,-0.0077821011673151474,-0.011627906976744207,256.0,257.0,259.5,-0.003913899321136505,2.3847564409704917e-05,-5.0
2025-01-16,STOCK,254,-0.0039215686274509665,-0.0078125,-0.011673151750972721,255.0,256.0,258.5,-0.003929278139889192,2.4033885117835073e-05,-5.0
2025-01-17,STOCK,253,-0.003937007874015741,-0.007843137254901933,-0.01171875,254.0,255.0,257.5,-0.003944778291016249,2.4222398017437798e-05,-5.0
2025-01-18,STOCK,252,-0.0039525691699604515,-0.007874015748031482,-0.0117647058823529,253.0,254.0,256.5,-0.003960401216096976,2.4413137634909165e-05,-5.0
2025-01-19,STOCK,251,-0.003968253968253954,-0.007905138339920903,-0.011811023622047223,252.0,253.0,255.5,-0.003976148379639888,2.4606139179481113e-05,-5.0
2025-01-20,STOCK,250,-0.003984063745019917,-0.007936507936507908,-0.011857707509881465,251.0,252.0,254.5,-0.00399202126953746,2.480143855783379e-05,-5.0
2025-01-21,STOCK,249,-0.0040000000000000036,-0.007968127490039834,-0.011904761904761862,250.0,251.0,253.5,-0.004008021397538641,2.4999072392775082e-05,-5.0
2025-01-22,STOCK,248,-0.004016064257028162,-0.008000000000000007,-0.01195219123505975,249.0,250.0,252.5,-0.004024150299724916,2.5199078039945353e-05,-5.0
2025-01-23,STOCK,247,-0.0040322580645161255,-0.008032128514056214,-0.01200000000000001,248.0,249.0,251.5,-0.004040409537005019,2.5401493605240953e-05,-5.0
2025-01-24,STOCK,246,-0.004048582995951455,-0.008064516129032251,-0.012048192771084376,247.0,248.0,250.5,-0.004056800695614982,2.5606357962643026e-05,-5.0
2025-01-25,STOCK,245,-0.004065040650406471,-0.0080971659919028,-0.012096774193548376,246.0,247.0,249.5,-0.004073325387635052,2.5813710772061726e-05,-5.0
2025-01-26,STOCK,244,-0.004081632653061273,-0.008130081300813052,-0.012145748987854255,245.0,246.0,248.5,-0.004089985251525263,2.6023592501672997e-05,-5.0
2025-01-27,STOCK,243,-0.004098360655737654,-0.008163265306122436,-0.012195121951219523,244.0,245.0,247.5,-0.004106781952653904,2.6236044444194463e-05,-5.0
2025-01-28,STOCK,242,-0.004115226337448541,-0.008196721311475419,-0.01224489795918371,243.0,244.0,246.5,-0.004123717183861508,2.6451108738941697e-05,-5.0
2025-01-29,STOCK,241,-0.004132231404958664,-0.008230452674897082,-0.012295081967213073,242.0,243.0,245.5,-0.004140792666031956,2.6668828393467886e-05,-5.0
2025-01-30,STOCK,240,-0.004149377593360981,-0.008264462809917328,-0.012345679012345734,241.0,242.0,244.5,-0.004158010148663571,2.6889247301530497e-05,-5.0
2025-01-31,STOCK,239,-0.004166666666666652,-0.008298755186721962,-0.012396694214875992,240.0,241.0,243.5,-0.004175371410480189,2.71124102703375e-05,-5.0
2025-02-01,STOCK,238,-0.004184100418409997,-0.008333333333333304,-0.012448132780082943,239.0,240.0,242.5,-0.004192878260036004,2.733836303979589e-05,-5.0
2025-02-02,STOCK,237,-0.004201680672268893,-0.008368200836820106,-0.012499999999999956,238.0,239.0,241.5,-0.004210532536343514,2.7567152305824205e-05,-5.0
2025-02-03,STOCK,236,-0.00421940928270037,-0.008403361344537785,-0.012552301255230103,237.0,238.0,240.5,-0.004228336109521003,2.779882574716833e-05,-5.0
2025-02-04,STOCK,235,-0.004237288135593209,-0.008438818565400852,-0.012605042016806678,236.0,237.0,239.5,-0.004246290881451564,2.8033432047331035e-05,-5.0
2025-02-05,STOCK,234,-0.004255319148936176,-0.008474576271186418,-0.012658227848101222,235.0,236.0,238.5,-0.004264398786457235,2.8271020921379742e-05,-5.0
2025-02-06,STOCK,233,-0.004273504273504258,-0.008510638297872353,-0.012711864406779627,234.0,235.0,237.5,-0.004282661792001541,2.8511643143766774e-05,-5.0
2025-02-07,STOCK,232,-0.0042918454935622075,-0.008547008547008517,-0.012765957446808529,233.0,234.0,236.5,-0.004301081899390269,2.8755350572054867e-05,-5.0
2025-02-08,STOCK,231,-0.004310344827586188,-0.008583690987124415,-0.012820512820512775,232.0,233.0,235.5,-0.004319661144516651,2.9002196178393928e-05,-5.0
2025-02-09,STOCK,230,-0.0043290043290042934,-0.008620689655172376,-0.012875536480686733,231.0,232.0,234.5,-0.004338401598597663,2.92522340759044e-05,-5.0
2025-02-10,STOCK,229,-0.004347826086956497,-0.008658008658008698,-0.012931034482758674,230.0,231.0,233.5,-0.004357305368955622,2.9505519549320263e-05,-5.0
2025-02-11,STOCK,228,-0.004366812227074246,-0.008695652173912993,-0.012987012987012991,229.0,230.0,232.5,-0.004376374599798893,2.9762109086000765e-05,-5.0
2025-02-12,STOCK,227,-0.004385964912280715,-0.008733624454148492,-0.013043478260869601,228.0,229.0,231.5,-0.00439561147303813,3.0022060405451523e-05,-5.0
2025-02-13,STOCK,226,-0.004405286343612369,-0.00877192982456143,-0.013100436681222738,227.0,228.0,230.5,-0.004415018209116717,3.0285432494556653e-05,-5.0
2025-02-14,STOCK,225,-0.004424778761061954,-0.008810572687224627,-0.013157894736842146,226.0,227.0,229.5,-0.004434597067866086,3.055228563877667e-05,-5.0
2025-02-15,STOCK,224,-0.004444444444444473,-0.008849557522123908,-0.013215859030836996,225.0,226.0,228.5,-0.004454350349380576,3.082268145808605e-05,-5.0
2025-02-16,STOCK,223,-0.004464285714285698,-0.008888888888888835,-0.013274336283185861,224.0,225.0,227.5,-0.004474280394920704,3.1096682941537e-05,-5.0
2025-02-17,STOCK,222,-0.004484304932735439,-0.008928571428571397,-0.013333333333333308,223.0,224.0,226.5,-0.004494389587839542,3.137435448518084e-05,-5.0
2025-02-18,STOCK,221,-0.0045045045045044585,-0.008968609865470878,-0.013392857142857095,222.0,223.0,225.5,-0.0045146803545268455,3.165576192829522e-05,-5.0
2025-02-19,STOCK,220,-0.004524886877828038,-0.009009009009009028,-0.013452914798206317,221.0,222.0,224.5,-0.004535155165390492,3.1940972593557994e-05,-5.0
2025-02-20,STOCK,219,-0.004545454545454519,-0.009049773755656076,-0.013513513513513487,220.0,221.0,223.5,-0.0045558165358610125,3.223005532778781e-05,-5.0
2025-02-21,STOCK,218,-0.004566210045662156,-0.009090909090909038,-0.013574660633484115,219.0,220.0,222.5,-0.004576667027412107,3.252308054125445e-05,-5.0
2025-02-22,STOCK,217,-0.004587155963302725,-0.0091324200913242,-0.013636363636363669,218.0,219.0,221.5,-0.004597709248629123,3.2820120253190734e-05,-5.0
2025-02-23,STOCK,216,-0.004608294930875556,-0.00917431192660545,-0.013698630136986356,217.0,218.0,220.5,-0.00461894585629441,3.312124813478029e-05,-5.0
2025-02-24,STOCK,215,-0.00462962962962965,-0.009216589861751112,-0.013761467889908285,216.0,217.0,219.5,-0.004640379556502872,3.342653955451743e-05,-5.0
2025-02-25,STOCK,214,-0.0046511627906976605,-0.0092592592592593,-0.01382488479262678,215.0,216.0,218.5,-0.004662013105811269,3.373607162636662e-05,-5.0
2025-02-26,STOCK,213,-0.004672897196261627,-0.009302325581395321,-0.01388888888888884,214.0,215.0,217.5,-0.004683849312425714,3.404992325754463e-05,-5.0
2025-02-27,STOCK,212,-0.0046948356807511304,-0.009345794392523366,-0.013953488372092981,213.0,214.0,216.5,-0.004705891037413146,3.436817519977488e-05,-5.0
2025-02-28,STOCK,211,-0.004716981132075526,-0.009389671361502372,-0.014018691588784993,212.0,213.0,215.5,-0.004728141195945668,3.4690910099833516e-05,-5.0
2025-03-01,STOCK,210,-0.004739336492891044,-0.009433962264150941,-0.014084507042253502,211.0,212.0,214.5,-0.004750602758598177,3.501821255547253e-05,-5.0
2025-03-02,STOCK,209,-0.004761904761904745,-0.009478672985781977,-0.014150943396226467,210.0,211.0,213.5,-0.004773278752657539,3.535016916751889e-05,-5.0
2025-03-03,STOCK,208,-0.004784688995215336,-0.00952380952380949,-0.014218009478673022,209.0,210.0,212.5,-0.004796172263493048,3.568686860041501e-05,-5.0
2025-03-04,STOCK,207,-0.004807692307692291,-0.009569377990430672,-0.014285714285714235,208.0,209.0,211.5,-0.004819286435949088,3.602840164063201e-05,-5.0
2025-03-05,STOCK,206,-0.004830917874396157,-0.009615384615384581,-0.014354066985645897,207.0,208.0,210.5,-0.004842624475787538,3.637486125568116e-05,-5.0
2025-03-06,STOCK,205,-0.004854368932038833,-0.009661835748792313,-0.014423076923076872,206.0,207.0,209.5,-0.004866189651172803,3.672634266109641e-05,-5.0
2025-03-07,STOCK,204,-0.004878048780487809,-0.009708737864077666,-0.01449275362318836,205.0,206.0,208.5,-0.004889985294192378,3.7082943382522804e-05,-5.0
2025-03-08,STOCK,203,-0.004901960784313708,-0.009756097560975618,-0.014563106796116498,204.0,205.0,207.5,-0.004914014802428923,3.744476332480935e-05,-5.0
2025-03-09,STOCK,202,-0.0049261083743842304,-0.009803921568627416,-0.014634146341463428,203.0,204.0,206.5,-0.004938281640582076,3.7811904842532655e-05,-5.0
2025-03-10,STOCK,201,-0.004950495049504955,-0.009852216748768461,-0.014705882352941124,202.0,203.0,205.5,-0.004962789342129348,3.818447281162463e-05,-5.0
2025-03-11,STOCK,200,-0.00497512437810943,-0.00990099009900991,-0.014778325123152691,201.0,202.0,204.5,-0.004987541511039417,3.856257470436002e-05,-5.0
2025-03-12,STOCK,199,-0.0050000000000000044,-0.00995024875621886,-0.014851485148514865,200.0,201.0,203.5,-0.005012541823544048,3.894632066704303e-05,-5.0
2025-03-13,STOCK,198,-0.005025125628140725,-0.010000000000000009,-0.014925373134328401,199.0,200.0,202.5,-0.005037794029957077,3.933582359993448e-05,-5.0
2025-03-14,STOCK,197,-0.005050505050505083,-0.01005025125628145,-0.015000000000000013,198.0,199.0,201.5,-0.005063301956546695,3.973119924080523e-05,-5.0
2025-03-15,STOCK,196,-0.005076142131979711,-0.010101010101010055,-0.015075376884422065,197.0,198.0,200.5,-0.005089069507471677,4.0132566251319544e-05,-5.0
2025-03-16,STOCK,195,-0.005102040816326481,-0.010152284263959421,-0.015151515151515138,196.0,197.0,199.5,-0.005115100666770012,4.054004630412435e-05,-5.0
2025-03-17,STOCK,194,-0.00512820512820511,-0.010204081632653073,-0.015228426395939132,195.0,196.0,198.5,-0.005141399500418586,4.095376417738352e-05,-5.0
2025-03-18,STOCK,193,-0.005154639175257714,-0.01025641025641022,-0.015306122448979553,194.0,195.0,197.5,-0.005167970158442614,4.137384784928577e-05,-5.0
2025-03-19,STOCK,192,-0.005181347150259086,-0.010309278350515427,-0.01538461538461533,193.0,194.0,196.5,-0.0051948168771041026,4.1800428596939534e-05,-5.0
2025-03-20,STOCK,191,-0.00520833333333337,-0.010362694300518172,-0.015463917525773141,192.0,193.0,195.5,-0.005221943981151611,4.223364109932276e-05,-5.0
2025-03-21,STOCK,190,-0.005235602094240788,-0.01041666666666663,-0.015544041450777257,191.0,192.0,194.5,-0.005249355886143725,4.267362354291817e-05,-5.0
2025-03-22,STOCK,189,-0.0052631578947368585,-0.010471204188481686,-0.015625,190.0,191.0,193.5,-0.005277057100843585,4.312051773321898e-05,-5.0
2025-03-23,STOCK,188,-0.005291005291005346,-0.010526315789473717,-0.015706806282722474,189.0,190.0,192.5,-0.005305052229693352,4.357446920809178e-05,-5.0
2025-03-24,STOCK,187,-0.005319148936170248,-0.010582010582010581,-0.015789473684210575,188.0,189.0,191.5,-0.005333345975362391,4.40356273560344e-05,-5.0
2025-03-25,STOCK,186,-0.005347593582887722,-0.010638297872340385,-0.015873015873015928,187.0,188.0,190.5,-0.0053619431413851615,4.450414553992873e-05,-5.0
2025-03-26,STOCK,185,-0.005376344086021501,-0.010695187165775444,-0.015957446808510634,186.0,187.0,189.5,-0.0053908486348772655,4.4980181224570154e-05,-5.0
2025-03-27,STOCK,184,-0.00540540540540535,-0.010752688172043001,-0.016042780748663055,185.0,186.0,188.5,-0.005420067469338541,4.546389610714917e-05,-5.0
2025-03-28,STOCK,183,-0.005434782608695676,-0.010810810810810811,-0.016129032258064502,184.0,185.0,187.5,-0.005449604767564509,4.5955456258291385e-05,-5.0
2025-03-29,STOCK,182,-0.005464480874316946,-0.010869565217391353,-0.01621621621621616,183.0,184.0,186.5,-0.005479465764626212,4.6455032261094595e-05,-5.0
2025-03-30,STOCK,181,-0.005494505494505475,-0.010928961748633892,-0.016304347826086918,182.0,183.0,185.5,-0.005509655810969072,4.696279936015633e-05,-5.0
2025-03-31,STOCK,180,-0.0055248618784530246,-0.01098901098901095,-0.016393442622950838,181.0,182.0,184.5,-0.005540180375615655,4.747893761763793e-05,-5.0
2025-04-01,STOCK,179,-0.005555555555555536,-0.011049723756906049,-0.016483516483516536,180.0,181.0,183.5,-0.005571045049455492,4.8003632068189415e-05,-5.0
2025-04-02,STOCK,178,-0.005586592178770999,-0.011111111111111072,-0.016574585635359074,179.0,180.0,182.5,-0.005602255548669888,4.853707288987811e-05,-5.0
2025-04-03,STOCK,177,-0.005617977528089901,-0.011173184357541888,-0.01666666666666672,178.0,179.0,181.5,-0.005633817718256218,4.907945557387449e-05,-5.0
2025-04-04,STOCK,176,-0.005649717514124242,-0.011235955056179803,-0.016759776536312887,177.0,178.0,180.5,-0.005665737535677451,4.9630981102847135e-05,-5.0
2025-04-05,STOCK,175,-0.005681818181818232,-0.011299435028248594,-0.016853932584269704,176.0,177.0,179.5,-0.005698021114636909,5.019185613986035e-05,-5.0
2025-04-06,STOCK,174,-0.005714285714285672,-0.011363636363636354,-0.016949152542372836,175.0,176.0,178.5,-0.005730674708985362,5.076229322055489e-05,-5.0
2025-04-07,STOCK,173,-0.005747126436781658,-0.011428571428571455,-0.017045454545454586,174.0,175.0,177.5,-0.005763704716749807,5.1342510953416666e-05,-5.0
2025-04-08,STOCK,172,-0.005780346820809301,-0.011494252873563204,-0.017142857142857126,173.0,174.0,176.5,-0.005797117684326558,5.193273423190201e-05,-5.0
2025-04-09,STOCK,171,-0.005813953488372103,-0.011560693641618491,-0.017241379310344862,172.0,173.0,175.5,-0.0058309203107924645,5.253319444932471e-05,-5.0
2025-04-10,STOCK,170,-0.005847953216374324,-0.011627906976744207,-0.017341040462427793,171.0,172.0,174.5,-0.005865119452398204,5.3144129728965686e-05,-5.0
2025-04-11,STOCK,169,-0.00588235294117645,-0.011695906432748537,-0.01744186046511631,170.0,171.0,173.5,-0.005899722127188589,5.3765785158599816e-05,-5.0
2025-04-12,STOCK,168,-0.00591715976331364,-0.0117647058823529,-0.01754385964912286,169.0,170.0,172.5,-0.005934735519814716,5.439841303522836e-05,-5.0
2025-04-13,STOCK,167,-0.005952380952380931,-0.011834319526627168,-0.01764705882352946,168.0,169.0,171.5,-0.0059701669865033224,5.504227312364475e-05,-5.0
2025-04-14,STOCK,166,-0.005988023952095856,-0.011904761904761862,-0.017751479289940808,167.0,168.0,170.5,-0.006006024060211779,5.569763292096226e-05,-5.0
2025-04-15,STOCK,165,-0.0060240963855421326,-0.0119760479041916,-0.017857142857142905,166.0,167.0,169.5,-0.006042314455963371,5.636476793693939e-05,-5.0
2025-04-16,STOCK,164,-0.0060606060606061,-0.012048192771084376,-0.017964071856287456,165.0,166.0,168.5,-0.006079046076381545,5.7043961980272285e-05,-5.0
2025-04-17,STOCK,163,-0.0060975609756097615,-0.012121212121212088,-0.01807228915662651,164.0,165.0,167.5,-0.006116227017436415,5.7735507464403786e-05,-5.0
2025-04-18,STOCK,162,-0.006134969325153339,-0.012195121951219523,-0.018181818181818188,163.0,164.0,166.5,-0.006153865574378692,5.843970571890862e-05,-5.0
2025-04-19,STOCK,161,-0.006172839506172867,-0.012269938650306789,-0.018292682926829285,162.0,163.0,165.5,-0.0061919702479205085,5.91568673201606e-05,-5.0
2025-04-20,STOCK,160,-0.006211180124223614,-0.012345679012345734,-0.018404907975460127,161.0,162.0,164.5,-0.006230549750636527,5.9887312434223225e-05,-5.0
2025-04-21,STOCK,159,-0.006249999999999978,-0.012422360248447228,-0.01851851851851849,160.0,161.0,163.5,-0.006269613013595077,6.0631371170538996e-05,-5.0
2025-04-22,STOCK,158,-0.0062893081761006275,-0.012499999999999956,-0.018633540372670843,159.0,160.0,162.5,-0.00630916919326463,6.138938396076621e-05,-5.0
2025-04-23,STOCK,157,-0.006329113924050667,-0.012578616352201255,-0.018750000000000044,158.0,159.0,161.5,-0.006349227678659197,6.216170194381094e-05,-5.0
2025-04-24,STOCK,156,-0.006369426751592355,-0.012658227848101222,-0.018867924528301883,157.0,158.0,160.5,-0.006389798098770605,6.294868737332568e-05,-5.0
2025-04-25,STOCK,155,-0.0064102564102563875,-0.01273885350318471,-0.01898734177215189,156.0,157.0,159.5,-0.0064308903302903175,6.375071404585343e-05,-5.0
2025-04-26,STOCK,154,-0.006451612903225823,-0.012820512820512775,-0.019108280254777066,155.0,156.0,158.5,-0.006472514505617255,6.456816774036813e-05,-5.0
2025-04-27,STOCK,153,-0.00649350649350644,-0.012903225806451646,-0.019230769230769273,154.0,155.0,157.5,-0.006514681021194235,6.540144668602812e-05,-5.0
2025-04-28,STOCK,152,-0.006535947712418277,-0.012987012987012991,-0.01935483870967747,153.0,154.0,156.5,-0.006557400546158831,6.625096204483026e-05,-5.0
2025-04-29,STOCK,151,-0.006578947368421018,-0.013071895424836555,-0.01948051948051943,152.0,153.0,155.5,-0.006600684031352166,6.711713842042515e-05,-5.0
2025-04-30,STOCK,150,-0.0066225165562914245,-0.013157894736842146,-0.019607843137254943,151.0,152.0,154.5,-0.006644542718668767,6.800041438892033e-05,-5.0
2025-05-01,STOCK,149,-0.00666666666666671,-0.013245033112582738,-0.019736842105263164,150.0,151.0,153.5,-0.006688988150796327,6.890124305334687e-05,-5.0
2025-05-02,STOCK,148,-0.006711409395973145,-0.013333333333333308,-0.019867549668874163,149.0,150.0,152.5,-0.006734032181344496,6.982009262675328e-05,-5.0
2025-05-03,STOCK,147,-0.006756756756756799,-0.01342281879194629,-0.020000000000000018,148.0,149.0,151.5,-0.0067796869853786745,7.075744703778876e-05,-5.0
2025-05-04,STOCK,146,-0.006802721088435382,-0.013513513513513487,-0.020134228187919434,147.0,148.0,150.5,-0.0068259650703996755,7.171380657182114e-05,-5.0
2025-05-05,STOCK,145,-0.006849315068493178,-0.013605442176870763,-0.020270270270270285,146.0,147.0,149.5,-0.006872879287762146,7.268968853650579e-05,-5.0
2025-05-06,STOCK,144,-0.006896551724137945,-0.013698630136986356,-0.020408163265306145,145.0,146.0,148.5,-0.006920442844573493,7.368562796162877e-05,-5.0
2025-05-07,STOCK,143,-0.00694444444444442,-0.01379310344827589,-0.020547945205479423,144.0,145.0,147.5,-0.006968669316093745,7.470217833477387e-05,-5.0
2025-05-08,STOCK,142,-0.006993006993006978,-0.01388888888888884,-0.020689655172413834,143.0,144.0,146.5,-0.00701757265864611,7.573991236733984e-05,-5.0
2025-05-09,STOCK,141,-0.007042253521126751,-0.013986013986013957,-0.02083333333333337,142.0,143.0,145.5,-0.007067167223092419,7.679942280523648e-05,-5.0
2025-05-10,STOCK,140,-0.007092198581560294,-0.014084507042253502,-0.020979020979020935,141.0,142.0,144.5,-0.0071174677688645716,7.788132327355581e-05,-5.0
2025-05-11,STOCK,139,-0.0071428571428571175,-0.014184397163120588,-0.021126760563380254,140.0,141.0,143.5,-0.007168489478612372,7.898624916496438e-05,-5.0
2025-05-12,STOCK,138,-0.007194244604316502,-0.014285714285714235,-0.021276595744680882,139.0,140.0,142.5,-0.0072202479734864156,8.011485857556702e-05,-5.0
2025-05-13,STOCK,137,-0.007246376811594235,-0.014388489208633115,-0.021428571428571463,138.0,139.0,141.5,-0.007272759329080003,8.12678332830737e-05,-5.0
2025-05-14,STOCK,136,-0.007299270072992692,-0.01449275362318836,-0.021582733812949617,137.0,138.0,140.5,-0.0073260400920727164,8.244587977774264e-05,-5.0
2025-05-15,STOCK,135,-0.007352941176470562,-0.014598540145985384,-0.021739130434782594,136.0,137.0,139.5,-0.007380107297622729,8.364973034579777e-05,-5.0
2025-05-16,STOCK,134,-0.007407407407407418,-0.014705882352941124,-0.021897810218978075,135.0,136.0,138.5,-0.0074349784875185065,8.488014420633324e-05,-5.0
2025-05-17,STOCK,133,-0.007462686567164201,-0.014814814814814836,-0.022058823529411797,134.0,135.0,137.5,-0.007490671729157405,8.613790871045491e-05,-5.0
2025-05-18,STOCK,132,-0.007518796992481258,-0.014925373134328401,-0.022222222222222254,133.0,134.0,136.5,-0.007547205635383136,8.742384060253283e-05,-5.0
2025-05-19,STOCK,131,-0.007575757575757569,-0.015037593984962405,-0.02238805970149249,132.0,133.0,135.5,-0.007604599385219402,8.873878734383595e-05,-5.0
2025-05-20,STOCK,130,-0.007633587786259555,-0.015151515151515138,-0.022556390977443663,131.0,132.0,134.5,-0.007662872745568983,9.008362851230432e-05,-5.0
2025-05-21,STOCK,129,-0.007692307692307665,-0.01526717557251911,-0.022727272727272707,130.0,131.0,133.5,-0.007722046093910251,9.145927727314733e-05,-5.0
2025-05-22,STOCK,128,-0.007751937984496138,-0.01538461538461533,-0.022900763358778664,129.0,130.0,132.5,-0.007782140442055052,9.286668192952121e-05,-5.0
2025-05-23,STOCK,127,-0.0078125,-0.015503875968992276,-0.023076923076923106,128.0,129.0,131.5,-0.007843177461025697,9.430682755889491e-05,-5.0
2025-05-24,STOCK,126,-0.007874015748031482,-0.015625,-0.023255813953488413,127.0,128.0,130.5,-0.007905179507113225,9.578073773698502e-05,-5.0
2025-05-25,STOCK,125,-0.007936507936507908,-0.015748031496062964,-0.0234375,126.0,127.0,129.5,-0.00796816964917646,9.728947635761737e-05,-5.0
2025-05-26,STOCK,124,-0.008000000000000007,-0.015873015873015928,-0.023622047244094446,125.0,126.0,128.5,-0.008032171697264445,9.883414955475822e-05,-5.0
2025-05-27,STOCK,123,-0.008064516129032251,-0.016000000000000014,-0.023809523809523836,124.0,125.0,127.5,-0.00809721023262,0.00010041590772990542,-5.0
2025-05-28,STOCK,122,-0.008130081300813052,-0.016129032258064502,-0.02400000000000002,123.0,124.0,126.5,-0.008163310639160315,0.00010203594769527678,-5.0
2025-05-29,STOCK,121,-0.008196721311475419,-0.016260162601625994,-0.024193548387096753,122.0,123.0,125.5,-0.008230499136515412,0.00010369551494162706,-5.0
2025-05-30,STOCK,120,-0.008264462809917328,-0.016393442622950838,-0.024390243902439046,121.0,122.0,124.5,-0.008298802814695527,0.00010539590603066711,-5.0
2025-05-31,STOCK,119,-0.008333333333333304,-0.016528925619834656,-0.024590163934426257,120.0,121.0,123.5,-0.008368249670516192,0.00010713847113068032,-5.0
2025-06-01,STOCK,118,-0.008403361344537785,-0.01666666666666672,-0.024793388429752095,119.0,120.0,122.5,-0.008438868645864517,0.00010892461669900014,-5.0
2025-06-02,STOCK,117,-0.008474576271186418,-0.01680672268907568,-0.025000000000000022,118.0,119.0,121.5,-0.0085106896679088,0.0001107558083199989,-5.0
2025-06-03,STOCK,116,-0.008547008547008517,-0.016949152542372836,-0.025210084033613467,117.0,118.0,120.5,-0.00858374369139181,0.0001126335737163165,-5.0
2025-06-04,STOCK,115,-0.008620689655172376,-0.017094017094017144,-0.025423728813559365,116.0,117.0,119.5,-0.008658062743114314,0.00011455950593535531,-5.0
2025-06-05,STOCK,114,-0.008695652173912993,-0.017241379310344862,-0.02564102564102566,115.0,116.0,118.5,-0.008733679968754515,0.00011653526673136679,-5.0
2025-06-06,STOCK,113,-0.00877192982456143,-0.017391304347826098,-0.025862068965517238,114.0,115.0,117.5,-0.008810629682154847,0.00011856259015320259,-5.0
2025-06-07,STOCK,112,-0.008849557522123908,-0.01754385964912286,-0.02608695652173909,113.0,114.0,116.5,-0.008888947417246662,0.00012064328635133742,-5.0
2025-06-08,STOCK,111,-0.008928571428571397,-0.017699115044247815,-0.02631578947368418,112.0,113.0,115.5,-0.008968669982760247,0.00012277924562092778,-5.0
2025-06-09,STOCK,110,-0.009009009009009028,-0.017857142857142905,-0.026548672566371723,111.0,112.0,114.5,-0.009049835519917337,0.00012497244269981872,-5.0
2025-06-10,STOCK,109,-0.009090909090909038,-0.018018018018018056,-0.0267857142857143,110.0,111.0,113.5,-0.00913248356327312,0.00012722494133686086,-5.0
2025-06-11,STOCK,108,-0.00917431192660545,-0.018181818181818188,-0.027027027027026973,109.0,110.0,112.5,-0.009216655104923532,0.00012953889914804612,-5.0
2025-06-12,STOCK,107,-0.0092592592592593,-0.01834862385321101,-0.027272727272727226,108.0,109.0,111.5,-0.00930239266231414,0.00013191657279153457,-5.0
2025-06-13,STOCK,106,-0.009345794392523366,-0.01851851851851849,-0.02752293577981646,107.0,108.0,110.5,-0.00938974034983886,0.0001343603234696338,-5.0
2025-06-14,STOCK,105,-0.009433962264150941,-0.01869158878504673,-0.02777777777777779,106.0,107.0,109.5,-0.009478743954543845,0.00013687262280041916,-5.0
2025-06-15,STOCK,104,-0.00952380952380949,-0.018867924528301883,-0.028037383177570097,105.0,106.0,108.5,-0.009569451016150587,0.00013945605907083878,-5.0
2025-06-16,STOCK,103,-0.009615384615384581,-0.01904761904761909,-0.028301886792452824,104.0,105.0,107.5,-0.009661910911736626,0.00014211334390785564,-5.0
2025-06-17,STOCK,102,-0.009708737864077666,-0.019230769230769273,-0.02857142857142858,103.0,104.0,106.5,-0.009756174945365181,0.00014484731940369387,-5.0
2025-06-18,STOCK,101,-0.009803921568627416,-0.01941747572815533,-0.028846153846153855,102.0,103.0,105.5,-0.009852296443011,0.00014766096571773736,-5.0
2025-06-19,STOCK,100,-0.00990099009900991,-0.019607843137254943,-0.029126213592232997,101.0,102.0,104.5,-0.009950330853167877,0.00015055740921060805,-5.0
2025-06-20,STOCK,99,-0.010000000000000009,-0.01980198019801982,-0.02941176470588236,100.0,101.0,103.5,-0.010050335853502013,0.00015353993113351863,-5.0
2025-06-21,STOCK,98,-0.010101010101010055,-0.020000000000000018,-0.02970297029702973,99.0,100.0,102.5,-0.010152371464017484,0.00015661197693096591,-5.0
2025-06-22,STOCK,97,-0.010204081632653073,-0.02020202020202022,-0.030000000000000027,98.0,99.0,101.5,-0.010256500167189486,0.00015977716620387068,-5.0
2025-06-23,STOCK,96,-0.010309278350515427,-0.020408163265306145,-0.030303030303030276,97.0,98.0,100.5,-0.010362787035546717,0.00016303930337795432,-5.0
2025-06-24,STOCK,95,-0.01041666666666663,-0.020618556701030966,-0.030612244897959218,96.0,97.0,99.5,-0.010471299867295336,0.00016640238915203165,-5.0
2025-06-25,STOCK,94,-0.010526315789473717,-0.02083333333333337,-0.030927835051546393,95.0,96.0,98.5,-0.010582109330536937,0.00016987063277515934,-5.0
2025-06-26,STOCK,93,-0.010638297872340385,-0.021052631578947323,-0.03125,94.0,95.0,97.5,-0.010695289116747553,0.00017344846523079408,-5.0
2025-06-27,STOCK,92,-0.010752688172043001,-0.021276595744680882,-0.03157894736842104,93.0,94.0,96.5,-0.010810916104215806,0.0001771405534083138,-5.0
2025-06-28,STOCK,91,-0.010869565217391353,-0.021505376344086002,-0.03191489361702127,92.0,93.0,95.5,-0.010929070532190721,0.00018095181533512854,-5.0
2025-06-29,STOCK,90,-0.01098901098901095,-0.021739130434782594,-0.032258064516129004,91.0,92.0,94.5,-0.011049836186584727,0.0001848874365752832,-5.0
2025-06-30,STOCK,89,-0.011111111111111072,-0.02197802197802201,-0.03260869565217395,90.0,91.0,93.5,-0.01117330059812538,0.00018895288788965827,-5.0
2025-07-01,STOCK,88,-0.011235955056179803,-0.022222222222222254,-0.03296703296703296,89.0,90.0,92.5,-0.01129955525393278,0.00019315394426864984,-5.0
2025-07-02,STOCK,87,-0.011363636363636354,-0.022471910112359605,-0.033333333333333326,88.0,89.0,91.5,-0.011428695823623158,0.00019749670546899168,-5.0
2025-07-03,STOCK,86,-0.011494252873563204,-0.022727272727272707,-0.0337078651685393,87.0,88.0,90.5,-0.011560822401076365,0.00020198761817994386,-5.0
2025-07-04,STOCK,85,-0.011627906976744207,-0.02298850574712641,-0.03409090909090906,86.0,87.0,89.5,-0.011696039763190669,0.00020663349998048972,-5.0
2025-07-05,STOCK,84,-0.0117647058823529,-0.023255813953488413,-0.03448275862068961,85.0,86.0,88.5,-0.011834457647003305,0.00021144156524984824,-5.0
2025-07-06,STOCK,83,-0.011904761904761862,-0.02352941176470591,-0.03488372093023251,84.0,85.0,87.5,-0.011976191046715101,0.00021641945320812506,-5.0
2025-07-07,STOCK,82,-0.012048192771084376,-0.023809523809523836,-0.03529411764705881,83.0,84.0,86.5,-0.012121360532344916,0.00022157525830732898,-5.0
2025-07-08,STOCK,81,-0.012195121951219523,-0.02409638554216864,-0.0357142857142857,82.0,83.0,85.5,-0.012270092591814219,0.0002269175631787329,-5.0
2025-07-09,STOCK,80,-0.012345679012345734,-0.024390243902439046,-0.03614457831325302,81.0,82.0,84.5,-0.012422519998557924,0.00023245547440538432,-5.0
2025-07-10,STOCK,79,-0.012499999999999956,-0.024691358024691357,-0.03658536585365857,80.0,81.0,83.5,-0.012578782206859707,0.0002381986613872651,-5.0
2025-07-11,STOCK,78,-0.012658227848101222,-0.025000000000000022,-0.03703703703703709,79.0,80.0,82.5,-0.012739025777429802,0.0002441573986132911,-5.0
2025-07-12,STOCK,77,-0.012820512820512775,-0.025316455696202556,-0.03749999999999998,78.0,79.0,81.5,-0.012903404835907573,0.0002503426116858817,-5.0
2025-07-13,STOCK,76,-0.012987012987012991,-0.02564102564102566,-0.03797468354430378,77.0,78.0,80.5,-0.013072081567353067,0.00025676592748180143,-5.0
2025-07-14,STOCK,75,-0.013157894736842146,-0.025974025974025983,-0.038461538461538436,76.0,77.0,79.5,-0.013245226750020933,0.0002634397288822947,-5.0
2025-07-15,STOCK,74,-0.013333333333333308,-0.02631578947368418,-0.038961038961038974,75.0,76.0,78.5,-0.013423020332139934,0.00027037721455133365,-5.0
2025-07-16,STOCK,73,-0.013513513513513487,-0.026666666666666616,-0.03947368421052633,74.0,75.0,77.5,-0.013605652055779238,0.0002775924643092143,-5.0
2025-07-17,STOCK,72,-0.013698630136986356,-0.027027027027026973,-0.040000000000000036,73.0,74.0,76.5,-0.01379332213233564,0.0002851005106920761,-5.0
2025-07-18,STOCK,71,-0.01388888888888884,-0.0273972602739726,-0.04054054054054057,72.0,73.0,75.5,-0.013986241974739855,0.00029291741739751587,-5.0
2025-07-19,STOCK,70,-0.014084507042253502,-0.02777777777777779,-0.04109589041095896,71.0,72.0,74.5,-0.014184634991956102,0.00030106036536369174,-5.0
2025-07-20,STOCK,69,-0.014285714285714235,-0.028169014084507005,-0.04166666666666663,70.0,71.0,73.5,-0.014388737452099676,0.0003095477473575535,-5.0
2025-07-21,STOCK,68,-0.01449275362318836,-0.02857142857142858,-0.04225352112676062,69.0,70.0,72.5,-0.01459879942115272,0.0003183992720413652,-5.0
2025-07-22,STOCK,67,-0.014705882352941124,-0.02898550724637683,-0.042857142857142816,68.0,69.0,71.5,-0.014815085785141235,0.00032763607861658977,-5.0
2025-07-23,STOCK,66,-0.014925373134328401,-0.02941176470588236,-0.04347826086956519,67.0,68.0,70.5,-0.015037877364540542,0.000337280863300269,-5.0
2025-07-24,STOCK,65,-0.015151515151515138,-0.02985074626865669,-0.044117647058823484,66.0,67.0,69.5,-0.015267472130788384,0.0003473580190437397,-5.0
2025-07-25,STOCK,64,-0.01538461538461533,-0.030303030303030276,-0.04477611940298509,65.0,66.0,68.5,-0.015504186535965303,0.0003578937901056845,-5.0
2025-07-26,STOCK,63,-0.015625,-0.03076923076923077,-0.045454545454545414,64.0,65.0,67.5,-0.01574835696813892,0.0003689164433114727,-5.0
2025-07-27,STOCK,62,-0.015873015873015928,-0.03125,-0.0461538461538461,63.0,64.0,66.5,-0.016000341346440905,0.00038045645809378056,-5.0
2025-07-28,STOCK,61,-0.016129032258064502,-0.031746031746031744,-0.046875,62.0,63.0,65.5,-0.016260520871780315,0.0003925467377010449,-5.0
2025-07-29,STOCK,60,-0.016393442622950838,-0.032258064516129004,-0.04761904761904767,61.0,62.0,64.5,-0.01652930195121094,0.0004052228443192776,-5.0
2025-07-30,STOCK,59,-0.01666666666666672,-0.032786885245901676,-0.048387096774193505,60.0,61.0,63.5,-0.01680711831638071,0.00041852326124763064,-5.0
2025-07-31,STOCK,58,-0.016949152542372836,-0.033333333333333326,-0.049180327868852514,59.0,60.0,62.5,-0.01709443335930061,0.00043248968575173294,-5.0
2025-08-01,STOCK,57,-0.017241379310344862,-0.03389830508474578,-0.050000000000000044,58.0,59.0,61.5,-0.01739174271186883,0.00044716735676149664,-5.0
2025-08-02,STOCK,56,-0.01754385964912286,-0.03448275862068961,-0.05084745762711862,57.0,58.0,60.5,-0.01769957709940062,0.00046260542224509424,-5.0
2025-08-03,STOCK,55,-0.017857142857142905,-0.03508771929824561,-0.051724137931034475,56.0,57.0,59.5,-0.018018505502678472,0.0004788573518379649,-5.0
2025-08-04,STOCK,54,-0.018181818181818188,-0.0357142857142857,-0.052631578947368474,55.0,56.0,58.5,-0.018349138668196652,0.0004959814012210429,-5.0
2025-08-05,STOCK,53,-0.01851851851851849,-0.036363636363636376,-0.0535714285714286,54.0,55.0,57.5,-0.018692133012152556,0.0005140411358060258,-5.0
2025-08-06,STOCK,52,-0.018867924528301883,-0.03703703703703709,-0.054545454545454564,53.0,54.0,56.5,-0.019048194970694432,0.0005331060225395196,-5.0
2025-08-07,STOCK,51,-0.019230769230769273,-0.037735849056603765,-0.05555555555555558,52.0,53.0,55.5,-0.019418085857101808,0.0005532521001616382,-5.0
2025-08-08,STOCK,50,-0.019607843137254943,-0.038461538461538436,-0.05660377358490565,51.0,52.0,54.5,-0.019802627296179764,0.0005745627400298593,-5.0
2025-08-09,STOCK,49,-0.020000000000000018,-0.039215686274509776,-0.05769230769230771,50.0,51.0,53.5,-0.020202707317519497,0.0005971295117832414,-5.0
2025-08-10,STOCK,48,-0.020408163265306145,-0.040000000000000036,-0.05882352941176472,49.0,50.0,52.5,-0.020619287202735315,0.0006210531706955547,-5.0
2025-08-11,STOCK,47,-0.02083333333333337,-0.04081632653061229,-0.06000000000000005,48.0,49.0,51.5,-0.021053409197832718,0.0006464447866802914,-5.0
2025-08-12,STOCK,46,-0.021276595744680882,-0.04166666666666663,-0.061224489795918324,47.0,48.0,50.5,-0.02150620522096336,0.0006734270386696829,-5.0
2025-08-13,STOCK,45,-0.021739130434782594,-0.04255319148936165,-0.0625,46.0,47.0,49.5,-0.02197890671877545,0.0007021357026668504,-5.0
2025-08-14,STOCK,44,-0.022222222222222254,-0.04347826086956519,-0.06382978723404253,45.0,46.0,48.5,-0.022472855852058604,0.0007327213673274875,-5.0
2025-08-15,STOCK,43,-0.022727272727272707,-0.0444444444444444,-0.06521739130434778,44.0,45.0,47.5,-0.022989518224698635,0.0007653514177519102,-5.0
2025-08-16,STOCK,42,-0.023255813953488413,-0.045454545454545414,-0.06666666666666665,43.0,44.0,46.5,-0.023530497410193973,0.0008002123365354114,-5.0
2025-08-17,STOCK,41,-0.023809523809523836,-0.046511627906976716,-0.06818181818181823,42.0,43.0,45.5,-0.02409755157906046,0.0008375123814596938,-5.0
2025-08-18,STOCK,40,-0.024390243902439046,-0.04761904761904767,-0.06976744186046513,41.0,42.0,44.5,-0.0246926125903717,0.0008774847120302869,-5.0
2025-08-19,STOCK,39,-0.025000000000000022,-0.04878048780487809,-0.0714285714285714,40.0,41.0,43.5,-0.025317807984289953,0.0009203910530173929,-5.0
2025-08-20,STOCK,38,-0.02564102564102566,-0.050000000000000044,-0.07317073170731703,39.0,40.0,42.5,-0.02597548640326064,0.0009665260031603795,-5.0
2025-08-21,STOCK,37,-0.02631578947368418,-0.05128205128205132,-0.07499999999999996,38.0,39.0,41.5,-0.02666824708216131,0.0010162221223454302,-5.0
2025-08-22,STOCK,36,-0.027027027027026973,-0.052631578947368474,-0.07692307692307687,37.0,38.0,40.5,-0.027398974188114433,0.0010698559624143888,-5.0
2025-08-23,STOCK,35,-0.02777777777777779,-0.05405405405405406,-0.07894736842105265,36.0,37.0,39.5,-0.0281708769666964,0.0011278552472921157,-5.0
2025-08-24,STOCK,34,-0.02857142857142858,-0.05555555555555558,-0.08108108108108103,35.0,36.0,38.5,-0.02898753687325195,0.0011907074600244099,-5.0
2025-08-25,STOCK,33,-0.02941176470588236,-0.05714285714285716,-0.08333333333333337,34.0,35.0,37.5,-0.029852963149681333,0.0012589701612157988,-5.0
2025-08-26,STOCK,32,-0.030303030303030276,-0.05882352941176472,-0.08571428571428574,33.0,34.0,36.5,-0.030771658666753687,0.0013332834501434488,-5.0
2025-08-27,STOCK,31,-0.03125,-0.06060606060606055,-0.08823529411764708,32.0,33.0,35.5,-0.03174869831458027,0.0014143850932419265,-5.0
2025-08-28,STOCK,30,-0.032258064516129004,-0.0625,-0.09090909090909094,31.0,32.0,34.5,-0.03278982282299081,0.0015031289939462166,-5.0
2025-08-29,STOCK,29,-0.033333333333333326,-0.06451612903225812,-0.09375,30.0,31.0,33.5,-0.03390155167568132,0.0016005078759989693,-5.0
2025-08-30,STOCK,28,-0.03448275862068961,-0.06666666666666665,-0.09677419354838712,29.0,30.0,32.5,-0.03509131981127034,0.0017076813174258447,-5.0
2025-08-31,STOCK,27,-0.0357142857142857,-0.06896551724137934,-0.09999999999999998,28.0,29.0,31.5,-0.03636764417087468,0.0018260106302880653,-5.0
2025-09-01,STOCK,26,-0.03703703703703709,-0.0714285714285714,-0.10344827586206895,27.0,28.0,30.5,-0.03774032798284699,0.0019571025691506212,-5.0
2025-09-02,STOCK,25,-0.038461538461538436,-0.07407407407407407,-0.1071428571428571,26.0,27.0,29.5,-0.03922071315328157,0.002102864522841009,-5.0
2025-09-03,STOCK,24,-0.040000000000000036,-0.07692307692307687,-0.11111111111111116,25.0,26.0,28.5,-0.04082199452025481,0.002265574778893027,-5.0
2025-09-04,STOCK,23,-0.04166666666666663,-0.07999999999999996,-0.11538461538461542,24.0,25.0,27.5,-0.04255961441879608,0.0024479727663253422,-5.0
2025-09-05,STOCK,22,-0.04347826086956519,-0.08333333333333337,-0.12,23.0,24.0,26.5,-0.04445176257083361,0.0026533760589970787,-5.0
2025-09-06,STOCK,21,-0.045454545454545414,-0.08695652173913049,-0.125,22.0,23.0,25.5,-0.04652001563489305,0.0028858336334444683,-5.0
2025-09-07,STOCK,20,-0.04761904761904767,-0.09090909090909094,-0.13043478260869568,21.0,22.0,24.5,-0.04879016416943216,0.003150328850669402,-5.0
2025-09-08,STOCK,19,-0.050000000000000044,-0.09523809523809523,-0.13636363636363635,20.0,21.0,23.5,-0.05129329438755059,0.003453051552530461,-5.0
2025-09-09,STOCK,18,-0.052631578947368474,-0.09999999999999998,-0.1428571428571429,19.0,20.0,22.5,-0.054067221270275745,0.003801767634764535,-5.0
2025-09-10,STOCK,17,-0.05555555555555558,-0.10526315789473684,-0.15000000000000002,18.0,19.0,21.5,-0.05715841383994835,0.004206328308741677,-5.0
2025-09-11,STOCK,16,-0.05882352941176472,-0.11111111111111116,-0.1578947368421053,17.0,18.0,20.5,-0.06062462181643502,0.004679383090588433,-5.0
2025-09-12,STOCK,15,-0.0625,-0.11764705882352944,-0.16666666666666663,16.0,17.0,19.5,-0.06453852113757108,0.005237395743492991,-5.0
2025-09-13,STOCK,14,-0.06666666666666665,-0.125,-0.17647058823529416,15.0,16.0,18.5,-0.06899287148695166,0.005902120574274395,-5.0
2025-09-14,STOCK,13,-0.0714285714285714,-0.1333333333333333,-0.1875,14.0,15.0,17.5,-0.07410797215372167,0.006702795415609158,-5.0
2025-09-15,STOCK,12,-0.07692307692307687,-0.1428571428571429,-0.19999999999999996,13.0,14.0,16.5,-0.08004270767353638,0.007679481282336385,-5.0
2025-09-16,STOCK,11,-0.08333333333333337,-0.15384615384615385,-0.2142857142857143,12.0,13.0,15.5,-0.08701137698962969,0.008888294688220786,-5.0
2025-09-17,STOCK,10,-0.09090909090909094,-0.16666666666666663,-0.23076923076923073,11.0,12.0,14.5,-0.09531017980432477,0.010409877830624845,-5.0
2025-09-18,STOCK,9,-0.09999999999999998,-0.18181818181818177,-0.25,10.0,11.0,13.5,-0.10536051565782634,0.012363643787342083,-5.0
2025-09-19,STOCK,8,-0.11111111111111116,-0.19999999999999996,-0.2727272727272727,9.0,10.0,12.5,-0.11778303565638382,0.014932841849157556,-5.0
2025-09-20,STOCK,7,-0.125,-0.2222222222222222,-0.30000000000000004,8.0,9.0,11.5,-0.13353139262452252,0.0184111318494294,-5.0
2025-09-21,STOCK,6,-0.1428571428571429,-0.25,-0.33333333333333337,7.0,8.0,10.5,-0.15415067982725827,0.023295141961000014,-5.0
2025-09-22,STOCK,5,-0.16666666666666663,-0.2857142857142857,-0.375,6.0,7.0,9.5,-0.18232155679395468,0.030484807460836934,-5.0
2025-09-23,STOCK,4,-0.19999999999999996,-0.33333333333333337,-0.4285714285714286,5.0,6.0,8.5,-0.2231435513142097,0.04176882762970318,-5.0
2025-09-24,STOCK,3,-0.25,-0.4,-0.5,4.0,5.0,7.5,-0.2876820724517808,0.06120259302060339,-5.0
2025-09-25,STOCK,2,-0.33333333333333337,-0.5,-0.6,3.0,4.0,6.5,-0.4054651081081645,0.10009563466099108,-5.0
2025-09-26,STOCK,1,-0.5,-0.6666666666666667,-0.75,2.0,3.0,5.5,-0.6931471805599453,0.20528622583646897,-5.0
