date,tic,close,return_t-1,return_t-2,return_t-3,ma_3,ma_5,ma_10,log_return,volatility_5,momentum_5
2023-01-10,CASH,1000.0,0.0,0.0,0.0,1000.0,1000.0,1000.0,0.0,0.0,0.0
2023-01-11,CASH,1000.0,0.0,0.0,0.0,1000.0,1000.0,1000.0,0.0,0.0,0.0
2023-01-12,CASH,1000.0,0.0,0.0,0.0,1000.0,1000.0,1000.0,0.0,0.0,0.0
2023-01-13,CASH,1000.0,0.0,0.0,0.0,1000.0,1000.0,1000.0,0.0,0.0,0.0
2023-01-14,CASH,1000.0,0.0,0.0,0.0,1000.0,1000.0,1000.0,0.0,0.0,0.0
2023-01-15,CASH,1000.0,0.0,0.0,0.0,1000.0,1000.0,1000.0,0.0,0.0,0.0
2023-01-16,CASH,1000.0,0.0,0.0,0.0,1000.0,1000.0,1000.0,0.0,0.0,0.0
2023-01-17,CASH,1000.0,0.0,0.0,0.0,1000.0,1000.0,1000.0,0.0,0.0,0.0
2023-01-18,CASH,1000.0,0.0,0.0,0.0,1000.0,1000.0,1000.0,0.0,0.0,0.0
2023-01-19,CASH,1000.0,0.0,0.0,0.0,1000.0,1000.0,1000.0,0.0,0.0,0.0
2023-01-20,CASH,1000.0,0.0,0.0,0.0,1000.0,1000.0,1000.0,0.0,0.0,0.0
2023-01-21,CASH,1000.0,0.0,0.0,0.0,1000.0,1000.0,1000.0,0.0,0.0,0.0
2023-01-22,CASH,1000.0,0.0,0.0,0.0,1000.0,1000.0,1000.0,0.0,0.0,0.0
2023-01-23,CASH,1000.0,0.0,0.0,0.0,1000.0,1000.0,1000.0,0.0,0.0,0.0
2023-01-24,CASH,1000.0,0.0,0.0,0.0,1000.0,1000.0,1000.0,0.0,0.0,0.0
2023-01-25,CASH,1000.0,0.0,0.0,0.0,1000.0,1000.0,1000.0,0.0,0.0,0.0
2023-01-26,CASH,1000.0,0.0,0.0,0.0,1000.0,1000.0,1000.0,0.0,0.0,0.0
2023-01-27,CASH,1000.0,0.0,0.0,0.0,1000.0,1000.0,1000.0,0.0,0.0,0.0
2023-01-28,CASH,1000.0,0.0,0.0,0.0,1000.0,1000.0,1000.0,0.0,0.0,0.0
2023-01-29,CASH,1000.0,0.0,0.0,0.0,1000.0,1000.0,1000.0,0.0,0.0,0.0
2023-01-30,CASH,1000.0,0.0,0.0,0.0,1000.0,1000.0,1000.0,0.0,0.0,0.0
2023-01-31,CASH,1000.0,0.0,0.0,0.0,1000.0,1000.0,1000.0,0.0,0.0,0.0
2023-02-01,CASH,1000.0,0.0,0.0,0.0,1000.0,1000.0,1000.0,0.0,0.0,0.0
2023-02-02,CASH,1000.0,0.0,0.0,0.0,1000.0,1000.0,1000.0,0.0,0.0,0.0
2023-02-03,CASH,1000.0,0.0,0.0,0.0,1000.0,1000.0,1000.0,0.0,0.0,0.0
2023-02-04,CASH,1000.0,0.0,0.0,0.0,1000.0,1000.0,1000.0,0.0,0.0,0.0
2023-02-05,CASH,1000.0,0.0,0.0,0.0,1000.0,1000.0,1000.0,0.0,0.0,0.0
2023-02-06,CASH,1000.0,0.0,0.0,0.0,1000.0,1000.0,1000.0,0.0,0.0,0.0
2023-02-07,CASH,1000.0,0.0,0.0,0.0,1000.0,1000.0,1000.0,0.0,0.0,0.0
2023-02-08,CASH,1000.0,0.0,0.0,0.0,1000.0,1000.0,1000.0,0.0,0.0,0.0
2023-02-09,CASH,1000.0,0.0,0.0,0.0,1000.0,1000.0,1000.0,0.0,0.0,0.0
2023-02-10,CASH,1000.0,0.0,0.0,0.0,1000.0,1000.0,1000.0,0.0,0.0,0.0
2023-02-11,CASH,1000.0,0.0,0.0,0.0,1000.0,1000.0,1000.0,0.0,0.0,0.0
2023-02-12,CASH,1000.0,0.0,0.0,0.0,1000.0,1000.0,1000.0,0.0,0.0,0.0
2023-02-13,CASH,1000.0,0.0,0.0,0.0,1000.0,1000.0,1000.0,0.0,0.0,0.0
2023-02-14,CASH,1000.0,0.0,0.0,0.0,1000.0,1000.0,1000.0,0.0,0.0,0.0
2023-02-15,CASH,1000.0,0.0,0.0,0.0,1000.0,1000.0,1000.0,0.0,0.0,0.0
2023-02-16,CASH,1000.0,0.0,0.0,0.0,1000.0,1000.0,1000.0,0.0,0.0,0.0
2023-02-17,CASH,1000.0,0.0,0.0,0.0,1000.0,1000.0,1000.0,0.0,0.0,0.0
2023-02-18,CASH,1000.0,0.0,0.0,0.0,1000.0,1000.0,1000.0,0.0,0.0,0.0
2023-02-19,CASH,1000.0,0.0,0.0,0.0,1000.0,1000.0,1000.0,0.0,0.0,0.0
2023-02-20,CASH,1000.0,0.0,0.0,0.0,1000.0,1000.0,1000.0,0.0,0.0,0.0
2023-02-21,CASH,1000.0,0.0,0.0,0.0,1000.0,1000.0,1000.0,0.0,0.0,0.0
2023-02-22,CASH,1000.0,0.0,0.0,0.0,1000.0,1000.0,1000.0,0.0,0.0,0.0
2023-02-23,CASH,1000.0,0.0,0.0,0.0,1000.0,1000.0,1000.0,0.0,0.0,0.0
2023-02-24,CASH,1000.0,0.0,0.0,0.0,1000.0,1000.0,1000.0,0.0,0.0,0.0
2023-02-25,CASH,1000.0,0.0,0.0,0.0,1000.0,1000.0,1000.0,0.0,0.0,0.0
2023-02-26,CASH,1000.0,0.0,0.0,0.0,1000.0,1000.0,1000.0,0.0,0.0,0.0
2023-02-27,CASH,1000.0,0.0,0.0,0.0,1000.0,1000.0,1000.0,0.0,0.0,0.0
2023-02-28,CASH,1000.0,0.0,0.0,0.0,1000.0,1000.0,1000.0,0.0,0.0,0.0
2023-03-01,CASH,1000.0,0.0,0.0,0.0,1000.0,1000.0,1000.0,0.0,0.0,0.0
2023-03-02,CASH,1000.0,0.0,0.0,0.0,1000.0,1000.0,1000.0,0.0,0.0,0.0
2023-03-03,CASH,1000.0,0.0,0.0,0.0,1000.0,1000.0,1000.0,0.0,0.0,0.0
2023-03-04,CASH,1000.0,0.0,0.0,0.0,1000.0,1000.0,1000.0,0.0,0.0,0.0
2023-03-05,CASH,1000.0,0.0,0.0,0.0,1000.0,1000.0,1000.0,0.0,0.0,0.0
2023-03-06,CASH,1000.0,0.0,0.0,0.0,1000.0,1000.0,1000.0,0.0,0.0,0.0
2023-03-07,CASH,1000.0,0.0,0.0,0.0,1000.0,1000.0,1000.0,0.0,0.0,0.0
2023-03-08,CASH,1000.0,0.0,0.0,0.0,1000.0,1000.0,1000.0,0.0,0.0,0.0
2023-03-09,CASH,1000.0,0.0,0.0,0.0,1000.0,1000.0,1000.0,0.0,0.0,0.0
2023-03-10,CASH,1000.0,0.0,0.0,0.0,1000.0,1000.0,1000.0,0.0,0.0,0.0
2023-03-11,CASH,1000.0,0.0,0.0,0.0,1000.0,1000.0,1000.0,0.0,0.0,0.0
2023-03-12,CASH,1000.0,0.0,0.0,0.0,1000.0,1000.0,1000.0,0.0,0.0,0.0
2023-03-13,CASH,1000.0,0.0,0.0,0.0,1000.0,1000.0,1000.0,0.0,0.0,0.0
2023-03-14,CASH,1000.0,0.0,0.0,0.0,1000.0,1000.0,1000.0,0.0,0.0,0.0
2023-03-15,CASH,1000.0,0.0,0.0,0.0,1000.0,1000.0,1000.0,0.0,0.0,0.0
2023-03-16,CASH,1000.0,0.0,0.0,0.0,1000.0,1000.0,1000.0,0.0,0.0,0.0
2023-03-17,CASH,1000.0,0.0,0.0,0.0,1000.0,1000.0,1000.0,0.0,0.0,0.0
2023-03-18,CASH,1000.0,0.0,0.0,0.0,1000.0,1000.0,1000.0,0.0,0.0,0.0
2023-03-19,CASH,1000.0,0.0,0.0,0.0,1000.0,1000.0,1000.0,0.0,0.0,0.0
2023-03-20,CASH,1000.0,0.0,0.0,0.0,1000.0,1000.0,1000.0,0.0,0.0,0.0
2023-03-21,CASH,1000.0,0.0,0.0,0.0,1000.0,1000.0,1000.0,0.0,0.0,0.0
2023-03-22,CASH,1000.0,0.0,0.0,0.0,1000.0,1000.0,1000.0,0.0,0.0,0.0
2023-03-23,CASH,1000.0,0.0,0.0,0.0,1000.0,1000.0,1000.0,0.0,0.0,0.0
2023-03-24,CASH,1000.0,0.0,0.0,0.0,1000.0,1000.0,1000.0,0.0,0.0,0.0
2023-03-25,CASH,1000.0,0.0,0.0,0.0,1000.0,1000.0,1000.0,0.0,0.0,0.0
2023-03-26,CASH,1000.0,0.0,0.0,0.0,1000.0,1000.0,1000.0,0.0,0.0,0.0
2023-03-27,CASH,1000.0,0.0,0.0,0.0,1000.0,1000.0,1000.0,0.0,0.0,0.0
2023-03-28,CASH,1000.0,0.0,0.0,0.0,1000.0,1000.0,1000.0,0.0,0.0,0.0
2023-03-29,CASH,1000.0,0.0,0.0,0.0,1000.0,1000.0,1000.0,0.0,0.0,0.0
2023-03-30,CASH,1000.0,0.0,0.0,0.0,1000.0,1000.0,1000.0,0.0,0.0,0.0
2023-03-31,CASH,1000.0,0.0,0.0,0.0,1000.0,1000.0,1000.0,0.0,0.0,0.0
2023-04-01,CASH,1000.0,0.0,0.0,0.0,1000.0,1000.0,1000.0,0.0,0.0,0.0
2023-04-02,CASH,1000.0,0.0,0.0,0.0,1000.0,1000.0,1000.0,0.0,0.0,0.0
2023-04-03,CASH,1000.0,0.0,0.0,0.0,1000.0,1000.0,1000.0,0.0,0.0,0.0
2023-04-04,CASH,1000.0,0.0,0.0,0.0,1000.0,1000.0,1000.0,0.0,0.0,0.0
2023-04-05,CASH,1000.0,0.0,0.0,0.0,1000.0,1000.0,1000.0,0.0,0.0,0.0
2023-04-06,CASH,1000.0,0.0,0.0,0.0,1000.0,1000.0,1000.0,0.0,0.0,0.0
2023-04-07,CASH,1000.0,0.0,0.0,0.0,1000.0,1000.0,1000.0,0.0,0.0,0.0
2023-04-08,CASH,1000.0,0.0,0.0,0.0,1000.0,1000.0,1000.0,0.0,0.0,0.0
2023-04-09,CASH,1000.0,0.0,0.0,0.0,1000.0,1000.0,1000.0,0.0,0.0,0.0
2023-04-10,CASH,1000.0,0.0,0.0,0.0,1000.0,1000.0,1000.0,0.0,0.0,0.0
2023-04-11,CASH,1000.0,0.0,0.0,0.0,1000.0,1000.0,1000.0,0.0,0.0,0.0
2023-04-12,CASH,1000.0,0.0,0.0,0.0,1000.0,1000.0,1000.0,0.0,0.0,0.0
2023-04-13,CASH,1000.0,0.0,0.0,0.0,1000.0,1000.0,1000.0,0.0,0.0,0.0
2023-04-14,CASH,1000.0,0.0,0.0,0.0,1000.0,1000.0,1000.0,0.0,0.0,0.0
2023-04-15,CASH,1000.0,0.0,0.0,0.0,1000.0,1000.0,1000.0,0.0,0.0,0.0
2023-04-16,CASH,1000.0,0.0,0.0,0.0,1000.0,1000.0,1000.0,0.0,0.0,0.0
2023-04-17,CASH,1000.0,0.0,0.0,0.0,1000.0,1000.0,1000.0,0.0,0.0,0.0
2023-04-18,CASH,1000.0,0.0,0.0,0.0,1000.0,1000.0,1000.0,0.0,0.0,0.0
2023-04-19,CASH,1000.0,0.0,0.0,0.0,1000.0,1000.0,1000.0,0.0,0.0,0.0
2023-04-20,CASH,1000.0,0.0,0.0,0.0,1000.0,1000.0,1000.0,0.0,0.0,0.0
2023-04-21,CASH,1000.0,0.0,0.0,0.0,1000.0,1000.0,1000.0,0.0,0.0,0.0
2023-04-22,CASH,1000.0,0.0,0.0,0.0,1000.0,1000.0,1000.0,0.0,0.0,0.0
2023-04-23,CASH,1000.0,0.0,0.0,0.0,1000.0,1000.0,1000.0,0.0,0.0,0.0
2023-04-24,CASH,1000.0,0.0,0.0,0.0,1000.0,1000.0,1000.0,0.0,0.0,0.0
2023-04-25,CASH,1000.0,0.0,0.0,0.0,1000.0,1000.0,1000.0,0.0,0.0,0.0
2023-04-26,CASH,1000.0,0.0,0.0,0.0,1000.0,1000.0,1000.0,0.0,0.0,0.0
2023-04-27,CASH,1000.0,0.0,0.0,0.0,1000.0,1000.0,1000.0,0.0,0.0,0.0
2023-04-28,CASH,1000.0,0.0,0.0,0.0,1000.0,1000.0,1000.0,0.0,0.0,0.0
2023-04-29,CASH,1000.0,0.0,0.0,0.0,1000.0,1000.0,1000.0,0.0,0.0,0.0
2023-04-30,CASH,1000.0,0.0,0.0,0.0,1000.0,1000.0,1000.0,0.0,0.0,0.0
2023-05-01,CASH,1000.0,0.0,0.0,0.0,1000.0,1000.0,1000.0,0.0,0.0,0.0
2023-05-02,CASH,1000.0,0.0,0.0,0.0,1000.0,1000.0,1000.0,0.0,0.0,0.0
2023-05-03,CASH,1000.0,0.0,0.0,0.0,1000.0,1000.0,1000.0,0.0,0.0,0.0
2023-05-04,CASH,1000.0,0.0,0.0,0.0,1000.0,1000.0,1000.0,0.0,0.0,0.0
2023-05-05,CASH,1000.0,0.0,0.0,0.0,1000.0,1000.0,1000.0,0.0,0.0,0.0
2023-05-06,CASH,1000.0,0.0,0.0,0.0,1000.0,1000.0,1000.0,0.0,0.0,0.0
2023-05-07,CASH,1000.0,0.0,0.0,0.0,1000.0,1000.0,1000.0,0.0,0.0,0.0
2023-05-08,CASH,1000.0,0.0,0.0,0.0,1000.0,1000.0,1000.0,0.0,0.0,0.0
2023-05-09,CASH,1000.0,0.0,0.0,0.0,1000.0,1000.0,1000.0,0.0,0.0,0.0
2023-05-10,CASH,1000.0,0.0,0.0,0.0,1000.0,1000.0,1000.0,0.0,0.0,0.0
2023-05-11,CASH,1000.0,0.0,0.0,0.0,1000.0,1000.0,1000.0,0.0,0.0,0.0
2023-05-12,CASH,1000.0,0.0,0.0,0.0,1000.0,1000.0,1000.0,0.0,0.0,0.0
2023-05-13,CASH,1000.0,0.0,0.0,0.0,1000.0,1000.0,1000.0,0.0,0.0,0.0
2023-05-14,CASH,1000.0,0.0,0.0,0.0,1000.0,1000.0,1000.0,0.0,0.0,0.0
2023-05-15,CASH,1000.0,0.0,0.0,0.0,1000.0,1000.0,1000.0,0.0,0.0,0.0
2023-05-16,CASH,1000.0,0.0,0.0,0.0,1000.0,1000.0,1000.0,0.0,0.0,0.0
2023-05-17,CASH,1000.0,0.0,0.0,0.0,1000.0,1000.0,1000.0,0.0,0.0,0.0
2023-05-18,CASH,1000.0,0.0,0.0,0.0,1000.0,1000.0,1000.0,0.0,0.0,0.0
2023-05-19,CASH,1000.0,0.0,0.0,0.0,1000.0,1000.0,1000.0,0.0,0.0,0.0
2023-05-20,CASH,1000.0,0.0,0.0,0.0,1000.0,1000.0,1000.0,0.0,0.0,0.0
2023-05-21,CASH,1000.0,0.0,0.0,0.0,1000.0,1000.0,1000.0,0.0,0.0,0.0
2023-05-22,CASH,1000.0,0.0,0.0,0.0,1000.0,1000.0,1000.0,0.0,0.0,0.0
2023-05-23,CASH,1000.0,0.0,0.0,0.0,1000.0,1000.0,1000.0,0.0,0.0,0.0
2023-05-24,CASH,1000.0,0.0,0.0,0.0,1000.0,1000.0,1000.0,0.0,0.0,0.0
2023-05-25,CASH,1000.0,0.0,0.0,0.0,1000.0,1000.0,1000.0,0.0,0.0,0.0
2023-05-26,CASH,1000.0,0.0,0.0,0.0,1000.0,1000.0,1000.0,0.0,0.0,0.0
2023-05-27,CASH,1000.0,0.0,0.0,0.0,1000.0,1000.0,1000.0,0.0,0.0,0.0
2023-05-28,CASH,1000.0,0.0,0.0,0.0,1000.0,1000.0,1000.0,0.0,0.0,0.0
2023-05-29,CASH,1000.0,0.0,0.0,0.0,1000.0,1000.0,1000.0,0.0,0.0,0.0
2023-05-30,CASH,1000.0,0.0,0.0,0.0,1000.0,1000.0,1000.0,0.0,0.0,0.0
2023-05-31,CASH,1000.0,0.0,0.0,0.0,1000.0,1000.0,1000.0,0.0,0.0,0.0
2023-06-01,CASH,1000.0,0.0,0.0,0.0,1000.0,1000.0,1000.0,0.0,0.0,0.0
2023-06-02,CASH,1000.0,0.0,0.0,0.0,1000.0,1000.0,1000.0,0.0,0.0,0.0
2023-06-03,CASH,1000.0,0.0,0.0,0.0,1000.0,1000.0,1000.0,0.0,0.0,0.0
2023-06-04,CASH,1000.0,0.0,0.0,0.0,1000.0,1000.0,1000.0,0.0,0.0,0.0
2023-06-05,CASH,1000.0,0.0,0.0,0.0,1000.0,1000.0,1000.0,0.0,0.0,0.0
2023-06-06,CASH,1000.0,0.0,0.0,0.0,1000.0,1000.0,1000.0,0.0,0.0,0.0
2023-06-07,CASH,1000.0,0.0,0.0,0.0,1000.0,1000.0,1000.0,0.0,0.0,0.0
2023-06-08,CASH,1000.0,0.0,0.0,0.0,1000.0,1000.0,1000.0,0.0,0.0,0.0
2023-06-09,CASH,1000.0,0.0,0.0,0.0,1000.0,1000.0,1000.0,0.0,0.0,0.0
2023-06-10,CASH,1000.0,0.0,0.0,0.0,1000.0,1000.0,1000.0,0.0,0.0,0.0
2023-06-11,CASH,1000.0,0.0,0.0,0.0,1000.0,1000.0,1000.0,0.0,0.0,0.0
2023-06-12,CASH,1000.0,0.0,0.0,0.0,1000.0,1000.0,1000.0,0.0,0.0,0.0
2023-06-13,CASH,1000.0,0.0,0.0,0.0,1000.0,1000.0,1000.0,0.0,0.0,0.0
2023-06-14,CASH,1000.0,0.0,0.0,0.0,1000.0,1000.0,1000.0,0.0,0.0,0.0
2023-06-15,CASH,1000.0,0.0,0.0,0.0,1000.0,1000.0,1000.0,0.0,0.0,0.0
2023-06-16,CASH,1000.0,0.0,0.0,0.0,1000.0,1000.0,1000.0,0.0,0.0,0.0
2023-06-17,CASH,1000.0,0.0,0.0,0.0,1000.0,1000.0,1000.0,0.0,0.0,0.0
2023-06-18,CASH,1000.0,0.0,0.0,0.0,1000.0,1000.0,1000.0,0.0,0.0,0.0
2023-06-19,CASH,1000.0,0.0,0.0,0.0,1000.0,1000.0,1000.0,0.0,0.0,0.0
2023-06-20,CASH,1000.0,0.0,0.0,0.0,1000.0,1000.0,1000.0,0.0,0.0,0.0
2023-06-21,CASH,1000.0,0.0,0.0,0.0,1000.0,1000.0,1000.0,0.0,0.0,0.0
2023-06-22,CASH,1000.0,0.0,0.0,0.0,1000.0,1000.0,1000.0,0.0,0.0,0.0
2023-06-23,CASH,1000.0,0.0,0.0,0.0,1000.0,1000.0,1000.0,0.0,0.0,0.0
2023-06-24,CASH,1000.0,0.0,0.0,0.0,1000.0,1000.0,1000.0,0.0,0.0,0.0
2023-06-25,CASH,1000.0,0.0,0.0,0.0,1000.0,1000.0,1000.0,0.0,0.0,0.0
2023-06-26,CASH,1000.0,0.0,0.0,0.0,1000.0,1000.0,1000.0,0.0,0.0,0.0
2023-06-27,CASH,1000.0,0.0,0.0,0.0,1000.0,1000.0,1000.0,0.0,0.0,0.0
2023-06-28,CASH,1000.0,0.0,0.0,0.0,1000.0,1000.0,1000.0,0.0,0.0,0.0
2023-06-29,CASH,1000.0,0.0,0.0,0.0,1000.0,1000.0,1000.0,0.0,0.0,0.0
2023-06-30,CASH,1000.0,0.0,0.0,0.0,1000.0,1000.0,1000.0,0.0,0.0,0.0
2023-07-01,CASH,1000.0,0.0,0.0,0.0,1000.0,1000.0,1000.0,0.0,0.0,0.0
2023-07-02,CASH,1000.0,0.0,0.0,0.0,1000.0,1000.0,1000.0,0.0,0.0,0.0
2023-07-03,CASH,1000.0,0.0,0.0,0.0,1000.0,1000.0,1000.0,0.0,0.0,0.0
2023-07-04,CASH,1000.0,0.0,0.0,0.0,1000.0,1000.0,1000.0,0.0,0.0,0.0
2023-07-05,CASH,1000.0,0.0,0.0,0.0,1000.0,1000.0,1000.0,0.0,0.0,0.0
2023-07-06,CASH,1000.0,0.0,0.0,0.0,1000.0,1000.0,1000.0,0.0,0.0,0.0
2023-07-07,CASH,1000.0,0.0,0.0,0.0,1000.0,1000.0,1000.0,0.0,0.0,0.0
2023-07-08,CASH,1000.0,0.0,0.0,0.0,1000.0,1000.0,1000.0,0.0,0.0,0.0
2023-07-09,CASH,1000.0,0.0,0.0,0.0,1000.0,1000.0,1000.0,0.0,0.0,0.0
2023-07-10,CASH,1000.0,0.0,0.0,0.0,1000.0,1000.0,1000.0,0.0,0.0,0.0
2023-07-11,CASH,1000.0,0.0,0.0,0.0,1000.0,1000.0,1000.0,0.0,0.0,0.0
2023-07-12,CASH,1000.0,0.0,0.0,0.0,1000.0,1000.0,1000.0,0.0,0.0,0.0
2023-07-13,CASH,1000.0,0.0,0.0,0.0,1000.0,1000.0,1000.0,0.0,0.0,0.0
2023-07-14,CASH,1000.0,0.0,0.0,0.0,1000.0,1000.0,1000.0,0.0,0.0,0.0
2023-07-15,CASH,1000.0,0.0,0.0,0.0,1000.0,1000.0,1000.0,0.0,0.0,0.0
2023-07-16,CASH,1000.0,0.0,0.0,0.0,1000.0,1000.0,1000.0,0.0,0.0,0.0
2023-07-17,CASH,1000.0,0.0,0.0,0.0,1000.0,1000.0,1000.0,0.0,0.0,0.0
2023-07-18,CASH,1000.0,0.0,0.0,0.0,1000.0,1000.0,1000.0,0.0,0.0,0.0
2023-07-19,CASH,1000.0,0.0,0.0,0.0,1000.0,1000.0,1000.0,0.0,0.0,0.0
2023-07-20,CASH,1000.0,0.0,0.0,0.0,1000.0,1000.0,1000.0,0.0,0.0,0.0
2023-07-21,CASH,1000.0,0.0,0.0,0.0,1000.0,1000.0,1000.0,0.0,0.0,0.0
2023-07-22,CASH,1000.0,0.0,0.0,0.0,1000.0,1000.0,1000.0,0.0,0.0,0.0
2023-07-23,CASH,1000.0,0.0,0.0,0.0,1000.0,1000.0,1000.0,0.0,0.0,0.0
2023-07-24,CASH,1000.0,0.0,0.0,0.0,1000.0,1000.0,1000.0,0.0,0.0,0.0
2023-07-25,CASH,1000.0,0.0,0.0,0.0,1000.0,1000.0,1000.0,0.0,0.0,0.0
2023-07-26,CASH,1000.0,0.0,0.0,0.0,1000.0,1000.0,1000.0,0.0,0.0,0.0
2023-07-27,CASH,1000.0,0.0,0.0,0.0,1000.0,1000.0,1000.0,0.0,0.0,0.0
2023-07-28,CASH,1000.0,0.0,0.0,0.0,1000.0,1000.0,1000.0,0.0,0.0,0.0
2023-07-29,CASH,1000.0,0.0,0.0,0.0,1000.0,1000.0,1000.0,0.0,0.0,0.0
2023-07-30,CASH,1000.0,0.0,0.0,0.0,1000.0,1000.0,1000.0,0.0,0.0,0.0
2023-07-31,CASH,1000.0,0.0,0.0,0.0,1000.0,1000.0,1000.0,0.0,0.0,0.0
2023-08-01,CASH,1000.0,0.0,0.0,0.0,1000.0,1000.0,1000.0,0.0,0.0,0.0
2023-08-02,CASH,1000.0,0.0,0.0,0.0,1000.0,1000.0,1000.0,0.0,0.0,0.0
2023-08-03,CASH,1000.0,0.0,0.0,0.0,1000.0,1000.0,1000.0,0.0,0.0,0.0
2023-08-04,CASH,1000.0,0.0,0.0,0.0,1000.0,1000.0,1000.0,0.0,0.0,0.0
2023-08-05,CASH,1000.0,0.0,0.0,0.0,1000.0,1000.0,1000.0,0.0,0.0,0.0
2023-08-06,CASH,1000.0,0.0,0.0,0.0,1000.0,1000.0,1000.0,0.0,0.0,0.0
2023-08-07,CASH,1000.0,0.0,0.0,0.0,1000.0,1000.0,1000.0,0.0,0.0,0.0
2023-08-08,CASH,1000.0,0.0,0.0,0.0,1000.0,1000.0,1000.0,0.0,0.0,0.0
2023-08-09,CASH,1000.0,0.0,0.0,0.0,1000.0,1000.0,1000.0,0.0,0.0,0.0
2023-08-10,CASH,1000.0,0.0,0.0,0.0,1000.0,1000.0,1000.0,0.0,0.0,0.0
2023-08-11,CASH,1000.0,0.0,0.0,0.0,1000.0,1000.0,1000.0,0.0,0.0,0.0
2023-08-12,CASH,1000.0,0.0,0.0,0.0,1000.0,1000.0,1000.0,0.0,0.0,0.0
2023-08-13,CASH,1000.0,0.0,0.0,0.0,1000.0,1000.0,1000.0,0.0,0.0,0.0
2023-08-14,CASH,1000.0,0.0,0.0,0.0,1000.0,1000.0,1000.0,0.0,0.0,0.0
2023-08-15,CASH,1000.0,0.0,0.0,0.0,1000.0,1000.0,1000.0,0.0,0.0,0.0
2023-08-16,CASH,1000.0,0.0,0.0,0.0,1000.0,1000.0,1000.0,0.0,0.0,0.0
2023-08-17,CASH,1000.0,0.0,0.0,0.0,1000.0,1000.0,1000.0,0.0,0.0,0.0
2023-08-18,CASH,1000.0,0.0,0.0,0.0,1000.0,1000.0,1000.0,0.0,0.0,0.0
2023-08-19,CASH,1000.0,0.0,0.0,0.0,1000.0,1000.0,1000.0,0.0,0.0,0.0
2023-08-20,CASH,1000.0,0.0,0.0,0.0,1000.0,1000.0,1000.0,0.0,0.0,0.0
2023-08-21,CASH,1000.0,0.0,0.0,0.0,1000.0,1000.0,1000.0,0.0,0.0,0.0
2023-08-22,CASH,1000.0,0.0,0.0,0.0,1000.0,1000.0,1000.0,0.0,0.0,0.0
2023-08-23,CASH,1000.0,0.0,0.0,0.0,1000.0,1000.0,1000.0,0.0,0.0,0.0
2023-08-24,CASH,1000.0,0.0,0.0,0.0,1000.0,1000.0,1000.0,0.0,0.0,0.0
2023-08-25,CASH,1000.0,0.0,0.0,0.0,1000.0,1000.0,1000.0,0.0,0.0,0.0
2023-08-26,CASH,1000.0,0.0,0.0,0.0,1000.0,1000.0,1000.0,0.0,0.0,0.0
2023-08-27,CASH,1000.0,0.0,0.0,0.0,1000.0,1000.0,1000.0,0.0,0.0,0.0
2023-08-28,CASH,1000.0,0.0,0.0,0.0,1000.0,1000.0,1000.0,0.0,0.0,0.0
2023-08-29,CASH,1000.0,0.0,0.0,0.0,1000.0,1000.0,1000.0,0.0,0.0,0.0
2023-08-30,CASH,1000.0,0.0,0.0,0.0,1000.0,1000.0,1000.0,0.0,0.0,0.0
2023-08-31,CASH,1000.0,0.0,0.0,0.0,1000.0,1000.0,1000.0,0.0,0.0,0.0
2023-09-01,CASH,1000.0,0.0,0.0,0.0,1000.0,1000.0,1000.0,0.0,0.0,0.0
2023-09-02,CASH,1000.0,0.0,0.0,0.0,1000.0,1000.0,1000.0,0.0,0.0,0.0
2023-09-03,CASH,1000.0,0.0,0.0,0.0,1000.0,1000.0,1000.0,0.0,0.0,0.0
2023-09-04,CASH,1000.0,0.0,0.0,0.0,1000.0,1000.0,1000.0,0.0,0.0,0.0
2023-09-05,CASH,1000.0,0.0,0.0,0.0,1000.0,1000.0,1000.0,0.0,0.0,0.0
2023-09-06,CASH,1000.0,0.0,0.0,0.0,1000.0,1000.0,1000.0,0.0,0.0,0.0
2023-09-07,CASH,1000.0,0.0,0.0,0.0,1000.0,1000.0,1000.0,0.0,0.0,0.0
2023-09-08,CASH,1000.0,0.0,0.0,0.0,1000.0,1000.0,1000.0,0.0,0.0,0.0
2023-09-09,CASH,1000.0,0.0,0.0,0.0,1000.0,1000.0,1000.0,0.0,0.0,0.0
2023-09-10,CASH,1000.0,0.0,0.0,0.0,1000.0,1000.0,1000.0,0.0,0.0,0.0
2023-09-11,CASH,1000.0,0.0,0.0,0.0,1000.0,1000.0,1000.0,0.0,0.0,0.0
2023-09-12,CASH,1000.0,0.0,0.0,0.0,1000.0,1000.0,1000.0,0.0,0.0,0.0
2023-09-13,CASH,1000.0,0.0,0.0,0.0,1000.0,1000.0,1000.0,0.0,0.0,0.0
2023-09-14,CASH,1000.0,0.0,0.0,0.0,1000.0,1000.0,1000.0,0.0,0.0,0.0
2023-09-15,CASH,1000.0,0.0,0.0,0.0,1000.0,1000.0,1000.0,0.0,0.0,0.0
2023-09-16,CASH,1000.0,0.0,0.0,0.0,1000.0,1000.0,1000.0,0.0,0.0,0.0
2023-09-17,CASH,1000.0,0.0,0.0,0.0,1000.0,1000.0,1000.0,0.0,0.0,0.0
2023-09-18,CASH,1000.0,0.0,0.0,0.0,1000.0,1000.0,1000.0,0.0,0.0,0.0
2023-09-19,CASH,1000.0,0.0,0.0,0.0,1000.0,1000.0,1000.0,0.0,0.0,0.0
2023-09-20,CASH,1000.0,0.0,0.0,0.0,1000.0,1000.0,1000.0,0.0,0.0,0.0
2023-09-21,CASH,1000.0,0.0,0.0,0.0,1000.0,1000.0,1000.0,0.0,0.0,0.0
2023-09-22,CASH,1000.0,0.0,0.0,0.0,1000.0,1000.0,1000.0,0.0,0.0,0.0
2023-09-23,CASH,1000.0,0.0,0.0,0.0,1000.0,1000.0,1000.0,0.0,0.0,0.0
2023-09-24,CASH,1000.0,0.0,0.0,0.0,1000.0,1000.0,1000.0,0.0,0.0,0.0
2023-09-25,CASH,1000.0,0.0,0.0,0.0,1000.0,1000.0,1000.0,0.0,0.0,0.0
2023-09-26,CASH,1000.0,0.0,0.0,0.0,1000.0,1000.0,1000.0,0.0,0.0,0.0
2023-09-27,CASH,1000.0,0.0,0.0,0.0,1000.0,1000.0,1000.0,0.0,0.0,0.0
2023-09-28,CASH,1000.0,0.0,0.0,0.0,1000.0,1000.0,1000.0,0.0,0.0,0.0
2023-09-29,CASH,1000.0,0.0,0.0,0.0,1000.0,1000.0,1000.0,0.0,0.0,0.0
2023-09-30,CASH,1000.0,0.0,0.0,0.0,1000.0,1000.0,1000.0,0.0,0.0,0.0
2023-10-01,CASH,1000.0,0.0,0.0,0.0,1000.0,1000.0,1000.0,0.0,0.0,0.0
2023-10-02,CASH,1000.0,0.0,0.0,0.0,1000.0,1000.0,1000.0,0.0,0.0,0.0
2023-10-03,CASH,1000.0,0.0,0.0,0.0,1000.0,1000.0,1000.0,0.0,0.0,0.0
2023-10-04,CASH,1000.0,0.0,0.0,0.0,1000.0,1000.0,1000.0,0.0,0.0,0.0
2023-10-05,CASH,1000.0,0.0,0.0,0.0,1000.0,1000.0,1000.0,0.0,0.0,0.0
2023-10-06,CASH,1000.0,0.0,0.0,0.0,1000.0,1000.0,1000.0,0.0,0.0,0.0
2023-10-07,CASH,1000.0,0.0,0.0,0.0,1000.0,1000.0,1000.0,0.0,0.0,0.0
2023-10-08,CASH,1000.0,0.0,0.0,0.0,1000.0,1000.0,1000.0,0.0,0.0,0.0
2023-10-09,CASH,1000.0,0.0,0.0,0.0,1000.0,1000.0,1000.0,0.0,0.0,0.0
2023-10-10,CASH,1000.0,0.0,0.0,0.0,1000.0,1000.0,1000.0,0.0,0.0,0.0
2023-10-11,CASH,1000.0,0.0,0.0,0.0,1000.0,1000.0,1000.0,0.0,0.0,0.0
2023-10-12,CASH,1000.0,0.0,0.0,0.0,1000.0,1000.0,1000.0,0.0,0.0,0.0
2023-10-13,CASH,1000.0,0.0,0.0,0.0,1000.0,1000.0,1000.0,0.0,0.0,0.0
2023-10-14,CASH,1000.0,0.0,0.0,0.0,1000.0,1000.0,1000.0,0.0,0.0,0.0
2023-10-15,CASH,1000.0,0.0,0.0,0.0,1000.0,1000.0,1000.0,0.0,0.0,0.0
2023-10-16,CASH,1000.0,0.0,0.0,0.0,1000.0,1000.0,1000.0,0.0,0.0,0.0
2023-10-17,CASH,1000.0,0.0,0.0,0.0,1000.0,1000.0,1000.0,0.0,0.0,0.0
2023-10-18,CASH,1000.0,0.0,0.0,0.0,1000.0,1000.0,1000.0,0.0,0.0,0.0
2023-10-19,CASH,1000.0,0.0,0.0,0.0,1000.0,1000.0,1000.0,0.0,0.0,0.0
2023-10-20,CASH,1000.0,0.0,0.0,0.0,1000.0,1000.0,1000.0,0.0,0.0,0.0
2023-10-21,CASH,1000.0,0.0,0.0,0.0,1000.0,1000.0,1000.0,0.0,0.0,0.0
2023-10-22,CASH,1000.0,0.0,0.0,0.0,1000.0,1000.0,1000.0,0.0,0.0,0.0
2023-10-23,CASH,1000.0,0.0,0.0,0.0,1000.0,1000.0,1000.0,0.0,0.0,0.0
2023-10-24,CASH,1000.0,0.0,0.0,0.0,1000.0,1000.0,1000.0,0.0,0.0,0.0
2023-10-25,CASH,1000.0,0.0,0.0,0.0,1000.0,1000.0,1000.0,0.0,0.0,0.0
2023-10-26,CASH,1000.0,0.0,0.0,0.0,1000.0,1000.0,1000.0,0.0,0.0,0.0
2023-10-27,CASH,1000.0,0.0,0.0,0.0,1000.0,1000.0,1000.0,0.0,0.0,0.0
2023-10-28,CASH,1000.0,0.0,0.0,0.0,1000.0,1000.0,1000.0,0.0,0.0,0.0
2023-10-29,CASH,1000.0,0.0,0.0,0.0,1000.0,1000.0,1000.0,0.0,0.0,0.0
2023-10-30,CASH,1000.0,0.0,0.0,0.0,1000.0,1000.0,1000.0,0.0,0.0,0.0
2023-10-31,CASH,1000.0,0.0,0.0,0.0,1000.0,1000.0,1000.0,0.0,0.0,0.0
2023-11-01,CASH,1000.0,0.0,0.0,0.0,1000.0,1000.0,1000.0,0.0,0.0,0.0
2023-11-02,CASH,1000.0,0.0,0.0,0.0,1000.0,1000.0,1000.0,0.0,0.0,0.0
2023-11-03,CASH,1000.0,0.0,0.0,0.0,1000.0,1000.0,1000.0,0.0,0.0,0.0
2023-11-04,CASH,1000.0,0.0,0.0,0.0,1000.0,1000.0,1000.0,0.0,0.0,0.0
2023-11-05,CASH,1000.0,0.0,0.0,0.0,1000.0,1000.0,1000.0,0.0,0.0,0.0
2023-11-06,CASH,1000.0,0.0,0.0,0.0,1000.0,1000.0,1000.0,0.0,0.0,0.0
2023-11-07,CASH,1000.0,0.0,0.0,0.0,1000.0,1000.0,1000.0,0.0,0.0,0.0
2023-11-08,CASH,1000.0,0.0,0.0,0.0,1000.0,1000.0,1000.0,0.0,0.0,0.0
2023-11-09,CASH,1000.0,0.0,0.0,0.0,1000.0,1000.0,1000.0,0.0,0.0,0.0
2023-11-10,CASH,1000.0,0.0,0.0,0.0,1000.0,1000.0,1000.0,0.0,0.0,0.0
2023-11-11,CASH,1000.0,0.0,0.0,0.0,1000.0,1000.0,1000.0,0.0,0.0,0.0
2023-11-12,CASH,1000.0,0.0,0.0,0.0,1000.0,1000.0,1000.0,0.0,0.0,0.0
2023-11-13,CASH,1000.0,0.0,0.0,0.0,1000.0,1000.0,1000.0,0.0,0.0,0.0
2023-11-14,CASH,1000.0,0.0,0.0,0.0,1000.0,1000.0,1000.0,0.0,0.0,0.0
2023-11-15,CASH,1000.0,0.0,0.0,0.0,1000.0,1000.0,1000.0,0.0,0.0,0.0
2023-11-16,CASH,1000.0,0.0,0.0,0.0,1000.0,1000.0,1000.0,0.0,0.0,0.0
2023-11-17,CASH,1000.0,0.0,0.0,0.0,1000.0,1000.0,1000.0,0.0,0.0,0.0
2023-11-18,CASH,1000.0,0.0,0.0,0.0,1000.0,1000.0,1000.0,0.0,0.0,0.0
2023-11-19,CASH,1000.0,0.0,0.0,0.0,1000.0,1000.0,1000.0,0.0,0.0,0.0
2023-11-20,CASH,1000.0,0.0,0.0,0.0,1000.0,1000.0,1000.0,0.0,0.0,0.0
2023-11-21,CASH,1000.0,0.0,0.0,0.0,1000.0,1000.0,1000.0,0.0,0.0,0.0
2023-11-22,CASH,1000.0,0.0,0.0,0.0,1000.0,1000.0,1000.0,0.0,0.0,0.0
2023-11-23,CASH,1000.0,0.0,0.0,0.0,1000.0,1000.0,1000.0,0.0,0.0,0.0
2023-11-24,CASH,1000.0,0.0,0.0,0.0,1000.0,1000.0,1000.0,0.0,0.0,0.0
2023-11-25,CASH,1000.0,0.0,0.0,0.0,1000.0,1000.0,1000.0,0.0,0.0,0.0
2023-11-26,CASH,1000.0,0.0,0.0,0.0,1000.0,1000.0,1000.0,0.0,0.0,0.0
2023-11-27,CASH,1000.0,0.0,0.0,0.0,1000.0,1000.0,1000.0,0.0,0.0,0.0
2023-11-28,CASH,1000.0,0.0,0.0,0.0,1000.0,1000.0,1000.0,0.0,0.0,0.0
2023-11-29,CASH,1000.0,0.0,0.0,0.0,1000.0,1000.0,1000.0,0.0,0.0,0.0
2023-11-30,CASH,1000.0,0.0,0.0,0.0,1000.0,1000.0,1000.0,0.0,0.0,0.0
2023-12-01,CASH,1000.0,0.0,0.0,0.0,1000.0,1000.0,1000.0,0.0,0.0,0.0
2023-12-02,CASH,1000.0,0.0,0.0,0.0,1000.0,1000.0,1000.0,0.0,0.0,0.0
2023-12-03,CASH,1000.0,0.0,0.0,0.0,1000.0,1000.0,1000.0,0.0,0.0,0.0
2023-12-04,CASH,1000.0,0.0,0.0,0.0,1000.0,1000.0,1000.0,0.0,0.0,0.0
2023-12-05,CASH,1000.0,0.0,0.0,0.0,1000.0,1000.0,1000.0,0.0,0.0,0.0
2023-12-06,CASH,1000.0,0.0,0.0,0.0,1000.0,1000.0,1000.0,0.0,0.0,0.0
2023-12-07,CASH,1000.0,0.0,0.0,0.0,1000.0,1000.0,1000.0,0.0,0.0,0.0
2023-12-08,CASH,1000.0,0.0,0.0,0.0,1000.0,1000.0,1000.0,0.0,0.0,0.0
2023-12-09,CASH,1000.0,0.0,0.0,0.0,1000.0,1000.0,1000.0,0.0,0.0,0.0
2023-12-10,CASH,1000.0,0.0,0.0,0.0,1000.0,1000.0,1000.0,0.0,0.0,0.0
2023-12-11,CASH,1000.0,0.0,0.0,0.0,1000.0,1000.0,1000.0,0.0,0.0,0.0
2023-12-12,CASH,1000.0,0.0,0.0,0.0,1000.0,1000.0,1000.0,0.0,0.0,0.0
2023-12-13,CASH,1000.0,0.0,0.0,0.0,1000.0,1000.0,1000.0,0.0,0.0,0.0
2023-12-14,CASH,1000.0,0.0,0.0,0.0,1000.0,1000.0,1000.0,0.0,0.0,0.0
2023-12-15,CASH,1000.0,0.0,0.0,0.0,1000.0,1000.0,1000.0,0.0,0.0,0.0
2023-12-16,CASH,1000.0,0.0,0.0,0.0,1000.0,1000.0,1000.0,0.0,0.0,0.0
2023-12-17,CASH,1000.0,0.0,0.0,0.0,1000.0,1000.0,1000.0,0.0,0.0,0.0
2023-12-18,CASH,1000.0,0.0,0.0,0.0,1000.0,1000.0,1000.0,0.0,0.0,0.0
2023-12-19,CASH,1000.0,0.0,0.0,0.0,1000.0,1000.0,1000.0,0.0,0.0,0.0
2023-12-20,CASH,1000.0,0.0,0.0,0.0,1000.0,1000.0,1000.0,0.0,0.0,0.0
2023-12-21,CASH,1000.0,0.0,0.0,0.0,1000.0,1000.0,1000.0,0.0,0.0,0.0
2023-12-22,CASH,1000.0,0.0,0.0,0.0,1000.0,1000.0,1000.0,0.0,0.0,0.0
2023-12-23,CASH,1000.0,0.0,0.0,0.0,1000.0,1000.0,1000.0,0.0,0.0,0.0
2023-12-24,CASH,1000.0,0.0,0.0,0.0,1000.0,1000.0,1000.0,0.0,0.0,0.0
2023-12-25,CASH,1000.0,0.0,0.0,0.0,1000.0,1000.0,1000.0,0.0,0.0,0.0
2023-12-26,CASH,1000.0,0.0,0.0,0.0,1000.0,1000.0,1000.0,0.0,0.0,0.0
2023-12-27,CASH,1000.0,0.0,0.0,0.0,1000.0,1000.0,1000.0,0.0,0.0,0.0
2023-12-28,CASH,1000.0,0.0,0.0,0.0,1000.0,1000.0,1000.0,0.0,0.0,0.0
2023-12-29,CASH,1000.0,0.0,0.0,0.0,1000.0,1000.0,1000.0,0.0,0.0,0.0
2023-12-30,CASH,1000.0,0.0,0.0,0.0,1000.0,1000.0,1000.0,0.0,0.0,0.0
2023-12-31,CASH,1000.0,0.0,0.0,0.0,1000.0,1000.0,1000.0,0.0,0.0,0.0
2024-01-01,CASH,1000.0,0.0,0.0,0.0,1000.0,1000.0,1000.0,0.0,0.0,0.0
2024-01-02,CASH,1000.0,0.0,0.0,0.0,1000.0,1000.0,1000.0,0.0,0.0,0.0
2024-01-03,CASH,1000.0,0.0,0.0,0.0,1000.0,1000.0,1000.0,0.0,0.0,0.0
2024-01-04,CASH,1000.0,0.0,0.0,0.0,1000.0,1000.0,1000.0,0.0,0.0,0.0
2024-01-05,CASH,1000.0,0.0,0.0,0.0,1000.0,1000.0,1000.0,0.0,0.0,0.0
2024-01-06,CASH,1000.0,0.0,0.0,0.0,1000.0,1000.0,1000.0,0.0,0.0,0.0
2024-01-07,CASH,1000.0,0.0,0.0,0.0,1000.0,1000.0,1000.0,0.0,0.0,0.0
2024-01-08,CASH,1000.0,0.0,0.0,0.0,1000.0,1000.0,1000.0,0.0,0.0,0.0
2024-01-09,CASH,1000.0,0.0,0.0,0.0,1000.0,1000.0,1000.0,0.0,0.0,0.0
2024-01-10,CASH,1000.0,0.0,0.0,0.0,1000.0,1000.0,1000.0,0.0,0.0,0.0
2024-01-11,CASH,1000.0,0.0,0.0,0.0,1000.0,1000.0,1000.0,0.0,0.0,0.0
2024-01-12,CASH,1000.0,0.0,0.0,0.0,1000.0,1000.0,1000.0,0.0,0.0,0.0
2024-01-13,CASH,1000.0,0.0,0.0,0.0,1000.0,1000.0,1000.0,0.0,0.0,0.0
2024-01-14,CASH,1000.0,0.0,0.0,0.0,1000.0,1000.0,1000.0,0.0,0.0,0.0
2024-01-15,CASH,1000.0,0.0,0.0,0.0,1000.0,1000.0,1000.0,0.0,0.0,0.0
2024-01-16,CASH,1000.0,0.0,0.0,0.0,1000.0,1000.0,1000.0,0.0,0.0,0.0
2024-01-17,CASH,1000.0,0.0,0.0,0.0,1000.0,1000.0,1000.0,0.0,0.0,0.0
2024-01-18,CASH,1000.0,0.0,0.0,0.0,1000.0,1000.0,1000.0,0.0,0.0,0.0
2024-01-19,CASH,1000.0,0.0,0.0,0.0,1000.0,1000.0,1000.0,0.0,0.0,0.0
2024-01-20,CASH,1000.0,0.0,0.0,0.0,1000.0,1000.0,1000.0,0.0,0.0,0.0
2024-01-21,CASH,1000.0,0.0,0.0,0.0,1000.0,1000.0,1000.0,0.0,0.0,0.0
2024-01-22,CASH,1000.0,0.0,0.0,0.0,1000.0,1000.0,1000.0,0.0,0.0,0.0
2024-01-23,CASH,1000.0,0.0,0.0,0.0,1000.0,1000.0,1000.0,0.0,0.0,0.0
2024-01-24,CASH,1000.0,0.0,0.0,0.0,1000.0,1000.0,1000.0,0.0,0.0,0.0
2024-01-25,CASH,1000.0,0.0,0.0,0.0,1000.0,1000.0,1000.0,0.0,0.0,0.0
2024-01-26,CASH,1000.0,0.0,0.0,0.0,1000.0,1000.0,1000.0,0.0,0.0,0.0
2024-01-27,CASH,1000.0,0.0,0.0,0.0,1000.0,1000.0,1000.0,0.0,0.0,0.0
2024-01-28,CASH,1000.0,0.0,0.0,0.0,1000.0,1000.0,1000.0,0.0,0.0,0.0
2024-01-29,CASH,1000.0,0.0,0.0,0.0,1000.0,1000.0,1000.0,0.0,0.0,0.0
2024-01-30,CASH,1000.0,0.0,0.0,0.0,1000.0,1000.0,1000.0,0.0,0.0,0.0
2024-01-31,CASH,1000.0,0.0,0.0,0.0,1000.0,1000.0,1000.0,0.0,0.0,0.0
2024-02-01,CASH,1000.0,0.0,0.0,0.0,1000.0,1000.0,1000.0,0.0,0.0,0.0
2024-02-02,CASH,1000.0,0.0,0.0,0.0,1000.0,1000.0,1000.0,0.0,0.0,0.0
2024-02-03,CASH,1000.0,0.0,0.0,0.0,1000.0,1000.0,1000.0,0.0,0.0,0.0
2024-02-04,CASH,1000.0,0.0,0.0,0.0,1000.0,1000.0,1000.0,0.0,0.0,0.0
2024-02-05,CASH,1000.0,0.0,0.0,0.0,1000.0,1000.0,1000.0,0.0,0.0,0.0
2024-02-06,CASH,1000.0,0.0,0.0,0.0,1000.0,1000.0,1000.0,0.0,0.0,0.0
2024-02-07,CASH,1000.0,0.0,0.0,0.0,1000.0,1000.0,1000.0,0.0,0.0,0.0
2024-02-08,CASH,1000.0,0.0,0.0,0.0,1000.0,1000.0,1000.0,0.0,0.0,0.0
2024-02-09,CASH,1000.0,0.0,0.0,0.0,1000.0,1000.0,1000.0,0.0,0.0,0.0
2024-02-10,CASH,1000.0,0.0,0.0,0.0,1000.0,1000.0,1000.0,0.0,0.0,0.0
2024-02-11,CASH,1000.0,0.0,0.0,0.0,1000.0,1000.0,1000.0,0.0,0.0,0.0
2024-02-12,CASH,1000.0,0.0,0.0,0.0,1000.0,1000.0,1000.0,0.0,0.0,0.0
2024-02-13,CASH,1000.0,0.0,0.0,0.0,1000.0,1000.0,1000.0,0.0,0.0,0.0
2024-02-14,CASH,1000.0,0.0,0.0,0.0,1000.0,1000.0,1000.0,0.0,0.0,0.0
2024-02-15,CASH,1000.0,0.0,0.0,0.0,1000.0,1000.0,1000.0,0.0,0.0,0.0
2024-02-16,CASH,1000.0,0.0,0.0,0.0,1000.0,1000.0,1000.0,0.0,0.0,0.0
2024-02-17,CASH,1000.0,0.0,0.0,0.0,1000.0,1000.0,1000.0,0.0,0.0,0.0
2024-02-18,CASH,1000.0,0.0,0.0,0.0,1000.0,1000.0,1000.0,0.0,0.0,0.0
2024-02-19,CASH,1000.0,0.0,0.0,0.0,1000.0,1000.0,1000.0,0.0,0.0,0.0
2024-02-20,CASH,1000.0,0.0,0.0,0.0,1000.0,1000.0,1000.0,0.0,0.0,0.0
2024-02-21,CASH,1000.0,0.0,0.0,0.0,1000.0,1000.0,1000.0,0.0,0.0,0.0
2024-02-22,CASH,1000.0,0.0,0.0,0.0,1000.0,1000.0,1000.0,0.0,0.0,0.0
2024-02-23,CASH,1000.0,0.0,0.0,0.0,1000.0,1000.0,1000.0,0.0,0.0,0.0
2024-02-24,CASH,1000.0,0.0,0.0,0.0,1000.0,1000.0,1000.0,0.0,0.0,0.0
2024-02-25,CASH,1000.0,0.0,0.0,0.0,1000.0,1000.0,1000.0,0.0,0.0,0.0
2024-02-26,CASH,1000.0,0.0,0.0,0.0,1000.0,1000.0,1000.0,0.0,0.0,0.0
2024-02-27,CASH,1000.0,0.0,0.0,0.0,1000.0,1000.0,1000.0,0.0,0.0,0.0
2024-02-28,CASH,1000.0,0.0,0.0,0.0,1000.0,1000.0,1000.0,0.0,0.0,0.0
2024-02-29,CASH,1000.0,0.0,0.0,0.0,1000.0,1000.0,1000.0,0.0,0.0,0.0
2024-03-01,CASH,1000.0,0.0,0.0,0.0,1000.0,1000.0,1000.0,0.0,0.0,0.0
2024-03-02,CASH,1000.0,0.0,0.0,0.0,1000.0,1000.0,1000.0,0.0,0.0,0.0
2024-03-03,CASH,1000.0,0.0,0.0,0.0,1000.0,1000.0,1000.0,0.0,0.0,0.0
2024-03-04,CASH,1000.0,0.0,0.0,0.0,1000.0,1000.0,1000.0,0.0,0.0,0.0
2024-03-05,CASH,1000.0,0.0,0.0,0.0,1000.0,1000.0,1000.0,0.0,0.0,0.0
2024-03-06,CASH,1000.0,0.0,0.0,0.0,1000.0,1000.0,1000.0,0.0,0.0,0.0
2024-03-07,CASH,1000.0,0.0,0.0,0.0,1000.0,1000.0,1000.0,0.0,0.0,0.0
2024-03-08,CASH,1000.0,0.0,0.0,0.0,1000.0,1000.0,1000.0,0.0,0.0,0.0
2024-03-09,CASH,1000.0,0.0,0.0,0.0,1000.0,1000.0,1000.0,0.0,0.0,0.0
2024-03-10,CASH,1000.0,0.0,0.0,0.0,1000.0,1000.0,1000.0,0.0,0.0,0.0
2024-03-11,CASH,1000.0,0.0,0.0,0.0,1000.0,1000.0,1000.0,0.0,0.0,0.0
2024-03-12,CASH,1000.0,0.0,0.0,0.0,1000.0,1000.0,1000.0,0.0,0.0,0.0
2024-03-13,CASH,1000.0,0.0,0.0,0.0,1000.0,1000.0,1000.0,0.0,0.0,0.0
2024-03-14,CASH,1000.0,0.0,0.0,0.0,1000.0,1000.0,1000.0,0.0,0.0,0.0
2024-03-15,CASH,1000.0,0.0,0.0,0.0,1000.0,1000.0,1000.0,0.0,0.0,0.0
2024-03-16,CASH,1000.0,0.0,0.0,0.0,1000.0,1000.0,1000.0,0.0,0.0,0.0
2024-03-17,CASH,1000.0,0.0,0.0,0.0,1000.0,1000.0,1000.0,0.0,0.0,0.0
2024-03-18,CASH,1000.0,0.0,0.0,0.0,1000.0,1000.0,1000.0,0.0,0.0,0.0
2024-03-19,CASH,1000.0,0.0,0.0,0.0,1000.0,1000.0,1000.0,0.0,0.0,0.0
2024-03-20,CASH,1000.0,0.0,0.0,0.0,1000.0,1000.0,1000.0,0.0,0.0,0.0
2024-03-21,CASH,1000.0,0.0,0.0,0.0,1000.0,1000.0,1000.0,0.0,0.0,0.0
2024-03-22,CASH,1000.0,0.0,0.0,0.0,1000.0,1000.0,1000.0,0.0,0.0,0.0
2024-03-23,CASH,1000.0,0.0,0.0,0.0,1000.0,1000.0,1000.0,0.0,0.0,0.0
2024-03-24,CASH,1000.0,0.0,0.0,0.0,1000.0,1000.0,1000.0,0.0,0.0,0.0
2024-03-25,CASH,1000.0,0.0,0.0,0.0,1000.0,1000.0,1000.0,0.0,0.0,0.0
2024-03-26,CASH,1000.0,0.0,0.0,0.0,1000.0,1000.0,1000.0,0.0,0.0,0.0
2024-03-27,CASH,1000.0,0.0,0.0,0.0,1000.0,1000.0,1000.0,0.0,0.0,0.0
2024-03-28,CASH,1000.0,0.0,0.0,0.0,1000.0,1000.0,1000.0,0.0,0.0,0.0
2024-03-29,CASH,1000.0,0.0,0.0,0.0,1000.0,1000.0,1000.0,0.0,0.0,0.0
2024-03-30,CASH,1000.0,0.0,0.0,0.0,1000.0,1000.0,1000.0,0.0,0.0,0.0
2024-03-31,CASH,1000.0,0.0,0.0,0.0,1000.0,1000.0,1000.0,0.0,0.0,0.0
2024-04-01,CASH,1000.0,0.0,0.0,0.0,1000.0,1000.0,1000.0,0.0,0.0,0.0
2024-04-02,CASH,1000.0,0.0,0.0,0.0,1000.0,1000.0,1000.0,0.0,0.0,0.0
2024-04-03,CASH,1000.0,0.0,0.0,0.0,1000.0,1000.0,1000.0,0.0,0.0,0.0
2024-04-04,CASH,1000.0,0.0,0.0,0.0,1000.0,1000.0,1000.0,0.0,0.0,0.0
2024-04-05,CASH,1000.0,0.0,0.0,0.0,1000.0,1000.0,1000.0,0.0,0.0,0.0
2024-04-06,CASH,1000.0,0.0,0.0,0.0,1000.0,1000.0,1000.0,0.0,0.0,0.0
2024-04-07,CASH,1000.0,0.0,0.0,0.0,1000.0,1000.0,1000.0,0.0,0.0,0.0
2024-04-08,CASH,1000.0,0.0,0.0,0.0,1000.0,1000.0,1000.0,0.0,0.0,0.0
2024-04-09,CASH,1000.0,0.0,0.0,0.0,1000.0,1000.0,1000.0,0.0,0.0,0.0
2024-04-10,CASH,1000.0,0.0,0.0,0.0,1000.0,1000.0,1000.0,0.0,0.0,0.0
2024-04-11,CASH,1000.0,0.0,0.0,0.0,1000.0,1000.0,1000.0,0.0,0.0,0.0
2024-04-12,CASH,1000.0,0.0,0.0,0.0,1000.0,1000.0,1000.0,0.0,0.0,0.0
2024-04-13,CASH,1000.0,0.0,0.0,0.0,1000.0,1000.0,1000.0,0.0,0.0,0.0
2024-04-14,CASH,1000.0,0.0,0.0,0.0,1000.0,1000.0,1000.0,0.0,0.0,0.0
2024-04-15,CASH,1000.0,0.0,0.0,0.0,1000.0,1000.0,1000.0,0.0,0.0,0.0
2024-04-16,CASH,1000.0,0.0,0.0,0.0,1000.0,1000.0,1000.0,0.0,0.0,0.0
2024-04-17,CASH,1000.0,0.0,0.0,0.0,1000.0,1000.0,1000.0,0.0,0.0,0.0
2024-04-18,CASH,1000.0,0.0,0.0,0.0,1000.0,1000.0,1000.0,0.0,0.0,0.0
2024-04-19,CASH,1000.0,0.0,0.0,0.0,1000.0,1000.0,1000.0,0.0,0.0,0.0
2024-04-20,CASH,1000.0,0.0,0.0,0.0,1000.0,1000.0,1000.0,0.0,0.0,0.0
2024-04-21,CASH,1000.0,0.0,0.0,0.0,1000.0,1000.0,1000.0,0.0,0.0,0.0
2024-04-22,CASH,1000.0,0.0,0.0,0.0,1000.0,1000.0,1000.0,0.0,0.0,0.0
2024-04-23,CASH,1000.0,0.0,0.0,0.0,1000.0,1000.0,1000.0,0.0,0.0,0.0
2024-04-24,CASH,1000.0,0.0,0.0,0.0,1000.0,1000.0,1000.0,0.0,0.0,0.0
2024-04-25,CASH,1000.0,0.0,0.0,0.0,1000.0,1000.0,1000.0,0.0,0.0,0.0
2024-04-26,CASH,1000.0,0.0,0.0,0.0,1000.0,1000.0,1000.0,0.0,0.0,0.0
2024-04-27,CASH,1000.0,0.0,0.0,0.0,1000.0,1000.0,1000.0,0.0,0.0,0.0
2024-04-28,CASH,1000.0,0.0,0.0,0.0,1000.0,1000.0,1000.0,0.0,0.0,0.0
2024-04-29,CASH,1000.0,0.0,0.0,0.0,1000.0,1000.0,1000.0,0.0,0.0,0.0
2024-04-30,CASH,1000.0,0.0,0.0,0.0,1000.0,1000.0,1000.0,0.0,0.0,0.0
2024-05-01,CASH,1000.0,0.0,0.0,0.0,1000.0,1000.0,1000.0,0.0,0.0,0.0
2024-05-02,CASH,1000.0,0.0,0.0,0.0,1000.0,1000.0,1000.0,0.0,0.0,0.0
2024-05-03,CASH,1000.0,0.0,0.0,0.0,1000.0,1000.0,1000.0,0.0,0.0,0.0
2024-05-04,CASH,1000.0,0.0,0.0,0.0,1000.0,1000.0,1000.0,0.0,0.0,0.0
2024-05-05,CASH,1000.0,0.0,0.0,0.0,1000.0,1000.0,1000.0,0.0,0.0,0.0
2024-05-06,CASH,1000.0,0.0,0.0,0.0,1000.0,1000.0,1000.0,0.0,0.0,0.0
2024-05-07,CASH,1000.0,0.0,0.0,0.0,1000.0,1000.0,1000.0,0.0,0.0,0.0
2024-05-08,CASH,1000.0,0.0,0.0,0.0,1000.0,1000.0,1000.0,0.0,0.0,0.0
2024-05-09,CASH,1000.0,0.0,0.0,0.0,1000.0,1000.0,1000.0,0.0,0.0,0.0
2024-05-10,CASH,1000.0,0.0,0.0,0.0,1000.0,1000.0,1000.0,0.0,0.0,0.0
2024-05-11,CASH,1000.0,0.0,0.0,0.0,1000.0,1000.0,1000.0,0.0,0.0,0.0
2024-05-12,CASH,1000.0,0.0,0.0,0.0,1000.0,1000.0,1000.0,0.0,0.0,0.0
2024-05-13,CASH,1000.0,0.0,0.0,0.0,1000.0,1000.0,1000.0,0.0,0.0,0.0
2024-05-14,CASH,1000.0,0.0,0.0,0.0,1000.0,1000.0,1000.0,0.0,0.0,0.0
2024-05-15,CASH,1000.0,0.0,0.0,0.0,1000.0,1000.0,1000.0,0.0,0.0,0.0
2024-05-16,CASH,1000.0,0.0,0.0,0.0,1000.0,1000.0,1000.0,0.0,0.0,0.0
2024-05-17,CASH,1000.0,0.0,0.0,0.0,1000.0,1000.0,1000.0,0.0,0.0,0.0
2024-05-18,CASH,1000.0,0.0,0.0,0.0,1000.0,1000.0,1000.0,0.0,0.0,0.0
2024-05-19,CASH,1000.0,0.0,0.0,0.0,1000.0,1000.0,1000.0,0.0,0.0,0.0
2024-05-20,CASH,1000.0,0.0,0.0,0.0,1000.0,1000.0,1000.0,0.0,0.0,0.0
2024-05-21,CASH,1000.0,0.0,0.0,0.0,1000.0,1000.0,1000.0,0.0,0.0,0.0
2024-05-22,CASH,1000.0,0.0,0.0,0.0,1000.0,1000.0,1000.0,0.0,0.0,0.0
2024-05-23,CASH,1000.0,0.0,0.0,0.0,1000.0,1000.0,1000.0,0.0,0.0,0.0
2024-05-24,CASH,1000.0,0.0,0.0,0.0,1000.0,1000.0,1000.0,0.0,0.0,0.0
2024-05-25,CASH,1000.0,0.0,0.0,0.0,1000.0,1000.0,1000.0,0.0,0.0,0.0
2024-05-26,CASH,1000.0,0.0,0.0,0.0,1000.0,1000.0,1000.0,0.0,0.0,0.0
2024-05-27,CASH,1000.0,0.0,0.0,0.0,1000.0,1000.0,1000.0,0.0,0.0,0.0
2024-05-28,CASH,1000.0,0.0,0.0,0.0,1000.0,1000.0,1000.0,0.0,0.0,0.0
2024-05-29,CASH,1000.0,0.0,0.0,0.0,1000.0,1000.0,1000.0,0.0,0.0,0.0
2024-05-30,CASH,1000.0,0.0,0.0,0.0,1000.0,1000.0,1000.0,0.0,0.0,0.0
2024-05-31,CASH,1000.0,0.0,0.0,0.0,1000.0,1000.0,1000.0,0.0,0.0,0.0
2024-06-01,CASH,1000.0,0.0,0.0,0.0,1000.0,1000.0,1000.0,0.0,0.0,0.0
2024-06-02,CASH,1000.0,0.0,0.0,0.0,1000.0,1000.0,1000.0,0.0,0.0,0.0
2024-06-03,CASH,1000.0,0.0,0.0,0.0,1000.0,1000.0,1000.0,0.0,0.0,0.0
2024-06-04,CASH,1000.0,0.0,0.0,0.0,1000.0,1000.0,1000.0,0.0,0.0,0.0
2024-06-05,CASH,1000.0,0.0,0.0,0.0,1000.0,1000.0,1000.0,0.0,0.0,0.0
2024-06-06,CASH,1000.0,0.0,0.0,0.0,1000.0,1000.0,1000.0,0.0,0.0,0.0
2024-06-07,CASH,1000.0,0.0,0.0,0.0,1000.0,1000.0,1000.0,0.0,0.0,0.0
2024-06-08,CASH,1000.0,0.0,0.0,0.0,1000.0,1000.0,1000.0,0.0,0.0,0.0
2024-06-09,CASH,1000.0,0.0,0.0,0.0,1000.0,1000.0,1000.0,0.0,0.0,0.0
2024-06-10,CASH,1000.0,0.0,0.0,0.0,1000.0,1000.0,1000.0,0.0,0.0,0.0
2024-06-11,CASH,1000.0,0.0,0.0,0.0,1000.0,1000.0,1000.0,0.0,0.0,0.0
2024-06-12,CASH,1000.0,0.0,0.0,0.0,1000.0,1000.0,1000.0,0.0,0.0,0.0
2024-06-13,CASH,1000.0,0.0,0.0,0.0,1000.0,1000.0,1000.0,0.0,0.0,0.0
2024-06-14,CASH,1000.0,0.0,0.0,0.0,1000.0,1000.0,1000.0,0.0,0.0,0.0
2024-06-15,CASH,1000.0,0.0,0.0,0.0,1000.0,1000.0,1000.0,0.0,0.0,0.0
2024-06-16,CASH,1000.0,0.0,0.0,0.0,1000.0,1000.0,1000.0,0.0,0.0,0.0
2024-06-17,CASH,1000.0,0.0,0.0,0.0,1000.0,1000.0,1000.0,0.0,0.0,0.0
2024-06-18,CASH,1000.0,0.0,0.0,0.0,1000.0,1000.0,1000.0,0.0,0.0,0.0
2024-06-19,CASH,1000.0,0.0,0.0,0.0,1000.0,1000.0,1000.0,0.0,0.0,0.0
2024-06-20,CASH,1000.0,0.0,0.0,0.0,1000.0,1000.0,1000.0,0.0,0.0,0.0
2024-06-21,CASH,1000.0,0.0,0.0,0.0,1000.0,1000.0,1000.0,0.0,0.0,0.0
2024-06-22,CASH,1000.0,0.0,0.0,0.0,1000.0,1000.0,1000.0,0.0,0.0,0.0
2024-06-23,CASH,1000.0,0.0,0.0,0.0,1000.0,1000.0,1000.0,0.0,0.0,0.0
2024-06-24,CASH,1000.0,0.0,0.0,0.0,1000.0,1000.0,1000.0,0.0,0.0,0.0
2024-06-25,CASH,1000.0,0.0,0.0,0.0,1000.0,1000.0,1000.0,0.0,0.0,0.0
2024-06-26,CASH,1000.0,0.0,0.0,0.0,1000.0,1000.0,1000.0,0.0,0.0,0.0
2024-06-27,CASH,1000.0,0.0,0.0,0.0,1000.0,1000.0,1000.0,0.0,0.0,0.0
2024-06-28,CASH,1000.0,0.0,0.0,0.0,1000.0,1000.0,1000.0,0.0,0.0,0.0
2024-06-29,CASH,1000.0,0.0,0.0,0.0,1000.0,1000.0,1000.0,0.0,0.0,0.0
2024-06-30,CASH,1000.0,0.0,0.0,0.0,1000.0,1000.0,1000.0,0.0,0.0,0.0
2024-07-01,CASH,1000.0,0.0,0.0,0.0,1000.0,1000.0,1000.0,0.0,0.0,0.0
2024-07-02,CASH,1000.0,0.0,0.0,0.0,1000.0,1000.0,1000.0,0.0,0.0,0.0
2024-07-03,CASH,1000.0,0.0,0.0,0.0,1000.0,1000.0,1000.0,0.0,0.0,0.0
2024-07-04,CASH,1000.0,0.0,0.0,0.0,1000.0,1000.0,1000.0,0.0,0.0,0.0
2024-07-05,CASH,1000.0,0.0,0.0,0.0,1000.0,1000.0,1000.0,0.0,0.0,0.0
2024-07-06,CASH,1000.0,0.0,0.0,0.0,1000.0,1000.0,1000.0,0.0,0.0,0.0
2024-07-07,CASH,1000.0,0.0,0.0,0.0,1000.0,1000.0,1000.0,0.0,0.0,0.0
2024-07-08,CASH,1000.0,0.0,0.0,0.0,1000.0,1000.0,1000.0,0.0,0.0,0.0
2024-07-09,CASH,1000.0,0.0,0.0,0.0,1000.0,1000.0,1000.0,0.0,0.0,0.0
2024-07-10,CASH,1000.0,0.0,0.0,0.0,1000.0,1000.0,1000.0,0.0,0.0,0.0
2024-07-11,CASH,1000.0,0.0,0.0,0.0,1000.0,1000.0,1000.0,0.0,0.0,0.0
2024-07-12,CASH,1000.0,0.0,0.0,0.0,1000.0,1000.0,1000.0,0.0,0.0,0.0
2024-07-13,CASH,1000.0,0.0,0.0,0.0,1000.0,1000.0,1000.0,0.0,0.0,0.0
2024-07-14,CASH,1000.0,0.0,0.0,0.0,1000.0,1000.0,1000.0,0.0,0.0,0.0
2024-07-15,CASH,1000.0,0.0,0.0,0.0,1000.0,1000.0,1000.0,0.0,0.0,0.0
2024-07-16,CASH,1000.0,0.0,0.0,0.0,1000.0,1000.0,1000.0,0.0,0.0,0.0
2024-07-17,CASH,1000.0,0.0,0.0,0.0,1000.0,1000.0,1000.0,0.0,0.0,0.0
2024-07-18,CASH,1000.0,0.0,0.0,0.0,1000.0,1000.0,1000.0,0.0,0.0,0.0
2024-07-19,CASH,1000.0,0.0,0.0,0.0,1000.0,1000.0,1000.0,0.0,0.0,0.0
2024-07-20,CASH,1000.0,0.0,0.0,0.0,1000.0,1000.0,1000.0,0.0,0.0,0.0
2024-07-21,CASH,1000.0,0.0,0.0,0.0,1000.0,1000.0,1000.0,0.0,0.0,0.0
2024-07-22,CASH,1000.0,0.0,0.0,0.0,1000.0,1000.0,1000.0,0.0,0.0,0.0
2024-07-23,CASH,1000.0,0.0,0.0,0.0,1000.0,1000.0,1000.0,0.0,0.0,0.0
2024-07-24,CASH,1000.0,0.0,0.0,0.0,1000.0,1000.0,1000.0,0.0,0.0,0.0
2024-07-25,CASH,1000.0,0.0,0.0,0.0,1000.0,1000.0,1000.0,0.0,0.0,0.0
2024-07-26,CASH,1000.0,0.0,0.0,0.0,1000.0,1000.0,1000.0,0.0,0.0,0.0
2024-07-27,CASH,1000.0,0.0,0.0,0.0,1000.0,1000.0,1000.0,0.0,0.0,0.0
2024-07-28,CASH,1000.0,0.0,0.0,0.0,1000.0,1000.0,1000.0,0.0,0.0,0.0
2024-07-29,CASH,1000.0,0.0,0.0,0.0,1000.0,1000.0,1000.0,0.0,0.0,0.0
2024-07-30,CASH,1000.0,0.0,0.0,0.0,1000.0,1000.0,1000.0,0.0,0.0,0.0
2024-07-31,CASH,1000.0,0.0,0.0,0.0,1000.0,1000.0,1000.0,0.0,0.0,0.0
2024-08-01,CASH,1000.0,0.0,0.0,0.0,1000.0,1000.0,1000.0,0.0,0.0,0.0
2024-08-02,CASH,1000.0,0.0,0.0,0.0,1000.0,1000.0,1000.0,0.0,0.0,0.0
2024-08-03,CASH,1000.0,0.0,0.0,0.0,1000.0,1000.0,1000.0,0.0,0.0,0.0
2024-08-04,CASH,1000.0,0.0,0.0,0.0,1000.0,1000.0,1000.0,0.0,0.0,0.0
2024-08-05,CASH,1000.0,0.0,0.0,0.0,1000.0,1000.0,1000.0,0.0,0.0,0.0
2024-08-06,CASH,1000.0,0.0,0.0,0.0,1000.0,1000.0,1000.0,0.0,0.0,0.0
2024-08-07,CASH,1000.0,0.0,0.0,0.0,1000.0,1000.0,1000.0,0.0,0.0,0.0
2024-08-08,CASH,1000.0,0.0,0.0,0.0,1000.0,1000.0,1000.0,0.0,0.0,0.0
2024-08-09,CASH,1000.0,0.0,0.0,0.0,1000.0,1000.0,1000.0,0.0,0.0,0.0
2024-08-10,CASH,1000.0,0.0,0.0,0.0,1000.0,1000.0,1000.0,0.0,0.0,0.0
2024-08-11,CASH,1000.0,0.0,0.0,0.0,1000.0,1000.0,1000.0,0.0,0.0,0.0
2024-08-12,CASH,1000.0,0.0,0.0,0.0,1000.0,1000.0,1000.0,0.0,0.0,0.0
2024-08-13,CASH,1000.0,0.0,0.0,0.0,1000.0,1000.0,1000.0,0.0,0.0,0.0
2024-08-14,CASH,1000.0,0.0,0.0,0.0,1000.0,1000.0,1000.0,0.0,0.0,0.0
2024-08-15,CASH,1000.0,0.0,0.0,0.0,1000.0,1000.0,1000.0,0.0,0.0,0.0
2024-08-16,CASH,1000.0,0.0,0.0,0.0,1000.0,1000.0,1000.0,0.0,0.0,0.0
2024-08-17,CASH,1000.0,0.0,0.0,0.0,1000.0,1000.0,1000.0,0.0,0.0,0.0
2024-08-18,CASH,1000.0,0.0,0.0,0.0,1000.0,1000.0,1000.0,0.0,0.0,0.0
2024-08-19,CASH,1000.0,0.0,0.0,0.0,1000.0,1000.0,1000.0,0.0,0.0,0.0
2024-08-20,CASH,1000.0,0.0,0.0,0.0,1000.0,1000.0,1000.0,0.0,0.0,0.0
2024-08-21,CASH,1000.0,0.0,0.0,0.0,1000.0,1000.0,1000.0,0.0,0.0,0.0
2024-08-22,CASH,1000.0,0.0,0.0,0.0,1000.0,1000.0,1000.0,0.0,0.0,0.0
2024-08-23,CASH,1000.0,0.0,0.0,0.0,1000.0,1000.0,1000.0,0.0,0.0,0.0
2024-08-24,CASH,1000.0,0.0,0.0,0.0,1000.0,1000.0,1000.0,0.0,0.0,0.0
2024-08-25,CASH,1000.0,0.0,0.0,0.0,1000.0,1000.0,1000.0,0.0,0.0,0.0
2024-08-26,CASH,1000.0,0.0,0.0,0.0,1000.0,1000.0,1000.0,0.0,0.0,0.0
2024-08-27,CASH,1000.0,0.0,0.0,0.0,1000.0,1000.0,1000.0,0.0,0.0,0.0
2024-08-28,CASH,1000.0,0.0,0.0,0.0,1000.0,1000.0,1000.0,0.0,0.0,0.0
2024-08-29,CASH,1000.0,0.0,0.0,0.0,1000.0,1000.0,1000.0,0.0,0.0,0.0
2024-08-30,CASH,1000.0,0.0,0.0,0.0,1000.0,1000.0,1000.0,0.0,0.0,0.0
2024-08-31,CASH,1000.0,0.0,0.0,0.0,1000.0,1000.0,1000.0,0.0,0.0,0.0
2024-09-01,CASH,1000.0,0.0,0.0,0.0,1000.0,1000.0,1000.0,0.0,0.0,0.0
2024-09-02,CASH,1000.0,0.0,0.0,0.0,1000.0,1000.0,1000.0,0.0,0.0,0.0
2024-09-03,CASH,1000.0,0.0,0.0,0.0,1000.0,1000.0,1000.0,0.0,0.0,0.0
2024-09-04,CASH,1000.0,0.0,0.0,0.0,1000.0,1000.0,1000.0,0.0,0.0,0.0
2024-09-05,CASH,1000.0,0.0,0.0,0.0,1000.0,1000.0,1000.0,0.0,0.0,0.0
2024-09-06,CASH,1000.0,0.0,0.0,0.0,1000.0,1000.0,1000.0,0.0,0.0,0.0
2024-09-07,CASH,1000.0,0.0,0.0,0.0,1000.0,1000.0,1000.0,0.0,0.0,0.0
2024-09-08,CASH,1000.0,0.0,0.0,0.0,1000.0,1000.0,1000.0,0.0,0.0,0.0
2024-09-09,CASH,1000.0,0.0,0.0,0.0,1000.0,1000.0,1000.0,0.0,0.0,0.0
2024-09-10,CASH,1000.0,0.0,0.0,0.0,1000.0,1000.0,1000.0,0.0,0.0,0.0
2024-09-11,CASH,1000.0,0.0,0.0,0.0,1000.0,1000.0,1000.0,0.0,0.0,0.0
2024-09-12,CASH,1000.0,0.0,0.0,0.0,1000.0,1000.0,1000.0,0.0,0.0,0.0
2024-09-13,CASH,1000.0,0.0,0.0,0.0,1000.0,1000.0,1000.0,0.0,0.0,0.0
2024-09-14,CASH,1000.0,0.0,0.0,0.0,1000.0,1000.0,1000.0,0.0,0.0,0.0
2024-09-15,CASH,1000.0,0.0,0.0,0.0,1000.0,1000.0,1000.0,0.0,0.0,0.0
2024-09-16,CASH,1000.0,0.0,0.0,0.0,1000.0,1000.0,1000.0,0.0,0.0,0.0
2024-09-17,CASH,1000.0,0.0,0.0,0.0,1000.0,1000.0,1000.0,0.0,0.0,0.0
2024-09-18,CASH,1000.0,0.0,0.0,0.0,1000.0,1000.0,1000.0,0.0,0.0,0.0
2024-09-19,CASH,1000.0,0.0,0.0,0.0,1000.0,1000.0,1000.0,0.0,0.0,0.0
2024-09-20,CASH,1000.0,0.0,0.0,0.0,1000.0,1000.0,1000.0,0.0,0.0,0.0
2024-09-21,CASH,1000.0,0.0,0.0,0.0,1000.0,1000.0,1000.0,0.0,0.0,0.0
2024-09-22,CASH,1000.0,0.0,0.0,0.0,1000.0,1000.0,1000.0,0.0,0.0,0.0
2024-09-23,CASH,1000.0,0.0,0.0,0.0,1000.0,1000.0,1000.0,0.0,0.0,0.0
2024-09-24,CASH,1000.0,0.0,0.0,0.0,1000.0,1000.0,1000.0,0.0,0.0,0.0
2024-09-25,CASH,1000.0,0.0,0.0,0.0,1000.0,1000.0,1000.0,0.0,0.0,0.0
2024-09-26,CASH,1000.0,0.0,0.0,0.0,1000.0,1000.0,1000.0,0.0,0.0,0.0
2024-09-27,CASH,1000.0,0.0,0.0,0.0,1000.0,1000.0,1000.0,0.0,0.0,0.0
2024-09-28,CASH,1000.0,0.0,0.0,0.0,1000.0,1000.0,1000.0,0.0,0.0,0.0
2024-09-29,CASH,1000.0,0.0,0.0,0.0,1000.0,1000.0,1000.0,0.0,0.0,0.0
2024-09-30,CASH,1000.0,0.0,0.0,0.0,1000.0,1000.0,1000.0,0.0,0.0,0.0
2024-10-01,CASH,1000.0,0.0,0.0,0.0,1000.0,1000.0,1000.0,0.0,0.0,0.0
2024-10-02,CASH,1000.0,0.0,0.0,0.0,1000.0,1000.0,1000.0,0.0,0.0,0.0
2024-10-03,CASH,1000.0,0.0,0.0,0.0,1000.0,1000.0,1000.0,0.0,0.0,0.0
2024-10-04,CASH,1000.0,0.0,0.0,0.0,1000.0,1000.0,1000.0,0.0,0.0,0.0
2024-10-05,CASH,1000.0,0.0,0.0,0.0,1000.0,1000.0,1000.0,0.0,0.0,0.0
2024-10-06,CASH,1000.0,0.0,0.0,0.0,1000.0,1000.0,1000.0,0.0,0.0,0.0
2024-10-07,CASH,1000.0,0.0,0.0,0.0,1000.0,1000.0,1000.0,0.0,0.0,0.0
2024-10-08,CASH,1000.0,0.0,0.0,0.0,1000.0,1000.0,1000.0,0.0,0.0,0.0
2024-10-09,CASH,1000.0,0.0,0.0,0.0,1000.0,1000.0,1000.0,0.0,0.0,0.0
2024-10-10,CASH,1000.0,0.0,0.0,0.0,1000.0,1000.0,1000.0,0.0,0.0,0.0
2024-10-11,CASH,1000.0,0.0,0.0,0.0,1000.0,1000.0,1000.0,0.0,0.0,0.0
2024-10-12,CASH,1000.0,0.0,0.0,0.0,1000.0,1000.0,1000.0,0.0,0.0,0.0
2024-10-13,CASH,1000.0,0.0,0.0,0.0,1000.0,1000.0,1000.0,0.0,0.0,0.0
2024-10-14,CASH,1000.0,0.0,0.0,0.0,1000.0,1000.0,1000.0,0.0,0.0,0.0
2024-10-15,CASH,1000.0,0.0,0.0,0.0,1000.0,1000.0,1000.0,0.0,0.0,0.0
2024-10-16,CASH,1000.0,0.0,0.0,0.0,1000.0,1000.0,1000.0,0.0,0.0,0.0
2024-10-17,CASH,1000.0,0.0,0.0,0.0,1000.0,1000.0,1000.0,0.0,0.0,0.0
2024-10-18,CASH,1000.0,0.0,0.0,0.0,1000.0,1000.0,1000.0,0.0,0.0,0.0
2024-10-19,CASH,1000.0,0.0,0.0,0.0,1000.0,1000.0,1000.0,0.0,0.0,0.0
2024-10-20,CASH,1000.0,0.0,0.0,0.0,1000.0,1000.0,1000.0,0.0,0.0,0.0
2024-10-21,CASH,1000.0,0.0,0.0,0.0,1000.0,1000.0,1000.0,0.0,0.0,0.0
2024-10-22,CASH,1000.0,0.0,0.0,0.0,1000.0,1000.0,1000.0,0.0,0.0,0.0
2024-10-23,CASH,1000.0,0.0,0.0,0.0,1000.0,1000.0,1000.0,0.0,0.0,0.0
2024-10-24,CASH,1000.0,0.0,0.0,0.0,1000.0,1000.0,1000.0,0.0,0.0,0.0
2024-10-25,CASH,1000.0,0.0,0.0,0.0,1000.0,1000.0,1000.0,0.0,0.0,0.0
2024-10-26,CASH,1000.0,0.0,0.0,0.0,1000.0,1000.0,1000.0,0.0,0.0,0.0
2024-10-27,CASH,1000.0,0.0,0.0,0.0,1000.0,1000.0,1000.0,0.0,0.0,0.0
2024-10-28,CASH,1000.0,0.0,0.0,0.0,1000.0,1000.0,1000.0,0.0,0.0,0.0
2024-10-29,CASH,1000.0,0.0,0.0,0.0,1000.0,1000.0,1000.0,0.0,0.0,0.0
2024-10-30,CASH,1000.0,0.0,0.0,0.0,1000.0,1000.0,1000.0,0.0,0.0,0.0
2024-10-31,CASH,1000.0,0.0,0.0,0.0,1000.0,1000.0,1000.0,0.0,0.0,0.0
2024-11-01,CASH,1000.0,0.0,0.0,0.0,1000.0,1000.0,1000.0,0.0,0.0,0.0
2024-11-02,CASH,1000.0,0.0,0.0,0.0,1000.0,1000.0,1000.0,0.0,0.0,0.0
2024-11-03,CASH,1000.0,0.0,0.0,0.0,1000.0,1000.0,1000.0,0.0,0.0,0.0
2024-11-04,CASH,1000.0,0.0,0.0,0.0,1000.0,1000.0,1000.0,0.0,0.0,0.0
2024-11-05,CASH,1000.0,0.0,0.0,0.0,1000.0,1000.0,1000.0,0.0,0.0,0.0
2024-11-06,CASH,1000.0,0.0,0.0,0.0,1000.0,1000.0,1000.0,0.0,0.0,0.0
2024-11-07,CASH,1000.0,0.0,0.0,0.0,1000.0,1000.0,1000.0,0.0,0.0,0.0
2024-11-08,CASH,1000.0,0.0,0.0,0.0,1000.0,1000.0,1000.0,0.0,0.0,0.0
2024-11-09,CASH,1000.0,0.0,0.0,0.0,1000.0,1000.0,1000.0,0.0,0.0,0.0
2024-11-10,CASH,1000.0,0.0,0.0,0.0,1000.0,1000.0,1000.0,0.0,0.0,0.0
2024-11-11,CASH,1000.0,0.0,0.0,0.0,1000.0,1000.0,1000.0,0.0,0.0,0.0
2024-11-12,CASH,1000.0,0.0,0.0,0.0,1000.0,1000.0,1000.0,0.0,0.0,0.0
2024-11-13,CASH,1000.0,0.0,0.0,0.0,1000.0,1000.0,1000.0,0.0,0.0,0.0
2024-11-14,CASH,1000.0,0.0,0.0,0.0,1000.0,1000.0,1000.0,0.0,0.0,0.0
2024-11-15,CASH,1000.0,0.0,0.0,0.0,1000.0,1000.0,1000.0,0.0,0.0,0.0
2024-11-16,CASH,1000.0,0.0,0.0,0.0,1000.0,1000.0,1000.0,0.0,0.0,0.0
2024-11-17,CASH,1000.0,0.0,0.0,0.0,1000.0,1000.0,1000.0,0.0,0.0,0.0
2024-11-18,CASH,1000.0,0.0,0.0,0.0,1000.0,1000.0,1000.0,0.0,0.0,0.0
2024-11-19,CASH,1000.0,0.0,0.0,0.0,1000.0,1000.0,1000.0,0.0,0.0,0.0
2024-11-20,CASH,1000.0,0.0,0.0,0.0,1000.0,1000.0,1000.0,0.0,0.0,0.0
2024-11-21,CASH,1000.0,0.0,0.0,0.0,1000.0,1000.0,1000.0,0.0,0.0,0.0
2024-11-22,CASH,1000.0,0.0,0.0,0.0,1000.0,1000.0,1000.0,0.0,0.0,0.0
2024-11-23,CASH,1000.0,0.0,0.0,0.0,1000.0,1000.0,1000.0,0.0,0.0,0.0
2024-11-24,CASH,1000.0,0.0,0.0,0.0,1000.0,1000.0,1000.0,0.0,0.0,0.0
2024-11-25,CASH,1000.0,0.0,0.0,0.0,1000.0,1000.0,1000.0,0.0,0.0,0.0
2024-11-26,CASH,1000.0,0.0,0.0,0.0,1000.0,1000.0,1000.0,0.0,0.0,0.0
2024-11-27,CASH,1000.0,0.0,0.0,0.0,1000.0,1000.0,1000.0,0.0,0.0,0.0
2024-11-28,CASH,1000.0,0.0,0.0,0.0,1000.0,1000.0,1000.0,0.0,0.0,0.0
2024-11-29,CASH,1000.0,0.0,0.0,0.0,1000.0,1000.0,1000.0,0.0,0.0,0.0
2024-11-30,CASH,1000.0,0.0,0.0,0.0,1000.0,1000.0,1000.0,0.0,0.0,0.0
2024-12-01,CASH,1000.0,0.0,0.0,0.0,1000.0,1000.0,1000.0,0.0,0.0,0.0
2024-12-02,CASH,1000.0,0.0,0.0,0.0,1000.0,1000.0,1000.0,0.0,0.0,0.0
2024-12-03,CASH,1000.0,0.0,0.0,0.0,1000.0,1000.0,1000.0,0.0,0.0,0.0
2024-12-04,CASH,1000.0,0.0,0.0,0.0,1000.0,1000.0,1000.0,0.0,0.0,0.0
2024-12-05,CASH,1000.0,0.0,0.0,0.0,1000.0,1000.0,1000.0,0.0,0.0,0.0
2024-12-06,CASH,1000.0,0.0,0.0,0.0,1000.0,1000.0,1000.0,0.0,0.0,0.0
2024-12-07,CASH,1000.0,0.0,0.0,0.0,1000.0,1000.0,1000.0,0.0,0.0,0.0
2024-12-08,CASH,1000.0,0.0,0.0,0.0,1000.0,1000.0,1000.0,0.0,0.0,0.0
2024-12-09,CASH,1000.0,0.0,0.0,0.0,1000.0,1000.0,1000.0,0.0,0.0,0.0
2024-12-10,CASH,1000.0,0.0,0.0,0.0,1000.0,1000.0,1000.0,0.0,0.0,0.0
2024-12-11,CASH,1000.0,0.0,0.0,0.0,1000.0,1000.0,1000.0,0.0,0.0,0.0
2024-12-12,CASH,1000.0,0.0,0.0,0.0,1000.0,1000.0,1000.0,0.0,0.0,0.0
2024-12-13,CASH,1000.0,0.0,0.0,0.0,1000.0,1000.0,1000.0,0.0,0.0,0.0
2024-12-14,CASH,1000.0,0.0,0.0,0.0,1000.0,1000.0,1000.0,0.0,0.0,0.0
2024-12-15,CASH,1000.0,0.0,0.0,0.0,1000.0,1000.0,1000.0,0.0,0.0,0.0
2024-12-16,CASH,1000.0,0.0,0.0,0.0,1000.0,1000.0,1000.0,0.0,0.0,0.0
2024-12-17,CASH,1000.0,0.0,0.0,0.0,1000.0,1000.0,1000.0,0.0,0.0,0.0
2024-12-18,CASH,1000.0,0.0,0.0,0.0,1000.0,1000.0,1000.0,0.0,0.0,0.0
2024-12-19,CASH,1000.0,0.0,0.0,0.0,1000.0,1000.0,1000.0,0.0,0.0,0.0
2024-12-20,CASH,1000.0,0.0,0.0,0.0,1000.0,1000.0,1000.0,0.0,0.0,0.0
2024-12-21,CASH,1000.0,0.0,0.0,0.0,1000.0,1000.0,1000.0,0.0,0.0,0.0
2024-12-22,CASH,1000.0,0.0,0.0,0.0,1000.0,1000.0,1000.0,0.0,0.0,0.0
2024-12-23,CASH,1000.0,0.0,0.0,0.0,1000.0,1000.0,1000.0,0.0,0.0,0.0
2024-12-24,CASH,1000.0,0.0,0.0,0.0,1000.0,1000.0,1000.0,0.0,0.0,0.0
2024-12-25,CASH,1000.0,0.0,0.0,0.0,1000.0,1000.0,1000.0,0.0,0.0,0.0
2024-12-26,CASH,1000.0,0.0,0.0,0.0,1000.0,1000.0,1000.0,0.0,0.0,0.0
2024-12-27,CASH,1000.0,0.0,0.0,0.0,1000.0,1000.0,1000.0,0.0,0.0,0.0
2024-12-28,CASH,1000.0,0.0,0.0,0.0,1000.0,1000.0,1000.0,0.0,0.0,0.0
2024-12-29,CASH,1000.0,0.0,0.0,0.0,1000.0,1000.0,1000.0,0.0,0.0,0.0
2024-12-30,CASH,1000.0,0.0,0.0,0.0,1000.0,1000.0,1000.0,0.0,0.0,0.0
2024-12-31,CASH,1000.0,0.0,0.0,0.0,1000.0,1000.0,1000.0,0.0,0.0,0.0
2025-01-01,CASH,1000.0,0.0,0.0,0.0,1000.0,1000.0,1000.0,0.0,0.0,0.0
2025-01-02,CASH,1000.0,0.0,0.0,0.0,1000.0,1000.0,1000.0,0.0,0.0,0.0
2025-01-03,CASH,1000.0,0.0,0.0,0.0,1000.0,1000.0,1000.0,0.0,0.0,0.0
2025-01-04,CASH,1000.0,0.0,0.0,0.0,1000.0,1000.0,1000.0,0.0,0.0,0.0
2025-01-05,CASH,1000.0,0.0,0.0,0.0,1000.0,1000.0,1000.0,0.0,0.0,0.0
2025-01-06,CASH,1000.0,0.0,0.0,0.0,1000.0,1000.0,1000.0,0.0,0.0,0.0
2025-01-07,CASH,1000.0,0.0,0.0,0.0,1000.0,1000.0,1000.0,0.0,0.0,0.0
2025-01-08,CASH,1000.0,0.0,0.0,0.0,1000.0,1000.0,1000.0,0.0,0.0,0.0
2025-01-09,CASH,1000.0,0.0,0.0,0.0,1000.0,1000.0,1000.0,0.0,0.0,0.0
2025-01-10,CASH,1000.0,0.0,0.0,0.0,1000.0,1000.0,1000.0,0.0,0.0,0.0
2025-01-11,CASH,1000.0,0.0,0.0,0.0,1000.0,1000.0,1000.0,0.0,0.0,0.0
2025-01-12,CASH,1000.0,0.0,0.0,0.0,1000.0,1000.0,1000.0,0.0,0.0,0.0
2025-01-13,CASH,1000.0,0.0,0.0,0.0,1000.0,1000.0,1000.0,0.0,0.0,0.0
2025-01-14,CASH,1000.0,0.0,0.0,0.0,1000.0,1000.0,1000.0,0.0,0.0,0.0
2025-01-15,CASH,1000.0,0.0,0.0,0.0,1000.0,1000.0,1000.0,0.0,0.0,0.0
2025-01-16,CASH,1000.0,0.0,0.0,0.0,1000.0,1000.0,1000.0,0.0,0.0,0.0
2025-01-17,CASH,1000.0,0.0,0.0,0.0,1000.0,1000.0,1000.0,0.0,0.0,0.0
2025-01-18,CASH,1000.0,0.0,0.0,0.0,1000.0,1000.0,1000.0,0.0,0.0,0.0
2025-01-19,CASH,1000.0,0.0,0.0,0.0,1000.0,1000.0,1000.0,0.0,0.0,0.0
2025-01-20,CASH,1000.0,0.0,0.0,0.0,1000.0,1000.0,1000.0,0.0,0.0,0.0
2025-01-21,CASH,1000.0,0.0,0.0,0.0,1000.0,1000.0,1000.0,0.0,0.0,0.0
2025-01-22,CASH,1000.0,0.0,0.0,0.0,1000.0,1000.0,1000.0,0.0,0.0,0.0
2025-01-23,CASH,1000.0,0.0,0.0,0.0,1000.0,1000.0,1000.0,0.0,0.0,0.0
2025-01-24,CASH,1000.0,0.0,0.0,0.0,1000.0,1000.0,1000.0,0.0,0.0,0.0
2025-01-25,CASH,1000.0,0.0,0.0,0.0,1000.0,1000.0,1000.0,0.0,0.0,0.0
2025-01-26,CASH,1000.0,0.0,0.0,0.0,1000.0,1000.0,1000.0,0.0,0.0,0.0
2025-01-27,CASH,1000.0,0.0,0.0,0.0,1000.0,1000.0,1000.0,0.0,0.0,0.0
2025-01-28,CASH,1000.0,0.0,0.0,0.0,1000.0,1000.0,1000.0,0.0,0.0,0.0
2025-01-29,CASH,1000.0,0.0,0.0,0.0,1000.0,1000.0,1000.0,0.0,0.0,0.0
2025-01-30,CASH,1000.0,0.0,0.0,0.0,1000.0,1000.0,1000.0,0.0,0.0,0.0
2025-01-31,CASH,1000.0,0.0,0.0,0.0,1000.0,1000.0,1000.0,0.0,0.0,0.0
2025-02-01,CASH,1000.0,0.0,0.0,0.0,1000.0,1000.0,1000.0,0.0,0.0,0.0
2025-02-02,CASH,1000.0,0.0,0.0,0.0,1000.0,1000.0,1000.0,0.0,0.0,0.0
2025-02-03,CASH,1000.0,0.0,0.0,0.0,1000.0,1000.0,1000.0,0.0,0.0,0.0
2025-02-04,CASH,1000.0,0.0,0.0,0.0,1000.0,1000.0,1000.0,0.0,0.0,0.0
2025-02-05,CASH,1000.0,0.0,0.0,0.0,1000.0,1000.0,1000.0,0.0,0.0,0.0
2025-02-06,CASH,1000.0,0.0,0.0,0.0,1000.0,1000.0,1000.0,0.0,0.0,0.0
2025-02-07,CASH,1000.0,0.0,0.0,0.0,1000.0,1000.0,1000.0,0.0,0.0,0.0
2025-02-08,CASH,1000.0,0.0,0.0,0.0,1000.0,1000.0,1000.0,0.0,0.0,0.0
2025-02-09,CASH,1000.0,0.0,0.0,0.0,1000.0,1000.0,1000.0,0.0,0.0,0.0
2025-02-10,CASH,1000.0,0.0,0.0,0.0,1000.0,1000.0,1000.0,0.0,0.0,0.0
2025-02-11,CASH,1000.0,0.0,0.0,0.0,1000.0,1000.0,1000.0,0.0,0.0,0.0
2025-02-12,CASH,1000.0,0.0,0.0,0.0,1000.0,1000.0,1000.0,0.0,0.0,0.0
2025-02-13,CASH,1000.0,0.0,0.0,0.0,1000.0,1000.0,1000.0,0.0,0.0,0.0
2025-02-14,CASH,1000.0,0.0,0.0,0.0,1000.0,1000.0,1000.0,0.0,0.0,0.0
2025-02-15,CASH,1000.0,0.0,0.0,0.0,1000.0,1000.0,1000.0,0.0,0.0,0.0
2025-02-16,CASH,1000.0,0.0,0.0,0.0,1000.0,1000.0,1000.0,0.0,0.0,0.0
2025-02-17,CASH,1000.0,0.0,0.0,0.0,1000.0,1000.0,1000.0,0.0,0.0,0.0
2025-02-18,CASH,1000.0,0.0,0.0,0.0,1000.0,1000.0,1000.0,0.0,0.0,0.0
2025-02-19,CASH,1000.0,0.0,0.0,0.0,1000.0,1000.0,1000.0,0.0,0.0,0.0
2025-02-20,CASH,1000.0,0.0,0.0,0.0,1000.0,1000.0,1000.0,0.0,0.0,0.0
2025-02-21,CASH,1000.0,0.0,0.0,0.0,1000.0,1000.0,1000.0,0.0,0.0,0.0
2025-02-22,CASH,1000.0,0.0,0.0,0.0,1000.0,1000.0,1000.0,0.0,0.0,0.0
2025-02-23,CASH,1000.0,0.0,0.0,0.0,1000.0,1000.0,1000.0,0.0,0.0,0.0
2025-02-24,CASH,1000.0,0.0,0.0,0.0,1000.0,1000.0,1000.0,0.0,0.0,0.0
2025-02-25,CASH,1000.0,0.0,0.0,0.0,1000.0,1000.0,1000.0,0.0,0.0,0.0
2025-02-26,CASH,1000.0,0.0,0.0,0.0,1000.0,1000.0,1000.0,0.0,0.0,0.0
2025-02-27,CASH,1000.0,0.0,0.0,0.0,1000.0,1000.0,1000.0,0.0,0.0,0.0
2025-02-28,CASH,1000.0,0.0,0.0,0.0,1000.0,1000.0,1000.0,0.0,0.0,0.0
2025-03-01,CASH,1000.0,0.0,0.0,0.0,1000.0,1000.0,1000.0,0.0,0.0,0.0
2025-03-02,CASH,1000.0,0.0,0.0,0.0,1000.0,1000.0,1000.0,0.0,0.0,0.0
2025-03-03,CASH,1000.0,0.0,0.0,0.0,1000.0,1000.0,1000.0,0.0,0.0,0.0
2025-03-04,CASH,1000.0,0.0,0.0,0.0,1000.0,1000.0,1000.0,0.0,0.0,0.0
2025-03-05,CASH,1000.0,0.0,0.0,0.0,1000.0,1000.0,1000.0,0.0,0.0,0.0
2025-03-06,CASH,1000.0,0.0,0.0,0.0,1000.0,1000.0,1000.0,0.0,0.0,0.0
2025-03-07,CASH,1000.0,0.0,0.0,0.0,1000.0,1000.0,1000.0,0.0,0.0,0.0
2025-03-08,CASH,1000.0,0.0,0.0,0.0,1000.0,1000.0,1000.0,0.0,0.0,0.0
2025-03-09,CASH,1000.0,0.0,0.0,0.0,1000.0,1000.0,1000.0,0.0,0.0,0.0
2025-03-10,CASH,1000.0,0.0,0.0,0.0,1000.0,1000.0,1000.0,0.0,0.0,0.0
2025-03-11,CASH,1000.0,0.0,0.0,0.0,1000.0,1000.0,1000.0,0.0,0.0,0.0
2025-03-12,CASH,1000.0,0.0,0.0,0.0,1000.0,1000.0,1000.0,0.0,0.0,0.0
2025-03-13,CASH,1000.0,0.0,0.0,0.0,1000.0,1000.0,1000.0,0.0,0.0,0.0
2025-03-14,CASH,1000.0,0.0,0.0,0.0,1000.0,1000.0,1000.0,0.0,0.0,0.0
2025-03-15,CASH,1000.0,0.0,0.0,0.0,1000.0,1000.0,1000.0,0.0,0.0,0.0
2025-03-16,CASH,1000.0,0.0,0.0,0.0,1000.0,1000.0,1000.0,0.0,0.0,0.0
2025-03-17,CASH,1000.0,0.0,0.0,0.0,1000.0,1000.0,1000.0,0.0,0.0,0.0
2025-03-18,CASH,1000.0,0.0,0.0,0.0,1000.0,1000.0,1000.0,0.0,0.0,0.0
2025-03-19,CASH,1000.0,0.0,0.0,0.0,1000.0,1000.0,1000.0,0.0,0.0,0.0
2025-03-20,CASH,1000.0,0.0,0.0,0.0,1000.0,1000.0,1000.0,0.0,0.0,0.0
2025-03-21,CASH,1000.0,0.0,0.0,0.0,1000.0,1000.0,1000.0,0.0,0.0,0.0
2025-03-22,CASH,1000.0,0.0,0.0,0.0,1000.0,1000.0,1000.0,0.0,0.0,0.0
2025-03-23,CASH,1000.0,0.0,0.0,0.0,1000.0,1000.0,1000.0,0.0,0.0,0.0
2025-03-24,CASH,1000.0,0.0,0.0,0.0,1000.0,1000.0,1000.0,0.0,0.0,0.0
2025-03-25,CASH,1000.0,0.0,0.0,0.0,1000.0,1000.0,1000.0,0.0,0.0,0.0
2025-03-26,CASH,1000.0,0.0,0.0,0.0,1000.0,1000.0,1000.0,0.0,0.0,0.0
2025-03-27,CASH,1000.0,0.0,0.0,0.0,1000.0,1000.0,1000.0,0.0,0.0,0.0
2025-03-28,CASH,1000.0,0.0,0.0,0.0,1000.0,1000.0,1000.0,0.0,0.0,0.0
2025-03-29,CASH,1000.0,0.0,0.0,0.0,1000.0,1000.0,1000.0,0.0,0.0,0.0
2025-03-30,CASH,1000.0,0.0,0.0,0.0,1000.0,1000.0,1000.0,0.0,0.0,0.0
2025-03-31,CASH,1000.0,0.0,0.0,0.0,1000.0,1000.0,1000.0,0.0,0.0,0.0
2025-04-01,CASH,1000.0,0.0,0.0,0.0,1000.0,1000.0,1000.0,0.0,0.0,0.0
2025-04-02,CASH,1000.0,0.0,0.0,0.0,1000.0,1000.0,1000.0,0.0,0.0,0.0
2025-04-03,CASH,1000.0,0.0,0.0,0.0,1000.0,1000.0,1000.0,0.0,0.0,0.0
2025-04-04,CASH,1000.0,0.0,0.0,0.0,1000.0,1000.0,1000.0,0.0,0.0,0.0
2025-04-05,CASH,1000.0,0.0,0.0,0.0,1000.0,1000.0,1000.0,0.0,0.0,0.0
2025-04-06,CASH,1000.0,0.0,0.0,0.0,1000.0,1000.0,1000.0,0.0,0.0,0.0
2025-04-07,CASH,1000.0,0.0,0.0,0.0,1000.0,1000.0,1000.0,0.0,0.0,0.0
2025-04-08,CASH,1000.0,0.0,0.0,0.0,1000.0,1000.0,1000.0,0.0,0.0,0.0
2025-04-09,CASH,1000.0,0.0,0.0,0.0,1000.0,1000.0,1000.0,0.0,0.0,0.0
2025-04-10,CASH,1000.0,0.0,0.0,0.0,1000.0,1000.0,1000.0,0.0,0.0,0.0
2025-04-11,CASH,1000.0,0.0,0.0,0.0,1000.0,1000.0,1000.0,0.0,0.0,0.0
2025-04-12,CASH,1000.0,0.0,0.0,0.0,1000.0,1000.0,1000.0,0.0,0.0,0.0
2025-04-13,CASH,1000.0,0.0,0.0,0.0,1000.0,1000.0,1000.0,0.0,0.0,0.0
2025-04-14,CASH,1000.0,0.0,0.0,0.0,1000.0,1000.0,1000.0,0.0,0.0,0.0
2025-04-15,CASH,1000.0,0.0,0.0,0.0,1000.0,1000.0,1000.0,0.0,0.0,0.0
2025-04-16,CASH,1000.0,0.0,0.0,0.0,1000.0,1000.0,1000.0,0.0,0.0,0.0
2025-04-17,CASH,1000.0,0.0,0.0,0.0,1000.0,1000.0,1000.0,0.0,0.0,0.0
2025-04-18,CASH,1000.0,0.0,0.0,0.0,1000.0,1000.0,1000.0,0.0,0.0,0.0
2025-04-19,CASH,1000.0,0.0,0.0,0.0,1000.0,1000.0,1000.0,0.0,0.0,0.0
2025-04-20,CASH,1000.0,0.0,0.0,0.0,1000.0,1000.0,1000.0,0.0,0.0,0.0
2025-04-21,CASH,1000.0,0.0,0.0,0.0,1000.0,1000.0,1000.0,0.0,0.0,0.0
2025-04-22,CASH,1000.0,0.0,0.0,0.0,1000.0,1000.0,1000.0,0.0,0.0,0.0
2025-04-23,CASH,1000.0,0.0,0.0,0.0,1000.0,1000.0,1000.0,0.0,0.0,0.0
2025-04-24,CASH,1000.0,0.0,0.0,0.0,1000.0,1000.0,1000.0,0.0,0.0,0.0
2025-04-25,CASH,1000.0,0.0,0.0,0.0,1000.0,1000.0,1000.0,0.0,0.0,0.0
2025-04-26,CASH,1000.0,0.0,0.0,0.0,1000.0,1000.0,1000.0,0.0,0.0,0.0
2025-04-27,CASH,1000.0,0.0,0.0,0.0,1000.0,1000.0,1000.0,0.0,0.0,0.0
2025-04-28,CASH,1000.0,0.0,0.0,0.0,1000.0,1000.0,1000.0,0.0,0.0,0.0
2025-04-29,CASH,1000.0,0.0,0.0,0.0,1000.0,1000.0,1000.0,0.0,0.0,0.0
2025-04-30,CASH,1000.0,0.0,0.0,0.0,1000.0,1000.0,1000.0,0.0,0.0,0.0
2025-05-01,CASH,1000.0,0.0,0.0,0.0,1000.0,1000.0,1000.0,0.0,0.0,0.0
2025-05-02,CASH,1000.0,0.0,0.0,0.0,1000.0,1000.0,1000.0,0.0,0.0,0.0
2025-05-03,CASH,1000.0,0.0,0.0,0.0,1000.0,1000.0,1000.0,0.0,0.0,0.0
2025-05-04,CASH,1000.0,0.0,0.0,0.0,1000.0,1000.0,1000.0,0.0,0.0,0.0
2025-05-05,CASH,1000.0,0.0,0.0,0.0,1000.0,1000.0,1000.0,0.0,0.0,0.0
2025-05-06,CASH,1000.0,0.0,0.0,0.0,1000.0,1000.0,1000.0,0.0,0.0,0.0
2025-05-07,CASH,1000.0,0.0,0.0,0.0,1000.0,1000.0,1000.0,0.0,0.0,0.0
2025-05-08,CASH,1000.0,0.0,0.0,0.0,1000.0,1000.0,1000.0,0.0,0.0,0.0
2025-05-09,CASH,1000.0,0.0,0.0,0.0,1000.0,1000.0,1000.0,0.0,0.0,0.0
2025-05-10,CASH,1000.0,0.0,0.0,0.0,1000.0,1000.0,1000.0,0.0,0.0,0.0
2025-05-11,CASH,1000.0,0.0,0.0,0.0,1000.0,1000.0,1000.0,0.0,0.0,0.0
2025-05-12,CASH,1000.0,0.0,0.0,0.0,1000.0,1000.0,1000.0,0.0,0.0,0.0
2025-05-13,CASH,1000.0,0.0,0.0,0.0,1000.0,1000.0,1000.0,0.0,0.0,0.0
2025-05-14,CASH,1000.0,0.0,0.0,0.0,1000.0,1000.0,1000.0,0.0,0.0,0.0
2025-05-15,CASH,1000.0,0.0,0.0,0.0,1000.0,1000.0,1000.0,0.0,0.0,0.0
2025-05-16,CASH,1000.0,0.0,0.0,0.0,1000.0,1000.0,1000.0,0.0,0.0,0.0
2025-05-17,CASH,1000.0,0.0,0.0,0.0,1000.0,1000.0,1000.0,0.0,0.0,0.0
2025-05-18,CASH,1000.0,0.0,0.0,0.0,1000.0,1000.0,1000.0,0.0,0.0,0.0
2025-05-19,CASH,1000.0,0.0,0.0,0.0,1000.0,1000.0,1000.0,0.0,0.0,0.0
2025-05-20,CASH,1000.0,0.0,0.0,0.0,1000.0,1000.0,1000.0,0.0,0.0,0.0
2025-05-21,CASH,1000.0,0.0,0.0,0.0,1000.0,1000.0,1000.0,0.0,0.0,0.0
2025-05-22,CASH,1000.0,0.0,0.0,0.0,1000.0,1000.0,1000.0,0.0,0.0,0.0
2025-05-23,CASH,1000.0,0.0,0.0,0.0,1000.0,1000.0,1000.0,0.0,0.0,0.0
2025-05-24,CASH,1000.0,0.0,0.0,0.0,1000.0,1000.0,1000.0,0.0,0.0,0.0
2025-05-25,CASH,1000.0,0.0,0.0,0.0,1000.0,1000.0,1000.0,0.0,0.0,0.0
2025-05-26,CASH,1000.0,0.0,0.0,0.0,1000.0,1000.0,1000.0,0.0,0.0,0.0
2025-05-27,CASH,1000.0,0.0,0.0,0.0,1000.0,1000.0,1000.0,0.0,0.0,0.0
2025-05-28,CASH,1000.0,0.0,0.0,0.0,1000.0,1000.0,1000.0,0.0,0.0,0.0
2025-05-29,CASH,1000.0,0.0,0.0,0.0,1000.0,1000.0,1000.0,0.0,0.0,0.0
2025-05-30,CASH,1000.0,0.0,0.0,0.0,1000.0,1000.0,1000.0,0.0,0.0,0.0
2025-05-31,CASH,1000.0,0.0,0.0,0.0,1000.0,1000.0,1000.0,0.0,0.0,0.0
2025-06-01,CASH,1000.0,0.0,0.0,0.0,1000.0,1000.0,1000.0,0.0,0.0,0.0
2025-06-02,CASH,1000.0,0.0,0.0,0.0,1000.0,1000.0,1000.0,0.0,0.0,0.0
2025-06-03,CASH,1000.0,0.0,0.0,0.0,1000.0,1000.0,1000.0,0.0,0.0,0.0
2025-06-04,CASH,1000.0,0.0,0.0,0.0,1000.0,1000.0,1000.0,0.0,0.0,0.0
2025-06-05,CASH,1000.0,0.0,0.0,0.0,1000.0,1000.0,1000.0,0.0,0.0,0.0
2025-06-06,CASH,1000.0,0.0,0.0,0.0,1000.0,1000.0,1000.0,0.0,0.0,0.0
2025-06-07,CASH,1000.0,0.0,0.0,0.0,1000.0,1000.0,1000.0,0.0,0.0,0.0
2025-06-08,CASH,1000.0,0.0,0.0,0.0,1000.0,1000.0,1000.0,0.0,0.0,0.0
2025-06-09,CASH,1000.0,0.0,0.0,0.0,1000.0,1000.0,1000.0,0.0,0.0,0.0
2025-06-10,CASH,1000.0,0.0,0.0,0.0,1000.0,1000.0,1000.0,0.0,0.0,0.0
2025-06-11,CASH,1000.0,0.0,0.0,0.0,1000.0,1000.0,1000.0,0.0,0.0,0.0
2025-06-12,CASH,1000.0,0.0,0.0,0.0,1000.0,1000.0,1000.0,0.0,0.0,0.0
2025-06-13,CASH,1000.0,0.0,0.0,0.0,1000.0,1000.0,1000.0,0.0,0.0,0.0
2025-06-14,CASH,1000.0,0.0,0.0,0.0,1000.0,1000.0,1000.0,0.0,0.0,0.0
2025-06-15,CASH,1000.0,0.0,0.0,0.0,1000.0,1000.0,1000.0,0.0,0.0,0.0
2025-06-16,CASH,1000.0,0.0,0.0,0.0,1000.0,1000.0,1000.0,0.0,0.0,0.0
2025-06-17,CASH,1000.0,0.0,0.0,0.0,1000.0,1000.0,1000.0,0.0,0.0,0.0
2025-06-18,CASH,1000.0,0.0,0.0,0.0,1000.0,1000.0,1000.0,0.0,0.0,0.0
2025-06-19,CASH,1000.0,0.0,0.0,0.0,1000.0,1000.0,1000.0,0.0,0.0,0.0
2025-06-20,CASH,1000.0,0.0,0.0,0.0,1000.0,1000.0,1000.0,0.0,0.0,0.0
2025-06-21,CASH,1000.0,0.0,0.0,0.0,1000.0,1000.0,1000.0,0.0,0.0,0.0
2025-06-22,CASH,1000.0,0.0,0.0,0.0,1000.0,1000.0,1000.0,0.0,0.0,0.0
2025-06-23,CASH,1000.0,0.0,0.0,0.0,1000.0,1000.0,1000.0,0.0,0.0,0.0
2025-06-24,CASH,1000.0,0.0,0.0,0.0,1000.0,1000.0,1000.0,0.0,0.0,0.0
2025-06-25,CASH,1000.0,0.0,0.0,0.0,1000.0,1000.0,1000.0,0.0,0.0,0.0
2025-06-26,CASH,1000.0,0.0,0.0,0.0,1000.0,1000.0,1000.0,0.0,0.0,0.0
2025-06-27,CASH,1000.0,0.0,0.0,0.0,1000.0,1000.0,1000.0,0.0,0.0,0.0
2025-06-28,CASH,1000.0,0.0,0.0,0.0,1000.0,1000.0,1000.0,0.0,0.0,0.0
2025-06-29,CASH,1000.0,0.0,0.0,0.0,1000.0,1000.0,1000.0,0.0,0.0,0.0
2025-06-30,CASH,1000.0,0.0,0.0,0.0,1000.0,1000.0,1000.0,0.0,0.0,0.0
2025-07-01,CASH,1000.0,0.0,0.0,0.0,1000.0,1000.0,1000.0,0.0,0.0,0.0
2025-07-02,CASH,1000.0,0.0,0.0,0.0,1000.0,1000.0,1000.0,0.0,0.0,0.0
2025-07-03,CASH,1000.0,0.0,0.0,0.0,1000.0,1000.0,1000.0,0.0,0.0,0.0
2025-07-04,CASH,1000.0,0.0,0.0,0.0,1000.0,1000.0,1000.0,0.0,0.0,0.0
2025-07-05,CASH,1000.0,0.0,0.0,0.0,1000.0,1000.0,1000.0,0.0,0.0,0.0
2025-07-06,CASH,1000.0,0.0,0.0,0.0,1000.0,1000.0,1000.0,0.0,0.0,0.0
2025-07-07,CASH,1000.0,0.0,0.0,0.0,1000.0,1000.0,1000.0,0.0,0.0,0.0
2025-07-08,CASH,1000.0,0.0,0.0,0.0,1000.0,1000.0,1000.0,0.0,0.0,0.0
2025-07-09,CASH,1000.0,0.0,0.0,0.0,1000.0,1000.0,1000.0,0.0,0.0,0.0
2025-07-10,CASH,1000.0,0.0,0.0,0.0,1000.0,1000.0,1000.0,0.0,0.0,0.0
2025-07-11,CASH,1000.0,0.0,0.0,0.0,1000.0,1000.0,1000.0,0.0,0.0,0.0
2025-07-12,CASH,1000.0,0.0,0.0,0.0,1000.0,1000.0,1000.0,0.0,0.0,0.0
2025-07-13,CASH,1000.0,0.0,0.0,0.0,1000.0,1000.0,1000.0,0.0,0.0,0.0
2025-07-14,CASH,1000.0,0.0,0.0,0.0,1000.0,1000.0,1000.0,0.0,0.0,0.0
2025-07-15,CASH,1000.0,0.0,0.0,0.0,1000.0,1000.0,1000.0,0.0,0.0,0.0
2025-07-16,CASH,1000.0,0.0,0.0,0.0,1000.0,1000.0,1000.0,0.0,0.0,0.0
2025-07-17,CASH,1000.0,0.0,0.0,0.0,1000.0,1000.0,1000.0,0.0,0.0,0.0
2025-07-18,CASH,1000.0,0.0,0.0,0.0,1000.0,1000.0,1000.0,0.0,0.0,0.0
2025-07-19,CASH,1000.0,0.0,0.0,0.0,1000.0,1000.0,1000.0,0.0,0.0,0.0
2025-07-20,CASH,1000.0,0.0,0.0,0.0,1000.0,1000.0,1000.0,0.0,0.0,0.0
2025-07-21,CASH,1000.0,0.0,0.0,0.0,1000.0,1000.0,1000.0,0.0,0.0,0.0
2025-07-22,CASH,1000.0,0.0,0.0,0.0,1000.0,1000.0,1000.0,0.0,0.0,0.0
2025-07-23,CASH,1000.0,0.0,0.0,0.0,1000.0,1000.0,1000.0,0.0,0.0,0.0
2025-07-24,CASH,1000.0,0.0,0.0,0.0,1000.0,1000.0,1000.0,0.0,0.0,0.0
2025-07-25,CASH,1000.0,0.0,0.0,0.0,1000.0,1000.0,1000.0,0.0,0.0,0.0
2025-07-26,CASH,1000.0,0.0,0.0,0.0,1000.0,1000.0,1000.0,0.0,0.0,0.0
2025-07-27,CASH,1000.0,0.0,0.0,0.0,1000.0,1000.0,1000.0,0.0,0.0,0.0
2025-07-28,CASH,1000.0,0.0,0.0,0.0,1000.0,1000.0,1000.0,0.0,0.0,0.0
2025-07-29,CASH,1000.0,0.0,0.0,0.0,1000.0,1000.0,1000.0,0.0,0.0,0.0
2025-07-30,CASH,1000.0,0.0,0.0,0.0,1000.0,1000.0,1000.0,0.0,0.0,0.0
2025-07-31,CASH,1000.0,0.0,0.0,0.0,1000.0,1000.0,1000.0,0.0,0.0,0.0
2025-08-01,CASH,1000.0,0.0,0.0,0.0,1000.0,1000.0,1000.0,0.0,0.0,0.0
2025-08-02,CASH,1000.0,0.0,0.0,0.0,1000.0,1000.0,1000.0,0.0,0.0,0.0
2025-08-03,CASH,1000.0,0.0,0.0,0.0,1000.0,1000.0,1000.0,0.0,0.0,0.0
2025-08-04,CASH,1000.0,0.0,0.0,0.0,1000.0,1000.0,1000.0,0.0,0.0,0.0
2025-08-05,CASH,1000.0,0.0,0.0,0.0,1000.0,1000.0,1000.0,0.0,0.0,0.0
2025-08-06,CASH,1000.0,0.0,0.0,0.0,1000.0,1000.0,1000.0,0.0,0.0,0.0
2025-08-07,CASH,1000.0,0.0,0.0,0.0,1000.0,1000.0,1000.0,0.0,0.0,0.0
2025-08-08,CASH,1000.0,0.0,0.0,0.0,1000.0,1000.0,1000.0,0.0,0.0,0.0
2025-08-09,CASH,1000.0,0.0,0.0,0.0,1000.0,1000.0,1000.0,0.0,0.0,0.0
2025-08-10,CASH,1000.0,0.0,0.0,0.0,1000.0,1000.0,1000.0,0.0,0.0,0.0
2025-08-11,CASH,1000.0,0.0,0.0,0.0,1000.0,1000.0,1000.0,0.0,0.0,0.0
2025-08-12,CASH,1000.0,0.0,0.0,0.0,1000.0,1000.0,1000.0,0.0,0.0,0.0
2025-08-13,CASH,1000.0,0.0,0.0,0.0,1000.0,1000.0,1000.0,0.0,0.0,0.0
2025-08-14,CASH,1000.0,0.0,0.0,0.0,1000.0,1000.0,1000.0,0.0,0.0,0.0
2025-08-15,CASH,1000.0,0.0,0.0,0.0,1000.0,1000.0,1000.0,0.0,0.0,0.0
2025-08-16,CASH,1000.0,0.0,0.0,0.0,1000.0,1000.0,1000.0,0.0,0.0,0.0
2025-08-17,CASH,1000.0,0.0,0.0,0.0,1000.0,1000.0,1000.0,0.0,0.0,0.0
2025-08-18,CASH,1000.0,0.0,0.0,0.0,1000.0,1000.0,1000.0,0.0,0.0,0.0
2025-08-19,CASH,1000.0,0.0,0.0,0.0,1000.0,1000.0,1000.0,0.0,0.0,0.0
2025-08-20,CASH,1000.0,0.0,0.0,0.0,1000.0,1000.0,1000.0,0.0,0.0,0.0
2025-08-21,CASH,1000.0,0.0,0.0,0.0,1000.0,1000.0,1000.0,0.0,0.0,0.0
2025-08-22,CASH,1000.0,0.0,0.0,0.0,1000.0,1000.0,1000.0,0.0,0.0,0.0
2025-08-23,CASH,1000.0,0.0,0.0,0.0,1000.0,1000.0,1000.0,0.0,0.0,0.0
2025-08-24,CASH,1000.0,0.0,0.0,0.0,1000.0,1000.0,1000.0,0.0,0.0,0.0
2025-08-25,CASH,1000.0,0.0,0.0,0.0,1000.0,1000.0,1000.0,0.0,0.0,0.0
2025-08-26,CASH,1000.0,0.0,0.0,0.0,1000.0,1000.0,1000.0,0.0,0.0,0.0
2025-08-27,CASH,1000.0,0.0,0.0,0.0,1000.0,1000.0,1000.0,0.0,0.0,0.0
2025-08-28,CASH,1000.0,0.0,0.0,0.0,1000.0,1000.0,1000.0,0.0,0.0,0.0
2025-08-29,CASH,1000.0,0.0,0.0,0.0,1000.0,1000.0,1000.0,0.0,0.0,0.0
2025-08-30,CASH,1000.0,0.0,0.0,0.0,1000.0,1000.0,1000.0,0.0,0.0,0.0
2025-08-31,CASH,1000.0,0.0,0.0,0.0,1000.0,1000.0,1000.0,0.0,0.0,0.0
2025-09-01,CASH,1000.0,0.0,0.0,0.0,1000.0,1000.0,1000.0,0.0,0.0,0.0
2025-09-02,CASH,1000.0,0.0,0.0,0.0,1000.0,1000.0,1000.0,0.0,0.0,0.0
2025-09-03,CASH,1000.0,0.0,0.0,0.0,1000.0,1000.0,1000.0,0.0,0.0,0.0
2025-09-04,CASH,1000.0,0.0,0.0,0.0,1000.0,1000.0,1000.0,0.0,0.0,0.0
2025-09-05,CASH,1000.0,0.0,0.0,0.0,1000.0,1000.0,1000.0,0.0,0.0,0.0
2025-09-06,CASH,1000.0,0.0,0.0,0.0,1000.0,1000.0,1000.0,0.0,0.0,0.0
2025-09-07,CASH,1000.0,0.0,0.0,0.0,1000.0,1000.0,1000.0,0.0,0.0,0.0
2025-09-08,CASH,1000.0,0.0,0.0,0.0,1000.0,1000.0,1000.0,0.0,0.0,0.0
2025-09-09,CASH,1000.0,0.0,0.0,0.0,1000.0,1000.0,1000.0,0.0,0.0,0.0
2025-09-10,CASH,1000.0,0.0,0.0,0.0,1000.0,1000.0,1000.0,0.0,0.0,0.0
2025-09-11,CASH,1000.0,0.0,0.0,0.0,1000.0,1000.0,1000.0,0.0,0.0,0.0
2025-09-12,CASH,1000.0,0.0,0.0,0.0,1000.0,1000.0,1000.0,0.0,0.0,0.0
2025-09-13,CASH,1000.0,0.0,0.0,0.0,1000.0,1000.0,1000.0,0.0,0.0,0.0
2025-09-14,CASH,1000.0,0.0,0.0,0.0,1000.0,1000.0,1000.0,0.0,0.0,0.0
2025-09-15,CASH,1000.0,0.0,0.0,0.0,1000.0,1000.0,1000.0,0.0,0.0,0.0
2025-09-16,CASH,1000.0,0.0,0.0,0.0,1000.0,1000.0,1000.0,0.0,0.0,0.0
2025-09-17,CASH,1000.0,0.0,0.0,0.0,1000.0,1000.0,1000.0,0.0,0.0,0.0
2025-09-18,CASH,1000.0,0.0,0.0,0.0,1000.0,1000.0,1000.0,0.0,0.0,0.0
2025-09-19,CASH,1000.0,0.0,0.0,0.0,1000.0,1000.0,1000.0,0.0,0.0,0.0
2025-09-20,CASH,1000.0,0.0,0.0,0.0,1000.0,1000.0,1000.0,0.0,0.0,0.0
2025-09-21,CASH,1000.0,0.0,0.0,0.0,1000.0,1000.0,1000.0,0.0,0.0,0.0
2025-09-22,CASH,1000.0,0.0,0.0,0.0,1000.0,1000.0,1000.0,0.0,0.0,0.0
2025-09-23,CASH,1000.0,0.0,0.0,0.0,1000.0,1000.0,1000.0,0.0,0.0,0.0
2025-09-24,CASH,1000.0,0.0,0.0,0.0,1000.0,1000.0,1000.0,0.0,0.0,0.0
2025-09-25,CASH,1000.0,0.0,0.0,0.0,1000.0,1000.0,1000.0,0.0,0.0,0.0
2025-09-26,CASH,1000.0,0.0,0.0,0.0,1000.0,1000.0,1000.0,0.0,0.0,0.0
2023-01-10,STOCK,1072.2519054469642,-0.0103357034161079,0.003967054877741294,0.03514701817389865,1074.5723537519532,1060.2620675232756,1038.0422648186338,-0.010389487718698298,0.017366442159096766,24.566489800716226
2023-01-11,STOCK,1082.8670745877089,0.009899883681083077,-0.0005381419966065115,0.013906211940670543,1079.5230348785528,1068.4858353620662,1046.3289722774048,0.009851200871718646,0.016422852082323695,41.118839193952226
2023-01-12,STOCK,1071.80470564629,-0.010215814296164583,-0.00041706598832103037,-0.010748458734068711,1075.641228560321,1075.6777682979716,1052.6120115529409,-0.010268353856249135,0.01745556834820374,35.95966467952735
2023-01-13,STOCK,1060.8062937054342,-0.010261582061466878,-0.02037256594090653,-0.010674368292923564,1071.8260246464777,1074.2360207974766,1058.1744029885083,-0.010314595071404753,0.012384760287099625,-7.208737502475742
2023-01-14,STOCK,1064.8868174760048,0.003846624774743068,-0.006454429742509538,-0.016604306783036926,1065.832605609243,1070.5233593724804,1062.9360644678065,0.003839245431320748,0.009641368465015388,-18.563307124980383
2023-01-15,STOCK,1023.883667237499,-0.038504702627168874,-0.034806190995495645,-0.04471060647181513,1049.8589261396462,1060.8497117305874,1060.5558896269315,-0.039265604893156336,0.018968984396918208,-48.368238209465176
2023-01-16,STOCK,988.1750283735361,-0.03487567973450256,-0.07203750468457393,-0.06846798116006136,1025.6485043623466,1041.911302487753,1055.1985689249095,-0.03549835665026002,0.0183967406636015,-94.69204621417282
2023-01-17,STOCK,976.1478745025624,-0.012171076505312461,-0.046622281673591615,-0.0833318072091187,996.0688567045325,1022.7799362590074,1049.2288522784895,-0.012245750584820136,0.01820109050361935,-95.65683114372746
2023-01-18,STOCK,955.6172466705572,-0.02103229271739948,-0.03294738357896643,-0.0666740009156791,973.3133831822184,1001.7421268520318,1037.9890738247543,-0.02125662240668813,0.017588773932342285,-105.18904703487704
2023-01-19,STOCK,960.6810018907867,0.005298936617010641,-0.015844804886408825,-0.027823033059237057,964.1487076879688,980.9009637349882,1025.7121615537342,0.0052849466519049315,0.018101249038889218,-104.20581558521815
2023-01-20,STOCK,942.4491149598002,-0.018978086269118344,-0.013779713328359922,-0.034522187081475586,952.9157878403813,964.6140532794485,1012.7318825050181,-0.01916048151042382,0.014860142981442514,-81.4345522776988
2023-01-21,STOCK,915.2853315331677,-0.02882254648601501,-0.04725363598142618,-0.042205093386404435,939.4718161279183,950.036113911375,995.9737081995638,-0.029246074026706204,0.013018669695837778,-72.8896968403684
2023-01-22,STOCK,941.5701271195222,0.028717597322712063,-0.0009326634471034101,-0.019893049548862618,933.1015245374966,943.1205644347668,982.9502503468872,0.028312975378431027,0.023683937557443434,-34.57774738304022
2023-01-23,STOCK,936.3911680641934,-0.005500343422292331,0.023059297252881805,-0.006427876900139351,931.0822089056278,939.2753487134939,970.5087377827629,-0.005515526009729932,0.022359667197508665,-19.226078606363785
2023-01-24,STOCK,936.7194907311359,0.0003506255485314913,-0.00515164643469046,0.02341800798016136,938.2269286382839,934.4830464815639,957.6920051082761,0.0003505640937584431,0.02194895558601123,-23.96151115965074
2023-01-25,STOCK,909.4944576925247,-0.02906423247087697,-0.02872379758479815,-0.0340661502559817,927.5350388292846,927.8921150281088,946.2530841537788,-0.02949496372426985,0.024000424749358446,-32.95465726727548
2023-01-26,STOCK,898.7467111362968,-0.011817275482355338,-0.04053804791144078,-0.0402016360381946,914.9868865199857,924.5843909487346,937.3102524300548,-0.01188765449050333,0.021076868537655447,-16.538620396870897
2023-01-27,STOCK,899.8424581008728,0.0012191944081672013,-0.010612488630376005,-0.03936827726460512,902.6945423098981,916.2388571450047,929.6797107898858,0.0012184517941973283,0.012573302930753373,-41.72766901864941
2023-01-28,STOCK,878.4858758292229,-0.02373369035811357,-0.022543431932516178,-0.03409430546940728,892.3583483554643,904.6577986980107,921.9665737057524,-0.02401987154844587,0.013918409447088855,-57.90529223497049
2023-01-29,STOCK,884.2269763575558,0.006535222348240666,-0.01735357295350748,-0.01615553592444685,887.5184367625506,894.1592958232947,914.3211711524293,0.006513960366913096,0.015548088129214384,-52.49251437358009
2023-01-30,STOCK,872.7952711374779,-0.01292847371290251,-0.0064777418149989385,-0.030057691454655644,878.5027077747523,886.8194585122852,907.3557867701969,-0.013012773798376287,0.012167895530944611,-36.69918655504682
2023-01-31,STOCK,866.8510315864564,-0.0068105771738137255,-0.019651000518754902,-0.013244201828269686,874.6244263604967,880.4403226023172,902.512356775526,-0.006833874995865408,0.011997602971131104,-31.895679549840338
2023-02-01,STOCK,855.6256957810252,-0.012949555801862855,-0.019671939026521423,-0.03234608459283772,865.0906661683199,871.5969701383477,893.9179136416763,-0.013034132244587937,0.011152857156799305,-44.21676231984759
2023-02-02,STOCK,887.0297953692948,0.03670308143282619,0.02327823702984877,0.016309121626272738,869.8355075789256,873.305754046362,888.9817763721863,0.03604556369017864,0.020669430694131113,8.543919540071897
2023-02-03,STOCK,885.9040317439366,-0.001269138456492902,0.03538736168421508,0.021979555267541695,876.1865076314189,873.6411651236382,883.9002304734664,-0.0012699444947585903,0.02053107444333338,1.6770553863807436
2023-02-04,STOCK,866.4933285714601,-0.0219106161355489,-0.023151946986498695,0.012701386650753488,879.8090518948972,872.3807766104346,879.6001175613599,-0.022154218579117924,0.02234833668827117,-6.3019425660178285
2023-02-05,STOCK,879.9853926607119,0.01557088051848643,-0.006680903202995414,-0.007941562668309365,877.4609176587028,875.0076488252856,877.7239857138014,0.01545089824206336,0.023211497099762238,13.13436107425548
2023-02-06,STOCK,857.9007656820559,-0.02509658360564515,-0.009916478991904398,-0.031609818962845426,868.1264956380759,875.4626628054918,873.5298164719197,-0.025416872999420193,0.02586040532295756,2.2750699010306334
2023-02-07,STOCK,860.630884546178,0.0031823247784976694,-0.02199412430701142,-0.006765711670218222,866.1723476296485,870.1828806408685,871.7443173436153,0.003177271900095313,0.017354404718967632,-26.398910823116807
2023-02-08,STOCK,826.7251587236774,-0.03939636193788176,-0.0363394091781617,-0.0605239977631874,848.4189363173037,858.3471060368167,865.9941355802275,-0.04019340247759562,0.02261191883162558,-59.178873020259175
2023-02-09,STOCK,804.2487272040185,-0.02718730799768898,-0.06551258890957712,-0.06253874646606994,830.5349234912914,845.8981857633283,859.1394811868815,-0.027563720977968664,0.023230879336710912,-62.244601367441646
2023-02-10,STOCK,806.6144590867449,0.0029415425883867474,-0.02432573803364102,-0.06276375439154347,812.5294483381468,831.2239990485348,853.1158239369104,0.002937224717381781,0.019520097293059906,-73.37093357396702
2023-02-11,STOCK,817.797818044757,0.013864565446389365,0.016846891244506113,-0.010798438374250874,809.5536681118401,823.2034095210751,849.3330361632836,0.013769331599908341,0.023050025357690497,-40.102947637298826
2023-02-12,STOCK,819.7853235809224,0.0024303140608974427,0.016328574755639425,0.019318148542077473,814.732533570808,815.0342973280241,842.6085889844462,0.0024273656237996377,0.022948524230296908,-40.84556096525557
2023-02-13,STOCK,817.0738968771128,-0.003307483832432845,-0.0008852079959995596,0.012967084426195541,818.219012834264,813.1040449587111,835.7255754977639,-0.0033129656477646208,0.015388874525668155,-9.65126184656458
2023-02-14,STOCK,811.3564412734997,-0.00699747675879181,-0.010281816549977063,-0.007876490532412683,816.071887243845,814.5255877726074,830.2118867679679,-0.007022073911786109,0.007888521451977885,7.10771406948129
2023-02-15,STOCK,786.9282113142332,-0.030107889352457895,-0.03689468685524966,-0.04008014210740607,805.119516488282,810.5883382181052,820.90616863332,-0.030570439807348748,0.01634180885796067,-19.686247772511706
2023-02-16,STOCK,774.9047681036185,-0.01527895815367275,-0.04492683032461908,-0.05160993263236813,791.0631402304504,802.0097282298773,812.6065688754762,-0.015396884167893532,0.012818834964514277,-42.89304994113854
2023-02-17,STOCK,767.0311141013093,-0.010160802109371425,-0.025284513792807273,-0.05463113980166068,776.2880311730537,791.4588863339548,803.2465918309894,-0.010212775419196518,0.01062248952987665,-52.75420947961311
2023-02-18,STOCK,782.6376449558123,0.020346672472065785,0.009979131850121448,-0.005452297041499188,774.8578423869134,784.5716359496946,798.8378404542029,0.020142444524378966,0.018439876346821395,-34.43625192130048
2023-02-19,STOCK,787.2471004471686,0.005889641932080192,0.026356149019515662,0.01592754729559198,778.9719531680967,779.7497677844284,797.1376777785179,0.00587236579136885,0.01958398856350726,-24.109340826331163
2023-02-20,STOCK,759.2122432845869,-0.03561125489907491,-0.029931350507102272,-0.010193681420451073,776.365662895856,774.2065741784992,792.397456198302,-0.03626080310725488,0.021443459700640332,-27.71596802964632
2023-02-21,STOCK,763.3854289726893,0.005496731283004541,-0.0303102691149012,-0.024599143814772684,769.9482575681482,771.9027063523133,786.9562172910953,0.005481679387895788,0.021474028186054192,-11.519339130929211
2023-02-22,STOCK,756.7715371115956,-0.008663895864496896,-0.0032147876889233595,-0.038711559964161646,759.7897364562905,769.8507909543705,780.6548386441626,-0.008701645608326203,0.021357373598893056,-10.25957698971365
2023-02-23,STOCK,745.8488513169317,-0.014433267187020649,-0.022972114727624615,-0.017601654986280302,755.3352724670722,762.4930322265943,773.5323340881445,-0.01453844000611948,0.017340995475800276,-36.788793638880634
2023-02-24,STOCK,754.2746004437499,0.01129685875622255,-0.0032994590116006695,-0.01193476870681176,752.2983296240924,755.8985322259107,767.8241500051696,0.011233525776817466,0.018655084312928713,-32.972500003418645
2023-02-25,STOCK,769.2195917823907,0.019813727427449468,0.03133441906385426,0.016448893834334788,756.4476811810241,757.9000019254714,766.0532880519852,0.019619990449919023,0.014088767054519518,10.007348497803832
2023-02-26,STOCK,782.8977391404466,0.017781849947895445,0.03794790210336818,0.049673452949747565,768.797310455529,761.8024639590229,766.8525851556681,0.017625602382324246,0.015664299400044317,19.512310167757278
2023-02-27,STOCK,769.0974893394801,-0.017627142232033877,-0.00015873548231870593,0.01965184680355092,773.7382734207725,764.2676544045997,767.0592226794852,-0.017784350464452814,0.01800862263919319,12.3259522278845
2023-02-28,STOCK,763.5919030388527,-0.007158502500581254,-0.024659460790869003,-0.007316101674552877,771.8623771729266,767.816264748984,765.1546484877892,-0.007184247517024289,0.01642517582680225,17.743051721921006
2023-03-01,STOCK,767.8994167176668,0.005641120160744917,-0.001557764312613119,-0.019157447611544587,766.8629363653332,770.5412280037674,763.219880114839,0.005625268628071112,0.016054966973088728,13.62481627391685
2023-03-02,STOCK,782.246305245284,0.018683291346856423,0.02442980619908708,0.017096422869741,771.2458750006011,773.146570696346,765.5232863109088,0.018510902542447027,0.015783325093971325,13.026713462893326
2023-03-03,STOCK,774.0110690151569,-0.010527676736734382,0.007958922958444026,0.013644940359947677,774.718930326036,771.3692366712881,766.5858503151555,-0.010583484756905293,0.014388704216475442,-8.886670125289697
2023-03-04,STOCK,770.3715993603707,-0.004702089931888143,-0.015180264585832437,0.0032194094550443975,775.5429912069372,771.6240586754662,767.945856540033,-0.004713179533276879,0.011827793609337953,1.2741100208905891
2023-03-05,STOCK,752.7598822913744,-0.02286132703181043,-0.02745592094803273,-0.037694550624516765,765.714183555634,769.4576545259706,768.6369596374773,-0.02312669948012047,0.015831462545779027,-10.832020747478282
2023-03-06,STOCK,734.2298766617099,-0.024616090822029202,-0.046914661351312614,-0.051396154326402765,752.4537861044851,762.7237465147791,766.6324872592733,-0.024924132481612737,0.017541880640054807,-33.66954005595687
2023-03-07,STOCK,745.5130801274897,0.01536739899100903,-0.009626977120281266,-0.03226821867981722,744.167613026858,755.3771014912203,764.2618360937832,0.015250516447883555,0.016280319241269593,-36.73322511779429
2023-03-08,STOCK,765.246098948652,0.026469044403335973,0.042243203760601755,0.01658725039818809,748.3296852459506,753.6241074779193,762.4966720746037,0.02612480057141653,0.02273441034296319,-8.764970066504816
2023-03-09,STOCK,763.3810200677115,-0.00243722755790976,0.023967305760974833,0.039703019902352255,758.0467330479511,752.2259916193875,761.9250251474269,-0.0024402024316065862,0.022696229823953057,-6.990579292659277
2023-03-10,STOCK,778.0789020798564,0.019253664455583852,0.016769511336072185,0.04368242867958494,768.9020070320734,757.2897955770839,763.3737250515272,0.019070657957840353,0.020536926728291334,25.319019788482024
2023-03-11,STOCK,782.9435947910671,0.006252184319876841,0.025626226234469973,0.023126541731776307,774.8011723128784,767.0325392029554,764.8781428588672,0.006232720500952027,0.011160847265574373,48.713718129357176
2023-03-12,STOCK,772.1341165213037,-0.013806203079863022,-0.007640337686399157,0.011466222271043325,777.7188711307423,772.3567464817181,763.8669239864691,-0.013902395092102005,0.016109574606103648,26.621036393813938
2023-03-13,STOCK,776.9579054112461,0.006247345877779642,-0.007645109327982014,-0.0014407236407694146,777.3452055745389,774.6991077742371,764.1616076260782,0.006227912110167821,0.012190319796455795,11.71180646259404
2023-03-14,STOCK,800.4282560033722,0.030208007961130434,0.03664407371292189,0.022331955109704982,783.1734259786407,782.1085549613691,767.1672732903783,0.029760731329319334,0.01636418392272418,37.04723593566075
2023-03-15,STOCK,799.055482801215,-0.0017150484029782032,0.028441151362341266,0.034866178949843896,792.1472147386112,786.3038711056408,771.7968333413623,-0.0017165207821987494,0.015953211335192015,20.976580721358573
2023-03-16,STOCK,823.6315293456846,0.030756370581820347,0.028988573514594496,0.06007226853523551,807.7050893834239,794.4414580165643,780.7369986097599,0.030292873116279928,0.01952581234851459,40.68793455461753
2023-03-17,STOCK,780.8072767720502,-0.05199443081987798,-0.022837220220544463,-0.024513101685454952,801.1647629729832,796.1760900667136,784.2664182742159,-0.05339490208179498,0.03417292054189448,8.673160250746491
2023-03-18,STOCK,792.9549455134852,0.01555783239066999,-0.037245519069151856,-0.007634685474334546,799.13125054374,799.3754980871614,787.0373029306992,0.015438050087504429,0.03468639475623741,15.997040102239112
2023-03-19,STOCK,793.5426963505744,0.0007412159296245058,0.01631058003349306,-0.03653191011156853,789.1016395453698,797.9983861566019,790.0534705589855,0.0007409413647643248,0.031605277109453836,-6.885559652797838
2023-03-20,STOCK,788.022938444026,-0.00695584236605451,-0.00621978221759556,0.009241283843826498,791.5068601026952,795.7918772851641,791.0478741954024,-0.0069801470093180384,0.03169234473367276,-11.032544357189067
2023-03-21,STOCK,788.6813823737915,0.0008355644203272838,-0.006126090000121653,-0.005389414825991534,790.0823390561305,788.8018478907854,791.6216529536748,0.0008352155307100873,0.026283480860247142,-34.950146971893105
2023-03-22,STOCK,757.1875949229905,-0.03993220602724301,-0.03913000753749729,-0.04581366773933837,777.9639719136027,784.0779115209735,790.1270007938435,-0.04075137829201747,0.020977765167133563,-23.619681849059702
2023-03-23,STOCK,753.1147439666361,-0.0053789192845514755,-0.04509633319871975,-0.0442984496699006,766.3279070878061,776.1098712116037,787.7426846493825,-0.0053934377567506075,0.017380140617507985,-39.84020154684913
2023-03-24,STOCK,757.7547996862994,0.006161153737642033,0.0007490941044361321,-0.039213024902919,756.0190461919752,768.9522918787486,783.4753390176753,0.00614225143023539,0.018377928434773285,-35.78789666427497
2023-03-25,STOCK,779.7066279664141,0.028969566790210344,0.03530920648255975,0.029740361826336992,763.5253905397832,767.2890297832263,781.5404535341952,0.028557880894830134,0.025105921807841,-8.316310477611864
2023-03-26,STOCK,770.8951149077932,-0.011301062146416019,0.017341117769143377,0.023609112799343634,769.4521808535022,763.7317762900266,776.2668120904061,-0.011365404365472287,0.02533848954670593,-17.78626746599832
2023-03-27,STOCK,757.7719285266616,-0.017023309821727506,-0.02813199048591053,2.26047269766827e-05,769.4578904669562,763.8486430107608,773.9632772658672,-0.017169872057864133,0.018070880515035203,0.584333603671098
2023-03-28,STOCK,749.4557778846504,-0.010974477054303544,-0.02781096495300417,-0.03879773365613448,759.374273773035,763.1168497943638,769.6133605029837,-0.011035140871690885,0.01867007723357076,-3.6589660819856817
2023-03-29,STOCK,762.5402972981831,0.017458694428194255,0.006292617332490424,-0.010837813663677753,756.5893345698317,764.0739493167405,766.5131205977447,0.017308042354041042,0.020328216038438967,4.78549761188367
2023-03-30,STOCK,766.8033486401388,0.005590591549142321,0.023146890406865905,0.011918388334913654,759.5998079409907,761.4932934514853,764.3911616173558,0.005575022193194279,0.014323991335956455,-12.90327932627531
2023-03-31,STOCK,757.9634565459071,-0.01152823877192044,-0.006002096897032905,0.011351808755507564,762.4357008280763,758.9069617791082,761.3193690345674,-0.011595204075341314,0.014356521089900546,-12.931658361886093
2023-04-01,STOCK,765.0188872832273,0.009308404879401877,-0.002327143406554044,0.0032504380343258976,763.2618974897578,760.3563535304213,762.102498270591,0.009265348662267137,0.012792578466969915,7.246958756565732
2023-04-02,STOCK,765.7395307796515,0.0009419943852411183,0.010259167729774976,-0.0013873411773355215,762.907291536262,763.6131041094216,763.3649769518927,0.0009415509869610261,0.01071711506999675,16.283752895001157
2023-04-03,STOCK,779.9384244685994,0.01854271996966239,0.01950218149300209,0.02899212057377243,770.2322808438261,767.0927295435048,765.5833394301227,0.01837289981065826,0.01104580251158286,17.398127170416274
2023-04-04,STOCK,768.2951058119523,-0.014928510112295124,0.0033373946747907723,0.004282532867077027,771.3243536867344,767.3910809778675,764.4421872146766,-0.015041061877547612,0.014001995277471826,1.4917571718135605
2023-04-05,STOCK,762.5138473449019,-0.007524788877758981,-0.022340965103199606,-0.004212507393297704,770.2491258751512,768.3011591376664,763.6040604583873,-0.00755324293195514,0.013232690991426327,4.55039079899484
2023-04-06,STOCK,755.8012960401236,-0.008803186103638172,-0.0162617328645156,-0.03094747953329946,762.2034163989925,766.4576408890457,763.4069972097335,-0.00884216306264296,0.012947298704191408,-9.217591243103698
2023-04-07,STOCK,733.2657642277271,-0.029816741424587456,-0.03835744520446105,-0.04559360240516619,750.5269692042508,759.9628875786609,761.7879958440412,-0.030270298962642883,0.01760510230946541,-32.47376655192443
2023-04-08,STOCK,736.8840938256018,0.004934540482311345,-0.0250293328598864,-0.0336121810883091,741.9837180311507,751.3520214500613,759.222375496783,0.004922405541291752,0.01281695368367964,-43.05433064299757
2023-04-09,STOCK,740.0011333333537,0.004230026857506841,0.009185440578587833,-0.020905180752602393,736.7169971288941,745.6932269543415,756.5421539661046,0.004221105443597217,0.014247728986424651,-28.293972478598675
2023-04-10,STOCK,739.3371095761413,-0.0008973280273520956,0.0033289031084990928,0.008279870197960948,738.7407789116988,741.0578794005894,754.679519269128,-0.0008977308671500595,0.014549726498344817,-23.17673776876063
2023-04-11,STOCK,735.140946073536,-0.0056755753880809445,-0.0065678105625660566,-0.0023655657201338,738.1597296610104,736.925809407272,751.6917251481589,-0.0056917426675031635,0.014473272190703513,-20.660349966587546
2023-04-12,STOCK,713.9085189085336,-0.02888211747476055,-0.034393770227746145,-0.035260235761106595,729.4621915194037,733.0543603434332,746.5086239610471,-0.02930741484100796,0.014062588551562382,-19.357245319193567
2023-04-13,STOCK,707.2200929507082,-0.009368743726508533,-0.03798027204436916,-0.04344028753520246,718.7565193109259,727.1215601684546,739.236790809258,-0.009412906455307457,0.012853899018914466,-29.66400087489353
2023-04-14,STOCK,701.6871381735999,-0.007823525988951197,-0.017118973105431534,-0.04550665838791379,707.6052500109472,719.4587611365039,732.5759940454227,-0.00785429033053564,0.010921711338964038,-38.313995159753745
2023-04-15,STOCK,689.8278592943801,-0.016901092002467033,-0.02459239185889528,-0.033730735768455866,699.5783634728961,709.5569110801516,725.3073952403705,-0.01704554538443226,0.00963503909988216,-49.50925028176118
2023-04-16,STOCK,686.91899423561,-0.004216798465845661,-0.02104662196948559,-0.028705489164478903,692.8113305678634,699.9125207125663,718.4191650599192,-0.00422571423332041,0.009962580971342287,-48.2219518379261
2023-04-17,STOCK,691.8003414605041,0.007106146817684067,0.002859383162839624,-0.014090035537532963,689.5157316634981,695.4908852229604,714.2726227831969,0.007081017136290946,0.008816556433783446,-22.108177448029437
2023-04-18,STOCK,717.6780772365321,0.03740636456090174,0.044778326497071586,0.04037270685274974,698.7991376442154,697.5824820801253,712.3520211242899,0.03672371802421104,0.020771216432470242,10.45798428582384
2023-04-19,STOCK,719.4684420112065,0.002494662762402289,0.039994343588050985,0.04738469608314877,709.6489535694142,701.1387428476467,710.2987519920752,0.002491556256636329,0.019925718034167345,17.78130383760663
2023-04-20,STOCK,722.4611682539884,0.004159635180684074,0.006664674830076933,0.04432034064735246,719.8692291672423,707.6654046395681,708.6111578598599,0.004151007814455099,0.015912107532418764,32.63330895960826
2023-04-21,STOCK,720.6652572851588,-0.0024858235262248396,0.001663471535466643,0.004162284098364832,720.8649558501179,714.4146572494781,707.1635889810221,-0.002488918315322941,0.015559598661438788,33.746263049548816
2023-04-22,STOCK,692.8401643815434,-0.038610287678410016,-0.0410001328431695,-0.03701104325747251,711.9888633068969,714.6226218336858,705.0567535283232,-0.03937542430598118,0.027056597038417018,1.039822921039331
2023-04-23,STOCK,691.780737475995,-0.0015291072313829979,-0.04008035563969814,-0.04246654647493431,701.7620530475657,709.4431538815784,703.5128179808519,-0.00153027750898449,0.01811254052066471,-25.89733976053708
2023-04-24,STOCK,691.9222932004997,0.000204625131687175,-0.0013247949934644954,-0.03988393195606188,692.1810650193461,703.9339241194369,702.5363334835417,0.0002046041988208458,0.017828519292924425,-27.54614881070688
2023-04-25,STOCK,726.1368520443825,0.049448556839558844,0.04966330038870104,0.048058252645559296,703.279960906959,704.6690608775159,706.1672327585421,0.048264842249706064,0.031158251678913396,3.675683790394146
2023-04-26,STOCK,722.6256242044044,-0.0048354904865282045,0.04437395832686053,0.044587663485613716,713.5615898164288,705.0611342613649,709.7378957554214,-0.004847219295622374,0.031242288175305218,1.9603669192456437
2023-04-27,STOCK,726.2702756463561,0.00504362330904673,0.00018374442998991825,0.04964138716643918,725.0109172983811,711.7471565143276,713.1848891740067,0.005030946846671824,0.022003244623594577,33.430111264812695
2023-04-28,STOCK,725.0408446065443,-0.0016928009875080141,0.0033422844710204735,-0.0015093676002705392,724.6455814857683,718.3991779404374,713.921165911008,-0.0016942353941047372,0.022023764845736666,33.26010713054927
2023-04-29,STOCK,707.5826410994958,-0.02407892415567625,-0.025730964316595384,-0.020817118298940174,719.6312537841321,721.5312475202367,712.7325858198368,-0.024373560752390944,0.02680980254455164,15.660347898996179
2023-04-30,STOCK,723.2181359977355,0.02209705833645681,-0.0025139392109666536,-0.004202484599695744,718.6138739012586,720.9475043109072,712.8082825942116,0.021856456290300308,0.016734748338328224,-2.9187160466469777
2023-05-01,STOCK,733.4427520198316,0.01413766540573591,0.036547124559404454,0.011588184963354342,721.4145097056876,723.1109298739927,714.0860320676788,0.01403866065373549,0.017698067511301267,10.81712781542717
2023-05-02,STOCK,744.3937924895655,0.014931009188618782,0.0292797642064333,0.05202381920063748,733.6848935023776,726.7356332426345,719.2413948784811,0.014820638940861386,0.01850592152936381,18.12351684320936
2023-05-03,STOCK,730.2467105414287,-0.019004836003297387,-0.004357588195672113,0.009718471086177516,736.0277516836086,727.7768064296115,723.0879921850244,-0.019187749095895157,0.021485128418485707,5.2058659348844
2023-05-04,STOCK,750.2738872831476,0.027425220069625666,0.00789917225655068,0.02294812405871438,741.638130104714,736.3150556663418,728.9231515932892,0.027055886218722236,0.018084635769039552,42.69124618365174
2023-05-05,STOCK,728.8014253227396,-0.02861949792516827,-0.0019791738844224804,-0.02094639601262449,736.4406743824387,737.4317135313427,729.1896089211249,-0.02903702125584573,0.024229352712318217,5.5832893250041025
2023-05-06,STOCK,736.6688307666168,0.010794991846226454,-0.018133453325687166,0.00879445279585922,738.5813811241679,738.0769292806997,730.5939295773461,0.010737141876005829,0.02384546271998335,3.2260787467852197
2023-05-07,STOCK,768.8897229587232,0.04373863919093135,0.05500578929058886,0.024812053292946556,744.7866596826931,742.9761153745312,734.8558743085829,0.04280911251619912,0.030338040505979835,24.495930469157656
2023-05-08,STOCK,753.0539180445054,-0.02059567769130899,0.022242134584189444,0.03327723009189487,752.8708239232818,747.5375568751465,737.657181652379,-0.02081072650261362,0.030687928058948342,22.80720750307671
2023-05-09,STOCK,743.8287807539753,-0.01225030116633019,-0.03259367560319604,0.00971936057062095,755.2574739190678,746.248535569312,741.2817956178269,-0.012325954592055766,0.0289878589068762,-6.445106529172335
2023-05-10,STOCK,744.5677899084985,0.0009935205166089478,-0.01126895157526464,-0.031632537572010566,747.1501629023264,749.4018084864638,743.4167610089032,0.0009930273017531022,0.024709783816342736,15.766364585758879
2023-05-11,STOCK,736.3712366405267,-0.011008471463665015,-0.010025888089311707,-0.022153369107087983,741.5892691010002,749.3422896612458,743.7096094709727,-0.011069513082324178,0.025204777224334698,-0.2975941260900754
2023-05-12,STOCK,713.1709266824047,-0.031506268582632946,-0.04216790418767946,-0.041216278349023416,731.3699844104766,738.1985304059822,740.5873228902567,-0.03201326862132259,0.01226358191548279,-55.71879627631847
2023-05-13,STOCK,713.4357473168385,0.000371328421456818,-0.03114663933415507,-0.04181223390752087,720.9926368799233,730.2748962604487,738.9062265677976,0.0003712594961209348,0.013381667280620773,-39.61817072766689
2023-05-14,STOCK,697.7398361984666,-0.022000455089898008,-0.02163729606270104,-0.0524618541841807,708.1155033992367,721.057107349347,733.6528214593296,-0.02224607427452252,0.014362294585820974,-46.08894455550865
2023-05-15,STOCK,703.676092489289,0.00850783627772378,-0.013679795082114476,-0.013313546357371364,704.950558668198,712.8787678655051,731.1402881759844,0.00847184861270378,0.016401626583867193,-40.89169741920955
2023-05-16,STOCK,690.1642893111797,-0.019201736881966025,-0.010857265837881935,-0.0326188561383145,697.193405999645,703.6373783996356,726.4898340304408,-0.01938848468467569,0.016790103083255785,-46.20694732934703
2023-05-17,STOCK,711.1819880934992,0.030453182101461973,0.010666691229565206,0.01926527796989519,701.6741232979894,703.2395906818546,720.7190605439183,0.02999868810035089,0.021453860925903644,-1.988938588905512
2023-05-18,STOCK,699.4283034199417,-0.016526971816406832,0.01342291140274443,-0.006036568692167066,700.2581936082069,700.4381019024752,715.3564990814621,-0.016665065846725113,0.02259192631456489,-14.007443896896802
2023-05-19,STOCK,694.2430127167979,-0.007413612914704326,-0.023818060159412124,0.005909786218711854,701.6177680767463,699.7387372061415,710.3979222777442,-0.00744123032411359,0.020467379947114592,-3.4968234816686845
2023-05-20,STOCK,704.9256991472931,0.01538753179335628,0.007859841674223489,-0.008797029524014732,699.5323384280109,699.9886585377424,706.4337132016237,0.015270344347393383,0.021456262356638993,1.2496066580041543
2023-05-21,STOCK,687.0967552549166,-0.02529194766759546,-0.010293596523090254,-0.01763089669767215,695.4218223730026,699.3751517264897,701.5062650630628,-0.025617286328679434,0.023013462300657258,-3.067534056263071
2023-05-22,STOCK,689.5397308985064,0.003555504555807998,-0.02182636874694488,-0.006774690896615643,693.8540617669054,695.0467002874911,699.1431454846728,0.003549198692082811,0.016156345379695444,-21.642257194992794
2023-05-23,STOCK,707.0965174114217,0.025461602466384292,0.029107635865759596,0.003079499395119978,694.5776678549482,696.5803430857871,698.5092224941311,0.025142855085648286,0.019784979978832974,7.668213991480002
2023-05-24,STOCK,684.0407615358331,-0.03260623593507772,-0.007974840485997614,-0.004447690511869329,693.5590032819204,694.5398928495941,697.1393150278678,-0.0331496646912246,0.025442356712798184,-10.202251180964822
2023-05-25,STOCK,685.8851445278071,0.0026963056818909426,-0.02999784663240368,-0.005300037411821279,692.3408078250208,690.731781925697,695.3602202317196,0.0026926771706463626,0.023754993771500872,-19.040554619485988
2023-05-26,STOCK,688.7703055612898,0.004206478382716483,0.0069141260161715845,-0.025917553543074345,686.2320705416433,691.0664919869716,695.2208218567307,0.004197655884968121,0.021019915795645994,1.6735503063731585
2023-05-27,STOCK,698.9256002978134,0.014744094881163461,0.01901259398027033,0.021760163427337664,691.1936834623035,692.943665866833,693.9951830771621,0.014636457435546646,0.021986371721510325,9.385869399307012
2023-05-28,STOCK,681.1654887077678,-0.025410589599920153,-0.011041150862804217,-0.006881116842512358,689.6204648556236,687.7574601261023,692.1689016059447,-0.025739014217561973,0.020744346774138007,-25.93102870365385
2023-05-29,STOCK,662.7488783485261,-0.027036910507870493,-0.05176047627082525,-0.03777954276289308,680.9466557847024,683.4990834886408,689.0194881691175,-0.027409132261684732,0.019058279466296502,-21.291883187307008
2023-05-30,STOCK,669.0340689777181,0.009483517565286315,-0.017809797958296625,-0.04276783009144103,670.9828120113374,680.1288683786231,685.43032515216,0.00943883131233747,0.020068258448259477,-16.851075550089035
2023-05-31,STOCK,672.3470680592541,0.004951913863815882,0.014482392991211457,-0.012946076679902108,668.0433384618327,676.844220878216,683.9553564325937,0.004939693464663719,0.020155603780685066,-16.423237502035704
2023-06-01,STOCK,675.0484962118179,0.004017907240023488,0.008989717434404909,0.018558489142887158,672.1432110829301,672.0688000610169,682.506232963925,0.004009857006917805,0.018039402686750798,-23.877104085995484
2023-06-02,STOCK,679.0627229163135,0.005946575286105205,0.009988375314023967,0.014989750752034459,675.4860957291285,671.6482469027259,679.7028535144142,0.005928964189939379,0.015116814979499862,-2.102765791454317
2023-06-03,STOCK,669.220099842394,-0.014494424066821443,-0.008634040964658474,-0.0046508245003374915,674.4437729901751,672.9424912014995,678.2207873450701,-0.014600494431570077,0.009473841281608688,6.471221493867915
2023-06-04,STOCK,671.6639078151736,0.0036517253043582,-0.010895628417600167,-0.005013844806169732,673.3155768579603,673.4684589689907,676.7986636738068,0.003645073943220112,0.008646025231658364,2.629838837455509
2023-06-05,STOCK,674.9371177870703,0.004873285483723455,0.008542806687998006,-0.00607544044168018,671.9403751482126,673.9864689145539,675.4153448963849,0.004861449465973777,0.008636690448556377,2.590049727816222
2023-06-06,STOCK,664.6977987106346,-0.015170774886418381,-0.010371420919725649,-0.006757569195582125,670.4329414376261,671.9163294143171,671.9925647376671,-0.015287028360527088,0.010853426495216775,-10.350697501183276
2023-06-07,STOCK,689.2802860742847,0.036982952871718044,0.02125111793264778,0.026227966180905282,676.3050675239965,673.9598420459115,672.8040444743186,0.036315490222895264,0.020964225215249845,10.217563157971199
2023-06-08,STOCK,695.1479134159061,0.00851268701595953,0.04581046419040047,0.02994470906430724,683.0419994002751,679.1454047606139,676.0439479810567,0.008476658418235417,0.018522317942997434,25.92781357351214
2023-06-09,STOCK,678.1025824441775,-0.024520437510873183,-0.016216485304938133,0.020166734055002467,687.5102606447895,680.4331396864146,676.9507993277027,-0.024826069944052342,0.02369665069500859,6.438674629003913
2023-06-10,STOCK,686.3787919641119,0.012204952073922692,-0.01261475620160235,-0.004209454656969758,686.5430959413985,682.7214745218229,678.3539717181884,0.01213107217267595,0.02414198842957437,11.441674177041591
2023-06-11,STOCK,672.4555528017511,-0.02028506609669367,-0.008327692282297572,-0.0326439311349529,678.9789757366801,684.2730253400463,678.0946773771817,-0.020493633404545797,0.025235024844455434,7.757754091116453
2023-06-12,STOCK,682.4421140466802,0.014850886728975166,-0.005735430586610413,0.006399520831879446,680.4254862708477,682.9053909345254,678.4326164902184,0.014741692074848878,0.019057646725368263,-6.838172027604514
2023-06-13,STOCK,697.7421489906513,0.022419535121076306,0.037603371826650855,0.01655551884699502,684.2132719463608,683.4242380494744,681.2848214050441,0.02217191158014753,0.021734889782324292,2.5942355747451984
2023-06-14,STOCK,685.6970925019368,-0.017262905080535518,0.0047696037337958685,0.019691323307563735,688.6271185130895,684.9431400610263,682.6881398737205,-0.01741364636703402,0.019713509531157792,7.594510057759294
2023-06-15,STOCK,698.3381888537849,0.018435394418436113,0.0008542408739329321,0.02329292767828428,693.9258101154577,687.3350194389609,685.0282469803919,0.018267522584886287,0.020652847656502524,11.95939688967303
2023-06-16,STOCK,703.4234905585986,0.007282004315359636,0.025851645355506214,0.008142465775022867,695.8195906381067,693.5286069903303,688.9008161651883,0.007255618538730246,0.015756559997321857,30.967937756847505
2023-06-17,STOCK,714.3694878080979,0.01556103456369784,0.022956354399901846,0.04181495826610937,705.3770557401604,699.9140817426139,691.4097363385697,0.015441203199889841,0.0158231987630152,31.927373761417698
2023-06-18,STOCK,741.2486863255212,0.037626464982283725,0.05377300626808057,0.06144658584713425,719.6805548974058,708.6153892095879,696.0198136295312,0.036935859653079106,0.019751868366350452,43.506537334869904
2023-06-19,STOCK,736.8824752343305,-0.005890345806661257,0.03151448628539444,0.04756591885943662,730.8335497893166,718.8524657560666,701.8978029085465,-0.005907762320057408,0.015711096324236208,51.18538273239369
2023-06-20,STOCK,725.1319892777475,-0.015946214425640037,-0.0217426315150272,0.015065735103933608,734.4210502791998,724.2112258408591,705.7731226399101,-0.016074723287149872,0.020402961922343695,26.79380042396258
2023-06-21,STOCK,711.6337648525097,-0.01861485167504806,-0.03426422968437637,-0.0399527473293978,724.5494097881959,725.8532806996415,709.6909438449859,-0.018790288592510862,0.023569736481986948,8.210274293911084
2023-06-22,STOCK,699.417047061577,-0.01716714185626733,-0.03546242973197655,-0.050843152649056256,712.0609337306114,722.8627925503372,711.3884371464756,-0.017316205699308362,0.023563696328692728,-14.952440746520892
2023-06-23,STOCK,697.6413628972025,-0.0025388059553804743,-0.019662363769666236,-0.037911203459561116,702.897391603763,714.1413278646735,711.3783585371307,-0.0025420341882824715,0.007373301051134396,-43.60732342831875
2023-06-24,STOCK,701.7156068369407,0.005840026346514815,0.0032863936974663055,-0.013937166145601032,699.5913389319066,707.1079541851955,712.980209970631,0.0058230394963327825,0.010879409780993504,-35.16686839738986
2023-06-25,STOCK,704.9042792381616,0.0045441092803881755,0.01041067334482193,0.007845436709954079,701.4204163241016,703.0624121772782,713.6368190090686,0.004533815986600409,0.011766131343877053,-20.227710039585872
2023-06-26,STOCK,715.9466725045049,0.01566509608691491,0.020280389275809885,0.02623885363001288,707.5221861932024,703.9249937076772,714.8891372036594,0.015543664980721239,0.012197129622705168,4.3129076519952605
2023-06-27,STOCK,715.4170950143417,-0.0007396884579554674,0.014913820338191108,0.01952569964798423,712.0893489190026,707.1250032982304,714.9938979242837,-0.0007399621624424313,0.007084468092523159,16.000047952764703
2023-06-28,STOCK,735.7838575746364,0.02846837558429649,0.027707629397504707,0.04380676816127216,722.3825416978276,714.7535022337172,714.4474150491952,0.028070681543146847,0.011378340439560888,38.14249467743389
2023-06-29,STOCK,731.1680085213184,-0.006273376353394422,0.022016406396692112,0.021260432657039363,727.4563203700988,720.6439825705926,713.875968377894,-0.006293136664759835,0.013713001052627061,29.45240168437772
2023-06-30,STOCK,771.2762810018492,0.05485507026168168,0.048237567407643844,0.07807918817817416,746.0760490326014,733.9183829233301,718.4903975503041,0.0534033833317924,0.02399059390380773,66.37200176368754
2023-07-01,STOCK,780.2075682693306,0.011579880630946171,0.06707016605826022,0.06037603331109764,760.8839525974994,746.7705620762953,725.3477778919862,0.01151334695529993,0.02416073260484161,64.2608957648257
2023-07-02,STOCK,766.179783353931,-0.01797955503881643,-0.006607875509017314,0.04788471927733662,772.5545442083703,756.923099744213,732.0240515212217,-0.018143151128325208,0.02829031571177396,50.76268833958932
2023-07-03,STOCK,749.1947749386923,-0.02216843720528272,-0.03974941360724227,-0.02862982644101819,765.1940421873179,759.6052832170243,737.1793927253707,-0.022417849961222203,0.030783780463195454,13.410917364055877
2023-07-04,STOCK,755.7030021271844,0.008686962864930203,-0.013674050731128484,-0.03140775242222105,757.0258534732692,764.5122819381975,742.5781322543951,0.008649448304863583,0.030303287968180968,24.53499360586602
2023-07-05,STOCK,751.581151173449,-0.005454326557037592,0.0031852547756383576,-0.019053794550121017,752.1596427464419,760.5732559725175,747.2458194479239,-0.005469255706517018,0.015290451992679522,-19.695129828400127
2023-07-06,STOCK,761.6287245606911,0.013368580853251544,0.007841337690636108,0.016596417964896082,756.3042926204416,756.8574872307896,751.8140246535424,0.01328000988184197,0.015784870980237235,-18.57884370863951
2023-07-07,STOCK,768.1030864817053,0.00850067980924507,0.021982902687834205,0.01640867420086556,760.4376540719486,757.2421478563444,757.0826238002788,0.00846475249147094,0.01461197533654041,1.9233031277742612
2023-07-08,STOCK,766.2184969119195,-0.002453563334080866,0.006026259518869592,0.0194754029097417,765.3167693181053,760.6468922509899,760.1260877340071,-0.002456578253137387,0.00802816288770608,17.023721973227225
2023-07-09,STOCK,752.598209232491,-0.017775983918845828,-0.020185932750556246,-0.011856847092274525,762.3065975420386,760.0259336720512,762.2691078051243,-0.017935874361368676,0.012270533527726812,-3.104792894693446
2023-07-10,STOCK,729.4089540577074,-0.030812264619168084,-0.04804053021764032,-0.05037622306822942,749.408553400706,755.5914942489028,758.0823751107102,-0.03129694449371723,0.01854658707003564,-22.172197115741596
2023-07-11,STOCK,722.2015500861066,-0.00988115642330134,-0.04038896023601124,-0.05744699064720282,734.7362377921017,747.7060593539859,752.2817732923878,-0.009930299041340795,0.01510299943054951,-39.42717447458449
2023-07-12,STOCK,733.9436327643165,0.016258733696721928,0.006216922182518569,-0.024786899888054048,728.5180456360434,740.8741686105081,749.0581582334264,0.016127975886470303,0.017692174987895885,-34.15945371738883
2023-07-13,STOCK,736.3563008097516,0.00328726613016328,0.019599446611485716,0.009524624990406183,730.8338278867249,734.9017293900746,747.7743108205322,0.003281874882604008,0.018402601869572568,-29.8621961021679
2023-07-14,STOCK,717.5189298665377,-0.025581869704243587,-0.02237869798790537,-0.0064838135822480325,729.2729544802019,727.885873516884,743.9559035944676,-0.025914775574239712,0.01977938002569996,-35.0792793659532
2023-07-15,STOCK,719.2888020382253,0.0024666557187791316,-0.023178315650667525,-0.019967242812496955,724.3880109048382,725.8618431129876,740.7266686809452,0.0024636185170230362,0.01587527169967614,-10.120152019482134
2023-07-16,STOCK,724.1288140269721,0.006728885497774728,0.009212139060448044,-0.016605394384937355,720.312181977245,726.2472959011607,736.9766776275734,0.006706347594577444,0.015748666032608608,1.9272639408654868
2023-07-17,STOCK,710.7296708730023,-0.01850381160701986,-0.011899436138821051,-0.009462132232244125,718.0490956460666,721.6045035228979,731.239336066703,-0.018677148724022707,0.01479552046706959,-23.21396189131417
2023-07-18,STOCK,712.2056114728354,0.0020766553871602866,-0.016465582259916345,-0.009847491779822692,715.6880321242699,716.7743656555145,725.8380475227947,0.0020745021189103596,0.014606068820719947,-24.15068933691623
2023-07-19,STOCK,712.322546978284,0.0001641878462692592,0.002241184195004964,-0.016304097862135825,711.7526097747073,715.7350890778638,721.8104812973739,0.00016417436892002257,0.009920240353994794,-5.1963828882537655
2023-07-20,STOCK,695.5281035878083,-0.023577020637236212,-0.023416703851206755,-0.021388676888248637,706.6854206796426,710.9829493877804,718.4223962503839,-0.023859405956613067,0.013617402118240656,-23.760698450416953
2023-07-21,STOCK,699.8228037514427,0.006174732755557466,-0.01754786968328592,-0.017386562983946585,702.5578181058451,706.1217473326745,716.1845216169176,0.006155747206966211,0.013483266030080905,-24.30601027552939
2023-07-22,STOCK,707.0086184755381,0.010268048834041199,0.016506184047069716,-0.0074600032320861764,700.7865086049296,705.3775368531817,713.4910201880397,0.010215690527364707,0.01332614262222497,-3.7210523974641774
2023-07-23,STOCK,721.7680889767678,0.020875941417877186,0.03135834543785365,0.03772670759614627,709.5331704012495,707.2900323539682,712.0321990047414,0.020661024863505517,0.016604618067420612,9.562477503932428
2023-07-24,STOCK,736.4047664184822,0.02027892014797228,0.041578203114876366,0.05227317896893258,721.7271579569293,712.1064762420078,713.9207826599358,0.02007604104069749,0.018168308136527235,24.082219440198173
2023-07-25,STOCK,715.6752728695204,-0.02814959176565357,-0.00844151494129508,0.012258201905189559,724.6160427549235,716.1359100983502,713.5594297430654,-0.028553387359141702,0.020151897711136273,20.14716928171208
2023-07-26,STOCK,701.6747894361191,-0.019562620037528955,-0.047161532035259524,-0.027838996829486318,717.9182762413739,716.5063072352855,711.31402728398,-0.01975650079830249,0.023121980928116327,1.8519856846763787
2023-07-27,STOCK,708.2313027360734,0.009344091306491498,-0.01040132363886237,-0.0382581223902595,708.527121680571,716.7508440873926,711.0641904702871,0.009300705344172933,0.02302958222404733,1.2226842605352886
2023-07-28,STOCK,714.8312194659785,0.009318871821123897,0.018750039516785444,-0.0011793804194990543,708.245770546057,715.3634701852347,711.3267512696013,0.009275719018244644,0.02099137678724098,-6.936869510789279
2023-07-29,STOCK,721.5108468596464,0.009344342009373952,0.018750292555935966,0.028269588308093674,714.8577896872326,712.3846862734675,712.2455812577376,0.00930095372612083,0.018582031531504627,-14.893919558835705
2023-07-30,STOCK,778.5257301635127,0.07902151929111212,0.08910426540284266,0.0992534884519709,738.2892654963792,724.9547777322662,720.5453439153082,0.07605462981309419,0.035413883802823586,62.850457293992235
2023-07-31,STOCK,786.6786575552692,0.010472264532662479,0.09032131807756416,0.10050965337379214,762.2384115261428,741.9555513560961,729.2309292956909,0.010417810213863454,0.029735127074175513,85.00386811915007
2023-08-01,STOCK,803.945245858604,0.02194871837122614,0.0326508356888251,0.1142524736221926,789.7165445257953,761.0983399806022,738.9245920339974,0.02171131280361216,0.028823272690866895,95.71394312253062
2023-08-02,STOCK,818.6127996523538,0.01824446859945672,0.040593629673804976,0.05149100143475249,803.0789010220757,781.8546560178772,748.609063101556,0.018080035269863792,0.027848043735557337,103.78158018637532
2023-08-03,STOCK,828.5183830641423,0.012100450195739798,0.03056568507883206,0.05318528106367704,817.0254761917,803.2561632587764,757.8204247661221,0.012027825026116545,0.02743565557493059,107.00753620449586
2023-08-04,STOCK,822.4877920995068,-0.007278765429841516,0.004733608427327951,0.02306443919709933,823.2063249386678,812.0485756459751,768.5016766891206,-0.007305384892807076,0.011195319010074416,43.96206193599414
2023-08-05,STOCK,834.2332374793325,0.014280388709288827,0.0068976796797854956,0.019081594904956756,828.4131375476605,821.559491630788,781.757521493442,0.014179384409865214,0.011273677773777758,47.55457992406332
2023-08-06,STOCK,820.6170195913388,-0.01632183576038715,-0.002274529210205767,-0.009536738875462913,825.7793497233928,824.893846377335,792.9960931789685,-0.016456504290751184,0.01510412468914893,16.671773732734778
2023-08-07,STOCK,815.9231308046369,-0.005719950567244392,-0.021948426233915463,-0.007981469582804102,823.5911292917694,824.3559126077914,803.1052843128343,-0.00573637213480005,0.013234882505859129,-2.6896688477169164
2023-08-08,STOCK,807.2334252986486,-0.010650152174775052,-0.016309184398046184,-0.03236482432930243,814.5911918982082,820.0989210546926,811.6775421567346,-0.010707270956582526,0.011590078367012095,-21.284957765493687
2023-08-09,STOCK,807.7481867713107,0.0006376860230628001,-0.010019257604897636,-0.015681898513921544,810.3015809581988,817.1509999890534,814.5997878175144,0.0006374827877264622,0.011773152425953576,-14.739605328196149
2023-08-10,STOCK,845.1748518742805,0.046334570248396156,0.047001803179290924,0.0358510746481675,820.05215464808,819.339322868043,820.4494072494156,0.045293171333470106,0.024679379462673255,10.941614394948033
2023-08-11,STOCK,813.3798555209024,-0.03761943020768865,0.006972059909044592,0.007614191917263424,822.1009647221645,817.8918900539559,821.3928682156453,-0.03834530385183488,0.030224567108147818,-7.237164070436393
2023-08-12,STOCK,823.7964158185671,0.01280651374257813,-0.02529469021505326,0.01986786143266195,827.4503744045834,819.4665470567419,821.9112298322667,0.012725203807490537,0.030742364642214443,7.873285013930172
2023-08-13,STOCK,796.8521184064793,-0.03270747103859939,-0.020319825973362016,-0.057174835906013466,811.342796581983,817.390285678308,818.7446033665003,-0.03325431742379337,0.03448373645135314,-10.381306892169277
2023-08-14,STOCK,788.5773320334972,-0.010384343822200992,-0.04275216923598091,-0.030493161736248386,803.0752887528479,813.5561147307453,815.3535573598995,-0.010438637315788313,0.034580299033601034,-19.170854737813443
2023-08-15,STOCK,805.1346160956075,0.02099639869106329,0.010394021045826207,-0.02265341213510408,796.8546888451947,805.5480675750107,812.4436952215269,0.020779011939346503,0.02649417195333863,-40.040235778673036
2023-08-16,STOCK,805.3645956890194,0.0002856411695812966,0.02128803729652362,0.010682631175735757,799.6921812727081,803.9450156086341,810.918452831295,0.00028560038190938997,0.021148168136742473,-8.015259831882986
2023-08-17,STOCK,787.4030037124787,-0.022302435533776976,-0.02202316485796607,-0.0014891733166996213,799.3007384990352,796.6663331874164,808.0664401220791,-0.02255489555858592,0.020899054978214333,-36.39341210608836
2023-08-18,STOCK,775.4427209115171,-0.015189531592552763,-0.037153203577198535,-0.036878174892140736,789.4034401043383,792.384453688424,804.887369683366,-0.015306074185199137,0.016848325485834825,-21.409397494962263
2023-08-19,STOCK,785.2687956545093,0.012671567451741472,-0.0027104393149467443,-0.02495242545063392,782.7048400928351,791.7227464126265,802.6394305716858,0.012591954978693032,0.018233691724241406,-3.308536378987924
2023-08-20,STOCK,773.1079900742891,-0.015486169382401549,-0.00301083597055829,-0.0181546343750163,777.9398355467719,785.3174212083627,795.4327443916867,-0.015607332634342441,0.014280276622460671,-32.02662602131841
2023-08-21,STOCK,775.6860884717951,0.0033347196389190703,-0.012203091776653574,0.0003138433745202285,778.0209580668646,779.381719764918,791.6633676867759,0.003329171791639496,0.014784034364473333,-29.678507217224364
2023-08-22,STOCK,775.6173942700465,-8.855928031914484e-05,0.003245865038228768,-0.012290570359947295,774.8038242720436,777.0245978764314,786.845465531924,-8.856320192407452e-05,0.012268118547002218,-11.785609442432246
2023-08-23,STOCK,764.8099281507473,-0.0139340172089234,-0.01402134250270659,-0.01073338010999525,772.037803630863,774.8980393242775,783.6412465063506,-0.014032006952116483,0.01195835687610501,-10.632792760769803
2023-08-24,STOCK,797.5194513811142,0.04276817288375967,0.02823822321787972,0.028147163180834767,779.3155912673027,777.3481704695984,784.5354584411124,0.04187888178650656,0.023224399913214514,12.250655726604919
2023-08-25,STOCK,806.8877839492293,0.011746838966612438,0.055017402690133776,0.0403167720453359,789.7390544936969,784.1041292445865,784.7107752264745,0.011678380446360492,0.020811234552423317,33.7797938749402
2023-08-26,STOCK,774.0850517396944,-0.040653400462930867,-0.029384110445001665,0.012127357723210608,792.8307623566793,783.7839218981663,781.5828208315421,-0.041502851733151935,0.0308575893052409,-1.6010367321006242
2023-08-27,STOCK,776.2004819286698,0.0027328136413706794,-0.038031684988913406,-0.026731598101494614,785.7244392058645,783.9005394298911,780.4625686531612,0.00272908629538815,0.03089071136780934,0.5830876586232989
2023-08-28,STOCK,765.2289809341328,-0.01413488042068134,-0.01144069477334353,-0.05162899209007943,771.8381715341657,783.9843499865681,779.4411946554227,-0.014235729295367427,0.030914219633746323,0.4190527833854958
2023-08-29,STOCK,777.6089611692593,0.016178138235190653,0.0018145817651256113,0.004552354320297436,773.0128080106873,780.0022519441972,778.6752112068978,0.016048666695923863,0.02344511912900349,-19.91049021185495
2023-08-30,STOCK,764.6157059523405,-0.01670924058974499,-0.0008014267586202717,-0.01492497910790258,769.1512160185775,771.5478363448194,777.8259827947029,-0.0168504147686539,0.021765550835511308,-42.27207799688881
2023-08-31,STOCK,762.1006500313271,-0.0032893071662462026,-0.019943585931176733,-0.004088097786086098,768.1084390509756,769.1509560031458,776.4674389506561,-0.0032947288293376786,0.013358179601788226,-11.984401708367386
2023-09-01,STOCK,769.0672209919281,0.00914127413526633,0.005821898510498524,-0.010984621582147525,765.2611923251985,767.7243038157976,775.8124216228442,0.009099745579608687,0.014324499214842069,-7.133260936741635
2023-09-02,STOCK,781.7175476859758,0.01644892195214287,0.025740560192203388,0.022366584416853907,770.9618062364103,771.0220171661662,777.5031835763672,0.01631510388340285,0.014234156115325133,16.488566751842995
2023-09-03,STOCK,762.4123529631996,-0.024695869729319697,-0.00865316821089479,0.00040900494161721923,771.0657072137011,767.9826955249542,773.9924737345757,-0.02500592814111524,0.01725668311500437,-15.196608206059636
2023-09-04,STOCK,756.5718686410145,-0.0076605321247557034,-0.03216721835066516,-0.016247412462589983,766.9005897633966,766.3739280626891,768.9608822037542,-0.0076900247168190106,0.015983636157766733,-8.043837311326001
2023-09-05,STOCK,748.6702433335095,-0.010443985079300222,-0.018024510720845432,-0.042275249481468435,755.8848216459079,763.6878467231256,766.4194013631356,-0.010498906223219251,0.01643488812072851,-13.430406697817602
2023-09-06,STOCK,738.2127331398277,-0.013968112512551478,-0.024266214833184585,-0.03174085483966438,747.8182817047838,757.5169491527054,762.6206264842515,-0.014066584651474479,0.015193673217013206,-30.85448785210042
2023-09-07,STOCK,763.9796282030072,0.03490443053398118,0.020448769008544643,0.00979121729082899,750.2875348921148,753.9693652561117,762.4956912111389,0.03430908480562156,0.02271717358146401,-17.73791948296855
2023-09-08,STOCK,769.4229038834075,0.0071248963708674395,0.042278017355287245,0.027719360739509646,757.2050884087475,755.3714754401533,761.6770854825538,0.007099634219219553,0.019861987535327415,7.010550920207834
2023-09-09,STOCK,749.5125630332625,-0.025876979681335288,-0.018936454109088507,0.01530701027788206,760.9716983732256,753.9596143186029,760.1667711906459,-0.026217679086700585,0.023480867597407612,-7.0593056077519805
2023-09-10,STOCK,762.6355919867547,0.017508751154728497,-0.008821302124483288,-0.0017592566171089619,760.5236863011415,756.7526840492519,760.2202653861888,0.017357238941094977,0.024216279369718093,13.9653486532452
2023-09-11,STOCK,794.9056609720977,0.04231387745918824,0.06056349176474152,0.03311931183757921,769.0179386640383,768.0912696157059,762.8041093842056,0.041443123940252846,0.02663993961275781,56.692927832270016
2023-09-12,STOCK,810.6794695957911,0.019843623461434978,0.06299716157211677,0.08160891435226558,789.4069075182146,777.4312378942626,765.7003015751873,0.019649305211022927,0.024691216356739265,46.699841392783924
2023-09-13,STOCK,785.6295320610193,-0.030899928361651785,-0.011669471443610746,0.03015062543089919,797.071554209636,780.6725635297851,768.0220194849692,-0.03138739931908052,0.03158535107343884,16.206628177611833
2023-09-14,STOCK,777.2800161596039,-0.010627803004695235,-0.04119933301486023,-0.022173253604634402,791.1963392721381,786.2260541550534,770.0928342368281,-0.010684681457324707,0.028458596868675443,27.767453126341366
2023-09-15,STOCK,796.4297201298549,0.024636815011488622,0.01374717679018822,-0.017577538349455524,786.4464227834927,792.9848797836734,774.8687819164627,0.024338222983732116,0.029237454262542543,33.79412814310024
2023-09-16,STOCK,784.4520905590067,-0.01503915445156323,0.009227143693772977,-0.0014987235763956885,786.0539422828218,790.8941657010553,779.4927176583805,-0.015153389312374976,0.023834597404173836,-10.453570413091029
2023-09-17,STOCK,790.6551367659259,0.007907488910506855,-0.0072505874881055865,0.017207596140713877,790.5123158182627,786.8892991350822,782.1602685146725,0.007876388562924497,0.02155362177981655,-20.024332829865216
2023-09-18,STOCK,802.1972858175768,0.01459820914951937,0.02262113323698922,0.007241776068805494,792.4348377141699,790.2028498863936,785.4377067080893,0.014492681068586144,0.016741469027276197,16.567753756557522
2023-09-19,STOCK,786.6755962678392,-0.019348967921174576,-0.005033219052195781,0.0028344697344715453,793.1760062837807,792.0819659080407,789.154010031547,-0.01953860943156105,0.019019288946780497,9.395580108235322
2023-09-20,STOCK,784.9542637559667,-0.0021881097113458647,-0.021494739967907628,-0.007210315528054179,791.275715280461,789.7868746332631,791.3858772084682,-0.0021905071212362515,0.014544140767916536,-11.475456373888164
2023-09-21,STOCK,734.9482632155715,-0.0637056231800297,-0.06575433799862795,-0.08383102734318904,768.8593744131258,779.886109164576,785.3901374328155,-0.06582534680138163,0.032178331419930345,-49.503827343435205
2023-09-22,STOCK,719.3243392597392,-0.02125853578791248,-0.08360987069767822,-0.08561503283898608,746.4089554104257,765.6199496633387,776.2546243992103,-0.021487752826685913,0.03001403950485647,-71.33079750618674
2023-09-23,STOCK,714.9845904888269,-0.006033090407281838,-0.027163371526859326,-0.08913853519609971,723.0857309880458,748.1774105975887,769.1901302419913,-0.0060513630278631325,0.025340520823919684,-87.21269532874987
2023-09-24,STOCK,696.6654619693054,-0.025621710961626354,-0.03150022327028745,-0.05208911043448128,710.3247972392905,730.1753837378819,761.1286748229613,-0.025955663639297022,0.025282636271304653,-90.01013429853379
2023-09-25,STOCK,719.0662915600724,0.03215435645028997,0.005708795861537164,-0.0003587362272939876,710.2387813394016,716.9977892987031,753.3923319659831,0.031648226078632824,0.035246819249830086,-65.88797219589435
2023-09-26,STOCK,698.0918787718535,-0.02916895567822153,0.002047491773908172,-0.023626679430145514,704.6078774337437,709.6265124099594,744.7563107872678,-0.029602827559211953,0.025102633546534765,-36.85638444371796
2023-09-27,STOCK,691.2833764347029,-0.009753017538506326,-0.03863748788041821,-0.007725494987778858,702.8138489222096,704.0183198449522,734.8191347541454,-0.00980088973394011,0.024331558503282773,-28.04096282503633
2023-09-28,STOCK,692.4005705985847,0.0016161160559708954,-0.008152663490773482,-0.037083814488973244,693.9252752683802,699.5015158669037,723.8394632322462,0.0016148115457221834,0.024719749662647606,-22.58401989024219
2023-09-29,STOCK,711.9374903966634,0.028216209846835927,0.02987792657257904,0.019833509092196167,698.540479143317,702.5559215523754,716.3656526451286,0.027825465781321945,0.025772142060411254,15.27202842735801
2023-09-30,STOCK,691.0919411645642,-0.029280027408705278,-0.0018899889595545005,-0.00027692734508666383,698.4766673866042,696.9610514732738,706.9794203859885,-0.02971724302358858,0.024069961641900662,-27.974350395508168
2023-10-01,STOCK,706.6504602953288,0.022512951177735996,-0.0074262560585043325,0.02058041298900859,703.2266306188521,698.6727677779688,704.1496400939641,0.022263275043099107,0.023569008571602972,8.558581523475254
2023-10-02,STOCK,706.0886572221278,-0.0007950225815549494,0.021700030291617267,-0.008215374598796399,701.2770195606736,701.6338239354538,702.826071890203,-0.0007953387796080236,0.02272912904129815,14.805280787424977
2023-10-03,STOCK,691.6711551783103,-0.02041882686593266,-0.021197616019040355,0.000838114264174461,701.4700908985891,701.487940851399,700.4947283591513,-0.02063017302095904,0.02539211938802053,-0.7294154202744494
2023-10-04,STOCK,697.3955147796156,0.008276128848874187,-0.012311686859143856,-0.013096921371628767,698.385109060018,698.5795457279894,700.5677336401824,0.008242069485264736,0.021140930205843136,-14.541975617047797
2023-10-05,STOCK,699.4776881813842,0.0029856420892333535,0.011286480496734752,-0.009362803060386615,696.1814527131033,700.2566951313534,698.6088733023136,0.0029811939114692265,0.015569325387704131,8.385747016820005
2023-10-06,STOCK,690.440333983258,-0.012920146490480566,-0.009973079334408275,-0.0017794889751256981,695.7711789814193,697.0146698689392,697.843718823454,-0.013004337543175204,0.011879178189803687,-16.21012631207077
2023-10-07,STOCK,690.7138313013361,0.0003961201346684984,-0.012529144285979732,-0.009580909737268661,693.5439511553262,693.939704684781,697.7867643101174,0.00039604169980034243,0.011987066520015553,-15.37482592079175
2023-10-08,STOCK,684.7263908179496,-0.008668482100765096,-0.008275795726393698,-0.021089017723764036,688.6268520341813,692.5507518127087,697.0193463320538,-0.008706271937235499,0.008682182282036282,-6.94476436036075
2023-10-09,STOCK,685.5967836026523,0.001271154137440167,-0.00740834694021264,-0.007015161400931724,687.0123352406459,690.191005577316,694.3852756526527,0.0012703469050254768,0.007023900902831269,-11.798731176963315
2023-10-10,STOCK,694.0418695159652,0.012317861044994993,0.013604673082466823,0.004818259116599721,688.121681312189,689.1038418442323,694.6802684877928,0.012242613490420773,0.009802948099760669,-5.435818665418992
2023-10-11,STOCK,715.6939459049795,0.03119707519103243,0.04389921747324066,0.04522617428260256,698.4441996745323,694.1545642285765,695.5846170487579,0.030720336322906938,0.015108748369091023,25.253611921721472
2023-10-12,STOCK,697.4956769449997,-0.025427445717692287,0.004976367537369519,0.01735552678619845,702.4104974553147,695.5109333573092,694.7253190210452,-0.025756309976537217,0.021303331495458253,6.781845643663587
2023-10-13,STOCK,727.1675969647141,0.04254065078894276,0.016031504982519262,0.047728716239916924,713.4524066048979,703.9991745866621,698.2749631996855,0.041660667493125914,0.02631979130963733,42.44120614676456
2023-10-14,STOCK,698.6257752372139,-0.039250678724735866,0.0016202226473489567,-0.023848421193759295,707.7630163823093,706.6049729135744,698.3979892454453,-0.040041755990450234,0.03544390397021892,13.028991634561635
2023-10-15,STOCK,695.8120114431031,-0.0040275693995909245,-0.04312016329178181,-0.002413872311396892,707.2017945483436,706.959001299002,698.0314215716172,-0.004035701900711786,0.03521742897276736,1.7701419271378427
2023-10-16,STOCK,703.3438353583535,0.01082450976899585,0.006753343905093745,-0.032762408151578604,699.2605406795569,704.4889791896769,699.3217717091268,0.010766344129691241,0.031913723402071194,-12.350110546625956
2023-10-17,STOCK,706.6006867514511,0.004630525255742368,0.015505158190604496,0.011415140690349324,701.918844517636,706.3099811509671,700.9104572541381,0.004619837354701062,0.02940602136755168,9.105009806451449
2023-10-18,STOCK,697.157752906676,-0.013363889990240962,-0.00879524656461328,0.001934058972023145,702.3674250054936,700.3080123393595,702.1535934630108,-0.013453990396412152,0.01989127528929123,-30.009844058038084
2023-10-19,STOCK,693.5679882996925,-0.005149142488936831,-0.018444219905411563,-0.013899101075763642,699.1088093192733,699.2964549518553,702.950713932715,-0.005162445007145244,0.009362769704760302,-5.057786937521428
2023-10-20,STOCK,686.0765790320379,-0.010801261583626487,-0.015894786837609032,-0.029046260645133826,692.2674400794689,697.3493684696423,702.1541848843221,-0.010860018693176876,0.010285312449064315,-9.735432411065176
2023-10-21,STOCK,677.3593688800804,-0.012705885054779653,-0.02336990705027797,-0.028398714557859805,685.6679787372703,692.1524751739876,698.3207271818322,-0.012787295138883437,0.007534017783823313,-25.984466478273134
2023-10-22,STOCK,688.2788076620648,0.016120599025651883,0.003209887492638064,-0.0076260449254503815,683.9049185247277,688.4880993561103,697.3990402535387,0.01599204194041981,0.012316863476620693,-18.321879089386357
2023-10-23,STOCK,692.5180545392477,0.006159200065425141,0.02237908908565056,0.009388857897318026,686.052077027131,687.5601596826248,693.9340860109921,0.006140309719301129,0.012172068609955221,-4.639698367428309
2023-10-24,STOCK,682.3045533659855,-0.014748353644090217,-0.008679991639394702,0.00730068072149237,687.700471855766,685.3074726958832,692.3019638238692,-0.01485819190521287,0.013620330058967338,-11.263434933707003
2023-10-25,STOCK,693.9973311275741,0.01713718266118125,0.0021360837867405724,0.0083084404195648,689.606646344269,686.8916231149906,692.1204957923163,0.01699199750866498,0.015330563563800626,7.920752095536159
2023-10-26,STOCK,697.5778394728185,0.005159253767484939,0.022384851502874836,0.007306358152549874,691.293241322126,690.9353172335381,691.5438962037629,0.005145990417531721,0.012810239908357633,20.218470592738072
2023-10-27,STOCK,708.3025604359201,0.015374228302903914,0.020612801615682796,0.03810322962331081,699.9592436787708,694.9400677883092,691.7140835722098,0.015257242376779168,0.012668700138443716,20.023752773855335
2023-10-28,STOCK,716.5613903626031,0.01166003116182468,0.0272135234458295,0.0325131786866788,707.4805967571139,699.7487349529804,693.6544473178025,0.011592576838472368,0.012943919604093267,24.04333582335539
2023-10-29,STOCK,704.0743942857016,-0.01742627532664398,-0.005969435078162499,0.009313017767010434,709.6461150280749,704.1027031369234,694.7050879164033,-0.01757990021844158,0.014090263017816532,21.769840919716103
2023-10-30,STOCK,695.534353060058,-0.012129458612548438,-0.02934436265384699,-0.018026487674990155,705.3900459027876,704.4101075234203,695.6508653192054,-0.01220362080393933,0.014582994448282594,1.537021932483981
2023-10-31,STOCK,705.3021380219021,0.01404356940655771,0.0017437699001199292,-0.01571289284090993,701.6369617892205,705.9549672332371,698.4451422333875,0.01394587210246545,0.015774871670571573,7.724298549083642
2023-11-01,STOCK,713.2512059568704,0.01127044355382556,0.025472290216673965,0.013033866514175596,704.6958990129436,706.9446963374271,700.9423820628681,0.011207405308669038,0.015023045262448562,4.948645520950322
2023-11-02,STOCK,712.2405097779478,-0.001417026947142408,0.009837446084461243,0.024019168347889197,710.2646179189068,706.080520220496,702.9146275867381,-0.0014180318792824664,0.013899361693946673,-4.320880584655356
2023-11-03,STOCK,713.2002215779755,0.001347454668545911,-7.148165817183472e-05,0.011198156265660009,712.897312437598,707.9056856789507,706.0041944079371,0.0013465476661753684,0.010484228433258984,9.125827292273925
2023-11-04,STOCK,730.9283909730085,0.024857212404966633,0.026238161040414543,0.024783953912034473,718.7897074429771,714.9844932615408,709.6973003924805,0.024553297915768546,0.010416972593375833,35.394037912950466
2023-11-05,STOCK,721.6094516226996,-0.012749455986931335,0.011790840482520215,0.013154182774120393,721.9126880578946,718.2459559817004,712.1004616074686,-0.01283142777671653,0.01407519264597529,16.307313600797443
2023-11-06,STOCK,728.8194362525232,0.009991532973425477,-0.002885309623392507,0.021900182027411175,727.1190929494105,721.359602040831,714.152149189129,0.009941947623400615,0.013936736806752201,15.568230295652825
2023-11-07,STOCK,725.1526332984323,-0.005031154181267539,0.004910109849261435,-0.007901947367084161,725.1938403912185,723.9420267449278,715.0112734827119,-0.0050438530486776045,0.014396586667072993,12.912123520484556
2023-11-08,STOCK,721.2808120955324,-0.005339318958670125,-0.010343610203033649,-0.00045542575201606983,725.0842938821628,725.5581448484393,716.731915263695,-0.005353624064544427,0.014958843185155089,8.080590517556857
2023-11-09,STOCK,736.569851835574,0.021197069828632342,0.015744572953157787,0.010634205397844765,727.6677657431796,726.6864370209523,720.8354651412466,0.02097553703974331,0.013654119413720127,5.641460862565509
2023-11-10,STOCK,748.08185315496,0.015629205146935332,0.03715756832843331,0.031619853260729025,735.3108390286889,731.9809173274043,725.1134366545524,0.015508326979761122,0.011977241426637524,26.472401532260392
2023-11-11,STOCK,759.5928712793288,0.015387377832816407,0.031257075464574235,0.05311670370446797,748.0815254232875,738.1356043327654,729.7476031867982,0.01527019272001251,0.01250688364508787,30.7734350268056
2023-11-12,STOCK,778.9074013581514,0.02542747675645307,0.04120611678145636,0.057479340780877575,762.1940419308135,748.8865579447094,736.4142923448186,0.02510957614308662,0.011726849299804606,53.75476805971914
2023-11-13,STOCK,778.455825863089,-0.000579755044405883,0.024832980004131144,0.04060247228298586,772.3186995001897,760.3215606982207,742.9398527733299,-0.0005799231673444538,0.009755080687829555,57.17501376755661
2023-11-14,STOCK,788.3572156249558,0.01271926990961747,0.012132140804320235,0.03786810728908119,781.9068142820655,770.679033456097,748.6827352385246,0.012639059425898935,0.009231666554659838,51.78736378938174
2023-11-15,STOCK,782.69725313331,-0.007179438938931915,0.005448513749021666,0.004865599901285211,783.1700982071183,777.602113451767,754.7915153895858,-0.007205335131868829,0.012907879545084178,34.61539997835007
2023-11-16,STOCK,787.0008263199168,0.005498388002996846,-0.001720526276865142,0.01097685979465024,786.0184316927275,783.0837044598845,760.609654396325,0.005483327049768505,0.012462573055059411,27.40795504058792
2023-11-17,STOCK,784.1704734128708,-0.003596378570885239,0.001882235147323108,-0.005310717183917624,784.6228509553658,784.1363188708285,766.511438407769,-0.003602861087354192,0.00784181741240513,5.263072054719373
2023-11-18,STOCK,784.9078768707903,0.000940361162427017,-0.0026593993031915897,0.0028243662905813594,785.3597255345261,785.4267290723687,772.8741448852946,0.0009399192998547079,0.0077776529952841,6.452051007701357
2023-11-19,STOCK,793.5126620863797,0.010962796360120874,0.011913466510476756,0.008274242603928172,787.5303374566802,786.4578183646536,778.5684259103753,0.010903140508738751,0.0071803359481633616,5.155446461423935
2023-11-20,STOCK,779.852721632401,-0.017214521086610923,-0.006440444015599511,-0.005506139196593485,786.0910868631903,785.8889120644717,781.7455127581194,-0.017364413664669343,0.010743382309356186,-2.8445315009090564
2023-11-21,STOCK,812.367504034686,0.04169349096355601,0.023761236397578545,0.03498452235359073,795.2442959178221,790.9622476074255,787.0229760336551,0.040847745513708844,0.0218032522021378,25.366677714769253
2023-11-22,STOCK,795.389937096604,-0.020898875021171714,0.019923268885540635,0.00236577826658535,795.8700542545636,793.2061403441722,788.6712296075003,-0.02112034762999393,0.02497763921662116,11.219463683733125
2023-11-23,STOCK,775.5315840024576,-0.02496681459993677,-0.04534391128310766,-0.005540966274886205,794.4296750445825,791.3308817705056,788.3788054214372,-0.0252837722557544,0.028041902135443313,-9.376292868332712
2023-11-24,STOCK,792.9109549841132,0.022409623721527883,-0.003116687799118667,-0.023950427551496456,787.9441586943916,791.2105403500524,788.8341793573529,0.02216221747000091,0.02977603145270456,-0.6017071022664595
2023-11-25,STOCK,804.7600676733831,0.01494381256153443,0.037688321499531385,0.011780549564132992,791.0675355533181,796.1920095582489,791.0404608113602,0.014833253879259267,0.028580511179521123,24.907346040982134
2023-11-26,STOCK,814.0538973355206,0.011548572096782284,0.026664964355084475,0.049672139894357814,803.908306664339,796.5292882184157,793.7457679129207,0.011482396341042644,0.02195172468775651,1.6863933008345384
2023-11-27,STOCK,823.5246537529171,0.011634065567888374,0.02331699450966007,0.03860925186664521,814.112872920607,802.1562315496783,797.6811859469252,0.01156691018528555,0.01853666486953532,28.134716656313117
2023-11-28,STOCK,822.5000566227776,-0.0012441608462724352,0.010375430072753433,0.02204382357176593,820.0262025704051,811.5499260737422,801.440403922124,-0.0012449354569383786,0.00846896852340587,46.96847262031997
2023-11-29,STOCK,807.0643977654894,-0.018766757197157813,-0.01998756917891409,-0.00858604030139587,817.6963693803946,814.3806146300175,802.7955774900349,-0.018945087429716345,0.013995760812238703,14.153442781376157
2023-11-30,STOCK,807.4810240691835,0.0005162243618324069,-0.018260220692583262,-0.019481662887225637,812.3484928191501,814.9248059091776,805.5584077337132,0.0005160911638739663,0.012490924285809866,2.7209563958003855
2023-12-01,STOCK,795.8226193391987,-0.014437992203499617,-0.013929221084978738,-0.03243457197208921,803.4560137246239,811.2785503099133,803.9039192641644,-0.014543234230242064,0.012282353275556922,-18.231277996321865
2023-12-02,STOCK,810.6843079673702,0.01867462455454172,0.003967008267320216,0.004485280495463817,804.6626504585842,808.7104811528038,805.4333563512412,0.018502394668354682,0.01470702226093312,-12.840345785546901
2023-12-03,STOCK,807.4955692008889,-0.00393339150041816,0.014667778444627189,1.801297030135096e-05,804.6674988358192,805.7095836684261,808.6297548710842,-0.003941147630042607,0.014669413250140496,-15.004487421888712
2023-12-04,STOCK,793.4794360170536,-0.017357535717138273,-0.021222653234098443,-0.0029443537607548587,803.8864377284375,802.992591318739,808.6866029743782,-0.017509943935849925,0.014305642009457716,-13.58496174843583
2023-12-05,STOCK,787.6075298780402,-0.007400199516811701,-0.02462928600652292,-0.028465800882701675,796.1941783653275,799.0178924805102,806.9713491948439,-0.007427716833060316,0.014203417353504508,-19.873494191143322
2023-12-06,STOCK,793.345279708906,0.007285036789521637,-0.0001690734530197524,-0.017523674471658368,791.4774152013333,798.5224245544517,804.9004874321824,0.00725862908551278,0.013877895617460482,-2.477339630292704
2023-12-07,STOCK,783.666890335038,-0.01219946676612127,-0.00500330354080325,-0.01236647761316989,788.2065666406614,793.1189410279853,800.9147110903946,-0.012274491056079917,0.009365933611040657,-27.017417632332126
2023-12-08,STOCK,770.1148329065086,-0.01729313512624686,-0.02928163486511337,-0.02220991586284138,782.3756676501508,785.6427937691093,795.6761887187677,-0.017444407911328064,0.010248347943164668,-37.38073629438031
2023-12-09,STOCK,773.1038463959378,0.0038812568745731912,-0.013478997351265232,-0.025514027537159034,775.6285232124948,781.567675844886,792.2801335818126,0.0038737442298382163,0.010517686337297322,-20.37558962111575
2023-12-10,STOCK,776.1243196026996,0.003906943706001087,0.007803364432691806,-0.009624715329128897,773.114332968382,779.271033789818,789.1444631351642,0.00389933142217469,0.01112122002404135,-11.483210275340525
2023-12-11,STOCK,767.5271469984314,-0.011077056068374724,-0.007213389796861036,-0.003360129941025747,772.2517709990229,774.107407247723,786.3149159010875,-0.01113886350742277,0.009878463414987248,-25.81813271047463
2023-12-12,STOCK,759.5704555279558,-0.01036665804146708,-0.02132888205747474,-0.01750526909298422,767.7406407096956,769.2881202863066,781.2035306571458,-0.010420766112366309,0.009645077732991544,-24.096434807082233
2023-12-13,STOCK,762.341091485102,0.0036476352351282326,-0.0067568365934813635,-0.01775904680406526,763.146231337163,767.7333720020254,776.6880828855674,0.003640998747152402,0.007992930317374606,-7.773741421406612
2023-12-14,STOCK,739.8388523009748,-0.02951728489447014,-0.025977317947768364,-0.036074678017236406,753.9167997713442,761.0803731830327,771.3240245139593,-0.029961686829945933,0.013892134023239867,-33.26499409496296
2023-12-15,STOCK,718.5843671389391,-0.028728533377142984,-0.05739782996731979,-0.0539595610792003,740.2547703083386,749.5723826902806,764.4217082400494,-0.029149275487531767,0.014200306442285668,-57.53995246376053
2023-12-16,STOCK,707.6249597030612,-0.015251385831719477,-0.04354176926194819,-0.07177381934830418,722.016059714325,737.5919452312066,755.8496762394649,-0.015368884425048357,0.01400722857020545,-59.90218729537014
2023-12-17,STOCK,703.9063293295566,-0.005255086500997819,-0.02042632498091146,-0.048568039999068,710.0385520571857,726.4591199915268,747.8736201389167,-0.005268943034236528,0.014715000926840839,-55.66412619839923
2023-12-18,STOCK,707.5890191253816,0.005231789575372403,-5.079043239897274e-05,-0.015301401639637335,706.3734360526664,715.5087055195827,741.6210387608039,0.0052181513119595735,0.015228371526796411,-54.75207235972039
2023-12-19,STOCK,728.0506121955739,0.02891734116434419,0.034300420183767555,0.028865082007683673,713.181986883504,713.1510574985025,737.1157153407676,0.02850712433899094,0.021805580779890373,-11.788240105400973
2023-12-20,STOCK,739.9064508901689,0.016284360587022206,0.04567260216210456,0.05114334118134867,725.1820274037082,717.4154742487484,733.4939284695146,0.016153192464041233,0.01727550450747276,21.322083751229798
2023-12-21,STOCK,736.8062664741534,-0.004189968086216522,0.012026161549641756,0.04129126733041444,734.9211098532987,723.2517356029668,730.4218404170867,-0.00419877059926943,0.014314297814286007,29.18130677109218
2023-12-22,STOCK,735.7899365784549,-0.0013793719488325307,-0.0055635605106044705,0.010630201050915389,737.5008846475924,729.6284570527465,728.0437885221365,-0.0013803241580534475,0.01348943050432194,31.88360724889833
2023-12-23,STOCK,720.4630126417677,-0.02083057021404766,-0.022181209058648843,-0.0262782385867959,731.019738564792,732.2032557560237,723.8559806378032,-0.02105058729275644,0.01917826374855613,12.873993516386122
2023-12-24,STOCK,719.4764651035354,-0.001369324338545752,-0.022171370745813546,-0.02352016012777214,725.2431381079194,730.488426337616,721.8197419180593,-0.0013702627198473039,0.013204131298185812,-8.574147092038515
2023-12-25,STOCK,714.6197928026967,-0.006750286543618644,-0.00811036755050798,-0.02877199418383314,718.1864235159998,725.4310947201217,721.4232844844349,-0.006773172778403058,0.008194231862994722,-25.286658087472233
2023-12-26,STOCK,718.5282438058988,0.0054692733710515196,-0.0013179323350070993,-0.0026854519967299817,717.5415005707104,721.7754901864707,722.5136128947188,0.005454371206761621,0.009954063724946574,-18.278022668254607
2023-12-27,STOCK,706.0318821160523,-0.0173916081901746,-0.012017454278677508,-0.01868661956239015,713.059972908216,715.8238792939902,722.7261681733684,-0.01754461887104597,0.011040452141599032,-29.758054462402583
2023-12-28,STOCK,712.6905575396061,0.009431125693073472,-0.008124504939947319,-0.002699666707416948,712.4168944871857,714.2693882735579,723.2363220147909,0.009386930284823514,0.01060543913014721,-7.7724551021616435
2023-12-29,STOCK,734.1417308850175,0.030098860043083153,0.03981385186844122,0.02172981676602892,717.6213901802253,717.2024414298543,723.8454338837352,0.029654778260050918,0.017815213707358876,14.665265781482162
2023-12-30,STOCK,731.8143787444042,-0.00317016734331077,0.026833274276592878,0.036517467952125626,726.2155557230093,720.6413586181958,723.0362266691587,-0.003175202969137203,0.017335685566607795,17.194585941707487
2023-12-31,STOCK,736.980280433383,0.007059032780747154,0.0038664871222393593,0.034081724020073034,734.3121300209349,724.3317659436926,723.0536280650816,0.007034234441978704,0.017365985268004584,18.452036627484176
2024-01-01,STOCK,746.4764095924097,0.012885187583909996,0.020035177326197973,0.016801495118010212,738.4236895900657,732.4206714389641,724.1222753664772,0.012802879834222125,0.011941710315450563,40.44452747635739
2024-01-02,STOCK,739.7702061123263,-0.008983811670277952,0.0037856178150419417,0.010871373396040829,741.0756320460396,737.8366011535081,726.052994713533,-0.009024409437715875,0.015051404486225604,27.079648572720203
2024-01-03,STOCK,742.3504641638706,0.003487918316019023,-0.005527228155531305,0.0072867400567755425,742.8656932895356,739.4783478092788,728.3403946195665,0.003481849636208345,0.008548557585016181,8.20873327885306
2024-01-04,STOCK,741.79528089764,-0.0007478721884491835,0.0027374376104656317,-0.006270966683763812,741.3053170579456,741.4745282399259,731.0579434290609,-0.000748151984364398,0.008228246412946474,9.980902153235888
2024-01-05,STOCK,742.5029363248245,0.0009539767175765768,0.0002053910764718836,0.00369402577978839,742.2162271287784,742.5790594182142,733.4554126809534,0.0009535219709766452,0.00787081007085904,5.522655891441559
2024-01-06,STOCK,730.3812292222437,-0.016325466889841156,-0.015387064287581187,-0.016123428918587868,738.2264821482362,739.360023344181,735.8903473915726,-0.016460195677109546,0.008230203779385893,-16.095180370165963
2024-01-07,STOCK,730.0089783112661,-0.0005096665906570985,-0.016826812935447633,-0.015888888605642526,734.2977146194447,737.407777783969,737.6221894687385,-0.0005097965148213035,0.007897843649071734,-9.761227801060159
2024-01-08,STOCK,736.5792244437876,0.009000226473543371,0.008485972768144334,-0.007978031589151224,732.3231439924324,736.2535298399524,737.8659388246155,0.008959965824908878,0.00922991501987409,-5.771239720083031
2024-01-09,STOCK,757.5122213919565,0.028419206316844026,0.03767521208343738,0.03714634369588543,741.3668080490033,739.3969179388157,740.4357230893708,0.02802287215590127,0.0161999365307832,15.716940494316418
2024-01-10,STOCK,771.4139176099657,0.018351778130343943,0.047292527416155083,0.05671839734695028,755.1684544819033,745.179114195844,743.8790868070291,0.018185416521704134,0.01714386341393786,28.910981285141133
2024-01-11,STOCK,804.5545230889617,0.042960860210655705,0.06210104651587445,0.0922851152861448,777.826887363628,760.0137729691876,749.6868981566843,0.042063649150231086,0.016544251237194482,74.17329386671793
2024-01-12,STOCK,791.5094238112241,-0.01621406493080535,0.02605022510291155,0.04488007118458959,789.1592881700504,772.3138620691791,754.860819926574,-0.016346951257760978,0.021933821007675384,61.500445499958005
2024-01-13,STOCK,804.6345492495697,0.01658239945539286,9.946642310909581e-05,0.04306459979686372,800.2328320499186,785.9249270303355,761.089228435144,0.016446412734413052,0.021570511016287968,68.0553248057821
2024-01-14,STOCK,806.7832447834915,0.0026703992960850353,0.019297080379311105,0.002770131334260517,800.9757392814284,795.7791317086425,767.588024823729,0.0026668401147667,0.021509834931296774,49.27102339153498
2024-01-15,STOCK,842.059853836043,0.0437250144702972,0.04651217701424515,0.06386585996842808,817.8258826230348,809.908318953858,777.543716574851,0.04279605866435432,0.025544123862467752,70.64593622607731
2024-01-16,STOCK,827.7284414470649,-0.017019469962486156,0.02596136793742465,0.028701094452175058,825.5238466888665,814.5431026254786,787.278437797333,-0.017165965707103048,0.025048559412866232,23.173918358103265
2024-01-17,STOCK,813.1297529038194,-0.017637050767185913,-0.03435634747391314,0.00786643520594077,827.6393493956425,818.8671684439976,795.5905152565884,-0.017794436843615813,0.02537303089706127,21.620329092595284
2024-01-18,STOCK,802.6372284526617,-0.012903874705958218,-0.030313339179861787,-0.04681689217671359,814.4984742678486,818.4677042846162,802.1963156574758,-0.01298785290888027,0.02558014834914142,-1.9973207969079567
2024-01-19,STOCK,768.4879839104823,-0.04254630028563833,-0.05490116286350866,-0.07156991903409327,794.7516550889877,810.8086521100142,803.2938919093284,-0.04347791448619631,0.03173661459987647,-38.29526087300917
2024-01-20,STOCK,759.6895223986911,-0.011449055412707798,-0.05350824074877003,-0.06572165182036993,776.9382449206117,794.3345858225439,802.121452388201,-0.011515100433615366,0.013072320385278195,-82.37033143735187
2024-01-21,STOCK,747.4946689660126,-0.016052417564182964,-0.027317687958690495,-0.06870172168932898,758.5573917583953,778.2878313263334,796.415466975906,-0.016182653231074262,0.013143878056542406,-80.23377248105237
2024-01-22,STOCK,748.9970531654167,0.002009892861821072,-0.014074788341839173,-0.025362700722899034,752.0604148433735,765.461291378653,792.1642299113253,0.002007875729524322,0.01664039308328287,-64.13269973840272
2024-01-23,STOCK,753.3803164830915,0.00585217698674545,0.0078738320973184,-0.00830497950752107,749.9573462048402,755.6099089847388,787.0388066346775,0.0058351195155434965,0.019497945692362503,-49.25691196957018
2024-01-24,STOCK,781.4050031872084,0.037198591589094,0.043268461317476525,0.04536531915084163,761.2607909452389,758.193312840084,784.5009824750492,0.03652341678431714,0.020681798323432216,12.917019276726137
2024-01-25,STOCK,795.6043879327921,0.01817160715335442,0.056046156935463554,0.06222632595202238,776.7965692010307,765.3762859469043,779.855435884724,0.01800847676372097,0.019567058631855382,35.914865534100954
2024-01-26,STOCK,785.691317213988,-0.012459798951789391,0.005485393629803381,0.042888034136237874,787.5669027779962,773.0156155964993,775.6517234614164,-0.012538073113247172,0.018417430817216335,38.19664824797542
2024-01-27,STOCK,770.9285486585563,-0.018789527428888397,-0.031015212646514745,-0.013407201753150466,784.0747512684455,777.4019146951272,771.43160303689,-0.018968293426967264,0.02259826253324805,21.931495493139664
2024-01-28,STOCK,777.7725109980652,0.00887755726703543,-0.010078775267623463,-0.02241299470589797,778.1307922902032,782.280353598122,768.9451312914305,0.008838383430130214,0.022640229161017197,24.392194514973653
2024-01-29,STOCK,756.7473264540023,-0.027032563181080604,-0.018394989041759957,-0.03683888331949403,768.4827953702079,777.3488182514808,767.7710655457824,-0.027404664140413537,0.019136451478657127,-24.65767673320613
2024-01-30,STOCK,784.1956872434429,0.03627150018231218,0.008258425380880619,0.017209297292170467,772.9051748985034,775.067078113611,770.2216820302576,0.0356291753170872,0.02536654996599373,-11.408700689349189
2024-01-31,STOCK,802.1113131569464,0.022845861313621096,0.05994601515873543,0.03129295753542238,781.0181089514639,778.3510773022026,775.683346449351,0.02258880241442629,0.026847068207178117,16.419995942958394
2024-02-01,STOCK,793.8256713549498,-0.010329790474324585,0.012280077878721318,0.04899699490805043,793.3775572517798,782.9305018414814,780.1662082683043,-0.010383513042094172,0.025225566351464883,22.897122696393467
2024-02-02,STOCK,766.3210360629951,-0.03464820587750472,-0.04462008764480341,-0.022793610665317154,787.4193401916305,780.6402068544674,781.4602802262946,-0.03526269058181786,0.03097571431687196,-11.45147493507011
2024-02-03,STOCK,786.5675743082277,0.026420439075051316,-0.00914318761489985,-0.019378530876895006,782.2380939087242,786.6042564253123,781.9765373383965,0.02607744748330809,0.029632109357022422,29.820247854225386
2024-02-04,STOCK,783.9833945066069,-0.0032853881675626306,0.02304824950956963,-0.012398536862058718,778.9573349592765,786.5617978779452,780.8144379957781,-0.0032907969050519625,0.025260525702251773,-0.2122927368359342
2024-02-05,STOCK,802.8309477072995,0.02404075562410868,0.020676384242479307,0.04764310246770154,791.127305507378,786.7057247880159,782.5284010451091,0.023756326239468883,0.025526160588909618,0.7196345503531347
2024-02-06,STOCK,776.8564721005723,-0.03235360530246667,-0.009090654796993336,-0.012346176634850603,787.8902714381596,783.3118849371403,783.1211933893107,-0.032888553175887125,0.029525228555226157,-16.969199254377486
2024-02-07,STOCK,766.832283789915,-0.01290352680406015,-0.04483965649329846,-0.02187688009321409,782.1732345325955,783.4141344825243,782.0271706684957,-0.012987500459075818,0.025027329006420074,0.5112477269199189
2024-02-08,STOCK,766.1461793914897,-0.000894725499863358,-0.01378670718945374,-0.04569426280909217,769.9449784273256,779.3298554991767,782.9670559622446,-0.0008951260056360155,0.02054220218114267,-20.421394916737995
2024-02-09,STOCK,766.0999146574005,-6.0386301379056206e-05,-0.0009550577720787157,-0.013846260962577461,766.3594592796018,775.7531595293354,781.1574787036403,-6.038812470521293e-05,0.020670066990519022,-17.883479849206424
2024-02-10,STOCK,758.4760999701163,-0.009951462650525933,-0.01001124801988229,-0.010897016200856813,763.5740646730022,766.8821899818988,776.7939573849573,-0.010001309429584992,0.013277499762056676,-44.35484773718326
2024-02-11,STOCK,767.215930131365,0.011522881421831332,0.00145674924720951,0.0013962749781313288,763.9306482529606,764.9540815880573,774.1329832625987,0.011456998646949934,0.009612263193170083,-9.640541969207334
2024-02-12,STOCK,750.2570482066403,-0.0221044444708296,-0.010836269941531085,-0.020679895856462904,758.6496927693739,761.6390344714024,772.5265844769633,-0.022352408587651418,0.012611701446179017,-16.57523558327466
2024-02-13,STOCK,747.3759131823575,-0.003840197211302021,-0.02585975625611736,-0.014634853739222686,754.9496305067877,757.8849812295759,768.6074183643764,-0.0038475897004257575,0.012476699990472174,-18.77026620913216
2024-02-14,STOCK,748.4273973954995,0.0014069013927204832,-0.002438698597386435,-0.024489236990489105,748.686786261499,754.3504777771957,765.0518186532656,0.001405912634237616,0.01263688613904308,-17.67251726190102
2024-02-15,STOCK,755.4117602269852,0.009332051252788132,0.010752081921413081,0.006870594595100865,750.4050236016141,753.7376098285695,760.3098999052341,0.009288776681175115,0.013515520092078832,-3.064339743131086
2024-02-16,STOCK,765.4740200083319,0.013320231840610042,0.022776588179633794,0.024215533985985527,756.4377258769388,753.3892278039627,759.1716546960101,0.01323229756177735,0.01393513958782442,-1.741910123033108
2024-02-17,STOCK,747.7004531720211,-0.023219033398569566,-0.010208084465943457,-0.000971295580584286,756.1954111357794,752.877908797039,757.2584716342208,-0.023492841836756817,0.01438522596721722,-2.5565950346192494
2024-02-18,STOCK,724.3829222320724,-0.031185658429157215,-0.05368059098310385,-0.041075397059729735,745.8524651374751,748.279310606982,753.082145918279,-0.03168228341471302,0.020147848091649382,-22.99299095028516
2024-02-19,STOCK,742.38923946882,0.024857456856194338,-0.00710339773189772,-0.030157497101287012,738.157538290971,747.0716790216461,750.7110783994209,0.024553536437970536,0.024529616055303717,-6.038157926679446
2024-02-20,STOCK,746.592833328481,0.005662250523281509,0.030660456527567215,-0.0014813684261406612,737.7883316764578,745.3078936419453,749.5227517352574,0.005646280239592016,0.024176183369842764,-8.818926898504174
2024-02-21,STOCK,734.7646446880228,-0.015842890679415467,-0.010270346572173739,0.014331815587204755,741.2489058284413,739.1660185778834,746.2776231909231,-0.015969730731130838,0.022968295447085483,-30.70937532030905
2024-02-22,STOCK,757.1590038793449,0.030478275395015242,0.014152520730419393,0.01989490637161273,746.1721606319496,741.0577287193482,746.9678187581936,0.030023039510449934,0.02628371026732142,9.458550707323866
2024-02-23,STOCK,758.154180128255,0.001314355695185787,0.0318326903850461,0.015485477871828524,750.025942898541,747.8119802985848,748.0456454527833,0.0013134926858571205,0.018558244518732014,33.77125789618265
2024-02-24,STOCK,775.4726485092721,0.02284293727443054,0.02418731671431784,0.05540277980921848,763.5952775056239,754.4286621066751,750.7501705641607,0.02258594368127742,0.018165701154248762,33.08340904045201
2024-02-25,STOCK,775.7443981764461,0.00035043101480947136,0.02320137316293036,0.02454622371506887,769.7904089379912,760.2589750762681,752.7834343591068,0.00035036962820189643,0.018540242411230645,29.15156484796512
2024-02-26,STOCK,807.5767044599803,0.04103452936091179,0.04139934014748725,0.06518795995210969,786.2645837152328,774.8213870306597,756.9937028042716,0.04021495849763923,0.017642347074729996,72.81205977195748
2024-02-27,STOCK,835.5956781169427,0.03469512369812411,0.0771533511311071,0.07753081907304926,806.3055935844563,790.5087218781792,765.7832252987637,0.03410681684886452,0.01836586090255939,78.4366742375978
2024-02-28,STOCK,830.6143224180078,-0.0059614426323514325,0.028526848076223965,0.07073196322209374,824.5955683316437,805.0007503361297,776.4063653173573,-0.005979282969581057,0.020372488831155215,72.46014228975275
2024-02-29,STOCK,846.0656808466713,0.01860232602741907,0.012529986695626771,0.047659839832091544,837.4252271272072,819.1193568036097,786.7740094551424,0.018431419019086626,0.02023599246698522,70.59303233739922
2024-03-01,STOCK,856.2004442036013,0.011978695728194433,0.030803853358932543,0.024658775321926507,844.2934824894268,835.2105660090407,797.7347705426544,0.011907518991702837,0.01837233614895706,80.45604602715514
2024-03-02,STOCK,879.0810879602539,0.026723466346639357,0.03902227434700278,0.05835050544415621,860.4490710035088,849.5114427090954,812.1664148698776,0.026372631150646697,0.015301258027075094,71.50438350027355
2024-03-03,STOCK,861.4169713304098,-0.020093842162877684,0.006092647068947299,0.018144324762560116,865.5661678314217,854.6757013517888,822.5922116149839,-0.0202984692116015,0.01897075461974377,25.821293213467015
2024-03-04,STOCK,872.445077488458,0.012802285681713377,-0.007548803588976694,0.018972932558995348,870.9810455930406,863.0418523658789,834.0213013510044,0.012721029199968648,0.01780478725077792,41.83075507045021
2024-03-05,STOCK,890.2196173872503,0.020373247964170504,0.03343635778658571,0.012670650727842903,874.6938887353726,871.8726396739946,845.4959982388021,0.020168489736992257,0.018030178185903363,44.153936540579025
2024-03-06,STOCK,858.5916268671772,-0.03552830099711768,-0.01587887991890702,-0.0032798801942210964,873.7521072476285,872.3508762067098,853.7807211078753,-0.036174789728463,0.02730932037534053,2.3911826635759326
2024-03-07,STOCK,837.6733550744323,-0.024363470523316555,-0.05902617880634742,-0.039855485819376035,862.1615331096199,864.0693296295455,856.7903861693205,-0.02466517025331516,0.024657731961035566,-41.40773288582159
2024-03-08,STOCK,803.3926633306943,-0.04092369840352861,-0.06429012560708569,-0.09753430767049232,833.219215090768,852.4644680296024,853.5700846906955,-0.04178464355520184,0.02854355719729963,-58.02430799971546
2024-03-09,STOCK,798.2768388727679,-0.006367775922569763,-0.04703088138474176,-0.07024851641575569,813.1142857592981,837.6308203064643,850.3363363361716,-0.006388136688891599,0.02515878858470627,-74.16823861569003
2024-03-10,STOCK,809.0059714342744,0.013440365596297355,0.006987004437292832,-0.03422262802857157,803.558491212579,821.3880911158692,846.6303653949319,0.01335084511591944,0.022648157723193202,-81.21364595297587
2024-03-11,STOCK,832.8499045585542,0.029473123766944775,0.043309618921934634,0.03666605705077819,813.3775716218655,816.2397466541446,844.2953114304273,0.029047141041920632,0.02842445484629353,-25.741722308623025
2024-03-12,STOCK,833.2513479891579,0.00048201173873763103,0.02996934189731526,0.043812506405392915,825.0357413273288,815.3553452370898,839.7123374333175,0.00048189560839517753,0.026473455875309068,-4.422007085274345
2024-03-13,STOCK,859.9787209385518,0.0320760032538725,0.03257347600271032,0.06300664185940241,842.0266578287547,826.6725567586612,839.5685123941317,0.031572310911426094,0.016832183863889558,56.58605760785747
2024-03-14,STOCK,835.7300186115591,-0.028196863174159037,0.002974697404790172,0.0034581429825959464,842.986695846423,834.1631927064194,835.8970065064419,-0.028602029164297882,0.024579732917378104,37.453179738791164
2024-03-15,STOCK,806.9308427611254,-0.03445990356823514,-0.061685105556485986,-0.031587713949158824,834.2131941037454,833.7481669717897,827.5681290438295,-0.03506764878710289,0.031174012582386775,-2.075128673149038
2024-03-16,STOCK,805.2292455172956,-0.0021087274815365653,-0.036495964504106304,-0.06366375596073404,815.9633689633266,828.224035163538,822.2318909088414,-0.0021109539779322617,0.026560406980844487,-27.62065904125859
2024-03-17,STOCK,810.6272436716308,0.0067036787155780875,0.004580815002506622,-0.030036943008978856,807.5957773166839,823.6992143000325,819.5272797685611,0.006681308978786049,0.02712091267852761,-22.6241043175271
2024-03-18,STOCK,809.2876594285282,-0.0016525280312997825,0.005040072667287898,0.002920717046008825,808.3813828724848,813.5610019980278,820.1167793783445,-0.0016538949618825072,0.018448961700728687,-50.69106151002359
2024-03-19,STOCK,775.7308257178101,-0.04146465514427089,-0.04304866167063648,-0.03663356735203405,798.5485762726563,801.561163419278,817.8621780628488,-0.04234884200079758,0.02216384938846215,-59.999192893748955
2024-03-20,STOCK,773.5754316309565,-0.0027785335007916023,-0.04412797771164534,-0.04570758302281208,786.1979722590983,794.8900811932442,814.319124082517,-0.0027824007902550463,0.01934282800753902,-33.35541113016893
2024-03-21,STOCK,752.9010377055246,-0.026725763358129595,-0.029430038430096395,-0.06967438717998065,767.4024316847639,784.4244396308901,806.324237397214,-0.027089390010097247,0.020490185163772424,-52.328207811770994
2024-03-22,STOCK,762.2901413259145,0.012470568043050356,-0.014588480765539313,-0.01732647968379819,762.9222035541319,774.7570191617467,799.2281167308897,0.012393450976600384,0.02199630457131264,-48.33710234571629
2024-03-23,STOCK,767.132249612848,0.006352054190955636,0.01890183595800754,-0.00832909339497001,760.7744762147623,766.3259371986107,789.9434695983193,0.0063319649219373275,0.023218230900931208,-42.15540981568017
2024-03-24,STOCK,752.0942250018529,-0.019602910213440183,-0.013375374770460802,-0.0010716052485867378,760.5055386468717,761.5986170554194,781.5798902373486,-0.019797595726547712,0.016850127188398643,-23.63660071595723
2024-03-25,STOCK,743.6602497389455,-0.011213987533126746,-0.030597070955820538,-0.024439371017660694,754.2955747845486,755.6155806770171,775.2528309351308,-0.011277338346733501,0.01684906613864155,-29.91518189201099
2024-03-26,STOCK,727.3443370939921,-0.021940009097811686,-0.03290796164243903,-0.05186578003849518,741.0329372782635,750.5042405547107,767.4643400928003,-0.02218427043777904,0.015543808311432327,-25.556700611532506
2024-03-27,STOCK,725.7070525981021,-0.002251044536115465,-0.024141665696325254,-0.035084928891304545,732.2372131436799,743.1876228091481,758.9723209854474,-0.00225358194546299,0.011965437534721107,-36.583088727812424
2024-03-28,STOCK,738.9640485518598,0.018267696181670567,0.0159755302478779,-0.006314982128914681,730.6718127479847,737.5539825969505,751.9399598977806,0.018102846410024576,0.016310701766542562,-28.168201060988167
2024-03-29,STOCK,723.8142147962736,-0.02050144900184947,-0.0026082670618288173,-0.0048534402726260195,729.4951053154118,731.8979805558346,746.748298805627,-0.020714520926711444,0.016487977074743632,-28.280010205579288
2024-03-30,STOCK,730.4170558338672,0.009122287049104116,-0.011566182055462781,0.006490226626436613,731.065106394,729.249341774819,742.4324612259181,0.009080930310357616,0.017831952462022807,-13.243193905078328
2024-03-31,STOCK,721.9894510134465,-0.011538072328827864,-0.0025210388875006595,-0.022970802939166424,725.406907214529,728.1783645587099,739.3413025567103,-0.011605152367448746,0.015557193152759233,-5.3548860805456115
2024-04-01,STOCK,709.9205563826542,-0.016716164777548004,-0.028061364788111942,-0.01919506156359463,720.7756877433226,725.0210653156203,734.1043440623841,-0.016857456645247737,0.0170395100393499,-15.786496215447869
2024-04-02,STOCK,707.6944722301856,-0.003135680651101924,-0.01979942887419639,-0.03110905396060437,713.2014932087621,718.7671500512854,728.1605663241179,-0.00314060719909115,0.011899445356644039,-31.269576321674208
2024-04-03,STOCK,692.4995704057973,-0.02147099125489005,-0.02453934573415406,-0.04084530676487674,703.3715330062124,712.5042211731901,722.2011008645125,-0.02170484644838755,0.012155992627805975,-31.31464439047636
2024-04-04,STOCK,684.1892985513206,-0.012000400014121282,-0.033213730785252915,-0.036245263783380666,694.7944470624344,703.2586697166807,716.2540057457499,-0.012072986106943517,0.0069035835785836155,-46.22775728254658
2024-04-05,STOCK,667.3249266832366,-0.024648692845374742,-0.03635329868552639,-0.05704374858225303,681.3379318801182,692.3257648506388,710.2520647046744,-0.02495755785177689,0.008572965374708195,-54.664524330209815
2024-04-06,STOCK,693.3754146611656,0.03903718703781389,0.013426278559596438,0.001264757832059038,681.6298799652409,689.0167365063411,707.0189009109807,0.0382945026583279,0.025518875432920713,-16.545141721488676
2024-04-07,STOCK,693.1710869580457,-0.00029468553225187044,0.038730997811322165,0.013127636497301198,684.6238094341493,686.1120594519132,702.4396047515993,-0.0002947289605650383,0.025594431453720704,-14.523385272139876
2024-04-08,STOCK,682.8548627037543,-0.01488265227501595,-0.015172952104960946,0.023271925563615792,689.8004547743218,684.1831179115046,698.3436695423474,-0.01499451015985187,0.024600234364887442,-9.644707702042979
2024-04-09,STOCK,685.0980286232586,0.0032849819808304925,-0.011646559538735834,-0.01193781299839114,687.0413260950196,684.3648639258922,693.8117668212865,0.003279598214684931,0.024107437883298135,0.9087300719380664
2024-04-10,STOCK,682.8774227033321,-0.0032412966132584486,3.303776660312785e-05,-0.014850106198005197,683.6101046767817,687.4753631299112,689.900563990275,-0.003246560993816594,0.02004079836426636,15.552496020095418
2024-04-11,STOCK,679.1866521673669,-0.005404733577739851,-0.008628511846357156,-0.005371874371463359,682.3873678313192,684.6376106311516,686.8271735687463,-0.005419391990664657,0.006893690880731308,-14.188762493798663
2024-04-12,STOCK,686.8935399413211,0.01134723091120926,0.005881168573549145,0.002620809348511388,682.9858716040067,683.3821012278065,684.7470803398598,0.01128333400086845,0.009826770573207839,-6.277547016724611
2024-04-13,STOCK,696.6822822272954,0.014250741514923115,0.02575967888075814,0.02021572110161962,687.5874914453278,686.1475851325148,685.1653515220097,0.014150154200946119,0.008628857262150916,13.827419523541153
2024-04-14,STOCK,688.6405575743697,-0.011542886704706046,0.002543360115452309,0.01391945112118198,690.7387932476621,686.856090922737,685.6104774243147,-0.011610022952210919,0.01114588606076979,3.5425289511110805
2024-04-15,STOCK,680.0749977890188,-0.012438360899802103,-0.023837673013849536,-0.009926636015363921,688.4659458635612,686.2956059398743,686.8854845348927,-0.012516364812893421,0.012698229525701083,-2.802424914313292
2024-04-16,STOCK,675.6681472079013,-0.006479947940219222,-0.018837708908928885,-0.030163154073923004,681.46123419043,685.5919049479812,685.1147577895664,-0.006501033943032475,0.012804887391547542,-3.518504959465645
2024-04-17,STOCK,644.621695239071,-0.045949260886613,-0.052131460008395414,-0.06392139099437943,666.7882800786637,677.1375360075313,680.2598186176689,-0.04703842329471186,0.022021052414469385,-42.27184470225018
2024-04-18,STOCK,624.755144686236,-0.030818929458256927,-0.07535208331494636,-0.08134375367809765,648.3483290444027,662.7521084993193,674.449846815917,-0.03130382124397091,0.016965997771624646,-71.92713754105944
2024-04-19,STOCK,641.4282238647919,0.02668738196134335,-0.0049540240390058,-0.05067565118261197,636.9350212633663,653.3096417574037,670.0828663400704,0.0263374853488898,0.027732197314829444,-47.21233370957782
2024-04-20,STOCK,662.2192166465974,0.03241359205638572,0.0599660079296771,0.0272989903031422,642.8008617325418,649.7384855289195,668.0170457343969,0.03189935427002588,0.034657096504219255,-17.855781142421392
2024-04-21,STOCK,658.2704883003463,-0.005962871881379339,0.026257442078359006,0.05364556642577534,653.9726429372453,646.2589537474084,665.925429347695,-0.005980720791127325,0.034653449532965286,-17.397658907554955
2024-04-22,STOCK,665.2394576699735,0.010586786880908194,0.004560787345722517,0.037122210902588604,661.9097208723057,650.382506233589,663.7600211205602,0.01053113926111493,0.025688488268224067,20.61776243090253
2024-04-23,STOCK,668.7244324660037,0.005238677224944643,0.01588092486517123,0.009823357063462934,664.0781261454412,659.1763637895426,660.964236144431,0.005225003090870928,0.015492522194662761,43.96928777976768
2024-04-24,STOCK,710.4863118411887,0.062450057673506754,0.06801589059328195,0.0793227472124165,681.4834006590553,672.987981384822,663.1488115711129,0.06057761616910451,0.026315777692527565,69.05808797639679
2024-04-25,STOCK,725.8484017839895,0.021621936533852137,0.08542228539091079,0.09110846239683545,701.6863820303939,685.7138184123003,667.7261519706099,0.021391498228691574,0.025582251533845336,63.62918513739214
2024-04-26,STOCK,723.2701676479933,-0.003552028398298379,0.017993106402959258,0.08156683460905634,719.8682937577238,698.7137542818298,672.4863540146191,-0.0035583518296151695,0.02502313929111743,64.99967934764697
2024-04-27,STOCK,708.8699053867098,-0.019909935326258288,-0.023391243068869527,-0.0022750705081003852,719.3294916062308,707.439843825177,678.911175029383,-0.02011080881200833,0.030678033284549926,43.630447716736285
2024-04-28,STOCK,685.7705475627245,-0.03258617363842509,-0.05184732035501205,-0.05521518559903382,705.9702068658092,710.8490668445212,685.0127153170318,-0.03312892640515219,0.03713206133920111,17.04611509672077
2024-04-29,STOCK,687.8785978304082,0.003073987757531871,-0.02961235537972251,-0.0489327106255123,694.1730169266142,706.327524042365,689.6577527135935,0.0030692727173446954,0.021050584864417635,-22.607714010780455
2024-04-30,STOCK,676.8741424406994,-0.01599767084543291,-0.012972859732228947,-0.0451362975108327,683.5077626112774,696.532672173707,691.1232452930037,-0.016127014905685577,0.014214129701910699,-48.9742593432901
2024-05-01,STOCK,657.2341032954099,-0.029015791731193508,-0.0445492774911912,-0.04161223366727407,673.9956145221726,683.3254593031904,691.0196067925101,-0.029445074191953857,0.01418764072621112,-66.03606435258337
2024-05-02,STOCK,648.1413588522225,-0.013834864012070902,-0.042449226210460766,-0.05776780830733541,660.7498681961107,671.1797499962929,689.309796910735,-0.013931457684850379,0.014351056940496982,-60.728546534487236
2024-05-03,STOCK,633.6380287780231,-0.02237680079525095,-0.03590208481129431,-0.06387614912688766,646.3378303085518,660.7532462393526,685.8011565419368,-0.02263096007228782,0.012170631209269268,-52.13251878470135
2024-05-04,STOCK,654.7285299079064,0.03328477801522811,0.010163170372816221,-0.0038122997192939767,645.502639179384,654.1232326548522,680.2253783486087,0.03274283270145162,0.024584163953334476,-33.150067922501876
2024-05-05,STOCK,665.7095649130143,0.016771890185772964,0.05061491684273034,0.027105516136021413,651.3587078663146,651.8903171493153,674.2114946615112,0.016632795138988854,0.026770681014371973,-11.164577527685083
2024-05-06,STOCK,664.9381533705255,-0.0011587809206101696,0.015593674318812978,0.049397484322184715,661.7920827304821,653.4311271643384,668.3782932337643,-0.0011594528263323411,0.022523161155157054,7.7040500751155605
2024-05-07,STOCK,684.2291777254823,0.029011757344907796,0.027819358153412965,0.045057831559173644,671.6256320030074,660.6486909389903,665.9142204676416,0.02859888277780076,0.02287444239266447,36.08781887325972
2024-05-08,STOCK,684.6038041377873,0.0005475159851415778,0.029575157730952872,0.028382105681840075,677.9237117445983,670.8418460109431,665.7975461251478,0.0005473661529524776,0.015582795612679803,50.965775359764166
2024-05-09,STOCK,672.2394482019349,-0.0180606006877575,-0.01752297317019369,0.010980411929139011,680.3574766884016,674.3440296697488,664.2336311623005,-0.018225684026565325,0.017951586290894835,17.510918294028556
2024-05-10,STOCK,692.3399417710722,0.029900794460814284,0.011300167464053157,0.011853870471516315,683.0610647035982,679.6701050413604,665.7802110953378,0.029462481545393437,0.020688495319892006,26.630376858057843
2024-05-11,STOCK,699.1429873627644,0.009826163682380429,0.040020768243799854,0.021237368441573645,687.9074591119238,686.5110718398082,669.9710995020733,0.009778200873692633,0.02006733757012618,34.204833992238946
2024-05-12,STOCK,684.1042772462205,-0.021510206622069483,-0.011895405750799393,0.01764970662763221,691.8624021266857,686.4860917439559,673.567391341473,-0.021744923086528978,0.021029510298598324,-0.1249004792617825
2024-05-13,STOCK,680.8238333845775,-0.004795239513554872,-0.026202299542885443,-0.016633603944668285,688.0236993311875,685.7300975933139,678.2859718021285,-0.004806773561671918,0.021128430703512356,-3.7799707532097955
2024-05-14,STOCK,668.3361192300574,-0.018342063750089288,-0.023049348674789583,-0.04406375904436022,677.7547432869518,684.9494317989383,679.6467307343436,-0.01851236506769549,0.021186806592570263,-3.9033289718774995
2024-05-15,STOCK,649.4560879827828,-0.028249305557546345,-0.04607321874420334,-0.05064752613871937,666.205346865806,676.3726610412806,678.0213830413204,-0.02865599461928703,0.01531111913355079,-42.88385378828934
2024-05-16,STOCK,660.9371656612459,0.017677989152620643,-0.011070707322140994,-0.02920971145276896,659.5764576246953,668.7314967009768,677.6212842703925,0.017523550950633293,0.018270781555291906,-38.205821701518516
2024-05-17,STOCK,685.9790642187667,0.03788847088431946,0.05623625201424254,0.02639831139013471,665.4574392875985,669.106454095486,677.7962729197209,0.0371883328094027,0.026811973698720227,1.8747869725461896
2024-05-18,STOCK,666.3904480905314,-0.028555705487227856,0.00825083338115773,0.026074680676790418,671.1022259901813,666.2197770366769,675.9749373149954,-0.02897135147638341,0.030005955542214222,-14.433385294046047
2024-05-19,STOCK,673.2623947774524,0.010312192659141184,-0.018537984764588566,0.018648110223723702,675.2106356955834,667.2050321461559,676.0772319725472,0.010259384733811494,0.02934714851961502,4.926275547394994
2024-05-20,STOCK,663.8938621258359,-0.013915128372368524,-0.0037464311978799847,-0.032195154699192874,667.8489016646066,670.0925869747664,673.2326240080235,-0.014012851382436686,0.026145338539428534,14.437774143053048
2024-05-21,STOCK,656.8001475764916,-0.010685013002876276,-0.024451458047649366,-0.014391413534692532,664.6521348265933,669.2651833578157,668.9983400293961,-0.010742507675293389,0.02564879433351328,-4.137018084754345
2024-05-22,STOCK,648.4156360186854,-0.012765696823826778,-0.02331430819014968,-0.036905014971139294,656.3698819070042,661.7524977177993,665.4294759066427,-0.012847878484777198,0.014028036135985559,-37.56342820008126
2024-05-23,STOCK,636.6703953652001,-0.01811375297116813,-0.030648215116223176,-0.04100575154206776,647.2953929867923,655.8084871727331,661.014132104705,-0.0182798153935968,0.011179582533276517,-29.720052725331357
2024-05-24,STOCK,636.6515709290794,-2.956700399092682e-05,-0.018142784405752677,-0.03067687594431545,640.5792007709883,648.4863224030585,657.8456772746072,-2.9567441103495185e-05,0.006814282026523515,-36.610823848373
2024-05-25,STOCK,625.5326452425459,-0.017464695281137033,-0.01749374590641284,-0.03529062148569184,632.9515371789417,640.8140790264005,655.4533330005835,-0.017619002328221,0.007357893598935604,-38.36121688329001
2024-05-26,STOCK,628.2967933455202,0.004418871059723051,-0.013122998457958612,-0.013152177454201719,630.1603365057152,635.1134081802062,652.1892957690109,0.004409136515596934,0.010433142389531675,-28.503354230971354
2024-05-27,STOCK,627.0384694323044,-0.0020027539954733387,0.00240726715257944,-0.015099470315837582,626.9559693401235,630.83797486293,646.2952362903646,-0.0020047621889824896,0.010526982756663857,-21.37716658638101
2024-05-28,STOCK,623.4252888814776,-0.005762294862224349,-0.007753508398639197,-0.003368899092790145,626.2535172197673,628.1889535661855,641.9987203694593,-0.005778960937328215,0.008350021589825904,-13.245106483722452
2024-05-29,STOCK,611.5995017138998,-0.018969052713269208,-0.024622042300502578,-0.026575484402381777,620.6877533425605,623.1785397231496,635.832431063104,-0.019151273240831657,0.01014562052886708,-25.052069215179586
2024-05-30,STOCK,603.980693317456,-0.012457185421331118,-0.031189937127684142,-0.03677250637544449,613.0018279709444,618.8681493381316,629.841114182266,-0.012535426611367306,0.0091502099859757,-21.55195192508984
2024-05-31,STOCK,612.5619359556811,0.01420780950975642,0.0015736347709311982,-0.01742526830325908,609.3807103290123,615.7211778601638,625.4172930201851,0.014107824516515599,0.012566842090034423,-15.734857389839135
2024-06-01,STOCK,618.1112151068698,0.009059131535052334,0.02339565145998246,0.010647022070361611,611.5512814600023,613.9357269950768,622.3868509290035,0.009018343752487112,0.014111534325390755,-8.927254325434546
2024-06-02,STOCK,605.5379860820881,-0.02034137015716153,-0.011466513769966213,0.002578381696405563,612.070379048213,610.358266435199,619.2736100006922,-0.02055110489597034,0.016256689857155296,-17.887302799389545
2024-06-03,STOCK,606.1357326133099,0.0009871330039743498,-0.019374316791015422,-0.010490699740174692,609.9283112674226,609.265512615081,616.2220261691152,0.0009866461085845657,0.014531982143875001,-5.463769100589957
2024-06-04,STOCK,614.6983653635481,0.014126592922217407,0.015127670752298927,-0.00552141695525088,608.7906946863153,611.4090470242994,615.1385981812156,0.014027742467435544,0.014479143745182903,10.717672046092048
2024-06-05,STOCK,593.9193757230443,-0.03380355441195071,-0.02015449054223495,-0.019187252701053148,604.9178245666341,607.680534977772,611.700856418968,-0.034388105622428,0.020572610403387703,-18.64256023263681
2024-06-06,STOCK,599.8087071061123,0.009916045213878233,-0.024222706772011215,-0.010438298167836257,602.8088160642349,604.0200333776205,608.9778801863488,0.009867203847599093,0.020732283886999034,-18.302508000757598
2024-06-07,STOCK,591.3205804873919,-0.014151389464939323,-0.004375670068834769,-0.03803131127952486,595.0162211055161,601.1765522586813,605.7674093469402,-0.014252475178917479,0.01979829343860661,-14.217405594696174
2024-06-08,STOCK,597.509558450799,0.01046636658292166,-0.0038331365118154936,0.006044899147100491,596.2129486814343,599.451317426179,604.35841502063,0.010411973371863503,0.0208993573396129,-8.626174162510893
2024-06-09,STOCK,587.8695667014356,-0.01613361930871471,-0.005836113099787377,-0.01990491345529022,592.2332352132088,594.0855576937565,602.747302359028,-0.01626518313085068,0.019089889288872786,-26.82879866211249
2024-06-10,STOCK,566.4605590783292,-0.036417955335285246,-0.051964021216618694,-0.042041529128872934,583.9465614101879,588.5937943648136,598.1371646712928,-0.0370976420132898,0.020009706801467,-27.458816644715057
2024-06-11,STOCK,547.7706115123358,-0.03299426105923997,-0.06821063286894913,-0.08324376779414966,567.3669124307002,578.1861752460584,591.1031043118394,-0.03355084875766323,0.018912488163176203,-52.03809559377646
2024-06-12,STOCK,547.7496317153452,-3.830033329577098e-05,-0.03303129770134028,-0.06824632071227166,553.99360076867,569.471985491649,585.3242688751651,-3.830106677238376e-05,0.02063484289478034,-43.57094877204668
2024-06-13,STOCK,550.0519653130808,0.0042032590519971436,0.004164797732478576,-0.02896687775040563,548.5240695135873,559.9804668641053,579.7158921451421,0.004194450034429309,0.01880348351372535,-47.45759313771816
2024-06-14,STOCK,539.6530449175074,-0.01890534177012626,-0.014781546767055564,-0.014819280962183545,545.8182139819778,550.3371625073196,572.2113601005382,-0.0190863325020878,0.018835044216670274,-48.216521783928215
2024-06-15,STOCK,546.0432979219805,0.011841410077561898,-0.0072877975971208375,-0.003115171046343068,545.2494360508563,546.25371027605,567.4237523204317,0.011771849175547189,0.018551320888267536,-20.417261156348673
2024-06-16,STOCK,527.6683026289608,-0.03365116898778453,-0.02220823620179635,-0.040693723676415994,537.7882151561495,542.233248499375,560.2097118727166,-0.03423040124537913,0.01879226076645441,-20.10230888337503
2024-06-17,STOCK,526.4446909380988,-0.002318903153298524,-0.03589203833920507,-0.024475640606137272,533.3854304963467,537.9722603439257,553.7221229177874,-0.0023215959729467883,0.018592969832711335,-21.30494077724643
2024-06-18,STOCK,513.3336130338953,-0.024904948477759814,-0.027166099467500482,-0.05990309745136524,522.4822022003183,530.6285898880885,545.3045283760969,-0.025220323995248428,0.01844886262609322,-36.718352279185524
2024-06-19,STOCK,506.178426895829,-0.013938666700155977,-0.038496473401899656,-0.04072610696163559,515.3189102892744,523.9336662837529,537.1354143955363,-0.014036722156043346,0.018225178144222157,-33.474618021678396
2024-06-20,STOCK,506.152092851652,-5.2025220313001164e-05,-0.013989966758263028,-0.03854649583470271,508.5547109271254,515.9554252696871,531.1045677728686,-5.202657367231467e-05,0.014656285415895295,-39.89120507032851
2024-06-21,STOCK,497.01933838709425,-0.018043498374379907,-0.01809458487771476,-0.03178103719018266,503.11661937819173,509.8256324213138,526.0294404603444,-0.018208267305678483,0.01065232570620077,-30.64896424186651
2024-06-22,STOCK,492.71840522160204,-0.008653452357506697,-0.026540812178341144,-0.02659145660705331,498.6299454867828,503.0803752780145,520.5263178109701,-0.008691110884596398,0.009532334843047389,-33.72628571649676
2024-06-23,STOCK,502.2327616594386,0.01930992700294487,0.010489377112091303,-0.007743386321158896,497.3235017560449,500.86020500312316,515.7443974456058,0.019125856184288637,0.014784411391492613,-11.100851374456681
2024-06-24,STOCK,495.9751593347921,-0.012459566166035496,0.006609767523754861,-0.002100882142112681,496.9754420719443,498.81955149091584,511.3766088873343,-0.01253783739046277,0.014552846431419466,-10.203267561036853
2024-06-25,STOCK,503.8303910431147,0.01583795389845344,0.003181053697885572,0.022552406615529152,500.67943734578176,498.3552111292083,507.1553181994477,0.015713842241302345,0.017122861567808522,-2.321701808537341
2024-06-26,STOCK,492.0820882603267,-0.023317971665950177,-0.007849326727747519,-0.020211093688059734,497.29587954607786,497.36776110385483,503.59669676258426,-0.023594137093152057,0.018589013487850206,-4.9372501267675375
2024-06-27,STOCK,496.82687838787757,0.009642273597735063,-0.013900536330762492,0.0017172615141205494,497.5797858971063,498.1894557371099,500.63491550756214,0.009596083558305324,0.01874098490090906,4.10847316627553
2024-06-28,STOCK,510.8484672309269,0.028222283159371475,0.038136683732881815,0.013929441956215038,499.9191446263771,499.91259685140756,500.38640092726536,0.02783137241315803,0.021033379429480317,8.615705571488263
2024-06-29,STOCK,485.72378300411583,-0.0491822640929126,-0.022348016717190222,-0.0129212288110091,497.7997095409734,497.8623215852723,498.34093653809407,-0.05043289000254525,0.03211896602097984,-10.251376330676294
2024-06-30,STOCK,477.5659232205514,-0.016795265270128423,-0.06515150019101512,-0.03876794111829229,491.3793911518647,492.6094280207597,495.482319574984,-0.016937905109410067,0.030333439330378187,-26.26446782256329
2024-07-01,STOCK,482.6267844857548,0.010597199295700577,-0.006376048747719576,-0.05524472432725258,481.9721635701407,490.71836726584536,494.04306418485004,0.010541442543610557,0.030548626917388244,-9.455303774571917
2024-07-02,STOCK,480.1904251608766,-0.005048122904065866,0.005495580427151037,-0.01139198457406465,480.12771095572765,487.39107662044506,492.79026617877753,-0.005060907720859653,0.02962130796864305,-16.63645322700097
2024-07-03,STOCK,483.2845747268509,0.006443588634524877,0.001362937703088818,0.011974580321256534,482.03392812449414,481.8782981196299,490.8954474855188,0.006422917467426181,0.024459315537311874,-27.563892504075966
2024-07-04,STOCK,477.00451585653155,-0.012994536136123891,-0.006634678946956685,-0.011649309176269274,480.1598385814197,480.134444690113,488.9983831376927,-0.013079703734316439,0.01194084808960656,-8.719267147584276
2024-07-05,STOCK,477.35371348879545,0.0007320635772951611,-0.012271985385437834,-0.005907472376465606,479.21426802405927,480.0920027437619,486.3507153822608,0.0007317957494583638,0.00934830644122481,-0.21220973175593372
2024-07-06,STOCK,475.39413082556695,-0.004105095671942394,-0.0033760372856699306,-0.016326703383288343,476.58412005696465,478.6454720117243,484.6819196387848,-0.004113544707841754,0.007242296686058075,-7.23265366018785
2024-07-07,STOCK,486.14155665276337,0.02260740116528681,0.018409499948666808,0.019155040450350658,479.6298003223753,479.83569831010163,483.61338746527343,0.022355641233196444,0.013221400914034348,5.95113149188677
2024-07-08,STOCK,488.13317450007446,0.004096785843662465,0.026796804690005338,0.022581705571107946,483.22295399280165,480.8054182647464,481.34185819218817,0.004088416866023792,0.013087157733224162,4.848599773223555
2024-07-09,STOCK,490.9490332295948,0.005768628064265924,0.00988904674171942,0.03272001355383858,488.4079214608109,483.59432173935903,481.86438321473605,0.00575205324150474,0.0100122330562798,13.944517373063263
2024-07-10,STOCK,486.434754743371,-0.00919500432973186,-0.0034794188254935188,0.0006031125843806162,488.50565415768006,485.41052999027414,482.751266367018,-0.009237539322449528,0.012049920496023051,9.081041254575553
2024-07-11,STOCK,481.2325651213395,-0.010694527007586108,-0.019791195115178795,-0.014136735094479658,486.20545103143513,486.57821684942866,482.61184443057647,-0.010752124481450132,0.013423084641909219,5.838434295772572
2024-07-12,STOCK,476.610451097282,-0.009604740740876694,-0.02019654958920858,-0.029205846558022053,481.4259236539976,484.6719957383323,482.25384702421695,-0.0096511637563923,0.008146712732187693,-9.53110555548136
2024-07-13,STOCK,479.90517663887215,0.006912826888300083,-0.002758309762625255,-0.013423337951959602,479.24939761916454,483.02639616609196,481.91590721541905,0.006889042847566529,0.008899889455508628,-8.227997861202311
2024-07-14,STOCK,475.40584326055887,-0.009375463315118626,-0.00252744738171351,-0.012107912645752616,477.3071569989043,479.9177581722847,481.75603995582185,-0.009419689616406046,0.007471177738050176,-15.54318996903595
2024-07-15,STOCK,477.6911257746347,0.004807013936560578,-0.0046135173613754965,0.0022674170800591753,477.66738189135526,478.1690323785375,481.7897811844058,0.004795497137928706,0.008691070326468662,-8.743628968736289
2024-07-16,STOCK,497.4387130754365,0.04133965701954101,0.046345391263527214,0.0365354184327924,483.51189403687675,481.41026196935684,483.9942394093928,0.04050801597290832,0.02045617962930249,16.20614795409699
2024-07-17,STOCK,505.67534529600255,0.01655808445153517,0.058582247003203136,0.06367086661754318,493.60172804869126,487.22324080910096,485.94761827371656,0.016422494068634386,0.018499768831607925,29.064894198720538
2024-07-18,STOCK,501.88669278798614,-0.00749226266073677,0.00894176427292881,0.05065107076066222,501.6669170531418,491.6195440389238,487.3229701025078,-0.007520470643356703,0.020480039529988194,21.981516149113986
2024-07-19,STOCK,513.5763280563493,0.02329138316743795,0.015624615346278903,0.03244141349824048,507.0461220467793,499.25364099808183,489.5856995851833,0.02302427844327859,0.018216616552453994,38.17048479579046
2024-07-20,STOCK,508.8926820835324,-0.009119668717096796,0.01395930475189111,0.006362455313391857,508.1185676426226,505.4939522598614,491.8314923191994,-0.009161507460430762,0.02109808082665116,31.201556308897693
2024-07-21,STOCK,488.0777236358252,-0.040902451893168545,-0.04964910379928267,-0.027514116932353727,503.5155779252356,503.6217543719391,492.516008170648,-0.0417624907035572,0.025554987496431522,-9.36098943961133
2024-07-22,STOCK,477.85767480382793,-0.020939388005388304,-0.06098536758799411,-0.0695488699560981,491.60936017439514,498.0582202735042,492.64073054130256,-0.021161726218348775,0.023570265828772093,-27.817670492174614
2024-07-23,STOCK,459.8485049974489,-0.03768730891216143,-0.05783754773335903,-0.09637430211274511,475.26130114570066,489.65058271539675,490.6350633771602,-0.03841583842051666,0.026226401244033973,-42.03818779053722
2024-07-24,STOCK,456.1705846005947,-0.007998113197899004,-0.04538399474725674,-0.06537306967739775,464.62558813395714,478.16943402424585,488.7115375111638,-0.008030269680825874,0.015860015097429882,-57.405743455754646
2024-07-25,STOCK,455.8825434496804,-0.0006314329784470329,-0.00862449590390757,-0.04598677077472679,457.30054434924136,467.5674062974754,486.5306792786684,-0.0006316324162094489,0.018114213965901408,-53.01013863385202
2024-07-26,STOCK,470.95565668854454,0.03306358941670662,0.03241127899751595,0.02415393672130617,461.00292824627314,464.14299290801927,483.8823736399792,0.0325287462455055,0.026417549609414268,-17.122066947280643
2024-07-27,STOCK,473.5713037081104,0.005553913584895431,0.038801135320029045,0.0381452020251396,466.8031679487785,463.28571868887576,480.67196948119,0.005538547475283373,0.025559822193983676,-4.286371095717527
2024-07-28,STOCK,471.0293843970618,-0.005367553504921352,0.0001565491516455353,0.03322531464522571,471.8521149312389,465.5218945687983,477.58623864209756,-0.005382010576177265,0.016334170483583894,11.180879399612877
2024-07-29,STOCK,478.4293690701831,0.01571023999403698,0.010258360935372579,0.01586924857042571,474.3433523917851,469.973651462716,474.07154274348096,0.015588111623669576,0.015059893407503574,22.25878446958842
2024-07-30,STOCK,457.27542266260775,-0.04421540100827748,-0.02919979557551322,-0.034410617615350136,468.9113920432842,470.2522273053015,468.9098168013885,-0.04522270618015778,0.0291718268041233,1.3928792129273688
2024-07-31,STOCK,458.9761169559134,0.003719190249506399,-0.04066065624707915,-0.02558920492099892,464.8936362295681,467.8563193587753,465.99965613339725,0.0037122911621718657,0.023604713963965535,-11.97953973263111
2024-08-01,STOCK,465.64124625392975,0.014521734468934344,0.018294933811683567,-0.026729385031497466,460.63092862415033,466.2703078679391,464.7780132784075,0.014417303877738874,0.024908100845368535,-7.930057454180655
2024-08-02,STOCK,451.62119075128555,-0.030109135768008333,-0.016024638173786188,-0.012365046602327623,458.7461846537096,462.38866913878394,463.9552818537912,-0.03057172491559701,0.027795064092170103,-19.408193645776237
2024-08-03,STOCK,461.609287745501,0.022116094635860506,-0.008658937628197139,0.005737054047717516,459.6239082502388,459.02465287384746,464.49915216828174,0.02187508086413903,0.02925620072234179,-16.82008132468212
2024-08-04,STOCK,464.2804389336547,0.005786606247026871,0.028030678014266952,-0.002922437243742304,459.17030581014706,460.4256561280569,465.3389417166792,0.0057699281498875266,0.02013613572622136,7.005016271046941
2024-08-05,STOCK,459.97999786205645,-0.009262593706242161,-0.0035295864418196654,0.018508447526268235,461.9565748470707,460.6264323092855,464.24137583403035,-0.00930575827801583,0.020856310136577155,1.0038809061430243
2024-08-06,STOCK,465.37272467475435,0.011723828944220971,0.002352642173786945,0.008152862234713787,463.2110538234885,460.57272799345037,463.4215179306947,0.011655637322125934,0.02042563382336149,-0.268521579175399
2024-08-07,STOCK,486.50758872034464,0.045414917817457656,0.05767118348968636,0.04787440504222107,470.62010375238515,467.5500075872622,464.96933836302304,0.04441385715608792,0.019997004068057243,34.88639796905909
2024-08-08,STOCK,487.7923608321721,0.0026408059023432795,0.04817565570282767,0.06046428779378421,479.89089140909033,472.7866222045965,465.90563753922197,0.002637325101169985,0.020165079129110794,26.18307308667113
2024-08-09,STOCK,489.7300088668436,0.003972280400959649,0.006623576324831459,0.05233930331673897,488.0099861397868,477.8765361912342,469.1510961596456,0.003964411726006922,0.020298639287712424,25.44956993318891
2024-08-10,STOCK,484.766348382643,-0.010135504041677401,-0.006203484704776274,-0.0035790610014565516,487.42957269388626,482.8338062953515,471.7301193023185,-0.01018721799080513,0.020518173118969123,24.786350520586552
2024-08-11,STOCK,476.12009915427103,-0.017835910551998957,-0.027790638650189492,-0.023928750458470205,483.53881880125255,484.9832811912549,472.7780045923526,-0.0179968873892955,0.024076309638479863,10.74737447951668
2024-08-12,STOCK,483.6090574991941,0.015729137161454965,-0.0023873168740158324,-0.012498624255867896,481.4985016787027,484.40357494702477,475.9767912671435,0.015606716330884396,0.01310312291836067,-2.898531221150563
2024-08-13,STOCK,474.92418053473716,-0.01795846630616793,-0.002511800324452085,-0.020302910630539683,478.2177790627341,481.8299388875378,477.30828054606707,-0.01812167651817731,0.014768211957502428,-12.868180297434947
2024-08-14,STOCK,475.12907126955537,0.0004314177782809292,-0.017534796129522134,-0.0020814661814866353,477.88743643449556,478.9097513680801,478.3931437796572,0.0004313247443876733,0.014288027634060563,-14.600937597288237
2024-08-15,STOCK,470.141327906132,-0.010497659825562722,-0.010070770924360928,-0.02784838163020653,473.39819323680814,475.9847472727779,479.4092767840647,-0.010553148935302126,0.0143154054645608,-14.625020476510997
2024-08-16,STOCK,474.19230382484193,0.008616506735861229,-0.001971606246299329,-0.0015410390540047114,473.15423433350975,475.5991882068921,480.2912346990735,0.008579596514928234,0.013728046744123206,-1.9277953294291024
2024-08-17,STOCK,476.89015712055914,0.005689365419801806,0.014354894611125602,0.003706541985103451,473.74126295051104,474.25540813116515,479.32949153909493,0.005673242105738829,0.011253861343224068,-6.718900378634942
2024-08-18,STOCK,486.4027501280196,0.019947136390688014,0.02574998835849507,0.0345883700424956,479.16173702447355,476.55112204982163,479.19053046867964,0.019750798885158183,0.011106034406972257,11.47856959328243
2024-08-19,STOCK,480.9852751796096,-0.01113783782469191,0.008587130595809622,0.014325351339478543,481.4260608093961,477.72236283183247,478.3160570999563,-0.011200327977094915,0.013254171242324753,5.856203910054205
2024-08-20,STOCK,477.917994427889,-0.006377078280775161,-0.01744388924178042,0.0021552915110178983,481.7686732451727,479.27769613618386,477.63122170448094,-0.006397498705867477,0.01233323173063558,7.776666521757022
2024-08-21,STOCK,468.1851716978138,-0.020365047651587753,-0.026612256429296988,-0.03745369125773024,475.6961471017708,478.07626971077826,476.8377289588352,-0.020575274315646652,0.01564839669124627,-6.007132127028115
2024-08-22,STOCK,463.57955894343155,-0.009837160663761724,-0.030001874069675694,-0.03618762805093856,469.89424168971146,475.4141500753527,474.83477910325894,-0.009885865201521682,0.015143242467255076,-13.310598177127588
2024-08-23,STOCK,466.6241092641601,0.0065674818097405385,-0.0033342842277398477,-0.023631429022145767,466.1296133018018,471.4584219025808,474.0047719762012,0.0065460098608962625,0.009818766683335976,-19.778640863859493
2024-08-24,STOCK,473.2689353887754,0.014240211752225562,0.02090121589361571,0.010858446611040629,467.82420119878907,469.91515394441393,473.81875838812323,0.014139772332907086,0.013715605946651478,-7.7163397908341835
2024-08-25,STOCK,464.1559032579496,-0.019255504533251755,-0.005289495242975617,0.0012432479029740318,468.016315970295,467.1627357104261,473.22021592330503,-0.019443306483552192,0.015581653913763276,-13.762091169939424
2024-08-26,STOCK,471.8271036223431,0.016527206291137686,-0.0030465379377749846,0.011150290469105428,469.75064742302266,467.891122095332,472.9836959030551,0.01639211840211363,0.01561448758592133,3.641931924529274
2024-08-27,STOCK,484.3100834059065,0.026456682305294077,0.04342114364267036,0.02332954308116819,473.43103009539976,472.03722698782695,473.7256885315898,0.026112757176098178,0.01723830805092459,20.730524462474932
2024-08-28,STOCK,487.8432122393656,0.007295179172426947,0.033944867715446136,0.05103308783784222,481.3267997558717,476.281047582868,473.86973474272446,0.007268698064474499,0.017218231984979803,21.219102975205487
2024-08-29,STOCK,505.9966172993829,0.03721155609952431,0.044778200240982,0.07241956516425452,492.7166376482183,482.82658396498954,476.37086895470173,0.03653591625116093,0.021343088173649008,32.72768191060749
2024-08-30,STOCK,497.7282274774189,-0.01634080058893328,0.020262688892764835,0.027705688011179674,497.1893523387225,489.54104880888343,478.3518922596548,-0.016475783982071057,0.020213775887130206,33.572324219469294
2024-08-31,STOCK,485.0059243598052,-0.025560742620712396,-0.041483860211575574,-0.005815983103539146,496.2435897122023,492.1768129563758,480.0339675258539,-0.025893094066228528,0.026738096020229522,13.178820737462104
2024-09-01,STOCK,467.58759542004606,-0.03591364159675137,-0.060556404868036706,-0.07590766532063864,483.44058241909005,488.8323153592038,480.4347711735154,-0.03657440497808562,0.029241891259625383,-16.722487985860425
2024-09-02,STOCK,481.3080911928619,0.029343156035801954,-0.007624305150136679,-0.032990164869244665,477.967203657571,487.525291149903,481.90316936638555,0.02892088622978406,0.033220869505383575,-6.5351210465036615
2024-09-03,STOCK,487.16111520678135,0.012160659920371186,0.04186064809771506,0.0044436381881745035,478.6856006065631,483.7581907313826,483.2923873481861,0.01208731312708089,0.027268560477191315,-18.83550209260153
2024-09-04,STOCK,486.13346570841145,-0.0021094653622625303,0.010025542067224391,0.03966287914824851,484.8675573693516,481.4392383775812,485.4901435932323,-0.0021116934182092706,0.026851448399792612,-11.594761769007448
2024-09-05,STOCK,488.3745243959773,0.004609965874906585,0.002490775949309798,0.014681725348938413,487.22303510372336,482.11295838481567,487.1448856705957,0.004599372526396195,0.024167333407578064,3.368600036172097
2024-09-06,STOCK,477.02685952450895,-0.023235579057902633,-0.01873272840953666,-0.02080267773007871,483.84494987629927,484.0008112057082,486.41656328245597,-0.02350978094596723,0.01924159074112759,9.439264104462893
2024-09-07,STOCK,500.44006341669706,0.04908152114437736,0.02470550452164244,0.029429361929316,488.6138157790611,487.8272056504752,487.6762484001891,0.04791503959233623,0.026059477368438465,19.131972223835135
2024-09-08,STOCK,501.23360096714856,0.0015856795018243108,0.050745028208198706,0.026330359035568796,492.9001746361182,490.64170280254865,487.1999467669657,0.0015844236395050615,0.026050396694999794,14.072485760367215
2024-09-09,STOCK,501.82936808731915,0.001188601719878779,0.0027761659630860525,0.05199394555588088,501.16767749038826,493.7808832783302,487.61006082795575,0.0011878958920972238,0.025844156121865386,15.695902378907704
2024-09-10,STOCK,508.6577991601751,0.013607077439253823,0.014811852554779348,0.016421018907583962,503.90692273821423,497.8375382311698,489.9752483079927,0.013515332477973985,0.02599982658904685,20.283274764197813
2024-09-11,STOCK,513.0614762909529,0.008657445414281595,0.022382325383713653,0.023597530774038367,507.84954784614905,505.04446158445853,494.5226363950833,0.008620184634734684,0.01933979090183323,36.034616766443946
2024-09-12,STOCK,514.8488463244876,0.003483734632457658,0.012171340289157673,0.02594403409826551,512.1893739252051,507.9262181660166,497.87671190824585,0.0034776804855827237,0.005287722455379249,14.40878290779051
2024-09-13,STOCK,506.2668319640358,-0.01666899794321941,-0.013243333676184799,-0.004700541700307981,511.3923848598254,508.9328643653941,499.7872835839714,-0.01680948910890656,0.011544150529776979,5.033230996887255
2024-09-14,STOCK,510.55237780701765,0.008464994292350259,-0.008345106623317666,-0.004890444127815141,510.5560186985137,510.6774663093338,502.22917479383193,0.008429367142720245,0.011866796451314802,8.723009719698496
2024-09-15,STOCK,529.6062062288916,0.037320026798653094,0.04610093490484424,0.028663480572515443,515.4751386666484,514.8671477230771,506.3523429771234,0.03664048992950075,0.01908391407686876,20.94840706871645
2024-09-16,STOCK,543.5067490216957,0.026246940895546134,0.06454650423180364,0.07355788431406718,527.888444352535,520.9562022692256,513.000331926842,0.02590840092309943,0.02070540709401351,30.445272730742772
2024-09-17,STOCK,560.542943908592,0.03134495554574279,0.05841460563687151,0.0979146670833253,544.551966386393,530.0950217860466,519.0106199760315,0.030863732532787402,0.021643986587094332,45.694097584104384
2024-09-18,STOCK,554.2864124808108,-0.011161555944590451,0.019833541126248022,0.04660105180348406,552.7787018036994,539.6989378894016,524.3159011273978,-0.011224313528623853,0.01950043265020298,48.019580516774965
2024-09-19,STOCK,542.8806220053605,-0.02057743112338184,-0.031509310919292766,-0.0011520133235920493,552.5699927982545,546.1645867290702,528.4210265192019,-0.0207920964051711,0.026318901042755482,32.328244198342816
2024-09-20,STOCK,540.9753469417312,-0.003509565430041106,-0.02401477871251334,-0.03490829236100712,546.0474604759675,548.438414871638,531.6527812973576,-0.0035157384019930404,0.02293602370883587,11.36914071283968
2024-09-21,STOCK,541.0372912161507,0.00011450480094832294,-0.0033954624911838316,-0.02390302371902131,541.6310867210808,547.944523310529,534.4503627898773,0.00011449824577347556,0.019487767742241213,-2.4694578055449483
2024-09-22,STOCK,552.4550303234427,0.021103423539673205,0.021220344783933198,0.017636305165424915,544.8225561604416,546.3269405934992,538.2109811897728,0.020883830369418988,0.015528667048678276,-8.087913585149295
2024-09-23,STOCK,533.5339709809756,-0.034249048888901346,-0.013868397533761567,-0.013755480730912373,542.3420975068562,542.1764522935321,540.9376950914668,-0.03484929259429581,0.021237193667836635,-20.752441499835186
2024-09-24,STOCK,549.5576878623648,0.030033170806213816,-0.0052444856179182375,0.015748261320512214,545.182229722261,543.511865464933,544.8382260970016,0.02959100638921175,0.025043572174366667,6.677065857004322
2024-09-25,STOCK,547.2761900524846,-0.004151516501851971,0.025756971100157067,-0.00937422955118361,543.4559496319416,544.7720340870836,546.6052244793608,-0.004160157971579537,0.025083542930688273,6.3008431107533625
2024-09-26,STOCK,542.0812898268613,-0.009492282544075414,-0.013604391678305405,0.01602019610891925,546.3050559139036,544.9808338092258,546.4626785598773,-0.009537621398948204,0.025660110605889852,1.0439986107105597
2024-09-27,STOCK,530.6877909013002,-0.021018063414806498,-0.030310836562419285,-0.03433651712609742,540.0150902602154,540.6273859247973,543.4771632591483,-0.021242087505203067,0.0241164983419254,-21.76723942214244
2024-09-28,STOCK,512.8978745910239,-0.03352237721554252,-0.05383586518021766,-0.06281712248099769,528.5556517730619,536.500166646807,539.3383094701696,-0.03409713343731546,0.023908912032532478,-20.636096389951717
2024-09-29,STOCK,520.8906642062857,0.015583588880408561,-0.01846118727995505,-0.03909123228979883,521.4921098995366,530.7667619155911,537.1393136902622,0.015463411679237815,0.01862260150636623,-28.667023656079095
2024-09-30,STOCK,521.133643087952,0.00046646810619366263,0.016057326233795077,-0.01800333072882987,518.3073939617539,525.5382525226846,535.1551433048842,0.0004663593437683744,0.019137518424802963,-26.142546964532585
2024-10-01,STOCK,507.3531469924923,-0.026443305432756192,-0.02598917228516917,-0.010810587980994879,516.45915142891,518.5926239558108,531.7867288825183,-0.02679921799482088,0.02058309941284201,-34.72814283436895
2024-10-02,STOCK,493.8864972162838,-0.026542951110162027,-0.05228437317962553,-0.051842294065972294,507.45776243224265,511.23236521880756,525.9298755718024,-0.026901575441272918,0.021276956911939197,-36.80129368501645
2024-10-03,STOCK,490.09048341246586,-0.007686004426550541,-0.03402494629698616,-0.059568519682478005,497.110042540414,506.6708869830959,521.5855268149514,-0.007715693985802297,0.01821366999047334,-22.80739117855802
2024-10-04,STOCK,506.2195480382516,0.03291038118814349,0.024971427426101256,-0.0022343390613825953,496.7321762223337,503.7366637494891,517.2517128325401,0.032380430505787317,0.024427899146987755,-14.671116168034075
2024-10-05,STOCK,503.09480806688384,-0.00617269716959179,0.026534538201741453,0.01864458919711587,499.8016131725338,500.1288967452755,512.8335746339801,-0.0061918270272718345,0.0241870575943473,-18.038835021068166
2024-10-06,STOCK,487.70746956442156,-0.03058536533419487,-0.03656926830575735,-0.004862395677327824,499.0072752231857,496.19976125966133,507.39619260773605,-0.031062859062362058,0.02511494973203877,-19.64567742807077
2024-10-07,STOCK,484.83126210543674,-0.005897402927934614,-0.03630239403905566,-0.042251007523713247,491.877846578914,494.38871423749185,502.8105397281497,-0.0059148612817194746,0.022791249019851304,-9.055235110847036
2024-10-08,STOCK,481.7120099836432,-0.006433686037999653,-0.012293146927056409,-0.04250252187138037,484.7502472178339,492.71301955172737,499.69195326741163,-0.006454471394953032,0.022742634700901165,-8.378473428822645
2024-10-09,STOCK,455.96165358508165,-0.05345591528730187,-0.05954568274946925,-0.06509192079361126,474.16830855805387,482.6614406610935,493.19905220529125,-0.05493773285883119,0.021859827487419586,-50.25789445316997
2024-10-10,STOCK,455.0115556369975,-0.0020837233583433923,-0.055428251306319565,-0.06150532937777908,464.2284064019075,473.04479017511613,486.58684346019584,-0.0020858973303568007,0.022615138876339872,-48.08325242988633
2024-10-11,STOCK,452.4621553372813,-0.005602935284021893,-0.007674983675238778,-0.06072062568536574,454.4784548531202,465.99572732968807,481.0977442946747,-0.005618690604173082,0.02239068610580682,-35.245314227140284
2024-10-12,STOCK,458.34778522017774,0.01300800478773545,0.007332186494713566,0.005233184888103315,455.27383206481886,460.69903195263635,477.5438730950641,0.012924127296267685,0.025650023170506502,-26.483476885258995
2024-10-13,STOCK,475.1389911712164,0.036634203311296965,0.050118745991100555,0.04423499861677427,461.98297724289176,459.3844281901509,476.04872387093917,0.035979121898907174,0.033458380881167316,-6.573018812426824
2024-10-14,STOCK,485.4802828293887,0.0217647716780327,0.059196310060006585,0.07297434073241904,472.98901974026097,465.28815403901234,473.9747973500529,0.021531300590955205,0.017132120513250797,29.51862924430708
2024-10-15,STOCK,482.39385213614213,-0.006357478979905906,0.01526892361968124,0.05246249178320639,481.00437537891577,470.7646133388413,471.90470175697874,-0.00637777381109661,0.01812712679007049,27.382296499144616
2024-10-16,STOCK,471.36388852609724,-0.02286505841897002,-0.029077173270602996,-0.00794525962984749,479.74600783054274,474.54495997660445,470.2703436531463,-0.023130518174832915,0.023269251913419536,18.901733188815967
2024-10-17,STOCK,495.76279621327507,0.051762360844973765,0.027713753021379572,0.021180084439186064,483.1735122918382,482.02796217522393,471.36349706393,0.0504671960649965,0.03020447741562011,37.415010993097326
2024-10-18,STOCK,495.854207772205,0.00018438567723944033,0.05195629076017316,0.027903248717738638,487.66029750385906,486.17100549542164,472.7777168427862,0.0001843686802898148,0.028381516006490453,20.715216600988583
2024-10-19,STOCK,495.49662052432006,-0.0007211540051086374,-0.0005369012983388322,0.05119766826789207,495.7045415032667,488.1742730344079,476.73121353671,-0.0007214141617408742,0.027567094138535052,10.016337694931337
2024-10-20,STOCK,494.7625901562266,-0.001481403379334334,-0.002201489064462714,-0.002017509310275445,495.37113948425053,490.6480206384248,480.706316988633,-0.001482501742199993,0.027186943420880735,12.368738020084493
2024-10-21,STOCK,496.23009823535415,0.002966085367659188,0.001480288019437781,0.0007580664986952534,495.4964363053003,495.6212625802762,485.08311127844036,0.002961695215357274,0.0225270816327928,24.866209709256907
2024-10-22,STOCK,494.30489277079994,-0.003879662824565533,-0.00092508486804177,-0.0024051178235263704,495.0991937207936,495.3296818917812,488.67882203350257,-0.0038872082384795448,0.0024949745532374034,-1.4579034424751285
2024-10-23,STOCK,488.1776021666209,-0.012395771706472214,-0.01622734311636631,-0.013309389433680652,492.90419772425827,493.7943607706643,489.982683133043,-0.012473240137604868,0.005776965885921627,-7.676605605584086
2024-10-24,STOCK,482.38478258069387,-0.011866213362139999,-0.024114894196754832,-0.027900999362786894,488.2890925060383,491.17199318193906,489.67313310817354,-0.011937178824807049,0.00671401739194958,-13.111837943626199
2024-10-25,STOCK,481.5870645353389,-0.001653696538865157,-0.013500286785038784,-0.025728712018551758,484.0498164275512,488.53688805776153,489.59245434809316,-0.0016550654043205881,0.006689477515779973,-13.175525620887697
2024-10-26,STOCK,475.9051353364091,-0.011798342641142212,-0.013432528301617452,-0.025139348416937546,479.958994150814,484.4718954779725,490.0465790291243,-0.011868495422675096,0.005171711931095533,-20.324962898945046
2024-10-27,STOCK,468.699399256103,-0.015141118566019518,-0.026760821102349674,-0.02837026336398074,475.3971997092837,479.3507967750332,487.3402393334071,-0.015256915653543146,0.005210508290252602,-25.605493514696946
2024-10-28,STOCK,469.22867414733054,0.001129241667618075,-0.014028974880380463,-0.025661798868980013,471.2777362466142,475.56101117117504,484.6776859709197,0.0011286045538376754,0.007188276897199287,-18.94892801929035
2024-10-29,STOCK,466.37530401514977,-0.006080979891874283,-0.004958605120130133,-0.020024644858103624,468.10112580619443,472.3591154580663,481.7655543200027,-0.006099544348416863,0.006837771379110972,-16.0094785655441
2024-10-30,STOCK,480.1365502732642,0.029506807370888177,0.02324639717671806,0.024401889644650065,471.9135094785815,472.0690126056514,480.3029503317064,0.029079859771653283,0.01771956015949193,-1.4505142620747051
2024-10-31,STOCK,454.8879600651067,-0.05258626987215942,-0.024631115436742568,-0.03056231401093157,467.1332714511736,467.86557755139086,476.16873651468165,-0.05401939616785967,0.030112150430648185,-21.017175271302392
2024-11-01,STOCK,464.4627141296969,0.02104859856747976,-0.03264453858937988,-0.004100967330360028,466.4957414893559,467.01824052610965,473.1845186505714,0.02083013703844916,0.032479284526420536,-4.236685126406087
2024-11-02,STOCK,475.70741358706573,0.02421012304171488,0.045768310770369025,-0.009224743843553873,465.01936259395643,468.3139884140567,471.9374997926158,0.02392170384995218,0.03453068350724732,6.478739439735193
2024-11-03,STOCK,455.92812808967835,-0.04157867826410766,-0.018375180139078573,0.0022866466380484507,465.3660852688137,466.2245532289624,469.29183434351427,-0.04246780464816258,0.04022044264107392,-10.447175925471413
2024-11-04,STOCK,452.36140610392374,-0.00782299175244805,-0.04907640035941785,-0.02605442300884886,461.3323159268893,460.6695243950943,466.3692685003728,-0.007853751881606641,0.03563446746997693,-27.77514416934048
2024-11-05,STOCK,448.5645583960358,-0.008393394433422685,-0.01615072473044299,-0.057057877207251306,452.28469752987934,459.4048440612802,463.6352108063355,-0.008428817319916071,0.026940636363942,-6.323401669070904
2024-11-06,STOCK,435.67753895182483,-0.02872946424989975,-0.03688172095801212,-0.04441618731158947,445.53450115059485,453.6478090257057,460.3330247759077,-0.02915023389435678,0.025197047615482367,-28.785175177872077
2024-11-07,STOCK,428.5237002911216,-0.01642003091991917,-0.04467775647852279,-0.052696152879420866,437.5885992129941,444.21106636651695,456.2625273902868,-0.016556333751816865,0.014814170662985607,-47.18371329594413
2024-11-08,STOCK,418.6915659895561,-0.022944201907352912,-0.038987488322520414,-0.06659686292046496,427.63093507750085,436.7637539464924,451.4941535877274,-0.023211516909316998,0.009267131979941645,-37.23656210012223
2024-11-09,STOCK,433.1915194298077,0.03463158711110337,0.010892791076701158,-0.005706099809501541,426.8022619034952,432.9297766116691,446.79965050338177,0.03404540886847229,0.025088611996963973,-19.169886674116015
2024-11-10,STOCK,440.9332512264728,0.017871383555373432,0.05312188504287052,0.028958843879394847,430.93877888194555,431.4035151777566,445.40417961951835,0.017713567862949198,0.027733536538917646,-7.6313071695630015
2024-11-11,STOCK,451.83840648199293,0.024731986587963162,0.04304536496173639,0.07916768137924146,441.9877257127578,434.63568868379025,444.14174885474796,0.024431101899883956,0.02557982631865444,16.160867530168105
2024-11-12,STOCK,457.949103133168,0.013524075340900943,0.038590539178809946,0.057151589061456454,450.24025361387794,440.52076925219956,442.36591780935817,0.013433441280864322,0.0218338047807009,29.425402842046424
2024-11-13,STOCK,447.27651895229013,-0.02330517541765853,-0.01009628102493898,0.014386004476127034,452.35467618915044,446.23775984474634,441.50075689561936,-0.02358103542434442,0.021988290726912826,28.584952962734008
2024-11-14,STOCK,442.1665445177557,-0.011424642738912638,-0.03446356485345681,-0.02140557736015003,449.13072220107125,448.0327648623359,440.4812707370026,-0.011490405325595532,0.020585774894617995,8.975025087947984
2024-11-15,STOCK,446.06920131511356,0.008826214569476853,-0.0026992645176291408,-0.025941533102205594,445.1707549283865,449.0599548800641,440.2317350289103,0.008787491224557797,0.01946682243625771,5.1359500886407545
2024-11-16,STOCK,434.8632194973268,-0.025121621902496227,-0.016517136158264112,-0.027753076517498698,441.03298844339866,445.6649174831308,440.1503030834606,-0.02544255617783886,0.018026535310413275,-16.975186984666152
2024-11-17,STOCK,440.66789197088144,0.013348271854916716,-0.012108680286170515,-0.0033893395270525595,440.5334375944406,442.20867525067354,441.36472225143655,0.013259968603447803,0.01797588791401974,-17.28121116228658
2024-11-18,STOCK,438.11656466647355,-0.005789682776743965,0.00748130681851511,-0.017828257645212453,437.88255871156053,440.3766843935102,443.30722211912826,-0.005806507963161955,0.015656336823668404,-9.159954285816582
2024-11-19,STOCK,434.4099129365267,-0.008460423615273771,-0.014201123223128387,-0.001042411821639111,437.7314565246272,438.82535807726447,443.4290614698001,-0.008496416150992836,0.015359289296033177,-7.756631581228987
2024-11-20,STOCK,440.19058794959,0.013306959258795548,0.004733953131161206,-0.0010831377324921343,437.57235518419674,437.64963540415965,443.3547951421119,0.013219199364070455,0.016344748985935516,-5.878613365523563
2024-11-21,STOCK,443.6753289265631,0.007916436817072992,0.02132873977806815,0.012687865989091884,439.4252766042266,439.41205729000706,442.5384873865689,0.007885266229720855,0.010466174175402132,8.81210942923633
2024-11-22,STOCK,440.0435637228137,-0.008185637034486826,-0.0003340012958049643,0.012968513421354855,441.30316019965557,439.2871916403934,440.7479334455335,-0.008219323316382088,0.010124037388680908,-0.6243282480677408
2024-11-23,STOCK,449.91574258792724,0.02243454893782304,0.014065270828698795,0.022093054473602214,444.5448784124347,441.64702722468417,441.01185580909714,0.022186596067284903,0.013487647252613685,11.79917792145369
2024-11-24,STOCK,439.85233133822305,-0.022367324139002553,-0.0004345760291840639,-0.008616655782032079,443.270545882988,442.73551090502343,440.7804344911439,-0.022621266551997365,0.017870687081202777,5.4424184016963295
2024-11-25,STOCK,444.85917531966163,0.01138301112604223,-0.011238920512494421,0.010943488313082783,444.875749748604,443.66922837903775,440.65943189159873,0.011318712138884912,0.017603651995894018,4.668587370071634
2024-11-26,STOCK,449.7175851918664,0.010921231126038267,0.022428558747498162,-0.0004404322349802481,444.8096972832504,444.8776796320984,442.14486846105274,0.010862025159367406,0.01789571386091299,6.042256265303308
2024-11-27,STOCK,446.49529756844504,-0.0071651359197942854,0.0036778431008144263,0.015102719155793087,447.0240193599911,446.16802640122467,442.7276090208091,-0.007190928786279471,0.01774403159322786,6.451733845631338
2024-11-28,STOCK,448.9679610428788,0.005537938446159574,-0.0016668775553168036,0.009236149215680944,448.39361460106346,445.97847009221493,443.81274865844955,0.005522660444842842,0.014483942533035286,-0.9477815450484286
2024-11-29,STOCK,437.43549608891067,-0.0256866100805504,-0.02029092249990727,-0.027310671202051773,444.2995849000781,445.49510304235247,444.115306973688,-0.02602227152770631,0.0158065896134467,-2.416835249312385
2024-11-30,STOCK,445.1493295071559,0.01763421918708996,-0.008505354205794124,-0.0030145178876890277,443.8509288796484,445.5531338798513,444.6111811294446,0.017480540384137377,0.017196189300599674,0.290154187494295
2024-12-01,STOCK,443.06290383245545,-0.004687024188063882,0.012864542987158556,-0.01315251359296754,441.88257647617405,444.2221976079692,444.54993862003374,-0.0046980427288589865,0.016144339594217075,-6.654681359410972
2024-12-02,STOCK,438.01681263953384,-0.011389107842866952,-0.01602275100699091,0.0013289194768615342,442.07634865971505,442.5265006221869,444.3472635117058,-0.01145446041038145,0.016530230685492767,-8.4784849289112
2024-12-03,STOCK,446.8564844441823,0.020181124444469845,0.008562171598914592,0.003835016305464123,442.6454003053905,442.10420530244767,444.04133769733124,0.01998018451673822,0.019562511959369012,-2.1114765986965267
2024-12-04,STOCK,440.1654176067548,-0.014973637108008253,0.004905302502598463,-0.006539672359472393,441.6795715634903,442.65018960601645,444.07264632418446,-0.01508687381085494,0.016415892159271094,2.7299215178441045
2024-12-05,STOCK,427.51158158644876,-0.028747910476717653,-0.04329108680563398,-0.023983625171325018,438.17782787912864,439.12264002187504,442.3378869508632,-0.029169225927272002,0.018055817223616426,-17.63774792070717
2024-12-06,STOCK,413.9928884288401,-0.031621817372624705,-0.059460666674403084,-0.07354396133742858,427.22329587401447,433.308636941152,438.7654172745606,-0.03213258347047798,0.020738229288329767,-29.070015403615344
2024-12-07,STOCK,418.62226382662976,0.011182258263804368,-0.020793162437451884,-0.048943312941889805,420.04224461397285,429.4297271785711,435.97811390037907,0.011120199026913191,0.023577643041028693,-19.394548812904077
2024-12-08,STOCK,407.63020696863043,-0.026257697709435757,-0.015369059802831209,-0.046504879573181945,413.4151197413667,421.5844716834607,431.8443384929542,-0.026608587049925525,0.01770845074138209,-39.22627747555185
2024-12-09,STOCK,421.7683761154106,0.034683811221743355,0.0075153964818359675,0.018781693850055126,416.0069489702236,417.9050633851919,430.2776264956042,0.03409588363968741,0.029635244170576804,-18.39704149134417
2024-12-10,STOCK,404.162774271484,-0.04174234684467926,-0.008506319300849219,-0.03454066064946337,411.1871191185084,413.23530192219897,426.17897097203706,-0.04263858815767474,0.03245722351151327,-23.348807314964745
2024-12-11,STOCK,417.6930492338221,0.03347729138767619,-0.009662476165527845,0.024686203556955943,414.5413998735722,413.9753340831953,423.6419855121737,0.03292912736580078,0.03493117030950648,3.7001608049819765
2024-12-12,STOCK,419.0403349719568,0.003225540239671254,0.03681081397783359,-0.006468102631543293,413.6320528257543,414.0589483122608,421.7443377454159,0.0032203493440521314,0.034579958756119564,0.41807114532701917
2024-12-13,STOCK,417.81256292459074,-0.0029299614974969135,0.00028612803346361737,0.0337729982126902,418.18198237678985,416.09541950345283,418.83994559345683,-0.002934262237407559,0.03147276563002163,10.182355955960304
2024-12-14,STOCK,412.8707277790375,-0.011827875904356522,-0.014723182180856553,-0.011545132157765647,416.57454189186166,414.3158898361782,416.11047661068505,-0.011898381736179076,0.027258050237582626,-8.897648336373095
2024-12-15,STOCK,415.76377834084894,0.007007158335913255,-0.004903597367682755,-0.007819191513693147,415.4823563481591,416.6360906500512,414.9356962861251,0.006982722287041554,0.016833485300310563,11.601004069364933
2024-12-16,STOCK,415.0357098679916,-0.0017511589772508662,0.005243728710437434,-0.006646169366382404,414.556738662626,416.1046227768851,415.03997843004026,-0.0017526940484975384,0.007145553072084891,-2.6573393658304667
2024-12-17,STOCK,423.8716096909102,0.021289492958880496,0.019501052694913534,0.026644857994776894,418.2236992999169,417.0708777206758,415.56491301646827,0.021066037640331103,0.012444955436756508,4.831274718953409
2024-12-18,STOCK,424.41644508745696,0.0012853783647932548,0.022602236377320395,0.020811497290931458,421.10792154878624,418.3916541532491,417.243536828351,0.0012845529732405936,0.012141286391052683,6.603882162866228
2024-12-19,STOCK,425.26869396300435,0.0020080486640232653,0.003296008131124628,0.02465567143190528,424.51891624712385,420.8712473900424,417.59356861311034,0.0020060352292370354,0.009030621830271597,12.397966183966844
2024-12-20,STOCK,421.765277991614,-0.008238123382049656,-0.006246617270677657,-0.004969268172577368,423.81680568069186,422.07154732019546,419.3538189851233,-0.008272244244277083,0.010953021309256463,6.0014996507650835
2024-12-21,STOCK,420.86412306655654,-0.002136626631164762,-0.010357148219405476,-0.008369897213027166,422.63269834039164,423.2372299599084,419.6709263683968,-0.0021389124744208843,0.010995020976989477,5.828413198564931
2024-12-22,STOCK,423.0397172749136,0.005169350603004386,0.0030216789996755367,-0.005241337346794439,421.88970611102803,423.07085147670904,420.0708645986924,0.005156035377841484,0.005111067594431903,-0.8318924159966059
2024-12-23,STOCK,408.40637711849917,-0.03459093687627657,-0.029600398953671947,-0.031673780584139166,417.4367391533231,419.86883788291755,419.1302460180833,-0.03520336785313294,0.016180024062014065,-16.0100679689578
2024-12-24,STOCK,397.1440227512307,-0.027576343069688924,-0.061213388403563274,-0.05636047126681476,409.5300390482145,414.2439036405628,417.5575755153026,-0.027963708442114488,0.017208401613714217,-28.12467121177366
2024-12-25,STOCK,402.6888883045035,0.01396185070307876,-0.013999509151485956,-0.048106189890404605,402.74642939141114,410.4286257031407,416.2500865116681,0.013865281880454994,0.02130843508842637,-19.07638968711052
2024-12-26,STOCK,403.6634891638053,0.0024202328090185965,0.016415874441243705,-0.01161315841382593,401.1654667398465,406.9884989225904,415.1128644412494,0.002417308762558079,0.021781112859962246,-17.200633902751235
2024-12-27,STOCK,401.77889164805947,-0.004668734146974329,-0.002259800761514774,0.011670498940713037,402.71042303878943,402.7363337972196,412.9035926369644,-0.004679666727053444,0.020672822980147162,-21.260825626854114
2024-12-28,STOCK,401.5253201113091,-0.0006311220973064247,-0.005296909702994124,-0.002889496648625034,402.3225669743913,401.36012239578156,410.6144801393496,-0.0006313213386919259,0.015367253561373187,-6.881057007190066
2024-12-29,STOCK,403.92217743519205,0.005969380270261615,0.005334490765159572,0.0006408512989932724,402.4087963981869,402.71575333257385,408.47982848656835,0.005951634107233872,0.0070450342645982395,6.778154683961361
2024-12-30,STOCK,399.1858251591381,-0.01172590300965548,-0.005826519113470652,-0.006453963965814213,401.5444409018798,402.01514070350083,406.2218832033208,-0.011795193606187304,0.0068451059403639965,-3.503063145365388
2024-12-31,STOCK,392.62734920868394,-0.016429631357374963,-0.027962882103249487,-0.02216042290971465,398.5784506010047,399.80791271247654,403.3982058175335,-0.016566094508046803,0.008910598688181615,-11.03613995512137
2025-01-01,STOCK,393.77427785456234,0.002921163408993177,-0.013556461586326174,-0.02512340284226633,395.19581740746145,398.20698995377717,400.4716618754984,0.0029169051019541925,0.009706895607954248,-8.004613793497128
2025-01-02,STOCK,385.75806206128925,-0.0203573880877862,-0.017495691935977775,-0.03363787552450237,390.7198963748451,395.05353834377314,398.2068303697774,-0.02056745555230055,0.01182738976951544,-15.767258050019848
2025-01-03,STOCK,388.53196555523306,0.007190785538276234,-0.013312988161368722,-0.01043071416625685,389.35476849036155,391.97549596778134,397.3456246501776,0.007165055114288776,0.012192355603314229,-15.390211879958997
2025-01-04,STOCK,375.14918508800935,-0.03444447729828093,-0.02750137460923463,-0.047298906541153096,383.1464042348439,387.1681679535556,394.5916543285282,-0.0350516720847569,0.017425260061232774,-24.036640071128772
2025-01-05,STOCK,382.56818028994473,0.01977611973272686,-0.015349535672736114,-0.008269125353594586,382.0831103110624,385.1563341698078,392.4821234411421,0.019583112746513365,0.02213742311129008,-10.059168918739203
2025-01-06,STOCK,385.81533033099265,0.008487768215816871,0.028431743069043502,-0.006992050757929746,381.1775652363156,383.5645446650939,390.88576730943544,0.00845194964826046,0.022773474270529826,-7.958947523569691
2025-01-07,STOCK,387.40839887182256,0.004129096009386712,0.012651911035072239,0.032678236475276456,385.26396983091996,383.8946120272005,389.4740751854868,0.004120594686277457,0.020905895390433134,1.6503368105333038
2025-01-08,STOCK,394.70286863113074,0.01882888904977409,0.023035731349797306,0.031719021513993306,389.30886594464863,385.12879264238,388.5521443050807,0.018653819678911,0.022354172324100002,6.170903075897684
2025-01-09,STOCK,407.66376914119724,0.03283710745507418,0.052284282757835365,0.05662926559051118,396.59167888138353,391.6317094530176,389.3999387032866,0.03230948888925145,0.010977575199547973,32.51458405318789
2025-01-10,STOCK,415.6028599546457,0.019474604844510246,0.05295120199150882,0.07277710334863308,405.9898325756579,398.23864538595774,391.69748977788277,0.019287401300362106,0.010958425706819066,33.034679664700946
2025-01-11,STOCK,400.1792837561659,-0.03711133316109272,-0.018359456865147727,0.013874779132028836,407.81530428400293,401.11143607099245,392.3379903680431,-0.03781748462663259,0.027128292443522717,14.363953425173236
2025-01-12,STOCK,389.6781401590509,-0.026241097486479292,-0.062378588536238455,-0.04411878205422981,401.8200946232875,401.5653843284381,392.7299981778193,-0.026591539334713588,0.031202239337292725,2.269741287228328
2025-01-13,STOCK,384.45423040179674,-0.013405703884549314,-0.039295020988519336,-0.07494806353413486,391.4372181056712,399.5156566825713,392.32222466247566,-0.01349637155391381,0.029987095489178623,-10.248638229334006
2025-01-14,STOCK,384.2704364106937,-0.00047806468642819233,-0.013877359777353604,-0.03975430011306036,386.1342689905138,394.8369901364706,393.2343497947441,-0.000478178995783729,0.022322550925243455,-23.393332730503516
2025-01-15,STOCK,387.881448025147,0.009397058093207011,0.008914501005148123,-0.004610708040154732,385.5353716125458,389.29270775057086,393.7656765682643,0.009353180409382489,0.01906630358612308,-27.721411929498686
2025-01-16,STOCK,381.90995859739616,-0.015395140598123414,-0.00614275153547017,-0.006617879589311704,384.687281011079,385.6388427188169,393.37513939490464,-0.0155148762630688,0.013973070901689864,-18.269325158769732
2025-01-17,STOCK,382.9560404246067,0.0027390797324384764,-0.01269822938327525,-0.0034204972892637464,384.24914901571657,384.294422771928,392.92990355018304,0.0027353352895413963,0.010694598953793669,-6.722099734444157
2025-01-18,STOCK,376.83692982410133,-0.01597862405753092,-0.013283311050400592,-0.02847395320729451,380.5676429487014,382.770962656389,391.1433096694801,-0.016107658647066536,0.011349704128326638,-7.617300577695403
2025-01-19,STOCK,371.8840793003293,-0.013143219604522138,-0.02891183309708678,-0.026251945180712055,377.22568318301245,380.2936912343161,387.5653406853933,-0.013230356059838577,0.011784243288763714,-12.386357110364429
2025-01-20,STOCK,361.20619371107324,-0.028712940896382655,-0.041478780013211924,-0.056794630238546695,369.9757342785013,374.95864037150136,382.1256740610361,-0.02913322193696466,0.011358943517959248,-26.675254314073754
2025-01-21,STOCK,354.2434200434709,-0.01927645148070689,-0.04743590876503212,-0.059955667803515356,362.4445643516245,369.4253326607163,377.5320876897666,-0.019464664922217878,0.011603596586907324,-27.66653855392525
2025-01-22,STOCK,344.45057520318284,-0.027644394464931277,-0.04638796011702151,-0.0737689662562604,353.30006298590905,361.72423961643153,373.00933119417977,-0.028033692112327202,0.007107983646897888,-38.50546522142389
2025-01-23,STOCK,337.45533030330307,-0.02030841404678585,-0.04739139470285059,-0.06575430826296502,345.38310851665227,353.84791971227185,368.3094411843304,-0.020517465059546325,0.006572518456917177,-39.38159952079826
2025-01-24,STOCK,344.29745648754437,0.02027565004853127,-0.0004445302945078611,-0.028076635988626197,342.0677873313434,348.3305951497149,364.31214319201547,0.020072835932156252,0.020305433006091014,-27.586622812784924
2025-01-25,STOCK,337.48396735522886,-0.019789542455019515,8.486175607314017e-05,-0.02022527569839172,339.7455847153588,343.586149878546,359.27239512502365,-0.019987977776638743,0.01913924157383583,-23.722226355844384
2025-01-26,STOCK,355.3721841536877,0.053004641786820406,0.032166161722847475,0.05309400160987554,345.7178693321536,343.81190270058937,356.61861768065285,0.05164764129674815,0.03418606049127954,1.1287641102168209
2025-01-27,STOCK,358.53705085543004,0.008905780595291679,0.06238247009239739,0.04135840709703542,350.4644007881155,346.6291978310388,354.1767187237352,0.008866358017617593,0.030200132131052968,14.086475652247202
2025-01-28,STOCK,359.50523064755686,0.0027003619007208712,0.011630191326628125,0.06525128723862861,357.80482188555817,351.0391778998896,352.4435488060807,0.00269672247389785,0.02624183386308072,22.049900344253786
2025-01-29,STOCK,353.0330120924561,-0.018003127641405103,-0.015351380700661,-0.006582316133724175,357.02509786514764,352.78628902087195,350.55844208529345,-0.018167155603624252,0.028971415931685326,8.735555604911724
2025-01-30,STOCK,357.65461881848904,0.01309114606206463,-0.005147663152868187,-0.0024612018056030527,356.73095385283403,356.820419313524,350.20328459603496,0.013006197588179447,0.025390033338538655,20.170651463260185
2025-01-31,STOCK,353.2072560633965,-0.012434797486425175,0.0004935628254922886,-0.017518450490459192,354.63162899144726,356.38743369546575,350.09966819802753,-0.01251275652475492,0.01354799285115024,-2.1649280902911983
2025-02-01,STOCK,353.7163103252488,0.0014412338736351504,-0.011011485064139293,0.0019355080385903278,354.85939506904475,355.42328558942944,351.0262417102341,0.0014401962929069256,0.012534684916044661,-4.82074053018124
2025-02-02,STOCK,371.9267399862318,0.05148314943192234,0.05299858256444012,0.03990475843675845,359.6167687916257,357.9075874571644,354.473382678527,0.05020169076537595,0.02714448547356234,12.421509338674923
2025-02-03,STOCK,370.8418536945958,-0.002916935447223157,0.04841604096118646,0.049927053673082034,365.4949680020254,361.46935577759234,357.1278223992322,-0.0029211979944934185,0.02435231739230615,17.808841602139694
2025-02-04,STOCK,379.0852704947293,0.022228927824641698,0.019247152029893133,0.07172120546590932,373.95128805851897,365.75548611284046,361.2879527131822,0.02198546652571398,0.024967242509170127,21.430651676240245
2025-02-05,STOCK,373.4177026710014,-0.014950641095422657,0.006945950007376744,0.0040087536723625306,374.44827562010886,369.7975754343614,363.09250456491355,-0.015063528502517798,0.025602087601691595,20.210446607604865
2025-02-06,STOCK,372.7835176704548,-0.0016983260193889071,-0.016623576052032685,0.005235827500361001,375.09549694539515,373.61101690340263,364.51715124641606,-0.0016997698099396885,0.02593548302060627,19.067207345205986
2025-02-07,STOCK,385.83656855828286,0.03501509661531532,0.0332573035462731,0.017809444441728717,377.3459296332464,376.39298261781283,367.15028503748863,0.03441601271271022,0.020227010458497622,13.909828572051083
2025-02-08,STOCK,380.6478011364866,-0.013448096537828524,0.021096113677922634,0.019361959579766497,379.7559624550747,378.35417210619096,369.9117639418917,-0.013539341155754947,0.02204940843429455,9.805947441890794
2025-02-09,STOCK,394.30452320290414,0.03587758033973443,0.021946998637953463,0.057730571530992814,386.9296309658912,381.398022647826,373.5767543803332,0.035248971159938414,0.025150476808391657,15.21925270817485
2025-02-10,STOCK,399.5258827640526,0.013241946906253466,0.049594616259971636,0.03547956653492235,391.49273570114775,386.6196586664362,378.2086170503988,0.013155038709109057,0.021637779435982125,26.108180093051203
2025-02-11,STOCK,394.661807840378,-0.012174617799536103,0.0009061134642120994,0.03681620296255561,396.1640712691116,390.99531670042086,382.30316680191174,-0.012249335517885207,0.02388960045007628,21.87829016992322
2025-02-12,STOCK,399.28576768300434,0.01171625870749704,-0.0006010000638433377,0.012632988431474201,397.8244860958116,393.68515652536513,385.039069571589,0.011648154781110698,0.02030878614648898,13.449199124721474
2025-02-13,STOCK,406.7214118322418,0.018622362105179535,0.030556805224845496,0.018010170000521963,400.22299578520807,398.8998786645162,388.6270253853536,0.018451088992534004,0.01705723521954434,26.073610695755235
2025-02-14,STOCK,411.39945748056704,0.011501842568973908,0.030338396151349478,0.042410107356926297,405.8022123319377,402.31886552004875,391.85844408393734,0.011436199244344358,0.011934822304175655,17.0949342776629
2025-02-15,STOCK,398.2819470304309,-0.03188509418672669,-0.020749988951385467,-0.002514040654137184,405.4676054477466,402.0700783733244,394.3448685198803,-0.03240449439780946,0.021243007428387473,-1.2439357336216972
2025-02-16,STOCK,392.13941245755103,-0.015422578448956226,-0.04681592226923581,-0.03585254906792401,400.6069389895163,401.565599296759,396.2804579985899,-0.015542743516497204,0.021738875076750524,-2.5223953828269714
2025-02-17,STOCK,389.8129652770123,-0.005932704305233627,-0.021263785156627968,-0.05247088155086932,393.4114415883314,399.6710388155606,396.6780976704628,-0.005950372711030383,0.020511979978324057,-9.472802405992013
2025-02-18,STOCK,388.8440561444052,-0.002485574413664149,-0.008403532540872893,-0.023696506849969268,390.2654779596562,396.09556767799324,397.49772317125473,-0.002488668582000919,0.01627815449712387,-17.877355687836598
2025-02-19,STOCK,393.30752854541663,0.011478823786762016,0.008964717902394392,0.0029788285766660927,390.6548499889447,392.4771818909632,397.398023705506,0.01141344195101368,0.01627101701570073,-18.091928935150406
2025-02-20,STOCK,394.313327715684,0.0025572843062200423,0.014065462708905851,0.011544927541015992,392.1549708018353,391.6834580280139,396.87676820066906,0.0025540200186657813,0.009998870258279112,-3.9686193147468884
2025-02-21,STOCK,383.53809620634627,-0.027326571921269527,-0.024839169428566565,-0.013645470090684508,390.38631748914895,389.96319477777286,395.76439703726595,-0.02770688717420189,0.014557513556437557,-8.601316251204764
2025-02-22,STOCK,386.07934722974005,0.00662581122587258,-0.02088182140239747,-0.018377937850335146,387.9769237172568,389.21647116831844,394.4437549919395,0.006603957020118401,0.015294951701817978,-3.733618047272273
2025-02-23,STOCK,390.43231532230254,0.01127480173129336,0.017975317665046564,-0.009842458067204407,386.683252919463,389.5341230038979,392.8148453409456,0.011211714905677184,0.016358888366054095,1.5882591778973278
2025-02-24,STOCK,394.43345136868584,0.010247963320045184,0.02163830880592177,0.028407491381189365,390.3150379735762,389.7593075685517,391.1182447297575,0.01019580895862049,0.016169644402552245,1.1259228232692067
2025-02-25,STOCK,402.64933612929923,0.02082958413416569,0.03129100826838971,0.04291860991388141,395.8383676067626,391.42650925127475,391.5549836396443,0.02061561451109295,0.01856349546771712,8.336008413615218
2025-02-26,STOCK,409.0119988186577,0.015801994734483404,0.03696072784745863,0.04758746335076691,402.0315954388809,396.52128977373707,393.24224227575496,0.015678443090977545,0.005409390057808156,25.473902612311406
2025-02-27,STOCK,412.3729235376118,0.008217178783657797,0.024149021334012977,0.04548161953981311,408.01141949518956,401.7800050353114,395.498238101815,0.008183601584568656,0.004981818860560593,26.293576307871774
2025-02-28,STOCK,411.3830517856331,-0.002400428581699643,0.0057970254511450214,0.021690624751282916,410.9226580473009,405.97015232797753,397.7521376659377,-0.002403314229172615,0.00867590219868391,20.950736463330543
2025-03-01,STOCK,397.5439767317871,-0.033640362659027034,-0.03596003995270125,-0.028038351246402193,407.099984018344,406.59225740059776,398.17578248457477,-0.034219218670320295,0.021806986943499928,3.11052536310126
2025-03-02,STOCK,400.5737625260728,0.007621259462144536,-0.02627548512910749,-0.02861284128530528,403.16693034783106,406.1771426799525,398.80182596561366,0.007592364382651873,0.019632994260010944,-2.0755736032264167
2025-03-03,STOCK,401.83906771082934,0.0031587320566812682,0.0108040650354011,-0.023199750289608412,399.98560232289645,404.74255645838684,400.63192311606196,0.003153753743262655,0.017668370131892222,-7.172931107828333
2025-03-04,STOCK,403.623800046403,0.004441410701405468,0.007614171984446028,0.015293461026873567,402.01221009443503,402.9927317601451,402.38636839772823,0.004431576743907151,0.017117123459396012,-8.74912349120882
2025-03-05,STOCK,393.0545021683266,-0.026186012511802526,-0.02186090464659407,-0.01877122533020814,399.50578997518625,399.3270218366838,402.64858708233066,-0.026534971516405825,0.01966497703239537,-18.328549617306464
2025-03-06,STOCK,384.26297687535913,-0.02236719143138699,-0.047967496388513386,-0.043739129038887437,393.64709303002957,396.6708218653982,401.63153963299794,-0.02262113080816519,0.016371796402759556,-13.280999856427968
2025-03-07,STOCK,392.0503246949517,0.020265672958960312,-0.00255480465898561,-0.028673917024022666,389.7892679128792,394.966134299174,400.57163848956327,0.020063057066657564,0.01971937630514021,-8.5234378311211
2025-03-08,STOCK,391.34875063528517,-0.0017895000092460478,0.018439907527766808,-0.004339732845270783,389.22068406853197,392.8680708840651,398.8053136712259,-0.0017911030771324832,0.019372956312794256,-10.49031707554417
2025-03-09,STOCK,396.32283607752146,0.012710109420719373,0.01089786467054732,0.031384390190872136,393.2406371359195,391.4078780902888,397.2003049252169,0.012630013947452667,0.020702832833782985,-7.300963968881547
2025-03-10,STOCK,396.1510148805847,-0.00043353847241633936,0.012271060626880548,0.010459601554529074,394.60753386446373,392.02718063274045,395.67710123471204,-0.0004336324773914768,0.016315938782391886,3.096512712258061
2025-03-11,STOCK,395.9906548281634,-0.000404795258367896,-0.0008381582364663798,0.011861298101355722,396.1548352620898,394.37271622330127,395.52176904434975,-0.00040487721008464206,0.009808685178230012,11.727677952804243
2025-03-12,STOCK,403.0885593997771,0.017924424440505682,0.01751237346011525,0.01707124270006055,398.41007636950843,396.5803631642664,395.7732487317202,0.01776567611951929,0.009007018145007237,11.038234704825413
2025-03-13,STOCK,398.55096956910154,-0.01125705437393787,0.006465593846019413,0.006058181345919955,399.2100612656807,398.0208069510296,395.4444389175474,-0.011320894564347483,0.011588126387038633,7.2022189338163685
2025-03-14,STOCK,398.91876878221984,0.0009228410948691756,-0.010344601751452243,0.007394401656592331,400.18609925036617,398.5399934919693,394.97393579112907,0.0009224155388203314,0.010445812115116852,2.5959327046983844
2025-03-15,STOCK,394.8525102406139,-0.010193199367427574,-0.009279764975822946,-0.020432356530850626,397.4407495306452,398.28029256397514,395.1537365983578,-0.010245505774101105,0.011700547042248334,-1.2985046399707585
2025-03-16,STOCK,391.0448967451072,-0.009643128501795384,-0.019738033537878397,-0.018833407511489986,394.9387252559803,397.29114094736394,395.8319285853326,-0.009689924548646367,0.012368363686984967,-4.945758083056148
2025-03-17,STOCK,388.2459134302528,-0.007157703215543654,-0.016731809065453795,-0.026754457767299566,391.38110680532463,394.32261175345906,395.45148745886274,-0.007183442469372636,0.004948990773831945,-14.842645969524312
2025-03-18,STOCK,389.58482148879904,0.0034486082460383205,-0.0037337790838373186,-0.013340902274129873,389.6252105547197,392.52938213739856,395.2750945442141,0.0034426754326739584,0.006317096231047448,-8.966148080302503
2025-03-19,STOCK,385.4866798000365,-0.010519253992240962,-0.007106922532262527,-0.014213756505544461,387.7724715730294,389.8429643409619,394.1914789164656,-0.010574972433269103,0.005905937726171131,-13.432088982183359
2025-03-20,STOCK,394.8957325667674,0.02440824355231075,0.01363223304663852,0.01712785352397317,389.9890779518676,389.85160880619253,394.0659506850839,0.024115122511469522,0.014583511897681253,0.04322232615345456
2025-03-21,STOCK,387.5053347616983,-0.0187148079748356,0.005236639986390568,-0.005337699551933195,389.2959157095008,389.1436964095108,393.21741867843735,-0.018892146044390046,0.016562008859965765,-3.5395619834089302
2025-03-22,STOCK,385.67389583116744,-0.004726228947679156,-0.023352586455313906,0.0004856614792190239,389.35832105321106,388.6292928896937,391.4759523215764,-0.004737432883226589,0.016399251325375893,-2.5720175990853704
2025-03-23,STOCK,381.9148056125818,-0.009746810088052227,-0.014426973379745744,-0.03287178331812135,385.0313454018158,387.09528971445025,389.81233592592446,-0.009794621165483797,0.016504432305971355,-7.670015876217235
2025-03-24,STOCK,392.73579933114644,0.028333527686123627,0.0183105560845902,0.013497787256695926,386.7748335916319,388.5451136206722,389.1940389808171,0.027939557687074235,0.021023975099643134,7.2491195311099546
2025-03-25,STOCK,393.888634186309,0.0029353953908095587,0.03135209318350851,0.021299700197333626,389.5130797100124,388.34369394458065,389.0976513753866,0.002931095530231964,0.017770742392260282,-1.0070983804583875
2025-03-26,STOCK,401.69982502688157,0.019830962771263616,0.022824569878787226,0.05180479814749539,396.1080861814457,391.18259199761724,390.163144203564,0.019636890789372252,0.016080643513131574,14.194490265183276
2025-03-27,STOCK,389.5506511512732,-0.030244409179902787,-0.011013222161124658,-0.008110154931884828,395.0463701214879,391.9579430616384,390.29361797566605,-0.03071120746073941,0.023419669564236092,3.876755320105758
2025-03-28,STOCK,391.24536832612927,0.0043504411296644285,-0.026025544571877002,-0.006710693406120072,394.16528150142796,393.8240556043479,390.4596726593991,0.004341005317385793,0.022473973953482163,9.330562713547465
2025-03-29,STOCK,397.87087562940206,0.01693440444194594,0.021358517701201007,-0.009531867227533075,392.88896503560153,394.851070863999,391.69809224233563,0.01679261591246828,0.02002787583615595,5.135076298255626
2025-03-30,STOCK,398.1278557655502,0.0006458882815727485,0.01759123045690325,0.022018201199068832,395.7480332403605,395.6989151798473,392.0213045622139,0.0006456797855092233,0.020044448011506476,4.239221579241189
2025-03-31,STOCK,406.29634487899625,0.020517250916138652,0.021176391049648302,0.03846940506224983,400.76502542464954,396.6182191502702,393.9004055739437,0.02030960750130717,0.020192951635563193,4.596519852114682
2025-04-01,STOCK,401.71265233215513,-0.011281648492816876,0.009004134010446974,0.009655837956662916,402.04561765890054,399.05061938644656,395.5042812240425,-0.011345769002008232,0.012781154920381437,12.16200118088193
2025-04-02,STOCK,412.7838071948086,0.02755988589948455,0.015967316461447556,0.036812172815883226,406.93093480198667,403.35830716018245,398.5911813822651,0.02718694880371153,0.01571931697427933,21.53843886867935
2025-04-03,STOCK,431.7738471120321,0.046004808294869415,0.07483258146178806,0.06270669808910934,415.423435546332,410.1389014567085,402.49498616035373,0.04497796247238561,0.02217182536976926,33.90297148263005
2025-04-04,STOCK,428.2234667520158,-0.008222777696619277,0.03740374328666585,0.0659944720833443,424.2603736862855,416.15802365400157,405.92846941692443,-0.00825677120879309,0.024028437024071692,30.0956109864656
2025-04-05,STOCK,424.00070903239657,-0.009861107686713,-0.01800279968698204,0.027173793259516854,427.9993409654815,419.6988964846816,408.1585578174759,-0.00991005042801607,0.025949051267825814,17.70436415340032
2025-04-06,STOCK,436.07001574135444,0.028465298410705442,0.018323491351029952,0.009950043658405239,429.4313971752556,426.5703691665215,412.81049427648406,0.028067689542353946,0.024338074273713126,34.35736340919931
2025-04-07,STOCK,449.61616851559666,0.031064169250923257,0.06041371850923705,0.049956864638549536,436.56229776311585,433.9368414306791,418.6475742954308,0.030591442914614575,0.02475882938948818,36.83236132078804
2025-04-08,STOCK,444.4942235096573,-0.011391816764173335,0.019318475162712012,0.0483336797337639,443.3934692555361,436.4809167102041,423.3099090834563,-0.011457200543064872,0.021521354886761122,12.72037639762516
2025-04-09,STOCK,440.3339089350423,-0.009359659483909044,-0.020644852722266682,0.00977800132953166,444.8147669867654,438.9030051468095,427.53051440040554,-0.009403736341917046,0.02171398540623058,12.110442183026521
2025-04-10,STOCK,437.42166173424346,-0.0066137245887835094,-0.015911481862621257,-0.027122037940969124,440.74993139298107,441.5871956871789,430.6430460859302,-0.006635692177210828,0.02117274996558787,13.420952701846886
2025-04-11,STOCK,425.39094668450196,-0.02750370203899688,-0.03393552471732242,-0.04297755924546964,434.38217245126253,439.45138187580835,433.01087552116496,-0.027889010220684796,0.021531447629693782,-10.679069056852484
2025-04-12,STOCK,417.2291460236916,-0.01918658759530134,-0.046162587445931824,-0.05247100539504235,426.68058481414573,432.97397737742733,433.45540940405317,-0.019373038929684228,0.008646815121558418,-32.38702249190504
2025-04-13,STOCK,408.52485883351414,-0.020862126419335048,-0.0396484409986676,-0.06606166413012626,417.0483171805692,425.7801044421987,431.1305105762014,-0.021082815335041083,0.008745248961519198,-35.96936467614313
2025-04-14,STOCK,401.89739313591144,-0.01622291900798034,-0.0367466008400803,-0.055228146559533786,409.21713266437246,418.09280128237253,428.49790321459096,-0.016355951302083227,0.007756846123610532,-38.43651579913086
2025-04-15,STOCK,401.2172765448881,-0.0016922642511227881,-0.017887729793217066,-0.03837668013225115,403.8798428381046,410.85192424450145,426.2195599658401,-0.0016936977477355342,0.009684781775690652,-36.20438518935538
2025-04-16,STOCK,402.69820562500644,0.003691090007069242,0.0019925794562796195,-0.014262665006836817,401.9376251019353,406.3133760326024,422.88237895420536,0.00368429465073028,0.011210336057411768,-22.692741059495518
2025-04-17,STOCK,414.9663455339248,0.030464848706931003,0.03426838721262926,0.03251813179488283,406.29394256793984,405.86081593464894,419.4173966560382,0.030010009856281883,0.0201440491186875,-2.2628004897667893
2025-04-18,STOCK,406.35629190276643,-0.020748799809488405,0.009083939850396128,0.012808559497071936,408.0069476872325,405.4271025484994,415.60360349534915,-0.02096708081477594,0.020115375395827688,-2.1685669307477156
2025-04-19,STOCK,414.02103801605085,0.018862132237190687,-0.0022780341780672675,0.028117414562279563,411.781225150914,407.8518315245273,412.9723164034499,0.01868644796953145,0.019552428087257007,12.123644880139409
2025-04-20,STOCK,411.84085980166265,-0.005265863360073175,0.013496943466076772,-0.007531901721429257,410.73939657349337,409.9765481758823,410.41423621019186,-0.005279776884509424,0.019964070770783014,10.623583256774566
2025-04-21,STOCK,411.02240973830925,-0.0019872968984854245,-0.007242695424635293,0.011482824133702163,412.29476918534095,411.64138899854277,408.9773825155726,-0.001989274193048729,0.020233084141388216,8.324204113302812
2025-04-22,STOCK,416.19093268413445,0.012574795980384357,0.01056250922884816,0.005241025138436273,413.01806740803545,411.8863064285847,408.8735611816168,0.012496389843331457,0.015612961084758929,1.2245871502096293
2025-04-23,STOCK,406.5429930405391,-0.02318152291635245,-0.010898229857155717,-0.012863868737246986,411.2521118209943,411.9236466561392,408.6753746023193,-0.023454440431245338,0.016486698644189522,0.1867011377726726
2025-04-24,STOCK,409.2547743404182,0.006670343226426345,-0.01666580840428933,-0.004300581564437023,410.6629000216972,410.9703939210127,409.41111272277004,0.006648194923680961,0.013743071620828847,-4.766263675632672
2025-04-25,STOCK,410.2090576368916,0.0023317584944766434,0.009017655350382459,-0.014372910550126683,408.66894167261626,410.64403348805854,410.31029083197035,0.0023290441642611626,0.013754075516504536,-1.6318021647710452
2025-04-26,STOCK,413.85511619816737,0.008888293647828727,0.011240777496520193,0.017986100566980134,411.1063160584924,411.21057478003013,411.4259818892865,0.008849025280162515,0.014359354562658525,2.832706459858116
2025-04-27,STOCK,415.83948173298506,0.0047948314691548255,0.013725742987073186,0.016089506599352932,413.3012185226814,411.1402845898003,411.51329550919246,0.004783372878156555,0.013236095387437181,-0.3514509511493884
2025-04-28,STOCK,436.3328316093284,0.04928187624450331,0.05431300600473432,0.06368404959882934,422.00914318016027,417.09825230355807,414.51094947984865,0.048106002798218306,0.01913671865031262,29.78983856878932
2025-04-29,STOCK,430.3722482054157,-0.013660634662599813,0.034948019875039815,0.03991042120967614,427.5148538492431,421.3217470765576,416.1460704987852,-0.013754799685026242,0.02293316328304799,21.11747386499752
2025-04-30,STOCK,425.40029175043793,-0.011552688342963635,-0.025055505950739354,0.022991587950256243,430.70179052172733,424.3599938992669,417.50201369366266,-0.011619939100036447,0.024875327754032502,15.19123411354633
2025-05-01,STOCK,419.7115871217076,-0.013372592212672063,-0.0247707911654651,-0.03809304109964995,425.1613756925204,425.53128808397497,418.3709314320025,-0.013462810528495517,0.026471882077392275,5.8564709235402574
2025-05-02,STOCK,414.65972149328104,-0.012036516940290398,-0.025248149720258906,-0.036509154058267934,419.92386678847555,425.29533603603414,418.2178103129172,-0.012109542383204719,0.027224432643844294,-1.1797602397040237
2025-05-03,STOCK,408.99809287483083,-0.01365367390413863,-0.025525848167184617,-0.038557093621434335,414.45646716327315,419.82838828913464,418.4633202963464,-0.013747742546130759,0.0010027328522782062,-27.33473873449759
2025-05-04,STOCK,418.42213855044287,0.023041783909970803,0.009073505002155757,-0.003072225334800782,414.02665097285154,417.43836635814006,419.3800567173488,0.022780330622151013,0.015908027627310715,-11.950109654972835
2025-05-05,STOCK,430.04975389048275,0.027789197245446706,0.05147129383337856,0.03711484766781492,419.1566617719188,418.368258786149,421.364126342708,0.027410084959797132,0.020997095977831972,4.649462140044818
2025-05-06,STOCK,424.7437232136836,-0.0123381786149106,0.015108150551356836,0.03849805320161126,424.4052052182031,419.37468600454423,422.4529870442596,-0.012414925874988825,0.02080636516826239,5.032136091975985
2025-05-07,STOCK,417.313973015984,-0.017492313109384705,-0.02961466844076388,-0.002648439057976071,424.0358167067168,419.9055363090848,422.6004361725594,-0.017647111462085086,0.02188986678194509,2.654251522702964
2025-05-08,STOCK,420.8460889956684,0.008463929338759835,-0.009176437472754206,-0.021401395563077408,420.9679284084453,422.27513553325235,421.05176191119347,0.00842831112772835,0.020271572922911422,11.847996120837593
2025-05-09,STOCK,415.8076284188035,-0.011972216704897898,-0.0036096193623567085,-0.02103879187964941,417.9892301434854,421.7522335069245,419.59529993253227,-0.012044460885619834,0.018875323378393136,-2.6145101316393493
2025-05-10,STOCK,420.6837475706309,0.011726863141904964,-0.00038575010979657876,0.008074914267291566,419.1124883283676,419.87903224295405,419.1236455145516,0.011658636355110552,0.013422072051582027,-9.366006319851863
2025-05-11,STOCK,421.9723617438887,0.0030631422789668683,0.014825926471161432,0.0026762105616997545,419.48791257777435,419.32475994899505,419.34972297676967,0.0030584604170256213,0.01288636428006226,-2.771361469794897
2025-05-12,STOCK,408.9631017051928,-0.030829649565038864,-0.02786094288910046,-0.01646080121146043,417.2064036732375,417.65458568683687,418.78006099796085,-0.03131488229994428,0.017750244123579752,-8.350871310791206
2025-05-13,STOCK,421.39685584093456,0.030403119704194737,-0.0013638473870083434,0.0016951172333652398,417.4441064300054,417.7647390558901,420.01993729457115,0.029950104026601032,0.023278936327529916,0.5507668452661392
2025-05-14,STOCK,436.3709103810401,0.035534329059535796,0.06701780322373585,0.0341220182706905,422.2436226423892,421.8773954483374,421.814814477631,0.03491755346191017,0.02634458197804452,20.5632819622366
2025-05-15,STOCK,430.6246460282391,-0.013168302964520096,0.02189809928431874,0.05296698952234902,429.4641374167379,423.86557513985906,421.8723036914066,-0.013255773809687454,0.02816398553430009,9.940898457608228
2025-05-16,STOCK,426.8713964425088,-0.0087158262313769,-0.021769356555496167,0.01299141302478235,431.2889842839293,424.84538207958303,422.08507101428916,-0.008754031198719758,0.028820854835668434,4.899034698620085
2025-05-17,STOCK,428.88983727706596,0.004728451827362035,-0.004028586768485609,-0.017143840081919492,428.79529324927125,428.8307291939577,423.2426574403973,0.004717307814497751,0.0220123072966957,19.926735571873166
2025-05-18,STOCK,431.33680376686556,0.0057053496658603375,0.010460778964275663,0.001653778401201178,429.03267916214674,430.8187187791439,424.29172891751693,0.005689135799740619,0.01882480471410939,9.939947925930994
2025-05-19,STOCK,436.6186316586983,0.012245252076118929,0.0180204651868201,0.022834125915724757,432.28175756754325,430.8682630346755,426.3728292415065,0.01217088545345657,0.010665761771856219,0.2477212776581723
2025-05-20,STOCK,454.0758290422643,0.03998271287060451,0.052717563344511165,0.05872368514278414,440.6770881559427,435.5584996374806,429.7120373886698,0.039204090775327494,0.017705668007359062,23.451183014025162
2025-05-21,STOCK,452.0194744030613,-0.004528659108634425,0.03527298568514081,0.047950164362451586,447.5713117013413,440.58811522959104,432.7167486545871,-0.00453894454988113,0.016620561569149938,25.148077960552484
2025-05-22,STOCK,444.4152259427218,-0.01682283372941329,-0.021275307958846024,0.017856760382406245,450.1701764626825,443.69319296272226,436.26196107833994,-0.01696594489076908,0.02105356913828321,15.52538866565584
2025-05-23,STOCK,431.89086733304254,-0.02818165957998353,-0.04453039793606384,-0.048857394052474024,442.7751892262752,443.8040056759576,437.3113622275508,-0.028586384560290945,0.0265065477469798,0.5540635661769784
2025-05-24,STOCK,425.19774098172803,-0.015497262983690918,-0.043242183973846604,-0.059337561632171076,433.8346114191641,441.5198275405636,436.1940452876196,-0.015618600798838145,0.026296467409976203,-11.42089067697026
2025-05-25,STOCK,424.4914202658376,-0.0016611582043207784,-0.017132677782461747,-0.04483151006948649,427.1933428602027,435.6029457852783,435.58072271137945,-0.0016625394574756314,0.010776397515905404,-29.5844087764267
2025-05-26,STOCK,439.5638351121851,0.03550699525778023,0.033786854316976145,0.017765987566543462,429.7509987865836,433.11181792710306,436.8499665783471,0.034891157270355855,0.02456098373144747,-12.455639290876206
2025-05-27,STOCK,434.60202420921473,-0.011288032605557774,0.0238181585320274,0.02211743459824933,432.8857598624125,431.14917758040156,437.4211852715619,-0.011352225980723496,0.02403351193226629,-9.813201733507071
2025-05-28,STOCK,436.11522435666257,0.003481806487673822,-0.007845528863043016,0.02738289523860238,436.76036122602073,431.9940489851257,437.8990273305417,0.0034757590327778587,0.019912955080922515,4.22435702362003
2025-05-29,STOCK,435.53624829001797,-0.001327575911844625,0.0021496082134064842,-0.009162689239753274,435.4178322852984,434.06175044678355,437.7907889936736,-0.001328457921455417,0.01765961540212788,10.338507308289934
2025-05-30,STOCK,445.5662263221927,0.023029031616895068,0.021670882917402823,0.025228143225812127,439.07256632295775,438.2767116580546,436.93982872166646,0.022767865468962256,0.018767840643108127,21.0748060563551
2025-05-31,STOCK,468.19484303473973,0.050786202758967836,0.07498479144490133,0.0735576675301799,449.7657725489835,444.0029132425655,438.5573655848342,0.049538648517472694,0.02407701196760047,28.63100792255466
2025-06-01,STOCK,462.78712034818335,-0.011550154315038363,0.0386494599649887,0.06256855121739346,458.84939656837196,449.6399324703592,440.3945550253804,-0.011617375458406798,0.024143212708156343,28.185096138968618
2025-06-02,STOCK,457.82104496344465,-0.010730798603475478,-0.02215701053871999,0.027503921790495767,462.9343361154559,453.9810965917157,442.9875727884206,-0.010788788850364384,0.026238015545404357,21.705820606782083
2025-06-03,STOCK,467.0151012076916,0.020082205362536465,0.009135908657802005,-0.0025197668120419126,462.5410888397732,460.2768671752504,447.169308811017,0.019883217541381448,0.025715792139192936,31.478852917673635
2025-06-04,STOCK,472.9546107706887,0.012718024636971359,0.033055635982073284,0.021970124006164493,465.9302523139416,465.7545440649495,452.0156278615021,0.012637829792526034,0.025242758322431773,27.388384448496026
2025-06-05,STOCK,490.25887606152423,0.03658758133817086,0.04977092773600833,0.07085264309042327,476.74286267996814,470.1673506703065,457.085131956436,0.03593414651472138,0.020454698240813945,22.0640330267845
2025-06-06,STOCK,495.5221889981928,0.010735783060066506,0.047716160734176505,0.061041040678947,486.2452252768019,476.7143644003084,463.17714843533383,0.010678563706519206,0.016900759640061977,32.73506865000945
2025-06-07,STOCK,491.48247951199625,-0.00815242904533442,0.0024958313050889025,0.0391747290741411,492.4211815239044,483.44665131001875,468.7138739508672,-0.008185841815741668,0.015973715495444223,33.6614345485516
2025-06-08,STOCK,496.82576370843844,0.010871769430616629,0.0026307090564019475,0.013394734838192202,494.6101440728758,489.4087838101681,474.84282549270927,0.01081309661384644,0.015677755873348295,29.810662500746844
2025-06-09,STOCK,507.45775202168255,0.02139983287880276,0.03250425635833154,0.024086838669364452,498.58866508070577,496.30941206036687,481.03197806265825,0.021174071611658185,0.01617049528361414,34.50314125099385
2025-06-10,STOCK,515.338055533366,0.015528984393850864,0.037261134943459506,0.04853799884190457,506.5405237544956,501.3252479547352,485.74629931252093,0.015409643623947922,0.011022342052804777,25.079179471841712
2025-06-11,STOCK,520.0726869738844,0.009187428309788137,0.02485908413448157,0.046790897259282094,514.289498176311,506.2353475498735,491.4748559750909,0.009145480622145818,0.011019301720719653,24.5504979756916
2025-06-12,STOCK,530.7558264235884,0.020541627578762656,0.029917780619297174,0.045911357761483806,522.0555229769462,514.0900169321919,498.76833412110534,0.02033349379178251,0.005427590774943142,39.273346911592114
2025-06-13,STOCK,542.771266062396,0.02263835654856905,0.04364501281654776,0.05323342655266772,531.199926486623,523.2791174029834,506.34395060657573,0.022385911808913583,0.005463223369692127,45.94550235395752
2025-06-14,STOCK,557.42678640165,0.02700128259473722,0.05025090380595465,0.07182476673619531,543.6512929625447,533.2729242789769,514.7911681696719,0.02664317982075115,0.006734774362323204,49.96903437996747
2025-06-15,STOCK,564.141647278181,0.012046175462570474,0.039372720245158144,0.06290241047292433,554.7798999140756,543.03364262794,522.1794452913375,0.011974197751792204,0.007315262530479288,48.803591744815094
2025-06-16,STOCK,561.6972513150758,-0.00433294718604571,0.00766103283445152,0.03486917314171922,561.0885616649689,551.3585554961783,528.7969515230259,-0.004342361606337164,0.012258143965264957,41.624564341191444
2025-06-17,STOCK,562.7847790008002,0.0019361456428319546,-0.0024051907600286526,0.00961201135262546,562.874559198019,557.7643460116205,535.9271814719062,0.0019342737286667244,0.013136661311003864,32.02895257721184
2025-06-18,STOCK,575.9538057185956,0.02339975637076841,0.02538120734994087,0.0209382847329298,566.8119453448238,564.4008539428605,543.839985672922,0.02313017933016681,0.013291055647957965,33.18253965619965
2025-06-19,STOCK,566.0535843139581,-0.017189262934525384,0.005808268871382083,0.007755660168681677,568.2640563444514,566.1262135253221,549.6995689021495,-0.017338713419745133,0.01544703922341397,8.62679791230812
2025-06-20,STOCK,569.6728290035626,0.006393819931360234,-0.010905348055121333,0.012239225828018618,570.5600730120387,567.2324498703985,555.1330462491693,0.006373466177458376,0.014830842587342076,5.531181725381543
2025-06-21,STOCK,564.6439952141291,-0.008827582312868287,-0.002490204353245873,-0.019636662510382652,566.7901361772166,567.8217986502091,559.5901770731937,-0.008866776246547303,0.015436504802218677,2.9467438990532173
2025-06-22,STOCK,564.4040140642201,-0.0004250131975953586,-0.009248843671477935,-0.0029141591811264744,566.2402794273039,568.1456456628931,562.9549958372569,-0.00042510354130342876,0.015438643060000121,1.6192350634198647
2025-06-23,STOCK,578.4426287554917,0.024873343104314438,0.024437758407631405,0.01539444977087756,569.1635460112802,568.6434102702722,566.5221321065665,0.024569037252145876,0.015968496843310146,2.488823036896065
2025-06-24,STOCK,580.0772884767197,0.002825966897953114,0.027769601246521614,0.027332785601904552,574.3079770988105,571.4481511028246,568.7871823140733,0.00282198136039824,0.012361644270887609,14.023704162761533
2025-06-25,STOCK,580.035948400207,-7.126649729949364e-05,0.002754499003891242,0.027696355707010012,579.5186218774728,573.5207749821535,570.376612426276,-7.126903687737496e-05,0.012504057999118365,10.363119396644379
2025-06-26,STOCK,563.9090382545306,-0.027803294244358234,-0.027872579298263478,-0.025125379386767843,574.6740917104858,573.3737835902339,570.5977911202215,-0.02819712281959763,0.018751835968382376,-0.7349569595984349
2025-06-27,STOCK,571.8164396194786,0.014022476726785138,-0.014170688564042466,-0.014240945166003716,571.9204754247387,574.8562687012856,571.5009571820893,0.013925071320544546,0.019789789735728758,7.412425555258551
2025-06-28,STOCK,578.667307361965,0.011980886291141468,0.026171364717110457,-0.002359579681253998,571.4642617453247,574.9012044225801,571.7723073464263,0.011909683622820744,0.016872791754578727,0.22467860647327598
2025-06-29,STOCK,603.6489426666742,0.043170980953798566,0.05566909385882446,0.07047218915864617,584.7108965493726,579.615535260571,575.5318431816979,0.042265094466109154,0.02549441212269311,23.57165418995453
2025-06-30,STOCK,599.344910855558,-0.007130024600229934,0.03573314619735202,0.04814214724990862,593.8870536280657,583.4773277516413,578.4990513668974,-0.00715556469905998,0.026238763807543922,19.308962455351093
2025-07-01,STOCK,601.375932158805,0.0033887353783443874,-0.003765450988496677,0.039242971752394995,601.4565952270124,590.9707065324961,582.172245061365,0.0033830065532791664,0.018419644029840962,37.46689390427434
2025-07-02,STOCK,603.7788108958,0.00399563502378486,0.007397910551893316,0.00021513866743827492,601.499884636721,597.3631807877604,586.109724744523,0.003987673674214598,0.01880874164794911,31.96237127632139
2025-07-03,STOCK,622.5083172748627,0.031020476441156575,0.03514005796706443,0.038647873703038904,609.2210201098226,606.13138277034,590.5162935964602,0.030549065595270264,0.0208055099743594,43.84100991289779
2025-07-04,STOCK,620.7019895120274,-0.002901692576161685,0.028028771978796607,0.032136399745573696,615.6630392275633,609.5419921394107,594.5787636999909,-0.0029059106477395957,0.014705623579844944,17.05304684535315
2025-07-05,STOCK,623.5515930691702,0.004590936722118633,0.0016759226589526666,0.03274838701946847,622.2539666186867,614.3833285821331,598.9303281668872,0.00458043051540713,0.013004568127218872,24.206682213612112
2025-07-06,STOCK,630.5480988907293,0.011220412070670482,0.015862860994601657,0.012915139272455134,624.9338938239756,620.2177619285179,605.594234230507,0.011157930194330312,0.012789673540716869,29.172166731924335
2025-07-07,STOCK,632.273226957855,0.0027359182751649502,0.013987028476274421,0.018642178761058004,628.7909729725848,625.9166451409288,611.6399129643447,0.0027321824631272307,0.01293579979658031,28.49441606205494
2025-07-08,STOCK,626.0266546882576,-0.009879545745835716,-0.007170657100427191,0.003969297242758962,629.6159935122806,626.6203126236078,616.375847696974,-0.00992867229100991,0.007962641074773102,3.5183374133948746
2025-07-09,STOCK,627.8333402155271,0.0028859562348333423,-0.007022101447644924,-0.0043053950681606334,628.7110739538799,628.0465827643078,618.7942874518592,0.0028817998579659942,0.0076440798038272684,7.13135070349972
2025-07-10,STOCK,640.8192170271432,0.020683636850439058,0.023629285156000046,0.013516292806524,631.5597373103093,631.5001075559023,622.9417180690177,0.020472634997195094,0.011277687119051636,17.267623957973
2025-07-11,STOCK,627.1696501491182,-0.0213001834454144,-0.0010571118542080926,0.0018257936020786847,631.9407357972628,630.8244178075802,625.5210898680491,-0.02153030598822081,0.015742129240602497,-3.3784487416111233
2025-07-12,STOCK,628.2112353401028,0.0016607710381664198,-0.0196747871350218,0.0006019035632067737,632.066700838788,630.0120194840298,627.9643323124794,0.0016593934829369772,0.015684480854788574,-4.061991617752142
2025-07-13,STOCK,618.85689318136,-0.014890440718842823,-0.013254399293367802,-0.03427226160237473,624.7459262235269,628.5780671826503,627.599189903129,-0.015002416298782961,0.016524805052315645,-7.1697615068976575
2025-07-14,STOCK,633.1928196733811,0.023165172190818373,0.007929791848726442,0.009603732455533809,626.7536493982813,629.6499630742211,628.8482729192644,0.022900932578497013,0.020127784542380338,5.359479457854036
2025-07-15,STOCK,613.5803651440448,-0.03097390545182266,-0.008526249114217843,-0.023289730226071392,621.876692666262,624.2021926976014,627.8511501267519,-0.03146373809567571,0.021380248668123037,-27.23885188309839
2025-07-16,STOCK,606.1532325845834,-0.012104579907340707,-0.04270355924557945,-0.020527622357845665,617.6421391340031,619.9989091846944,625.4116634961372,-0.012178436945431415,0.020360577766671814,-21.016417564534777
2025-07-17,STOCK,610.1330515373646,0.006565697811775406,-0.005618357109375305,-0.036418240099297616,609.9555497553309,616.3832724241468,623.1976459540882,0.006544237501290517,0.020976845289761122,-18.07818380273818
2025-07-18,STOCK,628.9096031831458,0.03077451975183032,0.03754227376059882,0.02498326040061971,615.0652957683646,618.393814424504,623.485940803577,0.030310480584686772,0.025359205985041194,10.05271000178584
2025-07-19,STOCK,627.4553581098913,-0.0023123276634574585,0.028391031315021076,0.035143136058975566,622.1660042768007,617.246322111806,623.4481425930136,-0.002315005221459998,0.022850720474282844,-5.737461563489774
2025-07-20,STOCK,619.9064226802362,-0.012031031900651912,-0.014315539876225691,0.016018426010925735,625.4237946577578,618.5115336190444,621.3568631583228,-0.012103990533863573,0.017611715273549395,6.326057536191456
2025-07-21,STOCK,643.030191255115,0.03730203096606188,0.02482221714089805,0.022452492378077338,630.1306573484143,625.8869253531506,622.9429172689225,0.0366231413888114,0.02095878528317674,36.87695867053162
2025-07-22,STOCK,624.0505650794018,-0.029515917656474766,0.006685109635173658,-0.0054263510327585696,628.9957263382511,628.670428061558,622.5268502428523,-0.029960278008324792,0.028318386642695037,13.917513542037227
2025-07-23,STOCK,596.6050160277082,-0.04397968784500916,-0.0721975046564931,-0.03758858724480019,621.2285907874084,622.2095106304705,620.3016625274872,-0.04497611913240185,0.031054193766493498,-32.304587155437616
2025-07-24,STOCK,601.2769049257953,0.007830790510601648,-0.036493293056643394,-0.06493207768024467,607.3108286776352,616.9738199936513,617.1100710527287,0.0078002890010662185,0.032038391507048215,-26.178453184096043
2025-07-25,STOCK,594.6746708013922,-0.010980355424125121,-0.003235549776581803,-0.04707293915240984,597.5188639182985,611.9274696178825,615.2195016184634,-0.011041084487051656,0.03201220960831562,-25.23175187884408
2025-07-26,STOCK,582.0694834092508,-0.02119677869439851,-0.031944385954612575,-0.02436374523841134,592.6736863788128,599.7353280487097,612.8111267009301,-0.02142465634261459,0.019862841195785064,-60.96070784586425
2025-07-27,STOCK,589.7843471936653,0.013254197315460736,-0.008223527666205377,-0.019113585833715474,588.8428338014361,592.8820844715624,610.7762562665603,0.013167128945987372,0.02345270779281318,-34.26621788573652
2025-07-28,STOCK,592.0747957809775,0.0038835357333755205,0.017189206197728124,-0.004371928296375893,587.9762087946312,591.9760404222163,607.0927755263434,0.0038760142754243887,0.01430509357005762,-4.530220246730664
2025-07-29,STOCK,584.847657339135,-0.012206461908768729,-0.0083703304063939,0.004772924898265085,588.9022667712593,588.6901909048842,602.8320054492677,-0.012281572614734948,0.013844231955358124,-16.429247586660267
2025-07-30,STOCK,569.4923275497711,-0.026255264249882893,-0.03814124227568072,-0.03440582941959813,582.1382602232947,583.65372225456,597.7905959362213,-0.026606087973418013,0.01682029529456064,-25.18234325162109
2025-07-31,STOCK,578.937459527103,0.016585178623861996,-0.010105533873421835,-0.0221886429678968,577.7591481386697,583.0273174781303,591.38132276342,0.016449146565602923,0.01810987390903201,-3.1320238821477915
2025-08-01,STOCK,585.9289172888346,0.012076361007011815,0.02886182823530148,0.0018487890583658295,578.119568121903,582.2562314971642,587.5691579843633,0.012004023559173405,0.017887235058609903,-3.855429904830771
2025-08-02,STOCK,584.1833934369173,-0.002979071010855705,0.009061313659163517,0.02579677578862949,583.016590084285,580.6779510283521,586.3269957252843,-0.002983517275588099,0.01765137909968578,-7.891402344060225
2025-08-03,STOCK,605.5563990882434,0.036586123281565186,0.03349805961144181,0.04597895527935569,591.8895699379984,584.8196993781738,586.754945141529,0.035932739920953694,0.023347706148862196,20.708741749108412
2025-08-04,STOCK,592.1417258368037,-0.02215264056599442,0.013623003476811224,0.01060334857121692,593.9605061206548,589.3495790355804,586.5016506450702,-0.02240169532652292,0.021865264983479682,22.64939828703268
2025-08-05,STOCK,573.7739506551974,-0.031019221210343506,-0.05248470411822803,-0.017818792691928764,590.4906918600815,588.3168772611994,585.6720973696649,-0.03151050341849526,0.027031717334617657,-5.163508871905606
2025-08-06,STOCK,565.3230531134639,-0.01472861835585837,-0.045290969295298744,-0.06644029529760886,577.079576535155,584.1957044261251,583.2259679616446,-0.014838161397624283,0.026261367525283973,-20.605864175370698
2025-08-07,STOCK,564.2433459193696,-0.0019098941537017966,-0.016610382407470148,-0.047114362491527895,567.780116562677,580.2076949226156,580.4428229754839,-0.001911720327110622,0.026308315542316666,-19.94004751754767
2025-08-08,STOCK,566.4293796167553,0.003874274660383925,0.0019569810521584685,-0.012800460930746715,565.3319262165296,572.382291028318,578.6009952032459,0.003866788986454317,0.014501752925581047,-39.1270194714881
2025-08-09,STOCK,563.139676527786,-0.005807790357193476,-0.001956016671823213,-0.0038621750407188404,564.6041340213037,566.5818811665144,577.9657301010475,-0.005824721157126511,0.013795298916787964,-29.002049309017707
2025-08-10,STOCK,566.551960704418,0.0060593922233849185,0.0002164101864658985,0.004091523279351694,565.3736722829864,565.1374831763585,576.7271802187789,0.006041107930285783,0.008323326241940108,-7.2219899507794025
2025-08-11,STOCK,551.9944600668264,-0.0256949082295852,-0.019791211533307318,-0.02548405868300052,560.5620324330101,562.4717645670311,573.3337344965781,-0.026030788483809353,0.012774755258092862,-13.32859304663748
2025-08-12,STOCK,567.5979321867278,0.028267443332696596,0.001846205740792639,0.007916784848886138,562.0481176526574,563.1426818205027,571.6751883715591,0.027875292081465552,0.01957664935486105,3.3545862673581723
2025-08-13,STOCK,566.0997382280109,-0.002639533856201637,0.025553296602790043,-0.0007982012379673664,561.8973768271884,563.0767535427537,567.729522285536,-0.002643023567851621,0.01957021983185091,-0.3296413887444487
2025-08-14,STOCK,578.3135497838975,0.021575370435813923,0.01887888765888701,0.047679988878665425,570.6704067328787,566.1115281939761,566.3467046802454,0.021345916631762663,0.021285986340109943,15.173873256111506
2025-08-15,STOCK,581.709220758076,0.005871678046359685,0.027573732111103588,0.02486141645545281,575.3741695899948,569.1429802047077,567.140231690533,0.005854506927554404,0.021284564459281004,15.157260053657978
2025-08-16,STOCK,586.4607635700773,0.00816824393089255,0.014087883275818447,0.03596720501196482,582.1611780373503,576.036240905358,569.2540027361945,0.008135064383075985,0.012312895054739795,34.46630350325097
2025-08-17,STOCK,592.5890233938435,0.010449564923082688,0.018703163449238724,0.02468466044982054,586.9196692406656,581.034459146781,572.0885704836419,0.010395345604643502,0.008657938420771318,24.991091207115687
2025-08-18,STOCK,597.3213739497808,0.007985889662340373,0.018518903657918306,0.026838414511221265,592.1237203045672,587.278786291135,575.1777699169444,0.007954171200346138,0.006144484996947243,31.22163572176987
2025-08-19,STOCK,604.4444299743407,0.011924997723518294,0.02000611910190231,0.030664739265399144,598.118275772655,592.5049623292236,579.3082452615998,0.011854455197351399,0.002329207350199447,26.130880190443122
2025-08-20,STOCK,620.107462217348,0.025913105434145933,0.03814711688097572,0.04643764520966398,607.2910887138231,600.184610621078,584.6637954128929,0.025583050602648427,0.007336982816916567,38.39824145927207
2025-08-21,STOCK,621.9273047837503,0.0029347212818484625,0.028923874457990717,0.04119378931857587,615.4930656584796,607.2779188638127,591.6570798845853,0.002930423394029269,0.0084467793304138,35.46654121367294
2025-08-22,STOCK,630.1786103663867,0.013267315197723173,0.016240972351835303,0.04257493181488736,624.0711257891617,614.7958362583213,597.9151477025512,0.013180075151770332,0.008427450215529477,37.5895869725432
2025-08-23,STOCK,628.4199001441256,-0.0027908123083368874,0.010439476302833928,0.013404834537959598,626.8419384314208,621.0155414971903,604.1471638941626,-0.002794713885744926,0.010839205178850982,31.0985261943448
2025-08-24,STOCK,646.1365881165601,0.028192436249029118,0.025322944142606607,0.03892622682200386,634.9116995423575,629.3539731256342,610.9294677274289,0.027802344308989646,0.01348856500836921,41.692158142219455
2025-08-25,STOCK,636.817472487201,-0.01442282607230716,0.013362995572147707,0.01053488965129179,637.1246535826289,632.6959751796047,616.4402929003414,-0.014527846041185732,0.01606807563472568,16.710010269853
2025-08-26,STOCK,659.5131298561001,0.03563918759995266,0.02070234372353319,0.049478429478193586,647.4890634866205,640.2131401940748,623.7455295289436,0.03501880865821683,0.02063512300704707,37.58582507234985
2025-08-27,STOCK,658.3249943324454,-0.0018015342983603855,0.03377344808276539,0.018863513442898494,651.5518655585821,645.8424169872864,630.3191266228039,-0.001803159012887079,0.021444983310050444,28.146383966058693
2025-08-28,STOCK,639.1142412568815,-0.029181260381954566,-0.030930223638867438,0.0036066359183111185,652.3174551484757,647.9812852098377,634.4984133535139,-0.029615502042361186,0.027539627033181076,10.694341112755978
2025-08-29,STOCK,640.1133742982212,0.0015633089936701872,-0.027663570715086072,-0.029415268141988027,645.8508699625161,646.77664244617,638.0653077859021,0.0015620882982156914,0.023992716620240093,-6.023213818338945
2025-08-30,STOCK,630.8223431850759,-0.014514664880000971,-0.012974046792477711,-0.041776708136773366,636.6833195800594,645.5776165857449,639.1367958826747,-0.014621033149497364,0.02400503730793209,-5.995129302125179
2025-08-31,STOCK,640.8767404473414,0.01593855603068839,0.0011925483512309487,0.0027577216664640414,637.2708193102129,641.8503387039931,641.0317394490338,0.015812870979774907,0.0171919861912154,-18.63638940875876
2025-09-01,STOCK,631.9338154350454,-0.013954204370178358,0.0017619417922922764,-0.012778297082361889,634.5442996891542,636.572102924513,641.2072599558998,-0.014052479586047717,0.01736389771249881,-26.391178897399982
2025-09-02,STOCK,625.6937271271303,-0.00987459154028536,-0.023691003842038594,-0.00813004820350971,632.8347610031724,633.8880000985629,640.9346426542003,-0.00992366866429606,0.012962797332658581,-13.420514129751268
2025-09-03,STOCK,601.8872786247716,-0.038048085621164573,-0.04754696785705115,-0.060837692120569886,619.8382737289825,626.2427809638729,636.5097117050213,-0.03879081461891065,0.019404902572174223,-38.22609567344955
2025-09-04,STOCK,595.8709141330995,-0.009995832617394118,-0.04766359594327729,-0.05706752894228162,607.8173066283338,619.2524951534776,632.4150558696113,-0.01004612638498159,0.019376824097181812,-34.95142905197633
2025-09-05,STOCK,567.1061332363556,-0.04827351061192886,-0.057786809297392105,-0.09363621745063566,588.2881086647423,604.4983737112805,623.1743562076368,-0.04947758653257939,0.0184298197809041,-73.77060721098576
2025-09-06,STOCK,548.8737291899854,-0.032149897484482715,-0.07887141967902189,-0.08807886678700838,570.6169255198135,587.8863564622685,612.2292296933908,-0.032678056469714,0.017667343067712084,-83.06008624506
2025-09-07,STOCK,556.7279534511418,0.014309710673796605,-0.01830024254188134,-0.06569033620126374,557.569271959161,574.0932017270708,603.9906009128168,0.014208293122885962,0.025474008184379,-68.96577367598843
2025-09-08,STOCK,564.9813432900112,0.014824816659028572,0.029346666170007918,-0.003746723623351933,556.8610086437128,566.7120146601187,596.4773978119958,0.014716003173016468,0.028436069620105416,-36.90593533476044
2025-09-09,STOCK,569.2398424889464,0.007537415614712106,0.02247397307831167,0.037105279804549474,563.6497130766998,561.385800331288,590.3191477423828,0.007509151235699285,0.029885643740470768,-26.631071644153167
2025-09-10,STOCK,557.778727617896,-0.020134070062519993,-0.012748413301884809,0.0018874104672497172,563.9999711322845,559.5203192075962,582.0093464594383,-0.020339522862584225,0.02180234261801652,-9.32740561845958
2025-09-11,STOCK,556.6897656858763,-0.0019523188642750489,-0.022047080801997354,-0.014675843198381,561.2361119309062,561.0835265067743,574.4849414845214,-0.001954227122839214,0.01459753985882927,7.8160364958908985
2025-09-12,STOCK,556.0932857728525,-0.0010714763406668437,-0.0030217033414694505,-0.0230949342172041,556.853926358875,560.9565929711165,567.5248973490936,-0.0010720507818113845,0.013146790232313453,-0.634667678289361
2025-09-13,STOCK,542.8151110021423,-0.02387760311160081,-0.024923495165461773,-0.026827155419961612,551.8660541536237,556.5233465135427,561.6176805868307,-0.02416729378385085,0.013589763796852037,-22.166232287868866
2025-09-14,STOCK,558.8252053613273,0.02949456276120843,0.004912700186045393,0.0038359600033603947,552.577867378774,554.4404190880189,557.9131097096536,0.029067966035342785,0.021091923992669754,-10.414637127619017
2025-09-15,STOCK,568.1491534815909,0.016684909754983046,0.04667158663412496,0.02167957790028585,556.5964899483535,556.5145042607579,558.017411734177,0.016547245811513456,0.02024791972966047,10.37042586369489
2025-09-16,STOCK,565.078519993572,-0.005404625650152428,0.011190108413598354,0.0410147185297165,564.0176262788301,558.192255122297,559.6378908145357,-0.005419283476593151,0.020546253482515386,8.388754307695649
2025-09-17,STOCK,564.8173540467033,-0.0004621763836849535,-0.005864304143499255,0.010722760226073769,566.0150091739554,559.9370687770672,560.4468308740918,-0.00046228322010932743,0.020517895618318686,8.724068273850776
2025-09-18,STOCK,566.6093379128934,0.00317267848332059,0.0027090357625676464,-0.002710231211754288,565.5017373177228,564.6959141592173,560.60963033638,0.003167656158950649,0.014055871080194522,23.794226910751036
2025-09-19,STOCK,543.3943886135387,-0.040971702628246454,-0.03792901418427941,-0.038373660673351906,558.2736935243785,561.6097508096597,558.0250849488392,-0.04183469736848533,0.02183319935753834,-15.43081674778864
2025-09-20,STOCK,540.1742770943758,-0.005925919712529426,-0.04665482732051529,-0.043630169603977365,550.0593345402693,556.0147755322166,556.2646398964873,-0.005943547650412384,0.01813279137881637,-27.97487638721509
2025-09-21,STOCK,532.323899588481,-0.014533045794261734,-0.020372843844235877,-0.060509836372804604,538.6308550987985,549.4638514511985,553.8280532867477,-0.014639684959955268,0.018006373149372857,-32.75462040509092
2025-09-22,STOCK,521.244769063341,-0.02081276180480507,-0.035043334778652624,-0.04076159050282446,531.247648582066,540.7493344545259,550.3432016157965,-0.02103240019789876,0.01705229011341604,-43.572584983362276
2025-09-23,STOCK,517.804486506552,-0.006600128693801555,-0.027275523592221518,-0.041412172953055104,523.7910517194581,530.9883641732577,547.8421391662375,-0.006622005857718882,0.014691798002926111,-48.8048514063413
2025-09-24,STOCK,536.2237201734688,0.03557179234035801,0.028736885239240895,0.007326029486939278,525.0909919144539,529.5542304852437,545.5819906474517,0.03495373053699069,0.021922190752068697,-7.170668440069903
2025-09-25,STOCK,542.5977858559532,0.011886952111000326,0.047881584643410635,0.040965431328899404,532.2086641786581,530.0389322375593,543.0268538848879,0.011816857225340094,0.022682188959086726,2.423508761577409
2025-09-26,STOCK,535.8984798150111,-0.012346725724974972,-0.0006065385513950305,0.03494367812556631,538.2399952814777,530.7538482828652,540.1088498670318,-0.012423579795656003,0.022321521922081863,3.574580226530088
