date,tic,close,return_t-1,return_t-2,return_t-3,ma_3,ma_5,ma_10,log_return,volatility_5,momentum_5
2023-01-10,CASH,500.0,0.0,0.0,0.0,500.0,500.0,500.0,0.0,0.0,0.0
2023-01-11,CASH,500.0,0.0,0.0,0.0,500.0,500.0,500.0,0.0,0.0,0.0
2023-01-12,CASH,500.0,0.0,0.0,0.0,500.0,500.0,500.0,0.0,0.0,0.0
2023-01-13,CASH,500.0,0.0,0.0,0.0,500.0,500.0,500.0,0.0,0.0,0.0
2023-01-14,CASH,500.0,0.0,0.0,0.0,500.0,500.0,500.0,0.0,0.0,0.0
2023-01-15,CASH,500.0,0.0,0.0,0.0,500.0,500.0,500.0,0.0,0.0,0.0
2023-01-16,CASH,500.0,0.0,0.0,0.0,500.0,500.0,500.0,0.0,0.0,0.0
2023-01-17,CASH,500.0,0.0,0.0,0.0,500.0,500.0,500.0,0.0,0.0,0.0
2023-01-18,CASH,500.0,0.0,0.0,0.0,500.0,500.0,500.0,0.0,0.0,0.0
2023-01-19,CASH,500.0,0.0,0.0,0.0,500.0,500.0,500.0,0.0,0.0,0.0
2023-01-20,CASH,500.0,0.0,0.0,0.0,500.0,500.0,500.0,0.0,0.0,0.0
2023-01-21,CASH,500.0,0.0,0.0,0.0,500.0,500.0,500.0,0.0,0.0,0.0
2023-01-22,CASH,500.0,0.0,0.0,0.0,500.0,500.0,500.0,0.0,0.0,0.0
2023-01-23,CASH,500.0,0.0,0.0,0.0,500.0,500.0,500.0,0.0,0.0,0.0
2023-01-24,CASH,500.0,0.0,0.0,0.0,500.0,500.0,500.0,0.0,0.0,0.0
2023-01-25,CASH,500.0,0.0,0.0,0.0,500.0,500.0,500.0,0.0,0.0,0.0
2023-01-26,CASH,500.0,0.0,0.0,0.0,500.0,500.0,500.0,0.0,0.0,0.0
2023-01-27,CASH,500.0,0.0,0.0,0.0,500.0,500.0,500.0,0.0,0.0,0.0
2023-01-28,CASH,500.0,0.0,0.0,0.0,500.0,500.0,500.0,0.0,0.0,0.0
2023-01-29,CASH,500.0,0.0,0.0,0.0,500.0,500.0,500.0,0.0,0.0,0.0
2023-01-30,CASH,500.0,0.0,0.0,0.0,500.0,500.0,500.0,0.0,0.0,0.0
2023-01-31,CASH,500.0,0.0,0.0,0.0,500.0,500.0,500.0,0.0,0.0,0.0
2023-02-01,CASH,500.0,0.0,0.0,0.0,500.0,500.0,500.0,0.0,0.0,0.0
2023-02-02,CASH,500.0,0.0,0.0,0.0,500.0,500.0,500.0,0.0,0.0,0.0
2023-02-03,CASH,500.0,0.0,0.0,0.0,500.0,500.0,500.0,0.0,0.0,0.0
2023-02-04,CASH,500.0,0.0,0.0,0.0,500.0,500.0,500.0,0.0,0.0,0.0
2023-02-05,CASH,500.0,0.0,0.0,0.0,500.0,500.0,500.0,0.0,0.0,0.0
2023-02-06,CASH,500.0,0.0,0.0,0.0,500.0,500.0,500.0,0.0,0.0,0.0
2023-02-07,CASH,500.0,0.0,0.0,0.0,500.0,500.0,500.0,0.0,0.0,0.0
2023-02-08,CASH,500.0,0.0,0.0,0.0,500.0,500.0,500.0,0.0,0.0,0.0
2023-02-09,CASH,500.0,0.0,0.0,0.0,500.0,500.0,500.0,0.0,0.0,0.0
2023-02-10,CASH,500.0,0.0,0.0,0.0,500.0,500.0,500.0,0.0,0.0,0.0
2023-02-11,CASH,500.0,0.0,0.0,0.0,500.0,500.0,500.0,0.0,0.0,0.0
2023-02-12,CASH,500.0,0.0,0.0,0.0,500.0,500.0,500.0,0.0,0.0,0.0
2023-02-13,CASH,500.0,0.0,0.0,0.0,500.0,500.0,500.0,0.0,0.0,0.0
2023-02-14,CASH,500.0,0.0,0.0,0.0,500.0,500.0,500.0,0.0,0.0,0.0
2023-02-15,CASH,500.0,0.0,0.0,0.0,500.0,500.0,500.0,0.0,0.0,0.0
2023-02-16,CASH,500.0,0.0,0.0,0.0,500.0,500.0,500.0,0.0,0.0,0.0
2023-02-17,CASH,500.0,0.0,0.0,0.0,500.0,500.0,500.0,0.0,0.0,0.0
2023-02-18,CASH,500.0,0.0,0.0,0.0,500.0,500.0,500.0,0.0,0.0,0.0
2023-02-19,CASH,500.0,0.0,0.0,0.0,500.0,500.0,500.0,0.0,0.0,0.0
2023-02-20,CASH,500.0,0.0,0.0,0.0,500.0,500.0,500.0,0.0,0.0,0.0
2023-02-21,CASH,500.0,0.0,0.0,0.0,500.0,500.0,500.0,0.0,0.0,0.0
2023-02-22,CASH,500.0,0.0,0.0,0.0,500.0,500.0,500.0,0.0,0.0,0.0
2023-02-23,CASH,500.0,0.0,0.0,0.0,500.0,500.0,500.0,0.0,0.0,0.0
2023-02-24,CASH,500.0,0.0,0.0,0.0,500.0,500.0,500.0,0.0,0.0,0.0
2023-02-25,CASH,500.0,0.0,0.0,0.0,500.0,500.0,500.0,0.0,0.0,0.0
2023-02-26,CASH,500.0,0.0,0.0,0.0,500.0,500.0,500.0,0.0,0.0,0.0
2023-02-27,CASH,500.0,0.0,0.0,0.0,500.0,500.0,500.0,0.0,0.0,0.0
2023-02-28,CASH,500.0,0.0,0.0,0.0,500.0,500.0,500.0,0.0,0.0,0.0
2023-03-01,CASH,500.0,0.0,0.0,0.0,500.0,500.0,500.0,0.0,0.0,0.0
2023-03-02,CASH,500.0,0.0,0.0,0.0,500.0,500.0,500.0,0.0,0.0,0.0
2023-03-03,CASH,500.0,0.0,0.0,0.0,500.0,500.0,500.0,0.0,0.0,0.0
2023-03-04,CASH,500.0,0.0,0.0,0.0,500.0,500.0,500.0,0.0,0.0,0.0
2023-03-05,CASH,500.0,0.0,0.0,0.0,500.0,500.0,500.0,0.0,0.0,0.0
2023-03-06,CASH,500.0,0.0,0.0,0.0,500.0,500.0,500.0,0.0,0.0,0.0
2023-03-07,CASH,500.0,0.0,0.0,0.0,500.0,500.0,500.0,0.0,0.0,0.0
2023-03-08,CASH,500.0,0.0,0.0,0.0,500.0,500.0,500.0,0.0,0.0,0.0
2023-03-09,CASH,500.0,0.0,0.0,0.0,500.0,500.0,500.0,0.0,0.0,0.0
2023-03-10,CASH,500.0,0.0,0.0,0.0,500.0,500.0,500.0,0.0,0.0,0.0
2023-03-11,CASH,500.0,0.0,0.0,0.0,500.0,500.0,500.0,0.0,0.0,0.0
2023-03-12,CASH,500.0,0.0,0.0,0.0,500.0,500.0,500.0,0.0,0.0,0.0
2023-03-13,CASH,500.0,0.0,0.0,0.0,500.0,500.0,500.0,0.0,0.0,0.0
2023-03-14,CASH,500.0,0.0,0.0,0.0,500.0,500.0,500.0,0.0,0.0,0.0
2023-03-15,CASH,500.0,0.0,0.0,0.0,500.0,500.0,500.0,0.0,0.0,0.0
2023-03-16,CASH,500.0,0.0,0.0,0.0,500.0,500.0,500.0,0.0,0.0,0.0
2023-03-17,CASH,500.0,0.0,0.0,0.0,500.0,500.0,500.0,0.0,0.0,0.0
2023-03-18,CASH,500.0,0.0,0.0,0.0,500.0,500.0,500.0,0.0,0.0,0.0
2023-03-19,CASH,500.0,0.0,0.0,0.0,500.0,500.0,500.0,0.0,0.0,0.0
2023-03-20,CASH,500.0,0.0,0.0,0.0,500.0,500.0,500.0,0.0,0.0,0.0
2023-03-21,CASH,500.0,0.0,0.0,0.0,500.0,500.0,500.0,0.0,0.0,0.0
2023-03-22,CASH,500.0,0.0,0.0,0.0,500.0,500.0,500.0,0.0,0.0,0.0
2023-03-23,CASH,500.0,0.0,0.0,0.0,500.0,500.0,500.0,0.0,0.0,0.0
2023-03-24,CASH,500.0,0.0,0.0,0.0,500.0,500.0,500.0,0.0,0.0,0.0
2023-03-25,CASH,500.0,0.0,0.0,0.0,500.0,500.0,500.0,0.0,0.0,0.0
2023-03-26,CASH,500.0,0.0,0.0,0.0,500.0,500.0,500.0,0.0,0.0,0.0
2023-03-27,CASH,500.0,0.0,0.0,0.0,500.0,500.0,500.0,0.0,0.0,0.0
2023-03-28,CASH,500.0,0.0,0.0,0.0,500.0,500.0,500.0,0.0,0.0,0.0
2023-03-29,CASH,500.0,0.0,0.0,0.0,500.0,500.0,500.0,0.0,0.0,0.0
2023-03-30,CASH,500.0,0.0,0.0,0.0,500.0,500.0,500.0,0.0,0.0,0.0
2023-03-31,CASH,500.0,0.0,0.0,0.0,500.0,500.0,500.0,0.0,0.0,0.0
2023-04-01,CASH,500.0,0.0,0.0,0.0,500.0,500.0,500.0,0.0,0.0,0.0
2023-04-02,CASH,500.0,0.0,0.0,0.0,500.0,500.0,500.0,0.0,0.0,0.0
2023-04-03,CASH,500.0,0.0,0.0,0.0,500.0,500.0,500.0,0.0,0.0,0.0
2023-04-04,CASH,500.0,0.0,0.0,0.0,500.0,500.0,500.0,0.0,0.0,0.0
2023-04-05,CASH,500.0,0.0,0.0,0.0,500.0,500.0,500.0,0.0,0.0,0.0
2023-04-06,CASH,500.0,0.0,0.0,0.0,500.0,500.0,500.0,0.0,0.0,0.0
2023-04-07,CASH,500.0,0.0,0.0,0.0,500.0,500.0,500.0,0.0,0.0,0.0
2023-04-08,CASH,500.0,0.0,0.0,0.0,500.0,500.0,500.0,0.0,0.0,0.0
2023-04-09,CASH,500.0,0.0,0.0,0.0,500.0,500.0,500.0,0.0,0.0,0.0
2023-04-10,CASH,500.0,0.0,0.0,0.0,500.0,500.0,500.0,0.0,0.0,0.0
2023-04-11,CASH,500.0,0.0,0.0,0.0,500.0,500.0,500.0,0.0,0.0,0.0
2023-04-12,CASH,500.0,0.0,0.0,0.0,500.0,500.0,500.0,0.0,0.0,0.0
2023-04-13,CASH,500.0,0.0,0.0,0.0,500.0,500.0,500.0,0.0,0.0,0.0
2023-04-14,CASH,500.0,0.0,0.0,0.0,500.0,500.0,500.0,0.0,0.0,0.0
2023-04-15,CASH,500.0,0.0,0.0,0.0,500.0,500.0,500.0,0.0,0.0,0.0
2023-04-16,CASH,500.0,0.0,0.0,0.0,500.0,500.0,500.0,0.0,0.0,0.0
2023-04-17,CASH,500.0,0.0,0.0,0.0,500.0,500.0,500.0,0.0,0.0,0.0
2023-04-18,CASH,500.0,0.0,0.0,0.0,500.0,500.0,500.0,0.0,0.0,0.0
2023-04-19,CASH,500.0,0.0,0.0,0.0,500.0,500.0,500.0,0.0,0.0,0.0
2023-04-20,CASH,500.0,0.0,0.0,0.0,500.0,500.0,500.0,0.0,0.0,0.0
2023-04-21,CASH,500.0,0.0,0.0,0.0,500.0,500.0,500.0,0.0,0.0,0.0
2023-04-22,CASH,500.0,0.0,0.0,0.0,500.0,500.0,500.0,0.0,0.0,0.0
2023-04-23,CASH,500.0,0.0,0.0,0.0,500.0,500.0,500.0,0.0,0.0,0.0
2023-04-24,CASH,500.0,0.0,0.0,0.0,500.0,500.0,500.0,0.0,0.0,0.0
2023-04-25,CASH,500.0,0.0,0.0,0.0,500.0,500.0,500.0,0.0,0.0,0.0
2023-04-26,CASH,500.0,0.0,0.0,0.0,500.0,500.0,500.0,0.0,0.0,0.0
2023-04-27,CASH,500.0,0.0,0.0,0.0,500.0,500.0,500.0,0.0,0.0,0.0
2023-04-28,CASH,500.0,0.0,0.0,0.0,500.0,500.0,500.0,0.0,0.0,0.0
2023-04-29,CASH,500.0,0.0,0.0,0.0,500.0,500.0,500.0,0.0,0.0,0.0
2023-04-30,CASH,500.0,0.0,0.0,0.0,500.0,500.0,500.0,0.0,0.0,0.0
2023-05-01,CASH,500.0,0.0,0.0,0.0,500.0,500.0,500.0,0.0,0.0,0.0
2023-05-02,CASH,500.0,0.0,0.0,0.0,500.0,500.0,500.0,0.0,0.0,0.0
2023-05-03,CASH,500.0,0.0,0.0,0.0,500.0,500.0,500.0,0.0,0.0,0.0
2023-05-04,CASH,500.0,0.0,0.0,0.0,500.0,500.0,500.0,0.0,0.0,0.0
2023-05-05,CASH,500.0,0.0,0.0,0.0,500.0,500.0,500.0,0.0,0.0,0.0
2023-05-06,CASH,500.0,0.0,0.0,0.0,500.0,500.0,500.0,0.0,0.0,0.0
2023-05-07,CASH,500.0,0.0,0.0,0.0,500.0,500.0,500.0,0.0,0.0,0.0
2023-05-08,CASH,500.0,0.0,0.0,0.0,500.0,500.0,500.0,0.0,0.0,0.0
2023-05-09,CASH,500.0,0.0,0.0,0.0,500.0,500.0,500.0,0.0,0.0,0.0
2023-05-10,CASH,500.0,0.0,0.0,0.0,500.0,500.0,500.0,0.0,0.0,0.0
2023-05-11,CASH,500.0,0.0,0.0,0.0,500.0,500.0,500.0,0.0,0.0,0.0
2023-05-12,CASH,500.0,0.0,0.0,0.0,500.0,500.0,500.0,0.0,0.0,0.0
2023-05-13,CASH,500.0,0.0,0.0,0.0,500.0,500.0,500.0,0.0,0.0,0.0
2023-05-14,CASH,500.0,0.0,0.0,0.0,500.0,500.0,500.0,0.0,0.0,0.0
2023-05-15,CASH,500.0,0.0,0.0,0.0,500.0,500.0,500.0,0.0,0.0,0.0
2023-05-16,CASH,500.0,0.0,0.0,0.0,500.0,500.0,500.0,0.0,0.0,0.0
2023-05-17,CASH,500.0,0.0,0.0,0.0,500.0,500.0,500.0,0.0,0.0,0.0
2023-05-18,CASH,500.0,0.0,0.0,0.0,500.0,500.0,500.0,0.0,0.0,0.0
2023-05-19,CASH,500.0,0.0,0.0,0.0,500.0,500.0,500.0,0.0,0.0,0.0
2023-05-20,CASH,500.0,0.0,0.0,0.0,500.0,500.0,500.0,0.0,0.0,0.0
2023-05-21,CASH,500.0,0.0,0.0,0.0,500.0,500.0,500.0,0.0,0.0,0.0
2023-05-22,CASH,500.0,0.0,0.0,0.0,500.0,500.0,500.0,0.0,0.0,0.0
2023-05-23,CASH,500.0,0.0,0.0,0.0,500.0,500.0,500.0,0.0,0.0,0.0
2023-05-24,CASH,500.0,0.0,0.0,0.0,500.0,500.0,500.0,0.0,0.0,0.0
2023-05-25,CASH,500.0,0.0,0.0,0.0,500.0,500.0,500.0,0.0,0.0,0.0
2023-05-26,CASH,500.0,0.0,0.0,0.0,500.0,500.0,500.0,0.0,0.0,0.0
2023-05-27,CASH,500.0,0.0,0.0,0.0,500.0,500.0,500.0,0.0,0.0,0.0
2023-05-28,CASH,500.0,0.0,0.0,0.0,500.0,500.0,500.0,0.0,0.0,0.0
2023-05-29,CASH,500.0,0.0,0.0,0.0,500.0,500.0,500.0,0.0,0.0,0.0
2023-05-30,CASH,500.0,0.0,0.0,0.0,500.0,500.0,500.0,0.0,0.0,0.0
2023-05-31,CASH,500.0,0.0,0.0,0.0,500.0,500.0,500.0,0.0,0.0,0.0
2023-06-01,CASH,500.0,0.0,0.0,0.0,500.0,500.0,500.0,0.0,0.0,0.0
2023-06-02,CASH,500.0,0.0,0.0,0.0,500.0,500.0,500.0,0.0,0.0,0.0
2023-06-03,CASH,500.0,0.0,0.0,0.0,500.0,500.0,500.0,0.0,0.0,0.0
2023-06-04,CASH,500.0,0.0,0.0,0.0,500.0,500.0,500.0,0.0,0.0,0.0
2023-06-05,CASH,500.0,0.0,0.0,0.0,500.0,500.0,500.0,0.0,0.0,0.0
2023-06-06,CASH,500.0,0.0,0.0,0.0,500.0,500.0,500.0,0.0,0.0,0.0
2023-06-07,CASH,500.0,0.0,0.0,0.0,500.0,500.0,500.0,0.0,0.0,0.0
2023-06-08,CASH,500.0,0.0,0.0,0.0,500.0,500.0,500.0,0.0,0.0,0.0
2023-06-09,CASH,500.0,0.0,0.0,0.0,500.0,500.0,500.0,0.0,0.0,0.0
2023-06-10,CASH,500.0,0.0,0.0,0.0,500.0,500.0,500.0,0.0,0.0,0.0
2023-06-11,CASH,500.0,0.0,0.0,0.0,500.0,500.0,500.0,0.0,0.0,0.0
2023-06-12,CASH,500.0,0.0,0.0,0.0,500.0,500.0,500.0,0.0,0.0,0.0
2023-06-13,CASH,500.0,0.0,0.0,0.0,500.0,500.0,500.0,0.0,0.0,0.0
2023-06-14,CASH,500.0,0.0,0.0,0.0,500.0,500.0,500.0,0.0,0.0,0.0
2023-06-15,CASH,500.0,0.0,0.0,0.0,500.0,500.0,500.0,0.0,0.0,0.0
2023-06-16,CASH,500.0,0.0,0.0,0.0,500.0,500.0,500.0,0.0,0.0,0.0
2023-06-17,CASH,500.0,0.0,0.0,0.0,500.0,500.0,500.0,0.0,0.0,0.0
2023-06-18,CASH,500.0,0.0,0.0,0.0,500.0,500.0,500.0,0.0,0.0,0.0
2023-06-19,CASH,500.0,0.0,0.0,0.0,500.0,500.0,500.0,0.0,0.0,0.0
2023-06-20,CASH,500.0,0.0,0.0,0.0,500.0,500.0,500.0,0.0,0.0,0.0
2023-06-21,CASH,500.0,0.0,0.0,0.0,500.0,500.0,500.0,0.0,0.0,0.0
2023-06-22,CASH,500.0,0.0,0.0,0.0,500.0,500.0,500.0,0.0,0.0,0.0
2023-06-23,CASH,500.0,0.0,0.0,0.0,500.0,500.0,500.0,0.0,0.0,0.0
2023-06-24,CASH,500.0,0.0,0.0,0.0,500.0,500.0,500.0,0.0,0.0,0.0
2023-06-25,CASH,500.0,0.0,0.0,0.0,500.0,500.0,500.0,0.0,0.0,0.0
2023-06-26,CASH,500.0,0.0,0.0,0.0,500.0,500.0,500.0,0.0,0.0,0.0
2023-06-27,CASH,500.0,0.0,0.0,0.0,500.0,500.0,500.0,0.0,0.0,0.0
2023-06-28,CASH,500.0,0.0,0.0,0.0,500.0,500.0,500.0,0.0,0.0,0.0
2023-06-29,CASH,500.0,0.0,0.0,0.0,500.0,500.0,500.0,0.0,0.0,0.0
2023-06-30,CASH,500.0,0.0,0.0,0.0,500.0,500.0,500.0,0.0,0.0,0.0
2023-07-01,CASH,500.0,0.0,0.0,0.0,500.0,500.0,500.0,0.0,0.0,0.0
2023-07-02,CASH,500.0,0.0,0.0,0.0,500.0,500.0,500.0,0.0,0.0,0.0
2023-07-03,CASH,500.0,0.0,0.0,0.0,500.0,500.0,500.0,0.0,0.0,0.0
2023-07-04,CASH,500.0,0.0,0.0,0.0,500.0,500.0,500.0,0.0,0.0,0.0
2023-07-05,CASH,500.0,0.0,0.0,0.0,500.0,500.0,500.0,0.0,0.0,0.0
2023-07-06,CASH,500.0,0.0,0.0,0.0,500.0,500.0,500.0,0.0,0.0,0.0
2023-07-07,CASH,500.0,0.0,0.0,0.0,500.0,500.0,500.0,0.0,0.0,0.0
2023-07-08,CASH,500.0,0.0,0.0,0.0,500.0,500.0,500.0,0.0,0.0,0.0
2023-07-09,CASH,500.0,0.0,0.0,0.0,500.0,500.0,500.0,0.0,0.0,0.0
2023-07-10,CASH,500.0,0.0,0.0,0.0,500.0,500.0,500.0,0.0,0.0,0.0
2023-07-11,CASH,500.0,0.0,0.0,0.0,500.0,500.0,500.0,0.0,0.0,0.0
2023-07-12,CASH,500.0,0.0,0.0,0.0,500.0,500.0,500.0,0.0,0.0,0.0
2023-07-13,CASH,500.0,0.0,0.0,0.0,500.0,500.0,500.0,0.0,0.0,0.0
2023-07-14,CASH,500.0,0.0,0.0,0.0,500.0,500.0,500.0,0.0,0.0,0.0
2023-07-15,CASH,500.0,0.0,0.0,0.0,500.0,500.0,500.0,0.0,0.0,0.0
2023-07-16,CASH,500.0,0.0,0.0,0.0,500.0,500.0,500.0,0.0,0.0,0.0
2023-07-17,CASH,500.0,0.0,0.0,0.0,500.0,500.0,500.0,0.0,0.0,0.0
2023-07-18,CASH,500.0,0.0,0.0,0.0,500.0,500.0,500.0,0.0,0.0,0.0
2023-07-19,CASH,500.0,0.0,0.0,0.0,500.0,500.0,500.0,0.0,0.0,0.0
2023-07-20,CASH,500.0,0.0,0.0,0.0,500.0,500.0,500.0,0.0,0.0,0.0
2023-07-21,CASH,500.0,0.0,0.0,0.0,500.0,500.0,500.0,0.0,0.0,0.0
2023-07-22,CASH,500.0,0.0,0.0,0.0,500.0,500.0,500.0,0.0,0.0,0.0
2023-07-23,CASH,500.0,0.0,0.0,0.0,500.0,500.0,500.0,0.0,0.0,0.0
2023-07-24,CASH,500.0,0.0,0.0,0.0,500.0,500.0,500.0,0.0,0.0,0.0
2023-07-25,CASH,500.0,0.0,0.0,0.0,500.0,500.0,500.0,0.0,0.0,0.0
2023-07-26,CASH,500.0,0.0,0.0,0.0,500.0,500.0,500.0,0.0,0.0,0.0
2023-07-27,CASH,500.0,0.0,0.0,0.0,500.0,500.0,500.0,0.0,0.0,0.0
2023-07-28,CASH,500.0,0.0,0.0,0.0,500.0,500.0,500.0,0.0,0.0,0.0
2023-07-29,CASH,500.0,0.0,0.0,0.0,500.0,500.0,500.0,0.0,0.0,0.0
2023-07-30,CASH,500.0,0.0,0.0,0.0,500.0,500.0,500.0,0.0,0.0,0.0
2023-07-31,CASH,500.0,0.0,0.0,0.0,500.0,500.0,500.0,0.0,0.0,0.0
2023-08-01,CASH,500.0,0.0,0.0,0.0,500.0,500.0,500.0,0.0,0.0,0.0
2023-08-02,CASH,500.0,0.0,0.0,0.0,500.0,500.0,500.0,0.0,0.0,0.0
2023-08-03,CASH,500.0,0.0,0.0,0.0,500.0,500.0,500.0,0.0,0.0,0.0
2023-08-04,CASH,500.0,0.0,0.0,0.0,500.0,500.0,500.0,0.0,0.0,0.0
2023-08-05,CASH,500.0,0.0,0.0,0.0,500.0,500.0,500.0,0.0,0.0,0.0
2023-08-06,CASH,500.0,0.0,0.0,0.0,500.0,500.0,500.0,0.0,0.0,0.0
2023-08-07,CASH,500.0,0.0,0.0,0.0,500.0,500.0,500.0,0.0,0.0,0.0
2023-08-08,CASH,500.0,0.0,0.0,0.0,500.0,500.0,500.0,0.0,0.0,0.0
2023-08-09,CASH,500.0,0.0,0.0,0.0,500.0,500.0,500.0,0.0,0.0,0.0
2023-08-10,CASH,500.0,0.0,0.0,0.0,500.0,500.0,500.0,0.0,0.0,0.0
2023-08-11,CASH,500.0,0.0,0.0,0.0,500.0,500.0,500.0,0.0,0.0,0.0
2023-08-12,CASH,500.0,0.0,0.0,0.0,500.0,500.0,500.0,0.0,0.0,0.0
2023-08-13,CASH,500.0,0.0,0.0,0.0,500.0,500.0,500.0,0.0,0.0,0.0
2023-08-14,CASH,500.0,0.0,0.0,0.0,500.0,500.0,500.0,0.0,0.0,0.0
2023-08-15,CASH,500.0,0.0,0.0,0.0,500.0,500.0,500.0,0.0,0.0,0.0
2023-08-16,CASH,500.0,0.0,0.0,0.0,500.0,500.0,500.0,0.0,0.0,0.0
2023-08-17,CASH,500.0,0.0,0.0,0.0,500.0,500.0,500.0,0.0,0.0,0.0
2023-08-18,CASH,500.0,0.0,0.0,0.0,500.0,500.0,500.0,0.0,0.0,0.0
2023-08-19,CASH,500.0,0.0,0.0,0.0,500.0,500.0,500.0,0.0,0.0,0.0
2023-08-20,CASH,500.0,0.0,0.0,0.0,500.0,500.0,500.0,0.0,0.0,0.0
2023-08-21,CASH,500.0,0.0,0.0,0.0,500.0,500.0,500.0,0.0,0.0,0.0
2023-08-22,CASH,500.0,0.0,0.0,0.0,500.0,500.0,500.0,0.0,0.0,0.0
2023-08-23,CASH,500.0,0.0,0.0,0.0,500.0,500.0,500.0,0.0,0.0,0.0
2023-08-24,CASH,500.0,0.0,0.0,0.0,500.0,500.0,500.0,0.0,0.0,0.0
2023-08-25,CASH,500.0,0.0,0.0,0.0,500.0,500.0,500.0,0.0,0.0,0.0
2023-08-26,CASH,500.0,0.0,0.0,0.0,500.0,500.0,500.0,0.0,0.0,0.0
2023-08-27,CASH,500.0,0.0,0.0,0.0,500.0,500.0,500.0,0.0,0.0,0.0
2023-08-28,CASH,500.0,0.0,0.0,0.0,500.0,500.0,500.0,0.0,0.0,0.0
2023-08-29,CASH,500.0,0.0,0.0,0.0,500.0,500.0,500.0,0.0,0.0,0.0
2023-08-30,CASH,500.0,0.0,0.0,0.0,500.0,500.0,500.0,0.0,0.0,0.0
2023-08-31,CASH,500.0,0.0,0.0,0.0,500.0,500.0,500.0,0.0,0.0,0.0
2023-09-01,CASH,500.0,0.0,0.0,0.0,500.0,500.0,500.0,0.0,0.0,0.0
2023-09-02,CASH,500.0,0.0,0.0,0.0,500.0,500.0,500.0,0.0,0.0,0.0
2023-09-03,CASH,500.0,0.0,0.0,0.0,500.0,500.0,500.0,0.0,0.0,0.0
2023-09-04,CASH,500.0,0.0,0.0,0.0,500.0,500.0,500.0,0.0,0.0,0.0
2023-09-05,CASH,500.0,0.0,0.0,0.0,500.0,500.0,500.0,0.0,0.0,0.0
2023-09-06,CASH,500.0,0.0,0.0,0.0,500.0,500.0,500.0,0.0,0.0,0.0
2023-09-07,CASH,500.0,0.0,0.0,0.0,500.0,500.0,500.0,0.0,0.0,0.0
2023-09-08,CASH,500.0,0.0,0.0,0.0,500.0,500.0,500.0,0.0,0.0,0.0
2023-09-09,CASH,500.0,0.0,0.0,0.0,500.0,500.0,500.0,0.0,0.0,0.0
2023-09-10,CASH,500.0,0.0,0.0,0.0,500.0,500.0,500.0,0.0,0.0,0.0
2023-09-11,CASH,500.0,0.0,0.0,0.0,500.0,500.0,500.0,0.0,0.0,0.0
2023-09-12,CASH,500.0,0.0,0.0,0.0,500.0,500.0,500.0,0.0,0.0,0.0
2023-09-13,CASH,500.0,0.0,0.0,0.0,500.0,500.0,500.0,0.0,0.0,0.0
2023-09-14,CASH,500.0,0.0,0.0,0.0,500.0,500.0,500.0,0.0,0.0,0.0
2023-09-15,CASH,500.0,0.0,0.0,0.0,500.0,500.0,500.0,0.0,0.0,0.0
2023-09-16,CASH,500.0,0.0,0.0,0.0,500.0,500.0,500.0,0.0,0.0,0.0
2023-09-17,CASH,500.0,0.0,0.0,0.0,500.0,500.0,500.0,0.0,0.0,0.0
2023-09-18,CASH,500.0,0.0,0.0,0.0,500.0,500.0,500.0,0.0,0.0,0.0
2023-09-19,CASH,500.0,0.0,0.0,0.0,500.0,500.0,500.0,0.0,0.0,0.0
2023-09-20,CASH,500.0,0.0,0.0,0.0,500.0,500.0,500.0,0.0,0.0,0.0
2023-09-21,CASH,500.0,0.0,0.0,0.0,500.0,500.0,500.0,0.0,0.0,0.0
2023-09-22,CASH,500.0,0.0,0.0,0.0,500.0,500.0,500.0,0.0,0.0,0.0
2023-09-23,CASH,500.0,0.0,0.0,0.0,500.0,500.0,500.0,0.0,0.0,0.0
2023-09-24,CASH,500.0,0.0,0.0,0.0,500.0,500.0,500.0,0.0,0.0,0.0
2023-09-25,CASH,500.0,0.0,0.0,0.0,500.0,500.0,500.0,0.0,0.0,0.0
2023-09-26,CASH,500.0,0.0,0.0,0.0,500.0,500.0,500.0,0.0,0.0,0.0
2023-09-27,CASH,500.0,0.0,0.0,0.0,500.0,500.0,500.0,0.0,0.0,0.0
2023-09-28,CASH,500.0,0.0,0.0,0.0,500.0,500.0,500.0,0.0,0.0,0.0
2023-09-29,CASH,500.0,0.0,0.0,0.0,500.0,500.0,500.0,0.0,0.0,0.0
2023-09-30,CASH,500.0,0.0,0.0,0.0,500.0,500.0,500.0,0.0,0.0,0.0
2023-10-01,CASH,500.0,0.0,0.0,0.0,500.0,500.0,500.0,0.0,0.0,0.0
2023-10-02,CASH,500.0,0.0,0.0,0.0,500.0,500.0,500.0,0.0,0.0,0.0
2023-10-03,CASH,500.0,0.0,0.0,0.0,500.0,500.0,500.0,0.0,0.0,0.0
2023-10-04,CASH,500.0,0.0,0.0,0.0,500.0,500.0,500.0,0.0,0.0,0.0
2023-10-05,CASH,500.0,0.0,0.0,0.0,500.0,500.0,500.0,0.0,0.0,0.0
2023-10-06,CASH,500.0,0.0,0.0,0.0,500.0,500.0,500.0,0.0,0.0,0.0
2023-10-07,CASH,500.0,0.0,0.0,0.0,500.0,500.0,500.0,0.0,0.0,0.0
2023-10-08,CASH,500.0,0.0,0.0,0.0,500.0,500.0,500.0,0.0,0.0,0.0
2023-10-09,CASH,500.0,0.0,0.0,0.0,500.0,500.0,500.0,0.0,0.0,0.0
2023-10-10,CASH,500.0,0.0,0.0,0.0,500.0,500.0,500.0,0.0,0.0,0.0
2023-10-11,CASH,500.0,0.0,0.0,0.0,500.0,500.0,500.0,0.0,0.0,0.0
2023-10-12,CASH,500.0,0.0,0.0,0.0,500.0,500.0,500.0,0.0,0.0,0.0
2023-10-13,CASH,500.0,0.0,0.0,0.0,500.0,500.0,500.0,0.0,0.0,0.0
2023-10-14,CASH,500.0,0.0,0.0,0.0,500.0,500.0,500.0,0.0,0.0,0.0
2023-10-15,CASH,500.0,0.0,0.0,0.0,500.0,500.0,500.0,0.0,0.0,0.0
2023-10-16,CASH,500.0,0.0,0.0,0.0,500.0,500.0,500.0,0.0,0.0,0.0
2023-10-17,CASH,500.0,0.0,0.0,0.0,500.0,500.0,500.0,0.0,0.0,0.0
2023-10-18,CASH,500.0,0.0,0.0,0.0,500.0,500.0,500.0,0.0,0.0,0.0
2023-10-19,CASH,500.0,0.0,0.0,0.0,500.0,500.0,500.0,0.0,0.0,0.0
2023-10-20,CASH,500.0,0.0,0.0,0.0,500.0,500.0,500.0,0.0,0.0,0.0
2023-10-21,CASH,500.0,0.0,0.0,0.0,500.0,500.0,500.0,0.0,0.0,0.0
2023-10-22,CASH,500.0,0.0,0.0,0.0,500.0,500.0,500.0,0.0,0.0,0.0
2023-10-23,CASH,500.0,0.0,0.0,0.0,500.0,500.0,500.0,0.0,0.0,0.0
2023-10-24,CASH,500.0,0.0,0.0,0.0,500.0,500.0,500.0,0.0,0.0,0.0
2023-10-25,CASH,500.0,0.0,0.0,0.0,500.0,500.0,500.0,0.0,0.0,0.0
2023-10-26,CASH,500.0,0.0,0.0,0.0,500.0,500.0,500.0,0.0,0.0,0.0
2023-10-27,CASH,500.0,0.0,0.0,0.0,500.0,500.0,500.0,0.0,0.0,0.0
2023-10-28,CASH,500.0,0.0,0.0,0.0,500.0,500.0,500.0,0.0,0.0,0.0
2023-10-29,CASH,500.0,0.0,0.0,0.0,500.0,500.0,500.0,0.0,0.0,0.0
2023-10-30,CASH,500.0,0.0,0.0,0.0,500.0,500.0,500.0,0.0,0.0,0.0
2023-10-31,CASH,500.0,0.0,0.0,0.0,500.0,500.0,500.0,0.0,0.0,0.0
2023-11-01,CASH,500.0,0.0,0.0,0.0,500.0,500.0,500.0,0.0,0.0,0.0
2023-11-02,CASH,500.0,0.0,0.0,0.0,500.0,500.0,500.0,0.0,0.0,0.0
2023-11-03,CASH,500.0,0.0,0.0,0.0,500.0,500.0,500.0,0.0,0.0,0.0
2023-11-04,CASH,500.0,0.0,0.0,0.0,500.0,500.0,500.0,0.0,0.0,0.0
2023-11-05,CASH,500.0,0.0,0.0,0.0,500.0,500.0,500.0,0.0,0.0,0.0
2023-11-06,CASH,500.0,0.0,0.0,0.0,500.0,500.0,500.0,0.0,0.0,0.0
2023-11-07,CASH,500.0,0.0,0.0,0.0,500.0,500.0,500.0,0.0,0.0,0.0
2023-11-08,CASH,500.0,0.0,0.0,0.0,500.0,500.0,500.0,0.0,0.0,0.0
2023-11-09,CASH,500.0,0.0,0.0,0.0,500.0,500.0,500.0,0.0,0.0,0.0
2023-11-10,CASH,500.0,0.0,0.0,0.0,500.0,500.0,500.0,0.0,0.0,0.0
2023-11-11,CASH,500.0,0.0,0.0,0.0,500.0,500.0,500.0,0.0,0.0,0.0
2023-11-12,CASH,500.0,0.0,0.0,0.0,500.0,500.0,500.0,0.0,0.0,0.0
2023-11-13,CASH,500.0,0.0,0.0,0.0,500.0,500.0,500.0,0.0,0.0,0.0
2023-11-14,CASH,500.0,0.0,0.0,0.0,500.0,500.0,500.0,0.0,0.0,0.0
2023-11-15,CASH,500.0,0.0,0.0,0.0,500.0,500.0,500.0,0.0,0.0,0.0
2023-11-16,CASH,500.0,0.0,0.0,0.0,500.0,500.0,500.0,0.0,0.0,0.0
2023-11-17,CASH,500.0,0.0,0.0,0.0,500.0,500.0,500.0,0.0,0.0,0.0
2023-11-18,CASH,500.0,0.0,0.0,0.0,500.0,500.0,500.0,0.0,0.0,0.0
2023-11-19,CASH,500.0,0.0,0.0,0.0,500.0,500.0,500.0,0.0,0.0,0.0
2023-11-20,CASH,500.0,0.0,0.0,0.0,500.0,500.0,500.0,0.0,0.0,0.0
2023-11-21,CASH,500.0,0.0,0.0,0.0,500.0,500.0,500.0,0.0,0.0,0.0
2023-11-22,CASH,500.0,0.0,0.0,0.0,500.0,500.0,500.0,0.0,0.0,0.0
2023-11-23,CASH,500.0,0.0,0.0,0.0,500.0,500.0,500.0,0.0,0.0,0.0
2023-11-24,CASH,500.0,0.0,0.0,0.0,500.0,500.0,500.0,0.0,0.0,0.0
2023-11-25,CASH,500.0,0.0,0.0,0.0,500.0,500.0,500.0,0.0,0.0,0.0
2023-11-26,CASH,500.0,0.0,0.0,0.0,500.0,500.0,500.0,0.0,0.0,0.0
2023-11-27,CASH,500.0,0.0,0.0,0.0,500.0,500.0,500.0,0.0,0.0,0.0
2023-11-28,CASH,500.0,0.0,0.0,0.0,500.0,500.0,500.0,0.0,0.0,0.0
2023-11-29,CASH,500.0,0.0,0.0,0.0,500.0,500.0,500.0,0.0,0.0,0.0
2023-11-30,CASH,500.0,0.0,0.0,0.0,500.0,500.0,500.0,0.0,0.0,0.0
2023-12-01,CASH,500.0,0.0,0.0,0.0,500.0,500.0,500.0,0.0,0.0,0.0
2023-12-02,CASH,500.0,0.0,0.0,0.0,500.0,500.0,500.0,0.0,0.0,0.0
2023-12-03,CASH,500.0,0.0,0.0,0.0,500.0,500.0,500.0,0.0,0.0,0.0
2023-12-04,CASH,500.0,0.0,0.0,0.0,500.0,500.0,500.0,0.0,0.0,0.0
2023-12-05,CASH,500.0,0.0,0.0,0.0,500.0,500.0,500.0,0.0,0.0,0.0
2023-12-06,CASH,500.0,0.0,0.0,0.0,500.0,500.0,500.0,0.0,0.0,0.0
2023-12-07,CASH,500.0,0.0,0.0,0.0,500.0,500.0,500.0,0.0,0.0,0.0
2023-12-08,CASH,500.0,0.0,0.0,0.0,500.0,500.0,500.0,0.0,0.0,0.0
2023-12-09,CASH,500.0,0.0,0.0,0.0,500.0,500.0,500.0,0.0,0.0,0.0
2023-12-10,CASH,500.0,0.0,0.0,0.0,500.0,500.0,500.0,0.0,0.0,0.0
2023-12-11,CASH,500.0,0.0,0.0,0.0,500.0,500.0,500.0,0.0,0.0,0.0
2023-12-12,CASH,500.0,0.0,0.0,0.0,500.0,500.0,500.0,0.0,0.0,0.0
2023-12-13,CASH,500.0,0.0,0.0,0.0,500.0,500.0,500.0,0.0,0.0,0.0
2023-12-14,CASH,500.0,0.0,0.0,0.0,500.0,500.0,500.0,0.0,0.0,0.0
2023-12-15,CASH,500.0,0.0,0.0,0.0,500.0,500.0,500.0,0.0,0.0,0.0
2023-12-16,CASH,500.0,0.0,0.0,0.0,500.0,500.0,500.0,0.0,0.0,0.0
2023-12-17,CASH,500.0,0.0,0.0,0.0,500.0,500.0,500.0,0.0,0.0,0.0
2023-12-18,CASH,500.0,0.0,0.0,0.0,500.0,500.0,500.0,0.0,0.0,0.0
2023-12-19,CASH,500.0,0.0,0.0,0.0,500.0,500.0,500.0,0.0,0.0,0.0
2023-12-20,CASH,500.0,0.0,0.0,0.0,500.0,500.0,500.0,0.0,0.0,0.0
2023-12-21,CASH,500.0,0.0,0.0,0.0,500.0,500.0,500.0,0.0,0.0,0.0
2023-12-22,CASH,500.0,0.0,0.0,0.0,500.0,500.0,500.0,0.0,0.0,0.0
2023-12-23,CASH,500.0,0.0,0.0,0.0,500.0,500.0,500.0,0.0,0.0,0.0
2023-12-24,CASH,500.0,0.0,0.0,0.0,500.0,500.0,500.0,0.0,0.0,0.0
2023-12-25,CASH,500.0,0.0,0.0,0.0,500.0,500.0,500.0,0.0,0.0,0.0
2023-12-26,CASH,500.0,0.0,0.0,0.0,500.0,500.0,500.0,0.0,0.0,0.0
2023-12-27,CASH,500.0,0.0,0.0,0.0,500.0,500.0,500.0,0.0,0.0,0.0
2023-12-28,CASH,500.0,0.0,0.0,0.0,500.0,500.0,500.0,0.0,0.0,0.0
2023-12-29,CASH,500.0,0.0,0.0,0.0,500.0,500.0,500.0,0.0,0.0,0.0
2023-12-30,CASH,500.0,0.0,0.0,0.0,500.0,500.0,500.0,0.0,0.0,0.0
2023-12-31,CASH,500.0,0.0,0.0,0.0,500.0,500.0,500.0,0.0,0.0,0.0
2024-01-01,CASH,500.0,0.0,0.0,0.0,500.0,500.0,500.0,0.0,0.0,0.0
2024-01-02,CASH,500.0,0.0,0.0,0.0,500.0,500.0,500.0,0.0,0.0,0.0
2024-01-03,CASH,500.0,0.0,0.0,0.0,500.0,500.0,500.0,0.0,0.0,0.0
2024-01-04,CASH,500.0,0.0,0.0,0.0,500.0,500.0,500.0,0.0,0.0,0.0
2024-01-05,CASH,500.0,0.0,0.0,0.0,500.0,500.0,500.0,0.0,0.0,0.0
2024-01-06,CASH,500.0,0.0,0.0,0.0,500.0,500.0,500.0,0.0,0.0,0.0
2024-01-07,CASH,500.0,0.0,0.0,0.0,500.0,500.0,500.0,0.0,0.0,0.0
2024-01-08,CASH,500.0,0.0,0.0,0.0,500.0,500.0,500.0,0.0,0.0,0.0
2024-01-09,CASH,500.0,0.0,0.0,0.0,500.0,500.0,500.0,0.0,0.0,0.0
2024-01-10,CASH,500.0,0.0,0.0,0.0,500.0,500.0,500.0,0.0,0.0,0.0
2024-01-11,CASH,500.0,0.0,0.0,0.0,500.0,500.0,500.0,0.0,0.0,0.0
2024-01-12,CASH,500.0,0.0,0.0,0.0,500.0,500.0,500.0,0.0,0.0,0.0
2024-01-13,CASH,500.0,0.0,0.0,0.0,500.0,500.0,500.0,0.0,0.0,0.0
2024-01-14,CASH,500.0,0.0,0.0,0.0,500.0,500.0,500.0,0.0,0.0,0.0
2024-01-15,CASH,500.0,0.0,0.0,0.0,500.0,500.0,500.0,0.0,0.0,0.0
2024-01-16,CASH,500.0,0.0,0.0,0.0,500.0,500.0,500.0,0.0,0.0,0.0
2024-01-17,CASH,500.0,0.0,0.0,0.0,500.0,500.0,500.0,0.0,0.0,0.0
2024-01-18,CASH,500.0,0.0,0.0,0.0,500.0,500.0,500.0,0.0,0.0,0.0
2024-01-19,CASH,500.0,0.0,0.0,0.0,500.0,500.0,500.0,0.0,0.0,0.0
2024-01-20,CASH,500.0,0.0,0.0,0.0,500.0,500.0,500.0,0.0,0.0,0.0
2024-01-21,CASH,500.0,0.0,0.0,0.0,500.0,500.0,500.0,0.0,0.0,0.0
2024-01-22,CASH,500.0,0.0,0.0,0.0,500.0,500.0,500.0,0.0,0.0,0.0
2024-01-23,CASH,500.0,0.0,0.0,0.0,500.0,500.0,500.0,0.0,0.0,0.0
2024-01-24,CASH,500.0,0.0,0.0,0.0,500.0,500.0,500.0,0.0,0.0,0.0
2024-01-25,CASH,500.0,0.0,0.0,0.0,500.0,500.0,500.0,0.0,0.0,0.0
2024-01-26,CASH,500.0,0.0,0.0,0.0,500.0,500.0,500.0,0.0,0.0,0.0
2024-01-27,CASH,500.0,0.0,0.0,0.0,500.0,500.0,500.0,0.0,0.0,0.0
2024-01-28,CASH,500.0,0.0,0.0,0.0,500.0,500.0,500.0,0.0,0.0,0.0
2024-01-29,CASH,500.0,0.0,0.0,0.0,500.0,500.0,500.0,0.0,0.0,0.0
2024-01-30,CASH,500.0,0.0,0.0,0.0,500.0,500.0,500.0,0.0,0.0,0.0
2024-01-31,CASH,500.0,0.0,0.0,0.0,500.0,500.0,500.0,0.0,0.0,0.0
2024-02-01,CASH,500.0,0.0,0.0,0.0,500.0,500.0,500.0,0.0,0.0,0.0
2024-02-02,CASH,500.0,0.0,0.0,0.0,500.0,500.0,500.0,0.0,0.0,0.0
2024-02-03,CASH,500.0,0.0,0.0,0.0,500.0,500.0,500.0,0.0,0.0,0.0
2024-02-04,CASH,500.0,0.0,0.0,0.0,500.0,500.0,500.0,0.0,0.0,0.0
2024-02-05,CASH,500.0,0.0,0.0,0.0,500.0,500.0,500.0,0.0,0.0,0.0
2024-02-06,CASH,500.0,0.0,0.0,0.0,500.0,500.0,500.0,0.0,0.0,0.0
2024-02-07,CASH,500.0,0.0,0.0,0.0,500.0,500.0,500.0,0.0,0.0,0.0
2024-02-08,CASH,500.0,0.0,0.0,0.0,500.0,500.0,500.0,0.0,0.0,0.0
2024-02-09,CASH,500.0,0.0,0.0,0.0,500.0,500.0,500.0,0.0,0.0,0.0
2024-02-10,CASH,500.0,0.0,0.0,0.0,500.0,500.0,500.0,0.0,0.0,0.0
2024-02-11,CASH,500.0,0.0,0.0,0.0,500.0,500.0,500.0,0.0,0.0,0.0
2024-02-12,CASH,500.0,0.0,0.0,0.0,500.0,500.0,500.0,0.0,0.0,0.0
2024-02-13,CASH,500.0,0.0,0.0,0.0,500.0,500.0,500.0,0.0,0.0,0.0
2024-02-14,CASH,500.0,0.0,0.0,0.0,500.0,500.0,500.0,0.0,0.0,0.0
2024-02-15,CASH,500.0,0.0,0.0,0.0,500.0,500.0,500.0,0.0,0.0,0.0
2024-02-16,CASH,500.0,0.0,0.0,0.0,500.0,500.0,500.0,0.0,0.0,0.0
2024-02-17,CASH,500.0,0.0,0.0,0.0,500.0,500.0,500.0,0.0,0.0,0.0
2024-02-18,CASH,500.0,0.0,0.0,0.0,500.0,500.0,500.0,0.0,0.0,0.0
2024-02-19,CASH,500.0,0.0,0.0,0.0,500.0,500.0,500.0,0.0,0.0,0.0
2024-02-20,CASH,500.0,0.0,0.0,0.0,500.0,500.0,500.0,0.0,0.0,0.0
2024-02-21,CASH,500.0,0.0,0.0,0.0,500.0,500.0,500.0,0.0,0.0,0.0
2024-02-22,CASH,500.0,0.0,0.0,0.0,500.0,500.0,500.0,0.0,0.0,0.0
2024-02-23,CASH,500.0,0.0,0.0,0.0,500.0,500.0,500.0,0.0,0.0,0.0
2024-02-24,CASH,500.0,0.0,0.0,0.0,500.0,500.0,500.0,0.0,0.0,0.0
2024-02-25,CASH,500.0,0.0,0.0,0.0,500.0,500.0,500.0,0.0,0.0,0.0
2024-02-26,CASH,500.0,0.0,0.0,0.0,500.0,500.0,500.0,0.0,0.0,0.0
2024-02-27,CASH,500.0,0.0,0.0,0.0,500.0,500.0,500.0,0.0,0.0,0.0
2024-02-28,CASH,500.0,0.0,0.0,0.0,500.0,500.0,500.0,0.0,0.0,0.0
2024-02-29,CASH,500.0,0.0,0.0,0.0,500.0,500.0,500.0,0.0,0.0,0.0
2024-03-01,CASH,500.0,0.0,0.0,0.0,500.0,500.0,500.0,0.0,0.0,0.0
2024-03-02,CASH,500.0,0.0,0.0,0.0,500.0,500.0,500.0,0.0,0.0,0.0
2024-03-03,CASH,500.0,0.0,0.0,0.0,500.0,500.0,500.0,0.0,0.0,0.0
2024-03-04,CASH,500.0,0.0,0.0,0.0,500.0,500.0,500.0,0.0,0.0,0.0
2024-03-05,CASH,500.0,0.0,0.0,0.0,500.0,500.0,500.0,0.0,0.0,0.0
2024-03-06,CASH,500.0,0.0,0.0,0.0,500.0,500.0,500.0,0.0,0.0,0.0
2024-03-07,CASH,500.0,0.0,0.0,0.0,500.0,500.0,500.0,0.0,0.0,0.0
2024-03-08,CASH,500.0,0.0,0.0,0.0,500.0,500.0,500.0,0.0,0.0,0.0
2024-03-09,CASH,500.0,0.0,0.0,0.0,500.0,500.0,500.0,0.0,0.0,0.0
2024-03-10,CASH,500.0,0.0,0.0,0.0,500.0,500.0,500.0,0.0,0.0,0.0
2024-03-11,CASH,500.0,0.0,0.0,0.0,500.0,500.0,500.0,0.0,0.0,0.0
2024-03-12,CASH,500.0,0.0,0.0,0.0,500.0,500.0,500.0,0.0,0.0,0.0
2024-03-13,CASH,500.0,0.0,0.0,0.0,500.0,500.0,500.0,0.0,0.0,0.0
2024-03-14,CASH,500.0,0.0,0.0,0.0,500.0,500.0,500.0,0.0,0.0,0.0
2024-03-15,CASH,500.0,0.0,0.0,0.0,500.0,500.0,500.0,0.0,0.0,0.0
2024-03-16,CASH,500.0,0.0,0.0,0.0,500.0,500.0,500.0,0.0,0.0,0.0
2024-03-17,CASH,500.0,0.0,0.0,0.0,500.0,500.0,500.0,0.0,0.0,0.0
2024-03-18,CASH,500.0,0.0,0.0,0.0,500.0,500.0,500.0,0.0,0.0,0.0
2024-03-19,CASH,500.0,0.0,0.0,0.0,500.0,500.0,500.0,0.0,0.0,0.0
2024-03-20,CASH,500.0,0.0,0.0,0.0,500.0,500.0,500.0,0.0,0.0,0.0
2024-03-21,CASH,500.0,0.0,0.0,0.0,500.0,500.0,500.0,0.0,0.0,0.0
2024-03-22,CASH,500.0,0.0,0.0,0.0,500.0,500.0,500.0,0.0,0.0,0.0
2024-03-23,CASH,500.0,0.0,0.0,0.0,500.0,500.0,500.0,0.0,0.0,0.0
2024-03-24,CASH,500.0,0.0,0.0,0.0,500.0,500.0,500.0,0.0,0.0,0.0
2024-03-25,CASH,500.0,0.0,0.0,0.0,500.0,500.0,500.0,0.0,0.0,0.0
2024-03-26,CASH,500.0,0.0,0.0,0.0,500.0,500.0,500.0,0.0,0.0,0.0
2024-03-27,CASH,500.0,0.0,0.0,0.0,500.0,500.0,500.0,0.0,0.0,0.0
2024-03-28,CASH,500.0,0.0,0.0,0.0,500.0,500.0,500.0,0.0,0.0,0.0
2024-03-29,CASH,500.0,0.0,0.0,0.0,500.0,500.0,500.0,0.0,0.0,0.0
2024-03-30,CASH,500.0,0.0,0.0,0.0,500.0,500.0,500.0,0.0,0.0,0.0
2024-03-31,CASH,500.0,0.0,0.0,0.0,500.0,500.0,500.0,0.0,0.0,0.0
2024-04-01,CASH,500.0,0.0,0.0,0.0,500.0,500.0,500.0,0.0,0.0,0.0
2024-04-02,CASH,500.0,0.0,0.0,0.0,500.0,500.0,500.0,0.0,0.0,0.0
2024-04-03,CASH,500.0,0.0,0.0,0.0,500.0,500.0,500.0,0.0,0.0,0.0
2024-04-04,CASH,500.0,0.0,0.0,0.0,500.0,500.0,500.0,0.0,0.0,0.0
2024-04-05,CASH,500.0,0.0,0.0,0.0,500.0,500.0,500.0,0.0,0.0,0.0
2024-04-06,CASH,500.0,0.0,0.0,0.0,500.0,500.0,500.0,0.0,0.0,0.0
2024-04-07,CASH,500.0,0.0,0.0,0.0,500.0,500.0,500.0,0.0,0.0,0.0
2024-04-08,CASH,500.0,0.0,0.0,0.0,500.0,500.0,500.0,0.0,0.0,0.0
2024-04-09,CASH,500.0,0.0,0.0,0.0,500.0,500.0,500.0,0.0,0.0,0.0
2024-04-10,CASH,500.0,0.0,0.0,0.0,500.0,500.0,500.0,0.0,0.0,0.0
2024-04-11,CASH,500.0,0.0,0.0,0.0,500.0,500.0,500.0,0.0,0.0,0.0
2024-04-12,CASH,500.0,0.0,0.0,0.0,500.0,500.0,500.0,0.0,0.0,0.0
2024-04-13,CASH,500.0,0.0,0.0,0.0,500.0,500.0,500.0,0.0,0.0,0.0
2024-04-14,CASH,500.0,0.0,0.0,0.0,500.0,500.0,500.0,0.0,0.0,0.0
2024-04-15,CASH,500.0,0.0,0.0,0.0,500.0,500.0,500.0,0.0,0.0,0.0
2024-04-16,CASH,500.0,0.0,0.0,0.0,500.0,500.0,500.0,0.0,0.0,0.0
2024-04-17,CASH,500.0,0.0,0.0,0.0,500.0,500.0,500.0,0.0,0.0,0.0
2024-04-18,CASH,500.0,0.0,0.0,0.0,500.0,500.0,500.0,0.0,0.0,0.0
2024-04-19,CASH,500.0,0.0,0.0,0.0,500.0,500.0,500.0,0.0,0.0,0.0
2024-04-20,CASH,500.0,0.0,0.0,0.0,500.0,500.0,500.0,0.0,0.0,0.0
2024-04-21,CASH,500.0,0.0,0.0,0.0,500.0,500.0,500.0,0.0,0.0,0.0
2024-04-22,CASH,500.0,0.0,0.0,0.0,500.0,500.0,500.0,0.0,0.0,0.0
2024-04-23,CASH,500.0,0.0,0.0,0.0,500.0,500.0,500.0,0.0,0.0,0.0
2024-04-24,CASH,500.0,0.0,0.0,0.0,500.0,500.0,500.0,0.0,0.0,0.0
2024-04-25,CASH,500.0,0.0,0.0,0.0,500.0,500.0,500.0,0.0,0.0,0.0
2024-04-26,CASH,500.0,0.0,0.0,0.0,500.0,500.0,500.0,0.0,0.0,0.0
2024-04-27,CASH,500.0,0.0,0.0,0.0,500.0,500.0,500.0,0.0,0.0,0.0
2024-04-28,CASH,500.0,0.0,0.0,0.0,500.0,500.0,500.0,0.0,0.0,0.0
2024-04-29,CASH,500.0,0.0,0.0,0.0,500.0,500.0,500.0,0.0,0.0,0.0
2024-04-30,CASH,500.0,0.0,0.0,0.0,500.0,500.0,500.0,0.0,0.0,0.0
2024-05-01,CASH,500.0,0.0,0.0,0.0,500.0,500.0,500.0,0.0,0.0,0.0
2024-05-02,CASH,500.0,0.0,0.0,0.0,500.0,500.0,500.0,0.0,0.0,0.0
2024-05-03,CASH,500.0,0.0,0.0,0.0,500.0,500.0,500.0,0.0,0.0,0.0
2024-05-04,CASH,500.0,0.0,0.0,0.0,500.0,500.0,500.0,0.0,0.0,0.0
2024-05-05,CASH,500.0,0.0,0.0,0.0,500.0,500.0,500.0,0.0,0.0,0.0
2024-05-06,CASH,500.0,0.0,0.0,0.0,500.0,500.0,500.0,0.0,0.0,0.0
2024-05-07,CASH,500.0,0.0,0.0,0.0,500.0,500.0,500.0,0.0,0.0,0.0
2024-05-08,CASH,500.0,0.0,0.0,0.0,500.0,500.0,500.0,0.0,0.0,0.0
2024-05-09,CASH,500.0,0.0,0.0,0.0,500.0,500.0,500.0,0.0,0.0,0.0
2024-05-10,CASH,500.0,0.0,0.0,0.0,500.0,500.0,500.0,0.0,0.0,0.0
2024-05-11,CASH,500.0,0.0,0.0,0.0,500.0,500.0,500.0,0.0,0.0,0.0
2024-05-12,CASH,500.0,0.0,0.0,0.0,500.0,500.0,500.0,0.0,0.0,0.0
2024-05-13,CASH,500.0,0.0,0.0,0.0,500.0,500.0,500.0,0.0,0.0,0.0
2024-05-14,CASH,500.0,0.0,0.0,0.0,500.0,500.0,500.0,0.0,0.0,0.0
2024-05-15,CASH,500.0,0.0,0.0,0.0,500.0,500.0,500.0,0.0,0.0,0.0
2024-05-16,CASH,500.0,0.0,0.0,0.0,500.0,500.0,500.0,0.0,0.0,0.0
2024-05-17,CASH,500.0,0.0,0.0,0.0,500.0,500.0,500.0,0.0,0.0,0.0
2024-05-18,CASH,500.0,0.0,0.0,0.0,500.0,500.0,500.0,0.0,0.0,0.0
2024-05-19,CASH,500.0,0.0,0.0,0.0,500.0,500.0,500.0,0.0,0.0,0.0
2024-05-20,CASH,500.0,0.0,0.0,0.0,500.0,500.0,500.0,0.0,0.0,0.0
2024-05-21,CASH,500.0,0.0,0.0,0.0,500.0,500.0,500.0,0.0,0.0,0.0
2024-05-22,CASH,500.0,0.0,0.0,0.0,500.0,500.0,500.0,0.0,0.0,0.0
2024-05-23,CASH,500.0,0.0,0.0,0.0,500.0,500.0,500.0,0.0,0.0,0.0
2024-05-24,CASH,500.0,0.0,0.0,0.0,500.0,500.0,500.0,0.0,0.0,0.0
2024-05-25,CASH,500.0,0.0,0.0,0.0,500.0,500.0,500.0,0.0,0.0,0.0
2024-05-26,CASH,500.0,0.0,0.0,0.0,500.0,500.0,500.0,0.0,0.0,0.0
2024-05-27,CASH,500.0,0.0,0.0,0.0,500.0,500.0,500.0,0.0,0.0,0.0
2024-05-28,CASH,500.0,0.0,0.0,0.0,500.0,500.0,500.0,0.0,0.0,0.0
2024-05-29,CASH,500.0,0.0,0.0,0.0,500.0,500.0,500.0,0.0,0.0,0.0
2024-05-30,CASH,500.0,0.0,0.0,0.0,500.0,500.0,500.0,0.0,0.0,0.0
2024-05-31,CASH,500.0,0.0,0.0,0.0,500.0,500.0,500.0,0.0,0.0,0.0
2024-06-01,CASH,500.0,0.0,0.0,0.0,500.0,500.0,500.0,0.0,0.0,0.0
2024-06-02,CASH,500.0,0.0,0.0,0.0,500.0,500.0,500.0,0.0,0.0,0.0
2024-06-03,CASH,500.0,0.0,0.0,0.0,500.0,500.0,500.0,0.0,0.0,0.0
2024-06-04,CASH,500.0,0.0,0.0,0.0,500.0,500.0,500.0,0.0,0.0,0.0
2024-06-05,CASH,500.0,0.0,0.0,0.0,500.0,500.0,500.0,0.0,0.0,0.0
2024-06-06,CASH,500.0,0.0,0.0,0.0,500.0,500.0,500.0,0.0,0.0,0.0
2024-06-07,CASH,500.0,0.0,0.0,0.0,500.0,500.0,500.0,0.0,0.0,0.0
2024-06-08,CASH,500.0,0.0,0.0,0.0,500.0,500.0,500.0,0.0,0.0,0.0
2024-06-09,CASH,500.0,0.0,0.0,0.0,500.0,500.0,500.0,0.0,0.0,0.0
2024-06-10,CASH,500.0,0.0,0.0,0.0,500.0,500.0,500.0,0.0,0.0,0.0
2024-06-11,CASH,500.0,0.0,0.0,0.0,500.0,500.0,500.0,0.0,0.0,0.0
2024-06-12,CASH,500.0,0.0,0.0,0.0,500.0,500.0,500.0,0.0,0.0,0.0
2024-06-13,CASH,500.0,0.0,0.0,0.0,500.0,500.0,500.0,0.0,0.0,0.0
2024-06-14,CASH,500.0,0.0,0.0,0.0,500.0,500.0,500.0,0.0,0.0,0.0
2024-06-15,CASH,500.0,0.0,0.0,0.0,500.0,500.0,500.0,0.0,0.0,0.0
2024-06-16,CASH,500.0,0.0,0.0,0.0,500.0,500.0,500.0,0.0,0.0,0.0
2024-06-17,CASH,500.0,0.0,0.0,0.0,500.0,500.0,500.0,0.0,0.0,0.0
2024-06-18,CASH,500.0,0.0,0.0,0.0,500.0,500.0,500.0,0.0,0.0,0.0
2024-06-19,CASH,500.0,0.0,0.0,0.0,500.0,500.0,500.0,0.0,0.0,0.0
2024-06-20,CASH,500.0,0.0,0.0,0.0,500.0,500.0,500.0,0.0,0.0,0.0
2024-06-21,CASH,500.0,0.0,0.0,0.0,500.0,500.0,500.0,0.0,0.0,0.0
2024-06-22,CASH,500.0,0.0,0.0,0.0,500.0,500.0,500.0,0.0,0.0,0.0
2024-06-23,CASH,500.0,0.0,0.0,0.0,500.0,500.0,500.0,0.0,0.0,0.0
2024-06-24,CASH,500.0,0.0,0.0,0.0,500.0,500.0,500.0,0.0,0.0,0.0
2024-06-25,CASH,500.0,0.0,0.0,0.0,500.0,500.0,500.0,0.0,0.0,0.0
2024-06-26,CASH,500.0,0.0,0.0,0.0,500.0,500.0,500.0,0.0,0.0,0.0
2024-06-27,CASH,500.0,0.0,0.0,0.0,500.0,500.0,500.0,0.0,0.0,0.0
2024-06-28,CASH,500.0,0.0,0.0,0.0,500.0,500.0,500.0,0.0,0.0,0.0
2024-06-29,CASH,500.0,0.0,0.0,0.0,500.0,500.0,500.0,0.0,0.0,0.0
2024-06-30,CASH,500.0,0.0,0.0,0.0,500.0,500.0,500.0,0.0,0.0,0.0
2024-07-01,CASH,500.0,0.0,0.0,0.0,500.0,500.0,500.0,0.0,0.0,0.0
2024-07-02,CASH,500.0,0.0,0.0,0.0,500.0,500.0,500.0,0.0,0.0,0.0
2024-07-03,CASH,500.0,0.0,0.0,0.0,500.0,500.0,500.0,0.0,0.0,0.0
2024-07-04,CASH,500.0,0.0,0.0,0.0,500.0,500.0,500.0,0.0,0.0,0.0
2024-07-05,CASH,500.0,0.0,0.0,0.0,500.0,500.0,500.0,0.0,0.0,0.0
2024-07-06,CASH,500.0,0.0,0.0,0.0,500.0,500.0,500.0,0.0,0.0,0.0
2024-07-07,CASH,500.0,0.0,0.0,0.0,500.0,500.0,500.0,0.0,0.0,0.0
2024-07-08,CASH,500.0,0.0,0.0,0.0,500.0,500.0,500.0,0.0,0.0,0.0
2024-07-09,CASH,500.0,0.0,0.0,0.0,500.0,500.0,500.0,0.0,0.0,0.0
2024-07-10,CASH,500.0,0.0,0.0,0.0,500.0,500.0,500.0,0.0,0.0,0.0
2024-07-11,CASH,500.0,0.0,0.0,0.0,500.0,500.0,500.0,0.0,0.0,0.0
2024-07-12,CASH,500.0,0.0,0.0,0.0,500.0,500.0,500.0,0.0,0.0,0.0
2024-07-13,CASH,500.0,0.0,0.0,0.0,500.0,500.0,500.0,0.0,0.0,0.0
2024-07-14,CASH,500.0,0.0,0.0,0.0,500.0,500.0,500.0,0.0,0.0,0.0
2024-07-15,CASH,500.0,0.0,0.0,0.0,500.0,500.0,500.0,0.0,0.0,0.0
2024-07-16,CASH,500.0,0.0,0.0,0.0,500.0,500.0,500.0,0.0,0.0,0.0
2024-07-17,CASH,500.0,0.0,0.0,0.0,500.0,500.0,500.0,0.0,0.0,0.0
2024-07-18,CASH,500.0,0.0,0.0,0.0,500.0,500.0,500.0,0.0,0.0,0.0
2024-07-19,CASH,500.0,0.0,0.0,0.0,500.0,500.0,500.0,0.0,0.0,0.0
2024-07-20,CASH,500.0,0.0,0.0,0.0,500.0,500.0,500.0,0.0,0.0,0.0
2024-07-21,CASH,500.0,0.0,0.0,0.0,500.0,500.0,500.0,0.0,0.0,0.0
2024-07-22,CASH,500.0,0.0,0.0,0.0,500.0,500.0,500.0,0.0,0.0,0.0
2024-07-23,CASH,500.0,0.0,0.0,0.0,500.0,500.0,500.0,0.0,0.0,0.0
2024-07-24,CASH,500.0,0.0,0.0,0.0,500.0,500.0,500.0,0.0,0.0,0.0
2024-07-25,CASH,500.0,0.0,0.0,0.0,500.0,500.0,500.0,0.0,0.0,0.0
2024-07-26,CASH,500.0,0.0,0.0,0.0,500.0,500.0,500.0,0.0,0.0,0.0
2024-07-27,CASH,500.0,0.0,0.0,0.0,500.0,500.0,500.0,0.0,0.0,0.0
2024-07-28,CASH,500.0,0.0,0.0,0.0,500.0,500.0,500.0,0.0,0.0,0.0
2024-07-29,CASH,500.0,0.0,0.0,0.0,500.0,500.0,500.0,0.0,0.0,0.0
2024-07-30,CASH,500.0,0.0,0.0,0.0,500.0,500.0,500.0,0.0,0.0,0.0
2024-07-31,CASH,500.0,0.0,0.0,0.0,500.0,500.0,500.0,0.0,0.0,0.0
2024-08-01,CASH,500.0,0.0,0.0,0.0,500.0,500.0,500.0,0.0,0.0,0.0
2024-08-02,CASH,500.0,0.0,0.0,0.0,500.0,500.0,500.0,0.0,0.0,0.0
2024-08-03,CASH,500.0,0.0,0.0,0.0,500.0,500.0,500.0,0.0,0.0,0.0
2024-08-04,CASH,500.0,0.0,0.0,0.0,500.0,500.0,500.0,0.0,0.0,0.0
2024-08-05,CASH,500.0,0.0,0.0,0.0,500.0,500.0,500.0,0.0,0.0,0.0
2024-08-06,CASH,500.0,0.0,0.0,0.0,500.0,500.0,500.0,0.0,0.0,0.0
2024-08-07,CASH,500.0,0.0,0.0,0.0,500.0,500.0,500.0,0.0,0.0,0.0
2024-08-08,CASH,500.0,0.0,0.0,0.0,500.0,500.0,500.0,0.0,0.0,0.0
2024-08-09,CASH,500.0,0.0,0.0,0.0,500.0,500.0,500.0,0.0,0.0,0.0
2024-08-10,CASH,500.0,0.0,0.0,0.0,500.0,500.0,500.0,0.0,0.0,0.0
2024-08-11,CASH,500.0,0.0,0.0,0.0,500.0,500.0,500.0,0.0,0.0,0.0
2024-08-12,CASH,500.0,0.0,0.0,0.0,500.0,500.0,500.0,0.0,0.0,0.0
2024-08-13,CASH,500.0,0.0,0.0,0.0,500.0,500.0,500.0,0.0,0.0,0.0
2024-08-14,CASH,500.0,0.0,0.0,0.0,500.0,500.0,500.0,0.0,0.0,0.0
2024-08-15,CASH,500.0,0.0,0.0,0.0,500.0,500.0,500.0,0.0,0.0,0.0
2024-08-16,CASH,500.0,0.0,0.0,0.0,500.0,500.0,500.0,0.0,0.0,0.0
2024-08-17,CASH,500.0,0.0,0.0,0.0,500.0,500.0,500.0,0.0,0.0,0.0
2024-08-18,CASH,500.0,0.0,0.0,0.0,500.0,500.0,500.0,0.0,0.0,0.0
2024-08-19,CASH,500.0,0.0,0.0,0.0,500.0,500.0,500.0,0.0,0.0,0.0
2024-08-20,CASH,500.0,0.0,0.0,0.0,500.0,500.0,500.0,0.0,0.0,0.0
2024-08-21,CASH,500.0,0.0,0.0,0.0,500.0,500.0,500.0,0.0,0.0,0.0
2024-08-22,CASH,500.0,0.0,0.0,0.0,500.0,500.0,500.0,0.0,0.0,0.0
2024-08-23,CASH,500.0,0.0,0.0,0.0,500.0,500.0,500.0,0.0,0.0,0.0
2024-08-24,CASH,500.0,0.0,0.0,0.0,500.0,500.0,500.0,0.0,0.0,0.0
2024-08-25,CASH,500.0,0.0,0.0,0.0,500.0,500.0,500.0,0.0,0.0,0.0
2024-08-26,CASH,500.0,0.0,0.0,0.0,500.0,500.0,500.0,0.0,0.0,0.0
2024-08-27,CASH,500.0,0.0,0.0,0.0,500.0,500.0,500.0,0.0,0.0,0.0
2024-08-28,CASH,500.0,0.0,0.0,0.0,500.0,500.0,500.0,0.0,0.0,0.0
2024-08-29,CASH,500.0,0.0,0.0,0.0,500.0,500.0,500.0,0.0,0.0,0.0
2024-08-30,CASH,500.0,0.0,0.0,0.0,500.0,500.0,500.0,0.0,0.0,0.0
2024-08-31,CASH,500.0,0.0,0.0,0.0,500.0,500.0,500.0,0.0,0.0,0.0
2024-09-01,CASH,500.0,0.0,0.0,0.0,500.0,500.0,500.0,0.0,0.0,0.0
2024-09-02,CASH,500.0,0.0,0.0,0.0,500.0,500.0,500.0,0.0,0.0,0.0
2024-09-03,CASH,500.0,0.0,0.0,0.0,500.0,500.0,500.0,0.0,0.0,0.0
2024-09-04,CASH,500.0,0.0,0.0,0.0,500.0,500.0,500.0,0.0,0.0,0.0
2024-09-05,CASH,500.0,0.0,0.0,0.0,500.0,500.0,500.0,0.0,0.0,0.0
2024-09-06,CASH,500.0,0.0,0.0,0.0,500.0,500.0,500.0,0.0,0.0,0.0
2024-09-07,CASH,500.0,0.0,0.0,0.0,500.0,500.0,500.0,0.0,0.0,0.0
2024-09-08,CASH,500.0,0.0,0.0,0.0,500.0,500.0,500.0,0.0,0.0,0.0
2024-09-09,CASH,500.0,0.0,0.0,0.0,500.0,500.0,500.0,0.0,0.0,0.0
2024-09-10,CASH,500.0,0.0,0.0,0.0,500.0,500.0,500.0,0.0,0.0,0.0
2024-09-11,CASH,500.0,0.0,0.0,0.0,500.0,500.0,500.0,0.0,0.0,0.0
2024-09-12,CASH,500.0,0.0,0.0,0.0,500.0,500.0,500.0,0.0,0.0,0.0
2024-09-13,CASH,500.0,0.0,0.0,0.0,500.0,500.0,500.0,0.0,0.0,0.0
2024-09-14,CASH,500.0,0.0,0.0,0.0,500.0,500.0,500.0,0.0,0.0,0.0
2024-09-15,CASH,500.0,0.0,0.0,0.0,500.0,500.0,500.0,0.0,0.0,0.0
2024-09-16,CASH,500.0,0.0,0.0,0.0,500.0,500.0,500.0,0.0,0.0,0.0
2024-09-17,CASH,500.0,0.0,0.0,0.0,500.0,500.0,500.0,0.0,0.0,0.0
2024-09-18,CASH,500.0,0.0,0.0,0.0,500.0,500.0,500.0,0.0,0.0,0.0
2024-09-19,CASH,500.0,0.0,0.0,0.0,500.0,500.0,500.0,0.0,0.0,0.0
2024-09-20,CASH,500.0,0.0,0.0,0.0,500.0,500.0,500.0,0.0,0.0,0.0
2024-09-21,CASH,500.0,0.0,0.0,0.0,500.0,500.0,500.0,0.0,0.0,0.0
2024-09-22,CASH,500.0,0.0,0.0,0.0,500.0,500.0,500.0,0.0,0.0,0.0
2024-09-23,CASH,500.0,0.0,0.0,0.0,500.0,500.0,500.0,0.0,0.0,0.0
2024-09-24,CASH,500.0,0.0,0.0,0.0,500.0,500.0,500.0,0.0,0.0,0.0
2024-09-25,CASH,500.0,0.0,0.0,0.0,500.0,500.0,500.0,0.0,0.0,0.0
2024-09-26,CASH,500.0,0.0,0.0,0.0,500.0,500.0,500.0,0.0,0.0,0.0
2024-09-27,CASH,500.0,0.0,0.0,0.0,500.0,500.0,500.0,0.0,0.0,0.0
2024-09-28,CASH,500.0,0.0,0.0,0.0,500.0,500.0,500.0,0.0,0.0,0.0
2024-09-29,CASH,500.0,0.0,0.0,0.0,500.0,500.0,500.0,0.0,0.0,0.0
2024-09-30,CASH,500.0,0.0,0.0,0.0,500.0,500.0,500.0,0.0,0.0,0.0
2024-10-01,CASH,500.0,0.0,0.0,0.0,500.0,500.0,500.0,0.0,0.0,0.0
2024-10-02,CASH,500.0,0.0,0.0,0.0,500.0,500.0,500.0,0.0,0.0,0.0
2024-10-03,CASH,500.0,0.0,0.0,0.0,500.0,500.0,500.0,0.0,0.0,0.0
2024-10-04,CASH,500.0,0.0,0.0,0.0,500.0,500.0,500.0,0.0,0.0,0.0
2024-10-05,CASH,500.0,0.0,0.0,0.0,500.0,500.0,500.0,0.0,0.0,0.0
2024-10-06,CASH,500.0,0.0,0.0,0.0,500.0,500.0,500.0,0.0,0.0,0.0
2024-10-07,CASH,500.0,0.0,0.0,0.0,500.0,500.0,500.0,0.0,0.0,0.0
2024-10-08,CASH,500.0,0.0,0.0,0.0,500.0,500.0,500.0,0.0,0.0,0.0
2024-10-09,CASH,500.0,0.0,0.0,0.0,500.0,500.0,500.0,0.0,0.0,0.0
2024-10-10,CASH,500.0,0.0,0.0,0.0,500.0,500.0,500.0,0.0,0.0,0.0
2024-10-11,CASH,500.0,0.0,0.0,0.0,500.0,500.0,500.0,0.0,0.0,0.0
2024-10-12,CASH,500.0,0.0,0.0,0.0,500.0,500.0,500.0,0.0,0.0,0.0
2024-10-13,CASH,500.0,0.0,0.0,0.0,500.0,500.0,500.0,0.0,0.0,0.0
2024-10-14,CASH,500.0,0.0,0.0,0.0,500.0,500.0,500.0,0.0,0.0,0.0
2024-10-15,CASH,500.0,0.0,0.0,0.0,500.0,500.0,500.0,0.0,0.0,0.0
2024-10-16,CASH,500.0,0.0,0.0,0.0,500.0,500.0,500.0,0.0,0.0,0.0
2024-10-17,CASH,500.0,0.0,0.0,0.0,500.0,500.0,500.0,0.0,0.0,0.0
2024-10-18,CASH,500.0,0.0,0.0,0.0,500.0,500.0,500.0,0.0,0.0,0.0
2024-10-19,CASH,500.0,0.0,0.0,0.0,500.0,500.0,500.0,0.0,0.0,0.0
2024-10-20,CASH,500.0,0.0,0.0,0.0,500.0,500.0,500.0,0.0,0.0,0.0
2024-10-21,CASH,500.0,0.0,0.0,0.0,500.0,500.0,500.0,0.0,0.0,0.0
2024-10-22,CASH,500.0,0.0,0.0,0.0,500.0,500.0,500.0,0.0,0.0,0.0
2024-10-23,CASH,500.0,0.0,0.0,0.0,500.0,500.0,500.0,0.0,0.0,0.0
2024-10-24,CASH,500.0,0.0,0.0,0.0,500.0,500.0,500.0,0.0,0.0,0.0
2024-10-25,CASH,500.0,0.0,0.0,0.0,500.0,500.0,500.0,0.0,0.0,0.0
2024-10-26,CASH,500.0,0.0,0.0,0.0,500.0,500.0,500.0,0.0,0.0,0.0
2024-10-27,CASH,500.0,0.0,0.0,0.0,500.0,500.0,500.0,0.0,0.0,0.0
2024-10-28,CASH,500.0,0.0,0.0,0.0,500.0,500.0,500.0,0.0,0.0,0.0
2024-10-29,CASH,500.0,0.0,0.0,0.0,500.0,500.0,500.0,0.0,0.0,0.0
2024-10-30,CASH,500.0,0.0,0.0,0.0,500.0,500.0,500.0,0.0,0.0,0.0
2024-10-31,CASH,500.0,0.0,0.0,0.0,500.0,500.0,500.0,0.0,0.0,0.0
2024-11-01,CASH,500.0,0.0,0.0,0.0,500.0,500.0,500.0,0.0,0.0,0.0
2024-11-02,CASH,500.0,0.0,0.0,0.0,500.0,500.0,500.0,0.0,0.0,0.0
2024-11-03,CASH,500.0,0.0,0.0,0.0,500.0,500.0,500.0,0.0,0.0,0.0
2024-11-04,CASH,500.0,0.0,0.0,0.0,500.0,500.0,500.0,0.0,0.0,0.0
2024-11-05,CASH,500.0,0.0,0.0,0.0,500.0,500.0,500.0,0.0,0.0,0.0
2024-11-06,CASH,500.0,0.0,0.0,0.0,500.0,500.0,500.0,0.0,0.0,0.0
2024-11-07,CASH,500.0,0.0,0.0,0.0,500.0,500.0,500.0,0.0,0.0,0.0
2024-11-08,CASH,500.0,0.0,0.0,0.0,500.0,500.0,500.0,0.0,0.0,0.0
2024-11-09,CASH,500.0,0.0,0.0,0.0,500.0,500.0,500.0,0.0,0.0,0.0
2024-11-10,CASH,500.0,0.0,0.0,0.0,500.0,500.0,500.0,0.0,0.0,0.0
2024-11-11,CASH,500.0,0.0,0.0,0.0,500.0,500.0,500.0,0.0,0.0,0.0
2024-11-12,CASH,500.0,0.0,0.0,0.0,500.0,500.0,500.0,0.0,0.0,0.0
2024-11-13,CASH,500.0,0.0,0.0,0.0,500.0,500.0,500.0,0.0,0.0,0.0
2024-11-14,CASH,500.0,0.0,0.0,0.0,500.0,500.0,500.0,0.0,0.0,0.0
2024-11-15,CASH,500.0,0.0,0.0,0.0,500.0,500.0,500.0,0.0,0.0,0.0
2024-11-16,CASH,500.0,0.0,0.0,0.0,500.0,500.0,500.0,0.0,0.0,0.0
2024-11-17,CASH,500.0,0.0,0.0,0.0,500.0,500.0,500.0,0.0,0.0,0.0
2024-11-18,CASH,500.0,0.0,0.0,0.0,500.0,500.0,500.0,0.0,0.0,0.0
2024-11-19,CASH,500.0,0.0,0.0,0.0,500.0,500.0,500.0,0.0,0.0,0.0
2024-11-20,CASH,500.0,0.0,0.0,0.0,500.0,500.0,500.0,0.0,0.0,0.0
2024-11-21,CASH,500.0,0.0,0.0,0.0,500.0,500.0,500.0,0.0,0.0,0.0
2024-11-22,CASH,500.0,0.0,0.0,0.0,500.0,500.0,500.0,0.0,0.0,0.0
2024-11-23,CASH,500.0,0.0,0.0,0.0,500.0,500.0,500.0,0.0,0.0,0.0
2024-11-24,CASH,500.0,0.0,0.0,0.0,500.0,500.0,500.0,0.0,0.0,0.0
2024-11-25,CASH,500.0,0.0,0.0,0.0,500.0,500.0,500.0,0.0,0.0,0.0
2024-11-26,CASH,500.0,0.0,0.0,0.0,500.0,500.0,500.0,0.0,0.0,0.0
2024-11-27,CASH,500.0,0.0,0.0,0.0,500.0,500.0,500.0,0.0,0.0,0.0
2024-11-28,CASH,500.0,0.0,0.0,0.0,500.0,500.0,500.0,0.0,0.0,0.0
2024-11-29,CASH,500.0,0.0,0.0,0.0,500.0,500.0,500.0,0.0,0.0,0.0
2024-11-30,CASH,500.0,0.0,0.0,0.0,500.0,500.0,500.0,0.0,0.0,0.0
2024-12-01,CASH,500.0,0.0,0.0,0.0,500.0,500.0,500.0,0.0,0.0,0.0
2024-12-02,CASH,500.0,0.0,0.0,0.0,500.0,500.0,500.0,0.0,0.0,0.0
2024-12-03,CASH,500.0,0.0,0.0,0.0,500.0,500.0,500.0,0.0,0.0,0.0
2024-12-04,CASH,500.0,0.0,0.0,0.0,500.0,500.0,500.0,0.0,0.0,0.0
2024-12-05,CASH,500.0,0.0,0.0,0.0,500.0,500.0,500.0,0.0,0.0,0.0
2024-12-06,CASH,500.0,0.0,0.0,0.0,500.0,500.0,500.0,0.0,0.0,0.0
2024-12-07,CASH,500.0,0.0,0.0,0.0,500.0,500.0,500.0,0.0,0.0,0.0
2024-12-08,CASH,500.0,0.0,0.0,0.0,500.0,500.0,500.0,0.0,0.0,0.0
2024-12-09,CASH,500.0,0.0,0.0,0.0,500.0,500.0,500.0,0.0,0.0,0.0
2024-12-10,CASH,500.0,0.0,0.0,0.0,500.0,500.0,500.0,0.0,0.0,0.0
2024-12-11,CASH,500.0,0.0,0.0,0.0,500.0,500.0,500.0,0.0,0.0,0.0
2024-12-12,CASH,500.0,0.0,0.0,0.0,500.0,500.0,500.0,0.0,0.0,0.0
2024-12-13,CASH,500.0,0.0,0.0,0.0,500.0,500.0,500.0,0.0,0.0,0.0
2024-12-14,CASH,500.0,0.0,0.0,0.0,500.0,500.0,500.0,0.0,0.0,0.0
2024-12-15,CASH,500.0,0.0,0.0,0.0,500.0,500.0,500.0,0.0,0.0,0.0
2024-12-16,CASH,500.0,0.0,0.0,0.0,500.0,500.0,500.0,0.0,0.0,0.0
2024-12-17,CASH,500.0,0.0,0.0,0.0,500.0,500.0,500.0,0.0,0.0,0.0
2024-12-18,CASH,500.0,0.0,0.0,0.0,500.0,500.0,500.0,0.0,0.0,0.0
2024-12-19,CASH,500.0,0.0,0.0,0.0,500.0,500.0,500.0,0.0,0.0,0.0
2024-12-20,CASH,500.0,0.0,0.0,0.0,500.0,500.0,500.0,0.0,0.0,0.0
2024-12-21,CASH,500.0,0.0,0.0,0.0,500.0,500.0,500.0,0.0,0.0,0.0
2024-12-22,CASH,500.0,0.0,0.0,0.0,500.0,500.0,500.0,0.0,0.0,0.0
2024-12-23,CASH,500.0,0.0,0.0,0.0,500.0,500.0,500.0,0.0,0.0,0.0
2024-12-24,CASH,500.0,0.0,0.0,0.0,500.0,500.0,500.0,0.0,0.0,0.0
2024-12-25,CASH,500.0,0.0,0.0,0.0,500.0,500.0,500.0,0.0,0.0,0.0
2024-12-26,CASH,500.0,0.0,0.0,0.0,500.0,500.0,500.0,0.0,0.0,0.0
2024-12-27,CASH,500.0,0.0,0.0,0.0,500.0,500.0,500.0,0.0,0.0,0.0
2024-12-28,CASH,500.0,0.0,0.0,0.0,500.0,500.0,500.0,0.0,0.0,0.0
2024-12-29,CASH,500.0,0.0,0.0,0.0,500.0,500.0,500.0,0.0,0.0,0.0
2024-12-30,CASH,500.0,0.0,0.0,0.0,500.0,500.0,500.0,0.0,0.0,0.0
2024-12-31,CASH,500.0,0.0,0.0,0.0,500.0,500.0,500.0,0.0,0.0,0.0
2025-01-01,CASH,500.0,0.0,0.0,0.0,500.0,500.0,500.0,0.0,0.0,0.0
2025-01-02,CASH,500.0,0.0,0.0,0.0,500.0,500.0,500.0,0.0,0.0,0.0
2025-01-03,CASH,500.0,0.0,0.0,0.0,500.0,500.0,500.0,0.0,0.0,0.0
2025-01-04,CASH,500.0,0.0,0.0,0.0,500.0,500.0,500.0,0.0,0.0,0.0
2025-01-05,CASH,500.0,0.0,0.0,0.0,500.0,500.0,500.0,0.0,0.0,0.0
2025-01-06,CASH,500.0,0.0,0.0,0.0,500.0,500.0,500.0,0.0,0.0,0.0
2025-01-07,CASH,500.0,0.0,0.0,0.0,500.0,500.0,500.0,0.0,0.0,0.0
2025-01-08,CASH,500.0,0.0,0.0,0.0,500.0,500.0,500.0,0.0,0.0,0.0
2025-01-09,CASH,500.0,0.0,0.0,0.0,500.0,500.0,500.0,0.0,0.0,0.0
2025-01-10,CASH,500.0,0.0,0.0,0.0,500.0,500.0,500.0,0.0,0.0,0.0
2025-01-11,CASH,500.0,0.0,0.0,0.0,500.0,500.0,500.0,0.0,0.0,0.0
2025-01-12,CASH,500.0,0.0,0.0,0.0,500.0,500.0,500.0,0.0,0.0,0.0
2025-01-13,CASH,500.0,0.0,0.0,0.0,500.0,500.0,500.0,0.0,0.0,0.0
2025-01-14,CASH,500.0,0.0,0.0,0.0,500.0,500.0,500.0,0.0,0.0,0.0
2025-01-15,CASH,500.0,0.0,0.0,0.0,500.0,500.0,500.0,0.0,0.0,0.0
2025-01-16,CASH,500.0,0.0,0.0,0.0,500.0,500.0,500.0,0.0,0.0,0.0
2025-01-17,CASH,500.0,0.0,0.0,0.0,500.0,500.0,500.0,0.0,0.0,0.0
2025-01-18,CASH,500.0,0.0,0.0,0.0,500.0,500.0,500.0,0.0,0.0,0.0
2025-01-19,CASH,500.0,0.0,0.0,0.0,500.0,500.0,500.0,0.0,0.0,0.0
2025-01-20,CASH,500.0,0.0,0.0,0.0,500.0,500.0,500.0,0.0,0.0,0.0
2025-01-21,CASH,500.0,0.0,0.0,0.0,500.0,500.0,500.0,0.0,0.0,0.0
2025-01-22,CASH,500.0,0.0,0.0,0.0,500.0,500.0,500.0,0.0,0.0,0.0
2025-01-23,CASH,500.0,0.0,0.0,0.0,500.0,500.0,500.0,0.0,0.0,0.0
2025-01-24,CASH,500.0,0.0,0.0,0.0,500.0,500.0,500.0,0.0,0.0,0.0
2025-01-25,CASH,500.0,0.0,0.0,0.0,500.0,500.0,500.0,0.0,0.0,0.0
2025-01-26,CASH,500.0,0.0,0.0,0.0,500.0,500.0,500.0,0.0,0.0,0.0
2025-01-27,CASH,500.0,0.0,0.0,0.0,500.0,500.0,500.0,0.0,0.0,0.0
2025-01-28,CASH,500.0,0.0,0.0,0.0,500.0,500.0,500.0,0.0,0.0,0.0
2025-01-29,CASH,500.0,0.0,0.0,0.0,500.0,500.0,500.0,0.0,0.0,0.0
2025-01-30,CASH,500.0,0.0,0.0,0.0,500.0,500.0,500.0,0.0,0.0,0.0
2025-01-31,CASH,500.0,0.0,0.0,0.0,500.0,500.0,500.0,0.0,0.0,0.0
2025-02-01,CASH,500.0,0.0,0.0,0.0,500.0,500.0,500.0,0.0,0.0,0.0
2025-02-02,CASH,500.0,0.0,0.0,0.0,500.0,500.0,500.0,0.0,0.0,0.0
2025-02-03,CASH,500.0,0.0,0.0,0.0,500.0,500.0,500.0,0.0,0.0,0.0
2025-02-04,CASH,500.0,0.0,0.0,0.0,500.0,500.0,500.0,0.0,0.0,0.0
2025-02-05,CASH,500.0,0.0,0.0,0.0,500.0,500.0,500.0,0.0,0.0,0.0
2025-02-06,CASH,500.0,0.0,0.0,0.0,500.0,500.0,500.0,0.0,0.0,0.0
2025-02-07,CASH,500.0,0.0,0.0,0.0,500.0,500.0,500.0,0.0,0.0,0.0
2025-02-08,CASH,500.0,0.0,0.0,0.0,500.0,500.0,500.0,0.0,0.0,0.0
2025-02-09,CASH,500.0,0.0,0.0,0.0,500.0,500.0,500.0,0.0,0.0,0.0
2025-02-10,CASH,500.0,0.0,0.0,0.0,500.0,500.0,500.0,0.0,0.0,0.0
2025-02-11,CASH,500.0,0.0,0.0,0.0,500.0,500.0,500.0,0.0,0.0,0.0
2025-02-12,CASH,500.0,0.0,0.0,0.0,500.0,500.0,500.0,0.0,0.0,0.0
2025-02-13,CASH,500.0,0.0,0.0,0.0,500.0,500.0,500.0,0.0,0.0,0.0
2025-02-14,CASH,500.0,0.0,0.0,0.0,500.0,500.0,500.0,0.0,0.0,0.0
2025-02-15,CASH,500.0,0.0,0.0,0.0,500.0,500.0,500.0,0.0,0.0,0.0
2025-02-16,CASH,500.0,0.0,0.0,0.0,500.0,500.0,500.0,0.0,0.0,0.0
2025-02-17,CASH,500.0,0.0,0.0,0.0,500.0,500.0,500.0,0.0,0.0,0.0
2025-02-18,CASH,500.0,0.0,0.0,0.0,500.0,500.0,500.0,0.0,0.0,0.0
2025-02-19,CASH,500.0,0.0,0.0,0.0,500.0,500.0,500.0,0.0,0.0,0.0
2025-02-20,CASH,500.0,0.0,0.0,0.0,500.0,500.0,500.0,0.0,0.0,0.0
2025-02-21,CASH,500.0,0.0,0.0,0.0,500.0,500.0,500.0,0.0,0.0,0.0
2025-02-22,CASH,500.0,0.0,0.0,0.0,500.0,500.0,500.0,0.0,0.0,0.0
2025-02-23,CASH,500.0,0.0,0.0,0.0,500.0,500.0,500.0,0.0,0.0,0.0
2025-02-24,CASH,500.0,0.0,0.0,0.0,500.0,500.0,500.0,0.0,0.0,0.0
2025-02-25,CASH,500.0,0.0,0.0,0.0,500.0,500.0,500.0,0.0,0.0,0.0
2025-02-26,CASH,500.0,0.0,0.0,0.0,500.0,500.0,500.0,0.0,0.0,0.0
2025-02-27,CASH,500.0,0.0,0.0,0.0,500.0,500.0,500.0,0.0,0.0,0.0
2025-02-28,CASH,500.0,0.0,0.0,0.0,500.0,500.0,500.0,0.0,0.0,0.0
2025-03-01,CASH,500.0,0.0,0.0,0.0,500.0,500.0,500.0,0.0,0.0,0.0
2025-03-02,CASH,500.0,0.0,0.0,0.0,500.0,500.0,500.0,0.0,0.0,0.0
2025-03-03,CASH,500.0,0.0,0.0,0.0,500.0,500.0,500.0,0.0,0.0,0.0
2025-03-04,CASH,500.0,0.0,0.0,0.0,500.0,500.0,500.0,0.0,0.0,0.0
2025-03-05,CASH,500.0,0.0,0.0,0.0,500.0,500.0,500.0,0.0,0.0,0.0
2025-03-06,CASH,500.0,0.0,0.0,0.0,500.0,500.0,500.0,0.0,0.0,0.0
2025-03-07,CASH,500.0,0.0,0.0,0.0,500.0,500.0,500.0,0.0,0.0,0.0
2025-03-08,CASH,500.0,0.0,0.0,0.0,500.0,500.0,500.0,0.0,0.0,0.0
2025-03-09,CASH,500.0,0.0,0.0,0.0,500.0,500.0,500.0,0.0,0.0,0.0
2025-03-10,CASH,500.0,0.0,0.0,0.0,500.0,500.0,500.0,0.0,0.0,0.0
2025-03-11,CASH,500.0,0.0,0.0,0.0,500.0,500.0,500.0,0.0,0.0,0.0
2025-03-12,CASH,500.0,0.0,0.0,0.0,500.0,500.0,500.0,0.0,0.0,0.0
2025-03-13,CASH,500.0,0.0,0.0,0.0,500.0,500.0,500.0,0.0,0.0,0.0
2025-03-14,CASH,500.0,0.0,0.0,0.0,500.0,500.0,500.0,0.0,0.0,0.0
2025-03-15,CASH,500.0,0.0,0.0,0.0,500.0,500.0,500.0,0.0,0.0,0.0
2025-03-16,CASH,500.0,0.0,0.0,0.0,500.0,500.0,500.0,0.0,0.0,0.0
2025-03-17,CASH,500.0,0.0,0.0,0.0,500.0,500.0,500.0,0.0,0.0,0.0
2025-03-18,CASH,500.0,0.0,0.0,0.0,500.0,500.0,500.0,0.0,0.0,0.0
2025-03-19,CASH,500.0,0.0,0.0,0.0,500.0,500.0,500.0,0.0,0.0,0.0
2025-03-20,CASH,500.0,0.0,0.0,0.0,500.0,500.0,500.0,0.0,0.0,0.0
2025-03-21,CASH,500.0,0.0,0.0,0.0,500.0,500.0,500.0,0.0,0.0,0.0
2025-03-22,CASH,500.0,0.0,0.0,0.0,500.0,500.0,500.0,0.0,0.0,0.0
2025-03-23,CASH,500.0,0.0,0.0,0.0,500.0,500.0,500.0,0.0,0.0,0.0
2025-03-24,CASH,500.0,0.0,0.0,0.0,500.0,500.0,500.0,0.0,0.0,0.0
2025-03-25,CASH,500.0,0.0,0.0,0.0,500.0,500.0,500.0,0.0,0.0,0.0
2025-03-26,CASH,500.0,0.0,0.0,0.0,500.0,500.0,500.0,0.0,0.0,0.0
2025-03-27,CASH,500.0,0.0,0.0,0.0,500.0,500.0,500.0,0.0,0.0,0.0
2025-03-28,CASH,500.0,0.0,0.0,0.0,500.0,500.0,500.0,0.0,0.0,0.0
2025-03-29,CASH,500.0,0.0,0.0,0.0,500.0,500.0,500.0,0.0,0.0,0.0
2025-03-30,CASH,500.0,0.0,0.0,0.0,500.0,500.0,500.0,0.0,0.0,0.0
2025-03-31,CASH,500.0,0.0,0.0,0.0,500.0,500.0,500.0,0.0,0.0,0.0
2025-04-01,CASH,500.0,0.0,0.0,0.0,500.0,500.0,500.0,0.0,0.0,0.0
2025-04-02,CASH,500.0,0.0,0.0,0.0,500.0,500.0,500.0,0.0,0.0,0.0
2025-04-03,CASH,500.0,0.0,0.0,0.0,500.0,500.0,500.0,0.0,0.0,0.0
2025-04-04,CASH,500.0,0.0,0.0,0.0,500.0,500.0,500.0,0.0,0.0,0.0
2025-04-05,CASH,500.0,0.0,0.0,0.0,500.0,500.0,500.0,0.0,0.0,0.0
2025-04-06,CASH,500.0,0.0,0.0,0.0,500.0,500.0,500.0,0.0,0.0,0.0
2025-04-07,CASH,500.0,0.0,0.0,0.0,500.0,500.0,500.0,0.0,0.0,0.0
2025-04-08,CASH,500.0,0.0,0.0,0.0,500.0,500.0,500.0,0.0,0.0,0.0
2025-04-09,CASH,500.0,0.0,0.0,0.0,500.0,500.0,500.0,0.0,0.0,0.0
2025-04-10,CASH,500.0,0.0,0.0,0.0,500.0,500.0,500.0,0.0,0.0,0.0
2025-04-11,CASH,500.0,0.0,0.0,0.0,500.0,500.0,500.0,0.0,0.0,0.0
2025-04-12,CASH,500.0,0.0,0.0,0.0,500.0,500.0,500.0,0.0,0.0,0.0
2025-04-13,CASH,500.0,0.0,0.0,0.0,500.0,500.0,500.0,0.0,0.0,0.0
2025-04-14,CASH,500.0,0.0,0.0,0.0,500.0,500.0,500.0,0.0,0.0,0.0
2025-04-15,CASH,500.0,0.0,0.0,0.0,500.0,500.0,500.0,0.0,0.0,0.0
2025-04-16,CASH,500.0,0.0,0.0,0.0,500.0,500.0,500.0,0.0,0.0,0.0
2025-04-17,CASH,500.0,0.0,0.0,0.0,500.0,500.0,500.0,0.0,0.0,0.0
2025-04-18,CASH,500.0,0.0,0.0,0.0,500.0,500.0,500.0,0.0,0.0,0.0
2025-04-19,CASH,500.0,0.0,0.0,0.0,500.0,500.0,500.0,0.0,0.0,0.0
2025-04-20,CASH,500.0,0.0,0.0,0.0,500.0,500.0,500.0,0.0,0.0,0.0
2025-04-21,CASH,500.0,0.0,0.0,0.0,500.0,500.0,500.0,0.0,0.0,0.0
2025-04-22,CASH,500.0,0.0,0.0,0.0,500.0,500.0,500.0,0.0,0.0,0.0
2025-04-23,CASH,500.0,0.0,0.0,0.0,500.0,500.0,500.0,0.0,0.0,0.0
2025-04-24,CASH,500.0,0.0,0.0,0.0,500.0,500.0,500.0,0.0,0.0,0.0
2025-04-25,CASH,500.0,0.0,0.0,0.0,500.0,500.0,500.0,0.0,0.0,0.0
2025-04-26,CASH,500.0,0.0,0.0,0.0,500.0,500.0,500.0,0.0,0.0,0.0
2025-04-27,CASH,500.0,0.0,0.0,0.0,500.0,500.0,500.0,0.0,0.0,0.0
2025-04-28,CASH,500.0,0.0,0.0,0.0,500.0,500.0,500.0,0.0,0.0,0.0
2025-04-29,CASH,500.0,0.0,0.0,0.0,500.0,500.0,500.0,0.0,0.0,0.0
2025-04-30,CASH,500.0,0.0,0.0,0.0,500.0,500.0,500.0,0.0,0.0,0.0
2025-05-01,CASH,500.0,0.0,0.0,0.0,500.0,500.0,500.0,0.0,0.0,0.0
2025-05-02,CASH,500.0,0.0,0.0,0.0,500.0,500.0,500.0,0.0,0.0,0.0
2025-05-03,CASH,500.0,0.0,0.0,0.0,500.0,500.0,500.0,0.0,0.0,0.0
2025-05-04,CASH,500.0,0.0,0.0,0.0,500.0,500.0,500.0,0.0,0.0,0.0
2025-05-05,CASH,500.0,0.0,0.0,0.0,500.0,500.0,500.0,0.0,0.0,0.0
2025-05-06,CASH,500.0,0.0,0.0,0.0,500.0,500.0,500.0,0.0,0.0,0.0
2025-05-07,CASH,500.0,0.0,0.0,0.0,500.0,500.0,500.0,0.0,0.0,0.0
2025-05-08,CASH,500.0,0.0,0.0,0.0,500.0,500.0,500.0,0.0,0.0,0.0
2025-05-09,CASH,500.0,0.0,0.0,0.0,500.0,500.0,500.0,0.0,0.0,0.0
2025-05-10,CASH,500.0,0.0,0.0,0.0,500.0,500.0,500.0,0.0,0.0,0.0
2025-05-11,CASH,500.0,0.0,0.0,0.0,500.0,500.0,500.0,0.0,0.0,0.0
2025-05-12,CASH,500.0,0.0,0.0,0.0,500.0,500.0,500.0,0.0,0.0,0.0
2025-05-13,CASH,500.0,0.0,0.0,0.0,500.0,500.0,500.0,0.0,0.0,0.0
2025-05-14,CASH,500.0,0.0,0.0,0.0,500.0,500.0,500.0,0.0,0.0,0.0
2025-05-15,CASH,500.0,0.0,0.0,0.0,500.0,500.0,500.0,0.0,0.0,0.0
2025-05-16,CASH,500.0,0.0,0.0,0.0,500.0,500.0,500.0,0.0,0.0,0.0
2025-05-17,CASH,500.0,0.0,0.0,0.0,500.0,500.0,500.0,0.0,0.0,0.0
2025-05-18,CASH,500.0,0.0,0.0,0.0,500.0,500.0,500.0,0.0,0.0,0.0
2025-05-19,CASH,500.0,0.0,0.0,0.0,500.0,500.0,500.0,0.0,0.0,0.0
2025-05-20,CASH,500.0,0.0,0.0,0.0,500.0,500.0,500.0,0.0,0.0,0.0
2025-05-21,CASH,500.0,0.0,0.0,0.0,500.0,500.0,500.0,0.0,0.0,0.0
2025-05-22,CASH,500.0,0.0,0.0,0.0,500.0,500.0,500.0,0.0,0.0,0.0
2025-05-23,CASH,500.0,0.0,0.0,0.0,500.0,500.0,500.0,0.0,0.0,0.0
2025-05-24,CASH,500.0,0.0,0.0,0.0,500.0,500.0,500.0,0.0,0.0,0.0
2025-05-25,CASH,500.0,0.0,0.0,0.0,500.0,500.0,500.0,0.0,0.0,0.0
2025-05-26,CASH,500.0,0.0,0.0,0.0,500.0,500.0,500.0,0.0,0.0,0.0
2025-05-27,CASH,500.0,0.0,0.0,0.0,500.0,500.0,500.0,0.0,0.0,0.0
2025-05-28,CASH,500.0,0.0,0.0,0.0,500.0,500.0,500.0,0.0,0.0,0.0
2025-05-29,CASH,500.0,0.0,0.0,0.0,500.0,500.0,500.0,0.0,0.0,0.0
2025-05-30,CASH,500.0,0.0,0.0,0.0,500.0,500.0,500.0,0.0,0.0,0.0
2025-05-31,CASH,500.0,0.0,0.0,0.0,500.0,500.0,500.0,0.0,0.0,0.0
2025-06-01,CASH,500.0,0.0,0.0,0.0,500.0,500.0,500.0,0.0,0.0,0.0
2025-06-02,CASH,500.0,0.0,0.0,0.0,500.0,500.0,500.0,0.0,0.0,0.0
2025-06-03,CASH,500.0,0.0,0.0,0.0,500.0,500.0,500.0,0.0,0.0,0.0
2025-06-04,CASH,500.0,0.0,0.0,0.0,500.0,500.0,500.0,0.0,0.0,0.0
2025-06-05,CASH,500.0,0.0,0.0,0.0,500.0,500.0,500.0,0.0,0.0,0.0
2025-06-06,CASH,500.0,0.0,0.0,0.0,500.0,500.0,500.0,0.0,0.0,0.0
2025-06-07,CASH,500.0,0.0,0.0,0.0,500.0,500.0,500.0,0.0,0.0,0.0
2025-06-08,CASH,500.0,0.0,0.0,0.0,500.0,500.0,500.0,0.0,0.0,0.0
2025-06-09,CASH,500.0,0.0,0.0,0.0,500.0,500.0,500.0,0.0,0.0,0.0
2025-06-10,CASH,500.0,0.0,0.0,0.0,500.0,500.0,500.0,0.0,0.0,0.0
2025-06-11,CASH,500.0,0.0,0.0,0.0,500.0,500.0,500.0,0.0,0.0,0.0
2025-06-12,CASH,500.0,0.0,0.0,0.0,500.0,500.0,500.0,0.0,0.0,0.0
2025-06-13,CASH,500.0,0.0,0.0,0.0,500.0,500.0,500.0,0.0,0.0,0.0
2025-06-14,CASH,500.0,0.0,0.0,0.0,500.0,500.0,500.0,0.0,0.0,0.0
2025-06-15,CASH,500.0,0.0,0.0,0.0,500.0,500.0,500.0,0.0,0.0,0.0
2025-06-16,CASH,500.0,0.0,0.0,0.0,500.0,500.0,500.0,0.0,0.0,0.0
2025-06-17,CASH,500.0,0.0,0.0,0.0,500.0,500.0,500.0,0.0,0.0,0.0
2025-06-18,CASH,500.0,0.0,0.0,0.0,500.0,500.0,500.0,0.0,0.0,0.0
2025-06-19,CASH,500.0,0.0,0.0,0.0,500.0,500.0,500.0,0.0,0.0,0.0
2025-06-20,CASH,500.0,0.0,0.0,0.0,500.0,500.0,500.0,0.0,0.0,0.0
2025-06-21,CASH,500.0,0.0,0.0,0.0,500.0,500.0,500.0,0.0,0.0,0.0
2025-06-22,CASH,500.0,0.0,0.0,0.0,500.0,500.0,500.0,0.0,0.0,0.0
2025-06-23,CASH,500.0,0.0,0.0,0.0,500.0,500.0,500.0,0.0,0.0,0.0
2025-06-24,CASH,500.0,0.0,0.0,0.0,500.0,500.0,500.0,0.0,0.0,0.0
2025-06-25,CASH,500.0,0.0,0.0,0.0,500.0,500.0,500.0,0.0,0.0,0.0
2025-06-26,CASH,500.0,0.0,0.0,0.0,500.0,500.0,500.0,0.0,0.0,0.0
2025-06-27,CASH,500.0,0.0,0.0,0.0,500.0,500.0,500.0,0.0,0.0,0.0
2025-06-28,CASH,500.0,0.0,0.0,0.0,500.0,500.0,500.0,0.0,0.0,0.0
2025-06-29,CASH,500.0,0.0,0.0,0.0,500.0,500.0,500.0,0.0,0.0,0.0
2025-06-30,CASH,500.0,0.0,0.0,0.0,500.0,500.0,500.0,0.0,0.0,0.0
2025-07-01,CASH,500.0,0.0,0.0,0.0,500.0,500.0,500.0,0.0,0.0,0.0
2025-07-02,CASH,500.0,0.0,0.0,0.0,500.0,500.0,500.0,0.0,0.0,0.0
2025-07-03,CASH,500.0,0.0,0.0,0.0,500.0,500.0,500.0,0.0,0.0,0.0
2025-07-04,CASH,500.0,0.0,0.0,0.0,500.0,500.0,500.0,0.0,0.0,0.0
2025-07-05,CASH,500.0,0.0,0.0,0.0,500.0,500.0,500.0,0.0,0.0,0.0
2025-07-06,CASH,500.0,0.0,0.0,0.0,500.0,500.0,500.0,0.0,0.0,0.0
2025-07-07,CASH,500.0,0.0,0.0,0.0,500.0,500.0,500.0,0.0,0.0,0.0
2025-07-08,CASH,500.0,0.0,0.0,0.0,500.0,500.0,500.0,0.0,0.0,0.0
2025-07-09,CASH,500.0,0.0,0.0,0.0,500.0,500.0,500.0,0.0,0.0,0.0
2025-07-10,CASH,500.0,0.0,0.0,0.0,500.0,500.0,500.0,0.0,0.0,0.0
2025-07-11,CASH,500.0,0.0,0.0,0.0,500.0,500.0,500.0,0.0,0.0,0.0
2025-07-12,CASH,500.0,0.0,0.0,0.0,500.0,500.0,500.0,0.0,0.0,0.0
2025-07-13,CASH,500.0,0.0,0.0,0.0,500.0,500.0,500.0,0.0,0.0,0.0
2025-07-14,CASH,500.0,0.0,0.0,0.0,500.0,500.0,500.0,0.0,0.0,0.0
2025-07-15,CASH,500.0,0.0,0.0,0.0,500.0,500.0,500.0,0.0,0.0,0.0
2025-07-16,CASH,500.0,0.0,0.0,0.0,500.0,500.0,500.0,0.0,0.0,0.0
2025-07-17,CASH,500.0,0.0,0.0,0.0,500.0,500.0,500.0,0.0,0.0,0.0
2025-07-18,CASH,500.0,0.0,0.0,0.0,500.0,500.0,500.0,0.0,0.0,0.0
2025-07-19,CASH,500.0,0.0,0.0,0.0,500.0,500.0,500.0,0.0,0.0,0.0
2025-07-20,CASH,500.0,0.0,0.0,0.0,500.0,500.0,500.0,0.0,0.0,0.0
2025-07-21,CASH,500.0,0.0,0.0,0.0,500.0,500.0,500.0,0.0,0.0,0.0
2025-07-22,CASH,500.0,0.0,0.0,0.0,500.0,500.0,500.0,0.0,0.0,0.0
2025-07-23,CASH,500.0,0.0,0.0,0.0,500.0,500.0,500.0,0.0,0.0,0.0
2025-07-24,CASH,500.0,0.0,0.0,0.0,500.0,500.0,500.0,0.0,0.0,0.0
2025-07-25,CASH,500.0,0.0,0.0,0.0,500.0,500.0,500.0,0.0,0.0,0.0
2025-07-26,CASH,500.0,0.0,0.0,0.0,500.0,500.0,500.0,0.0,0.0,0.0
2025-07-27,CASH,500.0,0.0,0.0,0.0,500.0,500.0,500.0,0.0,0.0,0.0
2025-07-28,CASH,500.0,0.0,0.0,0.0,500.0,500.0,500.0,0.0,0.0,0.0
2025-07-29,CASH,500.0,0.0,0.0,0.0,500.0,500.0,500.0,0.0,0.0,0.0
2025-07-30,CASH,500.0,0.0,0.0,0.0,500.0,500.0,500.0,0.0,0.0,0.0
2025-07-31,CASH,500.0,0.0,0.0,0.0,500.0,500.0,500.0,0.0,0.0,0.0
2025-08-01,CASH,500.0,0.0,0.0,0.0,500.0,500.0,500.0,0.0,0.0,0.0
2025-08-02,CASH,500.0,0.0,0.0,0.0,500.0,500.0,500.0,0.0,0.0,0.0
2025-08-03,CASH,500.0,0.0,0.0,0.0,500.0,500.0,500.0,0.0,0.0,0.0
2025-08-04,CASH,500.0,0.0,0.0,0.0,500.0,500.0,500.0,0.0,0.0,0.0
2025-08-05,CASH,500.0,0.0,0.0,0.0,500.0,500.0,500.0,0.0,0.0,0.0
2025-08-06,CASH,500.0,0.0,0.0,0.0,500.0,500.0,500.0,0.0,0.0,0.0
2025-08-07,CASH,500.0,0.0,0.0,0.0,500.0,500.0,500.0,0.0,0.0,0.0
2025-08-08,CASH,500.0,0.0,0.0,0.0,500.0,500.0,500.0,0.0,0.0,0.0
2025-08-09,CASH,500.0,0.0,0.0,0.0,500.0,500.0,500.0,0.0,0.0,0.0
2025-08-10,CASH,500.0,0.0,0.0,0.0,500.0,500.0,500.0,0.0,0.0,0.0
2025-08-11,CASH,500.0,0.0,0.0,0.0,500.0,500.0,500.0,0.0,0.0,0.0
2025-08-12,CASH,500.0,0.0,0.0,0.0,500.0,500.0,500.0,0.0,0.0,0.0
2025-08-13,CASH,500.0,0.0,0.0,0.0,500.0,500.0,500.0,0.0,0.0,0.0
2025-08-14,CASH,500.0,0.0,0.0,0.0,500.0,500.0,500.0,0.0,0.0,0.0
2025-08-15,CASH,500.0,0.0,0.0,0.0,500.0,500.0,500.0,0.0,0.0,0.0
2025-08-16,CASH,500.0,0.0,0.0,0.0,500.0,500.0,500.0,0.0,0.0,0.0
2025-08-17,CASH,500.0,0.0,0.0,0.0,500.0,500.0,500.0,0.0,0.0,0.0
2025-08-18,CASH,500.0,0.0,0.0,0.0,500.0,500.0,500.0,0.0,0.0,0.0
2025-08-19,CASH,500.0,0.0,0.0,0.0,500.0,500.0,500.0,0.0,0.0,0.0
2025-08-20,CASH,500.0,0.0,0.0,0.0,500.0,500.0,500.0,0.0,0.0,0.0
2025-08-21,CASH,500.0,0.0,0.0,0.0,500.0,500.0,500.0,0.0,0.0,0.0
2025-08-22,CASH,500.0,0.0,0.0,0.0,500.0,500.0,500.0,0.0,0.0,0.0
2025-08-23,CASH,500.0,0.0,0.0,0.0,500.0,500.0,500.0,0.0,0.0,0.0
2025-08-24,CASH,500.0,0.0,0.0,0.0,500.0,500.0,500.0,0.0,0.0,0.0
2025-08-25,CASH,500.0,0.0,0.0,0.0,500.0,500.0,500.0,0.0,0.0,0.0
2025-08-26,CASH,500.0,0.0,0.0,0.0,500.0,500.0,500.0,0.0,0.0,0.0
2025-08-27,CASH,500.0,0.0,0.0,0.0,500.0,500.0,500.0,0.0,0.0,0.0
2025-08-28,CASH,500.0,0.0,0.0,0.0,500.0,500.0,500.0,0.0,0.0,0.0
2025-08-29,CASH,500.0,0.0,0.0,0.0,500.0,500.0,500.0,0.0,0.0,0.0
2025-08-30,CASH,500.0,0.0,0.0,0.0,500.0,500.0,500.0,0.0,0.0,0.0
2025-08-31,CASH,500.0,0.0,0.0,0.0,500.0,500.0,500.0,0.0,0.0,0.0
2025-09-01,CASH,500.0,0.0,0.0,0.0,500.0,500.0,500.0,0.0,0.0,0.0
2025-09-02,CASH,500.0,0.0,0.0,0.0,500.0,500.0,500.0,0.0,0.0,0.0
2025-09-03,CASH,500.0,0.0,0.0,0.0,500.0,500.0,500.0,0.0,0.0,0.0
2025-09-04,CASH,500.0,0.0,0.0,0.0,500.0,500.0,500.0,0.0,0.0,0.0
2025-09-05,CASH,500.0,0.0,0.0,0.0,500.0,500.0,500.0,0.0,0.0,0.0
2025-09-06,CASH,500.0,0.0,0.0,0.0,500.0,500.0,500.0,0.0,0.0,0.0
2025-09-07,CASH,500.0,0.0,0.0,0.0,500.0,500.0,500.0,0.0,0.0,0.0
2025-09-08,CASH,500.0,0.0,0.0,0.0,500.0,500.0,500.0,0.0,0.0,0.0
2025-09-09,CASH,500.0,0.0,0.0,0.0,500.0,500.0,500.0,0.0,0.0,0.0
2025-09-10,CASH,500.0,0.0,0.0,0.0,500.0,500.0,500.0,0.0,0.0,0.0
2025-09-11,CASH,500.0,0.0,0.0,0.0,500.0,500.0,500.0,0.0,0.0,0.0
2025-09-12,CASH,500.0,0.0,0.0,0.0,500.0,500.0,500.0,0.0,0.0,0.0
2025-09-13,CASH,500.0,0.0,0.0,0.0,500.0,500.0,500.0,0.0,0.0,0.0
2025-09-14,CASH,500.0,0.0,0.0,0.0,500.0,500.0,500.0,0.0,0.0,0.0
2025-09-15,CASH,500.0,0.0,0.0,0.0,500.0,500.0,500.0,0.0,0.0,0.0
2025-09-16,CASH,500.0,0.0,0.0,0.0,500.0,500.0,500.0,0.0,0.0,0.0
2025-09-17,CASH,500.0,0.0,0.0,0.0,500.0,500.0,500.0,0.0,0.0,0.0
2025-09-18,CASH,500.0,0.0,0.0,0.0,500.0,500.0,500.0,0.0,0.0,0.0
2025-09-19,CASH,500.0,0.0,0.0,0.0,500.0,500.0,500.0,0.0,0.0,0.0
2025-09-20,CASH,500.0,0.0,0.0,0.0,500.0,500.0,500.0,0.0,0.0,0.0
2025-09-21,CASH,500.0,0.0,0.0,0.0,500.0,500.0,500.0,0.0,0.0,0.0
2025-09-22,CASH,500.0,0.0,0.0,0.0,500.0,500.0,500.0,0.0,0.0,0.0
2025-09-23,CASH,500.0,0.0,0.0,0.0,500.0,500.0,500.0,0.0,0.0,0.0
2025-09-24,CASH,500.0,0.0,0.0,0.0,500.0,500.0,500.0,0.0,0.0,0.0
2025-09-25,CASH,500.0,0.0,0.0,0.0,500.0,500.0,500.0,0.0,0.0,0.0
2025-09-26,CASH,500.0,0.0,0.0,0.0,500.0,500.0,500.0,0.0,0.0,0.0
2023-01-10,STOCK,546.6019542983613,0.005945830859060752,0.01379093646942775,0.023442126397405394,543.046487019812,538.2907045460709,523.5449716392664,0.005928224163244344,0.00254885560472929,24.85367759279984
2023-01-11,STOCK,548.786167891333,0.003995985700006255,0.009965576014154376,0.017842030554355404,546.2530944897984,542.4015133903872,528.4235884283996,0.003988022954777293,0.002785247967111893,20.554044221581194
2023-01-12,STOCK,549.8747493302027,0.0019836167574203145,0.005987528961623356,0.011968960655153627,548.420957173299,545.5600756561944,533.4110633614198,0.0019816519875046623,0.0029688005948358535,15.792811329035999
2023-01-13,STOCK,549.843251422696,-5.728196747545322e-05,0.0019262211644741623,0.005929904016708676,549.5013895480773,547.6954568444587,537.6481978413215,-5.728360814938327e-05,0.00309936976816145,10.67690594132182
2023-01-14,STOCK,548.6923815439097,-0.0020930872131437184,-0.0021502492844656107,-0.00017089779755863344,549.4701274322694,548.7597008973005,541.0398349624058,-0.00209528078160659,0.003177038189813697,5.321220264208932
2023-01-15,STOCK,546.4479857501934,-0.00409044460832686,-0.006174970164164906,-0.006231898417200288,548.3278729055997,548.728907187667,543.5098058668689,-0.004098833360505871,0.0032019258276087905,-0.15396854816788164
2023-01-16,STOCK,543.1604683324437,-0.00601615799395161,-0.010081993841249193,-0.012153978562000844,546.1002785421823,547.6037672758891,545.0026403331382,-0.006034327984799859,0.003174082133130357,-5.625699558889323
2023-01-17,STOCK,538.9036598443961,-0.007837110276298964,-0.013806118976612325,-0.017840090420009447,542.837371309011,545.4095493787278,545.484812517461,-0.007867981826652937,0.003093452134702636,-10.971089485806601
2023-01-18,STOCK,533.7731590275575,-0.009520256029287189,-0.017282755009226047,-0.023194937218471434,538.6124290681324,542.1955308997001,544.9454938720794,-0.009565863359847881,0.0029599143910859793,-16.07009239513843
2023-01-19,STOCK,527.8841858695708,-0.011032726277798166,-0.02044794792821969,-0.028124805381681273,533.5203349138416,538.0338917648323,543.3967963310664,-0.011094038177696497,0.0027733930694775455,-20.80819567433889
2023-01-20,STOCK,521.3689940116915,-0.012342085692805926,-0.023238645117458323,-0.0325376632954536,527.67544630294,533.0180934171319,540.8735003023994,-0.012418881769141521,0.002534052063445962,-25.07899173850194
2023-01-21,STOCK,514.3739006171272,-0.013416780581331222,-0.02559327521848087,-0.03634363789624118,521.2090268327966,527.2607798740686,537.4322735749789,-0.013507598822312339,0.0022425912751521016,-28.786567715316437
2023-01-22,STOCK,507.05600040299333,-0.014226810896420194,-0.027452713477582047,-0.039455975428147605,514.2662983439374,520.8912479857881,533.1503986822579,-0.014328982175878302,0.001900702749339666,-31.847659441402755
2023-01-23,STOCK,499.5796376316426,-0.014744649043515468,-0.028761690606259438,-0.04179258189557833,507.00317955058773,514.0525437066051,528.1240373031526,-0.014854431857084016,0.0015118916734257939,-34.193521395914956
2023-01-24,STOCK,492.1127152928376,-0.014946410494637852,-0.029470679960949542,-0.04327821706657642,499.5827844424912,506.89824959125843,522.4660706780453,-0.015059233700778663,0.0010836203215350976,-35.771470576733236
2023-01-25,STOCK,484.82292436457857,-0.014813254568968315,-0.02953826008005689,-0.04384737784533577,492.1717590963529,499.5890356618359,516.3035645394839,-0.014924066509739653,0.000637618001382316,-36.546069647112915
2023-01-26,STOCK,477.8739778352574,-0.014332957828734338,-0.02893389464465934,-0.043447847272729545,484.93653916422454,492.2890511054619,509.77491548976525,-0.014436666832742695,0.0003193606521058028,-36.49992278186983
2023-01-27,STOCK,471.4219340628828,-0.01350155913825224,-0.027640999689235835,-0.042044801093266804,478.03961208757295,485.1622378374398,503.02674291161395,-0.013593533995376106,0.0005951498682155753,-35.63406634011051
2023-01-28,STOCK,465.6116920408013,-0.012324929330306711,-0.025660082706331022,-0.03962525565175368,471.6358679796472,478.36864871927156,496.21059621293836,-0.012401511166180157,0.0011014180642286995,-33.96794559084128
2023-01-29,STOCK,460.57373727869026,-0.010820077863658017,-0.023011650498946712,-0.036202516477118585,465.86912112745813,472.0608531164421,489.4795513538502,-0.010879040612899793,0.001633250446310654,-31.538978014147347
2023-01-30,STOCK,456.4212113793206,-0.0090159849840874,-0.01973850918819997,-0.03182016278767652,460.86888023293733,466.38051051939044,482.9847730906132,-0.009056874937728665,0.0021522901838573424,-28.401712985257973
2023-01-31,STOCK,453.24737112207754,-0.006953752757571485,-0.015907042811213468,-0.026555005233073636,456.7474399266962,461.4551891767545,476.8721201411082,-0.006978042766249359,0.0026354650924709988,-24.626606713179854
2023-02-01,STOCK,451.1234941167452,-0.004685911360223449,-0.011607079448752056,-0.02051841517882036,453.59735887271444,457.395501187527,471.27886951248337,-0.00469692466123206,0.003062433752675294,-20.29843994613765
2023-02-02,STOCK,450.09727806205603,-0.0022748007321107266,-0.006950052577741395,-0.013855476388035082,451.48938110029286,454.292618391778,466.33063355552474,-0.0022773920218206456,0.003414607164175138,-15.514413978745267
2023-02-03,STOCK,450.19176955820797,0.0002099357200264773,-0.0020653425740139175,-0.00674157592200697,450.47084724566975,452.2162248476815,462.1385389820618,0.00020991368660716603,0.0036759331827196412,-10.381967720482294
2023-02-04,STOCK,451.404846529909,0.0026945782969143295,0.0029050797051757282,0.0006236704956248396,450.56463138339103,451.2129518777991,458.7967311985948,0.0026909544292195164,0.003834022166704706,-5.016364849411616
2023-02-05,STOCK,453.7092658836134,0.0051049947102235205,0.007813328815089893,0.008024904831926971,451.7686273239101,451.3053308301063,456.3802600034304,0.005092008402663772,0.0038811715993829947,0.4618947615358593
2023-02-06,STOCK,457.0532753286704,0.007370379440112318,0.01251299989838972,0.015241295453259696,454.0557959140642,452.4912870724914,454.94339413000915,0.007343350919285285,0.0038150533983608804,5.929781211925217
2023-02-07,STOCK,461.36177562220064,0.009426691648652952,0.01686654938308063,0.02205764773868446,457.3747722781615,454.7441865845203,454.51840248814904,0.009382537658079393,0.0036389282462351707,11.264497560144605
2023-02-08,STOCK,466.5380071361869,0.01121946330947221,0.020751917379207008,0.028275246324513725,461.6510193623526,458.01343410011606,455.1148294738988,0.011156991960063145,0.003361346229193295,16.34623757797891
2023-02-09,STOCK,472.4657228701181,0.012705750964038476,0.02406776598027105,0.03372133703749203,466.78850187616854,462.2256093681579,456.7192806229785,0.012625710182713412,0.002995390806926481,21.06087634020912
2023-02-10,STOCK,479.01179910800704,0.013855134713526063,0.026736925568807912,0.03825636283370737,472.671843038104,467.28611601303663,459.29572342157144,0.013760029788752348,0.002557617457885571,25.302533224393642
2023-02-11,STOCK,486.0292250900537,0.014649797760961647,0.028707907395991716,0.04177841388210246,479.1689156893929,473.0813059653133,462.7862965189023,0.014543526121806316,0.002066944769506141,28.975949761383333
2023-02-12,STOCK,493.3604045573741,0.015083824364598764,0.029954597101963687,0.044224756793626696,486.13380958514495,479.48103175234803,467.1126091684341,0.014971194664634702,0.0015440106654128233,31.998628935173485
2023-02-13,STOCK,500.8406950242175,0.01516191894960528,0.03047444303667013,0.045570685224996854,493.41010822388176,486.3415693299541,472.177501715035,0.015048125829546954,0.0010128551695169955,34.30268788803062
2023-02-14,STOCK,508.30210529324785,0.014897771573193719,0.03028556932792137,0.04582621590104452,500.83440162494645,493.50884581458,477.867227591369,0.014787889759507955,0.0005196610015101573,35.83638242312975
2023-02-15,STOCK,515.5770681756688,0.014312281626738477,0.029423274302298408,0.045031306552107075,508.2399561643781,500.8218996281124,484.0540078205745,0.01421082780204408,0.00034112982622815227,36.5652690676618
2023-02-16,STOCK,522.5022036890309,0.013431814447966373,0.02793633598584222,0.043250296711144776,515.4604590526492,508.11649534790786,490.59890065661057,0.013342407338327256,0.0007115288264449232,36.47297859897719
2023-02-17,STOCK,528.92198821941,0.012286617137790667,0.02588346314734502,0.04056619618812363,522.3337533613699,515.228812080315,497.3549219163315,0.012211749282085016,0.0011578228416367067,35.561583662035844
2023-02-18,STOCK,534.6922472464881,0.010909470877744187,0.023330128507385473,0.03707530891251021,528.7054797183097,521.9991225247692,504.1703459273616,0.010850391892266664,0.0015803105746575933,33.85155222227064
2023-02-19,STOCK,539.6833931924576,0.00933461439112393,0.02034592097272303,0.03288252065182129,534.4325428861185,528.275380104611,510.8921129595956,0.009291316118100745,0.001961598882529155,31.38128789920978
2023-02-20,STOCK,543.7833356796441,0.007596940241080263,0.017002469139907106,0.0280974279595827,539.3863253728633,533.9166336054062,517.3692666167593,0.007568228811557276,0.002295189035236713,28.206267503975255
2023-02-21,STOCK,546.8999988387369,0.00573144293801775,0.013371924608593044,0.022831360759605568,543.455575903613,538.7961926353473,523.4563439916276,0.005715080708627696,0.002577970024008952,24.397795149705985
2023-02-22,STOCK,548.96338913431,0.003772884073787397,0.009525951081585937,0.01719525940377231,546.5489078842303,542.8044728183273,529.0166424493211,0.003765784598066979,0.0028084593337573075,20.04140091490001
2023-02-23,STOCK,549.9271672687303,0.0017556328044756597,0.005535140677310535,0.011298307958274023,548.5968517472592,545.8514568227758,533.9252896737725,0.0017540934825959198,0.00298607350037694,15.234920022242136
2023-02-24,STOCK,549.769688862881,-0.0002863622952679057,0.0014687677621680884,0.005247193326453736,549.5534150886405,547.8687159568606,538.0720480307357,-0.00028640330477891496,0.0031107064774138302,10.086295670423397
2023-02-25,STOCK,548.4944905422543,-0.002319513691750208,-0.002605211765753457,-0.0008541527565164575,549.3971155579552,548.8109469293826,541.3637902673943,-0.002322207930656184,0.0031824529530325206,4.711154862610215
2023-02-26,STOCK,546.130210511967,-0.0043104900250683365,-0.006620005476187241,-0.00690447205149225,548.1314633057008,548.6569892640284,543.726590949688,-0.004319806970569218,0.003201428951146422,-0.7697883267699126
2023-02-27,STOCK,542.729945404414,-0.0062261069651602385,-0.010509759418260156,-0.012804895579142772,545.7848821528786,547.4103005180493,545.1073866681884,-0.0062455699971319945,0.0031676725777092566,-6.233443729895953
2023-02-28,STOCK,538.3700578433744,-0.00803325410355027,-0.014209345169383436,-0.018458585953836426,542.4100712532519,545.0988786329782,545.475167727877,-0.008065694540952961,0.0030811181895656907,-11.557109425355861
2023-03-01,STOCK,533.1484615041092,-0.009698898115140686,-0.017654238505607545,-0.023770428293443335,538.0828215839659,541.7746331612237,544.8216745590422,-0.009746238777665006,0.0029416424627066447,-16.621227358771876
2023-03-02,STOCK,527.1824221833044,-0.011190202638817426,-0.020780568118676346,-0.02864688663811321,532.900313843596,537.5122194894337,543.1615832094081,-0.011253283993268859,0.002749185135352431,-21.312068358949887
2023-03-03,STOCK,520.6059242620878,-0.012474805009583423,-0.023525412052463945,-0.03299613959299097,526.9789359831672,532.4073622394579,540.5321757517432,-0.012553268617988778,0.0025039532244081294,-25.524286249879196
2023-03-04,STOCK,513.5666617056817,-0.013521287846241181,-0.025827417426464327,-0.03672860603064232,520.4516693836913,526.5747054997115,536.9925030088804,-0.013613532917268856,0.0022067311611896024,-29.163283698732357
2023-03-05,STOCK,506.2227211753532,-0.014299877850204368,-0.02762781293186689,-0.039757966362284014,513.465102381041,520.1452381661072,532.6220583995427,-0.014403106388872544,0.0018593625826939192,-32.14733666802124
2023-03-06,STOCK,498.7390317428171,-0.01478339299974607,-0.02887187013584247,-0.04200277311531764,506.1761382079507,513.2633522138487,527.5189926875363,-0.014893756401722413,0.0014656437935144275,-34.409429761292074
2023-03-07,STOCK,491.283660938851,-0.01494844062618006,-0.029510844953415938,-0.04338872132553018,498.7484712856738,506.0835999649582,521.797909727196,-0.015061294638027078,0.0010337932203847344,-35.8987612444534
2023-03-08,STOCK,484.0240403188863,-0.014776841155456855,-0.02950439104898206,-0.04385160904063279,491.34891100018484,498.7672231763178,515.5872927078879,-0.014887106267673644,0.0005893666718837735,-36.58188394320149
2023-03-09,STOCK,477.12320531123396,-0.014257215412494584,-0.0288233799604819,-0.043340956002676956,484.14363552299045,491.4785318974283,509.0266186985699,-0.01435982596967289,0.0003180957142656387,-36.44345639444771
2023-03-10,STOCK,470.73613379284825,-0.013386629380600645,-0.027452988734368855,-0.041824161436055385,477.2944598076562,484.38121442092734,502.26322629351733,-0.013477038055193624,0.0006480040912032405,-35.48658738250492
2023-03-11,STOCK,465.0062656203229,-0.012172144352629699,-0.025395829748014465,-0.039290971345212644,470.9552015748017,477.63466119642845,495.4490067051387,-0.012246831589707519,0.0011607821932367512,-33.73276612249418
2023-03-12,STOCK,460.06228127994996,-0.010632081126428772,-0.0226748102528187,-0.03575790035228932,465.26822689770705,471.3903852646483,488.7369926148032,-0.01068900554384733,0.0016925388401834052,-31.22137965890107
2023-03-13,STOCK,456.0152120014165,-0.008796785659702433,-0.01933533864734538,-0.03127213046685262,460.3612529672298,465.78861960115427,482.2779213887361,-0.008835705794841608,0.0022086274649271206,-28.008828317469806
2023-03-14,STOCK,452.9559462357546,-0.0067086923531235465,-0.015446463084138662,-0.0259143161619404,456.3444798390404,460.95516778605844,476.21684984174345,-0.006731296783838658,0.0026864843655762124,-24.167259075479365
2023-03-15,STOCK,450.95318849667547,-0.004421528750693904,-0.011100558427698526,-0.019799694854209515,453.30811557794885,456.9985787268239,470.68989657387567,-0.004431332618334949,0.003105956165992719,-19.782945296172784
2023-03-16,STOCK,450.05191640530916,-0.001998593455721731,-0.006411285367990183,-0.013076966379991783,451.32035037924646,454.0077088838211,465.8211850401249,-0.002000593308662424,0.00344868702107333,-14.954349215013735
2023-03-17,STOCK,450.2723705898005,0.0004898416748275736,-0.0015097307752597322,-0.0059245842079249655,450.42582516392844,452.0497267457912,461.7200560052197,0.0004897217415589239,0.003698978504463492,-9.78991069014944
2023-03-18,STOCK,451.60960012443695,0.0029698236489279495,0.0034611200671457176,0.001455609239508382,450.64462903984895,451.1686043703954,458.4786119857748,0.002965422434408893,0.003844919979138649,-4.405611876979549
2023-03-19,STOCK,454.0335737167662,0.005367409354587238,0.008353173262749758,0.008847106669958693,451.97184814366796,451.3841298665977,456.1696488263281,0.005353056149774105,0.003879385070428173,1.077627481011632
2023-03-20,STOCK,457.48985414568165,0.007612389543403042,0.013020657708836314,0.016029150414952564,454.3776759956283,452.69146299639885,454.8450208616114,0.007583561513817116,0.0038006710007860746,6.536665649006181
2023-03-21,STOCK,461.90082080404835,0.009641670997499574,0.017327456696384802,0.02278786960413548,457.80808288883213,455.0612438761467,454.53447637998397,0.009595486712838053,0.003612655559507873,11.848904398739194
2023-03-22,STOCK,467.1674128901992,0.011401997677733311,0.021153602985555686,0.02892702199513142,462.1860292799765,458.4402523362264,455.2449895410089,0.011337484822694144,0.0033244419284880733,16.8950423003987
2023-03-23,STOCK,473.17135409997826,0.012851797972454504,0.02440033182082435,0.03427726278997012,467.4131959314086,462.75260313133475,456.96060375086506,0.012769914437729568,0.0029495591868143665,21.561753975541308
2023-03-24,STOCK,479.777808857543,0.0139620767409534,0.026993312502958444,0.03870308786716481,473.3721919492402,467.9014501594901,459.64279001304396,0.013865504805853135,0.002504880362343726,25.744235140776766
2023-03-25,STOCK,486.83841043170986,0.014716398807564035,0.02888394703801911,0.04210695566245337,479.92919112974374,473.77116141669575,463.23131220654733,0.014609163409683212,0.0020095317974458834,29.348556286028213
2023-03-26,STOCK,494.1945929328771,0.01511011116531269,0.03004887639481213,0.04443049785396935,486.9369374073767,480.2299158424615,467.6455798593041,0.014997090516509104,0.0014843652574302105,32.29377212882872
2023-03-27,STOCK,501.68115236105683,0.015149011209834473,0.030488025618572223,0.04565309836999454,494.23805190854796,487.132663736633,472.78645803642974,0.01503541079208226,0.0009542478484123487,34.513739470857615
2023-03-28,STOCK,509.1299567315567,0.014847686295256679,0.03022162527121819,0.04578838855397538,501.6685673418303,494.32438426294874,478.5384936971417,0.014738538469913465,0.000472744386123308,35.95860263157846
2023-03-29,STOCK,516.3737219568847,0.014227733272326848,0.029286668487903844,0.044879343766960345,509.0616103498328,501.643566882817,484.77250852115355,0.014127468978615276,0.0003668377271588406,36.59591309934166
2023-03-30,STOCK,523.249768686711,0.01331602759290007,0.027733217754065675,0.04299267816649288,516.2511491250508,508.9258385338173,491.3484999752565,0.013228148570866516,0.0007614415225485587,36.411358255001176
2023-03-31,STOCK,529.6036757353611,0.012143162651743866,0.02562088893357961,0.04021314937985343,523.075722126319,516.007655094314,498.1187854683878,0.012070025930927208,0.0012068747968160213,35.40908280248402
2023-04-01,STOCK,535.2927480487332,0.010742131473073124,0.023015737574521022,0.03663824336403443,529.3820641569351,522.7299742318494,504.93131898424116,0.01068484466854347,0.001625268552044167,33.611595687676356
2023-04-02,STOCK,540.1892213275811,0.009147281177816602,0.019987673947923223,0.03237355017544652,535.0285483705585,528.9418271510542,511.6331057070014,0.009105698189839195,0.0020014445121682607,31.059264596024377
2023-04-03,STOCK,544.1831313382318,0.0073935388803856306,0.016608450837240163,0.027528992472771074,539.8883669048487,534.5037090273236,518.0736379550702,0.0073663406503037265,0.0023294547699658406,27.80940938134711
2023-04-04,STOCK,547.1847834722053,0.005515886033791606,0.012950206832027744,0.022215947193047647,543.8523787126727,539.2907119844224,524.1082752591199,0.005500729244294789,0.0026064264538014337,23.935014785494218
2023-04-05,STOCK,549.1267670937505,0.0035490453685904644,0.009084507532163943,0.016545213072197695,546.8315606347292,543.1953302561003,529.6014926752072,0.003542762368455854,0.0028310057984528873,19.523091358389365
2023-04-06,STOCK,549.9654694373959,0.0015273383012892605,0.005081804262804246,0.010625720949755335,548.7590066677839,546.1298745338329,534.4299243828411,0.0015261731064262207,0.0030026804521917617,14.672721388662694
2023-04-07,STOCK,549.6820550566381,-0.0005153312280636868,0.0010112199881031625,0.004563854222308983,549.5914305292614,548.0284412796443,538.4851342153493,-0.0005154640568365565,0.0031213786062518037,9.492833729056997
2023-04-08,STOCK,548.2828888274639,-0.002545410053508168,-0.0030594295522829995,-0.0015367640349290834,549.3101377738326,548.8483927774907,541.6760509024073,-0.002548655117527332,0.003187204695579733,4.099757489232161
2023-04-09,STOCK,545.799393006957,-0.004529588413415664,-0.007063468807038009,-0.007575160009047011,547.921445630353,548.5713146844412,543.9310133344318,-0.004539878082748139,0.0032002695593647554,-1.3853904652482925
2023-04-10,STOCK,542.2873415571468,-0.006434692846507883,-0.010935134749762154,-0.013452710401341772,545.4565411305226,547.2034295771203,545.1993799166104,-0.006455484723408844,0.0031605996348184214,-6.839425536603699
2023-04-11,STOCK,537.825607582062,-0.008227619627397376,-0.014609370268744981,-0.019072784247864072,541.9707807153886,544.7754572060536,545.4526658699432,-0.008261653295705607,0.003068119183510212,-12.139861855333834
2023-04-12,STOCK,532.5143920078558,-0.009875348996646327,-0.01802171800881147,-0.024340446635366275,537.5424470490216,541.3419245962971,544.6851829379707,-0.009924433675116084,0.0029227045076192183,-17.167663048782288
2023-04-13,STOCK,526.4729732860233,-0.01134508064477513,-0.021108393010659254,-0.029162340809419374,532.2709909586471,536.979941488009,542.9141671327499,-0.011409926996772235,0.002724313462349469,-21.80991554144066
2023-04-14,STOCK,519.8370286565307,-0.012604530462549168,-0.023806611692737234,-0.03344686209049019,526.27479798347,531.7874686179238,540.1793916511824,-0.012684641442712419,0.0024732000292945733,-25.962364350426242
2023-04-15,STOCK,512.7555871295087,-0.013622426138675259,-0.02605525231598571,-0.03710473402201597,519.6885296906877,525.8811177323961,536.5422736547582,-0.013716062729743683,0.002170239034478273,-29.53175442763802
2023-04-16,STOCK,505.3876826149722,-0.014369233021493288,-0.027795915344663857,-0.040050091345516736,512.6600994670039,519.3935327389781,532.0844949725158,-0.014473470194056759,0.0018174361277183099,-32.43792496708983
2023-04-17,STOCK,497.898782364058,-0.014818129741835495,-0.028974437604125658,-0.04220216160662904,505.34735070284637,512.4704108102186,526.9061677032579,-0.014929014997884238,0.0014189049895427235,-34.615609643797825
2023-04-18,STOCK,490.4570709312906,-0.014946233444142254,-0.029542887959650654,-0.04348761233992382,497.914511970107,505.2672303392721,521.1235859136405,-0.015059053963876856,0.0009837344643750076,-36.015902354732646
2023-04-19,STOCK,483.2296731120719,-0.014736045716488788,-0.029462030781308823,-0.04384358832856894,490.5285088024736,497.9457592303803,514.866613924152,-0.01484569981674877,0.0005423550742382861,-36.60735554445881
2023-04-20,STOCK,476.3789006800767,-0.014177052472533869,-0.028704184495662366,-0.04322139849750861,483.35521490781315,490.6704219404939,508.27576983644497,-0.014278506905642807,0.0003279091967593633,-36.37668644943204
2023-04-21,STOCK,470.0586072147383,-0.01326736649401472,-0.027256326815590537,-0.041590722054061335,476.55572700229567,483.60460686044706,501.49906979971263,-0.013356164283962357,0.0007023752015918357,-35.32907540023393
2023-04-22,STOCK,464.4107328815438,-0.012015255643674116,-0.025123211337544915,-0.03894409072466776,470.282746925453,476.9069969639442,494.6887038870815,-0.012088022288375022,0.001220327175895364,-33.48804948251416
2023-04-23,STOCK,459.56211676192254,-0.010440361895895256,-0.022330173922377683,-0.03530127781508918,464.6771522860683,470.72800613007064,487.99761823467145,-0.010495244806667081,0.0017516230103772406,-30.894954169368077
2023-04-24,STOCK,455.62164832092475,-0.008574397882841978,-0.018925239961800955,-0.03071310400921612,459.8648326547971,465.2064011718412,481.57608020111076,-0.008611369523778833,0.0022644824939797264,-27.60802479114716
2023-04-25,STOCK,452.67782198458957,-0.006461120421261568,-0.014980118086842631,-0.02526408212866804,455.9538623558123,460.4661854327438,475.56830368661883,-0.006482083806568895,0.0027367682572314346,-23.701078695487126
2023-04-26,STOCK,450.79674974591785,-0.00415543273232355,-0.010589704402299116,-0.019073301946134102,453.03207335047745,456.6138139389797,470.10921039971333,-0.004164090535857312,0.003148511535568267,-19.261857468820438
2023-04-27,STOCK,450.0206764320391,-0.0017215592488547538,-0.005869838157524954,-0.012293032847597418,451.1650827208489,453.7358026490788,465.32139980651147,-0.0017230428349437332,0.003481601351479899,-14.390056449504698
2023-04-28,STOCK,450.36703097646836,0.0007696414022024811,-0.0009532428299265927,-0.005104714425792856,450.39481905147517,451.896785491988,461.31239581102926,0.000769345380135178,0.003720707571114763,-9.195085785454182
2023-04-29,STOCK,451.8280350028337,0.0032440297043894173,0.004016167846162322,0.0022876945264072024,450.7385808037804,451.13806282836975,458.1722320001054,0.0032387791921753006,0.0038544113083834614,-3.7936133180910474
2023-04-30,STOCK,454.3708775104408,0.005627898914221108,0.008890185689861552,0.009666669347044188,452.1886478299143,451.4766739335399,455.97142968314193,0.005612121459394714,0.0038761704947882746,1.6930555258512072
2023-05-01,STOCK,457.9384517386119,0.007851678892182301,0.013523766261515524,0.01681166746537266,454.71245475062886,452.90501433207874,454.75941413552925,0.007821014866275178,0.0037849096613630034,7.141701992694038
2023-05-02,STOCK,462.4506376614162,0.009853258457928726,0.017782301971564607,0.023510277883743713,458.2533223034896,455.39100657795416,454.56340461351647,0.009805031642232898,0.003585119169947894,12.429961229377056
2023-05-03,STOCK,467.8061013107229,0.011580616855431325,0.02154798212433895,0.02956884885293598,462.73173023691703,458.8788206448051,455.3878030683965,0.011514074751721282,0.003286445084814821,17.439070334254552
2023-05-04,STOCK,473.8845705186634,0.012993565477041669,0.024724655835848486,0.03482153271801125,468.04710316360087,463.29012774797104,457.21409528817037,0.012909873298733388,0.0029028482403833274,22.056535515829694
2023-05-05,STOCK,480.5495359712292,0.014064533574644766,0.027240847489592657,0.0391369301626181,474.08006926687193,468.5258594401287,460.00126668683436,0.013966545722433388,0.002451505018281032,26.178658460788427
2023-05-06,STOCK,487.6513169131688,0.014778457599769146,0.0290508432875074,0.04242188279896841,480.6951411343539,474.46843247504,463.6867234035594,0.014670320295130601,0.0019517413435363405,29.712865174556896
2023-05-07,STOCK,495.0304226550576,0.015131930307496155,0.030134014497717354,0.04462236893100391,487.74375851315193,480.9843894737684,468.1876980258613,0.015018584645523525,0.0014246422245061913,32.5797849936414
2023-05-08,STOCK,502.52113439034053,0.015131820980025967,0.030492724948017358,0.04572181799053232,495.0676246528557,487.92739608969185,473.4031083672485,0.015018476947722625,0.0008960956450752213,34.715033079617626
2023-05-09,STOCK,509.9552268824599,0.014793591718561983,0.030149266680125075,0.045737413589846954,502.50226130928604,495.14152736245126,479.21582755521115,0.014685233900979533,0.00042953775924960445,36.0706563637965
2023-05-10,STOCK,517.1657464409948,0.01413951495823551,0.029142280888188044,0.04471507764556382,509.8807025712651,502.4647694564043,485.4953144482665,0.014040484420740462,0.0003994021620073002,36.616210469765576
2023-05-11,STOCK,523.9907603416184,0.013196956580345143,0.027523070103551595,0.04272382688406706,517.0372445550244,509.73265814209424,492.1005453085671,0.013110635370980006,0.0008116383026235016,36.33944342844961
2023-05-12,STOCK,530.27699348598,0.011996839677599125,0.02535211803027093,0.039850099640618364,523.8111667561978,516.7819723082787,498.88318089102347,0.011925448012175544,0.0012555547718930992,35.24657083092245
2023-05-13,STOCK,535.8832706299714,0.01057235598160955,0.02269603051893454,0.036192505628584115,530.0503414858566,523.454399556205,505.6908978229484,0.010516859436243031,0.0016696889231360694,33.3621362396309
2023-05-14,STOCK,540.6836868753553,0.00895795130857624,0.01962501394028604,0.03185729176379737,535.6146503304357,529.6000915547841,512.3708094586176,0.008918066874337605,0.002040682077524242,30.72845999289541
2023-05-15,STOCK,544.5704352223433,0.0071885807568004,0.016210927021773847,0.026954670694649296,540.3791309092234,535.0810293110537,518.7728993837289,0.007162866071338314,0.00236307767276311,27.40468878134857
2023-05-16,STOCK,547.4562276823947,0.005299208832137747,0.012525883379575165,0.021596040941562533,544.2367832600311,539.7741227792089,524.7533904606516,0.005285217432148492,0.002634223685748221,23.465467340776286
2023-05-17,STOCK,549.276255578256,0.003324517657907089,0.00864134380338033,0.01589204355795859,547.1009728276648,543.5739751976641,530.1779737529714,0.0033190036666059797,0.0028528870271231138,18.999262092276012
2023-05-18,STOCK,549.9896450071335,0.0012987807530955298,0.00462761623055008,0.009951347767488627,548.9073760892614,546.3952500730966,534.9248248146507,0.0012979380669380092,0.0030186215342086933,14.10637437716207
2023-05-19,STOCK,549.5803747804309,-0.0007441416950627611,0.0005536725811217114,0.0038800309333015814,549.6154251219402,548.1745876541116,538.8873396044479,-0.0007444187059260088,0.0031313863513894088,8.896687905075623
2023-05-20,STOCK,548.0576362251059,-0.0027707294969064877,-0.0035128093766249036,-0.002218590992736913,549.2092186708901,548.8720278546641,541.9765285828589,-0.0027745750728893626,0.003191293540369787,3.4872010027625038
2023-05-21,STOCK,545.4556267662813,-0.004747693101672001,-0.007505268025259415,-0.008243824737451888,547.6978792572728,548.4719076714415,544.1230152253253,-0.004758999196003977,0.0031984476202800436,-2.000600916113399
2023-05-22,STOCK,541.8327819268028,-0.006641869038837123,-0.01135802858469126,-0.014097288056771462,545.1153483060634,546.9832129411509,545.2785940694075,-0.0066640244075308885,0.0031528631372579638,-7.443473651453246
2023-05-23,STOCK,537.2704629913752,-0.00842016040300031,-0.015006103839154794,-0.019682552565146616,541.5196238948198,544.4393765379991,545.4173133055479,-0.008455810212737447,0.0030544549356845657,-12.719182015758292
2023-05-24,STOCK,531.8711298075119,-0.010049562661236355,-0.01838510413464911,-0.024904861719558524,536.9914582418966,540.8975275434154,544.5360575987636,-0.010100400400887999,0.0029031005622066185,-17.70924497291901
2023-05-25,STOCK,525.7560397582512,-0.01149731524528097,-0.021431334916523936,-0.029671040041876706,531.6325441857128,536.4372082500445,542.6546180523544,-0.01156392038656584,0.0026987786628789017,-22.301596466854676
2023-05-26,STOCK,519.0625245827472,-0.012731218796044108,-0.02408215920537038,-0.03388970669865454,525.5632313828369,531.1585878133376,539.8152477423895,-0.01281295523947179,0.002441794201084587,-26.393102183534097
2023-05-27,STOCK,511.94090620147915,-0.013720155172043724,-0.026276699670676917,-0.03747190341623852,518.9198235141592,525.1802126682729,536.0817128047119,-0.013815146364360764,0.0021331185867331406,-29.891875725323644
2023-05-28,STOCK,504.55112080999237,-0.014434840627051693,-0.027956947545808575,-0.040332240325777535,511.851517198073,518.6363442319964,531.5378603849978,-0.014540036489882446,0.001774930795754299,-32.71934218138284
2023-05-29,STOCK,497.05912705674734,-0.014848829869246183,-0.029069330003637095,-0.04239064945728355,504.51705135607295,511.6739436818434,526.2857356126294,-0.014960177371740713,0.0013716919238812794,-34.81200275076458
2023-05-30,STOCK,489.6331789696621,-0.014939768093701011,-0.02956675988823776,-0.04357480904844446,497.0811422788006,504.4493715241257,520.443289887085,-0.015052490536129781,0.0009335017262545074,-36.122860788589094
2023-05-31,STOCK,482.4400473333781,-0.01469085826949168,-0.0294111483475491,-0.043823257078723254,489.71078445326253,497.1248760742518,514.1417319437948,-0.01479983757789416,0.0004970858723566783,-36.62247724936907
2023-06-01,STOCK,475.64127437697454,-0.01409247220246923,-0.02857629996016775,-0.043089144759487774,482.5715002266716,489.8649497093509,507.5225811888119,-0.01419271397281019,0.00034800402388608854,-36.299631824504615
2023-06-02,STOCK,469.38954588376765,-0.013143788880382146,-0.027051032603419567,-0.04134448798689094,475.8236225313735,482.8326347241059,500.73448947805116,-0.01323093291763211,0.0007579486175579627,-35.161574926224716
2023-06-03,STOCK,463.82526219778777,-0.01185429827906248,-0.024842276765539628,-0.03858465987324444,469.6186941528434,476.18586175231405,493.9299027170788,-0.011925120729636696,0.0012799954798281587,-33.23386485895958
2023-06-04,STOCK,459.07338513473826,-0.010244972515151995,-0.021977823834159138,-0.03483274083801491,464.09606440543126,470.07390298532925,487.2616372547274,-0.010297813458559624,0.001810469485383133,-30.559793834923823
2023-06-05,STOCK,455.24063160901596,-0.008348890721681435,-0.018508329080857755,-0.03014322410634873,459.3797596471807,464.63401984045686,480.8794479573544,-0.008383937916280892,0.002319825976700333,-27.199415724362154
2023-06-06,STOCK,452.4130770018823,-0.006211120912340107,-0.014508155664265221,-0.024604492523391253,455.5756979152122,459.9883803654384,474.9266650373946,-0.006230490168679381,0.0027862895747864805,-23.228197375092236
2023-06-07,STOCK,450.6542220939676,-0.003887718983656585,-0.010074692803315966,-0.01833947101572808,452.76931023495536,456.2413156074784,469.5369751657921,-0.0038952958071876154,0.003190075694133793,-18.735323789800077
2023-06-08,STOCK,450.0035669746372,-0.0014438012281503543,-0.005325907118363671,-0.01150394817762368,451.02362202349576,453.4769765628483,464.83141915758114,-0.0014448445134620513,0.0035133306190786528,-13.821695223150584
2023-06-09,STOCK,450.4757239551422,0.0010492294176229766,-0.00039608668924917545,-0.004282265799164908,450.3778376745824,451.757444326929,460.9156736561291,0.0010486793611610423,0.003741107059078915,-8.59766117959606
2023-06-10,STOCK,452.0600894076104,0.003517093970253571,0.004570013626334468,0.0031196142068978805,450.8464601124633,451.1213358866479,457.8776778635523,0.0035109234592010097,0.0038624902258605916,-3.180542201405558
2023-06-11,STOCK,454.72108189966883,0.00588636899033812,0.009424165873474166,0.010483283403168064,452.41896508747385,451.58293686620516,455.78565861582183,0.0058691120079217285,0.0038715298878495845,2.3080048977865317
2023-06-12,STOCK,458.398941276705,0.008088165522635027,0.014022144439694184,0.017588555609606482,455.0600375279948,453.1318807027527,454.6865981551156,0.008055631620532466,0.00376777915134501,7.744719182737413
2023-06-13,STOCK,463.01107074610536,0.010061387699882074,0.018230931391620908,0.02422461437116774,458.7103646408264,455.7333814570464,454.6051790099473,0.010011108907018063,0.003556335714856451,13.00750377146818
2023-06-14,STOCK,468.453891823148,0.011755272003047379,0.021934934052069588,0.030200512952045733,463.2879679486528,459.3290150306475,455.54322967878835,0.011686715536685988,0.003247377780618644,17.978167868005812
2023-06-15,STOCK,474.60517048046876,0.013131022635719747,0.025040653381528166,0.035353984803339955,468.6900443499074,463.8380312452192,457.47968356593356,0.013045558102812826,0.002855283842638617,22.545081072858352
2023-06-16,STOCK,481.3267622607943,0.014162491684447609,0.02747948231905406,0.03955778311126479,474.7952748548037,469.15916731744426,460.3710520918247,0.01406314054013258,0.0023975197009620526,26.60568036112545
2023-06-17,STOCK,488.46771470363024,0.014835976311175614,0.02920858238676094,0.042723143578958345,481.4665491482978,475.1729220028293,464.1524013527911,0.014726999741690783,0.0018936041326591186,30.068773426925247
2023-06-18,STOCK,495.86765741209086,0.01514929745756155,0.030210028386948418,0.04480036934721321,488.55404479217185,481.7442393360264,468.73881039653645,0.015035692768110565,0.001364881674509583,32.8565866659855
2023-06-19,STOCK,503.36040362627375,0.015110374919967917,0.03048858394188736,0.04577688816218606,495.89859191399836,488.72554169665165,474.02727836364954,0.014997350345090865,0.000838511024220145,34.90651180312574
2023-06-20,STOCK,510.77768241961087,0.014735522976980553,0.030068557173772437,0.045673372148079094,503.33524781932516,495.96004408448,479.8990376648496,0.014628010044296147,0.00039119431156752914,36.17251193914211
2023-06-21,STOCK,517.9529177011084,0.014047667955082943,0.028990190665988624,0.04453861823592087,510.69700124899765,503.2852751725428,486.2222212449936,0.013949913881700304,0.00043714889743324306,36.62615544031411
2023-06-22,STOCK,524.724969155233,0.013074646792572864,0.027305983044427995,0.04244387396196858,517.8185230919842,510.53672606286335,492.8548240328463,0.012989911389341025,0.0008619728981447026,36.25725445160276
2023-06-23,STOCK,530.941751106002,0.011847696062143864,0.02507724729603522,0.0394771920943604,524.5398793207811,517.5515448016456,499.647892068836,0.011778061577010668,0.0013038343797742518,35.07409369391115
2023-06-24,STOCK,536.4636480333875,0.01040019345979637,0.022371107853039307,0.035738248979149345,530.7101227648742,524.1721936830684,506.44886768985987,0.010346483522649663,0.001713560932413318,33.10324440711372
2023-06-25,STOCK,541.166650036904,0.008766674164702781,0.019258042731810976,0.031333902230993305,536.1906830587645,530.2499872065271,513.1050156455035,0.008728469996714061,0.0020793063713003784,30.388967617293133
2023-06-26,STOCK,544.9451378306234,0.006982115016625157,0.0158099991086591,0.026374619617784756,540.8584786336384,535.6484312324299,519.4668532024864,0.0069578529199390005,0.002396055184772306,26.992220129514976
2023-06-27,STOCK,547.7142547246349,0.005081459952161582,0.012099054306625057,0.020971796938135112,544.6086808640541,540.2462883463104,525.3915072045868,0.005068592905054459,0.002661360638428374,22.989285569401886
2023-06-28,STOCK,549.4118123233609,0.003099348947161351,0.008196558116875696,0.015235902445013272,547.3570682928731,543.9403005897822,530.7459226957138,0.0030945558662791584,0.002874102752017766,18.470061217358875
2023-06-29,STOCK,549.999687142851,0.0010700076086900268,0.0041726728828066495,0.009275336105115661,549.0419180636158,546.6475084116748,535.4098510473716,0.001069435558577858,0.0030338968558236337,13.536039109463559
2023-06-30,STOCK,549.4646767820425,-0.0009727466638895788,9.622009846865787e-05,0.0031958672652907527,549.6253920827515,548.3071137607025,539.2785504836148,-0.0009732200889658316,0.0031407299085327305,8.298026745138486
2023-07-01,STOCK,547.8187964202251,-0.0029954252409026827,-0.003965258114882353,-0.002899493362545691,549.0943867817062,548.881845478623,542.2651383555265,-0.0029999205061548295,0.0031947195951120234,2.873658589601746
2023-07-02,STOCK,545.099008982018,-0.004964757427054156,-0.007945311108244923,-0.008910328997260408,547.4608273947618,548.3587963300995,544.302542338205,-0.00497712277950324,0.0031959630839198355,-2.615245742616935
2023-07-03,STOCK,541.3663950297689,-0.00684758895309634,-0.011778349762038176,-0.014738493836767508,544.761400144004,546.749712871381,545.3450067305816,-0.006871141269631842,0.003144462908323712,-8.045417293591981
2023-07-04,STOCK,536.7047810258077,-0.008610830015972515,-0.015399455544574558,-0.02028775841034114,541.0567283458649,544.0907316479725,545.3691200298238,-0.008648117417376255,0.0030401252759586416,-13.294906117043297
2023-07-05,STOCK,531.2188567708197,-0.010221493172657747,-0.018744307648411063,-0.025463543287520762,536.4300109421322,540.4415676457279,544.3743407032151,-0.010274091362330928,0.0028828307069138862,-18.245820011222804
2023-07-06,STOCK,525.0318242966207,-0.011646861543674891,-0.021749306400581037,-0.03017285683617288,530.9851540310827,535.884173221007,542.3830093498149,-0.01171521750891813,0.0026725814431830665,-22.786972123604414
2023-07-07,STOCK,518.2826310141311,-0.0128548270222123,-0.02435197017539159,-0.034324549851160735,524.8444373605238,530.5208976274296,539.4398469787645,-0.012938165280727887,0.002409737632014914,-26.816377967886865
2023-07-08,STOCK,511.12284925407766,-0.013814435081576537,-0.026491679930405576,-0.037829996545871714,518.1457681882765,524.4721884722915,535.6109506718362,-0.013910742372421403,0.0020953738113865692,-30.243545775691246
2023-07-09,STOCK,503.7132722792181,-0.01449666549964057,-0.02811083733677311,-0.04060430440757157,511.03958418247566,517.8738867229733,530.9823091854729,-0.014602768833077207,0.0017318546238716882,-32.99150874658966
2023-07-10,STOCK,496.22030321430725,-0.014875464827453166,-0.029156485689338485,-0.04256814039215273,503.6854749158677,510.874176011671,525.6578718286994,-0.01498721415459947,0.0013240231904397758,-34.998553556512434
2023-07-11,STOCK,488.8122179906602,-0.014929024821557224,-0.02958241346536905,-0.04365023261233014,496.2485978280619,503.6302547504789,519.7572139857429,-0.015041584387234685,0.000883164582947602,-36.2196063059605
2023-07-12,STOCK,481.6553862315161,-0.014641270196893541,-0.0293517151322622,-0.043790559553639974,488.8959691454946,496.3048057939559,513.4128517106927,-0.014749511418600925,0.00045424031687476527,-36.62724478261498
2023-07-13,STOCK,474.9105349489714,-0.014003479407375785,-0.028439720878569386,-0.04294416840121229,481.7927130570493,489.06234293293465,506.767265702613,-0.014102453196453979,0.00037685709756974425,-36.21231430510625
2023-07-14,STOCK,468.7291389617954,-0.013015916751226042,-0.02683712803640792,-0.041085468590411844,475.098353380761,482.0655162694501,499.9697014962118,-0.013101366073040133,0.0008144828918867109,-34.984133317422675
2023-07-15,STOCK,463.2500190975612,-0.01168930925943723,-0.024553078934463124,-0.038212729806592516,468.9632310027761,475.47145944610094,493.1728177288859,-0.011758166355497757,0.0013397352257520632,-32.97028411674603
2023-07-16,STOCK,458.5962245761378,-0.01004596725217477,-0.021617846093591186,-0.03435238675972219,463.5251275451649,469.4282607631964,486.52925775683764,-0.010096768499333386,0.0018690456173402542,-30.215993414522416
2023-07-17,STOCK,454.8722695894907,-0.008120335029118464,-0.01808472566151398,-0.029562636969821754,458.90617108772994,464.07163743479134,480.18822161437356,-0.00815348452826914,0.0023746288623231904,-26.78311664202539
2023-07-18,STOCK,452.16178613824945,-0.005958779271568737,-0.014030727016637434,-0.023935742044678854,455.210093434626,459.52188767264687,474.2921153027907,-0.005976603639695988,0.0028350213966423367,-22.748748810721963
2023-07-19,STOCK,450.52564583727326,-0.003618484248635645,-0.009555701771268965,-0.017598441300566425,452.5199005216712,455.88118904774257,468.9733526585963,-0.0036250467985361468,0.0032306249098608317,-18.20349312452214
2023-07-20,STOCK,450.00059287041285,-0.0011654230379818387,-0.004779690221711541,-0.010709988374262513,450.89600828197854,453.23130380231277,464.3513816242068,-0.0011661026715019673,0.00354385590997442,-13.249426227148376
2023-07-21,STOCK,450.5984187953569,0.0013285003051455302,0.00016152900230226308,-0.0034575397364838834,450.3748858343477,451.6317426461566,460.5300017046766,0.001327618629400007,0.003760164424994131,-7.99780578078088
2023-07-22,STOCK,452.30569773066736,0.003788914616866146,0.0051224484962364425,0.003951055638766077,450.9682364654791,451.11842827439193,457.5950328545916,0.003781754759572209,0.0038691516793704214,-2.5665718588233517
2023-07-23,STOCK,455.08408787213216,0.006142726380420793,0.009954915263056918,0.011296640676167424,452.66273479938553,451.7028886211685,455.6123881469077,0.006123936743866132,0.0038654661575463958,2.922301733882705
2023-07-24,STOCK,458.8711925670279,0.00832176908800153,0.014515613818931072,0.01835952685716835,455.42032605660916,453.3719979671194,454.626593507431,0.008287334075872899,0.0037492900676971835,8.34554672975463
2023-07-25,STOCK,463.5819616084202,0.010265994287066205,0.018673194608983534,0.024930625314535604,459.17908068252683,456.0882717147209,454.6597877585168,0.010213656860095455,0.003526322520004455,13.58136873800737
2023-07-26,STOCK,469.1106012794552,0.011925916297202521,0.022314341972843765,0.030821805862094154,463.85458515163447,459.79070821154056,455.7112254288486,0.011855362945720316,0.0032072626062295355,18.512182484098275
2023-07-27,STOCK,475.3329502521611,0.01326414060082004,0.025348243928582148,0.03587446314300635,469.3418377133455,464.3961587158393,457.7572934951157,0.01317694211685616,0.002806892195236351,23.027252521493722
2023-07-28,STOCK,482.10926798319946,0.014255939394572925,0.027709172779919244,0.039965546352359826,475.5176065049386,469.8011947380528,460.75204167961067,0.014155279034596902,0.0023429529094205793,27.0251801110673
2023-07-29,STOCK,489.2873729852056,0.014888958745875591,0.02935715423397811,0.04301069225619747,482.24319707352214,475.88443082168834,464.62821439440387,0.014779206258737965,0.0018351513423831391,30.416180418177703
2023-07-30,STOCK,496.70606049491033,0.015162229641125569,0.030276938198623427,0.04496450378920902,489.3675671544385,482.50925059898634,469.29876115685363,0.015048431880696711,0.0013051262683782716,33.12409888649012
2023-07-31,STOCK,504.19872278458735,0.015084700762884706,0.03047564810104464,0.04581835751425056,496.73071875490115,489.52687490001273,474.6587915557767,0.01497205803954671,0.0007816313375234582,35.088121505132165
2023-08-01,STOCK,511.5970908124316,0.014673516003738785,0.029979562364679246,0.04559634901491849,504.1672913639765,496.7797030120669,480.5879308639531,0.014566901640746366,0.0003591776607148465,36.264140560270505
2023-08-02,STOCK,518.7350131824729,0.013952234088560056,0.028830478422485095,0.04435007832522375,511.51027559316395,504.1048520519215,486.9530233949871,0.013855797637910783,0.000478715450136292,36.62574519927347
2023-08-03,STOCK,525.452187546728,0.012949143962819987,0.02708204753919574,0.04215295240091477,518.5947638472109,511.3378149642261,493.61112289295716,0.012866020613243379,0.0009123296026338782,36.16481456152246
2023-08-04,STOCK,531.5977606503443,0.011695779843089449,0.02479637414285496,0.039094573048003456,525.2616537931818,518.3161549953128,500.4127027971496,0.01162791286891629,0.0013516887514798774,34.891700155433966
2023-08-05,STOCK,537.0337161704837,0.010225693038076633,0.022041070335682367,0.03527562729137368,531.361221455852,524.8831536724922,507.2050142862525,0.010173764343587521,0.0017568747295974793,32.834993385896325
2023-08-06,STOCK,541.637974265389,0.008573499123551542,0.018886862131927806,0.030803538556439136,536.7564836954057,530.8913303630836,513.8355166875753,0.00853695540309296,0.0021173125737664815,30.04088345295736
2023-08-07,STOCK,545.30713322444,0.00677419075726271,0.015405768399334274,0.02578899609607843,541.3262745534375,536.205754371477,520.1553032116992,0.006751349025197584,0.002428384957112221,26.572120041967082
2023-08-08,STOCK,547.9587916476539,0.004862687945295097,0.011669819478292265,0.020343369788912824,544.967966379161,540.7070751916622,526.0224450779441,0.004850903266305551,0.0026878363492468475,22.50660410092587
2023-08-09,STOCK,549.5333990034817,0.0028735871744900443,0.007750248477498278,0.014576940896363633,547.5997746251919,544.2942028622896,531.3051789288013,0.002869466315409852,0.0028946527662919753,17.935638353137392
2023-08-10,STOCK,549.9955930053634,0.000841066262250445,0.003717070313964621,0.00859783321226737,549.1625945521664,546.8865782292656,535.8848659508789,0.0008407127642175993,0.003048506548269866,12.961876834879718
2023-08-11,STOCK,549.3349937724479,-0.0012010991384598935,-0.0003610430801723741,0.0025115066055529933,549.6213285937644,548.4259821306774,539.6586562468805,-0.0012018210361350867,0.0031494094702007674,7.69701950705894
2023-08-12,STOCK,547.5664369393392,-0.003219450523192613,-0.004416682782402814,-0.0035793312430316693,548.9656745723835,548.8778428736572,542.5417986225672,-0.003224644104007801,0.0031974829514389205,2.259303714899147
2023-08-13,STOCK,544.7296404797264,-0.0051807347350747435,-0.008383506139113983,-0.009574535855572996,547.2103570638379,548.2320126400716,544.469543915867,-0.005194201272447074,0.0031928158827149804,-3.229151167927512
2023-08-14,STOCK,540.888312726322,-0.007051806011549866,-0.012196007210275583,-0.015376193291674278,544.3947967151292,546.5029953846399,545.3985991234647,-0.007076787507949156,0.0031353987634736135,-8.645086277159635
2023-08-15,STOCK,536.1287216190567,-0.008799582086133184,-0.01578933515182901,-0.02088826952983891,540.5822249417018,543.7296211073784,545.308099668322,-0.00883852704313437,0.003025130047971648,-13.866871386306684
2023-08-16,STOCK,530.5577573131299,-0.01039109467797783,-0.01909923947352743,-0.026016361353341844,535.8582638861695,539.9741738155147,544.2000779730961,-0.010445459033655347,0.0028618950709142195,-18.777236459318033
2023-08-17,STOCK,524.3005316565659,-0.011793674807907828,-0.02206222029435545,-0.03066766406200616,530.3290035295842,535.3209927589602,542.0994178163087,-0.01186377187037646,0.0026457226102352058,-23.265905282773247
2023-08-18,STOCK,517.4975684478335,-0.01297531243624328,-0.024615960628747158,-0.03475126852924226,524.1186191391764,529.8745783525817,539.0532954963267,-0.013060227132232427,0.002377032394567613,-27.232072031892926
2023-08-19,STOCK,510.3016475742816,-0.013905226444126284,-0.026700114222760307,-0.038178896566191,517.3665825595604,523.7572453221735,535.1301203534066,-0.014002809773633551,0.0020570090256263876,-30.58666515204044
2023-08-20,STOCK,502.8743739052462,-0.014554673112150307,-0.028257513530831946,-0.04086617590034136,510.22452997578716,517.1063757794115,530.4179984433949,-0.0146616314647261,0.0016882163415189095,-33.25434771381049
2023-08-21,STOCK,495.38254799508144,-0.014898006935577968,-0.029235844426758417,-0.04273453983384534,502.85285649153644,510.07133391580174,525.0227538656583,-0.015010096912296156,0.0012759196589915626,-35.17520931804842
2023-08-22,STOCK,487.99442010231127,-0.014913985005470032,-0.029589803288999406,-0.043713806486825435,495.41711400087974,502.8101116049508,519.0655521819555,-0.015026316755099245,0.0008328080508224243,-36.30611155425464
2023-08-23,STOCK,480.8759116515486,-0.014587274275124296,-0.029283704890784468,-0.04374544298780003,488.0842932496471,495.4857802456938,512.6801792991376,-0.014694714682397247,0.0004147396376982388,-36.62165679628487
2023-08-24,STOCK,474.18688899600363,-0.013910080529032531,-0.02829444464429076,-0.042786446726597704,481.0190735832878,488.26282853003823,506.01003692610595,-0.014007732319604393,0.0004127338661295985,-36.114758578277986
2023-08-25,STOCK,468.07757316384334,-0.012883772145399375,-0.02661463836637168,-0.04081367761191246,474.38012460379855,481.3034683817576,499.2049220805845,-0.012967487763734908,0.0008717893460749258,-34.796800741402876
2023-08-26,STOCK,462.68516621775416,-0.011520327516741924,-0.024255674387375192,-0.03782835653239336,468.3165427925337,474.76399202629216,492.417662971047,-0.011587200585680968,0.0013994989780411655,-32.69738177732728
2023-08-27,STOCK,458.13076999240576,-0.009843402291408121,-0.02125033058987391,-0.03386031831793901,462.9645031246678,468.7912620043111,485.8006868046309,-0.00989216885893196,0.0019273194424862005,-29.863650109905507
2023-08-28,STOCK,454.5166664083237,-0.00788880341772713,-0.017654553043496723,-0.028971494327015845,458.4442008728279,463.5194129556661,479.50259660068,-0.007920084650348436,0.002428862332116904,-26.359245243224905
2023-08-29,STOCK,451.92402044046145,-0.005704182397424207,-0.013547986641559095,-0.02325803065021581,454.85715228039703,459.0668392445576,473.664833887298,-0.005720513378710379,0.0028829370870613337,-22.262868555542184
2023-08-30,STOCK,450.4110573278442,-0.003347826280936883,-0.009032912066619714,-0.016850456616763654,452.2839147255432,455.5335360773579,468.4185022295578,-0.0033534427902424113,0.003270135907399558,-17.66651583599912
2023-08-31,STOCK,450.01175496022637,-0.0008865287854761261,-0.004231387122046071,-0.009911432915531981,450.7822775761774,452.99885382585234,463.8814229260723,-0.000886921984524669,0.003573158952558576,-12.673411257527789
2023-09-01,STOCK,450.7350808079398,0.0016073487853165425,0.0007193950388739712,-0.0026308396516804278,450.38596436533686,451.51971598895915,460.1554889966352,0.001606058382823683,0.003777867920045583,-7.395689184465937
2023-09-02,STOCK,452.56479053184285,0.0040593905418306875,0.005673264183603699,0.004781705886121257,451.10387543333644,451.1293408136629,457.3243768846646,0.004051173446138812,0.003874391499077719,-1.9518758764808695
2023-09-03,STOCK,455.45979279615693,0.006396879131741473,0.010482237104216807,0.012106434500610108,452.9198880453132,451.836495284802,455.4516672646799,0.006376505937511823,0.0038579831009009683,3.535772355695485
2023-09-04,STOCK,459.35507209127985,0.008552410897148643,0.015003998767684212,0.01912429640020208,455.79321847309325,453.6252982374892,454.57941715742356,0.008516046221073381,0.003729453820835173,8.944014763435632
2023-09-05,STOCK,464.16314884196714,0.010467015698330862,0.01910894481459846,0.02562806155665398,459.6593379098014,456.45557701383734,454.7272154198448,0.01041261576355712,0.003495097580910854,14.151393881740773
2023-09-06,STOCK,469.7760440099968,0.012092504935028003,0.022686093072345814,0.0314325247591003,464.431421647748,460.2637696542487,455.89174282160394,0.012019974726379168,0.003166122638595412,19.040963202056957
2023-09-07,STOCK,476.06770407057894,0.013392892508687027,0.025647351062470847,0.036382817986992944,470.002298974181,464.96435236199596,458.04684658782946,0.013304000524802184,0.0027576998088900875,23.502913538736095
2023-09-08,STOCK,482.8968319027675,0.014344866861995875,0.027929878630617244,0.0403601257608206,476.24685999444773,470.451760183318,461.14412773406,0.01424295273284848,0.0022878333669378434,27.43703910661054
2023-09-09,STOCK,490.1100600181769,0.014937410309748822,0.029496552333901027,0.043284488997372916,483.0248653305078,476.6027577686975,465.1140280030933,0.014826945872944641,0.0017764146833145267,30.75498792689706
2023-09-10,STOCK,497.5453948641325,0.015170745211146697,0.030334767166819043,0.04511478222511278,490.18409559502567,483.27920697313056,469.8673919934839,0.015056820228939394,0.0012454218622295911,33.38224602216536
2023-09-11,STOCK,505.035854849625,0.015054827283725425,0.03045396544379142,0.04584627913093309,497.56376991064485,490.33116914105614,475.29746939765243,0.014942628063184138,0.0007256276318931606,35.259810839628244
2023-09-12,STOCK,512.4132203918539,0.014607607502294062,0.029882349793995067,0.04550643252017683,504.9981567018705,497.60027240531116,481.2823123836535,0.014501944153383128,0.00033518880779115785,36.34551632127494
2023-09-13,STOCK,519.5118117653973,0.013853255714430857,0.02866322613883021,0.044149573341470294,512.3202956689588,504.92326837783713,487.6875142805776,0.013758176465954008,0.0005230602236937073,36.61497986262981
2023-09-14,STOCK,526.1722099116599,0.01282049415513642,0.026851355453483938,0.0418511970171469,519.3657473563037,512.1356983565337,494.36922806261566,0.012739007348323561,0.0009626155482321866,36.062149893483024
2023-09-15,STOCK,532.2448366472433,0.01154113923386979,0.024509596497097608,0.03870238991926045,525.9762861081002,519.0755867131559,501.1773968431432,0.011475048310087388,0.0013990959368111653,34.69944178311084
2023-09-16,STOCK,537.593313867473,0.010048903910315321,0.02170601894336177,0.034804794987493004,532.0034534754587,525.5870785167255,507.9591238288908,0.009998749394155126,0.001799621271361303,32.55745901784792
2023-09-17,STOCK,542.097526304615,0.008378475551971798,0.01851157395802372,0.030266357844381142,537.3118922731104,531.5239396992777,514.5621060522944,0.008343570955037904,0.0021546962243700818,29.684305912761147
2023-09-18,STOCK,545.6563190578374,0.00656485702394205,0.014998336069991014,0.025197956818288292,541.7823864099752,536.7528411577657,520.8380547678014,0.006543402197459081,0.002460064838006634,26.144507292440153
2023-09-19,STOCK,548.1897693142043,0.004642941294515479,0.011238278564226434,0.019710913758394843,545.3145382255523,541.1563530382747,526.6460256974042,0.004632196089317198,0.0027136499667057257,22.017559402544407
2023-09-20,STOCK,549.6409812427528,0.0026472802116754846,0.007302512672803907,0.013915309648358187,547.8290232049316,544.6355819573765,531.8555843352663,0.002643782337291789,0.0029145369188239467,17.39614459550944
2023-09-21,STOCK,549.9773637521946,0.0006120040552310968,0.003260904413131538,0.007918985895404074,549.269371436384,547.1123919343208,536.3497352255232,0.0006118168571225269,0.003062450761164157,12.384049884721662
2023-09-22,STOCK,549.1913624165655,-0.0014291521568571275,-0.0008180227485414804,0.0018270919276990316,549.6032358038377,548.5311591567109,540.0275494279944,-0.0014301743688474033,0.003157425223699099,7.093836111950509
2023-09-23,STOCK,547.3006291313454,-0.003442758598570239,-0.004866990529550641,-0.004257965092260285,548.8231184333686,548.8600211714125,542.8064311645892,-0.003448698529036953,0.0031995836841767576,1.6443100735079952
2023-09-24,STOCK,544.3476256899412,-0.005395578379091437,-0.008819761303802798,-0.010236308679769657,546.946539079284,548.0915924465598,544.6239727424172,-0.0054101870840854716,0.003189005932023111,-3.8421436242631444
2023-09-25,STOCK,540.3986701833493,-0.007254473649236148,-0.012610909947154081,-0.016010252227067867,544.015641668212,546.2431302346793,545.4393560960278,-0.007280915300985846,0.003125670512144281,-9.242311059403505
2023-09-26,STOCK,535.5424476388046,-0.008986370271594213,-0.016175652534492824,-0.021483953912501463,540.096247837365,543.3561470120012,545.234269473161,-0.00902699123673223,0.0030094691123429733,-14.434916113390045
2023-09-27,STOCK,529.888018345263,-0.010558321414991023,-0.01944981070090368,-0.02656318621092746,535.2763787224723,539.4954781977407,544.0133186772258,-0.01061445596457844,0.0028402938369866725,-19.30334407130249
2023-09-28,STOCK,523.562368594431,-0.011937710481897401,-0.022369989712661464,-0.031155334973726023,529.664278192833,534.7478260903578,541.8039236308853,-0.012009537150635019,0.002618203078964909,-23.73826053691448
2023-09-29,STOCK,516.707558842421,-0.013092632632120904,-0.024874047056210213,-0.0351697402874902,523.3859819273716,529.2198127208537,538.6557025837068,-0.013179096670545398,0.0023436807531702917,-27.64006684752019
2023-09-30,STOCK,509.47753333817,-0.013992490298474491,-0.02690192439550887,-0.03851848749256681,516.5824869250074,523.0355853518179,534.6393577932486,-0.014091308078358011,0.002018028894772378,-30.921136845179262
2023-10-01,STOCK,502.03466286749324,-0.014608829602180906,-0.02839690599417477,-0.041117748368225016,509.4065850160282,516.3340283975556,529.8450877047784,-0.014716589336796204,0.0016440254483910343,-33.50778477131132
2023-10-02,STOCK,494.5460982552855,-0.014916429414325694,-0.029307347440919784,-0.04288975496465319,502.01943148698297,509.26564437956023,524.3805612886504,-0.015028798174844482,0.0012274049053812943,-35.34192008997758
2023-10-03,STOCK,487.1800165183491,-0.014894631183874019,-0.029588885883493066,-0.043765456493683685,494.58692588037593,501.9891739643438,518.3685000273508,-0.01500667011390977,0.0007825374289258283,-36.38235207608187
2023-10-04,STOCK,480.1018439721664,-0.014528864703374111,-0.029207093805970974,-0.04368785766714234,487.2759862486003,494.66803099029283,511.94392185557336,-0.014635442217974415,0.0003798071044949229,-36.60571487025459
2023-10-05,STOCK,473.4705411124898,-0.013812283670506131,-0.028140471573186776,-0.042615960811637876,480.25080053433516,487.4666325451568,505.2511089484874,-0.013908560826877192,0.0004540527024982837,-36.00699222568022
2023-10-06,STOCK,467.4350327053068,-0.012747378945692556,-0.026383592202145256,-0.04052913326402541,473.6691392633211,480.54670651271954,498.44036745513756,-0.012829323914565371,0.000929717702359538,-34.59963016218643
2023-10-07,STOCK,462.1308632576587,-0.011347393919000748,-0.02395012333436175,-0.037431601107430046,467.6788123584852,474.06365951319424,491.66465194637715,-0.011412266819177397,0.0014592428191596062,-32.41523499762678
2023-10-08,STOCK,457.6771529802286,-0.009637335723554519,-0.02087537099777037,-0.033356643678722375,462.41434964773134,468.1630868055701,485.0761303849569,-0.009684075383091795,0.001985259569857728,-29.502863538120494
2023-10-09,STOCK,454.1739226042183,-0.0076543702328125685,-0.017217938220681073,-0.028369953412218707,457.9939796140352,462.97750253198046,478.8227667611367,-0.007683815276389616,0.002482497792968328,-25.9279213679481
2023-10-10,STOCK,451.69984713135625,-0.0054474185983109935,-0.013060092272358936,-0.022571563502104097,454.51697423860105,458.62336373575374,473.0449981404552,-0.005462309887012573,0.0029300103122574567,-21.770693981133547
2023-10-11,STOCK,450.3104889629727,-0.00307584378699044,-0.008506506976650674,-0.01609576525567602,452.06141956618245,455.19845498728694,467.8725807500032,-0.003080583916919899,0.0033085858890745754,-17.124543742334083
2023-10-12,STOCK,450.037050088251,-0.0006072229748665947,-0.003681199038842453,-0.009108564605045166,450.68246206086,452.7796923534053,463.42167593329975,-0.0006074074094026827,0.0036012221369390108,-12.093813169407667
2023-10-13,STOCK,450.88567135481827,0.0018856697829674474,0.0012773017860856495,-0.00180247078166762,450.4110701353474,451.42139602832333,459.7922414169467,0.0018838941395360465,0.003794206603447501,-6.791481625410313
2023-10-14,STOCK,452.8372945585462,0.004328421433007046,0.006222253189478666,0.005611251919519944,451.25333866720524,451.1540704191889,457.0657864755846,0.004319080760833316,0.003878206402465479,-1.3366280456721142
2023-10-15,STOCK,455.84809044972906,0.006648736593389382,0.011005936560369634,0.01291235990534223,453.19035212103125,451.98371908286344,455.3035414093086,0.006626731228974947,0.00384908539950974,4.148243318372806
2023-10-16,STOCK,459.8504430435417,0.008780013951279253,0.015487126544716956,0.01988258278819588,456.1786093506057,453.8917098989773,454.5450824431321,0.008741693766608272,0.0037082826214968356,9.539954080568975
2023-10-17,STOCK,464.7544681292874,0.010664391347082747,0.019538038803171176,0.026316678670114335,460.1510005408527,456.8351935071845,454.80744293029494,0.010607927803824246,0.0034626795436132718,14.717418041036353
2023-10-18,STOCK,470.45003187599116,0.012254995136742552,0.02305007854791996,0.03203247251042818,465.0183143496068,460.7480656114191,456.0847308198712,0.012180510604786754,0.003123981420046904,19.564360521172887
2023-10-19,STOCK,476.8092242008086,0.013517253467832058,0.025937902480084984,0.03687890576993769,470.6712414020291,465.5424515398716,458.34826097953027,0.013426710413593668,0.0027077334868008227,23.97192964226241
2023-10-20,STOCK,483.6892313537297,0.014429266053845424,0.028141563568282235,0.040741433429694274,476.9828291435099,471.1106797206718,461.54719940176756,0.014326154889785059,0.0022321900255552712,27.841140904000667
2023-10-21,STOCK,490.93554320651526,0.01498133798121759,0.02962677374663647,0.04354449982463593,483.8113329203513,477.32769975326636,465.60970482612186,0.014870226099319872,0.00171742650023314,31.08510016297356
2023-10-22,STOCK,498.3854232170731,0.015174863815928585,0.030383541560791594,0.04525121981947566,491.0033992591061,484.05389077082356,470.444542139004,0.015060877276925844,0.001185818336537111,33.63095508778571
2023-10-23,STOCK,505.8715631413548,0.015020784267643084,0.0304235864392417,0.045860710451506304,498.3975098549811,491.1381970238963,475.9431313176577,0.014909089395075625,0.0006707170631371629,35.421531265363626
2023-10-24,STOCK,513.2258404158204,0.014537834917616399,0.029776988867275644,0.04540371443411373,505.8276089247495,498.42152026689865,481.98198590338507,0.014433173740729721,0.0003208984365057697,36.41661621501174
2023-10-25,STOCK,520.2830938277668,0.01375077569404648,0.028488517118692158,0.04393722125608024,513.1268324616474,505.74029276170603,488.4254862411888,0.01365709162011175,0.000569408961700133,36.59386247403711
2023-10-26,STOCK,526.8848326800974,0.012688743744796671,0.026613999507917097,0.0415387443568771,520.1312556412282,512.9301506564225,495.12892520484445,0.01260891620081317,0.0010127551575073678,35.9492894735821
2023-10-27,STOCK,532.8827961506933,0.011383822608986849,0.02421701276170496,0.03830079116621765,526.6835742195193,519.8296252431466,501.941758006985,0.011319514488351778,0.0014460364306545493,34.49737293362017
2023-10-28,STOCK,538.142282910847,0.009869875323703425,0.021366054842548055,0.034325906982078935,532.6366372472127,526.283769197045,508.71098311047064,0.00982148623989243,0.0018417922380227771,32.270719769492246
2023-10-29,STOCK,542.545176226706,0.008181652800154149,0.018132280016937008,0.029722517285132977,537.8567517627488,532.1476363592221,515.2845783130604,0.008148364524369178,0.002191453196263316,29.319335810885605
2023-10-30,STOCK,545.9925966064708,0.0063541628067564915,0.014587803160831081,0.024601658282978667,542.2266852480079,537.2895369149629,521.5149148383346,0.0063340602260435475,0.002491092860756414,25.70950277870395
2023-10-31,STOCK,548.4071224206094,0.004422268413794894,0.010804531034027676,0.019074582755770786,545.6482984179288,541.5939948630653,527.2620727597439,0.004412518917524366,0.0027388007430366994,21.522289740512065
2023-11-01,STOCK,549.7345286247452,0.002420475865223537,0.006853448272983398,0.013251159005854163,548.0447492172752,544.9643413578757,532.3969833005111,0.0024175512319022374,0.002933755109245201,16.851732474051914
2023-11-02,STOCK,549.9450045372511,0.00038286827831690573,0.002804270866967551,0.007238940519241233,549.3622185275353,547.3248856831566,536.8043274401007,0.00038279500296045654,0.0030757296592237166,11.802721626404036
2023-11-03,STOCK,549.0338233228913,-0.0016568587892283881,-0.0012746248695835183,0.0011427657969058647,549.5711188282959,548.6226151023935,540.3851257308079,-0.0016582328977641225,0.0031647773492410537,6.488647096185332
2023-11-04,STOCK,547.0214481473503,-0.0036653027373826363,-0.005316088637555283,-0.004935255720942444,548.6667586691643,548.8283854105695,543.0589611627661,-0.0036720364184832377,0.0032010218507579086,1.0288515408794865
2023-11-05,STOCK,543.9530726186473,-0.0056092417200366285,-0.009253984888388134,-0.010895511131418734,546.6694480296297,547.9375754501771,544.7657851566212,-0.0056250325939446455,0.003184533130801143,-4.454049801962128
2023-11-06,STOCK,539.8976058361318,-0.00745554531568704,-0.013022967079893255,-0.01664053670038912,543.6240422007098,545.9701908924544,545.467266125165,-0.0074834768099432125,0.0031152779597135253,-9.836922788613379
2023-11-07,STOCK,534.9461248406711,-0.00917114827318477,-0.016558317677324186,-0.022074679791031615,539.5989344318168,542.9704149531383,545.1476503181474,-0.009213462163513597,0.0029931423500570787,-14.998879696579934
2023-11-08,STOCK,529.2098292206642,-0.010723127720039805,-0.01979593259895185,-0.027103888442081114,534.6845199658225,539.005616132693,543.8141156175433,-0.010781034789403066,0.002818027246609398,-19.82399410222706
2023-11-09,STOCK,522.8175438090167,-0.012078924197347352,-0.022672528070498355,-0.031635743227020674,528.9911659567841,534.1648352650262,541.4966103377978,-0.012152467215906348,0.0025900238798284114,-24.203904338333587
2023-11-10,STOCK,515.9128255551244,-0.013206745518881347,-0.025126146438212427,-0.03557984328088293,522.6467328616019,528.5567858523217,538.2471806512493,-0.013294730101090835,0.0023096851767002544,-28.040247063522884
2023-11-11,STOCK,508.65073954528043,-0.014076188166149861,-0.02709703305004496,-0.0388486542392078,515.7937029698073,522.3074125941514,534.1388017433029,-0.01417619731036357,0.0019784384593766148,-31.246866290851358
2023-11-12,STOCK,501.19437657513697,-0.014659101797058649,-0.02852894568796638,-0.04135891668122482,508.585980558514,515.5570629410446,529.2637389470914,-0.014767608139087507,0.001599292306036674,-33.75174826553416
2023-11-13,STOCK,493.7111904820394,-0.014930706414212347,-0.029370937466043134,-0.04303369478980479,501.1854355341523,508.4573351933195,523.7314756630063,-0.015043291466350972,0.0011785057537760445,-35.498638738624834
2023-11-14,STOCK,486.3692374928463,-0.014870947085531383,-0.029579619754708353,-0.043805110894664545,493.758268183341,501.16767393008547,517.6662545975558,-0.014982628204903925,0.0007324850101212166,-36.448306316170374
2023-11-15,STOCK,479.33340204338356,-0.014466037132059073,-0.02912186054486221,-0.04361775700904358,486.47127667275646,493.8517892277373,511.2042875400295,-0.01457169040790074,0.0003509943565930574,-36.579423511740856
2023-11-16,STOCK,472.7616938294847,-0.013710098620049904,-0.02797780495638713,-0.04243269558484275,479.4881111219049,486.6739800845782,504.4906963393649,-0.013804949967489044,0.0004995294537185765,-35.8890457157957
2023-11-17,STOCK,466.80169924987155,-0.012606762894294077,-0.026144021551783636,-0.040231858297293255,472.96559837424667,479.7954446195251,497.67625378028487,-0.012686902374970721,0.0009881459165701377,-34.392677325265424
2023-11-18,STOCK,461.58726693381664,-0.011170551273558482,-0.0236364896765483,-0.03702252969210096,467.05022000439106,473.3706599098806,490.9139975516,-0.011233410434126512,0.0015189256352936636,-32.12392354822276
2023-11-19,STOCK,457.2355017894893,-0.009427827533533994,-0.020493064776230807,-0.0328414764619136,461.8748226577259,467.54391276920916,484.35579334964734,-0.009472550817098302,0.0020428350927264778,-29.13373570335699
2023-11-20,STOCK,453.8441350801821,-0.007417111523567943,-0.01677501180886065,-0.02775817695289373,457.5556346011628,462.4460593765689,478.14892430215315,-0.007444755070246778,0.00253550687528353,-25.48926696320143
2023-11-21,STOCK,451.48932959083334,-0.0051885775475158935,-0.012567204812765187,-0.021876550906745784,454.1896554868351,458.1915865288386,472.43278330670836,-0.005202084959091913,0.002976215057576613,-21.27236423865139
2023-11-22,STOCK,450.2239691760742,-0.0028026363677429167,-0.007976672219127234,-0.01533461987525897,451.85247794902995,454.87604051407914,467.33574256680214,-0.0028065711065288212,0.003345952556147018,-16.57773007379734
2023-11-23,STOCK,450.0764711028652,-0.00032761044126317085,-0.003129328636068962,-0.008301669419284896,450.596589956591,452.5738813478889,462.9722706288847,-0.0003276641172877959,0.0036280285338805944,-11.510795830951452
2023-11-24,STOCK,451.05014785994354,0.0021633584948186346,0.001835039314724396,-0.000972740000938277,450.4501960462944,451.33681056197963,459.4403616655944,0.0021610218042900087,0.0038091703550761314,-6.185353929545784
2023-11-25,STOCK,453.1231327664677,0.004595907830558632,0.006769208921623804,0.006439380816838813,451.41658390975886,451.19261009923673,456.81933473790275,0.004585378893854575,0.0038805939982362323,-0.7210023137144503
2023-11-26,STOCK,456.2488710505275,0.006898209466764893,0.01152582083222864,0.01371411380945431,453.4740505589796,452.14451839117567,455.1680524600071,0.006874525674632537,0.0038387786139939418,4.759541459694162
2023-11-27,STOCK,460.35716536895507,0.00900450297875377,0.015964827393210257,0.020634108098998905,456.57638972865016,454.1711576297518,454.5235990719155,0.008964204174946921,0.003685789466773042,10.13319619288086
2023-11-28,STOCK,465.3557522883152,0.010858062598751994,0.019960337034519826,0.026996237087176134,460.653929569266,457.22701386684184,454.90044760736527,0.010799537104906776,0.0034290876849782164,15.279281185450031
2023-11-29,STOCK,471.13237432271325,0.012413346146453286,0.023406193634723405,0.032621457753782446,465.61509732666127,461.24345915939574,456.2901348606877,0.012336932283147028,0.003080862937183638,20.08222646276971
2023-11-30,STOCK,477.5573009949148,0.013637200545680628,0.026219829982976117,0.03736258913701196,471.3484758686479,466.13029280508516,458.661451452161,0.013545050757864274,0.0026570203092815834,24.434168228447106
2023-12-01,STOCK,484.4862423031822,0.014509130723856734,0.02834419519496212,0.04110938764761318,477.7253058736035,471.7777670556161,461.9611427233958,0.014404880463887437,0.0021760520753447378,28.237371252654725
2023-12-02,STOCK,491.7635891636434,0.015020750281505846,0.02974781903476731,0.04379069655442169,484.6023774872469,478.0590518145538,466.11510472215275,0.014909055911882518,0.0016582198989922251,31.40642379468835
2023-12-03,STOCK,499.2259080548406,0.015174606367032162,0.03042329062139726,0.04537383684592977,491.8252465072222,484.8330829678589,471.0300484173504,0.01506062367634975,0.0011263706756472125,33.870155766525386
2023-12-04,STOCK,506.7056113822829,0.014982602478676998,0.03038456394067679,0.04586171316954801,499.2317028669224,491.94773037977274,476.5955947695843,0.014871471931756197,0.0006171804821749529,35.573237059569635
2023-12-05,STOCK,514.0347211345195,0.014464236407887743,0.029663550790821835,0.04528828986455302,506.655413523881,499.2432144076937,482.68675360638946,0.014360627230500356,0.00031747071254221727,36.4774201396047
2023-12-06,STOCK,521.0486413071383,0.013644837370398788,0.028306435931759077,0.04371314248758984,513.9296579413136,506.55569420848497,489.16673063205053,0.013552584810427426,0.0006171906487664887,36.562399003956045
2023-12-07,STOCK,527.5898543741772,0.012553939399264635,0.026370073231124058,0.041215732612320144,520.8910722719451,513.7209472505917,495.8899995325728,0.012475792060331337,0.0010626861131808171,35.82626521053379
2023-12-08,STOCK,533.5114587921687,0.011223878489884154,0.02391872177953558,0.03788992621872378,527.3833181578282,520.5780573980574,502.705570182958,0.011161358144588185,0.001492492795226259,34.285550737328094
2023-12-09,STOCK,538.6804680921067,0.009688656569139642,0.021021279363086176,0.0338391186295699,533.2605937528177,526.9730287400221,509.46037955989743,0.00964202250840085,0.0018833799624430755,31.974856709823825
2023-12-10,STOCK,542.9807974688373,0.007983080195874681,0.017749082087396006,0.029172174117936267,538.3909081177043,532.7622440068856,516.0027292072897,0.007951383988332061,0.002227579673329236,28.94607633431781
2023-12-11,STOCK,546.3158707955193,0.006142157038018459,0.014174270566103209,0.024000256774875828,542.6590454521546,537.8156899045619,522.1856920565234,0.006123370877266332,0.002521467232459132,25.267229488381076
2023-12-12,STOCK,548.610789515227,0.00420071764777008,0.010368676153253542,0.018434530322384735,545.9691525931945,542.0198769327718,527.8704120916817,0.004191919264468602,0.002763288027167716,21.02093514104979
2023-12-13,STOCK,549.8140147010666,0.0021932218775770895,0.0064031526311938425,0.01258463883821137,548.2468916706044,545.2803881145514,532.9292227563044,0.0021908202773293084,0.002952307283188614,16.302555908897943
2023-12-14,STOCK,549.898524509364,0.00015370617342913562,0.002347265162748524,0.006557843008711872,549.4411095752193,547.5239993980028,537.2485140690125,0.0001536943618454245,0.0030883434191503524,11.218056417257344
2023-12-15,STOCK,548.8624210320172,-0.0018841721357067964,-0.0017307555711667533,0.00045867037542701716,549.5249867474827,548.7003241106388,540.7312840587623,-0.0018859494208500749,0.003171466018220309,5.8816235631799145
2023-12-16,STOCK,546.7289729194208,-0.003887036224095808,-0.00576388451445875,-0.005611064285662382,548.4966394869341,548.7829445354191,543.2993172199906,-0.0038946103831243306,0.0032017974907728795,0.41310212390146717
2023-12-17,STOCK,543.5460928167424,-0.005821678126334606,-0.009686085276668366,-0.011552007160392841,546.3791622560602,547.7700051957223,544.8949410642471,-0.005838690152262238,0.003179397362417053,-5.064696698484568
2023-12-18,STOCK,539.3852613492058,-0.007654974476910437,-0.013432087805775206,-0.01726691301800476,543.2201090284565,545.6842545253501,545.4823213199508,-0.00768442418145554,0.0031042209096165565,-10.428753351860792
2023-12-19,STOCK,534.3399218213517,-0.009353869839220041,-0.01693724068125091,-0.02266031564399107,539.0904253291001,542.5725339877475,545.0482666928752,-0.009397892013220499,0.0029761496660163866,-15.558602688012343
2023-12-20,STOCK,528.523381681869,-0.010885468036257673,-0.0201375166243275,-0.027638338925450423,534.0828549508088,538.504726117718,543.6025251141784,-0.010945148236553237,0.0027950956052736524,-20.339039350148255
2023-12-21,STOCK,522.0662678825736,-0.012217271786060802,-0.022969749100801073,-0.03210876289669273,528.3098571285982,533.5721851103485,541.1775648228838,-0.012292516132812459,0.0025611861667575045,-24.66270503684723
2023-12-22,STOCK,515.1135932786864,-0.013317609337386016,-0.025372176270631375,-0.0359814562930848,521.9010809477097,527.8856852027372,537.8278451992298,-0.013407083976745504,0.0022750483518924436,-28.43249953805605
2023-12-23,STOCK,507.8214999527339,-0.014156282072733672,-0.02728536357580502,-0.03916928265927888,515.0004537046648,521.572932923443,533.6285937243965,-0.01425743803009194,0.001938243165538301,-31.563761396471932
2023-12-24,STOCK,500.35375259999654,-0.01470545723927097,-0.02865356471131697,-0.041589577067754124,507.7629486104724,514.775699079172,528.6741165334597,-0.014814654326583465,0.001554028246370491,-33.98616922135517
2023-12-25,STOCK,492.8780607265086,-0.014940813044055146,-0.029426558795986768,-0.04316627020197461,500.3511044264131,507.6466348880998,523.0756805029089,-0.015053551335129534,0.0011292529663960915,-35.645320955360376
2023-12-26,STOCK,485.56231225511317,-0.01484291765921153,-0.029561965445492056,-0.04383270046599552,492.93137519387284,500.34584376260773,516.9590144364781,-0.014954176067094593,0.000682819479527211,-36.503955627460414
2023-12-27,STOCK,478.5708031246596,-0.014398788690956343,-0.02902798631523562,-0.043535097642709464,485.67039203542714,493.03728573180234,510.4614854672698,-0.01450345719689583,0.00033009574165980917,-36.54279015402676
2023-12-28,STOCK,472.06054755741917,-0.013603536874238986,-0.027806451112293518,-0.04223663990725035,478.73122097906406,485.8850952527394,503.7290140880912,-0.013696912777359849,0.0005481809684197122,-35.760952395314746
2023-12-29,STOCK,466.17775185815356,-0.01246195160706598,-0.025895961863093175,-0.03992188007123376,472.2697008467442,479.0498951043708,496.9127970917713,-0.01254025293096106,0.0010469729300991888,-34.176000741842984
2023-12-30,STOCK,461.05453093571316,-0.010989844328734177,-0.02331484102760628,-0.03660121360220914,466.43094345042874,472.6851891462117,490.16591201715585,-0.01105067878599364,0.0015785085607360905,-31.82352979079542
2023-12-31,STOCK,456.80594128700704,-0.00921493958661157,-0.02010351316379022,-0.032314935762676966,461.34607469362464,466.93391495259056,483.63987935759906,-0.009257659787647476,0.0021000155184481128,-28.756370968106125
2024-01-01,STOCK,453.5273970761292,-0.007177105012340368,-0.01632590800985645,-0.02713633315103703,457.1292897662832,461.9252337428844,477.4812597373434,-0.007202984330586304,0.0025878614345700842,-25.043406048530414
2024-01-02,STOCK,451.2925273379343,-0.0049277502364862835,-0.012069488267904771,-0.021173208249286257,453.8752885670236,457.77162969898745,471.82836247586346,-0.004939931632075734,0.003021525645613017,-20.768020219484868
2024-01-03,STOCK,450.1515224286488,-0.002528304459229691,-0.007443595842819062,-0.014567277386126065,451.6571489475709,454.5663838130865,466.8081394587287,-0.002531506018431884,0.0033822141300729764,-16.02622942950478
2024-01-04,STOCK,450.13000685867456,-4.7796283922596494e-05,-0.0025759798995945715,-0.007491036350521396,450.52468554175266,452.3814789976788,462.5333340719452,-4.7797426201867665e-05,0.003653561913207898,-10.924524077038598
2024-01-05,STOCK,451.2284638213284,0.002440310456793604,0.0023923975350994553,-0.0001419556334864014,450.50333103621733,451.26598350454304,459.09994922856674,0.002437337734492395,0.0038227498872077433,-5.577477465678669
2024-01-06,STOCK,453.4222243413619,0.004861751187979602,0.0073139258270356056,0.00726577996463762,451.5935650071217,451.2449489575896,456.58509135023695,0.004849971041670287,0.0038815527891597353,-0.10517273476727951
2024-01-07,STOCK,456.66202128696204,0.007145209854471091,0.012041699274949025,0.01451139521640088,453.7709031498842,452.3188477473951,455.04523872319123,0.007119803791852064,0.0038270691774180674,5.369493949027742
2024-01-08,STOCK,460.87509580331846,0.009225804468002696,0.01643693463147411,0.021378598105924906,456.98644714388087,454.46356242232906,454.5149731177078,0.009183506688954957,0.00366198812533808,10.723573374669684
2024-01-09,STOCK,465.9668313196436,0.01104797278631442,0.020375703691011493,0.02766650222428746,461.1679828033081,457.63092731452286,455.00620315610087,0.010987389739794295,0.003394341892607872,15.836824460969012
2024-01-10,STOCK,471.8228784333712,0.01256751923123578,0.023754337628008493,0.033199294970233995,466.2216018521112,461.74981023693147,456.5078968707372,0.012489203435647411,0.0030367915999589836,20.59441461204284
2024-01-11,STOCK,478.3117229512158,0.013752712753968277,0.026493069467221186,0.03783373696403536,472.0338109014103,466.7277099589022,458.9863294582459,0.013659002403429987,0.0026055876197869764,24.889498609853888
2024-01-12,STOCK,485.28763941442475,0.014584456387911837,0.02853774498125561,0.04146391287135942,478.4740802663373,472.45283358439474,462.385840665895,0.01447912609215063,0.002119448959288648,28.6256181274627
2024-01-13,STOCK,492.5939637784182,0.015055657244453347,0.029859692208838107,0.04402305673267648,485.39777538135303,478.7966071794147,466.63008480087194,0.014943445713981873,0.0015988289055667874,31.718867975099727
2024-01-14,STOCK,500.06661174948164,0.015169995007135118,0.030454046496815934,0.045482658597695735,492.64940498077493,485.6165632653823,471.6237452899526,0.01505608123572788,0.0010671403858292339,34.09978042983806
2024-01-15,STOCK,507.5377637642581,0.014940313628695634,0.03033695311898299,0.04584935313143679,500.06611309738605,492.75954033155966,477.2546752842456,0.014829806458005912,0.0005653873214396814,35.71488533088689
2024-01-16,STOCK,514.8396338553441,0.014386850816637153,0.02954210850866268,0.04516025715437433,507.48133645636136,500.0651225123853,483.39641623564376,0.014284342093779046,0.0003250937286575731,36.527910904128305
2024-01-17,STOCK,521.8082377623913,0.01353548454469844,0.02811706835821104,0.043477459806497754,514.7285451273314,507.3692421819786,489.9110378831867,0.013444698181277026,0.0006659826396888548,36.52059834796654
2024-01-18,STOCK,528.287075665066,0.012416128059720144,0.026119670913875792,0.04088230153933048,521.6449824276006,514.5078645593082,496.65223586936145,0.012339680083198523,0.0011123563964300718,35.69311188664784
2024-01-19,STOCK,534.1306468316202,0.011061355531360784,0.023614822797872304,0.037469945411577,528.0753200863593,521.320671575736,503.4686174205591,0.011000626160654114,0.00153844935623916,34.06403508213856
2024-01-20,STOCK,539.2077172516449,0.009505296972081911,0.02067179397268193,0.033344585673591,533.8751465827771,527.6546622732133,510.2071013023866,0.009460405881388745,0.001924377368933105,31.669953487386806
2024-01-21,STOCK,543.404266869021,0.007782807039123929,0.01736208190338906,0.028615485595447687,538.9142103174287,533.3675888759486,516.7163556941671,0.007752677225133731,0.0022630721293364006,28.564633013676826
2024-01-22,STOCK,546.6260502265661,0.00592888858990448,0.013757839024880036,0.023393908342587588,543.0793447824108,538.3311513687837,522.8501967753812,0.005911381892707013,0.002551186323404772,24.817812464174835
2024-01-23,STOCK,548.8007130158226,0.003978337271623111,0.009930812979984216,0.017790909620272854,546.2770100371366,542.4338788389349,528.4708716991215,0.003970444614076918,0.0027871112580073617,20.51363735075654
2024-01-24,STOCK,549.8794169988385,0.001965565928455426,0.005951722884271371,0.01191589857607478,548.4353934137425,545.5836328723785,533.4521522240573,0.0019636367313076164,0.002970193427738472,15.748770167218254
2024-01-25,STOCK,549.8379368097033,-7.543506422114099e-05,0.001889982591642081,0.005875838851452153,549.506022274788,547.7096767839903,537.6821695286018,-7.543790958841612e-05,0.0031002922266768623,10.630219558058343
2024-01-26,STOCK,548.6772040040389,-0.0021110453243717853,-0.0021863211417533224,-0.00022505257164284753,549.4648526041937,548.7642642109938,541.0659265434713,-0.0021132767214924186,0.0031774913916256956,5.272937135017969
2024-01-27,STOCK,546.423286138269,-0.004107912355974852,-0.006210285691174655,-0.006285252282095866,548.3128089840038,548.7237113933345,543.527431381059,-0.004116373006293195,0.003201910625665481,-0.2027640882971582
2024-01-28,STOCK,543.1268013485002,-0.006032840974011133,-0.010115970948007313,-0.012205660999207835,546.0757638302694,547.58892905987,545.0114039494024,-0.006051112080636578,0.003173598495603726,-5.673911667322386
2024-01-29,STOCK,538.8617815763113,-0.0078527146176538,-0.013838181413162398,-0.017889247732725932,542.8039563543603,545.3854019753646,545.4845174238716,-0.007883709550625895,0.0030924991656131723,-11.017635422527178
2024-01-30,STOCK,533.7240099709486,-0.00953448877063312,-0.017312331768945866,-0.0232407301985057,538.5708642985868,542.1626166076136,544.936146695802,-0.009580233006166061,0.002958490992771182,-16.11392683875465
2024-01-31,STOCK,527.82886980629,-0.011045296922241765,-0.020474474433401446,-0.028166408846383217,533.4715537845167,537.9929497680638,543.3786069895289,-0.011106749138584782,0.0027714992880405256,-20.848334197748954
2024-02-01,STOCK,521.3087532212654,-0.012352709292724695,-0.023261566873034156,-0.032574268495529024,527.6205443328348,532.9700431846632,540.8468772889987,-0.012429638182775093,0.002531691225514931,-25.114532917003544
2024-02-02,STOCK,514.3100879778377,-0.013425182677600622,-0.025612054591507172,-0.0363744587659971,521.1492370017978,527.2067005105306,537.3978147852004,-0.013516115216956948,0.0022397731977630724,-28.816713370662455
2024-02-03,STOCK,506.99004900914696,-0.014232734569667227,-0.02746684018566825,-0.03948025958638968,514.2029634027501,520.8323539970977,533.1088779862312,-0.014334991358428084,0.0018974488989999445,-31.871732567164315
2024-02-04,STOCK,499.5130286093623,-0.01474786421232055,-0.028770696345184366,-0.04180962716858905,506.9377218654491,513.9901577247805,528.076387166197,-0.014857695147202143,0.0015082457011338722,-34.21098136158628
2024-02-05,STOCK,492.04694453716337,-0.014946725399704652,-0.029474157335411477,-0.04328739404705917,499.51667405189096,506.8337726709551,522.4133612195094,-0.015059553384012325,0.0010796821292698687,-35.78192526912659
2024-02-06,STOCK,484.7594689448892,-0.014810529103333914,-0.02953588559150666,-0.04384815857373303,492.10648069713835,499.5239158156799,516.2469795001714,-0.014921300067867627,0.0006337591924646476,-36.54928427637623
2024-02-07,STOCK,477.81426282347763,-0.014327118016958518,-0.028925454921935323,-0.0434398394898603,484.8735587685101,492.22475078480795,509.7157256476693,-0.014430742119603934,0.00031885587641612836,-36.49582515436009
2024-02-08,STOCK,471.3673005294393,-0.01349261166031801,-0.027626419437662197,-0.04202778665189366,477.98034409926885,485.10020108886636,502.9662775429821,-0.013584464100293125,0.0005992732470117357,-35.62274847970764
2024-02-09,STOCK,465.56336693707226,-0.012312974586586867,-0.025639452062424795,-0.03959923062379478,471.5816434299965,478.3102687544084,496.15021323959434,-0.012389407315707146,0.0011061134527231866,-33.94966167229006
2024-02-10,STOCK,460.5328058823227,-0.010805319773859123,-0.022985248732670494,-0.036167729357922784,465.8211577829449,472.00744102344026,489.42060684719763,-0.010864121204027022,0.0016379545427694083,-31.51413865484068
2024-02-11,STOCK,456.38859292123385,-0.008998735612654296,-0.01970682117065825,-0.03177714616898841,460.8282552468763,466.33326581870915,482.9285908171945,-0.009039468782785498,0.002156770713338428,-28.37087602365534
2024-02-12,STOCK,453.22379814251923,-0.006934430062016994,-0.015870764571918716,-0.026504595659522567,456.71506564869196,461.4151728825174,476.8199618336627,-0.006958584953866698,0.0026395335561675,-24.590464680958405
2024-02-13,STOCK,451.1094960140158,-0.004665028926478798,-0.011567109671667741,-0.020461755922584146,453.5739623592564,457.3636119794328,471.2319065341495,-0.004675944133655463,0.0030659167551045714,-20.257804515423516
2024-02-14,STOCK,450.0931692033648,-0.002252949272030902,-0.006907468124985661,-0.013793998832384302,451.4754877866333,454.26957243269123,466.2899205935499,-0.002255490980520136,0.0034173493736842676,-15.470197733707437
2024-02-15,STOCK,450.1976422196629,0.00023211420089519486,-0.002021358012655461,-0.0066769572455344095,450.4667691456812,452.2025397001594,462.1049903617998,0.00023208726656243073,0.0036778067616184797,-10.335163662659795
2024-02-16,STOCK,451.42056882419456,0.002716421610966524,0.002949166331893238,0.0006895727377218552,450.57046008240746,451.2089348807514,458.7711003497304,0.0027127388056422674,0.003834936755348412,-4.96802409703929
2024-02-17,STOCK,453.73448472189517,0.0051258539320164775,0.00785619952337857,0.008090137259748387,451.7842319219176,451.31107219662664,456.36312253957203,0.0051127614637449526,0.003881082173858041,0.5106865793759425
2024-02-18,STOCK,457.0874243502091,0.00738965130756819,0.01255338351279578,0.01530390540602733,454.080825965433,452.50665786386537,454.935134921649,0.007362481602009474,0.0038139643876996692,5.977928336193315
2024-02-19,STOCK,461.40408791359346,0.009443846698519165,0.016903284740191538,0.022115782440757625,457.4086656618993,454.76884160591106,454.51920701930123,0.009399532358373541,0.0036368931219098615,11.310918710228634
2024-02-20,STOCK,466.587532454589,0.011234067223882649,0.020784006731064952,0.02832724460114977,461.6930149061306,458.04681965289626,455.12467967652776,0.011171433740000403,0.0033584626443917387,16.3898902349261
2024-02-21,STOCK,472.5213489836487,0.012717477678504396,0.02409441390154554,0.03376580455124145,466.83765645061044,462.2669756847871,456.73795528276924,0.012637289702785992,0.002991792221055884,21.100780159454132
2024-02-22,STOCK,479.0722767740787,0.013863771032823102,0.026757560909977496,0.03829222437186974,472.7270527374389,467.33453409522383,459.32280314592515,0.013768548049615248,0.002553463012563561,25.337792052183545
2024-02-23,STOCK,486.09319611066866,0.014655240298742767,0.028722188227498613,0.04180493969366417,479.22894062279875,473.1356884473157,462.82117315559054,0.01454889006431781,0.0020624103948353044,29.005771760459538
2024-02-24,STOCK,493.42643228132266,0.015086070385943895,0.02996240067135658,0.044241563566681075,486.19730172202344,479.54015732086157,467.1544994633863,0.014973407308365161,0.001539288665560048,32.022344367729204
2024-02-25,STOCK,500.907296611167,0.015161053077876518,0.030475844177678235,0.045577715296152066,493.47564166771946,486.40411015217717,472.2254649025367,0.015047272889654018,0.0010081973760773355,34.319764156578
2024-02-26,STOCK,508.3677850151403,0.01489395034659391,0.030280811396214302,0.045823700234224995,500.90050463587676,493.57339735847546,477.9201865216313,0.014784124617934324,0.0005158303585560492,35.846436031491635
2024-02-27,STOCK,515.6403510075475,0.014305717645327398,0.029412736640203274,0.045019717779447355,508.30514421128504,500.88701220516924,484.11077315019645,0.014204356419641684,0.0003428737917320753,36.568074233468735
2024-02-28,STOCK,522.5616684349211,0.013422761453500742,0.02792050133420254,0.043230298241319964,515.5232681525364,508.18070667001973,490.6581975586678,0.013333474290467606,0.0007154689958265117,36.468472324252446
2024-02-29,STOCK,528.9762994293176,0.012275356923151959,0.025862887564388704,0.04053859237670521,522.3927729572621,515.2906800996186,497.4154187102401,0.012200625676303645,0.0011617220850797451,35.54986714799492
2024-03-01,STOCK,534.7401852077267,0.01089630250850071,0.023305415434087262,0.037040999919534245,528.7593843573219,522.0572578189306,504.23068398555387,0.010837365547781808,0.0015838919565016654,33.832888596559656
2024-03-02,STOCK,539.723881321766,0.009319845883853706,0.02031770025243751,0.03284246419804582,534.4801219862702,528.3284770802558,510.95093721936564,0.009276684087150322,0.0019647779204062213,31.356096306625716
2024-03-03,STOCK,543.8154647009251,0.00758088259711398,0.016971381138436437,0.028052608949808544,539.4265104101393,533.9634998189313,517.4252560120502,0.007552292109807901,0.002297927308943948,28.175113693377625
2024-03-04,STOCK,546.9230472034385,0.0057144062723968325,0.013338609112574229,0.022782768777662055,543.4874644087099,538.8357755726348,523.5082411213273,0.005698140987752787,0.0025802486570782397,24.361378768517397
2024-03-05,STOCK,548.9768392258504,0.003755175491165552,0.00949104036194326,0.017143873421765488,546.5717837100715,542.8358835319414,529.06328181578,0.0037481424211227576,0.0028102699580145035,20.00053979653285
2024-03-06,STOCK,549.9307170270502,0.0017375556363086186,0.005499255953814064,0.011245087208926918,548.6102011521131,545.8739898958061,533.9656238573683,0.0017360478328569684,0.00298741356707522,15.190531819323496
2024-03-07,STOCK,549.7632585680614,-0.00030450828405093056,0.0014325182521723878,0.005193073100769219,549.556938273654,547.8818653450651,538.1051712126605,-0.00030455465611289867,0.003111576273775365,10.039377246295317
2024-03-08,STOCK,548.4782246048541,-0.002337431509254251,-0.002641228026047271,-0.00090826167038216,549.3907333999886,548.8144173258509,541.3889585723912,-0.002340167566680762,0.0031828536186081224,4.662759903928986
2024-03-09,STOCK,546.1044742298726,-0.004327884441887586,-0.006655199817678925,-0.00695768153825338,548.1153191342628,548.6507027311377,543.7432391518863,-0.004337276843039639,0.0032013612585698147,-0.8185729735658924
2024-03-10,STOCK,542.6953167590372,-0.00624268364701297,-0.010543550475469066,-0.012856337157622466,545.7593385312547,547.3943982377751,545.1151408848582,-0.006262250672911307,0.0031671363855572694,-6.281522466813271
2024-03-11,STOCK,538.3273145194356,-0.008048719243952784,-0.014241157282962158,-0.01850740764181036,542.3757018361152,545.0737177362522,545.4738538160291,-0.008081285044386988,0.003080112534209284,-11.603402507614533
2024-03-12,STOCK,533.0985634245146,-0.009712958926464066,-0.017683501290989723,-0.0238157924336716,538.0403982343292,541.7407787075429,544.811322026304,-0.009760437399799926,0.002940166294432571,-16.664695143546737
2024-03-13,STOCK,527.1264899513485,-0.01120256906115591,-0.020806717894458093,-0.028687969707690275,532.850789298433,537.4704317768417,543.1424245513463,-0.0112657904426392,0.002747238745335895,-21.35173465350556
2024-03-14,STOCK,520.5452139951169,-0.012485192988193394,-0.02354789581265726,-0.033032134994288365,526.9234224569934,532.3585797298905,540.5046412305142,-0.01256378787694068,0.00250154048248842,-25.559260234755698
2024-03-15,STOCK,513.5025368254082,-0.013529424496398712,-0.02584570000873543,-0.03675873083060954,520.3914135906247,526.5200237431648,536.95721099047,-0.013621781127405974,0.0022038628811948866,-29.192779933628913
2024-03-16,STOCK,506.1566217883439,-0.014305508756545793,-0.02764138795234028,-0.039781472877487234,513.4014575362897,520.0858851969465,532.5798014665993,-0.01440881900095281,0.0018560620237409605,-32.17069273109172
2024-03-17,STOCK,498.6724422988017,-0.01478629176696189,-0.028880275097158514,-0.04201896609219502,506.110533637518,513.2006609718039,527.4707198396734,-0.014896698669909725,0.0014619583574766307,-34.42612112571294
2024-03-18,STOCK,491.21807689318445,-0.014948420592992395,-0.029513680651611085,-0.04339698119115731,498.6823803267768,506.01897836017105,521.7447050685063,-0.015061274300830263,0.0010298348010967001,-35.90841305816406
2024-03-19,STOCK,483.9609345478427,-0.014773768895560813,-0.02950134497735868,-0.04385142124996755,491.2838179132764,498.70212247071623,515.5303511003033,-0.01488398793343837,0.0005855910319245164,-36.584279447274184
2024-03-20,STOCK,477.0639950343831,-0.014251025281417307,-0.028814252822945585,-0.043331945845667796,484.0810021584702,491.41441411251117,508.96721892783796,-0.014353546327824596,0.0003184732231401855,-36.43854179102516
2024-03-21,STOCK,470.6821487453589,-0.013377337957697244,-0.02743772245768139,-0.0418061327826319,477.23569277586165,484.31951950391414,502.2027023504303,-0.013467620608167863,0.0006522612890615114,-35.47447304298498
2024-03-22,STOCK,464.9587181899763,-0.012159863233901835,-0.025374534591599884,-0.039263946739048095,470.9016206565728,477.57677468214916,495.3887178269764,-0.012234399218706393,0.0011654941669193783,-33.713724108825375
2024-03-23,STOCK,460.02223927952605,-0.010617026237656813,-0.022647787884558013,-0.03572215872972928,465.22103540495385,471.3376071594174,488.6782927597943,-0.010673788985939403,0.0016972279989031374,-31.195837613658398
2024-03-24,STOCK,455.98357468791886,-0.008779281188519117,-0.019303097567449634,-0.03122823777494066,460.32151071914046,465.7421351874326,482.22212882907445,-0.008818046129932533,0.002213070859888066,-27.977359859923865
2024-03-25,STOCK,452.9334241150385,-0.006689167641549143,-0.015409722746425936,-0.02586314355336894,456.3130793608279,460.91602100356374,476.1652175580374,-0.0067116403954932125,0.0026904955626719006,-24.130570919344564
2024-03-26,STOCK,450.94028736701756,-0.004400507098621054,-0.0110602390104797,-0.019742419250713628,453.28576205665837,456.96764872789544,470.64358411590484,-0.004410217828546337,0.0031093634404782337,-19.741861378341355
2024-03-27,STOCK,450.04892599826826,-0.001976672729673057,-0.00636848146591551,-0.013015049267317003,451.30754582677486,453.9856902895539,465.78123248585143,-0.001978628925477288,0.003451337612222541,-14.90979219170805
2024-03-28,STOCK,450.2793580634718,0.0005120155873996612,-0.0014656692295221818,-0.005859726640294549,450.4228571429193,452.03711404634305,461.6873606028803,0.0005118845521447923,0.0037007482998672155,-9.74288121605423
2024-03-29,STOCK,451.6264085552259,0.0029915883720439407,0.0035051356993212046,0.0015215344634973427,450.6515642056554,451.1656808198044,458.45390800361855,0.002987122476081794,0.003845723368116557,-4.357166132692953
2024-03-30,STOCK,454.0598256235543,0.005388119521426926,0.008395826929178396,0.008912141310834842,451.98853074741737,451.39096112150753,456.1534910625357,0.005373655537957767,0.0038791824475228457,1.1264015085157553
2024-03-31,STOCK,457.5249599672378,0.007631448871137092,0.013060687551203376,0.01609134812425639,454.4037313820061,452.70789564155166,454.8377721847235,0.007602476671745961,0.003799472399025537,6.5846726002202445
2024-04-01,STOCK,461.94399213930444,0.009658559769904373,0.017363717446094107,0.02284539475245695,457.8429259100323,455.0869088697588,454.5362995796563,0.009612214064370406,0.0036105197209810266,11.895066141036182
2024-04-02,STOCK,467.21768020403687,0.011416293218382334,0.02118511793868727,0.028978239954202234,462.2288774368598,458.47457329787187,455.2558436721075,0.011351619103280086,0.003321470987767931,16.93832214056505
2024-04-03,STOCK,473.227588496899,0.012863186791727488,0.024426329922247136,0.03432081285966482,467.46308694674684,462.7948092862065,456.98024505300543,0.012781158684190608,0.0029458899956510583,21.60117994167308
2024-04-04,STOCK,479.8387474342262,0.01397035823360615,0.027013248352839803,0.0387379327351991,473.42800537838747,467.9505936483409,459.6707773849242,0.013873672230476863,0.0025006743221985812,25.778921810671932
2024-04-05,STOCK,486.9026846390984,0.014721481419839977,0.028897504022610487,0.042132404806395574,479.98967352340793,473.826138582713,463.26701711213235,0.014614172296454342,0.0020049664034245164,29.37772467186062
2024-04-06,STOCK,494.2607593108406,0.015112002672969638,0.030055955159376424,0.04444620585361214,487.00073046138846,480.28949201702017,467.6882004433895,0.014998953866971476,0.001479635694976989,32.316767171536185
2024-04-07,STOCK,501.74772495539185,0.015147805087724286,0.030488721431669363,0.045659041997580196,494.3037229684437,487.19550096729125,472.83503713258153,0.015034222668157682,0.0009496224783523337,34.53004475135498
2024-04-08,STOCK,509.1954404653171,0.014843546147792486,0.03021619837937428,0.04578482832302,501.73464157718325,494.38907136097487,478.5919403235906,0.014734458886381141,0.0004691725662260842,35.96785196841813
2024-04-09,STOCK,516.4366462065848,0.014220877026413392,0.029275511418609623,0.04486677624714641,509.12660387576466,501.7086511154466,484.8296223818937,0.014120708890261291,0.0003691913254646368,36.597898772358576
2024-04-10,STOCK,523.3087203093586,0.013306712746377958,0.027716822898383286,0.04297178498593812,516.3136023270869,508.9898582494986,491.4079984161058,0.013218956088874911,0.0007654104198130621,36.40603567026017
2024-04-11,STOCK,529.6573308046043,0.012131673424995881,0.025599818864773027,0.040184747767160856,523.1342324401826,516.0691725482513,498.1793322826358,0.012058674481466802,0.0012107456980590995,35.396571493763645
2024-04-12,STOCK,535.3399015873896,0.010728768304127723,0.022990599642441767,0.03660324169412865,529.4353175671175,522.7876078746509,504.991554420971,0.010671623435483113,0.001628807754487269,33.592176631997745
2024-04-13,STOCK,540.22881436883,0.009132352673401956,0.01995909987343425,0.03233291057995147,535.0753489202747,528.9942826553535,511.69167700816416,0.009090904893444218,0.0020045755723736803,31.033373903512825
2024-04-14,STOCK,544.2142747077243,0.00737735609965684,0.016577081390758197,0.027483701360285995,539.927663554648,534.5498083555813,518.129229735514,0.007350276510436515,0.002332142210294602,27.777628501139475
2024-04-15,STOCK,547.2067777570032,0.005498758831502748,0.012916681233165805,0.022166993594959106,543.8832889445192,539.3294198451102,524.1596390473044,0.005483695850397652,0.0026086529006992118,23.898057447644646
2024-04-16,STOCK,549.1391183496346,0.003531280443111573,0.009049456934137279,0.01649357410010599,546.853390271454,543.2257773541163,529.6474749511838,0.0035250601118494984,0.0028327637270517407,19.48178754503033
2024-04-17,STOCK,549.9679002817866,0.0015092385598802771,0.005045848547602372,0.010572353283368585,548.7712654628082,546.1513770929957,534.4694924838234,0.0015081008039841137,0.003003967758318918,14.627998694396979
2024-04-18,STOCK,549.674510898011,-0.0005334663779926752,0.0009749670538596877,0.0045096903790611265,549.5938431764775,548.0405163988319,538.5173995270927,-0.0005336087218070773,0.003122195756029328,9.445696529181077
2024-04-19,STOCK,548.2655390913575,-0.0025632838683963266,-0.0030953828206279344,-0.0015908159318581694,549.3026500903851,548.8507692755586,541.7002888155699,-0.0025665747052601162,0.003187552835189356,4.0512643836332245
2024-04-20,STOCK,545.7726273310406,-0.004546905801244505,-0.007098534659349398,-0.007628214207768269,547.9042257734696,548.5639391903661,543.9466795177382,-0.004557274419451751,0.003200149374283496,-1.4341504259626845
2024-04-21,STOCK,542.2517610407976,-0.006451159537737894,-0.010968732524255453,-0.013503900417515702,545.4299758210653,547.1864677285987,545.2061225413574,-0.006472058196302477,0.0031600108751763754,-6.887357308836954
2024-04-22,STOCK,537.782011286971,-0.008242941885974409,-0.014640924890545581,-0.019121259785469635,541.9354665529364,544.7492899296356,545.4503335113156,-0.00827710278516669,0.003067060827235464,-12.185888994815514
2024-04-23,STOCK,532.463759012822,-0.009889234229724209,-0.01805065973264619,-0.024385371584687343,537.4991771135304,541.3071395525978,544.6738279757149,-0.009938457495677788,0.002921175570766937,-17.210751885188984
2024-04-24,STOCK,526.4164406989569,-0.0113572392702872,-0.021134159100664518,-0.029202893341363168,532.2207369995834,536.9373198741175,542.8940445748382,-0.011422225221399351,0.002722314509009479,-21.849098392400606
2024-04-25,STOCK,519.7758660774607,-0.01261467938326366,-0.023828650721477218,-0.033482237842838325,526.2186885964132,531.7379676234016,540.1509534068839,-0.012694919971615981,0.0024707355139695613,-25.996761253579848
2024-04-26,STOCK,512.6911681381018,-0.013630294135863252,-0.026073031728703455,-0.03713415333914594,519.6278249715066,525.8258490428625,536.5061583857306,-0.013724039420188738,0.002167320833847692,-29.560592902695817
2024-04-27,STOCK,505.3214539228969,-0.014374568303895052,-0.027808932845700185,-0.04007281145712471,512.5961627128198,519.3337375700478,532.0415137498416,-0.014478883272686538,0.0018140894259240108,-32.460557364074134
2024-04-28,STOCK,497.8322313249571,-0.014820709747824345,-0.02898223674713707,-0.042217494471421646,505.28161779531865,512.4074320324746,526.8572857925362,-0.01493163381319551,0.0014151813463186805,-34.631527687864946
2024-04-29,STOCK,490.3916921380267,-0.014945876780874001,-0.029545078027002236,-0.043494948588754245,497.848459128627,505.2024823202887,521.0699010972032,-0.01505869188901876,0.0009797600189837116,-36.02474856093016
2024-04-30,STOCK,483.16693483139426,-0.01473262582229673,-0.02945831059297188,-0.04384242726983656,490.4636194314594,497.88069607107536,514.8093318472386,-0.014842228779122557,0.0005386971527635046,-36.60893124606645
2024-05-01,STOCK,476.3202118785127,-0.014170512217005937,-0.028694369185099156,-0.04321138345982778,483.2929462826446,490.6065048191575,508.21617693100995,-0.01427187261715357,0.00032914307668774275,-36.37095625958915
2024-05-02,STOCK,470.0052859162462,-0.013257732518554444,-0.02724037587493644,-0.04157167943220896,476.4974775420512,483.54327121782734,501.4385043939375,-0.013346400820079651,0.000706738018081636,-35.31616800665074
2024-05-03,STOCK,464.3639765675334,-0.012002650858948027,-0.025101255442900983,-0.03891607001299102,470.2298247874308,476.84962026634264,494.6285261494087,-0.012075264293484267,0.0012250509358892484,-33.468254757423665
2024-05-04,STOCK,459.52297547840584,-0.010425014284938916,-0.022302537337225314,-0.035264588781277806,464.6307459873952,470.67587693441845,487.9391796273535,-0.010479735390812372,0.0017562945455196716,-30.868716659620873
2024-05-05,STOCK,455.59100109674637,-0.008556643718556023,-0.018892454870497843,-0.030668346189766882,459.8259843808953,465.16069018748885,481.52069312928205,-0.008593461971984517,0.0022688864241686662,-27.57593373464789
2024-05-06,STOCK,452.6563570903326,-0.006441400289621924,-0.014942927240851112,-0.02521216129584536,455.9234445551617,460.4279192298529,475.51721202450517,-0.006462235629168589,0.0027407200236751156,-23.66385478818006
2024-05-07,STOCK,450.78494923683206,-0.0041342794024366025,-0.010549049143518396,-0.01901542840698378,453.0107691413038,456.58385189397006,470.06356155589873,-0.004142849163539353,0.003151841151931769,-19.220336679414117
2024-05-08,STOCK,450.01880532211806,-0.0016995774060581947,-0.005826830280632134,-0.012230697623996867,451.15337054976095,453.714817644887,465.28221895561484,-0.0017010233262721997,0.003484158754165415,-14.345171245415372
2024-05-09,STOCK,450.375131286807,0.0007918023879778247,-0.0009091207475291352,-0.005039641590784849,450.39296194858576,451.88524880656723,461.2805628704929,0.0007914890778426553,0.003722372499276829,-9.147844191598836
2024-05-10,STOCK,451.845924817925,0.0032657076933080287,0.004060095876435854,0.002353618023159587,450.74662047561674,451.1362335508029,458.14846186914593,0.0032603868510028278,0.0038551029961617837,-3.7450762788213865
2024-05-11,STOCK,454.39815506360605,0.00564845250448931,0.00893260639259652,0.009731481639646766,452.20640372277944,451.4845931454576,455.95625618765524,0.005632559814625182,0.003875854801561729,1.7417979732734352
2024-05-12,STOCK,457.97450443481375,0.007870519128113651,0.01356342788608389,0.01687342977018713,454.7395281054483,452.922504185054,454.753178039512,0.007839708152433289,0.003783602212293771,7.18955519798169
2024-05-13,STOCK,462.4946558348232,0.00986987562896724,0.01781807580201078,0.023567172861389096,458.28910511108114,455.41767428759505,454.56624596624096,0.009821486542172408,0.003582883909858784,12.475850512705165
2024-05-14,STOCK,467.85709640805806,0.011594600079335882,0.021578912969053565,0.029619269344454136,462.7754188925651,458.91406731184526,455.3996580592062,0.011527897799560094,0.0032833885187567298,17.48196512125105
2024-05-15,STOCK,473.9413972999788,0.013004613884522787,0.024749997261035883,0.034864152284786565,468.09771651428673,463.33316180825597,457.23469767952946,0.012920779929937787,0.0028991104816735278,22.09547248205382
2024-05-16,STOCK,480.61091822952847,0.014072459100525014,0.02726007988205592,0.03917074968575496,474.1364706458551,468.5757144414405,460.0301537934491,0.013974361294960325,0.002447249615361934,26.21276316592241
2024-05-17,STOCK,487.71587613526214,0.014783180398620255,0.02906367520068076,0.042446250959253584,480.7560638882565,474.5239887815302,463.72324648329203,0.014674974303920507,0.0019471473495741864,29.741371700448383
2024-05-18,STOCK,495.0967089799988,0.015133468492400937,0.03014036968580114,0.044636977906004516,487.80783444826324,481.04439941056523,468.23103684908017,0.015020099900529438,0.0014199081965405376,32.6020531451756
2024-05-19,STOCK,502.58765917017644,0.01513027667990463,0.03049271873772219,0.0457266784982866,495.1334147618125,487.9905119629889,473.4522896374171,0.015016955666186327,0.000891510861088989,34.73056276211838
2024-05-20,STOCK,510.0204961140534,0.01478913540405924,0.03014317579448389,0.04573281508803162,502.5682880880763,495.2063317258038,479.2697467670299,0.014680842540683692,0.0004263051392079039,36.0790988140746
2024-05-21,STOCK,517.2282943181173,0.014132369696868041,0.029130510629954642,0.04470153999551729,509.94548320078246,502.5298069435215,485.552760692481,0.01403343875647689,0.00040222382355071265,36.6173760885888
2024-05-22,STOCK,524.0491821737943,0.013187383464141833,0.027506122139459466,0.04270204930827992,517.0993242019885,509.79646815122805,492.16022846637907,0.013101186900603246,0.0008156229946707619,36.33330603853216
2024-05-23,STOCK,530.3299772448091,0.011985125222334414,0.025330561128648954,0.03982091168001611,523.8691512455736,516.8431218041901,498.94376060737767,0.011913872360349131,0.0012593949368396144,35.233268264810306
2024-05-24,STOCK,535.9296264144567,0.010558801896772163,0.02267047568203706,0.03615682340231241,530.1029286110202,523.5115152530462,505.75101360801756,0.010503447060916216,0.0016731850583970541,33.34196724428028
2024-05-25,STOCK,540.7223736345137,0.008942866719501952,0.019596094574354517,0.03181608144403114,535.6606590979267,529.6518907571383,512.429111241471,0.008903116100801078,0.0020437647326243345,30.7018775204603
2024-05-26,STOCK,544.6005841349685,0.007172276734892735,0.01617928416931025,0.026908919922457697,540.4175280613131,535.1263487205085,518.828077832015,0.0071466782846787424,0.002365714068998957,27.372289816851207
2024-05-27,STOCK,547.4771616689059,0.005281994947740509,0.0124921556121107,0.021546738014291078,544.2667064794628,539.8119446195308,524.8042063853793,0.00526809414027074,0.0026363978562715415,23.427979495111572
2024-05-28,STOCK,549.2875045064475,0.0033067001955351394,0.008606161117002076,0.015840163621051007,547.1217501034407,543.6034500718584,530.2232859380242,0.003301245084746718,0.0028545922365042363,18.957527261638347
2024-05-29,STOCK,549.9909562503291,0.0012806621998686651,0.004591597161350602,0.009897844902099218,548.9185408085609,546.4157160390329,534.9636156460396,0.0012798428514981808,0.003019856087551745,14.061329835872357
2024-05-30,STOCK,549.5717188909355,-0.0007622622783688415,0.000517423721013488,0.003825834881668211,549.6167265492375,548.1855850903173,538.9187379237277,-0.0007625529479797777,0.003132150870154402,8.84934525642177
2024-05-31,STOCK,548.0392075955364,-0.0027885556019727753,-0.0035486922695949774,-0.0022725747457750245,549.2006275789337,548.8733097824309,541.9998292514697,-0.0027924508662717784,0.003191589163114252,3.4386234605678965
2024-06-01,STOCK,545.4278392639283,-0.004764929763082515,-0.007540198093471395,-0.008296712763262049,547.6795885834667,548.4634453014353,544.137694960483,-0.004776318232144305,0.003198274939386704,-2.0493224049776018
2024-06-02,STOCK,541.7962595990626,-0.006658222047790097,-0.011391425850467929,-0.014148215828070798,545.0877688195092,546.9651963199583,545.2843231959084,-0.006680486892761017,0.0031522217964512636,-7.491244907384839
2024-06-03,STOCK,537.2260260509912,-0.008435336101163649,-0.015037393808144506,-0.019730671445911452,541.4833749713274,544.4122102800909,545.413963159562,-0.008471114894908816,0.0030533438645819234,-12.764930199337869
2024-06-04,STOCK,531.8197762123655,-0.010063268673645043,-0.018413717721270206,-0.02494933714774683,536.9473539541399,540.8618217443768,544.5237034173471,-0.01011424564684571,0.002901518861482628,-17.751942678570003
2024-06-05,STOCK,525.6989227993768,-0.011509262511036344,-0.02145671038379726,-0.029711051921248344,531.5815750209113,536.3937647851449,542.6335372837879,-0.011576006684498097,0.0026967271986593423,-22.340284796159608
2024-06-06,STOCK,519.000926983905,-0.012741125242952012,-0.024103746798881165,-0.03392445299244762,525.5065419985491,531.1083823291402,539.7859138152878,-0.012822989484247316,0.0024392780559636283,-26.426912280023316
2024-06-07,STOCK,511.876211311942,-0.013727751342116457,-0.026293969585914456,-0.03750060789852927,518.8586870317414,525.1243726717161,536.0447844958372,-0.01382284823453972,0.002130150770586168,-29.920048287120665
2024-06-08,STOCK,504.4847815375052,-0.014439877476416507,-0.027969401771126057,-0.040354165363141736,511.7873066111174,518.5761237690189,531.4941670245548,-0.014545147123296687,0.0017715385642637078,-32.74124451348598
2024-06-09,STOCK,496.99263323835214,-0.014851088820398983,-0.02907651839385761,-0.0424051145215687,504.4512086959332,511.6106951742162,526.2362584592966,-0.014962470373881764,0.0013679314721638464,-34.82714297401333
2024-06-10,STOCK,489.56802391316694,-0.014939073194721653,-0.029568300512211487,-0.04358121535204573,497.0151462296749,504.3845153969743,520.3891400910595,-0.015051785098318504,0.0009295162934083732,-36.13089888620982
2024-06-11,STOCK,482.3776942808866,-0.014687090008059123,-0.02940675169013296,-0.04382111822926238,489.6461171441353,497.0598688563706,514.0841255927554,-0.01479601313938339,0.0004935923910215494,-36.623232703018346
2024-06-12,STOCK,475.58312364361996,-0.014085582144082731,-0.028565795939375804,-0.043078122617693615,482.50961394589126,489.80125132270615,507.46281199721113,-0.014185725452978026,0.0003499932782101096,-36.293087668322016
2024-06-13,STOCK,469.3369034096555,-0.013133813887485801,-0.027034398617191258,-0.04132443197944591,475.76590711138743,482.7716756971362,500.6738997330775,-0.013220825120394686,0.0007623955680697543,-35.14787812784971
2024-06-14,STOCK,463.77931021939685,-0.011841372689604612,-0.024819664192012758,-0.038555646917330266,469.56644575755746,476.1290110933452,493.8698531337806,-0.011912040163786664,0.0012847267274989935,-33.21332301895529
2024-06-15,STOCK,459.03515563443597,-0.010229336411571643,-0.02194957971635947,-0.03479511190894202,464.05045642116283,470.022437437599,487.2034764172866,-0.010282015630170172,0.0018151207822340437,-30.532868278730973
2024-06-16,STOCK,455.21098313896164,-0.00833089241321594,-0.01847500932368429,-0.030097612542443142,459.3418163309316,464.58909520921395,480.8244820327923,-0.008365788241494698,0.0023241881317141297,-27.166711141924964
2024-06-17,STOCK,452.3926754027948,-0.006191212076503194,-0.014470526168002373,-0.024551838699349182,455.5462713920642,459.951005561049,474.8761284418776,-0.006210457104476319,0.0027901797674952235,-23.190448240825162
2024-06-18,STOCK,450.64352554177907,-0.0038664416028804105,-0.010033715719438785,-0.018281018326491316,452.7490613611785,456.21232998747365,469.49200284230494,-0.0038739356112147405,0.0031933257559342916,-18.69337786787645
2024-06-19,STOCK,450.0028156908496,-0.0014217664619926573,-0.0052827108878747975,-0.011441216580932334,451.0130055451412,453.4570310817642,464.7930210875546,-0.0014227781309470444,0.0035157933117781377,-13.776494528547232
2024-06-20,STOCK,450.48493481196977,0.0010713691210575416,-0.0003519205776197909,-0.00421700150013804,450.37709201486615,451.746986917271,460.8847121774349,0.0010707956147486541,0.003742666097530036,-8.550220822466201
2024-06-21,STOCK,452.0790555490661,0.0035386771319261268,0.004613837482392302,0.0031855112210059655,450.8556020172952,451.1206013992918,457.8548483042529,0.003532430745629256,0.0038630697800984136,-3.131927589895554
2024-06-22,STOCK,454.7493773871042,0.0059067585752117235,0.00946633781863171,0.01054784888171767,452.4377892493801,451.5919417961537,455.77147367860135,0.005889382069088178,0.003871101322180693,2.3567019843093817
2024-06-23,STOCK,458.43593065447385,0.008106780241353695,0.014061423610273405,0.017649859580371574,455.08812119688145,453.1504228186926,454.68137640308316,0.008074096817816567,0.0037663636646060954,7.79240511269478
2024-06-24,STOCK,463.05592331252683,0.010077728094866734,0.018266206263217732,0.024280858908911185,458.74707711803507,455.7610443430282,454.6090377123962,0.010027286401783186,0.0035540023810635346,13.053107621677214
2024-06-25,STOCK,468.5056002862773,0.011768939126759248,0.02196527139011062,0.030250119259565666,463.33248475109275,459.36517743788966,455.55608217758027,0.011700223775072516,0.0032442373608165902,18.02066547430752
2024-06-26,STOCK,474.6625735797003,0.013141728273174946,0.025065331600001794,0.03539566129134086,468.74136572616817,463.8818810440165,457.50124122165414,0.013056124930452384,0.0028514795806718917,22.583518030634195
2024-06-27,STOCK,481.3885708462734,0.014170060251113892,0.02749800760572363,0.039590569110101725,474.8522482374171,469.2097197358503,460.40083076600206,0.014070603386064917,0.0023932171851144515,26.639193459169235
2024-06-28,STOCK,488.53254068777875,0.014840339538901626,0.029220688295428898,0.04274642691413755,481.5278950379175,475.22904174251124,464.189732280602,0.014731299173764256,0.0018889839915177161,30.0966100333049
2024-06-29,STOCK,495.9340449430605,0.015150483619497557,0.030215661479491285,0.044813879474296714,488.6183854923709,481.804666068618,468.782855205823,0.015036861228006515,0.0013601464605151803,32.878121630533656
2024-06-30,STOCK,503.42686178324277,0.015108494600411193,0.03048787921986751,0.045780669238213,495.9644824713607,488.78891836801114,474.07704790295037,0.01499549801322253,0.000833976703530173,34.921261496965485
2024-07-01,STOCK,510.8427186956484,0.014730753313673128,0.030061807420983966,0.04566774196138579,503.401208473984,496.0249473912007,479.95341421760867,0.014623309632800563,0.0003884056109403179,36.18014511594811
2024-07-02,STOCK,518.0150715216649,0.014040236972213238,0.028977813553189513,0.04452411929320088,510.76155066685214,503.3502475262791,486.27998363106474,0.013942585813867758,0.0004403184885941001,36.626500675391526
2024-07-03,STOCK,524.7828446794947,0.013064819017619467,0.027288489144839057,0.042421222460407915,517.8802116322695,510.60030832462223,492.9146750335667,0.01298021040367825,0.0008659632208248752,36.25030399171595
2024-07-04,STOCK,530.9940485744654,0.011835760177648647,0.025055211259924937,0.03944722933561651,524.5973215918751,517.6123090509033,499.70848755976056,0.011766265379874241,0.00130764171850495,35.060003631404925
2024-07-05,STOCK,536.5091929576583,0.010386452349135045,0.022345144085884394,0.035701898366908624,530.7620287372062,524.2287752857864,506.5088468268988,0.010332883758725764,0.001717013188427867,33.08233117441557
2024-07-06,STOCK,541.2044195761717,0.008751437403392126,0.019228786140103926,0.03129213361901395,536.2358870360986,530.3011154618911,513.1630314265459,0.008713365536215711,0.0020823402256816862,30.361700880523358
2024-07-07,STOCK,544.9742837624626,0.00696569364537547,0.015778090880676388,0.026328421618903697,540.8959654320976,535.6929579100506,519.5216027181648,0.006941545276633931,0.0023986403433274026,26.959212240797683
2024-07-08,STOCK,547.7341224942514,0.00506416323488712,0.012065132289927005,0.020922156943318226,544.637608610962,540.2832134730019,525.4417608988122,0.0050513834879097885,0.0026634824520786558,22.951277814756736
2024-07-09,STOCK,549.4219557434812,0.0030814827484981766,0.008161251115029078,0.015183793535434864,547.3767873333985,543.968794906805,530.7905519788542,0.0030767447114907753,0.002875755223640551,18.42790716901584
2024-07-10,STOCK,549.9998784141275,0.0010518740006744132,0.0041365980807592795,0.009221709723564508,549.0519855506201,546.6669319980989,535.4478536419426,0.0010513211688563118,0.0030350786660309132,13.490685456469123
2024-07-11,STOCK,549.4549116089345,-0.0009908489557567401,5.9982796662527704e-05,0.003141650381113692,549.6255819221811,548.3170304046514,539.3090729332712,-0.0009913401710903713,0.003141441811682878,8.250492032762736
2024-07-12,STOCK,547.7992941074681,-0.0030131999304880974,-0.004001063260240301,-0.002953397873984409,549.0846947101768,548.8820324736525,542.2874951918515,-0.0030177487573794792,0.0031949627088480675,2.8250103450054667
2024-07-13,STOCK,545.0702075095116,-0.004981909665296214,-0.007980098105927147,-0.008963039989808852,547.4414710753048,548.3492494767046,544.3162314748533,-0.004994360747913262,0.003195737902496894,-2.6639149847397903
2024-07-14,STOCK,541.3289412164943,-0.006863824588967393,-0.011811539300202956,-0.014789148701292776,544.7328142778248,546.7306465713073,545.3497207390562,-0.0068874889806158635,0.003143768971994113,-8.093014526986963
2024-07-15,STOCK,536.6595160036646,-0.008625855477699673,-0.015430473707738313,-0.020335510146929914,541.0195549098903,544.0625740892146,545.3647530436567,-0.008663273499413648,0.003038961477096358,-13.34036241046283
2024-07-16,STOCK,531.1667970946204,-0.010235016328317026,-0.01877258603435672,-0.025507558885703108,536.3850847715931,540.4049511863517,544.3609907955017,-0.010287754265645432,0.002881196250712314,-18.28811451431409
2024-07-17,STOCK,524.9741391144582,-0.011658593899382952,-0.021774284328774707,-0.030212317976723968,530.9334840709145,535.8399201877498,542.3609763307012,-0.011727088190446544,0.002670477528253028,-22.825154993009846
2024-07-18,STOCK,518.2206158108346,-0.012864487601266794,-0.024373099663982933,-0.03435865691926743,524.7871840066379,530.4700018480145,539.4096256623595,-0.012947951709907812,0.002407170014578657,-26.849591698677045
2024-07-19,STOCK,511.0578967574174,-0.013821756284647324,-0.026508434073562515,-0.03785797690517334,518.0842172275702,524.4157929561991,535.5732197637532,-0.013918166158072509,0.0020923567096622023,-30.271044459076904
2024-07-20,STOCK,503.64684118223875,-0.014501401156699956,-0.028122722608773465,-0.040625425793725745,510.97511791683024,517.8132579919138,530.9379160405642,-0.014607574162772252,0.001728417528121986,-33.01267482142589
2024-07-21,STOCK,496.1538854162309,-0.014877400498371496,-0.02916305850227563,-0.042581730099789605,503.61954111862906,510.81067565623596,525.6078134212939,-0.014989179056245305,0.0013202274956895293,-35.012911678389514
2024-07-22,STOCK,488.74730509204267,-0.014927990169773087,-0.029583300979753147,-0.043655702821406184,496.18267723017084,503.5653088517529,519.7026145197514,-0.015040534055565935,0.0008791742812446163,-36.226834022415574
2024-07-23,STOCK,481.5934360361164,-0.014637152944667498,-0.029346639839169075,-0.043787438623371866,488.8315421814634,496.2398728968092,513.3549373724119,-0.014745332997585514,0.0004509746480502041,-36.62717977471823
2024-07-24,STOCK,474.85293872462216,-0.013996239996486803,-0.02842852783567551,-0.042932137221376454,481.73122661759385,488.9988812902502,506.70733712322465,-0.014095110995786087,0.0003794657803286176,-36.20495803279522
2024-07-25,STOCK,468.6771901955249,-0.013005602420160578,-0.026819812883875915,-0.04106440012541479,475.04118831875456,482.0049510929074,499.90910454241066,-0.0130909157756669,0.0008189973234153738,-34.96965098671387
2024-07-26,STOCK,463.20488444666535,-0.011676065879324238,-0.024529814028826702,-0.03818272886109686,468.9116711222709,475.4151508989943,493.1129132776151,-0.011744766428220643,0.0013444700543780784,-32.94900096956553
2024-07-27,STOCK,458.55891766757077,-0.010030047037704604,-0.021589001427043897,-0.03431382587799603,463.4803307699204,469.37747341409994,486.47139113292644,-0.010080686857224741,0.001873674120065919,-30.188387424471898
2024-07-28,STOCK,454.8436282559901,-0.008102098265754476,-0.018050880876749442,-0.02951618348177698,458.86914345674217,464.02751185807466,480.1336923774419,-0.008135098632925164,0.0023789469504908326,-26.749807780126275
2024-07-29,STOCK,452.14245360241887,-0.00593868856408597,-0.01399267099152457,-0.02388237088100098,455.18166650865993,459.48541483363397,474.24214806194203,-0.0059563927027257435,0.0028388478946249408,-22.710485122203295
2024-07-30,STOCK,450.5160562661888,-0.0035970905259433694,-0.009514417089659055,-0.01753942861321167,452.5007127081993,455.8531880477668,468.929069570337,-0.0036035756123684592,0.003233793556053969,-18.161133929336074
2024-07-31,STOCK,450.00096162516724,-0.001143343580893852,-0.004736321396474508,-0.010646882422847503,450.886490497925,453.2124034834672,464.31377719123066,-0.0011439976967988486,0.0035462224213338362,-13.20392282149811
2024-08-01,STOCK,450.60873759451334,0.0013506103790337232,0.00020572258643269947,-0.0033921079422772893,450.3752518286232,451.62236746885566,460.49992044147774,0.0013496991252424095,0.003761616613706716,-7.950180073057425
2024-08-02,STOCK,452.3257348362429,0.003810394913545956,0.005166151651498252,0.004016901384275684,450.9784780186412,451.11878878490626,457.57315032149046,0.0038031537474862986,0.003869618737432686,-2.5178934197472245
2024-08-03,STOCK,455.1133932939328,0.006162944628165246,0.009996822794574811,0.011360934986232252,452.68262190822975,451.71297672320895,455.59919577842146,0.006144031352787849,0.0038649249878967393,2.9709396915139337
2024-08-04,STOCK,458.9091081684589,0.008340151993889267,0.014554496516983262,0.018420349810026826,455.449412099545,453.391587103663,454.6223875757149,0.008305565099820278,0.0037477674178354944,8.393051902270088
2024-08-05,STOCK,463.62763588681435,0.010282052882296222,0.01870795876003295,0.024986199502142314,459.21671244973544,456.11692195599244,454.6646627197298,0.010229552146775234,0.0035238925141193663,13.62667426164711
2024-08-06,STOCK,469.16300848898794,0.011939263697224867,0.02234407672023142,0.030870581710130462,463.8999175147538,459.82777613488736,455.7250718018715,0.011868552954773293,0.0032040401436092244,18.554270894474598
2024-08-07,STOCK,475.3909134398898,0.013274501267608096,0.025372252735915923,0.03591518446258579,469.39385260523073,464.44081185561674,457.7798003202614,0.013187167104995012,0.00280302351942029,23.065178603646928
2024-08-08,STOCK,482.17148542088836,0.014263150155594984,0.027726987628023503,0.03999729114206896,475.57513578325546,469.85243028100786,460.7827035021084,0.014162388419033611,0.002338605548190116,27.058092126955557
2024-08-09,STOCK,489.3524474033375,0.014892962772738105,0.029368533492622362,0.04303288739530586,482.3049487547053,475.9410981279836,464.6663426158233,0.014783151536621908,0.0018305075458788875,30.443339234878636
2024-08-10,STOCK,496.7725304623456,0.015163065186209801,0.030281850924286813,0.04497691566660422,489.43215442885725,482.5700770430898,469.3434994995411,0.015049254945933122,0.0013003933754445925,33.14489457553128
2024-08-11,STOCK,504.26509552915866,0.0150824866661603,0.03047424858085912,0.0458210632032392,496.79669113161407,489.59049445112396,474.7091352930057,0.014969876843103691,0.0007771596664297003,35.102087040170716
2024-08-12,STOCK,511.66187574538714,0.014668435871942664,0.029972159026554923,0.04558969401385582,504.23316724563057,496.84468691222344,480.6427493839202,0.01456189496181537,0.0003569610487598168,36.270962305497335
2024-08-13,STOCK,518.796755373886,0.01394452072104202,0.02881750090094637,0.0443346271401972,511.5745755494773,504.1697409028229,487.01108559191545,0.01384819037930729,0.0004821392383045122,36.6252699529976
2024-08-14,STOCK,525.5095004000882,0.012939065166983399,0.027064014950357373,0.04212943759003651,518.6560438397872,511.40115150217315,493.6711248150784,0.012856070611272585,0.0009163174493783655,36.15705299675068
2024-08-15,STOCK,531.6493570425235,0.011683626343121922,0.02477386671274573,0.039063847131504126,525.3185376054994,518.3765168182088,500.4732969306493,0.011615899798179008,0.0013554614253210365,34.87682658017792
2024-08-16,STOCK,537.0784373577497,0.010211768797064424,0.02201470563111374,0.03523862050888993,531.4124316001206,524.939185183927,507.2648398175255,0.010159980951351955,0.0017602823616025816,32.81334182859109
2024-08-17,STOCK,541.6748159062889,0.008558114101828052,0.018857276381439414,0.030761224095650963,536.8008701021876,530.9417732161073,513.8932300641653,0.008521701047230934,0.0021202972612670585,30.012940160901792
2024-08-18,STOCK,545.3352679351448,0.006757655924489514,0.01537360281678013,0.02574236329138757,541.3628403997278,536.249475728359,520.2096083155909,0.0067349253139958876,0.0024309187004742895,26.538512561258813
2024-08-19,STOCK,547.9775875832161,0.004845312238975774,0.01163571111642292,0.020293404961641226,544.9958904748834,540.7430931649847,526.0721223335788,0.004833611494247769,0.0026899057346073704,22.468087183127864
2024-08-20,STOCK,549.5424340477099,0.002855676034845489,0.007714824915863394,0.014524614972651895,547.618429855357,544.3217085660219,531.3491126921153,0.002851606338020396,0.002896252486216957,17.893077005186342
2024-08-21,STOCK,549.9946642506429,0.0008229213522277234,0.0036809473838572693,0.008544094962243065,549.171561960523,546.9049539446005,535.9220695642637,0.0008225829380981153,0.003049635626568023,12.916226892893178
2024-08-22,STOCK,549.3241220766074,-0.001219179416856897,-0.0003972613534035663,0.0024572802317153197,549.6204067916534,548.4348151786642,539.6882941973856,-0.0012199232206970834,0.003150068772791629,7.649306170318482
2024-08-23,STOCK,547.5458664572293,-0.003237170093051356,-0.004452402818762025,-0.0036331454438826016,548.9548842614932,548.8769348830812,542.5632053057201,-0.0032424210634092177,0.0031976735627172433,2.210598522084524
2024-08-24,STOCK,544.6998331800279,-0.005197798854032154,-0.008418142788083505,-0.009627058978525116,547.1899405712883,548.2213840024435,544.482238583714,-0.005211354403577673,0.0031925381946704833,-3.277754403188169
2024-08-25,STOCK,540.8499380167259,-0.0070679205844911275,-0.012228981809008777,-0.015426564607879611,544.3652125513278,546.4828847962467,545.4022966811342,-0.007093016656461337,0.0031346522167179486,-8.692496030983989
2024-08-26,STOCK,536.082641312809,-0.008814453638283481,-0.015820074364463532,-0.020935643654093394,540.5441375031877,543.7004802086799,545.3027170766402,-0.00885353073304973,0.0030239135096432673,-13.912022937833967
2024-08-27,STOCK,530.5050062745653,-0.010404431347720289,-0.019127175608256608,-0.026059906834542956,535.8125285347002,539.9366570482714,544.1857361134678,-0.01045893583195312,0.002860207871696758,-18.81911580204212
2024-08-28,STOCK,524.242294560287,-0.01180518871679992,-0.022086793788969272,-0.03070656440738162,530.2766473825537,535.275942668883,542.0764387759821,-0.011875423259033902,0.0026435663130512294,-23.303571896942344
2024-08-29,STOCK,517.4351531734701,-0.012984723776486629,-0.024636625378669508,-0.0347847266489979,524.0608180027742,529.8230066675715,539.0221953350075,-0.013069762238324678,0.0023744134770660253,-27.264680006557796
2024-08-30,STOCK,510.23645583433785,-0.01391226957616254,-0.026716346375098565,-0.03820614358111707,517.3046345226984,523.7003102310939,535.0915975136702,-0.014009952248554391,0.0020539429949242003,-30.613482182388054
2024-08-31,STOCK,502.807869765655,-0.014559104869399486,-0.02826882425383126,-0.04088648515589577,510.15982625782107,517.045355921663,530.3729180651715,-0.014666128687548685,0.0016847351049699621,-33.27477154715393
2024-09-01,STOCK,495.3162249954436,-0.01489961717127275,-0.029241796951761767,-0.042747246765839964,502.78685019847893,510.0075996658387,524.9721283570551,-0.015011731501426873,0.0012720904840952541,-35.18878127912171
2024-09-02,STOCK,487.9297677142154,-0.014912609174666414,-0.02959003417821182,-0.04371833463692154,495.3512874917714,502.7450942966244,519.0105184827537,-0.015024920095496164,0.000828820408777703,-36.312526846071535
2024-09-03,STOCK,480.8143818282485,-0.014582807520230001,-0.029277948985677815,-0.04374133592550389,488.0201248459693,495.42094002758006,512.6219733475757,-0.01469018181545323,0.0004117869699622068,-36.62077134522161
2024-09-04,STOCK,474.12986356468105,-0.01390249234673524,-0.028282562497021324,-0.04277340487071146,480.9580043690484,488.1996215736487,505.9499659023712,-0.014000037125736498,0.00041582792480758583,-36.1065922696568
2024-09-05,STOCK,468.0263327927453,-0.012873120300938679,-0.026596644191211438,-0.040791597968516946,474.3235260618917,481.2433141790668,499.14433505036493,-0.012956696950364943,0.0008763581072566199,-34.78153697290975
2024-09-06,STOCK,462.640861655148,-0.01150676951329166,-0.024231761786010608,-0.03779737224996782,468.26568600419154,474.7082415110077,492.35792058842316,-0.011573484663292888,0.0014042337902342658,-32.675363340295576
2024-09-07,STOCK,458.09439622325306,-0.009827202499211762,-0.02122089265838456,-0.033820833855238486,462.9205302237155,468.7411672128152,485.74313075471974,-0.00987580815425737,0.0019319226443659185,-29.83537149096236
2024-09-08,STOCK,454.48904030906203,-0.007870334027037407,-0.017620193160029052,-0.028924211171848624,458.4080993958211,463.4760989089779,479.44851946827896,-0.007901468572996784,0.002433134079818462,-26.325341519186452
2024-09-09,STOCK,451.90576243372226,-0.005683916764160246,-0.013509516467681837,-0.023203958212899223,454.82973298867915,459.03127868278614,473.61545012821745,-0.0057001316911060584,0.002886697792647844,-22.224101130958786
2024-09-10,STOCK,450.40257744909667,-0.0033263240028855723,-0.008991334218282798,-0.016790903441673555,452.26579339729375,455.50652761405644,468.3749208965616,-0.0033318685172201157,0.003273221314012942,-17.62375534364861
2024-09-11,STOCK,450.0132436492657,-0.0008644129037538306,-0.00418786158924922,-0.009847974896716294,450.7738611773616,452.9810040128799,463.8446227619438,-0.0008647867240263452,0.003575427862948913,-12.627618005882312
2024-09-12,STOCK,450.74650463201954,0.001629420896166689,0.000763599499964629,-0.0025652644822663495,450.3874419101274,451.5114256946332,460.12629645372425,0.0016280948302220821,0.0037792123625304385,-7.34789159123352
2024-09-13,STOCK,452.58589293650266,0.004080759996097472,0.005716830167874054,0.004847475562354431,451.11521373926263,451.1307962201214,457.30344756454963,0.004072456277680381,0.003874745768465999,-1.9031473725593742
2024-09-14,STOCK,455.4900998668818,0.00641691881188744,0.010523864713570807,0.012170433414810056,452.9408324784681,451.8476637067532,455.4394711947697,0.006396418042811547,0.00385732966599591,3.584337433159533
2024-09-15,STOCK,459.3939031965999,0.008570555827358328,0.015042471200162666,0.01918461591097631,455.8232986666615,453.6459288562539,454.5762282351552,0.00853403712248113,0.0037278249462980645,8.991325747503254
2024-09-16,STOCK,464.20963191897187,0.010482787622697387,0.019143186766602316,0.025682945853771955,459.6978783274846,456.48520651019516,454.73310526153756,0.010428224191178614,0.003492572356794176,14.196388269706176
2024-09-17,STOCK,469.8291351489878,0.012105529148082939,0.0227152164619,0.03148045432007551,464.4775567548533,460.3017326135888,455.906579154111,0.012032843243032332,0.0031628199817278786,19.082630516968266
2024-09-18,STOCK,476.1262109590327,0.013402906160870698,0.02567068458015287,0.036422572537433195,470.0549926756642,465.00979621809483,458.07029621910806,0.013313881788804771,0.002753768832393751,23.540318022530016
2024-09-19,STOCK,482.9594406021018,0.014351719115201167,0.027946980020620016,0.040390822149943384,476.3049289033742,470.5036643651388,461.175664035946,0.014249708058660104,0.002283443445773229,27.469340735219987
2024-09-20,STOCK,490.17536447198194,0.014941055631678246,0.029507204580589752,0.043305593035523726,483.08700534437213,476.6599566202152,465.1529427382346,0.014830537538150779,0.0017717497695179864,30.781461275382014
2024-09-21,STOCK,497.61192847516395,0.015171231649294903,0.03033896149704618,0.04512609686589997,490.2489111830826,483.34041593145366,469.9128112208244,0.015057299397624568,0.001240695083220631,33.402296556192084
2024-09-22,STOCK,505.10212341641636,0.015052281733286987,0.030451875035607978,0.04584791382628217,497.62980545452086,490.39501358493936,475.34837309926405,0.014940120264037127,0.0007212339405097798,35.27298826742856
2024-09-23,STOCK,512.4777356652622,0.014602219842115405,0.029874298302397406,0.045498759851598125,505.0639291856143,497.6653185261853,481.33755737213994,0.014496634046852641,0.000333682901716241,36.351524706229554
2024-09-24,STOCK,519.5731248714676,0.013845263340064307,0.02864965476124337,0.044133179169557835,512.3843279843821,504.98805538005837,487.7458598725986,0.013750293268040892,0.0005266679698991794,36.61368426936582
2024-09-25,STOCK,526.2289438902139,0.012810168001651023,0.026832791491128605,0.041826829653575315,519.426601475648,512.1987712637049,494.42936394196005,0.012728811853479627,0.000966594361367274,36.053579418232005
2024-09-26,STOCK,532.295717375434,0.011528771945478189,0.024486625452603494,0.03867091257036859,526.0325953790386,519.1355290437589,501.2379724876062,0.011462822051051091,0.0014028323166712282,34.68378890027009
2024-09-27,STOCK,537.6371986738368,0.010034800439011171,0.021679261310268982,0.03476714429145633,532.0539533131617,525.6425440952429,508.0187788400911,0.009984786139786372,0.0018029835947936802,32.53507525742043
2024-09-28,STOCK,542.1334296310117,0.00836294618055744,0.01848166711557253,0.030223509986398334,537.3554485600943,531.5736828883928,514.619500707289,0.008328170496410436,0.0021576314061616956,29.655693965749492
2024-09-29,STOCK,545.6834345929585,0.006548212613199267,0.014965921143419658,0.025150901614491072,541.8180209659357,536.7957448326911,520.8919001063748,0.0065268662055224524,0.0024625470037550595,26.11030972149092
2024-09-30,STOCK,548.2074881015892,0.004625490437534463,0.011203991745559083,0.01966063630609205,545.3414507751866,541.1914536749662,526.6951124693354,0.004614825730329564,0.0027156668608404465,21.978544211375265
2024-10-01,STOCK,549.6489053566359,0.0026293279211457854,0.007266980289836633,0.013862778635029605,547.8466093503946,544.6620912712064,531.8988101574827,0.0026258772857312707,0.0029160838773101914,17.353187981201813
2024-10-02,STOCK,549.9753152340616,0.0005938515918884057,0.0032247409436054753,0.00786514738953814,549.2772362307622,547.1297145832514,536.3861293392472,0.0005936753318103172,0.0030635271200957423,12.338116560224762
2024-10-03,STOCK,549.1793872717172,-0.001447206702369086,-0.0008542145364848208,0.0017728673745294188,549.601202620805,548.5389061113925,540.0562944998926,-0.0014482549174337223,0.0031580319402917502,7.045957640705524
2024-10-04,STOCK,547.2789962957185,-0.003460419345743815,-0.004902618106042755,-0.004311677941721159,548.8112329338325,548.8580184519444,542.8268816423176,-0.003466420444980578,0.0031997217981890283,1.5955617027599374
2024-10-05,STOCK,544.316820990386,-0.005412550683256856,-0.008854240333906471,-0.010288633120320023,546.9250681859406,548.0798850297039,544.635669352335,-0.005427251606028527,0.003188675729939998,-3.8906671112032427
2024-10-06,STOCK,540.3593854270066,-0.0072704634704817694,-0.012643662401713773,-0.016060329373481674,543.9850675710371,546.221981043778,545.4420361574922,-0.007297022097334072,0.003124871339663473,-9.28951992962925
2024-10-07,STOCK,535.4955650766094,-0.009001084244245505,-0.01620610566053471,-0.021530939975525687,540.0572571646675,543.3260310122876,545.2278727977695,-0.009041838743812924,0.0030081998243308224,-14.479750157452145
2024-10-08,STOCK,529.834590858489,-0.010571467977163351,-0.01947739754756106,-0.02660625131067318,535.2298471207017,539.4570717296419,543.9979889205172,-0.010627742901844428,0.0028385539116760204,-19.34479641322821
2024-10-09,STOCK,523.503596049249,-0.011949002421646204,-0.022394151902350057,-0.031193664498744056,529.6112506614492,534.701991680348,541.7800050661463,-0.012020965584240706,0.0026159944768538463,-23.775400246469417
2024-10-10,STOCK,516.6447611434891,-0.013101791386958772,-0.024894240471594276,-0.035202539782796305,523.3276493504092,529.1675797109685,538.6237323703363,-0.013188376971450921,0.002341010723586467,-27.6720598468969
2024-10-11,STOCK,509.4121207864221,-0.013999252292927422,-0.02691762839677081,-0.038544992011519064,516.5201593263868,522.9781267828519,534.6000539133148,-0.014098166056186301,0.0020149143203947975,-30.94726464058448
2024-10-12,STOCK,501.96810448782134,-0.014612954805843348,-0.02840763665769863,-0.04113723711537165,509.3416621392442,516.2726346650941,529.7993328386908,-0.014720775707063538,0.0016405008592480911,-33.527460588788074
2024-10-13,STOCK,494.47988880540487,-0.014917712132441197,-0.029312675085086504,-0.04290157184411725,501.95337135988285,509.2016942544773,524.3293829920597,-0.01503010031710783,0.0012235442491273613,-35.35470205308417
2024-10-14,STOCK,487.11564291976606,-0.014892912841065864,-0.02958845678693045,-0.04376903681097166,494.52121207099754,501.9241036285807,518.3130476544644,-0.015004925791561874,0.0007785618397009774,-36.38795312948298
2024-10-15,STOCK,480.0407519171229,-0.014524048047885096,-0.029200655507274353,-0.04368276066677945,487.2120945474314,494.60330178330753,511.8854407471381,-0.014630554562166331,0.0003772785580544909,-36.604009226366145
2024-10-16,STOCK,473.4141025968354,-0.013804347430552255,-0.028127900473086442,-0.04260190694400434,480.1901658112415,487.4036981453901,505.19091246412097,-0.013900513466431619,0.000457518874271812,-35.99801818958673
2024-10-17,STOCK,467.3845152164295,-0.012736391559380222,-0.02636492141583524,-0.040506044078298054,473.61312324346267,480.48698029111176,498.379807478103,-0.012818194721349485,0.0009343302044659472,-34.583589271391816
2024-10-18,STOCK,462.0874013094489,-0.011333524613085788,-0.02392556796524592,-0.03739963854313266,467.6286730409047,474.0084827919205,491.6050885231989,-0.011398238424828122,0.0014639742633610067,-32.39248749595595
2024-10-19,STOCK,457.6417226343454,-0.009620861037339501,-0.0208453473850595,-0.033316244437952336,462.371213053408,468.1136987348365,485.0189011817085,-0.009667440518125403,0.0019898350055017034,-29.47392028542066
2024-10-20,STOCK,454.1473195498463,-0.007635674178447016,-0.017183073455589226,-0.02832185328273773,457.95881449788027,462.93501226138113,478.7691570223443,-0.007664975189137557,0.0024867209443160893,-25.893432367276603
2024-10-21,STOCK,451.68266881574397,-0.005426985094936443,-0.013021220583427251,-0.022516806266997036,454.490570333312,458.5887255051628,472.99621182527653,-0.005441764675174099,0.002933703152420789,-21.731433781091425
2024-10-22,STOCK,450.3031211740547,-0.0030542408131493115,-0.008464650588716482,-0.01603569145323369,452.0443698465485,455.17244669668787,467.8297134938998,-0.0030589145254760197,0.003311586270891137,-17.081394042374825
2024-10-23,STOCK,450.0396582906823,-0.0005850789634446185,-0.0036375328045448185,-0.00904477706316864,450.6751494268271,452.76289809293456,463.3856904424276,-0.0005852501889318518,0.003603392079977362,-12.047743018766596
2024-10-24,STOCK,450.89819697399514,0.0019076956163679437,0.001321500500349515,-0.0017367764935626306,450.4136588129108,451.4141929608645,459.7639458478505,0.001905878276006412,0.003795442467788968,-6.743525660350258
2024-10-25,STOCK,452.8594562960657,0.004349672132717863,0.006265665599545889,0.005676920726967127,451.26577052024777,451.15662031010834,457.0458162857447,0.004340239651130062,0.003878447661163319,-1.2878632537806425
2024-10-26,STOCK,455.87939060074444,0.0066685905807926105,0.011047268896124285,0.012976039338937984,453.21234795693516,451.99596466710847,455.2923450861357,0.00664645388981544,0.0038483201079358327,4.196721785000477
2024-10-27,STOCK,459.89017867414,0.008797914878560853,0.0155251751516432,0.019942376706073794,456.20967519031683,453.91337616712553,454.54291143190665,0.008759438734002423,0.0037065485235542226,9.58705750008528
2024-10-28,STOCK,464.8017468628706,0.010679871883523706,0.019571747365829673,0.026370853916755532,460.1904387125851,456.86579388156315,454.8143459872488,0.010623244874471638,0.003460060605830112,14.762088572188247
2024-10-29,STOCK,470.5037919341293,0.012267692859900148,0.023078582131473846,0.03207954041114536,465.06523915704673,460.78691287359,456.1005529172272,0.012193054522652957,0.0031206004534718055,19.60559496013417
2024-10-30,STOCK,476.86825824849643,0.013526918217182216,0.025960555155111864,0.036917682441717226,470.7245990151655,465.5886732640762,458.37264678709226,0.013436246218964776,0.0027037423452940107,24.00880195243076
2024-10-31,STOCK,483.75221361352607,0.01443575923948881,0.02815794879130662,0.04077107471854324,477.04142126538403,471.1632378666324,461.5796012668705,0.014332555695715676,0.002227759848360324,27.872823012781623
2024-11-01,STOCK,491.0010592326461,0.014984625217469683,0.029636698898891867,0.04356451031830666,483.87384369822297,477.3854139783337,465.64939507272965,0.014873464810030157,0.0017127430625085102,31.110880558506153
2024-11-02,STOCK,498.45200166083646,0.015175002758313738,0.030387019704790852,0.04526143864474341,491.06842483566965,484.11546493792696,470.4906294097451,0.015061014142386142,0.0011811018255119242,33.650254797965886
2024-11-03,STOCK,505.93770879443724,0.01501790966564176,0.030420809244555702,0.04586127888736735,498.46358989597337,491.2022483099885,475.99458059178926,0.014906257328859418,0.0006664210058157164,35.43391686030793
2024-11-04,STOCK,513.2900677894563,0.014532142726697561,0.02976829479905696,0.04539503151305668,505.89325941491006,498.48661021818043,482.0376417411283,0.014427563100404939,0.0003202210832826083,36.421809540959885
2024-11-05,STOCK,520.3439605136105,0.01374250772965957,0.02847435854010727,0.043919893550091516,513.1905790325014,505.8049595981973,488.4840987324149,0.01364893577125681,0.0005731488115751947,36.59174690008439
2024-11-06,STOCK,526.9409717436047,0.012678173920732227,0.02659491155349558,0.04151353533069235,520.1916666822239,512.9929421003891,495.18917803936137,0.012598478759604959,0.001016719560563397,35.93991251095855
2024-11-07,STOCK,532.932946829527,0.01137124537136569,0.024193585918611538,0.038268574189765925,526.7392930289142,519.8891311341271,502.00229803602707,0.011307078738892251,0.0014497350639258069,34.480945168690596
2024-11-08,STOCK,538.1853189288786,0.009855596525976562,0.021338912303720203,0.03428762466591828,532.6864125006701,526.3386531610154,508.770450735502,0.009807346894792346,0.001845108622468111,32.247610134441345
2024-11-09,STOCK,542.580131087751,0.008165982988200371,0.018102060147746624,0.02967914848677955,537.8994656153856,532.1966658206744,515.3416380194274,0.008132821756172248,0.0021943385589461117,29.29006329829474
2024-11-10,STOCK,546.0186852997085,0.0063374126971142974,0.014555146889588588,0.024554193070685404,542.2613784387795,537.331610777894,521.5682851880456,0.006317415738783971,0.0024935233006413236,25.674724786098068
2024-11-11,STOCK,548.4237590502332,0.004404746239049517,0.010770073630906873,0.01902400485715905,545.6741918125643,541.6281682392197,527.3105551698043,0.0043950737372107085,0.002740765090923839,21.482787306628552
2024-11-12,STOCK,549.7413395679204,0.002402486208783028,0.0068178147899251584,0.013198434793055824,548.0612613059542,544.9898467868984,532.4394889605127,0.0023996048528136527,0.0029352493003690547,16.80839273839331
2024-11-13,STOCK,549.9418368348773,0.0003647120064038667,0.002768074430752554,0.007185013335240464,549.3689784843438,547.3411503680982,536.8399017645568,0.0003646455151464778,0.0030767533123915495,11.756517905998749
2024-11-14,STOCK,549.0207481147347,-0.001674883884892009,-0.0013107827287501816,0.0010885543426042421,549.5679748391775,548.6292737734948,540.4129697970845,-0.0016762880710237127,0.003165331493758586,6.440617026983659
2024-11-15,STOCK,546.9987590743976,-0.0036829009600827245,-0.00535161641350701,-0.004988856205862757,548.6537813413366,548.8252885284326,543.0784496531634,-0.0036896995372810437,0.0032011074712961643,0.9800737746891173
2024-11-16,STOCK,543.9212792285625,-0.00562611851449657,-0.009288299037300662,-0.010947626099817032,546.6469288058984,547.9247925640985,544.7764804016591,-0.005642004732449912,0.003184150405995917,-4.502479821670704
2024-11-17,STOCK,539.8574221399134,-0.007471406697698635,-0.01305549019264396,-0.016690309075361842,543.5924868142913,545.9480090784971,545.4689279326977,-0.0074994574631777056,0.0031144261459756144,-9.883917428006953
2024-11-18,STOCK,534.898453277506,-0.009185700999998936,-0.01658847758972315,-0.02212126736332487,539.5590515486607,542.9393323670229,545.1402413675604,-0.009228149698763843,0.0029918203039065476,-15.043383557371385
2024-11-19,STOCK,529.1557403910865,-0.0107360805611455,-0.01982316313519794,-0.02714646291907863,534.637205269502,538.9663308222932,543.7978022978939,-0.010794128116726753,0.0028162346170025193,-19.865007723648205
2024-11-20,STOCK,522.75825243153,-0.012089990661026007,-0.022696272108451265,-0.03167349193904734,528.9374820333742,534.1182294937196,541.4717590110761,-0.012163669047644987,0.002587763059606311,-24.240506642867672
2024-11-21,STOCK,515.8496631862431,-0.013215648367390864,-0.025145861963075777,-0.03561197452440623,522.5878853362866,528.5039062852559,538.2143494246772,-0.013303752141553993,0.0023069642397766338,-28.07161604231942
2024-11-22,STOCK,508.5851246756389,-0.014082665995618582,-0.02711220280113602,-0.03887440718349644,515.7310134311374,522.2494467924009,534.098727935449,-0.014182767646398808,0.0019752757576051764,-31.272297464274516
2024-11-23,STOCK,501.12778277325117,-0.014662917849089241,-0.028539090870117967,-0.04137757664784436,508.5208568783778,515.49531269155,529.2173225292864,-0.014771480970740214,0.0015957252251815983,-33.77067050425478
2024-11-24,STOCK,493.64511330113095,-0.014931659607278158,-0.02937563575819535,-0.04304461448702235,501.1193402500071,508.39318727355885,523.679759047926,-0.015044259107444446,0.0011746158995822559,-35.51062708995556
2024-11-25,STOCK,486.3051608839445,-0.014868884993314957,-0.02957852747113321,-0.04380773780181624,493.69268565277565,501.1025689640417,517.6103992288806,-0.014980534986707816,0.000728533365189626,-36.45309154758547
2024-11-26,STOCK,479.27276502898394,-0.014460870294236594,-0.029114738270243246,-0.043611666516115144,486.40767973801985,493.7871893325899,511.14554780892286,-0.014566447743037614,0.00034902556413096074,-36.576898157259166
2024-11-27,STOCK,472.7058581862045,-0.013701815170704013,-0.02796454529296144,-0.04241762867842502,479.42792803304434,486.6113360347031,504.43039141355194,-0.013796551407846636,0.0005032793689890109,-35.87926648943437
2024-11-28,STOCK,466.7519189258851,-0.012595442085623798,-0.02612467683687736,-0.04020776156789696,472.91018071369126,479.7361632652298,497.6157379783899,-0.012675437091083097,0.0009927934665666105,-34.37586384736608
2024-11-29,STOCK,461.5446598878799,-0.011156374139796643,-0.023611296761057,-0.036989594307600515,467.00081233332327,473.3160725825795,490.85462992806924,-0.011219073247718647,0.001523650556538154,-32.100453413251046
2024-11-30,STOCK,457.2010248839988,-0.009411082786520142,-0.020462463365689687,-0.032800171679061796,461.8325345659214,467.4952453825905,484.2989071733161,-0.009455646843866461,0.0020473803318940454,-29.104135999945697
2024-12-01,STOCK,453.81856259210764,-0.007398194902886179,-0.016739652664704452,-0.027709272976403354,457.5214157879955,462.4044048952152,478.0957971139026,-0.007425697276033816,0.0025396791921220587,-25.4542024368763
2024-12-02,STOCK,451.4732358231258,-0.0051679833358642124,-0.012527944490776877,-0.02182112575454931,454.1642744330775,458.1578804225995,472.38460822865125,-0.005181383549736296,0.002979837985341121,-21.232622363078747
2024-12-03,STOCK,450.21771556006036,-0.0027809406260292935,-0.007934552107080162,-0.01527404564701107,451.8365046584313,454.8510397494345,467.2936015073322,-0.002784814625320209,0.003348866168389599,-16.534203365824737
2024-12-04,STOCK,450.08019808127864,-0.00030544661844467136,-0.0030855378155636437,-0.008237575143414833,450.59038315482167,452.5581473881142,462.93710998534686,-0.0003054932767643237,0.003630098197906899,-11.464461806601264
2024-12-05,STOCK,451.063771732884,0.0021853297607812294,0.0018792156407509975,-0.0009069509723986791,450.4538951247411,451.3306967578913,459.4129710702408,0.002182945400809544,0.0038102968748921716,-6.137253151114805
2024-12-06,STOCK,453.1463475711202,0.0046170319337228705,0.006812451431795319,0.006504923973097432,451.43010579509433,451.1962537536938,456.8003293244545,0.004606406135663654,0.003880722094974471,-0.6722150209874371
2024-12-07,STOCK,456.28115543242797,0.0069178707455337385,0.011566842709402225,0.013777449835794542,453.4970915788108,452.1578376755542,455.1578590490768,0.006894052064319034,0.003837901943715034,4.807919609302189
2024-12-08,STOCK,460.39779429048644,0.009022154014134198,0.016002438854984202,0.020693354559917942,456.60843243134497,454.1938534216395,454.522446585537,0.008981697536909472,0.003683951208377777,10.18007873042609
2024-12-09,STOCK,465.4038133114912,0.010873247185555046,0.019993501310431094,0.02704968451378109,460.69425434480195,457.258576467682,454.9083619278981,0.010814558474690372,0.003426376587221282,15.323615230212567
2024-12-10,STOCK,471.18678810056684,0.012425714237122465,0.023434069285034775,0.03266764908143638,465.6627985675149,461.28317974121853,456.3069382495549,0.012349148652251785,0.0030774055797428757,20.12301636768285
2024-12-11,STOCK,477.61684551130395,0.013646514658566256,0.02624179658716863,0.0374003773136089,471.40248230778735,466.17727932925527,458.68676654147447,0.01355423951897805,0.002652971159772301,24.470497940183748
2024-12-12,STOCK,484.5495803166399,0.014515264422707341,0.028359861849990953,0.04113796762626554,477.784404642837,471.83096430609766,461.99440099082597,0.014410926422591785,0.0021715839654353718,28.268424884211925
2024-12-13,STOCK,491.8292982389349,0.015023680172290943,0.029757017285301224,0.04380961151644658,484.6652413556263,478.1172650957874,466.1555592587134,0.01491194244061056,0.0016535205973301527,31.431503948448437
2024-12-14,STOCK,499.2925125077963,0.015174399523543158,0.0304260550210822,0.04538296167776035,491.8904636877904,484.8950049350484,471.0767907013652,0.015060419924691537,0.0011216690464970695,33.88869919630508
2024-12-15,STOCK,506.77161542048003,0.0149794013034934,0.030381104247038992,0.04586122041281859,499.2978087224038,492.011970399031,476.64757507012484,0.01486831800554711,0.0006130077111809409,35.58482731991319
2024-12-16,STOCK,514.0986424495558,0.014458242739180172,0.02965421986280692,0.04527860436610731,506.72092345927746,499.3083297866814,482.7428045579683,0.014354719002098726,0.0003176769337496257,36.48179693825182
2024-12-17,STOCK,521.1090443640849,0.013636297269967956,0.028291696905140773,0.04369489089013312,513.993100744707,506.62022259617044,489.22559345113405,0.013544159634180986,0.0006210243331140455,36.559464047444976
2024-12-18,STOCK,527.6453826505955,0.012543129614046578,0.026350468728127296,0.04118969294046981,520.9510231547455,513.7834394785025,495.95035228714494,0.012465116240999663,0.0010666316420540865,35.8160844116606
2024-12-19,STOCK,533.560865242683,0.011211095153285333,0.023894846986954876,0.03785698149365735,527.4384307524546,520.6371100254798,502.7660574802641,0.01114871661419059,0.0014961523792599897,34.26835273488672
2024-12-20,STOCK,538.7226431543523,0.009674206351924841,0.020993759953154223,0.03380021701937941,533.3096303492104,527.0273155722543,509.5196429856427,0.009627710848539195,0.0018866498264580103,31.95102773387231
2024-12-21,STOCK,543.0147939818398,0.007967273850521428,0.01771855725373861,0.029128296838374812,538.4327674596252,532.8105458787111,516.0594378326963,0.007935702703997904,0.0022304149272040887,28.91615153228406
2024-12-22,STOCK,546.3409252708892,0.006125305103861667,0.014141380937563675,0.023952393926779836,542.6927874690272,537.8569220600718,522.2385723281211,0.006106621678192425,0.0025238458115403564,25.23188090680435
2024-12-23,STOCK,548.6263392834613,0.004183127982658297,0.010334056021702454,0.01838366412653536,545.9940195120635,542.0531133866451,527.9182764325739,0.004174403026075524,0.0027651997811567104,20.980956632865855
2024-12-24,STOCK,549.8197105478946,0.00217519863518012,0.0063674257521171285,0.012531733281436752,548.2623250340818,545.3048824476874,532.9709962365836,0.0021728363156841013,0.002953748704473361,16.258845305211594
2024-12-25,STOCK,549.8942385183452,0.00013554983391972364,0.0023110433169137856,0.006503838689540187,549.4467627832338,547.539201520486,537.2832585463701,0.00013554064787157927,0.003089314380977823,11.171595363992878
2024-12-26,STOCK,548.84824945727,-0.0019021640668460682,-0.00176687207094961,0.00040448326651332245,549.5207328411701,548.7058926155721,540.7582192471416,-0.0019039754783474194,0.003171967603817023,5.833455475430128
2024-12-27,STOCK,546.7052340239616,-0.003904568221594018,-0.005799305159072454,-0.005664541420003721,548.482573999859,548.7787543661865,543.3178382131292,-0.003912210948946004,0.0032018306202007654,0.36430875307235056
2024-12-28,STOCK,543.5133197249855,-0.005838455716771329,-0.009720227289710559,-0.011603901889484569,546.3556010687391,547.7561504544914,544.9046319205684,-0.005855566130783529,0.00317896210500952,-5.1130195584757985
2024-12-29,STOCK,539.3441900741374,-0.007670703733549167,-0.013464374386255806,-0.017316370039497597,543.1875812743615,545.66104635974,545.4829644037137,-0.007700274899597126,0.0031033164390306,-10.475520473757229
2024-12-30,STOCK,534.291474735265,-0.009368257657837886,-0.01696710026239423,-0.022706494315641645,539.0496615114627,542.5404936031239,545.0398475618049,-0.009412415789836537,0.00297477485532427,-15.602763783080263
2024-12-31,STOCK,528.4686468018723,-0.010898223551625619,-0.02016438384321917,-0.027680412562337442,534.0347705370916,538.4645730720443,543.5852328438082,-0.01095804421290758,0.0027932502984756072,-20.37960265539766
2025-01-01,STOCK,522.0064744360698,-0.012228109283132671,-0.022993068166176966,-0.03214592083708989,528.255531991069,533.524821154466,541.1517877603262,-0.012303487732350682,0.002558873225374481,-24.6987595878918
2025-01-02,STOCK,515.0500840975778,-0.013326252985668474,-0.025391407390957688,-0.036012909708546204,521.8417351118401,527.8321740289845,537.7941622417378,-0.013415844329849769,0.002272276730234278,-28.4632356274077
2025-01-03,STOCK,507.75570131630974,-0.014162472750681387,-0.027299993041571602,-0.03919427502636319,514.9374199499858,521.5144762774189,533.5877613185795,-0.014263717623167693,0.0019350327861899143,-31.588488757827633
2025-01-04,STOCK,500.28714220377725,-0.01470896159938917,-0.028663119082228294,-0.04160740009164865,507.6976425392217,514.7136097711215,528.6270516871226,-0.01481821099537406,0.0015504196167968312,-34.004332531487705
2025-01-05,STOCK,492.8121344963905,-0.014941434781751806,-0.029430623390696353,-0.04317628573957144,500.2849926721592,507.58230731002504,523.0234401910346,-0.01505418250318602,0.0011253365445925679,-35.65651230548178
2025-01-06,STOCK,485.4985507520956,-0.014840510678108099,-0.029560206937435107,-0.043834368588111516,492.86594248408784,500.2807225732302,516.9027718638481,-0.014951732824076913,0.0006789070604301405,-36.507923683974184
2025-01-07,STOCK,478.51063829463965,-0.0143932715074655,-0.029020178686074205,-0.04352801036063325,485.6071078477087,492.97283341264256,510.40250372081357,-0.014497859427752502,0.0003288322556194078,-36.53944580293819
2025-01-08,STOCK,472.0053305727704,-0.013594907200085382,-0.027792503517101275,-0.04222055924999246,478.67150653983526,485.8227592639347,503.6686177706768,-0.013688164128385694,0.0005521481942126256,-35.75037074353935
2025-01-09,STOCK,466.12872277331047,-0.012450299644558571,-0.025875946176362907,-0.03989677816499948,472.2148972135736,478.9910753778413,496.8523425744814,-0.012528453999480327,0.001051648252694349,-34.15841943046678
2025-01-10,STOCK,461.0127908382214,-0.010975362995549798,-0.023289016082105984,-0.03656731126977386,466.3822813947675,472.6312066462075,490.1067569781163,-0.011036036643966796,0.00158322396220629,-31.799343658169107
2025-01-11,STOCK,456.7724275694696,-0.009197929760347723,-0.020072342137970045,-0.03227273510834283,461.30464706033393,466.88598200968227,483.5833522914562,-0.009240491906405524,0.0021045281611748955,-28.726123182625997
2025-01-12,STOCK,453.5028623843911,-0.007157974053898508,-0.016290065271671983,-0.027086638887643955,457.0960269306941,461.88442682763264,477.4286301201376,-0.007183715260321577,0.002591980696744083,-25.00777591024854
2025-01-13,STOCK,451.2775226682779,-0.004907002580784137,-0.012029852437526856,-0.02111713246012681,453.85093754071295,457.73886524673406,471.78081225533435,-0.004919081448170992,0.0030250766415201476,-20.727807904492465
2025-01-14,STOCK,450.1463847536066,-0.0025065239411510287,-0.007401227002487021,-0.014506223265534746,451.64225660209195,454.5423976427933,466.76673651031734,-0.002509670531386732,0.0033850392700865662,-15.982338019703889
2025-01-15,STOCK,450.1348515593518,-2.5620986073504604e-05,-0.002532080707609463,-0.007426658361826544,450.5195863270788,452.3668097870194,462.4990082166135,-2.5621314296842e-05,0.003655530042716986,-10.877939278869633
2025-01-16,STOCK,451.24318209619247,0.002462218895073809,0.002436534824524328,-7.609634949778954e-05,450.508139469717,451.260960692364,459.0734713510231,0.0024591926007122566,0.0038237663625446737,-5.529245473277115
2025-01-17,STOCK,453.44648564968986,0.004882740927546481,0.0073569821995917994,0.007331172720379975,451.6081731017448,451.24968534542376,456.56705608652817,0.004870859009916906,0.00388156764359775,-0.05637673470124582
2025-01-18,STOCK,456.69528077207343,0.0071646715217756896,0.012082395684194003,0.014574364082219127,453.79498283931866,452.3332369661828,455.0360511064585,0.007139127201308604,0.0038260816752110145,5.4177581037955065
2025-01-19,STOCK,460.91660652888095,0.009243199863311569,0.01647409587591797,0.02143727554564223,457.01945765021486,454.4872813212377,454.5148394820155,0.009200742916285698,0.0036600468299216086,10.770221775274365
2025-01-20,STOCK,466.01566104425245,0.01106285701826204,0.020408313080052753,0.027719203461360475,461.2091827817357,457.6634432182179,455.01512650261867,0.011002111219673871,0.0033915402360870928,15.88080948490068
2025-01-21,STOCK,471.8779305466829,0.012579554707011775,0.023781577540350707,0.033244595277932776,466.27006603993885,461.7903929083159,456.52567680033997,0.01250108946203099,0.0030332598031495173,20.634748450490406
2025-01-22,STOCK,478.3717611014497,0.013761674650144329,0.026514345096277703,0.03787052652327261,472.08845089746177,466.7754479986679,459.0125666720458,0.013667842682179021,0.002601482639581134,24.92527545175983
2025-01-23,STOCK,485.35131527416206,0.014590230319285524,0.028552690972154515,0.04149142581728271,478.53366897409825,472.5066548990856,462.4199459326343,0.01448481700817883,0.0021149452608457426,28.65603450208863
2025-01-24,STOCK,492.65984732512635,0.01505823064852696,0.029868164021175536,0.044040874626976256,485.46097456691274,478.85530305833464,466.6712921897862,0.01494598094522015,0.0015941164807955726,31.743240796245402
2025-01-25,STOCK,500.1332233807373,0.015169444183826375,0.030456099821683402,0.0454906916519946,492.71479532667536,485.67881552563165,471.6711293719247,0.015055538643393263,0.0010624588424811704,34.117562336484866
2025-01-26,STOCK,507.6036075264302,0.01493678843248114,0.03033281539471977,0.04584780457367965,500.13222607743137,492.8239509215811,477.3071719149486,0.014826333148009851,0.0005613718459364117,35.725676979747334
2025-01-27,STOCK,514.903231039484,0.014380558776217356,0.029532146572679663,0.045149577005568986,507.54668731555057,500.130244909188,483.45284645392786,0.014278139272904333,0.0003261500245820005,36.53146993803432
2025-01-28,STOCK,521.8681601128515,0.013526675797521648,0.028101755730091993,0.0434582941424948,514.7916662262553,507.43361387692585,489.97013438800576,0.013436007034700381,0.0006698816947387997,36.516844838689394
2025-01-29,STOCK,528.3419774550401,0.012405082043688509,0.02609955736425662,0.040855442359184035,521.7044562024586,514.5700399029085,496.7126714806217,0.01232876947442385,0.0011162793005148337,35.68213012991379
2025-01-30,STOCK,534.1792950852661,0.011048369956034199,0.023590507935476346,0.03743628488573991,528.129810884386,521.3792542438143,503.52903488472305,0.01098778256946531,0.0015420687169151411,34.04607170452874
2025-01-31,STOCK,539.2490194340655,0.009490679244672506,0.020643905736135615,0.03330507712418318,533.923430658124,527.7083366253414,510.26614377346124,0.009445925686695666,0.001927600175579384,31.64541190763532
2025-02-01,STOCK,543.4372954222408,0.007766868065093302,0.017331260163307105,0.02857111229342979,538.9552033138575,533.4151495018929,516.7726972055405,0.007736861217989777,0.002265857006837889,28.53406438275681
2025-02-02,STOCK,546.6500634004857,0.005911938700763342,0.013724724013754352,0.023345660211762764,543.1121260855974,538.3715301594195,522.9025720181728,0.00589453176330057,0.0025535129192381318,24.781903287634236
2025-02-03,STOCK,548.8151715263249,0.00396068393804061,0.009896037959458592,0.017739767245750215,546.3008434496838,542.4661689736765,528.5181044382927,0.003952861078524883,0.002788970377295899,20.47319407128475
2025-02-04,STOCK,549.8839961389483,0.0019475128751467174,0.005915910296151239,0.011862823495944586,548.4497436885864,545.607109184413,533.4931817141137,0.0019456189305362415,0.002971582079801743,15.704701053682243
2025-02-05,STOCK,549.8325337418058,-9.358773396539455e-05,0.0018537428778646614,0.005821768905546865,549.5105671356931,547.7238120459612,537.7160743356512,-9.359211357118369e-05,0.0031012105121821136,10.583514307740302
2025-02-06,STOCK,548.6619400693909,-0.0021290003784399936,-0.0022223888640844347,-0.00027920411986392946,549.4594899833818,548.7687409753911,541.0919452386419,-0.0021312699215565445,0.003177940430568423,5.224644647150058
2025-02-07,STOCK,546.3985041319354,-0.004125374428503692,-0.006245591883224266,-0.006338595106398004,548.2976593143775,548.7184291216811,543.5449796405503,-0.00413390726109597,0.0032018912649010673,-0.2515592685502952
2025-02-08,STOCK,543.0930578209167,-0.006049515666720406,-0.010149933577987769,-0.012257324743999098,546.0511673407477,547.5740063805995,545.020087677138,-0.006067888120393938,0.0031731106945996775,-5.722113705408219
2025-02-09,STOCK,538.8198343343603,-0.007868308064371332,-0.013870224278185739,-0.01793837883813454,542.7704654290709,545.3611740196818,545.4841416020474,-0.007899426540924459,0.003091542022715604,-11.064161804588025
2025-02-10,STOCK,533.6748010592513,-0.009548708023090824,-0.017341883911119682,-0.02328648957942936,538.5292310715095,542.1296274831709,544.9267197645661,-0.009594589240041529,0.002957063413490795,-16.157732682554524
2025-02-11,STOCK,527.7735043509156,-0.011057851516733996,-0.020500971344328822,-0.0282079714505441,533.4227132481757,537.9519403394759,543.3603406574335,-0.01111944403163001,0.00276960133691168,-20.888435718475307
2025-02-12,STOCK,521.2484746109805,-0.012363314350082755,-0.023284454172478708,-0.032610825741199556,527.5655933403825,532.9219344352848,540.820181778483,-0.012440375937432968,0.00252932627073579,-25.150029520954945
2025-02-13,STOCK,514.2462499402767,-0.013433563860171804,-0.025630794837409376,-0.03640522483057529,521.0894096340577,527.1525728591569,537.3632896198781,-0.013524610485662336,0.002236951133028731,-28.84680788063997
2025-02-14,STOCK,506.9240852090061,-0.014238635152168833,-0.02748092339774233,-0.03950448245322813,514.1396032534212,520.773423034086,533.0672985268839,-0.014340977152812684,0.0018941913283109636,-31.8957491253542
2025-02-15,STOCK,499.44642045138323,-0.014751054400068186,-0.02877965467052468,-0.041826605201806255,506.87225186688875,513.9277469125125,528.0286871978417,-0.01486093309289771,0.0015045965592419273,-34.228380607868075
2025-02-16,STOCK,491.98118789697634,-0.014947013831153377,-0.029477584017079672,-0.04329649860526197,499.450564519122,506.7692836217246,522.3606119806002,-0.015059846192024828,0.001075742197488398,-35.792316453939236
2025-02-17,STOCK,484.69604057486947,-0.014807776194142641,-0.02953345798971363,-0.0438488627443534,492.04121630774307,499.4587968145023,516.1903656248936,-0.014918505777604452,0.0006299059350501592,-36.55243403611098
2025-02-18,STOCK,477.75458718807283,-0.014321250445049616,-0.02891696076778172,-0.04343175238638419,484.81060521997296,492.16046426406155,509.6565185616093,-0.014424789278096206,0.00031841980942981545,-36.491662752203865
2025-02-19,STOCK,471.3127178147669,-0.0134836368839929,-0.027611784788316718,-0.04201069185299322,477.92111519256986,485.0381907852137,502.9058069096498,-0.013575366615969031,0.0006034084555905745,-35.61136739423915
2025-02-20,STOCK,465.51510295323055,-0.012300993888764378,-0.025618768637848954,-0.03957312628114218,471.5274693186902,478.25192728558324,496.08983709904777,-0.012377277334396197,0.001110810344285795,-33.93131749815268
2025-02-21,STOCK,460.49194453433824,-0.010790538023418228,-0.022958797569900047,-0.03613286636416735,465.77325510077867,471.9540786130556,489.36168111739005,-0.010849178098999879,0.001642657555583832,-31.489243362638092
2025-02-22,STOCK,456.3560518668903,-0.008981465835695035,-0.019675089010507185,-0.031734059749592425,460.7876997848198,466.2860808714598,482.87243884298107,-0.009022042340353309,0.0021612483861240535,-28.33998870797916
2025-02-23,STOCK,453.20030818374295,-0.006915091122902006,-0.01583444930392608,-0.026454125100050407,456.68276819499056,461.37522507059384,476.7678446673277,-0.006939111163414502,0.002643597562016291,-24.554279004329885
2025-02-24,STOCK,451.0955846846393,-0.0046441351894455085,-0.01152711169432552,-0.02040504717015368,453.55064824509094,457.3317984445683,471.184994614891,-0.004654952690225755,0.0030693938287419285,-20.21713313012765
2025-02-25,STOCK,450.0891489218549,-0.0022310920278414414,-0.0068648657242894595,-0.01373248567516161,451.4616805967458,454.24660763829314,466.24926746193825,-0.002233584621820661,0.003420084382609549,-15.425954031375625
2025-02-26,STOCK,450.20360327287517,0.00025429262468201763,-0.001977366753406984,-0.006612318784330551,450.4627789597899,452.18893938600047,462.071508999528,0.00025426029779307413,0.003679672158647927,-10.288341261463074
2025-02-27,STOCK,451.436377339725,0.002738258996347165,0.0029932479400964773,0.0007554777006384406,450.5763765114851,451.2050044805675,458.7455426760136,0.0027345167950354465,0.00383584255349502,-4.919674527165284
2025-02-28,STOCK,453.7597856745661,0.005146701620575511,0.007899053618936724,0.00815535491469599,451.7999220957222,451.31689997873207,456.3460625246629,0.005133502619965036,0.003880983776677835,0.5594774908231557
2025-03-01,STOCK,457.1216495351694,0.007408906577310637,0.012593739629374046,0.015366483546559007,454.1059375164869,452.52211294883807,454.9269556967032,0.007381595443110456,0.003812866668510032,6.026064850530133
2025-03-02,STOCK,461.4464687069741,0.009460980848757572,0.01693998294930621,0.022173869607579277,457.44263463890326,454.7935769058619,454.52009227207753,0.009416506066103558,0.0036348499721181584,11.35731978511916
2025-03-03,STOCK,466.6371170751378,0.011248646853249333,0.020816050934459707,0.028379181688452215,461.7350784390938,458.0802796663144,455.13460952615753,0.01118585129646732,0.003355572076204173,16.43351380226261
2025-03-04,STOCK,472.5770238676864,0.012729177716894302,0.024121010595013148,0.03381019986306266,466.8868698832662,462.3084089719067,456.7567067262371,0.01264884274799627,0.002988187967412973,21.140646527961394
2025-03-05,STOCK,479.1327915837375,0.013872379284115555,0.0267781409822736,0.03832800568681893,472.7823108421873,467.3830101537411,459.34995506623665,0.013777038553954846,0.0025493043983640675,25.37300590917141
2025-03-06,STOCK,486.15719181378637,0.014660654318461974,0.028736411759836544,0.04183138036896761,479.2890024217368,473.1901186094644,462.85611577915125,0.014554225872048576,0.002057873474934438,29.03554227861696
2025-03-07,STOCK,493.4924716723739,0.015088288278160666,0.029970146775326167,0.044258283302709645,486.2608183566327,479.5993192025444,467.19644805420313,0.014975592236184276,0.0015345659571750101,32.04600296539979
2025-03-08,STOCK,500.9738965878005,0.015160160174426007,0.030477189319641607,0.04558465917531729,493.5411866913203,486.46667510507694,472.2734773856957,0.015046393320997886,0.001003541886079974,34.3367795126627
2025-03-09,STOCK,508.4334498854623,0.014890103752849937,0.030276000285182958,0.045821101583556345,500.96660604854566,493.63796030863216,477.9731846402694,0.014780334467216605,0.0005120177966557396,35.8564260177759
2025-03-10,STOCK,515.7036060801352,0.014299130390241999,0.029402149678178224,0.04500805115119788,508.3703175177994,500.9521232079116,484.1675666808263,0.014197862049788235,0.0003446714423188429,36.570814496397645
2025-03-11,STOCK,522.6210931372148,0.013413687582406908,0.02790462204040378,0.04321022851061951,515.5860497009375,508.24490347259723,490.7175110410309,0.013324520562505882,0.0007194119935185125,36.46390132342839
2025-03-12,STOCK,529.0305592106157,0.012264078426161396,0.02584227252506288,0.04051092493972108,522.451752809322,515.3525209802457,497.4759200913951,0.012189483885935104,0.001165619178480649,35.538087538241825
2025-03-13,STOCK,534.7880615103179,0.010883118563685956,0.023280668409433547,0.03700663560459416,528.8132379527161,522.1153539647491,504.291014534913,0.010824323625723054,0.0015874700307686668,33.81416492251742
2025-03-14,STOCK,539.7642989471095,0.009305064557234122,0.02028945124173931,0.03280236108915302,534.5276398893478,528.3815237770787,511.0097420428554,0.009262039140936373,0.0019679531733705997,31.3308490616472
2025-03-15,STOCK,543.8475159562907,0.007564814896328098,0.016940270544536284,0.028007752081059323,539.4666254712396,534.0103057523097,517.4812144801106,0.007536345172764136,0.0023006615632060806,28.14390987615559
2025-03-16,STOCK,546.9460122867297,0.005697362292793828,0.013305276680264155,0.02273414769596016,543.5192757300433,538.8752895822128,523.560096527405,0.005681193707369303,0.0025825231589430564,24.324919149514926
2025-03-17,STOCK,548.990202390806,0.0037374623055201894,0.00945611827512427,0.017092466955841434,546.5945768779421,542.8672182182507,529.1098695992482,0.0037304953470451707,0.002812076408154991,19.959643180190255
2025-03-18,STOCK,549.9341781657943,0.0017194765423451663,0.005463365326627612,0.011191854391025213,548.62346428111,545.896441549346,534.0058977570477,0.0017179999349741237,0.0029887494532951624,15.146116655476362
2025-03-19,STOCK,549.7567399508798,-0.00032265355011440455,0.0013962681970201007,0.005138949002295057,549.5603735024935,547.8949297501001,538.1382267635894,-0.0003227056139705198,0.003112441898356158,9.992441003770296
2025-03-20,STOCK,548.4618726258352,-0.0023553459756769923,-0.0026772395650506153,-0.0009623664733358073,549.3842635808364,548.817801084009,541.4140534181594,-0.002358124166266684,0.003183250122169007,4.614356669544463
2025-03-21,STOCK,546.0786561192127,-0.004345272890552088,-0.006690384245213177,-0.007010879119099145,548.0990895653093,548.6443298505055,543.7598097163592,-0.004354741026510567,0.0032012894070769246,-0.8673561675169594
2025-03-22,STOCK,542.6606123358409,-0.006259251748937822,-0.010577326482550164,-0.012907759194862978,545.7337136936297,547.3784118395126,545.1228150288816,-0.006278922992970948,0.0031665960289406925,-6.329590054965024
2025-03-23,STOCK,538.2845031702299,-0.008064173198003899,-0.01427294925674838,-0.01855620228782684,542.3412572084279,545.0484768403996,545.4724591948728,-0.00809686451359326,0.0030791027038624234,-11.649674995564396
2025-03-24,STOCK,533.0486065999066,-0.009727005959648483,-0.01771273889689573,-0.02386112215391467,537.9979073686592,541.706850170205,544.8008899601525,-0.009774622310063208,0.002938685945189068,-16.708133350973185
2025-03-25,STOCK,527.0705095739185,-0.011214919149906355,-0.020832837524146663,-0.028729011112149982,532.8012064480184,537.4285775598217,543.1231893219153,-0.011278280529579021,0.002745288188963462,-21.391363051916755
2025-03-26,STOCK,520.4844672634554,-0.012495562151233264,-0.023570344581880898,-0.03306808165931041,526.8678611457602,532.3097397886702,540.4770348195879,-0.012574288192890748,0.0024991236336103,-25.594188855757352
2025-03-27,STOCK,513.4383879801462,-0.01353753997761975,-0.025863942956687924,-0.03678880007743712,520.33112160584,526.4652949175313,536.921853378522,-0.013630007946132672,0.0022009906353877076,-29.22222435569472
2025-03-28,STOCK,506.09051147424907,-0.014311116344073005,-0.02765491901206052,-0.03980491740399117,513.3377889059502,520.0264965783351,532.5374867093674,-0.014414507988289138,0.0018527577876399043,-32.1939916959808
2025-03-29,STOCK,498.60585521100336,-0.014789165363805812,-0.028888632241725554,-0.04203509120547422,506.0449182217996,513.1379463005545,527.4223982353798,-0.01489961539854523,0.0014582698467028924,-34.442751388903275
2025-03-30,STOCK,491.15250843412133,-0.014948373949054128,-0.0295164653386073,-0.04340516811315376,498.616291706458,505.95434607259506,521.6914618162084,-0.01506122694905887,0.0010258749490974375,-35.91800113979713
2025-03-31,STOCK,483.8978572437482,-0.014770669121699442,-0.02949824558524472,-0.043851156517148215,491.21874029629106,498.6370240686536,515.4733819286619,-0.014880841682468393,0.0005818233231731448,-36.586610019707166
2025-04-01,STOCK,477.0048254655204,-0.014244807401070259,-0.02880507118594622,-0.043322856159283774,484.0183970477967,491.3503115657284,508.9078032416299,-0.014347238575145305,0.00031892070498086767,-36.433562514625805
2025-04-02,STOCK,470.62821573268286,-0.013368019341553738,-0.02742240188176981,-0.04178802377875146,477.1769661473172,484.2578524174152,502.1421744978752,-0.013458175688144003,0.0006565277812715268,-35.46229574156621
2025-04-03,STOCK,464.9112329526788,-0.0121475563701674,-0.02535318694321209,-0.039236843079273,470.84809138362743,477.5189279657503,495.3284371331524,-0.012221940940675857,0.001170207242120688,-33.69462225832456
2025-04-04,STOCK,459.98226823366474,-0.010601948005665274,-0.02262071661480025,-0.03568634177912755,465.1739056396755,471.28487992565897,488.61961299912707,-0.010658549066214995,0.0017019158582481638,-31.17024020045659
2025-04-05,STOCK,455.95201549701136,-0.008761756734948944,-0.019270813051271984,-0.031184276133600086,460.2818388944517,465.6957115763116,482.1663678224826,-0.00880036661786665,0.0022175112127683426,-27.945841746736846
2025-04-06,STOCK,452.91098553047493,-0.006669627204567874,-0.01537294628843755,-0.025811911116858988,456.2817564203838,460.8769435893026,476.1136275775155,-0.006691968562520856,0.0026945021297195932,-24.09383993504548
2025-04-07,STOCK,450.92747331103254,-0.004379474737445821,-0.01101989247816304,-0.01968509559597298,453.263491446173,456.9367951049725,470.59732376119393,-0.004389092728371402,0.003112764632051357,-19.700742421650318
2025-04-08,STOCK,450.04602424693377,-0.0019547468634513177,-0.006325660836390523,-0.012953098241357153,451.29482769614714,453.9637533638235,465.7413406647869,-0.001956659874476685,0.003453980876653684,-14.865208705745033
2025-04-09,STOCK,450.28643378386704,0.0005341887806598056,-0.0014216022866350153,-0.005794851152779779,450.4199771139445,452.0245864738639,461.65473319976155,0.0005340461526248674,0.0037025098253290734,-9.695834449797701
2025-04-10,STOCK,451.64330284192505,0.00301334651958296,0.003549144996145781,0.0015874604526453506,450.6585869575754,451.1628439428467,458.4292777595791,0.003008815491050143,0.0038465179243496813,-4.30871265508631
2025-04-11,STOCK,454.08615906730006,0.005408817555809131,0.008438462716948925,0.00897715922971809,452.0052985643642,451.39787865021174,456.13741111975713,0.005394242434626051,0.0038789708604409627,1.1751735368251275
2025-04-12,STOCK,457.5601411756552,0.007650491077487942,0.01310068874374748,0.016153512178160412,454.4298676949602,452.7244122231362,454.83060366405437,0.007621374480508258,0.003798265145245312,6.632667864622647
2025-04-13,STOCK,461.9872310182986,0.009675427215465993,0.017399940062536645,0.022902870719626156,457.8778437537514,455.1126535774092,454.5382034706164,0.009628920013629916,0.003608375957356157,11.941206771364818
2025-04-14,STOCK,467.268005701603,0.011430564155777034,0.02121658696276385,0.029029395349505105,462.27179263185235,458.5089679609564,455.26677721741015,0.011365728858888424,0.0033184931992418414,16.98157191773595
2025-04-15,STOCK,473.28387041085716,0.012874548729741031,0.02445227624074997,0.03436428967523564,467.513035710253,462.83708147474283,456.9999627087947,0.012792376264644467,0.002942215297164021,21.640567568932113
2025-04-16,STOCK,479.89972179412547,0.013978611562496468,0.027033128607973023,0.03877269667463468,473.48386596886195,467.99979402010786,459.69883633515974,0.013881811812895606,0.0024964642893664886,25.81356272682541
2025-04-17,STOCK,486.96698209226844,0.0147265355181323,0.02891100360029797,0.04215776845471675,480.0501914324171,473.88116220343056,463.3027872132834,0.014619153057972234,0.002000398654759399,29.40684091661325
2025-04-18,STOCK,494.3269358751003,0.015113866141826637,0.0300629765465128,0.04446182678056543,487.06454658716484,480.3491031747908,467.7308783761,0.015000789592626518,0.0014749056636001066,32.33970485680169
2025-04-19,STOCK,501.81429444777604,0.015146572094884903,0.030489361499861145,0.04566489968304621,494.36940413838164,487.2583609240255,472.88366444249095,0.015033008073020326,0.0009450000067576446,34.54628874617305
2025-04-20,STOCK,509.26090787854224,0.014839380848967076,0.030210718695724337,0.045781185595966445,501.8007127338063,494.4537684175625,478.6454249461526,0.014730354502616727,0.00046562438940884695,35.97703746768508
2025-04-21,STOCK,516.4995412836892,0.014213997762563935,0.029264305537715973,0.04485413154623474,509.19158120333594,501.7737323154753,484.88676316779157,0.014113926060864479,0.00037158697116999146,36.599819489563686
2025-04-22,STOCK,523.3676305625041,0.013297377305980351,0.027700383959819552,0.04295082135602879,516.3760265749119,509.05386200952233,491.4675121064764,0.013209743198756563,0.0007693809985040061,36.400648470235694
2025-04-23,STOCK,529.7109332365084,0.012120166215068728,0.025578709944221956,0.0401562834327025,523.192701694234,516.1306614818039,498.2398823282974,0.012047305135319597,0.001214614247006108,35.38399736140809
2025-04-24,STOCK,535.3869924029916,0.01071538986707865,0.022965428388395548,0.0365681856606499,529.4885187340014,522.8452010728471,505.05178099843624,0.0106583869213841,0.0016323435760298582,33.572697955215574
2025-04-25,STOCK,540.2683360099333,0.00911741165961577,0.01993049814720571,0.0322922253125677,535.1220872164778,529.0466866991253,511.7502275583439,0.009076098981856795,0.0020077028125791954,31.00742813139101
2025-04-26,STOCK,544.2453396034733,0.007361163570887008,0.016545689989072354,0.027438373375003655,539.9668893387994,534.595846363082,518.1847893392787,0.007334202435699488,0.002334825613832512,27.74579831978417
2025-04-27,STOCK,547.2286882568114,0.005481624620822245,0.012883139327177329,0.02211801187150697,543.9141212900728,539.3680579019435,524.210959955733,0.005466655196175729,0.0026108752088756745,23.861057694307306
2025-04-28,STOCK,549.1513823909125,0.003513511216354237,0.009014395586765422,0.016441915598059298,546.8751367503992,543.2561477328244,529.6934046073143,0.0035073532556477716,0.0028345174794752906,19.440449154404178
2025-04-29,STOCK,549.9702424406069,0.0014911371908581383,0.0050098875344577465,0.010518974478136212,548.7834376961104,546.1727977403475,534.5089994065972,0.0014900265497388432,0.003005250884510056,14.583250037615244
2025-04-30,STOCK,549.6668785745359,-0.000551600509738015,0.0009387141690857526,0.004455523568202002,549.5961678020185,548.0525062532681,538.5495964761967,-0.0005517526972660391,0.003123008735261715,9.398542564602621
2025-05-01,STOCK,548.2481036911178,-0.0025811540384195197,-0.003131330782274233,-0.0016448628352022654,549.2950749020869,548.8530590707969,541.7244527169395,-0.0025844909598138344,0.0031878968135492618,4.002764087644437
2025-05-02,STOCK,545.7457804155373,-0.004564216927944509,-0.007133590019408165,-0.007681255637255302,547.8869208937303,548.5564775025421,543.9622677022428,-0.004574664768957071,0.0032000250300758914,-1.482907841274141
2025-05-03,STOCK,542.2161055338745,-0.006467617356519462,-0.011002314675841895,-0.013555070045303874,545.4033298801766,547.1694221311344,545.2127849319794,-0.006488623013673589,0.0031594179500144953,-6.935276857038048
2025-05-04,STOCK,537.7383479344448,-0.008258252666657251,-0.014672458804895427,-0.01916970744798796,541.9000779612857,544.723043229902,545.4479204851248,-0.00829254093984666,0.0030659982948379313,-12.231894506162007
2025-05-05,STOCK,532.4130683994579,-0.009903105395853595,-0.0180795757159673,-0.02443026129478776,537.4558406225924,541.2722811948864,544.6623937240772,-0.009952467305262225,0.0029196424531921145,-17.253810175078
2025-05-06,STOCK,526.3598612266483,-0.011369381279476842,-0.021159894494234055,-0.02924340340575815,532.170425853517,536.8946327019926,542.8738458863947,-0.011434506789862908,0.0027203113931989547,-21.8882424644695
2025-05-07,STOCK,519.7146683991772,-0.012624809216996269,-0.023850654226904466,-0.03351756408018891,526.1625326750946,531.6884102987206,540.1224439006313,-0.012705179275135592,0.002468266902579574,-26.03111201636011
2025-05-08,STOCK,512.6267266217651,-0.013638140711410562,-0.02609077100385082,-0.03716351635990933,519.5670854158635,525.7705345162988,536.4699783237165,-0.013731994456429142,0.0021643986907128347,-29.589378912109396
2025-05-09,STOCK,505.2552157860344,-0.014379880043144277,-0.02782190592711331,-0.04009546888972659,512.5322036023256,519.2739080866165,531.9984756582593,-0.014484272493978878,0.0018107390937734595,-32.48313214841045
2025-05-10,STOCK,497.7656841333223,-0.014823264399280944,-0.028989987678515683,-0.04223275885874467,505.2158755137073,512.3444312333894,526.8083562141379,-0.014934226899342207,0.0014114547337034484,-34.64738426613559
2025-05-11,STOCK,490.32633039807655,-0.014945493376464225,-0.02954721677584804,-0.04350221138614685,497.78241010581115,505.1377250676751,521.0161788848338,-0.01505830266742425,0.0009757845068064119,-36.03353082857171
2025-05-12,STOCK,483.1042264268958,-0.014729178352134165,-0.029454536891095784,-0.043841188902281614,490.39874698609833,497.8156366732188,514.7520234859696,-0.01483872976533096,0.0005350503681619486,-36.610441972281365
2025-05-13,STOCK,476.2615651050417,-0.01416394423303513,-0.02868449932439121,-0.04320128870619544,483.2307073100048,490.54260436987414,508.1565694430865,-0.014265210245848259,0.00033044122789888873,-36.36516151672339
2025-05-14,STOCK,469.95201785389787,-0.013248071466258726,-0.027224370753850535,-0.04155255649362655,476.4392697952785,483.48196478344687,501.37793643503176,-0.013336610011152494,0.0007111082106495393,-35.30319793213653
2025-05-15,STOCK,464.3172835021497,-0.011990020550353253,-0.02507924736747902,-0.038887970539394634,470.1769554870298,476.79228465721235,494.5683579453009,-0.012062480627743177,0.0012297754401859957,-33.4484006311726
2025-05-16,STOCK,459.4839060355709,-0.010409643660306278,-0.02227485236925053,-0.03522782499942112,464.5844024638729,470.6237997847112,487.8807624261932,-0.010464202959735047,0.0017609645717070568,-30.842424362505653
2025-05-17,STOCK,455.56043269191724,-0.008538870006362997,-0.018859627072641327,-0.030623520306821583,459.7872074098794,465.1150410377155,481.46533885546717,-0.00857553502460462,0.002273287128514525,-27.54379373497858
2025-05-18,STOCK,452.6349762239811,-0.006421664960342466,-0.014905701204384725,-0.025160181826646366,455.89310498382315,460.3897232615033,475.46616381568873,-0.0064423725498459206,0.002744666989495072,-23.626588881060627
2025-05-19,STOCK,450.77323607712117,-0.004113115964636926,-0.010508367872311464,-0.018957508291433833,452.9895483310065,456.553966906148,470.01796584479746,-0.004121598092746481,0.0031551645338747554,-19.178781776776702
2025-05-20,STOCK,450.0170229213631,-0.0016775910707100827,-0.0057838069087319255,-0.012168330198911281,451.14174507415515,453.6939147899907,465.2430997236015,-0.0016789998023476471,0.0034867087077896882,-14.300260580786585
2025-05-21,STOCK,450.38331967388626,0.0008139619922493679,-0.000864994573830935,-0.004974552715476865,450.39119289079025,451.87379751765377,461.2487986511825,0.0008136309048358825,0.0037240290742353633,-9.100586361684634
2025-05-22,STOCK,451.86390009931796,0.003287378463535884,0.004104016256908594,0.0024195403251718872,450.7547475648559,451.13449099913385,458.1247660184246,0.0032819868479112557,0.003855785814409073,-3.696532592599283
2025-05-23,STOCK,454.4255135532445,0.0056689933702682715,0.00897500796051931,0.009796275268128651,452.22424444214965,451.4925984649866,455.94116086324493,0.0056529850993776165,0.0038755301572565206,1.7905373292634295
2025-05-24,STOCK,458.0106317200025,0.007889341728912314,0.013603059725137312,0.01693515659425171,454.76668179085505,452.9400775935628,454.7470222498554,0.007858383592067142,0.003782286172963104,7.237395642881324
2025-05-25,STOCK,462.53874057462235,0.009886471057702462,0.0178538105352819,0.023624017039108658,458.3249619492899,455.4444211242147,454.56916795710276,0.009837919641900505,0.0035806408294684925,12.521717653259259
2025-05-26,STOCK,467.9081485542529,0.01160855839439523,0.021609797128685493,0.029669625931838528,462.81917361629263,458.949386900288,455.4115922089709,0.01154169603331745,0.003280325243781732,17.524828880366613
2025-05-27,STOCK,473.9982703314282,0.013015635218135646,0.024775286374000727,0.03490669758338605,468.14838648676795,463.37626094671003,457.25537597292197,0.012931659716176824,0.00289536737824597,22.134370232110257
2025-05-28,STOCK,480.67233490055526,0.014080356378643355,0.027279256379144634,0.039204487614172834,474.19291792874554,468.6256252161722,460.0591118405794,0.013982148950859141,0.0024429903973656377,26.246821347310743
2025-05-29,STOCK,487.7804571598435,0.014787874697966163,0.029076449622439604,0.04247053330229922,480.81702079727575,474.5795903041404,463.7598339488516,0.014679600206850552,0.0019425511940186397,29.769825439840986
2025-05-30,STOCK,495.1630040075503,0.01513497873755032,0.030146667604643795,0.04465149980678906,487.8719320226498,481.10444299072606,468.2744320574704,0.015021587630047684,0.0014151739523089286,32.62426343292793
2025-05-31,STOCK,502.6541793573029,0.015128705676966003,0.030492657053263983,0.04573145334294182,495.19921350823233,488.05364915133606,473.50151802581206,0.015015408077477588,0.0008869296890116612,34.74603080305002
2025-06-01,STOCK,510.0857475607617,0.014784654159169408,0.03013703251744526,0.04572813460136005,502.6343103085383,495.2711445972028,479.3237027719564,0.0146764265939332,0.0004231035369749949,36.0874772293335
2025-06-02,STOCK,517.2908116175861,0.014125201676931987,0.029118692057823248,0.044687925856630395,510.0102461785503,502.59483994060884,485.6102325783906,0.014026370600995541,0.00040507708809842737,36.61847671703083
2025-06-03,STOCK,524.1075613222588,0.013177790039139659,0.027489130658030714,0.04268020210711532,517.1613735002023,509.86026077309197,492.21992553861617,0.01309171829629907,0.0008196084727319624,36.32710416241531
2025-06-04,STOCK,530.3829071724522,0.011973393084353745,0.025308965983614984,0.03979166190930017,523.9270933707658,516.9042414060723,499.0043421983992,0.011902279101025037,0.0012632325735872718,35.21990316490189
2025-06-05,STOCK,535.9759184292136,0.01054523285182496,0.022644888154279563,0.036121087774976246,530.155462307975,523.5685892204544,505.8111191858952,0.010490019701697051,0.0016766777457759056,33.32173907191071
2025-06-06,STOCK,540.7609881175331,0.008927769931050378,0.019567148195645867,0.031774826436885784,535.7066045730663,529.7036373318087,512.4873909645057,0.008888153012307498,0.0020468435352517036,30.67524055677137
2025-06-07,STOCK,544.6306538882084,0.007155963273434596,0.016147619998225338,0.026863133262934547,540.4558534783184,535.1716057859333,518.8832228632712,0.00713048086349044,0.002368346412495891,27.339842270622285
2025-06-08,STOCK,547.4980113905362,0.005264774360123292,0.012458412165522015,0.021497407934092383,544.2965511320926,539.8496957995887,524.8549782863404,0.0052509638870681385,0.002638567881349348,23.39045006827746
2025-06-09,STOCK,549.2986659566693,0.003288878733202605,0.008570968297754167,0.015788265105545207,547.142443745138,543.6328475564321,530.2685444812522,0.003283482200664878,0.002856293268063636,18.915758784217132
2025-06-10,STOCK,549.9921787670334,0.001262542316858184,0.004555573398636437,0.009844331824784724,548.9296187047463,546.436099623996,535.0023444222253,0.001261745980508877,0.003021086461659402,14.016260337819745
2025-06-11,STOCK,549.5629750190324,-0.000780381548267095,0.00048117550386317376,0.003771636764947406,549.6179399142451,548.1964970042959,538.9500671680523,-0.0007806862044565932,0.0031329112196033606,8.801986901499276
2025-06-12,STOCK,548.0206937035384,-0.002806377768517887,-0.0035845692713568633,-0.0023265526248914536,549.1919491632015,548.8745049673619,542.0230553766476,-0.0028103230295979387,0.0031918806252774342,3.3900398153300557
2025-06-13,STOCK,545.3999711339358,-0.0047821598704452795,-0.007575117091817241,-0.008349587158479888,547.6612132855023,548.4548969160418,544.1522963578152,-0.00479363098269836,0.0031980980990436543,-2.098040256600484
2025-06-14,STOCK,541.7596630891953,-0.006674565891838791,-0.011424806921123576,-0.01419912236548826,545.0601093088899,546.9470963425471,545.2899719494897,-0.006696940422521891,0.0031515762890106168,-7.539002867473982
2025-06-15,STOCK,537.1815230399634,-0.008450500030081076,-0.015068662502650043,-0.01977876161997394,541.4470524210316,544.384965197133,545.4105324105647,-0.008486407941768803,0.003052228616293649,-12.810655727069957
2025-06-16,STOCK,531.7683661418613,-0.01007696033078076,-0.01844230500728339,-0.024993776519153688,536.90318409034,540.8260434216988,544.5112702129975,-0.010128076583092671,0.002899932980562841,-17.794608877171072
2025-06-17,STOCK,525.641760228748,-0.011521192878703235,-0.02148205460588204,-0.02975102053286982,531.5305498035243,536.3502567267408,542.6123808470513,-0.011588076033466344,0.0026946715764463174,-22.378933474790415
2025-06-18,STOCK,518.939295661251,-0.012751012333153011,-0.024125298339367274,-0.03395914899581398,525.4498073439535,531.0581216322038,539.7565092741228,-0.012833004222997602,0.00243675782673649,-26.460675472684784
2025-06-19,STOCK,511.811495343901,-0.013735325840505963,-0.026311198864466867,-0.03752925534618268,518.7975170779667,525.068488083145,536.007792212846,-0.013830528190541536,0.0021271790371486924,-29.948167745294313
2025-06-20,STOCK,504.4184343052001,-0.014444890562165469,-0.027981811124069722,-0.04037602703847576,511.7230751034508,518.5158703361923,531.4504177666627,-0.014550233670920676,0.0017681427531630444,-32.7630887347633
2025-06-21,STOCK,496.92614475758353,-0.014853322238186362,-0.029083658186136674,-0.04241951050482218,504.3853581355616,511.5474260593367,526.1867347405177,-0.014964737462941358,0.001364168168645298,-34.842221384277764
2025-06-22,STOCK,489.50288737187435,-0.014938351431137642,-0.029569789521810108,-0.043587547710386754,496.9491554782194,504.319651487962,520.3349541073515,-0.015051052389001285,0.0009255302354646807,-36.13887285687366
2025-06-23,STOCK,482.3153725053594,-0.014683294117230905,-0.02940230134067856,-0.043818901722507575,489.58146821160585,496.9948668567837,514.0264942444937,-0.014792160674366173,0.000490114394624281,-36.62392315589159
2025-06-24,STOCK,475.5250162465793,-0.014078664388215478,-0.028555237335456396,-0.04306702059607748,482.44775870793774,489.7375710373193,507.40302956023214,-0.01417870888899131,0.0003520367345138379,-36.28647909732172
2025-06-25,STOCK,469.2843153579669,-0.013123811945524144,-0.027017710589864574,-0.04130429571613026,475.70823470330197,482.7107472478727,500.6133087920324,-0.013210690117881008,0.00076684841945158,-35.13411894723322
2025-06-26,STOCK,463.7334225273275,-0.011828421809506273,-0.02479699977159011,-0.038526555522186756,469.5142513772914,476.07220280182145,493.8098144305791,-0.011898934175665232,0.0012894583968706078,-33.19272223025604
2025-06-27,STOCK,458.99699884062323,-0.010213677635937835,-0.02192128775813984,-0.034757408845522475,464.0049122419726,469.97102509557124,487.1453382917666,-0.010266195145339552,0.0018197703656251504,-30.505888531251117
2025-06-28,STOCK,455.1814141627321,-0.008312875002513986,-0.018441647612948198,-0.03005193383562621,459.30394517689433,464.54423342704575,480.7695501419148,-0.00834761963375108,0.00232854687864438,-27.133958342627295
2025-06-29,STOCK,452.372358299608,-0.006171288580161249,-0.014432862432103843,-0.024499127463796344,455.51692376765453,459.91370183765156,474.82563643748534,-0.006190409690046472,0.002794064990711981,-23.152657946971317
2025-06-30,STOCK,450.63291658997156,-0.0038451547220407223,-0.009992713742776882,-0.01822252056501117,452.7288963507706,456.1834220840525,469.44708466596256,-0.0038525663347579453,0.0031965694345493195,-18.651398767995317
2025-07-01,STOCK,450.0021531446074,-0.0013997278541861835,-0.005239500406058806,-0.011378454517198433,451.0024760113957,453.4371682075084,464.754685504665,-0.0014007083883127436,0.003518248436988459,-13.731269382720086
2025-07-02,STOCK,450.49423355065295,0.0010935067812607446,-0.00030775168482599646,-0.00415172305402256,450.37643442841073,451.73661514951436,460.85382012254286,0.001092909338218817,0.003744216704421769,-8.502765289970284
2025-07-03,STOCK,452.098106743051,0.0035602524359896748,0.004657652377432209,0.00325140507747812,450.8648311461039,451.11995366557824,457.83209354631197,0.003553929739771533,0.0038636404335255104,-3.0833074196810912
2025-07-04,STOCK,454.7777531876457,0.005927134851103633,0.009508489383385443,0.010612393762266414,452.4566978271166,451.6010326431857,455.7573672404186,0.00590963848882442,0.0038706638241332186,2.4053948880377334
2025-07-05,STOCK,458.4729938022665,0.008125376821359387,0.014100671876599247,0.017711126263986854,455.11628457765454,453.1690480856447,454.6762350848486,0.00809254368162815,0.0037649396545415036,7.840077212294943
2025-07-06,STOCK,463.10084144917505,0.010094046343991359,0.018301441095547988,0.024337051055994374,458.7838628130292,455.7887857465583,454.6129769770333,0.01004344171028837,0.0035516613360785047,13.098688304567645
2025-07-07,STOCK,468.5573646472682,0.011782581048693563,0.021995561311842327,0.03029966035725784,463.3770666329033,459.40141196588127,455.5690135576979,0.011713706922694911,0.0032410903741648673,18.063131096615223
2025-07-08,STOCK,474.7200216490849,0.013152406656666171,0.025089957002777385,0.035437262535523706,468.7927425818428,463.9257949470881,457.52287430633316,0.01306666474627427,0.0028476701386339356,22.621914906033908
2025-07-09,STOCK,481.45041246426354,0.014177600497654597,0.02751647672148172,0.039623272887320704,474.909266253539,469.2603268024116,460.4306797227987,0.014078038252075764,0.002388911033202201,26.67265927661782
2025-07-10,STOCK,488.59738702495696,0.014844674291818016,0.0292327366510996,0.04276962414788854,481.58927371276855,475.28520544694965,464.22712676629726,0.014735570529060382,0.001884361884701647,30.124393222690458
2025-07-11,STOCK,496.00043969049483,0.015151641949243011,0.030221237430783754,0.044827302559276694,488.6827463932386,481.8651250952137,468.82695542088595,0.01503800226975649,0.0013554112991503412,32.89959824131978
2025-07-12,STOCK,503.4933138580423,0.015106587752670153,0.03048711931061665,0.04578436495869642,496.0303801911648,488.8523149373685,474.1268634516249,0.014993619544524606,0.0008294468668366816,34.93594921077414
2025-07-13,STOCK,510.9077357274775,0.014725958945952522,0.030055005689682,0.04566203032391769,503.46716309200497,496.089857753047,480.00782635006755,0.014618584853315575,0.0003856572997705471,36.18771407839256
2025-07-14,STOCK,518.0771933681564,0.014032783493619139,0.0289653886331962,0.04450954457104417,510.82608098455876,503.41521393382556,486.33777036811864,0.013935235507917199,0.0004435113014062467,36.626780903892836
2025-07-15,STOCK,524.840676217903,0.013054971221132972,0.027270952299413898,0.04239850216934471,517.9418684378456,510.6638717724148,492.97453860968227,0.012970489560386156,0.000869953619939667,36.243289192946065
2025-07-16,STOCK,531.046291033116,0.011823806912093282,0.02503313759218795,0.0394172056858042,524.6547202063917,517.6730420409391,499.7690835680763,0.011754451865635396,0.001311446374800763,35.04585134262112
2025-07-17,STOCK,536.5546730835563,0.01037269658681561,0.02231914826050918,0.035665495319863405,530.8138801115251,524.2853138860418,506.56881441170515,0.010319269308605605,0.0017204619351983324,33.06135922551397
2025-07-18,STOCK,541.2421159837402,0.008736188752667795,0.019199503174740062,0.031250321305179574,536.2810267001377,530.3521899372943,513.2210238451706,0.00869824906112271,0.002085370197534596,30.334380256262705
2025-07-19,STOCK,545.0033498716558,0.0069492631427607865,0.015746161969935724,0.026282188717272392,540.9333796463175,535.7374212379942,519.5763175859099,0.0069252282990373,0.002401221434506657,26.926156503499442
2025-07-20,STOCK,547.7539055429197,0.005046860119138019,0.01203119522091134,0.020872490765949214,544.6664571327719,540.3200671029975,525.4919694377061,0.005034167408252799,0.002665600114303249,22.913229325016687
2025-07-21,STOCK,549.4320114470014,0.003063612850771724,0.008125934595426765,0.015131666995972015,547.3964222871924,543.9972111857746,530.8351266133569,0.0030589295516936232,0.0028774035161734943,18.38572041388545
2025-07-22,STOCK,549.9999809430769,0.001033739360361885,0.004100519188322327,0.00916807405421971,549.0619659776661,546.6862727576788,535.4857933218602,0.0010332054197679241,0.003036256297837319,13.445307859520653
2025-07-23,STOCK,549.4450586607342,-0.0010089496392186037,2.374673018845641e-05,0.003087432331748019,549.6256836836043,548.3268612930776,539.339525615186,-0.0010094589715281543,0.0031421495467240284,8.202942676993985
2025-07-24,STOCK,547.7797069580929,-0.0030309703880139205,-0.004036861930753144,-0.003007295633461471,549.0749155206348,548.8821327103651,542.3097769741796,-0.003035573081532128,0.003195201662571205,2.7763570864370877
2025-07-25,STOCK,545.0413260441093,-0.004999055056621793,-0.008014873456790972,-0.009015736492327009,547.4220305543122,548.339616810603,544.3298419568002,-0.005011592132158071,0.003195508561191421,-2.7125794988104417
2025-07-26,STOCK,541.2914140505125,-0.006880050767551049,-0.011844712071593433,-0.014839781488063863,544.7041490175716,546.7114973313052,545.35435425854,-0.006903827436047116,0.00314307086786792,-8.140597396488943
2025-07-27,STOCK,536.6141859163488,-0.008640868879045582,-0.015461470030033064,-0.02038323234671835,540.9823086703236,544.0343383259595,545.3603055418191,-0.008678417645659131,0.003037793500071814,-13.385795026728147
2025-07-28,STOCK,531.1146821020044,-0.010248524840902551,-0.018800837560594252,-0.025551537611255948,536.3400940229553,540.3682630142137,544.3475621536456,-0.010301402560940254,0.0028795576151482687,-18.330376558729768
2025-07-29,STOCK,524.9164096069235,-0.011670309076280638,-0.02179923046471388,-0.030251735051649797,530.8817592084256,535.7956035439796,542.3388681271724,-0.011738941631230126,0.002668369460445495,-22.86329735116942
2025-07-30,STOCK,518.158568268663,-0.012874128555670494,-0.024394192572618656,-0.03439271292496693,524.7298866591971,530.4190519888904,539.3793343997467,-0.012957718354266845,0.0024045983261325138,-26.882757775446294
2025-07-31,STOCK,510.99292463463865,-0.013829055568775117,-0.026525147085249667,-0.037885899496751696,518.0226341700751,524.3593541057156,535.5354257185104,-0.013925567772523628,0.002089335717904044,-30.298489415873803
2025-08-01,STOCK,503.58040361266114,-0.01450611283370995,-0.02813456256202085,-0.04064648314241026,510.91063217198763,517.7525976449781,530.8934679854689,-0.0146123551825319,0.0017249769078827048,-33.033782303687644
2025-08-02,STOCK,496.087474444434,-0.014879310462585948,-0.029169582339837796,-0.04259525013351739,503.5536008972447,510.74715611346403,525.5577095638388,-0.014991117866771653,0.0013164290811590775,-35.027207657570386
2025-08-03,STOCK,488.6824121652803,-0.014926928537041917,-0.029584136595672494,-0.04366109860583767,496.11676340745856,503.50035662513545,519.6479800845575,-0.015039456335208534,0.0008751838944393533,-36.23399744164317
2025-08-04,STOCK,481.5315185096228,-0.014633008018383409,-0.029341510690452988,-0.04378423970603451,488.76713503977913,496.1749466733274,513.2969993311089,-0.014741126509002278,0.00044773034989996406,-36.627049759040176
2025-08-05,STOCK,474.79538713255545,-0.013988972929365406,-0.028417280194704575,-0.04292002602106304,481.66977260248626,488.9354391729107,506.6473966393131,-0.014087740800420967,0.0003821176068350187,-36.19753750208321
2025-08-06,STOCK,468.62529702257075,-0.012995261279280523,-0.026802443850400093,-0.04104325149300836,474.9840675549164,481.9444178548927,499.8485077499355,-0.013080438424699636,0.0008235165005197996,-34.955106590090395
2025-08-07,STOCK,463.1598151016117,-0.011662797453923623,-0.024506497633043134,-0.03815264983042632,468.8601664189127,475.3588859863282,493.05302104989613,-0.011731341339666912,0.0013492050093383992,-32.927659342822324
2025-08-08,STOCK,458.52168431074426,-0.010014104504834642,-0.02156010948623599,-0.034275191509532954,463.43559881164236,469.32674041542094,486.41354852027814,-0.010064582929570243,0.0018783007090444758,-30.16072785453605
2025-08-09,STOCK,454.81506706831465,-0.00808384285685737,-0.0180169949145228,-0.02946966380603,458.83218882689033,463.98345012715936,480.0791984002434,-0.008116694278125891,0.002383261449783977,-26.716451441308152
2025-08-10,STOCK,452.12320600659524,-0.005918583742334782,-0.013954581698283897,-0.023828943563670713,455.15331912855146,459.44901390196736,474.192226537439,-0.005936167975927553,0.0028426692560477728,-22.672181125960208
2025-08-11,STOCK,450.5065545217243,-0.0035756879173491907,-0.00947310865130857,-0.017480372386462828,452.48160919887806,455.82526540179805,468.88484162834527,-0.0035820959694135013,0.0032369556731736693,-18.11874250084645
2025-08-12,STOCK,450.00141912075765,-0.0011212609359322334,-0.004692939574100663,-0.010583747760568363,450.87705988302577,453.19358620562724,464.27623609597777,-0.0011218900192639936,0.0035485812508191214,-13.158395980854038
2025-08-13,STOCK,450.61914405579404,0.0013727177488536135,0.0002499176381334234,-0.0033266639066946713,450.3757058994254,451.61307815463715,460.4699092850291,0.0013717764331868665,0.003763060297498839,-7.902540254950225
2025-08-14,STOCK,452.3458565565286,0.003831866718296162,0.0052098445386052905,0.004082742007509577,450.98880657769354,451.1192360522799,457.55134308971964,0.0038245438179798086,0.0038700768689465767,-2.469210511786059
2025-08-15,STOCK,455.142778382766,0.006183148990307696,0.010038708711434197,0.011425206773911567,452.70259299836295,451.7231505275141,455.58608221474077,0.00616411175765208,0.0038643749101478528,3.0195723761707427
2025-08-16,STOCK,458.9470967000939,0.008358516267896299,0.014593347209626462,0.01848113368940374,455.47857721312954,453.411258963188,454.6182621824931,0.00832377731396683,0.0037462363166841906,8.440542178369583
2025-08-17,STOCK,463.6733747207301,0.010298088940139172,0.01874268195197004,0.025041719737264767,459.2544166011967,456.1456500831826,454.6696181444048,0.010245424873138731,0.003521454910345629,13.671955599972478
2025-08-18,STOCK,469.2154704295815,0.011952585615228273,0.022373763345097775,0.030919291077888156,463.9453139501352,459.86491535794005,455.73899675628854,0.011881717608812181,0.003200811259252086,18.596326373787463
2025-08-19,STOCK,475.4489203050765,0.013284834512783839,0.0253962082499104,0.035955829601349576,469.44592181846275,464.4855281076496,457.8023820799648,0.013197364926488042,0.0027991498301100873,23.103063748547925
2025-08-20,STOCK,482.23373450153224,0.01427033253562171,0.027744746054583658,0.04002895312240207,475.6327084120635,469.90371933140284,460.8134349294584,0.014169469771239562,0.0023342547313155073,27.090956118766258
2025-08-21,STOCK,489.41754071928636,0.014896938359527656,0.029379855159302304,0.04305499618588704,482.3667318419651,475.99780813524137,464.70453354921466,0.014787068776319856,0.0018258619829983357,30.470444019192485
2025-08-22,STOCK,496.8390061580581,0.015163873014981455,0.030286706656104778,0.04498924056711795,489.49676045962565,482.6309344227069,469.3882922529448,0.015050050708188323,0.0012956608243575333,33.16563143732799
2025-08-23,STOCK,504.3314607038215,0.015080246222414884,0.030472794176147566,0.04582368387215974,496.86266919372207,489.654132477555,474.75952391774746,0.014967669686298812,0.0007726935662867727,35.115990274240005
2025-08-24,STOCK,511.72663998025223,0.014663331266525415,0.02996470413488006,0.04558295811829449,504.29903561404404,496.90967641259004,480.6976022601199,0.014556864137876602,0.00035479571605010374,36.27771967517572
2025-08-25,STOCK,518.8584642038624,0.013936785123958684,0.028804476087546993,0.044319100901669684,511.6388549626454,504.2346223530561,487.0691708422295,0.013840561138817264,0.0004855798891937954,36.624729702330114
2025-08-26,STOCK,525.5667679778888,0.012928966638946049,0.02704593999282645,0.04210585483688112,518.7172907206678,511.46446780477663,493.73113797000894,0.012846101029958312,0.000920304802075534,36.14922725860248
2025-08-27,STOCK,531.7008972618147,0.011671455764843852,0.024751322266001408,0.039033061249915235,525.3753764811887,518.436846025528,500.5338902241174,0.011603869701844793,0.0013592312804926751,34.86189110375659
2025-08-28,STOCK,537.1230927363197,0.010197830213243053,0.021988309502318115,0.03520156226126647,531.4635859920078,524.9951724320275,507.32465245479125,0.010146183171110934,0.0017636864280146888,32.79163203249817
2025-08-29,STOCK,541.7115835806061,0.008542717500584107,0.01882766489645782,0.03071886691929593,536.8451911929135,530.9921611520983,513.9509187823442,0.008506434977233468,0.002123278038422929,29.98494360035386
2025-08-30,STOCK,545.3633221825106,0.006741112268205951,0.015341417186537143,0.025695696567479054,541.3993328331454,536.2931327478279,520.2638775504421,0.00671849256862167,0.0024334483630523945,26.50485797864826
2025-08-31,STOCK,547.9962983657156,0.004827930438497274,0.011601588327812218,0.020243414920039005,545.0237347096108,540.7790388253933,526.121753315085,0.004816313358302793,0.0026919709632541606,22.42953038782673
2025-09-01,STOCK,549.5513811615067,0.002837761496617519,0.007679392450221423,0.01447227236508608,547.6370005699109,544.3491356053316,531.3929908154298,0.0028337426526805487,0.002897848026132523,17.850483899691994
2025-09-02,STOCK,549.9936467628498,0.0008047757070657191,0.0036448209651980257,0.00849034834577611,549.1804420966907,546.9232464106378,535.9592094213327,0.0008044520487322515,0.0030507605274155787,12.870554026530158
2025-09-03,STOCK,549.3131628378068,-0.0012372577920640726,-0.0004334778000129047,0.002403053589994153,549.6193969207211,548.4435622620779,539.7178617070881,-0.0012380238274065647,0.0031507239084475566,7.601579257200683
2025-09-04,STOCK,547.5252115882976,-0.0032548851374186727,-0.0044881157974842045,-0.0036869520169828807,548.9440070629847,548.8759401432353,542.5845364455316,-0.0032601937985656804,0.0031978600144433786,2.161889405786951
2025-09-05,STOCK,544.6699465447928,-0.005214855833253873,-0.00845276721392707,-0.009679566753891256,547.1694403236324,548.2106697790507,544.494854302222,-0.005228500651781154,0.003192256346203576,-3.3263518209228096
2025-09-06,STOCK,540.8114908045821,-0.0070840254078408105,-0.012261939069873717,-0.015476913004057846,544.3355496458909,546.4626917076657,545.4059136564988,-0.007109236249211115,0.00313390150096497,-8.739890356924548
2025-09-07,STOCK,536.0364969652543,-0.008829312839163106,-0.015850791170517575,-0.02098298741297422,540.5059781048764,543.6712617481468,545.2972540793922,-0.008868522186784134,0.0030226927922863338,-13.957149797595548
2025-09-08,STOCK,530.4522010941646,-0.010417753087159087,-0.019155084325234495,-0.02610341462902599,535.7667296213336,539.8990693994183,544.1713158307482,-0.010472397724395677,0.0028585164942894585,-18.86096174364218
2025-09-09,STOCK,524.1840144375502,-0.011816685167268526,-0.022111334946046335,-0.030745419891679338,530.2242374989897,535.2308299692688,542.0533850562521,-0.01188705711625726,0.0026414058687845316,-23.341197150747348
2025-09-10,STOCK,517.3727069543113,-0.012994115226019343,-0.02465725302463484,-0.03481813293797564,524.0029741620087,529.7713820511724,538.9910259151117,-0.013079277282761481,0.0023717905028615947,-27.297239590481468
2025-09-11,STOCK,510.1712459262113,-0.01391929054490293,-0.026732536905717308,-0.03823333210064872,517.242655772691,523.6433330754984,535.0530123915821,-0.014017072298341482,0.0020508731036399555,-30.640244878370822
2025-09-12,STOCK,502.7413606425137,-0.014563512434356718,-0.028280089218331472,-0.04090672970644571,510.0951045076788,516.9843058109502,530.3277837795484,-0.014670601380772474,0.0016812504039253919,-33.295136322740575
2025-09-13,STOCK,495.2499103088082,-0.014901201532595776,-0.029247700133145704,-0.04275988344212511,502.7208389591778,509.94384765387895,524.9214585266486,-0.015013339827466332,0.0012682587386107455,-35.20229078535641
2025-09-14,STOCK,487.865136748981,-0.014911206253873877,-0.0295902128969866,-0.04372278789788275,495.2854692334343,502.68007211616515,518.955451042717,-0.015023495937795062,0.0008248333508226437,-36.318877688569216
2025-09-15,STOCK,480.7528860565601,-0.014578313055561343,-0.029272139076630177,-0.04373715056555505,487.95597770478315,495.3561079366149,512.5637449938937,-0.01468562084934355,0.0004088634982802518,-36.6198208977512
2025-09-16,STOCK,474.0728840489919,-0.013894876559892966,-0.02827062575509587,-0.042760282877409406,480.89696895151104,488.136435561171,505.8898843183347,-0.013992313997572836,0.0004189552691111509,-36.09836187721942
2025-09-17,STOCK,467.97514917013785,-0.012862441797501956,-0.026578596316359837,-0.04076943827424395,474.26697309189666,481.1831932666958,499.08374953882304,-0.012945879247090453,0.0008809306917966794,-34.76621147237586
2025-09-18,STOCK,462.59662339944066,-0.01149318672206201,-0.024207798074283526,-0.037766310268147585,468.2148855395235,474.65253588482227,492.29819176935064,-0.011559743853045923,0.001408968454975557,-32.65328690936752
2025-09-19,STOCK,458.0580968302966,-0.009810980754230703,-0.021191408042557813,-0.03378127658750518,462.87662313329173,468.69112790108545,485.6856000086253,-0.009859425546953737,0.0019365237357463405,-29.80703991868438
2025-09-20,STOCK,454.4614949849665,-0.007851846458381884,-0.01758579289812423,-0.02887686281875257,458.37207173823464,463.4328496867667,479.3944788116908,-0.007882834520371418,0.0024374020592655824,-26.29139107159358
2025-09-21,STOCK,451.88758978708165,-0.005663637571693525,-0.013471014017466532,-0.023149830912431946,454.8023938674483,458.99579083438465,473.5661131977778,-0.005679736782472133,0.0028904531965106544,-22.185294261910258
2025-09-22,STOCK,450.3941855983769,-0.0033048134590472067,-0.008949733765066581,-0.01673130828808178,452.24775679014175,455.47959812003245,468.3313956933642,-0.0033102864164424872,0.0032763000486732215,-17.580963571760947
2025-09-23,STOCK,450.01482105734226,-0.0008422944903931917,-0.004144324323272053,-0.009784489944019037,450.76553214760037,452.96323765161276,463.8078867682175,-0.0008426494197149026,0.003577688981245205,-12.581802342098399
2025-09-24,STOCK,450.7580158737078,0.0016514896434285387,0.0008078041124077728,-0.0024996789885424198,450.38900750980906,451.50322146029504,460.0971746806902,0.0016501274339848493,0.0037805482318136276,-7.300080956588829
2025-09-25,STOCK,452.6070794941305,0.0041021203291053965,0.0057603845817735255,0.004913238151184496,451.1266388083936,451.1323383621278,457.2825940244473,0.004093729572276494,0.0038750910911399174,-1.8544154908360042
2025-09-26,STOCK,455.52048593604115,0.006436944038009429,0.01056546948611059,0.012234407892973254,452.96186043462654,451.85891759191975,455.42735421315217,0.006416315390048055,0.0038566673528212998,3.632896148959503
