date,tic,close,return_t-1,ma_3,ma_5
2023-01-05,CASH,100.0,0.0,100.0,100.0
2023-01-06,CASH,100.0,0.0,100.0,100.0
2023-01-07,CASH,100.0,0.0,100.0,100.0
2023-01-08,CASH,100.0,0.0,100.0,100.0
2023-01-09,CASH,100.0,0.0,100.0,100.0
2023-01-10,CASH,100.0,0.0,100.0,100.0
2023-01-11,CASH,100.0,0.0,100.0,100.0
2023-01-12,CASH,100.0,0.0,100.0,100.0
2023-01-13,CASH,100.0,0.0,100.0,100.0
2023-01-14,CASH,100.0,0.0,100.0,100.0
2023-01-15,CASH,100.0,0.0,100.0,100.0
2023-01-16,CASH,100.0,0.0,100.0,100.0
2023-01-17,CASH,100.0,0.0,100.0,100.0
2023-01-18,CASH,100.0,0.0,100.0,100.0
2023-01-19,CASH,100.0,0.0,100.0,100.0
2023-01-20,CASH,100.0,0.0,100.0,100.0
2023-01-21,CASH,100.0,0.0,100.0,100.0
2023-01-22,CASH,100.0,0.0,100.0,100.0
2023-01-23,CASH,100.0,0.0,100.0,100.0
2023-01-24,CASH,100.0,0.0,100.0,100.0
2023-01-25,CASH,100.0,0.0,100.0,100.0
2023-01-26,CASH,100.0,0.0,100.0,100.0
2023-01-27,CASH,100.0,0.0,100.0,100.0
2023-01-28,CASH,100.0,0.0,100.0,100.0
2023-01-29,CASH,100.0,0.0,100.0,100.0
2023-01-30,CASH,100.0,0.0,100.0,100.0
2023-01-31,CASH,100.0,0.0,100.0,100.0
2023-02-01,CASH,100.0,0.0,100.0,100.0
2023-02-02,CASH,100.0,0.0,100.0,100.0
2023-02-03,CASH,100.0,0.0,100.0,100.0
2023-02-04,CASH,100.0,0.0,100.0,100.0
2023-02-05,CASH,100.0,0.0,100.0,100.0
2023-02-06,CASH,100.0,0.0,100.0,100.0
2023-02-07,CASH,100.0,0.0,100.0,100.0
2023-02-08,CASH,100.0,0.0,100.0,100.0
2023-02-09,CASH,100.0,0.0,100.0,100.0
2023-02-10,CASH,100.0,0.0,100.0,100.0
2023-02-11,CASH,100.0,0.0,100.0,100.0
2023-02-12,CASH,100.0,0.0,100.0,100.0
2023-02-13,CASH,100.0,0.0,100.0,100.0
2023-02-14,CASH,100.0,0.0,100.0,100.0
2023-02-15,CASH,100.0,0.0,100.0,100.0
2023-02-16,CASH,100.0,0.0,100.0,100.0
2023-02-17,CASH,100.0,0.0,100.0,100.0
2023-02-18,CASH,100.0,0.0,100.0,100.0
2023-02-19,CASH,100.0,0.0,100.0,100.0
2023-02-20,CASH,100.0,0.0,100.0,100.0
2023-02-21,CASH,100.0,0.0,100.0,100.0
2023-02-22,CASH,100.0,0.0,100.0,100.0
2023-02-23,CASH,100.0,0.0,100.0,100.0
2023-02-24,CASH,100.0,0.0,100.0,100.0
2023-02-25,CASH,100.0,0.0,100.0,100.0
2023-02-26,CASH,100.0,0.0,100.0,100.0
2023-02-27,CASH,100.0,0.0,100.0,100.0
2023-02-28,CASH,100.0,0.0,100.0,100.0
2023-03-01,CASH,100.0,0.0,100.0,100.0
2023-03-02,CASH,100.0,0.0,100.0,100.0
2023-03-03,CASH,100.0,0.0,100.0,100.0
2023-03-04,CASH,100.0,0.0,100.0,100.0
2023-03-05,CASH,100.0,0.0,100.0,100.0
2023-03-06,CASH,100.0,0.0,100.0,100.0
2023-03-07,CASH,100.0,0.0,100.0,100.0
2023-03-08,CASH,100.0,0.0,100.0,100.0
2023-03-09,CASH,100.0,0.0,100.0,100.0
2023-03-10,CASH,100.0,0.0,100.0,100.0
2023-03-11,CASH,100.0,0.0,100.0,100.0
2023-03-12,CASH,100.0,0.0,100.0,100.0
2023-03-13,CASH,100.0,0.0,100.0,100.0
2023-03-14,CASH,100.0,0.0,100.0,100.0
2023-03-15,CASH,100.0,0.0,100.0,100.0
2023-03-16,CASH,100.0,0.0,100.0,100.0
2023-03-17,CASH,100.0,0.0,100.0,100.0
2023-03-18,CASH,100.0,0.0,100.0,100.0
2023-03-19,CASH,100.0,0.0,100.0,100.0
2023-03-20,CASH,100.0,0.0,100.0,100.0
2023-03-21,CASH,100.0,0.0,100.0,100.0
2023-03-22,CASH,100.0,0.0,100.0,100.0
2023-03-23,CASH,100.0,0.0,100.0,100.0
2023-03-24,CASH,100.0,0.0,100.0,100.0
2023-03-25,CASH,100.0,0.0,100.0,100.0
2023-03-26,CASH,100.0,0.0,100.0,100.0
2023-03-27,CASH,100.0,0.0,100.0,100.0
2023-03-28,CASH,100.0,0.0,100.0,100.0
2023-03-29,CASH,100.0,0.0,100.0,100.0
2023-03-30,CASH,100.0,0.0,100.0,100.0
2023-03-31,CASH,100.0,0.0,100.0,100.0
2023-04-01,CASH,100.0,0.0,100.0,100.0
2023-04-02,CASH,100.0,0.0,100.0,100.0
2023-04-03,CASH,100.0,0.0,100.0,100.0
2023-04-04,CASH,100.0,0.0,100.0,100.0
2023-04-05,CASH,100.0,0.0,100.0,100.0
2023-04-06,CASH,100.0,0.0,100.0,100.0
2023-04-07,CASH,100.0,0.0,100.0,100.0
2023-04-08,CASH,100.0,0.0,100.0,100.0
2023-04-09,CASH,100.0,0.0,100.0,100.0
2023-04-10,CASH,100.0,0.0,100.0,100.0
2023-04-11,CASH,100.0,0.0,100.0,100.0
2023-04-12,CASH,100.0,0.0,100.0,100.0
2023-04-13,CASH,100.0,0.0,100.0,100.0
2023-04-14,CASH,100.0,0.0,100.0,100.0
2023-04-15,CASH,100.0,0.0,100.0,100.0
2023-04-16,CASH,100.0,0.0,100.0,100.0
2023-04-17,CASH,100.0,0.0,100.0,100.0
2023-04-18,CASH,100.0,0.0,100.0,100.0
2023-04-19,CASH,100.0,0.0,100.0,100.0
2023-04-20,CASH,100.0,0.0,100.0,100.0
2023-04-21,CASH,100.0,0.0,100.0,100.0
2023-04-22,CASH,100.0,0.0,100.0,100.0
2023-04-23,CASH,100.0,0.0,100.0,100.0
2023-04-24,CASH,100.0,0.0,100.0,100.0
2023-04-25,CASH,100.0,0.0,100.0,100.0
2023-04-26,CASH,100.0,0.0,100.0,100.0
2023-04-27,CASH,100.0,0.0,100.0,100.0
2023-04-28,CASH,100.0,0.0,100.0,100.0
2023-04-29,CASH,100.0,0.0,100.0,100.0
2023-04-30,CASH,100.0,0.0,100.0,100.0
2023-05-01,CASH,100.0,0.0,100.0,100.0
2023-05-02,CASH,100.0,0.0,100.0,100.0
2023-05-03,CASH,100.0,0.0,100.0,100.0
2023-05-04,CASH,100.0,0.0,100.0,100.0
2023-05-05,CASH,100.0,0.0,100.0,100.0
2023-05-06,CASH,100.0,0.0,100.0,100.0
2023-05-07,CASH,100.0,0.0,100.0,100.0
2023-05-08,CASH,100.0,0.0,100.0,100.0
2023-05-09,CASH,100.0,0.0,100.0,100.0
2023-05-10,CASH,100.0,0.0,100.0,100.0
2023-05-11,CASH,100.0,0.0,100.0,100.0
2023-05-12,CASH,100.0,0.0,100.0,100.0
2023-05-13,CASH,100.0,0.0,100.0,100.0
2023-05-14,CASH,100.0,0.0,100.0,100.0
2023-05-15,CASH,100.0,0.0,100.0,100.0
2023-05-16,CASH,100.0,0.0,100.0,100.0
2023-05-17,CASH,100.0,0.0,100.0,100.0
2023-05-18,CASH,100.0,0.0,100.0,100.0
2023-05-19,CASH,100.0,0.0,100.0,100.0
2023-05-20,CASH,100.0,0.0,100.0,100.0
2023-05-21,CASH,100.0,0.0,100.0,100.0
2023-05-22,CASH,100.0,0.0,100.0,100.0
2023-05-23,CASH,100.0,0.0,100.0,100.0
2023-05-24,CASH,100.0,0.0,100.0,100.0
2023-05-25,CASH,100.0,0.0,100.0,100.0
2023-05-26,CASH,100.0,0.0,100.0,100.0
2023-05-27,CASH,100.0,0.0,100.0,100.0
2023-05-28,CASH,100.0,0.0,100.0,100.0
2023-05-29,CASH,100.0,0.0,100.0,100.0
2023-05-30,CASH,100.0,0.0,100.0,100.0
2023-05-31,CASH,100.0,0.0,100.0,100.0
2023-06-01,CASH,100.0,0.0,100.0,100.0
2023-06-02,CASH,100.0,0.0,100.0,100.0
2023-06-03,CASH,100.0,0.0,100.0,100.0
2023-06-04,CASH,100.0,0.0,100.0,100.0
2023-06-05,CASH,100.0,0.0,100.0,100.0
2023-06-06,CASH,100.0,0.0,100.0,100.0
2023-06-07,CASH,100.0,0.0,100.0,100.0
2023-06-08,CASH,100.0,0.0,100.0,100.0
2023-06-09,CASH,100.0,0.0,100.0,100.0
2023-06-10,CASH,100.0,0.0,100.0,100.0
2023-06-11,CASH,100.0,0.0,100.0,100.0
2023-06-12,CASH,100.0,0.0,100.0,100.0
2023-06-13,CASH,100.0,0.0,100.0,100.0
2023-06-14,CASH,100.0,0.0,100.0,100.0
2023-06-15,CASH,100.0,0.0,100.0,100.0
2023-06-16,CASH,100.0,0.0,100.0,100.0
2023-06-17,CASH,100.0,0.0,100.0,100.0
2023-06-18,CASH,100.0,0.0,100.0,100.0
2023-06-19,CASH,100.0,0.0,100.0,100.0
2023-06-20,CASH,100.0,0.0,100.0,100.0
2023-06-21,CASH,100.0,0.0,100.0,100.0
2023-06-22,CASH,100.0,0.0,100.0,100.0
2023-06-23,CASH,100.0,0.0,100.0,100.0
2023-06-24,CASH,100.0,0.0,100.0,100.0
2023-06-25,CASH,100.0,0.0,100.0,100.0
2023-06-26,CASH,100.0,0.0,100.0,100.0
2023-06-27,CASH,100.0,0.0,100.0,100.0
2023-06-28,CASH,100.0,0.0,100.0,100.0
2023-06-29,CASH,100.0,0.0,100.0,100.0
2023-06-30,CASH,100.0,0.0,100.0,100.0
2023-07-01,CASH,100.0,0.0,100.0,100.0
2023-07-02,CASH,100.0,0.0,100.0,100.0
2023-07-03,CASH,100.0,0.0,100.0,100.0
2023-07-04,CASH,100.0,0.0,100.0,100.0
2023-07-05,CASH,100.0,0.0,100.0,100.0
2023-07-06,CASH,100.0,0.0,100.0,100.0
2023-07-07,CASH,100.0,0.0,100.0,100.0
2023-07-08,CASH,100.0,0.0,100.0,100.0
2023-07-09,CASH,100.0,0.0,100.0,100.0
2023-07-10,CASH,100.0,0.0,100.0,100.0
2023-07-11,CASH,100.0,0.0,100.0,100.0
2023-07-12,CASH,100.0,0.0,100.0,100.0
2023-07-13,CASH,100.0,0.0,100.0,100.0
2023-07-14,CASH,100.0,0.0,100.0,100.0
2023-07-15,CASH,100.0,0.0,100.0,100.0
2023-07-16,CASH,100.0,0.0,100.0,100.0
2023-07-17,CASH,100.0,0.0,100.0,100.0
2023-07-18,CASH,100.0,0.0,100.0,100.0
2023-07-19,CASH,100.0,0.0,100.0,100.0
2023-07-20,CASH,100.0,0.0,100.0,100.0
2023-07-21,CASH,100.0,0.0,100.0,100.0
2023-07-22,CASH,100.0,0.0,100.0,100.0
2023-07-23,CASH,100.0,0.0,100.0,100.0
2023-07-24,CASH,100.0,0.0,100.0,100.0
2023-07-25,CASH,100.0,0.0,100.0,100.0
2023-07-26,CASH,100.0,0.0,100.0,100.0
2023-07-27,CASH,100.0,0.0,100.0,100.0
2023-07-28,CASH,100.0,0.0,100.0,100.0
2023-07-29,CASH,100.0,0.0,100.0,100.0
2023-07-30,CASH,100.0,0.0,100.0,100.0
2023-07-31,CASH,100.0,0.0,100.0,100.0
2023-08-01,CASH,100.0,0.0,100.0,100.0
2023-08-02,CASH,100.0,0.0,100.0,100.0
2023-08-03,CASH,100.0,0.0,100.0,100.0
2023-08-04,CASH,100.0,0.0,100.0,100.0
2023-08-05,CASH,100.0,0.0,100.0,100.0
2023-08-06,CASH,100.0,0.0,100.0,100.0
2023-08-07,CASH,100.0,0.0,100.0,100.0
2023-08-08,CASH,100.0,0.0,100.0,100.0
2023-08-09,CASH,100.0,0.0,100.0,100.0
2023-08-10,CASH,100.0,0.0,100.0,100.0
2023-08-11,CASH,100.0,0.0,100.0,100.0
2023-08-12,CASH,100.0,0.0,100.0,100.0
2023-08-13,CASH,100.0,0.0,100.0,100.0
2023-08-14,CASH,100.0,0.0,100.0,100.0
2023-08-15,CASH,100.0,0.0,100.0,100.0
2023-08-16,CASH,100.0,0.0,100.0,100.0
2023-08-17,CASH,100.0,0.0,100.0,100.0
2023-08-18,CASH,100.0,0.0,100.0,100.0
2023-08-19,CASH,100.0,0.0,100.0,100.0
2023-08-20,CASH,100.0,0.0,100.0,100.0
2023-08-21,CASH,100.0,0.0,100.0,100.0
2023-08-22,CASH,100.0,0.0,100.0,100.0
2023-08-23,CASH,100.0,0.0,100.0,100.0
2023-08-24,CASH,100.0,0.0,100.0,100.0
2023-08-25,CASH,100.0,0.0,100.0,100.0
2023-08-26,CASH,100.0,0.0,100.0,100.0
2023-08-27,CASH,100.0,0.0,100.0,100.0
2023-08-28,CASH,100.0,0.0,100.0,100.0
2023-08-29,CASH,100.0,0.0,100.0,100.0
2023-08-30,CASH,100.0,0.0,100.0,100.0
2023-08-31,CASH,100.0,0.0,100.0,100.0
2023-09-01,CASH,100.0,0.0,100.0,100.0
2023-09-02,CASH,100.0,0.0,100.0,100.0
2023-09-03,CASH,100.0,0.0,100.0,100.0
2023-09-04,CASH,100.0,0.0,100.0,100.0
2023-09-05,CASH,100.0,0.0,100.0,100.0
2023-09-06,CASH,100.0,0.0,100.0,100.0
2023-09-07,CASH,100.0,0.0,100.0,100.0
2023-09-08,CASH,100.0,0.0,100.0,100.0
2023-09-09,CASH,100.0,0.0,100.0,100.0
2023-09-10,CASH,100.0,0.0,100.0,100.0
2023-09-11,CASH,100.0,0.0,100.0,100.0
2023-09-12,CASH,100.0,0.0,100.0,100.0
2023-09-13,CASH,100.0,0.0,100.0,100.0
2023-09-14,CASH,100.0,0.0,100.0,100.0
2023-09-15,CASH,100.0,0.0,100.0,100.0
2023-09-16,CASH,100.0,0.0,100.0,100.0
2023-09-17,CASH,100.0,0.0,100.0,100.0
2023-09-18,CASH,100.0,0.0,100.0,100.0
2023-09-19,CASH,100.0,0.0,100.0,100.0
2023-09-20,CASH,100.0,0.0,100.0,100.0
2023-09-21,CASH,100.0,0.0,100.0,100.0
2023-09-22,CASH,100.0,0.0,100.0,100.0
2023-09-23,CASH,100.0,0.0,100.0,100.0
2023-09-24,CASH,100.0,0.0,100.0,100.0
2023-09-25,CASH,100.0,0.0,100.0,100.0
2023-09-26,CASH,100.0,0.0,100.0,100.0
2023-09-27,CASH,100.0,0.0,100.0,100.0
2023-09-28,CASH,100.0,0.0,100.0,100.0
2023-09-29,CASH,100.0,0.0,100.0,100.0
2023-09-30,CASH,100.0,0.0,100.0,100.0
2023-10-01,CASH,100.0,0.0,100.0,100.0
2023-10-02,CASH,100.0,0.0,100.0,100.0
2023-10-03,CASH,100.0,0.0,100.0,100.0
2023-10-04,CASH,100.0,0.0,100.0,100.0
2023-10-05,CASH,100.0,0.0,100.0,100.0
2023-10-06,CASH,100.0,0.0,100.0,100.0
2023-10-07,CASH,100.0,0.0,100.0,100.0
2023-10-08,CASH,100.0,0.0,100.0,100.0
2023-10-09,CASH,100.0,0.0,100.0,100.0
2023-10-10,CASH,100.0,0.0,100.0,100.0
2023-10-11,CASH,100.0,0.0,100.0,100.0
2023-10-12,CASH,100.0,0.0,100.0,100.0
2023-10-13,CASH,100.0,0.0,100.0,100.0
2023-10-14,CASH,100.0,0.0,100.0,100.0
2023-10-15,CASH,100.0,0.0,100.0,100.0
2023-10-16,CASH,100.0,0.0,100.0,100.0
2023-10-17,CASH,100.0,0.0,100.0,100.0
2023-10-18,CASH,100.0,0.0,100.0,100.0
2023-10-19,CASH,100.0,0.0,100.0,100.0
2023-10-20,CASH,100.0,0.0,100.0,100.0
2023-10-21,CASH,100.0,0.0,100.0,100.0
2023-10-22,CASH,100.0,0.0,100.0,100.0
2023-10-23,CASH,100.0,0.0,100.0,100.0
2023-10-24,CASH,100.0,0.0,100.0,100.0
2023-10-25,CASH,100.0,0.0,100.0,100.0
2023-10-26,CASH,100.0,0.0,100.0,100.0
2023-10-27,CASH,100.0,0.0,100.0,100.0
2023-10-28,CASH,100.0,0.0,100.0,100.0
2023-10-29,CASH,100.0,0.0,100.0,100.0
2023-10-30,CASH,100.0,0.0,100.0,100.0
2023-10-31,CASH,100.0,0.0,100.0,100.0
2023-11-01,CASH,100.0,0.0,100.0,100.0
2023-11-02,CASH,100.0,0.0,100.0,100.0
2023-11-03,CASH,100.0,0.0,100.0,100.0
2023-11-04,CASH,100.0,0.0,100.0,100.0
2023-11-05,CASH,100.0,0.0,100.0,100.0
2023-11-06,CASH,100.0,0.0,100.0,100.0
2023-11-07,CASH,100.0,0.0,100.0,100.0
2023-11-08,CASH,100.0,0.0,100.0,100.0
2023-11-09,CASH,100.0,0.0,100.0,100.0
2023-11-10,CASH,100.0,0.0,100.0,100.0
2023-11-11,CASH,100.0,0.0,100.0,100.0
2023-11-12,CASH,100.0,0.0,100.0,100.0
2023-11-13,CASH,100.0,0.0,100.0,100.0
2023-11-14,CASH,100.0,0.0,100.0,100.0
2023-11-15,CASH,100.0,0.0,100.0,100.0
2023-11-16,CASH,100.0,0.0,100.0,100.0
2023-11-17,CASH,100.0,0.0,100.0,100.0
2023-11-18,CASH,100.0,0.0,100.0,100.0
2023-11-19,CASH,100.0,0.0,100.0,100.0
2023-11-20,CASH,100.0,0.0,100.0,100.0
2023-11-21,CASH,100.0,0.0,100.0,100.0
2023-11-22,CASH,100.0,0.0,100.0,100.0
2023-11-23,CASH,100.0,0.0,100.0,100.0
2023-11-24,CASH,100.0,0.0,100.0,100.0
2023-11-25,CASH,100.0,0.0,100.0,100.0
2023-11-26,CASH,100.0,0.0,100.0,100.0
2023-11-27,CASH,100.0,0.0,100.0,100.0
2023-11-28,CASH,100.0,0.0,100.0,100.0
2023-11-29,CASH,100.0,0.0,100.0,100.0
2023-11-30,CASH,100.0,0.0,100.0,100.0
2023-12-01,CASH,100.0,0.0,100.0,100.0
2023-12-02,CASH,100.0,0.0,100.0,100.0
2023-12-03,CASH,100.0,0.0,100.0,100.0
2023-12-04,CASH,100.0,0.0,100.0,100.0
2023-12-05,CASH,100.0,0.0,100.0,100.0
2023-12-06,CASH,100.0,0.0,100.0,100.0
2023-12-07,CASH,100.0,0.0,100.0,100.0
2023-12-08,CASH,100.0,0.0,100.0,100.0
2023-12-09,CASH,100.0,0.0,100.0,100.0
2023-12-10,CASH,100.0,0.0,100.0,100.0
2023-12-11,CASH,100.0,0.0,100.0,100.0
2023-12-12,CASH,100.0,0.0,100.0,100.0
2023-12-13,CASH,100.0,0.0,100.0,100.0
2023-12-14,CASH,100.0,0.0,100.0,100.0
2023-12-15,CASH,100.0,0.0,100.0,100.0
2023-12-16,CASH,100.0,0.0,100.0,100.0
2023-12-17,CASH,100.0,0.0,100.0,100.0
2023-12-18,CASH,100.0,0.0,100.0,100.0
2023-12-19,CASH,100.0,0.0,100.0,100.0
2023-12-20,CASH,100.0,0.0,100.0,100.0
2023-12-21,CASH,100.0,0.0,100.0,100.0
2023-12-22,CASH,100.0,0.0,100.0,100.0
2023-12-23,CASH,100.0,0.0,100.0,100.0
2023-12-24,CASH,100.0,0.0,100.0,100.0
2023-12-25,CASH,100.0,0.0,100.0,100.0
2023-12-26,CASH,100.0,0.0,100.0,100.0
2023-12-27,CASH,100.0,0.0,100.0,100.0
2023-12-28,CASH,100.0,0.0,100.0,100.0
2023-12-29,CASH,100.0,0.0,100.0,100.0
2023-12-30,CASH,100.0,0.0,100.0,100.0
2023-12-31,CASH,100.0,0.0,100.0,100.0
2024-01-01,CASH,100.0,0.0,100.0,100.0
2024-01-02,CASH,100.0,0.0,100.0,100.0
2024-01-03,CASH,100.0,0.0,100.0,100.0
2024-01-04,CASH,100.0,0.0,100.0,100.0
2024-01-05,CASH,100.0,0.0,100.0,100.0
2024-01-06,CASH,100.0,0.0,100.0,100.0
2024-01-07,CASH,100.0,0.0,100.0,100.0
2024-01-08,CASH,100.0,0.0,100.0,100.0
2024-01-09,CASH,100.0,0.0,100.0,100.0
2024-01-10,CASH,100.0,0.0,100.0,100.0
2024-01-11,CASH,100.0,0.0,100.0,100.0
2024-01-12,CASH,100.0,0.0,100.0,100.0
2024-01-13,CASH,100.0,0.0,100.0,100.0
2024-01-14,CASH,100.0,0.0,100.0,100.0
2024-01-15,CASH,100.0,0.0,100.0,100.0
2024-01-16,CASH,100.0,0.0,100.0,100.0
2024-01-17,CASH,100.0,0.0,100.0,100.0
2024-01-18,CASH,100.0,0.0,100.0,100.0
2024-01-19,CASH,100.0,0.0,100.0,100.0
2024-01-20,CASH,100.0,0.0,100.0,100.0
2024-01-21,CASH,100.0,0.0,100.0,100.0
2024-01-22,CASH,100.0,0.0,100.0,100.0
2024-01-23,CASH,100.0,0.0,100.0,100.0
2024-01-24,CASH,100.0,0.0,100.0,100.0
2024-01-25,CASH,100.0,0.0,100.0,100.0
2024-01-26,CASH,100.0,0.0,100.0,100.0
2024-01-27,CASH,100.0,0.0,100.0,100.0
2024-01-28,CASH,100.0,0.0,100.0,100.0
2024-01-29,CASH,100.0,0.0,100.0,100.0
2024-01-30,CASH,100.0,0.0,100.0,100.0
2024-01-31,CASH,100.0,0.0,100.0,100.0
2024-02-01,CASH,100.0,0.0,100.0,100.0
2024-02-02,CASH,100.0,0.0,100.0,100.0
2024-02-03,CASH,100.0,0.0,100.0,100.0
2024-02-04,CASH,100.0,0.0,100.0,100.0
2024-02-05,CASH,100.0,0.0,100.0,100.0
2024-02-06,CASH,100.0,0.0,100.0,100.0
2024-02-07,CASH,100.0,0.0,100.0,100.0
2024-02-08,CASH,100.0,0.0,100.0,100.0
2024-02-09,CASH,100.0,0.0,100.0,100.0
2024-02-10,CASH,100.0,0.0,100.0,100.0
2024-02-11,CASH,100.0,0.0,100.0,100.0
2024-02-12,CASH,100.0,0.0,100.0,100.0
2024-02-13,CASH,100.0,0.0,100.0,100.0
2024-02-14,CASH,100.0,0.0,100.0,100.0
2024-02-15,CASH,100.0,0.0,100.0,100.0
2024-02-16,CASH,100.0,0.0,100.0,100.0
2024-02-17,CASH,100.0,0.0,100.0,100.0
2024-02-18,CASH,100.0,0.0,100.0,100.0
2024-02-19,CASH,100.0,0.0,100.0,100.0
2024-02-20,CASH,100.0,0.0,100.0,100.0
2024-02-21,CASH,100.0,0.0,100.0,100.0
2024-02-22,CASH,100.0,0.0,100.0,100.0
2024-02-23,CASH,100.0,0.0,100.0,100.0
2024-02-24,CASH,100.0,0.0,100.0,100.0
2024-02-25,CASH,100.0,0.0,100.0,100.0
2024-02-26,CASH,100.0,0.0,100.0,100.0
2024-02-27,CASH,100.0,0.0,100.0,100.0
2024-02-28,CASH,100.0,0.0,100.0,100.0
2024-02-29,CASH,100.0,0.0,100.0,100.0
2024-03-01,CASH,100.0,0.0,100.0,100.0
2024-03-02,CASH,100.0,0.0,100.0,100.0
2024-03-03,CASH,100.0,0.0,100.0,100.0
2024-03-04,CASH,100.0,0.0,100.0,100.0
2024-03-05,CASH,100.0,0.0,100.0,100.0
2024-03-06,CASH,100.0,0.0,100.0,100.0
2024-03-07,CASH,100.0,0.0,100.0,100.0
2024-03-08,CASH,100.0,0.0,100.0,100.0
2024-03-09,CASH,100.0,0.0,100.0,100.0
2024-03-10,CASH,100.0,0.0,100.0,100.0
2024-03-11,CASH,100.0,0.0,100.0,100.0
2024-03-12,CASH,100.0,0.0,100.0,100.0
2024-03-13,CASH,100.0,0.0,100.0,100.0
2024-03-14,CASH,100.0,0.0,100.0,100.0
2024-03-15,CASH,100.0,0.0,100.0,100.0
2024-03-16,CASH,100.0,0.0,100.0,100.0
2024-03-17,CASH,100.0,0.0,100.0,100.0
2024-03-18,CASH,100.0,0.0,100.0,100.0
2024-03-19,CASH,100.0,0.0,100.0,100.0
2024-03-20,CASH,100.0,0.0,100.0,100.0
2024-03-21,CASH,100.0,0.0,100.0,100.0
2024-03-22,CASH,100.0,0.0,100.0,100.0
2024-03-23,CASH,100.0,0.0,100.0,100.0
2024-03-24,CASH,100.0,0.0,100.0,100.0
2024-03-25,CASH,100.0,0.0,100.0,100.0
2024-03-26,CASH,100.0,0.0,100.0,100.0
2024-03-27,CASH,100.0,0.0,100.0,100.0
2024-03-28,CASH,100.0,0.0,100.0,100.0
2024-03-29,CASH,100.0,0.0,100.0,100.0
2024-03-30,CASH,100.0,0.0,100.0,100.0
2024-03-31,CASH,100.0,0.0,100.0,100.0
2024-04-01,CASH,100.0,0.0,100.0,100.0
2024-04-02,CASH,100.0,0.0,100.0,100.0
2024-04-03,CASH,100.0,0.0,100.0,100.0
2024-04-04,CASH,100.0,0.0,100.0,100.0
2024-04-05,CASH,100.0,0.0,100.0,100.0
2024-04-06,CASH,100.0,0.0,100.0,100.0
2024-04-07,CASH,100.0,0.0,100.0,100.0
2024-04-08,CASH,100.0,0.0,100.0,100.0
2024-04-09,CASH,100.0,0.0,100.0,100.0
2024-04-10,CASH,100.0,0.0,100.0,100.0
2024-04-11,CASH,100.0,0.0,100.0,100.0
2024-04-12,CASH,100.0,0.0,100.0,100.0
2024-04-13,CASH,100.0,0.0,100.0,100.0
2024-04-14,CASH,100.0,0.0,100.0,100.0
2024-04-15,CASH,100.0,0.0,100.0,100.0
2024-04-16,CASH,100.0,0.0,100.0,100.0
2024-04-17,CASH,100.0,0.0,100.0,100.0
2024-04-18,CASH,100.0,0.0,100.0,100.0
2024-04-19,CASH,100.0,0.0,100.0,100.0
2024-04-20,CASH,100.0,0.0,100.0,100.0
2024-04-21,CASH,100.0,0.0,100.0,100.0
2024-04-22,CASH,100.0,0.0,100.0,100.0
2024-04-23,CASH,100.0,0.0,100.0,100.0
2024-04-24,CASH,100.0,0.0,100.0,100.0
2024-04-25,CASH,100.0,0.0,100.0,100.0
2024-04-26,CASH,100.0,0.0,100.0,100.0
2024-04-27,CASH,100.0,0.0,100.0,100.0
2024-04-28,CASH,100.0,0.0,100.0,100.0
2024-04-29,CASH,100.0,0.0,100.0,100.0
2024-04-30,CASH,100.0,0.0,100.0,100.0
2024-05-01,CASH,100.0,0.0,100.0,100.0
2024-05-02,CASH,100.0,0.0,100.0,100.0
2024-05-03,CASH,100.0,0.0,100.0,100.0
2024-05-04,CASH,100.0,0.0,100.0,100.0
2024-05-05,CASH,100.0,0.0,100.0,100.0
2024-05-06,CASH,100.0,0.0,100.0,100.0
2024-05-07,CASH,100.0,0.0,100.0,100.0
2024-05-08,CASH,100.0,0.0,100.0,100.0
2024-05-09,CASH,100.0,0.0,100.0,100.0
2024-05-10,CASH,100.0,0.0,100.0,100.0
2024-05-11,CASH,100.0,0.0,100.0,100.0
2024-05-12,CASH,100.0,0.0,100.0,100.0
2024-05-13,CASH,100.0,0.0,100.0,100.0
2024-05-14,CASH,100.0,0.0,100.0,100.0
2024-05-15,CASH,100.0,0.0,100.0,100.0
2024-05-16,CASH,100.0,0.0,100.0,100.0
2024-05-17,CASH,100.0,0.0,100.0,100.0
2024-05-18,CASH,100.0,0.0,100.0,100.0
2024-05-19,CASH,100.0,0.0,100.0,100.0
2024-05-20,CASH,100.0,0.0,100.0,100.0
2024-05-21,CASH,100.0,0.0,100.0,100.0
2024-05-22,CASH,100.0,0.0,100.0,100.0
2024-05-23,CASH,100.0,0.0,100.0,100.0
2024-05-24,CASH,100.0,0.0,100.0,100.0
2024-05-25,CASH,100.0,0.0,100.0,100.0
2024-05-26,CASH,100.0,0.0,100.0,100.0
2024-05-27,CASH,100.0,0.0,100.0,100.0
2024-05-28,CASH,100.0,0.0,100.0,100.0
2024-05-29,CASH,100.0,0.0,100.0,100.0
2024-05-30,CASH,100.0,0.0,100.0,100.0
2024-05-31,CASH,100.0,0.0,100.0,100.0
2024-06-01,CASH,100.0,0.0,100.0,100.0
2024-06-02,CASH,100.0,0.0,100.0,100.0
2024-06-03,CASH,100.0,0.0,100.0,100.0
2024-06-04,CASH,100.0,0.0,100.0,100.0
2024-06-05,CASH,100.0,0.0,100.0,100.0
2024-06-06,CASH,100.0,0.0,100.0,100.0
2024-06-07,CASH,100.0,0.0,100.0,100.0
2024-06-08,CASH,100.0,0.0,100.0,100.0
2024-06-09,CASH,100.0,0.0,100.0,100.0
2024-06-10,CASH,100.0,0.0,100.0,100.0
2024-06-11,CASH,100.0,0.0,100.0,100.0
2024-06-12,CASH,100.0,0.0,100.0,100.0
2024-06-13,CASH,100.0,0.0,100.0,100.0
2024-06-14,CASH,100.0,0.0,100.0,100.0
2024-06-15,CASH,100.0,0.0,100.0,100.0
2024-06-16,CASH,100.0,0.0,100.0,100.0
2024-06-17,CASH,100.0,0.0,100.0,100.0
2024-06-18,CASH,100.0,0.0,100.0,100.0
2024-06-19,CASH,100.0,0.0,100.0,100.0
2024-06-20,CASH,100.0,0.0,100.0,100.0
2024-06-21,CASH,100.0,0.0,100.0,100.0
2024-06-22,CASH,100.0,0.0,100.0,100.0
2024-06-23,CASH,100.0,0.0,100.0,100.0
2024-06-24,CASH,100.0,0.0,100.0,100.0
2024-06-25,CASH,100.0,0.0,100.0,100.0
2024-06-26,CASH,100.0,0.0,100.0,100.0
2024-06-27,CASH,100.0,0.0,100.0,100.0
2024-06-28,CASH,100.0,0.0,100.0,100.0
2024-06-29,CASH,100.0,0.0,100.0,100.0
2024-06-30,CASH,100.0,0.0,100.0,100.0
2024-07-01,CASH,100.0,0.0,100.0,100.0
2024-07-02,CASH,100.0,0.0,100.0,100.0
2024-07-03,CASH,100.0,0.0,100.0,100.0
2024-07-04,CASH,100.0,0.0,100.0,100.0
2024-07-05,CASH,100.0,0.0,100.0,100.0
2024-07-06,CASH,100.0,0.0,100.0,100.0
2024-07-07,CASH,100.0,0.0,100.0,100.0
2024-07-08,CASH,100.0,0.0,100.0,100.0
2024-07-09,CASH,100.0,0.0,100.0,100.0
2024-07-10,CASH,100.0,0.0,100.0,100.0
2024-07-11,CASH,100.0,0.0,100.0,100.0
2024-07-12,CASH,100.0,0.0,100.0,100.0
2024-07-13,CASH,100.0,0.0,100.0,100.0
2024-07-14,CASH,100.0,0.0,100.0,100.0
2024-07-15,CASH,100.0,0.0,100.0,100.0
2024-07-16,CASH,100.0,0.0,100.0,100.0
2024-07-17,CASH,100.0,0.0,100.0,100.0
2024-07-18,CASH,100.0,0.0,100.0,100.0
2024-07-19,CASH,100.0,0.0,100.0,100.0
2024-07-20,CASH,100.0,0.0,100.0,100.0
2024-07-21,CASH,100.0,0.0,100.0,100.0
2024-07-22,CASH,100.0,0.0,100.0,100.0
2024-07-23,CASH,100.0,0.0,100.0,100.0
2024-07-24,CASH,100.0,0.0,100.0,100.0
2024-07-25,CASH,100.0,0.0,100.0,100.0
2024-07-26,CASH,100.0,0.0,100.0,100.0
2024-07-27,CASH,100.0,0.0,100.0,100.0
2024-07-28,CASH,100.0,0.0,100.0,100.0
2024-07-29,CASH,100.0,0.0,100.0,100.0
2024-07-30,CASH,100.0,0.0,100.0,100.0
2024-07-31,CASH,100.0,0.0,100.0,100.0
2024-08-01,CASH,100.0,0.0,100.0,100.0
2024-08-02,CASH,100.0,0.0,100.0,100.0
2024-08-03,CASH,100.0,0.0,100.0,100.0
2024-08-04,CASH,100.0,0.0,100.0,100.0
2024-08-05,CASH,100.0,0.0,100.0,100.0
2024-08-06,CASH,100.0,0.0,100.0,100.0
2024-08-07,CASH,100.0,0.0,100.0,100.0
2024-08-08,CASH,100.0,0.0,100.0,100.0
2024-08-09,CASH,100.0,0.0,100.0,100.0
2024-08-10,CASH,100.0,0.0,100.0,100.0
2024-08-11,CASH,100.0,0.0,100.0,100.0
2024-08-12,CASH,100.0,0.0,100.0,100.0
2024-08-13,CASH,100.0,0.0,100.0,100.0
2024-08-14,CASH,100.0,0.0,100.0,100.0
2024-08-15,CASH,100.0,0.0,100.0,100.0
2024-08-16,CASH,100.0,0.0,100.0,100.0
2024-08-17,CASH,100.0,0.0,100.0,100.0
2024-08-18,CASH,100.0,0.0,100.0,100.0
2024-08-19,CASH,100.0,0.0,100.0,100.0
2024-08-20,CASH,100.0,0.0,100.0,100.0
2024-08-21,CASH,100.0,0.0,100.0,100.0
2024-08-22,CASH,100.0,0.0,100.0,100.0
2024-08-23,CASH,100.0,0.0,100.0,100.0
2024-08-24,CASH,100.0,0.0,100.0,100.0
2024-08-25,CASH,100.0,0.0,100.0,100.0
2024-08-26,CASH,100.0,0.0,100.0,100.0
2024-08-27,CASH,100.0,0.0,100.0,100.0
2024-08-28,CASH,100.0,0.0,100.0,100.0
2024-08-29,CASH,100.0,0.0,100.0,100.0
2024-08-30,CASH,100.0,0.0,100.0,100.0
2024-08-31,CASH,100.0,0.0,100.0,100.0
2024-09-01,CASH,100.0,0.0,100.0,100.0
2024-09-02,CASH,100.0,0.0,100.0,100.0
2024-09-03,CASH,100.0,0.0,100.0,100.0
2024-09-04,CASH,100.0,0.0,100.0,100.0
2024-09-05,CASH,100.0,0.0,100.0,100.0
2024-09-06,CASH,100.0,0.0,100.0,100.0
2024-09-07,CASH,100.0,0.0,100.0,100.0
2024-09-08,CASH,100.0,0.0,100.0,100.0
2024-09-09,CASH,100.0,0.0,100.0,100.0
2024-09-10,CASH,100.0,0.0,100.0,100.0
2024-09-11,CASH,100.0,0.0,100.0,100.0
2024-09-12,CASH,100.0,0.0,100.0,100.0
2024-09-13,CASH,100.0,0.0,100.0,100.0
2024-09-14,CASH,100.0,0.0,100.0,100.0
2024-09-15,CASH,100.0,0.0,100.0,100.0
2024-09-16,CASH,100.0,0.0,100.0,100.0
2024-09-17,CASH,100.0,0.0,100.0,100.0
2024-09-18,CASH,100.0,0.0,100.0,100.0
2024-09-19,CASH,100.0,0.0,100.0,100.0
2024-09-20,CASH,100.0,0.0,100.0,100.0
2024-09-21,CASH,100.0,0.0,100.0,100.0
2024-09-22,CASH,100.0,0.0,100.0,100.0
2024-09-23,CASH,100.0,0.0,100.0,100.0
2024-09-24,CASH,100.0,0.0,100.0,100.0
2024-09-25,CASH,100.0,0.0,100.0,100.0
2024-09-26,CASH,100.0,0.0,100.0,100.0
2024-09-27,CASH,100.0,0.0,100.0,100.0
2024-09-28,CASH,100.0,0.0,100.0,100.0
2024-09-29,CASH,100.0,0.0,100.0,100.0
2024-09-30,CASH,100.0,0.0,100.0,100.0
2024-10-01,CASH,100.0,0.0,100.0,100.0
2024-10-02,CASH,100.0,0.0,100.0,100.0
2024-10-03,CASH,100.0,0.0,100.0,100.0
2024-10-04,CASH,100.0,0.0,100.0,100.0
2024-10-05,CASH,100.0,0.0,100.0,100.0
2024-10-06,CASH,100.0,0.0,100.0,100.0
2024-10-07,CASH,100.0,0.0,100.0,100.0
2024-10-08,CASH,100.0,0.0,100.0,100.0
2024-10-09,CASH,100.0,0.0,100.0,100.0
2024-10-10,CASH,100.0,0.0,100.0,100.0
2024-10-11,CASH,100.0,0.0,100.0,100.0
2024-10-12,CASH,100.0,0.0,100.0,100.0
2024-10-13,CASH,100.0,0.0,100.0,100.0
2024-10-14,CASH,100.0,0.0,100.0,100.0
2024-10-15,CASH,100.0,0.0,100.0,100.0
2024-10-16,CASH,100.0,0.0,100.0,100.0
2024-10-17,CASH,100.0,0.0,100.0,100.0
2024-10-18,CASH,100.0,0.0,100.0,100.0
2024-10-19,CASH,100.0,0.0,100.0,100.0
2024-10-20,CASH,100.0,0.0,100.0,100.0
2024-10-21,CASH,100.0,0.0,100.0,100.0
2024-10-22,CASH,100.0,0.0,100.0,100.0
2024-10-23,CASH,100.0,0.0,100.0,100.0
2024-10-24,CASH,100.0,0.0,100.0,100.0
2024-10-25,CASH,100.0,0.0,100.0,100.0
2024-10-26,CASH,100.0,0.0,100.0,100.0
2024-10-27,CASH,100.0,0.0,100.0,100.0
2024-10-28,CASH,100.0,0.0,100.0,100.0
2024-10-29,CASH,100.0,0.0,100.0,100.0
2024-10-30,CASH,100.0,0.0,100.0,100.0
2024-10-31,CASH,100.0,0.0,100.0,100.0
2024-11-01,CASH,100.0,0.0,100.0,100.0
2024-11-02,CASH,100.0,0.0,100.0,100.0
2024-11-03,CASH,100.0,0.0,100.0,100.0
2024-11-04,CASH,100.0,0.0,100.0,100.0
2024-11-05,CASH,100.0,0.0,100.0,100.0
2024-11-06,CASH,100.0,0.0,100.0,100.0
2024-11-07,CASH,100.0,0.0,100.0,100.0
2024-11-08,CASH,100.0,0.0,100.0,100.0
2024-11-09,CASH,100.0,0.0,100.0,100.0
2024-11-10,CASH,100.0,0.0,100.0,100.0
2024-11-11,CASH,100.0,0.0,100.0,100.0
2024-11-12,CASH,100.0,0.0,100.0,100.0
2024-11-13,CASH,100.0,0.0,100.0,100.0
2024-11-14,CASH,100.0,0.0,100.0,100.0
2024-11-15,CASH,100.0,0.0,100.0,100.0
2024-11-16,CASH,100.0,0.0,100.0,100.0
2024-11-17,CASH,100.0,0.0,100.0,100.0
2024-11-18,CASH,100.0,0.0,100.0,100.0
2024-11-19,CASH,100.0,0.0,100.0,100.0
2024-11-20,CASH,100.0,0.0,100.0,100.0
2024-11-21,CASH,100.0,0.0,100.0,100.0
2024-11-22,CASH,100.0,0.0,100.0,100.0
2024-11-23,CASH,100.0,0.0,100.0,100.0
2024-11-24,CASH,100.0,0.0,100.0,100.0
2024-11-25,CASH,100.0,0.0,100.0,100.0
2024-11-26,CASH,100.0,0.0,100.0,100.0
2024-11-27,CASH,100.0,0.0,100.0,100.0
2024-11-28,CASH,100.0,0.0,100.0,100.0
2024-11-29,CASH,100.0,0.0,100.0,100.0
2024-11-30,CASH,100.0,0.0,100.0,100.0
2024-12-01,CASH,100.0,0.0,100.0,100.0
2024-12-02,CASH,100.0,0.0,100.0,100.0
2024-12-03,CASH,100.0,0.0,100.0,100.0
2024-12-04,CASH,100.0,0.0,100.0,100.0
2024-12-05,CASH,100.0,0.0,100.0,100.0
2024-12-06,CASH,100.0,0.0,100.0,100.0
2024-12-07,CASH,100.0,0.0,100.0,100.0
2024-12-08,CASH,100.0,0.0,100.0,100.0
2024-12-09,CASH,100.0,0.0,100.0,100.0
2024-12-10,CASH,100.0,0.0,100.0,100.0
2024-12-11,CASH,100.0,0.0,100.0,100.0
2024-12-12,CASH,100.0,0.0,100.0,100.0
2024-12-13,CASH,100.0,0.0,100.0,100.0
2024-12-14,CASH,100.0,0.0,100.0,100.0
2024-12-15,CASH,100.0,0.0,100.0,100.0
2024-12-16,CASH,100.0,0.0,100.0,100.0
2024-12-17,CASH,100.0,0.0,100.0,100.0
2024-12-18,CASH,100.0,0.0,100.0,100.0
2024-12-19,CASH,100.0,0.0,100.0,100.0
2024-12-20,CASH,100.0,0.0,100.0,100.0
2024-12-21,CASH,100.0,0.0,100.0,100.0
2024-12-22,CASH,100.0,0.0,100.0,100.0
2024-12-23,CASH,100.0,0.0,100.0,100.0
2024-12-24,CASH,100.0,0.0,100.0,100.0
2024-12-25,CASH,100.0,0.0,100.0,100.0
2024-12-26,CASH,100.0,0.0,100.0,100.0
2024-12-27,CASH,100.0,0.0,100.0,100.0
2024-12-28,CASH,100.0,0.0,100.0,100.0
2024-12-29,CASH,100.0,0.0,100.0,100.0
2024-12-30,CASH,100.0,0.0,100.0,100.0
2024-12-31,CASH,100.0,0.0,100.0,100.0
2025-01-01,CASH,100.0,0.0,100.0,100.0
2025-01-02,CASH,100.0,0.0,100.0,100.0
2025-01-03,CASH,100.0,0.0,100.0,100.0
2025-01-04,CASH,100.0,0.0,100.0,100.0
2025-01-05,CASH,100.0,0.0,100.0,100.0
2025-01-06,CASH,100.0,0.0,100.0,100.0
2025-01-07,CASH,100.0,0.0,100.0,100.0
2025-01-08,CASH,100.0,0.0,100.0,100.0
2025-01-09,CASH,100.0,0.0,100.0,100.0
2025-01-10,CASH,100.0,0.0,100.0,100.0
2025-01-11,CASH,100.0,0.0,100.0,100.0
2025-01-12,CASH,100.0,0.0,100.0,100.0
2025-01-13,CASH,100.0,0.0,100.0,100.0
2025-01-14,CASH,100.0,0.0,100.0,100.0
2025-01-15,CASH,100.0,0.0,100.0,100.0
2025-01-16,CASH,100.0,0.0,100.0,100.0
2025-01-17,CASH,100.0,0.0,100.0,100.0
2025-01-18,CASH,100.0,0.0,100.0,100.0
2025-01-19,CASH,100.0,0.0,100.0,100.0
2025-01-20,CASH,100.0,0.0,100.0,100.0
2025-01-21,CASH,100.0,0.0,100.0,100.0
2025-01-22,CASH,100.0,0.0,100.0,100.0
2025-01-23,CASH,100.0,0.0,100.0,100.0
2025-01-24,CASH,100.0,0.0,100.0,100.0
2025-01-25,CASH,100.0,0.0,100.0,100.0
2025-01-26,CASH,100.0,0.0,100.0,100.0
2025-01-27,CASH,100.0,0.0,100.0,100.0
2025-01-28,CASH,100.0,0.0,100.0,100.0
2025-01-29,CASH,100.0,0.0,100.0,100.0
2025-01-30,CASH,100.0,0.0,100.0,100.0
2025-01-31,CASH,100.0,0.0,100.0,100.0
2025-02-01,CASH,100.0,0.0,100.0,100.0
2025-02-02,CASH,100.0,0.0,100.0,100.0
2025-02-03,CASH,100.0,0.0,100.0,100.0
2025-02-04,CASH,100.0,0.0,100.0,100.0
2025-02-05,CASH,100.0,0.0,100.0,100.0
2025-02-06,CASH,100.0,0.0,100.0,100.0
2025-02-07,CASH,100.0,0.0,100.0,100.0
2025-02-08,CASH,100.0,0.0,100.0,100.0
2025-02-09,CASH,100.0,0.0,100.0,100.0
2025-02-10,CASH,100.0,0.0,100.0,100.0
2025-02-11,CASH,100.0,0.0,100.0,100.0
2025-02-12,CASH,100.0,0.0,100.0,100.0
2025-02-13,CASH,100.0,0.0,100.0,100.0
2025-02-14,CASH,100.0,0.0,100.0,100.0
2025-02-15,CASH,100.0,0.0,100.0,100.0
2025-02-16,CASH,100.0,0.0,100.0,100.0
2025-02-17,CASH,100.0,0.0,100.0,100.0
2025-02-18,CASH,100.0,0.0,100.0,100.0
2025-02-19,CASH,100.0,0.0,100.0,100.0
2025-02-20,CASH,100.0,0.0,100.0,100.0
2025-02-21,CASH,100.0,0.0,100.0,100.0
2025-02-22,CASH,100.0,0.0,100.0,100.0
2025-02-23,CASH,100.0,0.0,100.0,100.0
2025-02-24,CASH,100.0,0.0,100.0,100.0
2025-02-25,CASH,100.0,0.0,100.0,100.0
2025-02-26,CASH,100.0,0.0,100.0,100.0
2025-02-27,CASH,100.0,0.0,100.0,100.0
2025-02-28,CASH,100.0,0.0,100.0,100.0
2025-03-01,CASH,100.0,0.0,100.0,100.0
2025-03-02,CASH,100.0,0.0,100.0,100.0
2025-03-03,CASH,100.0,0.0,100.0,100.0
2025-03-04,CASH,100.0,0.0,100.0,100.0
2025-03-05,CASH,100.0,0.0,100.0,100.0
2025-03-06,CASH,100.0,0.0,100.0,100.0
2025-03-07,CASH,100.0,0.0,100.0,100.0
2025-03-08,CASH,100.0,0.0,100.0,100.0
2025-03-09,CASH,100.0,0.0,100.0,100.0
2025-03-10,CASH,100.0,0.0,100.0,100.0
2025-03-11,CASH,100.0,0.0,100.0,100.0
2025-03-12,CASH,100.0,0.0,100.0,100.0
2025-03-13,CASH,100.0,0.0,100.0,100.0
2025-03-14,CASH,100.0,0.0,100.0,100.0
2025-03-15,CASH,100.0,0.0,100.0,100.0
2025-03-16,CASH,100.0,0.0,100.0,100.0
2025-03-17,CASH,100.0,0.0,100.0,100.0
2025-03-18,CASH,100.0,0.0,100.0,100.0
2025-03-19,CASH,100.0,0.0,100.0,100.0
2025-03-20,CASH,100.0,0.0,100.0,100.0
2025-03-21,CASH,100.0,0.0,100.0,100.0
2025-03-22,CASH,100.0,0.0,100.0,100.0
2025-03-23,CASH,100.0,0.0,100.0,100.0
2025-03-24,CASH,100.0,0.0,100.0,100.0
2025-03-25,CASH,100.0,0.0,100.0,100.0
2025-03-26,CASH,100.0,0.0,100.0,100.0
2025-03-27,CASH,100.0,0.0,100.0,100.0
2025-03-28,CASH,100.0,0.0,100.0,100.0
2025-03-29,CASH,100.0,0.0,100.0,100.0
2025-03-30,CASH,100.0,0.0,100.0,100.0
2025-03-31,CASH,100.0,0.0,100.0,100.0
2025-04-01,CASH,100.0,0.0,100.0,100.0
2025-04-02,CASH,100.0,0.0,100.0,100.0
2025-04-03,CASH,100.0,0.0,100.0,100.0
2025-04-04,CASH,100.0,0.0,100.0,100.0
2025-04-05,CASH,100.0,0.0,100.0,100.0
2025-04-06,CASH,100.0,0.0,100.0,100.0
2025-04-07,CASH,100.0,0.0,100.0,100.0
2025-04-08,CASH,100.0,0.0,100.0,100.0
2025-04-09,CASH,100.0,0.0,100.0,100.0
2025-04-10,CASH,100.0,0.0,100.0,100.0
2025-04-11,CASH,100.0,0.0,100.0,100.0
2025-04-12,CASH,100.0,0.0,100.0,100.0
2025-04-13,CASH,100.0,0.0,100.0,100.0
2025-04-14,CASH,100.0,0.0,100.0,100.0
2025-04-15,CASH,100.0,0.0,100.0,100.0
2025-04-16,CASH,100.0,0.0,100.0,100.0
2025-04-17,CASH,100.0,0.0,100.0,100.0
2025-04-18,CASH,100.0,0.0,100.0,100.0
2025-04-19,CASH,100.0,0.0,100.0,100.0
2025-04-20,CASH,100.0,0.0,100.0,100.0
2025-04-21,CASH,100.0,0.0,100.0,100.0
2025-04-22,CASH,100.0,0.0,100.0,100.0
2025-04-23,CASH,100.0,0.0,100.0,100.0
2025-04-24,CASH,100.0,0.0,100.0,100.0
2025-04-25,CASH,100.0,0.0,100.0,100.0
2025-04-26,CASH,100.0,0.0,100.0,100.0
2025-04-27,CASH,100.0,0.0,100.0,100.0
2025-04-28,CASH,100.0,0.0,100.0,100.0
2025-04-29,CASH,100.0,0.0,100.0,100.0
2025-04-30,CASH,100.0,0.0,100.0,100.0
2025-05-01,CASH,100.0,0.0,100.0,100.0
2025-05-02,CASH,100.0,0.0,100.0,100.0
2025-05-03,CASH,100.0,0.0,100.0,100.0
2025-05-04,CASH,100.0,0.0,100.0,100.0
2025-05-05,CASH,100.0,0.0,100.0,100.0
2025-05-06,CASH,100.0,0.0,100.0,100.0
2025-05-07,CASH,100.0,0.0,100.0,100.0
2025-05-08,CASH,100.0,0.0,100.0,100.0
2025-05-09,CASH,100.0,0.0,100.0,100.0
2025-05-10,CASH,100.0,0.0,100.0,100.0
2025-05-11,CASH,100.0,0.0,100.0,100.0
2025-05-12,CASH,100.0,0.0,100.0,100.0
2025-05-13,CASH,100.0,0.0,100.0,100.0
2025-05-14,CASH,100.0,0.0,100.0,100.0
2025-05-15,CASH,100.0,0.0,100.0,100.0
2025-05-16,CASH,100.0,0.0,100.0,100.0
2025-05-17,CASH,100.0,0.0,100.0,100.0
2025-05-18,CASH,100.0,0.0,100.0,100.0
2025-05-19,CASH,100.0,0.0,100.0,100.0
2025-05-20,CASH,100.0,0.0,100.0,100.0
2025-05-21,CASH,100.0,0.0,100.0,100.0
2025-05-22,CASH,100.0,0.0,100.0,100.0
2025-05-23,CASH,100.0,0.0,100.0,100.0
2025-05-24,CASH,100.0,0.0,100.0,100.0
2025-05-25,CASH,100.0,0.0,100.0,100.0
2025-05-26,CASH,100.0,0.0,100.0,100.0
2025-05-27,CASH,100.0,0.0,100.0,100.0
2025-05-28,CASH,100.0,0.0,100.0,100.0
2025-05-29,CASH,100.0,0.0,100.0,100.0
2025-05-30,CASH,100.0,0.0,100.0,100.0
2025-05-31,CASH,100.0,0.0,100.0,100.0
2025-06-01,CASH,100.0,0.0,100.0,100.0
2025-06-02,CASH,100.0,0.0,100.0,100.0
2025-06-03,CASH,100.0,0.0,100.0,100.0
2025-06-04,CASH,100.0,0.0,100.0,100.0
2025-06-05,CASH,100.0,0.0,100.0,100.0
2025-06-06,CASH,100.0,0.0,100.0,100.0
2025-06-07,CASH,100.0,0.0,100.0,100.0
2025-06-08,CASH,100.0,0.0,100.0,100.0
2025-06-09,CASH,100.0,0.0,100.0,100.0
2025-06-10,CASH,100.0,0.0,100.0,100.0
2025-06-11,CASH,100.0,0.0,100.0,100.0
2025-06-12,CASH,100.0,0.0,100.0,100.0
2025-06-13,CASH,100.0,0.0,100.0,100.0
2025-06-14,CASH,100.0,0.0,100.0,100.0
2025-06-15,CASH,100.0,0.0,100.0,100.0
2025-06-16,CASH,100.0,0.0,100.0,100.0
2025-06-17,CASH,100.0,0.0,100.0,100.0
2025-06-18,CASH,100.0,0.0,100.0,100.0
2025-06-19,CASH,100.0,0.0,100.0,100.0
2025-06-20,CASH,100.0,0.0,100.0,100.0
2025-06-21,CASH,100.0,0.0,100.0,100.0
2025-06-22,CASH,100.0,0.0,100.0,100.0
2025-06-23,CASH,100.0,0.0,100.0,100.0
2025-06-24,CASH,100.0,0.0,100.0,100.0
2025-06-25,CASH,100.0,0.0,100.0,100.0
2025-06-26,CASH,100.0,0.0,100.0,100.0
2025-06-27,CASH,100.0,0.0,100.0,100.0
2025-06-28,CASH,100.0,0.0,100.0,100.0
2025-06-29,CASH,100.0,0.0,100.0,100.0
2025-06-30,CASH,100.0,0.0,100.0,100.0
2025-07-01,CASH,100.0,0.0,100.0,100.0
2025-07-02,CASH,100.0,0.0,100.0,100.0
2025-07-03,CASH,100.0,0.0,100.0,100.0
2025-07-04,CASH,100.0,0.0,100.0,100.0
2025-07-05,CASH,100.0,0.0,100.0,100.0
2025-07-06,CASH,100.0,0.0,100.0,100.0
2025-07-07,CASH,100.0,0.0,100.0,100.0
2025-07-08,CASH,100.0,0.0,100.0,100.0
2025-07-09,CASH,100.0,0.0,100.0,100.0
2025-07-10,CASH,100.0,0.0,100.0,100.0
2025-07-11,CASH,100.0,0.0,100.0,100.0
2025-07-12,CASH,100.0,0.0,100.0,100.0
2025-07-13,CASH,100.0,0.0,100.0,100.0
2025-07-14,CASH,100.0,0.0,100.0,100.0
2025-07-15,CASH,100.0,0.0,100.0,100.0
2025-07-16,CASH,100.0,0.0,100.0,100.0
2025-07-17,CASH,100.0,0.0,100.0,100.0
2025-07-18,CASH,100.0,0.0,100.0,100.0
2025-07-19,CASH,100.0,0.0,100.0,100.0
2025-07-20,CASH,100.0,0.0,100.0,100.0
2025-07-21,CASH,100.0,0.0,100.0,100.0
2025-07-22,CASH,100.0,0.0,100.0,100.0
2025-07-23,CASH,100.0,0.0,100.0,100.0
2025-07-24,CASH,100.0,0.0,100.0,100.0
2025-07-25,CASH,100.0,0.0,100.0,100.0
2025-07-26,CASH,100.0,0.0,100.0,100.0
2025-07-27,CASH,100.0,0.0,100.0,100.0
2025-07-28,CASH,100.0,0.0,100.0,100.0
2025-07-29,CASH,100.0,0.0,100.0,100.0
2025-07-30,CASH,100.0,0.0,100.0,100.0
2025-07-31,CASH,100.0,0.0,100.0,100.0
2025-08-01,CASH,100.0,0.0,100.0,100.0
2025-08-02,CASH,100.0,0.0,100.0,100.0
2025-08-03,CASH,100.0,0.0,100.0,100.0
2025-08-04,CASH,100.0,0.0,100.0,100.0
2025-08-05,CASH,100.0,0.0,100.0,100.0
2025-08-06,CASH,100.0,0.0,100.0,100.0
2025-08-07,CASH,100.0,0.0,100.0,100.0
2025-08-08,CASH,100.0,0.0,100.0,100.0
2025-08-09,CASH,100.0,0.0,100.0,100.0
2025-08-10,CASH,100.0,0.0,100.0,100.0
2025-08-11,CASH,100.0,0.0,100.0,100.0
2025-08-12,CASH,100.0,0.0,100.0,100.0
2025-08-13,CASH,100.0,0.0,100.0,100.0
2025-08-14,CASH,100.0,0.0,100.0,100.0
2025-08-15,CASH,100.0,0.0,100.0,100.0
2025-08-16,CASH,100.0,0.0,100.0,100.0
2025-08-17,CASH,100.0,0.0,100.0,100.0
2025-08-18,CASH,100.0,0.0,100.0,100.0
2025-08-19,CASH,100.0,0.0,100.0,100.0
2025-08-20,CASH,100.0,0.0,100.0,100.0
2025-08-21,CASH,100.0,0.0,100.0,100.0
2025-08-22,CASH,100.0,0.0,100.0,100.0
2025-08-23,CASH,100.0,0.0,100.0,100.0
2025-08-24,CASH,100.0,0.0,100.0,100.0
2025-08-25,CASH,100.0,0.0,100.0,100.0
2025-08-26,CASH,100.0,0.0,100.0,100.0
2025-08-27,CASH,100.0,0.0,100.0,100.0
2025-08-28,CASH,100.0,0.0,100.0,100.0
2025-08-29,CASH,100.0,0.0,100.0,100.0
2025-08-30,CASH,100.0,0.0,100.0,100.0
2025-08-31,CASH,100.0,0.0,100.0,100.0
2025-09-01,CASH,100.0,0.0,100.0,100.0
2025-09-02,CASH,100.0,0.0,100.0,100.0
2025-09-03,CASH,100.0,0.0,100.0,100.0
2025-09-04,CASH,100.0,0.0,100.0,100.0
2025-09-05,CASH,100.0,0.0,100.0,100.0
2025-09-06,CASH,100.0,0.0,100.0,100.0
2025-09-07,CASH,100.0,0.0,100.0,100.0
2025-09-08,CASH,100.0,0.0,100.0,100.0
2025-09-09,CASH,100.0,0.0,100.0,100.0
2025-09-10,CASH,100.0,0.0,100.0,100.0
2025-09-11,CASH,100.0,0.0,100.0,100.0
2025-09-12,CASH,100.0,0.0,100.0,100.0
2025-09-13,CASH,100.0,0.0,100.0,100.0
2025-09-14,CASH,100.0,0.0,100.0,100.0
2025-09-15,CASH,100.0,0.0,100.0,100.0
2025-09-16,CASH,100.0,0.0,100.0,100.0
2025-09-17,CASH,100.0,0.0,100.0,100.0
2025-09-18,CASH,100.0,0.0,100.0,100.0
2025-09-19,CASH,100.0,0.0,100.0,100.0
2025-09-20,CASH,100.0,0.0,100.0,100.0
2025-09-21,CASH,100.0,0.0,100.0,100.0
2025-09-22,CASH,100.0,0.0,100.0,100.0
2025-09-23,CASH,100.0,0.0,100.0,100.0
2025-09-24,CASH,100.0,0.0,100.0,100.0
2025-09-25,CASH,100.0,0.0,100.0,100.0
2025-09-26,CASH,100.0,0.0,100.0,100.0
2023-01-05,STOCK,105.61005144862987,0.03196071257883015,102.95679489948884,101.99396255591947
2023-01-06,STOCK,105.22179792191011,-0.0036762933205142234,104.39035550482987,103.03832214030149
2023-01-07,STOCK,104.83500615218074,-0.0036759661721084136,105.22228517424024,103.78543775451146
2023-01-08,STOCK,108.30723972710872,0.03312093643498826,106.1213479337332,105.26266247875583
2023-01-09,STOCK,110.09247508138688,0.01648306575604952,107.7449069868921,106.81331406624327
2023-01-10,STOCK,109.17271914895089,-0.008354394174134527,109.19081131914884,107.52584760630745
2023-01-11,STOCK,110.47424405652337,0.011921704595419413,109.91314609562039,108.57633683323013
2023-01-12,STOCK,109.56456985130876,-0.0082342650360131,109.73717768559435,109.52224957305573
2023-01-13,STOCK,108.65736157999113,-0.008280124428442615,109.56539182927442,109.5922739436322
2023-01-14,STOCK,109.2936946265188,0.005856327056673605,109.17187535260622,109.43251785265859
2023-01-15,STOCK,105.29575447366264,-0.03657978775919346,107.74893689339086,108.65712491760094
2023-01-16,STOCK,101.82694383271553,-0.03294349955785503,105.47213097763233,106.92766487283936
2023-01-17,STOCK,100.78897681902795,-0.010193441682711968,102.63722504180204,105.17254626638321
2023-01-18,STOCK,98.86668933292651,-0.019072398061476648,100.49420332822332,103.21441181697028
2023-01-19,STOCK,99.58955772228421,0.007311546429187077,99.74840795807955,101.27358443612336
2023-01-20,STOCK,97.89513311074423,-0.01701407908914576,98.78379338865165,99.79346016353969
2023-01-21,STOCK,95.26388345199729,-0.02687824792852911,97.58285809500858,98.48084808739604
2023-01-22,STOCK,98.19582869296039,0.030777091324861727,97.11828175190062,97.96221846218252
2023-01-23,STOCK,97.85122479004612,-0.0035093537831609734,97.10364564500128,97.75912555360644
2023-01-24,STOCK,98.08150089891862,0.002353328835347668,98.04285146064171,97.45751418893333
2023-01-25,STOCK,95.421489619124,-0.02712041776905505,97.11807176936293,96.96278549060928
2023-01-26,STOCK,94.48264403806004,-0.009838932349634955,95.9952115187009,96.80653760782184
2023-01-27,STOCK,94.78722174470582,0.003223636570999,94.89711846729661,96.12481621817092
2023-01-28,STOCK,92.72283151484643,-0.021779203903871003,93.99756576587076,95.099137563131
2023-01-29,STOCK,93.51564020931784,0.008550307206100172,93.67523115629002,94.18596542521081
2023-01-30,STOCK,92.49142370094117,-0.010952355200522068,92.90996514170182,93.59995224157426
2023-01-31,STOCK,92.04541057490455,-0.00482221062440058,92.68415816172119,93.11250554894318
2023-02-01,STOCK,91.0353521492735,-0.01097347949585259,91.85739547503975,92.36213162985669
2023-02-02,STOCK,94.56557223181788,0.03877856238481692,92.54877831866531,92.730679773251
2023-02-03,STOCK,94.63463555539435,0.0007303220606245109,93.41185331216191,92.95447884246629
2023-02-04,STOCK,92.74643989311912,-0.019952479884280616,93.98221589344378,93.00548208090188
2023-02-05,STOCK,94.3791533012818,0.01760405477605631,93.92007624993175,93.47223062617732
2023-02-06,STOCK,92.19476425166593,-0.023144825665502244,93.10678581535562,93.70411304665582
2023-02-07,STOCK,92.67331934995563,0.005190697130949662,93.0824123009678,93.32566247028338
2023-02-08,STOCK,89.20055053770885,-0.037473232173035886,91.35621137977681,92.23884546674626
2023-02-09,STOCK,86.94915221868393,-0.02523973569056792,89.60767403544946,91.07938793185923
2023-02-10,STOCK,87.37950121283033,0.004949432894573169,87.84306798974103,89.67945751416894
2023-02-11,STOCK,88.76833928626105,0.015894323658908638,87.69899757259178,88.99417252108796
2023-02-12,STOCK,89.162220464703,0.004437180886889713,88.43668698793147,88.29195274403743
2023-02-13,STOCK,89.04523035096103,-0.001312104085477328,88.99193003397504,88.26088870668788
2023-02-14,STOCK,88.59915966017313,-0.005009484382597185,88.93553682527904,88.59089019498572
2023-02-15,STOCK,86.10366119421742,-0.028166164053105347,87.91601706845053,88.33572219126313
2023-02-16,STOCK,84.95783282115012,-0.013307545314278135,86.55355122518021,87.57362089824093
2023-02-17,STOCK,84.26295058177018,-0.00817914271474851,85.10814819904591,86.59376692165438
2023-02-18,STOCK,86.1495481508013,0.02238940787149768,85.12344385124054,86.01463048162243
2023-02-19,STOCK,86.83042544778071,0.00790343433708518,85.74764139345073,85.66088363914396
2023-02-20,STOCK,83.90592919250997,-0.0336805473448879,85.62863426369734,85.22133723880245
2023-02-21,STOCK,84.53604066022953,0.0075097370803660635,85.09079843350673,85.13697880661834
2023-02-22,STOCK,83.97140418461922,-0.0066792396615749094,84.13779134578624,85.07866952718814
2023-02-23,STOCK,82.92510694614325,-0.012460161273182835,83.81085059699733,84.43378128625653
2023-02-24,STOCK,84.02979180266392,0.013321476416522815,83.6421009778088,83.87365455723318
2023-02-25,STOCK,85.86629616740088,0.02185539587019103,84.27373163873601,84.26572795221135
2023-02-26,STOCK,87.56811897985203,0.019819450569212416,85.82140231663895,84.87214361613586
2023-02-27,STOCK,86.19676454202906,-0.01566043046029686,86.54372656309398,85.31721568761783
2023-02-28,STOCK,85.7510555107009,-0.005170832498136768,86.50531301086066,85.88240540052935
2023-03-01,STOCK,86.40742967839722,0.007654415024832106,86.1184165770424,86.35793297567602
2023-03-02,STOCK,88.19802463236577,0.02072269665505644,86.78550327382129,86.824278668669
2023-03-03,STOCK,87.44421800432436,-0.008546751825604937,87.3498907716958,86.79949847356346
2023-03-04,STOCK,87.20728770429584,-0.0027095021882042047,87.61651011366199,87.00160310601682
2023-03-05,STOCK,85.38421114819356,-0.020905094105024835,86.67857228560457,86.92823423351535
2023-03-06,STOCK,83.44911709897593,-0.022663370934692617,85.34687198382177,86.33657171763109
2023-03-07,STOCK,84.90114557889491,0.01740016587828941,84.57815794202146,85.67719590693692
2023-03-08,STOCK,87.32286897971055,0.02852403679954163,85.2243772191938,85.65292610201416
2023-03-09,STOCK,87.28443769984283,-0.0004401055567316847,86.50281741948277,85.66835610112355
2023-03-10,STOCK,89.1430909901062,0.021294211651508688,87.91679922321987,86.42013206950608
2023-03-11,STOCK,89.88001040639199,0.008266702535225878,88.76917969878032,87.7063107309893
2023-03-12,STOCK,88.816564343823,-0.01183184178284602,89.27988858010707,88.4893944839749
2023-03-13,STOCK,89.55035386732264,0.008261854406561131,89.41564287251254,88.93489146149733
2023-03-14,STOCK,92.4401872872607,0.03227048576736635,90.26903516613545,89.9660413789809
2023-03-15,STOCK,92.46639587386557,0.0002835194018313558,91.48564567614964,90.63070235573278
2023-03-16,STOCK,95.50113801274816,0.03281994621075435,93.46924039129146,91.75492787700401
2023-03-17,STOCK,90.7168631125189,-0.050096522405739585,92.89479899971087,92.1349876307432
2023-03-18,STOCK,92.3126616848993,0.017590980525870714,92.84355427005545,92.68744919425852
2023-03-19,STOCK,92.56603235625366,0.002744701178904574,91.86518571789061,92.71261820805712
2023-03-20,STOCK,92.10618590892537,-0.004967766637750004,92.32829331669278,92.64057621506907
2023-03-21,STOCK,92.3676973431499,0.002839238555411683,92.34663853610964,92.01388808114942
2023-03-22,STOCK,88.85678740222735,-0.038010149022978945,91.1102235514342,91.64187293909112
2023-03-23,STOCK,88.55576845830126,-0.0033876865541343504,89.92675106789284,90.89049429377151
2023-03-24,STOCK,89.27975523206172,0.00817548970964399,88.89743703086344,90.23323886893311
2023-03-25,STOCK,92.05006722125069,0.031029565235569878,89.96186363720456,90.2220151313982
2023-03-26,STOCK,91.19200543939805,-0.009321685553908554,90.84060929757015,89.98687675064782
2023-03-27,STOCK,89.81907430770421,-0.015055389176699463,91.02038232278431,90.17933413174319
2023-03-28,STOCK,89.01120143676849,-0.00899444663800586,90.00742706129024,90.27042072743663
2023-03-29,STOCK,90.7465324962018,0.019495648091729656,89.85893608022484,90.56377618026465
2023-03-30,STOCK,91.43654964192807,0.007603785254881812,90.39809452496611,90.44107266440012
2023-03-31,STOCK,90.56339304517046,-0.0095493169873202,90.91549172776678,90.31535018555459
2023-04-01,STOCK,91.5893894971608,0.011329041652388128,91.19644406141977,90.66941322344591
2023-04-02,STOCK,91.85920099381815,0.00294588159325726,91.33732784538313,91.23901313485585
2023-04-03,STOCK,93.74983272520572,0.020581843853777926,92.39947440539488,91.83967318065663
2023-04-04,STOCK,92.53517279791029,-0.012956395675454369,92.71473550564473,92.05939781185307
2023-04-05,STOCK,92.02272668940014,-0.00553785218113001,92.76924407083872,92.35126454069902
2023-04-06,STOCK,91.39524131453497,-0.0068188087599609926,91.9843802672818,92.31243490417384
2023-04-07,STOCK,88.8476507614474,-0.02787443324669492,90.75520625512752,91.7101248576997
2023-04-08,STOCK,89.46482392832363,0.006946420772939943,89.90257200143533,90.8531230983233
2023-04-09,STOCK,90.02312886779126,0.006240496710918864,89.4452011858541,90.35071431229947
2023-04-10,STOCK,90.12241329301085,0.001102876854740309,89.87012202970857,89.97065163302162
2023-04-11,STOCK,89.79031791706947,-0.0036849365635788223,89.97862002595718,89.64966695352852
2023-04-12,STOCK,87.37155188399397,-0.026937938178473453,89.09476103135809,89.35444717803783
2023-04-13,STOCK,86.72626940725843,-0.007385498629946641,87.96271306944062,88.8067362738248
2023-04-14,STOCK,86.22003192331132,-0.005837187364417296,86.77261773818792,88.04611688492881
2023-04-15,STOCK,84.93251450849452,-0.014932926677201808,85.95960527968809,87.00813712802554
2023-04-16,STOCK,84.74368921560257,-0.002223239167999269,85.29874521580281,85.99881138773216
2023-04-17,STOCK,85.51675289929898,0.00912237466709298,85.06431887446536,85.62785159079317
2023-04-18,STOCK,88.89323253137748,0.03948325348665316,86.38455821542634,86.06124421561698
2023-04-19,STOCK,89.29339949960163,0.004501658414580723,87.9011283100927,86.67591773087504
2023-04-20,STOCK,89.84433656976202,0.006169964109865145,89.34365620024705,87.65828214312855
2023-04-21,STOCK,89.80042076458054,-0.0004887988142400213,89.64605227798138,88.66962845292412
2023-04-22,STOCK,86.50603986815814,-0.036685584191847975,88.71693240083357,88.86748584669596
2023-04-23,STOCK,86.54668324549985,0.0004698328279002517,87.61771462607952,88.39817598952044
2023-04-24,STOCK,86.73769490196263,0.0022070361254740156,86.59680600520687,87.88703506999263
2023-04-25,STOCK,91.20898441085872,0.051549554250316154,88.16445418610705,88.15996463821197
2023-04-26,STOCK,90.94966177989596,-0.0028431698109323555,89.63211369757244,88.38981284127507
2023-04-27,STOCK,91.59137730792098,0.0070557219836397955,91.25000783289188,89.40688032922762
2023-04-28,STOCK,91.6193869912736,0.0003058113566569709,91.38680869303018,90.42142107838238
2023-04-29,STOCK,89.59229624802141,-0.022125128859956877,90.93435351573866,90.99234134759413
2023-04-30,STOCK,91.75534975580247,0.024143298010724124,90.98901099836583,91.10161441658288
2023-05-01,STOCK,93.23884753146046,0.01616797036473816,91.52883117842812,91.55945156689577
2023-05-02,STOCK,94.82044900416334,0.016962902422932746,93.27154876380875,92.20526590614426
2023-05-03,STOCK,93.20462488581275,-0.017040882376328392,93.75464047381219,92.52231348505208
2023-05-04,STOCK,95.95249544859207,0.029482126730790537,94.65918977952272,93.79435332516621
2023-05-05,STOCK,93.39298250769849,-0.02667479286419272,94.18336761403445,94.12187987554543
2023-05-06,STOCK,94.59015023859776,0.012818604768303432,94.64520939829612,94.39214041697288
2023-05-07,STOCK,98.92504706677335,0.04582820533893939,95.63605993768986,95.21306002949488
2023-05-08,STOCK,97.08158782363755,-0.01863490893152142,96.86559504300288,95.98845261705983
2023-05-09,STOCK,96.08428566590128,-0.010272824951606863,97.3636401854374,96.01481066052169
2023-05-10,STOCK,96.37229935758269,0.00299751088000888,96.51272428237384,96.61067403049853
2023-05-11,STOCK,95.50220117543812,-0.009028509104220261,95.98626206630736,96.7930842178666
2023-05-12,STOCK,92.67845485127447,-0.029567342840364552,94.85098512809843,95.54376577476683
2023-05-13,STOCK,92.89848028302565,0.0023740731554520167,93.69304543657942,94.70714426664445
2023-05-14,STOCK,91.03656261306148,-0.02004249869633634,92.20449924912053,93.69759965607648
2023-05-15,STOCK,91.99489270127586,0.010526870311301506,91.97664519912098,92.82211832481512
2023-05-16,STOCK,90.40906841632226,-0.01723817745081857,91.1468412435532,91.80349177299193
2023-05-17,STOCK,93.34882331381193,0.032516150746653816,91.91759481047002,91.93756546549943
2023-05-18,STOCK,91.98984577626263,-0.014558057502029986,91.91591250213226,91.75583856414684
2023-05-19,STOCK,91.49066714247132,-0.00542645364364891,92.27644541084862,91.8466594700288
2023-05-20,STOCK,93.08446557819731,0.017420338986533945,92.18832616564374,92.0645740454131
2023-05-21,STOCK,90.91182008381008,-0.023340580846565206,91.82898426815957,92.16512437891066
2023-05-22,STOCK,91.417710181066,0.005564624014672059,91.80466528102447,91.77890175236148
2023-05-23,STOCK,93.93302989499506,0.027514577962487907,92.08752005329039,92.16753857610794
2023-05-24,STOCK,91.05214967653805,-0.030669512328916237,92.1342965841997,92.07983508292129
2023-05-25,STOCK,91.48043213036871,0.004703705023463289,92.15520390063394,91.75902839335558
2023-05-26,STOCK,92.04915692878126,0.006216901092050531,91.52724624522934,91.98649576234982
2023-05-27,STOCK,93.5933380464158,0.01677561391278437,92.37430903518857,92.42162133541976
2023-05-28,STOCK,91.39768884815301,-0.023459460300196744,92.34672794111668,91.91455312605137
2023-05-29,STOCK,89.10460884135108,-0.02508903710477428,91.36521191197329,91.52504495901397
2023-05-30,STOCK,90.12971325163566,0.011504504914103375,90.21067031371325,91.25490118326736
2023-05-31,STOCK,90.75736115676874,0.006963828935977245,89.99722774991851,90.99654202886487
2023-06-01,STOCK,91.30444221246486,0.0060279524296782405,90.73050554028976,90.53876286207466
2023-06-02,STOCK,92.03126955124755,0.007960481671760888,91.36435764016039,90.66547900269357
2023-06-03,STOCK,90.87890547721861,-0.01252144058913851,91.40487241364367,91.02033832986709
2023-06-04,STOCK,91.39337435974986,0.005661037397289181,91.43451646273867,91.27307055148992
2023-06-05,STOCK,92.02262168508804,0.006885043141763081,91.4316338406855,91.52612265715379
2023-06-06,STOCK,90.80800171548991,-0.013199145463978379,91.4079992534426,91.42683455775878
2023-06-07,STOCK,94.35487092115284,0.03905899412670277,92.39516477391027,91.89155483173985
2023-06-08,STOCK,95.34859101765706,0.010531730760721558,93.50382121809993,92.78549193982754
2023-06-09,STOCK,93.19680919883838,-0.022567526125479964,94.30009037921609,93.14617890764525
2023-06-10,STOCK,94.52312912651536,0.014231387738256496,94.35617644767025,93.6462803959307
2023-06-11,STOCK,92.79111798190517,-0.01832367549207936,93.50368543575297,94.04290364921376
2023-06-12,STOCK,94.35767512515685,0.016882619558018064,93.8906407445258,94.04346449001457
2023-06-13,STOCK,96.66626967219739,0.024466420394296584,94.6050209264198,94.30700022092262
2023-06-14,STOCK,95.1877142142103,-0.015295464105535284,95.40388633718817,94.70518122399702
2023-06-15,STOCK,97.13661635847365,0.020474303436655017,96.3302000816271,95.22787867038866
2023-06-16,STOCK,98.03984936766655,0.00929858423171348,96.78805998011683,96.27762494754094
2023-06-17,STOCK,99.76478101772317,0.017594189109652936,98.31374891462112,97.35904612605421
2023-06-18,STOCK,103.72582138651394,0.03970379454937212,100.51015059063455,98.77095646891752
2023-06-19,STOCK,103.3212764775624,-0.003900136952823763,102.27062629393318,100.39766892158795
2023-06-20,STOCK,101.87724411763583,-0.013976137434192237,102.97478066057073,101.34579447342038
2023-06-21,STOCK,100.1809760529851,-0.01665011729893351,101.79316554939446,101.77401981048409
2023-06-22,STOCK,98.65827438949299,-0.015199509163164593,100.23883152003798,101.55271848483805
2023-06-23,STOCK,98.60481272215162,-0.000541887314289613,99.14802105487657,100.5285167519656
2023-06-24,STOCK,99.37922725483674,0.007853719421051508,98.88077145549379,99.74010690742045
2023-06-25,STOCK,100.03067875313958,0.006555207927229523,99.33823957670931,99.37079383452121
2023-06-26,STOCK,101.80106761621094,0.017698458964178432,100.40365787472909,99.69481214716637
2023-06-27,STOCK,101.92942166180595,0.0012608320187652566,101.25372267705215,100.34904160162895
2023-06-28,STOCK,105.04105889642416,0.030527370644193308,102.92384939148035,101.63629083648348
2023-06-29,STOCK,104.59106989845,-0.004283934327222183,103.8538501522267,102.67865936520612
2023-06-30,STOCK,110.54929803126582,0.05696689151952272,106.72714227538,104.78238322083136
2023-07-01,STOCK,112.05332840578731,0.013605064901417219,109.06456544516772,106.83283537874665
2023-07-02,STOCK,110.2589569633842,-0.016013548797988664,110.95386113347911,108.49874243906228
2023-07-03,STOCK,108.03053334922191,-0.020210817112140123,110.11427290613113,109.09663732962186
2023-07-04,STOCK,109.18714664521245,0.010706355510174514,109.15887898593952,110.01585267897433
2023-07-05,STOCK,108.80900482823128,-0.0034632447920805998,108.67556160755521,109.66779403836742
2023-07-06,STOCK,110.48437473479832,0.015397346103953602,109.49350873608068,109.35400330416965
2023-07-07,STOCK,111.64663715817328,0.010519699515563197,110.31333890706763,109.63153934312746
2023-07-08,STOCK,111.59567336697565,-0.00045647403714832446,111.24222841998242,110.34456734667819
2023-07-09,STOCK,109.83139374285841,-0.01580957012836426,111.02456808933577,110.47341676620738
2023-07-10,STOCK,106.66034729139234,-0.028871949480038905,109.36247146707547,110.0436852588396
2023-07-11,STOCK,105.81784390879217,-0.007898937177641896,107.43652831434764,109.11037909363836
2023-07-12,STOCK,107.75359988944527,0.018293285037272122,106.74393036320993,108.33177163989276
2023-07-13,STOCK,108.32424663790769,0.0052958485753413775,107.29856347871505,107.67748629407917
2023-07-14,STOCK,105.76442734138324,-0.023631083307517398,107.2807579562454,106.86409301378414
2023-07-15,STOCK,106.23757458653144,0.004473595300818811,106.77541618860745,106.77953847281196
2023-07-16,STOCK,107.16655397915316,0.008744358069517677,106.38951863568929,107.04928048688416
2023-07-17,STOCK,105.39414188970031,-0.016538854928540903,106.26609015179497,106.57738888693518
2023-07-18,STOCK,105.82444658754135,0.004082814188016037,106.12838081879828,106.0774288768619
2023-07-19,STOCK,106.05371714369657,0.0021665178845566846,105.75743520697942,106.13528683732457
2023-07-20,STOCK,103.76060028358897,-0.02162222053000329,105.21292133827562,105.6398919767361
2023-07-21,STOCK,104.61030579127802,0.008189095912771505,104.8082077395212,105.12864233916105
2023-07-22,STOCK,105.89602992860836,0.012290606815504868,104.75564533449177,105.22901994694266
2023-07-23,STOCK,108.3231390219082,0.02291973641444467,106.27649158059819,105.72875843381603
2023-07-24,STOCK,110.74107612599187,0.022321519907160692,108.32008169216948,106.66623023027509
2023-07-25,STOCK,107.83922295252896,-0.02620394595191966,108.967812700143,107.48195476406309
2023-07-26,STOCK,105.94127601943754,-0.017599783094940258,108.17385836598612,107.74814880969498
2023-07-27,STOCK,107.14527738268895,0.011364799523752245,106.97525878488516,107.99799830051111
2023-07-28,STOCK,108.36025442159949,0.011339529548941574,107.14893594124199,108.00542138044936
2023-07-29,STOCK,109.59177421005873,0.011365050728542325,108.36576867144906,107.77556099726273
2023-07-30,STOCK,118.48862313687945,0.081181721812148,112.1468839228459,109.90544103413283
2023-07-31,STOCK,119.9691658958186,0.012495231354227254,116.01652108091893,112.71101900940906
2023-08-01,STOCK,122.84778537018164,0.023994661068685197,120.43519146762657,115.8515206069076
2023-08-02,STOCK,125.3395064337712,0.02028299538393119,122.71881923325714,119.24737100934192
2023-08-03,STOCK,127.11013711227747,0.01412667664717393,125.09914297207676,122.75104358978567
2023-08-04,STOCK,126.43755464315838,-0.005291336193941731,126.29573272973569,124.34082989104145
2023-08-05,STOCK,128.49987499239697,0.016310979400535164,127.34918891594425,126.04697171035714
2023-08-06,STOCK,126.65557915347915,-0.014352510763352422,127.19766959634482,126.80853046701664
2023-08-07,STOCK,126.183229762882,-0.0037294005819101805,127.1128946362527,126.97727513283878
2023-08-08,STOCK,125.08928772758478,-0.008669472459635896,125.97603221464863,126.57310525590023
2023-08-09,STOCK,125.41964403392595,0.0026409640053319805,125.56405384146423,126.36952313405376
2023-08-10,STOCK,131.4936337965074,0.04842933345384415,127.33418851933936,126.96827489487586
2023-08-11,STOCK,126.80026531622866,-0.03569274302314851,127.90451438222065,126.99721212742574
2023-08-12,STOCK,128.68123994546377,0.01483415373417496,128.99171301939995,127.49681416394212
2023-08-13,STOCK,124.72159593162019,-0.030770950105250106,126.73436706443754,127.42327580474921
2023-08-14,STOCK,123.67354390294635,-0.00840313195838549,125.69212659334342,127.07405577855327
2023-08-15,STOCK,126.52303613307627,0.023040434843252244,124.97272532254759,126.07993624586705
2023-08-16,STOCK,126.8125479609211,0.002288214357583973,125.66970933231455,126.08239277480554
2023-08-17,STOCK,124.23253605775263,-0.020345083705466838,125.85604005058332,125.19265199726331
2023-08-18,STOCK,122.5904378847464,-0.013217939721063554,124.54517396780669,124.76642038788854
2023-08-19,STOCK,124.39238704242588,0.014698937280684055,123.7384536616416,124.91018901578445
2023-08-20,STOCK,122.71120261315987,-0.013515171380163449,123.23134251344402,124.14782231180115
2023-08-21,STOCK,123.36689729563301,0.005343397086085,123.49016231707292,123.45869217874356
2023-08-22,STOCK,123.60293083251823,0.0019132647578838924,123.22701024710369,123.33277113369668
2023-08-23,STOCK,122.12465068203875,-0.01195991179596334,123.03149293672998,123.23961369315514
2023-08-24,STOCK,127.60264911876807,0.04485579615692603,124.44341021110831,123.88166610842359
2023-08-25,STOCK,129.36003841883408,0.013772357487894293,126.36244607321362,125.21143326955844
2023-08-26,STOCK,124.34956356681614,-0.038732787290889026,127.10408370147275,125.40796652379507
2023-08-27,STOCK,124.93901607104208,0.004740286071926558,126.21620601889742,125.67518357149984
2023-08-28,STOCK,123.41961056538719,-0.012161177136139179,124.23606340108178,125.93417554816952
2023-08-29,STOCK,125.66739370614509,0.018212528223519486,124.67534011419144,125.5471244656449
2023-08-30,STOCK,123.81496946441693,-0.014740691177695497,124.30065791198304,124.43811067476149
2023-08-31,STOCK,123.65476638609911,-0.0012938910295807737,124.3790431855537,124.29915123861808
2023-09-01,STOCK,125.0349484974947,0.011161576312279875,124.16822811600355,124.3183377239086
2023-09-02,STOCK,127.34607623665093,0.018483854049834214,125.34526370674821,125.10363085816134
2023-09-03,STOCK,124.44980500361795,-0.0227433095594618,125.6102765792545,124.86011311765591
2023-09-04,STOCK,123.74369333866794,-0.005673867186288373,125.17985819297893,124.84585789250613
2023-09-05,STOCK,122.69646374986715,-0.008462892617360995,123.62998736405099,124.65419736525973
2023-09-06,STOCK,121.22483311743778,-0.011994075358434775,122.55499673532427,123.89217428924835
2023-09-07,STOCK,125.70728019733906,0.03697631058447293,123.20952568821464,123.56441508138599
2023-09-08,STOCK,126.85639077964375,0.009141161756906824,124.59616803147351,124.04573223659114
2023-09-09,STOCK,123.82112530636581,-0.0239267840951769,125.46159876111619,124.0612186301307
2023-09-10,STOCK,126.24130888043416,0.01954580503189729,125.63960832214788,124.77018765624412
2023-09-11,STOCK,131.84649763266594,0.04440059123230866,127.30297727315529,126.89452055928973
2023-09-12,STOCK,134.73200461116355,0.02188535175607642,130.9399370414212,128.69946544205465
2023-09-13,STOCK,130.83019422306762,-0.028959788725452018,132.46956548896569,129.49422613073943
2023-09-14,STOCK,129.6988952573685,-0.00864707854648783,131.7536980305332,130.66978012093995
2023-09-15,STOCK,133.16031743871966,0.026688139282007528,131.2298023063852,132.05358183259705
2023-09-16,STOCK,131.42027674601755,-0.013067261524837392,131.4264964807019,131.9683376552674
2023-09-17,STOCK,132.72466518491967,0.009925321047854485,132.43508645655228,131.5668697700186
2023-09-18,STOCK,134.93180152585688,0.01662943611771106,133.0255811522647,132.38719123057643
2023-09-19,STOCK,132.5859172659771,-0.017385703246763917,133.4141279922512,132.96459563229817
2023-09-20,STOCK,132.56066111037745,-0.00019048897590656644,133.3594599674038,132.84466436662973
2023-09-21,STOCK,124.36428158552819,-0.06183116058861915,129.83695332062754,131.43346533453183
2023-09-22,STOCK,121.96416361614689,-0.019299094070918454,126.29636877068414,129.2813650207773
2023-09-23,STOCK,121.47104209458759,-0.0040431673283251035,122.5998290987542,126.58921313452345
2023-09-24,STOCK,118.5957005315431,-0.023671004327150635,120.67696874742585,123.79116978763666
2023-09-25,STOCK,122.65413207925765,0.03422073084879762,120.90695823512942,121.80986398141268
2023-09-26,STOCK,119.3148303268871,-0.027225350632400502,120.18822097922926,120.79997372968447
2023-09-27,STOCK,118.38768945540835,-0.0077705417586285686,120.11888395385101,120.08467889753676
2023-09-28,STOCK,118.8164130527887,0.0036213528564710273,118.83964427836138,119.55375308917698
2023-09-29,STOCK,122.41354432142522,0.030274700070590077,119.8725489432074,120.31732184715341
2023-09-30,STOCK,119.06716875033716,-0.02733664472863695,120.09904204151701,119.59992918136929
2023-10-01,STOCK,121.99146120935505,0.024560023470026504,121.15739142703912,120.13525535786289
2023-10-02,STOCK,122.13850814498036,0.0012053871161765706,121.0657127015575,120.8854190957773
2023-10-03,STOCK,119.88411170846379,-0.0184577040505568,121.33802702093305,121.09895882691232
2023-10-04,STOCK,121.11828255384877,0.010294699003870145,121.04696746909762,120.83990647339704
2023-10-05,STOCK,121.72310131466027,0.004993620682679278,120.90849852565759,121.37109298626164
2023-10-06,STOCK,120.39096231755076,-0.010944011306989854,121.07744872868659,121.05099320790077
2023-10-07,STOCK,120.67976994292876,0.002398914501706706,120.93127785837991,120.75924556749047
2023-10-08,STOCK,119.87316626319891,-0.006683835079494327,120.31463284122613,120.75705647843749
2023-10-09,STOCK,120.26583483273251,0.003275700323719155,120.27292367962004,120.58656693421423
2023-10-10,STOCK,121.99099083692798,0.014344522753239497,120.7099973109531,120.6401448386678
2023-10-11,STOCK,126.04859821791636,0.03326153311118207,122.76847462919227,121.7716720187409
2023-10-12,STOCK,123.0894371884789,-0.023476350163939008,123.70967541444107,122.25360546785093
2023-10-13,STOCK,128.5826502582954,0.0446278185625717,125.90689522156352,123.99550226687025
2023-10-14,STOCK,123.78301258754341,-0.037327257301902894,125.15170001143922,124.69893781783242
2023-10-15,STOCK,123.5312835830817,-0.0020336312649014143,125.29898214297349,125.00699636706315
2023-10-16,STOCK,125.11843597081426,0.012848181785993562,124.14424404714644,124.82096391764273
2023-10-17,STOCK,125.94944721191416,0.0066417969074816785,124.86638892193669,125.3929659223298
2023-10-18,STOCK,124.51505389866911,-0.01138864318182864,125.19431236046582,124.57944665040452
2023-10-19,STOCK,124.12190387347957,-0.0031574497450684857,124.8621349946876,124.64722490759178
2023-10-20,STOCK,123.02703890917897,-0.008820884389725614,123.88799889377587,124.5463759728112
2023-10-21,STOCK,121.7070423269332,-0.010729320919608654,122.95199503653055,123.864097244035
2023-10-22,STOCK,123.91661832343355,0.01815487382040648,122.88356651984856,123.45753146633888
2023-10-23,STOCK,124.92945478426681,0.008173532126172667,123.51770514487782,123.54041164345843
2023-10-24,STOCK,123.33337124465417,-0.012775878533759832,124.05981478411816,123.38270511769335
2023-10-25,STOCK,125.69810273266667,0.019173492657730273,124.6536429205292,123.91691788239089
2023-10-26,STOCK,126.5995572268101,0.007171583934410197,125.21034373471029,124.89542086236625
2023-10-27,STOCK,128.8032768414427,0.017407008862475815,127.03364560030646,125.87275256596809
2023-10-28,STOCK,130.56599810136657,0.013685375893765395,128.6562773898731,127.00006122938805
2023-10-29,STOCK,128.5475572608724,-0.015459161419094203,129.30561073456053,128.0428984326317
2023-10-30,STOCK,127.24257582139556,-0.010151740470871196,128.7853770612115,128.35179305037747
2023-10-31,STOCK,129.28783302910227,0.016073685985243946,128.3593220371234,128.88944821083592
2023-11-01,STOCK,131.00671584630243,0.013295008330855396,129.17904156560007,129.33013601180784
2023-11-02,STOCK,131.08297976795794,0.0005821374970194082,130.45917621445417,129.43353234512614
2023-11-03,STOCK,131.52239005161184,0.0033521536085900916,131.2040285552907,130.02849890327403
2023-11-04,STOCK,135.0615231403601,0.026908977911361154,132.55563098664325,131.59228836706694
2023-11-05,STOCK,133.60650817694466,-0.010772979080824863,133.39680712297218,132.4560233966354
2023-11-06,STOCK,135.2115949557725,0.012013537369767402,134.62654209102573,133.2969992185294
2023-11-07,STOCK,134.8006564657178,-0.003039225224649833,134.53958653281163,134.0405345580814
2023-11-08,STOCK,134.34934293122873,-0.0033480069483476926,134.78719811757298,134.60592513400474
2023-11-09,STOCK,137.47182422277413,0.023241507724706567,135.5406078732402,135.08798535048757
2023-11-10,STOCK,139.89991979165902,0.017662496170488984,137.2403623152206,136.34666767343043
2023-11-11,STOCK,142.33700223643018,0.01742018471776463,139.90291541695441,137.77174912956198
2023-11-12,STOCK,146.2484777057368,0.027480383932840136,142.82846657794198,140.06131337756577
2023-11-13,STOCK,146.45630931423753,0.0014210856192220511,145.0139297521348,142.48270665416754
2023-11-14,STOCK,148.61606173176753,0.01474673523894432,147.10694958391392,144.7115541559662
2023-11-15,STOCK,147.84447524979632,-0.005191810851264633,147.6389487652671,146.30046524759365
2023-11-16,STOCK,148.9549938149689,0.007511397117114127,148.47184359884423,147.62406356330143
2023-11-17,STOCK,148.71643089430268,-0.0016015771915816046,148.50529998635594,148.1176542010146
2023-11-18,STOCK,149.15428851736112,0.0029442451007288817,148.94190440887755,148.65725004163932
2023-11-19,STOCK,151.09131726185927,0.01298674522705845,149.65401222450765,149.15230114765765
2023-11-20,STOCK,148.78763047883226,-0.01524698324679008,149.67774541935088,149.34093219346485
2023-11-21,STOCK,155.30139860707231,0.04377896272208437,151.72678211592128,150.61021315188552
2023-11-22,STOCK,152.36018994953452,-0.0189387132628428,152.14973967847968,151.3389649629319
2023-11-23,STOCK,148.8536511279794,-0.023014796862071196,152.17174656152872,151.27883748505556
2023-11-24,STOCK,152.49408883204325,0.02445648915211307,151.235976636519,151.55939179909234
2023-11-25,STOCK,155.08278752844683,0.016975731428217955,152.1435091628231,152.81842320901526
2023-11-26,STOCK,157.18783378256566,0.013573693687526145,154.9215700476852,153.19571024411394
2023-11-27,STOCK,159.33491872722374,0.013659358316675307,157.20184667941206,154.59065599965177
2023-11-28,STOCK,159.45527230646843,0.0007553496760539513,158.65934160541926,156.7109802353496
2023-11-29,STOCK,156.77605268949011,-0.016802326936101175,158.52208124106073,157.56737300683895
2023-11-30,STOCK,157.1710121990707,0.002519259177693689,157.80077906500972,157.98501794096373
2023-12-01,STOCK,155.21189191722075,-0.012464895749150995,156.3863189352605,157.58982956789472
2023-12-02,STOCK,158.4269529883761,0.020714012511812152,156.93661903488916,157.4082364201252
2023-12-03,STOCK,158.11972117167642,-0.001939264821448683,157.25285535909106,157.14112619316683
2023-12-04,STOCK,155.68621372635823,-0.015390284192798642,157.41096262880356,156.92315840054044
2023-12-05,STOCK,154.84348216648965,-0.005413013392115862,156.21647235484141,156.45765239402422
2023-12-06,STOCK,156.28377782706286,0.009301622776892726,155.60449123997023,156.67202957599264
2023-12-07,STOCK,154.68626243186185,-0.010221888780860944,155.27117414180478,155.9238914646898
2023-12-08,STOCK,152.31557872272754,-0.015325754671838276,154.42853966055074,154.76306297490004
2023-12-09,STOCK,153.21287413645607,0.005891028490013772,153.40490509701513,154.2683950569196
2023-12-10,STOCK,154.11939897528427,0.005916766746512536,153.21595061148926,154.1235784186785
2023-12-11,STOCK,152.7173391988515,-0.009097231015400054,153.34987077019727,153.41029069303625
2023-12-12,STOCK,151.43674157786157,-0.00838541077069499,152.75782658399908,152.7603865222362
2023-12-13,STOCK,152.2934100084873,0.005656939139734973,152.14916359506677,152.75595277938814
2023-12-14,STOCK,148.0940140751987,-0.027574377204204636,150.60805522051584,151.73218076713664
2023-12-15,STOCK,144.12745710024444,-0.02678404660528766,148.17162706131012,149.7337923921287
2023-12-16,STOCK,142.2134563183112,-0.013279917792499596,144.8116424979181,147.63301581602065
2023-12-17,STOCK,141.74932764930054,-0.003263605857182772,142.69674702261867,145.69553303030844
2023-12-18,STOCK,142.77619733656374,0.007244264959081592,142.24632710139178,143.7920904959237
2023-12-19,STOCK,147.19900916156496,0.03097723505393124,143.90817804914306,143.61308951319697
2023-12-20,STOCK,149.89554239827686,0.01831896323264104,146.6235829654685,144.76670657280346
2023-12-21,STOCK,149.5663185631733,-0.0021963550739141358,148.8869567076717,146.23727902177586
2023-12-22,STOCK,149.65902992008304,0.0006198678806859093,149.70696362717771,147.81921947593239
2023-12-23,STOCK,146.83492336172526,-0.01887027170940392,148.68675728166053,148.6309646809647
2023-12-24,STOCK,146.92741990819945,0.000629935606302201,147.80712439666922,148.5766468302916
2023-12-25,STOCK,146.22778102406355,-0.004761799292283486,146.66337476466273,147.8430945554489
2023-12-26,STOCK,147.3218900656085,0.007482224197636667,146.82569699929047,147.39420885593597
2023-12-27,STOCK,145.04953463926344,-0.015424424878971332,146.19973524297848,146.47230979977203
2023-12-28,STOCK,146.71064309258358,0.011452008153292503,146.36068926581848,146.4474537459437
2023-12-29,STOCK,151.42902159280484,0.03216111933504151,147.72973310821726,147.34777408286476
2023-12-30,STOCK,151.25116628552772,-0.001174512688561058,149.79694365697202,148.35245113515762
2023-12-31,STOCK,152.62379577381628,0.00907516630779126,151.76799455071625,149.41283227679918
2024-01-01,STOCK,154.8998721631422,0.014912985080642205,152.9249447408287,151.3828997815749
2024-01-02,STOCK,153.81560466698798,-0.006999795939226172,153.77975753464878,152.80389209645583
2024-01-03,STOCK,154.6611140437667,0.005496902467140741,154.45886362463227,153.4503105866482
2024-01-04,STOCK,154.85484748959294,0.0012526319044321443,154.44385540011584,154.17104682746123
2024-01-05,STOCK,155.31289077144362,0.002957887914238233,154.9429507682677,154.70886582698668
2024-01-06,STOCK,153.08319574469573,-0.01435614916233241,154.41697800191073,154.3455305432974
2024-01-07,STOCK,153.31149091739974,0.0014913143901487125,153.90252581117966,154.24470779337975
2024-01-08,STOCK,155.00102130378264,0.011020246272950063,153.79856932195935,154.31268924538296
2024-01-09,STOCK,159.72515838685374,0.0304781029398018,156.01255686934533,155.2867514248351
2024-01-10,STOCK,162.98203738329593,0.020390519748642477,159.2360723579774,156.82058074720553
2024-01-11,STOCK,170.3241938745143,0.04504886924410756,164.3437965482213,160.26878037316925
2024-01-12,STOCK,167.8980067770385,-0.014244524176426077,167.06807934494955,163.186083545097
2024-01-13,STOCK,171.0238645023732,0.01861759877522373,169.74868838464195,166.3906521848151
2024-01-14,STOCK,171.82387083266175,0.00467774677303856,170.24858070402445,168.81039467397673
2024-01-15,STOCK,179.69590472828426,0.04581455334159612,174.1812133544397,172.1531681429744
2024-01-16,STOCK,176.99120433751614,-0.015051541630054732,176.1703266328207,173.4865702355748
2024-01-17,STOCK,174.2176886553776,-0.01567035883234935,176.9682659070593,174.7505066112426
2024-01-18,STOCK,172.31388880888412,-0.01092770694633316,174.5075939339259,175.00851147254477
2024-01-19,STOCK,165.3128656781672,-0.04062947670156669,170.6148143808096,173.70631044164585
2024-01-20,STOCK,163.74735695600313,-0.009469975102916806,167.12470381435148,170.51660088718964
2024-01-21,STOCK,161.44137609169283,-0.014082553191560154,163.500532908621,167.406635238025
2024-01-22,STOCK,162.08971142053193,0.00401591800401202,162.42614815607593,164.98103979105582
2024-01-23,STOCK,163.36469197176567,0.007865894386879901,162.2985931613301,163.19120042363215
2024-01-24,STOCK,169.78085079465058,0.03927506455307861,165.07841806231605,164.08479744692883
2024-01-25,STOCK,173.21211976357495,0.02020998806911667,168.78588750999702,165.9777500084432
2024-01-26,STOCK,171.39638177450726,-0.010482742151912139,171.46311744424426,167.96875114500608
2024-01-27,STOCK,168.51261318365505,-0.01682514275386604,171.04037157391238,169.25333149763068
2024-01-28,STOCK,170.34895098850419,0.010897331482526917,170.08598198222214,170.65018330097843
2024-01-29,STOCK,166.07580188155973,-0.025084681074630355,168.3124553512396,169.90917351836023
2024-01-30,STOCK,172.4441640293256,0.03834611710806368,169.6229722997965,169.75558237151034
2024-01-31,STOCK,176.73692008694812,0.024893600092447787,171.7522953326111,170.82369003399853
2024-02-01,STOCK,175.26143731870042,-0.008348469394633629,174.81417381165804,172.1734548610076
2024-02-02,STOCK,169.52765944559087,-0.03271557029789207,173.84200561707976,172.00919655242495
2024-02-03,STOCK,174.3550161982304,0.028475334163324817,173.04803765417387,173.66503941575908
2024-02-04,STOCK,174.1301044718497,-0.001289964185056669,172.67092670522365,174.0022275042639
2024-02-05,STOCK,178.67331327830001,0.026090886582938788,175.71947798279334,174.38950614253426
2024-02-06,STOCK,173.23871861306833,-0.030416375929441686,175.34737878773933,173.98496240140787
2024-02-07,STOCK,171.34567705504628,-0.010927358347934901,174.41923631547152,174.34856592329896
2024-02-08,STOCK,171.53509706102088,0.0011054845924927115,172.03983090971178,173.78458209585705
2024-02-09,STOCK,171.868131446626,0.001941494139165334,171.5829685208977,173.3321874908123
2024-02-10,STOCK,170.4984482826055,-0.007969384158027282,171.3005589300841,171.6972144916734
2024-02-11,STOCK,172.8083530043709,0.013547951579809592,171.72497757786743,171.6111413699339
2024-02-12,STOCK,169.32683560448427,-0.020146696264147446,170.8778789638202,171.20737307982148
2024-02-13,STOCK,169.01427791511148,-0.001845883957241501,170.38315550798885,170.70320925063962
2024-02-14,STOCK,169.59090719668708,0.003411719345185915,169.31067357209426,170.24776440065185
2024-02-15,STOCK,171.5162278865447,0.011352735365845357,170.04047099944773,170.45132032143968
2024-02-16,STOCK,174.1488133676112,0.01534890029652436,171.75198281694762,170.71941239408775
2024-02-17,STOCK,170.44579718362772,-0.021263516600407595,172.03694614592783,170.94320470991642
2024-02-18,STOCK,165.4609239184671,-0.02924609082493379,170.01851148990198,170.23253391058756
2024-02-19,STOCK,169.91334879348375,0.02690922285198072,168.60668996519283,170.2970222299469
2024-02-20,STOCK,171.2175336019147,0.007675587690382679,168.86393543795518,170.23728337302092
2024-02-21,STOCK,168.84230007522126,-0.013872606833689849,169.9910608235399,169.1759807145429
2024-02-22,STOCK,174.336647048377,0.03254129427701424,171.46549357517097,169.95415068749276
2024-02-23,STOCK,174.91526835257687,0.003318988371041165,172.69807182539168,171.8450195743147
2024-02-24,STOCK,179.26902660996757,0.02489067019932656,176.17364733697377,173.71615513761148
2024-02-25,STOCK,179.690870635885,0.0023531339121689587,177.95838853280978,175.41082254440553
2024-02-26,STOCK,187.43890412311262,0.04311868187743251,182.13293378965503,179.1301433539838
2024-02-27,STOCK,194.33039247063886,0.03676658471605121,187.1533890765455,183.1288924384362
2024-02-28,STOCK,193.55863339166854,-0.003971376114453751,191.77597666180665,186.8575654462545
2024-02-29,STOCK,197.55398732539186,0.020641569242941804,195.1476710625664,190.51455758933938
2024-03-01,STOCK,200.32066738986,0.014004678427022244,197.14442936897342,194.64051694013438
2024-03-02,STOCK,206.08568948562512,0.028778968095914736,201.32011473362562,198.3698740126369
2024-03-03,STOCK,202.34892960007784,-0.018132068727692685,202.9184288251876,199.97358143852466
2024-03-04,STOCK,205.34974747332146,0.014829917208726728,204.5947888530081,202.33180425485526
2024-03-05,STOCK,209.95287492186634,0.0224160365677728,205.88385066508852,204.81158177415014
2024-03-06,STOCK,202.89899845574342,-0.033597427369108424,206.06720695031038,205.32724798732684
2024-03-07,STOCK,198.35198221245403,-0.02241024488980503,203.73461853002127,203.7805065326926
2024-03-08,STOCK,190.61553560882297,-0.03900362636832433,197.28883875900678,201.43382773444165
2024-03-09,STOCK,189.78092112402592,-0.004378522884461167,192.91614631510095,198.32006246458255
2024-03-10,STOCK,192.71669429917185,0.015469274560151014,191.03771701067356,194.87282634004364
2024-03-11,STOCK,198.79384765474796,0.03153413033404351,193.76382102598188,194.05179617984453
2024-03-12,STOCK,199.28784600480833,0.0024849780608819927,196.9327959862427,194.2389689383154
2024-03-13,STOCK,206.09197564370388,0.03414222078917639,201.3912231010867,197.33425694529157
2024-03-14,STOCK,200.6817908908281,-0.026251311997848137,202.0205375131134,199.51443089865202
2024-03-15,STOCK,194.15423615140287,-0.03252689100714801,200.30933422864493,199.80193926909823
2024-03-16,STOCK,194.1326951616208,-0.00011094782276743764,196.3229074012839,198.86970877047278
2024-03-17,STOCK,195.8253577038358,0.008719100823309622,194.70409633895315,198.17721111027828
2024-03-18,STOCK,195.89314557691392,0.00034616493937744686,195.28373281412348,196.13744509692032
2024-03-19,STOCK,188.14642064963522,-0.039545666105183286,193.28830797679495,193.63037104868172
2024-03-20,STOCK,187.99927231342883,-0.0007820947945664791,190.6796128466593,192.3993782810869
2024-03-21,STOCK,183.34116414036473,-0.02477726703802452,186.49561903447625,190.24107207683568
2024-03-22,STOCK,185.9991591707673,0.014497535470908485,185.77986520818692,188.275832370222
2024-03-23,STOCK,187.55537179208167,0.008366772345919982,185.63189836773788,186.60827761325555
2024-03-24,STOCK,184.24686616292632,-0.0176401539318376,185.93379904192508,185.82836671591377
2024-03-25,STOCK,182.54545015544045,-0.009234436617127306,184.7825627034828,184.7376022843161
2024-03-26,STOCK,178.89783943987806,-0.019981931691293253,181.89671858608156,183.84893734421877
2024-03-27,STOCK,178.85247992913324,-0.00025354979627945085,180.09858984148389,182.41960149589195
2024-03-28,STOCK,182.48430658155775,0.02030626946779579,180.07820865018968,181.40538845378717
2024-03-29,STOCK,179.10095782896224,-0.01854049159610005,180.14591477988438,180.37620678699435
2024-03-30,STOCK,181.0965994240382,0.011142551213945806,180.89395461151935,180.08643664071388
2024-03-31,STOCK,179.36546620188466,-0.009559170231021819,179.85434115162835,180.17996199311523
2024-04-01,STOCK,176.72025081008002,-0.014747629227731762,179.06077214533425,179.7535161693046
2024-04-02,STOCK,176.51879733126563,-0.0011399569539479737,177.53483811441006,178.56041431924615
2024-04-03,STOCK,173.074566992945,-0.01951197487402423,175.43787171143018,177.3551361520427
2024-04-04,STOCK,171.33994038598908,-0.010022423496957922,173.64443490339985,175.40380434443287
2024-04-05,STOCK,167.4512025491198,-0.02269603822733246,170.62190330935127,173.02095161387993
2024-04-06,STOCK,174.33635072381514,0.041117340872339536,171.04249788630798,172.54417159662694
2024-04-07,STOCK,174.6338950786071,0.0017067258409195762,172.14048278384735,172.16719114609523
2024-04-08,STOCK,172.3792936010597,-0.012910446030723666,173.78317980116063,172.02813646771818
2024-04-09,STOCK,173.29179370917862,0.0052935598531385075,173.43499412961512,172.41850713235607
2024-04-10,STOCK,173.07590950296304,-0.0012457843594018136,172.9156656044004,173.5434485231247
2024-04-11,STOCK,172.48510579461737,-0.003413552527572028,172.95093633558633,173.17319953728517
2024-04-12,STOCK,174.79156790442522,0.01337194941663089,173.45086106733518,173.20473410244875
2024-04-13,STOCK,177.63739711378415,0.01628127285244685,174.97135693760887,174.2563548049937
2024-04-14,STOCK,175.93847407004017,-0.009563994245286866,176.12247969608316,174.785690877166
2024-04-15,STOCK,174.09793574102167,-0.010461261180915948,175.89126897494862,174.99009612477772
2024-04-16,STOCK,173.31607593160416,-0.0044909194706396205,174.45082858088867,175.15629015217507
2024-04-17,STOCK,165.68336592870517,-0.04403925003420395,171.03245920044364,173.33464975703106
2024-04-18,STOCK,160.89865769423923,-0.028878627662144662,166.63269985151615,169.9869018731221
2024-04-19,STOCK,165.5233374780615,0.028742811469631313,164.03512036700195,167.90387455472634
2024-04-20,STOCK,171.23066250676885,0.03448048544492277,165.8842192263565,167.33041990787578
2024-04-21,STOCK,170.55039592241712,-0.003972808224840252,169.1014653024158,166.77728390603838
2024-04-22,STOCK,172.70103351161143,0.01260998297636684,171.49403064693243,168.18081742261964
2024-04-23,STOCK,173.9533174426654,0.007251166397737707,172.4015822922313,170.79174937230488
2024-04-24,STOCK,185.1867154537264,0.0645770841062776,177.28035546933438,174.72442496743784
2024-04-25,STOCK,189.5695711179061,0.02366722501363694,182.90320133809928,178.39220668966527
2024-04-26,STOCK,189.27438509149457,-0.0015571382298898984,188.010223887709,182.13700452348078
2024-04-27,STOCK,185.87732747341005,-0.017947793709341076,188.2404278942702,184.7722633158405
2024-04-28,STOCK,180.18029707859847,-0.03064940986751885,185.11066988116764,186.01765924302714
2024-04-29,STOCK,181.09599915361613,0.0050821432191234805,182.3845412352082,185.19951598300503
2024-04-30,STOCK,178.55563937315452,-0.014027696869806205,179.94397853512302,182.99672963405476
2024-05-01,STOCK,173.72180252162448,-0.027071880050946184,177.7911470161317,179.88621312008073
2024-05-02,STOCK,171.66136464313038,-0.011860560094278494,174.64626884596976,177.04302055402482
2024-05-03,STOCK,168.15610861137174,-0.020419597846293436,171.17975859204216,174.63818286057943
2024-05-04,STOCK,174.1010013912041,0.03535341551921678,171.3061582152354,173.23918330809707
2024-05-05,STOCK,177.3754005544606,0.018807468866298693,173.21083685234544,173.00313554435826
2024-05-06,STOCK,177.52455562322882,0.0008409005324412355,176.33365252296448,173.76368616467914
2024-05-07,STOCK,183.0405702570382,0.03107184025581433,179.31350881157584,176.0395272874607
2024-05-08,STOCK,183.50743599685939,0.0025506134468744612,181.35752062570876,179.10979276455822
2024-05-09,STOCK,180.55392846177074,-0.016094756700427038,182.36731157188942,180.40037817867156
2024-05-10,STOCK,186.3249117878599,0.03196265722521274,183.46209208216328,182.1902804253514
2024-05-11,STOCK,188.53245897347247,0.011847837009181017,185.13709974103435,184.39186109540015
2024-05-12,STOCK,184.8464101999044,-0.019551268750421014,186.56792698707886,184.75302908397336
2024-05-13,STOCK,184.32831561001208,-0.0028028382554576847,185.9023949277963,184.9172050066039
2024-05-14,STOCK,181.30961073802655,-0.016376783252185056,183.49477884931432,185.06834146185506
2024-05-15,STOCK,176.5404682345706,-0.026303859370956695,180.72613152753638,183.11145275119722
2024-05-16,STOCK,180.02103097681965,0.019715381844486846,179.2903699831389,181.40916715186668
2024-05-17,STOCK,187.21581000543725,0.039966324987573465,181.25910307227582,181.88304711297323
2024-05-18,STOCK,182.23383391538914,-0.026610872713706324,183.15689163254865,181.46415077404862
2024-05-19,STOCK,184.48165892011357,0.012334839016601595,184.64376761364665,182.09856041046604
2024-05-20,STOCK,182.27876617162048,-0.011940985143932492,182.9980863357077,183.246219997876
2024-05-21,STOCK,180.69213831809046,-0.008704403079161538,182.48418780327484,183.38044146613018
2024-05-22,STOCK,178.74260522531728,-0.010789252431897323,180.57116990500936,181.68580051010616
2024-05-23,STOCK,175.85626688443577,-0.016148015394780058,178.43033680928113,180.41028710391552
2024-05-24,STOCK,176.203121412894,0.0019723751368279085,176.9339978408823,178.75457960247158
2024-05-25,STOCK,173.47238564753732,-0.015497658290387406,175.17725798162232,176.99330349765498
2024-05-26,STOCK,174.5877643379509,0.006429718979479526,174.7544237994607,175.77242870162704
2024-05-27,STOCK,174.5869329200027,-4.762177643558019e-06,174.21569430183027,174.94129424056413
2024-05-28,STOCK,173.92842074987317,-0.003771829650225156,174.36770600260888,174.55572501365162
2024-05-29,STOCK,170.9707631810159,-0.017005027448105614,173.16203895029722,173.50925336727602
2024-05-30,STOCK,169.17896848693962,-0.010480123389162266,171.35938413927622,172.65056993515645
2024-05-31,STOCK,171.92613970050104,0.016238254897348536,170.69195712281885,172.1182450076665
2024-06-01,STOCK,173.83095569550002,0.011079269262470604,171.64535462764684,171.96704956276596
2024-06-02,STOCK,170.6359266898519,-0.018380092273351134,172.13100736195096,171.3085507507617
2024-06-03,STOCK,171.14631761542785,0.002991110579565248,171.87106666692657,171.3436616376441
2024-06-04,STOCK,173.91150739806497,0.016156875714092855,171.8979172344482,172.29016941986916
2024-06-05,STOCK,168.3690819449761,-0.031869227838977054,171.14230231948963,171.57875786876417
2024-06-06,STOCK,170.37905495301632,0.011937898483624698,170.88654809868578,170.88837772026744
2024-06-07,STOCK,168.30422665886576,-0.012177719231525996,169.01745451895272,170.4220377140702
2024-06-08,STOCK,170.4062322717062,0.012489321596782954,169.69650462786274,170.27402064532586
2024-06-09,STOCK,167.9926124559673,-0.014163917502092671,168.90102379551305,169.09024165690636
2024-06-10,STOCK,162.1987382941566,-0.034488862796447806,166.86586100727666,167.85617292674243
2024-06-11,STOCK,157.16111890441434,-0.031058314279894472,162.45082321817938,165.21258571702202
2024-06-12,STOCK,157.46972430018562,0.0019636243233860373,158.9431938329188,163.045685245286
2024-06-13,STOCK,158.44819003912266,0.006213675316226519,157.69301108124083,160.6540767987693
2024-06-14,STOCK,155.76388931200188,-0.01694118895556962,157.22726788377003,158.20833216997622
2024-06-15,STOCK,157.92388553437888,0.013867117930333794,157.37865496183443,157.35336161802067
2024-06-16,STOCK,152.9150867221096,-0.03171653733898849,155.53428718949675,156.50415518155972
2024-06-17,STOCK,152.86591775271208,-0.00032154426650443657,154.5682966697335,155.58339387206502
2024-06-18,STOCK,149.35721586341384,-0.022952806883835164,151.71274011274514,153.76519903692326
2024-06-19,STOCK,147.57022091027113,-0.011964570595483726,149.93111817546563,152.1264653565771
2024-06-20,STOCK,147.85796394602622,0.001949871959126881,148.2618002399037,150.11328103890656
2024-06-21,STOCK,145.4807597658165,-0.016077620148195026,146.96964820737125,148.62641564764795
2024-06-22,STOCK,144.5105812762235,-0.006668775246669867,145.94976832935538,146.95534835235026
2024-06-23,STOCK,147.5959669905639,0.021350586836564434,145.86243601086792,146.60309857778026
2024-06-24,STOCK,146.0487909529634,-0.010482508900120702,146.0517797399169,146.2988125863187
2024-06-25,STOCK,148.65892570266806,0.01787166283728614,147.43456121539842,146.45900493764708
2024-06-26,STOCK,145.48317666610214,-0.021362652942331306,146.73029777391116,146.4594883177042
2024-06-27,STOCK,147.18003115777952,0.011663578776340833,147.10737784218324,146.99337829401537
2024-06-28,STOCK,151.6367581173192,0.030280785541905386,148.09998864706694,147.80153651936646
2024-06-29,STOCK,144.4675654216397,-0.04727872571723535,147.76145156557945,147.48529141310172
2024-06-30,STOCK,142.3255609980002,-0.01482688807960375,146.143294845653,146.21861847216817
2024-07-01,STOCK,144.12176881893495,0.012620416236827525,143.63829841285826,145.9463369027347
2024-07-02,STOCK,143.68129984535594,-0.003056227918853738,143.37620988743035,145.24659064025002
2024-07-03,STOCK,144.89662668925732,0.00845849004156718,144.23323178451605,143.8985643546376
2024-07-04,STOCK,143.30007598052165,-0.011018549880802975,143.95933417171162,143.665066466414
2024-07-05,STOCK,143.69207770952795,0.002735530503553907,143.9629267931023,143.93836980871956
2024-07-06,STOCK,143.38869879451096,-0.002111312744953575,143.46028416152015,143.79175580383475
2024-07-07,STOCK,146.92389877628258,0.02465466254657822,144.66822509344047,144.4402755900201
2024-07-08,STOCK,147.82116140236323,0.006106988948386682,146.04458632438556,145.02518253264128
2024-07-09,STOCK,148.97153202203071,0.007782178199346124,147.90553073355883,146.1594737409431
2024-07-10,STOCK,147.89723701673856,-0.007211411406665813,148.2299768137108,147.0005056023852
2024-07-11,STOCK,146.60846993943494,-0.008713936130921529,147.82574632606804,147.64445983137003
2024-07-12,STOCK,145.491024856805,-0.007621968110652522,146.6655772709928,147.3578850474745
2024-07-13,STOCK,146.79006587267733,0.008928667710952354,146.2965202229724,147.1516659415373
2024-07-14,STOCK,145.70495969871843,-0.007392231671182081,145.99535014273354,146.49835147687486
2024-07-15,STOCK,146.69846920759315,0.0068186389188744645,146.39783159299628,146.25859791504578
2024-07-16,STOCK,153.0687652067996,0.04342442040204153,148.49073137103701,147.5506569685187
2024-07-17,STOCK,155.9148087436383,0.018593235092695837,151.89401438601033,149.63541374588536
2024-07-18,STOCK,155.05645705166026,-0.005505260846577986,154.6800103340327,151.28869198168195
2024-07-19,STOCK,158.98558982578263,0.025340013881610224,156.65228520702703,153.9448180070948
2024-07-20,STOCK,157.8510805851513,-0.007135924972033858,157.29770915419803,156.1753402826064
2024-07-21,STOCK,151.69767651507206,-0.03898233732242229,156.17811564200198,155.9011225442609
2024-07-22,STOCK,148.81855968758848,-0.01897930735410791,152.78910559593723,154.48187273305095
2024-07-23,STOCK,143.49669524511245,-0.03576075762087805,148.00431048259097,152.1699203717414
2024-07-24,STOCK,142.6339753057621,-0.006012124097190541,144.98307674615432,148.8995974677373
2024-07-25,STOCK,142.8292846109035,0.0013693042258879906,142.98665172059265,145.89523827288772
2024-07-26,STOCK,147.8471322011292,0.03513178410082607,144.43679737259822,145.12512941009913
2024-07-27,STOCK,148.96589645679148,0.007567033861301642,146.5474377562747,145.15459676393976
2024-07-28,STOCK,148.4629431955074,-0.0033762980201980097,148.42532395114264,146.14784635401875
2024-07-29,STOCK,151.09722411848085,0.017743693249462567,149.50868792359321,147.84049611656252
2024-07-30,STOCK,144.70552158782138,-0.042301918966079155,148.08856296726984,148.21574351194607
2024-07-31,STOCK,145.5344870518391,0.0057286374073475255,147.11241091938044,147.75321448208803
2024-08-01,STOCK,147.94349152209904,0.01655280833471351,146.06116672058647,147.54873349514955
2024-08-02,STOCK,143.7763061010628,-0.028167412963981397,145.75142822500027,146.6114060762606
2024-08-03,STOCK,147.25028275436716,0.02416237242082464,146.32336012584298,145.84201780343787
2024-08-04,STOCK,148.39886328704384,0.007800192374453063,146.4751507141579,146.5806861432824
2024-08-05,STOCK,147.31864776450794,-0.007279136097198102,147.65593126863962,146.93751828581614
2024-08-06,STOCK,149.34417625437524,0.013749301399406999,148.35389576864233,147.2176552322714
2024-08-07,STOCK,156.43919546650704,0.04750783987751217,151.03400649513006,149.75023310536025
2024-08-08,STOCK,157.1663395731704,0.004648094133282932,154.31657043135087,151.7334444691209
2024-08-09,STOCK,158.10654543202403,0.00598223424562172,157.23736015723378,153.67498089811693
2024-08-10,STOCK,156.8173772304739,-0.008153794000289483,157.36342074522275,155.57472679131013
2024-08-11,STOCK,154.32874555648274,-0.015869616734717096,156.41755607299353,156.57164065173163
2024-08-12,STOCK,157.07002969194247,0.017762628249035073,156.0720508262997,156.6978074968187
2024-08-13,STOCK,154.55810014607724,-0.015992417845669293,155.31895846483414,156.1761596114001
2024-08-14,STOCK,154.93433827260208,0.002434282811248689,155.52082270354057,155.5417181795157
2024-08-15,STOCK,153.61481289499923,-0.008516674820537085,154.36908377122617,154.90120531242076
2024-08-16,STOCK,155.24862292052697,0.010635758327841138,154.59925802937607,155.0851807852296
2024-08-17,STOCK,156.44446531743546,0.007702756870962002,155.1026337109872,154.96006791032818
2024-08-18,STOCK,159.88453391652868,0.021989071918351977,157.19254071816366,156.02535466441847
2024-08-19,STOCK,158.4202898573464,-0.009158134456874523,158.24976303043684,156.72254498136735
2024-08-20,STOCK,157.7251663602459,-0.004387843865999996,158.6766633780403,157.54461567441666
2024-08-21,STOCK,154.82242123542,-0.018403817170152825,156.9892924843374,157.4593753373953
2024-08-22,STOCK,153.60631382309919,-0.007854853338533085,155.384633806255,156.89174503852803
2024-08-23,STOCK,154.92466017248128,0.008582631251085049,154.4511317436668,155.89977028971856
2024-08-24,STOCK,157.4453962505098,0.01627072200915025,155.32545674869672,155.70479156835125
2024-08-25,STOCK,154.72284215408635,-0.017292052745013997,155.6976328590258,155.10432672711934
2024-08-26,STOCK,157.5948532110552,0.018562295114180172,156.5876972052171,155.65881312224639
2024-08-27,STOCK,162.08814250013432,0.028511649952562834,158.13527928842527,157.35517885765339
2024-08-28,STOCK,163.59747250949357,0.00931178546486211,161.09348940689435,159.08974132505585
2024-08-29,STOCK,170.02489901033022,0.03928805501847621,165.23683800665268,161.60564187701993
2024-08-30,STOCK,167.58138386874882,-0.014371513559510718,167.0679184628575,164.17735021995242
2024-08-31,STOCK,163.62480181975013,-0.023609913927536974,167.07702823294304,165.38333994169142
2024-09-01,STOCK,158.06425191683297,-0.033983539421136744,163.09014586844395,164.57856182503116
2024-09-02,STOCK,163.02808625811676,0.0314039024073296,161.57237999823326,164.46468457475575
2024-09-03,STOCK,165.34096684467076,0.014187006911754452,162.14443500654014,163.5278981416239
2024-09-04,STOCK,165.32250037822445,-0.00011168718073151229,164.5638511603373,163.076121443519
2024-09-05,STOCK,166.41713311706883,0.006621196366738191,165.69353344665464,163.63458770298274
2024-09-06,STOCK,162.87576065077707,-0.021280095384172526,164.8717980486901,164.59688944977157
2024-09-07,STOCK,171.21203261038892,0.051181783749183474,166.8349754594116,166.233678720226
2024-09-08,STOCK,171.82683025680595,0.0035908553683026145,168.63820783932394,167.53085140265304
2024-09-09,STOCK,172.37547034223334,0.0031929826361076774,171.80477773647604,168.94144539545482
2024-09-10,STOCK,175.07078838431082,0.015636320160439254,173.09102966111666,170.6721764489032
2024-09-11,STOCK,176.93998049521474,0.010676778965550415,174.7954130739196,173.48502041779074
2024-09-12,STOCK,177.9118605676437,0.005492710407839496,176.6408764823897,174.8249860092417
2024-09-13,STOCK,175.29649075190147,-0.014700367965337802,176.71611060491992,175.51891810826083
2024-09-14,STOCK,177.1342890912507,0.010483942556216208,176.78088013693196,176.4706818580643
2024-09-15,STOCK,184.11280313311755,0.039396742876089075,178.84786099208986,178.27908480782563
2024-09-16,STOCK,189.3234695395109,0.028301488640232852,183.52352058795967,180.75578261668485
2024-09-17,STOCK,195.64871166262918,0.03340970952255984,189.6949947784192,184.30315283568197
2024-09-18,STOCK,193.85228474518112,-0.009181900060480697,192.94148864910707,188.0143116343379
2024-09-19,STOCK,190.24340929302548,-0.01861662583394108,193.24813523361192,190.63613567469284
2024-09-20,STOCK,189.95526848004775,-0.0015145902507135434,191.35032083941806,191.8046287440789
2024-09-21,STOCK,190.35735351626258,0.002116735373712819,190.1853437631119,192.01140553942923
2024-09-22,STOCK,194.76368347053682,0.023147673955751902,191.69210182228235,191.83439990101073
2024-09-23,STOCK,188.46977541602055,-0.03231561419646489,191.19693746760663,190.7578980351786
2024-09-24,STOCK,194.51876913285483,0.032095298588232346,192.5840760064707,191.61297000314454
2024-09-25,STOCK,194.09903137623897,-0.0021578265094263083,192.36252530837143,192.44172258238274
2024-09-26,STOCK,192.6414864755895,-0.0075092847723912115,193.7530956615611,192.8985491742481
2024-09-27,STOCK,188.97009800416947,-0.01905814027180086,191.90353861866595,191.73983208097465
2024-09-28,STOCK,183.00100735298633,-0.03158748772544662,188.20419727758176,190.64607846836782
2024-09-29,STOCK,186.2248974094758,0.017616788580135934,186.06533425554383,188.987304123692
2024-09-30,STOCK,186.68476178753662,0.0024694033099648127,185.3035555166662,187.5044502059515
2024-10-01,STOCK,182.11205975002272,-0.02449424363150765,185.00723964901167,185.3985648608382
2024-10-02,STOCK,177.63317958103573,-0.024594088799692604,182.14333370619832,183.13118117621144
2024-10-03,STOCK,176.62077872774836,-0.005699390483665412,178.7886726862689,181.85513545116385
2024-10-04,STOCK,182.79866786342618,0.03497826914918489,179.0175420574034,181.16988954195392
2024-10-05,STOCK,182.03401124075017,-0.004183053583559415,180.48448594397487,180.23973943259665
2024-10-06,STOCK,176.81972054098557,-0.028644595942394546,180.55079988172062,179.1812715907892
2024-10-07,STOCK,176.12884907853058,-0.003907208202463264,178.32752695342208,178.88040549028818
2024-10-08,STOCK,175.34603296887477,-0.004444564952029939,176.09820086279694,178.62545633851346
2024-10-09,STOCK,166.30502795200346,-0.05156093276701712,172.59330333313622,175.3267283562289
2024-10-10,STOCK,166.29074340758845,-8.589364128619437e-05,169.31393477615552,172.17807478959656
2024-10-11,STOCK,165.690076126855,-0.0036121510339345297,166.09528249548228,169.95214590677045
2024-10-12,STOCK,168.1814000919068,0.01503604816467341,166.72073987545005,168.3626561094457
2024-10-13,STOCK,174.69162579720083,0.038709546369196435,169.52103400532084,168.2317746751109
2024-10-14,STOCK,178.8510938706437,0.023810346113966485,173.9080399199171,170.74098785883896
2024-10-15,STOCK,178.06983556960375,-0.004368205327304309,177.2041850791494,173.096806291242
2024-10-16,STOCK,174.34660312203215,-0.020908832962426516,177.08917752075982,174.82811169027747
2024-10-17,STOCK,183.73830428174713,0.0538679904944368,178.71824765779434,177.9394925282455
2024-10-18,STOCK,184.14009514892192,0.0021867561516115686,180.74166751756704,179.8291863985897
2024-10-19,STOCK,184.37568464543713,0.00127940357761136,184.08469469203536,180.93410455354842
2024-10-20,STOCK,184.4711234335952,0.0005176321831243946,184.32896774265137,182.2143621263467
2024-10-21,STOCK,185.3886873780099,0.0049740248085223815,184.74516515234737,184.42277897754224
2024-10-22,STOCK,185.03915024828606,-0.001885428580715609,184.96632035329705,184.68294817085004
2024-10-23,STOCK,183.11130381409563,-0.01041858672396434,184.51304714679716,184.4771899038848
2024-10-24,STOCK,181.30070506434998,-0.009887968203120101,183.15038637557723,183.86219398766735
2024-10-25,STOCK,181.3632527365557,0.00034499409245825063,181.9250872050004,183.24061984825946
2024-10-26,STOCK,179.58227255815228,-0.009819961604848548,180.74874345301927,182.07933688428793
2024-10-27,STOCK,177.2172764314758,-0.013169429771586527,179.38760057539457,180.51496212092587
2024-10-28,STOCK,177.7725874308425,0.0031335037449433667,178.19071214015682,179.44721884427526
2024-10-29,STOCK,177.04529263197014,-0.004091152687729638,177.3450521647628,178.59613635779928
2024-10-30,STOCK,182.63423742735466,0.03156788137260702,179.15070583005573,178.85033329595908
2024-10-31,STOCK,173.37659078955454,-0.050689546320593304,177.68537361629308,177.60919694223952
2024-11-01,STOCK,177.38033118818495,0.02309273922389088,177.79705313503135,177.64180789358136
2024-11-02,STOCK,182.0384438849097,0.02626059307434092,177.59845528754968,178.4949791843948
2024-11-03,STOCK,174.81881421870443,-0.039659917499458186,178.07919643059964,178.04968350174164
2024-11-04,STOCK,173.79845762685267,-0.005836652058372027,176.88523857682222,176.2825275416413
2024-11-05,STOCK,172.68472292660857,-0.006408196686274903,173.76733159072185,176.14415396905207
2024-11-06,STOCK,168.0593661904003,-0.026784979341652915,171.5141822479538,174.27996096949514
2024-11-07,STOCK,165.63075667373667,-0.014450902509724917,168.79161526358183,170.99842352726054
2024-11-08,STOCK,162.1544760097121,-0.02098813489617879,165.28153295794968,168.46555588546207
2024-11-09,STOCK,168.10601892093115,0.036702920928698646,165.2970838681266,167.32706814427775
2024-11-10,STOCK,171.45286912403336,0.019909163423091902,167.23778801822553,167.08069738376273
2024-11-11,STOCK,176.0449772828973,0.026783501392104947,171.86795510928724,168.6778196022621
2024-11-12,STOCK,178.78303155436225,0.015553151891774863,175.42695932043094,171.30827457838723
2024-11-13,STOCK,174.96604403143334,-0.021349831075933468,176.5980176228976,173.8705881827315
2024-11-14,STOCK,173.3133998908844,-0.009445513554916074,175.68749182555996,174.91206437672213
2024-11-15,STOCK,175.19313726782212,0.01084588599681946,174.49086039671326,175.6601180054799
2024-11-16,STOCK,171.13392732833432,-0.023169914089056998,173.21348816234692,174.67790801456727
2024-11-17,STOCK,173.76545312081933,0.015376996446976987,173.3641725723252,173.6743923278587
2024-11-18,STOCK,173.10527083150563,-0.003799272395386133,172.66821709355307,173.30223768787314
2024-11-19,STOCK,171.98435187447748,-0.006475360060637425,172.95169194226744,173.0364280845918
2024-11-20,STOCK,174.62183529765895,0.015335601142983268,173.23715266788068,172.92216769055915
2024-11-21,STOCK,176.35657870294727,0.009934286868141573,174.3209219583612,173.96669796548173
2024-11-22,STOCK,175.26316379587263,-0.006200023356749185,175.4138592654929,174.26624010049238
2024-11-23,STOCK,179.5538626779649,0.02448146426872455,177.0578683922616,175.55595846978423
2024-11-24,STOCK,175.88914998711283,-0.020410102217766513,176.90205882031674,176.33691809231132
2024-11-25,STOCK,178.24743675454627,0.013407801263501717,177.89681647320796,177.0620383836888
2024-11-26,STOCK,180.5548670739999,0.012945096779321652,178.23048460521966,177.9016960578993
2024-11-27,STOCK,179.62004800572345,-0.005177479197463697,179.47411727808984,178.77307289986948
2024-11-28,STOCK,180.97636379131163,0.007551026740316713,180.38375962367832,179.05757312253883
2024-11-29,STOCK,176.68070278042018,-0.023736033374197385,179.0923715258184,179.2158836812003
2024-11-30,STOCK,180.15628150992436,0.01967152425142693,179.27111602721868,179.59765263227592
2024-12-01,STOCK,179.67086729314883,-0.0026944062827406468,178.83595052783107,179.42085267610568
2024-12-02,STOCK,177.98018104824843,-0.009409907517961225,179.26910995044054,179.09287928461066
2024-12-03,STOCK,181.93552865935325,0.022223528416529525,179.86219233358347,179.284712258219
2024-12-04,STOCK,179.57007332195883,-0.01300161301547309,179.82859434318684,179.86258636652673
2024-12-05,STOCK,174.75697359593906,-0.02680346249784149,178.75419185908368,178.7827247837297
2024-12-06,STOCK,169.56964086071523,-0.02968312295918807,174.63222925953767,176.76247949724296
2024-12-07,STOCK,171.80908716363754,0.013206646493765906,172.04523387343056,175.52826072032076
2024-12-08,STOCK,167.6327064600664,-0.02430826432127775,169.67047816147303,172.66769628046342
2024-12-09,STOCK,173.79408842580165,0.036755249592077766,171.07862734983516,171.512499301232
2024-12-10,STOCK,166.8729276389857,-0.039823913744746475,169.4332408416179,169.9356901098413
2024-12-11,STOCK,172.80464517361855,0.03554631430369337,171.15722041280193,170.58269097242197
2024-12-12,STOCK,173.70910453258065,0.00523399910953426,171.12889244839494,170.9626944462106
2024-12-13,STOCK,173.54689046296073,-0.0009338259503232083,173.35354672305326,172.14553124678943
2024-12-14,STOCK,171.8375309949079,-0.009849553993695248,173.03117533014972,171.7542197606107
2024-12-15,STOCK,173.388053344292,0.009023188010249372,172.92415826738684,173.05724490167196
2024-12-16,STOCK,173.4309385444676,0.0002473365341408851,172.8855076278891,173.1825035758418
2024-12-17,STOCK,177.477796162714,0.023334115886184614,174.76559601715783,173.93624190186844
2024-12-18,STOCK,178.06168977560128,0.0032899530279943967,176.32347482759428,174.83920176439656
2024-12-19,STOCK,178.7764418830006,0.004014070114127577,178.10530927377192,176.22698394201512
2024-12-20,STOCK,177.65862165980067,-0.006252614782049748,178.16558443946747,177.0810976051168
2024-12-21,STOCK,177.63394437509464,-0.00013890282653028496,178.0230026392986,177.92169877124223
2024-12-22,STOCK,178.90965824817093,0.0071817009838077706,178.0674080943554,178.20807118833363
2024-12-23,STOCK,173.0667932366795,-0.03265818664404696,176.53679861998162,177.20909188054927
2024-12-24,STOCK,168.63116927335125,-0.02562954961130104,173.5358735860672,175.18003735861942
2024-12-25,STOCK,171.32788582683642,0.015991803680811767,171.00861611228902,173.91389019202657
2024-12-26,STOCK,172.08636798979174,0.0044270794523311174,170.68180769665977,172.804374914966
2024-12-27,STOCK,171.62585116668015,-0.0026760796249643004,171.6800349944361,171.3476134986678
2024-12-28,STOCK,171.86091263201197,0.0013696157294131872,171.85771059616127,171.1064373777343
2024-12-29,STOCK,173.23293540891544,0.007983332311525926,172.23989973586916,172.02679060484712
2024-12-30,STOCK,171.5443686874817,-0.009747376949122866,172.21273890946966,172.0700871769762
2024-12-31,STOCK,169.06374754140617,-0.014460522167269119,171.28035054593443,171.46556308729907
2025-01-01,STOCK,169.89706493667106,0.0049290129160350915,170.16839372185294,171.11980584129725
2025-01-02,STOCK,166.77161435851878,-0.018396142271894456,168.57747561219864,170.1019461865986
2025-01-03,STOCK,168.30711110352516,0.009207182834516603,168.32526346623828,169.11678132552058
2025-01-04,STOCK,162.83520559376197,-0.03251143385378075,165.97131035193527,167.3749487067766
2025-01-05,STOCK,166.3878973569462,0.02181771288481338,165.84340468474443,166.83977866988465
2025-01-06,STOCK,168.13609540632035,0.010506762073107856,165.78639945234283,166.48758476381448
2025-01-07,STOCK,169.16834406378095,0.006139363799106068,167.89744560901582,166.96693070486694
2025-01-08,STOCK,172.6986481740935,0.020868585844769694,170.00102921473157,167.8452381189806
2025-01-09,STOCK,178.7266683631049,0.03490484872200428,173.53122020032643,171.02353067284918
2025-01-10,STOCK,182.57207886152526,0.021515594363388235,177.99913179957449,174.26036697376497
2025-01-11,STOCK,176.1485306158998,-0.03518362876558745,179.14909261350996,175.86285401568088
2025-01-12,STOCK,171.86959553282742,-0.02429163086465258,176.86340167008416,176.40310430949017
2025-01-13,STOCK,169.90503311093957,-0.011430540787608967,172.64105308655556,175.84438129685938
2025-01-14,STOCK,170.163795003752,0.001522979561432214,170.64614121583963,174.1318066249888
2025-01-15,STOCK,172.10670349370415,0.011417872350045544,170.72517720279856,172.0387315514246
2025-01-16,STOCK,169.7963499289791,-0.013423960356137687,170.68894947547838,170.76829541404044
2025-01-17,STOCK,170.6022992910512,0.004746564707717171,170.8351175712448,170.5148361656852
2025-01-18,STOCK,168.2123978824694,-0.014008611950209304,169.53701570083322,170.17630911999117
2025-01-19,STOCK,166.33388071222754,-0.011167531013703158,168.38285929524935,169.41032626168627
2025-01-20,STOCK,161.88138504933391,-0.026768422908360123,165.4758878813436,167.36526257281224
2025-01-21,STOCK,159.07872589113023,-0.01731304162828584,162.4313305508972,165.22173776524247
2025-01-22,STOCK,154.99076259182667,-0.025697737245527597,158.65029117743026,162.09943042539754
2025-01-23,STOCK,152.14713619255895,-0.018347070184798753,155.40554155850523,158.88637808741547
2025-01-24,STOCK,155.54279298956536,0.02231824326097631,154.22689725798364,156.72816054288302
2025-01-25,STOCK,152.76990676142677,-0.017827159811413473,153.48661198118367,154.90586488530158
2025-01-26,STOCK,161.18947773645147,0.055112758484386015,156.50072582914783,155.32801525436585
2025-01-27,STOCK,162.95057131809435,0.010925611313924,158.96998527199082,156.91997699961937
2025-01-28,STOCK,163.71770502540434,0.004707769362848557,162.61925135998334,159.23409076618844
2025-01-29,STOCK,161.09213658825956,-0.016037168592959228,162.58680431058607,160.34395948592731
2025-01-30,STOCK,163.52774593208687,0.015119355887944774,162.77919584858356,162.49552732005932
2025-01-31,STOCK,161.81762335512232,-0.010457690633580707,162.1458352918229,162.6211564437935
2025-02-01,STOCK,162.37526639390003,0.0034461205597731137,162.57354522703636,162.50609545895463
2025-02-02,STOCK,171.07666790817416,0.05358822009976394,165.0898525523988,163.97788803550858
2025-02-03,STOCK,170.91914499082995,-0.0009207738218794947,168.12369309763469,165.94328971602266
2025-02-04,STOCK,175.06828098740112,0.024275431501800337,172.35469796213508,168.2513967270855
2025-02-05,STOCK,172.79614487891368,-0.012978570964839453,172.92785695238157,170.44710103184377
2025-02-06,STOCK,172.84803128687577,0.0003002752636549477,173.5708190510635,172.54165401043892
2025-02-07,STOCK,179.25848048505375,0.03708719821944961,174.96755221694772,174.17801652581483
2025-02-08,STOCK,177.2018446560401,-0.011473018311036864,176.43611880932318,175.4345564588569
2025-02-09,STOCK,183.92690427388888,0.037951408637435735,180.1290764716609,177.20628111615443
2025-02-10,STOCK,186.7355524575818,0.015270458635624706,182.6214337958369,179.99416263188806
2025-02-11,STOCK,184.83141188408865,-0.010196990066611344,185.16462287185308,182.39083875133065
2025-02-12,STOCK,187.37131265538358,0.013741716007059201,186.31275899901797,184.0134051853966
2025-02-13,STOCK,191.2427122817768,0.020661645432956677,187.81514560708297,186.82157871054395
2025-02-14,STOCK,193.82962770537102,0.01352687060714075,190.81455088084377,188.80212339684036
2025-02-15,STOCK,188.02502602237453,-0.029946926853823053,191.0324553365074,189.06001810979893
2025-02-16,STOCK,185.49581619614142,-0.013451453137584668,189.11682330796233,189.19289897220946
2025-02-17,STOCK,184.76448405416147,-0.003942580253166739,186.09510875755913,188.67153325196506
2025-02-18,STOCK,184.67421751274227,-0.0004885492029558236,184.97817258768168,187.35783429815814
2025-02-19,STOCK,187.1680222714602,0.013503805741295949,185.53557461278797,186.025513211376
2025-02-20,STOCK,188.02233298932507,0.004564405326812793,186.62152425784248,186.0249746047661
2025-02-21,STOCK,183.25046185107766,-0.025379278420709306,186.14693903728758,185.57590373575334
2025-02-22,STOCK,184.8339432833591,0.00864107744278586,185.36891270792057,185.58979558159285
2025-02-23,STOCK,187.29211925095353,0.013299375233400301,185.1255081284634,186.11337592923513
2025-02-24,STOCK,189.59028365858137,0.012270481090282948,187.23878206429796,186.59782820665936
2025-02-25,STOCK,193.92683650083666,0.02287328632338914,190.2697464701238,187.77872890896168
2025-02-26,STOCK,197.3856441301192,0.017835631683021935,193.63425476317903,190.60576536476998
2025-02-27,STOCK,199.4060107324491,0.010235630920544692,196.9061637878016,193.52017885458798
2025-02-28,STOCK,199.32560366668488,-0.0004032329089221909,198.70575284308438,195.92687573773424
2025-03-01,STOCK,193.0058440056439,-0.03170570937594641,197.24581946825924,196.60998780714675
2025-03-02,STOCK,194.86613441677747,0.009638518567754772,195.7325273630354,196.7978473903349
2025-03-03,STOCK,195.8730188750672,0.005167057176472811,194.58166576582948,196.4953223393245
2025-03-04,STOCK,197.13685108840792,0.006452303745554833,195.95866812675084,196.04149041051627
2025-03-05,STOCK,192.35895649068834,-0.024236435609783058,195.12294215138778,194.64816097531698
2025-03-06,STOCK,188.43291610481498,-0.02040996924447036,192.64290789463703,193.73357539515118
2025-03-07,STOCK,192.6365239889486,0.022308246197258796,191.14279886148393,193.2876533095854
2025-03-08,STOCK,192.6767693694634,0.00020891874334849625,191.24873648774226,192.64840340846465
2025-03-09,STOCK,195.51635412708407,0.014737556410735264,193.60988249516535,192.32430401619985
2025-03-10,STOCK,195.82284457000088,0.0015675949169837722,194.67198935551608,193.01708163206237
2025-03-11,STOCK,196.13545531213572,0.0015963956749851516,195.8248846697402,194.55758947352655
2025-03-12,STOCK,200.05077217037976,0.01996231049614705,197.33635735083877,196.04043910981278
2025-03-13,STOCK,198.1947831914537,-0.009277589677811116,198.1270035579897,197.1440418742108
2025-03-14,STOCK,198.77483787314267,0.002926689957972517,199.006797744992,197.79573862342255
2025-03-15,STOCK,197.14257745395204,-0.008211604832158548,198.03739950618277,198.05968520021278
2025-03-16,STOCK,195.63238000234594,-0.007660432723919586,197.18326510981353,197.95907013825482
2025-03-17,STOCK,194.62095441322123,-0.005170031612929282,195.7986372898397,196.8731065868231
2025-03-18,STOCK,195.68310093791683,0.00545751369834746,195.31214511782798,196.37077013611574
2025-03-19,STOCK,194.01229752617263,-0.008538312218765776,194.7721176257702,195.41826206672172
2025-03-20,STOCK,199.145690290931,0.02645911022246339,196.2803629183401,195.81888463411752
2025-03-21,STOCK,195.80994547011886,-0.016750273711366503,196.32264442907413,195.85439772767214
2025-03-22,STOCK,195.27466187225136,-0.0027336895303369246,196.74343254443372,195.98513921947813
2025-03-23,STOCK,193.75848654230094,-0.007764321880850522,194.94769796155705,195.60021634035496
2025-03-24,STOCK,199.64724344363228,0.030392252780348405,196.2267972860615,196.7272055238469
2025-03-25,STOCK,200.63415434959356,0.004943273390298097,198.0132947785089,197.0248983355794
2025-03-26,STOCK,205.02255813953388,0.021872665719186557,201.7679853109199,198.86742086946242
2025-03-27,STOCK,199.21981345282381,-0.02830295719342668,201.62550864731705,199.6564511855769
2025-03-28,STOCK,200.48708097808975,0.006361152052609675,201.57648419014913,201.00217007273466
2025-03-29,STOCK,204.29038274974295,0.018970308476229603,201.33242572688548,201.9307979339568
2025-03-30,STOCK,204.83158529438947,0.0026491826847743205,203.20301634074067,202.77028412291597
2025-03-31,STOCK,209.45265300526006,0.022560327813843095,206.19154034979746,203.6563030960612
2025-04-01,STOCK,207.5042756173844,-0.009302233034148899,207.2628379723446,205.3131955289733
2025-04-02,STOCK,213.64994264718803,0.029617062161820584,210.20229042327745,207.945767862793
2025-04-03,STOCK,223.92627229133902,0.0480989113164465,215.0268301853038,211.8729457711122
2025-04-04,STOCK,222.5295907527365,-0.006237238374536713,220.03526856375447,215.41254686278162
2025-04-05,STOCK,220.77631386416547,-0.00787884830345631,222.41072563608031,217.6772790345627
2025-04-06,STOCK,227.51535349981933,0.0305242873100966,223.60708603890706,221.67949461104968
2025-04-07,STOCK,235.05256428480916,0.033128361093203385,227.78141054959795,225.96001893857388
2025-04-08,STOCK,232.8401033793778,-0.009412621862531778,231.8026737213354,227.74278515618167
2025-04-09,STOCK,231.1225825254439,-0.007376396200681423,233.0050833965436,229.46138351072312
2025-04-10,STOCK,230.05364891549027,-0.004624963940232707,231.33877827343733,231.3168505209881
2025-04-11,STOCK,224.17422229763486,-0.025556763153168682,228.45015124618965,230.64862428055122
2025-04-12,STOCK,220.31327015228118,-0.017222997835261822,224.8470471218021,227.70076545404558
2025-04-13,STOCK,216.14893271412456,-0.018901891090256195,220.21214172134682,224.36253132099495
2025-04-14,STOCK,213.06807638560915,-0.014253395979475392,216.51009308400492,220.751630093028
2025-04-15,STOCK,213.13334961344972,0.00030634916758920383,214.11678623772778,217.3675702326199
2025-04-16,STOCK,214.34831220381926,0.005700480908187533,213.51657940095936,215.4023882138568
2025-04-17,STOCK,221.32059995936007,0.03252784070868264,216.26742059220965,215.60385417527255
2025-04-18,STOCK,217.1623538094037,-0.018788337600385674,217.610421990861,215.80653839432838
2025-04-19,STOCK,221.70145865374064,0.020901895585091923,220.06147080750145,217.5332148479547
2025-04-20,STOCK,220.97551844608316,-0.0032744042915444638,219.94644363640916,219.10164861448138
2025-04-21,STOCK,220.97788859954588,1.0725864473037916e-05,221.21828856645652,220.4275638936267
2025-04-22,STOCK,224.20460155756336,0.014601972072712188,222.05266953439744,221.00436421326737
2025-04-23,STOCK,219.4456501500528,-0.021225931022154865,221.54271343572066,221.4610234813972
2025-04-24,STOCK,221.35168892556126,0.008685698596464064,221.66731354439244,221.3910695357613
2025-04-25,STOCK,222.31200729332008,0.004338428012093276,221.0364487896447,221.65836730520869
2025-04-26,STOCK,224.73700653413616,0.01090808935756904,222.8002342510058,222.41019089212674
2025-04-27,STOCK,226.26666370096228,0.00680643206215259,224.4385591761395,222.82260332080654
2025-04-28,STOCK,237.89281959030305,0.05138253996048703,229.63216327513382,226.51203720885655
2025-04-29,STOCK,235.11280839752945,-0.011685981937417544,233.0907638962649,229.2642611032502
2025-04-30,STOCK,232.86188174673114,-0.009573815506437322,235.28916991152118,231.37423599393242
2025-05-01,STOCK,230.20787039209043,-0.011397362826120694,232.72752017878364,232.4684087655233
2025-05-02,STOCK,227.8922985765884,-0.010058612729261451,230.3206835718033,232.79353574064848
2025-05-03,STOCK,225.23074277077262,-0.011679007243508455,227.77697057981712,230.26112037674238
2025-05-04,STOCK,230.88176294563286,0.02508991492609658,228.00160143099797,229.41491128636306
2025-05-05,STOCK,237.7728522722174,0.029846832589403016,231.29511932954094,230.39710539146034
2025-05-06,STOCK,235.30931667942048,-0.010360878330956447,234.6546439657569,231.41739464892635
2025-05-07,STOCK,231.65606155421438,-0.015525331409564247,234.9127435019507,232.17014724445153
2025-05-08,STOCK,234.0844831994939,0.010482875470587238,233.6832871443762,233.9408953301958
2025-05-09,STOCK,231.74499985793057,-0.009994183764711728,232.49518153721291,234.11354271265537
2025-05-10,STOCK,234.9320362766522,0.013752341671559032,233.58717311135885,233.54537951354231
2025-05-11,STOCK,236.12344148040677,0.005071276027895921,234.26682587166314,233.70820447373958
2025-05-12,STOCK,229.3019841954806,-0.028889369230594597,233.45248731751315,233.23738900199282
2025-05-13,STOCK,236.74649969127253,0.03246598812440049,234.05730845571995,233.76979230034854
2025-05-14,STOCK,245.64993661572325,0.03760747016771604,237.23280683415877,236.55077965190708
2025-05-15,STOCK,242.90045926847608,-0.011192664590621293,241.7656318584906,238.14446425027182
2025-05-16,STOCK,241.26542972408558,-0.0067312739931187915,243.27194186942825,239.17286189900761
2025-05-17,STOCK,242.89153930536938,0.0067399195282285,242.35247609931034,241.89077292098537
2025-05-18,STOCK,244.76636398942847,0.007718773117502575,242.97444433962778,243.49474578061654
2025-05-19,STOCK,248.25961285356288,0.014271768421110664,245.3058387161202,244.01668102818448
2025-05-20,STOCK,258.7025937988288,0.04206475964910861,250.57619021394,247.17710793425505
2025-05-21,STOCK,258.0465953824587,-0.002535724156210839,255.00293401161676,250.53334106592965
2025-05-22,STOCK,254.21343920421026,-0.014854511730980957,256.9875427951659,252.79772104569778
2025-05-23,STOCK,247.54387559322916,-0.02623607796605676,253.26797005996602,253.35322336645794
2025-05-24,STOCK,244.1955260396173,-0.013526287190857245,248.65094694568552,252.54040600366883
2025-05-25,STOCK,244.2779463003274,0.000337517488738559,245.33911597772456,249.65547650396857
2025-05-26,STOCK,253.45793146603754,0.037580081643652896,247.3104679353274,248.73774372068434
2025-05-27,STOCK,251.0985853797312,-0.009308629927891943,249.61148771536534,248.1147729557885
2025-05-28,STOCK,252.47731206933472,0.005490778402907015,252.3446096383678,249.10146025100963
2025-05-29,STOCK,252.6469181507035,0.0006717676134091466,252.07427186658978,250.79173867322683
2025-05-30,STOCK,258.98257955579714,0.02507713710291304,254.70226992527842,253.7326653243208
2025-05-31,STOCK,272.68013662853394,0.05288987813864021,261.4365447783448,257.5771063568201
2025-06-01,STOCK,270.07023967060417,-0.009571276405384799,267.2443186183117,261.37143721499467
2025-06-02,STOCK,267.70704936129476,-0.008750280342594285,270.15247522014425,264.41738467338666
2025-06-03,STOCK,273.6299102288618,0.02212441129846221,270.4690664202535,268.61398308901835
2025-06-04,STOCK,277.6647166424509,0.014745487473260654,273.00055874420246,272.3504105063491
2025-06-05,STOCK,288.4000206729925,0.03866283105881796,279.8982158481017,275.49438731524083
2025-06-06,STOCK,292.0797965522129,0.012759277446074524,286.0481779558854,279.8962986915626
2025-06-07,STOCK,290.2786137924473,-0.006166748885158224,290.25281033921755,284.4106115777931
2025-06-08,STOCK,294.0219121244958,0.012895536061519941,292.12677415638535,288.48901195691985
2025-06-09,STOCK,300.91516079896206,0.023444676706773748,295.07189557196835,293.1391007882221
2025-06-10,STOCK,306.1998553539418,0.017562074775323122,300.37897609246653,296.699067724412
2025-06-11,STOCK,309.6316891009333,0.011207822887520758,305.58223508461236,300.209446234156
2025-06-12,STOCK,316.62464440650723,0.022584753278578118,310.8187296204607,305.47865235696804
2025-06-13,STOCK,324.44073902759425,0.024685679902579194,316.89902417834486,311.5624177375877
2025-06-14,STOCK,333.86812406413884,0.029057340532511855,324.97783583274673,318.1530103906231
2025-06-15,STOCK,338.5664142147721,0.014072293255916524,332.2917591021683,324.62632216278917
2025-06-16,STOCK,337.774297319195,-0.002339620418092103,336.736278532702,330.2548438064415
2025-06-17,STOCK,339.10581141633514,0.003942023142992079,338.4821743167674,334.7510772084071
2025-06-18,STOCK,347.735580941526,0.025448604048238233,341.5385632256853,339.4100455911934
2025-06-19,STOCK,342.4424631066811,-0.015221674527850504,343.0946184881807,341.1249133997019
2025-06-20,STOCK,345.3219322334382,0.008408621701392338,345.1666587605484,342.47601700343506
2025-06-21,STOCK,342.9588066048551,-0.006843253810434491,343.5744006483248,343.5129188605671
2025-06-22,STOCK,343.49935675839,0.0015761372594162992,343.9266985322277,344.3916279289781
2025-06-23,STOCK,352.74812533967713,0.026925140904390465,346.4020962343074,345.3941368086083
2025-06-24,STOCK,354.45317778678805,0.004833625821452747,350.23355329495166,347.7962797446297
2025-06-25,STOCK,355.1374823132925,0.0019305921610781596,354.1129284799192,349.7593897606006
2025-06-26,STOCK,345.9547083636885,-0.02585695514252473,351.84845615458966,350.3585701123672
2025-06-27,STOCK,351.508163990336,0.01605255107789838,350.86678488910565,351.9603315587564
2025-06-28,STOCK,356.43169433379575,0.014006873375479012,351.2981888959401,352.6970453575802
2025-06-29,STOCK,372.56358275606,0.045259410649258536,360.16781369339725,356.31912635143453
2025-06-30,STOCK,370.647749944198,-0.00514229758499074,366.54767567801787,359.4211798776156
2025-07-01,STOCK,372.6483289451862,0.005397520965092717,371.95322054848134,364.75990399391515
2025-07-02,STOCK,374.8863190248848,0.0060056356244329034,372.727465971423,369.4355350008249
2025-07-03,STOCK,387.2892757413671,0.033084580810373465,378.274641237146,375.6070512823392
2025-07-04,STOCK,386.9385851338791,-0.0009055004345697171,383.03805996671025,378.4820517579031
2025-07-05,STOCK,389.49320363349926,0.006602129117560862,387.9070215029151,382.2511424957633
2025-07-06,STOCK,394.65199308511643,0.013244876684604279,390.3612606174982,386.6518753237493
2025-07-07,STOCK,396.5239841340625,0.004743396921201848,393.5563936175593,390.97940834558483
2025-07-08,STOCK,393.3925060448277,-0.007897323275598,394.8561610880022,392.200054406277
2025-07-09,STOCK,395.31766482152466,0.00489373525706549,395.0780516668049,393.87587034380607
2025-07-10,STOCK,404.3020679117443,0.02272704685300586,397.67074625936556,396.8376431994551
2025-07-11,STOCK,396.48253232582994,-0.019340825107086235,398.70075501969956,397.20375104759785
2025-07-12,STOCK,397.9360758425052,0.0036660972380007095,399.57355869335976,397.4861693892864
2025-07-13,STOCK,392.7954381040809,-0.012918250067025405,395.73801542413867,397.366755801137
2025-07-14,STOCK,402.6992056130086,0.025213550230446913,397.8102398531982,398.84306395943383
2025-07-15,STOCK,391.0072715424514,-0.029033913917856258,395.5006384198469,396.1841046855752
2025-07-16,STOCK,387.0476144291495,-0.010126811958462545,393.58469719486976,394.29712110623916
2025-07-17,STOCK,390.36880950588426,0.00858084368155354,389.4745651591617,392.78366783891494
2025-07-18,STOCK,403.1877918900329,0.03283813171542693,393.53473860835555,394.86213859610535
2025-07-19,STOCK,403.0608056320759,-0.00031495561252403714,398.87246900933104,394.9344585999188
2025-07-20,STOCK,399.008788312408,-0.010053116708566123,401.7524619448389,396.5347619539101
2025-07-21,STOCK,414.7212400801336,0.039378711015817025,405.5969446748725,402.0694870841069
2025-07-22,STOCK,403.2861283293855,-0.027573007228996915,405.67205224064236,404.65295084880717
2025-07-23,STOCK,386.32160136760734,-0.04206573390474355,401.44298992570884,401.27971274432207
2025-07-24,STOCK,390.126277720431,0.009848469097650359,393.24466913914125,398.6928071619931
2025-07-25,STOCK,386.61500983565037,-0.00900033677633183,387.68762964122953,396.21405146664154
2025-07-26,STOCK,379.1776144111424,-0.019237213339620807,385.30630065574115,389.10532633284333
2025-07-27,STOCK,384.9724848679597,0.01528273357016774,383.5883697049174,385.4425976405581
2025-07-28,STOCK,387.24124779847574,0.005893311911094656,383.7971156925259,385.6265269267318
2025-07-29,STOCK,383.2801966013139,-0.010228897927793135,385.1646430892497,384.2573107029084
2025-07-30,STOCK,373.9642548373341,-0.02430582598993536,381.49523307904127,381.72715970324515
2025-07-31,STOCK,380.9276126805361,0.018620383507591765,379.390688039728,382.0771593571239
2025-08-01,STOCK,386.2996592828613,0.014102539231857891,380.3971756002438,382.34259424010423
2025-08-02,STOCK,385.91991366819997,-0.0009830337809935141,384.3823952105324,382.0783274140491
2025-08-03,STOCK,400.8401062729955,0.038661370083181046,391.01989307468557,385.5903093483854
2025-08-04,STOCK,392.74514479699775,-0.020194988847958784,393.16838824606435,389.34648734031816
2025-08-05,STOCK,381.3243828964569,-0.02907932039858574,391.6365446554833,389.4258413835023
2025-08-06,STOCK,376.4601695113715,-0.01275610373545455,383.5098990682754,387.4579434292043
2025-08-07,STOCK,376.49340475896884,8.828356965495665e-05,378.0926523889323,385.57264164735807
2025-08-08,STOCK,378.7087041123373,0.005884032297422737,377.22075946089245,381.1463612152264
2025-08-09,STOCK,377.26301535986335,-0.00381741622723597,377.4883747437231,378.0499353277995
2025-08-10,STOCK,380.3088575455066,0.008073524468699578,378.76019233923563,377.8468302576095
2025-08-11,STOCK,371.27867163268934,-0.023744348136137572,376.2835148460197,376.8105306818731
2025-08-12,STOCK,382.53808204141984,0.030326036125957634,378.0418704065385,378.0194661383633
2025-08-13,STOCK,382.2921801079088,-0.0006428168725026717,378.7029779273393,378.7361613374776
2025-08-14,STOCK,391.32213766100057,0.023620565690208206,385.3841332701097,381.54798579770505
2025-08-15,STOCK,394.40788274109025,0.007885434487641563,389.3407335033332,384.3677908368217
2025-08-16,STOCK,398.4255573301004,0.010186598100138777,394.7185259107303,389.79716797630397
2025-08-17,STOCK,403.39491463546943,0.012472486299998753,398.74278490221997,393.9685344951139
2025-08-18,STOCK,407.4304284531159,0.010003878758097828,403.0836334728952,398.99618416415535
2025-08-19,STOCK,413.1144385837456,0.013950872918868873,407.97992722411027,403.35464434870426
2025-08-20,STOCK,424.66800382471706,0.02796698483979365,415.0709569538595,409.40666856542964
2025-08-21,STOCK,426.76696702210995,0.0049425979317698765,421.5164698101908,415.0749505038316
2025-08-22,STOCK,433.2947423622459,0.015295877714447847,428.24323773635757,421.0549160491869
2025-08-23,STOCK,432.95053380564633,-0.0007943981843007153,431.00408106333407,426.158937119693
2025-08-24,STOCK,446.0476679639701,0.030250878878008702,437.4309813772874,432.7455829957379
2025-08-25,STOCK,440.4945086442714,-0.01244969925534356,439.8309034712959,435.9108839596487
2025-08-26,STOCK,457.10667482005493,0.037712538635070736,447.8829504760988,441.9788255192378
2025-08-27,STOCK,457.1966610053367,0.00019686036157140485,451.5992814898877,446.7592092478559
2025-08-28,STOCK,444.7436846694445,-0.027237679970166795,453.01567349827866,449.1178394206155
2025-08-29,STOCK,446.330725856638,0.00356844007436119,449.4236905104731,449.17445099914914
2025-08-30,STOCK,440.7329700066048,-0.01254172192445302,443.93579351089573,449.22214327161583
2025-08-31,STOCK,448.6540284904571,0.017972466375124174,445.2392414512333,447.53161400569627
2025-09-01,STOCK,443.2790906993581,-0.0119801393719422,444.2220297321399,444.7480999445005
2025-09-02,STOCK,439.78057291111026,-0.007892359151721484,443.90456403364175,443.75547759283364
2025-09-03,STOCK,423.8947062063743,-0.03612225660533408,435.65145660561416,439.2682736627809
2025-09-04,STOCK,420.497680601962,-0.00801384295362828,428.05765323981547,435.2212157818523
2025-09-05,STOCK,400.9999798492699,-0.046368152910570726,415.1307888858687,425.6904060536149
2025-09-06,STOCK,388.88486408252714,-0.030212260288134285,403.46084151125297,414.8115607302487
2025-09-07,STOCK,395.23938278649666,0.016340360067654824,395.04140890609784,405.903322705326
2025-09-08,STOCK,401.90173437361375,0.016856497295756556,395.3419937475458,401.5047283387739
2025-09-09,STOCK,405.7417072536727,0.00955450686482795,400.96094147126104,398.55353366911606
2025-09-10,STOCK,398.3684159184382,-0.018172377163643838,402.0039525152415,398.0272208829497
2025-09-11,STOCK,398.38665080433304,4.577392475457742e-05,400.83225799214796,399.92757822731085
2025-09-12,STOCK,398.75650496188206,0.0009283798962698153,398.50385722821767,400.63100266238797
2025-09-13,STOCK,390.0144046985803,-0.021923404770882504,395.71918682159844,398.25353672738123
2025-09-14,STOCK,402.3215480248522,0.03155561224920245,397.03081922843813,397.5695048816172
2025-09-15,STOCK,409.85313385376946,0.01872031430057053,400.7296955257339,399.8664484686834
2025-09-16,STOCK,408.45412297578696,-0.0034134443839135553,406.8762682848028,401.8799429029742
2025-09-17,STOCK,409.08269289189775,0.0015388996725784754,409.1299832404847,403.94518048897737
2025-09-18,STOCK,411.20216321964307,0.005181031523876722,409.5796596957759,408.1827321931899
2025-09-19,STOCK,395.14400872414245,-0.03905172669756407,405.14295494522776,406.74722433304794
2025-09-20,STOCK,393.5888080164959,-0.003935782077698846,399.9783266534271,403.4943591655932
2025-09-21,STOCK,388.6452776281189,-0.012560139637328827,392.45936478958566,399.5325900960596
2025-09-22,STOCK,381.31837065101365,-0.01885242764770223,387.85081876520945,393.9797256478828
2025-09-23,STOCK,379.5599816806312,-0.004611340826250809,383.1745433199212,387.6512893400804
2025-09-24,STOCK,393.8485203983094,0.037645008450076345,384.9089575766514,387.3921916749138
2025-09-25,STOCK,399.32803684906816,0.013912751138984047,390.91217964266957,388.54003744142824
2025-09-26,STOCK,395.18722771142035,-0.01036944255234673,396.1212616529326,389.84842745808857
