agent,generator,run_id,total_steps,start_value,final_cumulative_reward,average_reward
Always Up Agent,Constant Generator,001,10000,0.0,-10000,-1.0
Always Up Agent,Constant Generator,002,10000,0.0,-10000,-1.0
Always Up Agent,Constant Generator,003,10000,0.0,-10000,-1.0
Always Up Agent,Constant Generator,004,10000,0.0,-10000,-1.0
Always Up Agent,Constant Generator,005,10000,0.0,-10000,-1.0
Always Up Agent,Constant Generator,006,10000,0.0,-10000,-1.0
Always Up Agent,Constant Generator,007,10000,0.0,-10000,-1.0
Always Up Agent,Constant Generator,008,10000,0.0,-10000,-1.0
Always Up Agent,Constant Generator,009,10000,0.0,-10000,-1.0
Always Up Agent,Constant Generator,010,10000,0.0,-10000,-1.0
Always Up Agent,Constant Generator,011,10000,0.0,-10000,-1.0
Always Up Agent,Constant Generator,012,10000,0.0,-10000,-1.0
Always Up Agent,Constant Generator,013,10000,0.0,-10000,-1.0
Always Up Agent,Constant Generator,014,10000,0.0,-10000,-1.0
Always Up Agent,Constant Generator,015,10000,0.0,-10000,-1.0
Always Up Agent,Constant Generator,016,10000,0.0,-10000,-1.0
Always Up Agent,Constant Generator,017,10000,0.0,-10000,-1.0
Always Up Agent,Constant Generator,018,10000,0.0,-10000,-1.0
Always Up Agent,Constant Generator,019,10000,0.0,-10000,-1.0
Always Up Agent,Constant Generator,020,10000,0.0,-10000,-1.0
Always Up Agent,Constant Generator,021,10000,0.0,-10000,-1.0
Always Up Agent,Constant Generator,022,10000,0.0,-10000,-1.0
Always Up Agent,Constant Generator,023,10000,0.0,-10000,-1.0
Always Up Agent,Constant Generator,024,10000,0.0,-10000,-1.0
Always Up Agent,Constant Generator,025,10000,0.0,-10000,-1.0
Always Up Agent,Constant Generator,026,10000,0.0,-10000,-1.0
Always Up Agent,Constant Generator,027,10000,0.0,-10000,-1.0
Always Up Agent,Constant Generator,028,10000,0.0,-10000,-1.0
Always Up Agent,Constant Generator,029,10000,0.0,-10000,-1.0
Always Up Agent,Constant Generator,030,10000,0.0,-10000,-1.0
Always Up Agent,Constant Generator,031,10000,0.0,-10000,-1.0
Always Up Agent,Constant Generator,032,10000,0.0,-10000,-1.0
Always Up Agent,Constant Generator,033,10000,0.0,-10000,-1.0
Always Up Agent,Constant Generator,034,10000,0.0,-10000,-1.0
Always Up Agent,Constant Generator,035,10000,0.0,-10000,-1.0
Always Up Agent,Constant Generator,036,10000,0.0,-10000,-1.0
Always Up Agent,Constant Generator,037,10000,0.0,-10000,-1.0
Always Up Agent,Constant Generator,038,10000,0.0,-10000,-1.0
Always Up Agent,Constant Generator,039,10000,0.0,-10000,-1.0
Always Up Agent,Constant Generator,040,10000,0.0,-10000,-1.0
Always Up Agent,Constant Generator,041,10000,0.0,-10000,-1.0
Always Up Agent,Constant Generator,042,10000,0.0,-10000,-1.0
Always Up Agent,Constant Generator,043,10000,0.0,-10000,-1.0
Always Up Agent,Constant Generator,044,10000,0.0,-10000,-1.0
Always Up Agent,Constant Generator,045,10000,0.0,-10000,-1.0
Always Up Agent,Constant Generator,046,10000,0.0,-10000,-1.0
Always Up Agent,Constant Generator,047,10000,0.0,-10000,-1.0
Always Up Agent,Constant Generator,048,10000,0.0,-10000,-1.0
Always Up Agent,Constant Generator,049,10000,0.0,-10000,-1.0
Always Up Agent,Constant Generator,050,10000,0.0,-10000,-1.0
Always Up Agent,Constant Generator,051,10000,0.0,-10000,-1.0
Always Up Agent,Constant Generator,052,10000,0.0,-10000,-1.0
Always Up Agent,Constant Generator,053,10000,0.0,-10000,-1.0
Always Up Agent,Constant Generator,054,10000,0.0,-10000,-1.0
Always Up Agent,Constant Generator,055,10000,0.0,-10000,-1.0
Always Up Agent,Constant Generator,056,10000,0.0,-10000,-1.0
Always Up Agent,Constant Generator,057,10000,0.0,-10000,-1.0
Always Up Agent,Constant Generator,058,10000,0.0,-10000,-1.0
Always Up Agent,Constant Generator,059,10000,0.0,-10000,-1.0
Always Up Agent,Constant Generator,060,10000,0.0,-10000,-1.0
Always Up Agent,Constant Generator,061,10000,0.0,-10000,-1.0
Always Up Agent,Constant Generator,062,10000,0.0,-10000,-1.0
Always Up Agent,Constant Generator,063,10000,0.0,-10000,-1.0
Always Up Agent,Constant Generator,064,10000,0.0,-10000,-1.0
Always Up Agent,Constant Generator,065,10000,0.0,-10000,-1.0
Always Up Agent,Constant Generator,066,10000,0.0,-10000,-1.0
Always Up Agent,Constant Generator,067,10000,0.0,-10000,-1.0
Always Up Agent,Constant Generator,068,10000,0.0,-10000,-1.0
Always Up Agent,Constant Generator,069,10000,0.0,-10000,-1.0
Always Up Agent,Constant Generator,070,10000,0.0,-10000,-1.0
Always Up Agent,Constant Generator,071,10000,0.0,-10000,-1.0
Always Up Agent,Constant Generator,072,10000,0.0,-10000,-1.0
Always Up Agent,Constant Generator,073,10000,0.0,-10000,-1.0
Always Up Agent,Constant Generator,074,10000,0.0,-10000,-1.0
Always Up Agent,Constant Generator,075,10000,0.0,-10000,-1.0
Always Up Agent,Constant Generator,076,10000,0.0,-10000,-1.0
Always Up Agent,Constant Generator,077,10000,0.0,-10000,-1.0
Always Up Agent,Constant Generator,078,10000,0.0,-10000,-1.0
Always Up Agent,Constant Generator,079,10000,0.0,-10000,-1.0
Always Up Agent,Constant Generator,080,10000,0.0,-10000,-1.0
Always Up Agent,Constant Generator,081,10000,0.0,-10000,-1.0
Always Up Agent,Constant Generator,082,10000,0.0,-10000,-1.0
Always Up Agent,Constant Generator,083,10000,0.0,-10000,-1.0
Always Up Agent,Constant Generator,084,10000,0.0,-10000,-1.0
Always Up Agent,Constant Generator,085,10000,0.0,-10000,-1.0
Always Up Agent,Constant Generator,086,10000,0.0,-10000,-1.0
Always Up Agent,Constant Generator,087,10000,0.0,-10000,-1.0
Always Up Agent,Constant Generator,088,10000,0.0,-10000,-1.0
Always Up Agent,Constant Generator,089,10000,0.0,-10000,-1.0
Always Up Agent,Constant Generator,090,10000,0.0,-10000,-1.0
Always Up Agent,Constant Generator,091,10000,0.0,-10000,-1.0
Always Up Agent,Constant Generator,092,10000,0.0,-10000,-1.0
Always Up Agent,Constant Generator,093,10000,0.0,-10000,-1.0
Always Up Agent,Constant Generator,094,10000,0.0,-10000,-1.0
Always Up Agent,Constant Generator,095,10000,0.0,-10000,-1.0
Always Up Agent,Constant Generator,096,10000,0.0,-10000,-1.0
Always Up Agent,Constant Generator,097,10000,0.0,-10000,-1.0
Always Up Agent,Constant Generator,098,10000,0.0,-10000,-1.0
Always Up Agent,Constant Generator,099,10000,0.0,-10000,-1.0
Always Up Agent,Constant Generator,100,10000,0.0,-10000,-1.0
Always Up Agent,Linear Trend Generator,001,10000,0.0,10000,1.0
Always Up Agent,Linear Trend Generator,002,10000,0.0,10000,1.0
Always Up Agent,Linear Trend Generator,003,10000,0.0,10000,1.0
Always Up Agent,Linear Trend Generator,004,10000,0.0,10000,1.0
Always Up Agent,Linear Trend Generator,005,10000,0.0,10000,1.0
Always Up Agent,Linear Trend Generator,006,10000,0.0,10000,1.0
Always Up Agent,Linear Trend Generator,007,10000,0.0,10000,1.0
Always Up Agent,Linear Trend Generator,008,10000,0.0,10000,1.0
Always Up Agent,Linear Trend Generator,009,10000,0.0,10000,1.0
Always Up Agent,Linear Trend Generator,010,10000,0.0,10000,1.0
Always Up Agent,Linear Trend Generator,011,10000,0.0,10000,1.0
Always Up Agent,Linear Trend Generator,012,10000,0.0,10000,1.0
Always Up Agent,Linear Trend Generator,013,10000,0.0,10000,1.0
Always Up Agent,Linear Trend Generator,014,10000,0.0,10000,1.0
Always Up Agent,Linear Trend Generator,015,10000,0.0,10000,1.0
Always Up Agent,Linear Trend Generator,016,10000,0.0,10000,1.0
Always Up Agent,Linear Trend Generator,017,10000,0.0,10000,1.0
Always Up Agent,Linear Trend Generator,018,10000,0.0,10000,1.0
Always Up Agent,Linear Trend Generator,019,10000,0.0,10000,1.0
Always Up Agent,Linear Trend Generator,020,10000,0.0,10000,1.0
Always Up Agent,Linear Trend Generator,021,10000,0.0,10000,1.0
Always Up Agent,Linear Trend Generator,022,10000,0.0,10000,1.0
Always Up Agent,Linear Trend Generator,023,10000,0.0,10000,1.0
Always Up Agent,Linear Trend Generator,024,10000,0.0,10000,1.0
Always Up Agent,Linear Trend Generator,025,10000,0.0,10000,1.0
Always Up Agent,Linear Trend Generator,026,10000,0.0,10000,1.0
Always Up Agent,Linear Trend Generator,027,10000,0.0,10000,1.0
Always Up Agent,Linear Trend Generator,028,10000,0.0,10000,1.0
Always Up Agent,Linear Trend Generator,029,10000,0.0,10000,1.0
Always Up Agent,Linear Trend Generator,030,10000,0.0,10000,1.0
Always Up Agent,Linear Trend Generator,031,10000,0.0,10000,1.0
Always Up Agent,Linear Trend Generator,032,10000,0.0,10000,1.0
Always Up Agent,Linear Trend Generator,033,10000,0.0,10000,1.0
Always Up Agent,Linear Trend Generator,034,10000,0.0,10000,1.0
Always Up Agent,Linear Trend Generator,035,10000,0.0,10000,1.0
Always Up Agent,Linear Trend Generator,036,10000,0.0,10000,1.0
Always Up Agent,Linear Trend Generator,037,10000,0.0,10000,1.0
Always Up Agent,Linear Trend Generator,038,10000,0.0,10000,1.0
Always Up Agent,Linear Trend Generator,039,10000,0.0,10000,1.0
Always Up Agent,Linear Trend Generator,040,10000,0.0,10000,1.0
Always Up Agent,Linear Trend Generator,041,10000,0.0,10000,1.0
Always Up Agent,Linear Trend Generator,042,10000,0.0,10000,1.0
Always Up Agent,Linear Trend Generator,043,10000,0.0,10000,1.0
Always Up Agent,Linear Trend Generator,044,10000,0.0,10000,1.0
Always Up Agent,Linear Trend Generator,045,10000,0.0,10000,1.0
Always Up Agent,Linear Trend Generator,046,10000,0.0,10000,1.0
Always Up Agent,Linear Trend Generator,047,10000,0.0,10000,1.0
Always Up Agent,Linear Trend Generator,048,10000,0.0,10000,1.0
Always Up Agent,Linear Trend Generator,049,10000,0.0,10000,1.0
Always Up Agent,Linear Trend Generator,050,10000,0.0,10000,1.0
Always Up Agent,Linear Trend Generator,051,10000,0.0,10000,1.0
Always Up Agent,Linear Trend Generator,052,10000,0.0,10000,1.0
Always Up Agent,Linear Trend Generator,053,10000,0.0,10000,1.0
Always Up Agent,Linear Trend Generator,054,10000,0.0,10000,1.0
Always Up Agent,Linear Trend Generator,055,10000,0.0,10000,1.0
Always Up Agent,Linear Trend Generator,056,10000,0.0,10000,1.0
Always Up Agent,Linear Trend Generator,057,10000,0.0,10000,1.0
Always Up Agent,Linear Trend Generator,058,10000,0.0,10000,1.0
Always Up Agent,Linear Trend Generator,059,10000,0.0,10000,1.0
Always Up Agent,Linear Trend Generator,060,10000,0.0,10000,1.0
Always Up Agent,Linear Trend Generator,061,10000,0.0,10000,1.0
Always Up Agent,Linear Trend Generator,062,10000,0.0,10000,1.0
Always Up Agent,Linear Trend Generator,063,10000,0.0,10000,1.0
Always Up Agent,Linear Trend Generator,064,10000,0.0,10000,1.0
Always Up Agent,Linear Trend Generator,065,10000,0.0,10000,1.0
Always Up Agent,Linear Trend Generator,066,10000,0.0,10000,1.0
Always Up Agent,Linear Trend Generator,067,10000,0.0,10000,1.0
Always Up Agent,Linear Trend Generator,068,10000,0.0,10000,1.0
Always Up Agent,Linear Trend Generator,069,10000,0.0,10000,1.0
Always Up Agent,Linear Trend Generator,070,10000,0.0,10000,1.0
Always Up Agent,Linear Trend Generator,071,10000,0.0,10000,1.0
Always Up Agent,Linear Trend Generator,072,10000,0.0,10000,1.0
Always Up Agent,Linear Trend Generator,073,10000,0.0,10000,1.0
Always Up Agent,Linear Trend Generator,074,10000,0.0,10000,1.0
Always Up Agent,Linear Trend Generator,075,10000,0.0,10000,1.0
Always Up Agent,Linear Trend Generator,076,10000,0.0,10000,1.0
Always Up Agent,Linear Trend Generator,077,10000,0.0,10000,1.0
Always Up Agent,Linear Trend Generator,078,10000,0.0,10000,1.0
Always Up Agent,Linear Trend Generator,079,10000,0.0,10000,1.0
Always Up Agent,Linear Trend Generator,080,10000,0.0,10000,1.0
Always Up Agent,Linear Trend Generator,081,10000,0.0,10000,1.0
Always Up Agent,Linear Trend Generator,082,10000,0.0,10000,1.0
Always Up Agent,Linear Trend Generator,083,10000,0.0,10000,1.0
Always Up Agent,Linear Trend Generator,084,10000,0.0,10000,1.0
Always Up Agent,Linear Trend Generator,085,10000,0.0,10000,1.0
Always Up Agent,Linear Trend Generator,086,10000,0.0,10000,1.0
Always Up Agent,Linear Trend Generator,087,10000,0.0,10000,1.0
Always Up Agent,Linear Trend Generator,088,10000,0.0,10000,1.0
Always Up Agent,Linear Trend Generator,089,10000,0.0,10000,1.0
Always Up Agent,Linear Trend Generator,090,10000,0.0,10000,1.0
Always Up Agent,Linear Trend Generator,091,10000,0.0,10000,1.0
Always Up Agent,Linear Trend Generator,092,10000,0.0,10000,1.0
Always Up Agent,Linear Trend Generator,093,10000,0.0,10000,1.0
Always Up Agent,Linear Trend Generator,094,10000,0.0,10000,1.0
Always Up Agent,Linear Trend Generator,095,10000,0.0,10000,1.0
Always Up Agent,Linear Trend Generator,096,10000,0.0,10000,1.0
Always Up Agent,Linear Trend Generator,097,10000,0.0,10000,1.0
Always Up Agent,Linear Trend Generator,098,10000,0.0,10000,1.0
Always Up Agent,Linear Trend Generator,099,10000,0.0,10000,1.0
Always Up Agent,Linear Trend Generator,100,10000,0.0,10000,1.0
Always Up Agent,Ornstein-Uhlenbeck Generator,001,10000,0.0,30,0.003
Always Up Agent,Ornstein-Uhlenbeck Generator,002,10000,0.0,-86,-0.0086
Always Up Agent,Ornstein-Uhlenbeck Generator,003,10000,0.0,10,0.001
Always Up Agent,Ornstein-Uhlenbeck Generator,004,10000,0.0,44,0.0044
Always Up Agent,Ornstein-Uhlenbeck Generator,005,10000,0.0,84,0.0084
Always Up Agent,Ornstein-Uhlenbeck Generator,006,10000,0.0,112,0.0112
Always Up Agent,Ornstein-Uhlenbeck Generator,007,10000,0.0,-4,-0.0004
Always Up Agent,Ornstein-Uhlenbeck Generator,008,10000,0.0,72,0.0072
Always Up Agent,Ornstein-Uhlenbeck Generator,009,10000,0.0,-52,-0.0052
Always Up Agent,Ornstein-Uhlenbeck Generator,010,10000,0.0,42,0.0042
Always Up Agent,Ornstein-Uhlenbeck Generator,011,10000,0.0,-112,-0.0112
Always Up Agent,Ornstein-Uhlenbeck Generator,012,10000,0.0,78,0.0078
Always Up Agent,Ornstein-Uhlenbeck Generator,013,10000,0.0,16,0.0016
Always Up Agent,Ornstein-Uhlenbeck Generator,014,10000,0.0,48,0.0048
Always Up Agent,Ornstein-Uhlenbeck Generator,015,10000,0.0,44,0.0044
Always Up Agent,Ornstein-Uhlenbeck Generator,016,10000,0.0,-56,-0.0056
Always Up Agent,Ornstein-Uhlenbeck Generator,017,10000,0.0,-2,-0.0002
Always Up Agent,Ornstein-Uhlenbeck Generator,018,10000,0.0,-70,-0.007
Always Up Agent,Ornstein-Uhlenbeck Generator,019,10000,0.0,-98,-0.0098
Always Up Agent,Ornstein-Uhlenbeck Generator,020,10000,0.0,-74,-0.0074
Always Up Agent,Ornstein-Uhlenbeck Generator,021,10000,0.0,-76,-0.0076
Always Up Agent,Ornstein-Uhlenbeck Generator,022,10000,0.0,-38,-0.0038
Always Up Agent,Ornstein-Uhlenbeck Generator,023,10000,0.0,126,0.0126
Always Up Agent,Ornstein-Uhlenbeck Generator,024,10000,0.0,-28,-0.0028
Always Up Agent,Ornstein-Uhlenbeck Generator,025,10000,0.0,10,0.001
Always Up Agent,Ornstein-Uhlenbeck Generator,026,10000,0.0,108,0.0108
Always Up Agent,Ornstein-Uhlenbeck Generator,027,10000,0.0,-38,-0.0038
Always Up Agent,Ornstein-Uhlenbeck Generator,028,10000,0.0,-22,-0.0022
Always Up Agent,Ornstein-Uhlenbeck Generator,029,10000,0.0,16,0.0016
Always Up Agent,Ornstein-Uhlenbeck Generator,030,10000,0.0,10,0.001
Always Up Agent,Ornstein-Uhlenbeck Generator,031,10000,0.0,56,0.0056
Always Up Agent,Ornstein-Uhlenbeck Generator,032,10000,0.0,40,0.004
Always Up Agent,Ornstein-Uhlenbeck Generator,033,10000,0.0,10,0.001
Always Up Agent,Ornstein-Uhlenbeck Generator,034,10000,0.0,-38,-0.0038
Always Up Agent,Ornstein-Uhlenbeck Generator,035,10000,0.0,-82,-0.0082
Always Up Agent,Ornstein-Uhlenbeck Generator,036,10000,0.0,-36,-0.0036
Always Up Agent,Ornstein-Uhlenbeck Generator,037,10000,0.0,-14,-0.0014
Always Up Agent,Ornstein-Uhlenbeck Generator,038,10000,0.0,-80,-0.008
Always Up Agent,Ornstein-Uhlenbeck Generator,039,10000,0.0,94,0.0094
Always Up Agent,Ornstein-Uhlenbeck Generator,040,10000,0.0,46,0.0046
Always Up Agent,Ornstein-Uhlenbeck Generator,041,10000,0.0,78,0.0078
Always Up Agent,Ornstein-Uhlenbeck Generator,042,10000,0.0,-40,-0.004
Always Up Agent,Ornstein-Uhlenbeck Generator,043,10000,0.0,84,0.0084
Always Up Agent,Ornstein-Uhlenbeck Generator,044,10000,0.0,-10,-0.001
Always Up Agent,Ornstein-Uhlenbeck Generator,045,10000,0.0,-4,-0.0004
Always Up Agent,Ornstein-Uhlenbeck Generator,046,10000,0.0,-44,-0.0044
Always Up Agent,Ornstein-Uhlenbeck Generator,047,10000,0.0,-4,-0.0004
Always Up Agent,Ornstein-Uhlenbeck Generator,048,10000,0.0,118,0.0118
Always Up Agent,Ornstein-Uhlenbeck Generator,049,10000,0.0,-28,-0.0028
Always Up Agent,Ornstein-Uhlenbeck Generator,050,10000,0.0,44,0.0044
Always Up Agent,Ornstein-Uhlenbeck Generator,051,10000,0.0,62,0.0062
Always Up Agent,Ornstein-Uhlenbeck Generator,052,10000,0.0,18,0.0018
Always Up Agent,Ornstein-Uhlenbeck Generator,053,10000,0.0,54,0.0054
Always Up Agent,Ornstein-Uhlenbeck Generator,054,10000,0.0,38,0.0038
Always Up Agent,Ornstein-Uhlenbeck Generator,055,10000,0.0,12,0.0012
Always Up Agent,Ornstein-Uhlenbeck Generator,056,10000,0.0,28,0.0028
Always Up Agent,Ornstein-Uhlenbeck Generator,057,10000,0.0,-78,-0.0078
Always Up Agent,Ornstein-Uhlenbeck Generator,058,10000,0.0,72,0.0072
Always Up Agent,Ornstein-Uhlenbeck Generator,059,10000,0.0,-60,-0.006
Always Up Agent,Ornstein-Uhlenbeck Generator,060,10000,0.0,46,0.0046
Always Up Agent,Ornstein-Uhlenbeck Generator,061,10000,0.0,44,0.0044
Always Up Agent,Ornstein-Uhlenbeck Generator,062,10000,0.0,38,0.0038
Always Up Agent,Ornstein-Uhlenbeck Generator,063,10000,0.0,36,0.0036
Always Up Agent,Ornstein-Uhlenbeck Generator,064,10000,0.0,-52,-0.0052
Always Up Agent,Ornstein-Uhlenbeck Generator,065,10000,0.0,66,0.0066
Always Up Agent,Ornstein-Uhlenbeck Generator,066,10000,0.0,40,0.004
Always Up Agent,Ornstein-Uhlenbeck Generator,067,10000,0.0,16,0.0016
Always Up Agent,Ornstein-Uhlenbeck Generator,068,10000,0.0,64,0.0064
Always Up Agent,Ornstein-Uhlenbeck Generator,069,10000,0.0,70,0.007
Always Up Agent,Ornstein-Uhlenbeck Generator,070,10000,0.0,66,0.0066
Always Up Agent,Ornstein-Uhlenbeck Generator,071,10000,0.0,-24,-0.0024
Always Up Agent,Ornstein-Uhlenbeck Generator,072,10000,0.0,-28,-0.0028
Always Up Agent,Ornstein-Uhlenbeck Generator,073,10000,0.0,78,0.0078
Always Up Agent,Ornstein-Uhlenbeck Generator,074,10000,0.0,18,0.0018
Always Up Agent,Ornstein-Uhlenbeck Generator,075,10000,0.0,-74,-0.0074
Always Up Agent,Ornstein-Uhlenbeck Generator,076,10000,0.0,70,0.007
Always Up Agent,Ornstein-Uhlenbeck Generator,077,10000,0.0,0,0.0
Always Up Agent,Ornstein-Uhlenbeck Generator,078,10000,0.0,-40,-0.004
Always Up Agent,Ornstein-Uhlenbeck Generator,079,10000,0.0,24,0.0024
Always Up Agent,Ornstein-Uhlenbeck Generator,080,10000,0.0,114,0.0114
Always Up Agent,Ornstein-Uhlenbeck Generator,081,10000,0.0,-92,-0.0092
Always Up Agent,Ornstein-Uhlenbeck Generator,082,10000,0.0,-118,-0.0118
Always Up Agent,Ornstein-Uhlenbeck Generator,083,10000,0.0,126,0.0126
Always Up Agent,Ornstein-Uhlenbeck Generator,084,10000,0.0,-68,-0.0068
Always Up Agent,Ornstein-Uhlenbeck Generator,085,10000,0.0,102,0.0102
Always Up Agent,Ornstein-Uhlenbeck Generator,086,10000,0.0,102,0.0102
Always Up Agent,Ornstein-Uhlenbeck Generator,087,10000,0.0,20,0.002
Always Up Agent,Ornstein-Uhlenbeck Generator,088,10000,0.0,-6,-0.0006
Always Up Agent,Ornstein-Uhlenbeck Generator,089,10000,0.0,108,0.0108
Always Up Agent,Ornstein-Uhlenbeck Generator,090,10000,0.0,106,0.0106
Always Up Agent,Ornstein-Uhlenbeck Generator,091,10000,0.0,14,0.0014
Always Up Agent,Ornstein-Uhlenbeck Generator,092,10000,0.0,-14,-0.0014
Always Up Agent,Ornstein-Uhlenbeck Generator,093,10000,0.0,126,0.0126
Always Up Agent,Ornstein-Uhlenbeck Generator,094,10000,0.0,36,0.0036
Always Up Agent,Ornstein-Uhlenbeck Generator,095,10000,0.0,118,0.0118
Always Up Agent,Ornstein-Uhlenbeck Generator,096,10000,0.0,-30,-0.003
Always Up Agent,Ornstein-Uhlenbeck Generator,097,10000,0.0,8,0.0008
Always Up Agent,Ornstein-Uhlenbeck Generator,098,10000,0.0,46,0.0046
Always Up Agent,Ornstein-Uhlenbeck Generator,099,10000,0.0,-38,-0.0038
Always Up Agent,Ornstein-Uhlenbeck Generator,100,10000,0.0,18,0.0018
Always Up Agent,Periodic Trend Generator,001,10000,0.0,10,0.001
Always Up Agent,Periodic Trend Generator,002,10000,0.0,10,0.001
Always Up Agent,Periodic Trend Generator,003,10000,0.0,10,0.001
Always Up Agent,Periodic Trend Generator,004,10000,0.0,10,0.001
Always Up Agent,Periodic Trend Generator,005,10000,0.0,10,0.001
Always Up Agent,Periodic Trend Generator,006,10000,0.0,10,0.001
Always Up Agent,Periodic Trend Generator,007,10000,0.0,10,0.001
Always Up Agent,Periodic Trend Generator,008,10000,0.0,10,0.001
Always Up Agent,Periodic Trend Generator,009,10000,0.0,10,0.001
Always Up Agent,Periodic Trend Generator,010,10000,0.0,10,0.001
Always Up Agent,Periodic Trend Generator,011,10000,0.0,10,0.001
Always Up Agent,Periodic Trend Generator,012,10000,0.0,10,0.001
Always Up Agent,Periodic Trend Generator,013,10000,0.0,10,0.001
Always Up Agent,Periodic Trend Generator,014,10000,0.0,10,0.001
Always Up Agent,Periodic Trend Generator,015,10000,0.0,10,0.001
Always Up Agent,Periodic Trend Generator,016,10000,0.0,10,0.001
Always Up Agent,Periodic Trend Generator,017,10000,0.0,10,0.001
Always Up Agent,Periodic Trend Generator,018,10000,0.0,10,0.001
Always Up Agent,Periodic Trend Generator,019,10000,0.0,10,0.001
Always Up Agent,Periodic Trend Generator,020,10000,0.0,10,0.001
Always Up Agent,Periodic Trend Generator,021,10000,0.0,10,0.001
Always Up Agent,Periodic Trend Generator,022,10000,0.0,10,0.001
Always Up Agent,Periodic Trend Generator,023,10000,0.0,10,0.001
Always Up Agent,Periodic Trend Generator,024,10000,0.0,10,0.001
Always Up Agent,Periodic Trend Generator,025,10000,0.0,10,0.001
Always Up Agent,Periodic Trend Generator,026,10000,0.0,10,0.001
Always Up Agent,Periodic Trend Generator,027,10000,0.0,10,0.001
Always Up Agent,Periodic Trend Generator,028,10000,0.0,10,0.001
Always Up Agent,Periodic Trend Generator,029,10000,0.0,10,0.001
Always Up Agent,Periodic Trend Generator,030,10000,0.0,10,0.001
Always Up Agent,Periodic Trend Generator,031,10000,0.0,10,0.001
Always Up Agent,Periodic Trend Generator,032,10000,0.0,10,0.001
Always Up Agent,Periodic Trend Generator,033,10000,0.0,10,0.001
Always Up Agent,Periodic Trend Generator,034,10000,0.0,10,0.001
Always Up Agent,Periodic Trend Generator,035,10000,0.0,10,0.001
Always Up Agent,Periodic Trend Generator,036,10000,0.0,10,0.001
Always Up Agent,Periodic Trend Generator,037,10000,0.0,10,0.001
Always Up Agent,Periodic Trend Generator,038,10000,0.0,10,0.001
Always Up Agent,Periodic Trend Generator,039,10000,0.0,10,0.001
Always Up Agent,Periodic Trend Generator,040,10000,0.0,10,0.001
Always Up Agent,Periodic Trend Generator,041,10000,0.0,10,0.001
Always Up Agent,Periodic Trend Generator,042,10000,0.0,10,0.001
Always Up Agent,Periodic Trend Generator,043,10000,0.0,10,0.001
Always Up Agent,Periodic Trend Generator,044,10000,0.0,10,0.001
Always Up Agent,Periodic Trend Generator,045,10000,0.0,10,0.001
Always Up Agent,Periodic Trend Generator,046,10000,0.0,10,0.001
Always Up Agent,Periodic Trend Generator,047,10000,0.0,10,0.001
Always Up Agent,Periodic Trend Generator,048,10000,0.0,10,0.001
Always Up Agent,Periodic Trend Generator,049,10000,0.0,10,0.001
Always Up Agent,Periodic Trend Generator,050,10000,0.0,10,0.001
Always Up Agent,Periodic Trend Generator,051,10000,0.0,10,0.001
Always Up Agent,Periodic Trend Generator,052,10000,0.0,10,0.001
Always Up Agent,Periodic Trend Generator,053,10000,0.0,10,0.001
Always Up Agent,Periodic Trend Generator,054,10000,0.0,10,0.001
Always Up Agent,Periodic Trend Generator,055,10000,0.0,10,0.001
Always Up Agent,Periodic Trend Generator,056,10000,0.0,10,0.001
Always Up Agent,Periodic Trend Generator,057,10000,0.0,10,0.001
Always Up Agent,Periodic Trend Generator,058,10000,0.0,10,0.001
Always Up Agent,Periodic Trend Generator,059,10000,0.0,10,0.001
Always Up Agent,Periodic Trend Generator,060,10000,0.0,10,0.001
Always Up Agent,Periodic Trend Generator,061,10000,0.0,10,0.001
Always Up Agent,Periodic Trend Generator,062,10000,0.0,10,0.001
Always Up Agent,Periodic Trend Generator,063,10000,0.0,10,0.001
Always Up Agent,Periodic Trend Generator,064,10000,0.0,10,0.001
Always Up Agent,Periodic Trend Generator,065,10000,0.0,10,0.001
Always Up Agent,Periodic Trend Generator,066,10000,0.0,10,0.001
Always Up Agent,Periodic Trend Generator,067,10000,0.0,10,0.001
Always Up Agent,Periodic Trend Generator,068,10000,0.0,10,0.001
Always Up Agent,Periodic Trend Generator,069,10000,0.0,10,0.001
Always Up Agent,Periodic Trend Generator,070,10000,0.0,10,0.001
Always Up Agent,Periodic Trend Generator,071,10000,0.0,10,0.001
Always Up Agent,Periodic Trend Generator,072,10000,0.0,10,0.001
Always Up Agent,Periodic Trend Generator,073,10000,0.0,10,0.001
Always Up Agent,Periodic Trend Generator,074,10000,0.0,10,0.001
Always Up Agent,Periodic Trend Generator,075,10000,0.0,10,0.001
Always Up Agent,Periodic Trend Generator,076,10000,0.0,10,0.001
Always Up Agent,Periodic Trend Generator,077,10000,0.0,10,0.001
Always Up Agent,Periodic Trend Generator,078,10000,0.0,10,0.001
Always Up Agent,Periodic Trend Generator,079,10000,0.0,10,0.001
Always Up Agent,Periodic Trend Generator,080,10000,0.0,10,0.001
Always Up Agent,Periodic Trend Generator,081,10000,0.0,10,0.001
Always Up Agent,Periodic Trend Generator,082,10000,0.0,10,0.001
Always Up Agent,Periodic Trend Generator,083,10000,0.0,10,0.001
Always Up Agent,Periodic Trend Generator,084,10000,0.0,10,0.001
Always Up Agent,Periodic Trend Generator,085,10000,0.0,10,0.001
Always Up Agent,Periodic Trend Generator,086,10000,0.0,10,0.001
Always Up Agent,Periodic Trend Generator,087,10000,0.0,10,0.001
Always Up Agent,Periodic Trend Generator,088,10000,0.0,10,0.001
Always Up Agent,Periodic Trend Generator,089,10000,0.0,10,0.001
Always Up Agent,Periodic Trend Generator,090,10000,0.0,10,0.001
Always Up Agent,Periodic Trend Generator,091,10000,0.0,10,0.001
Always Up Agent,Periodic Trend Generator,092,10000,0.0,10,0.001
Always Up Agent,Periodic Trend Generator,093,10000,0.0,10,0.001
Always Up Agent,Periodic Trend Generator,094,10000,0.0,10,0.001
Always Up Agent,Periodic Trend Generator,095,10000,0.0,10,0.001
Always Up Agent,Periodic Trend Generator,096,10000,0.0,10,0.001
Always Up Agent,Periodic Trend Generator,097,10000,0.0,10,0.001
Always Up Agent,Periodic Trend Generator,098,10000,0.0,10,0.001
Always Up Agent,Periodic Trend Generator,099,10000,0.0,10,0.001
Always Up Agent,Periodic Trend Generator,100,10000,0.0,10,0.001
Always Up Agent,Random Walk Generator,001,10000,0.0,-82,-0.0082
Always Up Agent,Random Walk Generator,002,10000,0.0,-218,-0.0218
Always Up Agent,Random Walk Generator,003,10000,0.0,122,0.0122
Always Up Agent,Random Walk Generator,004,10000,0.0,-94,-0.0094
Always Up Agent,Random Walk Generator,005,10000,0.0,22,0.0022
Always Up Agent,Random Walk Generator,006,10000,0.0,-172,-0.0172
Always Up Agent,Random Walk Generator,007,10000,0.0,-20,-0.002
Always Up Agent,Random Walk Generator,008,10000,0.0,-10,-0.001
Always Up Agent,Random Walk Generator,009,10000,0.0,118,0.0118
Always Up Agent,Random Walk Generator,010,10000,0.0,-76,-0.0076
Always Up Agent,Random Walk Generator,011,10000,0.0,-90,-0.009
Always Up Agent,Random Walk Generator,012,10000,0.0,-78,-0.0078
Always Up Agent,Random Walk Generator,013,10000,0.0,-96,-0.0096
Always Up Agent,Random Walk Generator,014,10000,0.0,-86,-0.0086
Always Up Agent,Random Walk Generator,015,10000,0.0,110,0.011
Always Up Agent,Random Walk Generator,016,10000,0.0,142,0.0142
Always Up Agent,Random Walk Generator,017,10000,0.0,64,0.0064
Always Up Agent,Random Walk Generator,018,10000,0.0,-6,-0.0006
Always Up Agent,Random Walk Generator,019,10000,0.0,-42,-0.0042
Always Up Agent,Random Walk Generator,020,10000,0.0,-176,-0.0176
Always Up Agent,Random Walk Generator,021,10000,0.0,74,0.0074
Always Up Agent,Random Walk Generator,022,10000,0.0,6,0.0006
Always Up Agent,Random Walk Generator,023,10000,0.0,164,0.0164
Always Up Agent,Random Walk Generator,024,10000,0.0,-160,-0.016
Always Up Agent,Random Walk Generator,025,10000,0.0,60,0.006
Always Up Agent,Random Walk Generator,026,10000,0.0,-98,-0.0098
Always Up Agent,Random Walk Generator,027,10000,0.0,-140,-0.014
Always Up Agent,Random Walk Generator,028,10000,0.0,60,0.006
Always Up Agent,Random Walk Generator,029,10000,0.0,160,0.016
Always Up Agent,Random Walk Generator,030,10000,0.0,144,0.0144
Always Up Agent,Random Walk Generator,031,10000,0.0,-22,-0.0022
Always Up Agent,Random Walk Generator,032,10000,0.0,-66,-0.0066
Always Up Agent,Random Walk Generator,033,10000,0.0,-64,-0.0064
Always Up Agent,Random Walk Generator,034,10000,0.0,72,0.0072
Always Up Agent,Random Walk Generator,035,10000,0.0,-68,-0.0068
Always Up Agent,Random Walk Generator,036,10000,0.0,126,0.0126
Always Up Agent,Random Walk Generator,037,10000,0.0,-104,-0.0104
Always Up Agent,Random Walk Generator,038,10000,0.0,-98,-0.0098
Always Up Agent,Random Walk Generator,039,10000,0.0,-70,-0.007
Always Up Agent,Random Walk Generator,040,10000,0.0,24,0.0024
Always Up Agent,Random Walk Generator,041,10000,0.0,192,0.0192
Always Up Agent,Random Walk Generator,042,10000,0.0,132,0.0132
Always Up Agent,Random Walk Generator,043,10000,0.0,158,0.0158
Always Up Agent,Random Walk Generator,044,10000,0.0,176,0.0176
Always Up Agent,Random Walk Generator,045,10000,0.0,132,0.0132
Always Up Agent,Random Walk Generator,046,10000,0.0,92,0.0092
Always Up Agent,Random Walk Generator,047,10000,0.0,-20,-0.002
Always Up Agent,Random Walk Generator,048,10000,0.0,88,0.0088
Always Up Agent,Random Walk Generator,049,10000,0.0,4,0.0004
Always Up Agent,Random Walk Generator,050,10000,0.0,-102,-0.0102
Always Up Agent,Random Walk Generator,051,10000,0.0,132,0.0132
Always Up Agent,Random Walk Generator,052,10000,0.0,244,0.0244
Always Up Agent,Random Walk Generator,053,10000,0.0,6,0.0006
Always Up Agent,Random Walk Generator,054,10000,0.0,88,0.0088
Always Up Agent,Random Walk Generator,055,10000,0.0,146,0.0146
Always Up Agent,Random Walk Generator,056,10000,0.0,30,0.003
Always Up Agent,Random Walk Generator,057,10000,0.0,-32,-0.0032
Always Up Agent,Random Walk Generator,058,10000,0.0,-182,-0.0182
Always Up Agent,Random Walk Generator,059,10000,0.0,-122,-0.0122
Always Up Agent,Random Walk Generator,060,10000,0.0,-124,-0.0124
Always Up Agent,Random Walk Generator,061,10000,0.0,-96,-0.0096
Always Up Agent,Random Walk Generator,062,10000,0.0,-2,-0.0002
Always Up Agent,Random Walk Generator,063,10000,0.0,162,0.0162
Always Up Agent,Random Walk Generator,064,10000,0.0,114,0.0114
Always Up Agent,Random Walk Generator,065,10000,0.0,-28,-0.0028
Always Up Agent,Random Walk Generator,066,10000,0.0,-30,-0.003
Always Up Agent,Random Walk Generator,067,10000,0.0,-120,-0.012
Always Up Agent,Random Walk Generator,068,10000,0.0,-114,-0.0114
Always Up Agent,Random Walk Generator,069,10000,0.0,38,0.0038
Always Up Agent,Random Walk Generator,070,10000,0.0,22,0.0022
Always Up Agent,Random Walk Generator,071,10000,0.0,120,0.012
Always Up Agent,Random Walk Generator,072,10000,0.0,68,0.0068
Always Up Agent,Random Walk Generator,073,10000,0.0,-150,-0.015
Always Up Agent,Random Walk Generator,074,10000,0.0,-140,-0.014
Always Up Agent,Random Walk Generator,075,10000,0.0,-6,-0.0006
Always Up Agent,Random Walk Generator,076,10000,0.0,106,0.0106
Always Up Agent,Random Walk Generator,077,10000,0.0,150,0.015
Always Up Agent,Random Walk Generator,078,10000,0.0,26,0.0026
Always Up Agent,Random Walk Generator,079,10000,0.0,74,0.0074
Always Up Agent,Random Walk Generator,080,10000,0.0,-36,-0.0036
Always Up Agent,Random Walk Generator,081,10000,0.0,32,0.0032
Always Up Agent,Random Walk Generator,082,10000,0.0,-72,-0.0072
Always Up Agent,Random Walk Generator,083,10000,0.0,-104,-0.0104
Always Up Agent,Random Walk Generator,084,10000,0.0,42,0.0042
Always Up Agent,Random Walk Generator,085,10000,0.0,-36,-0.0036
Always Up Agent,Random Walk Generator,086,10000,0.0,6,0.0006
Always Up Agent,Random Walk Generator,087,10000,0.0,-128,-0.0128
Always Up Agent,Random Walk Generator,088,10000,0.0,10,0.001
Always Up Agent,Random Walk Generator,089,10000,0.0,102,0.0102
Always Up Agent,Random Walk Generator,090,10000,0.0,84,0.0084
Always Up Agent,Random Walk Generator,091,10000,0.0,-10,-0.001
Always Up Agent,Random Walk Generator,092,10000,0.0,142,0.0142
Always Up Agent,Random Walk Generator,093,10000,0.0,-80,-0.008
Always Up Agent,Random Walk Generator,094,10000,0.0,-50,-0.005
Always Up Agent,Random Walk Generator,095,10000,0.0,140,0.014
Always Up Agent,Random Walk Generator,096,10000,0.0,-68,-0.0068
Always Up Agent,Random Walk Generator,097,10000,0.0,100,0.01
Always Up Agent,Random Walk Generator,098,10000,0.0,-24,-0.0024
Always Up Agent,Random Walk Generator,099,10000,0.0,24,0.0024
Always Up Agent,Random Walk Generator,100,10000,0.0,46,0.0046
DQN Agent,Constant Generator,001,10000,0.0,-10000,-1.0
DQN Agent,Constant Generator,002,10000,0.0,-10000,-1.0
DQN Agent,Constant Generator,003,10000,0.0,-10000,-1.0
DQN Agent,Constant Generator,004,10000,0.0,-10000,-1.0
DQN Agent,Constant Generator,005,10000,0.0,-10000,-1.0
DQN Agent,Constant Generator,006,10000,0.0,-10000,-1.0
DQN Agent,Constant Generator,007,10000,0.0,-10000,-1.0
DQN Agent,Constant Generator,008,10000,0.0,-10000,-1.0
DQN Agent,Constant Generator,009,10000,0.0,-10000,-1.0
DQN Agent,Constant Generator,010,10000,0.0,-10000,-1.0
DQN Agent,Constant Generator,011,10000,0.0,-10000,-1.0
DQN Agent,Constant Generator,012,10000,0.0,-10000,-1.0
DQN Agent,Constant Generator,013,10000,0.0,-10000,-1.0
DQN Agent,Constant Generator,014,10000,0.0,-10000,-1.0
DQN Agent,Constant Generator,015,10000,0.0,-10000,-1.0
DQN Agent,Constant Generator,016,10000,0.0,-10000,-1.0
DQN Agent,Constant Generator,017,10000,0.0,-10000,-1.0
DQN Agent,Constant Generator,018,10000,0.0,-10000,-1.0
DQN Agent,Constant Generator,019,10000,0.0,-10000,-1.0
DQN Agent,Constant Generator,020,10000,0.0,-10000,-1.0
DQN Agent,Constant Generator,021,10000,0.0,-10000,-1.0
DQN Agent,Constant Generator,022,10000,0.0,-10000,-1.0
DQN Agent,Constant Generator,023,10000,0.0,-10000,-1.0
DQN Agent,Constant Generator,024,10000,0.0,-10000,-1.0
DQN Agent,Constant Generator,025,10000,0.0,-10000,-1.0
DQN Agent,Constant Generator,026,10000,0.0,-10000,-1.0
DQN Agent,Constant Generator,027,10000,0.0,-10000,-1.0
DQN Agent,Constant Generator,028,10000,0.0,-10000,-1.0
DQN Agent,Constant Generator,029,10000,0.0,-10000,-1.0
DQN Agent,Constant Generator,030,10000,0.0,-10000,-1.0
DQN Agent,Constant Generator,031,10000,0.0,-10000,-1.0
DQN Agent,Constant Generator,032,10000,0.0,-10000,-1.0
DQN Agent,Constant Generator,033,10000,0.0,-10000,-1.0
DQN Agent,Constant Generator,034,10000,0.0,-10000,-1.0
DQN Agent,Constant Generator,035,10000,0.0,-10000,-1.0
DQN Agent,Constant Generator,036,10000,0.0,-10000,-1.0
DQN Agent,Constant Generator,037,10000,0.0,-10000,-1.0
DQN Agent,Constant Generator,038,10000,0.0,-10000,-1.0
DQN Agent,Constant Generator,039,10000,0.0,-10000,-1.0
DQN Agent,Constant Generator,040,10000,0.0,-10000,-1.0
DQN Agent,Constant Generator,041,10000,0.0,-10000,-1.0
DQN Agent,Constant Generator,042,10000,0.0,-10000,-1.0
DQN Agent,Constant Generator,043,10000,0.0,-10000,-1.0
DQN Agent,Constant Generator,044,10000,0.0,-10000,-1.0
DQN Agent,Constant Generator,045,10000,0.0,-10000,-1.0
DQN Agent,Constant Generator,046,10000,0.0,-10000,-1.0
DQN Agent,Constant Generator,047,10000,0.0,-10000,-1.0
DQN Agent,Constant Generator,048,10000,0.0,-10000,-1.0
DQN Agent,Constant Generator,049,10000,0.0,-10000,-1.0
DQN Agent,Constant Generator,050,10000,0.0,-10000,-1.0
DQN Agent,Constant Generator,051,10000,0.0,-10000,-1.0
DQN Agent,Constant Generator,052,10000,0.0,-10000,-1.0
DQN Agent,Constant Generator,053,10000,0.0,-10000,-1.0
DQN Agent,Constant Generator,054,10000,0.0,-10000,-1.0
DQN Agent,Constant Generator,055,10000,0.0,-10000,-1.0
DQN Agent,Constant Generator,056,10000,0.0,-10000,-1.0
DQN Agent,Constant Generator,057,10000,0.0,-10000,-1.0
DQN Agent,Constant Generator,058,10000,0.0,-10000,-1.0
DQN Agent,Constant Generator,059,10000,0.0,-10000,-1.0
DQN Agent,Constant Generator,060,10000,0.0,-10000,-1.0
DQN Agent,Constant Generator,061,10000,0.0,-10000,-1.0
DQN Agent,Constant Generator,062,10000,0.0,-10000,-1.0
DQN Agent,Constant Generator,063,10000,0.0,-10000,-1.0
DQN Agent,Constant Generator,064,10000,0.0,-10000,-1.0
DQN Agent,Constant Generator,065,10000,0.0,-10000,-1.0
DQN Agent,Constant Generator,066,10000,0.0,-10000,-1.0
DQN Agent,Constant Generator,067,10000,0.0,-10000,-1.0
DQN Agent,Constant Generator,068,10000,0.0,-10000,-1.0
DQN Agent,Constant Generator,069,10000,0.0,-10000,-1.0
DQN Agent,Constant Generator,070,10000,0.0,-10000,-1.0
DQN Agent,Constant Generator,071,10000,0.0,-10000,-1.0
DQN Agent,Constant Generator,072,10000,0.0,-10000,-1.0
DQN Agent,Constant Generator,073,10000,0.0,-10000,-1.0
DQN Agent,Constant Generator,074,10000,0.0,-10000,-1.0
DQN Agent,Constant Generator,075,10000,0.0,-10000,-1.0
DQN Agent,Constant Generator,076,10000,0.0,-10000,-1.0
DQN Agent,Constant Generator,077,10000,0.0,-10000,-1.0
DQN Agent,Constant Generator,078,10000,0.0,-10000,-1.0
DQN Agent,Constant Generator,079,10000,0.0,-10000,-1.0
DQN Agent,Constant Generator,080,10000,0.0,-10000,-1.0
DQN Agent,Constant Generator,081,10000,0.0,-10000,-1.0
DQN Agent,Constant Generator,082,10000,0.0,-10000,-1.0
DQN Agent,Constant Generator,083,10000,0.0,-10000,-1.0
DQN Agent,Constant Generator,084,10000,0.0,-10000,-1.0
DQN Agent,Constant Generator,085,10000,0.0,-10000,-1.0
DQN Agent,Constant Generator,086,10000,0.0,-10000,-1.0
DQN Agent,Constant Generator,087,10000,0.0,-10000,-1.0
DQN Agent,Constant Generator,088,10000,0.0,-10000,-1.0
DQN Agent,Constant Generator,089,10000,0.0,-10000,-1.0
DQN Agent,Constant Generator,090,10000,0.0,-10000,-1.0
DQN Agent,Constant Generator,091,10000,0.0,-10000,-1.0
DQN Agent,Constant Generator,092,10000,0.0,-10000,-1.0
DQN Agent,Constant Generator,093,10000,0.0,-10000,-1.0
DQN Agent,Constant Generator,094,10000,0.0,-10000,-1.0
DQN Agent,Constant Generator,095,10000,0.0,-10000,-1.0
DQN Agent,Constant Generator,096,10000,0.0,-10000,-1.0
DQN Agent,Constant Generator,097,10000,0.0,-10000,-1.0
DQN Agent,Constant Generator,098,10000,0.0,-10000,-1.0
DQN Agent,Constant Generator,099,10000,0.0,-10000,-1.0
DQN Agent,Constant Generator,100,10000,0.0,-10000,-1.0
DQN Agent,Linear Trend Generator,001,10000,0.0,8262,0.8262
DQN Agent,Linear Trend Generator,002,10000,0.0,7876,0.7876
DQN Agent,Linear Trend Generator,003,10000,0.0,7722,0.7722
DQN Agent,Linear Trend Generator,004,10000,0.0,7376,0.7376
DQN Agent,Linear Trend Generator,005,10000,0.0,7978,0.7978
DQN Agent,Linear Trend Generator,006,10000,0.0,7680,0.768
DQN Agent,Linear Trend Generator,007,10000,0.0,7430,0.743
DQN Agent,Linear Trend Generator,008,10000,0.0,7858,0.7858
DQN Agent,Linear Trend Generator,009,10000,0.0,7550,0.755
DQN Agent,Linear Trend Generator,010,10000,0.0,7782,0.7782
DQN Agent,Linear Trend Generator,011,10000,0.0,7216,0.7216
DQN Agent,Linear Trend Generator,012,10000,0.0,7634,0.7634
DQN Agent,Linear Trend Generator,013,10000,0.0,7808,0.7808
DQN Agent,Linear Trend Generator,014,10000,0.0,8466,0.8466
DQN Agent,Linear Trend Generator,015,10000,0.0,7346,0.7346
DQN Agent,Linear Trend Generator,016,10000,0.0,7600,0.76
DQN Agent,Linear Trend Generator,017,10000,0.0,7154,0.7154
DQN Agent,Linear Trend Generator,018,10000,0.0,7346,0.7346
DQN Agent,Linear Trend Generator,019,10000,0.0,8184,0.8184
DQN Agent,Linear Trend Generator,020,10000,0.0,7932,0.7932
DQN Agent,Linear Trend Generator,021,10000,0.0,8264,0.8264
DQN Agent,Linear Trend Generator,022,10000,0.0,8796,0.8796
DQN Agent,Linear Trend Generator,023,10000,0.0,7386,0.7386
DQN Agent,Linear Trend Generator,024,10000,0.0,7696,0.7696
DQN Agent,Linear Trend Generator,025,10000,0.0,7522,0.7522
DQN Agent,Linear Trend Generator,026,10000,0.0,7616,0.7616
DQN Agent,Linear Trend Generator,027,10000,0.0,7334,0.7334
DQN Agent,Linear Trend Generator,028,10000,0.0,7354,0.7354
DQN Agent,Linear Trend Generator,029,10000,0.0,7960,0.796
DQN Agent,Linear Trend Generator,030,10000,0.0,7522,0.7522
DQN Agent,Linear Trend Generator,031,10000,0.0,8084,0.8084
DQN Agent,Linear Trend Generator,032,10000,0.0,7414,0.7414
DQN Agent,Linear Trend Generator,033,10000,0.0,7806,0.7806
DQN Agent,Linear Trend Generator,034,10000,0.0,8134,0.8134
DQN Agent,Linear Trend Generator,035,10000,0.0,7578,0.7578
DQN Agent,Linear Trend Generator,036,10000,0.0,7736,0.7736
DQN Agent,Linear Trend Generator,037,10000,0.0,7790,0.779
DQN Agent,Linear Trend Generator,038,10000,0.0,7318,0.7318
DQN Agent,Linear Trend Generator,039,10000,0.0,7934,0.7934
DQN Agent,Linear Trend Generator,040,10000,0.0,8174,0.8174
DQN Agent,Linear Trend Generator,041,10000,0.0,7996,0.7996
DQN Agent,Linear Trend Generator,042,10000,0.0,7384,0.7384
DQN Agent,Linear Trend Generator,043,10000,0.0,7524,0.7524
DQN Agent,Linear Trend Generator,044,10000,0.0,7766,0.7766
DQN Agent,Linear Trend Generator,045,10000,0.0,8018,0.8018
DQN Agent,Linear Trend Generator,046,10000,0.0,6592,0.6592
DQN Agent,Linear Trend Generator,047,10000,0.0,7638,0.7638
DQN Agent,Linear Trend Generator,048,10000,0.0,7674,0.7674
DQN Agent,Linear Trend Generator,049,10000,0.0,7316,0.7316
DQN Agent,Linear Trend Generator,050,10000,0.0,7642,0.7642
DQN Agent,Linear Trend Generator,051,10000,0.0,7502,0.7502
DQN Agent,Linear Trend Generator,052,10000,0.0,7842,0.7842
DQN Agent,Linear Trend Generator,053,10000,0.0,8206,0.8206
DQN Agent,Linear Trend Generator,054,10000,0.0,7342,0.7342
DQN Agent,Linear Trend Generator,055,10000,0.0,8248,0.8248
DQN Agent,Linear Trend Generator,056,10000,0.0,7270,0.727
DQN Agent,Linear Trend Generator,057,10000,0.0,7862,0.7862
DQN Agent,Linear Trend Generator,058,10000,0.0,8156,0.8156
DQN Agent,Linear Trend Generator,059,10000,0.0,7852,0.7852
DQN Agent,Linear Trend Generator,060,10000,0.0,7880,0.788
DQN Agent,Linear Trend Generator,061,10000,0.0,7810,0.781
DQN Agent,Linear Trend Generator,062,10000,0.0,8488,0.8488
DQN Agent,Linear Trend Generator,063,10000,0.0,7490,0.749
DQN Agent,Linear Trend Generator,064,10000,0.0,7482,0.7482
DQN Agent,Linear Trend Generator,065,10000,0.0,7570,0.757
DQN Agent,Linear Trend Generator,066,10000,0.0,8144,0.8144
DQN Agent,Linear Trend Generator,067,10000,0.0,7642,0.7642
DQN Agent,Linear Trend Generator,068,10000,0.0,8012,0.8012
DQN Agent,Linear Trend Generator,069,10000,0.0,7770,0.777
DQN Agent,Linear Trend Generator,070,10000,0.0,8316,0.8316
DQN Agent,Linear Trend Generator,071,10000,0.0,7268,0.7268
DQN Agent,Linear Trend Generator,072,10000,0.0,7846,0.7846
DQN Agent,Linear Trend Generator,073,10000,0.0,8152,0.8152
DQN Agent,Linear Trend Generator,074,10000,0.0,7964,0.7964
DQN Agent,Linear Trend Generator,075,10000,0.0,8070,0.807
DQN Agent,Linear Trend Generator,076,10000,0.0,8150,0.815
DQN Agent,Linear Trend Generator,077,10000,0.0,7576,0.7576
DQN Agent,Linear Trend Generator,078,10000,0.0,8084,0.8084
DQN Agent,Linear Trend Generator,079,10000,0.0,7820,0.782
DQN Agent,Linear Trend Generator,080,10000,0.0,8328,0.8328
DQN Agent,Linear Trend Generator,081,10000,0.0,8294,0.8294
DQN Agent,Linear Trend Generator,082,10000,0.0,7764,0.7764
DQN Agent,Linear Trend Generator,083,10000,0.0,7484,0.7484
DQN Agent,Linear Trend Generator,084,10000,0.0,7850,0.785
DQN Agent,Linear Trend Generator,085,10000,0.0,7902,0.7902
DQN Agent,Linear Trend Generator,086,10000,0.0,7514,0.7514
DQN Agent,Linear Trend Generator,087,10000,0.0,7962,0.7962
DQN Agent,Linear Trend Generator,088,10000,0.0,7952,0.7952
DQN Agent,Linear Trend Generator,089,10000,0.0,7362,0.7362
DQN Agent,Linear Trend Generator,090,10000,0.0,7900,0.79
DQN Agent,Linear Trend Generator,091,10000,0.0,8040,0.804
DQN Agent,Linear Trend Generator,092,10000,0.0,7712,0.7712
DQN Agent,Linear Trend Generator,093,10000,0.0,7780,0.778
DQN Agent,Linear Trend Generator,094,10000,0.0,7570,0.757
DQN Agent,Linear Trend Generator,095,10000,0.0,8026,0.8026
DQN Agent,Linear Trend Generator,096,10000,0.0,7288,0.7288
DQN Agent,Linear Trend Generator,097,10000,0.0,7640,0.764
DQN Agent,Linear Trend Generator,098,10000,0.0,7386,0.7386
DQN Agent,Linear Trend Generator,099,10000,0.0,7994,0.7994
DQN Agent,Linear Trend Generator,100,10000,0.0,8598,0.8598
DQN Agent,Ornstein-Uhlenbeck Generator,001,10000,0.0,588,0.0588
DQN Agent,Ornstein-Uhlenbeck Generator,002,10000,0.0,694,0.0694
DQN Agent,Ornstein-Uhlenbeck Generator,003,10000,0.0,496,0.0496
DQN Agent,Ornstein-Uhlenbeck Generator,004,10000,0.0,712,0.0712
DQN Agent,Ornstein-Uhlenbeck Generator,005,10000,0.0,658,0.0658
DQN Agent,Ornstein-Uhlenbeck Generator,006,10000,0.0,640,0.064
DQN Agent,Ornstein-Uhlenbeck Generator,007,10000,0.0,662,0.0662
DQN Agent,Ornstein-Uhlenbeck Generator,008,10000,0.0,594,0.0594
DQN Agent,Ornstein-Uhlenbeck Generator,009,10000,0.0,596,0.0596
DQN Agent,Ornstein-Uhlenbeck Generator,010,10000,0.0,442,0.0442
DQN Agent,Ornstein-Uhlenbeck Generator,011,10000,0.0,548,0.0548
DQN Agent,Ornstein-Uhlenbeck Generator,012,10000,0.0,456,0.0456
DQN Agent,Ornstein-Uhlenbeck Generator,013,10000,0.0,482,0.0482
DQN Agent,Ornstein-Uhlenbeck Generator,014,10000,0.0,500,0.05
DQN Agent,Ornstein-Uhlenbeck Generator,015,10000,0.0,550,0.055
DQN Agent,Ornstein-Uhlenbeck Generator,016,10000,0.0,788,0.0788
DQN Agent,Ornstein-Uhlenbeck Generator,017,10000,0.0,610,0.061
DQN Agent,Ornstein-Uhlenbeck Generator,018,10000,0.0,672,0.0672
DQN Agent,Ornstein-Uhlenbeck Generator,019,10000,0.0,562,0.0562
DQN Agent,Ornstein-Uhlenbeck Generator,020,10000,0.0,514,0.0514
DQN Agent,Ornstein-Uhlenbeck Generator,021,10000,0.0,400,0.04
DQN Agent,Ornstein-Uhlenbeck Generator,022,10000,0.0,496,0.0496
DQN Agent,Ornstein-Uhlenbeck Generator,023,10000,0.0,424,0.0424
DQN Agent,Ornstein-Uhlenbeck Generator,024,10000,0.0,516,0.0516
DQN Agent,Ornstein-Uhlenbeck Generator,025,10000,0.0,428,0.0428
DQN Agent,Ornstein-Uhlenbeck Generator,026,10000,0.0,466,0.0466
DQN Agent,Ornstein-Uhlenbeck Generator,027,10000,0.0,640,0.064
DQN Agent,Ornstein-Uhlenbeck Generator,028,10000,0.0,618,0.0618
DQN Agent,Ornstein-Uhlenbeck Generator,029,10000,0.0,384,0.0384
DQN Agent,Ornstein-Uhlenbeck Generator,030,10000,0.0,122,0.0122
DQN Agent,Ornstein-Uhlenbeck Generator,031,10000,0.0,478,0.0478
DQN Agent,Ornstein-Uhlenbeck Generator,032,10000,0.0,330,0.033
DQN Agent,Ornstein-Uhlenbeck Generator,033,10000,0.0,322,0.0322
DQN Agent,Ornstein-Uhlenbeck Generator,034,10000,0.0,600,0.06
DQN Agent,Ornstein-Uhlenbeck Generator,035,10000,0.0,498,0.0498
DQN Agent,Ornstein-Uhlenbeck Generator,036,10000,0.0,442,0.0442
DQN Agent,Ornstein-Uhlenbeck Generator,037,10000,0.0,644,0.0644
DQN Agent,Ornstein-Uhlenbeck Generator,038,10000,0.0,698,0.0698
DQN Agent,Ornstein-Uhlenbeck Generator,039,10000,0.0,714,0.0714
DQN Agent,Ornstein-Uhlenbeck Generator,040,10000,0.0,252,0.0252
DQN Agent,Ornstein-Uhlenbeck Generator,041,10000,0.0,552,0.0552
DQN Agent,Ornstein-Uhlenbeck Generator,042,10000,0.0,586,0.0586
DQN Agent,Ornstein-Uhlenbeck Generator,043,10000,0.0,596,0.0596
DQN Agent,Ornstein-Uhlenbeck Generator,044,10000,0.0,568,0.0568
DQN Agent,Ornstein-Uhlenbeck Generator,045,10000,0.0,476,0.0476
DQN Agent,Ornstein-Uhlenbeck Generator,046,10000,0.0,550,0.055
DQN Agent,Ornstein-Uhlenbeck Generator,047,10000,0.0,420,0.042
DQN Agent,Ornstein-Uhlenbeck Generator,048,10000,0.0,570,0.057
DQN Agent,Ornstein-Uhlenbeck Generator,049,10000,0.0,630,0.063
DQN Agent,Ornstein-Uhlenbeck Generator,050,10000,0.0,414,0.0414
DQN Agent,Ornstein-Uhlenbeck Generator,051,10000,0.0,602,0.0602
DQN Agent,Ornstein-Uhlenbeck Generator,052,10000,0.0,616,0.0616
DQN Agent,Ornstein-Uhlenbeck Generator,053,10000,0.0,384,0.0384
DQN Agent,Ornstein-Uhlenbeck Generator,054,10000,0.0,600,0.06
DQN Agent,Ornstein-Uhlenbeck Generator,055,10000,0.0,452,0.0452
DQN Agent,Ornstein-Uhlenbeck Generator,056,10000,0.0,584,0.0584
DQN Agent,Ornstein-Uhlenbeck Generator,057,10000,0.0,368,0.0368
DQN Agent,Ornstein-Uhlenbeck Generator,058,10000,0.0,608,0.0608
DQN Agent,Ornstein-Uhlenbeck Generator,059,10000,0.0,556,0.0556
DQN Agent,Ornstein-Uhlenbeck Generator,060,10000,0.0,596,0.0596
DQN Agent,Ornstein-Uhlenbeck Generator,061,10000,0.0,578,0.0578
DQN Agent,Ornstein-Uhlenbeck Generator,062,10000,0.0,424,0.0424
DQN Agent,Ornstein-Uhlenbeck Generator,063,10000,0.0,588,0.0588
DQN Agent,Ornstein-Uhlenbeck Generator,064,10000,0.0,462,0.0462
DQN Agent,Ornstein-Uhlenbeck Generator,065,10000,0.0,398,0.0398
DQN Agent,Ornstein-Uhlenbeck Generator,066,10000,0.0,688,0.0688
DQN Agent,Ornstein-Uhlenbeck Generator,067,10000,0.0,606,0.0606
DQN Agent,Ornstein-Uhlenbeck Generator,068,10000,0.0,538,0.0538
DQN Agent,Ornstein-Uhlenbeck Generator,069,10000,0.0,532,0.0532
DQN Agent,Ornstein-Uhlenbeck Generator,070,10000,0.0,612,0.0612
DQN Agent,Ornstein-Uhlenbeck Generator,071,10000,0.0,452,0.0452
DQN Agent,Ornstein-Uhlenbeck Generator,072,10000,0.0,488,0.0488
DQN Agent,Ornstein-Uhlenbeck Generator,073,10000,0.0,484,0.0484
DQN Agent,Ornstein-Uhlenbeck Generator,074,10000,0.0,598,0.0598
DQN Agent,Ornstein-Uhlenbeck Generator,075,10000,0.0,426,0.0426
DQN Agent,Ornstein-Uhlenbeck Generator,076,10000,0.0,636,0.0636
DQN Agent,Ornstein-Uhlenbeck Generator,077,10000,0.0,320,0.032
DQN Agent,Ornstein-Uhlenbeck Generator,078,10000,0.0,484,0.0484
DQN Agent,Ornstein-Uhlenbeck Generator,079,10000,0.0,646,0.0646
DQN Agent,Ornstein-Uhlenbeck Generator,080,10000,0.0,588,0.0588
DQN Agent,Ornstein-Uhlenbeck Generator,081,10000,0.0,546,0.0546
DQN Agent,Ornstein-Uhlenbeck Generator,082,10000,0.0,640,0.064
DQN Agent,Ornstein-Uhlenbeck Generator,083,10000,0.0,288,0.0288
DQN Agent,Ornstein-Uhlenbeck Generator,084,10000,0.0,550,0.055
DQN Agent,Ornstein-Uhlenbeck Generator,085,10000,0.0,606,0.0606
DQN Agent,Ornstein-Uhlenbeck Generator,086,10000,0.0,742,0.0742
DQN Agent,Ornstein-Uhlenbeck Generator,087,10000,0.0,500,0.05
DQN Agent,Ornstein-Uhlenbeck Generator,088,10000,0.0,468,0.0468
DQN Agent,Ornstein-Uhlenbeck Generator,089,10000,0.0,558,0.0558
DQN Agent,Ornstein-Uhlenbeck Generator,090,10000,0.0,662,0.0662
DQN Agent,Ornstein-Uhlenbeck Generator,091,10000,0.0,478,0.0478
DQN Agent,Ornstein-Uhlenbeck Generator,092,10000,0.0,204,0.0204
DQN Agent,Ornstein-Uhlenbeck Generator,093,10000,0.0,768,0.0768
DQN Agent,Ornstein-Uhlenbeck Generator,094,10000,0.0,418,0.0418
DQN Agent,Ornstein-Uhlenbeck Generator,095,10000,0.0,386,0.0386
DQN Agent,Ornstein-Uhlenbeck Generator,096,10000,0.0,506,0.0506
DQN Agent,Ornstein-Uhlenbeck Generator,097,10000,0.0,436,0.0436
DQN Agent,Ornstein-Uhlenbeck Generator,098,10000,0.0,494,0.0494
DQN Agent,Ornstein-Uhlenbeck Generator,099,10000,0.0,526,0.0526
DQN Agent,Ornstein-Uhlenbeck Generator,100,10000,0.0,594,0.0594
DQN Agent,Periodic Trend Generator,001,10000,0.0,8080,0.808
DQN Agent,Periodic Trend Generator,002,10000,0.0,7862,0.7862
DQN Agent,Periodic Trend Generator,003,10000,0.0,8068,0.8068
DQN Agent,Periodic Trend Generator,004,10000,0.0,8120,0.812
DQN Agent,Periodic Trend Generator,005,10000,0.0,8104,0.8104
DQN Agent,Periodic Trend Generator,006,10000,0.0,8120,0.812
DQN Agent,Periodic Trend Generator,007,10000,0.0,8108,0.8108
DQN Agent,Periodic Trend Generator,008,10000,0.0,8028,0.8028
DQN Agent,Periodic Trend Generator,009,10000,0.0,8018,0.8018
DQN Agent,Periodic Trend Generator,010,10000,0.0,7814,0.7814
DQN Agent,Periodic Trend Generator,011,10000,0.0,8072,0.8072
DQN Agent,Periodic Trend Generator,012,10000,0.0,7986,0.7986
DQN Agent,Periodic Trend Generator,013,10000,0.0,8054,0.8054
DQN Agent,Periodic Trend Generator,014,10000,0.0,8000,0.8
DQN Agent,Periodic Trend Generator,015,10000,0.0,7990,0.799
DQN Agent,Periodic Trend Generator,016,10000,0.0,8204,0.8204
DQN Agent,Periodic Trend Generator,017,10000,0.0,7960,0.796
DQN Agent,Periodic Trend Generator,018,10000,0.0,7826,0.7826
DQN Agent,Periodic Trend Generator,019,10000,0.0,7838,0.7838
DQN Agent,Periodic Trend Generator,020,10000,0.0,8180,0.818
DQN Agent,Periodic Trend Generator,021,10000,0.0,7994,0.7994
DQN Agent,Periodic Trend Generator,022,10000,0.0,7914,0.7914
DQN Agent,Periodic Trend Generator,023,10000,0.0,7992,0.7992
DQN Agent,Periodic Trend Generator,024,10000,0.0,8140,0.814
DQN Agent,Periodic Trend Generator,025,10000,0.0,7930,0.793
DQN Agent,Periodic Trend Generator,026,10000,0.0,8070,0.807
DQN Agent,Periodic Trend Generator,027,10000,0.0,7948,0.7948
DQN Agent,Periodic Trend Generator,028,10000,0.0,8072,0.8072
DQN Agent,Periodic Trend Generator,029,10000,0.0,8042,0.8042
DQN Agent,Periodic Trend Generator,030,10000,0.0,7960,0.796
DQN Agent,Periodic Trend Generator,031,10000,0.0,8140,0.814
DQN Agent,Periodic Trend Generator,032,10000,0.0,7896,0.7896
DQN Agent,Periodic Trend Generator,033,10000,0.0,7998,0.7998
DQN Agent,Periodic Trend Generator,034,10000,0.0,8064,0.8064
DQN Agent,Periodic Trend Generator,035,10000,0.0,8024,0.8024
DQN Agent,Periodic Trend Generator,036,10000,0.0,7982,0.7982
DQN Agent,Periodic Trend Generator,037,10000,0.0,7956,0.7956
DQN Agent,Periodic Trend Generator,038,10000,0.0,7940,0.794
DQN Agent,Periodic Trend Generator,039,10000,0.0,8118,0.8118
DQN Agent,Periodic Trend Generator,040,10000,0.0,8102,0.8102
DQN Agent,Periodic Trend Generator,041,10000,0.0,8012,0.8012
DQN Agent,Periodic Trend Generator,042,10000,0.0,8104,0.8104
DQN Agent,Periodic Trend Generator,043,10000,0.0,8108,0.8108
DQN Agent,Periodic Trend Generator,044,10000,0.0,7974,0.7974
DQN Agent,Periodic Trend Generator,045,10000,0.0,7966,0.7966
DQN Agent,Periodic Trend Generator,046,10000,0.0,7970,0.797
DQN Agent,Periodic Trend Generator,047,10000,0.0,7816,0.7816
DQN Agent,Periodic Trend Generator,048,10000,0.0,7928,0.7928
DQN Agent,Periodic Trend Generator,049,10000,0.0,8030,0.803
DQN Agent,Periodic Trend Generator,050,10000,0.0,7718,0.7718
DQN Agent,Periodic Trend Generator,051,10000,0.0,7988,0.7988
DQN Agent,Periodic Trend Generator,052,10000,0.0,8194,0.8194
DQN Agent,Periodic Trend Generator,053,10000,0.0,7934,0.7934
DQN Agent,Periodic Trend Generator,054,10000,0.0,8126,0.8126
DQN Agent,Periodic Trend Generator,055,10000,0.0,7910,0.791
DQN Agent,Periodic Trend Generator,056,10000,0.0,8056,0.8056
DQN Agent,Periodic Trend Generator,057,10000,0.0,8070,0.807
DQN Agent,Periodic Trend Generator,058,10000,0.0,8076,0.8076
DQN Agent,Periodic Trend Generator,059,10000,0.0,7976,0.7976
DQN Agent,Periodic Trend Generator,060,10000,0.0,7870,0.787
DQN Agent,Periodic Trend Generator,061,10000,0.0,8144,0.8144
DQN Agent,Periodic Trend Generator,062,10000,0.0,7986,0.7986
DQN Agent,Periodic Trend Generator,063,10000,0.0,8018,0.8018
DQN Agent,Periodic Trend Generator,064,10000,0.0,7914,0.7914
DQN Agent,Periodic Trend Generator,065,10000,0.0,7996,0.7996
DQN Agent,Periodic Trend Generator,066,10000,0.0,8088,0.8088
DQN Agent,Periodic Trend Generator,067,10000,0.0,8126,0.8126
DQN Agent,Periodic Trend Generator,068,10000,0.0,7954,0.7954
DQN Agent,Periodic Trend Generator,069,10000,0.0,8150,0.815
DQN Agent,Periodic Trend Generator,070,10000,0.0,7962,0.7962
DQN Agent,Periodic Trend Generator,071,10000,0.0,8028,0.8028
DQN Agent,Periodic Trend Generator,072,10000,0.0,7992,0.7992
DQN Agent,Periodic Trend Generator,073,10000,0.0,7996,0.7996
DQN Agent,Periodic Trend Generator,074,10000,0.0,7826,0.7826
DQN Agent,Periodic Trend Generator,075,10000,0.0,8018,0.8018
DQN Agent,Periodic Trend Generator,076,10000,0.0,7914,0.7914
DQN Agent,Periodic Trend Generator,077,10000,0.0,8016,0.8016
DQN Agent,Periodic Trend Generator,078,10000,0.0,7982,0.7982
DQN Agent,Periodic Trend Generator,079,10000,0.0,8136,0.8136
DQN Agent,Periodic Trend Generator,080,10000,0.0,7918,0.7918
DQN Agent,Periodic Trend Generator,081,10000,0.0,8106,0.8106
DQN Agent,Periodic Trend Generator,082,10000,0.0,7994,0.7994
DQN Agent,Periodic Trend Generator,083,10000,0.0,8116,0.8116
DQN Agent,Periodic Trend Generator,084,10000,0.0,7882,0.7882
DQN Agent,Periodic Trend Generator,085,10000,0.0,8046,0.8046
DQN Agent,Periodic Trend Generator,086,10000,0.0,8054,0.8054
DQN Agent,Periodic Trend Generator,087,10000,0.0,8046,0.8046
DQN Agent,Periodic Trend Generator,088,10000,0.0,8066,0.8066
DQN Agent,Periodic Trend Generator,089,10000,0.0,8092,0.8092
DQN Agent,Periodic Trend Generator,090,10000,0.0,8004,0.8004
DQN Agent,Periodic Trend Generator,091,10000,0.0,7906,0.7906
DQN Agent,Periodic Trend Generator,092,10000,0.0,8106,0.8106
DQN Agent,Periodic Trend Generator,093,10000,0.0,8132,0.8132
DQN Agent,Periodic Trend Generator,094,10000,0.0,8116,0.8116
DQN Agent,Periodic Trend Generator,095,10000,0.0,7930,0.793
DQN Agent,Periodic Trend Generator,096,10000,0.0,7808,0.7808
DQN Agent,Periodic Trend Generator,097,10000,0.0,7972,0.7972
DQN Agent,Periodic Trend Generator,098,10000,0.0,8044,0.8044
DQN Agent,Periodic Trend Generator,099,10000,0.0,7914,0.7914
DQN Agent,Periodic Trend Generator,100,10000,0.0,8062,0.8062
DQN Agent,Random Walk Generator,001,10000,0.0,-44,-0.0044
DQN Agent,Random Walk Generator,002,10000,0.0,-118,-0.0118
DQN Agent,Random Walk Generator,003,10000,0.0,-30,-0.003
DQN Agent,Random Walk Generator,004,10000,0.0,-70,-0.007
DQN Agent,Random Walk Generator,005,10000,0.0,-26,-0.0026
DQN Agent,Random Walk Generator,006,10000,0.0,76,0.0076
DQN Agent,Random Walk Generator,007,10000,0.0,104,0.0104
DQN Agent,Random Walk Generator,008,10000,0.0,-78,-0.0078
DQN Agent,Random Walk Generator,009,10000,0.0,38,0.0038
DQN Agent,Random Walk Generator,010,10000,0.0,36,0.0036
DQN Agent,Random Walk Generator,011,10000,0.0,102,0.0102
DQN Agent,Random Walk Generator,012,10000,0.0,-84,-0.0084
DQN Agent,Random Walk Generator,013,10000,0.0,-72,-0.0072
DQN Agent,Random Walk Generator,014,10000,0.0,68,0.0068
DQN Agent,Random Walk Generator,015,10000,0.0,62,0.0062
DQN Agent,Random Walk Generator,016,10000,0.0,-16,-0.0016
DQN Agent,Random Walk Generator,017,10000,0.0,108,0.0108
DQN Agent,Random Walk Generator,018,10000,0.0,30,0.003
DQN Agent,Random Walk Generator,019,10000,0.0,-18,-0.0018
DQN Agent,Random Walk Generator,020,10000,0.0,-14,-0.0014
DQN Agent,Random Walk Generator,021,10000,0.0,48,0.0048
DQN Agent,Random Walk Generator,022,10000,0.0,-178,-0.0178
DQN Agent,Random Walk Generator,023,10000,0.0,-150,-0.015
DQN Agent,Random Walk Generator,024,10000,0.0,206,0.0206
DQN Agent,Random Walk Generator,025,10000,0.0,-146,-0.0146
DQN Agent,Random Walk Generator,026,10000,0.0,-14,-0.0014
DQN Agent,Random Walk Generator,027,10000,0.0,72,0.0072
DQN Agent,Random Walk Generator,028,10000,0.0,48,0.0048
DQN Agent,Random Walk Generator,029,10000,0.0,-94,-0.0094
DQN Agent,Random Walk Generator,030,10000,0.0,154,0.0154
DQN Agent,Random Walk Generator,031,10000,0.0,-82,-0.0082
DQN Agent,Random Walk Generator,032,10000,0.0,-30,-0.003
DQN Agent,Random Walk Generator,033,10000,0.0,-6,-0.0006
DQN Agent,Random Walk Generator,034,10000,0.0,32,0.0032
DQN Agent,Random Walk Generator,035,10000,0.0,-118,-0.0118
DQN Agent,Random Walk Generator,036,10000,0.0,116,0.0116
DQN Agent,Random Walk Generator,037,10000,0.0,-28,-0.0028
DQN Agent,Random Walk Generator,038,10000,0.0,34,0.0034
DQN Agent,Random Walk Generator,039,10000,0.0,-12,-0.0012
DQN Agent,Random Walk Generator,040,10000,0.0,-200,-0.02
DQN Agent,Random Walk Generator,041,10000,0.0,74,0.0074
DQN Agent,Random Walk Generator,042,10000,0.0,-42,-0.0042
DQN Agent,Random Walk Generator,043,10000,0.0,-78,-0.0078
DQN Agent,Random Walk Generator,044,10000,0.0,-76,-0.0076
DQN Agent,Random Walk Generator,045,10000,0.0,-82,-0.0082
DQN Agent,Random Walk Generator,046,10000,0.0,2,0.0002
DQN Agent,Random Walk Generator,047,10000,0.0,120,0.012
DQN Agent,Random Walk Generator,048,10000,0.0,104,0.0104
DQN Agent,Random Walk Generator,049,10000,0.0,68,0.0068
DQN Agent,Random Walk Generator,050,10000,0.0,18,0.0018
DQN Agent,Random Walk Generator,051,10000,0.0,102,0.0102
DQN Agent,Random Walk Generator,052,10000,0.0,-132,-0.0132
DQN Agent,Random Walk Generator,053,10000,0.0,-8,-0.0008
DQN Agent,Random Walk Generator,054,10000,0.0,-210,-0.021
DQN Agent,Random Walk Generator,055,10000,0.0,-36,-0.0036
DQN Agent,Random Walk Generator,056,10000,0.0,-76,-0.0076
DQN Agent,Random Walk Generator,057,10000,0.0,-24,-0.0024
DQN Agent,Random Walk Generator,058,10000,0.0,176,0.0176
DQN Agent,Random Walk Generator,059,10000,0.0,-72,-0.0072
DQN Agent,Random Walk Generator,060,10000,0.0,82,0.0082
DQN Agent,Random Walk Generator,061,10000,0.0,-26,-0.0026
DQN Agent,Random Walk Generator,062,10000,0.0,94,0.0094
DQN Agent,Random Walk Generator,063,10000,0.0,24,0.0024
DQN Agent,Random Walk Generator,064,10000,0.0,110,0.011
DQN Agent,Random Walk Generator,065,10000,0.0,46,0.0046
DQN Agent,Random Walk Generator,066,10000,0.0,44,0.0044
DQN Agent,Random Walk Generator,067,10000,0.0,-26,-0.0026
DQN Agent,Random Walk Generator,068,10000,0.0,54,0.0054
DQN Agent,Random Walk Generator,069,10000,0.0,-174,-0.0174
DQN Agent,Random Walk Generator,070,10000,0.0,-20,-0.002
DQN Agent,Random Walk Generator,071,10000,0.0,132,0.0132
DQN Agent,Random Walk Generator,072,10000,0.0,30,0.003
DQN Agent,Random Walk Generator,073,10000,0.0,-132,-0.0132
DQN Agent,Random Walk Generator,074,10000,0.0,-30,-0.003
DQN Agent,Random Walk Generator,075,10000,0.0,102,0.0102
DQN Agent,Random Walk Generator,076,10000,0.0,136,0.0136
DQN Agent,Random Walk Generator,077,10000,0.0,-38,-0.0038
DQN Agent,Random Walk Generator,078,10000,0.0,60,0.006
DQN Agent,Random Walk Generator,079,10000,0.0,70,0.007
DQN Agent,Random Walk Generator,080,10000,0.0,-44,-0.0044
DQN Agent,Random Walk Generator,081,10000,0.0,150,0.015
DQN Agent,Random Walk Generator,082,10000,0.0,-120,-0.012
DQN Agent,Random Walk Generator,083,10000,0.0,-54,-0.0054
DQN Agent,Random Walk Generator,084,10000,0.0,70,0.007
DQN Agent,Random Walk Generator,085,10000,0.0,-94,-0.0094
DQN Agent,Random Walk Generator,086,10000,0.0,40,0.004
DQN Agent,Random Walk Generator,087,10000,0.0,-8,-0.0008
DQN Agent,Random Walk Generator,088,10000,0.0,84,0.0084
DQN Agent,Random Walk Generator,089,10000,0.0,-88,-0.0088
DQN Agent,Random Walk Generator,090,10000,0.0,4,0.0004
DQN Agent,Random Walk Generator,091,10000,0.0,-42,-0.0042
DQN Agent,Random Walk Generator,092,10000,0.0,110,0.011
DQN Agent,Random Walk Generator,093,10000,0.0,-60,-0.006
DQN Agent,Random Walk Generator,094,10000,0.0,52,0.0052
DQN Agent,Random Walk Generator,095,10000,0.0,-144,-0.0144
DQN Agent,Random Walk Generator,096,10000,0.0,-4,-0.0004
DQN Agent,Random Walk Generator,097,10000,0.0,-122,-0.0122
DQN Agent,Random Walk Generator,098,10000,0.0,-58,-0.0058
DQN Agent,Random Walk Generator,099,10000,0.0,62,0.0062
DQN Agent,Random Walk Generator,100,10000,0.0,106,0.0106
Dynamic Mean Reversion Agent,Constant Generator,001,10000,0.0,-10000,-1.0
Dynamic Mean Reversion Agent,Constant Generator,002,10000,0.0,-10000,-1.0
Dynamic Mean Reversion Agent,Constant Generator,003,10000,0.0,-10000,-1.0
Dynamic Mean Reversion Agent,Constant Generator,004,10000,0.0,-10000,-1.0
Dynamic Mean Reversion Agent,Constant Generator,005,10000,0.0,-10000,-1.0
Dynamic Mean Reversion Agent,Constant Generator,006,10000,0.0,-10000,-1.0
Dynamic Mean Reversion Agent,Constant Generator,007,10000,0.0,-10000,-1.0
Dynamic Mean Reversion Agent,Constant Generator,008,10000,0.0,-10000,-1.0
Dynamic Mean Reversion Agent,Constant Generator,009,10000,0.0,-10000,-1.0
Dynamic Mean Reversion Agent,Constant Generator,010,10000,0.0,-10000,-1.0
Dynamic Mean Reversion Agent,Constant Generator,011,10000,0.0,-10000,-1.0
Dynamic Mean Reversion Agent,Constant Generator,012,10000,0.0,-10000,-1.0
Dynamic Mean Reversion Agent,Constant Generator,013,10000,0.0,-10000,-1.0
Dynamic Mean Reversion Agent,Constant Generator,014,10000,0.0,-10000,-1.0
Dynamic Mean Reversion Agent,Constant Generator,015,10000,0.0,-10000,-1.0
Dynamic Mean Reversion Agent,Constant Generator,016,10000,0.0,-10000,-1.0
Dynamic Mean Reversion Agent,Constant Generator,017,10000,0.0,-10000,-1.0
Dynamic Mean Reversion Agent,Constant Generator,018,10000,0.0,-10000,-1.0
Dynamic Mean Reversion Agent,Constant Generator,019,10000,0.0,-10000,-1.0
Dynamic Mean Reversion Agent,Constant Generator,020,10000,0.0,-10000,-1.0
Dynamic Mean Reversion Agent,Constant Generator,021,10000,0.0,-10000,-1.0
Dynamic Mean Reversion Agent,Constant Generator,022,10000,0.0,-10000,-1.0
Dynamic Mean Reversion Agent,Constant Generator,023,10000,0.0,-10000,-1.0
Dynamic Mean Reversion Agent,Constant Generator,024,10000,0.0,-10000,-1.0
Dynamic Mean Reversion Agent,Constant Generator,025,10000,0.0,-10000,-1.0
Dynamic Mean Reversion Agent,Constant Generator,026,10000,0.0,-10000,-1.0
Dynamic Mean Reversion Agent,Constant Generator,027,10000,0.0,-10000,-1.0
Dynamic Mean Reversion Agent,Constant Generator,028,10000,0.0,-10000,-1.0
Dynamic Mean Reversion Agent,Constant Generator,029,10000,0.0,-10000,-1.0
Dynamic Mean Reversion Agent,Constant Generator,030,10000,0.0,-10000,-1.0
Dynamic Mean Reversion Agent,Constant Generator,031,10000,0.0,-10000,-1.0
Dynamic Mean Reversion Agent,Constant Generator,032,10000,0.0,-10000,-1.0
Dynamic Mean Reversion Agent,Constant Generator,033,10000,0.0,-10000,-1.0
Dynamic Mean Reversion Agent,Constant Generator,034,10000,0.0,-10000,-1.0
Dynamic Mean Reversion Agent,Constant Generator,035,10000,0.0,-10000,-1.0
Dynamic Mean Reversion Agent,Constant Generator,036,10000,0.0,-10000,-1.0
Dynamic Mean Reversion Agent,Constant Generator,037,10000,0.0,-10000,-1.0
Dynamic Mean Reversion Agent,Constant Generator,038,10000,0.0,-10000,-1.0
Dynamic Mean Reversion Agent,Constant Generator,039,10000,0.0,-10000,-1.0
Dynamic Mean Reversion Agent,Constant Generator,040,10000,0.0,-10000,-1.0
Dynamic Mean Reversion Agent,Constant Generator,041,10000,0.0,-10000,-1.0
Dynamic Mean Reversion Agent,Constant Generator,042,10000,0.0,-10000,-1.0
Dynamic Mean Reversion Agent,Constant Generator,043,10000,0.0,-10000,-1.0
Dynamic Mean Reversion Agent,Constant Generator,044,10000,0.0,-10000,-1.0
Dynamic Mean Reversion Agent,Constant Generator,045,10000,0.0,-10000,-1.0
Dynamic Mean Reversion Agent,Constant Generator,046,10000,0.0,-10000,-1.0
Dynamic Mean Reversion Agent,Constant Generator,047,10000,0.0,-10000,-1.0
Dynamic Mean Reversion Agent,Constant Generator,048,10000,0.0,-10000,-1.0
Dynamic Mean Reversion Agent,Constant Generator,049,10000,0.0,-10000,-1.0
Dynamic Mean Reversion Agent,Constant Generator,050,10000,0.0,-10000,-1.0
Dynamic Mean Reversion Agent,Constant Generator,051,10000,0.0,-10000,-1.0
Dynamic Mean Reversion Agent,Constant Generator,052,10000,0.0,-10000,-1.0
Dynamic Mean Reversion Agent,Constant Generator,053,10000,0.0,-10000,-1.0
Dynamic Mean Reversion Agent,Constant Generator,054,10000,0.0,-10000,-1.0
Dynamic Mean Reversion Agent,Constant Generator,055,10000,0.0,-10000,-1.0
Dynamic Mean Reversion Agent,Constant Generator,056,10000,0.0,-10000,-1.0
Dynamic Mean Reversion Agent,Constant Generator,057,10000,0.0,-10000,-1.0
Dynamic Mean Reversion Agent,Constant Generator,058,10000,0.0,-10000,-1.0
Dynamic Mean Reversion Agent,Constant Generator,059,10000,0.0,-10000,-1.0
Dynamic Mean Reversion Agent,Constant Generator,060,10000,0.0,-10000,-1.0
Dynamic Mean Reversion Agent,Constant Generator,061,10000,0.0,-10000,-1.0
Dynamic Mean Reversion Agent,Constant Generator,062,10000,0.0,-10000,-1.0
Dynamic Mean Reversion Agent,Constant Generator,063,10000,0.0,-10000,-1.0
Dynamic Mean Reversion Agent,Constant Generator,064,10000,0.0,-10000,-1.0
Dynamic Mean Reversion Agent,Constant Generator,065,10000,0.0,-10000,-1.0
Dynamic Mean Reversion Agent,Constant Generator,066,10000,0.0,-10000,-1.0
Dynamic Mean Reversion Agent,Constant Generator,067,10000,0.0,-10000,-1.0
Dynamic Mean Reversion Agent,Constant Generator,068,10000,0.0,-10000,-1.0
Dynamic Mean Reversion Agent,Constant Generator,069,10000,0.0,-10000,-1.0
Dynamic Mean Reversion Agent,Constant Generator,070,10000,0.0,-10000,-1.0
Dynamic Mean Reversion Agent,Constant Generator,071,10000,0.0,-10000,-1.0
Dynamic Mean Reversion Agent,Constant Generator,072,10000,0.0,-10000,-1.0
Dynamic Mean Reversion Agent,Constant Generator,073,10000,0.0,-10000,-1.0
Dynamic Mean Reversion Agent,Constant Generator,074,10000,0.0,-10000,-1.0
Dynamic Mean Reversion Agent,Constant Generator,075,10000,0.0,-10000,-1.0
Dynamic Mean Reversion Agent,Constant Generator,076,10000,0.0,-10000,-1.0
Dynamic Mean Reversion Agent,Constant Generator,077,10000,0.0,-10000,-1.0
Dynamic Mean Reversion Agent,Constant Generator,078,10000,0.0,-10000,-1.0
Dynamic Mean Reversion Agent,Constant Generator,079,10000,0.0,-10000,-1.0
Dynamic Mean Reversion Agent,Constant Generator,080,10000,0.0,-10000,-1.0
Dynamic Mean Reversion Agent,Constant Generator,081,10000,0.0,-10000,-1.0
Dynamic Mean Reversion Agent,Constant Generator,082,10000,0.0,-10000,-1.0
Dynamic Mean Reversion Agent,Constant Generator,083,10000,0.0,-10000,-1.0
Dynamic Mean Reversion Agent,Constant Generator,084,10000,0.0,-10000,-1.0
Dynamic Mean Reversion Agent,Constant Generator,085,10000,0.0,-10000,-1.0
Dynamic Mean Reversion Agent,Constant Generator,086,10000,0.0,-10000,-1.0
Dynamic Mean Reversion Agent,Constant Generator,087,10000,0.0,-10000,-1.0
Dynamic Mean Reversion Agent,Constant Generator,088,10000,0.0,-10000,-1.0
Dynamic Mean Reversion Agent,Constant Generator,089,10000,0.0,-10000,-1.0
Dynamic Mean Reversion Agent,Constant Generator,090,10000,0.0,-10000,-1.0
Dynamic Mean Reversion Agent,Constant Generator,091,10000,0.0,-10000,-1.0
Dynamic Mean Reversion Agent,Constant Generator,092,10000,0.0,-10000,-1.0
Dynamic Mean Reversion Agent,Constant Generator,093,10000,0.0,-10000,-1.0
Dynamic Mean Reversion Agent,Constant Generator,094,10000,0.0,-10000,-1.0
Dynamic Mean Reversion Agent,Constant Generator,095,10000,0.0,-10000,-1.0
Dynamic Mean Reversion Agent,Constant Generator,096,10000,0.0,-10000,-1.0
Dynamic Mean Reversion Agent,Constant Generator,097,10000,0.0,-10000,-1.0
Dynamic Mean Reversion Agent,Constant Generator,098,10000,0.0,-10000,-1.0
Dynamic Mean Reversion Agent,Constant Generator,099,10000,0.0,-10000,-1.0
Dynamic Mean Reversion Agent,Constant Generator,100,10000,0.0,-10000,-1.0
Dynamic Mean Reversion Agent,Linear Trend Generator,001,10000,0.0,-10000,-1.0
Dynamic Mean Reversion Agent,Linear Trend Generator,002,10000,0.0,-10000,-1.0
Dynamic Mean Reversion Agent,Linear Trend Generator,003,10000,0.0,-10000,-1.0
Dynamic Mean Reversion Agent,Linear Trend Generator,004,10000,0.0,-10000,-1.0
Dynamic Mean Reversion Agent,Linear Trend Generator,005,10000,0.0,-10000,-1.0
Dynamic Mean Reversion Agent,Linear Trend Generator,006,10000,0.0,-10000,-1.0
Dynamic Mean Reversion Agent,Linear Trend Generator,007,10000,0.0,-10000,-1.0
Dynamic Mean Reversion Agent,Linear Trend Generator,008,10000,0.0,-10000,-1.0
Dynamic Mean Reversion Agent,Linear Trend Generator,009,10000,0.0,-10000,-1.0
Dynamic Mean Reversion Agent,Linear Trend Generator,010,10000,0.0,-10000,-1.0
Dynamic Mean Reversion Agent,Linear Trend Generator,011,10000,0.0,-10000,-1.0
Dynamic Mean Reversion Agent,Linear Trend Generator,012,10000,0.0,-10000,-1.0
Dynamic Mean Reversion Agent,Linear Trend Generator,013,10000,0.0,-10000,-1.0
Dynamic Mean Reversion Agent,Linear Trend Generator,014,10000,0.0,-10000,-1.0
Dynamic Mean Reversion Agent,Linear Trend Generator,015,10000,0.0,-10000,-1.0
Dynamic Mean Reversion Agent,Linear Trend Generator,016,10000,0.0,-10000,-1.0
Dynamic Mean Reversion Agent,Linear Trend Generator,017,10000,0.0,-10000,-1.0
Dynamic Mean Reversion Agent,Linear Trend Generator,018,10000,0.0,-10000,-1.0
Dynamic Mean Reversion Agent,Linear Trend Generator,019,10000,0.0,-10000,-1.0
Dynamic Mean Reversion Agent,Linear Trend Generator,020,10000,0.0,-10000,-1.0
Dynamic Mean Reversion Agent,Linear Trend Generator,021,10000,0.0,-10000,-1.0
Dynamic Mean Reversion Agent,Linear Trend Generator,022,10000,0.0,-10000,-1.0
Dynamic Mean Reversion Agent,Linear Trend Generator,023,10000,0.0,-10000,-1.0
Dynamic Mean Reversion Agent,Linear Trend Generator,024,10000,0.0,-10000,-1.0
Dynamic Mean Reversion Agent,Linear Trend Generator,025,10000,0.0,-10000,-1.0
Dynamic Mean Reversion Agent,Linear Trend Generator,026,10000,0.0,-10000,-1.0
Dynamic Mean Reversion Agent,Linear Trend Generator,027,10000,0.0,-10000,-1.0
Dynamic Mean Reversion Agent,Linear Trend Generator,028,10000,0.0,-10000,-1.0
Dynamic Mean Reversion Agent,Linear Trend Generator,029,10000,0.0,-10000,-1.0
Dynamic Mean Reversion Agent,Linear Trend Generator,030,10000,0.0,-10000,-1.0
Dynamic Mean Reversion Agent,Linear Trend Generator,031,10000,0.0,-10000,-1.0
Dynamic Mean Reversion Agent,Linear Trend Generator,032,10000,0.0,-10000,-1.0
Dynamic Mean Reversion Agent,Linear Trend Generator,033,10000,0.0,-10000,-1.0
Dynamic Mean Reversion Agent,Linear Trend Generator,034,10000,0.0,-10000,-1.0
Dynamic Mean Reversion Agent,Linear Trend Generator,035,10000,0.0,-10000,-1.0
Dynamic Mean Reversion Agent,Linear Trend Generator,036,10000,0.0,-10000,-1.0
Dynamic Mean Reversion Agent,Linear Trend Generator,037,10000,0.0,-10000,-1.0
Dynamic Mean Reversion Agent,Linear Trend Generator,038,10000,0.0,-10000,-1.0
Dynamic Mean Reversion Agent,Linear Trend Generator,039,10000,0.0,-10000,-1.0
Dynamic Mean Reversion Agent,Linear Trend Generator,040,10000,0.0,-10000,-1.0
Dynamic Mean Reversion Agent,Linear Trend Generator,041,10000,0.0,-10000,-1.0
Dynamic Mean Reversion Agent,Linear Trend Generator,042,10000,0.0,-10000,-1.0
Dynamic Mean Reversion Agent,Linear Trend Generator,043,10000,0.0,-10000,-1.0
Dynamic Mean Reversion Agent,Linear Trend Generator,044,10000,0.0,-10000,-1.0
Dynamic Mean Reversion Agent,Linear Trend Generator,045,10000,0.0,-10000,-1.0
Dynamic Mean Reversion Agent,Linear Trend Generator,046,10000,0.0,-10000,-1.0
Dynamic Mean Reversion Agent,Linear Trend Generator,047,10000,0.0,-10000,-1.0
Dynamic Mean Reversion Agent,Linear Trend Generator,048,10000,0.0,-10000,-1.0
Dynamic Mean Reversion Agent,Linear Trend Generator,049,10000,0.0,-10000,-1.0
Dynamic Mean Reversion Agent,Linear Trend Generator,050,10000,0.0,-10000,-1.0
Dynamic Mean Reversion Agent,Linear Trend Generator,051,10000,0.0,-10000,-1.0
Dynamic Mean Reversion Agent,Linear Trend Generator,052,10000,0.0,-10000,-1.0
Dynamic Mean Reversion Agent,Linear Trend Generator,053,10000,0.0,-10000,-1.0
Dynamic Mean Reversion Agent,Linear Trend Generator,054,10000,0.0,-10000,-1.0
Dynamic Mean Reversion Agent,Linear Trend Generator,055,10000,0.0,-10000,-1.0
Dynamic Mean Reversion Agent,Linear Trend Generator,056,10000,0.0,-10000,-1.0
Dynamic Mean Reversion Agent,Linear Trend Generator,057,10000,0.0,-10000,-1.0
Dynamic Mean Reversion Agent,Linear Trend Generator,058,10000,0.0,-10000,-1.0
Dynamic Mean Reversion Agent,Linear Trend Generator,059,10000,0.0,-10000,-1.0
Dynamic Mean Reversion Agent,Linear Trend Generator,060,10000,0.0,-10000,-1.0
Dynamic Mean Reversion Agent,Linear Trend Generator,061,10000,0.0,-10000,-1.0
Dynamic Mean Reversion Agent,Linear Trend Generator,062,10000,0.0,-10000,-1.0
Dynamic Mean Reversion Agent,Linear Trend Generator,063,10000,0.0,-10000,-1.0
Dynamic Mean Reversion Agent,Linear Trend Generator,064,10000,0.0,-10000,-1.0
Dynamic Mean Reversion Agent,Linear Trend Generator,065,10000,0.0,-10000,-1.0
Dynamic Mean Reversion Agent,Linear Trend Generator,066,10000,0.0,-10000,-1.0
Dynamic Mean Reversion Agent,Linear Trend Generator,067,10000,0.0,-10000,-1.0
Dynamic Mean Reversion Agent,Linear Trend Generator,068,10000,0.0,-10000,-1.0
Dynamic Mean Reversion Agent,Linear Trend Generator,069,10000,0.0,-10000,-1.0
Dynamic Mean Reversion Agent,Linear Trend Generator,070,10000,0.0,-10000,-1.0
Dynamic Mean Reversion Agent,Linear Trend Generator,071,10000,0.0,-10000,-1.0
Dynamic Mean Reversion Agent,Linear Trend Generator,072,10000,0.0,-10000,-1.0
Dynamic Mean Reversion Agent,Linear Trend Generator,073,10000,0.0,-10000,-1.0
Dynamic Mean Reversion Agent,Linear Trend Generator,074,10000,0.0,-10000,-1.0
Dynamic Mean Reversion Agent,Linear Trend Generator,075,10000,0.0,-10000,-1.0
Dynamic Mean Reversion Agent,Linear Trend Generator,076,10000,0.0,-10000,-1.0
Dynamic Mean Reversion Agent,Linear Trend Generator,077,10000,0.0,-10000,-1.0
Dynamic Mean Reversion Agent,Linear Trend Generator,078,10000,0.0,-10000,-1.0
Dynamic Mean Reversion Agent,Linear Trend Generator,079,10000,0.0,-10000,-1.0
Dynamic Mean Reversion Agent,Linear Trend Generator,080,10000,0.0,-10000,-1.0
Dynamic Mean Reversion Agent,Linear Trend Generator,081,10000,0.0,-10000,-1.0
Dynamic Mean Reversion Agent,Linear Trend Generator,082,10000,0.0,-10000,-1.0
Dynamic Mean Reversion Agent,Linear Trend Generator,083,10000,0.0,-10000,-1.0
Dynamic Mean Reversion Agent,Linear Trend Generator,084,10000,0.0,-10000,-1.0
Dynamic Mean Reversion Agent,Linear Trend Generator,085,10000,0.0,-10000,-1.0
Dynamic Mean Reversion Agent,Linear Trend Generator,086,10000,0.0,-10000,-1.0
Dynamic Mean Reversion Agent,Linear Trend Generator,087,10000,0.0,-10000,-1.0
Dynamic Mean Reversion Agent,Linear Trend Generator,088,10000,0.0,-10000,-1.0
Dynamic Mean Reversion Agent,Linear Trend Generator,089,10000,0.0,-10000,-1.0
Dynamic Mean Reversion Agent,Linear Trend Generator,090,10000,0.0,-10000,-1.0
Dynamic Mean Reversion Agent,Linear Trend Generator,091,10000,0.0,-10000,-1.0
Dynamic Mean Reversion Agent,Linear Trend Generator,092,10000,0.0,-10000,-1.0
Dynamic Mean Reversion Agent,Linear Trend Generator,093,10000,0.0,-10000,-1.0
Dynamic Mean Reversion Agent,Linear Trend Generator,094,10000,0.0,-10000,-1.0
Dynamic Mean Reversion Agent,Linear Trend Generator,095,10000,0.0,-10000,-1.0
Dynamic Mean Reversion Agent,Linear Trend Generator,096,10000,0.0,-10000,-1.0
Dynamic Mean Reversion Agent,Linear Trend Generator,097,10000,0.0,-10000,-1.0
Dynamic Mean Reversion Agent,Linear Trend Generator,098,10000,0.0,-10000,-1.0
Dynamic Mean Reversion Agent,Linear Trend Generator,099,10000,0.0,-10000,-1.0
Dynamic Mean Reversion Agent,Linear Trend Generator,100,10000,0.0,-10000,-1.0
Dynamic Mean Reversion Agent,Ornstein-Uhlenbeck Generator,001,10000,0.0,898,0.0898
Dynamic Mean Reversion Agent,Ornstein-Uhlenbeck Generator,002,10000,0.0,740,0.074
Dynamic Mean Reversion Agent,Ornstein-Uhlenbeck Generator,003,10000,0.0,866,0.0866
Dynamic Mean Reversion Agent,Ornstein-Uhlenbeck Generator,004,10000,0.0,808,0.0808
Dynamic Mean Reversion Agent,Ornstein-Uhlenbeck Generator,005,10000,0.0,842,0.0842
Dynamic Mean Reversion Agent,Ornstein-Uhlenbeck Generator,006,10000,0.0,894,0.0894
Dynamic Mean Reversion Agent,Ornstein-Uhlenbeck Generator,007,10000,0.0,828,0.0828
Dynamic Mean Reversion Agent,Ornstein-Uhlenbeck Generator,008,10000,0.0,880,0.088
Dynamic Mean Reversion Agent,Ornstein-Uhlenbeck Generator,009,10000,0.0,564,0.0564
Dynamic Mean Reversion Agent,Ornstein-Uhlenbeck Generator,010,10000,0.0,802,0.0802
Dynamic Mean Reversion Agent,Ornstein-Uhlenbeck Generator,011,10000,0.0,844,0.0844
Dynamic Mean Reversion Agent,Ornstein-Uhlenbeck Generator,012,10000,0.0,690,0.069
Dynamic Mean Reversion Agent,Ornstein-Uhlenbeck Generator,013,10000,0.0,800,0.08
Dynamic Mean Reversion Agent,Ornstein-Uhlenbeck Generator,014,10000,0.0,676,0.0676
Dynamic Mean Reversion Agent,Ornstein-Uhlenbeck Generator,015,10000,0.0,850,0.085
Dynamic Mean Reversion Agent,Ornstein-Uhlenbeck Generator,016,10000,0.0,874,0.0874
Dynamic Mean Reversion Agent,Ornstein-Uhlenbeck Generator,017,10000,0.0,856,0.0856
Dynamic Mean Reversion Agent,Ornstein-Uhlenbeck Generator,018,10000,0.0,958,0.0958
Dynamic Mean Reversion Agent,Ornstein-Uhlenbeck Generator,019,10000,0.0,782,0.0782
Dynamic Mean Reversion Agent,Ornstein-Uhlenbeck Generator,020,10000,0.0,800,0.08
Dynamic Mean Reversion Agent,Ornstein-Uhlenbeck Generator,021,10000,0.0,876,0.0876
Dynamic Mean Reversion Agent,Ornstein-Uhlenbeck Generator,022,10000,0.0,612,0.0612
Dynamic Mean Reversion Agent,Ornstein-Uhlenbeck Generator,023,10000,0.0,774,0.0774
Dynamic Mean Reversion Agent,Ornstein-Uhlenbeck Generator,024,10000,0.0,900,0.09
Dynamic Mean Reversion Agent,Ornstein-Uhlenbeck Generator,025,10000,0.0,702,0.0702
Dynamic Mean Reversion Agent,Ornstein-Uhlenbeck Generator,026,10000,0.0,794,0.0794
Dynamic Mean Reversion Agent,Ornstein-Uhlenbeck Generator,027,10000,0.0,592,0.0592
Dynamic Mean Reversion Agent,Ornstein-Uhlenbeck Generator,028,10000,0.0,784,0.0784
Dynamic Mean Reversion Agent,Ornstein-Uhlenbeck Generator,029,10000,0.0,858,0.0858
Dynamic Mean Reversion Agent,Ornstein-Uhlenbeck Generator,030,10000,0.0,810,0.081
Dynamic Mean Reversion Agent,Ornstein-Uhlenbeck Generator,031,10000,0.0,766,0.0766
Dynamic Mean Reversion Agent,Ornstein-Uhlenbeck Generator,032,10000,0.0,876,0.0876
Dynamic Mean Reversion Agent,Ornstein-Uhlenbeck Generator,033,10000,0.0,770,0.077
Dynamic Mean Reversion Agent,Ornstein-Uhlenbeck Generator,034,10000,0.0,886,0.0886
Dynamic Mean Reversion Agent,Ornstein-Uhlenbeck Generator,035,10000,0.0,906,0.0906
Dynamic Mean Reversion Agent,Ornstein-Uhlenbeck Generator,036,10000,0.0,816,0.0816
Dynamic Mean Reversion Agent,Ornstein-Uhlenbeck Generator,037,10000,0.0,842,0.0842
Dynamic Mean Reversion Agent,Ornstein-Uhlenbeck Generator,038,10000,0.0,724,0.0724
Dynamic Mean Reversion Agent,Ornstein-Uhlenbeck Generator,039,10000,0.0,954,0.0954
Dynamic Mean Reversion Agent,Ornstein-Uhlenbeck Generator,040,10000,0.0,652,0.0652
Dynamic Mean Reversion Agent,Ornstein-Uhlenbeck Generator,041,10000,0.0,672,0.0672
Dynamic Mean Reversion Agent,Ornstein-Uhlenbeck Generator,042,10000,0.0,718,0.0718
Dynamic Mean Reversion Agent,Ornstein-Uhlenbeck Generator,043,10000,0.0,792,0.0792
Dynamic Mean Reversion Agent,Ornstein-Uhlenbeck Generator,044,10000,0.0,732,0.0732
Dynamic Mean Reversion Agent,Ornstein-Uhlenbeck Generator,045,10000,0.0,812,0.0812
Dynamic Mean Reversion Agent,Ornstein-Uhlenbeck Generator,046,10000,0.0,734,0.0734
Dynamic Mean Reversion Agent,Ornstein-Uhlenbeck Generator,047,10000,0.0,666,0.0666
Dynamic Mean Reversion Agent,Ornstein-Uhlenbeck Generator,048,10000,0.0,660,0.066
Dynamic Mean Reversion Agent,Ornstein-Uhlenbeck Generator,049,10000,0.0,922,0.0922
Dynamic Mean Reversion Agent,Ornstein-Uhlenbeck Generator,050,10000,0.0,730,0.073
Dynamic Mean Reversion Agent,Ornstein-Uhlenbeck Generator,051,10000,0.0,796,0.0796
Dynamic Mean Reversion Agent,Ornstein-Uhlenbeck Generator,052,10000,0.0,740,0.074
Dynamic Mean Reversion Agent,Ornstein-Uhlenbeck Generator,053,10000,0.0,752,0.0752
Dynamic Mean Reversion Agent,Ornstein-Uhlenbeck Generator,054,10000,0.0,904,0.0904
Dynamic Mean Reversion Agent,Ornstein-Uhlenbeck Generator,055,10000,0.0,640,0.064
Dynamic Mean Reversion Agent,Ornstein-Uhlenbeck Generator,056,10000,0.0,1040,0.104
Dynamic Mean Reversion Agent,Ornstein-Uhlenbeck Generator,057,10000,0.0,780,0.078
Dynamic Mean Reversion Agent,Ornstein-Uhlenbeck Generator,058,10000,0.0,998,0.0998
Dynamic Mean Reversion Agent,Ornstein-Uhlenbeck Generator,059,10000,0.0,810,0.081
Dynamic Mean Reversion Agent,Ornstein-Uhlenbeck Generator,060,10000,0.0,970,0.097
Dynamic Mean Reversion Agent,Ornstein-Uhlenbeck Generator,061,10000,0.0,838,0.0838
Dynamic Mean Reversion Agent,Ornstein-Uhlenbeck Generator,062,10000,0.0,602,0.0602
Dynamic Mean Reversion Agent,Ornstein-Uhlenbeck Generator,063,10000,0.0,796,0.0796
Dynamic Mean Reversion Agent,Ornstein-Uhlenbeck Generator,064,10000,0.0,864,0.0864
Dynamic Mean Reversion Agent,Ornstein-Uhlenbeck Generator,065,10000,0.0,726,0.0726
Dynamic Mean Reversion Agent,Ornstein-Uhlenbeck Generator,066,10000,0.0,824,0.0824
Dynamic Mean Reversion Agent,Ornstein-Uhlenbeck Generator,067,10000,0.0,958,0.0958
Dynamic Mean Reversion Agent,Ornstein-Uhlenbeck Generator,068,10000,0.0,800,0.08
Dynamic Mean Reversion Agent,Ornstein-Uhlenbeck Generator,069,10000,0.0,692,0.0692
Dynamic Mean Reversion Agent,Ornstein-Uhlenbeck Generator,070,10000,0.0,828,0.0828
Dynamic Mean Reversion Agent,Ornstein-Uhlenbeck Generator,071,10000,0.0,730,0.073
Dynamic Mean Reversion Agent,Ornstein-Uhlenbeck Generator,072,10000,0.0,866,0.0866
Dynamic Mean Reversion Agent,Ornstein-Uhlenbeck Generator,073,10000,0.0,716,0.0716
Dynamic Mean Reversion Agent,Ornstein-Uhlenbeck Generator,074,10000,0.0,740,0.074
Dynamic Mean Reversion Agent,Ornstein-Uhlenbeck Generator,075,10000,0.0,844,0.0844
Dynamic Mean Reversion Agent,Ornstein-Uhlenbeck Generator,076,10000,0.0,856,0.0856
Dynamic Mean Reversion Agent,Ornstein-Uhlenbeck Generator,077,10000,0.0,832,0.0832
Dynamic Mean Reversion Agent,Ornstein-Uhlenbeck Generator,078,10000,0.0,740,0.074
Dynamic Mean Reversion Agent,Ornstein-Uhlenbeck Generator,079,10000,0.0,828,0.0828
Dynamic Mean Reversion Agent,Ornstein-Uhlenbeck Generator,080,10000,0.0,844,0.0844
Dynamic Mean Reversion Agent,Ornstein-Uhlenbeck Generator,081,10000,0.0,838,0.0838
Dynamic Mean Reversion Agent,Ornstein-Uhlenbeck Generator,082,10000,0.0,920,0.092
Dynamic Mean Reversion Agent,Ornstein-Uhlenbeck Generator,083,10000,0.0,848,0.0848
Dynamic Mean Reversion Agent,Ornstein-Uhlenbeck Generator,084,10000,0.0,790,0.079
Dynamic Mean Reversion Agent,Ornstein-Uhlenbeck Generator,085,10000,0.0,830,0.083
Dynamic Mean Reversion Agent,Ornstein-Uhlenbeck Generator,086,10000,0.0,912,0.0912
Dynamic Mean Reversion Agent,Ornstein-Uhlenbeck Generator,087,10000,0.0,754,0.0754
Dynamic Mean Reversion Agent,Ornstein-Uhlenbeck Generator,088,10000,0.0,902,0.0902
Dynamic Mean Reversion Agent,Ornstein-Uhlenbeck Generator,089,10000,0.0,866,0.0866
Dynamic Mean Reversion Agent,Ornstein-Uhlenbeck Generator,090,10000,0.0,780,0.078
Dynamic Mean Reversion Agent,Ornstein-Uhlenbeck Generator,091,10000,0.0,876,0.0876
Dynamic Mean Reversion Agent,Ornstein-Uhlenbeck Generator,092,10000,0.0,708,0.0708
Dynamic Mean Reversion Agent,Ornstein-Uhlenbeck Generator,093,10000,0.0,928,0.0928
Dynamic Mean Reversion Agent,Ornstein-Uhlenbeck Generator,094,10000,0.0,888,0.0888
Dynamic Mean Reversion Agent,Ornstein-Uhlenbeck Generator,095,10000,0.0,694,0.0694
Dynamic Mean Reversion Agent,Ornstein-Uhlenbeck Generator,096,10000,0.0,864,0.0864
Dynamic Mean Reversion Agent,Ornstein-Uhlenbeck Generator,097,10000,0.0,742,0.0742
Dynamic Mean Reversion Agent,Ornstein-Uhlenbeck Generator,098,10000,0.0,672,0.0672
Dynamic Mean Reversion Agent,Ornstein-Uhlenbeck Generator,099,10000,0.0,970,0.097
Dynamic Mean Reversion Agent,Ornstein-Uhlenbeck Generator,100,10000,0.0,772,0.0772
Dynamic Mean Reversion Agent,Periodic Trend Generator,001,10000,0.0,-8728,-0.8728
Dynamic Mean Reversion Agent,Periodic Trend Generator,002,10000,0.0,-8728,-0.8728
Dynamic Mean Reversion Agent,Periodic Trend Generator,003,10000,0.0,-8728,-0.8728
Dynamic Mean Reversion Agent,Periodic Trend Generator,004,10000,0.0,-8728,-0.8728
Dynamic Mean Reversion Agent,Periodic Trend Generator,005,10000,0.0,-8728,-0.8728
Dynamic Mean Reversion Agent,Periodic Trend Generator,006,10000,0.0,-8728,-0.8728
Dynamic Mean Reversion Agent,Periodic Trend Generator,007,10000,0.0,-8728,-0.8728
Dynamic Mean Reversion Agent,Periodic Trend Generator,008,10000,0.0,-8728,-0.8728
Dynamic Mean Reversion Agent,Periodic Trend Generator,009,10000,0.0,-8728,-0.8728
Dynamic Mean Reversion Agent,Periodic Trend Generator,010,10000,0.0,-8728,-0.8728
Dynamic Mean Reversion Agent,Periodic Trend Generator,011,10000,0.0,-8728,-0.8728
Dynamic Mean Reversion Agent,Periodic Trend Generator,012,10000,0.0,-8728,-0.8728
Dynamic Mean Reversion Agent,Periodic Trend Generator,013,10000,0.0,-8728,-0.8728
Dynamic Mean Reversion Agent,Periodic Trend Generator,014,10000,0.0,-8728,-0.8728
Dynamic Mean Reversion Agent,Periodic Trend Generator,015,10000,0.0,-8728,-0.8728
Dynamic Mean Reversion Agent,Periodic Trend Generator,016,10000,0.0,-8728,-0.8728
Dynamic Mean Reversion Agent,Periodic Trend Generator,017,10000,0.0,-8728,-0.8728
Dynamic Mean Reversion Agent,Periodic Trend Generator,018,10000,0.0,-8728,-0.8728
Dynamic Mean Reversion Agent,Periodic Trend Generator,019,10000,0.0,-8728,-0.8728
Dynamic Mean Reversion Agent,Periodic Trend Generator,020,10000,0.0,-8728,-0.8728
Dynamic Mean Reversion Agent,Periodic Trend Generator,021,10000,0.0,-8728,-0.8728
Dynamic Mean Reversion Agent,Periodic Trend Generator,022,10000,0.0,-8728,-0.8728
Dynamic Mean Reversion Agent,Periodic Trend Generator,023,10000,0.0,-8728,-0.8728
Dynamic Mean Reversion Agent,Periodic Trend Generator,024,10000,0.0,-8728,-0.8728
Dynamic Mean Reversion Agent,Periodic Trend Generator,025,10000,0.0,-8728,-0.8728
Dynamic Mean Reversion Agent,Periodic Trend Generator,026,10000,0.0,-8728,-0.8728
Dynamic Mean Reversion Agent,Periodic Trend Generator,027,10000,0.0,-8728,-0.8728
Dynamic Mean Reversion Agent,Periodic Trend Generator,028,10000,0.0,-8728,-0.8728
Dynamic Mean Reversion Agent,Periodic Trend Generator,029,10000,0.0,-8728,-0.8728
Dynamic Mean Reversion Agent,Periodic Trend Generator,030,10000,0.0,-8728,-0.8728
Dynamic Mean Reversion Agent,Periodic Trend Generator,031,10000,0.0,-8728,-0.8728
Dynamic Mean Reversion Agent,Periodic Trend Generator,032,10000,0.0,-8728,-0.8728
Dynamic Mean Reversion Agent,Periodic Trend Generator,033,10000,0.0,-8728,-0.8728
Dynamic Mean Reversion Agent,Periodic Trend Generator,034,10000,0.0,-8728,-0.8728
Dynamic Mean Reversion Agent,Periodic Trend Generator,035,10000,0.0,-8728,-0.8728
Dynamic Mean Reversion Agent,Periodic Trend Generator,036,10000,0.0,-8728,-0.8728
Dynamic Mean Reversion Agent,Periodic Trend Generator,037,10000,0.0,-8728,-0.8728
Dynamic Mean Reversion Agent,Periodic Trend Generator,038,10000,0.0,-8728,-0.8728
Dynamic Mean Reversion Agent,Periodic Trend Generator,039,10000,0.0,-8728,-0.8728
Dynamic Mean Reversion Agent,Periodic Trend Generator,040,10000,0.0,-8728,-0.8728
Dynamic Mean Reversion Agent,Periodic Trend Generator,041,10000,0.0,-8728,-0.8728
Dynamic Mean Reversion Agent,Periodic Trend Generator,042,10000,0.0,-8728,-0.8728
Dynamic Mean Reversion Agent,Periodic Trend Generator,043,10000,0.0,-8728,-0.8728
Dynamic Mean Reversion Agent,Periodic Trend Generator,044,10000,0.0,-8728,-0.8728
Dynamic Mean Reversion Agent,Periodic Trend Generator,045,10000,0.0,-8728,-0.8728
Dynamic Mean Reversion Agent,Periodic Trend Generator,046,10000,0.0,-8728,-0.8728
Dynamic Mean Reversion Agent,Periodic Trend Generator,047,10000,0.0,-8728,-0.8728
Dynamic Mean Reversion Agent,Periodic Trend Generator,048,10000,0.0,-8728,-0.8728
Dynamic Mean Reversion Agent,Periodic Trend Generator,049,10000,0.0,-8728,-0.8728
Dynamic Mean Reversion Agent,Periodic Trend Generator,050,10000,0.0,-8728,-0.8728
Dynamic Mean Reversion Agent,Periodic Trend Generator,051,10000,0.0,-8728,-0.8728
Dynamic Mean Reversion Agent,Periodic Trend Generator,052,10000,0.0,-8728,-0.8728
Dynamic Mean Reversion Agent,Periodic Trend Generator,053,10000,0.0,-8728,-0.8728
Dynamic Mean Reversion Agent,Periodic Trend Generator,054,10000,0.0,-8728,-0.8728
Dynamic Mean Reversion Agent,Periodic Trend Generator,055,10000,0.0,-8728,-0.8728
Dynamic Mean Reversion Agent,Periodic Trend Generator,056,10000,0.0,-8728,-0.8728
Dynamic Mean Reversion Agent,Periodic Trend Generator,057,10000,0.0,-8728,-0.8728
Dynamic Mean Reversion Agent,Periodic Trend Generator,058,10000,0.0,-8728,-0.8728
Dynamic Mean Reversion Agent,Periodic Trend Generator,059,10000,0.0,-8728,-0.8728
Dynamic Mean Reversion Agent,Periodic Trend Generator,060,10000,0.0,-8728,-0.8728
Dynamic Mean Reversion Agent,Periodic Trend Generator,061,10000,0.0,-8728,-0.8728
Dynamic Mean Reversion Agent,Periodic Trend Generator,062,10000,0.0,-8728,-0.8728
Dynamic Mean Reversion Agent,Periodic Trend Generator,063,10000,0.0,-8728,-0.8728
Dynamic Mean Reversion Agent,Periodic Trend Generator,064,10000,0.0,-8728,-0.8728
Dynamic Mean Reversion Agent,Periodic Trend Generator,065,10000,0.0,-8728,-0.8728
Dynamic Mean Reversion Agent,Periodic Trend Generator,066,10000,0.0,-8728,-0.8728
Dynamic Mean Reversion Agent,Periodic Trend Generator,067,10000,0.0,-8728,-0.8728
Dynamic Mean Reversion Agent,Periodic Trend Generator,068,10000,0.0,-8728,-0.8728
Dynamic Mean Reversion Agent,Periodic Trend Generator,069,10000,0.0,-8728,-0.8728
Dynamic Mean Reversion Agent,Periodic Trend Generator,070,10000,0.0,-8728,-0.8728
Dynamic Mean Reversion Agent,Periodic Trend Generator,071,10000,0.0,-8728,-0.8728
Dynamic Mean Reversion Agent,Periodic Trend Generator,072,10000,0.0,-8728,-0.8728
Dynamic Mean Reversion Agent,Periodic Trend Generator,073,10000,0.0,-8728,-0.8728
Dynamic Mean Reversion Agent,Periodic Trend Generator,074,10000,0.0,-8728,-0.8728
Dynamic Mean Reversion Agent,Periodic Trend Generator,075,10000,0.0,-8728,-0.8728
Dynamic Mean Reversion Agent,Periodic Trend Generator,076,10000,0.0,-8728,-0.8728
Dynamic Mean Reversion Agent,Periodic Trend Generator,077,10000,0.0,-8728,-0.8728
Dynamic Mean Reversion Agent,Periodic Trend Generator,078,10000,0.0,-8728,-0.8728
Dynamic Mean Reversion Agent,Periodic Trend Generator,079,10000,0.0,-8728,-0.8728
Dynamic Mean Reversion Agent,Periodic Trend Generator,080,10000,0.0,-8728,-0.8728
Dynamic Mean Reversion Agent,Periodic Trend Generator,081,10000,0.0,-8728,-0.8728
Dynamic Mean Reversion Agent,Periodic Trend Generator,082,10000,0.0,-8728,-0.8728
Dynamic Mean Reversion Agent,Periodic Trend Generator,083,10000,0.0,-8728,-0.8728
Dynamic Mean Reversion Agent,Periodic Trend Generator,084,10000,0.0,-8728,-0.8728
Dynamic Mean Reversion Agent,Periodic Trend Generator,085,10000,0.0,-8728,-0.8728
Dynamic Mean Reversion Agent,Periodic Trend Generator,086,10000,0.0,-8728,-0.8728
Dynamic Mean Reversion Agent,Periodic Trend Generator,087,10000,0.0,-8728,-0.8728
Dynamic Mean Reversion Agent,Periodic Trend Generator,088,10000,0.0,-8728,-0.8728
Dynamic Mean Reversion Agent,Periodic Trend Generator,089,10000,0.0,-8728,-0.8728
Dynamic Mean Reversion Agent,Periodic Trend Generator,090,10000,0.0,-8728,-0.8728
Dynamic Mean Reversion Agent,Periodic Trend Generator,091,10000,0.0,-8728,-0.8728
Dynamic Mean Reversion Agent,Periodic Trend Generator,092,10000,0.0,-8728,-0.8728
Dynamic Mean Reversion Agent,Periodic Trend Generator,093,10000,0.0,-8728,-0.8728
Dynamic Mean Reversion Agent,Periodic Trend Generator,094,10000,0.0,-8728,-0.8728
Dynamic Mean Reversion Agent,Periodic Trend Generator,095,10000,0.0,-8728,-0.8728
Dynamic Mean Reversion Agent,Periodic Trend Generator,096,10000,0.0,-8728,-0.8728
Dynamic Mean Reversion Agent,Periodic Trend Generator,097,10000,0.0,-8728,-0.8728
Dynamic Mean Reversion Agent,Periodic Trend Generator,098,10000,0.0,-8728,-0.8728
Dynamic Mean Reversion Agent,Periodic Trend Generator,099,10000,0.0,-8728,-0.8728
Dynamic Mean Reversion Agent,Periodic Trend Generator,100,10000,0.0,-8728,-0.8728
Dynamic Mean Reversion Agent,Random Walk Generator,001,10000,0.0,-108,-0.0108
Dynamic Mean Reversion Agent,Random Walk Generator,002,10000,0.0,158,0.0158
Dynamic Mean Reversion Agent,Random Walk Generator,003,10000,0.0,-100,-0.01
Dynamic Mean Reversion Agent,Random Walk Generator,004,10000,0.0,54,0.0054
Dynamic Mean Reversion Agent,Random Walk Generator,005,10000,0.0,-68,-0.0068
Dynamic Mean Reversion Agent,Random Walk Generator,006,10000,0.0,-126,-0.0126
Dynamic Mean Reversion Agent,Random Walk Generator,007,10000,0.0,24,0.0024
Dynamic Mean Reversion Agent,Random Walk Generator,008,10000,0.0,-348,-0.0348
Dynamic Mean Reversion Agent,Random Walk Generator,009,10000,0.0,62,0.0062
Dynamic Mean Reversion Agent,Random Walk Generator,010,10000,0.0,140,0.014
Dynamic Mean Reversion Agent,Random Walk Generator,011,10000,0.0,-240,-0.024
Dynamic Mean Reversion Agent,Random Walk Generator,012,10000,0.0,-172,-0.0172
Dynamic Mean Reversion Agent,Random Walk Generator,013,10000,0.0,-84,-0.0084
Dynamic Mean Reversion Agent,Random Walk Generator,014,10000,0.0,102,0.0102
Dynamic Mean Reversion Agent,Random Walk Generator,015,10000,0.0,-160,-0.016
Dynamic Mean Reversion Agent,Random Walk Generator,016,10000,0.0,-84,-0.0084
Dynamic Mean Reversion Agent,Random Walk Generator,017,10000,0.0,-22,-0.0022
Dynamic Mean Reversion Agent,Random Walk Generator,018,10000,0.0,-74,-0.0074
Dynamic Mean Reversion Agent,Random Walk Generator,019,10000,0.0,76,0.0076
Dynamic Mean Reversion Agent,Random Walk Generator,020,10000,0.0,76,0.0076
Dynamic Mean Reversion Agent,Random Walk Generator,021,10000,0.0,-28,-0.0028
Dynamic Mean Reversion Agent,Random Walk Generator,022,10000,0.0,98,0.0098
Dynamic Mean Reversion Agent,Random Walk Generator,023,10000,0.0,-4,-0.0004
Dynamic Mean Reversion Agent,Random Walk Generator,024,10000,0.0,-214,-0.0214
Dynamic Mean Reversion Agent,Random Walk Generator,025,10000,0.0,180,0.018
Dynamic Mean Reversion Agent,Random Walk Generator,026,10000,0.0,-72,-0.0072
Dynamic Mean Reversion Agent,Random Walk Generator,027,10000,0.0,-2,-0.0002
Dynamic Mean Reversion Agent,Random Walk Generator,028,10000,0.0,4,0.0004
Dynamic Mean Reversion Agent,Random Walk Generator,029,10000,0.0,74,0.0074
Dynamic Mean Reversion Agent,Random Walk Generator,030,10000,0.0,-78,-0.0078
Dynamic Mean Reversion Agent,Random Walk Generator,031,10000,0.0,-174,-0.0174
Dynamic Mean Reversion Agent,Random Walk Generator,032,10000,0.0,-88,-0.0088
Dynamic Mean Reversion Agent,Random Walk Generator,033,10000,0.0,10,0.001
Dynamic Mean Reversion Agent,Random Walk Generator,034,10000,0.0,-60,-0.006
Dynamic Mean Reversion Agent,Random Walk Generator,035,10000,0.0,154,0.0154
Dynamic Mean Reversion Agent,Random Walk Generator,036,10000,0.0,186,0.0186
Dynamic Mean Reversion Agent,Random Walk Generator,037,10000,0.0,-72,-0.0072
Dynamic Mean Reversion Agent,Random Walk Generator,038,10000,0.0,-46,-0.0046
Dynamic Mean Reversion Agent,Random Walk Generator,039,10000,0.0,16,0.0016
Dynamic Mean Reversion Agent,Random Walk Generator,040,10000,0.0,4,0.0004
Dynamic Mean Reversion Agent,Random Walk Generator,041,10000,0.0,160,0.016
Dynamic Mean Reversion Agent,Random Walk Generator,042,10000,0.0,42,0.0042
Dynamic Mean Reversion Agent,Random Walk Generator,043,10000,0.0,102,0.0102
Dynamic Mean Reversion Agent,Random Walk Generator,044,10000,0.0,-84,-0.0084
Dynamic Mean Reversion Agent,Random Walk Generator,045,10000,0.0,162,0.0162
Dynamic Mean Reversion Agent,Random Walk Generator,046,10000,0.0,52,0.0052
Dynamic Mean Reversion Agent,Random Walk Generator,047,10000,0.0,-48,-0.0048
Dynamic Mean Reversion Agent,Random Walk Generator,048,10000,0.0,44,0.0044
Dynamic Mean Reversion Agent,Random Walk Generator,049,10000,0.0,64,0.0064
Dynamic Mean Reversion Agent,Random Walk Generator,050,10000,0.0,66,0.0066
Dynamic Mean Reversion Agent,Random Walk Generator,051,10000,0.0,56,0.0056
Dynamic Mean Reversion Agent,Random Walk Generator,052,10000,0.0,-92,-0.0092
Dynamic Mean Reversion Agent,Random Walk Generator,053,10000,0.0,18,0.0018
Dynamic Mean Reversion Agent,Random Walk Generator,054,10000,0.0,-78,-0.0078
Dynamic Mean Reversion Agent,Random Walk Generator,055,10000,0.0,-62,-0.0062
Dynamic Mean Reversion Agent,Random Walk Generator,056,10000,0.0,-24,-0.0024
Dynamic Mean Reversion Agent,Random Walk Generator,057,10000,0.0,52,0.0052
Dynamic Mean Reversion Agent,Random Walk Generator,058,10000,0.0,52,0.0052
Dynamic Mean Reversion Agent,Random Walk Generator,059,10000,0.0,38,0.0038
Dynamic Mean Reversion Agent,Random Walk Generator,060,10000,0.0,40,0.004
Dynamic Mean Reversion Agent,Random Walk Generator,061,10000,0.0,74,0.0074
Dynamic Mean Reversion Agent,Random Walk Generator,062,10000,0.0,-50,-0.005
Dynamic Mean Reversion Agent,Random Walk Generator,063,10000,0.0,16,0.0016
Dynamic Mean Reversion Agent,Random Walk Generator,064,10000,0.0,-94,-0.0094
Dynamic Mean Reversion Agent,Random Walk Generator,065,10000,0.0,48,0.0048
Dynamic Mean Reversion Agent,Random Walk Generator,066,10000,0.0,18,0.0018
Dynamic Mean Reversion Agent,Random Walk Generator,067,10000,0.0,-32,-0.0032
Dynamic Mean Reversion Agent,Random Walk Generator,068,10000,0.0,134,0.0134
Dynamic Mean Reversion Agent,Random Walk Generator,069,10000,0.0,-6,-0.0006
Dynamic Mean Reversion Agent,Random Walk Generator,070,10000,0.0,-88,-0.0088
Dynamic Mean Reversion Agent,Random Walk Generator,071,10000,0.0,-102,-0.0102
Dynamic Mean Reversion Agent,Random Walk Generator,072,10000,0.0,-102,-0.0102
Dynamic Mean Reversion Agent,Random Walk Generator,073,10000,0.0,-126,-0.0126
Dynamic Mean Reversion Agent,Random Walk Generator,074,10000,0.0,72,0.0072
Dynamic Mean Reversion Agent,Random Walk Generator,075,10000,0.0,52,0.0052
Dynamic Mean Reversion Agent,Random Walk Generator,076,10000,0.0,212,0.0212
Dynamic Mean Reversion Agent,Random Walk Generator,077,10000,0.0,-64,-0.0064
Dynamic Mean Reversion Agent,Random Walk Generator,078,10000,0.0,-82,-0.0082
Dynamic Mean Reversion Agent,Random Walk Generator,079,10000,0.0,-86,-0.0086
Dynamic Mean Reversion Agent,Random Walk Generator,080,10000,0.0,84,0.0084
Dynamic Mean Reversion Agent,Random Walk Generator,081,10000,0.0,-136,-0.0136
Dynamic Mean Reversion Agent,Random Walk Generator,082,10000,0.0,96,0.0096
Dynamic Mean Reversion Agent,Random Walk Generator,083,10000,0.0,-34,-0.0034
Dynamic Mean Reversion Agent,Random Walk Generator,084,10000,0.0,-38,-0.0038
Dynamic Mean Reversion Agent,Random Walk Generator,085,10000,0.0,-136,-0.0136
Dynamic Mean Reversion Agent,Random Walk Generator,086,10000,0.0,-24,-0.0024
Dynamic Mean Reversion Agent,Random Walk Generator,087,10000,0.0,-62,-0.0062
Dynamic Mean Reversion Agent,Random Walk Generator,088,10000,0.0,-116,-0.0116
Dynamic Mean Reversion Agent,Random Walk Generator,089,10000,0.0,52,0.0052
Dynamic Mean Reversion Agent,Random Walk Generator,090,10000,0.0,70,0.007
Dynamic Mean Reversion Agent,Random Walk Generator,091,10000,0.0,14,0.0014
Dynamic Mean Reversion Agent,Random Walk Generator,092,10000,0.0,124,0.0124
Dynamic Mean Reversion Agent,Random Walk Generator,093,10000,0.0,142,0.0142
Dynamic Mean Reversion Agent,Random Walk Generator,094,10000,0.0,198,0.0198
Dynamic Mean Reversion Agent,Random Walk Generator,095,10000,0.0,28,0.0028
Dynamic Mean Reversion Agent,Random Walk Generator,096,10000,0.0,-40,-0.004
Dynamic Mean Reversion Agent,Random Walk Generator,097,10000,0.0,-112,-0.0112
Dynamic Mean Reversion Agent,Random Walk Generator,098,10000,0.0,38,0.0038
Dynamic Mean Reversion Agent,Random Walk Generator,099,10000,0.0,-108,-0.0108
Dynamic Mean Reversion Agent,Random Walk Generator,100,10000,0.0,64,0.0064
Frequency-Based Majority Agent,Constant Generator,001,10000,0.0,-10000,-1.0
Frequency-Based Majority Agent,Constant Generator,002,10000,0.0,-10000,-1.0
Frequency-Based Majority Agent,Constant Generator,003,10000,0.0,-10000,-1.0
Frequency-Based Majority Agent,Constant Generator,004,10000,0.0,-10000,-1.0
Frequency-Based Majority Agent,Constant Generator,005,10000,0.0,-10000,-1.0
Frequency-Based Majority Agent,Constant Generator,006,10000,0.0,-10000,-1.0
Frequency-Based Majority Agent,Constant Generator,007,10000,0.0,-10000,-1.0
Frequency-Based Majority Agent,Constant Generator,008,10000,0.0,-10000,-1.0
Frequency-Based Majority Agent,Constant Generator,009,10000,0.0,-10000,-1.0
Frequency-Based Majority Agent,Constant Generator,010,10000,0.0,-10000,-1.0
Frequency-Based Majority Agent,Constant Generator,011,10000,0.0,-10000,-1.0
Frequency-Based Majority Agent,Constant Generator,012,10000,0.0,-10000,-1.0
Frequency-Based Majority Agent,Constant Generator,013,10000,0.0,-10000,-1.0
Frequency-Based Majority Agent,Constant Generator,014,10000,0.0,-10000,-1.0
Frequency-Based Majority Agent,Constant Generator,015,10000,0.0,-10000,-1.0
Frequency-Based Majority Agent,Constant Generator,016,10000,0.0,-10000,-1.0
Frequency-Based Majority Agent,Constant Generator,017,10000,0.0,-10000,-1.0
Frequency-Based Majority Agent,Constant Generator,018,10000,0.0,-10000,-1.0
Frequency-Based Majority Agent,Constant Generator,019,10000,0.0,-10000,-1.0
Frequency-Based Majority Agent,Constant Generator,020,10000,0.0,-10000,-1.0
Frequency-Based Majority Agent,Constant Generator,021,10000,0.0,-10000,-1.0
Frequency-Based Majority Agent,Constant Generator,022,10000,0.0,-10000,-1.0
Frequency-Based Majority Agent,Constant Generator,023,10000,0.0,-10000,-1.0
Frequency-Based Majority Agent,Constant Generator,024,10000,0.0,-10000,-1.0
Frequency-Based Majority Agent,Constant Generator,025,10000,0.0,-10000,-1.0
Frequency-Based Majority Agent,Constant Generator,026,10000,0.0,-10000,-1.0
Frequency-Based Majority Agent,Constant Generator,027,10000,0.0,-10000,-1.0
Frequency-Based Majority Agent,Constant Generator,028,10000,0.0,-10000,-1.0
Frequency-Based Majority Agent,Constant Generator,029,10000,0.0,-10000,-1.0
Frequency-Based Majority Agent,Constant Generator,030,10000,0.0,-10000,-1.0
Frequency-Based Majority Agent,Constant Generator,031,10000,0.0,-10000,-1.0
Frequency-Based Majority Agent,Constant Generator,032,10000,0.0,-10000,-1.0
Frequency-Based Majority Agent,Constant Generator,033,10000,0.0,-10000,-1.0
Frequency-Based Majority Agent,Constant Generator,034,10000,0.0,-10000,-1.0
Frequency-Based Majority Agent,Constant Generator,035,10000,0.0,-10000,-1.0
Frequency-Based Majority Agent,Constant Generator,036,10000,0.0,-10000,-1.0
Frequency-Based Majority Agent,Constant Generator,037,10000,0.0,-10000,-1.0
Frequency-Based Majority Agent,Constant Generator,038,10000,0.0,-10000,-1.0
Frequency-Based Majority Agent,Constant Generator,039,10000,0.0,-10000,-1.0
Frequency-Based Majority Agent,Constant Generator,040,10000,0.0,-10000,-1.0
Frequency-Based Majority Agent,Constant Generator,041,10000,0.0,-10000,-1.0
Frequency-Based Majority Agent,Constant Generator,042,10000,0.0,-10000,-1.0
Frequency-Based Majority Agent,Constant Generator,043,10000,0.0,-10000,-1.0
Frequency-Based Majority Agent,Constant Generator,044,10000,0.0,-10000,-1.0
Frequency-Based Majority Agent,Constant Generator,045,10000,0.0,-10000,-1.0
Frequency-Based Majority Agent,Constant Generator,046,10000,0.0,-10000,-1.0
Frequency-Based Majority Agent,Constant Generator,047,10000,0.0,-10000,-1.0
Frequency-Based Majority Agent,Constant Generator,048,10000,0.0,-10000,-1.0
Frequency-Based Majority Agent,Constant Generator,049,10000,0.0,-10000,-1.0
Frequency-Based Majority Agent,Constant Generator,050,10000,0.0,-10000,-1.0
Frequency-Based Majority Agent,Constant Generator,051,10000,0.0,-10000,-1.0
Frequency-Based Majority Agent,Constant Generator,052,10000,0.0,-10000,-1.0
Frequency-Based Majority Agent,Constant Generator,053,10000,0.0,-10000,-1.0
Frequency-Based Majority Agent,Constant Generator,054,10000,0.0,-10000,-1.0
Frequency-Based Majority Agent,Constant Generator,055,10000,0.0,-10000,-1.0
Frequency-Based Majority Agent,Constant Generator,056,10000,0.0,-10000,-1.0
Frequency-Based Majority Agent,Constant Generator,057,10000,0.0,-10000,-1.0
Frequency-Based Majority Agent,Constant Generator,058,10000,0.0,-10000,-1.0
Frequency-Based Majority Agent,Constant Generator,059,10000,0.0,-10000,-1.0
Frequency-Based Majority Agent,Constant Generator,060,10000,0.0,-10000,-1.0
Frequency-Based Majority Agent,Constant Generator,061,10000,0.0,-10000,-1.0
Frequency-Based Majority Agent,Constant Generator,062,10000,0.0,-10000,-1.0
Frequency-Based Majority Agent,Constant Generator,063,10000,0.0,-10000,-1.0
Frequency-Based Majority Agent,Constant Generator,064,10000,0.0,-10000,-1.0
Frequency-Based Majority Agent,Constant Generator,065,10000,0.0,-10000,-1.0
Frequency-Based Majority Agent,Constant Generator,066,10000,0.0,-10000,-1.0
Frequency-Based Majority Agent,Constant Generator,067,10000,0.0,-10000,-1.0
Frequency-Based Majority Agent,Constant Generator,068,10000,0.0,-10000,-1.0
Frequency-Based Majority Agent,Constant Generator,069,10000,0.0,-10000,-1.0
Frequency-Based Majority Agent,Constant Generator,070,10000,0.0,-10000,-1.0
Frequency-Based Majority Agent,Constant Generator,071,10000,0.0,-10000,-1.0
Frequency-Based Majority Agent,Constant Generator,072,10000,0.0,-10000,-1.0
Frequency-Based Majority Agent,Constant Generator,073,10000,0.0,-10000,-1.0
Frequency-Based Majority Agent,Constant Generator,074,10000,0.0,-10000,-1.0
Frequency-Based Majority Agent,Constant Generator,075,10000,0.0,-10000,-1.0
Frequency-Based Majority Agent,Constant Generator,076,10000,0.0,-10000,-1.0
Frequency-Based Majority Agent,Constant Generator,077,10000,0.0,-10000,-1.0
Frequency-Based Majority Agent,Constant Generator,078,10000,0.0,-10000,-1.0
Frequency-Based Majority Agent,Constant Generator,079,10000,0.0,-10000,-1.0
Frequency-Based Majority Agent,Constant Generator,080,10000,0.0,-10000,-1.0
Frequency-Based Majority Agent,Constant Generator,081,10000,0.0,-10000,-1.0
Frequency-Based Majority Agent,Constant Generator,082,10000,0.0,-10000,-1.0
Frequency-Based Majority Agent,Constant Generator,083,10000,0.0,-10000,-1.0
Frequency-Based Majority Agent,Constant Generator,084,10000,0.0,-10000,-1.0
Frequency-Based Majority Agent,Constant Generator,085,10000,0.0,-10000,-1.0
Frequency-Based Majority Agent,Constant Generator,086,10000,0.0,-10000,-1.0
Frequency-Based Majority Agent,Constant Generator,087,10000,0.0,-10000,-1.0
Frequency-Based Majority Agent,Constant Generator,088,10000,0.0,-10000,-1.0
Frequency-Based Majority Agent,Constant Generator,089,10000,0.0,-10000,-1.0
Frequency-Based Majority Agent,Constant Generator,090,10000,0.0,-10000,-1.0
Frequency-Based Majority Agent,Constant Generator,091,10000,0.0,-10000,-1.0
Frequency-Based Majority Agent,Constant Generator,092,10000,0.0,-10000,-1.0
Frequency-Based Majority Agent,Constant Generator,093,10000,0.0,-10000,-1.0
Frequency-Based Majority Agent,Constant Generator,094,10000,0.0,-10000,-1.0
Frequency-Based Majority Agent,Constant Generator,095,10000,0.0,-10000,-1.0
Frequency-Based Majority Agent,Constant Generator,096,10000,0.0,-10000,-1.0
Frequency-Based Majority Agent,Constant Generator,097,10000,0.0,-10000,-1.0
Frequency-Based Majority Agent,Constant Generator,098,10000,0.0,-10000,-1.0
Frequency-Based Majority Agent,Constant Generator,099,10000,0.0,-10000,-1.0
Frequency-Based Majority Agent,Constant Generator,100,10000,0.0,-10000,-1.0
Frequency-Based Majority Agent,Linear Trend Generator,001,10000,0.0,10000,1.0
Frequency-Based Majority Agent,Linear Trend Generator,002,10000,0.0,10000,1.0
Frequency-Based Majority Agent,Linear Trend Generator,003,10000,0.0,10000,1.0
Frequency-Based Majority Agent,Linear Trend Generator,004,10000,0.0,10000,1.0
Frequency-Based Majority Agent,Linear Trend Generator,005,10000,0.0,10000,1.0
Frequency-Based Majority Agent,Linear Trend Generator,006,10000,0.0,10000,1.0
Frequency-Based Majority Agent,Linear Trend Generator,007,10000,0.0,10000,1.0
Frequency-Based Majority Agent,Linear Trend Generator,008,10000,0.0,10000,1.0
Frequency-Based Majority Agent,Linear Trend Generator,009,10000,0.0,10000,1.0
Frequency-Based Majority Agent,Linear Trend Generator,010,10000,0.0,10000,1.0
Frequency-Based Majority Agent,Linear Trend Generator,011,10000,0.0,10000,1.0
Frequency-Based Majority Agent,Linear Trend Generator,012,10000,0.0,10000,1.0
Frequency-Based Majority Agent,Linear Trend Generator,013,10000,0.0,10000,1.0
Frequency-Based Majority Agent,Linear Trend Generator,014,10000,0.0,10000,1.0
Frequency-Based Majority Agent,Linear Trend Generator,015,10000,0.0,10000,1.0
Frequency-Based Majority Agent,Linear Trend Generator,016,10000,0.0,10000,1.0
Frequency-Based Majority Agent,Linear Trend Generator,017,10000,0.0,10000,1.0
Frequency-Based Majority Agent,Linear Trend Generator,018,10000,0.0,10000,1.0
Frequency-Based Majority Agent,Linear Trend Generator,019,10000,0.0,10000,1.0
Frequency-Based Majority Agent,Linear Trend Generator,020,10000,0.0,10000,1.0
Frequency-Based Majority Agent,Linear Trend Generator,021,10000,0.0,10000,1.0
Frequency-Based Majority Agent,Linear Trend Generator,022,10000,0.0,10000,1.0
Frequency-Based Majority Agent,Linear Trend Generator,023,10000,0.0,10000,1.0
Frequency-Based Majority Agent,Linear Trend Generator,024,10000,0.0,10000,1.0
Frequency-Based Majority Agent,Linear Trend Generator,025,10000,0.0,10000,1.0
Frequency-Based Majority Agent,Linear Trend Generator,026,10000,0.0,10000,1.0
Frequency-Based Majority Agent,Linear Trend Generator,027,10000,0.0,10000,1.0
Frequency-Based Majority Agent,Linear Trend Generator,028,10000,0.0,10000,1.0
Frequency-Based Majority Agent,Linear Trend Generator,029,10000,0.0,10000,1.0
Frequency-Based Majority Agent,Linear Trend Generator,030,10000,0.0,10000,1.0
Frequency-Based Majority Agent,Linear Trend Generator,031,10000,0.0,10000,1.0
Frequency-Based Majority Agent,Linear Trend Generator,032,10000,0.0,10000,1.0
Frequency-Based Majority Agent,Linear Trend Generator,033,10000,0.0,10000,1.0
Frequency-Based Majority Agent,Linear Trend Generator,034,10000,0.0,10000,1.0
Frequency-Based Majority Agent,Linear Trend Generator,035,10000,0.0,10000,1.0
Frequency-Based Majority Agent,Linear Trend Generator,036,10000,0.0,10000,1.0
Frequency-Based Majority Agent,Linear Trend Generator,037,10000,0.0,10000,1.0
Frequency-Based Majority Agent,Linear Trend Generator,038,10000,0.0,10000,1.0
Frequency-Based Majority Agent,Linear Trend Generator,039,10000,0.0,10000,1.0
Frequency-Based Majority Agent,Linear Trend Generator,040,10000,0.0,10000,1.0
Frequency-Based Majority Agent,Linear Trend Generator,041,10000,0.0,10000,1.0
Frequency-Based Majority Agent,Linear Trend Generator,042,10000,0.0,10000,1.0
Frequency-Based Majority Agent,Linear Trend Generator,043,10000,0.0,10000,1.0
Frequency-Based Majority Agent,Linear Trend Generator,044,10000,0.0,10000,1.0
Frequency-Based Majority Agent,Linear Trend Generator,045,10000,0.0,10000,1.0
Frequency-Based Majority Agent,Linear Trend Generator,046,10000,0.0,10000,1.0
Frequency-Based Majority Agent,Linear Trend Generator,047,10000,0.0,10000,1.0
Frequency-Based Majority Agent,Linear Trend Generator,048,10000,0.0,10000,1.0
Frequency-Based Majority Agent,Linear Trend Generator,049,10000,0.0,10000,1.0
Frequency-Based Majority Agent,Linear Trend Generator,050,10000,0.0,10000,1.0
Frequency-Based Majority Agent,Linear Trend Generator,051,10000,0.0,10000,1.0
Frequency-Based Majority Agent,Linear Trend Generator,052,10000,0.0,10000,1.0
Frequency-Based Majority Agent,Linear Trend Generator,053,10000,0.0,10000,1.0
Frequency-Based Majority Agent,Linear Trend Generator,054,10000,0.0,10000,1.0
Frequency-Based Majority Agent,Linear Trend Generator,055,10000,0.0,10000,1.0
Frequency-Based Majority Agent,Linear Trend Generator,056,10000,0.0,10000,1.0
Frequency-Based Majority Agent,Linear Trend Generator,057,10000,0.0,10000,1.0
Frequency-Based Majority Agent,Linear Trend Generator,058,10000,0.0,10000,1.0
Frequency-Based Majority Agent,Linear Trend Generator,059,10000,0.0,10000,1.0
Frequency-Based Majority Agent,Linear Trend Generator,060,10000,0.0,10000,1.0
Frequency-Based Majority Agent,Linear Trend Generator,061,10000,0.0,10000,1.0
Frequency-Based Majority Agent,Linear Trend Generator,062,10000,0.0,10000,1.0
Frequency-Based Majority Agent,Linear Trend Generator,063,10000,0.0,10000,1.0
Frequency-Based Majority Agent,Linear Trend Generator,064,10000,0.0,10000,1.0
Frequency-Based Majority Agent,Linear Trend Generator,065,10000,0.0,10000,1.0
Frequency-Based Majority Agent,Linear Trend Generator,066,10000,0.0,10000,1.0
Frequency-Based Majority Agent,Linear Trend Generator,067,10000,0.0,10000,1.0
Frequency-Based Majority Agent,Linear Trend Generator,068,10000,0.0,10000,1.0
Frequency-Based Majority Agent,Linear Trend Generator,069,10000,0.0,10000,1.0
Frequency-Based Majority Agent,Linear Trend Generator,070,10000,0.0,10000,1.0
Frequency-Based Majority Agent,Linear Trend Generator,071,10000,0.0,10000,1.0
Frequency-Based Majority Agent,Linear Trend Generator,072,10000,0.0,10000,1.0
Frequency-Based Majority Agent,Linear Trend Generator,073,10000,0.0,10000,1.0
Frequency-Based Majority Agent,Linear Trend Generator,074,10000,0.0,10000,1.0
Frequency-Based Majority Agent,Linear Trend Generator,075,10000,0.0,10000,1.0
Frequency-Based Majority Agent,Linear Trend Generator,076,10000,0.0,10000,1.0
Frequency-Based Majority Agent,Linear Trend Generator,077,10000,0.0,10000,1.0
Frequency-Based Majority Agent,Linear Trend Generator,078,10000,0.0,10000,1.0
Frequency-Based Majority Agent,Linear Trend Generator,079,10000,0.0,10000,1.0
Frequency-Based Majority Agent,Linear Trend Generator,080,10000,0.0,10000,1.0
Frequency-Based Majority Agent,Linear Trend Generator,081,10000,0.0,10000,1.0
Frequency-Based Majority Agent,Linear Trend Generator,082,10000,0.0,10000,1.0
Frequency-Based Majority Agent,Linear Trend Generator,083,10000,0.0,10000,1.0
Frequency-Based Majority Agent,Linear Trend Generator,084,10000,0.0,10000,1.0
Frequency-Based Majority Agent,Linear Trend Generator,085,10000,0.0,10000,1.0
Frequency-Based Majority Agent,Linear Trend Generator,086,10000,0.0,10000,1.0
Frequency-Based Majority Agent,Linear Trend Generator,087,10000,0.0,10000,1.0
Frequency-Based Majority Agent,Linear Trend Generator,088,10000,0.0,10000,1.0
Frequency-Based Majority Agent,Linear Trend Generator,089,10000,0.0,10000,1.0
Frequency-Based Majority Agent,Linear Trend Generator,090,10000,0.0,10000,1.0
Frequency-Based Majority Agent,Linear Trend Generator,091,10000,0.0,10000,1.0
Frequency-Based Majority Agent,Linear Trend Generator,092,10000,0.0,10000,1.0
Frequency-Based Majority Agent,Linear Trend Generator,093,10000,0.0,10000,1.0
Frequency-Based Majority Agent,Linear Trend Generator,094,10000,0.0,10000,1.0
Frequency-Based Majority Agent,Linear Trend Generator,095,10000,0.0,10000,1.0
Frequency-Based Majority Agent,Linear Trend Generator,096,10000,0.0,10000,1.0
Frequency-Based Majority Agent,Linear Trend Generator,097,10000,0.0,10000,1.0
Frequency-Based Majority Agent,Linear Trend Generator,098,10000,0.0,10000,1.0
Frequency-Based Majority Agent,Linear Trend Generator,099,10000,0.0,10000,1.0
Frequency-Based Majority Agent,Linear Trend Generator,100,10000,0.0,10000,1.0
Frequency-Based Majority Agent,Ornstein-Uhlenbeck Generator,001,10000,0.0,-50,-0.005
Frequency-Based Majority Agent,Ornstein-Uhlenbeck Generator,002,10000,0.0,-106,-0.0106
Frequency-Based Majority Agent,Ornstein-Uhlenbeck Generator,003,10000,0.0,-6,-0.0006
Frequency-Based Majority Agent,Ornstein-Uhlenbeck Generator,004,10000,0.0,54,0.0054
Frequency-Based Majority Agent,Ornstein-Uhlenbeck Generator,005,10000,0.0,-66,-0.0066
Frequency-Based Majority Agent,Ornstein-Uhlenbeck Generator,006,10000,0.0,64,0.0064
Frequency-Based Majority Agent,Ornstein-Uhlenbeck Generator,007,10000,0.0,-166,-0.0166
Frequency-Based Majority Agent,Ornstein-Uhlenbeck Generator,008,10000,0.0,-150,-0.015
Frequency-Based Majority Agent,Ornstein-Uhlenbeck Generator,009,10000,0.0,104,0.0104
Frequency-Based Majority Agent,Ornstein-Uhlenbeck Generator,010,10000,0.0,-202,-0.0202
Frequency-Based Majority Agent,Ornstein-Uhlenbeck Generator,011,10000,0.0,102,0.0102
Frequency-Based Majority Agent,Ornstein-Uhlenbeck Generator,012,10000,0.0,56,0.0056
Frequency-Based Majority Agent,Ornstein-Uhlenbeck Generator,013,10000,0.0,40,0.004
Frequency-Based Majority Agent,Ornstein-Uhlenbeck Generator,014,10000,0.0,10,0.001
Frequency-Based Majority Agent,Ornstein-Uhlenbeck Generator,015,10000,0.0,-230,-0.023
Frequency-Based Majority Agent,Ornstein-Uhlenbeck Generator,016,10000,0.0,-108,-0.0108
Frequency-Based Majority Agent,Ornstein-Uhlenbeck Generator,017,10000,0.0,-232,-0.0232
Frequency-Based Majority Agent,Ornstein-Uhlenbeck Generator,018,10000,0.0,-44,-0.0044
Frequency-Based Majority Agent,Ornstein-Uhlenbeck Generator,019,10000,0.0,14,0.0014
Frequency-Based Majority Agent,Ornstein-Uhlenbeck Generator,020,10000,0.0,94,0.0094
Frequency-Based Majority Agent,Ornstein-Uhlenbeck Generator,021,10000,0.0,-162,-0.0162
Frequency-Based Majority Agent,Ornstein-Uhlenbeck Generator,022,10000,0.0,-14,-0.0014
Frequency-Based Majority Agent,Ornstein-Uhlenbeck Generator,023,10000,0.0,-88,-0.0088
Frequency-Based Majority Agent,Ornstein-Uhlenbeck Generator,024,10000,0.0,-76,-0.0076
Frequency-Based Majority Agent,Ornstein-Uhlenbeck Generator,025,10000,0.0,0,0.0
Frequency-Based Majority Agent,Ornstein-Uhlenbeck Generator,026,10000,0.0,-78,-0.0078
Frequency-Based Majority Agent,Ornstein-Uhlenbeck Generator,027,10000,0.0,-182,-0.0182
Frequency-Based Majority Agent,Ornstein-Uhlenbeck Generator,028,10000,0.0,-154,-0.0154
Frequency-Based Majority Agent,Ornstein-Uhlenbeck Generator,029,10000,0.0,-116,-0.0116
Frequency-Based Majority Agent,Ornstein-Uhlenbeck Generator,030,10000,0.0,-186,-0.0186
Frequency-Based Majority Agent,Ornstein-Uhlenbeck Generator,031,10000,0.0,-120,-0.012
Frequency-Based Majority Agent,Ornstein-Uhlenbeck Generator,032,10000,0.0,-184,-0.0184
Frequency-Based Majority Agent,Ornstein-Uhlenbeck Generator,033,10000,0.0,4,0.0004
Frequency-Based Majority Agent,Ornstein-Uhlenbeck Generator,034,10000,0.0,64,0.0064
Frequency-Based Majority Agent,Ornstein-Uhlenbeck Generator,035,10000,0.0,-184,-0.0184
Frequency-Based Majority Agent,Ornstein-Uhlenbeck Generator,036,10000,0.0,-96,-0.0096
Frequency-Based Majority Agent,Ornstein-Uhlenbeck Generator,037,10000,0.0,80,0.008
Frequency-Based Majority Agent,Ornstein-Uhlenbeck Generator,038,10000,0.0,-42,-0.0042
Frequency-Based Majority Agent,Ornstein-Uhlenbeck Generator,039,10000,0.0,-102,-0.0102
Frequency-Based Majority Agent,Ornstein-Uhlenbeck Generator,040,10000,0.0,8,0.0008
Frequency-Based Majority Agent,Ornstein-Uhlenbeck Generator,041,10000,0.0,-176,-0.0176
Frequency-Based Majority Agent,Ornstein-Uhlenbeck Generator,042,10000,0.0,56,0.0056
Frequency-Based Majority Agent,Ornstein-Uhlenbeck Generator,043,10000,0.0,-112,-0.0112
Frequency-Based Majority Agent,Ornstein-Uhlenbeck Generator,044,10000,0.0,-128,-0.0128
Frequency-Based Majority Agent,Ornstein-Uhlenbeck Generator,045,10000,0.0,-156,-0.0156
Frequency-Based Majority Agent,Ornstein-Uhlenbeck Generator,046,10000,0.0,-148,-0.0148
Frequency-Based Majority Agent,Ornstein-Uhlenbeck Generator,047,10000,0.0,-12,-0.0012
Frequency-Based Majority Agent,Ornstein-Uhlenbeck Generator,048,10000,0.0,-468,-0.0468
Frequency-Based Majority Agent,Ornstein-Uhlenbeck Generator,049,10000,0.0,18,0.0018
Frequency-Based Majority Agent,Ornstein-Uhlenbeck Generator,050,10000,0.0,74,0.0074
Frequency-Based Majority Agent,Ornstein-Uhlenbeck Generator,051,10000,0.0,-282,-0.0282
Frequency-Based Majority Agent,Ornstein-Uhlenbeck Generator,052,10000,0.0,-82,-0.0082
Frequency-Based Majority Agent,Ornstein-Uhlenbeck Generator,053,10000,0.0,90,0.009
Frequency-Based Majority Agent,Ornstein-Uhlenbeck Generator,054,10000,0.0,62,0.0062
Frequency-Based Majority Agent,Ornstein-Uhlenbeck Generator,055,10000,0.0,16,0.0016
Frequency-Based Majority Agent,Ornstein-Uhlenbeck Generator,056,10000,0.0,46,0.0046
Frequency-Based Majority Agent,Ornstein-Uhlenbeck Generator,057,10000,0.0,50,0.005
Frequency-Based Majority Agent,Ornstein-Uhlenbeck Generator,058,10000,0.0,-32,-0.0032
Frequency-Based Majority Agent,Ornstein-Uhlenbeck Generator,059,10000,0.0,-168,-0.0168
Frequency-Based Majority Agent,Ornstein-Uhlenbeck Generator,060,10000,0.0,128,0.0128
Frequency-Based Majority Agent,Ornstein-Uhlenbeck Generator,061,10000,0.0,-54,-0.0054
Frequency-Based Majority Agent,Ornstein-Uhlenbeck Generator,062,10000,0.0,64,0.0064
Frequency-Based Majority Agent,Ornstein-Uhlenbeck Generator,063,10000,0.0,-74,-0.0074
Frequency-Based Majority Agent,Ornstein-Uhlenbeck Generator,064,10000,0.0,-34,-0.0034
Frequency-Based Majority Agent,Ornstein-Uhlenbeck Generator,065,10000,0.0,-150,-0.015
Frequency-Based Majority Agent,Ornstein-Uhlenbeck Generator,066,10000,0.0,-82,-0.0082
Frequency-Based Majority Agent,Ornstein-Uhlenbeck Generator,067,10000,0.0,-38,-0.0038
Frequency-Based Majority Agent,Ornstein-Uhlenbeck Generator,068,10000,0.0,120,0.012
Frequency-Based Majority Agent,Ornstein-Uhlenbeck Generator,069,10000,0.0,-26,-0.0026
Frequency-Based Majority Agent,Ornstein-Uhlenbeck Generator,070,10000,0.0,-110,-0.011
Frequency-Based Majority Agent,Ornstein-Uhlenbeck Generator,071,10000,0.0,-104,-0.0104
Frequency-Based Majority Agent,Ornstein-Uhlenbeck Generator,072,10000,0.0,56,0.0056
Frequency-Based Majority Agent,Ornstein-Uhlenbeck Generator,073,10000,0.0,112,0.0112
Frequency-Based Majority Agent,Ornstein-Uhlenbeck Generator,074,10000,0.0,-6,-0.0006
Frequency-Based Majority Agent,Ornstein-Uhlenbeck Generator,075,10000,0.0,134,0.0134
Frequency-Based Majority Agent,Ornstein-Uhlenbeck Generator,076,10000,0.0,-256,-0.0256
Frequency-Based Majority Agent,Ornstein-Uhlenbeck Generator,077,10000,0.0,38,0.0038
Frequency-Based Majority Agent,Ornstein-Uhlenbeck Generator,078,10000,0.0,32,0.0032
Frequency-Based Majority Agent,Ornstein-Uhlenbeck Generator,079,10000,0.0,30,0.003
Frequency-Based Majority Agent,Ornstein-Uhlenbeck Generator,080,10000,0.0,48,0.0048
Frequency-Based Majority Agent,Ornstein-Uhlenbeck Generator,081,10000,0.0,-36,-0.0036
Frequency-Based Majority Agent,Ornstein-Uhlenbeck Generator,082,10000,0.0,-388,-0.0388
Frequency-Based Majority Agent,Ornstein-Uhlenbeck Generator,083,10000,0.0,78,0.0078
Frequency-Based Majority Agent,Ornstein-Uhlenbeck Generator,084,10000,0.0,70,0.007
Frequency-Based Majority Agent,Ornstein-Uhlenbeck Generator,085,10000,0.0,-20,-0.002
Frequency-Based Majority Agent,Ornstein-Uhlenbeck Generator,086,10000,0.0,30,0.003
Frequency-Based Majority Agent,Ornstein-Uhlenbeck Generator,087,10000,0.0,-118,-0.0118
Frequency-Based Majority Agent,Ornstein-Uhlenbeck Generator,088,10000,0.0,-82,-0.0082
Frequency-Based Majority Agent,Ornstein-Uhlenbeck Generator,089,10000,0.0,34,0.0034
Frequency-Based Majority Agent,Ornstein-Uhlenbeck Generator,090,10000,0.0,96,0.0096
Frequency-Based Majority Agent,Ornstein-Uhlenbeck Generator,091,10000,0.0,-138,-0.0138
Frequency-Based Majority Agent,Ornstein-Uhlenbeck Generator,092,10000,0.0,96,0.0096
Frequency-Based Majority Agent,Ornstein-Uhlenbeck Generator,093,10000,0.0,-236,-0.0236
Frequency-Based Majority Agent,Ornstein-Uhlenbeck Generator,094,10000,0.0,-184,-0.0184
Frequency-Based Majority Agent,Ornstein-Uhlenbeck Generator,095,10000,0.0,-130,-0.013
Frequency-Based Majority Agent,Ornstein-Uhlenbeck Generator,096,10000,0.0,-102,-0.0102
Frequency-Based Majority Agent,Ornstein-Uhlenbeck Generator,097,10000,0.0,68,0.0068
Frequency-Based Majority Agent,Ornstein-Uhlenbeck Generator,098,10000,0.0,54,0.0054
Frequency-Based Majority Agent,Ornstein-Uhlenbeck Generator,099,10000,0.0,-22,-0.0022
Frequency-Based Majority Agent,Ornstein-Uhlenbeck Generator,100,10000,0.0,38,0.0038
Frequency-Based Majority Agent,Periodic Trend Generator,001,10000,0.0,-308,-0.0308
Frequency-Based Majority Agent,Periodic Trend Generator,002,10000,0.0,-308,-0.0308
Frequency-Based Majority Agent,Periodic Trend Generator,003,10000,0.0,-308,-0.0308
Frequency-Based Majority Agent,Periodic Trend Generator,004,10000,0.0,-308,-0.0308
Frequency-Based Majority Agent,Periodic Trend Generator,005,10000,0.0,-308,-0.0308
Frequency-Based Majority Agent,Periodic Trend Generator,006,10000,0.0,-308,-0.0308
Frequency-Based Majority Agent,Periodic Trend Generator,007,10000,0.0,-308,-0.0308
Frequency-Based Majority Agent,Periodic Trend Generator,008,10000,0.0,-308,-0.0308
Frequency-Based Majority Agent,Periodic Trend Generator,009,10000,0.0,-308,-0.0308
Frequency-Based Majority Agent,Periodic Trend Generator,010,10000,0.0,-308,-0.0308
Frequency-Based Majority Agent,Periodic Trend Generator,011,10000,0.0,-308,-0.0308
Frequency-Based Majority Agent,Periodic Trend Generator,012,10000,0.0,-308,-0.0308
Frequency-Based Majority Agent,Periodic Trend Generator,013,10000,0.0,-308,-0.0308
Frequency-Based Majority Agent,Periodic Trend Generator,014,10000,0.0,-308,-0.0308
Frequency-Based Majority Agent,Periodic Trend Generator,015,10000,0.0,-308,-0.0308
Frequency-Based Majority Agent,Periodic Trend Generator,016,10000,0.0,-308,-0.0308
Frequency-Based Majority Agent,Periodic Trend Generator,017,10000,0.0,-308,-0.0308
Frequency-Based Majority Agent,Periodic Trend Generator,018,10000,0.0,-308,-0.0308
Frequency-Based Majority Agent,Periodic Trend Generator,019,10000,0.0,-308,-0.0308
Frequency-Based Majority Agent,Periodic Trend Generator,020,10000,0.0,-308,-0.0308
Frequency-Based Majority Agent,Periodic Trend Generator,021,10000,0.0,-308,-0.0308
Frequency-Based Majority Agent,Periodic Trend Generator,022,10000,0.0,-308,-0.0308
Frequency-Based Majority Agent,Periodic Trend Generator,023,10000,0.0,-308,-0.0308
Frequency-Based Majority Agent,Periodic Trend Generator,024,10000,0.0,-308,-0.0308
Frequency-Based Majority Agent,Periodic Trend Generator,025,10000,0.0,-308,-0.0308
Frequency-Based Majority Agent,Periodic Trend Generator,026,10000,0.0,-308,-0.0308
Frequency-Based Majority Agent,Periodic Trend Generator,027,10000,0.0,-308,-0.0308
Frequency-Based Majority Agent,Periodic Trend Generator,028,10000,0.0,-308,-0.0308
Frequency-Based Majority Agent,Periodic Trend Generator,029,10000,0.0,-308,-0.0308
Frequency-Based Majority Agent,Periodic Trend Generator,030,10000,0.0,-308,-0.0308
Frequency-Based Majority Agent,Periodic Trend Generator,031,10000,0.0,-308,-0.0308
Frequency-Based Majority Agent,Periodic Trend Generator,032,10000,0.0,-308,-0.0308
Frequency-Based Majority Agent,Periodic Trend Generator,033,10000,0.0,-308,-0.0308
Frequency-Based Majority Agent,Periodic Trend Generator,034,10000,0.0,-308,-0.0308
Frequency-Based Majority Agent,Periodic Trend Generator,035,10000,0.0,-308,-0.0308
Frequency-Based Majority Agent,Periodic Trend Generator,036,10000,0.0,-308,-0.0308
Frequency-Based Majority Agent,Periodic Trend Generator,037,10000,0.0,-308,-0.0308
Frequency-Based Majority Agent,Periodic Trend Generator,038,10000,0.0,-308,-0.0308
Frequency-Based Majority Agent,Periodic Trend Generator,039,10000,0.0,-308,-0.0308
Frequency-Based Majority Agent,Periodic Trend Generator,040,10000,0.0,-308,-0.0308
Frequency-Based Majority Agent,Periodic Trend Generator,041,10000,0.0,-308,-0.0308
Frequency-Based Majority Agent,Periodic Trend Generator,042,10000,0.0,-308,-0.0308
Frequency-Based Majority Agent,Periodic Trend Generator,043,10000,0.0,-308,-0.0308
Frequency-Based Majority Agent,Periodic Trend Generator,044,10000,0.0,-308,-0.0308
Frequency-Based Majority Agent,Periodic Trend Generator,045,10000,0.0,-308,-0.0308
Frequency-Based Majority Agent,Periodic Trend Generator,046,10000,0.0,-308,-0.0308
Frequency-Based Majority Agent,Periodic Trend Generator,047,10000,0.0,-308,-0.0308
Frequency-Based Majority Agent,Periodic Trend Generator,048,10000,0.0,-308,-0.0308
Frequency-Based Majority Agent,Periodic Trend Generator,049,10000,0.0,-308,-0.0308
Frequency-Based Majority Agent,Periodic Trend Generator,050,10000,0.0,-308,-0.0308
Frequency-Based Majority Agent,Periodic Trend Generator,051,10000,0.0,-308,-0.0308
Frequency-Based Majority Agent,Periodic Trend Generator,052,10000,0.0,-308,-0.0308
Frequency-Based Majority Agent,Periodic Trend Generator,053,10000,0.0,-308,-0.0308
Frequency-Based Majority Agent,Periodic Trend Generator,054,10000,0.0,-308,-0.0308
Frequency-Based Majority Agent,Periodic Trend Generator,055,10000,0.0,-308,-0.0308
Frequency-Based Majority Agent,Periodic Trend Generator,056,10000,0.0,-308,-0.0308
Frequency-Based Majority Agent,Periodic Trend Generator,057,10000,0.0,-308,-0.0308
Frequency-Based Majority Agent,Periodic Trend Generator,058,10000,0.0,-308,-0.0308
Frequency-Based Majority Agent,Periodic Trend Generator,059,10000,0.0,-308,-0.0308
Frequency-Based Majority Agent,Periodic Trend Generator,060,10000,0.0,-308,-0.0308
Frequency-Based Majority Agent,Periodic Trend Generator,061,10000,0.0,-308,-0.0308
Frequency-Based Majority Agent,Periodic Trend Generator,062,10000,0.0,-308,-0.0308
Frequency-Based Majority Agent,Periodic Trend Generator,063,10000,0.0,-308,-0.0308
Frequency-Based Majority Agent,Periodic Trend Generator,064,10000,0.0,-308,-0.0308
Frequency-Based Majority Agent,Periodic Trend Generator,065,10000,0.0,-308,-0.0308
Frequency-Based Majority Agent,Periodic Trend Generator,066,10000,0.0,-308,-0.0308
Frequency-Based Majority Agent,Periodic Trend Generator,067,10000,0.0,-308,-0.0308
Frequency-Based Majority Agent,Periodic Trend Generator,068,10000,0.0,-308,-0.0308
Frequency-Based Majority Agent,Periodic Trend Generator,069,10000,0.0,-308,-0.0308
Frequency-Based Majority Agent,Periodic Trend Generator,070,10000,0.0,-308,-0.0308
Frequency-Based Majority Agent,Periodic Trend Generator,071,10000,0.0,-308,-0.0308
Frequency-Based Majority Agent,Periodic Trend Generator,072,10000,0.0,-308,-0.0308
Frequency-Based Majority Agent,Periodic Trend Generator,073,10000,0.0,-308,-0.0308
Frequency-Based Majority Agent,Periodic Trend Generator,074,10000,0.0,-308,-0.0308
Frequency-Based Majority Agent,Periodic Trend Generator,075,10000,0.0,-308,-0.0308
Frequency-Based Majority Agent,Periodic Trend Generator,076,10000,0.0,-308,-0.0308
Frequency-Based Majority Agent,Periodic Trend Generator,077,10000,0.0,-308,-0.0308
Frequency-Based Majority Agent,Periodic Trend Generator,078,10000,0.0,-308,-0.0308
Frequency-Based Majority Agent,Periodic Trend Generator,079,10000,0.0,-308,-0.0308
Frequency-Based Majority Agent,Periodic Trend Generator,080,10000,0.0,-308,-0.0308
Frequency-Based Majority Agent,Periodic Trend Generator,081,10000,0.0,-308,-0.0308
Frequency-Based Majority Agent,Periodic Trend Generator,082,10000,0.0,-308,-0.0308
Frequency-Based Majority Agent,Periodic Trend Generator,083,10000,0.0,-308,-0.0308
Frequency-Based Majority Agent,Periodic Trend Generator,084,10000,0.0,-308,-0.0308
Frequency-Based Majority Agent,Periodic Trend Generator,085,10000,0.0,-308,-0.0308
Frequency-Based Majority Agent,Periodic Trend Generator,086,10000,0.0,-308,-0.0308
Frequency-Based Majority Agent,Periodic Trend Generator,087,10000,0.0,-308,-0.0308
Frequency-Based Majority Agent,Periodic Trend Generator,088,10000,0.0,-308,-0.0308
Frequency-Based Majority Agent,Periodic Trend Generator,089,10000,0.0,-308,-0.0308
Frequency-Based Majority Agent,Periodic Trend Generator,090,10000,0.0,-308,-0.0308
Frequency-Based Majority Agent,Periodic Trend Generator,091,10000,0.0,-308,-0.0308
Frequency-Based Majority Agent,Periodic Trend Generator,092,10000,0.0,-308,-0.0308
Frequency-Based Majority Agent,Periodic Trend Generator,093,10000,0.0,-308,-0.0308
Frequency-Based Majority Agent,Periodic Trend Generator,094,10000,0.0,-308,-0.0308
Frequency-Based Majority Agent,Periodic Trend Generator,095,10000,0.0,-308,-0.0308
Frequency-Based Majority Agent,Periodic Trend Generator,096,10000,0.0,-308,-0.0308
Frequency-Based Majority Agent,Periodic Trend Generator,097,10000,0.0,-308,-0.0308
Frequency-Based Majority Agent,Periodic Trend Generator,098,10000,0.0,-308,-0.0308
Frequency-Based Majority Agent,Periodic Trend Generator,099,10000,0.0,-308,-0.0308
Frequency-Based Majority Agent,Periodic Trend Generator,100,10000,0.0,-308,-0.0308
Frequency-Based Majority Agent,Random Walk Generator,001,10000,0.0,188,0.0188
Frequency-Based Majority Agent,Random Walk Generator,002,10000,0.0,-176,-0.0176
Frequency-Based Majority Agent,Random Walk Generator,003,10000,0.0,-162,-0.0162
Frequency-Based Majority Agent,Random Walk Generator,004,10000,0.0,-74,-0.0074
Frequency-Based Majority Agent,Random Walk Generator,005,10000,0.0,-96,-0.0096
Frequency-Based Majority Agent,Random Walk Generator,006,10000,0.0,-20,-0.002
Frequency-Based Majority Agent,Random Walk Generator,007,10000,0.0,-94,-0.0094
Frequency-Based Majority Agent,Random Walk Generator,008,10000,0.0,-172,-0.0172
Frequency-Based Majority Agent,Random Walk Generator,009,10000,0.0,148,0.0148
Frequency-Based Majority Agent,Random Walk Generator,010,10000,0.0,78,0.0078
Frequency-Based Majority Agent,Random Walk Generator,011,10000,0.0,12,0.0012
Frequency-Based Majority Agent,Random Walk Generator,012,10000,0.0,-112,-0.0112
Frequency-Based Majority Agent,Random Walk Generator,013,10000,0.0,-10,-0.001
Frequency-Based Majority Agent,Random Walk Generator,014,10000,0.0,142,0.0142
Frequency-Based Majority Agent,Random Walk Generator,015,10000,0.0,-58,-0.0058
Frequency-Based Majority Agent,Random Walk Generator,016,10000,0.0,118,0.0118
Frequency-Based Majority Agent,Random Walk Generator,017,10000,0.0,-160,-0.016
Frequency-Based Majority Agent,Random Walk Generator,018,10000,0.0,-46,-0.0046
Frequency-Based Majority Agent,Random Walk Generator,019,10000,0.0,124,0.0124
Frequency-Based Majority Agent,Random Walk Generator,020,10000,0.0,-4,-0.0004
Frequency-Based Majority Agent,Random Walk Generator,021,10000,0.0,-54,-0.0054
Frequency-Based Majority Agent,Random Walk Generator,022,10000,0.0,-58,-0.0058
Frequency-Based Majority Agent,Random Walk Generator,023,10000,0.0,48,0.0048
Frequency-Based Majority Agent,Random Walk Generator,024,10000,0.0,142,0.0142
Frequency-Based Majority Agent,Random Walk Generator,025,10000,0.0,-180,-0.018
Frequency-Based Majority Agent,Random Walk Generator,026,10000,0.0,44,0.0044
Frequency-Based Majority Agent,Random Walk Generator,027,10000,0.0,4,0.0004
Frequency-Based Majority Agent,Random Walk Generator,028,10000,0.0,-32,-0.0032
Frequency-Based Majority Agent,Random Walk Generator,029,10000,0.0,50,0.005
Frequency-Based Majority Agent,Random Walk Generator,030,10000,0.0,48,0.0048
Frequency-Based Majority Agent,Random Walk Generator,031,10000,0.0,18,0.0018
Frequency-Based Majority Agent,Random Walk Generator,032,10000,0.0,84,0.0084
Frequency-Based Majority Agent,Random Walk Generator,033,10000,0.0,14,0.0014
Frequency-Based Majority Agent,Random Walk Generator,034,10000,0.0,-4,-0.0004
Frequency-Based Majority Agent,Random Walk Generator,035,10000,0.0,56,0.0056
Frequency-Based Majority Agent,Random Walk Generator,036,10000,0.0,70,0.007
Frequency-Based Majority Agent,Random Walk Generator,037,10000,0.0,42,0.0042
Frequency-Based Majority Agent,Random Walk Generator,038,10000,0.0,-16,-0.0016
Frequency-Based Majority Agent,Random Walk Generator,039,10000,0.0,22,0.0022
Frequency-Based Majority Agent,Random Walk Generator,040,10000,0.0,-158,-0.0158
Frequency-Based Majority Agent,Random Walk Generator,041,10000,0.0,46,0.0046
Frequency-Based Majority Agent,Random Walk Generator,042,10000,0.0,28,0.0028
Frequency-Based Majority Agent,Random Walk Generator,043,10000,0.0,88,0.0088
Frequency-Based Majority Agent,Random Walk Generator,044,10000,0.0,134,0.0134
Frequency-Based Majority Agent,Random Walk Generator,045,10000,0.0,102,0.0102
Frequency-Based Majority Agent,Random Walk Generator,046,10000,0.0,4,0.0004
Frequency-Based Majority Agent,Random Walk Generator,047,10000,0.0,40,0.004
Frequency-Based Majority Agent,Random Walk Generator,048,10000,0.0,-28,-0.0028
Frequency-Based Majority Agent,Random Walk Generator,049,10000,0.0,78,0.0078
Frequency-Based Majority Agent,Random Walk Generator,050,10000,0.0,-50,-0.005
Frequency-Based Majority Agent,Random Walk Generator,051,10000,0.0,0,0.0
Frequency-Based Majority Agent,Random Walk Generator,052,10000,0.0,-118,-0.0118
Frequency-Based Majority Agent,Random Walk Generator,053,10000,0.0,-156,-0.0156
Frequency-Based Majority Agent,Random Walk Generator,054,10000,0.0,74,0.0074
Frequency-Based Majority Agent,Random Walk Generator,055,10000,0.0,54,0.0054
Frequency-Based Majority Agent,Random Walk Generator,056,10000,0.0,116,0.0116
Frequency-Based Majority Agent,Random Walk Generator,057,10000,0.0,70,0.007
Frequency-Based Majority Agent,Random Walk Generator,058,10000,0.0,-78,-0.0078
Frequency-Based Majority Agent,Random Walk Generator,059,10000,0.0,-124,-0.0124
Frequency-Based Majority Agent,Random Walk Generator,060,10000,0.0,260,0.026
Frequency-Based Majority Agent,Random Walk Generator,061,10000,0.0,58,0.0058
Frequency-Based Majority Agent,Random Walk Generator,062,10000,0.0,-192,-0.0192
Frequency-Based Majority Agent,Random Walk Generator,063,10000,0.0,-42,-0.0042
Frequency-Based Majority Agent,Random Walk Generator,064,10000,0.0,90,0.009
Frequency-Based Majority Agent,Random Walk Generator,065,10000,0.0,150,0.015
Frequency-Based Majority Agent,Random Walk Generator,066,10000,0.0,20,0.002
Frequency-Based Majority Agent,Random Walk Generator,067,10000,0.0,264,0.0264
Frequency-Based Majority Agent,Random Walk Generator,068,10000,0.0,28,0.0028
Frequency-Based Majority Agent,Random Walk Generator,069,10000,0.0,-152,-0.0152
Frequency-Based Majority Agent,Random Walk Generator,070,10000,0.0,74,0.0074
Frequency-Based Majority Agent,Random Walk Generator,071,10000,0.0,-36,-0.0036
Frequency-Based Majority Agent,Random Walk Generator,072,10000,0.0,-20,-0.002
Frequency-Based Majority Agent,Random Walk Generator,073,10000,0.0,96,0.0096
Frequency-Based Majority Agent,Random Walk Generator,074,10000,0.0,-50,-0.005
Frequency-Based Majority Agent,Random Walk Generator,075,10000,0.0,58,0.0058
Frequency-Based Majority Agent,Random Walk Generator,076,10000,0.0,-36,-0.0036
Frequency-Based Majority Agent,Random Walk Generator,077,10000,0.0,-102,-0.0102
Frequency-Based Majority Agent,Random Walk Generator,078,10000,0.0,-16,-0.0016
Frequency-Based Majority Agent,Random Walk Generator,079,10000,0.0,-66,-0.0066
Frequency-Based Majority Agent,Random Walk Generator,080,10000,0.0,64,0.0064
Frequency-Based Majority Agent,Random Walk Generator,081,10000,0.0,-22,-0.0022
Frequency-Based Majority Agent,Random Walk Generator,082,10000,0.0,-62,-0.0062
Frequency-Based Majority Agent,Random Walk Generator,083,10000,0.0,-100,-0.01
Frequency-Based Majority Agent,Random Walk Generator,084,10000,0.0,42,0.0042
Frequency-Based Majority Agent,Random Walk Generator,085,10000,0.0,-18,-0.0018
Frequency-Based Majority Agent,Random Walk Generator,086,10000,0.0,-74,-0.0074
Frequency-Based Majority Agent,Random Walk Generator,087,10000,0.0,44,0.0044
Frequency-Based Majority Agent,Random Walk Generator,088,10000,0.0,-70,-0.007
Frequency-Based Majority Agent,Random Walk Generator,089,10000,0.0,-28,-0.0028
Frequency-Based Majority Agent,Random Walk Generator,090,10000,0.0,270,0.027
Frequency-Based Majority Agent,Random Walk Generator,091,10000,0.0,70,0.007
Frequency-Based Majority Agent,Random Walk Generator,092,10000,0.0,-200,-0.02
Frequency-Based Majority Agent,Random Walk Generator,093,10000,0.0,-34,-0.0034
Frequency-Based Majority Agent,Random Walk Generator,094,10000,0.0,-108,-0.0108
Frequency-Based Majority Agent,Random Walk Generator,095,10000,0.0,120,0.012
Frequency-Based Majority Agent,Random Walk Generator,096,10000,0.0,158,0.0158
Frequency-Based Majority Agent,Random Walk Generator,097,10000,0.0,4,0.0004
Frequency-Based Majority Agent,Random Walk Generator,098,10000,0.0,-60,-0.006
Frequency-Based Majority Agent,Random Walk Generator,099,10000,0.0,2,0.0002
Frequency-Based Majority Agent,Random Walk Generator,100,10000,0.0,-2,-0.0002
Repeat Last Movement Agent,Constant Generator,001,10000,0.0,-10000,-1.0
Repeat Last Movement Agent,Constant Generator,002,10000,0.0,-10000,-1.0
Repeat Last Movement Agent,Constant Generator,003,10000,0.0,-10000,-1.0
Repeat Last Movement Agent,Constant Generator,004,10000,0.0,-10000,-1.0
Repeat Last Movement Agent,Constant Generator,005,10000,0.0,-10000,-1.0
Repeat Last Movement Agent,Constant Generator,006,10000,0.0,-10000,-1.0
Repeat Last Movement Agent,Constant Generator,007,10000,0.0,-10000,-1.0
Repeat Last Movement Agent,Constant Generator,008,10000,0.0,-10000,-1.0
Repeat Last Movement Agent,Constant Generator,009,10000,0.0,-10000,-1.0
Repeat Last Movement Agent,Constant Generator,010,10000,0.0,-10000,-1.0
Repeat Last Movement Agent,Constant Generator,011,10000,0.0,-10000,-1.0
Repeat Last Movement Agent,Constant Generator,012,10000,0.0,-10000,-1.0
Repeat Last Movement Agent,Constant Generator,013,10000,0.0,-10000,-1.0
Repeat Last Movement Agent,Constant Generator,014,10000,0.0,-10000,-1.0
Repeat Last Movement Agent,Constant Generator,015,10000,0.0,-10000,-1.0
Repeat Last Movement Agent,Constant Generator,016,10000,0.0,-10000,-1.0
Repeat Last Movement Agent,Constant Generator,017,10000,0.0,-10000,-1.0
Repeat Last Movement Agent,Constant Generator,018,10000,0.0,-10000,-1.0
Repeat Last Movement Agent,Constant Generator,019,10000,0.0,-10000,-1.0
Repeat Last Movement Agent,Constant Generator,020,10000,0.0,-10000,-1.0
Repeat Last Movement Agent,Constant Generator,021,10000,0.0,-10000,-1.0
Repeat Last Movement Agent,Constant Generator,022,10000,0.0,-10000,-1.0
Repeat Last Movement Agent,Constant Generator,023,10000,0.0,-10000,-1.0
Repeat Last Movement Agent,Constant Generator,024,10000,0.0,-10000,-1.0
Repeat Last Movement Agent,Constant Generator,025,10000,0.0,-10000,-1.0
Repeat Last Movement Agent,Constant Generator,026,10000,0.0,-10000,-1.0
Repeat Last Movement Agent,Constant Generator,027,10000,0.0,-10000,-1.0
Repeat Last Movement Agent,Constant Generator,028,10000,0.0,-10000,-1.0
Repeat Last Movement Agent,Constant Generator,029,10000,0.0,-10000,-1.0
Repeat Last Movement Agent,Constant Generator,030,10000,0.0,-10000,-1.0
Repeat Last Movement Agent,Constant Generator,031,10000,0.0,-10000,-1.0
Repeat Last Movement Agent,Constant Generator,032,10000,0.0,-10000,-1.0
Repeat Last Movement Agent,Constant Generator,033,10000,0.0,-10000,-1.0
Repeat Last Movement Agent,Constant Generator,034,10000,0.0,-10000,-1.0
Repeat Last Movement Agent,Constant Generator,035,10000,0.0,-10000,-1.0
Repeat Last Movement Agent,Constant Generator,036,10000,0.0,-10000,-1.0
Repeat Last Movement Agent,Constant Generator,037,10000,0.0,-10000,-1.0
Repeat Last Movement Agent,Constant Generator,038,10000,0.0,-10000,-1.0
Repeat Last Movement Agent,Constant Generator,039,10000,0.0,-10000,-1.0
Repeat Last Movement Agent,Constant Generator,040,10000,0.0,-10000,-1.0
Repeat Last Movement Agent,Constant Generator,041,10000,0.0,-10000,-1.0
Repeat Last Movement Agent,Constant Generator,042,10000,0.0,-10000,-1.0
Repeat Last Movement Agent,Constant Generator,043,10000,0.0,-10000,-1.0
Repeat Last Movement Agent,Constant Generator,044,10000,0.0,-10000,-1.0
Repeat Last Movement Agent,Constant Generator,045,10000,0.0,-10000,-1.0
Repeat Last Movement Agent,Constant Generator,046,10000,0.0,-10000,-1.0
Repeat Last Movement Agent,Constant Generator,047,10000,0.0,-10000,-1.0
Repeat Last Movement Agent,Constant Generator,048,10000,0.0,-10000,-1.0
Repeat Last Movement Agent,Constant Generator,049,10000,0.0,-10000,-1.0
Repeat Last Movement Agent,Constant Generator,050,10000,0.0,-10000,-1.0
Repeat Last Movement Agent,Constant Generator,051,10000,0.0,-10000,-1.0
Repeat Last Movement Agent,Constant Generator,052,10000,0.0,-10000,-1.0
Repeat Last Movement Agent,Constant Generator,053,10000,0.0,-10000,-1.0
Repeat Last Movement Agent,Constant Generator,054,10000,0.0,-10000,-1.0
Repeat Last Movement Agent,Constant Generator,055,10000,0.0,-10000,-1.0
Repeat Last Movement Agent,Constant Generator,056,10000,0.0,-10000,-1.0
Repeat Last Movement Agent,Constant Generator,057,10000,0.0,-10000,-1.0
Repeat Last Movement Agent,Constant Generator,058,10000,0.0,-10000,-1.0
Repeat Last Movement Agent,Constant Generator,059,10000,0.0,-10000,-1.0
Repeat Last Movement Agent,Constant Generator,060,10000,0.0,-10000,-1.0
Repeat Last Movement Agent,Constant Generator,061,10000,0.0,-10000,-1.0
Repeat Last Movement Agent,Constant Generator,062,10000,0.0,-10000,-1.0
Repeat Last Movement Agent,Constant Generator,063,10000,0.0,-10000,-1.0
Repeat Last Movement Agent,Constant Generator,064,10000,0.0,-10000,-1.0
Repeat Last Movement Agent,Constant Generator,065,10000,0.0,-10000,-1.0
Repeat Last Movement Agent,Constant Generator,066,10000,0.0,-10000,-1.0
Repeat Last Movement Agent,Constant Generator,067,10000,0.0,-10000,-1.0
Repeat Last Movement Agent,Constant Generator,068,10000,0.0,-10000,-1.0
Repeat Last Movement Agent,Constant Generator,069,10000,0.0,-10000,-1.0
Repeat Last Movement Agent,Constant Generator,070,10000,0.0,-10000,-1.0
Repeat Last Movement Agent,Constant Generator,071,10000,0.0,-10000,-1.0
Repeat Last Movement Agent,Constant Generator,072,10000,0.0,-10000,-1.0
Repeat Last Movement Agent,Constant Generator,073,10000,0.0,-10000,-1.0
Repeat Last Movement Agent,Constant Generator,074,10000,0.0,-10000,-1.0
Repeat Last Movement Agent,Constant Generator,075,10000,0.0,-10000,-1.0
Repeat Last Movement Agent,Constant Generator,076,10000,0.0,-10000,-1.0
Repeat Last Movement Agent,Constant Generator,077,10000,0.0,-10000,-1.0
Repeat Last Movement Agent,Constant Generator,078,10000,0.0,-10000,-1.0
Repeat Last Movement Agent,Constant Generator,079,10000,0.0,-10000,-1.0
Repeat Last Movement Agent,Constant Generator,080,10000,0.0,-10000,-1.0
Repeat Last Movement Agent,Constant Generator,081,10000,0.0,-10000,-1.0
Repeat Last Movement Agent,Constant Generator,082,10000,0.0,-10000,-1.0
Repeat Last Movement Agent,Constant Generator,083,10000,0.0,-10000,-1.0
Repeat Last Movement Agent,Constant Generator,084,10000,0.0,-10000,-1.0
Repeat Last Movement Agent,Constant Generator,085,10000,0.0,-10000,-1.0
Repeat Last Movement Agent,Constant Generator,086,10000,0.0,-10000,-1.0
Repeat Last Movement Agent,Constant Generator,087,10000,0.0,-10000,-1.0
Repeat Last Movement Agent,Constant Generator,088,10000,0.0,-10000,-1.0
Repeat Last Movement Agent,Constant Generator,089,10000,0.0,-10000,-1.0
Repeat Last Movement Agent,Constant Generator,090,10000,0.0,-10000,-1.0
Repeat Last Movement Agent,Constant Generator,091,10000,0.0,-10000,-1.0
Repeat Last Movement Agent,Constant Generator,092,10000,0.0,-10000,-1.0
Repeat Last Movement Agent,Constant Generator,093,10000,0.0,-10000,-1.0
Repeat Last Movement Agent,Constant Generator,094,10000,0.0,-10000,-1.0
Repeat Last Movement Agent,Constant Generator,095,10000,0.0,-10000,-1.0
Repeat Last Movement Agent,Constant Generator,096,10000,0.0,-10000,-1.0
Repeat Last Movement Agent,Constant Generator,097,10000,0.0,-10000,-1.0
Repeat Last Movement Agent,Constant Generator,098,10000,0.0,-10000,-1.0
Repeat Last Movement Agent,Constant Generator,099,10000,0.0,-10000,-1.0
Repeat Last Movement Agent,Constant Generator,100,10000,0.0,-10000,-1.0
Repeat Last Movement Agent,Linear Trend Generator,001,10000,0.0,9998,0.9998
Repeat Last Movement Agent,Linear Trend Generator,002,10000,0.0,9998,0.9998
Repeat Last Movement Agent,Linear Trend Generator,003,10000,0.0,9998,0.9998
Repeat Last Movement Agent,Linear Trend Generator,004,10000,0.0,9998,0.9998
Repeat Last Movement Agent,Linear Trend Generator,005,10000,0.0,9998,0.9998
Repeat Last Movement Agent,Linear Trend Generator,006,10000,0.0,9998,0.9998
Repeat Last Movement Agent,Linear Trend Generator,007,10000,0.0,9998,0.9998
Repeat Last Movement Agent,Linear Trend Generator,008,10000,0.0,9998,0.9998
Repeat Last Movement Agent,Linear Trend Generator,009,10000,0.0,9998,0.9998
Repeat Last Movement Agent,Linear Trend Generator,010,10000,0.0,9998,0.9998
Repeat Last Movement Agent,Linear Trend Generator,011,10000,0.0,9998,0.9998
Repeat Last Movement Agent,Linear Trend Generator,012,10000,0.0,9998,0.9998
Repeat Last Movement Agent,Linear Trend Generator,013,10000,0.0,9998,0.9998
Repeat Last Movement Agent,Linear Trend Generator,014,10000,0.0,9998,0.9998
Repeat Last Movement Agent,Linear Trend Generator,015,10000,0.0,9998,0.9998
Repeat Last Movement Agent,Linear Trend Generator,016,10000,0.0,9998,0.9998
Repeat Last Movement Agent,Linear Trend Generator,017,10000,0.0,9998,0.9998
Repeat Last Movement Agent,Linear Trend Generator,018,10000,0.0,9998,0.9998
Repeat Last Movement Agent,Linear Trend Generator,019,10000,0.0,9998,0.9998
Repeat Last Movement Agent,Linear Trend Generator,020,10000,0.0,9998,0.9998
Repeat Last Movement Agent,Linear Trend Generator,021,10000,0.0,9998,0.9998
Repeat Last Movement Agent,Linear Trend Generator,022,10000,0.0,9998,0.9998
Repeat Last Movement Agent,Linear Trend Generator,023,10000,0.0,9998,0.9998
Repeat Last Movement Agent,Linear Trend Generator,024,10000,0.0,9998,0.9998
Repeat Last Movement Agent,Linear Trend Generator,025,10000,0.0,9998,0.9998
Repeat Last Movement Agent,Linear Trend Generator,026,10000,0.0,9998,0.9998
Repeat Last Movement Agent,Linear Trend Generator,027,10000,0.0,9998,0.9998
Repeat Last Movement Agent,Linear Trend Generator,028,10000,0.0,9998,0.9998
Repeat Last Movement Agent,Linear Trend Generator,029,10000,0.0,9998,0.9998
Repeat Last Movement Agent,Linear Trend Generator,030,10000,0.0,9998,0.9998
Repeat Last Movement Agent,Linear Trend Generator,031,10000,0.0,9998,0.9998
Repeat Last Movement Agent,Linear Trend Generator,032,10000,0.0,9998,0.9998
Repeat Last Movement Agent,Linear Trend Generator,033,10000,0.0,9998,0.9998
Repeat Last Movement Agent,Linear Trend Generator,034,10000,0.0,9998,0.9998
Repeat Last Movement Agent,Linear Trend Generator,035,10000,0.0,9998,0.9998
Repeat Last Movement Agent,Linear Trend Generator,036,10000,0.0,9998,0.9998
Repeat Last Movement Agent,Linear Trend Generator,037,10000,0.0,9998,0.9998
Repeat Last Movement Agent,Linear Trend Generator,038,10000,0.0,9998,0.9998
Repeat Last Movement Agent,Linear Trend Generator,039,10000,0.0,9998,0.9998
Repeat Last Movement Agent,Linear Trend Generator,040,10000,0.0,9998,0.9998
Repeat Last Movement Agent,Linear Trend Generator,041,10000,0.0,9998,0.9998
Repeat Last Movement Agent,Linear Trend Generator,042,10000,0.0,9998,0.9998
Repeat Last Movement Agent,Linear Trend Generator,043,10000,0.0,9998,0.9998
Repeat Last Movement Agent,Linear Trend Generator,044,10000,0.0,9998,0.9998
Repeat Last Movement Agent,Linear Trend Generator,045,10000,0.0,9998,0.9998
Repeat Last Movement Agent,Linear Trend Generator,046,10000,0.0,9998,0.9998
Repeat Last Movement Agent,Linear Trend Generator,047,10000,0.0,9998,0.9998
Repeat Last Movement Agent,Linear Trend Generator,048,10000,0.0,9998,0.9998
Repeat Last Movement Agent,Linear Trend Generator,049,10000,0.0,9998,0.9998
Repeat Last Movement Agent,Linear Trend Generator,050,10000,0.0,9998,0.9998
Repeat Last Movement Agent,Linear Trend Generator,051,10000,0.0,9998,0.9998
Repeat Last Movement Agent,Linear Trend Generator,052,10000,0.0,9998,0.9998
Repeat Last Movement Agent,Linear Trend Generator,053,10000,0.0,9998,0.9998
Repeat Last Movement Agent,Linear Trend Generator,054,10000,0.0,9998,0.9998
Repeat Last Movement Agent,Linear Trend Generator,055,10000,0.0,9998,0.9998
Repeat Last Movement Agent,Linear Trend Generator,056,10000,0.0,9998,0.9998
Repeat Last Movement Agent,Linear Trend Generator,057,10000,0.0,9998,0.9998
Repeat Last Movement Agent,Linear Trend Generator,058,10000,0.0,9998,0.9998
Repeat Last Movement Agent,Linear Trend Generator,059,10000,0.0,9998,0.9998
Repeat Last Movement Agent,Linear Trend Generator,060,10000,0.0,9998,0.9998
Repeat Last Movement Agent,Linear Trend Generator,061,10000,0.0,9998,0.9998
Repeat Last Movement Agent,Linear Trend Generator,062,10000,0.0,9998,0.9998
Repeat Last Movement Agent,Linear Trend Generator,063,10000,0.0,9998,0.9998
Repeat Last Movement Agent,Linear Trend Generator,064,10000,0.0,9998,0.9998
Repeat Last Movement Agent,Linear Trend Generator,065,10000,0.0,9998,0.9998
Repeat Last Movement Agent,Linear Trend Generator,066,10000,0.0,9998,0.9998
Repeat Last Movement Agent,Linear Trend Generator,067,10000,0.0,9998,0.9998
Repeat Last Movement Agent,Linear Trend Generator,068,10000,0.0,9998,0.9998
Repeat Last Movement Agent,Linear Trend Generator,069,10000,0.0,9998,0.9998
Repeat Last Movement Agent,Linear Trend Generator,070,10000,0.0,9998,0.9998
Repeat Last Movement Agent,Linear Trend Generator,071,10000,0.0,9998,0.9998
Repeat Last Movement Agent,Linear Trend Generator,072,10000,0.0,9998,0.9998
Repeat Last Movement Agent,Linear Trend Generator,073,10000,0.0,9998,0.9998
Repeat Last Movement Agent,Linear Trend Generator,074,10000,0.0,9998,0.9998
Repeat Last Movement Agent,Linear Trend Generator,075,10000,0.0,9998,0.9998
Repeat Last Movement Agent,Linear Trend Generator,076,10000,0.0,9998,0.9998
Repeat Last Movement Agent,Linear Trend Generator,077,10000,0.0,9998,0.9998
Repeat Last Movement Agent,Linear Trend Generator,078,10000,0.0,9998,0.9998
Repeat Last Movement Agent,Linear Trend Generator,079,10000,0.0,9998,0.9998
Repeat Last Movement Agent,Linear Trend Generator,080,10000,0.0,9998,0.9998
Repeat Last Movement Agent,Linear Trend Generator,081,10000,0.0,9998,0.9998
Repeat Last Movement Agent,Linear Trend Generator,082,10000,0.0,9998,0.9998
Repeat Last Movement Agent,Linear Trend Generator,083,10000,0.0,9998,0.9998
Repeat Last Movement Agent,Linear Trend Generator,084,10000,0.0,9998,0.9998
Repeat Last Movement Agent,Linear Trend Generator,085,10000,0.0,9998,0.9998
Repeat Last Movement Agent,Linear Trend Generator,086,10000,0.0,9998,0.9998
Repeat Last Movement Agent,Linear Trend Generator,087,10000,0.0,9998,0.9998
Repeat Last Movement Agent,Linear Trend Generator,088,10000,0.0,9998,0.9998
Repeat Last Movement Agent,Linear Trend Generator,089,10000,0.0,9998,0.9998
Repeat Last Movement Agent,Linear Trend Generator,090,10000,0.0,9998,0.9998
Repeat Last Movement Agent,Linear Trend Generator,091,10000,0.0,9998,0.9998
Repeat Last Movement Agent,Linear Trend Generator,092,10000,0.0,9998,0.9998
Repeat Last Movement Agent,Linear Trend Generator,093,10000,0.0,9998,0.9998
Repeat Last Movement Agent,Linear Trend Generator,094,10000,0.0,9998,0.9998
Repeat Last Movement Agent,Linear Trend Generator,095,10000,0.0,9998,0.9998
Repeat Last Movement Agent,Linear Trend Generator,096,10000,0.0,9998,0.9998
Repeat Last Movement Agent,Linear Trend Generator,097,10000,0.0,9998,0.9998
Repeat Last Movement Agent,Linear Trend Generator,098,10000,0.0,9998,0.9998
Repeat Last Movement Agent,Linear Trend Generator,099,10000,0.0,9998,0.9998
Repeat Last Movement Agent,Linear Trend Generator,100,10000,0.0,9998,0.9998
Repeat Last Movement Agent,Ornstein-Uhlenbeck Generator,001,10000,0.0,-546,-0.0546
Repeat Last Movement Agent,Ornstein-Uhlenbeck Generator,002,10000,0.0,-370,-0.037
Repeat Last Movement Agent,Ornstein-Uhlenbeck Generator,003,10000,0.0,-440,-0.044
Repeat Last Movement Agent,Ornstein-Uhlenbeck Generator,004,10000,0.0,-520,-0.052
Repeat Last Movement Agent,Ornstein-Uhlenbeck Generator,005,10000,0.0,-406,-0.0406
Repeat Last Movement Agent,Ornstein-Uhlenbeck Generator,006,10000,0.0,-484,-0.0484
Repeat Last Movement Agent,Ornstein-Uhlenbeck Generator,007,10000,0.0,-218,-0.0218
Repeat Last Movement Agent,Ornstein-Uhlenbeck Generator,008,10000,0.0,-362,-0.0362
Repeat Last Movement Agent,Ornstein-Uhlenbeck Generator,009,10000,0.0,-156,-0.0156
Repeat Last Movement Agent,Ornstein-Uhlenbeck Generator,010,10000,0.0,-438,-0.0438
Repeat Last Movement Agent,Ornstein-Uhlenbeck Generator,011,10000,0.0,-560,-0.056
Repeat Last Movement Agent,Ornstein-Uhlenbeck Generator,012,10000,0.0,-372,-0.0372
Repeat Last Movement Agent,Ornstein-Uhlenbeck Generator,013,10000,0.0,-420,-0.042
Repeat Last Movement Agent,Ornstein-Uhlenbeck Generator,014,10000,0.0,-444,-0.0444
Repeat Last Movement Agent,Ornstein-Uhlenbeck Generator,015,10000,0.0,-530,-0.053
Repeat Last Movement Agent,Ornstein-Uhlenbeck Generator,016,10000,0.0,-458,-0.0458
Repeat Last Movement Agent,Ornstein-Uhlenbeck Generator,017,10000,0.0,-380,-0.038
Repeat Last Movement Agent,Ornstein-Uhlenbeck Generator,018,10000,0.0,-410,-0.041
Repeat Last Movement Agent,Ornstein-Uhlenbeck Generator,019,10000,0.0,-376,-0.0376
Repeat Last Movement Agent,Ornstein-Uhlenbeck Generator,020,10000,0.0,-530,-0.053
Repeat Last Movement Agent,Ornstein-Uhlenbeck Generator,021,10000,0.0,-342,-0.0342
Repeat Last Movement Agent,Ornstein-Uhlenbeck Generator,022,10000,0.0,-528,-0.0528
Repeat Last Movement Agent,Ornstein-Uhlenbeck Generator,023,10000,0.0,-484,-0.0484
Repeat Last Movement Agent,Ornstein-Uhlenbeck Generator,024,10000,0.0,-614,-0.0614
Repeat Last Movement Agent,Ornstein-Uhlenbeck Generator,025,10000,0.0,-352,-0.0352
Repeat Last Movement Agent,Ornstein-Uhlenbeck Generator,026,10000,0.0,-398,-0.0398
Repeat Last Movement Agent,Ornstein-Uhlenbeck Generator,027,10000,0.0,-482,-0.0482
Repeat Last Movement Agent,Ornstein-Uhlenbeck Generator,028,10000,0.0,-274,-0.0274
Repeat Last Movement Agent,Ornstein-Uhlenbeck Generator,029,10000,0.0,-416,-0.0416
Repeat Last Movement Agent,Ornstein-Uhlenbeck Generator,030,10000,0.0,-508,-0.0508
Repeat Last Movement Agent,Ornstein-Uhlenbeck Generator,031,10000,0.0,-418,-0.0418
Repeat Last Movement Agent,Ornstein-Uhlenbeck Generator,032,10000,0.0,-280,-0.028
Repeat Last Movement Agent,Ornstein-Uhlenbeck Generator,033,10000,0.0,-510,-0.051
Repeat Last Movement Agent,Ornstein-Uhlenbeck Generator,034,10000,0.0,-340,-0.034
Repeat Last Movement Agent,Ornstein-Uhlenbeck Generator,035,10000,0.0,-628,-0.0628
Repeat Last Movement Agent,Ornstein-Uhlenbeck Generator,036,10000,0.0,-558,-0.0558
Repeat Last Movement Agent,Ornstein-Uhlenbeck Generator,037,10000,0.0,-380,-0.038
Repeat Last Movement Agent,Ornstein-Uhlenbeck Generator,038,10000,0.0,-442,-0.0442
Repeat Last Movement Agent,Ornstein-Uhlenbeck Generator,039,10000,0.0,-368,-0.0368
Repeat Last Movement Agent,Ornstein-Uhlenbeck Generator,040,10000,0.0,-262,-0.0262
Repeat Last Movement Agent,Ornstein-Uhlenbeck Generator,041,10000,0.0,-632,-0.0632
Repeat Last Movement Agent,Ornstein-Uhlenbeck Generator,042,10000,0.0,-584,-0.0584
Repeat Last Movement Agent,Ornstein-Uhlenbeck Generator,043,10000,0.0,-592,-0.0592
Repeat Last Movement Agent,Ornstein-Uhlenbeck Generator,044,10000,0.0,-344,-0.0344
Repeat Last Movement Agent,Ornstein-Uhlenbeck Generator,045,10000,0.0,-424,-0.0424
Repeat Last Movement Agent,Ornstein-Uhlenbeck Generator,046,10000,0.0,-516,-0.0516
Repeat Last Movement Agent,Ornstein-Uhlenbeck Generator,047,10000,0.0,-536,-0.0536
Repeat Last Movement Agent,Ornstein-Uhlenbeck Generator,048,10000,0.0,-468,-0.0468
Repeat Last Movement Agent,Ornstein-Uhlenbeck Generator,049,10000,0.0,-268,-0.0268
Repeat Last Movement Agent,Ornstein-Uhlenbeck Generator,050,10000,0.0,-422,-0.0422
Repeat Last Movement Agent,Ornstein-Uhlenbeck Generator,051,10000,0.0,-424,-0.0424
Repeat Last Movement Agent,Ornstein-Uhlenbeck Generator,052,10000,0.0,-476,-0.0476
Repeat Last Movement Agent,Ornstein-Uhlenbeck Generator,053,10000,0.0,-556,-0.0556
Repeat Last Movement Agent,Ornstein-Uhlenbeck Generator,054,10000,0.0,-388,-0.0388
Repeat Last Movement Agent,Ornstein-Uhlenbeck Generator,055,10000,0.0,-606,-0.0606
Repeat Last Movement Agent,Ornstein-Uhlenbeck Generator,056,10000,0.0,-440,-0.044
Repeat Last Movement Agent,Ornstein-Uhlenbeck Generator,057,10000,0.0,-442,-0.0442
Repeat Last Movement Agent,Ornstein-Uhlenbeck Generator,058,10000,0.0,-526,-0.0526
Repeat Last Movement Agent,Ornstein-Uhlenbeck Generator,059,10000,0.0,-430,-0.043
Repeat Last Movement Agent,Ornstein-Uhlenbeck Generator,060,10000,0.0,-564,-0.0564
Repeat Last Movement Agent,Ornstein-Uhlenbeck Generator,061,10000,0.0,-528,-0.0528
Repeat Last Movement Agent,Ornstein-Uhlenbeck Generator,062,10000,0.0,-514,-0.0514
Repeat Last Movement Agent,Ornstein-Uhlenbeck Generator,063,10000,0.0,-248,-0.0248
Repeat Last Movement Agent,Ornstein-Uhlenbeck Generator,064,10000,0.0,-450,-0.045
Repeat Last Movement Agent,Ornstein-Uhlenbeck Generator,065,10000,0.0,-476,-0.0476
Repeat Last Movement Agent,Ornstein-Uhlenbeck Generator,066,10000,0.0,-404,-0.0404
Repeat Last Movement Agent,Ornstein-Uhlenbeck Generator,067,10000,0.0,-422,-0.0422
Repeat Last Movement Agent,Ornstein-Uhlenbeck Generator,068,10000,0.0,-596,-0.0596
Repeat Last Movement Agent,Ornstein-Uhlenbeck Generator,069,10000,0.0,-518,-0.0518
Repeat Last Movement Agent,Ornstein-Uhlenbeck Generator,070,10000,0.0,-378,-0.0378
Repeat Last Movement Agent,Ornstein-Uhlenbeck Generator,071,10000,0.0,-288,-0.0288
Repeat Last Movement Agent,Ornstein-Uhlenbeck Generator,072,10000,0.0,-496,-0.0496
Repeat Last Movement Agent,Ornstein-Uhlenbeck Generator,073,10000,0.0,-388,-0.0388
Repeat Last Movement Agent,Ornstein-Uhlenbeck Generator,074,10000,0.0,-494,-0.0494
Repeat Last Movement Agent,Ornstein-Uhlenbeck Generator,075,10000,0.0,-412,-0.0412
Repeat Last Movement Agent,Ornstein-Uhlenbeck Generator,076,10000,0.0,-462,-0.0462
Repeat Last Movement Agent,Ornstein-Uhlenbeck Generator,077,10000,0.0,-490,-0.049
Repeat Last Movement Agent,Ornstein-Uhlenbeck Generator,078,10000,0.0,-520,-0.052
Repeat Last Movement Agent,Ornstein-Uhlenbeck Generator,079,10000,0.0,-306,-0.0306
Repeat Last Movement Agent,Ornstein-Uhlenbeck Generator,080,10000,0.0,-578,-0.0578
Repeat Last Movement Agent,Ornstein-Uhlenbeck Generator,081,10000,0.0,-464,-0.0464
Repeat Last Movement Agent,Ornstein-Uhlenbeck Generator,082,10000,0.0,-424,-0.0424
Repeat Last Movement Agent,Ornstein-Uhlenbeck Generator,083,10000,0.0,-342,-0.0342
Repeat Last Movement Agent,Ornstein-Uhlenbeck Generator,084,10000,0.0,-360,-0.036
Repeat Last Movement Agent,Ornstein-Uhlenbeck Generator,085,10000,0.0,-560,-0.056
Repeat Last Movement Agent,Ornstein-Uhlenbeck Generator,086,10000,0.0,-444,-0.0444
Repeat Last Movement Agent,Ornstein-Uhlenbeck Generator,087,10000,0.0,-568,-0.0568
Repeat Last Movement Agent,Ornstein-Uhlenbeck Generator,088,10000,0.0,-508,-0.0508
Repeat Last Movement Agent,Ornstein-Uhlenbeck Generator,089,10000,0.0,-458,-0.0458
Repeat Last Movement Agent,Ornstein-Uhlenbeck Generator,090,10000,0.0,-440,-0.044
Repeat Last Movement Agent,Ornstein-Uhlenbeck Generator,091,10000,0.0,-518,-0.0518
Repeat Last Movement Agent,Ornstein-Uhlenbeck Generator,092,10000,0.0,-368,-0.0368
Repeat Last Movement Agent,Ornstein-Uhlenbeck Generator,093,10000,0.0,-458,-0.0458
Repeat Last Movement Agent,Ornstein-Uhlenbeck Generator,094,10000,0.0,-544,-0.0544
Repeat Last Movement Agent,Ornstein-Uhlenbeck Generator,095,10000,0.0,-538,-0.0538
Repeat Last Movement Agent,Ornstein-Uhlenbeck Generator,096,10000,0.0,-402,-0.0402
Repeat Last Movement Agent,Ornstein-Uhlenbeck Generator,097,10000,0.0,-460,-0.046
Repeat Last Movement Agent,Ornstein-Uhlenbeck Generator,098,10000,0.0,-462,-0.0462
Repeat Last Movement Agent,Ornstein-Uhlenbeck Generator,099,10000,0.0,-448,-0.0448
Repeat Last Movement Agent,Ornstein-Uhlenbeck Generator,100,10000,0.0,-334,-0.0334
Repeat Last Movement Agent,Periodic Trend Generator,001,10000,0.0,9362,0.9362
Repeat Last Movement Agent,Periodic Trend Generator,002,10000,0.0,9362,0.9362
Repeat Last Movement Agent,Periodic Trend Generator,003,10000,0.0,9362,0.9362
Repeat Last Movement Agent,Periodic Trend Generator,004,10000,0.0,9362,0.9362
Repeat Last Movement Agent,Periodic Trend Generator,005,10000,0.0,9362,0.9362
Repeat Last Movement Agent,Periodic Trend Generator,006,10000,0.0,9362,0.9362
Repeat Last Movement Agent,Periodic Trend Generator,007,10000,0.0,9362,0.9362
Repeat Last Movement Agent,Periodic Trend Generator,008,10000,0.0,9362,0.9362
Repeat Last Movement Agent,Periodic Trend Generator,009,10000,0.0,9362,0.9362
Repeat Last Movement Agent,Periodic Trend Generator,010,10000,0.0,9362,0.9362
Repeat Last Movement Agent,Periodic Trend Generator,011,10000,0.0,9362,0.9362
Repeat Last Movement Agent,Periodic Trend Generator,012,10000,0.0,9362,0.9362
Repeat Last Movement Agent,Periodic Trend Generator,013,10000,0.0,9362,0.9362
Repeat Last Movement Agent,Periodic Trend Generator,014,10000,0.0,9362,0.9362
Repeat Last Movement Agent,Periodic Trend Generator,015,10000,0.0,9362,0.9362
Repeat Last Movement Agent,Periodic Trend Generator,016,10000,0.0,9362,0.9362
Repeat Last Movement Agent,Periodic Trend Generator,017,10000,0.0,9362,0.9362
Repeat Last Movement Agent,Periodic Trend Generator,018,10000,0.0,9362,0.9362
Repeat Last Movement Agent,Periodic Trend Generator,019,10000,0.0,9362,0.9362
Repeat Last Movement Agent,Periodic Trend Generator,020,10000,0.0,9362,0.9362
Repeat Last Movement Agent,Periodic Trend Generator,021,10000,0.0,9362,0.9362
Repeat Last Movement Agent,Periodic Trend Generator,022,10000,0.0,9362,0.9362
Repeat Last Movement Agent,Periodic Trend Generator,023,10000,0.0,9362,0.9362
Repeat Last Movement Agent,Periodic Trend Generator,024,10000,0.0,9362,0.9362
Repeat Last Movement Agent,Periodic Trend Generator,025,10000,0.0,9362,0.9362
Repeat Last Movement Agent,Periodic Trend Generator,026,10000,0.0,9362,0.9362
Repeat Last Movement Agent,Periodic Trend Generator,027,10000,0.0,9362,0.9362
Repeat Last Movement Agent,Periodic Trend Generator,028,10000,0.0,9362,0.9362
Repeat Last Movement Agent,Periodic Trend Generator,029,10000,0.0,9362,0.9362
Repeat Last Movement Agent,Periodic Trend Generator,030,10000,0.0,9362,0.9362
Repeat Last Movement Agent,Periodic Trend Generator,031,10000,0.0,9362,0.9362
Repeat Last Movement Agent,Periodic Trend Generator,032,10000,0.0,9362,0.9362
Repeat Last Movement Agent,Periodic Trend Generator,033,10000,0.0,9362,0.9362
Repeat Last Movement Agent,Periodic Trend Generator,034,10000,0.0,9362,0.9362
Repeat Last Movement Agent,Periodic Trend Generator,035,10000,0.0,9362,0.9362
Repeat Last Movement Agent,Periodic Trend Generator,036,10000,0.0,9362,0.9362
Repeat Last Movement Agent,Periodic Trend Generator,037,10000,0.0,9362,0.9362
Repeat Last Movement Agent,Periodic Trend Generator,038,10000,0.0,9362,0.9362
Repeat Last Movement Agent,Periodic Trend Generator,039,10000,0.0,9362,0.9362
Repeat Last Movement Agent,Periodic Trend Generator,040,10000,0.0,9362,0.9362
Repeat Last Movement Agent,Periodic Trend Generator,041,10000,0.0,9362,0.9362
Repeat Last Movement Agent,Periodic Trend Generator,042,10000,0.0,9362,0.9362
Repeat Last Movement Agent,Periodic Trend Generator,043,10000,0.0,9362,0.9362
Repeat Last Movement Agent,Periodic Trend Generator,044,10000,0.0,9362,0.9362
Repeat Last Movement Agent,Periodic Trend Generator,045,10000,0.0,9362,0.9362
Repeat Last Movement Agent,Periodic Trend Generator,046,10000,0.0,9362,0.9362
Repeat Last Movement Agent,Periodic Trend Generator,047,10000,0.0,9362,0.9362
Repeat Last Movement Agent,Periodic Trend Generator,048,10000,0.0,9362,0.9362
Repeat Last Movement Agent,Periodic Trend Generator,049,10000,0.0,9362,0.9362
Repeat Last Movement Agent,Periodic Trend Generator,050,10000,0.0,9362,0.9362
Repeat Last Movement Agent,Periodic Trend Generator,051,10000,0.0,9362,0.9362
Repeat Last Movement Agent,Periodic Trend Generator,052,10000,0.0,9362,0.9362
Repeat Last Movement Agent,Periodic Trend Generator,053,10000,0.0,9362,0.9362
Repeat Last Movement Agent,Periodic Trend Generator,054,10000,0.0,9362,0.9362
Repeat Last Movement Agent,Periodic Trend Generator,055,10000,0.0,9362,0.9362
Repeat Last Movement Agent,Periodic Trend Generator,056,10000,0.0,9362,0.9362
Repeat Last Movement Agent,Periodic Trend Generator,057,10000,0.0,9362,0.9362
Repeat Last Movement Agent,Periodic Trend Generator,058,10000,0.0,9362,0.9362
Repeat Last Movement Agent,Periodic Trend Generator,059,10000,0.0,9362,0.9362
Repeat Last Movement Agent,Periodic Trend Generator,060,10000,0.0,9362,0.9362
Repeat Last Movement Agent,Periodic Trend Generator,061,10000,0.0,9362,0.9362
Repeat Last Movement Agent,Periodic Trend Generator,062,10000,0.0,9362,0.9362
Repeat Last Movement Agent,Periodic Trend Generator,063,10000,0.0,9362,0.9362
Repeat Last Movement Agent,Periodic Trend Generator,064,10000,0.0,9362,0.9362
Repeat Last Movement Agent,Periodic Trend Generator,065,10000,0.0,9362,0.9362
Repeat Last Movement Agent,Periodic Trend Generator,066,10000,0.0,9362,0.9362
Repeat Last Movement Agent,Periodic Trend Generator,067,10000,0.0,9362,0.9362
Repeat Last Movement Agent,Periodic Trend Generator,068,10000,0.0,9362,0.9362
Repeat Last Movement Agent,Periodic Trend Generator,069,10000,0.0,9362,0.9362
Repeat Last Movement Agent,Periodic Trend Generator,070,10000,0.0,9362,0.9362
Repeat Last Movement Agent,Periodic Trend Generator,071,10000,0.0,9362,0.9362
Repeat Last Movement Agent,Periodic Trend Generator,072,10000,0.0,9362,0.9362
Repeat Last Movement Agent,Periodic Trend Generator,073,10000,0.0,9362,0.9362
Repeat Last Movement Agent,Periodic Trend Generator,074,10000,0.0,9362,0.9362
Repeat Last Movement Agent,Periodic Trend Generator,075,10000,0.0,9362,0.9362
Repeat Last Movement Agent,Periodic Trend Generator,076,10000,0.0,9362,0.9362
Repeat Last Movement Agent,Periodic Trend Generator,077,10000,0.0,9362,0.9362
Repeat Last Movement Agent,Periodic Trend Generator,078,10000,0.0,9362,0.9362
Repeat Last Movement Agent,Periodic Trend Generator,079,10000,0.0,9362,0.9362
Repeat Last Movement Agent,Periodic Trend Generator,080,10000,0.0,9362,0.9362
Repeat Last Movement Agent,Periodic Trend Generator,081,10000,0.0,9362,0.9362
Repeat Last Movement Agent,Periodic Trend Generator,082,10000,0.0,9362,0.9362
Repeat Last Movement Agent,Periodic Trend Generator,083,10000,0.0,9362,0.9362
Repeat Last Movement Agent,Periodic Trend Generator,084,10000,0.0,9362,0.9362
Repeat Last Movement Agent,Periodic Trend Generator,085,10000,0.0,9362,0.9362
Repeat Last Movement Agent,Periodic Trend Generator,086,10000,0.0,9362,0.9362
Repeat Last Movement Agent,Periodic Trend Generator,087,10000,0.0,9362,0.9362
Repeat Last Movement Agent,Periodic Trend Generator,088,10000,0.0,9362,0.9362
Repeat Last Movement Agent,Periodic Trend Generator,089,10000,0.0,9362,0.9362
Repeat Last Movement Agent,Periodic Trend Generator,090,10000,0.0,9362,0.9362
Repeat Last Movement Agent,Periodic Trend Generator,091,10000,0.0,9362,0.9362
Repeat Last Movement Agent,Periodic Trend Generator,092,10000,0.0,9362,0.9362
Repeat Last Movement Agent,Periodic Trend Generator,093,10000,0.0,9362,0.9362
Repeat Last Movement Agent,Periodic Trend Generator,094,10000,0.0,9362,0.9362
Repeat Last Movement Agent,Periodic Trend Generator,095,10000,0.0,9362,0.9362
Repeat Last Movement Agent,Periodic Trend Generator,096,10000,0.0,9362,0.9362
Repeat Last Movement Agent,Periodic Trend Generator,097,10000,0.0,9362,0.9362
Repeat Last Movement Agent,Periodic Trend Generator,098,10000,0.0,9362,0.9362
Repeat Last Movement Agent,Periodic Trend Generator,099,10000,0.0,9362,0.9362
Repeat Last Movement Agent,Periodic Trend Generator,100,10000,0.0,9362,0.9362
Repeat Last Movement Agent,Random Walk Generator,001,10000,0.0,-50,-0.005
Repeat Last Movement Agent,Random Walk Generator,002,10000,0.0,-4,-0.0004
Repeat Last Movement Agent,Random Walk Generator,003,10000,0.0,-146,-0.0146
Repeat Last Movement Agent,Random Walk Generator,004,10000,0.0,-202,-0.0202
Repeat Last Movement Agent,Random Walk Generator,005,10000,0.0,102,0.0102
Repeat Last Movement Agent,Random Walk Generator,006,10000,0.0,-74,-0.0074
Repeat Last Movement Agent,Random Walk Generator,007,10000,0.0,6,0.0006
Repeat Last Movement Agent,Random Walk Generator,008,10000,0.0,-104,-0.0104
Repeat Last Movement Agent,Random Walk Generator,009,10000,0.0,50,0.005
Repeat Last Movement Agent,Random Walk Generator,010,10000,0.0,-194,-0.0194
Repeat Last Movement Agent,Random Walk Generator,011,10000,0.0,146,0.0146
Repeat Last Movement Agent,Random Walk Generator,012,10000,0.0,-12,-0.0012
Repeat Last Movement Agent,Random Walk Generator,013,10000,0.0,14,0.0014
Repeat Last Movement Agent,Random Walk Generator,014,10000,0.0,28,0.0028
Repeat Last Movement Agent,Random Walk Generator,015,10000,0.0,-72,-0.0072
Repeat Last Movement Agent,Random Walk Generator,016,10000,0.0,-66,-0.0066
Repeat Last Movement Agent,Random Walk Generator,017,10000,0.0,-46,-0.0046
Repeat Last Movement Agent,Random Walk Generator,018,10000,0.0,84,0.0084
Repeat Last Movement Agent,Random Walk Generator,019,10000,0.0,-6,-0.0006
Repeat Last Movement Agent,Random Walk Generator,020,10000,0.0,-48,-0.0048
Repeat Last Movement Agent,Random Walk Generator,021,10000,0.0,-50,-0.005
Repeat Last Movement Agent,Random Walk Generator,022,10000,0.0,-28,-0.0028
Repeat Last Movement Agent,Random Walk Generator,023,10000,0.0,-222,-0.0222
Repeat Last Movement Agent,Random Walk Generator,024,10000,0.0,-10,-0.001
Repeat Last Movement Agent,Random Walk Generator,025,10000,0.0,80,0.008
Repeat Last Movement Agent,Random Walk Generator,026,10000,0.0,138,0.0138
Repeat Last Movement Agent,Random Walk Generator,027,10000,0.0,24,0.0024
Repeat Last Movement Agent,Random Walk Generator,028,10000,0.0,-152,-0.0152
Repeat Last Movement Agent,Random Walk Generator,029,10000,0.0,96,0.0096
Repeat Last Movement Agent,Random Walk Generator,030,10000,0.0,-4,-0.0004
Repeat Last Movement Agent,Random Walk Generator,031,10000,0.0,130,0.013
Repeat Last Movement Agent,Random Walk Generator,032,10000,0.0,44,0.0044
Repeat Last Movement Agent,Random Walk Generator,033,10000,0.0,44,0.0044
Repeat Last Movement Agent,Random Walk Generator,034,10000,0.0,6,0.0006
Repeat Last Movement Agent,Random Walk Generator,035,10000,0.0,220,0.022
Repeat Last Movement Agent,Random Walk Generator,036,10000,0.0,218,0.0218
Repeat Last Movement Agent,Random Walk Generator,037,10000,0.0,-102,-0.0102
Repeat Last Movement Agent,Random Walk Generator,038,10000,0.0,180,0.018
Repeat Last Movement Agent,Random Walk Generator,039,10000,0.0,170,0.017
Repeat Last Movement Agent,Random Walk Generator,040,10000,0.0,-22,-0.0022
Repeat Last Movement Agent,Random Walk Generator,041,10000,0.0,-126,-0.0126
Repeat Last Movement Agent,Random Walk Generator,042,10000,0.0,82,0.0082
Repeat Last Movement Agent,Random Walk Generator,043,10000,0.0,-128,-0.0128
Repeat Last Movement Agent,Random Walk Generator,044,10000,0.0,-116,-0.0116
Repeat Last Movement Agent,Random Walk Generator,045,10000,0.0,-52,-0.0052
Repeat Last Movement Agent,Random Walk Generator,046,10000,0.0,128,0.0128
Repeat Last Movement Agent,Random Walk Generator,047,10000,0.0,-2,-0.0002
Repeat Last Movement Agent,Random Walk Generator,048,10000,0.0,-48,-0.0048
Repeat Last Movement Agent,Random Walk Generator,049,10000,0.0,-22,-0.0022
Repeat Last Movement Agent,Random Walk Generator,050,10000,0.0,6,0.0006
Repeat Last Movement Agent,Random Walk Generator,051,10000,0.0,24,0.0024
Repeat Last Movement Agent,Random Walk Generator,052,10000,0.0,200,0.02
Repeat Last Movement Agent,Random Walk Generator,053,10000,0.0,66,0.0066
Repeat Last Movement Agent,Random Walk Generator,054,10000,0.0,-30,-0.003
Repeat Last Movement Agent,Random Walk Generator,055,10000,0.0,92,0.0092
Repeat Last Movement Agent,Random Walk Generator,056,10000,0.0,8,0.0008
Repeat Last Movement Agent,Random Walk Generator,057,10000,0.0,-92,-0.0092
Repeat Last Movement Agent,Random Walk Generator,058,10000,0.0,-20,-0.002
Repeat Last Movement Agent,Random Walk Generator,059,10000,0.0,-82,-0.0082
Repeat Last Movement Agent,Random Walk Generator,060,10000,0.0,-114,-0.0114
Repeat Last Movement Agent,Random Walk Generator,061,10000,0.0,156,0.0156
Repeat Last Movement Agent,Random Walk Generator,062,10000,0.0,-72,-0.0072
Repeat Last Movement Agent,Random Walk Generator,063,10000,0.0,112,0.0112
Repeat Last Movement Agent,Random Walk Generator,064,10000,0.0,-94,-0.0094
Repeat Last Movement Agent,Random Walk Generator,065,10000,0.0,-106,-0.0106
Repeat Last Movement Agent,Random Walk Generator,066,10000,0.0,-178,-0.0178
Repeat Last Movement Agent,Random Walk Generator,067,10000,0.0,78,0.0078
Repeat Last Movement Agent,Random Walk Generator,068,10000,0.0,-108,-0.0108
Repeat Last Movement Agent,Random Walk Generator,069,10000,0.0,-20,-0.002
Repeat Last Movement Agent,Random Walk Generator,070,10000,0.0,-60,-0.006
Repeat Last Movement Agent,Random Walk Generator,071,10000,0.0,-74,-0.0074
Repeat Last Movement Agent,Random Walk Generator,072,10000,0.0,74,0.0074
Repeat Last Movement Agent,Random Walk Generator,073,10000,0.0,-12,-0.0012
Repeat Last Movement Agent,Random Walk Generator,074,10000,0.0,130,0.013
Repeat Last Movement Agent,Random Walk Generator,075,10000,0.0,-72,-0.0072
Repeat Last Movement Agent,Random Walk Generator,076,10000,0.0,-28,-0.0028
Repeat Last Movement Agent,Random Walk Generator,077,10000,0.0,-92,-0.0092
Repeat Last Movement Agent,Random Walk Generator,078,10000,0.0,26,0.0026
Repeat Last Movement Agent,Random Walk Generator,079,10000,0.0,-48,-0.0048
Repeat Last Movement Agent,Random Walk Generator,080,10000,0.0,58,0.0058
Repeat Last Movement Agent,Random Walk Generator,081,10000,0.0,76,0.0076
Repeat Last Movement Agent,Random Walk Generator,082,10000,0.0,-58,-0.0058
Repeat Last Movement Agent,Random Walk Generator,083,10000,0.0,-180,-0.018
Repeat Last Movement Agent,Random Walk Generator,084,10000,0.0,-174,-0.0174
Repeat Last Movement Agent,Random Walk Generator,085,10000,0.0,44,0.0044
Repeat Last Movement Agent,Random Walk Generator,086,10000,0.0,-58,-0.0058
Repeat Last Movement Agent,Random Walk Generator,087,10000,0.0,-18,-0.0018
Repeat Last Movement Agent,Random Walk Generator,088,10000,0.0,-118,-0.0118
Repeat Last Movement Agent,Random Walk Generator,089,10000,0.0,50,0.005
Repeat Last Movement Agent,Random Walk Generator,090,10000,0.0,96,0.0096
Repeat Last Movement Agent,Random Walk Generator,091,10000,0.0,18,0.0018
Repeat Last Movement Agent,Random Walk Generator,092,10000,0.0,232,0.0232
Repeat Last Movement Agent,Random Walk Generator,093,10000,0.0,98,0.0098
Repeat Last Movement Agent,Random Walk Generator,094,10000,0.0,84,0.0084
Repeat Last Movement Agent,Random Walk Generator,095,10000,0.0,112,0.0112
Repeat Last Movement Agent,Random Walk Generator,096,10000,0.0,-60,-0.006
Repeat Last Movement Agent,Random Walk Generator,097,10000,0.0,-134,-0.0134
Repeat Last Movement Agent,Random Walk Generator,098,10000,0.0,48,0.0048
Repeat Last Movement Agent,Random Walk Generator,099,10000,0.0,-46,-0.0046
Repeat Last Movement Agent,Random Walk Generator,100,10000,0.0,-82,-0.0082
SGD Classifier Agent,Constant Generator,001,10000,0.0,-10000,-1.0
SGD Classifier Agent,Constant Generator,002,10000,0.0,-10000,-1.0
SGD Classifier Agent,Constant Generator,003,10000,0.0,-10000,-1.0
SGD Classifier Agent,Constant Generator,004,10000,0.0,-10000,-1.0
SGD Classifier Agent,Constant Generator,005,10000,0.0,-10000,-1.0
SGD Classifier Agent,Constant Generator,006,10000,0.0,-10000,-1.0
SGD Classifier Agent,Constant Generator,007,10000,0.0,-10000,-1.0
SGD Classifier Agent,Constant Generator,008,10000,0.0,-10000,-1.0
SGD Classifier Agent,Constant Generator,009,10000,0.0,-10000,-1.0
SGD Classifier Agent,Constant Generator,010,10000,0.0,-10000,-1.0
SGD Classifier Agent,Constant Generator,011,10000,0.0,-10000,-1.0
SGD Classifier Agent,Constant Generator,012,10000,0.0,-10000,-1.0
SGD Classifier Agent,Constant Generator,013,10000,0.0,-10000,-1.0
SGD Classifier Agent,Constant Generator,014,10000,0.0,-10000,-1.0
SGD Classifier Agent,Constant Generator,015,10000,0.0,-10000,-1.0
SGD Classifier Agent,Constant Generator,016,10000,0.0,-10000,-1.0
SGD Classifier Agent,Constant Generator,017,10000,0.0,-10000,-1.0
SGD Classifier Agent,Constant Generator,018,10000,0.0,-10000,-1.0
SGD Classifier Agent,Constant Generator,019,10000,0.0,-10000,-1.0
SGD Classifier Agent,Constant Generator,020,10000,0.0,-10000,-1.0
SGD Classifier Agent,Constant Generator,021,10000,0.0,-10000,-1.0
SGD Classifier Agent,Constant Generator,022,10000,0.0,-10000,-1.0
SGD Classifier Agent,Constant Generator,023,10000,0.0,-10000,-1.0
SGD Classifier Agent,Constant Generator,024,10000,0.0,-10000,-1.0
SGD Classifier Agent,Constant Generator,025,10000,0.0,-10000,-1.0
SGD Classifier Agent,Constant Generator,026,10000,0.0,-10000,-1.0
SGD Classifier Agent,Constant Generator,027,10000,0.0,-10000,-1.0
SGD Classifier Agent,Constant Generator,028,10000,0.0,-10000,-1.0
SGD Classifier Agent,Constant Generator,029,10000,0.0,-10000,-1.0
SGD Classifier Agent,Constant Generator,030,10000,0.0,-10000,-1.0
SGD Classifier Agent,Constant Generator,031,10000,0.0,-10000,-1.0
SGD Classifier Agent,Constant Generator,032,10000,0.0,-10000,-1.0
SGD Classifier Agent,Constant Generator,033,10000,0.0,-10000,-1.0
SGD Classifier Agent,Constant Generator,034,10000,0.0,-10000,-1.0
SGD Classifier Agent,Constant Generator,035,10000,0.0,-10000,-1.0
SGD Classifier Agent,Constant Generator,036,10000,0.0,-10000,-1.0
SGD Classifier Agent,Constant Generator,037,10000,0.0,-10000,-1.0
SGD Classifier Agent,Constant Generator,038,10000,0.0,-10000,-1.0
SGD Classifier Agent,Constant Generator,039,10000,0.0,-10000,-1.0
SGD Classifier Agent,Constant Generator,040,10000,0.0,-10000,-1.0
SGD Classifier Agent,Constant Generator,041,10000,0.0,-10000,-1.0
SGD Classifier Agent,Constant Generator,042,10000,0.0,-10000,-1.0
SGD Classifier Agent,Constant Generator,043,10000,0.0,-10000,-1.0
SGD Classifier Agent,Constant Generator,044,10000,0.0,-10000,-1.0
SGD Classifier Agent,Constant Generator,045,10000,0.0,-10000,-1.0
SGD Classifier Agent,Constant Generator,046,10000,0.0,-10000,-1.0
SGD Classifier Agent,Constant Generator,047,10000,0.0,-10000,-1.0
SGD Classifier Agent,Constant Generator,048,10000,0.0,-10000,-1.0
SGD Classifier Agent,Constant Generator,049,10000,0.0,-10000,-1.0
SGD Classifier Agent,Constant Generator,050,10000,0.0,-10000,-1.0
SGD Classifier Agent,Constant Generator,051,10000,0.0,-10000,-1.0
SGD Classifier Agent,Constant Generator,052,10000,0.0,-10000,-1.0
SGD Classifier Agent,Constant Generator,053,10000,0.0,-10000,-1.0
SGD Classifier Agent,Constant Generator,054,10000,0.0,-10000,-1.0
SGD Classifier Agent,Constant Generator,055,10000,0.0,-10000,-1.0
SGD Classifier Agent,Constant Generator,056,10000,0.0,-10000,-1.0
SGD Classifier Agent,Constant Generator,057,10000,0.0,-10000,-1.0
SGD Classifier Agent,Constant Generator,058,10000,0.0,-10000,-1.0
SGD Classifier Agent,Constant Generator,059,10000,0.0,-10000,-1.0
SGD Classifier Agent,Constant Generator,060,10000,0.0,-10000,-1.0
SGD Classifier Agent,Constant Generator,061,10000,0.0,-10000,-1.0
SGD Classifier Agent,Constant Generator,062,10000,0.0,-10000,-1.0
SGD Classifier Agent,Constant Generator,063,10000,0.0,-10000,-1.0
SGD Classifier Agent,Constant Generator,064,10000,0.0,-10000,-1.0
SGD Classifier Agent,Constant Generator,065,10000,0.0,-10000,-1.0
SGD Classifier Agent,Constant Generator,066,10000,0.0,-10000,-1.0
SGD Classifier Agent,Constant Generator,067,10000,0.0,-10000,-1.0
SGD Classifier Agent,Constant Generator,068,10000,0.0,-10000,-1.0
SGD Classifier Agent,Constant Generator,069,10000,0.0,-10000,-1.0
SGD Classifier Agent,Constant Generator,070,10000,0.0,-10000,-1.0
SGD Classifier Agent,Constant Generator,071,10000,0.0,-10000,-1.0
SGD Classifier Agent,Constant Generator,072,10000,0.0,-10000,-1.0
SGD Classifier Agent,Constant Generator,073,10000,0.0,-10000,-1.0
SGD Classifier Agent,Constant Generator,074,10000,0.0,-10000,-1.0
SGD Classifier Agent,Constant Generator,075,10000,0.0,-10000,-1.0
SGD Classifier Agent,Constant Generator,076,10000,0.0,-10000,-1.0
SGD Classifier Agent,Constant Generator,077,10000,0.0,-10000,-1.0
SGD Classifier Agent,Constant Generator,078,10000,0.0,-10000,-1.0
SGD Classifier Agent,Constant Generator,079,10000,0.0,-10000,-1.0
SGD Classifier Agent,Constant Generator,080,10000,0.0,-10000,-1.0
SGD Classifier Agent,Constant Generator,081,10000,0.0,-10000,-1.0
SGD Classifier Agent,Constant Generator,082,10000,0.0,-10000,-1.0
SGD Classifier Agent,Constant Generator,083,10000,0.0,-10000,-1.0
SGD Classifier Agent,Constant Generator,084,10000,0.0,-10000,-1.0
SGD Classifier Agent,Constant Generator,085,10000,0.0,-10000,-1.0
SGD Classifier Agent,Constant Generator,086,10000,0.0,-10000,-1.0
SGD Classifier Agent,Constant Generator,087,10000,0.0,-10000,-1.0
SGD Classifier Agent,Constant Generator,088,10000,0.0,-10000,-1.0
SGD Classifier Agent,Constant Generator,089,10000,0.0,-10000,-1.0
SGD Classifier Agent,Constant Generator,090,10000,0.0,-10000,-1.0
SGD Classifier Agent,Constant Generator,091,10000,0.0,-10000,-1.0
SGD Classifier Agent,Constant Generator,092,10000,0.0,-10000,-1.0
SGD Classifier Agent,Constant Generator,093,10000,0.0,-10000,-1.0
SGD Classifier Agent,Constant Generator,094,10000,0.0,-10000,-1.0
SGD Classifier Agent,Constant Generator,095,10000,0.0,-10000,-1.0
SGD Classifier Agent,Constant Generator,096,10000,0.0,-10000,-1.0
SGD Classifier Agent,Constant Generator,097,10000,0.0,-10000,-1.0
SGD Classifier Agent,Constant Generator,098,10000,0.0,-10000,-1.0
SGD Classifier Agent,Constant Generator,099,10000,0.0,-10000,-1.0
SGD Classifier Agent,Constant Generator,100,10000,0.0,-10000,-1.0
SGD Classifier Agent,Linear Trend Generator,001,10000,0.0,9980,0.998
SGD Classifier Agent,Linear Trend Generator,002,10000,0.0,9980,0.998
SGD Classifier Agent,Linear Trend Generator,003,10000,0.0,9980,0.998
SGD Classifier Agent,Linear Trend Generator,004,10000,0.0,9980,0.998
SGD Classifier Agent,Linear Trend Generator,005,10000,0.0,9980,0.998
SGD Classifier Agent,Linear Trend Generator,006,10000,0.0,9980,0.998
SGD Classifier Agent,Linear Trend Generator,007,10000,0.0,9980,0.998
SGD Classifier Agent,Linear Trend Generator,008,10000,0.0,9980,0.998
SGD Classifier Agent,Linear Trend Generator,009,10000,0.0,9980,0.998
SGD Classifier Agent,Linear Trend Generator,010,10000,0.0,9980,0.998
SGD Classifier Agent,Linear Trend Generator,011,10000,0.0,9980,0.998
SGD Classifier Agent,Linear Trend Generator,012,10000,0.0,9980,0.998
SGD Classifier Agent,Linear Trend Generator,013,10000,0.0,9980,0.998
SGD Classifier Agent,Linear Trend Generator,014,10000,0.0,9980,0.998
SGD Classifier Agent,Linear Trend Generator,015,10000,0.0,9980,0.998
SGD Classifier Agent,Linear Trend Generator,016,10000,0.0,9980,0.998
SGD Classifier Agent,Linear Trend Generator,017,10000,0.0,9980,0.998
SGD Classifier Agent,Linear Trend Generator,018,10000,0.0,9980,0.998
SGD Classifier Agent,Linear Trend Generator,019,10000,0.0,9980,0.998
SGD Classifier Agent,Linear Trend Generator,020,10000,0.0,9980,0.998
SGD Classifier Agent,Linear Trend Generator,021,10000,0.0,9980,0.998
SGD Classifier Agent,Linear Trend Generator,022,10000,0.0,9980,0.998
SGD Classifier Agent,Linear Trend Generator,023,10000,0.0,9980,0.998
SGD Classifier Agent,Linear Trend Generator,024,10000,0.0,9980,0.998
SGD Classifier Agent,Linear Trend Generator,025,10000,0.0,9980,0.998
SGD Classifier Agent,Linear Trend Generator,026,10000,0.0,9980,0.998
SGD Classifier Agent,Linear Trend Generator,027,10000,0.0,9980,0.998
SGD Classifier Agent,Linear Trend Generator,028,10000,0.0,9980,0.998
SGD Classifier Agent,Linear Trend Generator,029,10000,0.0,9980,0.998
SGD Classifier Agent,Linear Trend Generator,030,10000,0.0,9980,0.998
SGD Classifier Agent,Linear Trend Generator,031,10000,0.0,9980,0.998
SGD Classifier Agent,Linear Trend Generator,032,10000,0.0,9980,0.998
SGD Classifier Agent,Linear Trend Generator,033,10000,0.0,9980,0.998
SGD Classifier Agent,Linear Trend Generator,034,10000,0.0,9980,0.998
SGD Classifier Agent,Linear Trend Generator,035,10000,0.0,9980,0.998
SGD Classifier Agent,Linear Trend Generator,036,10000,0.0,9980,0.998
SGD Classifier Agent,Linear Trend Generator,037,10000,0.0,9980,0.998
SGD Classifier Agent,Linear Trend Generator,038,10000,0.0,9980,0.998
SGD Classifier Agent,Linear Trend Generator,039,10000,0.0,9980,0.998
SGD Classifier Agent,Linear Trend Generator,040,10000,0.0,9980,0.998
SGD Classifier Agent,Linear Trend Generator,041,10000,0.0,9980,0.998
SGD Classifier Agent,Linear Trend Generator,042,10000,0.0,9980,0.998
SGD Classifier Agent,Linear Trend Generator,043,10000,0.0,9980,0.998
SGD Classifier Agent,Linear Trend Generator,044,10000,0.0,9980,0.998
SGD Classifier Agent,Linear Trend Generator,045,10000,0.0,9980,0.998
SGD Classifier Agent,Linear Trend Generator,046,10000,0.0,9980,0.998
SGD Classifier Agent,Linear Trend Generator,047,10000,0.0,9980,0.998
SGD Classifier Agent,Linear Trend Generator,048,10000,0.0,9980,0.998
SGD Classifier Agent,Linear Trend Generator,049,10000,0.0,9980,0.998
SGD Classifier Agent,Linear Trend Generator,050,10000,0.0,9980,0.998
SGD Classifier Agent,Linear Trend Generator,051,10000,0.0,9980,0.998
SGD Classifier Agent,Linear Trend Generator,052,10000,0.0,9980,0.998
SGD Classifier Agent,Linear Trend Generator,053,10000,0.0,9980,0.998
SGD Classifier Agent,Linear Trend Generator,054,10000,0.0,9980,0.998
SGD Classifier Agent,Linear Trend Generator,055,10000,0.0,9980,0.998
SGD Classifier Agent,Linear Trend Generator,056,10000,0.0,9980,0.998
SGD Classifier Agent,Linear Trend Generator,057,10000,0.0,9980,0.998
SGD Classifier Agent,Linear Trend Generator,058,10000,0.0,9980,0.998
SGD Classifier Agent,Linear Trend Generator,059,10000,0.0,9980,0.998
SGD Classifier Agent,Linear Trend Generator,060,10000,0.0,9980,0.998
SGD Classifier Agent,Linear Trend Generator,061,10000,0.0,9980,0.998
SGD Classifier Agent,Linear Trend Generator,062,10000,0.0,9980,0.998
SGD Classifier Agent,Linear Trend Generator,063,10000,0.0,9980,0.998
SGD Classifier Agent,Linear Trend Generator,064,10000,0.0,9980,0.998
SGD Classifier Agent,Linear Trend Generator,065,10000,0.0,9980,0.998
SGD Classifier Agent,Linear Trend Generator,066,10000,0.0,9980,0.998
SGD Classifier Agent,Linear Trend Generator,067,10000,0.0,9980,0.998
SGD Classifier Agent,Linear Trend Generator,068,10000,0.0,9980,0.998
SGD Classifier Agent,Linear Trend Generator,069,10000,0.0,9980,0.998
SGD Classifier Agent,Linear Trend Generator,070,10000,0.0,9980,0.998
SGD Classifier Agent,Linear Trend Generator,071,10000,0.0,9980,0.998
SGD Classifier Agent,Linear Trend Generator,072,10000,0.0,9980,0.998
SGD Classifier Agent,Linear Trend Generator,073,10000,0.0,9980,0.998
SGD Classifier Agent,Linear Trend Generator,074,10000,0.0,9980,0.998
SGD Classifier Agent,Linear Trend Generator,075,10000,0.0,9980,0.998
SGD Classifier Agent,Linear Trend Generator,076,10000,0.0,9980,0.998
SGD Classifier Agent,Linear Trend Generator,077,10000,0.0,9980,0.998
SGD Classifier Agent,Linear Trend Generator,078,10000,0.0,9980,0.998
SGD Classifier Agent,Linear Trend Generator,079,10000,0.0,9980,0.998
SGD Classifier Agent,Linear Trend Generator,080,10000,0.0,9980,0.998
SGD Classifier Agent,Linear Trend Generator,081,10000,0.0,9980,0.998
SGD Classifier Agent,Linear Trend Generator,082,10000,0.0,9980,0.998
SGD Classifier Agent,Linear Trend Generator,083,10000,0.0,9980,0.998
SGD Classifier Agent,Linear Trend Generator,084,10000,0.0,9980,0.998
SGD Classifier Agent,Linear Trend Generator,085,10000,0.0,9980,0.998
SGD Classifier Agent,Linear Trend Generator,086,10000,0.0,9980,0.998
SGD Classifier Agent,Linear Trend Generator,087,10000,0.0,9980,0.998
SGD Classifier Agent,Linear Trend Generator,088,10000,0.0,9980,0.998
SGD Classifier Agent,Linear Trend Generator,089,10000,0.0,9980,0.998
SGD Classifier Agent,Linear Trend Generator,090,10000,0.0,9980,0.998
SGD Classifier Agent,Linear Trend Generator,091,10000,0.0,9980,0.998
SGD Classifier Agent,Linear Trend Generator,092,10000,0.0,9980,0.998
SGD Classifier Agent,Linear Trend Generator,093,10000,0.0,9980,0.998
SGD Classifier Agent,Linear Trend Generator,094,10000,0.0,9980,0.998
SGD Classifier Agent,Linear Trend Generator,095,10000,0.0,9980,0.998
SGD Classifier Agent,Linear Trend Generator,096,10000,0.0,9980,0.998
SGD Classifier Agent,Linear Trend Generator,097,10000,0.0,9980,0.998
SGD Classifier Agent,Linear Trend Generator,098,10000,0.0,9980,0.998
SGD Classifier Agent,Linear Trend Generator,099,10000,0.0,9980,0.998
SGD Classifier Agent,Linear Trend Generator,100,10000,0.0,9980,0.998
SGD Classifier Agent,Ornstein-Uhlenbeck Generator,001,10000,0.0,-530,-0.053
SGD Classifier Agent,Ornstein-Uhlenbeck Generator,002,10000,0.0,-568,-0.0568
SGD Classifier Agent,Ornstein-Uhlenbeck Generator,003,10000,0.0,-330,-0.033
SGD Classifier Agent,Ornstein-Uhlenbeck Generator,004,10000,0.0,-552,-0.0552
SGD Classifier Agent,Ornstein-Uhlenbeck Generator,005,10000,0.0,-398,-0.0398
SGD Classifier Agent,Ornstein-Uhlenbeck Generator,006,10000,0.0,-618,-0.0618
SGD Classifier Agent,Ornstein-Uhlenbeck Generator,007,10000,0.0,-418,-0.0418
SGD Classifier Agent,Ornstein-Uhlenbeck Generator,008,10000,0.0,-338,-0.0338
SGD Classifier Agent,Ornstein-Uhlenbeck Generator,009,10000,0.0,-320,-0.032
SGD Classifier Agent,Ornstein-Uhlenbeck Generator,010,10000,0.0,-398,-0.0398
SGD Classifier Agent,Ornstein-Uhlenbeck Generator,011,10000,0.0,-470,-0.047
SGD Classifier Agent,Ornstein-Uhlenbeck Generator,012,10000,0.0,-524,-0.0524
SGD Classifier Agent,Ornstein-Uhlenbeck Generator,013,10000,0.0,-534,-0.0534
SGD Classifier Agent,Ornstein-Uhlenbeck Generator,014,10000,0.0,-418,-0.0418
SGD Classifier Agent,Ornstein-Uhlenbeck Generator,015,10000,0.0,-512,-0.0512
SGD Classifier Agent,Ornstein-Uhlenbeck Generator,016,10000,0.0,-364,-0.0364
SGD Classifier Agent,Ornstein-Uhlenbeck Generator,017,10000,0.0,-402,-0.0402
SGD Classifier Agent,Ornstein-Uhlenbeck Generator,018,10000,0.0,-596,-0.0596
SGD Classifier Agent,Ornstein-Uhlenbeck Generator,019,10000,0.0,-396,-0.0396
SGD Classifier Agent,Ornstein-Uhlenbeck Generator,020,10000,0.0,-450,-0.045
SGD Classifier Agent,Ornstein-Uhlenbeck Generator,021,10000,0.0,-546,-0.0546
SGD Classifier Agent,Ornstein-Uhlenbeck Generator,022,10000,0.0,-434,-0.0434
SGD Classifier Agent,Ornstein-Uhlenbeck Generator,023,10000,0.0,-672,-0.0672
SGD Classifier Agent,Ornstein-Uhlenbeck Generator,024,10000,0.0,-424,-0.0424
SGD Classifier Agent,Ornstein-Uhlenbeck Generator,025,10000,0.0,-528,-0.0528
SGD Classifier Agent,Ornstein-Uhlenbeck Generator,026,10000,0.0,-482,-0.0482
SGD Classifier Agent,Ornstein-Uhlenbeck Generator,027,10000,0.0,-496,-0.0496
SGD Classifier Agent,Ornstein-Uhlenbeck Generator,028,10000,0.0,-278,-0.0278
SGD Classifier Agent,Ornstein-Uhlenbeck Generator,029,10000,0.0,-516,-0.0516
SGD Classifier Agent,Ornstein-Uhlenbeck Generator,030,10000,0.0,-414,-0.0414
SGD Classifier Agent,Ornstein-Uhlenbeck Generator,031,10000,0.0,-420,-0.042
SGD Classifier Agent,Ornstein-Uhlenbeck Generator,032,10000,0.0,-316,-0.0316
SGD Classifier Agent,Ornstein-Uhlenbeck Generator,033,10000,0.0,-382,-0.0382
SGD Classifier Agent,Ornstein-Uhlenbeck Generator,034,10000,0.0,-480,-0.048
SGD Classifier Agent,Ornstein-Uhlenbeck Generator,035,10000,0.0,-374,-0.0374
SGD Classifier Agent,Ornstein-Uhlenbeck Generator,036,10000,0.0,-290,-0.029
SGD Classifier Agent,Ornstein-Uhlenbeck Generator,037,10000,0.0,-490,-0.049
SGD Classifier Agent,Ornstein-Uhlenbeck Generator,038,10000,0.0,-558,-0.0558
SGD Classifier Agent,Ornstein-Uhlenbeck Generator,039,10000,0.0,-542,-0.0542
SGD Classifier Agent,Ornstein-Uhlenbeck Generator,040,10000,0.0,-464,-0.0464
SGD Classifier Agent,Ornstein-Uhlenbeck Generator,041,10000,0.0,-486,-0.0486
SGD Classifier Agent,Ornstein-Uhlenbeck Generator,042,10000,0.0,-608,-0.0608
SGD Classifier Agent,Ornstein-Uhlenbeck Generator,043,10000,0.0,-562,-0.0562
SGD Classifier Agent,Ornstein-Uhlenbeck Generator,044,10000,0.0,-564,-0.0564
SGD Classifier Agent,Ornstein-Uhlenbeck Generator,045,10000,0.0,-332,-0.0332
SGD Classifier Agent,Ornstein-Uhlenbeck Generator,046,10000,0.0,-348,-0.0348
SGD Classifier Agent,Ornstein-Uhlenbeck Generator,047,10000,0.0,-476,-0.0476
SGD Classifier Agent,Ornstein-Uhlenbeck Generator,048,10000,0.0,-520,-0.052
SGD Classifier Agent,Ornstein-Uhlenbeck Generator,049,10000,0.0,-576,-0.0576
SGD Classifier Agent,Ornstein-Uhlenbeck Generator,050,10000,0.0,-260,-0.026
SGD Classifier Agent,Ornstein-Uhlenbeck Generator,051,10000,0.0,-510,-0.051
SGD Classifier Agent,Ornstein-Uhlenbeck Generator,052,10000,0.0,-474,-0.0474
SGD Classifier Agent,Ornstein-Uhlenbeck Generator,053,10000,0.0,-522,-0.0522
SGD Classifier Agent,Ornstein-Uhlenbeck Generator,054,10000,0.0,-322,-0.0322
SGD Classifier Agent,Ornstein-Uhlenbeck Generator,055,10000,0.0,-418,-0.0418
SGD Classifier Agent,Ornstein-Uhlenbeck Generator,056,10000,0.0,-484,-0.0484
SGD Classifier Agent,Ornstein-Uhlenbeck Generator,057,10000,0.0,-398,-0.0398
SGD Classifier Agent,Ornstein-Uhlenbeck Generator,058,10000,0.0,-362,-0.0362
SGD Classifier Agent,Ornstein-Uhlenbeck Generator,059,10000,0.0,-652,-0.0652
SGD Classifier Agent,Ornstein-Uhlenbeck Generator,060,10000,0.0,-498,-0.0498
SGD Classifier Agent,Ornstein-Uhlenbeck Generator,061,10000,0.0,-516,-0.0516
SGD Classifier Agent,Ornstein-Uhlenbeck Generator,062,10000,0.0,-476,-0.0476
SGD Classifier Agent,Ornstein-Uhlenbeck Generator,063,10000,0.0,-618,-0.0618
SGD Classifier Agent,Ornstein-Uhlenbeck Generator,064,10000,0.0,-464,-0.0464
SGD Classifier Agent,Ornstein-Uhlenbeck Generator,065,10000,0.0,-490,-0.049
SGD Classifier Agent,Ornstein-Uhlenbeck Generator,066,10000,0.0,-190,-0.019
SGD Classifier Agent,Ornstein-Uhlenbeck Generator,067,10000,0.0,-464,-0.0464
SGD Classifier Agent,Ornstein-Uhlenbeck Generator,068,10000,0.0,-318,-0.0318
SGD Classifier Agent,Ornstein-Uhlenbeck Generator,069,10000,0.0,-564,-0.0564
SGD Classifier Agent,Ornstein-Uhlenbeck Generator,070,10000,0.0,-498,-0.0498
SGD Classifier Agent,Ornstein-Uhlenbeck Generator,071,10000,0.0,-458,-0.0458
SGD Classifier Agent,Ornstein-Uhlenbeck Generator,072,10000,0.0,-622,-0.0622
SGD Classifier Agent,Ornstein-Uhlenbeck Generator,073,10000,0.0,-374,-0.0374
SGD Classifier Agent,Ornstein-Uhlenbeck Generator,074,10000,0.0,-598,-0.0598
SGD Classifier Agent,Ornstein-Uhlenbeck Generator,075,10000,0.0,-452,-0.0452
SGD Classifier Agent,Ornstein-Uhlenbeck Generator,076,10000,0.0,-444,-0.0444
SGD Classifier Agent,Ornstein-Uhlenbeck Generator,077,10000,0.0,-546,-0.0546
SGD Classifier Agent,Ornstein-Uhlenbeck Generator,078,10000,0.0,-454,-0.0454
SGD Classifier Agent,Ornstein-Uhlenbeck Generator,079,10000,0.0,-498,-0.0498
SGD Classifier Agent,Ornstein-Uhlenbeck Generator,080,10000,0.0,-294,-0.0294
SGD Classifier Agent,Ornstein-Uhlenbeck Generator,081,10000,0.0,-540,-0.054
SGD Classifier Agent,Ornstein-Uhlenbeck Generator,082,10000,0.0,-410,-0.041
SGD Classifier Agent,Ornstein-Uhlenbeck Generator,083,10000,0.0,-346,-0.0346
SGD Classifier Agent,Ornstein-Uhlenbeck Generator,084,10000,0.0,-558,-0.0558
SGD Classifier Agent,Ornstein-Uhlenbeck Generator,085,10000,0.0,-576,-0.0576
SGD Classifier Agent,Ornstein-Uhlenbeck Generator,086,10000,0.0,-566,-0.0566
SGD Classifier Agent,Ornstein-Uhlenbeck Generator,087,10000,0.0,-458,-0.0458
SGD Classifier Agent,Ornstein-Uhlenbeck Generator,088,10000,0.0,-516,-0.0516
SGD Classifier Agent,Ornstein-Uhlenbeck Generator,089,10000,0.0,-658,-0.0658
SGD Classifier Agent,Ornstein-Uhlenbeck Generator,090,10000,0.0,-420,-0.042
SGD Classifier Agent,Ornstein-Uhlenbeck Generator,091,10000,0.0,-428,-0.0428
SGD Classifier Agent,Ornstein-Uhlenbeck Generator,092,10000,0.0,-404,-0.0404
SGD Classifier Agent,Ornstein-Uhlenbeck Generator,093,10000,0.0,-324,-0.0324
SGD Classifier Agent,Ornstein-Uhlenbeck Generator,094,10000,0.0,-442,-0.0442
SGD Classifier Agent,Ornstein-Uhlenbeck Generator,095,10000,0.0,-360,-0.036
SGD Classifier Agent,Ornstein-Uhlenbeck Generator,096,10000,0.0,-438,-0.0438
SGD Classifier Agent,Ornstein-Uhlenbeck Generator,097,10000,0.0,-298,-0.0298
SGD Classifier Agent,Ornstein-Uhlenbeck Generator,098,10000,0.0,-536,-0.0536
SGD Classifier Agent,Ornstein-Uhlenbeck Generator,099,10000,0.0,-516,-0.0516
SGD Classifier Agent,Ornstein-Uhlenbeck Generator,100,10000,0.0,-270,-0.027
SGD Classifier Agent,Periodic Trend Generator,001,10000,0.0,9096,0.9096
SGD Classifier Agent,Periodic Trend Generator,002,10000,0.0,9096,0.9096
SGD Classifier Agent,Periodic Trend Generator,003,10000,0.0,9096,0.9096
SGD Classifier Agent,Periodic Trend Generator,004,10000,0.0,9096,0.9096
SGD Classifier Agent,Periodic Trend Generator,005,10000,0.0,9096,0.9096
SGD Classifier Agent,Periodic Trend Generator,006,10000,0.0,9096,0.9096
SGD Classifier Agent,Periodic Trend Generator,007,10000,0.0,9096,0.9096
SGD Classifier Agent,Periodic Trend Generator,008,10000,0.0,9096,0.9096
SGD Classifier Agent,Periodic Trend Generator,009,10000,0.0,9096,0.9096
SGD Classifier Agent,Periodic Trend Generator,010,10000,0.0,9096,0.9096
SGD Classifier Agent,Periodic Trend Generator,011,10000,0.0,9096,0.9096
SGD Classifier Agent,Periodic Trend Generator,012,10000,0.0,9096,0.9096
SGD Classifier Agent,Periodic Trend Generator,013,10000,0.0,9096,0.9096
SGD Classifier Agent,Periodic Trend Generator,014,10000,0.0,9096,0.9096
SGD Classifier Agent,Periodic Trend Generator,015,10000,0.0,9096,0.9096
SGD Classifier Agent,Periodic Trend Generator,016,10000,0.0,9096,0.9096
SGD Classifier Agent,Periodic Trend Generator,017,10000,0.0,9096,0.9096
SGD Classifier Agent,Periodic Trend Generator,018,10000,0.0,9096,0.9096
SGD Classifier Agent,Periodic Trend Generator,019,10000,0.0,9096,0.9096
SGD Classifier Agent,Periodic Trend Generator,020,10000,0.0,9096,0.9096
SGD Classifier Agent,Periodic Trend Generator,021,10000,0.0,9096,0.9096
SGD Classifier Agent,Periodic Trend Generator,022,10000,0.0,9096,0.9096
SGD Classifier Agent,Periodic Trend Generator,023,10000,0.0,9096,0.9096
SGD Classifier Agent,Periodic Trend Generator,024,10000,0.0,9096,0.9096
SGD Classifier Agent,Periodic Trend Generator,025,10000,0.0,9096,0.9096
SGD Classifier Agent,Periodic Trend Generator,026,10000,0.0,9096,0.9096
SGD Classifier Agent,Periodic Trend Generator,027,10000,0.0,9096,0.9096
SGD Classifier Agent,Periodic Trend Generator,028,10000,0.0,9096,0.9096
SGD Classifier Agent,Periodic Trend Generator,029,10000,0.0,9096,0.9096
SGD Classifier Agent,Periodic Trend Generator,030,10000,0.0,9096,0.9096
SGD Classifier Agent,Periodic Trend Generator,031,10000,0.0,9096,0.9096
SGD Classifier Agent,Periodic Trend Generator,032,10000,0.0,9096,0.9096
SGD Classifier Agent,Periodic Trend Generator,033,10000,0.0,9096,0.9096
SGD Classifier Agent,Periodic Trend Generator,034,10000,0.0,9096,0.9096
SGD Classifier Agent,Periodic Trend Generator,035,10000,0.0,9096,0.9096
SGD Classifier Agent,Periodic Trend Generator,036,10000,0.0,9096,0.9096
SGD Classifier Agent,Periodic Trend Generator,037,10000,0.0,9096,0.9096
SGD Classifier Agent,Periodic Trend Generator,038,10000,0.0,9096,0.9096
SGD Classifier Agent,Periodic Trend Generator,039,10000,0.0,9096,0.9096
SGD Classifier Agent,Periodic Trend Generator,040,10000,0.0,9096,0.9096
SGD Classifier Agent,Periodic Trend Generator,041,10000,0.0,9096,0.9096
SGD Classifier Agent,Periodic Trend Generator,042,10000,0.0,9096,0.9096
SGD Classifier Agent,Periodic Trend Generator,043,10000,0.0,9096,0.9096
SGD Classifier Agent,Periodic Trend Generator,044,10000,0.0,9096,0.9096
SGD Classifier Agent,Periodic Trend Generator,045,10000,0.0,9096,0.9096
SGD Classifier Agent,Periodic Trend Generator,046,10000,0.0,9096,0.9096
SGD Classifier Agent,Periodic Trend Generator,047,10000,0.0,9096,0.9096
SGD Classifier Agent,Periodic Trend Generator,048,10000,0.0,9096,0.9096
SGD Classifier Agent,Periodic Trend Generator,049,10000,0.0,9096,0.9096
SGD Classifier Agent,Periodic Trend Generator,050,10000,0.0,9096,0.9096
SGD Classifier Agent,Periodic Trend Generator,051,10000,0.0,9096,0.9096
SGD Classifier Agent,Periodic Trend Generator,052,10000,0.0,9096,0.9096
SGD Classifier Agent,Periodic Trend Generator,053,10000,0.0,9096,0.9096
SGD Classifier Agent,Periodic Trend Generator,054,10000,0.0,9096,0.9096
SGD Classifier Agent,Periodic Trend Generator,055,10000,0.0,9096,0.9096
SGD Classifier Agent,Periodic Trend Generator,056,10000,0.0,9096,0.9096
SGD Classifier Agent,Periodic Trend Generator,057,10000,0.0,9096,0.9096
SGD Classifier Agent,Periodic Trend Generator,058,10000,0.0,9096,0.9096
SGD Classifier Agent,Periodic Trend Generator,059,10000,0.0,9096,0.9096
SGD Classifier Agent,Periodic Trend Generator,060,10000,0.0,9096,0.9096
SGD Classifier Agent,Periodic Trend Generator,061,10000,0.0,9096,0.9096
SGD Classifier Agent,Periodic Trend Generator,062,10000,0.0,9096,0.9096
SGD Classifier Agent,Periodic Trend Generator,063,10000,0.0,9096,0.9096
SGD Classifier Agent,Periodic Trend Generator,064,10000,0.0,9096,0.9096
SGD Classifier Agent,Periodic Trend Generator,065,10000,0.0,9096,0.9096
SGD Classifier Agent,Periodic Trend Generator,066,10000,0.0,9096,0.9096
SGD Classifier Agent,Periodic Trend Generator,067,10000,0.0,9096,0.9096
SGD Classifier Agent,Periodic Trend Generator,068,10000,0.0,9096,0.9096
SGD Classifier Agent,Periodic Trend Generator,069,10000,0.0,9096,0.9096
SGD Classifier Agent,Periodic Trend Generator,070,10000,0.0,9096,0.9096
SGD Classifier Agent,Periodic Trend Generator,071,10000,0.0,9096,0.9096
SGD Classifier Agent,Periodic Trend Generator,072,10000,0.0,9096,0.9096
SGD Classifier Agent,Periodic Trend Generator,073,10000,0.0,9096,0.9096
SGD Classifier Agent,Periodic Trend Generator,074,10000,0.0,9096,0.9096
SGD Classifier Agent,Periodic Trend Generator,075,10000,0.0,9096,0.9096
SGD Classifier Agent,Periodic Trend Generator,076,10000,0.0,9096,0.9096
SGD Classifier Agent,Periodic Trend Generator,077,10000,0.0,9096,0.9096
SGD Classifier Agent,Periodic Trend Generator,078,10000,0.0,9096,0.9096
SGD Classifier Agent,Periodic Trend Generator,079,10000,0.0,9096,0.9096
SGD Classifier Agent,Periodic Trend Generator,080,10000,0.0,9096,0.9096
SGD Classifier Agent,Periodic Trend Generator,081,10000,0.0,9096,0.9096
SGD Classifier Agent,Periodic Trend Generator,082,10000,0.0,9096,0.9096
SGD Classifier Agent,Periodic Trend Generator,083,10000,0.0,9096,0.9096
SGD Classifier Agent,Periodic Trend Generator,084,10000,0.0,9096,0.9096
SGD Classifier Agent,Periodic Trend Generator,085,10000,0.0,9096,0.9096
SGD Classifier Agent,Periodic Trend Generator,086,10000,0.0,9096,0.9096
SGD Classifier Agent,Periodic Trend Generator,087,10000,0.0,9096,0.9096
SGD Classifier Agent,Periodic Trend Generator,088,10000,0.0,9096,0.9096
SGD Classifier Agent,Periodic Trend Generator,089,10000,0.0,9096,0.9096
SGD Classifier Agent,Periodic Trend Generator,090,10000,0.0,9096,0.9096
SGD Classifier Agent,Periodic Trend Generator,091,10000,0.0,9096,0.9096
SGD Classifier Agent,Periodic Trend Generator,092,10000,0.0,9096,0.9096
SGD Classifier Agent,Periodic Trend Generator,093,10000,0.0,9096,0.9096
SGD Classifier Agent,Periodic Trend Generator,094,10000,0.0,9096,0.9096
SGD Classifier Agent,Periodic Trend Generator,095,10000,0.0,9096,0.9096
SGD Classifier Agent,Periodic Trend Generator,096,10000,0.0,9096,0.9096
SGD Classifier Agent,Periodic Trend Generator,097,10000,0.0,9096,0.9096
SGD Classifier Agent,Periodic Trend Generator,098,10000,0.0,9096,0.9096
SGD Classifier Agent,Periodic Trend Generator,099,10000,0.0,9096,0.9096
SGD Classifier Agent,Periodic Trend Generator,100,10000,0.0,9096,0.9096
SGD Classifier Agent,Random Walk Generator,001,10000,0.0,0,0.0
SGD Classifier Agent,Random Walk Generator,002,10000,0.0,-128,-0.0128
SGD Classifier Agent,Random Walk Generator,003,10000,0.0,8,0.0008
SGD Classifier Agent,Random Walk Generator,004,10000,0.0,54,0.0054
SGD Classifier Agent,Random Walk Generator,005,10000,0.0,-80,-0.008
SGD Classifier Agent,Random Walk Generator,006,10000,0.0,-248,-0.0248
SGD Classifier Agent,Random Walk Generator,007,10000,0.0,-180,-0.018
SGD Classifier Agent,Random Walk Generator,008,10000,0.0,62,0.0062
SGD Classifier Agent,Random Walk Generator,009,10000,0.0,24,0.0024
SGD Classifier Agent,Random Walk Generator,010,10000,0.0,4,0.0004
SGD Classifier Agent,Random Walk Generator,011,10000,0.0,-32,-0.0032
SGD Classifier Agent,Random Walk Generator,012,10000,0.0,-74,-0.0074
SGD Classifier Agent,Random Walk Generator,013,10000,0.0,80,0.008
SGD Classifier Agent,Random Walk Generator,014,10000,0.0,34,0.0034
SGD Classifier Agent,Random Walk Generator,015,10000,0.0,50,0.005
SGD Classifier Agent,Random Walk Generator,016,10000,0.0,-50,-0.005
SGD Classifier Agent,Random Walk Generator,017,10000,0.0,104,0.0104
SGD Classifier Agent,Random Walk Generator,018,10000,0.0,62,0.0062
SGD Classifier Agent,Random Walk Generator,019,10000,0.0,-290,-0.029
SGD Classifier Agent,Random Walk Generator,020,10000,0.0,24,0.0024
SGD Classifier Agent,Random Walk Generator,021,10000,0.0,12,0.0012
SGD Classifier Agent,Random Walk Generator,022,10000,0.0,104,0.0104
SGD Classifier Agent,Random Walk Generator,023,10000,0.0,-90,-0.009
SGD Classifier Agent,Random Walk Generator,024,10000,0.0,14,0.0014
SGD Classifier Agent,Random Walk Generator,025,10000,0.0,-104,-0.0104
SGD Classifier Agent,Random Walk Generator,026,10000,0.0,-76,-0.0076
SGD Classifier Agent,Random Walk Generator,027,10000,0.0,172,0.0172
SGD Classifier Agent,Random Walk Generator,028,10000,0.0,204,0.0204
SGD Classifier Agent,Random Walk Generator,029,10000,0.0,34,0.0034
SGD Classifier Agent,Random Walk Generator,030,10000,0.0,-270,-0.027
SGD Classifier Agent,Random Walk Generator,031,10000,0.0,188,0.0188
SGD Classifier Agent,Random Walk Generator,032,10000,0.0,-82,-0.0082
SGD Classifier Agent,Random Walk Generator,033,10000,0.0,0,0.0
SGD Classifier Agent,Random Walk Generator,034,10000,0.0,-6,-0.0006
SGD Classifier Agent,Random Walk Generator,035,10000,0.0,2,0.0002
SGD Classifier Agent,Random Walk Generator,036,10000,0.0,-30,-0.003
SGD Classifier Agent,Random Walk Generator,037,10000,0.0,50,0.005
SGD Classifier Agent,Random Walk Generator,038,10000,0.0,-2,-0.0002
SGD Classifier Agent,Random Walk Generator,039,10000,0.0,-22,-0.0022
SGD Classifier Agent,Random Walk Generator,040,10000,0.0,-32,-0.0032
SGD Classifier Agent,Random Walk Generator,041,10000,0.0,-164,-0.0164
SGD Classifier Agent,Random Walk Generator,042,10000,0.0,-282,-0.0282
SGD Classifier Agent,Random Walk Generator,043,10000,0.0,82,0.0082
SGD Classifier Agent,Random Walk Generator,044,10000,0.0,-40,-0.004
SGD Classifier Agent,Random Walk Generator,045,10000,0.0,-134,-0.0134
SGD Classifier Agent,Random Walk Generator,046,10000,0.0,-66,-0.0066
SGD Classifier Agent,Random Walk Generator,047,10000,0.0,-20,-0.002
SGD Classifier Agent,Random Walk Generator,048,10000,0.0,-114,-0.0114
SGD Classifier Agent,Random Walk Generator,049,10000,0.0,116,0.0116
SGD Classifier Agent,Random Walk Generator,050,10000,0.0,-50,-0.005
SGD Classifier Agent,Random Walk Generator,051,10000,0.0,8,0.0008
SGD Classifier Agent,Random Walk Generator,052,10000,0.0,118,0.0118
SGD Classifier Agent,Random Walk Generator,053,10000,0.0,-44,-0.0044
SGD Classifier Agent,Random Walk Generator,054,10000,0.0,-96,-0.0096
SGD Classifier Agent,Random Walk Generator,055,10000,0.0,-52,-0.0052
SGD Classifier Agent,Random Walk Generator,056,10000,0.0,-20,-0.002
SGD Classifier Agent,Random Walk Generator,057,10000,0.0,-196,-0.0196
SGD Classifier Agent,Random Walk Generator,058,10000,0.0,-8,-0.0008
SGD Classifier Agent,Random Walk Generator,059,10000,0.0,118,0.0118
SGD Classifier Agent,Random Walk Generator,060,10000,0.0,174,0.0174
SGD Classifier Agent,Random Walk Generator,061,10000,0.0,82,0.0082
SGD Classifier Agent,Random Walk Generator,062,10000,0.0,-18,-0.0018
SGD Classifier Agent,Random Walk Generator,063,10000,0.0,-272,-0.0272
SGD Classifier Agent,Random Walk Generator,064,10000,0.0,-8,-0.0008
SGD Classifier Agent,Random Walk Generator,065,10000,0.0,-42,-0.0042
SGD Classifier Agent,Random Walk Generator,066,10000,0.0,-156,-0.0156
SGD Classifier Agent,Random Walk Generator,067,10000,0.0,-86,-0.0086
SGD Classifier Agent,Random Walk Generator,068,10000,0.0,-164,-0.0164
SGD Classifier Agent,Random Walk Generator,069,10000,0.0,108,0.0108
SGD Classifier Agent,Random Walk Generator,070,10000,0.0,-32,-0.0032
SGD Classifier Agent,Random Walk Generator,071,10000,0.0,-190,-0.019
SGD Classifier Agent,Random Walk Generator,072,10000,0.0,22,0.0022
SGD Classifier Agent,Random Walk Generator,073,10000,0.0,66,0.0066
SGD Classifier Agent,Random Walk Generator,074,10000,0.0,-50,-0.005
SGD Classifier Agent,Random Walk Generator,075,10000,0.0,-58,-0.0058
SGD Classifier Agent,Random Walk Generator,076,10000,0.0,42,0.0042
SGD Classifier Agent,Random Walk Generator,077,10000,0.0,26,0.0026
SGD Classifier Agent,Random Walk Generator,078,10000,0.0,-54,-0.0054
SGD Classifier Agent,Random Walk Generator,079,10000,0.0,72,0.0072
SGD Classifier Agent,Random Walk Generator,080,10000,0.0,52,0.0052
SGD Classifier Agent,Random Walk Generator,081,10000,0.0,-60,-0.006
SGD Classifier Agent,Random Walk Generator,082,10000,0.0,-200,-0.02
SGD Classifier Agent,Random Walk Generator,083,10000,0.0,-96,-0.0096
SGD Classifier Agent,Random Walk Generator,084,10000,0.0,-174,-0.0174
SGD Classifier Agent,Random Walk Generator,085,10000,0.0,-92,-0.0092
SGD Classifier Agent,Random Walk Generator,086,10000,0.0,-78,-0.0078
SGD Classifier Agent,Random Walk Generator,087,10000,0.0,36,0.0036
SGD Classifier Agent,Random Walk Generator,088,10000,0.0,-264,-0.0264
SGD Classifier Agent,Random Walk Generator,089,10000,0.0,-206,-0.0206
SGD Classifier Agent,Random Walk Generator,090,10000,0.0,48,0.0048
SGD Classifier Agent,Random Walk Generator,091,10000,0.0,-48,-0.0048
SGD Classifier Agent,Random Walk Generator,092,10000,0.0,72,0.0072
SGD Classifier Agent,Random Walk Generator,093,10000,0.0,54,0.0054
SGD Classifier Agent,Random Walk Generator,094,10000,0.0,132,0.0132
SGD Classifier Agent,Random Walk Generator,095,10000,0.0,-20,-0.002
SGD Classifier Agent,Random Walk Generator,096,10000,0.0,-4,-0.0004
SGD Classifier Agent,Random Walk Generator,097,10000,0.0,96,0.0096
SGD Classifier Agent,Random Walk Generator,098,10000,0.0,156,0.0156
SGD Classifier Agent,Random Walk Generator,099,10000,0.0,214,0.0214
SGD Classifier Agent,Random Walk Generator,100,10000,0.0,14,0.0014
Static Mean Reversion Agent,Constant Generator,001,10000,0.0,-10000,-1.0
Static Mean Reversion Agent,Constant Generator,002,10000,0.0,-10000,-1.0
Static Mean Reversion Agent,Constant Generator,003,10000,0.0,-10000,-1.0
Static Mean Reversion Agent,Constant Generator,004,10000,0.0,-10000,-1.0
Static Mean Reversion Agent,Constant Generator,005,10000,0.0,-10000,-1.0
Static Mean Reversion Agent,Constant Generator,006,10000,0.0,-10000,-1.0
Static Mean Reversion Agent,Constant Generator,007,10000,0.0,-10000,-1.0
Static Mean Reversion Agent,Constant Generator,008,10000,0.0,-10000,-1.0
Static Mean Reversion Agent,Constant Generator,009,10000,0.0,-10000,-1.0
Static Mean Reversion Agent,Constant Generator,010,10000,0.0,-10000,-1.0
Static Mean Reversion Agent,Constant Generator,011,10000,0.0,-10000,-1.0
Static Mean Reversion Agent,Constant Generator,012,10000,0.0,-10000,-1.0
Static Mean Reversion Agent,Constant Generator,013,10000,0.0,-10000,-1.0
Static Mean Reversion Agent,Constant Generator,014,10000,0.0,-10000,-1.0
Static Mean Reversion Agent,Constant Generator,015,10000,0.0,-10000,-1.0
Static Mean Reversion Agent,Constant Generator,016,10000,0.0,-10000,-1.0
Static Mean Reversion Agent,Constant Generator,017,10000,0.0,-10000,-1.0
Static Mean Reversion Agent,Constant Generator,018,10000,0.0,-10000,-1.0
Static Mean Reversion Agent,Constant Generator,019,10000,0.0,-10000,-1.0
Static Mean Reversion Agent,Constant Generator,020,10000,0.0,-10000,-1.0
Static Mean Reversion Agent,Constant Generator,021,10000,0.0,-10000,-1.0
Static Mean Reversion Agent,Constant Generator,022,10000,0.0,-10000,-1.0
Static Mean Reversion Agent,Constant Generator,023,10000,0.0,-10000,-1.0
Static Mean Reversion Agent,Constant Generator,024,10000,0.0,-10000,-1.0
Static Mean Reversion Agent,Constant Generator,025,10000,0.0,-10000,-1.0
Static Mean Reversion Agent,Constant Generator,026,10000,0.0,-10000,-1.0
Static Mean Reversion Agent,Constant Generator,027,10000,0.0,-10000,-1.0
Static Mean Reversion Agent,Constant Generator,028,10000,0.0,-10000,-1.0
Static Mean Reversion Agent,Constant Generator,029,10000,0.0,-10000,-1.0
Static Mean Reversion Agent,Constant Generator,030,10000,0.0,-10000,-1.0
Static Mean Reversion Agent,Constant Generator,031,10000,0.0,-10000,-1.0
Static Mean Reversion Agent,Constant Generator,032,10000,0.0,-10000,-1.0
Static Mean Reversion Agent,Constant Generator,033,10000,0.0,-10000,-1.0
Static Mean Reversion Agent,Constant Generator,034,10000,0.0,-10000,-1.0
Static Mean Reversion Agent,Constant Generator,035,10000,0.0,-10000,-1.0
Static Mean Reversion Agent,Constant Generator,036,10000,0.0,-10000,-1.0
Static Mean Reversion Agent,Constant Generator,037,10000,0.0,-10000,-1.0
Static Mean Reversion Agent,Constant Generator,038,10000,0.0,-10000,-1.0
Static Mean Reversion Agent,Constant Generator,039,10000,0.0,-10000,-1.0
Static Mean Reversion Agent,Constant Generator,040,10000,0.0,-10000,-1.0
Static Mean Reversion Agent,Constant Generator,041,10000,0.0,-10000,-1.0
Static Mean Reversion Agent,Constant Generator,042,10000,0.0,-10000,-1.0
Static Mean Reversion Agent,Constant Generator,043,10000,0.0,-10000,-1.0
Static Mean Reversion Agent,Constant Generator,044,10000,0.0,-10000,-1.0
Static Mean Reversion Agent,Constant Generator,045,10000,0.0,-10000,-1.0
Static Mean Reversion Agent,Constant Generator,046,10000,0.0,-10000,-1.0
Static Mean Reversion Agent,Constant Generator,047,10000,0.0,-10000,-1.0
Static Mean Reversion Agent,Constant Generator,048,10000,0.0,-10000,-1.0
Static Mean Reversion Agent,Constant Generator,049,10000,0.0,-10000,-1.0
Static Mean Reversion Agent,Constant Generator,050,10000,0.0,-10000,-1.0
Static Mean Reversion Agent,Constant Generator,051,10000,0.0,-10000,-1.0
Static Mean Reversion Agent,Constant Generator,052,10000,0.0,-10000,-1.0
Static Mean Reversion Agent,Constant Generator,053,10000,0.0,-10000,-1.0
Static Mean Reversion Agent,Constant Generator,054,10000,0.0,-10000,-1.0
Static Mean Reversion Agent,Constant Generator,055,10000,0.0,-10000,-1.0
Static Mean Reversion Agent,Constant Generator,056,10000,0.0,-10000,-1.0
Static Mean Reversion Agent,Constant Generator,057,10000,0.0,-10000,-1.0
Static Mean Reversion Agent,Constant Generator,058,10000,0.0,-10000,-1.0
Static Mean Reversion Agent,Constant Generator,059,10000,0.0,-10000,-1.0
Static Mean Reversion Agent,Constant Generator,060,10000,0.0,-10000,-1.0
Static Mean Reversion Agent,Constant Generator,061,10000,0.0,-10000,-1.0
Static Mean Reversion Agent,Constant Generator,062,10000,0.0,-10000,-1.0
Static Mean Reversion Agent,Constant Generator,063,10000,0.0,-10000,-1.0
Static Mean Reversion Agent,Constant Generator,064,10000,0.0,-10000,-1.0
Static Mean Reversion Agent,Constant Generator,065,10000,0.0,-10000,-1.0
Static Mean Reversion Agent,Constant Generator,066,10000,0.0,-10000,-1.0
Static Mean Reversion Agent,Constant Generator,067,10000,0.0,-10000,-1.0
Static Mean Reversion Agent,Constant Generator,068,10000,0.0,-10000,-1.0
Static Mean Reversion Agent,Constant Generator,069,10000,0.0,-10000,-1.0
Static Mean Reversion Agent,Constant Generator,070,10000,0.0,-10000,-1.0
Static Mean Reversion Agent,Constant Generator,071,10000,0.0,-10000,-1.0
Static Mean Reversion Agent,Constant Generator,072,10000,0.0,-10000,-1.0
Static Mean Reversion Agent,Constant Generator,073,10000,0.0,-10000,-1.0
Static Mean Reversion Agent,Constant Generator,074,10000,0.0,-10000,-1.0
Static Mean Reversion Agent,Constant Generator,075,10000,0.0,-10000,-1.0
Static Mean Reversion Agent,Constant Generator,076,10000,0.0,-10000,-1.0
Static Mean Reversion Agent,Constant Generator,077,10000,0.0,-10000,-1.0
Static Mean Reversion Agent,Constant Generator,078,10000,0.0,-10000,-1.0
Static Mean Reversion Agent,Constant Generator,079,10000,0.0,-10000,-1.0
Static Mean Reversion Agent,Constant Generator,080,10000,0.0,-10000,-1.0
Static Mean Reversion Agent,Constant Generator,081,10000,0.0,-10000,-1.0
Static Mean Reversion Agent,Constant Generator,082,10000,0.0,-10000,-1.0
Static Mean Reversion Agent,Constant Generator,083,10000,0.0,-10000,-1.0
Static Mean Reversion Agent,Constant Generator,084,10000,0.0,-10000,-1.0
Static Mean Reversion Agent,Constant Generator,085,10000,0.0,-10000,-1.0
Static Mean Reversion Agent,Constant Generator,086,10000,0.0,-10000,-1.0
Static Mean Reversion Agent,Constant Generator,087,10000,0.0,-10000,-1.0
Static Mean Reversion Agent,Constant Generator,088,10000,0.0,-10000,-1.0
Static Mean Reversion Agent,Constant Generator,089,10000,0.0,-10000,-1.0
Static Mean Reversion Agent,Constant Generator,090,10000,0.0,-10000,-1.0
Static Mean Reversion Agent,Constant Generator,091,10000,0.0,-10000,-1.0
Static Mean Reversion Agent,Constant Generator,092,10000,0.0,-10000,-1.0
Static Mean Reversion Agent,Constant Generator,093,10000,0.0,-10000,-1.0
Static Mean Reversion Agent,Constant Generator,094,10000,0.0,-10000,-1.0
Static Mean Reversion Agent,Constant Generator,095,10000,0.0,-10000,-1.0
Static Mean Reversion Agent,Constant Generator,096,10000,0.0,-10000,-1.0
Static Mean Reversion Agent,Constant Generator,097,10000,0.0,-10000,-1.0
Static Mean Reversion Agent,Constant Generator,098,10000,0.0,-10000,-1.0
Static Mean Reversion Agent,Constant Generator,099,10000,0.0,-10000,-1.0
Static Mean Reversion Agent,Constant Generator,100,10000,0.0,-10000,-1.0
Static Mean Reversion Agent,Linear Trend Generator,001,10000,0.0,-10000,-1.0
Static Mean Reversion Agent,Linear Trend Generator,002,10000,0.0,-10000,-1.0
Static Mean Reversion Agent,Linear Trend Generator,003,10000,0.0,-10000,-1.0
Static Mean Reversion Agent,Linear Trend Generator,004,10000,0.0,-10000,-1.0
Static Mean Reversion Agent,Linear Trend Generator,005,10000,0.0,-10000,-1.0
Static Mean Reversion Agent,Linear Trend Generator,006,10000,0.0,-10000,-1.0
Static Mean Reversion Agent,Linear Trend Generator,007,10000,0.0,-10000,-1.0
Static Mean Reversion Agent,Linear Trend Generator,008,10000,0.0,-10000,-1.0
Static Mean Reversion Agent,Linear Trend Generator,009,10000,0.0,-10000,-1.0
Static Mean Reversion Agent,Linear Trend Generator,010,10000,0.0,-10000,-1.0
Static Mean Reversion Agent,Linear Trend Generator,011,10000,0.0,-10000,-1.0
Static Mean Reversion Agent,Linear Trend Generator,012,10000,0.0,-10000,-1.0
Static Mean Reversion Agent,Linear Trend Generator,013,10000,0.0,-10000,-1.0
Static Mean Reversion Agent,Linear Trend Generator,014,10000,0.0,-10000,-1.0
Static Mean Reversion Agent,Linear Trend Generator,015,10000,0.0,-10000,-1.0
Static Mean Reversion Agent,Linear Trend Generator,016,10000,0.0,-10000,-1.0
Static Mean Reversion Agent,Linear Trend Generator,017,10000,0.0,-10000,-1.0
Static Mean Reversion Agent,Linear Trend Generator,018,10000,0.0,-10000,-1.0
Static Mean Reversion Agent,Linear Trend Generator,019,10000,0.0,-10000,-1.0
Static Mean Reversion Agent,Linear Trend Generator,020,10000,0.0,-10000,-1.0
Static Mean Reversion Agent,Linear Trend Generator,021,10000,0.0,-10000,-1.0
Static Mean Reversion Agent,Linear Trend Generator,022,10000,0.0,-10000,-1.0
Static Mean Reversion Agent,Linear Trend Generator,023,10000,0.0,-10000,-1.0
Static Mean Reversion Agent,Linear Trend Generator,024,10000,0.0,-10000,-1.0
Static Mean Reversion Agent,Linear Trend Generator,025,10000,0.0,-10000,-1.0
Static Mean Reversion Agent,Linear Trend Generator,026,10000,0.0,-10000,-1.0
Static Mean Reversion Agent,Linear Trend Generator,027,10000,0.0,-10000,-1.0
Static Mean Reversion Agent,Linear Trend Generator,028,10000,0.0,-10000,-1.0
Static Mean Reversion Agent,Linear Trend Generator,029,10000,0.0,-10000,-1.0
Static Mean Reversion Agent,Linear Trend Generator,030,10000,0.0,-10000,-1.0
Static Mean Reversion Agent,Linear Trend Generator,031,10000,0.0,-10000,-1.0
Static Mean Reversion Agent,Linear Trend Generator,032,10000,0.0,-10000,-1.0
Static Mean Reversion Agent,Linear Trend Generator,033,10000,0.0,-10000,-1.0
Static Mean Reversion Agent,Linear Trend Generator,034,10000,0.0,-10000,-1.0
Static Mean Reversion Agent,Linear Trend Generator,035,10000,0.0,-10000,-1.0
Static Mean Reversion Agent,Linear Trend Generator,036,10000,0.0,-10000,-1.0
Static Mean Reversion Agent,Linear Trend Generator,037,10000,0.0,-10000,-1.0
Static Mean Reversion Agent,Linear Trend Generator,038,10000,0.0,-10000,-1.0
Static Mean Reversion Agent,Linear Trend Generator,039,10000,0.0,-10000,-1.0
Static Mean Reversion Agent,Linear Trend Generator,040,10000,0.0,-10000,-1.0
Static Mean Reversion Agent,Linear Trend Generator,041,10000,0.0,-10000,-1.0
Static Mean Reversion Agent,Linear Trend Generator,042,10000,0.0,-10000,-1.0
Static Mean Reversion Agent,Linear Trend Generator,043,10000,0.0,-10000,-1.0
Static Mean Reversion Agent,Linear Trend Generator,044,10000,0.0,-10000,-1.0
Static Mean Reversion Agent,Linear Trend Generator,045,10000,0.0,-10000,-1.0
Static Mean Reversion Agent,Linear Trend Generator,046,10000,0.0,-10000,-1.0
Static Mean Reversion Agent,Linear Trend Generator,047,10000,0.0,-10000,-1.0
Static Mean Reversion Agent,Linear Trend Generator,048,10000,0.0,-10000,-1.0
Static Mean Reversion Agent,Linear Trend Generator,049,10000,0.0,-10000,-1.0
Static Mean Reversion Agent,Linear Trend Generator,050,10000,0.0,-10000,-1.0
Static Mean Reversion Agent,Linear Trend Generator,051,10000,0.0,-10000,-1.0
Static Mean Reversion Agent,Linear Trend Generator,052,10000,0.0,-10000,-1.0
Static Mean Reversion Agent,Linear Trend Generator,053,10000,0.0,-10000,-1.0
Static Mean Reversion Agent,Linear Trend Generator,054,10000,0.0,-10000,-1.0
Static Mean Reversion Agent,Linear Trend Generator,055,10000,0.0,-10000,-1.0
Static Mean Reversion Agent,Linear Trend Generator,056,10000,0.0,-10000,-1.0
Static Mean Reversion Agent,Linear Trend Generator,057,10000,0.0,-10000,-1.0
Static Mean Reversion Agent,Linear Trend Generator,058,10000,0.0,-10000,-1.0
Static Mean Reversion Agent,Linear Trend Generator,059,10000,0.0,-10000,-1.0
Static Mean Reversion Agent,Linear Trend Generator,060,10000,0.0,-10000,-1.0
Static Mean Reversion Agent,Linear Trend Generator,061,10000,0.0,-10000,-1.0
Static Mean Reversion Agent,Linear Trend Generator,062,10000,0.0,-10000,-1.0
Static Mean Reversion Agent,Linear Trend Generator,063,10000,0.0,-10000,-1.0
Static Mean Reversion Agent,Linear Trend Generator,064,10000,0.0,-10000,-1.0
Static Mean Reversion Agent,Linear Trend Generator,065,10000,0.0,-10000,-1.0
Static Mean Reversion Agent,Linear Trend Generator,066,10000,0.0,-10000,-1.0
Static Mean Reversion Agent,Linear Trend Generator,067,10000,0.0,-10000,-1.0
Static Mean Reversion Agent,Linear Trend Generator,068,10000,0.0,-10000,-1.0
Static Mean Reversion Agent,Linear Trend Generator,069,10000,0.0,-10000,-1.0
Static Mean Reversion Agent,Linear Trend Generator,070,10000,0.0,-10000,-1.0
Static Mean Reversion Agent,Linear Trend Generator,071,10000,0.0,-10000,-1.0
Static Mean Reversion Agent,Linear Trend Generator,072,10000,0.0,-10000,-1.0
Static Mean Reversion Agent,Linear Trend Generator,073,10000,0.0,-10000,-1.0
Static Mean Reversion Agent,Linear Trend Generator,074,10000,0.0,-10000,-1.0
Static Mean Reversion Agent,Linear Trend Generator,075,10000,0.0,-10000,-1.0
Static Mean Reversion Agent,Linear Trend Generator,076,10000,0.0,-10000,-1.0
Static Mean Reversion Agent,Linear Trend Generator,077,10000,0.0,-10000,-1.0
Static Mean Reversion Agent,Linear Trend Generator,078,10000,0.0,-10000,-1.0
Static Mean Reversion Agent,Linear Trend Generator,079,10000,0.0,-10000,-1.0
Static Mean Reversion Agent,Linear Trend Generator,080,10000,0.0,-10000,-1.0
Static Mean Reversion Agent,Linear Trend Generator,081,10000,0.0,-10000,-1.0
Static Mean Reversion Agent,Linear Trend Generator,082,10000,0.0,-10000,-1.0
Static Mean Reversion Agent,Linear Trend Generator,083,10000,0.0,-10000,-1.0
Static Mean Reversion Agent,Linear Trend Generator,084,10000,0.0,-10000,-1.0
Static Mean Reversion Agent,Linear Trend Generator,085,10000,0.0,-10000,-1.0
Static Mean Reversion Agent,Linear Trend Generator,086,10000,0.0,-10000,-1.0
Static Mean Reversion Agent,Linear Trend Generator,087,10000,0.0,-10000,-1.0
Static Mean Reversion Agent,Linear Trend Generator,088,10000,0.0,-10000,-1.0
Static Mean Reversion Agent,Linear Trend Generator,089,10000,0.0,-10000,-1.0
Static Mean Reversion Agent,Linear Trend Generator,090,10000,0.0,-10000,-1.0
Static Mean Reversion Agent,Linear Trend Generator,091,10000,0.0,-10000,-1.0
Static Mean Reversion Agent,Linear Trend Generator,092,10000,0.0,-10000,-1.0
Static Mean Reversion Agent,Linear Trend Generator,093,10000,0.0,-10000,-1.0
Static Mean Reversion Agent,Linear Trend Generator,094,10000,0.0,-10000,-1.0
Static Mean Reversion Agent,Linear Trend Generator,095,10000,0.0,-10000,-1.0
Static Mean Reversion Agent,Linear Trend Generator,096,10000,0.0,-10000,-1.0
Static Mean Reversion Agent,Linear Trend Generator,097,10000,0.0,-10000,-1.0
Static Mean Reversion Agent,Linear Trend Generator,098,10000,0.0,-10000,-1.0
Static Mean Reversion Agent,Linear Trend Generator,099,10000,0.0,-10000,-1.0
Static Mean Reversion Agent,Linear Trend Generator,100,10000,0.0,-10000,-1.0
Static Mean Reversion Agent,Ornstein-Uhlenbeck Generator,001,10000,0.0,1770,0.177
Static Mean Reversion Agent,Ornstein-Uhlenbeck Generator,002,10000,0.0,1604,0.1604
Static Mean Reversion Agent,Ornstein-Uhlenbeck Generator,003,10000,0.0,1682,0.1682
Static Mean Reversion Agent,Ornstein-Uhlenbeck Generator,004,10000,0.0,1550,0.155
Static Mean Reversion Agent,Ornstein-Uhlenbeck Generator,005,10000,0.0,1708,0.1708
Static Mean Reversion Agent,Ornstein-Uhlenbeck Generator,006,10000,0.0,1652,0.1652
Static Mean Reversion Agent,Ornstein-Uhlenbeck Generator,007,10000,0.0,1612,0.1612
Static Mean Reversion Agent,Ornstein-Uhlenbeck Generator,008,10000,0.0,1676,0.1676
Static Mean Reversion Agent,Ornstein-Uhlenbeck Generator,009,10000,0.0,1734,0.1734
Static Mean Reversion Agent,Ornstein-Uhlenbeck Generator,010,10000,0.0,1652,0.1652
Static Mean Reversion Agent,Ornstein-Uhlenbeck Generator,011,10000,0.0,1728,0.1728
Static Mean Reversion Agent,Ornstein-Uhlenbeck Generator,012,10000,0.0,1696,0.1696
Static Mean Reversion Agent,Ornstein-Uhlenbeck Generator,013,10000,0.0,1714,0.1714
Static Mean Reversion Agent,Ornstein-Uhlenbeck Generator,014,10000,0.0,1716,0.1716
Static Mean Reversion Agent,Ornstein-Uhlenbeck Generator,015,10000,0.0,1632,0.1632
Static Mean Reversion Agent,Ornstein-Uhlenbeck Generator,016,10000,0.0,1720,0.172
Static Mean Reversion Agent,Ornstein-Uhlenbeck Generator,017,10000,0.0,1648,0.1648
Static Mean Reversion Agent,Ornstein-Uhlenbeck Generator,018,10000,0.0,1674,0.1674
Static Mean Reversion Agent,Ornstein-Uhlenbeck Generator,019,10000,0.0,1818,0.1818
Static Mean Reversion Agent,Ornstein-Uhlenbeck Generator,020,10000,0.0,1702,0.1702
Static Mean Reversion Agent,Ornstein-Uhlenbeck Generator,021,10000,0.0,1818,0.1818
Static Mean Reversion Agent,Ornstein-Uhlenbeck Generator,022,10000,0.0,1690,0.169
Static Mean Reversion Agent,Ornstein-Uhlenbeck Generator,023,10000,0.0,1720,0.172
Static Mean Reversion Agent,Ornstein-Uhlenbeck Generator,024,10000,0.0,1602,0.1602
Static Mean Reversion Agent,Ornstein-Uhlenbeck Generator,025,10000,0.0,1730,0.173
Static Mean Reversion Agent,Ornstein-Uhlenbeck Generator,026,10000,0.0,1734,0.1734
Static Mean Reversion Agent,Ornstein-Uhlenbeck Generator,027,10000,0.0,1674,0.1674
Static Mean Reversion Agent,Ornstein-Uhlenbeck Generator,028,10000,0.0,1676,0.1676
Static Mean Reversion Agent,Ornstein-Uhlenbeck Generator,029,10000,0.0,1738,0.1738
Static Mean Reversion Agent,Ornstein-Uhlenbeck Generator,030,10000,0.0,1848,0.1848
Static Mean Reversion Agent,Ornstein-Uhlenbeck Generator,031,10000,0.0,1662,0.1662
Static Mean Reversion Agent,Ornstein-Uhlenbeck Generator,032,10000,0.0,1812,0.1812
Static Mean Reversion Agent,Ornstein-Uhlenbeck Generator,033,10000,0.0,1544,0.1544
Static Mean Reversion Agent,Ornstein-Uhlenbeck Generator,034,10000,0.0,1766,0.1766
Static Mean Reversion Agent,Ornstein-Uhlenbeck Generator,035,10000,0.0,1690,0.169
Static Mean Reversion Agent,Ornstein-Uhlenbeck Generator,036,10000,0.0,1718,0.1718
Static Mean Reversion Agent,Ornstein-Uhlenbeck Generator,037,10000,0.0,1714,0.1714
Static Mean Reversion Agent,Ornstein-Uhlenbeck Generator,038,10000,0.0,1700,0.17
Static Mean Reversion Agent,Ornstein-Uhlenbeck Generator,039,10000,0.0,1742,0.1742
Static Mean Reversion Agent,Ornstein-Uhlenbeck Generator,040,10000,0.0,1706,0.1706
Static Mean Reversion Agent,Ornstein-Uhlenbeck Generator,041,10000,0.0,1930,0.193
Static Mean Reversion Agent,Ornstein-Uhlenbeck Generator,042,10000,0.0,1742,0.1742
Static Mean Reversion Agent,Ornstein-Uhlenbeck Generator,043,10000,0.0,1672,0.1672
Static Mean Reversion Agent,Ornstein-Uhlenbeck Generator,044,10000,0.0,1688,0.1688
Static Mean Reversion Agent,Ornstein-Uhlenbeck Generator,045,10000,0.0,1666,0.1666
Static Mean Reversion Agent,Ornstein-Uhlenbeck Generator,046,10000,0.0,1586,0.1586
Static Mean Reversion Agent,Ornstein-Uhlenbeck Generator,047,10000,0.0,1700,0.17
Static Mean Reversion Agent,Ornstein-Uhlenbeck Generator,048,10000,0.0,1764,0.1764
Static Mean Reversion Agent,Ornstein-Uhlenbeck Generator,049,10000,0.0,1544,0.1544
Static Mean Reversion Agent,Ornstein-Uhlenbeck Generator,050,10000,0.0,1708,0.1708
Static Mean Reversion Agent,Ornstein-Uhlenbeck Generator,051,10000,0.0,1718,0.1718
Static Mean Reversion Agent,Ornstein-Uhlenbeck Generator,052,10000,0.0,1522,0.1522
Static Mean Reversion Agent,Ornstein-Uhlenbeck Generator,053,10000,0.0,1570,0.157
Static Mean Reversion Agent,Ornstein-Uhlenbeck Generator,054,10000,0.0,1706,0.1706
Static Mean Reversion Agent,Ornstein-Uhlenbeck Generator,055,10000,0.0,1806,0.1806
Static Mean Reversion Agent,Ornstein-Uhlenbeck Generator,056,10000,0.0,1712,0.1712
Static Mean Reversion Agent,Ornstein-Uhlenbeck Generator,057,10000,0.0,1670,0.167
Static Mean Reversion Agent,Ornstein-Uhlenbeck Generator,058,10000,0.0,1508,0.1508
Static Mean Reversion Agent,Ornstein-Uhlenbeck Generator,059,10000,0.0,1732,0.1732
Static Mean Reversion Agent,Ornstein-Uhlenbeck Generator,060,10000,0.0,1642,0.1642
Static Mean Reversion Agent,Ornstein-Uhlenbeck Generator,061,10000,0.0,1628,0.1628
Static Mean Reversion Agent,Ornstein-Uhlenbeck Generator,062,10000,0.0,1702,0.1702
Static Mean Reversion Agent,Ornstein-Uhlenbeck Generator,063,10000,0.0,1780,0.178
Static Mean Reversion Agent,Ornstein-Uhlenbeck Generator,064,10000,0.0,1816,0.1816
Static Mean Reversion Agent,Ornstein-Uhlenbeck Generator,065,10000,0.0,1778,0.1778
Static Mean Reversion Agent,Ornstein-Uhlenbeck Generator,066,10000,0.0,1814,0.1814
Static Mean Reversion Agent,Ornstein-Uhlenbeck Generator,067,10000,0.0,1770,0.177
Static Mean Reversion Agent,Ornstein-Uhlenbeck Generator,068,10000,0.0,1866,0.1866
Static Mean Reversion Agent,Ornstein-Uhlenbeck Generator,069,10000,0.0,1678,0.1678
Static Mean Reversion Agent,Ornstein-Uhlenbeck Generator,070,10000,0.0,1726,0.1726
Static Mean Reversion Agent,Ornstein-Uhlenbeck Generator,071,10000,0.0,1596,0.1596
Static Mean Reversion Agent,Ornstein-Uhlenbeck Generator,072,10000,0.0,1602,0.1602
Static Mean Reversion Agent,Ornstein-Uhlenbeck Generator,073,10000,0.0,1676,0.1676
Static Mean Reversion Agent,Ornstein-Uhlenbeck Generator,074,10000,0.0,1612,0.1612
Static Mean Reversion Agent,Ornstein-Uhlenbeck Generator,075,10000,0.0,1748,0.1748
Static Mean Reversion Agent,Ornstein-Uhlenbeck Generator,076,10000,0.0,1696,0.1696
Static Mean Reversion Agent,Ornstein-Uhlenbeck Generator,077,10000,0.0,1766,0.1766
Static Mean Reversion Agent,Ornstein-Uhlenbeck Generator,078,10000,0.0,1930,0.193
Static Mean Reversion Agent,Ornstein-Uhlenbeck Generator,079,10000,0.0,1678,0.1678
Static Mean Reversion Agent,Ornstein-Uhlenbeck Generator,080,10000,0.0,1668,0.1668
Static Mean Reversion Agent,Ornstein-Uhlenbeck Generator,081,10000,0.0,1574,0.1574
Static Mean Reversion Agent,Ornstein-Uhlenbeck Generator,082,10000,0.0,1734,0.1734
Static Mean Reversion Agent,Ornstein-Uhlenbeck Generator,083,10000,0.0,1788,0.1788
Static Mean Reversion Agent,Ornstein-Uhlenbeck Generator,084,10000,0.0,1602,0.1602
Static Mean Reversion Agent,Ornstein-Uhlenbeck Generator,085,10000,0.0,1550,0.155
Static Mean Reversion Agent,Ornstein-Uhlenbeck Generator,086,10000,0.0,1618,0.1618
Static Mean Reversion Agent,Ornstein-Uhlenbeck Generator,087,10000,0.0,1760,0.176
Static Mean Reversion Agent,Ornstein-Uhlenbeck Generator,088,10000,0.0,1670,0.167
Static Mean Reversion Agent,Ornstein-Uhlenbeck Generator,089,10000,0.0,1654,0.1654
Static Mean Reversion Agent,Ornstein-Uhlenbeck Generator,090,10000,0.0,1606,0.1606
Static Mean Reversion Agent,Ornstein-Uhlenbeck Generator,091,10000,0.0,1692,0.1692
Static Mean Reversion Agent,Ornstein-Uhlenbeck Generator,092,10000,0.0,1550,0.155
Static Mean Reversion Agent,Ornstein-Uhlenbeck Generator,093,10000,0.0,1760,0.176
Static Mean Reversion Agent,Ornstein-Uhlenbeck Generator,094,10000,0.0,1810,0.181
Static Mean Reversion Agent,Ornstein-Uhlenbeck Generator,095,10000,0.0,1650,0.165
Static Mean Reversion Agent,Ornstein-Uhlenbeck Generator,096,10000,0.0,1670,0.167
Static Mean Reversion Agent,Ornstein-Uhlenbeck Generator,097,10000,0.0,1676,0.1676
Static Mean Reversion Agent,Ornstein-Uhlenbeck Generator,098,10000,0.0,1750,0.175
Static Mean Reversion Agent,Ornstein-Uhlenbeck Generator,099,10000,0.0,1686,0.1686
Static Mean Reversion Agent,Ornstein-Uhlenbeck Generator,100,10000,0.0,1620,0.162
Static Mean Reversion Agent,Periodic Trend Generator,001,10000,0.0,270,0.027
Static Mean Reversion Agent,Periodic Trend Generator,002,10000,0.0,270,0.027
Static Mean Reversion Agent,Periodic Trend Generator,003,10000,0.0,270,0.027
Static Mean Reversion Agent,Periodic Trend Generator,004,10000,0.0,270,0.027
Static Mean Reversion Agent,Periodic Trend Generator,005,10000,0.0,270,0.027
Static Mean Reversion Agent,Periodic Trend Generator,006,10000,0.0,270,0.027
Static Mean Reversion Agent,Periodic Trend Generator,007,10000,0.0,270,0.027
Static Mean Reversion Agent,Periodic Trend Generator,008,10000,0.0,270,0.027
Static Mean Reversion Agent,Periodic Trend Generator,009,10000,0.0,270,0.027
Static Mean Reversion Agent,Periodic Trend Generator,010,10000,0.0,270,0.027
Static Mean Reversion Agent,Periodic Trend Generator,011,10000,0.0,270,0.027
Static Mean Reversion Agent,Periodic Trend Generator,012,10000,0.0,270,0.027
Static Mean Reversion Agent,Periodic Trend Generator,013,10000,0.0,270,0.027
Static Mean Reversion Agent,Periodic Trend Generator,014,10000,0.0,270,0.027
Static Mean Reversion Agent,Periodic Trend Generator,015,10000,0.0,270,0.027
Static Mean Reversion Agent,Periodic Trend Generator,016,10000,0.0,270,0.027
Static Mean Reversion Agent,Periodic Trend Generator,017,10000,0.0,270,0.027
Static Mean Reversion Agent,Periodic Trend Generator,018,10000,0.0,270,0.027
Static Mean Reversion Agent,Periodic Trend Generator,019,10000,0.0,270,0.027
Static Mean Reversion Agent,Periodic Trend Generator,020,10000,0.0,270,0.027
Static Mean Reversion Agent,Periodic Trend Generator,021,10000,0.0,270,0.027
Static Mean Reversion Agent,Periodic Trend Generator,022,10000,0.0,270,0.027
Static Mean Reversion Agent,Periodic Trend Generator,023,10000,0.0,270,0.027
Static Mean Reversion Agent,Periodic Trend Generator,024,10000,0.0,270,0.027
Static Mean Reversion Agent,Periodic Trend Generator,025,10000,0.0,270,0.027
Static Mean Reversion Agent,Periodic Trend Generator,026,10000,0.0,270,0.027
Static Mean Reversion Agent,Periodic Trend Generator,027,10000,0.0,270,0.027
Static Mean Reversion Agent,Periodic Trend Generator,028,10000,0.0,270,0.027
Static Mean Reversion Agent,Periodic Trend Generator,029,10000,0.0,270,0.027
Static Mean Reversion Agent,Periodic Trend Generator,030,10000,0.0,270,0.027
Static Mean Reversion Agent,Periodic Trend Generator,031,10000,0.0,270,0.027
Static Mean Reversion Agent,Periodic Trend Generator,032,10000,0.0,270,0.027
Static Mean Reversion Agent,Periodic Trend Generator,033,10000,0.0,270,0.027
Static Mean Reversion Agent,Periodic Trend Generator,034,10000,0.0,270,0.027
Static Mean Reversion Agent,Periodic Trend Generator,035,10000,0.0,270,0.027
Static Mean Reversion Agent,Periodic Trend Generator,036,10000,0.0,270,0.027
Static Mean Reversion Agent,Periodic Trend Generator,037,10000,0.0,270,0.027
Static Mean Reversion Agent,Periodic Trend Generator,038,10000,0.0,270,0.027
Static Mean Reversion Agent,Periodic Trend Generator,039,10000,0.0,270,0.027
Static Mean Reversion Agent,Periodic Trend Generator,040,10000,0.0,270,0.027
Static Mean Reversion Agent,Periodic Trend Generator,041,10000,0.0,270,0.027
Static Mean Reversion Agent,Periodic Trend Generator,042,10000,0.0,270,0.027
Static Mean Reversion Agent,Periodic Trend Generator,043,10000,0.0,270,0.027
Static Mean Reversion Agent,Periodic Trend Generator,044,10000,0.0,270,0.027
Static Mean Reversion Agent,Periodic Trend Generator,045,10000,0.0,270,0.027
Static Mean Reversion Agent,Periodic Trend Generator,046,10000,0.0,270,0.027
Static Mean Reversion Agent,Periodic Trend Generator,047,10000,0.0,270,0.027
Static Mean Reversion Agent,Periodic Trend Generator,048,10000,0.0,270,0.027
Static Mean Reversion Agent,Periodic Trend Generator,049,10000,0.0,270,0.027
Static Mean Reversion Agent,Periodic Trend Generator,050,10000,0.0,270,0.027
Static Mean Reversion Agent,Periodic Trend Generator,051,10000,0.0,270,0.027
Static Mean Reversion Agent,Periodic Trend Generator,052,10000,0.0,270,0.027
Static Mean Reversion Agent,Periodic Trend Generator,053,10000,0.0,270,0.027
Static Mean Reversion Agent,Periodic Trend Generator,054,10000,0.0,270,0.027
Static Mean Reversion Agent,Periodic Trend Generator,055,10000,0.0,270,0.027
Static Mean Reversion Agent,Periodic Trend Generator,056,10000,0.0,270,0.027
Static Mean Reversion Agent,Periodic Trend Generator,057,10000,0.0,270,0.027
Static Mean Reversion Agent,Periodic Trend Generator,058,10000,0.0,270,0.027
Static Mean Reversion Agent,Periodic Trend Generator,059,10000,0.0,270,0.027
Static Mean Reversion Agent,Periodic Trend Generator,060,10000,0.0,270,0.027
Static Mean Reversion Agent,Periodic Trend Generator,061,10000,0.0,270,0.027
Static Mean Reversion Agent,Periodic Trend Generator,062,10000,0.0,270,0.027
Static Mean Reversion Agent,Periodic Trend Generator,063,10000,0.0,270,0.027
Static Mean Reversion Agent,Periodic Trend Generator,064,10000,0.0,270,0.027
Static Mean Reversion Agent,Periodic Trend Generator,065,10000,0.0,270,0.027
Static Mean Reversion Agent,Periodic Trend Generator,066,10000,0.0,270,0.027
Static Mean Reversion Agent,Periodic Trend Generator,067,10000,0.0,270,0.027
Static Mean Reversion Agent,Periodic Trend Generator,068,10000,0.0,270,0.027
Static Mean Reversion Agent,Periodic Trend Generator,069,10000,0.0,270,0.027
Static Mean Reversion Agent,Periodic Trend Generator,070,10000,0.0,270,0.027
Static Mean Reversion Agent,Periodic Trend Generator,071,10000,0.0,270,0.027
Static Mean Reversion Agent,Periodic Trend Generator,072,10000,0.0,270,0.027
Static Mean Reversion Agent,Periodic Trend Generator,073,10000,0.0,270,0.027
Static Mean Reversion Agent,Periodic Trend Generator,074,10000,0.0,270,0.027
Static Mean Reversion Agent,Periodic Trend Generator,075,10000,0.0,270,0.027
Static Mean Reversion Agent,Periodic Trend Generator,076,10000,0.0,270,0.027
Static Mean Reversion Agent,Periodic Trend Generator,077,10000,0.0,270,0.027
Static Mean Reversion Agent,Periodic Trend Generator,078,10000,0.0,270,0.027
Static Mean Reversion Agent,Periodic Trend Generator,079,10000,0.0,270,0.027
Static Mean Reversion Agent,Periodic Trend Generator,080,10000,0.0,270,0.027
Static Mean Reversion Agent,Periodic Trend Generator,081,10000,0.0,270,0.027
Static Mean Reversion Agent,Periodic Trend Generator,082,10000,0.0,270,0.027
Static Mean Reversion Agent,Periodic Trend Generator,083,10000,0.0,270,0.027
Static Mean Reversion Agent,Periodic Trend Generator,084,10000,0.0,270,0.027
Static Mean Reversion Agent,Periodic Trend Generator,085,10000,0.0,270,0.027
Static Mean Reversion Agent,Periodic Trend Generator,086,10000,0.0,270,0.027
Static Mean Reversion Agent,Periodic Trend Generator,087,10000,0.0,270,0.027
Static Mean Reversion Agent,Periodic Trend Generator,088,10000,0.0,270,0.027
Static Mean Reversion Agent,Periodic Trend Generator,089,10000,0.0,270,0.027
Static Mean Reversion Agent,Periodic Trend Generator,090,10000,0.0,270,0.027
Static Mean Reversion Agent,Periodic Trend Generator,091,10000,0.0,270,0.027
Static Mean Reversion Agent,Periodic Trend Generator,092,10000,0.0,270,0.027
Static Mean Reversion Agent,Periodic Trend Generator,093,10000,0.0,270,0.027
Static Mean Reversion Agent,Periodic Trend Generator,094,10000,0.0,270,0.027
Static Mean Reversion Agent,Periodic Trend Generator,095,10000,0.0,270,0.027
Static Mean Reversion Agent,Periodic Trend Generator,096,10000,0.0,270,0.027
Static Mean Reversion Agent,Periodic Trend Generator,097,10000,0.0,270,0.027
Static Mean Reversion Agent,Periodic Trend Generator,098,10000,0.0,270,0.027
Static Mean Reversion Agent,Periodic Trend Generator,099,10000,0.0,270,0.027
Static Mean Reversion Agent,Periodic Trend Generator,100,10000,0.0,270,0.027
Static Mean Reversion Agent,Random Walk Generator,001,10000,0.0,16,0.0016
Static Mean Reversion Agent,Random Walk Generator,002,10000,0.0,6,0.0006
Static Mean Reversion Agent,Random Walk Generator,003,10000,0.0,-150,-0.015
Static Mean Reversion Agent,Random Walk Generator,004,10000,0.0,-12,-0.0012
Static Mean Reversion Agent,Random Walk Generator,005,10000,0.0,-60,-0.006
Static Mean Reversion Agent,Random Walk Generator,006,10000,0.0,24,0.0024
Static Mean Reversion Agent,Random Walk Generator,007,10000,0.0,-116,-0.0116
Static Mean Reversion Agent,Random Walk Generator,008,10000,0.0,-78,-0.0078
Static Mean Reversion Agent,Random Walk Generator,009,10000,0.0,52,0.0052
Static Mean Reversion Agent,Random Walk Generator,010,10000,0.0,-8,-0.0008
Static Mean Reversion Agent,Random Walk Generator,011,10000,0.0,-60,-0.006
Static Mean Reversion Agent,Random Walk Generator,012,10000,0.0,62,0.0062
Static Mean Reversion Agent,Random Walk Generator,013,10000,0.0,44,0.0044
Static Mean Reversion Agent,Random Walk Generator,014,10000,0.0,150,0.015
Static Mean Reversion Agent,Random Walk Generator,015,10000,0.0,118,0.0118
Static Mean Reversion Agent,Random Walk Generator,016,10000,0.0,-16,-0.0016
Static Mean Reversion Agent,Random Walk Generator,017,10000,0.0,148,0.0148
Static Mean Reversion Agent,Random Walk Generator,018,10000,0.0,10,0.001
Static Mean Reversion Agent,Random Walk Generator,019,10000,0.0,10,0.001
Static Mean Reversion Agent,Random Walk Generator,020,10000,0.0,-30,-0.003
Static Mean Reversion Agent,Random Walk Generator,021,10000,0.0,52,0.0052
Static Mean Reversion Agent,Random Walk Generator,022,10000,0.0,-130,-0.013
Static Mean Reversion Agent,Random Walk Generator,023,10000,0.0,72,0.0072
Static Mean Reversion Agent,Random Walk Generator,024,10000,0.0,-60,-0.006
Static Mean Reversion Agent,Random Walk Generator,025,10000,0.0,-84,-0.0084
Static Mean Reversion Agent,Random Walk Generator,026,10000,0.0,48,0.0048
Static Mean Reversion Agent,Random Walk Generator,027,10000,0.0,-6,-0.0006
Static Mean Reversion Agent,Random Walk Generator,028,10000,0.0,4,0.0004
Static Mean Reversion Agent,Random Walk Generator,029,10000,0.0,142,0.0142
Static Mean Reversion Agent,Random Walk Generator,030,10000,0.0,-12,-0.0012
Static Mean Reversion Agent,Random Walk Generator,031,10000,0.0,-92,-0.0092
Static Mean Reversion Agent,Random Walk Generator,032,10000,0.0,128,0.0128
Static Mean Reversion Agent,Random Walk Generator,033,10000,0.0,-66,-0.0066
Static Mean Reversion Agent,Random Walk Generator,034,10000,0.0,-170,-0.017
Static Mean Reversion Agent,Random Walk Generator,035,10000,0.0,132,0.0132
Static Mean Reversion Agent,Random Walk Generator,036,10000,0.0,56,0.0056
Static Mean Reversion Agent,Random Walk Generator,037,10000,0.0,112,0.0112
Static Mean Reversion Agent,Random Walk Generator,038,10000,0.0,-126,-0.0126
Static Mean Reversion Agent,Random Walk Generator,039,10000,0.0,120,0.012
Static Mean Reversion Agent,Random Walk Generator,040,10000,0.0,-156,-0.0156
Static Mean Reversion Agent,Random Walk Generator,041,10000,0.0,18,0.0018
Static Mean Reversion Agent,Random Walk Generator,042,10000,0.0,-24,-0.0024
Static Mean Reversion Agent,Random Walk Generator,043,10000,0.0,146,0.0146
Static Mean Reversion Agent,Random Walk Generator,044,10000,0.0,-10,-0.001
Static Mean Reversion Agent,Random Walk Generator,045,10000,0.0,126,0.0126
Static Mean Reversion Agent,Random Walk Generator,046,10000,0.0,164,0.0164
Static Mean Reversion Agent,Random Walk Generator,047,10000,0.0,42,0.0042
Static Mean Reversion Agent,Random Walk Generator,048,10000,0.0,140,0.014
Static Mean Reversion Agent,Random Walk Generator,049,10000,0.0,-30,-0.003
Static Mean Reversion Agent,Random Walk Generator,050,10000,0.0,34,0.0034
Static Mean Reversion Agent,Random Walk Generator,051,10000,0.0,24,0.0024
Static Mean Reversion Agent,Random Walk Generator,052,10000,0.0,-112,-0.0112
Static Mean Reversion Agent,Random Walk Generator,053,10000,0.0,128,0.0128
Static Mean Reversion Agent,Random Walk Generator,054,10000,0.0,86,0.0086
Static Mean Reversion Agent,Random Walk Generator,055,10000,0.0,-76,-0.0076
Static Mean Reversion Agent,Random Walk Generator,056,10000,0.0,68,0.0068
Static Mean Reversion Agent,Random Walk Generator,057,10000,0.0,30,0.003
Static Mean Reversion Agent,Random Walk Generator,058,10000,0.0,112,0.0112
Static Mean Reversion Agent,Random Walk Generator,059,10000,0.0,-134,-0.0134
Static Mean Reversion Agent,Random Walk Generator,060,10000,0.0,112,0.0112
Static Mean Reversion Agent,Random Walk Generator,061,10000,0.0,16,0.0016
Static Mean Reversion Agent,Random Walk Generator,062,10000,0.0,78,0.0078
Static Mean Reversion Agent,Random Walk Generator,063,10000,0.0,-62,-0.0062
Static Mean Reversion Agent,Random Walk Generator,064,10000,0.0,84,0.0084
Static Mean Reversion Agent,Random Walk Generator,065,10000,0.0,12,0.0012
Static Mean Reversion Agent,Random Walk Generator,066,10000,0.0,122,0.0122
Static Mean Reversion Agent,Random Walk Generator,067,10000,0.0,-58,-0.0058
Static Mean Reversion Agent,Random Walk Generator,068,10000,0.0,-76,-0.0076
Static Mean Reversion Agent,Random Walk Generator,069,10000,0.0,-92,-0.0092
Static Mean Reversion Agent,Random Walk Generator,070,10000,0.0,-38,-0.0038
Static Mean Reversion Agent,Random Walk Generator,071,10000,0.0,-210,-0.021
Static Mean Reversion Agent,Random Walk Generator,072,10000,0.0,90,0.009
Static Mean Reversion Agent,Random Walk Generator,073,10000,0.0,4,0.0004
Static Mean Reversion Agent,Random Walk Generator,074,10000,0.0,-78,-0.0078
Static Mean Reversion Agent,Random Walk Generator,075,10000,0.0,-92,-0.0092
Static Mean Reversion Agent,Random Walk Generator,076,10000,0.0,2,0.0002
Static Mean Reversion Agent,Random Walk Generator,077,10000,0.0,92,0.0092
Static Mean Reversion Agent,Random Walk Generator,078,10000,0.0,250,0.025
Static Mean Reversion Agent,Random Walk Generator,079,10000,0.0,-100,-0.01
Static Mean Reversion Agent,Random Walk Generator,080,10000,0.0,10,0.001
Static Mean Reversion Agent,Random Walk Generator,081,10000,0.0,-202,-0.0202
Static Mean Reversion Agent,Random Walk Generator,082,10000,0.0,-18,-0.0018
Static Mean Reversion Agent,Random Walk Generator,083,10000,0.0,46,0.0046
Static Mean Reversion Agent,Random Walk Generator,084,10000,0.0,56,0.0056
Static Mean Reversion Agent,Random Walk Generator,085,10000,0.0,126,0.0126
Static Mean Reversion Agent,Random Walk Generator,086,10000,0.0,-220,-0.022
Static Mean Reversion Agent,Random Walk Generator,087,10000,0.0,64,0.0064
Static Mean Reversion Agent,Random Walk Generator,088,10000,0.0,-202,-0.0202
Static Mean Reversion Agent,Random Walk Generator,089,10000,0.0,14,0.0014
Static Mean Reversion Agent,Random Walk Generator,090,10000,0.0,112,0.0112
Static Mean Reversion Agent,Random Walk Generator,091,10000,0.0,-70,-0.007
Static Mean Reversion Agent,Random Walk Generator,092,10000,0.0,-102,-0.0102
Static Mean Reversion Agent,Random Walk Generator,093,10000,0.0,26,0.0026
Static Mean Reversion Agent,Random Walk Generator,094,10000,0.0,142,0.0142
Static Mean Reversion Agent,Random Walk Generator,095,10000,0.0,74,0.0074
Static Mean Reversion Agent,Random Walk Generator,096,10000,0.0,82,0.0082
Static Mean Reversion Agent,Random Walk Generator,097,10000,0.0,-138,-0.0138
Static Mean Reversion Agent,Random Walk Generator,098,10000,0.0,10,0.001
Static Mean Reversion Agent,Random Walk Generator,099,10000,0.0,-46,-0.0046
Static Mean Reversion Agent,Random Walk Generator,100,10000,0.0,-50,-0.005
