term,mean_tfidf_green,mean_tfidf_non_green,diff_green_minus_non,ratio_green_over_non,doc_freq
organic,0.026989309005009225,0.00202998726436564,0.024959321740643584,13.295309515721483,36
ingredients,0.027209642696885774,0.0022885114731133276,0.024921131223772448,11.889668461648423,40
sustainability,0.024666018233825453,0.0,0.024666018233825453,24666018234.82545,22
sustainable,0.02190066293788491,0.0004390997421324518,0.02146156319575246,49.87628273851826,21
products,0.021499550739405793,0.0031724637429287254,0.018327086996477067,6.776925593413122,35
derived,0.018249359958030474,0.0,0.018249359958030474,18249359959.03047,22
oil,0.019711550433676436,0.003996511995836863,0.015715038437839574,4.932188480924772,33
naturally derived,0.014681183566403787,0.0,0.014681183566403787,14681183567.403788,17
natural ingredients,0.014664861036219192,0.0,0.014664861036219192,14664861037.219193,14
natural,0.03219469241335122,0.017922483850763178,0.01427220856258804,1.7963298324402714,101
skin,0.031023087210177415,0.01837451821088033,0.012648568999297085,1.6883755456030927,74
hair,0.020647735743419163,0.008386199717982854,0.01226153602543631,2.462108754419634,38
vegan,0.011710467524484848,0.0,0.011710467524484848,11710467525.48485,11
coconut,0.012420689051980845,0.0007402001296387871,0.011680488922342058,16.780176791190087,13
energy,0.013743023292415089,0.0025026259481590748,0.011240397344256014,5.4914412191853845,14
naturally,0.01528004496260184,0.004162332956014542,0.011117712006587298,3.671028992971658,26
nature,0.011633802391818195,0.0006755093483161273,0.010958293043502067,17.222267026497907,11
environmental,0.010813478083224231,0.0,0.010813478083224231,10813478084.224232,7
botanicals,0.01108343719373697,0.000548964326472661,0.01053447286726431,20.189722064024167,14
certified,0.01150923254026308,0.0013137307869778266,0.010195501753285253,8.760723769729704,13
waste,0.009862210539425344,0.0,0.009862210539425344,9862210540.425344,8
recyclable,0.009841220385380349,0.0,0.009841220385380349,9841220386.38035,9
plant,0.010369049804061873,0.000553834562744942,0.00981521524131693,18.722287274647492,12
matters,0.009782354476408612,0.0,0.009782354476408612,9782354477.408613,5
sustainability matters,0.009782354476408612,0.0,0.009782354476408612,9782354477.408613,5
love,0.016037501780937678,0.0062850949543866936,0.009752406826550986,2.5516721538459177,29
cruelty,0.009251056802882712,0.0,0.009251056802882712,9251056803.882713,8
cruelty free,0.009251056802882712,0.0,0.009251056802882712,9251056803.882713,8
body,0.011319032671112894,0.0020847266551226587,0.009234306015990235,5.429504457512399,15
beauty,0.014231855140379822,0.005007829809327699,0.009224025331052123,2.8419206882848376,24
water,0.012284646164026917,0.00310213705266983,0.009182509111357087,3.960059131009113,16
green,0.017927143648684984,0.008889643555687811,0.009037500092997173,2.016632448237829,36
planet,0.009705569329018428,0.0007070508811569504,0.008998518447861478,13.726832926663397,8
origin,0.008918323141580878,0.0,0.008918323141580878,8918323142.58088,6
trade,0.008606320318682149,0.0,0.008606320318682149,8606320319.68215,10
foodwaste,0.008340443616038083,0.0,0.008340443616038083,8340443617.038083,4
range,0.01103528813241466,0.0029375740803837553,0.008097714052030905,3.756599094248696,16
butter,0.00861077030299653,0.0005227017327606376,0.008088068570235892,16.473582825228746,11
earthday,0.007996516295594294,0.0,0.007996516295594294,7996516296.594295,8
sourced,0.007975484009203806,0.0,0.007975484009203806,7975484010.203807,8
natural origin,0.007937636222305658,0.0,0.007937636222305658,7937636223.305658,5
bio,0.007723698933539847,0.0,0.007723698933539847,7723698934.539847,7
hydration,0.008196278973969816,0.0007497553845482696,0.007446523589421546,10.93193744647285,11
derived ingredients,0.007166865449878945,0.0,0.007166865449878945,7166865450.878946,7
coconut oil,0.007084566022394919,0.0,0.007084566022394919,7084566023.394919,8
care,0.014091568723362409,0.007020960655364382,0.007070608067998026,2.007071313181144,28
plastic,0.0070143729341562155,0.0,0.0070143729341562155,7014372935.156216,6
innovation,0.007441063124124804,0.0004912362800267683,0.0069498268440980355,15.147625312958771,7
skin url,0.0074692082397320725,0.0006972925911937501,0.006771915648538323,10.711727507721285,9
world,0.011133821965226606,0.0045325487317850795,0.006601273233441526,2.456415280368159,15
sustainability url,0.00652321572175164,0.0,0.00652321572175164,6523215722.75164,5
monthlydigest,0.006499963294529138,0.0,0.006499963294529138,6499963295.529139,5
monthlydigest url,0.006499963294529138,0.0,0.006499963294529138,6499963295.529139,5
skincare,0.012819943346808256,0.006501853017938442,0.006318090328869814,1.9717368741598176,26
means,0.007027344936534123,0.000722601865862184,0.0063047430706719395,9.725057822019703,5
essential,0.006689334954543361,0.0005346252096157226,0.006154709744927638,12.512195127946399,8
community trade,0.006093063812564017,0.0,0.006093063812564017,6093063813.564017,6
botanical,0.006768661351597398,0.0006992788332282151,0.006069382518369183,9.679488383296889,7
nutriplenish,0.006015154306990288,0.0,0.006015154306990288,6015154307.990289,4
clean,0.01154330962327352,0.00552874686541183,0.006014562757861689,2.087870887054222,21
possible,0.005951148483877752,0.0,0.005951148483877752,5951148484.877752,4
come,0.006532330288349136,0.0005917188814289336,0.005940611406920202,11.039583970237217,5
deodorants,0.005889518297148254,0.0,0.005889518297148254,5889518298.148254,4
non,0.006349193877298676,0.0004928160444042361,0.0058563778328944395,12.883496666774926,8
environmentally,0.005854538335457562,0.0,0.005854538335457562,5854538336.457562,4
kew,0.0056997483528386786,0.0,0.0056997483528386786,5699748353.838679,6
sustainable future,0.0056708978191994785,0.0,0.0056708978191994785,5670897820.199479,5
bamboo,0.005644624349839327,0.0,0.005644624349839327,5644624350.839327,2
trade organic,0.005571557734292883,0.0,0.005571557734292883,5571557735.292884,7
enriched,0.006087407700697704,0.000527575665347623,0.005559832035350081,11.538454272996496,8
brand,0.008364571400350528,0.0028137254702431313,0.005550845930107397,2.9727745250338797,14
community,0.0074568637783754685,0.001922155646330718,0.00553470813204475,3.879427657032226,12
cocoa,0.00553113141235985,0.0,0.00553113141235985,5531131413.359851,5
food,0.008223744086088705,0.002698957278854337,0.005524786807234368,3.0470078754016225,9
oceans,0.005420133149502177,0.0,0.005420133149502177,5420133150.502177,3
biodegradable,0.005349574914476719,0.0,0.005349574914476719,5349574915.47672,5
free,0.013412124358316636,0.008065493242705599,0.005346631115611037,1.6629019396654516,30
naturals,0.005287180999865667,0.0,0.005287180999865667,5287181000.865667,4
effective,0.0062082456082384364,0.0009236054983274473,0.005284640109910989,6.721750372598656,7
colgate,0.00524241196734059,0.0,0.00524241196734059,5242411968.3405905,4
avocado,0.005167241373341592,0.0,0.005167241373341592,5167241374.341593,4
collection,0.009005410831581047,0.0038654568650872832,0.005139953966493764,2.3297144799591467,18
responsibly,0.0051128251434310375,0.0,0.0051128251434310375,5112825144.431038,4
earth,0.0050802909693012386,0.0,0.0050802909693012386,5080290970.301239,4
botanic,0.004975509882583835,0.0,0.004975509882583835,4975509883.583836,6
botanic gardens,0.004975509882583835,0.0,0.004975509882583835,4975509883.583836,6
gardens,0.004975509882583835,0.0,0.004975509882583835,4975509883.583836,6
gardens kew,0.004975509882583835,0.0,0.004975509882583835,4975509883.583836,6
kew user,0.004975509882583835,0.0,0.004975509882583835,4975509883.583836,6
royal,0.004975509882583835,0.0,0.004975509882583835,4975509883.583836,6
royal botanic,0.004975509882583835,0.0,0.004975509882583835,4975509883.583836,6
create,0.008913706598662117,0.004036678754769023,0.004877027843893094,2.208178341395903,14
buildings,0.004842189543128234,0.0,0.004842189543128234,4842189544.128234,3
extracts,0.007041591633986025,0.0022696654477007854,0.00477192618628524,3.102479988412747,11
bath,0.0061212939355562825,0.0013729162315601726,0.0047483777039961095,4.458607008485492,8
head,0.005852929043127106,0.001106221925368708,0.004746707117758398,5.29091758589524,8
recycled,0.004735028517146682,0.0,0.004735028517146682,4735028518.146683,3
end,0.00472242953514159,0.0,0.00472242953514159,4722429536.141591,4
beauty products,0.004663174304821108,0.0,0.004663174304821108,4663174305.821109,4
open,0.005279987154399522,0.0006243330857794253,0.004655654068620096,8.457003588638774,6
bio renew,0.004655297176158709,0.0,0.004655297176158709,4655297177.15871,4
formula,0.006436641651345359,0.0017820702987690863,0.004654571352576273,3.6118898638170416,10
haven,0.004640027765564548,0.0,0.004640027765564548,4640027766.5645485,3
boost,0.005127750212920444,0.0005442336349765696,0.004583516577943874,9.421964896967898,5
packaging,0.0045561942103565485,0.0,0.0045561942103565485,4556194211.356549,4
hemp,0.005397955671111754,0.000842797089441998,0.004555158581669756,6.404810521214354,6
blend,0.00745486367830123,0.002927915169938714,0.004526948508362516,2.5461337655186025,14
spf,0.00618990462946125,0.0016828264752171739,0.004507078154244076,3.678278609197746,6
botanicals fresh,0.004478315278984981,0.0,0.004478315278984981,4478315279.984982,3
fresh care,0.004478315278984981,0.0,0.004478315278984981,4478315279.984982,3
cocoa butter,0.0044736104852733174,0.0,0.0044736104852733174,4473610486.273318,4
cbd,0.005253773499524162,0.0008664952142558976,0.004387278285268264,6.063245829894851,5
primer,0.004359245765280244,0.0,0.004359245765280244,4359245766.280245,3
plants,0.004351353848819599,0.0,0.004351353848819599,4351353849.8196,4
natural charcoal,0.0043307465226342726,0.0,0.0043307465226342726,4330746523.634274,4
extract,0.0072203201903634825,0.0029223101205259443,0.004298010069837538,2.4707576852224173,13
cool,0.005557897282149449,0.0012605381740503434,0.004297359108099105,4.409146341742072,6
refrigerator,0.004251731831899405,0.0,0.004251731831899405,4251731832.8994055,2
partnership,0.005253970163301435,0.001011848494230336,0.004242121669071099,5.192447475158253,6
canongoesgreen,0.004211937000572371,0.0,0.004211937000572371,4211937001.5723715,2
dyk,0.004211937000572371,0.0,0.004211937000572371,4211937001.5723715,2
routine,0.007386383306677804,0.0032529503540273427,0.004133432952650461,2.2706720058799417,13
instantly,0.004128884986982603,0.0,0.004128884986982603,4128884987.982603,3
science,0.004106011037797133,0.0,0.004106011037797133,4106011038.7971334,3
sdgs,0.00405266214165904,0.0,0.00405266214165904,4052662142.6590405,3
committed,0.004795375287219431,0.0007512441253333666,0.004044131161886064,6.3832449667519535,5
forward,0.004039280036171334,0.0,0.004039280036171334,4039280037.1713347,4
renewable,0.004014558227854086,0.0,0.004014558227854086,4014558228.8540864,3
emissions,0.003975517164041543,0.0,0.003975517164041543,3975517165.0415435,3
special,0.003967088901076744,0.0,0.003967088901076744,3967088902.0767446,3
protect,0.0053260215679850455,0.0013988077644755007,0.003927213803509545,3.807543609950261,9
love url,0.003927155757600082,0.0,0.003927155757600082,3927155758.600083,3
pixibeauty skintreats,0.003914456058983053,0.0,0.003914456058983053,3914456059.9830537,4
skintreats,0.003914456058983053,0.0,0.003914456058983053,3914456059.9830537,4
skintreats url,0.003914456058983053,0.0,0.003914456058983053,3914456059.9830537,4
nourishes,0.003906935446253376,0.0,0.003906935446253376,3906935447.253376,4
use,0.010764384431460142,0.0068601539736508526,0.0039042304578092895,1.5691170303517852,25
bio hydria,0.003890807125791469,0.0,0.003890807125791469,3890807126.791469,3
hydria,0.003890807125791469,0.0,0.003890807125791469,3890807126.791469,3
petroleum,0.0038903377575945875,0.0,0.0038903377575945875,3890337758.594588,4
mission,0.003854681321632336,0.0,0.003854681321632336,3854681322.632336,3
herbalessences,0.003843918937847103,0.0,0.003843918937847103,3843918938.847103,4
renew products,0.0038219351712794657,0.0,0.0038219351712794657,3821935172.2794657,4
smoothing,0.0044112930520012385,0.0005900107226505723,0.003821282329350666,7.476631993580139,5
hand,0.005033528803455601,0.0012130119221326436,0.0038205168813229577,4.149611976983991,7
social,0.0037723945585824846,0.0,0.0037723945585824846,3772394559.5824847,3
used,0.00442660778951858,0.0006550162870489938,0.0037715915024695863,6.758011779681851,5
herbal,0.004685610951204898,0.0009335166486433295,0.003752094302561568,5.019311604131687,7
skin love,0.003743854479128482,0.0,0.003743854479128482,3743854480.1284823,3
oils,0.00520769170980834,0.001470931663529555,0.003736760046278785,3.540403566248542,8
tea,0.006780309976560007,0.0030536724518369536,0.0037266375247230537,2.220378931362103,14
wipes,0.004916952976338332,0.0011982825766160528,0.003718670399722279,4.103333445038033,5
putting,0.0037051368687232022,0.0,0.0037051368687232022,3705136869.723202,3
salt,0.003704417886010887,0.0,0.003704417886010887,3704417887.0108867,3
eco,0.0036827486420691075,0.0,0.0036827486420691075,3682748643.0691075,3
rinse,0.003680593606317394,0.0,0.003680593606317394,3680593607.3173943,2
program,0.005156512062315167,0.0014826473323179424,0.0036738647299972248,3.477908702520421,6
shapes,0.0036653706995460034,0.0,0.0036653706995460034,3665370700.5460033,2
includes,0.004383189838558555,0.0007311860779593295,0.0036520037605992255,5.994629774402967,5
butter extracts,0.0036511753474896213,0.0,0.0036511753474896213,3651175348.489621,3
oil cocoa,0.0036511753474896213,0.0,0.0036511753474896213,3651175348.489621,3
promote,0.004131777531717337,0.0004808591765083226,0.003650918355209015,8.592489705878236,4
enriched community,0.0036448909104036193,0.0,0.0036448909104036193,3644890911.4036193,4
acid,0.004212189198506405,0.0005680314125235551,0.0036441577859828494,7.4154159421884405,5
mean,0.0036342533130871305,0.0,0.0036342533130871305,3634253314.0871305,3
pomegranate,0.0036037557409667282,0.0,0.0036037557409667282,3603755741.966728,4
products url,0.0036014580514249104,0.0,0.0036014580514249104,3601458052.4249105,3
nourishing,0.004892736600939116,0.0012915865193958867,0.0036011500815432296,3.788160161689698,7
sustainably,0.003568558216683425,0.0,0.003568558216683425,3568558217.683425,3
real,0.004190338152270276,0.0006227525063528186,0.003567585645917458,6.72873750614424,6
plus,0.00676301635002987,0.003202640359615664,0.0035603759904142057,2.111700219043568,15
toothpaste,0.0035544059208617836,0.0,0.0035544059208617836,3554405921.8617835,3
offer,0.004598180701887934,0.001048578150950915,0.0035496025509370193,4.38515783905364,6
didyouknow,0.0040694326337415215,0.000520851107932323,0.0035485815258091986,7.813044006152409,5
moisture,0.005979406157992306,0.00243148858428537,0.0035479175737069364,2.4591545258233394,11
living,0.003539160969206358,0.0,0.003539160969206358,3539160970.206358,3
earthday url,0.00353103637750169,0.0,0.00353103637750169,3531036378.50169,3
tomorrow,0.005341333942989084,0.0018170000571923754,0.0035243338857967083,2.939644343931864,6
plant based,0.003517021763179487,0.0,0.003517021763179487,3517021764.179487,3
minerals,0.004134510669191231,0.0006379223089002335,0.0034965883602909977,6.481213473844236,5
fair,0.0034882846302114975,0.0,0.0034882846302114975,3488284631.211498,4
fair trade,0.0034882846302114975,0.0,0.0034882846302114975,3488284631.211498,4
botanicals endorsed,0.0034763678500179594,0.0,0.0034763678500179594,3476367851.0179596,4
endorsed,0.0034763678500179594,0.0,0.0034763678500179594,3476367851.0179596,4
endorsed royal,0.0034763678500179594,0.0,0.0034763678500179594,3476367851.0179596,4
real botanicals,0.0034763678500179594,0.0,0.0034763678500179594,3476367851.0179596,4
acids,0.0034426685587412215,0.0,0.0034426685587412215,3442668559.7412214,3
ingredients natural,0.0034403273842217746,0.0,0.0034403273842217746,3440327385.2217746,3
body care,0.003421210065652068,0.0,0.003421210065652068,3421210066.652068,3
cucumbers,0.003407864135521475,0.0,0.003407864135521475,3407864136.5214753,2
seed,0.004250213666793794,0.000863715810265676,0.003386497856528118,4.920847357842849,5
knowbeforeyouthrow,0.0033791656201289538,0.0,0.0033791656201289538,3379165621.128954,2
segregation,0.0033791656201289538,0.0,0.0033791656201289538,3379165621.128954,2
waste segregation,0.0033791656201289538,0.0,0.0033791656201289538,3379165621.128954,2
tell love,0.0033758694420054363,0.0,0.0033758694420054363,3375869443.0054364,3
friendly,0.006488716527039842,0.0031172433122187235,0.003371473214821118,2.0815560019085866,12
formulated,0.004503916643945723,0.0011404032650558095,0.0033635133788899136,3.949407002772745,7
safe,0.006468933571148413,0.0031095755454074365,0.0033593580257409764,2.0803268727856183,11
renewableenergy,0.0033560688605425585,0.0,0.0033560688605425585,3356068861.5425587,2
moisturizing,0.004665467127365067,0.0013334227524881195,0.0033320443748769473,3.498865694439821,6
mineral,0.006174113422194862,0.0028425641932375866,0.003331549228957275,2.172022512529692,11
consumption,0.003325081474025932,0.0,0.003325081474025932,3325081475.025932,2
berry,0.0033022241226908795,0.0,0.0033022241226908795,3302224123.6908793,3
increasing,0.0032934502356317956,0.0,0.0032934502356317956,3293450236.631796,2
including,0.0039308662215012105,0.0006555331941761057,0.003275333027325105,5.996441143526231,5
dry skin,0.0037621059320633284,0.000500581120807906,0.0032615248112554222,7.515477050904461,4
elasticity,0.0032510662628441335,0.0,0.0032510662628441335,3251066263.8441334,3
milk,0.005569842747309565,0.0023214309275898987,0.0032484118197196664,2.39931443994883,9
reducing,0.0032469022347718576,0.0,0.0032469022347718576,3246902235.7718577,2
minerals water,0.0032379488216079436,0.0,0.0032379488216079436,3237948822.6079435,3
non petroleum,0.0032379488216079436,0.0,0.0032379488216079436,3237948822.6079435,3
petroleum minerals,0.0032379488216079436,0.0,0.0032379488216079436,3237948822.6079435,3
plants non,0.0032379488216079436,0.0,0.0032379488216079436,3237948822.6079435,3
comes,0.004717371321020124,0.0014853697460993367,0.0032320015749207876,3.1758902665362028,6
clean green,0.003214091327497833,0.0,0.003214091327497833,3214091328.4978333,2
ways,0.0043749480919545135,0.001181918555006448,0.0031930295369480654,3.7015647742572932,6
earthdayeveryday,0.0031804601116268228,0.0,0.0031804601116268228,3180460112.626823,3
treats,0.0031717581378402637,0.0,0.0031717581378402637,3171758138.840264,3
aveda,0.006400600245698728,0.0032289767003421156,0.0031716235453566125,1.9822379777588162,11
called,0.0031689635999937985,0.0,0.0031689635999937985,3168963600.9937987,2
vitamin,0.004707930501327229,0.0015485343193058151,0.0031593961820214136,3.0402493768413703,6
energy url,0.003154983257562683,0.0,0.003154983257562683,3154983258.562683,2
charcoal deodorants,0.003130136963292876,0.0,0.003130136963292876,3130136964.2928762,3
responsibly sourced,0.003129045149275057,0.0,0.003129045149275057,3129045150.2750573,2
sweat,0.0031289574519142846,0.0,0.0031289574519142846,3128957452.9142847,3
feed,0.0031278456806336074,0.0,0.0031278456806336074,3127845681.6336074,3
renewable energy,0.0031266095109080926,0.0,0.0031266095109080926,3126609511.9080925,2
origin ingredients,0.00312247945394462,0.0,0.00312247945394462,3122479454.9446197,2
ces url,0.003786790232496476,0.0006646264331182289,0.003122163799378247,5.697622061211686,3
plant derived,0.003116682518676276,0.0,0.003116682518676276,3116682519.676276,3
true,0.0031059966346093024,0.0,0.0031059966346093024,3105996635.6093025,2
air breathe,0.003099899067634053,0.0,0.003099899067634053,3099899068.634053,2
unlike,0.0030890949071721184,0.0,0.0030890949071721184,3089094908.1721187,2
animals,0.003085036459939115,0.0,0.003085036459939115,3085036460.939115,3
industry,0.0030786490376708015,0.0,0.0030786490376708015,3078649038.6708016,2
shea,0.003664735870875101,0.0005959962248449005,0.0030687396460302003,6.14892462897709,5
calming,0.0030661571609873805,0.0,0.0030661571609873805,3066157161.9873805,2
essences,0.0030605503141274896,0.0,0.0030605503141274896,3060550315.1274896,3
challenges,0.00305641076062639,0.0,0.00305641076062639,3056410761.62639,2
environmental challenges,0.00305641076062639,0.0,0.00305641076062639,3056410761.62639,2
skin tone,0.00305374156508276,0.0,0.00305374156508276,3053741566.0827603,3
tone,0.00305374156508276,0.0,0.00305374156508276,3053741566.0827603,3
charcoal,0.004080315302134402,0.0010378506183971097,0.0030424646837372924,3.9315053889977625,6
global,0.005892458595845788,0.0028509382174624833,0.003041520378383305,2.066848926674954,10
greenhouse,0.003037037689723909,0.0,0.003037037689723909,3037037690.723909,2
certifications,0.0030275824021807458,0.0,0.0030275824021807458,3027582403.1807456,2
almond,0.003026966964289313,0.0,0.003026966964289313,3026966965.2893133,3
virgin,0.0030182968121755006,0.0,0.0030182968121755006,3018296813.175501,3
formulas,0.004052767571182973,0.0010632316607841188,0.002989535910398854,3.811744625232819,6
mustela,0.003575906977671044,0.000598387187406109,0.002977519790264935,5.975908321493297,4
vitamins,0.0029631107468416572,0.0,0.0029631107468416572,2963110747.841657,3
infused,0.0039622351352158695,0.0010012352856443056,0.002960999849571564,3.957346678716764,6
herbalessences kewgardens,0.0029601072475675277,0.0,0.0029601072475675277,2960107248.567528,3
kewgardens,0.0029601072475675277,0.0,0.0029601072475675277,2960107248.567528,3
delivers,0.002948448607367608,0.0,0.002948448607367608,2948448608.367608,2
away,0.004693244161923339,0.0017498778182730133,0.0029433663436503263,2.6820410609428422,6
solutions,0.00584464765947452,0.002901521166678635,0.0029431264927958847,2.0143391423714947,9
matters url,0.0029388853095786826,0.0,0.0029388853095786826,2938885310.5786824,2
discard,0.0029370219801068418,0.0,0.0029370219801068418,2937021981.106842,2
cold,0.0029366986396301715,0.0,0.0029366986396301715,2936698640.630172,3
climate,0.0029344622858916945,0.0,0.0029344622858916945,2934462286.8916945,2
parabens,0.0029342559821058036,0.0,0.0029342559821058036,2934255983.1058035,3
fresh,0.0062060457457871546,0.0032753723757005153,0.0029306733700866392,1.8947603609696702,10
arbonne bio,0.0029295869650105234,0.0,0.0029295869650105234,2929586966.0105233,3
things,0.0029258851888653977,0.0,0.0029258851888653977,2925885189.865398,3
renew,0.0043860983792487745,0.0014664166478379696,0.0029196817314108047,2.99103149416944,6
argan,0.003646885915890194,0.0007344576948947231,0.002912428220995471,4.965413171207259,4
challenge,0.004263825064999785,0.0013536327699401156,0.0029101922950596692,3.149912707150628,5
based,0.004180893430951847,0.0012720023273060314,0.0029088911036458153,3.286859889257974,6
plastic waste,0.002908336267960259,0.0,0.002908336267960259,2908336268.960259,3
aim,0.0028958166808784915,0.0,0.0028958166808784915,2895816681.8784914,2
nourish,0.0039975513691372574,0.0011109456184361945,0.002886605750701063,3.5983321777406325,6
showing,0.0028865267736427223,0.0,0.0028865267736427223,2886526774.642722,2
user showing,0.0028865267736427223,0.0,0.0028865267736427223,2886526774.642722,2
user monthlydigest,0.0028787551659498973,0.0,0.0028787551659498973,2878755166.9498973,2
uses,0.004951832450323131,0.002075350303158042,0.002876482147165089,2.3860224663768568,7
hydrating,0.003851807493309299,0.000976152400158385,0.0028756550931509136,3.945907923535729,6
care products,0.0028653094741101864,0.0,0.0028653094741101864,2865309475.1101866,3
goddess,0.0028560752171227317,0.0,0.0028560752171227317,2856075218.1227317,3
green goddess,0.0028560752171227317,0.0,0.0028560752171227317,2856075218.1227317,3
ingredients like,0.0028421688754311325,0.0,0.0028421688754311325,2842168876.4311323,3
plantpowerineveryshower,0.0028366486074459605,0.0,0.0028366486074459605,2836648608.4459605,3
plantpowerineveryshower url,0.0028366486074459605,0.0,0.0028366486074459605,2836648608.4459605,3
global sustainability,0.002827672200978808,0.0,0.002827672200978808,2827672201.978808,2
compostable,0.002820808197114855,0.0,0.002820808197114855,2820808198.114855,2
effective natural,0.0028122129891910304,0.0,0.0028122129891910304,2812212990.1910305,2
operations,0.002810760722325633,0.0,0.002810760722325633,2810760723.325633,2
tackle,0.0028033689074768654,0.0,0.0028033689074768654,2803368908.4768653,2
green beauty,0.0028013261134132708,0.0,0.0028013261134132708,2801326114.413271,2
aloe vera,0.002800544357275308,0.0,0.002800544357275308,2800544358.275308,3
vera,0.002800544357275308,0.0,0.002800544357275308,2800544358.275308,3
sharing,0.0037492235550522224,0.000957650100168744,0.0027915734548834784,3.91502444522959,6
introducing new,0.0036218635975295756,0.000840513844824773,0.002781349752704803,4.309106407373386,4
land,0.0035933015881164606,0.0008166631926062304,0.00277663839551023,4.399979841443717,3
blend certified,0.0027637106088758403,0.0,0.0027637106088758403,2763710609.87584,2
certified organic,0.0027637106088758403,0.0,0.0027637106088758403,2763710609.87584,2
leed,0.0027622484941311636,0.0,0.0027622484941311636,2762248495.1311636,2
herbal tea,0.00318316259818705,0.00044127067482539376,0.0027418919233616564,7.213628218627867,4
innovating,0.002736311964832951,0.0,0.002736311964832951,2736311965.832951,2
tasty,0.0027345188801419394,0.0,0.0027345188801419394,2734518881.1419396,2
defend,0.0027293028826718547,0.0,0.0027293028826718547,2729302883.671855,2
defend skin,0.0027293028826718547,0.0,0.0027293028826718547,2729302883.671855,2
davos,0.002726044881560365,0.0,0.002726044881560365,2726044882.560365,2
wef,0.002726044881560365,0.0,0.002726044881560365,2726044882.560365,2
crueltyfree,0.0027246843343962253,0.0,0.0027246843343962253,2724684335.3962255,2
garden,0.0046170847113847025,0.0018924353917284752,0.0027246493196562273,2.4397581709396605,5
hard,0.0042558774224234555,0.0015355931211796636,0.002720284301243792,2.771487682480985,5
instead,0.0027163183196341582,0.0,0.0027163183196341582,2716318320.634158,2
news,0.003412609633235037,0.000702690669376102,0.002709918963858935,4.856489175256164,3
thanks,0.005321942964564159,0.0026228793946402405,0.0026990635699239186,2.029046007380405,9
progress,0.0026888715408936274,0.0,0.0026888715408936274,2688871541.8936276,2
harnessing,0.0026793031011457646,0.0,0.0026793031011457646,2679303102.145765,2
chlorophyll,0.0026781986419548336,0.0,0.0026781986419548336,2678198642.9548335,2
edition,0.005442118350090501,0.0027654518200075063,0.0026766665300829947,1.9678948335855784,11
healthier planet,0.0026739183964049175,0.0,0.0026739183964049175,2673918397.4049177,2
organic coconut,0.0026727983320792878,0.0,0.0026727983320792878,2672798333.079288,3
organic pomegranate,0.0026689116322473633,0.0,0.0026689116322473633,2668911633.2473636,3
using natural,0.0026630637255433943,0.0,0.0026630637255433943,2663063726.543394,2
limited edition,0.004382077222346678,0.0017306366128225412,0.002651440609524137,2.532060854570603,7
downtoearthzacefron,0.0026504740799646095,0.0,0.0026504740799646095,2650474080.9646096,2
netflix,0.0026504740799646095,0.0,0.0026504740799646095,2650474080.9646096,2
proud sponsor,0.0026504740799646095,0.0,0.0026504740799646095,2650474080.9646096,2
sponsor,0.0026504740799646095,0.0,0.0026504740799646095,2650474080.9646096,2
streaming,0.0026504740799646095,0.0,0.0026504740799646095,2650474080.9646096,2
streaming netflix,0.0026504740799646095,0.0,0.0026504740799646095,2650474080.9646096,2
tubes,0.0026484556190213013,0.0,0.0026484556190213013,2648455620.0213013,2
sunscreen,0.004621989972395465,0.0019873428722381858,0.0026346471001572795,2.3257134114277793,6
shares,0.0026297964221267817,0.0,0.0026297964221267817,2629796423.126782,2
antioxidant,0.0025832071404500896,0.0,0.0025832071404500896,2583207141.4500895,2
ingredients products,0.00257189853545835,0.0,0.00257189853545835,2571898536.45835,2
leadership,0.0032450662926321377,0.0006746456871232138,0.0025704206055089237,4.810030436360657,4
changing,0.0034387617120865328,0.0008746958016210959,0.002564065910465437,3.9313801469974,3
turn,0.0033659686434930184,0.0008039605656967528,0.0025620080777962657,4.186733508986435,2
packed natural,0.0025605854797570386,0.0,0.0025605854797570386,2560585480.7570386,2
code,0.004378979405534779,0.0018298723299118953,0.002549107075622884,2.3930518717404548,7
community fair,0.0025491044304075594,0.0,0.0025491044304075594,2549104431.4075594,3
ginger,0.0033241979985940105,0.0007757185663713019,0.0025484794322227088,4.28531446766681,3
dewy,0.0030892865476996167,0.0005436432151565407,0.0025456433325430758,5.6825624911505646,4
rich,0.003931377817028133,0.0013875363920172537,0.0025438414250108796,2.8333511378964227,6
coconutoil,0.0025423627942733765,0.0,0.0025423627942733765,2542362795.2733765,2
coconutoil url,0.0025423627942733765,0.0,0.0025423627942733765,2542362795.2733765,2
smoothing coconut,0.0025423627942733765,0.0,0.0025423627942733765,2542362795.2733765,2
landfills,0.002528290858442646,0.0,0.002528290858442646,2528290859.442646,2
bath time,0.002524987489418484,0.0,0.002524987489418484,2524987490.4184837,2
responsibility,0.00252409052392825,0.0,0.00252409052392825,2524090524.92825,2
box,0.0030374938027818363,0.000515715097427151,0.0025217787053546854,5.889867900020203,4
created,0.002503218502422416,0.0,0.002503218502422416,2503218503.422416,2
earth day,0.002498251509876823,0.0,0.002498251509876823,2498251510.876823,2
natural cruelty,0.0024920887289443397,0.0,0.0024920887289443397,2492088729.9443398,2
cucumber,0.002490188072804571,0.0,0.002490188072804571,2490188073.804571,2
caring,0.002489279634860073,0.0,0.002489279634860073,2489279635.860073,2
create sustainable,0.0024767305336899363,0.0,0.0024767305336899363,2476730534.689936,2
turmeric,0.0024757272164583647,0.0,0.0024757272164583647,2475727217.458365,2
drink,0.003070858958934003,0.0005963002604119291,0.002474558698522074,5.149853452458288,3
anti,0.0038035833063029267,0.0013295427549712049,0.002474040551331722,2.860820601835015,6
sourcing,0.0024624513345142054,0.0,0.0024624513345142054,2462451335.5142055,2
natural products,0.002462240947102846,0.0,0.002462240947102846,2462240948.102846,2
tell,0.004174143561066416,0.001714321898696828,0.002459821662369588,2.4348656823462385,6
potential,0.003155765357262758,0.0007020492679695448,0.0024537160892932133,4.495076767040486,4
tree,0.0032528659461499004,0.0008012068762101006,0.0024516590699397997,4.059957596066541,4
energy saving,0.0024471385980130104,0.0,0.0024471385980130104,2447138599.0130105,2
saving,0.0024471385980130104,0.0,0.0024471385980130104,2447138599.0130105,2
sites,0.002446655235827373,0.0,0.002446655235827373,2446655236.827373,2
zero,0.002446655235827373,0.0,0.002446655235827373,2446655236.827373,2
making,0.003899183558143905,0.0014537851045163443,0.0024453984536275605,2.6820907329072012,5
electrolux,0.0024350250296315064,0.0,0.0024350250296315064,2435025030.6315064,2
electrolux years,0.0024350250296315064,0.0,0.0024350250296315064,2435025030.6315064,2
pollution,0.0024320013996670326,0.0,0.0024320013996670326,2432001400.6670327,2
greener,0.002431325137422215,0.0,0.002431325137422215,2431325138.422215,2
world url,0.0033821545921855385,0.000968017235235861,0.0024141373569496775,3.493899144127909,3
perfecting,0.0024114227605376054,0.0,0.0024114227605376054,2411422761.5376053,2
perfecting smoothing,0.0024114227605376054,0.0,0.0024114227605376054,2411422761.5376053,2
using,0.00872656835794996,0.006319449032672284,0.0024071193252776764,1.380906517712491,20
bath body,0.00240642088345869,0.0,0.00240642088345869,2406420884.45869,2
action,0.003658395528088736,0.001256013259476239,0.002402382268612497,2.912704542388026,5
tsa,0.0023928207539337266,0.0,0.0023928207539337266,2392820754.933727,2
tsa friendly,0.0023928207539337266,0.0,0.0023928207539337266,2392820754.933727,2
rosemary,0.002391712558671824,0.0,0.002391712558671824,2391712559.671824,2
lifestyle,0.002390577746654998,0.0,0.002390577746654998,2390577747.654998,2
energy star,0.0023899537389895746,0.0,0.0023899537389895746,2389953739.9895744,2
star,0.0023899537389895746,0.0,0.0023899537389895746,2389953739.9895744,2
skin health,0.0023870034006492164,0.0,0.0023870034006492164,2387003401.6492167,2
press,0.002379085309026222,0.0,0.002379085309026222,2379085310.026222,2
natural extracts,0.0023748402941038476,0.0,0.0023748402941038476,2374840295.1038475,2
segment,0.00236968882845022,0.0,0.00236968882845022,2369688829.45022,2
botanical ingredients,0.002364107291528851,0.0,0.002364107291528851,2364107292.528851,2
ingredients beauty,0.002364107291528851,0.0,0.002364107291528851,2364107292.528851,2
positiveforceforbeauty,0.002364107291528851,0.0,0.002364107291528851,2364107292.528851,2
responsiblebeauty,0.002364107291528851,0.0,0.002364107291528851,2364107292.528851,2
use botanical,0.002364107291528851,0.0,0.002364107291528851,2364107292.528851,2
building,0.003348437871411211,0.0009861266129444234,0.0023623112584667877,3.3955455872119114,4
acquired,0.0023560339523739406,0.0,0.0023560339523739406,2356033953.3739405,2
yes natural,0.0032027831139526393,0.0008605263920733462,0.002342256721879293,3.7218883008503525,4
mint,0.002333980509702857,0.0,0.002333980509702857,2333980510.702857,2
ces,0.004760151018772231,0.002430765374326301,0.00232938564444593,1.9582930825371159,6
eco friendly,0.002329348786163244,0.0,0.002329348786163244,2329348787.1632442,2
chemicals,0.002939525042402312,0.000615530706742762,0.00232399433565955,4.775594469010271,3
nourish hair,0.002319917892539403,0.0,0.002319917892539403,2319917893.539403,2
daily,0.003284436208845891,0.0009781556591865765,0.0023062805496593146,3.3577848020829397,5
getting,0.0029044549034391524,0.000598387187406109,0.0023060677160330434,4.853805296493043,4
essential oils,0.0028979671165082063,0.0005947002882180827,0.0023032668282901235,4.8729875704591965,4
project,0.004454337174915375,0.0021523587933475067,0.002301978381567868,2.0695142406615896,6
oriflame,0.003546788127867356,0.0012448846454134871,0.0023019034824538686,2.8490897844114738,5
journey,0.0032827733280733503,0.0009928750169540294,0.0022898983111193207,3.3063308772115207,3
help create,0.002289240190573763,0.0,0.002289240190573763,2289240191.573763,2
repair,0.0034084754691856784,0.0011212613283260238,0.0022872141408596548,3.0398582213073113,4
olive oil,0.0022856572860888618,0.0,0.0022856572860888618,2285657287.088862,2
cleansing gel,0.0022854116909802533,0.0,0.0022854116909802533,2285411691.980253,2
nutrient rich,0.002284298512358504,0.0,0.002284298512358504,2284298513.358504,2
green buildings,0.0022818756207828635,0.0,0.0022818756207828635,2281875621.7828636,2
beauty routine,0.0022816194842378967,0.0,0.0022816194842378967,2281619485.237897,2
veganhaircare,0.0022813174849995567,0.0,0.0022813174849995567,2281317485.9995565,2
veganhaircare url,0.0022813174849995567,0.0,0.0022813174849995567,2281317485.9995565,2
nurture,0.002277329634799325,0.0,0.002277329634799325,2277329635.799325,2
warm,0.0030846103731239174,0.0008118920652393284,0.002272718307884589,3.799286262780945,4
tea tree,0.0022715165711924617,0.0,0.0022715165711924617,2271516572.192462,2
tree lavender,0.0022715165711924617,0.0,0.0022715165711924617,2271516572.192462,2
honored,0.0022697751134216717,0.0,0.0022697751134216717,2269775114.421672,2
leadership award,0.0022697751134216717,0.0,0.0022697751134216717,2269775114.421672,2
user leadership,0.0022697751134216717,0.0,0.0022697751134216717,2269775114.421672,2
bebe,0.0022691544076533943,0.0,0.0022691544076533943,2269154408.653394,2
bebe body,0.0022691544076533943,0.0,0.0022691544076533943,2269154408.653394,2
body lotion,0.0022691544076533943,0.0,0.0022691544076533943,2269154408.653394,2
hydra,0.0022691544076533943,0.0,0.0022691544076533943,2269154408.653394,2
hydra bebe,0.0022691544076533943,0.0,0.0022691544076533943,2269154408.653394,2
lotion,0.0022691544076533943,0.0,0.0022691544076533943,2269154408.653394,2
water url,0.0022679843920788605,0.0,0.0022679843920788605,2267984393.0788608,2
authenticated,0.0022648805883650415,0.0,0.0022648805883650415,2264880589.3650417,2
switch,0.002261095555735653,0.0,0.002261095555735653,2261095556.735653,2
lactic,0.002260732204187515,0.0,0.002260732204187515,2260732205.1875153,2
lactic acid,0.002260732204187515,0.0,0.002260732204187515,2260732205.1875153,2
coming,0.0034540526246007496,0.0011984654359073993,0.0022555871886933503,2.882062777307804,5
pores,0.0034942051236951455,0.0012395669428780058,0.0022546381808171397,2.818891825046146,5
new naturally,0.002252110886422777,0.0,0.002252110886422777,2252110887.422777,2
chief,0.0032613332475867375,0.0010126094438404655,0.002248723803746272,3.220721735516257,3
officer,0.0032613332475867375,0.0010126094438404655,0.002248723803746272,3.220721735516257,3
complexion,0.0031635855933644106,0.0009188957988011682,0.0022446897945632423,3.4428121175969584,4
products use,0.0022440293785259825,0.0,0.0022440293785259825,2244029379.5259824,2
naturalskincare,0.002242779415457719,0.0,0.002242779415457719,2242779416.457719,2
yes cucumbers,0.002242779415457719,0.0,0.002242779415457719,2242779416.457719,2
wholeblends,0.004482922173996871,0.0022405915745974084,0.0022423305993994626,2.0007761449346657,8
clearing,0.0022408049242568545,0.0,0.0022408049242568545,2240804925.2568545,2
skin clearing,0.0022408049242568545,0.0,0.0022408049242568545,2240804925.2568545,2
honey,0.003385747862832986,0.0011524460761588085,0.0022333017866741777,2.9378796378743073,5
bundle,0.0030850047855265454,0.0008517536137821764,0.002233251171744369,3.6219450472370354,3
helps,0.004524692930814891,0.002295323781163614,0.0022293691496512768,1.9712656519202851,7
selfcare,0.0022263337358350383,0.0,0.0022263337358350383,2226333736.835038,2
spa world,0.0022263048175387734,0.0,0.0022263048175387734,2226304818.5387735,2
contains,0.003274599850287669,0.001053274952308458,0.0022213248979792107,3.1089696389359425,6
user certified,0.00221437200905131,0.0,0.00221437200905131,2214372010.05131,2
smell,0.0022140843628507337,0.0,0.0022140843628507337,2214084363.8507338,2
healthier,0.003864236473104795,0.0016573013410985382,0.0022069351320062568,2.3316438452959622,4
prime,0.0022053915157158118,0.0,0.0022053915157158118,2205391516.7158117,2
prime plus,0.0022053915157158118,0.0,0.0022053915157158118,2205391516.7158117,2
burt,0.0021992863213835157,0.0,0.0021992863213835157,2199286322.383516,2
revive,0.002197892651421204,0.0,0.002197892651421204,2197892652.421204,2
ethically,0.0021932361180384955,0.0,0.0021932361180384955,2193236119.0384955,2
ethically sourced,0.0021932361180384955,0.0,0.0021932361180384955,2193236119.0384955,2
washes,0.0021928875678709023,0.0,0.0021928875678709023,2192887568.8709025,2
hair care,0.0034894728325901964,0.0012968935509823955,0.002192579281607801,2.6906393576067096,5
protect planet,0.0021908424859498213,0.0,0.0021908424859498213,2190842486.9498215,2
tested,0.0021832770747488477,0.0,0.0021832770747488477,2183277075.748848,2
tested animals,0.0021832770747488477,0.0,0.0021832770747488477,2183277075.748848,2
biodegradable formula,0.00218169521612367,0.0,0.00218169521612367,2181695217.12367,2
thanks user,0.0035042364179899573,0.0013264329465804306,0.0021778034714095267,2.641849650509734,5
byebyedryskin,0.0021718735366886635,0.0,0.0021718735366886635,2171873537.6886635,2
activities,0.002815495243326022,0.0006442828897924379,0.002171212353533584,4.369967423569318,3
scrub,0.003358411997349601,0.0011964337406625513,0.0021619782566870494,2.8070187937718876,3
earthdayeveryday url,0.002157436788401786,0.0,0.002157436788401786,2157436789.4017863,2
fruity,0.002155371317129941,0.0,0.002155371317129941,2155371318.129941,2
skin hydration,0.0021501658156619086,0.0,0.0021501658156619086,2150165816.6619086,2
employees,0.003903370214740726,0.001754167035071951,0.002149203179668775,2.225198704270156,5
soap,0.0021437496463612375,0.0,0.0021437496463612375,2143749647.3612375,2
ll love,0.0021353794649777427,0.0,0.0021353794649777427,2135379465.9777427,2
grow,0.002831198630634096,0.0006966591791016053,0.002134539451532491,4.063965153263574,3
countries,0.0021341572348348202,0.0,0.0021341572348348202,2134157235.8348203,2
age,0.002132070372376854,0.0,0.002132070372376854,2132070373.376854,2
recycle,0.0021313258774903854,0.0,0.0021313258774903854,2131325878.4903853,2
know yes,0.00212775676722152,0.0,0.00212775676722152,2127756768.22152,2
hydria herbal,0.0021249663909052316,0.0,0.0021249663909052316,2124966391.9052317,2
mention,0.002105948189954095,0.0,0.002105948189954095,2105948190.954095,2
vegan url,0.002104754351948408,0.0,0.002104754351948408,2104754352.948408,2
standard,0.0031755410309096893,0.0010759750194301765,0.002099566011479513,2.951314827587822,3
cotton,0.0020899896426574884,0.0,0.0020899896426574884,2089989643.6574883,2
liners,0.0020899896426574884,0.0,0.0020899896426574884,2089989643.6574883,2
liners wipes,0.0020899896426574884,0.0,0.0020899896426574884,2089989643.6574883,2
organic cotton,0.0020899896426574884,0.0,0.0020899896426574884,2089989643.6574883,2
pads,0.0020899896426574884,0.0,0.0020899896426574884,2089989643.6574883,2
pads liners,0.0020899896426574884,0.0,0.0020899896426574884,2089989643.6574883,2
tampons,0.0020899896426574884,0.0,0.0020899896426574884,2089989643.6574883,2
tampons pads,0.0020899896426574884,0.0,0.0020899896426574884,2089989643.6574883,2
zone,0.0020833065246061025,0.0,0.0020833065246061025,2083306525.6061025,2
zone peel,0.0020833065246061025,0.0,0.0020833065246061025,2083306525.6061025,2
herbal essences,0.0020822355867675807,0.0,0.0020822355867675807,2082235587.7675807,2
birch,0.0020805652182231352,0.0,0.0020805652182231352,2080565219.2231352,2
years,0.005418882720441516,0.0033467626003547564,0.0020721201200867598,1.619141650276591,8
argan oil,0.0020673012057322825,0.0,0.0020673012057322825,2067301206.7322824,2
aluminum,0.002066737556941845,0.0,0.002066737556941845,2066737557.941845,2
baking,0.002066737556941845,0.0,0.002066737556941845,2066737557.941845,2
baking soda,0.002066737556941845,0.0,0.002066737556941845,2066737557.941845,2
deodorants free,0.002066737556941845,0.0,0.002066737556941845,2066737557.941845,2
soda,0.002066737556941845,0.0,0.002066737556941845,2066737557.941845,2
vegan cruelty,0.0020657955322484615,0.0,0.0020657955322484615,2065795533.2484615,2
free vegan,0.0020655018828857324,0.0,0.0020655018828857324,2065501883.8857324,2
lock,0.002065449060096937,0.0,0.002065449060096937,2065449061.096937,2
perfection,0.0020649484707568654,0.0,0.0020649484707568654,2064948471.7568655,2
high quality,0.0020612822546445097,0.0,0.0020612822546445097,2061282255.6445098,2
shipping,0.002716489032235126,0.0006573748598990457,0.00205911417233608,4.132328743937627,3
getting rave,0.0020572456980194305,0.0,0.0020572456980194305,2057245699.0194306,2
rave,0.0020572456980194305,0.0,0.0020572456980194305,2057245699.0194306,2
rave reviews,0.0020572456980194305,0.0,0.0020572456980194305,2057245699.0194306,2
reviews,0.0020572456980194305,0.0,0.0020572456980194305,2057245699.0194306,2
contributing,0.0028320846638539027,0.0007793370718538184,0.002052747592000084,3.6339663073940813,3
long,0.005352970260288289,0.0033004174024562453,0.0020525528578320433,1.6219070520239594,9
don sweat,0.0020521908303095687,0.0,0.0020521908303095687,2052190831.3095686,2
oil enriched,0.0020425397640428814,0.0,0.0020425397640428814,2042539765.0428815,2
herbalessencesxkew,0.002040478845096638,0.0,0.002040478845096638,2040478846.0966382,2
herbalessencesxkew url,0.002040478845096638,0.0,0.002040478845096638,2040478846.0966382,2
potential botanicals,0.002040478845096638,0.0,0.002040478845096638,2040478846.0966382,2
scientists,0.002040478845096638,0.0,0.002040478845096638,2040478846.0966382,2
scientists working,0.002040478845096638,0.0,0.002040478845096638,2040478846.0966382,2
secrets garden,0.002040478845096638,0.0,0.002040478845096638,2040478846.0966382,2
unlock,0.002040478845096638,0.0,0.002040478845096638,2040478846.0966382,2
unlock potential,0.002040478845096638,0.0,0.002040478845096638,2040478846.0966382,2
user herbalessencesxkew,0.002040478845096638,0.0,0.002040478845096638,2040478846.0966382,2
working unlock,0.002040478845096638,0.0,0.002040478845096638,2040478846.0966382,2
est,0.002031697045765515,0.0,0.002031697045765515,2031697046.7655149,2
pm est,0.002031697045765515,0.0,0.002031697045765515,2031697046.7655149,2
working,0.004183533281793351,0.002158616562369968,0.0020249167194233836,1.938062254216258,7
facial,0.003539086557457897,0.0015550027367982635,0.0019840838206596333,2.2759359018678698,5
sulfate,0.00198186648529655,0.0,0.00198186648529655,1981866486.29655,2
sulfate free,0.00198186648529655,0.0,0.00198186648529655,1981866486.29655,2
featuring,0.003975969202791845,0.0019964937137787408,0.0019794754890131044,1.9914759432300433,7
aveda nutriplenish,0.001976923504118676,0.0,0.001976923504118676,1976923505.118676,2
jelly,0.0019696064345733413,0.0,0.0019696064345733413,1969606435.5733414,2
head toe,0.001967890842693673,0.0,0.001967890842693673,1967890843.6936731,2
toe,0.001967890842693673,0.0,0.001967890842693673,1967890843.6936731,2
canon,0.003365501462750991,0.0014029412542936304,0.0019625602084573607,2.398889797453853,3
fewer,0.00195886674429586,0.0,0.00195886674429586,1958866745.2958598,2
fewer ingredients,0.00195886674429586,0.0,0.00195886674429586,1958866745.2958598,2
forward formulas,0.00195886674429586,0.0,0.00195886674429586,1958866745.2958598,2
organic collection,0.00195886674429586,0.0,0.00195886674429586,1958866745.2958598,2
straight forward,0.00195886674429586,0.0,0.00195886674429586,1958866745.2958598,2
body wash,0.0028487859155021298,0.0008902540037389882,0.0019585319117631414,3.1999697854067612,4
introducing,0.003508376476043992,0.001550420213742053,0.001957956262301939,2.262855220594301,5
sustainably sourced,0.001954417775584932,0.0,0.001954417775584932,1954417776.5849323,2
chemical,0.001949244507866224,0.0,0.001949244507866224,1949244508.866224,2
keeping,0.0019475800242000963,0.0,0.0019475800242000963,1947580025.2000964,2
soothe,0.0019415254109595753,0.0,0.0019415254109595753,1941525411.9595754,2
ig user,0.001939237565131622,0.0,0.001939237565131622,1939237566.131622,2
shea butter,0.00254684176006586,0.0006152751980211744,0.0019315665620446855,4.139353845429761,4
moisture url,0.001927423996587626,0.0,0.001927423996587626,1927423997.587626,2
prevent,0.002504081582195614,0.0005813183898438317,0.0019227631923517826,4.3075905091540845,2
greens,0.0031014726786265092,0.001182759359260261,0.0019187133193662481,2.6222347366957584,4
user herbalessences,0.0019164991747125176,0.0,0.0019164991747125176,1916499175.7125175,2
packed,0.0033074735145011197,0.001395078773634073,0.0019123947408670467,2.3708148784420184,4
treat,0.004986032752761632,0.0030760223266795687,0.0019100104260820635,1.6209351632121933,11
effects,0.002689850357255695,0.000783974486627488,0.0019058758706282067,3.431043229985565,4
cold pressed,0.0019020685636493228,0.0,0.0019020685636493228,1902068564.6493227,2
amino,0.0018997478433031981,0.0,0.0018997478433031981,1899747844.303198,2
amino acids,0.0018997478433031981,0.0,0.0018997478433031981,1899747844.303198,2
omega,0.0018997478433031981,0.0,0.0018997478433031981,1899747844.303198,2
products real,0.001892585435081571,0.0,0.001892585435081571,1892585436.081571,2
smart,0.006052914465521172,0.00416423500575137,0.001888679459769802,1.45354776008264,10
cooling,0.001882690924773258,0.0,0.001882690924773258,1882690925.773258,2
products naturally,0.0018826594609195474,0.0,0.0018826594609195474,1882659461.9195473,2
cardboard,0.0018815414499464423,0.0,0.0018815414499464423,1881541450.9464424,2
eliminating,0.0018815414499464423,0.0,0.0018815414499464423,1881541450.9464424,2
eliminating plastic,0.0018815414499464423,0.0,0.0018815414499464423,1881541450.9464424,2
recyclable cardboard,0.0018815414499464423,0.0,0.0018815414499464423,1881541450.9464424,2
toothbrushes,0.0018815414499464423,0.0,0.0018815414499464423,1881541450.9464424,2
hemp seed,0.0018798390983106724,0.0,0.0018798390983106724,1879839099.3106725,2
designed,0.003089342147353868,0.001209907319465561,0.0018794348278883069,2.5533709037855212,5
regram,0.0018776495269250421,0.0,0.0018776495269250421,1877649527.9250422,2
good stuff,0.0018507013007283486,0.0,0.0018507013007283486,1850701301.7283487,2
stuff,0.0018507013007283486,0.0,0.0018507013007283486,1850701301.7283487,2
commitment,0.002706535779802036,0.0008563183231241788,0.001850217456677857,3.1606654961754015,3
oil samoa,0.0018419825709467613,0.0,0.0018419825709467613,1841982571.9467614,2
samoa,0.0018419825709467613,0.0,0.0018419825709467613,1841982571.9467614,2
virgin coconut,0.0018419825709467613,0.0,0.0018419825709467613,1841982571.9467614,2
ticket,0.0018319172835378015,0.0,0.0018319172835378015,1831917284.5378015,2
jojoba,0.001831222036598797,0.0,0.001831222036598797,1831222037.598797,2
company,0.003122670905628077,0.001292835989883636,0.001829834915744441,2.4153650800623003,5
equipment,0.0024425078028211342,0.000615530706742762,0.0018269770960783723,3.968133146075125,3
goddess facial,0.0018263498508971634,0.0,0.0018263498508971634,1826349851.8971634,2
book,0.002912741067821708,0.0010870220145161244,0.0018257190533055834,2.6795603283515113,5
potent,0.0023399130099362392,0.0005146537862363053,0.0018252592236999339,4.546576881327522,3
gently,0.002344061886616041,0.0005197782053123405,0.0018242836813037006,4.509734842956205,3
seed oil,0.0018211481840596899,0.0,0.0018211481840596899,1821148185.05969,2
derived nutriplenish,0.0018133182732214068,0.0,0.0018133182732214068,1813318274.221407,2
organic aloe,0.0018109026616875776,0.0,0.0018109026616875776,1810902662.6875777,2
hydrated,0.0029406915619346894,0.001130615322452016,0.0018100762394826734,2.6009655998258667,3
little,0.004818148539209512,0.003009800279858873,0.0018083482593506386,1.6008200181424035,12
materials,0.0024879629095487348,0.0006812322635295723,0.0018067306460191625,3.652150727574255,3
socialinnovation,0.002574514596834998,0.0007752819716840932,0.001799232625150905,3.3207461137291845,3
almond milk,0.0017826767415431613,0.0,0.0017826767415431613,1782676742.5431614,2
organic almond,0.0017826767415431613,0.0,0.0017826767415431613,1782676742.5431614,2
special edition,0.0017826767415431613,0.0,0.0017826767415431613,1782676742.5431614,2
approach,0.002541147365036818,0.0007752819716840932,0.001765865393352725,3.277707280151435,3
butter organic,0.0017587385377460444,0.0,0.0017587385377460444,1758738538.7460444,2
mango,0.0017587385377460444,0.0,0.0017587385377460444,1758738538.7460444,2
mango butter,0.0017587385377460444,0.0,0.0017587385377460444,1758738538.7460444,2
oil mango,0.0017587385377460444,0.0,0.0017587385377460444,1758738538.7460444,2
pomegranate oil,0.0017587385377460444,0.0,0.0017587385377460444,1758738538.7460444,2
facial oil,0.0026815494976009024,0.0009288287878113059,0.0017527207097895966,2.887022377969883,3
pixibeauty,0.0035982653506408955,0.0018567510551195756,0.0017415142955213199,1.9379363430447758,7
new hair,0.002372942260477528,0.0006433803129436459,0.001729561947533882,3.6882419465594274,3
haircare,0.004182634557056571,0.0024670285784357125,0.0017156059786208586,1.6954139051819466,9
cleansing,0.004101972056700572,0.0023876519933381368,0.0017143200633624352,1.7179941077793666,7
chance,0.003688474816377144,0.00197787997400039,0.001710594842376754,1.8648628147299062,4
fatty,0.0017068440887841724,0.0,0.0017068440887841724,1706844089.7841725,2
fatty acids,0.0017068440887841724,0.0,0.0017068440887841724,1706844089.7841725,2
good,0.007601125462325831,0.0059111209123797045,0.0016900045499461261,1.2859025512607658,16
great,0.005179211808045107,0.0034906392681619425,0.0016885725398831644,1.4837430652891754,10
oat,0.002356418957531646,0.0006832479939830236,0.0016731709635486223,3.4488486989123106,3
breathe,0.002849719807014834,0.0011799711200798425,0.0016697486869349915,2.4150758922022875,4
skin natural,0.002789862329908711,0.00112783705242391,0.0016620252774848011,2.4736395407822362,5
choose,0.0031425009455605863,0.001484954291957071,0.0016575466536035153,2.116227389263781,4
soft skin,0.0021815253497388097,0.0005291083889804689,0.0016524169607583408,4.1230216569034885,3
wash,0.004341360769847341,0.002715852324287718,0.001625508445559623,1.5985260797961158,10
leaves,0.0021550847330453157,0.0005356276483979857,0.0016194570846473299,4.02347551786676,3
silver,0.002599761530745334,0.0009850297401191184,0.0016147317906262154,2.6392721186181403,3
work,0.005258644218445657,0.003645295926746281,0.0016133482916993762,1.4425836265910066,10
use code,0.0028260161447318656,0.0012245891474104017,0.0016014269973214639,2.3077259417170426,5
nutrient,0.0021804747571551593,0.000583384488621239,0.0015970902685339202,3.7376289513127565,3
know,0.0067952450647874845,0.005213699373838715,0.0015815456909487697,1.3033442431647095,14
light,0.002906441727450447,0.0013271015761400534,0.0015793401513103937,2.1900672702943527,5
award,0.0021666114618815657,0.0006324546694534424,0.0015341567924281232,3.425718180447936,3
choice,0.0022817837119358704,0.0007486369449671297,0.0015331467669687407,3.0479175857239302,3
hands,0.0022563948758313355,0.0007397684721550605,0.001516626403676275,3.05013657476909,3
total,0.0020991010075605237,0.0006071340354209606,0.0014919669721395632,3.457393067492427,2
awareness,0.0026300175667456137,0.0011591445198106723,0.0014708730469349413,2.268929818954978,3
demand,0.0027150004134928432,0.0012549402724158073,0.001460060141077036,2.1634499043551414,4
gardening,0.002673312071851504,0.0012193408631142886,0.0014539712087372155,2.1924239165012804,2
quick,0.0020991010075605237,0.0006491238615229729,0.0014499771460375508,3.2337449441496,2
powder,0.002084201549358428,0.0006422420659584855,0.0014419594833999425,3.2451962547840245,3
initiatives,0.002192552437432467,0.0007555537647167459,0.001436998672715721,2.9019145134595834,2
initiatives url,0.002192552437432467,0.0007555537647167459,0.001436998672715721,2.9019145134595834,2
simple,0.0021016259848070725,0.0006724651187984297,0.001429160866008643,3.125256498711831,3
night cream,0.0022398868458378286,0.0008197360271329589,0.0014201508187048698,2.732448946936519,3
hydration url,0.0018700333397535247,0.0004581932275982192,0.0014118401121553056,4.081320333944352,3
air,0.0038437203978952004,0.0024372863819314195,0.0014064340159637809,1.5770491419527843,7
soon,0.0026488673020060305,0.0012462039748563705,0.00140266332714966,2.1255487499033,4
battery storage,0.0020487910541347235,0.0006475977300612739,0.0014011933240734497,3.1636785567132764,2
summer,0.00427599349280237,0.002876540482841179,0.0013994530099611909,1.4865055846849882,9
round,0.0020180530437190762,0.0006252523821184734,0.0013928006616006029,3.2275815322029624,3
year round,0.0020180530437190762,0.0006252523821184734,0.0013928006616006029,3.2275815322029624,3
aloe,0.0034220420292148572,0.002042016839822848,0.001380025189392009,1.6758147933960799,6
kmcares,0.0019793724651332835,0.0006110867200011143,0.0013682857451321692,3.2391024025044626,2
lavender,0.0021682737685762977,0.0008100373993269576,0.0013582363692493402,2.6767576024281245,3
happy national,0.002585702530905132,0.0012304021368362691,0.0013553003940688629,2.101510109899707,3
skin learn,0.002278661423963037,0.0009298872164709414,0.0013487742074920956,2.4504707475820786,4
user thank,0.0018752835762401976,0.0005356276483979857,0.0013396559278422118,3.5010955452876775,3
sea,0.0021582111272366433,0.000821947790337639,0.0013362633368990042,2.6257277542219164,3
markets,0.0020145850177405032,0.0006859929884824314,0.0013285920292580718,2.9367428670961626,3
technologies,0.0026252393285038367,0.0012973498260610322,0.0013278895024428044,2.023540046597112,4
bar,0.001945681810484975,0.0006347940809178998,0.0013108877295670753,3.0650597838065807,3
mexico,0.002064530069771883,0.0007543270887770263,0.0013102029809948566,2.7369162512540064,3
icymi,0.002438884074888004,0.00114189557726177,0.0012969884976262338,2.1358205796720497,2
practical,0.0019514676527697607,0.0006644873538840876,0.0012869802988856732,2.9368017907732384,2
pressed,0.0018156175591663717,0.0005338680293091438,0.001281749529857228,3.40087335650163,3
provide,0.0029358180943366086,0.0016559685667345823,0.0012798495276020263,1.7728706646605625,6
glam,0.002028144335970209,0.0007484873693001734,0.0012796569666700358,2.7096573936268853,3
creating,0.0021316411114316366,0.0008563183231241788,0.0012753227883074577,2.489309235104628,3
environment,0.002368899775274022,0.0011095997211986429,0.001259300054075379,2.134913815209064,3
watch user,0.002159499431358157,0.0009119115088587355,0.0012475879224994216,2.368101958371691,3
april,0.002113582272047077,0.0008727472124759677,0.0012408350595711091,2.4217576870043795,3
today,0.009745523449946569,0.008508438654695246,0.0012370847952513225,1.1453950419473569,25
really,0.0020074051703738625,0.0007711737042075292,0.0012362314661663334,2.603051890667944,2
shared,0.002562759673934262,0.0013391888035157937,0.0012235708704184684,1.9136656954512632,4
presents,0.002154901624136442,0.000944980433690916,0.0012099211904455262,2.280366392814542,2
cleanbeauty url,0.0020074051703738625,0.0007989363438526139,0.0012084688265212484,2.512597135312682,2
doing,0.0018396217943186903,0.0006441093309620149,0.0011955124633566754,2.856070707305291,3
line,0.004157543835945749,0.0029669718483289797,0.0011905719876167693,1.4012751209237235,9
join tomorrow,0.001789195073748319,0.0005991896492969283,0.0011900054244513908,2.9860246649148294,2
silky,0.0029819257862810683,0.0018021726460630625,0.0011797531402180058,1.654628257809044,6
awarded,0.0019009582327047267,0.000733873390411431,0.0011670848422932957,2.5903081593525084,2
manufacturing,0.002395462000882975,0.0012304021368362691,0.0011650598640467057,1.9468935628602926,3
source,0.002508102557147983,0.0013527469526875885,0.0011553556044603946,1.8540810986939538,3
spa,0.002125116936386796,0.0009727744809903036,0.0011523424553964924,2.1845936306211398,3
available url,0.0022626643098664035,0.0011139277870993915,0.001148736522767012,2.031248645593995,4
balance,0.002176617891230235,0.001042697395562702,0.0011339204956675331,2.0874876060931506,4
immune,0.0022836707992769083,0.0011682342201783408,0.0011154365790985675,1.954805602230588,2
dry,0.006144169762138316,0.005043740534294219,0.0011004292278440969,1.2181772079954754,18
month,0.003104222886071467,0.0020058999030842916,0.0010983229829871753,1.547546256296656,5
soothing,0.0030493119353567195,0.0019557626771268943,0.0010935492582298252,1.5591421037225015,5
carbon,0.0030430329284880614,0.001949658194238967,0.0010933747342490943,1.5608032920432398,3
impurities,0.002075144418193807,0.0010222511255704296,0.0010528932926233774,2.029975184430219,4
mothersday,0.0020110048262536096,0.0009587185776649596,0.00105228624858865,2.0975965961293728,2
schwarzkopf,0.0017120176959908382,0.0006740149992175942,0.001038002696773244,2.5400290741869878,2
high,0.005267612319247123,0.004230861945004154,0.0010367503742429694,1.2450447184224789,11
arbonne,0.002658237341239341,0.0016517342994948625,0.0010065030417444785,1.6093613491243286,6
shampoo,0.002650875776075692,0.0016589204868760364,0.0009919552891996556,1.5979522806844615,6
lifecycle,0.001658541068354719,0.0006812911562122987,0.00097724991214242,2.434408625148054,2
key,0.0021813043339672803,0.0012086368707397124,0.0009726674632275678,1.804764016364576,3
innovations,0.0015007771307635007,0.0005304125256608853,0.0009703646051026154,2.829452654920063,2
crazy,0.001566867393271445,0.0005969823489227556,0.0009698850443486893,2.624646096277694,2
donate,0.0016029461571269857,0.0006408204937051236,0.0009621256634218621,2.5013965242553433,2
want learn,0.002192552437432467,0.0012311374703045039,0.0009614149671279631,1.7809160142849483,2
lineup,0.0017476502497037905,0.0007890321487405475,0.000958618100963243,2.2149290764368215,2
brightening,0.002019783260508399,0.0010658885917489921,0.0009538946687594068,1.8949290528565035,2
limited,0.004121173020533322,0.0031736955613163574,0.0009474774592169648,1.2985407518185008,10
better,0.0040071059966773365,0.003065382512703036,0.0009417234839743005,1.3072123885892082,9
keeps,0.0016300939826515031,0.0006902417482374863,0.0009398522344140169,2.3616276260488105,2
secrets,0.0019477369486392507,0.0010174428410622636,0.0009302941075769872,1.914345326457225,3
thank,0.002576290033626431,0.0016539884489089845,0.0009223015847174463,1.5576227480719098,6
way,0.0065248650022515856,0.005610450127057314,0.0009144148751942718,1.162984226634753,15
running,0.0015899705463806348,0.0006821414670715913,0.0009078290793090435,2.3308516221356097,2
straight,0.001869834203130405,0.0009727628129838314,0.0008970713901465736,1.9221892297390843,3
whatmovesus,0.001529562595167774,0.0006430871424820013,0.0008864754526857726,2.378468628506462,2
whatmovesus url,0.001529562595167774,0.0006430871424820013,0.0008864754526857726,2.378468628506462,2
helping,0.0031325129159589997,0.0022499868053348143,0.0008825261106241854,1.3922361269583636,7
recent,0.0015007771307635007,0.0006215576218769069,0.0008792195088865939,2.4145422347442023,2
provider,0.001531856662572389,0.0006529391601487038,0.0008789175024236851,2.346094023335071,2
hitachi,0.001686021224316758,0.0008121971826387541,0.000873824041678004,2.075876719694044,2
vehicles,0.0015883611664171387,0.0007192226638708278,0.0008691385025463109,2.208441481335141,2
natural glow,0.002332109137708406,0.0014633493860541184,0.0008687597516542876,1.5936789664450508,4
discover,0.003570297836469007,0.0027069732970508736,0.0008633245394181334,1.3189261379267245,7
shower,0.0019149952257670922,0.0010612398300783687,0.0008537553956887234,1.8044886468510968,4
infrastructure,0.0016486752318925898,0.000805969562256419,0.0008427056696361709,2.045580016981441,2
wealth,0.0018690332405820254,0.0010414289758395507,0.0008276042647424747,1.7946814263359803,2
buildable,0.0015167799994445239,0.0006943579854354026,0.0008224220140091213,2.1844351617976714,2
enter,0.0024050448477932855,0.0015873699351935215,0.000817674912599764,1.515113014273491,4
largest,0.001531856662572389,0.0007186566860894303,0.0008131999764829586,2.131555569010886,2
harsh chemicals,0.0014493971508119407,0.0006448393282745151,0.0008045578225374256,2.2476872703198856,2
pack,0.001478328103845976,0.0006806199548447802,0.0007977081490011958,2.1720316781060096,2
serum,0.0034137390112993736,0.0026166507670907168,0.0007970882442086568,1.3046215620093107,7
ones,0.001553056062440521,0.000756168616020782,0.000796887446419739,2.053848875082101,2
trio,0.0014330419805613848,0.0006383793985829403,0.0007946625819784445,2.2448123835098777,2
bottle,0.0020487081396031647,0.0012566249199819975,0.0007920832196211672,1.6303258883344354,3
discover url,0.0013412383824421082,0.0005536654588468957,0.0007875729235952125,2.4224707530301766,2
favorite url,0.0016278507661733916,0.0008441313739040531,0.0007837193922693384,1.9284329614669502,2
frizz,0.002121875763708187,0.0013396875503518273,0.0007821882133563598,1.5838586859802375,4
solutions url,0.0014026056233193054,0.0006215576218769069,0.0007810480014423985,2.2565978964706175,2
peel,0.001915171990352719,0.0011365366650036212,0.0007786353253490977,1.6850947696100258,4
days,0.0014506119782261675,0.000675778320525117,0.0007748336577010505,2.146579629770281,2
complete,0.001337648686534296,0.0005662426316179213,0.0007714060549163748,2.362324223716461,2
breakouts,0.0014493971508119407,0.0006820121655243526,0.000767384985287588,2.125177853055481,2
protect skin,0.0013077186169608039,0.0005445275517431106,0.0007631910652176933,2.4015655615093197,2
celebrate,0.0024588021259336155,0.0016958385512882098,0.0007629635746454057,1.4499034260165464,4
installed,0.001531856662572389,0.000771440715069325,0.0007604159475030639,1.9857088583262303,2
storage,0.0020487910541347235,0.0012951954601225478,0.0007535955940121757,1.5818392795779515,2
closer,0.0016356243246551446,0.000886612797262745,0.0007490115273923996,1.8448011678379046,2
beautiful,0.0021903939448441054,0.001444206814829442,0.0007461871300146635,1.5166760894879938,4
luxurious,0.0012686161575271055,0.0005230742016292791,0.0007455419558978263,2.425308210862423,2
national,0.002490204202037557,0.0017467280104716014,0.0007434761915659557,1.4256393592380672,4
announce,0.0016390602497091738,0.0008970920966633771,0.0007419681530457967,1.827081360964358,2
proud announce,0.0016390602497091738,0.0008970920966633771,0.0007419681530457967,1.827081360964358,2
ceo,0.0012697491804831353,0.0005304125256608853,0.00073933665482225,2.3938898831756634,2
extra,0.002179875574289282,0.0014426552525343354,0.0007372203217549465,1.51101628053469,3
receive,0.0031065225327468735,0.002378306943635007,0.0007282155891118664,1.3061907508425594,6
prevention,0.0015061186100571347,0.0007842834474801217,0.0007218351625770129,1.9203753617086672,2
requirements,0.001382898248553482,0.0006644873538840876,0.0007184108946693945,2.0811505883279198,2
revitalizing,0.0014812950470619167,0.0007636827543026698,0.0007176122927592469,1.9396732972906219,2
mineral sunscreen,0.0017917853771273673,0.0010791454998835184,0.0007126398772438489,1.6603742281836844,3
director,0.0014026056233193054,0.0006962727577855081,0.0007063328655337972,2.0144485140648567,2
latest hair,0.0014486765233067702,0.0007451866683010154,0.0007034898550057547,1.9440451419583602,2
early,0.001354893258518387,0.0006529391601487038,0.0007019540983696832,2.0750681535700024,2
replenish,0.0021323319372945466,0.0014459322385354802,0.0006863996987590663,1.474710833600044,3
happens,0.0014506119782261675,0.0007707481327509233,0.0006798638454752441,1.8820830251856964,2
market,0.0013600472416436466,0.000681389793841946,0.0006786574478017006,1.9959900382117124,2
unique,0.002697135165044176,0.0020188619479856135,0.0006782732170585626,1.3359681019295866,6
curl,0.0018686741513624333,0.0011945286384582425,0.0006741455129041908,1.5643611133592725,4
antioxidants,0.0012129690354577224,0.0005391591323960501,0.0006738099030616724,2.2497421657637244,2
essentials line,0.001239734255064383,0.0005662426316179213,0.0006734916234464617,2.1894046556203195,2
natural hair,0.0013600472416436466,0.0006878261848342655,0.0006722210568093811,1.9773123946917535,2
curls,0.0036202425947256542,0.0029536415883160455,0.0006666010064096087,1.2256878454111857,5
lanc,0.0013412383824421082,0.0006747787295792407,0.0006664596528628675,1.9876713990240447,2
named,0.0014026056233193054,0.0007361494305021254,0.0006664561928171799,1.9053273211897546,2
dramatic,0.0014895433673549447,0.0008441313739040531,0.0006454119934508916,1.7645871396786446,2
protection,0.0027167073301659437,0.0020766390915743426,0.000640068238591601,1.3082231481052053,6
reusable,0.0013200310663513543,0.0006809613322936916,0.0006390697340576627,1.9384816770235593,2
systems,0.0013298500227572447,0.0006962727577855081,0.0006335772649717366,1.9099555554591425,2
detoxify,0.0011547359420671368,0.0005230742016292791,0.0006316617404378577,2.2075949019522536,2
best,0.005879112378275924,0.00524957645057778,0.0006295359276981445,1.1199212800318272,15
approved,0.0011657179766476065,0.0005391591323960501,0.0006265588442515564,2.1621037379168446,2
taking,0.0011425837948208016,0.0005162429238079786,0.000626340871012823,2.213267709665554,2
deeply,0.0011704530477441362,0.000546629559900609,0.0006238234878435272,2.1412179883132114,2
plan,0.0012697491804831353,0.0006461305480724685,0.0006236186324106668,1.965158872778701,2
future,0.005716256255814592,0.005093149097089197,0.0006231071587253952,1.1223422182867506,13
different,0.0013384078728230324,0.000719199333360283,0.0006192085394627494,1.8609692888738922,2
blended,0.00165258339474714,0.0010435693500036305,0.0006090140447435094,1.5835875154418853,3
proud,0.0043174939696755885,0.0037096290486864705,0.0006078649209891179,1.163861376123441,10
gentle skin,0.0011650847200637558,0.0005611316693296339,0.0006039530507341219,2.076312535308037,2
active,0.0015187079243062505,0.0009166560147811652,0.0006020519095250853,1.6567915326579978,2
strategies,0.001354893258518387,0.0007546297795262148,0.0006002634789921723,1.7954410155581184,2
aerinbeauty,0.0012746525246641119,0.0006754323210515084,0.0005992202036126035,1.8871654258306385,2
aerinbeauty url,0.0012746525246641119,0.0006754323210515084,0.0005992202036126035,1.8871654258306385,2
clat,0.0012746525246641119,0.0006754323210515084,0.0005992202036126035,1.8871654258306385,2
clat vert,0.0012746525246641119,0.0006754323210515084,0.0005992202036126035,1.8871654258306385,2
iconic greens,0.0012746525246641119,0.0006754323210515084,0.0005992202036126035,1.8871654258306385,2
url aerinbeauty,0.0012746525246641119,0.0006754323210515084,0.0005992202036126035,1.8871654258306385,2
user available,0.0012746525246641119,0.0006754323210515084,0.0005992202036126035,1.8871654258306385,2
vert,0.0012746525246641119,0.0006754323210515084,0.0005992202036126035,1.8871654258306385,2
styler,0.0010254929730112846,0.00042635716270725146,0.0005991358103040332,2.4052439159094705,2
nearly,0.0016390602497091738,0.0010419779977284308,0.000597082251980743,1.5730276960832066,2
facility,0.001307277806407835,0.0007150413419072138,0.0005922364645006211,1.8282548559957486,2
survivor,0.001528754691927212,0.0009451378762417295,0.0005836168156854824,1.617493838453176,2
high performance,0.001553056062440521,0.0009699339522262979,0.0005831221102142231,1.6011977498824328,2
checkout,0.0012146875379534907,0.0006337293847975417,0.000580958153155949,1.916729074232244,2
avedacares,0.0012125221657865145,0.0006337293847975417,0.0005787927809889728,1.9133122022747426,2
say yes,0.001260178235037015,0.0006820121655243526,0.0005781660695126624,1.8477357118995292,2
loves,0.001686683873912711,0.0011102913351213762,0.0005763925387913349,1.5191363023734556,3
wake,0.0014493971508119407,0.0008730557658991751,0.0005763413849127656,1.6601426927855394,2
europe,0.001503482915917798,0.0009289154815515284,0.0005745674343662696,1.6185357496551334,2
cleaning,0.0019431517400163572,0.0013699807008187436,0.0005731710391976136,1.418378914707842,4
mineral rich,0.0011547359420671368,0.0005819831984606281,0.0005727527436065087,1.9841396523771235,2
solar,0.001531856662572389,0.0009676809509469789,0.0005641757116254101,1.5830183083487235,2
teams,0.0011431509439456527,0.0005849043952117179,0.0005582465487339348,1.9544235816136117,2
olive,0.0021011919091890015,0.0015431633678058938,0.0005580285413831077,1.3616133927640548,4
beautiful thing,0.001240106647467363,0.0006878261848342655,0.0005522804626330976,1.8029360818289226,2
spectrum,0.001656501576083559,0.0011077230740596021,0.0005487785020239569,1.4954112759585056,4
core,0.001260178235037015,0.0007119260118965578,0.0005482522231404572,1.7700971915744814,2
non toxic,0.001137857621831468,0.0005963194110393731,0.0005415382107920949,1.9081344659568769,2
toxic,0.001137857621831468,0.0005963194110393731,0.0005415382107920949,1.9081344659568769,2
skin moisture,0.0012508405739333156,0.0007116417157174087,0.0005391988582159069,1.7576830384579907,2
uplifting,0.0012170841498153142,0.0006809613322936916,0.0005361228175216227,1.7873028780187705,2
roses,0.0013412383824421082,0.0008107294681277052,0.000530508914314403,1.6543599739691193,2
discussion,0.0012549172631440525,0.0007254918870047793,0.0005294253761392732,1.7297467895820022,2
want,0.005954338591197781,0.005427408345711833,0.0005269302454859476,1.0970868989073184,13
white,0.0010413256380799318,0.0005162429238079786,0.0005250827142719533,2.0171233135393822,2
treat skin,0.0010384249836388026,0.0005162429238079786,0.000522182059830824,2.011504535437565,2
costs,0.001686021224316758,0.0011640906561859723,0.0005219305681307858,1.4483590387989889,2
organizations,0.0011552514513068445,0.0006337293847975417,0.0005215220665093028,1.8229412714592252,2
treatment,0.001068795319213042,0.0005477663080491278,0.0005210290111639143,1.951188495087208,2
monday,0.0012549172631440525,0.0007355689551110599,0.0005193483080329925,1.7060497914142243,2
impact,0.002703588238221532,0.002188656837702027,0.0005149314005195053,1.2352727898745803,4
labs,0.001382898248553482,0.0008715454910450972,0.0005113527575083849,1.5867195254587185,2
clean url,0.0013298500227572447,0.0008205425938688447,0.0005093074288884,1.6206959054573,2
yes,0.007484202932361272,0.006975537377004167,0.0005086655553571051,1.0729213432302822,18
way enjoy,0.0012823286348008299,0.0007749927005063148,0.000507335934294515,1.6546331769427394,2
models,0.0012365015142054205,0.0007298307495744393,0.0005066707646309812,1.6942304969093012,2
cleansers,0.0011467494333258182,0.0006509200938837089,0.0004958293394421093,1.761736107610401,2
implement,0.001686021224316758,0.001191013937988291,0.000495007286328467,1.4156183820560084,2
gentle clean,0.0011993281735386825,0.0007044846841008076,0.0004948434894378749,1.7024190871758493,2
face,0.005192891812444246,0.004699779123558182,0.0004931126888860641,1.1049225241904153,13
sephorainjcp,0.0012257525759081132,0.0007340884531122767,0.0004916641227958365,1.6697614164091428,2
sephorainjcp sijcp,0.0012257525759081132,0.0007340884531122767,0.0004916641227958365,1.6697614164091428,2
sijcp,0.0012257525759081132,0.0007340884531122767,0.0004916641227958365,1.6697614164091428,2
communities,0.001124043461691173,0.0006337293847975417,0.0004903140768936314,1.7736962935316252,2
winter,0.0013077186169608039,0.0008275114479776374,0.0004802071689831665,1.5803027493776023,2
smooth lips,0.0009877543647029737,0.0005095466692505132,0.0004782076954524605,1.9384963603380132,2
radiance,0.0018258814225663822,0.0013483890187984218,0.0004774924037679604,1.3541206556542142,4
loving ingredients,0.0010448815409672997,0.0005694866270776503,0.00047539491388964936,1.8347780096161075,2
fast,0.001165275849148371,0.0006902417482374863,0.00047503410091088484,1.6882140951857194,2
expert,0.001260178235037015,0.0007851938571683533,0.0004749843778686617,1.6049262521954424,2
power,0.003836884737412779,0.0033644585126634216,0.00047242622474935733,1.140416718717376,8
hair types,0.0010254929730112846,0.0005538156395596456,0.000471677333451639,1.8516865521800654,2
live user,0.0011443558012371438,0.000676676688359354,0.00046767911287778983,1.6911411612546705,2
liquid serum,0.0009441134615620567,0.0004800101926155321,0.0004641032689465246,1.9668612773633132,2
juicy,0.0010602454849840109,0.0005969823489227556,0.00046326313606125525,1.7760080949146948,2
goodies,0.001137857621831468,0.0006747787295792407,0.0004630788922522273,1.6862677664050156,2
goodies user,0.001137857621831468,0.0006747787295792407,0.0004630788922522273,1.6862677664050156,2
colour,0.0018521119741187323,0.001391411115360654,0.0004607008587580784,1.3311033334008988,4
methods,0.001124043461691173,0.0006644873538840876,0.0004595561078070855,1.6915949632890304,2
cleanbeauty,0.001916166507005108,0.0014633472174455638,0.00045281928955954423,1.3094407696626849,3
place,0.0010776946953939633,0.0006262860971005234,0.0004514085982934399,1.7207705865778065,2
booster,0.0010098916302541995,0.0005592882656150211,0.0004506033646391784,1.8056728373122575,2
glow oil,0.001036371426414849,0.0005878620021678492,0.0004485094242469999,1.7629501852987415,2
managed,0.0011657179766476065,0.00072082656618653,0.00044489141046107647,1.617196189365688,2
paper,0.0011657179766476065,0.00072082656618653,0.00044489141046107647,1.617196189365688,2
garnier,0.0013200310663513543,0.0008764698981210783,0.00044356116823027593,1.5060768985621502,2
balances,0.0012508405739333156,0.0008103804045229432,0.0004404601694103724,1.5435227288425624,2
start,0.003019778386059555,0.002583104522676526,0.00043667386338302897,1.1690500169004048,6
multi,0.0022557217154683526,0.0018205611276570287,0.0004351605878113239,1.2390255295257941,5
moisturize,0.0009441134615620567,0.0005095466692505132,0.00043456679231154347,1.8528498323772644,2
wind,0.001307277806407835,0.0008730557658991751,0.00043422204050865985,1.4973588824123831,2
pixibypetra,0.0011547359420671368,0.0007220087750474028,0.00043272716701973403,1.5993378216102512,2
pixibypetra pixibeauty,0.0011547359420671368,0.0007220087750474028,0.00043272716701973403,1.5993378216102512,2
cities,0.0011866529578110642,0.0007555099924803938,0.00043114296533067046,1.5706648079458647,2
great hair,0.0009848662722611303,0.0005538156395596456,0.0004310506327014847,1.7783287454032473,2
transform,0.0012365015142054205,0.000805969562256419,0.00043053195194900156,1.5341789213596246,2
tokyo,0.0011866529578110642,0.00075717686642406,0.0004294760913870042,1.5672070950187578,2
benefits,0.002703312844324373,0.0022747964456871998,0.00042851639863717306,1.1883757112691222,5
food blend,0.0010384249836388026,0.0006111624613481803,0.0004272625222906223,1.6990981099346545,2
photoready,0.0011954998854616123,0.0007683355190640037,0.0004271643663976086,1.5559607166957803,2
resource,0.0010791027348178164,0.0006529391601487038,0.00042616357466911255,1.6526849667270238,2
launched,0.0010082565477980603,0.0005849043952117179,0.00042335215258634243,1.7237971800661618,2
silky soft,0.0009776805121638665,0.0005611316693296339,0.0004165488428342326,1.7423370749855076,2
monat,0.0010416374909930203,0.000626629448107128,0.00041500804288589234,1.662286209939908,2
inspiration,0.0016091223379374525,0.0011968096967948448,0.0004123126411426077,1.3445097762010998,2
built,0.0023898437581011327,0.001977722334471481,0.00041212142362965186,1.2083818422020318,4
mask dry,0.0009230988397118327,0.0005162429238079786,0.0004068559159038542,1.7881094274661258,2
brush url,0.001047020151362414,0.0006442859514799958,0.0004027341998824182,1.6250861101847824,2
revitalize,0.0011229901926669698,0.0007220087750474028,0.000400981417619567,1.5553691740628384,2
greatest,0.0012125221657865145,0.0008121799463050349,0.0004003422194814796,1.4929230533330575,2
broad,0.0009385508036740174,0.0005391591323960501,0.0003993916712779674,1.7407677001821025,2
broad spectrum,0.0009385508036740174,0.0005391591323960501,0.0003993916712779674,1.7407677001821025,2
spectrum mineral,0.0009385508036740174,0.0005391591323960501,0.0003993916712779674,1.7407677001821025,2
skincare url,0.001686683873912711,0.0012874095918245431,0.00039927428208816796,1.310137724865146,3
haircare url,0.0010372538722340239,0.0006383793985829403,0.00039887447365108354,1.624823535834133,2
waves,0.0010254929730112846,0.000626629448107128,0.00039886352490415666,1.6365221511253412,2
probiotics,0.0010200669297895655,0.0006246932202760791,0.00039537370951348634,1.6329085958478065,2
botanicals url,0.001131451064313299,0.0007361494305021254,0.0003953016338111735,1.5369855859353905,2
tip,0.0008801956140459816,0.00048668997564421467,0.0003935056384017669,1.80853450304244,2
pgbeauty,0.0011240006440614877,0.000733873390411431,0.0003901272536500568,1.531600216353041,2
understand,0.0013923337649606935,0.0010038138039627877,0.00038851996099790575,1.3870438512372407,2
hydrate,0.0009974119493975186,0.0006098794014240332,0.0003875325479734854,1.6354248830722833,2
device,0.0012669211688222178,0.0008800044486292078,0.00038691672019301,1.4396758679527568,2
strength,0.001036371426414849,0.0006523079290632007,0.0003840634973516484,1.5887763733217797,2
exfoliating,0.0010098916302541995,0.0006267010899719645,0.000383190540282235,1.6114406785026278,2
conference,0.0012365015142054205,0.0008582799804771542,0.0003782215337282663,1.440673838247192,2
best selling,0.0012146875379534907,0.0008367485620710211,0.00037793897588246953,1.4516756796036363,2
adding,0.0010106937041922065,0.0006337293847975417,0.00037696431939466483,1.594834842509724,2
damage,0.0010413256380799318,0.0006658118672164087,0.00037551377086352314,1.5639938078446358,2
supported,0.0015883611664171387,0.0012143374251516801,0.00037402374126545854,1.3080064347936353,2
microsoft,0.0020140166793793323,0.0016413844600671875,0.00037263221931214474,1.2270231186847405,2
answer,0.001207557272905739,0.0008378525557682238,0.00036970471713751517,1.4412527170216503,2
stick,0.0010776946953939633,0.0007119260118965578,0.0003657686834974054,1.5137734495881543,2
stay tuned,0.0012039247888439336,0.0008422548493500427,0.0003616699394938909,1.429406775566303,2
tuned,0.0012039247888439336,0.0008422548493500427,0.0003616699394938909,1.429406775566303,2
peel mask,0.0010384249836388026,0.0006820121655243526,0.00035641281811444995,1.5225901173153389,2
link url,0.0009385508036740174,0.0005864308048387886,0.00035211999883522885,1.6004459440557213,2
series,0.001225407502305107,0.0008867205237294686,0.0003386869785756384,1.381954594632812,2
fructis curl,0.0010072336288325253,0.0006727678482529647,0.00033446578057956056,1.4971488767647685,2
style,0.0023905248834996825,0.0020571127304804433,0.00033341215301923915,1.1620777256962929,5
value,0.0016442610872980466,0.001314520234554677,0.00032974085274336965,1.2508450184520983,3
development,0.0012549172631440525,0.0009289154815515284,0.0003260017815925241,1.3509488082780883,2
level,0.0011425837948208016,0.000819065764354747,0.00032351803046605455,1.39498419315076,2
starting,0.001226988249964226,0.0009040022197694422,0.0003229860301947838,1.3572845539249605,2
phone,0.001337648686534296,0.00101908111492002,0.00031856757161427616,1.3126027620742196,2
perfect gift,0.0009974119493975186,0.0006809613322936916,0.00031645061710382704,1.464711579985328,2
past,0.0020529127343449334,0.0017365394541338877,0.0003163732802110458,1.1821860593352618,4
click link,0.0018321699563847741,0.0015168814595266393,0.00031528849685813487,1.2078530887632257,4
green tea,0.002837739147542831,0.0025268385467533787,0.0003109006007894523,1.1230393612072584,7
sheer,0.0008801956140459816,0.0005694866270776503,0.0003107089869683312,1.545594877297041,2
chamomile,0.001117977533952978,0.0008103804045229432,0.0003075971294300348,1.379571281997546,2
curly,0.0010254929730112846,0.0007225096844036827,0.00030298328860760195,1.419348411140424,2
options,0.00112409224865786,0.0008235292078161102,0.0003005630408417499,1.3649694966786103,2
money,0.0010901286791200658,0.000789595975254227,0.0003005327038658388,1.3806157996036648,2
achievements,0.0011431509439456527,0.0008527388635681147,0.00029041208037753794,1.3405639081838054,2
energystarchat,0.0010901286791200658,0.0008075430040680527,0.0002825856750520131,1.3499326639925502,2
start building,0.001354893258518387,0.0010726994845285266,0.0002821937739898605,1.263068807058131,2
free url,0.0009970002130354194,0.000715499020893082,0.0002815011921423374,1.393433371016407,2
aroma,0.0012737350247188461,0.0009922352913698368,0.0002814997333490093,1.2837026011004713,2
feels good,0.001384680147466057,0.0011047459242497994,0.00027993422321625767,1.2533924016537652,3
welcome,0.002319516366593278,0.002041007792142396,0.00027850857445088206,1.1364563993271588,5
cleansed,0.0008049962293792947,0.0005277679205999058,0.0002772283087793889,1.5252844999350912,2
enhance skin,0.0010200669297895655,0.0007447564317957782,0.00027531049799378723,1.369665149396945,2
range url,0.0011776908049660746,0.0009040022197694422,0.0002736885851966324,1.302752115988921,2
dry hair,0.0008190689058613925,0.000546629559900609,0.00027243934596078343,1.4983984867410414,2
ultra,0.0018787823294509143,0.001607004901305974,0.00027177742814494025,1.1691204723488726,5
features,0.002773443885194584,0.0025028039200444595,0.00027063996515012435,1.1081347055893944,7
hours,0.0014478407629534649,0.0011798583237516086,0.00026798243920185625,1.2271310322434463,3
quality,0.0031681205049304806,0.0029024253304897147,0.0002656951744407659,1.0915424667632685,8
habitat,0.0010999554482037908,0.0008351996751688099,0.00026475577303498095,1.3169969775963715,2
leave,0.0018752096269731857,0.0016201406410432373,0.00025506898592994836,1.157436323310962,5
weather,0.0032415134355219893,0.002988293458747398,0.00025321997677459117,1.084737319204251,7
intensely,0.0009230988397118327,0.0006740149992175942,0.00024908384049423854,1.3695523696265306,2
trends,0.00098288217900134,0.0007451866683010154,0.0002376955107003246,1.3189744536402976,2
buckthorn,0.001095698945962005,0.0008610850038705689,0.00023461394209143595,1.2724631607383539,2
sea buckthorn,0.001095698945962005,0.0008610850038705689,0.00023461394209143595,1.2724631607383539,2
vital,0.000863376416888349,0.0006337293847975417,0.00022964703209080737,1.3623739678755769,2
adventures,0.0009848662722611303,0.0007560273285231798,0.0002288389437379505,1.3026860733755186,2
past future,0.0011866529578110642,0.0009581775618386551,0.00022847539597240917,1.2384478669021823,2
craving,0.0010413256380799318,0.0008201737027265702,0.00022115193535336166,1.2696403631920017,2
shaping,0.0010254929730112846,0.000805969562256419,0.00021952341075486567,1.272371837303519,2
does user,0.000957688660011668,0.0007560273285231798,0.00020166133148848814,1.2667381503465942,2
visible,0.000863376416888349,0.0006625691289595994,0.00020080728792874964,1.3030737154038463,2
size,0.001658541068354719,0.0014588187369324033,0.00019972233142231564,1.1369068865302512,2
spread,0.0015899705463806348,0.001395265434759594,0.00019470511162104085,1.139547004197837,2
bringing,0.0012146875379534907,0.0010200031701906747,0.00019468436776281595,1.1908664338127068,2
businesses,0.001207557272905739,0.0010141095755089819,0.00019344769739675712,1.1907562080842293,2
coming soon,0.0008740083845876414,0.0006808305237339234,0.00019317786085371795,1.2837385426119285,2
fructis treat,0.0011704530477441362,0.0009782928847260788,0.00019216016301805742,1.1964239603719884,2
fructistreats,0.0011704530477441362,0.0009782928847260788,0.00019216016301805742,1.1964239603719884,2
cleansing oil,0.0011022519864347803,0.000914220362032448,0.00018803162440233232,1.205674290363251,3
salon,0.001068795319213042,0.0008815050472365318,0.00018729027197651022,1.2124664769092226,2
cream,0.004947373227048072,0.0047621786619804676,0.00018519456506760432,1.0388886218207736,11
deep,0.00217585945152199,0.0020010719977652173,0.00017478745375677264,1.0873469089890955,5
premium,0.0013636121020659843,0.0011890067960670903,0.00017460530599889396,1.1468497122384758,3
lead,0.0012159228750759931,0.0010414289758395507,0.00017449389923644243,1.167552375742399,2
hairgoals,0.001068795319213042,0.000897720758151495,0.00017107456106154706,1.1905654506900818,2
change,0.0022959871733862756,0.0021272825716874676,0.00016870460169880796,1.0793052149558475,5
episode,0.001225407502305107,0.0010595056007809752,0.0001659019015241318,1.1565842608526649,2
visibly,0.0011578383248587064,0.000992061256907363,0.00016577706795134332,1.1671036608173073,3
micellar,0.0012646955432738965,0.0011076312791192912,0.00015706426415460525,1.1418019398456223,2
tbt,0.0012998250598695086,0.001148912727225996,0.00015091233264351257,1.131352302865103,2
sensitive skin,0.0011121304016536969,0.0009655480169529402,0.00014658238470075663,1.1518126307291543,3
friend,0.001041476750718172,0.000897720758151495,0.00014375599256667704,1.1601344194185192,2
hear,0.001286969336185071,0.001147590464983856,0.00013937887120121502,1.1214534935001592,2
growing,0.0010147955699318326,0.0008778182498653109,0.00013697732006652172,1.1560429165507735,2
test,0.0015161684910621452,0.001384560172993253,0.00013160831806889226,1.0950542421636444,3
number,0.0010106937041922065,0.0008831687416635129,0.00012752496252869364,1.1443947870529207,2
lift,0.002386961803258767,0.002259509034954622,0.00012745276830414525,1.0564072841825558,5
touch,0.0012768511554640592,0.001152492950497758,0.0001243582049663013,1.1079036577227546,3
past years,0.0010464866847126773,0.0009308141283367867,0.0001156725563758906,1.1242703056713463,2
ready,0.002893502703389111,0.0027795139971706117,0.00011398870621849924,1.0410103011870144,7
achieved,0.0012918871467061657,0.0011809366366091994,0.00011095051009696625,1.0939512811809997,2
developers,0.00191714976109997,0.0018070365199585549,0.00011011324114141522,1.060935813894345,3
dry oily,0.0008801956140459816,0.0007762070181046385,0.0001039885959413431,1.1339701824151176,2
education,0.0017078742873699747,0.0016084771681602011,9.939711920977355e-05,1.0617957911467713,3
veil,0.0011700408400327714,0.0010791454998835184,9.089534014925307e-05,1.0842289942133245,3
collection perfect,0.0009974119493975186,0.0009136634572755434,8.374849212197525e-05,1.0916622979319353,2
savings,0.0012918871467061657,0.0012193408631142886,7.254628359187713e-05,1.0594963112669677,2
face mask,0.0009230988397118327,0.0008587679271048045,6.433091260702828e-05,1.0749107069578143,2
tonight,0.0010146559172037584,0.0009559886364011532,5.866728080260522e-05,1.0613681779336748,2
baby,0.0022782217690049634,0.0022205988302959542,5.762293870900919e-05,1.0259492790399156,5
reduce,0.004290100902425743,0.004234315452067714,5.578545035802955e-05,1.0131746089719447,11
maskmonday,0.0015994181500019894,0.0015549464594043453,4.4471690597644095e-05,1.0286001426609117,2
kick start,0.001041476750718172,0.0010017786663634584,3.9698084354713656e-05,1.0396276000358378,2
men,0.0009970002130354194,0.0009684101396055624,2.8590073429857026e-05,1.0295226910903466,2
men body,0.0009970002130354194,0.0009684101396055624,2.8590073429857026e-05,1.0295226910903466,2
new,0.018855831342018303,0.01882767976008151,2.8151581936790987e-05,1.001495223112674,72
free user,0.0012257525759081132,0.0011979624386947551,2.7790137213358056e-05,1.023197836837388,2
available,0.007177811694852357,0.007152674535625841,2.513715922651625e-05,1.0035143720153628,22
gain,0.0015737412192144038,0.0015491088183978022,2.4632400816601606e-05,1.015901013865622,3
search,0.001225407502305107,0.001201821590972314,2.358591133279288e-05,1.0196251352865828,2
enjoy,0.002041641997603545,0.0020232800634250505,1.83619341784947e-05,1.0090753299562176,4
repost user,0.001056412658874701,0.001040150965629649,1.6261693245051912e-05,1.0156339740737288,2
stay,0.0033043798210181984,0.0032884136520777477,1.5966168940450675e-05,1.0048552799692665,8
minute,0.0011704530477441362,0.001160237555075887,1.021549266824913e-05,1.0088046560937052,2
mg cbd,0.00098288217900134,0.0009730551620791545,9.827016922185562e-06,1.010099136508447,2
blends,0.0012077249068064596,0.001199666550022588,8.058356783871568e-06,1.0067171638460726,3
talk,0.0011866529578110642,0.0011883565838910295,-1.7036260799652495e-06,0.9985664016157899,2
root,0.0008801956140459816,0.0008819870793494879,-1.7914653035063476e-06,0.9979688304472709,2
user uses,0.001384680147466057,0.0013901652391746,-5.485091708542838e-06,0.9960543599062699,3
fine lines,0.0010458982835150172,0.00105197814573919,-6.079862224172899e-06,0.9942205432279951,3
solution,0.000863376416888349,0.0008730557658991751,-9.679349010826058e-06,0.9889132523055152,2
brighten,0.0011578383248587064,0.0011690997010621305,-1.1261376203424139e-05,0.9903674800501954,3
sunday,0.0014824680409662992,0.001494008284961413,-1.1540243995113815e-05,0.99227564926945,3
natural skincare,0.0010486540324037036,0.0010637339443127479,-1.5079911909044244e-05,0.9858236056341978,2
certification,0.0016278507661733916,0.0016480782191555922,-2.0227452982200626e-05,0.9877266426224048,2
peace,0.0009385508036740174,0.000967759081806874,-2.9208278132856558e-05,0.9698186473764304,2
peace mind,0.0009385508036740174,0.000967759081806874,-2.9208278132856558e-05,0.9698186473764304,2
portfolio,0.0009686720504951112,0.0010022605214477735,-3.358847095266226e-05,0.9664872852912227,3
strands,0.0009396696318846521,0.0009750472955700101,-3.537766368535804e-05,0.963716976797117,2
truly,0.0013253147441120471,0.00136554163232765,-4.0226888215602824e-05,0.9705414414077035,3
shine,0.0019650750713833915,0.0020060755383442654,-4.100046696087385e-05,0.979561852902969,4
soften,0.0011700408400327714,0.001212062478251989,-4.202163821921765e-05,0.9653304685702747,3
raise,0.001165275849148371,0.0012143374251516801,-4.906157600330905e-05,0.9595980697401474,2
goes,0.0018834421121519441,0.0019338368809456107,-5.039476879366658e-05,0.9739405276297322,4
family,0.0032918816094600887,0.003348283062021268,-5.6401452561179264e-05,0.9831551121874725,8
skin loving,0.0009973905826976318,0.0010582566508190788,-6.086606812144698e-05,0.9424845872531754,3
skip,0.0009441134615620567,0.0010061140479137821,-6.200058635172541e-05,0.9383761846694594,2
types,0.0009788832454224222,0.0010642717882266013,-8.538854280417904e-05,0.9197681046622214,3
china,0.0014351480457726995,0.001526508915516223,-9.136086974352348e-05,0.9401504512977061,3
industrial,0.0012600342745344344,0.0013528800732678333,-9.28457987333989e-05,0.931371744991036,3
like,0.009590274140291932,0.009686942100217057,-9.666795992512543e-05,0.9900207971808792,28
people,0.002148148902643655,0.0022474166643583014,-9.926776171464632e-05,0.9558302813871765,5
shimmering,0.0009319122402220544,0.0010493475276267352,-0.00011743528740468083,0.8880873264566921,3
consultants,0.0012072138088240244,0.001334438641022704,-0.00012722483219867954,0.9046604106084369,3
consultants url,0.0012072138088240244,0.001334438641022704,-0.00012722483219867954,0.9046604106084369,3
independent,0.0012072138088240244,0.001334438641022704,-0.00012722483219867954,0.9046604106084369,3
independent oriflame,0.0012072138088240244,0.001334438641022704,-0.00012722483219867954,0.9046604106084369,3
oriflame consultants,0.0012072138088240244,0.001334438641022704,-0.00012722483219867954,0.9046604106084369,3
orinet,0.0012072138088240244,0.001334438641022704,-0.00012722483219867954,0.9046604106084369,3
orinet independent,0.0012072138088240244,0.001334438641022704,-0.00012722483219867954,0.9046604106084369,3
user check,0.0008361727762068701,0.0009676809509469789,-0.0001315081747401088,0.8640996554954258,2
knowing,0.0008361727762068701,0.000967759081806874,-0.0001315863056000039,0.8640298934541095,2
small,0.001994500481575496,0.00212926865871153,-0.0001347681771360341,0.9367068234807475,4
driving,0.0021639667768142026,0.002302896912104234,-0.00013893013529003156,0.9396715786540536,5
night,0.0031578288972541214,0.003301246562981314,-0.00014341766572719284,0.9565565119273519,9
partnership user,0.0010146559172037584,0.0011682342201783408,-0.0001535783029745824,0.8685380892029722,2
healthy,0.004216976614248545,0.004382840594006855,-0.00016586397975830967,0.9621560546949232,8
just minutes,0.00102021745472462,0.0011873515308167284,-0.0001671340760921083,0.8592379159722127,3
minutes,0.00102021745472462,0.0011873515308167284,-0.0001671340760921083,0.8592379159722127,3
wellness,0.001411136546204301,0.0015813925446915957,-0.0001702559984872946,0.8923379277642693,3
thank sharing,0.0008811430325157848,0.001055405853710326,-0.0001742628211945413,0.8348854893908366,3
comments,0.0010312244344097405,0.0012075812579396207,-0.00017635682352988027,0.8539586282709128,3
leave comments,0.0010312244344097405,0.0012075812579396207,-0.00017635682352988027,0.8539586282709128,3
actually,0.0013986333892520276,0.0015761315279815063,-0.00017749813872947875,0.8873836761300132,3
learn,0.013944987803090107,0.014123880781008317,-0.0001788929779182099,0.9873340068017218,52
heart,0.0013384078728230324,0.0015184230042000026,-0.00018001513137697023,0.8814459931386122,2
barrier,0.0010065402482196293,0.0011990750611590281,-0.0001925348129393988,0.8394305585901145,3
fructis,0.0019392066934526076,0.0021456917040988616,-0.00020648501064625402,0.9037676241393028,5
link,0.001774760921278013,0.0019915620028756868,-0.00021680108159767369,0.8911401798308227,5
digestion plus,0.0009612201607809458,0.0011796847490331682,-0.00021846458825222246,0.8148110431654897,3
lovers,0.0010120562193985875,0.0012386291555434017,-0.0002265729361448142,0.8170776661054038,3
excited,0.0023213276232370477,0.0025543895420084644,-0.0002330619187714167,0.9087602282865106,6
share,0.0025715448856447783,0.002804674311189327,-0.0002331294255445487,0.9168782540877026,6
oily combination,0.0008401898033039286,0.0010747252003730392,-0.00023453539706911068,0.7817717526587497,3
selling,0.0011594787196196616,0.0014006737919605523,-0.0002411950723408907,0.8278006816768624,3
enabling,0.0014927466746647547,0.0017373546383938352,-0.00024460796372908046,0.8592066592607572,3
hydrates,0.0008811430325157848,0.0011257626096946225,-0.00024461957717883767,0.7827076731319923,3
hydrates skin,0.0008811430325157848,0.0011257626096946225,-0.00024461957717883767,0.7827076731319923,3
consumers,0.0021515577906262694,0.0023976375513176666,-0.0002460797606913972,0.8973657380142694,6
meeting,0.0012365015142054205,0.0014872515247229211,-0.0002507500105175006,0.8314004012229093,2
complex,0.0012482814388391002,0.0015068682072539356,-0.00025858676841483534,0.828394568948754,3
september,0.0011978799617474866,0.001458679663318699,-0.0002607997015712125,0.8212083790905363,3
clear,0.0011448174543729152,0.0014081808961129683,-0.00026336344174005314,0.8129761295015456,3
office,0.0012331695254564445,0.0014971813623532006,-0.0002640118368967561,0.8236607512229145,3
drying,0.0007818413679031318,0.001055405853710326,-0.0002735644858071943,0.7407968843585023,3
blog url,0.0011574117658811754,0.0014327380432586846,-0.0002753262773775092,0.807832088719354,3
mass,0.001056412658874701,0.0013383171229947996,-0.0002819044641200986,0.7893589949154727,2
vacuum,0.0011123128437216258,0.0014130797505805216,-0.00030076690685889576,0.7871550374120854,3
layer,0.001573848254984842,0.0018794516838094616,-0.0003056034288246197,0.8373975605254244,4
session,0.002174192167283551,0.002485590779122685,-0.0003113986118391341,0.8747184716287997,5
send,0.0013240414239647476,0.0016395702767566626,-0.000315528852791915,0.8075539322269025,3
smooth,0.0025197438394632477,0.002836286185867855,-0.0003165423464046072,0.8883954842532414,8
powerful,0.002590297063828962,0.0029359130738264914,-0.00034561600999752926,0.8822798900413784,7
set,0.0009612201607809458,0.0013237562886899044,-0.0003625361279089586,0.7261307608261607,3
levels,0.0010499613232805188,0.0014151459076276914,-0.0003651845843471726,0.7419456311036486,3
watch,0.004130618671353304,0.004498231373682953,-0.0003676127023296491,0.9182761686295963,12
vision,0.0012120377529394489,0.0015802912379051515,-0.0003682534849657026,0.7669711279163745,3
samsung,0.0018145576939238553,0.002183898795977934,-0.00036934110205407854,0.830879937035008,3
ideal,0.0013497679084302965,0.0017194187136711394,-0.000369650805240843,0.7850140852331345,3
information,0.0013643508915882109,0.0017360813179652752,-0.0003717304263770643,0.7858796000416501,3
covered,0.0008015818231710458,0.0011843664643358,-0.00038278464116475416,0.6768021956310419,3
fluid,0.0009647566188411023,0.00136038813446799,-0.0003956315156268878,0.7091774727285565,3
takes,0.0012114880093928467,0.0016165977790088785,-0.0004051097696160318,0.7494059594627138,3
strawberry,0.0012838560044101674,0.0016933561914751092,-0.0004095001870649418,0.7581724454165829,3
flavor,0.0012838560044101674,0.0017006756313239916,-0.00041681962691382415,0.754909390720066,3
fave,0.0012768511554640592,0.0016974760355597553,-0.00042062488009569606,0.7522057036232634,3
friends,0.001977262248457354,0.0024051629105453845,-0.0004279006620880304,0.8220907781198521,4
click,0.001774760921278013,0.0022074282579469915,-0.00043266733666897836,0.8039948365636247,5
product,0.004514689721848358,0.004962615068014968,-0.0004479253461666102,0.9097400584294121,13
fine,0.001007269888698779,0.001460536563870849,-0.0004532666751720701,0.6896574272263076,4
don just,0.0010384249836388026,0.001503505543701029,-0.0004650805600622263,0.6906692085696915,2
homes,0.0014600423763392253,0.0019416601951144556,-0.0004816178187752303,0.7519556615833102,3
seen,0.001986209267131651,0.002472642742873628,-0.0004864334757419767,0.8032738546855609,4
pink,0.0011547359420671368,0.0016442316108505812,-0.0004894956687834444,0.7022951844159488,2
lips,0.0026847141404138424,0.0031817017502127226,-0.0004969876097988802,0.8437981782517954,6
hairmask,0.0011172547332293982,0.0016170764444718693,-0.0004998217112424711,0.6909102766031441,3
retweet,0.0011172547332293982,0.0016170764444718693,-0.0004998217112424711,0.6909102766031441,3
iconic,0.0027909718512908856,0.003322705220398044,-0.0005317333691071584,0.8399697434238752,8
bacteria,0.001332422662410133,0.00186916403779167,-0.0005367413753815369,0.712844156937389,4
logo,0.0009065235450754492,0.0014697425914210064,-0.0005632190463455572,0.6167906888934851,2
research,0.0010729136398516255,0.0016404033147042552,-0.0005674896748526297,0.6540547867589526,3
sensitive,0.0010710558412310113,0.0016434499698301862,-0.0005723941285991749,0.651711862996334,4
inside,0.0010277504695451274,0.0016054110016181038,-0.0005776605320729764,0.6401790375605202,4
kick,0.0009941405437244128,0.0015910408597186133,-0.0005969003159942005,0.6248365892221002,3
selection,0.001320044077589325,0.001920129184769477,-0.0006000851071801521,0.6874767012409779,3
draw,0.0009973905826976318,0.0016069828525354477,-0.0006095922698378159,0.6206603769936434,3
hair color,0.002079627218590218,0.0026917329238553816,-0.0006121057052651635,0.7725979053816976,5
thing,0.0011837425040350947,0.0018000775593422392,-0.0006163350553071445,0.6576063893658205,3
details,0.0010911935385879159,0.0017471129232489132,-0.0006559193846609973,0.624569553829511,3
details url,0.0010911935385879159,0.0017471129232489132,-0.0006559193846609973,0.624569553829511,3
sun,0.0007818413679031318,0.0014388013497699703,-0.0006569599818668385,0.5433977167763512,3
ingredient,0.002955883185460497,0.003618414083091591,-0.0006625308976310937,0.8169001993044631,8
meet,0.0021816039755211585,0.0028470783324162706,-0.0006654743568951121,0.7662606086090384,7
innovative,0.0016066050615371986,0.0023021933161896197,-0.0006955882546524211,0.6978584511306141,4
city,0.0015156178834057846,0.002222624494571869,-0.0007070066111660844,0.6819046075598229,4
weekend,0.0014703361246011244,0.002195183672425157,-0.0007248475478240327,0.6698009571595214,4
primed,0.001047020151362414,0.0017806436493380965,-0.0007336234979756825,0.5880009468281949,2
congratulations,0.0013388557315715827,0.0020863232529009282,-0.0007474675213293455,0.6417297655424398,3
guide,0.0010499613232805188,0.001850527318947836,-0.0008005659956673173,0.5673849356139826,3
travel,0.0011595700731065956,0.001960197665164715,-0.0008006275920581193,0.5915577261018723,4
tech,0.002657419778411208,0.0034677300969489073,-0.0008103103185376991,0.7663283197798522,8
skincare routine,0.0009291250472422587,0.0017407419550124897,-0.0008116169077702311,0.5337523146570221,4
gel,0.0028114838480470545,0.0036241820653850148,-0.0008126982173379603,0.7757567907871151,7
digestion,0.0009612201607809458,0.0017759850094450974,-0.0008147648486641516,0.5412321366046017,3
electric,0.001561283489353239,0.0023832168823868486,-0.0008219333930336095,0.6551159910106295,3
hint,0.0009319122402220544,0.0017579364470139886,-0.0008260242067919342,0.5301171394875356,3
available user,0.0022148233416628992,0.0030512125497456407,-0.0008363892080827415,0.7258830074363883,6
improve,0.001115075623503368,0.0019522237274144296,-0.0008371481039110616,0.5711822924153359,4
hot,0.0010671642863936083,0.0019351488798020357,-0.0008679845934084275,0.551463661520097,3
reveal,0.0009973905826976318,0.0018699056683185345,-0.0008725150856209027,0.5333908549842086,3
incredible,0.0010405811911237404,0.0019192323599765723,-0.0008786511688528319,0.5421861434194745,3
inspired,0.0011717809087794448,0.0020542672211816995,-0.0008824863124022547,0.5704130879988315,4
allergy foundation,0.0,0.0008984528431151506,-0.0008984528431151506,1.113024469286264e-09,2
allergy friendly,0.0,0.0008984528431151506,-0.0008984528431151506,1.113024469286264e-09,2
foundation america,0.0,0.0008984528431151506,-0.0008984528431151506,1.113024469286264e-09,2
texture,0.001822817237609695,0.002726676609525338,-0.0009038593719156432,0.6685124416930763,7
win,0.0022659699069160167,0.0031824345656203913,-0.0009164646587043745,0.7120240370950908,6
connect,0.001547158037063751,0.0024654032009522393,-0.0009182451638884883,0.6275476712444552,4
instagram,0.0013590187250876935,0.002279481474163516,-0.0009204627490758226,0.596196433660513,4
cleansing foam,0.0,0.0009577511530943945,-0.0009577511530943945,1.0441125502433396e-09,2
ex gentle,0.0,0.0009577511530943945,-0.0009577511530943945,1.0441125502433396e-09,2
ex url,0.0,0.0009577511530943945,-0.0009577511530943945,1.0441125502433396e-09,2
foam ex,0.0,0.0009577511530943945,-0.0009577511530943945,1.0441125502433396e-09,2
oil ex,0.0,0.0009577511530943945,-0.0009577511530943945,1.0441125502433396e-09,2
eyes,0.0,0.000963801509960887,-0.000963801509960887,1.0375580330881864e-09,2
conditioner,0.001040136610351811,0.0020322313104566853,-0.0009920947001048743,0.5118199909075559,4
did know,0.003203084794398867,0.004203912324415979,-0.001000827530017112,0.7619294950643196,9
allergens,0.0,0.001003090507623454,-0.001003090507623454,9.969190131928423e-10,2
dust,0.0,0.001003090507623454,-0.001003090507623454,9.969190131928423e-10,2
dry sensitive,0.0,0.001011522784888336,-0.001011522784888336,9.886084762013379e-10,2
shadow palette,0.0,0.001038681382599426,-0.001038681382599426,9.62759144228252e-10,2
advanced,0.0014535096661579619,0.002494197803831999,-0.001040688137674037,0.5827563733486109,5
creamy,0.0018681127358566025,0.0029105515270635277,-0.0010424387912069252,0.6418414925296,7
combination,0.0008091588857145742,0.0018568197491703469,-0.0010476608634557728,0.43577675573535934,4
retinol,0.0012303908423571435,0.002279951675369889,-0.0010495608330127455,0.539656544526486,4
coverage,0.0013943673368049393,0.002451661735384447,-0.0010572943985795076,0.5687437696283757,4
galaxy,0.0,0.0010691711547121858,-0.0010691711547121858,9.353039451703967e-10,2
skin yes,0.0,0.001070544917838577,-0.001070544917838577,9.34103728300247e-10,2
soft,0.0019312497009929775,0.003017603803061417,-0.0010863541020684395,0.6399944550022416,7
control,0.0018404798669573045,0.0029303278544677213,-0.0010898479875104169,0.6280798459200184,5
pglifelab,0.0,0.0010946191923093271,-0.0010946191923093271,9.13559716577536e-10,2
gorgeous,0.0011188586250260309,0.0022163801927716663,-0.0010975215677456354,0.5048134923647927,4
layer play,0.0,0.00109931242654338,-0.00109931242654338,9.096595062012423e-10,2
mix layer,0.0,0.00109931242654338,-0.00109931242654338,9.096595062012423e-10,2
multi dimensional,0.0,0.00109931242654338,-0.00109931242654338,9.096595062012423e-10,2
shades mix,0.0,0.00109931242654338,-0.00109931242654338,9.096595062012423e-10,2
shimmering shades,0.0,0.00109931242654338,-0.00109931242654338,9.096595062012423e-10,2
smarthome url,0.0,0.0011081084566909967,-0.0011081084566909967,9.024387396913602e-10,2
learn url,0.0046567532556111,0.005765882055766197,-0.0011091288001550976,0.8076393534873736,16
sunveil,0.0,0.0011211423308566783,-0.0011211423308566783,8.919474107662499e-10,2
combination skin,0.0,0.0011258984624106954,-0.0011258984624106954,8.881795583686028e-10,2
apple energy,0.0,0.0011332704574170045,-0.0011332704574170045,8.824018949517472e-10,2
green apple,0.0,0.0011332704574170045,-0.0011332704574170045,8.824018949517472e-10,2
supplies,0.0,0.0011332704574170045,-0.0011332704574170045,8.824018949517472e-10,2
strokes,0.0,0.0011389979047074154,-0.0011389979047074154,8.779647398727342e-10,2
brow shape,0.0,0.001139618655793925,-0.001139618655793925,8.774865118594035e-10,2
marker,0.0,0.001139618655793925,-0.001139618655793925,8.774865118594035e-10,2
shape glow,0.0,0.001139618655793925,-0.001139618655793925,8.774865118594035e-10,2
growth,0.0009884198738669893,0.0021333226705747004,-0.001144902796707711,0.4633241318986183,4
disrupt,0.0,0.0011455250564922736,-0.0011455250564922736,8.729621351008682e-10,2
goal,0.0009268845830536964,0.0020759413619584745,-0.0011490567789047782,0.4464888077246896,4
dirt,0.0,0.0011501350505990187,-0.0011501350505990187,8.694631109709353e-10,2
connected,0.001445376872247817,0.0025977550554098475,-0.0011523781831620306,0.5563945952800332,5
cleanse skin,0.0,0.001154406953167144,-0.001154406953167144,8.662456479409013e-10,2
loving,0.001723143632465189,0.00287904317473306,-0.001155899542267871,0.5985126058508808,7
good skin,0.0,0.0011573486292454996,-0.0011573486292454996,8.640438791445907e-10,2
skin feels,0.0,0.0011573486292454996,-0.0011573486292454996,8.640438791445907e-10,2
earned,0.0,0.0011625065932093768,-0.0011625065932093768,8.602101742744109e-10,2
time url,0.0011646735167653746,0.002330925030345813,-0.0011662515135804383,0.49966150867277087,4
natural beauty,0.0009291250472422587,0.0020980174087876662,-0.0011688923615454077,0.442858597792233,4
lights,0.0014576915505115943,0.00262929617286792,-0.001171604622356326,0.5544037092509077,6
gentle cleansing,0.0010604562601811258,0.0022388807691736175,-0.0011784245089924918,0.4736546382051828,3
watch film,0.0,0.0011862639605307466,-0.0011862639605307466,8.429827023570766e-10,2
fragile,0.0,0.001192195038142586,-0.001192195038142586,8.387889289651711e-10,2
fragile hair,0.0,0.001192195038142586,-0.001192195038142586,8.387889289651711e-10,2
feature,0.0008034710004146716,0.0019959793534890104,-0.0011925083530743388,0.40254474556945896,4
body skin,0.0,0.0011980347540784435,-0.0011980347540784435,8.347003254797255e-10,2
url lipstoenvy,0.0,0.0012039046546859157,-0.0012039046546859157,8.306305613796779e-10,2
brand new,0.0,0.0012085163191406683,-0.0012085163191406683,8.274608984044191e-10,2
youthful,0.0,0.0012093258972585717,-0.0012093258972585717,8.269069581987776e-10,2
pure retinol,0.0,0.0012103354370087273,-0.0012103354370087273,8.262172358145803e-10,2
deebot vacuums,0.0,0.0012127169019393118,-0.0012127169019393118,8.245947570915016e-10,2
mops,0.0,0.0012127169019393118,-0.0012127169019393118,8.245947570915016e-10,2
mops simultaneously,0.0,0.0012127169019393118,-0.0012127169019393118,8.245947570915016e-10,2
simultaneously,0.0,0.0012127169019393118,-0.0012127169019393118,8.245947570915016e-10,2
vacuums mops,0.0,0.0012127169019393118,-0.0012127169019393118,8.245947570915016e-10,2
leaf,0.0,0.0012159202768297725,-0.0012159202768297725,8.224223398797523e-10,2
plus contains,0.0,0.0012160633232739164,-0.0012160633232739164,8.223255977208894e-10,2
business url,0.0,0.0012171458267971457,-0.0012171458267971457,8.215942388841379e-10,2
user leading,0.0,0.0012171458267971457,-0.0012171458267971457,8.215942388841379e-10,2
natural moisture,0.0,0.0012172953999960753,-0.0012172953999960753,8.214932868239959e-10,2
wrinkles,0.0,0.0012218573945746206,-0.0012218573945746206,8.184261138999085e-10,2
kiss,0.0,0.0012242599799149668,-0.0012242599799149668,8.168199692786142e-10,2
kiss plumping,0.0,0.0012242599799149668,-0.0012242599799149668,8.168199692786142e-10,2
lip cr,0.0,0.0012242599799149668,-0.0012242599799149668,8.168199692786142e-10,2
plumping,0.0,0.0012242599799149668,-0.0012242599799149668,8.168199692786142e-10,2
plumping lip,0.0,0.0012242599799149668,-0.0012242599799149668,8.168199692786142e-10,2
dan,0.0,0.0012243310749774764,-0.0012243310749774764,8.167725377726152e-10,2
amazing,0.0011025356557343166,0.0023275032091638562,-0.0012249675534295396,0.4736988769423429,4
plump,0.0,0.001231555444297916,-0.001231555444297916,8.119813069058354e-10,2
super,0.0018034163697708684,0.003035076416291048,-0.0012316600465201795,0.5941914215064491,7
billion,0.0,0.0012318272556970397,-0.0012318272556970397,8.1180213748586e-10,2
mask perfect,0.0,0.0012320239119188595,-0.0012320239119188595,8.116725572564917e-10,2
optimal,0.0,0.0012358556816242593,-0.0012358556816242593,8.091559670434697e-10,2
perfect time,0.0,0.0012359507051455723,-0.0012359507051455723,8.090937567555533e-10,2
focus,0.0,0.0012382796217620942,-0.0012382796217620942,8.075720391565597e-10,2
tomorrow live,0.0,0.0012422767917789296,-0.0012422767917789296,8.049735822264176e-10,2
donation,0.0,0.001244816104798656,-0.001244816104798656,8.033315084386818e-10,2
blurs,0.0,0.00124928819841095,-0.00124928819841095,8.004558119347549e-10,2
scent,0.0009746777210920677,0.0022269483933159595,-0.0012522706722238918,0.4376741394546121,4
moisture barrier,0.0,0.0012561692674605191,-0.0012561692674605191,7.960710591380222e-10,2
guru,0.0,0.0012601585669460716,-0.0012601585669460716,7.935509271899779e-10,2
beautytech,0.0,0.0012615810835710718,-0.0012615810835710718,7.926561457125782e-10,2
highlight,0.0,0.001262896993748853,-0.001262896993748853,7.918302158909371e-10,2
nude,0.0,0.001264473064186448,-0.001264473064186448,7.90843259166259e-10,2
vinyl,0.0,0.0012656101279685367,-0.0012656101279685367,7.901327408109422e-10,2
thought,0.0,0.0012789702180678094,-0.0012789702180678094,7.818790344695127e-10,2
air purifiers,0.0,0.0012791574184247375,-0.0012791574184247375,7.817646091203692e-10,2
purifiers,0.0,0.0012791574184247375,-0.0012791574184247375,7.817646091203692e-10,2
looking natural,0.0,0.0012829753522378196,-0.0012829753522378196,7.79438200021785e-10,2
said,0.0,0.0012874166280155076,-0.0012874166280155076,7.767493268785131e-10,2
care skin,0.0,0.0012924499419126171,-0.0012924499419126171,7.737243561993876e-10,2
clay,0.0,0.0012952201224419105,-0.0012952201224419105,7.720695362133548e-10,2
space,0.0,0.0012998486789129607,-0.0012998486789129607,7.693203181673125e-10,2
softer,0.0,0.0013000767335550863,-0.0013000767335550863,7.691853668485354e-10,2
connectivity,0.0,0.0013012546477987447,-0.0013012546477987447,7.684890892978954e-10,2
century,0.0,0.0013049173563603193,-0.0013049173563603193,7.663320549455116e-10,2
paraben,0.0,0.001305133651462204,-0.001305133651462204,7.662050534927567e-10,2
paraben free,0.0,0.001305133651462204,-0.001305133651462204,7.662050534927567e-10,2
skills,0.0,0.0013053078475892112,-0.0013053078475892112,7.661028017879531e-10,2
cleanse,0.000927289342929184,0.002233468400621371,-0.0013061790576921867,0.41517907450851993,5
dusty,0.0,0.0013075612947495829,-0.0013075612947495829,7.647825025493218e-10,2
dusty rose,0.0,0.0013075612947495829,-0.0013075612947495829,7.647825025493218e-10,2
natural dusty,0.0,0.0013075612947495829,-0.0013075612947495829,7.647825025493218e-10,2
join user,0.0,0.001307574496366089,-0.001307574496366089,7.647747811037525e-10,2
sensor,0.0,0.001314759842499143,-0.001314759842499143,7.605951801346235e-10,2
zinc,0.0,0.0013160716515729048,-0.0013160716515729048,7.59837048419827e-10,2
resistant,0.0,0.0013176071765274799,-0.0013176071765274799,7.589515426566839e-10,2
idole ultra,0.0,0.0013179413586962877,-0.0013179413586962877,7.587591000486125e-10,2
natural matte,0.0,0.0013179413586962877,-0.0013179413586962877,7.587591000486125e-10,2
ultra wear,0.0,0.0013179413586962877,-0.0013179413586962877,7.587591000486125e-10,2
fy organic,0.0,0.0013188304167884477,-0.0013188304167884477,7.582476006861475e-10,2
wellbeing,0.0,0.0013218700712134212,-0.0013218700712134212,7.565040021864917e-10,2
allergies,0.0,0.001324895936125385,-0.001324895936125385,7.547762597639865e-10,2
gloss,0.0,0.0013261409596598685,-0.0013261409596598685,7.540676516789094e-10,2
feels,0.0013335394464308041,0.00266164939686837,-0.001328109950437566,0.5010199496969034,4
bag,0.0,0.0013300851938166645,-0.0013300851938166645,7.518315397366989e-10,2
road,0.0,0.0013330643168507094,-0.0013330643168507094,7.501513517459482e-10,2
paint liquid,0.0,0.0013355526591853724,-0.0013355526591853724,7.487537031008584e-10,2
purecolorenvy paint,0.0,0.0013355526591853724,-0.0013355526591853724,7.487537031008584e-10,2
newest,0.0,0.0013379178389311174,-0.0013379178389311174,7.474300514981435e-10,2
account,0.0,0.001338918115842847,-0.001338918115842847,7.468716625912779e-10,2
bloom,0.0,0.0013393388148901953,-0.0013393388148901953,7.466370631059082e-10,2
everyday,0.0,0.0013397314488574237,-0.0013397314488574237,7.464182468108974e-10,2
oems,0.0,0.0013407802857477347,-0.0013407802857477347,7.458343547291042e-10,2
rush,0.0,0.001341279448320944,-0.001341279448320944,7.455567894567197e-10,2
want try,0.0,0.0013424820780828454,-0.0013424820780828454,7.448889006273947e-10,2
flawless,0.0009625197461536746,0.002305965794616401,-0.0013434460484627263,0.4174041735499317,4
renewal,0.0,0.0013450011441465016,-0.0013450011441465016,7.434937907737447e-10,2
feminine,0.0,0.0013468578929001587,-0.0013468578929001587,7.424688265398614e-10,2
feminine care,0.0,0.0013468578929001587,-0.0013468578929001587,7.424688265398614e-10,2
detox,0.0,0.0013472029046797617,-0.0013472029046797617,7.422786840675847e-10,2
moisturizes,0.0,0.0013495285604287347,-0.0013495285604287347,7.409995079624756e-10,2
matte finish,0.0,0.0013530314454830833,-0.0013530314454830833,7.390811223192829e-10,2
skin little,0.0,0.0013560410252605735,-0.0013560410252605735,7.374408153104377e-10,2
envy lash,0.0,0.0013562710125249958,-0.0013562710125249958,7.373157650851544e-10,2
lash,0.0,0.0013562710125249958,-0.0013562710125249958,7.373157650851544e-10,2
lash mascara,0.0,0.0013562710125249958,-0.0013562710125249958,7.373157650851544e-10,2
new pure,0.0,0.0013562710125249958,-0.0013562710125249958,7.373157650851544e-10,2
happy st,0.0,0.0013573940717969122,-0.0013573940717969122,7.367057364111652e-10,2
patrick,0.0,0.0013573940717969122,-0.0013573940717969122,7.367057364111652e-10,2
patrick day,0.0,0.0013573940717969122,-0.0013573940717969122,7.367057364111652e-10,2
st patrick,0.0,0.0013573940717969122,-0.0013573940717969122,7.367057364111652e-10,2
brands,0.0,0.0013574995905594517,-0.0013574995905594517,7.366484721009988e-10,2
cellular,0.0,0.001362872403599598,-0.001362872403599598,7.337444038231831e-10,2
radiant natural,0.0,0.0013664558322205693,-0.0013664558322205693,7.318202137884854e-10,2
tlc url,0.0,0.0013669565599026237,-0.0013669565599026237,7.315521418908028e-10,2
bay,0.0,0.0013669571142589983,-0.0013669571142589983,7.315518452168335e-10,2
green bay,0.0,0.0013669571142589983,-0.0013669571142589983,7.315518452168335e-10,2
tuesday,0.0,0.0013692983399086016,-0.0013692983399086016,7.303010382211135e-10,2
tuesday day,0.0,0.0013692983399086016,-0.0013692983399086016,7.303010382211135e-10,2
dryshampoo,0.0,0.001369740752767603,-0.001369740752767603,7.300651581325914e-10,2
diet,0.0,0.0013703739634481817,-0.0013703739634481817,7.297278158686246e-10,2
goals,0.0015036202576629415,0.0028743001514376218,-0.0013706798937746802,0.5231256928361357,4
post,0.0,0.0013719887519047882,-0.0013719887519047882,7.288689487306583e-10,2
executive,0.0,0.001372949446144862,-0.001372949446144862,7.283589370894648e-10,2
president,0.0,0.001372949446144862,-0.001372949446144862,7.283589370894648e-10,2
important,0.0011492051487076212,0.0025255021302941993,-0.001376296981586578,0.45504026128804276,3
virtual,0.0,0.0013776625516274542,-0.0013776625516274542,7.258671567234061e-10,2
machinesafety,0.0,0.0013795286957913014,-0.0013795286957913014,7.248852469150792e-10,2
worldwide,0.0,0.0013808532091236225,-0.0013808532091236225,7.241899375462753e-10,2
play url,0.0,0.0013817960895809171,-0.0013817960895809171,7.236957803083614e-10,2
sculpt,0.0,0.0013845997336728887,-0.0013845997336728887,7.22230385401778e-10,2
help reduce,0.0,0.0013847370746602715,-0.0013847370746602715,7.221587531504341e-10,2
having,0.0,0.0013864890489947688,-0.0013864890489947688,7.212462298232885e-10,2
technology url,0.0,0.001388602700255912,-0.001388602700255912,7.201483902455015e-10,2
love good,0.0,0.0013918004013328462,-0.0013918004013328462,7.184938288017911e-10,2
spotlight,0.0,0.0013946377643326534,-0.0013946377643326534,7.170320672920232e-10,2
applications register,0.0,0.0013950590720781652,-0.0013950590720781652,7.168155236563018e-10,2
packexpo,0.0,0.001395661296751994,-0.001395661296751994,7.165062193891242e-10,2
url packexpo,0.0,0.001395661296751994,-0.001395661296751994,7.165062193891242e-10,2
repost,0.0009711542255710087,0.0023672912256338724,-0.0013961370000628638,0.4102385949158964,4
tight,0.0,0.0013966662073966972,-0.0013966662073966972,7.159906883892823e-10,2
added,0.0,0.0013979782120930814,-0.0013979782120930814,7.153187300304637e-10,2
added orinet,0.0,0.0013979782120930814,-0.0013979782120930814,7.153187300304637e-10,2
new product,0.0,0.0013979782120930814,-0.0013979782120930814,7.153187300304637e-10,2
essentials,0.0030643982535202255,0.004463967762469889,-0.001399569508949664,0.6864741003725878,10
mist,0.0,0.0013998083277106386,-0.0013998083277106386,7.143835191501529e-10,2
greentea,0.0,0.0013998799695754752,-0.0013998799695754752,7.143469590388603e-10,2
prior,0.0,0.0014008077934720014,-0.0014008077934720014,7.138738119150203e-10,2
wednesday,0.0,0.0014022275095874888,-0.0014022275095874888,7.131510346570164e-10,2
tutorial,0.0,0.0014033477170884842,-0.0014033477170884842,7.125817693722489e-10,2
new purecolorlove,0.0,0.0014044164511502603,-0.0014044164511502603,7.120395082732972e-10,2
sheen,0.0,0.0014049519694370087,-0.0014049519694370087,7.117681038512306e-10,2
foaming,0.0,0.0014097391664654748,-0.0014097391664654748,7.093510793190687e-10,2
hairspray,0.0,0.0014111614291334703,-0.0014111614291334703,7.086361479603493e-10,2
embrace,0.0,0.0014133596865513209,-0.0014133596865513209,7.07533976529728e-10,2
free gives,0.0,0.0014151809477757778,-0.0014151809477757778,7.066234186271826e-10,2
pigment,0.0,0.0014178681222962728,-0.0014178681222962728,7.052842105478687e-10,2
advancednightrepair,0.0,0.0014180669519148529,-0.0014180669519148529,7.051853214296324e-10,2
envy sculpting,0.0,0.0014188785709380826,-0.0014188785709380826,7.047819452471358e-10,2
sculpting blush,0.0,0.0014188785709380826,-0.0014188785709380826,7.047819452471358e-10,2
defines,0.0,0.001429511211270884,-0.001429511211270884,6.99539808723449e-10,2
finish user,0.0,0.0014302397838607866,-0.0014302397838607866,6.991834590151159e-10,2
liplook,0.0,0.001431146521197294,-0.001431146521197294,6.987404745005855e-10,2
ombr,0.0,0.001431146521197294,-0.001431146521197294,6.987404745005855e-10,2
foam,0.0,0.0014339985673447885,-0.0014339985673447885,6.973507659455078e-10,3
rose,0.0022199763729419406,0.0036550146317610535,-0.0014350382588191129,0.607378245231521,8
diverse,0.0,0.0014358233827867749,-0.0014358233827867749,6.964644894991512e-10,2
strategic,0.0,0.0014372226076288254,-0.0014372226076288254,6.957864383681277e-10,2
browlights,0.0,0.001441995074117435,-0.001441995074117435,6.934836444698403e-10,2
colorstay browlights,0.0,0.001441995074117435,-0.001441995074117435,6.934836444698403e-10,2
glisten,0.0,0.001441995074117435,-0.001441995074117435,6.934836444698403e-10,2
glisten url,0.0,0.001441995074117435,-0.001441995074117435,6.934836444698403e-10,2
deebotlife iot,0.0,0.0014433342172636456,-0.0014433342172636456,6.928402218600596e-10,2
autumn,0.0,0.0014441588943599208,-0.0014441588943599208,6.924445801725819e-10,2
robot,0.0,0.0014454978340171093,-0.0014454978340171093,6.918031807278104e-10,2
new wholeblends,0.0,0.0014487598031058834,-0.0014487598031058834,6.902455446140432e-10,2
tried new,0.0,0.0014487598031058834,-0.0014487598031058834,6.902455446140432e-10,2
athletes,0.0,0.001451909936469398,-0.001451909936469398,6.8874795480975e-10,2
skincareroutine,0.0,0.001454140211897202,-0.001454140211897202,6.876915933764175e-10,2
url photo,0.0,0.0014582383921527343,-0.0014582383921527343,6.857589298811317e-10,2
makes,0.0010287390610832932,0.002488614219736346,-0.0014598751586530527,0.41337827836525975,5
congrats,0.0,0.001463728837698856,-0.001463728837698856,6.831866487572412e-10,2
automation,0.0,0.0014655746036924206,-0.0014655746036924206,6.823262335456948e-10,2
harness,0.0,0.0014661975510718215,-0.0014661975510718215,6.820363317255184e-10,2
pump,0.0,0.0014694039715536394,-0.0014694039715536394,6.805480444306447e-10,2
connection,0.0,0.001470860432452344,-0.001470860432452344,6.798741588641694e-10,2
pixibeauty makeup,0.0,0.0014752302677287755,-0.0014752302677287755,6.778602779494977e-10,2
like user,0.0010620161724763581,0.002539164340078723,-0.0014771481676023649,0.4182542091880424,4
mop,0.0,0.001480363834299284,-0.001480363834299284,6.755096119987495e-10,2
levels url,0.0,0.0014825283718403223,-0.0014825283718403223,6.745233469522989e-10,2
video url,0.0,0.001482691884042739,-0.001482691884042739,6.744489600893544e-10,2
watch video,0.0,0.001482691884042739,-0.001482691884042739,6.744489600893544e-10,2
matter,0.0,0.0014848328745673614,-0.0014848328745673614,6.734764675909371e-10,2
drama,0.0,0.001485081244317274,-0.001485081244317274,6.733638332267533e-10,2
event,0.0,0.0014853503595386988,-0.0014853503595386988,6.732418334199114e-10,2
discuss,0.0,0.0014880165617001976,-0.0014880165617001976,6.720355304280829e-10,2
factory,0.0,0.001488549139799463,-0.001488549139799463,6.71795087304222e-10,2
explored,0.0,0.0014886869677705511,-0.0014886869677705511,6.717328901091015e-10,2
glow,0.00656574227135449,0.00805617778083737,-0.0014904355094828795,0.8149947096695083,18
easily,0.0,0.0014931364575439337,-0.0014931364575439337,6.697311516826619e-10,2
look url,0.0,0.0014941887019441643,-0.0014941887019441643,6.692595105488282e-10,2
excited try,0.0,0.0014966507819463362,-0.0014966507819463362,6.681585386481276e-10,2
combo,0.0,0.0014987167025083212,-0.0014987167025083212,6.672375090363085e-10,2
user url,0.013477159382084615,0.014978756130286769,-0.0015015967482021539,0.8997515724910091,49
finance,0.0,0.0015041634663725137,-0.0015041634663725137,6.648213586431592e-10,2
romantic,0.0,0.0015041919143856748,-0.0015041919143856748,6.648087852164795e-10,2
sleek,0.0,0.001507041665430025,-0.001507041665430025,6.635516603657434e-10,2
cutting,0.0,0.0015104055479580284,-0.0015104055479580284,6.620738388374316e-10,2
purecolorenvy liquid,0.0,0.0015128366771510532,-0.0015128366771510532,6.610098858934146e-10,2
case,0.0,0.001519833396133267,-0.001519833396133267,6.579668547132964e-10,2
exciting,0.0,0.0015201692044999162,-0.0015201692044999162,6.578215085413103e-10,2
seconds,0.0,0.0015203284565639143,-0.0015203284565639143,6.577526027516065e-10,2
online,0.0,0.0015227372707404207,-0.0015227372707404207,6.567121055998352e-10,2
live work,0.0,0.0015249742963801172,-0.0015249742963801172,6.55748757023633e-10,2
youtube,0.0,0.0015278567540366016,-0.0015278567540366016,6.545116200870832e-10,2
harsh,0.001332422662410133,0.00286720077177684,-0.0015347781093667068,0.4647120201909342,4
credit,0.0,0.0015349784741535899,-0.0015349784741535899,6.51474933483963e-10,2
anti aging,0.0,0.0015350295547249938,-0.0015350295547249938,6.514532546102673e-10,2
want miss,0.0,0.0015357379406251415,-0.0015357379406251415,6.511527604389227e-10,2
application,0.0,0.0015360328449291849,-0.0015360328449291849,6.510277450447844e-10,2
creamy moisturizing,0.0,0.0015395092232715329,-0.0015395092232715329,6.49557653981048e-10,2
natural finish,0.0,0.0015395092232715329,-0.0015395092232715329,6.49557653981048e-10,2
revloncandid,0.0,0.0015395092232715329,-0.0015395092232715329,6.49557653981048e-10,2
follow,0.0,0.0015402929053826714,-0.0015402929053826714,6.492271670253082e-10,2
business,0.0011010913730623748,0.0026437013738471113,-0.0015426100007847365,0.41649612340427533,5
cars,0.0,0.001542751871686938,-0.001542751871686938,6.481923747454912e-10,2
floor,0.0,0.0015429421118816886,-0.0015429421118816886,6.481124545446114e-10,2
experiences,0.0,0.0015436322756671207,-0.0015436322756671207,6.4782268103328e-10,2
classic,0.0,0.0015440353081425688,-0.0015440353081425688,6.476535828415209e-10,2
year url,0.0,0.0015451541643899335,-0.0015451541643899335,6.471846126419632e-10,2
efforts,0.0010508922440032814,0.0025961444446732694,-0.001545252200669988,0.40478958971435386,4
animated,0.0,0.0015455001998883214,-0.0015455001998883214,6.470397088432733e-10,2
animated short,0.0,0.0015455001998883214,-0.0015455001998883214,6.470397088432733e-10,2
hairlove,0.0,0.0015455001998883214,-0.0015455001998883214,6.470397088432733e-10,2
short,0.0,0.0015455001998883214,-0.0015455001998883214,6.470397088432733e-10,2
short film,0.0,0.0015455001998883214,-0.0015455001998883214,6.470397088432733e-10,2
eyeshadow,0.0,0.0015456315978278332,-0.0015456315978278332,6.469847024079825e-10,2
booth url,0.0,0.0015459716477422487,-0.0015459716477422487,6.468423924937866e-10,2
gentle,0.004967537295836372,0.006514261884081625,-0.001546724588245253,0.7625633394034369,18
robotics,0.0,0.0015507928950495402,-0.0015507928950495402,6.448314294883479e-10,2
magic,0.0,0.0015527149030432172,-0.0015527149030432172,6.440332332716288e-10,2
enhance,0.0009083586905748972,0.0024632805375972475,-0.0015549218470223502,0.3687597402495519,5
battery,0.001774529548366022,0.0033304482116302235,-0.0015559186632642015,0.5328200398482059,6
robotic,0.0,0.0015636646229862114,-0.0015636646229862114,6.395233253091861e-10,2
oily,0.0007838047799368568,0.0023475025017676635,-0.0015636977218308067,0.33388879458606113,5
vacuums,0.0,0.0015645764350559752,-0.0015645764350559752,6.391506205480289e-10,3
support,0.000995547036352975,0.002560303031634776,-0.001564755995281801,0.3888395337049107,5
intimate,0.0,0.0015663750318903958,-0.0015663750318903958,6.384167131129019e-10,2
automate,0.0,0.0015670463404182234,-0.0015670463404182234,6.381432211474808e-10,2
automate ap,0.0,0.0015670463404182234,-0.0015670463404182234,6.381432211474808e-10,2
group,0.0,0.0015677177583630787,-0.0015677177583630787,6.378699188853183e-10,2
trip,0.0,0.0015680985311915517,-0.0015680985311915517,6.377150284060368e-10,2
trip url,0.0,0.0015680985311915517,-0.0015680985311915517,6.377150284060368e-10,2
lipstickenvy,0.0,0.0015707993345075064,-0.0015707993345075064,6.366185529846255e-10,2
story url,0.0,0.0015809303848855726,-0.0015809303848855726,6.325389207063921e-10,2
user shop,0.0,0.001580985937156882,-0.001580985937156882,6.325166947188682e-10,2
pop,0.0,0.0015834803439777894,-0.0015834803439777894,6.315203110487781e-10,2
confidence,0.0,0.0015855736613345993,-0.0015855736613345993,6.306865608044975e-10,2
dove,0.0,0.0015855736613345993,-0.0015855736613345993,6.306865608044975e-10,2
refresh,0.0,0.0015891671769561076,-0.0015891671769561076,6.292604163182759e-10,2
healthy natural,0.0,0.0015918180398949,-0.0015918180398949,6.282125056440575e-10,2
install,0.0,0.0015925729096398758,-0.0015925729096398758,6.279147367879141e-10,2
shadow,0.0,0.001593571447853497,-0.001593571447853497,6.275212829142082e-10,2
recently,0.0,0.0015941875763563606,-0.0015941875763563606,6.272787557774718e-10,3
safer,0.0,0.0015962200493268212,-0.0015962200493268212,6.26480039387585e-10,2
ends,0.0011646735167653746,0.0027627893439821313,-0.0015981158272167567,0.4215571193948221,4
join webinar,0.0,0.001599424462442144,-0.001599424462442144,6.25224899866722e-10,2
purecolorenvy sculpting,0.0,0.0016003169524476469,-0.0016003169524476469,6.248762145808976e-10,2
supremeskin,0.0,0.001600431316373691,-0.001600431316373691,6.248315620572839e-10,2
remove,0.0,0.0016006669043426038,-0.0016006669043426038,6.247395986399568e-10,3
tips,0.0,0.001602452136627792,-0.001602452136627792,6.240435995051691e-10,2
calm,0.0,0.001604776113156623,-0.001604776113156623,6.231398829895607e-10,2
relaxation,0.0,0.001604776113156623,-0.001604776113156623,6.231398829895607e-10,2
migration,0.0,0.0016063809743382955,-0.0016063809743382955,6.225173326579053e-10,2
sale url,0.0,0.0016078090586378367,-0.0016078090586378367,6.21964401808541e-10,2
esteestories,0.0,0.0016080979130952944,-0.0016080979130952944,6.218526815032862e-10,2
esteestories blog,0.0,0.0016080979130952944,-0.0016080979130952944,6.218526815032862e-10,2
don miss,0.0,0.0016082186499341432,-0.0016082186499341432,6.218059959814197e-10,2
mobile,0.0016464863741651075,0.003256014644118368,-0.0016095282699532603,0.5056753591798577,6
smartphone url,0.0,0.0016103054033317055,-0.0016103054033317055,6.210002135681902e-10,2
secret,0.0,0.0016110125396291265,-0.0016110125396291265,6.207276323308345e-10,2
need url,0.0,0.0016127801816534857,-0.0016127801816534857,6.200473013964701e-10,2
connectedcar,0.0,0.0016136955644193676,-0.0016136955644193676,6.196955742021388e-10,2
easier,0.0,0.0016139912576696692,-0.0016139912576696692,6.19582042113567e-10,2
doesn,0.0,0.0016164169955606308,-0.0016164169955606308,6.186522426624896e-10,2
energy fizz,0.0,0.0016172546943439075,-0.0016172546943439075,6.183317957765156e-10,3
fizz,0.0,0.0016172546943439075,-0.0016172546943439075,6.183317957765156e-10,3
fizz sticks,0.0,0.0016172546943439075,-0.0016172546943439075,6.183317957765156e-10,3
sticks,0.0,0.0016172546943439075,-0.0016172546943439075,6.183317957765156e-10,3
security url,0.0,0.0016177286714423329,-0.0016177286714423329,6.18150631212013e-10,2
amp,0.0,0.0016188943465018004,-0.0016188943465018004,6.177055355978922e-10,2
creates,0.001000948680124061,0.002628108082011598,-0.0016271594018875371,0.3808628296508472,5
instant,0.0,0.0016288811502724611,-0.0016288811502724611,6.139183323588788e-10,3
points,0.0,0.0016290886432430136,-0.0016290886432430136,6.13840139107144e-10,2
gear url,0.0,0.0016297616519967046,-0.0016297616519967046,6.135866543192141e-10,2
cloud,0.001445376872247817,0.0030769583604500945,-0.0016315814882022777,0.4697420970515332,5
founded,0.0,0.001631973784506803,-0.001631973784506803,6.127549406006261e-10,2
display,0.0,0.001640246043704247,-0.001640246043704247,6.09664631247631e-10,2
locks,0.0,0.001640973594709721,-0.001640973594709721,6.09394327010789e-10,2
local,0.0011918378954442403,0.002833361866073536,-0.0016415239706292959,0.4206444331359767,5
wrap,0.0,0.0016421885701884912,-0.0016421885701884912,6.089434657776701e-10,2
major,0.0,0.0016449156008340043,-0.0016449156008340043,6.07933926144932e-10,2
corporation,0.0,0.0016466657561546591,-0.0016466657561546591,6.072877848191492e-10,2
whirlpool corporation,0.0,0.0016466657561546591,-0.0016466657561546591,6.072877848191492e-10,2
friendly reminder,0.0,0.001657034141797491,-0.001657034141797491,6.034878667688452e-10,2
reminder,0.0,0.001657034141797491,-0.001657034141797491,6.034878667688452e-10,2
sale,0.0009349601988245457,0.00259427640564806,-0.0016593162068235141,0.36039344050951105,4
sleepbuds,0.0,0.0016604250465125292,-0.0016604250465125292,6.022554294143496e-10,2
successful,0.0,0.0016626508484235845,-0.0016626508484235845,6.014491860072033e-10,2
dramatically,0.0,0.0016639192663414609,-0.0016639192663414609,6.009906968610066e-10,2
lids,0.0,0.0016677205697716573,-0.0016677205697716573,5.996208342847856e-10,3
speaker,0.0,0.001672683343304345,-0.001672683343304345,5.978417872128043e-10,2
busy,0.0,0.0016737073206963419,-0.0016737073206963419,5.974760264455774e-10,2
data,0.0,0.0016751646042208186,-0.0016751646042208186,5.96956261422549e-10,2
large,0.0,0.0016799617227506594,-0.0016799617227506594,5.952516571433626e-10,2
favorite shades,0.0,0.0016821904800077853,-0.0016821904800077853,5.944630000527104e-10,2
rock,0.0,0.0016836826343397569,-0.0016836826343397569,5.93936160539071e-10,2
stem,0.0,0.0016850651402104322,-0.0016850651402104322,5.934488676690982e-10,2
stem education,0.0,0.0016850651402104322,-0.0016850651402104322,5.934488676690982e-10,2
article,0.0010287390610832932,0.002715328434398221,-0.0016865893733149276,0.378863583746333,5
lipstick url,0.0,0.0016866407138533372,-0.0016866407138533372,5.928944980359706e-10,2
secure,0.0,0.0016869817456777018,-0.0016869817456777018,5.927746414383998e-10,2
rescue renew,0.0,0.001693057922022815,-0.001693057922022815,5.906472462646656e-10,2
signal,0.0,0.0017008531010584502,-0.0017008531010584502,5.879402511538205e-10,2
november,0.0,0.0017072078512413089,-0.0017072078512413089,5.857517575772331e-10,2
diversity,0.0,0.0017092892793021312,-0.0017092892793021312,5.850384785793786e-10,2
eye look,0.0,0.0017121976465811419,-0.0017121976465811419,5.840447225311407e-10,2
home audio,0.0,0.0017139270153242606,-0.0017139270153242606,5.834554158231486e-10,2
boiing,0.0,0.0017181965208121928,-0.0017181965208121928,5.820056013995964e-10,2
concealer url,0.0,0.0017181965208121928,-0.0017181965208121928,5.820056013995964e-10,2
waterproof,0.0,0.0017237082794701588,-0.0017237082794701588,5.801445704764149e-10,2
enter win,0.0,0.001726726455697162,-0.001726726455697162,5.791305253483949e-10,2
friday,0.0,0.0017273890988476702,-0.0017273890988476702,5.789083652827177e-10,2
recommend,0.0,0.0017313859765244672,-0.0017313859765244672,5.77571964299837e-10,2
developing,0.0,0.001733817122437714,-0.001733817122437714,5.767620970412709e-10,2
perspective,0.0,0.0017413924527540478,-0.0017413924527540478,5.742530914523182e-10,2
pm url,0.0,0.0017416470678525665,-0.0017416470678525665,5.741691401684618e-10,2
shape,0.0,0.0017506204857980264,-0.0017506204857980264,5.712260353065161e-10,3
doublewear,0.0,0.001753093184659614,-0.001753093184659614,5.704203337164549e-10,2
esteeessentials,0.0,0.001753093184659614,-0.001753093184659614,5.704203337164549e-10,2
purecolorenvy url,0.0,0.001753093184659614,-0.001753093184659614,5.704203337164549e-10,2
engineering,0.0,0.0017590208662858816,-0.0017590208662858816,5.684980881113543e-10,2
stock,0.0,0.0017599310839884507,-0.0017599310839884507,5.682040669260424e-10,2
break,0.0,0.0017638910770395814,-0.0017638910770395814,5.66928430247188e-10,2
surface,0.0,0.0017658301062753233,-0.0017658301062753233,5.663058953859386e-10,2
reach,0.0008978416717326081,0.002667227183851041,-0.0017693855121184328,0.336619871689989,5
user community,0.0,0.0017718925942225528,-0.0017718925942225528,5.643682933696093e-10,2
fit concealer,0.0,0.0017728394853016888,-0.0017728394853016888,5.640668586901202e-10,2
mind body,0.0,0.0017811103171085966,-0.0017811103171085966,5.614475363109028e-10,3
user wcx,0.0,0.0017837339552790842,-0.0017837339552790842,5.60621720789588e-10,2
wcx,0.0,0.0017837339552790842,-0.0017837339552790842,5.60621720789588e-10,2
vacation,0.0,0.0017893618159448889,-0.0017893618159448889,5.588584659235519e-10,2
avon,0.0,0.0017936691087725638,-0.0017936691087725638,5.575164307349862e-10,2
asthma,0.0,0.0017969056862303012,-0.0017969056862303012,5.565122349528379e-10,2
asthma allergy,0.0,0.0017969056862303012,-0.0017969056862303012,5.565122349528379e-10,2
capability,0.0,0.001797726811493791,-0.001797726811493791,5.562580437974381e-10,2
calls,0.0009236634789940798,0.00272497666300902,-0.0018013131840149404,0.33896197798449196,5
expo,0.0,0.0018064097037968556,-0.0018064097037968556,5.535842712450759e-10,3
increase,0.0,0.0018102212042584408,-0.0018102212042584408,5.524186751846344e-10,2
outdoor,0.0,0.0018107109661121257,-0.0018107109661121257,5.522692567521608e-10,2
check,0.004280683786571631,0.006092580657547166,-0.001811896870975535,0.7026060100765906,16
definition,0.0,0.0018120889244014745,-0.0018120889244014745,5.518492972294097e-10,3
leading,0.0,0.0018122451921090015,-0.0018122451921090015,5.518017119330567e-10,3
bold,0.0,0.0018148362955119558,-0.0018148362955119558,5.510138858926069e-10,2
hope,0.0,0.0018154739630505514,-0.0018154739630505514,5.508203476346606e-10,2
retinol serum,0.0,0.0018175413911456582,-0.0018175413911456582,5.501937971379414e-10,2
playlist,0.0,0.001818245212967766,-0.001818245212967766,5.499808234433929e-10,2
lines,0.0009490231577295958,0.0027702022919023645,-0.0018211791341727688,0.3425826197462627,6
signed,0.0,0.0018260075782149054,-0.0018260075782149054,5.476428528461812e-10,2
earnings,0.0,0.0018384273546126165,-0.0018384273546126165,5.439431680273118e-10,3
earnings pg,0.0,0.0018384273546126165,-0.0018384273546126165,5.439431680273118e-10,3
pg url,0.0,0.0018384273546126165,-0.0018384273546126165,5.439431680273118e-10,3
url earnings,0.0,0.0018384273546126165,-0.0018384273546126165,5.439431680273118e-10,3
process,0.0,0.0018434793363441438,-0.0018434793363441438,5.424525134307585e-10,3
cloud url,0.0,0.0018536033049344537,-0.0018536033049344537,5.394897585683101e-10,2
limited time,0.0,0.001857027649259997,-0.001857027649259997,5.384949437128698e-10,3
order,0.0008978416717326081,0.0027558764574039133,-0.001858034785671305,0.3257916986789023,5
sugar,0.0008528115085213947,0.00271407923448069,-0.0018612677259592953,0.31421761692611505,5
iot url,0.0,0.0018650244799175212,-0.0018650244799175212,5.361859912466339e-10,2
naturally user,0.0,0.0018713494399329221,-0.0018713494399329221,5.343737402146929e-10,2
listening,0.0,0.0018780632901913672,-0.0018780632901913672,5.324634184003674e-10,2
girls,0.0,0.0018808663475449873,-0.0018808663475449873,5.31669887535383e-10,2
tide,0.0,0.0018837398954859815,-0.0018837398954859815,5.308588525759038e-10,2
hey,0.0,0.001886111295400776,-0.001886111295400776,5.301914059410373e-10,2
blue,0.0,0.0018925452575698127,-0.0018925452575698127,5.283889489415409e-10,3
halloween,0.0017305301800678956,0.003625414559042126,-0.0018948843789742304,0.4773330476853901,3
acquisitions,0.0,0.0019001915604447452,-0.0019001915604447452,5.262627307110471e-10,2
oxford,0.0,0.0019007377211521606,-0.0019007377211521606,5.261115136220496e-10,2
natural look,0.0,0.001903326792032073,-0.001903326792032073,5.2539585091794e-10,3
companies,0.0,0.0019061680859588522,-0.0019061680859588522,5.246127069493775e-10,2
tune,0.0018230275125345557,0.0037320614406352393,-0.0019090339281006836,0.4884773581690494,6
oil free,0.0,0.0019120025540533309,-0.0019120025540533309,5.230118533874592e-10,3
season,0.00267537152555292,0.0045885445690503545,-0.0019131730434974346,0.5830544927067277,9
record,0.0,0.0019134653882652763,-0.0019134653882652763,5.226120135802275e-10,2
beige,0.0,0.0019145066239691648,-0.0019145066239691648,5.223277824991105e-10,2
production,0.0,0.0019148359114664042,-0.0019148359114664042,5.222379596546996e-10,3
tech url,0.0,0.0019254331095402326,-0.0019254331095402326,5.193636665567794e-10,3
deebotlife,0.0,0.001928253379867295,-0.001928253379867295,5.186040433909247e-10,3
smarthome,0.0,0.001928253379867295,-0.001928253379867295,5.186040433909247e-10,3
panel,0.0,0.0019337710756216321,-0.0019337710756216321,5.171242925750219e-10,3
selected,0.0,0.0019348398840073706,-0.0019348398840073706,5.168386323585585e-10,2
transformation,0.0,0.0019364904013259455,-0.0019364904013259455,5.163981183686147e-10,2
immersive,0.0,0.0019420778239808887,-0.0019420778239808887,5.149124237643981e-10,2
areas,0.0,0.00195454610765493,-0.00195454610765493,5.116277357550676e-10,3
user wearing,0.0,0.0019642239499383547,-0.0019642239499383547,5.091069170204737e-10,3
avonrep,0.0,0.0019664894559210853,-0.0019664894559210853,5.085203973407978e-10,2
roi,0.0,0.001970621147672815,-0.001970621147672815,5.074542109088221e-10,2
giving,0.0,0.001972046507792341,-0.001972046507792341,5.070874320364729e-10,2
explain,0.0,0.0019750675142487474,-0.0019750675142487474,5.063118056873394e-10,2
reliable,0.0,0.0019817905264559606,-0.0019817905264559606,5.045941970888858e-10,2
million,0.0011504116864122233,0.0031377931879792444,-0.0019873815015670213,0.3666308192180326,5
aging,0.0,0.0019991288861790062,-0.0019991288861790062,5.002178731012743e-10,3
nutrisse,0.0,0.002006731748256237,-0.002006731748256237,4.983227082397206e-10,2
colorstay brow,0.0,0.0020114267891382397,-0.0020114267891382397,4.971595311859562e-10,3
pretty,0.0,0.002015629817779044,-0.002015629817779044,4.961228449208716e-10,2
master,0.0,0.002016270631874764,-0.002016270631874764,4.959651664291798e-10,2
sign,0.0,0.0020179889816384798,-0.0020179889816384798,4.95542844189625e-10,2
happy,0.0038455110341774163,0.005868441027572838,-0.002022929993395422,0.6552866453720871,12
dimensional,0.0,0.00202299048750533,-0.00202299048750533,4.943176973307679e-10,3
dermatologists,0.0,0.0020235807359085508,-0.0020235807359085508,4.941735122106926e-10,3
rose url,0.0,0.0020255835430750403,-0.0020255835430750403,4.936848953601855e-10,3
looking brows,0.0,0.002028808191533759,-0.002028808191533759,4.929002178126605e-10,3
bring,0.0019263254528037758,0.003955909354710364,-0.002029583901906588,0.48694883542342055,6
did,0.003980911514644929,0.006014388341528014,-0.0020334768268830848,0.6618979834567253,12
common,0.0,0.002038728633673284,-0.002038728633673284,4.905017681081694e-10,2
myths,0.0,0.002038728633673284,-0.002038728633673284,4.905017681081694e-10,2
drops,0.0,0.0020564430763492397,-0.0020564430763492397,4.862765281541381e-10,2
edgecomputing,0.0,0.0020593321119120813,-0.0020593321119120813,4.855943311571584e-10,3
high speed,0.0,0.0020694475519206,-0.0020694475519206,4.83220750672664e-10,2
scientific,0.0,0.002070016703023171,-0.002070016703023171,4.830878891249789e-10,2
think,0.001445376872247817,0.0035189091182489364,-0.0020735322460011195,0.41074572382145325,5
mud,0.0,0.002076432829223149,-0.002076432829223149,4.815951594699707e-10,3
mud mask,0.0,0.002076432829223149,-0.002076432829223149,4.815951594699707e-10,3
gt gt,0.0,0.0020825677146249187,-0.0020825677146249187,4.801764631696159e-10,3
gt url,0.0,0.0020825677146249187,-0.0020825677146249187,4.801764631696159e-10,3
ice,0.0,0.0020885283978351343,-0.0020885283978351343,4.788060342189959e-10,2
automotive,0.0,0.002088556281821588,-0.002088556281821588,4.787996417549374e-10,3
design,0.0014365203943244404,0.00352844970306467,-0.0020919293087402297,0.40712508773176254,6
culture,0.0,0.002093901793458222,-0.002093901793458222,4.775773164943205e-10,2
tlc,0.0,0.0020947271430068293,-0.0020947271430068293,4.773891448636042e-10,3
clinique,0.0,0.002100784531116868,-0.002100784531116868,4.760126441869524e-10,2
mobility,0.0,0.0021043517603776232,-0.0021043517603776232,4.752057228993624e-10,3
sleep,0.0009814917058994864,0.003090756016685094,-0.0021092643107856078,0.31755716118757293,5
mwc,0.0,0.002110347975047358,-0.002110347975047358,4.738555021968373e-10,3
strategy,0.0,0.002115498915165646,-0.002115498915165646,4.727017311890218e-10,2
perfectly,0.0010075450710290397,0.00312564792358915,-0.0021181028525601104,0.3223475888319943,5
buy,0.0,0.0021196739411982915,-0.0021196739411982915,4.717706719378314e-10,2
monsieurbig,0.0,0.002122080202006906,-0.002122080202006906,4.712357235994372e-10,2
read url,0.0009389914691311596,0.003062151135217273,-0.0021231596660861137,0.30664439093986445,5
holiday season,0.0,0.00212539579874228,-0.00212539579874228,4.705006004628678e-10,3
comment,0.0,0.0021345215431351557,-0.0021345215431351557,4.684890638595874e-10,3
super natural,0.0,0.002135154468685882,-0.002135154468685882,4.683501892709043e-10,3
superlustrous,0.0,0.002135154468685882,-0.002135154468685882,4.683501892709043e-10,3
superlustrous thegloss,0.0,0.002135154468685882,-0.002135154468685882,4.683501892709043e-10,3
thegloss,0.0,0.002135154468685882,-0.002135154468685882,4.683501892709043e-10,3
thegloss super,0.0,0.002135154468685882,-0.002135154468685882,4.683501892709043e-10,3
makeup artist,0.0,0.002137220255295621,-0.002137220255295621,4.678974930423267e-10,3
pen,0.0,0.0021409602040039946,-0.0021409602040039946,4.670801436022648e-10,2
makeup url,0.0,0.0021415933765450176,-0.0021415933765450176,4.66942049076718e-10,3
pure clean,0.0,0.002152340488361771,-0.002152340488361771,4.646105042128013e-10,2
omron,0.0,0.0021560094874613646,-0.0021560094874613646,4.6381985114251495e-10,3
liquid,0.0016931466687420994,0.003850779376639815,-0.0021576327078977157,0.43968934693419065,9
omronautomation,0.0,0.0021615400004285387,-0.0021615400004285387,4.626331223753022e-10,3
notch,0.0,0.002166330605752595,-0.002166330605752595,4.616100593708708e-10,3
apple,0.0,0.0021674391254777456,-0.0021674391254777456,4.613739725300043e-10,3
custom,0.0,0.0021745516522254068,-0.0021745516522254068,4.598649098616483e-10,2
ultimate,0.0010645798612100622,0.0032497716121843464,-0.002185191750974284,0.3275860549372313,5
congratulations user,0.0,0.0021856639648139796,-0.0021856639648139796,4.5752687313375843e-10,2
try new,0.0,0.002204317279590979,-0.002204317279590979,4.536552014562528e-10,3
stage,0.0,0.0022157309402805413,-0.0022157309402805413,4.5131833534899694e-10,3
meal,0.0,0.0022163274901053076,-0.0022163274901053076,4.5119685787107603e-10,2
wireless,0.0,0.0022398818952565893,-0.0022398818952565893,4.464521105649604e-10,3
mind,0.000812911658512495,0.003064525801823527,-0.002251614143311032,0.26526507258105375,6
success,0.0,0.0022568685856840026,-0.0022568685856840026,4.4309181575755427e-10,3
human,0.0015304567196846779,0.0037906418390415424,-0.0022601851193568643,0.40374606340226155,6
life,0.0029334713303223025,0.005194423443222598,-0.002260952112900295,0.564734731933532,10
safety,0.001000910551482794,0.003262110500708476,-0.0022611999492256818,0.306829137749498,5
allergy,0.0,0.0022690013666382004,-0.0022690013666382004,4.4072251972280574e-10,2
winner,0.0,0.002275332711826069,-0.002275332711826069,4.394961643908127e-10,3
bose,0.0,0.002282065005392663,-0.002282065005392663,4.381996118422295e-10,3
raw sugar,0.0,0.002290950499302876,-0.002290950499302876,4.3650004653867235e-10,3
needs,0.001900519795555489,0.004193033240989538,-0.002292513445434049,0.45325655363841516,7
finish,0.0032138744416662637,0.005515245997010018,-0.0023013715553437545,0.5827254929020168,13
lights shadowsticks,0.0,0.00230166389888436,-0.00230166389888436,4.3446829923788694e-10,4
metal,0.0,0.00230166389888436,-0.00230166389888436,4.3446829923788694e-10,4
metal lights,0.0,0.00230166389888436,-0.00230166389888436,4.3446829923788694e-10,4
purecolorlove,0.0,0.00230166389888436,-0.00230166389888436,4.3446829923788694e-10,4
purecolorlove metal,0.0,0.00230166389888436,-0.00230166389888436,4.3446829923788694e-10,4
shadowsticks,0.0,0.00230166389888436,-0.00230166389888436,4.3446829923788694e-10,4
trend,0.0,0.0023038870027431565,-0.0023038870027431565,4.3404906506928784e-10,3
powered user,0.0,0.002306084941961551,-0.002306084941961551,4.3363537108731415e-10,3
celebrating,0.001003246772803806,0.003312818420802107,-0.002309571647998301,0.3028378395873746,5
going,0.0,0.0023168298707156435,-0.0023168298707156435,4.316242690964126e-10,3
imagination,0.0,0.0023262759262241595,-0.0023262759262241595,4.298716193969539e-10,2
select,0.0,0.0023302379490626997,-0.0023302379490626997,4.2914072357850537e-10,3
selfie,0.0,0.0023390732091412843,-0.0023390732091412843,4.2751975255173743e-10,2
awards,0.0,0.0023585715048491385,-0.0023585715048491385,4.2398544946381754e-10,3
students,0.0,0.002360640629716626,-0.002360640629716626,4.2361382202272244e-10,3
music,0.0,0.002362880331709615,-0.002362880331709615,4.232122914380762e-10,2
raw,0.0008878180260216599,0.0032561837675416836,-0.0023683657415200236,0.2726559955242571,5
whirlpool,0.0,0.002379074856286807,-0.002379074856286807,4.2033145654796264e-10,3
team,0.000927289342929184,0.0033136021644120986,-0.0023863128214829145,0.2798432936845516,5
planning,0.0010376656801425047,0.0034281766222488772,-0.0023905109421063723,0.3026873452509313,5
studio,0.0,0.0024078871075544975,-0.0024078871075544975,4.153018621376813e-10,3
speak,0.0,0.0024103838798338155,-0.0024103838798338155,4.148716758154197e-10,3
receiver,0.0,0.00241685827950498,-0.00241685827950498,4.1376029702124664e-10,3
course,0.0,0.0024175651992642704,-0.0024175651992642704,4.1363930945510274e-10,3
experts,0.0,0.00242054273805081,-0.00242054273805081,4.131304867569243e-10,3
service,0.0,0.002421960355579562,-0.002421960355579562,4.1288867395511796e-10,2
cybersecurity,0.0,0.0024288446081761005,-0.0024288446081761005,4.11718393273094e-10,3
america,0.0,0.002440019840259475,-0.002440019840259475,4.0983273295180496e-10,4
radiant,0.0,0.0024423515960718244,-0.0024423515960718244,4.0944145846933606e-10,3
cooking,0.0,0.002450589982118984,-0.002450589982118984,4.080649994036341e-10,2
album,0.0,0.002451393461367503,-0.002451393461367503,4.079312502670304e-10,2
feeling,0.0,0.0024520666495177067,-0.0024520666495177067,4.0781925719224197e-10,4
nex,0.0,0.0024559504137694104,-0.0024559504137694104,4.071743443948522e-10,2
drop,0.0,0.0024569762573396683,-0.0024569762573396683,4.0700433982856727e-10,3
run,0.0,0.002463131371852379,-0.002463131371852379,4.0598727742319745e-10,3
metallic,0.0,0.0024683660106075197,-0.0024683660106075197,4.051263043233817e-10,4
brush,0.0009625197461536746,0.003440262963483471,-0.0024777432173297962,0.27978086474508485,4
upcoming,0.0,0.002480755847292211,-0.002480755847292211,4.0310294972736426e-10,3
latest,0.0035270684887132,0.006013500803145809,-0.002486432314432609,0.5865249884529123,11
spring,0.0021542442880417064,0.004641647351755759,-0.0024874030637140523,0.464112011388096,8
tried,0.0018232266292984006,0.004320344085566949,-0.002497117456268548,0.4220095885342274,9
avnetreachfurther,0.0,0.0024972743122397573,-0.0024972743122397573,4.0043658588018014e-10,3
avnetreachfurther url,0.0,0.0024972743122397573,-0.0024972743122397573,4.0043658588018014e-10,3
huge,0.0,0.002500828599583971,-0.002500828599583971,3.99867467833057e-10,3
red,0.0,0.002503456491484368,-0.002503456491484368,3.9944772477656476e-10,3
left,0.0,0.002512018366043537,-0.002512018366043537,3.980862612787849e-10,2
fit,0.0,0.0025179015192756692,-0.0025179015192756692,3.9715612066134986e-10,3
organic sales,0.0,0.0025210819484518345,-0.0025210819484518345,3.9665509493550284e-10,4
palette,0.0,0.0025357802406068258,-0.0025357802406068258,3.9435593967966984e-10,4
highlighter,0.0,0.0025408962151486827,-0.0025408962151486827,3.9356192261789104e-10,4
just,0.008153016666032038,0.010702419922308293,-0.002549403256276256,0.7617918868307502,27
color envy,0.0,0.0025511794296772562,-0.0025511794296772562,3.9197556548758003e-10,4
pure color,0.0,0.0025511794296772562,-0.0025511794296772562,3.9197556548758003e-10,4
mix,0.0,0.002577679818626559,-0.002577679818626559,3.8794577681291493e-10,5
bluetooth,0.0,0.002583303706391954,-0.002583303706391954,3.871012135114294e-10,3
fun,0.0009892891848667868,0.0035749746443346333,-0.0025856854594678465,0.27672621039643347,5
christmas,0.0009332439108997094,0.003525230118388699,-0.0025919862074889896,0.2647327636192842,3
provides,0.0,0.002593617867027438,-0.002593617867027438,3.8556181013687436e-10,3
url user,0.0013544827305000148,0.003953132101460236,-0.002598649370960221,0.34263533228678367,6
performance,0.0033886734629008986,0.005990238157461973,-0.0026015646945610747,0.5656992884521571,11
wear,0.0,0.002604141894616867,-0.002604141894616867,3.840036526746638e-10,3
harman,0.0010724999625498916,0.0036776971339083898,-0.002605197171358498,0.29162269871812246,7
film,0.0008668596209379202,0.0034739587249715204,-0.0026070991040336,0.2495307775124749,7
liquid lipcolor,0.0,0.002618508323254216,-0.002618508323254216,3.8189681916891085e-10,4
paint,0.0,0.002618508323254216,-0.002618508323254216,3.8189681916891085e-10,4
texturetuesday,0.0,0.002621904946323629,-0.002621904946323629,3.8140207982016034e-10,2
net,0.0,0.0026233797068996156,-0.0026233797068996156,3.811876706177013e-10,3
register url,0.0,0.0026300401167349955,-0.0026300401167349955,3.802223370118039e-10,4
makeup,0.005513893924405485,0.008145863421599774,-0.002631969497194289,0.6768949636582184,18
tag,0.0008853684273701283,0.0035198208060788763,-0.002634452378708748,0.2515379267573856,5
desk,0.0,0.0026522339235803714,-0.0026522339235803714,3.770406489156936e-10,2
center,0.0,0.0026586756271078037,-0.0026586756271078037,3.7612711736170176e-10,4
gift,0.0008881846728482713,0.003547847165212107,-0.0026596624923638356,0.2503446829127508,5
mondays,0.0,0.0026607053323443814,-0.0026607053323443814,3.75840190744853e-10,2
perfect,0.003483308185696276,0.006152753847795327,-0.0026694456620990513,0.5661380696024898,16
brown,0.0,0.0026790535295085635,-0.0026790535295085635,3.732661511284436e-10,3
results,0.0009050084269192488,0.0035898547501316182,-0.0026848463232123695,0.2521016839564236,6
self,0.0011303643171039668,0.003819982201106166,-0.002689617884002199,0.29590826823243704,7
customers,0.0,0.002690745579615718,-0.002690745579615718,3.71644204195319e-10,4
lightweight,0.0008765192062416729,0.0035681332709219405,-0.0026916140646802674,0.24565203719802325,7
cleanser,0.0,0.002696235875740189,-0.002696235875740189,3.708874318551917e-10,3
step,0.0,0.0027061845105996,-0.0027061845105996,3.695239536379245e-10,3
cio,0.0,0.002708667092789227,-0.002708667092789227,3.6918527282032034e-10,2
gaming,0.0,0.0027126848727410872,-0.0027126848727410872,3.6863846946619025e-10,3
machine,0.0,0.0027225182485936406,-0.0027225182485936406,3.6730699606853273e-10,3
supporting,0.0,0.0027306678624266353,-0.0027306678624266353,3.662107770020515e-10,4
sure,0.0017823976970771775,0.0045152738747262465,-0.002732876177649069,0.39474852403952854,9
happen,0.0,0.0027482708239710473,-0.0027482708239710473,3.638651587441477e-10,2
liner,0.0,0.002754606718310352,-0.002754606718310352,3.6302822939833737e-10,4
black,0.0,0.002754816642382561,-0.002754816642382561,3.6300056571900495e-10,3
day,0.00794976244856438,0.010722084196474031,-0.002772321747909652,0.7414381666054468,28
shade url,0.0,0.0027744228050955192,-0.0027744228050955192,3.6043533011729843e-10,3
sculpting,0.0,0.0027755294919358737,-0.0027755294919358737,3.602916137425833e-10,4
blog,0.0010502078320259233,0.0038418633643646765,-0.0027916555323387535,0.27335897535914466,6
gold,0.0012830014195711918,0.004094882498843876,-0.0028118810792726844,0.31331825043089956,6
don,0.003100014107302323,0.005919358140157519,-0.0028193440328551957,0.5237078133096574,12
story,0.0,0.002824236669972019,-0.002824236669972019,3.540779745118986e-10,4
advice url,0.0,0.002841936935517109,-0.002841936935517109,3.5187269187807324e-10,3
audio advice,0.0,0.002841936935517109,-0.002841936935517109,3.5187269187807324e-10,3
choosing,0.0,0.0028422250178000933,-0.0028422250178000933,3.518370267608761e-10,2
artist,0.0,0.002854920559690605,-0.002854920559690605,3.502724432227635e-10,4
health,0.002017109197700034,0.004877046906957079,-0.0028599377092570454,0.4135923309265381,7
deebot ozmo,0.0,0.002864089857994025,-0.002864089857994025,3.4915105643760674e-10,3
build,0.0016598304419349064,0.004534549718681728,-0.002874719276746822,0.3660408520234302,8
does,0.001876864729153896,0.004754767458362002,-0.002877902729208106,0.3947332327385228,9
mascara,0.0,0.0028833439507093593,-0.0028833439507093593,3.468195320253627e-10,4
miss,0.0,0.002890221640458034,-0.002890221640458034,3.4599422606756505e-10,4
spirit,0.0,0.002891955804781317,-0.002891955804781317,3.457867502680702e-10,3
say,0.0020120585454320807,0.004907078246439189,-0.0028950197010071082,0.41003188556899306,8
webinar learn,0.0,0.002897855938273988,-0.002897855938273988,3.4508271665517446e-10,4
eplus,0.0,0.0029262810030746657,-0.0029262810030746657,3.4173068089071475e-10,3
kit,0.0,0.00293286220152926,-0.00293286220152926,3.4096385405956465e-10,4
model,0.0,0.0029533741676343143,-0.0029533741676343143,3.3859576975389317e-10,3
camera,0.0,0.0029574899769723947,-0.0029574899769723947,3.3812456084317256e-10,3
konica,0.0,0.0029850943474280444,-0.0029850943474280444,3.3499778676228497e-10,4
konica minolta,0.0,0.0029850943474280444,-0.0029850943474280444,3.3499778676228497e-10,4
minolta,0.0,0.0029850943474280444,-0.0029850943474280444,3.3499778676228497e-10,4
rescue,0.0,0.0029857197931933603,-0.0029857197931933603,3.349276117420007e-10,4
point,0.0,0.00300125753056559,-0.00300125753056559,3.3319366614912097e-10,3
today url,0.0016283344234245488,0.004695000389368538,-0.003066665965943989,0.34682306475734526,8
gear,0.0,0.0030693563728617134,-0.0030693563728617134,3.2580120331281345e-10,4
balanced,0.0,0.003069535930723599,-0.003069535930723599,3.257821450027732e-10,4
exposure,0.0,0.0030782899631504124,-0.0030782899631504124,3.248556866461387e-10,4
view,0.0,0.0030783986874744,-0.0030783986874744,3.248442132411323e-10,4
apply,0.0,0.003079726857359847,-0.003079726857359847,3.2470412019998567e-10,5
natural lashes,0.0,0.003096035674192599,-0.003096035674192599,3.229936941659407e-10,3
technology,0.0033607097912695437,0.006479810935764515,-0.0031191011444949715,0.5186431865167359,13
passion,0.0011146891286412453,0.004237877982045726,-0.0031231888534044806,0.2630300197647804,6
deliver,0.0,0.0031327608814025695,-0.0031327608814025695,3.1920725441166846e-10,4
ve got,0.000747787776096935,0.0038842178050513183,-0.003136430028954383,0.19251952759496083,5
exclusive,0.0,0.003170033522428876,-0.003170033522428876,3.154540772547879e-10,4
applications,0.0,0.0032023559783312056,-0.0032023559783312056,3.122700931608623e-10,4
speed,0.0,0.0032061175930463226,-0.0032061175930463226,3.1190371864618255e-10,3
concealer,0.0,0.0032092897983345306,-0.0032092897983345306,3.115954190884716e-10,4
history,0.0,0.0032234123973059097,-0.0032234123973059097,3.1023023939647254e-10,3
lipcolor,0.0,0.00323164898385482,-0.00323164898385482,3.09439547638533e-10,5
ensure,0.0,0.003234364692141451,-0.003234364692141451,3.091797292125172e-10,5
dream,0.0,0.003235089028851058,-0.003235089028851058,3.091105038447859e-10,3
blush,0.0,0.003246309526633612,-0.003246309526633612,3.0804209872400773e-10,3
video,0.0,0.003258285146604676,-0.003258285146604676,3.069099095685805e-10,4
lip,0.0017101776345572182,0.0049728102896625034,-0.0032626326551052852,0.3439056661317718,9
appliances,0.0,0.0032626755792462387,-0.0032626755792462387,3.0649691500266433e-10,3
week,0.0019548305487640536,0.005293449535370943,-0.0033386189866068897,0.36929237472323884,9
looks,0.0,0.003363210387528628,-0.003363210387528628,2.973349521667868e-10,4
photo,0.0,0.0033714988037418553,-0.0033714988037418553,2.96603990662416e-10,5
help,0.005781778495556376,0.00916444713276234,-0.0033826686372059643,0.6308922308314681,28
annual,0.0,0.00345529214542658,-0.00345529214542658,2.894111286752373e-10,4
visit,0.0,0.0034929650955301417,-0.0034929650955301417,2.86289720155917e-10,4
services,0.0,0.0035039263837906816,-0.0035039263837906816,2.8539412367241793e-10,4
envy,0.0,0.003526178146312332,-0.003526178146312332,2.8359315900196483e-10,5
colorstay,0.0,0.003554692717019661,-0.003554692717019661,2.813182683641655e-10,6
lashes,0.0,0.003573977554950024,-0.003573977554950024,2.7980030214100853e-10,4
try,0.003673664379608406,0.007270891691610733,-0.003597227312002327,0.5052563751350994,16
strong,0.0,0.0036084959766450775,-0.0036084959766450775,2.771237674075516e-10,4
powered,0.001898079789861794,0.005522989190774931,-0.0036249094009131373,0.343668930891354,10
digital,0.0,0.0036287693453585196,-0.0036287693453585196,2.755755201149676e-10,4
idole,0.0,0.0036292274891382243,-0.0036292274891382243,2.7554073221293536e-10,5
teint,0.0,0.0036292274891382243,-0.0036292274891382243,2.7554073221293536e-10,5
teint idole,0.0,0.0036292274891382243,-0.0036292274891382243,2.7554073221293536e-10,5
gives,0.0,0.0036721131205332278,-0.0036721131205332278,2.723227653679871e-10,6
favorite,0.004796903898180932,0.008502765174568036,-0.0037058612763871037,0.5641581062316554,19
ozmo,0.0,0.003707666411787074,-0.003707666411787074,2.697114272608722e-10,5
smartphone,0.0,0.0037080504855229557,-0.0037080504855229557,2.6968349099736814e-10,5
add,0.0,0.0037244187329450763,-0.0037244187329450763,2.684982735388493e-10,5
easy,0.0016998177580146295,0.00542877090324892,-0.003728953145234291,0.31311281853581957,9
play,0.0009252457206493637,0.0046772034286344626,-0.0037519577079850987,0.19782028632474394,9
brows,0.0,0.003828004272600401,-0.003828004272600401,2.612327282120449e-10,5
big,0.0013247222376534945,0.005190580713195166,-0.003865858475541672,0.2552165762552642,8
make sure,0.0,0.003925097705920378,-0.003925097705920378,2.547707279329353e-10,5
foundation,0.0016674155797911797,0.005644748165149526,-0.003977332585358346,0.2953923774297588,13
natural looking,0.0,0.004011706272635664,-0.004011706272635664,2.492704928503492e-10,7
mask,0.0015588731634823987,0.005616384413266592,-0.004057511249784193,0.27755813161979975,10
holiday,0.0016511005015979448,0.005733682066288874,-0.0040825815646909295,0.2879651301242544,11
save,0.0018424008819858532,0.005953238063174627,-0.004110837181188773,0.30947878501164705,7
speakers,0.0,0.004148738700560494,-0.004148738700560494,2.4103711318909117e-10,5
booth,0.0016020809714178237,0.005799198436695709,-0.004197117465277886,0.2762590364220067,8
lipstick,0.0,0.004207672171967371,-0.004207672171967371,2.376611006971038e-10,4
edge,0.0,0.004235827819750583,-0.004235827819750583,2.360813617355205e-10,6
register,0.0,0.004268678762105448,-0.004268678762105448,2.342645243401974e-10,6
security,0.0,0.004280798020188768,-0.004280798020188768,2.336013040209503e-10,5
lipstoenvy url,0.0,0.004282841843813704,-0.004282841843813704,2.334898266698658e-10,7
feel,0.0024827038221770683,0.006853540875245225,-0.0043708370530681565,0.36225126077270003,12
experience,0.0008933060950669885,0.0052698291063416865,-0.004376523011274698,0.1695132949989735,10
webinar,0.0,0.004464672391269182,-0.004464672391269182,2.2398059972587306e-10,7
got,0.0007096202922903617,0.005323139550829067,-0.004613519258538706,0.13330860226020774,7
time,0.00570399798459951,0.010498585011771326,-0.004794587027171816,0.5433111203710507,25
sales,0.0,0.004841936646995526,-0.004841936646995526,2.06528931024734e-10,5
wearing,0.0,0.00487857293447094,-0.00487857293447094,2.0497797475348547e-10,8
konicaminolta,0.0,0.004880616062145015,-0.004880616062145015,2.0489216669823665e-10,6
read,0.002772304442584118,0.007738852219862952,-0.004966547777278833,0.3582319915749704,14
right,0.0,0.0050073101630124005,-0.0050073101630124005,1.9970802032336886e-10,6
advice,0.0,0.005249125556769109,-0.005249125556769109,1.9050792155655778e-10,7
matte,0.0,0.005269257368327342,-0.005269257368327342,1.8978006385132351e-10,8
iot,0.001266359261511328,0.0065860465720942885,-0.00531968731058296,0.19227912351618262,9
brow,0.0,0.005340351060092471,-0.005340351060092471,1.8725360721799267e-10,8
lipstoenvy,0.0,0.005423650384465501,-0.005423650384465501,1.8437766613420307e-10,9
deebot,0.0,0.005537839223538138,-0.005537839223538138,1.8057584546134979e-10,6
let,0.0016783825032919563,0.007360172578107259,-0.005681790074815302,0.22803575408764845,13
pure,0.0030694597961299,0.00886383477880661,-0.0057943749826767105,0.34629027654291056,20
join,0.002085722093641117,0.007938119272929596,-0.005852397179288479,0.2627476386618495,15
user user,0.005631234289489898,0.011648531924588862,-0.006017297635098964,0.48342866950637003,23
look,0.004888012388295328,0.011050577736101675,-0.006162565347806347,0.4423309355929971,27
home,0.002370128174134894,0.008631146840789021,-0.006261018666654127,0.27460176713244583,14
year,0.0038813357151779577,0.010323956226689694,-0.006442620511511735,0.37595429800137065,22
make,0.0023077046186606954,0.0089495384933633,-0.006641833874702604,0.25785738796633595,16
shades,0.0,0.006671504626536024,-0.006671504626536024,1.498912248179506e-10,12
car,0.0,0.006744878723484121,-0.006744878723484121,1.4826063460117802e-10,8
live,0.0008533736299201239,0.0079604957734953,-0.0071071221435751765,0.10720106574947942,14
looking,0.0007341415250661865,0.007847133211096882,-0.007112991686030696,0.09355537955370224,18
sound,0.0,0.007474492341697064,-0.007474492341697064,1.3378835031880764e-10,9
shade,0.0,0.007561381737801631,-0.007561381737801631,1.322509608089811e-10,9
purecolorenvy,0.0,0.007610765682299631,-0.007610765682299631,1.313928245346337e-10,13
audio,0.0,0.007657557721967128,-0.007657557721967128,1.30589939531337e-10,11
shop url,0.0022854522979305707,0.0105578268681473,-0.008272374570216729,0.21646995421086637,23
need,0.0007701121804899781,0.009218363148113438,-0.00844825096762346,0.08354109824411098,15
color,0.0030710641099411778,0.01171490343105612,-0.008643839321114942,0.2621501857657366,22
eye,0.0,0.008819602567449852,-0.008819602567449852,1.1338379391122174e-10,13
shop,0.0034693762767267263,0.016372533934452694,-0.012903157657725968,0.21190221937572057,34
user,0.03535835139272241,0.051047604631122775,-0.015689253238400362,0.6926544673062373,184
url url,0.030867971392903558,0.04666094729026698,-0.01579297589736342,0.6615376066246469,232
