EPISODE:  0
{'n_steps': 5, 'ent_coef': 0.01, 'learning_rate': 0.0007}
Using cuda device
EPISODE:  1
-------------------------------------
| time/                 |           |
|    fps                | 30        |
|    iterations         | 100       |
|    time_elapsed       | 16        |
|    total_timesteps    | 500       |
| train/                |           |
|    entropy_loss       | -2.84     |
|    explained_variance | -1.19e-07 |
|    learning_rate      | 0.0007    |
|    n_updates          | 99        |
|    policy_loss        | 7.06e+03  |
|    reward             | 785.51746 |
|    std                | 1         |
|    value_loss         | 7.01e+06  |
-------------------------------------
EPISODE:  2
-------------------------------------
| time/                 |           |
|    fps                | 31        |
|    iterations         | 200       |
|    time_elapsed       | 31        |
|    total_timesteps    | 1000      |
| train/                |           |
|    entropy_loss       | -2.82     |
|    explained_variance | -1.19e-07 |
|    learning_rate      | 0.0007    |
|    n_updates          | 199       |
|    policy_loss        | 4.18e+03  |
|    reward             | 637.16223 |
|    std                | 0.988     |
|    value_loss         | 4.31e+06  |
-------------------------------------
------------------------------------
| time/                 |          |
|    fps                | 32       |
|    iterations         | 300      |
|    time_elapsed       | 46       |
|    total_timesteps    | 1500     |
| train/                |          |
|    entropy_loss       | -2.81    |
|    explained_variance | 0        |
|    learning_rate      | 0.0007   |
|    n_updates          | 299      |
|    policy_loss        | 6.11e+03 |
|    reward             | 840.4684 |
|    std                | 0.988    |
|    value_loss         | 8.01e+06 |
------------------------------------
EPISODE:  3
------------------------------------
| time/                 |          |
|    fps                | 32       |
|    iterations         | 400      |
|    time_elapsed       | 61       |
|    total_timesteps    | 2000     |
| train/                |          |
|    entropy_loss       | -2.81    |
|    explained_variance | 0        |
|    learning_rate      | 0.0007   |
|    n_updates          | 399      |
|    policy_loss        | 5.42e+03 |
|    reward             | 726.875  |
|    std                | 0.988    |
|    value_loss         | 5.69e+06 |
------------------------------------
------------------------------------
| time/                 |          |
|    fps                | 32       |
|    iterations         | 500      |
|    time_elapsed       | 76       |
|    total_timesteps    | 2500     |
| train/                |          |
|    entropy_loss       | -2.81    |
|    explained_variance | 0        |
|    learning_rate      | 0.0007   |
|    n_updates          | 499      |
|    policy_loss        | 7.69e+03 |
|    reward             | 725.3988 |
|    std                | 0.985    |
|    value_loss         | 5.98e+06 |
------------------------------------
EPISODE:  4
------------------------------------
| time/                 |          |
|    fps                | 32       |
|    iterations         | 600      |
|    time_elapsed       | 91       |
|    total_timesteps    | 3000     |
| train/                |          |
|    entropy_loss       | -2.78    |
|    explained_variance | 0        |
|    learning_rate      | 0.0007   |
|    n_updates          | 599      |
|    policy_loss        | 5.28e+03 |
|    reward             | 665.6282 |
|    std                | 0.971    |
|    value_loss         | 4.71e+06 |
------------------------------------
-------------------------------------
| time/                 |           |
|    fps                | 32        |
|    iterations         | 700       |
|    time_elapsed       | 106       |
|    total_timesteps    | 3500      |
| train/                |           |
|    entropy_loss       | -2.76     |
|    explained_variance | 0         |
|    learning_rate      | 0.0007    |
|    n_updates          | 699       |
|    policy_loss        | 5.83e+03  |
|    reward             | 786.54456 |
|    std                | 0.963     |
|    value_loss         | 7.03e+06  |
-------------------------------------
EPISODE:  5
------------------------------------
| time/                 |          |
|    fps                | 32       |
|    iterations         | 800      |
|    time_elapsed       | 121      |
|    total_timesteps    | 4000     |
| train/                |          |
|    entropy_loss       | -2.75    |
|    explained_variance | 0        |
|    learning_rate      | 0.0007   |
|    n_updates          | 799      |
|    policy_loss        | 5.33e+03 |
|    reward             | 679.1135 |
|    std                | 0.957    |
|    value_loss         | 4.89e+06 |
------------------------------------
-------------------------------------
| time/                 |           |
|    fps                | 32        |
|    iterations         | 900       |
|    time_elapsed       | 136       |
|    total_timesteps    | 4500      |
| train/                |           |
|    entropy_loss       | -2.75     |
|    explained_variance | -1.19e-07 |
|    learning_rate      | 0.0007    |
|    n_updates          | 899       |
|    policy_loss        | 5.72e+03  |
|    reward             | 771.0898  |
|    std                | 0.958     |
|    value_loss         | 6.76e+06  |
-------------------------------------
EPISODE:  6
------------------------------------
| time/                 |          |
|    fps                | 32       |
|    iterations         | 1000     |
|    time_elapsed       | 151      |
|    total_timesteps    | 5000     |
| train/                |          |
|    entropy_loss       | -2.76    |
|    explained_variance | 1.19e-07 |
|    learning_rate      | 0.0007   |
|    n_updates          | 999      |
|    policy_loss        | 4.95e+03 |
|    reward             | 734.9039 |
|    std                | 0.961    |
|    value_loss         | 5.82e+06 |
------------------------------------
------------------------------------
| time/                 |          |
|    fps                | 33       |
|    iterations         | 1100     |
|    time_elapsed       | 166      |
|    total_timesteps    | 5500     |
| train/                |          |
|    entropy_loss       | -2.74    |
|    explained_variance | 0        |
|    learning_rate      | 0.0007   |
|    n_updates          | 1099     |
|    policy_loss        | 6.52e+03 |
|    reward             | 885.5781 |
|    std                | 0.953    |
|    value_loss         | 8.73e+06 |
------------------------------------
EPISODE:  7
------------------------------------
| time/                 |          |
|    fps                | 33       |
|    iterations         | 1200     |
|    time_elapsed       | 181      |
|    total_timesteps    | 6000     |
| train/                |          |
|    entropy_loss       | -2.71    |
|    explained_variance | 0        |
|    learning_rate      | 0.0007   |
|    n_updates          | 1199     |
|    policy_loss        | 6.97e+03 |
|    reward             | 778.999  |
|    std                | 0.939    |
|    value_loss         | 6.5e+06  |
------------------------------------
------------------------------------
| time/                 |          |
|    fps                | 33       |
|    iterations         | 1300     |
|    time_elapsed       | 196      |
|    total_timesteps    | 6500     |
| train/                |          |
|    entropy_loss       | -2.71    |
|    explained_variance | 0        |
|    learning_rate      | 0.0007   |
|    n_updates          | 1299     |
|    policy_loss        | 7.71e+03 |
|    reward             | 782.0231 |
|    std                | 0.937    |
|    value_loss         | 7.06e+06 |
------------------------------------
EPISODE:  8
-------------------------------------
| time/                 |           |
|    fps                | 33        |
|    iterations         | 1400      |
|    time_elapsed       | 211       |
|    total_timesteps    | 7000      |
| train/                |           |
|    entropy_loss       | -2.7      |
|    explained_variance | 5.96e-08  |
|    learning_rate      | 0.0007    |
|    n_updates          | 1399      |
|    policy_loss        | 4.56e+03  |
|    reward             | 701.06433 |
|    std                | 0.931     |
|    value_loss         | 5.18e+06  |
-------------------------------------
-------------------------------------
| time/                 |           |
|    fps                | 33        |
|    iterations         | 1500      |
|    time_elapsed       | 226       |
|    total_timesteps    | 7500      |
| train/                |           |
|    entropy_loss       | -2.67     |
|    explained_variance | 0         |
|    learning_rate      | 0.0007    |
|    n_updates          | 1499      |
|    policy_loss        | 7.33e+03  |
|    reward             | 763.64417 |
|    std                | 0.921     |
|    value_loss         | 6.57e+06  |
-------------------------------------
EPISODE:  9
-------------------------------------
| time/                 |           |
|    fps                | 33        |
|    iterations         | 1600      |
|    time_elapsed       | 241       |
|    total_timesteps    | 8000      |
| train/                |           |
|    entropy_loss       | -2.65     |
|    explained_variance | 0         |
|    learning_rate      | 0.0007    |
|    n_updates          | 1599      |
|    policy_loss        | 4.75e+03  |
|    reward             | 694.73206 |
|    std                | 0.912     |
|    value_loss         | 5.06e+06  |
-------------------------------------
-------------------------------------
| time/                 |           |
|    fps                | 33        |
|    iterations         | 1700      |
|    time_elapsed       | 257       |
|    total_timesteps    | 8500      |
| train/                |           |
|    entropy_loss       | -2.65     |
|    explained_variance | -2.38e-07 |
|    learning_rate      | 0.0007    |
|    n_updates          | 1699      |
|    policy_loss        | 4.94e+03  |
|    reward             | 783.5278  |
|    std                | 0.908     |
|    value_loss         | 6.96e+06  |
-------------------------------------
EPISODE:  10
------------------------------------
| time/                 |          |
|    fps                | 33       |
|    iterations         | 1800     |
|    time_elapsed       | 272      |
|    total_timesteps    | 9000     |
| train/                |          |
|    entropy_loss       | -2.64    |
|    explained_variance | 0        |
|    learning_rate      | 0.0007   |
|    n_updates          | 1799     |
|    policy_loss        | 4.43e+03 |
|    reward             | 684.0661 |
|    std                | 0.906    |
|    value_loss         | 4.92e+06 |
------------------------------------
------------------------------------
| time/                 |          |
|    fps                | 33       |
|    iterations         | 1900     |
|    time_elapsed       | 287      |
|    total_timesteps    | 9500     |
| train/                |          |
|    entropy_loss       | -2.64    |
|    explained_variance | 0        |
|    learning_rate      | 0.0007   |
|    n_updates          | 1899     |
|    policy_loss        | 6.56e+03 |
|    reward             | 843.0168 |
|    std                | 0.904    |
|    value_loss         | 7.96e+06 |
------------------------------------
EPISODE:  11
-------------------------------------
| time/                 |           |
|    fps                | 33        |
|    iterations         | 2000      |
|    time_elapsed       | 302       |
|    total_timesteps    | 10000     |
| train/                |           |
|    entropy_loss       | -2.65     |
|    explained_variance | -1.19e-07 |
|    learning_rate      | 0.0007    |
|    n_updates          | 1999      |
|    policy_loss        | 6.14e+03  |
|    reward             | 719.6439  |
|    std                | 0.909     |
|    value_loss         | 5.53e+06  |
-------------------------------------
-------------------------------------
| time/                 |           |
|    fps                | 33        |
|    iterations         | 2100      |
|    time_elapsed       | 317       |
|    total_timesteps    | 10500     |
| train/                |           |
|    entropy_loss       | -2.64     |
|    explained_variance | 0         |
|    learning_rate      | 0.0007    |
|    n_updates          | 2099      |
|    policy_loss        | 8.88e+03  |
|    reward             | 863.67584 |
|    std                | 0.906     |
|    value_loss         | 8.37e+06  |
-------------------------------------
EPISODE:  12
------------------------------------
| time/                 |          |
|    fps                | 33       |
|    iterations         | 2200     |
|    time_elapsed       | 332      |
|    total_timesteps    | 11000    |
| train/                |          |
|    entropy_loss       | -2.62    |
|    explained_variance | 5.96e-08 |
|    learning_rate      | 0.0007   |
|    n_updates          | 2199     |
|    policy_loss        | 7.33e+03 |
|    reward             | 884.2041 |
|    std                | 0.899    |
|    value_loss         | 8.39e+06 |
------------------------------------
-------------------------------------
| time/                 |           |
|    fps                | 33        |
|    iterations         | 2300      |
|    time_elapsed       | 347       |
|    total_timesteps    | 11500     |
| train/                |           |
|    entropy_loss       | -2.61     |
|    explained_variance | 1.19e-07  |
|    learning_rate      | 0.0007    |
|    n_updates          | 2299      |
|    policy_loss        | 5.78e+03  |
|    reward             | 823.46356 |
|    std                | 0.893     |
|    value_loss         | 7.66e+06  |
-------------------------------------
EPISODE:  13
------------------------------------
| time/                 |          |
|    fps                | 33       |
|    iterations         | 2400     |
|    time_elapsed       | 362      |
|    total_timesteps    | 12000    |
| train/                |          |
|    entropy_loss       | -2.62    |
|    explained_variance | 0        |
|    learning_rate      | 0.0007   |
|    n_updates          | 2399     |
|    policy_loss        | 5.31e+03 |
|    reward             | 782.8182 |
|    std                | 0.896    |
|    value_loss         | 6.47e+06 |
------------------------------------
------------------------------------
| time/                 |          |
|    fps                | 33       |
|    iterations         | 2500     |
|    time_elapsed       | 377      |
|    total_timesteps    | 12500    |
| train/                |          |
|    entropy_loss       | -2.63    |
|    explained_variance | 0        |
|    learning_rate      | 0.0007   |
|    n_updates          | 2499     |
|    policy_loss        | 5.93e+03 |
|    reward             | 766.8391 |
|    std                | 0.903    |
|    value_loss         | 6.67e+06 |
------------------------------------
EPISODE:  14
-------------------------------------
| time/                 |           |
|    fps                | 33        |
|    iterations         | 2600      |
|    time_elapsed       | 392       |
|    total_timesteps    | 13000     |
| train/                |           |
|    entropy_loss       | -2.62     |
|    explained_variance | -1.19e-07 |
|    learning_rate      | 0.0007    |
|    n_updates          | 2599      |
|    policy_loss        | 8.93e+03  |
|    reward             | 684.20764 |
|    std                | 0.896     |
|    value_loss         | 4.97e+06  |
-------------------------------------
------------------------------------
| time/                 |          |
|    fps                | 33       |
|    iterations         | 2700     |
|    time_elapsed       | 407      |
|    total_timesteps    | 13500    |
| train/                |          |
|    entropy_loss       | -2.61    |
|    explained_variance | 0        |
|    learning_rate      | 0.0007   |
|    n_updates          | 2699     |
|    policy_loss        | 7.35e+03 |
|    reward             | 726.4749 |
|    std                | 0.894    |
|    value_loss         | 6e+06    |
------------------------------------
EPISODE:  15
------------------------------------
| time/                 |          |
|    fps                | 33       |
|    iterations         | 2800     |
|    time_elapsed       | 422      |
|    total_timesteps    | 14000    |
| train/                |          |
|    entropy_loss       | -2.63    |
|    explained_variance | 0        |
|    learning_rate      | 0.0007   |
|    n_updates          | 2799     |
|    policy_loss        | 3.44e+03 |
|    reward             | 627.9685 |
|    std                | 0.9      |
|    value_loss         | 4.15e+06 |
------------------------------------
------------------------------------
| time/                 |          |
|    fps                | 33       |
|    iterations         | 2900     |
|    time_elapsed       | 437      |
|    total_timesteps    | 14500    |
| train/                |          |
|    entropy_loss       | -2.62    |
|    explained_variance | 0        |
|    learning_rate      | 0.0007   |
|    n_updates          | 2899     |
|    policy_loss        | 7.89e+03 |
|    reward             | 802.1175 |
|    std                | 0.895    |
|    value_loss         | 7.3e+06  |
------------------------------------
EPISODE:  16
-------------------------------------
| time/                 |           |
|    fps                | 33        |
|    iterations         | 3000      |
|    time_elapsed       | 453       |
|    total_timesteps    | 15000     |
| train/                |           |
|    entropy_loss       | -2.61     |
|    explained_variance | -1.19e-07 |
|    learning_rate      | 0.0007    |
|    n_updates          | 2999      |
|    policy_loss        | 4.75e+03  |
|    reward             | 735.7802  |
|    std                | 0.891     |
|    value_loss         | 5.8e+06   |
-------------------------------------
------------------------------------
| time/                 |          |
|    fps                | 33       |
|    iterations         | 3100     |
|    time_elapsed       | 468      |
|    total_timesteps    | 15500    |
| train/                |          |
|    entropy_loss       | -2.61    |
|    explained_variance | 0        |
|    learning_rate      | 0.0007   |
|    n_updates          | 3099     |
|    policy_loss        | 5.27e+03 |
|    reward             | 732.6342 |
|    std                | 0.89     |
|    value_loss         | 6.11e+06 |
------------------------------------
EPISODE:  17
------------------------------------
| time/                 |          |
|    fps                | 33       |
|    iterations         | 3200     |
|    time_elapsed       | 483      |
|    total_timesteps    | 16000    |
| train/                |          |
|    entropy_loss       | -2.59    |
|    explained_variance | 0        |
|    learning_rate      | 0.0007   |
|    n_updates          | 3199     |
|    policy_loss        | 4.46e+03 |
|    reward             | 665.8941 |
|    std                | 0.884    |
|    value_loss         | 4.72e+06 |
------------------------------------
------------------------------------
| time/                 |          |
|    fps                | 33       |
|    iterations         | 3300     |
|    time_elapsed       | 498      |
|    total_timesteps    | 16500    |
| train/                |          |
|    entropy_loss       | -2.59    |
|    explained_variance | 0        |
|    learning_rate      | 0.0007   |
|    n_updates          | 3299     |
|    policy_loss        | 5.69e+03 |
|    reward             | 749.1214 |
|    std                | 0.881    |
|    value_loss         | 6.36e+06 |
------------------------------------
EPISODE:  18
-------------------------------------
| time/                 |           |
|    fps                | 33        |
|    iterations         | 3400      |
|    time_elapsed       | 513       |
|    total_timesteps    | 17000     |
| train/                |           |
|    entropy_loss       | -2.59     |
|    explained_variance | -1.19e-07 |
|    learning_rate      | 0.0007    |
|    n_updates          | 3399      |
|    policy_loss        | 4.96e+03  |
|    reward             | 644.13763 |
|    std                | 0.884     |
|    value_loss         | 4.39e+06  |
-------------------------------------
------------------------------------
| time/                 |          |
|    fps                | 33       |
|    iterations         | 3500     |
|    time_elapsed       | 528      |
|    total_timesteps    | 17500    |
| train/                |          |
|    entropy_loss       | -2.58    |
|    explained_variance | 1.19e-07 |
|    learning_rate      | 0.0007   |
|    n_updates          | 3499     |
|    policy_loss        | 6.09e+03 |
|    reward             | 797.8865 |
|    std                | 0.88     |
|    value_loss         | 7.17e+06 |
------------------------------------
EPISODE:  19
------------------------------------
| time/                 |          |
|    fps                | 33       |
|    iterations         | 3600     |
|    time_elapsed       | 543      |
|    total_timesteps    | 18000    |
| train/                |          |
|    entropy_loss       | -2.59    |
|    explained_variance | 0        |
|    learning_rate      | 0.0007   |
|    n_updates          | 3599     |
|    policy_loss        | 4.39e+03 |
|    reward             | 734.2906 |
|    std                | 0.882    |
|    value_loss         | 5.84e+06 |
------------------------------------
------------------------------------
| time/                 |          |
|    fps                | 33       |
|    iterations         | 3700     |
|    time_elapsed       | 558      |
|    total_timesteps    | 18500    |
| train/                |          |
|    entropy_loss       | -2.59    |
|    explained_variance | 0        |
|    learning_rate      | 0.0007   |
|    n_updates          | 3699     |
|    policy_loss        | 5.75e+03 |
|    reward             | 767.7959 |
|    std                | 0.884    |
|    value_loss         | 6.75e+06 |
------------------------------------
EPISODE:  20
------------------------------------
| time/                 |          |
|    fps                | 33       |
|    iterations         | 3800     |
|    time_elapsed       | 573      |
|    total_timesteps    | 19000    |
| train/                |          |
|    entropy_loss       | -2.58    |
|    explained_variance | 0        |
|    learning_rate      | 0.0007   |
|    n_updates          | 3799     |
|    policy_loss        | 6.19e+03 |
|    reward             | 708.9464 |
|    std                | 0.879    |
|    value_loss         | 5.43e+06 |
------------------------------------
-------------------------------------
| time/                 |           |
|    fps                | 33        |
|    iterations         | 3900      |
|    time_elapsed       | 588       |
|    total_timesteps    | 19500     |
| train/                |           |
|    entropy_loss       | -2.57     |
|    explained_variance | 1.19e-07  |
|    learning_rate      | 0.0007    |
|    n_updates          | 3899      |
|    policy_loss        | 7.82e+03  |
|    reward             | 840.25397 |
|    std                | 0.875     |
|    value_loss         | 7.82e+06  |
-------------------------------------
EPISODE:  21
------------------------------------
| time/                 |          |
|    fps                | 33       |
|    iterations         | 4000     |
|    time_elapsed       | 603      |
|    total_timesteps    | 20000    |
| train/                |          |
|    entropy_loss       | -2.58    |
|    explained_variance | 1.19e-07 |
|    learning_rate      | 0.0007   |
|    n_updates          | 3999     |
|    policy_loss        | 6.01e+03 |
|    reward             | 772.4841 |
|    std                | 0.877    |
|    value_loss         | 6.35e+06 |
------------------------------------
------------------------------------
| time/                 |          |
|    fps                | 33       |
|    iterations         | 4100     |
|    time_elapsed       | 618      |
|    total_timesteps    | 20500    |
| train/                |          |
|    entropy_loss       | -2.58    |
|    explained_variance | 1.19e-07 |
|    learning_rate      | 0.0007   |
|    n_updates          | 4099     |
|    policy_loss        | 4.79e+03 |
|    reward             | 812.9024 |
|    std                | 0.878    |
|    value_loss         | 7.36e+06 |
------------------------------------
EPISODE:  22
------------------------------------
| time/                 |          |
|    fps                | 33       |
|    iterations         | 4200     |
|    time_elapsed       | 634      |
|    total_timesteps    | 21000    |
| train/                |          |
|    entropy_loss       | -2.57    |
|    explained_variance | 0        |
|    learning_rate      | 0.0007   |
|    n_updates          | 4199     |
|    policy_loss        | 6.17e+03 |
|    reward             | 716.3573 |
|    std                | 0.873    |
|    value_loss         | 5.42e+06 |
------------------------------------
------------------------------------
| time/                 |          |
|    fps                | 33       |
|    iterations         | 4300     |
|    time_elapsed       | 649      |
|    total_timesteps    | 21500    |
| train/                |          |
|    entropy_loss       | -2.56    |
|    explained_variance | 0        |
|    learning_rate      | 0.0007   |
|    n_updates          | 4299     |
|    policy_loss        | 6.91e+03 |
|    reward             | 874.8608 |
|    std                | 0.869    |
|    value_loss         | 8.71e+06 |
------------------------------------
EPISODE:  23
------------------------------------
| time/                 |          |
|    fps                | 33       |
|    iterations         | 4400     |
|    time_elapsed       | 664      |
|    total_timesteps    | 22000    |
| train/                |          |
|    entropy_loss       | -2.55    |
|    explained_variance | 0        |
|    learning_rate      | 0.0007   |
|    n_updates          | 4399     |
|    policy_loss        | 6.6e+03  |
|    reward             | 853.9116 |
|    std                | 0.866    |
|    value_loss         | 7.79e+06 |
------------------------------------
------------------------------------
| time/                 |          |
|    fps                | 33       |
|    iterations         | 4500     |
|    time_elapsed       | 679      |
|    total_timesteps    | 22500    |
| train/                |          |
|    entropy_loss       | -2.56    |
|    explained_variance | 1.19e-07 |
|    learning_rate      | 0.0007   |
|    n_updates          | 4499     |
|    policy_loss        | 7.89e+03 |
|    reward             | 823.061  |
|    std                | 0.869    |
|    value_loss         | 7.68e+06 |
------------------------------------
EPISODE:  24
-------------------------------------
| time/                 |           |
|    fps                | 33        |
|    iterations         | 4600      |
|    time_elapsed       | 694       |
|    total_timesteps    | 23000     |
| train/                |           |
|    entropy_loss       | -2.55     |
|    explained_variance | -1.19e-07 |
|    learning_rate      | 0.0007    |
|    n_updates          | 4599      |
|    policy_loss        | 5.85e+03  |
|    reward             | 756.02985 |
|    std                | 0.865     |
|    value_loss         | 6.13e+06  |
-------------------------------------
-------------------------------------
| time/                 |           |
|    fps                | 33        |
|    iterations         | 4700      |
|    time_elapsed       | 709       |
|    total_timesteps    | 23500     |
| train/                |           |
|    entropy_loss       | -2.56     |
|    explained_variance | 0         |
|    learning_rate      | 0.0007    |
|    n_updates          | 4699      |
|    policy_loss        | 7.48e+03  |
|    reward             | 836.76544 |
|    std                | 0.869     |
|    value_loss         | 7.86e+06  |
-------------------------------------
EPISODE:  25
------------------------------------
| time/                 |          |
|    fps                | 33       |
|    iterations         | 4800     |
|    time_elapsed       | 724      |
|    total_timesteps    | 24000    |
| train/                |          |
|    entropy_loss       | -2.55    |
|    explained_variance | 0        |
|    learning_rate      | 0.0007   |
|    n_updates          | 4799     |
|    policy_loss        | 5.99e+03 |
|    reward             | 722.7567 |
|    std                | 0.866    |
|    value_loss         | 5.51e+06 |
------------------------------------
------------------------------------
| time/                 |          |
|    fps                | 33       |
|    iterations         | 4900     |
|    time_elapsed       | 739      |
|    total_timesteps    | 24500    |
| train/                |          |
|    entropy_loss       | -2.54    |
|    explained_variance | 0        |
|    learning_rate      | 0.0007   |
|    n_updates          | 4899     |
|    policy_loss        | 8.57e+03 |
|    reward             | 812.3841 |
|    std                | 0.863    |
|    value_loss         | 7.4e+06  |
------------------------------------
EPISODE:  26
-------------------------------------
| time/                 |           |
|    fps                | 33        |
|    iterations         | 5000      |
|    time_elapsed       | 754       |
|    total_timesteps    | 25000     |
| train/                |           |
|    entropy_loss       | -2.52     |
|    explained_variance | 0         |
|    learning_rate      | 0.0007    |
|    n_updates          | 4999      |
|    policy_loss        | 5.02e+03  |
|    reward             | 732.55975 |
|    std                | 0.854     |
|    value_loss         | 5.69e+06  |
-------------------------------------
------------------------------------
| time/                 |          |
|    fps                | 33       |
|    iterations         | 5100     |
|    time_elapsed       | 769      |
|    total_timesteps    | 25500    |
| train/                |          |
|    entropy_loss       | -2.52    |
|    explained_variance | 0        |
|    learning_rate      | 0.0007   |
|    n_updates          | 5099     |
|    policy_loss        | 6.79e+03 |
|    reward             | 793.0211 |
|    std                | 0.854    |
|    value_loss         | 7.09e+06 |
------------------------------------
EPISODE:  27
------------------------------------
| time/                 |          |
|    fps                | 33       |
|    iterations         | 5200     |
|    time_elapsed       | 784      |
|    total_timesteps    | 26000    |
| train/                |          |
|    entropy_loss       | -2.51    |
|    explained_variance | 1.19e-07 |
|    learning_rate      | 0.0007   |
|    n_updates          | 5199     |
|    policy_loss        | 4.3e+03  |
|    reward             | 696.5972 |
|    std                | 0.849    |
|    value_loss         | 5.12e+06 |
------------------------------------
------------------------------------
| time/                 |          |
|    fps                | 33       |
|    iterations         | 5300     |
|    time_elapsed       | 799      |
|    total_timesteps    | 26500    |
| train/                |          |
|    entropy_loss       | -2.49    |
|    explained_variance | 0        |
|    learning_rate      | 0.0007   |
|    n_updates          | 5299     |
|    policy_loss        | 5.69e+03 |
|    reward             | 806.0292 |
|    std                | 0.84     |
|    value_loss         | 7.34e+06 |
------------------------------------
EPISODE:  28
-------------------------------------
| time/                 |           |
|    fps                | 33        |
|    iterations         | 5400      |
|    time_elapsed       | 814       |
|    total_timesteps    | 27000     |
| train/                |           |
|    entropy_loss       | -2.49     |
|    explained_variance | -1.19e-07 |
|    learning_rate      | 0.0007    |
|    n_updates          | 5399      |
|    policy_loss        | 5.85e+03  |
|    reward             | 757.51746 |
|    std                | 0.839     |
|    value_loss         | 6.01e+06  |
-------------------------------------
------------------------------------
| time/                 |          |
|    fps                | 33       |
|    iterations         | 5500     |
|    time_elapsed       | 829      |
|    total_timesteps    | 27500    |
| train/                |          |
|    entropy_loss       | -2.47    |
|    explained_variance | 0        |
|    learning_rate      | 0.0007   |
|    n_updates          | 5499     |
|    policy_loss        | 4.91e+03 |
|    reward             | 773.6955 |
|    std                | 0.833    |
|    value_loss         | 6.75e+06 |
------------------------------------
EPISODE:  29
------------------------------------
| time/                 |          |
|    fps                | 33       |
|    iterations         | 5600     |
|    time_elapsed       | 844      |
|    total_timesteps    | 28000    |
| train/                |          |
|    entropy_loss       | -2.47    |
|    explained_variance | 0        |
|    learning_rate      | 0.0007   |
|    n_updates          | 5599     |
|    policy_loss        | 8.66e+03 |
|    reward             | 760.6227 |
|    std                | 0.834    |
|    value_loss         | 6.13e+06 |
------------------------------------
-------------------------------------
| time/                 |           |
|    fps                | 33        |
|    iterations         | 5700      |
|    time_elapsed       | 859       |
|    total_timesteps    | 28500     |
| train/                |           |
|    entropy_loss       | -2.47     |
|    explained_variance | 0         |
|    learning_rate      | 0.0007    |
|    n_updates          | 5699      |
|    policy_loss        | 4.25e+03  |
|    reward             | 765.90454 |
|    std                | 0.834     |
|    value_loss         | 6.69e+06  |
-------------------------------------
EPISODE:  30
-------------------------------------
| time/                 |           |
|    fps                | 33        |
|    iterations         | 5800      |
|    time_elapsed       | 874       |
|    total_timesteps    | 29000     |
| train/                |           |
|    entropy_loss       | -2.46     |
|    explained_variance | -1.19e-07 |
|    learning_rate      | 0.0007    |
|    n_updates          | 5799      |
|    policy_loss        | 5.59e+03  |
|    reward             | 674.9306  |
|    std                | 0.83      |
|    value_loss         | 4.81e+06  |
-------------------------------------
-------------------------------------
| time/                 |           |
|    fps                | 33        |
|    iterations         | 5900      |
|    time_elapsed       | 890       |
|    total_timesteps    | 29500     |
| train/                |           |
|    entropy_loss       | -2.46     |
|    explained_variance | -2.38e-07 |
|    learning_rate      | 0.0007    |
|    n_updates          | 5899      |
|    policy_loss        | 6.55e+03  |
|    reward             | 736.9173  |
|    std                | 0.83      |
|    value_loss         | 6.17e+06  |
-------------------------------------
EPISODE:  31
------------------------------------
| time/                 |          |
|    fps                | 33       |
|    iterations         | 6000     |
|    time_elapsed       | 905      |
|    total_timesteps    | 30000    |
| train/                |          |
|    entropy_loss       | -2.46    |
|    explained_variance | 0        |
|    learning_rate      | 0.0007   |
|    n_updates          | 5999     |
|    policy_loss        | 4.97e+03 |
|    reward             | 634.2032 |
|    std                | 0.828    |
|    value_loss         | 4.25e+06 |
------------------------------------
------------------------------------
| time/                 |          |
|    fps                | 33       |
|    iterations         | 6100     |
|    time_elapsed       | 920      |
|    total_timesteps    | 30500    |
| train/                |          |
|    entropy_loss       | -2.46    |
|    explained_variance | 1.19e-07 |
|    learning_rate      | 0.0007   |
|    n_updates          | 6099     |
|    policy_loss        | 6.04e+03 |
|    reward             | 751.1945 |
|    std                | 0.828    |
|    value_loss         | 6.41e+06 |
------------------------------------
EPISODE:  32
-------------------------------------
| time/                 |           |
|    fps                | 33        |
|    iterations         | 6200      |
|    time_elapsed       | 935       |
|    total_timesteps    | 31000     |
| train/                |           |
|    entropy_loss       | -2.44     |
|    explained_variance | -1.19e-07 |
|    learning_rate      | 0.0007    |
|    n_updates          | 6199      |
|    policy_loss        | 3.75e+03  |
|    reward             | 668.89484 |
|    std                | 0.821     |
|    value_loss         | 4.73e+06  |
-------------------------------------
------------------------------------
| time/                 |          |
|    fps                | 33       |
|    iterations         | 6300     |
|    time_elapsed       | 950      |
|    total_timesteps    | 31500    |
| train/                |          |
|    entropy_loss       | -2.43    |
|    explained_variance | 1.19e-07 |
|    learning_rate      | 0.0007   |
|    n_updates          | 6299     |
|    policy_loss        | 5.58e+03 |
|    reward             | 730.6674 |
|    std                | 0.817    |
|    value_loss         | 6.05e+06 |
------------------------------------
EPISODE:  33
-------------------------------------
| time/                 |           |
|    fps                | 33        |
|    iterations         | 6400      |
|    time_elapsed       | 965       |
|    total_timesteps    | 32000     |
| train/                |           |
|    entropy_loss       | -2.43     |
|    explained_variance | 0         |
|    learning_rate      | 0.0007    |
|    n_updates          | 6399      |
|    policy_loss        | 5.32e+03  |
|    reward             | 666.89185 |
|    std                | 0.816     |
|    value_loss         | 4.69e+06  |
-------------------------------------
------------------------------------
| time/                 |          |
|    fps                | 33       |
|    iterations         | 6500     |
|    time_elapsed       | 980      |
|    total_timesteps    | 32500    |
| train/                |          |
|    entropy_loss       | -2.43    |
|    explained_variance | 0        |
|    learning_rate      | 0.0007   |
|    n_updates          | 6499     |
|    policy_loss        | 5.23e+03 |
|    reward             | 766.9945 |
|    std                | 0.814    |
|    value_loss         | 6.58e+06 |
------------------------------------
EPISODE:  34
-------------------------------------
| time/                 |           |
|    fps                | 33        |
|    iterations         | 6600      |
|    time_elapsed       | 995       |
|    total_timesteps    | 33000     |
| train/                |           |
|    entropy_loss       | -2.42     |
|    explained_variance | -1.19e-07 |
|    learning_rate      | 0.0007    |
|    n_updates          | 6599      |
|    policy_loss        | 5.14e+03  |
|    reward             | 679.6826  |
|    std                | 0.813     |
|    value_loss         | 4.88e+06  |
-------------------------------------
------------------------------------
| time/                 |          |
|    fps                | 33       |
|    iterations         | 6700     |
|    time_elapsed       | 1010     |
|    total_timesteps    | 33500    |
| train/                |          |
|    entropy_loss       | -2.41    |
|    explained_variance | 1.19e-07 |
|    learning_rate      | 0.0007   |
|    n_updates          | 6699     |
|    policy_loss        | 6.85e+03 |
|    reward             | 741.7096 |
|    std                | 0.808    |
|    value_loss         | 6.24e+06 |
------------------------------------
EPISODE:  35
------------------------------------
| time/                 |          |
|    fps                | 33       |
|    iterations         | 6800     |
|    time_elapsed       | 1025     |
|    total_timesteps    | 34000    |
| train/                |          |
|    entropy_loss       | -2.39    |
|    explained_variance | 1.19e-07 |
|    learning_rate      | 0.0007   |
|    n_updates          | 6799     |
|    policy_loss        | 5.89e+03 |
|    reward             | 667.515  |
|    std                | 0.799    |
|    value_loss         | 4.71e+06 |
------------------------------------
------------------------------------
| time/                 |          |
|    fps                | 33       |
|    iterations         | 6900     |
|    time_elapsed       | 1040     |
|    total_timesteps    | 34500    |
| train/                |          |
|    entropy_loss       | -2.4     |
|    explained_variance | 2.38e-07 |
|    learning_rate      | 0.0007   |
|    n_updates          | 6899     |
|    policy_loss        | 6.91e+03 |
|    reward             | 739.5529 |
|    std                | 0.803    |
|    value_loss         | 6.2e+06  |
------------------------------------
EPISODE:  36
------------------------------------
| time/                 |          |
|    fps                | 33       |
|    iterations         | 7000     |
|    time_elapsed       | 1055     |
|    total_timesteps    | 35000    |
| train/                |          |
|    entropy_loss       | -2.39    |
|    explained_variance | 0        |
|    learning_rate      | 0.0007   |
|    n_updates          | 6999     |
|    policy_loss        | 4.38e+03 |
|    reward             | 660.4121 |
|    std                | 0.8      |
|    value_loss         | 4.6e+06  |
------------------------------------
------------------------------------
| time/                 |          |
|    fps                | 33       |
|    iterations         | 7100     |
|    time_elapsed       | 1071     |
|    total_timesteps    | 35500    |
| train/                |          |
|    entropy_loss       | -2.39    |
|    explained_variance | 0        |
|    learning_rate      | 0.0007   |
|    n_updates          | 7099     |
|    policy_loss        | 4.74e+03 |
|    reward             | 737.4614 |
|    std                | 0.801    |
|    value_loss         | 6.2e+06  |
------------------------------------
EPISODE:  37
-------------------------------------
| time/                 |           |
|    fps                | 33        |
|    iterations         | 7200      |
|    time_elapsed       | 1086      |
|    total_timesteps    | 36000     |
| train/                |           |
|    entropy_loss       | -2.4      |
|    explained_variance | 0         |
|    learning_rate      | 0.0007    |
|    n_updates          | 7199      |
|    policy_loss        | 4.08e+03  |
|    reward             | 659.99426 |
|    std                | 0.802     |
|    value_loss         | 4.6e+06   |
-------------------------------------
-------------------------------------
| time/                 |           |
|    fps                | 33        |
|    iterations         | 7300      |
|    time_elapsed       | 1101      |
|    total_timesteps    | 36500     |
| train/                |           |
|    entropy_loss       | -2.38     |
|    explained_variance | -1.19e-07 |
|    learning_rate      | 0.0007    |
|    n_updates          | 7299      |
|    policy_loss        | 5.3e+03   |
|    reward             | 740.45386 |
|    std                | 0.796     |
|    value_loss         | 6.22e+06  |
-------------------------------------
EPISODE:  38
-------------------------------------
| time/                 |           |
|    fps                | 33        |
|    iterations         | 7400      |
|    time_elapsed       | 1116      |
|    total_timesteps    | 37000     |
| train/                |           |
|    entropy_loss       | -2.37     |
|    explained_variance | 0         |
|    learning_rate      | 0.0007    |
|    n_updates          | 7399      |
|    policy_loss        | 4.11e+03  |
|    reward             | 636.15497 |
|    std                | 0.792     |
|    value_loss         | 4.27e+06  |
-------------------------------------
------------------------------------
| time/                 |          |
|    fps                | 33       |
|    iterations         | 7500     |
|    time_elapsed       | 1131     |
|    total_timesteps    | 37500    |
| train/                |          |
|    entropy_loss       | -2.35    |
|    explained_variance | 0        |
|    learning_rate      | 0.0007   |
|    n_updates          | 7499     |
|    policy_loss        | 5.08e+03 |
|    reward             | 734.2667 |
|    std                | 0.785    |
|    value_loss         | 6.11e+06 |
------------------------------------
EPISODE:  39
------------------------------------
| time/                 |          |
|    fps                | 33       |
|    iterations         | 7600     |
|    time_elapsed       | 1146     |
|    total_timesteps    | 38000    |
| train/                |          |
|    entropy_loss       | -2.35    |
|    explained_variance | 0        |
|    learning_rate      | 0.0007   |
|    n_updates          | 7599     |
|    policy_loss        | 3.86e+03 |
|    reward             | 629.4162 |
|    std                | 0.782    |
|    value_loss         | 4.19e+06 |
------------------------------------
------------------------------------
| time/                 |          |
|    fps                | 33       |
|    iterations         | 7700     |
|    time_elapsed       | 1161     |
|    total_timesteps    | 38500    |
| train/                |          |
|    entropy_loss       | -2.33    |
|    explained_variance | 0        |
|    learning_rate      | 0.0007   |
|    n_updates          | 7699     |
|    policy_loss        | 4.85e+03 |
|    reward             | 766.7963 |
|    std                | 0.775    |
|    value_loss         | 6.69e+06 |
------------------------------------
EPISODE:  40
-------------------------------------
| time/                 |           |
|    fps                | 33        |
|    iterations         | 7800      |
|    time_elapsed       | 1176      |
|    total_timesteps    | 39000     |
| train/                |           |
|    entropy_loss       | -2.33     |
|    explained_variance | 0         |
|    learning_rate      | 0.0007    |
|    n_updates          | 7799      |
|    policy_loss        | 4.14e+03  |
|    reward             | 668.56085 |
|    std                | 0.776     |
|    value_loss         | 4.72e+06  |
-------------------------------------
-------------------------------------
| time/                 |           |
|    fps                | 33        |
|    iterations         | 7900      |
|    time_elapsed       | 1191      |
|    total_timesteps    | 39500     |
| train/                |           |
|    entropy_loss       | -2.32     |
|    explained_variance | -1.19e-07 |
|    learning_rate      | 0.0007    |
|    n_updates          | 7899      |
|    policy_loss        | 4.6e+03   |
|    reward             | 809.0668  |
|    std                | 0.77      |
|    value_loss         | 7.31e+06  |
-------------------------------------
EPISODE:  41
------------------------------------
| time/                 |          |
|    fps                | 33       |
|    iterations         | 8000     |
|    time_elapsed       | 1206     |
|    total_timesteps    | 40000    |
| train/                |          |
|    entropy_loss       | -2.31    |
|    explained_variance | 0        |
|    learning_rate      | 0.0007   |
|    n_updates          | 7999     |
|    policy_loss        | 4.55e+03 |
|    reward             | 743.2848 |
|    std                | 0.769    |
|    value_loss         | 5.83e+06 |
------------------------------------
-------------------------------------
| time/                 |           |
|    fps                | 33        |
|    iterations         | 8100      |
|    time_elapsed       | 1221      |
|    total_timesteps    | 40500     |
| train/                |           |
|    entropy_loss       | -2.32     |
|    explained_variance | -1.19e-07 |
|    learning_rate      | 0.0007    |
|    n_updates          | 8099      |
|    policy_loss        | 6.47e+03  |
|    reward             | 855.457   |
|    std                | 0.773     |
|    value_loss         | 8.1e+06   |
-------------------------------------
EPISODE:  42
-------------------------------------
| time/                 |           |
|    fps                | 33        |
|    iterations         | 8200      |
|    time_elapsed       | 1236      |
|    total_timesteps    | 41000     |
| train/                |           |
|    entropy_loss       | -2.31     |
|    explained_variance | -2.38e-07 |
|    learning_rate      | 0.0007    |
|    n_updates          | 8199      |
|    policy_loss        | 6.24e+03  |
|    reward             | 785.67834 |
|    std                | 0.766     |
|    value_loss         | 6.52e+06  |
-------------------------------------
-------------------------------------
| time/                 |           |
|    fps                | 33        |
|    iterations         | 8300      |
|    time_elapsed       | 1252      |
|    total_timesteps    | 41500     |
| train/                |           |
|    entropy_loss       | -2.27     |
|    explained_variance | 1.19e-07  |
|    learning_rate      | 0.0007    |
|    n_updates          | 8299      |
|    policy_loss        | 6.38e+03  |
|    reward             | 823.25323 |
|    std                | 0.754     |
|    value_loss         | 7.51e+06  |
-------------------------------------
EPISODE:  43
-------------------------------------
| time/                 |           |
|    fps                | 33        |
|    iterations         | 8400      |
|    time_elapsed       | 1267      |
|    total_timesteps    | 42000     |
| train/                |           |
|    entropy_loss       | -2.27     |
|    explained_variance | 0         |
|    learning_rate      | 0.0007    |
|    n_updates          | 8399      |
|    policy_loss        | 5.37e+03  |
|    reward             | 766.82654 |
|    std                | 0.755     |
|    value_loss         | 6.21e+06  |
-------------------------------------
------------------------------------
| time/                 |          |
|    fps                | 33       |
|    iterations         | 8500     |
|    time_elapsed       | 1282     |
|    total_timesteps    | 42500    |
| train/                |          |
|    entropy_loss       | -2.27    |
|    explained_variance | 1.19e-07 |
|    learning_rate      | 0.0007   |
|    n_updates          | 8499     |
|    policy_loss        | 4.06e+03 |
|    reward             | 831.9946 |
|    std                | 0.751    |
|    value_loss         | 7.67e+06 |
------------------------------------
EPISODE:  44
------------------------------------
| time/                 |          |
|    fps                | 33       |
|    iterations         | 8600     |
|    time_elapsed       | 1297     |
|    total_timesteps    | 43000    |
| train/                |          |
|    entropy_loss       | -2.25    |
|    explained_variance | 1.19e-07 |
|    learning_rate      | 0.0007   |
|    n_updates          | 8599     |
|    policy_loss        | 4.24e+03 |
|    reward             | 775.3034 |
|    std                | 0.745    |
|    value_loss         | 6.36e+06 |
------------------------------------
------------------------------------
| time/                 |          |
|    fps                | 33       |
|    iterations         | 8700     |
|    time_elapsed       | 1312     |
|    total_timesteps    | 43500    |
| train/                |          |
|    entropy_loss       | -2.24    |
|    explained_variance | 0        |
|    learning_rate      | 0.0007   |
|    n_updates          | 8699     |
|    policy_loss        | 4.81e+03 |
|    reward             | 802.9001 |
|    std                | 0.741    |
|    value_loss         | 7.11e+06 |
------------------------------------
EPISODE:  45
------------------------------------
| time/                 |          |
|    fps                | 33       |
|    iterations         | 8800     |
|    time_elapsed       | 1327     |
|    total_timesteps    | 44000    |
| train/                |          |
|    entropy_loss       | -2.23    |
|    explained_variance | 1.19e-07 |
|    learning_rate      | 0.0007   |
|    n_updates          | 8799     |
|    policy_loss        | 3.64e+03 |
|    reward             | 727.7105 |
|    std                | 0.737    |
|    value_loss         | 5.62e+06 |
------------------------------------
-------------------------------------
| time/                 |           |
|    fps                | 33        |
|    iterations         | 8900      |
|    time_elapsed       | 1342      |
|    total_timesteps    | 44500     |
| train/                |           |
|    entropy_loss       | -2.23     |
|    explained_variance | -2.38e-07 |
|    learning_rate      | 0.0007    |
|    n_updates          | 8899      |
|    policy_loss        | 6.7e+03   |
|    reward             | 811.2454  |
|    std                | 0.74      |
|    value_loss         | 7.33e+06  |
-------------------------------------
EPISODE:  46
-------------------------------------
| time/                 |           |
|    fps                | 33        |
|    iterations         | 9000      |
|    time_elapsed       | 1357      |
|    total_timesteps    | 45000     |
| train/                |           |
|    entropy_loss       | -2.22     |
|    explained_variance | -1.19e-07 |
|    learning_rate      | 0.0007    |
|    n_updates          | 8999      |
|    policy_loss        | 3.45e+03  |
|    reward             | 748.4859  |
|    std                | 0.732     |
|    value_loss         | 5.88e+06  |
-------------------------------------
-------------------------------------
| time/                 |           |
|    fps                | 33        |
|    iterations         | 9100      |
|    time_elapsed       | 1372      |
|    total_timesteps    | 45500     |
| train/                |           |
|    entropy_loss       | -2.21     |
|    explained_variance | 0         |
|    learning_rate      | 0.0007    |
|    n_updates          | 9099      |
|    policy_loss        | 5.03e+03  |
|    reward             | 813.94635 |
|    std                | 0.729     |
|    value_loss         | 7.33e+06  |
-------------------------------------
EPISODE:  47
-------------------------------------
| time/                 |           |
|    fps                | 33        |
|    iterations         | 9200      |
|    time_elapsed       | 1387      |
|    total_timesteps    | 46000     |
| train/                |           |
|    entropy_loss       | -2.2      |
|    explained_variance | 0         |
|    learning_rate      | 0.0007    |
|    n_updates          | 9199      |
|    policy_loss        | 6.1e+03   |
|    reward             | 756.77026 |
|    std                | 0.727     |
|    value_loss         | 6.04e+06  |
-------------------------------------
-------------------------------------
| time/                 |           |
|    fps                | 33        |
|    iterations         | 9300      |
|    time_elapsed       | 1402      |
|    total_timesteps    | 46500     |
| train/                |           |
|    entropy_loss       | -2.21     |
|    explained_variance | 1.79e-07  |
|    learning_rate      | 0.0007    |
|    n_updates          | 9299      |
|    policy_loss        | 5.24e+03  |
|    reward             | 813.52264 |
|    std                | 0.729     |
|    value_loss         | 7.39e+06  |
-------------------------------------
EPISODE:  48
------------------------------------
| time/                 |          |
|    fps                | 33       |
|    iterations         | 9400     |
|    time_elapsed       | 1417     |
|    total_timesteps    | 47000    |
| train/                |          |
|    entropy_loss       | -2.2     |
|    explained_variance | 0        |
|    learning_rate      | 0.0007   |
|    n_updates          | 9399     |
|    policy_loss        | 5.98e+03 |
|    reward             | 740.3209 |
|    std                | 0.727    |
|    value_loss         | 5.77e+06 |
------------------------------------
------------------------------------
| time/                 |          |
|    fps                | 33       |
|    iterations         | 9500     |
|    time_elapsed       | 1432     |
|    total_timesteps    | 47500    |
| train/                |          |
|    entropy_loss       | -2.19    |
|    explained_variance | 1.79e-07 |
|    learning_rate      | 0.0007   |
|    n_updates          | 9499     |
|    policy_loss        | 5.76e+03 |
|    reward             | 819.4486 |
|    std                | 0.725    |
|    value_loss         | 7.43e+06 |
------------------------------------
EPISODE:  49
------------------------------------
| time/                 |          |
|    fps                | 33       |
|    iterations         | 9600     |
|    time_elapsed       | 1448     |
|    total_timesteps    | 48000    |
| train/                |          |
|    entropy_loss       | -2.18    |
|    explained_variance | 0        |
|    learning_rate      | 0.0007   |
|    n_updates          | 9599     |
|    policy_loss        | 6.36e+03 |
|    reward             | 769.842  |
|    std                | 0.721    |
|    value_loss         | 6.22e+06 |
------------------------------------
-------------------------------------
| time/                 |           |
|    fps                | 33        |
|    iterations         | 9700      |
|    time_elapsed       | 1463      |
|    total_timesteps    | 48500     |
| train/                |           |
|    entropy_loss       | -2.17     |
|    explained_variance | -1.19e-07 |
|    learning_rate      | 0.0007    |
|    n_updates          | 9699      |
|    policy_loss        | 5.41e+03  |
|    reward             | 819.1413  |
|    std                | 0.715     |
|    value_loss         | 7.43e+06  |
-------------------------------------
EPISODE:  50
-------------------------------------
| time/                 |           |
|    fps                | 33        |
|    iterations         | 9800      |
|    time_elapsed       | 1478      |
|    total_timesteps    | 49000     |
| train/                |           |
|    entropy_loss       | -2.17     |
|    explained_variance | 0         |
|    learning_rate      | 0.0007    |
|    n_updates          | 9799      |
|    policy_loss        | 4.34e+03  |
|    reward             | 747.66833 |
|    std                | 0.715     |
|    value_loss         | 5.83e+06  |
-------------------------------------
------------------------------------
| time/                 |          |
|    fps                | 33       |
|    iterations         | 9900     |
|    time_elapsed       | 1493     |
|    total_timesteps    | 49500    |
| train/                |          |
|    entropy_loss       | -2.16    |
|    explained_variance | 0        |
|    learning_rate      | 0.0007   |
|    n_updates          | 9899     |
|    policy_loss        | 4.51e+03 |
|    reward             | 812.6908 |
|    std                | 0.714    |
|    value_loss         | 7.3e+06  |
------------------------------------
EPISODE:  51
-------------------------------------
| time/                 |           |
|    fps                | 33        |
|    iterations         | 10000     |
|    time_elapsed       | 1508      |
|    total_timesteps    | 50000     |
| train/                |           |
|    entropy_loss       | -2.16     |
|    explained_variance | 0         |
|    learning_rate      | 0.0007    |
|    n_updates          | 9999      |
|    policy_loss        | 4.37e+03  |
|    reward             | 775.50684 |
|    std                | 0.712     |
|    value_loss         | 6.37e+06  |
-------------------------------------
-------------------------------------
| time/                 |           |
|    fps                | 33        |
|    iterations         | 10100     |
|    time_elapsed       | 1523      |
|    total_timesteps    | 50500     |
| train/                |           |
|    entropy_loss       | -2.14     |
|    explained_variance | 0         |
|    learning_rate      | 0.0007    |
|    n_updates          | 10099     |
|    policy_loss        | 6.24e+03  |
|    reward             | 862.60297 |
|    std                | 0.707     |
|    value_loss         | 8.25e+06  |
-------------------------------------
EPISODE:  52
-------------------------------------
| time/                 |           |
|    fps                | 33        |
|    iterations         | 10200     |
|    time_elapsed       | 1538      |
|    total_timesteps    | 51000     |
| train/                |           |
|    entropy_loss       | -2.14     |
|    explained_variance | 0         |
|    learning_rate      | 0.0007    |
|    n_updates          | 10199     |
|    policy_loss        | 5.39e+03  |
|    reward             | 768.99133 |
|    std                | 0.704     |
|    value_loss         | 6.19e+06  |
-------------------------------------
-------------------------------------
| time/                 |           |
|    fps                | 33        |
|    iterations         | 10300     |
|    time_elapsed       | 1553      |
|    total_timesteps    | 51500     |
| train/                |           |
|    entropy_loss       | -2.13     |
|    explained_variance | -1.19e-07 |
|    learning_rate      | 0.0007    |
|    n_updates          | 10299     |
|    policy_loss        | 5.28e+03  |
|    reward             | 755.718   |
|    std                | 0.704     |
|    value_loss         | 6.46e+06  |
-------------------------------------
EPISODE:  53
-------------------------------------
| time/                 |           |
|    fps                | 33        |
|    iterations         | 10400     |
|    time_elapsed       | 1568      |
|    total_timesteps    | 52000     |
| train/                |           |
|    entropy_loss       | -2.11     |
|    explained_variance | 0         |
|    learning_rate      | 0.0007    |
|    n_updates          | 10399     |
|    policy_loss        | 3.58e+03  |
|    reward             | 664.88104 |
|    std                | 0.695     |
|    value_loss         | 4.65e+06  |
-------------------------------------
-------------------------------------
| time/                 |           |
|    fps                | 33        |
|    iterations         | 10500     |
|    time_elapsed       | 1583      |
|    total_timesteps    | 52500     |
| train/                |           |
|    entropy_loss       | -2.11     |
|    explained_variance | -2.38e-07 |
|    learning_rate      | 0.0007    |
|    n_updates          | 10499     |
|    policy_loss        | 4.91e+03  |
|    reward             | 740.1683  |
|    std                | 0.695     |
|    value_loss         | 6.19e+06  |
-------------------------------------
EPISODE:  54
-------------------------------------
| time/                 |           |
|    fps                | 33        |
|    iterations         | 10600     |
|    time_elapsed       | 1598      |
|    total_timesteps    | 53000     |
| train/                |           |
|    entropy_loss       | -2.1      |
|    explained_variance | -1.19e-07 |
|    learning_rate      | 0.0007    |
|    n_updates          | 10599     |
|    policy_loss        | 3.02e+03  |
|    reward             | 656.0006  |
|    std                | 0.692     |
|    value_loss         | 4.52e+06  |
-------------------------------------
------------------------------------
| time/                 |          |
|    fps                | 33       |
|    iterations         | 10700    |
|    time_elapsed       | 1613     |
|    total_timesteps    | 53500    |
| train/                |          |
|    entropy_loss       | -2.08    |
|    explained_variance | 0        |
|    learning_rate      | 0.0007   |
|    n_updates          | 10699    |
|    policy_loss        | 4.07e+03 |
|    reward             | 740.9779 |
|    std                | 0.685    |
|    value_loss         | 6.21e+06 |
------------------------------------
EPISODE:  55
------------------------------------
| time/                 |          |
|    fps                | 33       |
|    iterations         | 10800    |
|    time_elapsed       | 1628     |
|    total_timesteps    | 54000    |
| train/                |          |
|    entropy_loss       | -2.07    |
|    explained_variance | 0        |
|    learning_rate      | 0.0007   |
|    n_updates          | 10799    |
|    policy_loss        | 2.72e+03 |
|    reward             | 644.7107 |
|    std                | 0.681    |
|    value_loss         | 4.36e+06 |
------------------------------------
-------------------------------------
| time/                 |           |
|    fps                | 33        |
|    iterations         | 10900     |
|    time_elapsed       | 1644      |
|    total_timesteps    | 54500     |
| train/                |           |
|    entropy_loss       | -2.05     |
|    explained_variance | 0         |
|    learning_rate      | 0.0007    |
|    n_updates          | 10899     |
|    policy_loss        | 4.07e+03  |
|    reward             | 742.09247 |
|    std                | 0.676     |
|    value_loss         | 6.17e+06  |
-------------------------------------
EPISODE:  56
------------------------------------
| time/                 |          |
|    fps                | 33       |
|    iterations         | 11000    |
|    time_elapsed       | 1659     |
|    total_timesteps    | 55000    |
| train/                |          |
|    entropy_loss       | -2.06    |
|    explained_variance | 0        |
|    learning_rate      | 0.0007   |
|    n_updates          | 10999    |
|    policy_loss        | 5.54e+03 |
|    reward             | 697.5915 |
|    std                | 0.678    |
|    value_loss         | 5.15e+06 |
------------------------------------
-------------------------------------
| time/                 |           |
|    fps                | 33        |
|    iterations         | 11100     |
|    time_elapsed       | 1674      |
|    total_timesteps    | 55500     |
| train/                |           |
|    entropy_loss       | -2.05     |
|    explained_variance | -1.19e-07 |
|    learning_rate      | 0.0007    |
|    n_updates          | 11099     |
|    policy_loss        | 3.69e+03  |
|    reward             | 731.1684  |
|    std                | 0.675     |
|    value_loss         | 6.04e+06  |
-------------------------------------
EPISODE:  57
-------------------------------------
| time/                 |           |
|    fps                | 33        |
|    iterations         | 11200     |
|    time_elapsed       | 1689      |
|    total_timesteps    | 56000     |
| train/                |           |
|    entropy_loss       | -2.03     |
|    explained_variance | 0         |
|    learning_rate      | 0.0007    |
|    n_updates          | 11199     |
|    policy_loss        | 3.09e+03  |
|    reward             | 648.80945 |
|    std                | 0.669     |
|    value_loss         | 4.43e+06  |
-------------------------------------
------------------------------------
| time/                 |          |
|    fps                | 33       |
|    iterations         | 11300    |
|    time_elapsed       | 1704     |
|    total_timesteps    | 56500    |
| train/                |          |
|    entropy_loss       | -2.02    |
|    explained_variance | 0        |
|    learning_rate      | 0.0007   |
|    n_updates          | 11299    |
|    policy_loss        | 5.44e+03 |
|    reward             | 740.4624 |
|    std                | 0.666    |
|    value_loss         | 6.19e+06 |
------------------------------------
EPISODE:  58
-------------------------------------
| time/                 |           |
|    fps                | 33        |
|    iterations         | 11400     |
|    time_elapsed       | 1719      |
|    total_timesteps    | 57000     |
| train/                |           |
|    entropy_loss       | -2.01     |
|    explained_variance | -1.19e-07 |
|    learning_rate      | 0.0007    |
|    n_updates          | 11399     |
|    policy_loss        | 4.15e+03  |
|    reward             | 655.53204 |
|    std                | 0.662     |
|    value_loss         | 4.51e+06  |
-------------------------------------
-------------------------------------
| time/                 |           |
|    fps                | 33        |
|    iterations         | 11500     |
|    time_elapsed       | 1734      |
|    total_timesteps    | 57500     |
| train/                |           |
|    entropy_loss       | -2        |
|    explained_variance | 0         |
|    learning_rate      | 0.0007    |
|    n_updates          | 11499     |
|    policy_loss        | 4.04e+03  |
|    reward             | 739.66345 |
|    std                | 0.659     |
|    value_loss         | 6.14e+06  |
-------------------------------------
EPISODE:  59
-------------------------------------
| time/                 |           |
|    fps                | 33        |
|    iterations         | 11600     |
|    time_elapsed       | 1749      |
|    total_timesteps    | 58000     |
| train/                |           |
|    entropy_loss       | -1.98     |
|    explained_variance | -1.19e-07 |
|    learning_rate      | 0.0007    |
|    n_updates          | 11599     |
|    policy_loss        | 2.31e+03  |
|    reward             | 653.1377  |
|    std                | 0.653     |
|    value_loss         | 4.49e+06  |
-------------------------------------
-------------------------------------
| time/                 |           |
|    fps                | 33        |
|    iterations         | 11700     |
|    time_elapsed       | 1764      |
|    total_timesteps    | 58500     |
| train/                |           |
|    entropy_loss       | -1.97     |
|    explained_variance | 0         |
|    learning_rate      | 0.0007    |
|    n_updates          | 11699     |
|    policy_loss        | 3.07e+03  |
|    reward             | 751.39417 |
|    std                | 0.648     |
|    value_loss         | 6.36e+06  |
-------------------------------------
EPISODE:  60
------------------------------------
| time/                 |          |
|    fps                | 33       |
|    iterations         | 11800    |
|    time_elapsed       | 1779     |
|    total_timesteps    | 59000    |
| train/                |          |
|    entropy_loss       | -1.96    |
|    explained_variance | 1.19e-07 |
|    learning_rate      | 0.0007   |
|    n_updates          | 11799    |
|    policy_loss        | 2.91e+03 |
|    reward             | 663.2124 |
|    std                | 0.645    |
|    value_loss         | 4.61e+06 |
------------------------------------
------------------------------------
| time/                 |          |
|    fps                | 33       |
|    iterations         | 11900    |
|    time_elapsed       | 1794     |
|    total_timesteps    | 59500    |
| train/                |          |
|    entropy_loss       | -1.95    |
|    explained_variance | 0        |
|    learning_rate      | 0.0007   |
|    n_updates          | 11899    |
|    policy_loss        | 4.43e+03 |
|    reward             | 752.2826 |
|    std                | 0.643    |
|    value_loss         | 6.39e+06 |
------------------------------------
EPISODE:  61
-------------------------------------
| time/                 |           |
|    fps                | 33        |
|    iterations         | 12000     |
|    time_elapsed       | 1809      |
|    total_timesteps    | 60000     |
| train/                |           |
|    entropy_loss       | -1.95     |
|    explained_variance | 0         |
|    learning_rate      | 0.0007    |
|    n_updates          | 11999     |
|    policy_loss        | 4.44e+03  |
|    reward             | 664.65656 |
|    std                | 0.642     |
|    value_loss         | 4.63e+06  |
-------------------------------------
-------------------------------------
| time/                 |           |
|    fps                | 33        |
|    iterations         | 12100     |
|    time_elapsed       | 1824      |
|    total_timesteps    | 60500     |
| train/                |           |
|    entropy_loss       | -1.93     |
|    explained_variance | 0         |
|    learning_rate      | 0.0007    |
|    n_updates          | 12099     |
|    policy_loss        | 4.99e+03  |
|    reward             | 741.80035 |
|    std                | 0.634     |
|    value_loss         | 6.21e+06  |
-------------------------------------
EPISODE:  62
-------------------------------------
| time/                 |           |
|    fps                | 33        |
|    iterations         | 12200     |
|    time_elapsed       | 1840      |
|    total_timesteps    | 61000     |
| train/                |           |
|    entropy_loss       | -1.92     |
|    explained_variance | 5.96e-08  |
|    learning_rate      | 0.0007    |
|    n_updates          | 12199     |
|    policy_loss        | 3.17e+03  |
|    reward             | 656.35547 |
|    std                | 0.632     |
|    value_loss         | 4.52e+06  |
-------------------------------------
-------------------------------------
| time/                 |           |
|    fps                | 33        |
|    iterations         | 12300     |
|    time_elapsed       | 1855      |
|    total_timesteps    | 61500     |
| train/                |           |
|    entropy_loss       | -1.89     |
|    explained_variance | -1.19e-07 |
|    learning_rate      | 0.0007    |
|    n_updates          | 12299     |
|    policy_loss        | 6.85e+03  |
|    reward             | 741.80035 |
|    std                | 0.623     |
|    value_loss         | 6.2e+06   |
-------------------------------------
EPISODE:  63
------------------------------------
| time/                 |          |
|    fps                | 33       |
|    iterations         | 12400    |
|    time_elapsed       | 1870     |
|    total_timesteps    | 62000    |
| train/                |          |
|    entropy_loss       | -1.87    |
|    explained_variance | 5.96e-08 |
|    learning_rate      | 0.0007   |
|    n_updates          | 12399    |
|    policy_loss        | 3.01e+03 |
|    reward             | 658.9598 |
|    std                | 0.618    |
|    value_loss         | 4.55e+06 |
------------------------------------
-------------------------------------
| time/                 |           |
|    fps                | 33        |
|    iterations         | 12500     |
|    time_elapsed       | 1885      |
|    total_timesteps    | 62500     |
| train/                |           |
|    entropy_loss       | -1.85     |
|    explained_variance | 1.19e-07  |
|    learning_rate      | 0.0007    |
|    n_updates          | 12499     |
|    policy_loss        | 3.85e+03  |
|    reward             | 741.80035 |
|    std                | 0.612     |
|    value_loss         | 6.2e+06   |
-------------------------------------
EPISODE:  64
------------------------------------
| time/                 |          |
|    fps                | 33       |
|    iterations         | 12600    |
|    time_elapsed       | 1900     |
|    total_timesteps    | 63000    |
| train/                |          |
|    entropy_loss       | -1.82    |
|    explained_variance | 0        |
|    learning_rate      | 0.0007   |
|    n_updates          | 12599    |
|    policy_loss        | 2.28e+03 |
|    reward             | 656.7748 |
|    std                | 0.602    |
|    value_loss         | 4.52e+06 |
------------------------------------
-------------------------------------
| time/                 |           |
|    fps                | 33        |
|    iterations         | 12700     |
|    time_elapsed       | 1915      |
|    total_timesteps    | 63500     |
| train/                |           |
|    entropy_loss       | -1.8      |
|    explained_variance | 1.19e-07  |
|    learning_rate      | 0.0007    |
|    n_updates          | 12699     |
|    policy_loss        | 4.62e+03  |
|    reward             | 741.80035 |
|    std                | 0.596     |
|    value_loss         | 6.2e+06   |
-------------------------------------
EPISODE:  65
------------------------------------
| time/                 |          |
|    fps                | 33       |
|    iterations         | 12800    |
|    time_elapsed       | 1930     |
|    total_timesteps    | 64000    |
| train/                |          |
|    entropy_loss       | -1.8     |
|    explained_variance | 0        |
|    learning_rate      | 0.0007   |
|    n_updates          | 12799    |
|    policy_loss        | 3.82e+03 |
|    reward             | 656.6782 |
|    std                | 0.596    |
|    value_loss         | 4.52e+06 |
------------------------------------
-------------------------------------
| time/                 |           |
|    fps                | 33        |
|    iterations         | 12900     |
|    time_elapsed       | 1945      |
|    total_timesteps    | 64500     |
| train/                |           |
|    entropy_loss       | -1.79     |
|    explained_variance | -1.19e-07 |
|    learning_rate      | 0.0007    |
|    n_updates          | 12899     |
|    policy_loss        | 7.57e+03  |
|    reward             | 741.80035 |
|    std                | 0.595     |
|    value_loss         | 6.2e+06   |
-------------------------------------
EPISODE:  66
-------------------------------------
| time/                 |           |
|    fps                | 33        |
|    iterations         | 13000     |
|    time_elapsed       | 1960      |
|    total_timesteps    | 65000     |
| train/                |           |
|    entropy_loss       | -1.79     |
|    explained_variance | 0         |
|    learning_rate      | 0.0007    |
|    n_updates          | 12999     |
|    policy_loss        | 4.49e+03  |
|    reward             | 656.71277 |
|    std                | 0.593     |
|    value_loss         | 4.52e+06  |
-------------------------------------
------------------------------------
| time/                 |          |
|    fps                | 33       |
|    iterations         | 13100    |
|    time_elapsed       | 1975     |
|    total_timesteps    | 65500    |
| train/                |          |
|    entropy_loss       | -1.77    |
|    explained_variance | 0        |
|    learning_rate      | 0.0007   |
|    n_updates          | 13099    |
|    policy_loss        | 3.58e+03 |
|    reward             | 741.8006 |
|    std                | 0.588    |
|    value_loss         | 6.2e+06  |
------------------------------------
EPISODE:  67
-------------------------------------
| time/                 |           |
|    fps                | 33        |
|    iterations         | 13200     |
|    time_elapsed       | 1990      |
|    total_timesteps    | 66000     |
| train/                |           |
|    entropy_loss       | -1.77     |
|    explained_variance | 0         |
|    learning_rate      | 0.0007    |
|    n_updates          | 13199     |
|    policy_loss        | 3.61e+03  |
|    reward             | 650.55536 |
|    std                | 0.587     |
|    value_loss         | 4.43e+06  |
-------------------------------------
------------------------------------
| time/                 |          |
|    fps                | 33       |
|    iterations         | 13300    |
|    time_elapsed       | 2006     |
|    total_timesteps    | 66500    |
| train/                |          |
|    entropy_loss       | -1.75    |
|    explained_variance | 0        |
|    learning_rate      | 0.0007   |
|    n_updates          | 13299    |
|    policy_loss        | 3.05e+03 |
|    reward             | 741.4422 |
|    std                | 0.58     |
|    value_loss         | 6.19e+06 |
------------------------------------
EPISODE:  68
-------------------------------------
| time/                 |           |
|    fps                | 33        |
|    iterations         | 13400     |
|    time_elapsed       | 2021      |
|    total_timesteps    | 67000     |
| train/                |           |
|    entropy_loss       | -1.73     |
|    explained_variance | -1.19e-07 |
|    learning_rate      | 0.0007    |
|    n_updates          | 13399     |
|    policy_loss        | 3.34e+03  |
|    reward             | 656.47046 |
|    std                | 0.577     |
|    value_loss         | 4.51e+06  |
-------------------------------------
-------------------------------------
| time/                 |           |
|    fps                | 33        |
|    iterations         | 13500     |
|    time_elapsed       | 2036      |
|    total_timesteps    | 67500     |
| train/                |           |
|    entropy_loss       | -1.72     |
|    explained_variance | 0         |
|    learning_rate      | 0.0007    |
|    n_updates          | 13499     |
|    policy_loss        | 2.6e+03   |
|    reward             | 740.75696 |
|    std                | 0.574     |
|    value_loss         | 6.18e+06  |
-------------------------------------
EPISODE:  69
-------------------------------------
| time/                 |           |
|    fps                | 33        |
|    iterations         | 13600     |
|    time_elapsed       | 2051      |
|    total_timesteps    | 68000     |
| train/                |           |
|    entropy_loss       | -1.71     |
|    explained_variance | -1.19e-07 |
|    learning_rate      | 0.0007    |
|    n_updates          | 13599     |
|    policy_loss        | 2.38e+03  |
|    reward             | 661.5084  |
|    std                | 0.569     |
|    value_loss         | 4.58e+06  |
-------------------------------------
------------------------------------
| time/                 |          |
|    fps                | 33       |
|    iterations         | 13700    |
|    time_elapsed       | 2066     |
|    total_timesteps    | 68500    |
| train/                |          |
|    entropy_loss       | -1.7     |
|    explained_variance | 0        |
|    learning_rate      | 0.0007   |
|    n_updates          | 13699    |
|    policy_loss        | 3.44e+03 |
|    reward             | 791.3776 |
|    std                | 0.566    |
|    value_loss         | 7.06e+06 |
------------------------------------
EPISODE:  70
------------------------------------
| time/                 |          |
|    fps                | 33       |
|    iterations         | 13800    |
|    time_elapsed       | 2081     |
|    total_timesteps    | 69000    |
| train/                |          |
|    entropy_loss       | -1.7     |
|    explained_variance | 0        |
|    learning_rate      | 0.0007   |
|    n_updates          | 13799    |
|    policy_loss        | 6.35e+03 |
|    reward             | 766.0137 |
|    std                | 0.566    |
|    value_loss         | 6.15e+06 |
------------------------------------
------------------------------------
| time/                 |          |
|    fps                | 33       |
|    iterations         | 13900    |
|    time_elapsed       | 2096     |
|    total_timesteps    | 69500    |
| train/                |          |
|    entropy_loss       | -1.71    |
|    explained_variance | 0        |
|    learning_rate      | 0.0007   |
|    n_updates          | 13899    |
|    policy_loss        | 2.49e+03 |
|    reward             | 768.7943 |
|    std                | 0.568    |
|    value_loss         | 6.6e+06  |
------------------------------------
EPISODE:  71
------------------------------------
| time/                 |          |
|    fps                | 33       |
|    iterations         | 14000    |
|    time_elapsed       | 2111     |
|    total_timesteps    | 70000    |
| train/                |          |
|    entropy_loss       | -1.69    |
|    explained_variance | 0        |
|    learning_rate      | 0.0007   |
|    n_updates          | 13999    |
|    policy_loss        | 2.65e+03 |
|    reward             | 674.9544 |
|    std                | 0.565    |
|    value_loss         | 4.79e+06 |
------------------------------------
------------------------------------
| time/                 |          |
|    fps                | 33       |
|    iterations         | 14100    |
|    time_elapsed       | 2126     |
|    total_timesteps    | 70500    |
| train/                |          |
|    entropy_loss       | -1.7     |
|    explained_variance | 0        |
|    learning_rate      | 0.0007   |
|    n_updates          | 14099    |
|    policy_loss        | 3.98e+03 |
|    reward             | 784.76   |
|    std                | 0.567    |
|    value_loss         | 6.88e+06 |
------------------------------------
EPISODE:  72
------------------------------------
| time/                 |          |
|    fps                | 33       |
|    iterations         | 14200    |
|    time_elapsed       | 2141     |
|    total_timesteps    | 71000    |
| train/                |          |
|    entropy_loss       | -1.7     |
|    explained_variance | 0        |
|    learning_rate      | 0.0007   |
|    n_updates          | 14199    |
|    policy_loss        | 2.81e+03 |
|    reward             | 690.4295 |
|    std                | 0.568    |
|    value_loss         | 4.93e+06 |
------------------------------------
-------------------------------------
| time/                 |           |
|    fps                | 33        |
|    iterations         | 14300     |
|    time_elapsed       | 2156      |
|    total_timesteps    | 71500     |
| train/                |           |
|    entropy_loss       | -1.69     |
|    explained_variance | 1.19e-07  |
|    learning_rate      | 0.0007    |
|    n_updates          | 14299     |
|    policy_loss        | 3.59e+03  |
|    reward             | 802.73114 |
|    std                | 0.564     |
|    value_loss         | 7.26e+06  |
-------------------------------------
EPISODE:  73
-------------------------------------
| time/                 |           |
|    fps                | 33        |
|    iterations         | 14400     |
|    time_elapsed       | 2171      |
|    total_timesteps    | 72000     |
| train/                |           |
|    entropy_loss       | -1.67     |
|    explained_variance | 0         |
|    learning_rate      | 0.0007    |
|    n_updates          | 14399     |
|    policy_loss        | 3.96e+03  |
|    reward             | 750.11487 |
|    std                | 0.559     |
|    value_loss         | 5.9e+06   |
-------------------------------------
------------------------------------
| time/                 |          |
|    fps                | 33       |
|    iterations         | 14500    |
|    time_elapsed       | 2186     |
|    total_timesteps    | 72500    |
| train/                |          |
|    entropy_loss       | -1.67    |
|    explained_variance | 0        |
|    learning_rate      | 0.0007   |
|    n_updates          | 14499    |
|    policy_loss        | 2.25e+03 |
|    reward             | 735.7192 |
|    std                | 0.558    |
|    value_loss         | 6.1e+06  |
------------------------------------
EPISODE:  74
------------------------------------
| time/                 |          |
|    fps                | 33       |
|    iterations         | 14600    |
|    time_elapsed       | 2202     |
|    total_timesteps    | 73000    |
| train/                |          |
|    entropy_loss       | -1.66    |
|    explained_variance | 1.79e-07 |
|    learning_rate      | 0.0007   |
|    n_updates          | 14599    |
|    policy_loss        | 4.25e+03 |
|    reward             | 654.0334 |
|    std                | 0.556    |
|    value_loss         | 4.47e+06 |
------------------------------------
------------------------------------
| time/                 |          |
|    fps                | 33       |
|    iterations         | 14700    |
|    time_elapsed       | 2217     |
|    total_timesteps    | 73500    |
| train/                |          |
|    entropy_loss       | -1.66    |
|    explained_variance | 0        |
|    learning_rate      | 0.0007   |
|    n_updates          | 14699    |
|    policy_loss        | 3.22e+03 |
|    reward             | 741.3697 |
|    std                | 0.555    |
|    value_loss         | 6.19e+06 |
------------------------------------
EPISODE:  75
------------------------------------
| time/                 |          |
|    fps                | 33       |
|    iterations         | 14800    |
|    time_elapsed       | 2232     |
|    total_timesteps    | 74000    |
| train/                |          |
|    entropy_loss       | -1.65    |
|    explained_variance | 5.96e-08 |
|    learning_rate      | 0.0007   |
|    n_updates          | 14799    |
|    policy_loss        | 2.28e+03 |
|    reward             | 657.3651 |
|    std                | 0.552    |
|    value_loss         | 4.51e+06 |
------------------------------------
-------------------------------------
| time/                 |           |
|    fps                | 33        |
|    iterations         | 14900     |
|    time_elapsed       | 2247      |
|    total_timesteps    | 74500     |
| train/                |           |
|    entropy_loss       | -1.63     |
|    explained_variance | -1.19e-07 |
|    learning_rate      | 0.0007    |
|    n_updates          | 14899     |
|    policy_loss        | 2.25e+03  |
|    reward             | 733.4815  |
|    std                | 0.547     |
|    value_loss         | 6.05e+06  |
-------------------------------------
EPISODE:  76
------------------------------------
| time/                 |          |
|    fps                | 33       |
|    iterations         | 15000    |
|    time_elapsed       | 2262     |
|    total_timesteps    | 75000    |
| train/                |          |
|    entropy_loss       | -1.62    |
|    explained_variance | 0        |
|    learning_rate      | 0.0007   |
|    n_updates          | 14999    |
|    policy_loss        | 2.93e+03 |
|    reward             | 649.6482 |
|    std                | 0.544    |
|    value_loss         | 4.41e+06 |
------------------------------------
------------------------------------
| time/                 |          |
|    fps                | 33       |
|    iterations         | 15100    |
|    time_elapsed       | 2277     |
|    total_timesteps    | 75500    |
| train/                |          |
|    entropy_loss       | -1.62    |
|    explained_variance | 0        |
|    learning_rate      | 0.0007   |
|    n_updates          | 15099    |
|    policy_loss        | 3.75e+03 |
|    reward             | 741.5923 |
|    std                | 0.545    |
|    value_loss         | 6.18e+06 |
------------------------------------
EPISODE:  77
------------------------------------
| time/                 |          |
|    fps                | 33       |
|    iterations         | 15200    |
|    time_elapsed       | 2292     |
|    total_timesteps    | 76000    |
| train/                |          |
|    entropy_loss       | -1.61    |
|    explained_variance | 5.96e-08 |
|    learning_rate      | 0.0007   |
|    n_updates          | 15199    |
|    policy_loss        | 1.77e+03 |
|    reward             | 656.5905 |
|    std                | 0.54     |
|    value_loss         | 4.5e+06  |
------------------------------------
-------------------------------------
| time/                 |           |
|    fps                | 33        |
|    iterations         | 15300     |
|    time_elapsed       | 2307      |
|    total_timesteps    | 76500     |
| train/                |           |
|    entropy_loss       | -1.58     |
|    explained_variance | 0         |
|    learning_rate      | 0.0007    |
|    n_updates          | 15299     |
|    policy_loss        | 3.75e+03  |
|    reward             | 740.08484 |
|    std                | 0.534     |
|    value_loss         | 6.15e+06  |
-------------------------------------
EPISODE:  78
-------------------------------------
| time/                 |           |
|    fps                | 33        |
|    iterations         | 15400     |
|    time_elapsed       | 2322      |
|    total_timesteps    | 77000     |
| train/                |           |
|    entropy_loss       | -1.55     |
|    explained_variance | 1.79e-07  |
|    learning_rate      | 0.0007    |
|    n_updates          | 15399     |
|    policy_loss        | 2.52e+03  |
|    reward             | 655.25586 |
|    std                | 0.526     |
|    value_loss         | 4.48e+06  |
-------------------------------------
-------------------------------------
| time/                 |           |
|    fps                | 33        |
|    iterations         | 15500     |
|    time_elapsed       | 2337      |
|    total_timesteps    | 77500     |
| train/                |           |
|    entropy_loss       | -1.55     |
|    explained_variance | 0         |
|    learning_rate      | 0.0007    |
|    n_updates          | 15499     |
|    policy_loss        | 2.89e+03  |
|    reward             | 741.82404 |
|    std                | 0.525     |
|    value_loss         | 6.18e+06  |
-------------------------------------
EPISODE:  79
------------------------------------
| time/                 |          |
|    fps                | 33       |
|    iterations         | 15600    |
|    time_elapsed       | 2352     |
|    total_timesteps    | 78000    |
| train/                |          |
|    entropy_loss       | -1.53    |
|    explained_variance | 0        |
|    learning_rate      | 0.0007   |
|    n_updates          | 15599    |
|    policy_loss        | 4.48e+03 |
|    reward             | 656.9298 |
|    std                | 0.52     |
|    value_loss         | 4.5e+06  |
------------------------------------
-------------------------------------
| time/                 |           |
|    fps                | 33        |
|    iterations         | 15700     |
|    time_elapsed       | 2367      |
|    total_timesteps    | 78500     |
| train/                |           |
|    entropy_loss       | -1.51     |
|    explained_variance | 0         |
|    learning_rate      | 0.0007    |
|    n_updates          | 15699     |
|    policy_loss        | 4.94e+03  |
|    reward             | 742.29083 |
|    std                | 0.514     |
|    value_loss         | 6.19e+06  |
-------------------------------------
EPISODE:  80
-------------------------------------
| time/                 |           |
|    fps                | 33        |
|    iterations         | 15800     |
|    time_elapsed       | 2383      |
|    total_timesteps    | 79000     |
| train/                |           |
|    entropy_loss       | -1.5      |
|    explained_variance | 0         |
|    learning_rate      | 0.0007    |
|    n_updates          | 15799     |
|    policy_loss        | 2.18e+03  |
|    reward             | 654.32086 |
|    std                | 0.511     |
|    value_loss         | 4.46e+06  |
-------------------------------------
------------------------------------
| time/                 |          |
|    fps                | 33       |
|    iterations         | 15900    |
|    time_elapsed       | 2398     |
|    total_timesteps    | 79500    |
| train/                |          |
|    entropy_loss       | -1.46    |
|    explained_variance | 1.19e-07 |
|    learning_rate      | 0.0007   |
|    n_updates          | 15899    |
|    policy_loss        | 2.83e+03 |
|    reward             | 744.2017 |
|    std                | 0.502    |
|    value_loss         | 6.22e+06 |
------------------------------------
EPISODE:  81
-------------------------------------
| time/                 |           |
|    fps                | 33        |
|    iterations         | 16000     |
|    time_elapsed       | 2413      |
|    total_timesteps    | 80000     |
| train/                |           |
|    entropy_loss       | -1.45     |
|    explained_variance | 0         |
|    learning_rate      | 0.0007    |
|    n_updates          | 15999     |
|    policy_loss        | 3.06e+03  |
|    reward             | 659.33813 |
|    std                | 0.5       |
|    value_loss         | 4.53e+06  |
-------------------------------------
------------------------------------
| time/                 |          |
|    fps                | 33       |
|    iterations         | 16100    |
|    time_elapsed       | 2428     |
|    total_timesteps    | 80500    |
| train/                |          |
|    entropy_loss       | -1.44    |
|    explained_variance | 0        |
|    learning_rate      | 0.0007   |
|    n_updates          | 16099    |
|    policy_loss        | 2.73e+03 |
|    reward             | 738.9395 |
|    std                | 0.496    |
|    value_loss         | 6.14e+06 |
------------------------------------
EPISODE:  82
-------------------------------------
| time/                 |           |
|    fps                | 33        |
|    iterations         | 16200     |
|    time_elapsed       | 2443      |
|    total_timesteps    | 81000     |
| train/                |           |
|    entropy_loss       | -1.42     |
|    explained_variance | -1.19e-07 |
|    learning_rate      | 0.0007    |
|    n_updates          | 16199     |
|    policy_loss        | 2.98e+03  |
|    reward             | 650.06476 |
|    std                | 0.493     |
|    value_loss         | 4.41e+06  |
-------------------------------------
------------------------------------
| time/                 |          |
|    fps                | 33       |
|    iterations         | 16300    |
|    time_elapsed       | 2458     |
|    total_timesteps    | 81500    |
| train/                |          |
|    entropy_loss       | -1.4     |
|    explained_variance | 0        |
|    learning_rate      | 0.0007   |
|    n_updates          | 16299    |
|    policy_loss        | 3.13e+03 |
|    reward             | 740.8205 |
|    std                | 0.488    |
|    value_loss         | 6.16e+06 |
------------------------------------
EPISODE:  83
-------------------------------------
| time/                 |           |
|    fps                | 33        |
|    iterations         | 16400     |
|    time_elapsed       | 2473      |
|    total_timesteps    | 82000     |
| train/                |           |
|    entropy_loss       | -1.38     |
|    explained_variance | -1.19e-07 |
|    learning_rate      | 0.0007    |
|    n_updates          | 16399     |
|    policy_loss        | 2.81e+03  |
|    reward             | 657.66974 |
|    std                | 0.482     |
|    value_loss         | 4.51e+06  |
-------------------------------------
------------------------------------
| time/                 |          |
|    fps                | 33       |
|    iterations         | 16500    |
|    time_elapsed       | 2488     |
|    total_timesteps    | 82500    |
| train/                |          |
|    entropy_loss       | -1.37    |
|    explained_variance | 0        |
|    learning_rate      | 0.0007   |
|    n_updates          | 16499    |
|    policy_loss        | 3.04e+03 |
|    reward             | 743.1057 |
|    std                | 0.479    |
|    value_loss         | 6.2e+06  |
------------------------------------
EPISODE:  84
------------------------------------
| time/                 |          |
|    fps                | 33       |
|    iterations         | 16600    |
|    time_elapsed       | 2503     |
|    total_timesteps    | 83000    |
| train/                |          |
|    entropy_loss       | -1.36    |
|    explained_variance | 0        |
|    learning_rate      | 0.0007   |
|    n_updates          | 16599    |
|    policy_loss        | 1.62e+03 |
|    reward             | 648.8696 |
|    std                | 0.477    |
|    value_loss         | 4.39e+06 |
------------------------------------
------------------------------------
| time/                 |          |
|    fps                | 33       |
|    iterations         | 16700    |
|    time_elapsed       | 2518     |
|    total_timesteps    | 83500    |
| train/                |          |
|    entropy_loss       | -1.34    |
|    explained_variance | 1.19e-07 |
|    learning_rate      | 0.0007   |
|    n_updates          | 16699    |
|    policy_loss        | 6.42e+03 |
|    reward             | 755.9435 |
|    std                | 0.474    |
|    value_loss         | 6.42e+06 |
------------------------------------
EPISODE:  85
------------------------------------
| time/                 |          |
|    fps                | 33       |
|    iterations         | 16800    |
|    time_elapsed       | 2533     |
|    total_timesteps    | 84000    |
| train/                |          |
|    entropy_loss       | -1.32    |
|    explained_variance | 0        |
|    learning_rate      | 0.0007   |
|    n_updates          | 16799    |
|    policy_loss        | 2.3e+03  |
|    reward             | 670.0642 |
|    std                | 0.468    |
|    value_loss         | 4.68e+06 |
------------------------------------
------------------------------------
| time/                 |          |
|    fps                | 33       |
|    iterations         | 16900    |
|    time_elapsed       | 2548     |
|    total_timesteps    | 84500    |
| train/                |          |
|    entropy_loss       | -1.3     |
|    explained_variance | 1.19e-07 |
|    learning_rate      | 0.0007   |
|    n_updates          | 16899    |
|    policy_loss        | 2.38e+03 |
|    reward             | 753.7123 |
|    std                | 0.463    |
|    value_loss         | 6.35e+06 |
------------------------------------
EPISODE:  86
-------------------------------------
| time/                 |           |
|    fps                | 33        |
|    iterations         | 17000     |
|    time_elapsed       | 2563      |
|    total_timesteps    | 85000     |
| train/                |           |
|    entropy_loss       | -1.3      |
|    explained_variance | -2.38e-07 |
|    learning_rate      | 0.0007    |
|    n_updates          | 16999     |
|    policy_loss        | 2.21e+03  |
|    reward             | 713.4872  |
|    std                | 0.462     |
|    value_loss         | 5.3e+06   |
-------------------------------------
------------------------------------
| time/                 |          |
|    fps                | 33       |
|    iterations         | 17100    |
|    time_elapsed       | 2579     |
|    total_timesteps    | 85500    |
| train/                |          |
|    entropy_loss       | -1.28    |
|    explained_variance | 0        |
|    learning_rate      | 0.0007   |
|    n_updates          | 17099    |
|    policy_loss        | 2.7e+03  |
|    reward             | 738.1898 |
|    std                | 0.459    |
|    value_loss         | 6.11e+06 |
------------------------------------
EPISODE:  87
------------------------------------
| time/                 |          |
|    fps                | 33       |
|    iterations         | 17200    |
|    time_elapsed       | 2594     |
|    total_timesteps    | 86000    |
| train/                |          |
|    entropy_loss       | -1.27    |
|    explained_variance | 5.96e-08 |
|    learning_rate      | 0.0007   |
|    n_updates          | 17199    |
|    policy_loss        | 2.58e+03 |
|    reward             | 649.515  |
|    std                | 0.457    |
|    value_loss         | 4.44e+06 |
------------------------------------
------------------------------------
| time/                 |          |
|    fps                | 33       |
|    iterations         | 17300    |
|    time_elapsed       | 2609     |
|    total_timesteps    | 86500    |
| train/                |          |
|    entropy_loss       | -1.25    |
|    explained_variance | 0        |
|    learning_rate      | 0.0007   |
|    n_updates          | 17299    |
|    policy_loss        | 2.16e+03 |
|    reward             | 756.4654 |
|    std                | 0.453    |
|    value_loss         | 6.34e+06 |
------------------------------------
EPISODE:  88
-------------------------------------
| time/                 |           |
|    fps                | 33        |
|    iterations         | 17400     |
|    time_elapsed       | 2624      |
|    total_timesteps    | 87000     |
| train/                |           |
|    entropy_loss       | -1.24     |
|    explained_variance | 0         |
|    learning_rate      | 0.0007    |
|    n_updates          | 17399     |
|    policy_loss        | 4.03e+03  |
|    reward             | 674.94293 |
|    std                | 0.45      |
|    value_loss         | 4.75e+06  |
-------------------------------------
------------------------------------
| time/                 |          |
|    fps                | 33       |
|    iterations         | 17500    |
|    time_elapsed       | 2639     |
|    total_timesteps    | 87500    |
| train/                |          |
|    entropy_loss       | -1.22    |
|    explained_variance | 1.19e-07 |
|    learning_rate      | 0.0007   |
|    n_updates          | 17499    |
|    policy_loss        | 1.92e+03 |
|    reward             | 751.7714 |
|    std                | 0.446    |
|    value_loss         | 6.34e+06 |
------------------------------------
EPISODE:  89
-------------------------------------
| time/                 |           |
|    fps                | 33        |
|    iterations         | 17600     |
|    time_elapsed       | 2654      |
|    total_timesteps    | 88000     |
| train/                |           |
|    entropy_loss       | -1.22     |
|    explained_variance | -1.19e-07 |
|    learning_rate      | 0.0007    |
|    n_updates          | 17599     |
|    policy_loss        | 4.32e+03  |
|    reward             | 665.6029  |
|    std                | 0.445     |
|    value_loss         | 4.61e+06  |
-------------------------------------
-------------------------------------
| time/                 |           |
|    fps                | 33        |
|    iterations         | 17700     |
|    time_elapsed       | 2669      |
|    total_timesteps    | 88500     |
| train/                |           |
|    entropy_loss       | -1.21     |
|    explained_variance | 0         |
|    learning_rate      | 0.0007    |
|    n_updates          | 17699     |
|    policy_loss        | 3.14e+03  |
|    reward             | 741.80035 |
|    std                | 0.443     |
|    value_loss         | 6.17e+06  |
-------------------------------------
EPISODE:  90
------------------------------------
| time/                 |          |
|    fps                | 33       |
|    iterations         | 17800    |
|    time_elapsed       | 2684     |
|    total_timesteps    | 89000    |
| train/                |          |
|    entropy_loss       | -1.18    |
|    explained_variance | 5.96e-08 |
|    learning_rate      | 0.0007   |
|    n_updates          | 17799    |
|    policy_loss        | 2.77e+03 |
|    reward             | 656.7748 |
|    std                | 0.437    |
|    value_loss         | 4.49e+06 |
------------------------------------
-------------------------------------
| time/                 |           |
|    fps                | 33        |
|    iterations         | 17900     |
|    time_elapsed       | 2699      |
|    total_timesteps    | 89500     |
| train/                |           |
|    entropy_loss       | -1.17     |
|    explained_variance | 0         |
|    learning_rate      | 0.0007    |
|    n_updates          | 17899     |
|    policy_loss        | 2.45e+03  |
|    reward             | 741.80035 |
|    std                | 0.435     |
|    value_loss         | 6.16e+06  |
-------------------------------------
EPISODE:  91
-------------------------------------
| time/                 |           |
|    fps                | 33        |
|    iterations         | 18000     |
|    time_elapsed       | 2714      |
|    total_timesteps    | 90000     |
| train/                |           |
|    entropy_loss       | -1.17     |
|    explained_variance | 0         |
|    learning_rate      | 0.0007    |
|    n_updates          | 17999     |
|    policy_loss        | 2.08e+03  |
|    reward             | 656.79333 |
|    std                | 0.434     |
|    value_loss         | 4.49e+06  |
-------------------------------------
------------------------------------
| time/                 |          |
|    fps                | 33       |
|    iterations         | 18100    |
|    time_elapsed       | 2729     |
|    total_timesteps    | 90500    |
| train/                |          |
|    entropy_loss       | -1.15    |
|    explained_variance | 1.19e-07 |
|    learning_rate      | 0.0007   |
|    n_updates          | 18099    |
|    policy_loss        | 1.9e+03  |
|    reward             | 742.2411 |
|    std                | 0.43     |
|    value_loss         | 6.17e+06 |
------------------------------------
EPISODE:  92
------------------------------------
| time/                 |          |
|    fps                | 33       |
|    iterations         | 18200    |
|    time_elapsed       | 2744     |
|    total_timesteps    | 91000    |
| train/                |          |
|    entropy_loss       | -1.13    |
|    explained_variance | 5.96e-08 |
|    learning_rate      | 0.0007   |
|    n_updates          | 18199    |
|    policy_loss        | 881      |
|    reward             | 659.267  |
|    std                | 0.425    |
|    value_loss         | 4.52e+06 |
------------------------------------
-------------------------------------
| time/                 |           |
|    fps                | 33        |
|    iterations         | 18300     |
|    time_elapsed       | 2759      |
|    total_timesteps    | 91500     |
| train/                |           |
|    entropy_loss       | -1.1      |
|    explained_variance | 0         |
|    learning_rate      | 0.0007    |
|    n_updates          | 18299     |
|    policy_loss        | 4.43e+03  |
|    reward             | 740.56757 |
|    std                | 0.421     |
|    value_loss         | 6.09e+06  |
-------------------------------------
EPISODE:  93
-------------------------------------
| time/                 |           |
|    fps                | 33        |
|    iterations         | 18400     |
|    time_elapsed       | 2774      |
|    total_timesteps    | 92000     |
| train/                |           |
|    entropy_loss       | -1.1      |
|    explained_variance | -1.19e-07 |
|    learning_rate      | 0.0007    |
|    n_updates          | 18399     |
|    policy_loss        | 3.43e+03  |
|    reward             | 689.72504 |
|    std                | 0.421     |
|    value_loss         | 4.91e+06  |
-------------------------------------
-------------------------------------
| time/                 |           |
|    fps                | 33        |
|    iterations         | 18500     |
|    time_elapsed       | 2790      |
|    total_timesteps    | 92500     |
| train/                |           |
|    entropy_loss       | -1.08     |
|    explained_variance | 1.19e-07  |
|    learning_rate      | 0.0007    |
|    n_updates          | 18499     |
|    policy_loss        | 4.33e+03  |
|    reward             | 761.14386 |
|    std                | 0.416     |
|    value_loss         | 6.43e+06  |
-------------------------------------
EPISODE:  94
-------------------------------------
| time/                 |           |
|    fps                | 33        |
|    iterations         | 18600     |
|    time_elapsed       | 2805      |
|    total_timesteps    | 93000     |
| train/                |           |
|    entropy_loss       | -1.05     |
|    explained_variance | 0         |
|    learning_rate      | 0.0007    |
|    n_updates          | 18599     |
|    policy_loss        | 3.65e+03  |
|    reward             | 671.90234 |
|    std                | 0.41      |
|    value_loss         | 4.69e+06  |
-------------------------------------
------------------------------------
| time/                 |          |
|    fps                | 33       |
|    iterations         | 18700    |
|    time_elapsed       | 2820     |
|    total_timesteps    | 93500    |
| train/                |          |
|    entropy_loss       | -1.03    |
|    explained_variance | 0        |
|    learning_rate      | 0.0007   |
|    n_updates          | 18699    |
|    policy_loss        | 1.41e+03 |
|    reward             | 692.7073 |
|    std                | 0.405    |
|    value_loss         | 5.31e+06 |
------------------------------------
EPISODE:  95
------------------------------------
| time/                 |          |
|    fps                | 33       |
|    iterations         | 18800    |
|    time_elapsed       | 2835     |
|    total_timesteps    | 94000    |
| train/                |          |
|    entropy_loss       | -1.01    |
|    explained_variance | 1.19e-07 |
|    learning_rate      | 0.0007   |
|    n_updates          | 18799    |
|    policy_loss        | 1.65e+03 |
|    reward             | 593.6254 |
|    std                | 0.401    |
|    value_loss         | 3.65e+06 |
------------------------------------
------------------------------------
| time/                 |          |
|    fps                | 33       |
|    iterations         | 18900    |
|    time_elapsed       | 2850     |
|    total_timesteps    | 94500    |
| train/                |          |
|    entropy_loss       | -0.981   |
|    explained_variance | 0        |
|    learning_rate      | 0.0007   |
|    n_updates          | 18899    |
|    policy_loss        | 3.23e+03 |
|    reward             | 808.206  |
|    std                | 0.395    |
|    value_loss         | 7.17e+06 |
------------------------------------
EPISODE:  96
-------------------------------------
| time/                 |           |
|    fps                | 33        |
|    iterations         | 19000     |
|    time_elapsed       | 2865      |
|    total_timesteps    | 95000     |
| train/                |           |
|    entropy_loss       | -0.968    |
|    explained_variance | 1.19e-07  |
|    learning_rate      | 0.0007    |
|    n_updates          | 18999     |
|    policy_loss        | 1.56e+03  |
|    reward             | 752.07227 |
|    std                | 0.393     |
|    value_loss         | 5.87e+06  |
-------------------------------------
------------------------------------
| time/                 |          |
|    fps                | 33       |
|    iterations         | 19100    |
|    time_elapsed       | 2880     |
|    total_timesteps    | 95500    |
| train/                |          |
|    entropy_loss       | -0.962   |
|    explained_variance | 0        |
|    learning_rate      | 0.0007   |
|    n_updates          | 19099    |
|    policy_loss        | 2.43e+03 |
|    reward             | 751.3788 |
|    std                | 0.392    |
|    value_loss         | 6.34e+06 |
------------------------------------
EPISODE:  97
-------------------------------------
| time/                 |           |
|    fps                | 33        |
|    iterations         | 19200     |
|    time_elapsed       | 2895      |
|    total_timesteps    | 96000     |
| train/                |           |
|    entropy_loss       | -0.961    |
|    explained_variance | -1.19e-07 |
|    learning_rate      | 0.0007    |
|    n_updates          | 19199     |
|    policy_loss        | 1.3e+03   |
|    reward             | 668.06946 |
|    std                | 0.391     |
|    value_loss         | 4.64e+06  |
-------------------------------------
------------------------------------
| time/                 |          |
|    fps                | 33       |
|    iterations         | 19300    |
|    time_elapsed       | 2910     |
|    total_timesteps    | 96500    |
| train/                |          |
|    entropy_loss       | -0.942   |
|    explained_variance | 0        |
|    learning_rate      | 0.0007   |
|    n_updates          | 19299    |
|    policy_loss        | 1.56e+03 |
|    reward             | 720.2786 |
|    std                | 0.388    |
|    value_loss         | 5.73e+06 |
------------------------------------
EPISODE:  98
------------------------------------
| time/                 |          |
|    fps                | 33       |
|    iterations         | 19400    |
|    time_elapsed       | 2925     |
|    total_timesteps    | 97000    |
| train/                |          |
|    entropy_loss       | -0.916   |
|    explained_variance | 0        |
|    learning_rate      | 0.0007   |
|    n_updates          | 19399    |
|    policy_loss        | 2.03e+03 |
|    reward             | 690.9846 |
|    std                | 0.383    |
|    value_loss         | 4.94e+06 |
------------------------------------
------------------------------------
| time/                 |          |
|    fps                | 33       |
|    iterations         | 19500    |
|    time_elapsed       | 2940     |
|    total_timesteps    | 97500    |
| train/                |          |
|    entropy_loss       | -0.897   |
|    explained_variance | 0        |
|    learning_rate      | 0.0007   |
|    n_updates          | 19499    |
|    policy_loss        | 649      |
|    reward             | 801.455  |
|    std                | 0.379    |
|    value_loss         | 7.09e+06 |
------------------------------------
EPISODE:  99
------------------------------------
| time/                 |          |
|    fps                | 33       |
|    iterations         | 19600    |
|    time_elapsed       | 2954     |
|    total_timesteps    | 98000    |
| train/                |          |
|    entropy_loss       | -0.888   |
|    explained_variance | 0        |
|    learning_rate      | 0.0007   |
|    n_updates          | 19599    |
|    policy_loss        | 2.02e+03 |
|    reward             | 683.2073 |
|    std                | 0.378    |
|    value_loss         | 4.89e+06 |
------------------------------------
-------------------------------------
| time/                 |           |
|    fps                | 33        |
|    iterations         | 19700     |
|    time_elapsed       | 2969      |
|    total_timesteps    | 98500     |
| train/                |           |
|    entropy_loss       | -0.869    |
|    explained_variance | 1.19e-07  |
|    learning_rate      | 0.0007    |
|    n_updates          | 19699     |
|    policy_loss        | 1.1e+03   |
|    reward             | 782.44666 |
|    std                | 0.374     |
|    value_loss         | 6.87e+06  |
-------------------------------------
EPISODE:  100
-------------------------------------
| time/                 |           |
|    fps                | 33        |
|    iterations         | 19800     |
|    time_elapsed       | 2984      |
|    total_timesteps    | 99000     |
| train/                |           |
|    entropy_loss       | -0.85     |
|    explained_variance | 5.96e-08  |
|    learning_rate      | 0.0007    |
|    n_updates          | 19799     |
|    policy_loss        | 1.82e+03  |
|    reward             | 696.42816 |
|    std                | 0.37      |
|    value_loss         | 5.04e+06  |
-------------------------------------
------------------------------------
| time/                 |          |
|    fps                | 33       |
|    iterations         | 19900    |
|    time_elapsed       | 2999     |
|    total_timesteps    | 99500    |
| train/                |          |
|    entropy_loss       | -0.824   |
|    explained_variance | 0        |
|    learning_rate      | 0.0007   |
|    n_updates          | 19899    |
|    policy_loss        | 1.76e+03 |
|    reward             | 741.6242 |
|    std                | 0.366    |
|    value_loss         | 6.15e+06 |
------------------------------------
EPISODE:  101
-------------------------------------
| time/                 |           |
|    fps                | 33        |
|    iterations         | 20000     |
|    time_elapsed       | 3014      |
|    total_timesteps    | 100000    |
| train/                |           |
|    entropy_loss       | -0.822    |
|    explained_variance | 0         |
|    learning_rate      | 0.0007    |
|    n_updates          | 19999     |
|    policy_loss        | 4.73e+03  |
|    reward             | 657.37085 |
|    std                | 0.365     |
|    value_loss         | 4.48e+06  |
-------------------------------------
-------------------------------------
| time/                 |           |
|    fps                | 33        |
|    iterations         | 20100     |
|    time_elapsed       | 3029      |
|    total_timesteps    | 100500    |
| train/                |           |
|    entropy_loss       | -0.811    |
|    explained_variance | 0         |
|    learning_rate      | 0.0007    |
|    n_updates          | 20099     |
|    policy_loss        | 2.29e+03  |
|    reward             | 741.71606 |
|    std                | 0.363     |
|    value_loss         | 6.15e+06  |
-------------------------------------
EPISODE:  102
------------------------------------
| time/                 |          |
|    fps                | 33       |
|    iterations         | 20200    |
|    time_elapsed       | 3044     |
|    total_timesteps    | 101000   |
| train/                |          |
|    entropy_loss       | -0.779   |
|    explained_variance | 0        |
|    learning_rate      | 0.0007   |
|    n_updates          | 20199    |
|    policy_loss        | 1.77e+03 |
|    reward             | 656.5839 |
|    std                | 0.357    |
|    value_loss         | 4.47e+06 |
------------------------------------
-------------------------------------
| time/                 |           |
|    fps                | 33        |
|    iterations         | 20300     |
|    time_elapsed       | 3059      |
|    total_timesteps    | 101500    |
| train/                |           |
|    entropy_loss       | -0.766    |
|    explained_variance | 0         |
|    learning_rate      | 0.0007    |
|    n_updates          | 20299     |
|    policy_loss        | 2.94e+03  |
|    reward             | 741.80035 |
|    std                | 0.355     |
|    value_loss         | 6.15e+06  |
-------------------------------------
EPISODE:  103
------------------------------------
| time/                 |          |
|    fps                | 33       |
|    iterations         | 20400    |
|    time_elapsed       | 3074     |
|    total_timesteps    | 102000   |
| train/                |          |
|    entropy_loss       | -0.72    |
|    explained_variance | 0        |
|    learning_rate      | 0.0007   |
|    n_updates          | 20399    |
|    policy_loss        | 1.14e+03 |
|    reward             | 656.7748 |
|    std                | 0.347    |
|    value_loss         | 4.47e+06 |
------------------------------------
-------------------------------------
| time/                 |           |
|    fps                | 33        |
|    iterations         | 20500     |
|    time_elapsed       | 3089      |
|    total_timesteps    | 102500    |
| train/                |           |
|    entropy_loss       | -0.68     |
|    explained_variance | -1.19e-07 |
|    learning_rate      | 0.0007    |
|    n_updates          | 20499     |
|    policy_loss        | 1.25e+03  |
|    reward             | 741.80035 |
|    std                | 0.34      |
|    value_loss         | 6.15e+06  |
-------------------------------------
EPISODE:  104
-------------------------------------
| time/                 |           |
|    fps                | 33        |
|    iterations         | 20600     |
|    time_elapsed       | 3104      |
|    total_timesteps    | 103000    |
| train/                |           |
|    entropy_loss       | -0.678    |
|    explained_variance | -1.19e-07 |
|    learning_rate      | 0.0007    |
|    n_updates          | 20599     |
|    policy_loss        | 2.59e+03  |
|    reward             | 656.7748  |
|    std                | 0.34      |
|    value_loss         | 4.47e+06  |
-------------------------------------
-------------------------------------
| time/                 |           |
|    fps                | 33        |
|    iterations         | 20700     |
|    time_elapsed       | 3119      |
|    total_timesteps    | 103500    |
| train/                |           |
|    entropy_loss       | -0.656    |
|    explained_variance | 1.19e-07  |
|    learning_rate      | 0.0007    |
|    n_updates          | 20699     |
|    policy_loss        | 659       |
|    reward             | 741.80035 |
|    std                | 0.336     |
|    value_loss         | 6.14e+06  |
-------------------------------------
EPISODE:  105
-------------------------------------
| time/                 |           |
|    fps                | 33        |
|    iterations         | 20800     |
|    time_elapsed       | 3134      |
|    total_timesteps    | 104000    |
| train/                |           |
|    entropy_loss       | -0.644    |
|    explained_variance | -1.19e-07 |
|    learning_rate      | 0.0007    |
|    n_updates          | 20799     |
|    policy_loss        | 287       |
|    reward             | 656.7748  |
|    std                | 0.334     |
|    value_loss         | 4.47e+06  |
-------------------------------------
-------------------------------------
| time/                 |           |
|    fps                | 33        |
|    iterations         | 20900     |
|    time_elapsed       | 3149      |
|    total_timesteps    | 104500    |
| train/                |           |
|    entropy_loss       | -0.625    |
|    explained_variance | 1.19e-07  |
|    learning_rate      | 0.0007    |
|    n_updates          | 20899     |
|    policy_loss        | 1.4e+03   |
|    reward             | 741.80035 |
|    std                | 0.331     |
|    value_loss         | 6.14e+06  |
-------------------------------------
EPISODE:  106
------------------------------------
| time/                 |          |
|    fps                | 33       |
|    iterations         | 21000    |
|    time_elapsed       | 3164     |
|    total_timesteps    | 105000   |
| train/                |          |
|    entropy_loss       | -0.597   |
|    explained_variance | 0        |
|    learning_rate      | 0.0007   |
|    n_updates          | 20999    |
|    policy_loss        | 607      |
|    reward             | 656.7748 |
|    std                | 0.326    |
|    value_loss         | 4.47e+06 |
------------------------------------
-------------------------------------
| time/                 |           |
|    fps                | 33        |
|    iterations         | 21100     |
|    time_elapsed       | 3179      |
|    total_timesteps    | 105500    |
| train/                |           |
|    entropy_loss       | -0.584    |
|    explained_variance | -1.19e-07 |
|    learning_rate      | 0.0007    |
|    n_updates          | 21099     |
|    policy_loss        | 640       |
|    reward             | 741.80035 |
|    std                | 0.324     |
|    value_loss         | 6.14e+06  |
-------------------------------------
EPISODE:  107
-------------------------------------
| time/                 |           |
|    fps                | 33        |
|    iterations         | 21200     |
|    time_elapsed       | 3194      |
|    total_timesteps    | 106000    |
| train/                |           |
|    entropy_loss       | -0.577    |
|    explained_variance | -1.19e-07 |
|    learning_rate      | 0.0007    |
|    n_updates          | 21199     |
|    policy_loss        | -328      |
|    reward             | 656.7748  |
|    std                | 0.323     |
|    value_loss         | 4.47e+06  |
-------------------------------------
------------------------------------
| time/                 |          |
|    fps                | 33       |
|    iterations         | 21300    |
|    time_elapsed       | 3209     |
|    total_timesteps    | 106500   |
| train/                |          |
|    entropy_loss       | -0.565   |
|    explained_variance | 0        |
|    learning_rate      | 0.0007   |
|    n_updates          | 21299    |
|    policy_loss        | 475      |
|    reward             | 741.7565 |
|    std                | 0.321    |
|    value_loss         | 6.14e+06 |
------------------------------------
EPISODE:  108
------------------------------------
| time/                 |          |
|    fps                | 33       |
|    iterations         | 21400    |
|    time_elapsed       | 3224     |
|    total_timesteps    | 107000   |
| train/                |          |
|    entropy_loss       | -0.549   |
|    explained_variance | 0        |
|    learning_rate      | 0.0007   |
|    n_updates          | 21399    |
|    policy_loss        | 1.27e+03 |
|    reward             | 656.7359 |
|    std                | 0.318    |
|    value_loss         | 4.47e+06 |
------------------------------------
-------------------------------------
| time/                 |           |
|    fps                | 33        |
|    iterations         | 21500     |
|    time_elapsed       | 3240      |
|    total_timesteps    | 107500    |
| train/                |           |
|    entropy_loss       | -0.525    |
|    explained_variance | -1.19e-07 |
|    learning_rate      | 0.0007    |
|    n_updates          | 21499     |
|    policy_loss        | 947       |
|    reward             | 741.8158  |
|    std                | 0.315     |
|    value_loss         | 6.14e+06  |
-------------------------------------
EPISODE:  109
------------------------------------
| time/                 |          |
|    fps                | 33       |
|    iterations         | 21600    |
|    time_elapsed       | 3255     |
|    total_timesteps    | 108000   |
| train/                |          |
|    entropy_loss       | -0.508   |
|    explained_variance | 0        |
|    learning_rate      | 0.0007   |
|    n_updates          | 21599    |
|    policy_loss        | 331      |
|    reward             | 656.7884 |
|    std                | 0.312    |
|    value_loss         | 4.47e+06 |
------------------------------------
-------------------------------------
| time/                 |           |
|    fps                | 33        |
|    iterations         | 21700     |
|    time_elapsed       | 3270      |
|    total_timesteps    | 108500    |
| train/                |           |
|    entropy_loss       | -0.491    |
|    explained_variance | 0         |
|    learning_rate      | 0.0007    |
|    n_updates          | 21699     |
|    policy_loss        | 266       |
|    reward             | 741.80035 |
|    std                | 0.309     |
|    value_loss         | 6.14e+06  |
-------------------------------------
EPISODE:  110
-------------------------------------
| time/                 |           |
|    fps                | 33        |
|    iterations         | 21800     |
|    time_elapsed       | 3285      |
|    total_timesteps    | 109000    |
| train/                |           |
|    entropy_loss       | -0.46     |
|    explained_variance | -2.38e-07 |
|    learning_rate      | 0.0007    |
|    n_updates          | 21799     |
|    policy_loss        | 1.51e+03  |
|    reward             | 656.7748  |
|    std                | 0.305     |
|    value_loss         | 4.46e+06  |
-------------------------------------
-------------------------------------
| time/                 |           |
|    fps                | 33        |
|    iterations         | 21900     |
|    time_elapsed       | 3299      |
|    total_timesteps    | 109500    |
| train/                |           |
|    entropy_loss       | -0.443    |
|    explained_variance | 0         |
|    learning_rate      | 0.0007    |
|    n_updates          | 21899     |
|    policy_loss        | -514      |
|    reward             | 741.80035 |
|    std                | 0.302     |
|    value_loss         | 6.14e+06  |
-------------------------------------
EPISODE:  111
-------------------------------------
| time/                 |           |
|    fps                | 33        |
|    iterations         | 22000     |
|    time_elapsed       | 3314      |
|    total_timesteps    | 110000    |
| train/                |           |
|    entropy_loss       | -0.435    |
|    explained_variance | -1.19e-07 |
|    learning_rate      | 0.0007    |
|    n_updates          | 21999     |
|    policy_loss        | 1.6e+03   |
|    reward             | 656.7748  |
|    std                | 0.301     |
|    value_loss         | 4.46e+06  |
-------------------------------------
-------------------------------------
| time/                 |           |
|    fps                | 33        |
|    iterations         | 22100     |
|    time_elapsed       | 3329      |
|    total_timesteps    | 110500    |
| train/                |           |
|    entropy_loss       | -0.428    |
|    explained_variance | 1.19e-07  |
|    learning_rate      | 0.0007    |
|    n_updates          | 22099     |
|    policy_loss        | 942       |
|    reward             | 741.80743 |
|    std                | 0.3       |
|    value_loss         | 6.13e+06  |
-------------------------------------
EPISODE:  112
------------------------------------
| time/                 |          |
|    fps                | 33       |
|    iterations         | 22200    |
|    time_elapsed       | 3344     |
|    total_timesteps    | 111000   |
| train/                |          |
|    entropy_loss       | -0.407   |
|    explained_variance | 0        |
|    learning_rate      | 0.0007   |
|    n_updates          | 22199    |
|    policy_loss        | 914      |
|    reward             | 656.781  |
|    std                | 0.297    |
|    value_loss         | 4.46e+06 |
------------------------------------
-------------------------------------
| time/                 |           |
|    fps                | 33        |
|    iterations         | 22300     |
|    time_elapsed       | 3359      |
|    total_timesteps    | 111500    |
| train/                |           |
|    entropy_loss       | -0.383    |
|    explained_variance | 1.19e-07  |
|    learning_rate      | 0.0007    |
|    n_updates          | 22299     |
|    policy_loss        | 271       |
|    reward             | 741.80035 |
|    std                | 0.293     |
|    value_loss         | 6.13e+06  |
-------------------------------------
EPISODE:  113
------------------------------------
| time/                 |          |
|    fps                | 33       |
|    iterations         | 22400    |
|    time_elapsed       | 3374     |
|    total_timesteps    | 112000   |
| train/                |          |
|    entropy_loss       | -0.36    |
|    explained_variance | 0        |
|    learning_rate      | 0.0007   |
|    n_updates          | 22399    |
|    policy_loss        | -31      |
|    reward             | 656.7748 |
|    std                | 0.29     |
|    value_loss         | 4.46e+06 |
------------------------------------
-------------------------------------
| time/                 |           |
|    fps                | 33        |
|    iterations         | 22500     |
|    time_elapsed       | 3389      |
|    total_timesteps    | 112500    |
| train/                |           |
|    entropy_loss       | -0.328    |
|    explained_variance | 0         |
|    learning_rate      | 0.0007    |
|    n_updates          | 22499     |
|    policy_loss        | 86.7      |
|    reward             | 741.80035 |
|    std                | 0.285     |
|    value_loss         | 6.13e+06  |
-------------------------------------
EPISODE:  114
------------------------------------
| time/                 |          |
|    fps                | 33       |
|    iterations         | 22600    |
|    time_elapsed       | 3404     |
|    total_timesteps    | 113000   |
| train/                |          |
|    entropy_loss       | -0.31    |
|    explained_variance | 0        |
|    learning_rate      | 0.0007   |
|    n_updates          | 22599    |
|    policy_loss        | 1.07e+03 |
|    reward             | 660.0611 |
|    std                | 0.283    |
|    value_loss         | 4.5e+06  |
------------------------------------
------------------------------------
| time/                 |          |
|    fps                | 33       |
|    iterations         | 22700    |
|    time_elapsed       | 3419     |
|    total_timesteps    | 113500   |
| train/                |          |
|    entropy_loss       | -0.293   |
|    explained_variance | 0        |
|    learning_rate      | 0.0007   |
|    n_updates          | 22699    |
|    policy_loss        | 1.38e+03 |
|    reward             | 800.8207 |
|    std                | 0.28     |
|    value_loss         | 7.02e+06 |
------------------------------------
EPISODE:  115
-------------------------------------
| time/                 |           |
|    fps                | 33        |
|    iterations         | 22800     |
|    time_elapsed       | 3434      |
|    total_timesteps    | 114000    |
| train/                |           |
|    entropy_loss       | -0.271    |
|    explained_variance | 0         |
|    learning_rate      | 0.0007    |
|    n_updates          | 22799     |
|    policy_loss        | 7.99e+03  |
|    reward             | 740.18146 |
|    std                | 0.277     |
|    value_loss         | 5.68e+06  |
-------------------------------------
------------------------------------
| time/                 |          |
|    fps                | 33       |
|    iterations         | 22900    |
|    time_elapsed       | 3449     |
|    total_timesteps    | 114500   |
| train/                |          |
|    entropy_loss       | -0.252   |
|    explained_variance | 0        |
|    learning_rate      | 0.0007   |
|    n_updates          | 22899    |
|    policy_loss        | 1.1e+03  |
|    reward             | 823.3365 |
|    std                | 0.275    |
|    value_loss         | 7.4e+06  |
------------------------------------
EPISODE:  116
-------------------------------------
| time/                 |           |
|    fps                | 33        |
|    iterations         | 23000     |
|    time_elapsed       | 3464      |
|    total_timesteps    | 115000    |
| train/                |           |
|    entropy_loss       | -0.218    |
|    explained_variance | -1.19e-07 |
|    learning_rate      | 0.0007    |
|    n_updates          | 22999     |
|    policy_loss        | 725       |
|    reward             | 765.9458  |
|    std                | 0.27      |
|    value_loss         | 6.09e+06  |
-------------------------------------
-------------------------------------
| time/                 |           |
|    fps                | 33        |
|    iterations         | 23100     |
|    time_elapsed       | 3479      |
|    total_timesteps    | 115500    |
| train/                |           |
|    entropy_loss       | -0.202    |
|    explained_variance | 0         |
|    learning_rate      | 0.0007    |
|    n_updates          | 23099     |
|    policy_loss        | 2.52e+03  |
|    reward             | 822.41547 |
|    std                | 0.268     |
|    value_loss         | 7.4e+06   |
-------------------------------------
EPISODE:  117
------------------------------------
| time/                 |          |
|    fps                | 33       |
|    iterations         | 23200    |
|    time_elapsed       | 3494     |
|    total_timesteps    | 116000   |
| train/                |          |
|    entropy_loss       | -0.18    |
|    explained_variance | 0        |
|    learning_rate      | 0.0007   |
|    n_updates          | 23199    |
|    policy_loss        | 66.9     |
|    reward             | 755.7507 |
|    std                | 0.265    |
|    value_loss         | 5.93e+06 |
------------------------------------
------------------------------------
| time/                 |          |
|    fps                | 33       |
|    iterations         | 23300    |
|    time_elapsed       | 3509     |
|    total_timesteps    | 116500   |
| train/                |          |
|    entropy_loss       | -0.154   |
|    explained_variance | 1.19e-07 |
|    learning_rate      | 0.0007   |
|    n_updates          | 23299    |
|    policy_loss        | 350      |
|    reward             | 786.325  |
|    std                | 0.262    |
|    value_loss         | 6.74e+06 |
------------------------------------
EPISODE:  118
-------------------------------------
| time/                 |           |
|    fps                | 33        |
|    iterations         | 23400     |
|    time_elapsed       | 3524      |
|    total_timesteps    | 117000    |
| train/                |           |
|    entropy_loss       | -0.117    |
|    explained_variance | 5.96e-08  |
|    learning_rate      | 0.0007    |
|    n_updates          | 23399     |
|    policy_loss        | -1.41e+03 |
|    reward             | 727.61945 |
|    std                | 0.256     |
|    value_loss         | 5.48e+06  |
-------------------------------------
------------------------------------
| time/                 |          |
|    fps                | 33       |
|    iterations         | 23500    |
|    time_elapsed       | 3539     |
|    total_timesteps    | 117500   |
| train/                |          |
|    entropy_loss       | -0.0775  |
|    explained_variance | 0        |
|    learning_rate      | 0.0007   |
|    n_updates          | 23499    |
|    policy_loss        | 94.9     |
|    reward             | 825.5203 |
|    std                | 0.252    |
|    value_loss         | 7.44e+06 |
------------------------------------
EPISODE:  119
------------------------------------
| time/                 |          |
|    fps                | 33       |
|    iterations         | 23600    |
|    time_elapsed       | 3554     |
|    total_timesteps    | 118000   |
| train/                |          |
|    entropy_loss       | -0.0504  |
|    explained_variance | 0        |
|    learning_rate      | 0.0007   |
|    n_updates          | 23599    |
|    policy_loss        | -306     |
|    reward             | 767.9897 |
|    std                | 0.249    |
|    value_loss         | 6.12e+06 |
------------------------------------
------------------------------------
| time/                 |          |
|    fps                | 33       |
|    iterations         | 23700    |
|    time_elapsed       | 3569     |
|    total_timesteps    | 118500   |
| train/                |          |
|    entropy_loss       | -0.0171  |
|    explained_variance | 1.19e-07 |
|    learning_rate      | 0.0007   |
|    n_updates          | 23699    |
|    policy_loss        | -24.6    |
|    reward             | 825.5203 |
|    std                | 0.244    |
|    value_loss         | 7.43e+06 |
------------------------------------
EPISODE:  120
------------------------------------
| time/                 |          |
|    fps                | 33       |
|    iterations         | 23800    |
|    time_elapsed       | 3584     |
|    total_timesteps    | 119000   |
| train/                |          |
|    entropy_loss       | -0.0103  |
|    explained_variance | 0        |
|    learning_rate      | 0.0007   |
|    n_updates          | 23799    |
|    policy_loss        | -988     |
|    reward             | 767.9897 |
|    std                | 0.244    |
|    value_loss         | 6.12e+06 |
------------------------------------
------------------------------------
| time/                 |          |
|    fps                | 33       |
|    iterations         | 23900    |
|    time_elapsed       | 3599     |
|    total_timesteps    | 119500   |
| train/                |          |
|    entropy_loss       | -0.00425 |
|    explained_variance | 0        |
|    learning_rate      | 0.0007   |
|    n_updates          | 23899    |
|    policy_loss        | 341      |
|    reward             | 825.5203 |
|    std                | 0.243    |
|    value_loss         | 7.43e+06 |
------------------------------------
EPISODE:  121
------------------------------------
| time/                 |          |
|    fps                | 33       |
|    iterations         | 24000    |
|    time_elapsed       | 3614     |
|    total_timesteps    | 120000   |
| train/                |          |
|    entropy_loss       | 0.0123   |
|    explained_variance | 0        |
|    learning_rate      | 0.0007   |
|    n_updates          | 23999    |
|    policy_loss        | -440     |
|    reward             | 767.9897 |
|    std                | 0.241    |
|    value_loss         | 6.11e+06 |
------------------------------------
------------------------------------
| time/                 |          |
|    fps                | 33       |
|    iterations         | 24100    |
|    time_elapsed       | 3629     |
|    total_timesteps    | 120500   |
| train/                |          |
|    entropy_loss       | 0.0165   |
|    explained_variance | 0        |
|    learning_rate      | 0.0007   |
|    n_updates          | 24099    |
|    policy_loss        | 2.52e+03 |
|    reward             | 825.5203 |
|    std                | 0.241    |
|    value_loss         | 7.43e+06 |
------------------------------------
EPISODE:  122
------------------------------------
| time/                 |          |
|    fps                | 33       |
|    iterations         | 24200    |
|    time_elapsed       | 3644     |
|    total_timesteps    | 121000   |
| train/                |          |
|    entropy_loss       | 0.0115   |
|    explained_variance | 0        |
|    learning_rate      | 0.0007   |
|    n_updates          | 24199    |
|    policy_loss        | 15.1     |
|    reward             | 767.9897 |
|    std                | 0.241    |
|    value_loss         | 6.11e+06 |
------------------------------------
------------------------------------
| time/                 |          |
|    fps                | 33       |
|    iterations         | 24300    |
|    time_elapsed       | 3659     |
|    total_timesteps    | 121500   |
| train/                |          |
|    entropy_loss       | 0.0146   |
|    explained_variance | 0        |
|    learning_rate      | 0.0007   |
|    n_updates          | 24299    |
|    policy_loss        | -255     |
|    reward             | 825.5203 |
|    std                | 0.241    |
|    value_loss         | 7.43e+06 |
------------------------------------
EPISODE:  123
------------------------------------
| time/                 |          |
|    fps                | 33       |
|    iterations         | 24400    |
|    time_elapsed       | 3674     |
|    total_timesteps    | 122000   |
| train/                |          |
|    entropy_loss       | 0.0335   |
|    explained_variance | 1.19e-07 |
|    learning_rate      | 0.0007   |
|    n_updates          | 24399    |
|    policy_loss        | 585      |
|    reward             | 767.9897 |
|    std                | 0.239    |
|    value_loss         | 6.11e+06 |
------------------------------------
------------------------------------
| time/                 |          |
|    fps                | 33       |
|    iterations         | 24500    |
|    time_elapsed       | 3689     |
|    total_timesteps    | 122500   |
| train/                |          |
|    entropy_loss       | 0.0632   |
|    explained_variance | 0        |
|    learning_rate      | 0.0007   |
|    n_updates          | 24499    |
|    policy_loss        | -617     |
|    reward             | 825.5203 |
|    std                | 0.235    |
|    value_loss         | 7.43e+06 |
------------------------------------
EPISODE:  124
-------------------------------------
| time/                 |           |
|    fps                | 33        |
|    iterations         | 24600     |
|    time_elapsed       | 3704      |
|    total_timesteps    | 123000    |
| train/                |           |
|    entropy_loss       | 0.0953    |
|    explained_variance | 0         |
|    learning_rate      | 0.0007    |
|    n_updates          | 24599     |
|    policy_loss        | -1.31e+03 |
|    reward             | 767.9897  |
|    std                | 0.231     |
|    value_loss         | 6.11e+06  |
-------------------------------------
-------------------------------------
| time/                 |           |
|    fps                | 33        |
|    iterations         | 24700     |
|    time_elapsed       | 3719      |
|    total_timesteps    | 123500    |
| train/                |           |
|    entropy_loss       | 0.105     |
|    explained_variance | -2.38e-07 |
|    learning_rate      | 0.0007    |
|    n_updates          | 24699     |
|    policy_loss        | -750      |
|    reward             | 825.5203  |
|    std                | 0.23      |
|    value_loss         | 7.43e+06  |
-------------------------------------
EPISODE:  125
------------------------------------
| time/                 |          |
|    fps                | 33       |
|    iterations         | 24800    |
|    time_elapsed       | 3734     |
|    total_timesteps    | 124000   |
| train/                |          |
|    entropy_loss       | 0.116    |
|    explained_variance | 0        |
|    learning_rate      | 0.0007   |
|    n_updates          | 24799    |
|    policy_loss        | -123     |
|    reward             | 767.9897 |
|    std                | 0.229    |
|    value_loss         | 6.11e+06 |
------------------------------------
-------------------------------------
| time/                 |           |
|    fps                | 33        |
|    iterations         | 24900     |
|    time_elapsed       | 3749      |
|    total_timesteps    | 124500    |
| train/                |           |
|    entropy_loss       | 0.144     |
|    explained_variance | 0         |
|    learning_rate      | 0.0007    |
|    n_updates          | 24899     |
|    policy_loss        | -1.77e+03 |
|    reward             | 825.5203  |
|    std                | 0.226     |
|    value_loss         | 7.43e+06  |
-------------------------------------
EPISODE:  126
------------------------------------
| time/                 |          |
|    fps                | 33       |
|    iterations         | 25000    |
|    time_elapsed       | 3764     |
|    total_timesteps    | 125000   |
| train/                |          |
|    entropy_loss       | 0.156    |
|    explained_variance | 1.19e-07 |
|    learning_rate      | 0.0007   |
|    n_updates          | 24999    |
|    policy_loss        | 1.45e+03 |
|    reward             | 767.9897 |
|    std                | 0.225    |
|    value_loss         | 6.11e+06 |
------------------------------------
-------------------------------------
| time/                 |           |
|    fps                | 33        |
|    iterations         | 25100     |
|    time_elapsed       | 3779      |
|    total_timesteps    | 125500    |
| train/                |           |
|    entropy_loss       | 0.168     |
|    explained_variance | 1.19e-07  |
|    learning_rate      | 0.0007    |
|    n_updates          | 25099     |
|    policy_loss        | -1.11e+03 |
|    reward             | 825.5203  |
|    std                | 0.223     |
|    value_loss         | 7.42e+06  |
-------------------------------------
EPISODE:  127
------------------------------------
| time/                 |          |
|    fps                | 33       |
|    iterations         | 25200    |
|    time_elapsed       | 3795     |
|    total_timesteps    | 126000   |
| train/                |          |
|    entropy_loss       | 0.197    |
|    explained_variance | 0        |
|    learning_rate      | 0.0007   |
|    n_updates          | 25199    |
|    policy_loss        | 1.58e+03 |
|    reward             | 767.9897 |
|    std                | 0.22     |
|    value_loss         | 6.11e+06 |
------------------------------------
-------------------------------------
| time/                 |           |
|    fps                | 33        |
|    iterations         | 25300     |
|    time_elapsed       | 3810      |
|    total_timesteps    | 126500    |
| train/                |           |
|    entropy_loss       | 0.213     |
|    explained_variance | 0         |
|    learning_rate      | 0.0007    |
|    n_updates          | 25299     |
|    policy_loss        | -1.41e+03 |
|    reward             | 825.5203  |
|    std                | 0.218     |
|    value_loss         | 7.42e+06  |
-------------------------------------
EPISODE:  128
------------------------------------
| time/                 |          |
|    fps                | 33       |
|    iterations         | 25400    |
|    time_elapsed       | 3825     |
|    total_timesteps    | 127000   |
| train/                |          |
|    entropy_loss       | 0.25     |
|    explained_variance | 0        |
|    learning_rate      | 0.0007   |
|    n_updates          | 25399    |
|    policy_loss        | -308     |
|    reward             | 767.9897 |
|    std                | 0.214    |
|    value_loss         | 6.1e+06  |
------------------------------------
-------------------------------------
| time/                 |           |
|    fps                | 33        |
|    iterations         | 25500     |
|    time_elapsed       | 3840      |
|    total_timesteps    | 127500    |
| train/                |           |
|    entropy_loss       | 0.26      |
|    explained_variance | -1.19e-07 |
|    learning_rate      | 0.0007    |
|    n_updates          | 25499     |
|    policy_loss        | -1.56e+03 |
|    reward             | 825.5203  |
|    std                | 0.213     |
|    value_loss         | 7.42e+06  |
-------------------------------------
EPISODE:  129
------------------------------------
| time/                 |          |
|    fps                | 33       |
|    iterations         | 25600    |
|    time_elapsed       | 3855     |
|    total_timesteps    | 128000   |
| train/                |          |
|    entropy_loss       | 0.258    |
|    explained_variance | 1.19e-07 |
|    learning_rate      | 0.0007   |
|    n_updates          | 25599    |
|    policy_loss        | -570     |
|    reward             | 767.9897 |
|    std                | 0.213    |
|    value_loss         | 6.1e+06  |
------------------------------------
------------------------------------
| time/                 |          |
|    fps                | 33       |
|    iterations         | 25700    |
|    time_elapsed       | 3870     |
|    total_timesteps    | 128500   |
| train/                |          |
|    entropy_loss       | 0.286    |
|    explained_variance | 0        |
|    learning_rate      | 0.0007   |
|    n_updates          | 25699    |
|    policy_loss        | -466     |
|    reward             | 825.5203 |
|    std                | 0.211    |
|    value_loss         | 7.42e+06 |
------------------------------------
EPISODE:  130
-------------------------------------
| time/                 |           |
|    fps                | 33        |
|    iterations         | 25800     |
|    time_elapsed       | 3885      |
|    total_timesteps    | 129000    |
| train/                |           |
|    entropy_loss       | 0.3       |
|    explained_variance | -1.19e-07 |
|    learning_rate      | 0.0007    |
|    n_updates          | 25799     |
|    policy_loss        | -326      |
|    reward             | 767.9897  |
|    std                | 0.209     |
|    value_loss         | 6.1e+06   |
-------------------------------------
------------------------------------
| time/                 |          |
|    fps                | 33       |
|    iterations         | 25900    |
|    time_elapsed       | 3900     |
|    total_timesteps    | 129500   |
| train/                |          |
|    entropy_loss       | 0.335    |
|    explained_variance | 0        |
|    learning_rate      | 0.0007   |
|    n_updates          | 25899    |
|    policy_loss        | 444      |
|    reward             | 825.5203 |
|    std                | 0.205    |
|    value_loss         | 7.42e+06 |
------------------------------------
EPISODE:  131
------------------------------------
| time/                 |          |
|    fps                | 33       |
|    iterations         | 26000    |
|    time_elapsed       | 3915     |
|    total_timesteps    | 130000   |
| train/                |          |
|    entropy_loss       | 0.356    |
|    explained_variance | 0        |
|    learning_rate      | 0.0007   |
|    n_updates          | 25999    |
|    policy_loss        | -522     |
|    reward             | 767.9897 |
|    std                | 0.203    |
|    value_loss         | 6.1e+06  |
------------------------------------
------------------------------------
| time/                 |          |
|    fps                | 33       |
|    iterations         | 26100    |
|    time_elapsed       | 3930     |
|    total_timesteps    | 130500   |
| train/                |          |
|    entropy_loss       | 0.371    |
|    explained_variance | 0        |
|    learning_rate      | 0.0007   |
|    n_updates          | 26099    |
|    policy_loss        | 1.18e+03 |
|    reward             | 825.5203 |
|    std                | 0.202    |
|    value_loss         | 7.42e+06 |
------------------------------------
EPISODE:  132
-------------------------------------
| time/                 |           |
|    fps                | 33        |
|    iterations         | 26200     |
|    time_elapsed       | 3945      |
|    total_timesteps    | 131000    |
| train/                |           |
|    entropy_loss       | 0.368     |
|    explained_variance | -2.38e-07 |
|    learning_rate      | 0.0007    |
|    n_updates          | 26199     |
|    policy_loss        | -1.41e+03 |
|    reward             | 767.9897  |
|    std                | 0.202     |
|    value_loss         | 6.1e+06   |
-------------------------------------
-------------------------------------
| time/                 |           |
|    fps                | 33        |
|    iterations         | 26300     |
|    time_elapsed       | 3960      |
|    total_timesteps    | 131500    |
| train/                |           |
|    entropy_loss       | 0.409     |
|    explained_variance | -1.19e-07 |
|    learning_rate      | 0.0007    |
|    n_updates          | 26299     |
|    policy_loss        | -521      |
|    reward             | 825.5203  |
|    std                | 0.198     |
|    value_loss         | 7.42e+06  |
-------------------------------------
EPISODE:  133
-------------------------------------
| time/                 |           |
|    fps                | 33        |
|    iterations         | 26400     |
|    time_elapsed       | 3976      |
|    total_timesteps    | 132000    |
| train/                |           |
|    entropy_loss       | 0.43      |
|    explained_variance | 0         |
|    learning_rate      | 0.0007    |
|    n_updates          | 26399     |
|    policy_loss        | -1.73e+03 |
|    reward             | 767.9897  |
|    std                | 0.196     |
|    value_loss         | 6.1e+06   |
-------------------------------------
-------------------------------------
| time/                 |           |
|    fps                | 33        |
|    iterations         | 26500     |
|    time_elapsed       | 3991      |
|    total_timesteps    | 132500    |
| train/                |           |
|    entropy_loss       | 0.444     |
|    explained_variance | -1.19e-07 |
|    learning_rate      | 0.0007    |
|    n_updates          | 26499     |
|    policy_loss        | -241      |
|    reward             | 825.5203  |
|    std                | 0.195     |
|    value_loss         | 7.41e+06  |
-------------------------------------
EPISODE:  134
-------------------------------------
| time/                 |           |
|    fps                | 33        |
|    iterations         | 26600     |
|    time_elapsed       | 4006      |
|    total_timesteps    | 133000    |
| train/                |           |
|    entropy_loss       | 0.46      |
|    explained_variance | 0         |
|    learning_rate      | 0.0007    |
|    n_updates          | 26599     |
|    policy_loss        | -2.21e+03 |
|    reward             | 767.9897  |
|    std                | 0.193     |
|    value_loss         | 6.1e+06   |
-------------------------------------
------------------------------------
| time/                 |          |
|    fps                | 33       |
|    iterations         | 26700    |
|    time_elapsed       | 4021     |
|    total_timesteps    | 133500   |
| train/                |          |
|    entropy_loss       | 0.473    |
|    explained_variance | 1.19e-07 |
|    learning_rate      | 0.0007   |
|    n_updates          | 26699    |
|    policy_loss        | 243      |
|    reward             | 825.5203 |
|    std                | 0.192    |
|    value_loss         | 7.41e+06 |
------------------------------------
EPISODE:  135
-------------------------------------
| time/                 |           |
|    fps                | 33        |
|    iterations         | 26800     |
|    time_elapsed       | 4036      |
|    total_timesteps    | 134000    |
| train/                |           |
|    entropy_loss       | 0.486     |
|    explained_variance | -1.19e-07 |
|    learning_rate      | 0.0007    |
|    n_updates          | 26799     |
|    policy_loss        | -1.26e+03 |
|    reward             | 767.9897  |
|    std                | 0.191     |
|    value_loss         | 6.1e+06   |
-------------------------------------
-------------------------------------
| time/                 |           |
|    fps                | 33        |
|    iterations         | 26900     |
|    time_elapsed       | 4051      |
|    total_timesteps    | 134500    |
| train/                |           |
|    entropy_loss       | 0.496     |
|    explained_variance | 0         |
|    learning_rate      | 0.0007    |
|    n_updates          | 26899     |
|    policy_loss        | -1.09e+03 |
|    reward             | 825.5203  |
|    std                | 0.19      |
|    value_loss         | 7.41e+06  |
-------------------------------------
EPISODE:  136
-------------------------------------
| time/                 |           |
|    fps                | 33        |
|    iterations         | 27000     |
|    time_elapsed       | 4066      |
|    total_timesteps    | 135000    |
| train/                |           |
|    entropy_loss       | 0.526     |
|    explained_variance | 0         |
|    learning_rate      | 0.0007    |
|    n_updates          | 26999     |
|    policy_loss        | -2.37e+03 |
|    reward             | 767.9897  |
|    std                | 0.187     |
|    value_loss         | 6.09e+06  |
-------------------------------------
-------------------------------------
| time/                 |           |
|    fps                | 33        |
|    iterations         | 27100     |
|    time_elapsed       | 4081      |
|    total_timesteps    | 135500    |
| train/                |           |
|    entropy_loss       | 0.558     |
|    explained_variance | 1.79e-07  |
|    learning_rate      | 0.0007    |
|    n_updates          | 27099     |
|    policy_loss        | -3.13e+03 |
|    reward             | 825.5203  |
|    std                | 0.184     |
|    value_loss         | 7.41e+06  |
-------------------------------------
EPISODE:  137
-------------------------------------
| time/                 |           |
|    fps                | 33        |
|    iterations         | 27200     |
|    time_elapsed       | 4096      |
|    total_timesteps    | 136000    |
| train/                |           |
|    entropy_loss       | 0.59      |
|    explained_variance | 1.19e-07  |
|    learning_rate      | 0.0007    |
|    n_updates          | 27199     |
|    policy_loss        | -1.82e+03 |
|    reward             | 767.9897  |
|    std                | 0.181     |
|    value_loss         | 6.09e+06  |
-------------------------------------
-------------------------------------
| time/                 |           |
|    fps                | 33        |
|    iterations         | 27300     |
|    time_elapsed       | 4111      |
|    total_timesteps    | 136500    |
| train/                |           |
|    entropy_loss       | 0.628     |
|    explained_variance | 0         |
|    learning_rate      | 0.0007    |
|    n_updates          | 27299     |
|    policy_loss        | -2.11e+03 |
|    reward             | 825.5203  |
|    std                | 0.177     |
|    value_loss         | 7.41e+06  |
-------------------------------------
EPISODE:  138
------------------------------------
| time/                 |          |
|    fps                | 33       |
|    iterations         | 27400    |
|    time_elapsed       | 4126     |
|    total_timesteps    | 137000   |
| train/                |          |
|    entropy_loss       | 0.644    |
|    explained_variance | 0        |
|    learning_rate      | 0.0007   |
|    n_updates          | 27399    |
|    policy_loss        | -1.3e+03 |
|    reward             | 767.9897 |
|    std                | 0.176    |
|    value_loss         | 6.09e+06 |
------------------------------------
-------------------------------------
| time/                 |           |
|    fps                | 33        |
|    iterations         | 27500     |
|    time_elapsed       | 4141      |
|    total_timesteps    | 137500    |
| train/                |           |
|    entropy_loss       | 0.678     |
|    explained_variance | -1.19e-07 |
|    learning_rate      | 0.0007    |
|    n_updates          | 27499     |
|    policy_loss        | -2.45e+03 |
|    reward             | 825.5203  |
|    std                | 0.173     |
|    value_loss         | 7.41e+06  |
-------------------------------------
EPISODE:  139
-------------------------------------
| time/                 |           |
|    fps                | 33        |
|    iterations         | 27600     |
|    time_elapsed       | 4156      |
|    total_timesteps    | 138000    |
| train/                |           |
|    entropy_loss       | 0.702     |
|    explained_variance | 0         |
|    learning_rate      | 0.0007    |
|    n_updates          | 27599     |
|    policy_loss        | -2.41e+03 |
|    reward             | 767.9897  |
|    std                | 0.171     |
|    value_loss         | 6.09e+06  |
-------------------------------------
-------------------------------------
| time/                 |           |
|    fps                | 33        |
|    iterations         | 27700     |
|    time_elapsed       | 4172      |
|    total_timesteps    | 138500    |
| train/                |           |
|    entropy_loss       | 0.733     |
|    explained_variance | 0         |
|    learning_rate      | 0.0007    |
|    n_updates          | 27699     |
|    policy_loss        | -1.81e+03 |
|    reward             | 825.5203  |
|    std                | 0.168     |
|    value_loss         | 7.41e+06  |
-------------------------------------
EPISODE:  140
-------------------------------------
| time/                 |           |
|    fps                | 33        |
|    iterations         | 27800     |
|    time_elapsed       | 4187      |
|    total_timesteps    | 139000    |
| train/                |           |
|    entropy_loss       | 0.757     |
|    explained_variance | 0         |
|    learning_rate      | 0.0007    |
|    n_updates          | 27799     |
|    policy_loss        | -2.91e+03 |
|    reward             | 767.9897  |
|    std                | 0.166     |
|    value_loss         | 6.09e+06  |
-------------------------------------
-------------------------------------
| time/                 |           |
|    fps                | 33        |
|    iterations         | 27900     |
|    time_elapsed       | 4202      |
|    total_timesteps    | 139500    |
| train/                |           |
|    entropy_loss       | 0.797     |
|    explained_variance | 0         |
|    learning_rate      | 0.0007    |
|    n_updates          | 27899     |
|    policy_loss        | -2.31e+03 |
|    reward             | 825.5203  |
|    std                | 0.163     |
|    value_loss         | 7.4e+06   |
-------------------------------------
EPISODE:  141
-------------------------------------
| time/                 |           |
|    fps                | 33        |
|    iterations         | 28000     |
|    time_elapsed       | 4217      |
|    total_timesteps    | 140000    |
| train/                |           |
|    entropy_loss       | 0.822     |
|    explained_variance | 0         |
|    learning_rate      | 0.0007    |
|    n_updates          | 27999     |
|    policy_loss        | -3.49e+03 |
|    reward             | 767.9897  |
|    std                | 0.161     |
|    value_loss         | 6.09e+06  |
-------------------------------------
-------------------------------------
| time/                 |           |
|    fps                | 33        |
|    iterations         | 28100     |
|    time_elapsed       | 4232      |
|    total_timesteps    | 140500    |
| train/                |           |
|    entropy_loss       | 0.853     |
|    explained_variance | 1.79e-07  |
|    learning_rate      | 0.0007    |
|    n_updates          | 28099     |
|    policy_loss        | -2.67e+03 |
|    reward             | 825.5203  |
|    std                | 0.159     |
|    value_loss         | 7.4e+06   |
-------------------------------------
EPISODE:  142
-------------------------------------
| time/                 |           |
|    fps                | 33        |
|    iterations         | 28200     |
|    time_elapsed       | 4247      |
|    total_timesteps    | 141000    |
| train/                |           |
|    entropy_loss       | 0.885     |
|    explained_variance | -1.19e-07 |
|    learning_rate      | 0.0007    |
|    n_updates          | 28199     |
|    policy_loss        | -554      |
|    reward             | 767.9897  |
|    std                | 0.156     |
|    value_loss         | 6.09e+06  |
-------------------------------------
-------------------------------------
| time/                 |           |
|    fps                | 33        |
|    iterations         | 28300     |
|    time_elapsed       | 4262      |
|    total_timesteps    | 141500    |
| train/                |           |
|    entropy_loss       | 0.911     |
|    explained_variance | 1.79e-07  |
|    learning_rate      | 0.0007    |
|    n_updates          | 28299     |
|    policy_loss        | -3.74e+03 |
|    reward             | 825.5203  |
|    std                | 0.154     |
|    value_loss         | 7.4e+06   |
-------------------------------------
EPISODE:  143
-------------------------------------
| time/                 |           |
|    fps                | 33        |
|    iterations         | 28400     |
|    time_elapsed       | 4277      |
|    total_timesteps    | 142000    |
| train/                |           |
|    entropy_loss       | 0.942     |
|    explained_variance | 0         |
|    learning_rate      | 0.0007    |
|    n_updates          | 28399     |
|    policy_loss        | -3.16e+03 |
|    reward             | 767.9897  |
|    std                | 0.152     |
|    value_loss         | 6.09e+06  |
-------------------------------------
-------------------------------------
| time/                 |           |
|    fps                | 33        |
|    iterations         | 28500     |
|    time_elapsed       | 4292      |
|    total_timesteps    | 142500    |
| train/                |           |
|    entropy_loss       | 0.961     |
|    explained_variance | -1.19e-07 |
|    learning_rate      | 0.0007    |
|    n_updates          | 28499     |
|    policy_loss        | -1.96e+03 |
|    reward             | 824.5841  |
|    std                | 0.15      |
|    value_loss         | 7.39e+06  |
-------------------------------------
EPISODE:  144
-------------------------------------
| time/                 |           |
|    fps                | 33        |
|    iterations         | 28600     |
|    time_elapsed       | 4307      |
|    total_timesteps    | 143000    |
| train/                |           |
|    entropy_loss       | 1         |
|    explained_variance | -1.19e-07 |
|    learning_rate      | 0.0007    |
|    n_updates          | 28599     |
|    policy_loss        | -3.03e+03 |
|    reward             | 767.0304  |
|    std                | 0.147     |
|    value_loss         | 6.07e+06  |
-------------------------------------
-------------------------------------
| time/                 |           |
|    fps                | 33        |
|    iterations         | 28700     |
|    time_elapsed       | 4322      |
|    total_timesteps    | 143500    |
| train/                |           |
|    entropy_loss       | 1.03      |
|    explained_variance | 0         |
|    learning_rate      | 0.0007    |
|    n_updates          | 28699     |
|    policy_loss        | -1.71e+03 |
|    reward             | 825.5203  |
|    std                | 0.145     |
|    value_loss         | 7.4e+06   |
-------------------------------------
EPISODE:  145
-------------------------------------
| time/                 |           |
|    fps                | 33        |
|    iterations         | 28800     |
|    time_elapsed       | 4337      |
|    total_timesteps    | 144000    |
| train/                |           |
|    entropy_loss       | 1.07      |
|    explained_variance | 0         |
|    learning_rate      | 0.0007    |
|    n_updates          | 28799     |
|    policy_loss        | -2.54e+03 |
|    reward             | 767.9897  |
|    std                | 0.142     |
|    value_loss         | 6.08e+06  |
-------------------------------------
-------------------------------------
| time/                 |           |
|    fps                | 33        |
|    iterations         | 28900     |
|    time_elapsed       | 4352      |
|    total_timesteps    | 144500    |
| train/                |           |
|    entropy_loss       | 1.07      |
|    explained_variance | 1.19e-07  |
|    learning_rate      | 0.0007    |
|    n_updates          | 28899     |
|    policy_loss        | -4.19e+03 |
|    reward             | 825.1536  |
|    std                | 0.142     |
|    value_loss         | 7.39e+06  |
-------------------------------------
EPISODE:  146
-------------------------------------
| time/                 |           |
|    fps                | 33        |
|    iterations         | 29000     |
|    time_elapsed       | 4368      |
|    total_timesteps    | 145000    |
| train/                |           |
|    entropy_loss       | 1.07      |
|    explained_variance | 1.19e-07  |
|    learning_rate      | 0.0007    |
|    n_updates          | 28999     |
|    policy_loss        | -3.07e+03 |
|    reward             | 767.6485  |
|    std                | 0.142     |
|    value_loss         | 6.08e+06  |
-------------------------------------
-------------------------------------
| time/                 |           |
|    fps                | 33        |
|    iterations         | 29100     |
|    time_elapsed       | 4383      |
|    total_timesteps    | 145500    |
| train/                |           |
|    entropy_loss       | 1.12      |
|    explained_variance | 0         |
|    learning_rate      | 0.0007    |
|    n_updates          | 29099     |
|    policy_loss        | -3.02e+03 |
|    reward             | 825.5203  |
|    std                | 0.139     |
|    value_loss         | 7.4e+06   |
-------------------------------------
EPISODE:  147
-------------------------------------
| time/                 |           |
|    fps                | 33        |
|    iterations         | 29200     |
|    time_elapsed       | 4398      |
|    total_timesteps    | 146000    |
| train/                |           |
|    entropy_loss       | 1.15      |
|    explained_variance | -1.19e-07 |
|    learning_rate      | 0.0007    |
|    n_updates          | 29199     |
|    policy_loss        | -2.73e+03 |
|    reward             | 767.9897  |
|    std                | 0.137     |
|    value_loss         | 6.08e+06  |
-------------------------------------
-------------------------------------
| time/                 |           |
|    fps                | 33        |
|    iterations         | 29300     |
|    time_elapsed       | 4413      |
|    total_timesteps    | 146500    |
| train/                |           |
|    entropy_loss       | 1.18      |
|    explained_variance | -1.19e-07 |
|    learning_rate      | 0.0007    |
|    n_updates          | 29299     |
|    policy_loss        | -1.54e+03 |
|    reward             | 825.5203  |
|    std                | 0.135     |
|    value_loss         | 7.39e+06  |
-------------------------------------
EPISODE:  148
-------------------------------------
| time/                 |           |
|    fps                | 33        |
|    iterations         | 29400     |
|    time_elapsed       | 4428      |
|    total_timesteps    | 147000    |
| train/                |           |
|    entropy_loss       | 1.21      |
|    explained_variance | 0         |
|    learning_rate      | 0.0007    |
|    n_updates          | 29399     |
|    policy_loss        | -2.04e+03 |
|    reward             | 767.9897  |
|    std                | 0.133     |
|    value_loss         | 6.08e+06  |
-------------------------------------
-------------------------------------
| time/                 |           |
|    fps                | 33        |
|    iterations         | 29500     |
|    time_elapsed       | 4443      |
|    total_timesteps    | 147500    |
| train/                |           |
|    entropy_loss       | 1.21      |
|    explained_variance | 0         |
|    learning_rate      | 0.0007    |
|    n_updates          | 29499     |
|    policy_loss        | -2.49e+03 |
|    reward             | 825.5203  |
|    std                | 0.132     |
|    value_loss         | 7.39e+06  |
-------------------------------------
EPISODE:  149
-------------------------------------
| time/                 |           |
|    fps                | 33        |
|    iterations         | 29600     |
|    time_elapsed       | 4458      |
|    total_timesteps    | 148000    |
| train/                |           |
|    entropy_loss       | 1.24      |
|    explained_variance | 0         |
|    learning_rate      | 0.0007    |
|    n_updates          | 29599     |
|    policy_loss        | -3.17e+03 |
|    reward             | 767.9897  |
|    std                | 0.131     |
|    value_loss         | 6.08e+06  |
-------------------------------------
-------------------------------------
| time/                 |           |
|    fps                | 33        |
|    iterations         | 29700     |
|    time_elapsed       | 4473      |
|    total_timesteps    | 148500    |
| train/                |           |
|    entropy_loss       | 1.26      |
|    explained_variance | 0         |
|    learning_rate      | 0.0007    |
|    n_updates          | 29699     |
|    policy_loss        | -3.35e+03 |
|    reward             | 825.5203  |
|    std                | 0.129     |
|    value_loss         | 7.39e+06  |
-------------------------------------
EPISODE:  150
-------------------------------------
| time/                 |           |
|    fps                | 33        |
|    iterations         | 29800     |
|    time_elapsed       | 4488      |
|    total_timesteps    | 149000    |
| train/                |           |
|    entropy_loss       | 1.28      |
|    explained_variance | 1.19e-07  |
|    learning_rate      | 0.0007    |
|    n_updates          | 29799     |
|    policy_loss        | -3.51e+03 |
|    reward             | 767.9897  |
|    std                | 0.128     |
|    value_loss         | 6.08e+06  |
-------------------------------------
-------------------------------------
| time/                 |           |
|    fps                | 33        |
|    iterations         | 29900     |
|    time_elapsed       | 4503      |
|    total_timesteps    | 149500    |
| train/                |           |
|    entropy_loss       | 1.29      |
|    explained_variance | -1.19e-07 |
|    learning_rate      | 0.0007    |
|    n_updates          | 29899     |
|    policy_loss        | -3.56e+03 |
|    reward             | 825.5203  |
|    std                | 0.127     |
|    value_loss         | 7.39e+06  |
-------------------------------------
EPISODE:  151
-------------------------------------
| time/                 |           |
|    fps                | 33        |
|    iterations         | 30000     |
|    time_elapsed       | 4518      |
|    total_timesteps    | 150000    |
| train/                |           |
|    entropy_loss       | 1.3       |
|    explained_variance | 1.19e-07  |
|    learning_rate      | 0.0007    |
|    n_updates          | 29999     |
|    policy_loss        | -2.98e+03 |
|    reward             | 767.9897  |
|    std                | 0.127     |
|    value_loss         | 6.08e+06  |
-------------------------------------
-------------------------------------
| time/                 |           |
|    fps                | 33        |
|    iterations         | 30100     |
|    time_elapsed       | 4533      |
|    total_timesteps    | 150500    |
| train/                |           |
|    entropy_loss       | 1.33      |
|    explained_variance | 1.79e-07  |
|    learning_rate      | 0.0007    |
|    n_updates          | 30099     |
|    policy_loss        | -2.49e+03 |
|    reward             | 825.5203  |
|    std                | 0.125     |
|    value_loss         | 7.39e+06  |
-------------------------------------
EPISODE:  152
-------------------------------------
| time/                 |           |
|    fps                | 33        |
|    iterations         | 30200     |
|    time_elapsed       | 4548      |
|    total_timesteps    | 151000    |
| train/                |           |
|    entropy_loss       | 1.37      |
|    explained_variance | -2.38e-07 |
|    learning_rate      | 0.0007    |
|    n_updates          | 30199     |
|    policy_loss        | 223       |
|    reward             | 767.9897  |
|    std                | 0.123     |
|    value_loss         | 6.07e+06  |
-------------------------------------
-------------------------------------
| time/                 |           |
|    fps                | 33        |
|    iterations         | 30300     |
|    time_elapsed       | 4563      |
|    total_timesteps    | 151500    |
| train/                |           |
|    entropy_loss       | 1.38      |
|    explained_variance | 1.19e-07  |
|    learning_rate      | 0.0007    |
|    n_updates          | 30299     |
|    policy_loss        | -2.28e+03 |
|    reward             | 825.5203  |
|    std                | 0.122     |
|    value_loss         | 7.39e+06  |
-------------------------------------
EPISODE:  153
-------------------------------------
| time/                 |           |
|    fps                | 33        |
|    iterations         | 30400     |
|    time_elapsed       | 4579      |
|    total_timesteps    | 152000    |
| train/                |           |
|    entropy_loss       | 1.4       |
|    explained_variance | 1.19e-07  |
|    learning_rate      | 0.0007    |
|    n_updates          | 30399     |
|    policy_loss        | -3.05e+03 |
|    reward             | 767.9897  |
|    std                | 0.12      |
|    value_loss         | 6.07e+06  |
-------------------------------------
-------------------------------------
| time/                 |           |
|    fps                | 33        |
|    iterations         | 30500     |
|    time_elapsed       | 4594      |
|    total_timesteps    | 152500    |
| train/                |           |
|    entropy_loss       | 1.43      |
|    explained_variance | 1.19e-07  |
|    learning_rate      | 0.0007    |
|    n_updates          | 30499     |
|    policy_loss        | -4.37e+03 |
|    reward             | 825.5203  |
|    std                | 0.119     |
|    value_loss         | 7.39e+06  |
-------------------------------------
EPISODE:  154
-------------------------------------
| time/                 |           |
|    fps                | 33        |
|    iterations         | 30600     |
|    time_elapsed       | 4609      |
|    total_timesteps    | 153000    |
| train/                |           |
|    entropy_loss       | 1.43      |
|    explained_variance | -1.19e-07 |
|    learning_rate      | 0.0007    |
|    n_updates          | 30599     |
|    policy_loss        | -4.99e+03 |
|    reward             | 767.9897  |
|    std                | 0.118     |
|    value_loss         | 6.07e+06  |
-------------------------------------
-------------------------------------
| time/                 |           |
|    fps                | 33        |
|    iterations         | 30700     |
|    time_elapsed       | 4624      |
|    total_timesteps    | 153500    |
| train/                |           |
|    entropy_loss       | 1.46      |
|    explained_variance | -2.38e-07 |
|    learning_rate      | 0.0007    |
|    n_updates          | 30699     |
|    policy_loss        | -3.07e+03 |
|    reward             | 825.5203  |
|    std                | 0.117     |
|    value_loss         | 7.38e+06  |
-------------------------------------
EPISODE:  155
-------------------------------------
| time/                 |           |
|    fps                | 33        |
|    iterations         | 30800     |
|    time_elapsed       | 4639      |
|    total_timesteps    | 154000    |
| train/                |           |
|    entropy_loss       | 1.49      |
|    explained_variance | 0         |
|    learning_rate      | 0.0007    |
|    n_updates          | 30799     |
|    policy_loss        | -4.15e+03 |
|    reward             | 767.9897  |
|    std                | 0.115     |
|    value_loss         | 6.07e+06  |
-------------------------------------
-------------------------------------
| time/                 |           |
|    fps                | 33        |
|    iterations         | 30900     |
|    time_elapsed       | 4654      |
|    total_timesteps    | 154500    |
| train/                |           |
|    entropy_loss       | 1.51      |
|    explained_variance | 0         |
|    learning_rate      | 0.0007    |
|    n_updates          | 30899     |
|    policy_loss        | -3.67e+03 |
|    reward             | 825.5203  |
|    std                | 0.114     |
|    value_loss         | 7.38e+06  |
-------------------------------------
EPISODE:  156
-------------------------------------
| time/                 |           |
|    fps                | 33        |
|    iterations         | 31000     |
|    time_elapsed       | 4669      |
|    total_timesteps    | 155000    |
| train/                |           |
|    entropy_loss       | 1.53      |
|    explained_variance | 0         |
|    learning_rate      | 0.0007    |
|    n_updates          | 30999     |
|    policy_loss        | -3.53e+03 |
|    reward             | 767.9897  |
|    std                | 0.113     |
|    value_loss         | 6.07e+06  |
-------------------------------------
-------------------------------------
| time/                 |           |
|    fps                | 33        |
|    iterations         | 31100     |
|    time_elapsed       | 4684      |
|    total_timesteps    | 155500    |
| train/                |           |
|    entropy_loss       | 1.56      |
|    explained_variance | 0         |
|    learning_rate      | 0.0007    |
|    n_updates          | 31099     |
|    policy_loss        | -5.23e+03 |
|    reward             | 825.5203  |
|    std                | 0.111     |
|    value_loss         | 7.38e+06  |
-------------------------------------
EPISODE:  157
------------------------------------
| time/                 |          |
|    fps                | 33       |
|    iterations         | 31200    |
|    time_elapsed       | 4699     |
|    total_timesteps    | 156000   |
| train/                |          |
|    entropy_loss       | 1.57     |
|    explained_variance | 2.38e-07 |
|    learning_rate      | 0.0007   |
|    n_updates          | 31199    |
|    policy_loss        | -653     |
|    reward             | 767.9897 |
|    std                | 0.11     |
|    value_loss         | 6.07e+06 |
------------------------------------
-------------------------------------
| time/                 |           |
|    fps                | 33        |
|    iterations         | 31300     |
|    time_elapsed       | 4714      |
|    total_timesteps    | 156500    |
| train/                |           |
|    entropy_loss       | 1.6       |
|    explained_variance | 0         |
|    learning_rate      | 0.0007    |
|    n_updates          | 31299     |
|    policy_loss        | -3.06e+03 |
|    reward             | 825.5203  |
|    std                | 0.109     |
|    value_loss         | 7.38e+06  |
-------------------------------------
EPISODE:  158
------------------------------------
| time/                 |          |
|    fps                | 33       |
|    iterations         | 31400    |
|    time_elapsed       | 4729     |
|    total_timesteps    | 157000   |
| train/                |          |
|    entropy_loss       | 1.62     |
|    explained_variance | 0        |
|    learning_rate      | 0.0007   |
|    n_updates          | 31399    |
|    policy_loss        | 843      |
|    reward             | 767.9897 |
|    std                | 0.108    |
|    value_loss         | 6.07e+06 |
------------------------------------
-------------------------------------
| time/                 |           |
|    fps                | 33        |
|    iterations         | 31500     |
|    time_elapsed       | 4744      |
|    total_timesteps    | 157500    |
| train/                |           |
|    entropy_loss       | 1.64      |
|    explained_variance | -2.38e-07 |
|    learning_rate      | 0.0007    |
|    n_updates          | 31499     |
|    policy_loss        | -4.09e+03 |
|    reward             | 825.5203  |
|    std                | 0.107     |
|    value_loss         | 7.38e+06  |
-------------------------------------
EPISODE:  159
-------------------------------------
| time/                 |           |
|    fps                | 33        |
|    iterations         | 31600     |
|    time_elapsed       | 4760      |
|    total_timesteps    | 158000    |
| train/                |           |
|    entropy_loss       | 1.66      |
|    explained_variance | 0         |
|    learning_rate      | 0.0007    |
|    n_updates          | 31599     |
|    policy_loss        | -3.72e+03 |
|    reward             | 767.9897  |
|    std                | 0.106     |
|    value_loss         | 6.07e+06  |
-------------------------------------
-------------------------------------
| time/                 |           |
|    fps                | 33        |
|    iterations         | 31700     |
|    time_elapsed       | 4775      |
|    total_timesteps    | 158500    |
| train/                |           |
|    entropy_loss       | 1.7       |
|    explained_variance | -1.19e-07 |
|    learning_rate      | 0.0007    |
|    n_updates          | 31699     |
|    policy_loss        | -3.71e+03 |
|    reward             | 825.5203  |
|    std                | 0.104     |
|    value_loss         | 7.38e+06  |
-------------------------------------
EPISODE:  160
-------------------------------------
| time/                 |           |
|    fps                | 33        |
|    iterations         | 31800     |
|    time_elapsed       | 4790      |
|    total_timesteps    | 159000    |
| train/                |           |
|    entropy_loss       | 1.72      |
|    explained_variance | 0         |
|    learning_rate      | 0.0007    |
|    n_updates          | 31799     |
|    policy_loss        | -4.39e+03 |
|    reward             | 767.9897  |
|    std                | 0.103     |
|    value_loss         | 6.06e+06  |
-------------------------------------
-------------------------------------
| time/                 |           |
|    fps                | 33        |
|    iterations         | 31900     |
|    time_elapsed       | 4805      |
|    total_timesteps    | 159500    |
| train/                |           |
|    entropy_loss       | 1.74      |
|    explained_variance | 0         |
|    learning_rate      | 0.0007    |
|    n_updates          | 31899     |
|    policy_loss        | -4.34e+03 |
|    reward             | 825.5203  |
|    std                | 0.101     |
|    value_loss         | 7.38e+06  |
-------------------------------------
EPISODE:  161
-------------------------------------
| time/                 |           |
|    fps                | 33        |
|    iterations         | 32000     |
|    time_elapsed       | 4820      |
|    total_timesteps    | 160000    |
| train/                |           |
|    entropy_loss       | 1.77      |
|    explained_variance | -2.38e-07 |
|    learning_rate      | 0.0007    |
|    n_updates          | 31999     |
|    policy_loss        | -4.59e+03 |
|    reward             | 767.9897  |
|    std                | 0.1       |
|    value_loss         | 6.06e+06  |
-------------------------------------
-------------------------------------
| time/                 |           |
|    fps                | 33        |
|    iterations         | 32100     |
|    time_elapsed       | 4835      |
|    total_timesteps    | 160500    |
| train/                |           |
|    entropy_loss       | 1.8       |
|    explained_variance | 0         |
|    learning_rate      | 0.0007    |
|    n_updates          | 32099     |
|    policy_loss        | -5.46e+03 |
|    reward             | 825.5203  |
|    std                | 0.0985    |
|    value_loss         | 7.38e+06  |
-------------------------------------
EPISODE:  162
-------------------------------------
| time/                 |           |
|    fps                | 33        |
|    iterations         | 32200     |
|    time_elapsed       | 4850      |
|    total_timesteps    | 161000    |
| train/                |           |
|    entropy_loss       | 1.84      |
|    explained_variance | 1.19e-07  |
|    learning_rate      | 0.0007    |
|    n_updates          | 32199     |
|    policy_loss        | -4.04e+03 |
|    reward             | 767.9897  |
|    std                | 0.0968    |
|    value_loss         | 6.06e+06  |
-------------------------------------
-------------------------------------
| time/                 |           |
|    fps                | 33        |
|    iterations         | 32300     |
|    time_elapsed       | 4865      |
|    total_timesteps    | 161500    |
| train/                |           |
|    entropy_loss       | 1.85      |
|    explained_variance | 0         |
|    learning_rate      | 0.0007    |
|    n_updates          | 32299     |
|    policy_loss        | -4.58e+03 |
|    reward             | 825.5203  |
|    std                | 0.096     |
|    value_loss         | 7.37e+06  |
-------------------------------------
EPISODE:  163
-------------------------------------
| time/                 |           |
|    fps                | 33        |
|    iterations         | 32400     |
|    time_elapsed       | 4880      |
|    total_timesteps    | 162000    |
| train/                |           |
|    entropy_loss       | 1.89      |
|    explained_variance | 0         |
|    learning_rate      | 0.0007    |
|    n_updates          | 32399     |
|    policy_loss        | -3.55e+03 |
|    reward             | 767.9897  |
|    std                | 0.0943    |
|    value_loss         | 6.06e+06  |
-------------------------------------
-------------------------------------
| time/                 |           |
|    fps                | 33        |
|    iterations         | 32500     |
|    time_elapsed       | 4895      |
|    total_timesteps    | 162500    |
| train/                |           |
|    entropy_loss       | 1.92      |
|    explained_variance | 0         |
|    learning_rate      | 0.0007    |
|    n_updates          | 32499     |
|    policy_loss        | -4.38e+03 |
|    reward             | 825.5203  |
|    std                | 0.0927    |
|    value_loss         | 7.37e+06  |
-------------------------------------
EPISODE:  164
-------------------------------------
| time/                 |           |
|    fps                | 33        |
|    iterations         | 32600     |
|    time_elapsed       | 4910      |
|    total_timesteps    | 163000    |
| train/                |           |
|    entropy_loss       | 1.91      |
|    explained_variance | 2.38e-07  |
|    learning_rate      | 0.0007    |
|    n_updates          | 32599     |
|    policy_loss        | -5.19e+03 |
|    reward             | 767.9897  |
|    std                | 0.0931    |
|    value_loss         | 6.06e+06  |
-------------------------------------
-------------------------------------
| time/                 |           |
|    fps                | 33        |
|    iterations         | 32700     |
|    time_elapsed       | 4925      |
|    total_timesteps    | 163500    |
| train/                |           |
|    entropy_loss       | 1.94      |
|    explained_variance | 0         |
|    learning_rate      | 0.0007    |
|    n_updates          | 32699     |
|    policy_loss        | -5.83e+03 |
|    reward             | 825.5203  |
|    std                | 0.0918    |
|    value_loss         | 7.37e+06  |
-------------------------------------
EPISODE:  165
-------------------------------------
| time/                 |           |
|    fps                | 33        |
|    iterations         | 32800     |
|    time_elapsed       | 4940      |
|    total_timesteps    | 164000    |
| train/                |           |
|    entropy_loss       | 1.96      |
|    explained_variance | 2.38e-07  |
|    learning_rate      | 0.0007    |
|    n_updates          | 32799     |
|    policy_loss        | -3.41e+03 |
|    reward             | 767.9897  |
|    std                | 0.0912    |
|    value_loss         | 6.06e+06  |
-------------------------------------
-------------------------------------
| time/                 |           |
|    fps                | 33        |
|    iterations         | 32900     |
|    time_elapsed       | 4955      |
|    total_timesteps    | 164500    |
| train/                |           |
|    entropy_loss       | 1.97      |
|    explained_variance | -1.19e-07 |
|    learning_rate      | 0.0007    |
|    n_updates          | 32899     |
|    policy_loss        | -5.08e+03 |
|    reward             | 825.5203  |
|    std                | 0.0905    |
|    value_loss         | 7.37e+06  |
-------------------------------------
EPISODE:  166
-------------------------------------
| time/                 |           |
|    fps                | 33        |
|    iterations         | 33000     |
|    time_elapsed       | 4970      |
|    total_timesteps    | 165000    |
| train/                |           |
|    entropy_loss       | 2         |
|    explained_variance | -1.19e-07 |
|    learning_rate      | 0.0007    |
|    n_updates          | 32999     |
|    policy_loss        | -6.22e+03 |
|    reward             | 767.9897  |
|    std                | 0.0891    |
|    value_loss         | 6.06e+06  |
-------------------------------------
-------------------------------------
| time/                 |           |
|    fps                | 33        |
|    iterations         | 33100     |
|    time_elapsed       | 4985      |
|    total_timesteps    | 165500    |
| train/                |           |
|    entropy_loss       | 2.02      |
|    explained_variance | -1.19e-07 |
|    learning_rate      | 0.0007    |
|    n_updates          | 33099     |
|    policy_loss        | -6.3e+03  |
|    reward             | 825.5203  |
|    std                | 0.0884    |
|    value_loss         | 7.37e+06  |
-------------------------------------
EPISODE:  167
------------------------------------
| time/                 |          |
|    fps                | 33       |
|    iterations         | 33200    |
|    time_elapsed       | 5000     |
|    total_timesteps    | 166000   |
| train/                |          |
|    entropy_loss       | 2.04     |
|    explained_variance | 0        |
|    learning_rate      | 0.0007   |
|    n_updates          | 33199    |
|    policy_loss        | 1.13e+03 |
|    reward             | 767.9897 |
|    std                | 0.0876   |
|    value_loss         | 6.06e+06 |
------------------------------------
-------------------------------------
| time/                 |           |
|    fps                | 33        |
|    iterations         | 33300     |
|    time_elapsed       | 5015      |
|    total_timesteps    | 166500    |
| train/                |           |
|    entropy_loss       | 2.04      |
|    explained_variance | 0         |
|    learning_rate      | 0.0007    |
|    n_updates          | 33299     |
|    policy_loss        | -4.73e+03 |
|    reward             | 825.5203  |
|    std                | 0.0873    |
|    value_loss         | 7.37e+06  |
-------------------------------------
EPISODE:  168
-------------------------------------
| time/                 |           |
|    fps                | 33        |
|    iterations         | 33400     |
|    time_elapsed       | 5030      |
|    total_timesteps    | 167000    |
| train/                |           |
|    entropy_loss       | 2.06      |
|    explained_variance | 1.19e-07  |
|    learning_rate      | 0.0007    |
|    n_updates          | 33399     |
|    policy_loss        | -5.66e+03 |
|    reward             | 767.9897  |
|    std                | 0.0866    |
|    value_loss         | 6.05e+06  |
-------------------------------------
-------------------------------------
| time/                 |           |
|    fps                | 33        |
|    iterations         | 33500     |
|    time_elapsed       | 5046      |
|    total_timesteps    | 167500    |
| train/                |           |
|    entropy_loss       | 2.07      |
|    explained_variance | 0         |
|    learning_rate      | 0.0007    |
|    n_updates          | 33499     |
|    policy_loss        | -5.09e+03 |
|    reward             | 825.5203  |
|    std                | 0.086     |
|    value_loss         | 7.37e+06  |
-------------------------------------
EPISODE:  169
-------------------------------------
| time/                 |           |
|    fps                | 33        |
|    iterations         | 33600     |
|    time_elapsed       | 5061      |
|    total_timesteps    | 168000    |
| train/                |           |
|    entropy_loss       | 2.08      |
|    explained_variance | 0         |
|    learning_rate      | 0.0007    |
|    n_updates          | 33599     |
|    policy_loss        | -4.03e+03 |
|    reward             | 767.9897  |
|    std                | 0.0856    |
|    value_loss         | 6.05e+06  |
-------------------------------------
-------------------------------------
| time/                 |           |
|    fps                | 33        |
|    iterations         | 33700     |
|    time_elapsed       | 5076      |
|    total_timesteps    | 168500    |
| train/                |           |
|    entropy_loss       | 2.1       |
|    explained_variance | -1.19e-07 |
|    learning_rate      | 0.0007    |
|    n_updates          | 33699     |
|    policy_loss        | -6.08e+03 |
|    reward             | 825.5203  |
|    std                | 0.0848    |
|    value_loss         | 7.37e+06  |
-------------------------------------
EPISODE:  170
-------------------------------------
| time/                 |           |
|    fps                | 33        |
|    iterations         | 33800     |
|    time_elapsed       | 5091      |
|    total_timesteps    | 169000    |
| train/                |           |
|    entropy_loss       | 2.13      |
|    explained_variance | 0         |
|    learning_rate      | 0.0007    |
|    n_updates          | 33799     |
|    policy_loss        | -5.48e+03 |
|    reward             | 767.9897  |
|    std                | 0.0836    |
|    value_loss         | 6.05e+06  |
-------------------------------------
-------------------------------------
| time/                 |           |
|    fps                | 33        |
|    iterations         | 33900     |
|    time_elapsed       | 5106      |
|    total_timesteps    | 169500    |
| train/                |           |
|    entropy_loss       | 2.16      |
|    explained_variance | 1.19e-07  |
|    learning_rate      | 0.0007    |
|    n_updates          | 33899     |
|    policy_loss        | -5.34e+03 |
|    reward             | 825.5203  |
|    std                | 0.0826    |
|    value_loss         | 7.36e+06  |
-------------------------------------
EPISODE:  171
-------------------------------------
| time/                 |           |
|    fps                | 33        |
|    iterations         | 34000     |
|    time_elapsed       | 5121      |
|    total_timesteps    | 170000    |
| train/                |           |
|    entropy_loss       | 2.18      |
|    explained_variance | 1.19e-07  |
|    learning_rate      | 0.0007    |
|    n_updates          | 33999     |
|    policy_loss        | -5.18e+03 |
|    reward             | 767.9897  |
|    std                | 0.0815    |
|    value_loss         | 6.05e+06  |
-------------------------------------
-------------------------------------
| time/                 |           |
|    fps                | 33        |
|    iterations         | 34100     |
|    time_elapsed       | 5136      |
|    total_timesteps    | 170500    |
| train/                |           |
|    entropy_loss       | 2.2       |
|    explained_variance | 0         |
|    learning_rate      | 0.0007    |
|    n_updates          | 34099     |
|    policy_loss        | -5.55e+03 |
|    reward             | 825.5203  |
|    std                | 0.0807    |
|    value_loss         | 7.36e+06  |
-------------------------------------
EPISODE:  172
-------------------------------------
| time/                 |           |
|    fps                | 33        |
|    iterations         | 34200     |
|    time_elapsed       | 5151      |
|    total_timesteps    | 171000    |
| train/                |           |
|    entropy_loss       | 2.22      |
|    explained_variance | 0         |
|    learning_rate      | 0.0007    |
|    n_updates          | 34199     |
|    policy_loss        | -4.81e+03 |
|    reward             | 767.9897  |
|    std                | 0.0801    |
|    value_loss         | 6.05e+06  |
-------------------------------------
-------------------------------------
| time/                 |           |
|    fps                | 33        |
|    iterations         | 34300     |
|    time_elapsed       | 5166      |
|    total_timesteps    | 171500    |
| train/                |           |
|    entropy_loss       | 2.24      |
|    explained_variance | 0         |
|    learning_rate      | 0.0007    |
|    n_updates          | 34299     |
|    policy_loss        | -5.75e+03 |
|    reward             | 825.5203  |
|    std                | 0.0792    |
|    value_loss         | 7.36e+06  |
-------------------------------------
EPISODE:  173
-------------------------------------
| time/                 |           |
|    fps                | 33        |
|    iterations         | 34400     |
|    time_elapsed       | 5181      |
|    total_timesteps    | 172000    |
| train/                |           |
|    entropy_loss       | 2.28      |
|    explained_variance | -1.19e-07 |
|    learning_rate      | 0.0007    |
|    n_updates          | 34399     |
|    policy_loss        | -5.08e+03 |
|    reward             | 767.9897  |
|    std                | 0.0778    |
|    value_loss         | 6.05e+06  |
-------------------------------------
-------------------------------------
| time/                 |           |
|    fps                | 33        |
|    iterations         | 34500     |
|    time_elapsed       | 5196      |
|    total_timesteps    | 172500    |
| train/                |           |
|    entropy_loss       | 2.28      |
|    explained_variance | 0         |
|    learning_rate      | 0.0007    |
|    n_updates          | 34499     |
|    policy_loss        | -3.74e+03 |
|    reward             | 825.5203  |
|    std                | 0.0778    |
|    value_loss         | 7.36e+06  |
-------------------------------------
EPISODE:  174
-------------------------------------
| time/                 |           |
|    fps                | 33        |
|    iterations         | 34600     |
|    time_elapsed       | 5211      |
|    total_timesteps    | 173000    |
| train/                |           |
|    entropy_loss       | 2.28      |
|    explained_variance | 0         |
|    learning_rate      | 0.0007    |
|    n_updates          | 34599     |
|    policy_loss        | -4.32e+03 |
|    reward             | 767.9897  |
|    std                | 0.0776    |
|    value_loss         | 6.05e+06  |
-------------------------------------
-------------------------------------
| time/                 |           |
|    fps                | 33        |
|    iterations         | 34700     |
|    time_elapsed       | 5226      |
|    total_timesteps    | 173500    |
| train/                |           |
|    entropy_loss       | 2.29      |
|    explained_variance | 1.19e-07  |
|    learning_rate      | 0.0007    |
|    n_updates          | 34699     |
|    policy_loss        | -4.29e+03 |
|    reward             | 825.5203  |
|    std                | 0.0775    |
|    value_loss         | 7.36e+06  |
-------------------------------------
EPISODE:  175
-------------------------------------
| time/                 |           |
|    fps                | 33        |
|    iterations         | 34800     |
|    time_elapsed       | 5241      |
|    total_timesteps    | 174000    |
| train/                |           |
|    entropy_loss       | 2.3       |
|    explained_variance | 0         |
|    learning_rate      | 0.0007    |
|    n_updates          | 34799     |
|    policy_loss        | -6.48e+03 |
|    reward             | 767.9897  |
|    std                | 0.0766    |
|    value_loss         | 6.05e+06  |
-------------------------------------
-------------------------------------
| time/                 |           |
|    fps                | 33        |
|    iterations         | 34900     |
|    time_elapsed       | 5256      |
|    total_timesteps    | 174500    |
| train/                |           |
|    entropy_loss       | 2.32      |
|    explained_variance | 1.19e-07  |
|    learning_rate      | 0.0007    |
|    n_updates          | 34899     |
|    policy_loss        | -4.33e+03 |
|    reward             | 825.5203  |
|    std                | 0.0763    |
|    value_loss         | 7.36e+06  |
-------------------------------------
EPISODE:  176
-------------------------------------
| time/                 |           |
|    fps                | 33        |
|    iterations         | 35000     |
|    time_elapsed       | 5272      |
|    total_timesteps    | 175000    |
| train/                |           |
|    entropy_loss       | 2.32      |
|    explained_variance | -1.19e-07 |
|    learning_rate      | 0.0007    |
|    n_updates          | 34999     |
|    policy_loss        | -4.89e+03 |
|    reward             | 767.9897  |
|    std                | 0.0761    |
|    value_loss         | 6.05e+06  |
-------------------------------------
-------------------------------------
| time/                 |           |
|    fps                | 33        |
|    iterations         | 35100     |
|    time_elapsed       | 5287      |
|    total_timesteps    | 175500    |
| train/                |           |
|    entropy_loss       | 2.34      |
|    explained_variance | -1.19e-07 |
|    learning_rate      | 0.0007    |
|    n_updates          | 35099     |
|    policy_loss        | -7.05e+03 |
|    reward             | 825.5203  |
|    std                | 0.0753    |
|    value_loss         | 7.36e+06  |
-------------------------------------
EPISODE:  177
-------------------------------------
| time/                 |           |
|    fps                | 33        |
|    iterations         | 35200     |
|    time_elapsed       | 5302      |
|    total_timesteps    | 176000    |
| train/                |           |
|    entropy_loss       | 2.36      |
|    explained_variance | 0         |
|    learning_rate      | 0.0007    |
|    n_updates          | 35199     |
|    policy_loss        | -6.62e+03 |
|    reward             | 767.9897  |
|    std                | 0.0744    |
|    value_loss         | 6.04e+06  |
-------------------------------------
-------------------------------------
| time/                 |           |
|    fps                | 33        |
|    iterations         | 35300     |
|    time_elapsed       | 5317      |
|    total_timesteps    | 176500    |
| train/                |           |
|    entropy_loss       | 2.38      |
|    explained_variance | -1.19e-07 |
|    learning_rate      | 0.0007    |
|    n_updates          | 35299     |
|    policy_loss        | -6.95e+03 |
|    reward             | 825.5203  |
|    std                | 0.074     |
|    value_loss         | 7.35e+06  |
-------------------------------------
EPISODE:  178
-------------------------------------
| time/                 |           |
|    fps                | 33        |
|    iterations         | 35400     |
|    time_elapsed       | 5332      |
|    total_timesteps    | 177000    |
| train/                |           |
|    entropy_loss       | 2.41      |
|    explained_variance | 0         |
|    learning_rate      | 0.0007    |
|    n_updates          | 35399     |
|    policy_loss        | -5.83e+03 |
|    reward             | 767.9897  |
|    std                | 0.0728    |
|    value_loss         | 6.04e+06  |
-------------------------------------
-------------------------------------
| time/                 |           |
|    fps                | 33        |
|    iterations         | 35500     |
|    time_elapsed       | 5347      |
|    total_timesteps    | 177500    |
| train/                |           |
|    entropy_loss       | 2.42      |
|    explained_variance | 1.79e-07  |
|    learning_rate      | 0.0007    |
|    n_updates          | 35499     |
|    policy_loss        | -5.97e+03 |
|    reward             | 825.5203  |
|    std                | 0.0724    |
|    value_loss         | 7.35e+06  |
-------------------------------------
EPISODE:  179
------------------------------------
| time/                 |          |
|    fps                | 33       |
|    iterations         | 35600    |
|    time_elapsed       | 5362     |
|    total_timesteps    | 178000   |
| train/                |          |
|    entropy_loss       | 2.46     |
|    explained_variance | 0        |
|    learning_rate      | 0.0007   |
|    n_updates          | 35599    |
|    policy_loss        | -3.6e+03 |
|    reward             | 767.9897 |
|    std                | 0.0711   |
|    value_loss         | 6.04e+06 |
------------------------------------
-------------------------------------
| time/                 |           |
|    fps                | 33        |
|    iterations         | 35700     |
|    time_elapsed       | 5377      |
|    total_timesteps    | 178500    |
| train/                |           |
|    entropy_loss       | 2.47      |
|    explained_variance | -1.19e-07 |
|    learning_rate      | 0.0007    |
|    n_updates          | 35699     |
|    policy_loss        | -6.94e+03 |
|    reward             | 825.5203  |
|    std                | 0.0705    |
|    value_loss         | 7.35e+06  |
-------------------------------------
EPISODE:  180
-------------------------------------
| time/                 |           |
|    fps                | 33        |
|    iterations         | 35800     |
|    time_elapsed       | 5392      |
|    total_timesteps    | 179000    |
| train/                |           |
|    entropy_loss       | 2.5       |
|    explained_variance | 0         |
|    learning_rate      | 0.0007    |
|    n_updates          | 35799     |
|    policy_loss        | -5.54e+03 |
|    reward             | 767.9897  |
|    std                | 0.0696    |
|    value_loss         | 6.04e+06  |
-------------------------------------
-------------------------------------
| time/                 |           |
|    fps                | 33        |
|    iterations         | 35900     |
|    time_elapsed       | 5407      |
|    total_timesteps    | 179500    |
| train/                |           |
|    entropy_loss       | 2.52      |
|    explained_variance | -1.19e-07 |
|    learning_rate      | 0.0007    |
|    n_updates          | 35899     |
|    policy_loss        | -5.46e+03 |
|    reward             | 825.5203  |
|    std                | 0.0689    |
|    value_loss         | 7.35e+06  |
-------------------------------------
EPISODE:  181
-------------------------------------
| time/                 |           |
|    fps                | 33        |
|    iterations         | 36000     |
|    time_elapsed       | 5422      |
|    total_timesteps    | 180000    |
| train/                |           |
|    entropy_loss       | 2.53      |
|    explained_variance | 0         |
|    learning_rate      | 0.0007    |
|    n_updates          | 35999     |
|    policy_loss        | -6.09e+03 |
|    reward             | 767.9897  |
|    std                | 0.0684    |
|    value_loss         | 6.04e+06  |
-------------------------------------
-------------------------------------
| time/                 |           |
|    fps                | 33        |
|    iterations         | 36100     |
|    time_elapsed       | 5438      |
|    total_timesteps    | 180500    |
| train/                |           |
|    entropy_loss       | 2.54      |
|    explained_variance | 0         |
|    learning_rate      | 0.0007    |
|    n_updates          | 36099     |
|    policy_loss        | -6.35e+03 |
|    reward             | 825.5203  |
|    std                | 0.0681    |
|    value_loss         | 7.35e+06  |
-------------------------------------
EPISODE:  182
-------------------------------------
| time/                 |           |
|    fps                | 33        |
|    iterations         | 36200     |
|    time_elapsed       | 5453      |
|    total_timesteps    | 181000    |
| train/                |           |
|    entropy_loss       | 2.57      |
|    explained_variance | 0         |
|    learning_rate      | 0.0007    |
|    n_updates          | 36199     |
|    policy_loss        | -6.38e+03 |
|    reward             | 767.9897  |
|    std                | 0.067     |
|    value_loss         | 6.04e+06  |
-------------------------------------
-------------------------------------
| time/                 |           |
|    fps                | 33        |
|    iterations         | 36300     |
|    time_elapsed       | 5468      |
|    total_timesteps    | 181500    |
| train/                |           |
|    entropy_loss       | 2.61      |
|    explained_variance | 1.19e-07  |
|    learning_rate      | 0.0007    |
|    n_updates          | 36299     |
|    policy_loss        | -6.41e+03 |
|    reward             | 825.5203  |
|    std                | 0.0659    |
|    value_loss         | 7.35e+06  |
-------------------------------------
EPISODE:  183
-------------------------------------
| time/                 |           |
|    fps                | 33        |
|    iterations         | 36400     |
|    time_elapsed       | 5482      |
|    total_timesteps    | 182000    |
| train/                |           |
|    entropy_loss       | 2.62      |
|    explained_variance | 0         |
|    learning_rate      | 0.0007    |
|    n_updates          | 36399     |
|    policy_loss        | -7.45e+03 |
|    reward             | 767.9897  |
|    std                | 0.0652    |
|    value_loss         | 6.04e+06  |
-------------------------------------
-------------------------------------
| time/                 |           |
|    fps                | 33        |
|    iterations         | 36500     |
|    time_elapsed       | 5497      |
|    total_timesteps    | 182500    |
| train/                |           |
|    entropy_loss       | 2.64      |
|    explained_variance | -1.19e-07 |
|    learning_rate      | 0.0007    |
|    n_updates          | 36499     |
|    policy_loss        | -6.64e+03 |
|    reward             | 825.5203  |
|    std                | 0.0648    |
|    value_loss         | 7.35e+06  |
-------------------------------------
EPISODE:  184
-------------------------------------
| time/                 |           |
|    fps                | 33        |
|    iterations         | 36600     |
|    time_elapsed       | 5512      |
|    total_timesteps    | 183000    |
| train/                |           |
|    entropy_loss       | 2.67      |
|    explained_variance | 0         |
|    learning_rate      | 0.0007    |
|    n_updates          | 36599     |
|    policy_loss        | -7.18e+03 |
|    reward             | 767.9897  |
|    std                | 0.064     |
|    value_loss         | 6.04e+06  |
-------------------------------------
-------------------------------------
| time/                 |           |
|    fps                | 33        |
|    iterations         | 36700     |
|    time_elapsed       | 5527      |
|    total_timesteps    | 183500    |
| train/                |           |
|    entropy_loss       | 2.69      |
|    explained_variance | 0         |
|    learning_rate      | 0.0007    |
|    n_updates          | 36699     |
|    policy_loss        | -7.74e+03 |
|    reward             | 825.5203  |
|    std                | 0.0633    |
|    value_loss         | 7.35e+06  |
-------------------------------------
EPISODE:  185
-------------------------------------
| time/                 |           |
|    fps                | 33        |
|    iterations         | 36800     |
|    time_elapsed       | 5542      |
|    total_timesteps    | 184000    |
| train/                |           |
|    entropy_loss       | 2.72      |
|    explained_variance | -1.19e-07 |
|    learning_rate      | 0.0007    |
|    n_updates          | 36799     |
|    policy_loss        | -6.6e+03  |
|    reward             | 767.9897  |
|    std                | 0.0623    |
|    value_loss         | 6.04e+06  |
-------------------------------------
-------------------------------------
| time/                 |           |
|    fps                | 33        |
|    iterations         | 36900     |
|    time_elapsed       | 5557      |
|    total_timesteps    | 184500    |
| train/                |           |
|    entropy_loss       | 2.76      |
|    explained_variance | 0         |
|    learning_rate      | 0.0007    |
|    n_updates          | 36899     |
|    policy_loss        | -5.14e+03 |
|    reward             | 825.5203  |
|    std                | 0.0611    |
|    value_loss         | 7.34e+06  |
-------------------------------------
EPISODE:  186
-------------------------------------
| time/                 |           |
|    fps                | 33        |
|    iterations         | 37000     |
|    time_elapsed       | 5572      |
|    total_timesteps    | 185000    |
| train/                |           |
|    entropy_loss       | 2.78      |
|    explained_variance | 0         |
|    learning_rate      | 0.0007    |
|    n_updates          | 36999     |
|    policy_loss        | -4.82e+03 |
|    reward             | 767.9897  |
|    std                | 0.0606    |
|    value_loss         | 6.03e+06  |
-------------------------------------
-------------------------------------
| time/                 |           |
|    fps                | 33        |
|    iterations         | 37100     |
|    time_elapsed       | 5587      |
|    total_timesteps    | 185500    |
| train/                |           |
|    entropy_loss       | 2.79      |
|    explained_variance | -1.19e-07 |
|    learning_rate      | 0.0007    |
|    n_updates          | 37099     |
|    policy_loss        | -7.12e+03 |
|    reward             | 825.5203  |
|    std                | 0.0601    |
|    value_loss         | 7.34e+06  |
-------------------------------------
EPISODE:  187
-------------------------------------
| time/                 |           |
|    fps                | 33        |
|    iterations         | 37200     |
|    time_elapsed       | 5602      |
|    total_timesteps    | 186000    |
| train/                |           |
|    entropy_loss       | 2.82      |
|    explained_variance | -1.19e-07 |
|    learning_rate      | 0.0007    |
|    n_updates          | 37199     |
|    policy_loss        | -7.34e+03 |
|    reward             | 767.9897  |
|    std                | 0.0595    |
|    value_loss         | 6.03e+06  |
-------------------------------------
-------------------------------------
| time/                 |           |
|    fps                | 33        |
|    iterations         | 37300     |
|    time_elapsed       | 5617      |
|    total_timesteps    | 186500    |
| train/                |           |
|    entropy_loss       | 2.83      |
|    explained_variance | 1.79e-07  |
|    learning_rate      | 0.0007    |
|    n_updates          | 37299     |
|    policy_loss        | -8.18e+03 |
|    reward             | 825.5203  |
|    std                | 0.0591    |
|    value_loss         | 7.34e+06  |
-------------------------------------
EPISODE:  188
-------------------------------------
| time/                 |           |
|    fps                | 33        |
|    iterations         | 37400     |
|    time_elapsed       | 5632      |
|    total_timesteps    | 187000    |
| train/                |           |
|    entropy_loss       | 2.86      |
|    explained_variance | 1.19e-07  |
|    learning_rate      | 0.0007    |
|    n_updates          | 37399     |
|    policy_loss        | -7.39e+03 |
|    reward             | 767.9897  |
|    std                | 0.058     |
|    value_loss         | 6.03e+06  |
-------------------------------------
-------------------------------------
| time/                 |           |
|    fps                | 33        |
|    iterations         | 37500     |
|    time_elapsed       | 5647      |
|    total_timesteps    | 187500    |
| train/                |           |
|    entropy_loss       | 2.87      |
|    explained_variance | 1.19e-07  |
|    learning_rate      | 0.0007    |
|    n_updates          | 37499     |
|    policy_loss        | -6.82e+03 |
|    reward             | 825.5203  |
|    std                | 0.0578    |
|    value_loss         | 7.34e+06  |
-------------------------------------
EPISODE:  189
-------------------------------------
| time/                 |           |
|    fps                | 33        |
|    iterations         | 37600     |
|    time_elapsed       | 5662      |
|    total_timesteps    | 188000    |
| train/                |           |
|    entropy_loss       | 2.9       |
|    explained_variance | 0         |
|    learning_rate      | 0.0007    |
|    n_updates          | 37599     |
|    policy_loss        | -6.69e+03 |
|    reward             | 767.9897  |
|    std                | 0.0571    |
|    value_loss         | 6.03e+06  |
-------------------------------------
-------------------------------------
| time/                 |           |
|    fps                | 33        |
|    iterations         | 37700     |
|    time_elapsed       | 5677      |
|    total_timesteps    | 188500    |
| train/                |           |
|    entropy_loss       | 2.92      |
|    explained_variance | 1.19e-07  |
|    learning_rate      | 0.0007    |
|    n_updates          | 37699     |
|    policy_loss        | -8.01e+03 |
|    reward             | 825.5203  |
|    std                | 0.0565    |
|    value_loss         | 7.34e+06  |
-------------------------------------
EPISODE:  190
-------------------------------------
| time/                 |           |
|    fps                | 33        |
|    iterations         | 37800     |
|    time_elapsed       | 5692      |
|    total_timesteps    | 189000    |
| train/                |           |
|    entropy_loss       | 2.92      |
|    explained_variance | 0         |
|    learning_rate      | 0.0007    |
|    n_updates          | 37799     |
|    policy_loss        | -5.71e+03 |
|    reward             | 767.9897  |
|    std                | 0.0564    |
|    value_loss         | 6.03e+06  |
-------------------------------------
-------------------------------------
| time/                 |           |
|    fps                | 33        |
|    iterations         | 37900     |
|    time_elapsed       | 5707      |
|    total_timesteps    | 189500    |
| train/                |           |
|    entropy_loss       | 2.95      |
|    explained_variance | -1.19e-07 |
|    learning_rate      | 0.0007    |
|    n_updates          | 37899     |
|    policy_loss        | -6.57e+03 |
|    reward             | 825.5203  |
|    std                | 0.0557    |
|    value_loss         | 7.34e+06  |
-------------------------------------
EPISODE:  191
-------------------------------------
| time/                 |           |
|    fps                | 33        |
|    iterations         | 38000     |
|    time_elapsed       | 5722      |
|    total_timesteps    | 190000    |
| train/                |           |
|    entropy_loss       | 2.96      |
|    explained_variance | 0         |
|    learning_rate      | 0.0007    |
|    n_updates          | 37999     |
|    policy_loss        | -7.88e+03 |
|    reward             | 767.9897  |
|    std                | 0.0554    |
|    value_loss         | 6.03e+06  |
-------------------------------------
-------------------------------------
| time/                 |           |
|    fps                | 33        |
|    iterations         | 38100     |
|    time_elapsed       | 5737      |
|    total_timesteps    | 190500    |
| train/                |           |
|    entropy_loss       | 2.98      |
|    explained_variance | -2.38e-07 |
|    learning_rate      | 0.0007    |
|    n_updates          | 38099     |
|    policy_loss        | -8.14e+03 |
|    reward             | 825.5203  |
|    std                | 0.0548    |
|    value_loss         | 7.34e+06  |
-------------------------------------
EPISODE:  192
-------------------------------------
| time/                 |           |
|    fps                | 33        |
|    iterations         | 38200     |
|    time_elapsed       | 5752      |
|    total_timesteps    | 191000    |
| train/                |           |
|    entropy_loss       | 2.98      |
|    explained_variance | 0         |
|    learning_rate      | 0.0007    |
|    n_updates          | 38199     |
|    policy_loss        | -7.33e+03 |
|    reward             | 767.9897  |
|    std                | 0.0548    |
|    value_loss         | 6.03e+06  |
-------------------------------------
-------------------------------------
| time/                 |           |
|    fps                | 33        |
|    iterations         | 38300     |
|    time_elapsed       | 5767      |
|    total_timesteps    | 191500    |
| train/                |           |
|    entropy_loss       | 3         |
|    explained_variance | 0         |
|    learning_rate      | 0.0007    |
|    n_updates          | 38299     |
|    policy_loss        | -8.68e+03 |
|    reward             | 825.5203  |
|    std                | 0.0541    |
|    value_loss         | 7.34e+06  |
-------------------------------------
EPISODE:  193
-------------------------------------
| time/                 |           |
|    fps                | 33        |
|    iterations         | 38400     |
|    time_elapsed       | 5782      |
|    total_timesteps    | 192000    |
| train/                |           |
|    entropy_loss       | 3.03      |
|    explained_variance | 0         |
|    learning_rate      | 0.0007    |
|    n_updates          | 38399     |
|    policy_loss        | -6.51e+03 |
|    reward             | 767.9897  |
|    std                | 0.0534    |
|    value_loss         | 6.03e+06  |
-------------------------------------
-------------------------------------
| time/                 |           |
|    fps                | 33        |
|    iterations         | 38500     |
|    time_elapsed       | 5797      |
|    total_timesteps    | 192500    |
| train/                |           |
|    entropy_loss       | 3.05      |
|    explained_variance | 0         |
|    learning_rate      | 0.0007    |
|    n_updates          | 38499     |
|    policy_loss        | -7.34e+03 |
|    reward             | 825.5203  |
|    std                | 0.053     |
|    value_loss         | 7.33e+06  |
-------------------------------------
EPISODE:  194
-------------------------------------
| time/                 |           |
|    fps                | 33        |
|    iterations         | 38600     |
|    time_elapsed       | 5812      |
|    total_timesteps    | 193000    |
| train/                |           |
|    entropy_loss       | 3.07      |
|    explained_variance | 0         |
|    learning_rate      | 0.0007    |
|    n_updates          | 38599     |
|    policy_loss        | -6.24e+03 |
|    reward             | 767.9897  |
|    std                | 0.0526    |
|    value_loss         | 6.03e+06  |
-------------------------------------
-------------------------------------
| time/                 |           |
|    fps                | 33        |
|    iterations         | 38700     |
|    time_elapsed       | 5827      |
|    total_timesteps    | 193500    |
| train/                |           |
|    entropy_loss       | 3.09      |
|    explained_variance | 0         |
|    learning_rate      | 0.0007    |
|    n_updates          | 38699     |
|    policy_loss        | -7.65e+03 |
|    reward             | 825.5203  |
|    std                | 0.052     |
|    value_loss         | 7.33e+06  |
-------------------------------------
EPISODE:  195
-------------------------------------
| time/                 |           |
|    fps                | 33        |
|    iterations         | 38800     |
|    time_elapsed       | 5842      |
|    total_timesteps    | 194000    |
| train/                |           |
|    entropy_loss       | 3.13      |
|    explained_variance | -1.19e-07 |
|    learning_rate      | 0.0007    |
|    n_updates          | 38799     |
|    policy_loss        | -7.43e+03 |
|    reward             | 767.9897  |
|    std                | 0.0509    |
|    value_loss         | 6.02e+06  |
-------------------------------------
-------------------------------------
| time/                 |           |
|    fps                | 33        |
|    iterations         | 38900     |
|    time_elapsed       | 5857      |
|    total_timesteps    | 194500    |
| train/                |           |
|    entropy_loss       | 3.15      |
|    explained_variance | 0         |
|    learning_rate      | 0.0007    |
|    n_updates          | 38899     |
|    policy_loss        | -9.23e+03 |
|    reward             | 825.5203  |
|    std                | 0.0504    |
|    value_loss         | 7.33e+06  |
-------------------------------------
EPISODE:  196
-------------------------------------
| time/                 |           |
|    fps                | 33        |
|    iterations         | 39000     |
|    time_elapsed       | 5873      |
|    total_timesteps    | 195000    |
| train/                |           |
|    entropy_loss       | 3.17      |
|    explained_variance | 0         |
|    learning_rate      | 0.0007    |
|    n_updates          | 38999     |
|    policy_loss        | -7.79e+03 |
|    reward             | 767.9897  |
|    std                | 0.0499    |
|    value_loss         | 6.02e+06  |
-------------------------------------
-------------------------------------
| time/                 |           |
|    fps                | 33        |
|    iterations         | 39100     |
|    time_elapsed       | 5888      |
|    total_timesteps    | 195500    |
| train/                |           |
|    entropy_loss       | 3.2       |
|    explained_variance | 0         |
|    learning_rate      | 0.0007    |
|    n_updates          | 39099     |
|    policy_loss        | -6.54e+03 |
|    reward             | 825.5203  |
|    std                | 0.0492    |
|    value_loss         | 7.33e+06  |
-------------------------------------
EPISODE:  197
-------------------------------------
| time/                 |           |
|    fps                | 33        |
|    iterations         | 39200     |
|    time_elapsed       | 5903      |
|    total_timesteps    | 196000    |
| train/                |           |
|    entropy_loss       | 3.21      |
|    explained_variance | -2.38e-07 |
|    learning_rate      | 0.0007    |
|    n_updates          | 39199     |
|    policy_loss        | -6.95e+03 |
|    reward             | 767.9897  |
|    std                | 0.0489    |
|    value_loss         | 6.02e+06  |
-------------------------------------
-------------------------------------
| time/                 |           |
|    fps                | 33        |
|    iterations         | 39300     |
|    time_elapsed       | 5918      |
|    total_timesteps    | 196500    |
| train/                |           |
|    entropy_loss       | 3.24      |
|    explained_variance | 0         |
|    learning_rate      | 0.0007    |
|    n_updates          | 39299     |
|    policy_loss        | -7.08e+03 |
|    reward             | 825.5203  |
|    std                | 0.0482    |
|    value_loss         | 7.33e+06  |
-------------------------------------
EPISODE:  198
-------------------------------------
| time/                 |           |
|    fps                | 33        |
|    iterations         | 39400     |
|    time_elapsed       | 5933      |
|    total_timesteps    | 197000    |
| train/                |           |
|    entropy_loss       | 3.26      |
|    explained_variance | 0         |
|    learning_rate      | 0.0007    |
|    n_updates          | 39399     |
|    policy_loss        | -7.16e+03 |
|    reward             | 767.9897  |
|    std                | 0.0477    |
|    value_loss         | 6.02e+06  |
-------------------------------------
-------------------------------------
| time/                 |           |
|    fps                | 33        |
|    iterations         | 39500     |
|    time_elapsed       | 5948      |
|    total_timesteps    | 197500    |
| train/                |           |
|    entropy_loss       | 3.3       |
|    explained_variance | 1.19e-07  |
|    learning_rate      | 0.0007    |
|    n_updates          | 39499     |
|    policy_loss        | -8.59e+03 |
|    reward             | 825.5203  |
|    std                | 0.0468    |
|    value_loss         | 7.33e+06  |
-------------------------------------
EPISODE:  199
-------------------------------------
| time/                 |           |
|    fps                | 33        |
|    iterations         | 39600     |
|    time_elapsed       | 5963      |
|    total_timesteps    | 198000    |
| train/                |           |
|    entropy_loss       | 3.32      |
|    explained_variance | -2.38e-07 |
|    learning_rate      | 0.0007    |
|    n_updates          | 39599     |
|    policy_loss        | -8.2e+03  |
|    reward             | 767.9897  |
|    std                | 0.0462    |
|    value_loss         | 6.02e+06  |
-------------------------------------
-------------------------------------
| time/                 |           |
|    fps                | 33        |
|    iterations         | 39700     |
|    time_elapsed       | 5978      |
|    total_timesteps    | 198500    |
| train/                |           |
|    entropy_loss       | 3.35      |
|    explained_variance | 0         |
|    learning_rate      | 0.0007    |
|    n_updates          | 39699     |
|    policy_loss        | -9.03e+03 |
|    reward             | 825.5203  |
|    std                | 0.0456    |
|    value_loss         | 7.33e+06  |
-------------------------------------
EPISODE:  200
-------------------------------------
| time/                 |           |
|    fps                | 33        |
|    iterations         | 39800     |
|    time_elapsed       | 5993      |
|    total_timesteps    | 199000    |
| train/                |           |
|    entropy_loss       | 3.37      |
|    explained_variance | 0         |
|    learning_rate      | 0.0007    |
|    n_updates          | 39799     |
|    policy_loss        | -7.79e+03 |
|    reward             | 767.9897  |
|    std                | 0.0451    |
|    value_loss         | 6.02e+06  |
-------------------------------------
-------------------------------------
| time/                 |           |
|    fps                | 33        |
|    iterations         | 39900     |
|    time_elapsed       | 6008      |
|    total_timesteps    | 199500    |
| train/                |           |
|    entropy_loss       | 3.41      |
|    explained_variance | -1.19e-07 |
|    learning_rate      | 0.0007    |
|    n_updates          | 39899     |
|    policy_loss        | -8.34e+03 |
|    reward             | 825.5203  |
|    std                | 0.0444    |
|    value_loss         | 7.33e+06  |
-------------------------------------
EPISODE:  201
-------------------------------------
| time/                 |           |
|    fps                | 33        |
|    iterations         | 40000     |
|    time_elapsed       | 6023      |
|    total_timesteps    | 200000    |
| train/                |           |
|    entropy_loss       | 3.42      |
|    explained_variance | 0         |
|    learning_rate      | 0.0007    |
|    n_updates          | 39999     |
|    policy_loss        | -8.53e+03 |
|    reward             | 767.9897  |
|    std                | 0.0441    |
|    value_loss         | 6.02e+06  |
-------------------------------------
-------------------------------------
| time/                 |           |
|    fps                | 33        |
|    iterations         | 40100     |
|    time_elapsed       | 6038      |
|    total_timesteps    | 200500    |
| train/                |           |
|    entropy_loss       | 3.45      |
|    explained_variance | 0         |
|    learning_rate      | 0.0007    |
|    n_updates          | 40099     |
|    policy_loss        | -8.79e+03 |
|    reward             | 825.5203  |
|    std                | 0.0435    |
|    value_loss         | 7.33e+06  |
-------------------------------------
EPISODE:  202
-------------------------------------
| time/                 |           |
|    fps                | 33        |
|    iterations         | 40200     |
|    time_elapsed       | 6053      |
|    total_timesteps    | 201000    |
| train/                |           |
|    entropy_loss       | 3.46      |
|    explained_variance | 1.19e-07  |
|    learning_rate      | 0.0007    |
|    n_updates          | 40199     |
|    policy_loss        | -7.07e+03 |
|    reward             | 767.9897  |
|    std                | 0.0431    |
|    value_loss         | 6.02e+06  |
-------------------------------------
-------------------------------------
| time/                 |           |
|    fps                | 33        |
|    iterations         | 40300     |
|    time_elapsed       | 6068      |
|    total_timesteps    | 201500    |
| train/                |           |
|    entropy_loss       | 3.47      |
|    explained_variance | 0         |
|    learning_rate      | 0.0007    |
|    n_updates          | 40299     |
|    policy_loss        | -6.72e+03 |
|    reward             | 825.5203  |
|    std                | 0.0429    |
|    value_loss         | 7.32e+06  |
-------------------------------------
EPISODE:  203
-------------------------------------
| time/                 |           |
|    fps                | 33        |
|    iterations         | 40400     |
|    time_elapsed       | 6083      |
|    total_timesteps    | 202000    |
| train/                |           |
|    entropy_loss       | 3.49      |
|    explained_variance | 0         |
|    learning_rate      | 0.0007    |
|    n_updates          | 40399     |
|    policy_loss        | -5.59e+03 |
|    reward             | 767.9897  |
|    std                | 0.0426    |
|    value_loss         | 6.02e+06  |
-------------------------------------
-------------------------------------
| time/                 |           |
|    fps                | 33        |
|    iterations         | 40500     |
|    time_elapsed       | 6098      |
|    total_timesteps    | 202500    |
| train/                |           |
|    entropy_loss       | 3.52      |
|    explained_variance | 0         |
|    learning_rate      | 0.0007    |
|    n_updates          | 40499     |
|    policy_loss        | -9.49e+03 |
|    reward             | 825.5203  |
|    std                | 0.0419    |
|    value_loss         | 7.32e+06  |
-------------------------------------
EPISODE:  204
-------------------------------------
| time/                 |           |
|    fps                | 33        |
|    iterations         | 40600     |
|    time_elapsed       | 6113      |
|    total_timesteps    | 203000    |
| train/                |           |
|    entropy_loss       | 3.52      |
|    explained_variance | 0         |
|    learning_rate      | 0.0007    |
|    n_updates          | 40599     |
|    policy_loss        | -7.58e+03 |
|    reward             | 767.9897  |
|    std                | 0.0419    |
|    value_loss         | 6.01e+06  |
-------------------------------------
-------------------------------------
| time/                 |           |
|    fps                | 33        |
|    iterations         | 40700     |
|    time_elapsed       | 6129      |
|    total_timesteps    | 203500    |
| train/                |           |
|    entropy_loss       | 3.54      |
|    explained_variance | -1.19e-07 |
|    learning_rate      | 0.0007    |
|    n_updates          | 40699     |
|    policy_loss        | -8.34e+03 |
|    reward             | 825.5203  |
|    std                | 0.0415    |
|    value_loss         | 7.32e+06  |
-------------------------------------
EPISODE:  205
-------------------------------------
| time/                 |           |
|    fps                | 33        |
|    iterations         | 40800     |
|    time_elapsed       | 6144      |
|    total_timesteps    | 204000    |
| train/                |           |
|    entropy_loss       | 3.57      |
|    explained_variance | 1.19e-07  |
|    learning_rate      | 0.0007    |
|    n_updates          | 40799     |
|    policy_loss        | -8.08e+03 |
|    reward             | 767.9897  |
|    std                | 0.0409    |
|    value_loss         | 6.01e+06  |
-------------------------------------
-------------------------------------
| time/                 |           |
|    fps                | 33        |
|    iterations         | 40900     |
|    time_elapsed       | 6159      |
|    total_timesteps    | 204500    |
| train/                |           |
|    entropy_loss       | 3.59      |
|    explained_variance | -1.19e-07 |
|    learning_rate      | 0.0007    |
|    n_updates          | 40899     |
|    policy_loss        | -6.64e+03 |
|    reward             | 825.5203  |
|    std                | 0.0406    |
|    value_loss         | 7.32e+06  |
-------------------------------------
EPISODE:  206
-------------------------------------
| time/                 |           |
|    fps                | 33        |
|    iterations         | 41000     |
|    time_elapsed       | 6174      |
|    total_timesteps    | 205000    |
| train/                |           |
|    entropy_loss       | 3.62      |
|    explained_variance | -1.19e-07 |
|    learning_rate      | 0.0007    |
|    n_updates          | 40999     |
|    policy_loss        | -4.14e+03 |
|    reward             | 767.9897  |
|    std                | 0.04      |
|    value_loss         | 6.01e+06  |
-------------------------------------
-------------------------------------
| time/                 |           |
|    fps                | 33        |
|    iterations         | 41100     |
|    time_elapsed       | 6189      |
|    total_timesteps    | 205500    |
| train/                |           |
|    entropy_loss       | 3.63      |
|    explained_variance | 0         |
|    learning_rate      | 0.0007    |
|    n_updates          | 41099     |
|    policy_loss        | -9.17e+03 |
|    reward             | 825.5203  |
|    std                | 0.0397    |
|    value_loss         | 7.32e+06  |
-------------------------------------
EPISODE:  207
-------------------------------------
| time/                 |           |
|    fps                | 33        |
|    iterations         | 41200     |
|    time_elapsed       | 6204      |
|    total_timesteps    | 206000    |
| train/                |           |
|    entropy_loss       | 3.65      |
|    explained_variance | 1.19e-07  |
|    learning_rate      | 0.0007    |
|    n_updates          | 41199     |
|    policy_loss        | -8.31e+03 |
|    reward             | 767.9897  |
|    std                | 0.0393    |
|    value_loss         | 6.01e+06  |
-------------------------------------
-------------------------------------
| time/                 |           |
|    fps                | 33        |
|    iterations         | 41300     |
|    time_elapsed       | 6219      |
|    total_timesteps    | 206500    |
| train/                |           |
|    entropy_loss       | 3.66      |
|    explained_variance | 0         |
|    learning_rate      | 0.0007    |
|    n_updates          | 41299     |
|    policy_loss        | -1.02e+04 |
|    reward             | 825.5203  |
|    std                | 0.0392    |
|    value_loss         | 7.32e+06  |
-------------------------------------
EPISODE:  208
------------------------------------
| time/                 |          |
|    fps                | 33       |
|    iterations         | 41400    |
|    time_elapsed       | 6234     |
|    total_timesteps    | 207000   |
| train/                |          |
|    entropy_loss       | 3.66     |
|    explained_variance | 0        |
|    learning_rate      | 0.0007   |
|    n_updates          | 41399    |
|    policy_loss        | -6.9e+03 |
|    reward             | 767.9897 |
|    std                | 0.0391   |
|    value_loss         | 6.01e+06 |
------------------------------------
-------------------------------------
| time/                 |           |
|    fps                | 33        |
|    iterations         | 41500     |
|    time_elapsed       | 6249      |
|    total_timesteps    | 207500    |
| train/                |           |
|    entropy_loss       | 3.69      |
|    explained_variance | 0         |
|    learning_rate      | 0.0007    |
|    n_updates          | 41499     |
|    policy_loss        | -9.11e+03 |
|    reward             | 825.5203  |
|    std                | 0.0385    |
|    value_loss         | 7.32e+06  |
-------------------------------------
EPISODE:  209
-------------------------------------
| time/                 |           |
|    fps                | 33        |
|    iterations         | 41600     |
|    time_elapsed       | 6264      |
|    total_timesteps    | 208000    |
| train/                |           |
|    entropy_loss       | 3.71      |
|    explained_variance | 0         |
|    learning_rate      | 0.0007    |
|    n_updates          | 41599     |
|    policy_loss        | -6.51e+03 |
|    reward             | 767.9897  |
|    std                | 0.0381    |
|    value_loss         | 6.01e+06  |
-------------------------------------
-------------------------------------
| time/                 |           |
|    fps                | 33        |
|    iterations         | 41700     |
|    time_elapsed       | 6279      |
|    total_timesteps    | 208500    |
| train/                |           |
|    entropy_loss       | 3.72      |
|    explained_variance | 0         |
|    learning_rate      | 0.0007    |
|    n_updates          | 41699     |
|    policy_loss        | -7.92e+03 |
|    reward             | 825.5203  |
|    std                | 0.0379    |
|    value_loss         | 7.32e+06  |
-------------------------------------
EPISODE:  210
-------------------------------------
| time/                 |           |
|    fps                | 33        |
|    iterations         | 41800     |
|    time_elapsed       | 6294      |
|    total_timesteps    | 209000    |
| train/                |           |
|    entropy_loss       | 3.75      |
|    explained_variance | 1.19e-07  |
|    learning_rate      | 0.0007    |
|    n_updates          | 41799     |
|    policy_loss        | -7.95e+03 |
|    reward             | 767.9897  |
|    std                | 0.0373    |
|    value_loss         | 6.01e+06  |
-------------------------------------
-------------------------------------
| time/                 |           |
|    fps                | 33        |
|    iterations         | 41900     |
|    time_elapsed       | 6309      |
|    total_timesteps    | 209500    |
| train/                |           |
|    entropy_loss       | 3.78      |
|    explained_variance | 0         |
|    learning_rate      | 0.0007    |
|    n_updates          | 41899     |
|    policy_loss        | -8.74e+03 |
|    reward             | 825.5203  |
|    std                | 0.0369    |
|    value_loss         | 7.31e+06  |
-------------------------------------
EPISODE:  211
-------------------------------------
| time/                 |           |
|    fps                | 33        |
|    iterations         | 42000     |
|    time_elapsed       | 6324      |
|    total_timesteps    | 210000    |
| train/                |           |
|    entropy_loss       | 3.78      |
|    explained_variance | 0         |
|    learning_rate      | 0.0007    |
|    n_updates          | 41999     |
|    policy_loss        | -6.44e+03 |
|    reward             | 767.9897  |
|    std                | 0.0368    |
|    value_loss         | 6.01e+06  |
-------------------------------------
-------------------------------------
| time/                 |           |
|    fps                | 33        |
|    iterations         | 42100     |
|    time_elapsed       | 6339      |
|    total_timesteps    | 210500    |
| train/                |           |
|    entropy_loss       | 3.81      |
|    explained_variance | 0         |
|    learning_rate      | 0.0007    |
|    n_updates          | 42099     |
|    policy_loss        | -1.01e+04 |
|    reward             | 825.5203  |
|    std                | 0.0363    |
|    value_loss         | 7.31e+06  |
-------------------------------------
EPISODE:  212
-------------------------------------
| time/                 |           |
|    fps                | 33        |
|    iterations         | 42200     |
|    time_elapsed       | 6354      |
|    total_timesteps    | 211000    |
| train/                |           |
|    entropy_loss       | 3.84      |
|    explained_variance | 0         |
|    learning_rate      | 0.0007    |
|    n_updates          | 42199     |
|    policy_loss        | -8.86e+03 |
|    reward             | 767.9897  |
|    std                | 0.0357    |
|    value_loss         | 6.01e+06  |
-------------------------------------
-------------------------------------
| time/                 |           |
|    fps                | 33        |
|    iterations         | 42300     |
|    time_elapsed       | 6370      |
|    total_timesteps    | 211500    |
| train/                |           |
|    entropy_loss       | 3.86      |
|    explained_variance | -1.19e-07 |
|    learning_rate      | 0.0007    |
|    n_updates          | 42299     |
|    policy_loss        | -9.12e+03 |
|    reward             | 825.5203  |
|    std                | 0.0354    |
|    value_loss         | 7.31e+06  |
-------------------------------------
EPISODE:  213
-------------------------------------
| time/                 |           |
|    fps                | 33        |
|    iterations         | 42400     |
|    time_elapsed       | 6385      |
|    total_timesteps    | 212000    |
| train/                |           |
|    entropy_loss       | 3.88      |
|    explained_variance | 1.19e-07  |
|    learning_rate      | 0.0007    |
|    n_updates          | 42399     |
|    policy_loss        | -8.61e+03 |
|    reward             | 767.9897  |
|    std                | 0.0349    |
|    value_loss         | 6e+06     |
-------------------------------------
-------------------------------------
| time/                 |           |
|    fps                | 33        |
|    iterations         | 42500     |
|    time_elapsed       | 6400      |
|    total_timesteps    | 212500    |
| train/                |           |
|    entropy_loss       | 3.92      |
|    explained_variance | 0         |
|    learning_rate      | 0.0007    |
|    n_updates          | 42499     |
|    policy_loss        | -9.23e+03 |
|    reward             | 825.5203  |
|    std                | 0.0344    |
|    value_loss         | 7.31e+06  |
-------------------------------------
EPISODE:  214
-------------------------------------
| time/                 |           |
|    fps                | 33        |
|    iterations         | 42600     |
|    time_elapsed       | 6415      |
|    total_timesteps    | 213000    |
| train/                |           |
|    entropy_loss       | 3.93      |
|    explained_variance | -1.19e-07 |
|    learning_rate      | 0.0007    |
|    n_updates          | 42599     |
|    policy_loss        | -9.31e+03 |
|    reward             | 767.9897  |
|    std                | 0.0341    |
|    value_loss         | 6e+06     |
-------------------------------------
-------------------------------------
| time/                 |           |
|    fps                | 33        |
|    iterations         | 42700     |
|    time_elapsed       | 6430      |
|    total_timesteps    | 213500    |
| train/                |           |
|    entropy_loss       | 3.94      |
|    explained_variance | 1.79e-07  |
|    learning_rate      | 0.0007    |
|    n_updates          | 42699     |
|    policy_loss        | -8.07e+03 |
|    reward             | 825.5203  |
|    std                | 0.0339    |
|    value_loss         | 7.31e+06  |
-------------------------------------
EPISODE:  215
-------------------------------------
| time/                 |           |
|    fps                | 33        |
|    iterations         | 42800     |
|    time_elapsed       | 6445      |
|    total_timesteps    | 214000    |
| train/                |           |
|    entropy_loss       | 3.99      |
|    explained_variance | -2.38e-07 |
|    learning_rate      | 0.0007    |
|    n_updates          | 42799     |
|    policy_loss        | -6.93e+03 |
|    reward             | 767.9897  |
|    std                | 0.0331    |
|    value_loss         | 6e+06     |
-------------------------------------
-------------------------------------
| time/                 |           |
|    fps                | 33        |
|    iterations         | 42900     |
|    time_elapsed       | 6460      |
|    total_timesteps    | 214500    |
| train/                |           |
|    entropy_loss       | 4.02      |
|    explained_variance | 0         |
|    learning_rate      | 0.0007    |
|    n_updates          | 42899     |
|    policy_loss        | -1.14e+04 |
|    reward             | 825.5203  |
|    std                | 0.0326    |
|    value_loss         | 7.31e+06  |
-------------------------------------
EPISODE:  216
-------------------------------------
| time/                 |           |
|    fps                | 33        |
|    iterations         | 43000     |
|    time_elapsed       | 6475      |
|    total_timesteps    | 215000    |
| train/                |           |
|    entropy_loss       | 4.04      |
|    explained_variance | 0         |
|    learning_rate      | 0.0007    |
|    n_updates          | 42999     |
|    policy_loss        | -9.81e+03 |
|    reward             | 767.9897  |
|    std                | 0.0323    |
|    value_loss         | 6e+06     |
-------------------------------------
-------------------------------------
| time/                 |           |
|    fps                | 33        |
|    iterations         | 43100     |
|    time_elapsed       | 6490      |
|    total_timesteps    | 215500    |
| train/                |           |
|    entropy_loss       | 4.06      |
|    explained_variance | 0         |
|    learning_rate      | 0.0007    |
|    n_updates          | 43099     |
|    policy_loss        | -8.45e+03 |
|    reward             | 825.5203  |
|    std                | 0.0319    |
|    value_loss         | 7.31e+06  |
-------------------------------------
EPISODE:  217
-------------------------------------
| time/                 |           |
|    fps                | 33        |
|    iterations         | 43200     |
|    time_elapsed       | 6505      |
|    total_timesteps    | 216000    |
| train/                |           |
|    entropy_loss       | 4.06      |
|    explained_variance | -2.38e-07 |
|    learning_rate      | 0.0007    |
|    n_updates          | 43199     |
|    policy_loss        | -6.56e+03 |
|    reward             | 767.9897  |
|    std                | 0.032     |
|    value_loss         | 6e+06     |
-------------------------------------
-------------------------------------
| time/                 |           |
|    fps                | 33        |
|    iterations         | 43300     |
|    time_elapsed       | 6520      |
|    total_timesteps    | 216500    |
| train/                |           |
|    entropy_loss       | 4.08      |
|    explained_variance | 0         |
|    learning_rate      | 0.0007    |
|    n_updates          | 43299     |
|    policy_loss        | -1.03e+04 |
|    reward             | 825.5203  |
|    std                | 0.0317    |
|    value_loss         | 7.31e+06  |
-------------------------------------
EPISODE:  218
-------------------------------------
| time/                 |           |
|    fps                | 33        |
|    iterations         | 43400     |
|    time_elapsed       | 6535      |
|    total_timesteps    | 217000    |
| train/                |           |
|    entropy_loss       | 4.09      |
|    explained_variance | 0         |
|    learning_rate      | 0.0007    |
|    n_updates          | 43399     |
|    policy_loss        | -5.51e+03 |
|    reward             | 767.9897  |
|    std                | 0.0315    |
|    value_loss         | 6e+06     |
-------------------------------------
-------------------------------------
| time/                 |           |
|    fps                | 33        |
|    iterations         | 43500     |
|    time_elapsed       | 6551      |
|    total_timesteps    | 217500    |
| train/                |           |
|    entropy_loss       | 4.11      |
|    explained_variance | 0         |
|    learning_rate      | 0.0007    |
|    n_updates          | 43499     |
|    policy_loss        | -8.97e+03 |
|    reward             | 825.5203  |
|    std                | 0.0312    |
|    value_loss         | 7.31e+06  |
-------------------------------------
EPISODE:  219
-------------------------------------
| time/                 |           |
|    fps                | 33        |
|    iterations         | 43600     |
|    time_elapsed       | 6566      |
|    total_timesteps    | 218000    |
| train/                |           |
|    entropy_loss       | 4.13      |
|    explained_variance | 0         |
|    learning_rate      | 0.0007    |
|    n_updates          | 43599     |
|    policy_loss        | -1.03e+04 |
|    reward             | 767.9897  |
|    std                | 0.0309    |
|    value_loss         | 6e+06     |
-------------------------------------
-------------------------------------
| time/                 |           |
|    fps                | 33        |
|    iterations         | 43700     |
|    time_elapsed       | 6581      |
|    total_timesteps    | 218500    |
| train/                |           |
|    entropy_loss       | 4.15      |
|    explained_variance | 0         |
|    learning_rate      | 0.0007    |
|    n_updates          | 43699     |
|    policy_loss        | -1.17e+04 |
|    reward             | 825.5203  |
|    std                | 0.0306    |
|    value_loss         | 7.3e+06   |
-------------------------------------
EPISODE:  220
-------------------------------------
| time/                 |           |
|    fps                | 33        |
|    iterations         | 43800     |
|    time_elapsed       | 6596      |
|    total_timesteps    | 219000    |
| train/                |           |
|    entropy_loss       | 4.17      |
|    explained_variance | 0         |
|    learning_rate      | 0.0007    |
|    n_updates          | 43799     |
|    policy_loss        | -1.01e+04 |
|    reward             | 767.9897  |
|    std                | 0.0303    |
|    value_loss         | 6e+06     |
-------------------------------------
-------------------------------------
| time/                 |           |
|    fps                | 33        |
|    iterations         | 43900     |
|    time_elapsed       | 6611      |
|    total_timesteps    | 219500    |
| train/                |           |
|    entropy_loss       | 4.18      |
|    explained_variance | 0         |
|    learning_rate      | 0.0007    |
|    n_updates          | 43899     |
|    policy_loss        | -9.52e+03 |
|    reward             | 825.5203  |
|    std                | 0.0302    |
|    value_loss         | 7.3e+06   |
-------------------------------------
EPISODE:  221
-------------------------------------
| time/                 |           |
|    fps                | 33        |
|    iterations         | 44000     |
|    time_elapsed       | 6626      |
|    total_timesteps    | 220000    |
| train/                |           |
|    entropy_loss       | 4.21      |
|    explained_variance | -1.19e-07 |
|    learning_rate      | 0.0007    |
|    n_updates          | 43999     |
|    policy_loss        | -5.92e+03 |
|    reward             | 767.9897  |
|    std                | 0.0297    |
|    value_loss         | 6e+06     |
-------------------------------------
-------------------------------------
| time/                 |           |
|    fps                | 33        |
|    iterations         | 44100     |
|    time_elapsed       | 6641      |
|    total_timesteps    | 220500    |
| train/                |           |
|    entropy_loss       | 4.22      |
|    explained_variance | 0         |
|    learning_rate      | 0.0007    |
|    n_updates          | 44099     |
|    policy_loss        | -1.15e+04 |
|    reward             | 825.5203  |
|    std                | 0.0295    |
|    value_loss         | 7.3e+06   |
-------------------------------------
EPISODE:  222
-------------------------------------
| time/                 |           |
|    fps                | 33        |
|    iterations         | 44200     |
|    time_elapsed       | 6656      |
|    total_timesteps    | 221000    |
| train/                |           |
|    entropy_loss       | 4.24      |
|    explained_variance | 0         |
|    learning_rate      | 0.0007    |
|    n_updates          | 44199     |
|    policy_loss        | -1.13e+04 |
|    reward             | 767.9897  |
|    std                | 0.0292    |
|    value_loss         | 6e+06     |
-------------------------------------
-------------------------------------
| time/                 |           |
|    fps                | 33        |
|    iterations         | 44300     |
|    time_elapsed       | 6671      |
|    total_timesteps    | 221500    |
| train/                |           |
|    entropy_loss       | 4.26      |
|    explained_variance | -1.19e-07 |
|    learning_rate      | 0.0007    |
|    n_updates          | 44299     |
|    policy_loss        | -1.1e+04  |
|    reward             | 825.5203  |
|    std                | 0.0289    |
|    value_loss         | 7.3e+06   |
-------------------------------------
EPISODE:  223
-------------------------------------
| time/                 |           |
|    fps                | 33        |
|    iterations         | 44400     |
|    time_elapsed       | 6686      |
|    total_timesteps    | 222000    |
| train/                |           |
|    entropy_loss       | 4.29      |
|    explained_variance | 0         |
|    learning_rate      | 0.0007    |
|    n_updates          | 44399     |
|    policy_loss        | -1.06e+04 |
|    reward             | 767.9897  |
|    std                | 0.0285    |
|    value_loss         | 5.99e+06  |
-------------------------------------
-------------------------------------
| time/                 |           |
|    fps                | 33        |
|    iterations         | 44500     |
|    time_elapsed       | 6701      |
|    total_timesteps    | 222500    |
| train/                |           |
|    entropy_loss       | 4.32      |
|    explained_variance | 1.19e-07  |
|    learning_rate      | 0.0007    |
|    n_updates          | 44499     |
|    policy_loss        | -1.13e+04 |
|    reward             | 825.5203  |
|    std                | 0.0281    |
|    value_loss         | 7.3e+06   |
-------------------------------------
EPISODE:  224
------------------------------------
| time/                 |          |
|    fps                | 33       |
|    iterations         | 44600    |
|    time_elapsed       | 6716     |
|    total_timesteps    | 223000   |
| train/                |          |
|    entropy_loss       | 4.34     |
|    explained_variance | 0        |
|    learning_rate      | 0.0007   |
|    n_updates          | 44599    |
|    policy_loss        | -8e+03   |
|    reward             | 767.9897 |
|    std                | 0.0279   |
|    value_loss         | 5.99e+06 |
------------------------------------
------------------------------------
| time/                 |          |
|    fps                | 33       |
|    iterations         | 44700    |
|    time_elapsed       | 6732     |
|    total_timesteps    | 223500   |
| train/                |          |
|    entropy_loss       | 4.37     |
|    explained_variance | 0        |
|    learning_rate      | 0.0007   |
|    n_updates          | 44699    |
|    policy_loss        | -1.1e+04 |
|    reward             | 825.5203 |
|    std                | 0.0275   |
|    value_loss         | 7.3e+06  |
------------------------------------
EPISODE:  225
-------------------------------------
| time/                 |           |
|    fps                | 33        |
|    iterations         | 44800     |
|    time_elapsed       | 6747      |
|    total_timesteps    | 224000    |
| train/                |           |
|    entropy_loss       | 4.39      |
|    explained_variance | -1.19e-07 |
|    learning_rate      | 0.0007    |
|    n_updates          | 44799     |
|    policy_loss        | -8.41e+03 |
|    reward             | 767.9897  |
|    std                | 0.0271    |
|    value_loss         | 5.99e+06  |
-------------------------------------
-------------------------------------
| time/                 |           |
|    fps                | 33        |
|    iterations         | 44900     |
|    time_elapsed       | 6762      |
|    total_timesteps    | 224500    |
| train/                |           |
|    entropy_loss       | 4.41      |
|    explained_variance | -1.19e-07 |
|    learning_rate      | 0.0007    |
|    n_updates          | 44899     |
|    policy_loss        | -1.12e+04 |
|    reward             | 825.5203  |
|    std                | 0.0268    |
|    value_loss         | 7.3e+06   |
-------------------------------------
EPISODE:  226
-------------------------------------
| time/                 |           |
|    fps                | 33        |
|    iterations         | 45000     |
|    time_elapsed       | 6777      |
|    total_timesteps    | 225000    |
| train/                |           |
|    entropy_loss       | 4.44      |
|    explained_variance | 0         |
|    learning_rate      | 0.0007    |
|    n_updates          | 44999     |
|    policy_loss        | -9.99e+03 |
|    reward             | 767.9897  |
|    std                | 0.0265    |
|    value_loss         | 5.99e+06  |
-------------------------------------
-------------------------------------
| time/                 |           |
|    fps                | 33        |
|    iterations         | 45100     |
|    time_elapsed       | 6792      |
|    total_timesteps    | 225500    |
| train/                |           |
|    entropy_loss       | 4.47      |
|    explained_variance | 0         |
|    learning_rate      | 0.0007    |
|    n_updates          | 45099     |
|    policy_loss        | -1.23e+04 |
|    reward             | 825.5203  |
|    std                | 0.0261    |
|    value_loss         | 7.3e+06   |
-------------------------------------
EPISODE:  227
-------------------------------------
| time/                 |           |
|    fps                | 33        |
|    iterations         | 45200     |
|    time_elapsed       | 6807      |
|    total_timesteps    | 226000    |
| train/                |           |
|    entropy_loss       | 4.48      |
|    explained_variance | -2.38e-07 |
|    learning_rate      | 0.0007    |
|    n_updates          | 45199     |
|    policy_loss        | -1.01e+04 |
|    reward             | 767.9897  |
|    std                | 0.026     |
|    value_loss         | 5.99e+06  |
-------------------------------------
-------------------------------------
| time/                 |           |
|    fps                | 33        |
|    iterations         | 45300     |
|    time_elapsed       | 6822      |
|    total_timesteps    | 226500    |
| train/                |           |
|    entropy_loss       | 4.49      |
|    explained_variance | 0         |
|    learning_rate      | 0.0007    |
|    n_updates          | 45299     |
|    policy_loss        | -1.05e+04 |
|    reward             | 825.5203  |
|    std                | 0.0258    |
|    value_loss         | 7.29e+06  |
-------------------------------------
EPISODE:  228
-------------------------------------
| time/                 |           |
|    fps                | 33        |
|    iterations         | 45400     |
|    time_elapsed       | 6837      |
|    total_timesteps    | 227000    |
| train/                |           |
|    entropy_loss       | 4.52      |
|    explained_variance | 0         |
|    learning_rate      | 0.0007    |
|    n_updates          | 45399     |
|    policy_loss        | -1.02e+04 |
|    reward             | 767.9897  |
|    std                | 0.0255    |
|    value_loss         | 5.99e+06  |
-------------------------------------
-------------------------------------
| time/                 |           |
|    fps                | 33        |
|    iterations         | 45500     |
|    time_elapsed       | 6852      |
|    total_timesteps    | 227500    |
| train/                |           |
|    entropy_loss       | 4.55      |
|    explained_variance | 1.79e-07  |
|    learning_rate      | 0.0007    |
|    n_updates          | 45499     |
|    policy_loss        | -8.22e+03 |
|    reward             | 825.5203  |
|    std                | 0.0251    |
|    value_loss         | 7.29e+06  |
-------------------------------------
EPISODE:  229
-------------------------------------
| time/                 |           |
|    fps                | 33        |
|    iterations         | 45600     |
|    time_elapsed       | 6867      |
|    total_timesteps    | 228000    |
| train/                |           |
|    entropy_loss       | 4.58      |
|    explained_variance | 0         |
|    learning_rate      | 0.0007    |
|    n_updates          | 45599     |
|    policy_loss        | -1.14e+04 |
|    reward             | 767.9897  |
|    std                | 0.0247    |
|    value_loss         | 5.99e+06  |
-------------------------------------
-------------------------------------
| time/                 |           |
|    fps                | 33        |
|    iterations         | 45700     |
|    time_elapsed       | 6882      |
|    total_timesteps    | 228500    |
| train/                |           |
|    entropy_loss       | 4.62      |
|    explained_variance | 0         |
|    learning_rate      | 0.0007    |
|    n_updates          | 45699     |
|    policy_loss        | -1.22e+04 |
|    reward             | 825.5203  |
|    std                | 0.0243    |
|    value_loss         | 7.29e+06  |
-------------------------------------
EPISODE:  230
-------------------------------------
| time/                 |           |
|    fps                | 33        |
|    iterations         | 45800     |
|    time_elapsed       | 6897      |
|    total_timesteps    | 229000    |
| train/                |           |
|    entropy_loss       | 4.62      |
|    explained_variance | 0         |
|    learning_rate      | 0.0007    |
|    n_updates          | 45799     |
|    policy_loss        | -1.12e+04 |
|    reward             | 767.9897  |
|    std                | 0.0242    |
|    value_loss         | 5.99e+06  |
-------------------------------------
-------------------------------------
| time/                 |           |
|    fps                | 33        |
|    iterations         | 45900     |
|    time_elapsed       | 6912      |
|    total_timesteps    | 229500    |
| train/                |           |
|    entropy_loss       | 4.64      |
|    explained_variance | 0         |
|    learning_rate      | 0.0007    |
|    n_updates          | 45899     |
|    policy_loss        | -9.76e+03 |
|    reward             | 825.5203  |
|    std                | 0.024     |
|    value_loss         | 7.29e+06  |
-------------------------------------
EPISODE:  231
------------------------------------
| time/                 |          |
|    fps                | 33       |
|    iterations         | 46000    |
|    time_elapsed       | 6927     |
|    total_timesteps    | 230000   |
| train/                |          |
|    entropy_loss       | 4.66     |
|    explained_variance | 0        |
|    learning_rate      | 0.0007   |
|    n_updates          | 45999    |
|    policy_loss        | -1.1e+04 |
|    reward             | 767.9897 |
|    std                | 0.0237   |
|    value_loss         | 5.99e+06 |
------------------------------------
-------------------------------------
| time/                 |           |
|    fps                | 33        |
|    iterations         | 46100     |
|    time_elapsed       | 6942      |
|    total_timesteps    | 230500    |
| train/                |           |
|    entropy_loss       | 4.67      |
|    explained_variance | 0         |
|    learning_rate      | 0.0007    |
|    n_updates          | 46099     |
|    policy_loss        | -1.29e+04 |
|    reward             | 825.5203  |
|    std                | 0.0236    |
|    value_loss         | 7.29e+06  |
-------------------------------------
EPISODE:  232
-------------------------------------
| time/                 |           |
|    fps                | 33        |
|    iterations         | 46200     |
|    time_elapsed       | 6957      |
|    total_timesteps    | 231000    |
| train/                |           |
|    entropy_loss       | 4.7       |
|    explained_variance | 0         |
|    learning_rate      | 0.0007    |
|    n_updates          | 46199     |
|    policy_loss        | -9.44e+03 |
|    reward             | 767.9897  |
|    std                | 0.0232    |
|    value_loss         | 5.99e+06  |
-------------------------------------
-------------------------------------
| time/                 |           |
|    fps                | 33        |
|    iterations         | 46300     |
|    time_elapsed       | 6972      |
|    total_timesteps    | 231500    |
| train/                |           |
|    entropy_loss       | 4.72      |
|    explained_variance | 1.79e-07  |
|    learning_rate      | 0.0007    |
|    n_updates          | 46299     |
|    policy_loss        | -1.26e+04 |
|    reward             | 825.5203  |
|    std                | 0.023     |
|    value_loss         | 7.29e+06  |
-------------------------------------
EPISODE:  233
-------------------------------------
| time/                 |           |
|    fps                | 33        |
|    iterations         | 46400     |
|    time_elapsed       | 6987      |
|    total_timesteps    | 232000    |
| train/                |           |
|    entropy_loss       | 4.74      |
|    explained_variance | 1.19e-07  |
|    learning_rate      | 0.0007    |
|    n_updates          | 46399     |
|    policy_loss        | -1.01e+04 |
|    reward             | 767.9897  |
|    std                | 0.0228    |
|    value_loss         | 5.98e+06  |
-------------------------------------
-------------------------------------
| time/                 |           |
|    fps                | 33        |
|    iterations         | 46500     |
|    time_elapsed       | 7002      |
|    total_timesteps    | 232500    |
| train/                |           |
|    entropy_loss       | 4.77      |
|    explained_variance | 0         |
|    learning_rate      | 0.0007    |
|    n_updates          | 46499     |
|    policy_loss        | -1.08e+04 |
|    reward             | 825.5203  |
|    std                | 0.0225    |
|    value_loss         | 7.29e+06  |
-------------------------------------
EPISODE:  234
-------------------------------------
| time/                 |           |
|    fps                | 33        |
|    iterations         | 46600     |
|    time_elapsed       | 7017      |
|    total_timesteps    | 233000    |
| train/                |           |
|    entropy_loss       | 4.79      |
|    explained_variance | 0         |
|    learning_rate      | 0.0007    |
|    n_updates          | 46599     |
|    policy_loss        | -1.16e+04 |
|    reward             | 767.9897  |
|    std                | 0.0223    |
|    value_loss         | 5.98e+06  |
-------------------------------------
-------------------------------------
| time/                 |           |
|    fps                | 33        |
|    iterations         | 46700     |
|    time_elapsed       | 7032      |
|    total_timesteps    | 233500    |
| train/                |           |
|    entropy_loss       | 4.81      |
|    explained_variance | -2.38e-07 |
|    learning_rate      | 0.0007    |
|    n_updates          | 46699     |
|    policy_loss        | -1.21e+04 |
|    reward             | 825.5203  |
|    std                | 0.022     |
|    value_loss         | 7.29e+06  |
-------------------------------------
EPISODE:  235
-------------------------------------
| time/                 |           |
|    fps                | 33        |
|    iterations         | 46800     |
|    time_elapsed       | 7047      |
|    total_timesteps    | 234000    |
| train/                |           |
|    entropy_loss       | 4.84      |
|    explained_variance | 0         |
|    learning_rate      | 0.0007    |
|    n_updates          | 46799     |
|    policy_loss        | -1.03e+04 |
|    reward             | 767.9897  |
|    std                | 0.0218    |
|    value_loss         | 5.98e+06  |
-------------------------------------
-------------------------------------
| time/                 |           |
|    fps                | 33        |
|    iterations         | 46900     |
|    time_elapsed       | 7062      |
|    total_timesteps    | 234500    |
| train/                |           |
|    entropy_loss       | 4.85      |
|    explained_variance | 1.19e-07  |
|    learning_rate      | 0.0007    |
|    n_updates          | 46899     |
|    policy_loss        | -1.19e+04 |
|    reward             | 825.5203  |
|    std                | 0.0215    |
|    value_loss         | 7.29e+06  |
-------------------------------------
EPISODE:  236
-------------------------------------
| time/                 |           |
|    fps                | 33        |
|    iterations         | 47000     |
|    time_elapsed       | 7077      |
|    total_timesteps    | 235000    |
| train/                |           |
|    entropy_loss       | 4.91      |
|    explained_variance | 1.19e-07  |
|    learning_rate      | 0.0007    |
|    n_updates          | 46999     |
|    policy_loss        | -1.13e+04 |
|    reward             | 767.9897  |
|    std                | 0.021     |
|    value_loss         | 5.98e+06  |
-------------------------------------
-------------------------------------
| time/                 |           |
|    fps                | 33        |
|    iterations         | 47100     |
|    time_elapsed       | 7092      |
|    total_timesteps    | 235500    |
| train/                |           |
|    entropy_loss       | 4.92      |
|    explained_variance | 0         |
|    learning_rate      | 0.0007    |
|    n_updates          | 47099     |
|    policy_loss        | -1.21e+04 |
|    reward             | 825.5203  |
|    std                | 0.0208    |
|    value_loss         | 7.28e+06  |
-------------------------------------
EPISODE:  237
-------------------------------------
| time/                 |           |
|    fps                | 33        |
|    iterations         | 47200     |
|    time_elapsed       | 7107      |
|    total_timesteps    | 236000    |
| train/                |           |
|    entropy_loss       | 4.94      |
|    explained_variance | 0         |
|    learning_rate      | 0.0007    |
|    n_updates          | 47199     |
|    policy_loss        | -1.18e+04 |
|    reward             | 767.9897  |
|    std                | 0.0206    |
|    value_loss         | 5.98e+06  |
-------------------------------------
-------------------------------------
| time/                 |           |
|    fps                | 33        |
|    iterations         | 47300     |
|    time_elapsed       | 7123      |
|    total_timesteps    | 236500    |
| train/                |           |
|    entropy_loss       | 4.96      |
|    explained_variance | 0         |
|    learning_rate      | 0.0007    |
|    n_updates          | 47299     |
|    policy_loss        | -1.04e+04 |
|    reward             | 825.5203  |
|    std                | 0.0204    |
|    value_loss         | 7.28e+06  |
-------------------------------------
EPISODE:  238
-------------------------------------
| time/                 |           |
|    fps                | 33        |
|    iterations         | 47400     |
|    time_elapsed       | 7138      |
|    total_timesteps    | 237000    |
| train/                |           |
|    entropy_loss       | 4.97      |
|    explained_variance | 0         |
|    learning_rate      | 0.0007    |
|    n_updates          | 47399     |
|    policy_loss        | -9.88e+03 |
|    reward             | 767.9897  |
|    std                | 0.0203    |
|    value_loss         | 5.98e+06  |
-------------------------------------
-------------------------------------
| time/                 |           |
|    fps                | 33        |
|    iterations         | 47500     |
|    time_elapsed       | 7153      |
|    total_timesteps    | 237500    |
| train/                |           |
|    entropy_loss       | 4.99      |
|    explained_variance | 1.19e-07  |
|    learning_rate      | 0.0007    |
|    n_updates          | 47499     |
|    policy_loss        | -1.37e+04 |
|    reward             | 825.5203  |
|    std                | 0.0201    |
|    value_loss         | 7.28e+06  |
-------------------------------------
EPISODE:  239
-------------------------------------
| time/                 |           |
|    fps                | 33        |
|    iterations         | 47600     |
|    time_elapsed       | 7168      |
|    total_timesteps    | 238000    |
| train/                |           |
|    entropy_loss       | 5         |
|    explained_variance | 1.19e-07  |
|    learning_rate      | 0.0007    |
|    n_updates          | 47599     |
|    policy_loss        | -1.04e+04 |
|    reward             | 767.9897  |
|    std                | 0.0199    |
|    value_loss         | 5.98e+06  |
-------------------------------------
-------------------------------------
| time/                 |           |
|    fps                | 33        |
|    iterations         | 47700     |
|    time_elapsed       | 7183      |
|    total_timesteps    | 238500    |
| train/                |           |
|    entropy_loss       | 5.04      |
|    explained_variance | 1.19e-07  |
|    learning_rate      | 0.0007    |
|    n_updates          | 47699     |
|    policy_loss        | -1.28e+04 |
|    reward             | 825.5203  |
|    std                | 0.0196    |
|    value_loss         | 7.28e+06  |
-------------------------------------
EPISODE:  240
-------------------------------------
| time/                 |           |
|    fps                | 33        |
|    iterations         | 47800     |
|    time_elapsed       | 7198      |
|    total_timesteps    | 239000    |
| train/                |           |
|    entropy_loss       | 5.05      |
|    explained_variance | 1.19e-07  |
|    learning_rate      | 0.0007    |
|    n_updates          | 47799     |
|    policy_loss        | -1.03e+04 |
|    reward             | 767.9897  |
|    std                | 0.0195    |
|    value_loss         | 5.98e+06  |
-------------------------------------
------------------------------------
| time/                 |          |
|    fps                | 33       |
|    iterations         | 47900    |
|    time_elapsed       | 7213     |
|    total_timesteps    | 239500   |
| train/                |          |
|    entropy_loss       | 5.08     |
|    explained_variance | 0        |
|    learning_rate      | 0.0007   |
|    n_updates          | 47899    |
|    policy_loss        | -1.3e+04 |
|    reward             | 825.5203 |
|    std                | 0.0192   |
|    value_loss         | 7.28e+06 |
------------------------------------
EPISODE:  241
-------------------------------------
| time/                 |           |
|    fps                | 33        |
|    iterations         | 48000     |
|    time_elapsed       | 7228      |
|    total_timesteps    | 240000    |
| train/                |           |
|    entropy_loss       | 5.11      |
|    explained_variance | 0         |
|    learning_rate      | 0.0007    |
|    n_updates          | 47999     |
|    policy_loss        | -1.16e+04 |
|    reward             | 767.9897  |
|    std                | 0.0189    |
|    value_loss         | 5.98e+06  |
-------------------------------------
-------------------------------------
| time/                 |           |
|    fps                | 33        |
|    iterations         | 48100     |
|    time_elapsed       | 7243      |
|    total_timesteps    | 240500    |
| train/                |           |
|    entropy_loss       | 5.13      |
|    explained_variance | -1.19e-07 |
|    learning_rate      | 0.0007    |
|    n_updates          | 48099     |
|    policy_loss        | -1.14e+04 |
|    reward             | 825.5203  |
|    std                | 0.0188    |
|    value_loss         | 7.28e+06  |
-------------------------------------
EPISODE:  242
-------------------------------------
| time/                 |           |
|    fps                | 33        |
|    iterations         | 48200     |
|    time_elapsed       | 7258      |
|    total_timesteps    | 241000    |
| train/                |           |
|    entropy_loss       | 5.14      |
|    explained_variance | 0         |
|    learning_rate      | 0.0007    |
|    n_updates          | 48199     |
|    policy_loss        | -1.17e+04 |
|    reward             | 767.9897  |
|    std                | 0.0186    |
|    value_loss         | 5.98e+06  |
-------------------------------------
-------------------------------------
| time/                 |           |
|    fps                | 33        |
|    iterations         | 48300     |
|    time_elapsed       | 7273      |
|    total_timesteps    | 241500    |
| train/                |           |
|    entropy_loss       | 5.17      |
|    explained_variance | 0         |
|    learning_rate      | 0.0007    |
|    n_updates          | 48299     |
|    policy_loss        | -1.25e+04 |
|    reward             | 825.5203  |
|    std                | 0.0183    |
|    value_loss         | 7.28e+06  |
-------------------------------------
EPISODE:  243
-------------------------------------
| time/                 |           |
|    fps                | 33        |
|    iterations         | 48400     |
|    time_elapsed       | 7288      |
|    total_timesteps    | 242000    |
| train/                |           |
|    entropy_loss       | 5.19      |
|    explained_variance | 0         |
|    learning_rate      | 0.0007    |
|    n_updates          | 48399     |
|    policy_loss        | -1.25e+04 |
|    reward             | 767.9897  |
|    std                | 0.0182    |
|    value_loss         | 5.97e+06  |
-------------------------------------
-------------------------------------
| time/                 |           |
|    fps                | 33        |
|    iterations         | 48500     |
|    time_elapsed       | 7304      |
|    total_timesteps    | 242500    |
| train/                |           |
|    entropy_loss       | 5.22      |
|    explained_variance | 0         |
|    learning_rate      | 0.0007    |
|    n_updates          | 48499     |
|    policy_loss        | -1.32e+04 |
|    reward             | 825.5203  |
|    std                | 0.0178    |
|    value_loss         | 7.28e+06  |
-------------------------------------
EPISODE:  244
-------------------------------------
| time/                 |           |
|    fps                | 33        |
|    iterations         | 48600     |
|    time_elapsed       | 7319      |
|    total_timesteps    | 243000    |
| train/                |           |
|    entropy_loss       | 5.23      |
|    explained_variance | 1.19e-07  |
|    learning_rate      | 0.0007    |
|    n_updates          | 48599     |
|    policy_loss        | -1.29e+04 |
|    reward             | 767.9897  |
|    std                | 0.0178    |
|    value_loss         | 5.97e+06  |
-------------------------------------
-------------------------------------
| time/                 |           |
|    fps                | 33        |
|    iterations         | 48700     |
|    time_elapsed       | 7334      |
|    total_timesteps    | 243500    |
| train/                |           |
|    entropy_loss       | 5.25      |
|    explained_variance | 1.19e-07  |
|    learning_rate      | 0.0007    |
|    n_updates          | 48699     |
|    policy_loss        | -1.34e+04 |
|    reward             | 825.5203  |
|    std                | 0.0176    |
|    value_loss         | 7.28e+06  |
-------------------------------------
EPISODE:  245
------------------------------------
| time/                 |          |
|    fps                | 33       |
|    iterations         | 48800    |
|    time_elapsed       | 7349     |
|    total_timesteps    | 244000   |
| train/                |          |
|    entropy_loss       | 5.26     |
|    explained_variance | 0        |
|    learning_rate      | 0.0007   |
|    n_updates          | 48799    |
|    policy_loss        | -1.3e+04 |
|    reward             | 767.9897 |
|    std                | 0.0175   |
|    value_loss         | 5.97e+06 |
------------------------------------
-------------------------------------
| time/                 |           |
|    fps                | 33        |
|    iterations         | 48900     |
|    time_elapsed       | 7364      |
|    total_timesteps    | 244500    |
| train/                |           |
|    entropy_loss       | 5.29      |
|    explained_variance | 0         |
|    learning_rate      | 0.0007    |
|    n_updates          | 48899     |
|    policy_loss        | -1.27e+04 |
|    reward             | 825.5203  |
|    std                | 0.0173    |
|    value_loss         | 7.28e+06  |
-------------------------------------
EPISODE:  246
-------------------------------------
| time/                 |           |
|    fps                | 33        |
|    iterations         | 49000     |
|    time_elapsed       | 7379      |
|    total_timesteps    | 245000    |
| train/                |           |
|    entropy_loss       | 5.32      |
|    explained_variance | 0         |
|    learning_rate      | 0.0007    |
|    n_updates          | 48999     |
|    policy_loss        | -9.21e+03 |
|    reward             | 767.9897  |
|    std                | 0.017     |
|    value_loss         | 5.97e+06  |
-------------------------------------
-------------------------------------
| time/                 |           |
|    fps                | 33        |
|    iterations         | 49100     |
|    time_elapsed       | 7394      |
|    total_timesteps    | 245500    |
| train/                |           |
|    entropy_loss       | 5.34      |
|    explained_variance | 0         |
|    learning_rate      | 0.0007    |
|    n_updates          | 49099     |
|    policy_loss        | -1.35e+04 |
|    reward             | 825.5203  |
|    std                | 0.0169    |
|    value_loss         | 7.27e+06  |
-------------------------------------
EPISODE:  247
-------------------------------------
| time/                 |           |
|    fps                | 33        |
|    iterations         | 49200     |
|    time_elapsed       | 7408      |
|    total_timesteps    | 246000    |
| train/                |           |
|    entropy_loss       | 5.35      |
|    explained_variance | 2.38e-07  |
|    learning_rate      | 0.0007    |
|    n_updates          | 49199     |
|    policy_loss        | -1.17e+04 |
|    reward             | 767.9897  |
|    std                | 0.0167    |
|    value_loss         | 5.97e+06  |
-------------------------------------
-------------------------------------
| time/                 |           |
|    fps                | 33        |
|    iterations         | 49300     |
|    time_elapsed       | 7423      |
|    total_timesteps    | 246500    |
| train/                |           |
|    entropy_loss       | 5.36      |
|    explained_variance | 0         |
|    learning_rate      | 0.0007    |
|    n_updates          | 49299     |
|    policy_loss        | -1.33e+04 |
|    reward             | 825.5203  |
|    std                | 0.0166    |
|    value_loss         | 7.27e+06  |
-------------------------------------
EPISODE:  248
-------------------------------------
| time/                 |           |
|    fps                | 33        |
|    iterations         | 49400     |
|    time_elapsed       | 7438      |
|    total_timesteps    | 247000    |
| train/                |           |
|    entropy_loss       | 5.37      |
|    explained_variance | 0         |
|    learning_rate      | 0.0007    |
|    n_updates          | 49399     |
|    policy_loss        | -1.32e+04 |
|    reward             | 767.9897  |
|    std                | 0.0166    |
|    value_loss         | 5.97e+06  |
-------------------------------------
-------------------------------------
| time/                 |           |
|    fps                | 33        |
|    iterations         | 49500     |
|    time_elapsed       | 7453      |
|    total_timesteps    | 247500    |
| train/                |           |
|    entropy_loss       | 5.4       |
|    explained_variance | 0         |
|    learning_rate      | 0.0007    |
|    n_updates          | 49499     |
|    policy_loss        | -1.49e+04 |
|    reward             | 825.5203  |
|    std                | 0.0163    |
|    value_loss         | 7.27e+06  |
-------------------------------------
EPISODE:  249
------------------------------------
| time/                 |          |
|    fps                | 33       |
|    iterations         | 49600    |
|    time_elapsed       | 7468     |
|    total_timesteps    | 248000   |
| train/                |          |
|    entropy_loss       | 5.41     |
|    explained_variance | 1.19e-07 |
|    learning_rate      | 0.0007   |
|    n_updates          | 49599    |
|    policy_loss        | -1.2e+04 |
|    reward             | 767.9897 |
|    std                | 0.0163   |
|    value_loss         | 5.97e+06 |
------------------------------------
-------------------------------------
| time/                 |           |
|    fps                | 33        |
|    iterations         | 49700     |
|    time_elapsed       | 7483      |
|    total_timesteps    | 248500    |
| train/                |           |
|    entropy_loss       | 5.44      |
|    explained_variance | -1.19e-07 |
|    learning_rate      | 0.0007    |
|    n_updates          | 49699     |
|    policy_loss        | -9.83e+03 |
|    reward             | 825.5203  |
|    std                | 0.0161    |
|    value_loss         | 7.27e+06  |
-------------------------------------
EPISODE:  250
-------------------------------------
| time/                 |           |
|    fps                | 33        |
|    iterations         | 49800     |
|    time_elapsed       | 7498      |
|    total_timesteps    | 249000    |
| train/                |           |
|    entropy_loss       | 5.44      |
|    explained_variance | 0         |
|    learning_rate      | 0.0007    |
|    n_updates          | 49799     |
|    policy_loss        | -1.34e+04 |
|    reward             | 767.9897  |
|    std                | 0.016     |
|    value_loss         | 5.97e+06  |
-------------------------------------
-------------------------------------
| time/                 |           |
|    fps                | 33        |
|    iterations         | 49900     |
|    time_elapsed       | 7513      |
|    total_timesteps    | 249500    |
| train/                |           |
|    entropy_loss       | 5.46      |
|    explained_variance | 0         |
|    learning_rate      | 0.0007    |
|    n_updates          | 49899     |
|    policy_loss        | -1.42e+04 |
|    reward             | 825.5203  |
|    std                | 0.0159    |
|    value_loss         | 7.27e+06  |
-------------------------------------
EPISODE:  251
-------------------------------------
| time/                 |           |
|    fps                | 33        |
|    iterations         | 50000     |
|    time_elapsed       | 7529      |
|    total_timesteps    | 250000    |
| train/                |           |
|    entropy_loss       | 5.49      |
|    explained_variance | 0         |
|    learning_rate      | 0.0007    |
|    n_updates          | 49999     |
|    policy_loss        | -1.17e+04 |
|    reward             | 767.9897  |
|    std                | 0.0156    |
|    value_loss         | 5.97e+06  |
-------------------------------------
-------------------------------------
| time/                 |           |
|    fps                | 33        |
|    iterations         | 50100     |
|    time_elapsed       | 7544      |
|    total_timesteps    | 250500    |
| train/                |           |
|    entropy_loss       | 5.51      |
|    explained_variance | -1.19e-07 |
|    learning_rate      | 0.0007    |
|    n_updates          | 50099     |
|    policy_loss        | -1.47e+04 |
|    reward             | 825.5203  |
|    std                | 0.0155    |
|    value_loss         | 7.27e+06  |
-------------------------------------
EPISODE:  252
-------------------------------------
| time/                 |           |
|    fps                | 33        |
|    iterations         | 50200     |
|    time_elapsed       | 7559      |
|    total_timesteps    | 251000    |
| train/                |           |
|    entropy_loss       | 5.53      |
|    explained_variance | -1.19e-07 |
|    learning_rate      | 0.0007    |
|    n_updates          | 50199     |
|    policy_loss        | -1.14e+04 |
|    reward             | 767.9897  |
|    std                | 0.0154    |
|    value_loss         | 5.97e+06  |
-------------------------------------
-------------------------------------
| time/                 |           |
|    fps                | 33        |
|    iterations         | 50300     |
|    time_elapsed       | 7574      |
|    total_timesteps    | 251500    |
| train/                |           |
|    entropy_loss       | 5.55      |
|    explained_variance | 1.19e-07  |
|    learning_rate      | 0.0007    |
|    n_updates          | 50299     |
|    policy_loss        | -1.43e+04 |
|    reward             | 825.5203  |
|    std                | 0.0152    |
|    value_loss         | 7.27e+06  |
-------------------------------------
EPISODE:  253
-------------------------------------
| time/                 |           |
|    fps                | 33        |
|    iterations         | 50400     |
|    time_elapsed       | 7589      |
|    total_timesteps    | 252000    |
| train/                |           |
|    entropy_loss       | 5.57      |
|    explained_variance | 0         |
|    learning_rate      | 0.0007    |
|    n_updates          | 50399     |
|    policy_loss        | -1.23e+04 |
|    reward             | 767.9897  |
|    std                | 0.015     |
|    value_loss         | 5.97e+06  |
-------------------------------------
-------------------------------------
| time/                 |           |
|    fps                | 33        |
|    iterations         | 50500     |
|    time_elapsed       | 7604      |
|    total_timesteps    | 252500    |
| train/                |           |
|    entropy_loss       | 5.58      |
|    explained_variance | 0         |
|    learning_rate      | 0.0007    |
|    n_updates          | 50499     |
|    policy_loss        | -1.48e+04 |
|    reward             | 825.5203  |
|    std                | 0.015     |
|    value_loss         | 7.27e+06  |
-------------------------------------
EPISODE:  254
-------------------------------------
| time/                 |           |
|    fps                | 33        |
|    iterations         | 50600     |
|    time_elapsed       | 7619      |
|    total_timesteps    | 253000    |
| train/                |           |
|    entropy_loss       | 5.6       |
|    explained_variance | 1.19e-07  |
|    learning_rate      | 0.0007    |
|    n_updates          | 50599     |
|    policy_loss        | -1.27e+04 |
|    reward             | 767.9897  |
|    std                | 0.0148    |
|    value_loss         | 5.96e+06  |
-------------------------------------
-------------------------------------
| time/                 |           |
|    fps                | 33        |
|    iterations         | 50700     |
|    time_elapsed       | 7634      |
|    total_timesteps    | 253500    |
| train/                |           |
|    entropy_loss       | 5.6       |
|    explained_variance | 0         |
|    learning_rate      | 0.0007    |
|    n_updates          | 50699     |
|    policy_loss        | -1.28e+04 |
|    reward             | 825.5203  |
|    std                | 0.0148    |
|    value_loss         | 7.27e+06  |
-------------------------------------
EPISODE:  255
------------------------------------
| time/                 |          |
|    fps                | 33       |
|    iterations         | 50800    |
|    time_elapsed       | 7649     |
|    total_timesteps    | 254000   |
| train/                |          |
|    entropy_loss       | 5.62     |
|    explained_variance | 0        |
|    learning_rate      | 0.0007   |
|    n_updates          | 50799    |
|    policy_loss        | -1.2e+04 |
|    reward             | 767.9897 |
|    std                | 0.0146   |
|    value_loss         | 5.96e+06 |
------------------------------------
-------------------------------------
| time/                 |           |
|    fps                | 33        |
|    iterations         | 50900     |
|    time_elapsed       | 7664      |
|    total_timesteps    | 254500    |
| train/                |           |
|    entropy_loss       | 5.64      |
|    explained_variance | 0         |
|    learning_rate      | 0.0007    |
|    n_updates          | 50899     |
|    policy_loss        | -1.35e+04 |
|    reward             | 825.5203  |
|    std                | 0.0145    |
|    value_loss         | 7.27e+06  |
-------------------------------------
EPISODE:  256
------------------------------------
| time/                 |          |
|    fps                | 33       |
|    iterations         | 51000    |
|    time_elapsed       | 7679     |
|    total_timesteps    | 255000   |
| train/                |          |
|    entropy_loss       | 5.65     |
|    explained_variance | 0        |
|    learning_rate      | 0.0007   |
|    n_updates          | 50999    |
|    policy_loss        | -1.3e+04 |
|    reward             | 767.9897 |
|    std                | 0.0144   |
|    value_loss         | 5.96e+06 |
------------------------------------
-------------------------------------
| time/                 |           |
|    fps                | 33        |
|    iterations         | 51100     |
|    time_elapsed       | 7694      |
|    total_timesteps    | 255500    |
| train/                |           |
|    entropy_loss       | 5.67      |
|    explained_variance | 0         |
|    learning_rate      | 0.0007    |
|    n_updates          | 51099     |
|    policy_loss        | -1.53e+04 |
|    reward             | 825.5203  |
|    std                | 0.0143    |
|    value_loss         | 7.26e+06  |
-------------------------------------
EPISODE:  257
-------------------------------------
| time/                 |           |
|    fps                | 33        |
|    iterations         | 51200     |
|    time_elapsed       | 7709      |
|    total_timesteps    | 256000    |
| train/                |           |
|    entropy_loss       | 5.7       |
|    explained_variance | -1.19e-07 |
|    learning_rate      | 0.0007    |
|    n_updates          | 51199     |
|    policy_loss        | -1.37e+04 |
|    reward             | 767.9897  |
|    std                | 0.0141    |
|    value_loss         | 5.96e+06  |
-------------------------------------
-------------------------------------
| time/                 |           |
|    fps                | 33        |
|    iterations         | 51300     |
|    time_elapsed       | 7724      |
|    total_timesteps    | 256500    |
| train/                |           |
|    entropy_loss       | 5.7       |
|    explained_variance | 0         |
|    learning_rate      | 0.0007    |
|    n_updates          | 51299     |
|    policy_loss        | -1.47e+04 |
|    reward             | 825.5203  |
|    std                | 0.0141    |
|    value_loss         | 7.26e+06  |
-------------------------------------
EPISODE:  258
-------------------------------------
| time/                 |           |
|    fps                | 33        |
|    iterations         | 51400     |
|    time_elapsed       | 7739      |
|    total_timesteps    | 257000    |
| train/                |           |
|    entropy_loss       | 5.73      |
|    explained_variance | 0         |
|    learning_rate      | 0.0007    |
|    n_updates          | 51399     |
|    policy_loss        | -1.15e+04 |
|    reward             | 767.9897  |
|    std                | 0.0139    |
|    value_loss         | 5.96e+06  |
-------------------------------------
-------------------------------------
| time/                 |           |
|    fps                | 33        |
|    iterations         | 51500     |
|    time_elapsed       | 7754      |
|    total_timesteps    | 257500    |
| train/                |           |
|    entropy_loss       | 5.74      |
|    explained_variance | 1.19e-07  |
|    learning_rate      | 0.0007    |
|    n_updates          | 51499     |
|    policy_loss        | -1.25e+04 |
|    reward             | 825.5203  |
|    std                | 0.0139    |
|    value_loss         | 7.26e+06  |
-------------------------------------
EPISODE:  259
-------------------------------------
| time/                 |           |
|    fps                | 33        |
|    iterations         | 51600     |
|    time_elapsed       | 7769      |
|    total_timesteps    | 258000    |
| train/                |           |
|    entropy_loss       | 5.77      |
|    explained_variance | 0         |
|    learning_rate      | 0.0007    |
|    n_updates          | 51599     |
|    policy_loss        | -1.23e+04 |
|    reward             | 767.9897  |
|    std                | 0.0137    |
|    value_loss         | 5.96e+06  |
-------------------------------------
-------------------------------------
| time/                 |           |
|    fps                | 33        |
|    iterations         | 51700     |
|    time_elapsed       | 7784      |
|    total_timesteps    | 258500    |
| train/                |           |
|    entropy_loss       | 5.77      |
|    explained_variance | 0         |
|    learning_rate      | 0.0007    |
|    n_updates          | 51699     |
|    policy_loss        | -1.25e+04 |
|    reward             | 825.5203  |
|    std                | 0.0136    |
|    value_loss         | 7.26e+06  |
-------------------------------------
EPISODE:  260
-------------------------------------
| time/                 |           |
|    fps                | 33        |
|    iterations         | 51800     |
|    time_elapsed       | 7799      |
|    total_timesteps    | 259000    |
| train/                |           |
|    entropy_loss       | 5.78      |
|    explained_variance | 0         |
|    learning_rate      | 0.0007    |
|    n_updates          | 51799     |
|    policy_loss        | -1.31e+04 |
|    reward             | 767.9897  |
|    std                | 0.0136    |
|    value_loss         | 5.96e+06  |
-------------------------------------
-------------------------------------
| time/                 |           |
|    fps                | 33        |
|    iterations         | 51900     |
|    time_elapsed       | 7814      |
|    total_timesteps    | 259500    |
| train/                |           |
|    entropy_loss       | 5.8       |
|    explained_variance | 0         |
|    learning_rate      | 0.0007    |
|    n_updates          | 51899     |
|    policy_loss        | -1.51e+04 |
|    reward             | 825.5203  |
|    std                | 0.0134    |
|    value_loss         | 7.26e+06  |
-------------------------------------
EPISODE:  261
-------------------------------------
| time/                 |           |
|    fps                | 33        |
|    iterations         | 52000     |
|    time_elapsed       | 7829      |
|    total_timesteps    | 260000    |
| train/                |           |
|    entropy_loss       | 5.82      |
|    explained_variance | -1.19e-07 |
|    learning_rate      | 0.0007    |
|    n_updates          | 51999     |
|    policy_loss        | -1.31e+04 |
|    reward             | 767.9897  |
|    std                | 0.0133    |
|    value_loss         | 5.96e+06  |
-------------------------------------
-------------------------------------
| time/                 |           |
|    fps                | 33        |
|    iterations         | 52100     |
|    time_elapsed       | 7844      |
|    total_timesteps    | 260500    |
| train/                |           |
|    entropy_loss       | 5.84      |
|    explained_variance | 0         |
|    learning_rate      | 0.0007    |
|    n_updates          | 52099     |
|    policy_loss        | -1.14e+04 |
|    reward             | 825.5203  |
|    std                | 0.0132    |
|    value_loss         | 7.26e+06  |
-------------------------------------
EPISODE:  262
------------------------------------
| time/                 |          |
|    fps                | 33       |
|    iterations         | 52200    |
|    time_elapsed       | 7860     |
|    total_timesteps    | 261000   |
| train/                |          |
|    entropy_loss       | 5.84     |
|    explained_variance | 0        |
|    learning_rate      | 0.0007   |
|    n_updates          | 52199    |
|    policy_loss        | -1.3e+04 |
|    reward             | 767.9897 |
|    std                | 0.0132   |
|    value_loss         | 5.96e+06 |
------------------------------------
-------------------------------------
| time/                 |           |
|    fps                | 33        |
|    iterations         | 52300     |
|    time_elapsed       | 7875      |
|    total_timesteps    | 261500    |
| train/                |           |
|    entropy_loss       | 5.86      |
|    explained_variance | 0         |
|    learning_rate      | 0.0007    |
|    n_updates          | 52299     |
|    policy_loss        | -1.38e+04 |
|    reward             | 825.5203  |
|    std                | 0.013     |
|    value_loss         | 7.26e+06  |
-------------------------------------
EPISODE:  263
-------------------------------------
| time/                 |           |
|    fps                | 33        |
|    iterations         | 52400     |
|    time_elapsed       | 7890      |
|    total_timesteps    | 262000    |
| train/                |           |
|    entropy_loss       | 5.88      |
|    explained_variance | 0         |
|    learning_rate      | 0.0007    |
|    n_updates          | 52399     |
|    policy_loss        | -1.19e+04 |
|    reward             | 767.9897  |
|    std                | 0.0129    |
|    value_loss         | 5.96e+06  |
-------------------------------------
-------------------------------------
| time/                 |           |
|    fps                | 33        |
|    iterations         | 52500     |
|    time_elapsed       | 7905      |
|    total_timesteps    | 262500    |
| train/                |           |
|    entropy_loss       | 5.89      |
|    explained_variance | 0         |
|    learning_rate      | 0.0007    |
|    n_updates          | 52499     |
|    policy_loss        | -1.51e+04 |
|    reward             | 825.5203  |
|    std                | 0.0128    |
|    value_loss         | 7.26e+06  |
-------------------------------------
EPISODE:  264
-------------------------------------
| time/                 |           |
|    fps                | 33        |
|    iterations         | 52600     |
|    time_elapsed       | 7920      |
|    total_timesteps    | 263000    |
| train/                |           |
|    entropy_loss       | 5.92      |
|    explained_variance | 0         |
|    learning_rate      | 0.0007    |
|    n_updates          | 52599     |
|    policy_loss        | -1.09e+04 |
|    reward             | 767.9897  |
|    std                | 0.0127    |
|    value_loss         | 5.95e+06  |
-------------------------------------
-------------------------------------
| time/                 |           |
|    fps                | 33        |
|    iterations         | 52700     |
|    time_elapsed       | 7935      |
|    total_timesteps    | 263500    |
| train/                |           |
|    entropy_loss       | 5.94      |
|    explained_variance | 0         |
|    learning_rate      | 0.0007    |
|    n_updates          | 52699     |
|    policy_loss        | -1.43e+04 |
|    reward             | 825.5203  |
|    std                | 0.0125    |
|    value_loss         | 7.26e+06  |
-------------------------------------
EPISODE:  265
-------------------------------------
| time/                 |           |
|    fps                | 33        |
|    iterations         | 52800     |
|    time_elapsed       | 7949      |
|    total_timesteps    | 264000    |
| train/                |           |
|    entropy_loss       | 5.97      |
|    explained_variance | 0         |
|    learning_rate      | 0.0007    |
|    n_updates          | 52799     |
|    policy_loss        | -1.28e+04 |
|    reward             | 767.9897  |
|    std                | 0.0123    |
|    value_loss         | 5.95e+06  |
-------------------------------------
-------------------------------------
| time/                 |           |
|    fps                | 33        |
|    iterations         | 52900     |
|    time_elapsed       | 7964      |
|    total_timesteps    | 264500    |
| train/                |           |
|    entropy_loss       | 5.97      |
|    explained_variance | -1.19e-07 |
|    learning_rate      | 0.0007    |
|    n_updates          | 52899     |
|    policy_loss        | -1.6e+04  |
|    reward             | 825.5203  |
|    std                | 0.0123    |
|    value_loss         | 7.25e+06  |
-------------------------------------
EPISODE:  266
-------------------------------------
| time/                 |           |
|    fps                | 33        |
|    iterations         | 53000     |
|    time_elapsed       | 7979      |
|    total_timesteps    | 265000    |
| train/                |           |
|    entropy_loss       | 5.99      |
|    explained_variance | 0         |
|    learning_rate      | 0.0007    |
|    n_updates          | 52999     |
|    policy_loss        | -1.45e+04 |
|    reward             | 767.9897  |
|    std                | 0.0122    |
|    value_loss         | 5.95e+06  |
-------------------------------------
-------------------------------------
| time/                 |           |
|    fps                | 33        |
|    iterations         | 53100     |
|    time_elapsed       | 7994      |
|    total_timesteps    | 265500    |
| train/                |           |
|    entropy_loss       | 5.99      |
|    explained_variance | 0         |
|    learning_rate      | 0.0007    |
|    n_updates          | 53099     |
|    policy_loss        | -1.36e+04 |
|    reward             | 825.5203  |
|    std                | 0.0122    |
|    value_loss         | 7.25e+06  |
-------------------------------------
EPISODE:  267
-------------------------------------
| time/                 |           |
|    fps                | 33        |
|    iterations         | 53200     |
|    time_elapsed       | 8009      |
|    total_timesteps    | 266000    |
| train/                |           |
|    entropy_loss       | 6.01      |
|    explained_variance | 0         |
|    learning_rate      | 0.0007    |
|    n_updates          | 53199     |
|    policy_loss        | -1.41e+04 |
|    reward             | 767.9897  |
|    std                | 0.0121    |
|    value_loss         | 5.95e+06  |
-------------------------------------
------------------------------------
| time/                 |          |
|    fps                | 33       |
|    iterations         | 53300    |
|    time_elapsed       | 8023     |
|    total_timesteps    | 266500   |
| train/                |          |
|    entropy_loss       | 6.04     |
|    explained_variance | 0        |
|    learning_rate      | 0.0007   |
|    n_updates          | 53299    |
|    policy_loss        | -1.6e+04 |
|    reward             | 825.5203 |
|    std                | 0.0119   |
|    value_loss         | 7.25e+06 |
------------------------------------
EPISODE:  268
------------------------------------
| time/                 |          |
|    fps                | 33       |
|    iterations         | 53400    |
|    time_elapsed       | 8038     |
|    total_timesteps    | 267000   |
| train/                |          |
|    entropy_loss       | 6.05     |
|    explained_variance | 0        |
|    learning_rate      | 0.0007   |
|    n_updates          | 53399    |
|    policy_loss        | -1.4e+04 |
|    reward             | 767.9897 |
|    std                | 0.0118   |
|    value_loss         | 5.95e+06 |
------------------------------------
-------------------------------------
| time/                 |           |
|    fps                | 33        |
|    iterations         | 53500     |
|    time_elapsed       | 8053      |
|    total_timesteps    | 267500    |
| train/                |           |
|    entropy_loss       | 6.07      |
|    explained_variance | 0         |
|    learning_rate      | 0.0007    |
|    n_updates          | 53499     |
|    policy_loss        | -1.44e+04 |
|    reward             | 825.5203  |
|    std                | 0.0117    |
|    value_loss         | 7.25e+06  |
-------------------------------------
EPISODE:  269
-------------------------------------
| time/                 |           |
|    fps                | 33        |
|    iterations         | 53600     |
|    time_elapsed       | 8068      |
|    total_timesteps    | 268000    |
| train/                |           |
|    entropy_loss       | 6.09      |
|    explained_variance | -1.19e-07 |
|    learning_rate      | 0.0007    |
|    n_updates          | 53599     |
|    policy_loss        | -1.19e+04 |
|    reward             | 767.9897  |
|    std                | 0.0116    |
|    value_loss         | 5.95e+06  |
-------------------------------------
------------------------------------
| time/                 |          |
|    fps                | 33       |
|    iterations         | 53700    |
|    time_elapsed       | 8084     |
|    total_timesteps    | 268500   |
| train/                |          |
|    entropy_loss       | 6.12     |
|    explained_variance | 0        |
|    learning_rate      | 0.0007   |
|    n_updates          | 53699    |
|    policy_loss        | -1.4e+04 |
|    reward             | 825.5203 |
|    std                | 0.0115   |
|    value_loss         | 7.25e+06 |
------------------------------------
EPISODE:  270
-------------------------------------
| time/                 |           |
|    fps                | 33        |
|    iterations         | 53800     |
|    time_elapsed       | 8099      |
|    total_timesteps    | 269000    |
| train/                |           |
|    entropy_loss       | 6.13      |
|    explained_variance | 0         |
|    learning_rate      | 0.0007    |
|    n_updates          | 53799     |
|    policy_loss        | -1.45e+04 |
|    reward             | 767.9897  |
|    std                | 0.0114    |
|    value_loss         | 5.95e+06  |
-------------------------------------
------------------------------------
| time/                 |          |
|    fps                | 33       |
|    iterations         | 53900    |
|    time_elapsed       | 8114     |
|    total_timesteps    | 269500   |
| train/                |          |
|    entropy_loss       | 6.14     |
|    explained_variance | 0        |
|    learning_rate      | 0.0007   |
|    n_updates          | 53899    |
|    policy_loss        | -1.5e+04 |
|    reward             | 825.5203 |
|    std                | 0.0113   |
|    value_loss         | 7.25e+06 |
------------------------------------
EPISODE:  271
-------------------------------------
| time/                 |           |
|    fps                | 33        |
|    iterations         | 54000     |
|    time_elapsed       | 8129      |
|    total_timesteps    | 270000    |
| train/                |           |
|    entropy_loss       | 6.16      |
|    explained_variance | 0         |
|    learning_rate      | 0.0007    |
|    n_updates          | 53999     |
|    policy_loss        | -1.44e+04 |
|    reward             | 767.9897  |
|    std                | 0.0112    |
|    value_loss         | 5.95e+06  |
-------------------------------------
-------------------------------------
| time/                 |           |
|    fps                | 33        |
|    iterations         | 54100     |
|    time_elapsed       | 8144      |
|    total_timesteps    | 270500    |
| train/                |           |
|    entropy_loss       | 6.17      |
|    explained_variance | 0         |
|    learning_rate      | 0.0007    |
|    n_updates          | 54099     |
|    policy_loss        | -1.46e+04 |
|    reward             | 825.5203  |
|    std                | 0.0111    |
|    value_loss         | 7.25e+06  |
-------------------------------------
EPISODE:  272
-------------------------------------
| time/                 |           |
|    fps                | 33        |
|    iterations         | 54200     |
|    time_elapsed       | 8159      |
|    total_timesteps    | 271000    |
| train/                |           |
|    entropy_loss       | 6.21      |
|    explained_variance | 1.19e-07  |
|    learning_rate      | 0.0007    |
|    n_updates          | 54199     |
|    policy_loss        | -1.31e+04 |
|    reward             | 767.9897  |
|    std                | 0.0109    |
|    value_loss         | 5.95e+06  |
-------------------------------------
-------------------------------------
| time/                 |           |
|    fps                | 33        |
|    iterations         | 54300     |
|    time_elapsed       | 8174      |
|    total_timesteps    | 271500    |
| train/                |           |
|    entropy_loss       | 6.24      |
|    explained_variance | 0         |
|    learning_rate      | 0.0007    |
|    n_updates          | 54299     |
|    policy_loss        | -1.72e+04 |
|    reward             | 825.5203  |
|    std                | 0.0108    |
|    value_loss         | 7.25e+06  |
-------------------------------------
EPISODE:  273
-------------------------------------
| time/                 |           |
|    fps                | 33        |
|    iterations         | 54400     |
|    time_elapsed       | 8189      |
|    total_timesteps    | 272000    |
| train/                |           |
|    entropy_loss       | 6.26      |
|    explained_variance | 0         |
|    learning_rate      | 0.0007    |
|    n_updates          | 54399     |
|    policy_loss        | -1.35e+04 |
|    reward             | 767.9897  |
|    std                | 0.0107    |
|    value_loss         | 5.95e+06  |
-------------------------------------
-------------------------------------
| time/                 |           |
|    fps                | 33        |
|    iterations         | 54500     |
|    time_elapsed       | 8204      |
|    total_timesteps    | 272500    |
| train/                |           |
|    entropy_loss       | 6.27      |
|    explained_variance | 0         |
|    learning_rate      | 0.0007    |
|    n_updates          | 54499     |
|    policy_loss        | -1.61e+04 |
|    reward             | 825.5203  |
|    std                | 0.0106    |
|    value_loss         | 7.25e+06  |
-------------------------------------
EPISODE:  274
-------------------------------------
| time/                 |           |
|    fps                | 33        |
|    iterations         | 54600     |
|    time_elapsed       | 8219      |
|    total_timesteps    | 273000    |
| train/                |           |
|    entropy_loss       | 6.27      |
|    explained_variance | 0         |
|    learning_rate      | 0.0007    |
|    n_updates          | 54599     |
|    policy_loss        | -1.24e+04 |
|    reward             | 767.9897  |
|    std                | 0.0106    |
|    value_loss         | 5.94e+06  |
-------------------------------------
-------------------------------------
| time/                 |           |
|    fps                | 33        |
|    iterations         | 54700     |
|    time_elapsed       | 8234      |
|    total_timesteps    | 273500    |
| train/                |           |
|    entropy_loss       | 6.31      |
|    explained_variance | 0         |
|    learning_rate      | 0.0007    |
|    n_updates          | 54699     |
|    policy_loss        | -1.56e+04 |
|    reward             | 825.5203  |
|    std                | 0.0105    |
|    value_loss         | 7.24e+06  |
-------------------------------------
EPISODE:  275
------------------------------------
| time/                 |          |
|    fps                | 33       |
|    iterations         | 54800    |
|    time_elapsed       | 8249     |
|    total_timesteps    | 274000   |
| train/                |          |
|    entropy_loss       | 6.32     |
|    explained_variance | 0        |
|    learning_rate      | 0.0007   |
|    n_updates          | 54799    |
|    policy_loss        | -1.4e+04 |
|    reward             | 767.9897 |
|    std                | 0.0104   |
|    value_loss         | 5.94e+06 |
------------------------------------
-------------------------------------
| time/                 |           |
|    fps                | 33        |
|    iterations         | 54900     |
|    time_elapsed       | 8264      |
|    total_timesteps    | 274500    |
| train/                |           |
|    entropy_loss       | 6.35      |
|    explained_variance | 0         |
|    learning_rate      | 0.0007    |
|    n_updates          | 54899     |
|    policy_loss        | -1.72e+04 |
|    reward             | 825.5203  |
|    std                | 0.0103    |
|    value_loss         | 7.24e+06  |
-------------------------------------
EPISODE:  276
-------------------------------------
| time/                 |           |
|    fps                | 33        |
|    iterations         | 55000     |
|    time_elapsed       | 8279      |
|    total_timesteps    | 275000    |
| train/                |           |
|    entropy_loss       | 6.37      |
|    explained_variance | 0         |
|    learning_rate      | 0.0007    |
|    n_updates          | 54999     |
|    policy_loss        | -1.47e+04 |
|    reward             | 767.9897  |
|    std                | 0.0101    |
|    value_loss         | 5.94e+06  |
-------------------------------------
-------------------------------------
| time/                 |           |
|    fps                | 33        |
|    iterations         | 55100     |
|    time_elapsed       | 8294      |
|    total_timesteps    | 275500    |
| train/                |           |
|    entropy_loss       | 6.38      |
|    explained_variance | 0         |
|    learning_rate      | 0.0007    |
|    n_updates          | 55099     |
|    policy_loss        | -1.45e+04 |
|    reward             | 825.5203  |
|    std                | 0.0101    |
|    value_loss         | 7.24e+06  |
-------------------------------------
EPISODE:  277
-------------------------------------
| time/                 |           |
|    fps                | 33        |
|    iterations         | 55200     |
|    time_elapsed       | 8309      |
|    total_timesteps    | 276000    |
| train/                |           |
|    entropy_loss       | 6.4       |
|    explained_variance | 0         |
|    learning_rate      | 0.0007    |
|    n_updates          | 55199     |
|    policy_loss        | -1.33e+04 |
|    reward             | 767.9897  |
|    std                | 0.00998   |
|    value_loss         | 5.94e+06  |
-------------------------------------
-------------------------------------
| time/                 |           |
|    fps                | 33        |
|    iterations         | 55300     |
|    time_elapsed       | 8324      |
|    total_timesteps    | 276500    |
| train/                |           |
|    entropy_loss       | 6.42      |
|    explained_variance | -1.19e-07 |
|    learning_rate      | 0.0007    |
|    n_updates          | 55299     |
|    policy_loss        | -1.66e+04 |
|    reward             | 825.5203  |
|    std                | 0.00989   |
|    value_loss         | 7.24e+06  |
-------------------------------------
EPISODE:  278
-------------------------------------
| time/                 |           |
|    fps                | 33        |
|    iterations         | 55400     |
|    time_elapsed       | 8339      |
|    total_timesteps    | 277000    |
| train/                |           |
|    entropy_loss       | 6.43      |
|    explained_variance | -1.19e-07 |
|    learning_rate      | 0.0007    |
|    n_updates          | 55399     |
|    policy_loss        | -1.43e+04 |
|    reward             | 767.9897  |
|    std                | 0.00985   |
|    value_loss         | 5.94e+06  |
-------------------------------------
------------------------------------
| time/                 |          |
|    fps                | 33       |
|    iterations         | 55500    |
|    time_elapsed       | 8355     |
|    total_timesteps    | 277500   |
| train/                |          |
|    entropy_loss       | 6.45     |
|    explained_variance | 0        |
|    learning_rate      | 0.0007   |
|    n_updates          | 55499    |
|    policy_loss        | -1.5e+04 |
|    reward             | 825.5203 |
|    std                | 0.00977  |
|    value_loss         | 7.24e+06 |
------------------------------------
EPISODE:  279
-------------------------------------
| time/                 |           |
|    fps                | 33        |
|    iterations         | 55600     |
|    time_elapsed       | 8370      |
|    total_timesteps    | 278000    |
| train/                |           |
|    entropy_loss       | 6.45      |
|    explained_variance | 0         |
|    learning_rate      | 0.0007    |
|    n_updates          | 55599     |
|    policy_loss        | -1.44e+04 |
|    reward             | 767.9897  |
|    std                | 0.00977   |
|    value_loss         | 5.94e+06  |
-------------------------------------
-------------------------------------
| time/                 |           |
|    fps                | 33        |
|    iterations         | 55700     |
|    time_elapsed       | 8385      |
|    total_timesteps    | 278500    |
| train/                |           |
|    entropy_loss       | 6.46      |
|    explained_variance | 0         |
|    learning_rate      | 0.0007    |
|    n_updates          | 55699     |
|    policy_loss        | -1.61e+04 |
|    reward             | 825.5203  |
|    std                | 0.00971   |
|    value_loss         | 7.24e+06  |
-------------------------------------
EPISODE:  280
-------------------------------------
| time/                 |           |
|    fps                | 33        |
|    iterations         | 55800     |
|    time_elapsed       | 8400      |
|    total_timesteps    | 279000    |
| train/                |           |
|    entropy_loss       | 6.47      |
|    explained_variance | 1.19e-07  |
|    learning_rate      | 0.0007    |
|    n_updates          | 55799     |
|    policy_loss        | -1.53e+04 |
|    reward             | 767.9897  |
|    std                | 0.00965   |
|    value_loss         | 5.94e+06  |
-------------------------------------
-------------------------------------
| time/                 |           |
|    fps                | 33        |
|    iterations         | 55900     |
|    time_elapsed       | 8415      |
|    total_timesteps    | 279500    |
| train/                |           |
|    entropy_loss       | 6.52      |
|    explained_variance | 0         |
|    learning_rate      | 0.0007    |
|    n_updates          | 55899     |
|    policy_loss        | -1.45e+04 |
|    reward             | 825.5203  |
|    std                | 0.00945   |
|    value_loss         | 7.24e+06  |
-------------------------------------
EPISODE:  281
-------------------------------------
| time/                 |           |
|    fps                | 33        |
|    iterations         | 56000     |
|    time_elapsed       | 8430      |
|    total_timesteps    | 280000    |
| train/                |           |
|    entropy_loss       | 6.53      |
|    explained_variance | 0         |
|    learning_rate      | 0.0007    |
|    n_updates          | 55999     |
|    policy_loss        | -1.31e+04 |
|    reward             | 767.9897  |
|    std                | 0.00941   |
|    value_loss         | 5.94e+06  |
-------------------------------------
-------------------------------------
| time/                 |           |
|    fps                | 33        |
|    iterations         | 56100     |
|    time_elapsed       | 8445      |
|    total_timesteps    | 280500    |
| train/                |           |
|    entropy_loss       | 6.55      |
|    explained_variance | 0         |
|    learning_rate      | 0.0007    |
|    n_updates          | 56099     |
|    policy_loss        | -1.65e+04 |
|    reward             | 825.5203  |
|    std                | 0.00929   |
|    value_loss         | 7.24e+06  |
-------------------------------------
EPISODE:  282
-------------------------------------
| time/                 |           |
|    fps                | 33        |
|    iterations         | 56200     |
|    time_elapsed       | 8460      |
|    total_timesteps    | 281000    |
| train/                |           |
|    entropy_loss       | 6.58      |
|    explained_variance | 0         |
|    learning_rate      | 0.0007    |
|    n_updates          | 56199     |
|    policy_loss        | -1.32e+04 |
|    reward             | 767.9897  |
|    std                | 0.00919   |
|    value_loss         | 5.94e+06  |
-------------------------------------
-------------------------------------
| time/                 |           |
|    fps                | 33        |
|    iterations         | 56300     |
|    time_elapsed       | 8475      |
|    total_timesteps    | 281500    |
| train/                |           |
|    entropy_loss       | 6.6       |
|    explained_variance | 0         |
|    learning_rate      | 0.0007    |
|    n_updates          | 56299     |
|    policy_loss        | -1.54e+04 |
|    reward             | 825.5203  |
|    std                | 0.00909   |
|    value_loss         | 7.24e+06  |
-------------------------------------
EPISODE:  283
-------------------------------------
| time/                 |           |
|    fps                | 33        |
|    iterations         | 56400     |
|    time_elapsed       | 8490      |
|    total_timesteps    | 282000    |
| train/                |           |
|    entropy_loss       | 6.63      |
|    explained_variance | 0         |
|    learning_rate      | 0.0007    |
|    n_updates          | 56399     |
|    policy_loss        | -1.42e+04 |
|    reward             | 767.9897  |
|    std                | 0.00892   |
|    value_loss         | 5.94e+06  |
-------------------------------------
-------------------------------------
| time/                 |           |
|    fps                | 33        |
|    iterations         | 56500     |
|    time_elapsed       | 8505      |
|    total_timesteps    | 282500    |
| train/                |           |
|    entropy_loss       | 6.63      |
|    explained_variance | 0         |
|    learning_rate      | 0.0007    |
|    n_updates          | 56499     |
|    policy_loss        | -1.61e+04 |
|    reward             | 825.5203  |
|    std                | 0.00891   |
|    value_loss         | 7.24e+06  |
-------------------------------------
EPISODE:  284
-------------------------------------
| time/                 |           |
|    fps                | 33        |
|    iterations         | 56600     |
|    time_elapsed       | 8520      |
|    total_timesteps    | 283000    |
| train/                |           |
|    entropy_loss       | 6.64      |
|    explained_variance | 0         |
|    learning_rate      | 0.0007    |
|    n_updates          | 56599     |
|    policy_loss        | -1.22e+04 |
|    reward             | 767.9897  |
|    std                | 0.00888   |
|    value_loss         | 5.94e+06  |
-------------------------------------
-------------------------------------
| time/                 |           |
|    fps                | 33        |
|    iterations         | 56700     |
|    time_elapsed       | 8535      |
|    total_timesteps    | 283500    |
| train/                |           |
|    entropy_loss       | 6.67      |
|    explained_variance | 0         |
|    learning_rate      | 0.0007    |
|    n_updates          | 56699     |
|    policy_loss        | -1.65e+04 |
|    reward             | 825.5203  |
|    std                | 0.00876   |
|    value_loss         | 7.24e+06  |
-------------------------------------
EPISODE:  285
-------------------------------------
| time/                 |           |
|    fps                | 33        |
|    iterations         | 56800     |
|    time_elapsed       | 8550      |
|    total_timesteps    | 284000    |
| train/                |           |
|    entropy_loss       | 6.69      |
|    explained_variance | 0         |
|    learning_rate      | 0.0007    |
|    n_updates          | 56799     |
|    policy_loss        | -1.48e+04 |
|    reward             | 767.9897  |
|    std                | 0.00867   |
|    value_loss         | 5.94e+06  |
-------------------------------------
-------------------------------------
| time/                 |           |
|    fps                | 33        |
|    iterations         | 56900     |
|    time_elapsed       | 8565      |
|    total_timesteps    | 284500    |
| train/                |           |
|    entropy_loss       | 6.69      |
|    explained_variance | 0         |
|    learning_rate      | 0.0007    |
|    n_updates          | 56899     |
|    policy_loss        | -1.73e+04 |
|    reward             | 825.5203  |
|    std                | 0.00864   |
|    value_loss         | 7.23e+06  |
-------------------------------------
EPISODE:  286
------------------------------------
| time/                 |          |
|    fps                | 33       |
|    iterations         | 57000    |
|    time_elapsed       | 8580     |
|    total_timesteps    | 285000   |
| train/                |          |
|    entropy_loss       | 6.71     |
|    explained_variance | 2.38e-07 |
|    learning_rate      | 0.0007   |
|    n_updates          | 56999    |
|    policy_loss        | -1.4e+04 |
|    reward             | 767.9897 |
|    std                | 0.00855  |
|    value_loss         | 5.93e+06 |
------------------------------------
-------------------------------------
| time/                 |           |
|    fps                | 33        |
|    iterations         | 57100     |
|    time_elapsed       | 8596      |
|    total_timesteps    | 285500    |
| train/                |           |
|    entropy_loss       | 6.74      |
|    explained_variance | 0         |
|    learning_rate      | 0.0007    |
|    n_updates          | 57099     |
|    policy_loss        | -1.77e+04 |
|    reward             | 825.5203  |
|    std                | 0.00844   |
|    value_loss         | 7.23e+06  |
-------------------------------------
EPISODE:  287
-------------------------------------
| time/                 |           |
|    fps                | 33        |
|    iterations         | 57200     |
|    time_elapsed       | 8611      |
|    total_timesteps    | 286000    |
| train/                |           |
|    entropy_loss       | 6.75      |
|    explained_variance | 0         |
|    learning_rate      | 0.0007    |
|    n_updates          | 57199     |
|    policy_loss        | -1.54e+04 |
|    reward             | 767.9897  |
|    std                | 0.00839   |
|    value_loss         | 5.93e+06  |
-------------------------------------
-------------------------------------
| time/                 |           |
|    fps                | 33        |
|    iterations         | 57300     |
|    time_elapsed       | 8626      |
|    total_timesteps    | 286500    |
| train/                |           |
|    entropy_loss       | 6.76      |
|    explained_variance | 0         |
|    learning_rate      | 0.0007    |
|    n_updates          | 57299     |
|    policy_loss        | -1.82e+04 |
|    reward             | 825.5203  |
|    std                | 0.00833   |
|    value_loss         | 7.23e+06  |
-------------------------------------
EPISODE:  288
------------------------------------
| time/                 |          |
|    fps                | 33       |
|    iterations         | 57400    |
|    time_elapsed       | 8641     |
|    total_timesteps    | 287000   |
| train/                |          |
|    entropy_loss       | 6.78     |
|    explained_variance | 0        |
|    learning_rate      | 0.0007   |
|    n_updates          | 57399    |
|    policy_loss        | -1.5e+04 |
|    reward             | 767.9897 |
|    std                | 0.00828  |
|    value_loss         | 5.93e+06 |
------------------------------------
-------------------------------------
| time/                 |           |
|    fps                | 33        |
|    iterations         | 57500     |
|    time_elapsed       | 8656      |
|    total_timesteps    | 287500    |
| train/                |           |
|    entropy_loss       | 6.8       |
|    explained_variance | -1.19e-07 |
|    learning_rate      | 0.0007    |
|    n_updates          | 57499     |
|    policy_loss        | -1.69e+04 |
|    reward             | 825.5203  |
|    std                | 0.0082    |
|    value_loss         | 7.23e+06  |
-------------------------------------
EPISODE:  289
-------------------------------------
| time/                 |           |
|    fps                | 33        |
|    iterations         | 57600     |
|    time_elapsed       | 8671      |
|    total_timesteps    | 288000    |
| train/                |           |
|    entropy_loss       | 6.84      |
|    explained_variance | 1.19e-07  |
|    learning_rate      | 0.0007    |
|    n_updates          | 57599     |
|    policy_loss        | -1.43e+04 |
|    reward             | 767.9897  |
|    std                | 0.00801   |
|    value_loss         | 5.93e+06  |
-------------------------------------
-------------------------------------
| time/                 |           |
|    fps                | 33        |
|    iterations         | 57700     |
|    time_elapsed       | 8686      |
|    total_timesteps    | 288500    |
| train/                |           |
|    entropy_loss       | 6.88      |
|    explained_variance | 1.19e-07  |
|    learning_rate      | 0.0007    |
|    n_updates          | 57699     |
|    policy_loss        | -1.75e+04 |
|    reward             | 825.5203  |
|    std                | 0.00786   |
|    value_loss         | 7.23e+06  |
-------------------------------------
EPISODE:  290
-------------------------------------
| time/                 |           |
|    fps                | 33        |
|    iterations         | 57800     |
|    time_elapsed       | 8701      |
|    total_timesteps    | 289000    |
| train/                |           |
|    entropy_loss       | 6.92      |
|    explained_variance | 1.19e-07  |
|    learning_rate      | 0.0007    |
|    n_updates          | 57799     |
|    policy_loss        | -1.62e+04 |
|    reward             | 767.9897  |
|    std                | 0.00771   |
|    value_loss         | 5.93e+06  |
-------------------------------------
-------------------------------------
| time/                 |           |
|    fps                | 33        |
|    iterations         | 57900     |
|    time_elapsed       | 8716      |
|    total_timesteps    | 289500    |
| train/                |           |
|    entropy_loss       | 6.93      |
|    explained_variance | 0         |
|    learning_rate      | 0.0007    |
|    n_updates          | 57899     |
|    policy_loss        | -1.51e+04 |
|    reward             | 825.5203  |
|    std                | 0.00767   |
|    value_loss         | 7.23e+06  |
-------------------------------------
EPISODE:  291
-------------------------------------
| time/                 |           |
|    fps                | 33        |
|    iterations         | 58000     |
|    time_elapsed       | 8731      |
|    total_timesteps    | 290000    |
| train/                |           |
|    entropy_loss       | 6.95      |
|    explained_variance | 0         |
|    learning_rate      | 0.0007    |
|    n_updates          | 57999     |
|    policy_loss        | -1.53e+04 |
|    reward             | 767.9897  |
|    std                | 0.0076    |
|    value_loss         | 5.93e+06  |
-------------------------------------
-------------------------------------
| time/                 |           |
|    fps                | 33        |
|    iterations         | 58100     |
|    time_elapsed       | 8746      |
|    total_timesteps    | 290500    |
| train/                |           |
|    entropy_loss       | 6.97      |
|    explained_variance | 0         |
|    learning_rate      | 0.0007    |
|    n_updates          | 58099     |
|    policy_loss        | -1.58e+04 |
|    reward             | 825.5203  |
|    std                | 0.00751   |
|    value_loss         | 7.23e+06  |
-------------------------------------
EPISODE:  292
-------------------------------------
| time/                 |           |
|    fps                | 33        |
|    iterations         | 58200     |
|    time_elapsed       | 8762      |
|    total_timesteps    | 291000    |
| train/                |           |
|    entropy_loss       | 6.98      |
|    explained_variance | 0         |
|    learning_rate      | 0.0007    |
|    n_updates          | 58199     |
|    policy_loss        | -1.59e+04 |
|    reward             | 767.9897  |
|    std                | 0.00749   |
|    value_loss         | 5.93e+06  |
-------------------------------------
-------------------------------------
| time/                 |           |
|    fps                | 33        |
|    iterations         | 58300     |
|    time_elapsed       | 8777      |
|    total_timesteps    | 291500    |
| train/                |           |
|    entropy_loss       | 6.99      |
|    explained_variance | -1.19e-07 |
|    learning_rate      | 0.0007    |
|    n_updates          | 58299     |
|    policy_loss        | -1.74e+04 |
|    reward             | 825.5203  |
|    std                | 0.00745   |
|    value_loss         | 7.23e+06  |
-------------------------------------
EPISODE:  293
-------------------------------------
| time/                 |           |
|    fps                | 33        |
|    iterations         | 58400     |
|    time_elapsed       | 8792      |
|    total_timesteps    | 292000    |
| train/                |           |
|    entropy_loss       | 6.99      |
|    explained_variance | 0         |
|    learning_rate      | 0.0007    |
|    n_updates          | 58399     |
|    policy_loss        | -1.62e+04 |
|    reward             | 767.9897  |
|    std                | 0.00744   |
|    value_loss         | 5.93e+06  |
-------------------------------------
-------------------------------------
| time/                 |           |
|    fps                | 33        |
|    iterations         | 58500     |
|    time_elapsed       | 8807      |
|    total_timesteps    | 292500    |
| train/                |           |
|    entropy_loss       | 7.01      |
|    explained_variance | 1.19e-07  |
|    learning_rate      | 0.0007    |
|    n_updates          | 58499     |
|    policy_loss        | -1.85e+04 |
|    reward             | 825.5203  |
|    std                | 0.00734   |
|    value_loss         | 7.23e+06  |
-------------------------------------
EPISODE:  294
-------------------------------------
| time/                 |           |
|    fps                | 33        |
|    iterations         | 58600     |
|    time_elapsed       | 8822      |
|    total_timesteps    | 293000    |
| train/                |           |
|    entropy_loss       | 7.03      |
|    explained_variance | 0         |
|    learning_rate      | 0.0007    |
|    n_updates          | 58599     |
|    policy_loss        | -1.58e+04 |
|    reward             | 767.9897  |
|    std                | 0.00729   |
|    value_loss         | 5.93e+06  |
-------------------------------------
------------------------------------
| time/                 |          |
|    fps                | 33       |
|    iterations         | 58700    |
|    time_elapsed       | 8837     |
|    total_timesteps    | 293500   |
| train/                |          |
|    entropy_loss       | 7.05     |
|    explained_variance | 0        |
|    learning_rate      | 0.0007   |
|    n_updates          | 58699    |
|    policy_loss        | -1.8e+04 |
|    reward             | 825.5203 |
|    std                | 0.00724  |
|    value_loss         | 7.23e+06 |
------------------------------------
EPISODE:  295
-------------------------------------
| time/                 |           |
|    fps                | 33        |
|    iterations         | 58800     |
|    time_elapsed       | 8852      |
|    total_timesteps    | 294000    |
| train/                |           |
|    entropy_loss       | 7.05      |
|    explained_variance | 0         |
|    learning_rate      | 0.0007    |
|    n_updates          | 58799     |
|    policy_loss        | -1.43e+04 |
|    reward             | 767.9897  |
|    std                | 0.00721   |
|    value_loss         | 5.93e+06  |
-------------------------------------
-------------------------------------
| time/                 |           |
|    fps                | 33        |
|    iterations         | 58900     |
|    time_elapsed       | 8867      |
|    total_timesteps    | 294500    |
| train/                |           |
|    entropy_loss       | 7.08      |
|    explained_variance | 0         |
|    learning_rate      | 0.0007    |
|    n_updates          | 58899     |
|    policy_loss        | -1.42e+04 |
|    reward             | 825.5203  |
|    std                | 0.00712   |
|    value_loss         | 7.22e+06  |
-------------------------------------
EPISODE:  296
-------------------------------------
| time/                 |           |
|    fps                | 33        |
|    iterations         | 59000     |
|    time_elapsed       | 8882      |
|    total_timesteps    | 295000    |
| train/                |           |
|    entropy_loss       | 7.1       |
|    explained_variance | 0         |
|    learning_rate      | 0.0007    |
|    n_updates          | 58999     |
|    policy_loss        | -1.63e+04 |
|    reward             | 767.9897  |
|    std                | 0.00705   |
|    value_loss         | 5.93e+06  |
-------------------------------------
-------------------------------------
| time/                 |           |
|    fps                | 33        |
|    iterations         | 59100     |
|    time_elapsed       | 8897      |
|    total_timesteps    | 295500    |
| train/                |           |
|    entropy_loss       | 7.13      |
|    explained_variance | 0         |
|    learning_rate      | 0.0007    |
|    n_updates          | 59099     |
|    policy_loss        | -1.67e+04 |
|    reward             | 825.5203  |
|    std                | 0.00696   |
|    value_loss         | 7.22e+06  |
-------------------------------------
EPISODE:  297
-------------------------------------
| time/                 |           |
|    fps                | 33        |
|    iterations         | 59200     |
|    time_elapsed       | 8912      |
|    total_timesteps    | 296000    |
| train/                |           |
|    entropy_loss       | 7.16      |
|    explained_variance | -1.19e-07 |
|    learning_rate      | 0.0007    |
|    n_updates          | 59199     |
|    policy_loss        | -1.54e+04 |
|    reward             | 767.9897  |
|    std                | 0.00687   |
|    value_loss         | 5.92e+06  |
-------------------------------------
-------------------------------------
| time/                 |           |
|    fps                | 33        |
|    iterations         | 59300     |
|    time_elapsed       | 8927      |
|    total_timesteps    | 296500    |
| train/                |           |
|    entropy_loss       | 7.17      |
|    explained_variance | 0         |
|    learning_rate      | 0.0007    |
|    n_updates          | 59299     |
|    policy_loss        | -1.68e+04 |
|    reward             | 825.5203  |
|    std                | 0.0068    |
|    value_loss         | 7.22e+06  |
-------------------------------------
EPISODE:  298
-------------------------------------
| time/                 |           |
|    fps                | 33        |
|    iterations         | 59400     |
|    time_elapsed       | 8943      |
|    total_timesteps    | 297000    |
| train/                |           |
|    entropy_loss       | 7.19      |
|    explained_variance | 0         |
|    learning_rate      | 0.0007    |
|    n_updates          | 59399     |
|    policy_loss        | -1.65e+04 |
|    reward             | 767.9897  |
|    std                | 0.00674   |
|    value_loss         | 5.92e+06  |
-------------------------------------
-------------------------------------
| time/                 |           |
|    fps                | 33        |
|    iterations         | 59500     |
|    time_elapsed       | 8958      |
|    total_timesteps    | 297500    |
| train/                |           |
|    entropy_loss       | 7.2       |
|    explained_variance | 0         |
|    learning_rate      | 0.0007    |
|    n_updates          | 59499     |
|    policy_loss        | -1.74e+04 |
|    reward             | 825.5203  |
|    std                | 0.00671   |
|    value_loss         | 7.22e+06  |
-------------------------------------
EPISODE:  299
-------------------------------------
| time/                 |           |
|    fps                | 33        |
|    iterations         | 59600     |
|    time_elapsed       | 8973      |
|    total_timesteps    | 298000    |
| train/                |           |
|    entropy_loss       | 7.21      |
|    explained_variance | 0         |
|    learning_rate      | 0.0007    |
|    n_updates          | 59599     |
|    policy_loss        | -1.74e+04 |
|    reward             | 767.9897  |
|    std                | 0.00666   |
|    value_loss         | 5.92e+06  |
-------------------------------------
-------------------------------------
| time/                 |           |
|    fps                | 33        |
|    iterations         | 59700     |
|    time_elapsed       | 8988      |
|    total_timesteps    | 298500    |
| train/                |           |
|    entropy_loss       | 7.24      |
|    explained_variance | 0         |
|    learning_rate      | 0.0007    |
|    n_updates          | 59699     |
|    policy_loss        | -1.92e+04 |
|    reward             | 825.5203  |
|    std                | 0.00659   |
|    value_loss         | 7.22e+06  |
-------------------------------------
EPISODE:  300
------------------------------------
| time/                 |          |
|    fps                | 33       |
|    iterations         | 59800    |
|    time_elapsed       | 9003     |
|    total_timesteps    | 299000   |
| train/                |          |
|    entropy_loss       | 7.26     |
|    explained_variance | 0        |
|    learning_rate      | 0.0007   |
|    n_updates          | 59799    |
|    policy_loss        | -1.7e+04 |
|    reward             | 767.9897 |
|    std                | 0.00653  |
|    value_loss         | 5.92e+06 |
------------------------------------
-------------------------------------
| time/                 |           |
|    fps                | 33        |
|    iterations         | 59900     |
|    time_elapsed       | 9018      |
|    total_timesteps    | 299500    |
| train/                |           |
|    entropy_loss       | 7.28      |
|    explained_variance | 0         |
|    learning_rate      | 0.0007    |
|    n_updates          | 59899     |
|    policy_loss        | -1.51e+04 |
|    reward             | 825.5203  |
|    std                | 0.00646   |
|    value_loss         | 7.22e+06  |
-------------------------------------
EPISODE:  301
-------------------------------------
| time/                 |           |
|    fps                | 33        |
|    iterations         | 60000     |
|    time_elapsed       | 9033      |
|    total_timesteps    | 300000    |
| train/                |           |
|    entropy_loss       | 7.31      |
|    explained_variance | 0         |
|    learning_rate      | 0.0007    |
|    n_updates          | 59999     |
|    policy_loss        | -1.66e+04 |
|    reward             | 767.9897  |
|    std                | 0.00637   |
|    value_loss         | 5.92e+06  |
-------------------------------------
-------------------------------------
| time/                 |           |
|    fps                | 33        |
|    iterations         | 60100     |
|    time_elapsed       | 9048      |
|    total_timesteps    | 300500    |
| train/                |           |
|    entropy_loss       | 7.33      |
|    explained_variance | 0         |
|    learning_rate      | 0.0007    |
|    n_updates          | 60099     |
|    policy_loss        | -1.83e+04 |
|    reward             | 825.5203  |
|    std                | 0.00628   |
|    value_loss         | 7.22e+06  |
-------------------------------------
EPISODE:  302
-------------------------------------
| time/                 |           |
|    fps                | 33        |
|    iterations         | 60200     |
|    time_elapsed       | 9063      |
|    total_timesteps    | 301000    |
| train/                |           |
|    entropy_loss       | 7.34      |
|    explained_variance | 0         |
|    learning_rate      | 0.0007    |
|    n_updates          | 60199     |
|    policy_loss        | -1.57e+04 |
|    reward             | 767.9897  |
|    std                | 0.00626   |
|    value_loss         | 5.92e+06  |
-------------------------------------
-------------------------------------
| time/                 |           |
|    fps                | 33        |
|    iterations         | 60300     |
|    time_elapsed       | 9078      |
|    total_timesteps    | 301500    |
| train/                |           |
|    entropy_loss       | 7.36      |
|    explained_variance | 0         |
|    learning_rate      | 0.0007    |
|    n_updates          | 60299     |
|    policy_loss        | -1.47e+04 |
|    reward             | 825.5203  |
|    std                | 0.00622   |
|    value_loss         | 7.22e+06  |
-------------------------------------
EPISODE:  303
-------------------------------------
| time/                 |           |
|    fps                | 33        |
|    iterations         | 60400     |
|    time_elapsed       | 9093      |
|    total_timesteps    | 302000    |
| train/                |           |
|    entropy_loss       | 7.38      |
|    explained_variance | 0         |
|    learning_rate      | 0.0007    |
|    n_updates          | 60399     |
|    policy_loss        | -1.67e+04 |
|    reward             | 767.9897  |
|    std                | 0.00616   |
|    value_loss         | 5.92e+06  |
-------------------------------------
-------------------------------------
| time/                 |           |
|    fps                | 33        |
|    iterations         | 60500     |
|    time_elapsed       | 9108      |
|    total_timesteps    | 302500    |
| train/                |           |
|    entropy_loss       | 7.39      |
|    explained_variance | 0         |
|    learning_rate      | 0.0007    |
|    n_updates          | 60499     |
|    policy_loss        | -1.86e+04 |
|    reward             | 825.5203  |
|    std                | 0.00614   |
|    value_loss         | 7.22e+06  |
-------------------------------------
EPISODE:  304
-------------------------------------
| time/                 |           |
|    fps                | 33        |
|    iterations         | 60600     |
|    time_elapsed       | 9124      |
|    total_timesteps    | 303000    |
| train/                |           |
|    entropy_loss       | 7.41      |
|    explained_variance | 0         |
|    learning_rate      | 0.0007    |
|    n_updates          | 60599     |
|    policy_loss        | -1.66e+04 |
|    reward             | 767.9897  |
|    std                | 0.00608   |
|    value_loss         | 5.92e+06  |
-------------------------------------
------------------------------------
| time/                 |          |
|    fps                | 33       |
|    iterations         | 60700    |
|    time_elapsed       | 9139     |
|    total_timesteps    | 303500   |
| train/                |          |
|    entropy_loss       | 7.41     |
|    explained_variance | 0        |
|    learning_rate      | 0.0007   |
|    n_updates          | 60699    |
|    policy_loss        | -1.9e+04 |
|    reward             | 825.5203 |
|    std                | 0.00607  |
|    value_loss         | 7.22e+06 |
------------------------------------
EPISODE:  305
-------------------------------------
| time/                 |           |
|    fps                | 33        |
|    iterations         | 60800     |
|    time_elapsed       | 9154      |
|    total_timesteps    | 304000    |
| train/                |           |
|    entropy_loss       | 7.46      |
|    explained_variance | 0         |
|    learning_rate      | 0.0007    |
|    n_updates          | 60799     |
|    policy_loss        | -1.65e+04 |
|    reward             | 767.9897  |
|    std                | 0.00594   |
|    value_loss         | 5.92e+06  |
-------------------------------------
-------------------------------------
| time/                 |           |
|    fps                | 33        |
|    iterations         | 60900     |
|    time_elapsed       | 9169      |
|    total_timesteps    | 304500    |
| train/                |           |
|    entropy_loss       | 7.48      |
|    explained_variance | 0         |
|    learning_rate      | 0.0007    |
|    n_updates          | 60899     |
|    policy_loss        | -1.82e+04 |
|    reward             | 825.5203  |
|    std                | 0.00589   |
|    value_loss         | 7.21e+06  |
-------------------------------------
EPISODE:  306
-------------------------------------
| time/                 |           |
|    fps                | 33        |
|    iterations         | 61000     |
|    time_elapsed       | 9184      |
|    total_timesteps    | 305000    |
| train/                |           |
|    entropy_loss       | 7.5       |
|    explained_variance | 1.19e-07  |
|    learning_rate      | 0.0007    |
|    n_updates          | 60999     |
|    policy_loss        | -1.79e+04 |
|    reward             | 767.9897  |
|    std                | 0.0058    |
|    value_loss         | 5.92e+06  |
-------------------------------------
-------------------------------------
| time/                 |           |
|    fps                | 33        |
|    iterations         | 61100     |
|    time_elapsed       | 9199      |
|    total_timesteps    | 305500    |
| train/                |           |
|    entropy_loss       | 7.53      |
|    explained_variance | 0         |
|    learning_rate      | 0.0007    |
|    n_updates          | 61099     |
|    policy_loss        | -1.89e+04 |
|    reward             | 825.5203  |
|    std                | 0.00573   |
|    value_loss         | 7.21e+06  |
-------------------------------------
EPISODE:  307
-------------------------------------
| time/                 |           |
|    fps                | 33        |
|    iterations         | 61200     |
|    time_elapsed       | 9214      |
|    total_timesteps    | 306000    |
| train/                |           |
|    entropy_loss       | 7.56      |
|    explained_variance | 0         |
|    learning_rate      | 0.0007    |
|    n_updates          | 61199     |
|    policy_loss        | -1.51e+04 |
|    reward             | 767.9897  |
|    std                | 0.00565   |
|    value_loss         | 5.92e+06  |
-------------------------------------
-------------------------------------
| time/                 |           |
|    fps                | 33        |
|    iterations         | 61300     |
|    time_elapsed       | 9228      |
|    total_timesteps    | 306500    |
| train/                |           |
|    entropy_loss       | 7.57      |
|    explained_variance | 0         |
|    learning_rate      | 0.0007    |
|    n_updates          | 61299     |
|    policy_loss        | -1.75e+04 |
|    reward             | 825.5203  |
|    std                | 0.00561   |
|    value_loss         | 7.21e+06  |
-------------------------------------
EPISODE:  308
-------------------------------------
| time/                 |           |
|    fps                | 33        |
|    iterations         | 61400     |
|    time_elapsed       | 9243      |
|    total_timesteps    | 307000    |
| train/                |           |
|    entropy_loss       | 7.59      |
|    explained_variance | 0         |
|    learning_rate      | 0.0007    |
|    n_updates          | 61399     |
|    policy_loss        | -1.77e+04 |
|    reward             | 767.9897  |
|    std                | 0.00556   |
|    value_loss         | 5.91e+06  |
-------------------------------------
-------------------------------------
| time/                 |           |
|    fps                | 33        |
|    iterations         | 61500     |
|    time_elapsed       | 9258      |
|    total_timesteps    | 307500    |
| train/                |           |
|    entropy_loss       | 7.6       |
|    explained_variance | -1.19e-07 |
|    learning_rate      | 0.0007    |
|    n_updates          | 61499     |
|    policy_loss        | -1.95e+04 |
|    reward             | 825.5203  |
|    std                | 0.00554   |
|    value_loss         | 7.21e+06  |
-------------------------------------
EPISODE:  309
-------------------------------------
| time/                 |           |
|    fps                | 33        |
|    iterations         | 61600     |
|    time_elapsed       | 9273      |
|    total_timesteps    | 308000    |
| train/                |           |
|    entropy_loss       | 7.61      |
|    explained_variance | -1.19e-07 |
|    learning_rate      | 0.0007    |
|    n_updates          | 61599     |
|    policy_loss        | -1.69e+04 |
|    reward             | 767.9897  |
|    std                | 0.0055    |
|    value_loss         | 5.91e+06  |
-------------------------------------
-------------------------------------
| time/                 |           |
|    fps                | 33        |
|    iterations         | 61700     |
|    time_elapsed       | 9288      |
|    total_timesteps    | 308500    |
| train/                |           |
|    entropy_loss       | 7.64      |
|    explained_variance | 0         |
|    learning_rate      | 0.0007    |
|    n_updates          | 61699     |
|    policy_loss        | -1.91e+04 |
|    reward             | 825.5203  |
|    std                | 0.00542   |
|    value_loss         | 7.21e+06  |
-------------------------------------
EPISODE:  310
-------------------------------------
| time/                 |           |
|    fps                | 33        |
|    iterations         | 61800     |
|    time_elapsed       | 9303      |
|    total_timesteps    | 309000    |
| train/                |           |
|    entropy_loss       | 7.67      |
|    explained_variance | 0         |
|    learning_rate      | 0.0007    |
|    n_updates          | 61799     |
|    policy_loss        | -1.69e+04 |
|    reward             | 767.9897  |
|    std                | 0.00534   |
|    value_loss         | 5.91e+06  |
-------------------------------------
-------------------------------------
| time/                 |           |
|    fps                | 33        |
|    iterations         | 61900     |
|    time_elapsed       | 9318      |
|    total_timesteps    | 309500    |
| train/                |           |
|    entropy_loss       | 7.69      |
|    explained_variance | -1.19e-07 |
|    learning_rate      | 0.0007    |
|    n_updates          | 61899     |
|    policy_loss        | -1.93e+04 |
|    reward             | 825.5203  |
|    std                | 0.00528   |
|    value_loss         | 7.21e+06  |
-------------------------------------
EPISODE:  311
-------------------------------------
| time/                 |           |
|    fps                | 33        |
|    iterations         | 62000     |
|    time_elapsed       | 9333      |
|    total_timesteps    | 310000    |
| train/                |           |
|    entropy_loss       | 7.71      |
|    explained_variance | 0         |
|    learning_rate      | 0.0007    |
|    n_updates          | 61999     |
|    policy_loss        | -1.81e+04 |
|    reward             | 767.9897  |
|    std                | 0.00522   |
|    value_loss         | 5.91e+06  |
-------------------------------------
-------------------------------------
| time/                 |           |
|    fps                | 33        |
|    iterations         | 62100     |
|    time_elapsed       | 9348      |
|    total_timesteps    | 310500    |
| train/                |           |
|    entropy_loss       | 7.74      |
|    explained_variance | 0         |
|    learning_rate      | 0.0007    |
|    n_updates          | 62099     |
|    policy_loss        | -1.88e+04 |
|    reward             | 825.5203  |
|    std                | 0.00515   |
|    value_loss         | 7.21e+06  |
-------------------------------------
EPISODE:  312
-------------------------------------
| time/                 |           |
|    fps                | 33        |
|    iterations         | 62200     |
|    time_elapsed       | 9363      |
|    total_timesteps    | 311000    |
| train/                |           |
|    entropy_loss       | 7.77      |
|    explained_variance | 0         |
|    learning_rate      | 0.0007    |
|    n_updates          | 62199     |
|    policy_loss        | -1.66e+04 |
|    reward             | 767.9897  |
|    std                | 0.00508   |
|    value_loss         | 5.91e+06  |
-------------------------------------
-------------------------------------
| time/                 |           |
|    fps                | 33        |
|    iterations         | 62300     |
|    time_elapsed       | 9378      |
|    total_timesteps    | 311500    |
| train/                |           |
|    entropy_loss       | 7.78      |
|    explained_variance | 0         |
|    learning_rate      | 0.0007    |
|    n_updates          | 62299     |
|    policy_loss        | -2.05e+04 |
|    reward             | 825.5203  |
|    std                | 0.00506   |
|    value_loss         | 7.21e+06  |
-------------------------------------
EPISODE:  313
-------------------------------------
| time/                 |           |
|    fps                | 33        |
|    iterations         | 62400     |
|    time_elapsed       | 9394      |
|    total_timesteps    | 312000    |
| train/                |           |
|    entropy_loss       | 7.81      |
|    explained_variance | 0         |
|    learning_rate      | 0.0007    |
|    n_updates          | 62399     |
|    policy_loss        | -1.83e+04 |
|    reward             | 767.9897  |
|    std                | 0.00498   |
|    value_loss         | 5.91e+06  |
-------------------------------------
-------------------------------------
| time/                 |           |
|    fps                | 33        |
|    iterations         | 62500     |
|    time_elapsed       | 9409      |
|    total_timesteps    | 312500    |
| train/                |           |
|    entropy_loss       | 7.81      |
|    explained_variance | 0         |
|    learning_rate      | 0.0007    |
|    n_updates          | 62499     |
|    policy_loss        | -2.06e+04 |
|    reward             | 825.5203  |
|    std                | 0.00497   |
|    value_loss         | 7.21e+06  |
-------------------------------------
EPISODE:  314
-------------------------------------
| time/                 |           |
|    fps                | 33        |
|    iterations         | 62600     |
|    time_elapsed       | 9424      |
|    total_timesteps    | 313000    |
| train/                |           |
|    entropy_loss       | 7.84      |
|    explained_variance | 0         |
|    learning_rate      | 0.0007    |
|    n_updates          | 62599     |
|    policy_loss        | -1.69e+04 |
|    reward             | 767.9897  |
|    std                | 0.0049    |
|    value_loss         | 5.91e+06  |
-------------------------------------
------------------------------------
| time/                 |          |
|    fps                | 33       |
|    iterations         | 62700    |
|    time_elapsed       | 9439     |
|    total_timesteps    | 313500   |
| train/                |          |
|    entropy_loss       | 7.85     |
|    explained_variance | 0        |
|    learning_rate      | 0.0007   |
|    n_updates          | 62699    |
|    policy_loss        | -1.9e+04 |
|    reward             | 825.5203 |
|    std                | 0.00487  |
|    value_loss         | 7.2e+06  |
------------------------------------
EPISODE:  315
-------------------------------------
| time/                 |           |
|    fps                | 33        |
|    iterations         | 62800     |
|    time_elapsed       | 9454      |
|    total_timesteps    | 314000    |
| train/                |           |
|    entropy_loss       | 7.87      |
|    explained_variance | 0         |
|    learning_rate      | 0.0007    |
|    n_updates          | 62799     |
|    policy_loss        | -1.87e+04 |
|    reward             | 767.9897  |
|    std                | 0.00483   |
|    value_loss         | 5.91e+06  |
-------------------------------------
-------------------------------------
| time/                 |           |
|    fps                | 33        |
|    iterations         | 62900     |
|    time_elapsed       | 9469      |
|    total_timesteps    | 314500    |
| train/                |           |
|    entropy_loss       | 7.89      |
|    explained_variance | 0         |
|    learning_rate      | 0.0007    |
|    n_updates          | 62899     |
|    policy_loss        | -1.81e+04 |
|    reward             | 825.5203  |
|    std                | 0.0048    |
|    value_loss         | 7.2e+06   |
-------------------------------------
EPISODE:  316
-------------------------------------
| time/                 |           |
|    fps                | 33        |
|    iterations         | 63000     |
|    time_elapsed       | 9484      |
|    total_timesteps    | 315000    |
| train/                |           |
|    entropy_loss       | 7.9       |
|    explained_variance | 0         |
|    learning_rate      | 0.0007    |
|    n_updates          | 62999     |
|    policy_loss        | -1.59e+04 |
|    reward             | 767.9897  |
|    std                | 0.00476   |
|    value_loss         | 5.91e+06  |
-------------------------------------
-------------------------------------
| time/                 |           |
|    fps                | 33        |
|    iterations         | 63100     |
|    time_elapsed       | 9499      |
|    total_timesteps    | 315500    |
| train/                |           |
|    entropy_loss       | 7.93      |
|    explained_variance | 0         |
|    learning_rate      | 0.0007    |
|    n_updates          | 63099     |
|    policy_loss        | -1.96e+04 |
|    reward             | 825.5203  |
|    std                | 0.0047    |
|    value_loss         | 7.2e+06   |
-------------------------------------
EPISODE:  317
-------------------------------------
| time/                 |           |
|    fps                | 33        |
|    iterations         | 63200     |
|    time_elapsed       | 9514      |
|    total_timesteps    | 316000    |
| train/                |           |
|    entropy_loss       | 7.95      |
|    explained_variance | 0         |
|    learning_rate      | 0.0007    |
|    n_updates          | 63199     |
|    policy_loss        | -1.71e+04 |
|    reward             | 767.9897  |
|    std                | 0.00464   |
|    value_loss         | 5.91e+06  |
-------------------------------------
-------------------------------------
| time/                 |           |
|    fps                | 33        |
|    iterations         | 63300     |
|    time_elapsed       | 9529      |
|    total_timesteps    | 316500    |
| train/                |           |
|    entropy_loss       | 7.97      |
|    explained_variance | 0         |
|    learning_rate      | 0.0007    |
|    n_updates          | 63299     |
|    policy_loss        | -2.06e+04 |
|    reward             | 825.5203  |
|    std                | 0.00459   |
|    value_loss         | 7.2e+06   |
-------------------------------------
EPISODE:  318
-------------------------------------
| time/                 |           |
|    fps                | 33        |
|    iterations         | 63400     |
|    time_elapsed       | 9544      |
|    total_timesteps    | 317000    |
| train/                |           |
|    entropy_loss       | 7.98      |
|    explained_variance | 0         |
|    learning_rate      | 0.0007    |
|    n_updates          | 63399     |
|    policy_loss        | -1.82e+04 |
|    reward             | 767.9897  |
|    std                | 0.00457   |
|    value_loss         | 5.91e+06  |
-------------------------------------
-------------------------------------
| time/                 |           |
|    fps                | 33        |
|    iterations         | 63500     |
|    time_elapsed       | 9559      |
|    total_timesteps    | 317500    |
| train/                |           |
|    entropy_loss       | 8         |
|    explained_variance | 0         |
|    learning_rate      | 0.0007    |
|    n_updates          | 63499     |
|    policy_loss        | -2.04e+04 |
|    reward             | 825.5203  |
|    std                | 0.00453   |
|    value_loss         | 7.2e+06   |
-------------------------------------
EPISODE:  319
-------------------------------------
| time/                 |           |
|    fps                | 33        |
|    iterations         | 63600     |
|    time_elapsed       | 9574      |
|    total_timesteps    | 318000    |
| train/                |           |
|    entropy_loss       | 8.03      |
|    explained_variance | 0         |
|    learning_rate      | 0.0007    |
|    n_updates          | 63599     |
|    policy_loss        | -1.86e+04 |
|    reward             | 767.9897  |
|    std                | 0.00447   |
|    value_loss         | 5.9e+06   |
-------------------------------------
-------------------------------------
| time/                 |           |
|    fps                | 33        |
|    iterations         | 63700     |
|    time_elapsed       | 9589      |
|    total_timesteps    | 318500    |
| train/                |           |
|    entropy_loss       | 8.06      |
|    explained_variance | 0         |
|    learning_rate      | 0.0007    |
|    n_updates          | 63699     |
|    policy_loss        | -1.67e+04 |
|    reward             | 825.5203  |
|    std                | 0.00441   |
|    value_loss         | 7.2e+06   |
-------------------------------------
EPISODE:  320
-------------------------------------
| time/                 |           |
|    fps                | 33        |
|    iterations         | 63800     |
|    time_elapsed       | 9604      |
|    total_timesteps    | 319000    |
| train/                |           |
|    entropy_loss       | 8.07      |
|    explained_variance | 0         |
|    learning_rate      | 0.0007    |
|    n_updates          | 63799     |
|    policy_loss        | -1.85e+04 |
|    reward             | 767.9897  |
|    std                | 0.00436   |
|    value_loss         | 5.9e+06   |
-------------------------------------
-------------------------------------
| time/                 |           |
|    fps                | 33        |
|    iterations         | 63900     |
|    time_elapsed       | 9619      |
|    total_timesteps    | 319500    |
| train/                |           |
|    entropy_loss       | 8.09      |
|    explained_variance | 0         |
|    learning_rate      | 0.0007    |
|    n_updates          | 63899     |
|    policy_loss        | -1.85e+04 |
|    reward             | 825.5203  |
|    std                | 0.00433   |
|    value_loss         | 7.2e+06   |
-------------------------------------
EPISODE:  321
------------------------------------
| time/                 |          |
|    fps                | 33       |
|    iterations         | 64000    |
|    time_elapsed       | 9634     |
|    total_timesteps    | 320000   |
| train/                |          |
|    entropy_loss       | 8.11     |
|    explained_variance | 0        |
|    learning_rate      | 0.0007   |
|    n_updates          | 63999    |
|    policy_loss        | -1.6e+04 |
|    reward             | 767.9897 |
|    std                | 0.0043   |
|    value_loss         | 5.9e+06  |
------------------------------------
-------------------------------------
| time/                 |           |
|    fps                | 33        |
|    iterations         | 64100     |
|    time_elapsed       | 9649      |
|    total_timesteps    | 320500    |
| train/                |           |
|    entropy_loss       | 8.12      |
|    explained_variance | 0         |
|    learning_rate      | 0.0007    |
|    n_updates          | 64099     |
|    policy_loss        | -2.12e+04 |
|    reward             | 825.5203  |
|    std                | 0.00427   |
|    value_loss         | 7.2e+06   |
-------------------------------------
EPISODE:  322
-------------------------------------
| time/                 |           |
|    fps                | 33        |
|    iterations         | 64200     |
|    time_elapsed       | 9664      |
|    total_timesteps    | 321000    |
| train/                |           |
|    entropy_loss       | 8.12      |
|    explained_variance | 0         |
|    learning_rate      | 0.0007    |
|    n_updates          | 64199     |
|    policy_loss        | -1.75e+04 |
|    reward             | 767.9897  |
|    std                | 0.00426   |
|    value_loss         | 5.9e+06   |
-------------------------------------
-------------------------------------
| time/                 |           |
|    fps                | 33        |
|    iterations         | 64300     |
|    time_elapsed       | 9679      |
|    total_timesteps    | 321500    |
| train/                |           |
|    entropy_loss       | 8.13      |
|    explained_variance | 0         |
|    learning_rate      | 0.0007    |
|    n_updates          | 64299     |
|    policy_loss        | -2.02e+04 |
|    reward             | 825.5203  |
|    std                | 0.00424   |
|    value_loss         | 7.2e+06   |
-------------------------------------
EPISODE:  323
-------------------------------------
| time/                 |           |
|    fps                | 33        |
|    iterations         | 64400     |
|    time_elapsed       | 9695      |
|    total_timesteps    | 322000    |
| train/                |           |
|    entropy_loss       | 8.14      |
|    explained_variance | 0         |
|    learning_rate      | 0.0007    |
|    n_updates          | 64399     |
|    policy_loss        | -1.87e+04 |
|    reward             | 767.9897  |
|    std                | 0.00422   |
|    value_loss         | 5.9e+06   |
-------------------------------------
-------------------------------------
| time/                 |           |
|    fps                | 33        |
|    iterations         | 64500     |
|    time_elapsed       | 9710      |
|    total_timesteps    | 322500    |
| train/                |           |
|    entropy_loss       | 8.18      |
|    explained_variance | 0         |
|    learning_rate      | 0.0007    |
|    n_updates          | 64499     |
|    policy_loss        | -1.86e+04 |
|    reward             | 825.5203  |
|    std                | 0.00414   |
|    value_loss         | 7.2e+06   |
-------------------------------------
EPISODE:  324
-------------------------------------
| time/                 |           |
|    fps                | 33        |
|    iterations         | 64600     |
|    time_elapsed       | 9725      |
|    total_timesteps    | 323000    |
| train/                |           |
|    entropy_loss       | 8.19      |
|    explained_variance | 0         |
|    learning_rate      | 0.0007    |
|    n_updates          | 64599     |
|    policy_loss        | -1.97e+04 |
|    reward             | 767.9897  |
|    std                | 0.00412   |
|    value_loss         | 5.9e+06   |
-------------------------------------
------------------------------------
| time/                 |          |
|    fps                | 33       |
|    iterations         | 64700    |
|    time_elapsed       | 9740     |
|    total_timesteps    | 323500   |
| train/                |          |
|    entropy_loss       | 8.22     |
|    explained_variance | 0        |
|    learning_rate      | 0.0007   |
|    n_updates          | 64699    |
|    policy_loss        | -1.9e+04 |
|    reward             | 825.5203 |
|    std                | 0.00407  |
|    value_loss         | 7.19e+06 |
------------------------------------
EPISODE:  325
-------------------------------------
| time/                 |           |
|    fps                | 33        |
|    iterations         | 64800     |
|    time_elapsed       | 9755      |
|    total_timesteps    | 324000    |
| train/                |           |
|    entropy_loss       | 8.24      |
|    explained_variance | 0         |
|    learning_rate      | 0.0007    |
|    n_updates          | 64799     |
|    policy_loss        | -1.72e+04 |
|    reward             | 767.9897  |
|    std                | 0.00403   |
|    value_loss         | 5.9e+06   |
-------------------------------------
-------------------------------------
| time/                 |           |
|    fps                | 33        |
|    iterations         | 64900     |
|    time_elapsed       | 9770      |
|    total_timesteps    | 324500    |
| train/                |           |
|    entropy_loss       | 8.27      |
|    explained_variance | 0         |
|    learning_rate      | 0.0007    |
|    n_updates          | 64899     |
|    policy_loss        | -1.97e+04 |
|    reward             | 825.5203  |
|    std                | 0.00398   |
|    value_loss         | 7.19e+06  |
-------------------------------------
EPISODE:  326
-------------------------------------
| time/                 |           |
|    fps                | 33        |
|    iterations         | 65000     |
|    time_elapsed       | 9785      |
|    total_timesteps    | 325000    |
| train/                |           |
|    entropy_loss       | 8.28      |
|    explained_variance | 0         |
|    learning_rate      | 0.0007    |
|    n_updates          | 64999     |
|    policy_loss        | -1.69e+04 |
|    reward             | 767.9897  |
|    std                | 0.00395   |
|    value_loss         | 5.9e+06   |
-------------------------------------
-------------------------------------
| time/                 |           |
|    fps                | 33        |
|    iterations         | 65100     |
|    time_elapsed       | 9800      |
|    total_timesteps    | 325500    |
| train/                |           |
|    entropy_loss       | 8.31      |
|    explained_variance | 0         |
|    learning_rate      | 0.0007    |
|    n_updates          | 65099     |
|    policy_loss        | -1.75e+04 |
|    reward             | 825.5203  |
|    std                | 0.00389   |
|    value_loss         | 7.19e+06  |
-------------------------------------
EPISODE:  327
-------------------------------------
| time/                 |           |
|    fps                | 33        |
|    iterations         | 65200     |
|    time_elapsed       | 9815      |
|    total_timesteps    | 326000    |
| train/                |           |
|    entropy_loss       | 8.32      |
|    explained_variance | 0         |
|    learning_rate      | 0.0007    |
|    n_updates          | 65199     |
|    policy_loss        | -1.79e+04 |
|    reward             | 767.9897  |
|    std                | 0.00387   |
|    value_loss         | 5.9e+06   |
-------------------------------------
-------------------------------------
| time/                 |           |
|    fps                | 33        |
|    iterations         | 65300     |
|    time_elapsed       | 9830      |
|    total_timesteps    | 326500    |
| train/                |           |
|    entropy_loss       | 8.35      |
|    explained_variance | 1.19e-07  |
|    learning_rate      | 0.0007    |
|    n_updates          | 65299     |
|    policy_loss        | -2.05e+04 |
|    reward             | 825.5203  |
|    std                | 0.00382   |
|    value_loss         | 7.19e+06  |
-------------------------------------
EPISODE:  328
-------------------------------------
| time/                 |           |
|    fps                | 33        |
|    iterations         | 65400     |
|    time_elapsed       | 9845      |
|    total_timesteps    | 327000    |
| train/                |           |
|    entropy_loss       | 8.37      |
|    explained_variance | 1.19e-07  |
|    learning_rate      | 0.0007    |
|    n_updates          | 65399     |
|    policy_loss        | -1.96e+04 |
|    reward             | 767.9897  |
|    std                | 0.00379   |
|    value_loss         | 5.9e+06   |
-------------------------------------
-------------------------------------
| time/                 |           |
|    fps                | 33        |
|    iterations         | 65500     |
|    time_elapsed       | 9860      |
|    total_timesteps    | 327500    |
| train/                |           |
|    entropy_loss       | 8.39      |
|    explained_variance | 0         |
|    learning_rate      | 0.0007    |
|    n_updates          | 65499     |
|    policy_loss        | -2.17e+04 |
|    reward             | 825.5203  |
|    std                | 0.00374   |
|    value_loss         | 7.19e+06  |
-------------------------------------
EPISODE:  329
-------------------------------------
| time/                 |           |
|    fps                | 33        |
|    iterations         | 65600     |
|    time_elapsed       | 9875      |
|    total_timesteps    | 328000    |
| train/                |           |
|    entropy_loss       | 8.42      |
|    explained_variance | 0         |
|    learning_rate      | 0.0007    |
|    n_updates          | 65599     |
|    policy_loss        | -1.83e+04 |
|    reward             | 767.9897  |
|    std                | 0.0037    |
|    value_loss         | 5.89e+06  |
-------------------------------------
-------------------------------------
| time/                 |           |
|    fps                | 33        |
|    iterations         | 65700     |
|    time_elapsed       | 9890      |
|    total_timesteps    | 328500    |
| train/                |           |
|    entropy_loss       | 8.43      |
|    explained_variance | 0         |
|    learning_rate      | 0.0007    |
|    n_updates          | 65699     |
|    policy_loss        | -2.12e+04 |
|    reward             | 825.5203  |
|    std                | 0.00368   |
|    value_loss         | 7.19e+06  |
-------------------------------------
EPISODE:  330
-------------------------------------
| time/                 |           |
|    fps                | 33        |
|    iterations         | 65800     |
|    time_elapsed       | 9905      |
|    total_timesteps    | 329000    |
| train/                |           |
|    entropy_loss       | 8.45      |
|    explained_variance | 0         |
|    learning_rate      | 0.0007    |
|    n_updates          | 65799     |
|    policy_loss        | -1.91e+04 |
|    reward             | 767.9897  |
|    std                | 0.00365   |
|    value_loss         | 5.89e+06  |
-------------------------------------
-------------------------------------
| time/                 |           |
|    fps                | 33        |
|    iterations         | 65900     |
|    time_elapsed       | 9921      |
|    total_timesteps    | 329500    |
| train/                |           |
|    entropy_loss       | 8.46      |
|    explained_variance | 0         |
|    learning_rate      | 0.0007    |
|    n_updates          | 65899     |
|    policy_loss        | -1.87e+04 |
|    reward             | 825.5203  |
|    std                | 0.00362   |
|    value_loss         | 7.19e+06  |
-------------------------------------
EPISODE:  331
-------------------------------------
| time/                 |           |
|    fps                | 33        |
|    iterations         | 66000     |
|    time_elapsed       | 9936      |
|    total_timesteps    | 330000    |
| train/                |           |
|    entropy_loss       | 8.46      |
|    explained_variance | 0         |
|    learning_rate      | 0.0007    |
|    n_updates          | 65999     |
|    policy_loss        | -1.93e+04 |
|    reward             | 767.9897  |
|    std                | 0.00362   |
|    value_loss         | 5.89e+06  |
-------------------------------------
-------------------------------------
| time/                 |           |
|    fps                | 33        |
|    iterations         | 66100     |
|    time_elapsed       | 9951      |
|    total_timesteps    | 330500    |
| train/                |           |
|    entropy_loss       | 8.46      |
|    explained_variance | 0         |
|    learning_rate      | 0.0007    |
|    n_updates          | 66099     |
|    policy_loss        | -2.15e+04 |
|    reward             | 825.5203  |
|    std                | 0.00363   |
|    value_loss         | 7.19e+06  |
-------------------------------------
EPISODE:  332
-------------------------------------
| time/                 |           |
|    fps                | 33        |
|    iterations         | 66200     |
|    time_elapsed       | 9966      |
|    total_timesteps    | 331000    |
| train/                |           |
|    entropy_loss       | 8.5       |
|    explained_variance | 1.19e-07  |
|    learning_rate      | 0.0007    |
|    n_updates          | 66199     |
|    policy_loss        | -1.98e+04 |
|    reward             | 767.9897  |
|    std                | 0.00357   |
|    value_loss         | 5.89e+06  |
-------------------------------------
-------------------------------------
| time/                 |           |
|    fps                | 33        |
|    iterations         | 66300     |
|    time_elapsed       | 9981      |
|    total_timesteps    | 331500    |
| train/                |           |
|    entropy_loss       | 8.52      |
|    explained_variance | 0         |
|    learning_rate      | 0.0007    |
|    n_updates          | 66299     |
|    policy_loss        | -2.14e+04 |
|    reward             | 825.5203  |
|    std                | 0.00354   |
|    value_loss         | 7.19e+06  |
-------------------------------------
EPISODE:  333
-------------------------------------
| time/                 |           |
|    fps                | 33        |
|    iterations         | 66400     |
|    time_elapsed       | 9996      |
|    total_timesteps    | 332000    |
| train/                |           |
|    entropy_loss       | 8.53      |
|    explained_variance | 0         |
|    learning_rate      | 0.0007    |
|    n_updates          | 66399     |
|    policy_loss        | -1.92e+04 |
|    reward             | 767.9897  |
|    std                | 0.00352   |
|    value_loss         | 5.89e+06  |
-------------------------------------
------------------------------------
| time/                 |          |
|    fps                | 33       |
|    iterations         | 66500    |
|    time_elapsed       | 10011    |
|    total_timesteps    | 332500   |
| train/                |          |
|    entropy_loss       | 8.56     |
|    explained_variance | 0        |
|    learning_rate      | 0.0007   |
|    n_updates          | 66499    |
|    policy_loss        | -2.1e+04 |
|    reward             | 825.5203 |
|    std                | 0.00348  |
|    value_loss         | 7.19e+06 |
------------------------------------
EPISODE:  334
-------------------------------------
| time/                 |           |
|    fps                | 33        |
|    iterations         | 66600     |
|    time_elapsed       | 10026     |
|    total_timesteps    | 333000    |
| train/                |           |
|    entropy_loss       | 8.59      |
|    explained_variance | 0         |
|    learning_rate      | 0.0007    |
|    n_updates          | 66599     |
|    policy_loss        | -1.91e+04 |
|    reward             | 767.9897  |
|    std                | 0.00343   |
|    value_loss         | 5.89e+06  |
-------------------------------------
-------------------------------------
| time/                 |           |
|    fps                | 33        |
|    iterations         | 66700     |
|    time_elapsed       | 10041     |
|    total_timesteps    | 333500    |
| train/                |           |
|    entropy_loss       | 8.62      |
|    explained_variance | -1.19e-07 |
|    learning_rate      | 0.0007    |
|    n_updates          | 66699     |
|    policy_loss        | -2.1e+04  |
|    reward             | 825.5203  |
|    std                | 0.00338   |
|    value_loss         | 7.19e+06  |
-------------------------------------
EPISODE:  335
-------------------------------------
| time/                 |           |
|    fps                | 33        |
|    iterations         | 66800     |
|    time_elapsed       | 10056     |
|    total_timesteps    | 334000    |
| train/                |           |
|    entropy_loss       | 8.65      |
|    explained_variance | 0         |
|    learning_rate      | 0.0007    |
|    n_updates          | 66799     |
|    policy_loss        | -1.84e+04 |
|    reward             | 767.9897  |
|    std                | 0.00332   |
|    value_loss         | 5.89e+06  |
-------------------------------------
-------------------------------------
| time/                 |           |
|    fps                | 33        |
|    iterations         | 66900     |
|    time_elapsed       | 10071     |
|    total_timesteps    | 334500    |
| train/                |           |
|    entropy_loss       | 8.66      |
|    explained_variance | 0         |
|    learning_rate      | 0.0007    |
|    n_updates          | 66899     |
|    policy_loss        | -2.14e+04 |
|    reward             | 825.5203  |
|    std                | 0.0033    |
|    value_loss         | 7.18e+06  |
-------------------------------------
EPISODE:  336
-------------------------------------
| time/                 |           |
|    fps                | 33        |
|    iterations         | 67000     |
|    time_elapsed       | 10086     |
|    total_timesteps    | 335000    |
| train/                |           |
|    entropy_loss       | 8.68      |
|    explained_variance | 0         |
|    learning_rate      | 0.0007    |
|    n_updates          | 66999     |
|    policy_loss        | -1.71e+04 |
|    reward             | 767.9897  |
|    std                | 0.00328   |
|    value_loss         | 5.89e+06  |
-------------------------------------
-------------------------------------
| time/                 |           |
|    fps                | 33        |
|    iterations         | 67100     |
|    time_elapsed       | 10101     |
|    total_timesteps    | 335500    |
| train/                |           |
|    entropy_loss       | 8.7       |
|    explained_variance | 0         |
|    learning_rate      | 0.0007    |
|    n_updates          | 67099     |
|    policy_loss        | -2.05e+04 |
|    reward             | 825.5203  |
|    std                | 0.00324   |
|    value_loss         | 7.18e+06  |
-------------------------------------
EPISODE:  337
------------------------------------
| time/                 |          |
|    fps                | 33       |
|    iterations         | 67200    |
|    time_elapsed       | 10116    |
|    total_timesteps    | 336000   |
| train/                |          |
|    entropy_loss       | 8.73     |
|    explained_variance | 0        |
|    learning_rate      | 0.0007   |
|    n_updates          | 67199    |
|    policy_loss        | -1.9e+04 |
|    reward             | 767.9897 |
|    std                | 0.00319  |
|    value_loss         | 5.89e+06 |
------------------------------------
-------------------------------------
| time/                 |           |
|    fps                | 33        |
|    iterations         | 67300     |
|    time_elapsed       | 10131     |
|    total_timesteps    | 336500    |
| train/                |           |
|    entropy_loss       | 8.75      |
|    explained_variance | 0         |
|    learning_rate      | 0.0007    |
|    n_updates          | 67299     |
|    policy_loss        | -2.12e+04 |
|    reward             | 825.5203  |
|    std                | 0.00317   |
|    value_loss         | 7.18e+06  |
-------------------------------------
EPISODE:  338
-------------------------------------
| time/                 |           |
|    fps                | 33        |
|    iterations         | 67400     |
|    time_elapsed       | 10147     |
|    total_timesteps    | 337000    |
| train/                |           |
|    entropy_loss       | 8.77      |
|    explained_variance | 0         |
|    learning_rate      | 0.0007    |
|    n_updates          | 67399     |
|    policy_loss        | -1.76e+04 |
|    reward             | 767.9897  |
|    std                | 0.00312   |
|    value_loss         | 5.89e+06  |
-------------------------------------
-------------------------------------
| time/                 |           |
|    fps                | 33        |
|    iterations         | 67500     |
|    time_elapsed       | 10162     |
|    total_timesteps    | 337500    |
| train/                |           |
|    entropy_loss       | 8.8       |
|    explained_variance | 0         |
|    learning_rate      | 0.0007    |
|    n_updates          | 67499     |
|    policy_loss        | -1.98e+04 |
|    reward             | 825.5203  |
|    std                | 0.00308   |
|    value_loss         | 7.18e+06  |
-------------------------------------
EPISODE:  339
-------------------------------------
| time/                 |           |
|    fps                | 33        |
|    iterations         | 67600     |
|    time_elapsed       | 10177     |
|    total_timesteps    | 338000    |
| train/                |           |
|    entropy_loss       | 8.82      |
|    explained_variance | 0         |
|    learning_rate      | 0.0007    |
|    n_updates          | 67599     |
|    policy_loss        | -2.06e+04 |
|    reward             | 767.9897  |
|    std                | 0.00305   |
|    value_loss         | 5.89e+06  |
-------------------------------------
-------------------------------------
| time/                 |           |
|    fps                | 33        |
|    iterations         | 67700     |
|    time_elapsed       | 10192     |
|    total_timesteps    | 338500    |
| train/                |           |
|    entropy_loss       | 8.82      |
|    explained_variance | 0         |
|    learning_rate      | 0.0007    |
|    n_updates          | 67699     |
|    policy_loss        | -2.15e+04 |
|    reward             | 825.5203  |
|    std                | 0.00304   |
|    value_loss         | 7.18e+06  |
-------------------------------------
EPISODE:  340
-------------------------------------
| time/                 |           |
|    fps                | 33        |
|    iterations         | 67800     |
|    time_elapsed       | 10207     |
|    total_timesteps    | 339000    |
| train/                |           |
|    entropy_loss       | 8.85      |
|    explained_variance | 0         |
|    learning_rate      | 0.0007    |
|    n_updates          | 67799     |
|    policy_loss        | -2.04e+04 |
|    reward             | 767.9897  |
|    std                | 0.00299   |
|    value_loss         | 5.89e+06  |
-------------------------------------
-------------------------------------
| time/                 |           |
|    fps                | 33        |
|    iterations         | 67900     |
|    time_elapsed       | 10222     |
|    total_timesteps    | 339500    |
| train/                |           |
|    entropy_loss       | 8.88      |
|    explained_variance | 0         |
|    learning_rate      | 0.0007    |
|    n_updates          | 67899     |
|    policy_loss        | -2.16e+04 |
|    reward             | 825.5203  |
|    std                | 0.00296   |
|    value_loss         | 7.18e+06  |
-------------------------------------
EPISODE:  341
-------------------------------------
| time/                 |           |
|    fps                | 33        |
|    iterations         | 68000     |
|    time_elapsed       | 10237     |
|    total_timesteps    | 340000    |
| train/                |           |
|    entropy_loss       | 8.9       |
|    explained_variance | 0         |
|    learning_rate      | 0.0007    |
|    n_updates          | 67999     |
|    policy_loss        | -1.86e+04 |
|    reward             | 767.9897  |
|    std                | 0.00292   |
|    value_loss         | 5.88e+06  |
-------------------------------------
-------------------------------------
| time/                 |           |
|    fps                | 33        |
|    iterations         | 68100     |
|    time_elapsed       | 10252     |
|    total_timesteps    | 340500    |
| train/                |           |
|    entropy_loss       | 8.92      |
|    explained_variance | 0         |
|    learning_rate      | 0.0007    |
|    n_updates          | 68099     |
|    policy_loss        | -2.15e+04 |
|    reward             | 825.5203  |
|    std                | 0.00289   |
|    value_loss         | 7.18e+06  |
-------------------------------------
EPISODE:  342
-------------------------------------
| time/                 |           |
|    fps                | 33        |
|    iterations         | 68200     |
|    time_elapsed       | 10267     |
|    total_timesteps    | 341000    |
| train/                |           |
|    entropy_loss       | 8.94      |
|    explained_variance | 0         |
|    learning_rate      | 0.0007    |
|    n_updates          | 68199     |
|    policy_loss        | -1.96e+04 |
|    reward             | 767.9897  |
|    std                | 0.00287   |
|    value_loss         | 5.88e+06  |
-------------------------------------
------------------------------------
| time/                 |          |
|    fps                | 33       |
|    iterations         | 68300    |
|    time_elapsed       | 10282    |
|    total_timesteps    | 341500   |
| train/                |          |
|    entropy_loss       | 8.94     |
|    explained_variance | 0        |
|    learning_rate      | 0.0007   |
|    n_updates          | 68299    |
|    policy_loss        | -2e+04   |
|    reward             | 825.5203 |
|    std                | 0.00287  |
|    value_loss         | 7.18e+06 |
------------------------------------
EPISODE:  343
-------------------------------------
| time/                 |           |
|    fps                | 33        |
|    iterations         | 68400     |
|    time_elapsed       | 10297     |
|    total_timesteps    | 342000    |
| train/                |           |
|    entropy_loss       | 8.97      |
|    explained_variance | 0         |
|    learning_rate      | 0.0007    |
|    n_updates          | 68399     |
|    policy_loss        | -1.92e+04 |
|    reward             | 767.9897  |
|    std                | 0.00282   |
|    value_loss         | 5.88e+06  |
-------------------------------------
-------------------------------------
| time/                 |           |
|    fps                | 33        |
|    iterations         | 68500     |
|    time_elapsed       | 10312     |
|    total_timesteps    | 342500    |
| train/                |           |
|    entropy_loss       | 8.98      |
|    explained_variance | 0         |
|    learning_rate      | 0.0007    |
|    n_updates          | 68499     |
|    policy_loss        | -2.26e+04 |
|    reward             | 825.5203  |
|    std                | 0.00281   |
|    value_loss         | 7.18e+06  |
-------------------------------------
EPISODE:  344
-------------------------------------
| time/                 |           |
|    fps                | 33        |
|    iterations         | 68600     |
|    time_elapsed       | 10328     |
|    total_timesteps    | 343000    |
| train/                |           |
|    entropy_loss       | 8.99      |
|    explained_variance | 1.19e-07  |
|    learning_rate      | 0.0007    |
|    n_updates          | 68599     |
|    policy_loss        | -1.96e+04 |
|    reward             | 767.9897  |
|    std                | 0.0028    |
|    value_loss         | 5.88e+06  |
-------------------------------------
------------------------------------
| time/                 |          |
|    fps                | 33       |
|    iterations         | 68700    |
|    time_elapsed       | 10343    |
|    total_timesteps    | 343500   |
| train/                |          |
|    entropy_loss       | 9        |
|    explained_variance | 0        |
|    learning_rate      | 0.0007   |
|    n_updates          | 68699    |
|    policy_loss        | -2.3e+04 |
|    reward             | 825.5203 |
|    std                | 0.00279  |
|    value_loss         | 7.18e+06 |
------------------------------------
EPISODE:  345
-------------------------------------
| time/                 |           |
|    fps                | 33        |
|    iterations         | 68800     |
|    time_elapsed       | 10358     |
|    total_timesteps    | 344000    |
| train/                |           |
|    entropy_loss       | 9.03      |
|    explained_variance | 0         |
|    learning_rate      | 0.0007    |
|    n_updates          | 68799     |
|    policy_loss        | -2.02e+04 |
|    reward             | 767.9897  |
|    std                | 0.00275   |
|    value_loss         | 5.88e+06  |
-------------------------------------
-------------------------------------
| time/                 |           |
|    fps                | 33        |
|    iterations         | 68900     |
|    time_elapsed       | 10373     |
|    total_timesteps    | 344500    |
| train/                |           |
|    entropy_loss       | 9.04      |
|    explained_variance | 0         |
|    learning_rate      | 0.0007    |
|    n_updates          | 68899     |
|    policy_loss        | -2.28e+04 |
|    reward             | 825.5203  |
|    std                | 0.00274   |
|    value_loss         | 7.17e+06  |
-------------------------------------
EPISODE:  346
-------------------------------------
| time/                 |           |
|    fps                | 33        |
|    iterations         | 69000     |
|    time_elapsed       | 10388     |
|    total_timesteps    | 345000    |
| train/                |           |
|    entropy_loss       | 9.07      |
|    explained_variance | 0         |
|    learning_rate      | 0.0007    |
|    n_updates          | 68999     |
|    policy_loss        | -2.05e+04 |
|    reward             | 767.9897  |
|    std                | 0.00269   |
|    value_loss         | 5.88e+06  |
-------------------------------------
-------------------------------------
| time/                 |           |
|    fps                | 33        |
|    iterations         | 69100     |
|    time_elapsed       | 10403     |
|    total_timesteps    | 345500    |
| train/                |           |
|    entropy_loss       | 9.1       |
|    explained_variance | 0         |
|    learning_rate      | 0.0007    |
|    n_updates          | 69099     |
|    policy_loss        | -2.21e+04 |
|    reward             | 825.5203  |
|    std                | 0.00266   |
|    value_loss         | 7.17e+06  |
-------------------------------------
EPISODE:  347
-------------------------------------
| time/                 |           |
|    fps                | 33        |
|    iterations         | 69200     |
|    time_elapsed       | 10418     |
|    total_timesteps    | 346000    |
| train/                |           |
|    entropy_loss       | 9.1       |
|    explained_variance | 0         |
|    learning_rate      | 0.0007    |
|    n_updates          | 69199     |
|    policy_loss        | -2.06e+04 |
|    reward             | 767.9897  |
|    std                | 0.00266   |
|    value_loss         | 5.88e+06  |
-------------------------------------
-------------------------------------
| time/                 |           |
|    fps                | 33        |
|    iterations         | 69300     |
|    time_elapsed       | 10433     |
|    total_timesteps    | 346500    |
| train/                |           |
|    entropy_loss       | 9.12      |
|    explained_variance | 0         |
|    learning_rate      | 0.0007    |
|    n_updates          | 69299     |
|    policy_loss        | -2.16e+04 |
|    reward             | 825.5203  |
|    std                | 0.00263   |
|    value_loss         | 7.17e+06  |
-------------------------------------
EPISODE:  348
-------------------------------------
| time/                 |           |
|    fps                | 33        |
|    iterations         | 69400     |
|    time_elapsed       | 10448     |
|    total_timesteps    | 347000    |
| train/                |           |
|    entropy_loss       | 9.13      |
|    explained_variance | 0         |
|    learning_rate      | 0.0007    |
|    n_updates          | 69399     |
|    policy_loss        | -1.92e+04 |
|    reward             | 767.9897  |
|    std                | 0.00262   |
|    value_loss         | 5.88e+06  |
-------------------------------------
-------------------------------------
| time/                 |           |
|    fps                | 33        |
|    iterations         | 69500     |
|    time_elapsed       | 10463     |
|    total_timesteps    | 347500    |
| train/                |           |
|    entropy_loss       | 9.14      |
|    explained_variance | 0         |
|    learning_rate      | 0.0007    |
|    n_updates          | 69499     |
|    policy_loss        | -2.29e+04 |
|    reward             | 825.5203  |
|    std                | 0.0026    |
|    value_loss         | 7.17e+06  |
-------------------------------------
EPISODE:  349
-------------------------------------
| time/                 |           |
|    fps                | 33        |
|    iterations         | 69600     |
|    time_elapsed       | 10478     |
|    total_timesteps    | 348000    |
| train/                |           |
|    entropy_loss       | 9.16      |
|    explained_variance | 0         |
|    learning_rate      | 0.0007    |
|    n_updates          | 69599     |
|    policy_loss        | -2.04e+04 |
|    reward             | 767.9897  |
|    std                | 0.00259   |
|    value_loss         | 5.88e+06  |
-------------------------------------
-------------------------------------
| time/                 |           |
|    fps                | 33        |
|    iterations         | 69700     |
|    time_elapsed       | 10493     |
|    total_timesteps    | 348500    |
| train/                |           |
|    entropy_loss       | 9.19      |
|    explained_variance | 0         |
|    learning_rate      | 0.0007    |
|    n_updates          | 69699     |
|    policy_loss        | -2.19e+04 |
|    reward             | 825.5203  |
|    std                | 0.00256   |
|    value_loss         | 7.17e+06  |
-------------------------------------
EPISODE:  350
------------------------------------
| time/                 |          |
|    fps                | 33       |
|    iterations         | 69800    |
|    time_elapsed       | 10508    |
|    total_timesteps    | 349000   |
| train/                |          |
|    entropy_loss       | 9.2      |
|    explained_variance | 0        |
|    learning_rate      | 0.0007   |
|    n_updates          | 69799    |
|    policy_loss        | -1.6e+04 |
|    reward             | 767.9897 |
|    std                | 0.00254  |
|    value_loss         | 5.88e+06 |
------------------------------------
-------------------------------------
| time/                 |           |
|    fps                | 33        |
|    iterations         | 69900     |
|    time_elapsed       | 10523     |
|    total_timesteps    | 349500    |
| train/                |           |
|    entropy_loss       | 9.22      |
|    explained_variance | 0         |
|    learning_rate      | 0.0007    |
|    n_updates          | 69899     |
|    policy_loss        | -2.24e+04 |
|    reward             | 825.5203  |
|    std                | 0.00251   |
|    value_loss         | 7.17e+06  |
-------------------------------------
EPISODE:  351
-------------------------------------
| time/                 |           |
|    fps                | 33        |
|    iterations         | 70000     |
|    time_elapsed       | 10538     |
|    total_timesteps    | 350000    |
| train/                |           |
|    entropy_loss       | 9.25      |
|    explained_variance | 1.19e-07  |
|    learning_rate      | 0.0007    |
|    n_updates          | 69999     |
|    policy_loss        | -2.12e+04 |
|    reward             | 767.9897  |
|    std                | 0.00248   |
|    value_loss         | 5.88e+06  |
-------------------------------------
-------------------------------------
| time/                 |           |
|    fps                | 33        |
|    iterations         | 70100     |
|    time_elapsed       | 10553     |
|    total_timesteps    | 350500    |
| train/                |           |
|    entropy_loss       | 9.28      |
|    explained_variance | 0         |
|    learning_rate      | 0.0007    |
|    n_updates          | 70099     |
|    policy_loss        | -2.34e+04 |
|    reward             | 825.5203  |
|    std                | 0.00245   |
|    value_loss         | 7.17e+06  |
-------------------------------------
EPISODE:  352
-------------------------------------
| time/                 |           |
|    fps                | 33        |
|    iterations         | 70200     |
|    time_elapsed       | 10568     |
|    total_timesteps    | 351000    |
| train/                |           |
|    entropy_loss       | 9.3       |
|    explained_variance | 0         |
|    learning_rate      | 0.0007    |
|    n_updates          | 70199     |
|    policy_loss        | -2.06e+04 |
|    reward             | 767.9897  |
|    std                | 0.00243   |
|    value_loss         | 5.87e+06  |
-------------------------------------
-------------------------------------
| time/                 |           |
|    fps                | 33        |
|    iterations         | 70300     |
|    time_elapsed       | 10583     |
|    total_timesteps    | 351500    |
| train/                |           |
|    entropy_loss       | 9.31      |
|    explained_variance | 0         |
|    learning_rate      | 0.0007    |
|    n_updates          | 70299     |
|    policy_loss        | -2.33e+04 |
|    reward             | 825.5203  |
|    std                | 0.00241   |
|    value_loss         | 7.17e+06  |
-------------------------------------
EPISODE:  353
-------------------------------------
| time/                 |           |
|    fps                | 33        |
|    iterations         | 70400     |
|    time_elapsed       | 10598     |
|    total_timesteps    | 352000    |
| train/                |           |
|    entropy_loss       | 9.31      |
|    explained_variance | 0         |
|    learning_rate      | 0.0007    |
|    n_updates          | 70399     |
|    policy_loss        | -1.84e+04 |
|    reward             | 767.9897  |
|    std                | 0.00241   |
|    value_loss         | 5.87e+06  |
-------------------------------------
-------------------------------------
| time/                 |           |
|    fps                | 33        |
|    iterations         | 70500     |
|    time_elapsed       | 10613     |
|    total_timesteps    | 352500    |
| train/                |           |
|    entropy_loss       | 9.34      |
|    explained_variance | 0         |
|    learning_rate      | 0.0007    |
|    n_updates          | 70499     |
|    policy_loss        | -1.88e+04 |
|    reward             | 825.5203  |
|    std                | 0.00239   |
|    value_loss         | 7.17e+06  |
-------------------------------------
EPISODE:  354
-------------------------------------
| time/                 |           |
|    fps                | 33        |
|    iterations         | 70600     |
|    time_elapsed       | 10628     |
|    total_timesteps    | 353000    |
| train/                |           |
|    entropy_loss       | 9.36      |
|    explained_variance | 0         |
|    learning_rate      | 0.0007    |
|    n_updates          | 70599     |
|    policy_loss        | -2.01e+04 |
|    reward             | 767.9897  |
|    std                | 0.00235   |
|    value_loss         | 5.87e+06  |
-------------------------------------
-------------------------------------
| time/                 |           |
|    fps                | 33        |
|    iterations         | 70700     |
|    time_elapsed       | 10643     |
|    total_timesteps    | 353500    |
| train/                |           |
|    entropy_loss       | 9.4       |
|    explained_variance | 0         |
|    learning_rate      | 0.0007    |
|    n_updates          | 70699     |
|    policy_loss        | -2.07e+04 |
|    reward             | 825.5203  |
|    std                | 0.00231   |
|    value_loss         | 7.17e+06  |
-------------------------------------
EPISODE:  355
-------------------------------------
| time/                 |           |
|    fps                | 33        |
|    iterations         | 70800     |
|    time_elapsed       | 10658     |
|    total_timesteps    | 354000    |
| train/                |           |
|    entropy_loss       | 9.41      |
|    explained_variance | 0         |
|    learning_rate      | 0.0007    |
|    n_updates          | 70799     |
|    policy_loss        | -2.16e+04 |
|    reward             | 767.9897  |
|    std                | 0.00229   |
|    value_loss         | 5.87e+06  |
-------------------------------------
-------------------------------------
| time/                 |           |
|    fps                | 33        |
|    iterations         | 70900     |
|    time_elapsed       | 10673     |
|    total_timesteps    | 354500    |
| train/                |           |
|    entropy_loss       | 9.44      |
|    explained_variance | 0         |
|    learning_rate      | 0.0007    |
|    n_updates          | 70899     |
|    policy_loss        | -2.35e+04 |
|    reward             | 825.5203  |
|    std                | 0.00225   |
|    value_loss         | 7.16e+06  |
-------------------------------------
EPISODE:  356
-------------------------------------
| time/                 |           |
|    fps                | 33        |
|    iterations         | 71000     |
|    time_elapsed       | 10688     |
|    total_timesteps    | 355000    |
| train/                |           |
|    entropy_loss       | 9.46      |
|    explained_variance | 0         |
|    learning_rate      | 0.0007    |
|    n_updates          | 70999     |
|    policy_loss        | -2.05e+04 |
|    reward             | 767.9897  |
|    std                | 0.00224   |
|    value_loss         | 5.87e+06  |
-------------------------------------
-------------------------------------
| time/                 |           |
|    fps                | 33        |
|    iterations         | 71100     |
|    time_elapsed       | 10703     |
|    total_timesteps    | 355500    |
| train/                |           |
|    entropy_loss       | 9.48      |
|    explained_variance | 0         |
|    learning_rate      | 0.0007    |
|    n_updates          | 71099     |
|    policy_loss        | -2.21e+04 |
|    reward             | 825.5203  |
|    std                | 0.00221   |
|    value_loss         | 7.16e+06  |
-------------------------------------
EPISODE:  357
-------------------------------------
| time/                 |           |
|    fps                | 33        |
|    iterations         | 71200     |
|    time_elapsed       | 10718     |
|    total_timesteps    | 356000    |
| train/                |           |
|    entropy_loss       | 9.49      |
|    explained_variance | -1.19e-07 |
|    learning_rate      | 0.0007    |
|    n_updates          | 71199     |
|    policy_loss        | -1.99e+04 |
|    reward             | 767.9897  |
|    std                | 0.00219   |
|    value_loss         | 5.87e+06  |
-------------------------------------
------------------------------------
| time/                 |          |
|    fps                | 33       |
|    iterations         | 71300    |
|    time_elapsed       | 10733    |
|    total_timesteps    | 356500   |
| train/                |          |
|    entropy_loss       | 9.51     |
|    explained_variance | 0        |
|    learning_rate      | 0.0007   |
|    n_updates          | 71299    |
|    policy_loss        | -2.3e+04 |
|    reward             | 825.5203 |
|    std                | 0.00217  |
|    value_loss         | 7.16e+06 |
------------------------------------
EPISODE:  358
-------------------------------------
| time/                 |           |
|    fps                | 33        |
|    iterations         | 71400     |
|    time_elapsed       | 10748     |
|    total_timesteps    | 357000    |
| train/                |           |
|    entropy_loss       | 9.52      |
|    explained_variance | -1.19e-07 |
|    learning_rate      | 0.0007    |
|    n_updates          | 71399     |
|    policy_loss        | -2.2e+04  |
|    reward             | 767.9897  |
|    std                | 0.00216   |
|    value_loss         | 5.87e+06  |
-------------------------------------
-------------------------------------
| time/                 |           |
|    fps                | 33        |
|    iterations         | 71500     |
|    time_elapsed       | 10763     |
|    total_timesteps    | 357500    |
| train/                |           |
|    entropy_loss       | 9.54      |
|    explained_variance | 0         |
|    learning_rate      | 0.0007    |
|    n_updates          | 71499     |
|    policy_loss        | -2.31e+04 |
|    reward             | 825.5203  |
|    std                | 0.00214   |
|    value_loss         | 7.16e+06  |
-------------------------------------
EPISODE:  359
------------------------------------
| time/                 |          |
|    fps                | 33       |
|    iterations         | 71600    |
|    time_elapsed       | 10777    |
|    total_timesteps    | 358000   |
| train/                |          |
|    entropy_loss       | 9.55     |
|    explained_variance | 0        |
|    learning_rate      | 0.0007   |
|    n_updates          | 71599    |
|    policy_loss        | -2.2e+04 |
|    reward             | 767.9897 |
|    std                | 0.00213  |
|    value_loss         | 5.87e+06 |
------------------------------------
-------------------------------------
| time/                 |           |
|    fps                | 33        |
|    iterations         | 71700     |
|    time_elapsed       | 10792     |
|    total_timesteps    | 358500    |
| train/                |           |
|    entropy_loss       | 9.57      |
|    explained_variance | 0         |
|    learning_rate      | 0.0007    |
|    n_updates          | 71699     |
|    policy_loss        | -2.13e+04 |
|    reward             | 825.5203  |
|    std                | 0.00211   |
|    value_loss         | 7.16e+06  |
-------------------------------------
EPISODE:  360
-------------------------------------
| time/                 |           |
|    fps                | 33        |
|    iterations         | 71800     |
|    time_elapsed       | 10807     |
|    total_timesteps    | 359000    |
| train/                |           |
|    entropy_loss       | 9.6       |
|    explained_variance | 0         |
|    learning_rate      | 0.0007    |
|    n_updates          | 71799     |
|    policy_loss        | -2.23e+04 |
|    reward             | 767.9897  |
|    std                | 0.00208   |
|    value_loss         | 5.87e+06  |
-------------------------------------
-------------------------------------
| time/                 |           |
|    fps                | 33        |
|    iterations         | 71900     |
|    time_elapsed       | 10822     |
|    total_timesteps    | 359500    |
| train/                |           |
|    entropy_loss       | 9.62      |
|    explained_variance | 0         |
|    learning_rate      | 0.0007    |
|    n_updates          | 71899     |
|    policy_loss        | -2.32e+04 |
|    reward             | 825.5203  |
|    std                | 0.00206   |
|    value_loss         | 7.16e+06  |
-------------------------------------
EPISODE:  361
-------------------------------------
| time/                 |           |
|    fps                | 33        |
|    iterations         | 72000     |
|    time_elapsed       | 10837     |
|    total_timesteps    | 360000    |
| train/                |           |
|    entropy_loss       | 9.65      |
|    explained_variance | 0         |
|    learning_rate      | 0.0007    |
|    n_updates          | 71999     |
|    policy_loss        | -1.93e+04 |
|    reward             | 767.9897  |
|    std                | 0.00203   |
|    value_loss         | 5.87e+06  |
-------------------------------------
-------------------------------------
| time/                 |           |
|    fps                | 33        |
|    iterations         | 72100     |
|    time_elapsed       | 10852     |
|    total_timesteps    | 360500    |
| train/                |           |
|    entropy_loss       | 9.67      |
|    explained_variance | 0         |
|    learning_rate      | 0.0007    |
|    n_updates          | 72099     |
|    policy_loss        | -2.43e+04 |
|    reward             | 825.5203  |
|    std                | 0.002     |
|    value_loss         | 7.16e+06  |
-------------------------------------
EPISODE:  362
------------------------------------
| time/                 |          |
|    fps                | 33       |
|    iterations         | 72200    |
|    time_elapsed       | 10867    |
|    total_timesteps    | 361000   |
| train/                |          |
|    entropy_loss       | 9.68     |
|    explained_variance | 0        |
|    learning_rate      | 0.0007   |
|    n_updates          | 72199    |
|    policy_loss        | -2.1e+04 |
|    reward             | 767.9897 |
|    std                | 0.00199  |
|    value_loss         | 5.87e+06 |
------------------------------------
-------------------------------------
| time/                 |           |
|    fps                | 33        |
|    iterations         | 72300     |
|    time_elapsed       | 10882     |
|    total_timesteps    | 361500    |
| train/                |           |
|    entropy_loss       | 9.7       |
|    explained_variance | 0         |
|    learning_rate      | 0.0007    |
|    n_updates          | 72299     |
|    policy_loss        | -2.54e+04 |
|    reward             | 825.5203  |
|    std                | 0.00197   |
|    value_loss         | 7.16e+06  |
-------------------------------------
EPISODE:  363
------------------------------------
| time/                 |          |
|    fps                | 33       |
|    iterations         | 72400    |
|    time_elapsed       | 10897    |
|    total_timesteps    | 362000   |
| train/                |          |
|    entropy_loss       | 9.72     |
|    explained_variance | 2.38e-07 |
|    learning_rate      | 0.0007   |
|    n_updates          | 72399    |
|    policy_loss        | -2.2e+04 |
|    reward             | 767.9897 |
|    std                | 0.00195  |
|    value_loss         | 5.87e+06 |
------------------------------------
-------------------------------------
| time/                 |           |
|    fps                | 33        |
|    iterations         | 72500     |
|    time_elapsed       | 10912     |
|    total_timesteps    | 362500    |
| train/                |           |
|    entropy_loss       | 9.73      |
|    explained_variance | 0         |
|    learning_rate      | 0.0007    |
|    n_updates          | 72499     |
|    policy_loss        | -2.37e+04 |
|    reward             | 825.5203  |
|    std                | 0.00195   |
|    value_loss         | 7.16e+06  |
-------------------------------------
EPISODE:  364
-------------------------------------
| time/                 |           |
|    fps                | 33        |
|    iterations         | 72600     |
|    time_elapsed       | 10928     |
|    total_timesteps    | 363000    |
| train/                |           |
|    entropy_loss       | 9.74      |
|    explained_variance | 1.19e-07  |
|    learning_rate      | 0.0007    |
|    n_updates          | 72599     |
|    policy_loss        | -2.12e+04 |
|    reward             | 767.9897  |
|    std                | 0.00194   |
|    value_loss         | 5.86e+06  |
-------------------------------------
-------------------------------------
| time/                 |           |
|    fps                | 33        |
|    iterations         | 72700     |
|    time_elapsed       | 10943     |
|    total_timesteps    | 363500    |
| train/                |           |
|    entropy_loss       | 9.75      |
|    explained_variance | 1.19e-07  |
|    learning_rate      | 0.0007    |
|    n_updates          | 72699     |
|    policy_loss        | -2.43e+04 |
|    reward             | 825.5203  |
|    std                | 0.00193   |
|    value_loss         | 7.16e+06  |
-------------------------------------
EPISODE:  365
-------------------------------------
| time/                 |           |
|    fps                | 33        |
|    iterations         | 72800     |
|    time_elapsed       | 10958     |
|    total_timesteps    | 364000    |
| train/                |           |
|    entropy_loss       | 9.77      |
|    explained_variance | 0         |
|    learning_rate      | 0.0007    |
|    n_updates          | 72799     |
|    policy_loss        | -2.13e+04 |
|    reward             | 767.9897  |
|    std                | 0.00191   |
|    value_loss         | 5.86e+06  |
-------------------------------------
-------------------------------------
| time/                 |           |
|    fps                | 33        |
|    iterations         | 72900     |
|    time_elapsed       | 10973     |
|    total_timesteps    | 364500    |
| train/                |           |
|    entropy_loss       | 9.78      |
|    explained_variance | 0         |
|    learning_rate      | 0.0007    |
|    n_updates          | 72899     |
|    policy_loss        | -2.36e+04 |
|    reward             | 825.5203  |
|    std                | 0.0019    |
|    value_loss         | 7.16e+06  |
-------------------------------------
EPISODE:  366
-------------------------------------
| time/                 |           |
|    fps                | 33        |
|    iterations         | 73000     |
|    time_elapsed       | 10988     |
|    total_timesteps    | 365000    |
| train/                |           |
|    entropy_loss       | 9.79      |
|    explained_variance | 0         |
|    learning_rate      | 0.0007    |
|    n_updates          | 72999     |
|    policy_loss        | -2.22e+04 |
|    reward             | 767.9897  |
|    std                | 0.0019    |
|    value_loss         | 5.86e+06  |
-------------------------------------
-------------------------------------
| time/                 |           |
|    fps                | 33        |
|    iterations         | 73100     |
|    time_elapsed       | 11003     |
|    total_timesteps    | 365500    |
| train/                |           |
|    entropy_loss       | 9.81      |
|    explained_variance | 0         |
|    learning_rate      | 0.0007    |
|    n_updates          | 73099     |
|    policy_loss        | -2.46e+04 |
|    reward             | 825.5203  |
|    std                | 0.00188   |
|    value_loss         | 7.16e+06  |
-------------------------------------
EPISODE:  367
-------------------------------------
| time/                 |           |
|    fps                | 33        |
|    iterations         | 73200     |
|    time_elapsed       | 11018     |
|    total_timesteps    | 366000    |
| train/                |           |
|    entropy_loss       | 9.82      |
|    explained_variance | 0         |
|    learning_rate      | 0.0007    |
|    n_updates          | 73199     |
|    policy_loss        | -2.21e+04 |
|    reward             | 767.9897  |
|    std                | 0.00187   |
|    value_loss         | 5.86e+06  |
-------------------------------------
------------------------------------
| time/                 |          |
|    fps                | 33       |
|    iterations         | 73300    |
|    time_elapsed       | 11033    |
|    total_timesteps    | 366500   |
| train/                |          |
|    entropy_loss       | 9.82     |
|    explained_variance | 0        |
|    learning_rate      | 0.0007   |
|    n_updates          | 73299    |
|    policy_loss        | -2.5e+04 |
|    reward             | 825.5203 |
|    std                | 0.00186  |
|    value_loss         | 7.15e+06 |
------------------------------------
EPISODE:  368
-------------------------------------
| time/                 |           |
|    fps                | 33        |
|    iterations         | 73400     |
|    time_elapsed       | 11048     |
|    total_timesteps    | 367000    |
| train/                |           |
|    entropy_loss       | 9.83      |
|    explained_variance | 0         |
|    learning_rate      | 0.0007    |
|    n_updates          | 73399     |
|    policy_loss        | -1.99e+04 |
|    reward             | 767.9897  |
|    std                | 0.00185   |
|    value_loss         | 5.86e+06  |
-------------------------------------
-------------------------------------
| time/                 |           |
|    fps                | 33        |
|    iterations         | 73500     |
|    time_elapsed       | 11063     |
|    total_timesteps    | 367500    |
| train/                |           |
|    entropy_loss       | 9.86      |
|    explained_variance | 0         |
|    learning_rate      | 0.0007    |
|    n_updates          | 73499     |
|    policy_loss        | -2.22e+04 |
|    reward             | 825.5203  |
|    std                | 0.00184   |
|    value_loss         | 7.15e+06  |
-------------------------------------
EPISODE:  369
-------------------------------------
| time/                 |           |
|    fps                | 33        |
|    iterations         | 73600     |
|    time_elapsed       | 11078     |
|    total_timesteps    | 368000    |
| train/                |           |
|    entropy_loss       | 9.86      |
|    explained_variance | 0         |
|    learning_rate      | 0.0007    |
|    n_updates          | 73599     |
|    policy_loss        | -2.22e+04 |
|    reward             | 767.9897  |
|    std                | 0.00183   |
|    value_loss         | 5.86e+06  |
-------------------------------------
-------------------------------------
| time/                 |           |
|    fps                | 33        |
|    iterations         | 73700     |
|    time_elapsed       | 11093     |
|    total_timesteps    | 368500    |
| train/                |           |
|    entropy_loss       | 9.88      |
|    explained_variance | 0         |
|    learning_rate      | 0.0007    |
|    n_updates          | 73699     |
|    policy_loss        | -2.46e+04 |
|    reward             | 825.5203  |
|    std                | 0.00182   |
|    value_loss         | 7.15e+06  |
-------------------------------------
EPISODE:  370
-------------------------------------
| time/                 |           |
|    fps                | 33        |
|    iterations         | 73800     |
|    time_elapsed       | 11109     |
|    total_timesteps    | 369000    |
| train/                |           |
|    entropy_loss       | 9.9       |
|    explained_variance | 0         |
|    learning_rate      | 0.0007    |
|    n_updates          | 73799     |
|    policy_loss        | -2.24e+04 |
|    reward             | 767.9897  |
|    std                | 0.0018    |
|    value_loss         | 5.86e+06  |
-------------------------------------
-------------------------------------
| time/                 |           |
|    fps                | 33        |
|    iterations         | 73900     |
|    time_elapsed       | 11124     |
|    total_timesteps    | 369500    |
| train/                |           |
|    entropy_loss       | 9.92      |
|    explained_variance | 0         |
|    learning_rate      | 0.0007    |
|    n_updates          | 73899     |
|    policy_loss        | -2.36e+04 |
|    reward             | 825.5203  |
|    std                | 0.00178   |
|    value_loss         | 7.15e+06  |
-------------------------------------
EPISODE:  371
-------------------------------------
| time/                 |           |
|    fps                | 33        |
|    iterations         | 74000     |
|    time_elapsed       | 11139     |
|    total_timesteps    | 370000    |
| train/                |           |
|    entropy_loss       | 9.94      |
|    explained_variance | 0         |
|    learning_rate      | 0.0007    |
|    n_updates          | 73999     |
|    policy_loss        | -2.19e+04 |
|    reward             | 767.9897  |
|    std                | 0.00177   |
|    value_loss         | 5.86e+06  |
-------------------------------------
------------------------------------
| time/                 |          |
|    fps                | 33       |
|    iterations         | 74100    |
|    time_elapsed       | 11154    |
|    total_timesteps    | 370500   |
| train/                |          |
|    entropy_loss       | 9.94     |
|    explained_variance | 0        |
|    learning_rate      | 0.0007   |
|    n_updates          | 74099    |
|    policy_loss        | -2.4e+04 |
|    reward             | 825.5203 |
|    std                | 0.00177  |
|    value_loss         | 7.15e+06 |
------------------------------------
EPISODE:  372
-------------------------------------
| time/                 |           |
|    fps                | 33        |
|    iterations         | 74200     |
|    time_elapsed       | 11169     |
|    total_timesteps    | 371000    |
| train/                |           |
|    entropy_loss       | 9.98      |
|    explained_variance | 0         |
|    learning_rate      | 0.0007    |
|    n_updates          | 74199     |
|    policy_loss        | -2.24e+04 |
|    reward             | 767.9897  |
|    std                | 0.00174   |
|    value_loss         | 5.86e+06  |
-------------------------------------
-------------------------------------
| time/                 |           |
|    fps                | 33        |
|    iterations         | 74300     |
|    time_elapsed       | 11183     |
|    total_timesteps    | 371500    |
| train/                |           |
|    entropy_loss       | 10        |
|    explained_variance | 0         |
|    learning_rate      | 0.0007    |
|    n_updates          | 74299     |
|    policy_loss        | -2.37e+04 |
|    reward             | 825.5203  |
|    std                | 0.00173   |
|    value_loss         | 7.15e+06  |
-------------------------------------
EPISODE:  373
-------------------------------------
| time/                 |           |
|    fps                | 33        |
|    iterations         | 74400     |
|    time_elapsed       | 11198     |
|    total_timesteps    | 372000    |
| train/                |           |
|    entropy_loss       | 10        |
|    explained_variance | 0         |
|    learning_rate      | 0.0007    |
|    n_updates          | 74399     |
|    policy_loss        | -1.88e+04 |
|    reward             | 767.9897  |
|    std                | 0.00172   |
|    value_loss         | 5.86e+06  |
-------------------------------------
-------------------------------------
| time/                 |           |
|    fps                | 33        |
|    iterations         | 74500     |
|    time_elapsed       | 11214     |
|    total_timesteps    | 372500    |
| train/                |           |
|    entropy_loss       | 10        |
|    explained_variance | 0         |
|    learning_rate      | 0.0007    |
|    n_updates          | 74499     |
|    policy_loss        | -2.24e+04 |
|    reward             | 825.5203  |
|    std                | 0.0017    |
|    value_loss         | 7.15e+06  |
-------------------------------------
EPISODE:  374
-------------------------------------
| time/                 |           |
|    fps                | 33        |
|    iterations         | 74600     |
|    time_elapsed       | 11229     |
|    total_timesteps    | 373000    |
| train/                |           |
|    entropy_loss       | 10        |
|    explained_variance | 0         |
|    learning_rate      | 0.0007    |
|    n_updates          | 74599     |
|    policy_loss        | -2.34e+04 |
|    reward             | 767.9897  |
|    std                | 0.00169   |
|    value_loss         | 5.86e+06  |
-------------------------------------
-------------------------------------
| time/                 |           |
|    fps                | 33        |
|    iterations         | 74700     |
|    time_elapsed       | 11244     |
|    total_timesteps    | 373500    |
| train/                |           |
|    entropy_loss       | 10.1      |
|    explained_variance | 0         |
|    learning_rate      | 0.0007    |
|    n_updates          | 74699     |
|    policy_loss        | -2.51e+04 |
|    reward             | 825.5203  |
|    std                | 0.00168   |
|    value_loss         | 7.15e+06  |
-------------------------------------
EPISODE:  375
-------------------------------------
| time/                 |           |
|    fps                | 33        |
|    iterations         | 74800     |
|    time_elapsed       | 11259     |
|    total_timesteps    | 374000    |
| train/                |           |
|    entropy_loss       | 10.1      |
|    explained_variance | 0         |
|    learning_rate      | 0.0007    |
|    n_updates          | 74799     |
|    policy_loss        | -2.34e+04 |
|    reward             | 767.9897  |
|    std                | 0.00166   |
|    value_loss         | 5.86e+06  |
-------------------------------------
-------------------------------------
| time/                 |           |
|    fps                | 33        |
|    iterations         | 74900     |
|    time_elapsed       | 11274     |
|    total_timesteps    | 374500    |
| train/                |           |
|    entropy_loss       | 10.1      |
|    explained_variance | 0         |
|    learning_rate      | 0.0007    |
|    n_updates          | 74899     |
|    policy_loss        | -2.49e+04 |
|    reward             | 825.5203  |
|    std                | 0.00165   |
|    value_loss         | 7.15e+06  |
-------------------------------------
EPISODE:  376
------------------------------------
| time/                 |          |
|    fps                | 33       |
|    iterations         | 75000    |
|    time_elapsed       | 11289    |
|    total_timesteps    | 375000   |
| train/                |          |
|    entropy_loss       | 10.1     |
|    explained_variance | 0        |
|    learning_rate      | 0.0007   |
|    n_updates          | 74999    |
|    policy_loss        | -2e+04   |
|    reward             | 767.9897 |
|    std                | 0.00162  |
|    value_loss         | 5.85e+06 |
------------------------------------
-------------------------------------
| time/                 |           |
|    fps                | 33        |
|    iterations         | 75100     |
|    time_elapsed       | 11304     |
|    total_timesteps    | 375500    |
| train/                |           |
|    entropy_loss       | 10.2      |
|    explained_variance | -1.19e-07 |
|    learning_rate      | 0.0007    |
|    n_updates          | 75099     |
|    policy_loss        | -2.43e+04 |
|    reward             | 825.5203  |
|    std                | 0.00161   |
|    value_loss         | 7.15e+06  |
-------------------------------------
EPISODE:  377
-------------------------------------
| time/                 |           |
|    fps                | 33        |
|    iterations         | 75200     |
|    time_elapsed       | 11319     |
|    total_timesteps    | 376000    |
| train/                |           |
|    entropy_loss       | 10.2      |
|    explained_variance | 0         |
|    learning_rate      | 0.0007    |
|    n_updates          | 75199     |
|    policy_loss        | -2.25e+04 |
|    reward             | 767.9897  |
|    std                | 0.00159   |
|    value_loss         | 5.85e+06  |
-------------------------------------
-------------------------------------
| time/                 |           |
|    fps                | 33        |
|    iterations         | 75300     |
|    time_elapsed       | 11334     |
|    total_timesteps    | 376500    |
| train/                |           |
|    entropy_loss       | 10.2      |
|    explained_variance | 0         |
|    learning_rate      | 0.0007    |
|    n_updates          | 75299     |
|    policy_loss        | -2.45e+04 |
|    reward             | 825.5203  |
|    std                | 0.00156   |
|    value_loss         | 7.14e+06  |
-------------------------------------
EPISODE:  378
-------------------------------------
| time/                 |           |
|    fps                | 33        |
|    iterations         | 75400     |
|    time_elapsed       | 11349     |
|    total_timesteps    | 377000    |
| train/                |           |
|    entropy_loss       | 10.2      |
|    explained_variance | 0         |
|    learning_rate      | 0.0007    |
|    n_updates          | 75399     |
|    policy_loss        | -2.13e+04 |
|    reward             | 767.9897  |
|    std                | 0.00156   |
|    value_loss         | 5.85e+06  |
-------------------------------------
-------------------------------------
| time/                 |           |
|    fps                | 33        |
|    iterations         | 75500     |
|    time_elapsed       | 11364     |
|    total_timesteps    | 377500    |
| train/                |           |
|    entropy_loss       | 10.3      |
|    explained_variance | 0         |
|    learning_rate      | 0.0007    |
|    n_updates          | 75499     |
|    policy_loss        | -2.41e+04 |
|    reward             | 825.5203  |
|    std                | 0.00153   |
|    value_loss         | 7.14e+06  |
-------------------------------------
EPISODE:  379
-------------------------------------
| time/                 |           |
|    fps                | 33        |
|    iterations         | 75600     |
|    time_elapsed       | 11379     |
|    total_timesteps    | 378000    |
| train/                |           |
|    entropy_loss       | 10.3      |
|    explained_variance | 0         |
|    learning_rate      | 0.0007    |
|    n_updates          | 75599     |
|    policy_loss        | -2.04e+04 |
|    reward             | 767.9897  |
|    std                | 0.00151   |
|    value_loss         | 5.85e+06  |
-------------------------------------
-------------------------------------
| time/                 |           |
|    fps                | 33        |
|    iterations         | 75700     |
|    time_elapsed       | 11394     |
|    total_timesteps    | 378500    |
| train/                |           |
|    entropy_loss       | 10.3      |
|    explained_variance | 1.19e-07  |
|    learning_rate      | 0.0007    |
|    n_updates          | 75699     |
|    policy_loss        | -2.39e+04 |
|    reward             | 825.5203  |
|    std                | 0.00149   |
|    value_loss         | 7.14e+06  |
-------------------------------------
EPISODE:  380
-------------------------------------
| time/                 |           |
|    fps                | 33        |
|    iterations         | 75800     |
|    time_elapsed       | 11409     |
|    total_timesteps    | 379000    |
| train/                |           |
|    entropy_loss       | 10.3      |
|    explained_variance | 0         |
|    learning_rate      | 0.0007    |
|    n_updates          | 75799     |
|    policy_loss        | -2.22e+04 |
|    reward             | 767.9897  |
|    std                | 0.00149   |
|    value_loss         | 5.85e+06  |
-------------------------------------
------------------------------------
| time/                 |          |
|    fps                | 33       |
|    iterations         | 75900    |
|    time_elapsed       | 11424    |
|    total_timesteps    | 379500   |
| train/                |          |
|    entropy_loss       | 10.3     |
|    explained_variance | 0        |
|    learning_rate      | 0.0007   |
|    n_updates          | 75899    |
|    policy_loss        | -2.5e+04 |
|    reward             | 825.5203 |
|    std                | 0.00148  |
|    value_loss         | 7.14e+06 |
------------------------------------
EPISODE:  381
-------------------------------------
| time/                 |           |
|    fps                | 33        |
|    iterations         | 76000     |
|    time_elapsed       | 11439     |
|    total_timesteps    | 380000    |
| train/                |           |
|    entropy_loss       | 10.4      |
|    explained_variance | 0         |
|    learning_rate      | 0.0007    |
|    n_updates          | 75999     |
|    policy_loss        | -2.21e+04 |
|    reward             | 767.9897  |
|    std                | 0.00146   |
|    value_loss         | 5.85e+06  |
-------------------------------------
------------------------------------
| time/                 |          |
|    fps                | 33       |
|    iterations         | 76100    |
|    time_elapsed       | 11454    |
|    total_timesteps    | 380500   |
| train/                |          |
|    entropy_loss       | 10.4     |
|    explained_variance | 0        |
|    learning_rate      | 0.0007   |
|    n_updates          | 76099    |
|    policy_loss        | -2.5e+04 |
|    reward             | 825.5203 |
|    std                | 0.00144  |
|    value_loss         | 7.14e+06 |
------------------------------------
EPISODE:  382
-------------------------------------
| time/                 |           |
|    fps                | 33        |
|    iterations         | 76200     |
|    time_elapsed       | 11469     |
|    total_timesteps    | 381000    |
| train/                |           |
|    entropy_loss       | 10.4      |
|    explained_variance | 0         |
|    learning_rate      | 0.0007    |
|    n_updates          | 76199     |
|    policy_loss        | -2.11e+04 |
|    reward             | 767.9897  |
|    std                | 0.00143   |
|    value_loss         | 5.85e+06  |
-------------------------------------
-------------------------------------
| time/                 |           |
|    fps                | 33        |
|    iterations         | 76300     |
|    time_elapsed       | 11484     |
|    total_timesteps    | 381500    |
| train/                |           |
|    entropy_loss       | 10.4      |
|    explained_variance | 0         |
|    learning_rate      | 0.0007    |
|    n_updates          | 76299     |
|    policy_loss        | -2.55e+04 |
|    reward             | 825.5203  |
|    std                | 0.00143   |
|    value_loss         | 7.14e+06  |
-------------------------------------
EPISODE:  383
-------------------------------------
| time/                 |           |
|    fps                | 33        |
|    iterations         | 76400     |
|    time_elapsed       | 11499     |
|    total_timesteps    | 382000    |
| train/                |           |
|    entropy_loss       | 10.4      |
|    explained_variance | 0         |
|    learning_rate      | 0.0007    |
|    n_updates          | 76399     |
|    policy_loss        | -2.25e+04 |
|    reward             | 767.9897  |
|    std                | 0.00142   |
|    value_loss         | 5.85e+06  |
-------------------------------------
-------------------------------------
| time/                 |           |
|    fps                | 33        |
|    iterations         | 76500     |
|    time_elapsed       | 11515     |
|    total_timesteps    | 382500    |
| train/                |           |
|    entropy_loss       | 10.4      |
|    explained_variance | 0         |
|    learning_rate      | 0.0007    |
|    n_updates          | 76499     |
|    policy_loss        | -2.66e+04 |
|    reward             | 825.5203  |
|    std                | 0.00142   |
|    value_loss         | 7.14e+06  |
-------------------------------------
EPISODE:  384
-------------------------------------
| time/                 |           |
|    fps                | 33        |
|    iterations         | 76600     |
|    time_elapsed       | 11530     |
|    total_timesteps    | 383000    |
| train/                |           |
|    entropy_loss       | 10.5      |
|    explained_variance | 0         |
|    learning_rate      | 0.0007    |
|    n_updates          | 76599     |
|    policy_loss        | -2.44e+04 |
|    reward             | 767.9897  |
|    std                | 0.0014    |
|    value_loss         | 5.85e+06  |
-------------------------------------
-------------------------------------
| time/                 |           |
|    fps                | 33        |
|    iterations         | 76700     |
|    time_elapsed       | 11544     |
|    total_timesteps    | 383500    |
| train/                |           |
|    entropy_loss       | 10.5      |
|    explained_variance | 0         |
|    learning_rate      | 0.0007    |
|    n_updates          | 76699     |
|    policy_loss        | -2.66e+04 |
|    reward             | 825.5203  |
|    std                | 0.00139   |
|    value_loss         | 7.14e+06  |
-------------------------------------
EPISODE:  385
-------------------------------------
| time/                 |           |
|    fps                | 33        |
|    iterations         | 76800     |
|    time_elapsed       | 11559     |
|    total_timesteps    | 384000    |
| train/                |           |
|    entropy_loss       | 10.5      |
|    explained_variance | 0         |
|    learning_rate      | 0.0007    |
|    n_updates          | 76799     |
|    policy_loss        | -2.33e+04 |
|    reward             | 767.9897  |
|    std                | 0.00139   |
|    value_loss         | 5.85e+06  |
-------------------------------------
-------------------------------------
| time/                 |           |
|    fps                | 33        |
|    iterations         | 76900     |
|    time_elapsed       | 11574     |
|    total_timesteps    | 384500    |
| train/                |           |
|    entropy_loss       | 10.5      |
|    explained_variance | 0         |
|    learning_rate      | 0.0007    |
|    n_updates          | 76899     |
|    policy_loss        | -2.61e+04 |
|    reward             | 825.5203  |
|    std                | 0.00137   |
|    value_loss         | 7.14e+06  |
-------------------------------------
EPISODE:  386
-------------------------------------
| time/                 |           |
|    fps                | 33        |
|    iterations         | 77000     |
|    time_elapsed       | 11589     |
|    total_timesteps    | 385000    |
| train/                |           |
|    entropy_loss       | 10.5      |
|    explained_variance | 0         |
|    learning_rate      | 0.0007    |
|    n_updates          | 76999     |
|    policy_loss        | -2.41e+04 |
|    reward             | 767.9897  |
|    std                | 0.00136   |
|    value_loss         | 5.85e+06  |
-------------------------------------
-------------------------------------
| time/                 |           |
|    fps                | 33        |
|    iterations         | 77100     |
|    time_elapsed       | 11604     |
|    total_timesteps    | 385500    |
| train/                |           |
|    entropy_loss       | 10.6      |
|    explained_variance | 0         |
|    learning_rate      | 0.0007    |
|    n_updates          | 77099     |
|    policy_loss        | -2.53e+04 |
|    reward             | 825.5203  |
|    std                | 0.00133   |
|    value_loss         | 7.14e+06  |
-------------------------------------
EPISODE:  387
-------------------------------------
| time/                 |           |
|    fps                | 33        |
|    iterations         | 77200     |
|    time_elapsed       | 11619     |
|    total_timesteps    | 386000    |
| train/                |           |
|    entropy_loss       | 10.6      |
|    explained_variance | -1.19e-07 |
|    learning_rate      | 0.0007    |
|    n_updates          | 77199     |
|    policy_loss        | -2.21e+04 |
|    reward             | 767.9897  |
|    std                | 0.00131   |
|    value_loss         | 5.84e+06  |
-------------------------------------
-------------------------------------
| time/                 |           |
|    fps                | 33        |
|    iterations         | 77300     |
|    time_elapsed       | 11634     |
|    total_timesteps    | 386500    |
| train/                |           |
|    entropy_loss       | 10.6      |
|    explained_variance | 0         |
|    learning_rate      | 0.0007    |
|    n_updates          | 77299     |
|    policy_loss        | -2.68e+04 |
|    reward             | 825.5203  |
|    std                | 0.00132   |
|    value_loss         | 7.13e+06  |
-------------------------------------
EPISODE:  388
-------------------------------------
| time/                 |           |
|    fps                | 33        |
|    iterations         | 77400     |
|    time_elapsed       | 11649     |
|    total_timesteps    | 387000    |
| train/                |           |
|    entropy_loss       | 10.6      |
|    explained_variance | 0         |
|    learning_rate      | 0.0007    |
|    n_updates          | 77399     |
|    policy_loss        | -2.31e+04 |
|    reward             | 767.9897  |
|    std                | 0.0013    |
|    value_loss         | 5.84e+06  |
-------------------------------------
-------------------------------------
| time/                 |           |
|    fps                | 33        |
|    iterations         | 77500     |
|    time_elapsed       | 11664     |
|    total_timesteps    | 387500    |
| train/                |           |
|    entropy_loss       | 10.6      |
|    explained_variance | 0         |
|    learning_rate      | 0.0007    |
|    n_updates          | 77499     |
|    policy_loss        | -2.53e+04 |
|    reward             | 825.5203  |
|    std                | 0.00129   |
|    value_loss         | 7.13e+06  |
-------------------------------------
EPISODE:  389
------------------------------------
| time/                 |          |
|    fps                | 33       |
|    iterations         | 77600    |
|    time_elapsed       | 11679    |
|    total_timesteps    | 388000   |
| train/                |          |
|    entropy_loss       | 10.6     |
|    explained_variance | 0        |
|    learning_rate      | 0.0007   |
|    n_updates          | 77599    |
|    policy_loss        | -2.4e+04 |
|    reward             | 767.9897 |
|    std                | 0.00128  |
|    value_loss         | 5.84e+06 |
------------------------------------
-------------------------------------
| time/                 |           |
|    fps                | 33        |
|    iterations         | 77700     |
|    time_elapsed       | 11694     |
|    total_timesteps    | 388500    |
| train/                |           |
|    entropy_loss       | 10.7      |
|    explained_variance | 0         |
|    learning_rate      | 0.0007    |
|    n_updates          | 77699     |
|    policy_loss        | -2.55e+04 |
|    reward             | 825.5203  |
|    std                | 0.00126   |
|    value_loss         | 7.13e+06  |
-------------------------------------
EPISODE:  390
-------------------------------------
| time/                 |           |
|    fps                | 33        |
|    iterations         | 77800     |
|    time_elapsed       | 11708     |
|    total_timesteps    | 389000    |
| train/                |           |
|    entropy_loss       | 10.7      |
|    explained_variance | 0         |
|    learning_rate      | 0.0007    |
|    n_updates          | 77799     |
|    policy_loss        | -2.28e+04 |
|    reward             | 767.9897  |
|    std                | 0.00125   |
|    value_loss         | 5.84e+06  |
-------------------------------------
-------------------------------------
| time/                 |           |
|    fps                | 33        |
|    iterations         | 77900     |
|    time_elapsed       | 11723     |
|    total_timesteps    | 389500    |
| train/                |           |
|    entropy_loss       | 10.7      |
|    explained_variance | 0         |
|    learning_rate      | 0.0007    |
|    n_updates          | 77899     |
|    policy_loss        | -2.71e+04 |
|    reward             | 825.5203  |
|    std                | 0.00124   |
|    value_loss         | 7.13e+06  |
-------------------------------------
EPISODE:  391
-------------------------------------
| time/                 |           |
|    fps                | 33        |
|    iterations         | 78000     |
|    time_elapsed       | 11738     |
|    total_timesteps    | 390000    |
| train/                |           |
|    entropy_loss       | 10.7      |
|    explained_variance | 0         |
|    learning_rate      | 0.0007    |
|    n_updates          | 77999     |
|    policy_loss        | -2.48e+04 |
|    reward             | 767.9897  |
|    std                | 0.00123   |
|    value_loss         | 5.84e+06  |
-------------------------------------
-------------------------------------
| time/                 |           |
|    fps                | 33        |
|    iterations         | 78100     |
|    time_elapsed       | 11753     |
|    total_timesteps    | 390500    |
| train/                |           |
|    entropy_loss       | 10.7      |
|    explained_variance | 0         |
|    learning_rate      | 0.0007    |
|    n_updates          | 78099     |
|    policy_loss        | -2.64e+04 |
|    reward             | 825.5203  |
|    std                | 0.00122   |
|    value_loss         | 7.13e+06  |
-------------------------------------
EPISODE:  392
-------------------------------------
| time/                 |           |
|    fps                | 33        |
|    iterations         | 78200     |
|    time_elapsed       | 11768     |
|    total_timesteps    | 391000    |
| train/                |           |
|    entropy_loss       | 10.7      |
|    explained_variance | 1.19e-07  |
|    learning_rate      | 0.0007    |
|    n_updates          | 78199     |
|    policy_loss        | -2.46e+04 |
|    reward             | 767.9897  |
|    std                | 0.00122   |
|    value_loss         | 5.84e+06  |
-------------------------------------
-------------------------------------
| time/                 |           |
|    fps                | 33        |
|    iterations         | 78300     |
|    time_elapsed       | 11783     |
|    total_timesteps    | 391500    |
| train/                |           |
|    entropy_loss       | 10.8      |
|    explained_variance | 0         |
|    learning_rate      | 0.0007    |
|    n_updates          | 78299     |
|    policy_loss        | -2.44e+04 |
|    reward             | 825.5203  |
|    std                | 0.0012    |
|    value_loss         | 7.13e+06  |
-------------------------------------
EPISODE:  393
-------------------------------------
| time/                 |           |
|    fps                | 33        |
|    iterations         | 78400     |
|    time_elapsed       | 11798     |
|    total_timesteps    | 392000    |
| train/                |           |
|    entropy_loss       | 10.8      |
|    explained_variance | 0         |
|    learning_rate      | 0.0007    |
|    n_updates          | 78399     |
|    policy_loss        | -2.39e+04 |
|    reward             | 767.9897  |
|    std                | 0.00119   |
|    value_loss         | 5.84e+06  |
-------------------------------------
-------------------------------------
| time/                 |           |
|    fps                | 33        |
|    iterations         | 78500     |
|    time_elapsed       | 11813     |
|    total_timesteps    | 392500    |
| train/                |           |
|    entropy_loss       | 10.8      |
|    explained_variance | 0         |
|    learning_rate      | 0.0007    |
|    n_updates          | 78499     |
|    policy_loss        | -2.78e+04 |
|    reward             | 825.5203  |
|    std                | 0.00117   |
|    value_loss         | 7.13e+06  |
-------------------------------------
EPISODE:  394
-------------------------------------
| time/                 |           |
|    fps                | 33        |
|    iterations         | 78600     |
|    time_elapsed       | 11829     |
|    total_timesteps    | 393000    |
| train/                |           |
|    entropy_loss       | 10.8      |
|    explained_variance | 0         |
|    learning_rate      | 0.0007    |
|    n_updates          | 78599     |
|    policy_loss        | -2.36e+04 |
|    reward             | 767.9897  |
|    std                | 0.00117   |
|    value_loss         | 5.84e+06  |
-------------------------------------
-------------------------------------
| time/                 |           |
|    fps                | 33        |
|    iterations         | 78700     |
|    time_elapsed       | 11844     |
|    total_timesteps    | 393500    |
| train/                |           |
|    entropy_loss       | 10.8      |
|    explained_variance | 0         |
|    learning_rate      | 0.0007    |
|    n_updates          | 78699     |
|    policy_loss        | -2.65e+04 |
|    reward             | 825.5203  |
|    std                | 0.00116   |
|    value_loss         | 7.13e+06  |
-------------------------------------
EPISODE:  395
-------------------------------------
| time/                 |           |
|    fps                | 33        |
|    iterations         | 78800     |
|    time_elapsed       | 11859     |
|    total_timesteps    | 394000    |
| train/                |           |
|    entropy_loss       | 10.9      |
|    explained_variance | 0         |
|    learning_rate      | 0.0007    |
|    n_updates          | 78799     |
|    policy_loss        | -2.39e+04 |
|    reward             | 767.9897  |
|    std                | 0.00115   |
|    value_loss         | 5.84e+06  |
-------------------------------------
-------------------------------------
| time/                 |           |
|    fps                | 33        |
|    iterations         | 78900     |
|    time_elapsed       | 11874     |
|    total_timesteps    | 394500    |
| train/                |           |
|    entropy_loss       | 10.9      |
|    explained_variance | 1.19e-07  |
|    learning_rate      | 0.0007    |
|    n_updates          | 78899     |
|    policy_loss        | -2.38e+04 |
|    reward             | 825.5203  |
|    std                | 0.00115   |
|    value_loss         | 7.13e+06  |
-------------------------------------
EPISODE:  396
-------------------------------------
| time/                 |           |
|    fps                | 33        |
|    iterations         | 79000     |
|    time_elapsed       | 11889     |
|    total_timesteps    | 395000    |
| train/                |           |
|    entropy_loss       | 10.9      |
|    explained_variance | 0         |
|    learning_rate      | 0.0007    |
|    n_updates          | 78999     |
|    policy_loss        | -2.49e+04 |
|    reward             | 767.9897  |
|    std                | 0.00115   |
|    value_loss         | 5.84e+06  |
-------------------------------------
-------------------------------------
| time/                 |           |
|    fps                | 33        |
|    iterations         | 79100     |
|    time_elapsed       | 11904     |
|    total_timesteps    | 395500    |
| train/                |           |
|    entropy_loss       | 10.9      |
|    explained_variance | 0         |
|    learning_rate      | 0.0007    |
|    n_updates          | 79099     |
|    policy_loss        | -2.61e+04 |
|    reward             | 825.5203  |
|    std                | 0.00114   |
|    value_loss         | 7.13e+06  |
-------------------------------------
EPISODE:  397
------------------------------------
| time/                 |          |
|    fps                | 33       |
|    iterations         | 79200    |
|    time_elapsed       | 11919    |
|    total_timesteps    | 396000   |
| train/                |          |
|    entropy_loss       | 10.9     |
|    explained_variance | 0        |
|    learning_rate      | 0.0007   |
|    n_updates          | 79199    |
|    policy_loss        | -2.4e+04 |
|    reward             | 767.9897 |
|    std                | 0.00113  |
|    value_loss         | 5.84e+06 |
------------------------------------
-------------------------------------
| time/                 |           |
|    fps                | 33        |
|    iterations         | 79300     |
|    time_elapsed       | 11934     |
|    total_timesteps    | 396500    |
| train/                |           |
|    entropy_loss       | 10.9      |
|    explained_variance | 0         |
|    learning_rate      | 0.0007    |
|    n_updates          | 79299     |
|    policy_loss        | -2.64e+04 |
|    reward             | 825.5203  |
|    std                | 0.00112   |
|    value_loss         | 7.12e+06  |
-------------------------------------
EPISODE:  398
-------------------------------------
| time/                 |           |
|    fps                | 33        |
|    iterations         | 79400     |
|    time_elapsed       | 11949     |
|    total_timesteps    | 397000    |
| train/                |           |
|    entropy_loss       | 10.9      |
|    explained_variance | 0         |
|    learning_rate      | 0.0007    |
|    n_updates          | 79399     |
|    policy_loss        | -2.08e+04 |
|    reward             | 767.9897  |
|    std                | 0.00111   |
|    value_loss         | 5.83e+06  |
-------------------------------------
-------------------------------------
| time/                 |           |
|    fps                | 33        |
|    iterations         | 79500     |
|    time_elapsed       | 11964     |
|    total_timesteps    | 397500    |
| train/                |           |
|    entropy_loss       | 11        |
|    explained_variance | 0         |
|    learning_rate      | 0.0007    |
|    n_updates          | 79499     |
|    policy_loss        | -2.72e+04 |
|    reward             | 825.5203  |
|    std                | 0.0011    |
|    value_loss         | 7.12e+06  |
-------------------------------------
EPISODE:  399
-------------------------------------
| time/                 |           |
|    fps                | 33        |
|    iterations         | 79600     |
|    time_elapsed       | 11979     |
|    total_timesteps    | 398000    |
| train/                |           |
|    entropy_loss       | 11        |
|    explained_variance | 0         |
|    learning_rate      | 0.0007    |
|    n_updates          | 79599     |
|    policy_loss        | -2.47e+04 |
|    reward             | 767.9897  |
|    std                | 0.00109   |
|    value_loss         | 5.83e+06  |
-------------------------------------
-------------------------------------
| time/                 |           |
|    fps                | 33        |
|    iterations         | 79700     |
|    time_elapsed       | 11995     |
|    total_timesteps    | 398500    |
| train/                |           |
|    entropy_loss       | 11        |
|    explained_variance | 0         |
|    learning_rate      | 0.0007    |
|    n_updates          | 79699     |
|    policy_loss        | -2.45e+04 |
|    reward             | 825.5203  |
|    std                | 0.00109   |
|    value_loss         | 7.12e+06  |
-------------------------------------
EPISODE:  400
-------------------------------------
| time/                 |           |
|    fps                | 33        |
|    iterations         | 79800     |
|    time_elapsed       | 12010     |
|    total_timesteps    | 399000    |
| train/                |           |
|    entropy_loss       | 11        |
|    explained_variance | 0         |
|    learning_rate      | 0.0007    |
|    n_updates          | 79799     |
|    policy_loss        | -2.46e+04 |
|    reward             | 767.9897  |
|    std                | 0.00109   |
|    value_loss         | 5.83e+06  |
-------------------------------------
-------------------------------------
| time/                 |           |
|    fps                | 33        |
|    iterations         | 79900     |
|    time_elapsed       | 12025     |
|    total_timesteps    | 399500    |
| train/                |           |
|    entropy_loss       | 11        |
|    explained_variance | -1.19e-07 |
|    learning_rate      | 0.0007    |
|    n_updates          | 79899     |
|    policy_loss        | -2.28e+04 |
|    reward             | 825.5203  |
|    std                | 0.00108   |
|    value_loss         | 7.12e+06  |
-------------------------------------
EPISODE:  401
-------------------------------------
| time/                 |           |
|    fps                | 33        |
|    iterations         | 80000     |
|    time_elapsed       | 12040     |
|    total_timesteps    | 400000    |
| train/                |           |
|    entropy_loss       | 11        |
|    explained_variance | 0         |
|    learning_rate      | 0.0007    |
|    n_updates          | 79999     |
|    policy_loss        | -2.44e+04 |
|    reward             | 767.9897  |
|    std                | 0.00106   |
|    value_loss         | 5.83e+06  |
-------------------------------------
-------------------------------------
| time/                 |           |
|    fps                | 33        |
|    iterations         | 80100     |
|    time_elapsed       | 12055     |
|    total_timesteps    | 400500    |
| train/                |           |
|    entropy_loss       | 11        |
|    explained_variance | -1.19e-07 |
|    learning_rate      | 0.0007    |
|    n_updates          | 80099     |
|    policy_loss        | -2.65e+04 |
|    reward             | 825.5203  |
|    std                | 0.00106   |
|    value_loss         | 7.12e+06  |
-------------------------------------
EPISODE:  402
-------------------------------------
| time/                 |           |
|    fps                | 33        |
|    iterations         | 80200     |
|    time_elapsed       | 12070     |
|    total_timesteps    | 401000    |
| train/                |           |
|    entropy_loss       | 11.1      |
|    explained_variance | 1.19e-07  |
|    learning_rate      | 0.0007    |
|    n_updates          | 80199     |
|    policy_loss        | -2.55e+04 |
|    reward             | 767.9897  |
|    std                | 0.00105   |
|    value_loss         | 5.83e+06  |
-------------------------------------
-------------------------------------
| time/                 |           |
|    fps                | 33        |
|    iterations         | 80300     |
|    time_elapsed       | 12085     |
|    total_timesteps    | 401500    |
| train/                |           |
|    entropy_loss       | 11.1      |
|    explained_variance | 0         |
|    learning_rate      | 0.0007    |
|    n_updates          | 80299     |
|    policy_loss        | -2.76e+04 |
|    reward             | 825.5203  |
|    std                | 0.00105   |
|    value_loss         | 7.12e+06  |
-------------------------------------
EPISODE:  403
-------------------------------------
| time/                 |           |
|    fps                | 33        |
|    iterations         | 80400     |
|    time_elapsed       | 12100     |
|    total_timesteps    | 402000    |
| train/                |           |
|    entropy_loss       | 11.1      |
|    explained_variance | 0         |
|    learning_rate      | 0.0007    |
|    n_updates          | 80399     |
|    policy_loss        | -2.54e+04 |
|    reward             | 767.9897  |
|    std                | 0.00104   |
|    value_loss         | 5.83e+06  |
-------------------------------------
-------------------------------------
| time/                 |           |
|    fps                | 33        |
|    iterations         | 80500     |
|    time_elapsed       | 12115     |
|    total_timesteps    | 402500    |
| train/                |           |
|    entropy_loss       | 11.1      |
|    explained_variance | 0         |
|    learning_rate      | 0.0007    |
|    n_updates          | 80499     |
|    policy_loss        | -2.46e+04 |
|    reward             | 825.5203  |
|    std                | 0.00103   |
|    value_loss         | 7.12e+06  |
-------------------------------------
EPISODE:  404
-------------------------------------
| time/                 |           |
|    fps                | 33        |
|    iterations         | 80600     |
|    time_elapsed       | 12130     |
|    total_timesteps    | 403000    |
| train/                |           |
|    entropy_loss       | 11.1      |
|    explained_variance | -1.19e-07 |
|    learning_rate      | 0.0007    |
|    n_updates          | 80599     |
|    policy_loss        | -2.43e+04 |
|    reward             | 767.9897  |
|    std                | 0.00103   |
|    value_loss         | 5.83e+06  |
-------------------------------------
------------------------------------
| time/                 |          |
|    fps                | 33       |
|    iterations         | 80700    |
|    time_elapsed       | 12145    |
|    total_timesteps    | 403500   |
| train/                |          |
|    entropy_loss       | 11.1     |
|    explained_variance | 0        |
|    learning_rate      | 0.0007   |
|    n_updates          | 80699    |
|    policy_loss        | -2.8e+04 |
|    reward             | 825.5203 |
|    std                | 0.00102  |
|    value_loss         | 7.12e+06 |
------------------------------------
EPISODE:  405
-------------------------------------
| time/                 |           |
|    fps                | 33        |
|    iterations         | 80800     |
|    time_elapsed       | 12160     |
|    total_timesteps    | 404000    |
| train/                |           |
|    entropy_loss       | 11.2      |
|    explained_variance | 0         |
|    learning_rate      | 0.0007    |
|    n_updates          | 80799     |
|    policy_loss        | -2.49e+04 |
|    reward             | 767.9897  |
|    std                | 0.00101   |
|    value_loss         | 5.83e+06  |
-------------------------------------
-------------------------------------
| time/                 |           |
|    fps                | 33        |
|    iterations         | 80900     |
|    time_elapsed       | 12175     |
|    total_timesteps    | 404500    |
| train/                |           |
|    entropy_loss       | 11.2      |
|    explained_variance | 0         |
|    learning_rate      | 0.0007    |
|    n_updates          | 80899     |
|    policy_loss        | -2.81e+04 |
|    reward             | 825.5203  |
|    std                | 0.000997  |
|    value_loss         | 7.12e+06  |
-------------------------------------
EPISODE:  406
-------------------------------------
| time/                 |           |
|    fps                | 33        |
|    iterations         | 81000     |
|    time_elapsed       | 12190     |
|    total_timesteps    | 405000    |
| train/                |           |
|    entropy_loss       | 11.2      |
|    explained_variance | 0         |
|    learning_rate      | 0.0007    |
|    n_updates          | 80999     |
|    policy_loss        | -2.49e+04 |
|    reward             | 767.9897  |
|    std                | 0.000983  |
|    value_loss         | 5.83e+06  |
-------------------------------------
-------------------------------------
| time/                 |           |
|    fps                | 33        |
|    iterations         | 81100     |
|    time_elapsed       | 12205     |
|    total_timesteps    | 405500    |
| train/                |           |
|    entropy_loss       | 11.2      |
|    explained_variance | 0         |
|    learning_rate      | 0.0007    |
|    n_updates          | 81099     |
|    policy_loss        | -2.79e+04 |
|    reward             | 825.5203  |
|    std                | 0.000981  |
|    value_loss         | 7.12e+06  |
-------------------------------------
EPISODE:  407
-------------------------------------
| time/                 |           |
|    fps                | 33        |
|    iterations         | 81200     |
|    time_elapsed       | 12221     |
|    total_timesteps    | 406000    |
| train/                |           |
|    entropy_loss       | 11.3      |
|    explained_variance | 0         |
|    learning_rate      | 0.0007    |
|    n_updates          | 81199     |
|    policy_loss        | -2.44e+04 |
|    reward             | 767.9897  |
|    std                | 0.000965  |
|    value_loss         | 5.83e+06  |
-------------------------------------
-------------------------------------
| time/                 |           |
|    fps                | 33        |
|    iterations         | 81300     |
|    time_elapsed       | 12236     |
|    total_timesteps    | 406500    |
| train/                |           |
|    entropy_loss       | 11.3      |
|    explained_variance | 0         |
|    learning_rate      | 0.0007    |
|    n_updates          | 81299     |
|    policy_loss        | -2.72e+04 |
|    reward             | 825.5203  |
|    std                | 0.000951  |
|    value_loss         | 7.11e+06  |
-------------------------------------
EPISODE:  408
-------------------------------------
| time/                 |           |
|    fps                | 33        |
|    iterations         | 81400     |
|    time_elapsed       | 12251     |
|    total_timesteps    | 407000    |
| train/                |           |
|    entropy_loss       | 11.3      |
|    explained_variance | 0         |
|    learning_rate      | 0.0007    |
|    n_updates          | 81399     |
|    policy_loss        | -2.36e+04 |
|    reward             | 767.9897  |
|    std                | 0.000938  |
|    value_loss         | 5.83e+06  |
-------------------------------------
-------------------------------------
| time/                 |           |
|    fps                | 33        |
|    iterations         | 81500     |
|    time_elapsed       | 12266     |
|    total_timesteps    | 407500    |
| train/                |           |
|    entropy_loss       | 11.3      |
|    explained_variance | 0         |
|    learning_rate      | 0.0007    |
|    n_updates          | 81499     |
|    policy_loss        | -2.49e+04 |
|    reward             | 825.5203  |
|    std                | 0.000929  |
|    value_loss         | 7.11e+06  |
-------------------------------------
EPISODE:  409
-------------------------------------
| time/                 |           |
|    fps                | 33        |
|    iterations         | 81600     |
|    time_elapsed       | 12281     |
|    total_timesteps    | 408000    |
| train/                |           |
|    entropy_loss       | 11.3      |
|    explained_variance | 0         |
|    learning_rate      | 0.0007    |
|    n_updates          | 81599     |
|    policy_loss        | -2.61e+04 |
|    reward             | 767.9897  |
|    std                | 0.000925  |
|    value_loss         | 5.83e+06  |
-------------------------------------
-------------------------------------
| time/                 |           |
|    fps                | 33        |
|    iterations         | 81700     |
|    time_elapsed       | 12296     |
|    total_timesteps    | 408500    |
| train/                |           |
|    entropy_loss       | 11.4      |
|    explained_variance | 0         |
|    learning_rate      | 0.0007    |
|    n_updates          | 81699     |
|    policy_loss        | -2.62e+04 |
|    reward             | 825.5203  |
|    std                | 0.000912  |
|    value_loss         | 7.11e+06  |
-------------------------------------
EPISODE:  410
-------------------------------------
| time/                 |           |
|    fps                | 33        |
|    iterations         | 81800     |
|    time_elapsed       | 12311     |
|    total_timesteps    | 409000    |
| train/                |           |
|    entropy_loss       | 11.4      |
|    explained_variance | 0         |
|    learning_rate      | 0.0007    |
|    n_updates          | 81799     |
|    policy_loss        | -2.53e+04 |
|    reward             | 767.9897  |
|    std                | 0.000907  |
|    value_loss         | 5.82e+06  |
-------------------------------------
-------------------------------------
| time/                 |           |
|    fps                | 33        |
|    iterations         | 81900     |
|    time_elapsed       | 12326     |
|    total_timesteps    | 409500    |
| train/                |           |
|    entropy_loss       | 11.4      |
|    explained_variance | 0         |
|    learning_rate      | 0.0007    |
|    n_updates          | 81899     |
|    policy_loss        | -2.81e+04 |
|    reward             | 825.5203  |
|    std                | 0.000893  |
|    value_loss         | 7.11e+06  |
-------------------------------------
EPISODE:  411
-------------------------------------
| time/                 |           |
|    fps                | 33        |
|    iterations         | 82000     |
|    time_elapsed       | 12341     |
|    total_timesteps    | 410000    |
| train/                |           |
|    entropy_loss       | 11.4      |
|    explained_variance | 0         |
|    learning_rate      | 0.0007    |
|    n_updates          | 81999     |
|    policy_loss        | -2.61e+04 |
|    reward             | 767.9897  |
|    std                | 0.000888  |
|    value_loss         | 5.82e+06  |
-------------------------------------
-------------------------------------
| time/                 |           |
|    fps                | 33        |
|    iterations         | 82100     |
|    time_elapsed       | 12356     |
|    total_timesteps    | 410500    |
| train/                |           |
|    entropy_loss       | 11.5      |
|    explained_variance | 0         |
|    learning_rate      | 0.0007    |
|    n_updates          | 82099     |
|    policy_loss        | -2.43e+04 |
|    reward             | 825.5203  |
|    std                | 0.000875  |
|    value_loss         | 7.11e+06  |
-------------------------------------
EPISODE:  412
-------------------------------------
| time/                 |           |
|    fps                | 33        |
|    iterations         | 82200     |
|    time_elapsed       | 12371     |
|    total_timesteps    | 411000    |
| train/                |           |
|    entropy_loss       | 11.5      |
|    explained_variance | 0         |
|    learning_rate      | 0.0007    |
|    n_updates          | 82199     |
|    policy_loss        | -2.26e+04 |
|    reward             | 767.9897  |
|    std                | 0.000871  |
|    value_loss         | 5.82e+06  |
-------------------------------------
-------------------------------------
| time/                 |           |
|    fps                | 33        |
|    iterations         | 82300     |
|    time_elapsed       | 12386     |
|    total_timesteps    | 411500    |
| train/                |           |
|    entropy_loss       | 11.5      |
|    explained_variance | -1.19e-07 |
|    learning_rate      | 0.0007    |
|    n_updates          | 82299     |
|    policy_loss        | -2.94e+04 |
|    reward             | 825.5203  |
|    std                | 0.000863  |
|    value_loss         | 7.11e+06  |
-------------------------------------
EPISODE:  413
------------------------------------
| time/                 |          |
|    fps                | 33       |
|    iterations         | 82400    |
|    time_elapsed       | 12401    |
|    total_timesteps    | 412000   |
| train/                |          |
|    entropy_loss       | 11.5     |
|    explained_variance | 0        |
|    learning_rate      | 0.0007   |
|    n_updates          | 82399    |
|    policy_loss        | -2.3e+04 |
|    reward             | 767.9897 |
|    std                | 0.00086  |
|    value_loss         | 5.82e+06 |
------------------------------------
-------------------------------------
| time/                 |           |
|    fps                | 33        |
|    iterations         | 82500     |
|    time_elapsed       | 12416     |
|    total_timesteps    | 412500    |
| train/                |           |
|    entropy_loss       | 11.5      |
|    explained_variance | 0         |
|    learning_rate      | 0.0007    |
|    n_updates          | 82499     |
|    policy_loss        | -2.84e+04 |
|    reward             | 825.5203  |
|    std                | 0.000856  |
|    value_loss         | 7.11e+06  |
-------------------------------------
EPISODE:  414
------------------------------------
| time/                 |          |
|    fps                | 33       |
|    iterations         | 82600    |
|    time_elapsed       | 12431    |
|    total_timesteps    | 413000   |
| train/                |          |
|    entropy_loss       | 11.5     |
|    explained_variance | 0        |
|    learning_rate      | 0.0007   |
|    n_updates          | 82599    |
|    policy_loss        | -2.2e+04 |
|    reward             | 767.9897 |
|    std                | 0.000847 |
|    value_loss         | 5.82e+06 |
------------------------------------
-------------------------------------
| time/                 |           |
|    fps                | 33        |
|    iterations         | 82700     |
|    time_elapsed       | 12447     |
|    total_timesteps    | 413500    |
| train/                |           |
|    entropy_loss       | 11.5      |
|    explained_variance | 0         |
|    learning_rate      | 0.0007    |
|    n_updates          | 82699     |
|    policy_loss        | -2.84e+04 |
|    reward             | 825.5203  |
|    std                | 0.000847  |
|    value_loss         | 7.11e+06  |
-------------------------------------
EPISODE:  415
-------------------------------------
| time/                 |           |
|    fps                | 33        |
|    iterations         | 82800     |
|    time_elapsed       | 12462     |
|    total_timesteps    | 414000    |
| train/                |           |
|    entropy_loss       | 11.5      |
|    explained_variance | 0         |
|    learning_rate      | 0.0007    |
|    n_updates          | 82799     |
|    policy_loss        | -2.54e+04 |
|    reward             | 767.9897  |
|    std                | 0.00084   |
|    value_loss         | 5.82e+06  |
-------------------------------------
-------------------------------------
| time/                 |           |
|    fps                | 33        |
|    iterations         | 82900     |
|    time_elapsed       | 12477     |
|    total_timesteps    | 414500    |
| train/                |           |
|    entropy_loss       | 11.6      |
|    explained_variance | 0         |
|    learning_rate      | 0.0007    |
|    n_updates          | 82899     |
|    policy_loss        | -2.92e+04 |
|    reward             | 825.5203  |
|    std                | 0.00083   |
|    value_loss         | 7.11e+06  |
-------------------------------------
EPISODE:  416
-------------------------------------
| time/                 |           |
|    fps                | 33        |
|    iterations         | 83000     |
|    time_elapsed       | 12492     |
|    total_timesteps    | 415000    |
| train/                |           |
|    entropy_loss       | 11.6      |
|    explained_variance | 0         |
|    learning_rate      | 0.0007    |
|    n_updates          | 82999     |
|    policy_loss        | -2.62e+04 |
|    reward             | 767.9897  |
|    std                | 0.000829  |
|    value_loss         | 5.82e+06  |
-------------------------------------
-------------------------------------
| time/                 |           |
|    fps                | 33        |
|    iterations         | 83100     |
|    time_elapsed       | 12507     |
|    total_timesteps    | 415500    |
| train/                |           |
|    entropy_loss       | 11.6      |
|    explained_variance | 1.19e-07  |
|    learning_rate      | 0.0007    |
|    n_updates          | 83099     |
|    policy_loss        | -2.92e+04 |
|    reward             | 825.5203  |
|    std                | 0.000825  |
|    value_loss         | 7.11e+06  |
-------------------------------------
EPISODE:  417
-------------------------------------
| time/                 |           |
|    fps                | 33        |
|    iterations         | 83200     |
|    time_elapsed       | 12522     |
|    total_timesteps    | 416000    |
| train/                |           |
|    entropy_loss       | 11.6      |
|    explained_variance | 0         |
|    learning_rate      | 0.0007    |
|    n_updates          | 83199     |
|    policy_loss        | -2.59e+04 |
|    reward             | 767.9897  |
|    std                | 0.00082   |
|    value_loss         | 5.82e+06  |
-------------------------------------
-------------------------------------
| time/                 |           |
|    fps                | 33        |
|    iterations         | 83300     |
|    time_elapsed       | 12537     |
|    total_timesteps    | 416500    |
| train/                |           |
|    entropy_loss       | 11.6      |
|    explained_variance | 0         |
|    learning_rate      | 0.0007    |
|    n_updates          | 83299     |
|    policy_loss        | -2.68e+04 |
|    reward             | 825.5203  |
|    std                | 0.000814  |
|    value_loss         | 7.11e+06  |
-------------------------------------
EPISODE:  418
-------------------------------------
| time/                 |           |
|    fps                | 33        |
|    iterations         | 83400     |
|    time_elapsed       | 12552     |
|    total_timesteps    | 417000    |
| train/                |           |
|    entropy_loss       | 11.6      |
|    explained_variance | 0         |
|    learning_rate      | 0.0007    |
|    n_updates          | 83399     |
|    policy_loss        | -2.37e+04 |
|    reward             | 767.9897  |
|    std                | 0.000812  |
|    value_loss         | 5.82e+06  |
-------------------------------------
-------------------------------------
| time/                 |           |
|    fps                | 33        |
|    iterations         | 83500     |
|    time_elapsed       | 12567     |
|    total_timesteps    | 417500    |
| train/                |           |
|    entropy_loss       | 11.7      |
|    explained_variance | 0         |
|    learning_rate      | 0.0007    |
|    n_updates          | 83499     |
|    policy_loss        | -2.65e+04 |
|    reward             | 825.5203  |
|    std                | 0.000806  |
|    value_loss         | 7.11e+06  |
-------------------------------------
EPISODE:  419
-------------------------------------
| time/                 |           |
|    fps                | 33        |
|    iterations         | 83600     |
|    time_elapsed       | 12582     |
|    total_timesteps    | 418000    |
| train/                |           |
|    entropy_loss       | 11.7      |
|    explained_variance | 0         |
|    learning_rate      | 0.0007    |
|    n_updates          | 83599     |
|    policy_loss        | -2.71e+04 |
|    reward             | 767.9897  |
|    std                | 0.000796  |
|    value_loss         | 5.82e+06  |
-------------------------------------
-------------------------------------
| time/                 |           |
|    fps                | 33        |
|    iterations         | 83700     |
|    time_elapsed       | 12597     |
|    total_timesteps    | 418500    |
| train/                |           |
|    entropy_loss       | 11.7      |
|    explained_variance | 0         |
|    learning_rate      | 0.0007    |
|    n_updates          | 83699     |
|    policy_loss        | -2.73e+04 |
|    reward             | 825.5203  |
|    std                | 0.000794  |
|    value_loss         | 7.1e+06   |
-------------------------------------
EPISODE:  420
-------------------------------------
| time/                 |           |
|    fps                | 33        |
|    iterations         | 83800     |
|    time_elapsed       | 12612     |
|    total_timesteps    | 419000    |
| train/                |           |
|    entropy_loss       | 11.7      |
|    explained_variance | 0         |
|    learning_rate      | 0.0007    |
|    n_updates          | 83799     |
|    policy_loss        | -2.32e+04 |
|    reward             | 767.9897  |
|    std                | 0.000784  |
|    value_loss         | 5.82e+06  |
-------------------------------------
-------------------------------------
| time/                 |           |
|    fps                | 33        |
|    iterations         | 83900     |
|    time_elapsed       | 12627     |
|    total_timesteps    | 419500    |
| train/                |           |
|    entropy_loss       | 11.7      |
|    explained_variance | 0         |
|    learning_rate      | 0.0007    |
|    n_updates          | 83899     |
|    policy_loss        | -2.61e+04 |
|    reward             | 825.5203  |
|    std                | 0.000779  |
|    value_loss         | 7.1e+06   |
-------------------------------------
EPISODE:  421
-------------------------------------
| time/                 |           |
|    fps                | 33        |
|    iterations         | 84000     |
|    time_elapsed       | 12643     |
|    total_timesteps    | 420000    |
| train/                |           |
|    entropy_loss       | 11.8      |
|    explained_variance | 0         |
|    learning_rate      | 0.0007    |
|    n_updates          | 83999     |
|    policy_loss        | -2.35e+04 |
|    reward             | 767.9897  |
|    std                | 0.000777  |
|    value_loss         | 5.82e+06  |
-------------------------------------
-------------------------------------
| time/                 |           |
|    fps                | 33        |
|    iterations         | 84100     |
|    time_elapsed       | 12658     |
|    total_timesteps    | 420500    |
| train/                |           |
|    entropy_loss       | 11.8      |
|    explained_variance | 0         |
|    learning_rate      | 0.0007    |
|    n_updates          | 84099     |
|    policy_loss        | -2.75e+04 |
|    reward             | 825.5203  |
|    std                | 0.000776  |
|    value_loss         | 7.1e+06   |
-------------------------------------
EPISODE:  422
-------------------------------------
| time/                 |           |
|    fps                | 33        |
|    iterations         | 84200     |
|    time_elapsed       | 12673     |
|    total_timesteps    | 421000    |
| train/                |           |
|    entropy_loss       | 11.8      |
|    explained_variance | 0         |
|    learning_rate      | 0.0007    |
|    n_updates          | 84199     |
|    policy_loss        | -2.59e+04 |
|    reward             | 767.9897  |
|    std                | 0.000772  |
|    value_loss         | 5.82e+06  |
-------------------------------------
------------------------------------
| time/                 |          |
|    fps                | 33       |
|    iterations         | 84300    |
|    time_elapsed       | 12688    |
|    total_timesteps    | 421500   |
| train/                |          |
|    entropy_loss       | 11.8     |
|    explained_variance | 0        |
|    learning_rate      | 0.0007   |
|    n_updates          | 84299    |
|    policy_loss        | -2.8e+04 |
|    reward             | 825.5203 |
|    std                | 0.000766 |
|    value_loss         | 7.1e+06  |
------------------------------------
EPISODE:  423
-------------------------------------
| time/                 |           |
|    fps                | 33        |
|    iterations         | 84400     |
|    time_elapsed       | 12703     |
|    total_timesteps    | 422000    |
| train/                |           |
|    entropy_loss       | 11.8      |
|    explained_variance | 0         |
|    learning_rate      | 0.0007    |
|    n_updates          | 84399     |
|    policy_loss        | -2.63e+04 |
|    reward             | 767.9897  |
|    std                | 0.000752  |
|    value_loss         | 5.81e+06  |
-------------------------------------
-------------------------------------
| time/                 |           |
|    fps                | 33        |
|    iterations         | 84500     |
|    time_elapsed       | 12718     |
|    total_timesteps    | 422500    |
| train/                |           |
|    entropy_loss       | 11.9      |
|    explained_variance | 0         |
|    learning_rate      | 0.0007    |
|    n_updates          | 84499     |
|    policy_loss        | -2.85e+04 |
|    reward             | 825.5203  |
|    std                | 0.000743  |
|    value_loss         | 7.1e+06   |
-------------------------------------
EPISODE:  424
-------------------------------------
| time/                 |           |
|    fps                | 33        |
|    iterations         | 84600     |
|    time_elapsed       | 12733     |
|    total_timesteps    | 423000    |
| train/                |           |
|    entropy_loss       | 11.9      |
|    explained_variance | 0         |
|    learning_rate      | 0.0007    |
|    n_updates          | 84599     |
|    policy_loss        | -2.57e+04 |
|    reward             | 767.9897  |
|    std                | 0.000739  |
|    value_loss         | 5.81e+06  |
-------------------------------------
------------------------------------
| time/                 |          |
|    fps                | 33       |
|    iterations         | 84700    |
|    time_elapsed       | 12748    |
|    total_timesteps    | 423500   |
| train/                |          |
|    entropy_loss       | 11.9     |
|    explained_variance | 0        |
|    learning_rate      | 0.0007   |
|    n_updates          | 84699    |
|    policy_loss        | -2.9e+04 |
|    reward             | 825.5203 |
|    std                | 0.000733 |
|    value_loss         | 7.1e+06  |
------------------------------------
EPISODE:  425
-------------------------------------
| time/                 |           |
|    fps                | 33        |
|    iterations         | 84800     |
|    time_elapsed       | 12763     |
|    total_timesteps    | 424000    |
| train/                |           |
|    entropy_loss       | 11.9      |
|    explained_variance | 0         |
|    learning_rate      | 0.0007    |
|    n_updates          | 84799     |
|    policy_loss        | -2.53e+04 |
|    reward             | 767.9897  |
|    std                | 0.00073   |
|    value_loss         | 5.81e+06  |
-------------------------------------
-------------------------------------
| time/                 |           |
|    fps                | 33        |
|    iterations         | 84900     |
|    time_elapsed       | 12778     |
|    total_timesteps    | 424500    |
| train/                |           |
|    entropy_loss       | 11.9      |
|    explained_variance | 1.19e-07  |
|    learning_rate      | 0.0007    |
|    n_updates          | 84899     |
|    policy_loss        | -2.88e+04 |
|    reward             | 825.5203  |
|    std                | 0.000723  |
|    value_loss         | 7.1e+06   |
-------------------------------------
EPISODE:  426
-------------------------------------
| time/                 |           |
|    fps                | 33        |
|    iterations         | 85000     |
|    time_elapsed       | 12793     |
|    total_timesteps    | 425000    |
| train/                |           |
|    entropy_loss       | 12        |
|    explained_variance | 0         |
|    learning_rate      | 0.0007    |
|    n_updates          | 84999     |
|    policy_loss        | -2.49e+04 |
|    reward             | 767.9897  |
|    std                | 0.000715  |
|    value_loss         | 5.81e+06  |
-------------------------------------
-------------------------------------
| time/                 |           |
|    fps                | 33        |
|    iterations         | 85100     |
|    time_elapsed       | 12808     |
|    total_timesteps    | 425500    |
| train/                |           |
|    entropy_loss       | 12        |
|    explained_variance | 0         |
|    learning_rate      | 0.0007    |
|    n_updates          | 85099     |
|    policy_loss        | -2.95e+04 |
|    reward             | 825.5203  |
|    std                | 0.000706  |
|    value_loss         | 7.1e+06   |
-------------------------------------
EPISODE:  427
-------------------------------------
| time/                 |           |
|    fps                | 33        |
|    iterations         | 85200     |
|    time_elapsed       | 12823     |
|    total_timesteps    | 426000    |
| train/                |           |
|    entropy_loss       | 12        |
|    explained_variance | 0         |
|    learning_rate      | 0.0007    |
|    n_updates          | 85199     |
|    policy_loss        | -2.78e+04 |
|    reward             | 767.9897  |
|    std                | 0.000702  |
|    value_loss         | 5.81e+06  |
-------------------------------------
-------------------------------------
| time/                 |           |
|    fps                | 33        |
|    iterations         | 85300     |
|    time_elapsed       | 12839     |
|    total_timesteps    | 426500    |
| train/                |           |
|    entropy_loss       | 12        |
|    explained_variance | 0         |
|    learning_rate      | 0.0007    |
|    n_updates          | 85299     |
|    policy_loss        | -2.76e+04 |
|    reward             | 825.5203  |
|    std                | 0.000692  |
|    value_loss         | 7.1e+06   |
-------------------------------------
EPISODE:  428
-------------------------------------
| time/                 |           |
|    fps                | 33        |
|    iterations         | 85400     |
|    time_elapsed       | 12853     |
|    total_timesteps    | 427000    |
| train/                |           |
|    entropy_loss       | 12.1      |
|    explained_variance | 0         |
|    learning_rate      | 0.0007    |
|    n_updates          | 85399     |
|    policy_loss        | -2.59e+04 |
|    reward             | 767.9897  |
|    std                | 0.000681  |
|    value_loss         | 5.81e+06  |
-------------------------------------
------------------------------------
| time/                 |          |
|    fps                | 33       |
|    iterations         | 85500    |
|    time_elapsed       | 12868    |
|    total_timesteps    | 427500   |
| train/                |          |
|    entropy_loss       | 12.1     |
|    explained_variance | 1.19e-07 |
|    learning_rate      | 0.0007   |
|    n_updates          | 85499    |
|    policy_loss        | -3e+04   |
|    reward             | 825.5203 |
|    std                | 0.000683 |
|    value_loss         | 7.1e+06  |
------------------------------------
EPISODE:  429
-------------------------------------
| time/                 |           |
|    fps                | 33        |
|    iterations         | 85600     |
|    time_elapsed       | 12884     |
|    total_timesteps    | 428000    |
| train/                |           |
|    entropy_loss       | 12.1      |
|    explained_variance | 0         |
|    learning_rate      | 0.0007    |
|    n_updates          | 85599     |
|    policy_loss        | -2.76e+04 |
|    reward             | 767.9897  |
|    std                | 0.000682  |
|    value_loss         | 5.81e+06  |
-------------------------------------
-------------------------------------
| time/                 |           |
|    fps                | 33        |
|    iterations         | 85700     |
|    time_elapsed       | 12899     |
|    total_timesteps    | 428500    |
| train/                |           |
|    entropy_loss       | 12.1      |
|    explained_variance | 0         |
|    learning_rate      | 0.0007    |
|    n_updates          | 85699     |
|    policy_loss        | -2.95e+04 |
|    reward             | 825.5203  |
|    std                | 0.00068   |
|    value_loss         | 7.1e+06   |
-------------------------------------
EPISODE:  430
-------------------------------------
| time/                 |           |
|    fps                | 33        |
|    iterations         | 85800     |
|    time_elapsed       | 12914     |
|    total_timesteps    | 429000    |
| train/                |           |
|    entropy_loss       | 12.1      |
|    explained_variance | 0         |
|    learning_rate      | 0.0007    |
|    n_updates          | 85799     |
|    policy_loss        | -2.61e+04 |
|    reward             | 767.9897  |
|    std                | 0.000679  |
|    value_loss         | 5.81e+06  |
-------------------------------------
-------------------------------------
| time/                 |           |
|    fps                | 33        |
|    iterations         | 85900     |
|    time_elapsed       | 12929     |
|    total_timesteps    | 429500    |
| train/                |           |
|    entropy_loss       | 12.1      |
|    explained_variance | 0         |
|    learning_rate      | 0.0007    |
|    n_updates          | 85899     |
|    policy_loss        | -2.88e+04 |
|    reward             | 825.5203  |
|    std                | 0.000673  |
|    value_loss         | 7.1e+06   |
-------------------------------------
EPISODE:  431
-------------------------------------
| time/                 |           |
|    fps                | 33        |
|    iterations         | 86000     |
|    time_elapsed       | 12944     |
|    total_timesteps    | 430000    |
| train/                |           |
|    entropy_loss       | 12.1      |
|    explained_variance | 1.19e-07  |
|    learning_rate      | 0.0007    |
|    n_updates          | 85999     |
|    policy_loss        | -2.62e+04 |
|    reward             | 767.9897  |
|    std                | 0.000669  |
|    value_loss         | 5.81e+06  |
-------------------------------------
-------------------------------------
| time/                 |           |
|    fps                | 33        |
|    iterations         | 86100     |
|    time_elapsed       | 12959     |
|    total_timesteps    | 430500    |
| train/                |           |
|    entropy_loss       | 12.1      |
|    explained_variance | 0         |
|    learning_rate      | 0.0007    |
|    n_updates          | 86099     |
|    policy_loss        | -2.87e+04 |
|    reward             | 825.5203  |
|    std                | 0.000663  |
|    value_loss         | 7.09e+06  |
-------------------------------------
EPISODE:  432
-------------------------------------
| time/                 |           |
|    fps                | 33        |
|    iterations         | 86200     |
|    time_elapsed       | 12974     |
|    total_timesteps    | 431000    |
| train/                |           |
|    entropy_loss       | 12.2      |
|    explained_variance | 0         |
|    learning_rate      | 0.0007    |
|    n_updates          | 86199     |
|    policy_loss        | -2.74e+04 |
|    reward             | 767.9897  |
|    std                | 0.000654  |
|    value_loss         | 5.81e+06  |
-------------------------------------
-------------------------------------
| time/                 |           |
|    fps                | 33        |
|    iterations         | 86300     |
|    time_elapsed       | 12989     |
|    total_timesteps    | 431500    |
| train/                |           |
|    entropy_loss       | 12.2      |
|    explained_variance | 0         |
|    learning_rate      | 0.0007    |
|    n_updates          | 86299     |
|    policy_loss        | -2.94e+04 |
|    reward             | 825.5203  |
|    std                | 0.000648  |
|    value_loss         | 7.09e+06  |
-------------------------------------
EPISODE:  433
-------------------------------------
| time/                 |           |
|    fps                | 33        |
|    iterations         | 86400     |
|    time_elapsed       | 13004     |
|    total_timesteps    | 432000    |
| train/                |           |
|    entropy_loss       | 12.2      |
|    explained_variance | 0         |
|    learning_rate      | 0.0007    |
|    n_updates          | 86399     |
|    policy_loss        | -2.64e+04 |
|    reward             | 767.9897  |
|    std                | 0.00064   |
|    value_loss         | 5.81e+06  |
-------------------------------------
-------------------------------------
| time/                 |           |
|    fps                | 33        |
|    iterations         | 86500     |
|    time_elapsed       | 13019     |
|    total_timesteps    | 432500    |
| train/                |           |
|    entropy_loss       | 12.2      |
|    explained_variance | 0         |
|    learning_rate      | 0.0007    |
|    n_updates          | 86499     |
|    policy_loss        | -2.82e+04 |
|    reward             | 825.5203  |
|    std                | 0.000636  |
|    value_loss         | 7.09e+06  |
-------------------------------------
EPISODE:  434
-------------------------------------
| time/                 |           |
|    fps                | 33        |
|    iterations         | 86600     |
|    time_elapsed       | 13034     |
|    total_timesteps    | 433000    |
| train/                |           |
|    entropy_loss       | 12.3      |
|    explained_variance | 0         |
|    learning_rate      | 0.0007    |
|    n_updates          | 86599     |
|    policy_loss        | -2.56e+04 |
|    reward             | 767.9897  |
|    std                | 0.000629  |
|    value_loss         | 5.81e+06  |
-------------------------------------
-------------------------------------
| time/                 |           |
|    fps                | 33        |
|    iterations         | 86700     |
|    time_elapsed       | 13050     |
|    total_timesteps    | 433500    |
| train/                |           |
|    entropy_loss       | 12.3      |
|    explained_variance | 0         |
|    learning_rate      | 0.0007    |
|    n_updates          | 86699     |
|    policy_loss        | -2.91e+04 |
|    reward             | 825.5203  |
|    std                | 0.000623  |
|    value_loss         | 7.09e+06  |
-------------------------------------
EPISODE:  435
-------------------------------------
| time/                 |           |
|    fps                | 33        |
|    iterations         | 86800     |
|    time_elapsed       | 13065     |
|    total_timesteps    | 434000    |
| train/                |           |
|    entropy_loss       | 12.3      |
|    explained_variance | 0         |
|    learning_rate      | 0.0007    |
|    n_updates          | 86799     |
|    policy_loss        | -2.69e+04 |
|    reward             | 767.9897  |
|    std                | 0.00062   |
|    value_loss         | 5.81e+06  |
-------------------------------------
-------------------------------------
| time/                 |           |
|    fps                | 33        |
|    iterations         | 86900     |
|    time_elapsed       | 13080     |
|    total_timesteps    | 434500    |
| train/                |           |
|    entropy_loss       | 12.3      |
|    explained_variance | 0         |
|    learning_rate      | 0.0007    |
|    n_updates          | 86899     |
|    policy_loss        | -2.61e+04 |
|    reward             | 825.5203  |
|    std                | 0.000619  |
|    value_loss         | 7.09e+06  |
-------------------------------------
EPISODE:  436
-------------------------------------
| time/                 |           |
|    fps                | 33        |
|    iterations         | 87000     |
|    time_elapsed       | 13095     |
|    total_timesteps    | 435000    |
| train/                |           |
|    entropy_loss       | 12.3      |
|    explained_variance | 0         |
|    learning_rate      | 0.0007    |
|    n_updates          | 86999     |
|    policy_loss        | -2.74e+04 |
|    reward             | 767.9897  |
|    std                | 0.000615  |
|    value_loss         | 5.8e+06   |
-------------------------------------
-------------------------------------
| time/                 |           |
|    fps                | 33        |
|    iterations         | 87100     |
|    time_elapsed       | 13110     |
|    total_timesteps    | 435500    |
| train/                |           |
|    entropy_loss       | 12.3      |
|    explained_variance | 0         |
|    learning_rate      | 0.0007    |
|    n_updates          | 87099     |
|    policy_loss        | -3.08e+04 |
|    reward             | 825.5203  |
|    std                | 0.00061   |
|    value_loss         | 7.09e+06  |
-------------------------------------
EPISODE:  437
-------------------------------------
| time/                 |           |
|    fps                | 33        |
|    iterations         | 87200     |
|    time_elapsed       | 13125     |
|    total_timesteps    | 436000    |
| train/                |           |
|    entropy_loss       | 12.4      |
|    explained_variance | 0         |
|    learning_rate      | 0.0007    |
|    n_updates          | 87199     |
|    policy_loss        | -2.78e+04 |
|    reward             | 767.9897  |
|    std                | 0.000603  |
|    value_loss         | 5.8e+06   |
-------------------------------------
------------------------------------
| time/                 |          |
|    fps                | 33       |
|    iterations         | 87300    |
|    time_elapsed       | 13140    |
|    total_timesteps    | 436500   |
| train/                |          |
|    entropy_loss       | 12.4     |
|    explained_variance | 0        |
|    learning_rate      | 0.0007   |
|    n_updates          | 87299    |
|    policy_loss        | -3.1e+04 |
|    reward             | 825.5203 |
|    std                | 0.000601 |
|    value_loss         | 7.09e+06 |
------------------------------------
EPISODE:  438
-------------------------------------
| time/                 |           |
|    fps                | 33        |
|    iterations         | 87400     |
|    time_elapsed       | 13155     |
|    total_timesteps    | 437000    |
| train/                |           |
|    entropy_loss       | 12.4      |
|    explained_variance | 0         |
|    learning_rate      | 0.0007    |
|    n_updates          | 87399     |
|    policy_loss        | -2.73e+04 |
|    reward             | 767.9897  |
|    std                | 0.000594  |
|    value_loss         | 5.8e+06   |
-------------------------------------
-------------------------------------
| time/                 |           |
|    fps                | 33        |
|    iterations         | 87500     |
|    time_elapsed       | 13170     |
|    total_timesteps    | 437500    |
| train/                |           |
|    entropy_loss       | 12.4      |
|    explained_variance | 0         |
|    learning_rate      | 0.0007    |
|    n_updates          | 87499     |
|    policy_loss        | -3.11e+04 |
|    reward             | 825.5203  |
|    std                | 0.000592  |
|    value_loss         | 7.09e+06  |
-------------------------------------
EPISODE:  439
-------------------------------------
| time/                 |           |
|    fps                | 33        |
|    iterations         | 87600     |
|    time_elapsed       | 13185     |
|    total_timesteps    | 438000    |
| train/                |           |
|    entropy_loss       | 12.4      |
|    explained_variance | -1.19e-07 |
|    learning_rate      | 0.0007    |
|    n_updates          | 87599     |
|    policy_loss        | -2.83e+04 |
|    reward             | 767.9897  |
|    std                | 0.000584  |
|    value_loss         | 5.8e+06   |
-------------------------------------
-------------------------------------
| time/                 |           |
|    fps                | 33        |
|    iterations         | 87700     |
|    time_elapsed       | 13200     |
|    total_timesteps    | 438500    |
| train/                |           |
|    entropy_loss       | 12.4      |
|    explained_variance | 0         |
|    learning_rate      | 0.0007    |
|    n_updates          | 87699     |
|    policy_loss        | -2.96e+04 |
|    reward             | 825.5203  |
|    std                | 0.000581  |
|    value_loss         | 7.09e+06  |
-------------------------------------
EPISODE:  440
-------------------------------------
| time/                 |           |
|    fps                | 33        |
|    iterations         | 87800     |
|    time_elapsed       | 13215     |
|    total_timesteps    | 439000    |
| train/                |           |
|    entropy_loss       | 12.5      |
|    explained_variance | 0         |
|    learning_rate      | 0.0007    |
|    n_updates          | 87799     |
|    policy_loss        | -2.73e+04 |
|    reward             | 767.9897  |
|    std                | 0.00058   |
|    value_loss         | 5.8e+06   |
-------------------------------------
-------------------------------------
| time/                 |           |
|    fps                | 33        |
|    iterations         | 87900     |
|    time_elapsed       | 13230     |
|    total_timesteps    | 439500    |
| train/                |           |
|    entropy_loss       | 12.5      |
|    explained_variance | 0         |
|    learning_rate      | 0.0007    |
|    n_updates          | 87899     |
|    policy_loss        | -2.95e+04 |
|    reward             | 825.5203  |
|    std                | 0.000576  |
|    value_loss         | 7.09e+06  |
-------------------------------------
EPISODE:  441
-------------------------------------
| time/                 |           |
|    fps                | 33        |
|    iterations         | 88000     |
|    time_elapsed       | 13245     |
|    total_timesteps    | 440000    |
| train/                |           |
|    entropy_loss       | 12.5      |
|    explained_variance | 0         |
|    learning_rate      | 0.0007    |
|    n_updates          | 87999     |
|    policy_loss        | -2.79e+04 |
|    reward             | 767.9897  |
|    std                | 0.000569  |
|    value_loss         | 5.8e+06   |
-------------------------------------
-------------------------------------
| time/                 |           |
|    fps                | 33        |
|    iterations         | 88100     |
|    time_elapsed       | 13260     |
|    total_timesteps    | 440500    |
| train/                |           |
|    entropy_loss       | 12.5      |
|    explained_variance | -1.19e-07 |
|    learning_rate      | 0.0007    |
|    n_updates          | 88099     |
|    policy_loss        | -3.01e+04 |
|    reward             | 825.5203  |
|    std                | 0.000563  |
|    value_loss         | 7.09e+06  |
-------------------------------------
EPISODE:  442
-------------------------------------
| time/                 |           |
|    fps                | 33        |
|    iterations         | 88200     |
|    time_elapsed       | 13275     |
|    total_timesteps    | 441000    |
| train/                |           |
|    entropy_loss       | 12.6      |
|    explained_variance | 0         |
|    learning_rate      | 0.0007    |
|    n_updates          | 88199     |
|    policy_loss        | -2.83e+04 |
|    reward             | 767.9897  |
|    std                | 0.000556  |
|    value_loss         | 5.8e+06   |
-------------------------------------
-------------------------------------
| time/                 |           |
|    fps                | 33        |
|    iterations         | 88300     |
|    time_elapsed       | 13291     |
|    total_timesteps    | 441500    |
| train/                |           |
|    entropy_loss       | 12.6      |
|    explained_variance | 0         |
|    learning_rate      | 0.0007    |
|    n_updates          | 88299     |
|    policy_loss        | -3.06e+04 |
|    reward             | 825.5203  |
|    std                | 0.000551  |
|    value_loss         | 7.09e+06  |
-------------------------------------
EPISODE:  443
-------------------------------------
| time/                 |           |
|    fps                | 33        |
|    iterations         | 88400     |
|    time_elapsed       | 13306     |
|    total_timesteps    | 442000    |
| train/                |           |
|    entropy_loss       | 12.6      |
|    explained_variance | 0         |
|    learning_rate      | 0.0007    |
|    n_updates          | 88399     |
|    policy_loss        | -2.64e+04 |
|    reward             | 767.9897  |
|    std                | 0.000548  |
|    value_loss         | 5.8e+06   |
-------------------------------------
-------------------------------------
| time/                 |           |
|    fps                | 33        |
|    iterations         | 88500     |
|    time_elapsed       | 13321     |
|    total_timesteps    | 442500    |
| train/                |           |
|    entropy_loss       | 12.6      |
|    explained_variance | 0         |
|    learning_rate      | 0.0007    |
|    n_updates          | 88499     |
|    policy_loss        | -2.96e+04 |
|    reward             | 825.5203  |
|    std                | 0.000544  |
|    value_loss         | 7.08e+06  |
-------------------------------------
EPISODE:  444
------------------------------------
| time/                 |          |
|    fps                | 33       |
|    iterations         | 88600    |
|    time_elapsed       | 13336    |
|    total_timesteps    | 443000   |
| train/                |          |
|    entropy_loss       | 12.6     |
|    explained_variance | 0        |
|    learning_rate      | 0.0007   |
|    n_updates          | 88599    |
|    policy_loss        | -2.8e+04 |
|    reward             | 767.9897 |
|    std                | 0.000539 |
|    value_loss         | 5.8e+06  |
------------------------------------
-------------------------------------
| time/                 |           |
|    fps                | 33        |
|    iterations         | 88700     |
|    time_elapsed       | 13351     |
|    total_timesteps    | 443500    |
| train/                |           |
|    entropy_loss       | 12.6      |
|    explained_variance | 0         |
|    learning_rate      | 0.0007    |
|    n_updates          | 88699     |
|    policy_loss        | -3.18e+04 |
|    reward             | 825.5203  |
|    std                | 0.000534  |
|    value_loss         | 7.08e+06  |
-------------------------------------
EPISODE:  445
-------------------------------------
| time/                 |           |
|    fps                | 33        |
|    iterations         | 88800     |
|    time_elapsed       | 13366     |
|    total_timesteps    | 444000    |
| train/                |           |
|    entropy_loss       | 12.7      |
|    explained_variance | 0         |
|    learning_rate      | 0.0007    |
|    n_updates          | 88799     |
|    policy_loss        | -2.73e+04 |
|    reward             | 767.9897  |
|    std                | 0.000528  |
|    value_loss         | 5.8e+06   |
-------------------------------------
-------------------------------------
| time/                 |           |
|    fps                | 33        |
|    iterations         | 88900     |
|    time_elapsed       | 13381     |
|    total_timesteps    | 444500    |
| train/                |           |
|    entropy_loss       | 12.7      |
|    explained_variance | 0         |
|    learning_rate      | 0.0007    |
|    n_updates          | 88899     |
|    policy_loss        | -3.11e+04 |
|    reward             | 825.5203  |
|    std                | 0.000525  |
|    value_loss         | 7.08e+06  |
-------------------------------------
EPISODE:  446
-------------------------------------
| time/                 |           |
|    fps                | 33        |
|    iterations         | 89000     |
|    time_elapsed       | 13396     |
|    total_timesteps    | 445000    |
| train/                |           |
|    entropy_loss       | 12.7      |
|    explained_variance | 0         |
|    learning_rate      | 0.0007    |
|    n_updates          | 88999     |
|    policy_loss        | -2.76e+04 |
|    reward             | 767.9897  |
|    std                | 0.000522  |
|    value_loss         | 5.8e+06   |
-------------------------------------
-------------------------------------
| time/                 |           |
|    fps                | 33        |
|    iterations         | 89100     |
|    time_elapsed       | 13411     |
|    total_timesteps    | 445500    |
| train/                |           |
|    entropy_loss       | 12.7      |
|    explained_variance | 0         |
|    learning_rate      | 0.0007    |
|    n_updates          | 89099     |
|    policy_loss        | -3.02e+04 |
|    reward             | 825.5203  |
|    std                | 0.000521  |
|    value_loss         | 7.08e+06  |
-------------------------------------
EPISODE:  447
-------------------------------------
| time/                 |           |
|    fps                | 33        |
|    iterations         | 89200     |
|    time_elapsed       | 13426     |
|    total_timesteps    | 446000    |
| train/                |           |
|    entropy_loss       | 12.7      |
|    explained_variance | 0         |
|    learning_rate      | 0.0007    |
|    n_updates          | 89199     |
|    policy_loss        | -2.79e+04 |
|    reward             | 767.9897  |
|    std                | 0.000519  |
|    value_loss         | 5.8e+06   |
-------------------------------------
-------------------------------------
| time/                 |           |
|    fps                | 33        |
|    iterations         | 89300     |
|    time_elapsed       | 13441     |
|    total_timesteps    | 446500    |
| train/                |           |
|    entropy_loss       | 12.7      |
|    explained_variance | 0         |
|    learning_rate      | 0.0007    |
|    n_updates          | 89299     |
|    policy_loss        | -2.99e+04 |
|    reward             | 825.5203  |
|    std                | 0.000515  |
|    value_loss         | 7.08e+06  |
-------------------------------------
EPISODE:  448
-------------------------------------
| time/                 |           |
|    fps                | 33        |
|    iterations         | 89400     |
|    time_elapsed       | 13456     |
|    total_timesteps    | 447000    |
| train/                |           |
|    entropy_loss       | 12.8      |
|    explained_variance | 0         |
|    learning_rate      | 0.0007    |
|    n_updates          | 89399     |
|    policy_loss        | -2.79e+04 |
|    reward             | 767.9897  |
|    std                | 0.00051   |
|    value_loss         | 5.8e+06   |
-------------------------------------
------------------------------------
| time/                 |          |
|    fps                | 33       |
|    iterations         | 89500    |
|    time_elapsed       | 13471    |
|    total_timesteps    | 447500   |
| train/                |          |
|    entropy_loss       | 12.8     |
|    explained_variance | 0        |
|    learning_rate      | 0.0007   |
|    n_updates          | 89499    |
|    policy_loss        | -3.2e+04 |
|    reward             | 825.5203 |
|    std                | 0.000506 |
|    value_loss         | 7.08e+06 |
------------------------------------
EPISODE:  449
-------------------------------------
| time/                 |           |
|    fps                | 33        |
|    iterations         | 89600     |
|    time_elapsed       | 13487     |
|    total_timesteps    | 448000    |
| train/                |           |
|    entropy_loss       | 12.8      |
|    explained_variance | 0         |
|    learning_rate      | 0.0007    |
|    n_updates          | 89599     |
|    policy_loss        | -2.79e+04 |
|    reward             | 767.9897  |
|    std                | 0.000504  |
|    value_loss         | 5.8e+06   |
-------------------------------------
-------------------------------------
| time/                 |           |
|    fps                | 33        |
|    iterations         | 89700     |
|    time_elapsed       | 13502     |
|    total_timesteps    | 448500    |
| train/                |           |
|    entropy_loss       | 12.8      |
|    explained_variance | 0         |
|    learning_rate      | 0.0007    |
|    n_updates          | 89699     |
|    policy_loss        | -3.07e+04 |
|    reward             | 825.5203  |
|    std                | 0.000503  |
|    value_loss         | 7.08e+06  |
-------------------------------------
EPISODE:  450
-------------------------------------
| time/                 |           |
|    fps                | 33        |
|    iterations         | 89800     |
|    time_elapsed       | 13517     |
|    total_timesteps    | 449000    |
| train/                |           |
|    entropy_loss       | 12.8      |
|    explained_variance | 0         |
|    learning_rate      | 0.0007    |
|    n_updates          | 89799     |
|    policy_loss        | -2.74e+04 |
|    reward             | 767.9897  |
|    std                | 0.000503  |
|    value_loss         | 5.79e+06  |
-------------------------------------
-------------------------------------
| time/                 |           |
|    fps                | 33        |
|    iterations         | 89900     |
|    time_elapsed       | 13532     |
|    total_timesteps    | 449500    |
| train/                |           |
|    entropy_loss       | 12.8      |
|    explained_variance | 0         |
|    learning_rate      | 0.0007    |
|    n_updates          | 89899     |
|    policy_loss        | -3.08e+04 |
|    reward             | 825.5203  |
|    std                | 0.000498  |
|    value_loss         | 7.08e+06  |
-------------------------------------
EPISODE:  451
-------------------------------------
| time/                 |           |
|    fps                | 33        |
|    iterations         | 90000     |
|    time_elapsed       | 13547     |
|    total_timesteps    | 450000    |
| train/                |           |
|    entropy_loss       | 12.9      |
|    explained_variance | 0         |
|    learning_rate      | 0.0007    |
|    n_updates          | 89999     |
|    policy_loss        | -2.86e+04 |
|    reward             | 767.9897  |
|    std                | 0.000495  |
|    value_loss         | 5.79e+06  |
-------------------------------------
------------------------------------
| time/                 |          |
|    fps                | 33       |
|    iterations         | 90100    |
|    time_elapsed       | 13562    |
|    total_timesteps    | 450500   |
| train/                |          |
|    entropy_loss       | 12.9     |
|    explained_variance | 0        |
|    learning_rate      | 0.0007   |
|    n_updates          | 90099    |
|    policy_loss        | -2.8e+04 |
|    reward             | 825.5203 |
|    std                | 0.000495 |
|    value_loss         | 7.08e+06 |
------------------------------------
EPISODE:  452
-------------------------------------
| time/                 |           |
|    fps                | 33        |
|    iterations         | 90200     |
|    time_elapsed       | 13577     |
|    total_timesteps    | 451000    |
| train/                |           |
|    entropy_loss       | 12.9      |
|    explained_variance | 0         |
|    learning_rate      | 0.0007    |
|    n_updates          | 90199     |
|    policy_loss        | -2.74e+04 |
|    reward             | 767.9897  |
|    std                | 0.000489  |
|    value_loss         | 5.79e+06  |
-------------------------------------
-------------------------------------
| time/                 |           |
|    fps                | 33        |
|    iterations         | 90300     |
|    time_elapsed       | 13592     |
|    total_timesteps    | 451500    |
| train/                |           |
|    entropy_loss       | 12.9      |
|    explained_variance | -1.19e-07 |
|    learning_rate      | 0.0007    |
|    n_updates          | 90299     |
|    policy_loss        | -3.03e+04 |
|    reward             | 825.5203  |
|    std                | 0.00049   |
|    value_loss         | 7.08e+06  |
-------------------------------------
EPISODE:  453
-------------------------------------
| time/                 |           |
|    fps                | 33        |
|    iterations         | 90400     |
|    time_elapsed       | 13607     |
|    total_timesteps    | 452000    |
| train/                |           |
|    entropy_loss       | 12.9      |
|    explained_variance | 0         |
|    learning_rate      | 0.0007    |
|    n_updates          | 90399     |
|    policy_loss        | -2.84e+04 |
|    reward             | 767.9897  |
|    std                | 0.000486  |
|    value_loss         | 5.79e+06  |
-------------------------------------
-------------------------------------
| time/                 |           |
|    fps                | 33        |
|    iterations         | 90500     |
|    time_elapsed       | 13622     |
|    total_timesteps    | 452500    |
| train/                |           |
|    entropy_loss       | 12.9      |
|    explained_variance | 0         |
|    learning_rate      | 0.0007    |
|    n_updates          | 90499     |
|    policy_loss        | -3.18e+04 |
|    reward             | 825.5203  |
|    std                | 0.000484  |
|    value_loss         | 7.08e+06  |
-------------------------------------
EPISODE:  454
-------------------------------------
| time/                 |           |
|    fps                | 33        |
|    iterations         | 90600     |
|    time_elapsed       | 13637     |
|    total_timesteps    | 453000    |
| train/                |           |
|    entropy_loss       | 12.9      |
|    explained_variance | 0         |
|    learning_rate      | 0.0007    |
|    n_updates          | 90599     |
|    policy_loss        | -2.94e+04 |
|    reward             | 767.9897  |
|    std                | 0.00048   |
|    value_loss         | 5.79e+06  |
-------------------------------------
-------------------------------------
| time/                 |           |
|    fps                | 33        |
|    iterations         | 90700     |
|    time_elapsed       | 13652     |
|    total_timesteps    | 453500    |
| train/                |           |
|    entropy_loss       | 13        |
|    explained_variance | 0         |
|    learning_rate      | 0.0007    |
|    n_updates          | 90699     |
|    policy_loss        | -3.25e+04 |
|    reward             | 825.5203  |
|    std                | 0.000477  |
|    value_loss         | 7.08e+06  |
-------------------------------------
EPISODE:  455
-------------------------------------
| time/                 |           |
|    fps                | 33        |
|    iterations         | 90800     |
|    time_elapsed       | 13667     |
|    total_timesteps    | 454000    |
| train/                |           |
|    entropy_loss       | 13        |
|    explained_variance | 0         |
|    learning_rate      | 0.0007    |
|    n_updates          | 90799     |
|    policy_loss        | -2.77e+04 |
|    reward             | 767.9897  |
|    std                | 0.000471  |
|    value_loss         | 5.79e+06  |
-------------------------------------
-------------------------------------
| time/                 |           |
|    fps                | 33        |
|    iterations         | 90900     |
|    time_elapsed       | 13683     |
|    total_timesteps    | 454500    |
| train/                |           |
|    entropy_loss       | 13        |
|    explained_variance | 0         |
|    learning_rate      | 0.0007    |
|    n_updates          | 90899     |
|    policy_loss        | -3.18e+04 |
|    reward             | 825.5203  |
|    std                | 0.000469  |
|    value_loss         | 7.07e+06  |
-------------------------------------
EPISODE:  456
------------------------------------
| time/                 |          |
|    fps                | 33       |
|    iterations         | 91000    |
|    time_elapsed       | 13698    |
|    total_timesteps    | 455000   |
| train/                |          |
|    entropy_loss       | 13       |
|    explained_variance | 0        |
|    learning_rate      | 0.0007   |
|    n_updates          | 90999    |
|    policy_loss        | -2.7e+04 |
|    reward             | 767.9897 |
|    std                | 0.000465 |
|    value_loss         | 5.79e+06 |
------------------------------------
-------------------------------------
| time/                 |           |
|    fps                | 33        |
|    iterations         | 91100     |
|    time_elapsed       | 13713     |
|    total_timesteps    | 455500    |
| train/                |           |
|    entropy_loss       | 13        |
|    explained_variance | 0         |
|    learning_rate      | 0.0007    |
|    n_updates          | 91099     |
|    policy_loss        | -3.28e+04 |
|    reward             | 825.5203  |
|    std                | 0.000462  |
|    value_loss         | 7.07e+06  |
-------------------------------------
EPISODE:  457
-------------------------------------
| time/                 |           |
|    fps                | 33        |
|    iterations         | 91200     |
|    time_elapsed       | 13728     |
|    total_timesteps    | 456000    |
| train/                |           |
|    entropy_loss       | 13.1      |
|    explained_variance | 0         |
|    learning_rate      | 0.0007    |
|    n_updates          | 91199     |
|    policy_loss        | -2.94e+04 |
|    reward             | 767.9897  |
|    std                | 0.000458  |
|    value_loss         | 5.79e+06  |
-------------------------------------
-------------------------------------
| time/                 |           |
|    fps                | 33        |
|    iterations         | 91300     |
|    time_elapsed       | 13743     |
|    total_timesteps    | 456500    |
| train/                |           |
|    entropy_loss       | 13.1      |
|    explained_variance | 0         |
|    learning_rate      | 0.0007    |
|    n_updates          | 91299     |
|    policy_loss        | -3.17e+04 |
|    reward             | 825.5203  |
|    std                | 0.000455  |
|    value_loss         | 7.07e+06  |
-------------------------------------
EPISODE:  458
-------------------------------------
| time/                 |           |
|    fps                | 33        |
|    iterations         | 91400     |
|    time_elapsed       | 13758     |
|    total_timesteps    | 457000    |
| train/                |           |
|    entropy_loss       | 13.1      |
|    explained_variance | 0         |
|    learning_rate      | 0.0007    |
|    n_updates          | 91399     |
|    policy_loss        | -2.75e+04 |
|    reward             | 767.9897  |
|    std                | 0.000456  |
|    value_loss         | 5.79e+06  |
-------------------------------------
-------------------------------------
| time/                 |           |
|    fps                | 33        |
|    iterations         | 91500     |
|    time_elapsed       | 13773     |
|    total_timesteps    | 457500    |
| train/                |           |
|    entropy_loss       | 13.1      |
|    explained_variance | 0         |
|    learning_rate      | 0.0007    |
|    n_updates          | 91499     |
|    policy_loss        | -3.29e+04 |
|    reward             | 825.5203  |
|    std                | 0.000455  |
|    value_loss         | 7.07e+06  |
-------------------------------------
EPISODE:  459
-------------------------------------
| time/                 |           |
|    fps                | 33        |
|    iterations         | 91600     |
|    time_elapsed       | 13788     |
|    total_timesteps    | 458000    |
| train/                |           |
|    entropy_loss       | 13.1      |
|    explained_variance | -1.19e-07 |
|    learning_rate      | 0.0007    |
|    n_updates          | 91599     |
|    policy_loss        | -2.76e+04 |
|    reward             | 767.9897  |
|    std                | 0.000456  |
|    value_loss         | 5.79e+06  |
-------------------------------------
-------------------------------------
| time/                 |           |
|    fps                | 33        |
|    iterations         | 91700     |
|    time_elapsed       | 13803     |
|    total_timesteps    | 458500    |
| train/                |           |
|    entropy_loss       | 13.1      |
|    explained_variance | 0         |
|    learning_rate      | 0.0007    |
|    n_updates          | 91699     |
|    policy_loss        | -3.27e+04 |
|    reward             | 825.5203  |
|    std                | 0.000454  |
|    value_loss         | 7.07e+06  |
-------------------------------------
EPISODE:  460
-------------------------------------
| time/                 |           |
|    fps                | 33        |
|    iterations         | 91800     |
|    time_elapsed       | 13818     |
|    total_timesteps    | 459000    |
| train/                |           |
|    entropy_loss       | 13.1      |
|    explained_variance | 0         |
|    learning_rate      | 0.0007    |
|    n_updates          | 91799     |
|    policy_loss        | -2.83e+04 |
|    reward             | 767.9897  |
|    std                | 0.000453  |
|    value_loss         | 5.79e+06  |
-------------------------------------
-------------------------------------
| time/                 |           |
|    fps                | 33        |
|    iterations         | 91900     |
|    time_elapsed       | 13833     |
|    total_timesteps    | 459500    |
| train/                |           |
|    entropy_loss       | 13.1      |
|    explained_variance | 0         |
|    learning_rate      | 0.0007    |
|    n_updates          | 91899     |
|    policy_loss        | -3.14e+04 |
|    reward             | 825.5203  |
|    std                | 0.000447  |
|    value_loss         | 7.07e+06  |
-------------------------------------
EPISODE:  461
-------------------------------------
| time/                 |           |
|    fps                | 33        |
|    iterations         | 92000     |
|    time_elapsed       | 13848     |
|    total_timesteps    | 460000    |
| train/                |           |
|    entropy_loss       | 13.1      |
|    explained_variance | 0         |
|    learning_rate      | 0.0007    |
|    n_updates          | 91999     |
|    policy_loss        | -2.87e+04 |
|    reward             | 767.9897  |
|    std                | 0.000444  |
|    value_loss         | 5.79e+06  |
-------------------------------------
-------------------------------------
| time/                 |           |
|    fps                | 33        |
|    iterations         | 92100     |
|    time_elapsed       | 13863     |
|    total_timesteps    | 460500    |
| train/                |           |
|    entropy_loss       | 13.2      |
|    explained_variance | 0         |
|    learning_rate      | 0.0007    |
|    n_updates          | 92099     |
|    policy_loss        | -3.25e+04 |
|    reward             | 825.5203  |
|    std                | 0.000442  |
|    value_loss         | 7.07e+06  |
-------------------------------------
EPISODE:  462
-------------------------------------
| time/                 |           |
|    fps                | 33        |
|    iterations         | 92200     |
|    time_elapsed       | 13878     |
|    total_timesteps    | 461000    |
| train/                |           |
|    entropy_loss       | 13.2      |
|    explained_variance | 0         |
|    learning_rate      | 0.0007    |
|    n_updates          | 92199     |
|    policy_loss        | -2.97e+04 |
|    reward             | 767.9897  |
|    std                | 0.000437  |
|    value_loss         | 5.79e+06  |
-------------------------------------
-------------------------------------
| time/                 |           |
|    fps                | 33        |
|    iterations         | 92300     |
|    time_elapsed       | 13893     |
|    total_timesteps    | 461500    |
| train/                |           |
|    entropy_loss       | 13.2      |
|    explained_variance | 0         |
|    learning_rate      | 0.0007    |
|    n_updates          | 92299     |
|    policy_loss        | -3.19e+04 |
|    reward             | 825.5203  |
|    std                | 0.000436  |
|    value_loss         | 7.07e+06  |
-------------------------------------
EPISODE:  463
-------------------------------------
| time/                 |           |
|    fps                | 33        |
|    iterations         | 92400     |
|    time_elapsed       | 13909     |
|    total_timesteps    | 462000    |
| train/                |           |
|    entropy_loss       | 13.2      |
|    explained_variance | 0         |
|    learning_rate      | 0.0007    |
|    n_updates          | 92399     |
|    policy_loss        | -2.98e+04 |
|    reward             | 767.9897  |
|    std                | 0.000433  |
|    value_loss         | 5.78e+06  |
-------------------------------------
-------------------------------------
| time/                 |           |
|    fps                | 33        |
|    iterations         | 92500     |
|    time_elapsed       | 13924     |
|    total_timesteps    | 462500    |
| train/                |           |
|    entropy_loss       | 13.2      |
|    explained_variance | 0         |
|    learning_rate      | 0.0007    |
|    n_updates          | 92499     |
|    policy_loss        | -3.29e+04 |
|    reward             | 825.5203  |
|    std                | 0.000433  |
|    value_loss         | 7.07e+06  |
-------------------------------------
EPISODE:  464
-------------------------------------
| time/                 |           |
|    fps                | 33        |
|    iterations         | 92600     |
|    time_elapsed       | 13939     |
|    total_timesteps    | 463000    |
| train/                |           |
|    entropy_loss       | 13.2      |
|    explained_variance | 0         |
|    learning_rate      | 0.0007    |
|    n_updates          | 92599     |
|    policy_loss        | -2.81e+04 |
|    reward             | 767.9897  |
|    std                | 0.000432  |
|    value_loss         | 5.78e+06  |
-------------------------------------
-------------------------------------
| time/                 |           |
|    fps                | 33        |
|    iterations         | 92700     |
|    time_elapsed       | 13954     |
|    total_timesteps    | 463500    |
| train/                |           |
|    entropy_loss       | 13.2      |
|    explained_variance | 0         |
|    learning_rate      | 0.0007    |
|    n_updates          | 92699     |
|    policy_loss        | -3.12e+04 |
|    reward             | 825.5203  |
|    std                | 0.00043   |
|    value_loss         | 7.07e+06  |
-------------------------------------
EPISODE:  465
-------------------------------------
| time/                 |           |
|    fps                | 33        |
|    iterations         | 92800     |
|    time_elapsed       | 13969     |
|    total_timesteps    | 464000    |
| train/                |           |
|    entropy_loss       | 13.3      |
|    explained_variance | 0         |
|    learning_rate      | 0.0007    |
|    n_updates          | 92799     |
|    policy_loss        | -2.86e+04 |
|    reward             | 767.9897  |
|    std                | 0.000426  |
|    value_loss         | 5.78e+06  |
-------------------------------------
-------------------------------------
| time/                 |           |
|    fps                | 33        |
|    iterations         | 92900     |
|    time_elapsed       | 13984     |
|    total_timesteps    | 464500    |
| train/                |           |
|    entropy_loss       | 13.3      |
|    explained_variance | 0         |
|    learning_rate      | 0.0007    |
|    n_updates          | 92899     |
|    policy_loss        | -3.23e+04 |
|    reward             | 825.5203  |
|    std                | 0.000424  |
|    value_loss         | 7.07e+06  |
-------------------------------------
EPISODE:  466
-------------------------------------
| time/                 |           |
|    fps                | 33        |
|    iterations         | 93000     |
|    time_elapsed       | 13999     |
|    total_timesteps    | 465000    |
| train/                |           |
|    entropy_loss       | 13.3      |
|    explained_variance | 0         |
|    learning_rate      | 0.0007    |
|    n_updates          | 92999     |
|    policy_loss        | -2.97e+04 |
|    reward             | 767.9897  |
|    std                | 0.000424  |
|    value_loss         | 5.78e+06  |
-------------------------------------
-------------------------------------
| time/                 |           |
|    fps                | 33        |
|    iterations         | 93100     |
|    time_elapsed       | 14014     |
|    total_timesteps    | 465500    |
| train/                |           |
|    entropy_loss       | 13.3      |
|    explained_variance | 0         |
|    learning_rate      | 0.0007    |
|    n_updates          | 93099     |
|    policy_loss        | -3.23e+04 |
|    reward             | 825.5203  |
|    std                | 0.000423  |
|    value_loss         | 7.07e+06  |
-------------------------------------
EPISODE:  467
-------------------------------------
| time/                 |           |
|    fps                | 33        |
|    iterations         | 93200     |
|    time_elapsed       | 14029     |
|    total_timesteps    | 466000    |
| train/                |           |
|    entropy_loss       | 13.3      |
|    explained_variance | 0         |
|    learning_rate      | 0.0007    |
|    n_updates          | 93199     |
|    policy_loss        | -2.68e+04 |
|    reward             | 767.9897  |
|    std                | 0.000419  |
|    value_loss         | 5.78e+06  |
-------------------------------------
-------------------------------------
| time/                 |           |
|    fps                | 33        |
|    iterations         | 93300     |
|    time_elapsed       | 14044     |
|    total_timesteps    | 466500    |
| train/                |           |
|    entropy_loss       | 13.3      |
|    explained_variance | -1.19e-07 |
|    learning_rate      | 0.0007    |
|    n_updates          | 93299     |
|    policy_loss        | -3.29e+04 |
|    reward             | 825.5203  |
|    std                | 0.000419  |
|    value_loss         | 7.06e+06  |
-------------------------------------
EPISODE:  468
-------------------------------------
| time/                 |           |
|    fps                | 33        |
|    iterations         | 93400     |
|    time_elapsed       | 14059     |
|    total_timesteps    | 467000    |
| train/                |           |
|    entropy_loss       | 13.3      |
|    explained_variance | 0         |
|    learning_rate      | 0.0007    |
|    n_updates          | 93399     |
|    policy_loss        | -2.74e+04 |
|    reward             | 767.9897  |
|    std                | 0.000417  |
|    value_loss         | 5.78e+06  |
-------------------------------------
-------------------------------------
| time/                 |           |
|    fps                | 33        |
|    iterations         | 93500     |
|    time_elapsed       | 14074     |
|    total_timesteps    | 467500    |
| train/                |           |
|    entropy_loss       | 13.4      |
|    explained_variance | 0         |
|    learning_rate      | 0.0007    |
|    n_updates          | 93499     |
|    policy_loss        | -3.13e+04 |
|    reward             | 825.5203  |
|    std                | 0.000418  |
|    value_loss         | 7.06e+06  |
-------------------------------------
EPISODE:  469
-------------------------------------
| time/                 |           |
|    fps                | 33        |
|    iterations         | 93600     |
|    time_elapsed       | 14089     |
|    total_timesteps    | 468000    |
| train/                |           |
|    entropy_loss       | 13.4      |
|    explained_variance | 2.38e-07  |
|    learning_rate      | 0.0007    |
|    n_updates          | 93599     |
|    policy_loss        | -2.87e+04 |
|    reward             | 767.9897  |
|    std                | 0.000416  |
|    value_loss         | 5.78e+06  |
-------------------------------------
-------------------------------------
| time/                 |           |
|    fps                | 33        |
|    iterations         | 93700     |
|    time_elapsed       | 14105     |
|    total_timesteps    | 468500    |
| train/                |           |
|    entropy_loss       | 13.4      |
|    explained_variance | 0         |
|    learning_rate      | 0.0007    |
|    n_updates          | 93699     |
|    policy_loss        | -3.31e+04 |
|    reward             | 825.5203  |
|    std                | 0.000412  |
|    value_loss         | 7.06e+06  |
-------------------------------------
EPISODE:  470
-------------------------------------
| time/                 |           |
|    fps                | 33        |
|    iterations         | 93800     |
|    time_elapsed       | 14119     |
|    total_timesteps    | 469000    |
| train/                |           |
|    entropy_loss       | 13.4      |
|    explained_variance | 0         |
|    learning_rate      | 0.0007    |
|    n_updates          | 93799     |
|    policy_loss        | -3.06e+04 |
|    reward             | 767.9897  |
|    std                | 0.00041   |
|    value_loss         | 5.78e+06  |
-------------------------------------
-------------------------------------
| time/                 |           |
|    fps                | 33        |
|    iterations         | 93900     |
|    time_elapsed       | 14134     |
|    total_timesteps    | 469500    |
| train/                |           |
|    entropy_loss       | 13.4      |
|    explained_variance | 0         |
|    learning_rate      | 0.0007    |
|    n_updates          | 93899     |
|    policy_loss        | -3.31e+04 |
|    reward             | 825.5203  |
|    std                | 0.00041   |
|    value_loss         | 7.06e+06  |
-------------------------------------
EPISODE:  471
------------------------------------
| time/                 |          |
|    fps                | 33       |
|    iterations         | 94000    |
|    time_elapsed       | 14149    |
|    total_timesteps    | 470000   |
| train/                |          |
|    entropy_loss       | 13.4     |
|    explained_variance | 1.19e-07 |
|    learning_rate      | 0.0007   |
|    n_updates          | 93999    |
|    policy_loss        | -3.1e+04 |
|    reward             | 767.9897 |
|    std                | 0.000407 |
|    value_loss         | 5.78e+06 |
------------------------------------
-------------------------------------
| time/                 |           |
|    fps                | 33        |
|    iterations         | 94100     |
|    time_elapsed       | 14164     |
|    total_timesteps    | 470500    |
| train/                |           |
|    entropy_loss       | 13.5      |
|    explained_variance | 0         |
|    learning_rate      | 0.0007    |
|    n_updates          | 94099     |
|    policy_loss        | -3.37e+04 |
|    reward             | 825.5203  |
|    std                | 0.000404  |
|    value_loss         | 7.06e+06  |
-------------------------------------
EPISODE:  472
-------------------------------------
| time/                 |           |
|    fps                | 33        |
|    iterations         | 94200     |
|    time_elapsed       | 14179     |
|    total_timesteps    | 471000    |
| train/                |           |
|    entropy_loss       | 13.5      |
|    explained_variance | 0         |
|    learning_rate      | 0.0007    |
|    n_updates          | 94199     |
|    policy_loss        | -2.96e+04 |
|    reward             | 767.9897  |
|    std                | 0.0004    |
|    value_loss         | 5.78e+06  |
-------------------------------------
-------------------------------------
| time/                 |           |
|    fps                | 33        |
|    iterations         | 94300     |
|    time_elapsed       | 14194     |
|    total_timesteps    | 471500    |
| train/                |           |
|    entropy_loss       | 13.5      |
|    explained_variance | 0         |
|    learning_rate      | 0.0007    |
|    n_updates          | 94299     |
|    policy_loss        | -3.22e+04 |
|    reward             | 825.5203  |
|    std                | 0.000395  |
|    value_loss         | 7.06e+06  |
-------------------------------------
EPISODE:  473
-------------------------------------
| time/                 |           |
|    fps                | 33        |
|    iterations         | 94400     |
|    time_elapsed       | 14209     |
|    total_timesteps    | 472000    |
| train/                |           |
|    entropy_loss       | 13.5      |
|    explained_variance | 0         |
|    learning_rate      | 0.0007    |
|    n_updates          | 94399     |
|    policy_loss        | -3.07e+04 |
|    reward             | 767.9897  |
|    std                | 0.000393  |
|    value_loss         | 5.78e+06  |
-------------------------------------
-------------------------------------
| time/                 |           |
|    fps                | 33        |
|    iterations         | 94500     |
|    time_elapsed       | 14225     |
|    total_timesteps    | 472500    |
| train/                |           |
|    entropy_loss       | 13.5      |
|    explained_variance | 0         |
|    learning_rate      | 0.0007    |
|    n_updates          | 94499     |
|    policy_loss        | -3.37e+04 |
|    reward             | 825.5203  |
|    std                | 0.000393  |
|    value_loss         | 7.06e+06  |
-------------------------------------
EPISODE:  474
-------------------------------------
| time/                 |           |
|    fps                | 33        |
|    iterations         | 94600     |
|    time_elapsed       | 14240     |
|    total_timesteps    | 473000    |
| train/                |           |
|    entropy_loss       | 13.5      |
|    explained_variance | 1.19e-07  |
|    learning_rate      | 0.0007    |
|    n_updates          | 94599     |
|    policy_loss        | -2.78e+04 |
|    reward             | 767.9897  |
|    std                | 0.000392  |
|    value_loss         | 5.78e+06  |
-------------------------------------
-------------------------------------
| time/                 |           |
|    fps                | 33        |
|    iterations         | 94700     |
|    time_elapsed       | 14255     |
|    total_timesteps    | 473500    |
| train/                |           |
|    entropy_loss       | 13.5      |
|    explained_variance | 0         |
|    learning_rate      | 0.0007    |
|    n_updates          | 94699     |
|    policy_loss        | -3.26e+04 |
|    reward             | 825.5203  |
|    std                | 0.000391  |
|    value_loss         | 7.06e+06  |
-------------------------------------
EPISODE:  475
-------------------------------------
| time/                 |           |
|    fps                | 33        |
|    iterations         | 94800     |
|    time_elapsed       | 14270     |
|    total_timesteps    | 474000    |
| train/                |           |
|    entropy_loss       | 13.5      |
|    explained_variance | -1.19e-07 |
|    learning_rate      | 0.0007    |
|    n_updates          | 94799     |
|    policy_loss        | -3.04e+04 |
|    reward             | 767.9897  |
|    std                | 0.000392  |
|    value_loss         | 5.78e+06  |
-------------------------------------
-------------------------------------
| time/                 |           |
|    fps                | 33        |
|    iterations         | 94900     |
|    time_elapsed       | 14285     |
|    total_timesteps    | 474500    |
| train/                |           |
|    entropy_loss       | 13.6      |
|    explained_variance | 0         |
|    learning_rate      | 0.0007    |
|    n_updates          | 94899     |
|    policy_loss        | -3.07e+04 |
|    reward             | 825.5203  |
|    std                | 0.000391  |
|    value_loss         | 7.06e+06  |
-------------------------------------
EPISODE:  476
-------------------------------------
| time/                 |           |
|    fps                | 33        |
|    iterations         | 95000     |
|    time_elapsed       | 14300     |
|    total_timesteps    | 475000    |
| train/                |           |
|    entropy_loss       | 13.6      |
|    explained_variance | 1.19e-07  |
|    learning_rate      | 0.0007    |
|    n_updates          | 94999     |
|    policy_loss        | -2.95e+04 |
|    reward             | 767.9897  |
|    std                | 0.000386  |
|    value_loss         | 5.77e+06  |
-------------------------------------
-------------------------------------
| time/                 |           |
|    fps                | 33        |
|    iterations         | 95100     |
|    time_elapsed       | 14314     |
|    total_timesteps    | 475500    |
| train/                |           |
|    entropy_loss       | 13.6      |
|    explained_variance | 0         |
|    learning_rate      | 0.0007    |
|    n_updates          | 95099     |
|    policy_loss        | -3.35e+04 |
|    reward             | 825.5203  |
|    std                | 0.000384  |
|    value_loss         | 7.06e+06  |
-------------------------------------
EPISODE:  477
-------------------------------------
| time/                 |           |
|    fps                | 33        |
|    iterations         | 95200     |
|    time_elapsed       | 14330     |
|    total_timesteps    | 476000    |
| train/                |           |
|    entropy_loss       | 13.6      |
|    explained_variance | 0         |
|    learning_rate      | 0.0007    |
|    n_updates          | 95199     |
|    policy_loss        | -2.88e+04 |
|    reward             | 767.9897  |
|    std                | 0.000383  |
|    value_loss         | 5.77e+06  |
-------------------------------------
-------------------------------------
| time/                 |           |
|    fps                | 33        |
|    iterations         | 95300     |
|    time_elapsed       | 14345     |
|    total_timesteps    | 476500    |
| train/                |           |
|    entropy_loss       | 13.6      |
|    explained_variance | 0         |
|    learning_rate      | 0.0007    |
|    n_updates          | 95299     |
|    policy_loss        | -3.32e+04 |
|    reward             | 825.5203  |
|    std                | 0.000383  |
|    value_loss         | 7.06e+06  |
-------------------------------------
EPISODE:  478
-------------------------------------
| time/                 |           |
|    fps                | 33        |
|    iterations         | 95400     |
|    time_elapsed       | 14360     |
|    total_timesteps    | 477000    |
| train/                |           |
|    entropy_loss       | 13.6      |
|    explained_variance | 0         |
|    learning_rate      | 0.0007    |
|    n_updates          | 95399     |
|    policy_loss        | -2.59e+04 |
|    reward             | 767.9897  |
|    std                | 0.000382  |
|    value_loss         | 5.77e+06  |
-------------------------------------
-------------------------------------
| time/                 |           |
|    fps                | 33        |
|    iterations         | 95500     |
|    time_elapsed       | 14375     |
|    total_timesteps    | 477500    |
| train/                |           |
|    entropy_loss       | 13.6      |
|    explained_variance | 0         |
|    learning_rate      | 0.0007    |
|    n_updates          | 95499     |
|    policy_loss        | -3.28e+04 |
|    reward             | 825.5203  |
|    std                | 0.000381  |
|    value_loss         | 7.06e+06  |
-------------------------------------
EPISODE:  479
-------------------------------------
| time/                 |           |
|    fps                | 33        |
|    iterations         | 95600     |
|    time_elapsed       | 14390     |
|    total_timesteps    | 478000    |
| train/                |           |
|    entropy_loss       | 13.6      |
|    explained_variance | 0         |
|    learning_rate      | 0.0007    |
|    n_updates          | 95599     |
|    policy_loss        | -2.79e+04 |
|    reward             | 767.9897  |
|    std                | 0.000381  |
|    value_loss         | 5.77e+06  |
-------------------------------------
-------------------------------------
| time/                 |           |
|    fps                | 33        |
|    iterations         | 95700     |
|    time_elapsed       | 14405     |
|    total_timesteps    | 478500    |
| train/                |           |
|    entropy_loss       | 13.7      |
|    explained_variance | 0         |
|    learning_rate      | 0.0007    |
|    n_updates          | 95699     |
|    policy_loss        | -3.36e+04 |
|    reward             | 825.5203  |
|    std                | 0.000376  |
|    value_loss         | 7.06e+06  |
-------------------------------------
EPISODE:  480
-------------------------------------
| time/                 |           |
|    fps                | 33        |
|    iterations         | 95800     |
|    time_elapsed       | 14420     |
|    total_timesteps    | 479000    |
| train/                |           |
|    entropy_loss       | 13.7      |
|    explained_variance | 0         |
|    learning_rate      | 0.0007    |
|    n_updates          | 95799     |
|    policy_loss        | -2.66e+04 |
|    reward             | 767.9897  |
|    std                | 0.000373  |
|    value_loss         | 5.77e+06  |
-------------------------------------
-------------------------------------
| time/                 |           |
|    fps                | 33        |
|    iterations         | 95900     |
|    time_elapsed       | 14435     |
|    total_timesteps    | 479500    |
| train/                |           |
|    entropy_loss       | 13.7      |
|    explained_variance | 0         |
|    learning_rate      | 0.0007    |
|    n_updates          | 95899     |
|    policy_loss        | -3.12e+04 |
|    reward             | 825.5203  |
|    std                | 0.000371  |
|    value_loss         | 7.05e+06  |
-------------------------------------
EPISODE:  481
-------------------------------------
| time/                 |           |
|    fps                | 33        |
|    iterations         | 96000     |
|    time_elapsed       | 14450     |
|    total_timesteps    | 480000    |
| train/                |           |
|    entropy_loss       | 13.7      |
|    explained_variance | 1.19e-07  |
|    learning_rate      | 0.0007    |
|    n_updates          | 95999     |
|    policy_loss        | -3.02e+04 |
|    reward             | 767.9897  |
|    std                | 0.000369  |
|    value_loss         | 5.77e+06  |
-------------------------------------
-------------------------------------
| time/                 |           |
|    fps                | 33        |
|    iterations         | 96100     |
|    time_elapsed       | 14465     |
|    total_timesteps    | 480500    |
| train/                |           |
|    entropy_loss       | 13.7      |
|    explained_variance | -1.19e-07 |
|    learning_rate      | 0.0007    |
|    n_updates          | 96099     |
|    policy_loss        | -3.49e+04 |
|    reward             | 825.5203  |
|    std                | 0.000364  |
|    value_loss         | 7.05e+06  |
-------------------------------------
EPISODE:  482
-------------------------------------
| time/                 |           |
|    fps                | 33        |
|    iterations         | 96200     |
|    time_elapsed       | 14480     |
|    total_timesteps    | 481000    |
| train/                |           |
|    entropy_loss       | 13.7      |
|    explained_variance | 0         |
|    learning_rate      | 0.0007    |
|    n_updates          | 96199     |
|    policy_loss        | -3.03e+04 |
|    reward             | 767.9897  |
|    std                | 0.000364  |
|    value_loss         | 5.77e+06  |
-------------------------------------
-------------------------------------
| time/                 |           |
|    fps                | 33        |
|    iterations         | 96300     |
|    time_elapsed       | 14495     |
|    total_timesteps    | 481500    |
| train/                |           |
|    entropy_loss       | 13.7      |
|    explained_variance | -1.19e-07 |
|    learning_rate      | 0.0007    |
|    n_updates          | 96299     |
|    policy_loss        | -3.27e+04 |
|    reward             | 825.5203  |
|    std                | 0.000364  |
|    value_loss         | 7.05e+06  |
-------------------------------------
EPISODE:  483
-------------------------------------
| time/                 |           |
|    fps                | 33        |
|    iterations         | 96400     |
|    time_elapsed       | 14510     |
|    total_timesteps    | 482000    |
| train/                |           |
|    entropy_loss       | 13.8      |
|    explained_variance | 0         |
|    learning_rate      | 0.0007    |
|    n_updates          | 96399     |
|    policy_loss        | -3.03e+04 |
|    reward             | 767.9897  |
|    std                | 0.000363  |
|    value_loss         | 5.77e+06  |
-------------------------------------
-------------------------------------
| time/                 |           |
|    fps                | 33        |
|    iterations         | 96500     |
|    time_elapsed       | 14525     |
|    total_timesteps    | 482500    |
| train/                |           |
|    entropy_loss       | 13.8      |
|    explained_variance | 0         |
|    learning_rate      | 0.0007    |
|    n_updates          | 96499     |
|    policy_loss        | -3.33e+04 |
|    reward             | 825.5203  |
|    std                | 0.000358  |
|    value_loss         | 7.05e+06  |
-------------------------------------
EPISODE:  484
-------------------------------------
| time/                 |           |
|    fps                | 33        |
|    iterations         | 96600     |
|    time_elapsed       | 14540     |
|    total_timesteps    | 483000    |
| train/                |           |
|    entropy_loss       | 13.8      |
|    explained_variance | 0         |
|    learning_rate      | 0.0007    |
|    n_updates          | 96599     |
|    policy_loss        | -3.07e+04 |
|    reward             | 767.9897  |
|    std                | 0.000356  |
|    value_loss         | 5.77e+06  |
-------------------------------------
-------------------------------------
| time/                 |           |
|    fps                | 33        |
|    iterations         | 96700     |
|    time_elapsed       | 14555     |
|    total_timesteps    | 483500    |
| train/                |           |
|    entropy_loss       | 13.8      |
|    explained_variance | 0         |
|    learning_rate      | 0.0007    |
|    n_updates          | 96699     |
|    policy_loss        | -3.18e+04 |
|    reward             | 825.5203  |
|    std                | 0.000355  |
|    value_loss         | 7.05e+06  |
-------------------------------------
EPISODE:  485
-------------------------------------
| time/                 |           |
|    fps                | 33        |
|    iterations         | 96800     |
|    time_elapsed       | 14570     |
|    total_timesteps    | 484000    |
| train/                |           |
|    entropy_loss       | 13.8      |
|    explained_variance | -1.19e-07 |
|    learning_rate      | 0.0007    |
|    n_updates          | 96799     |
|    policy_loss        | -2.93e+04 |
|    reward             | 767.9897  |
|    std                | 0.000353  |
|    value_loss         | 5.77e+06  |
-------------------------------------
------------------------------------
| time/                 |          |
|    fps                | 33       |
|    iterations         | 96900    |
|    time_elapsed       | 14585    |
|    total_timesteps    | 484500   |
| train/                |          |
|    entropy_loss       | 13.8     |
|    explained_variance | 0        |
|    learning_rate      | 0.0007   |
|    n_updates          | 96899    |
|    policy_loss        | -3.2e+04 |
|    reward             | 825.5203 |
|    std                | 0.000351 |
|    value_loss         | 7.05e+06 |
------------------------------------
EPISODE:  486
-------------------------------------
| time/                 |           |
|    fps                | 33        |
|    iterations         | 97000     |
|    time_elapsed       | 14601     |
|    total_timesteps    | 485000    |
| train/                |           |
|    entropy_loss       | 13.8      |
|    explained_variance | 0         |
|    learning_rate      | 0.0007    |
|    n_updates          | 96999     |
|    policy_loss        | -3.11e+04 |
|    reward             | 767.9897  |
|    std                | 0.00035   |
|    value_loss         | 5.77e+06  |
-------------------------------------
-------------------------------------
| time/                 |           |
|    fps                | 33        |
|    iterations         | 97100     |
|    time_elapsed       | 14616     |
|    total_timesteps    | 485500    |
| train/                |           |
|    entropy_loss       | 13.9      |
|    explained_variance | 0         |
|    learning_rate      | 0.0007    |
|    n_updates          | 97099     |
|    policy_loss        | -3.31e+04 |
|    reward             | 825.5203  |
|    std                | 0.00035   |
|    value_loss         | 7.05e+06  |
-------------------------------------
EPISODE:  487
-------------------------------------
| time/                 |           |
|    fps                | 33        |
|    iterations         | 97200     |
|    time_elapsed       | 14631     |
|    total_timesteps    | 486000    |
| train/                |           |
|    entropy_loss       | 13.9      |
|    explained_variance | 0         |
|    learning_rate      | 0.0007    |
|    n_updates          | 97199     |
|    policy_loss        | -3.02e+04 |
|    reward             | 767.9897  |
|    std                | 0.000346  |
|    value_loss         | 5.77e+06  |
-------------------------------------
-------------------------------------
| time/                 |           |
|    fps                | 33        |
|    iterations         | 97300     |
|    time_elapsed       | 14646     |
|    total_timesteps    | 486500    |
| train/                |           |
|    entropy_loss       | 13.9      |
|    explained_variance | 0         |
|    learning_rate      | 0.0007    |
|    n_updates          | 97299     |
|    policy_loss        | -3.45e+04 |
|    reward             | 825.5203  |
|    std                | 0.000344  |
|    value_loss         | 7.05e+06  |
-------------------------------------
EPISODE:  488
-------------------------------------
| time/                 |           |
|    fps                | 33        |
|    iterations         | 97400     |
|    time_elapsed       | 14661     |
|    total_timesteps    | 487000    |
| train/                |           |
|    entropy_loss       | 13.9      |
|    explained_variance | -1.19e-07 |
|    learning_rate      | 0.0007    |
|    n_updates          | 97399     |
|    policy_loss        | -3.17e+04 |
|    reward             | 767.9897  |
|    std                | 0.000343  |
|    value_loss         | 5.77e+06  |
-------------------------------------
-------------------------------------
| time/                 |           |
|    fps                | 33        |
|    iterations         | 97500     |
|    time_elapsed       | 14676     |
|    total_timesteps    | 487500    |
| train/                |           |
|    entropy_loss       | 13.9      |
|    explained_variance | 1.19e-07  |
|    learning_rate      | 0.0007    |
|    n_updates          | 97499     |
|    policy_loss        | -3.43e+04 |
|    reward             | 825.5203  |
|    std                | 0.000341  |
|    value_loss         | 7.05e+06  |
-------------------------------------
EPISODE:  489
-------------------------------------
| time/                 |           |
|    fps                | 33        |
|    iterations         | 97600     |
|    time_elapsed       | 14691     |
|    total_timesteps    | 488000    |
| train/                |           |
|    entropy_loss       | 13.9      |
|    explained_variance | 0         |
|    learning_rate      | 0.0007    |
|    n_updates          | 97599     |
|    policy_loss        | -2.94e+04 |
|    reward             | 767.9897  |
|    std                | 0.000339  |
|    value_loss         | 5.77e+06  |
-------------------------------------
-------------------------------------
| time/                 |           |
|    fps                | 33        |
|    iterations         | 97700     |
|    time_elapsed       | 14706     |
|    total_timesteps    | 488500    |
| train/                |           |
|    entropy_loss       | 13.9      |
|    explained_variance | 0         |
|    learning_rate      | 0.0007    |
|    n_updates          | 97699     |
|    policy_loss        | -3.31e+04 |
|    reward             | 825.5203  |
|    std                | 0.000338  |
|    value_loss         | 7.05e+06  |
-------------------------------------
EPISODE:  490
-------------------------------------
| time/                 |           |
|    fps                | 33        |
|    iterations         | 97800     |
|    time_elapsed       | 14721     |
|    total_timesteps    | 489000    |
| train/                |           |
|    entropy_loss       | 14        |
|    explained_variance | 0         |
|    learning_rate      | 0.0007    |
|    n_updates          | 97799     |
|    policy_loss        | -3.14e+04 |
|    reward             | 767.9897  |
|    std                | 0.000338  |
|    value_loss         | 5.77e+06  |
-------------------------------------
-------------------------------------
| time/                 |           |
|    fps                | 33        |
|    iterations         | 97900     |
|    time_elapsed       | 14736     |
|    total_timesteps    | 489500    |
| train/                |           |
|    entropy_loss       | 14        |
|    explained_variance | 0         |
|    learning_rate      | 0.0007    |
|    n_updates          | 97899     |
|    policy_loss        | -3.46e+04 |
|    reward             | 825.5203  |
|    std                | 0.000333  |
|    value_loss         | 7.05e+06  |
-------------------------------------
EPISODE:  491
-------------------------------------
| time/                 |           |
|    fps                | 33        |
|    iterations         | 98000     |
|    time_elapsed       | 14751     |
|    total_timesteps    | 490000    |
| train/                |           |
|    entropy_loss       | 14        |
|    explained_variance | 0         |
|    learning_rate      | 0.0007    |
|    n_updates          | 97999     |
|    policy_loss        | -3.12e+04 |
|    reward             | 767.9897  |
|    std                | 0.000329  |
|    value_loss         | 5.76e+06  |
-------------------------------------
-------------------------------------
| time/                 |           |
|    fps                | 33        |
|    iterations         | 98100     |
|    time_elapsed       | 14766     |
|    total_timesteps    | 490500    |
| train/                |           |
|    entropy_loss       | 14        |
|    explained_variance | 0         |
|    learning_rate      | 0.0007    |
|    n_updates          | 98099     |
|    policy_loss        | -3.07e+04 |
|    reward             | 825.5203  |
|    std                | 0.000329  |
|    value_loss         | 7.05e+06  |
-------------------------------------
EPISODE:  492
-------------------------------------
| time/                 |           |
|    fps                | 33        |
|    iterations         | 98200     |
|    time_elapsed       | 14781     |
|    total_timesteps    | 491000    |
| train/                |           |
|    entropy_loss       | 14        |
|    explained_variance | 0         |
|    learning_rate      | 0.0007    |
|    n_updates          | 98199     |
|    policy_loss        | -3.08e+04 |
|    reward             | 767.9897  |
|    std                | 0.000329  |
|    value_loss         | 5.76e+06  |
-------------------------------------
-------------------------------------
| time/                 |           |
|    fps                | 33        |
|    iterations         | 98300     |
|    time_elapsed       | 14796     |
|    total_timesteps    | 491500    |
| train/                |           |
|    entropy_loss       | 14        |
|    explained_variance | 0         |
|    learning_rate      | 0.0007    |
|    n_updates          | 98299     |
|    policy_loss        | -3.43e+04 |
|    reward             | 825.5203  |
|    std                | 0.000327  |
|    value_loss         | 7.05e+06  |
-------------------------------------
EPISODE:  493
-------------------------------------
| time/                 |           |
|    fps                | 33        |
|    iterations         | 98400     |
|    time_elapsed       | 14811     |
|    total_timesteps    | 492000    |
| train/                |           |
|    entropy_loss       | 14        |
|    explained_variance | 0         |
|    learning_rate      | 0.0007    |
|    n_updates          | 98399     |
|    policy_loss        | -3.15e+04 |
|    reward             | 767.9897  |
|    std                | 0.000324  |
|    value_loss         | 5.76e+06  |
-------------------------------------
-------------------------------------
| time/                 |           |
|    fps                | 33        |
|    iterations         | 98500     |
|    time_elapsed       | 14826     |
|    total_timesteps    | 492500    |
| train/                |           |
|    entropy_loss       | 14.1      |
|    explained_variance | 1.19e-07  |
|    learning_rate      | 0.0007    |
|    n_updates          | 98499     |
|    policy_loss        | -3.33e+04 |
|    reward             | 825.5203  |
|    std                | 0.000323  |
|    value_loss         | 7.04e+06  |
-------------------------------------
EPISODE:  494
-------------------------------------
| time/                 |           |
|    fps                | 33        |
|    iterations         | 98600     |
|    time_elapsed       | 14841     |
|    total_timesteps    | 493000    |
| train/                |           |
|    entropy_loss       | 14.1      |
|    explained_variance | 0         |
|    learning_rate      | 0.0007    |
|    n_updates          | 98599     |
|    policy_loss        | -2.98e+04 |
|    reward             | 767.9897  |
|    std                | 0.000322  |
|    value_loss         | 5.76e+06  |
-------------------------------------
-------------------------------------
| time/                 |           |
|    fps                | 33        |
|    iterations         | 98700     |
|    time_elapsed       | 14856     |
|    total_timesteps    | 493500    |
| train/                |           |
|    entropy_loss       | 14.1      |
|    explained_variance | 0         |
|    learning_rate      | 0.0007    |
|    n_updates          | 98699     |
|    policy_loss        | -3.39e+04 |
|    reward             | 825.5203  |
|    std                | 0.000323  |
|    value_loss         | 7.04e+06  |
-------------------------------------
EPISODE:  495
-------------------------------------
| time/                 |           |
|    fps                | 33        |
|    iterations         | 98800     |
|    time_elapsed       | 14871     |
|    total_timesteps    | 494000    |
| train/                |           |
|    entropy_loss       | 14.1      |
|    explained_variance | 0         |
|    learning_rate      | 0.0007    |
|    n_updates          | 98799     |
|    policy_loss        | -2.99e+04 |
|    reward             | 767.9897  |
|    std                | 0.000323  |
|    value_loss         | 5.76e+06  |
-------------------------------------
-------------------------------------
| time/                 |           |
|    fps                | 33        |
|    iterations         | 98900     |
|    time_elapsed       | 14886     |
|    total_timesteps    | 494500    |
| train/                |           |
|    entropy_loss       | 14.1      |
|    explained_variance | 0         |
|    learning_rate      | 0.0007    |
|    n_updates          | 98899     |
|    policy_loss        | -3.43e+04 |
|    reward             | 825.5203  |
|    std                | 0.000321  |
|    value_loss         | 7.04e+06  |
-------------------------------------
EPISODE:  496
-------------------------------------
| time/                 |           |
|    fps                | 33        |
|    iterations         | 99000     |
|    time_elapsed       | 14901     |
|    total_timesteps    | 495000    |
| train/                |           |
|    entropy_loss       | 14.1      |
|    explained_variance | 0         |
|    learning_rate      | 0.0007    |
|    n_updates          | 98999     |
|    policy_loss        | -3.12e+04 |
|    reward             | 767.9897  |
|    std                | 0.000319  |
|    value_loss         | 5.76e+06  |
-------------------------------------
-------------------------------------
| time/                 |           |
|    fps                | 33        |
|    iterations         | 99100     |
|    time_elapsed       | 14916     |
|    total_timesteps    | 495500    |
| train/                |           |
|    entropy_loss       | 14.1      |
|    explained_variance | 0         |
|    learning_rate      | 0.0007    |
|    n_updates          | 99099     |
|    policy_loss        | -3.35e+04 |
|    reward             | 825.5203  |
|    std                | 0.000319  |
|    value_loss         | 7.04e+06  |
-------------------------------------
EPISODE:  497
-------------------------------------
| time/                 |           |
|    fps                | 33        |
|    iterations         | 99200     |
|    time_elapsed       | 14932     |
|    total_timesteps    | 496000    |
| train/                |           |
|    entropy_loss       | 14.1      |
|    explained_variance | 0         |
|    learning_rate      | 0.0007    |
|    n_updates          | 99199     |
|    policy_loss        | -2.89e+04 |
|    reward             | 767.9897  |
|    std                | 0.000317  |
|    value_loss         | 5.76e+06  |
-------------------------------------
-------------------------------------
| time/                 |           |
|    fps                | 33        |
|    iterations         | 99300     |
|    time_elapsed       | 14947     |
|    total_timesteps    | 496500    |
| train/                |           |
|    entropy_loss       | 14.1      |
|    explained_variance | 0         |
|    learning_rate      | 0.0007    |
|    n_updates          | 99299     |
|    policy_loss        | -3.19e+04 |
|    reward             | 825.5203  |
|    std                | 0.000318  |
|    value_loss         | 7.04e+06  |
-------------------------------------
EPISODE:  498
-------------------------------------
| time/                 |           |
|    fps                | 33        |
|    iterations         | 99400     |
|    time_elapsed       | 14962     |
|    total_timesteps    | 497000    |
| train/                |           |
|    entropy_loss       | 14.1      |
|    explained_variance | 0         |
|    learning_rate      | 0.0007    |
|    n_updates          | 99399     |
|    policy_loss        | -3.03e+04 |
|    reward             | 767.9897  |
|    std                | 0.000315  |
|    value_loss         | 5.76e+06  |
-------------------------------------
------------------------------------
| time/                 |          |
|    fps                | 33       |
|    iterations         | 99500    |
|    time_elapsed       | 14977    |
|    total_timesteps    | 497500   |
| train/                |          |
|    entropy_loss       | 14.2     |
|    explained_variance | 0        |
|    learning_rate      | 0.0007   |
|    n_updates          | 99499    |
|    policy_loss        | -3.4e+04 |
|    reward             | 825.5203 |
|    std                | 0.000315 |
|    value_loss         | 7.04e+06 |
------------------------------------
EPISODE:  499
-------------------------------------
| time/                 |           |
|    fps                | 33        |
|    iterations         | 99600     |
|    time_elapsed       | 14992     |
|    total_timesteps    | 498000    |
| train/                |           |
|    entropy_loss       | 14.2      |
|    explained_variance | 0         |
|    learning_rate      | 0.0007    |
|    n_updates          | 99599     |
|    policy_loss        | -3.13e+04 |
|    reward             | 767.9897  |
|    std                | 0.000314  |
|    value_loss         | 5.76e+06  |
-------------------------------------
-------------------------------------
| time/                 |           |
|    fps                | 33        |
|    iterations         | 99700     |
|    time_elapsed       | 15007     |
|    total_timesteps    | 498500    |
| train/                |           |
|    entropy_loss       | 14.2      |
|    explained_variance | 0         |
|    learning_rate      | 0.0007    |
|    n_updates          | 99699     |
|    policy_loss        | -3.42e+04 |
|    reward             | 825.5203  |
|    std                | 0.000312  |
|    value_loss         | 7.04e+06  |
-------------------------------------
EPISODE:  500
-------------------------------------
| time/                 |           |
|    fps                | 33        |
|    iterations         | 99800     |
|    time_elapsed       | 15022     |
|    total_timesteps    | 499000    |
| train/                |           |
|    entropy_loss       | 14.2      |
|    explained_variance | 0         |
|    learning_rate      | 0.0007    |
|    n_updates          | 99799     |
|    policy_loss        | -3.17e+04 |
|    reward             | 767.9897  |
|    std                | 0.000312  |
|    value_loss         | 5.76e+06  |
-------------------------------------
-------------------------------------
| time/                 |           |
|    fps                | 33        |
|    iterations         | 99900     |
|    time_elapsed       | 15033     |
|    total_timesteps    | 499500    |
| train/                |           |
|    entropy_loss       | 14.2      |
|    explained_variance | 0         |
|    learning_rate      | 0.0007    |
|    n_updates          | 99899     |
|    policy_loss        | -3.38e+04 |
|    reward             | 825.5203  |
|    std                | 0.000312  |
|    value_loss         | 7.04e+06  |
-------------------------------------
EPISODE:  501
-------------------------------------
| time/                 |           |
|    fps                | 33        |
|    iterations         | 100000    |
|    time_elapsed       | 15041     |
|    total_timesteps    | 500000    |
| train/                |           |
|    entropy_loss       | 14.2      |
|    explained_variance | 1.19e-07  |
|    learning_rate      | 0.0007    |
|    n_updates          | 99999     |
|    policy_loss        | -3.22e+04 |
|    reward             | 767.9897  |
|    std                | 0.000308  |
|    value_loss         | 5.76e+06  |
-------------------------------------
Saved episode log to Results/4_2/a2c/downward_noise/training_logs/05.csv
