EPISODE:  0
{'n_steps': 5, 'ent_coef': 0.01, 'learning_rate': 0.0007}
Using cuda device
EPISODE:  1
------------------------------------
| time/                 |          |
|    fps                | 16       |
|    iterations         | 100      |
|    time_elapsed       | 30       |
|    total_timesteps    | 500      |
| train/                |          |
|    entropy_loss       | -2.79    |
|    explained_variance | 2.98e-07 |
|    learning_rate      | 0.0007   |
|    n_updates          | 99       |
|    policy_loss        | 8.53e+03 |
|    reward             | 991.9796 |
|    std                | 0.977    |
|    value_loss         | 9.94e+06 |
------------------------------------
EPISODE:  2
------------------------------------
| time/                 |          |
|    fps                | 16       |
|    iterations         | 200      |
|    time_elapsed       | 59       |
|    total_timesteps    | 1000     |
| train/                |          |
|    entropy_loss       | -2.77    |
|    explained_variance | 0        |
|    learning_rate      | 0.0007   |
|    n_updates          | 199      |
|    policy_loss        | 6.75e+03 |
|    reward             | 982.541  |
|    std                | 0.966    |
|    value_loss         | 1.03e+07 |
------------------------------------
-------------------------------------
| time/                 |           |
|    fps                | 16        |
|    iterations         | 300       |
|    time_elapsed       | 89        |
|    total_timesteps    | 1500      |
| train/                |           |
|    entropy_loss       | -2.77     |
|    explained_variance | 0         |
|    learning_rate      | 0.0007    |
|    n_updates          | 299       |
|    policy_loss        | 7.74e+03  |
|    reward             | 989.09375 |
|    std                | 0.965     |
|    value_loss         | 9.82e+06  |
-------------------------------------
EPISODE:  3
------------------------------------
| time/                 |          |
|    fps                | 16       |
|    iterations         | 400      |
|    time_elapsed       | 119      |
|    total_timesteps    | 2000     |
| train/                |          |
|    entropy_loss       | -2.75    |
|    explained_variance | 0        |
|    learning_rate      | 0.0007   |
|    n_updates          | 399      |
|    policy_loss        | 6.54e+03 |
|    reward             | 983.0782 |
|    std                | 0.956    |
|    value_loss         | 1.03e+07 |
------------------------------------
-------------------------------------
| time/                 |           |
|    fps                | 16        |
|    iterations         | 500       |
|    time_elapsed       | 149       |
|    total_timesteps    | 2500      |
| train/                |           |
|    entropy_loss       | -2.75     |
|    explained_variance | -1.19e-07 |
|    learning_rate      | 0.0007    |
|    n_updates          | 499       |
|    policy_loss        | 7.41e+03  |
|    reward             | 954.64667 |
|    std                | 0.958     |
|    value_loss         | 9.21e+06  |
-------------------------------------
EPISODE:  4
-------------------------------------
| time/                 |           |
|    fps                | 16        |
|    iterations         | 600       |
|    time_elapsed       | 179       |
|    total_timesteps    | 3000      |
| train/                |           |
|    entropy_loss       | -2.74     |
|    explained_variance | -1.19e-07 |
|    learning_rate      | 0.0007    |
|    n_updates          | 599       |
|    policy_loss        | 6.74e+03  |
|    reward             | 940.5485  |
|    std                | 0.952     |
|    value_loss         | 9.38e+06  |
-------------------------------------
------------------------------------
| time/                 |          |
|    fps                | 16       |
|    iterations         | 700      |
|    time_elapsed       | 209      |
|    total_timesteps    | 3500     |
| train/                |          |
|    entropy_loss       | -2.73    |
|    explained_variance | 1.19e-07 |
|    learning_rate      | 0.0007   |
|    n_updates          | 699      |
|    policy_loss        | 6.93e+03 |
|    reward             | 995.8683 |
|    std                | 0.946    |
|    value_loss         | 1.01e+07 |
------------------------------------
EPISODE:  5
------------------------------------
| time/                 |          |
|    fps                | 16       |
|    iterations         | 800      |
|    time_elapsed       | 238      |
|    total_timesteps    | 4000     |
| train/                |          |
|    entropy_loss       | -2.72    |
|    explained_variance | 0        |
|    learning_rate      | 0.0007   |
|    n_updates          | 799      |
|    policy_loss        | 8.35e+03 |
|    reward             | 976.198  |
|    std                | 0.943    |
|    value_loss         | 1.01e+07 |
------------------------------------
-------------------------------------
| time/                 |           |
|    fps                | 16        |
|    iterations         | 900       |
|    time_elapsed       | 268       |
|    total_timesteps    | 4500      |
| train/                |           |
|    entropy_loss       | -2.7      |
|    explained_variance | -1.19e-07 |
|    learning_rate      | 0.0007    |
|    n_updates          | 899       |
|    policy_loss        | 8.99e+03  |
|    reward             | 992.64594 |
|    std                | 0.936     |
|    value_loss         | 9.99e+06  |
-------------------------------------
EPISODE:  6
------------------------------------
| time/                 |          |
|    fps                | 16       |
|    iterations         | 1000     |
|    time_elapsed       | 298      |
|    total_timesteps    | 5000     |
| train/                |          |
|    entropy_loss       | -2.69    |
|    explained_variance | 0        |
|    learning_rate      | 0.0007   |
|    n_updates          | 999      |
|    policy_loss        | 7.33e+03 |
|    reward             | 973.4326 |
|    std                | 0.931    |
|    value_loss         | 1.01e+07 |
------------------------------------
------------------------------------
| time/                 |          |
|    fps                | 16       |
|    iterations         | 1100     |
|    time_elapsed       | 328      |
|    total_timesteps    | 5500     |
| train/                |          |
|    entropy_loss       | -2.67    |
|    explained_variance | 0        |
|    learning_rate      | 0.0007   |
|    n_updates          | 1099     |
|    policy_loss        | 6.4e+03  |
|    reward             | 982.6186 |
|    std                | 0.919    |
|    value_loss         | 9.79e+06 |
------------------------------------
EPISODE:  7
------------------------------------
| time/                 |          |
|    fps                | 16       |
|    iterations         | 1200     |
|    time_elapsed       | 358      |
|    total_timesteps    | 6000     |
| train/                |          |
|    entropy_loss       | -2.67    |
|    explained_variance | 0        |
|    learning_rate      | 0.0007   |
|    n_updates          | 1199     |
|    policy_loss        | 7.32e+03 |
|    reward             | 974.638  |
|    std                | 0.921    |
|    value_loss         | 1.01e+07 |
------------------------------------
-------------------------------------
| time/                 |           |
|    fps                | 16        |
|    iterations         | 1300      |
|    time_elapsed       | 388       |
|    total_timesteps    | 6500      |
| train/                |           |
|    entropy_loss       | -2.65     |
|    explained_variance | -1.19e-07 |
|    learning_rate      | 0.0007    |
|    n_updates          | 1299      |
|    policy_loss        | 5.9e+03   |
|    reward             | 981.0461  |
|    std                | 0.912     |
|    value_loss         | 9.75e+06  |
-------------------------------------
EPISODE:  8
-------------------------------------
| time/                 |           |
|    fps                | 16        |
|    iterations         | 1400      |
|    time_elapsed       | 417       |
|    total_timesteps    | 7000      |
| train/                |           |
|    entropy_loss       | -2.65     |
|    explained_variance | -1.19e-07 |
|    learning_rate      | 0.0007    |
|    n_updates          | 1399      |
|    policy_loss        | 9.41e+03  |
|    reward             | 967.9338  |
|    std                | 0.91      |
|    value_loss         | 9.94e+06  |
-------------------------------------
-------------------------------------
| time/                 |           |
|    fps                | 16        |
|    iterations         | 1500      |
|    time_elapsed       | 447       |
|    total_timesteps    | 7500      |
| train/                |           |
|    entropy_loss       | -2.66     |
|    explained_variance | 0         |
|    learning_rate      | 0.0007    |
|    n_updates          | 1499      |
|    policy_loss        | 7.65e+03  |
|    reward             | 980.18506 |
|    std                | 0.917     |
|    value_loss         | 9.73e+06  |
-------------------------------------
EPISODE:  9
------------------------------------
| time/                 |          |
|    fps                | 16       |
|    iterations         | 1600     |
|    time_elapsed       | 477      |
|    total_timesteps    | 8000     |
| train/                |          |
|    entropy_loss       | -2.66    |
|    explained_variance | 0        |
|    learning_rate      | 0.0007   |
|    n_updates          | 1599     |
|    policy_loss        | 6.76e+03 |
|    reward             | 970.1648 |
|    std                | 0.914    |
|    value_loss         | 9.99e+06 |
------------------------------------
-------------------------------------
| time/                 |           |
|    fps                | 16        |
|    iterations         | 1700      |
|    time_elapsed       | 507       |
|    total_timesteps    | 8500      |
| train/                |           |
|    entropy_loss       | -2.64     |
|    explained_variance | -1.19e-07 |
|    learning_rate      | 0.0007    |
|    n_updates          | 1699      |
|    policy_loss        | 6.98e+03  |
|    reward             | 980.65234 |
|    std                | 0.907     |
|    value_loss         | 9.74e+06  |
-------------------------------------
EPISODE:  10
-------------------------------------
| time/                 |           |
|    fps                | 16        |
|    iterations         | 1800      |
|    time_elapsed       | 537       |
|    total_timesteps    | 9000      |
| train/                |           |
|    entropy_loss       | -2.64     |
|    explained_variance | -1.19e-07 |
|    learning_rate      | 0.0007    |
|    n_updates          | 1799      |
|    policy_loss        | 8.27e+03  |
|    reward             | 968.211   |
|    std                | 0.905     |
|    value_loss         | 9.95e+06  |
-------------------------------------
------------------------------------
| time/                 |          |
|    fps                | 16       |
|    iterations         | 1900     |
|    time_elapsed       | 566      |
|    total_timesteps    | 9500     |
| train/                |          |
|    entropy_loss       | -2.63    |
|    explained_variance | 1.19e-07 |
|    learning_rate      | 0.0007   |
|    n_updates          | 1899     |
|    policy_loss        | 8.23e+03 |
|    reward             | 977.3507 |
|    std                | 0.9      |
|    value_loss         | 9.67e+06 |
------------------------------------
EPISODE:  11
-------------------------------------
| time/                 |           |
|    fps                | 16        |
|    iterations         | 2000      |
|    time_elapsed       | 596       |
|    total_timesteps    | 10000     |
| train/                |           |
|    entropy_loss       | -2.62     |
|    explained_variance | -1.19e-07 |
|    learning_rate      | 0.0007    |
|    n_updates          | 1999      |
|    policy_loss        | 5.67e+03  |
|    reward             | 965.62244 |
|    std                | 0.896     |
|    value_loss         | 9.89e+06  |
-------------------------------------
------------------------------------
| time/                 |          |
|    fps                | 16       |
|    iterations         | 2100     |
|    time_elapsed       | 626      |
|    total_timesteps    | 10500    |
| train/                |          |
|    entropy_loss       | -2.63    |
|    explained_variance | 0        |
|    learning_rate      | 0.0007   |
|    n_updates          | 2099     |
|    policy_loss        | 5.4e+03  |
|    reward             | 987.6251 |
|    std                | 0.902    |
|    value_loss         | 9.88e+06 |
------------------------------------
EPISODE:  12
------------------------------------
| time/                 |          |
|    fps                | 16       |
|    iterations         | 2200     |
|    time_elapsed       | 656      |
|    total_timesteps    | 11000    |
| train/                |          |
|    entropy_loss       | -2.63    |
|    explained_variance | 0        |
|    learning_rate      | 0.0007   |
|    n_updates          | 2199     |
|    policy_loss        | 7.17e+03 |
|    reward             | 970.7125 |
|    std                | 0.904    |
|    value_loss         | 9.99e+06 |
------------------------------------
-------------------------------------
| time/                 |           |
|    fps                | 16        |
|    iterations         | 2300      |
|    time_elapsed       | 686       |
|    total_timesteps    | 11500     |
| train/                |           |
|    entropy_loss       | -2.61     |
|    explained_variance | -1.19e-07 |
|    learning_rate      | 0.0007    |
|    n_updates          | 2299      |
|    policy_loss        | 9.95e+03  |
|    reward             | 983.06555 |
|    std                | 0.893     |
|    value_loss         | 9.81e+06  |
-------------------------------------
EPISODE:  13
------------------------------------
| time/                 |          |
|    fps                | 16       |
|    iterations         | 2400     |
|    time_elapsed       | 716      |
|    total_timesteps    | 12000    |
| train/                |          |
|    entropy_loss       | -2.6     |
|    explained_variance | 0        |
|    learning_rate      | 0.0007   |
|    n_updates          | 2399     |
|    policy_loss        | 6.9e+03  |
|    reward             | 976.4192 |
|    std                | 0.889    |
|    value_loss         | 1.01e+07 |
------------------------------------
-------------------------------------
| time/                 |           |
|    fps                | 16        |
|    iterations         | 2500      |
|    time_elapsed       | 745       |
|    total_timesteps    | 12500     |
| train/                |           |
|    entropy_loss       | -2.59     |
|    explained_variance | 5.96e-08  |
|    learning_rate      | 0.0007    |
|    n_updates          | 2499      |
|    policy_loss        | 7.38e+03  |
|    reward             | 978.78253 |
|    std                | 0.886     |
|    value_loss         | 9.71e+06  |
-------------------------------------
EPISODE:  14
-------------------------------------
| time/                 |           |
|    fps                | 16        |
|    iterations         | 2600      |
|    time_elapsed       | 775       |
|    total_timesteps    | 13000     |
| train/                |           |
|    entropy_loss       | -2.59     |
|    explained_variance | 5.96e-08  |
|    learning_rate      | 0.0007    |
|    n_updates          | 2599      |
|    policy_loss        | 6.99e+03  |
|    reward             | 963.78864 |
|    std                | 0.884     |
|    value_loss         | 9.85e+06  |
-------------------------------------
------------------------------------
| time/                 |          |
|    fps                | 16       |
|    iterations         | 2700     |
|    time_elapsed       | 805      |
|    total_timesteps    | 13500    |
| train/                |          |
|    entropy_loss       | -2.58    |
|    explained_variance | 5.96e-08 |
|    learning_rate      | 0.0007   |
|    n_updates          | 2699     |
|    policy_loss        | 8.65e+03 |
|    reward             | 977.4642 |
|    std                | 0.879    |
|    value_loss         | 9.67e+06 |
------------------------------------
EPISODE:  15
-------------------------------------
| time/                 |           |
|    fps                | 16        |
|    iterations         | 2800      |
|    time_elapsed       | 835       |
|    total_timesteps    | 14000     |
| train/                |           |
|    entropy_loss       | -2.56     |
|    explained_variance | 0         |
|    learning_rate      | 0.0007    |
|    n_updates          | 2799      |
|    policy_loss        | 1.13e+04  |
|    reward             | 963.43964 |
|    std                | 0.873     |
|    value_loss         | 9.84e+06  |
-------------------------------------
-------------------------------------
| time/                 |           |
|    fps                | 16        |
|    iterations         | 2900      |
|    time_elapsed       | 866       |
|    total_timesteps    | 14500     |
| train/                |           |
|    entropy_loss       | -2.55     |
|    explained_variance | 0         |
|    learning_rate      | 0.0007    |
|    n_updates          | 2899      |
|    policy_loss        | 6.72e+03  |
|    reward             | 980.81555 |
|    std                | 0.868     |
|    value_loss         | 9.73e+06  |
-------------------------------------
EPISODE:  16
-------------------------------------
| time/                 |           |
|    fps                | 16        |
|    iterations         | 3000      |
|    time_elapsed       | 896       |
|    total_timesteps    | 15000     |
| train/                |           |
|    entropy_loss       | -2.54     |
|    explained_variance | -1.19e-07 |
|    learning_rate      | 0.0007    |
|    n_updates          | 2999      |
|    policy_loss        | 6.97e+03  |
|    reward             | 968.37213 |
|    std                | 0.865     |
|    value_loss         | 9.94e+06  |
-------------------------------------
------------------------------------
| time/                 |          |
|    fps                | 16       |
|    iterations         | 3100     |
|    time_elapsed       | 925      |
|    total_timesteps    | 15500    |
| train/                |          |
|    entropy_loss       | -2.54    |
|    explained_variance | 0        |
|    learning_rate      | 0.0007   |
|    n_updates          | 3099     |
|    policy_loss        | 5.3e+03  |
|    reward             | 980.4421 |
|    std                | 0.864    |
|    value_loss         | 9.72e+06 |
------------------------------------
EPISODE:  17
-------------------------------------
| time/                 |           |
|    fps                | 16        |
|    iterations         | 3200      |
|    time_elapsed       | 955       |
|    total_timesteps    | 16000     |
| train/                |           |
|    entropy_loss       | -2.54     |
|    explained_variance | 0         |
|    learning_rate      | 0.0007    |
|    n_updates          | 3199      |
|    policy_loss        | 8.45e+03  |
|    reward             | 968.00336 |
|    std                | 0.864     |
|    value_loss         | 9.93e+06  |
-------------------------------------
------------------------------------
| time/                 |          |
|    fps                | 16       |
|    iterations         | 3300     |
|    time_elapsed       | 985      |
|    total_timesteps    | 16500    |
| train/                |          |
|    entropy_loss       | -2.54    |
|    explained_variance | 0        |
|    learning_rate      | 0.0007   |
|    n_updates          | 3299     |
|    policy_loss        | 6.72e+03 |
|    reward             | 980.4421 |
|    std                | 0.863    |
|    value_loss         | 9.72e+06 |
------------------------------------
EPISODE:  18
-------------------------------------
| time/                 |           |
|    fps                | 16        |
|    iterations         | 3400      |
|    time_elapsed       | 1015      |
|    total_timesteps    | 17000     |
| train/                |           |
|    entropy_loss       | -2.52     |
|    explained_variance | 0         |
|    learning_rate      | 0.0007    |
|    n_updates          | 3399      |
|    policy_loss        | 7.1e+03   |
|    reward             | 968.00336 |
|    std                | 0.856     |
|    value_loss         | 9.93e+06  |
-------------------------------------
-------------------------------------
| time/                 |           |
|    fps                | 16        |
|    iterations         | 3500      |
|    time_elapsed       | 1045      |
|    total_timesteps    | 17500     |
| train/                |           |
|    entropy_loss       | -2.51     |
|    explained_variance | 0         |
|    learning_rate      | 0.0007    |
|    n_updates          | 3499      |
|    policy_loss        | 6.85e+03  |
|    reward             | 980.12366 |
|    std                | 0.851     |
|    value_loss         | 9.71e+06  |
-------------------------------------
EPISODE:  19
-------------------------------------
| time/                 |           |
|    fps                | 16        |
|    iterations         | 3600      |
|    time_elapsed       | 1075      |
|    total_timesteps    | 18000     |
| train/                |           |
|    entropy_loss       | -2.52     |
|    explained_variance | -1.19e-07 |
|    learning_rate      | 0.0007    |
|    n_updates          | 3599      |
|    policy_loss        | 7.39e+03  |
|    reward             | 967.689   |
|    std                | 0.853     |
|    value_loss         | 9.92e+06  |
-------------------------------------
------------------------------------
| time/                 |          |
|    fps                | 16       |
|    iterations         | 3700     |
|    time_elapsed       | 1104     |
|    total_timesteps    | 18500    |
| train/                |          |
|    entropy_loss       | -2.5     |
|    explained_variance | 5.96e-08 |
|    learning_rate      | 0.0007   |
|    n_updates          | 3699     |
|    policy_loss        | 7.15e+03 |
|    reward             | 980.6998 |
|    std                | 0.844    |
|    value_loss         | 9.72e+06 |
------------------------------------
EPISODE:  20
-------------------------------------
| time/                 |           |
|    fps                | 16        |
|    iterations         | 3800      |
|    time_elapsed       | 1134      |
|    total_timesteps    | 19000     |
| train/                |           |
|    entropy_loss       | -2.5      |
|    explained_variance | -1.19e-07 |
|    learning_rate      | 0.0007    |
|    n_updates          | 3799      |
|    policy_loss        | 8.25e+03  |
|    reward             | 968.2579  |
|    std                | 0.844     |
|    value_loss         | 9.93e+06  |
-------------------------------------
------------------------------------
| time/                 |          |
|    fps                | 16       |
|    iterations         | 3900     |
|    time_elapsed       | 1164     |
|    total_timesteps    | 19500    |
| train/                |          |
|    entropy_loss       | -2.49    |
|    explained_variance | 1.19e-07 |
|    learning_rate      | 0.0007   |
|    n_updates          | 3899     |
|    policy_loss        | 7.34e+03 |
|    reward             | 980.3392 |
|    std                | 0.843    |
|    value_loss         | 9.71e+06 |
------------------------------------
EPISODE:  21
------------------------------------
| time/                 |          |
|    fps                | 16       |
|    iterations         | 4000     |
|    time_elapsed       | 1194     |
|    total_timesteps    | 20000    |
| train/                |          |
|    entropy_loss       | -2.5     |
|    explained_variance | 0        |
|    learning_rate      | 0.0007   |
|    n_updates          | 3999     |
|    policy_loss        | 4.87e+03 |
|    reward             | 967.9018 |
|    std                | 0.844    |
|    value_loss         | 9.92e+06 |
------------------------------------
-------------------------------------
| time/                 |           |
|    fps                | 16        |
|    iterations         | 4100      |
|    time_elapsed       | 1224      |
|    total_timesteps    | 20500     |
| train/                |           |
|    entropy_loss       | -2.48     |
|    explained_variance | -1.19e-07 |
|    learning_rate      | 0.0007    |
|    n_updates          | 4099      |
|    policy_loss        | 5.2e+03   |
|    reward             | 982.2241  |
|    std                | 0.838     |
|    value_loss         | 9.75e+06  |
-------------------------------------
EPISODE:  22
-------------------------------------
| time/                 |           |
|    fps                | 16        |
|    iterations         | 4200      |
|    time_elapsed       | 1254      |
|    total_timesteps    | 21000     |
| train/                |           |
|    entropy_loss       | -2.46     |
|    explained_variance | 0         |
|    learning_rate      | 0.0007    |
|    n_updates          | 4199      |
|    policy_loss        | 8.82e+03  |
|    reward             | 968.25305 |
|    std                | 0.831     |
|    value_loss         | 9.93e+06  |
-------------------------------------
------------------------------------
| time/                 |          |
|    fps                | 16       |
|    iterations         | 4300     |
|    time_elapsed       | 1283     |
|    total_timesteps    | 21500    |
| train/                |          |
|    entropy_loss       | -2.44    |
|    explained_variance | 5.96e-08 |
|    learning_rate      | 0.0007   |
|    n_updates          | 4299     |
|    policy_loss        | 5.21e+03 |
|    reward             | 980.4421 |
|    std                | 0.819    |
|    value_loss         | 9.71e+06 |
------------------------------------
EPISODE:  23
-------------------------------------
| time/                 |           |
|    fps                | 16        |
|    iterations         | 4400      |
|    time_elapsed       | 1313      |
|    total_timesteps    | 22000     |
| train/                |           |
|    entropy_loss       | -2.42     |
|    explained_variance | 0         |
|    learning_rate      | 0.0007    |
|    n_updates          | 4399      |
|    policy_loss        | 7.5e+03   |
|    reward             | 968.00336 |
|    std                | 0.812     |
|    value_loss         | 9.92e+06  |
-------------------------------------
------------------------------------
| time/                 |          |
|    fps                | 16       |
|    iterations         | 4500     |
|    time_elapsed       | 1343     |
|    total_timesteps    | 22500    |
| train/                |          |
|    entropy_loss       | -2.4     |
|    explained_variance | 1.19e-07 |
|    learning_rate      | 0.0007   |
|    n_updates          | 4499     |
|    policy_loss        | 6.66e+03 |
|    reward             | 980.4421 |
|    std                | 0.804    |
|    value_loss         | 9.71e+06 |
------------------------------------
EPISODE:  24
-------------------------------------
| time/                 |           |
|    fps                | 16        |
|    iterations         | 4600      |
|    time_elapsed       | 1373      |
|    total_timesteps    | 23000     |
| train/                |           |
|    entropy_loss       | -2.39     |
|    explained_variance | -1.19e-07 |
|    learning_rate      | 0.0007    |
|    n_updates          | 4599      |
|    policy_loss        | 5.65e+03  |
|    reward             | 968.00336 |
|    std                | 0.799     |
|    value_loss         | 9.92e+06  |
-------------------------------------
------------------------------------
| time/                 |          |
|    fps                | 16       |
|    iterations         | 4700     |
|    time_elapsed       | 1403     |
|    total_timesteps    | 23500    |
| train/                |          |
|    entropy_loss       | -2.38    |
|    explained_variance | 0        |
|    learning_rate      | 0.0007   |
|    n_updates          | 4699     |
|    policy_loss        | 9.43e+03 |
|    reward             | 980.4421 |
|    std                | 0.798    |
|    value_loss         | 9.71e+06 |
------------------------------------
EPISODE:  25
-------------------------------------
| time/                 |           |
|    fps                | 16        |
|    iterations         | 4800      |
|    time_elapsed       | 1433      |
|    total_timesteps    | 24000     |
| train/                |           |
|    entropy_loss       | -2.38     |
|    explained_variance | 0         |
|    learning_rate      | 0.0007    |
|    n_updates          | 4799      |
|    policy_loss        | 7.17e+03  |
|    reward             | 968.00336 |
|    std                | 0.796     |
|    value_loss         | 9.91e+06  |
-------------------------------------
------------------------------------
| time/                 |          |
|    fps                | 16       |
|    iterations         | 4900     |
|    time_elapsed       | 1462     |
|    total_timesteps    | 24500    |
| train/                |          |
|    entropy_loss       | -2.37    |
|    explained_variance | 0        |
|    learning_rate      | 0.0007   |
|    n_updates          | 4899     |
|    policy_loss        | 9.61e+03 |
|    reward             | 980.4421 |
|    std                | 0.793    |
|    value_loss         | 9.71e+06 |
------------------------------------
EPISODE:  26
-------------------------------------
| time/                 |           |
|    fps                | 16        |
|    iterations         | 5000      |
|    time_elapsed       | 1492      |
|    total_timesteps    | 25000     |
| train/                |           |
|    entropy_loss       | -2.37     |
|    explained_variance | 1.19e-07  |
|    learning_rate      | 0.0007    |
|    n_updates          | 4999      |
|    policy_loss        | 6.48e+03  |
|    reward             | 968.00336 |
|    std                | 0.792     |
|    value_loss         | 9.91e+06  |
-------------------------------------
------------------------------------
| time/                 |          |
|    fps                | 16       |
|    iterations         | 5100     |
|    time_elapsed       | 1522     |
|    total_timesteps    | 25500    |
| train/                |          |
|    entropy_loss       | -2.36    |
|    explained_variance | 5.96e-08 |
|    learning_rate      | 0.0007   |
|    n_updates          | 5099     |
|    policy_loss        | 6.64e+03 |
|    reward             | 980.4421 |
|    std                | 0.789    |
|    value_loss         | 9.71e+06 |
------------------------------------
EPISODE:  27
-------------------------------------
| time/                 |           |
|    fps                | 16        |
|    iterations         | 5200      |
|    time_elapsed       | 1552      |
|    total_timesteps    | 26000     |
| train/                |           |
|    entropy_loss       | -2.37     |
|    explained_variance | 0         |
|    learning_rate      | 0.0007    |
|    n_updates          | 5199      |
|    policy_loss        | 6.65e+03  |
|    reward             | 968.00336 |
|    std                | 0.794     |
|    value_loss         | 9.91e+06  |
-------------------------------------
-------------------------------------
| time/                 |           |
|    fps                | 16        |
|    iterations         | 5300      |
|    time_elapsed       | 1582      |
|    total_timesteps    | 26500     |
| train/                |           |
|    entropy_loss       | -2.37     |
|    explained_variance | -1.19e-07 |
|    learning_rate      | 0.0007    |
|    n_updates          | 5299      |
|    policy_loss        | 6.68e+03  |
|    reward             | 980.4421  |
|    std                | 0.791     |
|    value_loss         | 9.7e+06   |
-------------------------------------
EPISODE:  28
-------------------------------------
| time/                 |           |
|    fps                | 16        |
|    iterations         | 5400      |
|    time_elapsed       | 1612      |
|    total_timesteps    | 27000     |
| train/                |           |
|    entropy_loss       | -2.36     |
|    explained_variance | 0         |
|    learning_rate      | 0.0007    |
|    n_updates          | 5399      |
|    policy_loss        | 6.34e+03  |
|    reward             | 968.00336 |
|    std                | 0.787     |
|    value_loss         | 9.91e+06  |
-------------------------------------
------------------------------------
| time/                 |          |
|    fps                | 16       |
|    iterations         | 5500     |
|    time_elapsed       | 1641     |
|    total_timesteps    | 27500    |
| train/                |          |
|    entropy_loss       | -2.35    |
|    explained_variance | 0        |
|    learning_rate      | 0.0007   |
|    n_updates          | 5499     |
|    policy_loss        | 6.89e+03 |
|    reward             | 980.4421 |
|    std                | 0.785    |
|    value_loss         | 9.7e+06  |
------------------------------------
EPISODE:  29
-------------------------------------
| time/                 |           |
|    fps                | 16        |
|    iterations         | 5600      |
|    time_elapsed       | 1671      |
|    total_timesteps    | 28000     |
| train/                |           |
|    entropy_loss       | -2.35     |
|    explained_variance | -1.19e-07 |
|    learning_rate      | 0.0007    |
|    n_updates          | 5599      |
|    policy_loss        | 4.81e+03  |
|    reward             | 968.00336 |
|    std                | 0.783     |
|    value_loss         | 9.91e+06  |
-------------------------------------
-------------------------------------
| time/                 |           |
|    fps                | 16        |
|    iterations         | 5700      |
|    time_elapsed       | 1701      |
|    total_timesteps    | 28500     |
| train/                |           |
|    entropy_loss       | -2.34     |
|    explained_variance | -1.19e-07 |
|    learning_rate      | 0.0007    |
|    n_updates          | 5699      |
|    policy_loss        | 4.86e+03  |
|    reward             | 980.4421  |
|    std                | 0.778     |
|    value_loss         | 9.7e+06   |
-------------------------------------
EPISODE:  30
-------------------------------------
| time/                 |           |
|    fps                | 16        |
|    iterations         | 5800      |
|    time_elapsed       | 1731      |
|    total_timesteps    | 29000     |
| train/                |           |
|    entropy_loss       | -2.33     |
|    explained_variance | 0         |
|    learning_rate      | 0.0007    |
|    n_updates          | 5799      |
|    policy_loss        | 6.37e+03  |
|    reward             | 968.00336 |
|    std                | 0.776     |
|    value_loss         | 9.91e+06  |
-------------------------------------
------------------------------------
| time/                 |          |
|    fps                | 16       |
|    iterations         | 5900     |
|    time_elapsed       | 1761     |
|    total_timesteps    | 29500    |
| train/                |          |
|    entropy_loss       | -2.32    |
|    explained_variance | 0        |
|    learning_rate      | 0.0007   |
|    n_updates          | 5899     |
|    policy_loss        | 6.03e+03 |
|    reward             | 980.4421 |
|    std                | 0.773    |
|    value_loss         | 9.7e+06  |
------------------------------------
EPISODE:  31
-------------------------------------
| time/                 |           |
|    fps                | 16        |
|    iterations         | 6000      |
|    time_elapsed       | 1792      |
|    total_timesteps    | 30000     |
| train/                |           |
|    entropy_loss       | -2.31     |
|    explained_variance | 5.96e-08  |
|    learning_rate      | 0.0007    |
|    n_updates          | 5999      |
|    policy_loss        | 5.26e+03  |
|    reward             | 968.00336 |
|    std                | 0.769     |
|    value_loss         | 9.9e+06   |
-------------------------------------
------------------------------------
| time/                 |          |
|    fps                | 16       |
|    iterations         | 6100     |
|    time_elapsed       | 1820     |
|    total_timesteps    | 30500    |
| train/                |          |
|    entropy_loss       | -2.3     |
|    explained_variance | 2.38e-07 |
|    learning_rate      | 0.0007   |
|    n_updates          | 6099     |
|    policy_loss        | 5.88e+03 |
|    reward             | 980.4421 |
|    std                | 0.766    |
|    value_loss         | 9.7e+06  |
------------------------------------
EPISODE:  32
-------------------------------------
| time/                 |           |
|    fps                | 16        |
|    iterations         | 6200      |
|    time_elapsed       | 1847      |
|    total_timesteps    | 31000     |
| train/                |           |
|    entropy_loss       | -2.28     |
|    explained_variance | 0         |
|    learning_rate      | 0.0007    |
|    n_updates          | 6199      |
|    policy_loss        | 5.28e+03  |
|    reward             | 968.00336 |
|    std                | 0.759     |
|    value_loss         | 9.9e+06   |
-------------------------------------
------------------------------------
| time/                 |          |
|    fps                | 16       |
|    iterations         | 6300     |
|    time_elapsed       | 1880     |
|    total_timesteps    | 31500    |
| train/                |          |
|    entropy_loss       | -2.28    |
|    explained_variance | 0        |
|    learning_rate      | 0.0007   |
|    n_updates          | 6299     |
|    policy_loss        | 8.85e+03 |
|    reward             | 980.4421 |
|    std                | 0.759    |
|    value_loss         | 9.69e+06 |
------------------------------------
EPISODE:  33
-------------------------------------
| time/                 |           |
|    fps                | 16        |
|    iterations         | 6400      |
|    time_elapsed       | 1913      |
|    total_timesteps    | 32000     |
| train/                |           |
|    entropy_loss       | -2.26     |
|    explained_variance | -1.19e-07 |
|    learning_rate      | 0.0007    |
|    n_updates          | 6399      |
|    policy_loss        | 9e+03     |
|    reward             | 968.00336 |
|    std                | 0.755     |
|    value_loss         | 9.9e+06   |
-------------------------------------
------------------------------------
| time/                 |          |
|    fps                | 16       |
|    iterations         | 6500     |
|    time_elapsed       | 1946     |
|    total_timesteps    | 32500    |
| train/                |          |
|    entropy_loss       | -2.25    |
|    explained_variance | 0        |
|    learning_rate      | 0.0007   |
|    n_updates          | 6499     |
|    policy_loss        | 7.52e+03 |
|    reward             | 980.4421 |
|    std                | 0.748    |
|    value_loss         | 9.69e+06 |
------------------------------------
EPISODE:  34
-------------------------------------
| time/                 |           |
|    fps                | 16        |
|    iterations         | 6600      |
|    time_elapsed       | 1979      |
|    total_timesteps    | 33000     |
| train/                |           |
|    entropy_loss       | -2.25     |
|    explained_variance | 0         |
|    learning_rate      | 0.0007    |
|    n_updates          | 6599      |
|    policy_loss        | 7.33e+03  |
|    reward             | 968.00336 |
|    std                | 0.751     |
|    value_loss         | 9.9e+06   |
-------------------------------------
------------------------------------
| time/                 |          |
|    fps                | 16       |
|    iterations         | 6700     |
|    time_elapsed       | 2012     |
|    total_timesteps    | 33500    |
| train/                |          |
|    entropy_loss       | -2.25    |
|    explained_variance | 0        |
|    learning_rate      | 0.0007   |
|    n_updates          | 6699     |
|    policy_loss        | 6.88e+03 |
|    reward             | 980.4421 |
|    std                | 0.75     |
|    value_loss         | 9.69e+06 |
------------------------------------
EPISODE:  35
-------------------------------------
| time/                 |           |
|    fps                | 16        |
|    iterations         | 6800      |
|    time_elapsed       | 2045      |
|    total_timesteps    | 34000     |
| train/                |           |
|    entropy_loss       | -2.25     |
|    explained_variance | -2.38e-07 |
|    learning_rate      | 0.0007    |
|    n_updates          | 6799      |
|    policy_loss        | 6.41e+03  |
|    reward             | 968.00336 |
|    std                | 0.748     |
|    value_loss         | 9.9e+06   |
-------------------------------------
-------------------------------------
| time/                 |           |
|    fps                | 16        |
|    iterations         | 6900      |
|    time_elapsed       | 2078      |
|    total_timesteps    | 34500     |
| train/                |           |
|    entropy_loss       | -2.23     |
|    explained_variance | -1.19e-07 |
|    learning_rate      | 0.0007    |
|    n_updates          | 6899      |
|    policy_loss        | 6.06e+03  |
|    reward             | 980.4421  |
|    std                | 0.743     |
|    value_loss         | 9.69e+06  |
-------------------------------------
EPISODE:  36
-------------------------------------
| time/                 |           |
|    fps                | 16        |
|    iterations         | 7000      |
|    time_elapsed       | 2111      |
|    total_timesteps    | 35000     |
| train/                |           |
|    entropy_loss       | -2.22     |
|    explained_variance | 1.19e-07  |
|    learning_rate      | 0.0007    |
|    n_updates          | 6999      |
|    policy_loss        | 9.43e+03  |
|    reward             | 968.00336 |
|    std                | 0.741     |
|    value_loss         | 9.89e+06  |
-------------------------------------
------------------------------------
| time/                 |          |
|    fps                | 16       |
|    iterations         | 7100     |
|    time_elapsed       | 2145     |
|    total_timesteps    | 35500    |
| train/                |          |
|    entropy_loss       | -2.21    |
|    explained_variance | 0        |
|    learning_rate      | 0.0007   |
|    n_updates          | 7099     |
|    policy_loss        | 5.23e+03 |
|    reward             | 980.4421 |
|    std                | 0.736    |
|    value_loss         | 9.69e+06 |
------------------------------------
EPISODE:  37
-------------------------------------
| time/                 |           |
|    fps                | 16        |
|    iterations         | 7200      |
|    time_elapsed       | 2178      |
|    total_timesteps    | 36000     |
| train/                |           |
|    entropy_loss       | -2.22     |
|    explained_variance | 0         |
|    learning_rate      | 0.0007    |
|    n_updates          | 7199      |
|    policy_loss        | 5.41e+03  |
|    reward             | 968.00336 |
|    std                | 0.74      |
|    value_loss         | 9.89e+06  |
-------------------------------------
------------------------------------
| time/                 |          |
|    fps                | 16       |
|    iterations         | 7300     |
|    time_elapsed       | 2211     |
|    total_timesteps    | 36500    |
| train/                |          |
|    entropy_loss       | -2.2     |
|    explained_variance | 0        |
|    learning_rate      | 0.0007   |
|    n_updates          | 7299     |
|    policy_loss        | 5.15e+03 |
|    reward             | 980.4421 |
|    std                | 0.734    |
|    value_loss         | 9.69e+06 |
------------------------------------
EPISODE:  38
------------------------------------
| time/                 |          |
|    fps                | 16       |
|    iterations         | 7400     |
|    time_elapsed       | 2244     |
|    total_timesteps    | 37000    |
| train/                |          |
|    entropy_loss       | -2.2     |
|    explained_variance | 5.96e-08 |
|    learning_rate      | 0.0007   |
|    n_updates          | 7399     |
|    policy_loss        | 5.78e+03 |
|    reward             | 967.9698 |
|    std                | 0.732    |
|    value_loss         | 9.89e+06 |
------------------------------------
-------------------------------------
| time/                 |           |
|    fps                | 16        |
|    iterations         | 7500      |
|    time_elapsed       | 2277      |
|    total_timesteps    | 37500     |
| train/                |           |
|    entropy_loss       | -2.16     |
|    explained_variance | -1.19e-07 |
|    learning_rate      | 0.0007    |
|    n_updates          | 7499      |
|    policy_loss        | 6.08e+03  |
|    reward             | 980.1013  |
|    std                | 0.721     |
|    value_loss         | 9.68e+06  |
-------------------------------------
EPISODE:  39
------------------------------------
| time/                 |          |
|    fps                | 16       |
|    iterations         | 7600     |
|    time_elapsed       | 2310     |
|    total_timesteps    | 38000    |
| train/                |          |
|    entropy_loss       | -2.16    |
|    explained_variance | 0        |
|    learning_rate      | 0.0007   |
|    n_updates          | 7599     |
|    policy_loss        | 4.98e+03 |
|    reward             | 967.667  |
|    std                | 0.722    |
|    value_loss         | 9.88e+06 |
------------------------------------
------------------------------------
| time/                 |          |
|    fps                | 16       |
|    iterations         | 7700     |
|    time_elapsed       | 2343     |
|    total_timesteps    | 38500    |
| train/                |          |
|    entropy_loss       | -2.15    |
|    explained_variance | 0        |
|    learning_rate      | 0.0007   |
|    n_updates          | 7699     |
|    policy_loss        | 8.23e+03 |
|    reward             | 980.4421 |
|    std                | 0.716    |
|    value_loss         | 9.68e+06 |
------------------------------------
EPISODE:  40
-------------------------------------
| time/                 |           |
|    fps                | 16        |
|    iterations         | 7800      |
|    time_elapsed       | 2376      |
|    total_timesteps    | 39000     |
| train/                |           |
|    entropy_loss       | -2.16     |
|    explained_variance | 0         |
|    learning_rate      | 0.0007    |
|    n_updates          | 7799      |
|    policy_loss        | 5.79e+03  |
|    reward             | 968.00336 |
|    std                | 0.719     |
|    value_loss         | 9.89e+06  |
-------------------------------------
------------------------------------
| time/                 |          |
|    fps                | 16       |
|    iterations         | 7900     |
|    time_elapsed       | 2409     |
|    total_timesteps    | 39500    |
| train/                |          |
|    entropy_loss       | -2.14    |
|    explained_variance | 0        |
|    learning_rate      | 0.0007   |
|    n_updates          | 7899     |
|    policy_loss        | 5.72e+03 |
|    reward             | 980.4421 |
|    std                | 0.714    |
|    value_loss         | 9.68e+06 |
------------------------------------
EPISODE:  41
-------------------------------------
| time/                 |           |
|    fps                | 16        |
|    iterations         | 8000      |
|    time_elapsed       | 2442      |
|    total_timesteps    | 40000     |
| train/                |           |
|    entropy_loss       | -2.12     |
|    explained_variance | -1.19e-07 |
|    learning_rate      | 0.0007    |
|    n_updates          | 7999      |
|    policy_loss        | 5.06e+03  |
|    reward             | 968.00336 |
|    std                | 0.706     |
|    value_loss         | 9.89e+06  |
-------------------------------------
------------------------------------
| time/                 |          |
|    fps                | 16       |
|    iterations         | 8100     |
|    time_elapsed       | 2475     |
|    total_timesteps    | 40500    |
| train/                |          |
|    entropy_loss       | -2.12    |
|    explained_variance | 0        |
|    learning_rate      | 0.0007   |
|    n_updates          | 8099     |
|    policy_loss        | 4.34e+03 |
|    reward             | 980.4421 |
|    std                | 0.705    |
|    value_loss         | 9.68e+06 |
------------------------------------
EPISODE:  42
-------------------------------------
| time/                 |           |
|    fps                | 16        |
|    iterations         | 8200      |
|    time_elapsed       | 2508      |
|    total_timesteps    | 41000     |
| train/                |           |
|    entropy_loss       | -2.13     |
|    explained_variance | -1.19e-07 |
|    learning_rate      | 0.0007    |
|    n_updates          | 8199      |
|    policy_loss        | 6.35e+03  |
|    reward             | 968.00336 |
|    std                | 0.712     |
|    value_loss         | 9.88e+06  |
-------------------------------------
------------------------------------
| time/                 |          |
|    fps                | 16       |
|    iterations         | 8300     |
|    time_elapsed       | 2541     |
|    total_timesteps    | 41500    |
| train/                |          |
|    entropy_loss       | -2.11    |
|    explained_variance | 0        |
|    learning_rate      | 0.0007   |
|    n_updates          | 8299     |
|    policy_loss        | 7.29e+03 |
|    reward             | 980.4421 |
|    std                | 0.703    |
|    value_loss         | 9.68e+06 |
------------------------------------
EPISODE:  43
-------------------------------------
| time/                 |           |
|    fps                | 16        |
|    iterations         | 8400      |
|    time_elapsed       | 2574      |
|    total_timesteps    | 42000     |
| train/                |           |
|    entropy_loss       | -2.09     |
|    explained_variance | 0         |
|    learning_rate      | 0.0007    |
|    n_updates          | 8399      |
|    policy_loss        | 4.57e+03  |
|    reward             | 968.00336 |
|    std                | 0.696     |
|    value_loss         | 9.88e+06  |
-------------------------------------
------------------------------------
| time/                 |          |
|    fps                | 16       |
|    iterations         | 8500     |
|    time_elapsed       | 2607     |
|    total_timesteps    | 42500    |
| train/                |          |
|    entropy_loss       | -2.08    |
|    explained_variance | 0        |
|    learning_rate      | 0.0007   |
|    n_updates          | 8499     |
|    policy_loss        | 6.84e+03 |
|    reward             | 980.4421 |
|    std                | 0.694    |
|    value_loss         | 9.67e+06 |
------------------------------------
EPISODE:  44
-------------------------------------
| time/                 |           |
|    fps                | 16        |
|    iterations         | 8600      |
|    time_elapsed       | 2640      |
|    total_timesteps    | 43000     |
| train/                |           |
|    entropy_loss       | -2.08     |
|    explained_variance | -1.19e-07 |
|    learning_rate      | 0.0007    |
|    n_updates          | 8599      |
|    policy_loss        | 5.33e+03  |
|    reward             | 968.00336 |
|    std                | 0.692     |
|    value_loss         | 9.88e+06  |
-------------------------------------
-------------------------------------
| time/                 |           |
|    fps                | 16        |
|    iterations         | 8700      |
|    time_elapsed       | 2673      |
|    total_timesteps    | 43500     |
| train/                |           |
|    entropy_loss       | -2.07     |
|    explained_variance | -1.19e-07 |
|    learning_rate      | 0.0007    |
|    n_updates          | 8699      |
|    policy_loss        | 5.79e+03  |
|    reward             | 980.4421  |
|    std                | 0.69      |
|    value_loss         | 9.67e+06  |
-------------------------------------
EPISODE:  45
-------------------------------------
| time/                 |           |
|    fps                | 16        |
|    iterations         | 8800      |
|    time_elapsed       | 2706      |
|    total_timesteps    | 44000     |
| train/                |           |
|    entropy_loss       | -2.07     |
|    explained_variance | 0         |
|    learning_rate      | 0.0007    |
|    n_updates          | 8799      |
|    policy_loss        | 6.01e+03  |
|    reward             | 968.00336 |
|    std                | 0.692     |
|    value_loss         | 9.88e+06  |
-------------------------------------
-------------------------------------
| time/                 |           |
|    fps                | 16        |
|    iterations         | 8900      |
|    time_elapsed       | 2740      |
|    total_timesteps    | 44500     |
| train/                |           |
|    entropy_loss       | -2.07     |
|    explained_variance | -1.19e-07 |
|    learning_rate      | 0.0007    |
|    n_updates          | 8899      |
|    policy_loss        | 5.04e+03  |
|    reward             | 980.4421  |
|    std                | 0.69      |
|    value_loss         | 9.67e+06  |
-------------------------------------
EPISODE:  46
-------------------------------------
| time/                 |           |
|    fps                | 16        |
|    iterations         | 9000      |
|    time_elapsed       | 2773      |
|    total_timesteps    | 45000     |
| train/                |           |
|    entropy_loss       | -2.05     |
|    explained_variance | 0         |
|    learning_rate      | 0.0007    |
|    n_updates          | 8999      |
|    policy_loss        | 5.71e+03  |
|    reward             | 968.00336 |
|    std                | 0.681     |
|    value_loss         | 9.88e+06  |
-------------------------------------
------------------------------------
| time/                 |          |
|    fps                | 16       |
|    iterations         | 9100     |
|    time_elapsed       | 2806     |
|    total_timesteps    | 45500    |
| train/                |          |
|    entropy_loss       | -2.03    |
|    explained_variance | 0        |
|    learning_rate      | 0.0007   |
|    n_updates          | 9099     |
|    policy_loss        | 4.41e+03 |
|    reward             | 980.4421 |
|    std                | 0.676    |
|    value_loss         | 9.67e+06 |
------------------------------------
EPISODE:  47
-------------------------------------
| time/                 |           |
|    fps                | 16        |
|    iterations         | 9200      |
|    time_elapsed       | 2839      |
|    total_timesteps    | 46000     |
| train/                |           |
|    entropy_loss       | -2.04     |
|    explained_variance | 0         |
|    learning_rate      | 0.0007    |
|    n_updates          | 9199      |
|    policy_loss        | 5.23e+03  |
|    reward             | 968.00336 |
|    std                | 0.68      |
|    value_loss         | 9.87e+06  |
-------------------------------------
------------------------------------
| time/                 |          |
|    fps                | 16       |
|    iterations         | 9300     |
|    time_elapsed       | 2872     |
|    total_timesteps    | 46500    |
| train/                |          |
|    entropy_loss       | -2.05    |
|    explained_variance | 0        |
|    learning_rate      | 0.0007   |
|    n_updates          | 9299     |
|    policy_loss        | 6.53e+03 |
|    reward             | 980.4421 |
|    std                | 0.682    |
|    value_loss         | 9.67e+06 |
------------------------------------
EPISODE:  48
-------------------------------------
| time/                 |           |
|    fps                | 16        |
|    iterations         | 9400      |
|    time_elapsed       | 2905      |
|    total_timesteps    | 47000     |
| train/                |           |
|    entropy_loss       | -2.05     |
|    explained_variance | 5.96e-08  |
|    learning_rate      | 0.0007    |
|    n_updates          | 9399      |
|    policy_loss        | 6.51e+03  |
|    reward             | 968.00336 |
|    std                | 0.68      |
|    value_loss         | 9.87e+06  |
-------------------------------------
------------------------------------
| time/                 |          |
|    fps                | 16       |
|    iterations         | 9500     |
|    time_elapsed       | 2938     |
|    total_timesteps    | 47500    |
| train/                |          |
|    entropy_loss       | -2.02    |
|    explained_variance | 0        |
|    learning_rate      | 0.0007   |
|    n_updates          | 9499     |
|    policy_loss        | 6.13e+03 |
|    reward             | 980.4421 |
|    std                | 0.672    |
|    value_loss         | 9.67e+06 |
------------------------------------
EPISODE:  49
-------------------------------------
| time/                 |           |
|    fps                | 16        |
|    iterations         | 9600      |
|    time_elapsed       | 2971      |
|    total_timesteps    | 48000     |
| train/                |           |
|    entropy_loss       | -2        |
|    explained_variance | 0         |
|    learning_rate      | 0.0007    |
|    n_updates          | 9599      |
|    policy_loss        | 7.87e+03  |
|    reward             | 968.00336 |
|    std                | 0.664     |
|    value_loss         | 9.87e+06  |
-------------------------------------
------------------------------------
| time/                 |          |
|    fps                | 16       |
|    iterations         | 9700     |
|    time_elapsed       | 3004     |
|    total_timesteps    | 48500    |
| train/                |          |
|    entropy_loss       | -1.99    |
|    explained_variance | 0        |
|    learning_rate      | 0.0007   |
|    n_updates          | 9699     |
|    policy_loss        | 4.15e+03 |
|    reward             | 980.4421 |
|    std                | 0.661    |
|    value_loss         | 9.66e+06 |
------------------------------------
EPISODE:  50
-------------------------------------
| time/                 |           |
|    fps                | 16        |
|    iterations         | 9800      |
|    time_elapsed       | 3037      |
|    total_timesteps    | 49000     |
| train/                |           |
|    entropy_loss       | -1.96     |
|    explained_variance | 0         |
|    learning_rate      | 0.0007    |
|    n_updates          | 9799      |
|    policy_loss        | 6.31e+03  |
|    reward             | 968.00336 |
|    std                | 0.651     |
|    value_loss         | 9.87e+06  |
-------------------------------------
------------------------------------
| time/                 |          |
|    fps                | 16       |
|    iterations         | 9900     |
|    time_elapsed       | 3070     |
|    total_timesteps    | 49500    |
| train/                |          |
|    entropy_loss       | -1.95    |
|    explained_variance | 0        |
|    learning_rate      | 0.0007   |
|    n_updates          | 9899     |
|    policy_loss        | 3.67e+03 |
|    reward             | 980.4421 |
|    std                | 0.646    |
|    value_loss         | 9.66e+06 |
------------------------------------
EPISODE:  51
-------------------------------------
| time/                 |           |
|    fps                | 16        |
|    iterations         | 10000     |
|    time_elapsed       | 3103      |
|    total_timesteps    | 50000     |
| train/                |           |
|    entropy_loss       | -1.95     |
|    explained_variance | 0         |
|    learning_rate      | 0.0007    |
|    n_updates          | 9999      |
|    policy_loss        | 5.36e+03  |
|    reward             | 968.00336 |
|    std                | 0.647     |
|    value_loss         | 9.87e+06  |
-------------------------------------
------------------------------------
| time/                 |          |
|    fps                | 16       |
|    iterations         | 10100    |
|    time_elapsed       | 3136     |
|    total_timesteps    | 50500    |
| train/                |          |
|    entropy_loss       | -1.94    |
|    explained_variance | 1.19e-07 |
|    learning_rate      | 0.0007   |
|    n_updates          | 10099    |
|    policy_loss        | 5.3e+03  |
|    reward             | 980.4421 |
|    std                | 0.646    |
|    value_loss         | 9.66e+06 |
------------------------------------
EPISODE:  52
-------------------------------------
| time/                 |           |
|    fps                | 16        |
|    iterations         | 10200     |
|    time_elapsed       | 3169      |
|    total_timesteps    | 51000     |
| train/                |           |
|    entropy_loss       | -1.92     |
|    explained_variance | -1.19e-07 |
|    learning_rate      | 0.0007    |
|    n_updates          | 10199     |
|    policy_loss        | 7.12e+03  |
|    reward             | 968.00336 |
|    std                | 0.64      |
|    value_loss         | 9.87e+06  |
-------------------------------------
------------------------------------
| time/                 |          |
|    fps                | 16       |
|    iterations         | 10300    |
|    time_elapsed       | 3202     |
|    total_timesteps    | 51500    |
| train/                |          |
|    entropy_loss       | -1.91    |
|    explained_variance | 0        |
|    learning_rate      | 0.0007   |
|    n_updates          | 10299    |
|    policy_loss        | 4.58e+03 |
|    reward             | 980.4421 |
|    std                | 0.637    |
|    value_loss         | 9.66e+06 |
------------------------------------
EPISODE:  53
-------------------------------------
| time/                 |           |
|    fps                | 16        |
|    iterations         | 10400     |
|    time_elapsed       | 3235      |
|    total_timesteps    | 52000     |
| train/                |           |
|    entropy_loss       | -1.89     |
|    explained_variance | 2.38e-07  |
|    learning_rate      | 0.0007    |
|    n_updates          | 10399     |
|    policy_loss        | 3.63e+03  |
|    reward             | 968.00336 |
|    std                | 0.63      |
|    value_loss         | 9.86e+06  |
-------------------------------------
------------------------------------
| time/                 |          |
|    fps                | 16       |
|    iterations         | 10500    |
|    time_elapsed       | 3268     |
|    total_timesteps    | 52500    |
| train/                |          |
|    entropy_loss       | -1.87    |
|    explained_variance | 0        |
|    learning_rate      | 0.0007   |
|    n_updates          | 10499    |
|    policy_loss        | 4.97e+03 |
|    reward             | 980.4421 |
|    std                | 0.622    |
|    value_loss         | 9.66e+06 |
------------------------------------
EPISODE:  54
-------------------------------------
| time/                 |           |
|    fps                | 16        |
|    iterations         | 10600     |
|    time_elapsed       | 3301      |
|    total_timesteps    | 53000     |
| train/                |           |
|    entropy_loss       | -1.85     |
|    explained_variance | -1.19e-07 |
|    learning_rate      | 0.0007    |
|    n_updates          | 10599     |
|    policy_loss        | 4.42e+03  |
|    reward             | 968.00336 |
|    std                | 0.618     |
|    value_loss         | 9.86e+06  |
-------------------------------------
------------------------------------
| time/                 |          |
|    fps                | 16       |
|    iterations         | 10700    |
|    time_elapsed       | 3334     |
|    total_timesteps    | 53500    |
| train/                |          |
|    entropy_loss       | -1.83    |
|    explained_variance | 1.19e-07 |
|    learning_rate      | 0.0007   |
|    n_updates          | 10699    |
|    policy_loss        | 3.38e+03 |
|    reward             | 980.4421 |
|    std                | 0.613    |
|    value_loss         | 9.65e+06 |
------------------------------------
EPISODE:  55
-------------------------------------
| time/                 |           |
|    fps                | 16        |
|    iterations         | 10800     |
|    time_elapsed       | 3367      |
|    total_timesteps    | 54000     |
| train/                |           |
|    entropy_loss       | -1.83     |
|    explained_variance | 0         |
|    learning_rate      | 0.0007    |
|    n_updates          | 10799     |
|    policy_loss        | 5.59e+03  |
|    reward             | 968.00336 |
|    std                | 0.614     |
|    value_loss         | 9.86e+06  |
-------------------------------------
------------------------------------
| time/                 |          |
|    fps                | 16       |
|    iterations         | 10900    |
|    time_elapsed       | 3400     |
|    total_timesteps    | 54500    |
| train/                |          |
|    entropy_loss       | -1.82    |
|    explained_variance | 5.96e-08 |
|    learning_rate      | 0.0007   |
|    n_updates          | 10899    |
|    policy_loss        | 3.67e+03 |
|    reward             | 980.4421 |
|    std                | 0.61     |
|    value_loss         | 9.65e+06 |
------------------------------------
EPISODE:  56
-------------------------------------
| time/                 |           |
|    fps                | 16        |
|    iterations         | 11000     |
|    time_elapsed       | 3433      |
|    total_timesteps    | 55000     |
| train/                |           |
|    entropy_loss       | -1.8      |
|    explained_variance | -1.19e-07 |
|    learning_rate      | 0.0007    |
|    n_updates          | 10999     |
|    policy_loss        | 4.98e+03  |
|    reward             | 968.00336 |
|    std                | 0.602     |
|    value_loss         | 9.86e+06  |
-------------------------------------
------------------------------------
| time/                 |          |
|    fps                | 16       |
|    iterations         | 11100    |
|    time_elapsed       | 3466     |
|    total_timesteps    | 55500    |
| train/                |          |
|    entropy_loss       | -1.79    |
|    explained_variance | 0        |
|    learning_rate      | 0.0007   |
|    n_updates          | 11099    |
|    policy_loss        | 4.13e+03 |
|    reward             | 980.4421 |
|    std                | 0.599    |
|    value_loss         | 9.65e+06 |
------------------------------------
EPISODE:  57
-------------------------------------
| time/                 |           |
|    fps                | 16        |
|    iterations         | 11200     |
|    time_elapsed       | 3499      |
|    total_timesteps    | 56000     |
| train/                |           |
|    entropy_loss       | -1.76     |
|    explained_variance | 5.96e-08  |
|    learning_rate      | 0.0007    |
|    n_updates          | 11199     |
|    policy_loss        | 4.92e+03  |
|    reward             | 968.00336 |
|    std                | 0.592     |
|    value_loss         | 9.86e+06  |
-------------------------------------
-------------------------------------
| time/                 |           |
|    fps                | 15        |
|    iterations         | 11300     |
|    time_elapsed       | 3532      |
|    total_timesteps    | 56500     |
| train/                |           |
|    entropy_loss       | -1.74     |
|    explained_variance | -1.19e-07 |
|    learning_rate      | 0.0007    |
|    n_updates          | 11299     |
|    policy_loss        | 5.06e+03  |
|    reward             | 980.4421  |
|    std                | 0.586     |
|    value_loss         | 9.65e+06  |
-------------------------------------
EPISODE:  58
-------------------------------------
| time/                 |           |
|    fps                | 15        |
|    iterations         | 11400     |
|    time_elapsed       | 3565      |
|    total_timesteps    | 57000     |
| train/                |           |
|    entropy_loss       | -1.72     |
|    explained_variance | 0         |
|    learning_rate      | 0.0007    |
|    n_updates          | 11399     |
|    policy_loss        | 4.77e+03  |
|    reward             | 968.00336 |
|    std                | 0.582     |
|    value_loss         | 9.85e+06  |
-------------------------------------
-------------------------------------
| time/                 |           |
|    fps                | 15        |
|    iterations         | 11500     |
|    time_elapsed       | 3598      |
|    total_timesteps    | 57500     |
| train/                |           |
|    entropy_loss       | -1.7      |
|    explained_variance | -1.19e-07 |
|    learning_rate      | 0.0007    |
|    n_updates          | 11499     |
|    policy_loss        | 3.8e+03   |
|    reward             | 980.4421  |
|    std                | 0.575     |
|    value_loss         | 9.65e+06  |
-------------------------------------
EPISODE:  59
-------------------------------------
| time/                 |           |
|    fps                | 15        |
|    iterations         | 11600     |
|    time_elapsed       | 3631      |
|    total_timesteps    | 58000     |
| train/                |           |
|    entropy_loss       | -1.69     |
|    explained_variance | -1.19e-07 |
|    learning_rate      | 0.0007    |
|    n_updates          | 11599     |
|    policy_loss        | 4.21e+03  |
|    reward             | 968.00336 |
|    std                | 0.573     |
|    value_loss         | 9.85e+06  |
-------------------------------------
------------------------------------
| time/                 |          |
|    fps                | 15       |
|    iterations         | 11700    |
|    time_elapsed       | 3665     |
|    total_timesteps    | 58500    |
| train/                |          |
|    entropy_loss       | -1.68    |
|    explained_variance | 0        |
|    learning_rate      | 0.0007   |
|    n_updates          | 11699    |
|    policy_loss        | 6.67e+03 |
|    reward             | 980.4421 |
|    std                | 0.57     |
|    value_loss         | 9.65e+06 |
------------------------------------
EPISODE:  60
-------------------------------------
| time/                 |           |
|    fps                | 15        |
|    iterations         | 11800     |
|    time_elapsed       | 3698      |
|    total_timesteps    | 59000     |
| train/                |           |
|    entropy_loss       | -1.68     |
|    explained_variance | 1.19e-07  |
|    learning_rate      | 0.0007    |
|    n_updates          | 11799     |
|    policy_loss        | 6.26e+03  |
|    reward             | 968.00336 |
|    std                | 0.571     |
|    value_loss         | 9.85e+06  |
-------------------------------------
------------------------------------
| time/                 |          |
|    fps                | 15       |
|    iterations         | 11900    |
|    time_elapsed       | 3731     |
|    total_timesteps    | 59500    |
| train/                |          |
|    entropy_loss       | -1.67    |
|    explained_variance | 0        |
|    learning_rate      | 0.0007   |
|    n_updates          | 11899    |
|    policy_loss        | 3.76e+03 |
|    reward             | 980.4421 |
|    std                | 0.568    |
|    value_loss         | 9.64e+06 |
------------------------------------
EPISODE:  61
-------------------------------------
| time/                 |           |
|    fps                | 15        |
|    iterations         | 12000     |
|    time_elapsed       | 3764      |
|    total_timesteps    | 60000     |
| train/                |           |
|    entropy_loss       | -1.66     |
|    explained_variance | -1.19e-07 |
|    learning_rate      | 0.0007    |
|    n_updates          | 11999     |
|    policy_loss        | 5.82e+03  |
|    reward             | 968.00336 |
|    std                | 0.566     |
|    value_loss         | 9.85e+06  |
-------------------------------------
-------------------------------------
| time/                 |           |
|    fps                | 15        |
|    iterations         | 12100     |
|    time_elapsed       | 3797      |
|    total_timesteps    | 60500     |
| train/                |           |
|    entropy_loss       | -1.64     |
|    explained_variance | -1.19e-07 |
|    learning_rate      | 0.0007    |
|    n_updates          | 12099     |
|    policy_loss        | 8.43e+03  |
|    reward             | 980.4421  |
|    std                | 0.561     |
|    value_loss         | 9.64e+06  |
-------------------------------------
EPISODE:  62
-------------------------------------
| time/                 |           |
|    fps                | 15        |
|    iterations         | 12200     |
|    time_elapsed       | 3830      |
|    total_timesteps    | 61000     |
| train/                |           |
|    entropy_loss       | -1.64     |
|    explained_variance | -1.19e-07 |
|    learning_rate      | 0.0007    |
|    n_updates          | 12199     |
|    policy_loss        | 3.14e+03  |
|    reward             | 968.00336 |
|    std                | 0.56      |
|    value_loss         | 9.85e+06  |
-------------------------------------
------------------------------------
| time/                 |          |
|    fps                | 15       |
|    iterations         | 12300    |
|    time_elapsed       | 3863     |
|    total_timesteps    | 61500    |
| train/                |          |
|    entropy_loss       | -1.61    |
|    explained_variance | 0        |
|    learning_rate      | 0.0007   |
|    n_updates          | 12299    |
|    policy_loss        | 4.8e+03  |
|    reward             | 980.4421 |
|    std                | 0.554    |
|    value_loss         | 9.64e+06 |
------------------------------------
EPISODE:  63
-------------------------------------
| time/                 |           |
|    fps                | 15        |
|    iterations         | 12400     |
|    time_elapsed       | 3896      |
|    total_timesteps    | 62000     |
| train/                |           |
|    entropy_loss       | -1.61     |
|    explained_variance | 2.38e-07  |
|    learning_rate      | 0.0007    |
|    n_updates          | 12399     |
|    policy_loss        | 7.18e+03  |
|    reward             | 968.00336 |
|    std                | 0.553     |
|    value_loss         | 9.85e+06  |
-------------------------------------
------------------------------------
| time/                 |          |
|    fps                | 15       |
|    iterations         | 12500    |
|    time_elapsed       | 3929     |
|    total_timesteps    | 62500    |
| train/                |          |
|    entropy_loss       | -1.6     |
|    explained_variance | 1.19e-07 |
|    learning_rate      | 0.0007   |
|    n_updates          | 12499    |
|    policy_loss        | 4.34e+03 |
|    reward             | 980.4421 |
|    std                | 0.552    |
|    value_loss         | 9.64e+06 |
------------------------------------
EPISODE:  64
-------------------------------------
| time/                 |           |
|    fps                | 15        |
|    iterations         | 12600     |
|    time_elapsed       | 3962      |
|    total_timesteps    | 63000     |
| train/                |           |
|    entropy_loss       | -1.58     |
|    explained_variance | 0         |
|    learning_rate      | 0.0007    |
|    n_updates          | 12599     |
|    policy_loss        | 6.91e+03  |
|    reward             | 968.00336 |
|    std                | 0.548     |
|    value_loss         | 9.84e+06  |
-------------------------------------
------------------------------------
| time/                 |          |
|    fps                | 15       |
|    iterations         | 12700    |
|    time_elapsed       | 3995     |
|    total_timesteps    | 63500    |
| train/                |          |
|    entropy_loss       | -1.56    |
|    explained_variance | 1.19e-07 |
|    learning_rate      | 0.0007   |
|    n_updates          | 12699    |
|    policy_loss        | 6.07e+03 |
|    reward             | 980.4421 |
|    std                | 0.541    |
|    value_loss         | 9.64e+06 |
------------------------------------
EPISODE:  65
-------------------------------------
| time/                 |           |
|    fps                | 15        |
|    iterations         | 12800     |
|    time_elapsed       | 4028      |
|    total_timesteps    | 64000     |
| train/                |           |
|    entropy_loss       | -1.54     |
|    explained_variance | 0         |
|    learning_rate      | 0.0007    |
|    n_updates          | 12799     |
|    policy_loss        | 2.9e+03   |
|    reward             | 968.00336 |
|    std                | 0.534     |
|    value_loss         | 9.84e+06  |
-------------------------------------
------------------------------------
| time/                 |          |
|    fps                | 15       |
|    iterations         | 12900    |
|    time_elapsed       | 4061     |
|    total_timesteps    | 64500    |
| train/                |          |
|    entropy_loss       | -1.52    |
|    explained_variance | 0        |
|    learning_rate      | 0.0007   |
|    n_updates          | 12899    |
|    policy_loss        | 2.9e+03  |
|    reward             | 980.4421 |
|    std                | 0.53     |
|    value_loss         | 9.64e+06 |
------------------------------------
EPISODE:  66
-------------------------------------
| time/                 |           |
|    fps                | 15        |
|    iterations         | 13000     |
|    time_elapsed       | 4094      |
|    total_timesteps    | 65000     |
| train/                |           |
|    entropy_loss       | -1.51     |
|    explained_variance | 0         |
|    learning_rate      | 0.0007    |
|    n_updates          | 12999     |
|    policy_loss        | 3.62e+03  |
|    reward             | 968.00336 |
|    std                | 0.526     |
|    value_loss         | 9.84e+06  |
-------------------------------------
------------------------------------
| time/                 |          |
|    fps                | 15       |
|    iterations         | 13100    |
|    time_elapsed       | 4127     |
|    total_timesteps    | 65500    |
| train/                |          |
|    entropy_loss       | -1.47    |
|    explained_variance | 0        |
|    learning_rate      | 0.0007   |
|    n_updates          | 13099    |
|    policy_loss        | 3.69e+03 |
|    reward             | 980.4421 |
|    std                | 0.517    |
|    value_loss         | 9.63e+06 |
------------------------------------
EPISODE:  67
-------------------------------------
| time/                 |           |
|    fps                | 15        |
|    iterations         | 13200     |
|    time_elapsed       | 4160      |
|    total_timesteps    | 66000     |
| train/                |           |
|    entropy_loss       | -1.43     |
|    explained_variance | -1.19e-07 |
|    learning_rate      | 0.0007    |
|    n_updates          | 13199     |
|    policy_loss        | 4.3e+03   |
|    reward             | 968.00336 |
|    std                | 0.508     |
|    value_loss         | 9.84e+06  |
-------------------------------------
------------------------------------
| time/                 |          |
|    fps                | 15       |
|    iterations         | 13300    |
|    time_elapsed       | 4193     |
|    total_timesteps    | 66500    |
| train/                |          |
|    entropy_loss       | -1.43    |
|    explained_variance | 0        |
|    learning_rate      | 0.0007   |
|    n_updates          | 13299    |
|    policy_loss        | 4.34e+03 |
|    reward             | 980.4421 |
|    std                | 0.507    |
|    value_loss         | 9.63e+06 |
------------------------------------
EPISODE:  68
-------------------------------------
| time/                 |           |
|    fps                | 15        |
|    iterations         | 13400     |
|    time_elapsed       | 4226      |
|    total_timesteps    | 67000     |
| train/                |           |
|    entropy_loss       | -1.43     |
|    explained_variance | -1.19e-07 |
|    learning_rate      | 0.0007    |
|    n_updates          | 13399     |
|    policy_loss        | 4.01e+03  |
|    reward             | 968.00336 |
|    std                | 0.507     |
|    value_loss         | 9.84e+06  |
-------------------------------------
------------------------------------
| time/                 |          |
|    fps                | 15       |
|    iterations         | 13500    |
|    time_elapsed       | 4259     |
|    total_timesteps    | 67500    |
| train/                |          |
|    entropy_loss       | -1.42    |
|    explained_variance | 0        |
|    learning_rate      | 0.0007   |
|    n_updates          | 13499    |
|    policy_loss        | 5.5e+03  |
|    reward             | 980.4421 |
|    std                | 0.506    |
|    value_loss         | 9.63e+06 |
------------------------------------
EPISODE:  69
-------------------------------------
| time/                 |           |
|    fps                | 15        |
|    iterations         | 13600     |
|    time_elapsed       | 4292      |
|    total_timesteps    | 68000     |
| train/                |           |
|    entropy_loss       | -1.41     |
|    explained_variance | 1.19e-07  |
|    learning_rate      | 0.0007    |
|    n_updates          | 13599     |
|    policy_loss        | 4.67e+03  |
|    reward             | 968.00336 |
|    std                | 0.502     |
|    value_loss         | 9.83e+06  |
-------------------------------------
------------------------------------
| time/                 |          |
|    fps                | 15       |
|    iterations         | 13700    |
|    time_elapsed       | 4325     |
|    total_timesteps    | 68500    |
| train/                |          |
|    entropy_loss       | -1.38    |
|    explained_variance | 0        |
|    learning_rate      | 0.0007   |
|    n_updates          | 13699    |
|    policy_loss        | 5.76e+03 |
|    reward             | 980.4421 |
|    std                | 0.495    |
|    value_loss         | 9.63e+06 |
------------------------------------
EPISODE:  70
-------------------------------------
| time/                 |           |
|    fps                | 15        |
|    iterations         | 13800     |
|    time_elapsed       | 4358      |
|    total_timesteps    | 69000     |
| train/                |           |
|    entropy_loss       | -1.36     |
|    explained_variance | 0         |
|    learning_rate      | 0.0007    |
|    n_updates          | 13799     |
|    policy_loss        | 3.56e+03  |
|    reward             | 968.00336 |
|    std                | 0.49      |
|    value_loss         | 9.83e+06  |
-------------------------------------
------------------------------------
| time/                 |          |
|    fps                | 15       |
|    iterations         | 13900    |
|    time_elapsed       | 4391     |
|    total_timesteps    | 69500    |
| train/                |          |
|    entropy_loss       | -1.35    |
|    explained_variance | 0        |
|    learning_rate      | 0.0007   |
|    n_updates          | 13899    |
|    policy_loss        | 5.93e+03 |
|    reward             | 980.4421 |
|    std                | 0.488    |
|    value_loss         | 9.63e+06 |
------------------------------------
EPISODE:  71
-------------------------------------
| time/                 |           |
|    fps                | 15        |
|    iterations         | 14000     |
|    time_elapsed       | 4424      |
|    total_timesteps    | 70000     |
| train/                |           |
|    entropy_loss       | -1.34     |
|    explained_variance | -1.19e-07 |
|    learning_rate      | 0.0007    |
|    n_updates          | 13999     |
|    policy_loss        | 2.55e+03  |
|    reward             | 968.00336 |
|    std                | 0.485     |
|    value_loss         | 9.83e+06  |
-------------------------------------
------------------------------------
| time/                 |          |
|    fps                | 15       |
|    iterations         | 14100    |
|    time_elapsed       | 4457     |
|    total_timesteps    | 70500    |
| train/                |          |
|    entropy_loss       | -1.35    |
|    explained_variance | 0        |
|    learning_rate      | 0.0007   |
|    n_updates          | 14099    |
|    policy_loss        | 4.17e+03 |
|    reward             | 980.4421 |
|    std                | 0.487    |
|    value_loss         | 9.62e+06 |
------------------------------------
EPISODE:  72
-------------------------------------
| time/                 |           |
|    fps                | 15        |
|    iterations         | 14200     |
|    time_elapsed       | 4490      |
|    total_timesteps    | 71000     |
| train/                |           |
|    entropy_loss       | -1.33     |
|    explained_variance | 0         |
|    learning_rate      | 0.0007    |
|    n_updates          | 14199     |
|    policy_loss        | 3.56e+03  |
|    reward             | 968.00336 |
|    std                | 0.483     |
|    value_loss         | 9.83e+06  |
-------------------------------------
-------------------------------------
| time/                 |           |
|    fps                | 15        |
|    iterations         | 14300     |
|    time_elapsed       | 4523      |
|    total_timesteps    | 71500     |
| train/                |           |
|    entropy_loss       | -1.29     |
|    explained_variance | -1.19e-07 |
|    learning_rate      | 0.0007    |
|    n_updates          | 14299     |
|    policy_loss        | 2.17e+03  |
|    reward             | 980.4421  |
|    std                | 0.475     |
|    value_loss         | 9.62e+06  |
-------------------------------------
EPISODE:  73
-------------------------------------
| time/                 |           |
|    fps                | 15        |
|    iterations         | 14400     |
|    time_elapsed       | 4556      |
|    total_timesteps    | 72000     |
| train/                |           |
|    entropy_loss       | -1.3      |
|    explained_variance | 0         |
|    learning_rate      | 0.0007    |
|    n_updates          | 14399     |
|    policy_loss        | 4.67e+03  |
|    reward             | 968.00336 |
|    std                | 0.478     |
|    value_loss         | 9.83e+06  |
-------------------------------------
------------------------------------
| time/                 |          |
|    fps                | 15       |
|    iterations         | 14500    |
|    time_elapsed       | 4590     |
|    total_timesteps    | 72500    |
| train/                |          |
|    entropy_loss       | -1.3     |
|    explained_variance | 0        |
|    learning_rate      | 0.0007   |
|    n_updates          | 14499    |
|    policy_loss        | 3.45e+03 |
|    reward             | 980.4421 |
|    std                | 0.478    |
|    value_loss         | 9.62e+06 |
------------------------------------
EPISODE:  74
-------------------------------------
| time/                 |           |
|    fps                | 15        |
|    iterations         | 14600     |
|    time_elapsed       | 4623      |
|    total_timesteps    | 73000     |
| train/                |           |
|    entropy_loss       | -1.27     |
|    explained_variance | 0         |
|    learning_rate      | 0.0007    |
|    n_updates          | 14599     |
|    policy_loss        | 5.07e+03  |
|    reward             | 968.00336 |
|    std                | 0.471     |
|    value_loss         | 9.83e+06  |
-------------------------------------
------------------------------------
| time/                 |          |
|    fps                | 15       |
|    iterations         | 14700    |
|    time_elapsed       | 4656     |
|    total_timesteps    | 73500    |
| train/                |          |
|    entropy_loss       | -1.25    |
|    explained_variance | 0        |
|    learning_rate      | 0.0007   |
|    n_updates          | 14699    |
|    policy_loss        | 3.2e+03  |
|    reward             | 980.4421 |
|    std                | 0.467    |
|    value_loss         | 9.62e+06 |
------------------------------------
EPISODE:  75
-------------------------------------
| time/                 |           |
|    fps                | 15        |
|    iterations         | 14800     |
|    time_elapsed       | 4689      |
|    total_timesteps    | 74000     |
| train/                |           |
|    entropy_loss       | -1.23     |
|    explained_variance | 1.19e-07  |
|    learning_rate      | 0.0007    |
|    n_updates          | 14799     |
|    policy_loss        | 3.77e+03  |
|    reward             | 968.00336 |
|    std                | 0.461     |
|    value_loss         | 9.82e+06  |
-------------------------------------
------------------------------------
| time/                 |          |
|    fps                | 15       |
|    iterations         | 14900    |
|    time_elapsed       | 4722     |
|    total_timesteps    | 74500    |
| train/                |          |
|    entropy_loss       | -1.19    |
|    explained_variance | 0        |
|    learning_rate      | 0.0007   |
|    n_updates          | 14899    |
|    policy_loss        | 3.06e+03 |
|    reward             | 980.4421 |
|    std                | 0.453    |
|    value_loss         | 9.62e+06 |
------------------------------------
EPISODE:  76
-------------------------------------
| time/                 |           |
|    fps                | 15        |
|    iterations         | 15000     |
|    time_elapsed       | 4755      |
|    total_timesteps    | 75000     |
| train/                |           |
|    entropy_loss       | -1.16     |
|    explained_variance | 5.96e-08  |
|    learning_rate      | 0.0007    |
|    n_updates          | 14999     |
|    policy_loss        | 3.5e+03   |
|    reward             | 968.00336 |
|    std                | 0.449     |
|    value_loss         | 9.82e+06  |
-------------------------------------
------------------------------------
| time/                 |          |
|    fps                | 15       |
|    iterations         | 15100    |
|    time_elapsed       | 4788     |
|    total_timesteps    | 75500    |
| train/                |          |
|    entropy_loss       | -1.14    |
|    explained_variance | 0        |
|    learning_rate      | 0.0007   |
|    n_updates          | 15099    |
|    policy_loss        | 4.07e+03 |
|    reward             | 980.4421 |
|    std                | 0.443    |
|    value_loss         | 9.62e+06 |
------------------------------------
EPISODE:  77
-------------------------------------
| time/                 |           |
|    fps                | 15        |
|    iterations         | 15200     |
|    time_elapsed       | 4821      |
|    total_timesteps    | 76000     |
| train/                |           |
|    entropy_loss       | -1.14     |
|    explained_variance | -1.19e-07 |
|    learning_rate      | 0.0007    |
|    n_updates          | 15199     |
|    policy_loss        | 3.88e+03  |
|    reward             | 968.00336 |
|    std                | 0.443     |
|    value_loss         | 9.82e+06  |
-------------------------------------
-------------------------------------
| time/                 |           |
|    fps                | 15        |
|    iterations         | 15300     |
|    time_elapsed       | 4854      |
|    total_timesteps    | 76500     |
| train/                |           |
|    entropy_loss       | -1.11     |
|    explained_variance | -1.19e-07 |
|    learning_rate      | 0.0007    |
|    n_updates          | 15299     |
|    policy_loss        | 2.41e+03  |
|    reward             | 980.4421  |
|    std                | 0.438     |
|    value_loss         | 9.61e+06  |
-------------------------------------
EPISODE:  78
-------------------------------------
| time/                 |           |
|    fps                | 15        |
|    iterations         | 15400     |
|    time_elapsed       | 4887      |
|    total_timesteps    | 77000     |
| train/                |           |
|    entropy_loss       | -1.1      |
|    explained_variance | 0         |
|    learning_rate      | 0.0007    |
|    n_updates          | 15399     |
|    policy_loss        | 1.82e+03  |
|    reward             | 968.00336 |
|    std                | 0.435     |
|    value_loss         | 9.82e+06  |
-------------------------------------
------------------------------------
| time/                 |          |
|    fps                | 15       |
|    iterations         | 15500    |
|    time_elapsed       | 4920     |
|    total_timesteps    | 77500    |
| train/                |          |
|    entropy_loss       | -1.08    |
|    explained_variance | 0        |
|    learning_rate      | 0.0007   |
|    n_updates          | 15499    |
|    policy_loss        | 2.02e+03 |
|    reward             | 980.4421 |
|    std                | 0.432    |
|    value_loss         | 9.61e+06 |
------------------------------------
EPISODE:  79
-------------------------------------
| time/                 |           |
|    fps                | 15        |
|    iterations         | 15600     |
|    time_elapsed       | 4953      |
|    total_timesteps    | 78000     |
| train/                |           |
|    entropy_loss       | -1.06     |
|    explained_variance | 0         |
|    learning_rate      | 0.0007    |
|    n_updates          | 15599     |
|    policy_loss        | 4.06e+03  |
|    reward             | 968.00336 |
|    std                | 0.427     |
|    value_loss         | 9.82e+06  |
-------------------------------------
------------------------------------
| time/                 |          |
|    fps                | 15       |
|    iterations         | 15700    |
|    time_elapsed       | 4986     |
|    total_timesteps    | 78500    |
| train/                |          |
|    entropy_loss       | -1.02    |
|    explained_variance | 0        |
|    learning_rate      | 0.0007   |
|    n_updates          | 15699    |
|    policy_loss        | 1.52e+03 |
|    reward             | 980.4421 |
|    std                | 0.421    |
|    value_loss         | 9.61e+06 |
------------------------------------
EPISODE:  80
-------------------------------------
| time/                 |           |
|    fps                | 15        |
|    iterations         | 15800     |
|    time_elapsed       | 5019      |
|    total_timesteps    | 79000     |
| train/                |           |
|    entropy_loss       | -1.01     |
|    explained_variance | 0         |
|    learning_rate      | 0.0007    |
|    n_updates          | 15799     |
|    policy_loss        | 4.01e+03  |
|    reward             | 968.00336 |
|    std                | 0.419     |
|    value_loss         | 9.81e+06  |
-------------------------------------
------------------------------------
| time/                 |          |
|    fps                | 15       |
|    iterations         | 15900    |
|    time_elapsed       | 5052     |
|    total_timesteps    | 79500    |
| train/                |          |
|    entropy_loss       | -0.989   |
|    explained_variance | 0        |
|    learning_rate      | 0.0007   |
|    n_updates          | 15899    |
|    policy_loss        | 4.94e+03 |
|    reward             | 980.4421 |
|    std                | 0.415    |
|    value_loss         | 9.61e+06 |
------------------------------------
EPISODE:  81
-------------------------------------
| time/                 |           |
|    fps                | 15        |
|    iterations         | 16000     |
|    time_elapsed       | 5085      |
|    total_timesteps    | 80000     |
| train/                |           |
|    entropy_loss       | -0.968    |
|    explained_variance | -1.19e-07 |
|    learning_rate      | 0.0007    |
|    n_updates          | 15999     |
|    policy_loss        | 1.44e+03  |
|    reward             | 968.00336 |
|    std                | 0.409     |
|    value_loss         | 9.81e+06  |
-------------------------------------
------------------------------------
| time/                 |          |
|    fps                | 15       |
|    iterations         | 16100    |
|    time_elapsed       | 5118     |
|    total_timesteps    | 80500    |
| train/                |          |
|    entropy_loss       | -0.957   |
|    explained_variance | 5.96e-08 |
|    learning_rate      | 0.0007   |
|    n_updates          | 16099    |
|    policy_loss        | 2.66e+03 |
|    reward             | 980.4421 |
|    std                | 0.407    |
|    value_loss         | 9.61e+06 |
------------------------------------
EPISODE:  82
-------------------------------------
| time/                 |           |
|    fps                | 15        |
|    iterations         | 16200     |
|    time_elapsed       | 5151      |
|    total_timesteps    | 81000     |
| train/                |           |
|    entropy_loss       | -0.933    |
|    explained_variance | 0         |
|    learning_rate      | 0.0007    |
|    n_updates          | 16199     |
|    policy_loss        | 2.44e+03  |
|    reward             | 968.00336 |
|    std                | 0.402     |
|    value_loss         | 9.81e+06  |
-------------------------------------
------------------------------------
| time/                 |          |
|    fps                | 15       |
|    iterations         | 16300    |
|    time_elapsed       | 5184     |
|    total_timesteps    | 81500    |
| train/                |          |
|    entropy_loss       | -0.916   |
|    explained_variance | 0        |
|    learning_rate      | 0.0007   |
|    n_updates          | 16299    |
|    policy_loss        | 5.02e+03 |
|    reward             | 980.4421 |
|    std                | 0.399    |
|    value_loss         | 9.61e+06 |
------------------------------------
EPISODE:  83
-------------------------------------
| time/                 |           |
|    fps                | 15        |
|    iterations         | 16400     |
|    time_elapsed       | 5217      |
|    total_timesteps    | 82000     |
| train/                |           |
|    entropy_loss       | -0.879    |
|    explained_variance | 1.19e-07  |
|    learning_rate      | 0.0007    |
|    n_updates          | 16399     |
|    policy_loss        | 2.22e+03  |
|    reward             | 968.00336 |
|    std                | 0.391     |
|    value_loss         | 9.81e+06  |
-------------------------------------
------------------------------------
| time/                 |          |
|    fps                | 15       |
|    iterations         | 16500    |
|    time_elapsed       | 5250     |
|    total_timesteps    | 82500    |
| train/                |          |
|    entropy_loss       | -0.854   |
|    explained_variance | 0        |
|    learning_rate      | 0.0007   |
|    n_updates          | 16499    |
|    policy_loss        | 2.57e+03 |
|    reward             | 980.4421 |
|    std                | 0.387    |
|    value_loss         | 9.6e+06  |
------------------------------------
EPISODE:  84
-------------------------------------
| time/                 |           |
|    fps                | 15        |
|    iterations         | 16600     |
|    time_elapsed       | 5283      |
|    total_timesteps    | 83000     |
| train/                |           |
|    entropy_loss       | -0.836    |
|    explained_variance | 0         |
|    learning_rate      | 0.0007    |
|    n_updates          | 16599     |
|    policy_loss        | 3.46e+03  |
|    reward             | 968.00336 |
|    std                | 0.383     |
|    value_loss         | 9.81e+06  |
-------------------------------------
------------------------------------
| time/                 |          |
|    fps                | 15       |
|    iterations         | 16700    |
|    time_elapsed       | 5316     |
|    total_timesteps    | 83500    |
| train/                |          |
|    entropy_loss       | -0.823   |
|    explained_variance | 0        |
|    learning_rate      | 0.0007   |
|    n_updates          | 16699    |
|    policy_loss        | 9.07e+03 |
|    reward             | 980.4421 |
|    std                | 0.381    |
|    value_loss         | 9.6e+06  |
------------------------------------
EPISODE:  85
-------------------------------------
| time/                 |           |
|    fps                | 15        |
|    iterations         | 16800     |
|    time_elapsed       | 5349      |
|    total_timesteps    | 84000     |
| train/                |           |
|    entropy_loss       | -0.816    |
|    explained_variance | 1.19e-07  |
|    learning_rate      | 0.0007    |
|    n_updates          | 16799     |
|    policy_loss        | 1.51e+03  |
|    reward             | 968.00336 |
|    std                | 0.378     |
|    value_loss         | 9.81e+06  |
-------------------------------------
------------------------------------
| time/                 |          |
|    fps                | 15       |
|    iterations         | 16900    |
|    time_elapsed       | 5382     |
|    total_timesteps    | 84500    |
| train/                |          |
|    entropy_loss       | -0.789   |
|    explained_variance | 0        |
|    learning_rate      | 0.0007   |
|    n_updates          | 16899    |
|    policy_loss        | 1.1e+03  |
|    reward             | 980.4421 |
|    std                | 0.374    |
|    value_loss         | 9.6e+06  |
------------------------------------
EPISODE:  86
-------------------------------------
| time/                 |           |
|    fps                | 15        |
|    iterations         | 17000     |
|    time_elapsed       | 5415      |
|    total_timesteps    | 85000     |
| train/                |           |
|    entropy_loss       | -0.773    |
|    explained_variance | 0         |
|    learning_rate      | 0.0007    |
|    n_updates          | 16999     |
|    policy_loss        | 1.31e+03  |
|    reward             | 968.00336 |
|    std                | 0.372     |
|    value_loss         | 9.8e+06   |
-------------------------------------
------------------------------------
| time/                 |          |
|    fps                | 15       |
|    iterations         | 17100    |
|    time_elapsed       | 5448     |
|    total_timesteps    | 85500    |
| train/                |          |
|    entropy_loss       | -0.754   |
|    explained_variance | 0        |
|    learning_rate      | 0.0007   |
|    n_updates          | 17099    |
|    policy_loss        | 1.3e+03  |
|    reward             | 980.4421 |
|    std                | 0.368    |
|    value_loss         | 9.6e+06  |
------------------------------------
EPISODE:  87
-------------------------------------
| time/                 |           |
|    fps                | 15        |
|    iterations         | 17200     |
|    time_elapsed       | 5481      |
|    total_timesteps    | 86000     |
| train/                |           |
|    entropy_loss       | -0.733    |
|    explained_variance | -1.19e-07 |
|    learning_rate      | 0.0007    |
|    n_updates          | 17199     |
|    policy_loss        | 3.37e+03  |
|    reward             | 968.00336 |
|    std                | 0.365     |
|    value_loss         | 9.8e+06   |
-------------------------------------
------------------------------------
| time/                 |          |
|    fps                | 15       |
|    iterations         | 17300    |
|    time_elapsed       | 5515     |
|    total_timesteps    | 86500    |
| train/                |          |
|    entropy_loss       | -0.713   |
|    explained_variance | 0        |
|    learning_rate      | 0.0007   |
|    n_updates          | 17299    |
|    policy_loss        | 5.43e+03 |
|    reward             | 980.4421 |
|    std                | 0.362    |
|    value_loss         | 9.6e+06  |
------------------------------------
EPISODE:  88
-------------------------------------
| time/                 |           |
|    fps                | 15        |
|    iterations         | 17400     |
|    time_elapsed       | 5548      |
|    total_timesteps    | 87000     |
| train/                |           |
|    entropy_loss       | -0.682    |
|    explained_variance | 0         |
|    learning_rate      | 0.0007    |
|    n_updates          | 17399     |
|    policy_loss        | 1.62e+03  |
|    reward             | 968.00336 |
|    std                | 0.357     |
|    value_loss         | 9.8e+06   |
-------------------------------------
------------------------------------
| time/                 |          |
|    fps                | 15       |
|    iterations         | 17500    |
|    time_elapsed       | 5581     |
|    total_timesteps    | 87500    |
| train/                |          |
|    entropy_loss       | -0.643   |
|    explained_variance | 1.19e-07 |
|    learning_rate      | 0.0007   |
|    n_updates          | 17499    |
|    policy_loss        | 2.61e+03 |
|    reward             | 980.4421 |
|    std                | 0.35     |
|    value_loss         | 9.59e+06 |
------------------------------------
EPISODE:  89
-------------------------------------
| time/                 |           |
|    fps                | 15        |
|    iterations         | 17600     |
|    time_elapsed       | 5614      |
|    total_timesteps    | 88000     |
| train/                |           |
|    entropy_loss       | -0.632    |
|    explained_variance | 1.19e-07  |
|    learning_rate      | 0.0007    |
|    n_updates          | 17599     |
|    policy_loss        | 2.18e+03  |
|    reward             | 968.00336 |
|    std                | 0.348     |
|    value_loss         | 9.8e+06   |
-------------------------------------
------------------------------------
| time/                 |          |
|    fps                | 15       |
|    iterations         | 17700    |
|    time_elapsed       | 5647     |
|    total_timesteps    | 88500    |
| train/                |          |
|    entropy_loss       | -0.622   |
|    explained_variance | 0        |
|    learning_rate      | 0.0007   |
|    n_updates          | 17699    |
|    policy_loss        | 664      |
|    reward             | 980.4421 |
|    std                | 0.347    |
|    value_loss         | 9.59e+06 |
------------------------------------
EPISODE:  90
-------------------------------------
| time/                 |           |
|    fps                | 15        |
|    iterations         | 17800     |
|    time_elapsed       | 5680      |
|    total_timesteps    | 89000     |
| train/                |           |
|    entropy_loss       | -0.596    |
|    explained_variance | 1.19e-07  |
|    learning_rate      | 0.0007    |
|    n_updates          | 17799     |
|    policy_loss        | 1.64e+03  |
|    reward             | 968.00336 |
|    std                | 0.343     |
|    value_loss         | 9.8e+06   |
-------------------------------------
-------------------------------------
| time/                 |           |
|    fps                | 15        |
|    iterations         | 17900     |
|    time_elapsed       | 5713      |
|    total_timesteps    | 89500     |
| train/                |           |
|    entropy_loss       | -0.592    |
|    explained_variance | -1.19e-07 |
|    learning_rate      | 0.0007    |
|    n_updates          | 17899     |
|    policy_loss        | 1.2e+03   |
|    reward             | 980.4421  |
|    std                | 0.343     |
|    value_loss         | 9.59e+06  |
-------------------------------------
EPISODE:  91
-------------------------------------
| time/                 |           |
|    fps                | 15        |
|    iterations         | 18000     |
|    time_elapsed       | 5746      |
|    total_timesteps    | 90000     |
| train/                |           |
|    entropy_loss       | -0.57     |
|    explained_variance | 5.96e-08  |
|    learning_rate      | 0.0007    |
|    n_updates          | 17999     |
|    policy_loss        | 1.12e+03  |
|    reward             | 968.00336 |
|    std                | 0.34      |
|    value_loss         | 9.8e+06   |
-------------------------------------
------------------------------------
| time/                 |          |
|    fps                | 15       |
|    iterations         | 18100    |
|    time_elapsed       | 5779     |
|    total_timesteps    | 90500    |
| train/                |          |
|    entropy_loss       | -0.535   |
|    explained_variance | 0        |
|    learning_rate      | 0.0007   |
|    n_updates          | 18099    |
|    policy_loss        | 1.51e+03 |
|    reward             | 980.4421 |
|    std                | 0.334    |
|    value_loss         | 9.59e+06 |
------------------------------------
EPISODE:  92
-------------------------------------
| time/                 |           |
|    fps                | 15        |
|    iterations         | 18200     |
|    time_elapsed       | 5812      |
|    total_timesteps    | 91000     |
| train/                |           |
|    entropy_loss       | -0.527    |
|    explained_variance | 0         |
|    learning_rate      | 0.0007    |
|    n_updates          | 18199     |
|    policy_loss        | 2.24e+03  |
|    reward             | 968.00336 |
|    std                | 0.334     |
|    value_loss         | 9.79e+06  |
-------------------------------------
------------------------------------
| time/                 |          |
|    fps                | 15       |
|    iterations         | 18300    |
|    time_elapsed       | 5845     |
|    total_timesteps    | 91500    |
| train/                |          |
|    entropy_loss       | -0.522   |
|    explained_variance | 0        |
|    learning_rate      | 0.0007   |
|    n_updates          | 18299    |
|    policy_loss        | -239     |
|    reward             | 980.4421 |
|    std                | 0.334    |
|    value_loss         | 9.59e+06 |
------------------------------------
EPISODE:  93
-------------------------------------
| time/                 |           |
|    fps                | 15        |
|    iterations         | 18400     |
|    time_elapsed       | 5878      |
|    total_timesteps    | 92000     |
| train/                |           |
|    entropy_loss       | -0.52     |
|    explained_variance | 0         |
|    learning_rate      | 0.0007    |
|    n_updates          | 18399     |
|    policy_loss        | 1.34e+03  |
|    reward             | 968.00336 |
|    std                | 0.334     |
|    value_loss         | 9.79e+06  |
-------------------------------------
------------------------------------
| time/                 |          |
|    fps                | 15       |
|    iterations         | 18500    |
|    time_elapsed       | 5911     |
|    total_timesteps    | 92500    |
| train/                |          |
|    entropy_loss       | -0.485   |
|    explained_variance | 0        |
|    learning_rate      | 0.0007   |
|    n_updates          | 18499    |
|    policy_loss        | 2.32e+03 |
|    reward             | 980.4421 |
|    std                | 0.329    |
|    value_loss         | 9.59e+06 |
------------------------------------
EPISODE:  94
-------------------------------------
| time/                 |           |
|    fps                | 15        |
|    iterations         | 18600     |
|    time_elapsed       | 5944      |
|    total_timesteps    | 93000     |
| train/                |           |
|    entropy_loss       | -0.457    |
|    explained_variance | 0         |
|    learning_rate      | 0.0007    |
|    n_updates          | 18599     |
|    policy_loss        | 4.18e+03  |
|    reward             | 968.00336 |
|    std                | 0.326     |
|    value_loss         | 9.79e+06  |
-------------------------------------
------------------------------------
| time/                 |          |
|    fps                | 15       |
|    iterations         | 18700    |
|    time_elapsed       | 5977     |
|    total_timesteps    | 93500    |
| train/                |          |
|    entropy_loss       | -0.453   |
|    explained_variance | 5.96e-08 |
|    learning_rate      | 0.0007   |
|    n_updates          | 18699    |
|    policy_loss        | 2.61e+03 |
|    reward             | 980.4421 |
|    std                | 0.325    |
|    value_loss         | 9.58e+06 |
------------------------------------
EPISODE:  95
-------------------------------------
| time/                 |           |
|    fps                | 15        |
|    iterations         | 18800     |
|    time_elapsed       | 6010      |
|    total_timesteps    | 94000     |
| train/                |           |
|    entropy_loss       | -0.435    |
|    explained_variance | 0         |
|    learning_rate      | 0.0007    |
|    n_updates          | 18799     |
|    policy_loss        | 208       |
|    reward             | 968.00336 |
|    std                | 0.323     |
|    value_loss         | 9.79e+06  |
-------------------------------------
-------------------------------------
| time/                 |           |
|    fps                | 15        |
|    iterations         | 18900     |
|    time_elapsed       | 6043      |
|    total_timesteps    | 94500     |
| train/                |           |
|    entropy_loss       | -0.415    |
|    explained_variance | -1.19e-07 |
|    learning_rate      | 0.0007    |
|    n_updates          | 18899     |
|    policy_loss        | -425      |
|    reward             | 980.4421  |
|    std                | 0.32      |
|    value_loss         | 9.58e+06  |
-------------------------------------
EPISODE:  96
-------------------------------------
| time/                 |           |
|    fps                | 15        |
|    iterations         | 19000     |
|    time_elapsed       | 6076      |
|    total_timesteps    | 95000     |
| train/                |           |
|    entropy_loss       | -0.406    |
|    explained_variance | -2.38e-07 |
|    learning_rate      | 0.0007    |
|    n_updates          | 18999     |
|    policy_loss        | 2.94e+03  |
|    reward             | 968.00336 |
|    std                | 0.32      |
|    value_loss         | 9.79e+06  |
-------------------------------------
-------------------------------------
| time/                 |           |
|    fps                | 15        |
|    iterations         | 19100     |
|    time_elapsed       | 6109      |
|    total_timesteps    | 95500     |
| train/                |           |
|    entropy_loss       | -0.394    |
|    explained_variance | -1.19e-07 |
|    learning_rate      | 0.0007    |
|    n_updates          | 19099     |
|    policy_loss        | 1.21e+03  |
|    reward             | 980.4421  |
|    std                | 0.319     |
|    value_loss         | 9.58e+06  |
-------------------------------------
EPISODE:  97
-------------------------------------
| time/                 |           |
|    fps                | 15        |
|    iterations         | 19200     |
|    time_elapsed       | 6142      |
|    total_timesteps    | 96000     |
| train/                |           |
|    entropy_loss       | -0.369    |
|    explained_variance | 5.96e-08  |
|    learning_rate      | 0.0007    |
|    n_updates          | 19199     |
|    policy_loss        | -45.4     |
|    reward             | 968.00336 |
|    std                | 0.314     |
|    value_loss         | 9.79e+06  |
-------------------------------------
-------------------------------------
| time/                 |           |
|    fps                | 15        |
|    iterations         | 19300     |
|    time_elapsed       | 6175      |
|    total_timesteps    | 96500     |
| train/                |           |
|    entropy_loss       | -0.358    |
|    explained_variance | -1.19e-07 |
|    learning_rate      | 0.0007    |
|    n_updates          | 19299     |
|    policy_loss        | 902       |
|    reward             | 980.4421  |
|    std                | 0.313     |
|    value_loss         | 9.58e+06  |
-------------------------------------
EPISODE:  98
-------------------------------------
| time/                 |           |
|    fps                | 15        |
|    iterations         | 19400     |
|    time_elapsed       | 6208      |
|    total_timesteps    | 97000     |
| train/                |           |
|    entropy_loss       | -0.358    |
|    explained_variance | 0         |
|    learning_rate      | 0.0007    |
|    n_updates          | 19399     |
|    policy_loss        | 389       |
|    reward             | 968.00336 |
|    std                | 0.313     |
|    value_loss         | 9.78e+06  |
-------------------------------------
------------------------------------
| time/                 |          |
|    fps                | 15       |
|    iterations         | 19500    |
|    time_elapsed       | 6241     |
|    total_timesteps    | 97500    |
| train/                |          |
|    entropy_loss       | -0.349   |
|    explained_variance | 2.38e-07 |
|    learning_rate      | 0.0007   |
|    n_updates          | 19499    |
|    policy_loss        | 972      |
|    reward             | 980.4421 |
|    std                | 0.313    |
|    value_loss         | 9.58e+06 |
------------------------------------
EPISODE:  99
-------------------------------------
| time/                 |           |
|    fps                | 15        |
|    iterations         | 19600     |
|    time_elapsed       | 6274      |
|    total_timesteps    | 98000     |
| train/                |           |
|    entropy_loss       | -0.328    |
|    explained_variance | 0         |
|    learning_rate      | 0.0007    |
|    n_updates          | 19599     |
|    policy_loss        | 682       |
|    reward             | 968.00336 |
|    std                | 0.311     |
|    value_loss         | 9.78e+06  |
-------------------------------------
------------------------------------
| time/                 |          |
|    fps                | 15       |
|    iterations         | 19700    |
|    time_elapsed       | 6307     |
|    total_timesteps    | 98500    |
| train/                |          |
|    entropy_loss       | -0.313   |
|    explained_variance | 1.19e-07 |
|    learning_rate      | 0.0007   |
|    n_updates          | 19699    |
|    policy_loss        | 1.6e+03  |
|    reward             | 980.4421 |
|    std                | 0.309    |
|    value_loss         | 9.58e+06 |
------------------------------------
EPISODE:  100
-------------------------------------
| time/                 |           |
|    fps                | 15        |
|    iterations         | 19800     |
|    time_elapsed       | 6340      |
|    total_timesteps    | 99000     |
| train/                |           |
|    entropy_loss       | -0.294    |
|    explained_variance | -1.19e-07 |
|    learning_rate      | 0.0007    |
|    n_updates          | 19799     |
|    policy_loss        | 1.76e+03  |
|    reward             | 968.00336 |
|    std                | 0.307     |
|    value_loss         | 9.78e+06  |
-------------------------------------
------------------------------------
| time/                 |          |
|    fps                | 15       |
|    iterations         | 19900    |
|    time_elapsed       | 6373     |
|    total_timesteps    | 99500    |
| train/                |          |
|    entropy_loss       | -0.297   |
|    explained_variance | 0        |
|    learning_rate      | 0.0007   |
|    n_updates          | 19899    |
|    policy_loss        | -691     |
|    reward             | 980.4421 |
|    std                | 0.308    |
|    value_loss         | 9.57e+06 |
------------------------------------
EPISODE:  101
-------------------------------------
| time/                 |           |
|    fps                | 15        |
|    iterations         | 20000     |
|    time_elapsed       | 6406      |
|    total_timesteps    | 100000    |
| train/                |           |
|    entropy_loss       | -0.252    |
|    explained_variance | 5.96e-08  |
|    learning_rate      | 0.0007    |
|    n_updates          | 19999     |
|    policy_loss        | -58.7     |
|    reward             | 968.00336 |
|    std                | 0.301     |
|    value_loss         | 9.78e+06  |
-------------------------------------
-------------------------------------
| time/                 |           |
|    fps                | 15        |
|    iterations         | 20100     |
|    time_elapsed       | 6440      |
|    total_timesteps    | 100500    |
| train/                |           |
|    entropy_loss       | -0.252    |
|    explained_variance | -1.19e-07 |
|    learning_rate      | 0.0007    |
|    n_updates          | 20099     |
|    policy_loss        | 1.32e+03  |
|    reward             | 980.4421  |
|    std                | 0.302     |
|    value_loss         | 9.57e+06  |
-------------------------------------
EPISODE:  102
-------------------------------------
| time/                 |           |
|    fps                | 15        |
|    iterations         | 20200     |
|    time_elapsed       | 6473      |
|    total_timesteps    | 101000    |
| train/                |           |
|    entropy_loss       | -0.238    |
|    explained_variance | 0         |
|    learning_rate      | 0.0007    |
|    n_updates          | 20199     |
|    policy_loss        | 1.11e+03  |
|    reward             | 968.00336 |
|    std                | 0.3       |
|    value_loss         | 9.78e+06  |
-------------------------------------
-------------------------------------
| time/                 |           |
|    fps                | 15        |
|    iterations         | 20300     |
|    time_elapsed       | 6506      |
|    total_timesteps    | 101500    |
| train/                |           |
|    entropy_loss       | -0.226    |
|    explained_variance | -1.19e-07 |
|    learning_rate      | 0.0007    |
|    n_updates          | 20299     |
|    policy_loss        | 1.14e+03  |
|    reward             | 980.4421  |
|    std                | 0.299     |
|    value_loss         | 9.57e+06  |
-------------------------------------
EPISODE:  103
-------------------------------------
| time/                 |           |
|    fps                | 15        |
|    iterations         | 20400     |
|    time_elapsed       | 6539      |
|    total_timesteps    | 102000    |
| train/                |           |
|    entropy_loss       | -0.216    |
|    explained_variance | 0         |
|    learning_rate      | 0.0007    |
|    n_updates          | 20399     |
|    policy_loss        | -534      |
|    reward             | 968.00336 |
|    std                | 0.298     |
|    value_loss         | 9.78e+06  |
-------------------------------------
------------------------------------
| time/                 |          |
|    fps                | 15       |
|    iterations         | 20500    |
|    time_elapsed       | 6572     |
|    total_timesteps    | 102500   |
| train/                |          |
|    entropy_loss       | -0.189   |
|    explained_variance | 0        |
|    learning_rate      | 0.0007   |
|    n_updates          | 20499    |
|    policy_loss        | 264      |
|    reward             | 980.4421 |
|    std                | 0.294    |
|    value_loss         | 9.57e+06 |
------------------------------------
EPISODE:  104
-------------------------------------
| time/                 |           |
|    fps                | 15        |
|    iterations         | 20600     |
|    time_elapsed       | 6605      |
|    total_timesteps    | 103000    |
| train/                |           |
|    entropy_loss       | -0.163    |
|    explained_variance | 0         |
|    learning_rate      | 0.0007    |
|    n_updates          | 20599     |
|    policy_loss        | -942      |
|    reward             | 968.00336 |
|    std                | 0.289     |
|    value_loss         | 9.77e+06  |
-------------------------------------
------------------------------------
| time/                 |          |
|    fps                | 15       |
|    iterations         | 20700    |
|    time_elapsed       | 6638     |
|    total_timesteps    | 103500   |
| train/                |          |
|    entropy_loss       | -0.143   |
|    explained_variance | 0        |
|    learning_rate      | 0.0007   |
|    n_updates          | 20699    |
|    policy_loss        | 2.2e+03  |
|    reward             | 980.4421 |
|    std                | 0.286    |
|    value_loss         | 9.57e+06 |
------------------------------------
EPISODE:  105
-------------------------------------
| time/                 |           |
|    fps                | 15        |
|    iterations         | 20800     |
|    time_elapsed       | 6671      |
|    total_timesteps    | 104000    |
| train/                |           |
|    entropy_loss       | -0.122    |
|    explained_variance | 0         |
|    learning_rate      | 0.0007    |
|    n_updates          | 20799     |
|    policy_loss        | 787       |
|    reward             | 968.00336 |
|    std                | 0.283     |
|    value_loss         | 9.77e+06  |
-------------------------------------
------------------------------------
| time/                 |          |
|    fps                | 15       |
|    iterations         | 20900    |
|    time_elapsed       | 6704     |
|    total_timesteps    | 104500   |
| train/                |          |
|    entropy_loss       | -0.11    |
|    explained_variance | 0        |
|    learning_rate      | 0.0007   |
|    n_updates          | 20899    |
|    policy_loss        | 3.65e+03 |
|    reward             | 980.4421 |
|    std                | 0.283    |
|    value_loss         | 9.57e+06 |
------------------------------------
EPISODE:  106
-------------------------------------
| time/                 |           |
|    fps                | 15        |
|    iterations         | 21000     |
|    time_elapsed       | 6737      |
|    total_timesteps    | 105000    |
| train/                |           |
|    entropy_loss       | -0.0841   |
|    explained_variance | 0         |
|    learning_rate      | 0.0007    |
|    n_updates          | 20999     |
|    policy_loss        | -1.35e+03 |
|    reward             | 968.00336 |
|    std                | 0.279     |
|    value_loss         | 9.77e+06  |
-------------------------------------
-------------------------------------
| time/                 |           |
|    fps                | 15        |
|    iterations         | 21100     |
|    time_elapsed       | 6770      |
|    total_timesteps    | 105500    |
| train/                |           |
|    entropy_loss       | -0.0402   |
|    explained_variance | 5.96e-08  |
|    learning_rate      | 0.0007    |
|    n_updates          | 21099     |
|    policy_loss        | -1.74e+03 |
|    reward             | 980.4421  |
|    std                | 0.273     |
|    value_loss         | 9.56e+06  |
-------------------------------------
EPISODE:  107
-------------------------------------
| time/                 |           |
|    fps                | 15        |
|    iterations         | 21200     |
|    time_elapsed       | 6803      |
|    total_timesteps    | 106000    |
| train/                |           |
|    entropy_loss       | -0.0245   |
|    explained_variance | 0         |
|    learning_rate      | 0.0007    |
|    n_updates          | 21199     |
|    policy_loss        | -1.47e+03 |
|    reward             | 968.00336 |
|    std                | 0.271     |
|    value_loss         | 9.77e+06  |
-------------------------------------
------------------------------------
| time/                 |          |
|    fps                | 15       |
|    iterations         | 21300    |
|    time_elapsed       | 6836     |
|    total_timesteps    | 106500   |
| train/                |          |
|    entropy_loss       | -0.0184  |
|    explained_variance | 0        |
|    learning_rate      | 0.0007   |
|    n_updates          | 21299    |
|    policy_loss        | -732     |
|    reward             | 980.4421 |
|    std                | 0.27     |
|    value_loss         | 9.56e+06 |
------------------------------------
EPISODE:  108
-------------------------------------
| time/                 |           |
|    fps                | 15        |
|    iterations         | 21400     |
|    time_elapsed       | 6869      |
|    total_timesteps    | 107000    |
| train/                |           |
|    entropy_loss       | 0.00891   |
|    explained_variance | 0         |
|    learning_rate      | 0.0007    |
|    n_updates          | 21399     |
|    policy_loss        | 799       |
|    reward             | 968.00336 |
|    std                | 0.268     |
|    value_loss         | 9.77e+06  |
-------------------------------------
------------------------------------
| time/                 |          |
|    fps                | 15       |
|    iterations         | 21500    |
|    time_elapsed       | 6902     |
|    total_timesteps    | 107500   |
| train/                |          |
|    entropy_loss       | 0.0402   |
|    explained_variance | 1.19e-07 |
|    learning_rate      | 0.0007   |
|    n_updates          | 21499    |
|    policy_loss        | -833     |
|    reward             | 980.4421 |
|    std                | 0.264    |
|    value_loss         | 9.56e+06 |
------------------------------------
EPISODE:  109
-------------------------------------
| time/                 |           |
|    fps                | 15        |
|    iterations         | 21600     |
|    time_elapsed       | 6935      |
|    total_timesteps    | 108000    |
| train/                |           |
|    entropy_loss       | 0.052     |
|    explained_variance | -1.19e-07 |
|    learning_rate      | 0.0007    |
|    n_updates          | 21599     |
|    policy_loss        | -233      |
|    reward             | 968.00336 |
|    std                | 0.263     |
|    value_loss         | 9.77e+06  |
-------------------------------------
-------------------------------------
| time/                 |           |
|    fps                | 15        |
|    iterations         | 21700     |
|    time_elapsed       | 6968      |
|    total_timesteps    | 108500    |
| train/                |           |
|    entropy_loss       | 0.0652    |
|    explained_variance | 0         |
|    learning_rate      | 0.0007    |
|    n_updates          | 21699     |
|    policy_loss        | -2.25e+03 |
|    reward             | 980.4421  |
|    std                | 0.261     |
|    value_loss         | 9.56e+06  |
-------------------------------------
EPISODE:  110
-------------------------------------
| time/                 |           |
|    fps                | 15        |
|    iterations         | 21800     |
|    time_elapsed       | 7001      |
|    total_timesteps    | 109000    |
| train/                |           |
|    entropy_loss       | 0.0772    |
|    explained_variance | 1.19e-07  |
|    learning_rate      | 0.0007    |
|    n_updates          | 21799     |
|    policy_loss        | 1.21e+03  |
|    reward             | 968.00336 |
|    std                | 0.261     |
|    value_loss         | 9.76e+06  |
-------------------------------------
------------------------------------
| time/                 |          |
|    fps                | 15       |
|    iterations         | 21900    |
|    time_elapsed       | 7035     |
|    total_timesteps    | 109500   |
| train/                |          |
|    entropy_loss       | 0.0992   |
|    explained_variance | 1.19e-07 |
|    learning_rate      | 0.0007   |
|    n_updates          | 21899    |
|    policy_loss        | 2.96e+03 |
|    reward             | 980.4421 |
|    std                | 0.258    |
|    value_loss         | 9.56e+06 |
------------------------------------
EPISODE:  111
-------------------------------------
| time/                 |           |
|    fps                | 15        |
|    iterations         | 22000     |
|    time_elapsed       | 7068      |
|    total_timesteps    | 110000    |
| train/                |           |
|    entropy_loss       | 0.115     |
|    explained_variance | 0         |
|    learning_rate      | 0.0007    |
|    n_updates          | 21999     |
|    policy_loss        | -319      |
|    reward             | 968.00336 |
|    std                | 0.257     |
|    value_loss         | 9.76e+06  |
-------------------------------------
-------------------------------------
| time/                 |           |
|    fps                | 15        |
|    iterations         | 22100     |
|    time_elapsed       | 7101      |
|    total_timesteps    | 110500    |
| train/                |           |
|    entropy_loss       | 0.14      |
|    explained_variance | -1.19e-07 |
|    learning_rate      | 0.0007    |
|    n_updates          | 22099     |
|    policy_loss        | 1.32e+03  |
|    reward             | 980.4421  |
|    std                | 0.253     |
|    value_loss         | 9.56e+06  |
-------------------------------------
EPISODE:  112
-------------------------------------
| time/                 |           |
|    fps                | 15        |
|    iterations         | 22200     |
|    time_elapsed       | 7134      |
|    total_timesteps    | 111000    |
| train/                |           |
|    entropy_loss       | 0.163     |
|    explained_variance | 5.96e-08  |
|    learning_rate      | 0.0007    |
|    n_updates          | 22199     |
|    policy_loss        | -1.21e+03 |
|    reward             | 968.00336 |
|    std                | 0.25      |
|    value_loss         | 9.76e+06  |
-------------------------------------
------------------------------------
| time/                 |          |
|    fps                | 15       |
|    iterations         | 22300    |
|    time_elapsed       | 7167     |
|    total_timesteps    | 111500   |
| train/                |          |
|    entropy_loss       | 0.195    |
|    explained_variance | 0        |
|    learning_rate      | 0.0007   |
|    n_updates          | 22299    |
|    policy_loss        | 2.38e+03 |
|    reward             | 980.4421 |
|    std                | 0.247    |
|    value_loss         | 9.56e+06 |
------------------------------------
EPISODE:  113
-------------------------------------
| time/                 |           |
|    fps                | 15        |
|    iterations         | 22400     |
|    time_elapsed       | 7200      |
|    total_timesteps    | 112000    |
| train/                |           |
|    entropy_loss       | 0.219     |
|    explained_variance | 0         |
|    learning_rate      | 0.0007    |
|    n_updates          | 22399     |
|    policy_loss        | -2.3e+03  |
|    reward             | 968.00336 |
|    std                | 0.245     |
|    value_loss         | 9.76e+06  |
-------------------------------------
-------------------------------------
| time/                 |           |
|    fps                | 15        |
|    iterations         | 22500     |
|    time_elapsed       | 7233      |
|    total_timesteps    | 112500    |
| train/                |           |
|    entropy_loss       | 0.238     |
|    explained_variance | -1.19e-07 |
|    learning_rate      | 0.0007    |
|    n_updates          | 22499     |
|    policy_loss        | -1.31e+03 |
|    reward             | 980.4421  |
|    std                | 0.243     |
|    value_loss         | 9.55e+06  |
-------------------------------------
EPISODE:  114
-------------------------------------
| time/                 |           |
|    fps                | 15        |
|    iterations         | 22600     |
|    time_elapsed       | 7266      |
|    total_timesteps    | 113000    |
| train/                |           |
|    entropy_loss       | 0.25      |
|    explained_variance | 0         |
|    learning_rate      | 0.0007    |
|    n_updates          | 22599     |
|    policy_loss        | -1.58e+03 |
|    reward             | 968.00336 |
|    std                | 0.242     |
|    value_loss         | 9.76e+06  |
-------------------------------------
-------------------------------------
| time/                 |           |
|    fps                | 15        |
|    iterations         | 22700     |
|    time_elapsed       | 7299      |
|    total_timesteps    | 113500    |
| train/                |           |
|    entropy_loss       | 0.262     |
|    explained_variance | 1.19e-07  |
|    learning_rate      | 0.0007    |
|    n_updates          | 22699     |
|    policy_loss        | -1.41e+03 |
|    reward             | 980.4421  |
|    std                | 0.241     |
|    value_loss         | 9.55e+06  |
-------------------------------------
EPISODE:  115
-------------------------------------
| time/                 |           |
|    fps                | 15        |
|    iterations         | 22800     |
|    time_elapsed       | 7332      |
|    total_timesteps    | 114000    |
| train/                |           |
|    entropy_loss       | 0.274     |
|    explained_variance | -1.19e-07 |
|    learning_rate      | 0.0007    |
|    n_updates          | 22799     |
|    policy_loss        | -880      |
|    reward             | 968.00336 |
|    std                | 0.24      |
|    value_loss         | 9.76e+06  |
-------------------------------------
------------------------------------
| time/                 |          |
|    fps                | 15       |
|    iterations         | 22900    |
|    time_elapsed       | 7365     |
|    total_timesteps    | 114500   |
| train/                |          |
|    entropy_loss       | 0.293    |
|    explained_variance | 0        |
|    learning_rate      | 0.0007   |
|    n_updates          | 22899    |
|    policy_loss        | -633     |
|    reward             | 980.4421 |
|    std                | 0.238    |
|    value_loss         | 9.55e+06 |
------------------------------------
EPISODE:  116
-------------------------------------
| time/                 |           |
|    fps                | 15        |
|    iterations         | 23000     |
|    time_elapsed       | 7399      |
|    total_timesteps    | 115000    |
| train/                |           |
|    entropy_loss       | 0.324     |
|    explained_variance | 0         |
|    learning_rate      | 0.0007    |
|    n_updates          | 22999     |
|    policy_loss        | -1.99e+03 |
|    reward             | 968.00336 |
|    std                | 0.234     |
|    value_loss         | 9.75e+06  |
-------------------------------------
-------------------------------------
| time/                 |           |
|    fps                | 15        |
|    iterations         | 23100     |
|    time_elapsed       | 7432      |
|    total_timesteps    | 115500    |
| train/                |           |
|    entropy_loss       | 0.351     |
|    explained_variance | 0         |
|    learning_rate      | 0.0007    |
|    n_updates          | 23099     |
|    policy_loss        | -2.98e+03 |
|    reward             | 980.4421  |
|    std                | 0.231     |
|    value_loss         | 9.55e+06  |
-------------------------------------
EPISODE:  117
-------------------------------------
| time/                 |           |
|    fps                | 15        |
|    iterations         | 23200     |
|    time_elapsed       | 7465      |
|    total_timesteps    | 116000    |
| train/                |           |
|    entropy_loss       | 0.372     |
|    explained_variance | 0         |
|    learning_rate      | 0.0007    |
|    n_updates          | 23199     |
|    policy_loss        | -358      |
|    reward             | 968.00336 |
|    std                | 0.228     |
|    value_loss         | 9.75e+06  |
-------------------------------------
-------------------------------------
| time/                 |           |
|    fps                | 15        |
|    iterations         | 23300     |
|    time_elapsed       | 7498      |
|    total_timesteps    | 116500    |
| train/                |           |
|    entropy_loss       | 0.388     |
|    explained_variance | 0         |
|    learning_rate      | 0.0007    |
|    n_updates          | 23299     |
|    policy_loss        | -1.11e+03 |
|    reward             | 980.4421  |
|    std                | 0.227     |
|    value_loss         | 9.55e+06  |
-------------------------------------
EPISODE:  118
-------------------------------------
| time/                 |           |
|    fps                | 15        |
|    iterations         | 23400     |
|    time_elapsed       | 7531      |
|    total_timesteps    | 117000    |
| train/                |           |
|    entropy_loss       | 0.411     |
|    explained_variance | 0         |
|    learning_rate      | 0.0007    |
|    n_updates          | 23399     |
|    policy_loss        | 1.04e+03  |
|    reward             | 968.00336 |
|    std                | 0.225     |
|    value_loss         | 9.75e+06  |
-------------------------------------
------------------------------------
| time/                 |          |
|    fps                | 15       |
|    iterations         | 23500    |
|    time_elapsed       | 7564     |
|    total_timesteps    | 117500   |
| train/                |          |
|    entropy_loss       | 0.449    |
|    explained_variance | 0        |
|    learning_rate      | 0.0007   |
|    n_updates          | 23499    |
|    policy_loss        | 846      |
|    reward             | 980.4421 |
|    std                | 0.22     |
|    value_loss         | 9.55e+06 |
------------------------------------
EPISODE:  119
-------------------------------------
| time/                 |           |
|    fps                | 15        |
|    iterations         | 23600     |
|    time_elapsed       | 7597      |
|    total_timesteps    | 118000    |
| train/                |           |
|    entropy_loss       | 0.462     |
|    explained_variance | 0         |
|    learning_rate      | 0.0007    |
|    n_updates          | 23599     |
|    policy_loss        | -1.75e+03 |
|    reward             | 968.00336 |
|    std                | 0.218     |
|    value_loss         | 9.75e+06  |
-------------------------------------
-------------------------------------
| time/                 |           |
|    fps                | 15        |
|    iterations         | 23700     |
|    time_elapsed       | 7630      |
|    total_timesteps    | 118500    |
| train/                |           |
|    entropy_loss       | 0.482     |
|    explained_variance | -1.19e-07 |
|    learning_rate      | 0.0007    |
|    n_updates          | 23699     |
|    policy_loss        | -1.92e+03 |
|    reward             | 980.4421  |
|    std                | 0.217     |
|    value_loss         | 9.54e+06  |
-------------------------------------
EPISODE:  120
-------------------------------------
| time/                 |           |
|    fps                | 15        |
|    iterations         | 23800     |
|    time_elapsed       | 7663      |
|    total_timesteps    | 119000    |
| train/                |           |
|    entropy_loss       | 0.501     |
|    explained_variance | 1.19e-07  |
|    learning_rate      | 0.0007    |
|    n_updates          | 23799     |
|    policy_loss        | -1.94e+03 |
|    reward             | 968.00336 |
|    std                | 0.215     |
|    value_loss         | 9.75e+06  |
-------------------------------------
-------------------------------------
| time/                 |           |
|    fps                | 15        |
|    iterations         | 23900     |
|    time_elapsed       | 7696      |
|    total_timesteps    | 119500    |
| train/                |           |
|    entropy_loss       | 0.515     |
|    explained_variance | -1.19e-07 |
|    learning_rate      | 0.0007    |
|    n_updates          | 23899     |
|    policy_loss        | -2.65e+03 |
|    reward             | 980.4421  |
|    std                | 0.214     |
|    value_loss         | 9.54e+06  |
-------------------------------------
EPISODE:  121
-------------------------------------
| time/                 |           |
|    fps                | 15        |
|    iterations         | 24000     |
|    time_elapsed       | 7729      |
|    total_timesteps    | 120000    |
| train/                |           |
|    entropy_loss       | 0.539     |
|    explained_variance | 0         |
|    learning_rate      | 0.0007    |
|    n_updates          | 23999     |
|    policy_loss        | 3.82      |
|    reward             | 968.00336 |
|    std                | 0.211     |
|    value_loss         | 9.75e+06  |
-------------------------------------
-------------------------------------
| time/                 |           |
|    fps                | 15        |
|    iterations         | 24100     |
|    time_elapsed       | 7762      |
|    total_timesteps    | 120500    |
| train/                |           |
|    entropy_loss       | 0.557     |
|    explained_variance | -1.19e-07 |
|    learning_rate      | 0.0007    |
|    n_updates          | 24099     |
|    policy_loss        | -402      |
|    reward             | 980.4421  |
|    std                | 0.21      |
|    value_loss         | 9.54e+06  |
-------------------------------------
EPISODE:  122
-------------------------------------
| time/                 |           |
|    fps                | 15        |
|    iterations         | 24200     |
|    time_elapsed       | 7795      |
|    total_timesteps    | 121000    |
| train/                |           |
|    entropy_loss       | 0.585     |
|    explained_variance | 0         |
|    learning_rate      | 0.0007    |
|    n_updates          | 24199     |
|    policy_loss        | -1.99e+03 |
|    reward             | 968.00336 |
|    std                | 0.208     |
|    value_loss         | 9.74e+06  |
-------------------------------------
-------------------------------------
| time/                 |           |
|    fps                | 15        |
|    iterations         | 24300     |
|    time_elapsed       | 7828      |
|    total_timesteps    | 121500    |
| train/                |           |
|    entropy_loss       | 0.586     |
|    explained_variance | -1.19e-07 |
|    learning_rate      | 0.0007    |
|    n_updates          | 24299     |
|    policy_loss        | -2.56e+03 |
|    reward             | 980.4421  |
|    std                | 0.208     |
|    value_loss         | 9.54e+06  |
-------------------------------------
EPISODE:  123
-------------------------------------
| time/                 |           |
|    fps                | 15        |
|    iterations         | 24400     |
|    time_elapsed       | 7861      |
|    total_timesteps    | 122000    |
| train/                |           |
|    entropy_loss       | 0.604     |
|    explained_variance | 0         |
|    learning_rate      | 0.0007    |
|    n_updates          | 24399     |
|    policy_loss        | -2.91e+03 |
|    reward             | 968.00336 |
|    std                | 0.207     |
|    value_loss         | 9.74e+06  |
-------------------------------------
------------------------------------
| time/                 |          |
|    fps                | 15       |
|    iterations         | 24500    |
|    time_elapsed       | 7894     |
|    total_timesteps    | 122500   |
| train/                |          |
|    entropy_loss       | 0.631    |
|    explained_variance | 1.19e-07 |
|    learning_rate      | 0.0007   |
|    n_updates          | 24499    |
|    policy_loss        | -399     |
|    reward             | 980.4421 |
|    std                | 0.205    |
|    value_loss         | 9.54e+06 |
------------------------------------
EPISODE:  124
-------------------------------------
| time/                 |           |
|    fps                | 15        |
|    iterations         | 24600     |
|    time_elapsed       | 7927      |
|    total_timesteps    | 123000    |
| train/                |           |
|    entropy_loss       | 0.659     |
|    explained_variance | 0         |
|    learning_rate      | 0.0007    |
|    n_updates          | 24599     |
|    policy_loss        | -2.87e+03 |
|    reward             | 968.00336 |
|    std                | 0.202     |
|    value_loss         | 9.74e+06  |
-------------------------------------
------------------------------------
| time/                 |          |
|    fps                | 15       |
|    iterations         | 24700    |
|    time_elapsed       | 7961     |
|    total_timesteps    | 123500   |
| train/                |          |
|    entropy_loss       | 0.666    |
|    explained_variance | 0        |
|    learning_rate      | 0.0007   |
|    n_updates          | 24699    |
|    policy_loss        | 1.14e+03 |
|    reward             | 980.4421 |
|    std                | 0.202    |
|    value_loss         | 9.54e+06 |
------------------------------------
EPISODE:  125
-------------------------------------
| time/                 |           |
|    fps                | 15        |
|    iterations         | 24800     |
|    time_elapsed       | 7994      |
|    total_timesteps    | 124000    |
| train/                |           |
|    entropy_loss       | 0.689     |
|    explained_variance | 0         |
|    learning_rate      | 0.0007    |
|    n_updates          | 24799     |
|    policy_loss        | -1.48e+03 |
|    reward             | 968.00336 |
|    std                | 0.2       |
|    value_loss         | 9.74e+06  |
-------------------------------------
------------------------------------
| time/                 |          |
|    fps                | 15       |
|    iterations         | 24900    |
|    time_elapsed       | 8027     |
|    total_timesteps    | 124500   |
| train/                |          |
|    entropy_loss       | 0.69     |
|    explained_variance | 0        |
|    learning_rate      | 0.0007   |
|    n_updates          | 24899    |
|    policy_loss        | 1.13e+03 |
|    reward             | 980.4421 |
|    std                | 0.2      |
|    value_loss         | 9.53e+06 |
------------------------------------
EPISODE:  126
-------------------------------------
| time/                 |           |
|    fps                | 15        |
|    iterations         | 25000     |
|    time_elapsed       | 8060      |
|    total_timesteps    | 125000    |
| train/                |           |
|    entropy_loss       | 0.716     |
|    explained_variance | -1.19e-07 |
|    learning_rate      | 0.0007    |
|    n_updates          | 24999     |
|    policy_loss        | -2.2e+03  |
|    reward             | 968.00336 |
|    std                | 0.199     |
|    value_loss         | 9.74e+06  |
-------------------------------------
-------------------------------------
| time/                 |           |
|    fps                | 15        |
|    iterations         | 25100     |
|    time_elapsed       | 8093      |
|    total_timesteps    | 125500    |
| train/                |           |
|    entropy_loss       | 0.739     |
|    explained_variance | 5.96e-08  |
|    learning_rate      | 0.0007    |
|    n_updates          | 25099     |
|    policy_loss        | -3.74e+03 |
|    reward             | 980.4421  |
|    std                | 0.197     |
|    value_loss         | 9.53e+06  |
-------------------------------------
EPISODE:  127
-------------------------------------
| time/                 |           |
|    fps                | 15        |
|    iterations         | 25200     |
|    time_elapsed       | 8126      |
|    total_timesteps    | 126000    |
| train/                |           |
|    entropy_loss       | 0.763     |
|    explained_variance | 0         |
|    learning_rate      | 0.0007    |
|    n_updates          | 25199     |
|    policy_loss        | -2.06e+03 |
|    reward             | 968.00336 |
|    std                | 0.196     |
|    value_loss         | 9.74e+06  |
-------------------------------------
-------------------------------------
| time/                 |           |
|    fps                | 15        |
|    iterations         | 25300     |
|    time_elapsed       | 8159      |
|    total_timesteps    | 126500    |
| train/                |           |
|    entropy_loss       | 0.769     |
|    explained_variance | -1.19e-07 |
|    learning_rate      | 0.0007    |
|    n_updates          | 25299     |
|    policy_loss        | -1.45e+03 |
|    reward             | 980.4421  |
|    std                | 0.196     |
|    value_loss         | 9.53e+06  |
-------------------------------------
EPISODE:  128
-------------------------------------
| time/                 |           |
|    fps                | 15        |
|    iterations         | 25400     |
|    time_elapsed       | 8192      |
|    total_timesteps    | 127000    |
| train/                |           |
|    entropy_loss       | 0.781     |
|    explained_variance | -1.19e-07 |
|    learning_rate      | 0.0007    |
|    n_updates          | 25399     |
|    policy_loss        | -2.56e+03 |
|    reward             | 968.00336 |
|    std                | 0.196     |
|    value_loss         | 9.74e+06  |
-------------------------------------
------------------------------------
| time/                 |          |
|    fps                | 15       |
|    iterations         | 25500    |
|    time_elapsed       | 8225     |
|    total_timesteps    | 127500   |
| train/                |          |
|    entropy_loss       | 0.808    |
|    explained_variance | 1.19e-07 |
|    learning_rate      | 0.0007   |
|    n_updates          | 25499    |
|    policy_loss        | 1.01e+03 |
|    reward             | 980.4421 |
|    std                | 0.193    |
|    value_loss         | 9.53e+06 |
------------------------------------
EPISODE:  129
-------------------------------------
| time/                 |           |
|    fps                | 15        |
|    iterations         | 25600     |
|    time_elapsed       | 8258      |
|    total_timesteps    | 128000    |
| train/                |           |
|    entropy_loss       | 0.835     |
|    explained_variance | 1.19e-07  |
|    learning_rate      | 0.0007    |
|    n_updates          | 25599     |
|    policy_loss        | 186       |
|    reward             | 968.00336 |
|    std                | 0.191     |
|    value_loss         | 9.73e+06  |
-------------------------------------
-------------------------------------
| time/                 |           |
|    fps                | 15        |
|    iterations         | 25700     |
|    time_elapsed       | 8291      |
|    total_timesteps    | 128500    |
| train/                |           |
|    entropy_loss       | 0.834     |
|    explained_variance | 0         |
|    learning_rate      | 0.0007    |
|    n_updates          | 25699     |
|    policy_loss        | -2.14e+03 |
|    reward             | 980.4421  |
|    std                | 0.191     |
|    value_loss         | 9.53e+06  |
-------------------------------------
EPISODE:  130
-------------------------------------
| time/                 |           |
|    fps                | 15        |
|    iterations         | 25800     |
|    time_elapsed       | 8325      |
|    total_timesteps    | 129000    |
| train/                |           |
|    entropy_loss       | 0.857     |
|    explained_variance | -1.19e-07 |
|    learning_rate      | 0.0007    |
|    n_updates          | 25799     |
|    policy_loss        | -1.68e+03 |
|    reward             | 968.00336 |
|    std                | 0.189     |
|    value_loss         | 9.73e+06  |
-------------------------------------
-------------------------------------
| time/                 |           |
|    fps                | 15        |
|    iterations         | 25900     |
|    time_elapsed       | 8358      |
|    total_timesteps    | 129500    |
| train/                |           |
|    entropy_loss       | 0.873     |
|    explained_variance | 0         |
|    learning_rate      | 0.0007    |
|    n_updates          | 25899     |
|    policy_loss        | -1.08e+03 |
|    reward             | 980.4421  |
|    std                | 0.188     |
|    value_loss         | 9.53e+06  |
-------------------------------------
EPISODE:  131
-------------------------------------
| time/                 |           |
|    fps                | 15        |
|    iterations         | 26000     |
|    time_elapsed       | 8391      |
|    total_timesteps    | 130000    |
| train/                |           |
|    entropy_loss       | 0.891     |
|    explained_variance | 0         |
|    learning_rate      | 0.0007    |
|    n_updates          | 25999     |
|    policy_loss        | -199      |
|    reward             | 968.00336 |
|    std                | 0.188     |
|    value_loss         | 9.73e+06  |
-------------------------------------
-------------------------------------
| time/                 |           |
|    fps                | 15        |
|    iterations         | 26100     |
|    time_elapsed       | 8424      |
|    total_timesteps    | 130500    |
| train/                |           |
|    entropy_loss       | 0.915     |
|    explained_variance | -1.19e-07 |
|    learning_rate      | 0.0007    |
|    n_updates          | 26099     |
|    policy_loss        | -4.34e+03 |
|    reward             | 980.4421  |
|    std                | 0.186     |
|    value_loss         | 9.53e+06  |
-------------------------------------
EPISODE:  132
-------------------------------------
| time/                 |           |
|    fps                | 15        |
|    iterations         | 26200     |
|    time_elapsed       | 8457      |
|    total_timesteps    | 131000    |
| train/                |           |
|    entropy_loss       | 0.937     |
|    explained_variance | 1.19e-07  |
|    learning_rate      | 0.0007    |
|    n_updates          | 26199     |
|    policy_loss        | -3.49e+03 |
|    reward             | 968.00336 |
|    std                | 0.184     |
|    value_loss         | 9.73e+06  |
-------------------------------------
-------------------------------------
| time/                 |           |
|    fps                | 15        |
|    iterations         | 26300     |
|    time_elapsed       | 8490      |
|    total_timesteps    | 131500    |
| train/                |           |
|    entropy_loss       | 0.961     |
|    explained_variance | 0         |
|    learning_rate      | 0.0007    |
|    n_updates          | 26299     |
|    policy_loss        | -4.34e+03 |
|    reward             | 980.4421  |
|    std                | 0.183     |
|    value_loss         | 9.52e+06  |
-------------------------------------
EPISODE:  133
-------------------------------------
| time/                 |           |
|    fps                | 15        |
|    iterations         | 26400     |
|    time_elapsed       | 8523      |
|    total_timesteps    | 132000    |
| train/                |           |
|    entropy_loss       | 0.984     |
|    explained_variance | -2.38e-07 |
|    learning_rate      | 0.0007    |
|    n_updates          | 26399     |
|    policy_loss        | -3.38e+03 |
|    reward             | 968.00336 |
|    std                | 0.181     |
|    value_loss         | 9.73e+06  |
-------------------------------------
-------------------------------------
| time/                 |           |
|    fps                | 15        |
|    iterations         | 26500     |
|    time_elapsed       | 8556      |
|    total_timesteps    | 132500    |
| train/                |           |
|    entropy_loss       | 1.01      |
|    explained_variance | 5.96e-08  |
|    learning_rate      | 0.0007    |
|    n_updates          | 26499     |
|    policy_loss        | -3.16e+03 |
|    reward             | 980.4421  |
|    std                | 0.18      |
|    value_loss         | 9.52e+06  |
-------------------------------------
EPISODE:  134
-------------------------------------
| time/                 |           |
|    fps                | 15        |
|    iterations         | 26600     |
|    time_elapsed       | 8589      |
|    total_timesteps    | 133000    |
| train/                |           |
|    entropy_loss       | 1.04      |
|    explained_variance | -1.19e-07 |
|    learning_rate      | 0.0007    |
|    n_updates          | 26599     |
|    policy_loss        | -4.06e+03 |
|    reward             | 968.00336 |
|    std                | 0.177     |
|    value_loss         | 9.73e+06  |
-------------------------------------
-------------------------------------
| time/                 |           |
|    fps                | 15        |
|    iterations         | 26700     |
|    time_elapsed       | 8623      |
|    total_timesteps    | 133500    |
| train/                |           |
|    entropy_loss       | 1.06      |
|    explained_variance | -1.19e-07 |
|    learning_rate      | 0.0007    |
|    n_updates          | 26699     |
|    policy_loss        | -3.48e+03 |
|    reward             | 980.4421  |
|    std                | 0.176     |
|    value_loss         | 9.52e+06  |
-------------------------------------
EPISODE:  135
-------------------------------------
| time/                 |           |
|    fps                | 15        |
|    iterations         | 26800     |
|    time_elapsed       | 8656      |
|    total_timesteps    | 134000    |
| train/                |           |
|    entropy_loss       | 1.1       |
|    explained_variance | 0         |
|    learning_rate      | 0.0007    |
|    n_updates          | 26799     |
|    policy_loss        | -4.51e+03 |
|    reward             | 968.00336 |
|    std                | 0.173     |
|    value_loss         | 9.72e+06  |
-------------------------------------
-------------------------------------
| time/                 |           |
|    fps                | 15        |
|    iterations         | 26900     |
|    time_elapsed       | 8689      |
|    total_timesteps    | 134500    |
| train/                |           |
|    entropy_loss       | 1.11      |
|    explained_variance | 0         |
|    learning_rate      | 0.0007    |
|    n_updates          | 26899     |
|    policy_loss        | -3.79e+03 |
|    reward             | 980.4421  |
|    std                | 0.172     |
|    value_loss         | 9.52e+06  |
-------------------------------------
EPISODE:  136
-------------------------------------
| time/                 |           |
|    fps                | 15        |
|    iterations         | 27000     |
|    time_elapsed       | 8722      |
|    total_timesteps    | 135000    |
| train/                |           |
|    entropy_loss       | 1.13      |
|    explained_variance | -1.19e-07 |
|    learning_rate      | 0.0007    |
|    n_updates          | 26999     |
|    policy_loss        | -4.47e+03 |
|    reward             | 968.00336 |
|    std                | 0.171     |
|    value_loss         | 9.72e+06  |
-------------------------------------
-------------------------------------
| time/                 |           |
|    fps                | 15        |
|    iterations         | 27100     |
|    time_elapsed       | 8755      |
|    total_timesteps    | 135500    |
| train/                |           |
|    entropy_loss       | 1.16      |
|    explained_variance | -1.19e-07 |
|    learning_rate      | 0.0007    |
|    n_updates          | 27099     |
|    policy_loss        | -1.81     |
|    reward             | 980.4421  |
|    std                | 0.168     |
|    value_loss         | 9.52e+06  |
-------------------------------------
EPISODE:  137
-------------------------------------
| time/                 |           |
|    fps                | 15        |
|    iterations         | 27200     |
|    time_elapsed       | 8788      |
|    total_timesteps    | 136000    |
| train/                |           |
|    entropy_loss       | 1.17      |
|    explained_variance | 0         |
|    learning_rate      | 0.0007    |
|    n_updates          | 27199     |
|    policy_loss        | -3.08e+03 |
|    reward             | 968.00336 |
|    std                | 0.167     |
|    value_loss         | 9.72e+06  |
-------------------------------------
-------------------------------------
| time/                 |           |
|    fps                | 15        |
|    iterations         | 27300     |
|    time_elapsed       | 8821      |
|    total_timesteps    | 136500    |
| train/                |           |
|    entropy_loss       | 1.21      |
|    explained_variance | -1.19e-07 |
|    learning_rate      | 0.0007    |
|    n_updates          | 27299     |
|    policy_loss        | -3.33e+03 |
|    reward             | 980.4421  |
|    std                | 0.165     |
|    value_loss         | 9.52e+06  |
-------------------------------------
EPISODE:  138
-------------------------------------
| time/                 |           |
|    fps                | 15        |
|    iterations         | 27400     |
|    time_elapsed       | 8854      |
|    total_timesteps    | 137000    |
| train/                |           |
|    entropy_loss       | 1.22      |
|    explained_variance | 0         |
|    learning_rate      | 0.0007    |
|    n_updates          | 27399     |
|    policy_loss        | -4.83e+03 |
|    reward             | 968.00336 |
|    std                | 0.164     |
|    value_loss         | 9.72e+06  |
-------------------------------------
-------------------------------------
| time/                 |           |
|    fps                | 15        |
|    iterations         | 27500     |
|    time_elapsed       | 8887      |
|    total_timesteps    | 137500    |
| train/                |           |
|    entropy_loss       | 1.24      |
|    explained_variance | 0         |
|    learning_rate      | 0.0007    |
|    n_updates          | 27499     |
|    policy_loss        | -3.69e+03 |
|    reward             | 980.4421  |
|    std                | 0.163     |
|    value_loss         | 9.52e+06  |
-------------------------------------
EPISODE:  139
-------------------------------------
| time/                 |           |
|    fps                | 15        |
|    iterations         | 27600     |
|    time_elapsed       | 8920      |
|    total_timesteps    | 138000    |
| train/                |           |
|    entropy_loss       | 1.26      |
|    explained_variance | 0         |
|    learning_rate      | 0.0007    |
|    n_updates          | 27599     |
|    policy_loss        | -3e+03    |
|    reward             | 968.00336 |
|    std                | 0.162     |
|    value_loss         | 9.72e+06  |
-------------------------------------
-------------------------------------
| time/                 |           |
|    fps                | 15        |
|    iterations         | 27700     |
|    time_elapsed       | 8953      |
|    total_timesteps    | 138500    |
| train/                |           |
|    entropy_loss       | 1.28      |
|    explained_variance | -1.19e-07 |
|    learning_rate      | 0.0007    |
|    n_updates          | 27699     |
|    policy_loss        | -4.71e+03 |
|    reward             | 980.4421  |
|    std                | 0.161     |
|    value_loss         | 9.51e+06  |
-------------------------------------
EPISODE:  140
-------------------------------------
| time/                 |           |
|    fps                | 15        |
|    iterations         | 27800     |
|    time_elapsed       | 8986      |
|    total_timesteps    | 139000    |
| train/                |           |
|    entropy_loss       | 1.31      |
|    explained_variance | 0         |
|    learning_rate      | 0.0007    |
|    n_updates          | 27799     |
|    policy_loss        | -5.13e+03 |
|    reward             | 968.00336 |
|    std                | 0.159     |
|    value_loss         | 9.72e+06  |
-------------------------------------
-------------------------------------
| time/                 |           |
|    fps                | 15        |
|    iterations         | 27900     |
|    time_elapsed       | 9019      |
|    total_timesteps    | 139500    |
| train/                |           |
|    entropy_loss       | 1.34      |
|    explained_variance | -1.19e-07 |
|    learning_rate      | 0.0007    |
|    n_updates          | 27899     |
|    policy_loss        | -4.35e+03 |
|    reward             | 980.4421  |
|    std                | 0.158     |
|    value_loss         | 9.51e+06  |
-------------------------------------
EPISODE:  141
-------------------------------------
| time/                 |           |
|    fps                | 15        |
|    iterations         | 28000     |
|    time_elapsed       | 9052      |
|    total_timesteps    | 140000    |
| train/                |           |
|    entropy_loss       | 1.35      |
|    explained_variance | 0         |
|    learning_rate      | 0.0007    |
|    n_updates          | 27999     |
|    policy_loss        | -239      |
|    reward             | 968.00336 |
|    std                | 0.158     |
|    value_loss         | 9.72e+06  |
-------------------------------------
-------------------------------------
| time/                 |           |
|    fps                | 15        |
|    iterations         | 28100     |
|    time_elapsed       | 9085      |
|    total_timesteps    | 140500    |
| train/                |           |
|    entropy_loss       | 1.37      |
|    explained_variance | 1.19e-07  |
|    learning_rate      | 0.0007    |
|    n_updates          | 28099     |
|    policy_loss        | -4.27e+03 |
|    reward             | 980.4421  |
|    std                | 0.157     |
|    value_loss         | 9.51e+06  |
-------------------------------------
EPISODE:  142
-------------------------------------
| time/                 |           |
|    fps                | 15        |
|    iterations         | 28200     |
|    time_elapsed       | 9118      |
|    total_timesteps    | 141000    |
| train/                |           |
|    entropy_loss       | 1.4       |
|    explained_variance | 0         |
|    learning_rate      | 0.0007    |
|    n_updates          | 28199     |
|    policy_loss        | -4.25e+03 |
|    reward             | 968.00336 |
|    std                | 0.155     |
|    value_loss         | 9.71e+06  |
-------------------------------------
-------------------------------------
| time/                 |           |
|    fps                | 15        |
|    iterations         | 28300     |
|    time_elapsed       | 9151      |
|    total_timesteps    | 141500    |
| train/                |           |
|    entropy_loss       | 1.41      |
|    explained_variance | 0         |
|    learning_rate      | 0.0007    |
|    n_updates          | 28299     |
|    policy_loss        | -4.31e+03 |
|    reward             | 980.4421  |
|    std                | 0.154     |
|    value_loss         | 9.51e+06  |
-------------------------------------
EPISODE:  143
-------------------------------------
| time/                 |           |
|    fps                | 15        |
|    iterations         | 28400     |
|    time_elapsed       | 9184      |
|    total_timesteps    | 142000    |
| train/                |           |
|    entropy_loss       | 1.43      |
|    explained_variance | -1.19e-07 |
|    learning_rate      | 0.0007    |
|    n_updates          | 28399     |
|    policy_loss        | -3.44e+03 |
|    reward             | 968.00336 |
|    std                | 0.153     |
|    value_loss         | 9.71e+06  |
-------------------------------------
-------------------------------------
| time/                 |           |
|    fps                | 15        |
|    iterations         | 28500     |
|    time_elapsed       | 9217      |
|    total_timesteps    | 142500    |
| train/                |           |
|    entropy_loss       | 1.44      |
|    explained_variance | 0         |
|    learning_rate      | 0.0007    |
|    n_updates          | 28499     |
|    policy_loss        | -4.58e+03 |
|    reward             | 980.4421  |
|    std                | 0.152     |
|    value_loss         | 9.51e+06  |
-------------------------------------
EPISODE:  144
-------------------------------------
| time/                 |           |
|    fps                | 15        |
|    iterations         | 28600     |
|    time_elapsed       | 9251      |
|    total_timesteps    | 143000    |
| train/                |           |
|    entropy_loss       | 1.46      |
|    explained_variance | 0         |
|    learning_rate      | 0.0007    |
|    n_updates          | 28599     |
|    policy_loss        | -5.13e+03 |
|    reward             | 968.00336 |
|    std                | 0.151     |
|    value_loss         | 9.71e+06  |
-------------------------------------
-------------------------------------
| time/                 |           |
|    fps                | 15        |
|    iterations         | 28700     |
|    time_elapsed       | 9284      |
|    total_timesteps    | 143500    |
| train/                |           |
|    entropy_loss       | 1.49      |
|    explained_variance | 5.96e-08  |
|    learning_rate      | 0.0007    |
|    n_updates          | 28699     |
|    policy_loss        | -5.09e+03 |
|    reward             | 980.4421  |
|    std                | 0.149     |
|    value_loss         | 9.51e+06  |
-------------------------------------
EPISODE:  145
-------------------------------------
| time/                 |           |
|    fps                | 15        |
|    iterations         | 28800     |
|    time_elapsed       | 9317      |
|    total_timesteps    | 144000    |
| train/                |           |
|    entropy_loss       | 1.51      |
|    explained_variance | 0         |
|    learning_rate      | 0.0007    |
|    n_updates          | 28799     |
|    policy_loss        | -5.41e+03 |
|    reward             | 968.00336 |
|    std                | 0.147     |
|    value_loss         | 9.71e+06  |
-------------------------------------
-------------------------------------
| time/                 |           |
|    fps                | 15        |
|    iterations         | 28900     |
|    time_elapsed       | 9351      |
|    total_timesteps    | 144500    |
| train/                |           |
|    entropy_loss       | 1.53      |
|    explained_variance | 0         |
|    learning_rate      | 0.0007    |
|    n_updates          | 28899     |
|    policy_loss        | -5.01e+03 |
|    reward             | 980.4421  |
|    std                | 0.146     |
|    value_loss         | 9.51e+06  |
-------------------------------------
EPISODE:  146
-------------------------------------
| time/                 |           |
|    fps                | 15        |
|    iterations         | 29000     |
|    time_elapsed       | 9384      |
|    total_timesteps    | 145000    |
| train/                |           |
|    entropy_loss       | 1.55      |
|    explained_variance | 0         |
|    learning_rate      | 0.0007    |
|    n_updates          | 28999     |
|    policy_loss        | -5.65e+03 |
|    reward             | 968.00336 |
|    std                | 0.145     |
|    value_loss         | 9.71e+06  |
-------------------------------------
-------------------------------------
| time/                 |           |
|    fps                | 15        |
|    iterations         | 29100     |
|    time_elapsed       | 9417      |
|    total_timesteps    | 145500    |
| train/                |           |
|    entropy_loss       | 1.57      |
|    explained_variance | -1.19e-07 |
|    learning_rate      | 0.0007    |
|    n_updates          | 29099     |
|    policy_loss        | -5.68e+03 |
|    reward             | 980.4421  |
|    std                | 0.143     |
|    value_loss         | 9.5e+06   |
-------------------------------------
EPISODE:  147
-------------------------------------
| time/                 |           |
|    fps                | 15        |
|    iterations         | 29200     |
|    time_elapsed       | 9450      |
|    total_timesteps    | 146000    |
| train/                |           |
|    entropy_loss       | 1.6       |
|    explained_variance | -1.19e-07 |
|    learning_rate      | 0.0007    |
|    n_updates          | 29199     |
|    policy_loss        | -5.78e+03 |
|    reward             | 968.00336 |
|    std                | 0.142     |
|    value_loss         | 9.71e+06  |
-------------------------------------
-------------------------------------
| time/                 |           |
|    fps                | 15        |
|    iterations         | 29300     |
|    time_elapsed       | 9483      |
|    total_timesteps    | 146500    |
| train/                |           |
|    entropy_loss       | 1.61      |
|    explained_variance | -1.19e-07 |
|    learning_rate      | 0.0007    |
|    n_updates          | 29299     |
|    policy_loss        | -3.79e+03 |
|    reward             | 980.4421  |
|    std                | 0.141     |
|    value_loss         | 9.5e+06   |
-------------------------------------
EPISODE:  148
-------------------------------------
| time/                 |           |
|    fps                | 15        |
|    iterations         | 29400     |
|    time_elapsed       | 9516      |
|    total_timesteps    | 147000    |
| train/                |           |
|    entropy_loss       | 1.63      |
|    explained_variance | 0         |
|    learning_rate      | 0.0007    |
|    n_updates          | 29399     |
|    policy_loss        | -6.03e+03 |
|    reward             | 968.00336 |
|    std                | 0.14      |
|    value_loss         | 9.71e+06  |
-------------------------------------
-------------------------------------
| time/                 |           |
|    fps                | 15        |
|    iterations         | 29500     |
|    time_elapsed       | 9549      |
|    total_timesteps    | 147500    |
| train/                |           |
|    entropy_loss       | 1.64      |
|    explained_variance | 0         |
|    learning_rate      | 0.0007    |
|    n_updates          | 29499     |
|    policy_loss        | -3.82e+03 |
|    reward             | 980.4421  |
|    std                | 0.14      |
|    value_loss         | 9.5e+06   |
-------------------------------------
EPISODE:  149
-------------------------------------
| time/                 |           |
|    fps                | 15        |
|    iterations         | 29600     |
|    time_elapsed       | 9582      |
|    total_timesteps    | 148000    |
| train/                |           |
|    entropy_loss       | 1.67      |
|    explained_variance | 0         |
|    learning_rate      | 0.0007    |
|    n_updates          | 29599     |
|    policy_loss        | -5.42e+03 |
|    reward             | 968.00336 |
|    std                | 0.139     |
|    value_loss         | 9.7e+06   |
-------------------------------------
-------------------------------------
| time/                 |           |
|    fps                | 15        |
|    iterations         | 29700     |
|    time_elapsed       | 9615      |
|    total_timesteps    | 148500    |
| train/                |           |
|    entropy_loss       | 1.68      |
|    explained_variance | 0         |
|    learning_rate      | 0.0007    |
|    n_updates          | 29699     |
|    policy_loss        | -5.26e+03 |
|    reward             | 980.4421  |
|    std                | 0.139     |
|    value_loss         | 9.5e+06   |
-------------------------------------
EPISODE:  150
-------------------------------------
| time/                 |           |
|    fps                | 15        |
|    iterations         | 29800     |
|    time_elapsed       | 9648      |
|    total_timesteps    | 149000    |
| train/                |           |
|    entropy_loss       | 1.72      |
|    explained_variance | 1.19e-07  |
|    learning_rate      | 0.0007    |
|    n_updates          | 29799     |
|    policy_loss        | -5.36e+03 |
|    reward             | 968.00336 |
|    std                | 0.137     |
|    value_loss         | 9.7e+06   |
-------------------------------------
-------------------------------------
| time/                 |           |
|    fps                | 15        |
|    iterations         | 29900     |
|    time_elapsed       | 9681      |
|    total_timesteps    | 149500    |
| train/                |           |
|    entropy_loss       | 1.73      |
|    explained_variance | 0         |
|    learning_rate      | 0.0007    |
|    n_updates          | 29899     |
|    policy_loss        | -7.16e+03 |
|    reward             | 980.4421  |
|    std                | 0.137     |
|    value_loss         | 9.5e+06   |
-------------------------------------
EPISODE:  151
-------------------------------------
| time/                 |           |
|    fps                | 15        |
|    iterations         | 30000     |
|    time_elapsed       | 9714      |
|    total_timesteps    | 150000    |
| train/                |           |
|    entropy_loss       | 1.75      |
|    explained_variance | 0         |
|    learning_rate      | 0.0007    |
|    n_updates          | 29999     |
|    policy_loss        | -5.11e+03 |
|    reward             | 968.00336 |
|    std                | 0.137     |
|    value_loss         | 9.7e+06   |
-------------------------------------
-------------------------------------
| time/                 |           |
|    fps                | 15        |
|    iterations         | 30100     |
|    time_elapsed       | 9747      |
|    total_timesteps    | 150500    |
| train/                |           |
|    entropy_loss       | 1.76      |
|    explained_variance | 0         |
|    learning_rate      | 0.0007    |
|    n_updates          | 30099     |
|    policy_loss        | -5.99e+03 |
|    reward             | 980.4421  |
|    std                | 0.136     |
|    value_loss         | 9.5e+06   |
-------------------------------------
EPISODE:  152
-------------------------------------
| time/                 |           |
|    fps                | 15        |
|    iterations         | 30200     |
|    time_elapsed       | 9780      |
|    total_timesteps    | 151000    |
| train/                |           |
|    entropy_loss       | 1.78      |
|    explained_variance | 0         |
|    learning_rate      | 0.0007    |
|    n_updates          | 30199     |
|    policy_loss        | -5.9e+03  |
|    reward             | 968.00336 |
|    std                | 0.134     |
|    value_loss         | 9.7e+06   |
-------------------------------------
-------------------------------------
| time/                 |           |
|    fps                | 15        |
|    iterations         | 30300     |
|    time_elapsed       | 9813      |
|    total_timesteps    | 151500    |
| train/                |           |
|    entropy_loss       | 1.8       |
|    explained_variance | 0         |
|    learning_rate      | 0.0007    |
|    n_updates          | 30299     |
|    policy_loss        | -6.47e+03 |
|    reward             | 980.4421  |
|    std                | 0.134     |
|    value_loss         | 9.5e+06   |
-------------------------------------
EPISODE:  153
-------------------------------------
| time/                 |           |
|    fps                | 15        |
|    iterations         | 30400     |
|    time_elapsed       | 9846      |
|    total_timesteps    | 152000    |
| train/                |           |
|    entropy_loss       | 1.81      |
|    explained_variance | -1.19e-07 |
|    learning_rate      | 0.0007    |
|    n_updates          | 30399     |
|    policy_loss        | -5.76e+03 |
|    reward             | 968.00336 |
|    std                | 0.133     |
|    value_loss         | 9.7e+06   |
-------------------------------------
-------------------------------------
| time/                 |           |
|    fps                | 15        |
|    iterations         | 30500     |
|    time_elapsed       | 9879      |
|    total_timesteps    | 152500    |
| train/                |           |
|    entropy_loss       | 1.84      |
|    explained_variance | 0         |
|    learning_rate      | 0.0007    |
|    n_updates          | 30499     |
|    policy_loss        | -2.58e+03 |
|    reward             | 980.4421  |
|    std                | 0.131     |
|    value_loss         | 9.49e+06  |
-------------------------------------
EPISODE:  154
-------------------------------------
| time/                 |           |
|    fps                | 15        |
|    iterations         | 30600     |
|    time_elapsed       | 9912      |
|    total_timesteps    | 153000    |
| train/                |           |
|    entropy_loss       | 1.85      |
|    explained_variance | 0         |
|    learning_rate      | 0.0007    |
|    n_updates          | 30599     |
|    policy_loss        | -5.66e+03 |
|    reward             | 968.00336 |
|    std                | 0.131     |
|    value_loss         | 9.7e+06   |
-------------------------------------
-------------------------------------
| time/                 |           |
|    fps                | 15        |
|    iterations         | 30700     |
|    time_elapsed       | 9945      |
|    total_timesteps    | 153500    |
| train/                |           |
|    entropy_loss       | 1.86      |
|    explained_variance | 5.96e-08  |
|    learning_rate      | 0.0007    |
|    n_updates          | 30699     |
|    policy_loss        | -5.72e+03 |
|    reward             | 980.4421  |
|    std                | 0.13      |
|    value_loss         | 9.49e+06  |
-------------------------------------
EPISODE:  155
-------------------------------------
| time/                 |           |
|    fps                | 15        |
|    iterations         | 30800     |
|    time_elapsed       | 9979      |
|    total_timesteps    | 154000    |
| train/                |           |
|    entropy_loss       | 1.88      |
|    explained_variance | 0         |
|    learning_rate      | 0.0007    |
|    n_updates          | 30799     |
|    policy_loss        | -3.67e+03 |
|    reward             | 968.00336 |
|    std                | 0.13      |
|    value_loss         | 9.7e+06   |
-------------------------------------
-------------------------------------
| time/                 |           |
|    fps                | 15        |
|    iterations         | 30900     |
|    time_elapsed       | 10012     |
|    total_timesteps    | 154500    |
| train/                |           |
|    entropy_loss       | 1.88      |
|    explained_variance | -1.19e-07 |
|    learning_rate      | 0.0007    |
|    n_updates          | 30899     |
|    policy_loss        | -4.4e+03  |
|    reward             | 980.4421  |
|    std                | 0.13      |
|    value_loss         | 9.49e+06  |
-------------------------------------
EPISODE:  156
-------------------------------------
| time/                 |           |
|    fps                | 15        |
|    iterations         | 31000     |
|    time_elapsed       | 10045     |
|    total_timesteps    | 155000    |
| train/                |           |
|    entropy_loss       | 1.9       |
|    explained_variance | 0         |
|    learning_rate      | 0.0007    |
|    n_updates          | 30999     |
|    policy_loss        | -6.94e+03 |
|    reward             | 968.00336 |
|    std                | 0.129     |
|    value_loss         | 9.7e+06   |
-------------------------------------
-------------------------------------
| time/                 |           |
|    fps                | 15        |
|    iterations         | 31100     |
|    time_elapsed       | 10078     |
|    total_timesteps    | 155500    |
| train/                |           |
|    entropy_loss       | 1.93      |
|    explained_variance | 0         |
|    learning_rate      | 0.0007    |
|    n_updates          | 31099     |
|    policy_loss        | -6.29e+03 |
|    reward             | 980.4421  |
|    std                | 0.127     |
|    value_loss         | 9.49e+06  |
-------------------------------------
EPISODE:  157
-------------------------------------
| time/                 |           |
|    fps                | 15        |
|    iterations         | 31200     |
|    time_elapsed       | 10111     |
|    total_timesteps    | 156000    |
| train/                |           |
|    entropy_loss       | 1.94      |
|    explained_variance | 0         |
|    learning_rate      | 0.0007    |
|    n_updates          | 31199     |
|    policy_loss        | -5.55e+03 |
|    reward             | 968.44995 |
|    std                | 0.127     |
|    value_loss         | 9.7e+06   |
-------------------------------------
-------------------------------------
| time/                 |           |
|    fps                | 15        |
|    iterations         | 31300     |
|    time_elapsed       | 10144     |
|    total_timesteps    | 156500    |
| train/                |           |
|    entropy_loss       | 1.95      |
|    explained_variance | -1.19e-07 |
|    learning_rate      | 0.0007    |
|    n_updates          | 31299     |
|    policy_loss        | -5.48e+03 |
|    reward             | 986.56964 |
|    std                | 0.127     |
|    value_loss         | 9.64e+06  |
-------------------------------------
EPISODE:  158
-------------------------------------
| time/                 |           |
|    fps                | 15        |
|    iterations         | 31400     |
|    time_elapsed       | 10178     |
|    total_timesteps    | 157000    |
| train/                |           |
|    entropy_loss       | 1.98      |
|    explained_variance | 0         |
|    learning_rate      | 0.0007    |
|    n_updates          | 31399     |
|    policy_loss        | -6.1e+03  |
|    reward             | 993.88824 |
|    std                | 0.126     |
|    value_loss         | 1.02e+07  |
-------------------------------------
-------------------------------------
| time/                 |           |
|    fps                | 15        |
|    iterations         | 31500     |
|    time_elapsed       | 10211     |
|    total_timesteps    | 157500    |
| train/                |           |
|    entropy_loss       | 2.01      |
|    explained_variance | -1.19e-07 |
|    learning_rate      | 0.0007    |
|    n_updates          | 31499     |
|    policy_loss        | -5.25e+03 |
|    reward             | 984.9451  |
|    std                | 0.125     |
|    value_loss         | 9.79e+06  |
-------------------------------------
EPISODE:  159
-------------------------------------
| time/                 |           |
|    fps                | 15        |
|    iterations         | 31600     |
|    time_elapsed       | 10244     |
|    total_timesteps    | 158000    |
| train/                |           |
|    entropy_loss       | 2.03      |
|    explained_variance | -1.19e-07 |
|    learning_rate      | 0.0007    |
|    n_updates          | 31599     |
|    policy_loss        | -5.94e+03 |
|    reward             | 977.36865 |
|    std                | 0.123     |
|    value_loss         | 9.89e+06  |
-------------------------------------
-------------------------------------
| time/                 |           |
|    fps                | 15        |
|    iterations         | 31700     |
|    time_elapsed       | 10277     |
|    total_timesteps    | 158500    |
| train/                |           |
|    entropy_loss       | 2.05      |
|    explained_variance | 0         |
|    learning_rate      | 0.0007    |
|    n_updates          | 31699     |
|    policy_loss        | -7.42e+03 |
|    reward             | 986.02405 |
|    std                | 0.122     |
|    value_loss         | 9.82e+06  |
-------------------------------------
EPISODE:  160
------------------------------------
| time/                 |          |
|    fps                | 15       |
|    iterations         | 31800    |
|    time_elapsed       | 10310    |
|    total_timesteps    | 159000   |
| train/                |          |
|    entropy_loss       | 2.1      |
|    explained_variance | 0        |
|    learning_rate      | 0.0007   |
|    n_updates          | 31799    |
|    policy_loss        | -4.8e+03 |
|    reward             | 986.6751 |
|    std                | 0.12     |
|    value_loss         | 1.01e+07 |
------------------------------------
-------------------------------------
| time/                 |           |
|    fps                | 15        |
|    iterations         | 31900     |
|    time_elapsed       | 10343     |
|    total_timesteps    | 159500    |
| train/                |           |
|    entropy_loss       | 2.13      |
|    explained_variance | 0         |
|    learning_rate      | 0.0007    |
|    n_updates          | 31899     |
|    policy_loss        | -3.86e+03 |
|    reward             | 983.9628  |
|    std                | 0.119     |
|    value_loss         | 9.72e+06  |
-------------------------------------
EPISODE:  161
-------------------------------------
| time/                 |           |
|    fps                | 15        |
|    iterations         | 32000     |
|    time_elapsed       | 10377     |
|    total_timesteps    | 160000    |
| train/                |           |
|    entropy_loss       | 2.14      |
|    explained_variance | 0         |
|    learning_rate      | 0.0007    |
|    n_updates          | 31999     |
|    policy_loss        | -2.48e+03 |
|    reward             | 977.5396  |
|    std                | 0.118     |
|    value_loss         | 9.89e+06  |
-------------------------------------
-------------------------------------
| time/                 |           |
|    fps                | 15        |
|    iterations         | 32100     |
|    time_elapsed       | 10410     |
|    total_timesteps    | 160500    |
| train/                |           |
|    entropy_loss       | 2.16      |
|    explained_variance | 5.96e-08  |
|    learning_rate      | 0.0007    |
|    n_updates          | 32099     |
|    policy_loss        | -6.71e+03 |
|    reward             | 990.1311  |
|    std                | 0.118     |
|    value_loss         | 9.9e+06   |
-------------------------------------
EPISODE:  162
-------------------------------------
| time/                 |           |
|    fps                | 15        |
|    iterations         | 32200     |
|    time_elapsed       | 10443     |
|    total_timesteps    | 161000    |
| train/                |           |
|    entropy_loss       | 2.19      |
|    explained_variance | -1.19e-07 |
|    learning_rate      | 0.0007    |
|    n_updates          | 32199     |
|    policy_loss        | -5.5e+03  |
|    reward             | 980.7544  |
|    std                | 0.116     |
|    value_loss         | 9.96e+06  |
-------------------------------------
-------------------------------------
| time/                 |           |
|    fps                | 15        |
|    iterations         | 32300     |
|    time_elapsed       | 10476     |
|    total_timesteps    | 161500    |
| train/                |           |
|    entropy_loss       | 2.21      |
|    explained_variance | 0         |
|    learning_rate      | 0.0007    |
|    n_updates          | 32299     |
|    policy_loss        | -6.36e+03 |
|    reward             | 978.2179  |
|    std                | 0.115     |
|    value_loss         | 9.53e+06  |
-------------------------------------
EPISODE:  163
-------------------------------------
| time/                 |           |
|    fps                | 15        |
|    iterations         | 32400     |
|    time_elapsed       | 10509     |
|    total_timesteps    | 162000    |
| train/                |           |
|    entropy_loss       | 2.22      |
|    explained_variance | 0         |
|    learning_rate      | 0.0007    |
|    n_updates          | 32399     |
|    policy_loss        | -3.55e+03 |
|    reward             | 963.576   |
|    std                | 0.115     |
|    value_loss         | 9.61e+06  |
-------------------------------------
-------------------------------------
| time/                 |           |
|    fps                | 15        |
|    iterations         | 32500     |
|    time_elapsed       | 10542     |
|    total_timesteps    | 162500    |
| train/                |           |
|    entropy_loss       | 2.24      |
|    explained_variance | 5.96e-08  |
|    learning_rate      | 0.0007    |
|    n_updates          | 32499     |
|    policy_loss        | -5.86e+03 |
|    reward             | 969.8997  |
|    std                | 0.114     |
|    value_loss         | 9.28e+06  |
-------------------------------------
EPISODE:  164
-------------------------------------
| time/                 |           |
|    fps                | 15        |
|    iterations         | 32600     |
|    time_elapsed       | 10575     |
|    total_timesteps    | 163000    |
| train/                |           |
|    entropy_loss       | 2.26      |
|    explained_variance | 0         |
|    learning_rate      | 0.0007    |
|    n_updates          | 32599     |
|    policy_loss        | -6.29e+03 |
|    reward             | 958.2733  |
|    std                | 0.113     |
|    value_loss         | 9.49e+06  |
-------------------------------------
-------------------------------------
| time/                 |           |
|    fps                | 15        |
|    iterations         | 32700     |
|    time_elapsed       | 10608     |
|    total_timesteps    | 163500    |
| train/                |           |
|    entropy_loss       | 2.29      |
|    explained_variance | 0         |
|    learning_rate      | 0.0007    |
|    n_updates          | 32699     |
|    policy_loss        | -6.87e+03 |
|    reward             | 980.4392  |
|    std                | 0.111     |
|    value_loss         | 9.48e+06  |
-------------------------------------
EPISODE:  165
-------------------------------------
| time/                 |           |
|    fps                | 15        |
|    iterations         | 32800     |
|    time_elapsed       | 10641     |
|    total_timesteps    | 164000    |
| train/                |           |
|    entropy_loss       | 2.31      |
|    explained_variance | 0         |
|    learning_rate      | 0.0007    |
|    n_updates          | 32799     |
|    policy_loss        | -7.67e+03 |
|    reward             | 968.0006  |
|    std                | 0.11      |
|    value_loss         | 9.68e+06  |
-------------------------------------
-------------------------------------
| time/                 |           |
|    fps                | 15        |
|    iterations         | 32900     |
|    time_elapsed       | 10674     |
|    total_timesteps    | 164500    |
| train/                |           |
|    entropy_loss       | 2.32      |
|    explained_variance | 0         |
|    learning_rate      | 0.0007    |
|    n_updates          | 32899     |
|    policy_loss        | -6.33e+03 |
|    reward             | 980.4421  |
|    std                | 0.11      |
|    value_loss         | 9.48e+06  |
-------------------------------------
EPISODE:  166
-------------------------------------
| time/                 |           |
|    fps                | 15        |
|    iterations         | 33000     |
|    time_elapsed       | 10707     |
|    total_timesteps    | 165000    |
| train/                |           |
|    entropy_loss       | 2.34      |
|    explained_variance | 0         |
|    learning_rate      | 0.0007    |
|    n_updates          | 32999     |
|    policy_loss        | -7.77e+03 |
|    reward             | 968.00336 |
|    std                | 0.11      |
|    value_loss         | 9.68e+06  |
-------------------------------------
-------------------------------------
| time/                 |           |
|    fps                | 15        |
|    iterations         | 33100     |
|    time_elapsed       | 10740     |
|    total_timesteps    | 165500    |
| train/                |           |
|    entropy_loss       | 2.34      |
|    explained_variance | 5.96e-08  |
|    learning_rate      | 0.0007    |
|    n_updates          | 33099     |
|    policy_loss        | -6.87e+03 |
|    reward             | 974.7839  |
|    std                | 0.11      |
|    value_loss         | 9.39e+06  |
-------------------------------------
EPISODE:  167
-------------------------------------
| time/                 |           |
|    fps                | 15        |
|    iterations         | 33200     |
|    time_elapsed       | 10773     |
|    total_timesteps    | 166000    |
| train/                |           |
|    entropy_loss       | 2.35      |
|    explained_variance | -1.19e-07 |
|    learning_rate      | 0.0007    |
|    n_updates          | 33199     |
|    policy_loss        | -7.72e+03 |
|    reward             | 947.36414 |
|    std                | 0.11      |
|    value_loss         | 9.27e+06  |
-------------------------------------
-------------------------------------
| time/                 |           |
|    fps                | 15        |
|    iterations         | 33300     |
|    time_elapsed       | 10806     |
|    total_timesteps    | 166500    |
| train/                |           |
|    entropy_loss       | 2.37      |
|    explained_variance | 1.19e-07  |
|    learning_rate      | 0.0007    |
|    n_updates          | 33299     |
|    policy_loss        | -5.41e+03 |
|    reward             | 980.11743 |
|    std                | 0.11      |
|    value_loss         | 9.47e+06  |
-------------------------------------
EPISODE:  168
-------------------------------------
| time/                 |           |
|    fps                | 15        |
|    iterations         | 33400     |
|    time_elapsed       | 10839     |
|    total_timesteps    | 167000    |
| train/                |           |
|    entropy_loss       | 2.4       |
|    explained_variance | 5.96e-08  |
|    learning_rate      | 0.0007    |
|    n_updates          | 33399     |
|    policy_loss        | -5.21e+03 |
|    reward             | 970.7439  |
|    std                | 0.109     |
|    value_loss         | 9.73e+06  |
-------------------------------------
-------------------------------------
| time/                 |           |
|    fps                | 15        |
|    iterations         | 33500     |
|    time_elapsed       | 10872     |
|    total_timesteps    | 167500    |
| train/                |           |
|    entropy_loss       | 2.4       |
|    explained_variance | 0         |
|    learning_rate      | 0.0007    |
|    n_updates          | 33499     |
|    policy_loss        | -7.62e+03 |
|    reward             | 976.2209  |
|    std                | 0.109     |
|    value_loss         | 9.41e+06  |
-------------------------------------
EPISODE:  169
------------------------------------
| time/                 |          |
|    fps                | 15       |
|    iterations         | 33600    |
|    time_elapsed       | 10905    |
|    total_timesteps    | 168000   |
| train/                |          |
|    entropy_loss       | 2.44     |
|    explained_variance | 2.38e-07 |
|    learning_rate      | 0.0007   |
|    n_updates          | 33599    |
|    policy_loss        | -8.2e+03 |
|    reward             | 962.4294 |
|    std                | 0.107    |
|    value_loss         | 9.57e+06 |
------------------------------------
-------------------------------------
| time/                 |           |
|    fps                | 15        |
|    iterations         | 33700     |
|    time_elapsed       | 10938     |
|    total_timesteps    | 168500    |
| train/                |           |
|    entropy_loss       | 2.46      |
|    explained_variance | 1.19e-07  |
|    learning_rate      | 0.0007    |
|    n_updates          | 33699     |
|    policy_loss        | -7.58e+03 |
|    reward             | 989.48004 |
|    std                | 0.107     |
|    value_loss         | 9.67e+06  |
-------------------------------------
EPISODE:  170
-------------------------------------
| time/                 |           |
|    fps                | 15        |
|    iterations         | 33800     |
|    time_elapsed       | 10971     |
|    total_timesteps    | 169000    |
| train/                |           |
|    entropy_loss       | 2.48      |
|    explained_variance | 5.96e-08  |
|    learning_rate      | 0.0007    |
|    n_updates          | 33799     |
|    policy_loss        | -7.09e+03 |
|    reward             | 981.46136 |
|    std                | 0.106     |
|    value_loss         | 9.94e+06  |
-------------------------------------
-------------------------------------
| time/                 |           |
|    fps                | 15        |
|    iterations         | 33900     |
|    time_elapsed       | 11004     |
|    total_timesteps    | 169500    |
| train/                |           |
|    entropy_loss       | 2.48      |
|    explained_variance | -1.19e-07 |
|    learning_rate      | 0.0007    |
|    n_updates          | 33899     |
|    policy_loss        | -7.69e+03 |
|    reward             | 982.1119  |
|    std                | 0.106     |
|    value_loss         | 9.69e+06  |
-------------------------------------
EPISODE:  171
-------------------------------------
| time/                 |           |
|    fps                | 15        |
|    iterations         | 34000     |
|    time_elapsed       | 11037     |
|    total_timesteps    | 170000    |
| train/                |           |
|    entropy_loss       | 2.51      |
|    explained_variance | 2.38e-07  |
|    learning_rate      | 0.0007    |
|    n_updates          | 33999     |
|    policy_loss        | -7.63e+03 |
|    reward             | 962.25977 |
|    std                | 0.106     |
|    value_loss         | 9.56e+06  |
-------------------------------------
-------------------------------------
| time/                 |           |
|    fps                | 15        |
|    iterations         | 34100     |
|    time_elapsed       | 11071     |
|    total_timesteps    | 170500    |
| train/                |           |
|    entropy_loss       | 2.53      |
|    explained_variance | -1.19e-07 |
|    learning_rate      | 0.0007    |
|    n_updates          | 34099     |
|    policy_loss        | -6.99e+03 |
|    reward             | 977.3109  |
|    std                | 0.105     |
|    value_loss         | 9.46e+06  |
-------------------------------------
EPISODE:  172
-------------------------------------
| time/                 |           |
|    fps                | 15        |
|    iterations         | 34200     |
|    time_elapsed       | 11105     |
|    total_timesteps    | 171000    |
| train/                |           |
|    entropy_loss       | 2.55      |
|    explained_variance | 0         |
|    learning_rate      | 0.0007    |
|    n_updates          | 34199     |
|    policy_loss        | -7.69e+03 |
|    reward             | 967.8884  |
|    std                | 0.104     |
|    value_loss         | 9.69e+06  |
-------------------------------------
-------------------------------------
| time/                 |           |
|    fps                | 15        |
|    iterations         | 34300     |
|    time_elapsed       | 11138     |
|    total_timesteps    | 171500    |
| train/                |           |
|    entropy_loss       | 2.59      |
|    explained_variance | 0         |
|    learning_rate      | 0.0007    |
|    n_updates          | 34299     |
|    policy_loss        | -7.67e+03 |
|    reward             | 976.13324 |
|    std                | 0.103     |
|    value_loss         | 9.4e+06   |
-------------------------------------
EPISODE:  173
-------------------------------------
| time/                 |           |
|    fps                | 15        |
|    iterations         | 34400     |
|    time_elapsed       | 11171     |
|    total_timesteps    | 172000    |
| train/                |           |
|    entropy_loss       | 2.6       |
|    explained_variance | 0         |
|    learning_rate      | 0.0007    |
|    n_updates          | 34399     |
|    policy_loss        | -8.59e+03 |
|    reward             | 964.33185 |
|    std                | 0.103     |
|    value_loss         | 9.6e+06   |
-------------------------------------
-------------------------------------
| time/                 |           |
|    fps                | 15        |
|    iterations         | 34500     |
|    time_elapsed       | 11204     |
|    total_timesteps    | 172500    |
| train/                |           |
|    entropy_loss       | 2.63      |
|    explained_variance | 0         |
|    learning_rate      | 0.0007    |
|    n_updates          | 34499     |
|    policy_loss        | -8.44e+03 |
|    reward             | 979.821   |
|    std                | 0.101     |
|    value_loss         | 9.46e+06  |
-------------------------------------
EPISODE:  174
-------------------------------------
| time/                 |           |
|    fps                | 15        |
|    iterations         | 34600     |
|    time_elapsed       | 11237     |
|    total_timesteps    | 173000    |
| train/                |           |
|    entropy_loss       | 2.67      |
|    explained_variance | -2.38e-07 |
|    learning_rate      | 0.0007    |
|    n_updates          | 34599     |
|    policy_loss        | -8.45e+03 |
|    reward             | 967.3902  |
|    std                | 0.0991    |
|    value_loss         | 9.66e+06  |
-------------------------------------
-------------------------------------
| time/                 |           |
|    fps                | 15        |
|    iterations         | 34700     |
|    time_elapsed       | 11270     |
|    total_timesteps    | 173500    |
| train/                |           |
|    entropy_loss       | 2.69      |
|    explained_variance | 0         |
|    learning_rate      | 0.0007    |
|    n_updates          | 34699     |
|    policy_loss        | -5.26e+03 |
|    reward             | 975.4709  |
|    std                | 0.0984    |
|    value_loss         | 9.4e+06   |
-------------------------------------
EPISODE:  175
-------------------------------------
| time/                 |           |
|    fps                | 15        |
|    iterations         | 34800     |
|    time_elapsed       | 11303     |
|    total_timesteps    | 174000    |
| train/                |           |
|    entropy_loss       | 2.71      |
|    explained_variance | 1.19e-07  |
|    learning_rate      | 0.0007    |
|    n_updates          | 34799     |
|    policy_loss        | -6.98e+03 |
|    reward             | 965.901   |
|    std                | 0.0982    |
|    value_loss         | 9.63e+06  |
-------------------------------------
-------------------------------------
| time/                 |           |
|    fps                | 15        |
|    iterations         | 34900     |
|    time_elapsed       | 11336     |
|    total_timesteps    | 174500    |
| train/                |           |
|    entropy_loss       | 2.72      |
|    explained_variance | 0         |
|    learning_rate      | 0.0007    |
|    n_updates          | 34899     |
|    policy_loss        | -6.27e+03 |
|    reward             | 979.71497 |
|    std                | 0.0988    |
|    value_loss         | 9.45e+06  |
-------------------------------------
EPISODE:  176
-------------------------------------
| time/                 |           |
|    fps                | 15        |
|    iterations         | 35000     |
|    time_elapsed       | 11369     |
|    total_timesteps    | 175000    |
| train/                |           |
|    entropy_loss       | 2.74      |
|    explained_variance | -1.19e-07 |
|    learning_rate      | 0.0007    |
|    n_updates          | 34999     |
|    policy_loss        | -8.74e+03 |
|    reward             | 967.2855  |
|    std                | 0.0986    |
|    value_loss         | 9.66e+06  |
-------------------------------------
-------------------------------------
| time/                 |           |
|    fps                | 15        |
|    iterations         | 35100     |
|    time_elapsed       | 11402     |
|    total_timesteps    | 175500    |
| train/                |           |
|    entropy_loss       | 2.77      |
|    explained_variance | -1.19e-07 |
|    learning_rate      | 0.0007    |
|    n_updates          | 35099     |
|    policy_loss        | -9.29e+03 |
|    reward             | 980.4421  |
|    std                | 0.098     |
|    value_loss         | 9.47e+06  |
-------------------------------------
EPISODE:  177
-------------------------------------
| time/                 |           |
|    fps                | 15        |
|    iterations         | 35200     |
|    time_elapsed       | 11435     |
|    total_timesteps    | 176000    |
| train/                |           |
|    entropy_loss       | 2.78      |
|    explained_variance | -1.19e-07 |
|    learning_rate      | 0.0007    |
|    n_updates          | 35199     |
|    policy_loss        | -6.89e+03 |
|    reward             | 968.00336 |
|    std                | 0.098     |
|    value_loss         | 9.67e+06  |
-------------------------------------
-------------------------------------
| time/                 |           |
|    fps                | 15        |
|    iterations         | 35300     |
|    time_elapsed       | 11468     |
|    total_timesteps    | 176500    |
| train/                |           |
|    entropy_loss       | 2.81      |
|    explained_variance | 1.19e-07  |
|    learning_rate      | 0.0007    |
|    n_updates          | 35299     |
|    policy_loss        | -8.26e+03 |
|    reward             | 980.4421  |
|    std                | 0.0969    |
|    value_loss         | 9.46e+06  |
-------------------------------------
EPISODE:  178
-------------------------------------
| time/                 |           |
|    fps                | 15        |
|    iterations         | 35400     |
|    time_elapsed       | 11501     |
|    total_timesteps    | 177000    |
| train/                |           |
|    entropy_loss       | 2.82      |
|    explained_variance | 0         |
|    learning_rate      | 0.0007    |
|    n_updates          | 35399     |
|    policy_loss        | -8.81e+03 |
|    reward             | 968.00336 |
|    std                | 0.0963    |
|    value_loss         | 9.67e+06  |
-------------------------------------
-------------------------------------
| time/                 |           |
|    fps                | 15        |
|    iterations         | 35500     |
|    time_elapsed       | 11534     |
|    total_timesteps    | 177500    |
| train/                |           |
|    entropy_loss       | 2.84      |
|    explained_variance | 2.98e-07  |
|    learning_rate      | 0.0007    |
|    n_updates          | 35499     |
|    policy_loss        | -5.99e+03 |
|    reward             | 980.4421  |
|    std                | 0.0964    |
|    value_loss         | 9.46e+06  |
-------------------------------------
EPISODE:  179
-------------------------------------
| time/                 |           |
|    fps                | 15        |
|    iterations         | 35600     |
|    time_elapsed       | 11567     |
|    total_timesteps    | 178000    |
| train/                |           |
|    entropy_loss       | 2.84      |
|    explained_variance | 0         |
|    learning_rate      | 0.0007    |
|    n_updates          | 35599     |
|    policy_loss        | -6.6e+03  |
|    reward             | 968.00336 |
|    std                | 0.097     |
|    value_loss         | 9.67e+06  |
-------------------------------------
-------------------------------------
| time/                 |           |
|    fps                | 15        |
|    iterations         | 35700     |
|    time_elapsed       | 11600     |
|    total_timesteps    | 178500    |
| train/                |           |
|    entropy_loss       | 2.86      |
|    explained_variance | 0         |
|    learning_rate      | 0.0007    |
|    n_updates          | 35699     |
|    policy_loss        | -7.48e+03 |
|    reward             | 980.4421  |
|    std                | 0.0964    |
|    value_loss         | 9.46e+06  |
-------------------------------------
EPISODE:  180
-------------------------------------
| time/                 |           |
|    fps                | 15        |
|    iterations         | 35800     |
|    time_elapsed       | 11633     |
|    total_timesteps    | 179000    |
| train/                |           |
|    entropy_loss       | 2.88      |
|    explained_variance | 5.96e-08  |
|    learning_rate      | 0.0007    |
|    n_updates          | 35799     |
|    policy_loss        | -9.71e+03 |
|    reward             | 968.00336 |
|    std                | 0.0961    |
|    value_loss         | 9.67e+06  |
-------------------------------------
-------------------------------------
| time/                 |           |
|    fps                | 15        |
|    iterations         | 35900     |
|    time_elapsed       | 11666     |
|    total_timesteps    | 179500    |
| train/                |           |
|    entropy_loss       | 2.9       |
|    explained_variance | -1.19e-07 |
|    learning_rate      | 0.0007    |
|    n_updates          | 35899     |
|    policy_loss        | -8.04e+03 |
|    reward             | 980.4421  |
|    std                | 0.0944    |
|    value_loss         | 9.46e+06  |
-------------------------------------
EPISODE:  181
-------------------------------------
| time/                 |           |
|    fps                | 15        |
|    iterations         | 36000     |
|    time_elapsed       | 11700     |
|    total_timesteps    | 180000    |
| train/                |           |
|    entropy_loss       | 2.93      |
|    explained_variance | 0         |
|    learning_rate      | 0.0007    |
|    n_updates          | 35999     |
|    policy_loss        | -8.3e+03  |
|    reward             | 968.00336 |
|    std                | 0.0938    |
|    value_loss         | 9.66e+06  |
-------------------------------------
-------------------------------------
| time/                 |           |
|    fps                | 15        |
|    iterations         | 36100     |
|    time_elapsed       | 11733     |
|    total_timesteps    | 180500    |
| train/                |           |
|    entropy_loss       | 2.94      |
|    explained_variance | -1.19e-07 |
|    learning_rate      | 0.0007    |
|    n_updates          | 36099     |
|    policy_loss        | -9.93e+03 |
|    reward             | 980.4421  |
|    std                | 0.0933    |
|    value_loss         | 9.46e+06  |
-------------------------------------
EPISODE:  182
-------------------------------------
| time/                 |           |
|    fps                | 15        |
|    iterations         | 36200     |
|    time_elapsed       | 11766     |
|    total_timesteps    | 181000    |
| train/                |           |
|    entropy_loss       | 2.96      |
|    explained_variance | 0         |
|    learning_rate      | 0.0007    |
|    n_updates          | 36199     |
|    policy_loss        | -9.78e+03 |
|    reward             | 968.00336 |
|    std                | 0.0927    |
|    value_loss         | 9.66e+06  |
-------------------------------------
-------------------------------------
| time/                 |           |
|    fps                | 15        |
|    iterations         | 36300     |
|    time_elapsed       | 11799     |
|    total_timesteps    | 181500    |
| train/                |           |
|    entropy_loss       | 2.98      |
|    explained_variance | 0         |
|    learning_rate      | 0.0007    |
|    n_updates          | 36299     |
|    policy_loss        | -9.18e+03 |
|    reward             | 980.4421  |
|    std                | 0.0926    |
|    value_loss         | 9.46e+06  |
-------------------------------------
EPISODE:  183
-------------------------------------
| time/                 |           |
|    fps                | 15        |
|    iterations         | 36400     |
|    time_elapsed       | 11832     |
|    total_timesteps    | 182000    |
| train/                |           |
|    entropy_loss       | 3.01      |
|    explained_variance | 5.96e-08  |
|    learning_rate      | 0.0007    |
|    n_updates          | 36399     |
|    policy_loss        | -8.03e+03 |
|    reward             | 968.00336 |
|    std                | 0.0918    |
|    value_loss         | 9.66e+06  |
-------------------------------------
-------------------------------------
| time/                 |           |
|    fps                | 15        |
|    iterations         | 36500     |
|    time_elapsed       | 11865     |
|    total_timesteps    | 182500    |
| train/                |           |
|    entropy_loss       | 3.03      |
|    explained_variance | 0         |
|    learning_rate      | 0.0007    |
|    n_updates          | 36499     |
|    policy_loss        | -8.97e+03 |
|    reward             | 980.4421  |
|    std                | 0.091     |
|    value_loss         | 9.46e+06  |
-------------------------------------
EPISODE:  184
-------------------------------------
| time/                 |           |
|    fps                | 15        |
|    iterations         | 36600     |
|    time_elapsed       | 11898     |
|    total_timesteps    | 183000    |
| train/                |           |
|    entropy_loss       | 3.06      |
|    explained_variance | 0         |
|    learning_rate      | 0.0007    |
|    n_updates          | 36599     |
|    policy_loss        | -9.86e+03 |
|    reward             | 968.00336 |
|    std                | 0.0905    |
|    value_loss         | 9.66e+06  |
-------------------------------------
-------------------------------------
| time/                 |           |
|    fps                | 15        |
|    iterations         | 36700     |
|    time_elapsed       | 11931     |
|    total_timesteps    | 183500    |
| train/                |           |
|    entropy_loss       | 3.08      |
|    explained_variance | -1.19e-07 |
|    learning_rate      | 0.0007    |
|    n_updates          | 36699     |
|    policy_loss        | -6.69e+03 |
|    reward             | 980.4421  |
|    std                | 0.0906    |
|    value_loss         | 9.46e+06  |
-------------------------------------
EPISODE:  185
-------------------------------------
| time/                 |           |
|    fps                | 15        |
|    iterations         | 36800     |
|    time_elapsed       | 11964     |
|    total_timesteps    | 184000    |
| train/                |           |
|    entropy_loss       | 3.09      |
|    explained_variance | 0         |
|    learning_rate      | 0.0007    |
|    n_updates          | 36799     |
|    policy_loss        | -9.35e+03 |
|    reward             | 968.00336 |
|    std                | 0.0906    |
|    value_loss         | 9.66e+06  |
-------------------------------------
-------------------------------------
| time/                 |           |
|    fps                | 15        |
|    iterations         | 36900     |
|    time_elapsed       | 11997     |
|    total_timesteps    | 184500    |
| train/                |           |
|    entropy_loss       | 3.11      |
|    explained_variance | -1.19e-07 |
|    learning_rate      | 0.0007    |
|    n_updates          | 36899     |
|    policy_loss        | -7.87e+03 |
|    reward             | 980.4421  |
|    std                | 0.0904    |
|    value_loss         | 9.45e+06  |
-------------------------------------
EPISODE:  186
-------------------------------------
| time/                 |           |
|    fps                | 15        |
|    iterations         | 37000     |
|    time_elapsed       | 12031     |
|    total_timesteps    | 185000    |
| train/                |           |
|    entropy_loss       | 3.11      |
|    explained_variance | 0         |
|    learning_rate      | 0.0007    |
|    n_updates          | 36999     |
|    policy_loss        | -8.13e+03 |
|    reward             | 968.00336 |
|    std                | 0.0908    |
|    value_loss         | 9.66e+06  |
-------------------------------------
-------------------------------------
| time/                 |           |
|    fps                | 15        |
|    iterations         | 37100     |
|    time_elapsed       | 12064     |
|    total_timesteps    | 185500    |
| train/                |           |
|    entropy_loss       | 3.12      |
|    explained_variance | 0         |
|    learning_rate      | 0.0007    |
|    n_updates          | 37099     |
|    policy_loss        | -1.06e+04 |
|    reward             | 980.4421  |
|    std                | 0.0903    |
|    value_loss         | 9.45e+06  |
-------------------------------------
EPISODE:  187
-------------------------------------
| time/                 |           |
|    fps                | 15        |
|    iterations         | 37200     |
|    time_elapsed       | 12097     |
|    total_timesteps    | 186000    |
| train/                |           |
|    entropy_loss       | 3.14      |
|    explained_variance | 0         |
|    learning_rate      | 0.0007    |
|    n_updates          | 37199     |
|    policy_loss        | -9.85e+03 |
|    reward             | 968.00336 |
|    std                | 0.0895    |
|    value_loss         | 9.66e+06  |
-------------------------------------
-------------------------------------
| time/                 |           |
|    fps                | 15        |
|    iterations         | 37300     |
|    time_elapsed       | 12130     |
|    total_timesteps    | 186500    |
| train/                |           |
|    entropy_loss       | 3.17      |
|    explained_variance | -1.19e-07 |
|    learning_rate      | 0.0007    |
|    n_updates          | 37299     |
|    policy_loss        | -6.77e+03 |
|    reward             | 980.4421  |
|    std                | 0.0897    |
|    value_loss         | 9.45e+06  |
-------------------------------------
EPISODE:  188
-------------------------------------
| time/                 |           |
|    fps                | 15        |
|    iterations         | 37400     |
|    time_elapsed       | 12163     |
|    total_timesteps    | 187000    |
| train/                |           |
|    entropy_loss       | 3.18      |
|    explained_variance | 1.19e-07  |
|    learning_rate      | 0.0007    |
|    n_updates          | 37399     |
|    policy_loss        | -8.93e+03 |
|    reward             | 968.00336 |
|    std                | 0.09      |
|    value_loss         | 9.66e+06  |
-------------------------------------
-------------------------------------
| time/                 |           |
|    fps                | 15        |
|    iterations         | 37500     |
|    time_elapsed       | 12197     |
|    total_timesteps    | 187500    |
| train/                |           |
|    entropy_loss       | 3.19      |
|    explained_variance | -1.19e-07 |
|    learning_rate      | 0.0007    |
|    n_updates          | 37499     |
|    policy_loss        | -1.03e+04 |
|    reward             | 980.4421  |
|    std                | 0.0898    |
|    value_loss         | 9.45e+06  |
-------------------------------------
EPISODE:  189
-------------------------------------
| time/                 |           |
|    fps                | 15        |
|    iterations         | 37600     |
|    time_elapsed       | 12230     |
|    total_timesteps    | 188000    |
| train/                |           |
|    entropy_loss       | 3.21      |
|    explained_variance | 1.19e-07  |
|    learning_rate      | 0.0007    |
|    n_updates          | 37599     |
|    policy_loss        | -8.52e+03 |
|    reward             | 968.00336 |
|    std                | 0.0895    |
|    value_loss         | 9.65e+06  |
-------------------------------------
-------------------------------------
| time/                 |           |
|    fps                | 15        |
|    iterations         | 37700     |
|    time_elapsed       | 12263     |
|    total_timesteps    | 188500    |
| train/                |           |
|    entropy_loss       | 3.22      |
|    explained_variance | 1.19e-07  |
|    learning_rate      | 0.0007    |
|    n_updates          | 37699     |
|    policy_loss        | -6.05e+03 |
|    reward             | 980.4421  |
|    std                | 0.089     |
|    value_loss         | 9.45e+06  |
-------------------------------------
EPISODE:  190
-------------------------------------
| time/                 |           |
|    fps                | 15        |
|    iterations         | 37800     |
|    time_elapsed       | 12296     |
|    total_timesteps    | 189000    |
| train/                |           |
|    entropy_loss       | 3.24      |
|    explained_variance | 2.98e-07  |
|    learning_rate      | 0.0007    |
|    n_updates          | 37799     |
|    policy_loss        | -9.2e+03  |
|    reward             | 968.00336 |
|    std                | 0.0882    |
|    value_loss         | 9.65e+06  |
-------------------------------------
-------------------------------------
| time/                 |           |
|    fps                | 15        |
|    iterations         | 37900     |
|    time_elapsed       | 12329     |
|    total_timesteps    | 189500    |
| train/                |           |
|    entropy_loss       | 3.25      |
|    explained_variance | 5.96e-08  |
|    learning_rate      | 0.0007    |
|    n_updates          | 37899     |
|    policy_loss        | -9.51e+03 |
|    reward             | 980.4421  |
|    std                | 0.0884    |
|    value_loss         | 9.45e+06  |
-------------------------------------
EPISODE:  191
-------------------------------------
| time/                 |           |
|    fps                | 15        |
|    iterations         | 38000     |
|    time_elapsed       | 12362     |
|    total_timesteps    | 190000    |
| train/                |           |
|    entropy_loss       | 3.27      |
|    explained_variance | 5.96e-08  |
|    learning_rate      | 0.0007    |
|    n_updates          | 37999     |
|    policy_loss        | -9.98e+03 |
|    reward             | 968.00336 |
|    std                | 0.0877    |
|    value_loss         | 9.65e+06  |
-------------------------------------
-------------------------------------
| time/                 |           |
|    fps                | 15        |
|    iterations         | 38100     |
|    time_elapsed       | 12395     |
|    total_timesteps    | 190500    |
| train/                |           |
|    entropy_loss       | 3.3       |
|    explained_variance | 1.19e-07  |
|    learning_rate      | 0.0007    |
|    n_updates          | 38099     |
|    policy_loss        | -7.56e+03 |
|    reward             | 980.4421  |
|    std                | 0.0872    |
|    value_loss         | 9.45e+06  |
-------------------------------------
EPISODE:  192
-------------------------------------
| time/                 |           |
|    fps                | 15        |
|    iterations         | 38200     |
|    time_elapsed       | 12428     |
|    total_timesteps    | 191000    |
| train/                |           |
|    entropy_loss       | 3.31      |
|    explained_variance | 0         |
|    learning_rate      | 0.0007    |
|    n_updates          | 38199     |
|    policy_loss        | -1.13e+04 |
|    reward             | 968.00336 |
|    std                | 0.087     |
|    value_loss         | 9.65e+06  |
-------------------------------------
-------------------------------------
| time/                 |           |
|    fps                | 15        |
|    iterations         | 38300     |
|    time_elapsed       | 12461     |
|    total_timesteps    | 191500    |
| train/                |           |
|    entropy_loss       | 3.32      |
|    explained_variance | 0         |
|    learning_rate      | 0.0007    |
|    n_updates          | 38299     |
|    policy_loss        | -7.53e+03 |
|    reward             | 980.4421  |
|    std                | 0.0872    |
|    value_loss         | 9.45e+06  |
-------------------------------------
EPISODE:  193
-------------------------------------
| time/                 |           |
|    fps                | 15        |
|    iterations         | 38400     |
|    time_elapsed       | 12494     |
|    total_timesteps    | 192000    |
| train/                |           |
|    entropy_loss       | 3.35      |
|    explained_variance | 0         |
|    learning_rate      | 0.0007    |
|    n_updates          | 38399     |
|    policy_loss        | -9.64e+03 |
|    reward             | 968.00336 |
|    std                | 0.0865    |
|    value_loss         | 9.65e+06  |
-------------------------------------
-------------------------------------
| time/                 |           |
|    fps                | 15        |
|    iterations         | 38500     |
|    time_elapsed       | 12527     |
|    total_timesteps    | 192500    |
| train/                |           |
|    entropy_loss       | 3.36      |
|    explained_variance | 5.96e-08  |
|    learning_rate      | 0.0007    |
|    n_updates          | 38499     |
|    policy_loss        | -9.73e+03 |
|    reward             | 980.4421  |
|    std                | 0.0866    |
|    value_loss         | 9.45e+06  |
-------------------------------------
EPISODE:  194
-------------------------------------
| time/                 |           |
|    fps                | 15        |
|    iterations         | 38600     |
|    time_elapsed       | 12560     |
|    total_timesteps    | 193000    |
| train/                |           |
|    entropy_loss       | 3.4       |
|    explained_variance | 1.19e-07  |
|    learning_rate      | 0.0007    |
|    n_updates          | 38599     |
|    policy_loss        | -9.4e+03  |
|    reward             | 968.00336 |
|    std                | 0.0855    |
|    value_loss         | 9.65e+06  |
-------------------------------------
-------------------------------------
| time/                 |           |
|    fps                | 15        |
|    iterations         | 38700     |
|    time_elapsed       | 12593     |
|    total_timesteps    | 193500    |
| train/                |           |
|    entropy_loss       | 3.42      |
|    explained_variance | 0         |
|    learning_rate      | 0.0007    |
|    n_updates          | 38699     |
|    policy_loss        | -9.88e+03 |
|    reward             | 980.4421  |
|    std                | 0.0841    |
|    value_loss         | 9.44e+06  |
-------------------------------------
EPISODE:  195
-------------------------------------
| time/                 |           |
|    fps                | 15        |
|    iterations         | 38800     |
|    time_elapsed       | 12626     |
|    total_timesteps    | 194000    |
| train/                |           |
|    entropy_loss       | 3.43      |
|    explained_variance | -1.19e-07 |
|    learning_rate      | 0.0007    |
|    n_updates          | 38799     |
|    policy_loss        | -1.01e+04 |
|    reward             | 968.00336 |
|    std                | 0.0844    |
|    value_loss         | 9.65e+06  |
-------------------------------------
-------------------------------------
| time/                 |           |
|    fps                | 15        |
|    iterations         | 38900     |
|    time_elapsed       | 12659     |
|    total_timesteps    | 194500    |
| train/                |           |
|    entropy_loss       | 3.44      |
|    explained_variance | -1.19e-07 |
|    learning_rate      | 0.0007    |
|    n_updates          | 38899     |
|    policy_loss        | -8.39e+03 |
|    reward             | 980.4421  |
|    std                | 0.0842    |
|    value_loss         | 9.44e+06  |
-------------------------------------
EPISODE:  196
-------------------------------------
| time/                 |           |
|    fps                | 15        |
|    iterations         | 39000     |
|    time_elapsed       | 12693     |
|    total_timesteps    | 195000    |
| train/                |           |
|    entropy_loss       | 3.48      |
|    explained_variance | 1.19e-07  |
|    learning_rate      | 0.0007    |
|    n_updates          | 38999     |
|    policy_loss        | -1.05e+04 |
|    reward             | 968.00336 |
|    std                | 0.0831    |
|    value_loss         | 9.65e+06  |
-------------------------------------
-------------------------------------
| time/                 |           |
|    fps                | 15        |
|    iterations         | 39100     |
|    time_elapsed       | 12726     |
|    total_timesteps    | 195500    |
| train/                |           |
|    entropy_loss       | 3.51      |
|    explained_variance | -1.19e-07 |
|    learning_rate      | 0.0007    |
|    n_updates          | 39099     |
|    policy_loss        | -1e+04    |
|    reward             | 980.4421  |
|    std                | 0.0821    |
|    value_loss         | 9.44e+06  |
-------------------------------------
EPISODE:  197
-------------------------------------
| time/                 |           |
|    fps                | 15        |
|    iterations         | 39200     |
|    time_elapsed       | 12759     |
|    total_timesteps    | 196000    |
| train/                |           |
|    entropy_loss       | 3.54      |
|    explained_variance | 0         |
|    learning_rate      | 0.0007    |
|    n_updates          | 39199     |
|    policy_loss        | -1.12e+04 |
|    reward             | 968.00336 |
|    std                | 0.0812    |
|    value_loss         | 9.65e+06  |
-------------------------------------
-------------------------------------
| time/                 |           |
|    fps                | 15        |
|    iterations         | 39300     |
|    time_elapsed       | 12792     |
|    total_timesteps    | 196500    |
| train/                |           |
|    entropy_loss       | 3.55      |
|    explained_variance | 1.19e-07  |
|    learning_rate      | 0.0007    |
|    n_updates          | 39299     |
|    policy_loss        | -1.12e+04 |
|    reward             | 980.4421  |
|    std                | 0.0813    |
|    value_loss         | 9.44e+06  |
-------------------------------------
EPISODE:  198
-------------------------------------
| time/                 |           |
|    fps                | 15        |
|    iterations         | 39400     |
|    time_elapsed       | 12825     |
|    total_timesteps    | 197000    |
| train/                |           |
|    entropy_loss       | 3.56      |
|    explained_variance | 1.19e-07  |
|    learning_rate      | 0.0007    |
|    n_updates          | 39399     |
|    policy_loss        | -1.11e+04 |
|    reward             | 968.00336 |
|    std                | 0.0809    |
|    value_loss         | 9.64e+06  |
-------------------------------------
-------------------------------------
| time/                 |           |
|    fps                | 15        |
|    iterations         | 39500     |
|    time_elapsed       | 12858     |
|    total_timesteps    | 197500    |
| train/                |           |
|    entropy_loss       | 3.56      |
|    explained_variance | 1.19e-07  |
|    learning_rate      | 0.0007    |
|    n_updates          | 39499     |
|    policy_loss        | -1.05e+04 |
|    reward             | 980.4421  |
|    std                | 0.0815    |
|    value_loss         | 9.44e+06  |
-------------------------------------
EPISODE:  199
-------------------------------------
| time/                 |           |
|    fps                | 15        |
|    iterations         | 39600     |
|    time_elapsed       | 12891     |
|    total_timesteps    | 198000    |
| train/                |           |
|    entropy_loss       | 3.57      |
|    explained_variance | 5.96e-08  |
|    learning_rate      | 0.0007    |
|    n_updates          | 39599     |
|    policy_loss        | -1.04e+04 |
|    reward             | 968.00336 |
|    std                | 0.0813    |
|    value_loss         | 9.64e+06  |
-------------------------------------
------------------------------------
| time/                 |          |
|    fps                | 15       |
|    iterations         | 39700    |
|    time_elapsed       | 12924    |
|    total_timesteps    | 198500   |
| train/                |          |
|    entropy_loss       | 3.58     |
|    explained_variance | 0        |
|    learning_rate      | 0.0007   |
|    n_updates          | 39699    |
|    policy_loss        | -1.1e+04 |
|    reward             | 980.4421 |
|    std                | 0.0806   |
|    value_loss         | 9.44e+06 |
------------------------------------
EPISODE:  200
-------------------------------------
| time/                 |           |
|    fps                | 15        |
|    iterations         | 39800     |
|    time_elapsed       | 12957     |
|    total_timesteps    | 199000    |
| train/                |           |
|    entropy_loss       | 3.6       |
|    explained_variance | -1.19e-07 |
|    learning_rate      | 0.0007    |
|    n_updates          | 39799     |
|    policy_loss        | -1.08e+04 |
|    reward             | 968.00336 |
|    std                | 0.0802    |
|    value_loss         | 9.64e+06  |
-------------------------------------
-------------------------------------
| time/                 |           |
|    fps                | 15        |
|    iterations         | 39900     |
|    time_elapsed       | 12992     |
|    total_timesteps    | 199500    |
| train/                |           |
|    entropy_loss       | 3.61      |
|    explained_variance | -1.19e-07 |
|    learning_rate      | 0.0007    |
|    n_updates          | 39899     |
|    policy_loss        | -9.26e+03 |
|    reward             | 980.4421  |
|    std                | 0.08      |
|    value_loss         | 9.44e+06  |
-------------------------------------
EPISODE:  201
-------------------------------------
| time/                 |           |
|    fps                | 15        |
|    iterations         | 40000     |
|    time_elapsed       | 13025     |
|    total_timesteps    | 200000    |
| train/                |           |
|    entropy_loss       | 3.62      |
|    explained_variance | 0         |
|    learning_rate      | 0.0007    |
|    n_updates          | 39999     |
|    policy_loss        | -1.07e+04 |
|    reward             | 968.00336 |
|    std                | 0.0798    |
|    value_loss         | 9.64e+06  |
-------------------------------------
-------------------------------------
| time/                 |           |
|    fps                | 15        |
|    iterations         | 40100     |
|    time_elapsed       | 13058     |
|    total_timesteps    | 200500    |
| train/                |           |
|    entropy_loss       | 3.63      |
|    explained_variance | 1.19e-07  |
|    learning_rate      | 0.0007    |
|    n_updates          | 40099     |
|    policy_loss        | -1.16e+04 |
|    reward             | 980.4421  |
|    std                | 0.0793    |
|    value_loss         | 9.44e+06  |
-------------------------------------
EPISODE:  202
-------------------------------------
| time/                 |           |
|    fps                | 15        |
|    iterations         | 40200     |
|    time_elapsed       | 13091     |
|    total_timesteps    | 201000    |
| train/                |           |
|    entropy_loss       | 3.65      |
|    explained_variance | 1.19e-07  |
|    learning_rate      | 0.0007    |
|    n_updates          | 40199     |
|    policy_loss        | -9.34e+03 |
|    reward             | 968.00336 |
|    std                | 0.079     |
|    value_loss         | 9.64e+06  |
-------------------------------------
-------------------------------------
| time/                 |           |
|    fps                | 15        |
|    iterations         | 40300     |
|    time_elapsed       | 13124     |
|    total_timesteps    | 201500    |
| train/                |           |
|    entropy_loss       | 3.66      |
|    explained_variance | 0         |
|    learning_rate      | 0.0007    |
|    n_updates          | 40299     |
|    policy_loss        | -9.73e+03 |
|    reward             | 980.4421  |
|    std                | 0.0787    |
|    value_loss         | 9.44e+06  |
-------------------------------------
EPISODE:  203
-------------------------------------
| time/                 |           |
|    fps                | 15        |
|    iterations         | 40400     |
|    time_elapsed       | 13157     |
|    total_timesteps    | 202000    |
| train/                |           |
|    entropy_loss       | 3.69      |
|    explained_variance | -1.19e-07 |
|    learning_rate      | 0.0007    |
|    n_updates          | 40399     |
|    policy_loss        | -7.62e+03 |
|    reward             | 968.00336 |
|    std                | 0.0781    |
|    value_loss         | 9.64e+06  |
-------------------------------------
-------------------------------------
| time/                 |           |
|    fps                | 15        |
|    iterations         | 40500     |
|    time_elapsed       | 13190     |
|    total_timesteps    | 202500    |
| train/                |           |
|    entropy_loss       | 3.71      |
|    explained_variance | 0         |
|    learning_rate      | 0.0007    |
|    n_updates          | 40499     |
|    policy_loss        | -8.19e+03 |
|    reward             | 980.4421  |
|    std                | 0.0778    |
|    value_loss         | 9.44e+06  |
-------------------------------------
EPISODE:  204
-------------------------------------
| time/                 |           |
|    fps                | 15        |
|    iterations         | 40600     |
|    time_elapsed       | 13223     |
|    total_timesteps    | 203000    |
| train/                |           |
|    entropy_loss       | 3.72      |
|    explained_variance | -1.19e-07 |
|    learning_rate      | 0.0007    |
|    n_updates          | 40599     |
|    policy_loss        | -9.56e+03 |
|    reward             | 968.00336 |
|    std                | 0.0776    |
|    value_loss         | 9.64e+06  |
-------------------------------------
------------------------------------
| time/                 |          |
|    fps                | 15       |
|    iterations         | 40700    |
|    time_elapsed       | 13256    |
|    total_timesteps    | 203500   |
| train/                |          |
|    entropy_loss       | 3.73     |
|    explained_variance | 0        |
|    learning_rate      | 0.0007   |
|    n_updates          | 40699    |
|    policy_loss        | -1.2e+04 |
|    reward             | 980.4421 |
|    std                | 0.0773   |
|    value_loss         | 9.43e+06 |
------------------------------------
EPISODE:  205
-------------------------------------
| time/                 |           |
|    fps                | 15        |
|    iterations         | 40800     |
|    time_elapsed       | 13289     |
|    total_timesteps    | 204000    |
| train/                |           |
|    entropy_loss       | 3.75      |
|    explained_variance | 0         |
|    learning_rate      | 0.0007    |
|    n_updates          | 40799     |
|    policy_loss        | -9.68e+03 |
|    reward             | 968.00336 |
|    std                | 0.0769    |
|    value_loss         | 9.64e+06  |
-------------------------------------
-------------------------------------
| time/                 |           |
|    fps                | 15        |
|    iterations         | 40900     |
|    time_elapsed       | 13323     |
|    total_timesteps    | 204500    |
| train/                |           |
|    entropy_loss       | 3.77      |
|    explained_variance | 0         |
|    learning_rate      | 0.0007    |
|    n_updates          | 40899     |
|    policy_loss        | -1.16e+04 |
|    reward             | 980.4421  |
|    std                | 0.0762    |
|    value_loss         | 9.43e+06  |
-------------------------------------
EPISODE:  206
-------------------------------------
| time/                 |           |
|    fps                | 15        |
|    iterations         | 41000     |
|    time_elapsed       | 13356     |
|    total_timesteps    | 205000    |
| train/                |           |
|    entropy_loss       | 3.81      |
|    explained_variance | 2.98e-07  |
|    learning_rate      | 0.0007    |
|    n_updates          | 40999     |
|    policy_loss        | -1.06e+04 |
|    reward             | 968.00336 |
|    std                | 0.0757    |
|    value_loss         | 9.64e+06  |
-------------------------------------
-------------------------------------
| time/                 |           |
|    fps                | 15        |
|    iterations         | 41100     |
|    time_elapsed       | 13389     |
|    total_timesteps    | 205500    |
| train/                |           |
|    entropy_loss       | 3.82      |
|    explained_variance | 0         |
|    learning_rate      | 0.0007    |
|    n_updates          | 41099     |
|    policy_loss        | -8.72e+03 |
|    reward             | 980.4421  |
|    std                | 0.0753    |
|    value_loss         | 9.43e+06  |
-------------------------------------
EPISODE:  207
-------------------------------------
| time/                 |           |
|    fps                | 15        |
|    iterations         | 41200     |
|    time_elapsed       | 13422     |
|    total_timesteps    | 206000    |
| train/                |           |
|    entropy_loss       | 3.83      |
|    explained_variance | 0         |
|    learning_rate      | 0.0007    |
|    n_updates          | 41199     |
|    policy_loss        | -1.1e+04  |
|    reward             | 968.00336 |
|    std                | 0.0752    |
|    value_loss         | 9.64e+06  |
-------------------------------------
-------------------------------------
| time/                 |           |
|    fps                | 15        |
|    iterations         | 41300     |
|    time_elapsed       | 13455     |
|    total_timesteps    | 206500    |
| train/                |           |
|    entropy_loss       | 3.84      |
|    explained_variance | 0         |
|    learning_rate      | 0.0007    |
|    n_updates          | 41299     |
|    policy_loss        | -1.09e+04 |
|    reward             | 980.4421  |
|    std                | 0.075     |
|    value_loss         | 9.43e+06  |
-------------------------------------
EPISODE:  208
-------------------------------------
| time/                 |           |
|    fps                | 15        |
|    iterations         | 41400     |
|    time_elapsed       | 13488     |
|    total_timesteps    | 207000    |
| train/                |           |
|    entropy_loss       | 3.85      |
|    explained_variance | 0         |
|    learning_rate      | 0.0007    |
|    n_updates          | 41399     |
|    policy_loss        | -7.38e+03 |
|    reward             | 968.00336 |
|    std                | 0.0743    |
|    value_loss         | 9.63e+06  |
-------------------------------------
-------------------------------------
| time/                 |           |
|    fps                | 15        |
|    iterations         | 41500     |
|    time_elapsed       | 13521     |
|    total_timesteps    | 207500    |
| train/                |           |
|    entropy_loss       | 3.87      |
|    explained_variance | 0         |
|    learning_rate      | 0.0007    |
|    n_updates          | 41499     |
|    policy_loss        | -1.04e+04 |
|    reward             | 980.4421  |
|    std                | 0.0736    |
|    value_loss         | 9.43e+06  |
-------------------------------------
EPISODE:  209
-------------------------------------
| time/                 |           |
|    fps                | 15        |
|    iterations         | 41600     |
|    time_elapsed       | 13554     |
|    total_timesteps    | 208000    |
| train/                |           |
|    entropy_loss       | 3.89      |
|    explained_variance | 1.19e-07  |
|    learning_rate      | 0.0007    |
|    n_updates          | 41599     |
|    policy_loss        | -1.17e+04 |
|    reward             | 968.00336 |
|    std                | 0.0727    |
|    value_loss         | 9.63e+06  |
-------------------------------------
-------------------------------------
| time/                 |           |
|    fps                | 15        |
|    iterations         | 41700     |
|    time_elapsed       | 13587     |
|    total_timesteps    | 208500    |
| train/                |           |
|    entropy_loss       | 3.9       |
|    explained_variance | 0         |
|    learning_rate      | 0.0007    |
|    n_updates          | 41699     |
|    policy_loss        | -1.17e+04 |
|    reward             | 980.4421  |
|    std                | 0.0723    |
|    value_loss         | 9.43e+06  |
-------------------------------------
EPISODE:  210
-------------------------------------
| time/                 |           |
|    fps                | 15        |
|    iterations         | 41800     |
|    time_elapsed       | 13620     |
|    total_timesteps    | 209000    |
| train/                |           |
|    entropy_loss       | 3.92      |
|    explained_variance | 0         |
|    learning_rate      | 0.0007    |
|    n_updates          | 41799     |
|    policy_loss        | -1.18e+04 |
|    reward             | 968.00336 |
|    std                | 0.0717    |
|    value_loss         | 9.63e+06  |
-------------------------------------
-------------------------------------
| time/                 |           |
|    fps                | 15        |
|    iterations         | 41900     |
|    time_elapsed       | 13653     |
|    total_timesteps    | 209500    |
| train/                |           |
|    entropy_loss       | 3.95      |
|    explained_variance | 0         |
|    learning_rate      | 0.0007    |
|    n_updates          | 41899     |
|    policy_loss        | -1.05e+04 |
|    reward             | 980.4421  |
|    std                | 0.0713    |
|    value_loss         | 9.43e+06  |
-------------------------------------
EPISODE:  211
-------------------------------------
| time/                 |           |
|    fps                | 15        |
|    iterations         | 42000     |
|    time_elapsed       | 13686     |
|    total_timesteps    | 210000    |
| train/                |           |
|    entropy_loss       | 3.96      |
|    explained_variance | 0         |
|    learning_rate      | 0.0007    |
|    n_updates          | 41999     |
|    policy_loss        | -8.98e+03 |
|    reward             | 968.00336 |
|    std                | 0.0708    |
|    value_loss         | 9.63e+06  |
-------------------------------------
-------------------------------------
| time/                 |           |
|    fps                | 15        |
|    iterations         | 42100     |
|    time_elapsed       | 13720     |
|    total_timesteps    | 210500    |
| train/                |           |
|    entropy_loss       | 4         |
|    explained_variance | 0         |
|    learning_rate      | 0.0007    |
|    n_updates          | 42099     |
|    policy_loss        | -8.03e+03 |
|    reward             | 980.4421  |
|    std                | 0.0695    |
|    value_loss         | 9.43e+06  |
-------------------------------------
EPISODE:  212
-------------------------------------
| time/                 |           |
|    fps                | 15        |
|    iterations         | 42200     |
|    time_elapsed       | 13753     |
|    total_timesteps    | 211000    |
| train/                |           |
|    entropy_loss       | 4.02      |
|    explained_variance | -1.19e-07 |
|    learning_rate      | 0.0007    |
|    n_updates          | 42199     |
|    policy_loss        | -1.09e+04 |
|    reward             | 968.00336 |
|    std                | 0.069     |
|    value_loss         | 9.63e+06  |
-------------------------------------
-------------------------------------
| time/                 |           |
|    fps                | 15        |
|    iterations         | 42300     |
|    time_elapsed       | 13786     |
|    total_timesteps    | 211500    |
| train/                |           |
|    entropy_loss       | 4.07      |
|    explained_variance | 5.96e-08  |
|    learning_rate      | 0.0007    |
|    n_updates          | 42299     |
|    policy_loss        | -1.09e+04 |
|    reward             | 980.4421  |
|    std                | 0.0678    |
|    value_loss         | 9.43e+06  |
-------------------------------------
EPISODE:  213
-------------------------------------
| time/                 |           |
|    fps                | 15        |
|    iterations         | 42400     |
|    time_elapsed       | 13819     |
|    total_timesteps    | 212000    |
| train/                |           |
|    entropy_loss       | 4.08      |
|    explained_variance | -1.19e-07 |
|    learning_rate      | 0.0007    |
|    n_updates          | 42399     |
|    policy_loss        | -1.1e+04  |
|    reward             | 968.00336 |
|    std                | 0.0676    |
|    value_loss         | 9.63e+06  |
-------------------------------------
-------------------------------------
| time/                 |           |
|    fps                | 15        |
|    iterations         | 42500     |
|    time_elapsed       | 13852     |
|    total_timesteps    | 212500    |
| train/                |           |
|    entropy_loss       | 4.08      |
|    explained_variance | 0         |
|    learning_rate      | 0.0007    |
|    n_updates          | 42499     |
|    policy_loss        | -1.16e+04 |
|    reward             | 980.4421  |
|    std                | 0.0684    |
|    value_loss         | 9.43e+06  |
-------------------------------------
EPISODE:  214
-------------------------------------
| time/                 |           |
|    fps                | 15        |
|    iterations         | 42600     |
|    time_elapsed       | 13885     |
|    total_timesteps    | 213000    |
| train/                |           |
|    entropy_loss       | 4.08      |
|    explained_variance | 0         |
|    learning_rate      | 0.0007    |
|    n_updates          | 42599     |
|    policy_loss        | -1.21e+04 |
|    reward             | 968.00336 |
|    std                | 0.0686    |
|    value_loss         | 9.63e+06  |
-------------------------------------
-------------------------------------
| time/                 |           |
|    fps                | 15        |
|    iterations         | 42700     |
|    time_elapsed       | 13919     |
|    total_timesteps    | 213500    |
| train/                |           |
|    entropy_loss       | 4.1       |
|    explained_variance | -1.19e-07 |
|    learning_rate      | 0.0007    |
|    n_updates          | 42699     |
|    policy_loss        | -1.11e+04 |
|    reward             | 980.4421  |
|    std                | 0.0684    |
|    value_loss         | 9.42e+06  |
-------------------------------------
EPISODE:  215
-------------------------------------
| time/                 |           |
|    fps                | 15        |
|    iterations         | 42800     |
|    time_elapsed       | 13952     |
|    total_timesteps    | 214000    |
| train/                |           |
|    entropy_loss       | 4.12      |
|    explained_variance | 0         |
|    learning_rate      | 0.0007    |
|    n_updates          | 42799     |
|    policy_loss        | -1.12e+04 |
|    reward             | 968.00336 |
|    std                | 0.0677    |
|    value_loss         | 9.63e+06  |
-------------------------------------
-------------------------------------
| time/                 |           |
|    fps                | 15        |
|    iterations         | 42900     |
|    time_elapsed       | 13985     |
|    total_timesteps    | 214500    |
| train/                |           |
|    entropy_loss       | 4.14      |
|    explained_variance | 0         |
|    learning_rate      | 0.0007    |
|    n_updates          | 42899     |
|    policy_loss        | -1.14e+04 |
|    reward             | 980.4421  |
|    std                | 0.0674    |
|    value_loss         | 9.42e+06  |
-------------------------------------
EPISODE:  216
-------------------------------------
| time/                 |           |
|    fps                | 15        |
|    iterations         | 43000     |
|    time_elapsed       | 14018     |
|    total_timesteps    | 215000    |
| train/                |           |
|    entropy_loss       | 4.15      |
|    explained_variance | -1.19e-07 |
|    learning_rate      | 0.0007    |
|    n_updates          | 42999     |
|    policy_loss        | -1.29e+04 |
|    reward             | 968.00336 |
|    std                | 0.067     |
|    value_loss         | 9.63e+06  |
-------------------------------------
-------------------------------------
| time/                 |           |
|    fps                | 15        |
|    iterations         | 43100     |
|    time_elapsed       | 14051     |
|    total_timesteps    | 215500    |
| train/                |           |
|    entropy_loss       | 4.16      |
|    explained_variance | -1.19e-07 |
|    learning_rate      | 0.0007    |
|    n_updates          | 43099     |
|    policy_loss        | -1.3e+04  |
|    reward             | 980.4421  |
|    std                | 0.0671    |
|    value_loss         | 9.42e+06  |
-------------------------------------
EPISODE:  217
-------------------------------------
| time/                 |           |
|    fps                | 15        |
|    iterations         | 43200     |
|    time_elapsed       | 14084     |
|    total_timesteps    | 216000    |
| train/                |           |
|    entropy_loss       | 4.18      |
|    explained_variance | 5.96e-08  |
|    learning_rate      | 0.0007    |
|    n_updates          | 43199     |
|    policy_loss        | -9.34e+03 |
|    reward             | 968.00336 |
|    std                | 0.0668    |
|    value_loss         | 9.63e+06  |
-------------------------------------
-------------------------------------
| time/                 |           |
|    fps                | 15        |
|    iterations         | 43300     |
|    time_elapsed       | 14117     |
|    total_timesteps    | 216500    |
| train/                |           |
|    entropy_loss       | 4.19      |
|    explained_variance | 0         |
|    learning_rate      | 0.0007    |
|    n_updates          | 43299     |
|    policy_loss        | -1.09e+04 |
|    reward             | 980.4421  |
|    std                | 0.0665    |
|    value_loss         | 9.42e+06  |
-------------------------------------
EPISODE:  218
-------------------------------------
| time/                 |           |
|    fps                | 15        |
|    iterations         | 43400     |
|    time_elapsed       | 14151     |
|    total_timesteps    | 217000    |
| train/                |           |
|    entropy_loss       | 4.21      |
|    explained_variance | 5.96e-08  |
|    learning_rate      | 0.0007    |
|    n_updates          | 43399     |
|    policy_loss        | -1.12e+04 |
|    reward             | 968.00336 |
|    std                | 0.0664    |
|    value_loss         | 9.62e+06  |
-------------------------------------
-------------------------------------
| time/                 |           |
|    fps                | 15        |
|    iterations         | 43500     |
|    time_elapsed       | 14184     |
|    total_timesteps    | 217500    |
| train/                |           |
|    entropy_loss       | 4.22      |
|    explained_variance | 5.96e-08  |
|    learning_rate      | 0.0007    |
|    n_updates          | 43499     |
|    policy_loss        | -1.31e+04 |
|    reward             | 980.4421  |
|    std                | 0.0666    |
|    value_loss         | 9.42e+06  |
-------------------------------------
EPISODE:  219
-------------------------------------
| time/                 |           |
|    fps                | 15        |
|    iterations         | 43600     |
|    time_elapsed       | 14217     |
|    total_timesteps    | 218000    |
| train/                |           |
|    entropy_loss       | 4.22      |
|    explained_variance | -1.19e-07 |
|    learning_rate      | 0.0007    |
|    n_updates          | 43599     |
|    policy_loss        | -8.58e+03 |
|    reward             | 968.00336 |
|    std                | 0.0668    |
|    value_loss         | 9.62e+06  |
-------------------------------------
-------------------------------------
| time/                 |           |
|    fps                | 15        |
|    iterations         | 43700     |
|    time_elapsed       | 14250     |
|    total_timesteps    | 218500    |
| train/                |           |
|    entropy_loss       | 4.21      |
|    explained_variance | 0         |
|    learning_rate      | 0.0007    |
|    n_updates          | 43699     |
|    policy_loss        | -1.25e+04 |
|    reward             | 980.4421  |
|    std                | 0.0672    |
|    value_loss         | 9.42e+06  |
-------------------------------------
EPISODE:  220
-------------------------------------
| time/                 |           |
|    fps                | 15        |
|    iterations         | 43800     |
|    time_elapsed       | 14283     |
|    total_timesteps    | 219000    |
| train/                |           |
|    entropy_loss       | 4.24      |
|    explained_variance | 0         |
|    learning_rate      | 0.0007    |
|    n_updates          | 43799     |
|    policy_loss        | -1.2e+04  |
|    reward             | 968.00336 |
|    std                | 0.0665    |
|    value_loss         | 9.62e+06  |
-------------------------------------
-------------------------------------
| time/                 |           |
|    fps                | 15        |
|    iterations         | 43900     |
|    time_elapsed       | 14316     |
|    total_timesteps    | 219500    |
| train/                |           |
|    entropy_loss       | 4.26      |
|    explained_variance | 0         |
|    learning_rate      | 0.0007    |
|    n_updates          | 43899     |
|    policy_loss        | -1.31e+04 |
|    reward             | 980.4421  |
|    std                | 0.066     |
|    value_loss         | 9.42e+06  |
-------------------------------------
EPISODE:  221
-------------------------------------
| time/                 |           |
|    fps                | 15        |
|    iterations         | 44000     |
|    time_elapsed       | 14349     |
|    total_timesteps    | 220000    |
| train/                |           |
|    entropy_loss       | 4.28      |
|    explained_variance | 5.96e-08  |
|    learning_rate      | 0.0007    |
|    n_updates          | 43999     |
|    policy_loss        | -1.39e+04 |
|    reward             | 968.00336 |
|    std                | 0.0655    |
|    value_loss         | 9.62e+06  |
-------------------------------------
-------------------------------------
| time/                 |           |
|    fps                | 15        |
|    iterations         | 44100     |
|    time_elapsed       | 14382     |
|    total_timesteps    | 220500    |
| train/                |           |
|    entropy_loss       | 4.28      |
|    explained_variance | 1.19e-07  |
|    learning_rate      | 0.0007    |
|    n_updates          | 44099     |
|    policy_loss        | -1.33e+04 |
|    reward             | 980.4421  |
|    std                | 0.0659    |
|    value_loss         | 9.42e+06  |
-------------------------------------
EPISODE:  222
-------------------------------------
| time/                 |           |
|    fps                | 15        |
|    iterations         | 44200     |
|    time_elapsed       | 14415     |
|    total_timesteps    | 221000    |
| train/                |           |
|    entropy_loss       | 4.3       |
|    explained_variance | 0         |
|    learning_rate      | 0.0007    |
|    n_updates          | 44199     |
|    policy_loss        | -1.06e+04 |
|    reward             | 968.00336 |
|    std                | 0.0657    |
|    value_loss         | 9.62e+06  |
-------------------------------------
-------------------------------------
| time/                 |           |
|    fps                | 15        |
|    iterations         | 44300     |
|    time_elapsed       | 14448     |
|    total_timesteps    | 221500    |
| train/                |           |
|    entropy_loss       | 4.31      |
|    explained_variance | 0         |
|    learning_rate      | 0.0007    |
|    n_updates          | 44299     |
|    policy_loss        | -1.23e+04 |
|    reward             | 980.4421  |
|    std                | 0.0652    |
|    value_loss         | 9.42e+06  |
-------------------------------------
EPISODE:  223
-------------------------------------
| time/                 |           |
|    fps                | 15        |
|    iterations         | 44400     |
|    time_elapsed       | 14481     |
|    total_timesteps    | 222000    |
| train/                |           |
|    entropy_loss       | 4.34      |
|    explained_variance | -1.19e-07 |
|    learning_rate      | 0.0007    |
|    n_updates          | 44399     |
|    policy_loss        | -1.32e+04 |
|    reward             | 968.00336 |
|    std                | 0.0649    |
|    value_loss         | 9.62e+06  |
-------------------------------------
-------------------------------------
| time/                 |           |
|    fps                | 15        |
|    iterations         | 44500     |
|    time_elapsed       | 14514     |
|    total_timesteps    | 222500    |
| train/                |           |
|    entropy_loss       | 4.35      |
|    explained_variance | 0         |
|    learning_rate      | 0.0007    |
|    n_updates          | 44499     |
|    policy_loss        | -1.29e+04 |
|    reward             | 980.4421  |
|    std                | 0.0642    |
|    value_loss         | 9.42e+06  |
-------------------------------------
EPISODE:  224
-------------------------------------
| time/                 |           |
|    fps                | 15        |
|    iterations         | 44600     |
|    time_elapsed       | 14547     |
|    total_timesteps    | 223000    |
| train/                |           |
|    entropy_loss       | 4.38      |
|    explained_variance | 1.19e-07  |
|    learning_rate      | 0.0007    |
|    n_updates          | 44599     |
|    policy_loss        | -1.13e+04 |
|    reward             | 968.00336 |
|    std                | 0.064     |
|    value_loss         | 9.62e+06  |
-------------------------------------
-------------------------------------
| time/                 |           |
|    fps                | 15        |
|    iterations         | 44700     |
|    time_elapsed       | 14580     |
|    total_timesteps    | 223500    |
| train/                |           |
|    entropy_loss       | 4.4       |
|    explained_variance | 0         |
|    learning_rate      | 0.0007    |
|    n_updates          | 44699     |
|    policy_loss        | -1.25e+04 |
|    reward             | 980.4421  |
|    std                | 0.0636    |
|    value_loss         | 9.42e+06  |
-------------------------------------
EPISODE:  225
-------------------------------------
| time/                 |           |
|    fps                | 15        |
|    iterations         | 44800     |
|    time_elapsed       | 14613     |
|    total_timesteps    | 224000    |
| train/                |           |
|    entropy_loss       | 4.41      |
|    explained_variance | 1.19e-07  |
|    learning_rate      | 0.0007    |
|    n_updates          | 44799     |
|    policy_loss        | -1.18e+04 |
|    reward             | 968.00336 |
|    std                | 0.0639    |
|    value_loss         | 9.62e+06  |
-------------------------------------
-------------------------------------
| time/                 |           |
|    fps                | 15        |
|    iterations         | 44900     |
|    time_elapsed       | 14646     |
|    total_timesteps    | 224500    |
| train/                |           |
|    entropy_loss       | 4.42      |
|    explained_variance | 0         |
|    learning_rate      | 0.0007    |
|    n_updates          | 44899     |
|    policy_loss        | -1.14e+04 |
|    reward             | 980.4421  |
|    std                | 0.0644    |
|    value_loss         | 9.41e+06  |
-------------------------------------
EPISODE:  226
-------------------------------------
| time/                 |           |
|    fps                | 15        |
|    iterations         | 45000     |
|    time_elapsed       | 14679     |
|    total_timesteps    | 225000    |
| train/                |           |
|    entropy_loss       | 4.42      |
|    explained_variance | 0         |
|    learning_rate      | 0.0007    |
|    n_updates          | 44999     |
|    policy_loss        | -1.42e+04 |
|    reward             | 968.00336 |
|    std                | 0.0644    |
|    value_loss         | 9.62e+06  |
-------------------------------------
-------------------------------------
| time/                 |           |
|    fps                | 15        |
|    iterations         | 45100     |
|    time_elapsed       | 14713     |
|    total_timesteps    | 225500    |
| train/                |           |
|    entropy_loss       | 4.44      |
|    explained_variance | -2.38e-07 |
|    learning_rate      | 0.0007    |
|    n_updates          | 45099     |
|    policy_loss        | -1.22e+04 |
|    reward             | 980.4421  |
|    std                | 0.0641    |
|    value_loss         | 9.41e+06  |
-------------------------------------
EPISODE:  227
-------------------------------------
| time/                 |           |
|    fps                | 15        |
|    iterations         | 45200     |
|    time_elapsed       | 14746     |
|    total_timesteps    | 226000    |
| train/                |           |
|    entropy_loss       | 4.45      |
|    explained_variance | -1.19e-07 |
|    learning_rate      | 0.0007    |
|    n_updates          | 45199     |
|    policy_loss        | -1.28e+04 |
|    reward             | 968.00336 |
|    std                | 0.0646    |
|    value_loss         | 9.62e+06  |
-------------------------------------
-------------------------------------
| time/                 |           |
|    fps                | 15        |
|    iterations         | 45300     |
|    time_elapsed       | 14779     |
|    total_timesteps    | 226500    |
| train/                |           |
|    entropy_loss       | 4.47      |
|    explained_variance | 0         |
|    learning_rate      | 0.0007    |
|    n_updates          | 45299     |
|    policy_loss        | -1.24e+04 |
|    reward             | 980.4421  |
|    std                | 0.0646    |
|    value_loss         | 9.41e+06  |
-------------------------------------
EPISODE:  228
-------------------------------------
| time/                 |           |
|    fps                | 15        |
|    iterations         | 45400     |
|    time_elapsed       | 14812     |
|    total_timesteps    | 227000    |
| train/                |           |
|    entropy_loss       | 4.49      |
|    explained_variance | 0         |
|    learning_rate      | 0.0007    |
|    n_updates          | 45399     |
|    policy_loss        | -1.42e+04 |
|    reward             | 968.00336 |
|    std                | 0.0638    |
|    value_loss         | 9.62e+06  |
-------------------------------------
-------------------------------------
| time/                 |           |
|    fps                | 15        |
|    iterations         | 45500     |
|    time_elapsed       | 14846     |
|    total_timesteps    | 227500    |
| train/                |           |
|    entropy_loss       | 4.51      |
|    explained_variance | 0         |
|    learning_rate      | 0.0007    |
|    n_updates          | 45499     |
|    policy_loss        | -1.33e+04 |
|    reward             | 980.4421  |
|    std                | 0.0637    |
|    value_loss         | 9.41e+06  |
-------------------------------------
EPISODE:  229
-------------------------------------
| time/                 |           |
|    fps                | 15        |
|    iterations         | 45600     |
|    time_elapsed       | 14879     |
|    total_timesteps    | 228000    |
| train/                |           |
|    entropy_loss       | 4.54      |
|    explained_variance | 0         |
|    learning_rate      | 0.0007    |
|    n_updates          | 45599     |
|    policy_loss        | -1.24e+04 |
|    reward             | 968.00336 |
|    std                | 0.0631    |
|    value_loss         | 9.61e+06  |
-------------------------------------
-------------------------------------
| time/                 |           |
|    fps                | 15        |
|    iterations         | 45700     |
|    time_elapsed       | 14912     |
|    total_timesteps    | 228500    |
| train/                |           |
|    entropy_loss       | 4.54      |
|    explained_variance | -1.19e-07 |
|    learning_rate      | 0.0007    |
|    n_updates          | 45699     |
|    policy_loss        | -1.45e+04 |
|    reward             | 980.4421  |
|    std                | 0.0629    |
|    value_loss         | 9.41e+06  |
-------------------------------------
EPISODE:  230
-------------------------------------
| time/                 |           |
|    fps                | 15        |
|    iterations         | 45800     |
|    time_elapsed       | 14945     |
|    total_timesteps    | 229000    |
| train/                |           |
|    entropy_loss       | 4.55      |
|    explained_variance | 5.96e-08  |
|    learning_rate      | 0.0007    |
|    n_updates          | 45799     |
|    policy_loss        | -1.35e+04 |
|    reward             | 968.00336 |
|    std                | 0.063     |
|    value_loss         | 9.61e+06  |
-------------------------------------
-------------------------------------
| time/                 |           |
|    fps                | 15        |
|    iterations         | 45900     |
|    time_elapsed       | 14978     |
|    total_timesteps    | 229500    |
| train/                |           |
|    entropy_loss       | 4.56      |
|    explained_variance | 0         |
|    learning_rate      | 0.0007    |
|    n_updates          | 45899     |
|    policy_loss        | -1.41e+04 |
|    reward             | 980.4421  |
|    std                | 0.0631    |
|    value_loss         | 9.41e+06  |
-------------------------------------
EPISODE:  231
-------------------------------------
| time/                 |           |
|    fps                | 15        |
|    iterations         | 46000     |
|    time_elapsed       | 15011     |
|    total_timesteps    | 230000    |
| train/                |           |
|    entropy_loss       | 4.57      |
|    explained_variance | -1.19e-07 |
|    learning_rate      | 0.0007    |
|    n_updates          | 45999     |
|    policy_loss        | -1.47e+04 |
|    reward             | 968.00336 |
|    std                | 0.063     |
|    value_loss         | 9.61e+06  |
-------------------------------------
-------------------------------------
| time/                 |           |
|    fps                | 15        |
|    iterations         | 46100     |
|    time_elapsed       | 15045     |
|    total_timesteps    | 230500    |
| train/                |           |
|    entropy_loss       | 4.59      |
|    explained_variance | 1.79e-07  |
|    learning_rate      | 0.0007    |
|    n_updates          | 46099     |
|    policy_loss        | -1.34e+04 |
|    reward             | 980.4421  |
|    std                | 0.0625    |
|    value_loss         | 9.41e+06  |
-------------------------------------
EPISODE:  232
-------------------------------------
| time/                 |           |
|    fps                | 15        |
|    iterations         | 46200     |
|    time_elapsed       | 15078     |
|    total_timesteps    | 231000    |
| train/                |           |
|    entropy_loss       | 4.61      |
|    explained_variance | 1.19e-07  |
|    learning_rate      | 0.0007    |
|    n_updates          | 46199     |
|    policy_loss        | -1.27e+04 |
|    reward             | 968.00336 |
|    std                | 0.0622    |
|    value_loss         | 9.61e+06  |
-------------------------------------
-------------------------------------
| time/                 |           |
|    fps                | 15        |
|    iterations         | 46300     |
|    time_elapsed       | 15111     |
|    total_timesteps    | 231500    |
| train/                |           |
|    entropy_loss       | 4.62      |
|    explained_variance | -1.19e-07 |
|    learning_rate      | 0.0007    |
|    n_updates          | 46299     |
|    policy_loss        | -1.43e+04 |
|    reward             | 980.4421  |
|    std                | 0.0624    |
|    value_loss         | 9.41e+06  |
-------------------------------------
EPISODE:  233
-------------------------------------
| time/                 |           |
|    fps                | 15        |
|    iterations         | 46400     |
|    time_elapsed       | 15144     |
|    total_timesteps    | 232000    |
| train/                |           |
|    entropy_loss       | 4.64      |
|    explained_variance | 5.96e-08  |
|    learning_rate      | 0.0007    |
|    n_updates          | 46399     |
|    policy_loss        | -1.13e+04 |
|    reward             | 968.00336 |
|    std                | 0.0619    |
|    value_loss         | 9.61e+06  |
-------------------------------------
-------------------------------------
| time/                 |           |
|    fps                | 15        |
|    iterations         | 46500     |
|    time_elapsed       | 15177     |
|    total_timesteps    | 232500    |
| train/                |           |
|    entropy_loss       | 4.65      |
|    explained_variance | 5.96e-08  |
|    learning_rate      | 0.0007    |
|    n_updates          | 46499     |
|    policy_loss        | -1.47e+04 |
|    reward             | 980.4421  |
|    std                | 0.0619    |
|    value_loss         | 9.41e+06  |
-------------------------------------
EPISODE:  234
-------------------------------------
| time/                 |           |
|    fps                | 15        |
|    iterations         | 46600     |
|    time_elapsed       | 15210     |
|    total_timesteps    | 233000    |
| train/                |           |
|    entropy_loss       | 4.67      |
|    explained_variance | 0         |
|    learning_rate      | 0.0007    |
|    n_updates          | 46599     |
|    policy_loss        | -1.16e+04 |
|    reward             | 968.00336 |
|    std                | 0.0616    |
|    value_loss         | 9.61e+06  |
-------------------------------------
------------------------------------
| time/                 |          |
|    fps                | 15       |
|    iterations         | 46700    |
|    time_elapsed       | 15243    |
|    total_timesteps    | 233500   |
| train/                |          |
|    entropy_loss       | 4.69     |
|    explained_variance | 1.79e-07 |
|    learning_rate      | 0.0007   |
|    n_updates          | 46699    |
|    policy_loss        | -1.4e+04 |
|    reward             | 980.4421 |
|    std                | 0.0609   |
|    value_loss         | 9.41e+06 |
------------------------------------
EPISODE:  235
-------------------------------------
| time/                 |           |
|    fps                | 15        |
|    iterations         | 46800     |
|    time_elapsed       | 15276     |
|    total_timesteps    | 234000    |
| train/                |           |
|    entropy_loss       | 4.71      |
|    explained_variance | -1.19e-07 |
|    learning_rate      | 0.0007    |
|    n_updates          | 46799     |
|    policy_loss        | -1.17e+04 |
|    reward             | 968.00336 |
|    std                | 0.061     |
|    value_loss         | 9.61e+06  |
-------------------------------------
-------------------------------------
| time/                 |           |
|    fps                | 15        |
|    iterations         | 46900     |
|    time_elapsed       | 15309     |
|    total_timesteps    | 234500    |
| train/                |           |
|    entropy_loss       | 4.74      |
|    explained_variance | 1.79e-07  |
|    learning_rate      | 0.0007    |
|    n_updates          | 46899     |
|    policy_loss        | -1.48e+04 |
|    reward             | 980.4421  |
|    std                | 0.0603    |
|    value_loss         | 9.41e+06  |
-------------------------------------
EPISODE:  236
-------------------------------------
| time/                 |           |
|    fps                | 15        |
|    iterations         | 47000     |
|    time_elapsed       | 15342     |
|    total_timesteps    | 235000    |
| train/                |           |
|    entropy_loss       | 4.75      |
|    explained_variance | -1.19e-07 |
|    learning_rate      | 0.0007    |
|    n_updates          | 46999     |
|    policy_loss        | -1.2e+04  |
|    reward             | 968.00336 |
|    std                | 0.0599    |
|    value_loss         | 9.61e+06  |
-------------------------------------
-------------------------------------
| time/                 |           |
|    fps                | 15        |
|    iterations         | 47100     |
|    time_elapsed       | 15375     |
|    total_timesteps    | 235500    |
| train/                |           |
|    entropy_loss       | 4.76      |
|    explained_variance | -1.19e-07 |
|    learning_rate      | 0.0007    |
|    n_updates          | 47099     |
|    policy_loss        | -1.46e+04 |
|    reward             | 980.4421  |
|    std                | 0.0595    |
|    value_loss         | 9.4e+06   |
-------------------------------------
EPISODE:  237
-------------------------------------
| time/                 |           |
|    fps                | 15        |
|    iterations         | 47200     |
|    time_elapsed       | 15408     |
|    total_timesteps    | 236000    |
| train/                |           |
|    entropy_loss       | 4.8       |
|    explained_variance | 2.38e-07  |
|    learning_rate      | 0.0007    |
|    n_updates          | 47199     |
|    policy_loss        | -1.38e+04 |
|    reward             | 968.00336 |
|    std                | 0.0588    |
|    value_loss         | 9.61e+06  |
-------------------------------------
-------------------------------------
| time/                 |           |
|    fps                | 15        |
|    iterations         | 47300     |
|    time_elapsed       | 15441     |
|    total_timesteps    | 236500    |
| train/                |           |
|    entropy_loss       | 4.81      |
|    explained_variance | -1.19e-07 |
|    learning_rate      | 0.0007    |
|    n_updates          | 47299     |
|    policy_loss        | -1.19e+04 |
|    reward             | 980.4421  |
|    std                | 0.0587    |
|    value_loss         | 9.4e+06   |
-------------------------------------
EPISODE:  238
-------------------------------------
| time/                 |           |
|    fps                | 15        |
|    iterations         | 47400     |
|    time_elapsed       | 15474     |
|    total_timesteps    | 237000    |
| train/                |           |
|    entropy_loss       | 4.83      |
|    explained_variance | 0         |
|    learning_rate      | 0.0007    |
|    n_updates          | 47399     |
|    policy_loss        | -1.31e+04 |
|    reward             | 968.00336 |
|    std                | 0.059     |
|    value_loss         | 9.61e+06  |
-------------------------------------
-------------------------------------
| time/                 |           |
|    fps                | 15        |
|    iterations         | 47500     |
|    time_elapsed       | 15507     |
|    total_timesteps    | 237500    |
| train/                |           |
|    entropy_loss       | 4.83      |
|    explained_variance | 1.79e-07  |
|    learning_rate      | 0.0007    |
|    n_updates          | 47499     |
|    policy_loss        | -1.48e+04 |
|    reward             | 980.4421  |
|    std                | 0.059     |
|    value_loss         | 9.4e+06   |
-------------------------------------
EPISODE:  239
-------------------------------------
| time/                 |           |
|    fps                | 15        |
|    iterations         | 47600     |
|    time_elapsed       | 15540     |
|    total_timesteps    | 238000    |
| train/                |           |
|    entropy_loss       | 4.84      |
|    explained_variance | 0         |
|    learning_rate      | 0.0007    |
|    n_updates          | 47599     |
|    policy_loss        | -1.47e+04 |
|    reward             | 968.00336 |
|    std                | 0.0591    |
|    value_loss         | 9.61e+06  |
-------------------------------------
-------------------------------------
| time/                 |           |
|    fps                | 15        |
|    iterations         | 47700     |
|    time_elapsed       | 15573     |
|    total_timesteps    | 238500    |
| train/                |           |
|    entropy_loss       | 4.85      |
|    explained_variance | -1.19e-07 |
|    learning_rate      | 0.0007    |
|    n_updates          | 47699     |
|    policy_loss        | -1.49e+04 |
|    reward             | 980.4421  |
|    std                | 0.0595    |
|    value_loss         | 9.4e+06   |
-------------------------------------
EPISODE:  240
-------------------------------------
| time/                 |           |
|    fps                | 15        |
|    iterations         | 47800     |
|    time_elapsed       | 15607     |
|    total_timesteps    | 239000    |
| train/                |           |
|    entropy_loss       | 4.88      |
|    explained_variance | -1.19e-07 |
|    learning_rate      | 0.0007    |
|    n_updates          | 47799     |
|    policy_loss        | -1.55e+04 |
|    reward             | 968.00336 |
|    std                | 0.0588    |
|    value_loss         | 9.6e+06   |
-------------------------------------
-------------------------------------
| time/                 |           |
|    fps                | 15        |
|    iterations         | 47900     |
|    time_elapsed       | 15640     |
|    total_timesteps    | 239500    |
| train/                |           |
|    entropy_loss       | 4.9       |
|    explained_variance | -1.19e-07 |
|    learning_rate      | 0.0007    |
|    n_updates          | 47899     |
|    policy_loss        | -1.25e+04 |
|    reward             | 980.4421  |
|    std                | 0.0587    |
|    value_loss         | 9.4e+06   |
-------------------------------------
EPISODE:  241
-------------------------------------
| time/                 |           |
|    fps                | 15        |
|    iterations         | 48000     |
|    time_elapsed       | 15673     |
|    total_timesteps    | 240000    |
| train/                |           |
|    entropy_loss       | 4.93      |
|    explained_variance | 0         |
|    learning_rate      | 0.0007    |
|    n_updates          | 47999     |
|    policy_loss        | -1.27e+04 |
|    reward             | 968.00336 |
|    std                | 0.058     |
|    value_loss         | 9.6e+06   |
-------------------------------------
-------------------------------------
| time/                 |           |
|    fps                | 15        |
|    iterations         | 48100     |
|    time_elapsed       | 15706     |
|    total_timesteps    | 240500    |
| train/                |           |
|    entropy_loss       | 4.93      |
|    explained_variance | 0         |
|    learning_rate      | 0.0007    |
|    n_updates          | 48099     |
|    policy_loss        | -1.51e+04 |
|    reward             | 980.4421  |
|    std                | 0.0585    |
|    value_loss         | 9.4e+06   |
-------------------------------------
EPISODE:  242
-------------------------------------
| time/                 |           |
|    fps                | 15        |
|    iterations         | 48200     |
|    time_elapsed       | 15739     |
|    total_timesteps    | 241000    |
| train/                |           |
|    entropy_loss       | 4.94      |
|    explained_variance | -1.19e-07 |
|    learning_rate      | 0.0007    |
|    n_updates          | 48199     |
|    policy_loss        | -1.52e+04 |
|    reward             | 968.00336 |
|    std                | 0.0585    |
|    value_loss         | 9.6e+06   |
-------------------------------------
------------------------------------
| time/                 |          |
|    fps                | 15       |
|    iterations         | 48300    |
|    time_elapsed       | 15773    |
|    total_timesteps    | 241500   |
| train/                |          |
|    entropy_loss       | 4.97     |
|    explained_variance | 5.96e-08 |
|    learning_rate      | 0.0007   |
|    n_updates          | 48299    |
|    policy_loss        | -1.4e+04 |
|    reward             | 980.4421 |
|    std                | 0.0579   |
|    value_loss         | 9.4e+06  |
------------------------------------
EPISODE:  243
-------------------------------------
| time/                 |           |
|    fps                | 15        |
|    iterations         | 48400     |
|    time_elapsed       | 15806     |
|    total_timesteps    | 242000    |
| train/                |           |
|    entropy_loss       | 4.99      |
|    explained_variance | 0         |
|    learning_rate      | 0.0007    |
|    n_updates          | 48399     |
|    policy_loss        | -1.43e+04 |
|    reward             | 968.00336 |
|    std                | 0.0576    |
|    value_loss         | 9.6e+06   |
-------------------------------------
-------------------------------------
| time/                 |           |
|    fps                | 15        |
|    iterations         | 48500     |
|    time_elapsed       | 15839     |
|    total_timesteps    | 242500    |
| train/                |           |
|    entropy_loss       | 5         |
|    explained_variance | 0         |
|    learning_rate      | 0.0007    |
|    n_updates          | 48499     |
|    policy_loss        | -1.28e+04 |
|    reward             | 980.4421  |
|    std                | 0.057     |
|    value_loss         | 9.4e+06   |
-------------------------------------
EPISODE:  244
-------------------------------------
| time/                 |           |
|    fps                | 15        |
|    iterations         | 48600     |
|    time_elapsed       | 15872     |
|    total_timesteps    | 243000    |
| train/                |           |
|    entropy_loss       | 5.01      |
|    explained_variance | 0         |
|    learning_rate      | 0.0007    |
|    n_updates          | 48599     |
|    policy_loss        | -1.16e+04 |
|    reward             | 968.00336 |
|    std                | 0.0574    |
|    value_loss         | 9.6e+06   |
-------------------------------------
-------------------------------------
| time/                 |           |
|    fps                | 15        |
|    iterations         | 48700     |
|    time_elapsed       | 15905     |
|    total_timesteps    | 243500    |
| train/                |           |
|    entropy_loss       | 5.02      |
|    explained_variance | 5.96e-08  |
|    learning_rate      | 0.0007    |
|    n_updates          | 48699     |
|    policy_loss        | -1.21e+04 |
|    reward             | 980.4421  |
|    std                | 0.0574    |
|    value_loss         | 9.4e+06   |
-------------------------------------
EPISODE:  245
-------------------------------------
| time/                 |           |
|    fps                | 15        |
|    iterations         | 48800     |
|    time_elapsed       | 15938     |
|    total_timesteps    | 244000    |
| train/                |           |
|    entropy_loss       | 5.04      |
|    explained_variance | 1.19e-07  |
|    learning_rate      | 0.0007    |
|    n_updates          | 48799     |
|    policy_loss        | -9.7e+03  |
|    reward             | 968.00336 |
|    std                | 0.0575    |
|    value_loss         | 9.6e+06   |
-------------------------------------
------------------------------------
| time/                 |          |
|    fps                | 15       |
|    iterations         | 48900    |
|    time_elapsed       | 15971    |
|    total_timesteps    | 244500   |
| train/                |          |
|    entropy_loss       | 5.04     |
|    explained_variance | 5.96e-08 |
|    learning_rate      | 0.0007   |
|    n_updates          | 48899    |
|    policy_loss        | -1.5e+04 |
|    reward             | 980.4421 |
|    std                | 0.0574   |
|    value_loss         | 9.4e+06  |
------------------------------------
EPISODE:  246
-------------------------------------
| time/                 |           |
|    fps                | 15        |
|    iterations         | 49000     |
|    time_elapsed       | 16004     |
|    total_timesteps    | 245000    |
| train/                |           |
|    entropy_loss       | 5.06      |
|    explained_variance | 1.19e-07  |
|    learning_rate      | 0.0007    |
|    n_updates          | 48999     |
|    policy_loss        | -1.41e+04 |
|    reward             | 968.00336 |
|    std                | 0.0576    |
|    value_loss         | 9.6e+06   |
-------------------------------------
-------------------------------------
| time/                 |           |
|    fps                | 15        |
|    iterations         | 49100     |
|    time_elapsed       | 16038     |
|    total_timesteps    | 245500    |
| train/                |           |
|    entropy_loss       | 5.08      |
|    explained_variance | -1.19e-07 |
|    learning_rate      | 0.0007    |
|    n_updates          | 49099     |
|    policy_loss        | -1.49e+04 |
|    reward             | 980.4421  |
|    std                | 0.0574    |
|    value_loss         | 9.4e+06   |
-------------------------------------
EPISODE:  247
-------------------------------------
| time/                 |           |
|    fps                | 15        |
|    iterations         | 49200     |
|    time_elapsed       | 16071     |
|    total_timesteps    | 246000    |
| train/                |           |
|    entropy_loss       | 5.1       |
|    explained_variance | 1.19e-07  |
|    learning_rate      | 0.0007    |
|    n_updates          | 49199     |
|    policy_loss        | -1.21e+04 |
|    reward             | 968.00336 |
|    std                | 0.0573    |
|    value_loss         | 9.6e+06   |
-------------------------------------
-------------------------------------
| time/                 |           |
|    fps                | 15        |
|    iterations         | 49300     |
|    time_elapsed       | 16104     |
|    total_timesteps    | 246500    |
| train/                |           |
|    entropy_loss       | 5.12      |
|    explained_variance | -1.19e-07 |
|    learning_rate      | 0.0007    |
|    n_updates          | 49299     |
|    policy_loss        | -1.52e+04 |
|    reward             | 980.4421  |
|    std                | 0.0568    |
|    value_loss         | 9.4e+06   |
-------------------------------------
EPISODE:  248
-------------------------------------
| time/                 |           |
|    fps                | 15        |
|    iterations         | 49400     |
|    time_elapsed       | 16137     |
|    total_timesteps    | 247000    |
| train/                |           |
|    entropy_loss       | 5.14      |
|    explained_variance | -1.19e-07 |
|    learning_rate      | 0.0007    |
|    n_updates          | 49399     |
|    policy_loss        | -1.6e+04  |
|    reward             | 968.00336 |
|    std                | 0.0561    |
|    value_loss         | 9.6e+06   |
-------------------------------------
-------------------------------------
| time/                 |           |
|    fps                | 15        |
|    iterations         | 49500     |
|    time_elapsed       | 16170     |
|    total_timesteps    | 247500    |
| train/                |           |
|    entropy_loss       | 5.15      |
|    explained_variance | -1.19e-07 |
|    learning_rate      | 0.0007    |
|    n_updates          | 49499     |
|    policy_loss        | -1.43e+04 |
|    reward             | 980.4421  |
|    std                | 0.0559    |
|    value_loss         | 9.4e+06   |
-------------------------------------
EPISODE:  249
-------------------------------------
| time/                 |           |
|    fps                | 15        |
|    iterations         | 49600     |
|    time_elapsed       | 16203     |
|    total_timesteps    | 248000    |
| train/                |           |
|    entropy_loss       | 5.18      |
|    explained_variance | 0         |
|    learning_rate      | 0.0007    |
|    n_updates          | 49599     |
|    policy_loss        | -1.43e+04 |
|    reward             | 968.00336 |
|    std                | 0.0553    |
|    value_loss         | 9.6e+06   |
-------------------------------------
-------------------------------------
| time/                 |           |
|    fps                | 15        |
|    iterations         | 49700     |
|    time_elapsed       | 16236     |
|    total_timesteps    | 248500    |
| train/                |           |
|    entropy_loss       | 5.19      |
|    explained_variance | -1.19e-07 |
|    learning_rate      | 0.0007    |
|    n_updates          | 49699     |
|    policy_loss        | -1.46e+04 |
|    reward             | 980.4421  |
|    std                | 0.0555    |
|    value_loss         | 9.39e+06  |
-------------------------------------
EPISODE:  250
-------------------------------------
| time/                 |           |
|    fps                | 15        |
|    iterations         | 49800     |
|    time_elapsed       | 16269     |
|    total_timesteps    | 249000    |
| train/                |           |
|    entropy_loss       | 5.21      |
|    explained_variance | -1.19e-07 |
|    learning_rate      | 0.0007    |
|    n_updates          | 49799     |
|    policy_loss        | -1.51e+04 |
|    reward             | 968.00336 |
|    std                | 0.0553    |
|    value_loss         | 9.6e+06   |
-------------------------------------
-------------------------------------
| time/                 |           |
|    fps                | 15        |
|    iterations         | 49900     |
|    time_elapsed       | 16302     |
|    total_timesteps    | 249500    |
| train/                |           |
|    entropy_loss       | 5.21      |
|    explained_variance | 1.79e-07  |
|    learning_rate      | 0.0007    |
|    n_updates          | 49899     |
|    policy_loss        | -1.69e+04 |
|    reward             | 980.4421  |
|    std                | 0.0552    |
|    value_loss         | 9.39e+06  |
-------------------------------------
EPISODE:  251
-------------------------------------
| time/                 |           |
|    fps                | 15        |
|    iterations         | 50000     |
|    time_elapsed       | 16335     |
|    total_timesteps    | 250000    |
| train/                |           |
|    entropy_loss       | 5.23      |
|    explained_variance | 5.96e-08  |
|    learning_rate      | 0.0007    |
|    n_updates          | 49999     |
|    policy_loss        | -1.51e+04 |
|    reward             | 968.00336 |
|    std                | 0.0547    |
|    value_loss         | 9.6e+06   |
-------------------------------------
-------------------------------------
| time/                 |           |
|    fps                | 15        |
|    iterations         | 50100     |
|    time_elapsed       | 16368     |
|    total_timesteps    | 250500    |
| train/                |           |
|    entropy_loss       | 5.23      |
|    explained_variance | 0         |
|    learning_rate      | 0.0007    |
|    n_updates          | 50099     |
|    policy_loss        | -1.42e+04 |
|    reward             | 980.4421  |
|    std                | 0.055     |
|    value_loss         | 9.39e+06  |
-------------------------------------
EPISODE:  252
-------------------------------------
| time/                 |           |
|    fps                | 15        |
|    iterations         | 50200     |
|    time_elapsed       | 16401     |
|    total_timesteps    | 251000    |
| train/                |           |
|    entropy_loss       | 5.24      |
|    explained_variance | 1.19e-07  |
|    learning_rate      | 0.0007    |
|    n_updates          | 50199     |
|    policy_loss        | -1.57e+04 |
|    reward             | 968.00336 |
|    std                | 0.055     |
|    value_loss         | 9.6e+06   |
-------------------------------------
-------------------------------------
| time/                 |           |
|    fps                | 15        |
|    iterations         | 50300     |
|    time_elapsed       | 16434     |
|    total_timesteps    | 251500    |
| train/                |           |
|    entropy_loss       | 5.26      |
|    explained_variance | 0         |
|    learning_rate      | 0.0007    |
|    n_updates          | 50299     |
|    policy_loss        | -1.45e+04 |
|    reward             | 980.4421  |
|    std                | 0.0549    |
|    value_loss         | 9.39e+06  |
-------------------------------------
EPISODE:  253
-------------------------------------
| time/                 |           |
|    fps                | 15        |
|    iterations         | 50400     |
|    time_elapsed       | 16468     |
|    total_timesteps    | 252000    |
| train/                |           |
|    entropy_loss       | 5.27      |
|    explained_variance | 0         |
|    learning_rate      | 0.0007    |
|    n_updates          | 50399     |
|    policy_loss        | -1.33e+04 |
|    reward             | 968.00336 |
|    std                | 0.0552    |
|    value_loss         | 9.59e+06  |
-------------------------------------
-------------------------------------
| time/                 |           |
|    fps                | 15        |
|    iterations         | 50500     |
|    time_elapsed       | 16501     |
|    total_timesteps    | 252500    |
| train/                |           |
|    entropy_loss       | 5.28      |
|    explained_variance | -1.19e-07 |
|    learning_rate      | 0.0007    |
|    n_updates          | 50499     |
|    policy_loss        | -1.69e+04 |
|    reward             | 980.4421  |
|    std                | 0.0552    |
|    value_loss         | 9.39e+06  |
-------------------------------------
EPISODE:  254
-------------------------------------
| time/                 |           |
|    fps                | 15        |
|    iterations         | 50600     |
|    time_elapsed       | 16534     |
|    total_timesteps    | 253000    |
| train/                |           |
|    entropy_loss       | 5.28      |
|    explained_variance | 1.19e-07  |
|    learning_rate      | 0.0007    |
|    n_updates          | 50599     |
|    policy_loss        | -1.49e+04 |
|    reward             | 968.00336 |
|    std                | 0.0551    |
|    value_loss         | 9.59e+06  |
-------------------------------------
-------------------------------------
| time/                 |           |
|    fps                | 15        |
|    iterations         | 50700     |
|    time_elapsed       | 16567     |
|    total_timesteps    | 253500    |
| train/                |           |
|    entropy_loss       | 5.3       |
|    explained_variance | -1.19e-07 |
|    learning_rate      | 0.0007    |
|    n_updates          | 50699     |
|    policy_loss        | -1.57e+04 |
|    reward             | 980.4421  |
|    std                | 0.0554    |
|    value_loss         | 9.39e+06  |
-------------------------------------
EPISODE:  255
-------------------------------------
| time/                 |           |
|    fps                | 15        |
|    iterations         | 50800     |
|    time_elapsed       | 16600     |
|    total_timesteps    | 254000    |
| train/                |           |
|    entropy_loss       | 5.33      |
|    explained_variance | 5.96e-08  |
|    learning_rate      | 0.0007    |
|    n_updates          | 50799     |
|    policy_loss        | -1.68e+04 |
|    reward             | 968.00336 |
|    std                | 0.0548    |
|    value_loss         | 9.59e+06  |
-------------------------------------
-------------------------------------
| time/                 |           |
|    fps                | 15        |
|    iterations         | 50900     |
|    time_elapsed       | 16633     |
|    total_timesteps    | 254500    |
| train/                |           |
|    entropy_loss       | 5.35      |
|    explained_variance | -1.19e-07 |
|    learning_rate      | 0.0007    |
|    n_updates          | 50899     |
|    policy_loss        | -1.67e+04 |
|    reward             | 980.4421  |
|    std                | 0.0544    |
|    value_loss         | 9.39e+06  |
-------------------------------------
EPISODE:  256
-------------------------------------
| time/                 |           |
|    fps                | 15        |
|    iterations         | 51000     |
|    time_elapsed       | 16666     |
|    total_timesteps    | 255000    |
| train/                |           |
|    entropy_loss       | 5.37      |
|    explained_variance | -1.19e-07 |
|    learning_rate      | 0.0007    |
|    n_updates          | 50999     |
|    policy_loss        | -1.56e+04 |
|    reward             | 968.00336 |
|    std                | 0.054     |
|    value_loss         | 9.59e+06  |
-------------------------------------
-------------------------------------
| time/                 |           |
|    fps                | 15        |
|    iterations         | 51100     |
|    time_elapsed       | 16700     |
|    total_timesteps    | 255500    |
| train/                |           |
|    entropy_loss       | 5.36      |
|    explained_variance | -1.19e-07 |
|    learning_rate      | 0.0007    |
|    n_updates          | 51099     |
|    policy_loss        | -1.46e+04 |
|    reward             | 980.4421  |
|    std                | 0.0543    |
|    value_loss         | 9.39e+06  |
-------------------------------------
EPISODE:  257
-------------------------------------
| time/                 |           |
|    fps                | 15        |
|    iterations         | 51200     |
|    time_elapsed       | 16733     |
|    total_timesteps    | 256000    |
| train/                |           |
|    entropy_loss       | 5.38      |
|    explained_variance | 0         |
|    learning_rate      | 0.0007    |
|    n_updates          | 51199     |
|    policy_loss        | -1.61e+04 |
|    reward             | 968.00336 |
|    std                | 0.0544    |
|    value_loss         | 9.59e+06  |
-------------------------------------
-------------------------------------
| time/                 |           |
|    fps                | 15        |
|    iterations         | 51300     |
|    time_elapsed       | 16767     |
|    total_timesteps    | 256500    |
| train/                |           |
|    entropy_loss       | 5.4       |
|    explained_variance | -1.19e-07 |
|    learning_rate      | 0.0007    |
|    n_updates          | 51299     |
|    policy_loss        | -1.42e+04 |
|    reward             | 980.4421  |
|    std                | 0.0542    |
|    value_loss         | 9.39e+06  |
-------------------------------------
EPISODE:  258
-------------------------------------
| time/                 |           |
|    fps                | 15        |
|    iterations         | 51400     |
|    time_elapsed       | 16800     |
|    total_timesteps    | 257000    |
| train/                |           |
|    entropy_loss       | 5.41      |
|    explained_variance | 0         |
|    learning_rate      | 0.0007    |
|    n_updates          | 51399     |
|    policy_loss        | -1.28e+04 |
|    reward             | 968.00336 |
|    std                | 0.054     |
|    value_loss         | 9.59e+06  |
-------------------------------------
-------------------------------------
| time/                 |           |
|    fps                | 15        |
|    iterations         | 51500     |
|    time_elapsed       | 16833     |
|    total_timesteps    | 257500    |
| train/                |           |
|    entropy_loss       | 5.43      |
|    explained_variance | -1.19e-07 |
|    learning_rate      | 0.0007    |
|    n_updates          | 51499     |
|    policy_loss        | -1.56e+04 |
|    reward             | 980.4421  |
|    std                | 0.0536    |
|    value_loss         | 9.39e+06  |
-------------------------------------
EPISODE:  259
-------------------------------------
| time/                 |           |
|    fps                | 15        |
|    iterations         | 51600     |
|    time_elapsed       | 16866     |
|    total_timesteps    | 258000    |
| train/                |           |
|    entropy_loss       | 5.45      |
|    explained_variance | -1.19e-07 |
|    learning_rate      | 0.0007    |
|    n_updates          | 51599     |
|    policy_loss        | -1.5e+04  |
|    reward             | 968.00336 |
|    std                | 0.0532    |
|    value_loss         | 9.59e+06  |
-------------------------------------
-------------------------------------
| time/                 |           |
|    fps                | 15        |
|    iterations         | 51700     |
|    time_elapsed       | 16899     |
|    total_timesteps    | 258500    |
| train/                |           |
|    entropy_loss       | 5.46      |
|    explained_variance | 1.79e-07  |
|    learning_rate      | 0.0007    |
|    n_updates          | 51699     |
|    policy_loss        | -1.27e+04 |
|    reward             | 980.4421  |
|    std                | 0.0532    |
|    value_loss         | 9.39e+06  |
-------------------------------------
EPISODE:  260
-------------------------------------
| time/                 |           |
|    fps                | 15        |
|    iterations         | 51800     |
|    time_elapsed       | 16932     |
|    total_timesteps    | 259000    |
| train/                |           |
|    entropy_loss       | 5.47      |
|    explained_variance | 0         |
|    learning_rate      | 0.0007    |
|    n_updates          | 51799     |
|    policy_loss        | -1.57e+04 |
|    reward             | 968.00336 |
|    std                | 0.0533    |
|    value_loss         | 9.59e+06  |
-------------------------------------
-------------------------------------
| time/                 |           |
|    fps                | 15        |
|    iterations         | 51900     |
|    time_elapsed       | 16965     |
|    total_timesteps    | 259500    |
| train/                |           |
|    entropy_loss       | 5.47      |
|    explained_variance | 0         |
|    learning_rate      | 0.0007    |
|    n_updates          | 51899     |
|    policy_loss        | -1.38e+04 |
|    reward             | 980.4421  |
|    std                | 0.0535    |
|    value_loss         | 9.39e+06  |
-------------------------------------
EPISODE:  261
-------------------------------------
| time/                 |           |
|    fps                | 15        |
|    iterations         | 52000     |
|    time_elapsed       | 16998     |
|    total_timesteps    | 260000    |
| train/                |           |
|    entropy_loss       | 5.49      |
|    explained_variance | 0         |
|    learning_rate      | 0.0007    |
|    n_updates          | 51999     |
|    policy_loss        | -1.49e+04 |
|    reward             | 968.00336 |
|    std                | 0.0531    |
|    value_loss         | 9.59e+06  |
-------------------------------------
-------------------------------------
| time/                 |           |
|    fps                | 15        |
|    iterations         | 52100     |
|    time_elapsed       | 17031     |
|    total_timesteps    | 260500    |
| train/                |           |
|    entropy_loss       | 5.5       |
|    explained_variance | -1.19e-07 |
|    learning_rate      | 0.0007    |
|    n_updates          | 52099     |
|    policy_loss        | -1.55e+04 |
|    reward             | 980.4421  |
|    std                | 0.0532    |
|    value_loss         | 9.39e+06  |
-------------------------------------
EPISODE:  262
-------------------------------------
| time/                 |           |
|    fps                | 15        |
|    iterations         | 52200     |
|    time_elapsed       | 17065     |
|    total_timesteps    | 261000    |
| train/                |           |
|    entropy_loss       | 5.53      |
|    explained_variance | -1.19e-07 |
|    learning_rate      | 0.0007    |
|    n_updates          | 52199     |
|    policy_loss        | -1.61e+04 |
|    reward             | 968.00336 |
|    std                | 0.0529    |
|    value_loss         | 9.59e+06  |
-------------------------------------
-------------------------------------
| time/                 |           |
|    fps                | 15        |
|    iterations         | 52300     |
|    time_elapsed       | 17098     |
|    total_timesteps    | 261500    |
| train/                |           |
|    entropy_loss       | 5.53      |
|    explained_variance | -1.19e-07 |
|    learning_rate      | 0.0007    |
|    n_updates          | 52299     |
|    policy_loss        | -1.54e+04 |
|    reward             | 980.4421  |
|    std                | 0.053     |
|    value_loss         | 9.38e+06  |
-------------------------------------
EPISODE:  263
-------------------------------------
| time/                 |           |
|    fps                | 15        |
|    iterations         | 52400     |
|    time_elapsed       | 17131     |
|    total_timesteps    | 262000    |
| train/                |           |
|    entropy_loss       | 5.53      |
|    explained_variance | -1.19e-07 |
|    learning_rate      | 0.0007    |
|    n_updates          | 52399     |
|    policy_loss        | -1.55e+04 |
|    reward             | 968.00336 |
|    std                | 0.0533    |
|    value_loss         | 9.59e+06  |
-------------------------------------
-------------------------------------
| time/                 |           |
|    fps                | 15        |
|    iterations         | 52500     |
|    time_elapsed       | 17164     |
|    total_timesteps    | 262500    |
| train/                |           |
|    entropy_loss       | 5.52      |
|    explained_variance | 5.96e-08  |
|    learning_rate      | 0.0007    |
|    n_updates          | 52499     |
|    policy_loss        | -1.44e+04 |
|    reward             | 980.4421  |
|    std                | 0.0536    |
|    value_loss         | 9.38e+06  |
-------------------------------------
EPISODE:  264
-------------------------------------
| time/                 |           |
|    fps                | 15        |
|    iterations         | 52600     |
|    time_elapsed       | 17197     |
|    total_timesteps    | 263000    |
| train/                |           |
|    entropy_loss       | 5.53      |
|    explained_variance | 1.19e-07  |
|    learning_rate      | 0.0007    |
|    n_updates          | 52599     |
|    policy_loss        | -1.73e+04 |
|    reward             | 968.00336 |
|    std                | 0.0537    |
|    value_loss         | 9.59e+06  |
-------------------------------------
-------------------------------------
| time/                 |           |
|    fps                | 15        |
|    iterations         | 52700     |
|    time_elapsed       | 17230     |
|    total_timesteps    | 263500    |
| train/                |           |
|    entropy_loss       | 5.54      |
|    explained_variance | -1.19e-07 |
|    learning_rate      | 0.0007    |
|    n_updates          | 52699     |
|    policy_loss        | -1.52e+04 |
|    reward             | 980.4421  |
|    std                | 0.0537    |
|    value_loss         | 9.38e+06  |
-------------------------------------
EPISODE:  265
-------------------------------------
| time/                 |           |
|    fps                | 15        |
|    iterations         | 52800     |
|    time_elapsed       | 17263     |
|    total_timesteps    | 264000    |
| train/                |           |
|    entropy_loss       | 5.54      |
|    explained_variance | 0         |
|    learning_rate      | 0.0007    |
|    n_updates          | 52799     |
|    policy_loss        | -1.7e+04  |
|    reward             | 968.00336 |
|    std                | 0.0537    |
|    value_loss         | 9.59e+06  |
-------------------------------------
-------------------------------------
| time/                 |           |
|    fps                | 15        |
|    iterations         | 52900     |
|    time_elapsed       | 17296     |
|    total_timesteps    | 264500    |
| train/                |           |
|    entropy_loss       | 5.55      |
|    explained_variance | 1.79e-07  |
|    learning_rate      | 0.0007    |
|    n_updates          | 52899     |
|    policy_loss        | -1.65e+04 |
|    reward             | 980.4421  |
|    std                | 0.0534    |
|    value_loss         | 9.38e+06  |
-------------------------------------
EPISODE:  266
-------------------------------------
| time/                 |           |
|    fps                | 15        |
|    iterations         | 53000     |
|    time_elapsed       | 17329     |
|    total_timesteps    | 265000    |
| train/                |           |
|    entropy_loss       | 5.57      |
|    explained_variance | 0         |
|    learning_rate      | 0.0007    |
|    n_updates          | 52999     |
|    policy_loss        | -1.61e+04 |
|    reward             | 968.00336 |
|    std                | 0.053     |
|    value_loss         | 9.59e+06  |
-------------------------------------
-------------------------------------
| time/                 |           |
|    fps                | 15        |
|    iterations         | 53100     |
|    time_elapsed       | 17362     |
|    total_timesteps    | 265500    |
| train/                |           |
|    entropy_loss       | 5.61      |
|    explained_variance | -1.19e-07 |
|    learning_rate      | 0.0007    |
|    n_updates          | 53099     |
|    policy_loss        | -1.63e+04 |
|    reward             | 980.4421  |
|    std                | 0.0521    |
|    value_loss         | 9.38e+06  |
-------------------------------------
EPISODE:  267
-------------------------------------
| time/                 |           |
|    fps                | 15        |
|    iterations         | 53200     |
|    time_elapsed       | 17395     |
|    total_timesteps    | 266000    |
| train/                |           |
|    entropy_loss       | 5.63      |
|    explained_variance | 1.19e-07  |
|    learning_rate      | 0.0007    |
|    n_updates          | 53199     |
|    policy_loss        | -1.72e+04 |
|    reward             | 968.00336 |
|    std                | 0.0517    |
|    value_loss         | 9.58e+06  |
-------------------------------------
-------------------------------------
| time/                 |           |
|    fps                | 15        |
|    iterations         | 53300     |
|    time_elapsed       | 17428     |
|    total_timesteps    | 266500    |
| train/                |           |
|    entropy_loss       | 5.64      |
|    explained_variance | 0         |
|    learning_rate      | 0.0007    |
|    n_updates          | 53299     |
|    policy_loss        | -1.64e+04 |
|    reward             | 980.4421  |
|    std                | 0.0511    |
|    value_loss         | 9.38e+06  |
-------------------------------------
EPISODE:  268
-------------------------------------
| time/                 |           |
|    fps                | 15        |
|    iterations         | 53400     |
|    time_elapsed       | 17462     |
|    total_timesteps    | 267000    |
| train/                |           |
|    entropy_loss       | 5.64      |
|    explained_variance | 0         |
|    learning_rate      | 0.0007    |
|    n_updates          | 53399     |
|    policy_loss        | -1.75e+04 |
|    reward             | 968.00336 |
|    std                | 0.0513    |
|    value_loss         | 9.58e+06  |
-------------------------------------
------------------------------------
| time/                 |          |
|    fps                | 15       |
|    iterations         | 53500    |
|    time_elapsed       | 17495    |
|    total_timesteps    | 267500   |
| train/                |          |
|    entropy_loss       | 5.65     |
|    explained_variance | 0        |
|    learning_rate      | 0.0007   |
|    n_updates          | 53499    |
|    policy_loss        | -1.6e+04 |
|    reward             | 980.4421 |
|    std                | 0.0513   |
|    value_loss         | 9.38e+06 |
------------------------------------
EPISODE:  269
-------------------------------------
| time/                 |           |
|    fps                | 15        |
|    iterations         | 53600     |
|    time_elapsed       | 17528     |
|    total_timesteps    | 268000    |
| train/                |           |
|    entropy_loss       | 5.67      |
|    explained_variance | -1.19e-07 |
|    learning_rate      | 0.0007    |
|    n_updates          | 53599     |
|    policy_loss        | -1.69e+04 |
|    reward             | 968.00336 |
|    std                | 0.0516    |
|    value_loss         | 9.58e+06  |
-------------------------------------
-------------------------------------
| time/                 |           |
|    fps                | 15        |
|    iterations         | 53700     |
|    time_elapsed       | 17561     |
|    total_timesteps    | 268500    |
| train/                |           |
|    entropy_loss       | 5.68      |
|    explained_variance | 5.96e-08  |
|    learning_rate      | 0.0007    |
|    n_updates          | 53699     |
|    policy_loss        | -1.59e+04 |
|    reward             | 980.4421  |
|    std                | 0.0514    |
|    value_loss         | 9.38e+06  |
-------------------------------------
EPISODE:  270
-------------------------------------
| time/                 |           |
|    fps                | 15        |
|    iterations         | 53800     |
|    time_elapsed       | 17594     |
|    total_timesteps    | 269000    |
| train/                |           |
|    entropy_loss       | 5.69      |
|    explained_variance | -1.19e-07 |
|    learning_rate      | 0.0007    |
|    n_updates          | 53799     |
|    policy_loss        | -1.63e+04 |
|    reward             | 968.00336 |
|    std                | 0.0514    |
|    value_loss         | 9.58e+06  |
-------------------------------------
-------------------------------------
| time/                 |           |
|    fps                | 15        |
|    iterations         | 53900     |
|    time_elapsed       | 17628     |
|    total_timesteps    | 269500    |
| train/                |           |
|    entropy_loss       | 5.7       |
|    explained_variance | 5.96e-08  |
|    learning_rate      | 0.0007    |
|    n_updates          | 53899     |
|    policy_loss        | -1.52e+04 |
|    reward             | 980.4421  |
|    std                | 0.0511    |
|    value_loss         | 9.38e+06  |
-------------------------------------
EPISODE:  271
-------------------------------------
| time/                 |           |
|    fps                | 15        |
|    iterations         | 54000     |
|    time_elapsed       | 17661     |
|    total_timesteps    | 270000    |
| train/                |           |
|    entropy_loss       | 5.71      |
|    explained_variance | 0         |
|    learning_rate      | 0.0007    |
|    n_updates          | 53999     |
|    policy_loss        | -1.73e+04 |
|    reward             | 968.00336 |
|    std                | 0.0511    |
|    value_loss         | 9.58e+06  |
-------------------------------------
-------------------------------------
| time/                 |           |
|    fps                | 15        |
|    iterations         | 54100     |
|    time_elapsed       | 17694     |
|    total_timesteps    | 270500    |
| train/                |           |
|    entropy_loss       | 5.72      |
|    explained_variance | 1.79e-07  |
|    learning_rate      | 0.0007    |
|    n_updates          | 54099     |
|    policy_loss        | -1.44e+04 |
|    reward             | 980.4421  |
|    std                | 0.0509    |
|    value_loss         | 9.38e+06  |
-------------------------------------
EPISODE:  272
-------------------------------------
| time/                 |           |
|    fps                | 15        |
|    iterations         | 54200     |
|    time_elapsed       | 17727     |
|    total_timesteps    | 271000    |
| train/                |           |
|    entropy_loss       | 5.74      |
|    explained_variance | 0         |
|    learning_rate      | 0.0007    |
|    n_updates          | 54199     |
|    policy_loss        | -1.62e+04 |
|    reward             | 968.00336 |
|    std                | 0.0506    |
|    value_loss         | 9.58e+06  |
-------------------------------------
-------------------------------------
| time/                 |           |
|    fps                | 15        |
|    iterations         | 54300     |
|    time_elapsed       | 17760     |
|    total_timesteps    | 271500    |
| train/                |           |
|    entropy_loss       | 5.75      |
|    explained_variance | 5.96e-08  |
|    learning_rate      | 0.0007    |
|    n_updates          | 54299     |
|    policy_loss        | -1.47e+04 |
|    reward             | 980.4421  |
|    std                | 0.0504    |
|    value_loss         | 9.38e+06  |
-------------------------------------
EPISODE:  273
-------------------------------------
| time/                 |           |
|    fps                | 15        |
|    iterations         | 54400     |
|    time_elapsed       | 17793     |
|    total_timesteps    | 272000    |
| train/                |           |
|    entropy_loss       | 5.76      |
|    explained_variance | 0         |
|    learning_rate      | 0.0007    |
|    n_updates          | 54399     |
|    policy_loss        | -1.56e+04 |
|    reward             | 968.00336 |
|    std                | 0.0502    |
|    value_loss         | 9.58e+06  |
-------------------------------------
-------------------------------------
| time/                 |           |
|    fps                | 15        |
|    iterations         | 54500     |
|    time_elapsed       | 17826     |
|    total_timesteps    | 272500    |
| train/                |           |
|    entropy_loss       | 5.78      |
|    explained_variance | -1.19e-07 |
|    learning_rate      | 0.0007    |
|    n_updates          | 54499     |
|    policy_loss        | -1.79e+04 |
|    reward             | 980.4421  |
|    std                | 0.0502    |
|    value_loss         | 9.38e+06  |
-------------------------------------
EPISODE:  274
-------------------------------------
| time/                 |           |
|    fps                | 15        |
|    iterations         | 54600     |
|    time_elapsed       | 17859     |
|    total_timesteps    | 273000    |
| train/                |           |
|    entropy_loss       | 5.79      |
|    explained_variance | 0         |
|    learning_rate      | 0.0007    |
|    n_updates          | 54599     |
|    policy_loss        | -1.65e+04 |
|    reward             | 968.00336 |
|    std                | 0.0499    |
|    value_loss         | 9.58e+06  |
-------------------------------------
-------------------------------------
| time/                 |           |
|    fps                | 15        |
|    iterations         | 54700     |
|    time_elapsed       | 17892     |
|    total_timesteps    | 273500    |
| train/                |           |
|    entropy_loss       | 5.8       |
|    explained_variance | -1.19e-07 |
|    learning_rate      | 0.0007    |
|    n_updates          | 54699     |
|    policy_loss        | -1.68e+04 |
|    reward             | 980.4421  |
|    std                | 0.0498    |
|    value_loss         | 9.38e+06  |
-------------------------------------
EPISODE:  275
-------------------------------------
| time/                 |           |
|    fps                | 15        |
|    iterations         | 54800     |
|    time_elapsed       | 17925     |
|    total_timesteps    | 274000    |
| train/                |           |
|    entropy_loss       | 5.81      |
|    explained_variance | -1.19e-07 |
|    learning_rate      | 0.0007    |
|    n_updates          | 54799     |
|    policy_loss        | -1.45e+04 |
|    reward             | 968.00336 |
|    std                | 0.0492    |
|    value_loss         | 9.58e+06  |
-------------------------------------
-------------------------------------
| time/                 |           |
|    fps                | 15        |
|    iterations         | 54900     |
|    time_elapsed       | 17959     |
|    total_timesteps    | 274500    |
| train/                |           |
|    entropy_loss       | 5.81      |
|    explained_variance | -1.19e-07 |
|    learning_rate      | 0.0007    |
|    n_updates          | 54899     |
|    policy_loss        | -1.65e+04 |
|    reward             | 980.4421  |
|    std                | 0.0493    |
|    value_loss         | 9.38e+06  |
-------------------------------------
EPISODE:  276
-------------------------------------
| time/                 |           |
|    fps                | 15        |
|    iterations         | 55000     |
|    time_elapsed       | 17992     |
|    total_timesteps    | 275000    |
| train/                |           |
|    entropy_loss       | 5.83      |
|    explained_variance | 0         |
|    learning_rate      | 0.0007    |
|    n_updates          | 54999     |
|    policy_loss        | -1.75e+04 |
|    reward             | 968.00336 |
|    std                | 0.0488    |
|    value_loss         | 9.58e+06  |
-------------------------------------
-------------------------------------
| time/                 |           |
|    fps                | 15        |
|    iterations         | 55100     |
|    time_elapsed       | 18025     |
|    total_timesteps    | 275500    |
| train/                |           |
|    entropy_loss       | 5.83      |
|    explained_variance | 0         |
|    learning_rate      | 0.0007    |
|    n_updates          | 55099     |
|    policy_loss        | -1.65e+04 |
|    reward             | 980.4421  |
|    std                | 0.049     |
|    value_loss         | 9.37e+06  |
-------------------------------------
EPISODE:  277
-------------------------------------
| time/                 |           |
|    fps                | 15        |
|    iterations         | 55200     |
|    time_elapsed       | 18058     |
|    total_timesteps    | 276000    |
| train/                |           |
|    entropy_loss       | 5.83      |
|    explained_variance | 0         |
|    learning_rate      | 0.0007    |
|    n_updates          | 55199     |
|    policy_loss        | -1.81e+04 |
|    reward             | 968.00336 |
|    std                | 0.0492    |
|    value_loss         | 9.58e+06  |
-------------------------------------
-------------------------------------
| time/                 |           |
|    fps                | 15        |
|    iterations         | 55300     |
|    time_elapsed       | 18091     |
|    total_timesteps    | 276500    |
| train/                |           |
|    entropy_loss       | 5.84      |
|    explained_variance | 1.79e-07  |
|    learning_rate      | 0.0007    |
|    n_updates          | 55299     |
|    policy_loss        | -1.68e+04 |
|    reward             | 980.4421  |
|    std                | 0.0491    |
|    value_loss         | 9.37e+06  |
-------------------------------------
EPISODE:  278
-------------------------------------
| time/                 |           |
|    fps                | 15        |
|    iterations         | 55400     |
|    time_elapsed       | 18124     |
|    total_timesteps    | 277000    |
| train/                |           |
|    entropy_loss       | 5.86      |
|    explained_variance | -1.19e-07 |
|    learning_rate      | 0.0007    |
|    n_updates          | 55399     |
|    policy_loss        | -1.38e+04 |
|    reward             | 968.00336 |
|    std                | 0.0484    |
|    value_loss         | 9.58e+06  |
-------------------------------------
------------------------------------
| time/                 |          |
|    fps                | 15       |
|    iterations         | 55500    |
|    time_elapsed       | 18157    |
|    total_timesteps    | 277500   |
| train/                |          |
|    entropy_loss       | 5.87     |
|    explained_variance | 1.79e-07 |
|    learning_rate      | 0.0007   |
|    n_updates          | 55499    |
|    policy_loss        | -1.7e+04 |
|    reward             | 980.4421 |
|    std                | 0.0482   |
|    value_loss         | 9.37e+06 |
------------------------------------
EPISODE:  279
-------------------------------------
| time/                 |           |
|    fps                | 15        |
|    iterations         | 55600     |
|    time_elapsed       | 18190     |
|    total_timesteps    | 278000    |
| train/                |           |
|    entropy_loss       | 5.88      |
|    explained_variance | 0         |
|    learning_rate      | 0.0007    |
|    n_updates          | 55599     |
|    policy_loss        | -1.48e+04 |
|    reward             | 968.00336 |
|    std                | 0.0482    |
|    value_loss         | 9.58e+06  |
-------------------------------------
-------------------------------------
| time/                 |           |
|    fps                | 15        |
|    iterations         | 55700     |
|    time_elapsed       | 18223     |
|    total_timesteps    | 278500    |
| train/                |           |
|    entropy_loss       | 5.89      |
|    explained_variance | 5.96e-08  |
|    learning_rate      | 0.0007    |
|    n_updates          | 55699     |
|    policy_loss        | -1.71e+04 |
|    reward             | 980.4421  |
|    std                | 0.048     |
|    value_loss         | 9.37e+06  |
-------------------------------------
EPISODE:  280
-------------------------------------
| time/                 |           |
|    fps                | 15        |
|    iterations         | 55800     |
|    time_elapsed       | 18256     |
|    total_timesteps    | 279000    |
| train/                |           |
|    entropy_loss       | 5.89      |
|    explained_variance | 1.19e-07  |
|    learning_rate      | 0.0007    |
|    n_updates          | 55799     |
|    policy_loss        | -1.47e+04 |
|    reward             | 968.00336 |
|    std                | 0.048     |
|    value_loss         | 9.57e+06  |
-------------------------------------
-------------------------------------
| time/                 |           |
|    fps                | 15        |
|    iterations         | 55900     |
|    time_elapsed       | 18290     |
|    total_timesteps    | 279500    |
| train/                |           |
|    entropy_loss       | 5.89      |
|    explained_variance | 1.79e-07  |
|    learning_rate      | 0.0007    |
|    n_updates          | 55899     |
|    policy_loss        | -1.63e+04 |
|    reward             | 980.4421  |
|    std                | 0.0481    |
|    value_loss         | 9.37e+06  |
-------------------------------------
EPISODE:  281
-------------------------------------
| time/                 |           |
|    fps                | 15        |
|    iterations         | 56000     |
|    time_elapsed       | 18323     |
|    total_timesteps    | 280000    |
| train/                |           |
|    entropy_loss       | 5.9       |
|    explained_variance | 0         |
|    learning_rate      | 0.0007    |
|    n_updates          | 55999     |
|    policy_loss        | -1.37e+04 |
|    reward             | 968.00336 |
|    std                | 0.0479    |
|    value_loss         | 9.57e+06  |
-------------------------------------
-------------------------------------
| time/                 |           |
|    fps                | 15        |
|    iterations         | 56100     |
|    time_elapsed       | 18356     |
|    total_timesteps    | 280500    |
| train/                |           |
|    entropy_loss       | 5.92      |
|    explained_variance | -1.19e-07 |
|    learning_rate      | 0.0007    |
|    n_updates          | 56099     |
|    policy_loss        | -1.59e+04 |
|    reward             | 980.4421  |
|    std                | 0.0475    |
|    value_loss         | 9.37e+06  |
-------------------------------------
EPISODE:  282
-------------------------------------
| time/                 |           |
|    fps                | 15        |
|    iterations         | 56200     |
|    time_elapsed       | 18389     |
|    total_timesteps    | 281000    |
| train/                |           |
|    entropy_loss       | 5.91      |
|    explained_variance | -1.19e-07 |
|    learning_rate      | 0.0007    |
|    n_updates          | 56199     |
|    policy_loss        | -1.57e+04 |
|    reward             | 968.00336 |
|    std                | 0.0475    |
|    value_loss         | 9.57e+06  |
-------------------------------------
-------------------------------------
| time/                 |           |
|    fps                | 15        |
|    iterations         | 56300     |
|    time_elapsed       | 18422     |
|    total_timesteps    | 281500    |
| train/                |           |
|    entropy_loss       | 5.93      |
|    explained_variance | 5.96e-08  |
|    learning_rate      | 0.0007    |
|    n_updates          | 56299     |
|    policy_loss        | -1.67e+04 |
|    reward             | 980.4421  |
|    std                | 0.0481    |
|    value_loss         | 9.37e+06  |
-------------------------------------
EPISODE:  283
-------------------------------------
| time/                 |           |
|    fps                | 15        |
|    iterations         | 56400     |
|    time_elapsed       | 18455     |
|    total_timesteps    | 282000    |
| train/                |           |
|    entropy_loss       | 5.94      |
|    explained_variance | -1.19e-07 |
|    learning_rate      | 0.0007    |
|    n_updates          | 56399     |
|    policy_loss        | -1.69e+04 |
|    reward             | 968.00336 |
|    std                | 0.048     |
|    value_loss         | 9.57e+06  |
-------------------------------------
-------------------------------------
| time/                 |           |
|    fps                | 15        |
|    iterations         | 56500     |
|    time_elapsed       | 18488     |
|    total_timesteps    | 282500    |
| train/                |           |
|    entropy_loss       | 5.94      |
|    explained_variance | -1.19e-07 |
|    learning_rate      | 0.0007    |
|    n_updates          | 56499     |
|    policy_loss        | -1.64e+04 |
|    reward             | 980.4421  |
|    std                | 0.0482    |
|    value_loss         | 9.37e+06  |
-------------------------------------
EPISODE:  284
-------------------------------------
| time/                 |           |
|    fps                | 15        |
|    iterations         | 56600     |
|    time_elapsed       | 18521     |
|    total_timesteps    | 283000    |
| train/                |           |
|    entropy_loss       | 5.94      |
|    explained_variance | 0         |
|    learning_rate      | 0.0007    |
|    n_updates          | 56599     |
|    policy_loss        | -1.61e+04 |
|    reward             | 968.00336 |
|    std                | 0.0481    |
|    value_loss         | 9.57e+06  |
-------------------------------------
-------------------------------------
| time/                 |           |
|    fps                | 15        |
|    iterations         | 56700     |
|    time_elapsed       | 18555     |
|    total_timesteps    | 283500    |
| train/                |           |
|    entropy_loss       | 5.94      |
|    explained_variance | 0         |
|    learning_rate      | 0.0007    |
|    n_updates          | 56699     |
|    policy_loss        | -1.34e+04 |
|    reward             | 980.4421  |
|    std                | 0.0484    |
|    value_loss         | 9.37e+06  |
-------------------------------------
EPISODE:  285
-------------------------------------
| time/                 |           |
|    fps                | 15        |
|    iterations         | 56800     |
|    time_elapsed       | 18589     |
|    total_timesteps    | 284000    |
| train/                |           |
|    entropy_loss       | 5.96      |
|    explained_variance | 0         |
|    learning_rate      | 0.0007    |
|    n_updates          | 56799     |
|    policy_loss        | -1.61e+04 |
|    reward             | 968.00336 |
|    std                | 0.0481    |
|    value_loss         | 9.57e+06  |
-------------------------------------
-------------------------------------
| time/                 |           |
|    fps                | 15        |
|    iterations         | 56900     |
|    time_elapsed       | 18622     |
|    total_timesteps    | 284500    |
| train/                |           |
|    entropy_loss       | 5.98      |
|    explained_variance | 0         |
|    learning_rate      | 0.0007    |
|    n_updates          | 56899     |
|    policy_loss        | -1.58e+04 |
|    reward             | 980.4421  |
|    std                | 0.0478    |
|    value_loss         | 9.37e+06  |
-------------------------------------
EPISODE:  286
-------------------------------------
| time/                 |           |
|    fps                | 15        |
|    iterations         | 57000     |
|    time_elapsed       | 18655     |
|    total_timesteps    | 285000    |
| train/                |           |
|    entropy_loss       | 5.99      |
|    explained_variance | 0         |
|    learning_rate      | 0.0007    |
|    n_updates          | 56999     |
|    policy_loss        | -1.82e+04 |
|    reward             | 968.00336 |
|    std                | 0.0478    |
|    value_loss         | 9.57e+06  |
-------------------------------------
-------------------------------------
| time/                 |           |
|    fps                | 15        |
|    iterations         | 57100     |
|    time_elapsed       | 18688     |
|    total_timesteps    | 285500    |
| train/                |           |
|    entropy_loss       | 6.01      |
|    explained_variance | 1.79e-07  |
|    learning_rate      | 0.0007    |
|    n_updates          | 57099     |
|    policy_loss        | -1.79e+04 |
|    reward             | 980.4421  |
|    std                | 0.0473    |
|    value_loss         | 9.37e+06  |
-------------------------------------
EPISODE:  287
-------------------------------------
| time/                 |           |
|    fps                | 15        |
|    iterations         | 57200     |
|    time_elapsed       | 18721     |
|    total_timesteps    | 286000    |
| train/                |           |
|    entropy_loss       | 6.01      |
|    explained_variance | 0         |
|    learning_rate      | 0.0007    |
|    n_updates          | 57199     |
|    policy_loss        | -1.61e+04 |
|    reward             | 968.00336 |
|    std                | 0.0479    |
|    value_loss         | 9.57e+06  |
-------------------------------------
-------------------------------------
| time/                 |           |
|    fps                | 15        |
|    iterations         | 57300     |
|    time_elapsed       | 18754     |
|    total_timesteps    | 286500    |
| train/                |           |
|    entropy_loss       | 6.01      |
|    explained_variance | -1.19e-07 |
|    learning_rate      | 0.0007    |
|    n_updates          | 57299     |
|    policy_loss        | -1.82e+04 |
|    reward             | 980.4421  |
|    std                | 0.0482    |
|    value_loss         | 9.37e+06  |
-------------------------------------
EPISODE:  288
-------------------------------------
| time/                 |           |
|    fps                | 15        |
|    iterations         | 57400     |
|    time_elapsed       | 18787     |
|    total_timesteps    | 287000    |
| train/                |           |
|    entropy_loss       | 6.03      |
|    explained_variance | 0         |
|    learning_rate      | 0.0007    |
|    n_updates          | 57399     |
|    policy_loss        | -1.68e+04 |
|    reward             | 968.00336 |
|    std                | 0.0481    |
|    value_loss         | 9.57e+06  |
-------------------------------------
-------------------------------------
| time/                 |           |
|    fps                | 15        |
|    iterations         | 57500     |
|    time_elapsed       | 18820     |
|    total_timesteps    | 287500    |
| train/                |           |
|    entropy_loss       | 6.05      |
|    explained_variance | 1.79e-07  |
|    learning_rate      | 0.0007    |
|    n_updates          | 57499     |
|    policy_loss        | -1.79e+04 |
|    reward             | 980.4421  |
|    std                | 0.0471    |
|    value_loss         | 9.37e+06  |
-------------------------------------
EPISODE:  289
-------------------------------------
| time/                 |           |
|    fps                | 15        |
|    iterations         | 57600     |
|    time_elapsed       | 18853     |
|    total_timesteps    | 288000    |
| train/                |           |
|    entropy_loss       | 6.05      |
|    explained_variance | 0         |
|    learning_rate      | 0.0007    |
|    n_updates          | 57599     |
|    policy_loss        | -1.75e+04 |
|    reward             | 968.00336 |
|    std                | 0.0473    |
|    value_loss         | 9.57e+06  |
-------------------------------------
-------------------------------------
| time/                 |           |
|    fps                | 15        |
|    iterations         | 57700     |
|    time_elapsed       | 18886     |
|    total_timesteps    | 288500    |
| train/                |           |
|    entropy_loss       | 6.07      |
|    explained_variance | -1.19e-07 |
|    learning_rate      | 0.0007    |
|    n_updates          | 57699     |
|    policy_loss        | -1.82e+04 |
|    reward             | 980.4421  |
|    std                | 0.0471    |
|    value_loss         | 9.37e+06  |
-------------------------------------
EPISODE:  290
-------------------------------------
| time/                 |           |
|    fps                | 15        |
|    iterations         | 57800     |
|    time_elapsed       | 18920     |
|    total_timesteps    | 289000    |
| train/                |           |
|    entropy_loss       | 6.1       |
|    explained_variance | -1.19e-07 |
|    learning_rate      | 0.0007    |
|    n_updates          | 57799     |
|    policy_loss        | -1.78e+04 |
|    reward             | 968.00336 |
|    std                | 0.0464    |
|    value_loss         | 9.57e+06  |
-------------------------------------
-------------------------------------
| time/                 |           |
|    fps                | 15        |
|    iterations         | 57900     |
|    time_elapsed       | 18953     |
|    total_timesteps    | 289500    |
| train/                |           |
|    entropy_loss       | 6.1       |
|    explained_variance | -1.19e-07 |
|    learning_rate      | 0.0007    |
|    n_updates          | 57899     |
|    policy_loss        | -1.66e+04 |
|    reward             | 980.4421  |
|    std                | 0.0469    |
|    value_loss         | 9.36e+06  |
-------------------------------------
EPISODE:  291
-------------------------------------
| time/                 |           |
|    fps                | 15        |
|    iterations         | 58000     |
|    time_elapsed       | 18986     |
|    total_timesteps    | 290000    |
| train/                |           |
|    entropy_loss       | 6.1       |
|    explained_variance | -1.19e-07 |
|    learning_rate      | 0.0007    |
|    n_updates          | 57999     |
|    policy_loss        | -1.73e+04 |
|    reward             | 968.00336 |
|    std                | 0.0468    |
|    value_loss         | 9.57e+06  |
-------------------------------------
-------------------------------------
| time/                 |           |
|    fps                | 15        |
|    iterations         | 58100     |
|    time_elapsed       | 19019     |
|    total_timesteps    | 290500    |
| train/                |           |
|    entropy_loss       | 6.11      |
|    explained_variance | 5.96e-08  |
|    learning_rate      | 0.0007    |
|    n_updates          | 58099     |
|    policy_loss        | -1.68e+04 |
|    reward             | 980.4421  |
|    std                | 0.0468    |
|    value_loss         | 9.36e+06  |
-------------------------------------
EPISODE:  292
-------------------------------------
| time/                 |           |
|    fps                | 15        |
|    iterations         | 58200     |
|    time_elapsed       | 19052     |
|    total_timesteps    | 291000    |
| train/                |           |
|    entropy_loss       | 6.12      |
|    explained_variance | -2.38e-07 |
|    learning_rate      | 0.0007    |
|    n_updates          | 58199     |
|    policy_loss        | -1.23e+04 |
|    reward             | 968.00336 |
|    std                | 0.0471    |
|    value_loss         | 9.57e+06  |
-------------------------------------
-------------------------------------
| time/                 |           |
|    fps                | 15        |
|    iterations         | 58300     |
|    time_elapsed       | 19085     |
|    total_timesteps    | 291500    |
| train/                |           |
|    entropy_loss       | 6.12      |
|    explained_variance | 0         |
|    learning_rate      | 0.0007    |
|    n_updates          | 58299     |
|    policy_loss        | -1.87e+04 |
|    reward             | 980.4421  |
|    std                | 0.0471    |
|    value_loss         | 9.36e+06  |
-------------------------------------
EPISODE:  293
-------------------------------------
| time/                 |           |
|    fps                | 15        |
|    iterations         | 58400     |
|    time_elapsed       | 19118     |
|    total_timesteps    | 292000    |
| train/                |           |
|    entropy_loss       | 6.14      |
|    explained_variance | 5.96e-08  |
|    learning_rate      | 0.0007    |
|    n_updates          | 58399     |
|    policy_loss        | -1.8e+04  |
|    reward             | 968.00336 |
|    std                | 0.0468    |
|    value_loss         | 9.57e+06  |
-------------------------------------
-------------------------------------
| time/                 |           |
|    fps                | 15        |
|    iterations         | 58500     |
|    time_elapsed       | 19151     |
|    total_timesteps    | 292500    |
| train/                |           |
|    entropy_loss       | 6.17      |
|    explained_variance | -1.19e-07 |
|    learning_rate      | 0.0007    |
|    n_updates          | 58499     |
|    policy_loss        | -1.6e+04  |
|    reward             | 980.4421  |
|    std                | 0.0464    |
|    value_loss         | 9.36e+06  |
-------------------------------------
EPISODE:  294
-------------------------------------
| time/                 |           |
|    fps                | 15        |
|    iterations         | 58600     |
|    time_elapsed       | 19184     |
|    total_timesteps    | 293000    |
| train/                |           |
|    entropy_loss       | 6.16      |
|    explained_variance | -1.19e-07 |
|    learning_rate      | 0.0007    |
|    n_updates          | 58599     |
|    policy_loss        | -1.54e+04 |
|    reward             | 968.00336 |
|    std                | 0.0468    |
|    value_loss         | 9.56e+06  |
-------------------------------------
-------------------------------------
| time/                 |           |
|    fps                | 15        |
|    iterations         | 58700     |
|    time_elapsed       | 19218     |
|    total_timesteps    | 293500    |
| train/                |           |
|    entropy_loss       | 6.18      |
|    explained_variance | 1.79e-07  |
|    learning_rate      | 0.0007    |
|    n_updates          | 58699     |
|    policy_loss        | -1.39e+04 |
|    reward             | 980.4421  |
|    std                | 0.0466    |
|    value_loss         | 9.36e+06  |
-------------------------------------
EPISODE:  295
-------------------------------------
| time/                 |           |
|    fps                | 15        |
|    iterations         | 58800     |
|    time_elapsed       | 19251     |
|    total_timesteps    | 294000    |
| train/                |           |
|    entropy_loss       | 6.2       |
|    explained_variance | 0         |
|    learning_rate      | 0.0007    |
|    n_updates          | 58799     |
|    policy_loss        | -1.65e+04 |
|    reward             | 968.00336 |
|    std                | 0.0463    |
|    value_loss         | 9.56e+06  |
-------------------------------------
-------------------------------------
| time/                 |           |
|    fps                | 15        |
|    iterations         | 58900     |
|    time_elapsed       | 19284     |
|    total_timesteps    | 294500    |
| train/                |           |
|    entropy_loss       | 6.21      |
|    explained_variance | -1.19e-07 |
|    learning_rate      | 0.0007    |
|    n_updates          | 58899     |
|    policy_loss        | -1.82e+04 |
|    reward             | 980.4421  |
|    std                | 0.046     |
|    value_loss         | 9.36e+06  |
-------------------------------------
EPISODE:  296
-------------------------------------
| time/                 |           |
|    fps                | 15        |
|    iterations         | 59000     |
|    time_elapsed       | 19317     |
|    total_timesteps    | 295000    |
| train/                |           |
|    entropy_loss       | 6.22      |
|    explained_variance | 0         |
|    learning_rate      | 0.0007    |
|    n_updates          | 58999     |
|    policy_loss        | -1.65e+04 |
|    reward             | 968.00336 |
|    std                | 0.0459    |
|    value_loss         | 9.56e+06  |
-------------------------------------
-------------------------------------
| time/                 |           |
|    fps                | 15        |
|    iterations         | 59100     |
|    time_elapsed       | 19350     |
|    total_timesteps    | 295500    |
| train/                |           |
|    entropy_loss       | 6.23      |
|    explained_variance | -1.19e-07 |
|    learning_rate      | 0.0007    |
|    n_updates          | 59099     |
|    policy_loss        | -1.87e+04 |
|    reward             | 980.4421  |
|    std                | 0.0458    |
|    value_loss         | 9.36e+06  |
-------------------------------------
EPISODE:  297
-------------------------------------
| time/                 |           |
|    fps                | 15        |
|    iterations         | 59200     |
|    time_elapsed       | 19383     |
|    total_timesteps    | 296000    |
| train/                |           |
|    entropy_loss       | 6.23      |
|    explained_variance | 5.96e-08  |
|    learning_rate      | 0.0007    |
|    n_updates          | 59199     |
|    policy_loss        | -1.71e+04 |
|    reward             | 968.00336 |
|    std                | 0.0458    |
|    value_loss         | 9.56e+06  |
-------------------------------------
-------------------------------------
| time/                 |           |
|    fps                | 15        |
|    iterations         | 59300     |
|    time_elapsed       | 19416     |
|    total_timesteps    | 296500    |
| train/                |           |
|    entropy_loss       | 6.25      |
|    explained_variance | 5.96e-08  |
|    learning_rate      | 0.0007    |
|    n_updates          | 59299     |
|    policy_loss        | -1.85e+04 |
|    reward             | 980.4421  |
|    std                | 0.0453    |
|    value_loss         | 9.36e+06  |
-------------------------------------
EPISODE:  298
-------------------------------------
| time/                 |           |
|    fps                | 15        |
|    iterations         | 59400     |
|    time_elapsed       | 19449     |
|    total_timesteps    | 297000    |
| train/                |           |
|    entropy_loss       | 6.27      |
|    explained_variance | 0         |
|    learning_rate      | 0.0007    |
|    n_updates          | 59399     |
|    policy_loss        | -1.43e+04 |
|    reward             | 968.00336 |
|    std                | 0.0453    |
|    value_loss         | 9.56e+06  |
-------------------------------------
-------------------------------------
| time/                 |           |
|    fps                | 15        |
|    iterations         | 59500     |
|    time_elapsed       | 19483     |
|    total_timesteps    | 297500    |
| train/                |           |
|    entropy_loss       | 6.29      |
|    explained_variance | -1.19e-07 |
|    learning_rate      | 0.0007    |
|    n_updates          | 59499     |
|    policy_loss        | -1.88e+04 |
|    reward             | 980.4421  |
|    std                | 0.0449    |
|    value_loss         | 9.36e+06  |
-------------------------------------
EPISODE:  299
-------------------------------------
| time/                 |           |
|    fps                | 15        |
|    iterations         | 59600     |
|    time_elapsed       | 19517     |
|    total_timesteps    | 298000    |
| train/                |           |
|    entropy_loss       | 6.3       |
|    explained_variance | -1.19e-07 |
|    learning_rate      | 0.0007    |
|    n_updates          | 59599     |
|    policy_loss        | -1.84e+04 |
|    reward             | 968.00336 |
|    std                | 0.0452    |
|    value_loss         | 9.56e+06  |
-------------------------------------
-------------------------------------
| time/                 |           |
|    fps                | 15        |
|    iterations         | 59700     |
|    time_elapsed       | 19550     |
|    total_timesteps    | 298500    |
| train/                |           |
|    entropy_loss       | 6.32      |
|    explained_variance | 5.96e-08  |
|    learning_rate      | 0.0007    |
|    n_updates          | 59699     |
|    policy_loss        | -1.41e+04 |
|    reward             | 980.4421  |
|    std                | 0.045     |
|    value_loss         | 9.36e+06  |
-------------------------------------
EPISODE:  300
-------------------------------------
| time/                 |           |
|    fps                | 15        |
|    iterations         | 59800     |
|    time_elapsed       | 19583     |
|    total_timesteps    | 299000    |
| train/                |           |
|    entropy_loss       | 6.33      |
|    explained_variance | 0         |
|    learning_rate      | 0.0007    |
|    n_updates          | 59799     |
|    policy_loss        | -1.89e+04 |
|    reward             | 968.00336 |
|    std                | 0.0448    |
|    value_loss         | 9.56e+06  |
-------------------------------------
-------------------------------------
| time/                 |           |
|    fps                | 15        |
|    iterations         | 59900     |
|    time_elapsed       | 19616     |
|    total_timesteps    | 299500    |
| train/                |           |
|    entropy_loss       | 6.34      |
|    explained_variance | -1.19e-07 |
|    learning_rate      | 0.0007    |
|    n_updates          | 59899     |
|    policy_loss        | -1.65e+04 |
|    reward             | 980.4421  |
|    std                | 0.0446    |
|    value_loss         | 9.36e+06  |
-------------------------------------
EPISODE:  301
-------------------------------------
| time/                 |           |
|    fps                | 15        |
|    iterations         | 60000     |
|    time_elapsed       | 19649     |
|    total_timesteps    | 300000    |
| train/                |           |
|    entropy_loss       | 6.35      |
|    explained_variance | 0         |
|    learning_rate      | 0.0007    |
|    n_updates          | 59999     |
|    policy_loss        | -1.9e+04  |
|    reward             | 968.00336 |
|    std                | 0.0447    |
|    value_loss         | 9.56e+06  |
-------------------------------------
-------------------------------------
| time/                 |           |
|    fps                | 15        |
|    iterations         | 60100     |
|    time_elapsed       | 19682     |
|    total_timesteps    | 300500    |
| train/                |           |
|    entropy_loss       | 6.36      |
|    explained_variance | 0         |
|    learning_rate      | 0.0007    |
|    n_updates          | 60099     |
|    policy_loss        | -1.88e+04 |
|    reward             | 980.4421  |
|    std                | 0.0445    |
|    value_loss         | 9.36e+06  |
-------------------------------------
EPISODE:  302
-------------------------------------
| time/                 |           |
|    fps                | 15        |
|    iterations         | 60200     |
|    time_elapsed       | 19715     |
|    total_timesteps    | 301000    |
| train/                |           |
|    entropy_loss       | 6.37      |
|    explained_variance | 1.19e-07  |
|    learning_rate      | 0.0007    |
|    n_updates          | 60199     |
|    policy_loss        | -1.82e+04 |
|    reward             | 968.00336 |
|    std                | 0.0445    |
|    value_loss         | 9.56e+06  |
-------------------------------------
------------------------------------
| time/                 |          |
|    fps                | 15       |
|    iterations         | 60300    |
|    time_elapsed       | 19748    |
|    total_timesteps    | 301500   |
| train/                |          |
|    entropy_loss       | 6.37     |
|    explained_variance | 0        |
|    learning_rate      | 0.0007   |
|    n_updates          | 60299    |
|    policy_loss        | -1.8e+04 |
|    reward             | 980.4421 |
|    std                | 0.0451   |
|    value_loss         | 9.36e+06 |
------------------------------------
EPISODE:  303
-------------------------------------
| time/                 |           |
|    fps                | 15        |
|    iterations         | 60400     |
|    time_elapsed       | 19782     |
|    total_timesteps    | 302000    |
| train/                |           |
|    entropy_loss       | 6.39      |
|    explained_variance | -1.19e-07 |
|    learning_rate      | 0.0007    |
|    n_updates          | 60399     |
|    policy_loss        | -1.77e+04 |
|    reward             | 968.00336 |
|    std                | 0.0448    |
|    value_loss         | 9.56e+06  |
-------------------------------------
-------------------------------------
| time/                 |           |
|    fps                | 15        |
|    iterations         | 60500     |
|    time_elapsed       | 19815     |
|    total_timesteps    | 302500    |
| train/                |           |
|    entropy_loss       | 6.4       |
|    explained_variance | 0         |
|    learning_rate      | 0.0007    |
|    n_updates          | 60499     |
|    policy_loss        | -1.85e+04 |
|    reward             | 980.4421  |
|    std                | 0.0446    |
|    value_loss         | 9.36e+06  |
-------------------------------------
EPISODE:  304
-------------------------------------
| time/                 |           |
|    fps                | 15        |
|    iterations         | 60600     |
|    time_elapsed       | 19848     |
|    total_timesteps    | 303000    |
| train/                |           |
|    entropy_loss       | 6.41      |
|    explained_variance | 0         |
|    learning_rate      | 0.0007    |
|    n_updates          | 60599     |
|    policy_loss        | -1.88e+04 |
|    reward             | 968.00336 |
|    std                | 0.045     |
|    value_loss         | 9.56e+06  |
-------------------------------------
-------------------------------------
| time/                 |           |
|    fps                | 15        |
|    iterations         | 60700     |
|    time_elapsed       | 19881     |
|    total_timesteps    | 303500    |
| train/                |           |
|    entropy_loss       | 6.43      |
|    explained_variance | -1.19e-07 |
|    learning_rate      | 0.0007    |
|    n_updates          | 60699     |
|    policy_loss        | -1.78e+04 |
|    reward             | 980.4421  |
|    std                | 0.0452    |
|    value_loss         | 9.35e+06  |
-------------------------------------
EPISODE:  305
-------------------------------------
| time/                 |           |
|    fps                | 15        |
|    iterations         | 60800     |
|    time_elapsed       | 19914     |
|    total_timesteps    | 304000    |
| train/                |           |
|    entropy_loss       | 6.43      |
|    explained_variance | 1.19e-07  |
|    learning_rate      | 0.0007    |
|    n_updates          | 60799     |
|    policy_loss        | -1.92e+04 |
|    reward             | 968.00336 |
|    std                | 0.0451    |
|    value_loss         | 9.56e+06  |
-------------------------------------
-------------------------------------
| time/                 |           |
|    fps                | 15        |
|    iterations         | 60900     |
|    time_elapsed       | 19947     |
|    total_timesteps    | 304500    |
| train/                |           |
|    entropy_loss       | 6.44      |
|    explained_variance | 1.79e-07  |
|    learning_rate      | 0.0007    |
|    n_updates          | 60899     |
|    policy_loss        | -1.76e+04 |
|    reward             | 980.4421  |
|    std                | 0.0454    |
|    value_loss         | 9.35e+06  |
-------------------------------------
EPISODE:  306
-------------------------------------
| time/                 |           |
|    fps                | 15        |
|    iterations         | 61000     |
|    time_elapsed       | 19980     |
|    total_timesteps    | 305000    |
| train/                |           |
|    entropy_loss       | 6.45      |
|    explained_variance | -1.19e-07 |
|    learning_rate      | 0.0007    |
|    n_updates          | 60999     |
|    policy_loss        | -1.88e+04 |
|    reward             | 968.00336 |
|    std                | 0.0452    |
|    value_loss         | 9.56e+06  |
-------------------------------------
-------------------------------------
| time/                 |           |
|    fps                | 15        |
|    iterations         | 61100     |
|    time_elapsed       | 20013     |
|    total_timesteps    | 305500    |
| train/                |           |
|    entropy_loss       | 6.45      |
|    explained_variance | -1.19e-07 |
|    learning_rate      | 0.0007    |
|    n_updates          | 61099     |
|    policy_loss        | -1.77e+04 |
|    reward             | 980.4421  |
|    std                | 0.045     |
|    value_loss         | 9.35e+06  |
-------------------------------------
EPISODE:  307
-------------------------------------
| time/                 |           |
|    fps                | 15        |
|    iterations         | 61200     |
|    time_elapsed       | 20046     |
|    total_timesteps    | 306000    |
| train/                |           |
|    entropy_loss       | 6.47      |
|    explained_variance | -1.19e-07 |
|    learning_rate      | 0.0007    |
|    n_updates          | 61199     |
|    policy_loss        | -1.49e+04 |
|    reward             | 968.00336 |
|    std                | 0.0447    |
|    value_loss         | 9.56e+06  |
-------------------------------------
-------------------------------------
| time/                 |           |
|    fps                | 15        |
|    iterations         | 61300     |
|    time_elapsed       | 20079     |
|    total_timesteps    | 306500    |
| train/                |           |
|    entropy_loss       | 6.49      |
|    explained_variance | 0         |
|    learning_rate      | 0.0007    |
|    n_updates          | 61299     |
|    policy_loss        | -1.69e+04 |
|    reward             | 980.4421  |
|    std                | 0.0445    |
|    value_loss         | 9.35e+06  |
-------------------------------------
EPISODE:  308
-------------------------------------
| time/                 |           |
|    fps                | 15        |
|    iterations         | 61400     |
|    time_elapsed       | 20112     |
|    total_timesteps    | 307000    |
| train/                |           |
|    entropy_loss       | 6.49      |
|    explained_variance | 5.96e-08  |
|    learning_rate      | 0.0007    |
|    n_updates          | 61399     |
|    policy_loss        | -1.24e+04 |
|    reward             | 968.00336 |
|    std                | 0.0448    |
|    value_loss         | 9.56e+06  |
-------------------------------------
-------------------------------------
| time/                 |           |
|    fps                | 15        |
|    iterations         | 61500     |
|    time_elapsed       | 20146     |
|    total_timesteps    | 307500    |
| train/                |           |
|    entropy_loss       | 6.5       |
|    explained_variance | -1.19e-07 |
|    learning_rate      | 0.0007    |
|    n_updates          | 61499     |
|    policy_loss        | -1.61e+04 |
|    reward             | 980.4421  |
|    std                | 0.0445    |
|    value_loss         | 9.35e+06  |
-------------------------------------
EPISODE:  309
-------------------------------------
| time/                 |           |
|    fps                | 15        |
|    iterations         | 61600     |
|    time_elapsed       | 20179     |
|    total_timesteps    | 308000    |
| train/                |           |
|    entropy_loss       | 6.51      |
|    explained_variance | -1.19e-07 |
|    learning_rate      | 0.0007    |
|    n_updates          | 61599     |
|    policy_loss        | -1.94e+04 |
|    reward             | 968.00336 |
|    std                | 0.0445    |
|    value_loss         | 9.55e+06  |
-------------------------------------
------------------------------------
| time/                 |          |
|    fps                | 15       |
|    iterations         | 61700    |
|    time_elapsed       | 20212    |
|    total_timesteps    | 308500   |
| train/                |          |
|    entropy_loss       | 6.51     |
|    explained_variance | 0        |
|    learning_rate      | 0.0007   |
|    n_updates          | 61699    |
|    policy_loss        | -1.5e+04 |
|    reward             | 980.4421 |
|    std                | 0.0447   |
|    value_loss         | 9.35e+06 |
------------------------------------
EPISODE:  310
-------------------------------------
| time/                 |           |
|    fps                | 15        |
|    iterations         | 61800     |
|    time_elapsed       | 20245     |
|    total_timesteps    | 309000    |
| train/                |           |
|    entropy_loss       | 6.51      |
|    explained_variance | 0         |
|    learning_rate      | 0.0007    |
|    n_updates          | 61799     |
|    policy_loss        | -1.6e+04  |
|    reward             | 968.00336 |
|    std                | 0.0451    |
|    value_loss         | 9.55e+06  |
-------------------------------------
-------------------------------------
| time/                 |           |
|    fps                | 15        |
|    iterations         | 61900     |
|    time_elapsed       | 20278     |
|    total_timesteps    | 309500    |
| train/                |           |
|    entropy_loss       | 6.53      |
|    explained_variance | 5.96e-08  |
|    learning_rate      | 0.0007    |
|    n_updates          | 61899     |
|    policy_loss        | -1.87e+04 |
|    reward             | 980.4421  |
|    std                | 0.0449    |
|    value_loss         | 9.35e+06  |
-------------------------------------
EPISODE:  311
-------------------------------------
| time/                 |           |
|    fps                | 15        |
|    iterations         | 62000     |
|    time_elapsed       | 20311     |
|    total_timesteps    | 310000    |
| train/                |           |
|    entropy_loss       | 6.54      |
|    explained_variance | 5.96e-08  |
|    learning_rate      | 0.0007    |
|    n_updates          | 61999     |
|    policy_loss        | -1.8e+04  |
|    reward             | 968.00336 |
|    std                | 0.045     |
|    value_loss         | 9.55e+06  |
-------------------------------------
------------------------------------
| time/                 |          |
|    fps                | 15       |
|    iterations         | 62100    |
|    time_elapsed       | 20344    |
|    total_timesteps    | 310500   |
| train/                |          |
|    entropy_loss       | 6.54     |
|    explained_variance | 0        |
|    learning_rate      | 0.0007   |
|    n_updates          | 62099    |
|    policy_loss        | -2e+04   |
|    reward             | 980.4421 |
|    std                | 0.0451   |
|    value_loss         | 9.35e+06 |
------------------------------------
EPISODE:  312
-------------------------------------
| time/                 |           |
|    fps                | 15        |
|    iterations         | 62200     |
|    time_elapsed       | 20377     |
|    total_timesteps    | 311000    |
| train/                |           |
|    entropy_loss       | 6.56      |
|    explained_variance | 0         |
|    learning_rate      | 0.0007    |
|    n_updates          | 62199     |
|    policy_loss        | -1.69e+04 |
|    reward             | 968.00336 |
|    std                | 0.0449    |
|    value_loss         | 9.55e+06  |
-------------------------------------
-------------------------------------
| time/                 |           |
|    fps                | 15        |
|    iterations         | 62300     |
|    time_elapsed       | 20410     |
|    total_timesteps    | 311500    |
| train/                |           |
|    entropy_loss       | 6.57      |
|    explained_variance | 0         |
|    learning_rate      | 0.0007    |
|    n_updates          | 62299     |
|    policy_loss        | -1.91e+04 |
|    reward             | 980.4421  |
|    std                | 0.045     |
|    value_loss         | 9.35e+06  |
-------------------------------------
EPISODE:  313
-------------------------------------
| time/                 |           |
|    fps                | 15        |
|    iterations         | 62400     |
|    time_elapsed       | 20444     |
|    total_timesteps    | 312000    |
| train/                |           |
|    entropy_loss       | 6.57      |
|    explained_variance | 0         |
|    learning_rate      | 0.0007    |
|    n_updates          | 62399     |
|    policy_loss        | -1.9e+04  |
|    reward             | 968.00336 |
|    std                | 0.045     |
|    value_loss         | 9.55e+06  |
-------------------------------------
-------------------------------------
| time/                 |           |
|    fps                | 15        |
|    iterations         | 62500     |
|    time_elapsed       | 20478     |
|    total_timesteps    | 312500    |
| train/                |           |
|    entropy_loss       | 6.58      |
|    explained_variance | 0         |
|    learning_rate      | 0.0007    |
|    n_updates          | 62499     |
|    policy_loss        | -1.86e+04 |
|    reward             | 980.4421  |
|    std                | 0.045     |
|    value_loss         | 9.35e+06  |
-------------------------------------
EPISODE:  314
-------------------------------------
| time/                 |           |
|    fps                | 15        |
|    iterations         | 62600     |
|    time_elapsed       | 20511     |
|    total_timesteps    | 313000    |
| train/                |           |
|    entropy_loss       | 6.59      |
|    explained_variance | 5.96e-08  |
|    learning_rate      | 0.0007    |
|    n_updates          | 62599     |
|    policy_loss        | -1.99e+04 |
|    reward             | 968.00336 |
|    std                | 0.0452    |
|    value_loss         | 9.55e+06  |
-------------------------------------
-------------------------------------
| time/                 |           |
|    fps                | 15        |
|    iterations         | 62700     |
|    time_elapsed       | 20544     |
|    total_timesteps    | 313500    |
| train/                |           |
|    entropy_loss       | 6.61      |
|    explained_variance | -1.19e-07 |
|    learning_rate      | 0.0007    |
|    n_updates          | 62699     |
|    policy_loss        | -1.79e+04 |
|    reward             | 980.4421  |
|    std                | 0.0451    |
|    value_loss         | 9.35e+06  |
-------------------------------------
EPISODE:  315
-------------------------------------
| time/                 |           |
|    fps                | 15        |
|    iterations         | 62800     |
|    time_elapsed       | 20577     |
|    total_timesteps    | 314000    |
| train/                |           |
|    entropy_loss       | 6.63      |
|    explained_variance | 0         |
|    learning_rate      | 0.0007    |
|    n_updates          | 62799     |
|    policy_loss        | -1.89e+04 |
|    reward             | 968.00336 |
|    std                | 0.0448    |
|    value_loss         | 9.55e+06  |
-------------------------------------
-------------------------------------
| time/                 |           |
|    fps                | 15        |
|    iterations         | 62900     |
|    time_elapsed       | 20610     |
|    total_timesteps    | 314500    |
| train/                |           |
|    entropy_loss       | 6.64      |
|    explained_variance | 1.79e-07  |
|    learning_rate      | 0.0007    |
|    n_updates          | 62899     |
|    policy_loss        | -1.76e+04 |
|    reward             | 980.4421  |
|    std                | 0.0447    |
|    value_loss         | 9.35e+06  |
-------------------------------------
EPISODE:  316
-------------------------------------
| time/                 |           |
|    fps                | 15        |
|    iterations         | 63000     |
|    time_elapsed       | 20643     |
|    total_timesteps    | 315000    |
| train/                |           |
|    entropy_loss       | 6.66      |
|    explained_variance | 1.19e-07  |
|    learning_rate      | 0.0007    |
|    n_updates          | 62999     |
|    policy_loss        | -1.95e+04 |
|    reward             | 968.00336 |
|    std                | 0.0443    |
|    value_loss         | 9.55e+06  |
-------------------------------------
-------------------------------------
| time/                 |           |
|    fps                | 15        |
|    iterations         | 63100     |
|    time_elapsed       | 20676     |
|    total_timesteps    | 315500    |
| train/                |           |
|    entropy_loss       | 6.68      |
|    explained_variance | 0         |
|    learning_rate      | 0.0007    |
|    n_updates          | 63099     |
|    policy_loss        | -1.74e+04 |
|    reward             | 980.4421  |
|    std                | 0.0443    |
|    value_loss         | 9.35e+06  |
-------------------------------------
EPISODE:  317
-------------------------------------
| time/                 |           |
|    fps                | 15        |
|    iterations         | 63200     |
|    time_elapsed       | 20709     |
|    total_timesteps    | 316000    |
| train/                |           |
|    entropy_loss       | 6.68      |
|    explained_variance | 0         |
|    learning_rate      | 0.0007    |
|    n_updates          | 63199     |
|    policy_loss        | -1.77e+04 |
|    reward             | 968.00336 |
|    std                | 0.0442    |
|    value_loss         | 9.55e+06  |
-------------------------------------
-------------------------------------
| time/                 |           |
|    fps                | 15        |
|    iterations         | 63300     |
|    time_elapsed       | 20742     |
|    total_timesteps    | 316500    |
| train/                |           |
|    entropy_loss       | 6.68      |
|    explained_variance | -1.19e-07 |
|    learning_rate      | 0.0007    |
|    n_updates          | 63299     |
|    policy_loss        | -1.77e+04 |
|    reward             | 980.4421  |
|    std                | 0.0446    |
|    value_loss         | 9.35e+06  |
-------------------------------------
EPISODE:  318
-------------------------------------
| time/                 |           |
|    fps                | 15        |
|    iterations         | 63400     |
|    time_elapsed       | 20776     |
|    total_timesteps    | 317000    |
| train/                |           |
|    entropy_loss       | 6.68      |
|    explained_variance | 0         |
|    learning_rate      | 0.0007    |
|    n_updates          | 63399     |
|    policy_loss        | -1.62e+04 |
|    reward             | 968.00336 |
|    std                | 0.0448    |
|    value_loss         | 9.55e+06  |
-------------------------------------
-------------------------------------
| time/                 |           |
|    fps                | 15        |
|    iterations         | 63500     |
|    time_elapsed       | 20809     |
|    total_timesteps    | 317500    |
| train/                |           |
|    entropy_loss       | 6.7       |
|    explained_variance | 5.96e-08  |
|    learning_rate      | 0.0007    |
|    n_updates          | 63499     |
|    policy_loss        | -1.59e+04 |
|    reward             | 980.4421  |
|    std                | 0.0447    |
|    value_loss         | 9.35e+06  |
-------------------------------------
EPISODE:  319
-------------------------------------
| time/                 |           |
|    fps                | 15        |
|    iterations         | 63600     |
|    time_elapsed       | 20842     |
|    total_timesteps    | 318000    |
| train/                |           |
|    entropy_loss       | 6.7       |
|    explained_variance | -1.19e-07 |
|    learning_rate      | 0.0007    |
|    n_updates          | 63599     |
|    policy_loss        | -2.04e+04 |
|    reward             | 968.00336 |
|    std                | 0.0449    |
|    value_loss         | 9.55e+06  |
-------------------------------------
-------------------------------------
| time/                 |           |
|    fps                | 15        |
|    iterations         | 63700     |
|    time_elapsed       | 20875     |
|    total_timesteps    | 318500    |
| train/                |           |
|    entropy_loss       | 6.72      |
|    explained_variance | 1.79e-07  |
|    learning_rate      | 0.0007    |
|    n_updates          | 63699     |
|    policy_loss        | -1.73e+04 |
|    reward             | 980.4421  |
|    std                | 0.0448    |
|    value_loss         | 9.35e+06  |
-------------------------------------
EPISODE:  320
-------------------------------------
| time/                 |           |
|    fps                | 15        |
|    iterations         | 63800     |
|    time_elapsed       | 20908     |
|    total_timesteps    | 319000    |
| train/                |           |
|    entropy_loss       | 6.73      |
|    explained_variance | -1.19e-07 |
|    learning_rate      | 0.0007    |
|    n_updates          | 63799     |
|    policy_loss        | -1.95e+04 |
|    reward             | 968.00336 |
|    std                | 0.0448    |
|    value_loss         | 9.55e+06  |
-------------------------------------
-------------------------------------
| time/                 |           |
|    fps                | 15        |
|    iterations         | 63900     |
|    time_elapsed       | 20941     |
|    total_timesteps    | 319500    |
| train/                |           |
|    entropy_loss       | 6.74      |
|    explained_variance | 0         |
|    learning_rate      | 0.0007    |
|    n_updates          | 63899     |
|    policy_loss        | -1.98e+04 |
|    reward             | 980.4421  |
|    std                | 0.0451    |
|    value_loss         | 9.34e+06  |
-------------------------------------
EPISODE:  321
-------------------------------------
| time/                 |           |
|    fps                | 15        |
|    iterations         | 64000     |
|    time_elapsed       | 20974     |
|    total_timesteps    | 320000    |
| train/                |           |
|    entropy_loss       | 6.75      |
|    explained_variance | -1.19e-07 |
|    learning_rate      | 0.0007    |
|    n_updates          | 63999     |
|    policy_loss        | -1.86e+04 |
|    reward             | 968.00336 |
|    std                | 0.0449    |
|    value_loss         | 9.55e+06  |
-------------------------------------
-------------------------------------
| time/                 |           |
|    fps                | 15        |
|    iterations         | 64100     |
|    time_elapsed       | 21007     |
|    total_timesteps    | 320500    |
| train/                |           |
|    entropy_loss       | 6.76      |
|    explained_variance | 1.79e-07  |
|    learning_rate      | 0.0007    |
|    n_updates          | 64099     |
|    policy_loss        | -1.99e+04 |
|    reward             | 980.4421  |
|    std                | 0.045     |
|    value_loss         | 9.34e+06  |
-------------------------------------
EPISODE:  322
-------------------------------------
| time/                 |           |
|    fps                | 15        |
|    iterations         | 64200     |
|    time_elapsed       | 21040     |
|    total_timesteps    | 321000    |
| train/                |           |
|    entropy_loss       | 6.76      |
|    explained_variance | 1.19e-07  |
|    learning_rate      | 0.0007    |
|    n_updates          | 64199     |
|    policy_loss        | -1.93e+04 |
|    reward             | 968.00336 |
|    std                | 0.0451    |
|    value_loss         | 9.55e+06  |
-------------------------------------
-------------------------------------
| time/                 |           |
|    fps                | 15        |
|    iterations         | 64300     |
|    time_elapsed       | 21073     |
|    total_timesteps    | 321500    |
| train/                |           |
|    entropy_loss       | 6.77      |
|    explained_variance | 0         |
|    learning_rate      | 0.0007    |
|    n_updates          | 64299     |
|    policy_loss        | -1.86e+04 |
|    reward             | 980.4421  |
|    std                | 0.0449    |
|    value_loss         | 9.34e+06  |
-------------------------------------
EPISODE:  323
-------------------------------------
| time/                 |           |
|    fps                | 15        |
|    iterations         | 64400     |
|    time_elapsed       | 21106     |
|    total_timesteps    | 322000    |
| train/                |           |
|    entropy_loss       | 6.79      |
|    explained_variance | 0         |
|    learning_rate      | 0.0007    |
|    n_updates          | 64399     |
|    policy_loss        | -1.92e+04 |
|    reward             | 968.00336 |
|    std                | 0.0445    |
|    value_loss         | 9.55e+06  |
-------------------------------------
-------------------------------------
| time/                 |           |
|    fps                | 15        |
|    iterations         | 64500     |
|    time_elapsed       | 21139     |
|    total_timesteps    | 322500    |
| train/                |           |
|    entropy_loss       | 6.79      |
|    explained_variance | -1.19e-07 |
|    learning_rate      | 0.0007    |
|    n_updates          | 64499     |
|    policy_loss        | -1.74e+04 |
|    reward             | 980.4421  |
|    std                | 0.0445    |
|    value_loss         | 9.34e+06  |
-------------------------------------
EPISODE:  324
-------------------------------------
| time/                 |           |
|    fps                | 15        |
|    iterations         | 64600     |
|    time_elapsed       | 21172     |
|    total_timesteps    | 323000    |
| train/                |           |
|    entropy_loss       | 6.78      |
|    explained_variance | -1.19e-07 |
|    learning_rate      | 0.0007    |
|    n_updates          | 64599     |
|    policy_loss        | -1.84e+04 |
|    reward             | 968.00336 |
|    std                | 0.045     |
|    value_loss         | 9.54e+06  |
-------------------------------------
-------------------------------------
| time/                 |           |
|    fps                | 15        |
|    iterations         | 64700     |
|    time_elapsed       | 21206     |
|    total_timesteps    | 323500    |
| train/                |           |
|    entropy_loss       | 6.79      |
|    explained_variance | 0         |
|    learning_rate      | 0.0007    |
|    n_updates          | 64699     |
|    policy_loss        | -1.69e+04 |
|    reward             | 980.4421  |
|    std                | 0.0449    |
|    value_loss         | 9.34e+06  |
-------------------------------------
EPISODE:  325
-------------------------------------
| time/                 |           |
|    fps                | 15        |
|    iterations         | 64800     |
|    time_elapsed       | 21239     |
|    total_timesteps    | 324000    |
| train/                |           |
|    entropy_loss       | 6.82      |
|    explained_variance | 0         |
|    learning_rate      | 0.0007    |
|    n_updates          | 64799     |
|    policy_loss        | -1.92e+04 |
|    reward             | 968.00336 |
|    std                | 0.0442    |
|    value_loss         | 9.54e+06  |
-------------------------------------
-------------------------------------
| time/                 |           |
|    fps                | 15        |
|    iterations         | 64900     |
|    time_elapsed       | 21272     |
|    total_timesteps    | 324500    |
| train/                |           |
|    entropy_loss       | 6.82      |
|    explained_variance | 5.96e-08  |
|    learning_rate      | 0.0007    |
|    n_updates          | 64899     |
|    policy_loss        | -1.97e+04 |
|    reward             | 980.4421  |
|    std                | 0.0441    |
|    value_loss         | 9.34e+06  |
-------------------------------------
EPISODE:  326
-------------------------------------
| time/                 |           |
|    fps                | 15        |
|    iterations         | 65000     |
|    time_elapsed       | 21305     |
|    total_timesteps    | 325000    |
| train/                |           |
|    entropy_loss       | 6.85      |
|    explained_variance | 0         |
|    learning_rate      | 0.0007    |
|    n_updates          | 64999     |
|    policy_loss        | -1.84e+04 |
|    reward             | 968.00336 |
|    std                | 0.0434    |
|    value_loss         | 9.54e+06  |
-------------------------------------
-------------------------------------
| time/                 |           |
|    fps                | 15        |
|    iterations         | 65100     |
|    time_elapsed       | 21338     |
|    total_timesteps    | 325500    |
| train/                |           |
|    entropy_loss       | 6.85      |
|    explained_variance | -1.19e-07 |
|    learning_rate      | 0.0007    |
|    n_updates          | 65099     |
|    policy_loss        | -2.03e+04 |
|    reward             | 980.4421  |
|    std                | 0.0432    |
|    value_loss         | 9.34e+06  |
-------------------------------------
EPISODE:  327
-------------------------------------
| time/                 |           |
|    fps                | 15        |
|    iterations         | 65200     |
|    time_elapsed       | 21372     |
|    total_timesteps    | 326000    |
| train/                |           |
|    entropy_loss       | 6.86      |
|    explained_variance | -1.19e-07 |
|    learning_rate      | 0.0007    |
|    n_updates          | 65199     |
|    policy_loss        | -1.94e+04 |
|    reward             | 968.00336 |
|    std                | 0.0431    |
|    value_loss         | 9.54e+06  |
-------------------------------------
------------------------------------
| time/                 |          |
|    fps                | 15       |
|    iterations         | 65300    |
|    time_elapsed       | 21405    |
|    total_timesteps    | 326500   |
| train/                |          |
|    entropy_loss       | 6.87     |
|    explained_variance | 1.79e-07 |
|    learning_rate      | 0.0007   |
|    n_updates          | 65299    |
|    policy_loss        | -2.1e+04 |
|    reward             | 980.4421 |
|    std                | 0.043    |
|    value_loss         | 9.34e+06 |
------------------------------------
EPISODE:  328
-------------------------------------
| time/                 |           |
|    fps                | 15        |
|    iterations         | 65400     |
|    time_elapsed       | 21438     |
|    total_timesteps    | 327000    |
| train/                |           |
|    entropy_loss       | 6.9       |
|    explained_variance | 0         |
|    learning_rate      | 0.0007    |
|    n_updates          | 65399     |
|    policy_loss        | -2.13e+04 |
|    reward             | 968.00336 |
|    std                | 0.0425    |
|    value_loss         | 9.54e+06  |
-------------------------------------
-------------------------------------
| time/                 |           |
|    fps                | 15        |
|    iterations         | 65500     |
|    time_elapsed       | 21471     |
|    total_timesteps    | 327500    |
| train/                |           |
|    entropy_loss       | 6.91      |
|    explained_variance | 0         |
|    learning_rate      | 0.0007    |
|    n_updates          | 65499     |
|    policy_loss        | -1.93e+04 |
|    reward             | 980.4421  |
|    std                | 0.0424    |
|    value_loss         | 9.34e+06  |
-------------------------------------
EPISODE:  329
-------------------------------------
| time/                 |           |
|    fps                | 15        |
|    iterations         | 65600     |
|    time_elapsed       | 21505     |
|    total_timesteps    | 328000    |
| train/                |           |
|    entropy_loss       | 6.93      |
|    explained_variance | 0         |
|    learning_rate      | 0.0007    |
|    n_updates          | 65599     |
|    policy_loss        | -1.96e+04 |
|    reward             | 968.00336 |
|    std                | 0.0426    |
|    value_loss         | 9.54e+06  |
-------------------------------------
-------------------------------------
| time/                 |           |
|    fps                | 15        |
|    iterations         | 65700     |
|    time_elapsed       | 21538     |
|    total_timesteps    | 328500    |
| train/                |           |
|    entropy_loss       | 6.93      |
|    explained_variance | 0         |
|    learning_rate      | 0.0007    |
|    n_updates          | 65699     |
|    policy_loss        | -1.66e+04 |
|    reward             | 980.4421  |
|    std                | 0.0425    |
|    value_loss         | 9.34e+06  |
-------------------------------------
EPISODE:  330
-------------------------------------
| time/                 |           |
|    fps                | 15        |
|    iterations         | 65800     |
|    time_elapsed       | 21571     |
|    total_timesteps    | 329000    |
| train/                |           |
|    entropy_loss       | 6.95      |
|    explained_variance | -1.19e-07 |
|    learning_rate      | 0.0007    |
|    n_updates          | 65799     |
|    policy_loss        | -1.91e+04 |
|    reward             | 968.00336 |
|    std                | 0.0424    |
|    value_loss         | 9.54e+06  |
-------------------------------------
-------------------------------------
| time/                 |           |
|    fps                | 15        |
|    iterations         | 65900     |
|    time_elapsed       | 21604     |
|    total_timesteps    | 329500    |
| train/                |           |
|    entropy_loss       | 6.97      |
|    explained_variance | -1.19e-07 |
|    learning_rate      | 0.0007    |
|    n_updates          | 65899     |
|    policy_loss        | -2.04e+04 |
|    reward             | 980.4421  |
|    std                | 0.0422    |
|    value_loss         | 9.34e+06  |
-------------------------------------
EPISODE:  331
-------------------------------------
| time/                 |           |
|    fps                | 15        |
|    iterations         | 66000     |
|    time_elapsed       | 21637     |
|    total_timesteps    | 330000    |
| train/                |           |
|    entropy_loss       | 6.98      |
|    explained_variance | -2.38e-07 |
|    learning_rate      | 0.0007    |
|    n_updates          | 65999     |
|    policy_loss        | -2.05e+04 |
|    reward             | 968.00336 |
|    std                | 0.0423    |
|    value_loss         | 9.54e+06  |
-------------------------------------
-------------------------------------
| time/                 |           |
|    fps                | 15        |
|    iterations         | 66100     |
|    time_elapsed       | 21670     |
|    total_timesteps    | 330500    |
| train/                |           |
|    entropy_loss       | 6.99      |
|    explained_variance | -1.19e-07 |
|    learning_rate      | 0.0007    |
|    n_updates          | 66099     |
|    policy_loss        | -1.59e+04 |
|    reward             | 980.4421  |
|    std                | 0.0423    |
|    value_loss         | 9.34e+06  |
-------------------------------------
EPISODE:  332
-------------------------------------
| time/                 |           |
|    fps                | 15        |
|    iterations         | 66200     |
|    time_elapsed       | 21703     |
|    total_timesteps    | 331000    |
| train/                |           |
|    entropy_loss       | 7         |
|    explained_variance | -1.19e-07 |
|    learning_rate      | 0.0007    |
|    n_updates          | 66199     |
|    policy_loss        | -1.8e+04  |
|    reward             | 968.00336 |
|    std                | 0.0422    |
|    value_loss         | 9.54e+06  |
-------------------------------------
-------------------------------------
| time/                 |           |
|    fps                | 15        |
|    iterations         | 66300     |
|    time_elapsed       | 21736     |
|    total_timesteps    | 331500    |
| train/                |           |
|    entropy_loss       | 7.01      |
|    explained_variance | 0         |
|    learning_rate      | 0.0007    |
|    n_updates          | 66299     |
|    policy_loss        | -1.85e+04 |
|    reward             | 980.4421  |
|    std                | 0.0422    |
|    value_loss         | 9.34e+06  |
-------------------------------------
EPISODE:  333
-------------------------------------
| time/                 |           |
|    fps                | 15        |
|    iterations         | 66400     |
|    time_elapsed       | 21769     |
|    total_timesteps    | 332000    |
| train/                |           |
|    entropy_loss       | 7.02      |
|    explained_variance | -2.38e-07 |
|    learning_rate      | 0.0007    |
|    n_updates          | 66399     |
|    policy_loss        | -1.93e+04 |
|    reward             | 968.00336 |
|    std                | 0.0421    |
|    value_loss         | 9.54e+06  |
-------------------------------------
-------------------------------------
| time/                 |           |
|    fps                | 15        |
|    iterations         | 66500     |
|    time_elapsed       | 21802     |
|    total_timesteps    | 332500    |
| train/                |           |
|    entropy_loss       | 7.03      |
|    explained_variance | -1.19e-07 |
|    learning_rate      | 0.0007    |
|    n_updates          | 66499     |
|    policy_loss        | -2.09e+04 |
|    reward             | 980.4421  |
|    std                | 0.0421    |
|    value_loss         | 9.34e+06  |
-------------------------------------
EPISODE:  334
-------------------------------------
| time/                 |           |
|    fps                | 15        |
|    iterations         | 66600     |
|    time_elapsed       | 21836     |
|    total_timesteps    | 333000    |
| train/                |           |
|    entropy_loss       | 7.03      |
|    explained_variance | 1.19e-07  |
|    learning_rate      | 0.0007    |
|    n_updates          | 66599     |
|    policy_loss        | -1.99e+04 |
|    reward             | 968.00336 |
|    std                | 0.0424    |
|    value_loss         | 9.54e+06  |
-------------------------------------
-------------------------------------
| time/                 |           |
|    fps                | 15        |
|    iterations         | 66700     |
|    time_elapsed       | 21869     |
|    total_timesteps    | 333500    |
| train/                |           |
|    entropy_loss       | 7.03      |
|    explained_variance | -1.19e-07 |
|    learning_rate      | 0.0007    |
|    n_updates          | 66699     |
|    policy_loss        | -1.93e+04 |
|    reward             | 980.4421  |
|    std                | 0.0424    |
|    value_loss         | 9.34e+06  |
-------------------------------------
EPISODE:  335
-------------------------------------
| time/                 |           |
|    fps                | 15        |
|    iterations         | 66800     |
|    time_elapsed       | 21902     |
|    total_timesteps    | 334000    |
| train/                |           |
|    entropy_loss       | 7.05      |
|    explained_variance | 2.38e-07  |
|    learning_rate      | 0.0007    |
|    n_updates          | 66799     |
|    policy_loss        | -1.94e+04 |
|    reward             | 968.00336 |
|    std                | 0.0423    |
|    value_loss         | 9.54e+06  |
-------------------------------------
-------------------------------------
| time/                 |           |
|    fps                | 15        |
|    iterations         | 66900     |
|    time_elapsed       | 21935     |
|    total_timesteps    | 334500    |
| train/                |           |
|    entropy_loss       | 7.06      |
|    explained_variance | 0         |
|    learning_rate      | 0.0007    |
|    n_updates          | 66899     |
|    policy_loss        | -2.05e+04 |
|    reward             | 980.4421  |
|    std                | 0.0424    |
|    value_loss         | 9.34e+06  |
-------------------------------------
EPISODE:  336
-------------------------------------
| time/                 |           |
|    fps                | 15        |
|    iterations         | 67000     |
|    time_elapsed       | 21968     |
|    total_timesteps    | 335000    |
| train/                |           |
|    entropy_loss       | 7.07      |
|    explained_variance | 0         |
|    learning_rate      | 0.0007    |
|    n_updates          | 66999     |
|    policy_loss        | -1.9e+04  |
|    reward             | 968.00336 |
|    std                | 0.0425    |
|    value_loss         | 9.54e+06  |
-------------------------------------
-------------------------------------
| time/                 |           |
|    fps                | 15        |
|    iterations         | 67100     |
|    time_elapsed       | 22001     |
|    total_timesteps    | 335500    |
| train/                |           |
|    entropy_loss       | 7.07      |
|    explained_variance | 5.96e-08  |
|    learning_rate      | 0.0007    |
|    n_updates          | 67099     |
|    policy_loss        | -1.95e+04 |
|    reward             | 980.4421  |
|    std                | 0.0424    |
|    value_loss         | 9.33e+06  |
-------------------------------------
EPISODE:  337
-------------------------------------
| time/                 |           |
|    fps                | 15        |
|    iterations         | 67200     |
|    time_elapsed       | 22034     |
|    total_timesteps    | 336000    |
| train/                |           |
|    entropy_loss       | 7.08      |
|    explained_variance | -1.19e-07 |
|    learning_rate      | 0.0007    |
|    n_updates          | 67199     |
|    policy_loss        | -2.01e+04 |
|    reward             | 968.00336 |
|    std                | 0.0422    |
|    value_loss         | 9.54e+06  |
-------------------------------------
-------------------------------------
| time/                 |           |
|    fps                | 15        |
|    iterations         | 67300     |
|    time_elapsed       | 22067     |
|    total_timesteps    | 336500    |
| train/                |           |
|    entropy_loss       | 7.09      |
|    explained_variance | -1.19e-07 |
|    learning_rate      | 0.0007    |
|    n_updates          | 67299     |
|    policy_loss        | -2.1e+04  |
|    reward             | 980.4421  |
|    std                | 0.0422    |
|    value_loss         | 9.33e+06  |
-------------------------------------
EPISODE:  338
-------------------------------------
| time/                 |           |
|    fps                | 15        |
|    iterations         | 67400     |
|    time_elapsed       | 22100     |
|    total_timesteps    | 337000    |
| train/                |           |
|    entropy_loss       | 7.11      |
|    explained_variance | 0         |
|    learning_rate      | 0.0007    |
|    n_updates          | 67399     |
|    policy_loss        | -2.17e+04 |
|    reward             | 968.00336 |
|    std                | 0.0418    |
|    value_loss         | 9.54e+06  |
-------------------------------------
-------------------------------------
| time/                 |           |
|    fps                | 15        |
|    iterations         | 67500     |
|    time_elapsed       | 22133     |
|    total_timesteps    | 337500    |
| train/                |           |
|    entropy_loss       | 7.12      |
|    explained_variance | 5.96e-08  |
|    learning_rate      | 0.0007    |
|    n_updates          | 67499     |
|    policy_loss        | -1.98e+04 |
|    reward             | 980.4421  |
|    std                | 0.042     |
|    value_loss         | 9.33e+06  |
-------------------------------------
EPISODE:  339
-------------------------------------
| time/                 |           |
|    fps                | 15        |
|    iterations         | 67600     |
|    time_elapsed       | 22166     |
|    total_timesteps    | 338000    |
| train/                |           |
|    entropy_loss       | 7.13      |
|    explained_variance | -1.19e-07 |
|    learning_rate      | 0.0007    |
|    n_updates          | 67599     |
|    policy_loss        | -1.92e+04 |
|    reward             | 968.00336 |
|    std                | 0.0421    |
|    value_loss         | 9.54e+06  |
-------------------------------------
-------------------------------------
| time/                 |           |
|    fps                | 15        |
|    iterations         | 67700     |
|    time_elapsed       | 22199     |
|    total_timesteps    | 338500    |
| train/                |           |
|    entropy_loss       | 7.14      |
|    explained_variance | 0         |
|    learning_rate      | 0.0007    |
|    n_updates          | 67699     |
|    policy_loss        | -2.03e+04 |
|    reward             | 980.4421  |
|    std                | 0.0423    |
|    value_loss         | 9.33e+06  |
-------------------------------------
EPISODE:  340
-------------------------------------
| time/                 |           |
|    fps                | 15        |
|    iterations         | 67800     |
|    time_elapsed       | 22232     |
|    total_timesteps    | 339000    |
| train/                |           |
|    entropy_loss       | 7.15      |
|    explained_variance | 1.19e-07  |
|    learning_rate      | 0.0007    |
|    n_updates          | 67799     |
|    policy_loss        | -2.01e+04 |
|    reward             | 968.00336 |
|    std                | 0.0422    |
|    value_loss         | 9.54e+06  |
-------------------------------------
-------------------------------------
| time/                 |           |
|    fps                | 15        |
|    iterations         | 67900     |
|    time_elapsed       | 22265     |
|    total_timesteps    | 339500    |
| train/                |           |
|    entropy_loss       | 7.17      |
|    explained_variance | -1.19e-07 |
|    learning_rate      | 0.0007    |
|    n_updates          | 67899     |
|    policy_loss        | -1.51e+04 |
|    reward             | 980.4421  |
|    std                | 0.0421    |
|    value_loss         | 9.33e+06  |
-------------------------------------
EPISODE:  341
-------------------------------------
| time/                 |           |
|    fps                | 15        |
|    iterations         | 68000     |
|    time_elapsed       | 22300     |
|    total_timesteps    | 340000    |
| train/                |           |
|    entropy_loss       | 7.17      |
|    explained_variance | 1.19e-07  |
|    learning_rate      | 0.0007    |
|    n_updates          | 67999     |
|    policy_loss        | -1.97e+04 |
|    reward             | 968.00336 |
|    std                | 0.0423    |
|    value_loss         | 9.53e+06  |
-------------------------------------
-------------------------------------
| time/                 |           |
|    fps                | 15        |
|    iterations         | 68100     |
|    time_elapsed       | 22333     |
|    total_timesteps    | 340500    |
| train/                |           |
|    entropy_loss       | 7.19      |
|    explained_variance | 0         |
|    learning_rate      | 0.0007    |
|    n_updates          | 68099     |
|    policy_loss        | -1.82e+04 |
|    reward             | 980.4421  |
|    std                | 0.0419    |
|    value_loss         | 9.33e+06  |
-------------------------------------
EPISODE:  342
-------------------------------------
| time/                 |           |
|    fps                | 15        |
|    iterations         | 68200     |
|    time_elapsed       | 22366     |
|    total_timesteps    | 341000    |
| train/                |           |
|    entropy_loss       | 7.21      |
|    explained_variance | 0         |
|    learning_rate      | 0.0007    |
|    n_updates          | 68199     |
|    policy_loss        | -1.86e+04 |
|    reward             | 968.00336 |
|    std                | 0.0417    |
|    value_loss         | 9.53e+06  |
-------------------------------------
-------------------------------------
| time/                 |           |
|    fps                | 15        |
|    iterations         | 68300     |
|    time_elapsed       | 22399     |
|    total_timesteps    | 341500    |
| train/                |           |
|    entropy_loss       | 7.22      |
|    explained_variance | 0         |
|    learning_rate      | 0.0007    |
|    n_updates          | 68299     |
|    policy_loss        | -2.08e+04 |
|    reward             | 980.4421  |
|    std                | 0.0419    |
|    value_loss         | 9.33e+06  |
-------------------------------------
EPISODE:  343
-------------------------------------
| time/                 |           |
|    fps                | 15        |
|    iterations         | 68400     |
|    time_elapsed       | 22432     |
|    total_timesteps    | 342000    |
| train/                |           |
|    entropy_loss       | 7.24      |
|    explained_variance | 2.38e-07  |
|    learning_rate      | 0.0007    |
|    n_updates          | 68399     |
|    policy_loss        | -2.25e+04 |
|    reward             | 968.00336 |
|    std                | 0.0415    |
|    value_loss         | 9.53e+06  |
-------------------------------------
-------------------------------------
| time/                 |           |
|    fps                | 15        |
|    iterations         | 68500     |
|    time_elapsed       | 22465     |
|    total_timesteps    | 342500    |
| train/                |           |
|    entropy_loss       | 7.24      |
|    explained_variance | 5.96e-08  |
|    learning_rate      | 0.0007    |
|    n_updates          | 68499     |
|    policy_loss        | -2.07e+04 |
|    reward             | 980.4421  |
|    std                | 0.0421    |
|    value_loss         | 9.33e+06  |
-------------------------------------
EPISODE:  344
-------------------------------------
| time/                 |           |
|    fps                | 15        |
|    iterations         | 68600     |
|    time_elapsed       | 22498     |
|    total_timesteps    | 343000    |
| train/                |           |
|    entropy_loss       | 7.26      |
|    explained_variance | 0         |
|    learning_rate      | 0.0007    |
|    n_updates          | 68599     |
|    policy_loss        | -1.83e+04 |
|    reward             | 968.00336 |
|    std                | 0.0418    |
|    value_loss         | 9.53e+06  |
-------------------------------------
-------------------------------------
| time/                 |           |
|    fps                | 15        |
|    iterations         | 68700     |
|    time_elapsed       | 22532     |
|    total_timesteps    | 343500    |
| train/                |           |
|    entropy_loss       | 7.28      |
|    explained_variance | 0         |
|    learning_rate      | 0.0007    |
|    n_updates          | 68699     |
|    policy_loss        | -2.18e+04 |
|    reward             | 980.4987  |
|    std                | 0.0416    |
|    value_loss         | 9.33e+06  |
-------------------------------------
EPISODE:  345
-------------------------------------
| time/                 |           |
|    fps                | 15        |
|    iterations         | 68800     |
|    time_elapsed       | 22565     |
|    total_timesteps    | 344000    |
| train/                |           |
|    entropy_loss       | 7.3       |
|    explained_variance | 1.19e-07  |
|    learning_rate      | 0.0007    |
|    n_updates          | 68799     |
|    policy_loss        | -2.04e+04 |
|    reward             | 976.1036  |
|    std                | 0.0413    |
|    value_loss         | 9.7e+06   |
-------------------------------------
-------------------------------------
| time/                 |           |
|    fps                | 15        |
|    iterations         | 68900     |
|    time_elapsed       | 22598     |
|    total_timesteps    | 344500    |
| train/                |           |
|    entropy_loss       | 7.33      |
|    explained_variance | -1.19e-07 |
|    learning_rate      | 0.0007    |
|    n_updates          | 68899     |
|    policy_loss        | -2.01e+04 |
|    reward             | 977.6496  |
|    std                | 0.041     |
|    value_loss         | 9.33e+06  |
-------------------------------------
EPISODE:  346
-------------------------------------
| time/                 |           |
|    fps                | 15        |
|    iterations         | 69000     |
|    time_elapsed       | 22631     |
|    total_timesteps    | 345000    |
| train/                |           |
|    entropy_loss       | 7.33      |
|    explained_variance | 0         |
|    learning_rate      | 0.0007    |
|    n_updates          | 68999     |
|    policy_loss        | -2.15e+04 |
|    reward             | 962.04596 |
|    std                | 0.0412    |
|    value_loss         | 9.42e+06  |
-------------------------------------
-------------------------------------
| time/                 |           |
|    fps                | 15        |
|    iterations         | 69100     |
|    time_elapsed       | 22664     |
|    total_timesteps    | 345500    |
| train/                |           |
|    entropy_loss       | 7.34      |
|    explained_variance | 5.96e-08  |
|    learning_rate      | 0.0007    |
|    n_updates          | 69099     |
|    policy_loss        | -2.09e+04 |
|    reward             | 982.8692  |
|    std                | 0.0412    |
|    value_loss         | 9.58e+06  |
-------------------------------------
EPISODE:  347
-------------------------------------
| time/                 |           |
|    fps                | 15        |
|    iterations         | 69200     |
|    time_elapsed       | 22697     |
|    total_timesteps    | 346000    |
| train/                |           |
|    entropy_loss       | 7.34      |
|    explained_variance | 0         |
|    learning_rate      | 0.0007    |
|    n_updates          | 69199     |
|    policy_loss        | -2.01e+04 |
|    reward             | 976.7347  |
|    std                | 0.041     |
|    value_loss         | 9.72e+06  |
-------------------------------------
-------------------------------------
| time/                 |           |
|    fps                | 15        |
|    iterations         | 69300     |
|    time_elapsed       | 22730     |
|    total_timesteps    | 346500    |
| train/                |           |
|    entropy_loss       | 7.35      |
|    explained_variance | 0         |
|    learning_rate      | 0.0007    |
|    n_updates          | 69299     |
|    policy_loss        | -2.1e+04  |
|    reward             | 988.05194 |
|    std                | 0.041     |
|    value_loss         | 9.55e+06  |
-------------------------------------
EPISODE:  348
-------------------------------------
| time/                 |           |
|    fps                | 15        |
|    iterations         | 69400     |
|    time_elapsed       | 22763     |
|    total_timesteps    | 347000    |
| train/                |           |
|    entropy_loss       | 7.35      |
|    explained_variance | 0         |
|    learning_rate      | 0.0007    |
|    n_updates          | 69399     |
|    policy_loss        | -2.04e+04 |
|    reward             | 970.8792  |
|    std                | 0.0412    |
|    value_loss         | 9.59e+06  |
-------------------------------------
-------------------------------------
| time/                 |           |
|    fps                | 15        |
|    iterations         | 69500     |
|    time_elapsed       | 22796     |
|    total_timesteps    | 347500    |
| train/                |           |
|    entropy_loss       | 7.35      |
|    explained_variance | -1.19e-07 |
|    learning_rate      | 0.0007    |
|    n_updates          | 69499     |
|    policy_loss        | -2.18e+04 |
|    reward             | 981.7834  |
|    std                | 0.041     |
|    value_loss         | 9.35e+06  |
-------------------------------------
EPISODE:  349
-------------------------------------
| time/                 |           |
|    fps                | 15        |
|    iterations         | 69600     |
|    time_elapsed       | 22829     |
|    total_timesteps    | 348000    |
| train/                |           |
|    entropy_loss       | 7.36      |
|    explained_variance | 0         |
|    learning_rate      | 0.0007    |
|    n_updates          | 69599     |
|    policy_loss        | -2.17e+04 |
|    reward             | 968.72174 |
|    std                | 0.0411    |
|    value_loss         | 9.54e+06  |
-------------------------------------
-------------------------------------
| time/                 |           |
|    fps                | 15        |
|    iterations         | 69700     |
|    time_elapsed       | 22862     |
|    total_timesteps    | 348500    |
| train/                |           |
|    entropy_loss       | 7.36      |
|    explained_variance | 5.96e-08  |
|    learning_rate      | 0.0007    |
|    n_updates          | 69699     |
|    policy_loss        | -2.09e+04 |
|    reward             | 981.5946  |
|    std                | 0.041     |
|    value_loss         | 9.35e+06  |
-------------------------------------
EPISODE:  350
-------------------------------------
| time/                 |           |
|    fps                | 15        |
|    iterations         | 69800     |
|    time_elapsed       | 22895     |
|    total_timesteps    | 349000    |
| train/                |           |
|    entropy_loss       | 7.37      |
|    explained_variance | 5.96e-08  |
|    learning_rate      | 0.0007    |
|    n_updates          | 69799     |
|    policy_loss        | -2.19e+04 |
|    reward             | 969.1413  |
|    std                | 0.0412    |
|    value_loss         | 9.55e+06  |
-------------------------------------
-------------------------------------
| time/                 |           |
|    fps                | 15        |
|    iterations         | 69900     |
|    time_elapsed       | 22928     |
|    total_timesteps    | 349500    |
| train/                |           |
|    entropy_loss       | 7.39      |
|    explained_variance | -1.19e-07 |
|    learning_rate      | 0.0007    |
|    n_updates          | 69899     |
|    policy_loss        | -1.98e+04 |
|    reward             | 980.4421  |
|    std                | 0.0409    |
|    value_loss         | 9.33e+06  |
-------------------------------------
EPISODE:  351
-------------------------------------
| time/                 |           |
|    fps                | 15        |
|    iterations         | 70000     |
|    time_elapsed       | 22961     |
|    total_timesteps    | 350000    |
| train/                |           |
|    entropy_loss       | 7.39      |
|    explained_variance | 0         |
|    learning_rate      | 0.0007    |
|    n_updates          | 69999     |
|    policy_loss        | -1.97e+04 |
|    reward             | 968.0034  |
|    std                | 0.041     |
|    value_loss         | 9.53e+06  |
-------------------------------------
-------------------------------------
| time/                 |           |
|    fps                | 15        |
|    iterations         | 70100     |
|    time_elapsed       | 22994     |
|    total_timesteps    | 350500    |
| train/                |           |
|    entropy_loss       | 7.4       |
|    explained_variance | 1.79e-07  |
|    learning_rate      | 0.0007    |
|    n_updates          | 70099     |
|    policy_loss        | -2.15e+04 |
|    reward             | 980.2814  |
|    std                | 0.0409    |
|    value_loss         | 9.32e+06  |
-------------------------------------
EPISODE:  352
-------------------------------------
| time/                 |           |
|    fps                | 15        |
|    iterations         | 70200     |
|    time_elapsed       | 23027     |
|    total_timesteps    | 351000    |
| train/                |           |
|    entropy_loss       | 7.41      |
|    explained_variance | 0         |
|    learning_rate      | 0.0007    |
|    n_updates          | 70199     |
|    policy_loss        | -1.95e+04 |
|    reward             | 967.8447  |
|    std                | 0.0407    |
|    value_loss         | 9.53e+06  |
-------------------------------------
-------------------------------------
| time/                 |           |
|    fps                | 15        |
|    iterations         | 70300     |
|    time_elapsed       | 23060     |
|    total_timesteps    | 351500    |
| train/                |           |
|    entropy_loss       | 7.42      |
|    explained_variance | 5.96e-08  |
|    learning_rate      | 0.0007    |
|    n_updates          | 70299     |
|    policy_loss        | -1.97e+04 |
|    reward             | 980.4421  |
|    std                | 0.0407    |
|    value_loss         | 9.33e+06  |
-------------------------------------
EPISODE:  353
-------------------------------------
| time/                 |           |
|    fps                | 15        |
|    iterations         | 70400     |
|    time_elapsed       | 23093     |
|    total_timesteps    | 352000    |
| train/                |           |
|    entropy_loss       | 7.41      |
|    explained_variance | 0         |
|    learning_rate      | 0.0007    |
|    n_updates          | 70399     |
|    policy_loss        | -2.14e+04 |
|    reward             | 968.00336 |
|    std                | 0.0405    |
|    value_loss         | 9.53e+06  |
-------------------------------------
-------------------------------------
| time/                 |           |
|    fps                | 15        |
|    iterations         | 70500     |
|    time_elapsed       | 23127     |
|    total_timesteps    | 352500    |
| train/                |           |
|    entropy_loss       | 7.43      |
|    explained_variance | 1.79e-07  |
|    learning_rate      | 0.0007    |
|    n_updates          | 70499     |
|    policy_loss        | -2.12e+04 |
|    reward             | 980.4421  |
|    std                | 0.0401    |
|    value_loss         | 9.33e+06  |
-------------------------------------
EPISODE:  354
-------------------------------------
| time/                 |           |
|    fps                | 15        |
|    iterations         | 70600     |
|    time_elapsed       | 23160     |
|    total_timesteps    | 353000    |
| train/                |           |
|    entropy_loss       | 7.43      |
|    explained_variance | 2.98e-07  |
|    learning_rate      | 0.0007    |
|    n_updates          | 70599     |
|    policy_loss        | -2.19e+04 |
|    reward             | 968.00336 |
|    std                | 0.0404    |
|    value_loss         | 9.53e+06  |
-------------------------------------
-------------------------------------
| time/                 |           |
|    fps                | 15        |
|    iterations         | 70700     |
|    time_elapsed       | 23193     |
|    total_timesteps    | 353500    |
| train/                |           |
|    entropy_loss       | 7.44      |
|    explained_variance | -1.19e-07 |
|    learning_rate      | 0.0007    |
|    n_updates          | 70699     |
|    policy_loss        | -2.07e+04 |
|    reward             | 980.4421  |
|    std                | 0.0403    |
|    value_loss         | 9.32e+06  |
-------------------------------------
EPISODE:  355
-------------------------------------
| time/                 |           |
|    fps                | 15        |
|    iterations         | 70800     |
|    time_elapsed       | 23227     |
|    total_timesteps    | 354000    |
| train/                |           |
|    entropy_loss       | 7.45      |
|    explained_variance | -1.19e-07 |
|    learning_rate      | 0.0007    |
|    n_updates          | 70799     |
|    policy_loss        | -2.03e+04 |
|    reward             | 968.00336 |
|    std                | 0.0405    |
|    value_loss         | 9.53e+06  |
-------------------------------------
-------------------------------------
| time/                 |           |
|    fps                | 15        |
|    iterations         | 70900     |
|    time_elapsed       | 23260     |
|    total_timesteps    | 354500    |
| train/                |           |
|    entropy_loss       | 7.45      |
|    explained_variance | 0         |
|    learning_rate      | 0.0007    |
|    n_updates          | 70899     |
|    policy_loss        | -2.16e+04 |
|    reward             | 980.4421  |
|    std                | 0.0404    |
|    value_loss         | 9.32e+06  |
-------------------------------------
EPISODE:  356
-------------------------------------
| time/                 |           |
|    fps                | 15        |
|    iterations         | 71000     |
|    time_elapsed       | 23293     |
|    total_timesteps    | 355000    |
| train/                |           |
|    entropy_loss       | 7.46      |
|    explained_variance | 0         |
|    learning_rate      | 0.0007    |
|    n_updates          | 70999     |
|    policy_loss        | -2.21e+04 |
|    reward             | 968.00336 |
|    std                | 0.0405    |
|    value_loss         | 9.53e+06  |
-------------------------------------
-------------------------------------
| time/                 |           |
|    fps                | 15        |
|    iterations         | 71100     |
|    time_elapsed       | 23326     |
|    total_timesteps    | 355500    |
| train/                |           |
|    entropy_loss       | 7.48      |
|    explained_variance | 1.79e-07  |
|    learning_rate      | 0.0007    |
|    n_updates          | 71099     |
|    policy_loss        | -1.78e+04 |
|    reward             | 981.1395  |
|    std                | 0.0404    |
|    value_loss         | 9.34e+06  |
-------------------------------------
EPISODE:  357
-------------------------------------
| time/                 |           |
|    fps                | 15        |
|    iterations         | 71200     |
|    time_elapsed       | 23359     |
|    total_timesteps    | 356000    |
| train/                |           |
|    entropy_loss       | 7.5       |
|    explained_variance | 1.19e-07  |
|    learning_rate      | 0.0007    |
|    n_updates          | 71199     |
|    policy_loss        | -2.07e+04 |
|    reward             | 971.29236 |
|    std                | 0.0403    |
|    value_loss         | 9.6e+06   |
-------------------------------------
-------------------------------------
| time/                 |           |
|    fps                | 15        |
|    iterations         | 71300     |
|    time_elapsed       | 23393     |
|    total_timesteps    | 356500    |
| train/                |           |
|    entropy_loss       | 7.5       |
|    explained_variance | 0         |
|    learning_rate      | 0.0007    |
|    n_updates          | 71299     |
|    policy_loss        | -2.22e+04 |
|    reward             | 971.357   |
|    std                | 0.0403    |
|    value_loss         | 9.25e+06  |
-------------------------------------
EPISODE:  358
-------------------------------------
| time/                 |           |
|    fps                | 15        |
|    iterations         | 71400     |
|    time_elapsed       | 23426     |
|    total_timesteps    | 357000    |
| train/                |           |
|    entropy_loss       | 7.51      |
|    explained_variance | -2.38e-07 |
|    learning_rate      | 0.0007    |
|    n_updates          | 71399     |
|    policy_loss        | -2e+04    |
|    reward             | 966.2203  |
|    std                | 0.0404    |
|    value_loss         | 9.5e+06   |
-------------------------------------
-------------------------------------
| time/                 |           |
|    fps                | 15        |
|    iterations         | 71500     |
|    time_elapsed       | 23459     |
|    total_timesteps    | 357500    |
| train/                |           |
|    entropy_loss       | 7.53      |
|    explained_variance | -1.19e-07 |
|    learning_rate      | 0.0007    |
|    n_updates          | 71499     |
|    policy_loss        | -2.29e+04 |
|    reward             | 994.9984  |
|    std                | 0.0405    |
|    value_loss         | 9.8e+06   |
-------------------------------------
EPISODE:  359
-------------------------------------
| time/                 |           |
|    fps                | 15        |
|    iterations         | 71600     |
|    time_elapsed       | 23492     |
|    total_timesteps    | 358000    |
| train/                |           |
|    entropy_loss       | 7.53      |
|    explained_variance | 5.96e-08  |
|    learning_rate      | 0.0007    |
|    n_updates          | 71599     |
|    policy_loss        | -1.96e+04 |
|    reward             | 973.2876  |
|    std                | 0.0408    |
|    value_loss         | 9.64e+06  |
-------------------------------------
------------------------------------
| time/                 |          |
|    fps                | 15       |
|    iterations         | 71700    |
|    time_elapsed       | 23525    |
|    total_timesteps    | 358500   |
| train/                |          |
|    entropy_loss       | 7.54     |
|    explained_variance | 0        |
|    learning_rate      | 0.0007   |
|    n_updates          | 71699    |
|    policy_loss        | -2.2e+04 |
|    reward             | 987.4292 |
|    std                | 0.0407   |
|    value_loss         | 9.53e+06 |
------------------------------------
EPISODE:  360
-------------------------------------
| time/                 |           |
|    fps                | 15        |
|    iterations         | 71800     |
|    time_elapsed       | 23558     |
|    total_timesteps    | 359000    |
| train/                |           |
|    entropy_loss       | 7.54      |
|    explained_variance | 1.19e-07  |
|    learning_rate      | 0.0007    |
|    n_updates          | 71799     |
|    policy_loss        | -2.03e+04 |
|    reward             | 967.8226  |
|    std                | 0.0406    |
|    value_loss         | 9.52e+06  |
-------------------------------------
-------------------------------------
| time/                 |           |
|    fps                | 15        |
|    iterations         | 71900     |
|    time_elapsed       | 23591     |
|    total_timesteps    | 359500    |
| train/                |           |
|    entropy_loss       | 7.54      |
|    explained_variance | -1.19e-07 |
|    learning_rate      | 0.0007    |
|    n_updates          | 71899     |
|    policy_loss        | -1.94e+04 |
|    reward             | 974.2187  |
|    std                | 0.0407    |
|    value_loss         | 9.3e+06   |
-------------------------------------
EPISODE:  361
-------------------------------------
| time/                 |           |
|    fps                | 15        |
|    iterations         | 72000     |
|    time_elapsed       | 23624     |
|    total_timesteps    | 360000    |
| train/                |           |
|    entropy_loss       | 7.55      |
|    explained_variance | 5.96e-08  |
|    learning_rate      | 0.0007    |
|    n_updates          | 71999     |
|    policy_loss        | -2.06e+04 |
|    reward             | 968.635   |
|    std                | 0.0407    |
|    value_loss         | 9.54e+06  |
-------------------------------------
-------------------------------------
| time/                 |           |
|    fps                | 15        |
|    iterations         | 72100     |
|    time_elapsed       | 23657     |
|    total_timesteps    | 360500    |
| train/                |           |
|    entropy_loss       | 7.57      |
|    explained_variance | 5.96e-08  |
|    learning_rate      | 0.0007    |
|    n_updates          | 72099     |
|    policy_loss        | -1.98e+04 |
|    reward             | 979.06494 |
|    std                | 0.0406    |
|    value_loss         | 9.3e+06   |
-------------------------------------
EPISODE:  362
-------------------------------------
| time/                 |           |
|    fps                | 15        |
|    iterations         | 72200     |
|    time_elapsed       | 23690     |
|    total_timesteps    | 361000    |
| train/                |           |
|    entropy_loss       | 7.57      |
|    explained_variance | 1.19e-07  |
|    learning_rate      | 0.0007    |
|    n_updates          | 72199     |
|    policy_loss        | -2.18e+04 |
|    reward             | 966.2017  |
|    std                | 0.0406    |
|    value_loss         | 9.49e+06  |
-------------------------------------
-------------------------------------
| time/                 |           |
|    fps                | 15        |
|    iterations         | 72300     |
|    time_elapsed       | 23723     |
|    total_timesteps    | 361500    |
| train/                |           |
|    entropy_loss       | 7.57      |
|    explained_variance | -1.19e-07 |
|    learning_rate      | 0.0007    |
|    n_updates          | 72299     |
|    policy_loss        | -2.24e+04 |
|    reward             | 980.75116 |
|    std                | 0.0407    |
|    value_loss         | 9.33e+06  |
-------------------------------------
EPISODE:  363
-------------------------------------
| time/                 |           |
|    fps                | 15        |
|    iterations         | 72400     |
|    time_elapsed       | 23757     |
|    total_timesteps    | 362000    |
| train/                |           |
|    entropy_loss       | 7.58      |
|    explained_variance | 0         |
|    learning_rate      | 0.0007    |
|    n_updates          | 72399     |
|    policy_loss        | -2.1e+04  |
|    reward             | 967.05255 |
|    std                | 0.0406    |
|    value_loss         | 9.5e+06   |
-------------------------------------
-------------------------------------
| time/                 |           |
|    fps                | 15        |
|    iterations         | 72500     |
|    time_elapsed       | 23790     |
|    total_timesteps    | 362500    |
| train/                |           |
|    entropy_loss       | 7.59      |
|    explained_variance | 0         |
|    learning_rate      | 0.0007    |
|    n_updates          | 72499     |
|    policy_loss        | -2.09e+04 |
|    reward             | 980.4421  |
|    std                | 0.0407    |
|    value_loss         | 9.32e+06  |
-------------------------------------
EPISODE:  364
-------------------------------------
| time/                 |           |
|    fps                | 15        |
|    iterations         | 72600     |
|    time_elapsed       | 23823     |
|    total_timesteps    | 363000    |
| train/                |           |
|    entropy_loss       | 7.6       |
|    explained_variance | -1.19e-07 |
|    learning_rate      | 0.0007    |
|    n_updates          | 72599     |
|    policy_loss        | -1.96e+04 |
|    reward             | 968.0573  |
|    std                | 0.0405    |
|    value_loss         | 9.52e+06  |
-------------------------------------
-------------------------------------
| time/                 |           |
|    fps                | 15        |
|    iterations         | 72700     |
|    time_elapsed       | 23856     |
|    total_timesteps    | 363500    |
| train/                |           |
|    entropy_loss       | 7.61      |
|    explained_variance | 0         |
|    learning_rate      | 0.0007    |
|    n_updates          | 72699     |
|    policy_loss        | -2.12e+04 |
|    reward             | 980.4421  |
|    std                | 0.0405    |
|    value_loss         | 9.32e+06  |
-------------------------------------
EPISODE:  365
-------------------------------------
| time/                 |           |
|    fps                | 15        |
|    iterations         | 72800     |
|    time_elapsed       | 23889     |
|    total_timesteps    | 364000    |
| train/                |           |
|    entropy_loss       | 7.61      |
|    explained_variance | 0         |
|    learning_rate      | 0.0007    |
|    n_updates          | 72799     |
|    policy_loss        | -2.24e+04 |
|    reward             | 968.00336 |
|    std                | 0.0404    |
|    value_loss         | 9.52e+06  |
-------------------------------------
-------------------------------------
| time/                 |           |
|    fps                | 15        |
|    iterations         | 72900     |
|    time_elapsed       | 23922     |
|    total_timesteps    | 364500    |
| train/                |           |
|    entropy_loss       | 7.61      |
|    explained_variance | 0         |
|    learning_rate      | 0.0007    |
|    n_updates          | 72899     |
|    policy_loss        | -2.12e+04 |
|    reward             | 980.4421  |
|    std                | 0.0406    |
|    value_loss         | 9.32e+06  |
-------------------------------------
EPISODE:  366
-------------------------------------
| time/                 |           |
|    fps                | 15        |
|    iterations         | 73000     |
|    time_elapsed       | 23955     |
|    total_timesteps    | 365000    |
| train/                |           |
|    entropy_loss       | 7.62      |
|    explained_variance | -1.19e-07 |
|    learning_rate      | 0.0007    |
|    n_updates          | 72999     |
|    policy_loss        | -2.2e+04  |
|    reward             | 968.00336 |
|    std                | 0.0408    |
|    value_loss         | 9.52e+06  |
-------------------------------------
-------------------------------------
| time/                 |           |
|    fps                | 15        |
|    iterations         | 73100     |
|    time_elapsed       | 23988     |
|    total_timesteps    | 365500    |
| train/                |           |
|    entropy_loss       | 7.62      |
|    explained_variance | -1.19e-07 |
|    learning_rate      | 0.0007    |
|    n_updates          | 73099     |
|    policy_loss        | -1.95e+04 |
|    reward             | 980.4421  |
|    std                | 0.0408    |
|    value_loss         | 9.32e+06  |
-------------------------------------
EPISODE:  367
-------------------------------------
| time/                 |           |
|    fps                | 15        |
|    iterations         | 73200     |
|    time_elapsed       | 24021     |
|    total_timesteps    | 366000    |
| train/                |           |
|    entropy_loss       | 7.62      |
|    explained_variance | -2.38e-07 |
|    learning_rate      | 0.0007    |
|    n_updates          | 73199     |
|    policy_loss        | -2.03e+04 |
|    reward             | 968.00336 |
|    std                | 0.0407    |
|    value_loss         | 9.52e+06  |
-------------------------------------
-------------------------------------
| time/                 |           |
|    fps                | 15        |
|    iterations         | 73300     |
|    time_elapsed       | 24054     |
|    total_timesteps    | 366500    |
| train/                |           |
|    entropy_loss       | 7.62      |
|    explained_variance | -1.19e-07 |
|    learning_rate      | 0.0007    |
|    n_updates          | 73299     |
|    policy_loss        | -2.15e+04 |
|    reward             | 980.4421  |
|    std                | 0.041     |
|    value_loss         | 9.32e+06  |
-------------------------------------
EPISODE:  368
-------------------------------------
| time/                 |           |
|    fps                | 15        |
|    iterations         | 73400     |
|    time_elapsed       | 24087     |
|    total_timesteps    | 367000    |
| train/                |           |
|    entropy_loss       | 7.64      |
|    explained_variance | 1.19e-07  |
|    learning_rate      | 0.0007    |
|    n_updates          | 73399     |
|    policy_loss        | -1.93e+04 |
|    reward             | 968.00336 |
|    std                | 0.0409    |
|    value_loss         | 9.52e+06  |
-------------------------------------
-------------------------------------
| time/                 |           |
|    fps                | 15        |
|    iterations         | 73500     |
|    time_elapsed       | 24121     |
|    total_timesteps    | 367500    |
| train/                |           |
|    entropy_loss       | 7.64      |
|    explained_variance | 0         |
|    learning_rate      | 0.0007    |
|    n_updates          | 73499     |
|    policy_loss        | -1.95e+04 |
|    reward             | 980.4421  |
|    std                | 0.0408    |
|    value_loss         | 9.32e+06  |
-------------------------------------
EPISODE:  369
-------------------------------------
| time/                 |           |
|    fps                | 15        |
|    iterations         | 73600     |
|    time_elapsed       | 24155     |
|    total_timesteps    | 368000    |
| train/                |           |
|    entropy_loss       | 7.64      |
|    explained_variance | 0         |
|    learning_rate      | 0.0007    |
|    n_updates          | 73599     |
|    policy_loss        | -2.26e+04 |
|    reward             | 968.00336 |
|    std                | 0.0408    |
|    value_loss         | 9.52e+06  |
-------------------------------------
-------------------------------------
| time/                 |           |
|    fps                | 15        |
|    iterations         | 73700     |
|    time_elapsed       | 24188     |
|    total_timesteps    | 368500    |
| train/                |           |
|    entropy_loss       | 7.64      |
|    explained_variance | 0         |
|    learning_rate      | 0.0007    |
|    n_updates          | 73699     |
|    policy_loss        | -2.19e+04 |
|    reward             | 980.4421  |
|    std                | 0.0412    |
|    value_loss         | 9.32e+06  |
-------------------------------------
EPISODE:  370
-------------------------------------
| time/                 |           |
|    fps                | 15        |
|    iterations         | 73800     |
|    time_elapsed       | 24221     |
|    total_timesteps    | 369000    |
| train/                |           |
|    entropy_loss       | 7.65      |
|    explained_variance | -1.19e-07 |
|    learning_rate      | 0.0007    |
|    n_updates          | 73799     |
|    policy_loss        | -2.16e+04 |
|    reward             | 968.00336 |
|    std                | 0.0413    |
|    value_loss         | 9.52e+06  |
-------------------------------------
------------------------------------
| time/                 |          |
|    fps                | 15       |
|    iterations         | 73900    |
|    time_elapsed       | 24254    |
|    total_timesteps    | 369500   |
| train/                |          |
|    entropy_loss       | 7.67     |
|    explained_variance | 0        |
|    learning_rate      | 0.0007   |
|    n_updates          | 73899    |
|    policy_loss        | -2.3e+04 |
|    reward             | 980.4421 |
|    std                | 0.0407   |
|    value_loss         | 9.32e+06 |
------------------------------------
EPISODE:  371
-------------------------------------
| time/                 |           |
|    fps                | 15        |
|    iterations         | 74000     |
|    time_elapsed       | 24287     |
|    total_timesteps    | 370000    |
| train/                |           |
|    entropy_loss       | 7.68      |
|    explained_variance | 0         |
|    learning_rate      | 0.0007    |
|    n_updates          | 73999     |
|    policy_loss        | -2.17e+04 |
|    reward             | 968.00336 |
|    std                | 0.0407    |
|    value_loss         | 9.52e+06  |
-------------------------------------
-------------------------------------
| time/                 |           |
|    fps                | 15        |
|    iterations         | 74100     |
|    time_elapsed       | 24320     |
|    total_timesteps    | 370500    |
| train/                |           |
|    entropy_loss       | 7.68      |
|    explained_variance | -1.19e-07 |
|    learning_rate      | 0.0007    |
|    n_updates          | 74099     |
|    policy_loss        | -2.17e+04 |
|    reward             | 980.4421  |
|    std                | 0.041     |
|    value_loss         | 9.32e+06  |
-------------------------------------
EPISODE:  372
-------------------------------------
| time/                 |           |
|    fps                | 15        |
|    iterations         | 74200     |
|    time_elapsed       | 24353     |
|    total_timesteps    | 371000    |
| train/                |           |
|    entropy_loss       | 7.68      |
|    explained_variance | 0         |
|    learning_rate      | 0.0007    |
|    n_updates          | 74199     |
|    policy_loss        | -2.27e+04 |
|    reward             | 968.00336 |
|    std                | 0.0414    |
|    value_loss         | 9.52e+06  |
-------------------------------------
-------------------------------------
| time/                 |           |
|    fps                | 15        |
|    iterations         | 74300     |
|    time_elapsed       | 24387     |
|    total_timesteps    | 371500    |
| train/                |           |
|    entropy_loss       | 7.69      |
|    explained_variance | 5.96e-08  |
|    learning_rate      | 0.0007    |
|    n_updates          | 74299     |
|    policy_loss        | -2.16e+04 |
|    reward             | 980.4421  |
|    std                | 0.0416    |
|    value_loss         | 9.32e+06  |
-------------------------------------
EPISODE:  373
-------------------------------------
| time/                 |           |
|    fps                | 15        |
|    iterations         | 74400     |
|    time_elapsed       | 24420     |
|    total_timesteps    | 372000    |
| train/                |           |
|    entropy_loss       | 7.69      |
|    explained_variance | 0         |
|    learning_rate      | 0.0007    |
|    n_updates          | 74399     |
|    policy_loss        | -2.2e+04  |
|    reward             | 968.00336 |
|    std                | 0.0416    |
|    value_loss         | 9.52e+06  |
-------------------------------------
-------------------------------------
| time/                 |           |
|    fps                | 15        |
|    iterations         | 74500     |
|    time_elapsed       | 24453     |
|    total_timesteps    | 372500    |
| train/                |           |
|    entropy_loss       | 7.71      |
|    explained_variance | -1.19e-07 |
|    learning_rate      | 0.0007    |
|    n_updates          | 74499     |
|    policy_loss        | -2.33e+04 |
|    reward             | 980.4421  |
|    std                | 0.0414    |
|    value_loss         | 9.32e+06  |
-------------------------------------
EPISODE:  374
-------------------------------------
| time/                 |           |
|    fps                | 15        |
|    iterations         | 74600     |
|    time_elapsed       | 24486     |
|    total_timesteps    | 373000    |
| train/                |           |
|    entropy_loss       | 7.72      |
|    explained_variance | -1.19e-07 |
|    learning_rate      | 0.0007    |
|    n_updates          | 74599     |
|    policy_loss        | -2.07e+04 |
|    reward             | 968.00336 |
|    std                | 0.0412    |
|    value_loss         | 9.52e+06  |
-------------------------------------
-------------------------------------
| time/                 |           |
|    fps                | 15        |
|    iterations         | 74700     |
|    time_elapsed       | 24519     |
|    total_timesteps    | 373500    |
| train/                |           |
|    entropy_loss       | 7.73      |
|    explained_variance | -1.19e-07 |
|    learning_rate      | 0.0007    |
|    n_updates          | 74699     |
|    policy_loss        | -1.9e+04  |
|    reward             | 980.4421  |
|    std                | 0.0409    |
|    value_loss         | 9.32e+06  |
-------------------------------------
EPISODE:  375
-------------------------------------
| time/                 |           |
|    fps                | 15        |
|    iterations         | 74800     |
|    time_elapsed       | 24552     |
|    total_timesteps    | 374000    |
| train/                |           |
|    entropy_loss       | 7.74      |
|    explained_variance | 0         |
|    learning_rate      | 0.0007    |
|    n_updates          | 74799     |
|    policy_loss        | -2.07e+04 |
|    reward             | 968.00336 |
|    std                | 0.0408    |
|    value_loss         | 9.52e+06  |
-------------------------------------
------------------------------------
| time/                 |          |
|    fps                | 15       |
|    iterations         | 74900    |
|    time_elapsed       | 24585    |
|    total_timesteps    | 374500   |
| train/                |          |
|    entropy_loss       | 7.75     |
|    explained_variance | 1.79e-07 |
|    learning_rate      | 0.0007   |
|    n_updates          | 74899    |
|    policy_loss        | -2.1e+04 |
|    reward             | 980.4421 |
|    std                | 0.0409   |
|    value_loss         | 9.32e+06 |
------------------------------------
EPISODE:  376
-------------------------------------
| time/                 |           |
|    fps                | 15        |
|    iterations         | 75000     |
|    time_elapsed       | 24618     |
|    total_timesteps    | 375000    |
| train/                |           |
|    entropy_loss       | 7.76      |
|    explained_variance | 0         |
|    learning_rate      | 0.0007    |
|    n_updates          | 74999     |
|    policy_loss        | -2.12e+04 |
|    reward             | 968.00336 |
|    std                | 0.0407    |
|    value_loss         | 9.52e+06  |
-------------------------------------
-------------------------------------
| time/                 |           |
|    fps                | 15        |
|    iterations         | 75100     |
|    time_elapsed       | 24651     |
|    total_timesteps    | 375500    |
| train/                |           |
|    entropy_loss       | 7.78      |
|    explained_variance | 0         |
|    learning_rate      | 0.0007    |
|    n_updates          | 75099     |
|    policy_loss        | -2.08e+04 |
|    reward             | 980.4421  |
|    std                | 0.0405    |
|    value_loss         | 9.31e+06  |
-------------------------------------
EPISODE:  377
-------------------------------------
| time/                 |           |
|    fps                | 15        |
|    iterations         | 75200     |
|    time_elapsed       | 24684     |
|    total_timesteps    | 376000    |
| train/                |           |
|    entropy_loss       | 7.79      |
|    explained_variance | -1.19e-07 |
|    learning_rate      | 0.0007    |
|    n_updates          | 75199     |
|    policy_loss        | -2.26e+04 |
|    reward             | 968.00336 |
|    std                | 0.0403    |
|    value_loss         | 9.52e+06  |
-------------------------------------
-------------------------------------
| time/                 |           |
|    fps                | 15        |
|    iterations         | 75300     |
|    time_elapsed       | 24717     |
|    total_timesteps    | 376500    |
| train/                |           |
|    entropy_loss       | 7.79      |
|    explained_variance | 0         |
|    learning_rate      | 0.0007    |
|    n_updates          | 75299     |
|    policy_loss        | -1.98e+04 |
|    reward             | 980.4421  |
|    std                | 0.0402    |
|    value_loss         | 9.31e+06  |
-------------------------------------
EPISODE:  378
-------------------------------------
| time/                 |           |
|    fps                | 15        |
|    iterations         | 75400     |
|    time_elapsed       | 24750     |
|    total_timesteps    | 377000    |
| train/                |           |
|    entropy_loss       | 7.81      |
|    explained_variance | 1.19e-07  |
|    learning_rate      | 0.0007    |
|    n_updates          | 75399     |
|    policy_loss        | -2.34e+04 |
|    reward             | 968.00336 |
|    std                | 0.0398    |
|    value_loss         | 9.52e+06  |
-------------------------------------
------------------------------------
| time/                 |          |
|    fps                | 15       |
|    iterations         | 75500    |
|    time_elapsed       | 24783    |
|    total_timesteps    | 377500   |
| train/                |          |
|    entropy_loss       | 7.81     |
|    explained_variance | 0        |
|    learning_rate      | 0.0007   |
|    n_updates          | 75499    |
|    policy_loss        | -2.1e+04 |
|    reward             | 980.4421 |
|    std                | 0.0397   |
|    value_loss         | 9.31e+06 |
------------------------------------
EPISODE:  379
-------------------------------------
| time/                 |           |
|    fps                | 15        |
|    iterations         | 75600     |
|    time_elapsed       | 24816     |
|    total_timesteps    | 378000    |
| train/                |           |
|    entropy_loss       | 7.82      |
|    explained_variance | 0         |
|    learning_rate      | 0.0007    |
|    n_updates          | 75599     |
|    policy_loss        | -2.22e+04 |
|    reward             | 968.00336 |
|    std                | 0.0398    |
|    value_loss         | 9.52e+06  |
-------------------------------------
-------------------------------------
| time/                 |           |
|    fps                | 15        |
|    iterations         | 75700     |
|    time_elapsed       | 24850     |
|    total_timesteps    | 378500    |
| train/                |           |
|    entropy_loss       | 7.83      |
|    explained_variance | -1.19e-07 |
|    learning_rate      | 0.0007    |
|    n_updates          | 75699     |
|    policy_loss        | -2.12e+04 |
|    reward             | 980.4421  |
|    std                | 0.0395    |
|    value_loss         | 9.31e+06  |
-------------------------------------
EPISODE:  380
-------------------------------------
| time/                 |           |
|    fps                | 15        |
|    iterations         | 75800     |
|    time_elapsed       | 24883     |
|    total_timesteps    | 379000    |
| train/                |           |
|    entropy_loss       | 7.85      |
|    explained_variance | -1.19e-07 |
|    learning_rate      | 0.0007    |
|    n_updates          | 75799     |
|    policy_loss        | -2.15e+04 |
|    reward             | 968.00336 |
|    std                | 0.0392    |
|    value_loss         | 9.52e+06  |
-------------------------------------
-------------------------------------
| time/                 |           |
|    fps                | 15        |
|    iterations         | 75900     |
|    time_elapsed       | 24916     |
|    total_timesteps    | 379500    |
| train/                |           |
|    entropy_loss       | 7.85      |
|    explained_variance | 0         |
|    learning_rate      | 0.0007    |
|    n_updates          | 75899     |
|    policy_loss        | -2.04e+04 |
|    reward             | 980.4421  |
|    std                | 0.0394    |
|    value_loss         | 9.31e+06  |
-------------------------------------
EPISODE:  381
-------------------------------------
| time/                 |           |
|    fps                | 15        |
|    iterations         | 76000     |
|    time_elapsed       | 24949     |
|    total_timesteps    | 380000    |
| train/                |           |
|    entropy_loss       | 7.86      |
|    explained_variance | 0         |
|    learning_rate      | 0.0007    |
|    n_updates          | 75999     |
|    policy_loss        | -2.24e+04 |
|    reward             | 968.00336 |
|    std                | 0.0394    |
|    value_loss         | 9.52e+06  |
-------------------------------------
-------------------------------------
| time/                 |           |
|    fps                | 15        |
|    iterations         | 76100     |
|    time_elapsed       | 24982     |
|    total_timesteps    | 380500    |
| train/                |           |
|    entropy_loss       | 7.86      |
|    explained_variance | 0         |
|    learning_rate      | 0.0007    |
|    n_updates          | 76099     |
|    policy_loss        | -2.36e+04 |
|    reward             | 980.4421  |
|    std                | 0.0392    |
|    value_loss         | 9.31e+06  |
-------------------------------------
EPISODE:  382
-------------------------------------
| time/                 |           |
|    fps                | 15        |
|    iterations         | 76200     |
|    time_elapsed       | 25015     |
|    total_timesteps    | 381000    |
| train/                |           |
|    entropy_loss       | 7.87      |
|    explained_variance | -2.38e-07 |
|    learning_rate      | 0.0007    |
|    n_updates          | 76199     |
|    policy_loss        | -2.09e+04 |
|    reward             | 968.00336 |
|    std                | 0.0392    |
|    value_loss         | 9.51e+06  |
-------------------------------------
-------------------------------------
| time/                 |           |
|    fps                | 15        |
|    iterations         | 76300     |
|    time_elapsed       | 25048     |
|    total_timesteps    | 381500    |
| train/                |           |
|    entropy_loss       | 7.9       |
|    explained_variance | -1.19e-07 |
|    learning_rate      | 0.0007    |
|    n_updates          | 76299     |
|    policy_loss        | -2.15e+04 |
|    reward             | 980.4421  |
|    std                | 0.0387    |
|    value_loss         | 9.31e+06  |
-------------------------------------
EPISODE:  383
-------------------------------------
| time/                 |           |
|    fps                | 15        |
|    iterations         | 76400     |
|    time_elapsed       | 25082     |
|    total_timesteps    | 382000    |
| train/                |           |
|    entropy_loss       | 7.91      |
|    explained_variance | 5.96e-08  |
|    learning_rate      | 0.0007    |
|    n_updates          | 76399     |
|    policy_loss        | -2.25e+04 |
|    reward             | 968.00336 |
|    std                | 0.0385    |
|    value_loss         | 9.51e+06  |
-------------------------------------
-------------------------------------
| time/                 |           |
|    fps                | 15        |
|    iterations         | 76500     |
|    time_elapsed       | 25115     |
|    total_timesteps    | 382500    |
| train/                |           |
|    entropy_loss       | 7.92      |
|    explained_variance | 0         |
|    learning_rate      | 0.0007    |
|    n_updates          | 76499     |
|    policy_loss        | -2.23e+04 |
|    reward             | 980.4421  |
|    std                | 0.0383    |
|    value_loss         | 9.31e+06  |
-------------------------------------
EPISODE:  384
-------------------------------------
| time/                 |           |
|    fps                | 15        |
|    iterations         | 76600     |
|    time_elapsed       | 25148     |
|    total_timesteps    | 383000    |
| train/                |           |
|    entropy_loss       | 7.93      |
|    explained_variance | 1.19e-07  |
|    learning_rate      | 0.0007    |
|    n_updates          | 76599     |
|    policy_loss        | -2.29e+04 |
|    reward             | 968.00336 |
|    std                | 0.0381    |
|    value_loss         | 9.51e+06  |
-------------------------------------
-------------------------------------
| time/                 |           |
|    fps                | 15        |
|    iterations         | 76700     |
|    time_elapsed       | 25181     |
|    total_timesteps    | 383500    |
| train/                |           |
|    entropy_loss       | 7.95      |
|    explained_variance | 1.79e-07  |
|    learning_rate      | 0.0007    |
|    n_updates          | 76699     |
|    policy_loss        | -2.26e+04 |
|    reward             | 980.4421  |
|    std                | 0.038     |
|    value_loss         | 9.31e+06  |
-------------------------------------
EPISODE:  385
-------------------------------------
| time/                 |           |
|    fps                | 15        |
|    iterations         | 76800     |
|    time_elapsed       | 25215     |
|    total_timesteps    | 384000    |
| train/                |           |
|    entropy_loss       | 7.96      |
|    explained_variance | 0         |
|    learning_rate      | 0.0007    |
|    n_updates          | 76799     |
|    policy_loss        | -2.27e+04 |
|    reward             | 968.00336 |
|    std                | 0.0382    |
|    value_loss         | 9.51e+06  |
-------------------------------------
-------------------------------------
| time/                 |           |
|    fps                | 15        |
|    iterations         | 76900     |
|    time_elapsed       | 25248     |
|    total_timesteps    | 384500    |
| train/                |           |
|    entropy_loss       | 7.96      |
|    explained_variance | 5.96e-08  |
|    learning_rate      | 0.0007    |
|    n_updates          | 76899     |
|    policy_loss        | -2.01e+04 |
|    reward             | 980.4421  |
|    std                | 0.0383    |
|    value_loss         | 9.31e+06  |
-------------------------------------
EPISODE:  386
-------------------------------------
| time/                 |           |
|    fps                | 15        |
|    iterations         | 77000     |
|    time_elapsed       | 25281     |
|    total_timesteps    | 385000    |
| train/                |           |
|    entropy_loss       | 7.96      |
|    explained_variance | 0         |
|    learning_rate      | 0.0007    |
|    n_updates          | 76999     |
|    policy_loss        | -2.09e+04 |
|    reward             | 968.00336 |
|    std                | 0.0383    |
|    value_loss         | 9.51e+06  |
-------------------------------------
-------------------------------------
| time/                 |           |
|    fps                | 15        |
|    iterations         | 77100     |
|    time_elapsed       | 25314     |
|    total_timesteps    | 385500    |
| train/                |           |
|    entropy_loss       | 7.97      |
|    explained_variance | 0         |
|    learning_rate      | 0.0007    |
|    n_updates          | 77099     |
|    policy_loss        | -2.17e+04 |
|    reward             | 980.4421  |
|    std                | 0.0382    |
|    value_loss         | 9.31e+06  |
-------------------------------------
EPISODE:  387
-------------------------------------
| time/                 |           |
|    fps                | 15        |
|    iterations         | 77200     |
|    time_elapsed       | 25347     |
|    total_timesteps    | 386000    |
| train/                |           |
|    entropy_loss       | 7.98      |
|    explained_variance | 0         |
|    learning_rate      | 0.0007    |
|    n_updates          | 77199     |
|    policy_loss        | -2.31e+04 |
|    reward             | 968.00336 |
|    std                | 0.0379    |
|    value_loss         | 9.51e+06  |
-------------------------------------
-------------------------------------
| time/                 |           |
|    fps                | 15        |
|    iterations         | 77300     |
|    time_elapsed       | 25380     |
|    total_timesteps    | 386500    |
| train/                |           |
|    entropy_loss       | 7.98      |
|    explained_variance | -1.19e-07 |
|    learning_rate      | 0.0007    |
|    n_updates          | 77299     |
|    policy_loss        | -2.13e+04 |
|    reward             | 980.4421  |
|    std                | 0.0378    |
|    value_loss         | 9.31e+06  |
-------------------------------------
EPISODE:  388
-------------------------------------
| time/                 |           |
|    fps                | 15        |
|    iterations         | 77400     |
|    time_elapsed       | 25413     |
|    total_timesteps    | 387000    |
| train/                |           |
|    entropy_loss       | 7.98      |
|    explained_variance | 0         |
|    learning_rate      | 0.0007    |
|    n_updates          | 77399     |
|    policy_loss        | -2.3e+04  |
|    reward             | 968.00336 |
|    std                | 0.0379    |
|    value_loss         | 9.51e+06  |
-------------------------------------
-------------------------------------
| time/                 |           |
|    fps                | 15        |
|    iterations         | 77500     |
|    time_elapsed       | 25446     |
|    total_timesteps    | 387500    |
| train/                |           |
|    entropy_loss       | 7.99      |
|    explained_variance | -1.19e-07 |
|    learning_rate      | 0.0007    |
|    n_updates          | 77499     |
|    policy_loss        | -2.22e+04 |
|    reward             | 980.4421  |
|    std                | 0.0379    |
|    value_loss         | 9.31e+06  |
-------------------------------------
EPISODE:  389
-------------------------------------
| time/                 |           |
|    fps                | 15        |
|    iterations         | 77600     |
|    time_elapsed       | 25479     |
|    total_timesteps    | 388000    |
| train/                |           |
|    entropy_loss       | 8.01      |
|    explained_variance | -1.19e-07 |
|    learning_rate      | 0.0007    |
|    n_updates          | 77599     |
|    policy_loss        | -2.17e+04 |
|    reward             | 968.00336 |
|    std                | 0.0377    |
|    value_loss         | 9.51e+06  |
-------------------------------------
-------------------------------------
| time/                 |           |
|    fps                | 15        |
|    iterations         | 77700     |
|    time_elapsed       | 25512     |
|    total_timesteps    | 388500    |
| train/                |           |
|    entropy_loss       | 8.02      |
|    explained_variance | 0         |
|    learning_rate      | 0.0007    |
|    n_updates          | 77699     |
|    policy_loss        | -2.24e+04 |
|    reward             | 980.4421  |
|    std                | 0.0375    |
|    value_loss         | 9.31e+06  |
-------------------------------------
EPISODE:  390
-------------------------------------
| time/                 |           |
|    fps                | 15        |
|    iterations         | 77800     |
|    time_elapsed       | 25545     |
|    total_timesteps    | 389000    |
| train/                |           |
|    entropy_loss       | 8.06      |
|    explained_variance | 0         |
|    learning_rate      | 0.0007    |
|    n_updates          | 77799     |
|    policy_loss        | -2.25e+04 |
|    reward             | 968.00336 |
|    std                | 0.0369    |
|    value_loss         | 9.51e+06  |
-------------------------------------
------------------------------------
| time/                 |          |
|    fps                | 15       |
|    iterations         | 77900    |
|    time_elapsed       | 25578    |
|    total_timesteps    | 389500   |
| train/                |          |
|    entropy_loss       | 8.08     |
|    explained_variance | 0        |
|    learning_rate      | 0.0007   |
|    n_updates          | 77899    |
|    policy_loss        | -2.4e+04 |
|    reward             | 980.4421 |
|    std                | 0.0369   |
|    value_loss         | 9.31e+06 |
------------------------------------
EPISODE:  391
-------------------------------------
| time/                 |           |
|    fps                | 15        |
|    iterations         | 78000     |
|    time_elapsed       | 25611     |
|    total_timesteps    | 390000    |
| train/                |           |
|    entropy_loss       | 8.08      |
|    explained_variance | -1.19e-07 |
|    learning_rate      | 0.0007    |
|    n_updates          | 77999     |
|    policy_loss        | -2.06e+04 |
|    reward             | 968.00336 |
|    std                | 0.0371    |
|    value_loss         | 9.51e+06  |
-------------------------------------
-------------------------------------
| time/                 |           |
|    fps                | 15        |
|    iterations         | 78100     |
|    time_elapsed       | 25644     |
|    total_timesteps    | 390500    |
| train/                |           |
|    entropy_loss       | 8.09      |
|    explained_variance | 0         |
|    learning_rate      | 0.0007    |
|    n_updates          | 78099     |
|    policy_loss        | -2.25e+04 |
|    reward             | 980.4421  |
|    std                | 0.0373    |
|    value_loss         | 9.31e+06  |
-------------------------------------
EPISODE:  392
-------------------------------------
| time/                 |           |
|    fps                | 15        |
|    iterations         | 78200     |
|    time_elapsed       | 25677     |
|    total_timesteps    | 391000    |
| train/                |           |
|    entropy_loss       | 8.1       |
|    explained_variance | 1.19e-07  |
|    learning_rate      | 0.0007    |
|    n_updates          | 78199     |
|    policy_loss        | -2.23e+04 |
|    reward             | 968.00336 |
|    std                | 0.0371    |
|    value_loss         | 9.51e+06  |
-------------------------------------
-------------------------------------
| time/                 |           |
|    fps                | 15        |
|    iterations         | 78300     |
|    time_elapsed       | 25710     |
|    total_timesteps    | 391500    |
| train/                |           |
|    entropy_loss       | 8.11      |
|    explained_variance | 1.79e-07  |
|    learning_rate      | 0.0007    |
|    n_updates          | 78299     |
|    policy_loss        | -2.11e+04 |
|    reward             | 980.4421  |
|    std                | 0.0372    |
|    value_loss         | 9.31e+06  |
-------------------------------------
EPISODE:  393
-------------------------------------
| time/                 |           |
|    fps                | 15        |
|    iterations         | 78400     |
|    time_elapsed       | 25744     |
|    total_timesteps    | 392000    |
| train/                |           |
|    entropy_loss       | 8.11      |
|    explained_variance | -1.19e-07 |
|    learning_rate      | 0.0007    |
|    n_updates          | 78399     |
|    policy_loss        | -2.17e+04 |
|    reward             | 968.00336 |
|    std                | 0.0373    |
|    value_loss         | 9.51e+06  |
-------------------------------------
------------------------------------
| time/                 |          |
|    fps                | 15       |
|    iterations         | 78500    |
|    time_elapsed       | 25777    |
|    total_timesteps    | 392500   |
| train/                |          |
|    entropy_loss       | 8.11     |
|    explained_variance | 5.96e-08 |
|    learning_rate      | 0.0007   |
|    n_updates          | 78499    |
|    policy_loss        | -2.4e+04 |
|    reward             | 980.4421 |
|    std                | 0.0376   |
|    value_loss         | 9.31e+06 |
------------------------------------
EPISODE:  394
-------------------------------------
| time/                 |           |
|    fps                | 15        |
|    iterations         | 78600     |
|    time_elapsed       | 25810     |
|    total_timesteps    | 393000    |
| train/                |           |
|    entropy_loss       | 8.12      |
|    explained_variance | 1.19e-07  |
|    learning_rate      | 0.0007    |
|    n_updates          | 78599     |
|    policy_loss        | -2.14e+04 |
|    reward             | 968.00336 |
|    std                | 0.0376    |
|    value_loss         | 9.51e+06  |
-------------------------------------
-------------------------------------
| time/                 |           |
|    fps                | 15        |
|    iterations         | 78700     |
|    time_elapsed       | 25843     |
|    total_timesteps    | 393500    |
| train/                |           |
|    entropy_loss       | 8.12      |
|    explained_variance | 2.38e-07  |
|    learning_rate      | 0.0007    |
|    n_updates          | 78699     |
|    policy_loss        | -2.35e+04 |
|    reward             | 980.4421  |
|    std                | 0.0378    |
|    value_loss         | 9.31e+06  |
-------------------------------------
EPISODE:  395
-------------------------------------
| time/                 |           |
|    fps                | 15        |
|    iterations         | 78800     |
|    time_elapsed       | 25876     |
|    total_timesteps    | 394000    |
| train/                |           |
|    entropy_loss       | 8.12      |
|    explained_variance | 0         |
|    learning_rate      | 0.0007    |
|    n_updates          | 78799     |
|    policy_loss        | -2.21e+04 |
|    reward             | 953.0781  |
|    std                | 0.0378    |
|    value_loss         | 9.2e+06   |
-------------------------------------
-------------------------------------
| time/                 |           |
|    fps                | 15        |
|    iterations         | 78900     |
|    time_elapsed       | 25909     |
|    total_timesteps    | 394500    |
| train/                |           |
|    entropy_loss       | 8.13      |
|    explained_variance | 5.96e-08  |
|    learning_rate      | 0.0007    |
|    n_updates          | 78899     |
|    policy_loss        | -2.24e+04 |
|    reward             | 967.50946 |
|    std                | 0.0377    |
|    value_loss         | 8.85e+06  |
-------------------------------------
EPISODE:  396
-------------------------------------
| time/                 |           |
|    fps                | 15        |
|    iterations         | 79000     |
|    time_elapsed       | 25942     |
|    total_timesteps    | 395000    |
| train/                |           |
|    entropy_loss       | 8.14      |
|    explained_variance | 0         |
|    learning_rate      | 0.0007    |
|    n_updates          | 78999     |
|    policy_loss        | -2.32e+04 |
|    reward             | 945.0952  |
|    std                | 0.0377    |
|    value_loss         | 9.04e+06  |
-------------------------------------
------------------------------------
| time/                 |          |
|    fps                | 15       |
|    iterations         | 79100    |
|    time_elapsed       | 25975    |
|    total_timesteps    | 395500   |
| train/                |          |
|    entropy_loss       | 8.17     |
|    explained_variance | 0        |
|    learning_rate      | 0.0007   |
|    n_updates          | 79099    |
|    policy_loss        | -2.2e+04 |
|    reward             | 966.2171 |
|    std                | 0.0374   |
|    value_loss         | 8.82e+06 |
------------------------------------
EPISODE:  397
-------------------------------------
| time/                 |           |
|    fps                | 15        |
|    iterations         | 79200     |
|    time_elapsed       | 26009     |
|    total_timesteps    | 396000    |
| train/                |           |
|    entropy_loss       | 8.17      |
|    explained_variance | -1.19e-07 |
|    learning_rate      | 0.0007    |
|    n_updates          | 79199     |
|    policy_loss        | -2.23e+04 |
|    reward             | 947.0271  |
|    std                | 0.0373    |
|    value_loss         | 9.08e+06  |
-------------------------------------
-------------------------------------
| time/                 |           |
|    fps                | 15        |
|    iterations         | 79300     |
|    time_elapsed       | 26042     |
|    total_timesteps    | 396500    |
| train/                |           |
|    entropy_loss       | 8.18      |
|    explained_variance | 0         |
|    learning_rate      | 0.0007    |
|    n_updates          | 79299     |
|    policy_loss        | -2.25e+04 |
|    reward             | 966.9428  |
|    std                | 0.0373    |
|    value_loss         | 8.84e+06  |
-------------------------------------
EPISODE:  398
-------------------------------------
| time/                 |           |
|    fps                | 15        |
|    iterations         | 79400     |
|    time_elapsed       | 26076     |
|    total_timesteps    | 397000    |
| train/                |           |
|    entropy_loss       | 8.17      |
|    explained_variance | 0         |
|    learning_rate      | 0.0007    |
|    n_updates          | 79399     |
|    policy_loss        | -2.16e+04 |
|    reward             | 943.3146  |
|    std                | 0.0376    |
|    value_loss         | 9e+06     |
-------------------------------------
-------------------------------------
| time/                 |           |
|    fps                | 15        |
|    iterations         | 79500     |
|    time_elapsed       | 26109     |
|    total_timesteps    | 397500    |
| train/                |           |
|    entropy_loss       | 8.17      |
|    explained_variance | 5.96e-08  |
|    learning_rate      | 0.0007    |
|    n_updates          | 79499     |
|    policy_loss        | -2.07e+04 |
|    reward             | 966.9428  |
|    std                | 0.0377    |
|    value_loss         | 8.83e+06  |
-------------------------------------
EPISODE:  399
-------------------------------------
| time/                 |           |
|    fps                | 15        |
|    iterations         | 79600     |
|    time_elapsed       | 26142     |
|    total_timesteps    | 398000    |
| train/                |           |
|    entropy_loss       | 8.18      |
|    explained_variance | -1.19e-07 |
|    learning_rate      | 0.0007    |
|    n_updates          | 79599     |
|    policy_loss        | -2.25e+04 |
|    reward             | 948.0904  |
|    std                | 0.0377    |
|    value_loss         | 9.1e+06   |
-------------------------------------
-------------------------------------
| time/                 |           |
|    fps                | 15        |
|    iterations         | 79700     |
|    time_elapsed       | 26175     |
|    total_timesteps    | 398500    |
| train/                |           |
|    entropy_loss       | 8.17      |
|    explained_variance | -1.19e-07 |
|    learning_rate      | 0.0007    |
|    n_updates          | 79699     |
|    policy_loss        | -2.29e+04 |
|    reward             | 962.78516 |
|    std                | 0.038     |
|    value_loss         | 8.76e+06  |
-------------------------------------
EPISODE:  400
-------------------------------------
| time/                 |           |
|    fps                | 15        |
|    iterations         | 79800     |
|    time_elapsed       | 26208     |
|    total_timesteps    | 399000    |
| train/                |           |
|    entropy_loss       | 8.19      |
|    explained_variance | -1.19e-07 |
|    learning_rate      | 0.0007    |
|    n_updates          | 79799     |
|    policy_loss        | -2.26e+04 |
|    reward             | 940.48553 |
|    std                | 0.0378    |
|    value_loss         | 8.95e+06  |
-------------------------------------
------------------------------------
| time/                 |          |
|    fps                | 15       |
|    iterations         | 79900    |
|    time_elapsed       | 26241    |
|    total_timesteps    | 399500   |
| train/                |          |
|    entropy_loss       | 8.19     |
|    explained_variance | 5.96e-08 |
|    learning_rate      | 0.0007   |
|    n_updates          | 79899    |
|    policy_loss        | -2.3e+04 |
|    reward             | 966.9428 |
|    std                | 0.038    |
|    value_loss         | 8.83e+06 |
------------------------------------
EPISODE:  401
-------------------------------------
| time/                 |           |
|    fps                | 15        |
|    iterations         | 80000     |
|    time_elapsed       | 26274     |
|    total_timesteps    | 400000    |
| train/                |           |
|    entropy_loss       | 8.2       |
|    explained_variance | 5.96e-08  |
|    learning_rate      | 0.0007    |
|    n_updates          | 79999     |
|    policy_loss        | -2.2e+04  |
|    reward             | 947.28906 |
|    std                | 0.0379    |
|    value_loss         | 9.08e+06  |
-------------------------------------
-------------------------------------
| time/                 |           |
|    fps                | 15        |
|    iterations         | 80100     |
|    time_elapsed       | 26307     |
|    total_timesteps    | 400500    |
| train/                |           |
|    entropy_loss       | 8.21      |
|    explained_variance | -1.19e-07 |
|    learning_rate      | 0.0007    |
|    n_updates          | 80099     |
|    policy_loss        | -2.32e+04 |
|    reward             | 967.79767 |
|    std                | 0.0379    |
|    value_loss         | 8.85e+06  |
-------------------------------------
EPISODE:  402
-------------------------------------
| time/                 |           |
|    fps                | 15        |
|    iterations         | 80200     |
|    time_elapsed       | 26340     |
|    total_timesteps    | 401000    |
| train/                |           |
|    entropy_loss       | 8.22      |
|    explained_variance | 1.79e-07  |
|    learning_rate      | 0.0007    |
|    n_updates          | 80199     |
|    policy_loss        | -2.03e+04 |
|    reward             | 945.38196 |
|    std                | 0.0379    |
|    value_loss         | 9.04e+06  |
-------------------------------------
-------------------------------------
| time/                 |           |
|    fps                | 15        |
|    iterations         | 80300     |
|    time_elapsed       | 26374     |
|    total_timesteps    | 401500    |
| train/                |           |
|    entropy_loss       | 8.23      |
|    explained_variance | 0         |
|    learning_rate      | 0.0007    |
|    n_updates          | 80299     |
|    policy_loss        | -2.15e+04 |
|    reward             | 966.9428  |
|    std                | 0.0378    |
|    value_loss         | 8.83e+06  |
-------------------------------------
EPISODE:  403
-------------------------------------
| time/                 |           |
|    fps                | 15        |
|    iterations         | 80400     |
|    time_elapsed       | 26407     |
|    total_timesteps    | 402000    |
| train/                |           |
|    entropy_loss       | 8.24      |
|    explained_variance | 0         |
|    learning_rate      | 0.0007    |
|    n_updates          | 80399     |
|    policy_loss        | -2.23e+04 |
|    reward             | 944.5469  |
|    std                | 0.0377    |
|    value_loss         | 9.03e+06  |
-------------------------------------
-------------------------------------
| time/                 |           |
|    fps                | 15        |
|    iterations         | 80500     |
|    time_elapsed       | 26440     |
|    total_timesteps    | 402500    |
| train/                |           |
|    entropy_loss       | 8.26      |
|    explained_variance | -1.19e-07 |
|    learning_rate      | 0.0007    |
|    n_updates          | 80499     |
|    policy_loss        | -2.32e+04 |
|    reward             | 966.9428  |
|    std                | 0.0374    |
|    value_loss         | 8.83e+06  |
-------------------------------------
EPISODE:  404
-------------------------------------
| time/                 |           |
|    fps                | 15        |
|    iterations         | 80600     |
|    time_elapsed       | 26473     |
|    total_timesteps    | 403000    |
| train/                |           |
|    entropy_loss       | 8.27      |
|    explained_variance | 0         |
|    learning_rate      | 0.0007    |
|    n_updates          | 80599     |
|    policy_loss        | -2.08e+04 |
|    reward             | 944.5469  |
|    std                | 0.0374    |
|    value_loss         | 9.03e+06  |
-------------------------------------
-------------------------------------
| time/                 |           |
|    fps                | 15        |
|    iterations         | 80700     |
|    time_elapsed       | 26506     |
|    total_timesteps    | 403500    |
| train/                |           |
|    entropy_loss       | 8.27      |
|    explained_variance | 0         |
|    learning_rate      | 0.0007    |
|    n_updates          | 80699     |
|    policy_loss        | -2.12e+04 |
|    reward             | 966.9428  |
|    std                | 0.0374    |
|    value_loss         | 8.83e+06  |
-------------------------------------
EPISODE:  405
-------------------------------------
| time/                 |           |
|    fps                | 15        |
|    iterations         | 80800     |
|    time_elapsed       | 26539     |
|    total_timesteps    | 404000    |
| train/                |           |
|    entropy_loss       | 8.29      |
|    explained_variance | 0         |
|    learning_rate      | 0.0007    |
|    n_updates          | 80799     |
|    policy_loss        | -2.09e+04 |
|    reward             | 944.59766 |
|    std                | 0.0372    |
|    value_loss         | 9.03e+06  |
-------------------------------------
-------------------------------------
| time/                 |           |
|    fps                | 15        |
|    iterations         | 80900     |
|    time_elapsed       | 26572     |
|    total_timesteps    | 404500    |
| train/                |           |
|    entropy_loss       | 8.3       |
|    explained_variance | -1.19e-07 |
|    learning_rate      | 0.0007    |
|    n_updates          | 80899     |
|    policy_loss        | -2.19e+04 |
|    reward             | 967.7228  |
|    std                | 0.0372    |
|    value_loss         | 8.85e+06  |
-------------------------------------
EPISODE:  406
-------------------------------------
| time/                 |           |
|    fps                | 15        |
|    iterations         | 81000     |
|    time_elapsed       | 26605     |
|    total_timesteps    | 405000    |
| train/                |           |
|    entropy_loss       | 8.31      |
|    explained_variance | -1.19e-07 |
|    learning_rate      | 0.0007    |
|    n_updates          | 80999     |
|    policy_loss        | -2.3e+04  |
|    reward             | 946.661   |
|    std                | 0.0373    |
|    value_loss         | 9.07e+06  |
-------------------------------------
-------------------------------------
| time/                 |           |
|    fps                | 15        |
|    iterations         | 81100     |
|    time_elapsed       | 26638     |
|    total_timesteps    | 405500    |
| train/                |           |
|    entropy_loss       | 8.32      |
|    explained_variance | -1.19e-07 |
|    learning_rate      | 0.0007    |
|    n_updates          | 81099     |
|    policy_loss        | -2.35e+04 |
|    reward             | 966.9428  |
|    std                | 0.037     |
|    value_loss         | 8.83e+06  |
-------------------------------------
EPISODE:  407
------------------------------------
| time/                 |          |
|    fps                | 15       |
|    iterations         | 81200    |
|    time_elapsed       | 26671    |
|    total_timesteps    | 406000   |
| train/                |          |
|    entropy_loss       | 8.34     |
|    explained_variance | 5.96e-08 |
|    learning_rate      | 0.0007   |
|    n_updates          | 81199    |
|    policy_loss        | -2.3e+04 |
|    reward             | 944.5469 |
|    std                | 0.0368   |
|    value_loss         | 9.02e+06 |
------------------------------------
-------------------------------------
| time/                 |           |
|    fps                | 15        |
|    iterations         | 81300     |
|    time_elapsed       | 26704     |
|    total_timesteps    | 406500    |
| train/                |           |
|    entropy_loss       | 8.35      |
|    explained_variance | -1.19e-07 |
|    learning_rate      | 0.0007    |
|    n_updates          | 81299     |
|    policy_loss        | -2.21e+04 |
|    reward             | 966.9428  |
|    std                | 0.0366    |
|    value_loss         | 8.83e+06  |
-------------------------------------
EPISODE:  408
-------------------------------------
| time/                 |           |
|    fps                | 15        |
|    iterations         | 81400     |
|    time_elapsed       | 26737     |
|    total_timesteps    | 407000    |
| train/                |           |
|    entropy_loss       | 8.36      |
|    explained_variance | 0         |
|    learning_rate      | 0.0007    |
|    n_updates          | 81399     |
|    policy_loss        | -2.43e+04 |
|    reward             | 944.5469  |
|    std                | 0.0363    |
|    value_loss         | 9.02e+06  |
-------------------------------------
-------------------------------------
| time/                 |           |
|    fps                | 15        |
|    iterations         | 81500     |
|    time_elapsed       | 26770     |
|    total_timesteps    | 407500    |
| train/                |           |
|    entropy_loss       | 8.36      |
|    explained_variance | 1.79e-07  |
|    learning_rate      | 0.0007    |
|    n_updates          | 81499     |
|    policy_loss        | -2.35e+04 |
|    reward             | 966.9428  |
|    std                | 0.0369    |
|    value_loss         | 8.83e+06  |
-------------------------------------
EPISODE:  409
-------------------------------------
| time/                 |           |
|    fps                | 15        |
|    iterations         | 81600     |
|    time_elapsed       | 26803     |
|    total_timesteps    | 408000    |
| train/                |           |
|    entropy_loss       | 8.36      |
|    explained_variance | 0         |
|    learning_rate      | 0.0007    |
|    n_updates          | 81599     |
|    policy_loss        | -2.18e+04 |
|    reward             | 944.5469  |
|    std                | 0.0367    |
|    value_loss         | 9.02e+06  |
-------------------------------------
-------------------------------------
| time/                 |           |
|    fps                | 15        |
|    iterations         | 81700     |
|    time_elapsed       | 26836     |
|    total_timesteps    | 408500    |
| train/                |           |
|    entropy_loss       | 8.39      |
|    explained_variance | 0         |
|    learning_rate      | 0.0007    |
|    n_updates          | 81699     |
|    policy_loss        | -2.25e+04 |
|    reward             | 966.9428  |
|    std                | 0.0363    |
|    value_loss         | 8.83e+06  |
-------------------------------------
EPISODE:  410
-------------------------------------
| time/                 |           |
|    fps                | 15        |
|    iterations         | 81800     |
|    time_elapsed       | 26870     |
|    total_timesteps    | 409000    |
| train/                |           |
|    entropy_loss       | 8.39      |
|    explained_variance | 0         |
|    learning_rate      | 0.0007    |
|    n_updates          | 81799     |
|    policy_loss        | -2.44e+04 |
|    reward             | 944.5469  |
|    std                | 0.0362    |
|    value_loss         | 9.02e+06  |
-------------------------------------
-------------------------------------
| time/                 |           |
|    fps                | 15        |
|    iterations         | 81900     |
|    time_elapsed       | 26903     |
|    total_timesteps    | 409500    |
| train/                |           |
|    entropy_loss       | 8.4       |
|    explained_variance | 0         |
|    learning_rate      | 0.0007    |
|    n_updates          | 81899     |
|    policy_loss        | -2.18e+04 |
|    reward             | 966.9428  |
|    std                | 0.0363    |
|    value_loss         | 8.83e+06  |
-------------------------------------
EPISODE:  411
-------------------------------------
| time/                 |           |
|    fps                | 15        |
|    iterations         | 82000     |
|    time_elapsed       | 26936     |
|    total_timesteps    | 410000    |
| train/                |           |
|    entropy_loss       | 8.41      |
|    explained_variance | -1.19e-07 |
|    learning_rate      | 0.0007    |
|    n_updates          | 81999     |
|    policy_loss        | -2.38e+04 |
|    reward             | 944.5469  |
|    std                | 0.0363    |
|    value_loss         | 9.02e+06  |
-------------------------------------
-------------------------------------
| time/                 |           |
|    fps                | 15        |
|    iterations         | 82100     |
|    time_elapsed       | 26970     |
|    total_timesteps    | 410500    |
| train/                |           |
|    entropy_loss       | 8.42      |
|    explained_variance | 5.96e-08  |
|    learning_rate      | 0.0007    |
|    n_updates          | 82099     |
|    policy_loss        | -2.14e+04 |
|    reward             | 966.9428  |
|    std                | 0.0359    |
|    value_loss         | 8.83e+06  |
-------------------------------------
EPISODE:  412
-------------------------------------
| time/                 |           |
|    fps                | 15        |
|    iterations         | 82200     |
|    time_elapsed       | 27003     |
|    total_timesteps    | 411000    |
| train/                |           |
|    entropy_loss       | 8.43      |
|    explained_variance | 0         |
|    learning_rate      | 0.0007    |
|    n_updates          | 82199     |
|    policy_loss        | -2.33e+04 |
|    reward             | 944.5469  |
|    std                | 0.036     |
|    value_loss         | 9.02e+06  |
-------------------------------------
-------------------------------------
| time/                 |           |
|    fps                | 15        |
|    iterations         | 82300     |
|    time_elapsed       | 27036     |
|    total_timesteps    | 411500    |
| train/                |           |
|    entropy_loss       | 8.43      |
|    explained_variance | -1.19e-07 |
|    learning_rate      | 0.0007    |
|    n_updates          | 82299     |
|    policy_loss        | -2.42e+04 |
|    reward             | 966.9428  |
|    std                | 0.036     |
|    value_loss         | 8.83e+06  |
-------------------------------------
EPISODE:  413
-------------------------------------
| time/                 |           |
|    fps                | 15        |
|    iterations         | 82400     |
|    time_elapsed       | 27069     |
|    total_timesteps    | 412000    |
| train/                |           |
|    entropy_loss       | 8.44      |
|    explained_variance | -1.19e-07 |
|    learning_rate      | 0.0007    |
|    n_updates          | 82399     |
|    policy_loss        | -2.21e+04 |
|    reward             | 944.5469  |
|    std                | 0.0363    |
|    value_loss         | 9.02e+06  |
-------------------------------------
-------------------------------------
| time/                 |           |
|    fps                | 15        |
|    iterations         | 82500     |
|    time_elapsed       | 27102     |
|    total_timesteps    | 412500    |
| train/                |           |
|    entropy_loss       | 8.46      |
|    explained_variance | 1.79e-07  |
|    learning_rate      | 0.0007    |
|    n_updates          | 82499     |
|    policy_loss        | -2.34e+04 |
|    reward             | 966.4149  |
|    std                | 0.036     |
|    value_loss         | 8.82e+06  |
-------------------------------------
EPISODE:  414
------------------------------------
| time/                 |          |
|    fps                | 15       |
|    iterations         | 82600    |
|    time_elapsed       | 27135    |
|    total_timesteps    | 413000   |
| train/                |          |
|    entropy_loss       | 8.46     |
|    explained_variance | 0        |
|    learning_rate      | 0.0007   |
|    n_updates          | 82599    |
|    policy_loss        | -2.3e+04 |
|    reward             | 944.4402 |
|    std                | 0.036    |
|    value_loss         | 9.02e+06 |
------------------------------------
-------------------------------------
| time/                 |           |
|    fps                | 15        |
|    iterations         | 82700     |
|    time_elapsed       | 27168     |
|    total_timesteps    | 413500    |
| train/                |           |
|    entropy_loss       | 8.47      |
|    explained_variance | 0         |
|    learning_rate      | 0.0007    |
|    n_updates          | 82699     |
|    policy_loss        | -2.21e+04 |
|    reward             | 967.23944 |
|    std                | 0.0359    |
|    value_loss         | 8.83e+06  |
-------------------------------------
EPISODE:  415
-------------------------------------
| time/                 |           |
|    fps                | 15        |
|    iterations         | 82800     |
|    time_elapsed       | 27202     |
|    total_timesteps    | 414000    |
| train/                |           |
|    entropy_loss       | 8.47      |
|    explained_variance | 5.96e-08  |
|    learning_rate      | 0.0007    |
|    n_updates          | 82799     |
|    policy_loss        | -2.31e+04 |
|    reward             | 945.6028  |
|    std                | 0.0359    |
|    value_loss         | 9.04e+06  |
-------------------------------------
-------------------------------------
| time/                 |           |
|    fps                | 15        |
|    iterations         | 82900     |
|    time_elapsed       | 27235     |
|    total_timesteps    | 414500    |
| train/                |           |
|    entropy_loss       | 8.48      |
|    explained_variance | -1.19e-07 |
|    learning_rate      | 0.0007    |
|    n_updates          | 82899     |
|    policy_loss        | -2.26e+04 |
|    reward             | 966.9428  |
|    std                | 0.0359    |
|    value_loss         | 8.83e+06  |
-------------------------------------
EPISODE:  416
-------------------------------------
| time/                 |           |
|    fps                | 15        |
|    iterations         | 83000     |
|    time_elapsed       | 27268     |
|    total_timesteps    | 415000    |
| train/                |           |
|    entropy_loss       | 8.49      |
|    explained_variance | 0         |
|    learning_rate      | 0.0007    |
|    n_updates          | 82999     |
|    policy_loss        | -2.11e+04 |
|    reward             | 944.5469  |
|    std                | 0.0359    |
|    value_loss         | 9.02e+06  |
-------------------------------------
-------------------------------------
| time/                 |           |
|    fps                | 15        |
|    iterations         | 83100     |
|    time_elapsed       | 27301     |
|    total_timesteps    | 415500    |
| train/                |           |
|    entropy_loss       | 8.5       |
|    explained_variance | -1.19e-07 |
|    learning_rate      | 0.0007    |
|    n_updates          | 83099     |
|    policy_loss        | -2.23e+04 |
|    reward             | 966.9428  |
|    std                | 0.0359    |
|    value_loss         | 8.83e+06  |
-------------------------------------
EPISODE:  417
-------------------------------------
| time/                 |           |
|    fps                | 15        |
|    iterations         | 83200     |
|    time_elapsed       | 27334     |
|    total_timesteps    | 416000    |
| train/                |           |
|    entropy_loss       | 8.51      |
|    explained_variance | 0         |
|    learning_rate      | 0.0007    |
|    n_updates          | 83199     |
|    policy_loss        | -2.27e+04 |
|    reward             | 944.5469  |
|    std                | 0.0358    |
|    value_loss         | 9.02e+06  |
-------------------------------------
-------------------------------------
| time/                 |           |
|    fps                | 15        |
|    iterations         | 83300     |
|    time_elapsed       | 27367     |
|    total_timesteps    | 416500    |
| train/                |           |
|    entropy_loss       | 8.52      |
|    explained_variance | -1.19e-07 |
|    learning_rate      | 0.0007    |
|    n_updates          | 83299     |
|    policy_loss        | -2.32e+04 |
|    reward             | 966.9428  |
|    std                | 0.0357    |
|    value_loss         | 8.83e+06  |
-------------------------------------
EPISODE:  418
-------------------------------------
| time/                 |           |
|    fps                | 15        |
|    iterations         | 83400     |
|    time_elapsed       | 27400     |
|    total_timesteps    | 417000    |
| train/                |           |
|    entropy_loss       | 8.53      |
|    explained_variance | 0         |
|    learning_rate      | 0.0007    |
|    n_updates          | 83399     |
|    policy_loss        | -2.19e+04 |
|    reward             | 944.5469  |
|    std                | 0.0359    |
|    value_loss         | 9.02e+06  |
-------------------------------------
-------------------------------------
| time/                 |           |
|    fps                | 15        |
|    iterations         | 83500     |
|    time_elapsed       | 27433     |
|    total_timesteps    | 417500    |
| train/                |           |
|    entropy_loss       | 8.54      |
|    explained_variance | 0         |
|    learning_rate      | 0.0007    |
|    n_updates          | 83499     |
|    policy_loss        | -2.21e+04 |
|    reward             | 966.9428  |
|    std                | 0.0361    |
|    value_loss         | 8.83e+06  |
-------------------------------------
EPISODE:  419
-------------------------------------
| time/                 |           |
|    fps                | 15        |
|    iterations         | 83600     |
|    time_elapsed       | 27466     |
|    total_timesteps    | 418000    |
| train/                |           |
|    entropy_loss       | 8.54      |
|    explained_variance | -1.19e-07 |
|    learning_rate      | 0.0007    |
|    n_updates          | 83599     |
|    policy_loss        | -2.34e+04 |
|    reward             | 944.5469  |
|    std                | 0.0361    |
|    value_loss         | 9.02e+06  |
-------------------------------------
-------------------------------------
| time/                 |           |
|    fps                | 15        |
|    iterations         | 83700     |
|    time_elapsed       | 27499     |
|    total_timesteps    | 418500    |
| train/                |           |
|    entropy_loss       | 8.55      |
|    explained_variance | 0         |
|    learning_rate      | 0.0007    |
|    n_updates          | 83699     |
|    policy_loss        | -2.19e+04 |
|    reward             | 966.9428  |
|    std                | 0.0359    |
|    value_loss         | 8.83e+06  |
-------------------------------------
EPISODE:  420
-------------------------------------
| time/                 |           |
|    fps                | 15        |
|    iterations         | 83800     |
|    time_elapsed       | 27532     |
|    total_timesteps    | 419000    |
| train/                |           |
|    entropy_loss       | 8.58      |
|    explained_variance | 0         |
|    learning_rate      | 0.0007    |
|    n_updates          | 83799     |
|    policy_loss        | -2.48e+04 |
|    reward             | 944.5469  |
|    std                | 0.0353    |
|    value_loss         | 9.02e+06  |
-------------------------------------
-------------------------------------
| time/                 |           |
|    fps                | 15        |
|    iterations         | 83900     |
|    time_elapsed       | 27565     |
|    total_timesteps    | 419500    |
| train/                |           |
|    entropy_loss       | 8.58      |
|    explained_variance | -1.19e-07 |
|    learning_rate      | 0.0007    |
|    n_updates          | 83899     |
|    policy_loss        | -2.23e+04 |
|    reward             | 966.9428  |
|    std                | 0.0354    |
|    value_loss         | 8.83e+06  |
-------------------------------------
EPISODE:  421
-------------------------------------
| time/                 |           |
|    fps                | 15        |
|    iterations         | 84000     |
|    time_elapsed       | 27598     |
|    total_timesteps    | 420000    |
| train/                |           |
|    entropy_loss       | 8.58      |
|    explained_variance | 0         |
|    learning_rate      | 0.0007    |
|    n_updates          | 83999     |
|    policy_loss        | -2.22e+04 |
|    reward             | 944.5469  |
|    std                | 0.0354    |
|    value_loss         | 9.02e+06  |
-------------------------------------
-------------------------------------
| time/                 |           |
|    fps                | 15        |
|    iterations         | 84100     |
|    time_elapsed       | 27632     |
|    total_timesteps    | 420500    |
| train/                |           |
|    entropy_loss       | 8.58      |
|    explained_variance | 0         |
|    learning_rate      | 0.0007    |
|    n_updates          | 84099     |
|    policy_loss        | -2.02e+04 |
|    reward             | 967.61304 |
|    std                | 0.0352    |
|    value_loss         | 8.89e+06  |
-------------------------------------
EPISODE:  422
-------------------------------------
| time/                 |           |
|    fps                | 15        |
|    iterations         | 84200     |
|    time_elapsed       | 27665     |
|    total_timesteps    | 421000    |
| train/                |           |
|    entropy_loss       | 8.59      |
|    explained_variance | 5.96e-08  |
|    learning_rate      | 0.0007    |
|    n_updates          | 84199     |
|    policy_loss        | -2.52e+04 |
|    reward             | 945.2507  |
|    std                | 0.0352    |
|    value_loss         | 9.03e+06  |
-------------------------------------
-------------------------------------
| time/                 |           |
|    fps                | 15        |
|    iterations         | 84300     |
|    time_elapsed       | 27698     |
|    total_timesteps    | 421500    |
| train/                |           |
|    entropy_loss       | 8.6       |
|    explained_variance | 5.96e-08  |
|    learning_rate      | 0.0007    |
|    n_updates          | 84299     |
|    policy_loss        | -2.26e+04 |
|    reward             | 967.27765 |
|    std                | 0.035     |
|    value_loss         | 8.83e+06  |
-------------------------------------
EPISODE:  423
-------------------------------------
| time/                 |           |
|    fps                | 15        |
|    iterations         | 84400     |
|    time_elapsed       | 27731     |
|    total_timesteps    | 422000    |
| train/                |           |
|    entropy_loss       | 8.59      |
|    explained_variance | -1.19e-07 |
|    learning_rate      | 0.0007    |
|    n_updates          | 84399     |
|    policy_loss        | -2.53e+04 |
|    reward             | 944.87396 |
|    std                | 0.0353    |
|    value_loss         | 9.02e+06  |
-------------------------------------
-------------------------------------
| time/                 |           |
|    fps                | 15        |
|    iterations         | 84500     |
|    time_elapsed       | 27764     |
|    total_timesteps    | 422500    |
| train/                |           |
|    entropy_loss       | 8.6       |
|    explained_variance | 0         |
|    learning_rate      | 0.0007    |
|    n_updates          | 84499     |
|    policy_loss        | -2.29e+04 |
|    reward             | 966.9428  |
|    std                | 0.0353    |
|    value_loss         | 8.82e+06  |
-------------------------------------
EPISODE:  424
-------------------------------------
| time/                 |           |
|    fps                | 15        |
|    iterations         | 84600     |
|    time_elapsed       | 27797     |
|    total_timesteps    | 423000    |
| train/                |           |
|    entropy_loss       | 8.61      |
|    explained_variance | 5.96e-08  |
|    learning_rate      | 0.0007    |
|    n_updates          | 84599     |
|    policy_loss        | -2.22e+04 |
|    reward             | 944.5469  |
|    std                | 0.0352    |
|    value_loss         | 9.02e+06  |
-------------------------------------
-------------------------------------
| time/                 |           |
|    fps                | 15        |
|    iterations         | 84700     |
|    time_elapsed       | 27830     |
|    total_timesteps    | 423500    |
| train/                |           |
|    entropy_loss       | 8.61      |
|    explained_variance | 0         |
|    learning_rate      | 0.0007    |
|    n_updates          | 84699     |
|    policy_loss        | -2.49e+04 |
|    reward             | 966.9428  |
|    std                | 0.0355    |
|    value_loss         | 8.82e+06  |
-------------------------------------
EPISODE:  425
-------------------------------------
| time/                 |           |
|    fps                | 15        |
|    iterations         | 84800     |
|    time_elapsed       | 27863     |
|    total_timesteps    | 424000    |
| train/                |           |
|    entropy_loss       | 8.62      |
|    explained_variance | 1.79e-07  |
|    learning_rate      | 0.0007    |
|    n_updates          | 84799     |
|    policy_loss        | -2.37e+04 |
|    reward             | 944.5469  |
|    std                | 0.0354    |
|    value_loss         | 9.02e+06  |
-------------------------------------
-------------------------------------
| time/                 |           |
|    fps                | 15        |
|    iterations         | 84900     |
|    time_elapsed       | 27897     |
|    total_timesteps    | 424500    |
| train/                |           |
|    entropy_loss       | 8.64      |
|    explained_variance | 5.96e-08  |
|    learning_rate      | 0.0007    |
|    n_updates          | 84899     |
|    policy_loss        | -2.35e+04 |
|    reward             | 966.9428  |
|    std                | 0.0351    |
|    value_loss         | 8.82e+06  |
-------------------------------------
EPISODE:  426
-------------------------------------
| time/                 |           |
|    fps                | 15        |
|    iterations         | 85000     |
|    time_elapsed       | 27930     |
|    total_timesteps    | 425000    |
| train/                |           |
|    entropy_loss       | 8.64      |
|    explained_variance | -1.19e-07 |
|    learning_rate      | 0.0007    |
|    n_updates          | 84999     |
|    policy_loss        | -2.37e+04 |
|    reward             | 944.5469  |
|    std                | 0.0354    |
|    value_loss         | 9.02e+06  |
-------------------------------------
-------------------------------------
| time/                 |           |
|    fps                | 15        |
|    iterations         | 85100     |
|    time_elapsed       | 27964     |
|    total_timesteps    | 425500    |
| train/                |           |
|    entropy_loss       | 8.64      |
|    explained_variance | 0         |
|    learning_rate      | 0.0007    |
|    n_updates          | 85099     |
|    policy_loss        | -2.29e+04 |
|    reward             | 966.9428  |
|    std                | 0.0354    |
|    value_loss         | 8.82e+06  |
-------------------------------------
EPISODE:  427
-------------------------------------
| time/                 |           |
|    fps                | 15        |
|    iterations         | 85200     |
|    time_elapsed       | 27997     |
|    total_timesteps    | 426000    |
| train/                |           |
|    entropy_loss       | 8.65      |
|    explained_variance | 0         |
|    learning_rate      | 0.0007    |
|    n_updates          | 85199     |
|    policy_loss        | -2.41e+04 |
|    reward             | 944.5469  |
|    std                | 0.0354    |
|    value_loss         | 9.02e+06  |
-------------------------------------
-------------------------------------
| time/                 |           |
|    fps                | 15        |
|    iterations         | 85300     |
|    time_elapsed       | 28030     |
|    total_timesteps    | 426500    |
| train/                |           |
|    entropy_loss       | 8.66      |
|    explained_variance | 0         |
|    learning_rate      | 0.0007    |
|    n_updates          | 85299     |
|    policy_loss        | -2.39e+04 |
|    reward             | 966.9428  |
|    std                | 0.0352    |
|    value_loss         | 8.82e+06  |
-------------------------------------
EPISODE:  428
-------------------------------------
| time/                 |           |
|    fps                | 15        |
|    iterations         | 85400     |
|    time_elapsed       | 28063     |
|    total_timesteps    | 427000    |
| train/                |           |
|    entropy_loss       | 8.67      |
|    explained_variance | 0         |
|    learning_rate      | 0.0007    |
|    n_updates          | 85399     |
|    policy_loss        | -2.47e+04 |
|    reward             | 944.5469  |
|    std                | 0.0352    |
|    value_loss         | 9.02e+06  |
-------------------------------------
-------------------------------------
| time/                 |           |
|    fps                | 15        |
|    iterations         | 85500     |
|    time_elapsed       | 28096     |
|    total_timesteps    | 427500    |
| train/                |           |
|    entropy_loss       | 8.67      |
|    explained_variance | 5.96e-08  |
|    learning_rate      | 0.0007    |
|    n_updates          | 85499     |
|    policy_loss        | -2.46e+04 |
|    reward             | 966.9428  |
|    std                | 0.0351    |
|    value_loss         | 8.82e+06  |
-------------------------------------
EPISODE:  429
-------------------------------------
| time/                 |           |
|    fps                | 15        |
|    iterations         | 85600     |
|    time_elapsed       | 28129     |
|    total_timesteps    | 428000    |
| train/                |           |
|    entropy_loss       | 8.69      |
|    explained_variance | -1.19e-07 |
|    learning_rate      | 0.0007    |
|    n_updates          | 85599     |
|    policy_loss        | -2.46e+04 |
|    reward             | 944.5469  |
|    std                | 0.0347    |
|    value_loss         | 9.02e+06  |
-------------------------------------
-------------------------------------
| time/                 |           |
|    fps                | 15        |
|    iterations         | 85700     |
|    time_elapsed       | 28162     |
|    total_timesteps    | 428500    |
| train/                |           |
|    entropy_loss       | 8.7       |
|    explained_variance | 0         |
|    learning_rate      | 0.0007    |
|    n_updates          | 85699     |
|    policy_loss        | -2.38e+04 |
|    reward             | 966.9428  |
|    std                | 0.0347    |
|    value_loss         | 8.82e+06  |
-------------------------------------
EPISODE:  430
-------------------------------------
| time/                 |           |
|    fps                | 15        |
|    iterations         | 85800     |
|    time_elapsed       | 28195     |
|    total_timesteps    | 429000    |
| train/                |           |
|    entropy_loss       | 8.71      |
|    explained_variance | 2.38e-07  |
|    learning_rate      | 0.0007    |
|    n_updates          | 85799     |
|    policy_loss        | -2.58e+04 |
|    reward             | 944.5469  |
|    std                | 0.0345    |
|    value_loss         | 9.01e+06  |
-------------------------------------
-------------------------------------
| time/                 |           |
|    fps                | 15        |
|    iterations         | 85900     |
|    time_elapsed       | 28229     |
|    total_timesteps    | 429500    |
| train/                |           |
|    entropy_loss       | 8.71      |
|    explained_variance | -1.19e-07 |
|    learning_rate      | 0.0007    |
|    n_updates          | 85899     |
|    policy_loss        | -2.43e+04 |
|    reward             | 966.9428  |
|    std                | 0.0346    |
|    value_loss         | 8.82e+06  |
-------------------------------------
EPISODE:  431
-------------------------------------
| time/                 |           |
|    fps                | 15        |
|    iterations         | 86000     |
|    time_elapsed       | 28262     |
|    total_timesteps    | 430000    |
| train/                |           |
|    entropy_loss       | 8.71      |
|    explained_variance | -2.38e-07 |
|    learning_rate      | 0.0007    |
|    n_updates          | 85999     |
|    policy_loss        | -2.43e+04 |
|    reward             | 944.5469  |
|    std                | 0.0347    |
|    value_loss         | 9.01e+06  |
-------------------------------------
-------------------------------------
| time/                 |           |
|    fps                | 15        |
|    iterations         | 86100     |
|    time_elapsed       | 28295     |
|    total_timesteps    | 430500    |
| train/                |           |
|    entropy_loss       | 8.73      |
|    explained_variance | -1.19e-07 |
|    learning_rate      | 0.0007    |
|    n_updates          | 86099     |
|    policy_loss        | -2.43e+04 |
|    reward             | 966.9428  |
|    std                | 0.0346    |
|    value_loss         | 8.82e+06  |
-------------------------------------
EPISODE:  432
-------------------------------------
| time/                 |           |
|    fps                | 15        |
|    iterations         | 86200     |
|    time_elapsed       | 28328     |
|    total_timesteps    | 431000    |
| train/                |           |
|    entropy_loss       | 8.76      |
|    explained_variance | 0         |
|    learning_rate      | 0.0007    |
|    n_updates          | 86199     |
|    policy_loss        | -2.58e+04 |
|    reward             | 944.5469  |
|    std                | 0.0345    |
|    value_loss         | 9.01e+06  |
-------------------------------------
-------------------------------------
| time/                 |           |
|    fps                | 15        |
|    iterations         | 86300     |
|    time_elapsed       | 28361     |
|    total_timesteps    | 431500    |
| train/                |           |
|    entropy_loss       | 8.76      |
|    explained_variance | -1.19e-07 |
|    learning_rate      | 0.0007    |
|    n_updates          | 86299     |
|    policy_loss        | -2.47e+04 |
|    reward             | 966.9428  |
|    std                | 0.0344    |
|    value_loss         | 8.82e+06  |
-------------------------------------
EPISODE:  433
-------------------------------------
| time/                 |           |
|    fps                | 15        |
|    iterations         | 86400     |
|    time_elapsed       | 28394     |
|    total_timesteps    | 432000    |
| train/                |           |
|    entropy_loss       | 8.76      |
|    explained_variance | 0         |
|    learning_rate      | 0.0007    |
|    n_updates          | 86399     |
|    policy_loss        | -2.43e+04 |
|    reward             | 944.5469  |
|    std                | 0.0346    |
|    value_loss         | 9.01e+06  |
-------------------------------------
-------------------------------------
| time/                 |           |
|    fps                | 15        |
|    iterations         | 86500     |
|    time_elapsed       | 28427     |
|    total_timesteps    | 432500    |
| train/                |           |
|    entropy_loss       | 8.77      |
|    explained_variance | 0         |
|    learning_rate      | 0.0007    |
|    n_updates          | 86499     |
|    policy_loss        | -2.36e+04 |
|    reward             | 966.9428  |
|    std                | 0.0343    |
|    value_loss         | 8.82e+06  |
-------------------------------------
EPISODE:  434
-------------------------------------
| time/                 |           |
|    fps                | 15        |
|    iterations         | 86600     |
|    time_elapsed       | 28460     |
|    total_timesteps    | 433000    |
| train/                |           |
|    entropy_loss       | 8.77      |
|    explained_variance | -1.19e-07 |
|    learning_rate      | 0.0007    |
|    n_updates          | 86599     |
|    policy_loss        | -2.55e+04 |
|    reward             | 944.5469  |
|    std                | 0.0344    |
|    value_loss         | 9.01e+06  |
-------------------------------------
-------------------------------------
| time/                 |           |
|    fps                | 15        |
|    iterations         | 86700     |
|    time_elapsed       | 28493     |
|    total_timesteps    | 433500    |
| train/                |           |
|    entropy_loss       | 8.78      |
|    explained_variance | 0         |
|    learning_rate      | 0.0007    |
|    n_updates          | 86699     |
|    policy_loss        | -2.22e+04 |
|    reward             | 966.9428  |
|    std                | 0.0344    |
|    value_loss         | 8.82e+06  |
-------------------------------------
EPISODE:  435
-------------------------------------
| time/                 |           |
|    fps                | 15        |
|    iterations         | 86800     |
|    time_elapsed       | 28526     |
|    total_timesteps    | 434000    |
| train/                |           |
|    entropy_loss       | 8.79      |
|    explained_variance | -1.19e-07 |
|    learning_rate      | 0.0007    |
|    n_updates          | 86799     |
|    policy_loss        | -2.47e+04 |
|    reward             | 944.5469  |
|    std                | 0.0343    |
|    value_loss         | 9.01e+06  |
-------------------------------------
-------------------------------------
| time/                 |           |
|    fps                | 15        |
|    iterations         | 86900     |
|    time_elapsed       | 28560     |
|    total_timesteps    | 434500    |
| train/                |           |
|    entropy_loss       | 8.79      |
|    explained_variance | 0         |
|    learning_rate      | 0.0007    |
|    n_updates          | 86899     |
|    policy_loss        | -2.51e+04 |
|    reward             | 966.9428  |
|    std                | 0.0342    |
|    value_loss         | 8.82e+06  |
-------------------------------------
EPISODE:  436
-------------------------------------
| time/                 |           |
|    fps                | 15        |
|    iterations         | 87000     |
|    time_elapsed       | 28593     |
|    total_timesteps    | 435000    |
| train/                |           |
|    entropy_loss       | 8.8       |
|    explained_variance | 0         |
|    learning_rate      | 0.0007    |
|    n_updates          | 86999     |
|    policy_loss        | -1.87e+04 |
|    reward             | 944.5469  |
|    std                | 0.0341    |
|    value_loss         | 9.01e+06  |
-------------------------------------
-------------------------------------
| time/                 |           |
|    fps                | 15        |
|    iterations         | 87100     |
|    time_elapsed       | 28626     |
|    total_timesteps    | 435500    |
| train/                |           |
|    entropy_loss       | 8.8       |
|    explained_variance | 0         |
|    learning_rate      | 0.0007    |
|    n_updates          | 87099     |
|    policy_loss        | -2.55e+04 |
|    reward             | 966.9428  |
|    std                | 0.0341    |
|    value_loss         | 8.82e+06  |
-------------------------------------
EPISODE:  437
-------------------------------------
| time/                 |           |
|    fps                | 15        |
|    iterations         | 87200     |
|    time_elapsed       | 28659     |
|    total_timesteps    | 436000    |
| train/                |           |
|    entropy_loss       | 8.81      |
|    explained_variance | 5.96e-08  |
|    learning_rate      | 0.0007    |
|    n_updates          | 87199     |
|    policy_loss        | -2.38e+04 |
|    reward             | 944.5469  |
|    std                | 0.034     |
|    value_loss         | 9.01e+06  |
-------------------------------------
-------------------------------------
| time/                 |           |
|    fps                | 15        |
|    iterations         | 87300     |
|    time_elapsed       | 28692     |
|    total_timesteps    | 436500    |
| train/                |           |
|    entropy_loss       | 8.82      |
|    explained_variance | 0         |
|    learning_rate      | 0.0007    |
|    n_updates          | 87299     |
|    policy_loss        | -2.34e+04 |
|    reward             | 966.9428  |
|    std                | 0.0342    |
|    value_loss         | 8.82e+06  |
-------------------------------------
EPISODE:  438
-------------------------------------
| time/                 |           |
|    fps                | 15        |
|    iterations         | 87400     |
|    time_elapsed       | 28725     |
|    total_timesteps    | 437000    |
| train/                |           |
|    entropy_loss       | 8.83      |
|    explained_variance | 5.96e-08  |
|    learning_rate      | 0.0007    |
|    n_updates          | 87399     |
|    policy_loss        | -2.25e+04 |
|    reward             | 944.5469  |
|    std                | 0.0341    |
|    value_loss         | 9.01e+06  |
-------------------------------------
-------------------------------------
| time/                 |           |
|    fps                | 15        |
|    iterations         | 87500     |
|    time_elapsed       | 28758     |
|    total_timesteps    | 437500    |
| train/                |           |
|    entropy_loss       | 8.83      |
|    explained_variance | -1.19e-07 |
|    learning_rate      | 0.0007    |
|    n_updates          | 87499     |
|    policy_loss        | -2.39e+04 |
|    reward             | 966.9428  |
|    std                | 0.0342    |
|    value_loss         | 8.82e+06  |
-------------------------------------
EPISODE:  439
-------------------------------------
| time/                 |           |
|    fps                | 15        |
|    iterations         | 87600     |
|    time_elapsed       | 28791     |
|    total_timesteps    | 438000    |
| train/                |           |
|    entropy_loss       | 8.84      |
|    explained_variance | -1.19e-07 |
|    learning_rate      | 0.0007    |
|    n_updates          | 87599     |
|    policy_loss        | -2.36e+04 |
|    reward             | 944.5469  |
|    std                | 0.0343    |
|    value_loss         | 9.01e+06  |
-------------------------------------
-------------------------------------
| time/                 |           |
|    fps                | 15        |
|    iterations         | 87700     |
|    time_elapsed       | 28825     |
|    total_timesteps    | 438500    |
| train/                |           |
|    entropy_loss       | 8.86      |
|    explained_variance | 0         |
|    learning_rate      | 0.0007    |
|    n_updates          | 87699     |
|    policy_loss        | -2.44e+04 |
|    reward             | 966.9428  |
|    std                | 0.0339    |
|    value_loss         | 8.82e+06  |
-------------------------------------
EPISODE:  440
------------------------------------
| time/                 |          |
|    fps                | 15       |
|    iterations         | 87800    |
|    time_elapsed       | 28858    |
|    total_timesteps    | 439000   |
| train/                |          |
|    entropy_loss       | 8.88     |
|    explained_variance | 1.79e-07 |
|    learning_rate      | 0.0007   |
|    n_updates          | 87799    |
|    policy_loss        | -2.3e+04 |
|    reward             | 944.5469 |
|    std                | 0.0337   |
|    value_loss         | 9.01e+06 |
------------------------------------
-------------------------------------
| time/                 |           |
|    fps                | 15        |
|    iterations         | 87900     |
|    time_elapsed       | 28891     |
|    total_timesteps    | 439500    |
| train/                |           |
|    entropy_loss       | 8.88      |
|    explained_variance | -1.19e-07 |
|    learning_rate      | 0.0007    |
|    n_updates          | 87899     |
|    policy_loss        | -2.32e+04 |
|    reward             | 966.9428  |
|    std                | 0.0335    |
|    value_loss         | 8.82e+06  |
-------------------------------------
EPISODE:  441
-------------------------------------
| time/                 |           |
|    fps                | 15        |
|    iterations         | 88000     |
|    time_elapsed       | 28925     |
|    total_timesteps    | 440000    |
| train/                |           |
|    entropy_loss       | 8.88      |
|    explained_variance | -1.19e-07 |
|    learning_rate      | 0.0007    |
|    n_updates          | 87999     |
|    policy_loss        | -2.42e+04 |
|    reward             | 944.5469  |
|    std                | 0.0335    |
|    value_loss         | 9.01e+06  |
-------------------------------------
-------------------------------------
| time/                 |           |
|    fps                | 15        |
|    iterations         | 88100     |
|    time_elapsed       | 28958     |
|    total_timesteps    | 440500    |
| train/                |           |
|    entropy_loss       | 8.88      |
|    explained_variance | 0         |
|    learning_rate      | 0.0007    |
|    n_updates          | 88099     |
|    policy_loss        | -2.57e+04 |
|    reward             | 966.9428  |
|    std                | 0.0335    |
|    value_loss         | 8.82e+06  |
-------------------------------------
EPISODE:  442
-------------------------------------
| time/                 |           |
|    fps                | 15        |
|    iterations         | 88200     |
|    time_elapsed       | 28991     |
|    total_timesteps    | 441000    |
| train/                |           |
|    entropy_loss       | 8.88      |
|    explained_variance | 0         |
|    learning_rate      | 0.0007    |
|    n_updates          | 88199     |
|    policy_loss        | -2.48e+04 |
|    reward             | 944.5469  |
|    std                | 0.0335    |
|    value_loss         | 9.01e+06  |
-------------------------------------
-------------------------------------
| time/                 |           |
|    fps                | 15        |
|    iterations         | 88300     |
|    time_elapsed       | 29024     |
|    total_timesteps    | 441500    |
| train/                |           |
|    entropy_loss       | 8.88      |
|    explained_variance | 0         |
|    learning_rate      | 0.0007    |
|    n_updates          | 88299     |
|    policy_loss        | -2.05e+04 |
|    reward             | 966.9428  |
|    std                | 0.0334    |
|    value_loss         | 8.82e+06  |
-------------------------------------
EPISODE:  443
-------------------------------------
| time/                 |           |
|    fps                | 15        |
|    iterations         | 88400     |
|    time_elapsed       | 29057     |
|    total_timesteps    | 442000    |
| train/                |           |
|    entropy_loss       | 8.88      |
|    explained_variance | 0         |
|    learning_rate      | 0.0007    |
|    n_updates          | 88399     |
|    policy_loss        | -2.54e+04 |
|    reward             | 944.5469  |
|    std                | 0.0336    |
|    value_loss         | 9.01e+06  |
-------------------------------------
-------------------------------------
| time/                 |           |
|    fps                | 15        |
|    iterations         | 88500     |
|    time_elapsed       | 29090     |
|    total_timesteps    | 442500    |
| train/                |           |
|    entropy_loss       | 8.89      |
|    explained_variance | 0         |
|    learning_rate      | 0.0007    |
|    n_updates          | 88499     |
|    policy_loss        | -2.09e+04 |
|    reward             | 966.9428  |
|    std                | 0.0336    |
|    value_loss         | 8.82e+06  |
-------------------------------------
EPISODE:  444
-------------------------------------
| time/                 |           |
|    fps                | 15        |
|    iterations         | 88600     |
|    time_elapsed       | 29123     |
|    total_timesteps    | 443000    |
| train/                |           |
|    entropy_loss       | 8.89      |
|    explained_variance | 1.79e-07  |
|    learning_rate      | 0.0007    |
|    n_updates          | 88599     |
|    policy_loss        | -2.54e+04 |
|    reward             | 944.5469  |
|    std                | 0.0334    |
|    value_loss         | 9.01e+06  |
-------------------------------------
-------------------------------------
| time/                 |           |
|    fps                | 15        |
|    iterations         | 88700     |
|    time_elapsed       | 29156     |
|    total_timesteps    | 443500    |
| train/                |           |
|    entropy_loss       | 8.9       |
|    explained_variance | 5.96e-08  |
|    learning_rate      | 0.0007    |
|    n_updates          | 88699     |
|    policy_loss        | -2.49e+04 |
|    reward             | 966.9428  |
|    std                | 0.0333    |
|    value_loss         | 8.82e+06  |
-------------------------------------
EPISODE:  445
-------------------------------------
| time/                 |           |
|    fps                | 15        |
|    iterations         | 88800     |
|    time_elapsed       | 29189     |
|    total_timesteps    | 444000    |
| train/                |           |
|    entropy_loss       | 8.93      |
|    explained_variance | 5.96e-08  |
|    learning_rate      | 0.0007    |
|    n_updates          | 88799     |
|    policy_loss        | -2.42e+04 |
|    reward             | 944.5469  |
|    std                | 0.0327    |
|    value_loss         | 9.01e+06  |
-------------------------------------
-------------------------------------
| time/                 |           |
|    fps                | 15        |
|    iterations         | 88900     |
|    time_elapsed       | 29222     |
|    total_timesteps    | 444500    |
| train/                |           |
|    entropy_loss       | 8.93      |
|    explained_variance | -1.19e-07 |
|    learning_rate      | 0.0007    |
|    n_updates          | 88899     |
|    policy_loss        | -2.41e+04 |
|    reward             | 966.9428  |
|    std                | 0.0326    |
|    value_loss         | 8.82e+06  |
-------------------------------------
EPISODE:  446
-------------------------------------
| time/                 |           |
|    fps                | 15        |
|    iterations         | 89000     |
|    time_elapsed       | 29255     |
|    total_timesteps    | 445000    |
| train/                |           |
|    entropy_loss       | 8.96      |
|    explained_variance | 0         |
|    learning_rate      | 0.0007    |
|    n_updates          | 88999     |
|    policy_loss        | -2.63e+04 |
|    reward             | 944.5469  |
|    std                | 0.0321    |
|    value_loss         | 9.01e+06  |
-------------------------------------
-------------------------------------
| time/                 |           |
|    fps                | 15        |
|    iterations         | 89100     |
|    time_elapsed       | 29288     |
|    total_timesteps    | 445500    |
| train/                |           |
|    entropy_loss       | 8.96      |
|    explained_variance | 0         |
|    learning_rate      | 0.0007    |
|    n_updates          | 89099     |
|    policy_loss        | -2.53e+04 |
|    reward             | 966.9428  |
|    std                | 0.0322    |
|    value_loss         | 8.82e+06  |
-------------------------------------
EPISODE:  447
-------------------------------------
| time/                 |           |
|    fps                | 15        |
|    iterations         | 89200     |
|    time_elapsed       | 29322     |
|    total_timesteps    | 446000    |
| train/                |           |
|    entropy_loss       | 8.96      |
|    explained_variance | -1.19e-07 |
|    learning_rate      | 0.0007    |
|    n_updates          | 89199     |
|    policy_loss        | -2.51e+04 |
|    reward             | 944.5469  |
|    std                | 0.0321    |
|    value_loss         | 9.01e+06  |
-------------------------------------
-------------------------------------
| time/                 |           |
|    fps                | 15        |
|    iterations         | 89300     |
|    time_elapsed       | 29355     |
|    total_timesteps    | 446500    |
| train/                |           |
|    entropy_loss       | 8.96      |
|    explained_variance | 0         |
|    learning_rate      | 0.0007    |
|    n_updates          | 89299     |
|    policy_loss        | -2.46e+04 |
|    reward             | 966.9428  |
|    std                | 0.0321    |
|    value_loss         | 8.82e+06  |
-------------------------------------
EPISODE:  448
-------------------------------------
| time/                 |           |
|    fps                | 15        |
|    iterations         | 89400     |
|    time_elapsed       | 29388     |
|    total_timesteps    | 447000    |
| train/                |           |
|    entropy_loss       | 8.96      |
|    explained_variance | -2.38e-07 |
|    learning_rate      | 0.0007    |
|    n_updates          | 89399     |
|    policy_loss        | -2.3e+04  |
|    reward             | 944.5469  |
|    std                | 0.0321    |
|    value_loss         | 9.01e+06  |
-------------------------------------
-------------------------------------
| time/                 |           |
|    fps                | 15        |
|    iterations         | 89500     |
|    time_elapsed       | 29421     |
|    total_timesteps    | 447500    |
| train/                |           |
|    entropy_loss       | 8.97      |
|    explained_variance | -1.19e-07 |
|    learning_rate      | 0.0007    |
|    n_updates          | 89499     |
|    policy_loss        | -2.6e+04  |
|    reward             | 966.9428  |
|    std                | 0.0321    |
|    value_loss         | 8.82e+06  |
-------------------------------------
EPISODE:  449
-------------------------------------
| time/                 |           |
|    fps                | 15        |
|    iterations         | 89600     |
|    time_elapsed       | 29454     |
|    total_timesteps    | 448000    |
| train/                |           |
|    entropy_loss       | 8.98      |
|    explained_variance | 1.79e-07  |
|    learning_rate      | 0.0007    |
|    n_updates          | 89599     |
|    policy_loss        | -2.67e+04 |
|    reward             | 944.5469  |
|    std                | 0.032     |
|    value_loss         | 9.01e+06  |
-------------------------------------
-------------------------------------
| time/                 |           |
|    fps                | 15        |
|    iterations         | 89700     |
|    time_elapsed       | 29487     |
|    total_timesteps    | 448500    |
| train/                |           |
|    entropy_loss       | 8.99      |
|    explained_variance | 0         |
|    learning_rate      | 0.0007    |
|    n_updates          | 89699     |
|    policy_loss        | -2.35e+04 |
|    reward             | 966.9428  |
|    std                | 0.0318    |
|    value_loss         | 8.81e+06  |
-------------------------------------
EPISODE:  450
-------------------------------------
| time/                 |           |
|    fps                | 15        |
|    iterations         | 89800     |
|    time_elapsed       | 29520     |
|    total_timesteps    | 449000    |
| train/                |           |
|    entropy_loss       | 8.99      |
|    explained_variance | -1.19e-07 |
|    learning_rate      | 0.0007    |
|    n_updates          | 89799     |
|    policy_loss        | -2.38e+04 |
|    reward             | 944.5469  |
|    std                | 0.0318    |
|    value_loss         | 9.01e+06  |
-------------------------------------
-------------------------------------
| time/                 |           |
|    fps                | 15        |
|    iterations         | 89900     |
|    time_elapsed       | 29553     |
|    total_timesteps    | 449500    |
| train/                |           |
|    entropy_loss       | 8.99      |
|    explained_variance | -1.19e-07 |
|    learning_rate      | 0.0007    |
|    n_updates          | 89899     |
|    policy_loss        | -2.48e+04 |
|    reward             | 966.9428  |
|    std                | 0.0319    |
|    value_loss         | 8.81e+06  |
-------------------------------------
EPISODE:  451
-------------------------------------
| time/                 |           |
|    fps                | 15        |
|    iterations         | 90000     |
|    time_elapsed       | 29586     |
|    total_timesteps    | 450000    |
| train/                |           |
|    entropy_loss       | 9         |
|    explained_variance | 0         |
|    learning_rate      | 0.0007    |
|    n_updates          | 89999     |
|    policy_loss        | -2.46e+04 |
|    reward             | 944.5469  |
|    std                | 0.0318    |
|    value_loss         | 9.01e+06  |
-------------------------------------
-------------------------------------
| time/                 |           |
|    fps                | 15        |
|    iterations         | 90100     |
|    time_elapsed       | 29619     |
|    total_timesteps    | 450500    |
| train/                |           |
|    entropy_loss       | 9.02      |
|    explained_variance | 5.96e-08  |
|    learning_rate      | 0.0007    |
|    n_updates          | 90099     |
|    policy_loss        | -2.47e+04 |
|    reward             | 966.9428  |
|    std                | 0.0315    |
|    value_loss         | 8.81e+06  |
-------------------------------------
EPISODE:  452
-------------------------------------
| time/                 |           |
|    fps                | 15        |
|    iterations         | 90200     |
|    time_elapsed       | 29652     |
|    total_timesteps    | 451000    |
| train/                |           |
|    entropy_loss       | 9.02      |
|    explained_variance | -1.19e-07 |
|    learning_rate      | 0.0007    |
|    n_updates          | 90199     |
|    policy_loss        | -2.56e+04 |
|    reward             | 944.5469  |
|    std                | 0.0315    |
|    value_loss         | 9.01e+06  |
-------------------------------------
-------------------------------------
| time/                 |           |
|    fps                | 15        |
|    iterations         | 90300     |
|    time_elapsed       | 29685     |
|    total_timesteps    | 451500    |
| train/                |           |
|    entropy_loss       | 9.03      |
|    explained_variance | 0         |
|    learning_rate      | 0.0007    |
|    n_updates          | 90299     |
|    policy_loss        | -2.46e+04 |
|    reward             | 966.9428  |
|    std                | 0.0314    |
|    value_loss         | 8.81e+06  |
-------------------------------------
EPISODE:  453
-------------------------------------
| time/                 |           |
|    fps                | 15        |
|    iterations         | 90400     |
|    time_elapsed       | 29718     |
|    total_timesteps    | 452000    |
| train/                |           |
|    entropy_loss       | 9.04      |
|    explained_variance | -1.19e-07 |
|    learning_rate      | 0.0007    |
|    n_updates          | 90399     |
|    policy_loss        | -2.46e+04 |
|    reward             | 944.5469  |
|    std                | 0.0312    |
|    value_loss         | 9.01e+06  |
-------------------------------------
-------------------------------------
| time/                 |           |
|    fps                | 15        |
|    iterations         | 90500     |
|    time_elapsed       | 29753     |
|    total_timesteps    | 452500    |
| train/                |           |
|    entropy_loss       | 9.05      |
|    explained_variance | -1.19e-07 |
|    learning_rate      | 0.0007    |
|    n_updates          | 90499     |
|    policy_loss        | -2.45e+04 |
|    reward             | 966.9428  |
|    std                | 0.0313    |
|    value_loss         | 8.81e+06  |
-------------------------------------
EPISODE:  454
-------------------------------------
| time/                 |           |
|    fps                | 15        |
|    iterations         | 90600     |
|    time_elapsed       | 29786     |
|    total_timesteps    | 453000    |
| train/                |           |
|    entropy_loss       | 9.07      |
|    explained_variance | -1.19e-07 |
|    learning_rate      | 0.0007    |
|    n_updates          | 90599     |
|    policy_loss        | -2.38e+04 |
|    reward             | 944.5469  |
|    std                | 0.0308    |
|    value_loss         | 9.01e+06  |
-------------------------------------
-------------------------------------
| time/                 |           |
|    fps                | 15        |
|    iterations         | 90700     |
|    time_elapsed       | 29819     |
|    total_timesteps    | 453500    |
| train/                |           |
|    entropy_loss       | 9.08      |
|    explained_variance | 1.79e-07  |
|    learning_rate      | 0.0007    |
|    n_updates          | 90699     |
|    policy_loss        | -2.43e+04 |
|    reward             | 966.9428  |
|    std                | 0.0308    |
|    value_loss         | 8.81e+06  |
-------------------------------------
EPISODE:  455
------------------------------------
| time/                 |          |
|    fps                | 15       |
|    iterations         | 90800    |
|    time_elapsed       | 29852    |
|    total_timesteps    | 454000   |
| train/                |          |
|    entropy_loss       | 9.08     |
|    explained_variance | 0        |
|    learning_rate      | 0.0007   |
|    n_updates          | 90799    |
|    policy_loss        | -2.3e+04 |
|    reward             | 944.5469 |
|    std                | 0.0308   |
|    value_loss         | 9.01e+06 |
------------------------------------
-------------------------------------
| time/                 |           |
|    fps                | 15        |
|    iterations         | 90900     |
|    time_elapsed       | 29885     |
|    total_timesteps    | 454500    |
| train/                |           |
|    entropy_loss       | 9.08      |
|    explained_variance | 1.79e-07  |
|    learning_rate      | 0.0007    |
|    n_updates          | 90899     |
|    policy_loss        | -2.49e+04 |
|    reward             | 966.9428  |
|    std                | 0.0308    |
|    value_loss         | 8.81e+06  |
-------------------------------------
EPISODE:  456
------------------------------------
| time/                 |          |
|    fps                | 15       |
|    iterations         | 91000    |
|    time_elapsed       | 29918    |
|    total_timesteps    | 455000   |
| train/                |          |
|    entropy_loss       | 9.09     |
|    explained_variance | 0        |
|    learning_rate      | 0.0007   |
|    n_updates          | 90999    |
|    policy_loss        | -2.6e+04 |
|    reward             | 944.5469 |
|    std                | 0.0308   |
|    value_loss         | 9e+06    |
------------------------------------
-------------------------------------
| time/                 |           |
|    fps                | 15        |
|    iterations         | 91100     |
|    time_elapsed       | 29951     |
|    total_timesteps    | 455500    |
| train/                |           |
|    entropy_loss       | 9.11      |
|    explained_variance | 5.96e-08  |
|    learning_rate      | 0.0007    |
|    n_updates          | 91099     |
|    policy_loss        | -2.01e+04 |
|    reward             | 966.9428  |
|    std                | 0.0305    |
|    value_loss         | 8.81e+06  |
-------------------------------------
EPISODE:  457
-------------------------------------
| time/                 |           |
|    fps                | 15        |
|    iterations         | 91200     |
|    time_elapsed       | 29984     |
|    total_timesteps    | 456000    |
| train/                |           |
|    entropy_loss       | 9.12      |
|    explained_variance | 5.96e-08  |
|    learning_rate      | 0.0007    |
|    n_updates          | 91199     |
|    policy_loss        | -2.42e+04 |
|    reward             | 944.5469  |
|    std                | 0.0304    |
|    value_loss         | 9e+06     |
-------------------------------------
-------------------------------------
| time/                 |           |
|    fps                | 15        |
|    iterations         | 91300     |
|    time_elapsed       | 30017     |
|    total_timesteps    | 456500    |
| train/                |           |
|    entropy_loss       | 9.12      |
|    explained_variance | 0         |
|    learning_rate      | 0.0007    |
|    n_updates          | 91299     |
|    policy_loss        | -2.31e+04 |
|    reward             | 966.9428  |
|    std                | 0.0306    |
|    value_loss         | 8.81e+06  |
-------------------------------------
EPISODE:  458
-------------------------------------
| time/                 |           |
|    fps                | 15        |
|    iterations         | 91400     |
|    time_elapsed       | 30050     |
|    total_timesteps    | 457000    |
| train/                |           |
|    entropy_loss       | 9.13      |
|    explained_variance | -1.19e-07 |
|    learning_rate      | 0.0007    |
|    n_updates          | 91399     |
|    policy_loss        | -2.38e+04 |
|    reward             | 944.5469  |
|    std                | 0.0305    |
|    value_loss         | 9e+06     |
-------------------------------------
------------------------------------
| time/                 |          |
|    fps                | 15       |
|    iterations         | 91500    |
|    time_elapsed       | 30083    |
|    total_timesteps    | 457500   |
| train/                |          |
|    entropy_loss       | 9.12     |
|    explained_variance | 1.79e-07 |
|    learning_rate      | 0.0007   |
|    n_updates          | 91499    |
|    policy_loss        | -2.2e+04 |
|    reward             | 966.9428 |
|    std                | 0.0309   |
|    value_loss         | 8.81e+06 |
------------------------------------
EPISODE:  459
-------------------------------------
| time/                 |           |
|    fps                | 15        |
|    iterations         | 91600     |
|    time_elapsed       | 30116     |
|    total_timesteps    | 458000    |
| train/                |           |
|    entropy_loss       | 9.13      |
|    explained_variance | 0         |
|    learning_rate      | 0.0007    |
|    n_updates          | 91599     |
|    policy_loss        | -2.44e+04 |
|    reward             | 944.5469  |
|    std                | 0.0308    |
|    value_loss         | 9e+06     |
-------------------------------------
-------------------------------------
| time/                 |           |
|    fps                | 15        |
|    iterations         | 91700     |
|    time_elapsed       | 30149     |
|    total_timesteps    | 458500    |
| train/                |           |
|    entropy_loss       | 9.13      |
|    explained_variance | 0         |
|    learning_rate      | 0.0007    |
|    n_updates          | 91699     |
|    policy_loss        | -2.62e+04 |
|    reward             | 966.9428  |
|    std                | 0.0307    |
|    value_loss         | 8.81e+06  |
-------------------------------------
EPISODE:  460
-------------------------------------
| time/                 |           |
|    fps                | 15        |
|    iterations         | 91800     |
|    time_elapsed       | 30183     |
|    total_timesteps    | 459000    |
| train/                |           |
|    entropy_loss       | 9.14      |
|    explained_variance | 1.79e-07  |
|    learning_rate      | 0.0007    |
|    n_updates          | 91799     |
|    policy_loss        | -2.63e+04 |
|    reward             | 944.5469  |
|    std                | 0.0308    |
|    value_loss         | 9e+06     |
-------------------------------------
-------------------------------------
| time/                 |           |
|    fps                | 15        |
|    iterations         | 91900     |
|    time_elapsed       | 30216     |
|    total_timesteps    | 459500    |
| train/                |           |
|    entropy_loss       | 9.15      |
|    explained_variance | 0         |
|    learning_rate      | 0.0007    |
|    n_updates          | 91899     |
|    policy_loss        | -2.49e+04 |
|    reward             | 966.9428  |
|    std                | 0.0307    |
|    value_loss         | 8.81e+06  |
-------------------------------------
EPISODE:  461
-------------------------------------
| time/                 |           |
|    fps                | 15        |
|    iterations         | 92000     |
|    time_elapsed       | 30249     |
|    total_timesteps    | 460000    |
| train/                |           |
|    entropy_loss       | 9.15      |
|    explained_variance | 2.38e-07  |
|    learning_rate      | 0.0007    |
|    n_updates          | 91999     |
|    policy_loss        | -2.57e+04 |
|    reward             | 944.5469  |
|    std                | 0.0306    |
|    value_loss         | 9e+06     |
-------------------------------------
-------------------------------------
| time/                 |           |
|    fps                | 15        |
|    iterations         | 92100     |
|    time_elapsed       | 30282     |
|    total_timesteps    | 460500    |
| train/                |           |
|    entropy_loss       | 9.16      |
|    explained_variance | 0         |
|    learning_rate      | 0.0007    |
|    n_updates          | 92099     |
|    policy_loss        | -2.51e+04 |
|    reward             | 966.9428  |
|    std                | 0.0305    |
|    value_loss         | 8.81e+06  |
-------------------------------------
EPISODE:  462
-------------------------------------
| time/                 |           |
|    fps                | 15        |
|    iterations         | 92200     |
|    time_elapsed       | 30315     |
|    total_timesteps    | 461000    |
| train/                |           |
|    entropy_loss       | 9.17      |
|    explained_variance | 0         |
|    learning_rate      | 0.0007    |
|    n_updates          | 92199     |
|    policy_loss        | -2.58e+04 |
|    reward             | 944.5469  |
|    std                | 0.0304    |
|    value_loss         | 9e+06     |
-------------------------------------
-------------------------------------
| time/                 |           |
|    fps                | 15        |
|    iterations         | 92300     |
|    time_elapsed       | 30348     |
|    total_timesteps    | 461500    |
| train/                |           |
|    entropy_loss       | 9.17      |
|    explained_variance | 5.96e-08  |
|    learning_rate      | 0.0007    |
|    n_updates          | 92299     |
|    policy_loss        | -2.38e+04 |
|    reward             | 966.9428  |
|    std                | 0.0304    |
|    value_loss         | 8.81e+06  |
-------------------------------------
EPISODE:  463
-------------------------------------
| time/                 |           |
|    fps                | 15        |
|    iterations         | 92400     |
|    time_elapsed       | 30381     |
|    total_timesteps    | 462000    |
| train/                |           |
|    entropy_loss       | 9.19      |
|    explained_variance | 1.79e-07  |
|    learning_rate      | 0.0007    |
|    n_updates          | 92399     |
|    policy_loss        | -2.67e+04 |
|    reward             | 944.5469  |
|    std                | 0.0304    |
|    value_loss         | 9e+06     |
-------------------------------------
-------------------------------------
| time/                 |           |
|    fps                | 15        |
|    iterations         | 92500     |
|    time_elapsed       | 30414     |
|    total_timesteps    | 462500    |
| train/                |           |
|    entropy_loss       | 9.21      |
|    explained_variance | -1.19e-07 |
|    learning_rate      | 0.0007    |
|    n_updates          | 92499     |
|    policy_loss        | -2.67e+04 |
|    reward             | 966.9428  |
|    std                | 0.0305    |
|    value_loss         | 8.81e+06  |
-------------------------------------
EPISODE:  464
-------------------------------------
| time/                 |           |
|    fps                | 15        |
|    iterations         | 92600     |
|    time_elapsed       | 30447     |
|    total_timesteps    | 463000    |
| train/                |           |
|    entropy_loss       | 9.21      |
|    explained_variance | 0         |
|    learning_rate      | 0.0007    |
|    n_updates          | 92599     |
|    policy_loss        | -2.43e+04 |
|    reward             | 944.5469  |
|    std                | 0.0305    |
|    value_loss         | 9e+06     |
-------------------------------------
-------------------------------------
| time/                 |           |
|    fps                | 15        |
|    iterations         | 92700     |
|    time_elapsed       | 30480     |
|    total_timesteps    | 463500    |
| train/                |           |
|    entropy_loss       | 9.23      |
|    explained_variance | 1.79e-07  |
|    learning_rate      | 0.0007    |
|    n_updates          | 92699     |
|    policy_loss        | -2.27e+04 |
|    reward             | 966.9428  |
|    std                | 0.0302    |
|    value_loss         | 8.81e+06  |
-------------------------------------
EPISODE:  465
-------------------------------------
| time/                 |           |
|    fps                | 15        |
|    iterations         | 92800     |
|    time_elapsed       | 30513     |
|    total_timesteps    | 464000    |
| train/                |           |
|    entropy_loss       | 9.24      |
|    explained_variance | 0         |
|    learning_rate      | 0.0007    |
|    n_updates          | 92799     |
|    policy_loss        | -2.48e+04 |
|    reward             | 944.5469  |
|    std                | 0.0302    |
|    value_loss         | 9e+06     |
-------------------------------------
-------------------------------------
| time/                 |           |
|    fps                | 15        |
|    iterations         | 92900     |
|    time_elapsed       | 30547     |
|    total_timesteps    | 464500    |
| train/                |           |
|    entropy_loss       | 9.23      |
|    explained_variance | 0         |
|    learning_rate      | 0.0007    |
|    n_updates          | 92899     |
|    policy_loss        | -2.41e+04 |
|    reward             | 966.9428  |
|    std                | 0.0304    |
|    value_loss         | 8.81e+06  |
-------------------------------------
EPISODE:  466
-------------------------------------
| time/                 |           |
|    fps                | 15        |
|    iterations         | 93000     |
|    time_elapsed       | 30580     |
|    total_timesteps    | 465000    |
| train/                |           |
|    entropy_loss       | 9.24      |
|    explained_variance | 0         |
|    learning_rate      | 0.0007    |
|    n_updates          | 92999     |
|    policy_loss        | -2.61e+04 |
|    reward             | 944.5469  |
|    std                | 0.0303    |
|    value_loss         | 9e+06     |
-------------------------------------
-------------------------------------
| time/                 |           |
|    fps                | 15        |
|    iterations         | 93100     |
|    time_elapsed       | 30613     |
|    total_timesteps    | 465500    |
| train/                |           |
|    entropy_loss       | 9.25      |
|    explained_variance | 1.79e-07  |
|    learning_rate      | 0.0007    |
|    n_updates          | 93099     |
|    policy_loss        | -2.37e+04 |
|    reward             | 966.9428  |
|    std                | 0.0305    |
|    value_loss         | 8.81e+06  |
-------------------------------------
EPISODE:  467
-------------------------------------
| time/                 |           |
|    fps                | 15        |
|    iterations         | 93200     |
|    time_elapsed       | 30646     |
|    total_timesteps    | 466000    |
| train/                |           |
|    entropy_loss       | 9.25      |
|    explained_variance | -1.19e-07 |
|    learning_rate      | 0.0007    |
|    n_updates          | 93199     |
|    policy_loss        | -2.43e+04 |
|    reward             | 944.5469  |
|    std                | 0.0303    |
|    value_loss         | 9e+06     |
-------------------------------------
-------------------------------------
| time/                 |           |
|    fps                | 15        |
|    iterations         | 93300     |
|    time_elapsed       | 30680     |
|    total_timesteps    | 466500    |
| train/                |           |
|    entropy_loss       | 9.26      |
|    explained_variance | 1.79e-07  |
|    learning_rate      | 0.0007    |
|    n_updates          | 93299     |
|    policy_loss        | -2.57e+04 |
|    reward             | 966.9428  |
|    std                | 0.0303    |
|    value_loss         | 8.81e+06  |
-------------------------------------
EPISODE:  468
-------------------------------------
| time/                 |           |
|    fps                | 15        |
|    iterations         | 93400     |
|    time_elapsed       | 30713     |
|    total_timesteps    | 467000    |
| train/                |           |
|    entropy_loss       | 9.27      |
|    explained_variance | 0         |
|    learning_rate      | 0.0007    |
|    n_updates          | 93399     |
|    policy_loss        | -2.64e+04 |
|    reward             | 944.5469  |
|    std                | 0.0303    |
|    value_loss         | 9e+06     |
-------------------------------------
-------------------------------------
| time/                 |           |
|    fps                | 15        |
|    iterations         | 93500     |
|    time_elapsed       | 30746     |
|    total_timesteps    | 467500    |
| train/                |           |
|    entropy_loss       | 9.3       |
|    explained_variance | 0         |
|    learning_rate      | 0.0007    |
|    n_updates          | 93499     |
|    policy_loss        | -2.26e+04 |
|    reward             | 966.9428  |
|    std                | 0.03      |
|    value_loss         | 8.81e+06  |
-------------------------------------
EPISODE:  469
-------------------------------------
| time/                 |           |
|    fps                | 15        |
|    iterations         | 93600     |
|    time_elapsed       | 30779     |
|    total_timesteps    | 468000    |
| train/                |           |
|    entropy_loss       | 9.31      |
|    explained_variance | 0         |
|    learning_rate      | 0.0007    |
|    n_updates          | 93599     |
|    policy_loss        | -2.65e+04 |
|    reward             | 944.5469  |
|    std                | 0.0298    |
|    value_loss         | 9e+06     |
-------------------------------------
-------------------------------------
| time/                 |           |
|    fps                | 15        |
|    iterations         | 93700     |
|    time_elapsed       | 30812     |
|    total_timesteps    | 468500    |
| train/                |           |
|    entropy_loss       | 9.31      |
|    explained_variance | -2.38e-07 |
|    learning_rate      | 0.0007    |
|    n_updates          | 93699     |
|    policy_loss        | -2.51e+04 |
|    reward             | 966.9428  |
|    std                | 0.03      |
|    value_loss         | 8.81e+06  |
-------------------------------------
EPISODE:  470
-------------------------------------
| time/                 |           |
|    fps                | 15        |
|    iterations         | 93800     |
|    time_elapsed       | 30845     |
|    total_timesteps    | 469000    |
| train/                |           |
|    entropy_loss       | 9.31      |
|    explained_variance | -1.19e-07 |
|    learning_rate      | 0.0007    |
|    n_updates          | 93799     |
|    policy_loss        | -2.61e+04 |
|    reward             | 944.5469  |
|    std                | 0.03      |
|    value_loss         | 9e+06     |
-------------------------------------
-------------------------------------
| time/                 |           |
|    fps                | 15        |
|    iterations         | 93900     |
|    time_elapsed       | 30878     |
|    total_timesteps    | 469500    |
| train/                |           |
|    entropy_loss       | 9.32      |
|    explained_variance | -1.19e-07 |
|    learning_rate      | 0.0007    |
|    n_updates          | 93899     |
|    policy_loss        | -2.63e+04 |
|    reward             | 966.9428  |
|    std                | 0.0299    |
|    value_loss         | 8.81e+06  |
-------------------------------------
EPISODE:  471
-------------------------------------
| time/                 |           |
|    fps                | 15        |
|    iterations         | 94000     |
|    time_elapsed       | 30911     |
|    total_timesteps    | 470000    |
| train/                |           |
|    entropy_loss       | 9.32      |
|    explained_variance | 1.79e-07  |
|    learning_rate      | 0.0007    |
|    n_updates          | 93999     |
|    policy_loss        | -2.71e+04 |
|    reward             | 944.5469  |
|    std                | 0.03      |
|    value_loss         | 9e+06     |
-------------------------------------
-------------------------------------
| time/                 |           |
|    fps                | 15        |
|    iterations         | 94100     |
|    time_elapsed       | 30944     |
|    total_timesteps    | 470500    |
| train/                |           |
|    entropy_loss       | 9.32      |
|    explained_variance | -1.19e-07 |
|    learning_rate      | 0.0007    |
|    n_updates          | 94099     |
|    policy_loss        | -2.61e+04 |
|    reward             | 966.9428  |
|    std                | 0.0303    |
|    value_loss         | 8.81e+06  |
-------------------------------------
EPISODE:  472
-------------------------------------
| time/                 |           |
|    fps                | 15        |
|    iterations         | 94200     |
|    time_elapsed       | 30977     |
|    total_timesteps    | 471000    |
| train/                |           |
|    entropy_loss       | 9.33      |
|    explained_variance | 0         |
|    learning_rate      | 0.0007    |
|    n_updates          | 94199     |
|    policy_loss        | -2.43e+04 |
|    reward             | 944.5469  |
|    std                | 0.0302    |
|    value_loss         | 9e+06     |
-------------------------------------
-------------------------------------
| time/                 |           |
|    fps                | 15        |
|    iterations         | 94300     |
|    time_elapsed       | 31010     |
|    total_timesteps    | 471500    |
| train/                |           |
|    entropy_loss       | 9.34      |
|    explained_variance | 5.96e-08  |
|    learning_rate      | 0.0007    |
|    n_updates          | 94299     |
|    policy_loss        | -2.66e+04 |
|    reward             | 966.9428  |
|    std                | 0.0302    |
|    value_loss         | 8.81e+06  |
-------------------------------------
EPISODE:  473
-------------------------------------
| time/                 |           |
|    fps                | 15        |
|    iterations         | 94400     |
|    time_elapsed       | 31043     |
|    total_timesteps    | 472000    |
| train/                |           |
|    entropy_loss       | 9.36      |
|    explained_variance | 0         |
|    learning_rate      | 0.0007    |
|    n_updates          | 94399     |
|    policy_loss        | -2.64e+04 |
|    reward             | 944.5469  |
|    std                | 0.0302    |
|    value_loss         | 9e+06     |
-------------------------------------
-------------------------------------
| time/                 |           |
|    fps                | 15        |
|    iterations         | 94500     |
|    time_elapsed       | 31076     |
|    total_timesteps    | 472500    |
| train/                |           |
|    entropy_loss       | 9.36      |
|    explained_variance | 0         |
|    learning_rate      | 0.0007    |
|    n_updates          | 94499     |
|    policy_loss        | -2.62e+04 |
|    reward             | 966.9428  |
|    std                | 0.0302    |
|    value_loss         | 8.81e+06  |
-------------------------------------
EPISODE:  474
-------------------------------------
| time/                 |           |
|    fps                | 15        |
|    iterations         | 94600     |
|    time_elapsed       | 31109     |
|    total_timesteps    | 473000    |
| train/                |           |
|    entropy_loss       | 9.38      |
|    explained_variance | 0         |
|    learning_rate      | 0.0007    |
|    n_updates          | 94599     |
|    policy_loss        | -2.47e+04 |
|    reward             | 944.5469  |
|    std                | 0.0301    |
|    value_loss         | 9e+06     |
-------------------------------------
-------------------------------------
| time/                 |           |
|    fps                | 15        |
|    iterations         | 94700     |
|    time_elapsed       | 31142     |
|    total_timesteps    | 473500    |
| train/                |           |
|    entropy_loss       | 9.38      |
|    explained_variance | -1.19e-07 |
|    learning_rate      | 0.0007    |
|    n_updates          | 94699     |
|    policy_loss        | -2.67e+04 |
|    reward             | 966.9428  |
|    std                | 0.0301    |
|    value_loss         | 8.81e+06  |
-------------------------------------
EPISODE:  475
-------------------------------------
| time/                 |           |
|    fps                | 15        |
|    iterations         | 94800     |
|    time_elapsed       | 31175     |
|    total_timesteps    | 474000    |
| train/                |           |
|    entropy_loss       | 9.39      |
|    explained_variance | 0         |
|    learning_rate      | 0.0007    |
|    n_updates          | 94799     |
|    policy_loss        | -2.69e+04 |
|    reward             | 944.5469  |
|    std                | 0.03      |
|    value_loss         | 9e+06     |
-------------------------------------
-------------------------------------
| time/                 |           |
|    fps                | 15        |
|    iterations         | 94900     |
|    time_elapsed       | 31208     |
|    total_timesteps    | 474500    |
| train/                |           |
|    entropy_loss       | 9.4       |
|    explained_variance | 0         |
|    learning_rate      | 0.0007    |
|    n_updates          | 94899     |
|    policy_loss        | -2.55e+04 |
|    reward             | 966.9428  |
|    std                | 0.03      |
|    value_loss         | 8.8e+06   |
-------------------------------------
EPISODE:  476
-------------------------------------
| time/                 |           |
|    fps                | 15        |
|    iterations         | 95000     |
|    time_elapsed       | 31241     |
|    total_timesteps    | 475000    |
| train/                |           |
|    entropy_loss       | 9.4       |
|    explained_variance | 0         |
|    learning_rate      | 0.0007    |
|    n_updates          | 94999     |
|    policy_loss        | -2.57e+04 |
|    reward             | 944.5469  |
|    std                | 0.0301    |
|    value_loss         | 9e+06     |
-------------------------------------
-------------------------------------
| time/                 |           |
|    fps                | 15        |
|    iterations         | 95100     |
|    time_elapsed       | 31275     |
|    total_timesteps    | 475500    |
| train/                |           |
|    entropy_loss       | 9.4       |
|    explained_variance | 5.96e-08  |
|    learning_rate      | 0.0007    |
|    n_updates          | 95099     |
|    policy_loss        | -2.24e+04 |
|    reward             | 966.9428  |
|    std                | 0.0301    |
|    value_loss         | 8.8e+06   |
-------------------------------------
EPISODE:  477
-------------------------------------
| time/                 |           |
|    fps                | 15        |
|    iterations         | 95200     |
|    time_elapsed       | 31308     |
|    total_timesteps    | 476000    |
| train/                |           |
|    entropy_loss       | 9.41      |
|    explained_variance | 0         |
|    learning_rate      | 0.0007    |
|    n_updates          | 95199     |
|    policy_loss        | -2.59e+04 |
|    reward             | 944.5469  |
|    std                | 0.03      |
|    value_loss         | 9e+06     |
-------------------------------------
-------------------------------------
| time/                 |           |
|    fps                | 15        |
|    iterations         | 95300     |
|    time_elapsed       | 31341     |
|    total_timesteps    | 476500    |
| train/                |           |
|    entropy_loss       | 9.41      |
|    explained_variance | 1.79e-07  |
|    learning_rate      | 0.0007    |
|    n_updates          | 95299     |
|    policy_loss        | -1.98e+04 |
|    reward             | 966.9428  |
|    std                | 0.0303    |
|    value_loss         | 8.8e+06   |
-------------------------------------
EPISODE:  478
-------------------------------------
| time/                 |           |
|    fps                | 15        |
|    iterations         | 95400     |
|    time_elapsed       | 31374     |
|    total_timesteps    | 477000    |
| train/                |           |
|    entropy_loss       | 9.42      |
|    explained_variance | 1.79e-07  |
|    learning_rate      | 0.0007    |
|    n_updates          | 95399     |
|    policy_loss        | -2.75e+04 |
|    reward             | 944.5469  |
|    std                | 0.0304    |
|    value_loss         | 9e+06     |
-------------------------------------
-------------------------------------
| time/                 |           |
|    fps                | 15        |
|    iterations         | 95500     |
|    time_elapsed       | 31407     |
|    total_timesteps    | 477500    |
| train/                |           |
|    entropy_loss       | 9.43      |
|    explained_variance | 5.96e-08  |
|    learning_rate      | 0.0007    |
|    n_updates          | 95499     |
|    policy_loss        | -2.65e+04 |
|    reward             | 966.9428  |
|    std                | 0.0303    |
|    value_loss         | 8.8e+06   |
-------------------------------------
EPISODE:  479
-------------------------------------
| time/                 |           |
|    fps                | 15        |
|    iterations         | 95600     |
|    time_elapsed       | 31440     |
|    total_timesteps    | 478000    |
| train/                |           |
|    entropy_loss       | 9.44      |
|    explained_variance | -1.19e-07 |
|    learning_rate      | 0.0007    |
|    n_updates          | 95599     |
|    policy_loss        | -2.61e+04 |
|    reward             | 944.5469  |
|    std                | 0.0302    |
|    value_loss         | 9e+06     |
-------------------------------------
------------------------------------
| time/                 |          |
|    fps                | 15       |
|    iterations         | 95700    |
|    time_elapsed       | 31473    |
|    total_timesteps    | 478500   |
| train/                |          |
|    entropy_loss       | 9.45     |
|    explained_variance | 0        |
|    learning_rate      | 0.0007   |
|    n_updates          | 95699    |
|    policy_loss        | -2.4e+04 |
|    reward             | 966.9428 |
|    std                | 0.0302   |
|    value_loss         | 8.8e+06  |
------------------------------------
EPISODE:  480
-------------------------------------
| time/                 |           |
|    fps                | 15        |
|    iterations         | 95800     |
|    time_elapsed       | 31506     |
|    total_timesteps    | 479000    |
| train/                |           |
|    entropy_loss       | 9.46      |
|    explained_variance | -1.19e-07 |
|    learning_rate      | 0.0007    |
|    n_updates          | 95799     |
|    policy_loss        | -2.76e+04 |
|    reward             | 944.5469  |
|    std                | 0.0299    |
|    value_loss         | 9e+06     |
-------------------------------------
-------------------------------------
| time/                 |           |
|    fps                | 15        |
|    iterations         | 95900     |
|    time_elapsed       | 31539     |
|    total_timesteps    | 479500    |
| train/                |           |
|    entropy_loss       | 9.46      |
|    explained_variance | -1.19e-07 |
|    learning_rate      | 0.0007    |
|    n_updates          | 95899     |
|    policy_loss        | -2.59e+04 |
|    reward             | 966.9428  |
|    std                | 0.0298    |
|    value_loss         | 8.8e+06   |
-------------------------------------
EPISODE:  481
-------------------------------------
| time/                 |           |
|    fps                | 15        |
|    iterations         | 96000     |
|    time_elapsed       | 31572     |
|    total_timesteps    | 480000    |
| train/                |           |
|    entropy_loss       | 9.46      |
|    explained_variance | -1.19e-07 |
|    learning_rate      | 0.0007    |
|    n_updates          | 95999     |
|    policy_loss        | -2.58e+04 |
|    reward             | 944.5469  |
|    std                | 0.0298    |
|    value_loss         | 9e+06     |
-------------------------------------
------------------------------------
| time/                 |          |
|    fps                | 15       |
|    iterations         | 96100    |
|    time_elapsed       | 31606    |
|    total_timesteps    | 480500   |
| train/                |          |
|    entropy_loss       | 9.48     |
|    explained_variance | 0        |
|    learning_rate      | 0.0007   |
|    n_updates          | 96099    |
|    policy_loss        | -2.5e+04 |
|    reward             | 966.9428 |
|    std                | 0.0297   |
|    value_loss         | 8.8e+06  |
------------------------------------
EPISODE:  482
-------------------------------------
| time/                 |           |
|    fps                | 15        |
|    iterations         | 96200     |
|    time_elapsed       | 31640     |
|    total_timesteps    | 481000    |
| train/                |           |
|    entropy_loss       | 9.48      |
|    explained_variance | -1.19e-07 |
|    learning_rate      | 0.0007    |
|    n_updates          | 96199     |
|    policy_loss        | -2.64e+04 |
|    reward             | 944.5469  |
|    std                | 0.0295    |
|    value_loss         | 9e+06     |
-------------------------------------
-------------------------------------
| time/                 |           |
|    fps                | 15        |
|    iterations         | 96300     |
|    time_elapsed       | 31673     |
|    total_timesteps    | 481500    |
| train/                |           |
|    entropy_loss       | 9.49      |
|    explained_variance | -1.19e-07 |
|    learning_rate      | 0.0007    |
|    n_updates          | 96299     |
|    policy_loss        | -2.32e+04 |
|    reward             | 966.9428  |
|    std                | 0.0295    |
|    value_loss         | 8.8e+06   |
-------------------------------------
EPISODE:  483
------------------------------------
| time/                 |          |
|    fps                | 15       |
|    iterations         | 96400    |
|    time_elapsed       | 31706    |
|    total_timesteps    | 482000   |
| train/                |          |
|    entropy_loss       | 9.52     |
|    explained_variance | 5.96e-08 |
|    learning_rate      | 0.0007   |
|    n_updates          | 96399    |
|    policy_loss        | -2.7e+04 |
|    reward             | 944.5469 |
|    std                | 0.0293   |
|    value_loss         | 8.99e+06 |
------------------------------------
-------------------------------------
| time/                 |           |
|    fps                | 15        |
|    iterations         | 96500     |
|    time_elapsed       | 31739     |
|    total_timesteps    | 482500    |
| train/                |           |
|    entropy_loss       | 9.51      |
|    explained_variance | 1.79e-07  |
|    learning_rate      | 0.0007    |
|    n_updates          | 96499     |
|    policy_loss        | -2.65e+04 |
|    reward             | 966.9428  |
|    std                | 0.0294    |
|    value_loss         | 8.8e+06   |
-------------------------------------
EPISODE:  484
------------------------------------
| time/                 |          |
|    fps                | 15       |
|    iterations         | 96600    |
|    time_elapsed       | 31772    |
|    total_timesteps    | 483000   |
| train/                |          |
|    entropy_loss       | 9.52     |
|    explained_variance | 5.96e-08 |
|    learning_rate      | 0.0007   |
|    n_updates          | 96599    |
|    policy_loss        | -2.7e+04 |
|    reward             | 944.5469 |
|    std                | 0.0295   |
|    value_loss         | 8.99e+06 |
------------------------------------
-------------------------------------
| time/                 |           |
|    fps                | 15        |
|    iterations         | 96700     |
|    time_elapsed       | 31805     |
|    total_timesteps    | 483500    |
| train/                |           |
|    entropy_loss       | 9.53      |
|    explained_variance | 0         |
|    learning_rate      | 0.0007    |
|    n_updates          | 96699     |
|    policy_loss        | -2.59e+04 |
|    reward             | 966.9428  |
|    std                | 0.0293    |
|    value_loss         | 8.8e+06   |
-------------------------------------
EPISODE:  485
-------------------------------------
| time/                 |           |
|    fps                | 15        |
|    iterations         | 96800     |
|    time_elapsed       | 31838     |
|    total_timesteps    | 484000    |
| train/                |           |
|    entropy_loss       | 9.53      |
|    explained_variance | 0         |
|    learning_rate      | 0.0007    |
|    n_updates          | 96799     |
|    policy_loss        | -2.59e+04 |
|    reward             | 944.5469  |
|    std                | 0.0295    |
|    value_loss         | 8.99e+06  |
-------------------------------------
-------------------------------------
| time/                 |           |
|    fps                | 15        |
|    iterations         | 96900     |
|    time_elapsed       | 31871     |
|    total_timesteps    | 484500    |
| train/                |           |
|    entropy_loss       | 9.54      |
|    explained_variance | -1.19e-07 |
|    learning_rate      | 0.0007    |
|    n_updates          | 96899     |
|    policy_loss        | -2.65e+04 |
|    reward             | 966.9428  |
|    std                | 0.0297    |
|    value_loss         | 8.8e+06   |
-------------------------------------
EPISODE:  486
-------------------------------------
| time/                 |           |
|    fps                | 15        |
|    iterations         | 97000     |
|    time_elapsed       | 31904     |
|    total_timesteps    | 485000    |
| train/                |           |
|    entropy_loss       | 9.56      |
|    explained_variance | 0         |
|    learning_rate      | 0.0007    |
|    n_updates          | 96999     |
|    policy_loss        | -2.79e+04 |
|    reward             | 944.5469  |
|    std                | 0.0298    |
|    value_loss         | 8.99e+06  |
-------------------------------------
-------------------------------------
| time/                 |           |
|    fps                | 15        |
|    iterations         | 97100     |
|    time_elapsed       | 31938     |
|    total_timesteps    | 485500    |
| train/                |           |
|    entropy_loss       | 9.57      |
|    explained_variance | 0         |
|    learning_rate      | 0.0007    |
|    n_updates          | 97099     |
|    policy_loss        | -2.52e+04 |
|    reward             | 966.9428  |
|    std                | 0.03      |
|    value_loss         | 8.8e+06   |
-------------------------------------
EPISODE:  487
-------------------------------------
| time/                 |           |
|    fps                | 15        |
|    iterations         | 97200     |
|    time_elapsed       | 31971     |
|    total_timesteps    | 486000    |
| train/                |           |
|    entropy_loss       | 9.58      |
|    explained_variance | -1.19e-07 |
|    learning_rate      | 0.0007    |
|    n_updates          | 97199     |
|    policy_loss        | -2.83e+04 |
|    reward             | 944.5469  |
|    std                | 0.0299    |
|    value_loss         | 8.99e+06  |
-------------------------------------
-------------------------------------
| time/                 |           |
|    fps                | 15        |
|    iterations         | 97300     |
|    time_elapsed       | 32004     |
|    total_timesteps    | 486500    |
| train/                |           |
|    entropy_loss       | 9.58      |
|    explained_variance | 5.96e-08  |
|    learning_rate      | 0.0007    |
|    n_updates          | 97299     |
|    policy_loss        | -2.53e+04 |
|    reward             | 966.9428  |
|    std                | 0.0301    |
|    value_loss         | 8.8e+06   |
-------------------------------------
EPISODE:  488
-------------------------------------
| time/                 |           |
|    fps                | 15        |
|    iterations         | 97400     |
|    time_elapsed       | 32037     |
|    total_timesteps    | 487000    |
| train/                |           |
|    entropy_loss       | 9.59      |
|    explained_variance | -1.19e-07 |
|    learning_rate      | 0.0007    |
|    n_updates          | 97399     |
|    policy_loss        | -2.72e+04 |
|    reward             | 944.5469  |
|    std                | 0.0301    |
|    value_loss         | 8.99e+06  |
-------------------------------------
-------------------------------------
| time/                 |           |
|    fps                | 15        |
|    iterations         | 97500     |
|    time_elapsed       | 32070     |
|    total_timesteps    | 487500    |
| train/                |           |
|    entropy_loss       | 9.58      |
|    explained_variance | -1.19e-07 |
|    learning_rate      | 0.0007    |
|    n_updates          | 97499     |
|    policy_loss        | -2.44e+04 |
|    reward             | 966.9428  |
|    std                | 0.0303    |
|    value_loss         | 8.8e+06   |
-------------------------------------
EPISODE:  489
-------------------------------------
| time/                 |           |
|    fps                | 15        |
|    iterations         | 97600     |
|    time_elapsed       | 32103     |
|    total_timesteps    | 488000    |
| train/                |           |
|    entropy_loss       | 9.6       |
|    explained_variance | 1.79e-07  |
|    learning_rate      | 0.0007    |
|    n_updates          | 97599     |
|    policy_loss        | -2.73e+04 |
|    reward             | 944.5469  |
|    std                | 0.0301    |
|    value_loss         | 8.99e+06  |
-------------------------------------
-------------------------------------
| time/                 |           |
|    fps                | 15        |
|    iterations         | 97700     |
|    time_elapsed       | 32136     |
|    total_timesteps    | 488500    |
| train/                |           |
|    entropy_loss       | 9.6       |
|    explained_variance | -1.19e-07 |
|    learning_rate      | 0.0007    |
|    n_updates          | 97699     |
|    policy_loss        | -2.75e+04 |
|    reward             | 966.9428  |
|    std                | 0.0301    |
|    value_loss         | 8.8e+06   |
-------------------------------------
EPISODE:  490
-------------------------------------
| time/                 |           |
|    fps                | 15        |
|    iterations         | 97800     |
|    time_elapsed       | 32169     |
|    total_timesteps    | 489000    |
| train/                |           |
|    entropy_loss       | 9.6       |
|    explained_variance | -1.19e-07 |
|    learning_rate      | 0.0007    |
|    n_updates          | 97799     |
|    policy_loss        | -2.67e+04 |
|    reward             | 944.5469  |
|    std                | 0.0303    |
|    value_loss         | 8.99e+06  |
-------------------------------------
------------------------------------
| time/                 |          |
|    fps                | 15       |
|    iterations         | 97900    |
|    time_elapsed       | 32202    |
|    total_timesteps    | 489500   |
| train/                |          |
|    entropy_loss       | 9.61     |
|    explained_variance | 0        |
|    learning_rate      | 0.0007   |
|    n_updates          | 97899    |
|    policy_loss        | -2.6e+04 |
|    reward             | 966.9428 |
|    std                | 0.0302   |
|    value_loss         | 8.8e+06  |
------------------------------------
EPISODE:  491
-------------------------------------
| time/                 |           |
|    fps                | 15        |
|    iterations         | 98000     |
|    time_elapsed       | 32235     |
|    total_timesteps    | 490000    |
| train/                |           |
|    entropy_loss       | 9.62      |
|    explained_variance | 0         |
|    learning_rate      | 0.0007    |
|    n_updates          | 97999     |
|    policy_loss        | -2.61e+04 |
|    reward             | 944.5469  |
|    std                | 0.0303    |
|    value_loss         | 8.99e+06  |
-------------------------------------
-------------------------------------
| time/                 |           |
|    fps                | 15        |
|    iterations         | 98100     |
|    time_elapsed       | 32268     |
|    total_timesteps    | 490500    |
| train/                |           |
|    entropy_loss       | 9.62      |
|    explained_variance | 1.79e-07  |
|    learning_rate      | 0.0007    |
|    n_updates          | 98099     |
|    policy_loss        | -2.56e+04 |
|    reward             | 966.9428  |
|    std                | 0.0301    |
|    value_loss         | 8.8e+06   |
-------------------------------------
EPISODE:  492
-------------------------------------
| time/                 |           |
|    fps                | 15        |
|    iterations         | 98200     |
|    time_elapsed       | 32301     |
|    total_timesteps    | 491000    |
| train/                |           |
|    entropy_loss       | 9.63      |
|    explained_variance | 0         |
|    learning_rate      | 0.0007    |
|    n_updates          | 98199     |
|    policy_loss        | -2.76e+04 |
|    reward             | 944.5469  |
|    std                | 0.03      |
|    value_loss         | 8.99e+06  |
-------------------------------------
-------------------------------------
| time/                 |           |
|    fps                | 15        |
|    iterations         | 98300     |
|    time_elapsed       | 32335     |
|    total_timesteps    | 491500    |
| train/                |           |
|    entropy_loss       | 9.63      |
|    explained_variance | 0         |
|    learning_rate      | 0.0007    |
|    n_updates          | 98299     |
|    policy_loss        | -2.63e+04 |
|    reward             | 966.9428  |
|    std                | 0.03      |
|    value_loss         | 8.8e+06   |
-------------------------------------
EPISODE:  493
-------------------------------------
| time/                 |           |
|    fps                | 15        |
|    iterations         | 98400     |
|    time_elapsed       | 32368     |
|    total_timesteps    | 492000    |
| train/                |           |
|    entropy_loss       | 9.64      |
|    explained_variance | 0         |
|    learning_rate      | 0.0007    |
|    n_updates          | 98399     |
|    policy_loss        | -2.63e+04 |
|    reward             | 944.5469  |
|    std                | 0.03      |
|    value_loss         | 8.99e+06  |
-------------------------------------
-------------------------------------
| time/                 |           |
|    fps                | 15        |
|    iterations         | 98500     |
|    time_elapsed       | 32401     |
|    total_timesteps    | 492500    |
| train/                |           |
|    entropy_loss       | 9.65      |
|    explained_variance | 5.96e-08  |
|    learning_rate      | 0.0007    |
|    n_updates          | 98499     |
|    policy_loss        | -2.71e+04 |
|    reward             | 966.9428  |
|    std                | 0.03      |
|    value_loss         | 8.8e+06   |
-------------------------------------
EPISODE:  494
-------------------------------------
| time/                 |           |
|    fps                | 15        |
|    iterations         | 98600     |
|    time_elapsed       | 32434     |
|    total_timesteps    | 493000    |
| train/                |           |
|    entropy_loss       | 9.65      |
|    explained_variance | -1.19e-07 |
|    learning_rate      | 0.0007    |
|    n_updates          | 98599     |
|    policy_loss        | -2.54e+04 |
|    reward             | 944.5469  |
|    std                | 0.03      |
|    value_loss         | 8.99e+06  |
-------------------------------------
-------------------------------------
| time/                 |           |
|    fps                | 15        |
|    iterations         | 98700     |
|    time_elapsed       | 32467     |
|    total_timesteps    | 493500    |
| train/                |           |
|    entropy_loss       | 9.65      |
|    explained_variance | 5.96e-08  |
|    learning_rate      | 0.0007    |
|    n_updates          | 98699     |
|    policy_loss        | -2.72e+04 |
|    reward             | 966.9428  |
|    std                | 0.03      |
|    value_loss         | 8.8e+06   |
-------------------------------------
EPISODE:  495
-------------------------------------
| time/                 |           |
|    fps                | 15        |
|    iterations         | 98800     |
|    time_elapsed       | 32500     |
|    total_timesteps    | 494000    |
| train/                |           |
|    entropy_loss       | 9.67      |
|    explained_variance | 1.79e-07  |
|    learning_rate      | 0.0007    |
|    n_updates          | 98799     |
|    policy_loss        | -2.62e+04 |
|    reward             | 944.5469  |
|    std                | 0.0298    |
|    value_loss         | 8.99e+06  |
-------------------------------------
-------------------------------------
| time/                 |           |
|    fps                | 15        |
|    iterations         | 98900     |
|    time_elapsed       | 32534     |
|    total_timesteps    | 494500    |
| train/                |           |
|    entropy_loss       | 9.67      |
|    explained_variance | 0         |
|    learning_rate      | 0.0007    |
|    n_updates          | 98899     |
|    policy_loss        | -2.71e+04 |
|    reward             | 966.9428  |
|    std                | 0.0298    |
|    value_loss         | 8.8e+06   |
-------------------------------------
EPISODE:  496
-------------------------------------
| time/                 |           |
|    fps                | 15        |
|    iterations         | 99000     |
|    time_elapsed       | 32567     |
|    total_timesteps    | 495000    |
| train/                |           |
|    entropy_loss       | 9.68      |
|    explained_variance | 0         |
|    learning_rate      | 0.0007    |
|    n_updates          | 98999     |
|    policy_loss        | -2.84e+04 |
|    reward             | 944.5469  |
|    std                | 0.0298    |
|    value_loss         | 8.99e+06  |
-------------------------------------
-------------------------------------
| time/                 |           |
|    fps                | 15        |
|    iterations         | 99100     |
|    time_elapsed       | 32600     |
|    total_timesteps    | 495500    |
| train/                |           |
|    entropy_loss       | 9.7       |
|    explained_variance | -1.19e-07 |
|    learning_rate      | 0.0007    |
|    n_updates          | 99099     |
|    policy_loss        | -2.7e+04  |
|    reward             | 966.9428  |
|    std                | 0.0294    |
|    value_loss         | 8.8e+06   |
-------------------------------------
EPISODE:  497
-------------------------------------
| time/                 |           |
|    fps                | 15        |
|    iterations         | 99200     |
|    time_elapsed       | 32634     |
|    total_timesteps    | 496000    |
| train/                |           |
|    entropy_loss       | 9.71      |
|    explained_variance | -1.19e-07 |
|    learning_rate      | 0.0007    |
|    n_updates          | 99199     |
|    policy_loss        | -2.61e+04 |
|    reward             | 944.5469  |
|    std                | 0.0294    |
|    value_loss         | 8.99e+06  |
-------------------------------------
-------------------------------------
| time/                 |           |
|    fps                | 15        |
|    iterations         | 99300     |
|    time_elapsed       | 32667     |
|    total_timesteps    | 496500    |
| train/                |           |
|    entropy_loss       | 9.71      |
|    explained_variance | 5.96e-08  |
|    learning_rate      | 0.0007    |
|    n_updates          | 99299     |
|    policy_loss        | -2.59e+04 |
|    reward             | 966.9428  |
|    std                | 0.0294    |
|    value_loss         | 8.8e+06   |
-------------------------------------
EPISODE:  498
------------------------------------
| time/                 |          |
|    fps                | 15       |
|    iterations         | 99400    |
|    time_elapsed       | 32700    |
|    total_timesteps    | 497000   |
| train/                |          |
|    entropy_loss       | 9.71     |
|    explained_variance | 0        |
|    learning_rate      | 0.0007   |
|    n_updates          | 99399    |
|    policy_loss        | -2.6e+04 |
|    reward             | 944.5469 |
|    std                | 0.0294   |
|    value_loss         | 8.99e+06 |
------------------------------------
-------------------------------------
| time/                 |           |
|    fps                | 15        |
|    iterations         | 99500     |
|    time_elapsed       | 32733     |
|    total_timesteps    | 497500    |
| train/                |           |
|    entropy_loss       | 9.71      |
|    explained_variance | 5.96e-08  |
|    learning_rate      | 0.0007    |
|    n_updates          | 99499     |
|    policy_loss        | -2.39e+04 |
|    reward             | 966.9428  |
|    std                | 0.0293    |
|    value_loss         | 8.8e+06   |
-------------------------------------
EPISODE:  499
-------------------------------------
| time/                 |           |
|    fps                | 15        |
|    iterations         | 99600     |
|    time_elapsed       | 32766     |
|    total_timesteps    | 498000    |
| train/                |           |
|    entropy_loss       | 9.72      |
|    explained_variance | 0         |
|    learning_rate      | 0.0007    |
|    n_updates          | 99599     |
|    policy_loss        | -2.72e+04 |
|    reward             | 944.5469  |
|    std                | 0.0293    |
|    value_loss         | 8.99e+06  |
-------------------------------------
-------------------------------------
| time/                 |           |
|    fps                | 15        |
|    iterations         | 99700     |
|    time_elapsed       | 32799     |
|    total_timesteps    | 498500    |
| train/                |           |
|    entropy_loss       | 9.73      |
|    explained_variance | -1.19e-07 |
|    learning_rate      | 0.0007    |
|    n_updates          | 99699     |
|    policy_loss        | -2.63e+04 |
|    reward             | 966.9428  |
|    std                | 0.0293    |
|    value_loss         | 8.8e+06   |
-------------------------------------
EPISODE:  500
-------------------------------------
| time/                 |           |
|    fps                | 15        |
|    iterations         | 99800     |
|    time_elapsed       | 32832     |
|    total_timesteps    | 499000    |
| train/                |           |
|    entropy_loss       | 9.74      |
|    explained_variance | 0         |
|    learning_rate      | 0.0007    |
|    n_updates          | 99799     |
|    policy_loss        | -2.68e+04 |
|    reward             | 944.5469  |
|    std                | 0.0293    |
|    value_loss         | 8.99e+06  |
-------------------------------------
-------------------------------------
| time/                 |           |
|    fps                | 15        |
|    iterations         | 99900     |
|    time_elapsed       | 32863     |
|    total_timesteps    | 499500    |
| train/                |           |
|    entropy_loss       | 9.74      |
|    explained_variance | -1.19e-07 |
|    learning_rate      | 0.0007    |
|    n_updates          | 99899     |
|    policy_loss        | -2.53e+04 |
|    reward             | 966.9428  |
|    std                | 0.0293    |
|    value_loss         | 8.8e+06   |
-------------------------------------
EPISODE:  501
-------------------------------------
| time/                 |           |
|    fps                | 15        |
|    iterations         | 100000    |
|    time_elapsed       | 32889     |
|    total_timesteps    | 500000    |
| train/                |           |
|    entropy_loss       | 9.73      |
|    explained_variance | -1.19e-07 |
|    learning_rate      | 0.0007    |
|    n_updates          | 99999     |
|    policy_loss        | -2.62e+04 |
|    reward             | 944.5469  |
|    std                | 0.0295    |
|    value_loss         | 8.99e+06  |
-------------------------------------
Saved episode log to Results/4_1/a2c/periodic/training_logs/07.csv
